JDAY,PRECIP
1995-10-01,0.0
1995-10-02,0.0
1995-10-03,0.0
1995-10-04,0.0
1995-10-05,0.0
1995-10-06,0.0
1995-10-07,0.0
1995-10-08,0.0
1995-10-09,0.0
1995-10-10,0.0
1995-10-11,4.1206677e-05
1995-10-12,3.7087335e-07
1995-10-13,0.0
1995-10-14,0.0
1995-10-15,0.0
1995-10-16,0.0
1995-10-17,0.0
1995-10-18,0.0
1995-10-19,0.0
1995-10-20,0.0
1995-10-21,0.0
1995-10-22,0.0
1995-10-23,5.298191e-07
1995-10-24,0.0
1995-10-25,0.0
1995-10-26,3.0517578e-05
1995-10-27,0.0
1995-10-28,0.0
1995-10-29,0.0
1995-10-30,0.0
1995-10-31,0.0
1995-11-01,9.271834e-08
1995-11-02,0.0
1995-11-03,0.0
1995-11-04,0.0
1995-11-05,2.5166406e-07
1995-11-06,0.0
1995-11-07,0.0
1995-11-08,9.444025e-06
1995-11-09,4.3339198e-05
1995-11-10,0.0
1995-11-11,1.5629662e-06
1995-11-12,5.218718e-06
1995-11-13,0.0
1995-11-14,0.0
1995-11-15,0.0
1995-11-16,5.695555e-07
1995-11-17,0.0
1995-11-18,5.4862765e-05
1995-11-19,0.0
1995-11-20,0.0
1995-11-21,1.6437636e-05
1995-11-22,6.7949295e-06
1995-11-23,0.0
1995-11-24,0.0
1995-11-25,0.00024444528
1995-11-26,1.9245677e-05
1995-11-27,6.7949295e-06
1995-11-28,4.6359168e-07
1995-11-29,0.0
1995-11-30,4.014704e-05
1995-12-01,0.0010066429
1995-12-02,1.2358029e-05
1995-12-03,0.00018771489
1995-12-04,0.0008313523
1995-12-05,0.000823458
1995-12-06,0.00022856395
1995-12-07,0.00032209026
1995-12-08,8.185704e-06
1995-12-09,6.225374e-07
1995-12-10,0.0008456442
1995-12-11,0.0026711887
1995-12-12,0.005411201
1995-12-13,0.0013554759
1995-12-14,0.00030814277
1995-12-15,0.0021138059
1995-12-16,1.0993746e-06
1995-12-17,0.0
1995-12-18,1.3139513e-05
1995-12-19,1.3245477e-08
1995-12-20,1.9868214e-07
1995-12-21,0.0
1995-12-22,3.784233e-05
1995-12-23,1.8543668e-07
1995-12-24,0.0
1995-12-25,0.0
1995-12-26,0.0
1995-12-27,0.00017420451
1995-12-28,0.00015555488
1995-12-29,0.0011633635
1995-12-30,0.00076568127
1995-12-31,0.00018359555
1996-01-01,0.0
1996-01-02,0.0
1996-01-03,4.014704e-05
1996-01-04,5.0796403e-05
1996-01-05,0.000102082886
1996-01-06,5.2981907e-08
1996-01-07,0.0
1996-01-08,2.9140048e-07
1996-01-09,0.00054229633
1996-01-10,3.973643e-08
1996-01-11,0.0
1996-01-12,0.0
1996-01-13,0.0
1996-01-14,0.0
1996-01-15,0.0010305113
1996-01-16,0.002263215
1996-01-17,1.920594e-06
1996-01-18,0.0011545685
1996-01-19,0.0001832909
1996-01-20,0.0009346538
1996-01-21,0.00050577853
1996-01-22,7.016129e-05
1996-01-23,0.00044535266
1996-01-24,0.0017155939
1996-01-25,5.0293074e-05
1996-01-26,9.8903976e-05
1996-01-27,0.0023443566
1996-01-28,1.1404355e-05
1996-01-29,0.0003057056
1996-01-30,0.0003342496
1996-01-31,0.000107593005
1996-02-01,0.0
1996-02-02,8.919504e-05
1996-02-03,0.00010316902
1996-02-04,0.002348688
1996-02-05,0.0015116135
1996-02-06,0.0001765622
1996-02-07,5.5273373e-05
1996-02-08,4.9538085e-06
1996-02-09,3.33786e-06
1996-02-10,5.2716996e-06
1996-02-11,0.0
1996-02-12,0.0
1996-02-13,0.0
1996-02-14,0.0
1996-02-15,0.0
1996-02-16,0.0006510284
1996-02-17,0.0017717811
1996-02-18,0.0012181732
1996-02-19,0.0019968615
1996-02-20,0.0015655756
1996-02-21,0.0017902454
1996-02-22,5.8200625e-05
1996-02-23,0.0002035035
1996-02-24,0.0003125138
1996-02-25,1.8146303e-06
1996-02-26,2.78155e-07
1996-02-27,0.0001858208
1996-02-28,0.0011277994
1996-02-29,0.0016147428
1996-03-01,2.9934777e-06
1996-03-02,0.0
1996-03-03,0.00017368793
1996-03-04,0.00148703
1996-03-05,0.0003849268
1996-03-06,0.0
1996-03-07,3.2557382e-05
1996-03-08,1.5894572e-07
1996-03-09,0.0
1996-03-10,0.00047886372
1996-03-11,0.001342853
1996-03-12,0.0002570417
1996-03-13,1.1920929e-07
1996-03-14,0.0
1996-03-15,0.0
1996-03-16,0.0
1996-03-17,0.0
1996-03-18,0.0
1996-03-19,0.0
1996-03-20,2.6755863e-06
1996-03-21,1.920594e-06
1996-03-22,3.412697e-05
1996-03-23,3.8279427e-06
1996-03-24,0.0
1996-03-25,7.953909e-05
1996-03-26,0.0
1996-03-27,0.00044080947
1996-03-28,0.00043847825
1996-03-29,0.0
1996-03-30,1.695421e-06
1996-03-31,2.1908018e-05
1996-04-01,0.001942118
1996-04-02,0.00020537112
1996-04-03,4.6041278e-05
1996-04-04,0.0
1996-04-05,0.0
1996-04-06,0.0
1996-04-07,0.0
1996-04-08,4.6359168e-07
1996-04-09,0.00010332796
1996-04-10,3.1868618e-05
1996-04-11,2.9246012e-05
1996-04-12,4.3736563e-05
1996-04-13,0.0
1996-04-14,0.0
1996-04-15,0.000109910965
1996-04-16,0.0008745723
1996-04-17,0.00033771992
1996-04-18,0.00032762685
1996-04-19,0.0003296137
1996-04-20,3.7286016e-05
1996-04-21,0.00010897053
1996-04-22,0.00018571483
1996-04-23,7.367134e-05
1996-04-24,0.000594404
1996-04-25,0.0
1996-04-26,0.0
1996-04-27,0.0
1996-04-28,0.0
1996-04-29,0.0
1996-04-30,0.0
1996-05-01,0.0
1996-05-02,0.0
1996-05-03,0.0
1996-05-04,0.0
1996-05-05,0.0
1996-05-06,0.0
1996-05-07,0.0
1996-05-08,3.973643e-08
1996-05-09,0.0
1996-05-10,0.0
1996-05-11,0.0
1996-05-12,0.0
1996-05-13,1.0940764e-05
1996-05-14,0.00017098586
1996-05-15,0.0005920331
1996-05-16,0.0012530221
1996-05-17,0.0012215773
1996-05-18,0.0017022954
1996-05-19,3.074275e-05
1996-05-20,0.0
1996-05-21,0.00075181323
1996-05-22,0.00020440419
1996-05-23,3.311369e-07
1996-05-24,0.0
1996-05-25,0.0
1996-05-26,4.107422e-05
1996-05-27,0.00061167614
1996-05-28,2.2119946e-06
1996-05-29,5.192227e-06
1996-05-30,4.9008264e-07
1996-05-31,0.0
1996-06-01,0.0
1996-06-02,0.0
1996-06-03,0.0
1996-06-04,0.0
1996-06-05,0.0
1996-06-06,0.0
1996-06-07,0.0
1996-06-08,0.0
1996-06-09,0.0
1996-06-10,0.0
1996-06-11,0.0
1996-06-12,0.0
1996-06-13,1.05963814e-07
1996-06-14,0.0
1996-06-15,5.2981907e-08
1996-06-16,0.0
1996-06-17,0.0
1996-06-18,0.0
1996-06-19,0.0
1996-06-20,4.30478e-06
1996-06-21,2.4371677e-06
1996-06-22,0.0
1996-06-23,6.8876477e-07
1996-06-24,2.0689435e-05
1996-06-25,4.655785e-05
1996-06-26,4.4001474e-05
1996-06-27,6.6916145e-05
1996-06-28,7.947286e-08
1996-06-29,0.0
1996-06-30,0.0
1996-07-01,0.0
1996-07-02,0.0
1996-07-03,0.0
1996-07-04,0.0
1996-07-05,0.0
1996-07-06,0.0
1996-07-07,0.0
1996-07-08,0.0
1996-07-09,0.0
1996-07-10,0.0
1996-07-11,0.0
1996-07-12,0.0
1996-07-13,1.3245477e-07
1996-07-14,4.529953e-06
1996-07-15,5.1140785e-05
1996-07-16,5.947219e-06
1996-07-17,1.0199017e-06
1996-07-18,1.0808309e-05
1996-07-19,0.0
1996-07-20,0.0
1996-07-21,0.0
1996-07-22,0.0
1996-07-23,0.0
1996-07-24,0.0
1996-07-25,0.0
1996-07-26,0.0
1996-07-27,0.0
1996-07-28,3.7617152e-05
1996-07-29,1.751052e-05
1996-07-30,1.8543668e-07
1996-07-31,0.0
1996-08-01,0.0
1996-08-02,0.0
1996-08-03,0.0
1996-08-04,0.0
1996-08-05,0.0
1996-08-06,0.0
1996-08-07,0.0
1996-08-08,0.0
1996-08-09,0.0
1996-08-10,0.0
1996-08-11,0.0
1996-08-12,7.285012e-07
1996-08-13,8.185705e-05
1996-08-14,5.2981907e-08
1996-08-15,0.0
1996-08-16,0.0
1996-08-17,0.0
1996-08-18,0.0
1996-08-19,7.947286e-08
1996-08-20,0.0
1996-08-21,0.0
1996-08-22,0.0
1996-08-23,0.0
1996-08-24,2.3841858e-07
1996-08-25,0.0
1996-08-26,2.6490953e-08
1996-08-27,0.0
1996-08-28,0.0
1996-08-29,0.0
1996-08-30,0.0
1996-08-31,0.0
1996-09-01,0.0
1996-09-02,0.0
1996-09-03,0.0
1996-09-04,0.0
1996-09-05,0.0
1996-09-06,0.0
1996-09-07,0.0
1996-09-08,0.0
1996-09-09,0.0
1996-09-10,0.0
1996-09-11,0.0
1996-09-12,4.198816e-06
1996-09-13,0.00017103885
1996-09-14,2.7285682e-06
1996-09-15,0.0005846421
1996-09-16,2.1192763e-07
1996-09-17,0.0
1996-09-18,0.0
1996-09-19,0.0
1996-09-20,0.0
1996-09-21,0.0
1996-09-22,0.0
1996-09-23,0.0
1996-09-24,0.0
1996-09-25,0.0
1996-09-26,0.0
1996-09-27,0.0
1996-09-28,0.0
1996-09-29,0.0
1996-09-30,0.0
1996-10-01,0.0
1996-10-02,0.0
1996-10-03,0.0
1996-10-04,0.0
1996-10-05,0.0
1996-10-06,0.0
1996-10-07,0.0
1996-10-08,0.0
1996-10-09,0.0
1996-10-10,0.0
1996-10-11,8.000268e-06
1996-10-12,1.8013848e-06
1996-10-13,2.0967589e-05
1996-10-14,0.0
1996-10-15,0.0
1996-10-16,0.0
1996-10-17,0.0
1996-10-18,0.00024278958
1996-10-19,2.4901496e-05
1996-10-20,0.0
1996-10-21,0.0
1996-10-22,1.4609761e-05
1996-10-23,8.477105e-07
1996-10-24,0.00036047565
1996-10-25,0.00013007058
1996-10-26,2.1192763e-07
1996-10-27,0.0
1996-10-28,0.0
1996-10-29,0.0016233656
1996-10-30,8.424123e-06
1996-10-31,7.947286e-07
1996-11-01,0.0
1996-11-02,0.0
1996-11-03,0.0
1996-11-04,0.000109910965
1996-11-05,0.0
1996-11-06,0.0
1996-11-07,0.0
1996-11-08,0.0
1996-11-09,0.0
1996-11-10,0.0
1996-11-11,0.0
1996-11-12,1.8278757e-06
1996-11-13,1.8543668e-07
1996-11-14,2.251731e-07
1996-11-15,2.3206076e-05
1996-11-16,0.00019649665
1996-11-17,0.0010408825
1996-11-18,0.0023856296
1996-11-19,0.002333098
1996-11-20,0.00069679157
1996-11-21,0.000480228
1996-11-22,0.0024516184
1996-11-23,2.6490953e-08
1996-11-24,0.000120162964
1996-11-25,8.05325e-06
1996-11-26,0.0
1996-11-27,0.0
1996-11-28,5.0081147e-05
1996-11-29,1.3245477e-07
1996-11-30,6.914139e-06
1996-12-01,0.00030042065
1996-12-02,9.271834e-08
1996-12-03,1.3245477e-05
1996-12-04,0.0009188785
1996-12-05,0.0016531018
1996-12-06,0.0003932582
1996-12-07,0.001100315
1996-12-08,0.0011546744
1996-12-09,0.0016612344
1996-12-10,0.0019905965
1996-12-11,0.00081606704
1996-12-12,0.00025267072
1996-12-13,0.00064651173
1996-12-14,0.0
1996-12-15,0.0
1996-12-16,0.0
1996-12-17,0.0
1996-12-18,0.0
1996-12-19,0.0
1996-12-20,0.00042772293
1996-12-21,0.000630286
1996-12-22,0.0009827481
1996-12-23,0.0004247427
1996-12-24,6.172392e-06
1996-12-25,6.026692e-06
1996-12-26,0.0013073815
1996-12-27,0.0014539295
1996-12-28,0.0013071431
1996-12-29,0.0029558341
1996-12-30,0.0025921399
1996-12-31,0.0031691657
1997-01-01,0.0035832855
1997-01-02,0.0013581249
1997-01-03,0.00041243766
1997-01-04,0.0
1997-01-05,1.7219119e-07
1997-01-06,0.0
1997-01-07,0.0
1997-01-08,0.0
1997-01-09,0.0
1997-01-10,0.0
1997-01-11,0.0
1997-01-12,7.0068572e-06
1997-01-13,0.0
1997-01-14,0.0
1997-01-15,2.790822e-05
1997-01-16,3.5590594e-05
1997-01-17,0.00017646949
1997-01-18,0.0
1997-01-19,6.6227384e-09
1997-01-20,0.00044331286
1997-01-21,0.0011421177
1997-01-22,0.0014871226
1997-01-23,1.8146303e-06
1997-01-24,4.9882467e-05
1997-01-25,0.0025396347
1997-01-26,0.0021893845
1997-01-27,0.00031171905
1997-01-28,0.0007280376
1997-01-29,1.3245477e-08
1997-01-30,0.0
1997-01-31,0.00022306707
1997-02-01,9.5804535e-05
1997-02-02,0.0
1997-02-03,1.7748939e-06
1997-02-04,0.0002499024
1997-02-05,0.0
1997-02-06,0.0
1997-02-07,0.00014742215
1997-02-08,1.0993746e-06
1997-02-09,0.000101036494
1997-02-10,8.1830556e-05
1997-02-11,0.0
1997-02-12,9.828143e-06
1997-02-13,0.0
1997-02-14,0.0
1997-02-15,0.0
1997-02-16,0.0
1997-02-17,0.00060196716
1997-02-18,0.0
1997-02-19,0.0001446936
1997-02-20,0.0
1997-02-21,1.2026892e-05
1997-02-22,0.0
1997-02-23,0.0
1997-02-24,0.0
1997-02-25,0.0
1997-02-26,1.3245477e-08
1997-02-27,3.0557316e-05
1997-02-28,3.5762787e-07
1997-03-01,3.4835602e-06
1997-03-02,0.0013581647
1997-03-03,0.00011048052
1997-03-04,0.0
1997-03-05,0.0
1997-03-06,7.881059e-06
1997-03-07,0.0
1997-03-08,7.947286e-08
1997-03-09,0.0
1997-03-10,0.0
1997-03-11,0.0
1997-03-12,2.6490953e-08
1997-03-13,0.0
1997-03-14,0.0
1997-03-15,8.013513e-06
1997-03-16,0.0005884303
1997-03-17,0.00063269667
1997-03-18,1.3245477e-07
1997-03-19,0.0
1997-03-20,0.00012675922
1997-03-21,3.3113693e-06
1997-03-22,5.298191e-07
1997-03-23,2.6490953e-08
1997-03-24,0.0
1997-03-25,0.0
1997-03-26,2.0662944e-06
1997-03-27,0.0
1997-03-28,1.0596382e-06
1997-03-29,0.0
1997-03-30,5.923377e-05
1997-03-31,3.045135e-05
1997-04-01,2.1192763e-07
1997-04-02,0.0
1997-04-03,0.0
1997-04-04,0.0
1997-04-05,0.0
1997-04-06,3.8014518e-06
1997-04-07,2.7219454e-05
1997-04-08,4.3988228e-05
1997-04-09,1.0901027e-05
1997-04-10,7.947286e-08
1997-04-11,0.0
1997-04-12,0.0
1997-04-13,4.781617e-06
1997-04-14,9.351306e-06
1997-04-15,1.7219119e-07
1997-04-16,3.7219788e-06
1997-04-17,3.390842e-05
1997-04-18,0.00062930584
1997-04-19,0.00055370067
1997-04-20,0.00040553676
1997-04-21,0.000119805336
1997-04-22,4.2094125e-05
1997-04-23,0.00036899248
1997-04-24,2.6490953e-08
1997-04-25,0.0
1997-04-26,0.0
1997-04-27,1.6159481e-06
1997-04-28,2.102057e-05
1997-04-29,9.4042883e-07
1997-04-30,1.9934443e-05
1997-05-01,0.0
1997-05-02,0.0
1997-05-03,5.098184e-05
1997-05-04,0.0
1997-05-05,0.0
1997-05-06,0.0
1997-05-07,0.0
1997-05-08,0.0
1997-05-09,0.0
1997-05-10,3.973643e-08
1997-05-11,8.477105e-07
1997-05-12,0.0
1997-05-13,4.132589e-06
1997-05-14,1.8543668e-07
1997-05-15,0.0
1997-05-16,2.7921466e-05
1997-05-17,7.947286e-08
1997-05-18,0.0
1997-05-19,0.0
1997-05-20,0.0
1997-05-21,0.0
1997-05-22,0.0
1997-05-23,0.00046500895
1997-05-24,5.8174133e-05
1997-05-25,0.0
1997-05-26,1.417266e-06
1997-05-27,1.443757e-05
1997-05-28,2.7418137e-05
1997-05-29,6.357829e-07
1997-05-30,0.0
1997-05-31,1.14838285e-05
1997-06-01,3.74847e-06
1997-06-02,0.0
1997-06-03,0.0005098979
1997-06-04,0.00094715756
1997-06-05,8.424123e-06
1997-06-06,0.0
1997-06-07,3.6319096e-05
1997-06-08,1.0066562e-06
1997-06-09,0.00020954345
1997-06-10,0.00020851029
1997-06-11,0.00012866656
1997-06-12,9.682443e-06
1997-06-13,2.9140048e-07
1997-06-14,0.0
1997-06-15,7.947286e-08
1997-06-16,0.0
1997-06-17,0.0
1997-06-18,0.0
1997-06-19,0.0
1997-06-20,0.0
1997-06-21,0.0
1997-06-22,0.0
1997-06-23,0.0
1997-06-24,0.0
1997-06-25,0.0
1997-06-26,0.0
1997-06-27,0.0
1997-06-28,2.1206008e-05
1997-06-29,5.2054725e-06
1997-06-30,0.00083421334
1997-07-01,9.4042883e-07
1997-07-02,6.11941e-06
1997-07-03,0.0
1997-07-04,0.0
1997-07-05,0.0
1997-07-06,0.0
1997-07-07,0.0
1997-07-08,0.0
1997-07-09,2.430545e-05
1997-07-10,0.0
1997-07-11,0.0
1997-07-12,0.0
1997-07-13,0.0
1997-07-14,0.0
1997-07-15,0.0
1997-07-16,0.0
1997-07-17,1.8941032e-06
1997-07-18,0.0
1997-07-19,0.0
1997-07-20,0.0
1997-07-21,0.0
1997-07-22,0.0
1997-07-23,0.0
1997-07-24,2.6226044e-06
1997-07-25,0.0
1997-07-26,2.1192763e-07
1997-07-27,0.0
1997-07-28,0.0
1997-07-29,1.2119611e-05
1997-07-30,6.053183e-06
1997-07-31,0.0
1997-08-01,0.0
1997-08-02,0.0
1997-08-03,0.0
1997-08-04,0.0
1997-08-05,0.0
1997-08-06,0.0
1997-08-07,0.0
1997-08-08,0.0
1997-08-09,5.7485368e-06
1997-08-10,1.4887915e-05
1997-08-11,4.1060977e-07
1997-08-12,0.0
1997-08-13,0.0
1997-08-14,0.0
1997-08-15,0.0
1997-08-16,0.0
1997-08-17,0.0
1997-08-18,0.0
1997-08-19,0.0
1997-08-20,0.001243896
1997-08-21,5.9604645e-07
1997-08-22,0.0
1997-08-23,4.1060977e-07
1997-08-24,0.0006145239
1997-08-25,0.0
1997-08-26,4.675653e-06
1997-08-27,1.223882e-05
1997-08-28,0.0
1997-08-29,0.0
1997-08-30,0.0
1997-08-31,7.947286e-08
1997-09-01,0.0
1997-09-02,3.390842e-05
1997-09-03,4.1590797e-06
1997-09-04,0.0
1997-09-05,1.66893e-06
1997-09-06,0.0
1997-09-07,0.0
1997-09-08,0.0
1997-09-09,8.985731e-05
1997-09-10,4.6624077e-06
1997-09-11,1.0106299e-05
1997-09-12,1.05963814e-07
1997-09-13,1.0596382e-06
1997-09-14,0.0011641847
1997-09-15,0.00020342403
1997-09-16,0.0
1997-09-17,0.00014893214
1997-09-18,9.271834e-08
1997-09-19,2.6490953e-08
1997-09-20,0.0
1997-09-21,0.0
1997-09-22,0.0
1997-09-23,0.0
1997-09-24,1.9868214e-06
1997-09-25,0.0
1997-09-26,3.2186508e-06
1997-09-27,0.0
1997-09-28,0.0
1997-09-29,0.0
1997-09-30,0.0
1997-10-01,0.0
1997-10-02,0.00081063644
1997-10-03,2.9140048e-07
1997-10-04,3.8411883e-07
1997-10-05,0.0
1997-10-06,4.8187045e-05
1997-10-07,8.34465e-07
1997-10-08,0.0009681781
1997-10-09,0.0015299717
1997-10-10,8.773804e-05
1997-10-11,3.7087335e-07
1997-10-12,0.0
1997-10-13,0.0
1997-10-14,0.0
1997-10-15,0.0
1997-10-16,0.0
1997-10-17,0.0
1997-10-18,0.0
1997-10-19,0.0
1997-10-20,0.0
1997-10-21,0.0
1997-10-22,0.0
1997-10-23,8.106232e-06
1997-10-24,0.0
1997-10-25,0.0
1997-10-26,0.0
1997-10-27,0.0
1997-10-28,0.0
1997-10-29,0.00012000402
1997-10-30,0.00012759368
1997-10-31,0.00011560652
1997-11-01,1.3245477e-08
1997-11-02,0.0
1997-11-03,0.0
1997-11-04,0.0
1997-11-05,0.0
1997-11-06,0.00036128363
1997-11-07,0.0006438229
1997-11-08,1.5364753e-06
1997-11-09,3.0464597e-07
1997-11-10,0.00018805928
1997-11-11,0.0003807015
1997-11-12,9.4042883e-07
1997-11-13,0.00044837262
1997-11-14,0.00035627684
1997-11-15,0.0005258057
1997-11-16,0.001063135
1997-11-17,0.00059135753
1997-11-18,9.187063e-05
1997-11-19,0.0013728009
1997-11-20,9.353956e-05
1997-11-21,9.854634e-06
1997-11-22,2.1802054e-05
1997-11-23,0.0006316106
1997-11-24,0.00125183
1997-11-25,0.0003570583
1997-11-26,0.0013080306
1997-11-27,0.0002506044
1997-11-28,6.993612e-06
1997-11-29,0.00024873682
1997-11-30,0.0006978379
1997-12-01,0.0
1997-12-02,0.0
1997-12-03,4.4372347e-05
1997-12-04,8.793672e-05
1997-12-05,0.000119169556
1997-12-06,3.0729505e-05
1997-12-07,0.0015307798
1997-12-08,0.0002922217
1997-12-09,1.3245477e-07
1997-12-10,0.0
1997-12-11,0.0
1997-12-12,0.0
1997-12-13,0.0
1997-12-14,0.0013389853
1997-12-15,0.00031982528
1997-12-16,0.00028766526
1997-12-17,0.0006714662
1997-12-18,9.059906e-05
1997-12-19,0.0
1997-12-20,4.638566e-05
1997-12-21,3.20673e-05
1997-12-22,0.0
1997-12-23,2.6490953e-08
1997-12-24,2.7947956e-06
1997-12-25,0.0
1997-12-26,0.0
1997-12-27,0.0
1997-12-28,0.0
1997-12-29,0.0
1997-12-30,0.0
1997-12-31,0.0
1998-01-01,7.6664815e-05
1998-01-02,0.0014909903
1998-01-03,0.0012396044
1998-01-04,0.0011750725
1998-01-05,6.492933e-05
1998-01-06,0.000571635
1998-01-07,0.00020978187
1998-01-08,2.3974312e-06
1998-01-09,9.241369e-05
1998-01-10,0.0005020433
1998-01-11,0.0015422901
1998-01-12,0.0015296009
1998-01-13,0.00031754706
1998-01-14,0.0012371407
1998-01-15,0.0010209613
1998-01-16,0.001037942
1998-01-17,0.0012597375
1998-01-18,0.0014963283
1998-01-19,0.00056436326
1998-01-20,0.0003699329
1998-01-21,6.662475e-06
1998-01-22,0.00020542409
1998-01-23,0.00050009624
1998-01-24,0.00046874417
1998-01-25,0.00015277333
1998-01-26,0.0019399193
1998-01-27,0.00081536506
1998-01-28,4.5630666e-05
1998-01-29,0.0019035207
1998-01-30,0.00023316013
1998-01-31,0.0003529787
1998-02-01,0.0010251733
1998-02-02,0.0012975401
1998-02-03,0.002952695
1998-02-04,0.00056835014
1998-02-05,0.0012614992
1998-02-06,0.0025521251
1998-02-07,0.0013658471
1998-02-08,0.0009782314
1998-02-09,6.64658e-05
1998-02-10,0.0005399651
1998-02-11,0.000467062
1998-02-12,0.0008178022
1998-02-13,0.0003306336
1998-02-14,0.0017571715
1998-02-15,9.645356e-05
1998-02-16,0.0003606081
1998-02-17,0.0006619294
1998-02-18,0.00012701088
1998-02-19,0.0020808247
1998-02-20,0.00031459332
1998-02-21,0.002078414
1998-02-22,0.00042863688
1998-02-23,0.0010211997
1998-02-24,0.0002086295
1998-02-25,1.2980567e-05
1998-02-26,6.092919e-06
1998-02-27,2.1351709e-05
1998-02-28,1.8278757e-06
1998-03-01,5.318059e-05
1998-03-02,0.0003091097
1998-03-03,7.681052e-05
1998-03-04,5.2981907e-08
1998-03-05,0.00015699863
1998-03-06,4.8478443e-05
1998-03-07,2.6490952e-06
1998-03-08,0.0004201995
1998-03-09,0.0
1998-03-10,1.5894572e-07
1998-03-11,6.490284e-07
1998-03-12,0.0001675023
1998-03-13,0.0005783902
1998-03-14,0.0
1998-03-15,3.0464596e-06
1998-03-16,0.00010955334
1998-03-17,0.0
1998-03-18,0.0
1998-03-19,0.0
1998-03-20,1.2715658e-06
1998-03-21,0.00027136007
1998-03-22,0.0021547477
1998-03-23,0.0016646518
1998-03-24,0.0005409188
1998-03-25,0.00037418472
1998-03-26,2.9140049e-06
1998-03-27,5.7313177e-05
1998-03-28,8.0651706e-05
1998-03-29,7.417467e-07
1998-03-30,0.0
1998-03-31,0.00055946247
1998-04-01,5.080965e-05
1998-04-02,0.00051507686
1998-04-03,0.00032520294
1998-04-04,0.00018084049
1998-04-05,8.261204e-05
1998-04-06,0.00031133494
1998-04-07,0.00028038025
1998-04-08,0.00016877387
1998-04-09,0.00044029288
1998-04-10,0.0008130736
1998-04-11,0.00014734268
1998-04-12,0.00010189745
1998-04-13,0.00056592625
1998-04-14,6.728702e-05
1998-04-15,6.6094926e-06
1998-04-16,0.0
1998-04-17,0.0
1998-04-18,0.0
1998-04-19,0.0
1998-04-20,0.0
1998-04-21,0.0
1998-04-22,4.6888986e-06
1998-04-23,0.00074662105
1998-04-24,0.0003301435
1998-04-25,0.0
1998-04-26,0.0
1998-04-27,0.0
1998-04-28,0.0
1998-04-29,2.000067e-06
1998-04-30,3.504753e-05
1998-05-01,0.00015442901
1998-05-02,0.00041884847
1998-05-03,0.00013029575
1998-05-04,0.00042994818
1998-05-05,0.00010151333
1998-05-06,8.773804e-05
1998-05-07,0.000106692314
1998-05-08,0.00041162968
1998-05-09,0.00018101269
1998-05-10,8.384387e-06
1998-05-11,0.00023583572
1998-05-12,0.0005189843
1998-05-13,7.465151e-05
1998-05-14,0.0002439022
1998-05-15,0.00018284057
1998-05-16,0.00096099905
1998-05-17,7.634693e-05
1998-05-18,0.0
1998-05-19,0.00012216304
1998-05-20,0.00036517778
1998-05-21,2.9418203e-05
1998-05-22,0.0
1998-05-23,8.11153e-05
1998-05-24,0.00050295726
1998-05-25,0.00065676373
1998-05-26,6.432003e-05
1998-05-27,0.00038366846
1998-05-28,0.0013744566
1998-05-29,0.0006579028
1998-05-30,4.4637254e-06
1998-05-31,2.7020772e-06
1998-06-01,1.4808443e-05
1998-06-02,0.00024000804
1998-06-03,0.0002456771
1998-06-04,5.2664014e-05
1998-06-05,1.1907683e-05
1998-06-06,2.4663077e-05
1998-06-07,0.00021494759
1998-06-08,0.000113858114
1998-06-09,1.2715658e-06
1998-06-10,0.00066863163
1998-06-11,8.164512e-05
1998-06-12,0.00026281676
1998-06-13,0.000121063655
1998-06-14,0.0
1998-06-15,0.0
1998-06-16,0.0
1998-06-17,0.0
1998-06-18,0.0
1998-06-19,0.0
1998-06-20,1.3377932e-06
1998-06-21,1.9338395e-06
1998-06-22,3.7166807e-05
1998-06-23,1.1126201e-05
1998-06-24,1.0503663e-05
1998-06-25,0.00017744965
1998-06-26,2.6358498e-06
1998-06-27,0.0
1998-06-28,0.0
1998-06-29,0.0
1998-06-30,2.3841858e-07
1998-07-01,0.0
1998-07-02,7.573763e-05
1998-07-03,2.3841858e-06
1998-07-04,0.0
1998-07-05,0.0
1998-07-06,0.0
1998-07-07,0.0
1998-07-08,0.0
1998-07-09,0.0
1998-07-10,1.1338128e-05
1998-07-11,0.0
1998-07-12,0.0
1998-07-13,0.0
1998-07-14,0.0
1998-07-15,0.0
1998-07-16,0.0
1998-07-17,0.0
1998-07-18,0.0
1998-07-19,0.0
1998-07-20,0.0
1998-07-21,0.0
1998-07-22,4.503462e-07
1998-07-23,3.180239e-05
1998-07-24,7.947286e-07
1998-07-25,7.0201025e-07
1998-07-26,9.536743e-07
1998-07-27,5.2981907e-08
1998-07-28,5.2981907e-08
1998-07-29,0.0
1998-07-30,0.0
1998-07-31,4.0796067e-06
1998-08-01,0.0
1998-08-02,0.0
1998-08-03,0.0
1998-08-04,0.0
1998-08-05,0.0
1998-08-06,0.0
1998-08-07,0.0
1998-08-08,0.0
1998-08-09,0.0
1998-08-10,0.0
1998-08-11,0.0
1998-08-12,0.0
1998-08-13,1.3245477e-07
1998-08-14,3.311369e-07
1998-08-15,0.0
1998-08-16,0.0
1998-08-17,2.0172862e-05
1998-08-18,1.4940898e-05
1998-08-19,0.0
1998-08-20,1.1656019e-06
1998-08-21,0.0
1998-08-22,0.0
1998-08-23,0.0
1998-08-24,0.0
1998-08-25,0.0
1998-08-26,0.0
1998-08-27,0.0
1998-08-28,0.0
1998-08-29,0.0
1998-08-30,0.0
1998-08-31,0.0
1998-09-01,0.0
1998-09-02,0.0
1998-09-03,0.0
1998-09-04,5.695555e-07
1998-09-05,2.6490953e-08
1998-09-06,8.450614e-06
1998-09-07,0.00023082893
1998-09-08,1.1642774e-05
1998-09-09,1.4199151e-05
1998-09-10,1.6556846e-06
1998-09-11,1.05963814e-07
1998-09-12,0.0
1998-09-13,0.0
1998-09-14,0.0
1998-09-15,0.0
1998-09-16,0.0
1998-09-17,0.0
1998-09-18,0.0
1998-09-19,0.0
1998-09-20,0.0
1998-09-21,0.0
1998-09-22,3.7087335e-07
1998-09-23,6.092919e-06
1998-09-24,2.3312039e-06
1998-09-25,8.75526e-05
1998-09-26,0.00017560853
1998-09-27,0.00012746122
1998-09-28,7.947286e-07
1998-09-29,0.0
1998-09-30,0.0
1998-10-01,1.0583136e-05
1998-10-02,0.00010821554
1998-10-03,1.472897e-05
1998-10-04,0.0
1998-10-05,0.0
1998-10-06,0.0
1998-10-07,0.0
1998-10-08,2.1444426e-05
1998-10-09,0.0
1998-10-10,0.0
1998-10-11,0.0
1998-10-12,0.0
1998-10-13,0.00026500225
1998-10-14,0.0
1998-10-15,0.0
1998-10-16,0.0
1998-10-17,0.0
1998-10-18,0.0
1998-10-19,0.0
1998-10-20,0.0
1998-10-21,2.6490953e-08
1998-10-22,0.0
1998-10-23,0.0
1998-10-24,0.0008903742
1998-10-25,7.571114e-05
1998-10-26,0.0
1998-10-27,0.0
1998-10-28,0.00018239021
1998-10-29,0.0
1998-10-30,0.0
1998-10-31,7.141961e-05
1998-11-01,1.9311905e-05
1998-11-02,0.0
1998-11-03,7.8598656e-05
1998-11-04,2.251731e-07
1998-11-05,1.8980769e-05
1998-11-06,0.00013230907
1998-11-07,0.001920422
1998-11-08,0.00019437737
1998-11-09,0.0
1998-11-10,0.0005990134
1998-11-11,0.00011357996
1998-11-12,0.0
1998-11-13,0.0
1998-11-14,0.0
1998-11-15,0.0001319382
1998-11-16,4.9802993e-06
1998-11-17,0.0014591084
1998-11-18,1.3735559e-05
1998-11-19,0.0
1998-11-20,4.102124e-05
1998-11-21,0.0026047495
1998-11-22,0.0007164876
1998-11-23,0.0027834575
1998-11-24,0.00065849884
1998-11-25,0.00022484196
1998-11-26,0.00081564323
1998-11-27,0.00037361516
1998-11-28,6.357829e-07
1998-11-29,0.001318415
1998-11-30,0.002447327
1998-12-01,0.00030752024
1998-12-02,0.0010349088
1998-12-03,0.0009683768
1998-12-04,3.5762787e-07
1998-12-05,0.0003011359
1998-12-06,6.837315e-05
1998-12-07,2.6106834e-05
1998-12-08,0.000107990374
1998-12-09,0.0
1998-12-10,0.0
1998-12-11,6.662475e-06
1998-12-12,1.109971e-05
1998-12-13,0.00013935566
1998-12-14,0.00027896298
1998-12-15,0.0
1998-12-16,0.0
1998-12-17,0.0
1998-12-18,0.0
1998-12-19,3.973643e-08
1998-12-20,0.000131064
1998-12-21,0.0
1998-12-22,1.3245477e-08
1998-12-23,0.0
1998-12-24,0.0
1998-12-25,4.225307e-06
1998-12-26,8.49035e-06
1998-12-27,5.1524903e-06
1998-12-28,8.544657e-05
1998-12-29,0.0
1998-12-30,0.0
1998-12-31,0.00016158157
1999-01-01,0.0
1999-01-02,0.0
1999-01-03,0.0
1999-01-04,0.0
1999-01-05,0.0
1999-01-06,0.0
1999-01-07,0.0
1999-01-08,0.0
1999-01-09,0.0
1999-01-10,0.0
1999-01-11,0.0
1999-01-12,2.6490953e-08
1999-01-13,7.947286e-08
1999-01-14,4.2504733e-05
1999-01-15,0.00061074895
1999-01-16,0.0005880594
1999-01-17,0.0012243191
1999-01-18,0.0011764499
1999-01-19,0.00091132853
1999-01-20,0.0011649264
1999-01-21,0.00019878811
1999-01-22,0.00093236234
1999-01-23,0.0007954703
1999-01-24,3.0318895e-05
1999-01-25,0.0
1999-01-26,0.00026876398
1999-01-27,1.05963814e-07
1999-01-28,0.0
1999-01-29,0.0
1999-01-30,6.6227386e-08
1999-01-31,0.00041847758
1999-02-01,2.8212864e-06
1999-02-02,3.0464597e-07
1999-02-03,0.0
1999-02-04,3.6862162e-05
1999-02-05,1.6159482e-05
1999-02-06,0.0018444724
1999-02-07,0.0020290746
1999-02-08,0.0006230937
1999-02-09,0.0020418433
1999-02-10,7.9737765e-06
1999-02-11,0.0
1999-02-12,0.0
1999-02-13,0.00015687943
1999-02-14,9.947353e-05
1999-02-15,0.0
1999-02-16,0.0014489227
1999-02-17,0.0005982055
1999-02-18,0.00056072074
1999-02-19,7.5499215e-06
1999-02-20,0.00063545175
1999-02-21,0.001118342
1999-02-22,0.00058383413
1999-02-23,0.00040152337
1999-02-24,0.00043286217
1999-02-25,0.000953065
1999-02-26,2.310011e-05
1999-02-27,0.00029604963
1999-02-28,0.0017549462
1999-03-01,5.5657492e-05
1999-03-02,1.3218985e-05
1999-03-03,0.00052334205
1999-03-04,1.417266e-05
1999-03-05,0.0
1999-03-06,1.46759885e-05
1999-03-07,1.0331472e-06
1999-03-08,0.0009465747
1999-03-09,0.0009792116
1999-03-10,2.4676323e-05
1999-03-11,9.271834e-08
1999-03-12,0.0
1999-03-13,7.947286e-08
1999-03-14,0.0003725555
1999-03-15,4.702144e-06
1999-03-16,2.5696224e-06
1999-03-17,0.0001291434
1999-03-18,9.298325e-06
1999-03-19,1.5444226e-05
1999-03-20,0.00053715706
1999-03-21,0.00023043156
1999-03-22,8.326107e-05
1999-03-23,0.00059135753
1999-03-24,0.0012491412
1999-03-25,0.00037780072
1999-03-26,1.9788742e-05
1999-03-27,1.3245477e-07
1999-03-28,2.5166406e-07
1999-03-29,0.00015380647
1999-03-30,0.00033239523
1999-03-31,0.00025722716
1999-04-01,2.3179584e-06
1999-04-02,0.0
1999-04-03,2.0371543e-05
1999-04-04,1.8543668e-07
1999-04-05,0.0005464421
1999-04-06,2.4676323e-05
1999-04-07,4.556444e-06
1999-04-08,0.0009375016
1999-04-09,4.1060975e-06
1999-04-10,0.0005357663
1999-04-11,0.00025879013
1999-04-12,0.0
1999-04-13,0.0
1999-04-14,0.0
1999-04-15,0.0
1999-04-16,0.0
1999-04-17,2.4106766e-06
1999-04-18,7.947286e-08
1999-04-19,8.8744696e-07
1999-04-20,0.0
1999-04-21,1.05963814e-07
1999-04-22,2.172258e-06
1999-04-23,2.6490953e-08
1999-04-24,0.0
1999-04-25,5.4041543e-06
1999-04-26,0.00011115604
1999-04-27,1.1192427e-05
1999-04-28,2.9802322e-06
1999-04-29,0.0
1999-04-30,0.0
1999-05-01,1.9868214e-07
1999-05-02,0.0003454288
1999-05-03,0.0003073083
1999-05-04,2.3841858e-07
1999-05-05,0.0
1999-05-06,2.0398033e-06
1999-05-07,0.0
1999-05-08,0.0
1999-05-09,0.0
1999-05-10,1.3642841e-06
1999-05-11,1.695421e-06
1999-05-12,5.298191e-07
1999-05-13,2.6490953e-08
1999-05-14,1.932515e-05
1999-05-15,0.0
1999-05-16,0.0
1999-05-17,1.4040205e-06
1999-05-18,6.67572e-06
1999-05-19,2.2384856e-06
1999-05-20,1.11262e-06
1999-05-21,0.0
1999-05-22,0.0
1999-05-23,9.2718335e-07
1999-05-24,2.6490953e-08
1999-05-25,0.0
1999-05-26,2.9140048e-07
1999-05-27,0.0
1999-05-28,2.1192763e-07
1999-05-29,7.508861e-05
1999-05-30,0.0
1999-05-31,0.0
1999-06-01,0.0001484553
1999-06-02,0.0006024308
1999-06-03,0.00012690491
1999-06-04,5.9604645e-07
1999-06-05,5.139245e-06
1999-06-06,0.0
1999-06-07,3.7352245e-06
1999-06-08,0.0
1999-06-09,0.0
1999-06-10,0.0
1999-06-11,0.0
1999-06-12,0.0
1999-06-13,0.0
1999-06-14,0.0
1999-06-15,0.0
1999-06-16,0.0
1999-06-17,0.0
1999-06-18,0.0
1999-06-19,0.0
1999-06-20,0.0
1999-06-21,0.0
1999-06-22,0.0
1999-06-23,0.0
1999-06-24,0.0
1999-06-25,0.0
1999-06-26,0.0
1999-06-27,0.0
1999-06-28,0.0
1999-06-29,0.0
1999-06-30,0.0
1999-07-01,0.0
1999-07-02,0.0
1999-07-03,0.0
1999-07-04,2.2914674e-06
1999-07-05,0.0
1999-07-06,0.0
1999-07-07,0.0
1999-07-08,0.0
1999-07-09,0.0
1999-07-10,0.0
1999-07-11,0.0
1999-07-12,0.0
1999-07-13,2.1192763e-07
1999-07-14,0.0
1999-07-15,0.0
1999-07-16,0.0
1999-07-17,0.0
1999-07-18,0.0
1999-07-19,0.0
1999-07-20,1.5894572e-07
1999-07-21,0.0
1999-07-22,0.0
1999-07-23,5.0465264e-06
1999-07-24,0.0
1999-07-25,0.0
1999-07-26,0.0
1999-07-27,0.0
1999-07-28,0.0
1999-07-29,0.0
1999-07-30,0.0
1999-07-31,0.0
1999-08-01,0.0
1999-08-02,0.0
1999-08-03,5.669064e-06
1999-08-04,0.0
1999-08-05,9.271834e-08
1999-08-06,4.5816105e-05
1999-08-07,1.4331606e-05
1999-08-08,1.4834934e-06
1999-08-09,2.5802188e-05
1999-08-10,9.510252e-06
1999-08-11,8.49035e-06
1999-08-12,0.0
1999-08-13,1.1576547e-05
1999-08-14,0.0
1999-08-15,0.0
1999-08-16,0.0
1999-08-17,0.0
1999-08-18,0.0
1999-08-19,0.0
1999-08-20,0.0
1999-08-21,0.0
1999-08-22,7.748604e-06
1999-08-23,4.9034756e-05
1999-08-24,0.0
1999-08-25,0.0
1999-08-26,0.0
1999-08-27,0.0
1999-08-28,1.1920929e-06
1999-08-29,0.0
1999-08-30,4.3670338e-05
1999-08-31,0.0
1999-09-01,1.05963814e-07
1999-09-02,0.0
1999-09-03,0.0
1999-09-04,0.0
1999-09-05,0.0
1999-09-06,0.0
1999-09-07,0.0
1999-09-08,0.0
1999-09-09,3.6027695e-06
1999-09-10,8.847978e-06
1999-09-11,0.0
1999-09-12,0.0
1999-09-13,4.3974983e-06
1999-09-14,0.0
1999-09-15,0.0
1999-09-16,0.0
1999-09-17,0.0
1999-09-18,0.0
1999-09-19,3.4438239e-07
1999-09-20,0.0
1999-09-21,0.0
1999-09-22,0.0
1999-09-23,0.0
1999-09-24,0.0
1999-09-25,0.0
1999-09-26,0.0
1999-09-27,0.0
1999-09-28,0.0
1999-09-29,0.0
1999-09-30,0.0
1999-10-01,0.0
1999-10-02,5.2981907e-08
1999-10-03,0.0
1999-10-04,0.0
1999-10-05,3.973643e-07
1999-10-06,0.00012167295
1999-10-07,0.0
1999-10-08,0.0
1999-10-09,0.0
1999-10-10,0.0
1999-10-11,0.0
1999-10-12,0.0
1999-10-13,0.0
1999-10-14,0.0
1999-10-15,0.0
1999-10-16,0.0
1999-10-17,0.0
1999-10-18,0.0
1999-10-19,0.0
1999-10-20,0.0
1999-10-21,0.0
1999-10-22,0.0
1999-10-23,0.0
1999-10-24,0.0
1999-10-25,0.0
1999-10-26,1.6424391e-06
1999-10-27,0.001092381
1999-10-28,0.0012700823
1999-10-29,0.0
1999-10-30,0.0
1999-10-31,0.0
1999-11-01,0.0
1999-11-02,0.0
1999-11-03,0.0
1999-11-04,1.2185839e-06
1999-11-05,7.90755e-06
1999-11-06,5.2981907e-08
1999-11-07,0.00017431047
1999-11-08,0.001385212
1999-11-09,2.5245878e-05
1999-11-10,0.001425955
1999-11-11,0.0006229745
1999-11-12,2.9537414e-06
1999-11-13,0.0
1999-11-14,0.0
1999-11-15,0.00023647149
1999-11-16,0.0011508862
1999-11-17,0.00024794208
1999-11-18,1.3377932e-06
1999-11-19,0.00089569885
1999-11-20,0.00058299967
1999-11-21,6.0690774e-05
1999-11-22,0.0
1999-11-23,1.8450948e-05
1999-11-24,2.3179584e-06
1999-11-25,0.0
1999-11-26,3.6610498e-05
1999-11-27,0.00014981959
1999-11-28,5.642573e-06
1999-11-29,0.00011705028
1999-11-30,0.0018776788
1999-12-01,0.0004143715
1999-12-02,0.0002893872
1999-12-03,3.973643e-08
1999-12-04,0.0
1999-12-05,2.3841858e-07
1999-12-06,3.0530824e-05
1999-12-07,0.000101036494
1999-12-08,1.2450748e-05
1999-12-09,0.0004908509
1999-12-10,4.3710074e-07
1999-12-11,1.05963814e-07
1999-12-12,1.5377998e-05
1999-12-13,0.00020509296
1999-12-14,2.3841858e-07
1999-12-15,0.0
1999-12-16,0.0
1999-12-17,0.0
1999-12-18,8.34465e-06
1999-12-19,0.0
1999-12-20,0.0
1999-12-21,0.0
1999-12-22,0.0
1999-12-23,0.0
1999-12-24,0.0
1999-12-25,0.0
1999-12-26,0.0
1999-12-27,0.0
1999-12-28,0.0
1999-12-29,0.0
1999-12-30,0.0
1999-12-31,0.0
2000-01-01,7.594956e-05
2000-01-02,4.3339198e-05
2000-01-03,1.4596515e-05
2000-01-04,0.00015922387
2000-01-05,3.9868883e-06
2000-01-06,2.2384856e-06
2000-01-07,5.8280096e-07
2000-01-08,1.0331472e-06
2000-01-09,2.7219454e-05
2000-01-10,0.0005313688
2000-01-11,0.001992994
2000-01-12,4.1776235e-05
2000-01-13,0.00084139244
2000-01-14,0.001171814
2000-01-15,0.0015641848
2000-01-16,0.0015573369
2000-01-17,5.8412552e-05
2000-01-18,0.0006381803
2000-01-19,0.0010056628
2000-01-20,0.00076410506
2000-01-21,0.00041385493
2000-01-22,0.0005369849
2000-01-23,0.0005003214
2000-01-24,0.0013291703
2000-01-25,0.00026342605
2000-01-26,2.2954411e-05
2000-01-27,0.0
2000-01-28,0.0
2000-01-29,0.0
2000-01-30,0.0014085107
2000-01-31,0.00089396373
2000-02-01,0.00021357006
2000-02-02,7.417467e-06
2000-02-03,1.4265378e-05
2000-02-04,0.0004315641
2000-02-05,0.00092604425
2000-02-06,0.0001857943
2000-02-07,0.0
2000-02-08,1.16692645e-05
2000-02-09,0.00025998222
2000-02-10,0.0008737908
2000-02-11,0.0010924869
2000-02-12,0.0013376342
2000-02-13,0.0017062558
2000-02-14,0.0027934974
2000-02-15,0.00029406283
2000-02-16,3.548463e-05
2000-02-17,3.4484598e-05
2000-02-18,0.0
2000-02-19,0.0
2000-02-20,0.00030109618
2000-02-21,0.0007566876
2000-02-22,0.0012332598
2000-02-23,0.00088964566
2000-02-24,0.00024604797
2000-02-25,0.0003872249
2000-02-26,0.0018784073
2000-02-27,0.0014461412
2000-02-28,0.00013407071
2000-02-29,0.0008326239
2000-03-01,0.0
2000-03-02,0.00033599802
2000-03-03,0.0
2000-03-04,0.0002171331
2000-03-05,0.0016105705
2000-03-06,8.434719e-05
2000-03-07,0.0004203452
2000-03-08,0.0006091462
2000-03-09,0.0010910167
2000-03-10,0.00022982227
2000-03-11,0.00032866
2000-03-12,0.0
2000-03-13,7.947286e-08
2000-03-14,2.6358498e-06
2000-03-15,0.0
2000-03-16,0.000105672414
2000-03-17,0.0
2000-03-18,5.947219e-06
2000-03-19,3.098117e-05
2000-03-20,2.9140048e-07
2000-03-21,0.0
2000-03-22,0.0
2000-03-23,0.000115288625
2000-03-24,9.2718335e-07
2000-03-25,2.6490953e-08
2000-03-26,0.0
2000-03-27,4.4928656e-05
2000-03-28,1.7086664e-06
2000-03-29,0.0
2000-03-30,0.0
2000-03-31,0.0
2000-04-01,0.0
2000-04-02,0.0
2000-04-03,0.0
2000-04-04,0.0
2000-04-05,0.0
2000-04-06,0.0
2000-04-07,0.0
2000-04-08,5.6465466e-05
2000-04-09,3.1285817e-05
2000-04-10,0.0
2000-04-11,0.0
2000-04-12,0.0003006988
2000-04-13,0.0010348029
2000-04-14,0.00028445985
2000-04-15,0.00029644702
2000-04-16,0.00086571113
2000-04-17,0.0011812845
2000-04-18,0.0004854997
2000-04-19,6.3180923e-06
2000-04-20,1.1364619e-05
2000-04-21,3.33786e-06
2000-04-22,0.0001723104
2000-04-23,5.376339e-05
2000-04-24,0.0
2000-04-25,1.3510386e-06
2000-04-26,0.0
2000-04-27,1.6040272e-05
2000-04-28,1.238452e-05
2000-04-29,0.0
2000-04-30,0.0
2000-05-01,2.5431316e-06
2000-05-02,1.8292003e-05
2000-05-03,4.0398704e-06
2000-05-04,2.529886e-06
2000-05-05,1.2583203e-06
2000-05-06,1.0808309e-05
2000-05-07,0.00043454434
2000-05-08,0.00034136244
2000-05-09,8.736717e-05
2000-05-10,5.8862897e-05
2000-05-11,1.0914273e-05
2000-05-12,5.2981907e-08
2000-05-13,6.8744025e-06
2000-05-14,0.00020852353
2000-05-15,0.00055678684
2000-05-16,2.904733e-05
2000-05-17,2.0927853e-06
2000-05-18,0.0
2000-05-19,0.0
2000-05-20,0.0
2000-05-21,0.0
2000-05-22,0.0
2000-05-23,0.0
2000-05-24,3.0729507e-06
2000-05-25,0.0
2000-05-26,0.0
2000-05-27,1.9603306e-06
2000-05-28,0.0
2000-05-29,0.0
2000-05-30,0.0
2000-05-31,0.0
2000-06-01,0.0
2000-06-02,0.0
2000-06-03,0.0
2000-06-04,0.0
2000-06-05,0.0
2000-06-06,0.0
2000-06-07,6.914139e-06
2000-06-08,0.00044564405
2000-06-09,3.8173464e-05
2000-06-10,5.2981907e-08
2000-06-11,7.947286e-08
2000-06-12,1.3245477e-08
2000-06-13,0.0
2000-06-14,0.0
2000-06-15,0.0
2000-06-16,0.0
2000-06-17,0.0
2000-06-18,3.4438239e-07
2000-06-19,0.0
2000-06-20,0.0
2000-06-21,1.3245477e-08
2000-06-22,0.0
2000-06-23,0.0
2000-06-24,0.0
2000-06-25,0.0
2000-06-26,0.0
2000-06-27,0.0
2000-06-28,0.0
2000-06-29,0.0
2000-06-30,1.8543668e-07
2000-07-01,8.2121954e-07
2000-07-02,5.7088005e-06
2000-07-03,5.8809915e-06
2000-07-04,7.947286e-08
2000-07-05,0.00021763642
2000-07-06,2.808041e-06
2000-07-07,3.642506e-06
2000-07-08,0.0
2000-07-09,0.0
2000-07-10,0.0
2000-07-11,0.0
2000-07-12,0.0
2000-07-13,0.0
2000-07-14,0.0
2000-07-15,0.0
2000-07-16,2.7815502e-06
2000-07-17,0.0
2000-07-18,0.0
2000-07-19,0.0
2000-07-20,0.0
2000-07-21,0.0
2000-07-22,0.0
2000-07-23,0.0
2000-07-24,0.0
2000-07-25,0.0
2000-07-26,0.0
2000-07-27,0.0
2000-07-28,0.0
2000-07-29,0.0
2000-07-30,0.0
2000-07-31,5.5631e-07
2000-08-01,0.0
2000-08-02,0.0
2000-08-03,0.0
2000-08-04,0.0
2000-08-05,2.9140048e-07
2000-08-06,0.0
2000-08-07,6.927384e-06
2000-08-08,0.0
2000-08-09,0.0
2000-08-10,7.947286e-07
2000-08-11,0.0
2000-08-12,0.0
2000-08-13,0.0
2000-08-14,0.0
2000-08-15,0.0
2000-08-16,0.0
2000-08-17,0.0
2000-08-18,0.0
2000-08-19,0.0
2000-08-20,0.0
2000-08-21,0.0
2000-08-22,0.0
2000-08-23,0.0
2000-08-24,0.0
2000-08-25,0.0
2000-08-26,0.0
2000-08-27,0.0
2000-08-28,0.0
2000-08-29,3.7087334e-06
2000-08-30,0.0
2000-08-31,6.8876477e-07
2000-09-01,0.0010364851
2000-09-02,0.0006796651
2000-09-03,5.2571297e-05
2000-09-04,0.00010332796
2000-09-05,1.8278757e-06
2000-09-06,0.0
2000-09-07,0.0
2000-09-08,0.0
2000-09-09,0.0
2000-09-10,0.0
2000-09-11,0.0
2000-09-12,0.0
2000-09-13,7.285012e-07
2000-09-14,0.00012944805
2000-09-15,3.6292608e-05
2000-09-16,4.2385525e-07
2000-09-17,0.0
2000-09-18,0.0
2000-09-19,0.0
2000-09-20,0.0
2000-09-21,0.0
2000-09-22,0.0005852117
2000-09-23,0.0
2000-09-24,0.0
2000-09-25,0.0
2000-09-26,0.0
2000-09-27,0.0
2000-09-28,0.0
2000-09-29,0.0
2000-09-30,0.0
2000-10-01,0.0
2000-10-02,0.0
2000-10-03,0.0
2000-10-04,0.0
2000-10-05,0.0
2000-10-06,0.0
2000-10-07,0.0
2000-10-08,0.0
2000-10-09,0.0007667674
2000-10-10,0.00093623
2000-10-11,0.00017534362
2000-10-12,3.920661e-06
2000-10-13,3.2054054e-06
2000-10-14,0.0
2000-10-15,0.0
2000-10-16,0.0
2000-10-17,0.0
2000-10-18,0.0
2000-10-19,0.0
2000-10-20,0.00036348237
2000-10-21,2.0808644e-05
2000-10-22,0.0
2000-10-23,0.0
2000-10-24,0.0
2000-10-25,0.0006862084
2000-10-26,0.00018327766
2000-10-27,1.14970735e-05
2000-10-28,0.0015224748
2000-10-29,0.0011057588
2000-10-30,0.00035925707
2000-10-31,0.0
2000-11-01,0.0
2000-11-02,1.695421e-06
2000-11-03,0.0
2000-11-04,0.0
2000-11-05,0.0
2000-11-06,6.6227386e-08
2000-11-07,0.0
2000-11-08,3.5444897e-05
2000-11-09,4.1736497e-05
2000-11-10,8.343326e-05
2000-11-11,1.1920929e-07
2000-11-12,0.0
2000-11-13,0.00012575256
2000-11-14,0.00028365187
2000-11-15,3.753768e-05
2000-11-16,9.2718335e-07
2000-11-17,0.0
2000-11-18,0.0
2000-11-19,0.0
2000-11-20,0.0
2000-11-21,2.2384855e-05
2000-11-22,6.9803664e-06
2000-11-23,2.5431316e-06
2000-11-24,1.1920929e-06
2000-11-25,0.0
2000-11-26,5.2981907e-08
2000-11-27,2.6755863e-06
2000-11-28,5.2981907e-08
2000-11-29,0.0009438594
2000-11-30,0.0002058347
2000-12-01,0.0
2000-12-02,0.0
2000-12-03,0.0
2000-12-04,0.0
2000-12-05,0.0
2000-12-06,0.0
2000-12-07,0.0
2000-12-08,5.2981907e-08
2000-12-09,0.00012772613
2000-12-10,6.804201e-05
2000-12-11,0.00047473112
2000-12-12,0.00027636686
2000-12-13,0.0008843078
2000-12-14,0.0012969705
2000-12-15,0.00032851432
2000-12-16,0.0
2000-12-17,4.2385527e-06
2000-12-18,0.0
2000-12-19,0.0
2000-12-20,0.0
2000-12-21,5.507469e-05
2000-12-22,0.0005300972
2000-12-23,6.983015e-05
2000-12-24,7.4307122e-06
2000-12-25,0.0
2000-12-26,0.0
2000-12-27,0.0
2000-12-28,0.0
2000-12-29,0.0
2000-12-30,0.0
2000-12-31,0.0
2001-01-01,0.0
2001-01-02,0.0
2001-01-03,0.0
2001-01-04,0.0
2001-01-05,0.0
2001-01-06,0.0
2001-01-07,0.0
2001-01-08,0.0008501874
2001-01-09,0.0005200174
2001-01-10,0.0012882551
2001-01-11,0.0007879867
2001-01-12,1.056989e-05
2001-01-13,0.00011996428
2001-01-14,3.8332408e-05
2001-01-15,1.4570024e-07
2001-01-16,0.0
2001-01-17,0.0
2001-01-18,0.0
2001-01-19,0.0
2001-01-20,1.8543667e-06
2001-01-21,2.4769042e-06
2001-01-22,0.0
2001-01-23,0.00042890178
2001-01-24,0.00087481074
2001-01-25,0.001095838
2001-01-26,0.0005411572
2001-01-27,0.0
2001-01-28,0.0
2001-01-29,0.00026505522
2001-01-30,0.0
2001-01-31,0.0
2001-02-01,0.0
2001-02-02,2.793471e-05
2001-02-03,4.6306188e-05
2001-02-04,0.0
2001-02-05,0.0
2001-02-06,6.953875e-06
2001-02-07,7.285012e-07
2001-02-08,2.8212864e-06
2001-02-09,0.0011476544
2001-02-10,0.00053426955
2001-02-11,0.0011675092
2001-02-12,0.00020288097
2001-02-13,0.0
2001-02-14,0.0
2001-02-15,6.6227385e-06
2001-02-16,0.00023958419
2001-02-17,0.00033783913
2001-02-18,0.0006546974
2001-02-19,0.00089103647
2001-02-20,0.0017895169
2001-02-21,0.0010886722
2001-02-22,0.0009896888
2001-02-23,4.945861e-05
2001-02-24,0.00085507496
2001-02-25,0.00079668895
2001-02-26,0.0
2001-02-27,0.0
2001-02-28,0.0
2001-03-01,2.9643377e-05
2001-03-02,0.0006904602
2001-03-03,2.1311971e-05
2001-03-04,0.0015157594
2001-03-05,0.0006424586
2001-03-06,1.3245477e-08
2001-03-07,0.0
2001-03-08,0.00014936924
2001-03-09,1.9987425e-05
2001-03-10,2.6490953e-08
2001-03-11,0.0
2001-03-12,0.0
2001-03-13,0.0
2001-03-14,0.0
2001-03-15,4.3180253e-06
2001-03-16,2.3841858e-07
2001-03-17,7.682376e-06
2001-03-18,0.0
2001-03-19,1.238452e-05
2001-03-20,3.6504534e-05
2001-03-21,6.0664283e-06
2001-03-22,1.03182265e-05
2001-03-23,1.6411146e-05
2001-03-24,0.00028224787
2001-03-25,0.00061310665
2001-03-26,0.0
2001-03-27,0.0
2001-03-28,1.818604e-05
2001-03-29,0.0
2001-03-30,0.0
2001-03-31,0.0
2001-04-01,0.0
2001-04-02,2.5908152e-05
2001-04-03,5.1524903e-06
2001-04-04,3.6822425e-06
2001-04-05,0.0
2001-04-06,0.0008333259
2001-04-07,0.00057090656
2001-04-08,2.5696225e-05
2001-04-09,2.6133326e-05
2001-04-10,1.2583203e-06
2001-04-11,0.00019825829
2001-04-12,7.417467e-07
2001-04-13,4.9829483e-05
2001-04-14,2.0795399e-06
2001-04-15,0.0
2001-04-16,0.0
2001-04-17,0.00033285882
2001-04-18,0.00051656034
2001-04-19,0.00016948913
2001-04-20,0.0006787512
2001-04-21,1.6649565e-05
2001-04-22,0.0
2001-04-23,2.6490954e-07
2001-04-24,1.05963814e-07
2001-04-25,3.4438239e-07
2001-04-26,1.5894572e-07
2001-04-27,1.3245477e-05
2001-04-28,2.0093388e-05
2001-04-29,0.0
2001-04-30,0.0
2001-05-01,0.0
2001-05-02,0.0
2001-05-03,0.0
2001-05-04,0.0
2001-05-05,0.0
2001-05-06,0.0
2001-05-07,0.0
2001-05-08,0.0
2001-05-09,0.0
2001-05-10,0.0
2001-05-11,0.0
2001-05-12,0.0
2001-05-13,0.0
2001-05-14,2.6981035e-05
2001-05-15,0.000614153
2001-05-16,4.3974983e-06
2001-05-17,0.0
2001-05-18,0.0
2001-05-19,0.0
2001-05-20,0.0
2001-05-21,0.0
2001-05-22,0.0
2001-05-23,0.0
2001-05-24,0.0
2001-05-25,0.0
2001-05-26,0.0
2001-05-27,3.4438239e-07
2001-05-28,0.0
2001-05-29,0.0
2001-05-30,0.0
2001-05-31,0.0
2001-06-01,0.0
2001-06-02,0.0
2001-06-03,0.0
2001-06-04,0.0
2001-06-05,0.0
2001-06-06,0.0
2001-06-07,0.0
2001-06-08,0.0
2001-06-09,0.0
2001-06-10,0.0
2001-06-11,0.0
2001-06-12,0.0
2001-06-13,0.0
2001-06-14,0.0
2001-06-15,0.0
2001-06-16,0.0
2001-06-17,0.0
2001-06-18,0.0
2001-06-19,0.0
2001-06-20,0.0
2001-06-21,0.0
2001-06-22,0.0
2001-06-23,0.0
2001-06-24,0.0
2001-06-25,9.338061e-05
2001-06-26,0.00046786998
2001-06-27,0.0017100705
2001-06-28,6.865131e-05
2001-06-29,0.0
2001-06-30,0.0
2001-07-01,0.0
2001-07-02,0.0
2001-07-03,0.0
2001-07-04,0.0
2001-07-05,2.9140048e-07
2001-07-06,0.0
2001-07-07,0.0
2001-07-08,0.0
2001-07-09,0.0
2001-07-10,2.1325218e-06
2001-07-11,1.4464061e-05
2001-07-12,0.0
2001-07-13,0.0
2001-07-14,3.920661e-06
2001-07-15,1.2318293e-06
2001-07-16,1.3550122e-05
2001-07-17,1.3245477e-07
2001-07-18,0.0
2001-07-19,6.0929193e-07
2001-07-20,8.477105e-07
2001-07-21,3.496806e-06
2001-07-22,0.0
2001-07-23,0.0
2001-07-24,0.0
2001-07-25,0.0
2001-07-26,0.0
2001-07-27,0.0
2001-07-28,0.0
2001-07-29,0.0
2001-07-30,3.443824e-06
2001-07-31,0.0
2001-08-01,0.0
2001-08-02,0.0
2001-08-03,3.311369e-07
2001-08-04,2.357695e-06
2001-08-05,0.0
2001-08-06,0.0
2001-08-07,0.0
2001-08-08,0.0
2001-08-09,0.0
2001-08-10,0.0
2001-08-11,0.0
2001-08-12,2.9404957e-06
2001-08-13,0.0
2001-08-14,0.0
2001-08-15,0.0
2001-08-16,0.0
2001-08-17,0.0
2001-08-18,0.0
2001-08-19,0.0
2001-08-20,0.0
2001-08-21,0.0
2001-08-22,6.6227385e-06
2001-08-23,5.4836273e-06
2001-08-24,0.0
2001-08-25,0.0
2001-08-26,0.0
2001-08-27,0.0
2001-08-28,0.0
2001-08-29,0.0
2001-08-30,0.0
2001-08-31,0.0
2001-09-01,0.0
2001-09-02,0.0
2001-09-03,0.0
2001-09-04,0.0
2001-09-05,0.0
2001-09-06,0.0
2001-09-07,0.0
2001-09-08,0.0
2001-09-09,0.0
2001-09-10,0.0
2001-09-11,1.7378065e-05
2001-09-12,2.4398169e-05
2001-09-13,1.43448515e-05
2001-09-14,6.6227386e-08
2001-09-15,0.00011020237
2001-09-16,3.8915212e-05
2001-09-17,0.0
2001-09-18,0.0
2001-09-19,0.0
2001-09-20,0.0
2001-09-21,0.0
2001-09-22,0.0
2001-09-23,0.0
2001-09-24,4.6345922e-05
2001-09-25,0.0006493065
2001-09-26,0.0
2001-09-27,1.05963814e-07
2001-09-28,8.8744696e-07
2001-09-29,0.0
2001-09-30,0.0
2001-10-01,0.0
2001-10-02,0.0
2001-10-03,0.0
2001-10-04,0.0
2001-10-05,0.0
2001-10-06,0.0
2001-10-07,0.0
2001-10-08,2.5166406e-07
2001-10-09,0.0
2001-10-10,0.0
2001-10-11,5.3776635e-06
2001-10-12,0.0
2001-10-13,0.0
2001-10-14,0.0
2001-10-15,0.0
2001-10-16,8.119478e-06
2001-10-17,0.0
2001-10-18,0.0
2001-10-19,0.0
2001-10-20,0.0
2001-10-21,0.0
2001-10-22,0.0
2001-10-23,1.0079808e-05
2001-10-24,0.0
2001-10-25,0.0
2001-10-26,0.0
2001-10-27,5.2981907e-08
2001-10-28,7.426739e-05
2001-10-29,8.324782e-05
2001-10-30,0.0019582112
2001-10-31,0.0002761152
2001-11-01,2.4769042e-06
2001-11-02,0.0
2001-11-03,0.0
2001-11-04,0.0
2001-11-05,0.0
2001-11-06,2.1987491e-06
2001-11-07,0.0
2001-11-08,0.0
2001-11-09,0.0
2001-11-10,0.0
2001-11-11,0.0010874934
2001-11-12,0.0015999874
2001-11-13,0.0007137193
2001-11-14,0.0003070434
2001-11-15,5.4399174e-05
2001-11-16,0.00037978755
2001-11-17,3.7564172e-05
2001-11-18,0.0
2001-11-19,0.000122216
2001-11-20,0.00042551092
2001-11-21,0.0017953449
2001-11-22,0.00077607896
2001-11-23,0.0
2001-11-24,0.0013586415
2001-11-25,0.00025276342
2001-11-26,9.281105e-05
2001-11-27,0.0
2001-11-28,0.00075623725
2001-11-29,0.0011990997
2001-11-30,0.00030967925
2001-12-01,0.0019433895
2001-12-02,0.002089156
2001-12-03,0.0004765855
2001-12-04,5.6293275e-06
2001-12-05,0.0011539856
2001-12-06,0.00076109834
2001-12-07,2.7457872e-05
2001-12-08,0.0
2001-12-09,0.0002792014
2001-12-10,2.9007595e-06
2001-12-11,4.887581e-06
2001-12-12,1.3192494e-05
2001-12-13,0.0002021922
2001-12-14,0.0014837054
2001-12-15,1.2450748e-06
2001-12-16,0.00011025535
2001-12-17,0.0010392003
2001-12-18,0.00046845278
2001-12-19,0.0006640487
2001-12-20,0.0009652509
2001-12-21,5.0372546e-05
2001-12-22,0.0010028812
2001-12-23,0.0005184545
2001-12-24,0.0
2001-12-25,1.11659365e-05
2001-12-26,3.838539e-05
2001-12-27,6.773737e-05
2001-12-28,0.00030438104
2001-12-29,0.0008329153
2001-12-30,0.0004279746
2001-12-31,0.0007610454
2002-01-01,0.0005415413
2002-01-02,0.002319773
2002-01-03,0.00017529064
2002-01-04,0.0
2002-01-05,0.00041181513
2002-01-06,0.0011214018
2002-01-07,7.504887e-05
2002-01-08,0.00047895644
2002-01-09,3.4438239e-07
2002-01-10,0.0
2002-01-11,0.0
2002-01-12,0.0
2002-01-13,0.0
2002-01-14,1.5232298e-06
2002-01-15,6.6227386e-08
2002-01-16,0.0
2002-01-17,1.888805e-05
2002-01-18,0.0
2002-01-19,3.3511055e-06
2002-01-20,7.417467e-07
2002-01-21,0.00047671795
2002-01-22,1.361635e-05
2002-01-23,1.5894572e-07
2002-01-24,0.0
2002-01-25,0.0001286798
2002-01-26,0.0009998349
2002-01-27,5.1259995e-06
2002-01-28,6.0505336e-05
2002-01-29,4.1855706e-06
2002-01-30,0.0
2002-01-31,5.298191e-07
2002-02-01,0.000110824905
2002-02-02,0.0
2002-02-03,4.6359168e-07
2002-02-04,0.0
2002-02-05,0.0
2002-02-06,0.0
2002-02-07,0.0017209583
2002-02-08,2.1391445e-05
2002-02-09,0.0
2002-02-10,0.0
2002-02-11,0.0
2002-02-12,0.0
2002-02-13,9.801653e-07
2002-02-14,0.0
2002-02-15,4.556444e-06
2002-02-16,7.983049e-05
2002-02-17,0.00018821823
2002-02-18,5.4889257e-05
2002-02-19,0.0013202032
2002-02-20,0.0008852084
2002-02-21,2.1272235e-05
2002-02-22,0.0
2002-02-23,0.0008438428
2002-02-24,1.6874737e-05
2002-02-25,0.0
2002-02-26,0.0
2002-02-27,0.0
2002-02-28,0.0
2002-03-01,0.0
2002-03-02,0.0
2002-03-03,0.0
2002-03-04,0.0
2002-03-05,0.00016151535
2002-03-06,0.0010410018
2002-03-07,0.0006541808
2002-03-08,1.7219119e-07
2002-03-09,2.5603505e-05
2002-03-10,0.0008339749
2002-03-11,6.915463e-05
2002-03-12,8.753935e-05
2002-03-13,6.752544e-05
2002-03-14,2.2649765e-06
2002-03-15,3.0848714e-05
2002-03-16,3.8252936e-05
2002-03-17,0.000112877955
2002-03-18,0.0
2002-03-19,0.0
2002-03-20,0.0
2002-03-21,0.0
2002-03-22,0.00021457672
2002-03-23,0.0011678139
2002-03-24,0.00012392468
2002-03-25,6.053183e-06
2002-03-26,0.0
2002-03-27,0.0
2002-03-28,0.0
2002-03-29,0.0
2002-03-30,0.0
2002-03-31,0.0
2002-04-01,0.0
2002-04-02,0.0
2002-04-03,0.0
2002-04-04,1.001358e-05
2002-04-05,1.0026826e-05
2002-04-06,4.0398704e-06
2002-04-07,0.0
2002-04-08,1.2278557e-05
2002-04-09,0.000295043
2002-04-10,0.00025216737
2002-04-11,3.7219788e-06
2002-04-12,0.0
2002-04-13,7.947286e-07
2002-04-14,2.9338731e-05
2002-04-15,1.4530287e-05
2002-04-16,0.00029571852
2002-04-17,0.00029362572
2002-04-18,5.192227e-06
2002-04-19,0.0
2002-04-20,6.357829e-07
2002-04-21,1.5364753e-06
2002-04-22,0.0
2002-04-23,0.0
2002-04-24,0.0
2002-04-25,1.5894572e-07
2002-04-26,7.49694e-05
2002-04-27,0.00031338798
2002-04-28,0.00016017754
2002-04-29,0.0004547172
2002-04-30,0.00090909004
2002-05-01,1.4834934e-05
2002-05-02,7.947286e-07
2002-05-03,6.1061646e-06
2002-05-04,0.0
2002-05-05,0.0
2002-05-06,4.7683716e-07
2002-05-07,2.6490953e-08
2002-05-08,0.0
2002-05-09,2.1457672e-06
2002-05-10,7.059839e-06
2002-05-11,0.0
2002-05-12,0.0
2002-05-13,1.05963814e-07
2002-05-14,0.0
2002-05-15,0.0
2002-05-16,0.0
2002-05-17,0.0
2002-05-18,0.0
2002-05-19,0.000579834
2002-05-20,0.001376854
2002-05-21,0.00019670857
2002-05-22,7.4572035e-06
2002-05-23,0.0
2002-05-24,1.11262e-06
2002-05-25,7.6823767e-07
2002-05-26,5.8280096e-07
2002-05-27,4.423989e-06
2002-05-28,4.278289e-06
2002-05-29,2.78155e-07
2002-05-30,0.0
2002-05-31,2.8649965e-05
2002-06-01,0.00012828244
2002-06-02,3.0464597e-07
2002-06-03,0.0
2002-06-04,0.0
2002-06-05,0.0
2002-06-06,0.0
2002-06-07,0.0
2002-06-08,2.6490953e-08
2002-06-09,2.78155e-07
2002-06-10,0.0
2002-06-11,0.0
2002-06-12,0.0
2002-06-13,0.0
2002-06-14,0.0
2002-06-15,0.0
2002-06-16,0.0
2002-06-17,0.0
2002-06-18,4.6359168e-07
2002-06-19,0.0
2002-06-20,0.0
2002-06-21,4.86109e-06
2002-06-22,8.8744696e-07
2002-06-23,0.0
2002-06-24,0.0
2002-06-25,0.0
2002-06-26,5.589591e-06
2002-06-27,0.0
2002-06-28,0.0
2002-06-29,0.0
2002-06-30,0.0
2002-07-01,0.0
2002-07-02,0.0
2002-07-03,0.0
2002-07-04,0.0
2002-07-05,0.0
2002-07-06,0.0
2002-07-07,0.0
2002-07-08,0.0
2002-07-09,0.0
2002-07-10,0.0
2002-07-11,0.0
2002-07-12,0.0
2002-07-13,9.006924e-07
2002-07-14,0.0
2002-07-15,0.0
2002-07-16,0.0
2002-07-17,0.0
2002-07-18,0.0
2002-07-19,0.0
2002-07-20,0.0
2002-07-21,1.4834934e-06
2002-07-22,3.5100513e-06
2002-07-23,0.0
2002-07-24,0.0
2002-07-25,0.0
2002-07-26,0.0
2002-07-27,0.0
2002-07-28,0.0
2002-07-29,0.0
2002-07-30,0.0
2002-07-31,0.0
2002-08-01,7.1525574e-07
2002-08-02,2.5510788e-05
2002-08-03,1.1788475e-06
2002-08-04,1.709991e-05
2002-08-05,0.0
2002-08-06,0.0
2002-08-07,0.0
2002-08-08,0.0
2002-08-09,0.0
2002-08-10,0.0
2002-08-11,0.0
2002-08-12,0.0
2002-08-13,0.0
2002-08-14,0.0
2002-08-15,0.0
2002-08-16,0.0
2002-08-17,0.0
2002-08-18,0.0
2002-08-19,0.0
2002-08-20,0.0
2002-08-21,0.0
2002-08-22,0.0
2002-08-23,0.0
2002-08-24,0.0
2002-08-25,0.0
2002-08-26,0.0
2002-08-27,0.0
2002-08-28,0.0
2002-08-29,2.6490953e-08
2002-08-30,3.443824e-06
2002-08-31,0.0
2002-09-01,0.0
2002-09-02,0.0
2002-09-03,0.0
2002-09-04,0.0
2002-09-05,0.0
2002-09-06,8.662541e-06
2002-09-07,3.238519e-05
2002-09-08,0.0
2002-09-09,0.0
2002-09-10,0.0
2002-09-11,0.0
2002-09-12,0.0
2002-09-13,0.0
2002-09-14,0.0
2002-09-15,0.0
2002-09-16,0.0
2002-09-17,0.0
2002-09-18,0.0
2002-09-19,0.0
2002-09-20,0.0
2002-09-21,0.0
2002-09-22,0.0
2002-09-23,0.0
2002-09-24,0.0
2002-09-25,0.0
2002-09-26,0.0
2002-09-27,0.0
2002-09-28,0.0
2002-09-29,1.9212564e-05
2002-09-30,9.828143e-06
2002-10-01,0.0
2002-10-02,0.0
2002-10-03,0.0
2002-10-04,0.0
2002-10-05,0.0
2002-10-06,0.0
2002-10-07,0.0
2002-10-08,0.0
2002-10-09,0.0
2002-10-10,0.0
2002-10-11,0.0
2002-10-12,0.0
2002-10-13,0.0
2002-10-14,0.0
2002-10-15,0.0
2002-10-16,0.0
2002-10-17,0.0
2002-10-18,0.0
2002-10-19,0.0
2002-10-20,0.0
2002-10-21,0.0
2002-10-22,0.0
2002-10-23,7.139312e-06
2002-10-24,0.0
2002-10-25,4.9008264e-07
2002-10-26,7.947286e-08
2002-10-27,0.0
2002-10-28,0.0
2002-10-29,0.0
2002-10-30,0.0
2002-10-31,0.0
2002-11-01,0.0
2002-11-02,0.0
2002-11-03,0.0
2002-11-04,0.0
2002-11-05,0.0
2002-11-06,0.0
2002-11-07,0.0024734735
2002-11-08,0.002019432
2002-11-09,0.0009388791
2002-11-10,0.0009886689
2002-11-11,2.1311971e-05
2002-11-12,2.15239e-05
2002-11-13,5.2981907e-08
2002-11-14,0.0
2002-11-15,0.0
2002-11-16,1.2715658e-06
2002-11-17,2.9802322e-06
2002-11-18,0.0
2002-11-19,0.0
2002-11-20,0.0
2002-11-21,0.0
2002-11-22,0.0
2002-11-23,2.22524e-06
2002-11-24,0.0
2002-11-25,0.0
2002-11-26,0.0
2002-11-27,0.0
2002-11-28,0.0
2002-11-29,0.0
2002-11-30,0.0
2002-12-01,0.0
2002-12-02,0.0
2002-12-03,0.0
2002-12-04,6.4637925e-06
2002-12-05,0.0
2002-12-06,0.0
2002-12-07,0.0
2002-12-08,0.0
2002-12-09,0.0001718998
2002-12-10,0.00077818497
2002-12-11,0.00018715858
2002-12-12,4.355113e-05
2002-12-13,0.0022918384
2002-12-14,0.0045950413
2002-12-15,0.0014893214
2002-12-16,0.0039078924
2002-12-17,0.00048587058
2002-12-18,0.00018245644
2002-12-19,0.0011418131
2002-12-20,0.0013098982
2002-12-21,0.0007293489
2002-12-22,0.0
2002-12-23,0.0
2002-12-24,6.5366425e-05
2002-12-25,1.9378132e-05
2002-12-26,0.0011424489
2002-12-27,0.0024030607
2002-12-28,0.00274486
2002-12-29,0.0008076959
2002-12-30,0.0013169977
2002-12-31,0.0017763509
2003-01-01,2.544456e-05
2003-01-02,0.0
2003-01-03,1.2715657e-05
2003-01-04,3.29415e-05
2003-01-05,7.4042214e-06
2003-01-06,0.0
2003-01-07,0.0
2003-01-08,0.0
2003-01-09,1.417266e-05
2003-01-10,0.0010933081
2003-01-11,0.00052154064
2003-01-12,0.0013764964
2003-01-13,0.0016500155
2003-01-14,0.0009494755
2003-01-15,0.0
2003-01-16,0.0
2003-01-17,0.0
2003-01-18,0.0
2003-01-19,0.0
2003-01-20,0.0
2003-01-21,0.00018099944
2003-01-22,0.0010893875
2003-01-23,0.00043512715
2003-01-24,0.00022855069
2003-01-25,0.00015665425
2003-01-26,2.304713e-06
2003-01-27,0.00038954947
2003-01-28,0.0
2003-01-29,1.0596382e-06
2003-01-30,2.4530622e-05
2003-01-31,1.8146303e-06
2003-02-01,0.00016469425
2003-02-02,5.2981907e-08
2003-02-03,0.0
2003-02-04,0.0
2003-02-05,0.0
2003-02-06,0.0
2003-02-07,0.0
2003-02-08,0.0
2003-02-09,0.0
2003-02-10,0.0
2003-02-11,0.0
2003-02-12,6.622738e-07
2003-02-13,0.0007242229
2003-02-14,9.698338e-05
2003-02-15,0.00042653084
2003-02-16,0.0015045272
2003-02-17,5.484952e-05
2003-02-18,8.3049135e-06
2003-02-19,0.0005713966
2003-02-20,9.271834e-08
2003-02-21,0.0
2003-02-22,7.947286e-08
2003-02-23,0.0
2003-02-24,7.836024e-05
2003-02-25,9.669198e-06
2003-02-26,1.4662743e-05
2003-02-27,2.2543802e-05
2003-02-28,0.0
2003-03-01,5.112754e-06
2003-03-02,0.0
2003-03-03,5.8054924e-05
2003-03-04,2.3841858e-07
2003-03-05,0.0
2003-03-06,3.5232968e-06
2003-03-07,2.172258e-06
2003-03-08,3.496806e-06
2003-03-09,2.2848448e-05
2003-03-10,0.00014489227
2003-03-11,6.6227385e-06
2003-03-12,7.601579e-05
2003-03-13,0.00014739567
2003-03-14,0.0016373661
2003-03-15,0.0024108356
2003-03-16,0.00024557114
2003-03-17,6.79228e-05
2003-03-18,0.0
2003-03-19,3.973643e-06
2003-03-20,0.00025113425
2003-03-21,1.9868214e-07
2003-03-22,0.0007037587
2003-03-23,0.00022037824
2003-03-24,0.0
2003-03-25,4.0358966e-05
2003-03-26,0.0008594592
2003-03-27,6.6227386e-08
2003-03-28,0.0
2003-03-29,0.0
2003-03-30,0.0
2003-03-31,5.9339736e-06
2003-04-01,0.00029826164
2003-04-02,0.00052608387
2003-04-03,0.00013996495
2003-04-04,0.0011823574
2003-04-05,1.5762118e-05
2003-04-06,0.00013067987
2003-04-07,2.556377e-06
2003-04-08,1.7219119e-07
2003-04-09,2.861023e-06
2003-04-10,3.8398637e-05
2003-04-11,0.00011368593
2003-04-12,0.0015267531
2003-04-13,0.0010824336
2003-04-14,0.00040798716
2003-04-15,3.0093723e-05
2003-04-16,0.00024816726
2003-04-17,4.4544537e-05
2003-04-18,1.9073486e-06
2003-04-19,0.0
2003-04-20,9.907617e-06
2003-04-21,0.000768688
2003-04-22,3.1616953e-05
2003-04-23,0.00036433007
2003-04-24,0.0017686817
2003-04-25,0.00079186755
2003-04-26,0.00042458376
2003-04-27,2.8133392e-05
2003-04-28,0.0014167362
2003-04-29,0.00088144676
2003-04-30,0.00014037556
2003-05-01,7.1525574e-07
2003-05-02,5.4279964e-05
2003-05-03,0.00025477674
2003-05-04,0.00024355782
2003-05-05,5.430645e-07
2003-05-06,0.00012262662
2003-05-07,0.00029643378
2003-05-08,0.00020517243
2003-05-09,6.808175e-06
2003-05-10,6.3194166e-05
2003-05-11,2.834532e-05
2003-05-12,3.0212932e-05
2003-05-13,0.0
2003-05-14,2.2384856e-06
2003-05-15,3.9683448e-05
2003-05-16,2.6490953e-08
2003-05-17,0.0
2003-05-18,0.0
2003-05-19,0.0
2003-05-20,0.0
2003-05-21,0.0
2003-05-22,0.0
2003-05-23,2.6490953e-08
2003-05-24,1.8278757e-06
2003-05-25,3.0755997e-05
2003-05-26,7.0068572e-06
2003-05-27,0.0
2003-05-28,0.0
2003-05-29,1.3218985e-05
2003-05-30,0.0
2003-05-31,0.0
2003-06-01,0.0
2003-06-02,0.0
2003-06-03,0.0
2003-06-04,0.0
2003-06-05,0.0
2003-06-06,1.05963814e-07
2003-06-07,1.9073486e-06
2003-06-08,0.0
2003-06-09,2.5166406e-07
2003-06-10,2.6755863e-06
2003-06-11,6.622738e-07
2003-06-12,2.5696224e-06
2003-06-13,1.2291803e-05
2003-06-14,0.0
2003-06-15,0.0
2003-06-16,0.0
2003-06-17,0.0
2003-06-18,8.34465e-07
2003-06-19,3.112687e-06
2003-06-20,0.0
2003-06-21,0.0
2003-06-22,3.6160152e-06
2003-06-23,1.5364753e-06
2003-06-24,0.0
2003-06-25,0.0
2003-06-26,0.0
2003-06-27,0.0
2003-06-28,0.0
2003-06-29,0.0
2003-06-30,0.0
2003-07-01,0.0
2003-07-02,0.0
2003-07-03,0.0
2003-07-04,0.0
2003-07-05,0.0
2003-07-06,0.0
2003-07-07,6.8876477e-07
2003-07-08,0.0
2003-07-09,0.0
2003-07-10,0.0
2003-07-11,0.0
2003-07-12,0.0
2003-07-13,0.0
2003-07-14,0.0
2003-07-15,0.0
2003-07-16,0.0
2003-07-17,0.0
2003-07-18,0.0
2003-07-19,0.0
2003-07-20,0.0
2003-07-21,0.0
2003-07-22,2.1192763e-07
2003-07-23,0.0
2003-07-24,7.4836944e-06
2003-07-25,5.086263e-05
2003-07-26,0.0
2003-07-27,0.0
2003-07-28,0.0
2003-07-29,1.6556846e-06
2003-07-30,0.0
2003-07-31,0.0
2003-08-01,3.5762787e-06
2003-08-02,0.00040606657
2003-08-03,0.00023304092
2003-08-04,9.2718335e-07
2003-08-05,9.271834e-08
2003-08-06,0.0
2003-08-07,1.2185839e-06
2003-08-08,2.1192763e-07
2003-08-09,0.0
2003-08-10,0.0
2003-08-11,0.0
2003-08-12,0.0
2003-08-13,0.0
2003-08-14,0.0
2003-08-15,0.0
2003-08-16,0.0
2003-08-17,0.0
2003-08-18,0.0
2003-08-19,0.0
2003-08-20,0.0
2003-08-21,2.5166405e-06
2003-08-22,0.00015674697
2003-08-23,4.834599e-06
2003-08-24,0.0
2003-08-25,0.0
2003-08-26,0.0
2003-08-27,0.0
2003-08-28,0.0
2003-08-29,0.0
2003-08-30,0.0
2003-08-31,8.477105e-07
2003-09-01,0.0
2003-09-02,0.0
2003-09-03,5.9604645e-07
2003-09-04,4.688899e-05
2003-09-05,3.7087335e-07
2003-09-06,0.0
2003-09-07,3.086196e-06
2003-09-08,5.033281e-07
2003-09-09,0.00010204315
2003-09-10,9.271834e-08
2003-09-11,0.0
2003-09-12,0.0
2003-09-13,0.0
2003-09-14,0.0
2003-09-15,0.0
2003-09-16,0.0
2003-09-17,0.0
2003-09-18,0.0
2003-09-19,0.0
2003-09-20,0.0
2003-09-21,0.0
2003-09-22,0.0
2003-09-23,0.0
2003-09-24,0.0
2003-09-25,0.0
2003-09-26,0.0
2003-09-27,0.0
2003-09-28,0.0
2003-09-29,4.9008264e-07
2003-09-30,0.0
2003-10-01,0.0
2003-10-02,3.973643e-07
2003-10-03,0.0
2003-10-04,0.0
2003-10-05,5.2981907e-08
2003-10-06,0.0
2003-10-07,0.0
2003-10-08,0.0
2003-10-09,7.947286e-08
2003-10-10,0.0
2003-10-11,0.0
2003-10-12,2.6490953e-08
2003-10-13,0.0
2003-10-14,0.0
2003-10-15,0.0
2003-10-16,0.0
2003-10-17,0.0
2003-10-18,0.0
2003-10-19,0.0
2003-10-20,0.0
2003-10-21,0.0
2003-10-22,0.0
2003-10-23,0.0
2003-10-24,0.0
2003-10-25,0.0
2003-10-26,0.0
2003-10-27,0.0
2003-10-28,0.0
2003-10-29,2.6490953e-08
2003-10-30,1.7788676e-05
2003-10-31,5.9141053e-05
2003-11-01,0.0
2003-11-02,0.000108122826
2003-11-03,0.00021978219
2003-11-04,1.7576747e-05
2003-11-05,0.00018343661
2003-11-06,6.216102e-05
2003-11-07,0.00042472946
2003-11-08,0.0012656053
2003-11-09,0.0016608635
2003-11-10,0.000110030174
2003-11-11,0.0
2003-11-12,0.0
2003-11-13,1.2901094e-05
2003-11-14,0.00050744746
2003-11-15,0.0009482834
2003-11-16,0.00028757253
2003-11-17,0.00023655097
2003-11-18,1.8543668e-07
2003-11-19,2.6490953e-08
2003-11-20,6.39889e-05
2003-11-21,6.6889656e-06
2003-11-22,9.271834e-08
2003-11-23,0.0
2003-11-24,1.1920929e-07
2003-11-25,2.249082e-05
2003-11-26,3.593498e-05
2003-11-27,0.0
2003-11-28,1.9378132e-05
2003-11-29,0.00065322715
2003-11-30,0.00040488772
2003-12-01,0.00072166655
2003-12-02,0.00037358867
2003-12-03,5.3803127e-05
2003-12-04,0.000102864375
2003-12-05,0.00096008513
2003-12-06,0.0016546382
2003-12-07,0.0006926457
2003-12-08,9.444025e-06
2003-12-09,0.00031924248
2003-12-10,0.0008624527
2003-12-11,0.00049685105
2003-12-12,0.0005297131
2003-12-13,0.001418021
2003-12-14,0.0012636847
2003-12-15,4.5961806e-06
2003-12-16,0.0
2003-12-17,0.0
2003-12-18,0.0
2003-12-19,2.764331e-05
2003-12-20,0.00045601526
2003-12-21,2.3418002e-05
2003-12-22,0.0
2003-12-23,0.000347707
2003-12-24,0.0019347933
2003-12-25,0.00033613047
2003-12-26,7.947286e-08
2003-12-27,2.2649765e-06
2003-12-28,0.00013629596
2003-12-29,0.0028690232
2003-12-30,0.00025355816
2003-12-31,0.0001961655
2004-01-01,0.0020012988
2004-01-02,0.00046609508
2004-01-03,3.1789143e-06
2004-01-04,3.5471385e-05
2004-01-05,3.5762787e-07
2004-01-06,7.9499354e-05
2004-01-07,0.0007026262
2004-01-08,0.0008386506
2004-01-09,0.0011030701
2004-01-10,8.743339e-05
2004-01-11,1.4702479e-06
2004-01-12,7.947286e-07
2004-01-13,5.3114363e-06
2004-01-14,0.00014564727
2004-01-15,1.4702479e-06
2004-01-16,0.0
2004-01-17,0.0
2004-01-18,1.3245477e-07
2004-01-19,4.9140717e-06
2004-01-20,1.3245477e-08
2004-01-21,0.0
2004-01-22,0.0
2004-01-23,1.0371208e-05
2004-01-24,0.00042074255
2004-01-25,6.013446e-06
2004-01-26,0.00017370118
2004-01-27,0.0008633799
2004-01-28,3.8279427e-06
2004-01-29,1.7219119e-07
2004-01-30,0.0004200008
2004-01-31,3.1789145e-07
2004-02-01,0.00010653337
2004-02-02,0.0012841754
2004-02-03,0.0006525119
2004-02-04,1.124541e-05
2004-02-05,0.0
2004-02-06,0.00042684874
2004-02-07,2.3206076e-05
2004-02-08,0.0
2004-02-09,0.0
2004-02-10,0.0
2004-02-11,0.0
2004-02-12,0.0
2004-02-13,7.695622e-06
2004-02-14,0.0002212127
2004-02-15,0.0009576612
2004-02-16,0.0029201773
2004-02-17,0.003759265
2004-02-18,0.0010414653
2004-02-19,0.0
2004-02-20,0.0
2004-02-21,3.586875e-05
2004-02-22,0.00039651658
2004-02-23,4.4226646e-05
2004-02-24,0.0006144047
2004-02-25,0.0015111102
2004-02-26,0.0013751984
2004-02-27,0.00042086176
2004-02-28,1.4570024e-07
2004-02-29,1.9099978e-05
2004-03-01,0.00094905164
2004-03-02,8.34465e-07
2004-03-03,4.503462e-07
2004-03-04,0.0
2004-03-05,3.7882064e-06
2004-03-06,6.3313378e-06
2004-03-07,0.0
2004-03-08,0.0
2004-03-09,0.0
2004-03-10,0.0
2004-03-11,0.0
2004-03-12,0.0
2004-03-13,0.0
2004-03-14,0.0
2004-03-15,0.0
2004-03-16,0.0
2004-03-17,0.0
2004-03-18,1.0053317e-05
2004-03-19,0.0
2004-03-20,0.0
2004-03-21,0.0
2004-03-22,0.0
2004-03-23,6.972419e-05
2004-03-24,5.337927e-05
2004-03-25,0.0011146598
2004-03-26,0.00032333532
2004-03-27,0.00034619702
2004-03-28,0.0
2004-03-29,0.0
2004-03-30,0.00027534697
2004-03-31,1.7616484e-06
2004-04-01,0.0
2004-04-02,0.0
2004-04-03,0.0
2004-04-04,0.0
2004-04-05,3.7087335e-07
2004-04-06,1.3709068e-05
2004-04-07,0.0
2004-04-08,0.0
2004-04-09,0.0
2004-04-10,0.0
2004-04-11,0.0
2004-04-12,2.1192763e-07
2004-04-13,9.332763e-05
2004-04-14,0.0001506673
2004-04-15,0.00016548898
2004-04-16,9.138054e-05
2004-04-17,0.00014703804
2004-04-18,0.0002787378
2004-04-19,0.0009310378
2004-04-20,0.0008100404
2004-04-21,0.00041459667
2004-04-22,0.0
2004-04-23,0.0
2004-04-24,0.0
2004-04-25,0.0
2004-04-26,1.5629662e-06
2004-04-27,0.0
2004-04-28,0.0
2004-04-29,0.0
2004-04-30,0.0
2004-05-01,0.0
2004-05-02,0.0
2004-05-03,0.0
2004-05-04,0.0
2004-05-05,0.0
2004-05-06,0.0
2004-05-07,2.0252333e-05
2004-05-08,3.6729707e-05
2004-05-09,0.0
2004-05-10,0.0003919734
2004-05-11,2.9140049e-06
2004-05-12,0.0
2004-05-13,0.0
2004-05-14,0.0
2004-05-15,1.3377932e-06
2004-05-16,0.0
2004-05-17,7.889006e-05
2004-05-18,0.00022878911
2004-05-19,2.5961135e-06
2004-05-20,8.0784164e-05
2004-05-21,4.483594e-05
2004-05-22,1.5709134e-05
2004-05-23,2.9140048e-07
2004-05-24,2.6490954e-07
2004-05-25,0.0
2004-05-26,1.8543668e-07
2004-05-27,0.00010704994
2004-05-28,6.54459e-05
2004-05-29,0.0
2004-05-30,0.0
2004-05-31,0.0
2004-06-01,0.0
2004-06-02,0.0
2004-06-03,0.0
2004-06-04,0.0
2004-06-05,0.0
2004-06-06,0.0
2004-06-07,3.903442e-05
2004-06-08,2.3404757e-05
2004-06-09,3.710058e-05
2004-06-10,7.4572035e-06
2004-06-11,0.0
2004-06-12,0.0
2004-06-13,0.0
2004-06-14,0.0
2004-06-15,0.0
2004-06-16,0.0
2004-06-17,0.0
2004-06-18,1.5338263e-05
2004-06-19,0.0
2004-06-20,0.0
2004-06-21,0.0
2004-06-22,0.0
2004-06-23,0.0
2004-06-24,0.0
2004-06-25,0.0
2004-06-26,0.0
2004-06-27,4.7683716e-07
2004-06-28,3.847811e-05
2004-06-29,5.420049e-05
2004-06-30,3.4941568e-05
2004-07-01,5.165736e-07
2004-07-02,1.8543668e-07
2004-07-03,5.2981907e-08
2004-07-04,0.0
2004-07-05,0.0
2004-07-06,0.0
2004-07-07,0.0
2004-07-08,0.0
2004-07-09,0.0
2004-07-10,7.947286e-08
2004-07-11,0.0
2004-07-12,0.0
2004-07-13,0.0
2004-07-14,0.0
2004-07-15,0.0
2004-07-16,0.0
2004-07-17,2.6490953e-08
2004-07-18,2.5431316e-06
2004-07-19,0.0001232624
2004-07-20,3.4438239e-07
2004-07-21,0.0
2004-07-22,0.0
2004-07-23,0.0
2004-07-24,2.0676189e-05
2004-07-25,1.3245477e-07
2004-07-26,0.0
2004-07-27,0.0
2004-07-28,0.0
2004-07-29,0.0
2004-07-30,3.417333e-06
2004-07-31,0.0
2004-08-01,0.0
2004-08-02,0.0
2004-08-03,0.0
2004-08-04,2.1192763e-07
2004-08-05,5.2981907e-08
2004-08-06,0.0
2004-08-07,0.0
2004-08-08,0.0
2004-08-09,0.0
2004-08-10,0.0
2004-08-11,0.0
2004-08-12,0.0
2004-08-13,0.0
2004-08-14,0.0
2004-08-15,0.0
2004-08-16,0.0
2004-08-17,0.0
2004-08-18,0.0
2004-08-19,0.0
2004-08-20,0.0
2004-08-21,0.0
2004-08-22,7.64264e-06
2004-08-23,2.7471118e-05
2004-08-24,7.947286e-08
2004-08-25,7.947286e-08
2004-08-26,7.947286e-08
2004-08-27,0.0
2004-08-28,0.0
2004-08-29,6.0929193e-07
2004-08-30,0.0
2004-08-31,0.0
2004-09-01,3.973643e-08
2004-09-02,0.0
2004-09-03,0.0
2004-09-04,0.0
2004-09-05,0.0
2004-09-06,0.0
2004-09-07,0.0
2004-09-08,0.0
2004-09-09,0.0
2004-09-10,0.0
2004-09-11,0.0
2004-09-12,0.0
2004-09-13,0.0
2004-09-14,0.0
2004-09-15,0.0
2004-09-16,0.0
2004-09-17,0.0
2004-09-18,7.417467e-07
2004-09-19,3.508727e-05
2004-09-20,1.405345e-05
2004-09-21,0.0
2004-09-22,0.0
2004-09-23,0.0
2004-09-24,0.0
2004-09-25,0.0
2004-09-26,0.0
2004-09-27,0.0
2004-09-28,0.0
2004-09-29,7.205539e-06
2004-09-30,6.6889656e-06
2004-10-01,0.0
2004-10-02,0.0
2004-10-03,0.0
2004-10-04,6.8876477e-07
2004-10-05,0.0
2004-10-06,0.0
2004-10-07,5.2981907e-08
2004-10-08,0.0
2004-10-09,9.0665286e-05
2004-10-10,0.0
2004-10-11,0.0
2004-10-12,0.0
2004-10-13,0.0
2004-10-14,0.0
2004-10-15,0.0
2004-10-16,0.0
2004-10-17,0.0014445119
2004-10-18,0.0002253188
2004-10-19,0.0022363795
2004-10-20,0.00049087737
2004-10-21,0.0
2004-10-22,7.788341e-06
2004-10-23,0.0009361903
2004-10-24,6.928709e-05
2004-10-25,1.5603171e-05
2004-10-26,0.001374801
2004-10-27,4.3710074e-07
2004-10-28,8.0280835e-05
2004-10-29,3.2318962e-06
2004-10-30,0.0
2004-10-31,0.0
2004-11-01,0.0
2004-11-02,0.0
2004-11-03,0.00046406852
2004-11-04,7.5393255e-05
2004-11-05,0.0
2004-11-06,0.0
2004-11-07,0.0
2004-11-08,0.0
2004-11-09,0.00018082725
2004-11-10,0.00027896298
2004-11-11,0.00011756685
2004-11-12,0.0
2004-11-13,2.3232566e-05
2004-11-14,0.0
2004-11-15,0.0
2004-11-16,0.00011193752
2004-11-17,0.0
2004-11-18,0.0
2004-11-19,5.430645e-07
2004-11-20,0.0
2004-11-21,0.0
2004-11-22,1.0331472e-06
2004-11-23,0.0
2004-11-24,0.0
2004-11-25,9.995037e-05
2004-11-26,5.801519e-06
2004-11-27,0.0005435679
2004-11-28,2.6490953e-08
2004-11-29,0.0
2004-11-30,2.1457672e-06
2004-12-01,0.0
2004-12-02,0.0
2004-12-03,0.0
2004-12-04,0.0
2004-12-05,2.6490953e-08
2004-12-06,0.000808994
2004-12-07,0.0018742217
2004-12-08,0.003345026
2004-12-09,0.00081247755
2004-12-10,5.0200356e-06
2004-12-11,2.6490953e-08
2004-12-12,0.0
2004-12-13,0.00012597773
2004-12-14,4.5696896e-05
2004-12-15,0.0
2004-12-16,0.0
2004-12-17,0.0
2004-12-18,0.0
2004-12-19,0.0
2004-12-20,0.0
2004-12-21,0.0
2004-12-22,0.0
2004-12-23,0.0
2004-12-24,0.0
2004-12-25,0.0
2004-12-26,0.0012351671
2004-12-27,0.00243836
2004-12-28,0.00076244934
2004-12-29,0.000647929
2004-12-30,0.0016272068
2004-12-31,0.0005668402
2005-01-01,0.00092958077
2005-01-02,0.0006636646
2005-01-03,3.7352245e-05
2005-01-04,2.6490953e-08
2005-01-05,9.651979e-05
2005-01-06,0.00010265244
2005-01-07,0.0010181268
2005-01-08,0.0010954142
2005-01-09,0.00085888966
2005-01-10,0.0001868142
2005-01-11,0.00042551092
2005-01-12,0.0
2005-01-13,0.0
2005-01-14,2.6490954e-07
2005-01-15,9.271834e-08
2005-01-16,2.070268e-05
2005-01-17,3.006723e-06
2005-01-18,0.0
2005-01-19,0.0
2005-01-20,0.0
2005-01-21,0.0
2005-01-22,0.0
2005-01-23,0.0
2005-01-24,0.0
2005-01-25,0.00012913015
2005-01-26,0.0016351012
2005-01-27,0.00029864575
2005-01-28,0.0012359619
2005-01-29,0.00010841423
2005-01-30,0.0
2005-01-31,0.0
2005-02-01,0.0
2005-02-02,0.0
2005-02-03,0.0
2005-02-04,0.0
2005-02-05,1.9868214e-07
2005-02-06,1.3245477e-08
2005-02-07,0.00018511878
2005-02-08,2.6490953e-08
2005-02-09,0.0
2005-02-10,0.0
2005-02-11,0.0
2005-02-12,1.874235e-05
2005-02-13,0.00095350214
2005-02-14,0.0005704032
2005-02-15,3.8411883e-07
2005-02-16,5.2279895e-05
2005-02-17,2.1192763e-07
2005-02-18,0.00012281205
2005-02-19,0.00012621615
2005-02-20,0.0011977354
2005-02-21,3.8848983e-05
2005-02-22,3.8146973e-06
2005-02-23,1.3245477e-07
2005-02-24,2.1192763e-07
2005-02-25,1.613299e-05
2005-02-26,1.4649497e-05
2005-02-27,0.0004513926
2005-02-28,0.0011884504
2005-03-01,5.5140918e-05
2005-03-02,0.00041413307
2005-03-03,0.0
2005-03-04,0.00013471974
2005-03-05,0.0
2005-03-06,0.0
2005-03-07,0.0
2005-03-08,0.0
2005-03-09,0.0
2005-03-10,0.0
2005-03-11,0.0
2005-03-12,0.0
2005-03-13,0.0
2005-03-14,0.0
2005-03-15,0.0
2005-03-16,2.3841858e-07
2005-03-17,1.3709068e-05
2005-03-18,5.9604645e-06
2005-03-19,0.0018278095
2005-03-20,0.0014748573
2005-03-21,0.0007508993
2005-03-22,0.0019895632
2005-03-23,0.00065570406
2005-03-24,2.486176e-05
2005-03-25,8.742015e-07
2005-03-26,2.0808644e-05
2005-03-27,0.00073193177
2005-03-28,0.0005937682
2005-03-29,0.0003606081
2005-03-30,6.6227384e-09
2005-03-31,0.0
2005-04-01,1.5894572e-07
2005-04-02,9.4917086e-05
2005-04-03,0.0012112459
2005-04-04,4.1471587e-05
2005-04-05,4.1060977e-07
2005-04-06,0.0
2005-04-07,0.0006315708
2005-04-08,0.000797934
2005-04-09,0.00013098452
2005-04-10,0.0
2005-04-11,1.58151e-05
2005-04-12,8.764532e-05
2005-04-13,0.00015295876
2005-04-14,0.0
2005-04-15,0.0
2005-04-16,7.3379942e-06
2005-04-17,6.6664485e-05
2005-04-18,8.159213e-06
2005-04-19,6.0929193e-07
2005-04-20,1.6424391e-06
2005-04-21,1.5099844e-06
2005-04-22,2.3841858e-07
2005-04-23,0.00026855204
2005-04-24,9.074476e-05
2005-04-25,1.3563368e-05
2005-04-26,1.1258655e-06
2005-04-27,4.409419e-05
2005-04-28,0.00011134148
2005-04-29,8.2823964e-05
2005-04-30,5.932649e-05
2005-05-01,7.222759e-05
2005-05-02,1.7788676e-05
2005-05-03,2.026558e-06
2005-05-04,0.00030386448
2005-05-05,0.00082378916
2005-05-06,0.00025542578
2005-05-07,0.00020913284
2005-05-08,0.0014762878
2005-05-09,0.0013479127
2005-05-10,3.3656757e-05
2005-05-11,0.0
2005-05-12,1.4967388e-06
2005-05-13,3.496806e-05
2005-05-14,5.947219e-06
2005-05-15,0.00039064884
2005-05-16,0.00024100144
2005-05-17,0.00040006638
2005-05-18,0.0024506385
2005-05-19,0.00050458644
2005-05-20,5.7842997e-05
2005-05-21,0.0
2005-05-22,0.0
2005-05-23,0.0
2005-05-24,0.0
2005-05-25,5.337927e-06
2005-05-26,0.0
2005-05-27,0.0
2005-05-28,0.0001393689
2005-05-29,8.000268e-06
2005-05-30,1.2185839e-06
2005-05-31,1.0728836e-06
2005-06-01,0.0
2005-06-02,0.0
2005-06-03,0.0
2005-06-04,0.0
2005-06-05,4.675653e-06
2005-06-06,3.6213132e-05
2005-06-07,5.470382e-06
2005-06-08,0.00022653739
2005-06-09,0.00011165937
2005-06-10,8.384387e-06
2005-06-11,2.6490953e-08
2005-06-12,0.0
2005-06-13,0.0
2005-06-14,5.2981907e-08
2005-06-15,0.0
2005-06-16,0.00064390234
2005-06-17,0.0009426673
2005-06-18,0.0006799698
2005-06-19,2.2623273e-05
2005-06-20,0.0
2005-06-21,0.0
2005-06-22,0.0
2005-06-23,0.0
2005-06-24,0.0
2005-06-25,7.1525574e-06
2005-06-26,1.5894572e-06
2005-06-27,4.808108e-06
2005-06-28,1.8543667e-06
2005-06-29,0.0
2005-06-30,0.0
2005-07-01,0.0
2005-07-02,0.0
2005-07-03,0.0
2005-07-04,0.0
2005-07-05,0.0
2005-07-06,0.0
2005-07-07,0.0
2005-07-08,0.0
2005-07-09,1.8411213e-06
2005-07-10,5.9604645e-07
2005-07-11,0.0
2005-07-12,0.0
2005-07-13,0.0
2005-07-14,0.0
2005-07-15,0.0
2005-07-16,0.0
2005-07-17,0.0
2005-07-18,0.0
2005-07-19,0.0
2005-07-20,0.0
2005-07-21,5.2981907e-08
2005-07-22,0.0
2005-07-23,0.0
2005-07-24,0.0
2005-07-25,0.0
2005-07-26,0.0
2005-07-27,0.0
2005-07-28,0.0
2005-07-29,5.2981907e-08
2005-07-30,0.0
2005-07-31,5.2981907e-08
2005-08-01,0.0
2005-08-02,2.6490953e-08
2005-08-03,0.0
2005-08-04,0.0
2005-08-05,0.0
2005-08-06,0.0
2005-08-07,0.0
2005-08-08,0.0
2005-08-09,0.0
2005-08-10,0.0
2005-08-11,0.0
2005-08-12,0.0
2005-08-13,0.0
2005-08-14,0.0
2005-08-15,6.2386193e-06
2005-08-16,0.0
2005-08-17,0.0
2005-08-18,0.0
2005-08-19,0.0
2005-08-20,0.0
2005-08-21,0.0
2005-08-22,0.0
2005-08-23,0.0
2005-08-24,0.0
2005-08-25,0.0
2005-08-26,0.0
2005-08-27,0.0
2005-08-28,0.0
2005-08-29,0.0
2005-08-30,0.0
2005-08-31,0.0
2005-09-01,0.0
2005-09-02,0.0
2005-09-03,0.0
2005-09-04,0.0
2005-09-05,0.0
2005-09-06,0.0
2005-09-07,0.0
2005-09-08,0.0
2005-09-09,3.5378667e-05
2005-09-10,4.1418607e-05
2005-09-11,9.139379e-06
2005-09-12,0.0
2005-09-13,0.0
2005-09-14,0.0
2005-09-15,0.0
2005-09-16,6.580353e-05
2005-09-17,9.4042883e-07
2005-09-18,0.0
2005-09-19,0.0
2005-09-20,0.0
2005-09-21,0.0
2005-09-22,0.0
2005-09-23,5.90086e-05
2005-09-24,0.0
2005-09-25,0.0
2005-09-26,2.3841858e-07
2005-09-27,3.8279428e-05
2005-09-28,0.0
2005-09-29,0.0
2005-09-30,0.0
2005-10-01,8.60956e-07
2005-10-02,5.0200356e-06
2005-10-03,8.351273e-05
2005-10-04,5.2981907e-08
2005-10-05,0.0
2005-10-06,0.0
2005-10-07,2.6490953e-08
2005-10-08,3.1656689e-06
2005-10-09,0.0
2005-10-10,0.0
2005-10-11,0.0
2005-10-12,0.0
2005-10-13,0.0
2005-10-14,0.0
2005-10-15,5.821387e-05
2005-10-16,0.0
2005-10-17,0.0
2005-10-18,0.0
2005-10-19,0.00010044045
2005-10-20,0.0
2005-10-21,0.0
2005-10-22,0.0
2005-10-23,0.0
2005-10-24,0.0
2005-10-25,2.6888317e-06
2005-10-26,0.00043200122
2005-10-27,0.00014763408
2005-10-28,0.0007687542
2005-10-29,0.00012318294
2005-10-30,0.0
2005-10-31,0.0
2005-11-01,3.973643e-08
2005-11-02,0.00019192696
2005-11-03,0.00067109533
2005-11-04,0.00056336983
2005-11-05,7.9804e-05
2005-11-06,0.00116992
2005-11-07,0.0027639072
2005-11-08,0.00074546866
2005-11-09,0.0
2005-11-10,0.0
2005-11-11,3.7140315e-05
2005-11-12,2.304713e-06
2005-11-13,3.1789143e-06
2005-11-14,4.132589e-06
2005-11-15,0.0
2005-11-16,0.0
2005-11-17,0.0
2005-11-18,0.0
2005-11-19,0.0
2005-11-20,0.0
2005-11-21,0.0
2005-11-22,0.0
2005-11-23,0.0
2005-11-24,0.0
2005-11-25,0.00089118216
2005-11-26,5.258454e-06
2005-11-27,0.0
2005-11-28,0.00087993674
2005-11-29,0.00067276426
2005-11-30,6.247891e-05
2005-12-01,0.0030741957
2005-12-02,8.65327e-05
2005-12-03,2.0212598e-05
2005-12-04,0.0
2005-12-05,0.0
2005-12-06,0.0
2005-12-07,4.5339268e-05
2005-12-08,2.4027295e-05
2005-12-09,0.0
2005-12-10,0.0
2005-12-11,0.0
2005-12-12,0.0
2005-12-13,0.0
2005-12-14,0.0
2005-12-15,0.0
2005-12-16,0.0
2005-12-17,1.2291803e-05
2005-12-18,0.0013356738
2005-12-19,0.0021455819
2005-12-20,0.00044916736
2005-12-21,0.0015384754
2005-12-22,0.0017716752
2005-12-23,0.0007705026
2005-12-24,9.271834e-08
2005-12-25,0.0008613004
2005-12-26,0.0013988415
2005-12-27,0.001473864
2005-12-28,0.0028451947
2005-12-29,2.527237e-05
2005-12-30,0.002805935
2005-12-31,0.0018820497
2006-01-01,0.0015428066
2006-01-02,0.0005157259
2006-01-03,0.0009846025
2006-01-04,0.0006225639
2006-01-05,3.973643e-08
2006-01-06,0.0
2006-01-07,0.00051274564
2006-01-08,1.2702412e-05
2006-01-09,0.0
2006-01-10,0.00036622418
2006-01-11,0.0005931854
2006-01-12,2.280871e-05
2006-01-13,0.00014710426
2006-01-14,0.0012927452
2006-01-15,3.6994617e-05
2006-01-16,6.793605e-05
2006-01-17,0.0009727478
2006-01-18,0.0012184911
2006-01-19,1.1404355e-05
2006-01-20,6.900894e-05
2006-01-21,9.572506e-05
2006-01-22,1.05963814e-07
2006-01-23,0.0
2006-01-24,0.0
2006-01-25,2.6490953e-08
2006-01-26,0.00027787685
2006-01-27,0.0004155106
2006-01-28,0.0013582044
2006-01-29,0.00023355748
2006-01-30,0.0012533002
2006-01-31,7.218785e-06
2006-02-01,0.0008255376
2006-02-02,0.0005726947
2006-02-03,9.950002e-05
2006-02-04,0.00073189207
2006-02-05,0.0
2006-02-06,0.0
2006-02-07,0.0
2006-02-08,0.0
2006-02-09,0.0
2006-02-10,0.0
2006-02-11,0.0
2006-02-12,0.0
2006-02-13,0.0
2006-02-14,5.2981907e-08
2006-02-15,2.0927853e-06
2006-02-16,7.9737765e-06
2006-02-17,0.00012303723
2006-02-18,0.00016264121
2006-02-19,6.6889656e-06
2006-02-20,0.0
2006-02-21,0.0
2006-02-22,0.0
2006-02-23,0.0
2006-02-24,0.0
2006-02-25,0.0
2006-02-26,0.00021251042
2006-02-27,0.002439022
2006-02-28,0.0026877853
2006-03-01,0.00027688345
2006-03-02,0.0006707112
2006-03-03,0.0002882613
2006-03-04,0.00018376774
2006-03-05,0.0015339586
2006-03-06,0.001620743
2006-03-07,0.00059684116
2006-03-08,2.3947821e-05
2006-03-09,0.0002885262
2006-03-10,0.00024765066
2006-03-11,0.00028080412
2006-03-12,0.00010332796
2006-03-13,0.00025192896
2006-03-14,0.0012827715
2006-03-15,0.00054781965
2006-03-16,0.0010996395
2006-03-17,0.0005484025
2006-03-18,3.7087335e-07
2006-03-19,0.0
2006-03-20,0.0002621677
2006-03-21,0.00017318461
2006-03-22,4.251798e-05
2006-03-23,4.3710074e-07
2006-03-24,0.00069080456
2006-03-25,0.0014856921
2006-03-26,3.2583873e-06
2006-03-27,3.0994415e-06
2006-03-28,0.0012437635
2006-03-29,0.00042508708
2006-03-30,9.3592535e-05
2006-03-31,0.0013134083
2006-04-01,0.0006569889
2006-04-02,0.0004219214
2006-04-03,0.0019225677
2006-04-04,0.00030604997
2006-04-05,0.00048620172
2006-04-06,0.0001638068
2006-04-07,9.708934e-06
2006-04-08,0.0006666051
2006-04-09,0.00043923326
2006-04-10,0.00053905114
2006-04-11,0.0012169811
2006-04-12,0.0016801092
2006-04-13,1.2397766e-05
2006-04-14,9.756618e-05
2006-04-15,0.00077544316
2006-04-16,0.000680844
2006-04-17,9.392368e-05
2006-04-18,0.0
2006-04-19,0.0
2006-04-20,1.2185839e-06
2006-04-21,7.098251e-05
2006-04-22,8.1949765e-05
2006-04-23,4.000134e-06
2006-04-24,0.00016711818
2006-04-25,5.0796403e-05
2006-04-26,4.7683716e-07
2006-04-27,0.0
2006-04-28,0.0
2006-04-29,1.1112955e-05
2006-04-30,3.973643e-07
2006-05-01,0.0
2006-05-02,5.2981907e-08
2006-05-03,0.0
2006-05-04,0.0
2006-05-05,3.0729507e-06
2006-05-06,5.8372814e-05
2006-05-07,5.2981907e-08
2006-05-08,0.0
2006-05-09,0.0
2006-05-10,0.0
2006-05-11,0.0
2006-05-12,0.0
2006-05-13,0.0
2006-05-14,0.0
2006-05-15,6.4637925e-06
2006-05-16,4.7683716e-07
2006-05-17,0.0
2006-05-18,8.794997e-06
2006-05-19,0.0001657539
2006-05-20,0.0003432565
2006-05-21,9.0678535e-05
2006-05-22,0.0005191167
2006-05-23,0.0001506408
2006-05-24,6.1790146e-05
2006-05-25,1.9868214e-07
2006-05-26,7.494291e-05
2006-05-27,6.557835e-05
2006-05-28,5.0995086e-06
2006-05-29,4.2385525e-07
2006-05-30,0.0
2006-05-31,0.0
2006-06-01,4.6796267e-05
2006-06-02,6.3459076e-05
2006-06-03,1.8543668e-07
2006-06-04,1.3245477e-08
2006-06-05,0.0
2006-06-06,0.0
2006-06-07,0.0
2006-06-08,0.0
2006-06-09,0.0
2006-06-10,0.0
2006-06-11,6.622738e-07
2006-06-12,8.357896e-06
2006-06-13,0.00018465519
2006-06-14,0.00018415187
2006-06-15,1.7748939e-06
2006-06-16,0.0
2006-06-17,0.0
2006-06-18,0.0
2006-06-19,0.0
2006-06-20,0.0
2006-06-21,0.0
2006-06-22,0.0
2006-06-23,0.0
2006-06-24,0.0
2006-06-25,0.0
2006-06-26,5.0849383e-05
2006-06-27,3.2742817e-05
2006-06-28,3.1259326e-05
2006-06-29,3.0199687e-06
2006-06-30,0.0
2006-07-01,0.0
2006-07-02,2.1192763e-07
2006-07-03,0.0
2006-07-04,0.0
2006-07-05,0.0
2006-07-06,0.0
2006-07-07,0.0
2006-07-08,4.9935447e-06
2006-07-09,0.0
2006-07-10,0.0
2006-07-11,0.0
2006-07-12,0.0
2006-07-13,0.0
2006-07-14,0.0
2006-07-15,0.0
2006-07-16,0.0
2006-07-17,0.0
2006-07-18,0.0
2006-07-19,0.0
2006-07-20,0.0
2006-07-21,5.669064e-06
2006-07-22,5.8809917e-05
2006-07-23,2.78155e-07
2006-07-24,2.3616685e-05
2006-07-25,0.0
2006-07-26,0.0
2006-07-27,0.0
2006-07-28,0.0
2006-07-29,0.0
2006-07-30,0.0
2006-07-31,0.0
2006-08-01,0.0
2006-08-02,0.0
2006-08-03,0.0
2006-08-04,0.0
2006-08-05,1.1735492e-05
2006-08-06,9.8148985e-06
2006-08-07,7.930067e-05
2006-08-08,2.6226044e-06
2006-08-09,0.0
2006-08-10,0.0
2006-08-11,0.0
2006-08-12,0.0
2006-08-13,0.0
2006-08-14,0.0
2006-08-15,0.0
2006-08-16,5.2981907e-08
2006-08-17,0.0
2006-08-18,0.0
2006-08-19,0.0
2006-08-20,0.0
2006-08-21,0.0
2006-08-22,0.0
2006-08-23,0.0
2006-08-24,0.0
2006-08-25,0.0
2006-08-26,0.0
2006-08-27,0.0
2006-08-28,0.0
2006-08-29,0.0
2006-08-30,0.0
2006-08-31,0.0
2006-09-01,0.0
2006-09-02,0.0
2006-09-03,0.0
2006-09-04,0.0
2006-09-05,0.0
2006-09-06,0.0
2006-09-07,2.3841858e-07
2006-09-08,0.0
2006-09-09,0.0
2006-09-10,0.0
2006-09-11,0.0
2006-09-12,0.0
2006-09-13,0.0
2006-09-14,0.0
2006-09-15,2.541807e-05
2006-09-16,0.0
2006-09-17,0.0
2006-09-18,0.0
2006-09-19,1.3245477e-08
2006-09-20,0.0
2006-09-21,2.6490953e-08
2006-09-22,0.0
2006-09-23,0.0
2006-09-24,0.0
2006-09-25,0.0
2006-09-26,0.0
2006-09-27,0.0
2006-09-28,0.0
2006-09-29,0.0
2006-09-30,0.0
2006-10-01,0.0
2006-10-02,2.3841858e-07
2006-10-03,1.3245477e-08
2006-10-04,2.1643109e-05
2006-10-05,0.00011988481
2006-10-06,3.3511056e-05
2006-10-07,2.6490953e-08
2006-10-08,0.0
2006-10-09,0.0
2006-10-10,0.0
2006-10-11,0.0
2006-10-12,0.0
2006-10-13,0.0
2006-10-14,0.0
2006-10-15,3.4438239e-07
2006-10-16,8.79897e-05
2006-10-17,2.5166406e-07
2006-10-18,0.0
2006-10-19,0.0
2006-10-20,0.0
2006-10-21,0.0
2006-10-22,0.0
2006-10-23,0.0
2006-10-24,0.0
2006-10-25,0.0
2006-10-26,0.0
2006-10-27,0.0
2006-10-28,0.0
2006-10-29,0.0
2006-10-30,0.0
2006-10-31,0.0
2006-11-01,3.618664e-05
2006-11-02,0.0004900164
2006-11-03,0.0005842447
2006-11-04,9.993712e-05
2006-11-05,6.4373016e-06
2006-11-06,3.4438239e-07
2006-11-07,1.1033482e-05
2006-11-08,0.00015146202
2006-11-09,1.4570024e-06
2006-11-10,0.0
2006-11-11,0.0005222426
2006-11-12,1.1523564e-05
2006-11-13,0.0012734333
2006-11-14,0.0004218552
2006-11-15,0.0
2006-11-16,0.000412835
2006-11-17,0.00034582615
2006-11-18,4.251798e-06
2006-11-19,2.6490953e-08
2006-11-20,0.0002250539
2006-11-21,0.0007120371
2006-11-22,0.0005489588
2006-11-23,0.00024799505
2006-11-24,0.0
2006-11-25,2.1192763e-07
2006-11-26,0.0006530152
2006-11-27,0.00065153174
2006-11-28,8.499622e-05
2006-11-29,3.2054054e-06
2006-11-30,0.0
2006-12-01,5.2981907e-08
2006-12-02,0.0
2006-12-03,0.0
2006-12-04,0.0
2006-12-05,0.0
2006-12-06,0.0
2006-12-07,0.0
2006-12-08,0.0
2006-12-09,0.0011091498
2006-12-10,0.001440035
2006-12-11,0.00073005096
2006-12-12,0.00097425777
2006-12-13,0.0016401211
2006-12-14,0.0008629031
2006-12-15,0.00031838153
2006-12-16,7.0201025e-07
2006-12-17,1.7219119e-07
2006-12-18,0.0
2006-12-19,0.0
2006-12-20,3.973643e-06
2006-12-21,0.000374794
2006-12-22,1.1457338e-05
2006-12-23,3.3656757e-05
2006-12-24,2.78155e-07
2006-12-25,9.5036296e-05
2006-12-26,0.001840459
2006-12-27,0.0011010435
2006-12-28,6.6227386e-08
2006-12-29,0.0
2006-12-30,0.0
2006-12-31,4.8213533e-06
2007-01-01,0.0
2007-01-02,4.7418807e-06
2007-01-03,0.0005507469
2007-01-04,0.00030198361
2007-01-05,1.7219119e-07
2007-01-06,8.079741e-06
2007-01-07,1.9868214e-07
2007-01-08,0.0
2007-01-09,0.0
2007-01-10,4.6359168e-07
2007-01-11,7.788341e-06
2007-01-12,1.086129e-06
2007-01-13,0.0
2007-01-14,0.0
2007-01-15,0.0
2007-01-16,5.033281e-06
2007-01-17,5.2809715e-05
2007-01-18,0.0
2007-01-19,0.0
2007-01-20,5.2981907e-08
2007-01-21,0.0
2007-01-22,0.0
2007-01-23,0.0
2007-01-24,0.0
2007-01-25,0.0
2007-01-26,0.0
2007-01-27,5.2981907e-08
2007-01-28,0.0
2007-01-29,0.0
2007-01-30,0.0
2007-01-31,0.0
2007-02-01,0.0
2007-02-02,0.0
2007-02-03,0.0
2007-02-04,0.0
2007-02-05,0.0
2007-02-06,0.0
2007-02-07,0.0005924569
2007-02-08,0.0009586944
2007-02-09,0.0016370879
2007-02-10,0.0015718142
2007-02-11,0.0010710689
2007-02-12,0.00018518501
2007-02-13,0.00013971329
2007-02-14,3.4305785e-06
2007-02-15,2.7550592e-05
2007-02-16,0.0
2007-02-17,0.0
2007-02-18,1.973576e-06
2007-02-19,0.0
2007-02-20,6.939305e-05
2007-02-21,0.0014559296
2007-02-22,0.0013675424
2007-02-23,2.78155e-05
2007-02-24,0.0003071361
2007-02-25,0.0013042821
2007-02-26,0.00074768066
2007-02-27,0.0006092787
2007-02-28,0.00025006136
2007-03-01,0.000111195775
2007-03-02,4.665057e-05
2007-03-03,2.6490953e-08
2007-03-04,0.0
2007-03-05,3.0464597e-07
2007-03-06,0.0
2007-03-07,0.00013034874
2007-03-08,2.310011e-05
2007-03-09,4.940563e-05
2007-03-10,4.1590797e-06
2007-03-11,0.0
2007-03-12,0.0
2007-03-13,6.6227386e-08
2007-03-14,0.0
2007-03-15,0.0
2007-03-16,0.0
2007-03-17,0.0
2007-03-18,0.0
2007-03-19,5.4041543e-06
2007-03-20,0.0002542999
2007-03-21,9.271834e-08
2007-03-22,0.0
2007-03-23,0.0
2007-03-24,2.6490952e-06
2007-03-25,5.569723e-05
2007-03-26,0.0007094012
2007-03-27,5.523364e-05
2007-03-28,6.6227386e-08
2007-03-29,0.0
2007-03-30,0.0
2007-03-31,5.165736e-07
2007-04-01,2.5431316e-06
2007-04-02,0.0
2007-04-03,0.0
2007-04-04,8.967188e-06
2007-04-05,0.0
2007-04-06,0.0
2007-04-07,0.00015691917
2007-04-08,1.3377932e-06
2007-04-09,4.967054e-06
2007-04-10,2.6490953e-08
2007-04-11,0.00024088223
2007-04-12,4.609426e-06
2007-04-13,0.0
2007-04-14,0.00043967034
2007-04-15,1.920594e-06
2007-04-16,3.7352245e-06
2007-04-17,7.0002345e-05
2007-04-18,2.292792e-05
2007-04-19,0.00011744764
2007-04-20,1.5497208e-06
2007-04-21,0.0005653567
2007-04-22,0.00094089244
2007-04-23,2.6490953e-08
2007-04-24,0.0
2007-04-25,2.6490953e-08
2007-04-26,0.0
2007-04-27,0.0
2007-04-28,0.0
2007-04-29,5.2981907e-08
2007-04-30,0.0
2007-05-01,7.891655e-05
2007-05-02,0.00054068037
2007-05-03,5.2981908e-05
2007-05-04,0.00020488103
2007-05-05,0.0
2007-05-06,0.0
2007-05-07,0.0
2007-05-08,1.0199017e-06
2007-05-09,2.6490953e-08
2007-05-10,0.0
2007-05-11,0.0
2007-05-12,1.3245477e-07
2007-05-13,0.0
2007-05-14,0.0
2007-05-15,0.0
2007-05-16,0.0
2007-05-17,0.0
2007-05-18,0.0
2007-05-19,0.0
2007-05-20,1.2715658e-06
2007-05-21,0.0
2007-05-22,0.0
2007-05-23,0.0
2007-05-24,0.0
2007-05-25,0.0
2007-05-26,0.0
2007-05-27,0.0
2007-05-28,0.0
2007-05-29,0.0
2007-05-30,0.0
2007-05-31,5.298191e-07
2007-06-01,0.0
2007-06-02,0.0
2007-06-03,1.3245477e-08
2007-06-04,3.7670135e-05
2007-06-05,7.738007e-05
2007-06-06,1.1867947e-05
2007-06-07,0.0
2007-06-08,0.0
2007-06-09,9.669198e-06
2007-06-10,3.973643e-07
2007-06-11,0.0
2007-06-12,0.0
2007-06-13,0.0
2007-06-14,0.0
2007-06-15,0.0
2007-06-16,0.0
2007-06-17,0.0
2007-06-18,0.0
2007-06-19,0.0
2007-06-20,0.0
2007-06-21,0.0
2007-06-22,0.0
2007-06-23,0.0
2007-06-24,0.0
2007-06-25,0.0
2007-06-26,0.0
2007-06-27,0.0
2007-06-28,5.2981907e-08
2007-06-29,4.7683716e-07
2007-06-30,0.0
2007-07-01,0.0
2007-07-02,0.0
2007-07-03,0.0
2007-07-04,0.0
2007-07-05,0.0
2007-07-06,0.0
2007-07-07,0.0
2007-07-08,0.0
2007-07-09,0.0
2007-07-10,1.4437569e-06
2007-07-11,2.000067e-06
2007-07-12,0.0
2007-07-13,0.0
2007-07-14,0.0
2007-07-15,0.0
2007-07-16,0.0
2007-07-17,0.0
2007-07-18,0.0011816687
2007-07-19,3.9047663e-05
2007-07-20,0.0
2007-07-21,0.0
2007-07-22,0.0
2007-07-23,0.0
2007-07-24,0.0
2007-07-25,0.0
2007-07-26,0.0
2007-07-27,0.0
2007-07-28,0.0
2007-07-29,0.0
2007-07-30,0.0
2007-07-31,0.0
2007-08-01,0.0
2007-08-02,0.0
2007-08-03,0.0
2007-08-04,0.0
2007-08-05,0.0
2007-08-06,0.0
2007-08-07,0.0
2007-08-08,0.0
2007-08-09,0.0
2007-08-10,0.0
2007-08-11,0.0
2007-08-12,0.0
2007-08-13,0.0
2007-08-14,0.0
2007-08-15,0.0
2007-08-16,0.0
2007-08-17,0.0
2007-08-18,0.0
2007-08-19,4.216035e-05
2007-08-20,0.0
2007-08-21,0.0
2007-08-22,0.0
2007-08-23,0.0
2007-08-24,0.0
2007-08-25,0.0
2007-08-26,0.0
2007-08-27,0.0
2007-08-28,0.0
2007-08-29,1.1550055e-05
2007-08-30,1.8278757e-06
2007-08-31,3.7127073e-05
2007-09-01,5.2981907e-08
2007-09-02,0.0
2007-09-03,0.0
2007-09-04,3.6742953e-05
2007-09-05,0.0
2007-09-06,0.0
2007-09-07,0.0
2007-09-08,0.0
2007-09-09,0.0
2007-09-10,0.0
2007-09-11,0.0
2007-09-12,0.0
2007-09-13,1.05963814e-07
2007-09-14,3.2318962e-06
2007-09-15,8.2121954e-07
2007-09-16,2.6490953e-08
2007-09-17,3.1656689e-06
2007-09-18,0.0
2007-09-19,0.00041540465
2007-09-20,1.2318294e-05
2007-09-21,0.0
2007-09-22,0.00016317103
2007-09-23,0.0004725721
2007-09-24,0.0
2007-09-25,0.0
2007-09-26,0.0
2007-09-27,0.0
2007-09-28,0.0002369086
2007-09-29,0.0
2007-09-30,0.0
2007-10-01,0.00024138557
2007-10-02,0.0
2007-10-03,2.6490953e-08
2007-10-04,1.680851e-05
2007-10-05,5.97371e-06
2007-10-06,0.0
2007-10-07,0.0
2007-10-08,0.0
2007-10-09,2.026558e-06
2007-10-10,0.0013557407
2007-10-11,2.3576948e-05
2007-10-12,6.438626e-05
2007-10-13,0.0
2007-10-14,0.0
2007-10-15,0.00027304224
2007-10-16,0.00057460205
2007-10-17,0.00061847107
2007-10-18,0.00015729004
2007-10-19,0.0016541348
2007-10-20,2.3616685e-05
2007-10-21,0.0
2007-10-22,0.0
2007-10-23,0.0
2007-10-24,0.0
2007-10-25,0.0
2007-10-26,0.0
2007-10-27,0.0
2007-10-28,0.0
2007-10-29,5.332629e-05
2007-10-30,0.00011278523
2007-10-31,0.0
2007-11-01,0.0
2007-11-02,0.0
2007-11-03,0.0
2007-11-04,0.0
2007-11-05,0.0
2007-11-06,0.0
2007-11-07,0.0
2007-11-08,0.0
2007-11-09,0.0
2007-11-10,0.00010005633
2007-11-11,0.00027100244
2007-11-12,3.7378733e-05
2007-11-13,3.5179986e-05
2007-11-14,0.0
2007-11-15,2.0662944e-06
2007-11-16,1.8027094e-05
2007-11-17,1.9245677e-05
2007-11-18,1.2318294e-05
2007-11-19,0.00031847425
2007-11-20,0.0
2007-11-21,0.0
2007-11-22,0.0
2007-11-23,0.0
2007-11-24,0.0
2007-11-25,0.0
2007-11-26,0.0
2007-11-27,3.4279292e-05
2007-11-28,0.0
2007-11-29,0.0
2007-11-30,6.6227386e-08
2007-12-01,1.2450748e-06
2007-12-02,0.00048973825
2007-12-03,0.0011243025
2007-12-04,0.0012615786
2007-12-05,2.6490953e-08
2007-12-06,0.0004432731
2007-12-07,0.00054572686
2007-12-08,6.291601e-07
2007-12-09,0.0
2007-12-10,0.0
2007-12-11,0.0
2007-12-12,2.6490953e-08
2007-12-13,0.0
2007-12-14,0.0
2007-12-15,6.0399375e-06
2007-12-16,0.00014509095
2007-12-17,0.0009181367
2007-12-18,0.0016513533
2007-12-19,0.000739495
2007-12-20,0.0014494923
2007-12-21,1.3245477e-08
2007-12-22,7.2320304e-06
2007-12-23,2.5073687e-05
2007-12-24,0.00011163288
2007-12-25,0.0
2007-12-26,1.528528e-05
2007-12-27,0.000104679
2007-12-28,0.0003598266
2007-12-29,0.0005919536
2007-12-30,9.7963544e-05
2007-12-31,2.6490953e-08
2008-01-01,0.0
2008-01-02,0.0
2008-01-03,0.0011928877
2008-01-04,0.0033290784
2008-01-05,0.0008138551
2008-01-06,0.00041683516
2008-01-07,0.00044357777
2008-01-08,0.00097190007
2008-01-09,0.00028173128
2008-01-10,0.00055885315
2008-01-11,9.549988e-05
2008-01-12,4.0716594e-05
2008-01-13,0.0
2008-01-14,0.0
2008-01-15,0.0
2008-01-16,0.0
2008-01-17,0.0
2008-01-18,0.0
2008-01-19,0.0
2008-01-20,3.9484767e-05
2008-01-21,0.00043740537
2008-01-22,1.5417734e-05
2008-01-23,3.132555e-05
2008-01-24,0.00043739213
2008-01-25,0.00067506894
2008-01-26,0.001254744
2008-01-27,0.00067461864
2008-01-28,0.00028849972
2008-01-29,0.0004573928
2008-01-30,0.00019897355
2008-01-31,0.0017875963
2008-02-01,0.00014868047
2008-02-02,0.0010830826
2008-02-03,0.0010848178
2008-02-04,5.5631e-07
2008-02-05,0.0
2008-02-06,2.7841992e-05
2008-02-07,1.9338395e-06
2008-02-08,6.6227386e-08
2008-02-09,0.0
2008-02-10,0.0
2008-02-11,0.0
2008-02-12,0.0
2008-02-13,1.7219119e-07
2008-02-14,0.0
2008-02-15,0.0
2008-02-16,0.0
2008-02-17,0.0
2008-02-18,0.0
2008-02-19,5.1789815e-05
2008-02-20,0.00020550357
2008-02-21,0.00055150193
2008-02-22,0.00073520344
2008-02-23,0.0005858872
2008-02-24,0.0016183986
2008-02-25,0.00025166405
2008-02-26,0.0
2008-02-27,0.0
2008-02-28,0.0
2008-02-29,0.0
2008-03-01,9.349982e-05
2008-03-02,0.0
2008-03-03,0.0
2008-03-04,0.0
2008-03-05,0.0
2008-03-06,0.0
2008-03-07,0.0
2008-03-08,1.9603306e-06
2008-03-09,0.0
2008-03-10,2.6490953e-08
2008-03-11,1.0477172e-05
2008-03-12,3.8411883e-07
2008-03-13,0.0001791848
2008-03-14,0.0002717707
2008-03-15,9.1817645e-05
2008-03-16,4.503462e-07
2008-03-17,0.0
2008-03-18,2.1060307e-06
2008-03-19,9.931458e-05
2008-03-20,1.11659365e-05
2008-03-21,2.6490953e-08
2008-03-22,0.0
2008-03-23,0.0
2008-03-24,5.4915745e-05
2008-03-25,1.4278624e-05
2008-03-26,0.00019649665
2008-03-27,5.2981907e-08
2008-03-28,7.40687e-05
2008-03-29,0.00014351474
2008-03-30,0.0
2008-03-31,0.0
2008-04-01,0.0
2008-04-02,0.0
2008-04-03,0.0
2008-04-04,5.2981907e-08
2008-04-05,1.05963814e-07
2008-04-06,6.650554e-05
2008-04-07,0.0
2008-04-08,5.6995286e-05
2008-04-09,1.05963814e-07
2008-04-10,0.0
2008-04-11,0.0
2008-04-12,0.0
2008-04-13,0.0
2008-04-14,5.6558183e-06
2008-04-15,7.947286e-07
2008-04-16,0.0
2008-04-17,0.0
2008-04-18,0.0
2008-04-19,1.3245476e-06
2008-04-20,2.4676323e-05
2008-04-21,1.05963814e-07
2008-04-22,0.00034691227
2008-04-23,0.00071420934
2008-04-24,0.0
2008-04-25,0.0
2008-04-26,0.0
2008-04-27,0.0
2008-04-28,0.0
2008-04-29,6.0002008e-06
2008-04-30,5.695555e-07
2008-05-01,0.0
2008-05-02,0.0
2008-05-03,2.6226044e-06
2008-05-04,1.3245476e-06
2008-05-05,0.0
2008-05-06,5.9339736e-06
2008-05-07,6.0929193e-07
2008-05-08,1.3245477e-08
2008-05-09,0.0
2008-05-10,5.2981907e-08
2008-05-11,0.0
2008-05-12,0.0
2008-05-13,0.0
2008-05-14,0.0
2008-05-15,0.0
2008-05-16,0.0
2008-05-17,0.0
2008-05-18,0.0
2008-05-19,0.0
2008-05-20,3.0583804e-05
2008-05-21,0.0
2008-05-22,2.6490953e-08
2008-05-23,8.371141e-06
2008-05-24,0.0004506111
2008-05-25,0.00019930469
2008-05-26,5.9803326e-05
2008-05-27,4.157755e-05
2008-05-28,5.690257e-05
2008-05-29,7.722113e-06
2008-05-30,1.6159481e-06
2008-05-31,5.2981907e-08
2008-06-01,2.6490953e-08
2008-06-02,0.0
2008-06-03,3.3775966e-06
2008-06-04,2.6490954e-07
2008-06-05,0.0
2008-06-06,2.6490953e-08
2008-06-07,0.0
2008-06-08,0.0
2008-06-09,0.0
2008-06-10,0.0
2008-06-11,0.0
2008-06-12,0.0
2008-06-13,0.0
2008-06-14,0.0
2008-06-15,0.0
2008-06-16,0.0
2008-06-17,0.0
2008-06-18,0.0
2008-06-19,0.0
2008-06-20,0.0
2008-06-21,1.2808376e-05
2008-06-22,0.0
2008-06-23,0.0
2008-06-24,0.0
2008-06-25,0.0
2008-06-26,0.0
2008-06-27,5.033281e-07
2008-06-28,1.1656019e-06
2008-06-29,0.0
2008-06-30,1.8543667e-06
2008-07-01,0.0
2008-07-02,0.0
2008-07-03,0.0
2008-07-04,2.6490953e-08
2008-07-05,0.0
2008-07-06,0.0
2008-07-07,0.0
2008-07-08,0.0
2008-07-09,0.0
2008-07-10,0.0
2008-07-11,0.0
2008-07-12,0.0
2008-07-13,1.5894572e-07
2008-07-14,5.9604645e-06
2008-07-15,0.0
2008-07-16,0.0
2008-07-17,0.0
2008-07-18,0.0
2008-07-19,0.0
2008-07-20,0.0
2008-07-21,0.0
2008-07-22,0.0
2008-07-23,0.0
2008-07-24,0.0
2008-07-25,0.0
2008-07-26,0.0
2008-07-27,0.0
2008-07-28,0.0
2008-07-29,0.0
2008-07-30,0.0
2008-07-31,0.0
2008-08-01,0.0
2008-08-02,0.0
2008-08-03,0.0
2008-08-04,0.0
2008-08-05,0.0
2008-08-06,2.7630063e-05
2008-08-07,1.642439e-05
2008-08-08,0.0
2008-08-09,0.0
2008-08-10,0.0
2008-08-11,0.0
2008-08-12,0.0
2008-08-13,0.0
2008-08-14,0.0
2008-08-15,0.0
2008-08-16,6.6227386e-08
2008-08-17,6.622738e-07
2008-08-18,5.1524903e-06
2008-08-19,2.6490953e-08
2008-08-20,3.3775966e-06
2008-08-21,3.973643e-08
2008-08-22,0.0
2008-08-23,0.0
2008-08-24,0.0
2008-08-25,0.0
2008-08-26,0.0
2008-08-27,0.0
2008-08-28,0.0
2008-08-29,0.0
2008-08-30,0.0
2008-08-31,0.0
2008-09-01,0.0
2008-09-02,0.0
2008-09-03,0.0
2008-09-04,0.0
2008-09-05,0.0
2008-09-06,0.0
2008-09-07,0.0
2008-09-08,0.0
2008-09-09,0.0
2008-09-10,0.0
2008-09-11,0.0
2008-09-12,0.0
2008-09-13,0.0
2008-09-14,0.0
2008-09-15,0.0
2008-09-16,4.503462e-06
2008-09-17,0.0
2008-09-18,0.0
2008-09-19,5.722046e-06
2008-09-20,4.503462e-07
2008-09-21,4.503462e-06
2008-09-22,0.0
2008-09-23,0.0
2008-09-24,0.0
2008-09-25,0.0
2008-09-26,0.0
2008-09-27,0.0
2008-09-28,0.0
2008-09-29,0.0
2008-09-30,0.0
2008-10-01,0.0
2008-10-02,4.1272906e-05
2008-10-03,0.0005806155
2008-10-04,0.0008279085
2008-10-05,3.153748e-05
2008-10-06,0.0
2008-10-07,0.0
2008-10-08,0.0
2008-10-09,0.0
2008-10-10,2.7815502e-06
2008-10-11,0.0
2008-10-12,0.0
2008-10-13,0.0
2008-10-14,0.0
2008-10-15,0.0
2008-10-16,0.0
2008-10-17,0.0
2008-10-18,0.0
2008-10-19,0.0
2008-10-20,0.0
2008-10-21,0.0
2008-10-22,0.0
2008-10-23,0.0
2008-10-24,0.0
2008-10-25,0.0
2008-10-26,0.0
2008-10-27,0.0
2008-10-28,0.0
2008-10-29,0.0
2008-10-30,5.5233636e-06
2008-10-31,0.001051108
2008-11-01,0.0020653803
2008-11-02,0.0010003778
2008-11-03,0.0010682874
2008-11-04,0.00016729037
2008-11-05,0.00019007259
2008-11-06,4.883607e-05
2008-11-07,0.0
2008-11-08,8.542008e-05
2008-11-09,5.7154233e-05
2008-11-10,0.0
2008-11-11,6.8797e-05
2008-11-12,1.6609827e-05
2008-11-13,1.9868214e-07
2008-11-14,0.0
2008-11-15,0.0
2008-11-16,0.0
2008-11-17,0.0
2008-11-18,0.0
2008-11-19,0.0
2008-11-20,6.822745e-05
2008-11-21,0.0
2008-11-22,2.6490953e-08
2008-11-23,0.0
2008-11-24,0.0
2008-11-25,2.6490953e-08
2008-11-26,0.0
2008-11-27,0.0
2008-11-28,0.0
2008-11-29,0.0
2008-11-30,0.0
2008-12-01,0.0
2008-12-02,8.90096e-06
2008-12-03,0.0
2008-12-04,0.0
2008-12-05,0.0
2008-12-06,0.0
2008-12-07,0.0
2008-12-08,2.1192763e-07
2008-12-09,0.0
2008-12-10,0.0
2008-12-11,0.0
2008-12-12,1.6159481e-06
2008-12-13,4.2822627e-05
2008-12-14,0.00018926461
2008-12-15,0.000687321
2008-12-16,0.00032305717
2008-12-17,0.0
2008-12-18,0.000120176206
2008-12-19,0.0006078879
2008-12-20,1.9709269e-05
2008-12-21,0.0004368888
2008-12-22,0.0004764133
2008-12-23,9.277132e-05
2008-12-24,0.0008877118
2008-12-25,0.00091765984
2008-12-26,6.490284e-07
2008-12-27,6.494257e-05
2008-12-28,0.00063440535
2008-12-29,0.00050561957
2008-12-30,4.204114e-05
2008-12-31,2.9669868e-06
2009-01-01,1.3166004e-05
2009-01-02,0.0003871123
2009-01-03,2.6490954e-07
2009-01-04,0.0
2009-01-05,0.00011759334
2009-01-06,1.3576613e-05
2009-01-07,0.0
2009-01-08,8.956591e-05
2009-01-09,0.0
2009-01-10,0.0
2009-01-11,0.0
2009-01-12,0.0
2009-01-13,0.0
2009-01-14,0.0
2009-01-15,0.0
2009-01-16,0.0
2009-01-17,0.0
2009-01-18,0.0
2009-01-19,0.0
2009-01-20,0.0
2009-01-21,2.6490953e-08
2009-01-22,0.000518971
2009-01-23,4.3312707e-06
2009-01-24,0.00070852705
2009-01-25,0.00011188454
2009-01-26,1.2848112e-06
2009-01-27,0.0
2009-01-28,2.78155e-07
2009-01-29,0.0
2009-01-30,0.0
2009-01-31,0.0
2009-02-01,0.0
2009-02-02,0.0
2009-02-03,0.0
2009-02-04,0.0
2009-02-05,0.00038574802
2009-02-06,0.0008786652
2009-02-07,0.0
2009-02-08,5.4015054e-05
2009-02-09,0.00020300018
2009-02-10,4.810757e-05
2009-02-11,0.0007450183
2009-02-12,0.00029537414
2009-02-13,0.0009654893
2009-02-14,0.0007936822
2009-02-15,0.0015496545
2009-02-16,0.0013906823
2009-02-17,0.0008991427
2009-02-18,0.00014797847
2009-02-19,0.0
2009-02-20,0.0
2009-02-21,0.0
2009-02-22,0.0020462275
2009-02-23,0.0015676817
2009-02-24,0.00043523312
2009-02-25,0.00035777356
2009-02-26,0.00050814945
2009-02-27,5.2981907e-08
2009-02-28,0.0
2009-03-01,0.0012771157
2009-03-02,0.0019600126
2009-03-03,0.0012341341
2009-03-04,0.0008010202
2009-03-05,9.2691844e-05
2009-03-06,1.1934175e-05
2009-03-07,0.0
2009-03-08,6.225374e-07
2009-03-09,9.006924e-07
2009-03-10,5.2981907e-08
2009-03-11,0.0
2009-03-12,0.0
2009-03-13,0.0
2009-03-14,4.227956e-05
2009-03-15,0.0007698006
2009-03-16,0.0014183521
2009-03-17,0.0001317395
2009-03-18,0.0
2009-03-19,3.973643e-08
2009-03-20,2.278222e-06
2009-03-21,0.00081985525
2009-03-22,0.00074569386
2009-03-23,5.2981907e-08
2009-03-24,0.0
2009-03-25,2.1855037e-06
2009-03-26,3.0464597e-07
2009-03-27,0.0
2009-03-28,0.0
2009-03-29,1.2583203e-06
2009-03-30,0.0
2009-03-31,2.3841858e-07
2009-04-01,0.0
2009-04-02,4.3974983e-06
2009-04-03,1.2980568e-06
2009-04-04,0.0
2009-04-05,0.0
2009-04-06,0.0
2009-04-07,4.026625e-06
2009-04-08,0.00016134315
2009-04-09,0.0006626447
2009-04-10,0.00043363043
2009-04-11,3.973643e-07
2009-04-12,1.3245477e-07
2009-04-13,2.6490953e-08
2009-04-14,8.397632e-06
2009-04-15,7.285012e-07
2009-04-16,0.0
2009-04-17,0.0
2009-04-18,0.0
2009-04-19,0.0
2009-04-20,0.0
2009-04-21,0.0
2009-04-22,0.0
2009-04-23,2.7828746e-05
2009-04-24,5.9578153e-05
2009-04-25,1.3245477e-07
2009-04-26,0.0
2009-04-27,1.9457606e-05
2009-04-28,0.00013530254
2009-04-29,6.357829e-07
2009-04-30,7.947286e-08
2009-05-01,0.0004240142
2009-05-02,0.0013512108
2009-05-03,0.00093323656
2009-05-04,0.00044027963
2009-05-05,0.0010218753
2009-05-06,0.0002146032
2009-05-07,9.801653e-07
2009-05-08,0.0
2009-05-09,0.0
2009-05-10,0.0
2009-05-11,0.0
2009-05-12,0.0
2009-05-13,0.0
2009-05-14,5.1524903e-06
2009-05-15,0.0
2009-05-16,0.0
2009-05-17,0.0
2009-05-18,5.8280096e-07
2009-05-19,0.0
2009-05-20,0.0
2009-05-21,0.0
2009-05-22,0.0
2009-05-23,2.1192763e-07
2009-05-24,8.8744696e-07
2009-05-25,0.0
2009-05-26,0.0
2009-05-27,1.1033482e-05
2009-05-28,3.7087335e-07
2009-05-29,0.0
2009-05-30,4.053116e-06
2009-05-31,7.947286e-08
2009-06-01,1.809332e-05
2009-06-02,9.669197e-07
2009-06-03,4.941887e-05
2009-06-04,8.81354e-05
2009-06-05,0.0002549622
2009-06-06,4.7723453e-05
2009-06-07,7.417467e-07
2009-06-08,1.8941032e-06
2009-06-09,3.2716327e-06
2009-06-10,8.636051e-06
2009-06-11,2.2755728e-05
2009-06-12,9.2228256e-05
2009-06-13,6.495582e-05
2009-06-14,5.1259995e-06
2009-06-15,2.609359e-06
2009-06-16,0.0
2009-06-17,9.2718335e-07
2009-06-18,0.0
2009-06-19,9.126134e-06
2009-06-20,6.659826e-05
2009-06-21,4.9538085e-06
2009-06-22,5.2981907e-08
2009-06-23,0.0
2009-06-24,0.0
2009-06-25,0.0
2009-06-26,0.0
2009-06-27,0.0
2009-06-28,0.0
2009-06-29,0.0
2009-06-30,0.0
2009-07-01,1.05963814e-07
2009-07-02,0.0
2009-07-03,0.0
2009-07-04,0.0
2009-07-05,0.0
2009-07-06,0.0
2009-07-07,2.6490954e-07
2009-07-08,1.9470851e-06
2009-07-09,7.947286e-08
2009-07-10,0.0
2009-07-11,0.0
2009-07-12,0.0
2009-07-13,0.0
2009-07-14,0.0
2009-07-15,0.0
2009-07-16,0.0
2009-07-17,0.0
2009-07-18,0.0
2009-07-19,0.0
2009-07-20,0.0
2009-07-21,0.0
2009-07-22,0.0
2009-07-23,0.0
2009-07-24,0.0
2009-07-25,0.0
2009-07-26,0.0
2009-07-27,0.0
2009-07-28,0.0
2009-07-29,1.1179182e-05
2009-07-30,3.5630333e-06
2009-07-31,0.0
2009-08-01,0.0
2009-08-02,1.3232231e-05
2009-08-03,0.0
2009-08-04,0.0
2009-08-05,5.2981907e-08
2009-08-06,0.0002053976
2009-08-07,1.7947621e-05
2009-08-08,0.0
2009-08-09,0.0
2009-08-10,0.0
2009-08-11,0.0
2009-08-12,0.0
2009-08-13,0.0
2009-08-14,0.0
2009-08-15,0.0
2009-08-16,0.0
2009-08-17,0.0
2009-08-18,0.0
2009-08-19,0.0
2009-08-20,0.0
2009-08-21,0.0
2009-08-22,0.0
2009-08-23,0.0
2009-08-24,0.0
2009-08-25,0.0
2009-08-26,0.0
2009-08-27,0.0
2009-08-28,0.0
2009-08-29,0.0
2009-08-30,0.0
2009-08-31,0.0
2009-09-01,0.0
2009-09-02,4.7683716e-07
2009-09-03,0.0
2009-09-04,0.0
2009-09-05,0.0
2009-09-06,2.6490953e-08
2009-09-07,0.0
2009-09-08,0.0
2009-09-09,0.0
2009-09-10,0.0
2009-09-11,0.0
2009-09-12,6.755193e-07
2009-09-13,0.0
2009-09-14,0.00047707558
2009-09-15,0.0
2009-09-16,0.0
2009-09-17,0.0
2009-09-18,0.0
2009-09-19,0.0
2009-09-20,0.0
2009-09-21,0.0
2009-09-22,0.0
2009-09-23,0.0
2009-09-24,0.0
2009-09-25,0.0
2009-09-26,0.0
2009-09-27,0.0
2009-09-28,0.0
2009-09-29,7.947286e-07
2009-09-30,0.0
2009-10-01,0.0
2009-10-02,0.0
2009-10-03,1.1920929e-06
2009-10-04,2.515316e-05
2009-10-05,8.742015e-07
2009-10-06,0.0
2009-10-07,0.0
2009-10-08,0.0
2009-10-09,0.0
2009-10-10,0.0
2009-10-11,0.0
2009-10-12,3.5497878e-06
2009-10-13,0.0027323829
2009-10-14,0.0015374555
2009-10-15,0.00025000836
2009-10-16,5.2981907e-08
2009-10-17,2.6490953e-08
2009-10-18,1.8464194e-05
2009-10-19,0.00033426285
2009-10-20,0.0
2009-10-21,0.0
2009-10-22,0.0
2009-10-23,0.0
2009-10-24,2.6490953e-08
2009-10-25,0.0
2009-10-26,1.4570024e-07
2009-10-27,1.1656019e-06
2009-10-28,2.6490953e-08
2009-10-29,0.0
2009-10-30,0.0
2009-10-31,0.0
2009-11-01,2.6490953e-08
2009-11-02,0.0
2009-11-03,0.0
2009-11-04,0.0
2009-11-05,0.0001509322
2009-11-06,0.00077872805
2009-11-07,1.1735492e-05
2009-11-08,0.0
2009-11-09,0.00013622973
2009-11-10,3.7180052e-05
2009-11-11,4.3180255e-05
2009-11-12,1.5417734e-05
2009-11-13,3.6160152e-06
2009-11-14,1.6821755e-06
2009-11-15,0.0
2009-11-16,0.0
2009-11-17,0.00031193098
2009-11-18,2.3497476e-05
2009-11-19,0.0
2009-11-20,0.0008163452
2009-11-21,6.596247e-05
2009-11-22,0.00011254681
2009-11-23,0.0
2009-11-24,0.0
2009-11-25,0.0
2009-11-26,0.0
2009-11-27,0.0001856221
2009-11-28,0.0
2009-11-29,0.0
2009-11-30,0.0
2009-12-01,0.0
2009-12-02,0.0
2009-12-03,0.0
2009-12-04,0.0
2009-12-05,0.0
2009-12-06,1.2530221e-05
2009-12-07,3.760391e-05
2009-12-08,0.0
2009-12-09,0.0
2009-12-10,0.0
2009-12-11,0.00015612443
2009-12-12,0.0010512405
2009-12-13,0.00036003854
2009-12-14,0.0002729628
2009-12-15,0.0011274549
2009-12-16,0.001268665
2009-12-17,1.5232298e-06
2009-12-18,0.0
2009-12-19,0.0
2009-12-20,0.00022852421
2009-12-21,0.0010015169
2009-12-22,9.947353e-06
2009-12-23,0.0
2009-12-24,0.0
2009-12-25,0.0
2009-12-26,3.443824e-06
2009-12-27,0.00025991598
2009-12-28,1.1258655e-06
2009-12-29,9.881126e-05
2009-12-30,0.00044747195
2009-12-31,0.00018017822
2010-01-01,0.0012738837
2010-01-02,0.00023302768
2010-01-03,0.0
2010-01-04,0.0
2010-01-05,1.4570024e-07
2010-01-06,5.0650702e-05
2010-01-07,1.5894572e-06
2010-01-08,0.00029815568
2010-01-09,8.596315e-06
2010-01-10,2.78155e-07
2010-01-11,0.0
2010-01-12,0.0015343693
2010-01-13,0.0010712014
2010-01-14,6.5167746e-06
2010-01-15,0.0
2010-01-16,1.9603306e-06
2010-01-17,0.001136038
2010-01-18,0.0020027293
2010-01-19,0.002002981
2010-01-20,0.0022036368
2010-01-21,0.00095244247
2010-01-22,0.00035668744
2010-01-23,0.00049682456
2010-01-24,0.00094139576
2010-01-25,0.0010018746
2010-01-26,0.00087903603
2010-01-27,0.0
2010-01-28,0.0
2010-01-29,2.9669867e-05
2010-01-30,0.0003384087
2010-01-31,2.4901496e-05
2010-02-01,8.1155034e-05
2010-02-02,3.589524e-06
2010-02-03,0.0004936192
2010-02-04,0.0002626578
2010-02-05,0.0012779898
2010-02-06,0.0008260674
2010-02-07,3.9074155e-05
2010-02-08,9.377797e-06
2010-02-09,0.00010767248
2010-02-10,1.7881393e-06
2010-02-11,0.00030426183
2010-02-12,0.0005490647
2010-02-13,0.00017670791
2010-02-14,3.8014517e-05
2010-02-15,1.3642841e-06
2010-02-16,2.6490953e-08
2010-02-17,0.0
2010-02-18,0.0
2010-02-19,2.0927853e-06
2010-02-20,5.6293276e-05
2010-02-21,0.0002888706
2010-02-22,1.3245477e-08
2010-02-23,0.00035032962
2010-02-24,0.00081365637
2010-02-25,7.45323e-05
2010-02-26,0.0013987091
2010-02-27,0.00010662609
2010-02-28,0.0
2010-03-01,0.0
2010-03-02,0.0007911788
2010-03-03,0.00091393787
2010-03-04,7.947286e-08
2010-03-05,5.3246818e-06
2010-03-06,7.417467e-07
2010-03-07,2.6226044e-06
2010-03-08,0.00030691095
2010-03-09,5.470382e-06
2010-03-10,0.00021009975
2010-03-11,6.755193e-07
2010-03-12,0.0008651548
2010-03-13,1.3430913e-05
2010-03-14,0.0
2010-03-15,0.0
2010-03-16,0.0
2010-03-17,2.6490953e-08
2010-03-18,0.0
2010-03-19,0.0
2010-03-20,0.0
2010-03-21,3.0650033e-05
2010-03-22,2.755059e-06
2010-03-23,0.0
2010-03-24,1.3245477e-08
2010-03-25,0.0007304483
2010-03-26,6.953875e-06
2010-03-27,0.0
2010-03-28,5.6054858e-05
2010-03-29,0.0012676186
2010-03-30,0.0009953976
2010-03-31,0.00015649531
2010-04-01,6.167094e-05
2010-04-02,0.0006435712
2010-04-03,2.0742416e-05
2010-04-04,0.0010248688
2010-04-05,0.0002691216
2010-04-06,4.1868952e-05
2010-04-07,0.0
2010-04-08,1.7219119e-07
2010-04-09,0.0
2010-04-10,0.000113884606
2010-04-11,0.0006041262
2010-04-12,0.0013667478
2010-04-13,0.0002790822
2010-04-14,0.00063480274
2010-04-15,2.0318561e-05
2010-04-16,1.4305115e-06
2010-04-17,6.622738e-07
2010-04-18,0.0
2010-04-19,4.3643846e-05
2010-04-20,0.0009035402
2010-04-21,9.673172e-05
2010-04-22,1.5894572e-07
2010-04-23,0.0
2010-04-24,0.0
2010-04-25,0.0
2010-04-26,4.2385525e-07
2010-04-27,0.001201378
2010-04-28,0.00037276745
2010-04-29,1.320574e-05
2010-04-30,0.0
2010-05-01,0.0
2010-05-02,2.6490953e-08
2010-05-03,3.139178e-06
2010-05-04,0.0
2010-05-05,0.0
2010-05-06,0.0
2010-05-07,2.2119946e-06
2010-05-08,1.0119544e-05
2010-05-09,0.00021802055
2010-05-10,0.0006489356
2010-05-11,6.441275e-05
2010-05-12,0.0
2010-05-13,0.0
2010-05-14,5.2981907e-08
2010-05-15,1.5894572e-07
2010-05-16,0.0
2010-05-17,2.653069e-05
2010-05-18,0.00021534496
2010-05-19,9.4135605e-05
2010-05-20,3.8676793e-05
2010-05-21,0.0001231432
2010-05-22,9.467867e-05
2010-05-23,0.0
2010-05-24,9.059906e-06
2010-05-25,0.0005394883
2010-05-26,0.0006115834
2010-05-27,0.0003368192
2010-05-28,8.7605586e-05
2010-05-29,0.0
2010-05-30,0.0
2010-05-31,4.7418807e-06
2010-06-01,3.7829082e-05
2010-06-02,0.00042053065
2010-06-03,0.00035129653
2010-06-04,0.0008358293
2010-06-05,4.716714e-05
2010-06-06,1.4093187e-05
2010-06-07,0.0
2010-06-08,0.0
2010-06-09,1.405345e-05
2010-06-10,1.11659365e-05
2010-06-11,0.0
2010-06-12,0.0
2010-06-13,0.0
2010-06-14,1.0066562e-06
2010-06-15,0.0
2010-06-16,0.0
2010-06-17,0.0
2010-06-18,0.0
2010-06-19,5.1657357e-06
2010-06-20,3.973643e-07
2010-06-21,0.0
2010-06-22,0.0
2010-06-23,0.0
2010-06-24,0.0
2010-06-25,0.0
2010-06-26,0.0
2010-06-27,0.0
2010-06-28,2.3312039e-06
2010-06-29,1.3735559e-05
2010-06-30,0.0
2010-07-01,0.0
2010-07-02,0.0
2010-07-03,0.0
2010-07-04,0.0
2010-07-05,0.0
2010-07-06,0.0
2010-07-07,2.22524e-06
2010-07-08,7.788341e-06
2010-07-09,4.7683716e-07
2010-07-10,0.0
2010-07-11,0.0
2010-07-12,0.0
2010-07-13,0.0
2010-07-14,0.0
2010-07-15,0.0
2010-07-16,0.0
2010-07-17,7.0995757e-06
2010-07-18,0.0
2010-07-19,0.0
2010-07-20,0.0
2010-07-21,0.0
2010-07-22,0.0
2010-07-23,0.0
2010-07-24,0.0
2010-07-25,3.973643e-07
2010-07-26,6.0796738e-06
2010-07-27,0.0
2010-07-28,0.0
2010-07-29,0.0
2010-07-30,0.0
2010-07-31,0.0
2010-08-01,0.0
2010-08-02,0.0
2010-08-03,0.0
2010-08-04,0.0
2010-08-05,0.0
2010-08-06,0.0
2010-08-07,0.0
2010-08-08,1.2318293e-06
2010-08-09,0.0
2010-08-10,7.417467e-07
2010-08-11,0.0
2010-08-12,0.0
2010-08-13,0.0
2010-08-14,0.0
2010-08-15,7.854567e-06
2010-08-16,0.0
2010-08-17,0.0
2010-08-18,0.0
2010-08-19,0.0
2010-08-20,0.0
2010-08-21,0.0
2010-08-22,6.357829e-07
2010-08-23,0.0
2010-08-24,0.0
2010-08-25,0.0
2010-08-26,0.0
2010-08-27,0.0
2010-08-28,0.0005572107
2010-08-29,1.2463994e-05
2010-08-30,6.198883e-06
2010-08-31,0.0
2010-09-01,0.0
2010-09-02,0.0
2010-09-03,0.0
2010-09-04,0.0
2010-09-05,0.0
2010-09-06,0.0
2010-09-07,0.0
2010-09-08,0.00023945172
2010-09-09,1.9960933e-05
2010-09-10,0.0
2010-09-11,0.0
2010-09-12,0.0
2010-09-13,0.0
2010-09-14,0.0
2010-09-15,0.0
2010-09-16,0.0
2010-09-17,1.3152759e-05
2010-09-18,4.357762e-06
2010-09-19,0.00028219487
2010-09-20,1.9470851e-06
2010-09-21,0.0
2010-09-22,7.947286e-08
2010-09-23,0.0
2010-09-24,0.0
2010-09-25,0.0
2010-09-26,0.0
2010-09-27,0.0
2010-09-28,0.0
2010-09-29,0.0
2010-09-30,0.0
2010-10-01,0.0
2010-10-02,0.0
2010-10-03,9.152624e-06
2010-10-04,0.00011295742
2010-10-05,2.6490953e-08
2010-10-06,7.534027e-05
2010-10-07,4.278289e-06
2010-10-08,1.5894572e-07
2010-10-09,2.808041e-06
2010-10-10,0.0
2010-10-11,0.0
2010-10-12,0.0
2010-10-13,0.0
2010-10-14,0.0
2010-10-15,5.2981907e-08
2010-10-16,0.0
2010-10-17,1.6570091e-05
2010-10-18,4.6624077e-06
2010-10-19,0.0
2010-10-20,0.0
2010-10-21,0.0
2010-10-22,2.2504064e-05
2010-10-23,0.00057409867
2010-10-24,0.0033429067
2010-10-25,3.3020973e-05
2010-10-26,1.3629596e-05
2010-10-27,4.26107e-05
2010-10-28,0.0005179379
2010-10-29,0.00023346477
2010-10-30,0.00015344884
2010-10-31,0.00040233135
2010-11-01,7.0201027e-06
2010-11-02,0.0
2010-11-03,0.0
2010-11-04,0.0
2010-11-05,0.0
2010-11-06,6.6227386e-08
2010-11-07,0.0017914242
2010-11-08,1.4702479e-06
2010-11-09,6.8585075e-05
2010-11-10,0.00033161376
2010-11-11,0.0
2010-11-12,0.0
2010-11-13,0.0
2010-11-14,0.0
2010-11-15,2.5166406e-07
2010-11-16,1.05963814e-07
2010-11-17,0.0
2010-11-18,2.9948023e-05
2010-11-19,0.00013764699
2010-11-20,0.0009079642
2010-11-21,0.0007490979
2010-11-22,0.00023562378
2010-11-23,0.0004812479
2010-11-24,2.6490953e-08
2010-11-25,0.0
2010-11-26,3.841188e-06
2010-11-27,0.00053805776
2010-11-28,1.7219119e-07
2010-11-29,0.0
2010-11-30,1.3245476e-06
2010-12-01,0.00014963414
2010-12-02,0.00051915646
2010-12-03,0.0004427433
2010-12-04,4.7458543e-05
2010-12-05,0.00037658215
2010-12-06,0.0010630289
2010-12-07,2.0517244e-05
2010-12-08,0.00076507195
2010-12-09,0.00042866336
2010-12-10,0.00061972934
2010-12-11,0.00014432271
2010-12-12,1.4026959e-05
2010-12-13,1.2344784e-05
2010-12-14,0.0012648238
2010-12-15,1.3550122e-05
2010-12-16,5.2981907e-08
2010-12-17,5.0200356e-06
2010-12-18,0.001577417
2010-12-19,0.0016431543
2010-12-20,0.0010085901
2010-12-21,0.00052615005
2010-12-22,0.0009232892
2010-12-23,9.177791e-05
2010-12-24,4.0570896e-05
2010-12-25,0.0008314252
2010-12-26,0.0012710624
2010-12-27,0.00018947654
2010-12-28,0.001192424
2010-12-29,0.001119958
2010-12-30,3.4570694e-06
2010-12-31,3.973643e-08
2011-01-01,0.00022175576
2011-01-02,1.6080008e-05
2011-01-03,0.0
2011-01-04,0.0
2011-01-05,0.0
2011-01-06,0.0
2011-01-07,0.0
2011-01-08,1.05963814e-07
2011-01-09,7.947286e-08
2011-01-10,0.0
2011-01-11,6.728702e-05
2011-01-12,0.00017735694
2011-01-13,0.00079594715
2011-01-14,5.57767e-05
2011-01-15,0.0
2011-01-16,3.419982e-05
2011-01-17,1.9749006e-05
2011-01-18,0.0
2011-01-19,2.6490954e-07
2011-01-20,0.0
2011-01-21,0.0
2011-01-22,5.2981907e-08
2011-01-23,0.0
2011-01-24,0.0
2011-01-25,0.0
2011-01-26,0.0
2011-01-27,0.0
2011-01-28,0.0
2011-01-29,9.536743e-07
2011-01-30,0.00058131746
2011-01-31,0.0
2011-02-01,0.0
2011-02-02,0.0
2011-02-03,0.0
2011-02-04,0.0
2011-02-05,0.0
2011-02-06,0.0
2011-02-07,0.0
2011-02-08,4.1060977e-07
2011-02-09,0.0
2011-02-10,0.0
2011-02-11,0.0
2011-02-12,0.0
2011-02-13,0.0
2011-02-14,0.000753257
2011-02-15,0.0019212166
2011-02-16,0.001109812
2011-02-17,0.001063678
2011-02-18,0.00034197172
2011-02-19,0.0004515383
2011-02-20,1.0556645e-05
2011-02-21,0.00025129318
2011-02-22,2.6490953e-08
2011-02-23,2.6490953e-08
2011-02-24,0.00025897555
2011-02-25,0.00066216785
2011-02-26,7.074409e-05
2011-02-27,0.0
2011-02-28,0.00022941166
2011-03-01,9.255939e-05
2011-03-02,0.0012442933
2011-03-03,0.00069787767
2011-03-04,3.8146973e-06
2011-03-05,0.00017445617
2011-03-06,0.00076844956
2011-03-07,0.00024353134
2011-03-08,9.300974e-05
2011-03-09,0.00017380714
2011-03-10,0.00080464943
2011-03-11,8.332729e-05
2011-03-12,3.978941e-05
2011-03-13,0.0007770194
2011-03-14,0.00028468503
2011-03-15,0.0010048018
2011-03-16,0.00049026805
2011-03-17,9.0903704e-05
2011-03-18,0.0016056034
2011-03-19,0.000941462
2011-03-20,0.0019585555
2011-03-21,0.00033950806
2011-03-22,0.00022188823
2011-03-23,0.0010878774
2011-03-24,0.0016070472
2011-03-25,0.00086193613
2011-03-26,0.0011616945
2011-03-27,0.00049275823
2011-03-28,0.0001409981
2011-03-29,6.198883e-06
2011-03-30,3.4438239e-07
2011-03-31,0.0
2011-04-01,0.0
2011-04-02,2.2384855e-05
2011-04-03,0.0
2011-04-04,0.0
2011-04-05,1.6159481e-06
2011-04-06,8.2121954e-07
2011-04-07,5.8492024e-05
2011-04-08,2.7683045e-06
2011-04-09,0.0
2011-04-10,9.801653e-07
2011-04-11,4.568365e-05
2011-04-12,6.092919e-06
2011-04-13,0.00027999614
2011-04-14,1.0199017e-06
2011-04-15,0.00017711852
2011-04-16,3.8663547e-05
2011-04-17,0.000167648
2011-04-18,0.00045210787
2011-04-19,0.00015993913
2011-04-20,0.00033307076
2011-04-21,0.00030146705
2011-04-22,2.9140048e-07
2011-04-23,0.00015993913
2011-04-24,0.00014372666
2011-04-25,0.00034189224
2011-04-26,2.6490953e-08
2011-04-27,0.0
2011-04-28,3.2318962e-06
2011-04-29,5.298191e-07
2011-04-30,0.0
2011-05-01,0.0
2011-05-02,0.0
2011-05-03,0.0
2011-05-04,0.0
2011-05-05,0.0
2011-05-06,0.0
2011-05-07,1.2278557e-05
2011-05-08,0.00010251999
2011-05-09,9.245343e-06
2011-05-10,0.0
2011-05-11,9.2718335e-07
2011-05-12,3.7087334e-06
2011-05-13,0.0
2011-05-14,2.7947956e-06
2011-05-15,0.0005369451
2011-05-16,0.00011716949
2011-05-17,0.00065204833
2011-05-18,0.00021306674
2011-05-19,0.0
2011-05-20,0.0
2011-05-21,1.8053584e-05
2011-05-22,1.9126468e-05
2011-05-23,1.0808309e-05
2011-05-24,0.0
2011-05-25,0.0009373956
2011-05-26,0.00023121304
2011-05-27,0.00013661385
2011-05-28,4.9114227e-05
2011-05-29,4.6888986e-06
2011-05-30,1.20004015e-05
2011-05-31,0.00077108544
2011-06-01,0.00039165549
2011-06-02,0.00021749073
2011-06-03,1.2980567e-05
2011-06-04,0.00024645857
2011-06-05,0.000104784966
2011-06-06,0.00021420585
2011-06-07,3.1034153e-05
2011-06-08,2.6490953e-08
2011-06-09,0.0
2011-06-10,1.5894572e-07
2011-06-11,1.1510319e-05
2011-06-12,1.3245477e-07
2011-06-13,1.3245477e-08
2011-06-14,0.0
2011-06-15,0.0
2011-06-16,0.0
2011-06-17,0.0
2011-06-18,2.6490953e-08
2011-06-19,1.5894572e-07
2011-06-20,0.0
2011-06-21,0.0
2011-06-22,0.0
2011-06-23,0.0
2011-06-24,0.0
2011-06-25,0.0
2011-06-26,0.0
2011-06-27,5.2981907e-08
2011-06-28,0.0013945632
2011-06-29,0.00021306674
2011-06-30,0.0
2011-07-01,0.0
2011-07-02,0.0
2011-07-03,0.0
2011-07-04,0.0
2011-07-05,0.0
2011-07-06,2.9140048e-07
2011-07-07,0.0
2011-07-08,0.0
2011-07-09,0.0
2011-07-10,0.0
2011-07-11,0.0
2011-07-12,1.695421e-06
2011-07-13,4.2835873e-05
2011-07-14,3.0994415e-06
2011-07-15,2.7947956e-06
2011-07-16,2.3841858e-07
2011-07-17,4.1458343e-06
2011-07-18,5.6028366e-05
2011-07-19,6.161796e-05
2011-07-20,0.0
2011-07-21,0.0
2011-07-22,0.0
2011-07-23,0.0
2011-07-24,0.0
2011-07-25,0.0
2011-07-26,0.0
2011-07-27,0.0
2011-07-28,0.0
2011-07-29,0.0
2011-07-30,0.0
2011-07-31,5.8545006e-06
2011-08-01,0.0
2011-08-02,0.0
2011-08-03,0.0
2011-08-04,0.0
2011-08-05,0.0
2011-08-06,0.0
2011-08-07,0.0
2011-08-08,0.0
2011-08-09,0.0
2011-08-10,0.0
2011-08-11,0.0
2011-08-12,0.0
2011-08-13,0.0
2011-08-14,1.3245477e-08
2011-08-15,0.0
2011-08-16,0.0
2011-08-17,0.0
2011-08-18,0.0
2011-08-19,0.0
2011-08-20,7.947286e-08
2011-08-21,0.0
2011-08-22,0.0
2011-08-23,0.0
2011-08-24,0.0
2011-08-25,0.0
2011-08-26,0.0
2011-08-27,0.0
2011-08-28,0.0
2011-08-29,0.0
2011-08-30,0.0
2011-08-31,0.0
2011-09-01,0.0
2011-09-02,0.0
2011-09-03,0.0
2011-09-04,0.0
2011-09-05,0.0
2011-09-06,0.0
2011-09-07,0.0
2011-09-08,0.0
2011-09-09,2.6490953e-08
2011-09-10,2.7020772e-06
2011-09-11,3.5564106e-05
2011-09-12,5.695555e-05
2011-09-13,2.3841858e-07
2011-09-14,1.1920929e-06
2011-09-15,0.0
2011-09-16,3.7087335e-07
2011-09-17,0.0
2011-09-18,0.0
2011-09-19,0.0
2011-09-20,0.0
2011-09-21,0.0
2011-09-22,0.0
2011-09-23,0.0
2011-09-24,0.0
2011-09-25,3.1842126e-05
2011-09-26,1.8808577e-06
2011-09-27,0.0
2011-09-28,0.0
2011-09-29,0.0
2011-09-30,0.0
2011-10-01,1.2530221e-05
2011-10-02,2.4901497e-06
2011-10-03,0.00015325016
2011-10-04,0.0003821585
2011-10-05,0.001723316
2011-10-06,0.00024359756
2011-10-07,0.0
2011-10-08,0.0
2011-10-09,0.0
2011-10-10,0.0008279218
2011-10-11,0.00060289435
2011-10-12,0.0
2011-10-13,0.0
2011-10-14,0.0
2011-10-15,0.0
2011-10-16,0.00010670556
2011-10-17,7.947286e-08
2011-10-18,0.0
2011-10-19,7.947286e-07
2011-10-20,0.0
2011-10-21,0.0
2011-10-22,0.0
2011-10-23,0.0
2011-10-24,5.165736e-07
2011-10-25,0.0
2011-10-26,0.0
2011-10-27,0.0
2011-10-28,0.0
2011-10-29,0.0
2011-10-30,0.0
2011-10-31,9.271834e-08
2011-11-01,0.0
2011-11-02,0.0
2011-11-03,8.234713e-05
2011-11-04,2.69413e-05
2011-11-05,0.00036056837
2011-11-06,0.0003791915
2011-11-07,3.973643e-07
2011-11-08,0.0
2011-11-09,0.0
2011-11-10,0.0
2011-11-11,0.0
2011-11-12,2.9696359e-05
2011-11-13,0.0
2011-11-14,0.0
2011-11-15,0.0
2011-11-16,7.947286e-08
2011-11-17,9.100967e-05
2011-11-18,0.0004008346
2011-11-19,4.0253002e-05
2011-11-20,0.0004089011
2011-11-21,0.00015781986
2011-11-22,0.00078796013
2011-11-23,0.0002250274
2011-11-24,0.0011175605
2011-11-25,0.0002523131
2011-11-26,0.0
2011-11-27,0.0
2011-11-28,1.3245476e-06
2011-11-29,0.0
2011-11-30,1.05963814e-07
2011-12-01,0.0
2011-12-02,0.0
2011-12-03,0.0
2011-12-04,0.0
2011-12-05,0.0
2011-12-06,0.0
2011-12-07,0.0
2011-12-08,0.0
2011-12-09,0.0
2011-12-10,0.0
2011-12-11,0.0
2011-12-12,1.4570024e-06
2011-12-13,0.0
2011-12-14,0.0
2011-12-15,0.00013777945
2011-12-16,0.0
2011-12-17,0.0
2011-12-18,0.0
2011-12-19,0.0
2011-12-20,0.0
2011-12-21,0.0
2011-12-22,0.0
2011-12-23,0.0
2011-12-24,0.0
2011-12-25,0.0
2011-12-26,0.0
2011-12-27,0.0
2011-12-28,1.7550257e-05
2011-12-29,6.64658e-05
2011-12-30,0.0008869436
2011-12-31,1.3245477e-08
2012-01-01,0.0
2012-01-02,1.5894572e-07
2012-01-03,2.6490953e-08
2012-01-04,0.0
2012-01-05,0.0
2012-01-06,0.0
2012-01-07,0.0
2012-01-08,0.0
2012-01-09,0.0
2012-01-10,0.0
2012-01-11,0.0
2012-01-12,0.0
2012-01-13,0.0
2012-01-14,0.0
2012-01-15,6.6227386e-08
2012-01-16,1.1920929e-07
2012-01-17,6.622738e-07
2012-01-18,0.0006026427
2012-01-19,0.001369569
2012-01-20,0.0017979012
2012-01-21,0.0018061796
2012-01-22,0.00047413507
2012-01-23,0.0010775725
2012-01-24,1.45170425e-05
2012-01-25,4.8730108e-05
2012-01-26,0.00017793973
2012-01-27,2.6490953e-08
2012-01-28,0.0
2012-01-29,0.0
2012-01-30,2.357695e-06
2012-01-31,0.0
2012-02-01,0.00033741526
2012-02-02,0.0
2012-02-03,0.0
2012-02-04,0.0
2012-02-05,0.0
2012-02-06,0.0
2012-02-07,0.00042225255
2012-02-08,0.00013274617
2012-02-09,0.0
2012-02-10,0.00011130174
2012-02-11,0.00032369295
2012-02-12,1.3510386e-06
2012-02-13,0.00048402944
2012-02-14,6.490284e-07
2012-02-15,5.1312978e-05
2012-02-16,0.0
2012-02-17,0.0
2012-02-18,6.3578286e-06
2012-02-19,0.0
2012-02-20,8.995003e-05
2012-02-21,2.6490954e-07
2012-02-22,0.0
2012-02-23,6.6227386e-08
2012-02-24,0.0
2012-02-25,5.258454e-06
2012-02-26,1.3377932e-06
2012-02-27,9.589725e-06
2012-02-28,5.2902433e-05
2012-02-29,0.0010690292
2012-03-01,0.00036346912
2012-03-02,1.5894572e-07
2012-03-03,0.0
2012-03-04,0.0
2012-03-05,0.0
2012-03-06,3.110038e-05
2012-03-07,0.0
2012-03-08,0.0
2012-03-09,0.0
2012-03-10,0.0
2012-03-11,0.0002829366
2012-03-12,1.765622e-05
2012-03-13,0.001948648
2012-03-14,0.0009839005
2012-03-15,0.0009162161
2012-03-16,0.001846234
2012-03-17,5.1816303e-05
2012-03-18,0.0001689328
2012-03-19,3.4438239e-07
2012-03-20,0.00012779236
2012-03-21,0.00014648173
2012-03-22,0.0006925265
2012-03-23,0.00020319886
2012-03-24,0.00047494305
2012-03-25,0.0005639394
2012-03-26,0.00025510788
2012-03-27,0.0015123553
2012-03-28,0.0010913478
2012-03-29,0.00073424977
2012-03-30,0.0014266305
2012-03-31,0.0019422902
2012-04-01,0.00027775764
2012-04-02,4.503462e-07
2012-04-03,4.2385527e-06
2012-04-04,0.00040284792
2012-04-05,2.2835202e-05
2012-04-06,2.251731e-07
2012-04-07,6.6227386e-08
2012-04-08,0.0
2012-04-09,0.0
2012-04-10,0.00053773983
2012-04-11,0.0005986161
2012-04-12,0.0010981163
2012-04-13,0.00091026886
2012-04-14,1.1629529e-05
2012-04-15,0.0
2012-04-16,6.622738e-05
2012-04-17,1.4318361e-05
2012-04-18,0.00013479922
2012-04-19,4.1087467e-05
2012-04-20,0.0
2012-04-21,1.1920929e-07
2012-04-22,2.2914674e-06
2012-04-23,7.0916285e-05
2012-04-24,1.3907751e-06
2012-04-25,0.000112215675
2012-04-26,0.0007598665
2012-04-27,0.0
2012-04-28,0.0
2012-04-29,0.0
2012-04-30,0.0
2012-05-01,0.0
2012-05-02,0.0
2012-05-03,0.00018301274
2012-05-04,0.0002736913
2012-05-05,0.0
2012-05-06,0.0
2012-05-07,0.0
2012-05-08,0.0
2012-05-09,0.0
2012-05-10,0.0
2012-05-11,0.0
2012-05-12,0.0
2012-05-13,0.0
2012-05-14,3.417333e-06
2012-05-15,0.0
2012-05-16,0.0
2012-05-17,7.987022e-06
2012-05-18,0.0
2012-05-19,0.0
2012-05-20,0.0
2012-05-21,0.0
2012-05-22,1.3245477e-08
2012-05-23,0.0
2012-05-24,1.3828278e-05
2012-05-25,5.6240293e-05
2012-05-26,1.932515e-05
2012-05-27,5.695555e-06
2012-05-28,7.947286e-08
2012-05-29,0.0
2012-05-30,0.0
2012-05-31,0.0
2012-06-01,3.0345387e-05
2012-06-02,0.0
2012-06-03,4.0425195e-05
2012-06-04,0.001436207
2012-06-05,5.690257e-05
2012-06-06,0.0
2012-06-07,5.139245e-06
2012-06-08,0.0
2012-06-09,0.0
2012-06-10,0.0
2012-06-11,0.0
2012-06-12,0.0
2012-06-13,0.0
2012-06-14,0.0
2012-06-15,0.0
2012-06-16,0.0
2012-06-17,0.0
2012-06-18,0.0
2012-06-19,0.0
2012-06-20,0.0
2012-06-21,0.0
2012-06-22,0.00017268128
2012-06-23,0.00030644736
2012-06-24,0.0
2012-06-25,2.4239223e-06
2012-06-26,8.3843865e-05
2012-06-27,0.0
2012-06-28,0.0
2012-06-29,0.0
2012-06-30,3.320641e-05
2012-07-01,2.0755662e-05
2012-07-02,0.0
2012-07-03,0.0
2012-07-04,0.0
2012-07-05,0.0
2012-07-06,0.0
2012-07-07,0.0
2012-07-08,0.0
2012-07-09,0.0
2012-07-10,0.0
2012-07-11,0.0
2012-07-12,0.0
2012-07-13,0.0
2012-07-14,0.0
2012-07-15,0.0
2012-07-16,3.7087335e-07
2012-07-17,3.8782757e-05
2012-07-18,1.1589792e-05
2012-07-19,1.3377932e-06
2012-07-20,0.0
2012-07-21,0.0
2012-07-22,0.0
2012-07-23,2.6490953e-08
2012-07-24,4.7683716e-07
2012-07-25,0.0
2012-07-26,0.0
2012-07-27,0.0
2012-07-28,0.0
2012-07-29,0.0
2012-07-30,0.0
2012-07-31,0.0
2012-08-01,0.0
2012-08-02,0.0
2012-08-03,0.0
2012-08-04,0.0
2012-08-05,1.3245477e-07
2012-08-06,0.0
2012-08-07,0.0
2012-08-08,0.0
2012-08-09,0.0
2012-08-10,0.0
2012-08-11,0.0
2012-08-12,0.0
2012-08-13,0.0
2012-08-14,0.0
2012-08-15,2.0133125e-06
2012-08-16,3.4438239e-07
2012-08-17,1.8543668e-07
2012-08-18,2.278222e-06
2012-08-19,0.0
2012-08-20,0.0
2012-08-21,0.0
2012-08-22,0.0
2012-08-23,0.0
2012-08-24,0.0
2012-08-25,0.0
2012-08-26,0.0
2012-08-27,0.0
2012-08-28,0.0
2012-08-29,0.0
2012-08-30,0.0
2012-08-31,0.0
2012-09-01,0.0
2012-09-02,0.0
2012-09-03,0.0
2012-09-04,0.0
2012-09-05,0.0
2012-09-06,0.0
2012-09-07,0.0
2012-09-08,0.0
2012-09-09,0.0
2012-09-10,0.0
2012-09-11,0.0
2012-09-12,0.0
2012-09-13,0.0
2012-09-14,0.0
2012-09-15,0.0
2012-09-16,0.0
2012-09-17,0.0
2012-09-18,0.0
2012-09-19,0.0
2012-09-20,0.0
2012-09-21,0.0
2012-09-22,0.0
2012-09-23,1.6556846e-06
2012-09-24,0.0
2012-09-25,0.0
2012-09-26,0.0
2012-09-27,0.0
2012-09-28,0.0
2012-09-29,0.0
2012-09-30,0.0
2012-10-01,0.0
2012-10-02,0.0
2012-10-03,0.0
2012-10-04,0.0
2012-10-05,0.0
2012-10-06,0.0
2012-10-07,0.0
2012-10-08,3.496806e-06
2012-10-09,2.7285682e-06
2012-10-10,0.0
2012-10-11,0.0
2012-10-12,3.29415e-05
2012-10-13,5.549855e-06
2012-10-14,0.0
2012-10-15,1.5629662e-06
2012-10-16,2.0053652e-05
2012-10-17,0.0
2012-10-18,0.0
2012-10-19,0.0
2012-10-20,1.3245477e-08
2012-10-21,1.05963814e-07
2012-10-22,0.0015251371
2012-10-23,0.000523395
2012-10-24,0.0008151531
2012-10-25,0.000119275515
2012-10-26,0.0
2012-10-27,2.6490953e-08
2012-10-28,0.0
2012-10-29,0.0
2012-10-30,0.0
2012-10-31,0.00071612996
2012-11-01,0.0003878673
2012-11-02,3.7087334e-06
2012-11-03,1.1073218e-05
2012-11-04,4.7418807e-06
2012-11-05,0.0
2012-11-06,0.0
2012-11-07,0.0
2012-11-08,0.00024726655
2012-11-09,9.8374156e-05
2012-11-10,0.00011858675
2012-11-11,8.60956e-07
2012-11-12,7.218785e-06
2012-11-13,1.380841e-05
2012-11-14,5.0597722e-05
2012-11-15,0.0
2012-11-16,0.00010552671
2012-11-17,0.0016494063
2012-11-18,0.00016627047
2012-11-19,0.00066346594
2012-11-20,0.0019153886
2012-11-21,0.0015526877
2012-11-22,0.0
2012-11-23,0.0
2012-11-24,0.0
2012-11-25,0.0
2012-11-26,0.0
2012-11-27,0.0
2012-11-28,0.0012929969
2012-11-29,0.0018933216
2012-11-30,0.0039832722
2012-12-01,0.0014563004
2012-12-02,0.0026902491
2012-12-03,4.4756467e-05
2012-12-04,0.0007912053
2012-12-05,0.00072854094
2012-12-06,8.543332e-06
2012-12-07,0.0
2012-12-08,0.0
2012-12-09,0.0
2012-12-10,0.0
2012-12-11,0.0
2012-12-12,0.00069042045
2012-12-13,4.2385527e-06
2012-12-14,2.0080142e-05
2012-12-15,0.00029749342
2012-12-16,0.00060537126
2012-12-17,0.00079911284
2012-12-18,3.9868883e-06
2012-12-19,2.4106766e-06
2012-12-20,0.00058880117
2012-12-21,0.0025537147
2012-12-22,0.0016563336
2012-12-23,0.0017146402
2012-12-24,7.009506e-05
2012-12-25,0.00031675232
2012-12-26,0.0004030731
2012-12-27,1.935164e-05
2012-12-28,4.0160285e-05
2012-12-29,8.675787e-06
2012-12-30,5.2981907e-08
2012-12-31,0.0
2013-01-01,1.05963814e-07
2013-01-02,0.0
2013-01-03,0.0
2013-01-04,0.0
2013-01-05,1.8941032e-06
2013-01-06,4.4438573e-05
2013-01-07,2.6490953e-08
2013-01-08,0.0
2013-01-09,0.00026721426
2013-01-10,8.238687e-06
2013-01-11,3.0067233e-05
2013-01-12,0.0
2013-01-13,0.0
2013-01-14,0.0
2013-01-15,0.0
2013-01-16,0.0
2013-01-17,0.0
2013-01-18,0.0
2013-01-19,0.0
2013-01-20,0.0
2013-01-21,0.0
2013-01-22,0.0
2013-01-23,0.0004087819
2013-01-24,0.00023449791
2013-01-25,4.1802723e-05
2013-01-26,9.082424e-05
2013-01-27,9.1393787e-07
2013-01-28,9.205606e-06
2013-01-29,3.973643e-07
2013-01-30,0.0
2013-01-31,0.0
2013-02-01,0.0
2013-02-02,0.0
2013-02-03,0.0
2013-02-04,0.0
2013-02-05,7.426739e-05
2013-02-06,4.026625e-06
2013-02-07,0.00032002397
2013-02-08,0.00013332897
2013-02-09,0.0
2013-02-10,0.0
2013-02-11,0.0
2013-02-12,0.0
2013-02-13,2.6490953e-08
2013-02-14,0.0
2013-02-15,0.0
2013-02-16,0.0
2013-02-17,0.0
2013-02-18,1.5894572e-06
2013-02-19,0.0008604129
2013-02-20,2.3974312e-06
2013-02-21,1.695421e-06
2013-02-22,7.987022e-06
2013-02-23,1.056989e-05
2013-02-24,0.0
2013-02-25,1.2848112e-06
2013-02-26,0.0
2013-02-27,0.0
2013-02-28,3.6822425e-06
2013-03-01,0.0
2013-03-02,1.1656019e-06
2013-03-03,0.00016285313
2013-03-04,2.0543734e-05
2013-03-05,3.6729707e-05
2013-03-06,0.0012881889
2013-03-07,0.00015250842
2013-03-08,1.721912e-06
2013-03-09,1.4570024e-07
2013-03-10,0.0
2013-03-11,0.0
2013-03-12,0.0
2013-03-13,0.0
2013-03-14,0.0
2013-03-15,0.0
2013-03-16,1.4570024e-07
2013-03-17,0.0
2013-03-18,0.0
2013-03-19,7.429388e-05
2013-03-20,0.0012035104
2013-03-21,5.642573e-05
2013-03-22,0.0
2013-03-23,0.0
2013-03-24,0.0
2013-03-25,7.165803e-06
2013-03-26,1.3987224e-05
2013-03-27,9.8599325e-05
2013-03-28,0.000106334686
2013-03-29,3.7219788e-06
2013-03-30,3.3272638e-05
2013-03-31,0.00060435134
2013-04-01,0.00014128949
2013-04-02,4.503462e-07
2013-04-03,0.0
2013-04-04,0.0006387234
2013-04-05,0.00043084886
2013-04-06,0.0002897713
2013-04-07,0.0001267857
2013-04-08,0.00017910534
2013-04-09,0.0
2013-04-10,1.6159481e-06
2013-04-11,5.2981907e-08
2013-04-12,0.0
2013-04-13,0.0
2013-04-14,5.2981907e-08
2013-04-15,9.5142255e-05
2013-04-16,1.3404422e-05
2013-04-17,2.6490953e-08
2013-04-18,0.0
2013-04-19,0.0
2013-04-20,0.0
2013-04-21,0.0
2013-04-22,0.0
2013-04-23,0.0
2013-04-24,0.0
2013-04-25,0.0
2013-04-26,0.0
2013-04-27,0.0
2013-04-28,0.0
2013-04-29,0.0
2013-04-30,0.0
2013-05-01,0.0
2013-05-02,0.0
2013-05-03,0.0
2013-05-04,6.357829e-07
2013-05-05,1.1179182e-05
2013-05-06,0.00023835235
2013-05-07,0.00014426972
2013-05-08,5.0875875e-05
2013-05-09,1.4490552e-05
2013-05-10,7.417467e-07
2013-05-11,0.0
2013-05-12,0.0
2013-05-13,0.0
2013-05-14,0.0
2013-05-15,4.529953e-06
2013-05-16,0.00021265613
2013-05-17,1.3046794e-05
2013-05-18,1.2185839e-06
2013-05-19,0.0
2013-05-20,0.0
2013-05-21,0.0
2013-05-22,1.2450748e-06
2013-05-23,4.026625e-06
2013-05-24,0.0
2013-05-25,8.8744696e-07
2013-05-26,2.2464328e-05
2013-05-27,0.00022551749
2013-05-28,0.0001654625
2013-05-29,1.19871565e-05
2013-05-30,0.0
2013-05-31,0.0
2013-06-01,0.0
2013-06-02,0.0
2013-06-03,0.0
2013-06-04,0.0
2013-06-05,0.0
2013-06-06,0.0
2013-06-07,0.0
2013-06-08,0.0
2013-06-09,1.3377932e-06
2013-06-10,4.7683716e-07
2013-06-11,8.265178e-06
2013-06-12,0.0
2013-06-13,2.6490954e-07
2013-06-14,0.0
2013-06-15,0.0
2013-06-16,0.0
2013-06-17,0.0
2013-06-18,6.67572e-06
2013-06-19,1.2980568e-06
2013-06-20,1.8292003e-05
2013-06-21,0.0
2013-06-22,0.0
2013-06-23,4.573663e-05
2013-06-24,0.000537263
2013-06-25,0.00073296495
2013-06-26,0.00049340725
2013-06-27,6.6227386e-08
2013-06-28,0.0
2013-06-29,0.0
2013-06-30,0.0
2013-07-01,0.0
2013-07-02,3.100766e-05
2013-07-03,2.5047197e-05
2013-07-04,3.5497878e-06
2013-07-05,0.0
2013-07-06,0.0
2013-07-07,0.0
2013-07-08,0.0
2013-07-09,0.0
2013-07-10,0.0
2013-07-11,0.0
2013-07-12,0.0
2013-07-13,0.0
2013-07-14,0.0
2013-07-15,0.0
2013-07-16,7.947286e-08
2013-07-17,0.0
2013-07-18,0.0
2013-07-19,0.0
2013-07-20,0.0
2013-07-21,0.0
2013-07-22,0.0
2013-07-23,0.0
2013-07-24,0.0
2013-07-25,5.2981907e-08
2013-07-26,5.4836273e-05
2013-07-27,3.054407e-05
2013-07-28,0.0
2013-07-29,0.0
2013-07-30,0.0
2013-07-31,0.0
2013-08-01,0.0
2013-08-02,0.0
2013-08-03,0.0
2013-08-04,0.0
2013-08-05,0.0
2013-08-06,0.0
2013-08-07,2.0795399e-06
2013-08-08,0.0
2013-08-09,1.9682779e-05
2013-08-10,2.3841858e-06
2013-08-11,0.0
2013-08-12,1.5894572e-07
2013-08-13,0.0
2013-08-14,0.0
2013-08-15,0.0
2013-08-16,2.6490953e-08
2013-08-17,0.0
2013-08-18,0.0
2013-08-19,8.742015e-07
2013-08-20,8.34465e-07
2013-08-21,2.5762452e-05
2013-08-22,5.1233503e-05
2013-08-23,0.0
2013-08-24,2.1457672e-06
2013-08-25,1.139111e-05
2013-08-26,2.6888317e-06
2013-08-27,0.0
2013-08-28,0.0
2013-08-29,5.033281e-07
2013-08-30,0.0
2013-08-31,0.0
2013-09-01,1.7881393e-06
2013-09-02,1.086129e-06
2013-09-03,1.8543668e-07
2013-09-04,0.0
2013-09-05,4.7683716e-07
2013-09-06,0.0
2013-09-07,0.0
2013-09-08,0.0
2013-09-09,0.0
2013-09-10,0.0
2013-09-11,0.0
2013-09-12,0.0
2013-09-13,4.9140717e-06
2013-09-14,0.0
2013-09-15,0.0
2013-09-16,0.0
2013-09-17,2.8928122e-05
2013-09-18,0.0
2013-09-19,0.0
2013-09-20,2.6490953e-08
2013-09-21,0.0018529892
2013-09-22,9.922186e-05
2013-09-23,9.86788e-06
2013-09-24,6.0002008e-06
2013-09-25,3.6040943e-05
2013-09-26,0.0
2013-09-27,0.0
2013-09-28,2.6490953e-08
2013-09-29,0.0006650686
2013-09-30,0.0009209712
2013-10-01,5.364418e-05
2013-10-02,0.0
2013-10-03,7.947286e-08
2013-10-04,0.0
2013-10-05,0.0
2013-10-06,0.0
2013-10-07,0.0
2013-10-08,2.1192763e-07
2013-10-09,9.801653e-07
2013-10-10,0.0
2013-10-11,0.0
2013-10-12,3.5391913e-05
2013-10-13,1.5894572e-07
2013-10-14,0.0
2013-10-15,0.0
2013-10-16,0.0
2013-10-17,0.0
2013-10-18,0.0
2013-10-19,0.0
2013-10-20,0.0
2013-10-21,0.0
2013-10-22,0.0
2013-10-23,0.0
2013-10-24,0.0
2013-10-25,0.0
2013-10-26,0.0
2013-10-27,1.7086664e-06
2013-10-28,1.8437704e-05
2013-10-29,6.9856644e-05
2013-10-30,0.0
2013-10-31,0.0
2013-11-01,0.0
2013-11-02,0.0
2013-11-03,1.5894572e-07
2013-11-04,0.0
2013-11-05,5.5631e-07
2013-11-06,0.0
2013-11-07,0.0
2013-11-08,0.0
2013-11-09,0.0
2013-11-10,0.0
2013-11-11,0.0
2013-11-12,1.0755327e-05
2013-11-13,0.0
2013-11-14,0.0
2013-11-15,7.947286e-07
2013-11-16,1.2450748e-06
2013-11-17,1.1920929e-07
2013-11-18,2.8212864e-06
2013-11-19,0.0011522108
2013-11-20,0.0012574329
2013-11-21,6.67572e-05
2013-11-22,0.0
2013-11-23,0.0
2013-11-24,0.0
2013-11-25,0.0
2013-11-26,0.0
2013-11-27,0.0
2013-11-28,0.0
2013-11-29,0.0
2013-11-30,2.8875138e-06
2013-12-01,0.0
2013-12-02,4.4080945e-05
2013-12-03,1.3483896e-05
2013-12-04,1.3245477e-08
2013-12-05,0.0
2013-12-06,9.000301e-05
2013-12-07,0.00028169155
2013-12-08,0.0
2013-12-09,0.0
2013-12-10,0.0
2013-12-11,0.0
2013-12-12,0.0
2013-12-13,0.0
2013-12-14,0.0
2013-12-15,0.0
2013-12-16,0.0
2013-12-17,0.0
2013-12-18,0.0
2013-12-19,8.0797406e-07
2013-12-20,0.0
2013-12-21,3.973643e-07
2013-12-22,0.0
2013-12-23,0.0
2013-12-24,0.0
2013-12-25,0.0
2013-12-26,0.0
2013-12-27,0.0
2013-12-28,0.0
2013-12-29,0.0
2013-12-30,0.0
2013-12-31,0.0
2014-01-01,0.0
2014-01-02,0.0
2014-01-03,0.0
2014-01-04,0.0
2014-01-05,0.0
2014-01-06,0.0
2014-01-07,5.9604645e-07
2014-01-08,5.549855e-06
2014-01-09,0.00010070536
2014-01-10,3.417333e-06
2014-01-11,0.00043663714
2014-01-12,3.1352043e-05
2014-01-13,0.0
2014-01-14,0.0
2014-01-15,0.0
2014-01-16,0.0
2014-01-17,0.0
2014-01-18,0.0
2014-01-19,0.0
2014-01-20,0.0
2014-01-21,0.0
2014-01-22,0.0
2014-01-23,0.0
2014-01-24,0.0
2014-01-25,0.0
2014-01-26,0.0
2014-01-27,9.1393787e-07
2014-01-28,1.40137145e-05
2014-01-29,0.00024300152
2014-01-30,1.8437704e-05
2014-01-31,4.6677058e-05
2014-02-01,0.0
2014-02-02,1.5894572e-07
2014-02-03,8.477105e-07
2014-02-04,0.0
2014-02-05,0.0
2014-02-06,0.0004382001
2014-02-07,0.0011077987
2014-02-08,0.0015516016
2014-02-09,0.0009565883
2014-02-10,0.0008530617
2014-02-11,1.8013848e-06
2014-02-12,8.8095665e-05
2014-02-13,0.0006489356
2014-02-14,0.0007420778
2014-02-15,0.00040743087
2014-02-16,0.0005302959
2014-02-17,0.0
2014-02-18,1.9603306e-06
2014-02-19,2.6914808e-05
2014-02-20,0.0
2014-02-21,0.0
2014-02-22,0.0
2014-02-23,0.0
2014-02-24,0.0
2014-02-25,0.0
2014-02-26,0.0002715058
2014-02-27,0.0022824209
2014-02-28,0.00043272972
2014-03-01,0.00049561926
2014-03-02,0.000560032
2014-03-03,0.0013421244
2014-03-04,0.00046265125
2014-03-05,0.00089563266
2014-03-06,0.0010634264
2014-03-07,3.2583873e-06
2014-03-08,0.0
2014-03-09,0.0008255376
2014-03-10,0.000823564
2014-03-11,0.0
2014-03-12,0.0
2014-03-13,0.0
2014-03-14,8.556578e-06
2014-03-15,0.0
2014-03-16,0.0
2014-03-17,2.503395e-06
2014-03-18,0.0
2014-03-19,0.0
2014-03-20,0.0
2014-03-21,2.6490953e-08
2014-03-22,2.6490953e-08
2014-03-23,0.0
2014-03-24,0.0
2014-03-25,0.00028696324
2014-03-26,0.00069569214
2014-03-27,0.00041577552
2014-03-28,0.00076911185
2014-03-29,0.0016338163
2014-03-30,0.0002622207
2014-03-31,0.00065441924
2014-04-01,0.0005538066
2014-04-02,1.65436e-05
2014-04-03,3.0822222e-05
2014-04-04,4.4120683e-05
2014-04-05,2.5166406e-07
2014-04-06,0.0
2014-04-07,0.0
2014-04-08,0.0
2014-04-09,0.0
2014-04-10,0.0
2014-04-11,0.0
2014-04-12,1.05963814e-07
2014-04-13,0.0
2014-04-14,0.0
2014-04-15,0.0
2014-04-16,0.0
2014-04-17,2.172258e-06
2014-04-18,3.412035e-05
2014-04-19,0.0
2014-04-20,0.0
2014-04-21,5.298191e-07
2014-04-22,0.00010614925
2014-04-23,2.3312039e-06
2014-04-24,2.7961201e-05
2014-04-25,0.00016501214
2014-04-26,3.112687e-06
2014-04-27,0.00013540851
2014-04-28,2.529886e-06
2014-04-29,0.0
2014-04-30,0.0
2014-05-01,0.0
2014-05-02,0.0
2014-05-03,7.947286e-08
2014-05-04,1.2119611e-05
2014-05-05,0.00011693107
2014-05-06,1.05963814e-07
2014-05-07,0.0
2014-05-08,1.4278624e-05
2014-05-09,0.0001128912
2014-05-10,1.1629529e-05
2014-05-11,0.0
2014-05-12,0.0
2014-05-13,0.0
2014-05-14,0.0
2014-05-15,0.0
2014-05-16,0.0
2014-05-17,0.0
2014-05-18,2.0398033e-06
2014-05-19,2.4623341e-05
2014-05-20,5.516741e-05
2014-05-21,0.0
2014-05-22,0.0
2014-05-23,1.086129e-06
2014-05-24,0.0
2014-05-25,0.0
2014-05-26,0.0
2014-05-27,0.0
2014-05-28,0.0
2014-05-29,0.0
2014-05-30,0.0
2014-05-31,0.0
2014-06-01,0.0
2014-06-02,0.0
2014-06-03,6.357829e-07
2014-06-04,0.0
2014-06-05,0.0
2014-06-06,0.0
2014-06-07,0.0
2014-06-08,0.0
2014-06-09,0.0
2014-06-10,0.0
2014-06-11,0.0
2014-06-12,0.0
2014-06-13,0.0
2014-06-14,0.0
2014-06-15,0.0
2014-06-16,4.251798e-06
2014-06-17,0.0
2014-06-18,0.0
2014-06-19,0.0
2014-06-20,0.0
2014-06-21,0.0
2014-06-22,0.0
2014-06-23,0.0
2014-06-24,0.0
2014-06-25,1.2424257e-05
2014-06-26,3.412035e-05
2014-06-27,1.1920929e-06
2014-06-28,0.0
2014-06-29,0.0
2014-06-30,0.0
2014-07-01,0.0
2014-07-02,0.0
2014-07-03,0.0
2014-07-04,0.0
2014-07-05,0.0
2014-07-06,0.0
2014-07-07,1.2318293e-06
2014-07-08,0.0
2014-07-09,4.834599e-06
2014-07-10,0.0
2014-07-11,1.9457606e-05
2014-07-12,0.0
2014-07-13,0.0
2014-07-14,0.0
2014-07-15,0.0
2014-07-16,4.9498347e-05
2014-07-17,3.9339066e-06
2014-07-18,0.0
2014-07-19,1.8543668e-07
2014-07-20,5.593565e-05
2014-07-21,5.2187177e-05
2014-07-22,5.9366226e-05
2014-07-23,3.973643e-08
2014-07-24,0.0
2014-07-25,0.0
2014-07-26,0.0
2014-07-27,0.0
2014-07-28,0.0
2014-07-29,0.0
2014-07-30,0.0
2014-07-31,0.0
2014-08-01,0.0
2014-08-02,0.0
2014-08-03,0.0
2014-08-04,3.3511055e-06
2014-08-05,0.0005007982
2014-08-06,4.45048e-06
2014-08-07,7.1525574e-07
2014-08-08,1.4570024e-07
2014-08-09,0.0
2014-08-10,3.2318962e-06
2014-08-11,3.6160152e-06
2014-08-12,1.9338395e-06
2014-08-13,1.5391244e-05
2014-08-14,0.0
2014-08-15,0.0
2014-08-16,0.0
2014-08-17,0.0
2014-08-18,0.0
2014-08-19,2.1192763e-07
2014-08-20,0.0
2014-08-21,0.0
2014-08-22,0.0
2014-08-23,0.0
2014-08-24,0.0
2014-08-25,4.2385525e-07
2014-08-26,0.0
2014-08-27,0.0
2014-08-28,0.0
2014-08-29,0.0
2014-08-30,0.0
2014-08-31,0.0
2014-09-01,0.0
2014-09-02,0.0
2014-09-03,0.0
2014-09-04,0.0
2014-09-05,0.0
2014-09-06,0.0
2014-09-07,0.0
2014-09-08,0.0
2014-09-09,0.0
2014-09-10,0.0
2014-09-11,0.0
2014-09-12,0.0
2014-09-13,0.0
2014-09-14,0.0
2014-09-15,0.0
2014-09-16,0.0
2014-09-17,4.225307e-06
2014-09-18,0.00017750263
2014-09-19,0.0
2014-09-20,0.0
2014-09-21,1.0331472e-06
2014-09-22,0.0
2014-09-23,0.0
2014-09-24,0.0002332396
2014-09-25,0.0018075439
2014-09-26,3.0650033e-05
2014-09-27,1.6424391e-06
2014-09-28,1.0728836e-05
2014-09-29,0.0
2014-09-30,0.0
2014-10-01,0.0
2014-10-02,0.0
2014-10-03,0.0
2014-10-04,0.0
2014-10-05,0.0
2014-10-06,0.0
2014-10-07,0.0
2014-10-08,0.0
2014-10-09,0.0
2014-10-10,0.0
2014-10-11,0.0
2014-10-12,0.0
2014-10-13,0.0
2014-10-14,0.0
2014-10-15,0.0007937882
2014-10-16,6.7154565e-06
2014-10-17,1.3695822e-05
2014-10-18,9.4837615e-06
2014-10-19,2.6490953e-08
2014-10-20,0.00044205453
2014-10-21,4.1166943e-05
2014-10-22,0.0
2014-10-23,0.0006828441
2014-10-24,0.00030415587
2014-10-25,0.00092616346
2014-10-26,0.00012825595
2014-10-27,0.0
2014-10-28,2.251731e-06
2014-10-29,1.1285146e-05
2014-10-30,0.0
2014-10-31,0.00088296994
2014-11-01,0.00031150712
2014-11-02,4.503462e-07
2014-11-03,0.0
2014-11-04,2.5086933e-05
2014-11-05,0.0
2014-11-06,0.0
2014-11-07,0.0
2014-11-08,0.0
2014-11-09,0.0
2014-11-10,0.0
2014-11-11,0.0
2014-11-12,1.6185972e-05
2014-11-13,0.0004361073
2014-11-14,8.960565e-05
2014-11-15,1.3722314e-05
2014-11-16,0.0
2014-11-17,0.0
2014-11-18,0.0
2014-11-19,0.00020441745
2014-11-20,0.00034724342
2014-11-21,0.00023706754
2014-11-22,0.0013927221
2014-11-23,0.0
2014-11-24,0.0
2014-11-25,0.0
2014-11-26,0.0
2014-11-27,0.0
2014-11-28,0.00010265244
2014-11-29,0.0011444357
2014-11-30,0.00048414865
2014-12-01,0.00019749005
2014-12-02,0.00021575557
2014-12-03,0.0026421149
2014-12-04,0.0009986692
2014-12-05,0.000660234
2014-12-06,0.0014068418
2014-12-07,3.3365355e-05
2014-12-08,0.0005171166
2014-12-09,0.00022423267
2014-12-10,0.0008651018
2014-12-11,0.00453088
2014-12-12,0.000612749
2014-12-13,3.7882064e-06
2014-12-14,8.318159e-06
2014-12-15,0.00042956404
2014-12-16,0.00066781044
2014-12-17,0.0012409687
2014-12-18,0.00037912527
2014-12-19,0.0010872153
2014-12-20,0.0012060138
2014-12-21,0.00045686297
2014-12-22,3.8809245e-05
2014-12-23,0.0
2014-12-24,0.00026550557
2014-12-25,5.695555e-07
2014-12-26,5.2981907e-08
2014-12-27,0.0
2014-12-28,3.4438239e-07
2014-12-29,9.112888e-06
2014-12-30,1.5497208e-06
2014-12-31,0.0
2015-01-01,0.0
2015-01-02,0.0
2015-01-03,0.0
2015-01-04,1.4570024e-07
2015-01-05,0.0
2015-01-06,0.0
2015-01-07,0.0
2015-01-08,0.0
2015-01-09,0.0
2015-01-10,0.0
2015-01-11,0.0
2015-01-12,2.2384856e-06
2015-01-13,0.0
2015-01-14,0.0
2015-01-15,0.0
2015-01-16,0.00022810035
2015-01-17,3.9100647e-05
2015-01-18,0.0007052819
2015-01-19,5.298191e-07
2015-01-20,0.0
2015-01-21,0.0
2015-01-22,0.0
2015-01-23,0.0
2015-01-24,0.0
2015-01-25,0.0
2015-01-26,0.0
2015-01-27,2.5961135e-06
2015-01-28,4.1060977e-07
2015-01-29,0.0
2015-01-30,0.0
2015-01-31,0.0
2015-02-01,1.8543668e-07
2015-02-02,0.0002257824
2015-02-03,3.129906e-05
2015-02-04,6.728702e-06
2015-02-05,0.00013180573
2015-02-06,0.0018273062
2015-02-07,0.0015690856
2015-02-08,0.0010187493
2015-02-09,0.001255062
2015-02-10,1.2053383e-06
2015-02-11,0.0
2015-02-12,0.0
2015-02-13,0.0
2015-02-14,0.0
2015-02-15,0.0
2015-02-16,0.0
2015-02-17,0.0
2015-02-18,0.0
2015-02-19,0.0
2015-02-20,0.0
2015-02-21,0.0
2015-02-22,0.0
2015-02-23,0.0
2015-02-24,0.0
2015-02-25,0.0
2015-02-26,0.0
2015-02-27,0.00011763308
2015-02-28,8.437369e-06
2015-03-01,0.0
2015-03-02,5.510118e-06
2015-03-03,0.0
2015-03-04,0.0
2015-03-05,0.0
2015-03-06,0.0
2015-03-07,0.0
2015-03-08,0.0
2015-03-09,0.0
2015-03-10,0.0
2015-03-11,0.00019337071
2015-03-12,3.390842e-06
2015-03-13,0.0
2015-03-14,6.012122e-05
2015-03-15,7.229381e-05
2015-03-16,0.00040549703
2015-03-17,2.0927853e-06
2015-03-18,0.0
2015-03-19,0.0
2015-03-20,0.0
2015-03-21,0.0
2015-03-22,0.00028219487
2015-03-23,0.00027749274
2015-03-24,0.00014315711
2015-03-25,0.0
2015-03-26,0.0
2015-03-27,4.2385525e-07
2015-03-28,7.947286e-07
2015-03-29,0.0
2015-03-30,0.0
2015-03-31,1.0728836e-06
2015-04-01,1.7007193e-05
2015-04-02,2.6490953e-08
2015-04-03,0.0
2015-04-04,6.8876477e-07
2015-04-05,0.0004924138
2015-04-06,8.0532496e-05
2015-04-07,0.0012256437
2015-04-08,7.0373215e-05
2015-04-09,0.0
2015-04-10,0.0
2015-04-11,1.3245477e-08
2015-04-12,0.0
2015-04-13,1.5894572e-06
2015-04-14,1.2212329e-05
2015-04-15,0.0
2015-04-16,0.0
2015-04-17,0.0
2015-04-18,0.0
2015-04-19,0.0
2015-04-20,0.0
2015-04-21,1.3907751e-06
2015-04-22,1.1073218e-05
2015-04-23,5.1259995e-06
2015-04-24,2.6226044e-06
2015-04-25,6.873078e-05
2015-04-26,0.0
2015-04-27,0.0
2015-04-28,0.0
2015-04-29,1.3245477e-07
2015-04-30,0.0
2015-05-01,1.8278757e-06
2015-05-02,0.0
2015-05-03,0.0
2015-05-04,0.0
2015-05-05,0.0
2015-05-06,2.1192763e-07
2015-05-07,2.6490953e-08
2015-05-08,1.5894572e-07
2015-05-09,7.947286e-08
2015-05-10,1.086129e-06
2015-05-11,0.00015042888
2015-05-12,0.00010487768
2015-05-13,5.642573e-06
2015-05-14,2.172258e-06
2015-05-15,7.0108304e-05
2015-05-16,1.6623073e-05
2015-05-17,3.496806e-05
2015-05-18,4.635917e-06
2015-05-19,6.808175e-06
2015-05-20,0.00013934242
2015-05-21,1.1894438e-05
2015-05-22,8.914206e-06
2015-05-23,2.9404959e-05
2015-05-24,0.0
2015-05-25,1.8543668e-07
2015-05-26,2.251731e-07
2015-05-27,2.3841858e-07
2015-05-28,0.0
2015-05-29,0.0
2015-05-30,0.0
2015-05-31,0.0
2015-06-01,7.576413e-06
2015-06-02,1.7417802e-05
2015-06-03,3.059705e-06
2015-06-04,4.4703484e-05
2015-06-05,0.0
2015-06-06,2.6490953e-08
2015-06-07,0.0
2015-06-08,0.0
2015-06-09,1.9629797e-05
2015-06-10,0.0001292891
2015-06-11,0.0
2015-06-12,0.0
2015-06-13,0.0
2015-06-14,0.0
2015-06-15,0.0
2015-06-16,0.0
2015-06-17,0.0
2015-06-18,0.0
2015-06-19,0.0
2015-06-20,0.0
2015-06-21,0.0
2015-06-22,0.0
2015-06-23,0.0
2015-06-24,0.0
2015-06-25,1.4040205e-06
2015-06-26,1.4040205e-06
2015-06-27,0.0
2015-06-28,6.0002008e-06
2015-06-29,0.0
2015-06-30,0.0
2015-07-01,2.6490954e-07
2015-07-02,0.0
2015-07-03,4.9352646e-05
2015-07-04,2.5696224e-06
2015-07-05,0.0
2015-07-06,0.0
2015-07-07,1.20004015e-05
2015-07-08,9.841389e-05
2015-07-09,0.00026296245
2015-07-10,6.857183e-05
2015-07-11,8.477105e-06
2015-07-12,1.1086464e-05
2015-07-13,8.715524e-06
2015-07-14,0.0
2015-07-15,3.1656689e-06
2015-07-16,0.0
2015-07-17,0.0
2015-07-18,2.304713e-06
2015-07-19,0.0
2015-07-20,0.0
2015-07-21,0.00014315711
2015-07-22,3.973643e-07
2015-07-23,0.0
2015-07-24,0.0
2015-07-25,0.0
2015-07-26,1.973576e-05
2015-07-27,0.0
2015-07-28,0.0
2015-07-29,0.0
2015-07-30,3.2583873e-06
2015-07-31,0.0
2015-08-01,0.0
2015-08-02,3.9603974e-06
2015-08-03,2.6490953e-08
2015-08-04,0.0
2015-08-05,0.0
2015-08-06,0.0
2015-08-07,7.6823767e-07
2015-08-08,0.0
2015-08-09,0.0
2015-08-10,0.0
2015-08-11,5.2981907e-08
2015-08-12,0.0
2015-08-13,0.0
2015-08-14,0.0
2015-08-15,0.0
2015-08-16,0.0
2015-08-17,0.0
2015-08-18,0.0
2015-08-19,0.0
2015-08-20,0.0
2015-08-21,0.0
2015-08-22,0.0
2015-08-23,0.0
2015-08-24,0.0
2015-08-25,0.0
2015-08-26,0.0
2015-08-27,2.6490953e-08
2015-08-28,0.0
2015-08-29,4.9299662e-05
2015-08-30,0.0
2015-08-31,0.0
2015-09-01,0.0
2015-09-02,3.4438239e-07
2015-09-03,8.60956e-07
2015-09-04,3.5497878e-06
2015-09-05,0.0
2015-09-06,0.0
2015-09-07,0.0
2015-09-08,0.0
2015-09-09,0.0
2015-09-10,0.0
2015-09-11,0.0
2015-09-12,0.0
2015-09-13,5.033281e-07
2015-09-14,7.237328e-05
2015-09-15,0.0004959371
2015-09-16,0.00052389834
2015-09-17,0.0002586974
2015-09-18,0.0
2015-09-19,0.0
2015-09-20,0.0
2015-09-21,0.0
2015-09-22,0.0
2015-09-23,0.0
2015-09-24,0.0
2015-09-25,0.0
2015-09-26,0.0
2015-09-27,0.0
2015-09-28,0.0
2015-09-29,0.0
2015-09-30,0.0
2015-10-01,7.688999e-05
2015-10-02,0.0
2015-10-03,1.0596382e-06
2015-10-04,2.5749207e-05
2015-10-05,0.0
2015-10-06,0.0
2015-10-07,0.0
2015-10-08,0.0
2015-10-09,0.0
2015-10-10,0.0
2015-10-11,0.0
2015-10-12,0.0
2015-10-13,0.0
2015-10-14,0.0
2015-10-15,0.0
2015-10-16,0.0
2015-10-17,0.00015636285
2015-10-18,0.000111964015
2015-10-19,9.490384e-05
2015-10-20,0.0
2015-10-21,0.0
2015-10-22,0.0
2015-10-23,0.0
2015-10-24,0.0
2015-10-25,1.2450748e-06
2015-10-26,0.0
2015-10-27,3.9630468e-05
2015-10-28,0.00013972653
2015-10-29,0.0
2015-10-30,0.0
2015-10-31,2.6490953e-08
2015-11-01,0.00015563435
2015-11-02,0.000492533
2015-11-03,3.311369e-07
2015-11-04,1.3245477e-08
2015-11-05,0.0
2015-11-06,0.0
2015-11-07,0.0
2015-11-08,0.0002458228
2015-11-09,0.0004398293
2015-11-10,1.5417734e-05
2015-11-11,0.0
2015-11-12,0.0
2015-11-13,0.0
2015-11-14,0.0
2015-11-15,0.00045845244
2015-11-16,3.311369e-07
2015-11-17,1.6159481e-06
2015-11-18,2.4345187e-05
2015-11-19,0.0
2015-11-20,3.973643e-07
2015-11-21,0.0
2015-11-22,0.0
2015-11-23,0.0
2015-11-24,0.0008153518
2015-11-25,3.3113693e-06
2015-11-26,0.0
2015-11-27,0.0
2015-11-28,0.0
2015-11-29,0.0
2015-11-30,3.083547e-05
2015-12-01,0.0
2015-12-02,0.0001670387
2015-12-03,0.00042058362
2015-12-04,0.0010276503
2015-12-05,7.0465935e-06
2015-12-06,0.00048616197
2015-12-07,0.0005187194
2015-12-08,0.00013405747
2015-12-09,0.0008748637
2015-12-10,0.0018520885
2015-12-11,0.0006059806
2015-12-12,0.00015062756
2015-12-13,0.0020512342
2015-12-14,4.026625e-06
2015-12-15,2.251731e-07
2015-12-16,3.4438239e-07
2015-12-17,0.00015481313
2015-12-18,0.0014323393
2015-12-19,0.0006053448
2015-12-20,0.00079407956
2015-12-21,0.0015664233
2015-12-22,0.00060682825
2015-12-23,1.276864e-05
2015-12-24,0.0006158087
2015-12-25,1.7431048e-05
2015-12-26,0.0
2015-12-27,9.4837615e-06
2015-12-28,4.47962e-05
2015-12-29,0.0
2015-12-30,0.00011564625
2015-12-31,0.0
2016-01-01,0.0
2016-01-02,2.1192763e-07
2016-01-03,3.1921598e-05
2016-01-04,0.0001891719
2016-01-05,0.0015054941
2016-01-06,0.0011471377
2016-01-07,0.00018715858
2016-01-08,2.6543936e-05
2016-01-09,0.00060656335
2016-01-10,4.145834e-05
2016-01-11,2.113978e-05
2016-01-12,6.63201e-05
2016-01-13,0.0025340717
2016-01-14,0.0006169875
2016-01-15,0.0005195803
2016-01-16,0.00057423115
2016-01-17,0.0025106403
2016-01-18,0.0010803938
2016-01-19,0.0016863743
2016-01-20,9.191036e-05
2016-01-21,2.653069e-05
2016-01-22,0.0012065569
2016-01-23,0.0012757778
2016-01-24,9.5261465e-05
2016-01-25,0.0001415809
2016-01-26,0.0
2016-01-27,0.0
2016-01-28,5.523364e-05
2016-01-29,0.0016674069
2016-01-30,7.935365e-05
2016-01-31,3.956424e-05
2016-02-01,1.1920929e-07
2016-02-02,1.43448515e-05
2016-02-03,0.00014853477
2016-02-04,8.043978e-05
2016-02-05,0.0
2016-02-06,1.3113022e-06
2016-02-07,0.0
2016-02-08,0.0
2016-02-09,0.0
2016-02-10,0.0
2016-02-11,7.0465935e-06
2016-02-12,0.0
2016-02-13,5.2981907e-08
2016-02-14,4.4107437e-06
2016-02-15,0.0
2016-02-16,0.0
2016-02-17,0.00020864274
2016-02-18,0.0012027952
2016-02-19,0.0008413659
2016-02-20,9.049309e-05
2016-02-21,0.0
2016-02-22,0.0
2016-02-23,0.0
2016-02-24,4.8213533e-06
2016-02-25,0.0
2016-02-26,3.8266182e-05
2016-02-27,0.0002563662
2016-02-28,9.1393787e-07
2016-02-29,0.0
2016-03-01,4.6160487e-05
2016-03-02,3.4133594e-05
2016-03-03,0.00042394796
2016-03-04,0.00028693676
2016-03-05,0.0017821259
2016-03-06,0.0016873016
2016-03-07,0.0010330677
2016-03-08,3.6875408e-05
2016-03-09,0.00063599483
2016-03-10,0.0016851425
2016-03-11,0.0015704765
2016-03-12,0.0017974906
2016-03-13,0.0018350813
2016-03-14,0.0004351934
2016-03-15,0.0
2016-03-16,0.0
2016-03-17,0.0
2016-03-18,2.3841858e-07
2016-03-19,2.9934777e-06
2016-03-20,0.0008819103
2016-03-21,0.0012784534
2016-03-22,0.00019343694
2016-03-23,1.1656019e-06
2016-03-24,0.0
2016-03-25,0.0
2016-03-26,2.861023e-06
2016-03-27,3.8411883e-07
2016-03-28,1.3139513e-05
2016-03-29,4.2385525e-07
2016-03-30,0.0
2016-03-31,0.0
2016-04-01,0.0
2016-04-02,9.801653e-07
2016-04-03,4.1590797e-06
2016-04-04,1.05963814e-07
2016-04-05,0.0
2016-04-06,0.0
2016-04-07,0.0
2016-04-08,4.556444e-06
2016-04-09,0.00010810958
2016-04-10,0.00019066864
2016-04-11,5.057123e-05
2016-04-12,0.00035663447
2016-04-13,4.0504667e-05
2016-04-14,0.00024235249
2016-04-15,6.755193e-07
2016-04-16,0.0
2016-04-17,0.0
2016-04-18,0.0
2016-04-19,0.0
2016-04-20,0.0
2016-04-21,3.0040741e-05
2016-04-22,0.0010319419
2016-04-23,0.0001377927
2016-04-24,2.8358565e-05
2016-04-25,2.251731e-07
2016-04-26,0.0
2016-04-27,0.00011934174
2016-04-28,1.8543668e-07
2016-04-29,4.3710074e-06
2016-04-30,0.0
2016-05-01,0.0
2016-05-02,1.8013848e-06
2016-05-03,4.3974983e-06
2016-05-04,3.5709803e-05
2016-05-05,0.00021339787
2016-05-06,1.7537011e-05
2016-05-07,0.00028093657
2016-05-08,0.00011138121
2016-05-09,0.000114772054
2016-05-10,0.0
2016-05-11,0.0
2016-05-12,0.0
2016-05-13,2.1192763e-07
2016-05-14,5.3034888e-05
2016-05-15,1.1656019e-06
2016-05-16,0.0
2016-05-17,0.0
2016-05-18,0.0
2016-05-19,2.6490953e-08
2016-05-20,0.0005369716
2016-05-21,0.00040560297
2016-05-22,0.00025786294
2016-05-23,1.6715792e-05
2016-05-24,5.4889257e-05
2016-05-25,1.8570157e-05
2016-05-26,0.0
2016-05-27,0.0
2016-05-28,0.0
2016-05-29,0.0
2016-05-30,0.0
2016-05-31,0.0
2016-06-01,0.0
2016-06-02,0.0
2016-06-03,0.0
2016-06-04,0.0
2016-06-05,7.0201027e-06
2016-06-06,0.0
2016-06-07,0.0
2016-06-08,0.0
2016-06-09,0.0
2016-06-10,0.0
2016-06-11,0.0
2016-06-12,0.0
2016-06-13,0.0
2016-06-14,0.0
2016-06-15,5.98828e-05
2016-06-16,8.5790954e-05
2016-06-17,0.00030601025
2016-06-18,0.0010107623
2016-06-19,0.0
2016-06-20,0.0
2016-06-21,0.0
2016-06-22,0.0
2016-06-23,0.0
2016-06-24,0.0
2016-06-25,0.0
2016-06-26,0.0
2016-06-27,0.0
2016-06-28,0.0
2016-06-29,0.0
2016-06-30,0.0
2016-07-01,0.0
2016-07-02,0.0
2016-07-03,0.0
2016-07-04,0.0
2016-07-05,0.0
2016-07-06,0.0
2016-07-07,0.0
2016-07-08,8.477105e-07
2016-07-09,8.8744696e-07
2016-07-10,0.0
2016-07-11,0.0
2016-07-12,0.0
2016-07-13,0.0
2016-07-14,0.0
2016-07-15,0.0
2016-07-16,0.0
2016-07-17,7.947286e-08
2016-07-18,4.1855706e-06
2016-07-19,0.0
2016-07-20,0.0
2016-07-21,0.0
2016-07-22,0.0
2016-07-23,0.0
2016-07-24,0.0
2016-07-25,0.0
2016-07-26,0.0
2016-07-27,0.0
2016-07-28,0.0
2016-07-29,0.0
2016-07-30,0.0
2016-07-31,0.0
2016-08-01,0.0
2016-08-02,0.0
2016-08-03,0.0
2016-08-04,0.0
2016-08-05,0.0
2016-08-06,0.0
2016-08-07,0.0
2016-08-08,0.0
2016-08-09,0.0
2016-08-10,0.0
2016-08-11,0.0
2016-08-12,0.0
2016-08-13,0.0
2016-08-14,0.0
2016-08-15,0.0
2016-08-16,0.0
2016-08-17,0.0
2016-08-18,8.477105e-07
2016-08-19,0.0
2016-08-20,0.0
2016-08-21,0.0
2016-08-22,4.6888986e-06
2016-08-23,0.0
2016-08-24,0.0
2016-08-25,0.0
2016-08-26,0.0
2016-08-27,0.0
2016-08-28,0.0
2016-08-29,0.0
2016-08-30,0.0
2016-08-31,0.0
2016-09-01,0.0
2016-09-02,0.0
2016-09-03,0.0
2016-09-04,1.1920929e-06
2016-09-05,0.0
2016-09-06,0.0
2016-09-07,0.0
2016-09-08,0.0
2016-09-09,0.0
2016-09-10,0.0
2016-09-11,0.0
2016-09-12,0.0
2016-09-13,0.0
2016-09-14,0.0
2016-09-15,0.0
2016-09-16,0.0
2016-09-17,0.0
2016-09-18,0.0
2016-09-19,0.0
2016-09-20,0.0
2016-09-21,0.0
2016-09-22,1.2821622e-05
2016-09-23,0.0
2016-09-24,0.0
2016-09-25,0.0
2016-09-26,0.0
2016-09-27,0.0
2016-09-28,0.0
2016-09-29,1.8543668e-07
2016-09-30,0.0
2016-10-01,0.0
2016-10-02,0.00021006001
2016-10-03,0.0001896355
2016-10-04,4.2120617e-05
2016-10-05,5.2981907e-08
2016-10-06,0.0
2016-10-07,1.1404355e-05
2016-10-08,0.0
2016-10-09,0.0
2016-10-10,0.0
2016-10-11,0.0
2016-10-12,0.0
2016-10-13,5.5127675e-05
2016-10-14,0.0026240614
2016-10-15,0.001106143
2016-10-16,0.0008729696
2016-10-17,0.0007564624
2016-10-18,0.0001395676
2016-10-19,0.0
2016-10-20,0.0
2016-10-21,5.5631e-07
2016-10-22,0.0
2016-10-23,0.0
2016-10-24,0.00066872436
2016-10-25,0.0019565027
2016-10-26,0.00047120784
2016-10-27,0.0009839269
2016-10-28,0.0001759794
2016-10-29,0.0010760493
2016-10-30,0.0011901326
2016-10-31,0.00080499385
2016-11-01,0.0007686615
2016-11-02,0.0
2016-11-03,0.0
2016-11-04,0.0
2016-11-05,0.0
2016-11-06,0.0008823739
2016-11-07,3.0358633e-05
2016-11-08,0.0
2016-11-09,0.0
2016-11-10,0.0
2016-11-11,0.0
2016-11-12,0.00018945005
2016-11-13,0.0
2016-11-14,0.0
2016-11-15,0.00040107302
2016-11-16,8.75526e-05
2016-11-17,3.7087335e-07
2016-11-18,0.0
2016-11-19,0.0012060537
2016-11-20,0.0012933811
2016-11-21,0.00016428364
2016-11-22,6.624063e-05
2016-11-23,0.0009728405
2016-11-24,4.7948624e-06
2016-11-25,0.00014536911
2016-11-26,0.0009503894
2016-11-27,0.00034699176
2016-11-28,0.0002782742
2016-11-29,2.6490953e-08
2016-11-30,3.349781e-05
2016-12-01,0.0
2016-12-02,0.0
2016-12-03,0.0
2016-12-04,1.6556846e-06
2016-12-05,1.9669533e-05
2016-12-06,5.2279895e-05
2016-12-07,2.389484e-05
2016-12-08,0.00069239404
2016-12-09,0.00066985027
2016-12-10,0.0018818113
2016-12-11,9.006924e-07
2016-12-12,0.0
2016-12-13,1.2901094e-05
2016-12-14,0.0012367434
2016-12-15,0.003501031
2016-12-16,0.00015632312
2016-12-17,0.0
2016-12-18,0.0
2016-12-19,0.0
2016-12-20,1.9272169e-05
2016-12-21,0.0
2016-12-22,0.0
2016-12-23,0.0011365017
2016-12-24,4.878309e-05
2016-12-25,0.0
2016-12-26,0.0
2016-12-27,3.5762787e-07
2016-12-28,2.1192763e-07
2016-12-29,0.0
2016-12-30,0.0
2016-12-31,8.19895e-06
