JDAY,PRECIP
1950-10-01,0.0
1950-10-02,0.0
1950-10-03,0.0
1950-10-04,1.9086732e-05
1950-10-05,0.0005525483
1950-10-06,2.6490953e-08
1950-10-07,0.0
1950-10-08,0.0
1950-10-09,0.0
1950-10-10,0.0
1950-10-11,0.0
1950-10-12,0.0
1950-10-13,0.0
1950-10-14,0.0
1950-10-15,0.0
1950-10-16,0.00071415637
1950-10-17,0.00057760876
1950-10-18,8.212195e-06
1950-10-19,0.0
1950-10-20,0.0
1950-10-21,0.0
1950-10-22,1.6159481e-06
1950-10-23,0.00021839142
1950-10-24,0.00039533773
1950-10-25,0.0015483233
1950-10-26,0.00261018
1950-10-27,0.001246704
1950-10-28,0.0043156147
1950-10-29,0.0034726197
1950-10-30,0.0008039607
1950-10-31,5.7836372e-05
1950-11-01,0.0001690454
1950-11-02,2.22524e-06
1950-11-03,0.0
1950-11-04,0.0
1950-11-05,0.0
1950-11-06,0.0
1950-11-07,0.0
1950-11-08,0.0
1950-11-09,0.0
1950-11-10,0.0
1950-11-11,0.0
1950-11-12,5.7260197e-05
1950-11-13,0.0004633665
1950-11-14,0.00049287744
1950-11-15,0.0012385183
1950-11-16,0.0024783479
1950-11-17,0.0013006064
1950-11-18,0.0012802548
1950-11-19,0.0005063944
1950-11-20,0.0007891125
1950-11-21,0.0002983345
1950-11-22,0.0
1950-11-23,0.0
1950-11-24,1.3245477e-08
1950-11-25,0.0
1950-11-26,5.185604e-06
1950-11-27,0.00068590377
1950-11-28,0.0
1950-11-29,6.695589e-05
1950-11-30,0.00062500103
1950-12-01,0.00011385149
1950-12-02,0.00023034547
1950-12-03,0.003476739
1950-12-04,0.00017254883
1950-12-05,6.171068e-05
1950-12-06,0.0009601381
1950-12-07,0.0017202033
1950-12-08,0.00072787865
1950-12-09,0.0009163618
1950-12-10,5.2981907e-08
1950-12-11,0.0009865761
1950-12-12,0.00023317337
1950-12-13,9.006924e-07
1950-12-14,0.0017182297
1950-12-15,0.0005354484
1950-12-16,1.3854768e-05
1950-12-17,1.3642841e-06
1950-12-18,7.903576e-05
1950-12-19,0.00015266736
1950-12-20,1.2583203e-06
1950-12-21,0.0
1950-12-22,0.0
1950-12-23,0.0
1950-12-24,0.0
1950-12-25,2.1325218e-06
1950-12-26,0.0
1950-12-27,0.0
1950-12-28,1.5894572e-07
1950-12-29,0.0
1950-12-30,0.00012498432
1950-12-31,6.0929193e-07
1951-01-01,1.05963814e-07
1951-01-02,8.459886e-05
1951-01-03,0.0010495319
1951-01-04,0.0005162292
1951-01-05,6.7949295e-05
1951-01-06,0.0
1951-01-07,0.0
1951-01-08,0.0001678202
1951-01-09,0.00022402074
1951-01-10,0.0014957719
1951-01-11,0.0013607674
1951-01-12,2.4106766e-06
1951-01-13,3.8279427e-06
1951-01-14,7.453892e-05
1951-01-15,0.0014102989
1951-01-16,0.0007622109
1951-01-17,0.0026871562
1951-01-18,0.0009843641
1951-01-19,0.00036501884
1951-01-20,0.00025224022
1951-01-21,0.0021774238
1951-01-22,0.00065598224
1951-01-23,0.00024071004
1951-01-24,3.7087335e-07
1951-01-25,0.0
1951-01-26,8.2121954e-07
1951-01-27,6.488959e-05
1951-01-28,0.0002661281
1951-01-29,9.5261465e-05
1951-01-30,0.0
1951-01-31,0.0
1951-02-01,5.396207e-05
1951-02-02,0.0007528398
1951-02-03,0.00083023973
1951-02-04,0.0034096506
1951-02-05,0.00061025884
1951-02-06,0.00018276108
1951-02-07,0.0001378854
1951-02-08,0.0002755324
1951-02-09,0.0
1951-02-10,0.0005181895
1951-02-11,0.0017894772
1951-02-12,1.7166138e-05
1951-02-13,0.0
1951-02-14,1.8543668e-07
1951-02-15,2.0398033e-06
1951-02-16,3.2848782e-06
1951-02-17,0.0005618201
1951-02-18,4.237228e-05
1951-02-19,0.0
1951-02-20,0.0003289249
1951-02-21,0.0005130503
1951-02-22,4.800823e-05
1951-02-23,2.7663178e-05
1951-02-24,1.7020437e-05
1951-02-25,9.187063e-05
1951-02-26,0.00010882484
1951-02-27,7.563167e-06
1951-02-28,0.00016408497
1951-03-01,5.6823096e-06
1951-03-02,1.5364753e-06
1951-03-03,6.4902833e-06
1951-03-04,0.00094995234
1951-03-05,0.0004011459
1951-03-06,0.00095852214
1951-03-07,0.000513143
1951-03-08,0.00042796135
1951-03-09,0.0003394948
1951-03-10,0.0
1951-03-11,0.0
1951-03-12,0.0
1951-03-13,3.496806e-06
1951-03-14,0.0
1951-03-15,4.3935244e-05
1951-03-16,2.755059e-06
1951-03-17,0.0
1951-03-18,0.0
1951-03-19,0.0
1951-03-20,0.0
1951-03-21,8.583069e-06
1951-03-22,4.503462e-07
1951-03-23,0.0
1951-03-24,0.0
1951-03-25,4.9445363e-05
1951-03-26,2.6490953e-08
1951-03-27,0.0
1951-03-28,0.0
1951-03-29,8.702278e-06
1951-03-30,7.549922e-07
1951-03-31,0.0
1951-04-01,0.0
1951-04-02,0.0
1951-04-03,4.092852e-06
1951-04-04,9.28243e-05
1951-04-05,3.2583873e-06
1951-04-06,4.007419e-05
1951-04-07,1.2185839e-06
1951-04-08,0.0
1951-04-09,0.0
1951-04-10,0.0
1951-04-11,0.0
1951-04-12,0.0
1951-04-13,1.05963814e-07
1951-04-14,6.328689e-05
1951-04-15,2.26895e-05
1951-04-16,8.960565e-05
1951-04-17,0.00044047832
1951-04-18,2.8517512e-05
1951-04-19,4.3710074e-07
1951-04-20,7.1525574e-07
1951-04-21,1.6821755e-06
1951-04-22,1.7219119e-07
1951-04-23,0.00012452072
1951-04-24,0.00037484698
1951-04-25,0.0001273685
1951-04-26,4.0001338e-05
1951-04-27,0.00024970373
1951-04-28,0.0014235973
1951-04-29,5.294217e-05
1951-04-30,5.2981907e-08
1951-05-01,0.00024137233
1951-05-02,0.00015179317
1951-05-03,0.0011840529
1951-05-04,0.001480672
1951-05-05,0.0002755589
1951-05-06,0.0005061891
1951-05-07,5.100833e-05
1951-05-08,3.4438239e-07
1951-05-09,7.947286e-08
1951-05-10,3.3590528e-05
1951-05-11,0.0010496245
1951-05-12,4.527304e-05
1951-05-13,3.0795734e-05
1951-05-14,0.0
1951-05-15,0.0
1951-05-16,1.05963814e-07
1951-05-17,9.775162e-06
1951-05-18,0.000116825104
1951-05-19,2.9140048e-07
1951-05-20,7.417467e-07
1951-05-21,0.0
1951-05-22,3.19216e-06
1951-05-23,4.839897e-05
1951-05-24,3.7087335e-07
1951-05-25,1.05963814e-07
1951-05-26,0.0
1951-05-27,0.0
1951-05-28,0.0
1951-05-29,6.357829e-07
1951-05-30,2.357695e-06
1951-05-31,0.0
1951-06-01,0.0
1951-06-02,0.0
1951-06-03,6.357829e-07
1951-06-04,1.417266e-06
1951-06-05,3.2186508e-06
1951-06-06,1.2848112e-06
1951-06-07,5.2981907e-08
1951-06-08,1.5894572e-07
1951-06-09,0.0
1951-06-10,0.0
1951-06-11,0.0
1951-06-12,0.0
1951-06-13,0.0
1951-06-14,0.0
1951-06-15,0.0
1951-06-16,0.0
1951-06-17,0.0
1951-06-18,0.0
1951-06-19,0.0
1951-06-20,0.0
1951-06-21,3.7007863e-05
1951-06-22,0.0
1951-06-23,0.0
1951-06-24,1.2358029e-05
1951-06-25,0.0
1951-06-26,0.0
1951-06-27,0.0
1951-06-28,0.0
1951-06-29,0.0
1951-06-30,0.0
1951-07-01,0.0
1951-07-02,0.0
1951-07-03,6.0929193e-07
1951-07-04,0.0
1951-07-05,1.3033549e-05
1951-07-06,0.0
1951-07-07,0.0
1951-07-08,0.0
1951-07-09,0.0
1951-07-10,0.0
1951-07-11,0.0
1951-07-12,0.0
1951-07-13,0.0
1951-07-14,0.0
1951-07-15,0.0
1951-07-16,0.0
1951-07-17,0.0
1951-07-18,0.0
1951-07-19,0.0
1951-07-20,0.0
1951-07-21,0.0
1951-07-22,0.0
1951-07-23,0.0
1951-07-24,0.0
1951-07-25,0.0
1951-07-26,0.0
1951-07-27,0.0
1951-07-28,0.0
1951-07-29,0.0
1951-07-30,0.0
1951-07-31,0.0
1951-08-01,0.0
1951-08-02,0.0
1951-08-03,0.0
1951-08-04,0.0
1951-08-05,0.0
1951-08-06,0.0
1951-08-07,1.8543668e-07
1951-08-08,0.0
1951-08-09,0.0
1951-08-10,0.0
1951-08-11,0.0
1951-08-12,0.0
1951-08-13,0.0
1951-08-14,0.0
1951-08-15,0.0
1951-08-16,0.0
1951-08-17,0.0
1951-08-18,1.3245477e-08
1951-08-19,8.742015e-07
1951-08-20,3.1193096e-05
1951-08-21,4.1590797e-06
1951-08-22,0.00012629562
1951-08-23,2.8093657e-05
1951-08-24,0.0
1951-08-25,0.0
1951-08-26,0.0
1951-08-27,0.0
1951-08-28,5.384286e-05
1951-08-29,0.00023313363
1951-08-30,0.0
1951-08-31,0.0
1951-09-01,0.0
1951-09-02,0.0
1951-09-03,0.0
1951-09-04,0.0
1951-09-05,0.0
1951-09-06,0.0
1951-09-07,0.0
1951-09-08,0.0
1951-09-09,0.0
1951-09-10,0.0
1951-09-11,0.0
1951-09-12,0.0
1951-09-13,0.0
1951-09-14,0.0
1951-09-15,0.0
1951-09-16,1.46892335e-05
1951-09-17,7.49694e-06
1951-09-18,4.5167076e-06
1951-09-19,0.0
1951-09-20,0.0
1951-09-21,0.0
1951-09-22,0.0
1951-09-23,0.0
1951-09-24,0.0
1951-09-25,0.0
1951-09-26,0.0
1951-09-27,0.0
1951-09-28,1.4291869e-05
1951-09-29,0.00013490517
1951-09-30,0.00077368156
1951-10-01,0.0015417734
1951-10-02,0.0011009111
1951-10-03,1.2742148e-05
1951-10-04,0.0
1951-10-05,0.0
1951-10-06,0.0
1951-10-07,0.0
1951-10-08,0.0
1951-10-09,0.0
1951-10-10,7.920795e-06
1951-10-11,0.0001300176
1951-10-12,0.0
1951-10-13,0.0
1951-10-14,9.1393787e-07
1951-10-15,9.519524e-05
1951-10-16,0.0
1951-10-17,5.4571365e-06
1951-10-18,1.3245477e-07
1951-10-19,1.0596382e-06
1951-10-20,9.271834e-08
1951-10-21,1.3245477e-08
1951-10-22,7.947286e-08
1951-10-23,0.0011908611
1951-10-24,0.0006228288
1951-10-25,3.8517846e-05
1951-10-26,0.0
1951-10-27,0.0
1951-10-28,0.0
1951-10-29,0.0
1951-10-30,0.0
1951-10-31,0.0
1951-11-01,0.0
1951-11-02,0.0
1951-11-03,0.0
1951-11-04,0.0
1951-11-05,0.0
1951-11-06,0.0
1951-11-07,1.2252066e-06
1951-11-08,1.3510386e-06
1951-11-09,3.9365557e-05
1951-11-10,0.000848439
1951-11-11,0.0017584562
1951-11-12,0.0007090701
1951-11-13,0.00017572774
1951-11-14,0.00021224552
1951-11-15,1.9868214e-07
1951-11-16,0.0
1951-11-17,0.0
1951-11-18,0.0
1951-11-19,0.0010794798
1951-11-20,0.0009534624
1951-11-21,0.00022816658
1951-11-22,0.0
1951-11-23,0.0
1951-11-24,0.0
1951-11-25,0.00042804083
1951-11-26,0.0015003151
1951-11-27,0.00045071708
1951-11-28,0.0015450849
1951-11-29,0.00068330765
1951-11-30,0.0014770031
1951-12-01,0.0025839275
1951-12-02,0.00022151072
1951-12-03,0.0012510088
1951-12-04,0.0016086432
1951-12-05,0.00020130475
1951-12-06,1.7219119e-07
1951-12-07,2.6490953e-08
1951-12-08,2.7192964e-05
1951-12-09,0.0
1951-12-10,0.0
1951-12-11,0.0
1951-12-12,0.0
1951-12-13,0.0
1951-12-14,0.0
1951-12-15,0.0
1951-12-16,2.3841858e-07
1951-12-17,0.0
1951-12-18,0.001401133
1951-12-19,5.6293276e-05
1951-12-20,3.311369e-07
1951-12-21,1.6477374e-05
1951-12-22,0.0002367364
1951-12-23,0.00034852824
1951-12-24,0.00017975437
1951-12-25,0.00029538738
1951-12-26,0.0037166278
1951-12-27,0.0024901098
1951-12-28,0.000904017
1951-12-29,0.00071712333
1951-12-30,0.00042557716
1951-12-31,5.6028366e-06
1952-01-01,0.0
1952-01-02,0.0
1952-01-03,2.251731e-07
1952-01-04,6.751219e-05
1952-01-05,0.00065018074
1952-01-06,0.0009982586
1952-01-07,0.00040679506
1952-01-08,0.0003273487
1952-01-09,0.0001375013
1952-01-10,0.0013548665
1952-01-11,0.0012400018
1952-01-12,0.0006871621
1952-01-13,0.00031044747
1952-01-14,0.0016990105
1952-01-15,0.00092287856
1952-01-16,0.000619332
1952-01-17,0.00010267893
1952-01-18,7.947286e-08
1952-01-19,0.0002381934
1952-01-20,0.0014672147
1952-01-21,0.00074281957
1952-01-22,0.00042577586
1952-01-23,3.89417e-05
1952-01-24,0.0014334784
1952-01-25,0.00014517043
1952-01-26,0.00043646494
1952-01-27,0.0
1952-01-28,0.0
1952-01-29,5.1524903e-06
1952-01-30,0.00073047477
1952-01-31,0.00066539977
1952-02-01,0.0025173558
1952-02-02,0.0007732709
1952-02-03,0.0005640719
1952-02-04,5.8280098e-06
1952-02-05,0.0
1952-02-06,0.0
1952-02-07,0.0
1952-02-08,0.0
1952-02-09,0.0
1952-02-10,1.5894572e-07
1952-02-11,0.0012291537
1952-02-12,7.829401e-05
1952-02-13,0.0
1952-02-14,5.5233636e-06
1952-02-15,0.00022778247
1952-02-16,0.0011305676
1952-02-17,4.8465197e-05
1952-02-18,0.0003085004
1952-02-19,0.0006900231
1952-02-20,0.0007258124
1952-02-21,2.3444493e-06
1952-02-22,0.00040417246
1952-02-23,0.00038909912
1952-02-24,0.0
1952-02-25,0.0
1952-02-26,2.251731e-07
1952-02-27,0.0
1952-02-28,0.0
1952-02-29,1.1285146e-05
1952-03-01,2.3351775e-05
1952-03-02,0.0
1952-03-03,0.0006282727
1952-03-04,8.397632e-05
1952-03-05,1.8636385e-05
1952-03-06,0.00093008415
1952-03-07,0.00011087788
1952-03-08,0.0
1952-03-09,2.7020772e-06
1952-03-10,0.00022085507
1952-03-11,1.2609694e-05
1952-03-12,0.00044590898
1952-03-13,0.00013952785
1952-03-14,0.0008847846
1952-03-15,0.0010158089
1952-03-16,5.0703686e-05
1952-03-17,7.903576e-05
1952-03-18,0.0011319717
1952-03-19,0.00074403815
1952-03-20,1.2848112e-06
1952-03-21,0.0
1952-03-22,0.0
1952-03-23,5.033281e-06
1952-03-24,2.6689635e-05
1952-03-25,1.3245477e-08
1952-03-26,1.3245477e-08
1952-03-27,0.0
1952-03-28,8.331404e-06
1952-03-29,1.4967388e-06
1952-03-30,1.7695957e-05
1952-03-31,2.5166406e-07
1952-04-01,0.0
1952-04-02,3.8411883e-07
1952-04-03,0.0
1952-04-04,0.0
1952-04-05,0.0
1952-04-06,2.3338529e-05
1952-04-07,5.5631e-05
1952-04-08,7.947286e-08
1952-04-09,0.0
1952-04-10,0.0
1952-04-11,2.251731e-07
1952-04-12,2.447764e-05
1952-04-13,0.0005189379
1952-04-14,0.00016844273
1952-04-15,0.0
1952-04-16,0.0
1952-04-17,0.0
1952-04-18,5.00679e-06
1952-04-19,2.278222e-06
1952-04-20,0.0
1952-04-21,0.0
1952-04-22,0.0
1952-04-23,0.0
1952-04-24,4.4769713e-06
1952-04-25,0.0001311567
1952-04-26,3.9723185e-05
1952-04-27,0.0
1952-04-28,1.4040205e-05
1952-04-29,1.5894572e-07
1952-04-30,0.0012178288
1952-05-01,0.00032252737
1952-05-02,4.6597586e-05
1952-05-03,3.988213e-05
1952-05-04,3.5762787e-06
1952-05-05,3.847811e-06
1952-05-06,4.4425327e-05
1952-05-07,0.0017575026
1952-05-08,0.0004169146
1952-05-09,0.0
1952-05-10,0.0
1952-05-11,4.23193e-06
1952-05-12,5.722046e-06
1952-05-13,9.629462e-06
1952-05-14,6.0929193e-07
1952-05-15,0.0
1952-05-16,0.0
1952-05-17,0.0
1952-05-18,0.0
1952-05-19,5.298191e-07
1952-05-20,2.357695e-06
1952-05-21,0.0
1952-05-22,0.0
1952-05-23,0.0
1952-05-24,0.0
1952-05-25,0.0
1952-05-26,7.947286e-08
1952-05-27,0.0
1952-05-28,8.477105e-07
1952-05-29,0.0
1952-05-30,0.0
1952-05-31,9.3102455e-05
1952-06-01,9.801653e-07
1952-06-02,5.2981907e-08
1952-06-03,0.0
1952-06-04,0.0
1952-06-05,4.3445165e-05
1952-06-06,9.404288e-06
1952-06-07,7.494291e-05
1952-06-08,7.0995757e-06
1952-06-09,0.00037602583
1952-06-10,0.0002737575
1952-06-11,0.00046828057
1952-06-12,2.9563904e-05
1952-06-13,7.841322e-06
1952-06-14,0.00013101101
1952-06-15,0.0
1952-06-16,0.0
1952-06-17,0.0
1952-06-18,3.1775897e-05
1952-06-19,2.251731e-07
1952-06-20,1.472897e-05
1952-06-21,1.3245477e-08
1952-06-22,3.9339066e-06
1952-06-23,3.625287e-05
1952-06-24,0.00025844574
1952-06-25,2.9451317e-05
1952-06-26,3.7352245e-06
1952-06-27,0.00022444461
1952-06-28,0.0005773571
1952-06-29,0.00055228337
1952-06-30,0.0
1952-07-01,0.0
1952-07-02,0.0
1952-07-03,0.0
1952-07-04,0.0
1952-07-05,0.0
1952-07-06,0.0
1952-07-07,0.0
1952-07-08,0.0
1952-07-09,4.1445095e-05
1952-07-10,0.0
1952-07-11,3.33786e-06
1952-07-12,4.251798e-06
1952-07-13,3.4305784e-05
1952-07-14,0.0
1952-07-15,0.0
1952-07-16,0.0
1952-07-17,0.0
1952-07-18,0.0
1952-07-19,0.0
1952-07-20,0.0
1952-07-21,0.0
1952-07-22,0.0
1952-07-23,1.8543668e-07
1952-07-24,0.0
1952-07-25,0.0
1952-07-26,0.0
1952-07-27,1.8543668e-07
1952-07-28,5.2981907e-08
1952-07-29,1.4305115e-06
1952-07-30,2.3841858e-06
1952-07-31,1.3298459e-05
1952-08-01,2.5166406e-07
1952-08-02,0.0
1952-08-03,0.0
1952-08-04,0.0
1952-08-05,0.0
1952-08-06,0.0
1952-08-07,0.0
1952-08-08,0.0
1952-08-09,0.0
1952-08-10,0.0
1952-08-11,0.0
1952-08-12,0.0
1952-08-13,0.0
1952-08-14,0.0
1952-08-15,0.0
1952-08-16,0.0
1952-08-17,0.0
1952-08-18,0.0
1952-08-19,0.0
1952-08-20,0.0
1952-08-21,0.0
1952-08-22,0.0
1952-08-23,0.0
1952-08-24,0.0
1952-08-25,0.0
1952-08-26,0.0
1952-08-27,0.0
1952-08-28,0.0
1952-08-29,0.0
1952-08-30,0.0
1952-08-31,0.0
1952-09-01,0.0
1952-09-02,3.7882064e-06
1952-09-03,0.0
1952-09-04,7.516808e-05
1952-09-05,4.8743354e-06
1952-09-06,0.0
1952-09-07,0.0
1952-09-08,0.0
1952-09-09,0.00012505054
1952-09-10,0.00018849637
1952-09-11,1.5232298e-06
1952-09-12,0.0
1952-09-13,0.0
1952-09-14,0.0
1952-09-15,1.2715658e-06
1952-09-16,0.0
1952-09-17,0.0
1952-09-18,0.0
1952-09-19,0.0
1952-09-20,0.0
1952-09-21,0.0
1952-09-22,0.0
1952-09-23,6.5167746e-06
1952-09-24,0.0
1952-09-25,0.0
1952-09-26,0.0
1952-09-27,0.0
1952-09-28,0.0
1952-09-29,0.0
1952-09-30,0.0
1952-10-01,0.0
1952-10-02,0.0
1952-10-03,0.0
1952-10-04,0.0
1952-10-05,0.0
1952-10-06,0.0
1952-10-07,0.0
1952-10-08,2.9934777e-06
1952-10-09,0.0
1952-10-10,7.947286e-08
1952-10-11,0.0
1952-10-12,0.0
1952-10-13,0.0
1952-10-14,0.0
1952-10-15,0.0
1952-10-16,0.0
1952-10-17,0.0
1952-10-18,0.00010340082
1952-10-19,1.3245477e-07
1952-10-20,0.0
1952-10-21,0.0
1952-10-22,0.0
1952-10-23,0.0
1952-10-24,0.0
1952-10-25,0.0
1952-10-26,0.0
1952-10-27,0.0
1952-10-28,0.0
1952-10-29,5.298191e-07
1952-10-30,0.0
1952-10-31,0.0
1952-11-01,0.0
1952-11-02,0.0
1952-11-03,0.0
1952-11-04,0.0
1952-11-05,0.0
1952-11-06,0.0
1952-11-07,0.0
1952-11-08,0.0
1952-11-09,0.0
1952-11-10,0.00015240246
1952-11-11,0.00047812198
1952-11-12,0.00085372396
1952-11-13,0.0015004211
1952-11-14,0.0010113253
1952-11-15,0.001079162
1952-11-16,0.0
1952-11-17,0.0
1952-11-18,0.0
1952-11-19,0.0
1952-11-20,0.0
1952-11-21,0.0
1952-11-22,0.0
1952-11-23,0.0
1952-11-24,0.0
1952-11-25,0.0
1952-11-26,0.0
1952-11-27,0.0
1952-11-28,0.0
1952-11-29,0.00019297336
1952-11-30,0.00045527352
1952-12-01,0.0026933616
1952-12-02,0.0005011426
1952-12-03,4.1710005e-05
1952-12-04,0.000523448
1952-12-05,0.0010642608
1952-12-06,0.0019589663
1952-12-07,0.0024640625
1952-12-08,0.0006569359
1952-12-09,0.0012388759
1952-12-10,0.0017409987
1952-12-11,0.00054478645
1952-12-12,8.8744696e-07
1952-12-13,0.0
1952-12-14,0.0
1952-12-15,1.0728836e-06
1952-12-16,5.430645e-07
1952-12-17,2.6490953e-08
1952-12-18,0.00023339855
1952-12-19,0.0010332002
1952-12-20,0.00029406283
1952-12-21,8.122126e-05
1952-12-22,6.2121285e-06
1952-12-23,0.0
1952-12-24,4.702144e-06
1952-12-25,0.0006801486
1952-12-26,0.0007068581
1952-12-27,0.0007336007
1952-12-28,7.3101786e-05
1952-12-29,0.0012232198
1952-12-30,0.0017366409
1952-12-31,7.793638e-05
1953-01-01,0.0010028812
1953-01-02,8.377764e-05
1953-01-03,0.0
1953-01-04,0.0
1953-01-05,0.0
1953-01-06,0.00065204833
1953-01-07,0.0019057856
1953-01-08,0.0023127396
1953-01-09,0.003000352
1953-01-10,0.00066804886
1953-01-11,0.00044247176
1953-01-12,0.0011175672
1953-01-13,0.0010519425
1953-01-14,0.0003777345
1953-01-15,0.0
1953-01-16,2.9729472e-05
1953-01-17,0.0016024046
1953-01-18,0.0022763545
1953-01-19,0.001783914
1953-01-20,0.0012765726
1953-01-21,9.391043e-06
1953-01-22,0.0
1953-01-23,0.0
1953-01-24,0.0
1953-01-25,0.00022992824
1953-01-26,9.110239e-05
1953-01-27,0.0
1953-01-28,0.0
1953-01-29,7.947286e-08
1953-01-30,1.0954009e-05
1953-01-31,0.0
1953-02-01,8.768505e-05
1953-02-02,3.3140182e-05
1953-02-03,0.00016827053
1953-02-04,5.3736898e-05
1953-02-05,0.0011053482
1953-02-06,0.00019080109
1953-02-07,0.00013530254
1953-02-08,1.8278757e-06
1953-02-09,0.0
1953-02-10,0.0
1953-02-11,0.0
1953-02-12,0.0
1953-02-13,0.0
1953-02-14,2.474255e-05
1953-02-15,1.0331472e-06
1953-02-16,8.384387e-06
1953-02-17,7.0227514e-05
1953-02-18,1.69807e-05
1953-02-19,2.6490953e-08
1953-02-20,0.0
1953-02-21,0.0
1953-02-22,1.1920929e-07
1953-02-23,6.6227386e-08
1953-02-24,0.0
1953-02-25,0.0
1953-02-26,0.0
1953-02-27,0.0
1953-02-28,0.00030330816
1953-03-01,1.7060174e-05
1953-03-02,2.1192763e-07
1953-03-03,1.1920929e-07
1953-03-04,0.0
1953-03-05,0.0
1953-03-06,0.0
1953-03-07,0.0
1953-03-08,2.1192763e-07
1953-03-09,5.625354e-05
1953-03-10,0.0010172394
1953-03-11,0.0010403395
1953-03-12,0.0020223458
1953-03-13,4.6677058e-05
1953-03-14,0.0
1953-03-15,1.3179249e-05
1953-03-16,0.000294639
1953-03-17,1.2225575e-05
1953-03-18,0.00071885186
1953-03-19,0.0016146501
1953-03-20,0.0007318258
1953-03-21,0.00043053098
1953-03-22,6.172392e-06
1953-03-23,0.0
1953-03-24,0.00012710359
1953-03-25,2.2239155e-05
1953-03-26,0.0
1953-03-27,0.0
1953-03-28,0.00012697114
1953-03-29,7.417467e-07
1953-03-30,1.751052e-05
1953-03-31,1.05963814e-07
1953-04-01,0.0
1953-04-02,0.0
1953-04-03,1.05963814e-07
1953-04-04,0.0
1953-04-05,5.033281e-07
1953-04-06,3.7087335e-07
1953-04-07,9.8718534e-05
1953-04-08,0.00017832385
1953-04-09,0.00033010377
1953-04-10,0.00025773712
1953-04-11,6.4637925e-06
1953-04-12,1.5099844e-06
1953-04-13,8.0797406e-07
1953-04-14,0.0
1953-04-15,0.0
1953-04-16,0.0004769696
1953-04-17,0.00017954243
1953-04-18,1.2450748e-06
1953-04-19,0.00018857585
1953-04-20,2.251731e-07
1953-04-21,0.0
1953-04-22,7.5002514e-05
1953-04-23,1.0993746e-06
1953-04-24,0.0
1953-04-25,2.6490953e-08
1953-04-26,0.00030924214
1953-04-27,0.0014251338
1953-04-28,4.5379e-05
1953-04-29,0.0009842052
1953-04-30,0.00026019415
1953-05-01,1.5868081e-05
1953-05-02,0.0
1953-05-03,0.0
1953-05-04,0.0
1953-05-05,2.2914674e-06
1953-05-06,1.721912e-06
1953-05-07,0.00079001323
1953-05-08,0.0006127225
1953-05-09,1.05963814e-07
1953-05-10,3.4438239e-07
1953-05-11,0.0
1953-05-12,0.0
1953-05-13,8.742015e-07
1953-05-14,0.0003341966
1953-05-15,8.34465e-07
1953-05-16,1.7589993e-05
1953-05-17,2.7153228e-06
1953-05-18,0.00021982193
1953-05-19,0.0006014506
1953-05-20,1.9749006e-05
1953-05-21,0.0005601777
1953-05-22,3.906091e-05
1953-05-23,0.0009837416
1953-05-24,0.00030828847
1953-05-25,0.00017494625
1953-05-26,0.00022713344
1953-05-27,4.808108e-06
1953-05-28,5.443891e-06
1953-05-29,0.00026814142
1953-05-30,1.291434e-05
1953-05-31,0.0006062057
1953-06-01,0.00021537144
1953-06-02,0.00017107857
1953-06-03,3.8941703e-06
1953-06-04,0.0
1953-06-05,1.7060174e-05
1953-06-06,0.0003385941
1953-06-07,0.00049130124
1953-06-08,0.00015423034
1953-06-09,0.0005932649
1953-06-10,2.4901497e-06
1953-06-11,9.271834e-08
1953-06-12,5.551179e-05
1953-06-13,3.841188e-06
1953-06-14,0.0
1953-06-15,4.635917e-06
1953-06-16,3.7087335e-07
1953-06-17,0.0
1953-06-18,0.0
1953-06-19,0.0005293555
1953-06-20,0.0
1953-06-21,0.0
1953-06-22,0.0
1953-06-23,0.0
1953-06-24,0.0
1953-06-25,1.8013848e-06
1953-06-26,0.0
1953-06-27,0.0
1953-06-28,0.0
1953-06-29,0.0
1953-06-30,7.947286e-08
1953-07-01,0.0
1953-07-02,0.0
1953-07-03,0.0
1953-07-04,0.0
1953-07-05,0.0
1953-07-06,0.0
1953-07-07,0.0
1953-07-08,0.0
1953-07-09,0.0
1953-07-10,0.0
1953-07-11,0.0
1953-07-12,0.0
1953-07-13,0.0
1953-07-14,0.0
1953-07-15,0.0
1953-07-16,0.0
1953-07-17,0.0
1953-07-18,1.4278624e-05
1953-07-19,0.0
1953-07-20,0.0
1953-07-21,0.0
1953-07-22,0.0
1953-07-23,0.0
1953-07-24,0.0
1953-07-25,0.0
1953-07-26,0.0
1953-07-27,0.0
1953-07-28,0.0
1953-07-29,0.0
1953-07-30,0.0
1953-07-31,0.0
1953-08-01,0.0
1953-08-02,0.0
1953-08-03,0.0
1953-08-04,0.0
1953-08-05,0.0
1953-08-06,0.0
1953-08-07,0.0
1953-08-08,0.0
1953-08-09,0.0
1953-08-10,0.0
1953-08-11,0.0
1953-08-12,0.0
1953-08-13,1.7219119e-07
1953-08-14,3.1789145e-07
1953-08-15,0.0
1953-08-16,0.0
1953-08-17,0.0
1953-08-18,0.0
1953-08-19,0.0
1953-08-20,0.0
1953-08-21,0.0
1953-08-22,0.0
1953-08-23,1.5497208e-06
1953-08-24,3.5709803e-05
1953-08-25,2.357695e-06
1953-08-26,0.0007294814
1953-08-27,0.00023922656
1953-08-28,0.00049523514
1953-08-29,0.00044018694
1953-08-30,2.9802322e-06
1953-08-31,0.0
1953-09-01,0.0
1953-09-02,0.0
1953-09-03,0.0
1953-09-04,0.0
1953-09-05,3.1789145e-07
1953-09-06,2.6490953e-08
1953-09-07,0.0
1953-09-08,0.0
1953-09-09,0.0
1953-09-10,0.0
1953-09-11,0.0
1953-09-12,4.503462e-07
1953-09-13,3.139178e-06
1953-09-14,1.5232298e-07
1953-09-15,3.8411883e-07
1953-09-16,1.4570024e-07
1953-09-17,0.0
1953-09-18,0.0
1953-09-19,0.0
1953-09-20,0.0
1953-09-21,7.788341e-06
1953-09-22,3.74847e-06
1953-09-23,0.0
1953-09-24,0.0
1953-09-25,0.0
1953-09-26,1.139111e-06
1953-09-27,0.0
1953-09-28,2.7683045e-06
1953-09-29,2.8875138e-06
1953-09-30,5.2981907e-08
1953-10-01,7.094277e-05
1953-10-02,0.0
1953-10-03,0.0
1953-10-04,0.0
1953-10-05,0.0
1953-10-06,0.0
1953-10-07,0.0
1953-10-08,0.0
1953-10-09,0.0
1953-10-10,0.00054191216
1953-10-11,0.0
1953-10-12,0.0
1953-10-13,0.0008305444
1953-10-14,0.00025096204
1953-10-15,4.7683716e-07
1953-10-16,5.5631e-07
1953-10-17,5.8419173e-05
1953-10-18,0.0011568202
1953-10-19,0.0
1953-10-20,0.0
1953-10-21,0.0
1953-10-22,0.0
1953-10-23,0.0
1953-10-24,0.0
1953-10-25,0.0
1953-10-26,0.0
1953-10-27,0.0
1953-10-28,0.0
1953-10-29,0.0
1953-10-30,0.0
1953-10-31,0.0
1953-11-01,0.0
1953-11-02,3.390842e-06
1953-11-03,0.0
1953-11-04,1.6556846e-06
1953-11-05,0.0005773173
1953-11-06,0.0005884568
1953-11-07,6.0929193e-07
1953-11-08,1.05963814e-07
1953-11-09,3.4040875e-06
1953-11-10,0.00032675266
1953-11-11,0.00034153461
1953-11-12,0.00038106574
1953-11-13,0.00014423
1953-11-14,0.0021447605
1953-11-15,4.6398905e-05
1953-11-16,0.0004654063
1953-11-17,1.7139646e-05
1953-11-18,8.040004e-06
1953-11-19,0.00015091896
1953-11-20,2.2702747e-05
1953-11-21,2.447764e-05
1953-11-22,0.0019196405
1953-11-23,0.0026396513
1953-11-24,0.00036874082
1953-11-25,0.0
1953-11-26,0.0
1953-11-27,0.0
1953-11-28,0.0
1953-11-29,3.589524e-06
1953-11-30,0.00012376573
1953-12-01,3.6292606e-06
1953-12-02,4.7458543e-05
1953-12-03,0.00066854554
1953-12-04,0.00010346042
1953-12-05,4.041195e-05
1953-12-06,0.0014878114
1953-12-07,6.3671e-05
1953-12-08,7.858541e-05
1953-12-09,2.2093454e-05
1953-12-10,3.129906e-05
1953-12-11,0.0
1953-12-12,0.0
1953-12-13,0.0
1953-12-14,0.0
1953-12-15,0.0
1953-12-16,0.0
1953-12-17,5.9723854e-05
1953-12-18,9.5380674e-05
1953-12-19,0.0011573235
1953-12-20,0.00057233707
1953-12-21,0.0
1953-12-22,0.0
1953-12-23,1.1920929e-07
1953-12-24,0.0
1953-12-25,0.0
1953-12-26,0.0
1953-12-27,1.139111e-06
1953-12-28,0.0
1953-12-29,0.0
1953-12-30,0.0
1953-12-31,0.0
1954-01-01,0.00022877587
1954-01-02,0.00014923679
1954-01-03,0.0009970135
1954-01-04,8.893013e-05
1954-01-05,5.1657357e-06
1954-01-06,0.00012506379
1954-01-07,0.0009270377
1954-01-08,2.1298727e-05
1954-01-09,8.914206e-06
1954-01-10,0.00028057894
1954-01-11,6.390942e-05
1954-01-12,1.1086464e-05
1954-01-13,0.0
1954-01-14,5.7035024e-05
1954-01-15,0.0016768641
1954-01-16,0.0028107166
1954-01-17,0.0012998581
1954-01-18,0.00051837496
1954-01-19,0.00043043826
1954-01-20,0.0
1954-01-21,0.00029872524
1954-01-22,0.0015021033
1954-01-23,0.0012864271
1954-01-24,2.5378333e-05
1954-01-25,3.443824e-06
1954-01-26,0.0011248788
1954-01-27,0.001904779
1954-01-28,0.0014782747
1954-01-29,0.0008690622
1954-01-30,0.000112109716
1954-01-31,0.0
1954-02-01,0.0
1954-02-02,0.0
1954-02-03,0.0
1954-02-04,0.0
1954-02-05,0.0
1954-02-06,0.0
1954-02-07,0.0
1954-02-08,0.0
1954-02-09,0.0
1954-02-10,3.900793e-05
1954-02-11,0.00083284907
1954-02-12,0.0022790565
1954-02-13,0.0009485748
1954-02-14,0.00083086226
1954-02-15,0.00018277433
1954-02-16,0.00014439557
1954-02-17,0.002427386
1954-02-18,4.0544404e-05
1954-02-19,0.0
1954-02-20,0.0
1954-02-21,7.017454e-05
1954-02-22,1.5894572e-07
1954-02-23,0.0
1954-02-24,0.0
1954-02-25,0.0
1954-02-26,2.6490953e-08
1954-02-27,0.0
1954-02-28,0.0
1954-03-01,0.0
1954-03-02,0.0
1954-03-03,0.0
1954-03-04,0.0
1954-03-05,8.0797406e-07
1954-03-06,8.4519386e-05
1954-03-07,2.9140048e-07
1954-03-08,0.00068989064
1954-03-09,0.001392391
1954-03-10,0.0004690223
1954-03-11,6.5790286e-05
1954-03-12,0.0
1954-03-13,0.0
1954-03-14,0.0
1954-03-15,0.00020362271
1954-03-16,0.00044197508
1954-03-17,0.00026641952
1954-03-18,0.00029848682
1954-03-19,0.0009127458
1954-03-20,0.00027610196
1954-03-21,0.00032597117
1954-03-22,5.8876143e-05
1954-03-23,0.0
1954-03-24,7.736683e-05
1954-03-25,1.6656188e-05
1954-03-26,3.311369e-07
1954-03-27,1.935164e-05
1954-03-28,0.00010928843
1954-03-29,0.0005728669
1954-03-30,7.779068e-05
1954-03-31,9.879801e-05
1954-04-01,1.3245477e-07
1954-04-02,0.00022800763
1954-04-03,0.0017275148
1954-04-04,0.0023520126
1954-04-05,0.0014477571
1954-04-06,0.0008840561
1954-04-07,0.0
1954-04-08,0.0003355874
1954-04-09,0.0001386404
1954-04-10,0.0
1954-04-11,0.0
1954-04-12,0.0
1954-04-13,2.8477775e-06
1954-04-14,0.0
1954-04-15,0.0
1954-04-16,0.0
1954-04-17,0.0
1954-04-18,1.3245476e-06
1954-04-19,0.0
1954-04-20,0.0
1954-04-21,0.0
1954-04-22,0.0
1954-04-23,2.1192763e-07
1954-04-24,6.662475e-06
1954-04-25,1.8689367e-05
1954-04-26,9.523497e-06
1954-04-27,0.0008721087
1954-04-28,0.00019550323
1954-04-29,0.0
1954-04-30,2.251731e-07
1954-05-01,0.0
1954-05-02,0.0
1954-05-03,0.0
1954-05-04,1.0463927e-05
1954-05-05,0.0
1954-05-06,0.0
1954-05-07,0.0
1954-05-08,0.0
1954-05-09,0.0002806319
1954-05-10,3.7219788e-06
1954-05-11,1.1748738e-05
1954-05-12,0.0
1954-05-13,0.0
1954-05-14,0.0
1954-05-15,0.0
1954-05-16,0.0
1954-05-17,0.0
1954-05-18,0.0
1954-05-19,0.0
1954-05-20,0.0
1954-05-21,0.0
1954-05-22,0.0
1954-05-23,0.0
1954-05-24,0.0
1954-05-25,3.973643e-08
1954-05-26,0.0
1954-05-27,0.0
1954-05-28,0.0
1954-05-29,6.755193e-07
1954-05-30,0.0
1954-05-31,4.5696893e-06
1954-06-01,0.0
1954-06-02,0.0
1954-06-03,6.0611303e-05
1954-06-04,0.0003994571
1954-06-05,0.00017315811
1954-06-06,0.0
1954-06-07,2.1192763e-07
1954-06-08,0.0001260572
1954-06-09,0.00011792448
1954-06-10,5.7074758e-05
1954-06-11,1.1920929e-06
1954-06-12,0.00017821789
1954-06-13,2.5100178e-05
1954-06-14,0.0
1954-06-15,3.296799e-05
1954-06-16,2.6490953e-08
1954-06-17,0.0
1954-06-18,0.0
1954-06-19,0.0
1954-06-20,0.0
1954-06-21,0.0
1954-06-22,0.0
1954-06-23,0.0
1954-06-24,0.0
1954-06-25,0.0
1954-06-26,1.3086531e-05
1954-06-27,6.357829e-07
1954-06-28,0.0
1954-06-29,0.0
1954-06-30,2.78155e-07
1954-07-01,0.0
1954-07-02,0.0
1954-07-03,0.0
1954-07-04,0.0
1954-07-05,0.0
1954-07-06,0.0
1954-07-07,4.249149e-05
1954-07-08,3.4438239e-07
1954-07-09,0.0
1954-07-10,0.0
1954-07-11,0.0
1954-07-12,0.0
1954-07-13,0.0
1954-07-14,0.0
1954-07-15,0.0
1954-07-16,0.0
1954-07-17,0.0
1954-07-18,0.0
1954-07-19,0.0
1954-07-20,0.0
1954-07-21,0.0
1954-07-22,0.0
1954-07-23,0.0
1954-07-24,0.0
1954-07-25,5.0756666e-05
1954-07-26,0.0
1954-07-27,0.0
1954-07-28,0.0
1954-07-29,0.0
1954-07-30,0.0
1954-07-31,0.0
1954-08-01,0.0
1954-08-02,0.0
1954-08-03,0.0
1954-08-04,3.6597252e-05
1954-08-05,1.3245476e-06
1954-08-06,0.0
1954-08-07,0.0
1954-08-08,0.0
1954-08-09,0.0
1954-08-10,0.0
1954-08-11,4.808108e-06
1954-08-12,9.748671e-06
1954-08-13,6.0929193e-07
1954-08-14,3.4438239e-07
1954-08-15,3.390842e-06
1954-08-16,0.0
1954-08-17,0.0
1954-08-18,0.0
1954-08-19,5.443891e-06
1954-08-20,1.5099844e-06
1954-08-21,0.0
1954-08-22,0.0
1954-08-23,0.0
1954-08-24,1.3404422e-05
1954-08-25,5.7895977e-05
1954-08-26,9.9129145e-05
1954-08-27,0.0001820061
1954-08-28,0.00026456514
1954-08-29,1.5894572e-07
1954-08-30,1.2993813e-05
1954-08-31,0.0
1954-09-01,0.0
1954-09-02,0.0
1954-09-03,0.0
1954-09-04,0.0
1954-09-05,0.0
1954-09-06,0.0
1954-09-07,0.0
1954-09-08,0.0
1954-09-09,0.0
1954-09-10,0.00017637677
1954-09-11,1.8543668e-07
1954-09-12,0.0
1954-09-13,0.0
1954-09-14,0.0
1954-09-15,6.4730644e-05
1954-09-16,2.9722849e-05
1954-09-17,2.6490953e-08
1954-09-18,0.0
1954-09-19,0.0
1954-09-20,0.0
1954-09-21,0.0
1954-09-22,0.00021947754
1954-09-23,0.0
1954-09-24,0.0
1954-09-25,0.0
1954-09-26,0.0
1954-09-27,0.0
1954-09-28,0.0
1954-09-29,0.0
1954-09-30,0.0
1954-10-01,0.0
1954-10-02,0.0
1954-10-03,0.0
1954-10-04,0.0
1954-10-05,0.0
1954-10-06,1.3139513e-05
1954-10-07,0.00042653084
1954-10-08,2.6490953e-08
1954-10-09,0.0
1954-10-10,2.6490953e-08
1954-10-11,0.0
1954-10-12,2.6490953e-08
1954-10-13,3.26501e-05
1954-10-14,0.0
1954-10-15,0.0
1954-10-16,8.742015e-07
1954-10-17,5.8147643e-06
1954-10-18,0.0
1954-10-19,0.0011190573
1954-10-20,0.0
1954-10-21,0.0
1954-10-22,5.2981907e-08
1954-10-23,5.2981907e-08
1954-10-24,0.0
1954-10-25,0.0
1954-10-26,0.0
1954-10-27,0.0
1954-10-28,0.0
1954-10-29,0.0
1954-10-30,0.0
1954-10-31,0.0
1954-11-01,0.0
1954-11-02,0.0
1954-11-03,5.2981907e-08
1954-11-04,0.0
1954-11-05,0.0
1954-11-06,0.0
1954-11-07,4.2120614e-06
1954-11-08,0.0006221268
1954-11-09,0.0020373133
1954-11-10,5.678336e-05
1954-11-11,0.0007245938
1954-11-12,0.0005355014
1954-11-13,0.0
1954-11-14,0.0003678931
1954-11-15,0.0017460254
1954-11-16,0.00044239892
1954-11-17,3.6345587e-05
1954-11-18,1.4570024e-07
1954-11-19,4.6491623e-06
1954-11-20,2.6490953e-08
1954-11-21,0.0
1954-11-22,0.0
1954-11-23,0.0
1954-11-24,0.0
1954-11-25,0.0
1954-11-26,0.0
1954-11-27,0.0
1954-11-28,0.0
1954-11-29,7.947286e-08
1954-11-30,0.0
1954-12-01,0.0009645621
1954-12-02,0.00067581073
1954-12-03,0.00036842295
1954-12-04,0.00021160973
1954-12-05,0.0008373393
1954-12-06,0.00093444186
1954-12-07,0.00012286504
1954-12-08,3.920661e-06
1954-12-09,0.0013862451
1954-12-10,1.4265378e-05
1954-12-11,0.0
1954-12-12,1.0053317e-05
1954-12-13,0.00016985337
1954-12-14,0.0
1954-12-15,0.0
1954-12-16,0.0
1954-12-17,0.0
1954-12-18,0.0
1954-12-19,0.0
1954-12-20,0.0
1954-12-21,0.0
1954-12-22,0.0
1954-12-23,3.132555e-05
1954-12-24,8.149942e-05
1954-12-25,1.9801988e-05
1954-12-26,2.0927853e-06
1954-12-27,0.0
1954-12-28,6.92606e-05
1954-12-29,1.973576e-06
1954-12-30,0.000792106
1954-12-31,0.0015729666
1955-01-01,0.00049573847
1955-01-02,3.4438239e-07
1955-01-03,0.0
1955-01-04,0.00010155969
1955-01-05,1.3576613e-05
1955-01-06,0.0
1955-01-07,0.0
1955-01-08,4.3710074e-07
1955-01-09,0.00044083595
1955-01-10,1.0967255e-05
1955-01-11,0.0
1955-01-12,0.0
1955-01-13,5.4306456e-06
1955-01-14,0.0
1955-01-15,0.0010284715
1955-01-16,0.00036205185
1955-01-17,2.4676323e-05
1955-01-18,0.0006663799
1955-01-19,0.00044008097
1955-01-20,1.888805e-05
1955-01-21,2.5696224e-06
1955-01-22,1.05963814e-07
1955-01-23,0.0
1955-01-24,0.0
1955-01-25,0.0
1955-01-26,2.6490953e-08
1955-01-27,0.0
1955-01-28,0.0
1955-01-29,1.6729036e-05
1955-01-30,5.32998e-05
1955-01-31,0.00033678612
1955-02-01,0.00031509664
1955-02-02,1.915296e-05
1955-02-03,0.0
1955-02-04,0.0
1955-02-05,0.0
1955-02-06,0.0
1955-02-07,0.0
1955-02-08,0.0
1955-02-09,0.0
1955-02-10,0.0
1955-02-11,0.0
1955-02-12,1.2185838e-05
1955-02-13,4.503462e-07
1955-02-14,1.3245477e-08
1955-02-15,0.0
1955-02-16,0.00014177959
1955-02-17,0.000104652514
1955-02-18,9.271834e-08
1955-02-19,0.0
1955-02-20,0.0
1955-02-21,0.0
1955-02-22,0.0
1955-02-23,0.0
1955-02-24,1.5391244e-05
1955-02-25,3.784233e-05
1955-02-26,0.001004272
1955-02-27,0.0012857252
1955-02-28,3.306071e-05
1955-03-01,3.7219788e-06
1955-03-02,2.5431316e-06
1955-03-03,6.6227386e-08
1955-03-04,0.0
1955-03-05,0.0
1955-03-06,0.0
1955-03-07,0.0
1955-03-08,0.0
1955-03-09,0.00029476485
1955-03-10,2.7477741e-05
1955-03-11,0.00010481146
1955-03-12,0.00015441577
1955-03-13,0.00020546383
1955-03-14,3.838539e-05
1955-03-15,0.0
1955-03-16,0.0
1955-03-17,0.0
1955-03-18,0.0
1955-03-19,0.0
1955-03-20,0.0
1955-03-21,0.0
1955-03-22,0.0
1955-03-23,2.6490953e-08
1955-03-24,0.0
1955-03-25,0.0
1955-03-26,0.0
1955-03-27,8.278423e-06
1955-03-28,0.00034703148
1955-03-29,0.00051339465
1955-03-30,1.1523565e-06
1955-03-31,0.0
1955-04-01,8.532736e-05
1955-04-02,3.9776165e-05
1955-04-03,1.8603272e-05
1955-04-04,2.6490953e-08
1955-04-05,0.0
1955-04-06,0.0
1955-04-07,0.0
1955-04-08,0.0
1955-04-09,4.423989e-06
1955-04-10,0.00024369691
1955-04-11,8.34465e-07
1955-04-12,9.006924e-07
1955-04-13,0.0005058448
1955-04-14,0.00012119611
1955-04-15,4.529953e-06
1955-04-16,1.0311604e-05
1955-04-17,0.0010041395
1955-04-18,0.00015290578
1955-04-19,0.00064296194
1955-04-20,0.00085110136
1955-04-21,0.0014069544
1955-04-22,5.5948894e-05
1955-04-23,2.529886e-06
1955-04-24,0.00039756962
1955-04-25,0.00047487684
1955-04-26,0.00034832954
1955-04-27,3.4438239e-07
1955-04-28,0.00024916066
1955-04-29,0.00022155709
1955-04-30,0.00019484096
1955-05-01,0.0
1955-05-02,6.4326654e-05
1955-05-03,2.6994281e-05
1955-05-04,5.695555e-07
1955-05-05,1.3245477e-08
1955-05-06,8.742015e-07
1955-05-07,1.0583136e-05
1955-05-08,9.409586e-05
1955-05-09,0.0
1955-05-10,2.6490953e-08
1955-05-11,7.245276e-06
1955-05-12,1.5629662e-06
1955-05-13,2.9007595e-06
1955-05-14,1.8636385e-05
1955-05-15,6.3313378e-06
1955-05-16,6.357829e-07
1955-05-17,3.086196e-06
1955-05-18,0.0
1955-05-19,0.0
1955-05-20,4.6624077e-06
1955-05-21,0.0
1955-05-22,0.0
1955-05-23,7.285012e-07
1955-05-24,1.0119544e-05
1955-05-25,0.0
1955-05-26,3.4305785e-06
1955-05-27,0.0
1955-05-28,0.0
1955-05-29,3.7087335e-07
1955-05-30,0.0
1955-05-31,1.4570024e-07
1955-06-01,0.0
1955-06-02,0.0
1955-06-03,0.0
1955-06-04,0.0
1955-06-05,0.0
1955-06-06,0.0
1955-06-07,0.0
1955-06-08,0.0
1955-06-09,4.2385525e-07
1955-06-10,5.8690708e-05
1955-06-11,2.1961001e-05
1955-06-12,2.5497542e-05
1955-06-13,8.5128675e-05
1955-06-14,3.2054053e-05
1955-06-15,0.00035878023
1955-06-16,0.0
1955-06-17,0.0
1955-06-18,0.0
1955-06-19,0.0
1955-06-20,0.0
1955-06-21,0.0
1955-06-22,4.30478e-06
1955-06-23,1.8053584e-05
1955-06-24,0.0
1955-06-25,3.867679e-06
1955-06-26,0.0
1955-06-27,0.0
1955-06-28,9.271834e-08
1955-06-29,0.0
1955-06-30,0.0
1955-07-01,0.0
1955-07-02,2.1126536e-05
1955-07-03,0.00023082893
1955-07-04,1.25037295e-05
1955-07-05,3.4438239e-07
1955-07-06,0.0
1955-07-07,0.0
1955-07-08,1.6027027e-06
1955-07-09,3.33786e-06
1955-07-10,2.78155e-07
1955-07-11,0.0
1955-07-12,0.0
1955-07-13,0.0
1955-07-14,0.0
1955-07-15,0.0
1955-07-16,0.0
1955-07-17,0.0
1955-07-18,0.0
1955-07-19,0.0
1955-07-20,0.0
1955-07-21,0.0
1955-07-22,0.0
1955-07-23,0.0
1955-07-24,0.0
1955-07-25,0.0
1955-07-26,0.0
1955-07-27,0.0
1955-07-28,0.0
1955-07-29,0.0
1955-07-30,0.0
1955-07-31,0.0
1955-08-01,0.0
1955-08-02,0.0
1955-08-03,0.0
1955-08-04,0.0
1955-08-05,0.0
1955-08-06,0.0
1955-08-07,0.0
1955-08-08,0.0
1955-08-09,0.0
1955-08-10,0.0
1955-08-11,0.0
1955-08-12,0.0
1955-08-13,6.755193e-07
1955-08-14,0.0
1955-08-15,0.0
1955-08-16,0.0
1955-08-17,0.0
1955-08-18,0.0
1955-08-19,0.0
1955-08-20,0.0
1955-08-21,0.0
1955-08-22,0.0
1955-08-23,0.0
1955-08-24,0.0
1955-08-25,0.0
1955-08-26,0.0
1955-08-27,0.0
1955-08-28,0.0
1955-08-29,0.0
1955-08-30,0.0
1955-08-31,0.0
1955-09-01,0.0
1955-09-02,0.0
1955-09-03,0.0
1955-09-04,5.2981907e-08
1955-09-05,1.66893e-06
1955-09-06,0.0
1955-09-07,0.0
1955-09-08,0.0
1955-09-09,0.0
1955-09-10,0.0
1955-09-11,0.0
1955-09-12,0.0
1955-09-13,0.0
1955-09-14,0.00064543885
1955-09-15,9.470516e-06
1955-09-16,0.00016656186
1955-09-17,8.424123e-06
1955-09-18,0.0
1955-09-19,0.0
1955-09-20,0.0
1955-09-21,0.0
1955-09-22,0.0
1955-09-23,2.5431316e-06
1955-09-24,0.0
1955-09-25,0.0
1955-09-26,0.0
1955-09-27,0.0
1955-09-28,1.8543668e-07
1955-09-29,0.0
1955-09-30,0.0
1955-10-01,0.0
1955-10-02,0.0
1955-10-03,1.3245477e-08
1955-10-04,0.0
1955-10-05,2.6490953e-08
1955-10-06,0.0
1955-10-07,0.0
1955-10-08,0.0
1955-10-09,1.4702479e-05
1955-10-10,0.000920309
1955-10-11,3.973643e-08
1955-10-12,0.0
1955-10-13,0.0
1955-10-14,7.735358e-06
1955-10-15,0.0
1955-10-16,0.0
1955-10-17,0.0
1955-10-18,3.5762787e-07
1955-10-19,2.3696157e-05
1955-10-20,1.7901262e-05
1955-10-21,7.814831e-07
1955-10-22,0.0
1955-10-23,0.0
1955-10-24,0.0
1955-10-25,0.00012233522
1955-10-26,0.00050470565
1955-10-27,0.0
1955-10-28,0.0
1955-10-29,0.0
1955-10-30,3.2848782e-06
1955-10-31,6.847911e-06
1955-11-01,2.819962e-05
1955-11-02,0.0
1955-11-03,0.0
1955-11-04,0.0002096163
1955-11-05,0.00012890498
1955-11-06,0.0
1955-11-07,0.0
1955-11-08,0.0
1955-11-09,0.0
1955-11-10,4.6359168e-07
1955-11-11,1.6159481e-06
1955-11-12,2.7775764e-05
1955-11-13,0.00039071508
1955-11-14,0.00015368726
1955-11-15,4.941887e-05
1955-11-16,0.0002688832
1955-11-17,0.00019611252
1955-11-18,0.0011351374
1955-11-19,0.0013158189
1955-11-20,0.0008807845
1955-11-21,0.00010981825
1955-11-22,3.973643e-08
1955-11-23,0.0011268987
1955-11-24,0.00028456582
1955-11-25,6.065766e-05
1955-11-26,1.6556845e-05
1955-11-27,1.3245477e-08
1955-11-28,0.0
1955-11-29,0.0
1955-11-30,7.788341e-06
1955-12-01,0.0005496873
1955-12-02,3.0994415e-05
1955-12-03,0.00011033482
1955-12-04,2.6490953e-08
1955-12-05,0.0014509889
1955-12-06,0.0011579195
1955-12-07,0.0
1955-12-08,0.0005047984
1955-12-09,0.00019877487
1955-12-10,2.7087e-05
1955-12-11,1.888805e-05
1955-12-12,2.4901497e-06
1955-12-13,0.0
1955-12-14,3.867679e-06
1955-12-15,0.00028844675
1955-12-16,0.0010188951
1955-12-17,0.00021604697
1955-12-18,0.00070733496
1955-12-19,0.0027355487
1955-12-20,0.0016070472
1955-12-21,0.00244889
1955-12-22,0.002558059
1955-12-23,0.0019740527
1955-12-24,7.2439514e-05
1955-12-25,0.00018289353
1955-12-26,0.0008100271
1955-12-27,0.00050825544
1955-12-28,1.6086631e-05
1955-12-29,1.3258722e-05
1955-12-30,6.5366425e-05
1955-12-31,0.0002675189
1956-01-01,0.00077901944
1956-01-02,0.00020631154
1956-01-03,4.6226713e-05
1956-01-04,0.0007933312
1956-01-05,0.0007396539
1956-01-06,0.0004329549
1956-01-07,0.0017524759
1956-01-08,0.00035349527
1956-01-09,0.00015225675
1956-01-10,0.00023486878
1956-01-11,2.0013915e-05
1956-01-12,0.00017400582
1956-01-13,0.0005071958
1956-01-14,0.0021322502
1956-01-15,0.002034611
1956-01-16,0.00017560853
1956-01-17,3.5630333e-06
1956-01-18,0.00025098852
1956-01-19,0.00058931776
1956-01-20,0.0013813443
1956-01-21,0.00015530984
1956-01-22,0.0010749234
1956-01-23,0.000521183
1956-01-24,0.00011048714
1956-01-25,0.0007167392
1956-01-26,0.0007347266
1956-01-27,0.00087842677
1956-01-28,2.4901497e-06
1956-01-29,0.0
1956-01-30,0.0
1956-01-31,0.0
1956-02-01,0.0
1956-02-02,0.0
1956-02-03,0.0
1956-02-04,0.0
1956-02-05,9.112888e-05
1956-02-06,0.0
1956-02-07,0.0
1956-02-08,0.0
1956-02-09,0.0
1956-02-10,0.0
1956-02-11,0.0
1956-02-12,6.6227384e-09
1956-02-13,5.2981907e-08
1956-02-14,0.0
1956-02-15,1.1457337e-06
1956-02-16,0.0
1956-02-17,6.300873e-05
1956-02-18,2.2914674e-06
1956-02-19,0.0014690028
1956-02-20,0.0021571848
1956-02-21,0.0029941532
1956-02-22,0.0006178088
1956-02-23,0.0003683567
1956-02-24,8.85725e-05
1956-02-25,0.0014046563
1956-02-26,6.571081e-05
1956-02-27,8.881092e-05
1956-02-28,0.00023350451
1956-02-29,0.0006269614
1956-03-01,0.0
1956-03-02,0.0
1956-03-03,0.00027027394
1956-03-04,0.0007757346
1956-03-05,0.00042280887
1956-03-06,3.74847e-06
1956-03-07,0.0
1956-03-08,2.529886e-06
1956-03-09,1.721912e-06
1956-03-10,0.0
1956-03-11,0.0
1956-03-12,0.0
1956-03-13,0.0
1956-03-14,2.6490953e-08
1956-03-15,0.0
1956-03-16,0.0
1956-03-17,0.0
1956-03-18,1.139111e-06
1956-03-19,0.00014910434
1956-03-20,2.278222e-06
1956-03-21,4.3710074e-07
1956-03-22,3.1166608e-05
1956-03-23,9.669197e-07
1956-03-24,0.0
1956-03-25,4.2637188e-05
1956-03-26,0.00019937092
1956-03-27,0.0
1956-03-28,0.0
1956-03-29,0.0
1956-03-30,2.6173062e-05
1956-03-31,0.00022583538
1956-04-01,1.1920929e-06
1956-04-02,6.6227386e-08
1956-04-03,0.0
1956-04-04,1.1046727e-05
1956-04-05,5.2981907e-08
1956-04-06,0.0
1956-04-07,0.0
1956-04-08,0.0
1956-04-09,0.0
1956-04-10,1.8967523e-05
1956-04-11,0.00022321277
1956-04-12,5.1922267e-05
1956-04-13,9.826819e-05
1956-04-14,0.00010687775
1956-04-15,2.4239222e-05
1956-04-16,7.947286e-08
1956-04-17,0.0
1956-04-18,0.0
1956-04-19,0.0
1956-04-20,6.8876477e-07
1956-04-21,0.0
1956-04-22,0.0
1956-04-23,0.0
1956-04-24,4.71539e-06
1956-04-25,0.00013679928
1956-04-26,0.0003801187
1956-04-27,8.5923406e-05
1956-04-28,5.9379472e-05
1956-04-29,0.0
1956-04-30,0.0
1956-05-01,0.0
1956-05-02,4.3180253e-06
1956-05-03,0.0007240905
1956-05-04,0.0008287165
1956-05-05,0.00015751521
1956-05-06,0.00040250353
1956-05-07,0.00018522475
1956-05-08,2.609359e-06
1956-05-09,9.5420415e-05
1956-05-10,0.00024082925
1956-05-11,0.00015560786
1956-05-12,4.4107437e-06
1956-05-13,0.0
1956-05-14,0.0
1956-05-15,0.0
1956-05-16,0.0
1956-05-17,1.4834934e-06
1956-05-18,7.1525574e-07
1956-05-19,0.0
1956-05-20,0.0
1956-05-21,0.0
1956-05-22,1.2185839e-06
1956-05-23,6.0929193e-07
1956-05-24,0.0
1956-05-25,0.0
1956-05-26,0.0
1956-05-27,0.0
1956-05-28,7.947286e-08
1956-05-29,9.771188e-05
1956-05-30,0.00018380748
1956-05-31,6.53002e-06
1956-06-01,0.0
1956-06-02,0.0
1956-06-03,2.78155e-07
1956-06-04,3.8597318e-05
1956-06-05,7.947286e-08
1956-06-06,0.0
1956-06-07,0.0
1956-06-08,0.0
1956-06-09,0.0
1956-06-10,2.6490953e-08
1956-06-11,0.0
1956-06-12,0.0
1956-06-13,0.0
1956-06-14,0.00012701088
1956-06-15,3.2583873e-06
1956-06-16,0.0
1956-06-17,0.0
1956-06-18,4.092852e-06
1956-06-19,0.00021911992
1956-06-20,0.0
1956-06-21,0.0
1956-06-22,0.0
1956-06-23,4.30478e-06
1956-06-24,0.0
1956-06-25,0.0
1956-06-26,0.0
1956-06-27,0.0
1956-06-28,0.0
1956-06-29,0.0
1956-06-30,0.0
1956-07-01,2.6490954e-07
1956-07-02,0.0
1956-07-03,0.0
1956-07-04,0.0
1956-07-05,0.0
1956-07-06,0.0
1956-07-07,0.0
1956-07-08,0.0
1956-07-09,0.0
1956-07-10,2.5682979e-05
1956-07-11,1.8543668e-07
1956-07-12,1.5894572e-07
1956-07-13,3.0093723e-05
1956-07-14,0.0
1956-07-15,0.0
1956-07-16,0.0
1956-07-17,0.0
1956-07-18,0.0
1956-07-19,0.0
1956-07-20,0.0
1956-07-21,0.0
1956-07-22,0.0
1956-07-23,7.6823767e-07
1956-07-24,0.0
1956-07-25,0.0
1956-07-26,6.8214206e-07
1956-07-27,0.0
1956-07-28,0.0
1956-07-29,0.0
1956-07-30,0.0
1956-07-31,0.0
1956-08-01,0.0
1956-08-02,0.0
1956-08-03,0.0
1956-08-04,0.0
1956-08-05,7.947286e-08
1956-08-06,0.0
1956-08-07,0.0
1956-08-08,0.0
1956-08-09,0.0
1956-08-10,0.0
1956-08-11,0.0
1956-08-12,0.0
1956-08-13,0.0
1956-08-14,0.0
1956-08-15,0.0
1956-08-16,0.0
1956-08-17,0.0
1956-08-18,2.7947956e-06
1956-08-19,3.19216e-06
1956-08-20,0.0
1956-08-21,0.0
1956-08-22,0.0
1956-08-23,7.6029037e-06
1956-08-24,0.0
1956-08-25,0.0
1956-08-26,0.0
1956-08-27,0.0
1956-08-28,0.0
1956-08-29,0.0
1956-08-30,0.0
1956-08-31,0.0
1956-09-01,0.0
1956-09-02,0.0
1956-09-03,0.0
1956-09-04,0.0
1956-09-05,0.0
1956-09-06,0.0
1956-09-07,0.0
1956-09-08,0.0
1956-09-09,3.4438239e-07
1956-09-10,0.0
1956-09-11,3.4438239e-07
1956-09-12,4.503462e-07
1956-09-13,2.7947956e-06
1956-09-14,0.0
1956-09-15,0.0
1956-09-16,0.0
1956-09-17,0.0
1956-09-18,2.3007393e-05
1956-09-19,0.000513196
1956-09-20,6.669098e-05
1956-09-21,0.0
1956-09-22,0.0
1956-09-23,0.0
1956-09-24,0.0
1956-09-25,0.0
1956-09-26,3.4438239e-07
1956-09-27,1.1656019e-06
1956-09-28,0.0
1956-09-29,0.0
1956-09-30,2.6490953e-08
1956-10-01,0.0
1956-10-02,0.0
1956-10-03,0.0
1956-10-04,2.4504131e-06
1956-10-05,0.0
1956-10-06,0.0
1956-10-07,3.5570727e-05
1956-10-08,7.343292e-05
1956-10-09,1.3245477e-07
1956-10-10,0.000953118
1956-10-11,0.00043209395
1956-10-12,0.0
1956-10-13,2.6490953e-08
1956-10-14,0.0
1956-10-15,0.0
1956-10-16,0.0
1956-10-17,0.0
1956-10-18,2.7007527e-05
1956-10-19,0.0
1956-10-20,0.0
1956-10-21,2.6490953e-08
1956-10-22,0.0
1956-10-23,0.0003335211
1956-10-24,2.6490954e-07
1956-10-25,0.0002769629
1956-10-26,0.0010827912
1956-10-27,0.00013845497
1956-10-28,1.3113022e-06
1956-10-29,0.00034954812
1956-10-30,0.0027823448
1956-10-31,0.00016789966
1956-11-01,0.0003373954
1956-11-02,2.2000737e-05
1956-11-03,0.0
1956-11-04,0.0
1956-11-05,0.0
1956-11-06,0.0
1956-11-07,0.0
1956-11-08,0.0
1956-11-09,0.0
1956-11-10,0.0
1956-11-11,0.0
1956-11-12,0.0
1956-11-13,1.3457404e-05
1956-11-14,0.0
1956-11-15,1.4967388e-06
1956-11-16,1.1523565e-06
1956-11-17,1.7113156e-05
1956-11-18,0.0
1956-11-19,0.0
1956-11-20,0.0
1956-11-21,0.0
1956-11-22,0.0
1956-11-23,0.0
1956-11-24,0.0
1956-11-25,0.0
1956-11-26,0.0
1956-11-27,0.0
1956-11-28,0.0
1956-11-29,0.0
1956-11-30,0.0
1956-12-01,0.0
1956-12-02,0.0
1956-12-03,0.0
1956-12-04,0.0005100833
1956-12-05,0.00052360696
1956-12-06,0.00026191605
1956-12-07,2.2729238e-05
1956-12-08,0.0
1956-12-09,0.0
1956-12-10,0.00012840165
1956-12-11,0.00054819055
1956-12-12,0.00020297368
1956-12-13,0.00018368827
1956-12-14,0.0
1956-12-15,0.0
1956-12-16,1.8080076e-06
1956-12-17,0.0
1956-12-18,0.0
1956-12-19,0.0
1956-12-20,0.0
1956-12-21,1.8941032e-06
1956-12-22,0.0
1956-12-23,0.0
1956-12-24,0.0
1956-12-25,0.0
1956-12-26,0.0
1956-12-27,0.0
1956-12-28,0.0
1956-12-29,0.0
1956-12-30,0.0
1956-12-31,0.0
1957-01-01,0.0
1957-01-02,3.7087335e-07
1957-01-03,6.6227384e-09
1957-01-04,0.0
1957-01-05,1.2715658e-06
1957-01-06,0.0
1957-01-07,5.51939e-05
1957-01-08,0.0004953146
1957-01-09,7.6823767e-07
1957-01-10,2.1192763e-07
1957-01-11,0.0004423062
1957-01-12,0.0012057357
1957-01-13,0.0011154148
1957-01-14,0.00083310076
1957-01-15,0.00057839684
1957-01-16,0.0
1957-01-17,0.0
1957-01-18,0.0
1957-01-19,0.00019184749
1957-01-20,0.0012648635
1957-01-21,6.225374e-07
1957-01-22,1.0066562e-06
1957-01-23,1.8543668e-07
1957-01-24,0.0002890428
1957-01-25,0.00034782622
1957-01-26,1.4477306e-05
1957-01-27,0.0
1957-01-28,2.6490953e-08
1957-01-29,0.0
1957-01-30,0.0
1957-01-31,2.6490953e-08
1957-02-01,0.00040941767
1957-02-02,0.00018098619
1957-02-03,0.0
1957-02-04,0.0
1957-02-05,0.0
1957-02-06,0.0
1957-02-07,0.00025003485
1957-02-08,0.00059289404
1957-02-09,1.08215545e-05
1957-02-10,0.0
1957-02-11,2.6490953e-08
1957-02-12,0.0
1957-02-13,7.503563e-05
1957-02-14,5.5631e-07
1957-02-15,0.0
1957-02-16,4.423989e-06
1957-02-17,0.0
1957-02-18,0.0
1957-02-19,0.00013070636
1957-02-20,0.00022802089
1957-02-21,0.00057199266
1957-02-22,0.0003876951
1957-02-23,0.0021876758
1957-02-24,0.0015837484
1957-02-25,0.0012338427
1957-02-26,0.0015443034
1957-02-27,0.0001858208
1957-02-28,0.0
1957-03-01,0.0002728767
1957-03-02,0.00016052193
1957-03-03,0.0003974239
1957-03-04,0.0009281238
1957-03-05,0.00051613647
1957-03-06,0.000591649
1957-03-07,9.584427e-05
1957-03-08,0.00012302399
1957-03-09,0.0010008282
1957-03-10,5.3246818e-06
1957-03-11,0.0011284617
1957-03-12,0.0010626581
1957-03-13,0.00023437208
1957-03-14,9.9658966e-05
1957-03-15,0.0010352135
1957-03-16,0.00017501248
1957-03-17,0.00045164427
1957-03-18,2.1007327e-05
1957-03-19,0.0
1957-03-20,6.8200956e-05
1957-03-21,1.3973978e-05
1957-03-22,3.973643e-08
1957-03-23,0.0
1957-03-24,9.2718335e-07
1957-03-25,8.4386935e-05
1957-03-26,0.0
1957-03-27,0.0
1957-03-28,4.4928656e-05
1957-03-29,0.0005986558
1957-03-30,0.00024546517
1957-03-31,0.0006358226
1957-04-01,2.9140048e-07
1957-04-02,0.0
1957-04-03,0.0
1957-04-04,0.0
1957-04-05,0.0
1957-04-06,9.934107e-07
1957-04-07,0.0
1957-04-08,0.0
1957-04-09,0.0
1957-04-10,0.0
1957-04-11,1.5563435e-05
1957-04-12,0.00032467314
1957-04-13,0.0003673368
1957-04-14,0.001117693
1957-04-15,0.0
1957-04-16,9.8228455e-05
1957-04-17,0.00091658696
1957-04-18,0.0002813604
1957-04-19,0.00017489327
1957-04-20,0.0001644161
1957-04-21,4.9008264e-07
1957-04-22,4.000134e-06
1957-04-23,1.1735492e-05
1957-04-24,2.6490953e-08
1957-04-25,0.0
1957-04-26,0.0
1957-04-27,0.0
1957-04-28,0.0
1957-04-29,3.6557515e-06
1957-04-30,1.056989e-05
1957-05-01,8.151266e-05
1957-05-02,0.0011000766
1957-05-03,0.0
1957-05-04,1.5894572e-07
1957-05-05,5.2981907e-08
1957-05-06,4.2385525e-07
1957-05-07,1.5417734e-05
1957-05-08,0.0003076262
1957-05-09,0.00020220544
1957-05-10,5.2306386e-05
1957-05-11,1.0437436e-05
1957-05-12,2.974934e-05
1957-05-13,0.0006547504
1957-05-14,0.00059502653
1957-05-15,1.3245477e-08
1957-05-16,5.2981907e-08
1957-05-17,9.112888e-05
1957-05-18,0.0023249653
1957-05-19,0.0005165471
1957-05-20,0.00056478713
1957-05-21,5.218718e-06
1957-05-22,1.2927585e-05
1957-05-23,0.0
1957-05-24,0.0
1957-05-25,0.0
1957-05-26,0.0
1957-05-27,0.0
1957-05-28,0.0
1957-05-29,6.841289e-05
1957-05-30,2.7947956e-06
1957-05-31,0.0
1957-06-01,0.0
1957-06-02,0.0
1957-06-03,0.0
1957-06-04,0.0
1957-06-05,0.0
1957-06-06,0.0
1957-06-07,0.0
1957-06-08,9.536743e-07
1957-06-09,0.00010078483
1957-06-10,1.66893e-06
1957-06-11,0.0
1957-06-12,6.817447e-05
1957-06-13,0.0
1957-06-14,6.6227386e-08
1957-06-15,0.0
1957-06-16,0.0
1957-06-17,0.0
1957-06-18,0.0
1957-06-19,2.3841858e-07
1957-06-20,5.2981907e-08
1957-06-21,0.0
1957-06-22,0.0
1957-06-23,0.0
1957-06-24,0.0
1957-06-25,0.0
1957-06-26,0.0
1957-06-27,1.3245477e-08
1957-06-28,0.0
1957-06-29,0.0
1957-06-30,0.0
1957-07-01,0.0
1957-07-02,7.947286e-08
1957-07-03,1.6424391e-06
1957-07-04,0.0
1957-07-05,0.0
1957-07-06,4.9008263e-06
1957-07-07,1.9603306e-06
1957-07-08,0.0
1957-07-09,0.0
1957-07-10,0.0
1957-07-11,0.0
1957-07-12,0.0
1957-07-13,7.4572035e-06
1957-07-14,8.8598994e-05
1957-07-15,0.0
1957-07-16,0.0
1957-07-17,0.0
1957-07-18,0.0
1957-07-19,5.2981907e-08
1957-07-20,0.0
1957-07-21,6.0399372e-05
1957-07-22,3.33786e-06
1957-07-23,0.0
1957-07-24,6.0929193e-07
1957-07-25,0.0
1957-07-26,9.2718335e-07
1957-07-27,0.0
1957-07-28,0.0
1957-07-29,1.05963814e-07
1957-07-30,0.0
1957-07-31,0.0
1957-08-01,0.0
1957-08-02,0.0
1957-08-03,0.0
1957-08-04,0.0
1957-08-05,3.5232968e-06
1957-08-06,0.0
1957-08-07,0.0
1957-08-08,0.0
1957-08-09,0.0
1957-08-10,0.0
1957-08-11,0.0
1957-08-12,0.0
1957-08-13,0.0
1957-08-14,0.0
1957-08-15,0.0
1957-08-16,0.0
1957-08-17,0.0
1957-08-18,0.0
1957-08-19,0.0
1957-08-20,0.0
1957-08-21,0.0
1957-08-22,0.0
1957-08-23,0.0
1957-08-24,0.0
1957-08-25,0.0
1957-08-26,1.05963814e-07
1957-08-27,1.8543668e-07
1957-08-28,5.033281e-07
1957-08-29,5.5631e-07
1957-08-30,0.0
1957-08-31,0.0
1957-09-01,0.0
1957-09-02,0.0
1957-09-03,0.0
1957-09-04,0.0
1957-09-05,0.0
1957-09-06,0.0
1957-09-07,0.0
1957-09-08,0.0
1957-09-09,0.0
1957-09-10,0.0
1957-09-11,0.0
1957-09-12,2.8716193e-05
1957-09-13,2.8305583e-05
1957-09-14,4.5829347e-06
1957-09-15,2.1563636e-05
1957-09-16,2.7669801e-05
1957-09-17,0.00021708012
1957-09-18,2.386835e-05
1957-09-19,0.0
1957-09-20,0.0
1957-09-21,0.0
1957-09-22,0.0
1957-09-23,0.0
1957-09-24,3.1789145e-07
1957-09-25,1.3245477e-08
1957-09-26,0.0010306968
1957-09-27,0.001818498
1957-09-28,0.00054532953
1957-09-29,0.00014799171
1957-09-30,0.00034828982
1957-10-01,4.7942e-05
1957-10-02,1.622571e-05
1957-10-03,1.58151e-05
1957-10-04,0.00037593313
1957-10-05,0.0004932483
1957-10-06,0.00037549602
1957-10-07,0.00012636185
1957-10-08,7.875761e-05
1957-10-09,0.000543899
1957-10-10,0.0011478133
1957-10-11,0.00019984775
1957-10-12,0.0007128186
1957-10-13,0.001046141
1957-10-14,7.620123e-05
1957-10-15,0.0
1957-10-16,0.0
1957-10-17,0.0
1957-10-18,0.0
1957-10-19,1.8543668e-07
1957-10-20,1.0795064e-05
1957-10-21,0.0
1957-10-22,0.0001435015
1957-10-23,0.0007236931
1957-10-24,0.0001311567
1957-10-25,4.441208e-05
1957-10-26,0.0
1957-10-27,0.0
1957-10-28,0.0
1957-10-29,0.0
1957-10-30,0.0
1957-10-31,5.2981907e-08
1957-11-01,0.0
1957-11-02,0.0
1957-11-03,0.0
1957-11-04,0.0
1957-11-05,0.0
1957-11-06,0.0
1957-11-07,3.4305785e-06
1957-11-08,0.000115791954
1957-11-09,0.0
1957-11-10,0.0004687574
1957-11-11,0.00029354624
1957-11-12,0.00022778247
1957-11-13,0.001756125
1957-11-14,0.0005229049
1957-11-15,9.444025e-06
1957-11-16,2.4649831e-05
1957-11-17,1.6318427e-05
1957-11-18,0.00036149553
1957-11-19,8.3989566e-05
1957-11-20,2.084838e-05
1957-11-21,0.0
1957-11-22,0.0
1957-11-23,0.0
1957-11-24,0.0
1957-11-25,0.0
1957-11-26,0.0
1957-11-27,0.0
1957-11-28,0.0
1957-11-29,0.0
1957-11-30,0.0
1957-12-01,0.0
1957-12-02,1.3245477e-08
1957-12-03,0.0
1957-12-04,0.0
1957-12-05,5.5485303e-05
1957-12-06,2.7020772e-06
1957-12-07,1.0185771e-05
1957-12-08,0.0
1957-12-09,0.0
1957-12-10,0.0
1957-12-11,0.0
1957-12-12,0.0
1957-12-13,1.9643041e-05
1957-12-14,0.0001175536
1957-12-15,0.00061617955
1957-12-16,0.0016151137
1957-12-17,0.0014483266
1957-12-18,0.0012226237
1957-12-19,0.00060428516
1957-12-20,0.0008540683
1957-12-21,0.002017167
1957-12-22,6.798903e-05
1957-12-23,3.0914944e-05
1957-12-24,0.00014317036
1957-12-25,9.086397e-06
1957-12-26,0.00021784836
1957-12-27,6.800228e-05
1957-12-28,0.00074810453
1957-12-29,8.5029336e-05
1957-12-30,7.947286e-08
1957-12-31,0.0
1958-01-01,3.5881996e-05
1958-01-02,0.00053127605
1958-01-03,0.0
1958-01-04,0.0
1958-01-05,0.0
1958-01-06,0.0
1958-01-07,0.0
1958-01-08,3.8173464e-05
1958-01-09,7.826752e-05
1958-01-10,0.001803067
1958-01-11,0.0005809996
1958-01-12,0.001390073
1958-01-13,4.2597454e-05
1958-01-14,1.2450748e-06
1958-01-15,1.4570024e-07
1958-01-16,0.0
1958-01-17,2.1060307e-06
1958-01-18,0.0
1958-01-19,0.0
1958-01-20,3.1736163e-05
1958-01-21,4.7286353e-06
1958-01-22,0.0
1958-01-23,0.0008676582
1958-01-24,0.0016222397
1958-01-25,0.00032862028
1958-01-26,0.00044279627
1958-01-27,6.519424e-05
1958-01-28,0.0018321408
1958-01-29,0.0016879109
1958-01-30,0.00036813153
1958-01-31,0.00012089146
1958-02-01,0.0
1958-02-02,0.00074710447
1958-02-03,0.0012008349
1958-02-04,0.0010174447
1958-02-05,0.0008704795
1958-02-06,0.00041132502
1958-02-07,0.0015539328
1958-02-08,0.0010259417
1958-02-09,0.0010548565
1958-02-10,0.00037615828
1958-02-11,0.0005999274
1958-02-12,0.0021011962
1958-02-13,8.079741e-06
1958-02-14,0.0013115539
1958-02-15,0.0016071531
1958-02-16,0.00060737133
1958-02-17,5.9379472e-05
1958-02-18,0.00062863034
1958-02-19,0.0014864339
1958-02-20,7.5499215e-06
1958-02-21,6.6227386e-08
1958-02-22,7.908874e-05
1958-02-23,0.00036142932
1958-02-24,0.0032336314
1958-02-25,0.00075863465
1958-02-26,9.3115705e-06
1958-02-27,1.0199017e-06
1958-02-28,1.9868214e-07
1958-03-01,0.0
1958-03-02,0.0
1958-03-03,3.094143e-05
1958-03-04,0.0
1958-03-05,3.642506e-05
1958-03-06,3.9868883e-06
1958-03-07,1.46759885e-05
1958-03-08,0.0002506044
1958-03-09,4.029274e-05
1958-03-10,2.503395e-06
1958-03-11,3.4438239e-07
1958-03-12,5.314085e-05
1958-03-13,0.00037701926
1958-03-14,0.0007924636
1958-03-15,0.00014261405
1958-03-16,0.0
1958-03-17,0.00012391144
1958-03-18,6.861157e-06
1958-03-19,0.0
1958-03-20,0.00075178675
1958-03-21,0.0012045833
1958-03-22,0.0009912252
1958-03-23,0.0011690656
1958-03-24,0.00079264905
1958-03-25,0.0008536975
1958-03-26,9.271834e-08
1958-03-27,8.291669e-06
1958-03-28,0.00036214458
1958-03-29,0.0012115836
1958-03-30,0.0010706981
1958-03-31,0.00053456094
1958-04-01,0.0013188919
1958-04-02,0.0020520026
1958-04-03,0.00063757104
1958-04-04,0.0006214645
1958-04-05,0.00057644316
1958-04-06,0.0006059408
1958-04-07,0.0
1958-04-08,0.0
1958-04-09,0.0
1958-04-10,0.0
1958-04-11,0.0
1958-04-12,0.0
1958-04-13,6.7154565e-06
1958-04-14,0.00016589959
1958-04-15,0.0
1958-04-16,0.0
1958-04-17,6.0770246e-05
1958-04-18,5.642573e-06
1958-04-19,0.0
1958-04-20,0.0
1958-04-21,0.0
1958-04-22,2.8371811e-05
1958-04-23,6.993612e-06
1958-04-24,1.05963814e-07
1958-04-25,0.0
1958-04-26,1.3245477e-08
1958-04-27,1.7219119e-07
1958-04-28,2.0331807e-05
1958-04-29,2.609359e-06
1958-04-30,0.0
1958-05-01,0.0
1958-05-02,0.0
1958-05-03,0.0
1958-05-04,0.0
1958-05-05,3.2570628e-05
1958-05-06,0.0
1958-05-07,0.0
1958-05-08,0.0
1958-05-09,0.0
1958-05-10,3.7087335e-07
1958-05-11,0.0014901691
1958-05-12,8.1035825e-05
1958-05-13,1.3377932e-06
1958-05-14,0.0
1958-05-15,0.0
1958-05-16,1.8543667e-06
1958-05-17,0.0
1958-05-18,7.245276e-06
1958-05-19,1.8278757e-06
1958-05-20,0.0
1958-05-21,1.2715657e-05
1958-05-22,0.0002820293
1958-05-23,0.00039568212
1958-05-24,5.4518383e-05
1958-05-25,2.3961067e-05
1958-05-26,3.6160152e-06
1958-05-27,1.4358096e-05
1958-05-28,7.9737765e-06
1958-05-29,1.3245477e-08
1958-05-30,7.0201027e-06
1958-05-31,0.00012935532
1958-06-01,7.563167e-05
1958-06-02,0.00100459
1958-06-03,0.0003007253
1958-06-04,5.2981907e-08
1958-06-05,1.3642841e-05
1958-06-06,1.2993813e-05
1958-06-07,3.3550794e-05
1958-06-08,6.971094e-05
1958-06-09,0.00057344965
1958-06-10,7.2836876e-05
1958-06-11,0.00016616451
1958-06-12,0.00050127506
1958-06-13,0.0
1958-06-14,0.0
1958-06-15,0.0
1958-06-16,5.4173997e-06
1958-06-17,0.0
1958-06-18,1.7881393e-05
1958-06-19,8.85725e-05
1958-06-20,5.2981907e-08
1958-06-21,4.119343e-05
1958-06-22,0.0
1958-06-23,5.2452087e-06
1958-06-24,5.5631e-07
1958-06-25,0.0
1958-06-26,0.0
1958-06-27,0.0
1958-06-28,0.0
1958-06-29,1.5894572e-07
1958-06-30,0.0
1958-07-01,0.00011671914
1958-07-02,8.980433e-06
1958-07-03,1.05963814e-07
1958-07-04,0.0
1958-07-05,0.0
1958-07-06,0.0
1958-07-07,0.0
1958-07-08,0.0
1958-07-09,0.0
1958-07-10,0.0
1958-07-11,0.0
1958-07-12,0.0
1958-07-13,0.0
1958-07-14,0.0
1958-07-15,5.2981907e-08
1958-07-16,1.8543667e-06
1958-07-17,0.00016261471
1958-07-18,1.3417668e-05
1958-07-19,8.9380475e-05
1958-07-20,1.8013848e-06
1958-07-21,4.5458477e-05
1958-07-22,1.2026892e-05
1958-07-23,9.788408e-06
1958-07-24,1.6291937e-05
1958-07-25,0.0
1958-07-26,0.0
1958-07-27,0.0
1958-07-28,3.729926e-05
1958-07-29,2.8663211e-05
1958-07-30,0.0
1958-07-31,0.0
1958-08-01,7.947286e-08
1958-08-02,4.2385525e-07
1958-08-03,9.006924e-07
1958-08-04,0.0
1958-08-05,0.0
1958-08-06,0.0
1958-08-07,0.0
1958-08-08,7.1525574e-07
1958-08-09,0.0
1958-08-10,0.0
1958-08-11,0.0
1958-08-12,0.0
1958-08-13,0.0
1958-08-14,0.0
1958-08-15,0.0
1958-08-16,0.0
1958-08-17,4.251798e-06
1958-08-18,4.1060977e-07
1958-08-19,1.0755327e-05
1958-08-20,3.0199687e-06
1958-08-21,0.0
1958-08-22,0.0
1958-08-23,6.8876477e-07
1958-08-24,0.0
1958-08-25,0.0
1958-08-26,0.0
1958-08-27,0.0
1958-08-28,0.0
1958-08-29,0.0
1958-08-30,0.0
1958-08-31,0.0
1958-09-01,0.0
1958-09-02,0.0
1958-09-03,0.0
1958-09-04,0.0
1958-09-05,0.0
1958-09-06,0.0
1958-09-07,1.01460355e-05
1958-09-08,3.932582e-05
1958-09-09,0.0
1958-09-10,4.5431985e-05
1958-09-11,3.0464596e-06
1958-09-12,0.00026230016
1958-09-13,3.33786e-06
1958-09-14,0.0
1958-09-15,0.0
1958-09-16,0.0
1958-09-17,0.0
1958-09-18,0.0
1958-09-19,0.0
1958-09-20,0.0
1958-09-21,0.0
1958-09-22,3.9537746e-05
1958-09-23,8.086363e-05
1958-09-24,0.0
1958-09-25,0.0
1958-09-26,0.0
1958-09-27,0.0
1958-09-28,0.0
1958-09-29,0.0
1958-09-30,0.0
1958-10-01,0.0
1958-10-02,0.0
1958-10-03,0.0
1958-10-04,0.0
1958-10-05,0.0
1958-10-06,0.0
1958-10-07,0.0
1958-10-08,0.0
1958-10-09,0.0
1958-10-10,0.0
1958-10-11,0.0
1958-10-12,0.0
1958-10-13,0.0
1958-10-14,0.0
1958-10-15,0.0
1958-10-16,0.0
1958-10-17,0.0
1958-10-18,7.433361e-05
1958-10-19,0.0004199346
1958-10-20,0.0
1958-10-21,0.0
1958-10-22,0.0
1958-10-23,0.0
1958-10-24,0.0
1958-10-25,0.0
1958-10-26,3.973643e-07
1958-10-27,0.0
1958-10-28,0.0
1958-10-29,0.0
1958-10-30,0.0
1958-10-31,7.655885e-06
1958-11-01,5.298191e-07
1958-11-02,0.0
1958-11-03,1.8543668e-07
1958-11-04,1.886156e-05
1958-11-05,2.78155e-07
1958-11-06,0.0
1958-11-07,1.0066562e-06
1958-11-08,8.8744696e-07
1958-11-09,0.00023188855
1958-11-10,0.00013946163
1958-11-11,0.0
1958-11-12,0.0
1958-11-13,0.00047773786
1958-11-14,0.00014389885
1958-11-15,1.1126201e-05
1958-11-16,0.0
1958-11-17,1.7815166e-06
1958-11-18,0.00016691949
1958-11-19,0.000237902
1958-11-20,1.7881393e-06
1958-11-21,0.0
1958-11-22,0.0
1958-11-23,0.0
1958-11-24,0.0
1958-11-25,7.841322e-06
1958-11-26,6.410811e-06
1958-11-27,0.0
1958-11-28,0.0
1958-11-29,0.0
1958-11-30,0.0
1958-12-01,3.973643e-08
1958-12-02,0.0
1958-12-03,0.0
1958-12-04,0.0
1958-12-05,0.0
1958-12-06,0.0
1958-12-07,1.5762117e-06
1958-12-08,3.1524235e-06
1958-12-09,4.357762e-06
1958-12-10,2.6490954e-07
1958-12-11,0.0
1958-12-12,0.0
1958-12-13,0.0
1958-12-14,0.0
1958-12-15,0.0
1958-12-16,0.0
1958-12-17,0.0
1958-12-18,0.0
1958-12-19,0.0
1958-12-20,4.131264e-05
1958-12-21,0.00044646527
1958-12-22,0.0
1958-12-23,8.646647e-05
1958-12-24,0.0005758471
1958-12-25,0.0005617804
1958-12-26,0.0011114809
1958-12-27,0.0012104312
1958-12-28,6.254514e-05
1958-12-29,0.0
1958-12-30,0.0
1958-12-31,0.0
1959-01-01,0.0
1959-01-02,7.549922e-07
1959-01-03,2.6490953e-08
1959-01-04,3.7246282e-05
1959-01-05,0.0032273796
1959-01-06,0.00073811744
1959-01-07,0.00097596645
1959-01-08,0.0018302865
1959-01-09,0.0026116902
1959-01-10,0.0014979574
1959-01-11,0.002229982
1959-01-12,0.0020776722
1959-01-13,3.7219788e-06
1959-01-14,0.0
1959-01-15,0.0
1959-01-16,0.0
1959-01-17,0.0
1959-01-18,0.0
1959-01-19,3.4438239e-07
1959-01-20,6.6227386e-08
1959-01-21,0.0
1959-01-22,0.0
1959-01-23,0.0
1959-01-24,0.0010087887
1959-01-25,0.0008130603
1959-01-26,4.1001374e-05
1959-01-27,0.00054279965
1959-01-28,0.0003231499
1959-01-29,9.944704e-05
1959-01-30,1.0887782e-05
1959-01-31,0.0
1959-02-01,1.3245477e-08
1959-02-02,0.0
1959-02-03,0.0
1959-02-04,2.6490953e-08
1959-02-05,0.0
1959-02-06,3.9935112e-05
1959-02-07,3.751119e-05
1959-02-08,2.4325318e-05
1959-02-09,0.00046274398
1959-02-10,0.0008936326
1959-02-11,0.0003796816
1959-02-12,3.973643e-08
1959-02-13,0.00016282665
1959-02-14,0.0013404952
1959-02-15,0.0014862617
1959-02-16,0.0027909544
1959-02-17,0.0012337366
1959-02-18,0.00087586377
1959-02-19,0.00034019683
1959-02-20,0.00041018592
1959-02-21,0.0003512833
1959-02-22,0.000229511
1959-02-23,0.00022015307
1959-02-24,1.3245477e-08
1959-02-25,0.0
1959-02-26,0.0
1959-02-27,0.0
1959-02-28,0.0
1959-03-01,0.0
1959-03-02,0.0
1959-03-03,0.0
1959-03-04,0.0
1959-03-05,0.0
1959-03-06,2.5166405e-06
1959-03-07,1.6556846e-06
1959-03-08,0.0
1959-03-09,2.6490953e-08
1959-03-10,2.6490953e-08
1959-03-11,0.0
1959-03-12,0.0
1959-03-13,6.6227386e-08
1959-03-14,5.2981907e-08
1959-03-15,0.0
1959-03-16,0.0
1959-03-17,6.0002008e-06
1959-03-18,1.9868214e-07
1959-03-19,1.05963814e-07
1959-03-20,0.0
1959-03-21,0.0003450314
1959-03-22,0.00043731264
1959-03-23,0.00076546933
1959-03-24,3.1020907e-05
1959-03-25,0.0002127356
1959-03-26,0.0005473561
1959-03-27,0.0
1959-03-28,0.00016774071
1959-03-29,2.2994147e-05
1959-03-30,0.0011950599
1959-03-31,3.4835602e-06
1959-04-01,0.0
1959-04-02,0.0
1959-04-03,2.9140048e-07
1959-04-04,1.695421e-06
1959-04-05,1.8543668e-07
1959-04-06,0.0
1959-04-07,0.0
1959-04-08,0.0
1959-04-09,0.0
1959-04-10,0.0
1959-04-11,2.9140048e-07
1959-04-12,2.1192763e-07
1959-04-13,0.0
1959-04-14,0.0
1959-04-15,0.0
1959-04-16,0.0
1959-04-17,1.3245477e-07
1959-04-18,0.0
1959-04-19,0.0
1959-04-20,0.0
1959-04-21,0.0
1959-04-22,6.503529e-06
1959-04-23,9.271834e-08
1959-04-24,0.0001329316
1959-04-25,0.00063627295
1959-04-26,0.0007395877
1959-04-27,7.6823767e-07
1959-04-28,0.0
1959-04-29,5.5631e-07
1959-04-30,1.642439e-05
1959-05-01,0.0002870692
1959-05-02,4.2027896e-05
1959-05-03,1.5662776e-05
1959-05-04,0.0
1959-05-05,3.4570694e-06
1959-05-06,0.0
1959-05-07,0.0
1959-05-08,9.112888e-06
1959-05-09,2.6490953e-08
1959-05-10,0.0
1959-05-11,0.0
1959-05-12,7.669131e-06
1959-05-13,1.2185839e-06
1959-05-14,0.00021827221
1959-05-15,2.278222e-06
1959-05-16,7.3777305e-06
1959-05-17,0.00017726421
1959-05-18,1.1338128e-05
1959-05-19,4.000134e-06
1959-05-20,0.0
1959-05-21,1.4715724e-05
1959-05-22,0.00011102358
1959-05-23,0.0002153582
1959-05-24,1.8583403e-05
1959-05-25,3.77761e-05
1959-05-26,0.00033493838
1959-05-27,9.9009936e-05
1959-05-28,1.5099844e-06
1959-05-29,3.19216e-06
1959-05-30,0.0
1959-05-31,0.0
1959-06-01,0.0
1959-06-02,0.0
1959-06-03,8.477105e-07
1959-06-04,0.0
1959-06-05,0.000120176206
1959-06-06,0.00024135907
1959-06-07,2.6490953e-08
1959-06-08,0.0
1959-06-09,0.0
1959-06-10,0.0
1959-06-11,0.0
1959-06-12,2.251731e-06
1959-06-13,3.1789145e-07
1959-06-14,0.0
1959-06-15,0.0
1959-06-16,0.0
1959-06-17,0.0
1959-06-18,2.755059e-06
1959-06-19,5.390909e-06
1959-06-20,0.0
1959-06-21,0.0
1959-06-22,0.0
1959-06-23,0.0
1959-06-24,0.0
1959-06-25,6.3578286e-06
1959-06-26,8.90096e-06
1959-06-27,2.6490953e-08
1959-06-28,0.0
1959-06-29,0.0
1959-06-30,0.0
1959-07-01,0.0
1959-07-02,0.0
1959-07-03,0.0
1959-07-04,0.0
1959-07-05,4.3974983e-06
1959-07-06,0.0
1959-07-07,0.0
1959-07-08,0.0
1959-07-09,0.0
1959-07-10,0.0
1959-07-11,2.1192763e-07
1959-07-12,6.6227386e-08
1959-07-13,0.0
1959-07-14,0.0
1959-07-15,0.0
1959-07-16,3.7087335e-07
1959-07-17,0.0
1959-07-18,2.6490954e-07
1959-07-19,0.0
1959-07-20,0.0
1959-07-21,1.11262e-06
1959-07-22,0.0
1959-07-23,1.05963814e-07
1959-07-24,5.8280096e-07
1959-07-25,0.0
1959-07-26,0.0
1959-07-27,0.0
1959-07-28,0.0
1959-07-29,0.0
1959-07-30,0.0
1959-07-31,0.0
1959-08-01,0.0
1959-08-02,0.0
1959-08-03,0.0
1959-08-04,0.0
1959-08-05,0.0
1959-08-06,0.0
1959-08-07,1.3245477e-07
1959-08-08,0.0
1959-08-09,0.0
1959-08-10,0.0
1959-08-11,0.0
1959-08-12,0.0
1959-08-13,0.0
1959-08-14,0.0
1959-08-15,0.0
1959-08-16,0.0
1959-08-17,0.0
1959-08-18,8.397632e-06
1959-08-19,7.439984e-05
1959-08-20,7.1035494e-05
1959-08-21,5.5631003e-06
1959-08-22,0.0
1959-08-23,0.0
1959-08-24,9.523497e-06
1959-08-25,0.0
1959-08-26,0.0
1959-08-27,0.0
1959-08-28,1.2795131e-05
1959-08-29,0.0
1959-08-30,0.0
1959-08-31,0.0
1959-09-01,0.0
1959-09-02,0.0
1959-09-03,0.0
1959-09-04,0.0
1959-09-05,0.0
1959-09-06,0.0
1959-09-07,2.6490953e-08
1959-09-08,0.0
1959-09-09,0.0
1959-09-10,3.1789145e-07
1959-09-11,0.0
1959-09-12,5.2981907e-08
1959-09-13,5.8280098e-06
1959-09-14,8.520815e-05
1959-09-15,1.9391378e-05
1959-09-16,2.6490954e-07
1959-09-17,6.6227386e-08
1959-09-18,0.0026992427
1959-09-19,0.00085719425
1959-09-20,3.7444963e-05
1959-09-21,0.0
1959-09-22,0.0
1959-09-23,0.0
1959-09-24,0.0
1959-09-25,0.0
1959-09-26,4.7418807e-06
1959-09-27,0.0
1959-09-28,2.6490953e-08
1959-09-29,0.0
1959-09-30,7.947286e-08
1959-10-01,0.0
1959-10-02,0.0
1959-10-03,0.0
1959-10-04,0.0
1959-10-05,0.0
1959-10-06,1.2848112e-06
1959-10-07,0.0
1959-10-08,0.00041333833
1959-10-09,0.0004644129
1959-10-10,1.1523565e-06
1959-10-11,5.2981907e-08
1959-10-12,0.0
1959-10-13,0.0
1959-10-14,0.0
1959-10-15,0.0
1959-10-16,0.0
1959-10-17,0.0
1959-10-18,2.6490953e-08
1959-10-19,0.0
1959-10-20,3.973643e-08
1959-10-21,2.251731e-07
1959-10-22,7.947286e-08
1959-10-23,0.0
1959-10-24,0.0
1959-10-25,2.6490953e-08
1959-10-26,2.1192763e-07
1959-10-27,2.6490953e-08
1959-10-28,0.0
1959-10-29,6.6227386e-08
1959-10-30,0.0
1959-10-31,0.0
1959-11-01,0.0
1959-11-02,0.0
1959-11-03,9.637409e-05
1959-11-04,4.9710274e-05
1959-11-05,0.0
1959-11-06,0.0
1959-11-07,0.0
1959-11-08,0.0
1959-11-09,0.0
1959-11-10,0.0
1959-11-11,0.0
1959-11-12,0.0
1959-11-13,0.0
1959-11-14,0.0
1959-11-15,0.0
1959-11-16,0.0
1959-11-17,0.0
1959-11-18,0.0
1959-11-19,7.417467e-07
1959-11-20,0.0
1959-11-21,2.0119878e-05
1959-11-22,0.0
1959-11-23,1.3179249e-05
1959-11-24,0.0
1959-11-25,0.0
1959-11-26,0.0
1959-11-27,0.0
1959-11-28,0.0
1959-11-29,0.0
1959-11-30,0.0
1959-12-01,0.0
1959-12-02,0.0
1959-12-03,1.5894572e-07
1959-12-04,0.0
1959-12-05,0.0
1959-12-06,0.0
1959-12-07,0.0
1959-12-08,0.0
1959-12-09,4.3061045e-05
1959-12-10,0.0
1959-12-11,8.636051e-05
1959-12-12,0.00019398
1959-12-13,3.6822425e-06
1959-12-14,0.0
1959-12-15,0.0
1959-12-16,0.0
1959-12-17,0.00013931592
1959-12-18,0.0
1959-12-19,0.0
1959-12-20,2.6490954e-07
1959-12-21,0.0
1959-12-22,6.108814e-05
1959-12-23,0.0006809632
1959-12-24,0.0010826058
1959-12-25,0.000102334554
1959-12-26,0.0
1959-12-27,0.0
1959-12-28,0.0
1959-12-29,0.0
1959-12-30,4.3312707e-06
1959-12-31,4.2385527e-06
1960-01-01,0.0
1960-01-02,2.1073552e-05
1960-01-03,3.7882064e-06
1960-01-04,0.0
1960-01-05,0.0
1960-01-06,4.0663613e-06
1960-01-07,0.00050808326
1960-01-08,0.0006889105
1960-01-09,0.000207901
1960-01-10,0.00024376313
1960-01-11,0.001412385
1960-01-12,7.841322e-06
1960-01-13,7.549922e-07
1960-01-14,0.00050750043
1960-01-15,3.768338e-05
1960-01-16,1.1920929e-06
1960-01-17,7.417467e-07
1960-01-18,8.4254476e-05
1960-01-19,0.0001885891
1960-01-20,1.1311637e-05
1960-01-21,0.0010908312
1960-01-22,0.00040169558
1960-01-23,0.000112454094
1960-01-24,6.789631e-05
1960-01-25,0.00072297786
1960-01-26,0.0009351439
1960-01-27,0.00097421807
1960-01-28,0.00033377277
1960-01-29,0.00034055446
1960-01-30,2.8676457e-05
1960-01-31,0.00010968579
1960-02-01,0.0016822153
1960-02-02,0.0003656149
1960-02-03,0.0003915098
1960-02-04,0.00030786463
1960-02-05,0.0008036428
1960-02-06,0.00021959675
1960-02-07,0.0011098915
1960-02-08,0.0024825865
1960-02-09,0.0011303624
1960-02-10,0.00032651424
1960-02-11,0.0
1960-02-12,0.0
1960-02-13,5.543894e-05
1960-02-14,2.9140048e-07
1960-02-15,2.6490953e-08
1960-02-16,0.0
1960-02-17,0.0
1960-02-18,0.00020317237
1960-02-19,6.6227386e-08
1960-02-20,0.0
1960-02-21,0.0
1960-02-22,0.0
1960-02-23,0.0
1960-02-24,0.0
1960-02-25,2.026558e-06
1960-02-26,7.0068572e-06
1960-02-27,8.34465e-07
1960-02-28,9.536743e-07
1960-02-29,0.0
1960-03-01,3.7352245e-06
1960-03-02,7.1816976e-05
1960-03-03,0.00064582296
1960-03-04,0.00094307796
1960-03-05,0.0019456148
1960-03-06,0.0008800957
1960-03-07,0.0018678108
1960-03-08,0.00012985866
1960-03-09,0.0002448294
1960-03-10,3.5762787e-07
1960-03-11,0.0002506839
1960-03-12,0.0008220143
1960-03-13,6.0333146e-05
1960-03-14,6.6227386e-08
1960-03-15,1.4437569e-06
1960-03-16,0.0
1960-03-17,0.0
1960-03-18,0.0
1960-03-19,0.0
1960-03-20,0.0
1960-03-21,0.0
1960-03-22,2.3841858e-07
1960-03-23,0.0
1960-03-24,0.0
1960-03-25,1.695421e-06
1960-03-26,0.0003498263
1960-03-27,0.00074297853
1960-03-28,0.00031563308
1960-03-29,0.000212272
1960-03-30,0.0018711752
1960-03-31,0.0002496309
1960-04-01,5.274349e-05
1960-04-02,2.6490953e-08
1960-04-03,0.0
1960-04-04,0.0
1960-04-05,0.0
1960-04-06,6.013446e-06
1960-04-07,0.0001432101
1960-04-08,1.4901161e-05
1960-04-09,9.4281306e-05
1960-04-10,6.549888e-06
1960-04-11,4.0279494e-05
1960-04-12,6.755193e-07
1960-04-13,9.702311e-06
1960-04-14,0.00012514989
1960-04-15,1.2245443e-05
1960-04-16,0.0
1960-04-17,3.6557515e-06
1960-04-18,8.5393585e-05
1960-04-19,3.325939e-05
1960-04-20,0.0
1960-04-21,3.39614e-05
1960-04-22,6.871091e-05
1960-04-23,0.0005179511
1960-04-24,8.442667e-05
1960-04-25,9.1049405e-05
1960-04-26,0.0003475348
1960-04-27,0.0013091697
1960-04-28,4.5140583e-05
1960-04-29,2.6226044e-06
1960-04-30,1.1258655e-05
1960-05-01,0.00013046795
1960-05-02,1.4834934e-06
1960-05-03,0.00038674142
1960-05-04,0.00082494156
1960-05-05,0.0
1960-05-06,7.6293945e-06
1960-05-07,0.00012889173
1960-05-08,1.8543668e-07
1960-05-09,0.0
1960-05-10,0.0
1960-05-11,0.0
1960-05-12,0.00012803078
1960-05-13,5.2981907e-08
1960-05-14,0.0
1960-05-15,3.5232968e-06
1960-05-16,1.3245477e-08
1960-05-17,1.3245477e-07
1960-05-18,1.7219119e-07
1960-05-19,4.132589e-06
1960-05-20,0.00011230839
1960-05-21,0.0001008643
1960-05-22,0.00022583538
1960-05-23,0.00084888935
1960-05-24,0.0011119843
1960-05-25,0.00062704086
1960-05-26,0.0002762344
1960-05-27,3.4438239e-07
1960-05-28,7.947286e-08
1960-05-29,1.3245476e-06
1960-05-30,5.2981907e-08
1960-05-31,0.0
1960-06-01,0.0
1960-06-02,0.0
1960-06-03,0.0
1960-06-04,1.3245477e-07
1960-06-05,0.0
1960-06-06,0.0
1960-06-07,9.04666e-06
1960-06-08,5.947219e-06
1960-06-09,0.0
1960-06-10,0.0
1960-06-11,1.5894572e-07
1960-06-12,0.0
1960-06-13,0.0
1960-06-14,0.0
1960-06-15,0.0
1960-06-16,0.0
1960-06-17,0.0
1960-06-18,0.0
1960-06-19,0.0
1960-06-20,0.0
1960-06-21,0.0
1960-06-22,0.0
1960-06-23,0.0
1960-06-24,5.2981907e-08
1960-06-25,0.0
1960-06-26,0.0
1960-06-27,0.0
1960-06-28,0.0
1960-06-29,0.0
1960-06-30,2.1192763e-07
1960-07-01,0.0
1960-07-02,0.0
1960-07-03,0.0
1960-07-04,9.801653e-07
1960-07-05,3.0199687e-06
1960-07-06,9.271834e-08
1960-07-07,1.001358e-05
1960-07-08,3.1789145e-07
1960-07-09,0.0
1960-07-10,5.2981907e-08
1960-07-11,0.0
1960-07-12,0.0
1960-07-13,0.0
1960-07-14,0.0
1960-07-15,0.0
1960-07-16,0.0
1960-07-17,0.0
1960-07-18,0.0
1960-07-19,0.0
1960-07-20,0.0
1960-07-21,0.0
1960-07-22,0.0
1960-07-23,0.0
1960-07-24,0.0
1960-07-25,2.9140049e-06
1960-07-26,1.0066562e-06
1960-07-27,3.5762787e-07
1960-07-28,0.0
1960-07-29,5.1909024e-05
1960-07-30,6.9803664e-06
1960-07-31,1.05963814e-07
1960-08-01,7.576413e-06
1960-08-02,0.0
1960-08-03,0.0
1960-08-04,0.0
1960-08-05,0.0
1960-08-06,0.0
1960-08-07,0.0
1960-08-08,0.0
1960-08-09,0.0
1960-08-10,0.0
1960-08-11,0.0
1960-08-12,3.7882064e-06
1960-08-13,0.0
1960-08-14,0.0
1960-08-15,0.0
1960-08-16,0.0
1960-08-17,0.0
1960-08-18,0.0
1960-08-19,0.0
1960-08-20,0.0
1960-08-21,0.0
1960-08-22,5.5763458e-06
1960-08-23,0.0
1960-08-24,0.0
1960-08-25,0.0
1960-08-26,0.0
1960-08-27,0.0
1960-08-28,0.0
1960-08-29,0.0
1960-08-30,0.0
1960-08-31,0.0
1960-09-01,0.0
1960-09-02,0.0
1960-09-03,8.34465e-07
1960-09-04,0.0
1960-09-05,0.0
1960-09-06,0.0
1960-09-07,0.0
1960-09-08,0.0
1960-09-09,0.0
1960-09-10,0.0
1960-09-11,4.967054e-06
1960-09-12,0.0
1960-09-13,0.0
1960-09-14,0.0
1960-09-15,5.298191e-07
1960-09-16,0.0
1960-09-17,0.0
1960-09-18,0.0
1960-09-19,0.0
1960-09-20,3.8411883e-07
1960-09-21,0.0
1960-09-22,0.0
1960-09-23,0.0
1960-09-24,0.0
1960-09-25,0.0
1960-09-26,0.0
1960-09-27,0.0
1960-09-28,2.78155e-07
1960-09-29,0.0
1960-09-30,0.0
1960-10-01,0.0
1960-10-02,2.6490953e-08
1960-10-03,3.311369e-07
1960-10-04,0.0
1960-10-05,3.9630468e-05
1960-10-06,0.0011473497
1960-10-07,0.0006323655
1960-10-08,5.298191e-07
1960-10-09,1.3245477e-08
1960-10-10,3.4040875e-06
1960-10-11,1.886156e-05
1960-10-12,8.967188e-06
1960-10-13,0.0
1960-10-14,0.0
1960-10-15,0.0
1960-10-16,0.0
1960-10-17,0.0
1960-10-18,0.0
1960-10-19,0.0
1960-10-20,0.0
1960-10-21,0.0
1960-10-22,0.0
1960-10-23,1.5894572e-07
1960-10-24,5.8545007e-05
1960-10-25,0.0
1960-10-26,0.000344846
1960-10-27,0.0
1960-10-28,1.05963814e-07
1960-10-29,0.0
1960-10-30,0.0
1960-10-31,0.0
1960-11-01,0.0
1960-11-02,0.0
1960-11-03,0.00013177925
1960-11-04,0.0
1960-11-05,2.834532e-06
1960-11-06,6.024043e-05
1960-11-07,0.00018367503
1960-11-08,2.3841858e-07
1960-11-09,0.0
1960-11-10,9.510252e-06
1960-11-11,0.00061602064
1960-11-12,0.0012229548
1960-11-13,0.0013295942
1960-11-14,0.00028701624
1960-11-15,3.5246212e-05
1960-11-16,1.11262e-06
1960-11-17,0.0001944436
1960-11-18,0.00084863766
1960-11-19,0.0
1960-11-20,1.8000603e-05
1960-11-21,5.528662e-05
1960-11-22,1.05963814e-07
1960-11-23,0.0006606645
1960-11-24,0.0014851226
1960-11-25,0.0025605494
1960-11-26,6.368425e-05
1960-11-27,3.1524235e-06
1960-11-28,0.0
1960-11-29,0.0
1960-11-30,0.0011762115
1960-12-01,0.003259182
1960-12-02,0.00067975785
1960-12-03,5.2981907e-08
1960-12-04,2.3312039e-06
1960-12-05,0.0
1960-12-06,0.0
1960-12-07,0.0
1960-12-08,0.0
1960-12-09,0.0
1960-12-10,0.00038301945
1960-12-11,7.126066e-05
1960-12-12,0.0
1960-12-13,0.0
1960-12-14,0.0
1960-12-15,0.00022723939
1960-12-16,0.0010975334
1960-12-17,0.0016262928
1960-12-18,0.0007620785
1960-12-19,0.0002597438
1960-12-20,0.0
1960-12-21,0.0
1960-12-22,0.0
1960-12-23,0.0
1960-12-24,0.0
1960-12-25,0.0
1960-12-26,2.3841858e-07
1960-12-27,0.0
1960-12-28,0.0
1960-12-29,0.0
1960-12-30,0.0
1960-12-31,0.0
1961-01-01,0.0
1961-01-02,0.0
1961-01-03,0.0
1961-01-04,0.0
1961-01-05,2.7338663e-05
1961-01-06,2.4583605e-05
1961-01-07,1.8808576e-05
1961-01-08,0.00038761564
1961-01-09,0.00043744512
1961-01-10,6.8876477e-07
1961-01-11,1.695421e-06
1961-01-12,0.0
1961-01-13,8.410878e-06
1961-01-14,5.2319633e-06
1961-01-15,0.0
1961-01-16,0.0
1961-01-17,0.0
1961-01-18,0.0
1961-01-19,0.0
1961-01-20,0.0
1961-01-21,0.0
1961-01-22,0.0
1961-01-23,5.1101048e-05
1961-01-24,1.05963814e-07
1961-01-25,3.9339066e-06
1961-01-26,0.00053426955
1961-01-27,0.00019503964
1961-01-28,2.278222e-06
1961-01-29,0.0012591151
1961-01-30,0.00093032257
1961-01-31,0.0024988917
1961-02-01,0.000148601
1961-02-02,0.0011602243
1961-02-03,0.00015830994
1961-02-04,0.0
1961-02-05,0.0
1961-02-06,0.00010247363
1961-02-07,1.9868214e-07
1961-02-08,0.0003625022
1961-02-09,0.0017563435
1961-02-10,0.0010032919
1961-02-11,0.0022424592
1961-02-12,0.00021424558
1961-02-13,0.0003943311
1961-02-14,0.00052058697
1961-02-15,0.00110005
1961-02-16,1.5603171e-05
1961-02-17,9.708934e-06
1961-02-18,1.4570024e-07
1961-02-19,0.0
1961-02-20,0.0
1961-02-21,0.0
1961-02-22,7.5300536e-06
1961-02-23,0.0
1961-02-24,1.6874737e-05
1961-02-25,4.133913e-05
1961-02-26,5.2981907e-08
1961-02-27,6.013446e-06
1961-02-28,1.05963814e-07
1961-03-01,6.1406026e-05
1961-03-02,0.000103354454
1961-03-03,5.2981907e-08
1961-03-04,2.3179584e-05
1961-03-05,0.00080761645
1961-03-06,0.00051050715
1961-03-07,2.6490953e-08
1961-03-08,0.00037195947
1961-03-09,0.00041622587
1961-03-10,0.0001804034
1961-03-11,0.00028487048
1961-03-12,9.1804395e-05
1961-03-13,0.0001737674
1961-03-14,0.00052136846
1961-03-15,0.0015755229
1961-03-16,0.00014360745
1961-03-17,0.0006644196
1961-03-18,2.1192763e-07
1961-03-19,0.00076109834
1961-03-20,0.000114162765
1961-03-21,0.0
1961-03-22,0.00033126937
1961-03-23,0.00013826291
1961-03-24,0.0008761088
1961-03-25,0.00015693241
1961-03-26,0.00071879226
1961-03-27,0.0001926687
1961-03-28,0.0
1961-03-29,0.0
1961-03-30,1.3245477e-08
1961-03-31,3.5365422e-06
1961-04-01,0.0
1961-04-02,0.0
1961-04-03,0.0
1961-04-04,0.0
1961-04-05,0.0
1961-04-06,0.0
1961-04-07,0.0
1961-04-08,0.0
1961-04-09,0.0
1961-04-10,0.0
1961-04-11,0.0
1961-04-12,0.00032126904
1961-04-13,2.6490953e-08
1961-04-14,0.0
1961-04-15,0.0
1961-04-16,3.112687e-06
1961-04-17,0.0
1961-04-18,3.1312306e-05
1961-04-19,2.6490953e-08
1961-04-20,1.5113089e-05
1961-04-21,0.0009377797
1961-04-22,0.0011934439
1961-04-23,0.00047787032
1961-04-24,2.5166405e-06
1961-04-25,0.0
1961-04-26,0.0
1961-04-27,0.0
1961-04-28,3.5762787e-07
1961-04-29,0.00072052743
1961-04-30,3.9074157e-06
1961-05-01,0.00060931843
1961-05-02,6.225374e-07
1961-05-03,2.1192763e-07
1961-05-04,8.291669e-06
1961-05-05,2.6053853e-05
1961-05-06,0.0005591975
1961-05-07,3.2040807e-05
1961-05-08,0.0
1961-05-09,0.00054303807
1961-05-10,0.0012234184
1961-05-11,0.0011227264
1961-05-12,1.05963814e-07
1961-05-13,0.0
1961-05-14,1.5762117e-06
1961-05-15,0.0
1961-05-16,0.0
1961-05-17,2.7484364e-05
1961-05-18,0.0
1961-05-19,2.193451e-05
1961-05-20,8.995003e-05
1961-05-21,4.394849e-05
1961-05-22,4.5961806e-06
1961-05-23,3.961722e-05
1961-05-24,0.0
1961-05-25,2.9007595e-06
1961-05-26,0.00022118622
1961-05-27,2.6490954e-07
1961-05-28,2.3974312e-06
1961-05-29,2.3735895e-05
1961-05-30,0.00019564893
1961-05-31,2.7683045e-06
1961-06-01,0.00011034807
1961-06-02,8.5632004e-05
1961-06-03,3.606743e-05
1961-06-04,4.1272906e-05
1961-06-05,0.0
1961-06-06,0.00016429689
1961-06-07,3.0729507e-06
1961-06-08,2.5166406e-07
1961-06-09,0.0
1961-06-10,0.0
1961-06-11,1.513958e-05
1961-06-12,1.5894572e-07
1961-06-13,0.0
1961-06-14,0.0
1961-06-15,0.0
1961-06-16,0.0
1961-06-17,0.0
1961-06-18,0.0
1961-06-19,0.0
1961-06-20,0.0
1961-06-21,0.0
1961-06-22,0.0
1961-06-23,0.0
1961-06-24,0.0
1961-06-25,0.0
1961-06-26,1.7881393e-06
1961-06-27,0.0
1961-06-28,1.8543668e-07
1961-06-29,0.0
1961-06-30,0.0
1961-07-01,0.0
1961-07-02,2.278222e-06
1961-07-03,0.0
1961-07-04,6.278356e-06
1961-07-05,6.6889656e-06
1961-07-06,0.0
1961-07-07,0.0
1961-07-08,0.0
1961-07-09,0.0
1961-07-10,0.0
1961-07-11,0.0
1961-07-12,2.3762384e-05
1961-07-13,9.165869e-06
1961-07-14,0.0
1961-07-15,0.0
1961-07-16,0.0
1961-07-17,0.0
1961-07-18,0.0
1961-07-19,0.0
1961-07-20,0.0
1961-07-21,0.0
1961-07-22,0.0
1961-07-23,0.0
1961-07-24,0.0
1961-07-25,0.0
1961-07-26,0.0
1961-07-27,0.0
1961-07-28,0.0
1961-07-29,0.0
1961-07-30,0.0
1961-07-31,0.0
1961-08-01,0.0
1961-08-02,0.0
1961-08-03,5.298191e-07
1961-08-04,2.0398033e-06
1961-08-05,9.524822e-05
1961-08-06,6.841289e-05
1961-08-07,2.8451284e-05
1961-08-08,1.2954076e-05
1961-08-09,0.0
1961-08-10,0.0
1961-08-11,2.4504131e-06
1961-08-12,0.000105937324
1961-08-13,2.2424592e-05
1961-08-14,9.510252e-06
1961-08-15,3.3113693e-06
1961-08-16,5.2981907e-08
1961-08-17,0.0
1961-08-18,0.0
1961-08-19,2.9140048e-07
1961-08-20,0.0
1961-08-21,0.0
1961-08-22,0.0
1961-08-23,0.0
1961-08-24,0.0
1961-08-25,0.0
1961-08-26,7.536676e-06
1961-08-27,1.7245611e-05
1961-08-28,4.447831e-05
1961-08-29,3.9233102e-05
1961-08-30,2.3841858e-07
1961-08-31,1.05963814e-07
1961-09-01,1.2689166e-05
1961-09-02,0.0
1961-09-03,0.0
1961-09-04,0.0
1961-09-05,0.0
1961-09-06,0.0
1961-09-07,3.4438239e-07
1961-09-08,0.0
1961-09-09,0.0
1961-09-10,0.0
1961-09-11,0.0
1961-09-12,0.0
1961-09-13,0.0
1961-09-14,1.48614245e-05
1961-09-15,5.241235e-05
1961-09-16,0.0012074047
1961-09-17,0.0001819465
1961-09-18,5.9604645e-08
1961-09-19,0.0
1961-09-20,0.0
1961-09-21,0.0
1961-09-22,0.0
1961-09-23,0.0
1961-09-24,0.0
1961-09-25,0.0
1961-09-26,0.0
1961-09-27,0.0
1961-09-28,0.0
1961-09-29,0.0
1961-09-30,0.0
1961-10-01,0.0
1961-10-02,0.0
1961-10-03,0.0
1961-10-04,0.0
1961-10-05,0.0
1961-10-06,0.0
1961-10-07,4.5431984e-06
1961-10-08,0.0
1961-10-09,0.0
1961-10-10,0.00010366572
1961-10-11,0.0006732543
1961-10-12,1.8199285e-05
1961-10-13,0.0
1961-10-14,0.0
1961-10-15,0.0
1961-10-16,0.0
1961-10-17,0.0
1961-10-18,0.0
1961-10-19,0.0
1961-10-20,0.00022131867
1961-10-21,3.7021106e-05
1961-10-22,0.0
1961-10-23,4.887581e-06
1961-10-24,1.7748939e-06
1961-10-25,4.675653e-06
1961-10-26,0.00035170713
1961-10-27,0.000765774
1961-10-28,2.1855036e-05
1961-10-29,0.0
1961-10-30,0.0
1961-10-31,0.0
1961-11-01,9.006924e-06
1961-11-02,2.556377e-06
1961-11-03,8.477105e-07
1961-11-04,2.8212864e-06
1961-11-05,0.0
1961-11-06,0.0
1961-11-07,0.0
1961-11-08,0.0
1961-11-09,0.0
1961-11-10,8.375115e-05
1961-11-11,1.7219119e-07
1961-11-12,0.0
1961-11-13,0.0
1961-11-14,0.0
1961-11-15,0.0
1961-11-16,0.0
1961-11-17,0.0
1961-11-18,1.7748939e-06
1961-11-19,0.00020311939
1961-11-20,0.0003270838
1961-11-21,3.789531e-05
1961-11-22,0.00053650804
1961-11-23,0.0015835762
1961-11-24,0.0013453828
1961-11-25,0.0017177793
1961-11-26,0.0006862746
1961-11-27,2.8630098e-05
1961-11-28,1.1457337e-06
1961-11-29,0.0011659464
1961-11-30,0.0015395747
1961-12-01,0.0012785462
1961-12-02,0.000408517
1961-12-03,0.00010754002
1961-12-04,0.0
1961-12-05,1.3245477e-07
1961-12-06,0.0
1961-12-07,0.0
1961-12-08,1.4834934e-06
1961-12-09,1.4570024e-07
1961-12-10,6.568432e-05
1961-12-11,0.0
1961-12-12,1.7748939e-06
1961-12-13,3.6199886e-05
1961-12-14,0.00024496185
1961-12-15,6.914139e-06
1961-12-16,3.2981236e-06
1961-12-17,0.0006346438
1961-12-18,0.0007070303
1961-12-19,0.0011648801
1961-12-20,0.0012488365
1961-12-21,0.00028693676
1961-12-22,0.0
1961-12-23,0.0
1961-12-24,0.0
1961-12-25,4.6226714e-06
1961-12-26,0.0
1961-12-27,1.7881393e-07
1961-12-28,2.251731e-07
1961-12-29,0.0
1961-12-30,0.0
1961-12-31,0.0
1962-01-01,0.0
1962-01-02,0.0
1962-01-03,9.3181925e-06
1962-01-04,0.0
1962-01-05,0.0
1962-01-06,0.0
1962-01-07,0.0
1962-01-08,0.0
1962-01-09,0.0
1962-01-10,0.0
1962-01-11,0.0
1962-01-12,0.00019396676
1962-01-13,3.3219654e-05
1962-01-14,0.0
1962-01-15,6.0929193e-07
1962-01-16,0.0
1962-01-17,0.0
1962-01-18,0.00022837851
1962-01-19,0.0020081864
1962-01-20,0.0007699861
1962-01-21,2.3709404e-06
1962-01-22,0.0
1962-01-23,0.0
1962-01-24,0.0
1962-01-25,0.0
1962-01-26,0.0
1962-01-27,0.0
1962-01-28,0.0
1962-01-29,0.0
1962-01-30,0.0
1962-01-31,0.0
1962-02-01,0.0
1962-02-02,0.0
1962-02-03,0.0
1962-02-04,0.0
1962-02-05,0.0
1962-02-06,0.0005681515
1962-02-07,0.0009758406
1962-02-08,0.0011842913
1962-02-09,0.0020547574
1962-02-10,0.0011636019
1962-02-11,7.625421e-05
1962-02-12,0.00078264874
1962-02-13,0.0019039181
1962-02-14,0.00022474925
1962-02-15,0.0011669397
1962-02-16,0.0006995334
1962-02-17,0.00025131967
1962-02-18,0.0006111066
1962-02-19,3.8756265e-05
1962-02-20,1.8119812e-05
1962-02-21,1.1920929e-07
1962-02-22,0.0
1962-02-23,2.2252401e-05
1962-02-24,1.7907885e-05
1962-02-25,1.7881393e-06
1962-02-26,1.1920929e-07
1962-02-27,0.0
1962-02-28,0.00044374334
1962-03-01,0.0010240475
1962-03-02,0.00047355227
1962-03-03,0.00023664368
1962-03-04,4.7882397e-05
1962-03-05,0.0006636381
1962-03-06,0.0011206336
1962-03-07,9.0665286e-05
1962-03-08,2.6490953e-08
1962-03-09,1.3318327e-05
1962-03-10,4.735258e-05
1962-03-11,8.5936656e-05
1962-03-12,3.698137e-05
1962-03-13,0.0
1962-03-14,2.556377e-06
1962-03-15,0.00036254193
1962-03-16,0.0003812578
1962-03-17,1.5828344e-05
1962-03-18,0.0
1962-03-19,0.0
1962-03-20,0.00044724677
1962-03-21,0.00013718341
1962-03-22,0.001061625
1962-03-23,9.006924e-07
1962-03-24,1.3364686e-05
1962-03-25,1.4543533e-05
1962-03-26,0.0
1962-03-27,0.0
1962-03-28,0.0
1962-03-29,2.6490953e-08
1962-03-30,5.2981907e-08
1962-03-31,0.0
1962-04-01,3.2054054e-06
1962-04-02,4.2385525e-07
1962-04-03,0.0
1962-04-04,6.490284e-07
1962-04-05,0.0
1962-04-06,0.0
1962-04-07,0.0
1962-04-08,0.0
1962-04-09,0.0
1962-04-10,0.0
1962-04-11,0.0
1962-04-12,0.0
1962-04-13,0.0
1962-04-14,4.7683716e-07
1962-04-15,1.11262e-06
1962-04-16,0.0
1962-04-17,0.0
1962-04-18,0.0
1962-04-19,0.00023110707
1962-04-20,8.0797406e-07
1962-04-21,0.0
1962-04-22,0.0
1962-04-23,0.0
1962-04-24,1.1642774e-05
1962-04-25,2.251731e-06
1962-04-26,0.0
1962-04-27,0.00079078146
1962-04-28,0.00012236171
1962-04-29,1.3377932e-06
1962-04-30,0.0
1962-05-01,4.0398703e-05
1962-05-02,3.973643e-08
1962-05-03,8.4148516e-05
1962-05-04,7.285012e-08
1962-05-05,0.0
1962-05-06,0.0
1962-05-07,2.5365087e-05
1962-05-08,9.724829e-05
1962-05-09,0.00017404556
1962-05-10,0.00013603104
1962-05-11,0.00011763308
1962-05-12,1.1285146e-05
1962-05-13,3.414684e-05
1962-05-14,1.2702412e-05
1962-05-15,1.0596381e-05
1962-05-16,5.1657357e-06
1962-05-17,6.9671205e-06
1962-05-18,0.0002936522
1962-05-19,4.0305986e-05
1962-05-20,4.3710074e-07
1962-05-21,0.0
1962-05-22,5.642573e-06
1962-05-23,6.804201e-05
1962-05-24,1.4503797e-05
1962-05-25,4.280938e-05
1962-05-26,8.8612236e-05
1962-05-27,7.285012e-07
1962-05-28,4.2147105e-05
1962-05-29,2.9669868e-06
1962-05-30,0.0
1962-05-31,0.0
1962-06-01,0.0
1962-06-02,0.0
1962-06-03,1.2583203e-06
1962-06-04,0.0
1962-06-05,0.0
1962-06-06,0.0
1962-06-07,0.0
1962-06-08,0.0
1962-06-09,0.0
1962-06-10,9.006924e-07
1962-06-11,0.0
1962-06-12,0.0
1962-06-13,3.112687e-07
1962-06-14,9.258588e-06
1962-06-15,4.0902032e-05
1962-06-16,0.0
1962-06-17,0.0
1962-06-18,0.0
1962-06-19,9.271834e-08
1962-06-20,0.0
1962-06-21,0.0
1962-06-22,0.0
1962-06-23,0.0
1962-06-24,0.0
1962-06-25,0.0
1962-06-26,0.0
1962-06-27,0.0
1962-06-28,0.0
1962-06-29,0.0
1962-06-30,0.0
1962-07-01,0.0
1962-07-02,0.0
1962-07-03,0.0
1962-07-04,0.0
1962-07-05,0.0
1962-07-06,0.0
1962-07-07,0.0
1962-07-08,0.0
1962-07-09,0.0
1962-07-10,2.6490953e-08
1962-07-11,0.0
1962-07-12,0.0
1962-07-13,0.0
1962-07-14,0.0
1962-07-15,0.0
1962-07-16,0.0
1962-07-17,0.0
1962-07-18,0.0
1962-07-19,0.0
1962-07-20,7.947286e-08
1962-07-21,0.0
1962-07-22,0.0
1962-07-23,0.0
1962-07-24,0.0
1962-07-25,0.0
1962-07-26,0.0
1962-07-27,1.05963814e-07
1962-07-28,1.3245477e-07
1962-07-29,4.6491623e-06
1962-07-30,7.1525574e-07
1962-07-31,0.0
1962-08-01,1.3245477e-08
1962-08-02,0.0
1962-08-03,6.8744025e-06
1962-08-04,0.00034597184
1962-08-05,2.3841858e-07
1962-08-06,2.529886e-06
1962-08-07,0.0006010665
1962-08-08,0.0002685454
1962-08-09,0.0002964735
1962-08-10,0.0
1962-08-11,0.0
1962-08-12,0.0
1962-08-13,0.0
1962-08-14,0.0
1962-08-15,0.0
1962-08-16,0.0
1962-08-17,1.7907885e-05
1962-08-18,7.947286e-08
1962-08-19,0.0
1962-08-20,8.278423e-06
1962-08-21,0.0
1962-08-22,0.0
1962-08-23,0.0
1962-08-24,0.0
1962-08-25,0.0
1962-08-26,0.0
1962-08-27,0.0
1962-08-28,0.0
1962-08-29,0.0
1962-08-30,0.0
1962-08-31,0.0
1962-09-01,0.0
1962-09-02,5.2981907e-08
1962-09-03,3.086196e-06
1962-09-04,0.0
1962-09-05,3.1789145e-07
1962-09-06,1.5099844e-06
1962-09-07,0.0
1962-09-08,0.0
1962-09-09,0.0
1962-09-10,0.0
1962-09-11,1.66893e-06
1962-09-12,3.3511055e-06
1962-09-13,3.5762787e-07
1962-09-14,1.0066562e-06
1962-09-15,0.0
1962-09-16,0.0
1962-09-17,0.0
1962-09-18,0.0
1962-09-19,0.0
1962-09-20,8.477105e-07
1962-09-21,0.0
1962-09-22,0.0
1962-09-23,0.0
1962-09-24,0.0
1962-09-25,0.0
1962-09-26,1.9603306e-06
1962-09-27,1.8397966e-05
1962-09-28,0.00068174466
1962-09-29,0.00014665391
1962-09-30,0.0
1962-10-01,0.0
1962-10-02,7.0412956e-05
1962-10-03,5.9339736e-06
1962-10-04,1.7669467e-05
1962-10-05,0.0
1962-10-06,0.0
1962-10-07,7.343292e-05
1962-10-08,0.00046911504
1962-10-09,0.0019786225
1962-10-10,0.0011530188
1962-10-11,0.0017440319
1962-10-12,0.0047372845
1962-10-13,0.0018056234
1962-10-14,0.001076036
1962-10-15,6.6227386e-08
1962-10-16,0.0
1962-10-17,0.0
1962-10-18,0.0
1962-10-19,0.0
1962-10-20,0.0
1962-10-21,0.0
1962-10-22,0.0
1962-10-23,0.0
1962-10-24,0.0
1962-10-25,0.0
1962-10-26,2.6490953e-08
1962-10-27,0.0
1962-10-28,0.0
1962-10-29,0.0
1962-10-30,0.0
1962-10-31,0.0
1962-11-01,0.0
1962-11-02,0.0
1962-11-03,0.0
1962-11-04,0.0
1962-11-05,3.627936e-05
1962-11-06,0.0
1962-11-07,0.0
1962-11-08,0.0
1962-11-09,0.00036968125
1962-11-10,0.00019881461
1962-11-11,0.0002808968
1962-11-12,0.0005464156
1962-11-13,5.761782e-06
1962-11-14,0.0
1962-11-15,3.973643e-07
1962-11-16,3.39614e-05
1962-11-17,3.0093723e-05
1962-11-18,6.8876477e-07
1962-11-19,0.0
1962-11-20,0.0
1962-11-21,1.3245477e-07
1962-11-22,7.711517e-05
1962-11-23,2.6490953e-08
1962-11-24,3.8531092e-05
1962-11-25,6.927384e-05
1962-11-26,0.0013508267
1962-11-27,0.00017779403
1962-11-28,8.90096e-06
1962-11-29,0.0
1962-11-30,4.1226547e-05
1962-12-01,0.0001688136
1962-12-02,0.0023978155
1962-12-03,0.0005786419
1962-12-04,0.0
1962-12-05,0.0
1962-12-06,0.0
1962-12-07,0.0
1962-12-08,0.0
1962-12-09,0.0
1962-12-10,0.0
1962-12-11,0.0
1962-12-12,0.0
1962-12-13,4.3710074e-07
1962-12-14,0.00013830926
1962-12-15,0.0030093326
1962-12-16,0.0010113186
1962-12-17,0.00085176365
1962-12-18,4.7273104e-05
1962-12-19,0.0
1962-12-20,0.0
1962-12-21,0.0
1962-12-22,2.6226044e-06
1962-12-23,0.0
1962-12-24,0.0
1962-12-25,0.0
1962-12-26,0.0
1962-12-27,0.0
1962-12-28,0.0
1962-12-29,0.0
1962-12-30,8.569823e-06
1962-12-31,2.4901497e-06
1963-01-01,0.0
1963-01-02,0.0
1963-01-03,9.4042883e-07
1963-01-04,0.0
1963-01-05,0.0
1963-01-06,0.0
1963-01-07,0.0
1963-01-08,0.0
1963-01-09,0.0
1963-01-10,3.973643e-07
1963-01-11,0.0
1963-01-12,0.0
1963-01-13,0.0
1963-01-14,0.0
1963-01-15,0.0
1963-01-16,0.0
1963-01-17,0.0
1963-01-18,0.0
1963-01-19,0.0
1963-01-20,0.0
1963-01-21,0.0
1963-01-22,0.0
1963-01-23,0.0
1963-01-24,0.0
1963-01-25,0.0
1963-01-26,0.0
1963-01-27,0.0
1963-01-28,1.5616417e-05
1963-01-29,0.0005185604
1963-01-30,0.0016272068
1963-01-31,0.0024402407
1963-02-01,0.0015685824
1963-02-02,0.0014465717
1963-02-03,0.00076564815
1963-02-04,0.0008564128
1963-02-05,0.00030644736
1963-02-06,0.00051666633
1963-02-07,9.2718335e-07
1963-02-08,0.0008555121
1963-02-09,0.00010320875
1963-02-10,0.0004562272
1963-02-11,6.6227386e-08
1963-02-12,0.000105407504
1963-02-13,0.00070856675
1963-02-14,3.8471488e-05
1963-02-15,5.2981907e-08
1963-02-16,0.00025300184
1963-02-17,4.092852e-06
1963-02-18,2.6596917e-05
1963-02-19,8.742015e-07
1963-02-20,0.00020747715
1963-02-21,1.5417734e-05
1963-02-22,0.0
1963-02-23,0.0
1963-02-24,0.0
1963-02-25,1.7093287e-05
1963-02-26,9.86788e-06
1963-02-27,0.0
1963-02-28,0.0
1963-03-01,0.0
1963-03-02,1.3868014e-05
1963-03-03,8.2121954e-07
1963-03-04,0.0
1963-03-05,7.894304e-06
1963-03-06,4.9551327e-05
1963-03-07,4.0067567e-05
1963-03-08,0.00016953547
1963-03-09,8.467833e-05
1963-03-10,5.2981907e-08
1963-03-11,5.2981907e-08
1963-03-12,4.6359168e-07
1963-03-13,0.0
1963-03-14,0.0004986127
1963-03-15,8.410878e-06
1963-03-16,0.00096848275
1963-03-17,8.543995e-05
1963-03-18,0.0
1963-03-19,0.0
1963-03-20,0.0
1963-03-21,1.0596382e-06
1963-03-22,3.657076e-05
1963-03-23,0.0014657842
1963-03-24,6.7194305e-05
1963-03-25,0.0
1963-03-26,0.00036674074
1963-03-27,0.0018636121
1963-03-28,0.0014829636
1963-03-29,0.00108246
1963-03-30,0.001413544
1963-03-31,0.00082855753
1963-04-01,2.692143e-05
1963-04-02,2.6490954e-07
1963-04-03,9.718206e-05
1963-04-04,3.2689837e-05
1963-04-05,0.00078370835
1963-04-06,0.0014804867
1963-04-07,0.0008797248
1963-04-08,0.00051102374
1963-04-09,0.0006593532
1963-04-10,0.00068398315
1963-04-11,3.7749607e-05
1963-04-12,0.0005978677
1963-04-13,0.0005748537
1963-04-14,0.0014818641
1963-04-15,0.00075822405
1963-04-16,2.7073755e-05
1963-04-17,4.172325e-06
1963-04-18,0.00025040575
1963-04-19,0.0006295045
1963-04-20,4.42134e-05
1963-04-21,7.934041e-06
1963-04-22,0.0001633962
1963-04-23,0.0
1963-04-24,7.775095e-06
1963-04-25,0.00042472946
1963-04-26,1.2053384e-05
1963-04-27,3.4305785e-06
1963-04-28,0.0
1963-04-29,5.443891e-06
1963-04-30,5.2981907e-08
1963-05-01,6.0929193e-07
1963-05-02,1.9974179e-05
1963-05-03,0.00023639202
1963-05-04,0.00028985075
1963-05-05,0.00047613514
1963-05-06,3.627936e-05
1963-05-07,0.00055281323
1963-05-08,0.00026890967
1963-05-09,0.0003769133
1963-05-10,0.0004274845
1963-05-11,0.0006275044
1963-05-12,1.7245611e-05
1963-05-13,3.1987827e-05
1963-05-14,3.1789145e-07
1963-05-15,6.6227386e-08
1963-05-16,0.0
1963-05-17,0.0
1963-05-18,0.0
1963-05-19,2.6490952e-06
1963-05-20,1.6755528e-05
1963-05-21,6.0611303e-05
1963-05-22,0.00016183323
1963-05-23,7.959207e-05
1963-05-24,2.3113356e-05
1963-05-25,2.3312039e-06
1963-05-26,4.172325e-06
1963-05-27,1.3775295e-06
1963-05-28,4.021327e-05
1963-05-29,0.00018439029
1963-05-30,4.0425195e-05
1963-05-31,1.3126268e-05
1963-06-01,5.8280096e-07
1963-06-02,1.2583203e-06
1963-06-03,6.6227386e-08
1963-06-04,2.9140048e-07
1963-06-05,1.8278757e-06
1963-06-06,0.0
1963-06-07,1.3245477e-08
1963-06-08,0.0
1963-06-09,0.0
1963-06-10,1.601378e-05
1963-06-11,0.0
1963-06-12,3.112687e-06
1963-06-13,7.4572035e-06
1963-06-14,7.1525574e-07
1963-06-15,0.0
1963-06-16,6.4002146e-05
1963-06-17,2.307362e-05
1963-06-18,2.6490953e-08
1963-06-19,3.1789145e-07
1963-06-20,2.1206008e-05
1963-06-21,1.4570024e-07
1963-06-22,0.00013780594
1963-06-23,3.0994415e-06
1963-06-24,0.0
1963-06-25,0.0
1963-06-26,2.609359e-06
1963-06-27,2.4901497e-06
1963-06-28,0.00013495816
1963-06-29,0.0
1963-06-30,0.0
1963-07-01,0.0
1963-07-02,0.0
1963-07-03,0.0
1963-07-04,3.311369e-07
1963-07-05,7.285012e-07
1963-07-06,7.544624e-05
1963-07-07,5.458461e-05
1963-07-08,2.6490954e-07
1963-07-09,0.0
1963-07-10,0.0
1963-07-11,0.0
1963-07-12,0.0
1963-07-13,1.4834934e-06
1963-07-14,3.1789145e-07
1963-07-15,1.4570024e-06
1963-07-16,6.622738e-07
1963-07-17,1.736482e-05
1963-07-18,0.0
1963-07-19,0.0
1963-07-20,0.0
1963-07-21,0.0
1963-07-22,0.0
1963-07-23,0.0
1963-07-24,0.0
1963-07-25,0.0
1963-07-26,0.0
1963-07-27,0.0
1963-07-28,0.0
1963-07-29,0.0
1963-07-30,0.0
1963-07-31,0.0
1963-08-01,0.0
1963-08-02,0.0
1963-08-03,0.0
1963-08-04,0.0
1963-08-05,0.0
1963-08-06,0.0
1963-08-07,0.0
1963-08-08,1.3920996e-05
1963-08-09,5.7379406e-05
1963-08-10,2.0451016e-05
1963-08-11,0.0
1963-08-12,0.0
1963-08-13,0.0
1963-08-14,0.0
1963-08-15,0.0
1963-08-16,0.0
1963-08-17,0.0
1963-08-18,0.0
1963-08-19,0.0
1963-08-20,0.0
1963-08-21,0.0
1963-08-22,5.8280096e-07
1963-08-23,6.866455e-05
1963-08-24,1.086129e-06
1963-08-25,0.0
1963-08-26,0.0
1963-08-27,0.0
1963-08-28,0.0
1963-08-29,0.0
1963-08-30,7.8015855e-06
1963-08-31,7.947286e-07
1963-09-01,0.0
1963-09-02,0.0
1963-09-03,0.0
1963-09-04,0.0
1963-09-05,0.0
1963-09-06,1.3245477e-07
1963-09-07,0.0
1963-09-08,7.417467e-06
1963-09-09,5.695555e-07
1963-09-10,0.0
1963-09-11,0.0
1963-09-12,0.0
1963-09-13,5.8677462e-05
1963-09-14,0.0
1963-09-15,5.7352913e-06
1963-09-16,0.0
1963-09-17,5.8280098e-06
1963-09-18,1.66893e-06
1963-09-19,2.026558e-06
1963-09-20,9.801653e-07
1963-09-21,0.0
1963-09-22,0.000117354924
1963-09-23,6.159147e-06
1963-09-24,0.0
1963-09-25,0.0
1963-09-26,0.0
1963-09-27,4.2385527e-06
1963-09-28,0.0
1963-09-29,0.0
1963-09-30,0.0
1963-10-01,0.0
1963-10-02,0.0
1963-10-03,0.0
1963-10-04,0.0
1963-10-05,0.00048646663
1963-10-06,0.00021576881
1963-10-07,0.0
1963-10-08,1.1642774e-05
1963-10-09,4.45048e-06
1963-10-10,7.881059e-06
1963-10-11,0.0014149216
1963-10-12,7.947286e-07
1963-10-13,0.0
1963-10-14,2.6490953e-08
1963-10-15,0.00012750096
1963-10-16,4.6226714e-06
1963-10-17,0.0
1963-10-18,8.742015e-07
1963-10-19,6.34061e-05
1963-10-20,0.00013171302
1963-10-21,4.1471587e-05
1963-10-22,0.00024166371
1963-10-23,0.00027607547
1963-10-24,3.973643e-07
1963-10-25,9.0056e-05
1963-10-26,0.0
1963-10-27,0.0
1963-10-28,9.536743e-07
1963-10-29,1.0371208e-05
1963-10-30,3.0358633e-05
1963-10-31,0.0
1963-11-01,0.0
1963-11-02,4.658434e-05
1963-11-03,0.00035315088
1963-11-04,0.0013466676
1963-11-05,0.0007580254
1963-11-06,0.0012561745
1963-11-07,7.491642e-05
1963-11-08,0.0014416245
1963-11-09,0.000719289
1963-11-10,9.4042883e-07
1963-11-11,0.0
1963-11-12,0.0
1963-11-13,4.4200155e-05
1963-11-14,0.0019683044
1963-11-15,0.00039194027
1963-11-16,3.9339066e-06
1963-11-17,0.000102334554
1963-11-18,7.947286e-06
1963-11-19,0.0016153654
1963-11-20,0.00020134449
1963-11-21,0.0
1963-11-22,1.6715792e-05
1963-11-23,0.0021364028
1963-11-24,0.00018265512
1963-11-25,0.0
1963-11-26,0.0
1963-11-27,0.0
1963-11-28,0.0
1963-11-29,0.0
1963-11-30,0.0
1963-12-01,0.0
1963-12-02,0.0
1963-12-03,0.0
1963-12-04,0.0
1963-12-05,0.0
1963-12-06,1.2026892e-05
1963-12-07,0.0
1963-12-08,0.00031261973
1963-12-09,0.00010163254
1963-12-10,5.2981907e-08
1963-12-11,0.0
1963-12-12,0.0
1963-12-13,0.0
1963-12-14,1.5364753e-06
1963-12-15,0.0
1963-12-16,0.0
1963-12-17,0.0
1963-12-18,1.7987357e-05
1963-12-19,7.996956e-05
1963-12-20,0.00036787987
1963-12-21,3.0106969e-05
1963-12-22,0.0
1963-12-23,0.0
1963-12-24,0.0
1963-12-25,0.00012891823
1963-12-26,4.8293008e-05
1963-12-27,1.5232298e-05
1963-12-28,1.7258855e-05
1963-12-29,0.0
1963-12-30,0.0
1963-12-31,0.0
1964-01-01,0.00013056066
1964-01-02,1.2026892e-05
1964-01-03,0.0
1964-01-04,0.0
1964-01-05,0.0
1964-01-06,0.0002001524
1964-01-07,9.140703e-05
1964-01-08,0.0
1964-01-09,0.00016505188
1964-01-10,5.8558253e-05
1964-01-11,0.0
1964-01-12,1.3245477e-08
1964-01-13,0.00010433462
1964-01-14,0.00011826886
1964-01-15,0.0
1964-01-16,0.000140561
1964-01-17,0.0010170937
1964-01-18,0.0004292064
1964-01-19,0.0011817879
1964-01-20,0.003814916
1964-01-21,0.0010195044
1964-01-22,0.00041092106
1964-01-23,0.00015828345
1964-01-24,0.0002872149
1964-01-25,0.0005053282
1964-01-26,5.536609e-06
1964-01-27,0.0
1964-01-28,0.0
1964-01-29,0.00010792414
1964-01-30,1.5894572e-06
1964-01-31,1.8146303e-06
1964-02-01,3.25044e-05
1964-02-02,0.0
1964-02-03,0.0
1964-02-04,0.0
1964-02-05,0.0
1964-02-06,0.0
1964-02-07,0.0
1964-02-08,0.0
1964-02-09,0.0
1964-02-10,7.669131e-06
1964-02-11,4.2385525e-07
1964-02-12,0.0
1964-02-13,4.1060977e-07
1964-02-14,0.0
1964-02-15,0.00037142966
1964-02-16,5.6558183e-06
1964-02-17,0.0
1964-02-18,0.0
1964-02-19,0.0
1964-02-20,0.0
1964-02-21,0.0
1964-02-22,0.0
1964-02-23,0.0
1964-02-24,0.0
1964-02-25,0.0
1964-02-26,0.0
1964-02-27,0.0
1964-02-28,0.00016636318
1964-02-29,3.7087335e-07
1964-03-01,0.00077017146
1964-03-02,7.1260665e-06
1964-03-03,3.3511055e-06
1964-03-04,2.1192763e-07
1964-03-05,0.00012723605
1964-03-06,4.556444e-05
1964-03-07,2.1192763e-07
1964-03-08,0.0
1964-03-09,4.7008198e-05
1964-03-10,0.0
1964-03-11,0.00072525605
1964-03-12,0.0006236765
1964-03-13,0.000104255145
1964-03-14,7.947286e-07
1964-03-15,1.8543668e-07
1964-03-16,0.0
1964-03-17,0.0
1964-03-18,0.0
1964-03-19,0.0
1964-03-20,2.6888318e-05
1964-03-21,0.00020995404
1964-03-22,0.00047426752
1964-03-23,0.00019408597
1964-03-24,0.00018930435
1964-03-25,1.7219119e-07
1964-03-26,0.0
1964-03-27,0.0
1964-03-28,0.0
1964-03-29,0.0
1964-03-30,0.0
1964-03-31,0.0002578232
1964-04-01,0.00047499605
1964-04-02,7.987022e-06
1964-04-03,2.6490953e-08
1964-04-04,0.0
1964-04-05,5.695555e-06
1964-04-06,5.2981907e-08
1964-04-07,0.0
1964-04-08,7.549922e-07
1964-04-09,5.8611233e-05
1964-04-10,0.0
1964-04-11,0.0
1964-04-12,0.0
1964-04-13,0.0
1964-04-14,0.0
1964-04-15,0.0
1964-04-16,3.973643e-08
1964-04-17,4.3974983e-06
1964-04-18,7.0068572e-06
1964-04-19,4.8743354e-06
1964-04-20,2.000067e-06
1964-04-21,0.0
1964-04-22,3.2160016e-05
1964-04-23,1.572238e-05
1964-04-24,5.3114363e-06
1964-04-25,0.0
1964-04-26,0.0
1964-04-27,6.225374e-07
1964-04-28,3.276931e-05
1964-04-29,2.09411e-05
1964-04-30,1.6623073e-05
1964-05-01,0.00023104085
1964-05-02,2.307362e-05
1964-05-03,0.00070069893
1964-05-04,1.4702479e-06
1964-05-05,0.00014691883
1964-05-06,2.3841858e-07
1964-05-07,1.2371275e-05
1964-05-08,0.0
1964-05-09,0.0
1964-05-10,0.0
1964-05-11,0.0
1964-05-12,0.0
1964-05-13,2.7418137e-06
1964-05-14,0.0
1964-05-15,0.0
1964-05-16,1.4570024e-06
1964-05-17,2.1616617e-05
1964-05-18,0.0
1964-05-19,0.0
1964-05-20,1.139111e-06
1964-05-21,0.0
1964-05-22,0.0
1964-05-23,0.0
1964-05-24,2.3716026e-05
1964-05-25,1.14970735e-05
1964-05-26,6.0147708e-05
1964-05-27,2.1722582e-05
1964-05-28,7.393625e-05
1964-05-29,4.9008264e-07
1964-05-30,1.05963814e-07
1964-05-31,1.2980568e-06
1964-06-01,1.5510454e-05
1964-06-02,0.0
1964-06-03,0.0
1964-06-04,4.321999e-05
1964-06-05,1.3669332e-05
1964-06-06,0.0003291501
1964-06-07,0.00021057659
1964-06-08,0.0005030367
1964-06-09,0.0002719164
1964-06-10,7.9049e-05
1964-06-11,1.5099844e-06
1964-06-12,3.973643e-08
1964-06-13,0.0
1964-06-14,0.0
1964-06-15,8.132723e-05
1964-06-16,9.4917086e-05
1964-06-17,5.841255e-06
1964-06-18,1.5351507e-05
1964-06-19,0.0
1964-06-20,1.7219119e-07
1964-06-21,0.0
1964-06-22,0.0
1964-06-23,0.0
1964-06-24,0.0
1964-06-25,0.0
1964-06-26,4.0796067e-06
1964-06-27,0.0
1964-06-28,0.0
1964-06-29,0.0
1964-06-30,0.0
1964-07-01,1.3642841e-06
1964-07-02,0.0
1964-07-03,0.0
1964-07-04,1.3934241e-05
1964-07-05,0.0
1964-07-06,0.0
1964-07-07,0.0
1964-07-08,0.0
1964-07-09,0.0
1964-07-10,0.0
1964-07-11,9.271834e-08
1964-07-12,2.6490954e-07
1964-07-13,0.0
1964-07-14,1.1457338e-05
1964-07-15,3.6504534e-05
1964-07-16,0.0
1964-07-17,0.0
1964-07-18,0.0
1964-07-19,0.0
1964-07-20,0.0
1964-07-21,0.0
1964-07-22,0.0
1964-07-23,0.0
1964-07-24,0.0
1964-07-25,0.0
1964-07-26,0.0
1964-07-27,0.0
1964-07-28,0.0
1964-07-29,0.00010550022
1964-07-30,2.0444393e-05
1964-07-31,0.0
1964-08-01,1.9868214e-07
1964-08-02,0.0
1964-08-03,0.0
1964-08-04,0.0
1964-08-05,0.0
1964-08-06,0.0
1964-08-07,1.45170425e-05
1964-08-08,0.0
1964-08-09,0.0
1964-08-10,0.0
1964-08-11,0.0
1964-08-12,0.0
1964-08-13,0.0
1964-08-14,0.0
1964-08-15,0.0
1964-08-16,0.0
1964-08-17,0.0
1964-08-18,0.0
1964-08-19,0.0
1964-08-20,0.0
1964-08-21,0.0
1964-08-22,0.0
1964-08-23,0.0
1964-08-24,0.0
1964-08-25,0.0
1964-08-26,0.0
1964-08-27,0.0
1964-08-28,0.0
1964-08-29,0.0
1964-08-30,0.0
1964-08-31,0.00041139126
1964-09-01,0.00060339767
1964-09-02,0.0
1964-09-03,0.0
1964-09-04,0.0
1964-09-05,1.0622873e-05
1964-09-06,0.0
1964-09-07,0.0
1964-09-08,7.285012e-06
1964-09-09,4.2385525e-07
1964-09-10,0.0
1964-09-11,0.0
1964-09-12,0.0
1964-09-13,0.0
1964-09-14,0.0
1964-09-15,0.0
1964-09-16,0.0
1964-09-17,6.5432655e-06
1964-09-18,0.0
1964-09-19,0.0
1964-09-20,0.0
1964-09-21,0.0
1964-09-22,0.0
1964-09-23,0.0
1964-09-24,0.0
1964-09-25,0.0
1964-09-26,0.0
1964-09-27,0.0
1964-09-28,0.0
1964-09-29,0.0
1964-09-30,0.0
1964-10-01,0.0
1964-10-02,0.0
1964-10-03,0.0
1964-10-04,0.0
1964-10-05,2.1192763e-07
1964-10-06,0.0
1964-10-07,2.6490952e-06
1964-10-08,7.947286e-08
1964-10-09,0.0
1964-10-10,0.0
1964-10-11,0.0
1964-10-12,0.0
1964-10-13,0.0
1964-10-14,0.0
1964-10-15,1.8543668e-07
1964-10-16,0.0
1964-10-17,0.0
1964-10-18,0.0
1964-10-19,0.0
1964-10-20,0.0
1964-10-21,0.0
1964-10-22,0.0
1964-10-23,0.0
1964-10-24,0.0
1964-10-25,2.7683045e-06
1964-10-26,7.422765e-05
1964-10-27,0.00063416694
1964-10-28,0.0008107159
1964-10-29,0.00095690624
1964-10-30,5.9432452e-05
1964-10-31,0.0
1964-11-01,0.00061125227
1964-11-02,0.00026843284
1964-11-03,2.6490953e-08
1964-11-04,0.0
1964-11-05,0.0
1964-11-06,0.0
1964-11-07,0.0
1964-11-08,0.0008129411
1964-11-09,0.0018483135
1964-11-10,0.0012261735
1964-11-11,0.00093984604
1964-11-12,0.00064402155
1964-11-13,1.8662877e-05
1964-11-14,3.0312272e-05
1964-11-15,0.0
1964-11-16,0.0
1964-11-17,0.0
1964-11-18,0.0
1964-11-19,0.0
1964-11-20,0.0
1964-11-21,0.0
1964-11-22,0.00012114313
1964-11-23,0.0
1964-11-24,0.0001714627
1964-11-25,0.00029011568
1964-11-26,0.00036051538
1964-11-27,0.00048885745
1964-11-28,0.001737131
1964-11-29,8.690357e-05
1964-11-30,8.54863e-05
1964-12-01,0.00049602985
1964-12-02,0.00041302707
1964-12-03,9.026792e-06
1964-12-04,8.171135e-05
1964-12-05,1.8278757e-06
1964-12-06,0.0
1964-12-07,2.4769042e-06
1964-12-08,7.674429e-05
1964-12-09,4.3034554e-05
1964-12-10,0.0006392002
1964-12-11,0.00018590027
1964-12-12,0.0
1964-12-13,0.0
1964-12-14,3.5352175e-05
1964-12-15,0.00011134148
1964-12-16,3.973643e-08
1964-12-17,0.0
1964-12-18,0.00028247305
1964-12-19,0.0016374323
1964-12-20,0.001443757
1964-12-21,0.0028800566
1964-12-22,0.0047026607
1964-12-23,0.002344893
1964-12-24,0.0012843609
1964-12-25,0.00079133775
1964-12-26,0.002153708
1964-12-27,0.000646472
1964-12-28,0.000575655
1964-12-29,0.0007117457
1964-12-30,0.00069624186
1964-12-31,0.00013845497
1965-01-01,6.0929193e-07
1965-01-02,0.0010420217
1965-01-03,0.0014338427
1965-01-04,0.00047609542
1965-01-05,0.0015380316
1965-01-06,0.0016616848
1965-01-07,0.000112334885
1965-01-08,3.8411883e-07
1965-01-09,0.00018846989
1965-01-10,0.00037626424
1965-01-11,0.0004693005
1965-01-12,0.0
1965-01-13,0.0
1965-01-14,0.0
1965-01-15,0.0
1965-01-16,0.0
1965-01-17,0.0
1965-01-18,0.0
1965-01-19,0.00011666616
1965-01-20,2.861023e-06
1965-01-21,1.6199217e-05
1965-01-22,0.00010519558
1965-01-23,0.002011246
1965-01-24,0.00076731044
1965-01-25,9.891722e-05
1965-01-26,6.5883e-05
1965-01-27,2.6490953e-08
1965-01-28,2.9140048e-07
1965-01-29,1.4570024e-07
1965-01-30,0.0
1965-01-31,0.0
1965-02-01,0.0
1965-02-02,0.0
1965-02-03,0.0
1965-02-04,4.9802993e-06
1965-02-05,0.0008658038
1965-02-06,0.00017023087
1965-02-07,0.0
1965-02-08,0.0
1965-02-09,1.3245477e-08
1965-02-10,0.0
1965-02-11,0.0
1965-02-12,0.0
1965-02-13,4.070335e-05
1965-02-14,4.3094158e-05
1965-02-15,0.0
1965-02-16,0.0
1965-02-17,0.0
1965-02-18,0.0
1965-02-19,0.0
1965-02-20,0.0
1965-02-21,0.0
1965-02-22,2.6490953e-08
1965-02-23,0.0
1965-02-24,0.0
1965-02-25,0.0
1965-02-26,0.0
1965-02-27,0.00048194992
1965-02-28,0.0
1965-03-01,0.0
1965-03-02,0.0
1965-03-03,0.0
1965-03-04,0.0
1965-03-05,8.9115565e-05
1965-03-06,0.00018070804
1965-03-07,1.3305082e-05
1965-03-08,0.0
1965-03-09,0.0
1965-03-10,3.0438105e-05
1965-03-11,0.0
1965-03-12,0.0003205935
1965-03-13,1.569589e-05
1965-03-14,0.0
1965-03-15,0.0
1965-03-16,6.6227386e-08
1965-03-17,2.278222e-06
1965-03-18,0.0
1965-03-19,0.0
1965-03-20,0.0
1965-03-21,0.0
1965-03-22,0.0
1965-03-23,0.0
1965-03-24,3.9988096e-05
1965-03-25,5.3511725e-05
1965-03-26,0.00037780072
1965-03-27,0.00023421977
1965-03-28,2.8669834e-05
1965-03-29,2.3298793e-05
1965-03-30,3.5365422e-06
1965-03-31,2.0398034e-05
1965-04-01,0.0007254415
1965-04-02,0.0004503727
1965-04-03,9.57648e-06
1965-04-04,7.1724257e-06
1965-04-05,0.00033624968
1965-04-06,0.0005678601
1965-04-07,0.0001493295
1965-04-08,0.0006551279
1965-04-09,0.0009812117
1965-04-10,0.00033436881
1965-04-11,3.3385222e-05
1965-04-12,1.3245477e-08
1965-04-13,0.00014956792
1965-04-14,0.00041365623
1965-04-15,0.001203186
1965-04-16,0.00087008876
1965-04-17,0.00010172526
1965-04-18,0.00087466504
1965-04-19,0.0007962651
1965-04-20,0.0004217095
1965-04-21,0.0005089177
1965-04-22,9.3632276e-05
1965-04-23,1.598729e-05
1965-04-24,0.0
1965-04-25,0.0
1965-04-26,2.6490953e-08
1965-04-27,0.0
1965-04-28,5.2611034e-05
1965-04-29,8.421474e-05
1965-04-30,1.5232298e-07
1965-05-01,0.0
1965-05-02,5.0995086e-06
1965-05-03,1.05963814e-07
1965-05-04,4.8478446e-06
1965-05-05,5.5631003e-06
1965-05-06,9.801653e-06
1965-05-07,1.139111e-06
1965-05-08,9.1393787e-07
1965-05-09,7.947286e-08
1965-05-10,0.0
1965-05-11,0.0
1965-05-12,5.2981907e-08
1965-05-13,0.00014163388
1965-05-14,0.0
1965-05-15,0.0
1965-05-16,0.0
1965-05-17,0.0
1965-05-18,0.0
1965-05-19,1.4795198e-05
1965-05-20,1.5033616e-05
1965-05-21,0.00012342136
1965-05-22,4.423989e-06
1965-05-23,3.7087335e-07
1965-05-24,0.0
1965-05-25,0.0
1965-05-26,1.3245477e-07
1965-05-27,1.7219119e-07
1965-05-28,2.4636586e-06
1965-05-29,0.0
1965-05-30,0.0
1965-05-31,6.72208e-05
1965-06-01,6.622738e-07
1965-06-02,7.947286e-08
1965-06-03,0.0
1965-06-04,0.0
1965-06-05,0.0
1965-06-06,0.0
1965-06-07,7.947286e-08
1965-06-08,8.996328e-05
1965-06-09,0.0
1965-06-10,0.0
1965-06-11,7.417467e-07
1965-06-12,2.6623409e-06
1965-06-13,6.357829e-07
1965-06-14,5.543232e-05
1965-06-15,1.8808577e-06
1965-06-16,1.5894572e-06
1965-06-17,0.00021607346
1965-06-18,1.2119611e-05
1965-06-19,0.0
1965-06-20,0.0
1965-06-21,1.6185972e-05
1965-06-22,0.0
1965-06-23,4.1060977e-07
1965-06-24,6.357829e-07
1965-06-25,0.0003795094
1965-06-26,4.0796067e-06
1965-06-27,0.0
1965-06-28,6.0796738e-06
1965-06-29,3.2054054e-06
1965-06-30,1.58151e-05
1965-07-01,3.19216e-06
1965-07-02,5.2981907e-08
1965-07-03,1.8543668e-07
1965-07-04,0.0
1965-07-05,0.0
1965-07-06,0.0
1965-07-07,0.0
1965-07-08,0.0
1965-07-09,0.0
1965-07-10,0.0
1965-07-11,0.0
1965-07-12,0.0
1965-07-13,0.0
1965-07-14,0.0
1965-07-15,0.0
1965-07-16,0.0
1965-07-17,0.0
1965-07-18,0.0
1965-07-19,1.7113156e-05
1965-07-20,1.5364753e-06
1965-07-21,1.3987224e-05
1965-07-22,0.0
1965-07-23,1.4570024e-06
1965-07-24,0.0
1965-07-25,3.19216e-06
1965-07-26,6.225374e-06
1965-07-27,0.0
1965-07-28,0.0
1965-07-29,0.0
1965-07-30,0.0
1965-07-31,2.6490953e-08
1965-08-01,3.0636787e-05
1965-08-02,4.99222e-05
1965-08-03,0.0
1965-08-04,0.0
1965-08-05,0.0
1965-08-06,0.0
1965-08-07,0.0
1965-08-08,0.0
1965-08-09,0.0
1965-08-10,2.2358365e-05
1965-08-11,0.0007551246
1965-08-12,0.00021781524
1965-08-13,0.0
1965-08-14,0.0
1965-08-15,0.0
1965-08-16,6.622738e-07
1965-08-17,0.00014442205
1965-08-18,0.00027490986
1965-08-19,4.8147307e-05
1965-08-20,1.153681e-05
1965-08-21,3.153748e-05
1965-08-22,3.7087335e-07
1965-08-23,6.225374e-07
1965-08-24,3.496806e-06
1965-08-25,1.5801854e-05
1965-08-26,0.0
1965-08-27,0.0
1965-08-28,0.0
1965-08-29,0.0
1965-08-30,0.0
1965-08-31,1.0437436e-05
1965-09-01,6.225374e-07
1965-09-02,5.2981907e-08
1965-09-03,0.0
1965-09-04,0.0
1965-09-05,1.9603306e-06
1965-09-06,6.786982e-05
1965-09-07,2.9140048e-07
1965-09-08,0.0
1965-09-09,0.0
1965-09-10,0.0
1965-09-11,0.0
1965-09-12,0.0
1965-09-13,6.6227386e-08
1965-09-14,0.0
1965-09-15,0.0
1965-09-16,7.947286e-08
1965-09-17,0.0
1965-09-18,0.0
1965-09-19,0.0
1965-09-20,0.0
1965-09-21,0.0
1965-09-22,0.0
1965-09-23,0.0
1965-09-24,0.0
1965-09-25,0.0
1965-09-26,7.947286e-08
1965-09-27,0.00027301576
1965-09-28,3.4438239e-07
1965-09-29,0.0
1965-09-30,0.0
1965-10-01,0.0
1965-10-02,0.0
1965-10-03,0.0
1965-10-04,0.0
1965-10-05,6.314781e-05
1965-10-06,0.0
1965-10-07,0.0
1965-10-08,0.0
1965-10-09,0.0
1965-10-10,0.0
1965-10-11,0.0
1965-10-12,0.0
1965-10-13,0.0
1965-10-14,0.0002755324
1965-10-15,2.5577016e-05
1965-10-16,0.0
1965-10-17,0.0
1965-10-18,1.05963814e-07
1965-10-19,0.0
1965-10-20,0.0
1965-10-21,0.0
1965-10-22,0.0
1965-10-23,0.0
1965-10-24,0.0
1965-10-25,0.0
1965-10-26,0.0
1965-10-27,0.0
1965-10-28,0.0
1965-10-29,0.0
1965-10-30,0.0
1965-10-31,0.0
1965-11-01,0.0
1965-11-02,0.0
1965-11-03,9.67582e-06
1965-11-04,0.0001569589
1965-11-05,4.9538085e-06
1965-11-06,0.0
1965-11-07,0.00022463004
1965-11-08,0.0013763309
1965-11-09,3.2186508e-06
1965-11-10,1.8874804e-05
1965-11-11,0.00012289154
1965-11-12,0.0010684861
1965-11-13,0.0011439191
1965-11-14,0.0020130211
1965-11-15,0.00030542744
1965-11-16,1.2675921e-05
1965-11-17,0.0012220277
1965-11-18,0.001308057
1965-11-19,0.0008951558
1965-11-20,0.00047855906
1965-11-21,1.9868214e-07
1965-11-22,1.777543e-05
1965-11-23,0.0006495847
1965-11-24,0.0013660458
1965-11-25,0.0005268256
1965-11-26,0.0005676879
1965-11-27,1.0066562e-05
1965-11-28,0.0
1965-11-29,0.0
1965-11-30,3.311369e-07
1965-12-01,0.0
1965-12-02,0.0
1965-12-03,0.0
1965-12-04,2.1470918e-05
1965-12-05,9.271834e-08
1965-12-06,0.0
1965-12-07,1.8543668e-07
1965-12-08,3.463692e-06
1965-12-09,0.00010675854
1965-12-10,2.4769042e-06
1965-12-11,0.00020706654
1965-12-12,5.6703884e-05
1965-12-13,2.251731e-07
1965-12-14,2.6490953e-08
1965-12-15,1.3245477e-08
1965-12-16,0.0
1965-12-17,0.0
1965-12-18,0.0
1965-12-19,0.0
1965-12-20,0.0
1965-12-21,8.1049075e-05
1965-12-22,3.7087334e-06
1965-12-23,2.9140048e-07
1965-12-24,0.0011697611
1965-12-25,0.00050960644
1965-12-26,0.00012673272
1965-12-27,0.00032619634
1965-12-28,0.002149966
1965-12-29,0.0007164743
1965-12-30,0.0008715391
1965-12-31,0.00073760084
1966-01-01,6.198883e-06
1966-01-02,0.00041992136
1966-01-03,0.0014570156
1966-01-04,0.0028600825
1966-01-05,0.0017731852
1966-01-06,0.0007174015
1966-01-07,5.192227e-06
1966-01-08,0.000295692
1966-01-09,0.0
1966-01-10,2.1047063e-05
1966-01-11,1.1920929e-07
1966-01-12,0.0
1966-01-13,0.0
1966-01-14,5.033281e-07
1966-01-15,1.7219119e-07
1966-01-16,0.0
1966-01-17,0.0
1966-01-18,0.0
1966-01-19,0.0
1966-01-20,0.0
1966-01-21,0.0
1966-01-22,9.48641e-05
1966-01-23,1.487467e-05
1966-01-24,1.1920929e-07
1966-01-25,0.0
1966-01-26,4.2385525e-07
1966-01-27,7.947286e-08
1966-01-28,0.0
1966-01-29,0.0010120206
1966-01-30,0.0014809503
1966-01-31,0.00011822912
1966-02-01,0.00057648285
1966-02-02,3.8411883e-07
1966-02-03,0.00019025803
1966-02-04,0.001224306
1966-02-05,0.0011274418
1966-02-06,0.00043714046
1966-02-07,5.669064e-06
1966-02-08,6.6227386e-08
1966-02-09,1.7351574e-06
1966-02-10,3.2173262e-05
1966-02-11,0.0
1966-02-12,3.7749608e-06
1966-02-13,0.0
1966-02-14,0.0
1966-02-15,3.973643e-08
1966-02-16,0.0
1966-02-17,0.0
1966-02-18,1.05963814e-07
1966-02-19,0.00068831444
1966-02-20,0.00015087922
1966-02-21,0.0
1966-02-22,0.00046071742
1966-02-23,0.00058146316
1966-02-24,0.00038441023
1966-02-25,0.00039003955
1966-02-26,4.972352e-05
1966-02-27,0.0
1966-02-28,1.4808443e-05
1966-03-01,0.0001202027
1966-03-02,3.997485e-05
1966-03-03,4.503462e-07
1966-03-04,3.9484767e-05
1966-03-05,0.00092222955
1966-03-06,0.000104414095
1966-03-07,0.0006864071
1966-03-08,0.0009383096
1966-03-09,0.0014581283
1966-03-10,0.00051461323
1966-03-11,0.0
1966-03-12,6.0425864e-05
1966-03-13,0.0002879434
1966-03-14,0.00024513403
1966-03-15,0.0006610155
1966-03-16,0.00042400096
1966-03-17,1.4570024e-07
1966-03-18,0.0
1966-03-19,0.00063096813
1966-03-20,1.5232298e-07
1966-03-21,3.4650166e-05
1966-03-22,0.0
1966-03-23,0.0
1966-03-24,0.0
1966-03-25,0.0
1966-03-26,0.0
1966-03-27,0.0
1966-03-28,0.0
1966-03-29,0.0
1966-03-30,0.0
1966-03-31,0.0
1966-04-01,0.0
1966-04-02,0.0
1966-04-03,0.0
1966-04-04,0.0
1966-04-05,0.0
1966-04-06,7.947286e-08
1966-04-07,0.0
1966-04-08,7.417467e-07
1966-04-09,0.0007523298
1966-04-10,0.0012972355
1966-04-11,0.0002518495
1966-04-12,0.00039883456
1966-04-13,0.0
1966-04-14,0.0
1966-04-15,0.0
1966-04-16,0.0
1966-04-17,5.5948894e-05
1966-04-18,6.711483e-05
1966-04-19,0.0
1966-04-20,5.165736e-07
1966-04-21,0.0
1966-04-22,0.0
1966-04-23,0.0
1966-04-24,0.0
1966-04-25,0.0
1966-04-26,0.0
1966-04-27,0.0
1966-04-28,0.0
1966-04-29,0.0
1966-04-30,0.0
1966-05-01,0.0
1966-05-02,0.0
1966-05-03,0.00010151995
1966-05-04,1.4278624e-05
1966-05-05,1.03182265e-05
1966-05-06,4.927317e-06
1966-05-07,0.0
1966-05-08,2.172258e-06
1966-05-09,9.306272e-05
1966-05-10,7.2585215e-05
1966-05-11,3.2318963e-05
1966-05-12,4.503462e-07
1966-05-13,2.251731e-07
1966-05-14,0.0
1966-05-15,4.2120614e-06
1966-05-16,0.0
1966-05-17,0.0
1966-05-18,0.0
1966-05-19,0.0
1966-05-20,0.0
1966-05-21,1.2318293e-06
1966-05-22,6.6227386e-08
1966-05-23,0.0
1966-05-24,0.0
1966-05-25,0.0
1966-05-26,0.0
1966-05-27,7.841322e-06
1966-05-28,2.9140048e-07
1966-05-29,0.0
1966-05-30,5.212095e-05
1966-05-31,5.5657492e-05
1966-06-01,2.7285682e-06
1966-06-02,1.4238887e-05
1966-06-03,0.0
1966-06-04,0.0
1966-06-05,0.0
1966-06-06,6.2796804e-05
1966-06-07,6.728702e-06
1966-06-08,4.3180253e-06
1966-06-09,1.0079808e-05
1966-06-10,0.0
1966-06-11,0.0
1966-06-12,0.0
1966-06-13,0.0
1966-06-14,7.947286e-08
1966-06-15,1.3377932e-06
1966-06-16,4.503462e-07
1966-06-17,0.0
1966-06-18,0.0
1966-06-19,0.0
1966-06-20,0.0
1966-06-21,1.7695957e-05
1966-06-22,4.3974983e-06
1966-06-23,7.775095e-06
1966-06-24,0.0
1966-06-25,0.0
1966-06-26,0.0
1966-06-27,0.0
1966-06-28,0.0
1966-06-29,0.0
1966-06-30,0.0
1966-07-01,7.5909826e-05
1966-07-02,1.48614245e-05
1966-07-03,0.0
1966-07-04,0.0
1966-07-05,0.0
1966-07-06,0.0
1966-07-07,0.0
1966-07-08,2.6490953e-08
1966-07-09,4.8359234e-05
1966-07-10,2.6490953e-08
1966-07-11,0.0
1966-07-12,0.0
1966-07-13,0.0
1966-07-14,2.6490953e-08
1966-07-15,0.0
1966-07-16,0.0
1966-07-17,6.6094926e-06
1966-07-18,0.0
1966-07-19,0.0
1966-07-20,0.0
1966-07-21,0.0
1966-07-22,0.0
1966-07-23,0.0
1966-07-24,0.0
1966-07-25,0.0
1966-07-26,0.0
1966-07-27,0.0
1966-07-28,0.0
1966-07-29,0.0
1966-07-30,1.0344717e-05
1966-07-31,0.0
1966-08-01,0.0
1966-08-02,7.947286e-07
1966-08-03,0.0
1966-08-04,0.0
1966-08-05,0.0
1966-08-06,0.0
1966-08-07,0.0
1966-08-08,0.0
1966-08-09,0.0
1966-08-10,0.0
1966-08-11,0.0
1966-08-12,0.0
1966-08-13,0.0
1966-08-14,0.0
1966-08-15,0.0
1966-08-16,2.1192764e-06
1966-08-17,0.0
1966-08-18,2.3351775e-05
1966-08-19,3.8014518e-06
1966-08-20,9.43078e-06
1966-08-21,5.298191e-07
1966-08-22,1.0993746e-06
1966-08-23,0.0
1966-08-24,0.0
1966-08-25,1.9338395e-06
1966-08-26,1.1656019e-06
1966-08-27,1.3245477e-08
1966-08-28,1.2265311e-05
1966-08-29,3.8438375e-05
1966-08-30,0.0
1966-08-31,0.0
1966-09-01,0.0
1966-09-02,0.0
1966-09-03,0.0
1966-09-04,0.0
1966-09-05,0.0
1966-09-06,0.0
1966-09-07,0.0
1966-09-08,0.0
1966-09-09,0.0
1966-09-10,0.0
1966-09-11,2.4239223e-06
1966-09-12,1.3245477e-07
1966-09-13,6.0809984e-05
1966-09-14,2.808041e-06
1966-09-15,0.0
1966-09-16,0.0
1966-09-17,0.0
1966-09-18,0.0003121164
1966-09-19,2.6490953e-08
1966-09-20,0.0
1966-09-21,0.0
1966-09-22,0.0
1966-09-23,0.0
1966-09-24,0.0
1966-09-25,9.271834e-08
1966-09-26,1.5894572e-07
1966-09-27,0.0
1966-09-28,0.0
1966-09-29,0.0
1966-09-30,0.0
1966-10-01,0.0
1966-10-02,6.0929193e-07
1966-10-03,0.0
1966-10-04,0.0
1966-10-05,0.0
1966-10-06,0.0
1966-10-07,0.0
1966-10-08,0.0
1966-10-09,0.0
1966-10-10,0.0
1966-10-11,0.0
1966-10-12,6.9008934e-06
1966-10-13,2.6490954e-07
1966-10-14,0.0
1966-10-15,5.2981907e-08
1966-10-16,0.0
1966-10-17,0.0
1966-10-18,0.0
1966-10-19,0.0
1966-10-20,1.5629663e-05
1966-10-21,9.404288e-06
1966-10-22,2.78155e-07
1966-10-23,0.0
1966-10-24,0.0
1966-10-25,0.0
1966-10-26,0.0
1966-10-27,0.0
1966-10-28,0.0
1966-10-29,0.0
1966-10-30,0.0
1966-10-31,0.0
1966-11-01,0.0
1966-11-02,0.0
1966-11-03,0.0
1966-11-04,0.0
1966-11-05,0.0
1966-11-06,0.0006920232
1966-11-07,1.9338395e-06
1966-11-08,0.0
1966-11-09,0.0
1966-11-10,2.8279093e-05
1966-11-11,0.00029532114
1966-11-12,0.0008166962
1966-11-13,0.0007819467
1966-11-14,0.0013940997
1966-11-15,0.001607683
1966-11-16,0.00082022615
1966-11-17,1.5934309e-05
1966-11-18,0.000276751
1966-11-19,0.0020465984
1966-11-20,0.002549145
1966-11-21,0.0013318724
1966-11-22,0.0004071792
1966-11-23,0.0
1966-11-24,0.0
1966-11-25,0.0
1966-11-26,1.5629662e-06
1966-11-27,0.0
1966-11-28,0.0007831653
1966-11-29,0.0003897614
1966-11-30,3.33786e-06
1966-12-01,0.0013145341
1966-12-02,0.002846678
1966-12-03,0.00032728247
1966-12-04,0.0024193658
1966-12-05,0.0011451907
1966-12-06,0.00024499497
1966-12-07,0.000396053
1966-12-08,0.00011225542
1966-12-09,7.311503e-05
1966-12-10,0.00028745332
1966-12-11,4.4153796e-05
1966-12-12,0.0004543331
1966-12-13,0.00047922134
1966-12-14,0.00021802055
1966-12-15,0.0
1966-12-16,0.0
1966-12-17,0.0
1966-12-18,0.0
1966-12-19,0.0
1966-12-20,5.695555e-07
1966-12-21,0.0
1966-12-22,0.0
1966-12-23,0.00031096407
1966-12-24,1.3245477e-07
1966-12-25,0.00011144744
1966-12-26,7.947286e-08
1966-12-27,0.0
1966-12-28,1.3245477e-08
1966-12-29,2.1855037e-06
1966-12-30,1.1920929e-07
1966-12-31,0.0
1967-01-01,1.3245477e-08
1967-01-02,0.0
1967-01-03,0.0
1967-01-04,0.0
1967-01-05,0.00011151367
1967-01-06,1.05963814e-07
1967-01-07,0.0
1967-01-08,0.0
1967-01-09,0.0
1967-01-10,0.0
1967-01-11,0.0
1967-01-12,0.0
1967-01-13,1.9868214e-07
1967-01-14,0.0
1967-01-15,0.0
1967-01-16,6.6227386e-08
1967-01-17,0.0
1967-01-18,0.0
1967-01-19,4.927317e-06
1967-01-20,0.0023390187
1967-01-21,0.002432068
1967-01-22,6.669098e-05
1967-01-23,8.496973e-05
1967-01-24,0.0015046464
1967-01-25,0.0002767775
1967-01-26,0.0012267961
1967-01-27,0.00084268383
1967-01-28,0.001937747
1967-01-29,0.0015251371
1967-01-30,0.0011210971
1967-01-31,0.00048234727
1967-02-01,0.00010184447
1967-02-02,0.0
1967-02-03,0.0
1967-02-04,0.0
1967-02-05,0.0
1967-02-06,0.0
1967-02-07,0.0
1967-02-08,0.0
1967-02-09,0.0
1967-02-10,0.0
1967-02-11,0.0
1967-02-12,0.0
1967-02-13,1.7537011e-05
1967-02-14,1.0106299e-05
1967-02-15,9.695689e-05
1967-02-16,1.6040272e-05
1967-02-17,1.2848112e-06
1967-02-18,1.3245477e-07
1967-02-19,0.0
1967-02-20,0.0
1967-02-21,0.0
1967-02-22,0.0
1967-02-23,0.0
1967-02-24,0.00014344852
1967-02-25,0.0005058448
1967-02-26,2.6490953e-08
1967-02-27,0.0
1967-02-28,0.0
1967-03-01,3.6729707e-05
1967-03-02,1.4702479e-06
1967-03-03,1.4384587e-05
1967-03-04,0.0
1967-03-05,0.0
1967-03-06,0.0
1967-03-07,0.0
1967-03-08,0.0
1967-03-09,3.7749608e-06
1967-03-10,0.0010435978
1967-03-11,0.0006320344
1967-03-12,0.00041770935
1967-03-13,0.00083563064
1967-03-14,0.00063218013
1967-03-15,0.00032340156
1967-03-16,0.002651784
1967-03-17,0.00018323792
1967-03-18,0.00044515397
1967-03-19,0.000120189456
1967-03-20,0.0008324782
1967-03-21,0.00016042922
1967-03-22,1.3179249e-05
1967-03-23,0.0011466609
1967-03-24,0.0
1967-03-25,5.165736e-07
1967-03-26,2.764331e-05
1967-03-27,1.0199017e-06
1967-03-28,0.00050429505
1967-03-29,1.4795198e-05
1967-03-30,0.00078304607
1967-03-31,0.0008288489
1967-04-01,0.00034087233
1967-04-02,3.1789143e-06
1967-04-03,2.0662943e-05
1967-04-04,3.3974648e-05
1967-04-05,0.0007976823
1967-04-06,0.0014233855
1967-04-07,6.9207614e-05
1967-04-08,4.251798e-06
1967-04-09,0.00019694699
1967-04-10,0.0009240045
1967-04-11,0.0003815227
1967-04-12,5.2981907e-08
1967-04-13,0.0004147821
1967-04-14,0.00041307343
1967-04-15,0.00020707978
1967-04-16,9.388394e-05
1967-04-17,0.0010672013
1967-04-18,0.00037184026
1967-04-19,0.00025553175
1967-04-20,0.00027350584
1967-04-21,0.0002061261
1967-04-22,0.00014864074
1967-04-23,0.0004439089
1967-04-24,0.00030493736
1967-04-25,0.00032289824
1967-04-26,0.00019943714
1967-04-27,0.00048694346
1967-04-28,2.5524034e-05
1967-04-29,3.9935112e-05
1967-04-30,2.7947955e-05
1967-05-01,0.0
1967-05-02,1.4570024e-07
1967-05-03,9.1393787e-07
1967-05-04,1.0066562e-06
1967-05-05,0.00011712975
1967-05-06,0.0
1967-05-07,0.0
1967-05-08,2.834532e-06
1967-05-09,0.00060559646
1967-05-10,0.0005062686
1967-05-11,0.00015384621
1967-05-12,8.530087e-06
1967-05-13,0.0
1967-05-14,0.0
1967-05-15,0.0
1967-05-16,0.0
1967-05-17,1.528528e-05
1967-05-18,0.0
1967-05-19,0.0
1967-05-20,0.0
1967-05-21,0.0
1967-05-22,0.0
1967-05-23,0.0
1967-05-24,0.0
1967-05-25,7.947286e-08
1967-05-26,0.0
1967-05-27,2.251731e-06
1967-05-28,3.33786e-06
1967-05-29,5.2981904e-06
1967-05-30,3.973643e-08
1967-05-31,1.6887983e-05
1967-06-01,0.00060588785
1967-06-02,8.430746e-05
1967-06-03,2.3841858e-07
1967-06-04,1.9974179e-05
1967-06-05,0.00017548932
1967-06-06,9.126133e-05
1967-06-07,3.402763e-05
1967-06-08,3.2451417e-06
1967-06-09,0.00017672777
1967-06-10,0.0
1967-06-11,3.6822425e-06
1967-06-12,0.00018323792
1967-06-13,2.1060307e-06
1967-06-14,0.0
1967-06-15,0.0
1967-06-16,0.0
1967-06-17,0.0
1967-06-18,0.0
1967-06-19,2.928575e-05
1967-06-20,0.0
1967-06-21,0.0
1967-06-22,0.0
1967-06-23,0.0
1967-06-24,0.0
1967-06-25,0.0
1967-06-26,0.0
1967-06-27,0.0
1967-06-28,0.0
1967-06-29,0.0
1967-06-30,0.0
1967-07-01,0.0
1967-07-02,0.0
1967-07-03,0.0
1967-07-04,0.0
1967-07-05,0.0
1967-07-06,0.0
1967-07-07,0.0
1967-07-08,0.0
1967-07-09,0.0
1967-07-10,0.0
1967-07-11,0.0
1967-07-12,0.0
1967-07-13,0.0
1967-07-14,0.0
1967-07-15,0.0
1967-07-16,2.8875138e-06
1967-07-17,2.1192763e-07
1967-07-18,0.0
1967-07-19,0.0
1967-07-20,0.0
1967-07-21,0.0
1967-07-22,0.0
1967-07-23,0.0
1967-07-24,0.0
1967-07-25,0.0
1967-07-26,0.0
1967-07-27,0.0
1967-07-28,6.6889656e-06
1967-07-29,0.0
1967-07-30,0.0
1967-07-31,0.0
1967-08-01,0.0
1967-08-02,0.0
1967-08-03,0.0
1967-08-04,0.0
1967-08-05,0.0
1967-08-06,0.0
1967-08-07,0.0
1967-08-08,1.1656019e-06
1967-08-09,0.0
1967-08-10,1.3245477e-07
1967-08-11,0.0
1967-08-12,0.0
1967-08-13,0.0
1967-08-14,0.0
1967-08-15,0.0
1967-08-16,0.0
1967-08-17,0.0
1967-08-18,0.0
1967-08-19,0.0
1967-08-20,0.0
1967-08-21,0.0
1967-08-22,0.0
1967-08-23,0.0
1967-08-24,9.271834e-08
1967-08-25,6.092919e-06
1967-08-26,5.2107705e-05
1967-08-27,0.0
1967-08-28,0.0
1967-08-29,0.0
1967-08-30,0.0
1967-08-31,0.0
1967-09-01,0.0
1967-09-02,0.0
1967-09-03,2.7815502e-06
1967-09-04,0.0
1967-09-05,0.0
1967-09-06,0.0
1967-09-07,0.0
1967-09-08,0.0
1967-09-09,0.0
1967-09-10,0.0
1967-09-11,0.0
1967-09-12,0.0
1967-09-13,0.0
1967-09-14,0.0
1967-09-15,0.0
1967-09-16,0.0
1967-09-17,1.3245477e-08
1967-09-18,0.00013848145
1967-09-19,0.0
1967-09-20,0.0
1967-09-21,0.0
1967-09-22,0.0
1967-09-23,0.0
1967-09-24,5.9604645e-07
1967-09-25,0.0
1967-09-26,0.0
1967-09-27,0.0
1967-09-28,0.0
1967-09-29,5.033281e-07
1967-09-30,1.1059973e-05
1967-10-01,4.5511457e-05
1967-10-02,0.0017015404
1967-10-03,3.8411883e-05
1967-10-04,2.9537414e-06
1967-10-05,0.00011422899
1967-10-06,0.0
1967-10-07,0.0
1967-10-08,0.0
1967-10-09,0.0
1967-10-10,0.0
1967-10-11,7.947286e-08
1967-10-12,0.0
1967-10-13,0.0
1967-10-14,0.0
1967-10-15,0.0
1967-10-16,0.0
1967-10-17,0.0
1967-10-18,0.0
1967-10-19,0.0
1967-10-20,0.0
1967-10-21,0.00032145448
1967-10-22,3.4107103e-05
1967-10-23,1.2543466e-05
1967-10-24,0.0
1967-10-25,0.0
1967-10-26,0.0
1967-10-27,0.0
1967-10-28,3.703435e-05
1967-10-29,0.0
1967-10-30,0.0
1967-10-31,0.0
1967-11-01,0.0
1967-11-02,0.0
1967-11-03,0.0
1967-11-04,0.0
1967-11-05,1.562304e-05
1967-11-06,0.0
1967-11-07,0.0
1967-11-08,8.222792e-05
1967-11-09,0.00014813078
1967-11-10,5.185604e-05
1967-11-11,0.0
1967-11-12,0.0
1967-11-13,0.00035912462
1967-11-14,0.00092566013
1967-11-15,1.6159481e-06
1967-11-16,0.0
1967-11-17,0.0
1967-11-18,0.00018672149
1967-11-19,0.001451585
1967-11-20,0.0
1967-11-21,0.0
1967-11-22,0.0
1967-11-23,0.0
1967-11-24,0.0
1967-11-25,0.0
1967-11-26,0.0
1967-11-27,0.00010814932
1967-11-28,9.7327764e-05
1967-11-29,0.0013447934
1967-11-30,0.00070602365
1967-12-01,0.00013866689
1967-12-02,0.00058917206
1967-12-03,0.001292242
1967-12-04,0.0013948017
1967-12-05,0.00085377693
1967-12-06,2.389484e-05
1967-12-07,0.00091001723
1967-12-08,6.0929193e-07
1967-12-09,0.0
1967-12-10,0.0
1967-12-11,0.0
1967-12-12,4.503462e-07
1967-12-13,0.0
1967-12-14,0.0
1967-12-15,0.0
1967-12-16,5.5631e-07
1967-12-17,0.00016375382
1967-12-18,0.00091436174
1967-12-19,0.00010999044
1967-12-20,0.0001512501
1967-12-21,0.00012126234
1967-12-22,4.2385525e-07
1967-12-23,0.0
1967-12-24,0.0
1967-12-25,0.0
1967-12-26,0.0
1967-12-27,0.0
1967-12-28,0.0
1967-12-29,0.0
1967-12-30,0.0
1967-12-31,0.0
1968-01-01,1.0251999e-05
1968-01-02,9.271834e-08
1968-01-03,0.0
1968-01-04,0.0
1968-01-05,0.0
1968-01-06,0.0
1968-01-07,1.5364753e-06
1968-01-08,0.00013682578
1968-01-09,0.0014141003
1968-01-10,0.0016685062
1968-01-11,0.0
1968-01-12,0.000112493835
1968-01-13,0.00014800495
1968-01-14,0.0020197895
1968-01-15,0.0022573604
1968-01-16,0.0007443428
1968-01-17,8.477105e-07
1968-01-18,0.0
1968-01-19,0.0
1968-01-20,0.0
1968-01-21,0.0
1968-01-22,0.0
1968-01-23,0.0
1968-01-24,0.0
1968-01-25,1.05963814e-07
1968-01-26,3.6146906e-05
1968-01-27,0.00019254949
1968-01-28,0.0005990002
1968-01-29,0.0021398664
1968-01-30,0.000794265
1968-01-31,0.00034696527
1968-02-01,9.265211e-05
1968-02-02,0.0006885131
1968-02-03,0.00035746893
1968-02-04,5.2981907e-08
1968-02-05,0.0
1968-02-06,1.5894572e-07
1968-02-07,2.7338663e-05
1968-02-08,4.7683716e-07
1968-02-09,1.6662809e-05
1968-02-10,1.5748872e-05
1968-02-11,5.2981907e-08
1968-02-12,4.503462e-07
1968-02-13,1.2397766e-05
1968-02-14,8.069145e-05
1968-02-15,0.00010055966
1968-02-16,0.00027402243
1968-02-17,0.0011849536
1968-02-18,0.0002523131
1968-02-19,0.00060711964
1968-02-20,0.0013251967
1968-02-21,0.0010460881
1968-02-22,0.0007080502
1968-02-23,0.0014832153
1968-02-24,0.00013694499
1968-02-25,0.0
1968-02-26,0.0
1968-02-27,0.0
1968-02-28,0.0
1968-02-29,0.0
1968-03-01,0.00016448234
1968-03-02,4.45048e-06
1968-03-03,0.0
1968-03-04,6.357829e-07
1968-03-05,0.00030938783
1968-03-06,6.6227386e-08
1968-03-07,0.00019274818
1968-03-08,2.0398033e-06
1968-03-09,0.0
1968-03-10,0.0
1968-03-11,0.0
1968-03-12,0.0013274484
1968-03-13,0.0005591247
1968-03-14,0.0008277628
1968-03-15,0.0001840194
1968-03-16,0.0008451806
1968-03-17,5.6054858e-05
1968-03-18,1.5272035e-05
1968-03-19,0.0
1968-03-20,0.0
1968-03-21,0.0
1968-03-22,1.1920929e-06
1968-03-23,1.8344985e-05
1968-03-24,4.3710074e-07
1968-03-25,8.569824e-05
1968-03-26,0.0
1968-03-27,0.0
1968-03-28,0.0
1968-03-29,0.0
1968-03-30,0.0
1968-03-31,4.3445165e-05
1968-04-01,5.6054858e-05
1968-04-02,3.2570628e-05
1968-04-03,0.0
1968-04-04,1.1788474e-05
1968-04-05,0.00016525056
1968-04-06,0.0
1968-04-07,0.0
1968-04-08,0.0
1968-04-09,0.0
1968-04-10,5.2981907e-08
1968-04-11,1.5894572e-07
1968-04-12,0.0
1968-04-13,0.0
1968-04-14,0.0
1968-04-15,2.1192763e-07
1968-04-16,6.0929193e-07
1968-04-17,2.6490953e-08
1968-04-18,0.0
1968-04-19,7.947286e-08
1968-04-20,0.0
1968-04-21,0.0
1968-04-22,0.0
1968-04-23,6.6134664e-05
1968-04-24,2.3841858e-07
1968-04-25,0.0
1968-04-26,0.0
1968-04-27,0.0
1968-04-28,0.0
1968-04-29,0.0
1968-04-30,0.0
1968-05-01,0.0
1968-05-02,2.6226044e-06
1968-05-03,0.0
1968-05-04,2.875593e-05
1968-05-05,0.0
1968-05-06,0.0
1968-05-07,0.0
1968-05-08,0.0
1968-05-09,2.1192763e-07
1968-05-10,1.3245477e-08
1968-05-11,0.0002457566
1968-05-12,1.8543668e-07
1968-05-13,0.0007037454
1968-05-14,2.9298993e-05
1968-05-15,0.0
1968-05-16,0.0
1968-05-17,1.1920929e-06
1968-05-18,1.3245477e-07
1968-05-19,7.434686e-05
1968-05-20,0.0009616878
1968-05-21,0.00017493301
1968-05-22,0.0002639956
1968-05-23,4.0584142e-05
1968-05-24,4.8067835e-05
1968-05-25,0.00036149553
1968-05-26,0.0
1968-05-27,0.0
1968-05-28,0.0
1968-05-29,7.947286e-08
1968-05-30,0.0
1968-05-31,0.0
1968-06-01,1.2477239e-05
1968-06-02,0.0
1968-06-03,8.8744696e-07
1968-06-04,2.09411e-05
1968-06-05,0.0008468495
1968-06-06,1.1550055e-05
1968-06-07,1.920594e-06
1968-06-08,0.0
1968-06-09,0.0
1968-06-10,7.947286e-08
1968-06-11,3.7087335e-07
1968-06-12,0.0
1968-06-13,0.0
1968-06-14,0.0
1968-06-15,0.0
1968-06-16,0.0
1968-06-17,0.0
1968-06-18,1.8013848e-06
1968-06-19,7.947286e-08
1968-06-20,0.0
1968-06-21,0.0
1968-06-22,0.0
1968-06-23,0.0
1968-06-24,0.0
1968-06-25,0.0
1968-06-26,0.0
1968-06-27,0.0
1968-06-28,0.0
1968-06-29,0.0
1968-06-30,0.0
1968-07-01,0.0
1968-07-02,0.0
1968-07-03,0.0
1968-07-04,0.0
1968-07-05,4.3710074e-07
1968-07-06,0.0
1968-07-07,0.0
1968-07-08,0.0
1968-07-09,0.0
1968-07-10,0.0
1968-07-11,0.0
1968-07-12,0.0
1968-07-13,0.0
1968-07-14,0.0
1968-07-15,0.0
1968-07-16,0.0
1968-07-17,0.0
1968-07-18,0.0
1968-07-19,0.0
1968-07-20,0.0
1968-07-21,0.0
1968-07-22,0.0
1968-07-23,0.0
1968-07-24,0.0
1968-07-25,0.0
1968-07-26,0.0
1968-07-27,0.0
1968-07-28,3.935231e-05
1968-07-29,0.0
1968-07-30,2.6490953e-08
1968-07-31,1.5629662e-06
1968-08-01,2.102057e-05
1968-08-02,9.271834e-08
1968-08-03,1.748403e-05
1968-08-04,1.8543668e-07
1968-08-05,0.0
1968-08-06,0.0
1968-08-07,0.0
1968-08-08,2.1192763e-07
1968-08-09,0.0
1968-08-10,0.0
1968-08-11,0.0
1968-08-12,0.0
1968-08-13,9.245343e-06
1968-08-14,3.6040943e-05
1968-08-15,7.6823767e-07
1968-08-16,4.0133796e-06
1968-08-17,0.0
1968-08-18,1.66893e-06
1968-08-19,0.0013129446
1968-08-20,0.0007849402
1968-08-21,0.0003995498
1968-08-22,0.0
1968-08-23,0.0
1968-08-24,0.0
1968-08-25,0.0008004904
1968-08-26,0.00013868015
1968-08-27,4.3710074e-06
1968-08-28,0.0
1968-08-29,0.0
1968-08-30,0.0
1968-08-31,0.0
1968-09-01,0.0
1968-09-02,0.0
1968-09-03,0.0
1968-09-04,0.0
1968-09-05,0.0
1968-09-06,0.0
1968-09-07,0.0
1968-09-08,0.0
1968-09-09,0.0
1968-09-10,0.0
1968-09-11,0.0
1968-09-12,0.0
1968-09-13,9.536743e-07
1968-09-14,6.441275e-05
1968-09-15,2.6490953e-08
1968-09-16,0.0
1968-09-17,0.0
1968-09-18,2.6490953e-08
1968-09-19,3.8252936e-05
1968-09-20,3.973643e-08
1968-09-21,0.0
1968-09-22,0.0
1968-09-23,0.0
1968-09-24,0.0
1968-09-25,0.0
1968-09-26,0.0
1968-09-27,0.0
1968-09-28,0.0
1968-09-29,0.0
1968-09-30,0.0
1968-10-01,0.0
1968-10-02,0.0
1968-10-03,0.0
1968-10-04,0.0
1968-10-05,0.0
1968-10-06,0.0
1968-10-07,0.0
1968-10-08,0.0
1968-10-09,0.0
1968-10-10,1.7060174e-05
1968-10-11,0.000875473
1968-10-12,0.0014014443
1968-10-13,0.00042647787
1968-10-14,0.00033463372
1968-10-15,8.450614e-06
1968-10-16,0.0
1968-10-17,0.0
1968-10-18,6.6227386e-08
1968-10-19,0.0
1968-10-20,2.1192763e-07
1968-10-21,0.0
1968-10-22,0.0
1968-10-23,0.0
1968-10-24,0.0
1968-10-25,0.0
1968-10-26,0.0
1968-10-27,0.0
1968-10-28,0.0
1968-10-29,0.00062086846
1968-10-30,0.0005853706
1968-10-31,3.973643e-08
1968-11-01,0.0
1968-11-02,0.000993477
1968-11-03,8.7459885e-05
1968-11-04,0.0004563994
1968-11-05,2.0689435e-05
1968-11-06,6.351206e-05
1968-11-07,0.00016948913
1968-11-08,0.0
1968-11-09,0.000103606115
1968-11-10,3.973643e-08
1968-11-11,0.0006304185
1968-11-12,0.00079800026
1968-11-13,3.973643e-08
1968-11-14,0.00071080524
1968-11-15,0.0007656548
1968-11-16,1.056989e-05
1968-11-17,0.000115056835
1968-11-18,0.00042128563
1968-11-19,4.000134e-06
1968-11-20,1.3245477e-08
1968-11-21,0.0
1968-11-22,0.0001385212
1968-11-23,0.0
1968-11-24,0.00031635497
1968-11-25,1.3020303e-05
1968-11-26,0.0
1968-11-27,0.0
1968-11-28,0.0
1968-11-29,3.349781e-05
1968-11-30,0.00043658415
1968-12-01,0.00053401786
1968-12-02,2.6490953e-08
1968-12-03,0.0
1968-12-04,0.0
1968-12-05,6.89427e-05
1968-12-06,5.2981907e-08
1968-12-07,7.4572035e-06
1968-12-08,0.0004652275
1968-12-09,0.00088547997
1968-12-10,0.0028162135
1968-12-11,0.0003830062
1968-12-12,9.0665286e-05
1968-12-13,8.092986e-06
1968-12-14,0.0013410515
1968-12-15,0.001839439
1968-12-16,0.00021468269
1968-12-17,1.3457404e-05
1968-12-18,3.306071e-05
1968-12-19,4.0862295e-05
1968-12-20,5.2981907e-08
1968-12-21,0.0
1968-12-22,0.00013736884
1968-12-23,0.0016594992
1968-12-24,0.0019907553
1968-12-25,0.0011151102
1968-12-26,8.969837e-05
1968-12-27,0.0002559556
1968-12-28,0.0011085006
1968-12-29,4.2186843e-05
1968-12-30,2.4901497e-06
1968-12-31,0.0
1969-01-01,1.05963814e-07
1969-01-02,2.4822024e-05
1969-01-03,0.0
1969-01-04,0.0
1969-01-05,0.0
1969-01-06,0.0
1969-01-07,0.00010610951
1969-01-08,3.3577282e-05
1969-01-09,1.5894572e-07
1969-01-10,0.00012588501
1969-01-11,0.0017537276
1969-01-12,0.003007743
1969-01-13,0.0022132662
1969-01-14,3.2928256e-05
1969-01-15,0.00018925137
1969-01-16,8.480417e-05
1969-01-17,1.3245477e-07
1969-01-18,0.00014122327
1969-01-19,0.0019740397
1969-01-20,0.0015041828
1969-01-21,0.0013462172
1969-01-22,0.00023604764
1969-01-23,5.430645e-07
1969-01-24,3.5497878e-06
1969-01-25,0.00089723535
1969-01-26,0.0014442338
1969-01-27,0.00033868683
1969-01-28,0.00014911758
1969-01-29,0.00016942288
1969-01-30,0.0005623367
1969-01-31,3.202756e-05
1969-02-01,0.00037721792
1969-02-02,5.2902433e-05
1969-02-03,0.0
1969-02-04,4.1060975e-06
1969-02-05,0.00070749386
1969-02-06,0.0012298557
1969-02-07,0.00012001726
1969-02-08,0.00035622384
1969-02-09,0.001801663
1969-02-10,0.0008207957
1969-02-11,0.00090024207
1969-02-12,0.00037470128
1969-02-13,0.0
1969-02-14,0.00049386424
1969-02-15,0.0016721752
1969-02-16,0.00045499537
1969-02-17,1.7762184e-05
1969-02-18,9.7738375e-05
1969-02-19,4.0902032e-05
1969-02-20,9.971195e-05
1969-02-21,5.9260263e-05
1969-02-22,1.3775296e-05
1969-02-23,0.0007933776
1969-02-24,0.0010332532
1969-02-25,0.000874824
1969-02-26,0.00020375516
1969-02-27,2.5391579e-05
1969-02-28,0.0015660921
1969-03-01,0.00025300184
1969-03-02,0.00034745535
1969-03-03,0.00023444493
1969-03-04,1.3245477e-07
1969-03-05,5.1657357e-06
1969-03-06,5.2981904e-06
1969-03-07,8.742015e-07
1969-03-08,2.251731e-07
1969-03-09,4.7763187e-05
1969-03-10,4.1458343e-06
1969-03-11,6.4876345e-05
1969-03-12,1.1285146e-05
1969-03-13,0.0
1969-03-14,0.0
1969-03-15,0.0
1969-03-16,8.704927e-05
1969-03-17,0.0007242097
1969-03-18,0.0004514191
1969-03-19,0.0
1969-03-20,0.000110559995
1969-03-21,5.107456e-05
1969-03-22,0.0
1969-03-23,0.0
1969-03-24,0.0
1969-03-25,0.0
1969-03-26,0.0
1969-03-27,0.0
1969-03-28,0.0
1969-03-29,5.2981907e-08
1969-03-30,5.2981904e-06
1969-03-31,0.0005384419
1969-04-01,2.3259057e-05
1969-04-02,0.00038674142
1969-04-03,0.00029718876
1969-04-04,8.450614e-06
1969-04-05,0.0014630689
1969-04-06,0.00038180087
1969-04-07,1.3245477e-08
1969-04-08,0.0
1969-04-09,5.00679e-05
1969-04-10,0.0
1969-04-11,0.0
1969-04-12,0.0001263221
1969-04-13,6.6227386e-08
1969-04-14,2.3404757e-05
1969-04-15,0.0
1969-04-16,0.0
1969-04-17,1.3007058e-05
1969-04-18,0.00016958184
1969-04-19,0.0
1969-04-20,0.0
1969-04-21,0.0
1969-04-22,3.7087335e-07
1969-04-23,0.0008773274
1969-04-24,0.000450227
1969-04-25,0.0
1969-04-26,0.0
1969-04-27,0.0
1969-04-28,1.8543668e-07
1969-04-29,2.6490954e-07
1969-04-30,1.2318293e-06
1969-05-01,3.385544e-05
1969-05-02,0.0
1969-05-03,1.2305048e-05
1969-05-04,3.973643e-08
1969-05-05,0.0
1969-05-06,0.0
1969-05-07,0.0
1969-05-08,0.0
1969-05-09,4.9935447e-06
1969-05-10,5.8809915e-06
1969-05-11,5.8280096e-07
1969-05-12,5.1869287e-05
1969-05-13,3.1656689e-06
1969-05-14,9.923511e-05
1969-05-15,0.0
1969-05-16,0.0
1969-05-17,4.7683716e-07
1969-05-18,4.239877e-05
1969-05-19,7.417467e-07
1969-05-20,0.0
1969-05-21,0.0
1969-05-22,0.0
1969-05-23,0.0
1969-05-24,1.2185839e-06
1969-05-25,1.0874536e-05
1969-05-26,6.747246e-05
1969-05-27,4.6345922e-05
1969-05-28,0.0
1969-05-29,0.0
1969-05-30,0.0
1969-05-31,0.0
1969-06-01,0.0
1969-06-02,0.0
1969-06-03,0.0
1969-06-04,3.947152e-06
1969-06-05,3.1789145e-07
1969-06-06,0.0
1969-06-07,1.8543668e-07
1969-06-08,0.00021411313
1969-06-09,0.00043842528
1969-06-10,0.00012441476
1969-06-11,9.2837545e-05
1969-06-12,7.947286e-07
1969-06-13,7.361836e-05
1969-06-14,0.0001675023
1969-06-15,9.655952e-06
1969-06-16,4.1060975e-06
1969-06-17,3.7021106e-05
1969-06-18,4.6743287e-05
1969-06-19,0.00020016564
1969-06-20,4.0623876e-05
1969-06-21,7.947286e-08
1969-06-22,0.0
1969-06-23,4.702144e-06
1969-06-24,2.6490953e-08
1969-06-25,4.026625e-06
1969-06-26,1.5894572e-07
1969-06-27,1.7232365e-05
1969-06-28,1.3245477e-08
1969-06-29,0.0
1969-06-30,0.0
1969-07-01,0.0
1969-07-02,0.0
1969-07-03,0.0
1969-07-04,0.0
1969-07-05,2.251731e-07
1969-07-06,0.0
1969-07-07,0.0
1969-07-08,0.0
1969-07-09,9.801653e-07
1969-07-10,0.0
1969-07-11,0.0
1969-07-12,0.0
1969-07-13,0.0
1969-07-14,0.0
1969-07-15,0.0
1969-07-16,0.0
1969-07-17,0.0
1969-07-18,0.0
1969-07-19,0.0
1969-07-20,0.0
1969-07-21,0.0
1969-07-22,0.0
1969-07-23,1.0463926e-06
1969-07-24,0.0
1969-07-25,0.0
1969-07-26,0.0
1969-07-27,0.0
1969-07-28,0.0
1969-07-29,0.0
1969-07-30,0.0
1969-07-31,0.0
1969-08-01,0.0
1969-08-02,0.0
1969-08-03,0.0
1969-08-04,0.0
1969-08-05,0.0
1969-08-06,0.0
1969-08-07,0.0
1969-08-08,0.0
1969-08-09,0.0
1969-08-10,0.0
1969-08-11,0.0
1969-08-12,0.0
1969-08-13,0.0
1969-08-14,0.0
1969-08-15,0.0
1969-08-16,0.0
1969-08-17,0.0
1969-08-18,0.0
1969-08-19,0.0
1969-08-20,0.0
1969-08-21,0.0
1969-08-22,0.0
1969-08-23,0.0
1969-08-24,0.0
1969-08-25,0.0
1969-08-26,0.0
1969-08-27,0.0
1969-08-28,0.0
1969-08-29,0.0
1969-08-30,0.0
1969-08-31,0.0
1969-09-01,0.0
1969-09-02,0.0
1969-09-03,0.0
1969-09-04,0.0
1969-09-05,0.0
1969-09-06,0.0
1969-09-07,7.1525574e-07
1969-09-08,1.6424391e-06
1969-09-09,0.0
1969-09-10,0.0
1969-09-11,0.0
1969-09-12,0.0
1969-09-13,0.0
1969-09-14,0.0
1969-09-15,0.0
1969-09-16,0.0
1969-09-17,0.0
1969-09-18,0.00016729037
1969-09-19,7.0465935e-06
1969-09-20,1.0357962e-05
1969-09-21,0.0
1969-09-22,0.0
1969-09-23,0.0
1969-09-24,0.0
1969-09-25,0.0
1969-09-26,0.0
1969-09-27,4.503462e-07
1969-09-28,0.0
1969-09-29,6.357829e-07
1969-09-30,5.2981907e-08
1969-10-01,0.0
1969-10-02,2.1192763e-07
1969-10-03,0.0
1969-10-04,0.0
1969-10-05,0.0
1969-10-06,0.0
1969-10-07,0.0
1969-10-08,0.0001332495
1969-10-09,0.0
1969-10-10,6.171068e-05
1969-10-11,0.0
1969-10-12,0.0
1969-10-13,0.0
1969-10-14,0.00028186373
1969-10-15,0.0007113152
1969-10-16,0.0010630158
1969-10-17,0.00016122394
1969-10-18,1.05963814e-07
1969-10-19,0.0
1969-10-20,0.0
1969-10-21,0.0
1969-10-22,0.0
1969-10-23,4.2385525e-07
1969-10-24,0.00011089113
1969-10-25,8.013513e-06
1969-10-26,6.903542e-05
1969-10-27,4.0133796e-06
1969-10-28,0.0
1969-10-29,0.0
1969-10-30,0.0
1969-10-31,0.0
1969-11-01,0.0
1969-11-02,0.0
1969-11-03,0.0
1969-11-04,1.26626755e-05
1969-11-05,0.0020523733
1969-11-06,0.00018513203
1969-11-07,0.0007146464
1969-11-08,0.00069802336
1969-11-09,0.0
1969-11-10,0.0
1969-11-11,0.0
1969-11-12,0.0
1969-11-13,0.0
1969-11-14,0.0
1969-11-15,4.7193633e-05
1969-11-16,4.786915e-05
1969-11-17,0.0
1969-11-18,0.0
1969-11-19,0.0
1969-11-20,0.0
1969-11-21,0.0
1969-11-22,0.0
1969-11-23,0.0
1969-11-24,0.0
1969-11-25,0.0
1969-11-26,0.0
1969-11-27,0.0
1969-11-28,0.0
1969-11-29,0.0
1969-11-30,0.0
1969-12-01,0.0
1969-12-02,0.0
1969-12-03,0.0
1969-12-04,5.2981907e-08
1969-12-05,0.0
1969-12-06,8.556578e-06
1969-12-07,1.11262e-06
1969-12-08,0.00027236674
1969-12-09,0.00032381216
1969-12-10,0.0008147425
1969-12-11,0.0016854075
1969-12-12,0.0026197433
1969-12-13,0.0012107226
1969-12-14,0.0005808274
1969-12-15,5.49025e-05
1969-12-16,4.86109e-05
1969-12-17,0.00025492243
1969-12-18,0.00032597117
1969-12-19,0.001643406
1969-12-20,0.0010033183
1969-12-21,0.0022768313
1969-12-22,4.675653e-06
1969-12-23,0.001218862
1969-12-24,0.00010212263
1969-12-25,0.00114327
1969-12-26,0.0001196199
1969-12-27,3.461043e-05
1969-12-28,5.695555e-07
1969-12-29,0.0
1969-12-30,0.0
1969-12-31,0.0
1970-01-01,0.0
1970-01-02,0.0
1970-01-03,0.0
1970-01-04,6.6227386e-08
1970-01-05,0.0
1970-01-06,0.0
1970-01-07,3.144476e-05
1970-01-08,0.0009053416
1970-01-09,0.0022371279
1970-01-10,0.000844068
1970-01-11,0.0006565915
1970-01-12,0.00097253587
1970-01-13,0.0016984277
1970-01-14,0.0021293825
1970-01-15,0.00035468736
1970-01-16,0.002002822
1970-01-17,0.00080645084
1970-01-18,0.0003512038
1970-01-19,0.0008134842
1970-01-20,0.00049775175
1970-01-21,0.0028753679
1970-01-22,0.0014584991
1970-01-23,0.0022042328
1970-01-24,0.0014120473
1970-01-25,0.00022652413
1970-01-26,0.0008839369
1970-01-27,0.00073929626
1970-01-28,1.3245477e-07
1970-01-29,4.609426e-06
1970-01-30,3.438526e-05
1970-01-31,0.00036346912
1970-02-01,2.488825e-05
1970-02-02,0.0
1970-02-03,0.0
1970-02-04,0.0
1970-02-05,6.814798e-06
1970-02-06,1.001358e-05
1970-02-07,0.0
1970-02-08,0.0
1970-02-09,0.0
1970-02-10,2.6490954e-07
1970-02-11,0.00014317036
1970-02-12,0.0008615653
1970-02-13,0.0012420681
1970-02-14,2.7736029e-05
1970-02-15,1.1656019e-06
1970-02-16,0.00088120834
1970-02-17,0.00035414431
1970-02-18,1.3483896e-05
1970-02-19,0.0
1970-02-20,0.0
1970-02-21,0.0
1970-02-22,0.0
1970-02-23,0.0
1970-02-24,0.0
1970-02-25,0.0
1970-02-26,0.0
1970-02-27,0.0
1970-02-28,0.0006702476
1970-03-01,0.0005503893
1970-03-02,7.3777305e-06
1970-03-03,0.000101036494
1970-03-04,0.0009710524
1970-03-05,8.172459e-06
1970-03-06,0.0
1970-03-07,0.00033435557
1970-03-08,0.00037169456
1970-03-09,0.00012894471
1970-03-10,0.00028938055
1970-03-11,0.00044794878
1970-03-12,0.000107354586
1970-03-13,5.0875875e-05
1970-03-14,0.00032072596
1970-03-15,0.0
1970-03-16,9.934107e-07
1970-03-17,6.622738e-07
1970-03-18,0.0
1970-03-19,0.0
1970-03-20,0.0
1970-03-21,0.0
1970-03-22,0.0
1970-03-23,0.0
1970-03-24,0.0
1970-03-25,0.0
1970-03-26,2.6490953e-08
1970-03-27,0.0
1970-03-28,0.0
1970-03-29,0.0
1970-03-30,3.390842e-06
1970-03-31,0.0
1970-04-01,0.0
1970-04-02,0.0
1970-04-03,0.0
1970-04-04,0.0
1970-04-05,0.0
1970-04-06,2.4901497e-06
1970-04-07,0.0
1970-04-08,0.0
1970-04-09,0.0
1970-04-10,1.0463927e-05
1970-04-11,0.0
1970-04-12,0.0
1970-04-13,0.00029325485
1970-04-14,5.0200357e-05
1970-04-15,2.3643175e-05
1970-04-16,8.119478e-06
1970-04-17,0.0
1970-04-18,8.516841e-06
1970-04-19,8.0770915e-05
1970-04-20,8.60956e-07
1970-04-21,1.0450681e-05
1970-04-22,8.238687e-06
1970-04-23,9.669197e-07
1970-04-24,0.0
1970-04-25,5.510118e-06
1970-04-26,0.00011101034
1970-04-27,2.2066964e-05
1970-04-28,3.2848782e-06
1970-04-29,1.3245477e-08
1970-04-30,2.6490953e-08
1970-05-01,0.0
1970-05-02,0.0
1970-05-03,4.2385527e-06
1970-05-04,3.973643e-07
1970-05-05,0.0
1970-05-06,0.000103367696
1970-05-07,0.0
1970-05-08,0.000130309
1970-05-09,0.00020133125
1970-05-10,3.484885e-05
1970-05-11,0.00033382574
1970-05-12,2.026558e-06
1970-05-13,0.0
1970-05-14,0.0
1970-05-15,0.0
1970-05-16,0.0
1970-05-17,6.6227386e-08
1970-05-18,0.0
1970-05-19,6.808175e-06
1970-05-20,1.05963814e-07
1970-05-21,0.0
1970-05-22,1.05963814e-07
1970-05-23,0.0
1970-05-24,0.0
1970-05-25,0.0
1970-05-26,2.1855037e-06
1970-05-27,7.6823767e-07
1970-05-28,0.0
1970-05-29,0.0
1970-05-30,0.0
1970-05-31,0.0
1970-06-01,0.0
1970-06-02,6.357829e-07
1970-06-03,0.0
1970-06-04,0.0
1970-06-05,0.0
1970-06-06,0.0
1970-06-07,0.0
1970-06-08,6.784333e-05
1970-06-09,0.0003998412
1970-06-10,5.6505203e-05
1970-06-11,0.0
1970-06-12,4.907449e-05
1970-06-13,0.000109891094
1970-06-14,8.4122024e-05
1970-06-15,6.7154565e-06
1970-06-16,1.1920929e-06
1970-06-17,5.2981907e-08
1970-06-18,0.0
1970-06-19,0.0
1970-06-20,0.0
1970-06-21,4.3710074e-07
1970-06-22,0.0
1970-06-23,2.556377e-06
1970-06-24,0.0
1970-06-25,6.6227386e-08
1970-06-26,1.0437436e-05
1970-06-27,3.1259324e-06
1970-06-28,0.00063306757
1970-06-29,0.0
1970-06-30,0.0
1970-07-01,0.0
1970-07-02,0.0
1970-07-03,7.285012e-07
1970-07-04,0.0
1970-07-05,0.0
1970-07-06,0.0
1970-07-07,1.7219119e-07
1970-07-08,0.0
1970-07-09,0.0
1970-07-10,0.0
1970-07-11,0.0
1970-07-12,0.0
1970-07-13,0.0
1970-07-14,0.0
1970-07-15,0.0
1970-07-16,0.0
1970-07-17,0.0
1970-07-18,0.0
1970-07-19,0.0
1970-07-20,0.0
1970-07-21,0.0
1970-07-22,0.0
1970-07-23,0.0
1970-07-24,0.0
1970-07-25,0.0
1970-07-26,0.0
1970-07-27,0.0
1970-07-28,2.4437904e-05
1970-07-29,2.6490953e-08
1970-07-30,0.0
1970-07-31,0.0
1970-08-01,0.0
1970-08-02,0.0
1970-08-03,0.0
1970-08-04,0.0
1970-08-05,0.0
1970-08-06,0.0
1970-08-07,0.0
1970-08-08,0.0
1970-08-09,0.0
1970-08-10,0.0
1970-08-11,0.0
1970-08-12,0.0
1970-08-13,0.0
1970-08-14,0.0
1970-08-15,0.0
1970-08-16,0.0
1970-08-17,0.0
1970-08-18,0.0
1970-08-19,0.0
1970-08-20,0.0
1970-08-21,0.0
1970-08-22,0.0
1970-08-23,0.0
1970-08-24,0.0
1970-08-25,0.0
1970-08-26,0.0
1970-08-27,0.0
1970-08-28,0.0
1970-08-29,3.0199687e-06
1970-08-30,0.0
1970-08-31,0.0
1970-09-01,0.0
1970-09-02,0.0
1970-09-03,0.0
1970-09-04,5.663766e-05
1970-09-05,0.0
1970-09-06,0.0
1970-09-07,0.0
1970-09-08,0.0
1970-09-09,0.0
1970-09-10,0.0
1970-09-11,0.0
1970-09-12,0.0
1970-09-13,2.1192763e-07
1970-09-14,0.0
1970-09-15,0.0
1970-09-16,0.0
1970-09-17,0.0
1970-09-18,2.6490953e-08
1970-09-19,8.19895e-06
1970-09-20,4.1060977e-07
1970-09-21,0.0
1970-09-22,0.0
1970-09-23,0.0
1970-09-24,0.0
1970-09-25,0.0
1970-09-26,0.0
1970-09-27,0.0
1970-09-28,0.0
1970-09-29,0.0
1970-09-30,0.0
1970-10-01,0.0
1970-10-02,0.0
1970-10-03,0.0
1970-10-04,5.9604645e-06
1970-10-05,0.0
1970-10-06,0.0
1970-10-07,0.0
1970-10-08,0.0
1970-10-09,0.0
1970-10-10,0.0
1970-10-11,0.0
1970-10-12,0.0
1970-10-13,0.0
1970-10-14,0.0
1970-10-15,0.0
1970-10-16,0.0
1970-10-17,0.0
1970-10-18,0.00017025735
1970-10-19,1.0106299e-05
1970-10-20,0.000690288
1970-10-21,0.0008376704
1970-10-22,0.0006632275
1970-10-23,0.0012237893
1970-10-24,0.00011372566
1970-10-25,0.00012348758
1970-10-26,1.086129e-06
1970-10-27,0.0
1970-10-28,0.0
1970-10-29,0.0
1970-10-30,0.0
1970-10-31,5.139245e-06
1970-11-01,0.0
1970-11-02,0.0
1970-11-03,0.0
1970-11-04,0.001874672
1970-11-05,0.002276871
1970-11-06,0.0010019806
1970-11-07,0.00056895945
1970-11-08,0.0007121298
1970-11-09,0.0017370912
1970-11-10,7.947286e-08
1970-11-11,0.0006233056
1970-11-12,0.00014278624
1970-11-13,0.0
1970-11-14,0.0
1970-11-15,3.5458143e-05
1970-11-16,1.4026959e-05
1970-11-17,0.0
1970-11-18,1.5894572e-07
1970-11-19,0.0
1970-11-20,0.0
1970-11-21,5.800194e-05
1970-11-22,2.5961133e-05
1970-11-23,0.00044523345
1970-11-24,0.00073758763
1970-11-25,0.0012310611
1970-11-26,3.0199686e-05
1970-11-27,0.0022944873
1970-11-28,0.0019482904
1970-11-29,0.0005412764
1970-11-30,0.0012756321
1970-12-01,0.00067036017
1970-12-02,0.0009978613
1970-12-03,0.0017182032
1970-12-04,0.0010284848
1970-12-05,0.00042507384
1970-12-06,0.00027680397
1970-12-07,0.0008720689
1970-12-08,0.0010640356
1970-12-09,8.026759e-06
1970-12-10,0.0
1970-12-11,8.0797406e-07
1970-12-12,0.0
1970-12-13,4.26107e-05
1970-12-14,0.00013138188
1970-12-15,0.000838293
1970-12-16,0.0010798773
1970-12-17,0.00028698973
1970-12-18,0.00026558505
1970-12-19,0.0
1970-12-20,0.0005794499
1970-12-21,0.0004949967
1970-12-22,6.410811e-06
1970-12-23,4.5696893e-06
1970-12-24,0.0
1970-12-25,0.0
1970-12-26,3.3047465e-05
1970-12-27,0.00022518635
1970-12-28,0.0010271602
1970-12-29,0.0013414887
1970-12-30,0.00011199051
1970-12-31,0.00015877353
1971-01-01,9.755293e-05
1971-01-02,1.9934443e-05
1971-01-03,0.0
1971-01-04,0.0
1971-01-05,0.0
1971-01-06,0.0
1971-01-07,0.0
1971-01-08,0.0
1971-01-09,2.3179584e-06
1971-01-10,0.0005993578
1971-01-11,0.0008649959
1971-01-12,0.0005271435
1971-01-13,0.0007300112
1971-01-14,0.0009067191
1971-01-15,0.0016106764
1971-01-16,0.0017673174
1971-01-17,0.00050861307
1971-01-18,0.00014311737
1971-01-19,4.6359168e-07
1971-01-20,1.180172e-05
1971-01-21,0.0
1971-01-22,2.6490953e-08
1971-01-23,0.0
1971-01-24,5.2981907e-08
1971-01-25,9.271834e-08
1971-01-26,0.0
1971-01-27,0.0
1971-01-28,0.0
1971-01-29,0.0
1971-01-30,0.0
1971-01-31,0.0
1971-02-01,0.0
1971-02-02,3.8411883e-07
1971-02-03,0.0
1971-02-04,2.4106766e-06
1971-02-05,4.4637254e-06
1971-02-06,3.7087335e-07
1971-02-07,0.0
1971-02-08,0.0
1971-02-09,0.0
1971-02-10,0.0
1971-02-11,0.0
1971-02-12,0.0
1971-02-13,0.0
1971-02-14,3.9868883e-06
1971-02-15,0.00011395084
1971-02-16,8.742015e-07
1971-02-17,1.6676055e-05
1971-02-18,0.00020860301
1971-02-19,0.00032974614
1971-02-20,0.0
1971-02-21,8.2121954e-07
1971-02-22,7.669131e-05
1971-02-23,7.364485e-06
1971-02-24,2.0331807e-05
1971-02-25,7.722113e-06
1971-02-26,2.7815502e-06
1971-02-27,0.00036962828
1971-02-28,0.00011213621
1971-03-01,1.7086664e-06
1971-03-02,1.3510386e-06
1971-03-03,6.681681e-05
1971-03-04,0.00033480593
1971-03-05,9.006924e-07
1971-03-06,3.5762787e-07
1971-03-07,3.4186574e-05
1971-03-08,3.7087335e-07
1971-03-09,1.9603306e-06
1971-03-10,0.00013356739
1971-03-11,0.0016180542
1971-03-12,0.0026669502
1971-03-13,0.00027673773
1971-03-14,0.0007409917
1971-03-15,0.00019289387
1971-03-16,3.8146973e-06
1971-03-17,3.973643e-07
1971-03-18,0.0
1971-03-19,0.0
1971-03-20,0.0
1971-03-21,0.0
1971-03-22,2.7338663e-05
1971-03-23,0.0008034971
1971-03-24,0.00018539693
1971-03-25,0.0009506676
1971-03-26,0.0014053186
1971-03-27,1.01592805e-05
1971-03-28,0.0
1971-03-29,0.0
1971-03-30,9.377797e-06
1971-03-31,2.5166406e-07
1971-04-01,0.0
1971-04-02,0.0
1971-04-03,0.0
1971-04-04,0.0
1971-04-05,1.3245477e-08
1971-04-06,1.1139446e-05
1971-04-07,0.00017505222
1971-04-08,2.21067e-05
1971-04-09,0.00033315024
1971-04-10,0.00091775256
1971-04-11,1.6821755e-06
1971-04-12,0.0
1971-04-13,3.8610565e-06
1971-04-14,1.7152893e-06
1971-04-15,0.0
1971-04-16,0.00024243195
1971-04-17,9.994375e-05
1971-04-18,1.2185839e-06
1971-04-19,0.0
1971-04-20,0.0003385875
1971-04-21,1.8808576e-05
1971-04-22,4.989571e-05
1971-04-23,3.3219654e-05
1971-04-24,7.4307122e-06
1971-04-25,2.1192764e-06
1971-04-26,1.9868214e-07
1971-04-27,4.3710074e-07
1971-04-28,5.112754e-06
1971-04-29,2.4371677e-06
1971-04-30,0.0
1971-05-01,3.33786e-06
1971-05-02,3.2703083e-05
1971-05-03,0.0005854633
1971-05-04,0.00017713176
1971-05-05,1.3245477e-07
1971-05-06,1.721912e-06
1971-05-07,3.1908352e-05
1971-05-08,0.00010163254
1971-05-09,4.3710074e-07
1971-05-10,0.0
1971-05-11,2.8358565e-05
1971-05-12,4.8213533e-06
1971-05-13,0.00019905303
1971-05-14,0.0
1971-05-15,0.0
1971-05-16,1.7219119e-07
1971-05-17,0.0
1971-05-18,0.0
1971-05-19,0.0
1971-05-20,0.0
1971-05-21,1.3245477e-07
1971-05-22,7.947286e-08
1971-05-23,0.0
1971-05-24,8.0797406e-07
1971-05-25,4.5696893e-06
1971-05-26,0.00037577417
1971-05-27,0.00014837582
1971-05-28,0.00020551682
1971-05-29,0.00011413627
1971-05-30,2.237161e-05
1971-05-31,1.8702613e-05
1971-06-01,0.00018147628
1971-06-02,4.503462e-07
1971-06-03,4.9008263e-06
1971-06-04,5.888939e-05
1971-06-05,0.0
1971-06-06,0.0
1971-06-07,1.0066562e-06
1971-06-08,4.71539e-06
1971-06-09,2.3179584e-06
1971-06-10,6.026692e-06
1971-06-11,0.0
1971-06-12,0.0
1971-06-13,0.0
1971-06-14,0.0
1971-06-15,0.0
1971-06-16,0.0
1971-06-17,0.0
1971-06-18,1.7748939e-06
1971-06-19,1.2053383e-06
1971-06-20,0.0
1971-06-21,0.0
1971-06-22,0.0
1971-06-23,0.0
1971-06-24,0.0
1971-06-25,0.00011265278
1971-06-26,0.00048157905
1971-06-27,4.7604244e-05
1971-06-28,5.0200356e-06
1971-06-29,0.0
1971-06-30,3.947152e-06
1971-07-01,0.0
1971-07-02,0.0
1971-07-03,0.0
1971-07-04,0.0
1971-07-05,0.0
1971-07-06,0.0
1971-07-07,0.0
1971-07-08,5.2981907e-08
1971-07-09,5.2981907e-08
1971-07-10,0.0
1971-07-11,0.0
1971-07-12,0.0
1971-07-13,0.0
1971-07-14,0.0
1971-07-15,0.0
1971-07-16,0.0
1971-07-17,0.0
1971-07-18,1.3179249e-05
1971-07-19,3.4438239e-07
1971-07-20,0.0
1971-07-21,0.0
1971-07-22,0.0
1971-07-23,0.0
1971-07-24,0.0
1971-07-25,0.0
1971-07-26,0.0
1971-07-27,0.0
1971-07-28,0.0
1971-07-29,0.0
1971-07-30,0.0
1971-07-31,2.5431316e-06
1971-08-01,0.0
1971-08-02,0.0
1971-08-03,0.0
1971-08-04,0.0
1971-08-05,0.0
1971-08-06,0.0
1971-08-07,0.0
1971-08-08,0.0
1971-08-09,0.0
1971-08-10,0.0
1971-08-11,0.0
1971-08-12,0.0
1971-08-13,0.0
1971-08-14,0.0
1971-08-15,0.0
1971-08-16,0.0
1971-08-17,0.0
1971-08-18,0.0
1971-08-19,0.0
1971-08-20,0.0
1971-08-21,0.0
1971-08-22,3.7087335e-07
1971-08-23,0.0
1971-08-24,0.0
1971-08-25,0.0
1971-08-26,0.0
1971-08-27,1.1748738e-05
1971-08-28,0.0
1971-08-29,0.0
1971-08-30,0.0
1971-08-31,4.2835873e-05
1971-09-01,0.0
1971-09-02,0.0
1971-09-03,0.0
1971-09-04,0.0
1971-09-05,7.947286e-08
1971-09-06,1.8119812e-05
1971-09-07,0.0
1971-09-08,0.0
1971-09-09,0.0
1971-09-10,0.0
1971-09-11,0.0
1971-09-12,0.0
1971-09-13,0.0
1971-09-14,0.0
1971-09-15,0.0
1971-09-16,0.0
1971-09-17,0.0
1971-09-18,0.0
1971-09-19,0.0
1971-09-20,0.0
1971-09-21,0.0
1971-09-22,0.0
1971-09-23,0.0
1971-09-24,0.0
1971-09-25,0.00029314889
1971-09-26,0.0003675752
1971-09-27,9.1393787e-07
1971-09-28,5.287594e-05
1971-09-29,0.0005328788
1971-09-30,1.5152826e-05
1971-10-01,0.0
1971-10-02,0.0
1971-10-03,0.0
1971-10-04,0.0
1971-10-05,0.0
1971-10-06,0.0
1971-10-07,0.0
1971-10-08,0.0
1971-10-09,0.0
1971-10-10,0.0
1971-10-11,0.0
1971-10-12,0.0
1971-10-13,0.0
1971-10-14,0.0
1971-10-15,7.2201095e-05
1971-10-16,2.5914775e-05
1971-10-17,7.947286e-08
1971-10-18,7.947286e-08
1971-10-19,0.0004892349
1971-10-20,0.00032532215
1971-10-21,0.0
1971-10-22,0.0
1971-10-23,0.00019492043
1971-10-24,0.0
1971-10-25,0.0
1971-10-26,3.9868883e-06
1971-10-27,1.2622939e-05
1971-10-28,0.0
1971-10-29,0.0
1971-10-30,6.6889654e-05
1971-10-31,8.60956e-06
1971-11-01,0.0
1971-11-02,1.3245477e-08
1971-11-03,0.0
1971-11-04,0.0
1971-11-05,0.0
1971-11-06,0.0
1971-11-07,2.3312039e-06
1971-11-08,0.0
1971-11-09,0.00041247738
1971-11-10,0.00027090975
1971-11-11,0.0011074676
1971-11-12,0.0004689561
1971-11-13,0.001497825
1971-11-14,1.4159415e-05
1971-11-15,1.1920929e-07
1971-11-16,0.0
1971-11-17,0.0
1971-11-18,0.0
1971-11-19,0.0
1971-11-20,0.0
1971-11-21,0.0
1971-11-22,0.0
1971-11-23,3.9299328e-05
1971-11-24,0.0003262361
1971-11-25,1.5351507e-05
1971-11-26,0.00065109466
1971-11-27,0.0003980928
1971-11-28,0.001397464
1971-11-29,0.00041039786
1971-11-30,1.1920929e-07
1971-12-01,0.0
1971-12-02,0.0007777479
1971-12-03,0.0005396075
1971-12-04,8.212195e-06
1971-12-05,0.00015011098
1971-12-06,0.00022444461
1971-12-07,1.4570024e-07
1971-12-08,1.3801787e-05
1971-12-09,0.00014980634
1971-12-10,0.00050934154
1971-12-11,0.00014385249
1971-12-12,0.001224041
1971-12-13,2.5497542e-05
1971-12-14,0.00012433529
1971-12-15,1.1457338e-05
1971-12-16,0.0
1971-12-17,0.0
1971-12-18,0.0
1971-12-19,0.0
1971-12-20,6.225374e-07
1971-12-21,0.00025509464
1971-12-22,0.002147542
1971-12-23,0.00071814324
1971-12-24,0.001297156
1971-12-25,0.0007480383
1971-12-26,0.00043663714
1971-12-27,3.202756e-05
1971-12-28,2.6490953e-08
1971-12-29,0.00012358029
1971-12-30,2.7683045e-06
1971-12-31,0.0
1972-01-01,0.0
1972-01-02,0.0
1972-01-03,1.3245477e-08
1972-01-04,0.0
1972-01-05,0.0
1972-01-06,0.0
1972-01-07,0.0
1972-01-08,3.973643e-08
1972-01-09,0.0
1972-01-10,1.7219119e-07
1972-01-11,1.9868214e-07
1972-01-12,3.194809e-05
1972-01-13,8.0797406e-07
1972-01-14,0.0
1972-01-15,0.0
1972-01-16,0.0
1972-01-17,2.5497543e-06
1972-01-18,0.00019228458
1972-01-19,0.0001601643
1972-01-20,0.0007560253
1972-01-21,0.0014491744
1972-01-22,0.0012389818
1972-01-23,0.00070897077
1972-01-24,0.0
1972-01-25,0.0003092289
1972-01-26,5.997552e-05
1972-01-27,0.0011084013
1972-01-28,0.00017042954
1972-01-29,1.5232298e-06
1972-01-30,0.0
1972-01-31,0.0
1972-02-01,3.5630333e-06
1972-02-02,0.0
1972-02-03,6.583002e-06
1972-02-04,0.00024653805
1972-02-05,0.00031118921
1972-02-06,0.00027370453
1972-02-07,6.834666e-06
1972-02-08,7.4439577e-06
1972-02-09,0.0
1972-02-10,0.0
1972-02-11,0.0
1972-02-12,0.0
1972-02-13,4.2385525e-07
1972-02-14,7.1525574e-06
1972-02-15,5.033281e-07
1972-02-16,2.6490953e-08
1972-02-17,0.0
1972-02-18,0.0
1972-02-19,1.41859055e-05
1972-02-20,0.0006221135
1972-02-21,0.0002814399
1972-02-22,0.0006828441
1972-02-23,0.0008245177
1972-02-24,0.0005639659
1972-02-25,0.00013360713
1972-02-26,0.00086059835
1972-02-27,4.8531427e-05
1972-02-28,0.0013886028
1972-02-29,0.0006899569
1972-03-01,0.00029945374
1972-03-02,0.001595325
1972-03-03,0.00065537955
1972-03-04,3.6345587e-05
1972-03-05,0.0
1972-03-06,0.0
1972-03-07,0.0
1972-03-08,0.0
1972-03-09,1.1271901e-05
1972-03-10,0.00064574345
1972-03-11,0.00011846754
1972-03-12,0.00015321042
1972-03-13,0.0001893176
1972-03-14,0.0
1972-03-15,0.0
1972-03-16,0.0
1972-03-17,7.390976e-06
1972-03-18,1.5397867e-05
1972-03-19,0.0
1972-03-20,0.0
1972-03-21,6.4902833e-06
1972-03-22,0.0011525021
1972-03-23,4.1557683e-05
1972-03-24,0.00017077393
1972-03-25,0.000115421084
1972-03-26,2.6490953e-08
1972-03-27,0.0
1972-03-28,0.0
1972-03-29,0.0
1972-03-30,0.0
1972-03-31,0.0
1972-04-01,4.002783e-05
1972-04-02,0.00016718441
1972-04-03,2.9802322e-06
1972-04-04,1.8808576e-05
1972-04-05,0.0006609228
1972-04-06,0.0008338425
1972-04-07,0.00010188421
1972-04-08,1.603365e-05
1972-04-09,0.0
1972-04-10,6.337961e-05
1972-04-11,0.00063649815
1972-04-12,0.0007107258
1972-04-13,1.4834934e-06
1972-04-14,0.0
1972-04-15,0.0
1972-04-16,2.9934777e-06
1972-04-17,0.0
1972-04-18,0.0
1972-04-19,0.0
1972-04-20,8.34465e-07
1972-04-21,3.0464596e-06
1972-04-22,0.0
1972-04-23,0.0
1972-04-24,0.0008472602
1972-04-25,7.947286e-08
1972-04-26,0.0
1972-04-27,6.622738e-07
1972-04-28,0.0
1972-04-29,5.2981907e-08
1972-04-30,0.0
1972-05-01,0.0
1972-05-02,0.0
1972-05-03,2.6490953e-08
1972-05-04,1.1523565e-06
1972-05-05,4.503462e-07
1972-05-06,2.556377e-06
1972-05-07,0.0005015797
1972-05-08,3.867679e-06
1972-05-09,4.9008264e-07
1972-05-10,0.0
1972-05-11,0.0
1972-05-12,0.0
1972-05-13,0.0
1972-05-14,0.0
1972-05-15,0.0
1972-05-16,6.890297e-05
1972-05-17,2.251731e-05
1972-05-18,8.1327225e-06
1972-05-19,0.00010160605
1972-05-20,0.00084006786
1972-05-21,0.00036938986
1972-05-22,7.90755e-06
1972-05-23,2.304713e-06
1972-05-24,4.2385525e-07
1972-05-25,0.0
1972-05-26,0.0
1972-05-27,0.0
1972-05-28,0.0
1972-05-29,0.0
1972-05-30,0.0
1972-05-31,0.0
1972-06-01,5.2981907e-08
1972-06-02,5.0200356e-06
1972-06-03,0.0
1972-06-04,0.0
1972-06-05,0.0
1972-06-06,9.020169e-06
1972-06-07,7.2717667e-06
1972-06-08,1.9603306e-06
1972-06-09,0.00035161444
1972-06-10,0.0003299316
1972-06-11,0.0
1972-06-12,0.0
1972-06-13,4.7683716e-07
1972-06-14,0.0
1972-06-15,0.0
1972-06-16,0.0
1972-06-17,0.0
1972-06-18,0.0
1972-06-19,0.0
1972-06-20,0.0
1972-06-21,0.0
1972-06-22,0.0
1972-06-23,1.7629729e-05
1972-06-24,5.298191e-07
1972-06-25,3.1789145e-07
1972-06-26,0.0
1972-06-27,0.0
1972-06-28,0.0
1972-06-29,0.0
1972-06-30,0.0
1972-07-01,0.0
1972-07-02,0.0
1972-07-03,0.0
1972-07-04,0.0
1972-07-05,0.0
1972-07-06,9.589725e-06
1972-07-07,0.0
1972-07-08,0.0
1972-07-09,0.0
1972-07-10,0.0
1972-07-11,0.0
1972-07-12,0.0
1972-07-13,0.0
1972-07-14,0.0
1972-07-15,0.0
1972-07-16,0.0
1972-07-17,0.0
1972-07-18,0.0
1972-07-19,1.3245477e-07
1972-07-20,1.9868214e-07
1972-07-21,5.298191e-07
1972-07-22,0.0
1972-07-23,0.0
1972-07-24,0.0
1972-07-25,0.0
1972-07-26,0.0
1972-07-27,0.0
1972-07-28,0.0
1972-07-29,1.18282105e-05
1972-07-30,0.0
1972-07-31,0.0
1972-08-01,0.0
1972-08-02,0.0
1972-08-03,0.0
1972-08-04,0.0
1972-08-05,0.0
1972-08-06,0.0
1972-08-07,1.8808577e-06
1972-08-08,1.3722314e-05
1972-08-09,3.3338863e-05
1972-08-10,2.1868282e-05
1972-08-11,0.0
1972-08-12,0.0
1972-08-13,0.0
1972-08-14,1.4980634e-05
1972-08-15,2.3855104e-05
1972-08-16,2.8808912e-05
1972-08-17,3.7352245e-06
1972-08-18,9.006924e-07
1972-08-19,0.0
1972-08-20,0.0
1972-08-21,0.0
1972-08-22,0.0
1972-08-23,0.0
1972-08-24,0.0
1972-08-25,0.0
1972-08-26,0.0
1972-08-27,0.0
1972-08-28,6.159147e-06
1972-08-29,6.490284e-07
1972-08-30,0.0
1972-08-31,0.0
1972-09-01,1.3245476e-06
1972-09-02,3.973643e-08
1972-09-03,1.0384454e-05
1972-09-04,1.7550257e-05
1972-09-05,2.8292337e-05
1972-09-06,0.0
1972-09-07,0.0
1972-09-08,0.0
1972-09-09,0.0
1972-09-10,0.0
1972-09-11,1.5060107e-05
1972-09-12,0.0
1972-09-13,0.0
1972-09-14,0.0
1972-09-15,7.417467e-07
1972-09-16,3.0994415e-06
1972-09-17,5.2981907e-08
1972-09-18,6.357829e-07
1972-09-19,7.814831e-06
1972-09-20,0.0
1972-09-21,0.0
1972-09-22,0.0
1972-09-23,0.0
1972-09-24,0.0
1972-09-25,0.0
1972-09-26,0.00030868582
1972-09-27,0.00048169825
1972-09-28,0.0
1972-09-29,0.0
1972-09-30,1.05963814e-07
1972-10-01,6.1790147e-06
1972-10-02,0.0
1972-10-03,0.0
1972-10-04,1.05963814e-07
1972-10-05,0.0
1972-10-06,0.0
1972-10-07,3.2570628e-05
1972-10-08,1.3801787e-05
1972-10-09,0.0007109642
1972-10-10,0.0013196203
1972-10-11,0.0013870134
1972-10-12,0.00016869439
1972-10-13,6.706185e-05
1972-10-14,0.00020788776
1972-10-15,0.0003121959
1972-10-16,4.4703484e-05
1972-10-17,0.00010222859
1972-10-18,1.6464128e-05
1972-10-19,0.0
1972-10-20,7.947286e-08
1972-10-21,0.0
1972-10-22,0.0
1972-10-23,0.0
1972-10-24,0.0
1972-10-25,0.0
1972-10-26,1.8543668e-07
1972-10-27,0.0
1972-10-28,1.7166138e-05
1972-10-29,3.973643e-07
1972-10-30,0.0
1972-10-31,0.0
1972-11-01,3.1073887e-05
1972-11-02,0.0001307461
1972-11-03,0.00044888258
1972-11-04,0.0014810165
1972-11-05,2.2477574e-05
1972-11-06,1.6066762e-05
1972-11-07,0.00044679642
1972-11-08,1.3086531e-05
1972-11-09,0.00040296052
1972-11-10,0.001063188
1972-11-11,0.0013465219
1972-11-12,1.3245477e-07
1972-11-13,0.0011718008
1972-11-14,0.0011993912
1972-11-15,0.0002559556
1972-11-16,0.0011193752
1972-11-17,0.0
1972-11-18,0.00029170513
1972-11-19,0.00054029626
1972-11-20,4.1060977e-07
1972-11-21,7.9499354e-05
1972-11-22,0.0
1972-11-23,0.0
1972-11-24,0.0
1972-11-25,0.0
1972-11-26,7.947286e-08
1972-11-27,0.0
1972-11-28,0.0
1972-11-29,0.0
1972-11-30,0.0
1972-12-01,0.0
1972-12-02,0.0
1972-12-03,0.00072781247
1972-12-04,0.00016654862
1972-12-05,7.112821e-06
1972-12-06,0.0007990466
1972-12-07,6.288952e-05
1972-12-08,8.0797406e-07
1972-12-09,2.6490954e-07
1972-12-10,9.271834e-08
1972-12-11,0.0
1972-12-12,4.8187045e-05
1972-12-13,1.7219119e-07
1972-12-14,0.0
1972-12-15,1.2980568e-06
1972-12-16,0.00031145415
1972-12-17,0.00060460303
1972-12-18,0.00077005225
1972-12-19,0.0013152758
1972-12-20,0.00015432305
1972-12-21,0.001058658
1972-12-22,0.0012367831
1972-12-23,0.00022474925
1972-12-24,0.00034104454
1972-12-25,0.0
1972-12-26,0.0
1972-12-27,0.00021363629
1972-12-28,2.9802322e-06
1972-12-29,0.0
1972-12-30,0.0
1972-12-31,0.0
1973-01-01,0.0
1973-01-02,2.0424524e-05
1973-01-03,4.0663614e-05
1973-01-04,9.801653e-07
1973-01-05,0.0
1973-01-06,1.1788475e-06
1973-01-07,0.0
1973-01-08,0.00021513303
1973-01-09,0.0019648075
1973-01-10,0.0005797015
1973-01-11,0.0019513898
1973-01-12,0.0012881093
1973-01-13,0.00053007074
1973-01-14,1.7351574e-06
1973-01-15,0.0002743933
1973-01-16,0.0030424728
1973-01-17,0.00057617825
1973-01-18,0.002034896
1973-01-19,1.291434e-05
1973-01-20,3.947152e-06
1973-01-21,0.0004056295
1973-01-22,0.0
1973-01-23,0.0
1973-01-24,0.00023431248
1973-01-25,0.00067883066
1973-01-26,1.3775295e-06
1973-01-27,0.0
1973-01-28,0.0
1973-01-29,0.00046896935
1973-01-30,0.00031630197
1973-01-31,0.00023259057
1973-02-01,0.0
1973-02-02,3.973643e-08
1973-02-03,4.2478245e-05
1973-02-04,0.0015212165
1973-02-05,0.0009829336
1973-02-06,0.00028190349
1973-02-07,0.00023051102
1973-02-08,4.4637254e-06
1973-02-09,0.00020942424
1973-02-10,0.0013040039
1973-02-11,0.0002579954
1973-02-12,0.00089723535
1973-02-13,0.00023538536
1973-02-14,0.0005260441
1973-02-15,4.000134e-06
1973-02-16,0.0
1973-02-17,0.0
1973-02-18,0.0
1973-02-19,0.0
1973-02-20,0.0
1973-02-21,0.0
1973-02-22,1.5099844e-06
1973-02-23,5.5631e-07
1973-02-24,0.0014159679
1973-02-25,0.00059738423
1973-02-26,0.0011443695
1973-02-27,0.00077831745
1973-02-28,0.0002748569
1973-03-01,0.0006311602
1973-03-02,1.8808577e-06
1973-03-03,0.00027546618
1973-03-04,3.9365557e-05
1973-03-05,5.0995086e-06
1973-03-06,0.0006646977
1973-03-07,4.131264e-05
1973-03-08,0.00014930301
1973-03-09,2.3841858e-07
1973-03-10,0.00080211955
1973-03-11,1.719263e-05
1973-03-12,0.0
1973-03-13,2.8742684e-06
1973-03-14,5.2981907e-08
1973-03-15,0.0
1973-03-16,1.2066629e-05
1973-03-17,0.00021962325
1973-03-18,2.6490954e-07
1973-03-19,0.0010473728
1973-03-20,0.0009969207
1973-03-21,0.00070393085
1973-03-22,9.271834e-08
1973-03-23,0.0
1973-03-24,0.0
1973-03-25,2.6490954e-07
1973-03-26,1.3245477e-07
1973-03-27,2.6888317e-06
1973-03-28,6.3114694e-06
1973-03-29,0.0
1973-03-30,0.00042618645
1973-03-31,0.00025085607
1973-04-01,1.2675921e-05
1973-04-02,0.0
1973-04-03,0.0
1973-04-04,0.0
1973-04-05,0.0
1973-04-06,0.0
1973-04-07,0.0
1973-04-08,0.0
1973-04-09,0.0
1973-04-10,8.34465e-07
1973-04-11,5.722046e-06
1973-04-12,0.00010678503
1973-04-13,0.00072627596
1973-04-14,9.8148985e-06
1973-04-15,2.1987491e-05
1973-04-16,0.00011879868
1973-04-17,0.000196894
1973-04-18,8.60956e-07
1973-04-19,1.1656019e-06
1973-04-20,3.973643e-08
1973-04-21,0.0
1973-04-22,0.0
1973-04-23,0.0
1973-04-24,0.0
1973-04-25,0.0
1973-04-26,3.7087334e-06
1973-04-27,2.8742684e-06
1973-04-28,6.728702e-06
1973-04-29,0.0
1973-04-30,0.0
1973-05-01,0.0
1973-05-02,3.7749608e-06
1973-05-03,6.861157e-06
1973-05-04,0.000117381416
1973-05-05,4.2385525e-07
1973-05-06,0.0
1973-05-07,2.6490953e-08
1973-05-08,0.0
1973-05-09,0.0
1973-05-10,0.0
1973-05-11,0.0
1973-05-12,0.0
1973-05-13,1.7258855e-05
1973-05-14,0.0
1973-05-15,5.8280096e-07
1973-05-16,5.2981907e-08
1973-05-17,8.159213e-06
1973-05-18,1.5099844e-06
1973-05-19,1.0993746e-06
1973-05-20,0.0
1973-05-21,0.0
1973-05-22,1.6424391e-06
1973-05-23,4.609426e-06
1973-05-24,0.0008140405
1973-05-25,0.00016552872
1973-05-26,0.0
1973-05-27,0.0
1973-05-28,0.0
1973-05-29,0.0
1973-05-30,3.9842394e-05
1973-05-31,6.739298e-05
1973-06-01,0.0
1973-06-02,0.0
1973-06-03,0.0
1973-06-04,0.0
1973-06-05,0.0
1973-06-06,0.0
1973-06-07,0.0
1973-06-08,0.0
1973-06-09,0.0
1973-06-10,0.0
1973-06-11,3.841188e-06
1973-06-12,0.0
1973-06-13,2.7683045e-06
1973-06-14,1.0199017e-06
1973-06-15,0.0
1973-06-16,7.6029037e-06
1973-06-17,5.2981907e-08
1973-06-18,0.0
1973-06-19,0.0
1973-06-20,0.0
1973-06-21,0.0
1973-06-22,2.6490953e-08
1973-06-23,0.0
1973-06-24,0.0
1973-06-25,0.0
1973-06-26,0.0
1973-06-27,0.0
1973-06-28,1.6424391e-06
1973-06-29,0.0
1973-06-30,0.0
1973-07-01,0.0
1973-07-02,0.0
1973-07-03,0.0
1973-07-04,0.0
1973-07-05,0.0
1973-07-06,0.0
1973-07-07,0.0
1973-07-08,0.0
1973-07-09,0.0
1973-07-10,0.0
1973-07-11,1.1920929e-07
1973-07-12,3.006723e-06
1973-07-13,0.0
1973-07-14,0.0
1973-07-15,1.5152826e-05
1973-07-16,2.8146638e-05
1973-07-17,0.0
1973-07-18,0.0
1973-07-19,5.165736e-07
1973-07-20,9.165869e-06
1973-07-21,0.0
1973-07-22,0.0
1973-07-23,0.0
1973-07-24,0.0
1973-07-25,0.0
1973-07-26,3.311369e-07
1973-07-27,0.0
1973-07-28,2.6490953e-08
1973-07-29,0.0
1973-07-30,0.0
1973-07-31,3.4438239e-07
1973-08-01,0.0
1973-08-02,0.0
1973-08-03,0.0
1973-08-04,0.0
1973-08-05,0.0
1973-08-06,0.0
1973-08-07,0.0
1973-08-08,0.0
1973-08-09,0.0
1973-08-10,0.0
1973-08-11,0.0
1973-08-12,0.0
1973-08-13,0.0
1973-08-14,0.0
1973-08-15,0.0
1973-08-16,0.0
1973-08-17,0.0
1973-08-18,0.0
1973-08-19,0.0
1973-08-20,0.0
1973-08-21,0.0
1973-08-22,0.0
1973-08-23,2.6490953e-08
1973-08-24,1.3245477e-07
1973-08-25,6.439951e-05
1973-08-26,0.0
1973-08-27,0.0
1973-08-28,0.0
1973-08-29,0.0
1973-08-30,0.0
1973-08-31,0.0
1973-09-01,0.0
1973-09-02,0.0
1973-09-03,0.0
1973-09-04,0.0
1973-09-05,0.0
1973-09-06,0.0
1973-09-07,0.0
1973-09-08,0.0
1973-09-09,0.0
1973-09-10,0.0
1973-09-11,0.0
1973-09-12,0.0
1973-09-13,0.0
1973-09-14,0.0
1973-09-15,0.0
1973-09-16,0.0
1973-09-17,0.0
1973-09-18,1.3245477e-07
1973-09-19,0.00050312944
1973-09-20,0.00072141486
1973-09-21,1.1920929e-07
1973-09-22,0.00037349595
1973-09-23,0.0005410247
1973-09-24,0.00028821494
1973-09-25,1.3245477e-08
1973-09-26,0.0
1973-09-27,0.0
1973-09-28,0.0
1973-09-29,0.0
1973-09-30,3.364351e-06
1973-10-01,7.311503e-06
1973-10-02,0.00010090404
1973-10-03,0.0
1973-10-04,0.0
1973-10-05,0.0
1973-10-06,3.5656823e-05
1973-10-07,0.0010597573
1973-10-08,0.00019963582
1973-10-09,1.7748939e-06
1973-10-10,0.0
1973-10-11,3.6557515e-06
1973-10-12,0.0
1973-10-13,0.0
1973-10-14,0.0
1973-10-15,0.0
1973-10-16,0.0
1973-10-17,0.0
1973-10-18,0.0
1973-10-19,0.0
1973-10-20,0.00038535066
1973-10-21,0.0012405978
1973-10-22,0.0024753942
1973-10-23,0.0021122163
1973-10-24,2.4239223e-06
1973-10-25,4.503462e-07
1973-10-26,1.3245477e-07
1973-10-27,0.0
1973-10-28,2.6490954e-07
1973-10-29,0.0
1973-10-30,0.0
1973-10-31,0.0
1973-11-01,4.556444e-05
1973-11-02,2.7683045e-06
1973-11-03,6.5909495e-05
1973-11-04,0.00027783713
1973-11-05,0.0021034214
1973-11-06,0.0020430353
1973-11-07,0.0006444587
1973-11-08,0.0010038085
1973-11-09,0.0010081133
1973-11-10,0.0014606847
1973-11-11,0.00368917
1973-11-12,0.0025209982
1973-11-13,0.0014544858
1973-11-14,0.00078279444
1973-11-15,0.0007498397
1973-11-16,0.001566463
1973-11-17,0.0016967721
1973-11-18,0.00085296895
1973-11-19,0.0
1973-11-20,0.00033042167
1973-11-21,0.00030012926
1973-11-22,0.00043204095
1973-11-23,7.400248e-05
1973-11-24,0.00024765066
1973-11-25,0.00019247002
1973-11-26,1.2967322e-05
1973-11-27,0.00031658015
1973-11-28,0.00028573142
1973-11-29,0.001079215
1973-11-30,0.0028777916
1973-12-01,0.0012700028
1973-12-02,5.294217e-05
1973-12-03,4.1060977e-07
1973-12-04,0.0
1973-12-05,1.4695856e-05
1973-12-06,1.61065e-05
1973-12-07,0.00061236485
1973-12-08,5.2054725e-06
1973-12-09,0.0
1973-12-10,0.0
1973-12-11,0.0008884933
1973-12-12,0.00039033094
1973-12-13,0.0007685423
1973-12-14,0.00035717752
1973-12-15,3.3828946e-05
1973-12-16,3.2305717e-05
1973-12-17,0.00085875724
1973-12-18,5.801519e-06
1973-12-19,0.0
1973-12-20,0.00016976727
1973-12-21,0.0017987224
1973-12-22,0.00038030412
1973-12-23,0.00031506352
1973-12-24,0.00013015006
1973-12-25,0.00011913644
1973-12-26,0.0007436938
1973-12-27,0.0009133087
1973-12-28,0.0010588302
1973-12-29,0.0013218059
1973-12-30,1.1920929e-07
1973-12-31,6.043911e-05
1974-01-01,4.0398704e-06
1974-01-02,0.0
1974-01-03,0.00015302499
1974-01-04,8.172459e-06
1974-01-05,0.00033161376
1974-01-06,0.0004453659
1974-01-07,2.4212732e-05
1974-01-08,0.0
1974-01-09,0.0
1974-01-10,0.0
1974-01-11,8.940697e-06
1974-01-12,0.0010940499
1974-01-13,0.0012119213
1974-01-14,0.0019786756
1974-01-15,0.003156609
1974-01-16,0.0042991242
1974-01-17,0.0007737742
1974-01-18,0.0018579165
1974-01-19,0.0007653634
1974-01-20,1.417266e-06
1974-01-21,5.2981907e-08
1974-01-22,0.0
1974-01-23,0.0
1974-01-24,0.0
1974-01-25,2.5166406e-07
1974-01-26,4.3710074e-07
1974-01-27,0.0
1974-01-28,0.0
1974-01-29,0.0
1974-01-30,1.8384722e-05
1974-01-31,0.0008811553
1974-02-01,0.00056435005
1974-02-02,0.0
1974-02-03,0.0
1974-02-04,1.3245477e-08
1974-02-05,2.6490953e-08
1974-02-06,0.0
1974-02-07,0.0
1974-02-08,0.0
1974-02-09,0.0
1974-02-10,0.0
1974-02-11,2.0927853e-06
1974-02-12,0.00025469065
1974-02-13,2.1735827e-05
1974-02-14,1.3709068e-05
1974-02-15,2.3722649e-05
1974-02-16,0.0011078119
1974-02-17,2.1192763e-07
1974-02-18,0.00049421523
1974-02-19,0.00084743235
1974-02-20,0.0
1974-02-21,0.00051352713
1974-02-22,0.00020906661
1974-02-23,0.0
1974-02-24,0.0
1974-02-25,1.4609761e-05
1974-02-26,0.0006071329
1974-02-27,7.061163e-05
1974-02-28,0.0027788347
1974-03-01,0.000979556
1974-03-02,0.00092237524
1974-03-03,7.157856e-05
1974-03-04,1.5894572e-06
1974-03-05,3.0199687e-06
1974-03-06,0.00052428246
1974-03-07,0.0014932818
1974-03-08,2.6126703e-05
1974-03-09,0.0
1974-03-10,8.075767e-05
1974-03-11,0.0014172263
1974-03-12,0.0010390944
1974-03-13,1.8901295e-05
1974-03-14,5.1750078e-05
1974-03-15,6.357829e-07
1974-03-16,0.00018764866
1974-03-17,3.1193096e-05
1974-03-18,0.0
1974-03-19,0.0
1974-03-20,0.0
1974-03-21,8.34465e-07
1974-03-22,8.318159e-06
1974-03-23,0.0
1974-03-24,5.2981907e-08
1974-03-25,0.0003961722
1974-03-26,0.0006735987
1974-03-27,0.0011875895
1974-03-28,0.0013647875
1974-03-29,0.0030317837
1974-03-30,0.0017804437
1974-03-31,0.0001940396
1974-04-01,0.0019265148
1974-04-02,4.81738e-05
1974-04-03,1.9934441e-06
1974-04-04,0.0
1974-04-05,0.00016285313
1974-04-06,0.00013665359
1974-04-07,0.0
1974-04-08,2.0133124e-05
1974-04-09,0.0006744795
1974-04-10,6.6227386e-08
1974-04-11,5.2981907e-08
1974-04-12,0.0
1974-04-13,0.0
1974-04-14,0.0
1974-04-15,1.209312e-05
1974-04-16,0.0
1974-04-17,9.033415e-06
1974-04-18,0.00036812492
1974-04-19,2.78155e-07
1974-04-20,0.0
1974-04-21,0.0
1974-04-22,0.00012875927
1974-04-23,0.00068738725
1974-04-24,0.00033379925
1974-04-25,0.0003764497
1974-04-26,0.00019658936
1974-04-27,0.0
1974-04-28,0.0
1974-04-29,0.0
1974-04-30,0.0
1974-05-01,2.1457672e-06
1974-05-02,5.298191e-07
1974-05-03,0.0
1974-05-04,0.0
1974-05-05,0.0
1974-05-06,0.0
1974-05-07,7.947286e-08
1974-05-08,0.0
1974-05-09,0.0
1974-05-10,0.0
1974-05-11,0.0
1974-05-12,0.0
1974-05-13,0.0
1974-05-14,0.0
1974-05-15,5.8280096e-07
1974-05-16,6.708834e-05
1974-05-17,7.455879e-05
1974-05-18,4.9087736e-05
1974-05-19,3.1259324e-06
1974-05-20,3.1524235e-06
1974-05-21,2.8875138e-06
1974-05-22,0.0
1974-05-23,0.0
1974-05-24,0.0
1974-05-25,0.0
1974-05-26,0.0
1974-05-27,0.0
1974-05-28,7.285012e-07
1974-05-29,5.2981907e-08
1974-05-30,0.0
1974-05-31,0.0
1974-06-01,0.0
1974-06-02,3.5100513e-06
1974-06-03,1.3245476e-06
1974-06-04,0.0
1974-06-05,1.4305115e-06
1974-06-06,0.0
1974-06-07,0.0
1974-06-08,0.0
1974-06-09,0.0
1974-06-10,0.0
1974-06-11,0.0
1974-06-12,0.0
1974-06-13,0.0
1974-06-14,0.0
1974-06-15,0.0
1974-06-16,8.606911e-05
1974-06-17,7.814831e-06
1974-06-18,1.6901227e-05
1974-06-19,0.0003730456
1974-06-20,3.4438239e-07
1974-06-21,0.0
1974-06-22,0.0
1974-06-23,0.0
1974-06-24,0.0
1974-06-25,0.0
1974-06-26,0.0
1974-06-27,0.0
1974-06-28,0.0
1974-06-29,0.0
1974-06-30,4.2385525e-07
1974-07-01,0.0
1974-07-02,0.0
1974-07-03,0.0
1974-07-04,0.0
1974-07-05,0.0
1974-07-06,0.0
1974-07-07,1.8543668e-07
1974-07-08,0.0013055669
1974-07-09,0.00072626275
1974-07-10,0.00059995387
1974-07-11,1.2702412e-05
1974-07-12,0.0
1974-07-13,0.0
1974-07-14,0.0
1974-07-15,0.0
1974-07-16,0.0
1974-07-17,4.1060975e-06
1974-07-18,2.503395e-06
1974-07-19,0.0
1974-07-20,0.0
1974-07-21,0.0
1974-07-22,0.0
1974-07-23,0.0
1974-07-24,0.0
1974-07-25,0.0
1974-07-26,6.3975654e-05
1974-07-27,4.0398704e-06
1974-07-28,0.0
1974-07-29,0.0
1974-07-30,0.0
1974-07-31,0.0
1974-08-01,6.914139e-06
1974-08-02,3.33786e-06
1974-08-03,9.006924e-07
1974-08-04,5.9604645e-07
1974-08-05,3.867679e-06
1974-08-06,7.685026e-05
1974-08-07,6.6227386e-08
1974-08-08,0.0
1974-08-09,0.0
1974-08-10,0.0
1974-08-11,0.0
1974-08-12,0.0
1974-08-13,1.3642841e-06
1974-08-14,0.0
1974-08-15,0.0
1974-08-16,1.05963814e-07
1974-08-17,0.0
1974-08-18,0.0
1974-08-19,0.0
1974-08-20,0.0
1974-08-21,0.0
1974-08-22,0.0
1974-08-23,0.0
1974-08-24,0.0
1974-08-25,0.0
1974-08-26,0.0
1974-08-27,0.0
1974-08-28,0.0
1974-08-29,2.6226044e-06
1974-08-30,0.0
1974-08-31,0.0
1974-09-01,0.0
1974-09-02,0.0
1974-09-03,0.0
1974-09-04,0.0
1974-09-05,0.0
1974-09-06,0.0
1974-09-07,0.0
1974-09-08,0.0
1974-09-09,0.0
1974-09-10,0.0
1974-09-11,0.0
1974-09-12,0.0
1974-09-13,0.0
1974-09-14,0.0
1974-09-15,0.0
1974-09-16,0.0
1974-09-17,0.0
1974-09-18,0.0
1974-09-19,0.0
1974-09-20,0.0
1974-09-21,0.0
1974-09-22,0.0
1974-09-23,0.0
1974-09-24,0.0
1974-09-25,0.0
1974-09-26,0.0
1974-09-27,0.0
1974-09-28,0.0
1974-09-29,0.0
1974-09-30,0.0
1974-10-01,0.0
1974-10-02,0.0
1974-10-03,0.0
1974-10-04,0.0
1974-10-05,0.0
1974-10-06,0.0
1974-10-07,1.5894572e-07
1974-10-08,6.2916015e-06
1974-10-09,2.263652e-05
1974-10-10,0.0
1974-10-11,0.0
1974-10-12,0.0
1974-10-13,0.0
1974-10-14,0.0
1974-10-15,0.0
1974-10-16,0.0
1974-10-17,0.0
1974-10-18,0.0
1974-10-19,0.0
1974-10-20,0.0
1974-10-21,0.0
1974-10-22,0.0
1974-10-23,0.0
1974-10-24,0.0
1974-10-25,0.0
1974-10-26,1.6424391e-06
1974-10-27,0.00014360745
1974-10-28,0.0015492969
1974-10-29,4.86109e-06
1974-10-30,0.0
1974-10-31,0.0010316637
1974-11-01,2.0795399e-06
1974-11-02,0.0
1974-11-03,0.0
1974-11-04,0.0
1974-11-05,0.0
1974-11-06,0.0001052618
1974-11-07,0.0013669729
1974-11-08,1.5364752e-05
1974-11-09,0.0
1974-11-10,1.3245477e-08
1974-11-11,0.0
1974-11-12,0.0
1974-11-13,0.0
1974-11-14,0.0
1974-11-15,0.0
1974-11-16,0.0
1974-11-17,2.1987491e-06
1974-11-18,0.00031495094
1974-11-19,4.755126e-06
1974-11-20,5.2981907e-08
1974-11-21,0.0014095439
1974-11-22,3.4703148e-06
1974-11-23,0.0
1974-11-24,0.0
1974-11-25,0.0004719231
1974-11-26,0.0
1974-11-27,1.4437569e-06
1974-11-28,0.0
1974-11-29,0.0
1974-11-30,0.0
1974-12-01,0.0
1974-12-02,0.00086230703
1974-12-03,0.0023984644
1974-12-04,0.0014030271
1974-12-05,2.4729305e-05
1974-12-06,5.3538217e-05
1974-12-07,5.7485368e-06
1974-12-08,0.0
1974-12-09,1.1920929e-07
1974-12-10,0.0
1974-12-11,0.0001439386
1974-12-12,0.0007217195
1974-12-13,6.0107974e-05
1974-12-14,0.00018939708
1974-12-15,9.073152e-06
1974-12-16,0.0
1974-12-17,0.00010518233
1974-12-18,0.0
1974-12-19,1.2715658e-06
1974-12-20,1.417266e-06
1974-12-21,0.00015954839
1974-12-22,1.5205807e-05
1974-12-23,5.2981907e-08
1974-12-24,0.0
1974-12-25,0.0
1974-12-26,1.7616484e-06
1974-12-27,0.0017507209
1974-12-28,0.00012551414
1974-12-29,0.0
1974-12-30,1.3285213e-05
1974-12-31,0.0
1975-01-01,0.0
1975-01-02,0.0
1975-01-03,0.0
1975-01-04,0.00013185872
1975-01-05,0.00029391714
1975-01-06,0.00085937977
1975-01-07,0.0006092985
1975-01-08,0.0007460647
1975-01-09,2.623929e-05
1975-01-10,0.00017890666
1975-01-11,1.3245477e-08
1975-01-12,0.0
1975-01-13,0.0
1975-01-14,0.0
1975-01-15,0.0
1975-01-16,0.0
1975-01-17,0.0
1975-01-18,0.0
1975-01-19,0.0
1975-01-20,0.0
1975-01-21,0.0
1975-01-22,0.0
1975-01-23,0.0
1975-01-24,0.0
1975-01-25,1.3245477e-08
1975-01-26,8.948644e-05
1975-01-27,2.6490953e-08
1975-01-28,3.8716527e-05
1975-01-29,5.059772e-06
1975-01-30,0.0
1975-01-31,0.0013727215
1975-02-01,0.001397623
1975-02-02,0.0009650919
1975-02-03,0.0008000665
1975-02-04,0.00045786964
1975-02-05,0.0006991227
1975-02-06,0.00055951544
1975-02-07,0.0007944372
1975-02-08,0.00080158975
1975-02-09,0.0016012192
1975-02-10,0.0006980631
1975-02-11,0.0003956159
1975-02-12,0.0025900735
1975-02-13,0.0014099412
1975-02-14,1.6431013e-05
1975-02-15,0.0
1975-02-16,3.0967924e-05
1975-02-17,0.0
1975-02-18,1.1589792e-05
1975-02-19,0.0018338495
1975-02-20,7.4042214e-06
1975-02-21,0.0
1975-02-22,0.0
1975-02-23,0.0
1975-02-24,0.0
1975-02-25,0.0
1975-02-26,1.876884e-05
1975-02-27,6.906191e-05
1975-02-28,7.748604e-07
1975-03-01,0.0005361769
1975-03-02,0.0008667972
1975-03-03,6.861157e-06
1975-03-04,1.2132857e-05
1975-03-05,2.5391579e-05
1975-03-06,0.00056053535
1975-03-07,0.0014838907
1975-03-08,0.0012030072
1975-03-09,0.00011796421
1975-03-10,0.00023386214
1975-03-11,2.1166272e-05
1975-03-12,0.0
1975-03-13,0.0005548795
1975-03-14,1.3245477e-07
1975-03-15,0.0005413161
1975-03-16,0.00076174736
1975-03-17,0.0012544261
1975-03-18,0.0032477644
1975-03-19,0.0008519755
1975-03-20,1.920594e-06
1975-03-21,0.0017135276
1975-03-22,0.00083651807
1975-03-23,0.00016609828
1975-03-24,0.0007484357
1975-03-25,0.001194146
1975-03-26,8.477105e-07
1975-03-27,3.0464597e-07
1975-03-28,0.0
1975-03-29,0.0
1975-03-30,0.0
1975-03-31,3.311369e-07
1975-04-01,9.271834e-08
1975-04-02,1.0901027e-05
1975-04-03,0.00046296252
1975-04-04,0.0005529589
1975-04-05,0.0007755889
1975-04-06,9.916889e-05
1975-04-07,7.14461e-05
1975-04-08,0.00017533038
1975-04-09,0.0
1975-04-10,0.00010032124
1975-04-11,3.8411883e-07
1975-04-12,0.0
1975-04-13,2.0649699e-05
1975-04-14,0.000631041
1975-04-15,0.00016882684
1975-04-16,9.245343e-06
1975-04-17,1.8543667e-06
1975-04-18,4.556444e-06
1975-04-19,0.000279665
1975-04-20,0.0
1975-04-21,2.4398169e-05
1975-04-22,1.5762118e-05
1975-04-23,0.0003080633
1975-04-24,0.0013089313
1975-04-25,9.5287956e-05
1975-04-26,1.3245477e-07
1975-04-27,1.8543668e-07
1975-04-28,0.0
1975-04-29,0.0
1975-04-30,4.172325e-06
1975-05-01,3.0464597e-07
1975-05-02,9.232097e-06
1975-05-03,0.00057143637
1975-05-04,4.021327e-05
1975-05-05,2.5166406e-07
1975-05-06,0.0
1975-05-07,1.4570024e-07
1975-05-08,2.2066964e-05
1975-05-09,2.3841858e-07
1975-05-10,5.5631e-07
1975-05-11,2.4053785e-05
1975-05-12,0.0
1975-05-13,0.0
1975-05-14,6.0929193e-07
1975-05-15,1.5232298e-06
1975-05-16,0.0
1975-05-17,0.0
1975-05-18,0.0
1975-05-19,0.0
1975-05-20,2.527237e-05
1975-05-21,0.0
1975-05-22,1.4040205e-06
1975-05-23,0.0
1975-05-24,0.0
1975-05-25,0.0
1975-05-26,0.0
1975-05-27,0.0
1975-05-28,0.0
1975-05-29,0.0
1975-05-30,0.0
1975-05-31,0.0
1975-06-01,3.6689971e-06
1975-06-02,5.642573e-06
1975-06-03,0.0
1975-06-04,0.0
1975-06-05,0.0
1975-06-06,0.0
1975-06-07,0.0
1975-06-08,0.0
1975-06-09,0.0
1975-06-10,0.0
1975-06-11,0.0
1975-06-12,0.0
1975-06-13,0.0
1975-06-14,0.0
1975-06-15,0.0
1975-06-16,0.0
1975-06-17,0.0
1975-06-18,2.5166405e-06
1975-06-19,3.1789143e-06
1975-06-20,0.0
1975-06-21,0.0
1975-06-22,3.7087335e-07
1975-06-23,2.140469e-05
1975-06-24,0.0006500615
1975-06-25,1.5894572e-07
1975-06-26,0.0
1975-06-27,0.0
1975-06-28,0.0
1975-06-29,0.0
1975-06-30,1.692772e-05
1975-07-01,2.7020772e-06
1975-07-02,1.3245476e-06
1975-07-03,7.669131e-06
1975-07-04,4.7683716e-07
1975-07-05,1.5894572e-07
1975-07-06,0.0
1975-07-07,0.0
1975-07-08,0.0
1975-07-09,0.0
1975-07-10,2.755059e-06
1975-07-11,0.0
1975-07-12,5.2981907e-08
1975-07-13,0.0
1975-07-14,9.960599e-06
1975-07-15,7.172426e-05
1975-07-16,7.947286e-08
1975-07-17,1.05963814e-07
1975-07-18,0.0
1975-07-19,0.0
1975-07-20,0.0
1975-07-21,0.0
1975-07-22,0.0
1975-07-23,0.0
1975-07-24,0.0
1975-07-25,0.0
1975-07-26,0.0
1975-07-27,0.0
1975-07-28,7.390976e-06
1975-07-29,5.4571363e-05
1975-07-30,0.0
1975-07-31,0.0
1975-08-01,0.0
1975-08-02,0.0
1975-08-03,0.0
1975-08-04,0.0
1975-08-05,0.0
1975-08-06,2.6490953e-08
1975-08-07,0.0
1975-08-08,0.0
1975-08-09,0.0
1975-08-10,0.0
1975-08-11,0.0
1975-08-12,0.0
1975-08-13,1.0331472e-06
1975-08-14,1.6424391e-06
1975-08-15,2.6490953e-08
1975-08-16,0.0
1975-08-17,9.391043e-06
1975-08-18,0.00046947267
1975-08-19,0.00010163254
1975-08-20,9.1393787e-07
1975-08-21,3.1789145e-07
1975-08-22,0.0
1975-08-23,0.0
1975-08-24,0.0
1975-08-25,0.0
1975-08-26,0.0
1975-08-27,3.8411883e-07
1975-08-28,6.875727e-05
1975-08-29,0.0
1975-08-30,0.0
1975-08-31,0.0
1975-09-01,1.3881259e-05
1975-09-02,0.0
1975-09-03,0.0
1975-09-04,0.0
1975-09-05,0.0
1975-09-06,0.0
1975-09-07,0.0
1975-09-08,0.0
1975-09-09,1.8278757e-06
1975-09-10,2.2715993e-05
1975-09-11,5.2981907e-08
1975-09-12,2.0901361e-05
1975-09-13,1.973576e-05
1975-09-14,9.536743e-07
1975-09-15,5.8280098e-06
1975-09-16,0.0
1975-09-17,0.0
1975-09-18,0.0
1975-09-19,5.2981907e-08
1975-09-20,0.0
1975-09-21,0.0
1975-09-22,0.0
1975-09-23,0.0
1975-09-24,0.0
1975-09-25,0.0
1975-09-26,0.0
1975-09-27,0.0
1975-09-28,0.0
1975-09-29,0.0
1975-09-30,0.0
1975-10-01,0.0
1975-10-02,0.0
1975-10-03,0.0
1975-10-04,0.0
1975-10-05,0.0
1975-10-06,0.00037646294
1975-10-07,4.111396e-05
1975-10-08,1.1920929e-07
1975-10-09,0.0006920497
1975-10-10,0.0019476281
1975-10-11,0.00045881007
1975-10-12,7.165803e-06
1975-10-13,9.020169e-06
1975-10-14,0.0
1975-10-15,0.0
1975-10-16,0.0
1975-10-17,2.6490953e-08
1975-10-18,3.1497744e-05
1975-10-19,0.0
1975-10-20,0.0
1975-10-21,6.556511e-06
1975-10-22,2.2133192e-05
1975-10-23,0.0
1975-10-24,0.0
1975-10-25,0.0007136133
1975-10-26,0.0012866524
1975-10-27,0.00026379692
1975-10-28,8.49035e-06
1975-10-29,6.357829e-07
1975-10-30,0.0017036266
1975-10-31,0.0
1975-11-01,0.0
1975-11-02,0.0
1975-11-03,0.0
1975-11-04,0.0
1975-11-05,2.834532e-06
1975-11-06,0.00020963616
1975-11-07,0.00024124648
1975-11-08,2.9404957e-06
1975-11-09,0.0001986954
1975-11-10,0.00067623454
1975-11-11,6.6227386e-08
1975-11-12,0.0
1975-11-13,0.0
1975-11-14,1.3377931e-05
1975-11-15,0.0013007191
1975-11-16,0.00031722916
1975-11-17,5.2981907e-08
1975-11-18,0.0
1975-11-19,0.0
1975-11-20,0.0002457036
1975-11-21,0.0
1975-11-22,4.9048e-05
1975-11-23,1.086129e-06
1975-11-24,0.0
1975-11-25,0.0
1975-11-26,6.633335e-05
1975-11-27,2.4490886e-05
1975-11-28,1.0199017e-06
1975-11-29,2.1709337e-05
1975-11-30,0.00010044707
1975-12-01,0.0001906289
1975-12-02,2.6490953e-08
1975-12-03,0.0
1975-12-04,0.0004813671
1975-12-05,0.0016085439
1975-12-06,3.3391847e-05
1975-12-07,0.0
1975-12-08,0.0
1975-12-09,0.0
1975-12-10,0.0
1975-12-11,2.5166406e-07
1975-12-12,0.0004979372
1975-12-13,1.7086664e-05
1975-12-14,2.6490953e-08
1975-12-15,0.0
1975-12-16,7.285012e-07
1975-12-17,0.0
1975-12-18,0.0
1975-12-19,0.0
1975-12-20,0.0
1975-12-21,7.3247484e-06
1975-12-22,0.000117341675
1975-12-23,5.2981907e-08
1975-12-24,0.0
1975-12-25,1.0993746e-06
1975-12-26,2.916654e-05
1975-12-27,1.2887849e-05
1975-12-28,0.0
1975-12-29,0.0
1975-12-30,3.6199886e-05
1975-12-31,1.5894572e-07
1976-01-01,0.0
1976-01-02,0.0
1976-01-03,4.0663613e-06
1976-01-04,0.00011342102
1976-01-05,0.00024761094
1976-01-06,4.941225e-05
1976-01-07,2.4166373e-05
1976-01-08,0.00041692785
1976-01-09,0.0004991028
1976-01-10,1.3245477e-08
1976-01-11,1.7907885e-05
1976-01-12,7.2836876e-05
1976-01-13,2.2345119e-05
1976-01-14,2.8742684e-06
1976-01-15,3.7087335e-07
1976-01-16,0.0
1976-01-17,0.0
1976-01-18,0.0
1976-01-19,0.0
1976-01-20,0.0
1976-01-21,0.0
1976-01-22,0.0
1976-01-23,1.4132924e-05
1976-01-24,5.5631e-07
1976-01-25,0.0
1976-01-26,0.0
1976-01-27,0.0
1976-01-28,0.0
1976-01-29,0.0
1976-01-30,0.0
1976-01-31,0.0
1976-02-01,0.0
1976-02-02,0.0
1976-02-03,0.0
1976-02-04,4.000134e-06
1976-02-05,5.0730177e-06
1976-02-06,1.5894572e-07
1976-02-07,0.0
1976-02-08,7.947286e-08
1976-02-09,0.0
1976-02-10,0.0
1976-02-11,0.0
1976-02-12,1.3245477e-08
1976-02-13,0.00038246313
1976-02-14,0.0005671845
1976-02-15,0.000448015
1976-02-16,0.00069722865
1976-02-17,0.00023655097
1976-02-18,0.00014340878
1976-02-19,0.00033521652
1976-02-20,0.0
1976-02-21,0.0
1976-02-22,0.0
1976-02-23,0.0
1976-02-24,4.0544404e-05
1976-02-25,0.0009886689
1976-02-26,0.0015989277
1976-02-27,0.00072091154
1976-02-28,0.000555502
1976-02-29,0.0013574096
1976-03-01,9.3897186e-05
1976-03-02,0.00073150796
1976-03-03,9.165869e-06
1976-03-04,0.0
1976-03-05,0.0
1976-03-06,0.0
1976-03-07,0.0
1976-03-08,7.793638e-05
1976-03-09,0.0
1976-03-10,0.0
1976-03-11,7.947286e-07
1976-03-12,0.0
1976-03-13,0.0
1976-03-14,2.503395e-06
1976-03-15,0.0
1976-03-16,1.4305115e-06
1976-03-17,6.706185e-05
1976-03-18,0.00035214424
1976-03-19,2.8252602e-05
1976-03-20,0.0
1976-03-21,0.0
1976-03-22,1.8795332e-05
1976-03-23,6.8214206e-07
1976-03-24,0.0004058414
1976-03-25,1.920594e-06
1976-03-26,5.8545006e-06
1976-03-27,6.6094926e-06
1976-03-28,1.1205673e-05
1976-03-29,0.0
1976-03-30,0.0
1976-03-31,0.0004603598
1976-04-01,1.0410945e-05
1976-04-02,0.0
1976-04-03,5.9604645e-07
1976-04-04,3.867679e-06
1976-04-05,6.231997e-05
1976-04-06,0.00046262477
1976-04-07,0.0007296536
1976-04-08,0.0014142725
1976-04-09,0.00017885368
1976-04-10,0.00035524368
1976-04-11,0.00025335947
1976-04-12,0.00033973323
1976-04-13,5.3776635e-06
1976-04-14,0.0
1976-04-15,9.377797e-06
1976-04-16,1.0728836e-06
1976-04-17,4.1193434e-06
1976-04-18,8.530087e-06
1976-04-19,2.5696224e-06
1976-04-20,0.0
1976-04-21,6.503529e-06
1976-04-22,3.920661e-06
1976-04-23,0.0
1976-04-24,4.675653e-06
1976-04-25,2.6490953e-08
1976-04-26,0.0
1976-04-27,1.9868214e-07
1976-04-28,6.490284e-07
1976-04-29,0.0
1976-04-30,0.0
1976-05-01,6.1035156e-05
1976-05-02,3.4438239e-07
1976-05-03,0.0
1976-05-04,1.5894572e-07
1976-05-05,1.9338395e-06
1976-05-06,0.0
1976-05-07,1.8543668e-07
1976-05-08,3.6822425e-06
1976-05-09,3.7378733e-05
1976-05-10,0.0
1976-05-11,0.0
1976-05-12,0.0
1976-05-13,0.0
1976-05-14,7.947286e-07
1976-05-15,0.0
1976-05-16,0.0
1976-05-17,0.0
1976-05-18,0.0
1976-05-19,0.0
1976-05-20,0.0
1976-05-21,0.0
1976-05-22,7.417467e-07
1976-05-23,1.0066562e-06
1976-05-24,1.5364753e-06
1976-05-25,0.0
1976-05-26,0.0
1976-05-27,1.1271901e-05
1976-05-28,1.3245477e-08
1976-05-29,0.0
1976-05-30,9.205606e-06
1976-05-31,5.383624e-05
1976-06-01,0.0
1976-06-02,0.0
1976-06-03,2.22524e-06
1976-06-04,0.0
1976-06-05,0.0
1976-06-06,0.0
1976-06-07,2.834532e-06
1976-06-08,1.3245477e-07
1976-06-09,7.082356e-05
1976-06-10,1.709991e-05
1976-06-11,7.139312e-06
1976-06-12,1.0331472e-06
1976-06-13,0.0
1976-06-14,0.0
1976-06-15,0.0
1976-06-16,0.0
1976-06-17,0.0
1976-06-18,0.0
1976-06-19,0.0
1976-06-20,7.1525574e-07
1976-06-21,0.00022774273
1976-06-22,0.0
1976-06-23,0.0
1976-06-24,0.0
1976-06-25,0.0
1976-06-26,0.0
1976-06-27,0.0
1976-06-28,0.0
1976-06-29,0.0
1976-06-30,2.0503998e-05
1976-07-01,0.0
1976-07-02,0.0
1976-07-03,0.0
1976-07-04,0.0
1976-07-05,0.0
1976-07-06,0.0
1976-07-07,0.0
1976-07-08,0.0
1976-07-09,0.0
1976-07-10,0.0
1976-07-11,7.947286e-08
1976-07-12,0.0
1976-07-13,0.0
1976-07-14,0.0
1976-07-15,0.0
1976-07-16,9.497006e-06
1976-07-17,0.00039324496
1976-07-18,5.3723652e-05
1976-07-19,5.2981907e-08
1976-07-20,3.4438239e-07
1976-07-21,0.0
1976-07-22,0.0
1976-07-23,0.0
1976-07-24,4.6491623e-06
1976-07-25,0.0
1976-07-26,0.0
1976-07-27,0.0
1976-07-28,2.0662944e-06
1976-07-29,2.2119946e-06
1976-07-30,0.0
1976-07-31,0.0
1976-08-01,0.00019625823
1976-08-02,4.000134e-06
1976-08-03,1.5868081e-05
1976-08-04,7.6545606e-05
1976-08-05,2.0384789e-05
1976-08-06,0.00015366077
1976-08-07,2.0795399e-06
1976-08-08,0.0
1976-08-09,0.0
1976-08-10,0.0
1976-08-11,1.05963814e-07
1976-08-12,1.5894572e-07
1976-08-13,2.8173128e-05
1976-08-14,0.00069774524
1976-08-15,0.001283937
1976-08-16,0.00015152825
1976-08-17,3.6319096e-05
1976-08-18,0.00014931626
1976-08-19,7.947286e-08
1976-08-20,0.0
1976-08-21,0.0
1976-08-22,0.00040801367
1976-08-23,1.9603306e-06
1976-08-24,0.0
1976-08-25,3.0332142e-06
1976-08-26,0.0
1976-08-27,0.0
1976-08-28,0.0
1976-08-29,0.0
1976-08-30,0.0
1976-08-31,0.0
1976-09-01,0.0
1976-09-02,0.0
1976-09-03,0.0
1976-09-04,0.0
1976-09-05,4.503462e-07
1976-09-06,0.0
1976-09-07,0.0
1976-09-08,0.0
1976-09-09,0.0
1976-09-10,0.0
1976-09-11,0.0001638068
1976-09-12,5.531311e-05
1976-09-13,0.0
1976-09-14,1.001358e-05
1976-09-15,0.00022910701
1976-09-16,0.0009982983
1976-09-17,1.05963814e-07
1976-09-18,3.311369e-07
1976-09-19,2.9815568e-05
1976-09-20,3.1789145e-07
1976-09-21,0.0
1976-09-22,0.0
1976-09-23,0.0
1976-09-24,0.0
1976-09-25,0.0
1976-09-26,0.0
1976-09-27,4.3233234e-05
1976-09-28,0.00019898679
1976-09-29,1.4570024e-07
1976-09-30,7.76185e-06
1976-10-01,1.9616551e-05
1976-10-02,0.0006079276
1976-10-03,3.2636854e-05
1976-10-04,0.0
1976-10-05,0.0
1976-10-06,0.0
1976-10-07,0.0
1976-10-08,0.0
1976-10-09,0.0
1976-10-10,0.0
1976-10-11,0.0
1976-10-12,0.0
1976-10-13,0.0
1976-10-14,0.0
1976-10-15,0.0
1976-10-16,0.0
1976-10-17,0.0
1976-10-18,0.0
1976-10-19,0.0
1976-10-20,0.0
1976-10-21,0.0
1976-10-22,5.8280096e-07
1976-10-23,0.0
1976-10-24,2.998776e-05
1976-10-25,7.947286e-06
1976-10-26,0.0
1976-10-27,0.0
1976-10-28,0.0
1976-10-29,0.0
1976-10-30,0.0
1976-10-31,1.1006991e-05
1976-11-01,0.0
1976-11-02,0.0
1976-11-03,0.0
1976-11-04,0.0
1976-11-05,0.0
1976-11-06,7.947286e-07
1976-11-07,0.0
1976-11-08,0.0
1976-11-09,0.0
1976-11-10,3.6689971e-06
1976-11-11,0.00019217862
1976-11-12,1.5762117e-06
1976-11-13,5.0081147e-05
1976-11-14,0.001180503
1976-11-15,2.8636721e-05
1976-11-16,0.0
1976-11-17,0.0
1976-11-18,0.0
1976-11-19,0.0
1976-11-20,0.0
1976-11-21,0.0
1976-11-22,0.0
1976-11-23,0.0
1976-11-24,0.0
1976-11-25,0.0
1976-11-26,0.0
1976-11-27,0.0
1976-11-28,0.0
1976-11-29,0.0
1976-11-30,0.0
1976-12-01,0.0
1976-12-02,0.0
1976-12-03,0.0
1976-12-04,0.0
1976-12-05,0.0
1976-12-06,0.0
1976-12-07,0.0
1976-12-08,0.0
1976-12-09,9.065204e-05
1976-12-10,0.0
1976-12-11,0.0
1976-12-12,0.0
1976-12-13,0.0
1976-12-14,0.0
1976-12-15,0.0
1976-12-16,0.0
1976-12-17,0.0
1976-12-18,0.0
1976-12-19,0.0
1976-12-20,0.0
1976-12-21,0.0
1976-12-22,0.0
1976-12-23,0.0
1976-12-24,0.0
1976-12-25,0.0
1976-12-26,0.0
1976-12-27,1.3245477e-08
1976-12-28,0.0
1976-12-29,9.339386e-05
1976-12-30,0.00037352243
1976-12-31,0.0
1977-01-01,0.00015813774
1977-01-02,0.0020005042
1977-01-03,0.00022390153
1977-01-04,7.947286e-08
1977-01-05,2.6358498e-06
1977-01-06,0.0
1977-01-07,0.0
1977-01-08,0.0
1977-01-09,0.0
1977-01-10,2.0914607e-05
1977-01-11,1.5232298e-06
1977-01-12,0.0002654526
1977-01-13,0.0
1977-01-14,0.0
1977-01-15,0.0
1977-01-16,0.0
1977-01-17,0.0
1977-01-18,0.0
1977-01-19,0.0
1977-01-20,0.0
1977-01-21,2.1457672e-06
1977-01-22,3.8411883e-07
1977-01-23,0.0
1977-01-24,0.0
1977-01-25,0.0
1977-01-26,0.0
1977-01-27,0.0
1977-01-28,0.0
1977-01-29,0.0
1977-01-30,0.0
1977-01-31,0.0
1977-02-01,0.0
1977-02-02,0.0
1977-02-03,0.0
1977-02-04,0.0
1977-02-05,7.49694e-06
1977-02-06,2.6490953e-08
1977-02-07,0.0
1977-02-08,0.00038923157
1977-02-09,9.258588e-06
1977-02-10,0.0
1977-02-11,0.0
1977-02-12,0.0
1977-02-13,0.0
1977-02-14,0.0
1977-02-15,0.0
1977-02-16,0.0
1977-02-17,0.0
1977-02-18,0.0
1977-02-19,0.0
1977-02-20,0.0001560847
1977-02-21,0.0010268555
1977-02-22,0.00014266704
1977-02-23,0.0007800791
1977-02-24,1.3536877e-05
1977-02-25,0.0
1977-02-26,2.5166405e-06
1977-02-27,0.0
1977-02-28,0.0002466705
1977-03-01,1.6424391e-06
1977-03-02,1.4636252e-05
1977-03-03,0.000103222
1977-03-04,2.6490953e-08
1977-03-05,0.0
1977-03-06,0.0
1977-03-07,0.00019880135
1977-03-08,0.00015174018
1977-03-09,0.00028408237
1977-03-10,1.5232298e-07
1977-03-11,0.0
1977-03-12,0.00017755562
1977-03-13,0.00017808544
1977-03-14,0.00011083815
1977-03-15,0.0010892153
1977-03-16,0.00038831763
1977-03-17,6.64658e-05
1977-03-18,4.1060977e-07
1977-03-19,1.6821755e-06
1977-03-20,0.0
1977-03-21,0.0
1977-03-22,1.9139713e-06
1977-03-23,0.00055178005
1977-03-24,0.0004045301
1977-03-25,2.053049e-05
1977-03-26,0.0
1977-03-27,1.3775295e-06
1977-03-28,2.5166405e-06
1977-03-29,7.0465935e-06
1977-03-30,6.2916015e-06
1977-03-31,0.0
1977-04-01,1.2583203e-06
1977-04-02,0.0
1977-04-03,0.0
1977-04-04,0.0
1977-04-05,1.3907751e-06
1977-04-06,0.0
1977-04-07,3.973643e-07
1977-04-08,0.00087142654
1977-04-09,4.7683716e-05
1977-04-10,0.0
1977-04-11,0.0
1977-04-12,0.0
1977-04-13,4.2385525e-07
1977-04-14,0.0
1977-04-15,9.4042883e-07
1977-04-16,3.973643e-08
1977-04-17,0.0
1977-04-18,0.0
1977-04-19,0.0
1977-04-20,0.0
1977-04-21,0.0
1977-04-22,0.0
1977-04-23,0.0
1977-04-24,0.0
1977-04-25,0.0002490282
1977-04-26,0.0
1977-04-27,0.0
1977-04-28,3.7087335e-07
1977-04-29,2.553728e-05
1977-04-30,7.126066e-05
1977-05-01,0.0007533762
1977-05-02,0.00015074677
1977-05-03,0.00019628472
1977-05-04,1.920594e-06
1977-05-05,0.00011603037
1977-05-06,0.000121964345
1977-05-07,4.600154e-05
1977-05-08,1.3086531e-05
1977-05-09,0.00024517378
1977-05-10,0.00030046038
1977-05-11,0.00083928637
1977-05-12,5.28627e-05
1977-05-13,2.6490953e-08
1977-05-14,1.835823e-05
1977-05-15,7.2691175e-05
1977-05-16,1.709991e-05
1977-05-17,5.8147643e-06
1977-05-18,4.5087603e-05
1977-05-19,1.0914273e-05
1977-05-20,0.0
1977-05-21,7.1525574e-07
1977-05-22,8.384387e-06
1977-05-23,0.000603901
1977-05-24,2.3802122e-05
1977-05-25,4.067686e-05
1977-05-26,0.0010035303
1977-05-27,1.46892335e-05
1977-05-28,0.0
1977-05-29,0.0
1977-05-30,0.0
1977-05-31,0.0
1977-06-01,0.0
1977-06-02,0.0
1977-06-03,0.0
1977-06-04,0.0
1977-06-05,0.0
1977-06-06,4.2385525e-07
1977-06-07,6.424056e-06
1977-06-08,9.205606e-06
1977-06-09,5.1524903e-06
1977-06-10,2.172258e-06
1977-06-11,1.3245477e-07
1977-06-12,0.0
1977-06-13,0.0
1977-06-14,1.05963814e-07
1977-06-15,0.0
1977-06-16,0.0
1977-06-17,1.8252267e-05
1977-06-18,4.805459e-05
1977-06-19,9.616216e-06
1977-06-20,0.0
1977-06-21,0.0
1977-06-22,0.0
1977-06-23,0.0
1977-06-24,0.0
1977-06-25,0.0
1977-06-26,0.0
1977-06-27,0.0
1977-06-28,0.0
1977-06-29,0.0
1977-06-30,1.748403e-06
1977-07-01,6.600221e-05
1977-07-02,5.004141e-05
1977-07-03,2.7683047e-05
1977-07-04,2.357695e-06
1977-07-05,0.0
1977-07-06,0.0
1977-07-07,0.0
1977-07-08,0.0
1977-07-09,0.0
1977-07-10,0.0
1977-07-11,0.0
1977-07-12,0.0
1977-07-13,0.0
1977-07-14,0.0
1977-07-15,0.0
1977-07-16,0.0
1977-07-17,0.0
1977-07-18,0.0
1977-07-19,0.0
1977-07-20,0.0
1977-07-21,0.0
1977-07-22,0.0
1977-07-23,0.0
1977-07-24,0.0
1977-07-25,0.0
1977-07-26,0.0
1977-07-27,0.0
1977-07-28,0.0
1977-07-29,0.0
1977-07-30,0.0
1977-07-31,0.0
1977-08-01,0.0
1977-08-02,2.9140048e-07
1977-08-03,0.0
1977-08-04,0.0
1977-08-05,0.0
1977-08-06,0.0
1977-08-07,2.6490953e-08
1977-08-08,0.0
1977-08-09,0.0
1977-08-10,0.0
1977-08-11,2.7153228e-06
1977-08-12,1.695421e-06
1977-08-13,2.1192763e-07
1977-08-14,0.0
1977-08-15,0.0
1977-08-16,0.0
1977-08-17,7.1525574e-07
1977-08-18,6.657177e-05
1977-08-19,0.0
1977-08-20,1.2980568e-06
1977-08-21,0.0
1977-08-22,0.0
1977-08-23,0.0
1977-08-24,0.00030737452
1977-08-25,0.00012380547
1977-08-26,1.7669467e-05
1977-08-27,0.0
1977-08-28,0.0
1977-08-29,0.0
1977-08-30,0.0
1977-08-31,0.0
1977-09-01,0.0
1977-09-02,0.0
1977-09-03,0.0
1977-09-04,0.0
1977-09-05,0.0
1977-09-06,0.0
1977-09-07,0.0
1977-09-08,0.0
1977-09-09,0.0
1977-09-10,0.0
1977-09-11,0.0
1977-09-12,0.0
1977-09-13,0.0
1977-09-14,0.0
1977-09-15,3.7087334e-06
1977-09-16,0.0005026791
1977-09-17,0.0010693736
1977-09-18,0.00029259257
1977-09-19,0.0017918348
1977-09-20,0.0004472865
1977-09-21,0.0
1977-09-22,0.0
1977-09-23,3.867679e-06
1977-09-24,0.00017260181
1977-09-25,5.2981907e-08
1977-09-26,0.0
1977-09-27,3.4332275e-05
1977-09-28,0.0012316704
1977-09-29,0.0009842449
1977-09-30,1.05963814e-07
1977-10-01,0.0
1977-10-02,0.0
1977-10-03,0.0
1977-10-04,0.0
1977-10-05,7.947286e-07
1977-10-06,8.410878e-06
1977-10-07,0.0
1977-10-08,0.0
1977-10-09,0.0
1977-10-10,0.0
1977-10-11,0.0
1977-10-12,0.0
1977-10-13,0.0
1977-10-14,0.0
1977-10-15,0.0
1977-10-16,0.0
1977-10-17,0.0
1977-10-18,0.0
1977-10-19,0.0
1977-10-20,0.0
1977-10-21,0.0
1977-10-22,0.0
1977-10-23,7.033348e-06
1977-10-24,3.3524302e-05
1977-10-25,0.0006870694
1977-10-26,7.059839e-06
1977-10-27,0.00022049744
1977-10-28,0.00010397699
1977-10-29,0.0006553597
1977-10-30,0.00027289655
1977-10-31,0.0
1977-11-01,0.0
1977-11-02,1.2530221e-05
1977-11-03,1.0066562e-06
1977-11-04,0.00014870697
1977-11-05,0.0010824203
1977-11-06,1.3907751e-06
1977-11-07,0.0
1977-11-08,0.0
1977-11-09,0.0
1977-11-10,0.0
1977-11-11,3.1113625e-05
1977-11-12,0.000401881
1977-11-13,2.9802322e-05
1977-11-14,1.18282105e-05
1977-11-15,2.6490953e-08
1977-11-16,2.6490953e-08
1977-11-17,0.0
1977-11-18,5.2981907e-08
1977-11-19,2.7683045e-06
1977-11-20,8.689032e-06
1977-11-21,0.0021006663
1977-11-22,0.0010991759
1977-11-23,0.00036289956
1977-11-24,0.0005693303
1977-11-25,1.3099776e-05
1977-11-26,0.00024726655
1977-11-27,2.6755863e-05
1977-11-28,7.947286e-08
1977-11-29,0.0
1977-11-30,0.0
1977-12-01,0.0
1977-12-02,0.0
1977-12-03,1.8146303e-06
1977-12-04,2.8769175e-05
1977-12-05,2.251731e-07
1977-12-06,2.2676257e-05
1977-12-07,6.518099e-05
1977-12-08,6.622738e-07
1977-12-09,0.0
1977-12-10,0.0
1977-12-11,0.00081094104
1977-12-12,0.0002070533
1977-12-13,0.00048667856
1977-12-14,0.0026455456
1977-12-15,0.0013441643
1977-12-16,0.0011505551
1977-12-17,0.0013843642
1977-12-18,1.2980567e-05
1977-12-19,0.0
1977-12-20,1.4570024e-07
1977-12-21,0.0005251169
1977-12-22,0.0012482008
1977-12-23,0.001941416
1977-12-24,0.00025228658
1977-12-25,0.0
1977-12-26,1.139111e-06
1977-12-27,0.00021146404
1977-12-28,1.2265311e-05
1977-12-29,0.000876983
1977-12-30,0.00032940175
1977-12-31,9.271834e-08
1978-01-01,8.328756e-05
1978-01-02,0.0006129079
1978-01-03,0.0006659296
1978-01-04,0.0008235772
1978-01-05,0.0017725892
1978-01-06,0.00083549815
1978-01-07,2.0861626e-05
1978-01-08,0.0005764299
1978-01-09,0.0026985407
1978-01-10,0.00046255853
1978-01-11,0.00018794007
1978-01-12,0.0004035764
1978-01-13,0.0010007487
1978-01-14,0.0022780497
1978-01-15,0.0026510293
1978-01-16,0.002600895
1978-01-17,0.0012494855
1978-01-18,0.0004922284
1978-01-19,0.0008947187
1978-01-20,5.765756e-05
1978-01-21,6.694926e-05
1978-01-22,5.0756666e-05
1978-01-23,0.0
1978-01-24,0.0
1978-01-25,0.0
1978-01-26,0.0
1978-01-27,0.0
1978-01-28,0.0
1978-01-29,1.3245477e-08
1978-01-30,0.0
1978-01-31,3.127257e-05
1978-02-01,0.0003692574
1978-02-02,0.00103924
1978-02-03,0.00033887228
1978-02-04,0.0
1978-02-05,0.0012569295
1978-02-06,0.0012495783
1978-02-07,0.0018783542
1978-02-08,0.0007158253
1978-02-09,0.0006543265
1978-02-10,9.828143e-06
1978-02-11,1.1920929e-07
1978-02-12,0.00086965825
1978-02-13,0.0003752046
1978-02-14,4.278289e-06
1978-02-15,0.00016285313
1978-02-16,7.312166e-05
1978-02-17,0.0001106196
1978-02-18,1.751052e-05
1978-02-19,0.0
1978-02-20,0.0
1978-02-21,1.3245477e-08
1978-02-22,0.0
1978-02-23,5.2981907e-08
1978-02-24,0.00021580856
1978-02-25,9.862582e-05
1978-02-26,0.00053791207
1978-02-27,0.00015083949
1978-02-28,0.0
1978-03-01,0.0
1978-03-02,0.0008611944
1978-03-03,0.0011298922
1978-03-04,0.0018250016
1978-03-05,0.0014190277
1978-03-06,0.000116388
1978-03-07,0.00018502606
1978-03-08,0.0018571881
1978-03-09,0.0004412333
1978-03-10,0.0
1978-03-11,0.000495606
1978-03-12,2.0927853e-06
1978-03-13,1.8252267e-05
1978-03-14,3.973643e-08
1978-03-15,0.0
1978-03-16,0.0
1978-03-17,0.0
1978-03-18,2.6490953e-08
1978-03-19,2.5510788e-05
1978-03-20,1.05963814e-07
1978-03-21,0.00066898926
1978-03-22,0.0006661415
1978-03-23,0.0009961394
1978-03-24,1.3245477e-05
1978-03-25,3.0729507e-06
1978-03-26,5.2981907e-08
1978-03-27,0.0
1978-03-28,3.8941703e-06
1978-03-29,1.209312e-05
1978-03-30,9.1393787e-07
1978-03-31,0.0003090236
1978-04-01,0.001377066
1978-04-02,3.947152e-05
1978-04-03,0.0003830327
1978-04-04,0.0012569427
1978-04-05,0.0004691548
1978-04-06,0.0012901624
1978-04-07,0.00012543466
1978-04-08,0.0
1978-04-09,0.0
1978-04-10,0.0
1978-04-11,1.3245477e-08
1978-04-12,5.5631003e-06
1978-04-13,0.00021427208
1978-04-14,0.0007674694
1978-04-15,0.0010063914
1978-04-16,0.00041467615
1978-04-17,0.00020755662
1978-04-18,1.2609694e-05
1978-04-19,0.0008275244
1978-04-20,0.00067386363
1978-04-21,1.3656087e-05
1978-04-22,1.3298459e-05
1978-04-23,2.1192763e-07
1978-04-24,3.3921664e-05
1978-04-25,0.0013494889
1978-04-26,0.0003000233
1978-04-27,2.357695e-06
1978-04-28,0.000120533834
1978-04-29,1.3245477e-07
1978-04-30,0.00032028224
1978-05-01,2.6490953e-08
1978-05-02,0.0
1978-05-03,0.0
1978-05-04,0.0
1978-05-05,1.3245477e-08
1978-05-06,0.0
1978-05-07,0.0
1978-05-08,2.9404957e-06
1978-05-09,2.7020773e-05
1978-05-10,1.8013848e-06
1978-05-11,6.930033e-05
1978-05-12,0.0
1978-05-13,5.510118e-06
1978-05-14,1.0463927e-05
1978-05-15,0.00062881573
1978-05-16,1.1920929e-07
1978-05-17,0.0
1978-05-18,0.0
1978-05-19,5.2981907e-08
1978-05-20,0.0
1978-05-21,3.4438239e-07
1978-05-22,4.7286353e-06
1978-05-23,6.0094728e-05
1978-05-24,0.000102970334
1978-05-25,3.540516e-05
1978-05-26,2.3444493e-06
1978-05-27,0.00011046728
1978-05-28,0.0
1978-05-29,0.0
1978-05-30,0.0
1978-05-31,0.0
1978-06-01,5.8280096e-07
1978-06-02,0.0
1978-06-03,0.0
1978-06-04,6.622738e-07
1978-06-05,0.0
1978-06-06,4.503462e-07
1978-06-07,0.0
1978-06-08,0.0
1978-06-09,0.0
1978-06-10,0.0
1978-06-11,0.0
1978-06-12,5.00679e-06
1978-06-13,0.0
1978-06-14,0.0
1978-06-15,1.3113022e-05
1978-06-16,0.0
1978-06-17,0.0
1978-06-18,7.5499215e-06
1978-06-19,0.0
1978-06-20,0.0
1978-06-21,0.0
1978-06-22,5.2981907e-08
1978-06-23,2.278222e-06
1978-06-24,5.4968727e-06
1978-06-25,3.1789145e-07
1978-06-26,5.8280096e-07
1978-06-27,2.1590126e-06
1978-06-28,0.00015351508
1978-06-29,1.1656019e-06
1978-06-30,0.0
1978-07-01,1.7219119e-07
1978-07-02,2.8981103e-05
1978-07-03,4.4769713e-06
1978-07-04,0.0
1978-07-05,0.0
1978-07-06,0.0
1978-07-07,1.0079808e-05
1978-07-08,0.0
1978-07-09,1.6821755e-06
1978-07-10,0.0
1978-07-11,0.0
1978-07-12,0.0
1978-07-13,0.0
1978-07-14,0.0
1978-07-15,3.7219788e-06
1978-07-16,0.0
1978-07-17,0.0
1978-07-18,0.0
1978-07-19,0.0
1978-07-20,0.0
1978-07-21,0.0
1978-07-22,0.0
1978-07-23,0.0
1978-07-24,0.0
1978-07-25,0.0
1978-07-26,2.6490953e-08
1978-07-27,0.0
1978-07-28,0.0
1978-07-29,0.0
1978-07-30,0.0
1978-07-31,0.0
1978-08-01,0.0
1978-08-02,0.0
1978-08-03,0.0
1978-08-04,2.3841858e-07
1978-08-05,4.503462e-07
1978-08-06,0.0
1978-08-07,0.0
1978-08-08,9.497006e-06
1978-08-09,0.0
1978-08-10,0.0
1978-08-11,0.0
1978-08-12,6.474389e-05
1978-08-13,2.5166406e-07
1978-08-14,0.0
1978-08-15,0.0
1978-08-16,9.271834e-08
1978-08-17,2.9140048e-07
1978-08-18,0.0
1978-08-19,0.0
1978-08-20,2.6490953e-08
1978-08-21,0.00012519624
1978-08-22,4.94851e-05
1978-08-23,0.0
1978-08-24,7.3194504e-05
1978-08-25,2.9404959e-05
1978-08-26,4.4107437e-06
1978-08-27,0.0
1978-08-28,0.0
1978-08-29,0.0
1978-08-30,3.8226444e-05
1978-08-31,0.0
1978-09-01,0.0
1978-09-02,0.0
1978-09-03,7.417467e-07
1978-09-04,1.5616417e-05
1978-09-05,0.00021313297
1978-09-06,0.0012978581
1978-09-07,7.095602e-05
1978-09-08,5.2981907e-08
1978-09-09,0.0014023914
1978-09-10,0.00060680177
1978-09-11,5.139245e-06
1978-09-12,0.0
1978-09-13,5.5220393e-05
1978-09-14,2.6623409e-06
1978-09-15,0.0
1978-09-16,0.0
1978-09-17,0.0
1978-09-18,1.5510454e-05
1978-09-19,0.0
1978-09-20,0.0
1978-09-21,0.0
1978-09-22,0.0
1978-09-23,0.0
1978-09-24,0.0
1978-09-25,0.0
1978-09-26,0.0
1978-09-27,0.0
1978-09-28,0.0
1978-09-29,0.0
1978-09-30,0.0
1978-10-01,0.0
1978-10-02,0.0
1978-10-03,0.0
1978-10-04,0.0
1978-10-05,0.0
1978-10-06,0.0
1978-10-07,0.0
1978-10-08,0.0
1978-10-09,0.0
1978-10-10,0.0
1978-10-11,0.0
1978-10-12,0.0
1978-10-13,0.0
1978-10-14,0.0
1978-10-15,0.0
1978-10-16,0.0
1978-10-17,0.0
1978-10-18,0.0
1978-10-19,0.0
1978-10-20,0.0
1978-10-21,0.0
1978-10-22,0.0
1978-10-23,0.0
1978-10-24,0.0
1978-10-25,0.0
1978-10-26,0.0
1978-10-27,0.0
1978-10-28,0.0
1978-10-29,2.78155e-07
1978-10-30,5.2981907e-08
1978-10-31,0.0
1978-11-01,1.05963814e-07
1978-11-02,0.0
1978-11-03,0.0
1978-11-04,0.0
1978-11-05,0.0
1978-11-06,0.0
1978-11-07,0.0
1978-11-08,0.0
1978-11-09,2.6490953e-08
1978-11-10,0.0
1978-11-11,2.9140049e-06
1978-11-12,0.00016588635
1978-11-13,5.695555e-05
1978-11-14,0.0
1978-11-15,6.0929193e-07
1978-11-16,1.6901227e-05
1978-11-17,2.6490953e-08
1978-11-18,0.0
1978-11-19,0.00070488453
1978-11-20,0.0014351341
1978-11-21,0.00031443438
1978-11-22,2.3457738e-05
1978-11-23,0.0
1978-11-24,0.0
1978-11-25,0.0
1978-11-26,0.0
1978-11-27,0.0
1978-11-28,4.9538085e-06
1978-11-29,0.00010564592
1978-11-30,7.940663e-05
1978-12-01,0.00017011166
1978-12-02,1.05963814e-07
1978-12-03,0.0
1978-12-04,2.0106634e-05
1978-12-05,0.000107447304
1978-12-06,4.1060977e-07
1978-12-07,0.0
1978-12-08,0.0
1978-12-09,1.7245611e-05
1978-12-10,5.2981907e-08
1978-12-11,5.027983e-05
1978-12-12,0.0001038048
1978-12-13,0.0
1978-12-14,0.0
1978-12-15,0.0
1978-12-16,0.0
1978-12-17,0.0005161762
1978-12-18,0.00018997987
1978-12-19,0.0
1978-12-20,0.0
1978-12-21,0.0
1978-12-22,0.0
1978-12-23,9.695689e-06
1978-12-24,0.0
1978-12-25,0.0
1978-12-26,0.0
1978-12-27,7.934041e-06
1978-12-28,5.2981907e-08
1978-12-29,0.0
1978-12-30,0.0
1978-12-31,0.0
1979-01-01,0.0
1979-01-02,0.0
1979-01-03,1.3642841e-06
1979-01-04,4.251798e-05
1979-01-05,9.4042883e-07
1979-01-06,0.0
1979-01-07,0.00027003553
1979-01-08,0.0007906225
1979-01-09,0.0003698137
1979-01-10,0.0015669399
1979-01-11,0.00252374
1979-01-12,0.0003442632
1979-01-13,8.8744696e-07
1979-01-14,0.0011024872
1979-01-15,0.00097159547
1979-01-16,1.2980568e-06
1979-01-17,0.0
1979-01-18,1.5894572e-07
1979-01-19,0.0
1979-01-20,0.0
1979-01-21,0.0
1979-01-22,0.0
1979-01-23,0.0
1979-01-24,1.7934375e-05
1979-01-25,1.5232298e-06
1979-01-26,0.0
1979-01-27,1.2371275e-05
1979-01-28,4.834599e-06
1979-01-29,0.0
1979-01-30,5.282296e-05
1979-01-31,0.00010279814
1979-02-01,2.2504064e-05
1979-02-02,2.931224e-05
1979-02-03,0.0
1979-02-04,2.6490953e-08
1979-02-05,0.0
1979-02-06,5.298191e-07
1979-02-07,0.0
1979-02-08,1.5444226e-05
1979-02-09,8.479754e-05
1979-02-10,0.00027207533
1979-02-11,0.00023890866
1979-02-12,0.000119924545
1979-02-13,0.0019954708
1979-02-14,0.00045522055
1979-02-15,0.00029198328
1979-02-16,0.00087768503
1979-02-17,0.00014719699
1979-02-18,0.00118147
1979-02-19,5.32998e-05
1979-02-20,0.0011541314
1979-02-21,0.0009974241
1979-02-22,0.00047528744
1979-02-23,0.0008427832
1979-02-24,7.830726e-05
1979-02-25,1.0781818e-05
1979-02-26,0.00043021308
1979-02-27,7.285012e-07
1979-02-28,0.000767072
1979-03-01,8.7830755e-05
1979-03-02,1.6424391e-06
1979-03-03,0.00034132268
1979-03-04,1.947085e-05
1979-03-05,1.6185972e-05
1979-03-06,0.0
1979-03-07,0.0
1979-03-08,0.0
1979-03-09,0.0
1979-03-10,0.0
1979-03-11,0.0
1979-03-12,2.6490953e-08
1979-03-13,1.4570024e-06
1979-03-14,7.943312e-05
1979-03-15,0.0007816818
1979-03-16,0.00043262375
1979-03-17,0.00014719699
1979-03-18,0.00028385056
1979-03-19,2.9802322e-06
1979-03-20,4.1590797e-06
1979-03-21,5.6293275e-06
1979-03-22,0.000379218
1979-03-23,1.9894705e-05
1979-03-24,2.3179584e-06
1979-03-25,4.0186776e-05
1979-03-26,0.00035515096
1979-03-27,0.002270076
1979-03-28,0.00013797813
1979-03-29,5.473031e-05
1979-03-30,4.2888852e-05
1979-03-31,0.0
1979-04-01,0.0
1979-04-02,0.0
1979-04-03,0.0
1979-04-04,0.0
1979-04-05,7.2717667e-06
1979-04-06,0.00061984855
1979-04-07,9.271834e-08
1979-04-08,0.0
1979-04-09,9.119511e-05
1979-04-10,3.388193e-05
1979-04-11,0.00013099777
1979-04-12,5.298191e-07
1979-04-13,3.6822425e-06
1979-04-14,1.05963814e-07
1979-04-15,7.9737765e-06
1979-04-16,0.0008251932
1979-04-17,0.00066831376
1979-04-18,1.792113e-05
1979-04-19,0.0
1979-04-20,0.0
1979-04-21,2.6490953e-08
1979-04-22,0.00020718575
1979-04-23,0.0008429554
1979-04-24,0.00019862916
1979-04-25,0.0
1979-04-26,0.00046381686
1979-04-27,0.00034277968
1979-04-28,2.6490953e-08
1979-04-29,0.0
1979-04-30,3.896819e-05
1979-05-01,0.00030875206
1979-05-02,0.0
1979-05-03,0.0
1979-05-04,5.3776635e-05
1979-05-05,0.0012281868
1979-05-06,0.00045031973
1979-05-07,0.00083823997
1979-05-08,2.7510854e-05
1979-05-09,6.6227386e-08
1979-05-10,0.0
1979-05-11,0.0
1979-05-12,0.0
1979-05-13,5.2981907e-08
1979-05-14,0.0
1979-05-15,0.0
1979-05-16,0.0
1979-05-17,0.0
1979-05-18,0.0
1979-05-19,0.0
1979-05-20,0.0
1979-05-21,0.0
1979-05-22,0.0
1979-05-23,0.0
1979-05-24,0.0
1979-05-25,0.0
1979-05-26,0.0
1979-05-27,0.0
1979-05-28,0.0
1979-05-29,0.0
1979-05-30,0.0
1979-05-31,0.0
1979-06-01,0.0
1979-06-02,0.0
1979-06-03,5.2981907e-08
1979-06-04,0.0
1979-06-05,0.0
1979-06-06,0.0
1979-06-07,0.0
1979-06-08,0.0
1979-06-09,0.0
1979-06-10,0.0
1979-06-11,0.0
1979-06-12,0.0
1979-06-13,0.0
1979-06-14,0.0
1979-06-15,0.0
1979-06-16,4.3670338e-05
1979-06-17,1.3920996e-05
1979-06-18,5.9604645e-07
1979-06-19,0.0
1979-06-20,2.6490953e-08
1979-06-21,0.0
1979-06-22,0.0
1979-06-23,0.0
1979-06-24,0.0
1979-06-25,0.0
1979-06-26,0.0
1979-06-27,0.0
1979-06-28,0.0
1979-06-29,0.0
1979-06-30,0.0
1979-07-01,0.0
1979-07-02,0.0
1979-07-03,7.1525574e-07
1979-07-04,1.3245477e-08
1979-07-05,0.0
1979-07-06,9.536743e-07
1979-07-07,2.6490954e-07
1979-07-08,0.0
1979-07-09,0.0
1979-07-10,0.00011342102
1979-07-11,0.0
1979-07-12,0.0
1979-07-13,0.0
1979-07-14,0.0
1979-07-15,0.0
1979-07-16,0.0
1979-07-17,0.0
1979-07-18,0.0
1979-07-19,3.8411883e-07
1979-07-20,0.0
1979-07-21,0.0
1979-07-22,3.7087335e-07
1979-07-23,0.0
1979-07-24,0.0
1979-07-25,0.0
1979-07-26,0.0
1979-07-27,0.0
1979-07-28,0.0
1979-07-29,0.0
1979-07-30,0.0
1979-07-31,0.0
1979-08-01,0.0
1979-08-02,0.0
1979-08-03,0.0
1979-08-04,0.0
1979-08-05,0.0
1979-08-06,0.0
1979-08-07,0.0
1979-08-08,0.0
1979-08-09,0.0
1979-08-10,3.973643e-08
1979-08-11,0.0
1979-08-12,0.0
1979-08-13,3.0464597e-07
1979-08-14,3.311369e-07
1979-08-15,0.0
1979-08-16,0.0
1979-08-17,0.0
1979-08-18,0.0
1979-08-19,1.0530154e-05
1979-08-20,4.1100713e-05
1979-08-21,2.360344e-05
1979-08-22,0.0
1979-08-23,0.0
1979-08-24,0.0
1979-08-25,0.0
1979-08-26,0.0
1979-08-27,0.0
1979-08-28,5.642573e-06
1979-08-29,0.00011335479
1979-08-30,0.000121209356
1979-08-31,1.3245477e-08
1979-09-01,7.748604e-06
1979-09-02,0.00044404136
1979-09-03,7.285012e-07
1979-09-04,1.9868214e-07
1979-09-05,0.0
1979-09-06,0.0
1979-09-07,0.0
1979-09-08,0.0
1979-09-09,0.0
1979-09-10,0.0
1979-09-11,0.0
1979-09-12,0.0
1979-09-13,0.0
1979-09-14,0.0
1979-09-15,0.0
1979-09-16,0.0
1979-09-17,0.0
1979-09-18,0.0
1979-09-19,0.0
1979-09-20,0.0
1979-09-21,0.0
1979-09-22,0.0
1979-09-23,0.0
1979-09-24,3.7087335e-07
1979-09-25,0.00015997887
1979-09-26,0.0
1979-09-27,0.0
1979-09-28,0.0
1979-09-29,0.0
1979-09-30,0.0
1979-10-01,0.0
1979-10-02,0.0
1979-10-03,0.0
1979-10-04,2.9140048e-07
1979-10-05,0.0
1979-10-06,0.0
1979-10-07,0.0
1979-10-08,8.518166e-05
1979-10-09,0.0
1979-10-10,1.3245477e-08
1979-10-11,0.0
1979-10-12,0.0
1979-10-13,4.1060977e-07
1979-10-14,0.00050441426
1979-10-15,0.0006916788
1979-10-16,0.0
1979-10-17,0.0
1979-10-18,0.0002462864
1979-10-19,0.001158317
1979-10-20,0.000520428
1979-10-21,4.834599e-06
1979-10-22,0.00017407205
1979-10-23,0.00047083697
1979-10-24,0.00030394396
1979-10-25,0.003230055
1979-10-26,2.1325217e-05
1979-10-27,1.2675921e-05
1979-10-28,7.0068572e-06
1979-10-29,0.0
1979-10-30,4.2385525e-07
1979-10-31,2.1060307e-06
1979-11-01,0.0
1979-11-02,9.357929e-05
1979-11-03,0.00078184076
1979-11-04,0.00025406148
1979-11-05,0.0005231698
1979-11-06,0.00034850172
1979-11-07,8.643998e-05
1979-11-08,0.0
1979-11-09,0.0
1979-11-10,0.0
1979-11-11,0.0
1979-11-12,0.0
1979-11-13,0.0
1979-11-14,0.0
1979-11-15,0.0
1979-11-16,0.0010296239
1979-11-17,0.0011270709
1979-11-18,0.00014423
1979-11-19,4.3710074e-07
1979-11-20,0.0
1979-11-21,0.0
1979-11-22,0.00078988075
1979-11-23,0.00016056167
1979-11-24,0.0015933911
1979-11-25,0.00025073686
1979-11-26,9.323491e-05
1979-11-27,0.0
1979-11-28,0.0
1979-11-29,2.6490953e-08
1979-11-30,0.0
1979-12-01,0.0
1979-12-02,0.00055542256
1979-12-03,5.0730177e-06
1979-12-04,0.0
1979-12-05,0.0
1979-12-06,0.0
1979-12-07,0.0
1979-12-08,0.0
1979-12-09,0.0
1979-12-10,7.947286e-08
1979-12-11,0.0
1979-12-12,0.0
1979-12-13,0.0
1979-12-14,0.0
1979-12-15,0.0
1979-12-16,0.0
1979-12-17,0.0
1979-12-18,0.0
1979-12-19,0.00033081902
1979-12-20,0.0005120966
1979-12-21,0.001097838
1979-12-22,1.9470851e-06
1979-12-23,0.0016227298
1979-12-24,0.0018840233
1979-12-25,0.00071325566
1979-12-26,0.0
1979-12-27,0.0
1979-12-28,0.0
1979-12-29,1.7219119e-07
1979-12-30,0.0010558896
1979-12-31,0.00146993
1980-01-01,0.00016930368
1980-01-02,0.0
1980-01-03,0.0
1980-01-04,0.00010840098
1980-01-05,0.0004122456
1980-01-06,2.0477506e-05
1980-01-07,4.612075e-05
1980-01-08,0.00026171736
1980-01-09,0.00019850995
1980-01-10,0.00016437637
1980-01-11,0.0006306701
1980-01-12,0.0029746161
1980-01-13,0.0018116236
1980-01-14,0.0020218028
1980-01-15,0.00026983686
1980-01-16,0.0012257894
1980-01-17,0.00036321746
1980-01-18,7.947286e-08
1980-01-19,0.0
1980-01-20,0.0
1980-01-21,0.0
1980-01-22,0.0
1980-01-23,0.0
1980-01-24,0.0
1980-01-25,0.0
1980-01-26,2.7285682e-06
1980-01-27,3.707409e-05
1980-01-28,7.4439577e-06
1980-01-29,0.00010487768
1980-01-30,0.0
1980-01-31,5.7035024e-05
1980-02-01,3.8570826e-05
1980-02-02,0.00010357963
1980-02-03,0.00036580034
1980-02-04,1.3245477e-08
1980-02-05,8.326107e-05
1980-02-06,3.1669933e-05
1980-02-07,1.3245477e-08
1980-02-08,0.0
1980-02-09,0.0
1980-02-10,4.503462e-07
1980-02-11,0.0
1980-02-12,0.0
1980-02-13,0.0
1980-02-14,0.00031472577
1980-02-15,0.00088188384
1980-02-16,0.001292573
1980-02-17,0.001960582
1980-02-18,0.0024959908
1980-02-19,0.002326952
1980-02-20,0.0008512073
1980-02-21,0.00072076585
1980-02-22,0.0008818176
1980-02-23,0.00010968579
1980-02-24,0.00010910299
1980-02-25,0.0004262527
1980-02-26,0.00017090638
1980-02-27,0.0001815425
1980-02-28,0.0009371042
1980-02-29,1.4437569e-06
1980-03-01,3.417333e-05
1980-03-02,0.0002908177
1980-03-03,0.0005291303
1980-03-04,0.00026220747
1980-03-05,0.0010314914
1980-03-06,0.00042985546
1980-03-07,4.3842527e-05
1980-03-08,7.947286e-08
1980-03-09,0.0
1980-03-10,0.0
1980-03-11,4.571014e-05
1980-03-12,2.6490953e-08
1980-03-13,0.00037415823
1980-03-14,0.0015757614
1980-03-15,0.00014093186
1980-03-16,0.0
1980-03-17,7.36581e-05
1980-03-18,1.4358096e-05
1980-03-19,0.0
1980-03-20,1.0093053e-05
1980-03-21,2.5020705e-05
1980-03-22,7.947286e-08
1980-03-23,0.0
1980-03-24,1.1920929e-07
1980-03-25,0.00016804536
1980-03-26,8.2121954e-07
1980-03-27,5.2981907e-08
1980-03-28,0.0
1980-03-29,0.0
1980-03-30,3.973643e-08
1980-03-31,5.44654e-05
1980-04-01,1.3377932e-06
1980-04-02,5.5631e-07
1980-04-03,5.1485167e-05
1980-04-04,0.0007554955
1980-04-05,0.0013637013
1980-04-06,0.0003303157
1980-04-07,0.0
1980-04-08,0.0
1980-04-09,0.00022727913
1980-04-10,2.529886e-06
1980-04-11,0.0
1980-04-12,0.0
1980-04-13,0.0
1980-04-14,4.568365e-05
1980-04-15,2.6490953e-08
1980-04-16,0.0
1980-04-17,0.0
1980-04-18,0.0
1980-04-19,3.4570694e-06
1980-04-20,0.0011031362
1980-04-21,0.0003308985
1980-04-22,7.616149e-06
1980-04-23,6.357829e-07
1980-04-24,4.965729e-05
1980-04-25,0.0
1980-04-26,1.139111e-06
1980-04-27,2.0662944e-06
1980-04-28,1.26626755e-05
1980-04-29,3.0332142e-06
1980-04-30,9.2718335e-07
1980-05-01,0.0
1980-05-02,0.0
1980-05-03,6.8876477e-07
1980-05-04,0.0
1980-05-05,4.71539e-06
1980-05-06,4.4107437e-06
1980-05-07,0.0
1980-05-08,1.0238753e-05
1980-05-09,0.0008896722
1980-05-10,7.1141454e-05
1980-05-11,1.8278757e-05
1980-05-12,2.9431449e-05
1980-05-13,6.1644445e-05
1980-05-14,1.2689166e-05
1980-05-15,0.0
1980-05-16,0.0
1980-05-17,0.0
1980-05-18,0.0
1980-05-19,0.0
1980-05-20,0.0
1980-05-21,0.0
1980-05-22,2.1669599e-05
1980-05-23,5.238586e-05
1980-05-24,6.817447e-05
1980-05-25,3.1259324e-06
1980-05-26,1.3245477e-08
1980-05-27,5.695555e-07
1980-05-28,7.947286e-07
1980-05-29,1.2185839e-06
1980-05-30,4.3180253e-06
1980-05-31,7.3512397e-06
1980-06-01,1.695421e-06
1980-06-02,1.001358e-05
1980-06-03,4.778968e-05
1980-06-04,0.00012346108
1980-06-05,0.00016658836
1980-06-06,1.7841658e-05
1980-06-07,0.0
1980-06-08,0.0
1980-06-09,2.6490953e-08
1980-06-10,5.430645e-07
1980-06-11,2.6490954e-07
1980-06-12,0.00013649464
1980-06-13,0.0002281401
1980-06-14,8.0797406e-07
1980-06-15,0.0
1980-06-16,2.6490953e-08
1980-06-17,0.0
1980-06-18,0.0
1980-06-19,0.0
1980-06-20,0.0
1980-06-21,0.0
1980-06-22,4.172325e-06
1980-06-23,1.888805e-05
1980-06-24,7.6823767e-07
1980-06-25,1.6530355e-05
1980-06-26,0.0
1980-06-27,0.0
1980-06-28,0.0
1980-06-29,0.0
1980-06-30,0.0
1980-07-01,5.3114363e-06
1980-07-02,2.4729305e-05
1980-07-03,4.813406e-05
1980-07-04,3.1789145e-07
1980-07-05,7.285012e-07
1980-07-06,0.0
1980-07-07,0.0
1980-07-08,0.0
1980-07-09,0.0
1980-07-10,0.0
1980-07-11,0.0
1980-07-12,2.1987491e-06
1980-07-13,0.0
1980-07-14,0.0
1980-07-15,0.0
1980-07-16,0.0
1980-07-17,0.0
1980-07-18,4.927317e-06
1980-07-19,0.0
1980-07-20,0.0
1980-07-21,0.0
1980-07-22,0.0
1980-07-23,0.0
1980-07-24,0.0
1980-07-25,0.0
1980-07-26,0.0
1980-07-27,0.0
1980-07-28,0.0
1980-07-29,1.3113022e-06
1980-07-30,2.78155e-07
1980-07-31,0.0
1980-08-01,0.0
1980-08-02,0.0
1980-08-03,0.0
1980-08-04,0.0
1980-08-05,0.0
1980-08-06,0.0
1980-08-07,0.0
1980-08-08,0.0
1980-08-09,0.0
1980-08-10,0.0
1980-08-11,0.0
1980-08-12,0.0
1980-08-13,0.0
1980-08-14,1.05963814e-07
1980-08-15,0.0
1980-08-16,0.0
1980-08-17,0.0
1980-08-18,7.947286e-07
1980-08-19,0.0
1980-08-20,0.0
1980-08-21,0.0
1980-08-22,6.571081e-05
1980-08-23,0.0
1980-08-24,0.0
1980-08-25,0.0
1980-08-26,1.5894572e-07
1980-08-27,0.0
1980-08-28,0.0
1980-08-29,1.5894572e-07
1980-08-30,0.0
1980-08-31,0.0
1980-09-01,0.0
1980-09-02,0.0
1980-09-03,0.0
1980-09-04,0.0
1980-09-05,0.0
1980-09-06,0.0
1980-09-07,1.3245477e-07
1980-09-08,7.947286e-08
1980-09-09,3.563033e-05
1980-09-10,2.755059e-06
1980-09-11,3.1789145e-07
1980-09-12,0.00014344852
1980-09-13,0.0001665089
1980-09-14,0.00038143
1980-09-15,1.7748939e-06
1980-09-16,0.0
1980-09-17,0.0
1980-09-18,1.1033482e-05
1980-09-19,2.931224e-05
1980-09-20,2.609359e-06
1980-09-21,0.0
1980-09-22,0.0
1980-09-23,0.0
1980-09-24,0.0
1980-09-25,0.0
1980-09-26,0.0
1980-09-27,0.0
1980-09-28,0.0
1980-09-29,0.0
1980-09-30,0.0
1980-10-01,0.0
1980-10-02,0.0
1980-10-03,0.0
1980-10-04,0.0
1980-10-05,0.0
1980-10-06,0.0
1980-10-07,0.0
1980-10-08,0.0
1980-10-09,0.0
1980-10-10,0.0
1980-10-11,0.00015362103
1980-10-12,0.0008831289
1980-10-13,0.00064169033
1980-10-14,0.00021339787
1980-10-15,7.549922e-07
1980-10-16,1.5894572e-07
1980-10-17,0.0
1980-10-18,0.0
1980-10-19,0.0
1980-10-20,0.0
1980-10-21,0.0
1980-10-22,0.0
1980-10-23,0.0
1980-10-24,0.0
1980-10-25,6.169743e-05
1980-10-26,1.748403e-06
1980-10-27,6.7949295e-06
1980-10-28,0.0
1980-10-29,0.0
1980-10-30,0.0
1980-10-31,0.0
1980-11-01,7.5883334e-05
1980-11-02,7.139312e-06
1980-11-03,0.0
1980-11-04,0.0
1980-11-05,0.0
1980-11-06,6.1459014e-06
1980-11-07,0.00077924464
1980-11-08,3.2689837e-05
1980-11-09,2.278222e-06
1980-11-10,0.0
1980-11-11,0.0
1980-11-12,0.0
1980-11-13,0.0
1980-11-14,2.6490953e-08
1980-11-15,1.3245477e-08
1980-11-16,0.0
1980-11-17,0.0
1980-11-18,0.0
1980-11-19,0.0
1980-11-20,0.0
1980-11-21,4.2001408e-05
1980-11-22,0.00025841926
1980-11-23,0.0003698137
1980-11-24,6.6227386e-08
1980-11-25,0.0
1980-11-26,0.0
1980-11-27,0.0
1980-11-28,0.0
1980-11-29,0.00030834146
1980-11-30,0.0002798107
1980-12-01,5.5975383e-05
1980-12-02,0.0024874872
1980-12-03,0.002904455
1980-12-04,0.00081422593
1980-12-05,0.00011062622
1980-12-06,9.728802e-05
1980-12-07,4.7683716e-07
1980-12-08,0.0
1980-12-09,0.0
1980-12-10,0.0
1980-12-11,0.0
1980-12-12,0.0
1980-12-13,0.0
1980-12-14,0.0
1980-12-15,0.0
1980-12-16,0.0
1980-12-17,0.0
1980-12-18,0.0
1980-12-19,5.2981907e-08
1980-12-20,3.4703148e-06
1980-12-21,0.00025966432
1980-12-22,0.00030847391
1980-12-23,0.0
1980-12-24,0.0002946324
1980-12-25,0.0003837347
1980-12-26,9.4042883e-07
1980-12-27,0.0002577702
1980-12-28,3.311369e-07
1980-12-29,0.0
1980-12-30,0.0
1980-12-31,0.0
1981-01-01,0.0
1981-01-02,0.0
1981-01-03,0.0003049771
1981-01-04,0.00013038848
1981-01-05,0.0
1981-01-06,0.0
1981-01-07,0.0
1981-01-08,0.0
1981-01-09,0.0
1981-01-10,0.0
1981-01-11,0.0
1981-01-12,0.0
1981-01-13,0.0
1981-01-14,0.0
1981-01-15,2.6490953e-08
1981-01-16,0.0004643599
1981-01-17,0.0008027289
1981-01-18,0.0001035134
1981-01-19,9.946028e-05
1981-01-20,0.0006586313
1981-01-21,0.00094841584
1981-01-22,0.0018192397
1981-01-23,0.0009987024
1981-01-24,1.194742e-05
1981-01-25,0.0
1981-01-26,0.00049130124
1981-01-27,0.0017071433
1981-01-28,0.0014030271
1981-01-29,0.0006545782
1981-01-30,2.3947821e-05
1981-01-31,0.0
1981-02-01,0.0
1981-02-02,0.0
1981-02-03,0.0
1981-02-04,0.0
1981-02-05,0.0001273685
1981-02-06,5.1869287e-05
1981-02-07,0.0
1981-02-08,7.285012e-07
1981-02-09,7.059839e-06
1981-02-10,8.447965e-05
1981-02-11,0.00028146637
1981-02-12,7.218785e-06
1981-02-13,0.0012608501
1981-02-14,0.0009553962
1981-02-15,0.0
1981-02-16,0.00015568733
1981-02-17,9.364552e-06
1981-02-18,2.1192763e-07
1981-02-19,0.000281122
1981-02-20,6.357829e-07
1981-02-21,0.0
1981-02-22,0.0
1981-02-23,1.6874737e-05
1981-02-24,0.0013041629
1981-02-25,0.0009875827
1981-02-26,0.0005873309
1981-02-27,0.00013552772
1981-02-28,3.8544335e-06
1981-03-01,4.298157e-05
1981-03-02,2.3179584e-06
1981-03-03,0.0
1981-03-04,0.0015090307
1981-03-05,8.812216e-05
1981-03-06,0.0
1981-03-07,0.00013515685
1981-03-08,2.8477775e-06
1981-03-09,0.0
1981-03-10,0.0
1981-03-11,0.0
1981-03-12,0.0004320542
1981-03-13,0.000534349
1981-03-14,2.2186174e-05
1981-03-15,0.001073228
1981-03-16,0.0002729628
1981-03-17,0.0
1981-03-18,0.00016085307
1981-03-19,0.00065689615
1981-03-20,0.0009934637
1981-03-21,0.0010581282
1981-03-22,0.0005524026
1981-03-23,7.76185e-06
1981-03-24,1.6556846e-06
1981-03-25,0.0016400019
1981-03-26,0.000309613
1981-03-27,1.8543668e-07
1981-03-28,0.0
1981-03-29,0.00023289521
1981-03-30,1.1920929e-07
1981-03-31,8.6678396e-05
1981-04-01,0.0004897184
1981-04-02,9.2718335e-07
1981-04-03,1.5894572e-07
1981-04-04,0.0
1981-04-05,1.8543668e-07
1981-04-06,6.6227386e-08
1981-04-07,0.0
1981-04-08,1.9868214e-07
1981-04-09,8.2121954e-07
1981-04-10,5.298191e-07
1981-04-11,6.053183e-06
1981-04-12,0.0
1981-04-13,0.0
1981-04-14,0.0
1981-04-15,9.801653e-07
1981-04-16,2.7007527e-05
1981-04-17,1.748403e-06
1981-04-18,1.7166138e-05
1981-04-19,0.0009632773
1981-04-20,7.340643e-05
1981-04-21,0.0
1981-04-22,1.05963814e-07
1981-04-23,2.4676323e-05
1981-04-24,8.066495e-06
1981-04-25,3.1219588e-05
1981-04-26,0.00065741275
1981-04-27,0.0
1981-04-28,0.0
1981-04-29,0.0
1981-04-30,6.2121285e-06
1981-05-01,2.3841858e-07
1981-05-02,0.0
1981-05-03,0.0
1981-05-04,9.271834e-08
1981-05-05,0.0
1981-05-06,4.503462e-07
1981-05-07,0.0
1981-05-08,3.006723e-06
1981-05-09,0.0
1981-05-10,0.0
1981-05-11,0.0
1981-05-12,0.0
1981-05-13,2.4027295e-05
1981-05-14,0.00010073185
1981-05-15,8.556578e-06
1981-05-16,4.1060977e-07
1981-05-17,0.00023843182
1981-05-18,0.0019339456
1981-05-19,0.0003866752
1981-05-20,7.6823767e-07
1981-05-21,4.503462e-07
1981-05-22,0.0
1981-05-23,6.755193e-07
1981-05-24,6.8823494e-05
1981-05-25,0.00013429589
1981-05-26,0.000103725324
1981-05-27,0.0
1981-05-28,0.0
1981-05-29,0.0
1981-05-30,4.3710074e-07
1981-05-31,0.0
1981-06-01,8.477105e-07
1981-06-02,9.1393787e-07
1981-06-03,0.0
1981-06-04,0.0
1981-06-05,1.9868214e-06
1981-06-06,0.0
1981-06-07,0.0
1981-06-08,4.588233e-05
1981-06-09,0.0
1981-06-10,0.0
1981-06-11,2.6490953e-08
1981-06-12,2.3815366e-05
1981-06-13,1.5894572e-07
1981-06-14,0.0
1981-06-15,0.0
1981-06-16,0.0
1981-06-17,0.0
1981-06-18,0.0
1981-06-19,0.0
1981-06-20,2.6490953e-08
1981-06-21,0.0
1981-06-22,0.0
1981-06-23,0.0
1981-06-24,0.0
1981-06-25,0.0
1981-06-26,0.0
1981-06-27,0.0
1981-06-28,0.0
1981-06-29,0.0
1981-06-30,0.0
1981-07-01,0.0
1981-07-02,9.2718335e-07
1981-07-03,0.0
1981-07-04,0.0
1981-07-05,1.4808443e-05
1981-07-06,3.151099e-05
1981-07-07,1.05963814e-07
1981-07-08,0.0
1981-07-09,0.0
1981-07-10,0.0
1981-07-11,0.0
1981-07-12,3.1789145e-07
1981-07-13,0.0
1981-07-14,0.0
1981-07-15,0.0
1981-07-16,0.0
1981-07-17,0.0
1981-07-18,0.0
1981-07-19,0.0
1981-07-20,0.0
1981-07-21,0.0
1981-07-22,0.0
1981-07-23,0.0
1981-07-24,0.0
1981-07-25,0.0
1981-07-26,0.0
1981-07-27,0.0
1981-07-28,0.0
1981-07-29,0.0
1981-07-30,0.0
1981-07-31,0.0
1981-08-01,0.0
1981-08-02,0.0
1981-08-03,0.0
1981-08-04,0.0
1981-08-05,0.0
1981-08-06,0.0
1981-08-07,0.0
1981-08-08,0.0
1981-08-09,0.0
1981-08-10,0.0
1981-08-11,0.0
1981-08-12,0.0
1981-08-13,0.0
1981-08-14,0.0
1981-08-15,0.0
1981-08-16,0.0
1981-08-17,0.0
1981-08-18,0.0
1981-08-19,0.0
1981-08-20,0.0
1981-08-21,0.0
1981-08-22,0.0
1981-08-23,0.0
1981-08-24,0.0
1981-08-25,0.0
1981-08-26,0.0
1981-08-27,0.0
1981-08-28,0.0
1981-08-29,0.0
1981-08-30,0.0
1981-08-31,0.0
1981-09-01,0.0
1981-09-02,0.0
1981-09-03,0.0
1981-09-04,0.0
1981-09-05,0.0
1981-09-06,0.0
1981-09-07,0.0
1981-09-08,0.0
1981-09-09,0.0
1981-09-10,0.0
1981-09-11,0.0
1981-09-12,0.0
1981-09-13,0.0
1981-09-14,0.0
1981-09-15,9.020169e-06
1981-09-16,1.0954009e-05
1981-09-17,5.2981907e-08
1981-09-18,0.0
1981-09-19,1.3245477e-08
1981-09-20,0.0
1981-09-21,0.0
1981-09-22,0.0
1981-09-23,0.0
1981-09-24,1.4967389e-05
1981-09-25,1.6172728e-05
1981-09-26,4.568365e-05
1981-09-27,0.0011714034
1981-09-28,7.6174736e-05
1981-09-29,0.0
1981-09-30,0.0
1981-10-01,0.0
1981-10-02,9.298325e-06
1981-10-03,0.00016007159
1981-10-04,4.3312707e-06
1981-10-05,0.0
1981-10-06,1.7629729e-05
1981-10-07,0.001568079
1981-10-08,1.4305115e-05
1981-10-09,4.2597454e-05
1981-10-10,0.0006198618
1981-10-11,3.8716527e-05
1981-10-12,2.9140048e-07
1981-10-13,1.0463926e-06
1981-10-14,0.0
1981-10-15,0.0
1981-10-16,0.0
1981-10-17,0.0
1981-10-18,0.0
1981-10-19,0.0
1981-10-20,0.0
1981-10-21,0.0
1981-10-22,0.0
1981-10-23,0.0
1981-10-24,0.0
1981-10-25,0.0
1981-10-26,9.563234e-06
1981-10-27,0.0011737612
1981-10-28,0.0019176139
1981-10-29,0.0006659296
1981-10-30,4.1855707e-05
1981-10-31,0.0
1981-11-01,0.0
1981-11-02,0.0
1981-11-03,0.0
1981-11-04,0.0
1981-11-05,1.4305115e-06
1981-11-06,1.8662877e-05
1981-11-07,1.05963814e-07
1981-11-08,0.0
1981-11-09,0.0
1981-11-10,9.1181864e-05
1981-11-11,0.00014637577
1981-11-12,0.0016729832
1981-11-13,0.0013146135
1981-11-14,0.00071549416
1981-11-15,0.0031478405
1981-11-16,0.0033010643
1981-11-17,0.0013588733
1981-11-18,2.7815502e-06
1981-11-19,1.50203705e-05
1981-11-20,0.00015526348
1981-11-21,0.001859506
1981-11-22,0.0005205207
1981-11-23,0.0016420683
1981-11-24,0.0007749531
1981-11-25,1.3245477e-08
1981-11-26,0.0007800923
1981-11-27,0.0006615851
1981-11-28,1.3245477e-08
1981-11-29,0.0
1981-11-30,8.8744696e-07
1981-12-01,8.437369e-06
1981-12-02,2.8914876e-05
1981-12-03,1.9868214e-07
1981-12-04,0.0
1981-12-05,2.386835e-05
1981-12-06,0.00058906607
1981-12-07,0.00041634508
1981-12-08,1.8543667e-06
1981-12-09,0.0010039011
1981-12-10,0.0004210737
1981-12-11,0.0
1981-12-12,0.00052071945
1981-12-13,0.00088396337
1981-12-14,0.00079156295
1981-12-15,0.0010490683
1981-12-16,0.0
1981-12-17,0.0
1981-12-18,0.0015508466
1981-12-19,0.0041006273
1981-12-20,0.001854168
1981-12-21,0.0008045302
1981-12-22,3.5762787e-07
1981-12-23,1.0463926e-06
1981-12-24,3.867679e-06
1981-12-25,1.5934309e-05
1981-12-26,0.00042251745
1981-12-27,4.3816035e-05
1981-12-28,0.00013573964
1981-12-29,0.001448565
1981-12-30,0.00038121807
1981-12-31,0.0012765063
1982-01-01,0.00028203594
1982-01-02,0.00012379223
1982-01-03,0.00040531158
1982-01-04,0.0014695195
1982-01-05,0.00016592609
1982-01-06,0.0
1982-01-07,0.0
1982-01-08,0.0
1982-01-09,0.0
1982-01-10,0.0
1982-01-11,0.0
1982-01-12,9.271834e-08
1982-01-13,0.0
1982-01-14,0.0
1982-01-15,0.0
1982-01-16,0.0
1982-01-17,8.316835e-05
1982-01-18,0.0004851818
1982-01-19,0.0003549523
1982-01-20,0.0007999606
1982-01-21,0.0001345608
1982-01-22,1.4742215e-05
1982-01-23,0.00015660127
1982-01-24,4.7286353e-06
1982-01-25,1.0596382e-06
1982-01-26,0.0014077425
1982-01-27,6.1531864e-05
1982-01-28,0.0006073316
1982-01-29,1.3245477e-08
1982-01-30,0.0
1982-01-31,0.0
1982-02-01,0.0
1982-02-02,0.0
1982-02-03,6.6227386e-08
1982-02-04,1.3245477e-07
1982-02-05,0.0
1982-02-06,0.0
1982-02-07,7.0201025e-07
1982-02-08,1.6556846e-06
1982-02-09,0.0002261665
1982-02-10,4.6491623e-06
1982-02-11,0.0
1982-02-12,0.0
1982-02-13,0.0012014309
1982-02-14,0.0015020304
1982-02-15,0.0017859737
1982-02-16,0.0017274751
1982-02-17,0.00028822158
1982-02-18,2.6490953e-08
1982-02-19,3.458394e-05
1982-02-20,4.3537882e-05
1982-02-21,0.00070279173
1982-02-22,3.4544202e-05
1982-02-23,2.6490953e-08
1982-02-24,0.0
1982-02-25,0.0
1982-02-26,0.00028885735
1982-02-27,0.00033822324
1982-02-28,0.00046474405
1982-03-01,0.0026296643
1982-03-02,0.0006758372
1982-03-03,0.00029860603
1982-03-04,1.7205874e-05
1982-03-05,0.0
1982-03-06,0.0
1982-03-07,0.0
1982-03-08,0.00029818216
1982-03-09,0.00019166205
1982-03-10,0.00047103563
1982-03-11,0.0004573928
1982-03-12,1.5894572e-06
1982-03-13,5.033281e-07
1982-03-14,0.0008662939
1982-03-15,4.2570962e-05
1982-03-16,0.00069367886
1982-03-17,2.3855104e-05
1982-03-18,0.000118401316
1982-03-19,0.00010882484
1982-03-20,2.2729238e-05
1982-03-21,7.947286e-07
1982-03-22,0.0
1982-03-23,0.0
1982-03-24,1.5894572e-07
1982-03-25,5.0094393e-05
1982-03-26,0.00012109015
1982-03-27,0.00039521852
1982-03-28,0.001084129
1982-03-29,0.00055005815
1982-03-30,0.000934932
1982-03-31,0.0016738176
1982-04-01,0.0005465746
1982-04-02,0.0012901226
1982-04-03,0.0010112127
1982-04-04,0.00013542175
1982-04-05,0.00047375096
1982-04-06,0.0002462864
1982-04-07,4.7273104e-05
1982-04-08,4.2650436e-06
1982-04-09,0.0
1982-04-10,0.0012769037
1982-04-11,0.0021221372
1982-04-12,0.000688076
1982-04-13,0.0008941756
1982-04-14,0.00086601573
1982-04-15,9.828143e-06
1982-04-16,0.0
1982-04-17,0.0
1982-04-18,0.0
1982-04-19,0.0
1982-04-20,0.0
1982-04-21,0.0
1982-04-22,0.0
1982-04-23,0.0
1982-04-24,4.781617e-06
1982-04-25,3.4438239e-07
1982-04-26,2.7020772e-06
1982-04-27,0.0
1982-04-28,1.6159481e-06
1982-04-29,0.0
1982-04-30,0.0
1982-05-01,0.0
1982-05-02,0.0
1982-05-03,0.0
1982-05-04,0.0
1982-05-05,0.0
1982-05-06,1.1258655e-06
1982-05-07,0.0
1982-05-08,0.0
1982-05-09,6.8876477e-07
1982-05-10,1.973576e-06
1982-05-11,8.715524e-06
1982-05-12,0.0
1982-05-13,2.0398033e-06
1982-05-14,0.00011661318
1982-05-15,0.0
1982-05-16,0.0
1982-05-17,3.2398435e-05
1982-05-18,1.3245477e-07
1982-05-19,0.0
1982-05-20,3.7087335e-07
1982-05-21,1.1205673e-05
1982-05-22,0.0
1982-05-23,0.0
1982-05-24,0.0
1982-05-25,0.0
1982-05-26,0.0
1982-05-27,1.555019e-05
1982-05-28,0.0
1982-05-29,4.2385525e-07
1982-05-30,0.0
1982-05-31,7.4572035e-06
1982-06-01,2.7153226e-07
1982-06-02,0.0
1982-06-03,4.5961806e-06
1982-06-04,0.00016609828
1982-06-05,3.973643e-08
1982-06-06,2.251731e-06
1982-06-07,0.0
1982-06-08,0.0
1982-06-09,0.0
1982-06-10,0.0
1982-06-11,0.0
1982-06-12,6.596247e-06
1982-06-13,9.1393787e-07
1982-06-14,0.0
1982-06-15,0.0
1982-06-16,0.0
1982-06-17,4.9935447e-06
1982-06-18,2.0503998e-05
1982-06-19,8.4519386e-05
1982-06-20,0.000204987
1982-06-21,3.33786e-06
1982-06-22,6.34061e-05
1982-06-23,2.9087067e-05
1982-06-24,8.7949964e-05
1982-06-25,2.6490954e-07
1982-06-26,4.474322e-05
1982-06-27,0.0004711416
1982-06-28,8.6387e-05
1982-06-29,0.0011809402
1982-06-30,2.5298861e-05
1982-07-01,0.000120798744
1982-07-02,0.0005056858
1982-07-03,2.1338463e-05
1982-07-04,2.9140048e-07
1982-07-05,7.947286e-08
1982-07-06,2.113978e-05
1982-07-07,2.6490952e-06
1982-07-08,0.0
1982-07-09,0.0
1982-07-10,5.8280096e-07
1982-07-11,0.0
1982-07-12,0.0
1982-07-13,0.0
1982-07-14,0.0
1982-07-15,0.0
1982-07-16,8.60956e-07
1982-07-17,0.0
1982-07-18,0.0
1982-07-19,0.0
1982-07-20,0.0
1982-07-21,0.0
1982-07-22,0.0
1982-07-23,0.0
1982-07-24,0.0
1982-07-25,0.0
1982-07-26,0.0
1982-07-27,0.0
1982-07-28,0.0
1982-07-29,0.0
1982-07-30,0.0
1982-07-31,0.0
1982-08-01,0.0
1982-08-02,0.0
1982-08-03,0.0
1982-08-04,0.0
1982-08-05,0.0
1982-08-06,0.0
1982-08-07,7.417467e-07
1982-08-08,0.0
1982-08-09,0.0
1982-08-10,0.0
1982-08-11,2.6490953e-08
1982-08-12,0.0
1982-08-13,0.0
1982-08-14,0.0
1982-08-15,2.251731e-07
1982-08-16,0.0
1982-08-17,0.0
1982-08-18,2.6490953e-08
1982-08-19,9.006924e-07
1982-08-20,0.0
1982-08-21,0.0
1982-08-22,0.0
1982-08-23,0.0
1982-08-24,0.0
1982-08-25,0.0
1982-08-26,0.0
1982-08-27,0.0
1982-08-28,1.0993746e-06
1982-08-29,0.00012543466
1982-08-30,3.1789145e-07
1982-08-31,0.0
1982-09-01,0.0
1982-09-02,1.3510386e-06
1982-09-03,8.914206e-06
1982-09-04,0.0
1982-09-05,0.0
1982-09-06,0.0
1982-09-07,0.0
1982-09-08,0.0
1982-09-09,2.6490953e-08
1982-09-10,2.9140048e-07
1982-09-11,0.0
1982-09-12,0.0
1982-09-13,0.0
1982-09-14,0.0
1982-09-15,5.282296e-05
1982-09-16,2.9683113e-05
1982-09-17,2.822611e-05
1982-09-18,0.00039574836
1982-09-19,0.00025290914
1982-09-20,5.2981907e-08
1982-09-21,0.0
1982-09-22,0.0
1982-09-23,0.0
1982-09-24,0.00027236674
1982-09-25,0.0001336866
1982-09-26,5.826023e-05
1982-09-27,9.934107e-07
1982-09-28,0.0
1982-09-29,3.9272836e-06
1982-09-30,0.0
1982-10-01,0.0
1982-10-02,0.0
1982-10-03,2.6490953e-08
1982-10-04,8.503596e-06
1982-10-05,0.0
1982-10-06,0.00045675703
1982-10-07,3.3511055e-06
1982-10-08,0.0
1982-10-09,0.0
1982-10-10,0.0
1982-10-11,0.0
1982-10-12,0.0
1982-10-13,0.0
1982-10-14,0.0
1982-10-15,2.1192763e-07
1982-10-16,0.0
1982-10-17,0.0
1982-10-18,0.0
1982-10-19,0.0
1982-10-20,3.920661e-06
1982-10-21,0.0012322664
1982-10-22,0.0011364619
1982-10-23,0.0020012062
1982-10-24,0.00023114681
1982-10-25,0.0020783741
1982-10-26,0.0007277992
1982-10-27,1.9338395e-06
1982-10-28,2.1987491e-06
1982-10-29,0.0010605388
1982-10-30,0.0005193816
1982-10-31,0.0
1982-11-01,0.0
1982-11-02,0.0
1982-11-03,0.0
1982-11-04,0.0
1982-11-05,0.0
1982-11-06,3.311369e-07
1982-11-07,3.496806e-06
1982-11-08,0.00034868717
1982-11-09,5.4717064e-05
1982-11-10,5.549855e-06
1982-11-11,0.0
1982-11-12,0.0
1982-11-13,0.0
1982-11-14,0.0
1982-11-15,0.0
1982-11-16,4.005432e-05
1982-11-17,0.00101161
1982-11-18,0.002721813
1982-11-19,0.0005207724
1982-11-20,0.00019737084
1982-11-21,0.0002314647
1982-11-22,0.00027362505
1982-11-23,0.00017837684
1982-11-24,0.0
1982-11-25,0.0
1982-11-26,0.0
1982-11-27,0.0005205075
1982-11-28,0.001896143
1982-11-29,0.0017031431
1982-11-30,0.0010582341
1982-12-01,4.4372346e-06
1982-12-02,0.00024060409
1982-12-03,0.00016915798
1982-12-04,0.0001676215
1982-12-05,2.8212866e-05
1982-12-06,3.4133594e-05
1982-12-07,5.2981907e-08
1982-12-08,0.0
1982-12-09,0.0
1982-12-10,0.0
1982-12-11,0.0
1982-12-12,0.00023637878
1982-12-13,5.3829615e-05
1982-12-14,0.00023553107
1982-12-15,0.0015924507
1982-12-16,0.0029257138
1982-12-17,0.0016659101
1982-12-18,3.4915076e-05
1982-12-19,5.6054858e-05
1982-12-20,0.0012364388
1982-12-21,0.0031280783
1982-12-22,0.0011267397
1982-12-23,3.6266116e-05
1982-12-24,0.0
1982-12-25,0.0
1982-12-26,1.2715658e-06
1982-12-27,1.3245477e-08
1982-12-28,0.0
1982-12-29,0.0
1982-12-30,0.0
1982-12-31,0.0
1983-01-01,0.0
1983-01-02,3.8027763e-05
1983-01-03,6.3909424e-06
1983-01-04,4.45048e-06
1983-01-05,0.0
1983-01-06,9.549989e-06
1983-01-07,1.7748939e-06
1983-01-08,3.7087335e-07
1983-01-09,0.0
1983-01-10,0.0
1983-01-11,0.0
1983-01-12,0.0
1983-01-13,0.0
1983-01-14,0.0
1983-01-15,0.00016245578
1983-01-16,0.0003268851
1983-01-17,7.285012e-05
1983-01-18,0.0019500918
1983-01-19,0.0006204976
1983-01-20,5.510118e-06
1983-01-21,0.00014589893
1983-01-22,0.001112183
1983-01-23,0.0005545749
1983-01-24,0.002685706
1983-01-25,0.00021225876
1983-01-26,0.004194922
1983-01-27,0.00091838837
1983-01-28,6.5671076e-05
1983-01-29,0.00054023
1983-01-30,0.00056019094
1983-01-31,6.953875e-06
1983-02-01,0.0
1983-02-02,0.0
1983-02-03,0.0
1983-02-04,2.6490953e-08
1983-02-05,0.00034305785
1983-02-06,0.00130007
1983-02-07,0.0011085669
1983-02-08,0.0015723043
1983-02-09,0.0014635854
1983-02-10,0.0016100672
1983-02-11,4.7683716e-05
1983-02-12,0.0015920268
1983-02-13,0.0009290907
1983-02-14,6.708834e-05
1983-02-15,0.0004023446
1983-02-16,0.00019909276
1983-02-17,0.00028280416
1983-02-18,0.0021455819
1983-02-19,0.0
1983-02-20,3.6689971e-06
1983-02-21,5.258454e-06
1983-02-22,1.6080008e-05
1983-02-23,5.1432187e-05
1983-02-24,0.00010731485
1983-02-25,0.0012405581
1983-02-26,0.0007229514
1983-02-27,0.0019475487
1983-02-28,0.0015358262
1983-03-01,0.0023155874
1983-03-02,0.0014741686
1983-03-03,0.0005908807
1983-03-04,5.062421e-05
1983-03-05,0.00095770095
1983-03-06,0.00025089583
1983-03-07,0.0011356142
1983-03-08,0.00034198497
1983-03-09,0.0002048148
1983-03-10,0.0004896985
1983-03-11,0.00046483675
1983-03-12,0.00139406
1983-03-13,0.0016871823
1983-03-14,0.00010522207
1983-03-15,5.8280096e-07
1983-03-16,0.00040830506
1983-03-17,0.0005290773
1983-03-18,5.555153e-05
1983-03-19,0.0
1983-03-20,0.00016162131
1983-03-21,0.0006380214
1983-03-22,0.0010071596
1983-03-23,0.00046244595
1983-03-24,0.0011796422
1983-03-25,3.0636787e-05
1983-03-26,0.0001537535
1983-03-27,0.0010278755
1983-03-28,8.5923406e-05
1983-03-29,0.000790596
1983-03-30,0.0018141667
1983-03-31,0.0006030533
1983-04-01,1.748403e-06
1983-04-02,0.00026233992
1983-04-03,1.3417668e-05
1983-04-04,2.6490953e-08
1983-04-05,0.0
1983-04-06,0.0
1983-04-07,0.0
1983-04-08,3.2186508e-06
1983-04-09,0.0003399054
1983-04-10,6.0081482e-05
1983-04-11,5.7074758e-05
1983-04-12,1.8907918e-05
1983-04-13,1.3642841e-06
1983-04-14,3.1259324e-06
1983-04-15,2.1192763e-07
1983-04-16,5.2981907e-08
1983-04-17,4.344516e-06
1983-04-18,5.9564907e-05
1983-04-19,0.0002800756
1983-04-20,9.857284e-05
1983-04-21,3.874302e-05
1983-04-22,0.00027139983
1983-04-23,0.0021383762
1983-04-24,0.0012761354
1983-04-25,0.00044197508
1983-04-26,6.41346e-05
1983-04-27,0.0007627805
1983-04-28,0.0003866487
1983-04-29,0.00022338497
1983-04-30,0.00035398535
1983-05-01,0.00019934442
1983-05-02,5.90086e-05
1983-05-03,2.251731e-07
1983-05-04,9.650654e-05
1983-05-05,0.0011353493
1983-05-06,8.457237e-05
1983-05-07,4.055765e-05
1983-05-08,6.339285e-05
1983-05-09,1.4040205e-06
1983-05-10,5.1524903e-06
1983-05-11,0.0
1983-05-12,1.2715658e-06
1983-05-13,2.026558e-06
1983-05-14,2.6490952e-06
1983-05-15,5.2981907e-08
1983-05-16,0.0
1983-05-17,0.0
1983-05-18,0.0
1983-05-19,0.0
1983-05-20,0.0
1983-05-21,0.0
1983-05-22,0.0
1983-05-23,9.006924e-07
1983-05-24,0.0
1983-05-25,0.0
1983-05-26,0.0
1983-05-27,5.298191e-07
1983-05-28,1.11262e-06
1983-05-29,1.4914407e-05
1983-05-30,7.814831e-07
1983-05-31,0.0001344151
1983-06-01,3.2716327e-06
1983-06-02,7.018778e-05
1983-06-03,2.7272436e-05
1983-06-04,7.947286e-08
1983-06-05,0.0
1983-06-06,0.0
1983-06-07,6.8876477e-07
1983-06-08,6.658501e-05
1983-06-09,0.0
1983-06-10,0.00022522609
1983-06-11,9.2718335e-07
1983-06-12,0.0
1983-06-13,0.0
1983-06-14,7.788341e-06
1983-06-15,0.0
1983-06-16,0.0
1983-06-17,0.0
1983-06-18,0.0
1983-06-19,0.0
1983-06-20,4.45048e-06
1983-06-21,0.0
1983-06-22,0.0
1983-06-23,3.973643e-08
1983-06-24,0.0
1983-06-25,0.0
1983-06-26,1.6821755e-06
1983-06-27,0.0
1983-06-28,4.8743354e-06
1983-06-29,1.5762117e-06
1983-06-30,0.0
1983-07-01,0.0002996259
1983-07-02,4.5365756e-05
1983-07-03,0.0
1983-07-04,0.0
1983-07-05,0.0
1983-07-06,1.8543668e-07
1983-07-07,1.8543668e-07
1983-07-08,1.1205673e-05
1983-07-09,0.0
1983-07-10,0.0
1983-07-11,0.0
1983-07-12,0.0
1983-07-13,0.0
1983-07-14,1.3245477e-08
1983-07-15,0.0
1983-07-16,1.1920929e-07
1983-07-17,5.536609e-06
1983-07-18,0.0
1983-07-19,2.6490954e-07
1983-07-20,0.0
1983-07-21,0.0
1983-07-22,0.0
1983-07-23,0.0
1983-07-24,0.0
1983-07-25,2.4636586e-06
1983-07-26,0.0
1983-07-27,0.0
1983-07-28,0.0
1983-07-29,0.0
1983-07-30,0.0
1983-07-31,0.0
1983-08-01,0.0
1983-08-02,0.0
1983-08-03,0.0
1983-08-04,0.0
1983-08-05,0.0
1983-08-06,0.0
1983-08-07,5.033281e-07
1983-08-08,0.0
1983-08-09,0.0
1983-08-10,0.0
1983-08-11,0.0
1983-08-12,0.0
1983-08-13,1.0781818e-05
1983-08-14,0.0
1983-08-15,6.622738e-07
1983-08-16,0.0
1983-08-17,1.1656019e-06
1983-08-18,0.0
1983-08-19,0.00015332963
1983-08-20,7.971128e-05
1983-08-21,3.6478043e-05
1983-08-22,0.0001345608
1983-08-23,1.543098e-05
1983-08-24,3.1789145e-07
1983-08-25,5.8280096e-07
1983-08-26,0.0
1983-08-27,0.0
1983-08-28,0.0
1983-08-29,3.2742817e-05
1983-08-30,0.00057133037
1983-08-31,0.0013312498
1983-09-01,0.00017698605
1983-09-02,0.0
1983-09-03,0.0
1983-09-04,0.0
1983-09-05,0.0
1983-09-06,5.2981907e-08
1983-09-07,0.0
1983-09-08,4.0597384e-05
1983-09-09,0.0
1983-09-10,0.0
1983-09-11,0.0
1983-09-12,0.0
1983-09-13,0.0
1983-09-14,0.0
1983-09-15,0.0
1983-09-16,0.0
1983-09-17,0.0
1983-09-18,0.0
1983-09-19,0.0
1983-09-20,0.0
1983-09-21,3.6557515e-06
1983-09-22,0.00013507737
1983-09-23,0.00039645037
1983-09-24,2.3841858e-07
1983-09-25,2.1192762e-05
1983-09-26,6.0929193e-07
1983-09-27,0.00022194121
1983-09-28,9.006924e-07
1983-09-29,2.2835202e-05
1983-09-30,0.0005226334
1983-10-01,3.1762655e-05
1983-10-02,1.6212463e-05
1983-10-03,0.0
1983-10-04,0.0
1983-10-05,0.0
1983-10-06,2.6490953e-08
1983-10-07,0.0
1983-10-08,3.7087335e-07
1983-10-09,0.00012470616
1983-10-10,1.139111e-06
1983-10-11,0.0
1983-10-12,0.0
1983-10-13,2.22524e-06
1983-10-14,0.0
1983-10-15,0.0
1983-10-16,0.0
1983-10-17,0.0
1983-10-18,0.0
1983-10-19,0.0
1983-10-20,0.0
1983-10-21,0.0
1983-10-22,8.212195e-06
1983-10-23,4.152457e-05
1983-10-24,0.0
1983-10-25,0.0
1983-10-26,0.0
1983-10-27,0.0
1983-10-28,2.8477775e-06
1983-10-29,3.560384e-05
1983-10-30,0.0017989608
1983-10-31,0.001232995
1983-11-01,0.0015848875
1983-11-02,0.00026917458
1983-11-03,1.7417802e-05
1983-11-04,0.00040415922
1983-11-05,8.849303e-05
1983-11-06,0.00094652176
1983-11-07,3.151099e-05
1983-11-08,0.0
1983-11-09,0.0007177724
1983-11-10,0.004266196
1983-11-11,0.0013222562
1983-11-12,0.0017550654
1983-11-13,0.001173377
1983-11-14,0.000109659304
1983-11-15,4.5961806e-06
1983-11-16,0.00087853934
1983-11-17,0.0013549328
1983-11-18,5.907483e-06
1983-11-19,0.0011554956
1983-11-20,0.00018850963
1983-11-21,6.622738e-07
1983-11-22,9.813574e-05
1983-11-23,0.00073145493
1983-11-24,0.0020998584
1983-11-25,2.172258e-06
1983-11-26,0.0
1983-11-27,0.0
1983-11-28,1.3245477e-08
1983-11-29,1.4887915e-05
1983-11-30,0.00013591183
1983-12-01,6.8849986e-05
1983-12-02,0.00014658768
1983-12-03,0.0011114677
1983-12-04,4.1590797e-06
1983-12-05,0.0002111329
1983-12-06,0.0016694003
1983-12-07,0.0014976925
1983-12-08,0.0005845759
1983-12-09,0.0017640194
1983-12-10,0.00093442865
1983-12-11,0.002121157
1983-12-12,0.00024513403
1983-12-13,0.00088983774
1983-12-14,0.00017082691
1983-12-15,8.724796e-05
1983-12-16,0.00033185218
1983-12-17,0.0001222425
1983-12-18,2.3841858e-07
1983-12-19,2.887514e-05
1983-12-20,9.854634e-06
1983-12-21,6.625387e-05
1983-12-22,9.4837615e-06
1983-12-23,0.0007260508
1983-12-24,0.0021967888
1983-12-25,0.0019481315
1983-12-26,0.0005948941
1983-12-27,0.00022723939
1983-12-28,9.669197e-07
1983-12-29,0.0003953245
1983-12-30,0.0007568465
1983-12-31,3.3113693e-06
1984-01-01,0.0
1984-01-02,0.0
1984-01-03,0.0
1984-01-04,0.0
1984-01-05,0.0
1984-01-06,0.0
1984-01-07,0.0
1984-01-08,3.1789145e-07
1984-01-09,0.0
1984-01-10,0.00015699863
1984-01-11,9.2718335e-07
1984-01-12,0.0
1984-01-13,0.0
1984-01-14,1.8146303e-06
1984-01-15,0.00042475594
1984-01-16,9.393692e-05
1984-01-17,0.0
1984-01-18,0.0
1984-01-19,0.0
1984-01-20,3.0464597e-07
1984-01-21,0.00010062588
1984-01-22,6.42803e-05
1984-01-23,5.2981907e-08
1984-01-24,0.0
1984-01-25,0.0
1984-01-26,0.0
1984-01-27,0.0
1984-01-28,0.0
1984-01-29,0.0
1984-01-30,0.0
1984-01-31,0.0
1984-02-01,0.0
1984-02-02,0.0
1984-02-03,0.0
1984-02-04,0.0
1984-02-05,0.0
1984-02-06,0.0
1984-02-07,0.0
1984-02-08,1.598729e-05
1984-02-09,0.0013085604
1984-02-10,5.9511927e-05
1984-02-11,0.00024778314
1984-02-12,0.0007590718
1984-02-13,0.0026451615
1984-02-14,1.4702479e-06
1984-02-15,0.0007626216
1984-02-16,0.0007092754
1984-02-17,4.9008264e-07
1984-02-18,0.0
1984-02-19,2.6490953e-08
1984-02-20,0.00043922
1984-02-21,0.000761456
1984-02-22,0.0
1984-02-23,3.973643e-08
1984-02-24,0.0003623565
1984-02-25,1.2954076e-05
1984-02-26,0.0
1984-02-27,0.0
1984-02-28,6.013446e-06
1984-02-29,5.2730244e-05
1984-03-01,9.9658966e-05
1984-03-02,5.4173997e-06
1984-03-03,0.0
1984-03-04,0.0
1984-03-05,0.0
1984-03-06,0.0
1984-03-07,1.6159481e-06
1984-03-08,6.2518648e-06
1984-03-09,9.801653e-07
1984-03-10,2.0133125e-06
1984-03-11,1.9311905e-05
1984-03-12,8.794334e-05
1984-03-13,0.0018977853
1984-03-14,0.0010367102
1984-03-15,0.0010401276
1984-03-16,0.000519726
1984-03-17,0.00012193786
1984-03-18,0.0
1984-03-19,0.0
1984-03-20,2.3616685e-05
1984-03-21,8.481079e-05
1984-03-22,0.0
1984-03-23,0.0
1984-03-24,1.5894572e-07
1984-03-25,2.251731e-07
1984-03-26,6.106827e-05
1984-03-27,0.0
1984-03-28,8.736717e-05
1984-03-29,5.298191e-07
1984-03-30,0.0
1984-03-31,0.00030941435
1984-04-01,4.9935447e-06
1984-04-02,0.0
1984-04-03,3.1961335e-05
1984-04-04,0.000108387736
1984-04-05,9.730127e-05
1984-04-06,8.225441e-06
1984-04-07,5.3246818e-06
1984-04-08,0.0007325742
1984-04-09,4.7802925e-05
1984-04-10,0.0006115966
1984-04-11,3.973643e-08
1984-04-12,2.974934e-05
1984-04-13,0.0
1984-04-14,0.0
1984-04-15,8.742015e-07
1984-04-16,8.543332e-06
1984-04-17,5.156464e-05
1984-04-18,0.00064018037
1984-04-19,0.0005061891
1984-04-20,2.6490954e-07
1984-04-21,0.0
1984-04-22,0.0
1984-04-23,0.0
1984-04-24,1.1920929e-07
1984-04-25,1.6265445e-05
1984-04-26,1.8941032e-06
1984-04-27,1.0596382e-06
1984-04-28,0.0
1984-04-29,1.8013848e-06
1984-04-30,2.8596984e-05
1984-05-01,0.00092517
1984-05-02,0.00040043725
1984-05-03,0.00014355447
1984-05-04,6.290277e-05
1984-05-05,0.0
1984-05-06,0.0
1984-05-07,0.0
1984-05-08,0.0
1984-05-09,3.973643e-08
1984-05-10,0.0
1984-05-11,0.0003620386
1984-05-12,7.1525574e-07
1984-05-13,0.0
1984-05-14,0.0002512402
1984-05-15,4.7683716e-07
1984-05-16,0.0
1984-05-17,1.05963814e-07
1984-05-18,0.0
1984-05-19,0.0
1984-05-20,0.0
1984-05-21,0.0
1984-05-22,2.3841858e-07
1984-05-23,8.2121954e-07
1984-05-24,0.0
1984-05-25,1.3245477e-08
1984-05-26,0.0
1984-05-27,0.0
1984-05-28,0.0
1984-05-29,2.6490953e-08
1984-05-30,0.0
1984-05-31,2.6490953e-08
1984-06-01,0.0
1984-06-02,1.9656287e-05
1984-06-03,0.0
1984-06-04,0.000521885
1984-06-05,0.00016360813
1984-06-06,0.0008697112
1984-06-07,9.960599e-06
1984-06-08,0.0
1984-06-09,0.0
1984-06-10,2.1192763e-07
1984-06-11,5.761782e-06
1984-06-12,1.417266e-06
1984-06-13,3.818671e-05
1984-06-14,4.5167076e-06
1984-06-15,0.0
1984-06-16,0.0
1984-06-17,0.0
1984-06-18,1.1920929e-07
1984-06-19,7.205539e-06
1984-06-20,5.3511726e-06
1984-06-21,0.0
1984-06-22,0.0
1984-06-23,0.0
1984-06-24,0.0
1984-06-25,0.0
1984-06-26,0.0
1984-06-27,0.0
1984-06-28,0.0
1984-06-29,0.0
1984-06-30,0.0
1984-07-01,0.0
1984-07-02,0.0
1984-07-03,0.0
1984-07-04,0.0
1984-07-05,6.887648e-06
1984-07-06,1.1788475e-06
1984-07-07,0.0
1984-07-08,0.0
1984-07-09,0.0
1984-07-10,0.0
1984-07-11,0.0
1984-07-12,0.0
1984-07-13,3.7087335e-07
1984-07-14,0.0
1984-07-15,0.0
1984-07-16,4.5961806e-06
1984-07-17,8.781751e-06
1984-07-18,4.5087603e-05
1984-07-19,0.0
1984-07-20,0.0
1984-07-21,3.973643e-08
1984-07-22,0.0
1984-07-23,1.0848045e-05
1984-07-24,1.5377998e-05
1984-07-25,0.0
1984-07-26,0.0
1984-07-27,0.0
1984-07-28,0.0
1984-07-29,0.0
1984-07-30,0.0
1984-07-31,0.0
1984-08-01,0.0
1984-08-02,0.0
1984-08-03,0.0
1984-08-04,0.0
1984-08-05,0.0
1984-08-06,0.0
1984-08-07,0.0
1984-08-08,0.0
1984-08-09,0.0
1984-08-10,3.19216e-06
1984-08-11,0.0
1984-08-12,0.0
1984-08-13,0.0
1984-08-14,0.0
1984-08-15,0.0
1984-08-16,0.0
1984-08-17,0.0
1984-08-18,0.0
1984-08-19,0.0
1984-08-20,0.0
1984-08-21,0.0
1984-08-22,0.0
1984-08-23,0.0
1984-08-24,0.0
1984-08-25,0.0
1984-08-26,2.834532e-06
1984-08-27,5.2981907e-08
1984-08-28,2.7947956e-06
1984-08-29,1.8755594e-05
1984-08-30,5.93e-05
1984-08-31,1.601378e-05
1984-09-01,0.0
1984-09-02,0.0
1984-09-03,0.0
1984-09-04,0.0
1984-09-05,0.0
1984-09-06,0.0
1984-09-07,0.0
1984-09-08,0.0
1984-09-09,0.0
1984-09-10,0.0
1984-09-11,0.0
1984-09-12,0.0
1984-09-13,0.0
1984-09-14,5.8809915e-06
1984-09-15,2.6490953e-08
1984-09-16,0.0
1984-09-17,0.0
1984-09-18,1.9338395e-06
1984-09-19,8.287695e-05
1984-09-20,2.9272504e-05
1984-09-21,4.2385525e-07
1984-09-22,0.0
1984-09-23,0.0
1984-09-24,0.0
1984-09-25,0.0
1984-09-26,0.0
1984-09-27,0.0
1984-09-28,0.0
1984-09-29,0.0
1984-09-30,0.00017253558
1984-10-01,6.5167746e-06
1984-10-02,0.0
1984-10-03,0.0
1984-10-04,1.5364753e-06
1984-10-05,1.2411012e-05
1984-10-06,3.8941703e-06
1984-10-07,0.0
1984-10-08,3.8411883e-07
1984-10-09,4.8928792e-05
1984-10-10,0.0003432565
1984-10-11,0.0005351438
1984-10-12,4.6398905e-05
1984-10-13,0.000101062986
1984-10-14,0.0
1984-10-15,3.973643e-07
1984-10-16,0.00074819726
1984-10-17,1.9338395e-06
1984-10-18,8.418825e-05
1984-10-19,0.00019987424
1984-10-20,2.2239155e-05
1984-10-21,1.3245477e-08
1984-10-22,0.0
1984-10-23,0.0
1984-10-24,0.0
1984-10-25,0.0
1984-10-26,9.024143e-05
1984-10-27,0.0
1984-10-28,0.00023518669
1984-10-29,0.00031803714
1984-10-30,3.710058e-05
1984-10-31,1.8543668e-07
1984-11-01,5.2981907e-08
1984-11-02,0.002152933
1984-11-03,0.00011368593
1984-11-04,7.285012e-08
1984-11-05,0.0
1984-11-06,0.00062416657
1984-11-07,0.00028133392
1984-11-08,0.0011655225
1984-11-09,0.00045561127
1984-11-10,0.001500845
1984-11-11,0.00182573
1984-11-12,0.0017960867
1984-11-13,0.0015807681
1984-11-14,0.00017028385
1984-11-15,0.0001276599
1984-11-16,0.000504242
1984-11-17,5.2981907e-08
1984-11-18,0.0009904703
1984-11-19,0.0
1984-11-20,0.0007545021
1984-11-21,4.0253002e-05
1984-11-22,0.0
1984-11-23,1.347065e-05
1984-11-24,0.0014171335
1984-11-25,5.332629e-05
1984-11-26,4.0133796e-06
1984-11-27,0.0014555057
1984-11-28,0.000902666
1984-11-29,4.4127304e-05
1984-11-30,0.000115063456
1984-12-01,1.2305048e-05
1984-12-02,0.00018778112
1984-12-03,0.00026986335
1984-12-04,5.298191e-07
1984-12-05,1.1894438e-05
1984-12-06,0.0
1984-12-07,0.0
1984-12-08,9.523497e-06
1984-12-09,1.3298459e-05
1984-12-10,0.0008962419
1984-12-11,0.00036324395
1984-12-12,0.0002571212
1984-12-13,9.1393787e-07
1984-12-14,0.0
1984-12-15,0.0005052884
1984-12-16,0.00015687943
1984-12-17,0.00016948913
1984-12-18,7.851919e-05
1984-12-19,0.0
1984-12-20,0.0
1984-12-21,6.2306724e-05
1984-12-22,0.0
1984-12-23,0.0
1984-12-24,0.0
1984-12-25,1.05963814e-07
1984-12-26,0.0001197656
1984-12-27,1.5629662e-06
1984-12-28,2.6252535e-05
1984-12-29,2.1179518e-05
1984-12-30,0.00015310447
1984-12-31,0.0
1985-01-01,0.0
1985-01-02,1.4702479e-06
1985-01-03,0.0
1985-01-04,0.0
1985-01-05,0.0
1985-01-06,1.6424391e-06
1985-01-07,0.0005491707
1985-01-08,1.1920929e-07
1985-01-09,0.00026310814
1985-01-10,0.0
1985-01-11,0.0
1985-01-12,0.0
1985-01-13,0.0
1985-01-14,0.0
1985-01-15,0.0
1985-01-16,0.0
1985-01-17,0.0
1985-01-18,0.0
1985-01-19,0.0
1985-01-20,0.0
1985-01-21,0.0
1985-01-22,0.0
1985-01-23,0.0
1985-01-24,0.0
1985-01-25,3.0464597e-07
1985-01-26,1.9868214e-07
1985-01-27,0.0
1985-01-28,0.00028967857
1985-01-29,7.6823767e-07
1985-01-30,2.6490953e-08
1985-01-31,2.7086999e-06
1985-02-01,6.532669e-05
1985-02-02,1.9285413e-05
1985-02-03,6.496906e-05
1985-02-04,5.470382e-06
1985-02-05,2.6490953e-08
1985-02-06,2.1192763e-07
1985-02-07,0.0015168985
1985-02-08,0.0015826358
1985-02-09,8.363194e-05
1985-02-10,8.410878e-06
1985-02-11,3.5100513e-06
1985-02-12,0.00026855204
1985-02-13,0.0
1985-02-14,0.0
1985-02-15,0.0
1985-02-16,0.0
1985-02-17,0.0
1985-02-18,0.0
1985-02-19,0.0
1985-02-20,7.245276e-06
1985-02-21,0.0
1985-02-22,0.0
1985-02-23,0.0
1985-02-24,0.0
1985-02-25,0.0
1985-02-26,0.0
1985-02-27,0.0
1985-02-28,0.0
1985-03-01,0.00021138455
1985-03-02,4.384253e-06
1985-03-03,0.0
1985-03-04,0.00014144844
1985-03-05,0.00024415387
1985-03-06,0.00068762567
1985-03-07,0.0005087058
1985-03-08,1.1854701e-05
1985-03-09,0.0
1985-03-10,0.00023345153
1985-03-11,7.029375e-05
1985-03-12,2.6490953e-08
1985-03-13,0.0
1985-03-14,0.0
1985-03-15,0.0
1985-03-16,6.861157e-06
1985-03-17,1.7086664e-05
1985-03-18,0.00022790168
1985-03-19,0.0
1985-03-20,3.6160152e-06
1985-03-21,9.536743e-07
1985-03-22,9.271834e-08
1985-03-23,2.4755796e-05
1985-03-24,0.00060473545
1985-03-25,2.251731e-06
1985-03-26,0.0012626515
1985-03-27,0.0006324715
1985-03-28,0.0002479156
1985-03-29,3.0464596e-06
1985-03-30,0.0
1985-03-31,0.0
1985-04-01,0.0
1985-04-02,0.0
1985-04-03,0.0
1985-04-04,0.0
1985-04-05,0.0
1985-04-06,3.7087335e-07
1985-04-07,0.0
1985-04-08,0.0
1985-04-09,0.0
1985-04-10,1.1788475e-06
1985-04-11,1.7086664e-05
1985-04-12,0.0
1985-04-13,0.0
1985-04-14,4.2385525e-07
1985-04-15,2.5166405e-06
1985-04-16,2.6742617e-05
1985-04-17,0.0001689328
1985-04-18,1.7404556e-05
1985-04-19,2.1100044e-05
1985-04-20,3.5113757e-05
1985-04-21,0.00045796236
1985-04-22,6.3843196e-05
1985-04-23,1.5391244e-05
1985-04-24,0.0
1985-04-25,3.973643e-08
1985-04-26,0.0
1985-04-27,0.0
1985-04-28,5.8809915e-06
1985-04-29,2.6490953e-08
1985-04-30,0.0
1985-05-01,0.0
1985-05-02,0.0
1985-05-03,1.0596382e-06
1985-05-04,0.0
1985-05-05,0.0
1985-05-06,1.1920929e-06
1985-05-07,3.117985e-05
1985-05-08,1.3642841e-05
1985-05-09,3.7352245e-06
1985-05-10,6.013446e-06
1985-05-11,7.947286e-07
1985-05-12,0.0
1985-05-13,0.0
1985-05-14,0.0
1985-05-15,0.0
1985-05-16,5.165736e-07
1985-05-17,0.0
1985-05-18,0.0
1985-05-19,2.5431316e-06
1985-05-20,4.9538085e-06
1985-05-21,0.0
1985-05-22,1.7881393e-06
1985-05-23,4.503462e-07
1985-05-24,0.0
1985-05-25,0.0
1985-05-26,0.0
1985-05-27,2.7285682e-06
1985-05-28,0.0004520681
1985-05-29,0.00010536777
1985-05-30,0.0
1985-05-31,0.00016540951
1985-06-01,5.4372682e-05
1985-06-02,0.00010295709
1985-06-03,0.0
1985-06-04,2.6358499e-05
1985-06-05,4.0398704e-06
1985-06-06,5.6558183e-06
1985-06-07,0.0
1985-06-08,0.0
1985-06-09,0.0
1985-06-10,0.0
1985-06-11,0.0
1985-06-12,0.0
1985-06-13,0.0
1985-06-14,0.0
1985-06-15,0.0
1985-06-16,0.0
1985-06-17,7.867813e-06
1985-06-18,7.285012e-06
1985-06-19,8.637375e-05
1985-06-20,0.0
1985-06-21,0.0
1985-06-22,7.6823767e-07
1985-06-23,5.5631e-07
1985-06-24,0.0
1985-06-25,0.0
1985-06-26,0.0
1985-06-27,0.0
1985-06-28,0.0
1985-06-29,0.0
1985-06-30,0.0
1985-07-01,0.0
1985-07-02,0.0
1985-07-03,0.0
1985-07-04,0.0
1985-07-05,0.0
1985-07-06,0.0
1985-07-07,0.0
1985-07-08,5.8280096e-07
1985-07-09,0.0
1985-07-10,0.0
1985-07-11,0.0
1985-07-12,0.0
1985-07-13,5.8280096e-07
1985-07-14,0.0
1985-07-15,0.0
1985-07-16,0.0
1985-07-17,0.0
1985-07-18,0.0
1985-07-19,0.0
1985-07-20,3.4305785e-06
1985-07-21,0.00014751487
1985-07-22,3.8411883e-07
1985-07-23,0.0
1985-07-24,0.0
1985-07-25,1.0172526e-05
1985-07-26,2.3312039e-06
1985-07-27,0.0
1985-07-28,2.9722849e-05
1985-07-29,1.0199017e-06
1985-07-30,7.586347e-05
1985-07-31,0.00056828395
1985-08-01,8.847978e-06
1985-08-02,0.0
1985-08-03,0.0
1985-08-04,0.0
1985-08-05,0.0
1985-08-06,0.0
1985-08-07,0.0
1985-08-08,0.0
1985-08-09,0.0
1985-08-10,0.0
1985-08-11,0.0
1985-08-12,0.0
1985-08-13,0.0
1985-08-14,0.0
1985-08-15,0.0
1985-08-16,0.0
1985-08-17,6.622738e-07
1985-08-18,8.5261134e-05
1985-08-19,0.0
1985-08-20,0.0
1985-08-21,0.0
1985-08-22,0.0
1985-08-23,0.0
1985-08-24,0.0
1985-08-25,0.0
1985-08-26,1.3245477e-07
1985-08-27,0.0
1985-08-28,0.0
1985-08-29,0.0
1985-08-30,0.0
1985-08-31,0.0
1985-09-01,2.1629863e-05
1985-09-02,7.279714e-05
1985-09-03,0.0
1985-09-04,0.0
1985-09-05,0.0
1985-09-06,3.376272e-05
1985-09-07,0.0012963084
1985-09-08,0.0011518928
1985-09-09,0.0008581612
1985-09-10,0.00010658635
1985-09-11,1.6901227e-05
1985-09-12,7.775095e-06
1985-09-13,1.5099844e-06
1985-09-14,2.8689703e-05
1985-09-15,0.0
1985-09-16,0.0
1985-09-17,5.0372546e-05
1985-09-18,5.033281e-07
1985-09-19,0.0
1985-09-20,0.0
1985-09-21,0.0
1985-09-22,0.0
1985-09-23,0.0
1985-09-24,0.0
1985-09-25,0.0
1985-09-26,0.0
1985-09-27,0.0
1985-09-28,0.0
1985-09-29,0.0
1985-09-30,7.947286e-07
1985-10-01,0.0
1985-10-02,0.0
1985-10-03,0.0
1985-10-04,0.0
1985-10-05,0.0
1985-10-06,0.00013218986
1985-10-07,0.00013299783
1985-10-08,0.0
1985-10-09,0.0
1985-10-10,0.0
1985-10-11,3.8544335e-06
1985-10-12,3.973643e-08
1985-10-13,0.0
1985-10-14,0.0
1985-10-15,0.0
1985-10-16,0.0
1985-10-17,0.0
1985-10-18,0.0
1985-10-19,0.0
1985-10-20,0.00022276242
1985-10-21,0.0015579595
1985-10-22,0.0011986494
1985-10-23,0.0004324913
1985-10-24,1.1920929e-07
1985-10-25,5.2981907e-08
1985-10-26,0.0
1985-10-27,0.0
1985-10-28,0.0
1985-10-29,0.0
1985-10-30,2.6490953e-08
1985-10-31,0.0
1985-11-01,0.0
1985-11-02,0.0
1985-11-03,0.0
1985-11-04,1.2450748e-06
1985-11-05,2.1311971e-05
1985-11-06,0.0
1985-11-07,0.0
1985-11-08,3.0332142e-06
1985-11-09,0.0002819432
1985-11-10,0.0004841884
1985-11-11,1.9113222e-05
1985-11-12,0.0
1985-11-13,0.0
1985-11-14,0.0
1985-11-15,0.0001100964
1985-11-16,2.0967589e-05
1985-11-17,2.0477506e-05
1985-11-18,5.8280096e-07
1985-11-19,0.0
1985-11-20,1.0861291e-05
1985-11-21,8.2121954e-07
1985-11-22,3.027916e-05
1985-11-23,0.00019978153
1985-11-24,0.0006152259
1985-11-25,0.00015098519
1985-11-26,0.0
1985-11-27,0.00023138523
1985-11-28,0.0011550983
1985-11-29,0.00096996623
1985-11-30,0.00015609794
1985-12-01,0.0005196598
1985-12-02,0.002007683
1985-12-03,0.00056464144
1985-12-04,4.2577583e-05
1985-12-05,0.0010366043
1985-12-06,0.00013634894
1985-12-07,0.0007782115
1985-12-08,7.674429e-05
1985-12-09,3.973643e-08
1985-12-10,0.0
1985-12-11,0.0
1985-12-12,0.0
1985-12-13,0.0
1985-12-14,0.0
1985-12-15,3.311369e-07
1985-12-16,0.0
1985-12-17,0.0
1985-12-18,0.0
1985-12-19,0.0
1985-12-20,0.0
1985-12-21,0.0
1985-12-22,0.0
1985-12-23,0.0
1985-12-24,0.0
1985-12-25,0.0
1985-12-26,0.0
1985-12-27,0.0
1985-12-28,0.0
1985-12-29,4.2531225e-05
1985-12-30,0.0002477434
1985-12-31,7.298258e-05
1986-01-01,0.00037372112
1986-01-02,0.00028627447
1986-01-03,0.00030142732
1986-01-04,0.0004878839
1986-01-05,0.0013519526
1986-01-06,9.88245e-05
1986-01-07,0.0
1986-01-08,3.458394e-05
1986-01-09,6.728702e-06
1986-01-10,0.0
1986-01-11,0.0
1986-01-12,0.0
1986-01-13,0.00021338463
1986-01-14,0.00078169507
1986-01-15,0.0012713008
1986-01-16,0.00277302
1986-01-17,0.000760648
1986-01-18,0.0002225505
1986-01-19,0.00016090606
1986-01-20,0.00019594033
1986-01-21,0.0
1986-01-22,0.00010697047
1986-01-23,0.00087842677
1986-01-24,2.6490954e-07
1986-01-25,0.0
1986-01-26,0.0
1986-01-27,1.66893e-06
1986-01-28,0.00013726288
1986-01-29,0.0013824436
1986-01-30,0.0014193588
1986-01-31,0.0013434622
1986-02-01,0.0008664264
1986-02-02,0.0018802219
1986-02-03,0.00085549883
1986-02-04,9.8148985e-06
1986-02-05,1.3417668e-05
1986-02-06,2.6490953e-08
1986-02-07,0.0
1986-02-08,0.0
1986-02-09,0.0
1986-02-10,5.2981907e-08
1986-02-11,0.0002690951
1986-02-12,0.0012676186
1986-02-13,0.0009038713
1986-02-14,0.0031486617
1986-02-15,0.0024332735
1986-02-16,0.0018371873
1986-02-17,0.0021027194
1986-02-18,0.0016407967
1986-02-19,0.002343754
1986-02-20,0.0010469225
1986-02-21,0.00068778463
1986-02-22,0.00036650233
1986-02-23,9.315544e-05
1986-02-24,0.0
1986-02-25,0.0
1986-02-26,0.0
1986-02-27,0.0
1986-02-28,0.0
1986-03-01,7.285012e-07
1986-03-02,5.2981907e-08
1986-03-03,0.0
1986-03-04,4.2385525e-07
1986-03-05,9.801653e-07
1986-03-06,0.00038631758
1986-03-07,0.0016583204
1986-03-08,0.0019369258
1986-03-09,0.0007923974
1986-03-10,0.0015386608
1986-03-11,0.0006151862
1986-03-12,0.00035981336
1986-03-13,0.00072900456
1986-03-14,2.0715925e-05
1986-03-15,0.0012100935
1986-03-16,0.00028477775
1986-03-17,2.78155e-07
1986-03-18,0.0
1986-03-19,0.0
1986-03-20,0.0
1986-03-21,3.74847e-06
1986-03-22,9.629462e-06
1986-03-23,6.993612e-06
1986-03-24,0.00037946965
1986-03-25,0.0
1986-03-26,0.0
1986-03-27,1.8543668e-07
1986-03-28,0.0
1986-03-29,0.0
1986-03-30,1.3457404e-05
1986-03-31,2.9802322e-06
1986-04-01,0.0002507501
1986-04-02,9.271834e-08
1986-04-03,0.0
1986-04-04,6.198883e-06
1986-04-05,3.9219856e-05
1986-04-06,0.00012516975
1986-04-07,0.0005702774
1986-04-08,0.0002948443
1986-04-09,1.4040205e-06
1986-04-10,3.5232968e-06
1986-04-11,2.193451e-05
1986-04-12,0.00014730294
1986-04-13,3.973643e-08
1986-04-14,3.086196e-06
1986-04-15,0.00086348585
1986-04-16,0.0006662872
1986-04-17,5.8439044e-05
1986-04-18,0.0
1986-04-19,0.0
1986-04-20,0.0
1986-04-21,7.947286e-08
1986-04-22,0.00031005012
1986-04-23,2.4172994e-05
1986-04-24,3.1524235e-06
1986-04-25,4.855792e-05
1986-04-26,0.0
1986-04-27,6.225374e-07
1986-04-28,1.05963814e-07
1986-04-29,0.0
1986-04-30,0.0
1986-05-01,3.867679e-06
1986-05-02,0.0010608302
1986-05-03,0.0006611612
1986-05-04,0.00041855706
1986-05-05,0.0006718768
1986-05-06,9.493033e-05
1986-05-07,0.0
1986-05-08,0.0
1986-05-09,2.9140048e-07
1986-05-10,1.3907751e-06
1986-05-11,0.0
1986-05-12,0.0
1986-05-13,5.2981907e-08
1986-05-14,0.0
1986-05-15,0.0
1986-05-16,0.0
1986-05-17,0.0
1986-05-18,0.0
1986-05-19,6.6227386e-08
1986-05-20,0.00012920963
1986-05-21,2.1179518e-05
1986-05-22,0.0
1986-05-23,0.0
1986-05-24,0.0
1986-05-25,0.0
1986-05-26,0.0
1986-05-27,0.0
1986-05-28,0.0
1986-05-29,0.00010312928
1986-05-30,8.375115e-05
1986-05-31,1.4808443e-05
1986-06-01,2.5577016e-05
1986-06-02,1.4954143e-05
1986-06-03,1.3245477e-08
1986-06-04,0.0
1986-06-05,2.5166406e-07
1986-06-06,0.0
1986-06-07,1.1523564e-05
1986-06-08,0.0
1986-06-09,0.0
1986-06-10,0.0
1986-06-11,2.1192763e-07
1986-06-12,5.086263e-06
1986-06-13,6.556511e-06
1986-06-14,1.8543668e-07
1986-06-15,0.0
1986-06-16,0.0
1986-06-17,1.6027027e-06
1986-06-18,4.1590797e-06
1986-06-19,0.0
1986-06-20,0.0
1986-06-21,0.0
1986-06-22,0.0
1986-06-23,2.6490954e-07
1986-06-24,3.695488e-06
1986-06-25,0.0
1986-06-26,4.3710074e-07
1986-06-27,0.0
1986-06-28,2.4371677e-06
1986-06-29,0.0
1986-06-30,0.0
1986-07-01,0.0
1986-07-02,0.0
1986-07-03,0.0
1986-07-04,2.6490953e-08
1986-07-05,0.0
1986-07-06,0.0
1986-07-07,0.0
1986-07-08,0.0
1986-07-09,0.0
1986-07-10,0.0
1986-07-11,0.0
1986-07-12,0.0
1986-07-13,0.0
1986-07-14,0.0
1986-07-15,0.0
1986-07-16,2.6490953e-08
1986-07-17,0.0
1986-07-18,0.0
1986-07-19,0.0
1986-07-20,0.0
1986-07-21,0.0
1986-07-22,0.0
1986-07-23,6.344583e-06
1986-07-24,2.9140048e-07
1986-07-25,5.8107908e-05
1986-07-26,1.888805e-05
1986-07-27,7.947286e-07
1986-07-28,0.0
1986-07-29,0.0
1986-07-30,0.0
1986-07-31,0.0
1986-08-01,0.0
1986-08-02,0.0
1986-08-03,0.0
1986-08-04,0.0
1986-08-05,0.0
1986-08-06,0.0
1986-08-07,0.0
1986-08-08,0.0
1986-08-09,0.0
1986-08-10,0.0
1986-08-11,0.0
1986-08-12,0.0
1986-08-13,0.0
1986-08-14,0.0
1986-08-15,0.0
1986-08-16,0.0
1986-08-17,0.0
1986-08-18,0.0
1986-08-19,0.0
1986-08-20,1.6768774e-05
1986-08-21,0.0
1986-08-22,0.0
1986-08-23,0.0
1986-08-24,0.0
1986-08-25,0.0
1986-08-26,0.0
1986-08-27,0.0
1986-08-28,0.0
1986-08-29,0.0
1986-08-30,0.0
1986-08-31,0.0
1986-09-01,0.0
1986-09-02,0.0
1986-09-03,0.0
1986-09-04,0.0
1986-09-05,0.0
1986-09-06,0.0
1986-09-07,1.9338395e-06
1986-09-08,2.3418002e-05
1986-09-09,2.4239223e-06
1986-09-10,0.0
1986-09-11,0.0
1986-09-12,3.7087334e-06
1986-09-13,3.770325e-05
1986-09-14,5.3948825e-05
1986-09-15,0.00034777322
1986-09-16,0.001333197
1986-09-17,0.0017229848
1986-09-18,0.0006908443
1986-09-19,0.0005837414
1986-09-20,1.320574e-05
1986-09-21,1.8623141e-05
1986-09-22,5.2981907e-08
1986-09-23,5.642573e-06
1986-09-24,0.0008523729
1986-09-25,0.00059995387
1986-09-26,0.0012038813
1986-09-27,8.263853e-05
1986-09-28,0.0
1986-09-29,0.0
1986-09-30,3.4438239e-07
1986-10-01,0.0
1986-10-02,0.0
1986-10-03,0.0
1986-10-04,0.0
1986-10-05,0.0
1986-10-06,0.0
1986-10-07,0.0
1986-10-08,0.0
1986-10-09,0.0
1986-10-10,0.0
1986-10-11,0.0
1986-10-12,0.0
1986-10-13,0.0
1986-10-14,0.0
1986-10-15,0.0
1986-10-16,0.0
1986-10-17,0.0003039042
1986-10-18,6.622738e-07
1986-10-19,0.0
1986-10-20,0.0
1986-10-21,0.0
1986-10-22,0.0
1986-10-23,1.3245477e-08
1986-10-24,0.00015380647
1986-10-25,7.814831e-06
1986-10-26,1.0636118e-05
1986-10-27,0.00018686718
1986-10-28,0.0
1986-10-29,0.0009137657
1986-10-30,0.00015260113
1986-10-31,0.0
1986-11-01,0.0
1986-11-02,0.0
1986-11-03,0.0
1986-11-04,0.0
1986-11-05,0.0
1986-11-06,0.0
1986-11-07,1.2358029e-05
1986-11-08,2.6490953e-08
1986-11-09,2.22524e-06
1986-11-10,0.0
1986-11-11,0.0
1986-11-12,0.0
1986-11-13,0.0
1986-11-14,5.8280096e-07
1986-11-15,2.6490954e-07
1986-11-16,0.0
1986-11-17,0.0
1986-11-18,9.139379e-06
1986-11-19,8.0664955e-05
1986-11-20,7.059839e-06
1986-11-21,0.00028969182
1986-11-22,9.3367365e-05
1986-11-23,0.0
1986-11-24,2.6226044e-05
1986-11-25,5.2981907e-08
1986-11-26,0.000115036964
1986-11-27,0.0
1986-11-28,0.00019163555
1986-11-29,6.8439374e-05
1986-11-30,0.0
1986-12-01,0.0
1986-12-02,0.0
1986-12-03,0.0
1986-12-04,6.953875e-05
1986-12-05,0.0015336672
1986-12-06,0.000110162626
1986-12-07,0.0
1986-12-08,0.0
1986-12-09,0.0
1986-12-10,0.0
1986-12-11,0.0
1986-12-12,0.0
1986-12-13,0.00037654242
1986-12-14,8.765856e-05
1986-12-15,2.6173062e-05
1986-12-16,7.947286e-08
1986-12-17,0.0
1986-12-18,0.0004713138
1986-12-19,0.0005586942
1986-12-20,3.5709803e-05
1986-12-21,0.0
1986-12-22,0.00017457538
1986-12-23,4.072984e-05
1986-12-24,4.9008263e-06
1986-12-25,0.0
1986-12-26,3.5974714e-05
1986-12-27,0.0
1986-12-28,0.0
1986-12-29,0.00012058682
1986-12-30,1.3245477e-08
1986-12-31,0.00023772981
1987-01-01,0.0019359059
1987-01-02,1.6609827e-05
1987-01-03,0.0013147792
1987-01-04,0.00075055496
1987-01-05,3.0199687e-06
1987-01-06,0.0002560748
1987-01-07,0.0
1987-01-08,0.0
1987-01-09,0.0
1987-01-10,0.0
1987-01-11,0.0
1987-01-12,7.3101786e-05
1987-01-13,1.2583203e-06
1987-01-14,7.285012e-08
1987-01-15,1.9868214e-07
1987-01-16,0.0
1987-01-17,0.0
1987-01-18,0.0
1987-01-19,0.0
1987-01-20,0.0
1987-01-21,0.0
1987-01-22,4.6359168e-07
1987-01-23,0.00036936335
1987-01-24,0.0013891326
1987-01-25,0.0007448329
1987-01-26,0.00027664503
1987-01-27,8.637375e-05
1987-01-28,0.00069265894
1987-01-29,8.479754e-05
1987-01-30,0.00050185784
1987-01-31,3.0305651e-05
1987-02-01,3.961722e-05
1987-02-02,0.00084524683
1987-02-03,5.845229e-05
1987-02-04,0.0
1987-02-05,0.0
1987-02-06,0.0
1987-02-07,0.0
1987-02-08,0.0
1987-02-09,0.00017672115
1987-02-10,0.0003665818
1987-02-11,0.0010404321
1987-02-12,0.0007942915
1987-02-13,0.002379934
1987-02-14,8.433395e-05
1987-02-15,0.0006086959
1987-02-16,1.0066562e-06
1987-02-17,4.1060977e-07
1987-02-18,6.357829e-07
1987-02-19,0.0
1987-02-20,0.0
1987-02-21,0.00015409787
1987-02-22,5.2981907e-08
1987-02-23,1.7338329e-05
1987-02-24,1.9139713e-06
1987-02-25,0.0
1987-02-26,0.0
1987-02-27,0.0
1987-02-28,0.0
1987-03-01,4.6226714e-06
1987-03-02,8.826786e-05
1987-03-03,0.0014154249
1987-03-04,2.0649699e-05
1987-03-05,0.002369192
1987-03-06,0.00023861726
1987-03-07,0.0
1987-03-08,0.00021831195
1987-03-09,9.7738375e-05
1987-03-10,0.00042470297
1987-03-11,0.0011267529
1987-03-12,0.0024405585
1987-03-13,0.0008591016
1987-03-14,0.00090303685
1987-03-15,9.510252e-06
1987-03-16,2.6490953e-08
1987-03-17,7.3379942e-06
1987-03-18,8.849303e-05
1987-03-19,2.2941165e-05
1987-03-20,3.7617153e-06
1987-03-21,0.0005368127
1987-03-22,3.6650235e-05
1987-03-23,0.00048155256
1987-03-24,3.973643e-08
1987-03-25,0.0
1987-03-26,0.0
1987-03-27,0.0
1987-03-28,0.0
1987-03-29,0.0
1987-03-30,0.0
1987-03-31,0.0
1987-04-01,2.1192763e-07
1987-04-02,2.4769042e-06
1987-04-03,0.00017518467
1987-04-04,0.0
1987-04-05,6.6227386e-08
1987-04-06,0.0
1987-04-07,0.0
1987-04-08,0.0
1987-04-09,0.0
1987-04-10,2.653069e-05
1987-04-11,2.2027227e-05
1987-04-12,0.0
1987-04-13,0.0
1987-04-14,0.0
1987-04-15,0.0
1987-04-16,0.0
1987-04-17,0.0
1987-04-18,3.703435e-05
1987-04-19,0.0
1987-04-20,0.0
1987-04-21,0.0
1987-04-22,0.0
1987-04-23,0.0
1987-04-24,0.0
1987-04-25,0.0
1987-04-26,6.172392e-06
1987-04-27,9.1393787e-07
1987-04-28,2.2159682e-05
1987-04-29,2.0570225e-05
1987-04-30,0.00077135034
1987-05-01,0.0004032188
1987-05-02,1.66893e-06
1987-05-03,0.0
1987-05-04,0.0
1987-05-05,0.0
1987-05-06,1.1920929e-06
1987-05-07,0.0
1987-05-08,2.386835e-05
1987-05-09,2.387497e-05
1987-05-10,0.0
1987-05-11,7.417467e-07
1987-05-12,7.741981e-05
1987-05-13,0.0
1987-05-14,1.8556913e-05
1987-05-15,7.600254e-05
1987-05-16,6.1392784e-05
1987-05-17,7.5380005e-05
1987-05-18,5.0319566e-05
1987-05-19,6.371074e-06
1987-05-20,5.8280096e-07
1987-05-21,2.5431316e-06
1987-05-22,2.5828679e-06
1987-05-23,7.536676e-06
1987-05-24,4.7683716e-06
1987-05-25,0.0001791252
1987-05-26,1.2013647e-05
1987-05-27,1.8676122e-06
1987-05-28,1.3245477e-07
1987-05-29,1.7748939e-06
1987-05-30,1.6424391e-06
1987-05-31,0.00015714433
1987-06-01,0.0
1987-06-02,0.0
1987-06-03,1.1920929e-07
1987-06-04,1.05963814e-07
1987-06-05,0.0
1987-06-06,2.6490953e-08
1987-06-07,1.3536877e-05
1987-06-08,6.808175e-06
1987-06-09,6.225374e-07
1987-06-10,0.0
1987-06-11,0.0
1987-06-12,0.0
1987-06-13,0.0
1987-06-14,8.940697e-06
1987-06-15,1.3179249e-05
1987-06-16,5.298191e-07
1987-06-17,0.0
1987-06-18,0.0
1987-06-19,0.0
1987-06-20,2.3841858e-07
1987-06-21,2.8861894e-05
1987-06-22,0.0
1987-06-23,0.0
1987-06-24,0.0
1987-06-25,0.0
1987-06-26,7.947286e-08
1987-06-27,0.0
1987-06-28,0.0
1987-06-29,2.6490953e-08
1987-06-30,5.549855e-06
1987-07-01,5.2981907e-08
1987-07-02,0.0
1987-07-03,0.0
1987-07-04,0.0
1987-07-05,0.0
1987-07-06,0.0
1987-07-07,0.0
1987-07-08,0.0
1987-07-09,0.0
1987-07-10,0.0
1987-07-11,0.0
1987-07-12,0.0
1987-07-13,0.0
1987-07-14,0.0
1987-07-15,1.7219119e-07
1987-07-16,0.0
1987-07-17,0.00026796924
1987-07-18,0.00018276108
1987-07-19,3.139178e-06
1987-07-20,4.5829347e-06
1987-07-21,1.3444159e-05
1987-07-22,0.0
1987-07-23,8.60956e-07
1987-07-24,0.0
1987-07-25,0.0
1987-07-26,0.0
1987-07-27,0.0
1987-07-28,0.0
1987-07-29,0.0
1987-07-30,0.0
1987-07-31,0.0
1987-08-01,0.0
1987-08-02,0.0
1987-08-03,0.0
1987-08-04,0.0
1987-08-05,0.0
1987-08-06,0.0
1987-08-07,0.0
1987-08-08,0.0
1987-08-09,0.0
1987-08-10,0.0
1987-08-11,0.0
1987-08-12,0.0
1987-08-13,0.0
1987-08-14,4.6133995e-05
1987-08-15,0.0
1987-08-16,0.0
1987-08-17,0.0
1987-08-18,0.0
1987-08-19,0.0
1987-08-20,0.0
1987-08-21,1.1258655e-06
1987-08-22,0.0
1987-08-23,0.0
1987-08-24,0.0
1987-08-25,0.0
1987-08-26,0.0
1987-08-27,0.0
1987-08-28,0.0
1987-08-29,0.0
1987-08-30,1.4464061e-05
1987-08-31,5.390909e-06
1987-09-01,1.2185838e-05
1987-09-02,0.0
1987-09-03,0.0
1987-09-04,0.0
1987-09-05,0.0
1987-09-06,0.0
1987-09-07,8.768506e-06
1987-09-08,9.112888e-06
1987-09-09,0.0
1987-09-10,0.0
1987-09-11,0.0
1987-09-12,2.0530488e-06
1987-09-13,5.2981907e-08
1987-09-14,1.2185839e-06
1987-09-15,1.3245477e-07
1987-09-16,0.0
1987-09-17,0.0
1987-09-18,0.0
1987-09-19,0.0
1987-09-20,0.0
1987-09-21,0.0
1987-09-22,0.0
1987-09-23,0.0
1987-09-24,0.0
1987-09-25,0.0
1987-09-26,0.0
1987-09-27,0.0
1987-09-28,0.0
1987-09-29,0.0
1987-09-30,0.0
1987-10-01,0.0
1987-10-02,0.0
1987-10-03,0.0
1987-10-04,0.0
1987-10-05,0.0
1987-10-06,0.0
1987-10-07,0.0
1987-10-08,0.0
1987-10-09,0.0
1987-10-10,0.0
1987-10-11,2.3841858e-07
1987-10-12,1.777543e-05
1987-10-13,0.0
1987-10-14,0.0
1987-10-15,0.0
1987-10-16,0.0
1987-10-17,0.0
1987-10-18,0.0
1987-10-19,0.0
1987-10-20,0.0
1987-10-21,0.0
1987-10-22,1.6411146e-05
1987-10-23,0.00019615226
1987-10-24,3.496806e-06
1987-10-25,0.0
1987-10-26,0.0
1987-10-27,6.38432e-06
1987-10-28,9.183089e-05
1987-10-29,4.688899e-05
1987-10-30,0.00013626946
1987-10-31,1.0596382e-06
1987-11-01,0.00034626326
1987-11-02,0.000329415
1987-11-03,0.0
1987-11-04,0.0
1987-11-05,3.1789143e-06
1987-11-06,0.00019821856
1987-11-07,9.444025e-05
1987-11-08,0.0
1987-11-09,0.0005565352
1987-11-10,0.0
1987-11-11,0.0
1987-11-12,3.920661e-06
1987-11-13,0.0012370745
1987-11-14,6.477038e-06
1987-11-15,3.6729707e-05
1987-11-16,4.2239826e-05
1987-11-17,0.00052060024
1987-11-18,1.4570024e-07
1987-11-19,0.0
1987-11-20,0.00080392096
1987-11-21,0.00011175209
1987-11-22,2.9140048e-07
1987-11-23,5.2981907e-08
1987-11-24,4.360411e-05
1987-11-25,1.7219119e-07
1987-11-26,0.0
1987-11-27,5.7882735e-06
1987-11-28,0.0
1987-11-29,0.0
1987-11-30,0.00084308785
1987-12-01,0.0022401412
1987-12-02,0.002573967
1987-12-03,0.00069673854
1987-12-04,0.0012501345
1987-12-05,0.000982364
1987-12-06,0.002386027
1987-12-07,0.00057333044
1987-12-08,0.0013355282
1987-12-09,0.0014408032
1987-12-10,0.0011226865
1987-12-11,0.0
1987-12-12,7.947286e-08
1987-12-13,0.0
1987-12-14,4.5961806e-06
1987-12-15,0.0004669825
1987-12-16,0.0005180438
1987-12-17,2.2755728e-05
1987-12-18,1.9868214e-06
1987-12-19,0.0
1987-12-20,0.0
1987-12-21,4.506111e-05
1987-12-22,0.00017849605
1987-12-23,1.1523565e-06
1987-12-24,0.0
1987-12-25,0.0
1987-12-26,0.0
1987-12-27,7.29031e-05
1987-12-28,0.0007652177
1987-12-29,0.0004160669
1987-12-30,0.00017404556
1987-12-31,2.887514e-05
1988-01-01,0.0
1988-01-02,3.2544136e-05
1988-01-03,0.0011411376
1988-01-04,0.00088328787
1988-01-05,0.00016566117
1988-01-06,6.0929193e-05
1988-01-07,0.00058029755
1988-01-08,0.0005430116
1988-01-09,0.0010311736
1988-01-10,0.0006754001
1988-01-11,0.0008920961
1988-01-12,5.2981907e-08
1988-01-13,0.00018836392
1988-01-14,0.00010044045
1988-01-15,0.0007484092
1988-01-16,0.0012215773
1988-01-17,5.845229e-05
1988-01-18,2.0689435e-05
1988-01-19,0.0
1988-01-20,0.0
1988-01-21,5.2981907e-08
1988-01-22,0.0
1988-01-23,0.0
1988-01-24,0.0
1988-01-25,0.0
1988-01-26,0.0
1988-01-27,0.0
1988-01-28,0.0001686679
1988-01-29,0.0015990469
1988-01-30,0.00014866723
1988-01-31,1.6159482e-05
1988-02-01,2.9351977e-05
1988-02-02,0.0
1988-02-03,0.0
1988-02-04,0.0
1988-02-05,0.0
1988-02-06,0.0
1988-02-07,0.0
1988-02-08,2.0133125e-06
1988-02-09,6.6227386e-08
1988-02-10,0.0
1988-02-11,0.0
1988-02-12,0.0
1988-02-13,2.6490953e-08
1988-02-14,0.0
1988-02-15,0.0
1988-02-16,0.0
1988-02-17,0.0
1988-02-18,6.6227386e-08
1988-02-19,0.0
1988-02-20,0.0
1988-02-21,0.0
1988-02-22,0.0
1988-02-23,0.0
1988-02-24,0.0
1988-02-25,0.0
1988-02-26,1.2980568e-06
1988-02-27,0.0
1988-02-28,0.00023108059
1988-02-29,9.968546e-05
1988-03-01,0.00032642152
1988-03-02,0.0
1988-03-03,6.6227386e-08
1988-03-04,1.6159481e-06
1988-03-05,0.00014000469
1988-03-06,8.792347e-05
1988-03-07,0.0
1988-03-08,0.0
1988-03-09,5.2306386e-05
1988-03-10,2.6490953e-08
1988-03-11,0.0
1988-03-12,0.0
1988-03-13,0.0
1988-03-14,0.0
1988-03-15,0.0
1988-03-16,0.0
1988-03-17,0.0
1988-03-18,0.0
1988-03-19,0.0
1988-03-20,0.0
1988-03-21,5.2319633e-06
1988-03-22,0.0
1988-03-23,8.792347e-05
1988-03-24,0.0
1988-03-25,0.0
1988-03-26,2.6888317e-06
1988-03-27,3.4438239e-07
1988-03-28,0.0
1988-03-29,0.0
1988-03-30,2.6490953e-08
1988-03-31,0.0
1988-04-01,0.0
1988-04-02,0.0
1988-04-03,0.000118374825
1988-04-04,3.727277e-05
1988-04-05,0.0
1988-04-06,1.9470851e-06
1988-04-07,4.30478e-06
1988-04-08,0.0
1988-04-09,0.0
1988-04-10,0.0
1988-04-11,0.0
1988-04-12,0.0
1988-04-13,0.00011795097
1988-04-14,0.0004169941
1988-04-15,2.7073755e-05
1988-04-16,4.009406e-05
1988-04-17,0.00019835102
1988-04-18,0.00011062622
1988-04-19,0.0018206438
1988-04-20,0.00070577196
1988-04-21,0.00011576546
1988-04-22,0.0008832349
1988-04-23,5.4981974e-05
1988-04-24,4.0928524e-05
1988-04-25,4.072984e-05
1988-04-26,6.026692e-06
1988-04-27,1.2980568e-06
1988-04-28,5.7525103e-05
1988-04-29,0.00023358398
1988-04-30,4.585584e-05
1988-05-01,5.2981907e-08
1988-05-02,6.2651106e-06
1988-05-03,1.3245477e-08
1988-05-04,4.079607e-05
1988-05-05,0.00017718475
1988-05-06,0.00016307831
1988-05-07,0.00092630915
1988-05-08,0.00044010745
1988-05-09,3.2186508e-06
1988-05-10,0.0
1988-05-11,0.0
1988-05-12,4.3458407e-05
1988-05-13,1.1920929e-06
1988-05-14,0.0
1988-05-15,0.0
1988-05-16,0.0008899106
1988-05-17,1.528528e-05
1988-05-18,0.0
1988-05-19,0.0
1988-05-20,0.0
1988-05-21,0.0
1988-05-22,0.0
1988-05-23,0.0
1988-05-24,0.0
1988-05-25,0.0
1988-05-26,7.1525574e-07
1988-05-27,5.165736e-07
1988-05-28,0.00077630416
1988-05-29,6.79228e-05
1988-05-30,0.0
1988-05-31,5.4637592e-05
1988-06-01,0.00088110234
1988-06-02,0.00010151333
1988-06-03,3.6199886e-05
1988-06-04,1.6702546e-05
1988-06-05,0.00012650754
1988-06-06,0.00017261505
1988-06-07,0.00041588148
1988-06-08,0.0001005994
1988-06-09,1.1550055e-05
1988-06-10,0.0
1988-06-11,5.2981907e-08
1988-06-12,0.0
1988-06-13,5.2981907e-08
1988-06-14,0.0
1988-06-15,6.9803664e-06
1988-06-16,1.9550323e-05
1988-06-17,3.4438239e-07
1988-06-18,0.0
1988-06-19,0.0
1988-06-20,0.0
1988-06-21,0.0
1988-06-22,1.05963814e-07
1988-06-23,0.0
1988-06-24,0.0
1988-06-25,0.00010726187
1988-06-26,1.21593475e-05
1988-06-27,0.0
1988-06-28,0.0
1988-06-29,0.0
1988-06-30,0.0
1988-07-01,0.0
1988-07-02,0.0
1988-07-03,0.0
1988-07-04,0.0
1988-07-05,0.0
1988-07-06,0.0
1988-07-07,0.0
1988-07-08,0.0
1988-07-09,0.0
1988-07-10,0.0
1988-07-11,0.0
1988-07-12,0.0
1988-07-13,0.0
1988-07-14,0.0
1988-07-15,0.0
1988-07-16,0.0
1988-07-17,0.0
1988-07-18,0.0
1988-07-19,0.0
1988-07-20,0.0
1988-07-21,0.0
1988-07-22,1.05963814e-07
1988-07-23,1.1920929e-07
1988-07-24,3.1656687e-05
1988-07-25,9.006924e-07
1988-07-26,8.318159e-06
1988-07-27,1.4530287e-05
1988-07-28,0.0
1988-07-29,1.2715658e-06
1988-07-30,3.1789145e-07
1988-07-31,7.947286e-08
1988-08-01,0.0
1988-08-02,0.0
1988-08-03,0.0
1988-08-04,0.0
1988-08-05,4.7829417e-05
1988-08-06,0.0
1988-08-07,1.3245477e-07
1988-08-08,0.0
1988-08-09,5.364418e-06
1988-08-10,0.0
1988-08-11,1.7351574e-06
1988-08-12,1.05963814e-07
1988-08-13,0.0
1988-08-14,1.5629662e-06
1988-08-15,0.0
1988-08-16,0.0
1988-08-17,0.0
1988-08-18,0.0
1988-08-19,0.0
1988-08-20,0.0
1988-08-21,0.0
1988-08-22,1.973576e-06
1988-08-23,0.0
1988-08-24,0.0
1988-08-25,0.0
1988-08-26,0.0
1988-08-27,0.0
1988-08-28,0.0
1988-08-29,1.11262e-06
1988-08-30,0.0
1988-08-31,0.0
1988-09-01,0.0
1988-09-02,2.026558e-06
1988-09-03,0.0
1988-09-04,1.05963814e-07
1988-09-05,5.2981907e-08
1988-09-06,0.0
1988-09-07,0.0
1988-09-08,0.0
1988-09-09,0.0
1988-09-10,0.0
1988-09-11,0.0
1988-09-12,0.0
1988-09-13,0.0
1988-09-14,0.0
1988-09-15,0.0
1988-09-16,0.0
1988-09-17,0.0
1988-09-18,0.0
1988-09-19,7.549922e-07
1988-09-20,9.801653e-07
1988-09-21,0.0
1988-09-22,0.0
1988-09-23,0.0
1988-09-24,0.0
1988-09-25,0.0
1988-09-26,1.3245477e-08
1988-09-27,1.3245477e-08
1988-09-28,0.0
1988-09-29,0.0
1988-09-30,0.0
1988-10-01,0.0
1988-10-02,0.0
1988-10-03,0.0
1988-10-04,1.05963814e-07
1988-10-05,0.0
1988-10-06,0.0
1988-10-07,5.2981907e-08
1988-10-08,0.0
1988-10-09,0.0
1988-10-10,0.0
1988-10-11,2.9855304e-05
1988-10-12,0.0
1988-10-13,1.6040272e-05
1988-10-14,0.00029626157
1988-10-15,0.0
1988-10-16,0.0
1988-10-17,0.0
1988-10-18,0.0
1988-10-19,0.0
1988-10-20,0.0
1988-10-21,0.0
1988-10-22,0.0
1988-10-23,0.0
1988-10-24,0.0
1988-10-25,0.0
1988-10-26,0.0
1988-10-27,0.0
1988-10-28,0.0
1988-10-29,0.0
1988-10-30,0.0
1988-10-31,0.0
1988-11-01,1.0463927e-05
1988-11-02,0.0012195507
1988-11-03,0.0009916624
1988-11-04,0.00020639102
1988-11-05,0.0
1988-11-06,4.984273e-05
1988-11-07,3.4305785e-06
1988-11-08,0.00010752678
1988-11-09,0.00032010343
1988-11-10,0.0009673834
1988-11-11,0.00011841456
1988-11-12,0.0006064971
1988-11-13,0.0011848741
1988-11-14,0.0003558662
1988-11-15,0.00031517612
1988-11-16,0.0013076067
1988-11-17,4.3034554e-05
1988-11-18,5.2981907e-08
1988-11-19,0.0
1988-11-20,7.748604e-06
1988-11-21,0.0008151796
1988-11-22,0.0032168494
1988-11-23,0.001359476
1988-11-24,0.00033489862
1988-11-25,0.000979397
1988-11-26,0.00012516975
1988-11-27,0.0
1988-11-28,2.5961133e-05
1988-11-29,0.0
1988-11-30,0.0
1988-12-01,0.0
1988-12-02,0.0
1988-12-03,0.0
1988-12-04,0.0
1988-12-05,0.0
1988-12-06,1.3245477e-08
1988-12-07,2.6490953e-08
1988-12-08,0.0
1988-12-09,0.0
1988-12-10,9.1393787e-07
1988-12-11,0.0
1988-12-12,0.0
1988-12-13,0.0
1988-12-14,0.0
1988-12-15,0.0
1988-12-16,0.0
1988-12-17,0.0
1988-12-18,0.0
1988-12-19,0.00039958954
1988-12-20,0.001154542
1988-12-21,0.00041038461
1988-12-22,0.0010992289
1988-12-23,0.0001144939
1988-12-24,0.00095164776
1988-12-25,1.4411078e-05
1988-12-26,1.3245477e-07
1988-12-27,0.00030852688
1988-12-28,7.034672e-05
1988-12-29,5.695555e-07
1988-12-30,0.00054122345
1988-12-31,0.00026628707
1989-01-01,0.0
1989-01-02,0.0
1989-01-03,0.0
1989-01-04,2.6490953e-08
1989-01-05,0.0010349883
1989-01-06,1.6835002e-05
1989-01-07,5.396207e-05
1989-01-08,0.0003098382
1989-01-09,0.00028343996
1989-01-10,0.00077794655
1989-01-11,5.2981907e-08
1989-01-12,0.0
1989-01-13,0.00017633702
1989-01-14,3.0795734e-05
1989-01-15,1.1073218e-05
1989-01-16,1.5298525e-06
1989-01-17,0.0
1989-01-18,0.0
1989-01-19,0.0
1989-01-20,0.0
1989-01-21,0.0
1989-01-22,0.00083327293
1989-01-23,1.361635e-05
1989-01-24,0.0
1989-01-25,0.0
1989-01-26,0.0
1989-01-27,0.0
1989-01-28,0.0
1989-01-29,0.0
1989-01-30,0.0
1989-01-31,0.0
1989-02-01,6.594923e-05
1989-02-02,0.0001273685
1989-02-03,0.00010826853
1989-02-04,7.545948e-05
1989-02-05,0.0
1989-02-06,0.0
1989-02-07,0.0
1989-02-08,0.0
1989-02-09,7.311503e-05
1989-02-10,2.8954611e-05
1989-02-11,3.543165e-05
1989-02-12,3.0464597e-07
1989-02-13,5.2981907e-08
1989-02-14,0.0
1989-02-15,0.0
1989-02-16,2.5206142e-05
1989-02-17,3.809399e-05
1989-02-18,0.0006355047
1989-02-19,0.0002131727
1989-02-20,3.461043e-05
1989-02-21,3.4040875e-06
1989-02-22,0.0005591578
1989-02-23,3.548463e-05
1989-02-24,1.0199017e-06
1989-02-25,1.7219119e-07
1989-02-26,0.0
1989-02-27,0.0
1989-02-28,0.0
1989-03-01,0.00015685294
1989-03-02,0.0017622444
1989-03-03,1.417266e-06
1989-03-04,0.00011629528
1989-03-05,0.0010444985
1989-03-06,0.0006948842
1989-03-07,0.0004733801
1989-03-08,0.0012991296
1989-03-09,0.0029642184
1989-03-10,0.00071718957
1989-03-11,0.0010750161
1989-03-12,0.000101937185
1989-03-13,0.00034153461
1989-03-14,0.0
1989-03-15,0.0
1989-03-16,0.0011977752
1989-03-17,0.0005606148
1989-03-18,0.0012540022
1989-03-19,0.00043535233
1989-03-20,0.0
1989-03-21,0.00010587109
1989-03-22,5.165736e-07
1989-03-23,0.00016370084
1989-03-24,0.0012665192
1989-03-25,0.0014022854
1989-03-26,6.4373016e-06
1989-03-27,6.956524e-05
1989-03-28,0.00044940578
1989-03-29,2.6596917e-05
1989-03-30,2.23981e-05
1989-03-31,0.0002464056
1989-04-01,0.00013580587
1989-04-02,0.000573198
1989-04-03,6.877052e-05
1989-04-04,0.0
1989-04-05,0.0
1989-04-06,0.0
1989-04-07,0.0
1989-04-08,0.0
1989-04-09,0.0
1989-04-10,0.0
1989-04-11,0.0
1989-04-12,0.0
1989-04-13,0.0
1989-04-14,7.417467e-06
1989-04-15,1.3245476e-06
1989-04-16,5.7591333e-05
1989-04-17,7.285012e-07
1989-04-18,1.8146303e-06
1989-04-19,4.8213533e-06
1989-04-20,5.744563e-05
1989-04-21,0.00079949695
1989-04-22,0.00017287995
1989-04-23,0.0006838772
1989-04-24,0.00022292137
1989-04-25,0.00015880002
1989-04-26,5.4134263e-05
1989-04-27,1.3775295e-06
1989-04-28,7.0201025e-07
1989-04-29,5.8280096e-07
1989-04-30,7.8837074e-05
1989-05-01,1.5232298e-05
1989-05-02,3.2054054e-06
1989-05-03,6.0399375e-06
1989-05-04,9.854634e-06
1989-05-05,1.5894572e-07
1989-05-06,0.0
1989-05-07,1.3245477e-08
1989-05-08,8.6916814e-05
1989-05-09,0.00030840767
1989-05-10,0.0010043117
1989-05-11,0.0
1989-05-12,0.0
1989-05-13,4.053116e-06
1989-05-14,1.5325017e-05
1989-05-15,1.5099844e-06
1989-05-16,0.0
1989-05-17,8.05325e-06
1989-05-18,6.596247e-06
1989-05-19,0.0
1989-05-20,0.0
1989-05-21,7.814831e-07
1989-05-22,1.5894572e-06
1989-05-23,0.00043445162
1989-05-24,3.0186442e-05
1989-05-25,4.9008264e-07
1989-05-26,0.0
1989-05-27,4.7683716e-07
1989-05-28,4.0769577e-05
1989-05-29,1.8941032e-06
1989-05-30,0.0
1989-05-31,0.0
1989-06-01,0.0
1989-06-02,4.000134e-06
1989-06-03,1.05963814e-07
1989-06-04,0.0001389053
1989-06-05,4.834599e-06
1989-06-06,2.3841858e-06
1989-06-07,4.503462e-06
1989-06-08,2.8014183e-05
1989-06-09,1.2980568e-06
1989-06-10,1.0066562e-06
1989-06-11,1.3245477e-07
1989-06-12,0.0
1989-06-13,9.271834e-08
1989-06-14,0.0
1989-06-15,0.000105924075
1989-06-16,2.5166405e-06
1989-06-17,0.0
1989-06-18,0.0
1989-06-19,0.0
1989-06-20,0.0
1989-06-21,0.0
1989-06-22,0.0
1989-06-23,0.0
1989-06-24,0.0
1989-06-25,5.2981907e-08
1989-06-26,0.0
1989-06-27,0.0
1989-06-28,0.0
1989-06-29,4.3312707e-06
1989-06-30,0.00022669633
1989-07-01,0.0
1989-07-02,0.0
1989-07-03,0.0
1989-07-04,0.0
1989-07-05,0.0
1989-07-06,0.0
1989-07-07,0.0
1989-07-08,0.0
1989-07-09,0.0
1989-07-10,0.0
1989-07-11,0.0
1989-07-12,0.0
1989-07-13,0.0
1989-07-14,0.0
1989-07-15,2.6490953e-08
1989-07-16,2.6490954e-07
1989-07-17,0.0
1989-07-18,0.0
1989-07-19,0.0
1989-07-20,0.0
1989-07-21,0.0
1989-07-22,0.0
1989-07-23,0.0
1989-07-24,0.0
1989-07-25,0.0
1989-07-26,0.0
1989-07-27,0.0
1989-07-28,0.0
1989-07-29,0.0
1989-07-30,0.0
1989-07-31,0.0
1989-08-01,0.0
1989-08-02,0.0
1989-08-03,0.0
1989-08-04,0.0
1989-08-05,0.0
1989-08-06,0.0
1989-08-07,3.1789145e-07
1989-08-08,3.1113625e-05
1989-08-09,3.1497744e-05
1989-08-10,0.0
1989-08-11,0.0
1989-08-12,0.0
1989-08-13,0.0
1989-08-14,0.0
1989-08-15,0.0
1989-08-16,0.0
1989-08-17,0.0
1989-08-18,7.285012e-07
1989-08-19,0.0
1989-08-20,9.04666e-06
1989-08-21,2.6490953e-08
1989-08-22,0.0002598895
1989-08-23,3.5974714e-05
1989-08-24,0.0
1989-08-25,0.0
1989-08-26,0.0
1989-08-27,0.0
1989-08-28,0.0
1989-08-29,6.2916015e-06
1989-08-30,5.669064e-06
1989-08-31,0.0
1989-09-01,0.0
1989-09-02,0.0
1989-09-03,0.0
1989-09-04,0.0
1989-09-05,0.0
1989-09-06,8.715524e-06
1989-09-07,0.0
1989-09-08,0.0
1989-09-09,0.0
1989-09-10,1.11262e-06
1989-09-11,0.0
1989-09-12,0.0
1989-09-13,0.0
1989-09-14,0.0
1989-09-15,0.0
1989-09-16,0.0007718404
1989-09-17,0.0015136136
1989-09-18,0.0013614893
1989-09-19,0.0
1989-09-20,0.0
1989-09-21,0.0
1989-09-22,0.0
1989-09-23,0.0
1989-09-24,5.2981907e-08
1989-09-25,4.6359168e-07
1989-09-26,0.0001428922
1989-09-27,3.67562e-05
1989-09-28,0.0
1989-09-29,0.0010129479
1989-09-30,0.00016654862
1989-10-01,3.2716327e-06
1989-10-02,9.4042883e-07
1989-10-03,0.0
1989-10-04,0.0
1989-10-05,0.0
1989-10-06,0.0
1989-10-07,0.0
1989-10-08,0.0
1989-10-09,0.0
1989-10-10,0.0
1989-10-11,0.0
1989-10-12,0.0
1989-10-13,0.0
1989-10-14,0.0
1989-10-15,0.0
1989-10-16,0.0
1989-10-17,0.0
1989-10-18,0.0
1989-10-19,0.0
1989-10-20,1.5656153e-05
1989-10-21,0.0015454027
1989-10-22,0.0017133289
1989-10-23,0.002741986
1989-10-24,0.0012757645
1989-10-25,8.292993e-05
1989-10-26,0.00027922788
1989-10-27,0.00035860803
1989-10-28,0.0
1989-10-29,0.0
1989-10-30,0.0
1989-10-31,0.0
1989-11-01,0.0
1989-11-02,0.0
1989-11-03,0.0
1989-11-04,0.0
1989-11-05,0.0
1989-11-06,0.0
1989-11-07,0.0
1989-11-08,0.0
1989-11-09,0.0
1989-11-10,0.0
1989-11-11,0.0
1989-11-12,0.0
1989-11-13,7.814831e-07
1989-11-14,0.0
1989-11-15,1.3245477e-08
1989-11-16,0.0
1989-11-17,0.0
1989-11-18,0.0
1989-11-19,0.0
1989-11-20,0.0
1989-11-21,0.0
1989-11-22,0.0
1989-11-23,8.3459745e-05
1989-11-24,0.00054045516
1989-11-25,0.0011196533
1989-11-26,8.1804064e-05
1989-11-27,0.0
1989-11-28,0.0
1989-11-29,0.0
1989-11-30,2.6490953e-08
1989-12-01,0.0
1989-12-02,0.0
1989-12-03,0.0
1989-12-04,8.159213e-06
1989-12-05,4.8942034e-05
1989-12-06,3.3246147e-06
1989-12-07,0.0
1989-12-08,2.7020772e-06
1989-12-09,1.3245477e-07
1989-12-10,0.0
1989-12-11,0.0
1989-12-12,0.0
1989-12-13,0.0
1989-12-14,0.0
1989-12-15,0.0
1989-12-16,0.0
1989-12-17,0.0
1989-12-18,0.0
1989-12-19,0.0
1989-12-20,0.0
1989-12-21,0.0
1989-12-22,0.0
1989-12-23,0.0
1989-12-24,0.0
1989-12-25,0.0
1989-12-26,0.0
1989-12-27,0.0
1989-12-28,0.0
1989-12-29,0.0
1989-12-30,0.0
1989-12-31,3.0464597e-07
1990-01-01,0.00037300587
1990-01-02,1.8146303e-06
1990-01-03,2.6490953e-08
1990-01-04,0.0
1990-01-05,0.0
1990-01-06,9.5380674e-05
1990-01-07,0.0026789904
1990-01-08,0.0019775894
1990-01-09,0.0002793471
1990-01-10,0.0
1990-01-11,0.0
1990-01-12,0.001018948
1990-01-13,0.0014623404
1990-01-14,0.00016699897
1990-01-15,1.4570024e-07
1990-01-16,0.00042006705
1990-01-17,1.3377932e-06
1990-01-18,0.0
1990-01-19,0.0
1990-01-20,0.0
1990-01-21,0.0
1990-01-22,0.0
1990-01-23,0.0
1990-01-24,0.0
1990-01-25,0.0
1990-01-26,8.202923e-05
1990-01-27,0.0
1990-01-28,4.053116e-06
1990-01-29,3.870328e-05
1990-01-30,0.00091854733
1990-01-31,5.8054924e-05
1990-02-01,0.0007084343
1990-02-02,1.3722314e-05
1990-02-03,0.0007996559
1990-02-04,7.266468e-05
1990-02-05,3.8133727e-05
1990-02-06,0.00021927887
1990-02-07,6.053183e-06
1990-02-08,9.6691976e-05
1990-02-09,5.294217e-05
1990-02-10,2.3841858e-07
1990-02-11,0.0
1990-02-12,1.7219119e-07
1990-02-13,3.349781e-05
1990-02-14,0.0
1990-02-15,4.251798e-05
1990-02-16,0.0010543796
1990-02-17,0.0003516939
1990-02-18,1.4940898e-05
1990-02-19,0.0
1990-02-20,0.0
1990-02-21,0.0
1990-02-22,0.0
1990-02-23,0.0
1990-02-24,1.9868214e-07
1990-02-25,0.0
1990-02-26,0.0
1990-02-27,0.0
1990-02-28,0.0
1990-03-01,2.2345119e-05
1990-03-02,0.000762807
1990-03-03,0.00080711313
1990-03-04,0.0010771222
1990-03-05,7.1525574e-05
1990-03-06,0.0
1990-03-07,4.172325e-05
1990-03-08,0.00027521452
1990-03-09,0.0
1990-03-10,0.00082590844
1990-03-11,1.9245677e-05
1990-03-12,1.906024e-05
1990-03-13,3.973643e-08
1990-03-14,5.7140987e-05
1990-03-15,9.4042883e-07
1990-03-16,0.0
1990-03-17,2.3272303e-05
1990-03-18,0.0
1990-03-19,6.622738e-07
1990-03-20,0.0
1990-03-21,0.0
1990-03-22,4.702144e-06
1990-03-23,5.2981907e-08
1990-03-24,1.3245477e-07
1990-03-25,4.2319298e-05
1990-03-26,0.00019723177
1990-03-27,0.0
1990-03-28,0.0
1990-03-29,0.0
1990-03-30,0.0
1990-03-31,0.0
1990-04-01,0.0
1990-04-02,0.0
1990-04-03,7.059839e-06
1990-04-04,2.4636587e-05
1990-04-05,4.0584142e-05
1990-04-06,3.0067233e-05
1990-04-07,7.544624e-05
1990-04-08,0.00012256039
1990-04-09,0.0
1990-04-10,0.0
1990-04-11,0.0
1990-04-12,0.0
1990-04-13,0.0
1990-04-14,0.0
1990-04-15,1.4834934e-06
1990-04-16,8.967188e-06
1990-04-17,6.598896e-05
1990-04-18,4.967054e-06
1990-04-19,8.429421e-05
1990-04-20,0.00014701154
1990-04-21,1.0066562e-06
1990-04-22,0.0002673467
1990-04-23,0.00083233253
1990-04-24,7.947286e-08
1990-04-25,0.0
1990-04-26,0.0
1990-04-27,0.0
1990-04-28,1.1020236e-05
1990-04-29,1.4570024e-06
1990-04-30,0.0
1990-05-01,0.0
1990-05-02,0.0
1990-05-03,0.0
1990-05-04,0.0
1990-05-05,0.0
1990-05-06,0.0
1990-05-07,0.0
1990-05-08,0.0
1990-05-09,0.0
1990-05-10,8.969837e-05
1990-05-11,7.947286e-07
1990-05-12,1.2583203e-06
1990-05-13,0.0
1990-05-14,0.0
1990-05-15,0.0
1990-05-16,2.278222e-06
1990-05-17,1.05963814e-07
1990-05-18,1.8013848e-06
1990-05-19,0.00018915866
1990-05-20,0.0011394024
1990-05-21,0.0003854566
1990-05-22,0.0014086432
1990-05-23,0.0008004374
1990-05-24,1.0291736e-05
1990-05-25,6.3180923e-06
1990-05-26,0.00097016495
1990-05-27,0.0019005404
1990-05-28,0.00033896498
1990-05-29,0.00021141105
1990-05-30,0.0018130408
1990-05-31,0.0011099444
1990-06-01,4.251798e-06
1990-06-02,3.920661e-06
1990-06-03,6.3975654e-06
1990-06-04,3.973643e-08
1990-06-05,1.4570024e-06
1990-06-06,4.310078e-05
1990-06-07,0.0
1990-06-08,0.0
1990-06-09,5.298191e-07
1990-06-10,1.1523565e-06
1990-06-11,0.0
1990-06-12,0.0
1990-06-13,1.3113022e-06
1990-06-14,3.3775966e-06
1990-06-15,2.6888317e-06
1990-06-16,8.993678e-06
1990-06-17,8.503596e-06
1990-06-18,4.670355e-05
1990-06-19,0.0
1990-06-20,1.3775295e-06
1990-06-21,0.0
1990-06-22,0.0
1990-06-23,0.0
1990-06-24,0.0
1990-06-25,0.0
1990-06-26,0.0
1990-06-27,0.0
1990-06-28,0.0
1990-06-29,0.0
1990-06-30,0.0
1990-07-01,0.0
1990-07-02,1.8543668e-07
1990-07-03,0.0
1990-07-04,0.0
1990-07-05,7.0465935e-06
1990-07-06,3.973643e-08
1990-07-07,0.0
1990-07-08,0.0
1990-07-09,0.0
1990-07-10,1.3775295e-06
1990-07-11,6.9803664e-06
1990-07-12,0.0
1990-07-13,2.556377e-06
1990-07-14,1.6040272e-05
1990-07-15,8.092986e-06
1990-07-16,2.15239e-05
1990-07-17,1.2715658e-06
1990-07-18,1.4464061e-05
1990-07-19,3.8875474e-05
1990-07-20,8.60956e-07
1990-07-21,0.0
1990-07-22,0.0
1990-07-23,0.0
1990-07-24,0.0
1990-07-25,0.0
1990-07-26,0.0
1990-07-27,0.0
1990-07-28,0.0
1990-07-29,0.0
1990-07-30,0.0
1990-07-31,0.0
1990-08-01,0.0
1990-08-02,0.0
1990-08-03,0.0
1990-08-04,0.0
1990-08-05,0.0
1990-08-06,4.2385525e-07
1990-08-07,7.3512397e-06
1990-08-08,4.7948624e-06
1990-08-09,5.5233636e-06
1990-08-10,0.0
1990-08-11,0.0
1990-08-12,0.0
1990-08-13,0.0
1990-08-14,0.0
1990-08-15,0.0
1990-08-16,3.2451417e-06
1990-08-17,1.7046928e-05
1990-08-18,0.00017624431
1990-08-19,3.751119e-05
1990-08-20,2.1841792e-05
1990-08-21,5.2452087e-06
1990-08-22,0.0
1990-08-23,4.7683716e-07
1990-08-24,1.1761983e-05
1990-08-25,5.3313044e-05
1990-08-26,0.00025794242
1990-08-27,3.9603974e-06
1990-08-28,0.0
1990-08-29,3.197458e-05
1990-08-30,7.1260665e-06
1990-08-31,0.0
1990-09-01,0.0
1990-09-02,0.0
1990-09-03,0.0
1990-09-04,0.0
1990-09-05,0.0
1990-09-06,2.1192763e-07
1990-09-07,0.0
1990-09-08,0.0
1990-09-09,0.0
1990-09-10,0.0
1990-09-11,0.0
1990-09-12,0.0
1990-09-13,0.0
1990-09-14,1.2980568e-06
1990-09-15,0.0
1990-09-16,0.0
1990-09-17,3.973643e-08
1990-09-18,3.6822425e-06
1990-09-19,0.0
1990-09-20,0.0
1990-09-21,0.0
1990-09-22,5.6028366e-06
1990-09-23,3.605419e-05
1990-09-24,3.9935112e-05
1990-09-25,4.2941836e-05
1990-09-26,6.779035e-05
1990-09-27,1.1258655e-06
1990-09-28,0.0
1990-09-29,0.0
1990-09-30,0.0
1990-10-01,0.0
1990-10-02,0.0
1990-10-03,0.0
1990-10-04,2.6490953e-08
1990-10-05,1.8543667e-06
1990-10-06,8.495649e-05
1990-10-07,0.0
1990-10-08,0.0
1990-10-09,0.0
1990-10-10,0.0
1990-10-11,0.0
1990-10-12,0.0
1990-10-13,0.0
1990-10-14,0.0
1990-10-15,0.0
1990-10-16,0.0
1990-10-17,0.0
1990-10-18,0.00046066442
1990-10-19,1.9868214e-06
1990-10-20,0.0
1990-10-21,0.0
1990-10-22,2.5696224e-06
1990-10-23,0.0
1990-10-24,0.0
1990-10-25,0.0
1990-10-26,0.0
1990-10-27,0.0
1990-10-28,3.5762787e-07
1990-10-29,1.05963814e-07
1990-10-30,1.9497342e-05
1990-10-31,0.00093248155
1990-11-01,7.947286e-08
1990-11-02,0.0
1990-11-03,0.0
1990-11-04,0.0
1990-11-05,1.20004015e-05
1990-11-06,3.973643e-08
1990-11-07,0.0
1990-11-08,1.2980568e-06
1990-11-09,0.0
1990-11-10,0.0
1990-11-11,0.0
1990-11-12,0.0
1990-11-13,0.0
1990-11-14,0.0004943742
1990-11-15,0.0
1990-11-16,0.0
1990-11-17,0.0
1990-11-18,4.2306052e-05
1990-11-19,0.00015774037
1990-11-20,1.66893e-05
1990-11-21,4.3537882e-05
1990-11-22,2.6490953e-08
1990-11-23,0.0
1990-11-24,0.0
1990-11-25,0.0003626479
1990-11-26,9.006924e-07
1990-11-27,2.6490953e-08
1990-11-28,0.0
1990-11-29,0.0
1990-11-30,4.5829347e-06
1990-12-01,2.6490953e-08
1990-12-02,0.0
1990-12-03,0.0
1990-12-04,9.801653e-06
1990-12-05,1.086129e-06
1990-12-06,0.0
1990-12-07,0.0
1990-12-08,0.0
1990-12-09,1.139111e-06
1990-12-10,0.0006699827
1990-12-11,8.867847e-05
1990-12-12,5.2981907e-08
1990-12-13,1.4954143e-05
1990-12-14,4.9935447e-06
1990-12-15,0.00063443184
1990-12-16,2.1457672e-06
1990-12-17,0.0
1990-12-18,6.3671e-05
1990-12-19,0.00013363361
1990-12-20,3.2318962e-06
1990-12-21,5.430645e-07
1990-12-22,2.6490953e-08
1990-12-23,0.0
1990-12-24,0.0
1990-12-25,0.0
1990-12-26,0.0
1990-12-27,0.0
1990-12-28,1.1563301e-05
1990-12-29,2.6490953e-08
1990-12-30,0.0
1990-12-31,0.0
1991-01-01,0.0
1991-01-02,0.0
1991-01-03,0.0
1991-01-04,0.0
1991-01-05,0.0
1991-01-06,1.7444292e-05
1991-01-07,0.00048801635
1991-01-08,3.3630266e-05
1991-01-09,6.732676e-05
1991-01-10,9.6307864e-05
1991-01-11,9.9248355e-05
1991-01-12,0.00088540715
1991-01-13,0.00031215616
1991-01-14,2.609359e-06
1991-01-15,2.5365087e-05
1991-01-16,0.0
1991-01-17,0.0
1991-01-18,1.1920929e-07
1991-01-19,1.6424391e-06
1991-01-20,0.0
1991-01-21,0.0
1991-01-22,0.0
1991-01-23,0.0
1991-01-24,0.0
1991-01-25,0.0
1991-01-26,0.0
1991-01-27,0.0
1991-01-28,0.0
1991-01-29,0.0
1991-01-30,0.0
1991-01-31,0.0
1991-02-01,0.0
1991-02-02,0.0017074876
1991-02-03,0.00051038794
1991-02-04,0.00048760572
1991-02-05,0.0006932153
1991-02-06,0.0
1991-02-07,0.0
1991-02-08,0.0
1991-02-09,0.0
1991-02-10,0.0
1991-02-11,0.0
1991-02-12,1.5894572e-07
1991-02-13,1.05963814e-07
1991-02-14,0.0
1991-02-15,0.0
1991-02-16,5.801519e-06
1991-02-17,5.616082e-06
1991-02-18,0.0
1991-02-19,0.0
1991-02-20,0.0
1991-02-21,0.0
1991-02-22,0.0
1991-02-23,0.0
1991-02-24,0.0
1991-02-25,0.0
1991-02-26,0.0
1991-02-27,0.0
1991-02-28,0.00058081414
1991-03-01,0.0010647508
1991-03-02,0.0017049445
1991-03-03,0.0023408202
1991-03-04,0.0024415387
1991-03-05,2.3669667e-05
1991-03-06,8.34465e-06
1991-03-07,0.0
1991-03-08,0.0
1991-03-09,2.7947956e-06
1991-03-10,0.000542389
1991-03-11,6.5883e-05
1991-03-12,0.0014129082
1991-03-13,0.00018288029
1991-03-14,9.866556e-05
1991-03-15,2.1298727e-05
1991-03-16,8.442667e-05
1991-03-17,0.0006322463
1991-03-18,0.0003769133
1991-03-19,2.1086798e-05
1991-03-20,0.0009850131
1991-03-21,2.2318629e-05
1991-03-22,0.0001666281
1991-03-23,0.0013843245
1991-03-24,0.0007987287
1991-03-25,0.00053767365
1991-03-26,0.0010335445
1991-03-27,2.6490953e-08
1991-03-28,0.0
1991-03-29,0.0
1991-03-30,0.0
1991-03-31,4.0253002e-05
1991-04-01,0.00010548698
1991-04-02,0.00012350082
1991-04-03,2.8186374e-05
1991-04-04,0.0
1991-04-05,8.269151e-05
1991-04-06,0.0004746914
1991-04-07,2.6490953e-08
1991-04-08,0.0
1991-04-09,1.0861291e-05
1991-04-10,4.3180253e-06
1991-04-11,2.6490953e-08
1991-04-12,0.0
1991-04-13,0.0
1991-04-14,5.5882665e-05
1991-04-15,0.00038527118
1991-04-16,0.00019571517
1991-04-17,0.00013950135
1991-04-18,3.812048e-05
1991-04-19,1.66893e-06
1991-04-20,0.00021949079
1991-04-21,3.238519e-05
1991-04-22,0.00015219052
1991-04-23,8.6837346e-05
1991-04-24,0.0004449553
1991-04-25,0.00022292137
1991-04-26,4.996194e-05
1991-04-27,0.0
1991-04-28,2.5961135e-06
1991-04-29,0.0
1991-04-30,0.0
1991-05-01,0.00019465553
1991-05-02,6.74857e-05
1991-05-03,3.098117e-05
1991-05-04,0.0
1991-05-05,5.2981907e-08
1991-05-06,0.0
1991-05-07,3.417333e-06
1991-05-08,0.00022109349
1991-05-09,6.1326555e-06
1991-05-10,5.033281e-07
1991-05-11,1.4887915e-05
1991-05-12,2.0861626e-05
1991-05-13,0.0008547836
1991-05-14,9.4042883e-07
1991-05-15,0.0
1991-05-16,0.0005184147
1991-05-17,0.0005054739
1991-05-18,0.0002937052
1991-05-19,3.8411883e-07
1991-05-20,1.0199017e-06
1991-05-21,0.0
1991-05-22,2.6490953e-08
1991-05-23,0.0
1991-05-24,2.6490953e-08
1991-05-25,0.0
1991-05-26,5.298191e-07
1991-05-27,1.3245477e-07
1991-05-28,0.0
1991-05-29,0.00010697047
1991-05-30,6.082323e-05
1991-05-31,0.0
1991-06-01,0.0
1991-06-02,6.6227386e-08
1991-06-03,7.417467e-07
1991-06-04,0.0
1991-06-05,0.0
1991-06-06,0.0
1991-06-07,0.0
1991-06-08,0.0
1991-06-09,0.0
1991-06-10,0.0
1991-06-11,0.0
1991-06-12,0.0
1991-06-13,0.0
1991-06-14,0.0
1991-06-15,0.0
1991-06-16,0.0
1991-06-17,0.0
1991-06-18,0.0
1991-06-19,2.2755728e-05
1991-06-20,8.2121954e-07
1991-06-21,3.973643e-07
1991-06-22,7.285012e-07
1991-06-23,8.808242e-06
1991-06-24,5.318059e-05
1991-06-25,4.8213537e-05
1991-06-26,2.3947821e-05
1991-06-27,1.8225775e-05
1991-06-28,0.0002581676
1991-06-29,7.647938e-05
1991-06-30,0.0
1991-07-01,0.0
1991-07-02,0.0
1991-07-03,0.0
1991-07-04,0.0
1991-07-05,0.0
1991-07-06,0.0
1991-07-07,0.0
1991-07-08,0.0
1991-07-09,0.0
1991-07-10,0.0
1991-07-11,0.0
1991-07-12,0.0
1991-07-13,0.0
1991-07-14,5.3114363e-06
1991-07-15,2.3312039e-06
1991-07-16,2.4371677e-06
1991-07-17,2.0133125e-06
1991-07-18,0.0
1991-07-19,2.357695e-06
1991-07-20,4.2120614e-06
1991-07-21,1.69807e-05
1991-07-22,2.310011e-05
1991-07-23,7.0201025e-07
1991-07-24,0.0
1991-07-25,0.0
1991-07-26,0.0
1991-07-27,0.0
1991-07-28,0.0
1991-07-29,0.0
1991-07-30,0.0
1991-07-31,0.0
1991-08-01,0.0
1991-08-02,0.0
1991-08-03,0.0
1991-08-04,6.7154565e-06
1991-08-05,6.834666e-06
1991-08-06,0.0
1991-08-07,5.112754e-06
1991-08-08,0.0
1991-08-09,0.0
1991-08-10,0.0
1991-08-11,0.0
1991-08-12,0.0
1991-08-13,0.0
1991-08-14,0.0
1991-08-15,1.1656019e-06
1991-08-16,2.6490954e-07
1991-08-17,0.0
1991-08-18,1.3245477e-07
1991-08-19,0.0
1991-08-20,0.0
1991-08-21,0.0
1991-08-22,0.0
1991-08-23,0.0
1991-08-24,0.0
1991-08-25,0.0
1991-08-26,0.0
1991-08-27,4.4902167e-06
1991-08-28,4.1193434e-06
1991-08-29,5.2981907e-08
1991-08-30,0.0
1991-08-31,0.0
1991-09-01,0.0
1991-09-02,0.0
1991-09-03,0.0
1991-09-04,0.0
1991-09-05,7.364485e-06
1991-09-06,2.3974312e-06
1991-09-07,1.3245477e-07
1991-09-08,8.60956e-07
1991-09-09,7.669131e-06
1991-09-10,0.0
1991-09-11,0.0
1991-09-12,0.0
1991-09-13,0.0
1991-09-14,0.0
1991-09-15,0.0
1991-09-16,0.0
1991-09-17,0.0
1991-09-18,0.0
1991-09-19,0.0
1991-09-20,0.0
1991-09-21,0.0
1991-09-22,0.0
1991-09-23,0.0
1991-09-24,0.0
1991-09-25,0.0
1991-09-26,3.589524e-06
1991-09-27,2.1192763e-07
1991-09-28,0.0
1991-09-29,0.0
1991-09-30,0.0
1991-10-01,0.0
1991-10-02,0.0
1991-10-03,0.0
1991-10-04,0.0
1991-10-05,0.0
1991-10-06,0.0
1991-10-07,0.0
1991-10-08,0.0
1991-10-09,0.0
1991-10-10,0.0
1991-10-11,0.0
1991-10-12,0.0
1991-10-13,0.0
1991-10-14,0.0
1991-10-15,0.0
1991-10-16,0.0
1991-10-17,0.0
1991-10-18,0.0
1991-10-19,0.0
1991-10-20,0.0
1991-10-21,0.0
1991-10-22,7.2320305e-05
1991-10-23,2.7815502e-06
1991-10-24,2.070268e-05
1991-10-25,0.000953118
1991-10-26,0.0016587443
1991-10-27,5.8280098e-06
1991-10-28,0.0
1991-10-29,5.484952e-05
1991-10-30,0.0
1991-10-31,0.0
1991-11-01,0.0
1991-11-02,0.0
1991-11-03,0.0
1991-11-04,4.635917e-06
1991-11-05,0.0
1991-11-06,0.0
1991-11-07,0.0
1991-11-08,6.0399372e-05
1991-11-09,0.00015778012
1991-11-10,0.0
1991-11-11,0.0
1991-11-12,0.0
1991-11-13,7.6823767e-07
1991-11-14,2.1325218e-06
1991-11-15,0.0
1991-11-16,8.742015e-06
1991-11-17,0.0015084478
1991-11-18,0.00029309592
1991-11-19,3.7180052e-05
1991-11-20,0.00041299395
1991-11-21,1.9947687e-05
1991-11-22,0.0
1991-11-23,0.0
1991-11-24,3.7087334e-06
1991-11-25,2.6490953e-08
1991-11-26,3.7087335e-07
1991-11-27,0.00012573932
1991-11-28,0.0
1991-11-29,1.0596382e-06
1991-11-30,0.0
1991-12-01,0.0
1991-12-02,6.0929193e-07
1991-12-03,0.0
1991-12-04,0.0
1991-12-05,0.0
1991-12-06,0.00017444293
1991-12-07,0.00026182333
1991-12-08,0.0
1991-12-09,0.0
1991-12-10,0.0
1991-12-11,0.0
1991-12-12,0.0
1991-12-13,0.0
1991-12-14,0.0
1991-12-15,0.0
1991-12-16,0.0
1991-12-17,0.00016395251
1991-12-18,0.0009863244
1991-12-19,2.430545e-05
1991-12-20,0.0
1991-12-21,0.0
1991-12-22,0.0
1991-12-23,0.0
1991-12-24,0.0
1991-12-25,0.0
1991-12-26,0.0
1991-12-27,1.2040138e-05
1991-12-28,0.0014881691
1991-12-29,0.001036538
1991-12-30,9.695689e-06
1991-12-31,1.9338395e-06
1992-01-01,0.0
1992-01-02,0.0
1992-01-03,6.020069e-05
1992-01-04,0.0013493829
1992-01-05,0.0009993049
1992-01-06,0.0002841817
1992-01-07,0.0003471242
1992-01-08,0.0
1992-01-09,0.0
1992-01-10,1.3113022e-06
1992-01-11,4.7683716e-07
1992-01-12,0.0
1992-01-13,0.0
1992-01-14,0.0
1992-01-15,0.0
1992-01-16,0.0
1992-01-17,1.0199017e-06
1992-01-18,0.0
1992-01-19,0.0
1992-01-20,0.0
1992-01-21,0.0
1992-01-22,0.0
1992-01-23,0.0
1992-01-24,0.0
1992-01-25,7.1538816e-05
1992-01-26,2.78155e-07
1992-01-27,2.1497408e-05
1992-01-28,0.0008368492
1992-01-29,7.0201025e-07
1992-01-30,1.5232298e-06
1992-01-31,2.9140048e-07
1992-02-01,0.0008914338
1992-02-02,1.0463926e-06
1992-02-03,0.0
1992-02-04,0.0
1992-02-05,2.9961268e-05
1992-02-06,9.271834e-06
1992-02-07,8.808242e-06
1992-02-08,0.00049704977
1992-02-09,0.00026097562
1992-02-10,0.0017416874
1992-02-11,0.0013784567
1992-02-12,0.0017448398
1992-02-13,0.00083756447
1992-02-14,0.00182875
1992-02-15,0.000529223
1992-02-16,0.001247353
1992-02-17,0.00058329105
1992-02-18,0.0007356803
1992-02-19,0.0015775495
1992-02-20,0.0011586613
1992-02-21,0.00096114475
1992-02-22,0.00014028285
1992-02-23,0.0
1992-02-24,0.0
1992-02-25,0.0
1992-02-26,0.0
1992-02-27,0.0
1992-02-28,0.0
1992-02-29,1.0251999e-05
1992-03-01,0.00034586588
1992-03-02,2.682209e-05
1992-03-03,2.6332007e-05
1992-03-04,0.00040745735
1992-03-05,0.0012445847
1992-03-06,0.0007201698
1992-03-07,0.000117090014
1992-03-08,0.0
1992-03-09,0.0
1992-03-10,0.0
1992-03-11,0.0
1992-03-12,0.0
1992-03-13,8.821487e-06
1992-03-14,0.00085063773
1992-03-15,0.00117796
1992-03-16,0.0010378493
1992-03-17,3.458394e-05
1992-03-18,0.0
1992-03-19,0.0
1992-03-20,5.97371e-06
1992-03-21,2.5298861e-05
1992-03-22,0.00033651458
1992-03-23,5.8942373e-05
1992-03-24,5.947219e-06
1992-03-25,2.4331941e-05
1992-03-26,2.404054e-05
1992-03-27,7.3379942e-06
1992-03-28,0.00015525024
1992-03-29,0.00015434955
1992-03-30,0.00019611252
1992-03-31,5.2981907e-08
1992-04-01,0.0
1992-04-02,0.0
1992-04-03,7.7962875e-05
1992-04-04,5.7167475e-05
1992-04-05,0.0
1992-04-06,0.0
1992-04-07,0.0
1992-04-08,0.0
1992-04-09,0.00020240413
1992-04-10,0.00046812164
1992-04-11,0.00023308065
1992-04-12,0.0014266968
1992-04-13,0.0006091197
1992-04-14,3.9339066e-06
1992-04-15,2.5696225e-05
1992-04-16,0.0005376604
1992-04-17,0.00061179535
1992-04-18,0.0
1992-04-19,0.0
1992-04-20,0.0
1992-04-21,3.3113693e-06
1992-04-22,0.0
1992-04-23,0.0
1992-04-24,0.0
1992-04-25,0.0
1992-04-26,0.0
1992-04-27,0.0
1992-04-28,0.0
1992-04-29,4.1736497e-05
1992-04-30,0.000115791954
1992-05-01,4.2385525e-07
1992-05-02,0.0
1992-05-03,0.0
1992-05-04,0.0
1992-05-05,1.6424391e-06
1992-05-06,1.3192494e-05
1992-05-07,6.287628e-05
1992-05-08,0.0
1992-05-09,0.0
1992-05-10,0.0
1992-05-11,0.0
1992-05-12,3.973643e-08
1992-05-13,0.0
1992-05-14,0.0
1992-05-15,3.1789145e-07
1992-05-16,3.1789145e-07
1992-05-17,5.2981907e-08
1992-05-18,1.748403e-06
1992-05-19,0.0002190007
1992-05-20,0.000119275515
1992-05-21,0.0
1992-05-22,0.0
1992-05-23,0.0
1992-05-24,0.0
1992-05-25,5.2981907e-08
1992-05-26,0.0
1992-05-27,0.0
1992-05-28,0.0
1992-05-29,0.0
1992-05-30,0.0
1992-05-31,0.0
1992-06-01,1.1656019e-06
1992-06-02,0.0
1992-06-03,0.0
1992-06-04,0.0
1992-06-05,0.0
1992-06-06,0.0
1992-06-07,0.0
1992-06-08,3.0464597e-07
1992-06-09,0.0
1992-06-10,0.0
1992-06-11,1.2980568e-06
1992-06-12,0.00012460019
1992-06-13,6.0041744e-05
1992-06-14,6.213453e-05
1992-06-15,0.0005052884
1992-06-16,0.0
1992-06-17,4.3855773e-05
1992-06-18,0.00016970104
1992-06-19,3.2186508e-06
1992-06-20,3.0994415e-06
1992-06-21,0.0
1992-06-22,2.3312039e-06
1992-06-23,2.9934778e-05
1992-06-24,6.6161156e-05
1992-06-25,6.755193e-07
1992-06-26,4.503462e-07
1992-06-27,0.0
1992-06-28,1.0993746e-06
1992-06-29,0.00094078644
1992-06-30,0.00068782433
1992-07-01,2.8477775e-06
1992-07-02,6.6227386e-08
1992-07-03,2.1192764e-06
1992-07-04,4.2531225e-05
1992-07-05,1.1576547e-05
1992-07-06,7.947286e-08
1992-07-07,0.0
1992-07-08,0.0
1992-07-09,0.0
1992-07-10,0.0
1992-07-11,5.2981907e-08
1992-07-12,2.7020772e-06
1992-07-13,2.6490953e-08
1992-07-14,0.0
1992-07-15,7.947286e-08
1992-07-16,2.1192763e-07
1992-07-17,2.1788808e-05
1992-07-18,0.0
1992-07-19,0.0
1992-07-20,1.05963814e-07
1992-07-21,0.0
1992-07-22,2.9404957e-06
1992-07-23,0.0
1992-07-24,0.0
1992-07-25,0.0
1992-07-26,3.1789145e-07
1992-07-27,0.0
1992-07-28,0.0
1992-07-29,0.0
1992-07-30,0.0
1992-07-31,0.0
1992-08-01,0.0
1992-08-02,0.0
1992-08-03,0.0
1992-08-04,0.0
1992-08-05,0.0
1992-08-06,0.0
1992-08-07,0.0
1992-08-08,9.669197e-07
1992-08-09,0.0
1992-08-10,0.0
1992-08-11,0.0
1992-08-12,1.9338395e-06
1992-08-13,0.0
1992-08-14,0.0
1992-08-15,0.0
1992-08-16,0.0
1992-08-17,0.0
1992-08-18,0.0
1992-08-19,0.0
1992-08-20,0.0
1992-08-21,1.0066562e-06
1992-08-22,0.0
1992-08-23,0.0
1992-08-24,0.0
1992-08-25,0.0
1992-08-26,0.0
1992-08-27,0.0
1992-08-28,0.0
1992-08-29,3.2054054e-06
1992-08-30,2.014637e-05
1992-08-31,4.2319298e-05
1992-09-01,1.8013848e-06
1992-09-02,1.9113222e-05
1992-09-03,2.2119946e-06
1992-09-04,6.0929193e-07
1992-09-05,0.0
1992-09-06,0.0
1992-09-07,0.0
1992-09-08,0.0
1992-09-09,0.0
1992-09-10,0.0
1992-09-11,1.3245477e-07
1992-09-12,0.0
1992-09-13,0.0
1992-09-14,0.0
1992-09-15,0.0
1992-09-16,0.0
1992-09-17,1.5576681e-05
1992-09-18,0.0
1992-09-19,0.0
1992-09-20,0.0
1992-09-21,0.0
1992-09-22,0.0
1992-09-23,0.0
1992-09-24,2.22524e-06
1992-09-25,0.0
1992-09-26,0.0
1992-09-27,0.0
1992-09-28,0.0
1992-09-29,0.0
1992-09-30,0.0
1992-10-01,0.0006707112
1992-10-02,0.00022776921
1992-10-03,2.3841858e-07
1992-10-04,0.0
1992-10-05,0.0
1992-10-06,0.0
1992-10-07,0.0
1992-10-08,0.0
1992-10-09,0.0
1992-10-10,0.0
1992-10-11,0.0
1992-10-12,0.0
1992-10-13,0.0
1992-10-14,0.0
1992-10-15,0.0
1992-10-16,0.0
1992-10-17,0.0
1992-10-18,0.0
1992-10-19,0.0
1992-10-20,0.00030022196
1992-10-21,0.0011263423
1992-10-22,0.0
1992-10-23,0.0
1992-10-24,0.0
1992-10-25,0.0
1992-10-26,2.3285547e-05
1992-10-27,1.1603038e-05
1992-10-28,0.0011115074
1992-10-29,0.0018725792
1992-10-30,0.0014006032
1992-10-31,0.0004976458
1992-11-01,0.00069055293
1992-11-02,0.00010381805
1992-11-03,0.0
1992-11-04,0.0
1992-11-05,0.0
1992-11-06,0.0
1992-11-07,1.09805005e-05
1992-11-08,2.6490953e-08
1992-11-09,2.6490954e-07
1992-11-10,0.0
1992-11-11,0.0
1992-11-12,0.0
1992-11-13,0.0
1992-11-14,0.0
1992-11-15,0.0
1992-11-16,0.00015878677
1992-11-17,2.6755863e-06
1992-11-18,2.6490953e-08
1992-11-19,0.00022096104
1992-11-20,1.4570024e-07
1992-11-21,9.0294416e-05
1992-11-22,0.00036038292
1992-11-23,2.6490953e-08
1992-11-24,3.0226178e-05
1992-11-25,1.7139646e-05
1992-11-26,7.5234307e-06
1992-11-27,7.992321e-05
1992-11-28,1.4570024e-07
1992-11-29,0.0
1992-11-30,0.0
1992-12-01,5.695555e-07
1992-12-02,0.0005224016
1992-12-03,1.9470851e-06
1992-12-04,0.0
1992-12-05,6.6227386e-08
1992-12-06,0.0013957819
1992-12-07,0.0009180705
1992-12-08,0.0021191835
1992-12-09,0.0012903081
1992-12-10,0.0018313461
1992-12-11,0.00065965124
1992-12-12,6.764465e-05
1992-12-13,0.0
1992-12-14,0.0
1992-12-15,9.271834e-08
1992-12-16,1.0463926e-06
1992-12-17,0.0006430282
1992-12-18,6.0929193e-07
1992-12-19,1.66893e-06
1992-12-20,0.0003913641
1992-12-21,9.380447e-05
1992-12-22,1.9868214e-07
1992-12-23,0.0
1992-12-24,0.0
1992-12-25,0.0
1992-12-26,3.6557515e-06
1992-12-27,0.00019187397
1992-12-28,0.0017318726
1992-12-29,0.0009501245
1992-12-30,0.00067290996
1992-12-31,0.0026694403
1993-01-01,0.0008712874
1993-01-02,1.1258655e-06
1993-01-03,0.0
1993-01-04,0.00019178126
1993-01-05,0.00029272505
1993-01-06,0.00026014115
1993-01-07,0.0012025833
1993-01-08,0.000373284
1993-01-09,0.0005793439
1993-01-10,0.00044487583
1993-01-11,0.0001824167
1993-01-12,3.86503e-05
1993-01-13,0.0011261967
1993-01-14,0.0016249418
1993-01-15,0.00037491322
1993-01-16,0.00067434047
1993-01-17,1.3947487e-05
1993-01-18,0.00018390019
1993-01-19,0.00051116943
1993-01-20,0.0034280485
1993-01-21,0.0012798177
1993-01-22,0.00041235817
1993-01-23,1.5894572e-07
1993-01-24,5.2981907e-08
1993-01-25,0.0
1993-01-26,0.0
1993-01-27,0.0
1993-01-28,0.0
1993-01-29,0.0
1993-01-30,0.0
1993-01-31,0.0
1993-02-01,0.0
1993-02-02,0.0
1993-02-03,2.0000669e-05
1993-02-04,0.0
1993-02-05,0.00028754605
1993-02-06,1.5762118e-05
1993-02-07,6.198883e-06
1993-02-08,0.00089674524
1993-02-09,0.00056081347
1993-02-10,0.00034868717
1993-02-11,0.0012823873
1993-02-12,8.7592336e-05
1993-02-13,0.0
1993-02-14,0.0
1993-02-15,2.3245811e-05
1993-02-16,4.2531225e-05
1993-02-17,0.0011692313
1993-02-18,0.0008711815
1993-02-19,0.0013782316
1993-02-20,0.0011776818
1993-02-21,0.0004902151
1993-02-22,0.00044650503
1993-02-23,0.00080932514
1993-02-24,0.000107632746
1993-02-25,5.3048134e-05
1993-02-26,3.0464597e-07
1993-02-27,0.0
1993-02-28,0.0
1993-03-01,3.6438305e-05
1993-03-02,6.302198e-05
1993-03-03,0.00041129853
1993-03-04,7.947286e-08
1993-03-05,0.0
1993-03-06,0.0
1993-03-07,0.0
1993-03-08,1.3245477e-07
1993-03-09,5.5233636e-06
1993-03-10,0.00012348758
1993-03-11,5.5631e-07
1993-03-12,0.0
1993-03-13,8.43207e-05
1993-03-14,0.00066186325
1993-03-15,0.00049428147
1993-03-16,0.00079870224
1993-03-17,0.0021014875
1993-03-18,0.0004006889
1993-03-19,1.8941032e-06
1993-03-20,7.179048e-06
1993-03-21,0.0
1993-03-22,0.0
1993-03-23,0.0015970734
1993-03-24,0.0010541148
1993-03-25,3.0332141e-05
1993-03-26,4.3458407e-05
1993-03-27,0.00032850768
1993-03-28,1.3444159e-06
1993-03-29,5.0995086e-06
1993-03-30,3.794829e-05
1993-03-31,0.00015440251
1993-04-01,0.00084600184
1993-04-02,1.3192494e-05
1993-04-03,0.00014016364
1993-04-04,0.0008166366
1993-04-05,8.0797406e-07
1993-04-06,4.2120614e-06
1993-04-07,2.6490953e-08
1993-04-08,0.00060065585
1993-04-09,0.00024685595
1993-04-10,0.00018343661
1993-04-11,6.6227386e-08
1993-04-12,0.0
1993-04-13,2.3444493e-06
1993-04-14,3.7087335e-07
1993-04-15,0.00016356839
1993-04-16,2.9418203e-05
1993-04-17,0.0018987921
1993-04-18,0.00023240513
1993-04-19,0.0
1993-04-20,1.5099844e-06
1993-04-21,4.1617288e-05
1993-04-22,5.3114363e-06
1993-04-23,0.0005774763
1993-04-24,0.00019690726
1993-04-25,7.1658025e-05
1993-04-26,7.894304e-06
1993-04-27,0.0
1993-04-28,0.0
1993-04-29,0.0
1993-04-30,0.0
1993-05-01,8.477105e-07
1993-05-02,6.622738e-07
1993-05-03,0.00071631535
1993-05-04,8.397632e-06
1993-05-05,2.9802322e-06
1993-05-06,7.422765e-05
1993-05-07,1.5894572e-07
1993-05-08,2.6490953e-08
1993-05-09,0.0
1993-05-10,6.927384e-06
1993-05-11,9.801653e-07
1993-05-12,0.00014950169
1993-05-13,5.8783426e-05
1993-05-14,0.0
1993-05-15,0.0
1993-05-16,0.0
1993-05-17,1.05963814e-07
1993-05-18,0.0
1993-05-19,0.00018514527
1993-05-20,0.0002240075
1993-05-21,2.3166338e-05
1993-05-22,0.0
1993-05-23,0.0
1993-05-24,9.960599e-06
1993-05-25,0.000579132
1993-05-26,0.0004482137
1993-05-27,0.0006268687
1993-05-28,0.00031363964
1993-05-29,6.2386193e-06
1993-05-30,0.0004906919
1993-05-31,0.0022428168
1993-06-01,0.00045167076
1993-06-02,1.8106566e-05
1993-06-03,7.960532e-06
1993-06-04,0.0014168819
1993-06-05,0.0003786882
1993-06-06,0.00012670623
1993-06-07,0.00014755462
1993-06-08,0.0
1993-06-09,5.033281e-07
1993-06-10,1.5894572e-07
1993-06-11,1.3245477e-07
1993-06-12,0.0
1993-06-13,0.0
1993-06-14,1.6331673e-05
1993-06-15,0.0
1993-06-16,0.0
1993-06-17,0.0
1993-06-18,0.0
1993-06-19,0.0
1993-06-20,0.0
1993-06-21,1.3245477e-07
1993-06-22,0.0
1993-06-23,0.0
1993-06-24,0.0
1993-06-25,0.0
1993-06-26,0.0
1993-06-27,0.0
1993-06-28,2.6490953e-08
1993-06-29,0.0
1993-06-30,0.0
1993-07-01,0.0
1993-07-02,0.0
1993-07-03,0.0
1993-07-04,0.0
1993-07-05,0.0
1993-07-06,0.0
1993-07-07,0.0
1993-07-08,0.0
1993-07-09,0.0
1993-07-10,0.0
1993-07-11,0.0
1993-07-12,0.0
1993-07-13,0.0
1993-07-14,1.1656019e-06
1993-07-15,7.947286e-08
1993-07-16,8.742015e-07
1993-07-17,0.0
1993-07-18,0.0
1993-07-19,3.7087334e-06
1993-07-20,0.0
1993-07-21,0.0
1993-07-22,2.1987491e-06
1993-07-23,6.0929193e-07
1993-07-24,0.0
1993-07-25,0.0
1993-07-26,0.0
1993-07-27,0.0
1993-07-28,0.0
1993-07-29,2.6490953e-08
1993-07-30,0.0
1993-07-31,0.0
1993-08-01,0.0
1993-08-02,0.0
1993-08-03,0.0
1993-08-04,0.0
1993-08-05,1.5894572e-07
1993-08-06,0.0
1993-08-07,1.2225575e-05
1993-08-08,3.1789145e-07
1993-08-09,0.0
1993-08-10,0.0
1993-08-11,2.5696225e-05
1993-08-12,1.4570024e-07
1993-08-13,2.6490953e-08
1993-08-14,3.1656689e-06
1993-08-15,0.00083037216
1993-08-16,5.1524903e-06
1993-08-17,0.0
1993-08-18,0.0
1993-08-19,5.5180655e-05
1993-08-20,2.377563e-05
1993-08-21,0.0
1993-08-22,0.0
1993-08-23,0.0
1993-08-24,0.0
1993-08-25,0.0
1993-08-26,0.0
1993-08-27,0.0
1993-08-28,0.0
1993-08-29,3.2318962e-06
1993-08-30,2.0927853e-06
1993-08-31,3.0332142e-06
1993-09-01,0.0
1993-09-02,0.0
1993-09-03,0.0
1993-09-04,0.0
1993-09-05,0.0
1993-09-06,1.3245476e-06
1993-09-07,0.0
1993-09-08,0.0
1993-09-09,0.0
1993-09-10,0.0
1993-09-11,0.0
1993-09-12,0.0
1993-09-13,0.0
1993-09-14,0.0
1993-09-15,7.0465935e-06
1993-09-16,1.888805e-05
1993-09-17,1.5762118e-05
1993-09-18,0.0
1993-09-19,0.0
1993-09-20,0.0
1993-09-21,2.6490953e-08
1993-09-22,4.7683716e-07
1993-09-23,0.0
1993-09-24,0.0
1993-09-25,0.0
1993-09-26,0.0
1993-09-27,0.0
1993-09-28,0.0
1993-09-29,0.0
1993-09-30,0.0
1993-10-01,0.0
1993-10-02,0.0
1993-10-03,0.0
1993-10-04,5.6809848e-05
1993-10-05,0.00014124977
1993-10-06,6.561809e-05
1993-10-07,0.0
1993-10-08,0.0
1993-10-09,3.0755997e-05
1993-10-10,0.00041639805
1993-10-11,0.000417961
1993-10-12,6.096893e-05
1993-10-13,1.8583403e-05
1993-10-14,0.0004394584
1993-10-15,0.0010695854
1993-10-16,0.00075338944
1993-10-17,0.0
1993-10-18,0.0
1993-10-19,0.0
1993-10-20,0.0
1993-10-21,0.0
1993-10-22,0.0
1993-10-23,0.0
1993-10-24,0.0
1993-10-25,0.0
1993-10-26,0.0
1993-10-27,0.0
1993-10-28,0.0
1993-10-29,0.0
1993-10-30,0.0
1993-10-31,0.0
1993-11-01,0.0
1993-11-02,0.0
1993-11-03,0.0
1993-11-04,0.0
1993-11-05,0.0
1993-11-06,0.0
1993-11-07,0.0
1993-11-08,0.0
1993-11-09,0.0
1993-11-10,0.00012177891
1993-11-11,5.408128e-05
1993-11-12,4.4941902e-05
1993-11-13,3.7087335e-07
1993-11-14,0.0
1993-11-15,0.0
1993-11-16,0.0
1993-11-17,0.0
1993-11-18,1.2463994e-05
1993-11-19,0.0
1993-11-20,0.0
1993-11-21,0.0
1993-11-22,8.71155e-05
1993-11-23,1.7219119e-07
1993-11-24,0.0
1993-11-25,0.0
1993-11-26,2.6490953e-08
1993-11-27,5.2981907e-08
1993-11-28,0.00023265679
1993-11-29,0.0016406378
1993-11-30,1.1404355e-05
1993-12-01,5.1458675e-05
1993-12-02,3.9339066e-06
1993-12-03,0.0
1993-12-04,3.951126e-05
1993-12-05,0.0
1993-12-06,0.0001367463
1993-12-07,0.0012465848
1993-12-08,0.0027410453
1993-12-09,0.00040577518
1993-12-10,0.0006810162
1993-12-11,0.0016304255
1993-12-12,8.636051e-06
1993-12-13,0.0001313554
1993-12-14,0.0016017623
1993-12-15,2.7418137e-06
1993-12-16,0.0
1993-12-17,0.0
1993-12-18,0.0
1993-12-19,0.0
1993-12-20,0.0
1993-12-21,0.0
1993-12-22,0.0
1993-12-23,0.0
1993-12-24,0.0
1993-12-25,0.0
1993-12-26,3.2848782e-06
1993-12-27,2.0225843e-05
1993-12-28,0.0
1993-12-29,0.0
1993-12-30,7.610851e-05
1993-12-31,4.1604042e-05
1994-01-01,0.00039317872
1994-01-02,0.00012873279
1994-01-03,5.9604645e-07
1994-01-04,0.0005359385
1994-01-05,0.00016649564
1994-01-06,5.2981907e-08
1994-01-07,0.0
1994-01-08,0.00020505322
1994-01-09,8.145968e-05
1994-01-10,0.0
1994-01-11,1.1788475e-06
1994-01-12,0.0
1994-01-13,0.0
1994-01-14,0.0
1994-01-15,0.0
1994-01-16,0.0
1994-01-17,0.0
1994-01-18,0.0
1994-01-19,0.0
1994-01-20,0.0
1994-01-21,0.00017384689
1994-01-22,0.00016250875
1994-01-23,0.0022922887
1994-01-24,0.0017672512
1994-01-25,0.00046992302
1994-01-26,1.4556779e-05
1994-01-27,2.1192763e-07
1994-01-28,0.0
1994-01-29,0.0
1994-01-30,0.0
1994-01-31,0.0
1994-02-01,0.0
1994-02-02,0.0
1994-02-03,0.0
1994-02-04,0.0
1994-02-05,0.0
1994-02-06,0.0007636547
1994-02-07,0.0010569096
1994-02-08,0.00022684204
1994-02-09,0.0
1994-02-10,0.0006359286
1994-02-11,3.3511055e-06
1994-02-12,0.0
1994-02-13,0.0
1994-02-14,1.9470851e-06
1994-02-15,3.5630333e-06
1994-02-16,8.106232e-06
1994-02-17,0.002108309
1994-02-18,0.000606868
1994-02-19,0.0008330345
1994-02-20,0.0005935298
1994-02-21,0.00073900487
1994-02-22,1.2901094e-05
1994-02-23,3.973643e-08
1994-02-24,8.477105e-07
1994-02-25,2.7947955e-05
1994-02-26,0.00056080025
1994-02-27,0.0004558828
1994-02-28,9.271834e-08
1994-03-01,0.0
1994-03-02,7.947286e-08
1994-03-03,3.695488e-06
1994-03-04,6.0002008e-06
1994-03-05,0.0006225374
1994-03-06,1.748403e-06
1994-03-07,0.0
1994-03-08,0.0
1994-03-09,2.8212864e-06
1994-03-10,0.00046932697
1994-03-11,1.0742082e-05
1994-03-12,0.0
1994-03-13,0.0
1994-03-14,0.0
1994-03-15,2.6490953e-08
1994-03-16,0.00069030124
1994-03-17,8.013513e-06
1994-03-18,4.140536e-05
1994-03-19,2.9537412e-05
1994-03-20,0.0
1994-03-21,5.349848e-05
1994-03-22,0.0001048247
1994-03-23,2.9974513e-05
1994-03-24,5.185604e-05
1994-03-25,6.2121285e-06
1994-03-26,0.0
1994-03-27,0.0
1994-03-28,9.4042883e-07
1994-03-29,1.4967388e-06
1994-03-30,7.0783826e-05
1994-03-31,0.0
1994-04-01,0.0
1994-04-02,5.112754e-06
1994-04-03,4.053116e-06
1994-04-04,0.0
1994-04-05,1.4331606e-05
1994-04-06,0.0001758337
1994-04-07,4.6888986e-06
1994-04-08,0.00052559376
1994-04-09,0.00043201447
1994-04-10,0.0
1994-04-11,0.0
1994-04-12,0.0
1994-04-13,0.0
1994-04-14,0.0
1994-04-15,0.0
1994-04-16,2.6490953e-08
1994-04-17,0.0
1994-04-18,2.529886e-06
1994-04-19,1.05963814e-07
1994-04-20,0.0
1994-04-21,9.801653e-06
1994-04-22,6.055832e-05
1994-04-23,0.00031912327
1994-04-24,0.00034847524
1994-04-25,0.0012974209
1994-04-26,2.831883e-05
1994-04-27,1.8411213e-06
1994-04-28,0.0
1994-04-29,8.967188e-06
1994-04-30,5.3339536e-05
1994-05-01,3.973643e-07
1994-05-02,2.6490953e-08
1994-05-03,4.425314e-05
1994-05-04,0.00029701658
1994-05-05,0.0005251567
1994-05-06,0.0010064708
1994-05-07,0.00041255687
1994-05-08,7.735358e-06
1994-05-09,2.2040473e-05
1994-05-10,0.0
1994-05-11,5.1259995e-06
1994-05-12,6.622738e-07
1994-05-13,0.0
1994-05-14,0.0
1994-05-15,0.0001502037
1994-05-16,8.751286e-05
1994-05-17,0.00013146136
1994-05-18,8.1155034e-05
1994-05-19,0.00025558472
1994-05-20,3.7206544e-05
1994-05-21,0.00010212263
1994-05-22,0.0
1994-05-23,0.0
1994-05-24,0.0
1994-05-25,2.1855037e-06
1994-05-26,1.3245477e-08
1994-05-27,8.477105e-07
1994-05-28,0.0
1994-05-29,0.0
1994-05-30,0.0
1994-05-31,2.8570494e-05
1994-06-01,1.0371208e-05
1994-06-02,0.0
1994-06-03,0.0
1994-06-04,0.0
1994-06-05,1.4570024e-05
1994-06-06,0.0001357529
1994-06-07,0.0
1994-06-08,0.0
1994-06-09,0.0
1994-06-10,0.0
1994-06-11,0.0
1994-06-12,0.0
1994-06-13,0.0
1994-06-14,0.0
1994-06-15,0.0
1994-06-16,0.0
1994-06-17,0.0
1994-06-18,0.0
1994-06-19,0.0
1994-06-20,0.0
1994-06-21,0.0
1994-06-22,0.0
1994-06-23,0.0
1994-06-24,0.0
1994-06-25,0.0
1994-06-26,0.0
1994-06-27,0.0
1994-06-28,0.0
1994-06-29,0.0
1994-06-30,0.0
1994-07-01,0.0
1994-07-02,0.0
1994-07-03,0.0
1994-07-04,0.0
1994-07-05,0.0
1994-07-06,0.0
1994-07-07,0.0
1994-07-08,0.0
1994-07-09,0.0
1994-07-10,0.0
1994-07-11,0.0
1994-07-12,0.0
1994-07-13,0.0
1994-07-14,0.0
1994-07-15,0.0
1994-07-16,9.271834e-08
1994-07-17,0.0
1994-07-18,0.0
1994-07-19,0.0
1994-07-20,1.1920929e-06
1994-07-21,4.7683716e-07
1994-07-22,9.006924e-06
1994-07-23,0.0
1994-07-24,0.0
1994-07-25,0.0
1994-07-26,0.0
1994-07-27,0.0
1994-07-28,0.0
1994-07-29,0.0
1994-07-30,0.0
1994-07-31,0.0
1994-08-01,0.0
1994-08-02,0.0
1994-08-03,0.0
1994-08-04,0.0
1994-08-05,0.0
1994-08-06,0.0
1994-08-07,0.0
1994-08-08,0.0
1994-08-09,0.0
1994-08-10,0.0
1994-08-11,0.0
1994-08-12,0.0
1994-08-13,0.0
1994-08-14,0.0
1994-08-15,0.0
1994-08-16,0.0
1994-08-17,0.0
1994-08-18,0.0
1994-08-19,0.0
1994-08-20,0.0
1994-08-21,0.0
1994-08-22,0.0
1994-08-23,0.0
1994-08-24,0.0
1994-08-25,0.0
1994-08-26,0.0
1994-08-27,0.0
1994-08-28,0.0
1994-08-29,0.0
1994-08-30,0.0
1994-08-31,1.6159481e-06
1994-09-01,0.0
1994-09-02,1.8305249e-05
1994-09-03,0.0
1994-09-04,0.0
1994-09-05,0.0
1994-09-06,0.0
1994-09-07,0.0
1994-09-08,0.0
1994-09-09,7.6823767e-07
1994-09-10,6.8876477e-07
1994-09-11,1.62522e-05
1994-09-12,2.0133125e-06
1994-09-13,0.0
1994-09-14,0.0
1994-09-15,0.0
1994-09-16,0.0
1994-09-17,0.0
1994-09-18,2.6490953e-08
1994-09-19,0.0
1994-09-20,0.0
1994-09-21,0.0
1994-09-22,0.0
1994-09-23,0.0
1994-09-24,2.7020772e-06
1994-09-25,0.0
1994-09-26,0.0
1994-09-27,0.0
1994-09-28,5.3193835e-05
1994-09-29,0.00032683215
1994-09-30,0.0
1994-10-01,0.0
1994-10-02,0.0
1994-10-03,0.0
1994-10-04,0.00011306339
1994-10-05,3.8411883e-07
1994-10-06,0.0
1994-10-07,0.0
1994-10-08,0.0
1994-10-09,0.0
1994-10-10,5.059772e-06
1994-10-11,0.0
1994-10-12,2.9961268e-05
1994-10-13,0.0
1994-10-14,3.973643e-07
1994-10-15,2.3841858e-07
1994-10-16,0.0
1994-10-17,0.0
1994-10-18,0.0
1994-10-19,0.0
1994-10-20,0.0
1994-10-21,0.0
1994-10-22,0.0
1994-10-23,0.0
1994-10-24,0.0
1994-10-25,0.0
1994-10-26,1.8808577e-06
1994-10-27,3.8570826e-05
1994-10-28,4.119343e-05
1994-10-29,0.0
1994-10-30,0.0
1994-10-31,0.0
1994-11-01,0.00021209981
1994-11-02,1.3775295e-06
1994-11-03,0.0
1994-11-04,0.00022221936
1994-11-05,0.0011709532
1994-11-06,0.00060015253
1994-11-07,3.1656689e-06
1994-11-08,1.531177e-05
1994-11-09,0.0020106237
1994-11-10,0.00037153563
1994-11-11,0.0
1994-11-12,0.00014562077
1994-11-13,0.0
1994-11-14,0.0
1994-11-15,0.0006849368
1994-11-16,0.00016363461
1994-11-17,0.00026142597
1994-11-18,1.8543667e-06
1994-11-19,0.0
1994-11-20,3.3590528e-05
1994-11-21,3.7882064e-06
1994-11-22,0.0
1994-11-23,0.0
1994-11-24,0.00025012757
1994-11-25,0.0010085106
1994-11-26,5.8346326e-05
1994-11-27,0.0001774364
1994-11-28,2.0649699e-05
1994-11-29,0.0
1994-11-30,4.000134e-06
1994-12-01,0.00030548044
1994-12-02,0.00027406216
1994-12-03,0.0011628601
1994-12-04,0.000345548
1994-12-05,8.838707e-05
1994-12-06,0.0004115767
1994-12-07,0.00010704994
1994-12-08,0.0
1994-12-09,0.0
1994-12-10,6.7684387e-06
1994-12-11,0.0005535682
1994-12-12,0.0010213057
1994-12-13,0.00019387405
1994-12-14,0.0009717147
1994-12-15,0.00012808376
1994-12-16,0.00064049824
1994-12-17,6.622738e-05
1994-12-18,0.00035697885
1994-12-19,3.9603974e-06
1994-12-20,0.0
1994-12-21,0.0
1994-12-22,0.0
1994-12-23,0.0
1994-12-24,0.0009441376
1994-12-25,1.9868214e-07
1994-12-26,7.947286e-08
1994-12-27,3.809399e-05
1994-12-28,0.0010524326
1994-12-29,0.0
1994-12-30,0.0
1994-12-31,5.033281e-07
1995-01-01,8.636051e-05
1995-01-02,4.092852e-06
1995-01-03,0.00031387806
1995-01-04,0.0006340742
1995-01-05,0.00027432706
1995-01-06,0.000763403
1995-01-07,0.002481169
1995-01-08,0.003983352
1995-01-09,0.0050316253
1995-01-10,0.0033226013
1995-01-11,0.0016627974
1995-01-12,0.0017138985
1995-01-13,0.0025003222
1995-01-14,0.0017494229
1995-01-15,0.0006909503
1995-01-16,0.00022758378
1995-01-17,1.5576681e-05
1995-01-18,8.601612e-05
1995-01-19,1.2225575e-05
1995-01-20,2.6490953e-08
1995-01-21,0.00015648206
1995-01-22,0.0008693271
1995-01-23,0.0011502107
1995-01-24,0.0006601281
1995-01-25,0.00027883053
1995-01-26,0.00076818466
1995-01-27,0.0006353193
1995-01-28,0.0008807447
1995-01-29,0.00029701658
1995-01-30,0.0005845494
1995-01-31,0.0008380943
1995-02-01,0.0009088516
1995-02-02,9.934107e-07
1995-02-03,0.0
1995-02-04,0.0
1995-02-05,0.0
1995-02-06,0.0
1995-02-07,0.0
1995-02-08,0.0009103484
1995-02-09,0.0
1995-02-10,0.0
1995-02-11,1.5894572e-07
1995-02-12,0.00042800108
1995-02-13,0.00079052977
1995-02-14,2.4769042e-06
1995-02-15,0.0
1995-02-16,0.0
1995-02-17,2.5471052e-05
1995-02-18,2.0040407e-05
1995-02-19,0.0
1995-02-20,0.0
1995-02-21,0.0
1995-02-22,0.0
1995-02-23,0.0
1995-02-24,0.0
1995-02-25,4.503462e-07
1995-02-26,6.7949295e-06
1995-02-27,0.0
1995-02-28,5.510118e-06
1995-03-01,0.00024420687
1995-03-02,0.001549032
1995-03-03,0.0016012059
1995-03-04,0.00015152825
1995-03-05,0.000100692116
1995-03-06,0.0
1995-03-07,0.0
1995-03-08,0.0009837283
1995-03-09,0.004083978
1995-03-10,0.0018515984
1995-03-11,0.001315011
1995-03-12,0.00043786896
1995-03-13,0.0011813641
1995-03-14,0.002464162
1995-03-15,0.00014213721
1995-03-16,0.0
1995-03-17,8.980433e-06
1995-03-18,0.00061836507
1995-03-19,0.00014328957
1995-03-20,0.0016175376
1995-03-21,0.00089711614
1995-03-22,0.0017703109
1995-03-23,0.00071603723
1995-03-24,6.0386126e-05
1995-03-25,0.0
1995-03-26,0.0
1995-03-27,0.0
1995-03-28,0.0
1995-03-29,0.0
1995-03-30,0.0
1995-03-31,1.2848112e-06
1995-04-01,0.00012220276
1995-04-02,0.0
1995-04-03,0.0
1995-04-04,7.6823767e-07
1995-04-05,0.0003562636
1995-04-06,0.0018295447
1995-04-07,0.0014386707
1995-04-08,0.00050156645
1995-04-09,4.7683716e-07
1995-04-10,0.0
1995-04-11,1.3245477e-07
1995-04-12,0.0002748569
1995-04-13,0.0014816126
1995-04-14,6.225374e-07
1995-04-15,5.7975452e-05
1995-04-16,8.503596e-06
1995-04-17,2.1484164e-05
1995-04-18,0.00029418204
1995-04-19,0.0
1995-04-20,0.00036778714
1995-04-21,0.0
1995-04-22,0.0
1995-04-23,0.0
1995-04-24,0.0
1995-04-25,0.0
1995-04-26,5.3776635e-06
1995-04-27,0.00087277096
1995-04-28,0.00064232614
1995-04-29,0.0011901458
1995-04-30,1.2172593e-05
1995-05-01,0.0017200046
1995-05-02,7.141961e-05
1995-05-03,6.9008934e-06
1995-05-04,0.00027991665
1995-05-05,0.00021504032
1995-05-06,2.2119946e-06
1995-05-07,0.0
1995-05-08,9.36985e-05
1995-05-09,6.796254e-05
1995-05-10,2.2384856e-06
1995-05-11,9.915564e-05
1995-05-12,0.00031430193
1995-05-13,0.00028488372
1995-05-14,1.7616483e-05
1995-05-15,0.00030411614
1995-05-16,0.0001291169
1995-05-17,7.828076e-06
1995-05-18,7.205539e-06
1995-05-19,2.9537414e-06
1995-05-20,0.0
1995-05-21,0.0
1995-05-22,7.722113e-06
1995-05-23,2.1709337e-05
1995-05-24,6.720755e-05
1995-05-25,1.0066562e-06
1995-05-26,0.0
1995-05-27,3.9365557e-05
1995-05-28,0.0
1995-05-29,4.053116e-06
1995-05-30,2.1192763e-07
1995-05-31,7.947286e-08
1995-06-01,8.649296e-06
1995-06-02,2.7961201e-05
1995-06-03,0.0
1995-06-04,6.5366425e-05
1995-06-05,3.9074157e-06
1995-06-06,5.589591e-06
1995-06-07,2.0451016e-05
1995-06-08,0.0
1995-06-09,0.0
1995-06-10,0.0
1995-06-11,2.3126602e-05
1995-06-12,0.0
1995-06-13,0.0
1995-06-14,0.0008800692
1995-06-15,0.0008388625
1995-06-16,0.0002473328
1995-06-17,0.00021904045
1995-06-18,0.00038525794
1995-06-19,1.9378132e-05
1995-06-20,1.8808577e-06
1995-06-21,0.0
1995-06-22,5.2981907e-08
1995-06-23,2.6490953e-08
1995-06-24,2.9140048e-07
1995-06-25,9.8148985e-06
1995-06-26,2.2649765e-06
1995-06-27,7.1525574e-07
1995-06-28,0.0
1995-06-29,2.0398033e-06
1995-06-30,1.5894572e-07
1995-07-01,2.2874938e-05
1995-07-02,0.0
1995-07-03,0.0
1995-07-04,0.0
1995-07-05,1.05963814e-07
1995-07-06,1.4305115e-06
1995-07-07,0.0
1995-07-08,2.1192762e-05
1995-07-09,0.00011448065
1995-07-10,1.3245477e-07
1995-07-11,0.0
1995-07-12,4.5604174e-05
1995-07-13,0.0
1995-07-14,0.0
1995-07-15,0.0
1995-07-16,1.11262e-06
1995-07-17,2.9140048e-07
1995-07-18,8.24266e-05
1995-07-19,1.3245477e-07
1995-07-20,0.0
1995-07-21,0.0
1995-07-22,0.0
1995-07-23,0.0
1995-07-24,0.0
1995-07-25,0.0
1995-07-26,0.0
1995-07-27,0.0
1995-07-28,0.0
1995-07-29,3.2186508e-06
1995-07-30,0.0
1995-07-31,0.0
1995-08-01,0.0
1995-08-02,0.0
1995-08-03,0.0
1995-08-04,0.0
1995-08-05,0.0
1995-08-06,0.0
1995-08-07,4.503462e-07
1995-08-08,0.0
1995-08-09,0.0
1995-08-10,2.3841858e-07
1995-08-11,0.0
1995-08-12,0.0
1995-08-13,0.0
1995-08-14,0.0
1995-08-15,0.0
1995-08-16,1.3377932e-06
1995-08-17,0.0
1995-08-18,0.0
1995-08-19,0.0
1995-08-20,0.0
1995-08-21,0.0
1995-08-22,0.0
1995-08-23,0.0
1995-08-24,0.0
1995-08-25,0.0
1995-08-26,0.0
1995-08-27,0.0
1995-08-28,0.0
1995-08-29,0.0
1995-08-30,0.0
1995-08-31,0.0
1995-09-01,0.0
1995-09-02,0.0
1995-09-03,0.0
1995-09-04,0.0
1995-09-05,0.0
1995-09-06,0.0
1995-09-07,0.0
1995-09-08,0.0
1995-09-09,0.0
1995-09-10,0.0
1995-09-11,0.0
1995-09-12,0.0
1995-09-13,0.0
1995-09-14,0.0
1995-09-15,0.0
1995-09-16,4.8743354e-06
1995-09-17,0.0
1995-09-18,0.0
1995-09-19,0.0
1995-09-20,0.0
1995-09-21,0.0
1995-09-22,0.0
1995-09-23,0.0
1995-09-24,0.0
1995-09-25,1.5497208e-06
1995-09-26,3.1789145e-07
1995-09-27,3.6160152e-06
1995-09-28,4.2994816e-05
1995-09-29,0.0
1995-09-30,0.0
1995-10-01,0.0
1995-10-02,0.0
1995-10-03,0.0
1995-10-04,0.0
1995-10-05,0.0
1995-10-06,0.0
1995-10-07,0.0
1995-10-08,0.0
1995-10-09,0.0
1995-10-10,0.0
1995-10-11,4.1206677e-05
1995-10-12,3.7087335e-07
1995-10-13,0.0
1995-10-14,0.0
1995-10-15,0.0
1995-10-16,0.0
1995-10-17,0.0
1995-10-18,0.0
1995-10-19,0.0
1995-10-20,0.0
1995-10-21,0.0
1995-10-22,0.0
1995-10-23,5.298191e-07
1995-10-24,0.0
1995-10-25,0.0
1995-10-26,3.0517578e-05
1995-10-27,0.0
1995-10-28,0.0
1995-10-29,0.0
1995-10-30,0.0
1995-10-31,0.0
1995-11-01,9.271834e-08
1995-11-02,0.0
1995-11-03,0.0
1995-11-04,0.0
1995-11-05,2.5166406e-07
1995-11-06,0.0
1995-11-07,0.0
1995-11-08,9.444025e-06
1995-11-09,4.3339198e-05
1995-11-10,0.0
1995-11-11,1.5629662e-06
1995-11-12,5.218718e-06
1995-11-13,0.0
1995-11-14,0.0
1995-11-15,0.0
1995-11-16,5.695555e-07
1995-11-17,0.0
1995-11-18,5.4862765e-05
1995-11-19,0.0
1995-11-20,0.0
1995-11-21,1.6437636e-05
1995-11-22,6.7949295e-06
1995-11-23,0.0
1995-11-24,0.0
1995-11-25,0.00024444528
1995-11-26,1.9245677e-05
1995-11-27,6.7949295e-06
1995-11-28,4.6359168e-07
1995-11-29,0.0
1995-11-30,4.014704e-05
1995-12-01,0.0010066429
1995-12-02,1.2358029e-05
1995-12-03,0.00018771489
1995-12-04,0.0008313523
1995-12-05,0.000823458
1995-12-06,0.00022856395
1995-12-07,0.00032209026
1995-12-08,8.185704e-06
1995-12-09,6.225374e-07
1995-12-10,0.0008456442
1995-12-11,0.0026711887
1995-12-12,0.005411201
1995-12-13,0.0013554759
1995-12-14,0.00030814277
1995-12-15,0.0021138059
1995-12-16,1.0993746e-06
1995-12-17,0.0
1995-12-18,1.3139513e-05
1995-12-19,1.3245477e-08
1995-12-20,1.9868214e-07
1995-12-21,0.0
1995-12-22,3.784233e-05
1995-12-23,1.8543668e-07
1995-12-24,0.0
1995-12-25,0.0
1995-12-26,0.0
1995-12-27,0.00017420451
1995-12-28,0.00015555488
1995-12-29,0.0011633635
1995-12-30,0.00076568127
1995-12-31,0.00018359555
1996-01-01,0.0
1996-01-02,0.0
1996-01-03,4.014704e-05
1996-01-04,5.0796403e-05
1996-01-05,0.000102082886
1996-01-06,5.2981907e-08
1996-01-07,0.0
1996-01-08,2.9140048e-07
1996-01-09,0.00054229633
1996-01-10,3.973643e-08
1996-01-11,0.0
1996-01-12,0.0
1996-01-13,0.0
1996-01-14,0.0
1996-01-15,0.0010305113
1996-01-16,0.002263215
1996-01-17,1.920594e-06
1996-01-18,0.0011545685
1996-01-19,0.0001832909
1996-01-20,0.0009346538
1996-01-21,0.00050577853
1996-01-22,7.016129e-05
1996-01-23,0.00044535266
1996-01-24,0.0017155939
1996-01-25,5.0293074e-05
1996-01-26,9.8903976e-05
1996-01-27,0.0023443566
1996-01-28,1.1404355e-05
1996-01-29,0.0003057056
1996-01-30,0.0003342496
1996-01-31,0.000107593005
1996-02-01,0.0
1996-02-02,8.919504e-05
1996-02-03,0.00010316902
1996-02-04,0.002348688
1996-02-05,0.0015116135
1996-02-06,0.0001765622
1996-02-07,5.5273373e-05
1996-02-08,4.9538085e-06
1996-02-09,3.33786e-06
1996-02-10,5.2716996e-06
1996-02-11,0.0
1996-02-12,0.0
1996-02-13,0.0
1996-02-14,0.0
1996-02-15,0.0
1996-02-16,0.0006510284
1996-02-17,0.0017717811
1996-02-18,0.0012181732
1996-02-19,0.0019968615
1996-02-20,0.0015655756
1996-02-21,0.0017902454
1996-02-22,5.8200625e-05
1996-02-23,0.0002035035
1996-02-24,0.0003125138
1996-02-25,1.8146303e-06
1996-02-26,2.78155e-07
1996-02-27,0.0001858208
1996-02-28,0.0011277994
1996-02-29,0.0016147428
1996-03-01,2.9934777e-06
1996-03-02,0.0
1996-03-03,0.00017368793
1996-03-04,0.00148703
1996-03-05,0.0003849268
1996-03-06,0.0
1996-03-07,3.2557382e-05
1996-03-08,1.5894572e-07
1996-03-09,0.0
1996-03-10,0.00047886372
1996-03-11,0.001342853
1996-03-12,0.0002570417
1996-03-13,1.1920929e-07
1996-03-14,0.0
1996-03-15,0.0
1996-03-16,0.0
1996-03-17,0.0
1996-03-18,0.0
1996-03-19,0.0
1996-03-20,2.6755863e-06
1996-03-21,1.920594e-06
1996-03-22,3.412697e-05
1996-03-23,3.8279427e-06
1996-03-24,0.0
1996-03-25,7.953909e-05
1996-03-26,0.0
1996-03-27,0.00044080947
1996-03-28,0.00043847825
1996-03-29,0.0
1996-03-30,1.695421e-06
1996-03-31,2.1908018e-05
1996-04-01,0.001942118
1996-04-02,0.00020537112
1996-04-03,4.6041278e-05
1996-04-04,0.0
1996-04-05,0.0
1996-04-06,0.0
1996-04-07,0.0
1996-04-08,4.6359168e-07
1996-04-09,0.00010332796
1996-04-10,3.1868618e-05
1996-04-11,2.9246012e-05
1996-04-12,4.3736563e-05
1996-04-13,0.0
1996-04-14,0.0
1996-04-15,0.000109910965
1996-04-16,0.0008745723
1996-04-17,0.00033771992
1996-04-18,0.00032762685
1996-04-19,0.0003296137
1996-04-20,3.7286016e-05
1996-04-21,0.00010897053
1996-04-22,0.00018571483
1996-04-23,7.367134e-05
1996-04-24,0.000594404
1996-04-25,0.0
1996-04-26,0.0
1996-04-27,0.0
1996-04-28,0.0
1996-04-29,0.0
1996-04-30,0.0
1996-05-01,0.0
1996-05-02,0.0
1996-05-03,0.0
1996-05-04,0.0
1996-05-05,0.0
1996-05-06,0.0
1996-05-07,0.0
1996-05-08,3.973643e-08
1996-05-09,0.0
1996-05-10,0.0
1996-05-11,0.0
1996-05-12,0.0
1996-05-13,1.0940764e-05
1996-05-14,0.00017098586
1996-05-15,0.0005920331
1996-05-16,0.0012530221
1996-05-17,0.0012215773
1996-05-18,0.0017022954
1996-05-19,3.074275e-05
1996-05-20,0.0
1996-05-21,0.00075181323
1996-05-22,0.00020440419
1996-05-23,3.311369e-07
1996-05-24,0.0
1996-05-25,0.0
1996-05-26,4.107422e-05
1996-05-27,0.00061167614
1996-05-28,2.2119946e-06
1996-05-29,5.192227e-06
1996-05-30,4.9008264e-07
1996-05-31,0.0
1996-06-01,0.0
1996-06-02,0.0
1996-06-03,0.0
1996-06-04,0.0
1996-06-05,0.0
1996-06-06,0.0
1996-06-07,0.0
1996-06-08,0.0
1996-06-09,0.0
1996-06-10,0.0
1996-06-11,0.0
1996-06-12,0.0
1996-06-13,1.05963814e-07
1996-06-14,0.0
1996-06-15,5.2981907e-08
1996-06-16,0.0
1996-06-17,0.0
1996-06-18,0.0
1996-06-19,0.0
1996-06-20,4.30478e-06
1996-06-21,2.4371677e-06
1996-06-22,0.0
1996-06-23,6.8876477e-07
1996-06-24,2.0689435e-05
1996-06-25,4.655785e-05
1996-06-26,4.4001474e-05
1996-06-27,6.6916145e-05
1996-06-28,7.947286e-08
1996-06-29,0.0
1996-06-30,0.0
1996-07-01,0.0
1996-07-02,0.0
1996-07-03,0.0
1996-07-04,0.0
1996-07-05,0.0
1996-07-06,0.0
1996-07-07,0.0
1996-07-08,0.0
1996-07-09,0.0
1996-07-10,0.0
1996-07-11,0.0
1996-07-12,0.0
1996-07-13,1.3245477e-07
1996-07-14,4.529953e-06
1996-07-15,5.1140785e-05
1996-07-16,5.947219e-06
1996-07-17,1.0199017e-06
1996-07-18,1.0808309e-05
1996-07-19,0.0
1996-07-20,0.0
1996-07-21,0.0
1996-07-22,0.0
1996-07-23,0.0
1996-07-24,0.0
1996-07-25,0.0
1996-07-26,0.0
1996-07-27,0.0
1996-07-28,3.7617152e-05
1996-07-29,1.751052e-05
1996-07-30,1.8543668e-07
1996-07-31,0.0
1996-08-01,0.0
1996-08-02,0.0
1996-08-03,0.0
1996-08-04,0.0
1996-08-05,0.0
1996-08-06,0.0
1996-08-07,0.0
1996-08-08,0.0
1996-08-09,0.0
1996-08-10,0.0
1996-08-11,0.0
1996-08-12,7.285012e-07
1996-08-13,8.185705e-05
1996-08-14,5.2981907e-08
1996-08-15,0.0
1996-08-16,0.0
1996-08-17,0.0
1996-08-18,0.0
1996-08-19,7.947286e-08
1996-08-20,0.0
1996-08-21,0.0
1996-08-22,0.0
1996-08-23,0.0
1996-08-24,2.3841858e-07
1996-08-25,0.0
1996-08-26,2.6490953e-08
1996-08-27,0.0
1996-08-28,0.0
1996-08-29,0.0
1996-08-30,0.0
1996-08-31,0.0
1996-09-01,0.0
1996-09-02,0.0
1996-09-03,0.0
1996-09-04,0.0
1996-09-05,0.0
1996-09-06,0.0
1996-09-07,0.0
1996-09-08,0.0
1996-09-09,0.0
1996-09-10,0.0
1996-09-11,0.0
1996-09-12,4.198816e-06
1996-09-13,0.00017103885
1996-09-14,2.7285682e-06
1996-09-15,0.0005846421
1996-09-16,2.1192763e-07
1996-09-17,0.0
1996-09-18,0.0
1996-09-19,0.0
1996-09-20,0.0
1996-09-21,0.0
1996-09-22,0.0
1996-09-23,0.0
1996-09-24,0.0
1996-09-25,0.0
1996-09-26,0.0
1996-09-27,0.0
1996-09-28,0.0
1996-09-29,0.0
1996-09-30,0.0
1996-10-01,0.0
1996-10-02,0.0
1996-10-03,0.0
1996-10-04,0.0
1996-10-05,0.0
1996-10-06,0.0
1996-10-07,0.0
1996-10-08,0.0
1996-10-09,0.0
1996-10-10,0.0
1996-10-11,8.000268e-06
1996-10-12,1.8013848e-06
1996-10-13,2.0967589e-05
1996-10-14,0.0
1996-10-15,0.0
1996-10-16,0.0
1996-10-17,0.0
1996-10-18,0.00024278958
1996-10-19,2.4901496e-05
1996-10-20,0.0
1996-10-21,0.0
1996-10-22,1.4609761e-05
1996-10-23,8.477105e-07
1996-10-24,0.00036047565
1996-10-25,0.00013007058
1996-10-26,2.1192763e-07
1996-10-27,0.0
1996-10-28,0.0
1996-10-29,0.0016233656
1996-10-30,8.424123e-06
1996-10-31,7.947286e-07
1996-11-01,0.0
1996-11-02,0.0
1996-11-03,0.0
1996-11-04,0.000109910965
1996-11-05,0.0
1996-11-06,0.0
1996-11-07,0.0
1996-11-08,0.0
1996-11-09,0.0
1996-11-10,0.0
1996-11-11,0.0
1996-11-12,1.8278757e-06
1996-11-13,1.8543668e-07
1996-11-14,2.251731e-07
1996-11-15,2.3206076e-05
1996-11-16,0.00019649665
1996-11-17,0.0010408825
1996-11-18,0.0023856296
1996-11-19,0.002333098
1996-11-20,0.00069679157
1996-11-21,0.000480228
1996-11-22,0.0024516184
1996-11-23,2.6490953e-08
1996-11-24,0.000120162964
1996-11-25,8.05325e-06
1996-11-26,0.0
1996-11-27,0.0
1996-11-28,5.0081147e-05
1996-11-29,1.3245477e-07
1996-11-30,6.914139e-06
1996-12-01,0.00030042065
1996-12-02,9.271834e-08
1996-12-03,1.3245477e-05
1996-12-04,0.0009188785
1996-12-05,0.0016531018
1996-12-06,0.0003932582
1996-12-07,0.001100315
1996-12-08,0.0011546744
1996-12-09,0.0016612344
1996-12-10,0.0019905965
1996-12-11,0.00081606704
1996-12-12,0.00025267072
1996-12-13,0.00064651173
1996-12-14,0.0
1996-12-15,0.0
1996-12-16,0.0
1996-12-17,0.0
1996-12-18,0.0
1996-12-19,0.0
1996-12-20,0.00042772293
1996-12-21,0.000630286
1996-12-22,0.0009827481
1996-12-23,0.0004247427
1996-12-24,6.172392e-06
1996-12-25,6.026692e-06
1996-12-26,0.0013073815
1996-12-27,0.0014539295
1996-12-28,0.0013071431
1996-12-29,0.0029558341
1996-12-30,0.0025921399
1996-12-31,0.0031691657
1997-01-01,0.0035832855
1997-01-02,0.0013581249
1997-01-03,0.00041243766
1997-01-04,0.0
1997-01-05,1.7219119e-07
1997-01-06,0.0
1997-01-07,0.0
1997-01-08,0.0
1997-01-09,0.0
1997-01-10,0.0
1997-01-11,0.0
1997-01-12,7.0068572e-06
1997-01-13,0.0
1997-01-14,0.0
1997-01-15,2.790822e-05
1997-01-16,3.5590594e-05
1997-01-17,0.00017646949
1997-01-18,0.0
1997-01-19,6.6227384e-09
1997-01-20,0.00044331286
1997-01-21,0.0011421177
1997-01-22,0.0014871226
1997-01-23,1.8146303e-06
1997-01-24,4.9882467e-05
1997-01-25,0.0025396347
1997-01-26,0.0021893845
1997-01-27,0.00031171905
1997-01-28,0.0007280376
1997-01-29,1.3245477e-08
1997-01-30,0.0
1997-01-31,0.00022306707
1997-02-01,9.5804535e-05
1997-02-02,0.0
1997-02-03,1.7748939e-06
1997-02-04,0.0002499024
1997-02-05,0.0
1997-02-06,0.0
1997-02-07,0.00014742215
1997-02-08,1.0993746e-06
1997-02-09,0.000101036494
1997-02-10,8.1830556e-05
1997-02-11,0.0
1997-02-12,9.828143e-06
1997-02-13,0.0
1997-02-14,0.0
1997-02-15,0.0
1997-02-16,0.0
1997-02-17,0.00060196716
1997-02-18,0.0
1997-02-19,0.0001446936
1997-02-20,0.0
1997-02-21,1.2026892e-05
1997-02-22,0.0
1997-02-23,0.0
1997-02-24,0.0
1997-02-25,0.0
1997-02-26,1.3245477e-08
1997-02-27,3.0557316e-05
1997-02-28,3.5762787e-07
1997-03-01,3.4835602e-06
1997-03-02,0.0013581647
1997-03-03,0.00011048052
1997-03-04,0.0
1997-03-05,0.0
1997-03-06,7.881059e-06
1997-03-07,0.0
1997-03-08,7.947286e-08
1997-03-09,0.0
1997-03-10,0.0
1997-03-11,0.0
1997-03-12,2.6490953e-08
1997-03-13,0.0
1997-03-14,0.0
1997-03-15,8.013513e-06
1997-03-16,0.0005884303
1997-03-17,0.00063269667
1997-03-18,1.3245477e-07
1997-03-19,0.0
1997-03-20,0.00012675922
1997-03-21,3.3113693e-06
1997-03-22,5.298191e-07
1997-03-23,2.6490953e-08
1997-03-24,0.0
1997-03-25,0.0
1997-03-26,2.0662944e-06
1997-03-27,0.0
1997-03-28,1.0596382e-06
1997-03-29,0.0
1997-03-30,5.923377e-05
1997-03-31,3.045135e-05
1997-04-01,2.1192763e-07
1997-04-02,0.0
1997-04-03,0.0
1997-04-04,0.0
1997-04-05,0.0
1997-04-06,3.8014518e-06
1997-04-07,2.7219454e-05
1997-04-08,4.3988228e-05
1997-04-09,1.0901027e-05
1997-04-10,7.947286e-08
1997-04-11,0.0
1997-04-12,0.0
1997-04-13,4.781617e-06
1997-04-14,9.351306e-06
1997-04-15,1.7219119e-07
1997-04-16,3.7219788e-06
1997-04-17,3.390842e-05
1997-04-18,0.00062930584
1997-04-19,0.00055370067
1997-04-20,0.00040553676
1997-04-21,0.000119805336
1997-04-22,4.2094125e-05
1997-04-23,0.00036899248
1997-04-24,2.6490953e-08
1997-04-25,0.0
1997-04-26,0.0
1997-04-27,1.6159481e-06
1997-04-28,2.102057e-05
1997-04-29,9.4042883e-07
1997-04-30,1.9934443e-05
1997-05-01,0.0
1997-05-02,0.0
1997-05-03,5.098184e-05
1997-05-04,0.0
1997-05-05,0.0
1997-05-06,0.0
1997-05-07,0.0
1997-05-08,0.0
1997-05-09,0.0
1997-05-10,3.973643e-08
1997-05-11,8.477105e-07
1997-05-12,0.0
1997-05-13,4.132589e-06
1997-05-14,1.8543668e-07
1997-05-15,0.0
1997-05-16,2.7921466e-05
1997-05-17,7.947286e-08
1997-05-18,0.0
1997-05-19,0.0
1997-05-20,0.0
1997-05-21,0.0
1997-05-22,0.0
1997-05-23,0.00046500895
1997-05-24,5.8174133e-05
1997-05-25,0.0
1997-05-26,1.417266e-06
1997-05-27,1.443757e-05
1997-05-28,2.7418137e-05
1997-05-29,6.357829e-07
1997-05-30,0.0
1997-05-31,1.14838285e-05
1997-06-01,3.74847e-06
1997-06-02,0.0
1997-06-03,0.0005098979
1997-06-04,0.00094715756
1997-06-05,8.424123e-06
1997-06-06,0.0
1997-06-07,3.6319096e-05
1997-06-08,1.0066562e-06
1997-06-09,0.00020954345
1997-06-10,0.00020851029
1997-06-11,0.00012866656
1997-06-12,9.682443e-06
1997-06-13,2.9140048e-07
1997-06-14,0.0
1997-06-15,7.947286e-08
1997-06-16,0.0
1997-06-17,0.0
1997-06-18,0.0
1997-06-19,0.0
1997-06-20,0.0
1997-06-21,0.0
1997-06-22,0.0
1997-06-23,0.0
1997-06-24,0.0
1997-06-25,0.0
1997-06-26,0.0
1997-06-27,0.0
1997-06-28,2.1206008e-05
1997-06-29,5.2054725e-06
1997-06-30,0.00083421334
1997-07-01,9.4042883e-07
1997-07-02,6.11941e-06
1997-07-03,0.0
1997-07-04,0.0
1997-07-05,0.0
1997-07-06,0.0
1997-07-07,0.0
1997-07-08,0.0
1997-07-09,2.430545e-05
1997-07-10,0.0
1997-07-11,0.0
1997-07-12,0.0
1997-07-13,0.0
1997-07-14,0.0
1997-07-15,0.0
1997-07-16,0.0
1997-07-17,1.8941032e-06
1997-07-18,0.0
1997-07-19,0.0
1997-07-20,0.0
1997-07-21,0.0
1997-07-22,0.0
1997-07-23,0.0
1997-07-24,2.6226044e-06
1997-07-25,0.0
1997-07-26,2.1192763e-07
1997-07-27,0.0
1997-07-28,0.0
1997-07-29,1.2119611e-05
1997-07-30,6.053183e-06
1997-07-31,0.0
1997-08-01,0.0
1997-08-02,0.0
1997-08-03,0.0
1997-08-04,0.0
1997-08-05,0.0
1997-08-06,0.0
1997-08-07,0.0
1997-08-08,0.0
1997-08-09,5.7485368e-06
1997-08-10,1.4887915e-05
1997-08-11,4.1060977e-07
1997-08-12,0.0
1997-08-13,0.0
1997-08-14,0.0
1997-08-15,0.0
1997-08-16,0.0
1997-08-17,0.0
1997-08-18,0.0
1997-08-19,0.0
1997-08-20,0.001243896
1997-08-21,5.9604645e-07
1997-08-22,0.0
1997-08-23,4.1060977e-07
1997-08-24,0.0006145239
1997-08-25,0.0
1997-08-26,4.675653e-06
1997-08-27,1.223882e-05
1997-08-28,0.0
1997-08-29,0.0
1997-08-30,0.0
1997-08-31,7.947286e-08
1997-09-01,0.0
1997-09-02,3.390842e-05
1997-09-03,4.1590797e-06
1997-09-04,0.0
1997-09-05,1.66893e-06
1997-09-06,0.0
1997-09-07,0.0
1997-09-08,0.0
1997-09-09,8.985731e-05
1997-09-10,4.6624077e-06
1997-09-11,1.0106299e-05
1997-09-12,1.05963814e-07
1997-09-13,1.0596382e-06
1997-09-14,0.0011641847
1997-09-15,0.00020342403
1997-09-16,0.0
1997-09-17,0.00014893214
1997-09-18,9.271834e-08
1997-09-19,2.6490953e-08
1997-09-20,0.0
1997-09-21,0.0
1997-09-22,0.0
1997-09-23,0.0
1997-09-24,1.9868214e-06
1997-09-25,0.0
1997-09-26,3.2186508e-06
1997-09-27,0.0
1997-09-28,0.0
1997-09-29,0.0
1997-09-30,0.0
1997-10-01,0.0
1997-10-02,0.00081063644
1997-10-03,2.9140048e-07
1997-10-04,3.8411883e-07
1997-10-05,0.0
1997-10-06,4.8187045e-05
1997-10-07,8.34465e-07
1997-10-08,0.0009681781
1997-10-09,0.0015299717
1997-10-10,8.773804e-05
1997-10-11,3.7087335e-07
1997-10-12,0.0
1997-10-13,0.0
1997-10-14,0.0
1997-10-15,0.0
1997-10-16,0.0
1997-10-17,0.0
1997-10-18,0.0
1997-10-19,0.0
1997-10-20,0.0
1997-10-21,0.0
1997-10-22,0.0
1997-10-23,8.106232e-06
1997-10-24,0.0
1997-10-25,0.0
1997-10-26,0.0
1997-10-27,0.0
1997-10-28,0.0
1997-10-29,0.00012000402
1997-10-30,0.00012759368
1997-10-31,0.00011560652
1997-11-01,1.3245477e-08
1997-11-02,0.0
1997-11-03,0.0
1997-11-04,0.0
1997-11-05,0.0
1997-11-06,0.00036128363
1997-11-07,0.0006438229
1997-11-08,1.5364753e-06
1997-11-09,3.0464597e-07
1997-11-10,0.00018805928
1997-11-11,0.0003807015
1997-11-12,9.4042883e-07
1997-11-13,0.00044837262
1997-11-14,0.00035627684
1997-11-15,0.0005258057
1997-11-16,0.001063135
1997-11-17,0.00059135753
1997-11-18,9.187063e-05
1997-11-19,0.0013728009
1997-11-20,9.353956e-05
1997-11-21,9.854634e-06
1997-11-22,2.1802054e-05
1997-11-23,0.0006316106
1997-11-24,0.00125183
1997-11-25,0.0003570583
1997-11-26,0.0013080306
1997-11-27,0.0002506044
1997-11-28,6.993612e-06
1997-11-29,0.00024873682
1997-11-30,0.0006978379
1997-12-01,0.0
1997-12-02,0.0
1997-12-03,4.4372347e-05
1997-12-04,8.793672e-05
1997-12-05,0.000119169556
1997-12-06,3.0729505e-05
1997-12-07,0.0015307798
1997-12-08,0.0002922217
1997-12-09,1.3245477e-07
1997-12-10,0.0
1997-12-11,0.0
1997-12-12,0.0
1997-12-13,0.0
1997-12-14,0.0013389853
1997-12-15,0.00031982528
1997-12-16,0.00028766526
1997-12-17,0.0006714662
1997-12-18,9.059906e-05
1997-12-19,0.0
1997-12-20,4.638566e-05
1997-12-21,3.20673e-05
1997-12-22,0.0
1997-12-23,2.6490953e-08
1997-12-24,2.7947956e-06
1997-12-25,0.0
1997-12-26,0.0
1997-12-27,0.0
1997-12-28,0.0
1997-12-29,0.0
1997-12-30,0.0
1997-12-31,0.0
1998-01-01,7.6664815e-05
1998-01-02,0.0014909903
1998-01-03,0.0012396044
1998-01-04,0.0011750725
1998-01-05,6.492933e-05
1998-01-06,0.000571635
1998-01-07,0.00020978187
1998-01-08,2.3974312e-06
1998-01-09,9.241369e-05
1998-01-10,0.0005020433
1998-01-11,0.0015422901
1998-01-12,0.0015296009
1998-01-13,0.00031754706
1998-01-14,0.0012371407
1998-01-15,0.0010209613
1998-01-16,0.001037942
1998-01-17,0.0012597375
1998-01-18,0.0014963283
1998-01-19,0.00056436326
1998-01-20,0.0003699329
1998-01-21,6.662475e-06
1998-01-22,0.00020542409
1998-01-23,0.00050009624
1998-01-24,0.00046874417
1998-01-25,0.00015277333
1998-01-26,0.0019399193
1998-01-27,0.00081536506
1998-01-28,4.5630666e-05
1998-01-29,0.0019035207
1998-01-30,0.00023316013
1998-01-31,0.0003529787
1998-02-01,0.0010251733
1998-02-02,0.0012975401
1998-02-03,0.002952695
1998-02-04,0.00056835014
1998-02-05,0.0012614992
1998-02-06,0.0025521251
1998-02-07,0.0013658471
1998-02-08,0.0009782314
1998-02-09,6.64658e-05
1998-02-10,0.0005399651
1998-02-11,0.000467062
1998-02-12,0.0008178022
1998-02-13,0.0003306336
1998-02-14,0.0017571715
1998-02-15,9.645356e-05
1998-02-16,0.0003606081
1998-02-17,0.0006619294
1998-02-18,0.00012701088
1998-02-19,0.0020808247
1998-02-20,0.00031459332
1998-02-21,0.002078414
1998-02-22,0.00042863688
1998-02-23,0.0010211997
1998-02-24,0.0002086295
1998-02-25,1.2980567e-05
1998-02-26,6.092919e-06
1998-02-27,2.1351709e-05
1998-02-28,1.8278757e-06
1998-03-01,5.318059e-05
1998-03-02,0.0003091097
1998-03-03,7.681052e-05
1998-03-04,5.2981907e-08
1998-03-05,0.00015699863
1998-03-06,4.8478443e-05
1998-03-07,2.6490952e-06
1998-03-08,0.0004201995
1998-03-09,0.0
1998-03-10,1.5894572e-07
1998-03-11,6.490284e-07
1998-03-12,0.0001675023
1998-03-13,0.0005783902
1998-03-14,0.0
1998-03-15,3.0464596e-06
1998-03-16,0.00010955334
1998-03-17,0.0
1998-03-18,0.0
1998-03-19,0.0
1998-03-20,1.2715658e-06
1998-03-21,0.00027136007
1998-03-22,0.0021547477
1998-03-23,0.0016646518
1998-03-24,0.0005409188
1998-03-25,0.00037418472
1998-03-26,2.9140049e-06
1998-03-27,5.7313177e-05
1998-03-28,8.0651706e-05
1998-03-29,7.417467e-07
1998-03-30,0.0
1998-03-31,0.00055946247
1998-04-01,5.080965e-05
1998-04-02,0.00051507686
1998-04-03,0.00032520294
1998-04-04,0.00018084049
1998-04-05,8.261204e-05
1998-04-06,0.00031133494
1998-04-07,0.00028038025
1998-04-08,0.00016877387
1998-04-09,0.00044029288
1998-04-10,0.0008130736
1998-04-11,0.00014734268
1998-04-12,0.00010189745
1998-04-13,0.00056592625
1998-04-14,6.728702e-05
1998-04-15,6.6094926e-06
1998-04-16,0.0
1998-04-17,0.0
1998-04-18,0.0
1998-04-19,0.0
1998-04-20,0.0
1998-04-21,0.0
1998-04-22,4.6888986e-06
1998-04-23,0.00074662105
1998-04-24,0.0003301435
1998-04-25,0.0
1998-04-26,0.0
1998-04-27,0.0
1998-04-28,0.0
1998-04-29,2.000067e-06
1998-04-30,3.504753e-05
1998-05-01,0.00015442901
1998-05-02,0.00041884847
1998-05-03,0.00013029575
1998-05-04,0.00042994818
1998-05-05,0.00010151333
1998-05-06,8.773804e-05
1998-05-07,0.000106692314
1998-05-08,0.00041162968
1998-05-09,0.00018101269
1998-05-10,8.384387e-06
1998-05-11,0.00023583572
1998-05-12,0.0005189843
1998-05-13,7.465151e-05
1998-05-14,0.0002439022
1998-05-15,0.00018284057
1998-05-16,0.00096099905
1998-05-17,7.634693e-05
1998-05-18,0.0
1998-05-19,0.00012216304
1998-05-20,0.00036517778
1998-05-21,2.9418203e-05
1998-05-22,0.0
1998-05-23,8.11153e-05
1998-05-24,0.00050295726
1998-05-25,0.00065676373
1998-05-26,6.432003e-05
1998-05-27,0.00038366846
1998-05-28,0.0013744566
1998-05-29,0.0006579028
1998-05-30,4.4637254e-06
1998-05-31,2.7020772e-06
1998-06-01,1.4808443e-05
1998-06-02,0.00024000804
1998-06-03,0.0002456771
1998-06-04,5.2664014e-05
1998-06-05,1.1907683e-05
1998-06-06,2.4663077e-05
1998-06-07,0.00021494759
1998-06-08,0.000113858114
1998-06-09,1.2715658e-06
1998-06-10,0.00066863163
1998-06-11,8.164512e-05
1998-06-12,0.00026281676
1998-06-13,0.000121063655
1998-06-14,0.0
1998-06-15,0.0
1998-06-16,0.0
1998-06-17,0.0
1998-06-18,0.0
1998-06-19,0.0
1998-06-20,1.3377932e-06
1998-06-21,1.9338395e-06
1998-06-22,3.7166807e-05
1998-06-23,1.1126201e-05
1998-06-24,1.0503663e-05
1998-06-25,0.00017744965
1998-06-26,2.6358498e-06
1998-06-27,0.0
1998-06-28,0.0
1998-06-29,0.0
1998-06-30,2.3841858e-07
1998-07-01,0.0
1998-07-02,7.573763e-05
1998-07-03,2.3841858e-06
1998-07-04,0.0
1998-07-05,0.0
1998-07-06,0.0
1998-07-07,0.0
1998-07-08,0.0
1998-07-09,0.0
1998-07-10,1.1338128e-05
1998-07-11,0.0
1998-07-12,0.0
1998-07-13,0.0
1998-07-14,0.0
1998-07-15,0.0
1998-07-16,0.0
1998-07-17,0.0
1998-07-18,0.0
1998-07-19,0.0
1998-07-20,0.0
1998-07-21,0.0
1998-07-22,4.503462e-07
1998-07-23,3.180239e-05
1998-07-24,7.947286e-07
1998-07-25,7.0201025e-07
1998-07-26,9.536743e-07
1998-07-27,5.2981907e-08
1998-07-28,5.2981907e-08
1998-07-29,0.0
1998-07-30,0.0
1998-07-31,4.0796067e-06
1998-08-01,0.0
1998-08-02,0.0
1998-08-03,0.0
1998-08-04,0.0
1998-08-05,0.0
1998-08-06,0.0
1998-08-07,0.0
1998-08-08,0.0
1998-08-09,0.0
1998-08-10,0.0
1998-08-11,0.0
1998-08-12,0.0
1998-08-13,1.3245477e-07
1998-08-14,3.311369e-07
1998-08-15,0.0
1998-08-16,0.0
1998-08-17,2.0172862e-05
1998-08-18,1.4940898e-05
1998-08-19,0.0
1998-08-20,1.1656019e-06
1998-08-21,0.0
1998-08-22,0.0
1998-08-23,0.0
1998-08-24,0.0
1998-08-25,0.0
1998-08-26,0.0
1998-08-27,0.0
1998-08-28,0.0
1998-08-29,0.0
1998-08-30,0.0
1998-08-31,0.0
1998-09-01,0.0
1998-09-02,0.0
1998-09-03,0.0
1998-09-04,5.695555e-07
1998-09-05,2.6490953e-08
1998-09-06,8.450614e-06
1998-09-07,0.00023082893
1998-09-08,1.1642774e-05
1998-09-09,1.4199151e-05
1998-09-10,1.6556846e-06
1998-09-11,1.05963814e-07
1998-09-12,0.0
1998-09-13,0.0
1998-09-14,0.0
1998-09-15,0.0
1998-09-16,0.0
1998-09-17,0.0
1998-09-18,0.0
1998-09-19,0.0
1998-09-20,0.0
1998-09-21,0.0
1998-09-22,3.7087335e-07
1998-09-23,6.092919e-06
1998-09-24,2.3312039e-06
1998-09-25,8.75526e-05
1998-09-26,0.00017560853
1998-09-27,0.00012746122
1998-09-28,7.947286e-07
1998-09-29,0.0
1998-09-30,0.0
1998-10-01,1.0583136e-05
1998-10-02,0.00010821554
1998-10-03,1.472897e-05
1998-10-04,0.0
1998-10-05,0.0
1998-10-06,0.0
1998-10-07,0.0
1998-10-08,2.1444426e-05
1998-10-09,0.0
1998-10-10,0.0
1998-10-11,0.0
1998-10-12,0.0
1998-10-13,0.00026500225
1998-10-14,0.0
1998-10-15,0.0
1998-10-16,0.0
1998-10-17,0.0
1998-10-18,0.0
1998-10-19,0.0
1998-10-20,0.0
1998-10-21,2.6490953e-08
1998-10-22,0.0
1998-10-23,0.0
1998-10-24,0.0008903742
1998-10-25,7.571114e-05
1998-10-26,0.0
1998-10-27,0.0
1998-10-28,0.00018239021
1998-10-29,0.0
1998-10-30,0.0
1998-10-31,7.141961e-05
1998-11-01,1.9311905e-05
1998-11-02,0.0
1998-11-03,7.8598656e-05
1998-11-04,2.251731e-07
1998-11-05,1.8980769e-05
1998-11-06,0.00013230907
1998-11-07,0.001920422
1998-11-08,0.00019437737
1998-11-09,0.0
1998-11-10,0.0005990134
1998-11-11,0.00011357996
1998-11-12,0.0
1998-11-13,0.0
1998-11-14,0.0
1998-11-15,0.0001319382
1998-11-16,4.9802993e-06
1998-11-17,0.0014591084
1998-11-18,1.3735559e-05
1998-11-19,0.0
1998-11-20,4.102124e-05
1998-11-21,0.0026047495
1998-11-22,0.0007164876
1998-11-23,0.0027834575
1998-11-24,0.00065849884
1998-11-25,0.00022484196
1998-11-26,0.00081564323
1998-11-27,0.00037361516
1998-11-28,6.357829e-07
1998-11-29,0.001318415
1998-11-30,0.002447327
1998-12-01,0.00030752024
1998-12-02,0.0010349088
1998-12-03,0.0009683768
1998-12-04,3.5762787e-07
1998-12-05,0.0003011359
1998-12-06,6.837315e-05
1998-12-07,2.6106834e-05
1998-12-08,0.000107990374
1998-12-09,0.0
1998-12-10,0.0
1998-12-11,6.662475e-06
1998-12-12,1.109971e-05
1998-12-13,0.00013935566
1998-12-14,0.00027896298
1998-12-15,0.0
1998-12-16,0.0
1998-12-17,0.0
1998-12-18,0.0
1998-12-19,3.973643e-08
1998-12-20,0.000131064
1998-12-21,0.0
1998-12-22,1.3245477e-08
1998-12-23,0.0
1998-12-24,0.0
1998-12-25,4.225307e-06
1998-12-26,8.49035e-06
1998-12-27,5.1524903e-06
1998-12-28,8.544657e-05
1998-12-29,0.0
1998-12-30,0.0
1998-12-31,0.00016158157
1999-01-01,0.0
1999-01-02,0.0
1999-01-03,0.0
1999-01-04,0.0
1999-01-05,0.0
1999-01-06,0.0
1999-01-07,0.0
1999-01-08,0.0
1999-01-09,0.0
1999-01-10,0.0
1999-01-11,0.0
1999-01-12,2.6490953e-08
1999-01-13,7.947286e-08
1999-01-14,4.2504733e-05
1999-01-15,0.00061074895
1999-01-16,0.0005880594
1999-01-17,0.0012243191
1999-01-18,0.0011764499
1999-01-19,0.00091132853
1999-01-20,0.0011649264
1999-01-21,0.00019878811
1999-01-22,0.00093236234
1999-01-23,0.0007954703
1999-01-24,3.0318895e-05
1999-01-25,0.0
1999-01-26,0.00026876398
1999-01-27,1.05963814e-07
1999-01-28,0.0
1999-01-29,0.0
1999-01-30,6.6227386e-08
1999-01-31,0.00041847758
1999-02-01,2.8212864e-06
1999-02-02,3.0464597e-07
1999-02-03,0.0
1999-02-04,3.6862162e-05
1999-02-05,1.6159482e-05
1999-02-06,0.0018444724
1999-02-07,0.0020290746
1999-02-08,0.0006230937
1999-02-09,0.0020418433
1999-02-10,7.9737765e-06
1999-02-11,0.0
1999-02-12,0.0
1999-02-13,0.00015687943
1999-02-14,9.947353e-05
1999-02-15,0.0
1999-02-16,0.0014489227
1999-02-17,0.0005982055
1999-02-18,0.00056072074
1999-02-19,7.5499215e-06
1999-02-20,0.00063545175
1999-02-21,0.001118342
1999-02-22,0.00058383413
1999-02-23,0.00040152337
1999-02-24,0.00043286217
1999-02-25,0.000953065
1999-02-26,2.310011e-05
1999-02-27,0.00029604963
1999-02-28,0.0017549462
1999-03-01,5.5657492e-05
1999-03-02,1.3218985e-05
1999-03-03,0.00052334205
1999-03-04,1.417266e-05
1999-03-05,0.0
1999-03-06,1.46759885e-05
1999-03-07,1.0331472e-06
1999-03-08,0.0009465747
1999-03-09,0.0009792116
1999-03-10,2.4676323e-05
1999-03-11,9.271834e-08
1999-03-12,0.0
1999-03-13,7.947286e-08
1999-03-14,0.0003725555
1999-03-15,4.702144e-06
1999-03-16,2.5696224e-06
1999-03-17,0.0001291434
1999-03-18,9.298325e-06
1999-03-19,1.5444226e-05
1999-03-20,0.00053715706
1999-03-21,0.00023043156
1999-03-22,8.326107e-05
1999-03-23,0.00059135753
1999-03-24,0.0012491412
1999-03-25,0.00037780072
1999-03-26,1.9788742e-05
1999-03-27,1.3245477e-07
1999-03-28,2.5166406e-07
1999-03-29,0.00015380647
1999-03-30,0.00033239523
1999-03-31,0.00025722716
1999-04-01,2.3179584e-06
1999-04-02,0.0
1999-04-03,2.0371543e-05
1999-04-04,1.8543668e-07
1999-04-05,0.0005464421
1999-04-06,2.4676323e-05
1999-04-07,4.556444e-06
1999-04-08,0.0009375016
1999-04-09,4.1060975e-06
1999-04-10,0.0005357663
1999-04-11,0.00025879013
1999-04-12,0.0
1999-04-13,0.0
1999-04-14,0.0
1999-04-15,0.0
1999-04-16,0.0
1999-04-17,2.4106766e-06
1999-04-18,7.947286e-08
1999-04-19,8.8744696e-07
1999-04-20,0.0
1999-04-21,1.05963814e-07
1999-04-22,2.172258e-06
1999-04-23,2.6490953e-08
1999-04-24,0.0
1999-04-25,5.4041543e-06
1999-04-26,0.00011115604
1999-04-27,1.1192427e-05
1999-04-28,2.9802322e-06
1999-04-29,0.0
1999-04-30,0.0
1999-05-01,1.9868214e-07
1999-05-02,0.0003454288
1999-05-03,0.0003073083
1999-05-04,2.3841858e-07
1999-05-05,0.0
1999-05-06,2.0398033e-06
1999-05-07,0.0
1999-05-08,0.0
1999-05-09,0.0
1999-05-10,1.3642841e-06
1999-05-11,1.695421e-06
1999-05-12,5.298191e-07
1999-05-13,2.6490953e-08
1999-05-14,1.932515e-05
1999-05-15,0.0
1999-05-16,0.0
1999-05-17,1.4040205e-06
1999-05-18,6.67572e-06
1999-05-19,2.2384856e-06
1999-05-20,1.11262e-06
1999-05-21,0.0
1999-05-22,0.0
1999-05-23,9.2718335e-07
1999-05-24,2.6490953e-08
1999-05-25,0.0
1999-05-26,2.9140048e-07
1999-05-27,0.0
1999-05-28,2.1192763e-07
1999-05-29,7.508861e-05
1999-05-30,0.0
1999-05-31,0.0
1999-06-01,0.0001484553
1999-06-02,0.0006024308
1999-06-03,0.00012690491
1999-06-04,5.9604645e-07
1999-06-05,5.139245e-06
1999-06-06,0.0
1999-06-07,3.7352245e-06
1999-06-08,0.0
1999-06-09,0.0
1999-06-10,0.0
1999-06-11,0.0
1999-06-12,0.0
1999-06-13,0.0
1999-06-14,0.0
1999-06-15,0.0
1999-06-16,0.0
1999-06-17,0.0
1999-06-18,0.0
1999-06-19,0.0
1999-06-20,0.0
1999-06-21,0.0
1999-06-22,0.0
1999-06-23,0.0
1999-06-24,0.0
1999-06-25,0.0
1999-06-26,0.0
1999-06-27,0.0
1999-06-28,0.0
1999-06-29,0.0
1999-06-30,0.0
1999-07-01,0.0
1999-07-02,0.0
1999-07-03,0.0
1999-07-04,2.2914674e-06
1999-07-05,0.0
1999-07-06,0.0
1999-07-07,0.0
1999-07-08,0.0
1999-07-09,0.0
1999-07-10,0.0
1999-07-11,0.0
1999-07-12,0.0
1999-07-13,2.1192763e-07
1999-07-14,0.0
1999-07-15,0.0
1999-07-16,0.0
1999-07-17,0.0
1999-07-18,0.0
1999-07-19,0.0
1999-07-20,1.5894572e-07
1999-07-21,0.0
1999-07-22,0.0
1999-07-23,5.0465264e-06
1999-07-24,0.0
1999-07-25,0.0
1999-07-26,0.0
1999-07-27,0.0
1999-07-28,0.0
1999-07-29,0.0
1999-07-30,0.0
1999-07-31,0.0
1999-08-01,0.0
1999-08-02,0.0
1999-08-03,5.669064e-06
1999-08-04,0.0
1999-08-05,9.271834e-08
1999-08-06,4.5816105e-05
1999-08-07,1.4331606e-05
1999-08-08,1.4834934e-06
1999-08-09,2.5802188e-05
1999-08-10,9.510252e-06
1999-08-11,8.49035e-06
1999-08-12,0.0
1999-08-13,1.1576547e-05
1999-08-14,0.0
1999-08-15,0.0
1999-08-16,0.0
1999-08-17,0.0
1999-08-18,0.0
1999-08-19,0.0
1999-08-20,0.0
1999-08-21,0.0
1999-08-22,7.748604e-06
1999-08-23,4.9034756e-05
1999-08-24,0.0
1999-08-25,0.0
1999-08-26,0.0
1999-08-27,0.0
1999-08-28,1.1920929e-06
1999-08-29,0.0
1999-08-30,4.3670338e-05
1999-08-31,0.0
1999-09-01,1.05963814e-07
1999-09-02,0.0
1999-09-03,0.0
1999-09-04,0.0
1999-09-05,0.0
1999-09-06,0.0
1999-09-07,0.0
1999-09-08,0.0
1999-09-09,3.6027695e-06
1999-09-10,8.847978e-06
1999-09-11,0.0
1999-09-12,0.0
1999-09-13,4.3974983e-06
1999-09-14,0.0
1999-09-15,0.0
1999-09-16,0.0
1999-09-17,0.0
1999-09-18,0.0
1999-09-19,3.4438239e-07
1999-09-20,0.0
1999-09-21,0.0
1999-09-22,0.0
1999-09-23,0.0
1999-09-24,0.0
1999-09-25,0.0
1999-09-26,0.0
1999-09-27,0.0
1999-09-28,0.0
1999-09-29,0.0
1999-09-30,0.0
1999-10-01,0.0
1999-10-02,5.2981907e-08
1999-10-03,0.0
1999-10-04,0.0
1999-10-05,3.973643e-07
1999-10-06,0.00012167295
1999-10-07,0.0
1999-10-08,0.0
1999-10-09,0.0
1999-10-10,0.0
1999-10-11,0.0
1999-10-12,0.0
1999-10-13,0.0
1999-10-14,0.0
1999-10-15,0.0
1999-10-16,0.0
1999-10-17,0.0
1999-10-18,0.0
1999-10-19,0.0
1999-10-20,0.0
1999-10-21,0.0
1999-10-22,0.0
1999-10-23,0.0
1999-10-24,0.0
1999-10-25,0.0
1999-10-26,1.6424391e-06
1999-10-27,0.001092381
1999-10-28,0.0012700823
1999-10-29,0.0
1999-10-30,0.0
1999-10-31,0.0
1999-11-01,0.0
1999-11-02,0.0
1999-11-03,0.0
1999-11-04,1.2185839e-06
1999-11-05,7.90755e-06
1999-11-06,5.2981907e-08
1999-11-07,0.00017431047
1999-11-08,0.001385212
1999-11-09,2.5245878e-05
1999-11-10,0.001425955
1999-11-11,0.0006229745
1999-11-12,2.9537414e-06
1999-11-13,0.0
1999-11-14,0.0
1999-11-15,0.00023647149
1999-11-16,0.0011508862
1999-11-17,0.00024794208
1999-11-18,1.3377932e-06
1999-11-19,0.00089569885
1999-11-20,0.00058299967
1999-11-21,6.0690774e-05
1999-11-22,0.0
1999-11-23,1.8450948e-05
1999-11-24,2.3179584e-06
1999-11-25,0.0
1999-11-26,3.6610498e-05
1999-11-27,0.00014981959
1999-11-28,5.642573e-06
1999-11-29,0.00011705028
1999-11-30,0.0018776788
1999-12-01,0.0004143715
1999-12-02,0.0002893872
1999-12-03,3.973643e-08
1999-12-04,0.0
1999-12-05,2.3841858e-07
1999-12-06,3.0530824e-05
1999-12-07,0.000101036494
1999-12-08,1.2450748e-05
1999-12-09,0.0004908509
1999-12-10,4.3710074e-07
1999-12-11,1.05963814e-07
1999-12-12,1.5377998e-05
1999-12-13,0.00020509296
1999-12-14,2.3841858e-07
1999-12-15,0.0
1999-12-16,0.0
1999-12-17,0.0
1999-12-18,8.34465e-06
1999-12-19,0.0
1999-12-20,0.0
1999-12-21,0.0
1999-12-22,0.0
1999-12-23,0.0
1999-12-24,0.0
1999-12-25,0.0
1999-12-26,0.0
1999-12-27,0.0
1999-12-28,0.0
1999-12-29,0.0
1999-12-30,0.0
1999-12-31,0.0
2000-01-01,7.594956e-05
2000-01-02,4.3339198e-05
2000-01-03,1.4596515e-05
2000-01-04,0.00015922387
2000-01-05,3.9868883e-06
2000-01-06,2.2384856e-06
2000-01-07,5.8280096e-07
2000-01-08,1.0331472e-06
2000-01-09,2.7219454e-05
2000-01-10,0.0005313688
2000-01-11,0.001992994
2000-01-12,4.1776235e-05
2000-01-13,0.00084139244
2000-01-14,0.001171814
2000-01-15,0.0015641848
2000-01-16,0.0015573369
2000-01-17,5.8412552e-05
2000-01-18,0.0006381803
2000-01-19,0.0010056628
2000-01-20,0.00076410506
2000-01-21,0.00041385493
2000-01-22,0.0005369849
2000-01-23,0.0005003214
2000-01-24,0.0013291703
2000-01-25,0.00026342605
2000-01-26,2.2954411e-05
2000-01-27,0.0
2000-01-28,0.0
2000-01-29,0.0
2000-01-30,0.0014085107
2000-01-31,0.00089396373
2000-02-01,0.00021357006
2000-02-02,7.417467e-06
2000-02-03,1.4265378e-05
2000-02-04,0.0004315641
2000-02-05,0.00092604425
2000-02-06,0.0001857943
2000-02-07,0.0
2000-02-08,1.16692645e-05
2000-02-09,0.00025998222
2000-02-10,0.0008737908
2000-02-11,0.0010924869
2000-02-12,0.0013376342
2000-02-13,0.0017062558
2000-02-14,0.0027934974
2000-02-15,0.00029406283
2000-02-16,3.548463e-05
2000-02-17,3.4484598e-05
2000-02-18,0.0
2000-02-19,0.0
2000-02-20,0.00030109618
2000-02-21,0.0007566876
2000-02-22,0.0012332598
2000-02-23,0.00088964566
2000-02-24,0.00024604797
2000-02-25,0.0003872249
2000-02-26,0.0018784073
2000-02-27,0.0014461412
2000-02-28,0.00013407071
2000-02-29,0.0008326239
2000-03-01,0.0
2000-03-02,0.00033599802
2000-03-03,0.0
2000-03-04,0.0002171331
2000-03-05,0.0016105705
2000-03-06,8.434719e-05
2000-03-07,0.0004203452
2000-03-08,0.0006091462
2000-03-09,0.0010910167
2000-03-10,0.00022982227
2000-03-11,0.00032866
2000-03-12,0.0
2000-03-13,7.947286e-08
2000-03-14,2.6358498e-06
2000-03-15,0.0
2000-03-16,0.000105672414
2000-03-17,0.0
2000-03-18,5.947219e-06
2000-03-19,3.098117e-05
2000-03-20,2.9140048e-07
2000-03-21,0.0
2000-03-22,0.0
2000-03-23,0.000115288625
2000-03-24,9.2718335e-07
2000-03-25,2.6490953e-08
2000-03-26,0.0
2000-03-27,4.4928656e-05
2000-03-28,1.7086664e-06
2000-03-29,0.0
2000-03-30,0.0
2000-03-31,0.0
2000-04-01,0.0
2000-04-02,0.0
2000-04-03,0.0
2000-04-04,0.0
2000-04-05,0.0
2000-04-06,0.0
2000-04-07,0.0
2000-04-08,5.6465466e-05
2000-04-09,3.1285817e-05
2000-04-10,0.0
2000-04-11,0.0
2000-04-12,0.0003006988
2000-04-13,0.0010348029
2000-04-14,0.00028445985
2000-04-15,0.00029644702
2000-04-16,0.00086571113
2000-04-17,0.0011812845
2000-04-18,0.0004854997
2000-04-19,6.3180923e-06
2000-04-20,1.1364619e-05
2000-04-21,3.33786e-06
2000-04-22,0.0001723104
2000-04-23,5.376339e-05
2000-04-24,0.0
2000-04-25,1.3510386e-06
2000-04-26,0.0
2000-04-27,1.6040272e-05
2000-04-28,1.238452e-05
2000-04-29,0.0
2000-04-30,0.0
2000-05-01,2.5431316e-06
2000-05-02,1.8292003e-05
2000-05-03,4.0398704e-06
2000-05-04,2.529886e-06
2000-05-05,1.2583203e-06
2000-05-06,1.0808309e-05
2000-05-07,0.00043454434
2000-05-08,0.00034136244
2000-05-09,8.736717e-05
2000-05-10,5.8862897e-05
2000-05-11,1.0914273e-05
2000-05-12,5.2981907e-08
2000-05-13,6.8744025e-06
2000-05-14,0.00020852353
2000-05-15,0.00055678684
2000-05-16,2.904733e-05
2000-05-17,2.0927853e-06
2000-05-18,0.0
2000-05-19,0.0
2000-05-20,0.0
2000-05-21,0.0
2000-05-22,0.0
2000-05-23,0.0
2000-05-24,3.0729507e-06
2000-05-25,0.0
2000-05-26,0.0
2000-05-27,1.9603306e-06
2000-05-28,0.0
2000-05-29,0.0
2000-05-30,0.0
2000-05-31,0.0
2000-06-01,0.0
2000-06-02,0.0
2000-06-03,0.0
2000-06-04,0.0
2000-06-05,0.0
2000-06-06,0.0
2000-06-07,6.914139e-06
2000-06-08,0.00044564405
2000-06-09,3.8173464e-05
2000-06-10,5.2981907e-08
2000-06-11,7.947286e-08
2000-06-12,1.3245477e-08
2000-06-13,0.0
2000-06-14,0.0
2000-06-15,0.0
2000-06-16,0.0
2000-06-17,0.0
2000-06-18,3.4438239e-07
2000-06-19,0.0
2000-06-20,0.0
2000-06-21,1.3245477e-08
2000-06-22,0.0
2000-06-23,0.0
2000-06-24,0.0
2000-06-25,0.0
2000-06-26,0.0
2000-06-27,0.0
2000-06-28,0.0
2000-06-29,0.0
2000-06-30,1.8543668e-07
2000-07-01,8.2121954e-07
2000-07-02,5.7088005e-06
2000-07-03,5.8809915e-06
2000-07-04,7.947286e-08
2000-07-05,0.00021763642
2000-07-06,2.808041e-06
2000-07-07,3.642506e-06
2000-07-08,0.0
2000-07-09,0.0
2000-07-10,0.0
2000-07-11,0.0
2000-07-12,0.0
2000-07-13,0.0
2000-07-14,0.0
2000-07-15,0.0
2000-07-16,2.7815502e-06
2000-07-17,0.0
2000-07-18,0.0
2000-07-19,0.0
2000-07-20,0.0
2000-07-21,0.0
2000-07-22,0.0
2000-07-23,0.0
2000-07-24,0.0
2000-07-25,0.0
2000-07-26,0.0
2000-07-27,0.0
2000-07-28,0.0
2000-07-29,0.0
2000-07-30,0.0
2000-07-31,5.5631e-07
2000-08-01,0.0
2000-08-02,0.0
2000-08-03,0.0
2000-08-04,0.0
2000-08-05,2.9140048e-07
2000-08-06,0.0
2000-08-07,6.927384e-06
2000-08-08,0.0
2000-08-09,0.0
2000-08-10,7.947286e-07
2000-08-11,0.0
2000-08-12,0.0
2000-08-13,0.0
2000-08-14,0.0
2000-08-15,0.0
2000-08-16,0.0
2000-08-17,0.0
2000-08-18,0.0
2000-08-19,0.0
2000-08-20,0.0
2000-08-21,0.0
2000-08-22,0.0
2000-08-23,0.0
2000-08-24,0.0
2000-08-25,0.0
2000-08-26,0.0
2000-08-27,0.0
2000-08-28,0.0
2000-08-29,3.7087334e-06
2000-08-30,0.0
2000-08-31,6.8876477e-07
2000-09-01,0.0010364851
2000-09-02,0.0006796651
2000-09-03,5.2571297e-05
2000-09-04,0.00010332796
2000-09-05,1.8278757e-06
2000-09-06,0.0
2000-09-07,0.0
2000-09-08,0.0
2000-09-09,0.0
2000-09-10,0.0
2000-09-11,0.0
2000-09-12,0.0
2000-09-13,7.285012e-07
2000-09-14,0.00012944805
2000-09-15,3.6292608e-05
2000-09-16,4.2385525e-07
2000-09-17,0.0
2000-09-18,0.0
2000-09-19,0.0
2000-09-20,0.0
2000-09-21,0.0
2000-09-22,0.0005852117
2000-09-23,0.0
2000-09-24,0.0
2000-09-25,0.0
2000-09-26,0.0
2000-09-27,0.0
2000-09-28,0.0
2000-09-29,0.0
2000-09-30,0.0
2000-10-01,0.0
2000-10-02,0.0
2000-10-03,0.0
2000-10-04,0.0
2000-10-05,0.0
2000-10-06,0.0
2000-10-07,0.0
2000-10-08,0.0
2000-10-09,0.0007667674
2000-10-10,0.00093623
2000-10-11,0.00017534362
2000-10-12,3.920661e-06
2000-10-13,3.2054054e-06
2000-10-14,0.0
2000-10-15,0.0
2000-10-16,0.0
2000-10-17,0.0
2000-10-18,0.0
2000-10-19,0.0
2000-10-20,0.00036348237
2000-10-21,2.0808644e-05
2000-10-22,0.0
2000-10-23,0.0
2000-10-24,0.0
2000-10-25,0.0006862084
2000-10-26,0.00018327766
2000-10-27,1.14970735e-05
2000-10-28,0.0015224748
2000-10-29,0.0011057588
2000-10-30,0.00035925707
2000-10-31,0.0
2000-11-01,0.0
2000-11-02,1.695421e-06
2000-11-03,0.0
2000-11-04,0.0
2000-11-05,0.0
2000-11-06,6.6227386e-08
2000-11-07,0.0
2000-11-08,3.5444897e-05
2000-11-09,4.1736497e-05
2000-11-10,8.343326e-05
2000-11-11,1.1920929e-07
2000-11-12,0.0
2000-11-13,0.00012575256
2000-11-14,0.00028365187
2000-11-15,3.753768e-05
2000-11-16,9.2718335e-07
2000-11-17,0.0
2000-11-18,0.0
2000-11-19,0.0
2000-11-20,0.0
2000-11-21,2.2384855e-05
2000-11-22,6.9803664e-06
2000-11-23,2.5431316e-06
2000-11-24,1.1920929e-06
2000-11-25,0.0
2000-11-26,5.2981907e-08
2000-11-27,2.6755863e-06
2000-11-28,5.2981907e-08
2000-11-29,0.0009438594
2000-11-30,0.0002058347
2000-12-01,0.0
2000-12-02,0.0
2000-12-03,0.0
2000-12-04,0.0
2000-12-05,0.0
2000-12-06,0.0
2000-12-07,0.0
2000-12-08,5.2981907e-08
2000-12-09,0.00012772613
2000-12-10,6.804201e-05
2000-12-11,0.00047473112
2000-12-12,0.00027636686
2000-12-13,0.0008843078
2000-12-14,0.0012969705
2000-12-15,0.00032851432
2000-12-16,0.0
2000-12-17,4.2385527e-06
2000-12-18,0.0
2000-12-19,0.0
2000-12-20,0.0
2000-12-21,5.507469e-05
2000-12-22,0.0005300972
2000-12-23,6.983015e-05
2000-12-24,7.4307122e-06
2000-12-25,0.0
2000-12-26,0.0
2000-12-27,0.0
2000-12-28,0.0
2000-12-29,0.0
2000-12-30,0.0
2000-12-31,0.0
2001-01-01,0.0
2001-01-02,0.0
2001-01-03,0.0
2001-01-04,0.0
2001-01-05,0.0
2001-01-06,0.0
2001-01-07,0.0
2001-01-08,0.0008501874
2001-01-09,0.0005200174
2001-01-10,0.0012882551
2001-01-11,0.0007879867
2001-01-12,1.056989e-05
2001-01-13,0.00011996428
2001-01-14,3.8332408e-05
2001-01-15,1.4570024e-07
2001-01-16,0.0
2001-01-17,0.0
2001-01-18,0.0
2001-01-19,0.0
2001-01-20,1.8543667e-06
2001-01-21,2.4769042e-06
2001-01-22,0.0
2001-01-23,0.00042890178
2001-01-24,0.00087481074
2001-01-25,0.001095838
2001-01-26,0.0005411572
2001-01-27,0.0
2001-01-28,0.0
2001-01-29,0.00026505522
2001-01-30,0.0
2001-01-31,0.0
2001-02-01,0.0
2001-02-02,2.793471e-05
2001-02-03,4.6306188e-05
2001-02-04,0.0
2001-02-05,0.0
2001-02-06,6.953875e-06
2001-02-07,7.285012e-07
2001-02-08,2.8212864e-06
2001-02-09,0.0011476544
2001-02-10,0.00053426955
2001-02-11,0.0011675092
2001-02-12,0.00020288097
2001-02-13,0.0
2001-02-14,0.0
2001-02-15,6.6227385e-06
2001-02-16,0.00023958419
2001-02-17,0.00033783913
2001-02-18,0.0006546974
2001-02-19,0.00089103647
2001-02-20,0.0017895169
2001-02-21,0.0010886722
2001-02-22,0.0009896888
2001-02-23,4.945861e-05
2001-02-24,0.00085507496
2001-02-25,0.00079668895
2001-02-26,0.0
2001-02-27,0.0
2001-02-28,0.0
2001-03-01,2.9643377e-05
2001-03-02,0.0006904602
2001-03-03,2.1311971e-05
2001-03-04,0.0015157594
2001-03-05,0.0006424586
2001-03-06,1.3245477e-08
2001-03-07,0.0
2001-03-08,0.00014936924
2001-03-09,1.9987425e-05
2001-03-10,2.6490953e-08
2001-03-11,0.0
2001-03-12,0.0
2001-03-13,0.0
2001-03-14,0.0
2001-03-15,4.3180253e-06
2001-03-16,2.3841858e-07
2001-03-17,7.682376e-06
2001-03-18,0.0
2001-03-19,1.238452e-05
2001-03-20,3.6504534e-05
2001-03-21,6.0664283e-06
2001-03-22,1.03182265e-05
2001-03-23,1.6411146e-05
2001-03-24,0.00028224787
2001-03-25,0.00061310665
2001-03-26,0.0
2001-03-27,0.0
2001-03-28,1.818604e-05
2001-03-29,0.0
2001-03-30,0.0
2001-03-31,0.0
2001-04-01,0.0
2001-04-02,2.5908152e-05
2001-04-03,5.1524903e-06
2001-04-04,3.6822425e-06
2001-04-05,0.0
2001-04-06,0.0008333259
2001-04-07,0.00057090656
2001-04-08,2.5696225e-05
2001-04-09,2.6133326e-05
2001-04-10,1.2583203e-06
2001-04-11,0.00019825829
2001-04-12,7.417467e-07
2001-04-13,4.9829483e-05
2001-04-14,2.0795399e-06
2001-04-15,0.0
2001-04-16,0.0
2001-04-17,0.00033285882
2001-04-18,0.00051656034
2001-04-19,0.00016948913
2001-04-20,0.0006787512
2001-04-21,1.6649565e-05
2001-04-22,0.0
2001-04-23,2.6490954e-07
2001-04-24,1.05963814e-07
2001-04-25,3.4438239e-07
2001-04-26,1.5894572e-07
2001-04-27,1.3245477e-05
2001-04-28,2.0093388e-05
2001-04-29,0.0
2001-04-30,0.0
2001-05-01,0.0
2001-05-02,0.0
2001-05-03,0.0
2001-05-04,0.0
2001-05-05,0.0
2001-05-06,0.0
2001-05-07,0.0
2001-05-08,0.0
2001-05-09,0.0
2001-05-10,0.0
2001-05-11,0.0
2001-05-12,0.0
2001-05-13,0.0
2001-05-14,2.6981035e-05
2001-05-15,0.000614153
2001-05-16,4.3974983e-06
2001-05-17,0.0
2001-05-18,0.0
2001-05-19,0.0
2001-05-20,0.0
2001-05-21,0.0
2001-05-22,0.0
2001-05-23,0.0
2001-05-24,0.0
2001-05-25,0.0
2001-05-26,0.0
2001-05-27,3.4438239e-07
2001-05-28,0.0
2001-05-29,0.0
2001-05-30,0.0
2001-05-31,0.0
2001-06-01,0.0
2001-06-02,0.0
2001-06-03,0.0
2001-06-04,0.0
2001-06-05,0.0
2001-06-06,0.0
2001-06-07,0.0
2001-06-08,0.0
2001-06-09,0.0
2001-06-10,0.0
2001-06-11,0.0
2001-06-12,0.0
2001-06-13,0.0
2001-06-14,0.0
2001-06-15,0.0
2001-06-16,0.0
2001-06-17,0.0
2001-06-18,0.0
2001-06-19,0.0
2001-06-20,0.0
2001-06-21,0.0
2001-06-22,0.0
2001-06-23,0.0
2001-06-24,0.0
2001-06-25,9.338061e-05
2001-06-26,0.00046786998
2001-06-27,0.0017100705
2001-06-28,6.865131e-05
2001-06-29,0.0
2001-06-30,0.0
2001-07-01,0.0
2001-07-02,0.0
2001-07-03,0.0
2001-07-04,0.0
2001-07-05,2.9140048e-07
2001-07-06,0.0
2001-07-07,0.0
2001-07-08,0.0
2001-07-09,0.0
2001-07-10,2.1325218e-06
2001-07-11,1.4464061e-05
2001-07-12,0.0
2001-07-13,0.0
2001-07-14,3.920661e-06
2001-07-15,1.2318293e-06
2001-07-16,1.3550122e-05
2001-07-17,1.3245477e-07
2001-07-18,0.0
2001-07-19,6.0929193e-07
2001-07-20,8.477105e-07
2001-07-21,3.496806e-06
2001-07-22,0.0
2001-07-23,0.0
2001-07-24,0.0
2001-07-25,0.0
2001-07-26,0.0
2001-07-27,0.0
2001-07-28,0.0
2001-07-29,0.0
2001-07-30,3.443824e-06
2001-07-31,0.0
2001-08-01,0.0
2001-08-02,0.0
2001-08-03,3.311369e-07
2001-08-04,2.357695e-06
2001-08-05,0.0
2001-08-06,0.0
2001-08-07,0.0
2001-08-08,0.0
2001-08-09,0.0
2001-08-10,0.0
2001-08-11,0.0
2001-08-12,2.9404957e-06
2001-08-13,0.0
2001-08-14,0.0
2001-08-15,0.0
2001-08-16,0.0
2001-08-17,0.0
2001-08-18,0.0
2001-08-19,0.0
2001-08-20,0.0
2001-08-21,0.0
2001-08-22,6.6227385e-06
2001-08-23,5.4836273e-06
2001-08-24,0.0
2001-08-25,0.0
2001-08-26,0.0
2001-08-27,0.0
2001-08-28,0.0
2001-08-29,0.0
2001-08-30,0.0
2001-08-31,0.0
2001-09-01,0.0
2001-09-02,0.0
2001-09-03,0.0
2001-09-04,0.0
2001-09-05,0.0
2001-09-06,0.0
2001-09-07,0.0
2001-09-08,0.0
2001-09-09,0.0
2001-09-10,0.0
2001-09-11,1.7378065e-05
2001-09-12,2.4398169e-05
2001-09-13,1.43448515e-05
2001-09-14,6.6227386e-08
2001-09-15,0.00011020237
2001-09-16,3.8915212e-05
2001-09-17,0.0
2001-09-18,0.0
2001-09-19,0.0
2001-09-20,0.0
2001-09-21,0.0
2001-09-22,0.0
2001-09-23,0.0
2001-09-24,4.6345922e-05
2001-09-25,0.0006493065
2001-09-26,0.0
2001-09-27,1.05963814e-07
2001-09-28,8.8744696e-07
2001-09-29,0.0
2001-09-30,0.0
2001-10-01,0.0
2001-10-02,0.0
2001-10-03,0.0
2001-10-04,0.0
2001-10-05,0.0
2001-10-06,0.0
2001-10-07,0.0
2001-10-08,2.5166406e-07
2001-10-09,0.0
2001-10-10,0.0
2001-10-11,5.3776635e-06
2001-10-12,0.0
2001-10-13,0.0
2001-10-14,0.0
2001-10-15,0.0
2001-10-16,8.119478e-06
2001-10-17,0.0
2001-10-18,0.0
2001-10-19,0.0
2001-10-20,0.0
2001-10-21,0.0
2001-10-22,0.0
2001-10-23,1.0079808e-05
2001-10-24,0.0
2001-10-25,0.0
2001-10-26,0.0
2001-10-27,5.2981907e-08
2001-10-28,7.426739e-05
2001-10-29,8.324782e-05
2001-10-30,0.0019582112
2001-10-31,0.0002761152
2001-11-01,2.4769042e-06
2001-11-02,0.0
2001-11-03,0.0
2001-11-04,0.0
2001-11-05,0.0
2001-11-06,2.1987491e-06
2001-11-07,0.0
2001-11-08,0.0
2001-11-09,0.0
2001-11-10,0.0
2001-11-11,0.0010874934
2001-11-12,0.0015999874
2001-11-13,0.0007137193
2001-11-14,0.0003070434
2001-11-15,5.4399174e-05
2001-11-16,0.00037978755
2001-11-17,3.7564172e-05
2001-11-18,0.0
2001-11-19,0.000122216
2001-11-20,0.00042551092
2001-11-21,0.0017953449
2001-11-22,0.00077607896
2001-11-23,0.0
2001-11-24,0.0013586415
2001-11-25,0.00025276342
2001-11-26,9.281105e-05
2001-11-27,0.0
2001-11-28,0.00075623725
2001-11-29,0.0011990997
2001-11-30,0.00030967925
2001-12-01,0.0019433895
2001-12-02,0.002089156
2001-12-03,0.0004765855
2001-12-04,5.6293275e-06
2001-12-05,0.0011539856
2001-12-06,0.00076109834
2001-12-07,2.7457872e-05
2001-12-08,0.0
2001-12-09,0.0002792014
2001-12-10,2.9007595e-06
2001-12-11,4.887581e-06
2001-12-12,1.3192494e-05
2001-12-13,0.0002021922
2001-12-14,0.0014837054
2001-12-15,1.2450748e-06
2001-12-16,0.00011025535
2001-12-17,0.0010392003
2001-12-18,0.00046845278
2001-12-19,0.0006640487
2001-12-20,0.0009652509
2001-12-21,5.0372546e-05
2001-12-22,0.0010028812
2001-12-23,0.0005184545
2001-12-24,0.0
2001-12-25,1.11659365e-05
2001-12-26,3.838539e-05
2001-12-27,6.773737e-05
2001-12-28,0.00030438104
2001-12-29,0.0008329153
2001-12-30,0.0004279746
2001-12-31,0.0007610454
2002-01-01,0.0005415413
2002-01-02,0.002319773
2002-01-03,0.00017529064
2002-01-04,0.0
2002-01-05,0.00041181513
2002-01-06,0.0011214018
2002-01-07,7.504887e-05
2002-01-08,0.00047895644
2002-01-09,3.4438239e-07
2002-01-10,0.0
2002-01-11,0.0
2002-01-12,0.0
2002-01-13,0.0
2002-01-14,1.5232298e-06
2002-01-15,6.6227386e-08
2002-01-16,0.0
2002-01-17,1.888805e-05
2002-01-18,0.0
2002-01-19,3.3511055e-06
2002-01-20,7.417467e-07
2002-01-21,0.00047671795
2002-01-22,1.361635e-05
2002-01-23,1.5894572e-07
2002-01-24,0.0
2002-01-25,0.0001286798
2002-01-26,0.0009998349
2002-01-27,5.1259995e-06
2002-01-28,6.0505336e-05
2002-01-29,4.1855706e-06
2002-01-30,0.0
2002-01-31,5.298191e-07
2002-02-01,0.000110824905
2002-02-02,0.0
2002-02-03,4.6359168e-07
2002-02-04,0.0
2002-02-05,0.0
2002-02-06,0.0
2002-02-07,0.0017209583
2002-02-08,2.1391445e-05
2002-02-09,0.0
2002-02-10,0.0
2002-02-11,0.0
2002-02-12,0.0
2002-02-13,9.801653e-07
2002-02-14,0.0
2002-02-15,4.556444e-06
2002-02-16,7.983049e-05
2002-02-17,0.00018821823
2002-02-18,5.4889257e-05
2002-02-19,0.0013202032
2002-02-20,0.0008852084
2002-02-21,2.1272235e-05
2002-02-22,0.0
2002-02-23,0.0008438428
2002-02-24,1.6874737e-05
2002-02-25,0.0
2002-02-26,0.0
2002-02-27,0.0
2002-02-28,0.0
2002-03-01,0.0
2002-03-02,0.0
2002-03-03,0.0
2002-03-04,0.0
2002-03-05,0.00016151535
2002-03-06,0.0010410018
2002-03-07,0.0006541808
2002-03-08,1.7219119e-07
2002-03-09,2.5603505e-05
2002-03-10,0.0008339749
2002-03-11,6.915463e-05
2002-03-12,8.753935e-05
2002-03-13,6.752544e-05
2002-03-14,2.2649765e-06
2002-03-15,3.0848714e-05
2002-03-16,3.8252936e-05
2002-03-17,0.000112877955
2002-03-18,0.0
2002-03-19,0.0
2002-03-20,0.0
2002-03-21,0.0
2002-03-22,0.00021457672
2002-03-23,0.0011678139
2002-03-24,0.00012392468
2002-03-25,6.053183e-06
2002-03-26,0.0
2002-03-27,0.0
2002-03-28,0.0
2002-03-29,0.0
2002-03-30,0.0
2002-03-31,0.0
2002-04-01,0.0
2002-04-02,0.0
2002-04-03,0.0
2002-04-04,1.001358e-05
2002-04-05,1.0026826e-05
2002-04-06,4.0398704e-06
2002-04-07,0.0
2002-04-08,1.2278557e-05
2002-04-09,0.000295043
2002-04-10,0.00025216737
2002-04-11,3.7219788e-06
2002-04-12,0.0
2002-04-13,7.947286e-07
2002-04-14,2.9338731e-05
2002-04-15,1.4530287e-05
2002-04-16,0.00029571852
2002-04-17,0.00029362572
2002-04-18,5.192227e-06
2002-04-19,0.0
2002-04-20,6.357829e-07
2002-04-21,1.5364753e-06
2002-04-22,0.0
2002-04-23,0.0
2002-04-24,0.0
2002-04-25,1.5894572e-07
2002-04-26,7.49694e-05
2002-04-27,0.00031338798
2002-04-28,0.00016017754
2002-04-29,0.0004547172
2002-04-30,0.00090909004
2002-05-01,1.4834934e-05
2002-05-02,7.947286e-07
2002-05-03,6.1061646e-06
2002-05-04,0.0
2002-05-05,0.0
2002-05-06,4.7683716e-07
2002-05-07,2.6490953e-08
2002-05-08,0.0
2002-05-09,2.1457672e-06
2002-05-10,7.059839e-06
2002-05-11,0.0
2002-05-12,0.0
2002-05-13,1.05963814e-07
2002-05-14,0.0
2002-05-15,0.0
2002-05-16,0.0
2002-05-17,0.0
2002-05-18,0.0
2002-05-19,0.000579834
2002-05-20,0.001376854
2002-05-21,0.00019670857
2002-05-22,7.4572035e-06
2002-05-23,0.0
2002-05-24,1.11262e-06
2002-05-25,7.6823767e-07
2002-05-26,5.8280096e-07
2002-05-27,4.423989e-06
2002-05-28,4.278289e-06
2002-05-29,2.78155e-07
2002-05-30,0.0
2002-05-31,2.8649965e-05
2002-06-01,0.00012828244
2002-06-02,3.0464597e-07
2002-06-03,0.0
2002-06-04,0.0
2002-06-05,0.0
2002-06-06,0.0
2002-06-07,0.0
2002-06-08,2.6490953e-08
2002-06-09,2.78155e-07
2002-06-10,0.0
2002-06-11,0.0
2002-06-12,0.0
2002-06-13,0.0
2002-06-14,0.0
2002-06-15,0.0
2002-06-16,0.0
2002-06-17,0.0
2002-06-18,4.6359168e-07
2002-06-19,0.0
2002-06-20,0.0
2002-06-21,4.86109e-06
2002-06-22,8.8744696e-07
2002-06-23,0.0
2002-06-24,0.0
2002-06-25,0.0
2002-06-26,5.589591e-06
2002-06-27,0.0
2002-06-28,0.0
2002-06-29,0.0
2002-06-30,0.0
2002-07-01,0.0
2002-07-02,0.0
2002-07-03,0.0
2002-07-04,0.0
2002-07-05,0.0
2002-07-06,0.0
2002-07-07,0.0
2002-07-08,0.0
2002-07-09,0.0
2002-07-10,0.0
2002-07-11,0.0
2002-07-12,0.0
2002-07-13,9.006924e-07
2002-07-14,0.0
2002-07-15,0.0
2002-07-16,0.0
2002-07-17,0.0
2002-07-18,0.0
2002-07-19,0.0
2002-07-20,0.0
2002-07-21,1.4834934e-06
2002-07-22,3.5100513e-06
2002-07-23,0.0
2002-07-24,0.0
2002-07-25,0.0
2002-07-26,0.0
2002-07-27,0.0
2002-07-28,0.0
2002-07-29,0.0
2002-07-30,0.0
2002-07-31,0.0
2002-08-01,7.1525574e-07
2002-08-02,2.5510788e-05
2002-08-03,1.1788475e-06
2002-08-04,1.709991e-05
2002-08-05,0.0
2002-08-06,0.0
2002-08-07,0.0
2002-08-08,0.0
2002-08-09,0.0
2002-08-10,0.0
2002-08-11,0.0
2002-08-12,0.0
2002-08-13,0.0
2002-08-14,0.0
2002-08-15,0.0
2002-08-16,0.0
2002-08-17,0.0
2002-08-18,0.0
2002-08-19,0.0
2002-08-20,0.0
2002-08-21,0.0
2002-08-22,0.0
2002-08-23,0.0
2002-08-24,0.0
2002-08-25,0.0
2002-08-26,0.0
2002-08-27,0.0
2002-08-28,0.0
2002-08-29,2.6490953e-08
2002-08-30,3.443824e-06
2002-08-31,0.0
2002-09-01,0.0
2002-09-02,0.0
2002-09-03,0.0
2002-09-04,0.0
2002-09-05,0.0
2002-09-06,8.662541e-06
2002-09-07,3.238519e-05
2002-09-08,0.0
2002-09-09,0.0
2002-09-10,0.0
2002-09-11,0.0
2002-09-12,0.0
2002-09-13,0.0
2002-09-14,0.0
2002-09-15,0.0
2002-09-16,0.0
2002-09-17,0.0
2002-09-18,0.0
2002-09-19,0.0
2002-09-20,0.0
2002-09-21,0.0
2002-09-22,0.0
2002-09-23,0.0
2002-09-24,0.0
2002-09-25,0.0
2002-09-26,0.0
2002-09-27,0.0
2002-09-28,0.0
2002-09-29,1.9212564e-05
2002-09-30,9.828143e-06
2002-10-01,0.0
2002-10-02,0.0
2002-10-03,0.0
2002-10-04,0.0
2002-10-05,0.0
2002-10-06,0.0
2002-10-07,0.0
2002-10-08,0.0
2002-10-09,0.0
2002-10-10,0.0
2002-10-11,0.0
2002-10-12,0.0
2002-10-13,0.0
2002-10-14,0.0
2002-10-15,0.0
2002-10-16,0.0
2002-10-17,0.0
2002-10-18,0.0
2002-10-19,0.0
2002-10-20,0.0
2002-10-21,0.0
2002-10-22,0.0
2002-10-23,7.139312e-06
2002-10-24,0.0
2002-10-25,4.9008264e-07
2002-10-26,7.947286e-08
2002-10-27,0.0
2002-10-28,0.0
2002-10-29,0.0
2002-10-30,0.0
2002-10-31,0.0
2002-11-01,0.0
2002-11-02,0.0
2002-11-03,0.0
2002-11-04,0.0
2002-11-05,0.0
2002-11-06,0.0
2002-11-07,0.0024734735
2002-11-08,0.002019432
2002-11-09,0.0009388791
2002-11-10,0.0009886689
2002-11-11,2.1311971e-05
2002-11-12,2.15239e-05
2002-11-13,5.2981907e-08
2002-11-14,0.0
2002-11-15,0.0
2002-11-16,1.2715658e-06
2002-11-17,2.9802322e-06
2002-11-18,0.0
2002-11-19,0.0
2002-11-20,0.0
2002-11-21,0.0
2002-11-22,0.0
2002-11-23,2.22524e-06
2002-11-24,0.0
2002-11-25,0.0
2002-11-26,0.0
2002-11-27,0.0
2002-11-28,0.0
2002-11-29,0.0
2002-11-30,0.0
2002-12-01,0.0
2002-12-02,0.0
2002-12-03,0.0
2002-12-04,6.4637925e-06
2002-12-05,0.0
2002-12-06,0.0
2002-12-07,0.0
2002-12-08,0.0
2002-12-09,0.0001718998
2002-12-10,0.00077818497
2002-12-11,0.00018715858
2002-12-12,4.355113e-05
2002-12-13,0.0022918384
2002-12-14,0.0045950413
2002-12-15,0.0014893214
2002-12-16,0.0039078924
2002-12-17,0.00048587058
2002-12-18,0.00018245644
2002-12-19,0.0011418131
2002-12-20,0.0013098982
2002-12-21,0.0007293489
2002-12-22,0.0
2002-12-23,0.0
2002-12-24,6.5366425e-05
2002-12-25,1.9378132e-05
2002-12-26,0.0011424489
2002-12-27,0.0024030607
2002-12-28,0.00274486
2002-12-29,0.0008076959
2002-12-30,0.0013169977
2002-12-31,0.0017763509
2003-01-01,2.544456e-05
2003-01-02,0.0
2003-01-03,1.2715657e-05
2003-01-04,3.29415e-05
2003-01-05,7.4042214e-06
2003-01-06,0.0
2003-01-07,0.0
2003-01-08,0.0
2003-01-09,1.417266e-05
2003-01-10,0.0010933081
2003-01-11,0.00052154064
2003-01-12,0.0013764964
2003-01-13,0.0016500155
2003-01-14,0.0009494755
2003-01-15,0.0
2003-01-16,0.0
2003-01-17,0.0
2003-01-18,0.0
2003-01-19,0.0
2003-01-20,0.0
2003-01-21,0.00018099944
2003-01-22,0.0010893875
2003-01-23,0.00043512715
2003-01-24,0.00022855069
2003-01-25,0.00015665425
2003-01-26,2.304713e-06
2003-01-27,0.00038954947
2003-01-28,0.0
2003-01-29,1.0596382e-06
2003-01-30,2.4530622e-05
2003-01-31,1.8146303e-06
2003-02-01,0.00016469425
2003-02-02,5.2981907e-08
2003-02-03,0.0
2003-02-04,0.0
2003-02-05,0.0
2003-02-06,0.0
2003-02-07,0.0
2003-02-08,0.0
2003-02-09,0.0
2003-02-10,0.0
2003-02-11,0.0
2003-02-12,6.622738e-07
2003-02-13,0.0007242229
2003-02-14,9.698338e-05
2003-02-15,0.00042653084
2003-02-16,0.0015045272
2003-02-17,5.484952e-05
2003-02-18,8.3049135e-06
2003-02-19,0.0005713966
2003-02-20,9.271834e-08
2003-02-21,0.0
2003-02-22,7.947286e-08
2003-02-23,0.0
2003-02-24,7.836024e-05
2003-02-25,9.669198e-06
2003-02-26,1.4662743e-05
2003-02-27,2.2543802e-05
2003-02-28,0.0
2003-03-01,5.112754e-06
2003-03-02,0.0
2003-03-03,5.8054924e-05
2003-03-04,2.3841858e-07
2003-03-05,0.0
2003-03-06,3.5232968e-06
2003-03-07,2.172258e-06
2003-03-08,3.496806e-06
2003-03-09,2.2848448e-05
2003-03-10,0.00014489227
2003-03-11,6.6227385e-06
2003-03-12,7.601579e-05
2003-03-13,0.00014739567
2003-03-14,0.0016373661
2003-03-15,0.0024108356
2003-03-16,0.00024557114
2003-03-17,6.79228e-05
2003-03-18,0.0
2003-03-19,3.973643e-06
2003-03-20,0.00025113425
2003-03-21,1.9868214e-07
2003-03-22,0.0007037587
2003-03-23,0.00022037824
2003-03-24,0.0
2003-03-25,4.0358966e-05
2003-03-26,0.0008594592
2003-03-27,6.6227386e-08
2003-03-28,0.0
2003-03-29,0.0
2003-03-30,0.0
2003-03-31,5.9339736e-06
2003-04-01,0.00029826164
2003-04-02,0.00052608387
2003-04-03,0.00013996495
2003-04-04,0.0011823574
2003-04-05,1.5762118e-05
2003-04-06,0.00013067987
2003-04-07,2.556377e-06
2003-04-08,1.7219119e-07
2003-04-09,2.861023e-06
2003-04-10,3.8398637e-05
2003-04-11,0.00011368593
2003-04-12,0.0015267531
2003-04-13,0.0010824336
2003-04-14,0.00040798716
2003-04-15,3.0093723e-05
2003-04-16,0.00024816726
2003-04-17,4.4544537e-05
2003-04-18,1.9073486e-06
2003-04-19,0.0
2003-04-20,9.907617e-06
2003-04-21,0.000768688
2003-04-22,3.1616953e-05
2003-04-23,0.00036433007
2003-04-24,0.0017686817
2003-04-25,0.00079186755
2003-04-26,0.00042458376
2003-04-27,2.8133392e-05
2003-04-28,0.0014167362
2003-04-29,0.00088144676
2003-04-30,0.00014037556
2003-05-01,7.1525574e-07
2003-05-02,5.4279964e-05
2003-05-03,0.00025477674
2003-05-04,0.00024355782
2003-05-05,5.430645e-07
2003-05-06,0.00012262662
2003-05-07,0.00029643378
2003-05-08,0.00020517243
2003-05-09,6.808175e-06
2003-05-10,6.3194166e-05
2003-05-11,2.834532e-05
2003-05-12,3.0212932e-05
2003-05-13,0.0
2003-05-14,2.2384856e-06
2003-05-15,3.9683448e-05
2003-05-16,2.6490953e-08
2003-05-17,0.0
2003-05-18,0.0
2003-05-19,0.0
2003-05-20,0.0
2003-05-21,0.0
2003-05-22,0.0
2003-05-23,2.6490953e-08
2003-05-24,1.8278757e-06
2003-05-25,3.0755997e-05
2003-05-26,7.0068572e-06
2003-05-27,0.0
2003-05-28,0.0
2003-05-29,1.3218985e-05
2003-05-30,0.0
2003-05-31,0.0
2003-06-01,0.0
2003-06-02,0.0
2003-06-03,0.0
2003-06-04,0.0
2003-06-05,0.0
2003-06-06,1.05963814e-07
2003-06-07,1.9073486e-06
2003-06-08,0.0
2003-06-09,2.5166406e-07
2003-06-10,2.6755863e-06
2003-06-11,6.622738e-07
2003-06-12,2.5696224e-06
2003-06-13,1.2291803e-05
2003-06-14,0.0
2003-06-15,0.0
2003-06-16,0.0
2003-06-17,0.0
2003-06-18,8.34465e-07
2003-06-19,3.112687e-06
2003-06-20,0.0
2003-06-21,0.0
2003-06-22,3.6160152e-06
2003-06-23,1.5364753e-06
2003-06-24,0.0
2003-06-25,0.0
2003-06-26,0.0
2003-06-27,0.0
2003-06-28,0.0
2003-06-29,0.0
2003-06-30,0.0
2003-07-01,0.0
2003-07-02,0.0
2003-07-03,0.0
2003-07-04,0.0
2003-07-05,0.0
2003-07-06,0.0
2003-07-07,6.8876477e-07
2003-07-08,0.0
2003-07-09,0.0
2003-07-10,0.0
2003-07-11,0.0
2003-07-12,0.0
2003-07-13,0.0
2003-07-14,0.0
2003-07-15,0.0
2003-07-16,0.0
2003-07-17,0.0
2003-07-18,0.0
2003-07-19,0.0
2003-07-20,0.0
2003-07-21,0.0
2003-07-22,2.1192763e-07
2003-07-23,0.0
2003-07-24,7.4836944e-06
2003-07-25,5.086263e-05
2003-07-26,0.0
2003-07-27,0.0
2003-07-28,0.0
2003-07-29,1.6556846e-06
2003-07-30,0.0
2003-07-31,0.0
2003-08-01,3.5762787e-06
2003-08-02,0.00040606657
2003-08-03,0.00023304092
2003-08-04,9.2718335e-07
2003-08-05,9.271834e-08
2003-08-06,0.0
2003-08-07,1.2185839e-06
2003-08-08,2.1192763e-07
2003-08-09,0.0
2003-08-10,0.0
2003-08-11,0.0
2003-08-12,0.0
2003-08-13,0.0
2003-08-14,0.0
2003-08-15,0.0
2003-08-16,0.0
2003-08-17,0.0
2003-08-18,0.0
2003-08-19,0.0
2003-08-20,0.0
2003-08-21,2.5166405e-06
2003-08-22,0.00015674697
2003-08-23,4.834599e-06
2003-08-24,0.0
2003-08-25,0.0
2003-08-26,0.0
2003-08-27,0.0
2003-08-28,0.0
2003-08-29,0.0
2003-08-30,0.0
2003-08-31,8.477105e-07
2003-09-01,0.0
2003-09-02,0.0
2003-09-03,5.9604645e-07
2003-09-04,4.688899e-05
2003-09-05,3.7087335e-07
2003-09-06,0.0
2003-09-07,3.086196e-06
2003-09-08,5.033281e-07
2003-09-09,0.00010204315
2003-09-10,9.271834e-08
2003-09-11,0.0
2003-09-12,0.0
2003-09-13,0.0
2003-09-14,0.0
2003-09-15,0.0
2003-09-16,0.0
2003-09-17,0.0
2003-09-18,0.0
2003-09-19,0.0
2003-09-20,0.0
2003-09-21,0.0
2003-09-22,0.0
2003-09-23,0.0
2003-09-24,0.0
2003-09-25,0.0
2003-09-26,0.0
2003-09-27,0.0
2003-09-28,0.0
2003-09-29,4.9008264e-07
2003-09-30,0.0
2003-10-01,0.0
2003-10-02,3.973643e-07
2003-10-03,0.0
2003-10-04,0.0
2003-10-05,5.2981907e-08
2003-10-06,0.0
2003-10-07,0.0
2003-10-08,0.0
2003-10-09,7.947286e-08
2003-10-10,0.0
2003-10-11,0.0
2003-10-12,2.6490953e-08
2003-10-13,0.0
2003-10-14,0.0
2003-10-15,0.0
2003-10-16,0.0
2003-10-17,0.0
2003-10-18,0.0
2003-10-19,0.0
2003-10-20,0.0
2003-10-21,0.0
2003-10-22,0.0
2003-10-23,0.0
2003-10-24,0.0
2003-10-25,0.0
2003-10-26,0.0
2003-10-27,0.0
2003-10-28,0.0
2003-10-29,2.6490953e-08
2003-10-30,1.7788676e-05
2003-10-31,5.9141053e-05
2003-11-01,0.0
2003-11-02,0.000108122826
2003-11-03,0.00021978219
2003-11-04,1.7576747e-05
2003-11-05,0.00018343661
2003-11-06,6.216102e-05
2003-11-07,0.00042472946
2003-11-08,0.0012656053
2003-11-09,0.0016608635
2003-11-10,0.000110030174
2003-11-11,0.0
2003-11-12,0.0
2003-11-13,1.2901094e-05
2003-11-14,0.00050744746
2003-11-15,0.0009482834
2003-11-16,0.00028757253
2003-11-17,0.00023655097
2003-11-18,1.8543668e-07
2003-11-19,2.6490953e-08
2003-11-20,6.39889e-05
2003-11-21,6.6889656e-06
2003-11-22,9.271834e-08
2003-11-23,0.0
2003-11-24,1.1920929e-07
2003-11-25,2.249082e-05
2003-11-26,3.593498e-05
2003-11-27,0.0
2003-11-28,1.9378132e-05
2003-11-29,0.00065322715
2003-11-30,0.00040488772
2003-12-01,0.00072166655
2003-12-02,0.00037358867
2003-12-03,5.3803127e-05
2003-12-04,0.000102864375
2003-12-05,0.00096008513
2003-12-06,0.0016546382
2003-12-07,0.0006926457
2003-12-08,9.444025e-06
2003-12-09,0.00031924248
2003-12-10,0.0008624527
2003-12-11,0.00049685105
2003-12-12,0.0005297131
2003-12-13,0.001418021
2003-12-14,0.0012636847
2003-12-15,4.5961806e-06
2003-12-16,0.0
2003-12-17,0.0
2003-12-18,0.0
2003-12-19,2.764331e-05
2003-12-20,0.00045601526
2003-12-21,2.3418002e-05
2003-12-22,0.0
2003-12-23,0.000347707
2003-12-24,0.0019347933
2003-12-25,0.00033613047
2003-12-26,7.947286e-08
2003-12-27,2.2649765e-06
2003-12-28,0.00013629596
2003-12-29,0.0028690232
2003-12-30,0.00025355816
2003-12-31,0.0001961655
2004-01-01,0.0020012988
2004-01-02,0.00046609508
2004-01-03,3.1789143e-06
2004-01-04,3.5471385e-05
2004-01-05,3.5762787e-07
2004-01-06,7.9499354e-05
2004-01-07,0.0007026262
2004-01-08,0.0008386506
2004-01-09,0.0011030701
2004-01-10,8.743339e-05
2004-01-11,1.4702479e-06
2004-01-12,7.947286e-07
2004-01-13,5.3114363e-06
2004-01-14,0.00014564727
2004-01-15,1.4702479e-06
2004-01-16,0.0
2004-01-17,0.0
2004-01-18,1.3245477e-07
2004-01-19,4.9140717e-06
2004-01-20,1.3245477e-08
2004-01-21,0.0
2004-01-22,0.0
2004-01-23,1.0371208e-05
2004-01-24,0.00042074255
2004-01-25,6.013446e-06
2004-01-26,0.00017370118
2004-01-27,0.0008633799
2004-01-28,3.8279427e-06
2004-01-29,1.7219119e-07
2004-01-30,0.0004200008
2004-01-31,3.1789145e-07
2004-02-01,0.00010653337
2004-02-02,0.0012841754
2004-02-03,0.0006525119
2004-02-04,1.124541e-05
2004-02-05,0.0
2004-02-06,0.00042684874
2004-02-07,2.3206076e-05
2004-02-08,0.0
2004-02-09,0.0
2004-02-10,0.0
2004-02-11,0.0
2004-02-12,0.0
2004-02-13,7.695622e-06
2004-02-14,0.0002212127
2004-02-15,0.0009576612
2004-02-16,0.0029201773
2004-02-17,0.003759265
2004-02-18,0.0010414653
2004-02-19,0.0
2004-02-20,0.0
2004-02-21,3.586875e-05
2004-02-22,0.00039651658
2004-02-23,4.4226646e-05
2004-02-24,0.0006144047
2004-02-25,0.0015111102
2004-02-26,0.0013751984
2004-02-27,0.00042086176
2004-02-28,1.4570024e-07
2004-02-29,1.9099978e-05
2004-03-01,0.00094905164
2004-03-02,8.34465e-07
2004-03-03,4.503462e-07
2004-03-04,0.0
2004-03-05,3.7882064e-06
2004-03-06,6.3313378e-06
2004-03-07,0.0
2004-03-08,0.0
2004-03-09,0.0
2004-03-10,0.0
2004-03-11,0.0
2004-03-12,0.0
2004-03-13,0.0
2004-03-14,0.0
2004-03-15,0.0
2004-03-16,0.0
2004-03-17,0.0
2004-03-18,1.0053317e-05
2004-03-19,0.0
2004-03-20,0.0
2004-03-21,0.0
2004-03-22,0.0
2004-03-23,6.972419e-05
2004-03-24,5.337927e-05
2004-03-25,0.0011146598
2004-03-26,0.00032333532
2004-03-27,0.00034619702
2004-03-28,0.0
2004-03-29,0.0
2004-03-30,0.00027534697
2004-03-31,1.7616484e-06
2004-04-01,0.0
2004-04-02,0.0
2004-04-03,0.0
2004-04-04,0.0
2004-04-05,3.7087335e-07
2004-04-06,1.3709068e-05
2004-04-07,0.0
2004-04-08,0.0
2004-04-09,0.0
2004-04-10,0.0
2004-04-11,0.0
2004-04-12,2.1192763e-07
2004-04-13,9.332763e-05
2004-04-14,0.0001506673
2004-04-15,0.00016548898
2004-04-16,9.138054e-05
2004-04-17,0.00014703804
2004-04-18,0.0002787378
2004-04-19,0.0009310378
2004-04-20,0.0008100404
2004-04-21,0.00041459667
2004-04-22,0.0
2004-04-23,0.0
2004-04-24,0.0
2004-04-25,0.0
2004-04-26,1.5629662e-06
2004-04-27,0.0
2004-04-28,0.0
2004-04-29,0.0
2004-04-30,0.0
2004-05-01,0.0
2004-05-02,0.0
2004-05-03,0.0
2004-05-04,0.0
2004-05-05,0.0
2004-05-06,0.0
2004-05-07,2.0252333e-05
2004-05-08,3.6729707e-05
2004-05-09,0.0
2004-05-10,0.0003919734
2004-05-11,2.9140049e-06
2004-05-12,0.0
2004-05-13,0.0
2004-05-14,0.0
2004-05-15,1.3377932e-06
2004-05-16,0.0
2004-05-17,7.889006e-05
2004-05-18,0.00022878911
2004-05-19,2.5961135e-06
2004-05-20,8.0784164e-05
2004-05-21,4.483594e-05
2004-05-22,1.5709134e-05
2004-05-23,2.9140048e-07
2004-05-24,2.6490954e-07
2004-05-25,0.0
2004-05-26,1.8543668e-07
2004-05-27,0.00010704994
2004-05-28,6.54459e-05
2004-05-29,0.0
2004-05-30,0.0
2004-05-31,0.0
2004-06-01,0.0
2004-06-02,0.0
2004-06-03,0.0
2004-06-04,0.0
2004-06-05,0.0
2004-06-06,0.0
2004-06-07,3.903442e-05
2004-06-08,2.3404757e-05
2004-06-09,3.710058e-05
2004-06-10,7.4572035e-06
2004-06-11,0.0
2004-06-12,0.0
2004-06-13,0.0
2004-06-14,0.0
2004-06-15,0.0
2004-06-16,0.0
2004-06-17,0.0
2004-06-18,1.5338263e-05
2004-06-19,0.0
2004-06-20,0.0
2004-06-21,0.0
2004-06-22,0.0
2004-06-23,0.0
2004-06-24,0.0
2004-06-25,0.0
2004-06-26,0.0
2004-06-27,4.7683716e-07
2004-06-28,3.847811e-05
2004-06-29,5.420049e-05
2004-06-30,3.4941568e-05
2004-07-01,5.165736e-07
2004-07-02,1.8543668e-07
2004-07-03,5.2981907e-08
2004-07-04,0.0
2004-07-05,0.0
2004-07-06,0.0
2004-07-07,0.0
2004-07-08,0.0
2004-07-09,0.0
2004-07-10,7.947286e-08
2004-07-11,0.0
2004-07-12,0.0
2004-07-13,0.0
2004-07-14,0.0
2004-07-15,0.0
2004-07-16,0.0
2004-07-17,2.6490953e-08
2004-07-18,2.5431316e-06
2004-07-19,0.0001232624
2004-07-20,3.4438239e-07
2004-07-21,0.0
2004-07-22,0.0
2004-07-23,0.0
2004-07-24,2.0676189e-05
2004-07-25,1.3245477e-07
2004-07-26,0.0
2004-07-27,0.0
2004-07-28,0.0
2004-07-29,0.0
2004-07-30,3.417333e-06
2004-07-31,0.0
2004-08-01,0.0
2004-08-02,0.0
2004-08-03,0.0
2004-08-04,2.1192763e-07
2004-08-05,5.2981907e-08
2004-08-06,0.0
2004-08-07,0.0
2004-08-08,0.0
2004-08-09,0.0
2004-08-10,0.0
2004-08-11,0.0
2004-08-12,0.0
2004-08-13,0.0
2004-08-14,0.0
2004-08-15,0.0
2004-08-16,0.0
2004-08-17,0.0
2004-08-18,0.0
2004-08-19,0.0
2004-08-20,0.0
2004-08-21,0.0
2004-08-22,7.64264e-06
2004-08-23,2.7471118e-05
2004-08-24,7.947286e-08
2004-08-25,7.947286e-08
2004-08-26,7.947286e-08
2004-08-27,0.0
2004-08-28,0.0
2004-08-29,6.0929193e-07
2004-08-30,0.0
2004-08-31,0.0
2004-09-01,3.973643e-08
2004-09-02,0.0
2004-09-03,0.0
2004-09-04,0.0
2004-09-05,0.0
2004-09-06,0.0
2004-09-07,0.0
2004-09-08,0.0
2004-09-09,0.0
2004-09-10,0.0
2004-09-11,0.0
2004-09-12,0.0
2004-09-13,0.0
2004-09-14,0.0
2004-09-15,0.0
2004-09-16,0.0
2004-09-17,0.0
2004-09-18,7.417467e-07
2004-09-19,3.508727e-05
2004-09-20,1.405345e-05
2004-09-21,0.0
2004-09-22,0.0
2004-09-23,0.0
2004-09-24,0.0
2004-09-25,0.0
2004-09-26,0.0
2004-09-27,0.0
2004-09-28,0.0
2004-09-29,7.205539e-06
2004-09-30,6.6889656e-06
2004-10-01,0.0
2004-10-02,0.0
2004-10-03,0.0
2004-10-04,6.8876477e-07
2004-10-05,0.0
2004-10-06,0.0
2004-10-07,5.2981907e-08
2004-10-08,0.0
2004-10-09,9.0665286e-05
2004-10-10,0.0
2004-10-11,0.0
2004-10-12,0.0
2004-10-13,0.0
2004-10-14,0.0
2004-10-15,0.0
2004-10-16,0.0
2004-10-17,0.0014445119
2004-10-18,0.0002253188
2004-10-19,0.0022363795
2004-10-20,0.00049087737
2004-10-21,0.0
2004-10-22,7.788341e-06
2004-10-23,0.0009361903
2004-10-24,6.928709e-05
2004-10-25,1.5603171e-05
2004-10-26,0.001374801
2004-10-27,4.3710074e-07
2004-10-28,8.0280835e-05
2004-10-29,3.2318962e-06
2004-10-30,0.0
2004-10-31,0.0
2004-11-01,0.0
2004-11-02,0.0
2004-11-03,0.00046406852
2004-11-04,7.5393255e-05
2004-11-05,0.0
2004-11-06,0.0
2004-11-07,0.0
2004-11-08,0.0
2004-11-09,0.00018082725
2004-11-10,0.00027896298
2004-11-11,0.00011756685
2004-11-12,0.0
2004-11-13,2.3232566e-05
2004-11-14,0.0
2004-11-15,0.0
2004-11-16,0.00011193752
2004-11-17,0.0
2004-11-18,0.0
2004-11-19,5.430645e-07
2004-11-20,0.0
2004-11-21,0.0
2004-11-22,1.0331472e-06
2004-11-23,0.0
2004-11-24,0.0
2004-11-25,9.995037e-05
2004-11-26,5.801519e-06
2004-11-27,0.0005435679
2004-11-28,2.6490953e-08
2004-11-29,0.0
2004-11-30,2.1457672e-06
2004-12-01,0.0
2004-12-02,0.0
2004-12-03,0.0
2004-12-04,0.0
2004-12-05,2.6490953e-08
2004-12-06,0.000808994
2004-12-07,0.0018742217
2004-12-08,0.003345026
2004-12-09,0.00081247755
2004-12-10,5.0200356e-06
2004-12-11,2.6490953e-08
2004-12-12,0.0
2004-12-13,0.00012597773
2004-12-14,4.5696896e-05
2004-12-15,0.0
2004-12-16,0.0
2004-12-17,0.0
2004-12-18,0.0
2004-12-19,0.0
2004-12-20,0.0
2004-12-21,0.0
2004-12-22,0.0
2004-12-23,0.0
2004-12-24,0.0
2004-12-25,0.0
2004-12-26,0.0012351671
2004-12-27,0.00243836
2004-12-28,0.00076244934
2004-12-29,0.000647929
2004-12-30,0.0016272068
2004-12-31,0.0005668402
2005-01-01,0.00092958077
2005-01-02,0.0006636646
2005-01-03,3.7352245e-05
2005-01-04,2.6490953e-08
2005-01-05,9.651979e-05
2005-01-06,0.00010265244
2005-01-07,0.0010181268
2005-01-08,0.0010954142
2005-01-09,0.00085888966
2005-01-10,0.0001868142
2005-01-11,0.00042551092
2005-01-12,0.0
2005-01-13,0.0
2005-01-14,2.6490954e-07
2005-01-15,9.271834e-08
2005-01-16,2.070268e-05
2005-01-17,3.006723e-06
2005-01-18,0.0
2005-01-19,0.0
2005-01-20,0.0
2005-01-21,0.0
2005-01-22,0.0
2005-01-23,0.0
2005-01-24,0.0
2005-01-25,0.00012913015
2005-01-26,0.0016351012
2005-01-27,0.00029864575
2005-01-28,0.0012359619
2005-01-29,0.00010841423
2005-01-30,0.0
2005-01-31,0.0
2005-02-01,0.0
2005-02-02,0.0
2005-02-03,0.0
2005-02-04,0.0
2005-02-05,1.9868214e-07
2005-02-06,1.3245477e-08
2005-02-07,0.00018511878
2005-02-08,2.6490953e-08
2005-02-09,0.0
2005-02-10,0.0
2005-02-11,0.0
2005-02-12,1.874235e-05
2005-02-13,0.00095350214
2005-02-14,0.0005704032
2005-02-15,3.8411883e-07
2005-02-16,5.2279895e-05
2005-02-17,2.1192763e-07
2005-02-18,0.00012281205
2005-02-19,0.00012621615
2005-02-20,0.0011977354
2005-02-21,3.8848983e-05
2005-02-22,3.8146973e-06
2005-02-23,1.3245477e-07
2005-02-24,2.1192763e-07
2005-02-25,1.613299e-05
2005-02-26,1.4649497e-05
2005-02-27,0.0004513926
2005-02-28,0.0011884504
2005-03-01,5.5140918e-05
2005-03-02,0.00041413307
2005-03-03,0.0
2005-03-04,0.00013471974
2005-03-05,0.0
2005-03-06,0.0
2005-03-07,0.0
2005-03-08,0.0
2005-03-09,0.0
2005-03-10,0.0
2005-03-11,0.0
2005-03-12,0.0
2005-03-13,0.0
2005-03-14,0.0
2005-03-15,0.0
2005-03-16,2.3841858e-07
2005-03-17,1.3709068e-05
2005-03-18,5.9604645e-06
2005-03-19,0.0018278095
2005-03-20,0.0014748573
2005-03-21,0.0007508993
2005-03-22,0.0019895632
2005-03-23,0.00065570406
2005-03-24,2.486176e-05
2005-03-25,8.742015e-07
2005-03-26,2.0808644e-05
2005-03-27,0.00073193177
2005-03-28,0.0005937682
2005-03-29,0.0003606081
2005-03-30,6.6227384e-09
2005-03-31,0.0
2005-04-01,1.5894572e-07
2005-04-02,9.4917086e-05
2005-04-03,0.0012112459
2005-04-04,4.1471587e-05
2005-04-05,4.1060977e-07
2005-04-06,0.0
2005-04-07,0.0006315708
2005-04-08,0.000797934
2005-04-09,0.00013098452
2005-04-10,0.0
2005-04-11,1.58151e-05
2005-04-12,8.764532e-05
2005-04-13,0.00015295876
2005-04-14,0.0
2005-04-15,0.0
2005-04-16,7.3379942e-06
2005-04-17,6.6664485e-05
2005-04-18,8.159213e-06
2005-04-19,6.0929193e-07
2005-04-20,1.6424391e-06
2005-04-21,1.5099844e-06
2005-04-22,2.3841858e-07
2005-04-23,0.00026855204
2005-04-24,9.074476e-05
2005-04-25,1.3563368e-05
2005-04-26,1.1258655e-06
2005-04-27,4.409419e-05
2005-04-28,0.00011134148
2005-04-29,8.2823964e-05
2005-04-30,5.932649e-05
2005-05-01,7.222759e-05
2005-05-02,1.7788676e-05
2005-05-03,2.026558e-06
2005-05-04,0.00030386448
2005-05-05,0.00082378916
2005-05-06,0.00025542578
2005-05-07,0.00020913284
2005-05-08,0.0014762878
2005-05-09,0.0013479127
2005-05-10,3.3656757e-05
2005-05-11,0.0
2005-05-12,1.4967388e-06
2005-05-13,3.496806e-05
2005-05-14,5.947219e-06
2005-05-15,0.00039064884
2005-05-16,0.00024100144
2005-05-17,0.00040006638
2005-05-18,0.0024506385
2005-05-19,0.00050458644
2005-05-20,5.7842997e-05
2005-05-21,0.0
2005-05-22,0.0
2005-05-23,0.0
2005-05-24,0.0
2005-05-25,5.337927e-06
2005-05-26,0.0
2005-05-27,0.0
2005-05-28,0.0001393689
2005-05-29,8.000268e-06
2005-05-30,1.2185839e-06
2005-05-31,1.0728836e-06
2005-06-01,0.0
2005-06-02,0.0
2005-06-03,0.0
2005-06-04,0.0
2005-06-05,4.675653e-06
2005-06-06,3.6213132e-05
2005-06-07,5.470382e-06
2005-06-08,0.00022653739
2005-06-09,0.00011165937
2005-06-10,8.384387e-06
2005-06-11,2.6490953e-08
2005-06-12,0.0
2005-06-13,0.0
2005-06-14,5.2981907e-08
2005-06-15,0.0
2005-06-16,0.00064390234
2005-06-17,0.0009426673
2005-06-18,0.0006799698
2005-06-19,2.2623273e-05
2005-06-20,0.0
2005-06-21,0.0
2005-06-22,0.0
2005-06-23,0.0
2005-06-24,0.0
2005-06-25,7.1525574e-06
2005-06-26,1.5894572e-06
2005-06-27,4.808108e-06
2005-06-28,1.8543667e-06
2005-06-29,0.0
2005-06-30,0.0
2005-07-01,0.0
2005-07-02,0.0
2005-07-03,0.0
2005-07-04,0.0
2005-07-05,0.0
2005-07-06,0.0
2005-07-07,0.0
2005-07-08,0.0
2005-07-09,1.8411213e-06
2005-07-10,5.9604645e-07
2005-07-11,0.0
2005-07-12,0.0
2005-07-13,0.0
2005-07-14,0.0
2005-07-15,0.0
2005-07-16,0.0
2005-07-17,0.0
2005-07-18,0.0
2005-07-19,0.0
2005-07-20,0.0
2005-07-21,5.2981907e-08
2005-07-22,0.0
2005-07-23,0.0
2005-07-24,0.0
2005-07-25,0.0
2005-07-26,0.0
2005-07-27,0.0
2005-07-28,0.0
2005-07-29,5.2981907e-08
2005-07-30,0.0
2005-07-31,5.2981907e-08
2005-08-01,0.0
2005-08-02,2.6490953e-08
2005-08-03,0.0
2005-08-04,0.0
2005-08-05,0.0
2005-08-06,0.0
2005-08-07,0.0
2005-08-08,0.0
2005-08-09,0.0
2005-08-10,0.0
2005-08-11,0.0
2005-08-12,0.0
2005-08-13,0.0
2005-08-14,0.0
2005-08-15,6.2386193e-06
2005-08-16,0.0
2005-08-17,0.0
2005-08-18,0.0
2005-08-19,0.0
2005-08-20,0.0
2005-08-21,0.0
2005-08-22,0.0
2005-08-23,0.0
2005-08-24,0.0
2005-08-25,0.0
2005-08-26,0.0
2005-08-27,0.0
2005-08-28,0.0
2005-08-29,0.0
2005-08-30,0.0
2005-08-31,0.0
2005-09-01,0.0
2005-09-02,0.0
2005-09-03,0.0
2005-09-04,0.0
2005-09-05,0.0
2005-09-06,0.0
2005-09-07,0.0
2005-09-08,0.0
2005-09-09,3.5378667e-05
2005-09-10,4.1418607e-05
2005-09-11,9.139379e-06
2005-09-12,0.0
2005-09-13,0.0
2005-09-14,0.0
2005-09-15,0.0
2005-09-16,6.580353e-05
2005-09-17,9.4042883e-07
2005-09-18,0.0
2005-09-19,0.0
2005-09-20,0.0
2005-09-21,0.0
2005-09-22,0.0
2005-09-23,5.90086e-05
2005-09-24,0.0
2005-09-25,0.0
2005-09-26,2.3841858e-07
2005-09-27,3.8279428e-05
2005-09-28,0.0
2005-09-29,0.0
2005-09-30,0.0
2005-10-01,8.60956e-07
2005-10-02,5.0200356e-06
2005-10-03,8.351273e-05
2005-10-04,5.2981907e-08
2005-10-05,0.0
2005-10-06,0.0
2005-10-07,2.6490953e-08
2005-10-08,3.1656689e-06
2005-10-09,0.0
2005-10-10,0.0
2005-10-11,0.0
2005-10-12,0.0
2005-10-13,0.0
2005-10-14,0.0
2005-10-15,5.821387e-05
2005-10-16,0.0
2005-10-17,0.0
2005-10-18,0.0
2005-10-19,0.00010044045
2005-10-20,0.0
2005-10-21,0.0
2005-10-22,0.0
2005-10-23,0.0
2005-10-24,0.0
2005-10-25,2.6888317e-06
2005-10-26,0.00043200122
2005-10-27,0.00014763408
2005-10-28,0.0007687542
2005-10-29,0.00012318294
2005-10-30,0.0
2005-10-31,0.0
2005-11-01,3.973643e-08
2005-11-02,0.00019192696
2005-11-03,0.00067109533
2005-11-04,0.00056336983
2005-11-05,7.9804e-05
2005-11-06,0.00116992
2005-11-07,0.0027639072
2005-11-08,0.00074546866
2005-11-09,0.0
2005-11-10,0.0
2005-11-11,3.7140315e-05
2005-11-12,2.304713e-06
2005-11-13,3.1789143e-06
2005-11-14,4.132589e-06
2005-11-15,0.0
2005-11-16,0.0
2005-11-17,0.0
2005-11-18,0.0
2005-11-19,0.0
2005-11-20,0.0
2005-11-21,0.0
2005-11-22,0.0
2005-11-23,0.0
2005-11-24,0.0
2005-11-25,0.00089118216
2005-11-26,5.258454e-06
2005-11-27,0.0
2005-11-28,0.00087993674
2005-11-29,0.00067276426
2005-11-30,6.247891e-05
2005-12-01,0.0030741957
2005-12-02,8.65327e-05
2005-12-03,2.0212598e-05
2005-12-04,0.0
2005-12-05,0.0
2005-12-06,0.0
2005-12-07,4.5339268e-05
2005-12-08,2.4027295e-05
2005-12-09,0.0
2005-12-10,0.0
2005-12-11,0.0
2005-12-12,0.0
2005-12-13,0.0
2005-12-14,0.0
2005-12-15,0.0
2005-12-16,0.0
2005-12-17,1.2291803e-05
2005-12-18,0.0013356738
2005-12-19,0.0021455819
2005-12-20,0.00044916736
2005-12-21,0.0015384754
2005-12-22,0.0017716752
2005-12-23,0.0007705026
2005-12-24,9.271834e-08
2005-12-25,0.0008613004
2005-12-26,0.0013988415
2005-12-27,0.001473864
2005-12-28,0.0028451947
2005-12-29,2.527237e-05
2005-12-30,0.002805935
2005-12-31,0.0018820497
2006-01-01,0.0015428066
2006-01-02,0.0005157259
2006-01-03,0.0009846025
2006-01-04,0.0006225639
2006-01-05,3.973643e-08
2006-01-06,0.0
2006-01-07,0.00051274564
2006-01-08,1.2702412e-05
2006-01-09,0.0
2006-01-10,0.00036622418
2006-01-11,0.0005931854
2006-01-12,2.280871e-05
2006-01-13,0.00014710426
2006-01-14,0.0012927452
2006-01-15,3.6994617e-05
2006-01-16,6.793605e-05
2006-01-17,0.0009727478
2006-01-18,0.0012184911
2006-01-19,1.1404355e-05
2006-01-20,6.900894e-05
2006-01-21,9.572506e-05
2006-01-22,1.05963814e-07
2006-01-23,0.0
2006-01-24,0.0
2006-01-25,2.6490953e-08
2006-01-26,0.00027787685
2006-01-27,0.0004155106
2006-01-28,0.0013582044
2006-01-29,0.00023355748
2006-01-30,0.0012533002
2006-01-31,7.218785e-06
2006-02-01,0.0008255376
2006-02-02,0.0005726947
2006-02-03,9.950002e-05
2006-02-04,0.00073189207
2006-02-05,0.0
2006-02-06,0.0
2006-02-07,0.0
2006-02-08,0.0
2006-02-09,0.0
2006-02-10,0.0
2006-02-11,0.0
2006-02-12,0.0
2006-02-13,0.0
2006-02-14,5.2981907e-08
2006-02-15,2.0927853e-06
2006-02-16,7.9737765e-06
2006-02-17,0.00012303723
2006-02-18,0.00016264121
2006-02-19,6.6889656e-06
2006-02-20,0.0
2006-02-21,0.0
2006-02-22,0.0
2006-02-23,0.0
2006-02-24,0.0
2006-02-25,0.0
2006-02-26,0.00021251042
2006-02-27,0.002439022
2006-02-28,0.0026877853
2006-03-01,0.00027688345
2006-03-02,0.0006707112
2006-03-03,0.0002882613
2006-03-04,0.00018376774
2006-03-05,0.0015339586
2006-03-06,0.001620743
2006-03-07,0.00059684116
2006-03-08,2.3947821e-05
2006-03-09,0.0002885262
2006-03-10,0.00024765066
2006-03-11,0.00028080412
2006-03-12,0.00010332796
2006-03-13,0.00025192896
2006-03-14,0.0012827715
2006-03-15,0.00054781965
2006-03-16,0.0010996395
2006-03-17,0.0005484025
2006-03-18,3.7087335e-07
2006-03-19,0.0
2006-03-20,0.0002621677
2006-03-21,0.00017318461
2006-03-22,4.251798e-05
2006-03-23,4.3710074e-07
2006-03-24,0.00069080456
2006-03-25,0.0014856921
2006-03-26,3.2583873e-06
2006-03-27,3.0994415e-06
2006-03-28,0.0012437635
2006-03-29,0.00042508708
2006-03-30,9.3592535e-05
2006-03-31,0.0013134083
2006-04-01,0.0006569889
2006-04-02,0.0004219214
2006-04-03,0.0019225677
2006-04-04,0.00030604997
2006-04-05,0.00048620172
2006-04-06,0.0001638068
2006-04-07,9.708934e-06
2006-04-08,0.0006666051
2006-04-09,0.00043923326
2006-04-10,0.00053905114
2006-04-11,0.0012169811
2006-04-12,0.0016801092
2006-04-13,1.2397766e-05
2006-04-14,9.756618e-05
2006-04-15,0.00077544316
2006-04-16,0.000680844
2006-04-17,9.392368e-05
2006-04-18,0.0
2006-04-19,0.0
2006-04-20,1.2185839e-06
2006-04-21,7.098251e-05
2006-04-22,8.1949765e-05
2006-04-23,4.000134e-06
2006-04-24,0.00016711818
2006-04-25,5.0796403e-05
2006-04-26,4.7683716e-07
2006-04-27,0.0
2006-04-28,0.0
2006-04-29,1.1112955e-05
2006-04-30,3.973643e-07
2006-05-01,0.0
2006-05-02,5.2981907e-08
2006-05-03,0.0
2006-05-04,0.0
2006-05-05,3.0729507e-06
2006-05-06,5.8372814e-05
2006-05-07,5.2981907e-08
2006-05-08,0.0
2006-05-09,0.0
2006-05-10,0.0
2006-05-11,0.0
2006-05-12,0.0
2006-05-13,0.0
2006-05-14,0.0
2006-05-15,6.4637925e-06
2006-05-16,4.7683716e-07
2006-05-17,0.0
2006-05-18,8.794997e-06
2006-05-19,0.0001657539
2006-05-20,0.0003432565
2006-05-21,9.0678535e-05
2006-05-22,0.0005191167
2006-05-23,0.0001506408
2006-05-24,6.1790146e-05
2006-05-25,1.9868214e-07
2006-05-26,7.494291e-05
2006-05-27,6.557835e-05
2006-05-28,5.0995086e-06
2006-05-29,4.2385525e-07
2006-05-30,0.0
2006-05-31,0.0
2006-06-01,4.6796267e-05
2006-06-02,6.3459076e-05
2006-06-03,1.8543668e-07
2006-06-04,1.3245477e-08
2006-06-05,0.0
2006-06-06,0.0
2006-06-07,0.0
2006-06-08,0.0
2006-06-09,0.0
2006-06-10,0.0
2006-06-11,6.622738e-07
2006-06-12,8.357896e-06
2006-06-13,0.00018465519
2006-06-14,0.00018415187
2006-06-15,1.7748939e-06
2006-06-16,0.0
2006-06-17,0.0
2006-06-18,0.0
2006-06-19,0.0
2006-06-20,0.0
2006-06-21,0.0
2006-06-22,0.0
2006-06-23,0.0
2006-06-24,0.0
2006-06-25,0.0
2006-06-26,5.0849383e-05
2006-06-27,3.2742817e-05
2006-06-28,3.1259326e-05
2006-06-29,3.0199687e-06
2006-06-30,0.0
2006-07-01,0.0
2006-07-02,2.1192763e-07
2006-07-03,0.0
2006-07-04,0.0
2006-07-05,0.0
2006-07-06,0.0
2006-07-07,0.0
2006-07-08,4.9935447e-06
2006-07-09,0.0
2006-07-10,0.0
2006-07-11,0.0
2006-07-12,0.0
2006-07-13,0.0
2006-07-14,0.0
2006-07-15,0.0
2006-07-16,0.0
2006-07-17,0.0
2006-07-18,0.0
2006-07-19,0.0
2006-07-20,0.0
2006-07-21,5.669064e-06
2006-07-22,5.8809917e-05
2006-07-23,2.78155e-07
2006-07-24,2.3616685e-05
2006-07-25,0.0
2006-07-26,0.0
2006-07-27,0.0
2006-07-28,0.0
2006-07-29,0.0
2006-07-30,0.0
2006-07-31,0.0
2006-08-01,0.0
2006-08-02,0.0
2006-08-03,0.0
2006-08-04,0.0
2006-08-05,1.1735492e-05
2006-08-06,9.8148985e-06
2006-08-07,7.930067e-05
2006-08-08,2.6226044e-06
2006-08-09,0.0
2006-08-10,0.0
2006-08-11,0.0
2006-08-12,0.0
2006-08-13,0.0
2006-08-14,0.0
2006-08-15,0.0
2006-08-16,5.2981907e-08
2006-08-17,0.0
2006-08-18,0.0
2006-08-19,0.0
2006-08-20,0.0
2006-08-21,0.0
2006-08-22,0.0
2006-08-23,0.0
2006-08-24,0.0
2006-08-25,0.0
2006-08-26,0.0
2006-08-27,0.0
2006-08-28,0.0
2006-08-29,0.0
2006-08-30,0.0
2006-08-31,0.0
2006-09-01,0.0
2006-09-02,0.0
2006-09-03,0.0
2006-09-04,0.0
2006-09-05,0.0
2006-09-06,0.0
2006-09-07,2.3841858e-07
2006-09-08,0.0
2006-09-09,0.0
2006-09-10,0.0
2006-09-11,0.0
2006-09-12,0.0
2006-09-13,0.0
2006-09-14,0.0
2006-09-15,2.541807e-05
2006-09-16,0.0
2006-09-17,0.0
2006-09-18,0.0
2006-09-19,1.3245477e-08
2006-09-20,0.0
2006-09-21,2.6490953e-08
2006-09-22,0.0
2006-09-23,0.0
2006-09-24,0.0
2006-09-25,0.0
2006-09-26,0.0
2006-09-27,0.0
2006-09-28,0.0
2006-09-29,0.0
2006-09-30,0.0
2006-10-01,0.0
2006-10-02,2.3841858e-07
2006-10-03,1.3245477e-08
2006-10-04,2.1643109e-05
2006-10-05,0.00011988481
2006-10-06,3.3511056e-05
2006-10-07,2.6490953e-08
2006-10-08,0.0
2006-10-09,0.0
2006-10-10,0.0
2006-10-11,0.0
2006-10-12,0.0
2006-10-13,0.0
2006-10-14,0.0
2006-10-15,3.4438239e-07
2006-10-16,8.79897e-05
2006-10-17,2.5166406e-07
2006-10-18,0.0
2006-10-19,0.0
2006-10-20,0.0
2006-10-21,0.0
2006-10-22,0.0
2006-10-23,0.0
2006-10-24,0.0
2006-10-25,0.0
2006-10-26,0.0
2006-10-27,0.0
2006-10-28,0.0
2006-10-29,0.0
2006-10-30,0.0
2006-10-31,0.0
2006-11-01,3.618664e-05
2006-11-02,0.0004900164
2006-11-03,0.0005842447
2006-11-04,9.993712e-05
2006-11-05,6.4373016e-06
2006-11-06,3.4438239e-07
2006-11-07,1.1033482e-05
2006-11-08,0.00015146202
2006-11-09,1.4570024e-06
2006-11-10,0.0
2006-11-11,0.0005222426
2006-11-12,1.1523564e-05
2006-11-13,0.0012734333
2006-11-14,0.0004218552
2006-11-15,0.0
2006-11-16,0.000412835
2006-11-17,0.00034582615
2006-11-18,4.251798e-06
2006-11-19,2.6490953e-08
2006-11-20,0.0002250539
2006-11-21,0.0007120371
2006-11-22,0.0005489588
2006-11-23,0.00024799505
2006-11-24,0.0
2006-11-25,2.1192763e-07
2006-11-26,0.0006530152
2006-11-27,0.00065153174
2006-11-28,8.499622e-05
2006-11-29,3.2054054e-06
2006-11-30,0.0
2006-12-01,5.2981907e-08
2006-12-02,0.0
2006-12-03,0.0
2006-12-04,0.0
2006-12-05,0.0
2006-12-06,0.0
2006-12-07,0.0
2006-12-08,0.0
2006-12-09,0.0011091498
2006-12-10,0.001440035
2006-12-11,0.00073005096
2006-12-12,0.00097425777
2006-12-13,0.0016401211
2006-12-14,0.0008629031
2006-12-15,0.00031838153
2006-12-16,7.0201025e-07
2006-12-17,1.7219119e-07
2006-12-18,0.0
2006-12-19,0.0
2006-12-20,3.973643e-06
2006-12-21,0.000374794
2006-12-22,1.1457338e-05
2006-12-23,3.3656757e-05
2006-12-24,2.78155e-07
2006-12-25,9.5036296e-05
2006-12-26,0.001840459
2006-12-27,0.0011010435
2006-12-28,6.6227386e-08
2006-12-29,0.0
2006-12-30,0.0
2006-12-31,4.8213533e-06
2007-01-01,0.0
2007-01-02,4.7418807e-06
2007-01-03,0.0005507469
2007-01-04,0.00030198361
2007-01-05,1.7219119e-07
2007-01-06,8.079741e-06
2007-01-07,1.9868214e-07
2007-01-08,0.0
2007-01-09,0.0
2007-01-10,4.6359168e-07
2007-01-11,7.788341e-06
2007-01-12,1.086129e-06
2007-01-13,0.0
2007-01-14,0.0
2007-01-15,0.0
2007-01-16,5.033281e-06
2007-01-17,5.2809715e-05
2007-01-18,0.0
2007-01-19,0.0
2007-01-20,5.2981907e-08
2007-01-21,0.0
2007-01-22,0.0
2007-01-23,0.0
2007-01-24,0.0
2007-01-25,0.0
2007-01-26,0.0
2007-01-27,5.2981907e-08
2007-01-28,0.0
2007-01-29,0.0
2007-01-30,0.0
2007-01-31,0.0
2007-02-01,0.0
2007-02-02,0.0
2007-02-03,0.0
2007-02-04,0.0
2007-02-05,0.0
2007-02-06,0.0
2007-02-07,0.0005924569
2007-02-08,0.0009586944
2007-02-09,0.0016370879
2007-02-10,0.0015718142
2007-02-11,0.0010710689
2007-02-12,0.00018518501
2007-02-13,0.00013971329
2007-02-14,3.4305785e-06
2007-02-15,2.7550592e-05
2007-02-16,0.0
2007-02-17,0.0
2007-02-18,1.973576e-06
2007-02-19,0.0
2007-02-20,6.939305e-05
2007-02-21,0.0014559296
2007-02-22,0.0013675424
2007-02-23,2.78155e-05
2007-02-24,0.0003071361
2007-02-25,0.0013042821
2007-02-26,0.00074768066
2007-02-27,0.0006092787
2007-02-28,0.00025006136
2007-03-01,0.000111195775
2007-03-02,4.665057e-05
2007-03-03,2.6490953e-08
2007-03-04,0.0
2007-03-05,3.0464597e-07
2007-03-06,0.0
2007-03-07,0.00013034874
2007-03-08,2.310011e-05
2007-03-09,4.940563e-05
2007-03-10,4.1590797e-06
2007-03-11,0.0
2007-03-12,0.0
2007-03-13,6.6227386e-08
2007-03-14,0.0
2007-03-15,0.0
2007-03-16,0.0
2007-03-17,0.0
2007-03-18,0.0
2007-03-19,5.4041543e-06
2007-03-20,0.0002542999
2007-03-21,9.271834e-08
2007-03-22,0.0
2007-03-23,0.0
2007-03-24,2.6490952e-06
2007-03-25,5.569723e-05
2007-03-26,0.0007094012
2007-03-27,5.523364e-05
2007-03-28,6.6227386e-08
2007-03-29,0.0
2007-03-30,0.0
2007-03-31,5.165736e-07
2007-04-01,2.5431316e-06
2007-04-02,0.0
2007-04-03,0.0
2007-04-04,8.967188e-06
2007-04-05,0.0
2007-04-06,0.0
2007-04-07,0.00015691917
2007-04-08,1.3377932e-06
2007-04-09,4.967054e-06
2007-04-10,2.6490953e-08
2007-04-11,0.00024088223
2007-04-12,4.609426e-06
2007-04-13,0.0
2007-04-14,0.00043967034
2007-04-15,1.920594e-06
2007-04-16,3.7352245e-06
2007-04-17,7.0002345e-05
2007-04-18,2.292792e-05
2007-04-19,0.00011744764
2007-04-20,1.5497208e-06
2007-04-21,0.0005653567
2007-04-22,0.00094089244
2007-04-23,2.6490953e-08
2007-04-24,0.0
2007-04-25,2.6490953e-08
2007-04-26,0.0
2007-04-27,0.0
2007-04-28,0.0
2007-04-29,5.2981907e-08
2007-04-30,0.0
2007-05-01,7.891655e-05
2007-05-02,0.00054068037
2007-05-03,5.2981908e-05
2007-05-04,0.00020488103
2007-05-05,0.0
2007-05-06,0.0
2007-05-07,0.0
2007-05-08,1.0199017e-06
2007-05-09,2.6490953e-08
2007-05-10,0.0
2007-05-11,0.0
2007-05-12,1.3245477e-07
2007-05-13,0.0
2007-05-14,0.0
2007-05-15,0.0
2007-05-16,0.0
2007-05-17,0.0
2007-05-18,0.0
2007-05-19,0.0
2007-05-20,1.2715658e-06
2007-05-21,0.0
2007-05-22,0.0
2007-05-23,0.0
2007-05-24,0.0
2007-05-25,0.0
2007-05-26,0.0
2007-05-27,0.0
2007-05-28,0.0
2007-05-29,0.0
2007-05-30,0.0
2007-05-31,5.298191e-07
2007-06-01,0.0
2007-06-02,0.0
2007-06-03,1.3245477e-08
2007-06-04,3.7670135e-05
2007-06-05,7.738007e-05
2007-06-06,1.1867947e-05
2007-06-07,0.0
2007-06-08,0.0
2007-06-09,9.669198e-06
2007-06-10,3.973643e-07
2007-06-11,0.0
2007-06-12,0.0
2007-06-13,0.0
2007-06-14,0.0
2007-06-15,0.0
2007-06-16,0.0
2007-06-17,0.0
2007-06-18,0.0
2007-06-19,0.0
2007-06-20,0.0
2007-06-21,0.0
2007-06-22,0.0
2007-06-23,0.0
2007-06-24,0.0
2007-06-25,0.0
2007-06-26,0.0
2007-06-27,0.0
2007-06-28,5.2981907e-08
2007-06-29,4.7683716e-07
2007-06-30,0.0
2007-07-01,0.0
2007-07-02,0.0
2007-07-03,0.0
2007-07-04,0.0
2007-07-05,0.0
2007-07-06,0.0
2007-07-07,0.0
2007-07-08,0.0
2007-07-09,0.0
2007-07-10,1.4437569e-06
2007-07-11,2.000067e-06
2007-07-12,0.0
2007-07-13,0.0
2007-07-14,0.0
2007-07-15,0.0
2007-07-16,0.0
2007-07-17,0.0
2007-07-18,0.0011816687
2007-07-19,3.9047663e-05
2007-07-20,0.0
2007-07-21,0.0
2007-07-22,0.0
2007-07-23,0.0
2007-07-24,0.0
2007-07-25,0.0
2007-07-26,0.0
2007-07-27,0.0
2007-07-28,0.0
2007-07-29,0.0
2007-07-30,0.0
2007-07-31,0.0
2007-08-01,0.0
2007-08-02,0.0
2007-08-03,0.0
2007-08-04,0.0
2007-08-05,0.0
2007-08-06,0.0
2007-08-07,0.0
2007-08-08,0.0
2007-08-09,0.0
2007-08-10,0.0
2007-08-11,0.0
2007-08-12,0.0
2007-08-13,0.0
2007-08-14,0.0
2007-08-15,0.0
2007-08-16,0.0
2007-08-17,0.0
2007-08-18,0.0
2007-08-19,4.216035e-05
2007-08-20,0.0
2007-08-21,0.0
2007-08-22,0.0
2007-08-23,0.0
2007-08-24,0.0
2007-08-25,0.0
2007-08-26,0.0
2007-08-27,0.0
2007-08-28,0.0
2007-08-29,1.1550055e-05
2007-08-30,1.8278757e-06
2007-08-31,3.7127073e-05
2007-09-01,5.2981907e-08
2007-09-02,0.0
2007-09-03,0.0
2007-09-04,3.6742953e-05
2007-09-05,0.0
2007-09-06,0.0
2007-09-07,0.0
2007-09-08,0.0
2007-09-09,0.0
2007-09-10,0.0
2007-09-11,0.0
2007-09-12,0.0
2007-09-13,1.05963814e-07
2007-09-14,3.2318962e-06
2007-09-15,8.2121954e-07
2007-09-16,2.6490953e-08
2007-09-17,3.1656689e-06
2007-09-18,0.0
2007-09-19,0.00041540465
2007-09-20,1.2318294e-05
2007-09-21,0.0
2007-09-22,0.00016317103
2007-09-23,0.0004725721
2007-09-24,0.0
2007-09-25,0.0
2007-09-26,0.0
2007-09-27,0.0
2007-09-28,0.0002369086
2007-09-29,0.0
2007-09-30,0.0
2007-10-01,0.00024138557
2007-10-02,0.0
2007-10-03,2.6490953e-08
2007-10-04,1.680851e-05
2007-10-05,5.97371e-06
2007-10-06,0.0
2007-10-07,0.0
2007-10-08,0.0
2007-10-09,2.026558e-06
2007-10-10,0.0013557407
2007-10-11,2.3576948e-05
2007-10-12,6.438626e-05
2007-10-13,0.0
2007-10-14,0.0
2007-10-15,0.00027304224
2007-10-16,0.00057460205
2007-10-17,0.00061847107
2007-10-18,0.00015729004
2007-10-19,0.0016541348
2007-10-20,2.3616685e-05
2007-10-21,0.0
2007-10-22,0.0
2007-10-23,0.0
2007-10-24,0.0
2007-10-25,0.0
2007-10-26,0.0
2007-10-27,0.0
2007-10-28,0.0
2007-10-29,5.332629e-05
2007-10-30,0.00011278523
2007-10-31,0.0
2007-11-01,0.0
2007-11-02,0.0
2007-11-03,0.0
2007-11-04,0.0
2007-11-05,0.0
2007-11-06,0.0
2007-11-07,0.0
2007-11-08,0.0
2007-11-09,0.0
2007-11-10,0.00010005633
2007-11-11,0.00027100244
2007-11-12,3.7378733e-05
2007-11-13,3.5179986e-05
2007-11-14,0.0
2007-11-15,2.0662944e-06
2007-11-16,1.8027094e-05
2007-11-17,1.9245677e-05
2007-11-18,1.2318294e-05
2007-11-19,0.00031847425
2007-11-20,0.0
2007-11-21,0.0
2007-11-22,0.0
2007-11-23,0.0
2007-11-24,0.0
2007-11-25,0.0
2007-11-26,0.0
2007-11-27,3.4279292e-05
2007-11-28,0.0
2007-11-29,0.0
2007-11-30,6.6227386e-08
2007-12-01,1.2450748e-06
2007-12-02,0.00048973825
2007-12-03,0.0011243025
2007-12-04,0.0012615786
2007-12-05,2.6490953e-08
2007-12-06,0.0004432731
2007-12-07,0.00054572686
2007-12-08,6.291601e-07
2007-12-09,0.0
2007-12-10,0.0
2007-12-11,0.0
2007-12-12,2.6490953e-08
2007-12-13,0.0
2007-12-14,0.0
2007-12-15,6.0399375e-06
2007-12-16,0.00014509095
2007-12-17,0.0009181367
2007-12-18,0.0016513533
2007-12-19,0.000739495
2007-12-20,0.0014494923
2007-12-21,1.3245477e-08
2007-12-22,7.2320304e-06
2007-12-23,2.5073687e-05
2007-12-24,0.00011163288
2007-12-25,0.0
2007-12-26,1.528528e-05
2007-12-27,0.000104679
2007-12-28,0.0003598266
2007-12-29,0.0005919536
2007-12-30,9.7963544e-05
2007-12-31,2.6490953e-08
2008-01-01,0.0
2008-01-02,0.0
2008-01-03,0.0011928877
2008-01-04,0.0033290784
2008-01-05,0.0008138551
2008-01-06,0.00041683516
2008-01-07,0.00044357777
2008-01-08,0.00097190007
2008-01-09,0.00028173128
2008-01-10,0.00055885315
2008-01-11,9.549988e-05
2008-01-12,4.0716594e-05
2008-01-13,0.0
2008-01-14,0.0
2008-01-15,0.0
2008-01-16,0.0
2008-01-17,0.0
2008-01-18,0.0
2008-01-19,0.0
2008-01-20,3.9484767e-05
2008-01-21,0.00043740537
2008-01-22,1.5417734e-05
2008-01-23,3.132555e-05
2008-01-24,0.00043739213
2008-01-25,0.00067506894
2008-01-26,0.001254744
2008-01-27,0.00067461864
2008-01-28,0.00028849972
2008-01-29,0.0004573928
2008-01-30,0.00019897355
2008-01-31,0.0017875963
2008-02-01,0.00014868047
2008-02-02,0.0010830826
2008-02-03,0.0010848178
2008-02-04,5.5631e-07
2008-02-05,0.0
2008-02-06,2.7841992e-05
2008-02-07,1.9338395e-06
2008-02-08,6.6227386e-08
2008-02-09,0.0
2008-02-10,0.0
2008-02-11,0.0
2008-02-12,0.0
2008-02-13,1.7219119e-07
2008-02-14,0.0
2008-02-15,0.0
2008-02-16,0.0
2008-02-17,0.0
2008-02-18,0.0
2008-02-19,5.1789815e-05
2008-02-20,0.00020550357
2008-02-21,0.00055150193
2008-02-22,0.00073520344
2008-02-23,0.0005858872
2008-02-24,0.0016183986
2008-02-25,0.00025166405
2008-02-26,0.0
2008-02-27,0.0
2008-02-28,0.0
2008-02-29,0.0
2008-03-01,9.349982e-05
2008-03-02,0.0
2008-03-03,0.0
2008-03-04,0.0
2008-03-05,0.0
2008-03-06,0.0
2008-03-07,0.0
2008-03-08,1.9603306e-06
2008-03-09,0.0
2008-03-10,2.6490953e-08
2008-03-11,1.0477172e-05
2008-03-12,3.8411883e-07
2008-03-13,0.0001791848
2008-03-14,0.0002717707
2008-03-15,9.1817645e-05
2008-03-16,4.503462e-07
2008-03-17,0.0
2008-03-18,2.1060307e-06
2008-03-19,9.931458e-05
2008-03-20,1.11659365e-05
2008-03-21,2.6490953e-08
2008-03-22,0.0
2008-03-23,0.0
2008-03-24,5.4915745e-05
2008-03-25,1.4278624e-05
2008-03-26,0.00019649665
2008-03-27,5.2981907e-08
2008-03-28,7.40687e-05
2008-03-29,0.00014351474
2008-03-30,0.0
2008-03-31,0.0
2008-04-01,0.0
2008-04-02,0.0
2008-04-03,0.0
2008-04-04,5.2981907e-08
2008-04-05,1.05963814e-07
2008-04-06,6.650554e-05
2008-04-07,0.0
2008-04-08,5.6995286e-05
2008-04-09,1.05963814e-07
2008-04-10,0.0
2008-04-11,0.0
2008-04-12,0.0
2008-04-13,0.0
2008-04-14,5.6558183e-06
2008-04-15,7.947286e-07
2008-04-16,0.0
2008-04-17,0.0
2008-04-18,0.0
2008-04-19,1.3245476e-06
2008-04-20,2.4676323e-05
2008-04-21,1.05963814e-07
2008-04-22,0.00034691227
2008-04-23,0.00071420934
2008-04-24,0.0
2008-04-25,0.0
2008-04-26,0.0
2008-04-27,0.0
2008-04-28,0.0
2008-04-29,6.0002008e-06
2008-04-30,5.695555e-07
2008-05-01,0.0
2008-05-02,0.0
2008-05-03,2.6226044e-06
2008-05-04,1.3245476e-06
2008-05-05,0.0
2008-05-06,5.9339736e-06
2008-05-07,6.0929193e-07
2008-05-08,1.3245477e-08
2008-05-09,0.0
2008-05-10,5.2981907e-08
2008-05-11,0.0
2008-05-12,0.0
2008-05-13,0.0
2008-05-14,0.0
2008-05-15,0.0
2008-05-16,0.0
2008-05-17,0.0
2008-05-18,0.0
2008-05-19,0.0
2008-05-20,3.0583804e-05
2008-05-21,0.0
2008-05-22,2.6490953e-08
2008-05-23,8.371141e-06
2008-05-24,0.0004506111
2008-05-25,0.00019930469
2008-05-26,5.9803326e-05
2008-05-27,4.157755e-05
2008-05-28,5.690257e-05
2008-05-29,7.722113e-06
2008-05-30,1.6159481e-06
2008-05-31,5.2981907e-08
2008-06-01,2.6490953e-08
2008-06-02,0.0
2008-06-03,3.3775966e-06
2008-06-04,2.6490954e-07
2008-06-05,0.0
2008-06-06,2.6490953e-08
2008-06-07,0.0
2008-06-08,0.0
2008-06-09,0.0
2008-06-10,0.0
2008-06-11,0.0
2008-06-12,0.0
2008-06-13,0.0
2008-06-14,0.0
2008-06-15,0.0
2008-06-16,0.0
2008-06-17,0.0
2008-06-18,0.0
2008-06-19,0.0
2008-06-20,0.0
2008-06-21,1.2808376e-05
2008-06-22,0.0
2008-06-23,0.0
2008-06-24,0.0
2008-06-25,0.0
2008-06-26,0.0
2008-06-27,5.033281e-07
2008-06-28,1.1656019e-06
2008-06-29,0.0
2008-06-30,1.8543667e-06
2008-07-01,0.0
2008-07-02,0.0
2008-07-03,0.0
2008-07-04,2.6490953e-08
2008-07-05,0.0
2008-07-06,0.0
2008-07-07,0.0
2008-07-08,0.0
2008-07-09,0.0
2008-07-10,0.0
2008-07-11,0.0
2008-07-12,0.0
2008-07-13,1.5894572e-07
2008-07-14,5.9604645e-06
2008-07-15,0.0
2008-07-16,0.0
2008-07-17,0.0
2008-07-18,0.0
2008-07-19,0.0
2008-07-20,0.0
2008-07-21,0.0
2008-07-22,0.0
2008-07-23,0.0
2008-07-24,0.0
2008-07-25,0.0
2008-07-26,0.0
2008-07-27,0.0
2008-07-28,0.0
2008-07-29,0.0
2008-07-30,0.0
2008-07-31,0.0
2008-08-01,0.0
2008-08-02,0.0
2008-08-03,0.0
2008-08-04,0.0
2008-08-05,0.0
2008-08-06,2.7630063e-05
2008-08-07,1.642439e-05
2008-08-08,0.0
2008-08-09,0.0
2008-08-10,0.0
2008-08-11,0.0
2008-08-12,0.0
2008-08-13,0.0
2008-08-14,0.0
2008-08-15,0.0
2008-08-16,6.6227386e-08
2008-08-17,6.622738e-07
2008-08-18,5.1524903e-06
2008-08-19,2.6490953e-08
2008-08-20,3.3775966e-06
2008-08-21,3.973643e-08
2008-08-22,0.0
2008-08-23,0.0
2008-08-24,0.0
2008-08-25,0.0
2008-08-26,0.0
2008-08-27,0.0
2008-08-28,0.0
2008-08-29,0.0
2008-08-30,0.0
2008-08-31,0.0
2008-09-01,0.0
2008-09-02,0.0
2008-09-03,0.0
2008-09-04,0.0
2008-09-05,0.0
2008-09-06,0.0
2008-09-07,0.0
2008-09-08,0.0
2008-09-09,0.0
2008-09-10,0.0
2008-09-11,0.0
2008-09-12,0.0
2008-09-13,0.0
2008-09-14,0.0
2008-09-15,0.0
2008-09-16,4.503462e-06
2008-09-17,0.0
2008-09-18,0.0
2008-09-19,5.722046e-06
2008-09-20,4.503462e-07
2008-09-21,4.503462e-06
2008-09-22,0.0
2008-09-23,0.0
2008-09-24,0.0
2008-09-25,0.0
2008-09-26,0.0
2008-09-27,0.0
2008-09-28,0.0
2008-09-29,0.0
2008-09-30,0.0
2008-10-01,0.0
2008-10-02,4.1272906e-05
2008-10-03,0.0005806155
2008-10-04,0.0008279085
2008-10-05,3.153748e-05
2008-10-06,0.0
2008-10-07,0.0
2008-10-08,0.0
2008-10-09,0.0
2008-10-10,2.7815502e-06
2008-10-11,0.0
2008-10-12,0.0
2008-10-13,0.0
2008-10-14,0.0
2008-10-15,0.0
2008-10-16,0.0
2008-10-17,0.0
2008-10-18,0.0
2008-10-19,0.0
2008-10-20,0.0
2008-10-21,0.0
2008-10-22,0.0
2008-10-23,0.0
2008-10-24,0.0
2008-10-25,0.0
2008-10-26,0.0
2008-10-27,0.0
2008-10-28,0.0
2008-10-29,0.0
2008-10-30,5.5233636e-06
2008-10-31,0.001051108
2008-11-01,0.0020653803
2008-11-02,0.0010003778
2008-11-03,0.0010682874
2008-11-04,0.00016729037
2008-11-05,0.00019007259
2008-11-06,4.883607e-05
2008-11-07,0.0
2008-11-08,8.542008e-05
2008-11-09,5.7154233e-05
2008-11-10,0.0
2008-11-11,6.8797e-05
2008-11-12,1.6609827e-05
2008-11-13,1.9868214e-07
2008-11-14,0.0
2008-11-15,0.0
2008-11-16,0.0
2008-11-17,0.0
2008-11-18,0.0
2008-11-19,0.0
2008-11-20,6.822745e-05
2008-11-21,0.0
2008-11-22,2.6490953e-08
2008-11-23,0.0
2008-11-24,0.0
2008-11-25,2.6490953e-08
2008-11-26,0.0
2008-11-27,0.0
2008-11-28,0.0
2008-11-29,0.0
2008-11-30,0.0
2008-12-01,0.0
2008-12-02,8.90096e-06
2008-12-03,0.0
2008-12-04,0.0
2008-12-05,0.0
2008-12-06,0.0
2008-12-07,0.0
2008-12-08,2.1192763e-07
2008-12-09,0.0
2008-12-10,0.0
2008-12-11,0.0
2008-12-12,1.6159481e-06
2008-12-13,4.2822627e-05
2008-12-14,0.00018926461
2008-12-15,0.000687321
2008-12-16,0.00032305717
2008-12-17,0.0
2008-12-18,0.000120176206
2008-12-19,0.0006078879
2008-12-20,1.9709269e-05
2008-12-21,0.0004368888
2008-12-22,0.0004764133
2008-12-23,9.277132e-05
2008-12-24,0.0008877118
2008-12-25,0.00091765984
2008-12-26,6.490284e-07
2008-12-27,6.494257e-05
2008-12-28,0.00063440535
2008-12-29,0.00050561957
2008-12-30,4.204114e-05
2008-12-31,2.9669868e-06
2009-01-01,1.3166004e-05
2009-01-02,0.0003871123
2009-01-03,2.6490954e-07
2009-01-04,0.0
2009-01-05,0.00011759334
2009-01-06,1.3576613e-05
2009-01-07,0.0
2009-01-08,8.956591e-05
2009-01-09,0.0
2009-01-10,0.0
2009-01-11,0.0
2009-01-12,0.0
2009-01-13,0.0
2009-01-14,0.0
2009-01-15,0.0
2009-01-16,0.0
2009-01-17,0.0
2009-01-18,0.0
2009-01-19,0.0
2009-01-20,0.0
2009-01-21,2.6490953e-08
2009-01-22,0.000518971
2009-01-23,4.3312707e-06
2009-01-24,0.00070852705
2009-01-25,0.00011188454
2009-01-26,1.2848112e-06
2009-01-27,0.0
2009-01-28,2.78155e-07
2009-01-29,0.0
2009-01-30,0.0
2009-01-31,0.0
2009-02-01,0.0
2009-02-02,0.0
2009-02-03,0.0
2009-02-04,0.0
2009-02-05,0.00038574802
2009-02-06,0.0008786652
2009-02-07,0.0
2009-02-08,5.4015054e-05
2009-02-09,0.00020300018
2009-02-10,4.810757e-05
2009-02-11,0.0007450183
2009-02-12,0.00029537414
2009-02-13,0.0009654893
2009-02-14,0.0007936822
2009-02-15,0.0015496545
2009-02-16,0.0013906823
2009-02-17,0.0008991427
2009-02-18,0.00014797847
2009-02-19,0.0
2009-02-20,0.0
2009-02-21,0.0
2009-02-22,0.0020462275
2009-02-23,0.0015676817
2009-02-24,0.00043523312
2009-02-25,0.00035777356
2009-02-26,0.00050814945
2009-02-27,5.2981907e-08
2009-02-28,0.0
2009-03-01,0.0012771157
2009-03-02,0.0019600126
2009-03-03,0.0012341341
2009-03-04,0.0008010202
2009-03-05,9.2691844e-05
2009-03-06,1.1934175e-05
2009-03-07,0.0
2009-03-08,6.225374e-07
2009-03-09,9.006924e-07
2009-03-10,5.2981907e-08
2009-03-11,0.0
2009-03-12,0.0
2009-03-13,0.0
2009-03-14,4.227956e-05
2009-03-15,0.0007698006
2009-03-16,0.0014183521
2009-03-17,0.0001317395
2009-03-18,0.0
2009-03-19,3.973643e-08
2009-03-20,2.278222e-06
2009-03-21,0.00081985525
2009-03-22,0.00074569386
2009-03-23,5.2981907e-08
2009-03-24,0.0
2009-03-25,2.1855037e-06
2009-03-26,3.0464597e-07
2009-03-27,0.0
2009-03-28,0.0
2009-03-29,1.2583203e-06
2009-03-30,0.0
2009-03-31,2.3841858e-07
2009-04-01,0.0
2009-04-02,4.3974983e-06
2009-04-03,1.2980568e-06
2009-04-04,0.0
2009-04-05,0.0
2009-04-06,0.0
2009-04-07,4.026625e-06
2009-04-08,0.00016134315
2009-04-09,0.0006626447
2009-04-10,0.00043363043
2009-04-11,3.973643e-07
2009-04-12,1.3245477e-07
2009-04-13,2.6490953e-08
2009-04-14,8.397632e-06
2009-04-15,7.285012e-07
2009-04-16,0.0
2009-04-17,0.0
2009-04-18,0.0
2009-04-19,0.0
2009-04-20,0.0
2009-04-21,0.0
2009-04-22,0.0
2009-04-23,2.7828746e-05
2009-04-24,5.9578153e-05
2009-04-25,1.3245477e-07
2009-04-26,0.0
2009-04-27,1.9457606e-05
2009-04-28,0.00013530254
2009-04-29,6.357829e-07
2009-04-30,7.947286e-08
2009-05-01,0.0004240142
2009-05-02,0.0013512108
2009-05-03,0.00093323656
2009-05-04,0.00044027963
2009-05-05,0.0010218753
2009-05-06,0.0002146032
2009-05-07,9.801653e-07
2009-05-08,0.0
2009-05-09,0.0
2009-05-10,0.0
2009-05-11,0.0
2009-05-12,0.0
2009-05-13,0.0
2009-05-14,5.1524903e-06
2009-05-15,0.0
2009-05-16,0.0
2009-05-17,0.0
2009-05-18,5.8280096e-07
2009-05-19,0.0
2009-05-20,0.0
2009-05-21,0.0
2009-05-22,0.0
2009-05-23,2.1192763e-07
2009-05-24,8.8744696e-07
2009-05-25,0.0
2009-05-26,0.0
2009-05-27,1.1033482e-05
2009-05-28,3.7087335e-07
2009-05-29,0.0
2009-05-30,4.053116e-06
2009-05-31,7.947286e-08
2009-06-01,1.809332e-05
2009-06-02,9.669197e-07
2009-06-03,4.941887e-05
2009-06-04,8.81354e-05
2009-06-05,0.0002549622
2009-06-06,4.7723453e-05
2009-06-07,7.417467e-07
2009-06-08,1.8941032e-06
2009-06-09,3.2716327e-06
2009-06-10,8.636051e-06
2009-06-11,2.2755728e-05
2009-06-12,9.2228256e-05
2009-06-13,6.495582e-05
2009-06-14,5.1259995e-06
2009-06-15,2.609359e-06
2009-06-16,0.0
2009-06-17,9.2718335e-07
2009-06-18,0.0
2009-06-19,9.126134e-06
2009-06-20,6.659826e-05
2009-06-21,4.9538085e-06
2009-06-22,5.2981907e-08
2009-06-23,0.0
2009-06-24,0.0
2009-06-25,0.0
2009-06-26,0.0
2009-06-27,0.0
2009-06-28,0.0
2009-06-29,0.0
2009-06-30,0.0
2009-07-01,1.05963814e-07
2009-07-02,0.0
2009-07-03,0.0
2009-07-04,0.0
2009-07-05,0.0
2009-07-06,0.0
2009-07-07,2.6490954e-07
2009-07-08,1.9470851e-06
2009-07-09,7.947286e-08
2009-07-10,0.0
2009-07-11,0.0
2009-07-12,0.0
2009-07-13,0.0
2009-07-14,0.0
2009-07-15,0.0
2009-07-16,0.0
2009-07-17,0.0
2009-07-18,0.0
2009-07-19,0.0
2009-07-20,0.0
2009-07-21,0.0
2009-07-22,0.0
2009-07-23,0.0
2009-07-24,0.0
2009-07-25,0.0
2009-07-26,0.0
2009-07-27,0.0
2009-07-28,0.0
2009-07-29,1.1179182e-05
2009-07-30,3.5630333e-06
2009-07-31,0.0
2009-08-01,0.0
2009-08-02,1.3232231e-05
2009-08-03,0.0
2009-08-04,0.0
2009-08-05,5.2981907e-08
2009-08-06,0.0002053976
2009-08-07,1.7947621e-05
2009-08-08,0.0
2009-08-09,0.0
2009-08-10,0.0
2009-08-11,0.0
2009-08-12,0.0
2009-08-13,0.0
2009-08-14,0.0
2009-08-15,0.0
2009-08-16,0.0
2009-08-17,0.0
2009-08-18,0.0
2009-08-19,0.0
2009-08-20,0.0
2009-08-21,0.0
2009-08-22,0.0
2009-08-23,0.0
2009-08-24,0.0
2009-08-25,0.0
2009-08-26,0.0
2009-08-27,0.0
2009-08-28,0.0
2009-08-29,0.0
2009-08-30,0.0
2009-08-31,0.0
2009-09-01,0.0
2009-09-02,4.7683716e-07
2009-09-03,0.0
2009-09-04,0.0
2009-09-05,0.0
2009-09-06,2.6490953e-08
2009-09-07,0.0
2009-09-08,0.0
2009-09-09,0.0
2009-09-10,0.0
2009-09-11,0.0
2009-09-12,6.755193e-07
2009-09-13,0.0
2009-09-14,0.00047707558
2009-09-15,0.0
2009-09-16,0.0
2009-09-17,0.0
2009-09-18,0.0
2009-09-19,0.0
2009-09-20,0.0
2009-09-21,0.0
2009-09-22,0.0
2009-09-23,0.0
2009-09-24,0.0
2009-09-25,0.0
2009-09-26,0.0
2009-09-27,0.0
2009-09-28,0.0
2009-09-29,7.947286e-07
2009-09-30,0.0
2009-10-01,0.0
2009-10-02,0.0
2009-10-03,1.1920929e-06
2009-10-04,2.515316e-05
2009-10-05,8.742015e-07
2009-10-06,0.0
2009-10-07,0.0
2009-10-08,0.0
2009-10-09,0.0
2009-10-10,0.0
2009-10-11,0.0
2009-10-12,3.5497878e-06
2009-10-13,0.0027323829
2009-10-14,0.0015374555
2009-10-15,0.00025000836
2009-10-16,5.2981907e-08
2009-10-17,2.6490953e-08
2009-10-18,1.8464194e-05
2009-10-19,0.00033426285
2009-10-20,0.0
2009-10-21,0.0
2009-10-22,0.0
2009-10-23,0.0
2009-10-24,2.6490953e-08
2009-10-25,0.0
2009-10-26,1.4570024e-07
2009-10-27,1.1656019e-06
2009-10-28,2.6490953e-08
2009-10-29,0.0
2009-10-30,0.0
2009-10-31,0.0
2009-11-01,2.6490953e-08
2009-11-02,0.0
2009-11-03,0.0
2009-11-04,0.0
2009-11-05,0.0001509322
2009-11-06,0.00077872805
2009-11-07,1.1735492e-05
2009-11-08,0.0
2009-11-09,0.00013622973
2009-11-10,3.7180052e-05
2009-11-11,4.3180255e-05
2009-11-12,1.5417734e-05
2009-11-13,3.6160152e-06
2009-11-14,1.6821755e-06
2009-11-15,0.0
2009-11-16,0.0
2009-11-17,0.00031193098
2009-11-18,2.3497476e-05
2009-11-19,0.0
2009-11-20,0.0008163452
2009-11-21,6.596247e-05
2009-11-22,0.00011254681
2009-11-23,0.0
2009-11-24,0.0
2009-11-25,0.0
2009-11-26,0.0
2009-11-27,0.0001856221
2009-11-28,0.0
2009-11-29,0.0
2009-11-30,0.0
2009-12-01,0.0
2009-12-02,0.0
2009-12-03,0.0
2009-12-04,0.0
2009-12-05,0.0
2009-12-06,1.2530221e-05
2009-12-07,3.760391e-05
2009-12-08,0.0
2009-12-09,0.0
2009-12-10,0.0
2009-12-11,0.00015612443
2009-12-12,0.0010512405
2009-12-13,0.00036003854
2009-12-14,0.0002729628
2009-12-15,0.0011274549
2009-12-16,0.001268665
2009-12-17,1.5232298e-06
2009-12-18,0.0
2009-12-19,0.0
2009-12-20,0.00022852421
2009-12-21,0.0010015169
2009-12-22,9.947353e-06
2009-12-23,0.0
2009-12-24,0.0
2009-12-25,0.0
2009-12-26,3.443824e-06
2009-12-27,0.00025991598
2009-12-28,1.1258655e-06
2009-12-29,9.881126e-05
2009-12-30,0.00044747195
2009-12-31,0.00018017822
2010-01-01,0.0012738837
2010-01-02,0.00023302768
2010-01-03,0.0
2010-01-04,0.0
2010-01-05,1.4570024e-07
2010-01-06,5.0650702e-05
2010-01-07,1.5894572e-06
2010-01-08,0.00029815568
2010-01-09,8.596315e-06
2010-01-10,2.78155e-07
2010-01-11,0.0
2010-01-12,0.0015343693
2010-01-13,0.0010712014
2010-01-14,6.5167746e-06
2010-01-15,0.0
2010-01-16,1.9603306e-06
2010-01-17,0.001136038
2010-01-18,0.0020027293
2010-01-19,0.002002981
2010-01-20,0.0022036368
2010-01-21,0.00095244247
2010-01-22,0.00035668744
2010-01-23,0.00049682456
2010-01-24,0.00094139576
2010-01-25,0.0010018746
2010-01-26,0.00087903603
2010-01-27,0.0
2010-01-28,0.0
2010-01-29,2.9669867e-05
2010-01-30,0.0003384087
2010-01-31,2.4901496e-05
2010-02-01,8.1155034e-05
2010-02-02,3.589524e-06
2010-02-03,0.0004936192
2010-02-04,0.0002626578
2010-02-05,0.0012779898
2010-02-06,0.0008260674
2010-02-07,3.9074155e-05
2010-02-08,9.377797e-06
2010-02-09,0.00010767248
2010-02-10,1.7881393e-06
2010-02-11,0.00030426183
2010-02-12,0.0005490647
2010-02-13,0.00017670791
2010-02-14,3.8014517e-05
2010-02-15,1.3642841e-06
2010-02-16,2.6490953e-08
2010-02-17,0.0
2010-02-18,0.0
2010-02-19,2.0927853e-06
2010-02-20,5.6293276e-05
2010-02-21,0.0002888706
2010-02-22,1.3245477e-08
2010-02-23,0.00035032962
2010-02-24,0.00081365637
2010-02-25,7.45323e-05
2010-02-26,0.0013987091
2010-02-27,0.00010662609
2010-02-28,0.0
2010-03-01,0.0
2010-03-02,0.0007911788
2010-03-03,0.00091393787
2010-03-04,7.947286e-08
2010-03-05,5.3246818e-06
2010-03-06,7.417467e-07
2010-03-07,2.6226044e-06
2010-03-08,0.00030691095
2010-03-09,5.470382e-06
2010-03-10,0.00021009975
2010-03-11,6.755193e-07
2010-03-12,0.0008651548
2010-03-13,1.3430913e-05
2010-03-14,0.0
2010-03-15,0.0
2010-03-16,0.0
2010-03-17,2.6490953e-08
2010-03-18,0.0
2010-03-19,0.0
2010-03-20,0.0
2010-03-21,3.0650033e-05
2010-03-22,2.755059e-06
2010-03-23,0.0
2010-03-24,1.3245477e-08
2010-03-25,0.0007304483
2010-03-26,6.953875e-06
2010-03-27,0.0
2010-03-28,5.6054858e-05
2010-03-29,0.0012676186
2010-03-30,0.0009953976
2010-03-31,0.00015649531
2010-04-01,6.167094e-05
2010-04-02,0.0006435712
2010-04-03,2.0742416e-05
2010-04-04,0.0010248688
2010-04-05,0.0002691216
2010-04-06,4.1868952e-05
2010-04-07,0.0
2010-04-08,1.7219119e-07
2010-04-09,0.0
2010-04-10,0.000113884606
2010-04-11,0.0006041262
2010-04-12,0.0013667478
2010-04-13,0.0002790822
2010-04-14,0.00063480274
2010-04-15,2.0318561e-05
2010-04-16,1.4305115e-06
2010-04-17,6.622738e-07
2010-04-18,0.0
2010-04-19,4.3643846e-05
2010-04-20,0.0009035402
2010-04-21,9.673172e-05
2010-04-22,1.5894572e-07
2010-04-23,0.0
2010-04-24,0.0
2010-04-25,0.0
2010-04-26,4.2385525e-07
2010-04-27,0.001201378
2010-04-28,0.00037276745
2010-04-29,1.320574e-05
2010-04-30,0.0
2010-05-01,0.0
2010-05-02,2.6490953e-08
2010-05-03,3.139178e-06
2010-05-04,0.0
2010-05-05,0.0
2010-05-06,0.0
2010-05-07,2.2119946e-06
2010-05-08,1.0119544e-05
2010-05-09,0.00021802055
2010-05-10,0.0006489356
2010-05-11,6.441275e-05
2010-05-12,0.0
2010-05-13,0.0
2010-05-14,5.2981907e-08
2010-05-15,1.5894572e-07
2010-05-16,0.0
2010-05-17,2.653069e-05
2010-05-18,0.00021534496
2010-05-19,9.4135605e-05
2010-05-20,3.8676793e-05
2010-05-21,0.0001231432
2010-05-22,9.467867e-05
2010-05-23,0.0
2010-05-24,9.059906e-06
2010-05-25,0.0005394883
2010-05-26,0.0006115834
2010-05-27,0.0003368192
2010-05-28,8.7605586e-05
2010-05-29,0.0
2010-05-30,0.0
2010-05-31,4.7418807e-06
2010-06-01,3.7829082e-05
2010-06-02,0.00042053065
2010-06-03,0.00035129653
2010-06-04,0.0008358293
2010-06-05,4.716714e-05
2010-06-06,1.4093187e-05
2010-06-07,0.0
2010-06-08,0.0
2010-06-09,1.405345e-05
2010-06-10,1.11659365e-05
2010-06-11,0.0
2010-06-12,0.0
2010-06-13,0.0
2010-06-14,1.0066562e-06
2010-06-15,0.0
2010-06-16,0.0
2010-06-17,0.0
2010-06-18,0.0
2010-06-19,5.1657357e-06
2010-06-20,3.973643e-07
2010-06-21,0.0
2010-06-22,0.0
2010-06-23,0.0
2010-06-24,0.0
2010-06-25,0.0
2010-06-26,0.0
2010-06-27,0.0
2010-06-28,2.3312039e-06
2010-06-29,1.3735559e-05
2010-06-30,0.0
2010-07-01,0.0
2010-07-02,0.0
2010-07-03,0.0
2010-07-04,0.0
2010-07-05,0.0
2010-07-06,0.0
2010-07-07,2.22524e-06
2010-07-08,7.788341e-06
2010-07-09,4.7683716e-07
2010-07-10,0.0
2010-07-11,0.0
2010-07-12,0.0
2010-07-13,0.0
2010-07-14,0.0
2010-07-15,0.0
2010-07-16,0.0
2010-07-17,7.0995757e-06
2010-07-18,0.0
2010-07-19,0.0
2010-07-20,0.0
2010-07-21,0.0
2010-07-22,0.0
2010-07-23,0.0
2010-07-24,0.0
2010-07-25,3.973643e-07
2010-07-26,6.0796738e-06
2010-07-27,0.0
2010-07-28,0.0
2010-07-29,0.0
2010-07-30,0.0
2010-07-31,0.0
2010-08-01,0.0
2010-08-02,0.0
2010-08-03,0.0
2010-08-04,0.0
2010-08-05,0.0
2010-08-06,0.0
2010-08-07,0.0
2010-08-08,1.2318293e-06
2010-08-09,0.0
2010-08-10,7.417467e-07
2010-08-11,0.0
2010-08-12,0.0
2010-08-13,0.0
2010-08-14,0.0
2010-08-15,7.854567e-06
2010-08-16,0.0
2010-08-17,0.0
2010-08-18,0.0
2010-08-19,0.0
2010-08-20,0.0
2010-08-21,0.0
2010-08-22,6.357829e-07
2010-08-23,0.0
2010-08-24,0.0
2010-08-25,0.0
2010-08-26,0.0
2010-08-27,0.0
2010-08-28,0.0005572107
2010-08-29,1.2463994e-05
2010-08-30,6.198883e-06
2010-08-31,0.0
2010-09-01,0.0
2010-09-02,0.0
2010-09-03,0.0
2010-09-04,0.0
2010-09-05,0.0
2010-09-06,0.0
2010-09-07,0.0
2010-09-08,0.00023945172
2010-09-09,1.9960933e-05
2010-09-10,0.0
2010-09-11,0.0
2010-09-12,0.0
2010-09-13,0.0
2010-09-14,0.0
2010-09-15,0.0
2010-09-16,0.0
2010-09-17,1.3152759e-05
2010-09-18,4.357762e-06
2010-09-19,0.00028219487
2010-09-20,1.9470851e-06
2010-09-21,0.0
2010-09-22,7.947286e-08
2010-09-23,0.0
2010-09-24,0.0
2010-09-25,0.0
2010-09-26,0.0
2010-09-27,0.0
2010-09-28,0.0
2010-09-29,0.0
2010-09-30,0.0
2010-10-01,0.0
2010-10-02,0.0
2010-10-03,9.152624e-06
2010-10-04,0.00011295742
2010-10-05,2.6490953e-08
2010-10-06,7.534027e-05
2010-10-07,4.278289e-06
2010-10-08,1.5894572e-07
2010-10-09,2.808041e-06
2010-10-10,0.0
2010-10-11,0.0
2010-10-12,0.0
2010-10-13,0.0
2010-10-14,0.0
2010-10-15,5.2981907e-08
2010-10-16,0.0
2010-10-17,1.6570091e-05
2010-10-18,4.6624077e-06
2010-10-19,0.0
2010-10-20,0.0
2010-10-21,0.0
2010-10-22,2.2504064e-05
2010-10-23,0.00057409867
2010-10-24,0.0033429067
2010-10-25,3.3020973e-05
2010-10-26,1.3629596e-05
2010-10-27,4.26107e-05
2010-10-28,0.0005179379
2010-10-29,0.00023346477
2010-10-30,0.00015344884
2010-10-31,0.00040233135
2010-11-01,7.0201027e-06
2010-11-02,0.0
2010-11-03,0.0
2010-11-04,0.0
2010-11-05,0.0
2010-11-06,6.6227386e-08
2010-11-07,0.0017914242
2010-11-08,1.4702479e-06
2010-11-09,6.8585075e-05
2010-11-10,0.00033161376
2010-11-11,0.0
2010-11-12,0.0
2010-11-13,0.0
2010-11-14,0.0
2010-11-15,2.5166406e-07
2010-11-16,1.05963814e-07
2010-11-17,0.0
2010-11-18,2.9948023e-05
2010-11-19,0.00013764699
2010-11-20,0.0009079642
2010-11-21,0.0007490979
2010-11-22,0.00023562378
2010-11-23,0.0004812479
2010-11-24,2.6490953e-08
2010-11-25,0.0
2010-11-26,3.841188e-06
2010-11-27,0.00053805776
2010-11-28,1.7219119e-07
2010-11-29,0.0
2010-11-30,1.3245476e-06
2010-12-01,0.00014963414
2010-12-02,0.00051915646
2010-12-03,0.0004427433
2010-12-04,4.7458543e-05
2010-12-05,0.00037658215
2010-12-06,0.0010630289
2010-12-07,2.0517244e-05
2010-12-08,0.00076507195
2010-12-09,0.00042866336
2010-12-10,0.00061972934
2010-12-11,0.00014432271
2010-12-12,1.4026959e-05
2010-12-13,1.2344784e-05
2010-12-14,0.0012648238
2010-12-15,1.3550122e-05
2010-12-16,5.2981907e-08
2010-12-17,5.0200356e-06
2010-12-18,0.001577417
2010-12-19,0.0016431543
2010-12-20,0.0010085901
2010-12-21,0.00052615005
2010-12-22,0.0009232892
2010-12-23,9.177791e-05
2010-12-24,4.0570896e-05
2010-12-25,0.0008314252
2010-12-26,0.0012710624
2010-12-27,0.00018947654
2010-12-28,0.001192424
2010-12-29,0.001119958
2010-12-30,3.4570694e-06
2010-12-31,3.973643e-08
2011-01-01,0.00022175576
2011-01-02,1.6080008e-05
2011-01-03,0.0
2011-01-04,0.0
2011-01-05,0.0
2011-01-06,0.0
2011-01-07,0.0
2011-01-08,1.05963814e-07
2011-01-09,7.947286e-08
2011-01-10,0.0
2011-01-11,6.728702e-05
2011-01-12,0.00017735694
2011-01-13,0.00079594715
2011-01-14,5.57767e-05
2011-01-15,0.0
2011-01-16,3.419982e-05
2011-01-17,1.9749006e-05
2011-01-18,0.0
2011-01-19,2.6490954e-07
2011-01-20,0.0
2011-01-21,0.0
2011-01-22,5.2981907e-08
2011-01-23,0.0
2011-01-24,0.0
2011-01-25,0.0
2011-01-26,0.0
2011-01-27,0.0
2011-01-28,0.0
2011-01-29,9.536743e-07
2011-01-30,0.00058131746
2011-01-31,0.0
2011-02-01,0.0
2011-02-02,0.0
2011-02-03,0.0
2011-02-04,0.0
2011-02-05,0.0
2011-02-06,0.0
2011-02-07,0.0
2011-02-08,4.1060977e-07
2011-02-09,0.0
2011-02-10,0.0
2011-02-11,0.0
2011-02-12,0.0
2011-02-13,0.0
2011-02-14,0.000753257
2011-02-15,0.0019212166
2011-02-16,0.001109812
2011-02-17,0.001063678
2011-02-18,0.00034197172
2011-02-19,0.0004515383
2011-02-20,1.0556645e-05
2011-02-21,0.00025129318
2011-02-22,2.6490953e-08
2011-02-23,2.6490953e-08
2011-02-24,0.00025897555
2011-02-25,0.00066216785
2011-02-26,7.074409e-05
2011-02-27,0.0
2011-02-28,0.00022941166
2011-03-01,9.255939e-05
2011-03-02,0.0012442933
2011-03-03,0.00069787767
2011-03-04,3.8146973e-06
2011-03-05,0.00017445617
2011-03-06,0.00076844956
2011-03-07,0.00024353134
2011-03-08,9.300974e-05
2011-03-09,0.00017380714
2011-03-10,0.00080464943
2011-03-11,8.332729e-05
2011-03-12,3.978941e-05
2011-03-13,0.0007770194
2011-03-14,0.00028468503
2011-03-15,0.0010048018
2011-03-16,0.00049026805
2011-03-17,9.0903704e-05
2011-03-18,0.0016056034
2011-03-19,0.000941462
2011-03-20,0.0019585555
2011-03-21,0.00033950806
2011-03-22,0.00022188823
2011-03-23,0.0010878774
2011-03-24,0.0016070472
2011-03-25,0.00086193613
2011-03-26,0.0011616945
2011-03-27,0.00049275823
2011-03-28,0.0001409981
2011-03-29,6.198883e-06
2011-03-30,3.4438239e-07
2011-03-31,0.0
2011-04-01,0.0
2011-04-02,2.2384855e-05
2011-04-03,0.0
2011-04-04,0.0
2011-04-05,1.6159481e-06
2011-04-06,8.2121954e-07
2011-04-07,5.8492024e-05
2011-04-08,2.7683045e-06
2011-04-09,0.0
2011-04-10,9.801653e-07
2011-04-11,4.568365e-05
2011-04-12,6.092919e-06
2011-04-13,0.00027999614
2011-04-14,1.0199017e-06
2011-04-15,0.00017711852
2011-04-16,3.8663547e-05
2011-04-17,0.000167648
2011-04-18,0.00045210787
2011-04-19,0.00015993913
2011-04-20,0.00033307076
2011-04-21,0.00030146705
2011-04-22,2.9140048e-07
2011-04-23,0.00015993913
2011-04-24,0.00014372666
2011-04-25,0.00034189224
2011-04-26,2.6490953e-08
2011-04-27,0.0
2011-04-28,3.2318962e-06
2011-04-29,5.298191e-07
2011-04-30,0.0
2011-05-01,0.0
2011-05-02,0.0
2011-05-03,0.0
2011-05-04,0.0
2011-05-05,0.0
2011-05-06,0.0
2011-05-07,1.2278557e-05
2011-05-08,0.00010251999
2011-05-09,9.245343e-06
2011-05-10,0.0
2011-05-11,9.2718335e-07
2011-05-12,3.7087334e-06
2011-05-13,0.0
2011-05-14,2.7947956e-06
2011-05-15,0.0005369451
2011-05-16,0.00011716949
2011-05-17,0.00065204833
2011-05-18,0.00021306674
2011-05-19,0.0
2011-05-20,0.0
2011-05-21,1.8053584e-05
2011-05-22,1.9126468e-05
2011-05-23,1.0808309e-05
2011-05-24,0.0
2011-05-25,0.0009373956
2011-05-26,0.00023121304
2011-05-27,0.00013661385
2011-05-28,4.9114227e-05
2011-05-29,4.6888986e-06
2011-05-30,1.20004015e-05
2011-05-31,0.00077108544
2011-06-01,0.00039165549
2011-06-02,0.00021749073
2011-06-03,1.2980567e-05
2011-06-04,0.00024645857
2011-06-05,0.000104784966
2011-06-06,0.00021420585
2011-06-07,3.1034153e-05
2011-06-08,2.6490953e-08
2011-06-09,0.0
2011-06-10,1.5894572e-07
2011-06-11,1.1510319e-05
2011-06-12,1.3245477e-07
2011-06-13,1.3245477e-08
2011-06-14,0.0
2011-06-15,0.0
2011-06-16,0.0
2011-06-17,0.0
2011-06-18,2.6490953e-08
2011-06-19,1.5894572e-07
2011-06-20,0.0
2011-06-21,0.0
2011-06-22,0.0
2011-06-23,0.0
2011-06-24,0.0
2011-06-25,0.0
2011-06-26,0.0
2011-06-27,5.2981907e-08
2011-06-28,0.0013945632
2011-06-29,0.00021306674
2011-06-30,0.0
2011-07-01,0.0
2011-07-02,0.0
2011-07-03,0.0
2011-07-04,0.0
2011-07-05,0.0
2011-07-06,2.9140048e-07
2011-07-07,0.0
2011-07-08,0.0
2011-07-09,0.0
2011-07-10,0.0
2011-07-11,0.0
2011-07-12,1.695421e-06
2011-07-13,4.2835873e-05
2011-07-14,3.0994415e-06
2011-07-15,2.7947956e-06
2011-07-16,2.3841858e-07
2011-07-17,4.1458343e-06
2011-07-18,5.6028366e-05
2011-07-19,6.161796e-05
2011-07-20,0.0
2011-07-21,0.0
2011-07-22,0.0
2011-07-23,0.0
2011-07-24,0.0
2011-07-25,0.0
2011-07-26,0.0
2011-07-27,0.0
2011-07-28,0.0
2011-07-29,0.0
2011-07-30,0.0
2011-07-31,5.8545006e-06
2011-08-01,0.0
2011-08-02,0.0
2011-08-03,0.0
2011-08-04,0.0
2011-08-05,0.0
2011-08-06,0.0
2011-08-07,0.0
2011-08-08,0.0
2011-08-09,0.0
2011-08-10,0.0
2011-08-11,0.0
2011-08-12,0.0
2011-08-13,0.0
2011-08-14,1.3245477e-08
2011-08-15,0.0
2011-08-16,0.0
2011-08-17,0.0
2011-08-18,0.0
2011-08-19,0.0
2011-08-20,7.947286e-08
2011-08-21,0.0
2011-08-22,0.0
2011-08-23,0.0
2011-08-24,0.0
2011-08-25,0.0
2011-08-26,0.0
2011-08-27,0.0
2011-08-28,0.0
2011-08-29,0.0
2011-08-30,0.0
2011-08-31,0.0
2011-09-01,0.0
2011-09-02,0.0
2011-09-03,0.0
2011-09-04,0.0
2011-09-05,0.0
2011-09-06,0.0
2011-09-07,0.0
2011-09-08,0.0
2011-09-09,2.6490953e-08
2011-09-10,2.7020772e-06
2011-09-11,3.5564106e-05
2011-09-12,5.695555e-05
2011-09-13,2.3841858e-07
2011-09-14,1.1920929e-06
2011-09-15,0.0
2011-09-16,3.7087335e-07
2011-09-17,0.0
2011-09-18,0.0
2011-09-19,0.0
2011-09-20,0.0
2011-09-21,0.0
2011-09-22,0.0
2011-09-23,0.0
2011-09-24,0.0
2011-09-25,3.1842126e-05
2011-09-26,1.8808577e-06
2011-09-27,0.0
2011-09-28,0.0
2011-09-29,0.0
2011-09-30,0.0
2011-10-01,1.2530221e-05
2011-10-02,2.4901497e-06
2011-10-03,0.00015325016
2011-10-04,0.0003821585
2011-10-05,0.001723316
2011-10-06,0.00024359756
2011-10-07,0.0
2011-10-08,0.0
2011-10-09,0.0
2011-10-10,0.0008279218
2011-10-11,0.00060289435
2011-10-12,0.0
2011-10-13,0.0
2011-10-14,0.0
2011-10-15,0.0
2011-10-16,0.00010670556
2011-10-17,7.947286e-08
2011-10-18,0.0
2011-10-19,7.947286e-07
2011-10-20,0.0
2011-10-21,0.0
2011-10-22,0.0
2011-10-23,0.0
2011-10-24,5.165736e-07
2011-10-25,0.0
2011-10-26,0.0
2011-10-27,0.0
2011-10-28,0.0
2011-10-29,0.0
2011-10-30,0.0
2011-10-31,9.271834e-08
2011-11-01,0.0
2011-11-02,0.0
2011-11-03,8.234713e-05
2011-11-04,2.69413e-05
2011-11-05,0.00036056837
2011-11-06,0.0003791915
2011-11-07,3.973643e-07
2011-11-08,0.0
2011-11-09,0.0
2011-11-10,0.0
2011-11-11,0.0
2011-11-12,2.9696359e-05
2011-11-13,0.0
2011-11-14,0.0
2011-11-15,0.0
2011-11-16,7.947286e-08
2011-11-17,9.100967e-05
2011-11-18,0.0004008346
2011-11-19,4.0253002e-05
2011-11-20,0.0004089011
2011-11-21,0.00015781986
2011-11-22,0.00078796013
2011-11-23,0.0002250274
2011-11-24,0.0011175605
2011-11-25,0.0002523131
2011-11-26,0.0
2011-11-27,0.0
2011-11-28,1.3245476e-06
2011-11-29,0.0
2011-11-30,1.05963814e-07
2011-12-01,0.0
2011-12-02,0.0
2011-12-03,0.0
2011-12-04,0.0
2011-12-05,0.0
2011-12-06,0.0
2011-12-07,0.0
2011-12-08,0.0
2011-12-09,0.0
2011-12-10,0.0
2011-12-11,0.0
2011-12-12,1.4570024e-06
2011-12-13,0.0
2011-12-14,0.0
2011-12-15,0.00013777945
2011-12-16,0.0
2011-12-17,0.0
2011-12-18,0.0
2011-12-19,0.0
2011-12-20,0.0
2011-12-21,0.0
2011-12-22,0.0
2011-12-23,0.0
2011-12-24,0.0
2011-12-25,0.0
2011-12-26,0.0
2011-12-27,0.0
2011-12-28,1.7550257e-05
2011-12-29,6.64658e-05
2011-12-30,0.0008869436
2011-12-31,1.3245477e-08
2012-01-01,0.0
2012-01-02,1.5894572e-07
2012-01-03,2.6490953e-08
2012-01-04,0.0
2012-01-05,0.0
2012-01-06,0.0
2012-01-07,0.0
2012-01-08,0.0
2012-01-09,0.0
2012-01-10,0.0
2012-01-11,0.0
2012-01-12,0.0
2012-01-13,0.0
2012-01-14,0.0
2012-01-15,6.6227386e-08
2012-01-16,1.1920929e-07
2012-01-17,6.622738e-07
2012-01-18,0.0006026427
2012-01-19,0.001369569
2012-01-20,0.0017979012
2012-01-21,0.0018061796
2012-01-22,0.00047413507
2012-01-23,0.0010775725
2012-01-24,1.45170425e-05
2012-01-25,4.8730108e-05
2012-01-26,0.00017793973
2012-01-27,2.6490953e-08
2012-01-28,0.0
2012-01-29,0.0
2012-01-30,2.357695e-06
2012-01-31,0.0
2012-02-01,0.00033741526
2012-02-02,0.0
2012-02-03,0.0
2012-02-04,0.0
2012-02-05,0.0
2012-02-06,0.0
2012-02-07,0.00042225255
2012-02-08,0.00013274617
2012-02-09,0.0
2012-02-10,0.00011130174
2012-02-11,0.00032369295
2012-02-12,1.3510386e-06
2012-02-13,0.00048402944
2012-02-14,6.490284e-07
2012-02-15,5.1312978e-05
2012-02-16,0.0
2012-02-17,0.0
2012-02-18,6.3578286e-06
2012-02-19,0.0
2012-02-20,8.995003e-05
2012-02-21,2.6490954e-07
2012-02-22,0.0
2012-02-23,6.6227386e-08
2012-02-24,0.0
2012-02-25,5.258454e-06
2012-02-26,1.3377932e-06
2012-02-27,9.589725e-06
2012-02-28,5.2902433e-05
2012-02-29,0.0010690292
2012-03-01,0.00036346912
2012-03-02,1.5894572e-07
2012-03-03,0.0
2012-03-04,0.0
2012-03-05,0.0
2012-03-06,3.110038e-05
2012-03-07,0.0
2012-03-08,0.0
2012-03-09,0.0
2012-03-10,0.0
2012-03-11,0.0002829366
2012-03-12,1.765622e-05
2012-03-13,0.001948648
2012-03-14,0.0009839005
2012-03-15,0.0009162161
2012-03-16,0.001846234
2012-03-17,5.1816303e-05
2012-03-18,0.0001689328
2012-03-19,3.4438239e-07
2012-03-20,0.00012779236
2012-03-21,0.00014648173
2012-03-22,0.0006925265
2012-03-23,0.00020319886
2012-03-24,0.00047494305
2012-03-25,0.0005639394
2012-03-26,0.00025510788
2012-03-27,0.0015123553
2012-03-28,0.0010913478
2012-03-29,0.00073424977
2012-03-30,0.0014266305
2012-03-31,0.0019422902
2012-04-01,0.00027775764
2012-04-02,4.503462e-07
2012-04-03,4.2385527e-06
2012-04-04,0.00040284792
2012-04-05,2.2835202e-05
2012-04-06,2.251731e-07
2012-04-07,6.6227386e-08
2012-04-08,0.0
2012-04-09,0.0
2012-04-10,0.00053773983
2012-04-11,0.0005986161
2012-04-12,0.0010981163
2012-04-13,0.00091026886
2012-04-14,1.1629529e-05
2012-04-15,0.0
2012-04-16,6.622738e-05
2012-04-17,1.4318361e-05
2012-04-18,0.00013479922
2012-04-19,4.1087467e-05
2012-04-20,0.0
2012-04-21,1.1920929e-07
2012-04-22,2.2914674e-06
2012-04-23,7.0916285e-05
2012-04-24,1.3907751e-06
2012-04-25,0.000112215675
2012-04-26,0.0007598665
2012-04-27,0.0
2012-04-28,0.0
2012-04-29,0.0
2012-04-30,0.0
2012-05-01,0.0
2012-05-02,0.0
2012-05-03,0.00018301274
2012-05-04,0.0002736913
2012-05-05,0.0
2012-05-06,0.0
2012-05-07,0.0
2012-05-08,0.0
2012-05-09,0.0
2012-05-10,0.0
2012-05-11,0.0
2012-05-12,0.0
2012-05-13,0.0
2012-05-14,3.417333e-06
2012-05-15,0.0
2012-05-16,0.0
2012-05-17,7.987022e-06
2012-05-18,0.0
2012-05-19,0.0
2012-05-20,0.0
2012-05-21,0.0
2012-05-22,1.3245477e-08
2012-05-23,0.0
2012-05-24,1.3828278e-05
2012-05-25,5.6240293e-05
2012-05-26,1.932515e-05
2012-05-27,5.695555e-06
2012-05-28,7.947286e-08
2012-05-29,0.0
2012-05-30,0.0
2012-05-31,0.0
2012-06-01,3.0345387e-05
2012-06-02,0.0
2012-06-03,4.0425195e-05
2012-06-04,0.001436207
2012-06-05,5.690257e-05
2012-06-06,0.0
2012-06-07,5.139245e-06
2012-06-08,0.0
2012-06-09,0.0
2012-06-10,0.0
2012-06-11,0.0
2012-06-12,0.0
2012-06-13,0.0
2012-06-14,0.0
2012-06-15,0.0
2012-06-16,0.0
2012-06-17,0.0
2012-06-18,0.0
2012-06-19,0.0
2012-06-20,0.0
2012-06-21,0.0
2012-06-22,0.00017268128
2012-06-23,0.00030644736
2012-06-24,0.0
2012-06-25,2.4239223e-06
2012-06-26,8.3843865e-05
2012-06-27,0.0
2012-06-28,0.0
2012-06-29,0.0
2012-06-30,3.320641e-05
2012-07-01,2.0755662e-05
2012-07-02,0.0
2012-07-03,0.0
2012-07-04,0.0
2012-07-05,0.0
2012-07-06,0.0
2012-07-07,0.0
2012-07-08,0.0
2012-07-09,0.0
2012-07-10,0.0
2012-07-11,0.0
2012-07-12,0.0
2012-07-13,0.0
2012-07-14,0.0
2012-07-15,0.0
2012-07-16,3.7087335e-07
2012-07-17,3.8782757e-05
2012-07-18,1.1589792e-05
2012-07-19,1.3377932e-06
2012-07-20,0.0
2012-07-21,0.0
2012-07-22,0.0
2012-07-23,2.6490953e-08
2012-07-24,4.7683716e-07
2012-07-25,0.0
2012-07-26,0.0
2012-07-27,0.0
2012-07-28,0.0
2012-07-29,0.0
2012-07-30,0.0
2012-07-31,0.0
2012-08-01,0.0
2012-08-02,0.0
2012-08-03,0.0
2012-08-04,0.0
2012-08-05,1.3245477e-07
2012-08-06,0.0
2012-08-07,0.0
2012-08-08,0.0
2012-08-09,0.0
2012-08-10,0.0
2012-08-11,0.0
2012-08-12,0.0
2012-08-13,0.0
2012-08-14,0.0
2012-08-15,2.0133125e-06
2012-08-16,3.4438239e-07
2012-08-17,1.8543668e-07
2012-08-18,2.278222e-06
2012-08-19,0.0
2012-08-20,0.0
2012-08-21,0.0
2012-08-22,0.0
2012-08-23,0.0
2012-08-24,0.0
2012-08-25,0.0
2012-08-26,0.0
2012-08-27,0.0
2012-08-28,0.0
2012-08-29,0.0
2012-08-30,0.0
2012-08-31,0.0
2012-09-01,0.0
2012-09-02,0.0
2012-09-03,0.0
2012-09-04,0.0
2012-09-05,0.0
2012-09-06,0.0
2012-09-07,0.0
2012-09-08,0.0
2012-09-09,0.0
2012-09-10,0.0
2012-09-11,0.0
2012-09-12,0.0
2012-09-13,0.0
2012-09-14,0.0
2012-09-15,0.0
2012-09-16,0.0
2012-09-17,0.0
2012-09-18,0.0
2012-09-19,0.0
2012-09-20,0.0
2012-09-21,0.0
2012-09-22,0.0
2012-09-23,1.6556846e-06
2012-09-24,0.0
2012-09-25,0.0
2012-09-26,0.0
2012-09-27,0.0
2012-09-28,0.0
2012-09-29,0.0
2012-09-30,0.0
2012-10-01,0.0
2012-10-02,0.0
2012-10-03,0.0
2012-10-04,0.0
2012-10-05,0.0
2012-10-06,0.0
2012-10-07,0.0
2012-10-08,3.496806e-06
2012-10-09,2.7285682e-06
2012-10-10,0.0
2012-10-11,0.0
2012-10-12,3.29415e-05
2012-10-13,5.549855e-06
2012-10-14,0.0
2012-10-15,1.5629662e-06
2012-10-16,2.0053652e-05
2012-10-17,0.0
2012-10-18,0.0
2012-10-19,0.0
2012-10-20,1.3245477e-08
2012-10-21,1.05963814e-07
2012-10-22,0.0015251371
2012-10-23,0.000523395
2012-10-24,0.0008151531
2012-10-25,0.000119275515
2012-10-26,0.0
2012-10-27,2.6490953e-08
2012-10-28,0.0
2012-10-29,0.0
2012-10-30,0.0
2012-10-31,0.00071612996
2012-11-01,0.0003878673
2012-11-02,3.7087334e-06
2012-11-03,1.1073218e-05
2012-11-04,4.7418807e-06
2012-11-05,0.0
2012-11-06,0.0
2012-11-07,0.0
2012-11-08,0.00024726655
2012-11-09,9.8374156e-05
2012-11-10,0.00011858675
2012-11-11,8.60956e-07
2012-11-12,7.218785e-06
2012-11-13,1.380841e-05
2012-11-14,5.0597722e-05
2012-11-15,0.0
2012-11-16,0.00010552671
2012-11-17,0.0016494063
2012-11-18,0.00016627047
2012-11-19,0.00066346594
2012-11-20,0.0019153886
2012-11-21,0.0015526877
2012-11-22,0.0
2012-11-23,0.0
2012-11-24,0.0
2012-11-25,0.0
2012-11-26,0.0
2012-11-27,0.0
2012-11-28,0.0012929969
2012-11-29,0.0018933216
2012-11-30,0.0039832722
2012-12-01,0.0014563004
2012-12-02,0.0026902491
2012-12-03,4.4756467e-05
2012-12-04,0.0007912053
2012-12-05,0.00072854094
2012-12-06,8.543332e-06
2012-12-07,0.0
2012-12-08,0.0
2012-12-09,0.0
2012-12-10,0.0
2012-12-11,0.0
2012-12-12,0.00069042045
2012-12-13,4.2385527e-06
2012-12-14,2.0080142e-05
2012-12-15,0.00029749342
2012-12-16,0.00060537126
2012-12-17,0.00079911284
2012-12-18,3.9868883e-06
2012-12-19,2.4106766e-06
2012-12-20,0.00058880117
2012-12-21,0.0025537147
2012-12-22,0.0016563336
2012-12-23,0.0017146402
2012-12-24,7.009506e-05
2012-12-25,0.00031675232
2012-12-26,0.0004030731
2012-12-27,1.935164e-05
2012-12-28,4.0160285e-05
2012-12-29,8.675787e-06
2012-12-30,5.2981907e-08
2012-12-31,0.0
2013-01-01,1.05963814e-07
2013-01-02,0.0
2013-01-03,0.0
2013-01-04,0.0
2013-01-05,1.8941032e-06
2013-01-06,4.4438573e-05
2013-01-07,2.6490953e-08
2013-01-08,0.0
2013-01-09,0.00026721426
2013-01-10,8.238687e-06
2013-01-11,3.0067233e-05
2013-01-12,0.0
2013-01-13,0.0
2013-01-14,0.0
2013-01-15,0.0
2013-01-16,0.0
2013-01-17,0.0
2013-01-18,0.0
2013-01-19,0.0
2013-01-20,0.0
2013-01-21,0.0
2013-01-22,0.0
2013-01-23,0.0004087819
2013-01-24,0.00023449791
2013-01-25,4.1802723e-05
2013-01-26,9.082424e-05
2013-01-27,9.1393787e-07
2013-01-28,9.205606e-06
2013-01-29,3.973643e-07
2013-01-30,0.0
2013-01-31,0.0
2013-02-01,0.0
2013-02-02,0.0
2013-02-03,0.0
2013-02-04,0.0
2013-02-05,7.426739e-05
2013-02-06,4.026625e-06
2013-02-07,0.00032002397
2013-02-08,0.00013332897
2013-02-09,0.0
2013-02-10,0.0
2013-02-11,0.0
2013-02-12,0.0
2013-02-13,2.6490953e-08
2013-02-14,0.0
2013-02-15,0.0
2013-02-16,0.0
2013-02-17,0.0
2013-02-18,1.5894572e-06
2013-02-19,0.0008604129
2013-02-20,2.3974312e-06
2013-02-21,1.695421e-06
2013-02-22,7.987022e-06
2013-02-23,1.056989e-05
2013-02-24,0.0
2013-02-25,1.2848112e-06
2013-02-26,0.0
2013-02-27,0.0
2013-02-28,3.6822425e-06
2013-03-01,0.0
2013-03-02,1.1656019e-06
2013-03-03,0.00016285313
2013-03-04,2.0543734e-05
2013-03-05,3.6729707e-05
2013-03-06,0.0012881889
2013-03-07,0.00015250842
2013-03-08,1.721912e-06
2013-03-09,1.4570024e-07
2013-03-10,0.0
2013-03-11,0.0
2013-03-12,0.0
2013-03-13,0.0
2013-03-14,0.0
2013-03-15,0.0
2013-03-16,1.4570024e-07
2013-03-17,0.0
2013-03-18,0.0
2013-03-19,7.429388e-05
2013-03-20,0.0012035104
2013-03-21,5.642573e-05
2013-03-22,0.0
2013-03-23,0.0
2013-03-24,0.0
2013-03-25,7.165803e-06
2013-03-26,1.3987224e-05
2013-03-27,9.8599325e-05
2013-03-28,0.000106334686
2013-03-29,3.7219788e-06
2013-03-30,3.3272638e-05
2013-03-31,0.00060435134
2013-04-01,0.00014128949
2013-04-02,4.503462e-07
2013-04-03,0.0
2013-04-04,0.0006387234
2013-04-05,0.00043084886
2013-04-06,0.0002897713
2013-04-07,0.0001267857
2013-04-08,0.00017910534
2013-04-09,0.0
2013-04-10,1.6159481e-06
2013-04-11,5.2981907e-08
2013-04-12,0.0
2013-04-13,0.0
2013-04-14,5.2981907e-08
2013-04-15,9.5142255e-05
2013-04-16,1.3404422e-05
2013-04-17,2.6490953e-08
2013-04-18,0.0
2013-04-19,0.0
2013-04-20,0.0
2013-04-21,0.0
2013-04-22,0.0
2013-04-23,0.0
2013-04-24,0.0
2013-04-25,0.0
2013-04-26,0.0
2013-04-27,0.0
2013-04-28,0.0
2013-04-29,0.0
2013-04-30,0.0
2013-05-01,0.0
2013-05-02,0.0
2013-05-03,0.0
2013-05-04,6.357829e-07
2013-05-05,1.1179182e-05
2013-05-06,0.00023835235
2013-05-07,0.00014426972
2013-05-08,5.0875875e-05
2013-05-09,1.4490552e-05
2013-05-10,7.417467e-07
2013-05-11,0.0
2013-05-12,0.0
2013-05-13,0.0
2013-05-14,0.0
2013-05-15,4.529953e-06
2013-05-16,0.00021265613
2013-05-17,1.3046794e-05
2013-05-18,1.2185839e-06
2013-05-19,0.0
2013-05-20,0.0
2013-05-21,0.0
2013-05-22,1.2450748e-06
2013-05-23,4.026625e-06
2013-05-24,0.0
2013-05-25,8.8744696e-07
2013-05-26,2.2464328e-05
2013-05-27,0.00022551749
2013-05-28,0.0001654625
2013-05-29,1.19871565e-05
2013-05-30,0.0
2013-05-31,0.0
2013-06-01,0.0
2013-06-02,0.0
2013-06-03,0.0
2013-06-04,0.0
2013-06-05,0.0
2013-06-06,0.0
2013-06-07,0.0
2013-06-08,0.0
2013-06-09,1.3377932e-06
2013-06-10,4.7683716e-07
2013-06-11,8.265178e-06
2013-06-12,0.0
2013-06-13,2.6490954e-07
2013-06-14,0.0
2013-06-15,0.0
2013-06-16,0.0
2013-06-17,0.0
2013-06-18,6.67572e-06
2013-06-19,1.2980568e-06
2013-06-20,1.8292003e-05
2013-06-21,0.0
2013-06-22,0.0
2013-06-23,4.573663e-05
2013-06-24,0.000537263
2013-06-25,0.00073296495
2013-06-26,0.00049340725
2013-06-27,6.6227386e-08
2013-06-28,0.0
2013-06-29,0.0
2013-06-30,0.0
2013-07-01,0.0
2013-07-02,3.100766e-05
2013-07-03,2.5047197e-05
2013-07-04,3.5497878e-06
2013-07-05,0.0
2013-07-06,0.0
2013-07-07,0.0
2013-07-08,0.0
2013-07-09,0.0
2013-07-10,0.0
2013-07-11,0.0
2013-07-12,0.0
2013-07-13,0.0
2013-07-14,0.0
2013-07-15,0.0
2013-07-16,7.947286e-08
2013-07-17,0.0
2013-07-18,0.0
2013-07-19,0.0
2013-07-20,0.0
2013-07-21,0.0
2013-07-22,0.0
2013-07-23,0.0
2013-07-24,0.0
2013-07-25,5.2981907e-08
2013-07-26,5.4836273e-05
2013-07-27,3.054407e-05
2013-07-28,0.0
2013-07-29,0.0
2013-07-30,0.0
2013-07-31,0.0
2013-08-01,0.0
2013-08-02,0.0
2013-08-03,0.0
2013-08-04,0.0
2013-08-05,0.0
2013-08-06,0.0
2013-08-07,2.0795399e-06
2013-08-08,0.0
2013-08-09,1.9682779e-05
2013-08-10,2.3841858e-06
2013-08-11,0.0
2013-08-12,1.5894572e-07
2013-08-13,0.0
2013-08-14,0.0
2013-08-15,0.0
2013-08-16,2.6490953e-08
2013-08-17,0.0
2013-08-18,0.0
2013-08-19,8.742015e-07
2013-08-20,8.34465e-07
2013-08-21,2.5762452e-05
2013-08-22,5.1233503e-05
2013-08-23,0.0
2013-08-24,2.1457672e-06
2013-08-25,1.139111e-05
2013-08-26,2.6888317e-06
2013-08-27,0.0
2013-08-28,0.0
2013-08-29,5.033281e-07
2013-08-30,0.0
2013-08-31,0.0
2013-09-01,1.7881393e-06
2013-09-02,1.086129e-06
2013-09-03,1.8543668e-07
2013-09-04,0.0
2013-09-05,4.7683716e-07
2013-09-06,0.0
2013-09-07,0.0
2013-09-08,0.0
2013-09-09,0.0
2013-09-10,0.0
2013-09-11,0.0
2013-09-12,0.0
2013-09-13,4.9140717e-06
2013-09-14,0.0
2013-09-15,0.0
2013-09-16,0.0
2013-09-17,2.8928122e-05
2013-09-18,0.0
2013-09-19,0.0
2013-09-20,2.6490953e-08
2013-09-21,0.0018529892
2013-09-22,9.922186e-05
2013-09-23,9.86788e-06
2013-09-24,6.0002008e-06
2013-09-25,3.6040943e-05
2013-09-26,0.0
2013-09-27,0.0
2013-09-28,2.6490953e-08
2013-09-29,0.0006650686
2013-09-30,0.0009209712
2013-10-01,5.364418e-05
2013-10-02,0.0
2013-10-03,7.947286e-08
2013-10-04,0.0
2013-10-05,0.0
2013-10-06,0.0
2013-10-07,0.0
2013-10-08,2.1192763e-07
2013-10-09,9.801653e-07
2013-10-10,0.0
2013-10-11,0.0
2013-10-12,3.5391913e-05
2013-10-13,1.5894572e-07
2013-10-14,0.0
2013-10-15,0.0
2013-10-16,0.0
2013-10-17,0.0
2013-10-18,0.0
2013-10-19,0.0
2013-10-20,0.0
2013-10-21,0.0
2013-10-22,0.0
2013-10-23,0.0
2013-10-24,0.0
2013-10-25,0.0
2013-10-26,0.0
2013-10-27,1.7086664e-06
2013-10-28,1.8437704e-05
2013-10-29,6.9856644e-05
2013-10-30,0.0
2013-10-31,0.0
2013-11-01,0.0
2013-11-02,0.0
2013-11-03,1.5894572e-07
2013-11-04,0.0
2013-11-05,5.5631e-07
2013-11-06,0.0
2013-11-07,0.0
2013-11-08,0.0
2013-11-09,0.0
2013-11-10,0.0
2013-11-11,0.0
2013-11-12,1.0755327e-05
2013-11-13,0.0
2013-11-14,0.0
2013-11-15,7.947286e-07
2013-11-16,1.2450748e-06
2013-11-17,1.1920929e-07
2013-11-18,2.8212864e-06
2013-11-19,0.0011522108
2013-11-20,0.0012574329
2013-11-21,6.67572e-05
2013-11-22,0.0
2013-11-23,0.0
2013-11-24,0.0
2013-11-25,0.0
2013-11-26,0.0
2013-11-27,0.0
2013-11-28,0.0
2013-11-29,0.0
2013-11-30,2.8875138e-06
2013-12-01,0.0
2013-12-02,4.4080945e-05
2013-12-03,1.3483896e-05
2013-12-04,1.3245477e-08
2013-12-05,0.0
2013-12-06,9.000301e-05
2013-12-07,0.00028169155
2013-12-08,0.0
2013-12-09,0.0
2013-12-10,0.0
2013-12-11,0.0
2013-12-12,0.0
2013-12-13,0.0
2013-12-14,0.0
2013-12-15,0.0
2013-12-16,0.0
2013-12-17,0.0
2013-12-18,0.0
2013-12-19,8.0797406e-07
2013-12-20,0.0
2013-12-21,3.973643e-07
2013-12-22,0.0
2013-12-23,0.0
2013-12-24,0.0
2013-12-25,0.0
2013-12-26,0.0
2013-12-27,0.0
2013-12-28,0.0
2013-12-29,0.0
2013-12-30,0.0
2013-12-31,0.0
2014-01-01,0.0
2014-01-02,0.0
2014-01-03,0.0
2014-01-04,0.0
2014-01-05,0.0
2014-01-06,0.0
2014-01-07,5.9604645e-07
2014-01-08,5.549855e-06
2014-01-09,0.00010070536
2014-01-10,3.417333e-06
2014-01-11,0.00043663714
2014-01-12,3.1352043e-05
2014-01-13,0.0
2014-01-14,0.0
2014-01-15,0.0
2014-01-16,0.0
2014-01-17,0.0
2014-01-18,0.0
2014-01-19,0.0
2014-01-20,0.0
2014-01-21,0.0
2014-01-22,0.0
2014-01-23,0.0
2014-01-24,0.0
2014-01-25,0.0
2014-01-26,0.0
2014-01-27,9.1393787e-07
2014-01-28,1.40137145e-05
2014-01-29,0.00024300152
2014-01-30,1.8437704e-05
2014-01-31,4.6677058e-05
2014-02-01,0.0
2014-02-02,1.5894572e-07
2014-02-03,8.477105e-07
2014-02-04,0.0
2014-02-05,0.0
2014-02-06,0.0004382001
2014-02-07,0.0011077987
2014-02-08,0.0015516016
2014-02-09,0.0009565883
2014-02-10,0.0008530617
2014-02-11,1.8013848e-06
2014-02-12,8.8095665e-05
2014-02-13,0.0006489356
2014-02-14,0.0007420778
2014-02-15,0.00040743087
2014-02-16,0.0005302959
2014-02-17,0.0
2014-02-18,1.9603306e-06
2014-02-19,2.6914808e-05
2014-02-20,0.0
2014-02-21,0.0
2014-02-22,0.0
2014-02-23,0.0
2014-02-24,0.0
2014-02-25,0.0
2014-02-26,0.0002715058
2014-02-27,0.0022824209
2014-02-28,0.00043272972
2014-03-01,0.00049561926
2014-03-02,0.000560032
2014-03-03,0.0013421244
2014-03-04,0.00046265125
2014-03-05,0.00089563266
2014-03-06,0.0010634264
2014-03-07,3.2583873e-06
2014-03-08,0.0
2014-03-09,0.0008255376
2014-03-10,0.000823564
2014-03-11,0.0
2014-03-12,0.0
2014-03-13,0.0
2014-03-14,8.556578e-06
2014-03-15,0.0
2014-03-16,0.0
2014-03-17,2.503395e-06
2014-03-18,0.0
2014-03-19,0.0
2014-03-20,0.0
2014-03-21,2.6490953e-08
2014-03-22,2.6490953e-08
2014-03-23,0.0
2014-03-24,0.0
2014-03-25,0.00028696324
2014-03-26,0.00069569214
2014-03-27,0.00041577552
2014-03-28,0.00076911185
2014-03-29,0.0016338163
2014-03-30,0.0002622207
2014-03-31,0.00065441924
2014-04-01,0.0005538066
2014-04-02,1.65436e-05
2014-04-03,3.0822222e-05
2014-04-04,4.4120683e-05
2014-04-05,2.5166406e-07
2014-04-06,0.0
2014-04-07,0.0
2014-04-08,0.0
2014-04-09,0.0
2014-04-10,0.0
2014-04-11,0.0
2014-04-12,1.05963814e-07
2014-04-13,0.0
2014-04-14,0.0
2014-04-15,0.0
2014-04-16,0.0
2014-04-17,2.172258e-06
2014-04-18,3.412035e-05
2014-04-19,0.0
2014-04-20,0.0
2014-04-21,5.298191e-07
2014-04-22,0.00010614925
2014-04-23,2.3312039e-06
2014-04-24,2.7961201e-05
2014-04-25,0.00016501214
2014-04-26,3.112687e-06
2014-04-27,0.00013540851
2014-04-28,2.529886e-06
2014-04-29,0.0
2014-04-30,0.0
2014-05-01,0.0
2014-05-02,0.0
2014-05-03,7.947286e-08
2014-05-04,1.2119611e-05
2014-05-05,0.00011693107
2014-05-06,1.05963814e-07
2014-05-07,0.0
2014-05-08,1.4278624e-05
2014-05-09,0.0001128912
2014-05-10,1.1629529e-05
2014-05-11,0.0
2014-05-12,0.0
2014-05-13,0.0
2014-05-14,0.0
2014-05-15,0.0
2014-05-16,0.0
2014-05-17,0.0
2014-05-18,2.0398033e-06
2014-05-19,2.4623341e-05
2014-05-20,5.516741e-05
2014-05-21,0.0
2014-05-22,0.0
2014-05-23,1.086129e-06
2014-05-24,0.0
2014-05-25,0.0
2014-05-26,0.0
2014-05-27,0.0
2014-05-28,0.0
2014-05-29,0.0
2014-05-30,0.0
2014-05-31,0.0
2014-06-01,0.0
2014-06-02,0.0
2014-06-03,6.357829e-07
2014-06-04,0.0
2014-06-05,0.0
2014-06-06,0.0
2014-06-07,0.0
2014-06-08,0.0
2014-06-09,0.0
2014-06-10,0.0
2014-06-11,0.0
2014-06-12,0.0
2014-06-13,0.0
2014-06-14,0.0
2014-06-15,0.0
2014-06-16,4.251798e-06
2014-06-17,0.0
2014-06-18,0.0
2014-06-19,0.0
2014-06-20,0.0
2014-06-21,0.0
2014-06-22,0.0
2014-06-23,0.0
2014-06-24,0.0
2014-06-25,1.2424257e-05
2014-06-26,3.412035e-05
2014-06-27,1.1920929e-06
2014-06-28,0.0
2014-06-29,0.0
2014-06-30,0.0
2014-07-01,0.0
2014-07-02,0.0
2014-07-03,0.0
2014-07-04,0.0
2014-07-05,0.0
2014-07-06,0.0
2014-07-07,1.2318293e-06
2014-07-08,0.0
2014-07-09,4.834599e-06
2014-07-10,0.0
2014-07-11,1.9457606e-05
2014-07-12,0.0
2014-07-13,0.0
2014-07-14,0.0
2014-07-15,0.0
2014-07-16,4.9498347e-05
2014-07-17,3.9339066e-06
2014-07-18,0.0
2014-07-19,1.8543668e-07
2014-07-20,5.593565e-05
2014-07-21,5.2187177e-05
2014-07-22,5.9366226e-05
2014-07-23,3.973643e-08
2014-07-24,0.0
2014-07-25,0.0
2014-07-26,0.0
2014-07-27,0.0
2014-07-28,0.0
2014-07-29,0.0
2014-07-30,0.0
2014-07-31,0.0
2014-08-01,0.0
2014-08-02,0.0
2014-08-03,0.0
2014-08-04,3.3511055e-06
2014-08-05,0.0005007982
2014-08-06,4.45048e-06
2014-08-07,7.1525574e-07
2014-08-08,1.4570024e-07
2014-08-09,0.0
2014-08-10,3.2318962e-06
2014-08-11,3.6160152e-06
2014-08-12,1.9338395e-06
2014-08-13,1.5391244e-05
2014-08-14,0.0
2014-08-15,0.0
2014-08-16,0.0
2014-08-17,0.0
2014-08-18,0.0
2014-08-19,2.1192763e-07
2014-08-20,0.0
2014-08-21,0.0
2014-08-22,0.0
2014-08-23,0.0
2014-08-24,0.0
2014-08-25,4.2385525e-07
2014-08-26,0.0
2014-08-27,0.0
2014-08-28,0.0
2014-08-29,0.0
2014-08-30,0.0
2014-08-31,0.0
2014-09-01,0.0
2014-09-02,0.0
2014-09-03,0.0
2014-09-04,0.0
2014-09-05,0.0
2014-09-06,0.0
2014-09-07,0.0
2014-09-08,0.0
2014-09-09,0.0
2014-09-10,0.0
2014-09-11,0.0
2014-09-12,0.0
2014-09-13,0.0
2014-09-14,0.0
2014-09-15,0.0
2014-09-16,0.0
2014-09-17,4.225307e-06
2014-09-18,0.00017750263
2014-09-19,0.0
2014-09-20,0.0
2014-09-21,1.0331472e-06
2014-09-22,0.0
2014-09-23,0.0
2014-09-24,0.0002332396
2014-09-25,0.0018075439
2014-09-26,3.0650033e-05
2014-09-27,1.6424391e-06
2014-09-28,1.0728836e-05
2014-09-29,0.0
2014-09-30,0.0
2014-10-01,0.0
2014-10-02,0.0
2014-10-03,0.0
2014-10-04,0.0
2014-10-05,0.0
2014-10-06,0.0
2014-10-07,0.0
2014-10-08,0.0
2014-10-09,0.0
2014-10-10,0.0
2014-10-11,0.0
2014-10-12,0.0
2014-10-13,0.0
2014-10-14,0.0
2014-10-15,0.0007937882
2014-10-16,6.7154565e-06
2014-10-17,1.3695822e-05
2014-10-18,9.4837615e-06
2014-10-19,2.6490953e-08
2014-10-20,0.00044205453
2014-10-21,4.1166943e-05
2014-10-22,0.0
2014-10-23,0.0006828441
2014-10-24,0.00030415587
2014-10-25,0.00092616346
2014-10-26,0.00012825595
2014-10-27,0.0
2014-10-28,2.251731e-06
2014-10-29,1.1285146e-05
2014-10-30,0.0
2014-10-31,0.00088296994
2014-11-01,0.00031150712
2014-11-02,4.503462e-07
2014-11-03,0.0
2014-11-04,2.5086933e-05
2014-11-05,0.0
2014-11-06,0.0
2014-11-07,0.0
2014-11-08,0.0
2014-11-09,0.0
2014-11-10,0.0
2014-11-11,0.0
2014-11-12,1.6185972e-05
2014-11-13,0.0004361073
2014-11-14,8.960565e-05
2014-11-15,1.3722314e-05
2014-11-16,0.0
2014-11-17,0.0
2014-11-18,0.0
2014-11-19,0.00020441745
2014-11-20,0.00034724342
2014-11-21,0.00023706754
2014-11-22,0.0013927221
2014-11-23,0.0
2014-11-24,0.0
2014-11-25,0.0
2014-11-26,0.0
2014-11-27,0.0
2014-11-28,0.00010265244
2014-11-29,0.0011444357
2014-11-30,0.00048414865
2014-12-01,0.00019749005
2014-12-02,0.00021575557
2014-12-03,0.0026421149
2014-12-04,0.0009986692
2014-12-05,0.000660234
2014-12-06,0.0014068418
2014-12-07,3.3365355e-05
2014-12-08,0.0005171166
2014-12-09,0.00022423267
2014-12-10,0.0008651018
2014-12-11,0.00453088
2014-12-12,0.000612749
2014-12-13,3.7882064e-06
2014-12-14,8.318159e-06
2014-12-15,0.00042956404
2014-12-16,0.00066781044
2014-12-17,0.0012409687
2014-12-18,0.00037912527
2014-12-19,0.0010872153
2014-12-20,0.0012060138
2014-12-21,0.00045686297
2014-12-22,3.8809245e-05
2014-12-23,0.0
2014-12-24,0.00026550557
2014-12-25,5.695555e-07
2014-12-26,5.2981907e-08
2014-12-27,0.0
2014-12-28,3.4438239e-07
2014-12-29,9.112888e-06
2014-12-30,1.5497208e-06
2014-12-31,0.0
2015-01-01,0.0
2015-01-02,0.0
2015-01-03,0.0
2015-01-04,1.4570024e-07
2015-01-05,0.0
2015-01-06,0.0
2015-01-07,0.0
2015-01-08,0.0
2015-01-09,0.0
2015-01-10,0.0
2015-01-11,0.0
2015-01-12,2.2384856e-06
2015-01-13,0.0
2015-01-14,0.0
2015-01-15,0.0
2015-01-16,0.00022810035
2015-01-17,3.9100647e-05
2015-01-18,0.0007052819
2015-01-19,5.298191e-07
2015-01-20,0.0
2015-01-21,0.0
2015-01-22,0.0
2015-01-23,0.0
2015-01-24,0.0
2015-01-25,0.0
2015-01-26,0.0
2015-01-27,2.5961135e-06
2015-01-28,4.1060977e-07
2015-01-29,0.0
2015-01-30,0.0
2015-01-31,0.0
2015-02-01,1.8543668e-07
2015-02-02,0.0002257824
2015-02-03,3.129906e-05
2015-02-04,6.728702e-06
2015-02-05,0.00013180573
2015-02-06,0.0018273062
2015-02-07,0.0015690856
2015-02-08,0.0010187493
2015-02-09,0.001255062
2015-02-10,1.2053383e-06
2015-02-11,0.0
2015-02-12,0.0
2015-02-13,0.0
2015-02-14,0.0
2015-02-15,0.0
2015-02-16,0.0
2015-02-17,0.0
2015-02-18,0.0
2015-02-19,0.0
2015-02-20,0.0
2015-02-21,0.0
2015-02-22,0.0
2015-02-23,0.0
2015-02-24,0.0
2015-02-25,0.0
2015-02-26,0.0
2015-02-27,0.00011763308
2015-02-28,8.437369e-06
2015-03-01,0.0
2015-03-02,5.510118e-06
2015-03-03,0.0
2015-03-04,0.0
2015-03-05,0.0
2015-03-06,0.0
2015-03-07,0.0
2015-03-08,0.0
2015-03-09,0.0
2015-03-10,0.0
2015-03-11,0.00019337071
2015-03-12,3.390842e-06
2015-03-13,0.0
2015-03-14,6.012122e-05
2015-03-15,7.229381e-05
2015-03-16,0.00040549703
2015-03-17,2.0927853e-06
2015-03-18,0.0
2015-03-19,0.0
2015-03-20,0.0
2015-03-21,0.0
2015-03-22,0.00028219487
2015-03-23,0.00027749274
2015-03-24,0.00014315711
2015-03-25,0.0
2015-03-26,0.0
2015-03-27,4.2385525e-07
2015-03-28,7.947286e-07
2015-03-29,0.0
2015-03-30,0.0
2015-03-31,1.0728836e-06
2015-04-01,1.7007193e-05
2015-04-02,2.6490953e-08
2015-04-03,0.0
2015-04-04,6.8876477e-07
2015-04-05,0.0004924138
2015-04-06,8.0532496e-05
2015-04-07,0.0012256437
2015-04-08,7.0373215e-05
2015-04-09,0.0
2015-04-10,0.0
2015-04-11,1.3245477e-08
2015-04-12,0.0
2015-04-13,1.5894572e-06
2015-04-14,1.2212329e-05
2015-04-15,0.0
2015-04-16,0.0
2015-04-17,0.0
2015-04-18,0.0
2015-04-19,0.0
2015-04-20,0.0
2015-04-21,1.3907751e-06
2015-04-22,1.1073218e-05
2015-04-23,5.1259995e-06
2015-04-24,2.6226044e-06
2015-04-25,6.873078e-05
2015-04-26,0.0
2015-04-27,0.0
2015-04-28,0.0
2015-04-29,1.3245477e-07
2015-04-30,0.0
2015-05-01,1.8278757e-06
2015-05-02,0.0
2015-05-03,0.0
2015-05-04,0.0
2015-05-05,0.0
2015-05-06,2.1192763e-07
2015-05-07,2.6490953e-08
2015-05-08,1.5894572e-07
2015-05-09,7.947286e-08
2015-05-10,1.086129e-06
2015-05-11,0.00015042888
2015-05-12,0.00010487768
2015-05-13,5.642573e-06
2015-05-14,2.172258e-06
2015-05-15,7.0108304e-05
2015-05-16,1.6623073e-05
2015-05-17,3.496806e-05
2015-05-18,4.635917e-06
2015-05-19,6.808175e-06
2015-05-20,0.00013934242
2015-05-21,1.1894438e-05
2015-05-22,8.914206e-06
2015-05-23,2.9404959e-05
2015-05-24,0.0
2015-05-25,1.8543668e-07
2015-05-26,2.251731e-07
2015-05-27,2.3841858e-07
2015-05-28,0.0
2015-05-29,0.0
2015-05-30,0.0
2015-05-31,0.0
2015-06-01,7.576413e-06
2015-06-02,1.7417802e-05
2015-06-03,3.059705e-06
2015-06-04,4.4703484e-05
2015-06-05,0.0
2015-06-06,2.6490953e-08
2015-06-07,0.0
2015-06-08,0.0
2015-06-09,1.9629797e-05
2015-06-10,0.0001292891
2015-06-11,0.0
2015-06-12,0.0
2015-06-13,0.0
2015-06-14,0.0
2015-06-15,0.0
2015-06-16,0.0
2015-06-17,0.0
2015-06-18,0.0
2015-06-19,0.0
2015-06-20,0.0
2015-06-21,0.0
2015-06-22,0.0
2015-06-23,0.0
2015-06-24,0.0
2015-06-25,1.4040205e-06
2015-06-26,1.4040205e-06
2015-06-27,0.0
2015-06-28,6.0002008e-06
2015-06-29,0.0
2015-06-30,0.0
2015-07-01,2.6490954e-07
2015-07-02,0.0
2015-07-03,4.9352646e-05
2015-07-04,2.5696224e-06
2015-07-05,0.0
2015-07-06,0.0
2015-07-07,1.20004015e-05
2015-07-08,9.841389e-05
2015-07-09,0.00026296245
2015-07-10,6.857183e-05
2015-07-11,8.477105e-06
2015-07-12,1.1086464e-05
2015-07-13,8.715524e-06
2015-07-14,0.0
2015-07-15,3.1656689e-06
2015-07-16,0.0
2015-07-17,0.0
2015-07-18,2.304713e-06
2015-07-19,0.0
2015-07-20,0.0
2015-07-21,0.00014315711
2015-07-22,3.973643e-07
2015-07-23,0.0
2015-07-24,0.0
2015-07-25,0.0
2015-07-26,1.973576e-05
2015-07-27,0.0
2015-07-28,0.0
2015-07-29,0.0
2015-07-30,3.2583873e-06
2015-07-31,0.0
2015-08-01,0.0
2015-08-02,3.9603974e-06
2015-08-03,2.6490953e-08
2015-08-04,0.0
2015-08-05,0.0
2015-08-06,0.0
2015-08-07,7.6823767e-07
2015-08-08,0.0
2015-08-09,0.0
2015-08-10,0.0
2015-08-11,5.2981907e-08
2015-08-12,0.0
2015-08-13,0.0
2015-08-14,0.0
2015-08-15,0.0
2015-08-16,0.0
2015-08-17,0.0
2015-08-18,0.0
2015-08-19,0.0
2015-08-20,0.0
2015-08-21,0.0
2015-08-22,0.0
2015-08-23,0.0
2015-08-24,0.0
2015-08-25,0.0
2015-08-26,0.0
2015-08-27,2.6490953e-08
2015-08-28,0.0
2015-08-29,4.9299662e-05
2015-08-30,0.0
2015-08-31,0.0
2015-09-01,0.0
2015-09-02,3.4438239e-07
2015-09-03,8.60956e-07
2015-09-04,3.5497878e-06
2015-09-05,0.0
2015-09-06,0.0
2015-09-07,0.0
2015-09-08,0.0
2015-09-09,0.0
2015-09-10,0.0
2015-09-11,0.0
2015-09-12,0.0
2015-09-13,5.033281e-07
2015-09-14,7.237328e-05
2015-09-15,0.0004959371
2015-09-16,0.00052389834
2015-09-17,0.0002586974
2015-09-18,0.0
2015-09-19,0.0
2015-09-20,0.0
2015-09-21,0.0
2015-09-22,0.0
2015-09-23,0.0
2015-09-24,0.0
2015-09-25,0.0
2015-09-26,0.0
2015-09-27,0.0
2015-09-28,0.0
2015-09-29,0.0
2015-09-30,0.0
2015-10-01,7.688999e-05
2015-10-02,0.0
2015-10-03,1.0596382e-06
2015-10-04,2.5749207e-05
2015-10-05,0.0
2015-10-06,0.0
2015-10-07,0.0
2015-10-08,0.0
2015-10-09,0.0
2015-10-10,0.0
2015-10-11,0.0
2015-10-12,0.0
2015-10-13,0.0
2015-10-14,0.0
2015-10-15,0.0
2015-10-16,0.0
2015-10-17,0.00015636285
2015-10-18,0.000111964015
2015-10-19,9.490384e-05
2015-10-20,0.0
2015-10-21,0.0
2015-10-22,0.0
2015-10-23,0.0
2015-10-24,0.0
2015-10-25,1.2450748e-06
2015-10-26,0.0
2015-10-27,3.9630468e-05
2015-10-28,0.00013972653
2015-10-29,0.0
2015-10-30,0.0
2015-10-31,2.6490953e-08
2015-11-01,0.00015563435
2015-11-02,0.000492533
2015-11-03,3.311369e-07
2015-11-04,1.3245477e-08
2015-11-05,0.0
2015-11-06,0.0
2015-11-07,0.0
2015-11-08,0.0002458228
2015-11-09,0.0004398293
2015-11-10,1.5417734e-05
2015-11-11,0.0
2015-11-12,0.0
2015-11-13,0.0
2015-11-14,0.0
2015-11-15,0.00045845244
2015-11-16,3.311369e-07
2015-11-17,1.6159481e-06
2015-11-18,2.4345187e-05
2015-11-19,0.0
2015-11-20,3.973643e-07
2015-11-21,0.0
2015-11-22,0.0
2015-11-23,0.0
2015-11-24,0.0008153518
2015-11-25,3.3113693e-06
2015-11-26,0.0
2015-11-27,0.0
2015-11-28,0.0
2015-11-29,0.0
2015-11-30,3.083547e-05
2015-12-01,0.0
2015-12-02,0.0001670387
2015-12-03,0.00042058362
2015-12-04,0.0010276503
2015-12-05,7.0465935e-06
2015-12-06,0.00048616197
2015-12-07,0.0005187194
2015-12-08,0.00013405747
2015-12-09,0.0008748637
2015-12-10,0.0018520885
2015-12-11,0.0006059806
2015-12-12,0.00015062756
2015-12-13,0.0020512342
2015-12-14,4.026625e-06
2015-12-15,2.251731e-07
2015-12-16,3.4438239e-07
2015-12-17,0.00015481313
2015-12-18,0.0014323393
2015-12-19,0.0006053448
2015-12-20,0.00079407956
2015-12-21,0.0015664233
2015-12-22,0.00060682825
2015-12-23,1.276864e-05
2015-12-24,0.0006158087
2015-12-25,1.7431048e-05
2015-12-26,0.0
2015-12-27,9.4837615e-06
2015-12-28,4.47962e-05
2015-12-29,0.0
2015-12-30,0.00011564625
2015-12-31,0.0
2016-01-01,0.0
2016-01-02,2.1192763e-07
2016-01-03,3.1921598e-05
2016-01-04,0.0001891719
2016-01-05,0.0015054941
2016-01-06,0.0011471377
2016-01-07,0.00018715858
2016-01-08,2.6543936e-05
2016-01-09,0.00060656335
2016-01-10,4.145834e-05
2016-01-11,2.113978e-05
2016-01-12,6.63201e-05
2016-01-13,0.0025340717
2016-01-14,0.0006169875
2016-01-15,0.0005195803
2016-01-16,0.00057423115
2016-01-17,0.0025106403
2016-01-18,0.0010803938
2016-01-19,0.0016863743
2016-01-20,9.191036e-05
2016-01-21,2.653069e-05
2016-01-22,0.0012065569
2016-01-23,0.0012757778
2016-01-24,9.5261465e-05
2016-01-25,0.0001415809
2016-01-26,0.0
2016-01-27,0.0
2016-01-28,5.523364e-05
2016-01-29,0.0016674069
2016-01-30,7.935365e-05
2016-01-31,3.956424e-05
2016-02-01,1.1920929e-07
2016-02-02,1.43448515e-05
2016-02-03,0.00014853477
2016-02-04,8.043978e-05
2016-02-05,0.0
2016-02-06,1.3113022e-06
2016-02-07,0.0
2016-02-08,0.0
2016-02-09,0.0
2016-02-10,0.0
2016-02-11,7.0465935e-06
2016-02-12,0.0
2016-02-13,5.2981907e-08
2016-02-14,4.4107437e-06
2016-02-15,0.0
2016-02-16,0.0
2016-02-17,0.00020864274
2016-02-18,0.0012027952
2016-02-19,0.0008413659
2016-02-20,9.049309e-05
2016-02-21,0.0
2016-02-22,0.0
2016-02-23,0.0
2016-02-24,4.8213533e-06
2016-02-25,0.0
2016-02-26,3.8266182e-05
2016-02-27,0.0002563662
2016-02-28,9.1393787e-07
2016-02-29,0.0
2016-03-01,4.6160487e-05
2016-03-02,3.4133594e-05
2016-03-03,0.00042394796
2016-03-04,0.00028693676
2016-03-05,0.0017821259
2016-03-06,0.0016873016
2016-03-07,0.0010330677
2016-03-08,3.6875408e-05
2016-03-09,0.00063599483
2016-03-10,0.0016851425
2016-03-11,0.0015704765
2016-03-12,0.0017974906
2016-03-13,0.0018350813
2016-03-14,0.0004351934
2016-03-15,0.0
2016-03-16,0.0
2016-03-17,0.0
2016-03-18,2.3841858e-07
2016-03-19,2.9934777e-06
2016-03-20,0.0008819103
2016-03-21,0.0012784534
2016-03-22,0.00019343694
2016-03-23,1.1656019e-06
2016-03-24,0.0
2016-03-25,0.0
2016-03-26,2.861023e-06
2016-03-27,3.8411883e-07
2016-03-28,1.3139513e-05
2016-03-29,4.2385525e-07
2016-03-30,0.0
2016-03-31,0.0
2016-04-01,0.0
2016-04-02,9.801653e-07
2016-04-03,4.1590797e-06
2016-04-04,1.05963814e-07
2016-04-05,0.0
2016-04-06,0.0
2016-04-07,0.0
2016-04-08,4.556444e-06
2016-04-09,0.00010810958
2016-04-10,0.00019066864
2016-04-11,5.057123e-05
2016-04-12,0.00035663447
2016-04-13,4.0504667e-05
2016-04-14,0.00024235249
2016-04-15,6.755193e-07
2016-04-16,0.0
2016-04-17,0.0
2016-04-18,0.0
2016-04-19,0.0
2016-04-20,0.0
2016-04-21,3.0040741e-05
2016-04-22,0.0010319419
2016-04-23,0.0001377927
2016-04-24,2.8358565e-05
2016-04-25,2.251731e-07
2016-04-26,0.0
2016-04-27,0.00011934174
2016-04-28,1.8543668e-07
2016-04-29,4.3710074e-06
2016-04-30,0.0
2016-05-01,0.0
2016-05-02,1.8013848e-06
2016-05-03,4.3974983e-06
2016-05-04,3.5709803e-05
2016-05-05,0.00021339787
2016-05-06,1.7537011e-05
2016-05-07,0.00028093657
2016-05-08,0.00011138121
2016-05-09,0.000114772054
2016-05-10,0.0
2016-05-11,0.0
2016-05-12,0.0
2016-05-13,2.1192763e-07
2016-05-14,5.3034888e-05
2016-05-15,1.1656019e-06
2016-05-16,0.0
2016-05-17,0.0
2016-05-18,0.0
2016-05-19,2.6490953e-08
2016-05-20,0.0005369716
2016-05-21,0.00040560297
2016-05-22,0.00025786294
2016-05-23,1.6715792e-05
2016-05-24,5.4889257e-05
2016-05-25,1.8570157e-05
2016-05-26,0.0
2016-05-27,0.0
2016-05-28,0.0
2016-05-29,0.0
2016-05-30,0.0
2016-05-31,0.0
2016-06-01,0.0
2016-06-02,0.0
2016-06-03,0.0
2016-06-04,0.0
2016-06-05,7.0201027e-06
2016-06-06,0.0
2016-06-07,0.0
2016-06-08,0.0
2016-06-09,0.0
2016-06-10,0.0
2016-06-11,0.0
2016-06-12,0.0
2016-06-13,0.0
2016-06-14,0.0
2016-06-15,5.98828e-05
2016-06-16,8.5790954e-05
2016-06-17,0.00030601025
2016-06-18,0.0010107623
2016-06-19,0.0
2016-06-20,0.0
2016-06-21,0.0
2016-06-22,0.0
2016-06-23,0.0
2016-06-24,0.0
2016-06-25,0.0
2016-06-26,0.0
2016-06-27,0.0
2016-06-28,0.0
2016-06-29,0.0
2016-06-30,0.0
2016-07-01,0.0
2016-07-02,0.0
2016-07-03,0.0
2016-07-04,0.0
2016-07-05,0.0
2016-07-06,0.0
2016-07-07,0.0
2016-07-08,8.477105e-07
2016-07-09,8.8744696e-07
2016-07-10,0.0
2016-07-11,0.0
2016-07-12,0.0
2016-07-13,0.0
2016-07-14,0.0
2016-07-15,0.0
2016-07-16,0.0
2016-07-17,7.947286e-08
2016-07-18,4.1855706e-06
2016-07-19,0.0
2016-07-20,0.0
2016-07-21,0.0
2016-07-22,0.0
2016-07-23,0.0
2016-07-24,0.0
2016-07-25,0.0
2016-07-26,0.0
2016-07-27,0.0
2016-07-28,0.0
2016-07-29,0.0
2016-07-30,0.0
2016-07-31,0.0
2016-08-01,0.0
2016-08-02,0.0
2016-08-03,0.0
2016-08-04,0.0
2016-08-05,0.0
2016-08-06,0.0
2016-08-07,0.0
2016-08-08,0.0
2016-08-09,0.0
2016-08-10,0.0
2016-08-11,0.0
2016-08-12,0.0
2016-08-13,0.0
2016-08-14,0.0
2016-08-15,0.0
2016-08-16,0.0
2016-08-17,0.0
2016-08-18,8.477105e-07
2016-08-19,0.0
2016-08-20,0.0
2016-08-21,0.0
2016-08-22,4.6888986e-06
2016-08-23,0.0
2016-08-24,0.0
2016-08-25,0.0
2016-08-26,0.0
2016-08-27,0.0
2016-08-28,0.0
2016-08-29,0.0
2016-08-30,0.0
2016-08-31,0.0
2016-09-01,0.0
2016-09-02,0.0
2016-09-03,0.0
2016-09-04,1.1920929e-06
2016-09-05,0.0
2016-09-06,0.0
2016-09-07,0.0
2016-09-08,0.0
2016-09-09,0.0
2016-09-10,0.0
2016-09-11,0.0
2016-09-12,0.0
2016-09-13,0.0
2016-09-14,0.0
2016-09-15,0.0
2016-09-16,0.0
2016-09-17,0.0
2016-09-18,0.0
2016-09-19,0.0
2016-09-20,0.0
2016-09-21,0.0
2016-09-22,1.2821622e-05
2016-09-23,0.0
2016-09-24,0.0
2016-09-25,0.0
2016-09-26,0.0
2016-09-27,0.0
2016-09-28,0.0
2016-09-29,1.8543668e-07
2016-09-30,0.0
2016-10-01,0.0
2016-10-02,0.00021006001
2016-10-03,0.0001896355
2016-10-04,4.2120617e-05
2016-10-05,5.2981907e-08
2016-10-06,0.0
2016-10-07,1.1404355e-05
2016-10-08,0.0
2016-10-09,0.0
2016-10-10,0.0
2016-10-11,0.0
2016-10-12,0.0
2016-10-13,5.5127675e-05
2016-10-14,0.0026240614
2016-10-15,0.001106143
2016-10-16,0.0008729696
2016-10-17,0.0007564624
2016-10-18,0.0001395676
2016-10-19,0.0
2016-10-20,0.0
2016-10-21,5.5631e-07
2016-10-22,0.0
2016-10-23,0.0
2016-10-24,0.00066872436
2016-10-25,0.0019565027
2016-10-26,0.00047120784
2016-10-27,0.0009839269
2016-10-28,0.0001759794
2016-10-29,0.0010760493
2016-10-30,0.0011901326
2016-10-31,0.00080499385
2016-11-01,0.0007686615
2016-11-02,0.0
2016-11-03,0.0
2016-11-04,0.0
2016-11-05,0.0
2016-11-06,0.0008823739
2016-11-07,3.0358633e-05
2016-11-08,0.0
2016-11-09,0.0
2016-11-10,0.0
2016-11-11,0.0
2016-11-12,0.00018945005
2016-11-13,0.0
2016-11-14,0.0
2016-11-15,0.00040107302
2016-11-16,8.75526e-05
2016-11-17,3.7087335e-07
2016-11-18,0.0
2016-11-19,0.0012060537
2016-11-20,0.0012933811
2016-11-21,0.00016428364
2016-11-22,6.624063e-05
2016-11-23,0.0009728405
2016-11-24,4.7948624e-06
2016-11-25,0.00014536911
2016-11-26,0.0009503894
2016-11-27,0.00034699176
2016-11-28,0.0002782742
2016-11-29,2.6490953e-08
2016-11-30,3.349781e-05
2016-12-01,0.0
2016-12-02,0.0
2016-12-03,0.0
2016-12-04,1.6556846e-06
2016-12-05,1.9669533e-05
2016-12-06,5.2279895e-05
2016-12-07,2.389484e-05
2016-12-08,0.00069239404
2016-12-09,0.00066985027
2016-12-10,0.0018818113
2016-12-11,9.006924e-07
2016-12-12,0.0
2016-12-13,1.2901094e-05
2016-12-14,0.0012367434
2016-12-15,0.003501031
2016-12-16,0.00015632312
2016-12-17,0.0
2016-12-18,0.0
2016-12-19,0.0
2016-12-20,1.9272169e-05
2016-12-21,0.0
2016-12-22,0.0
2016-12-23,0.0011365017
2016-12-24,4.878309e-05
2016-12-25,0.0
2016-12-26,0.0
2016-12-27,3.5762787e-07
2016-12-28,2.1192763e-07
2016-12-29,0.0
2016-12-30,0.0
2016-12-31,8.19895e-06
2017-01-01,6.5260465e-05
2017-01-02,0.00050954026
2017-01-03,0.0011494425
2017-01-04,0.0011177858
2017-01-05,2.1325218e-06
2017-01-06,0.0
2017-01-07,0.0014607377
2017-01-08,0.0033098857
2017-01-09,0.0011022224
2017-01-10,0.0027809541
2017-01-11,0.0008151796
2017-01-12,0.00022819306
2017-01-13,0.0
2017-01-14,0.0
2017-01-15,0.0
2017-01-16,0.0
2017-01-17,0.0
2017-01-18,0.0015946627
2017-01-19,0.0011897484
2017-01-20,0.0015445153
2017-01-21,0.00085718103
2017-01-22,0.0014159547
2017-01-23,0.000566668
2017-01-24,3.5219724e-05
2017-01-25,1.3404422e-05
2017-01-26,3.973643e-08
2017-01-27,0.0
2017-01-28,0.0
2017-01-29,0.0
2017-01-30,0.0
2017-01-31,0.0
2017-02-01,3.496806e-06
2017-02-02,0.0003993776
2017-02-03,0.0016727844
2017-02-04,0.0008959108
2017-02-05,0.00023439195
2017-02-06,0.001637578
2017-02-07,0.0017811193
2017-02-08,0.0013736619
2017-02-09,0.0024706258
2017-02-10,0.0006564723
2017-02-11,1.332495e-05
2017-02-12,0.0
2017-02-13,0.0
2017-02-14,0.0
2017-02-15,1.0437436e-05
2017-02-16,0.001245843
2017-02-17,0.00055673387
2017-02-18,0.0008958711
2017-02-19,0.00073549483
2017-02-20,0.002294461
2017-02-21,0.0012503067
2017-02-22,0.00016960833
2017-02-23,1.2172593e-05
2017-02-24,1.2569957e-05
2017-02-25,0.00023606088
2017-02-26,4.582935e-05
2017-02-27,5.729993e-05
2017-02-28,1.9643041e-05
2017-03-01,0.0
2017-03-02,0.0
2017-03-03,4.423989e-06
2017-03-04,0.00094407133
2017-03-05,0.00047997633
2017-03-06,0.00049903657
2017-03-07,0.0005018711
2017-03-08,3.8014517e-05
2017-03-09,3.33786e-06
2017-03-10,0.0
2017-03-11,0.0
2017-03-12,0.0
2017-03-13,0.0
2017-03-14,2.7815502e-06
2017-03-15,0.00010814932
2017-03-16,6.3432584e-05
2017-03-17,1.9868214e-06
2017-03-18,0.0005721913
2017-03-19,0.00024896197
2017-03-20,0.00023162365
2017-03-21,0.0016800032
2017-03-22,0.0011573764
2017-03-23,2.9934778e-05
2017-03-24,0.0016781754
2017-03-25,0.0002878507
2017-03-26,0.00037168132
2017-03-27,0.0004169941
2017-03-28,0.0
2017-03-29,7.7697965e-05
2017-03-30,0.00012173918
2017-03-31,0.0
2017-04-01,0.0
2017-04-02,1.3245477e-07
2017-04-03,0.0
2017-04-04,0.0
2017-04-05,6.8876477e-07
2017-04-06,0.00025432638
2017-04-07,0.0017260048
2017-04-08,0.0005155272
2017-04-09,6.4982305e-05
2017-04-10,5.7737034e-05
2017-04-11,0.0005659792
2017-04-12,0.0005136331
2017-04-13,0.0012532605
2017-04-14,2.307362e-05
2017-04-15,0.0
2017-04-16,0.00036484667
2017-04-17,0.00035986636
2017-04-18,0.0005496343
2017-04-19,0.00015052159
2017-04-20,0.00050112937
2017-04-21,0.0
2017-04-22,2.1457672e-06
2017-04-23,8.543332e-06
2017-04-24,0.00031728216
2017-04-25,1.5232298e-05
2017-04-26,0.00032500425
2017-04-27,6.357829e-07
2017-04-28,0.0
2017-04-29,0.0
2017-04-30,0.0
2017-05-01,5.112754e-06
2017-05-02,0.0
2017-05-03,0.0
2017-05-04,4.1855706e-06
2017-05-05,2.670288e-05
2017-05-06,2.7100245e-05
2017-05-07,0.0
2017-05-08,0.0
2017-05-09,0.0
2017-05-10,1.361635e-05
2017-05-11,3.0292405e-05
2017-05-12,2.2411346e-05
2017-05-13,3.4835602e-06
2017-05-14,8.887715e-06
2017-05-15,2.4371677e-06
2017-05-16,0.00012441476
2017-05-17,1.6636319e-05
2017-05-18,0.0
2017-05-19,0.0
2017-05-20,0.0
2017-05-21,0.0
2017-05-22,0.0
2017-05-23,0.0
2017-05-24,2.5166406e-07
2017-05-25,0.0
2017-05-26,3.0464596e-06
2017-05-27,0.0
2017-05-28,2.4106766e-06
2017-05-29,1.1258655e-05
2017-05-30,0.0
2017-05-31,0.00033368004
2017-06-01,3.33786e-06
2017-06-02,0.0
2017-06-03,0.0
2017-06-04,2.6490953e-08
2017-06-05,0.0
2017-06-06,0.0
2017-06-07,0.0
2017-06-08,0.000532084
2017-06-09,0.00018080075
2017-06-10,2.9246012e-05
2017-06-11,0.00039770867
2017-06-12,8.699629e-05
2017-06-13,0.0
2017-06-14,0.0
2017-06-15,0.0
2017-06-16,0.0
2017-06-17,0.0
2017-06-18,0.0
2017-06-19,6.4359774e-05
2017-06-20,0.0
2017-06-21,0.0
2017-06-22,0.0
2017-06-23,0.0
2017-06-24,1.05963814e-07
2017-06-25,1.6424391e-06
2017-06-26,0.0
2017-06-27,0.0
2017-06-28,0.0
2017-06-29,0.0
2017-06-30,0.0
2017-07-01,0.0
2017-07-02,0.0
2017-07-03,0.0
2017-07-04,0.0
2017-07-05,0.0
2017-07-06,0.0
2017-07-07,0.0
2017-07-08,0.0
2017-07-09,0.0
2017-07-10,0.0
2017-07-11,0.0
2017-07-12,0.0
2017-07-13,0.0
2017-07-14,0.0
2017-07-15,0.0
2017-07-16,0.0
2017-07-17,0.0
2017-07-18,0.0
2017-07-19,0.0
2017-07-20,0.0
2017-07-21,0.0
2017-07-22,0.0
2017-07-23,1.8543668e-07
2017-07-24,6.357829e-07
2017-07-25,1.1523565e-06
2017-07-26,9.006924e-07
2017-07-27,0.0
2017-07-28,0.0
2017-07-29,0.0
2017-07-30,0.0
2017-07-31,0.0
2017-08-01,0.0
2017-08-02,6.1459014e-06
2017-08-03,0.0
2017-08-04,1.05963814e-07
2017-08-05,1.6212463e-05
2017-08-06,2.5404825e-05
2017-08-07,1.0675854e-05
2017-08-08,1.806683e-05
2017-08-09,8.516841e-06
2017-08-10,1.2450748e-06
2017-08-11,0.0
2017-08-12,0.0
2017-08-13,0.0
2017-08-14,0.0
2017-08-15,0.0
2017-08-16,0.0
2017-08-17,0.0
2017-08-18,7.1525574e-07
2017-08-19,0.0
2017-08-20,1.5364753e-06
2017-08-21,8.503596e-06
2017-08-22,4.704793e-05
2017-08-23,3.1789145e-07
2017-08-24,0.0
2017-08-25,0.0
2017-08-26,0.0
2017-08-27,0.0
2017-08-28,0.0
2017-08-29,0.0
2017-08-30,0.0
2017-08-31,0.0
2017-09-01,0.0
2017-09-02,0.0
2017-09-03,0.0
2017-09-04,1.9470851e-06
2017-09-05,4.6888986e-06
2017-09-06,1.8941031e-05
2017-09-07,7.17375e-05
2017-09-08,8.742015e-07
2017-09-09,7.947286e-08
2017-09-10,0.0
2017-09-11,2.0662944e-06
2017-09-12,1.5642909e-05
2017-09-13,7.947286e-07
2017-09-14,0.00014695857
2017-09-15,2.0795399e-06
2017-09-16,0.0
2017-09-17,0.0
2017-09-18,3.247791e-05
2017-09-19,3.6822425e-06
2017-09-20,8.7446635e-05
2017-09-21,4.9008263e-06
2017-09-22,9.934107e-07
2017-09-23,0.0
2017-09-24,0.0
2017-09-25,0.0
2017-09-26,0.0
2017-09-27,0.0
2017-09-28,0.0
2017-09-29,0.0
2017-09-30,7.0201025e-07
2017-10-01,0.0
2017-10-02,0.0
2017-10-03,1.0728836e-06
2017-10-04,0.0
2017-10-05,0.0
2017-10-06,0.0
2017-10-07,0.0
2017-10-08,0.0
2017-10-09,0.0
2017-10-10,0.0
2017-10-11,0.0
2017-10-12,0.0
2017-10-13,0.0
2017-10-14,0.0
2017-10-15,0.0
2017-10-16,0.0
2017-10-17,0.0
2017-10-18,0.0
2017-10-19,6.278356e-06
2017-10-20,0.0012022522
2017-10-21,2.9338731e-05
2017-10-22,6.583002e-06
2017-10-23,0.0
2017-10-24,0.0
2017-10-25,0.0
2017-10-26,0.0
2017-10-27,0.0
2017-10-28,0.0
2017-10-29,0.0
2017-10-30,0.0
2017-10-31,0.0
2017-11-01,0.0
2017-11-02,2.0967589e-05
2017-11-03,0.00093826983
2017-11-04,0.00042262342
2017-11-05,0.00018468167
2017-11-06,3.772312e-05
2017-11-07,0.0
2017-11-08,0.0004431539
2017-11-09,0.0014567508
2017-11-10,0.0009275277
2017-11-11,6.3061714e-05
2017-11-12,9.894371e-06
2017-11-13,0.0010838641
2017-11-14,8.18438e-05
2017-11-15,0.00062979595
2017-11-16,0.00085221394
2017-11-17,5.0557985e-05
2017-11-18,0.0
2017-11-19,0.0
2017-11-20,0.0010823938
2017-11-21,0.00012564659
2017-11-22,0.0
2017-11-23,0.00030740103
2017-11-24,9.768539e-05
2017-11-25,2.6490953e-08
2017-11-26,0.0010915068
2017-11-27,0.0005036063
2017-11-28,2.5166406e-07
2017-11-29,0.0
2017-11-30,0.0
2017-12-01,0.0
2017-12-02,8.2598795e-05
2017-12-03,0.000115063456
2017-12-04,0.0
2017-12-05,0.0
2017-12-06,0.0
2017-12-07,0.0
2017-12-08,0.0
2017-12-09,0.0
2017-12-10,0.0
2017-12-11,0.0
2017-12-12,0.0
2017-12-13,0.0
2017-12-14,0.0
2017-12-15,0.0
2017-12-16,1.9868214e-07
2017-12-17,0.0
2017-12-18,0.0
2017-12-19,1.4596515e-05
2017-12-20,0.00022387505
2017-12-21,2.6490953e-08
2017-12-22,0.0
2017-12-23,0.0
2017-12-24,0.0
2017-12-25,1.5894572e-07
2017-12-26,0.0
2017-12-27,0.0
2017-12-28,0.0
2017-12-29,0.0
2017-12-30,0.0
2017-12-31,0.0
2018-01-01,2.9537412e-05
2018-01-02,0.0
2018-01-03,2.3841858e-07
2018-01-04,0.0006898509
2018-01-05,0.001205484
2018-01-06,0.00024036567
2018-01-07,0.0
2018-01-08,0.00066267117
2018-01-09,0.0006494257
2018-01-10,8.087688e-05
2018-01-11,0.00017046928
2018-01-12,0.00024245845
2018-01-13,0.0
2018-01-14,0.0
2018-01-15,0.0
2018-01-16,0.00021852387
2018-01-17,3.1881864e-05
2018-01-18,0.0011580786
2018-01-19,0.00031611655
2018-01-20,2.6490953e-08
2018-01-21,0.00016338295
2018-01-22,0.000693202
2018-01-23,1.903375e-05
2018-01-24,0.00064810115
2018-01-25,0.00052613684
2018-01-26,0.00026415454
2018-01-27,0.0002896521
2018-01-28,1.3245477e-08
2018-01-29,0.0
2018-01-30,9.271834e-08
2018-01-31,0.0
2018-02-01,0.0
2018-02-02,0.0
2018-02-03,0.0
2018-02-04,0.0
2018-02-05,0.0
2018-02-06,0.0
2018-02-07,0.0
2018-02-08,0.0
2018-02-09,0.0
2018-02-10,0.0
2018-02-11,3.7935046e-05
2018-02-12,1.4040205e-06
2018-02-13,0.0
2018-02-14,1.695421e-06
2018-02-15,2.3841858e-07
2018-02-16,0.0
2018-02-17,0.0
2018-02-18,4.863739e-05
2018-02-19,6.781684e-06
2018-02-20,1.2185839e-06
2018-02-21,1.4570024e-07
2018-02-22,8.7976456e-05
2018-02-23,2.5166406e-07
2018-02-24,2.5987625e-05
2018-02-25,0.0
2018-02-26,0.00024513403
2018-02-27,0.0
2018-02-28,6.808175e-06
2018-03-01,0.0018043121
2018-03-02,0.000534455
2018-03-03,0.00068563886
2018-03-04,8.493e-05
2018-03-05,0.0
2018-03-06,0.0
2018-03-07,1.05963814e-07
2018-03-08,0.00038750967
2018-03-09,0.00019439061
2018-03-10,6.0002008e-06
2018-03-11,0.0
2018-03-12,3.9868883e-06
2018-03-13,0.001847638
2018-03-14,0.00054412417
2018-03-15,0.0006601413
2018-03-16,0.0007907285
2018-03-17,0.00015901195
2018-03-18,6.0929193e-07
2018-03-19,2.1192763e-07
2018-03-20,2.612008e-05
2018-03-21,0.0006156895
2018-03-22,0.0019964774
2018-03-23,0.00014615059
2018-03-24,0.00038442347
2018-03-25,0.00022656388
2018-03-26,0.0
2018-03-27,0.0
2018-03-28,0.0
2018-03-29,0.0
2018-03-30,0.0
2018-03-31,0.0
2018-04-01,0.0
2018-04-02,0.0
2018-04-03,0.0
2018-04-04,0.0
2018-04-05,9.756618e-05
2018-04-06,0.0016400549
2018-04-07,0.0011948347
2018-04-08,3.3524302e-05
2018-04-09,0.0
2018-04-10,9.5274714e-05
2018-04-11,0.00016212463
2018-04-12,0.00013889206
2018-04-13,0.0
2018-04-14,0.0
2018-04-15,0.00054268044
2018-04-16,0.00024016698
2018-04-17,1.7258855e-05
2018-04-18,1.2516975e-05
2018-04-19,8.2121954e-07
2018-04-20,0.0
2018-04-21,0.0
2018-04-22,0.0
2018-04-23,0.0
2018-04-24,0.0
2018-04-25,0.0
2018-04-26,5.298191e-07
2018-04-27,0.0002060069
2018-04-28,0.0003535085
2018-04-29,0.00014036232
2018-04-30,7.4042214e-06
2018-05-01,8.8744696e-07
2018-05-02,0.0
2018-05-03,0.0
2018-05-04,0.0
2018-05-05,0.0
2018-05-06,0.0
2018-05-07,0.0
2018-05-08,5.3246818e-06
2018-05-09,1.3245477e-07
2018-05-10,0.0
2018-05-11,1.8543668e-07
2018-05-12,0.0
2018-05-13,4.7683716e-07
2018-05-14,2.808041e-06
2018-05-15,6.662475e-06
2018-05-16,0.0001419915
2018-05-17,5.6558183e-06
2018-05-18,1.3245477e-07
2018-05-19,4.1855706e-06
2018-05-20,5.8703954e-05
2018-05-21,3.6160152e-06
2018-05-22,2.4808778e-05
2018-05-23,2.9789077e-05
2018-05-24,3.0292405e-05
2018-05-25,0.00044533942
2018-05-26,0.00033360056
2018-05-27,0.0
2018-05-28,0.0
2018-05-29,2.8875138e-06
2018-05-30,1.4278624e-05
2018-05-31,4.8385726e-05
2018-06-01,0.0
2018-06-02,0.0
2018-06-03,7.947286e-07
2018-06-04,0.0
2018-06-05,0.0
2018-06-06,1.748403e-06
2018-06-07,0.0
2018-06-08,2.1192763e-07
2018-06-09,3.4597186e-05
2018-06-10,0.0
2018-06-11,0.0
2018-06-12,0.0
2018-06-13,0.0
2018-06-14,0.0
2018-06-15,0.0
2018-06-16,2.3841858e-07
2018-06-17,7.0730844e-06
2018-06-18,2.7153228e-06
2018-06-19,0.0
2018-06-20,1.05963814e-07
2018-06-21,0.0
2018-06-22,0.0
2018-06-23,0.0
2018-06-24,0.0
2018-06-25,0.0
2018-06-26,0.0
2018-06-27,0.0
2018-06-28,0.0
2018-06-29,0.0
2018-06-30,0.0
2018-07-01,0.0
2018-07-02,0.0
2018-07-03,0.0
2018-07-04,0.0
2018-07-05,0.0
2018-07-06,0.0
2018-07-07,0.0
2018-07-08,0.0
2018-07-09,0.0
2018-07-10,0.0
2018-07-11,0.0
2018-07-12,0.0
2018-07-13,6.8876477e-07
2018-07-14,0.0
2018-07-15,1.3642841e-06
2018-07-16,0.0
2018-07-17,0.0
2018-07-18,0.0
2018-07-19,0.0
2018-07-20,0.0
2018-07-21,0.0
2018-07-22,2.1855037e-06
2018-07-23,7.947286e-08
2018-07-24,2.3841858e-07
2018-07-25,0.0
2018-07-26,0.0
2018-07-27,0.0
2018-07-28,0.0
2018-07-29,0.0
2018-07-30,0.0
2018-07-31,0.0
2018-08-01,0.0
2018-08-02,0.0
2018-08-03,0.0
2018-08-04,5.2981907e-08
2018-08-05,0.0
2018-08-06,0.0
2018-08-07,0.0
2018-08-08,0.0
2018-08-09,0.0
2018-08-10,0.0
2018-08-11,0.0
2018-08-12,0.0
2018-08-13,0.0
2018-08-14,0.0
2018-08-15,5.2981907e-08
2018-08-16,0.0
2018-08-17,0.0
2018-08-18,0.0
2018-08-19,0.0
2018-08-20,0.0
2018-08-21,0.0
2018-08-22,0.0
2018-08-23,0.0
2018-08-24,0.0
2018-08-25,0.0
2018-08-26,0.0
2018-08-27,0.0
2018-08-28,0.0
2018-08-29,0.0
2018-08-30,0.0
2018-08-31,0.0
2018-09-01,0.0
2018-09-02,0.0
2018-09-03,0.0
2018-09-04,0.0
2018-09-05,0.0
2018-09-06,0.0
2018-09-07,0.0
2018-09-08,0.0
2018-09-09,0.0
2018-09-10,0.0
2018-09-11,0.0
2018-09-12,8.119478e-06
2018-09-13,1.4437569e-06
2018-09-14,0.0
2018-09-15,0.0
2018-09-16,0.0
2018-09-17,0.0
2018-09-18,0.0
2018-09-19,0.0
2018-09-20,0.0
2018-09-21,0.0
2018-09-22,0.0
2018-09-23,2.6490953e-08
2018-09-24,0.0
2018-09-25,0.0
2018-09-26,0.0
2018-09-27,0.0
2018-09-28,0.0
2018-09-29,4.529953e-06
2018-09-30,0.00041986836
2018-10-01,3.461043e-05
2018-10-02,0.0003138913
2018-10-03,0.00031733513
2018-10-04,0.0014745527
2018-10-05,7.618798e-05
2018-10-06,1.6411146e-05
2018-10-07,0.0
2018-10-08,0.0
2018-10-09,0.0
2018-10-10,0.0
2018-10-11,0.0
2018-10-12,0.0
2018-10-13,0.0
2018-10-14,0.0
2018-10-15,0.0
2018-10-16,0.0
2018-10-17,0.0
2018-10-18,0.0
2018-10-19,0.0
2018-10-20,0.0
2018-10-21,0.0
2018-10-22,0.0
2018-10-23,1.38415235e-05
2018-10-24,0.0
2018-10-25,0.0
2018-10-26,0.0
2018-10-27,0.0
2018-10-28,8.75526e-06
2018-10-29,7.6823767e-07
2018-10-30,0.0
2018-10-31,0.0
2018-11-01,0.0
2018-11-02,0.0
2018-11-03,0.0
2018-11-04,0.0
2018-11-05,0.0
2018-11-06,0.0
2018-11-07,0.0
2018-11-08,0.0
2018-11-09,0.0
2018-11-10,0.0
2018-11-11,0.0
2018-11-12,0.0
2018-11-13,0.0
2018-11-14,0.0
2018-11-15,0.0
2018-11-16,0.0
2018-11-17,0.0
2018-11-18,0.0
2018-11-19,0.0
2018-11-20,0.0
2018-11-21,0.000866837
2018-11-22,0.0012484656
2018-11-23,0.0019954974
2018-11-24,0.00014989906
2018-11-25,5.178981e-06
2018-11-26,3.311369e-07
2018-11-27,0.0012936725
2018-11-28,0.00035756163
2018-11-29,0.0019355483
2018-11-30,2.4080276e-05
2018-12-01,0.00026522743
2018-12-02,1.1881192e-05
2018-12-03,0.0
2018-12-04,1.0397699e-05
2018-12-05,9.9870895e-06
2018-12-06,0.0
2018-12-07,0.0
2018-12-08,2.6490953e-08
2018-12-09,0.0
2018-12-10,0.00014992554
2018-12-11,0.0
2018-12-12,2.527237e-05
2018-12-13,0.0
2018-12-14,0.00040521886
2018-12-15,0.000229862
2018-12-16,0.0020161602
2018-12-17,0.0007397731
2018-12-18,0.00027928088
2018-12-19,0.00016170078
2018-12-20,7.809533e-05
2018-12-21,0.00042614673
2018-12-22,1.3550122e-05
2018-12-23,4.4173663e-05
2018-12-24,0.0010496511
2018-12-25,9.338061e-05
2018-12-26,0.0
2018-12-27,5.298191e-07
2018-12-28,0.0
2018-12-29,0.0
2018-12-30,1.4570024e-07
2018-12-31,6.6227386e-08
2019-01-01,0.0
2019-01-02,0.0
2019-01-03,0.0
2019-01-04,0.0
2019-01-05,0.000598722
2019-01-06,0.001566569
2019-01-07,0.0003090302
2019-01-08,0.00068906945
2019-01-09,0.0025284821
2019-01-10,0.0003411505
2019-01-11,8.60956e-07
2019-01-12,4.503462e-06
2019-01-13,3.973643e-08
2019-01-14,0.0
2019-01-15,0.0005181895
2019-01-16,0.002162218
2019-01-17,0.0022145642
2019-01-18,0.00052180554
2019-01-19,0.0006918907
2019-01-20,0.0013185607
2019-01-21,0.0001070367
2019-01-22,0.0
2019-01-23,0.0
2019-01-24,0.0
2019-01-25,0.0
2019-01-26,0.0
2019-01-27,0.0
2019-01-28,5.2981907e-08
2019-01-29,1.0238753e-05
2019-01-30,3.496806e-06
2019-01-31,0.0
2019-02-01,0.00044454468
2019-02-02,0.001728495
2019-02-03,0.00059749023
2019-02-04,0.00092012354
2019-02-05,4.3670338e-05
2019-02-06,1.335144e-05
2019-02-07,1.5046861e-05
2019-02-08,2.5669733e-05
2019-02-09,0.0006984075
2019-02-10,8.486377e-05
2019-02-11,8.6930064e-05
2019-02-12,0.00014409755
2019-02-13,0.0026068422
2019-02-14,0.002193239
2019-02-15,0.0009085867
2019-02-16,0.00034810437
2019-02-17,8.510219e-05
2019-02-18,0.0
2019-02-19,0.0
2019-02-20,8.049276e-05
2019-02-21,2.3841858e-06
2019-02-22,0.0
2019-02-23,9.192361e-06
2019-02-24,0.0003776153
2019-02-25,0.002042002
2019-02-26,0.002483434
2019-02-27,0.0031038523
2019-02-28,0.00018461545
2019-03-01,4.1365623e-05
2019-03-02,0.0005715688
2019-03-03,9.715557e-05
2019-03-04,0.00044657124
2019-03-05,0.00014668041
2019-03-06,0.0019203027
2019-03-07,0.00069129467
2019-03-08,0.0002121793
2019-03-09,0.0006903675
2019-03-10,0.00013580587
2019-03-11,0.0
2019-03-12,1.390775e-05
2019-03-13,7.947286e-08
2019-03-14,0.0
2019-03-15,0.0
2019-03-16,0.0
2019-03-17,0.0
2019-03-18,0.0
2019-03-19,8.75526e-06
2019-03-20,0.00045487616
2019-03-21,7.979075e-05
2019-03-22,0.00039190718
2019-03-23,0.0006993744
2019-03-24,1.5894572e-06
2019-03-25,0.0011254019
2019-03-26,0.00027640662
2019-03-27,0.0014730426
2019-03-28,0.00091363327
2019-03-29,0.00023562378
2019-03-30,7.0201025e-07
2019-03-31,0.0
2019-04-01,0.00013294484
2019-04-02,0.0008385049
2019-04-03,0.00035554834
2019-04-04,0.00020228492
2019-04-05,0.0011036661
2019-04-06,0.00083010725
2019-04-07,0.00065097545
2019-04-08,0.001052936
2019-04-09,0.00030665926
2019-04-10,2.6490953e-08
2019-04-11,5.00679e-06
2019-04-12,4.2385525e-07
2019-04-13,0.0
2019-04-14,6.993612e-06
2019-04-15,0.00030616918
2019-04-16,0.00040400028
2019-04-17,0.0
2019-04-18,0.0
2019-04-19,1.3510386e-05
2019-04-20,0.00053781935
2019-04-21,0.0
2019-04-22,0.0
2019-04-23,1.3377932e-06
2019-04-24,5.2981907e-08
2019-04-25,1.1364619e-05
2019-04-26,1.5894572e-07
2019-04-27,0.0
2019-04-28,0.0
2019-04-29,0.0
2019-04-30,3.560384e-05
2019-05-01,0.0
2019-05-02,0.0
2019-05-03,0.0
2019-05-04,0.0
2019-05-05,1.4437569e-06
2019-05-06,1.05963814e-07
2019-05-07,5.8280096e-07
2019-05-08,0.0
2019-05-09,0.0
2019-05-10,0.0
2019-05-11,0.0
2019-05-12,0.0
2019-05-13,0.0
2019-05-14,3.463692e-05
2019-05-15,0.00072617
2019-05-16,0.001734376
2019-05-17,0.00030873882
2019-05-18,0.00051245425
2019-05-19,0.0009293689
2019-05-20,9.3592535e-05
2019-05-21,0.0009269979
2019-05-22,6.198883e-06
2019-05-23,2.2649765e-06
2019-05-24,4.418691e-05
2019-05-25,2.2994147e-05
2019-05-26,0.0009756088
2019-05-27,4.614724e-05
2019-05-28,2.6755863e-06
2019-05-29,2.6623409e-06
2019-05-30,0.00013950135
2019-05-31,3.8941703e-06
2019-06-01,2.7775764e-05
2019-06-02,7.775095e-06
2019-06-03,0.0
2019-06-04,0.0
2019-06-05,0.0
2019-06-06,2.6490953e-08
2019-06-07,0.0
2019-06-08,0.0
2019-06-09,0.0
2019-06-10,0.0
2019-06-11,1.2715658e-06
2019-06-12,0.0
2019-06-13,1.2715658e-06
2019-06-14,0.0
2019-06-15,3.3775967e-05
2019-06-16,8.2121954e-07
2019-06-17,0.0
2019-06-18,0.0
2019-06-19,0.0
2019-06-20,0.0
2019-06-21,0.0
2019-06-22,0.0
2019-06-23,0.0
2019-06-24,0.0
2019-06-25,0.0
2019-06-26,2.5961135e-06
2019-06-27,1.4834934e-06
2019-06-28,0.0
2019-06-29,0.0
2019-06-30,0.0
2019-07-01,0.0
2019-07-02,0.0
2019-07-03,0.0
2019-07-04,0.0
2019-07-05,0.0
2019-07-06,0.0
2019-07-07,1.2318293e-06
2019-07-08,0.0
2019-07-09,1.0119544e-05
2019-07-10,0.0
2019-07-11,0.0
2019-07-12,0.0
2019-07-13,0.0
2019-07-14,0.0
2019-07-15,0.0
2019-07-16,0.0
2019-07-17,0.0
2019-07-18,0.0
2019-07-19,0.0
2019-07-20,0.0
2019-07-21,0.0
2019-07-22,0.0
2019-07-23,0.0
2019-07-24,0.0
2019-07-25,0.0
2019-07-26,0.0
2019-07-27,0.0
2019-07-28,0.0
2019-07-29,0.0
2019-07-30,0.0
2019-07-31,0.0
2019-08-01,0.0
2019-08-02,0.0
2019-08-03,0.0
2019-08-04,0.0
2019-08-05,0.0
2019-08-06,0.0
2019-08-07,1.1656019e-06
2019-08-08,0.0
2019-08-09,9.669197e-07
2019-08-10,0.00071774586
2019-08-11,3.947152e-06
2019-08-12,0.0
2019-08-13,0.0
2019-08-14,0.0
2019-08-15,0.0
2019-08-16,0.0
2019-08-17,0.0
2019-08-18,0.0
2019-08-19,0.0
2019-08-20,0.0
2019-08-21,0.0
2019-08-22,0.0
2019-08-23,0.0
2019-08-24,0.0
2019-08-25,0.0
2019-08-26,0.0
2019-08-27,0.0
2019-08-28,1.1841456e-05
2019-08-29,2.6755863e-06
2019-08-30,0.0
2019-08-31,0.0
2019-09-01,0.0
2019-09-02,0.0
2019-09-03,0.0
2019-09-04,0.0
2019-09-05,3.5179986e-05
2019-09-06,0.0
2019-09-07,0.0
2019-09-08,0.0
2019-09-09,1.3245477e-07
2019-09-10,6.8744025e-06
2019-09-11,0.0
2019-09-12,0.0
2019-09-13,0.0
2019-09-14,0.0
2019-09-15,0.0
2019-09-16,0.00088093017
2019-09-17,5.2981907e-08
2019-09-18,0.0004711416
2019-09-19,1.3801787e-05
2019-09-20,0.0
2019-09-21,0.0
2019-09-22,5.800194e-05
2019-09-23,5.2981907e-08
2019-09-24,0.0
2019-09-25,0.0
2019-09-26,0.0
2019-09-27,6.583002e-06
2019-09-28,0.00011702379
2019-09-29,0.00010306305
2019-09-30,0.000104268394
2019-10-01,0.0
2019-10-02,0.0
2019-10-03,0.0
2019-10-04,1.8543668e-07
2019-10-05,0.0
2019-10-06,0.0
2019-10-07,0.0
2019-10-08,0.0
2019-10-09,0.0
2019-10-10,0.0
2019-10-11,0.0
2019-10-12,0.0
2019-10-13,0.0
2019-10-14,0.0
2019-10-15,0.0
2019-10-16,0.0
2019-10-17,7.253223e-05
2019-10-18,7.417467e-07
2019-10-19,0.00011418926
2019-10-20,0.0
2019-10-21,0.0
2019-10-22,0.0
2019-10-23,0.0
2019-10-24,0.0
2019-10-25,0.0
2019-10-26,0.0
2019-10-27,0.0
2019-10-28,0.0
2019-10-29,0.0
2019-10-30,0.0
2019-10-31,0.0
2019-11-01,0.0
2019-11-02,0.0
2019-11-03,0.0
2019-11-04,0.0
2019-11-05,0.0
2019-11-06,0.0
2019-11-07,0.0
2019-11-08,0.0
2019-11-09,0.0
2019-11-10,0.0
2019-11-11,0.0
2019-11-12,0.0
2019-11-13,0.0
2019-11-14,0.0
2019-11-15,1.2874603e-05
2019-11-16,0.0
2019-11-17,0.0
2019-11-18,0.0
2019-11-19,6.755193e-07
2019-11-20,1.5894572e-07
2019-11-21,0.0
2019-11-22,0.0
2019-11-23,0.0
2019-11-24,0.0
2019-11-25,4.503462e-07
2019-11-26,0.00065085624
2019-11-27,0.0007283025
2019-11-28,0.00017270778
2019-11-29,9.536743e-07
2019-11-30,0.00021220578
2019-12-01,0.001295103
2019-12-02,0.00051452057
2019-12-03,1.9603306e-06
2019-12-04,1.692772e-05
2019-12-05,3.32329e-05
2019-12-06,0.00023439195
2019-12-07,0.0030175713
2019-12-08,0.0008465449
2019-12-09,0.0
2019-12-10,0.0
2019-12-11,0.0006821685
2019-12-12,0.0008621878
2019-12-13,0.0006020599
2019-12-14,0.00022603406
2019-12-15,1.04904175e-05
2019-12-16,0.0
2019-12-17,0.0
2019-12-18,0.00023292171
2019-12-19,0.0005906158
2019-12-20,0.00032214323
2019-12-21,3.6557515e-06
2019-12-22,0.0013642708
2019-12-23,0.00010810958
2019-12-24,8.34465e-07
2019-12-25,0.0002813604
2019-12-26,0.0
2019-12-27,0.0
2019-12-28,0.0
2019-12-29,0.00018237697
2019-12-30,3.6888654e-05
2019-12-31,0.0
2020-01-01,3.516674e-05
2020-01-02,0.0
2020-01-03,0.0
2020-01-04,0.0002666182
2020-01-05,7.655885e-06
2020-01-06,0.0
2020-01-07,0.0
2020-01-08,0.00015155475
2020-01-09,0.00047090318
2020-01-10,0.0
2020-01-11,0.00014000469
2020-01-12,0.00010128816
2020-01-13,0.00032410357
2020-01-14,0.00039655634
2020-01-15,6.2704086e-05
2020-01-16,0.0016343461
2020-01-17,0.00047996308
2020-01-18,1.5007125e-05
2020-01-19,0.0
2020-01-20,9.801653e-07
2020-01-21,0.0007552041
2020-01-22,0.0002686315
2020-01-23,0.00012645457
2020-01-24,0.00030401017
2020-01-25,0.00013017654
2020-01-26,0.0015400914
2020-01-27,0.00019020504
2020-01-28,0.00038374795
2020-01-29,1.8146304e-05
2020-01-30,2.251731e-07
2020-01-31,0.0
2020-02-01,0.0
2020-02-02,5.2716996e-06
2020-02-03,6.755193e-07
2020-02-04,0.0
2020-02-05,2.5431316e-06
2020-02-06,0.0
2020-02-07,0.0
2020-02-08,0.0
2020-02-09,0.0
2020-02-10,0.0
2020-02-11,0.0
2020-02-12,0.0
2020-02-13,0.0
2020-02-14,0.0
2020-02-15,0.0
2020-02-16,1.6027027e-06
2020-02-17,5.2981907e-08
2020-02-18,0.0
2020-02-19,0.0
2020-02-20,0.0
2020-02-21,0.0
2020-02-22,0.0
2020-02-23,1.8543668e-07
2020-02-24,0.0
2020-02-25,0.0
2020-02-26,0.0
2020-02-27,0.0
2020-02-28,0.0
2020-02-29,2.6358498e-06
2020-03-01,1.5232298e-06
2020-03-02,0.0
2020-03-03,0.0
2020-03-04,0.0
2020-03-05,0.0
2020-03-06,0.0
2020-03-07,0.0006257958
2020-03-08,0.00018517177
2020-03-09,1.8252267e-05
2020-03-10,0.0
2020-03-11,0.0
2020-03-12,0.0
2020-03-13,0.0
2020-03-14,0.00023133225
2020-03-15,0.0007624759
2020-03-16,0.00010858642
2020-03-17,0.0010669099
2020-03-18,0.00033635565
2020-03-19,0.0
2020-03-20,0.0
2020-03-21,2.1192764e-06
2020-03-22,4.503462e-07
2020-03-23,3.6623744e-05
2020-03-24,0.0006312397
2020-03-25,0.00022631222
2020-03-26,3.33786e-06
2020-03-27,2.22524e-06
2020-03-28,0.0001739661
2020-03-29,0.0005053282
2020-03-30,0.00037883388
2020-03-31,0.00035080645
2020-04-01,1.8543668e-07
2020-04-02,0.0
2020-04-03,0.0
2020-04-04,0.00042937862
2020-04-05,0.0013224813
2020-04-06,0.00017756886
2020-04-07,3.0093723e-05
2020-04-08,6.0929193e-07
2020-04-09,6.993612e-06
2020-04-10,1.9272169e-05
2020-04-11,5.589591e-06
2020-04-12,2.026558e-06
2020-04-13,0.0
2020-04-14,0.0
2020-04-15,0.0
2020-04-16,0.0
2020-04-17,0.0
2020-04-18,2.3629931e-05
2020-04-19,3.6915142e-05
2020-04-20,6.887648e-06
2020-04-21,7.947286e-08
2020-04-22,3.5365422e-06
2020-04-23,2.278222e-06
2020-04-24,1.3245477e-08
2020-04-25,0.0
2020-04-26,0.0
2020-04-27,0.0
2020-04-28,0.0
2020-04-29,1.11262e-06
2020-04-30,5.8280096e-07
2020-05-01,3.19216e-06
2020-05-02,8.785725e-05
2020-05-03,7.76185e-06
2020-05-04,0.0
2020-05-05,0.0
2020-05-06,0.0
2020-05-07,0.0
2020-05-08,0.0
2020-05-09,0.0
2020-05-10,0.0
2020-05-11,0.00012458695
2020-05-12,0.000701348
2020-05-13,0.00022289489
2020-05-14,0.0005582836
2020-05-15,6.583002e-06
2020-05-16,2.0583471e-05
2020-05-17,0.0011225276
2020-05-18,0.0017361641
2020-05-19,1.276864e-05
2020-05-20,2.1060307e-06
2020-05-21,0.0
2020-05-22,0.0
2020-05-23,0.0
2020-05-24,0.0
2020-05-25,0.0
2020-05-26,1.9073486e-06
2020-05-27,0.0
2020-05-28,0.0
2020-05-29,0.0
2020-05-30,0.0007610321
2020-05-31,8.794997e-06
2020-06-01,3.5365422e-06
2020-06-02,0.0
2020-06-03,0.0
2020-06-04,0.0
2020-06-05,0.0
2020-06-06,9.877152e-05
2020-06-07,0.00010803011
2020-06-08,0.0
2020-06-09,3.311369e-07
2020-06-10,2.9140048e-07
2020-06-11,7.6823767e-07
2020-06-12,0.00029993057
2020-06-13,0.00042714013
2020-06-14,0.0
2020-06-15,8.980433e-06
2020-06-16,7.947286e-07
2020-06-17,0.0
2020-06-18,0.0
2020-06-19,0.0
2020-06-20,0.0
2020-06-21,0.0
2020-06-22,0.0
2020-06-23,0.0
2020-06-24,0.0
2020-06-25,0.0
2020-06-26,0.0
2020-06-27,0.0
2020-06-28,0.0
2020-06-29,0.0
2020-06-30,0.0
2020-07-01,0.0
2020-07-02,0.0
2020-07-03,0.0
2020-07-04,0.0
2020-07-05,0.0
2020-07-06,0.0
2020-07-07,0.0
2020-07-08,0.0
2020-07-09,0.0
2020-07-10,0.0
2020-07-11,0.0
2020-07-12,0.0
2020-07-13,0.0
2020-07-14,0.0
2020-07-15,0.0
2020-07-16,0.0
2020-07-17,0.0
2020-07-18,0.0
2020-07-19,0.0
2020-07-20,2.6490953e-08
2020-07-21,0.0
2020-07-22,4.609426e-06
2020-07-23,2.3841858e-07
2020-07-24,0.0
2020-07-25,0.0
2020-07-26,3.129906e-05
2020-07-27,6.9671205e-06
2020-07-28,0.0
2020-07-29,0.0
2020-07-30,0.0
2020-07-31,0.0
2020-08-01,0.0
2020-08-02,0.0
2020-08-03,0.0
2020-08-04,0.0
2020-08-05,0.0
2020-08-06,0.0
2020-08-07,0.0
2020-08-08,0.0
2020-08-09,0.0
2020-08-10,0.0
2020-08-11,9.372499e-05
2020-08-12,0.0
2020-08-13,0.0
2020-08-14,2.1060307e-06
2020-08-15,0.0
2020-08-16,1.3775295e-06
2020-08-17,6.0796738e-06
2020-08-18,1.9603306e-06
2020-08-19,0.0
2020-08-20,0.0
2020-08-21,0.0
2020-08-22,0.0
2020-08-23,9.536743e-07
2020-08-24,3.5497878e-06
2020-08-25,7.947286e-08
2020-08-26,4.488892e-05
2020-08-27,1.4596515e-05
2020-08-28,0.0
2020-08-29,0.0
2020-08-30,0.0
2020-08-31,0.0
2020-09-01,0.0
2020-09-02,0.0
2020-09-03,0.0
2020-09-04,0.0
2020-09-05,0.0
2020-09-06,0.0
2020-09-07,0.0
2020-09-08,0.0
2020-09-09,0.0
2020-09-10,0.0
2020-09-11,0.0
2020-09-12,0.0
2020-09-13,0.0
2020-09-14,0.0
2020-09-15,0.0
2020-09-16,0.0
2020-09-17,2.6490953e-08
2020-09-18,2.1219254e-05
2020-09-19,7.285012e-07
2020-09-20,0.0
2020-09-21,0.0
2020-09-22,0.0
2020-09-23,0.0
2020-09-24,5.549855e-06
2020-09-25,0.0
2020-09-26,0.0
2020-09-27,0.0
2020-09-28,0.0
2020-09-29,0.0
2020-09-30,0.0
2020-10-01,0.0
2020-10-02,0.0
2020-10-03,0.0
2020-10-04,0.0
2020-10-05,0.0
2020-10-06,0.0
2020-10-07,0.0
2020-10-08,0.0
2020-10-09,0.0
2020-10-10,6.686317e-05
2020-10-11,1.4305115e-06
2020-10-12,0.0
2020-10-13,0.0
2020-10-14,0.0
2020-10-15,0.0
2020-10-16,0.0
2020-10-17,0.0
2020-10-18,0.0
2020-10-19,0.0
2020-10-20,0.0
2020-10-21,0.0
2020-10-22,0.0
2020-10-23,0.0
2020-10-24,0.0
2020-10-25,0.0
2020-10-26,0.0
2020-10-27,0.0
2020-10-28,0.0
2020-10-29,0.0
2020-10-30,0.0
2020-10-31,0.0
2020-11-01,0.0
2020-11-02,0.0
2020-11-03,0.0
2020-11-04,0.0
2020-11-05,0.0
2020-11-06,0.00012061331
2020-11-07,4.092852e-06
2020-11-08,7.563167e-06
2020-11-09,0.0
2020-11-10,4.7683716e-07
2020-11-11,0.0
2020-11-12,0.0
2020-11-13,0.0006386439
2020-11-14,2.7775764e-05
2020-11-15,0.000107328095
2020-11-16,1.8755594e-05
2020-11-17,0.00033333566
2020-11-18,0.0015028053
2020-11-19,0.0001253287
2020-11-20,0.0
2020-11-21,0.0
2020-11-22,0.0
2020-11-23,9.947353e-06
2020-11-24,0.0
2020-11-25,2.2821956e-05
2020-11-26,0.0
2020-11-27,0.0
2020-11-28,0.0
2020-11-29,0.0
2020-11-30,2.6490953e-08
2020-12-01,1.3245477e-08
2020-12-02,0.0
2020-12-03,0.0
2020-12-04,0.0
2020-12-05,0.0
2020-12-06,6.225374e-07
2020-12-07,0.0
2020-12-08,0.0
2020-12-09,0.0
2020-12-10,0.0
2020-12-11,5.2054722e-05
2020-12-12,0.00027277734
2020-12-13,0.000774569
2020-12-14,3.1669933e-05
2020-12-15,1.3258722e-05
2020-12-16,5.1869287e-05
2020-12-17,0.0007183022
2020-12-18,0.0
2020-12-19,0.0
2020-12-20,1.3245477e-08
2020-12-21,0.0
2020-12-22,1.0887782e-05
2020-12-23,0.0
2020-12-24,0.0
2020-12-25,0.00033121638
2020-12-26,0.000946482
2020-12-27,5.0200356e-06
2020-12-28,1.2583203e-06
2020-12-29,0.0
2020-12-30,9.232097e-06
2020-12-31,0.00011244085
2021-01-01,0.0
2021-01-02,0.00014173985
2021-01-03,0.00059031113
2021-01-04,0.0014938911
2021-01-05,5.5154163e-05
2021-01-06,8.673138e-05
2021-01-07,7.303556e-05
2021-01-08,0.0002575848
2021-01-09,0.0
2021-01-10,1.8543668e-07
2021-01-11,0.0
2021-01-12,0.00016277366
2021-01-13,0.0004306502
2021-01-14,0.0
2021-01-15,0.0
2021-01-16,0.0
2021-01-17,0.0
2021-01-18,0.0
2021-01-19,0.0
2021-01-20,0.0
2021-01-21,0.0
2021-01-22,5.185604e-05
2021-01-23,2.0053652e-05
2021-01-24,0.00012551414
2021-01-25,4.9034756e-05
2021-01-26,0.00011193752
2021-01-27,0.0020697382
2021-01-28,0.00064716075
2021-01-29,0.00015895897
2021-01-30,0.0002671083
2021-01-31,0.00013711717
2021-02-01,0.00012607044
2021-02-02,0.0010588302
2021-02-03,0.00027942657
2021-02-04,0.0
2021-02-05,0.0
2021-02-06,0.0
2021-02-07,0.0
2021-02-08,0.0
2021-02-09,6.357829e-07
2021-02-10,0.0
2021-02-11,0.00065167743
2021-02-12,0.00032342804
2021-02-13,0.00038558908
2021-02-14,0.00018497308
2021-02-15,0.0004212459
2021-02-16,5.907483e-06
2021-02-17,0.0
2021-02-18,8.785725e-05
2021-02-19,0.00020529164
2021-02-20,9.342035e-05
2021-02-21,0.0
2021-02-22,0.0
2021-02-23,0.0
2021-02-24,0.0
2021-02-25,0.0
2021-02-26,1.1920929e-07
2021-02-27,7.549922e-07
2021-02-28,0.0
2021-03-01,0.0
2021-03-02,0.0
2021-03-03,0.0
2021-03-04,2.9140048e-07
2021-03-05,1.05963814e-07
2021-03-06,0.0006890297
2021-03-07,9.271834e-08
2021-03-08,0.00013935566
2021-03-09,0.00056697265
2021-03-10,0.00071467296
2021-03-11,1.16560195e-05
2021-03-12,0.0
2021-03-13,0.0
2021-03-14,0.00016159481
2021-03-15,0.0010370811
2021-03-16,0.0
2021-03-17,0.0
2021-03-18,0.00063769025
2021-03-19,0.00059657625
2021-03-20,2.890163e-05
2021-03-21,0.0
2021-03-22,5.4571365e-06
2021-03-23,8.34465e-07
2021-03-24,0.0
2021-03-25,2.4371677e-06
2021-03-26,0.0
2021-03-27,0.0
2021-03-28,0.0
2021-03-29,5.2981907e-08
2021-03-30,0.0
2021-03-31,0.0
2021-04-01,0.0
2021-04-02,0.0
2021-04-03,0.0
2021-04-04,0.0
2021-04-05,8.768506e-06
2021-04-06,6.755193e-07
2021-04-07,7.6823767e-07
2021-04-08,0.0
2021-04-09,0.0
2021-04-10,0.0
2021-04-11,0.0
2021-04-12,0.0
2021-04-13,1.05963814e-07
2021-04-14,9.536743e-07
2021-04-15,0.0
2021-04-16,0.0
2021-04-17,0.0
2021-04-18,0.0
2021-04-19,5.2981907e-08
2021-04-20,0.0001468526
2021-04-21,0.0
2021-04-22,0.0
2021-04-23,0.0
2021-04-24,7.5658165e-05
2021-04-25,0.00049984455
2021-04-26,6.145901e-05
2021-04-27,0.0
2021-04-28,0.0
2021-04-29,0.0
2021-04-30,0.0
2021-05-01,3.504753e-05
2021-05-02,0.0
2021-05-03,0.0
2021-05-04,0.0
2021-05-05,0.0
2021-05-06,0.0
2021-05-07,0.0
2021-05-08,2.6490953e-08
2021-05-09,0.0
2021-05-10,0.0
2021-05-11,0.0
2021-05-12,0.0
2021-05-13,0.0
2021-05-14,1.5470716e-05
2021-05-15,1.5934309e-05
2021-05-16,1.5894572e-07
2021-05-17,0.0
2021-05-18,0.0
2021-05-19,0.0
2021-05-20,2.5894908e-05
2021-05-21,1.3682577e-05
2021-05-22,4.092852e-06
2021-05-23,4.755126e-06
2021-05-24,8.822812e-05
2021-05-25,1.3377932e-06
2021-05-26,0.0
2021-05-27,1.9868214e-06
2021-05-28,0.0
2021-05-29,0.0
2021-05-30,0.0
2021-05-31,0.0
2021-06-01,0.0
2021-06-02,0.0
2021-06-03,0.0
2021-06-04,0.0
2021-06-05,0.0
2021-06-06,0.0
2021-06-07,0.0
2021-06-08,2.529886e-06
2021-06-09,1.9073486e-06
2021-06-10,2.6305517e-05
2021-06-11,1.5894572e-07
2021-06-12,7.442633e-05
2021-06-13,1.2185839e-06
2021-06-14,0.00014886592
2021-06-15,2.6490953e-08
2021-06-16,0.0
2021-06-17,0.0
2021-06-18,0.0
2021-06-19,0.0
2021-06-20,0.0
2021-06-21,0.0
2021-06-22,0.0
2021-06-23,8.477105e-07
2021-06-24,1.2715658e-06
2021-06-25,1.3245477e-07
2021-06-26,0.0
2021-06-27,5.033281e-07
2021-06-28,0.0
2021-06-29,0.0
2021-06-30,0.0
2021-07-01,0.0
2021-07-02,0.0
2021-07-03,0.0
2021-07-04,0.0
2021-07-05,0.0
2021-07-06,0.0
2021-07-07,0.0
2021-07-08,0.0
2021-07-09,0.0
2021-07-10,0.0
2021-07-11,0.0
2021-07-12,0.0
2021-07-13,0.0
2021-07-14,0.0
2021-07-15,0.0
2021-07-16,0.0
2021-07-17,0.0
2021-07-18,0.0
2021-07-19,0.0
2021-07-20,0.0
2021-07-21,0.0
2021-07-22,0.0
2021-07-23,0.0
2021-07-24,0.0
2021-07-25,0.0
2021-07-26,5.536609e-06
2021-07-27,3.0093723e-05
2021-07-28,6.4902833e-06
2021-07-29,2.357695e-06
2021-07-30,6.1459014e-06
2021-07-31,1.4265378e-05
2021-08-01,0.0
2021-08-02,0.0
2021-08-03,0.0
2021-08-04,0.0
2021-08-05,5.2147443e-05
2021-08-06,0.0
2021-08-07,0.0
2021-08-08,0.0
2021-08-09,0.0
2021-08-10,6.357829e-07
2021-08-11,0.0
2021-08-12,1.4715724e-05
2021-08-13,1.5894572e-06
2021-08-14,3.973643e-08
2021-08-15,0.0
2021-08-16,0.0
2021-08-17,0.0
2021-08-18,0.0
2021-08-19,0.0
2021-08-20,0.0
2021-08-21,0.0
2021-08-22,0.0
2021-08-23,0.0
2021-08-24,0.0
2021-08-25,0.0
2021-08-26,0.0
2021-08-27,0.0
2021-08-28,0.0
2021-08-29,0.0
2021-08-30,0.0
2021-08-31,0.0
2021-09-01,0.0
2021-09-02,0.0
2021-09-03,0.0
2021-09-04,0.0
2021-09-05,0.0
2021-09-06,0.0
2021-09-07,0.0
2021-09-08,0.0
2021-09-09,2.5086933e-05
2021-09-10,0.00012266636
2021-09-11,0.0
2021-09-12,0.0
2021-09-13,0.0
2021-09-14,0.0
2021-09-15,0.0
2021-09-16,0.0
2021-09-17,0.0
2021-09-18,0.0001388126
2021-09-19,0.00016166104
2021-09-20,0.0
2021-09-21,0.0
2021-09-22,0.0
2021-09-23,0.0
2021-09-24,0.0
2021-09-25,0.0
2021-09-26,0.0
2021-09-27,4.3736563e-05
2021-09-28,1.4106433e-05
2021-09-29,0.0
2021-09-30,0.0
2021-10-01,0.0
2021-10-02,0.0
2021-10-03,0.0
2021-10-04,0.0
2021-10-05,0.0
2021-10-06,4.2968328e-05
2021-10-07,1.2636185e-05
2021-10-08,1.0251999e-05
2021-10-09,3.390842e-06
2021-10-10,0.0
2021-10-11,6.225374e-07
2021-10-12,0.0
2021-10-13,7.49694e-06
2021-10-14,0.0
2021-10-15,0.0
2021-10-16,0.0
2021-10-17,1.0622873e-05
2021-10-18,0.0005076329
2021-10-19,0.0
2021-10-20,0.0007016129
2021-10-21,0.0011071893
2021-10-22,0.0024201209
2021-10-23,0.00058486726
2021-10-24,0.0036890109
2021-10-25,0.0010857449
2021-10-26,0.00046976408
2021-10-27,0.0002372
2021-10-28,0.0
2021-10-29,0.0
2021-10-30,0.0006664329
2021-10-31,0.00011948744
2021-11-01,0.0007033348
2021-11-02,0.0003794829
2021-11-03,0.0
2021-11-04,0.00080288784
2021-11-05,0.00012311671
2021-11-06,0.00023799473
2021-11-07,1.2848112e-06
2021-11-08,5.2981907e-08
2021-11-09,0.0017422305
2021-11-10,0.00024170346
2021-11-11,3.8411883e-07
2021-11-12,0.0
2021-11-13,0.0
2021-11-14,0.0
2021-11-15,3.973643e-08
2021-11-16,4.284912e-05
2021-11-17,0.0
2021-11-18,3.0875206e-05
2021-11-19,0.00012664
2021-11-20,0.0
2021-11-21,0.0
2021-11-22,0.0
2021-11-23,1.05963814e-07
2021-11-24,0.0
2021-11-25,0.0
2021-11-26,2.1682845e-05
2021-11-27,0.0
2021-11-28,0.0
2021-11-29,0.0
2021-11-30,0.0
2021-12-01,0.0
2021-12-02,0.0
2021-12-03,0.0
2021-12-04,0.0
2021-12-05,0.0
2021-12-06,4.3312707e-06
2021-12-07,0.00022958385
2021-12-08,4.9114227e-05
2021-12-09,0.00011323558
2021-12-10,0.0
2021-12-11,5.2425596e-05
2021-12-12,0.0012182263
2021-12-13,0.001731409
2021-12-14,0.000444346
2021-12-15,0.0011821985
2021-12-16,0.0007842912
2021-12-17,8.477105e-07
2021-12-18,0.0
2021-12-19,8.2121954e-07
2021-12-20,3.9868883e-06
2021-12-21,0.0001938343
2021-12-22,0.0006784863
2021-12-23,0.0015153752
2021-12-24,0.0006126298
2021-12-25,0.0012580289
2021-12-26,0.00038909912
2021-12-27,0.00045512783
2021-12-28,0.00015657478
2021-12-29,0.00040075515
2021-12-30,1.8543668e-07
2021-12-31,2.2729238e-05
2022-01-01,0.0
2022-01-02,0.0
2022-01-03,0.0009707875
2022-01-04,0.0009928147
2022-01-05,0.0004653401
2022-01-06,5.0014918e-05
2022-01-07,0.00080739125
2022-01-08,1.3179249e-05
2022-01-09,0.0
2022-01-10,0.0
2022-01-11,0.0
2022-01-12,0.0
2022-01-13,9.006924e-07
2022-01-14,0.0
2022-01-15,0.0
2022-01-16,0.0
2022-01-17,0.0
2022-01-18,0.0
2022-01-19,0.0
2022-01-20,0.0
2022-01-21,0.0
2022-01-22,0.0
2022-01-23,0.0
2022-01-24,0.0
2022-01-25,0.0
2022-01-26,0.0
2022-01-27,0.0
2022-01-28,0.0
2022-01-29,0.0
2022-01-30,0.0
2022-01-31,0.0
2022-02-01,0.0
2022-02-02,0.0
2022-02-03,0.0
2022-02-04,0.0
2022-02-05,0.0
2022-02-06,0.0
2022-02-07,0.0
2022-02-08,0.0
2022-02-09,0.0
2022-02-10,0.0
2022-02-11,0.0
2022-02-12,0.0
2022-02-13,0.0
2022-02-14,2.9140048e-07
2022-02-15,5.510118e-06
2022-02-16,0.0
2022-02-17,0.0
2022-02-18,0.0
2022-02-19,0.0
2022-02-20,0.0
2022-02-21,3.214677e-05
2022-02-22,2.280871e-05
2022-02-23,1.3245477e-08
2022-02-24,0.0
2022-02-25,0.0
2022-02-26,0.0
2022-02-27,3.710058e-05
2022-02-28,1.05963814e-07
2022-03-01,0.0
2022-03-02,0.0
2022-03-03,0.0004549689
2022-03-04,8.5552536e-05
2022-03-05,7.908874e-05
2022-03-06,0.0
2022-03-07,0.0
2022-03-08,0.0
2022-03-09,0.0
2022-03-10,0.0
2022-03-11,0.0
2022-03-12,0.0
2022-03-13,0.00017152893
2022-03-14,0.0
2022-03-15,0.0006900496
2022-03-16,1.05963814e-07
2022-03-17,0.0
2022-03-18,0.0
2022-03-19,0.0002231068
2022-03-20,5.2981907e-08
2022-03-21,0.0
2022-03-22,0.0
2022-03-23,0.0
2022-03-24,0.0
2022-03-25,0.0
2022-03-26,0.0
2022-03-27,2.6490953e-08
2022-03-28,0.00021598075
2022-03-29,2.6490953e-08
2022-03-30,5.801519e-06
2022-03-31,0.0
2022-04-01,0.0
2022-04-02,0.0
2022-04-03,0.0
2022-04-04,0.00025288263
2022-04-05,1.5894572e-07
2022-04-06,0.0
2022-04-07,0.0
2022-04-08,0.0
2022-04-09,0.0
2022-04-10,0.0
2022-04-11,0.00020784802
2022-04-12,2.1788808e-05
2022-04-13,0.00014762084
2022-04-14,0.0011880398
2022-04-15,0.000121328565
2022-04-16,0.001109004
2022-04-17,1.5894572e-07
2022-04-18,1.8146304e-05
2022-04-19,0.0006714662
2022-04-20,0.00046372414
2022-04-21,0.00091287825
2022-04-22,5.6796605e-05
2022-04-23,5.2981907e-08
2022-04-24,0.0
2022-04-25,5.2981907e-08
2022-04-26,3.2451417e-06
2022-04-27,0.0
2022-04-28,6.3432584e-05
2022-04-29,0.0
2022-04-30,1.66893e-05
2022-05-01,0.0
2022-05-02,4.1590797e-06
2022-05-03,0.0
2022-05-04,0.0
2022-05-05,1.973576e-05
2022-05-06,0.00028324127
2022-05-07,3.8756265e-05
2022-05-08,0.00016579364
2022-05-09,0.00023188855
2022-05-10,6.31147e-05
2022-05-11,8.450614e-06
2022-05-12,3.006723e-06
2022-05-13,4.7948624e-06
2022-05-14,0.0
2022-05-15,8.079741e-06
2022-05-16,0.0
2022-05-17,0.0
2022-05-18,0.0
2022-05-19,0.0
2022-05-20,0.0
2022-05-21,0.0
2022-05-22,0.0
2022-05-23,0.0
2022-05-24,0.0
2022-05-25,0.0
2022-05-26,6.0929193e-07
2022-05-27,0.0
2022-05-28,0.000108758606
2022-05-29,5.033281e-07
2022-05-30,1.3245477e-08
2022-05-31,0.0
2022-06-01,0.0
2022-06-02,0.0
2022-06-03,0.0
2022-06-04,0.0001893441
2022-06-05,0.0006916523
2022-06-06,7.828076e-06
2022-06-07,0.0
2022-06-08,2.9140048e-07
2022-06-09,0.0
2022-06-10,0.0
2022-06-11,2.3841858e-07
2022-06-12,4.8942034e-05
2022-06-13,0.0
2022-06-14,0.0
2022-06-15,0.0
2022-06-16,0.0
2022-06-17,1.1059973e-05
2022-06-18,0.00015959475
2022-06-19,0.0
2022-06-20,2.78155e-07
2022-06-21,0.0
2022-06-22,0.0
2022-06-23,0.0
2022-06-24,0.0
2022-06-25,0.0
2022-06-26,0.0
2022-06-27,0.0
2022-06-28,0.0
2022-06-29,0.0
2022-06-30,0.0
2022-07-01,0.0
2022-07-02,3.4438239e-07
2022-07-03,9.271834e-08
2022-07-04,1.0596382e-06
2022-07-05,1.9431114e-05
2022-07-06,4.0133796e-06
2022-07-07,0.0
2022-07-08,0.0
2022-07-09,0.0
2022-07-10,0.0
2022-07-11,1.3245477e-07
2022-07-12,0.0
2022-07-13,0.0
2022-07-14,0.0
2022-07-15,0.0
2022-07-16,0.0
2022-07-17,0.0
2022-07-18,0.0
2022-07-19,0.0
2022-07-20,0.0
2022-07-21,0.0
2022-07-22,0.0
2022-07-23,0.0
2022-07-24,0.0
2022-07-25,0.0
2022-07-26,0.0
2022-07-27,1.4570024e-06
2022-07-28,0.0
2022-07-29,0.0
2022-07-30,2.3312039e-06
2022-07-31,2.0172862e-05
2022-08-01,3.8716527e-05
2022-08-02,5.8597987e-05
2022-08-03,3.5365422e-06
2022-08-04,1.3245477e-07
2022-08-05,0.0
2022-08-06,3.2716327e-06
2022-08-07,0.0
2022-08-08,2.6490954e-07
2022-08-09,0.0
2022-08-10,0.0
2022-08-11,0.0
2022-08-12,0.0
2022-08-13,0.0
2022-08-14,0.0
2022-08-15,0.0
2022-08-16,1.05963814e-07
2022-08-17,0.0
2022-08-18,2.3841858e-06
2022-08-19,0.0
2022-08-20,0.0
2022-08-21,0.0
2022-08-22,0.0
2022-08-23,0.0
2022-08-24,0.0
2022-08-25,0.0
2022-08-26,0.0
2022-08-27,0.0
2022-08-28,0.0
2022-08-29,0.0
2022-08-30,0.0
2022-08-31,0.0
2022-09-01,0.0
2022-09-02,0.0
2022-09-03,0.0
2022-09-04,0.0
2022-09-05,0.0
2022-09-06,0.0
2022-09-07,1.6556846e-06
2022-09-08,0.0
2022-09-09,0.0
2022-09-10,0.0
2022-09-11,0.0
2022-09-12,4.4637254e-06
2022-09-13,0.0
2022-09-14,0.0
2022-09-15,0.0
2022-09-16,1.5894572e-07
2022-09-17,1.4464061e-05
2022-09-18,0.00031998422
2022-09-19,0.0004554192
2022-09-20,8.8347326e-05
2022-09-21,5.6876077e-05
2022-09-22,0.0
2022-09-23,0.0
2022-09-24,0.0
2022-09-25,0.0
2022-09-26,0.0
2022-09-27,0.0
2022-09-28,0.0
2022-09-29,0.0
2022-09-30,0.0
2022-10-01,0.0
2022-10-02,0.0
2022-10-03,0.0
2022-10-04,0.0
2022-10-05,0.0
2022-10-06,0.0
2022-10-07,0.0
2022-10-08,0.0
2022-10-09,1.0728836e-06
2022-10-10,0.0
2022-10-11,0.0
2022-10-12,0.0
2022-10-13,0.0
2022-10-14,0.0
2022-10-15,0.0
2022-10-16,0.0
2022-10-17,0.0
2022-10-18,0.0
2022-10-19,0.0
2022-10-20,0.0
2022-10-21,0.0
2022-10-22,2.4583605e-05
2022-10-23,5.2981907e-08
2022-10-24,3.1789145e-07
2022-10-25,2.9140048e-07
2022-10-26,5.2981907e-08
2022-10-27,0.0
2022-10-28,1.8543668e-07
2022-10-29,0.0
2022-10-30,0.0
2022-10-31,0.0
2022-11-01,0.00078176125
2022-11-02,0.00023345153
2022-11-03,1.0848045e-05
2022-11-04,7.2982575e-06
2022-11-05,0.00054350164
2022-11-06,0.00033799806
2022-11-07,0.00077805255
2022-11-08,0.0017794105
2022-11-09,0.00025302835
2022-11-10,4.2385525e-07
2022-11-11,4.927317e-06
2022-11-12,0.000120427874
2022-11-13,0.0
2022-11-14,0.0
2022-11-15,0.0
2022-11-16,0.0
2022-11-17,0.0
2022-11-18,0.0
2022-11-19,0.0
2022-11-20,0.0
2022-11-21,0.0
2022-11-22,1.5629662e-06
2022-11-23,0.0
2022-11-24,0.0
2022-11-25,0.0
2022-11-26,0.0
2022-11-27,0.0
2022-11-28,1.7338329e-05
2022-11-29,1.8543668e-07
2022-11-30,7.775095e-06
2022-12-01,0.0011901458
2022-12-02,5.165736e-07
2022-12-03,0.00041062303
2022-12-04,0.0010224978
2022-12-05,0.001227551
2022-12-06,5.2266652e-05
2022-12-07,0.0
2022-12-08,0.00054478645
2022-12-09,0.0006050269
2022-12-10,0.0021779537
2022-12-11,0.0008391142
2022-12-12,6.702211e-06
2022-12-13,0.0
2022-12-14,0.0
2022-12-15,0.0
2022-12-16,0.0
2022-12-17,0.0
2022-12-18,0.0
2022-12-19,0.0
2022-12-20,2.2795466e-05
2022-12-21,6.5167746e-06
2022-12-22,1.2702412e-05
2022-12-23,0.00011467934
2022-12-24,2.609359e-06
2022-12-25,3.973643e-08
2022-12-26,1.2516975e-05
2022-12-27,0.0026390022
2022-12-28,2.3696157e-05
2022-12-29,0.00052101084
2022-12-30,0.002307746
2022-12-31,0.00016809834
2023-01-01,9.271834e-08
2023-01-02,0.00014409755
2023-01-03,0.00029998354
2023-01-04,0.00074432953
2023-01-05,0.0021931992
2023-01-06,0.00071867305
2023-01-07,0.0014578899
2023-01-08,0.001949297
2023-01-09,0.0013944308
2023-01-10,0.00065942603
2023-01-11,0.001293805
2023-01-12,0.0009406938
2023-01-13,0.00077516504
2023-01-14,0.002382583
2023-01-15,0.0006876919
2023-01-16,0.00024633936
2023-01-17,2.6490953e-08
2023-01-18,0.00024444528
2023-01-19,0.00037946965
2023-01-20,0.0
2023-01-21,0.0
2023-01-22,2.6490953e-08
2023-01-23,0.0
2023-01-24,0.0
2023-01-25,0.0
2023-01-26,0.0
2023-01-27,0.0
2023-01-28,0.0
2023-01-29,0.0002160867
2023-01-30,0.0
2023-01-31,0.0
2023-02-01,0.0
2023-02-02,0.0
2023-02-03,0.00021909343
2023-02-04,0.00022696125
2023-02-05,0.0010046826
2023-02-06,4.0663613e-06
2023-02-07,0.0
2023-02-08,0.0
2023-02-09,0.0
2023-02-10,1.9603306e-06
2023-02-11,0.00041572252
2023-02-12,0.0
2023-02-13,5.2981907e-08
2023-02-14,4.143185e-05
2023-02-15,0.0
2023-02-16,0.0
2023-02-17,3.5762787e-06
2023-02-18,0.0
2023-02-19,0.0
2023-02-20,0.0
2023-02-21,8.662541e-06
2023-02-22,3.8451617e-05
2023-02-23,0.00032199753
2023-02-24,0.0014638371
2023-02-25,6.2651106e-06
2023-02-26,0.0006117291
2023-02-27,0.0011529922
2023-02-28,0.00068436726
2023-03-01,1.5497208e-06
2023-03-02,0.0
2023-03-03,1.139111e-06
2023-03-04,0.00023519993
2023-03-05,0.000818438
2023-03-06,0.00047100915
2023-03-07,0.0005886025
2023-03-08,0.00065962475
2023-03-09,0.00079896714
2023-03-10,0.0012929969
2023-03-11,9.653303e-05
2023-03-12,0.00078937743
2023-03-13,0.0014436378
2023-03-14,0.0033283234
2023-03-15,9.47184e-05
2023-03-16,0.0
2023-03-17,0.0
2023-03-18,0.0
2023-03-19,0.001109269
2023-03-20,0.00040509965
2023-03-21,8.9248024e-05
2023-03-22,0.0001336866
2023-03-23,0.00026713478
2023-03-24,1.9219187e-05
2023-03-25,1.25037295e-05
2023-03-26,3.2451417e-06
2023-03-27,5.2452087e-06
2023-03-28,0.0014019145
2023-03-29,0.00077332393
2023-03-30,3.2544136e-05
2023-03-31,0.00015661452
2023-04-01,0.000238657
2023-04-02,9.777811e-05
2023-04-03,1.9391378e-05
2023-04-04,1.5232298e-06
2023-04-05,9.271834e-08
2023-04-06,4.2570962e-05
2023-04-07,0.0011998415
2023-04-08,0.0001396868
2023-04-09,0.0
2023-04-10,1.4570024e-06
2023-04-11,0.00013212363
2023-04-12,9.2718335e-07
2023-04-13,0.0
2023-04-14,0.0
2023-04-15,0.0
2023-04-16,5.5631e-07
2023-04-17,0.00014927652
2023-04-18,9.9009936e-05
2023-04-19,2.9219522e-05
2023-04-20,0.0
2023-04-21,0.0
2023-04-22,0.0
2023-04-23,5.430645e-07
2023-04-24,0.0
2023-04-25,0.0
2023-04-26,0.0
2023-04-27,0.0
2023-04-28,0.0
2023-04-29,0.0
2023-04-30,0.0
2023-05-01,1.51793165e-05
2023-05-02,0.00022217963
2023-05-03,0.00010128816
2023-05-04,6.85321e-05
2023-05-05,0.00051365956
2023-05-06,0.0008303192
2023-05-07,0.00017293294
2023-05-08,0.00061343773
2023-05-09,6.5167746e-06
2023-05-10,8.530087e-06
2023-05-11,3.0464597e-07
2023-05-12,0.0
2023-05-13,0.0
2023-05-14,1.0225508e-05
2023-05-15,7.947286e-07
2023-05-16,0.0
2023-05-17,0.0
2023-05-18,5.2981907e-08
2023-05-19,0.0
2023-05-20,0.0
2023-05-21,0.0
2023-05-22,0.0
2023-05-23,1.920594e-06
2023-05-24,5.722046e-06
2023-05-25,2.1987491e-05
2023-05-26,1.3735559e-05
2023-05-27,0.00014428298
2023-05-28,0.00010291735
2023-05-29,2.8742685e-05
2023-05-30,7.306205e-05
2023-05-31,1.4397833e-05
2023-06-01,0.000108096334
2023-06-02,0.0
2023-06-03,2.1855037e-06
2023-06-04,2.5961135e-06
2023-06-05,1.1351373e-05
2023-06-06,7.6042284e-05
2023-06-07,6.0478847e-05
2023-06-08,1.7695957e-05
2023-06-09,1.7126402e-05
2023-06-10,5.3511726e-06
2023-06-11,7.608202e-05
2023-06-12,7.1816976e-05
2023-06-13,1.2053383e-06
2023-06-14,0.0
2023-06-15,0.0
2023-06-16,0.0
2023-06-17,0.0
2023-06-18,0.0
2023-06-19,0.00011730194
2023-06-20,2.7815502e-06
2023-06-21,9.801653e-07
2023-06-22,6.4373016e-06
2023-06-23,1.6424391e-06
2023-06-24,1.7748939e-06
2023-06-25,3.5272704e-05
2023-06-26,5.384286e-05
2023-06-27,6.357829e-07
2023-06-28,2.6490953e-08
2023-06-29,0.0
2023-06-30,0.0
2023-07-01,0.0
2023-07-02,0.0
2023-07-03,0.0
2023-07-04,0.0
2023-07-05,0.0
2023-07-06,0.0
2023-07-07,0.0
2023-07-08,0.0
2023-07-09,0.0
2023-07-10,0.0
2023-07-11,0.0
2023-07-12,0.0
2023-07-13,0.0
2023-07-14,0.0
2023-07-15,0.0
2023-07-16,0.0
2023-07-17,3.1789145e-07
2023-07-18,0.0
2023-07-19,0.0
2023-07-20,0.0
2023-07-21,0.0
2023-07-22,0.0
2023-07-23,0.0
2023-07-24,0.0
2023-07-25,0.0
2023-07-26,0.0
2023-07-27,7.947286e-08
2023-07-28,0.0
2023-07-29,0.0
2023-07-30,0.0
2023-07-31,0.0
2023-08-01,0.0
2023-08-02,0.0
2023-08-03,0.0
2023-08-04,3.5762787e-06
2023-08-05,0.0
2023-08-06,0.0
2023-08-07,0.0
2023-08-08,0.0
2023-08-09,0.0
2023-08-10,0.0
2023-08-11,0.0
2023-08-12,0.0
2023-08-13,0.0
2023-08-14,2.2172928e-05
2023-08-15,2.834532e-06
2023-08-16,0.0
2023-08-17,3.0398369e-05
2023-08-18,5.809466e-05
2023-08-19,1.1523564e-05
2023-08-20,5.642573e-06
2023-08-21,0.00037805238
2023-08-22,0.00010327498
2023-08-23,1.3245477e-07
2023-08-24,6.357829e-07
2023-08-25,5.2981907e-08
2023-08-26,0.0
2023-08-27,0.0
2023-08-28,0.0
2023-08-29,0.0
2023-08-30,0.0
2023-08-31,0.0
2023-09-01,0.00068779784
2023-09-02,0.000104639264
2023-09-03,3.2875272e-05
2023-09-04,0.0
2023-09-05,0.0
2023-09-06,2.503395e-06
2023-09-07,0.0
2023-09-08,0.0
2023-09-09,0.0
2023-09-10,0.0
2023-09-11,0.0
2023-09-12,0.0
2023-09-13,0.0
2023-09-14,0.0
2023-09-15,0.0
2023-09-16,7.2585212e-06
2023-09-17,4.092852e-06
2023-09-18,1.1920929e-06
2023-09-19,0.0
2023-09-20,0.0
2023-09-21,6.6227386e-08
2023-09-22,0.0
2023-09-23,0.0
2023-09-24,1.0755327e-05
2023-09-25,5.0703686e-05
2023-09-26,0.0007075866
2023-09-27,1.1920929e-07
2023-09-28,0.0
2023-09-29,7.1525574e-06
2023-09-30,0.0002870957
