"date","Storage (MAF)"
1995-10-01,3.129
1995-10-02,3.12803
1995-10-03,3.125931
1995-10-04,3.12383
1995-10-05,3.124763
1995-10-06,3.12523
1995-10-07,3.121731
1995-10-08,3.119172
1995-10-09,3.120333
1995-10-10,3.118709
1995-10-11,3.119172
1995-10-12,3.120798
1995-10-13,3.121497
1995-10-14,3.120565
1995-10-15,3.119405
1995-10-16,3.119172
1995-10-17,3.120333
1995-10-18,3.119405
1995-10-19,3.118244
1995-10-20,3.11987
1995-10-21,3.11987
1995-10-22,3.118244
1995-10-23,3.11894
1995-10-24,3.115692
1995-10-25,3.113602
1995-10-26,3.111513
1995-10-27,3.109424
1995-10-28,3.110584
1995-10-29,3.108031
1995-10-30,3.107334
1995-10-31,3.104548
1995-11-01,3.104317
1995-11-02,3.104548
1995-11-03,3.10246
1995-11-04,3.100602
1995-11-05,3.097817
1995-11-06,3.094815
1995-11-07,3.092275
1995-11-08,3.091812
1995-11-09,3.091812
1995-11-10,3.089504
1995-11-11,3.086964
1995-11-12,3.084422
1995-11-13,3.08119
1995-11-14,3.080265
1995-11-15,3.079342
1995-11-16,3.077494
1995-11-17,3.074954
1995-11-18,3.071966
1995-11-19,3.068061
1995-11-20,3.067372
1995-11-21,3.065075
1995-11-22,3.064155
1995-11-23,3.06002
1995-11-24,3.058183
1995-11-25,3.055196
1995-11-26,3.051292
1995-11-27,3.049692
1995-11-28,3.047636
1995-11-29,3.043294
1995-11-30,3.04078
1995-12-01,3.040551
1995-12-02,3.038038
1995-12-03,3.037809
1995-12-04,3.039409
1995-12-05,3.039865
1995-12-06,3.04078
1995-12-07,3.039636
1995-12-08,3.037809
1995-12-09,3.038038
1995-12-10,3.041922
1995-12-11,3.057493
1995-12-12,3.109888
1995-12-13,3.133165
1995-12-14,3.153748
1995-12-15,3.19851
1995-12-16,3.221053
1995-12-17,3.232012
1995-12-18,3.239399
1995-12-19,3.241076
1995-12-20,3.245385
1995-12-21,3.250412
1995-12-22,3.25161
1995-12-23,3.254004
1995-12-24,3.256158
1995-12-25,3.256158
1995-12-26,3.2562
1995-12-27,3.256158
1995-12-28,3.254961
1995-12-29,3.25975
1995-12-30,3.263824
1995-12-31,3.267676
1996-01-01,3.271046
1996-01-02,3.274896
1996-01-03,3.276821
1996-01-04,3.277302
1996-01-05,3.27995
1996-01-06,3.279468
1996-01-07,3.281635
1996-01-08,3.282838
1996-01-09,3.286688
1996-01-10,3.292954
1996-01-11,3.295604
1996-01-12,3.302833
1996-01-13,3.306931
1996-01-14,3.309581
1996-01-15,3.313934
1996-01-16,3.334766
1996-01-17,3.358864
1996-01-18,3.379168
1996-01-19,3.389718
1996-01-20,3.412363
1996-01-21,3.435606
1996-01-22,3.451006
1996-01-23,3.463701
1996-01-24,3.482673
1996-01-25,3.503247
1996-01-26,3.517341
1996-01-27,3.523644
1996-01-28,3.525411
1996-01-29,3.52314
1996-01-30,3.520871
1996-01-31,3.519357
1996-02-01,3.527679
1996-02-02,3.53525
1996-02-03,3.546148
1996-02-04,3.588635
1996-02-05,3.674948
1996-02-06,3.724534
1996-02-07,3.768483
1996-02-08,3.801589
1996-02-09,3.832095
1996-02-10,3.843536
1996-02-11,3.846733
1996-02-12,3.842737
1996-02-13,3.81906
1996-02-14,3.786233
1996-02-15,3.75345
1996-02-16,3.735022
1996-02-17,3.765045
1996-02-18,3.814559
1996-02-19,3.866243
1996-02-20,3.928672
1996-02-21,4.000029
1996-02-22,3.99646
1996-02-23,3.96697
1996-02-24,3.921644
1996-02-25,3.867314
1996-02-26,3.806355
1996-02-27,3.752922
1996-02-28,3.710646
1996-02-29,3.694202
1996-03-01,3.665078
1996-03-02,3.634824
1996-03-03,3.612962
1996-03-04,3.61476
1996-03-05,3.626337
1996-03-06,3.63689
1996-03-07,3.639732
1996-03-08,3.637921
1996-03-09,3.636114
1996-03-10,3.640764
1996-03-11,3.660407
1996-03-12,3.679105
1996-03-13,3.688983
1996-03-14,3.696289
1996-03-15,3.702814
1996-03-16,3.7106
1996-03-17,3.724008
1996-03-18,3.732137
1996-03-19,3.741588
1996-03-20,3.75345
1996-03-21,3.763989
1996-03-22,3.773783
1996-03-23,3.788881
1996-03-24,3.803179
1996-03-25,3.814824
1996-03-26,3.824113
1996-03-27,3.837414
1996-03-28,3.849138
1996-03-29,3.859294
1996-03-30,3.871052
1996-03-31,3.882865
1996-04-01,3.903836
1996-04-02,3.922724
1996-04-03,3.93979
1996-04-04,3.955798
1996-04-05,3.971058
1996-04-06,3.986342
1996-04-07,3.998388
1996-04-08,4.010994
1996-04-09,4.025847
1996-04-10,4.038512
1996-04-11,4.048737
1996-04-12,4.060345
1996-04-13,4.07005
1996-04-14,4.083377
1996-04-15,4.098407
1996-04-16,4.114308
1996-04-17,4.128863
1996-04-18,4.142878
1996-04-19,4.15919
1996-04-20,4.175528
1996-04-21,4.190807
1996-04-22,4.205527
1996-04-23,4.219176
1996-04-24,4.24139
1996-04-25,4.257098
1996-04-26,4.27143
1996-04-27,4.280611
1996-04-28,4.29095
1996-04-29,4.298734
1996-04-30,4.307671
1996-05-01,4.313434
1996-05-02,4.316894
1996-05-03,4.323549
1996-05-04,4.330212
1996-05-05,4.336582
1996-05-06,4.341216
1996-05-07,4.346427
1996-05-08,4.351638
1996-05-09,4.354242
1996-05-10,4.3554
1996-05-11,4.354532
1996-05-12,4.353373
1996-05-13,4.351638
1996-05-14,4.347296
1996-05-15,4.344692
1996-05-16,4.362346
1996-05-17,4.418746
1996-05-18,4.484194
1996-05-19,4.504584
1996-05-20,4.51169
1996-05-21,4.520866
1996-05-22,4.521162
1996-05-23,4.520276
1996-05-24,4.520276
1996-05-25,4.51998
1996-05-26,4.520866
1996-05-27,4.525023
1996-05-28,4.525618
1996-05-29,4.522347
1996-05-30,4.516131
1996-05-31,4.516131
1996-06-01,4.505766
1996-06-02,4.498662
1996-06-03,4.487436
1996-06-04,4.478596
1996-06-05,4.46504
1996-06-06,4.457698
1996-06-07,4.445375
1996-06-08,4.43189
1996-06-09,4.413784
1996-06-10,4.399206
1996-06-11,4.389902
1996-06-12,4.38031
1996-06-13,4.368133
1996-06-14,4.35569
1996-06-15,4.348742
1996-06-16,4.336872
1996-06-17,4.327314
1996-06-18,4.313434
1996-06-19,4.30277
1996-06-20,4.290665
1996-06-21,4.285778
1996-06-22,4.270856
1996-06-23,4.260525
1996-06-24,4.249101
1996-06-25,4.24282
1996-06-26,4.235681
1996-06-27,4.227987
1996-06-28,4.218607
1996-06-29,4.208654
1996-06-30,4.194202
1996-07-01,4.17666
1996-07-02,4.164824
1996-07-03,4.151026
1996-07-04,4.139234
1996-07-05,4.126061
1996-07-06,4.111519
1996-07-07,4.096452
1996-07-08,4.081434
1996-07-09,4.068107
1996-07-10,4.05537
1996-07-11,4.040999
1996-07-12,4.023373
1996-07-13,4.008244
1996-07-14,3.991545
1996-07-15,3.977052
1996-07-16,3.965065
1996-07-17,3.95362
1996-07-18,3.945211
1996-07-19,3.929214
1996-07-20,3.917058
1996-07-21,3.900328
1996-07-22,3.88555
1996-07-23,3.871588
1996-07-24,3.858224
1996-07-25,3.842737
1996-07-26,3.830501
1996-07-27,3.812178
1996-07-28,3.792855
1996-07-29,3.778019
1996-07-30,3.763201
1996-07-31,3.747388
1996-08-01,3.732925
1996-08-02,3.718761
1996-08-03,3.703598
1996-08-04,3.690024
1996-08-05,3.676505
1996-08-06,3.660148
1996-08-07,3.643092
1996-08-08,3.626337
1996-08-09,3.612962
1996-08-10,3.595798
1996-08-11,3.574096
1996-08-12,3.557046
1996-08-13,3.541839
1996-08-14,3.52667
1996-08-15,3.510785
1996-08-16,3.495467
1996-08-17,3.482424
1996-08-18,3.46595
1996-08-19,3.452249
1996-08-20,3.435357
1996-08-21,3.420766
1996-08-22,3.40595
1996-08-23,3.394146
1996-08-24,3.375988
1996-08-25,3.359108
1996-08-26,3.344746
1996-08-27,3.331859
1996-08-28,3.319747
1996-08-29,3.31127
1996-08-30,3.303074
1996-08-31,3.289338
1996-09-01,3.275136
1996-09-02,3.264065
1996-09-03,3.256637
1996-09-04,3.249454
1996-09-05,3.244906
1996-09-06,3.237729
1996-09-07,3.228438
1996-09-08,3.219385
1996-09-09,3.210832
1996-09-10,3.203724
1996-09-11,3.1978
1996-09-12,3.189986
1996-09-13,3.184798
1996-09-14,3.180553
1996-09-15,3.171592
1996-09-16,3.165475
1996-09-17,3.158672
1996-09-18,3.152106
1996-09-19,3.14671
1996-09-20,3.142264
1996-09-21,3.134331
1996-09-22,3.12523
1996-09-23,3.120565
1996-09-24,3.115459
1996-09-25,3.110816
1996-09-26,3.106406
1996-09-27,3.103852
1996-09-28,3.098514
1996-09-29,3.092506
1996-09-30,3.08881
1996-10-01,3.089041
1996-10-02,3.088118
1996-10-03,3.087193
1996-10-04,3.089504
1996-10-05,3.086501
1996-10-06,3.086732
1996-10-07,3.085808
1996-10-08,3.084422
1996-10-09,3.083499
1996-10-10,3.085116
1996-10-11,3.086964
1996-10-12,3.087424
1996-10-13,3.085576
1996-10-14,3.084884
1996-10-15,3.085116
1996-10-16,3.08627
1996-10-17,3.086964
1996-10-18,3.086039
1996-10-19,3.085116
1996-10-20,3.082805
1996-10-21,3.079573
1996-10-22,3.080034
1996-10-23,3.079573
1996-10-24,3.079342
1996-10-25,3.076108
1996-10-26,3.074033
1996-10-27,3.073345
1996-10-28,3.070818
1996-10-29,3.074493
1996-10-30,3.072885
1996-10-31,3.072426
1996-11-01,3.070588
1996-11-02,3.06921
1996-11-03,3.065533
1996-11-04,3.062776
1996-11-05,3.061628
1996-11-06,3.059332
1996-11-07,3.059102
1996-11-08,3.059102
1996-11-09,3.05979
1996-11-10,3.05979
1996-11-11,3.056575
1996-11-12,3.05244
1996-11-13,3.050836
1996-11-14,3.049236
1996-11-15,3.048094
1996-11-16,3.04855
1996-11-17,3.05015
1996-11-18,3.070818
1996-11-19,3.102692
1996-11-20,3.125464
1996-11-21,3.138531
1996-11-22,3.158438
1996-11-23,3.169471
1996-11-24,3.175838
1996-11-25,3.180553
1996-11-26,3.182204
1996-11-27,3.182676
1996-11-28,3.184563
1996-11-29,3.186684
1996-11-30,3.187863
1996-12-01,3.188572
1996-12-02,3.187629
1996-12-03,3.190693
1996-12-04,3.203724
1996-12-05,3.212254
1996-12-06,3.218194
1996-12-07,3.236538
1996-12-08,3.277302
1996-12-09,3.384554
1996-12-10,3.46495
1996-12-11,3.472937
1996-12-12,3.467446
1996-12-13,3.469692
1996-12-14,3.450757
1996-12-15,3.434366
1996-12-16,3.42225
1996-12-17,3.409892
1996-12-18,3.39931
1996-12-19,3.386028
1996-12-20,3.375988
1996-12-21,3.364489
1996-12-22,3.351805
1996-12-23,3.344014
1996-12-24,3.337685
1996-12-25,3.335251
1996-12-26,3.338903
1996-12-27,3.336224
1996-12-28,3.362776
1996-12-29,3.440824
1996-12-30,3.558311
1996-12-31,3.84061
1997-01-01,4.251384
1997-01-02,4.402694
1997-01-03,4.414072
1997-01-04,4.379728
1997-01-05,4.342082
1997-01-06,4.324998
1997-01-07,4.291238
1997-01-08,4.236253
1997-01-09,4.184013
1997-01-10,4.120456
1997-01-11,4.054266
1997-01-12,3.980048
1997-01-13,3.902756
1997-01-14,3.824379
1997-01-15,3.746861
1997-01-16,3.684558
1997-01-17,3.638698
1997-01-18,3.597335
1997-01-19,3.55755
1997-01-20,3.532216
1997-01-21,3.506007
1997-01-22,3.473937
1997-01-23,3.440575
1997-01-24,3.400294
1997-01-25,3.387506
1997-01-26,3.454235
1997-01-27,3.491201
1997-01-28,3.512804
1997-01-29,3.508013
1997-01-30,3.492456
1997-01-31,3.475933
1997-02-01,3.463701
1997-02-02,3.461705
1997-02-03,3.463451
1997-02-04,3.462205
1997-02-05,3.448522
1997-02-06,3.435357
1997-02-07,3.418294
1997-02-08,3.406689
1997-02-09,3.400048
1997-02-10,3.393654
1997-02-11,3.39193
1997-02-12,3.395374
1997-02-13,3.401276
1997-02-14,3.412363
1997-02-15,3.424721
1997-02-16,3.438089
1997-02-17,3.452
1997-02-18,3.461955
1997-02-19,3.477432
1997-02-20,3.491703
1997-02-21,3.506258
1997-02-22,3.51583
1997-02-23,3.525912
1997-02-24,3.532973
1997-02-25,3.545387
1997-02-26,3.555777
1997-02-27,3.565694
1997-02-28,3.574861
1997-03-01,3.584539
1997-03-02,3.596567
1997-03-03,3.605523
1997-03-04,3.614506
1997-03-05,3.622993
1997-03-06,3.63148
1997-03-07,3.638698
1997-03-08,3.647484
1997-03-09,3.651362
1997-03-10,3.656788
1997-03-11,3.663519
1997-03-12,3.669495
1997-03-13,3.675728
1997-03-14,3.680922
1997-03-15,3.687415
1997-03-16,3.69655
1997-03-17,3.708298
1997-03-18,3.71483
1997-03-19,3.722958
1997-03-20,3.730303
1997-03-21,3.739744
1997-03-22,3.747388
1997-03-23,3.753977
1997-03-24,3.75872
1997-03-25,3.765572
1997-03-26,3.771927
1997-03-27,3.777227
1997-03-28,3.782524
1997-03-29,3.789942
1997-03-30,3.796031
1997-03-31,3.799738
1997-04-01,3.806355
1997-04-02,3.810326
1997-04-03,3.816149
1997-04-04,3.820921
1997-04-05,3.826243
1997-04-06,3.830234
1997-04-07,3.835554
1997-04-08,3.84061
1997-04-09,3.843802
1997-04-10,3.848068
1997-04-11,3.85074
1997-04-12,3.852077
1997-04-13,3.853682
1997-04-14,3.853682
1997-04-15,3.853682
1997-04-16,3.85582
1997-04-17,3.856354
1997-04-18,3.86437
1997-04-19,3.867046
1997-04-20,3.875613
1997-04-21,3.885819
1997-04-22,3.8971
1997-04-23,3.907614
1997-04-24,3.91409
1997-04-25,3.921914
1997-04-26,3.925692
1997-04-27,3.929214
1997-04-28,3.934907
1997-04-29,3.935179
1997-04-30,3.937079
1997-05-01,3.939518
1997-05-02,3.942229
1997-05-03,3.943314
1997-05-04,3.946568
1997-05-05,3.949279
1997-05-06,3.950636
1997-05-07,3.949822
1997-05-08,3.94955
1997-05-09,3.947654
1997-05-10,3.940875
1997-05-11,3.932739
1997-05-12,3.926504
1997-05-13,3.924074
1997-05-14,3.919486
1997-05-15,3.91436
1997-05-16,3.910042
1997-05-17,3.903296
1997-05-18,3.893609
1997-05-19,3.88958
1997-05-20,3.885012
1997-05-21,3.880449
1997-05-22,3.872928
1997-05-23,3.874268
1997-05-24,3.872928
1997-05-25,3.864906
1997-05-26,3.859026
1997-05-27,3.852612
1997-05-28,3.846198
1997-05-29,3.842471
1997-05-30,3.837947
1997-05-31,3.832628
1997-06-01,3.826776
1997-06-02,3.820392
1997-06-03,3.81906
1997-06-04,3.81853
1997-06-05,3.812972
1997-06-06,3.80715
1997-06-07,3.800797
1997-06-08,3.792855
1997-06-09,3.785172
1997-06-10,3.778019
1997-06-11,3.767691
1997-06-12,3.756348
1997-06-13,3.74317
1997-06-14,3.730303
1997-06-15,3.710124
1997-06-16,3.692634
1997-06-17,3.677025
1997-06-18,3.661702
1997-06-19,3.646194
1997-06-20,3.632252
1997-06-21,3.61785
1997-06-22,3.601687
1997-06-23,3.583008
1997-06-24,3.56875
1997-06-25,3.554005
1997-06-26,3.539559
1997-06-27,3.522887
1997-06-28,3.502494
1997-06-29,3.48468
1997-06-30,3.470692
1997-07-01,3.454235
1997-07-02,3.438338
1997-07-03,3.425463
1997-07-04,3.407916
1997-07-05,3.387998
1997-07-06,3.366202
1997-07-07,3.353022
1997-07-08,3.337685
1997-07-09,3.321443
1997-07-10,3.303316
1997-07-11,3.287653
1997-07-12,3.266712
1997-07-13,3.248018
1997-07-14,3.231058
1997-07-15,3.214622
1997-07-16,3.197562
1997-07-17,3.181498
1997-07-18,3.16524
1997-07-19,3.145303
1997-07-20,3.125464
1997-07-21,3.11012
1997-07-22,3.092506
1997-07-23,3.075646
1997-07-24,3.058183
1997-07-25,3.041922
1997-07-26,3.021848
1997-07-27,3.004126
1997-07-28,2.988522
1997-07-29,2.973874
1997-07-30,2.960377
1997-07-31,2.944938
1997-08-01,2.9291
1997-08-02,2.912203
1997-08-03,2.888764
1997-08-04,2.871586
1997-08-05,2.855812
1997-08-06,2.840311
1997-08-07,2.823116
1997-08-08,2.806184
1997-08-09,2.788908
1997-08-10,2.770631
1997-08-11,2.755426
1997-08-12,2.742609
1997-08-13,2.727946
1997-08-14,2.714172
1997-08-15,2.702126
1997-08-16,2.687402
1997-08-17,2.67314
1997-08-18,2.663106
1997-08-19,2.653516
1997-08-20,2.646238
1997-08-21,2.637507
1997-08-22,2.629648
1997-08-23,2.619103
1997-08-24,2.607574
1997-08-25,2.599966
1997-08-26,2.593605
1997-08-27,2.58706
1997-08-28,2.580925
1997-08-29,2.575404
1997-08-30,2.565893
1997-08-31,2.554758
1997-09-01,2.543578
1997-09-02,2.532829
1997-09-03,2.525186
1997-09-04,2.519352
1997-09-05,2.511328
1997-09-06,2.494129
1997-09-07,2.47702
1997-09-08,2.466526
1997-09-09,2.458811
1997-09-10,2.45053
1997-09-11,2.443251
1997-09-12,2.438333
1997-09-13,2.426386
1997-09-14,2.416801
1997-09-15,2.411343
1997-09-16,2.405498
1997-09-17,2.400043
1997-09-18,2.392274
1997-09-19,2.388206
1997-09-20,2.378907
1997-09-21,2.370806
1997-09-22,2.364257
1997-09-23,2.359826
1997-09-24,2.353495
1997-09-25,2.345834
1997-09-26,2.341429
1997-09-27,2.333604
1997-09-28,2.325414
1997-09-29,2.31402
1997-09-30,2.30834
1997-10-01,2.304552
1997-10-02,2.3002
1997-10-03,2.297188
1997-10-04,2.295305
1997-10-05,2.290032
1997-10-06,2.289656
1997-10-07,2.288526
1997-10-08,2.289656
1997-10-09,2.290598
1997-10-10,2.293233
1997-10-11,2.290785
1997-10-12,2.289468
1997-10-13,2.288338
1997-10-14,2.288903
1997-10-15,2.288526
1997-10-16,2.28928
1997-10-17,2.294363
1997-10-18,2.297188
1997-10-19,2.299824
1997-10-20,2.306824
1997-10-21,2.309286
1997-10-22,2.310422
1997-10-23,2.320272
1997-10-24,2.326176
1997-10-25,2.321224
1997-10-26,2.315156
1997-10-27,2.312694
1997-10-28,2.312504
1997-10-29,2.314209
1997-10-30,2.315723
1997-10-31,2.317049
1997-11-01,2.318374
1997-11-02,2.320272
1997-11-03,2.324843
1997-11-04,2.327128
1997-11-05,2.328652
1997-11-06,2.328462
1997-11-07,2.329796
1997-11-08,2.332652
1997-11-09,2.33227
1997-11-10,2.333985
1997-11-11,2.337032
1997-11-12,2.338366
1997-11-13,2.341429
1997-11-14,2.34411
1997-11-15,2.350238
1997-11-16,2.364642
1997-11-17,2.371769
1997-11-18,2.3762
1997-11-19,2.3979
1997-11-20,2.415434
1997-11-21,2.421887
1997-11-22,2.428146
1997-11-23,2.434014
1997-11-24,2.446989
1997-11-25,2.462174
1997-11-26,2.485376
1997-11-27,2.505126
1997-11-28,2.515532
1997-11-29,2.525387
1997-11-30,2.535041
1997-12-01,2.541953
1997-12-02,2.54744
1997-12-03,2.555773
1997-12-04,2.563262
1997-12-05,2.571155
1997-12-06,2.576425
1997-12-07,2.595854
1997-12-08,2.610248
1997-12-09,2.620551
1997-12-10,2.627168
1997-12-11,2.630682
1997-12-12,2.636058
1997-12-13,2.643328
1997-12-14,2.653723
1997-12-15,2.66248
1997-12-16,2.668332
1997-12-17,2.678576
1997-12-18,2.684038
1997-12-19,2.684038
1997-12-20,2.693918
1997-12-21,2.700013
1997-12-22,2.705296
1997-12-23,2.709735
1997-12-24,2.714595
1997-12-25,2.717765
1997-12-26,2.721146
1997-12-27,2.721359
1997-12-28,2.723908
1997-12-29,2.727308
1997-12-30,2.729646
1997-12-31,2.734108
1998-01-01,2.739845
1998-01-02,2.757349
1998-01-03,2.789987
1998-01-04,2.823116
1998-01-05,2.84358
1998-01-06,2.86348
1998-01-07,2.880614
1998-01-08,2.895598
1998-01-09,2.909547
1998-01-10,2.91975
1998-01-11,2.950308
1998-01-12,3.016846
1998-01-13,3.070588
1998-01-14,3.140864
1998-01-15,3.213201
1998-01-16,3.260946
1998-01-17,3.330164
1998-01-18,3.40767
1998-01-19,3.471941
1998-01-20,3.510532
1998-01-21,3.507008
1998-01-22,3.486686
1998-01-23,3.456224
1998-01-24,3.423979
1998-01-25,3.401768
1998-01-26,3.400048
1998-01-27,3.41014
1998-01-28,3.399556
1998-01-29,3.4178
1998-01-30,3.408902
1998-01-31,3.39021
1998-02-01,3.431642
1998-02-02,3.503498
1998-02-03,3.624534
1998-02-04,3.64361
1998-02-05,3.72899
1998-02-06,3.835021
1998-02-07,3.941958
1998-02-08,3.990722
1998-02-09,3.964519
1998-02-10,3.934096
1998-02-11,3.899518
1998-02-12,3.86945
1998-02-13,3.841139
1998-02-14,3.849405
1998-02-15,3.828903
1998-02-16,3.78782
1998-02-17,3.740799
1998-02-18,3.692896
1998-02-19,3.739219
1998-02-20,3.739744
1998-02-21,3.798942
1998-02-22,3.777227
1998-02-23,3.787558
1998-02-24,3.75872
1998-02-25,3.711691
1998-02-26,3.658599
1998-02-27,3.618877
1998-02-28,3.56722
1998-03-01,3.51381
1998-03-02,3.469942
1998-03-03,3.437843
1998-03-04,3.408902
1998-03-05,3.387506
1998-03-06,3.37085
1998-03-07,3.358864
1998-03-08,3.352292
1998-03-09,3.352536
1998-03-10,3.347667
1998-03-11,3.348884
1998-03-12,3.351318
1998-03-13,3.365222
1998-03-14,3.384062
1998-03-15,3.405704
1998-03-16,3.433371
1998-03-17,3.460956
1998-03-18,3.486937
1998-03-19,3.503746
1998-03-20,3.495216
1998-03-21,3.474686
1998-03-22,3.51129
1998-03-23,3.615276
1998-03-24,3.666375
1998-03-25,3.667155
1998-03-26,3.646194
1998-03-27,3.616563
1998-03-28,3.598104
1998-03-29,3.578936
1998-03-30,3.569004
1998-03-31,3.55299
1998-04-01,3.535504
1998-04-02,3.529695
1998-04-03,3.525912
1998-04-04,3.535758
1998-04-05,3.535757
1998-04-06,3.55071
1998-04-07,3.563655
1998-04-08,3.584795
1998-04-09,3.607829
1998-04-10,3.634051
1998-04-11,3.667415
1998-04-12,3.700466
1998-04-13,3.733712
1998-04-14,3.765045
1998-04-15,3.795501
1998-04-16,3.823051
1998-04-17,3.847532
1998-04-18,3.865173
1998-04-19,3.876419
1998-04-20,3.893609
1998-04-21,3.908422
1998-04-22,3.924612
1998-04-23,3.942229
1998-04-24,3.960432
1998-04-25,3.976234
1998-04-26,3.992093
1998-04-27,4.009346
1998-04-28,4.026673
1998-04-29,4.043488
1998-04-30,4.061175
1998-05-01,4.080045
1998-05-02,4.09729
1998-05-03,4.115425
1998-05-04,4.131665
1998-05-05,4.147084
1998-05-06,4.165106
1998-05-07,4.184013
1998-05-08,4.207519
1998-05-09,4.231114
1998-05-10,4.255096
1998-05-11,4.278891
1998-05-12,4.295563
1998-05-13,4.309976
1998-05-14,4.324419
1998-05-15,4.339478
1998-05-16,4.361477
1998-05-17,4.378274
1998-05-18,4.391939
1998-05-19,4.403855
1998-05-20,4.411152
1998-05-21,4.416118
1998-05-22,4.418454
1998-05-23,4.413198
1998-05-24,4.41086
1998-05-25,4.413198
1998-05-26,4.414072
1998-05-27,4.414949
1998-05-28,4.406771
1998-05-29,4.423712
1998-05-30,4.442736
1998-05-31,4.45359
1998-06-01,4.455642
1998-06-02,4.457988
1998-06-03,4.460044
1998-06-04,4.45711
1998-06-05,4.453296
1998-06-06,4.454468
1998-06-07,4.450654
1998-06-08,4.454468
1998-06-09,4.457698
1998-06-10,4.465332
1998-06-11,4.480362
1998-06-12,4.490386
1998-06-13,4.497776
1998-06-14,4.505474
1998-06-15,4.518794
1998-06-16,4.525618
1998-06-17,4.526214
1998-06-18,4.527107
1998-06-19,4.527702
1998-06-20,4.527107
1998-06-21,4.521458
1998-06-22,4.517906
1998-06-23,4.515242
1998-06-24,4.51169
1998-06-25,4.507841
1998-06-26,4.504288
1998-06-27,4.503103
1998-06-28,4.495702
1998-06-29,4.48832
1998-06-30,4.482132
1998-07-01,4.478006
1998-07-02,4.472408
1998-07-03,4.462976
1998-07-04,4.45711
1998-07-05,4.448895
1998-07-06,4.440386
1998-07-07,4.43189
1998-07-08,4.421084
1998-07-09,4.411737
1998-07-10,4.400949
1998-07-11,4.391939
1998-07-12,4.382052
1998-07-13,4.370737
1998-07-14,4.361188
1998-07-15,4.350769
1998-07-16,4.338608
1998-07-17,4.326448
1998-07-18,4.313434
1998-07-19,4.302481
1998-07-20,4.291238
1998-07-21,4.278604
1998-07-22,4.267412
1998-07-23,4.254242
1998-07-24,4.244532
1998-07-25,4.232
1998-07-26,4.219742
1998-07-27,4.204677
1998-07-28,4.191936
1998-07-29,4.178639
1998-07-30,4.164824
1998-07-31,4.147366
1998-08-01,4.133068
1998-08-02,4.115704
1998-08-03,4.103986
1998-08-04,4.091991
1998-08-05,4.079767
1998-08-06,4.065884
1998-08-07,4.052883
1998-08-08,4.037682
1998-08-09,4.023645
1998-08-10,4.00852
1998-08-11,3.99483
1998-08-12,3.98169
1998-08-13,3.966698
1998-08-14,3.95199
1998-08-15,3.93735
1998-08-16,3.920566
1998-08-17,3.904106
1998-08-18,3.888504
1998-08-19,3.872122
1998-08-20,3.857157
1998-08-21,3.845397
1998-08-22,3.832628
1998-08-23,3.817735
1998-08-24,3.80503
1998-08-25,3.790737
1998-08-26,3.776962
1998-08-27,3.762674
1998-08-28,3.748968
1998-08-29,3.735022
1998-08-30,3.719811
1998-08-31,3.705166
1998-09-01,3.694202
1998-09-02,3.681442
1998-09-03,3.670532
1998-09-04,3.657047
1998-09-05,3.644383
1998-09-06,3.631222
1998-09-07,3.618877
1998-09-08,3.607572
1998-09-09,3.598616
1998-09-10,3.5894
1998-09-11,3.578426
1998-09-12,3.56926
1998-09-13,3.559838
1998-09-14,3.55071
1998-09-15,3.542854
1998-09-16,3.535
1998-09-17,3.526922
1998-09-18,3.519609
1998-09-19,3.509778
1998-09-20,3.499232
1998-09-21,3.493964
1998-09-22,3.488692
1998-09-23,3.484429
1998-09-24,3.482673
1998-09-25,3.475683
1998-09-26,3.462705
1998-09-27,3.451503
1998-09-28,3.445044
1998-09-29,3.442561
1998-09-30,3.441072
1998-10-01,3.443058
1998-10-02,3.43983
1998-10-03,3.429663
1998-10-04,3.419284
1998-10-05,3.415082
1998-10-06,3.410631
1998-10-07,3.414092
1998-10-08,3.416318
1998-10-09,3.40915
1998-10-10,3.399556
1998-10-11,3.391195
1998-10-12,3.387752
1998-10-13,3.382839
1998-10-14,3.384554
1998-10-15,3.385047
1998-10-16,3.384554
1998-10-17,3.387013
1998-10-18,3.38849
1998-10-19,3.39021
1998-10-20,3.391441
1998-10-21,3.389964
1998-10-22,3.389718
1998-10-23,3.390456
1998-10-24,3.39562
1998-10-25,3.393654
1998-10-26,3.396358
1998-10-27,3.397343
1998-10-28,3.397343
1998-10-29,3.397343
1998-10-30,3.39931
1998-10-31,3.403984
1998-11-01,3.406196
1998-11-02,3.403492
1998-11-03,3.400786
1998-11-04,3.39931
1998-11-05,3.398325
1998-11-06,3.398325
1998-11-07,3.407178
1998-11-08,3.407178
1998-11-09,3.407178
1998-11-10,3.41261
1998-11-11,3.414586
1998-11-12,3.409892
1998-11-13,3.40226
1998-11-14,3.393161
1998-11-15,3.384308
1998-11-16,3.376232
1998-11-17,3.368157
1998-11-18,3.355457
1998-11-19,3.341824
1998-11-20,3.331133
1998-11-21,3.32871
1998-11-22,3.320717
1998-11-23,3.349127
1998-11-24,3.359108
1998-11-25,3.364977
1998-11-26,3.372074
1998-11-27,3.375254
1998-11-28,3.374764
1998-11-29,3.382104
1998-11-30,3.435606
1998-12-01,3.472688
1998-12-02,3.494965
1998-12-03,3.533985
1998-12-04,3.5426
1998-12-05,3.5426
1998-12-06,3.506509
1998-12-07,3.480428
1998-12-08,3.451752
1998-12-09,3.42645
1998-12-10,3.396851
1998-12-11,3.371584
1998-12-12,3.345232
1998-12-13,3.323866
1998-12-14,3.309099
1998-12-15,3.296086
1998-12-16,3.286929
1998-12-17,3.276821
1998-12-18,3.266473
1998-12-19,3.256158
1998-12-20,3.250172
1998-12-21,3.248975
1998-12-22,3.249934
1998-12-23,3.253046
1998-12-24,3.25568
1998-12-25,3.25951
1998-12-26,3.262383
1998-12-27,3.264788
1998-12-28,3.266953
1998-12-29,3.268156
1998-12-30,3.26936
1998-12-31,3.269602
1999-01-01,3.277302
1999-01-02,3.284762
1999-01-03,3.294399
1999-01-04,3.299942
1999-01-05,3.305244
1999-01-06,3.310303
1999-01-07,3.316356
1999-01-08,3.320475
1999-01-09,3.323382
1999-01-10,3.324108
1999-01-11,3.326773
1999-01-12,3.327742
1999-01-13,3.32871
1999-01-14,3.331376
1999-01-15,3.33404
1999-01-16,3.336955
1999-01-17,3.35424
1999-01-18,3.385782
1999-01-19,3.418542
1999-01-20,3.457713
1999-01-21,3.473187
1999-01-22,3.494965
1999-01-23,3.527679
1999-01-24,3.541839
1999-01-25,3.54767
1999-01-26,3.553498
1999-01-27,3.557804
1999-01-28,3.562638
1999-01-29,3.571296
1999-01-30,3.579698
1999-01-31,3.588122
1999-02-01,3.59324
1999-02-02,3.598104
1999-02-03,3.601431
1999-02-04,3.599382
1999-02-05,3.590169
1999-02-06,3.604502
1999-02-07,3.65989
1999-02-08,3.686895
1999-02-09,3.745278
1999-02-10,3.772722
1999-02-11,3.782258
1999-02-12,3.782789
1999-02-13,3.776697
1999-02-14,3.770074
1999-02-15,3.746861
1999-02-16,3.732925
1999-02-17,3.715876
1999-02-18,3.700205
1999-02-19,3.68846
1999-02-20,3.683778
1999-02-21,3.681182
1999-02-22,3.683778
1999-02-23,3.687155
1999-02-24,3.691592
1999-02-25,3.713517
1999-02-26,3.711949
1999-02-27,3.704121
1999-02-28,3.712733
1999-03-01,3.722696
1999-03-02,3.722171
1999-03-03,3.724534
1999-03-04,3.721124
1999-03-05,3.711169
1999-03-06,3.693157
1999-03-07,3.673648
1999-03-08,3.657306
1999-03-09,3.64025
1999-03-10,3.615018
1999-03-11,3.590937
1999-03-12,3.573586
1999-03-13,3.562384
1999-03-14,3.55299
1999-03-15,3.553498
1999-03-16,3.556538
1999-03-17,3.559073
1999-03-18,3.563148
1999-03-19,3.569514
1999-03-20,3.579698
1999-03-21,3.594776
1999-03-22,3.608338
1999-03-23,3.625564
1999-03-24,3.661702
1999-03-25,3.708036
1999-03-26,3.741588
1999-03-27,3.771132
1999-03-28,3.796561
1999-03-29,3.81906
1999-03-30,3.841938
1999-03-31,3.863036
1999-04-01,3.880983
1999-04-02,3.899788
1999-04-03,3.91382
1999-04-04,3.93
1999-04-05,3.941146
1999-04-06,3.953892
1999-04-07,3.967516
1999-04-08,3.989352
1999-04-09,4.007969
1999-04-10,4.026945
1999-04-11,4.043475
1999-04-12,4.058132
1999-04-13,4.068097
1999-04-14,4.076157
1999-04-15,4.085044
1999-04-16,4.094501
1999-04-17,4.105103
1999-04-18,4.117377
1999-04-19,4.128863
1999-04-20,4.145399
1999-04-21,4.15919
1999-04-22,4.171864
1999-04-23,4.182601
1999-04-24,4.199292
1999-04-25,4.212068
1999-04-26,4.22486
1999-04-27,4.236538
1999-04-28,4.243963
1999-04-29,4.249673
1999-04-30,4.25624
1999-05-01,4.263107
1999-05-02,4.27315
1999-05-03,4.280611
1999-05-04,4.287498
1999-05-05,4.293258
1999-05-06,4.297872
1999-05-07,4.302481
1999-05-08,4.306517
1999-05-09,4.307094
1999-05-10,4.308536
1999-05-11,4.30796
1999-05-12,4.306517
1999-05-13,4.30594
1999-05-14,4.306517
1999-05-15,4.305078
1999-05-16,4.30594
1999-05-17,4.307094
1999-05-18,4.307671
1999-05-19,4.309398
1999-05-20,4.313146
1999-05-21,4.314588
1999-05-22,4.308822
1999-05-23,4.309687
1999-05-24,4.310264
1999-05-25,4.311996
1999-05-26,4.312858
1999-05-27,4.31113
1999-05-28,4.310842
1999-05-29,4.31113
1999-05-30,4.306228
1999-05-31,4.3045
1999-06-01,4.303058
1999-06-02,4.300464
1999-06-03,4.297872
1999-06-04,4.295852
1999-06-05,4.295563
1999-06-06,4.294409
1999-06-07,4.291238
1999-06-08,4.288934
1999-06-09,4.285204
1999-06-10,4.282334
1999-06-11,4.280324
1999-06-12,4.277455
1999-06-13,4.272579
1999-06-14,4.268561
1999-06-15,4.26483
1999-06-16,4.25824
1999-06-17,4.253385
1999-06-18,4.248244
1999-06-19,4.240536
1999-06-20,4.231114
1999-06-21,4.220026
1999-06-22,4.2115
1999-06-23,4.201275
1999-06-24,4.19024
1999-06-25,4.179489
1999-06-26,4.166512
1999-06-27,4.151026
1999-06-28,4.139514
1999-06-29,4.126342
1999-06-30,4.116822
1999-07-01,4.104544
1999-07-02,4.091991
1999-07-03,4.076157
1999-07-04,4.06422
1999-07-05,4.05316
1999-07-06,4.039896
1999-07-07,4.024746
1999-07-08,4.01182
1999-07-09,3.999755
1999-07-10,3.989352
1999-07-11,3.97923
1999-07-12,3.968607
1999-07-13,3.954438
1999-07-14,3.940061
1999-07-15,3.927318
1999-07-16,3.91193
1999-07-17,3.896563
1999-07-18,3.883403
1999-07-19,3.868915
1999-07-20,3.856622
1999-07-21,3.84593
1999-07-22,3.835554
1999-07-23,3.822252
1999-07-24,3.80609
1999-07-25,3.791794
1999-07-26,3.780936
1999-07-27,3.769279
1999-07-28,3.75714
1999-07-29,3.745014
1999-07-30,3.7345
1999-07-31,3.716927
1999-08-01,3.701511
1999-08-02,3.690808
1999-08-03,3.677285
1999-08-04,3.664818
1999-08-05,3.653687
1999-08-06,3.643865
1999-08-07,3.63071
1999-08-08,3.620936
1999-08-09,3.615276
1999-08-10,3.609875
1999-08-11,3.601431
1999-08-12,3.594264
1999-08-13,3.588122
1999-08-14,3.576642
1999-08-15,3.569769
1999-08-16,3.565439
1999-08-17,3.558564
1999-08-18,3.550961
1999-08-19,3.542854
1999-08-20,3.536519
1999-08-21,3.526417
1999-08-22,3.519609
1999-08-23,3.512804
1999-08-24,3.504248
1999-08-25,3.495467
1999-08-26,3.486686
1999-08-27,3.479428
1999-08-28,3.469442
1999-08-29,3.456967
1999-08-30,3.447528
1999-08-31,3.437843
1999-09-01,3.430405
1999-09-02,3.422989
1999-09-03,3.416318
1999-09-04,3.411621
1999-09-05,3.407916
1999-09-06,3.40226
1999-09-07,3.397343
1999-09-08,3.393161
1999-09-09,3.38849
1999-09-10,3.383572
1999-09-11,3.378924
1999-09-12,3.372563
1999-09-13,3.369382
1999-09-14,3.366935
1999-09-15,3.363266
1999-09-16,3.358378
1999-09-17,3.35424
1999-09-18,3.34864
1999-09-19,3.342068
1999-09-20,3.337685
1999-09-21,3.337199
1999-09-22,3.338172
1999-09-23,3.338416
1999-09-24,3.334766
1999-09-25,3.333555
1999-09-26,3.333798
1999-09-27,3.328468
1999-09-28,3.327499
1999-09-29,3.327742
1999-09-30,3.327499
1999-10-01,3.325561
1999-10-02,3.319505
1999-10-03,3.312238
1999-10-04,3.309099
1999-10-05,3.305002
1999-10-06,3.305966
1999-10-07,3.304761
1999-10-08,3.302352
1999-10-09,3.301148
1999-10-10,3.298737
1999-10-11,3.297291
1999-10-12,3.292954
1999-10-13,3.289098
1999-10-14,3.283079
1999-10-15,3.27995
1999-10-16,3.277062
1999-10-17,3.281153
1999-10-18,3.278506
1999-10-19,3.273452
1999-10-20,3.269602
1999-10-21,3.267194
1999-10-22,3.266712
1999-10-23,3.265509
1999-10-24,3.263824
1999-10-25,3.260946
1999-10-26,3.260229
1999-10-27,3.260229
1999-10-28,3.266232
1999-10-29,3.268397
1999-10-30,3.272729
1999-10-31,3.275136
1999-11-01,3.275377
1999-11-02,3.274896
1999-11-03,3.27249
1999-11-04,3.268156
1999-11-05,3.264065
1999-11-06,3.257834
1999-11-07,3.253284
1999-11-08,3.251131
1999-11-09,3.249934
1999-11-10,3.258313
1999-11-11,3.260468
1999-11-12,3.260468
1999-11-13,3.261426
1999-11-14,3.25975
1999-11-15,3.261186
1999-11-16,3.260229
1999-11-17,3.25951
1999-11-18,3.257834
1999-11-19,3.260706
1999-11-20,3.264547
1999-11-21,3.265029
1999-11-22,3.26575
1999-11-23,3.265991
1999-11-24,3.266232
1999-11-25,3.265268
1999-11-26,3.264788
1999-11-27,3.263344
1999-11-28,3.261186
1999-11-29,3.262622
1999-11-30,3.268397
1999-12-01,3.272248
1999-12-02,3.273933
1999-12-03,3.272008
1999-12-04,3.268638
1999-12-05,3.267676
1999-12-06,3.265029
1999-12-07,3.264306
1999-12-08,3.263103
1999-12-09,3.263103
1999-12-10,3.260229
1999-12-11,3.258073
1999-12-12,3.2552
1999-12-13,3.253046
1999-12-14,3.252807
1999-12-15,3.252328
1999-12-16,3.251131
1999-12-17,3.25137
1999-12-18,3.250412
1999-12-19,3.248018
1999-12-20,3.245145
1999-12-21,3.243469
1999-12-22,3.241314
1999-12-23,3.238443
1999-12-24,3.2363
1999-12-25,3.233203
1999-12-26,3.232487
1999-12-27,3.23082
1999-12-28,3.232012
1999-12-29,3.231058
1999-12-30,3.228199
1999-12-31,3.227485
2000-01-01,3.226056
2000-01-02,3.226532
2000-01-03,3.226294
2000-01-04,3.227009
2000-01-05,3.225579
2000-01-06,3.225579
2000-01-07,3.227485
2000-01-08,3.227009
2000-01-09,3.226056
2000-01-10,3.229153
2000-01-11,3.244427
2000-01-12,3.252328
2000-01-13,3.262862
2000-01-14,3.295363
2000-01-15,3.355
2000-01-16,3.415575
2000-01-17,3.447281
2000-01-18,3.470941
2000-01-19,3.503748
2000-01-20,3.549189
2000-01-21,3.582755
2000-01-22,3.606292
2000-01-23,3.633024
2000-01-24,3.669753
2000-01-25,3.697073
2000-01-26,3.709341
2000-01-27,3.712473
2000-01-28,3.713517
2000-01-29,3.701771
2000-01-30,3.698117
2000-01-31,3.697073
2000-02-01,3.693157
2000-02-02,3.697073
2000-02-03,3.70412
2000-02-04,3.707775
2000-02-05,3.726631
2000-02-06,3.75872
2000-02-07,3.777491
2000-02-08,3.787027
2000-02-09,3.783054
2000-02-10,3.785968
2000-02-11,3.802119
2000-02-12,3.839012
2000-02-13,3.907073
2000-02-14,4.021446
2000-02-15,4.033548
2000-02-16,4.022546
2000-02-17,3.997293
2000-02-18,3.963973
2000-02-19,3.915438
2000-02-20,3.877224
2000-02-21,3.840342
2000-02-22,3.835022
2000-02-23,3.837416
2000-02-24,3.818531
2000-02-25,3.785173
2000-02-26,3.799737
2000-02-27,3.845663
2000-02-28,3.854216
2000-02-29,3.857423
2000-03-01,3.831829
2000-03-02,3.791001
2000-03-03,3.734499
2000-03-04,3.680922
2000-03-05,3.645417
2000-03-06,3.620678
2000-03-07,3.594008
2000-03-08,3.574097
2000-03-09,3.563147
2000-03-10,3.540827
2000-03-11,3.533478
2000-03-12,3.52667
2000-03-13,3.523645
2000-03-14,3.522888
2000-03-15,3.526166
2000-03-16,3.532217
2000-03-17,3.546908
2000-03-18,3.561619
2000-03-19,3.575116
2000-03-20,3.586586
2000-03-21,3.597335
2000-03-22,3.609363
2000-03-23,3.623764
2000-03-24,3.641282
2000-03-25,3.658857
2000-03-26,3.675727
2000-03-27,3.691591
2000-03-28,3.708819
2000-03-29,3.722959
2000-03-30,3.737384
2000-03-31,3.751868
2000-04-01,3.768484
2000-04-02,3.786232
2000-04-03,3.800266
2000-04-04,3.811913
2000-04-05,3.828903
2000-04-06,3.844067
2000-04-07,3.857957
2000-04-08,3.870786
2000-04-09,3.87427
2000-04-10,3.873196
2000-04-11,3.875344
2000-04-12,3.879373
2000-04-13,3.895756
2000-04-14,3.910851
2000-04-15,3.923264
2000-04-16,3.944399
2000-04-17,3.990723
2000-04-18,4.021171
2000-04-19,4.048738
2000-04-20,4.064219
2000-04-21,4.078935
2000-04-22,4.088097
2000-04-23,4.097291
2000-04-24,4.105939
2000-04-25,4.115146
2000-04-26,4.121015
2000-04-27,4.130265
2000-04-28,4.138954
2000-04-29,4.14512
2000-04-30,4.153279
2000-05-01,4.161445
2000-05-02,4.161445
2000-05-03,4.156939
2000-05-04,4.151307
2000-05-05,4.14484
2000-05-06,4.140075
2000-05-07,4.141757
2000-05-08,4.143439
2000-05-09,4.142317
2000-05-10,4.145961
2000-05-11,4.147365
2000-05-12,4.149336
2000-05-13,4.152997
2000-05-14,4.157221
2000-05-15,4.15891
2000-05-16,4.161726
2000-05-17,4.166795
2000-05-18,4.169048
2000-05-19,4.17299
2000-05-20,4.167358
2000-05-21,4.159192
2000-05-22,4.15356
2000-05-23,4.149618
2000-05-24,4.146522
2000-05-25,4.145401
2000-05-26,4.142878
2000-05-27,4.140355
2000-05-28,4.136992
2000-05-29,4.128583
2000-05-30,4.122697
2000-05-31,4.111519
2000-06-01,4.104266
2000-06-02,4.099244
2000-06-03,4.091711
2000-06-04,4.085876
2000-06-05,4.081989
2000-06-06,4.072548
2000-06-07,4.074492
2000-06-08,4.071993
2000-06-09,4.069494
2000-06-10,4.064774
2000-06-11,4.057581
2000-06-12,4.048185
2000-06-13,4.037407
2000-06-14,4.027222
2000-06-15,4.015945
2000-06-16,4.003042
2000-06-17,3.987985
2000-06-18,3.977597
2000-06-19,3.966426
2000-06-20,3.954437
2000-06-21,3.94223
2000-06-22,3.928944
2000-06-23,3.916248
2000-06-24,3.900058
2000-06-25,3.88555
2000-06-26,3.874001
2000-06-27,3.864105
2000-06-28,3.851008
2000-06-29,3.83715
2000-06-30,3.825179
2000-07-01,3.811384
2000-07-02,3.796031
2000-07-03,3.781199
2000-07-04,3.759775
2000-07-05,3.742116
2000-07-06,3.726631
2000-07-07,3.712212
2000-07-08,3.692896
2000-07-09,3.676247
2000-07-10,3.662221
2000-07-11,3.646451
2000-07-12,3.633024
2000-07-13,3.617334
2000-07-14,3.602453
2000-07-15,3.57919
2000-07-16,3.556791
2000-07-17,3.54184
2000-07-18,3.527175
2000-07-19,3.513055
2000-07-20,3.497726
2000-07-21,3.482674
2000-07-22,3.462953
2000-07-23,3.442561
2000-07-24,3.425215
2000-07-25,3.410385
2000-07-26,3.395129
2000-07-27,3.379413
2000-07-28,3.362531
2000-07-29,3.350101
2000-07-30,3.33404
2000-07-31,3.321201
2000-08-01,3.307412
2000-08-02,3.294158
2000-08-03,3.282116
2000-08-04,3.268879
2000-08-05,3.247539
2000-08-06,3.227247
2000-08-07,3.215097
2000-08-08,3.205856
2000-08-09,3.196851
2000-08-10,3.188335
2000-08-11,3.179611
2000-08-12,3.16782
2000-08-13,3.154216
2000-08-14,3.143198
2000-08-15,3.132931
2000-08-16,3.128264
2000-08-17,3.121963
2000-08-18,3.117084
2000-08-19,3.111745
2000-08-20,3.103388
2000-08-21,3.098281
2000-08-22,3.091582
2000-08-23,3.08627
2000-08-24,3.082344
2000-08-25,3.079804
2000-08-26,3.072426
2000-08-27,3.065534
2000-08-28,3.057264
2000-08-29,3.05175
2000-08-30,3.047179
2000-08-31,3.043522
2000-09-01,3.047865
2000-09-02,3.047865
2000-09-03,3.05015
2000-09-04,3.050607
2000-09-05,3.051293
2000-09-06,3.052439
2000-09-07,3.054507
2000-09-08,3.052439
2000-09-09,3.046265
2000-09-10,3.04078
2000-09-11,3.036666
2000-09-12,3.03438
2000-09-13,3.035294
2000-09-14,3.033009
2000-09-15,3.033466
2000-09-16,3.029352
2000-09-17,3.022302
2000-09-18,3.019347
2000-09-19,3.01571
2000-09-20,3.008663
2000-09-21,3.004127
2000-09-22,3.002544
2000-09-23,2.999152
2000-09-24,2.994855
2000-09-25,2.990558
2000-09-26,2.987166
2000-09-27,2.987619
2000-09-28,2.987845
2000-09-29,2.987166
2000-09-30,2.985131
2000-10-01,2.980848
2000-10-02,2.977473
2000-10-03,2.975448
2000-10-04,2.971849
2000-10-05,2.969599
2000-10-06,2.966899
2000-10-07,2.964649
2000-10-08,2.961049
2000-10-09,2.959259
2000-10-10,2.961949
2000-10-11,2.962849
2000-10-12,2.964199
2000-10-13,2.966449
2000-10-14,2.960378
2000-10-15,2.955902
2000-10-16,2.955007
2000-10-17,2.952546
2000-10-18,2.94807
2000-10-19,2.94628
2000-10-20,2.943147
2000-10-21,2.940462
2000-10-22,2.939567
2000-10-23,2.936891
2000-10-24,2.933552
2000-10-25,2.931993
2000-10-26,2.930658
2000-10-27,2.930212
2000-10-28,2.934442
2000-10-29,2.935555
2000-10-30,2.940686
2000-10-31,2.941357
2000-11-01,2.943147
2000-11-02,2.937114
2000-11-03,2.933774
2000-11-04,2.931993
2000-11-05,2.933107
2000-11-06,2.931993
2000-11-07,2.931548
2000-11-08,2.930658
2000-11-09,2.929767
2000-11-10,2.927986
2000-11-11,2.924202
2000-11-12,2.92153
2000-11-13,2.917968
2000-11-14,2.916855
2000-11-15,2.9173
2000-11-16,2.918414
2000-11-17,2.91641
2000-11-18,2.912868
2000-11-19,2.910211
2000-11-20,2.909547
2000-11-21,2.907775
2000-11-22,2.906226
2000-11-23,2.901133
2000-11-24,2.89737
2000-11-25,2.894491
2000-11-26,2.890526
2000-11-27,2.887001
2000-11-28,2.885239
2000-11-29,2.886341
2000-11-30,2.88568
2000-12-01,2.886781
2000-12-02,2.88612
2000-12-03,2.885019
2000-12-04,2.883477
2000-12-05,2.884358
2000-12-06,2.884138
2000-12-07,2.88568
2000-12-08,2.881715
2000-12-09,2.877751
2000-12-10,2.873566
2000-12-11,2.874226
2000-12-12,2.874887
2000-12-13,2.880173
2000-12-14,2.887882
2000-12-15,2.895598
2000-12-16,2.896705
2000-12-17,2.896927
2000-12-18,2.897812
2000-12-19,2.899805
2000-12-20,2.902683
2000-12-21,2.902019
2000-12-22,2.906668
2000-12-23,2.907111
2000-12-24,2.90534
2000-12-25,2.904012
2000-12-26,2.905119
2000-12-27,2.907997
2000-12-28,2.910432
2000-12-29,2.91331
2000-12-30,2.913089
2000-12-31,2.910875
2001-01-01,2.90844
2001-01-02,2.90689
2001-01-03,2.90689
2001-01-04,2.907997
2001-01-05,2.909325
2001-01-06,2.908882
2001-01-07,2.90534
2001-01-08,2.9093
2001-01-09,2.912868
2001-01-10,2.925092
2001-01-11,2.937114
2001-01-12,2.94449
2001-01-13,2.94807
2001-01-14,2.949861
2001-01-15,2.952546
2001-01-16,2.955455
2001-01-17,2.957916
2001-01-18,2.95993
2001-01-19,2.965099
2001-01-20,2.965099
2001-01-21,2.963749
2001-01-22,2.964424
2001-01-23,2.969149
2001-01-24,2.977473
2001-01-25,2.98988
2001-01-26,3.001187
2001-01-27,3.008208
2001-01-28,3.013209
2001-01-29,3.021166
2001-01-30,3.030266
2001-01-31,3.035294
2001-02-01,3.041694
2001-02-02,3.046493
2001-02-03,3.045122
2001-02-04,3.044436
2001-02-05,3.049922
2001-02-06,3.054736
2001-02-07,3.059561
2001-02-08,3.064845
2001-02-09,3.076109
2001-02-10,3.08627
2001-02-11,3.09921
2001-02-12,3.112209
2001-02-13,3.123597
2001-02-14,3.135031
2001-02-15,3.140398
2001-02-16,3.146711
2001-02-17,3.154451
2001-02-18,3.168056
2001-02-19,3.187864
2001-02-20,3.232726
2001-02-21,3.300665
2001-02-22,3.349371
2001-02-23,3.381371
2001-02-24,3.408902
2001-02-25,3.436352
2001-02-26,3.459957
2001-02-27,3.480926
2001-02-28,3.495969
2001-03-01,3.511542
2001-03-02,3.530704
2001-03-03,3.5426
2001-03-04,3.57537
2001-03-05,3.624022
2001-03-06,3.655239
2001-03-07,3.681441
2001-03-08,3.708297
2001-03-09,3.732925
2001-03-10,3.748705
2001-03-11,3.761092
2001-03-12,3.767689
2001-03-13,3.776961
2001-03-14,3.783319
2001-03-15,3.789676
2001-03-16,3.794178
2001-03-17,3.800531
2001-03-18,3.805296
2001-03-19,3.813237
2001-03-20,3.824913
2001-03-21,3.834224
2001-03-22,3.848068
2001-03-23,3.865441
2001-03-24,3.874539
2001-03-25,3.886088
2001-03-26,3.902216
2001-03-27,3.91355
2001-03-28,3.924883
2001-03-29,3.93518
2001-03-30,3.945755
2001-03-31,3.955799
2001-04-01,3.961521
2001-04-02,3.967788
2001-04-03,3.97242
2001-04-04,3.977324
2001-04-05,3.979777
2001-04-06,3.987164
2001-04-07,3.990723
2001-04-08,3.99346
2001-04-09,3.995377
2001-04-10,3.99565
2001-04-11,3.996472
2001-04-12,3.997019
2001-04-13,4.000852
2001-04-14,4.000852
2001-04-15,4.001947
2001-04-16,4.004684
2001-04-17,4.006327
2001-04-18,4.01292
2001-04-19,4.016495
2001-04-20,4.021446
2001-04-21,4.022271
2001-04-22,4.020896
2001-04-23,4.025297
2001-04-24,4.021996
2001-04-25,4.020346
2001-04-26,4.021171
2001-04-27,4.020621
2001-04-28,4.019796
2001-04-29,4.020346
2001-04-30,4.020071
2001-05-01,4.018145
2001-05-02,4.01347
2001-05-03,4.011269
2001-05-04,4.010169
2001-05-05,4.006327
2001-05-06,4.001399
2001-05-07,3.997567
2001-05-08,3.994555
2001-05-09,3.992092
2001-05-10,3.990723
2001-05-11,3.984974
2001-05-12,3.97569
2001-05-13,3.96806
2001-05-14,3.962339
2001-05-15,3.953892
2001-05-16,3.945213
2001-05-17,3.938705
2001-05-18,3.93057
2001-05-19,3.919216
2001-05-20,3.905454
2001-05-21,3.896025
2001-05-22,3.889311
2001-05-23,3.8813
2001-05-24,3.872123
2001-05-25,3.864639
2001-05-26,3.850474
2001-05-27,3.833958
2001-05-28,3.819858
2001-05-29,3.808472
2001-05-30,3.794972
2001-05-31,3.782524
2001-06-01,3.772193
2001-06-02,3.758193
2001-06-03,3.738695
2001-06-04,3.727155
2001-06-05,3.716927
2001-06-06,3.702815
2001-06-07,3.686376
2001-06-08,3.67287
2001-06-09,3.652137
2001-06-10,3.630452
2001-06-11,3.614505
2001-06-12,3.597591
2001-06-13,3.578935
2001-06-14,3.561619
2001-06-15,3.546401
2001-06-16,3.526922
2001-06-17,3.506006
2001-06-18,3.487689
2001-06-19,3.471191
2001-06-20,3.454981
2001-06-21,3.437594
2001-06-22,3.418789
2001-06-23,3.397096
2001-06-24,3.376477
2001-06-25,3.359595
2001-06-26,3.344745
2001-06-27,3.333071
2001-06-28,3.320232
2001-06-29,3.304762
2001-06-30,3.283078
2001-07-01,3.261665
2001-07-02,3.245145
2001-07-03,3.231773
2001-07-04,3.216765
2001-07-05,3.202064
2001-07-06,3.183383
2001-07-07,3.161956
2001-07-08,3.140398
2001-07-09,3.12103
2001-07-10,3.10362
2001-07-11,3.086732
2001-07-12,3.06898
2001-07-13,3.051064
2001-07-14,3.030723
2001-07-15,3.008663
2001-07-16,2.990784
2001-07-17,2.972973
2001-07-18,2.954783
2001-07-19,2.937559
2001-07-20,2.920862
2001-07-21,2.899141
2001-07-22,2.875988
2001-07-23,2.858441
2001-07-24,2.844016
2001-07-25,2.824636
2001-07-26,2.808352
2001-07-27,2.789556
2001-07-28,2.767838
2001-07-29,2.745813
2001-07-30,2.730708
2001-07-31,2.716074
2001-08-01,2.70276
2001-08-02,2.688663
2001-08-03,2.676276
2001-08-04,2.662061
2001-08-05,2.643328
2001-08-06,2.631303
2001-08-07,2.618276
2001-08-08,2.605518
2001-08-09,2.593809
2001-08-10,2.581334
2001-08-11,2.569131
2001-08-12,2.553335
2001-08-13,2.541546
2001-08-14,2.531421
2001-08-15,2.522772
2001-08-16,2.512327
2001-08-17,2.503326
2001-08-18,2.490746
2001-08-19,2.478015
2001-08-20,2.470086
2001-08-21,2.463163
2001-08-22,2.457229
2001-08-23,2.451907
2001-08-24,2.445415
2001-08-25,2.434797
2001-08-26,2.422669
2001-08-27,2.414266
2001-08-28,2.407252
2001-08-29,2.402771
2001-08-30,2.395761
2001-08-31,2.389562
2001-09-01,2.381425
2001-09-02,2.372155
2001-09-03,2.362908
2001-09-04,2.354836
2001-09-05,2.348324
2001-09-06,2.340854
2001-09-07,2.33589
2001-09-08,2.329224
2001-09-09,2.317807
2001-09-10,2.312883
2001-09-11,2.309475
2001-09-12,2.305877
2001-09-13,2.30228
2001-09-14,2.298317
2001-09-15,2.291915
2001-09-16,2.286455
2001-09-17,2.279502
2001-09-18,2.273324
2001-09-19,2.265835
2001-09-20,2.25763
2001-09-21,2.249626
2001-09-22,2.241639
2001-09-23,2.234236
2001-09-24,2.228499
2001-09-25,2.223333
2001-09-26,2.217445
2001-09-27,2.212476
2001-09-28,2.20806
2001-09-29,2.203302
2001-09-30,2.199643
2001-10-01,2.195436
2001-10-02,2.193241
2001-10-03,2.190131
2001-10-04,2.18085
2001-10-05,2.179759
2001-10-06,2.177576
2001-10-07,2.176121
2001-10-08,2.175393
2001-10-09,2.175212
2001-10-10,2.174666
2001-10-11,2.173938
2001-10-12,2.174302
2001-10-13,2.175757
2001-10-14,2.175212
2001-10-15,2.176121
2001-10-16,2.176667
2001-10-17,2.17703
2001-10-18,2.177212
2001-10-19,2.176303
2001-10-20,2.175393
2001-10-21,2.173938
2001-10-22,2.173756
2001-10-23,2.173938
2001-10-24,2.172847
2001-10-25,2.172119
2001-10-26,2.171756
2001-10-27,2.171029
2001-10-28,2.16904
2001-10-29,2.167774
2001-10-30,2.168859
2001-10-31,2.167051
2001-11-01,2.163977
2001-11-02,2.160179
2001-11-03,2.156563
2001-11-04,2.154393
2001-11-05,2.152767
2001-11-06,2.151869
2001-11-07,2.150251
2001-11-08,2.147374
2001-11-09,2.14306
2001-11-10,2.138566
2001-11-11,2.138026
2001-11-12,2.148813
2001-11-13,2.156924
2001-11-14,2.160179
2001-11-15,2.161988
2001-11-16,2.165243
2001-11-17,2.167232
2001-11-18,2.168317
2001-11-19,2.16904
2001-11-20,2.170125
2001-11-21,2.18758
2001-11-22,2.210084
2001-11-23,2.219837
2001-11-24,2.232756
2001-11-25,2.241639
2001-11-26,2.247392
2001-11-27,2.251487
2001-11-28,2.260794
2001-11-29,2.272949
2001-11-30,2.284384
2001-12-01,2.329224
2001-12-02,2.384331
2001-12-03,2.421691
2001-12-04,2.43912
2001-12-05,2.464943
2001-12-06,2.490548
2001-12-07,2.507527
2001-12-08,2.522169
2001-12-09,2.532627
2001-12-10,2.543375
2001-12-11,2.552522
2001-12-12,2.559821
2001-12-13,2.570952
2001-12-14,2.583174
2001-12-15,2.591969
2001-12-16,2.6012
2001-12-17,2.611276
2001-12-18,2.625306
2001-12-19,2.651436
2001-12-20,2.684039
2001-12-21,2.711425
2001-12-22,2.748163
2001-12-23,2.785237
2001-12-24,2.810957
2001-12-25,2.831813
2001-12-26,2.849463
2001-12-27,2.868739
2001-12-28,2.892728
2001-12-29,2.918414
2001-12-30,2.949189
2001-12-31,2.986262
2002-01-01,3.023439
2002-01-02,3.130364
2002-01-03,3.185506
2002-01-04,3.213201
2002-01-05,3.240596
2002-01-06,3.267916
2002-01-07,3.293435
2002-01-08,3.318536
2002-01-09,3.336712
2002-01-10,3.351318
2002-01-11,3.365222
2002-01-12,3.380881
2002-01-13,3.387013
2002-01-14,3.398326
2002-01-15,3.410632
2002-01-16,3.422496
2002-01-17,3.431147
2002-01-18,3.439332
2002-01-19,3.447529
2002-01-20,3.454484
2002-01-21,3.462454
2002-01-22,3.470442
2002-01-23,3.475684
2002-01-24,3.480677
2002-01-25,3.48518
2002-01-26,3.492958
2002-01-27,3.500737
2002-01-28,3.504249
2002-01-29,3.50902
2002-01-30,3.513307
2002-01-31,3.516585
2002-02-01,3.522384
2002-02-02,3.527679
2002-02-03,3.531713
2002-02-04,3.534492
2002-02-05,3.538039
2002-02-06,3.540066
2002-02-07,3.551216
2002-02-08,3.565184
2002-02-09,3.577662
2002-02-10,3.585563
2002-02-11,3.594008
2002-02-12,3.599638
2002-02-13,3.606036
2002-02-14,3.612962
2002-02-15,3.620421
2002-02-16,3.629166
2002-02-17,3.63663
2002-02-18,3.644125
2002-02-19,3.664818
2002-02-20,3.697595
2002-02-21,3.723746
2002-02-22,3.749759
2002-02-23,3.773782
2002-02-24,3.795766
2002-02-25,3.808737
2002-02-26,3.82039
2002-02-27,3.831563
2002-02-28,3.839544
2002-03-01,3.84593
2002-03-02,3.853414
2002-03-03,3.861432
2002-03-04,3.865441
2002-03-05,3.86945
2002-03-06,3.878836
2002-03-07,3.891459
2002-03-08,3.902486
2002-03-09,3.910851
2002-03-10,3.923803
2002-03-11,3.935993
2002-03-12,3.946026
2002-03-13,3.955527
2002-03-14,3.966153
2002-03-15,3.975962
2002-03-16,3.985522
2002-03-17,3.996198
2002-03-18,4.002494
2002-03-19,4.0066
2002-03-20,4.010169
2002-03-21,4.013745
2002-03-22,4.022821
2002-03-23,4.041553
2002-03-24,4.055647
2002-03-25,4.066995
2002-03-26,4.078102
2002-03-27,4.087542
2002-03-28,4.099523
2002-03-29,4.111798
2002-03-30,4.12578
2002-03-31,4.136151
2002-04-01,4.141476
2002-04-02,4.148773
2002-04-03,4.156658
2002-04-04,4.168203
2002-04-05,4.180054
2002-04-06,4.191654
2002-04-07,4.203538
2002-04-08,4.211783
2002-04-09,4.222017
2002-04-10,4.231683
2002-04-11,4.241392
2002-04-12,4.253385
2002-04-13,4.263395
2002-04-14,4.27516
2002-04-15,4.280325
2002-04-16,4.287212
2002-04-17,4.292105
2002-04-18,4.296717
2002-04-19,4.299888
2002-04-20,4.302194
2002-04-21,4.307959
2002-04-22,4.308247
2002-04-23,4.308535
2002-04-24,4.308823
2002-04-25,4.307094
2002-04-26,4.306517
2002-04-27,4.303923
2002-04-28,4.301041
2002-04-29,4.29787
2002-04-30,4.296717
2002-05-01,4.297582
2002-05-02,4.293258
2002-05-03,4.29124
2002-05-04,4.286925
2002-05-05,4.283195
2002-05-06,4.279177
2002-05-07,4.274012
2002-05-08,4.267125
2002-05-09,4.264255
2002-05-10,4.261099
2002-05-11,4.259667
2002-05-12,4.257668
2002-05-13,4.250815
2002-05-14,4.241963
2002-05-15,4.235395
2002-05-16,4.226281
2002-05-17,4.2169
2002-05-18,4.209793
2002-05-19,4.209224
2002-05-20,4.204391
2002-05-21,4.202688
2002-05-22,4.196181
2002-05-23,4.189673
2002-05-24,4.180903
2002-05-25,4.172708
2002-05-26,4.159755
2002-05-27,4.149618
2002-05-28,4.143158
2002-05-29,4.13559
2002-05-30,4.129704
2002-05-31,4.121856
2002-06-01,4.113472
2002-06-02,4.102313
2002-06-03,4.093664
2002-06-04,4.084765
2002-06-05,4.07588
2002-06-06,4.065329
2002-06-07,4.053988
2002-06-08,4.039895
2002-06-09,4.026122
2002-06-10,4.01512
2002-06-11,4.004137
2002-06-12,3.991544
2002-06-13,3.978687
2002-06-14,3.961521
2002-06-15,3.944399
2002-06-16,3.926232
2002-06-17,3.910042
2002-06-18,3.893071
2002-06-19,3.875613
2002-06-20,3.859561
2002-06-21,3.841407
2002-06-22,3.822252
2002-06-23,3.804237
2002-06-24,3.787292
2002-06-25,3.769014
2002-06-26,3.751077
2002-06-27,3.732925
2002-06-28,3.713517
2002-06-29,3.697856
2002-06-30,3.678844
2002-07-01,3.661702
2002-07-02,3.645417
2002-07-03,3.629166
2002-07-04,3.609619
2002-07-05,3.591705
2002-07-06,3.572824
2002-07-07,3.55527
2002-07-08,3.539306
2002-07-09,3.52314
2002-07-10,3.507009
2002-07-11,3.486937
2002-07-12,3.467197
2002-07-13,3.448771
2002-07-14,3.428181
2002-07-15,3.409396
2002-07-16,3.389964
2002-07-17,3.37085
2002-07-18,3.351805
2002-07-19,3.332344
2002-07-20,3.312238
2002-07-21,3.290303
2002-07-22,3.271526
2002-07-23,3.251849
2002-07-24,3.233202
2002-07-25,3.214386
2002-07-26,3.195192
2002-07-27,3.174423
2002-07-28,3.154685
2002-07-29,3.136431
2002-07-30,3.118709
2002-07-31,3.102924
2002-08-01,3.087425
2002-08-02,3.071047
2002-08-03,3.053588
2002-08-04,3.03758
2002-08-05,3.021393
2002-08-06,3.004805
2002-08-07,2.990106
2002-08-08,2.975898
2002-08-09,2.963299
2002-08-10,2.950308
2002-08-11,2.936668
2002-08-12,2.922643
2002-08-13,2.909104
2002-08-14,2.894934
2002-08-15,2.882156
2002-08-16,2.870491
2002-08-17,2.859318
2002-08-18,2.846848
2002-08-19,2.834863
2002-08-20,2.82355
2002-08-21,2.813997
2002-08-22,2.805968
2002-08-23,2.801001
2002-08-24,2.796898
2002-08-25,2.792795
2002-08-26,2.788692
2002-08-27,2.781585
2002-08-28,2.775356
2002-08-29,2.769127
2002-08-30,2.764616
2002-08-31,2.758417
2002-09-01,2.754999
2002-09-02,2.751367
2002-09-03,2.747949
2002-09-04,2.745813
2002-09-05,2.739845
2002-09-06,2.731346
2002-09-07,2.723483
2002-09-08,2.716074
2002-09-09,2.710368
2002-09-10,2.703817
2002-09-11,2.69665
2002-09-12,2.689714
2002-09-13,2.683618
2002-09-14,2.674186
2002-09-15,2.665406
2002-09-16,2.66018
2002-09-17,2.653307
2002-09-18,2.647278
2002-09-19,2.642704
2002-09-20,2.638962
2002-09-21,2.627581
2002-09-22,2.617656
2002-09-23,2.610042
2002-09-24,2.601405
2002-09-25,2.594014
2002-09-26,2.587674
2002-09-27,2.581129
2002-09-28,2.572774
2002-09-29,2.566702
2002-09-30,2.558201
2002-10-01,2.554758
2002-10-02,2.554148
2002-10-03,2.554555
2002-10-04,2.556178
2002-10-05,2.552725
2002-10-06,2.54988
2002-10-07,2.546424
2002-10-08,2.542359
2002-10-09,2.536057
2002-10-10,2.532024
2002-10-11,2.528203
2002-10-12,2.52418
2002-10-13,2.521163
2002-10-14,2.518749
2002-10-15,2.517342
2002-10-16,2.514928
2002-10-17,2.511327
2002-10-18,2.508127
2002-10-19,2.504926
2002-10-20,2.500725
2002-10-21,2.491144
2002-10-22,2.482988
2002-10-23,2.477418
2002-10-24,2.470679
2002-10-25,2.460592
2002-10-26,2.448169
2002-10-27,2.440497
2002-10-28,2.435579
2002-10-29,2.42932
2002-10-30,2.421105
2002-10-31,2.414071
2002-11-01,2.405498
2002-11-02,2.398484
2002-11-03,2.390724
2002-11-04,2.386462
2002-11-05,2.382006
2002-11-06,2.382006
2002-11-07,2.391499
2002-11-08,2.393824
2002-11-09,2.392274
2002-11-10,2.389562
2002-11-11,2.385881
2002-11-12,2.382975
2002-11-13,2.380263
2002-11-14,2.378907
2002-11-15,2.3762
2002-11-16,2.373888
2002-11-17,2.371384
2002-11-18,2.36888
2002-11-19,2.366568
2002-11-20,2.36522
2002-11-21,2.362138
2002-11-22,2.358285
2002-11-23,2.355602
2002-11-24,2.354452
2002-11-25,2.351963
2002-11-26,2.348898
2002-11-27,2.346025
2002-11-28,2.341237
2002-11-29,2.337985
2002-11-30,2.334938
2002-12-01,2.332271
2002-12-02,2.329224
2002-12-03,2.325986
2002-12-04,2.323509
2002-12-05,2.320271
2002-12-06,2.318564
2002-12-07,2.316481
2002-12-08,2.314588
2002-12-09,2.312315
2002-12-10,2.310422
2002-12-11,2.30796
2002-12-12,2.307582
2002-12-13,2.322557
2002-12-14,2.387043
2002-12-15,2.444235
2002-12-16,2.539106
2002-12-17,2.573178
2002-12-18,2.596882
2002-12-19,2.616622
2002-12-20,2.661434
2002-12-21,2.701915
2002-12-22,2.724546
2002-12-23,2.739208
2002-12-24,2.750513
2002-12-25,2.758844
2002-12-26,2.766764
2002-12-27,2.827024
2002-12-28,2.986036
2002-12-29,3.071966
2002-12-30,3.140398
2002-12-31,3.223197
2003-01-01,3.257834
2003-01-02,3.274655
2003-01-03,3.28019
2003-01-04,3.285004
2003-01-05,3.288134
2003-01-06,3.290303
2003-01-07,3.296809
2003-01-08,3.299701
2003-01-09,3.30693
2003-01-10,3.321443
2003-01-11,3.345475
2003-01-12,3.391932
2003-01-13,3.452994
2003-01-14,3.508013
2003-01-15,3.543107
2003-01-16,3.563402
2003-01-17,3.572314
2003-01-18,3.576389
2003-01-19,3.57588
2003-01-20,3.572824
2003-01-21,3.571041
2003-01-22,3.576898
2003-01-23,3.579699
2003-01-24,3.577917
2003-01-25,3.570532
2003-01-26,3.563147
2003-01-27,3.556537
2003-01-28,3.546908
2003-01-29,3.541333
2003-01-30,3.540827
2003-01-31,3.536772
2003-02-01,3.536012
2003-02-02,3.54108
2003-02-03,3.549189
2003-02-04,3.553497
2003-02-05,3.557804
2003-02-06,3.566712
2003-02-07,3.575116
2003-02-08,3.585051
2003-02-09,3.594776
2003-02-10,3.599894
2003-02-11,3.591193
2003-02-12,3.58301
2003-02-13,3.57588
2003-02-14,3.569004
2003-02-15,3.566712
2003-02-16,3.573588
2003-02-17,3.583519
2003-02-18,3.589145
2003-02-19,3.583774
2003-02-20,3.581227
2003-02-21,3.577662
2003-02-22,3.57537
2003-02-23,3.575116
2003-02-24,3.575625
2003-02-25,3.575625
2003-02-26,3.577153
2003-02-27,3.579445
2003-02-28,3.584283
2003-03-01,3.587098
2003-03-02,3.590937
2003-03-03,3.59324
2003-03-04,3.596823
2003-03-05,3.600662
2003-03-06,3.604757
2003-03-07,3.608595
2003-03-08,3.611161
2003-03-09,3.614762
2003-03-10,3.621449
2003-03-11,3.627622
2003-03-12,3.636113
2003-03-13,3.649811
2003-03-14,3.67287
2003-03-15,3.746069
2003-03-16,3.790736
2003-03-17,3.824647
2003-03-18,3.851276
2003-03-19,3.876419
2003-03-20,3.899248
2003-03-21,3.918946
2003-03-22,3.939247
2003-03-23,3.960976
2003-03-24,3.978687
2003-03-25,3.997019
2003-03-26,4.018971
2003-03-27,4.039342
2003-03-28,4.054818
2003-03-29,4.071715
2003-03-30,4.088375
2003-03-31,4.103708
2003-04-01,4.118773
2003-04-02,4.135871
2003-04-03,4.151307
2003-04-04,4.171019
2003-04-05,4.184581
2003-04-06,4.200425
2003-04-07,4.215478
2003-04-08,4.228556
2003-04-09,4.23768
2003-04-10,4.247674
2003-04-11,4.261099
2003-04-12,4.281473
2003-04-13,4.313435
2003-04-14,4.339478
2003-04-15,4.363503
2003-04-16,4.38467
2003-04-17,4.402693
2003-04-18,4.41641
2003-04-19,4.4278
2003-04-20,4.439214
2003-04-21,4.453002
2003-04-22,4.463565
2003-04-23,4.465922
2003-04-24,4.470933
2003-04-25,4.480364
2003-04-26,4.483016
2003-04-27,4.5018
2003-04-28,4.520571
2003-04-29,4.5331
2003-04-30,4.536624
2003-05-01,4.525024
2003-05-02,4.507841
2003-05-03,4.487142
2003-05-04,4.46828
2003-05-05,4.453295
2003-05-06,4.446841
2003-05-07,4.441267
2003-05-08,4.442441
2003-05-09,4.449188
2003-05-10,4.458576
2003-05-11,4.472701
2003-05-12,4.487142
2003-05-13,4.491858
2003-05-14,4.494222
2003-05-15,4.497479
2003-05-16,4.50192
2003-05-17,4.500439
2003-05-18,4.498367
2003-05-19,4.494518
2003-05-20,4.488616
2003-05-21,4.480953
2003-05-22,4.477122
2003-05-23,4.474175
2003-05-24,4.472112
2003-05-25,4.469459
2003-05-26,4.466217
2003-05-27,4.462097
2003-05-28,4.455349
2003-05-29,4.448015
2003-05-30,4.442441
2003-05-31,4.435987
2003-06-01,4.432181
2003-06-02,4.427216
2003-06-03,4.421667
2003-06-04,4.414366
2003-06-05,4.407064
2003-06-06,4.399205
2003-06-07,4.388158
2003-06-08,4.380309
2003-06-09,4.371896
2003-06-10,4.356846
2003-06-11,4.346138
2003-06-12,4.332238
2003-06-13,4.319496
2003-06-14,4.30277
2003-06-15,4.28836
2003-06-16,4.273151
2003-06-17,4.258525
2003-06-18,4.241963
2003-06-19,4.227134
2003-06-20,4.21292
2003-06-21,4.197312
2003-06-22,4.183732
2003-06-23,4.174116
2003-06-24,4.165387
2003-06-25,4.152997
2003-06-26,4.143719
2003-06-27,4.132507
2003-06-28,4.118773
2003-06-29,4.102871
2003-06-30,4.088097
2003-07-01,4.074214
2003-07-02,4.060621
2003-07-03,4.048461
2003-07-04,4.033273
2003-07-05,4.01622
2003-07-06,4.00222
2003-07-07,3.988533
2003-07-08,3.974327
2003-07-09,3.959614
2003-07-10,3.943586
2003-07-11,3.927859
2003-07-12,3.908962
2003-07-13,3.891728
2003-07-14,3.876419
2003-07-15,3.858492
2003-07-16,3.839544
2003-07-17,3.821188
2003-07-18,3.803443
2003-07-19,3.783583
2003-07-20,3.764519
2003-07-21,3.749496
2003-07-22,3.728991
2003-07-23,3.708819
2003-07-24,3.69133
2003-07-25,3.672091
2003-07-26,3.653947
2003-07-27,3.630709
2003-07-28,3.610132
2003-07-29,3.588378
2003-07-30,3.567985
2003-07-31,3.547162
2003-08-01,3.529948
2003-08-02,3.517089
2003-08-03,3.500235
2003-08-04,3.482674
2003-08-05,3.4652
2003-08-06,3.446784
2003-08-07,3.430405
2003-08-08,3.418047
2003-08-09,3.405212
2003-08-10,3.392915
2003-08-11,3.383328
2003-08-12,3.37452
2003-08-13,3.363999
2003-08-14,3.353022
2003-08-15,3.344015
2003-08-16,3.334524
2003-08-17,3.326773
2003-08-18,3.320717
2003-08-19,3.315145
2003-08-20,3.308858
2003-08-21,3.305484
2003-08-22,3.303075
2003-08-23,3.300183
2003-08-24,3.298255
2003-08-25,3.294881
2003-08-26,3.28958
2003-08-27,3.284522
2003-08-28,3.279228
2003-08-29,3.273692
2003-08-30,3.266231
2003-08-31,3.258552
2003-09-01,3.252328
2003-09-02,3.249454
2003-09-03,3.243948
2003-09-04,3.240357
2003-09-05,3.238444
2003-09-06,3.234632
2003-09-07,3.230344
2003-09-08,3.228438
2003-09-09,3.225103
2003-09-10,3.222482
2003-09-11,3.218909
2003-09-12,3.21486
2003-09-13,3.209647
2003-09-14,3.203249
2003-09-15,3.197325
2003-09-16,3.195429
2003-09-17,3.191165
2003-09-18,3.188571
2003-09-19,3.186685
2003-09-20,3.183855
2003-09-21,3.179611
2003-09-22,3.177017
2003-09-23,3.174423
2003-09-24,3.171593
2003-09-25,3.170886
2003-09-26,3.168292
2003-09-27,3.165944
2003-09-28,3.162894
2003-09-29,3.160314
2003-09-30,3.159376
2003-10-01,3.157969
2003-10-02,3.156093
2003-10-03,3.153512
2003-10-04,3.152105
2003-10-05,3.150698
2003-10-06,3.150229
2003-10-07,3.149525
2003-10-08,3.149291
2003-10-09,3.148587
2003-10-10,3.148118
2003-10-11,3.148587
2003-10-12,3.149291
2003-10-13,3.149056
2003-10-14,3.149291
2003-10-15,3.145538
2003-10-16,3.142498
2003-10-17,3.140398
2003-10-18,3.133164
2003-10-19,3.132931
2003-10-20,3.132464
2003-10-21,3.132698
2003-10-22,3.132698
2003-10-23,3.129664
2003-10-24,3.127097
2003-10-25,3.12383
2003-10-26,3.121963
2003-10-27,3.116387
2003-10-28,3.110816
2003-10-29,3.10362
2003-10-30,3.097586
2003-10-31,3.090889
2003-11-01,3.084422
2003-11-02,3.081189
2003-11-03,3.075416
2003-11-04,3.071277
2003-11-05,3.066912
2003-11-06,3.063007
2003-11-07,3.063007
2003-11-08,3.071277
2003-11-09,3.078649
2003-11-10,3.081882
2003-11-11,3.084192
2003-11-12,3.085346
2003-11-13,3.085115
2003-11-14,3.088579
2003-11-15,3.096893
2003-11-16,3.098513
2003-11-17,3.09921
2003-11-18,3.098978
2003-11-19,3.101067
2003-11-20,3.099442
2003-11-21,3.098049
2003-11-22,3.096431
2003-11-23,3.094353
2003-11-24,3.093198
2003-11-25,3.092044
2003-11-26,3.091351
2003-11-27,3.091351
2003-11-28,3.089965
2003-11-29,3.090427
2003-11-30,3.090196
2003-12-01,3.094584
2003-12-02,3.098513
2003-12-03,3.100603
2003-12-04,3.102924
2003-12-05,3.111048
2003-12-06,3.158438
2003-12-07,3.179846
2003-12-08,3.189043
2003-12-09,3.198747
2003-12-10,3.209173
2003-12-11,3.219147
2003-12-12,3.230582
2003-12-13,3.25113
2003-12-14,3.299219
2003-12-15,3.31563
2003-12-16,3.320232
2003-12-17,3.32217
2003-12-18,3.31999
2003-12-19,3.321443
2003-12-20,3.321686
2003-12-21,3.320717
2003-12-22,3.313449
2003-12-23,3.305725
2003-12-24,3.346206
2003-12-25,3.355213
2003-12-26,3.351318
2003-12-27,3.342311
2003-12-28,3.337442
2003-12-29,3.344015
2003-12-30,3.343528
2003-12-31,3.345962
2004-01-01,3.389718
2004-01-02,3.409149
2004-01-03,3.413598
2004-01-04,3.415575
2004-01-05,3.409396
2004-01-06,3.400047
2004-01-07,3.393407
2004-01-08,3.391686
2004-01-09,3.402015
2004-01-10,3.415575
2004-01-11,3.427686
2004-01-12,3.436848
2004-01-13,3.447032
2004-01-14,3.457713
2004-01-15,3.470442
2004-01-16,3.487689
2004-01-17,3.502242
2004-01-18,3.51608
2004-01-19,3.526166
2004-01-20,3.536772
2004-01-21,3.542347
2004-01-22,3.546908
2004-01-23,3.553497
2004-01-24,3.560855
2004-01-25,3.567985
2004-01-26,3.576134
2004-01-27,3.585051
2004-01-28,3.590937
2004-01-29,3.59452
2004-01-30,3.602453
2004-01-31,3.606548
2004-02-01,3.610904
2004-02-02,3.62505
2004-02-03,3.639731
2004-02-04,3.651621
2004-02-05,3.661184
2004-02-06,3.669753
2004-02-07,3.678844
2004-02-08,3.686636
2004-02-09,3.693679
2004-02-10,3.699161
2004-02-11,3.704903
2004-02-12,3.710907
2004-02-13,3.717451
2004-02-14,3.725581
2004-02-15,3.73581
2004-02-16,3.802649
2004-02-17,4.018145
2004-02-18,4.119614
2004-02-19,4.119614
2004-02-20,4.098128
2004-02-21,4.063386
2004-02-22,4.022821
2004-02-23,3.971875
2004-02-24,3.917057
2004-02-25,3.951991
2004-02-26,3.991544
2004-02-27,3.968605
2004-02-28,3.921915
2004-02-29,3.868648
2004-03-01,3.818266
2004-03-02,3.760302
2004-03-03,3.698639
2004-03-04,3.654464
2004-03-05,3.623764
2004-03-06,3.595288
2004-03-07,3.576898
2004-03-08,3.563656
2004-03-09,3.560346
2004-03-10,3.562128
2004-03-11,3.566458
2004-03-12,3.575625
2004-03-13,3.589145
2004-03-14,3.603733
2004-03-15,3.620678
2004-03-16,3.636371
2004-03-17,3.652396
2004-03-18,3.667156
2004-03-19,3.683
2004-03-20,3.697595
2004-03-21,3.713256
2004-03-22,3.728204
2004-03-23,3.746333
2004-03-24,3.765573
2004-03-25,3.788881
2004-03-26,3.809266
2004-03-27,3.830499
2004-03-28,3.849939
2004-03-29,3.868915
2004-03-30,3.887162
2004-03-31,3.905184
2004-04-01,3.918946
2004-04-02,3.92813
2004-04-03,3.940061
2004-04-04,3.949009
2004-04-05,3.960704
2004-04-06,3.968333
2004-04-07,3.963973
2004-04-08,3.958524
2004-04-09,3.951449
2004-04-10,3.944128
2004-04-11,3.938163
2004-04-12,3.933011
2004-04-13,3.933282
2004-04-14,3.931655
2004-04-15,3.930299
2004-04-16,3.930842
2004-04-17,3.933824
2004-04-18,3.940603
2004-04-19,3.952805
2004-04-20,3.97133
2004-04-21,3.987985
2004-04-22,4.003042
2004-04-23,4.01787
2004-04-24,4.025572
2004-04-25,4.034098
2004-04-26,4.043211
2004-04-27,4.049014
2004-04-28,4.05233
2004-04-29,4.056476
2004-04-30,4.059792
2004-05-01,4.057857
2004-05-02,4.05841
2004-05-03,4.060897
2004-05-04,4.062555
2004-05-05,4.060897
2004-05-06,4.054265
2004-05-07,4.044
2004-05-08,4.0357
2004-05-09,4.029422
2004-05-10,4.023646
2004-05-11,4.01787
2004-05-12,4.011545
2004-05-13,4.005232
2004-05-14,4.000304
2004-05-15,3.993187
2004-05-16,3.987438
2004-05-17,3.982784
2004-05-18,3.979232
2004-05-19,3.974055
2004-05-20,3.970785
2004-05-21,3.966426
2004-05-22,3.958524
2004-05-23,3.951178
2004-05-24,3.945484
2004-05-25,3.937349
2004-05-26,3.92813
2004-05-27,3.917057
2004-05-28,3.905724
2004-05-29,3.893071
2004-05-30,3.878836
2004-05-31,3.863837
2004-06-01,3.856888
2004-06-02,3.852077
2004-06-03,3.835288
2004-06-04,3.824381
2004-06-05,3.805825
2004-06-06,3.789146
2004-06-07,3.772458
2004-06-08,3.756085
2004-06-09,3.740271
2004-06-10,3.723746
2004-06-11,3.707775
2004-06-12,3.689764
2004-06-13,3.673649
2004-06-14,3.657307
2004-06-15,3.639731
2004-06-16,3.620421
2004-06-17,3.601686
2004-06-18,3.584283
2004-06-19,3.56442
2004-06-20,3.545641
2004-06-21,3.527427
2004-06-22,3.509525
2004-06-23,3.490951
2004-06-24,3.474186
2004-06-25,3.454484
2004-06-26,3.435358
2004-06-27,3.415081
2004-06-28,3.398572
2004-06-29,3.380881
2004-06-30,3.360818
2004-07-01,3.343528
2004-07-02,3.326046
2004-07-03,3.305243
2004-07-04,3.289339
2004-07-05,3.272248
2004-07-06,3.256158
2004-07-07,3.237491
2004-07-08,3.219147
2004-07-09,3.201827
2004-07-10,3.18244
2004-07-11,3.164067
2004-07-12,3.146945
2004-07-13,3.127797
2004-07-14,3.109191
2004-07-15,3.089272
2004-07-16,3.071507
2004-07-17,3.054047
2004-07-18,3.035294
2004-07-19,3.016619
2004-07-20,2.998473
2004-07-21,2.977473
2004-07-22,2.955679
2004-07-23,2.933552
2004-07-24,2.911539
2004-07-25,2.891186
2004-07-26,2.870272
2004-07-27,2.851211
2004-07-28,2.833338
2004-07-29,2.818556
2004-07-30,2.802297
2004-07-31,2.785022
2004-08-01,2.768268
2004-08-02,2.752222
2004-08-03,2.737933
2004-08-04,2.722208
2004-08-05,2.704874
2004-08-06,2.688032
2004-08-07,2.67335
2004-08-08,2.659552
2004-08-09,2.643328
2004-08-10,2.630476
2004-08-11,2.618483
2004-08-12,2.606341
2004-08-13,2.594627
2004-08-14,2.586242
2004-08-15,2.577243
2004-08-16,2.56488
2004-08-17,2.552116
2004-08-18,2.540123
2004-08-19,2.529208
2004-08-20,2.517744
2004-08-21,2.507326
2004-08-22,2.498125
2004-08-23,2.48816
2004-08-24,2.480999
2004-08-25,2.473251
2004-08-26,2.461778
2004-08-27,2.450136
2004-08-28,2.439513
2004-08-29,2.428146
2004-08-30,2.418757
2004-08-31,2.410369
2004-09-01,2.404329
2004-09-02,2.396536
2004-09-03,2.388012
2004-09-04,2.379875
2004-09-05,2.371769
2004-09-06,2.365605
2004-09-07,2.359248
2004-09-08,2.349856
2004-09-09,2.341045
2004-09-10,2.330747
2004-09-11,2.322176
2004-09-12,2.312883
2004-09-13,2.304741
2004-09-14,2.294551
2004-09-15,2.285137
2004-09-16,2.275571
2004-09-17,2.263028
2004-09-18,2.250184
2004-09-19,2.241824
2004-09-20,2.233866
2004-09-21,2.226833
2004-09-22,2.219101
2004-09-23,2.212844
2004-09-24,2.207509
2004-09-25,2.20257
2004-09-26,2.196533
2004-09-27,2.192326
2004-09-28,2.189217
2004-09-29,2.185579
2004-09-30,2.182851
2004-10-01,2.178849
2004-10-02,2.176121
2004-10-03,2.175575
2004-10-04,2.175393
2004-10-05,2.173029
2004-10-06,2.172301
2004-10-07,2.172119
2004-10-08,2.17412
2004-10-09,2.171574
2004-10-10,2.170487
2004-10-11,2.167955
2004-10-12,2.165423
2004-10-13,2.164338
2004-10-14,2.160722
2004-10-15,2.157105
2004-10-16,2.152767
2004-10-17,2.15115
2004-10-18,2.15115
2004-10-19,2.163615
2004-10-20,2.168498
2004-10-21,2.165423
2004-10-22,2.161084
2004-10-23,2.162892
2004-10-24,2.160179
2004-10-25,2.158371
2004-10-26,2.161807
2004-10-27,2.162711
2004-10-28,2.162892
2004-10-29,2.161988
2004-10-30,2.161626
2004-10-31,2.158914
2004-11-01,2.156382
2004-11-02,2.159637
2004-11-03,2.154935
2004-11-04,2.152228
2004-11-05,2.149532
2004-11-06,2.148992
2004-11-07,2.146835
2004-11-08,2.141622
2004-11-09,2.136229
2004-11-10,2.134078
2004-11-11,2.134078
2004-11-12,2.133363
2004-11-13,2.13533
2004-11-14,2.135689
2004-11-15,2.136049
2004-11-16,2.135689
2004-11-17,2.134793
2004-11-18,2.133363
2004-11-19,2.132648
2004-11-20,2.130146
2004-11-21,2.128895
2004-11-22,2.127286
2004-11-23,2.126214
2004-11-24,2.125142
2004-11-25,2.124963
2004-11-26,2.124963
2004-11-27,2.125678
2004-11-28,2.12532
2004-11-29,2.124427
2004-11-30,2.124248
2004-12-01,2.124069
2004-12-02,2.123712
2004-12-03,2.121567
2004-12-04,2.122282
2004-12-05,2.12264
2004-12-06,2.128895
2004-12-07,2.142161
2004-12-08,2.192509
2004-12-09,2.218549
2004-12-10,2.233126
2004-12-11,2.243675
2004-12-12,2.252046
2004-12-13,2.257258
2004-12-14,2.26098
2004-12-15,2.26621
2004-12-16,2.270328
2004-12-17,2.274073
2004-12-18,2.278004
2004-12-19,2.280813
2004-12-20,2.285137
2004-12-21,2.287773
2004-12-22,2.289656
2004-12-23,2.291539
2004-12-24,2.291539
2004-12-25,2.292857
2004-12-26,2.299824
2004-12-27,2.318753
2004-12-28,2.339896
2004-12-29,2.360789
2004-12-30,2.391693
2004-12-31,2.417193
2005-01-01,2.437349
2005-01-02,2.459603
2005-01-03,2.474042
2005-01-04,2.482391
2005-01-05,2.488757
2005-01-06,2.492935
2005-01-07,2.500325
2005-01-08,2.508927
2005-01-09,2.517945
2005-01-10,2.529409
2005-01-11,2.541952
2005-01-12,2.550286
2005-01-13,2.558201
2005-01-14,2.566702
2005-01-15,2.574595
2005-01-16,2.582356
2005-01-17,2.589514
2005-01-18,2.596265
2005-01-19,2.604079
2005-01-20,2.613538
2005-01-21,2.621791
2005-01-22,2.629855
2005-01-23,2.636472
2005-01-24,2.644368
2005-01-25,2.654971
2005-01-26,2.68614
2005-01-27,2.710791
2005-01-28,2.755212
2005-01-29,2.789988
2005-01-30,2.815951
2005-01-31,2.832031
2005-02-01,2.848156
2005-02-02,2.863699
2005-02-03,2.876869
2005-02-04,2.892508
2005-02-05,2.906447
2005-02-06,2.916633
2005-02-07,2.925537
2005-02-08,2.931103
2005-02-09,2.936446
2005-02-10,2.940686
2005-02-11,2.947175
2005-02-12,2.950979
2005-02-13,2.962174
2005-02-14,2.973423
2005-02-15,2.983323
2005-02-16,2.991689
2005-02-17,2.99983
2005-02-18,3.011391
2005-02-19,3.021393
2005-02-20,3.04695
2005-02-21,3.06875
2005-02-22,3.084422
2005-02-23,3.100138
2005-02-24,3.108959
2005-02-25,3.11778
2005-02-26,3.12663
2005-02-27,3.143898
2005-02-28,3.168056
2005-03-01,3.191638
2005-03-02,3.216526
2005-03-03,3.237491
2005-03-04,3.255679
2005-03-05,3.274655
2005-03-06,3.289098
2005-03-07,3.30428
2005-03-08,3.319021
2005-03-09,3.333071
2005-03-10,3.345232
2005-03-11,3.356187
2005-03-12,3.364733
2005-03-13,3.375254
2005-03-14,3.387259
2005-03-15,3.393899
2005-03-16,3.402507
2005-03-17,3.410632
2005-03-18,3.419777
2005-03-19,3.43809
2005-03-20,3.458959
2005-03-21,3.486184
2005-03-22,3.544121
2005-03-23,3.593496
2005-03-24,3.630709
2005-03-25,3.660925
2005-03-26,3.686896
2005-03-27,3.720598
2005-03-28,3.753713
2005-03-29,3.781994
2005-03-30,3.806354
2005-03-31,3.827041
2005-04-01,3.844599
2005-04-02,3.861966
2005-04-03,3.88179
2005-04-04,3.902216
2005-04-05,3.918676
2005-04-06,3.933011
2005-04-07,3.950364
2005-04-08,3.97351
2005-04-09,3.992639
2005-04-10,4.011269
2005-04-11,4.026397
2005-04-12,4.042105
2005-04-13,4.056476
2005-04-14,4.07005
2005-04-15,4.082822
2005-04-16,4.093664
2005-04-17,4.103429
2005-04-18,4.114588
2005-04-19,4.123818
2005-04-20,4.132507
2005-04-21,4.140636
2005-04-22,4.150181
2005-04-23,4.160037
2005-04-24,4.168203
2005-04-25,4.174961
2005-04-26,4.179488
2005-04-27,4.184581
2005-04-28,4.191371
2005-04-29,4.198727
2005-04-30,4.207234
2005-05-01,4.214341
2005-05-02,4.222017
2005-05-03,4.227987
2005-05-04,4.234539
2005-05-05,4.2511
2005-05-06,4.264542
2005-05-07,4.278603
2005-05-08,4.318628
2005-05-09,4.389902
2005-05-10,4.431597
2005-05-11,4.447721
2005-05-12,4.450655
2005-05-13,4.445668
2005-05-14,4.443321
2005-05-15,4.440387
2005-05-16,4.467691
2005-05-17,4.424587
2005-05-18,4.426924
2005-05-19,4.448308
2005-05-20,4.464744
2005-05-21,4.471817
2005-05-22,4.47329
2005-05-23,4.470049
2005-05-24,4.482132
2005-05-25,4.483606
2005-05-26,4.484785
2005-05-27,4.482427
2005-05-28,4.481248
2005-05-29,4.475648
2005-05-30,4.47329
2005-05-31,4.467986
2005-06-01,4.464449
2005-06-02,4.457696
2005-06-03,4.453295
2005-06-04,4.445961
2005-06-05,4.441561
2005-06-06,4.433933
2005-06-07,4.425756
2005-06-08,4.420499
2005-06-09,4.412613
2005-06-10,4.402693
2005-06-11,4.392809
2005-06-12,4.382635
2005-06-13,4.36987
2005-06-14,4.359162
2005-06-15,4.347296
2005-06-16,4.341215
2005-06-17,4.338609
2005-06-18,4.343242
2005-06-19,4.341794
2005-06-20,4.338609
2005-06-21,4.332528
2005-06-22,4.321813
2005-06-23,4.311418
2005-06-24,4.295852
2005-06-25,4.280612
2005-06-26,4.267125
2005-06-27,4.252243
2005-06-28,4.239393
2005-06-29,4.228272
2005-06-30,4.217184
2005-07-01,4.204107
2005-07-02,4.187693
2005-07-03,4.172708
2005-07-04,4.155813
2005-07-05,4.138954
2005-07-06,4.121576
2005-07-07,4.104824
2005-07-08,4.0831
2005-07-09,4.064774
2005-07-10,4.045145
2005-07-11,4.027222
2005-07-12,4.006327
2005-07-13,3.987164
2005-07-14,3.966426
2005-07-15,3.948466
2005-07-16,3.925422
2005-07-17,3.903835
2005-07-18,3.882865
2005-07-19,3.862768
2005-07-20,3.843269
2005-07-21,3.82172
2005-07-22,3.80159
2005-07-23,3.782259
2005-07-24,3.763728
2005-07-25,3.742643
2005-07-26,3.724795
2005-07-27,3.706469
2005-07-28,3.689242
2005-07-29,3.67313
2005-07-30,3.656531
2005-07-31,3.639214
2005-08-01,3.623507
2005-08-02,3.60706
2005-08-03,3.590169
2005-08-04,3.573588
2005-08-05,3.556537
2005-08-06,3.541333
2005-08-07,3.525662
2005-08-08,3.510533
2005-08-09,3.496722
2005-08-10,3.484929
2005-08-11,3.474436
2005-08-12,3.46495
2005-08-13,3.4537
2005-08-14,3.441568
2005-08-15,3.4311
2005-08-16,3.42126
2005-08-17,3.4094
2005-08-18,3.3986
2005-08-19,3.3865
2005-08-20,3.3772
2005-08-21,3.3679
2005-08-22,3.3594
2005-08-23,3.3494
2005-08-24,3.3401
2005-08-25,3.3302
2005-08-26,3.3214
2005-08-27,3.3105
2005-08-28,3.3007
2005-08-29,3.292954
2005-08-30,3.282356
2005-08-31,3.271767
2005-09-01,3.263584
2005-09-02,3.254243
2005-09-03,3.244906
2005-09-04,3.236061
2005-09-05,3.227961
2005-09-06,3.220338
2005-09-07,3.213201
2005-09-08,3.205619
2005-09-09,3.199221
2005-09-10,3.190694
2005-09-11,3.182676
2005-09-12,3.176309
2005-09-13,3.169942
2005-09-14,3.162894
2005-09-15,3.155154
2005-09-16,3.148352
2005-09-17,3.142498
2005-09-18,3.135031
2005-09-19,3.129197
2005-09-20,3.12313
2005-09-21,3.11662
2005-09-22,3.108495
2005-09-23,3.098513
2005-09-24,3.087656
2005-09-25,3.077956
2005-09-26,3.068291
2005-09-27,3.061399
2005-09-28,3.052669
2005-09-29,3.043751
2005-09-30,3.034837
2005-10-01,3.026849
2005-10-02,3.020256
2005-10-03,3.012755
2005-10-04,3.003674
2005-10-05,2.995533
2005-10-06,2.989202
2005-10-07,2.983098
2005-10-08,2.975673
2005-10-09,2.967124
2005-10-10,2.958588
2005-10-11,2.949637
2005-10-12,2.941805
2005-10-13,2.934887
2005-10-14,2.927986
2005-10-15,2.920862
2005-10-16,2.913089
2005-10-17,2.907554
2005-10-18,2.902905
2005-10-19,2.897812
2005-10-20,2.893829
2005-10-21,2.889204
2005-10-22,2.885239
2005-10-23,2.881275
2005-10-24,2.876429
2005-10-25,2.872464
2005-10-26,2.870053
2005-10-27,2.865671
2005-10-28,2.865671
2005-10-29,2.862166
2005-10-30,2.858441
2005-10-31,2.855374
2005-11-01,2.85406
2005-11-02,2.85165
2005-11-03,2.853183
2005-11-04,2.852088
2005-11-05,2.850335
2005-11-06,2.852745
2005-11-07,2.871149
2005-11-08,2.878852
2005-11-09,2.883477
2005-11-10,2.88612
2005-11-11,2.888323
2005-11-12,2.890085
2005-11-13,2.890085
2005-11-14,2.888764
2005-11-15,2.888543
2005-11-16,2.887442
2005-11-17,2.889645
2005-11-18,2.888984
2005-11-19,2.888103
2005-11-20,2.888764
2005-11-21,2.888764
2005-11-22,2.888543
2005-11-23,2.888323
2005-11-24,2.887662
2005-11-25,2.888103
2005-11-26,2.886341
2005-11-27,2.88546
2005-11-28,2.889204
2005-11-29,2.892288
2005-11-30,2.896041
2005-12-01,2.92153
2005-12-02,2.936223
2005-12-03,2.943371
2005-12-04,2.946951
2005-12-05,2.949413
2005-12-06,2.950084
2005-12-07,2.95277
2005-12-08,2.953888
2005-12-09,2.954336
2005-12-10,2.95456
2005-12-11,2.954336
2005-12-12,2.953888
2005-12-13,2.953217
2005-12-14,2.951427
2005-12-15,2.951203
2005-12-16,2.950532
2005-12-17,2.952098
2005-12-18,2.961499
2005-12-19,2.997795
2005-12-20,3.032323
2005-12-21,3.073574
2005-12-22,3.144132
2005-12-23,3.203249
2005-12-24,3.242272
2005-12-25,3.284282
2005-12-26,3.337929
2005-12-27,3.396113
2005-12-28,3.52188
2005-12-29,3.539306
2005-12-30,3.620163
2005-12-31,3.754767
2006-01-01,3.814825
2006-01-02,3.867045
2006-01-03,3.883402
2006-01-04,3.883939
2006-01-05,3.861432
2006-01-06,3.823316
2006-01-07,3.77855
2006-01-08,3.721647
2006-01-09,3.665078
2006-01-10,3.606804
2006-01-11,3.55299
2006-01-12,3.4907
2006-01-13,3.441319
2006-01-14,3.422743
2006-01-15,3.407425
2006-01-16,3.395129
2006-01-17,3.390948
2006-01-18,3.399556
2006-01-19,3.406933
2006-01-20,3.420024
2006-01-21,3.429911
2006-01-22,3.442561
2006-01-23,3.454733
2006-01-24,3.466448
2006-01-25,3.47843
2006-01-26,3.492457
2006-01-27,3.502995
2006-01-28,3.523392
2006-01-29,3.544628
2006-01-30,3.566967
2006-01-31,3.586074
2006-02-01,3.607316
2006-02-02,3.625822
2006-02-03,3.617591
2006-02-04,3.606292
2006-02-05,3.589657
2006-02-06,3.568495
2006-02-07,3.554257
2006-02-08,3.543107
2006-02-09,3.543107
2006-02-10,3.5426
2006-02-11,3.546908
2006-02-12,3.554257
2006-02-13,3.562892
2006-02-14,3.571041
2006-02-15,3.584795
2006-02-16,3.598103
2006-02-17,3.61399
2006-02-18,3.62788
2006-02-19,3.642316
2006-02-20,3.654981
2006-02-21,3.667416
2006-02-22,3.677286
2006-02-23,3.688459
2006-02-24,3.699422
2006-02-25,3.713256
2006-02-26,3.728991
2006-02-27,3.777756
2006-02-28,3.834224
2006-03-01,3.871855
2006-03-02,3.902486
2006-03-03,3.914899
2006-03-04,3.915438
2006-03-05,3.934909
2006-03-06,3.947924
2006-03-07,3.946568
2006-03-08,3.934367
2006-03-09,3.918946
2006-03-10,3.900867
2006-03-11,3.877224
2006-03-12,3.853147
2006-03-13,3.829169
2006-03-14,3.816678
2006-03-15,3.809796
2006-03-16,3.816942
2006-03-17,3.827041
2006-03-18,3.826509
2006-03-19,3.821454
2006-03-20,3.811913
2006-03-21,3.799472
2006-03-22,3.785703
2006-03-23,3.768749
2006-03-24,3.765309
2006-03-25,3.781729
2006-03-26,3.788617
2006-03-27,3.795237
2006-03-28,3.807678
2006-03-29,3.82172
2006-03-30,3.8337
2006-03-31,3.853948
2006-04-01,3.879105
2006-04-02,3.903296
2006-04-03,3.938705
2006-04-04,3.941416
2006-04-05,3.927588
2006-04-06,3.91193
2006-04-07,3.891459
2006-04-08,3.87615
2006-04-09,3.861966
2006-04-10,3.844067
2006-04-11,3.85769
2006-04-12,3.936807
2006-04-13,3.946839
2006-04-14,3.942501
2006-04-15,3.94223
2006-04-16,3.956072
2006-04-17,3.964518
2006-04-18,3.963701
2006-04-19,3.965336
2006-04-20,3.961249
2006-04-21,3.968605
2006-04-22,3.972965
2006-04-23,3.980868
2006-04-24,3.98689
2006-04-25,3.992092
2006-04-26,3.992913
2006-04-27,3.994008
2006-04-28,4.007695
2006-04-29,4.030522
2006-04-30,4.057305
2006-05-01,4.082544
2006-05-02,4.110403
2006-05-03,4.140916
2006-05-04,4.172427
2006-05-05,4.202688
2006-05-06,4.233111
2006-05-07,4.250529
2006-05-08,4.264255
2006-05-09,4.273438
2006-05-10,4.28176
2006-05-11,4.292393
2006-05-12,4.304788
2006-05-13,4.317183
2006-05-14,4.331369
2006-05-15,4.345559
2006-05-16,4.359451
2006-05-17,4.373053
2006-05-18,4.383798
2006-05-19,4.394844
2006-05-20,4.409401
2006-05-21,4.419915
2006-05-22,4.432765
2006-05-23,4.441854
2006-05-24,4.452709
2006-05-25,4.458869
2006-05-26,4.462683
2006-05-27,4.467396
2006-05-28,4.470343
2006-05-29,4.472996
2006-05-30,4.471817
2006-05-31,4.467101
2006-06-01,4.46239
2006-06-02,4.46239
2006-06-03,4.46151
2006-06-04,4.46151
2006-06-05,4.459163
2006-06-06,4.457989
2006-06-07,4.456229
2006-06-08,4.451242
2006-06-09,4.447428
2006-06-10,4.443027
2006-06-11,4.438627
2006-06-12,4.433933
2006-06-13,4.428676
2006-06-14,4.422251
2006-06-15,4.413197
2006-06-16,4.411445
2006-06-17,4.402402
2006-06-18,4.393972
2006-06-19,4.38467
2006-06-20,4.37479
2006-06-21,4.363213
2006-06-22,4.349322
2006-06-23,4.336582
2006-06-24,4.32413
2006-06-25,4.30767
2006-06-26,4.293546
2006-06-27,4.280899
2006-06-28,4.270569
2006-06-29,4.259952
2006-06-30,4.249102
2006-07-01,4.236823
2006-07-02,4.22486
2006-07-03,4.211783
2006-07-04,4.200425
2006-07-05,4.186844
2006-07-06,4.174398
2006-07-07,4.161445
2006-07-08,4.14821
2006-07-09,4.13475
2006-07-10,4.122136
2006-07-11,4.107334
2006-07-12,4.093943
2006-07-13,4.080601
2006-07-14,4.064774
2006-07-15,4.048461
2006-07-16,4.033823
2006-07-17,4.018421
2006-07-18,4.000304
2006-07-19,3.9847
2006-07-20,3.96915
2006-07-21,3.95172
2006-07-22,3.934095
2006-07-23,3.918137
2006-07-24,3.902756
2006-07-25,3.888236
2006-07-26,3.870786
2006-07-27,3.853948
2006-07-28,3.83715
2006-07-29,3.82039
2006-07-30,3.800531
2006-07-31,3.784113
2006-08-01,3.767954
2006-08-02,3.752658
2006-08-03,3.737908
2006-08-04,3.724008
2006-08-05,3.708036
2006-08-06,3.691852
2006-08-07,3.677026
2006-08-08,3.662221
2006-08-09,3.646451
2006-08-10,3.630966
2006-08-11,3.616305
2006-08-12,3.601686
2006-08-13,3.58761
2006-08-14,3.574097
2006-08-15,3.56111
2006-08-16,3.548429
2006-08-17,3.535505
2006-08-18,3.521375
2006-08-19,3.508264
2006-08-20,3.495468
2006-08-21,3.481925
2006-08-22,3.468694
2006-08-23,3.456471
2006-08-24,3.444549
2006-08-25,3.435358
2006-08-26,3.421507
2006-08-27,3.411374
2006-08-28,3.402753
2006-08-29,3.395375
2006-08-30,3.387997
2006-08-31,3.377701
2006-09-01,3.368648
2006-09-02,3.360084
2006-09-03,3.348397
2006-09-04,3.338903
2006-09-05,3.329195
2006-09-06,3.320959
2006-09-07,3.314661
2006-09-08,3.308135
2006-09-09,3.29946
2006-09-10,3.292954
2006-09-11,3.286688
2006-09-12,3.28019
2006-09-13,3.273451
2006-09-14,3.267435
2006-09-15,3.261904
2006-09-16,3.255201
2006-09-17,3.249694
2006-09-18,3.246103
2006-09-19,3.238444
2006-09-20,3.23487
2006-09-21,3.230582
2006-09-22,3.227723
2006-09-23,3.222244
2006-09-24,3.219623
2006-09-25,3.216288
2006-09-26,3.212964
2006-09-27,3.210121
2006-09-28,3.207988
2006-09-29,3.20704
2006-09-30,3.205145
2006-10-01,3.203249
2006-10-02,3.196851
2006-10-03,3.191638
2006-10-04,3.188571
2006-10-05,3.183855
2006-10-06,3.179846
2006-10-07,3.175366
2006-10-08,3.170886
2006-10-09,3.167116
2006-10-10,3.163129
2006-10-11,3.160314
2006-10-12,3.158907
2006-10-13,3.158203
2006-10-14,3.155858
2006-10-15,3.15492
2006-10-16,3.153512
2006-10-17,3.149994
2006-10-18,3.146711
2006-10-19,3.144834
2006-10-20,3.142965
2006-10-21,3.139231
2006-10-22,3.135031
2006-10-23,3.132698
2006-10-24,3.128497
2006-10-25,3.124997
2006-10-26,3.122197
2006-10-27,3.120101
2006-10-28,3.119637
2006-10-29,3.121963
2006-10-30,3.12243
2006-10-31,3.119405
2006-11-01,3.117548
2006-11-02,3.117316
2006-11-03,3.119173
2006-11-04,3.117548
2006-11-05,3.118941
2006-11-06,3.118941
2006-11-07,3.118244
2006-11-08,3.118477
2006-11-09,3.117548
2006-11-10,3.116387
2006-11-11,3.116387
2006-11-12,3.114762
2006-11-13,3.120566
2006-11-14,3.12383
2006-11-15,3.126864
2006-11-16,3.128964
2006-11-17,3.129664
2006-11-18,3.129664
2006-11-19,3.128731
2006-11-20,3.129664
2006-11-21,3.129664
2006-11-22,3.131997
2006-11-23,3.132464
2006-11-24,3.131764
2006-11-25,3.130597
2006-11-26,3.134564
2006-11-27,3.134331
2006-11-28,3.132231
2006-11-29,3.128964
2006-11-30,3.127097
2006-12-01,3.124764
2006-12-02,3.124297
2006-12-03,3.122663
2006-12-04,3.121497
2006-12-05,3.119869
2006-12-06,3.11778
2006-12-07,3.116387
2006-12-08,3.116155
2006-12-09,3.120101
2006-12-10,3.124764
2006-12-11,3.133164
2006-12-12,3.148587
2006-12-13,3.170178
2006-12-14,3.195429
2006-12-15,3.218432
2006-12-16,3.230344
2006-12-17,3.237729
2006-12-18,3.242032
2006-12-19,3.245863
2006-12-20,3.246821
2006-12-21,3.25113
2006-12-22,3.253764
2006-12-23,3.256637
2006-12-24,3.259989
2006-12-25,3.262383
2006-12-26,3.280672
2006-12-27,3.30187
2006-12-28,3.311754
2006-12-29,3.320959
2006-12-30,3.328711
2006-12-31,3.334767
2007-01-01,3.337442
2007-01-02,3.338659
2007-01-03,3.343528
2007-01-04,3.348884
2007-01-05,3.351318
2007-01-06,3.354239
2007-01-07,3.356917
2007-01-08,3.360084
2007-01-09,3.362531
2007-01-10,3.363999
2007-01-11,3.366446
2007-01-12,3.36718
2007-01-13,3.368403
2007-01-14,3.370605
2007-01-15,3.372318
2007-01-16,3.375499
2007-01-17,3.376233
2007-01-18,3.376967
2007-01-19,3.377456
2007-01-20,3.377456
2007-01-21,3.377701
2007-01-22,3.378435
2007-01-23,3.378679
2007-01-24,3.378924
2007-01-25,3.378435
2007-01-26,3.376722
2007-01-27,3.375499
2007-01-28,3.375499
2007-01-29,3.375009
2007-01-30,3.375009
2007-01-31,3.374275
2007-02-01,3.374031
2007-02-02,3.373541
2007-02-03,3.373297
2007-02-04,3.372807
2007-02-05,3.371829
2007-02-06,3.371584
2007-02-07,3.374765
2007-02-08,3.380881
2007-02-09,3.392915
2007-02-10,3.428181
2007-02-11,3.476183
2007-02-12,3.499733
2007-02-13,3.513559
2007-02-14,3.523645
2007-02-15,3.533478
2007-02-16,3.543107
2007-02-17,3.551469
2007-02-18,3.559837
2007-02-19,3.564675
2007-02-20,3.570532
2007-02-21,3.58889
2007-02-22,3.634567
2007-02-23,3.661184
2007-02-24,3.68222
2007-02-25,3.711951
2007-02-26,3.737121
2007-02-27,3.757403
2007-02-28,3.772193
2007-03-01,3.785703
2007-03-02,3.798943
2007-03-03,3.81006
2007-03-04,3.821188
2007-03-05,3.828637
2007-03-06,3.836884
2007-03-07,3.848603
2007-03-08,3.859294
2007-03-09,3.868648
2007-03-10,3.879373
2007-03-11,3.889579
2007-03-12,3.898979
2007-03-13,3.91193
2007-03-14,3.922184
2007-03-15,3.931113
2007-03-16,3.939518
2007-03-17,3.946839
2007-03-18,3.955527
2007-03-19,3.962339
2007-03-20,3.968878
2007-03-21,3.975145
2007-03-22,3.982784
2007-03-23,3.990723
2007-03-24,3.999483
2007-03-25,4.003589
2007-03-26,4.007422
2007-03-27,4.010719
2007-03-28,4.009619
2007-03-29,4.010719
2007-03-30,4.011269
2007-03-31,4.010994
2007-04-01,4.010169
2007-04-02,4.009344
2007-04-03,4.008519
2007-04-04,4.007422
2007-04-05,4.003863
2007-04-06,3.999483
2007-04-07,3.994829
2007-04-08,3.98908
2007-04-09,3.987712
2007-04-10,3.983332
2007-04-11,3.978687
2007-04-12,3.97351
2007-04-13,3.96915
2007-04-14,3.964791
2007-04-15,3.959614
2007-04-16,3.953347
2007-04-17,3.948466
2007-04-18,3.941416
2007-04-19,3.935993
2007-04-20,3.931113
2007-04-21,3.930299
2007-04-22,3.929486
2007-04-23,3.925962
2007-04-24,3.923264
2007-04-25,3.920565
2007-04-26,3.916788
2007-04-27,3.91247
2007-04-28,3.908153
2007-04-29,3.906264
2007-04-30,3.901137
2007-05-01,3.896562
2007-05-02,3.890922
2007-05-03,3.879373
2007-05-04,3.871321
2007-05-05,3.865174
2007-05-06,3.857156
2007-05-07,3.849672
2007-05-08,3.841407
2007-05-09,3.833692
2007-05-10,3.826243
2007-05-11,3.817737
2007-05-12,3.807943
2007-05-13,3.796561
2007-05-14,3.785703
2007-05-15,3.771663
2007-05-16,3.760302
2007-05-17,3.750286
2007-05-18,3.741325
2007-05-19,3.732138
2007-05-20,3.722172
2007-05-21,3.711951
2007-05-22,3.702032
2007-05-23,3.691852
2007-05-24,3.681441
2007-05-25,3.672091
2007-05-26,3.661442
2007-05-27,3.649036
2007-05-28,3.637147
2007-05-29,3.627365
2007-05-30,3.61399
2007-05-31,3.601174
2007-06-01,3.588634
2007-06-02,3.576134
2007-06-03,3.563656
2007-06-04,3.550202
2007-06-05,3.535505
2007-06-06,3.521627
2007-06-07,3.507762
2007-06-08,3.494966
2007-06-09,3.480926
2007-06-10,3.467696
2007-06-11,3.453242
2007-06-12,3.440078
2007-06-13,3.428675
2007-06-14,3.416317
2007-06-15,3.401523
2007-06-16,3.383573
2007-06-17,3.365222
2007-06-18,3.349857
2007-06-19,3.336712
2007-06-20,3.323381
2007-06-21,3.307171
2007-06-22,3.290303
2007-06-23,3.271526
2007-06-24,3.253525
2007-06-25,3.23487
2007-06-26,3.217003
2007-06-27,3.199221
2007-06-28,3.18079
2007-06-29,3.161487
2007-06-30,3.140631
2007-07-01,3.12103
2007-07-02,3.101531
2007-07-03,3.081189
2007-07-04,3.061169
2007-07-05,3.041694
2007-07-06,3.022302
2007-07-07,3.00277
2007-07-08,2.983098
2007-07-09,2.964199
2007-07-10,2.944042
2007-07-11,2.925315
2007-07-12,2.906447
2007-07-13,2.88546
2007-07-14,2.866109
2007-07-15,2.846848
2007-07-16,2.826156
2007-07-17,2.806184
2007-07-18,2.792147
2007-07-19,2.773638
2007-07-20,2.756708
2007-07-21,2.736233
2007-07-22,2.717342
2007-07-23,2.698752
2007-07-24,2.679835
2007-07-25,2.660598
2007-07-26,2.641457
2007-07-27,2.623239
2007-07-28,2.60778
2007-07-29,2.591151
2007-07-30,2.575607
2007-07-31,2.559821
2007-08-01,2.543985
2007-08-02,2.526996
2007-08-03,2.509927
2007-08-04,2.493134
2007-08-05,2.474438
2007-08-06,2.45624
2007-08-07,2.43912
2007-08-08,2.423256
2007-08-09,2.405693
2007-08-10,2.388593
2007-08-11,2.372925
2007-08-12,2.356559
2007-08-13,2.34162
2007-08-14,2.323319
2007-08-15,2.311369
2007-08-16,2.296058
2007-08-17,2.282313
2007-08-18,2.270516
2007-08-19,2.257444
2007-08-20,2.246089
2007-08-21,2.235717
2007-08-22,2.225357
2007-08-23,2.215604
2007-08-24,2.204765
2007-08-25,2.192875
2007-08-26,2.183033
2007-08-27,2.174484
2007-08-28,2.1647
2007-08-29,2.15385
2007-08-30,2.14324
2007-08-31,2.133899
2007-09-01,2.123891
2007-09-02,2.112836
2007-09-03,2.101287
2007-09-04,2.090854
2007-09-05,2.080265
2007-09-06,2.069026
2007-09-07,2.059223
2007-09-08,2.049273
2007-09-09,2.03985
2007-09-10,2.030428
2007-09-11,2.02175
2007-09-12,2.013078
2007-09-13,2.004106
2007-09-14,1.99652
2007-09-15,1.988969
2007-09-16,1.981086
2007-09-17,1.977148
2007-09-18,1.970335
2007-09-19,1.961479
2007-09-20,1.95487
2007-09-21,1.947082
2007-09-22,1.940162
2007-09-23,1.933262
2007-09-24,1.9175
2007-09-25,1.910308
2007-09-26,1.90399
2007-09-27,1.897506
2007-09-28,1.892525
2007-09-29,1.886247
2007-09-30,1.879144
2007-10-01,1.87404
2007-10-02,1.867798
2007-10-03,1.860735
2007-10-04,1.855021
2007-10-05,1.849797
2007-10-06,1.846858
2007-10-07,1.843111
2007-10-08,1.838245
2007-10-09,1.831433
2007-10-10,1.832568
2007-10-11,1.8322
2007-10-12,1.831757
2007-10-13,1.827705
2007-10-14,1.822868
2007-10-15,1.819966
2007-10-16,1.817386
2007-10-17,1.817064
2007-10-18,1.815613
2007-10-19,1.821256
2007-10-20,1.82045
2007-10-21,1.819644
2007-10-22,1.816419
2007-10-23,1.814485
2007-10-24,1.812066
2007-10-25,1.809341
2007-10-26,1.805336
2007-10-27,1.803093
2007-10-28,1.801811
2007-10-29,1.803734
2007-10-30,1.80133
2007-10-31,1.80069
2007-11-01,1.797966
2007-11-02,1.795087
2007-11-03,1.791425
2007-11-04,1.787603
2007-11-05,1.784896
2007-11-06,1.78203
2007-11-07,1.779644
2007-11-08,1.779169
2007-11-09,1.778378
2007-11-10,1.777587
2007-11-11,1.774422
2007-11-12,1.770941
2007-11-13,1.767143
2007-11-14,1.763193
2007-11-15,1.759891
2007-11-16,1.757375
2007-11-17,1.756274
2007-11-18,1.75423
2007-11-19,1.752185
2007-11-20,1.750927
2007-11-21,1.747942
2007-11-22,1.747317
2007-11-23,1.744661
2007-11-24,1.742317
2007-11-25,1.739192
2007-11-26,1.736223
2007-11-27,1.734191
2007-11-28,1.732474
2007-11-29,1.730456
2007-11-30,1.729679
2007-12-01,1.726262
2007-12-02,1.724399
2007-12-03,1.724865
2007-12-04,1.72502
2007-12-05,1.72502
2007-12-06,1.726884
2007-12-07,1.726728
2007-12-08,1.726418
2007-12-09,1.723622
2007-12-10,1.722225
2007-12-11,1.720672
2007-12-12,1.719274
2007-12-13,1.718808
2007-12-14,1.717566
2007-12-15,1.718653
2007-12-16,1.719429
2007-12-17,1.722069
2007-12-18,1.741536
2007-12-19,1.757532
2007-12-20,1.772523
2007-12-21,1.778378
2007-12-22,1.77996
2007-12-23,1.780597
2007-12-24,1.781393
2007-12-25,1.781871
2007-12-26,1.781871
2007-12-27,1.781552
2007-12-28,1.782508
2007-12-29,1.783145
2007-12-30,1.782985
2007-12-31,1.7841
2008-01-01,1.783782
2008-01-02,1.785692
2008-01-03,1.797165
2008-01-04,1.8545
2008-01-05,1.890047
2008-01-06,1.912483
2008-01-07,1.92754
2008-01-08,1.940835
2008-01-09,1.949622
2008-01-10,1.962671
2008-01-11,1.974253
2008-01-12,1.985542
2008-01-13,1.995313
2008-01-14,2.003589
2008-01-15,2.012037
2008-01-16,2.018628
2008-01-17,2.024525
2008-01-18,2.030428
2008-01-19,2.035313
2008-01-20,2.041769
2008-01-21,2.047353
2008-01-22,2.051193
2008-01-23,2.053113
2008-01-24,2.056255
2008-01-25,2.063063
2008-01-26,2.083082
2008-01-27,2.103419
2008-01-28,2.129074
2008-01-29,2.146655
2008-01-30,2.159818
2008-01-31,2.179031
2008-02-01,2.194704
2008-02-02,2.21358
2008-02-03,2.232015
2008-02-04,2.245531
2008-02-05,2.256327
2008-02-06,2.263963
2008-02-07,2.272013
2008-02-08,2.279315
2008-02-09,2.286267
2008-02-10,2.295681
2008-02-11,2.303795
2008-02-12,2.314398
2008-02-13,2.325033
2008-02-14,2.338176
2008-02-15,2.34794
2008-02-16,2.356751
2008-02-17,2.366183
2008-02-18,2.374851
2008-02-19,2.384718
2008-02-20,2.393049
2008-02-21,2.408615
2008-02-22,2.428146
2008-02-23,2.448956
2008-02-24,2.499325
2008-02-25,2.543172
2008-02-26,2.572571
2008-02-27,2.596882
2008-02-28,2.621378
2008-02-29,2.641041
2008-03-01,2.659552
2008-03-02,2.678576
2008-03-03,2.695389
2008-03-04,2.711636
2008-03-05,2.725821
2008-03-06,2.737295
2008-03-07,2.749231
2008-03-08,2.760766
2008-03-09,2.771919
2008-03-10,2.782659
2008-03-11,2.792363
2008-03-12,2.799922
2008-03-13,2.813128
2008-03-14,2.824202
2008-03-15,2.835517
2008-03-16,2.848156
2008-03-17,2.858003
2008-03-18,2.869177
2008-03-19,2.878632
2008-03-20,2.889424
2008-03-21,2.898919
2008-03-22,2.909325
2008-03-23,2.921085
2008-03-24,2.929767
2008-03-25,2.938896
2008-03-26,2.947623
2008-03-27,2.957692
2008-03-28,2.967574
2008-03-29,2.977023
2008-03-30,2.984905
2008-03-31,2.990558
2008-04-01,2.994629
2008-04-02,2.997343
2008-04-03,3.000961
2008-04-04,3.005484
2008-04-05,3.006162
2008-04-06,3.007071
2008-04-07,3.007526
2008-04-08,3.006162
2008-04-09,3.003448
2008-04-10,3.001187
2008-04-11,2.998247
2008-04-12,2.996664
2008-04-13,2.995986
2008-04-14,2.994177
2008-04-15,2.992367
2008-04-16,2.98988
2008-04-17,2.987619
2008-04-18,2.985357
2008-04-19,2.981298
2008-04-20,2.979498
2008-04-21,2.976798
2008-04-22,2.977248
2008-04-23,2.974548
2008-04-24,2.971399
2008-04-25,2.968474
2008-04-26,2.965324
2008-04-27,2.963749
2008-04-28,2.962174
2008-04-29,2.959035
2008-04-30,2.954112
2008-05-01,2.949637
2008-05-02,2.944714
2008-05-03,2.939791
2008-05-04,2.934887
2008-05-05,2.930212
2008-05-06,2.927318
2008-05-07,2.925315
2008-05-08,2.92153
2008-05-09,2.919304
2008-05-10,2.916189
2008-05-11,2.912203
2008-05-12,2.908661
2008-05-13,2.90534
2008-05-14,2.899584
2008-05-15,2.890746
2008-05-16,2.888984
2008-05-17,2.887442
2008-05-18,2.881495
2008-05-19,2.876869
2008-05-20,2.873566
2008-05-21,2.863261
2008-05-22,2.857346
2008-05-23,2.848374
2008-05-24,2.842054
2008-05-25,2.835299
2008-05-26,2.82898
2008-05-27,2.82355
2008-05-28,2.825504
2008-05-29,2.820076
2008-05-30,2.814214
2008-05-31,2.806832
2008-06-01,2.798626
2008-06-02,2.789124
2008-06-03,2.784593
2008-06-04,2.777504
2008-06-05,2.762689
2008-06-06,2.750726
2008-06-07,2.741545
2008-06-08,2.731558
2008-06-09,2.723483
2008-06-10,2.711002
2008-06-11,2.698752
2008-06-12,2.686771
2008-06-13,2.675649
2008-06-14,2.661434
2008-06-15,2.647902
2008-06-16,2.634818
2008-06-17,2.61931
2008-06-18,2.603667
2008-06-19,2.586242
2008-06-20,2.56994
2008-06-21,2.554352
2008-06-22,2.536261
2008-06-23,2.519353
2008-06-24,2.500725
2008-06-25,2.48259
2008-06-26,2.467317
2008-06-27,2.451317
2008-06-28,2.434405
2008-06-29,2.418171
2008-06-30,2.402186
2008-07-01,2.384718
2008-07-02,2.367146
2008-07-03,2.351771
2008-07-04,2.333223
2008-07-05,2.315156
2008-07-06,2.297752
2008-07-07,2.281187
2008-07-08,2.264712
2008-07-09,2.248509
2008-07-10,2.231275
2008-07-11,2.214316
2008-07-12,2.195984
2008-07-13,2.178122
2008-07-14,2.160903
2008-07-15,2.14288
2008-07-16,2.125857
2008-07-17,2.110526
2008-07-18,2.094034
2008-07-19,2.07886
2008-07-20,2.06219
2008-07-21,2.045084
2008-07-22,2.032173
2008-07-23,2.018281
2008-07-24,2.003244
2008-07-25,1.988969
2008-07-26,1.975445
2008-07-27,1.96216
2008-07-28,1.948775
2008-07-29,1.934272
2008-07-30,1.919842
2008-07-31,1.905819
2008-08-01,1.89269
2008-08-02,1.878483
2008-08-03,1.865663
2008-08-04,1.853715
2008-08-05,1.841002
2008-08-06,1.828027
2008-08-07,1.815774
2008-08-08,1.803093
2008-08-09,1.789195
2008-08-10,1.777587
2008-08-11,1.765561
2008-08-12,1.754072
2008-08-13,1.742786
2008-08-14,1.732319
2008-08-15,1.72238
2008-08-16,1.710106
2008-08-17,1.699397
2008-08-18,1.68766
2008-08-19,1.675989
2008-08-20,1.664674
2008-08-21,1.654618
2008-08-22,1.645074
2008-08-23,1.635713
2008-08-24,1.625629
2008-08-25,1.616655
2008-08-26,1.60666
2008-08-27,1.597151
2008-08-28,1.587989
2008-08-29,1.581346
2008-08-30,1.576357
2008-08-31,1.570784
2008-09-01,1.565947
2008-09-02,1.558224
2008-09-03,1.551522
2008-09-04,1.543996
2008-09-05,1.532304
2008-09-06,1.522099
2008-09-07,1.513813
2008-09-08,1.504554
2008-09-09,1.487147
2008-09-10,1.480804
2008-09-11,1.475478
2008-09-12,1.469596
2008-09-13,1.462618
2008-09-14,1.457193
2008-09-15,1.45108
2008-09-16,1.446106
2008-09-17,1.440579
2008-09-18,1.435898
2008-09-19,1.433153
2008-09-20,1.426427
2008-09-21,1.421628
2008-09-22,1.416008
2008-09-23,1.41217
2008-09-24,1.407943
2008-09-25,1.403587
2008-09-26,1.400047
2008-09-27,1.395568
2008-09-28,1.391782
2008-09-29,1.387726
2008-09-30,1.384481
2008-10-01,1.381523
2008-10-02,1.378568
2008-10-03,1.378568
2008-10-04,1.378434
2008-10-05,1.375883
2008-10-06,1.373734
2008-10-07,1.370511
2008-10-08,1.367844
2008-10-09,1.36531
2008-10-10,1.360642
2008-10-11,1.357174
2008-10-12,1.354922
2008-10-13,1.351081
2008-10-14,1.348962
2008-10-15,1.346843
2008-10-16,1.342877
2008-10-17,1.337878
2008-10-18,1.3338
2008-10-19,1.328815
2008-10-20,1.323981
2008-10-21,1.319801
2008-10-22,1.315376
2008-10-23,1.311224
2008-10-24,1.306294
2008-10-25,1.30216
2008-10-26,1.298038
2008-10-27,1.292498
2008-10-28,1.288528
2008-10-29,1.285841
2008-10-30,1.282003
2008-10-31,1.28277
2008-11-01,1.29147
2008-11-02,1.301259
2008-11-03,1.305775
2008-11-04,1.309148
2008-11-05,1.311094
2008-11-06,1.312132
2008-11-07,1.311873
2008-11-08,1.312651
2008-11-09,1.313819
2008-11-10,1.314727
2008-11-11,1.314727
2008-11-12,1.315895
2008-11-13,1.317452
2008-11-14,1.319279
2008-11-15,1.32163
2008-11-16,1.32372
2008-11-17,1.325679
2008-11-18,1.328553
2008-11-19,1.32986
2008-11-20,1.3313
2008-11-21,1.335115
2008-11-22,1.335773
2008-11-23,1.334194
2008-11-24,1.334194
2008-11-25,1.333931
2008-11-26,1.334721
2008-11-27,1.334852
2008-11-28,1.332616
2008-11-29,1.331958
2008-11-30,1.331169
2008-12-01,1.329598
2008-12-02,1.329468
2008-12-03,1.32777
2008-12-04,1.329206
2008-12-05,1.3313
2008-12-06,1.330382
2008-12-07,1.329729
2008-12-08,1.332484
2008-12-09,1.332747
2008-12-10,1.330774
2008-12-11,1.330643
2008-12-12,1.329598
2008-12-13,1.32986
2008-12-14,1.330643
2008-12-15,1.331826
2008-12-16,1.33209
2008-12-17,1.332353
2008-12-18,1.332484
2008-12-19,1.334457
2008-12-20,1.335904
2008-12-21,1.341166
2008-12-22,1.342877
2008-12-23,1.343403
2008-12-24,1.348697
2008-12-25,1.353068
2008-12-26,1.352273
2008-12-27,1.351611
2008-12-28,1.35532
2008-12-29,1.358108
2008-12-30,1.360642
2008-12-31,1.361975
2009-01-01,1.364109
2009-01-02,1.36691
2009-01-03,1.369577
2009-01-04,1.375211
2009-01-05,1.377628
2009-01-06,1.377226
2009-01-07,1.377494
2009-01-08,1.378166
2009-01-09,1.38018
2009-01-10,1.381926
2009-01-11,1.382866
2009-01-12,1.384346
2009-01-13,1.386374
2009-01-14,1.389078
2009-01-15,1.390971
2009-01-16,1.391917
2009-01-17,1.392593
2009-01-18,1.39381
2009-01-19,1.394486
2009-01-20,1.396785
2009-01-21,1.396109
2009-01-22,1.39692
2009-01-23,1.397733
2009-01-24,1.400184
2009-01-25,1.403451
2009-01-26,1.404268
2009-01-27,1.406854
2009-01-28,1.409168
2009-01-29,1.412993
2009-01-30,1.41546
2009-01-31,1.416145
2009-02-01,1.416008
2009-02-02,1.417242
2009-02-03,1.418338
2009-02-04,1.419709
2009-02-05,1.423409
2009-02-06,1.430819
2009-02-07,1.437682
2009-02-08,1.443619
2009-02-09,1.447902
2009-02-10,1.449699
2009-02-11,1.454967
2009-02-12,1.458584
2009-02-13,1.471557
2009-02-14,1.483482
2009-02-15,1.511242
2009-02-16,1.532448
2009-02-17,1.551958
2009-02-18,1.566971
2009-02-19,1.578117
2009-02-20,1.58976
2009-02-21,1.599231
2009-02-22,1.63782
2009-02-23,1.738254
2009-02-24,1.821901
2009-02-25,1.864185
2009-02-26,1.900997
2009-02-27,1.932757
2009-02-28,1.960458
2009-03-01,2.014465
2009-03-02,2.129788
2009-03-03,2.211556
2009-03-04,2.273324
2009-03-05,2.320081
2009-03-06,2.356559
2009-03-07,2.388787
2009-03-08,2.414071
2009-03-09,2.437546
2009-03-10,2.45802
2009-03-11,2.47424
2009-03-12,2.489951
2009-03-13,2.501925
2009-03-14,2.512928
2009-03-15,2.529007
2009-03-16,2.579902
2009-03-17,2.623445
2009-03-18,2.654347
2009-03-19,2.67774
2009-03-20,2.699803
2009-03-21,2.727096
2009-03-22,2.751794
2009-03-23,2.768697
2009-03-24,2.785237
2009-03-25,2.804241
2009-03-26,2.819208
2009-03-27,2.832466
2009-03-28,2.847284
2009-03-29,2.860413
2009-03-30,2.870491
2009-03-31,2.880614
2009-04-01,2.89427
2009-04-02,2.899141
2009-04-03,2.904676
2009-04-04,2.911982
2009-04-05,2.917968
2009-04-06,2.926651
2009-04-07,2.93511
2009-04-08,2.93912
2009-04-09,2.949189
2009-04-10,2.962399
2009-04-11,2.972523
2009-04-12,2.981073
2009-04-13,2.984226
2009-04-14,2.989428
2009-04-15,2.993724
2009-04-16,2.997343
2009-04-17,3.000056
2009-04-18,3.001639
2009-04-19,3.002544
2009-04-20,3.004579
2009-04-21,3.005936
2009-04-22,3.011845
2009-04-23,3.017529
2009-04-24,3.016392
2009-04-25,3.015483
2009-04-26,3.012527
2009-04-27,3.009117
2009-04-28,3.005936
2009-04-29,3.001639
2009-04-30,2.998247
2009-05-01,2.996212
2009-05-02,3.005257
2009-05-03,3.035294
2009-05-04,3.059791
2009-05-05,3.102692
2009-05-06,3.133631
2009-05-07,3.15492
2009-05-08,3.166178
2009-05-09,3.176545
2009-05-10,3.185742
2009-05-11,3.19306
2009-05-12,3.197088
2009-05-13,3.20159
2009-05-14,3.20396
2009-05-15,3.205619
2009-05-16,3.205619
2009-05-17,3.204197
2009-05-18,3.202775
2009-05-19,3.200642
2009-05-20,3.195666
2009-05-21,3.191401
2009-05-22,3.186921
2009-05-23,3.178667
2009-05-24,3.170178
2009-05-25,3.162425
2009-05-26,3.155154
2009-05-27,3.148587
2009-05-28,3.140398
2009-05-29,3.133631
2009-05-30,3.12593
2009-05-31,3.118941
2009-06-01,3.110352
2009-06-02,3.101531
2009-06-03,3.094122
2009-06-04,3.085346
2009-06-05,3.076109
2009-06-06,3.066223
2009-06-07,3.057723
2009-06-08,3.047865
2009-06-09,3.039865
2009-06-10,3.031181
2009-06-11,3.022075
2009-06-12,3.012755
2009-06-13,3.004127
2009-06-14,2.993272
2009-06-15,2.982423
2009-06-16,2.972748
2009-06-17,2.963974
2009-06-18,2.953665
2009-06-19,2.943371
2009-06-20,2.931993
2009-06-21,2.920195
2009-06-22,2.908661
2009-06-23,2.896263
2009-06-24,2.883257
2009-06-25,2.87071
2009-06-26,2.85647
2009-06-27,2.839657
2009-06-28,2.825939
2009-06-29,2.812043
2009-06-30,2.797114
2009-07-01,2.7818
2009-07-02,2.76569
2009-07-03,2.75094
2009-07-04,2.736233
2009-07-05,2.721146
2009-07-06,2.707832
2009-07-07,2.690344
2009-07-08,2.675231
2009-07-09,2.662061
2009-07-10,2.647486
2009-07-11,2.633164
2009-07-12,2.617656
2009-07-13,2.601611
2009-07-14,2.585015
2009-07-15,2.570952
2009-07-16,2.557797
2009-07-17,2.543375
2009-07-18,2.526392
2009-07-19,2.510927
2009-07-20,2.496924
2009-07-21,2.480999
2009-07-22,2.466526
2009-07-23,2.450923
2009-07-24,2.435188
2009-07-25,2.420713
2009-07-26,2.403355
2009-07-27,2.388012
2009-07-28,2.371962
2009-07-29,2.356559
2009-07-30,2.340662
2009-07-31,2.325795
2009-08-01,2.311179
2009-08-02,2.296058
2009-08-03,2.280064
2009-08-04,2.262469
2009-08-05,2.247764
2009-08-06,2.233126
2009-08-07,2.221677
2009-08-08,2.2099
2009-08-09,2.194887
2009-08-10,2.181942
2009-08-11,2.168859
2009-08-12,2.153127
2009-08-13,2.136588
2009-08-14,2.124248
2009-08-15,2.113191
2009-08-16,2.100576
2009-08-17,2.088381
2009-08-18,2.076577
2009-08-19,2.064461
2009-08-20,2.05224
2009-08-21,2.040722
2009-08-22,2.029208
2009-08-23,2.017414
2009-08-24,2.004796
2009-08-25,1.993939
2009-08-26,1.982286
2009-08-27,1.973231
2009-08-28,1.961308
2009-08-29,1.950976
2009-08-30,1.942855
2009-08-31,1.936123
2009-09-01,1.925362
2009-09-02,1.918337
2009-09-03,1.90931
2009-09-04,1.904322
2009-09-05,1.897672
2009-09-06,1.891534
2009-09-07,1.884265
2009-09-08,1.876668
2009-09-09,1.869441
2009-09-10,1.863856
2009-09-11,1.856327
2009-09-12,1.848164
2009-09-13,1.841164
2009-09-14,1.835974
2009-09-15,1.83046
2009-09-16,1.825125
2009-09-17,1.819966
2009-09-18,1.815613
2009-09-19,1.810944
2009-09-20,1.805977
2009-09-21,1.802292
2009-09-22,1.799087
2009-09-23,1.794928
2009-09-24,1.791743
2009-09-25,1.788558
2009-09-26,1.785852
2009-09-27,1.783463
2009-09-28,1.779327
2009-09-29,1.776321
2009-09-30,1.773947
2009-10-01,1.768251
2009-10-02,1.762879
2009-10-03,1.756589
2009-10-04,1.750141
2009-10-05,1.743879
2009-10-06,1.737629
2009-10-07,1.731232
2009-10-08,1.726573
2009-10-09,1.721448
2009-10-10,1.715856
2009-10-11,1.709173
2009-10-12,1.705599
2009-10-13,1.712903
2009-10-14,1.741692
2009-10-15,1.750141
2009-10-16,1.749669
2009-10-17,1.746536
2009-10-18,1.745911
2009-10-19,1.743411
2009-10-20,1.742161
2009-10-21,1.740129
2009-10-22,1.737942
2009-10-23,1.73591
2009-10-24,1.73263
2009-10-25,1.730456
2009-10-26,1.726884
2009-10-27,1.723312
2009-10-28,1.719119
2009-10-29,1.714924
2009-10-30,1.711194
2009-10-31,1.70793
2009-11-01,1.704044
2009-11-02,1.699705
2009-11-03,1.696154
2009-11-04,1.691057
2009-11-05,1.688895
2009-11-06,1.687969
2009-11-07,1.685963
2009-11-08,1.683048
2009-11-09,1.681667
2009-11-10,1.678598
2009-11-11,1.676449
2009-11-12,1.674147
2009-11-13,1.671846
2009-11-14,1.668638
2009-11-15,1.667418
2009-11-16,1.665589
2009-11-17,1.664369
2009-11-18,1.663302
2009-11-19,1.664826
2009-11-20,1.666808
2009-11-21,1.667266
2009-11-22,1.668333
2009-11-23,1.67001
2009-11-24,1.671232
2009-11-25,1.67062
2009-11-26,1.670468
2009-11-27,1.671539
2009-11-28,1.670468
2009-11-29,1.672153
2009-11-30,1.673687
2009-12-01,1.675068
2009-12-02,1.676449
2009-12-03,1.676603
2009-12-04,1.677216
2009-12-05,1.678598
2009-12-06,1.681053
2009-12-07,1.682434
2009-12-08,1.68182
2009-12-09,1.681053
2009-12-10,1.68182
2009-12-11,1.683508
2009-12-12,1.685349
2009-12-13,1.686117
2009-12-14,1.687197
2009-12-15,1.693374
2009-12-16,1.704355
2009-12-17,1.71368
2009-12-18,1.720516
2009-12-19,1.725486
2009-12-20,1.729213
2009-12-21,1.736848
2009-12-22,1.744192
2009-12-23,1.749826
2009-12-24,1.753129
2009-12-25,1.755959
2009-12-26,1.759105
2009-12-27,1.763036
2009-12-28,1.765719
2009-12-29,1.7692
2009-12-30,1.772365
2009-12-31,1.777112
2010-01-01,1.798607
2010-01-02,1.816097
2010-01-03,1.827382
2010-01-04,1.834028
2010-01-05,1.841164
2010-01-06,1.846532
2010-01-07,1.851756
2010-01-08,1.857796
2010-01-09,1.862706
2010-01-10,1.866648
2010-01-11,1.870426
2010-01-12,1.887899
2010-01-13,1.92302
2010-01-14,1.943359
2010-01-15,1.959103
2010-01-16,1.977659
2010-01-17,1.999279
2010-01-18,2.056255
2010-01-19,2.143599
2010-01-20,2.224069
2010-01-21,2.295493
2010-01-22,2.339705
2010-01-23,2.376007
2010-01-24,2.413097
2010-01-25,2.453087
2010-01-26,2.487564
2010-01-27,2.515733
2010-01-28,2.53687
2010-01-29,2.555773
2010-01-30,2.576425
2010-01-31,2.596882
2010-02-01,2.61869
2010-02-02,2.636058
2010-02-03,2.655594
2010-02-04,2.684669
2010-02-05,2.748376
2010-02-06,2.813563
2010-02-07,2.859756
2010-02-08,2.89427
2010-02-09,2.923979
2010-02-10,2.949189
2010-02-11,2.976123
2010-02-12,3.002996
2010-02-13,3.034152
2010-02-14,3.062777
2010-02-15,3.087887
2010-02-16,3.110352
2010-02-17,3.133631
2010-02-18,3.156093
2010-02-19,3.176073
2010-02-20,3.195666
2010-02-21,3.212964
2010-02-22,3.225817
2010-02-23,3.241554
2010-02-24,3.257834
2010-02-25,3.273933
2010-02-26,3.309822
2010-02-27,3.350588
2010-02-28,3.380147
2010-03-01,3.400785
2010-03-02,3.428675
2010-03-03,3.468195
2010-03-04,3.497977
2010-03-05,3.52541
2010-03-06,3.547162
2010-03-07,3.567731
2010-03-08,3.587098
2010-03-09,3.603477
2010-03-10,3.618877
2010-03-11,3.631481
2010-03-12,3.65007
2010-03-13,3.665598
2010-03-14,3.676506
2010-03-15,3.687155
2010-03-16,3.697334
2010-03-17,3.715353
2010-03-18,3.725319
2010-03-19,3.736859
2010-03-20,3.746333
2010-03-21,3.755821
2010-03-22,3.762937
2010-03-23,3.771928
2010-03-24,3.782524
2010-03-25,3.79206
2010-03-26,3.801325
2010-03-27,3.809796
2010-03-28,3.817737
2010-03-29,3.832095
2010-03-30,3.851008
2010-03-31,3.868648
2010-04-01,3.883133
2010-04-02,3.900597
2010-04-03,3.914629
2010-04-04,3.933011
2010-04-05,3.949009
2010-04-06,3.960159
2010-04-07,3.974055
2010-04-08,3.987438
2010-04-09,4.000578
2010-04-10,4.01347
2010-04-11,4.031897
2010-04-12,4.06644
2010-04-13,4.097291
2010-04-14,4.128863
2010-04-15,4.157221
2010-04-16,4.179205
2010-04-17,4.202122
2010-04-18,4.223154
2010-04-19,4.242819
2010-04-20,4.267986
2010-04-21,4.28176
2010-04-22,4.292393
2010-04-23,4.301905
2010-04-24,4.308247
2010-04-25,4.315741
2010-04-26,4.32384
2010-04-27,4.345559
2010-04-28,4.363213
2010-04-29,4.378856
2010-04-30,4.390774
2010-05-01,4.395716
2010-05-02,4.404437
2010-05-03,4.411153
2010-05-04,4.418454
2010-05-05,4.42634
2010-05-06,4.431013
2010-05-07,4.434226
2010-05-08,4.438334
2010-05-09,4.442441
2010-05-10,4.451535
2010-05-11,4.459163
2010-05-12,4.465038
2010-05-13,4.470933
2010-05-14,4.476238
2010-05-15,4.480953
2010-05-16,4.483016
2010-05-17,4.483016
2010-05-18,4.494814
2010-05-19,4.498367
2010-05-20,4.502808
2010-05-21,4.505768
2010-05-22,4.507248
2010-05-23,4.504584
2010-05-24,4.504584
2010-05-25,4.506952
2010-05-26,4.50636
2010-05-27,4.506952
2010-05-28,4.502808
2010-05-29,4.491268
2010-05-30,4.477122
2010-05-31,4.464744
2010-06-01,4.460923
2010-06-02,4.451535
2010-06-03,4.440681
2010-06-04,4.433933
2010-06-05,4.431889
2010-06-06,4.428384
2010-06-07,4.422543
2010-06-08,4.418162
2010-06-09,4.417578
2010-06-10,4.415534
2010-06-11,4.413197
2010-06-12,4.409109
2010-06-13,4.405312
2010-06-14,4.400077
2010-06-15,4.394844
2010-06-16,4.391356
2010-06-17,4.384379
2010-06-18,4.377984
2010-06-19,4.371317
2010-06-20,4.363213
2010-06-21,4.357136
2010-06-22,4.350479
2010-06-23,4.342663
2010-06-24,4.333975
2010-06-25,4.327026
2010-06-26,4.318917
2010-06-27,4.310265
2010-06-28,4.301041
2010-06-29,4.290952
2010-06-30,4.279177
2010-07-01,4.266551
2010-07-02,4.254813
2010-07-03,4.242248
2010-07-04,4.23083
2010-07-05,4.218321
2010-07-06,4.205244
2010-07-07,4.191371
2010-07-08,4.178073
2010-07-09,4.163979
2010-07-10,4.151307
2010-07-11,4.137552
2010-07-12,4.122697
2010-07-13,4.109008
2010-07-14,4.09478
2010-07-15,4.080601
2010-07-16,4.066162
2010-07-17,4.051778
2010-07-18,4.036578
2010-07-19,4.021721
2010-07-20,4.006874
2010-07-21,3.991818
2010-07-22,3.977052
2010-07-23,3.962066
2010-07-24,3.947111
2010-07-25,3.931926
2010-07-26,3.917057
2010-07-27,3.901677
2010-07-28,3.886893
2010-07-29,3.87239
2010-07-30,3.856888
2010-07-31,3.84114
2010-08-01,3.825445
2010-08-02,3.811913
2010-08-03,3.795502
2010-08-04,3.78067
2010-08-05,3.765836
2010-08-06,3.751341
2010-08-07,3.737121
2010-08-08,3.72427
2010-08-09,3.711168
2010-08-10,3.697595
2010-08-11,3.685337
2010-08-12,3.673649
2010-08-13,3.66326
2010-08-14,3.653947
2010-08-15,3.644384
2010-08-16,3.634824
2010-08-17,3.622993
2010-08-18,3.612704
2010-08-19,3.603733
2010-08-20,3.594008
2010-08-21,3.584539
2010-08-22,3.57588
2010-08-23,3.564166
2010-08-24,3.555017
2010-08-25,3.546655
2010-08-26,3.537532
2010-08-27,3.526922
2010-08-28,3.51835
2010-08-29,3.509525
2010-08-30,3.500486
2010-08-31,3.491704
2010-09-01,3.483424
2010-09-02,3.475684
2010-09-03,3.468944
2010-09-04,3.460956
2010-09-05,3.452497
2010-09-06,3.444797
2010-09-07,3.437097
2010-09-08,3.428922
2010-09-09,3.419036
2010-09-10,3.403245
2010-09-11,3.395621
2010-09-12,3.388735
2010-09-13,3.382349
2010-09-14,3.377945
2010-09-15,3.373297
2010-09-16,3.370116
2010-09-17,3.366935
2010-09-18,3.365467
2010-09-19,3.36351
2010-09-20,3.360574
2010-09-21,3.356674
2010-09-22,3.353752
2010-09-23,3.350344
2010-09-24,3.346449
2010-09-25,3.342798
2010-09-26,3.338903
2010-09-27,3.335251
2010-09-28,3.330648
2010-09-29,3.325319
2010-09-30,3.318779
2010-10-01,3.314418
2010-10-02,3.311511
2010-10-03,3.308617
2010-10-04,3.303557
2010-10-05,3.297291
2010-10-06,3.293435
2010-10-07,3.28958
2010-10-08,3.286448
2010-10-09,3.282838
2010-10-10,3.28019
2010-10-11,3.277302
2010-10-12,3.275377
2010-10-13,3.27297
2010-10-14,3.270804
2010-10-15,3.267916
2010-10-16,3.265028
2010-10-17,3.262144
2010-10-18,3.258552
2010-10-19,3.254722
2010-10-20,3.251849
2010-10-21,3.249694
2010-10-22,3.2473
2010-10-23,3.250652
2010-10-24,3.267194
2010-10-25,3.268397
2010-10-26,3.269841
2010-10-27,3.26936
2010-10-28,3.268638
2010-10-29,3.269601
2010-10-30,3.270804
2010-10-31,3.272489
2010-11-01,3.273933
2010-11-02,3.274655
2010-11-03,3.27297
2010-11-04,3.272489
2010-11-05,3.268397
2010-11-06,3.264547
2010-11-07,3.274655
2010-11-08,3.272248
2010-11-09,3.271045
2010-11-10,3.268638
2010-11-11,3.266713
2010-11-12,3.262144
2010-11-13,3.258313
2010-11-14,3.254003
2010-11-15,3.250652
2010-11-16,3.246821
2010-11-17,3.241075
2010-11-18,3.237014
2010-11-19,3.234155
2010-11-20,3.237729
2010-11-21,3.236776
2010-11-22,3.236061
2010-11-23,3.238205
2010-11-24,3.238205
2010-11-25,3.236299
2010-11-26,3.234155
2010-11-27,3.233679
2010-11-28,3.231535
2010-11-29,3.228438
2010-11-30,3.22415
2010-12-01,3.2201
2010-12-02,3.218909
2010-12-03,3.216288
2010-12-04,3.215573
2010-12-05,3.220815
2010-12-06,3.23892
2010-12-07,3.254003
2010-12-08,3.270323
2010-12-09,3.287411
2010-12-10,3.309581
2010-12-11,3.323623
2010-12-12,3.332586
2010-12-13,3.337685
2010-12-14,3.338172
2010-12-15,3.332344
2010-12-16,3.323381
2010-12-17,3.317325
2010-12-18,3.31248
2010-12-19,3.316841
2010-12-20,3.324108
2010-12-21,3.338172
2010-12-22,3.362286
2010-12-23,3.37036
2010-12-24,3.373786
2010-12-25,3.384554
2010-12-26,3.40595
2010-12-27,3.421013
2010-12-28,3.445045
2010-12-29,3.477182
2010-12-30,3.486686
2010-12-31,3.489195
2011-01-01,3.486435
2011-01-02,3.480177
2011-01-03,3.469693
2011-01-04,3.45821
2011-01-05,3.4443
2011-01-06,3.43263
2011-01-07,3.423732
2011-01-08,3.415328
2011-01-09,3.408163
2011-01-10,3.402999
2011-01-11,3.401277
2011-01-12,3.397588
2011-01-13,3.39685
2011-01-14,3.399064
2011-01-15,3.401277
2011-01-16,3.408655
2011-01-17,3.417306
2011-01-18,3.423979
2011-01-19,3.427686
2011-01-20,3.430899
2011-01-21,3.437345
2011-01-22,3.444549
2011-01-23,3.449765
2011-01-24,3.457465
2011-01-25,3.461954
2011-01-26,3.466448
2011-01-27,3.469194
2011-01-28,3.474935
2011-01-29,3.479179
2011-01-30,3.485431
2011-01-31,3.490198
2011-02-01,3.494966
2011-02-02,3.499231
2011-02-03,3.503748
2011-02-04,3.506006
2011-02-05,3.505755
2011-02-06,3.508768
2011-02-07,3.512046
2011-02-08,3.514063
2011-02-09,3.51608
2011-02-10,3.51835
2011-02-11,3.520367
2011-02-12,3.523645
2011-02-13,3.527427
2011-02-14,3.536772
2011-02-15,3.566458
2011-02-16,3.60578
2011-02-17,3.635082
2011-02-18,3.657565
2011-02-19,3.679623
2011-02-20,3.693418
2011-02-21,3.707775
2011-02-22,3.719549
2011-02-23,3.732138
2011-02-24,3.745015
2011-02-25,3.757666
2011-02-26,3.768484
2011-02-27,3.776166
2011-02-28,3.784113
2011-03-01,3.791266
2011-03-02,3.82172
2011-03-03,3.853948
2011-03-04,3.879373
2011-03-05,3.904105
2011-03-06,3.929757
2011-03-07,3.952805
2011-03-08,3.977597
2011-03-09,3.998114
2011-03-10,4.021171
2011-03-11,4.045422
2011-03-12,4.070605
2011-03-13,4.09478
2011-03-14,4.127182
2011-03-15,4.148773
2011-03-16,4.185429
2011-03-17,4.1942
2011-03-18,4.205244
2011-03-19,4.210646
2011-03-20,4.221164
2011-03-21,4.197595
2011-03-22,4.155531
2011-03-23,4.132507
2011-03-24,4.168766
2011-03-25,4.195049
2011-03-26,4.210077
2011-03-27,4.204391
2011-03-28,4.177224
2011-03-29,4.130545
2011-03-30,4.080878
2011-03-31,4.032173
2011-04-01,3.987985
2011-04-02,3.957434
2011-04-03,3.93274
2011-04-04,3.914899
2011-04-05,3.902216
2011-04-06,3.895488
2011-04-07,3.890922
2011-04-08,3.893339
2011-04-09,3.894951
2011-04-10,3.898979
2011-04-11,3.906264
2011-04-12,3.914089
2011-04-13,3.924883
2011-04-14,3.93518
2011-04-15,3.950093
2011-04-16,3.962066
2011-04-17,3.972692
2011-04-18,3.98689
2011-04-19,4.003589
2011-04-20,4.027772
2011-04-21,4.057857
2011-04-22,4.081989
2011-04-23,4.105102
2011-04-24,4.129985
2011-04-25,4.154687
2011-04-26,4.178356
2011-04-27,4.203538
2011-04-28,4.223439
2011-04-29,4.247388
2011-04-30,4.266264
2011-05-01,4.282908
2011-05-02,4.298446
2011-05-03,4.309976
2011-05-04,4.321813
2011-05-05,4.332817
2011-05-06,4.34469
2011-05-07,4.354242
2011-05-08,4.361477
2011-05-09,4.370738
2011-05-10,4.377984
2011-05-11,4.385251
2011-05-12,4.3931
2011-05-13,4.400658
2011-05-14,4.412029
2011-05-15,4.424003
2011-05-16,4.431597
2011-05-17,4.443027
2011-05-18,4.448602
2011-05-19,4.458283
2011-05-20,4.461216
2011-05-21,4.463859
2011-05-22,4.466512
2011-05-23,4.471522
2011-05-24,4.472112
2011-05-25,4.477417
2011-05-26,4.480953
2011-05-27,4.480953
2011-05-28,4.481248
2011-05-29,4.478006
2011-05-30,4.482722
2011-05-31,4.486848
2011-06-01,4.491268
2011-06-02,4.492153
2011-06-03,4.489795
2011-06-04,4.47329
2011-06-05,4.457403
2011-06-06,4.444494
2011-06-07,4.430136
2011-06-08,4.418746
2011-06-09,4.416702
2011-06-10,4.420499
2011-06-11,4.425172
2011-06-12,4.433641
2011-06-13,4.436867
2011-06-14,4.436867
2011-06-15,4.43804
2011-06-16,4.4398
2011-06-17,4.4398
2011-06-18,4.438627
2011-06-19,4.435987
2011-06-20,4.435693
2011-06-21,4.434226
2011-06-22,4.42926
2011-06-23,4.424879
2011-06-24,4.422835
2011-06-25,4.418454
2011-06-26,4.414658
2011-06-27,4.409693
2011-06-28,4.410861
2011-06-29,4.408233
2011-06-30,4.40153
2011-07-01,4.395426
2011-07-02,4.388158
2011-07-03,4.381181
2011-07-04,4.372764
2011-07-05,4.363792
2011-07-06,4.353373
2011-07-07,4.342084
2011-07-08,4.33079
2011-07-09,4.320655
2011-07-10,4.310265
2011-07-11,4.298735
2011-07-12,4.288647
2011-07-13,4.277743
2011-07-14,4.267125
2011-07-15,4.25367
2011-07-16,4.239964
2011-07-17,4.226566
2011-07-18,4.212351
2011-07-19,4.199859
2011-07-20,4.186561
2011-07-21,4.17299
2011-07-22,4.159192
2011-07-23,4.145681
2011-07-24,4.131386
2011-07-25,4.117378
2011-07-26,4.103708
2011-07-27,4.090041
2011-07-28,4.078379
2011-07-29,4.063941
2011-07-30,4.049567
2011-07-31,4.034923
2011-08-01,4.021171
2011-08-02,4.008794
2011-08-03,3.994008
2011-08-04,3.980594
2011-08-05,3.965881
2011-08-06,3.950907
2011-08-07,3.936536
2011-08-08,3.922184
2011-08-09,3.909232
2011-08-10,3.895756
2011-08-11,3.883133
2011-08-12,3.868915
2011-08-13,3.856354
2011-08-14,3.843003
2011-08-15,3.829169
2011-08-16,3.816413
2011-08-17,3.803178
2011-08-18,3.789146
2011-08-19,3.777226
2011-08-20,3.763728
2011-08-21,3.749759
2011-08-22,3.737121
2011-08-23,3.725057
2011-08-24,3.712734
2011-08-25,3.699683
2011-08-26,3.686636
2011-08-27,3.67313
2011-08-28,3.659116
2011-08-29,3.645676
2011-08-30,3.631995
2011-08-31,3.619135
2011-09-01,3.607316
2011-09-02,3.594776
2011-09-03,3.5825
2011-09-04,3.569259
2011-09-05,3.557298
2011-09-06,3.545388
2011-09-07,3.533478
2011-09-08,3.520871
2011-09-09,3.509525
2011-09-10,3.497977
2011-09-11,3.487438
2011-09-12,3.47843
2011-09-13,3.468694
2011-09-14,3.459957
2011-09-15,3.452249
2011-09-16,3.443555
2011-09-17,3.435607
2011-09-18,3.426698
2011-09-19,3.418541
2011-09-20,3.411127
2011-09-21,3.40472
2011-09-22,3.399064
2011-09-23,3.392424
2011-09-24,3.383817
2011-09-25,3.376233
2011-09-26,3.369626
2011-09-27,3.362531
2011-09-28,3.355457
2011-09-29,3.34864
2011-09-30,3.341094
2011-10-01,3.334282
2011-10-02,3.327257
2011-10-03,3.321201
2011-10-04,3.318779
2011-10-05,3.31563
2011-10-06,3.310786
2011-10-07,3.304762
2011-10-08,3.299701
2011-10-09,3.293676
2011-10-10,3.291267
2011-10-11,3.286688
2011-10-12,3.281394
2011-10-13,3.278265
2011-10-14,3.270804
2011-10-15,3.265509
2011-10-16,3.262383
2011-10-17,3.261425
2011-10-18,3.260228
2011-10-19,3.259031
2011-10-20,3.256877
2011-10-21,3.253764
2011-10-22,3.25113
2011-10-23,3.248976
2011-10-24,3.246342
2011-10-25,3.242751
2011-10-26,3.240596
2011-10-27,3.238682
2011-10-28,3.236776
2011-10-29,3.233679
2011-10-30,3.229629
2011-10-31,3.22677
2011-11-01,3.223673
2011-11-02,3.222482
2011-11-03,3.220815
2011-11-04,3.218194
2011-11-05,3.217241
2011-11-06,3.215097
2011-11-07,3.212964
2011-11-08,3.209647
2011-11-09,3.205145
2011-11-10,3.20159
2011-11-11,3.198036
2011-11-12,3.194718
2011-11-13,3.191401
2011-11-14,3.185977
2011-11-15,3.181733
2011-11-16,3.178196
2011-11-17,3.173715
2011-11-18,3.170414
2011-11-19,3.168763
2011-11-20,3.165475
2011-11-21,3.161487
2011-11-22,3.160314
2011-11-23,3.160549
2011-11-24,3.160784
2011-11-25,3.158673
2011-11-26,3.157031
2011-11-27,3.154685
2011-11-28,3.153043
2011-11-29,3.152105
2011-11-30,3.150229
2011-12-01,3.149994
2011-12-02,3.152574
2011-12-03,3.153747
2011-12-04,3.153278
2011-12-05,3.151402
2011-12-06,3.149291
2011-12-07,3.146476
2011-12-08,3.145772
2011-12-09,3.144834
2011-12-10,3.144834
2011-12-11,3.1446
2011-12-12,3.144365
2011-12-13,3.142965
2011-12-14,3.140165
2011-12-15,3.138065
2011-12-16,3.135264
2011-12-17,3.132698
2011-12-18,3.129664
2011-12-19,3.12593
2011-12-20,3.127564
2011-12-21,3.130597
2011-12-22,3.124764
2011-12-23,3.119637
2011-12-24,3.11453
2011-12-25,3.111513
2011-12-26,3.108495
2011-12-27,3.108495
2011-12-28,3.107566
2011-12-29,3.10246
2011-12-30,3.100138
2011-12-31,3.094584
2012-01-01,3.089965
2012-01-02,3.086732
2012-01-03,3.079804
2012-01-04,3.07634
2012-01-05,3.072655
2012-01-06,3.06875
2012-01-07,3.065993
2012-01-08,3.064845
2012-01-09,3.060939
2012-01-10,3.058872
2012-01-11,3.055196
2012-01-12,3.052669
2012-01-13,3.050836
2012-01-14,3.049922
2012-01-15,3.04855
2012-01-16,3.04695
2012-01-17,3.044894
2012-01-18,3.045351
2012-01-19,3.049922
2012-01-20,3.061628
2012-01-21,3.069209
2012-01-22,3.078418
2012-01-23,3.088118
2012-01-24,3.094353
2012-01-25,3.096893
2012-01-26,3.100835
2012-01-27,3.103852
2012-01-28,3.104085
2012-01-29,3.105477
2012-01-30,3.105942
2012-01-31,3.107334
2012-02-01,3.108727
2012-02-02,3.110352
2012-02-03,3.111977
2012-02-04,3.113138
2012-02-05,3.11453
2012-02-06,3.116155
2012-02-07,3.119405
2012-02-08,3.12243
2012-02-09,3.124764
2012-02-10,3.125464
2012-02-11,3.129897
2012-02-12,3.134331
2012-02-13,3.138765
2012-02-14,3.141331
2012-02-15,3.143198
2012-02-16,3.145772
2012-02-17,3.149056
2012-02-18,3.15234
2012-02-19,3.153982
2012-02-20,3.156562
2012-02-21,3.157969
2012-02-22,3.158673
2012-02-23,3.157969
2012-02-24,3.159142
2012-02-25,3.159611
2012-02-26,3.160549
2012-02-27,3.162191
2012-02-28,3.162191
2012-02-29,3.169235
2012-03-01,3.170414
2012-03-02,3.171121
2012-03-03,3.174187
2012-03-04,3.17796
2012-03-05,3.180554
2012-03-06,3.18244
2012-03-07,3.183855
2012-03-08,3.18527
2012-03-09,3.186213
2012-03-10,3.1881
2012-03-11,3.190929
2012-03-12,3.194008
2012-03-13,3.210121
2012-03-14,3.238444
2012-03-15,3.29199
2012-03-16,3.369137
2012-03-17,3.423237
2012-03-18,3.455229
2012-03-19,3.476932
2012-03-20,3.492206
2012-03-21,3.505755
2012-03-22,3.520367
2012-03-23,3.536265
2012-03-24,3.549949
2012-03-25,3.566967
2012-03-26,3.57919
2012-03-27,3.61862
2012-03-28,3.677545
2012-03-29,3.717976
2012-03-30,3.78067
2012-03-31,3.853414
2012-04-01,3.907343
2012-04-02,3.945213
2012-04-03,3.976234
2012-04-04,4.001399
2012-04-05,4.022546
2012-04-06,4.043211
2012-04-07,4.058686
2012-04-08,4.07477
2012-04-09,4.093943
2012-04-10,4.110403
2012-04-11,4.130545
2012-04-12,4.15356
2012-04-13,4.189956
2012-04-14,4.219743
2012-04-15,4.245389
2012-04-16,4.264542
2012-04-17,4.282908
2012-04-18,4.297005
2012-04-19,4.308247
2012-04-20,4.321524
2012-04-21,4.335134
2012-04-22,4.348164
2012-04-23,4.36003
2012-04-24,4.371317
2012-04-25,4.38496
2012-04-26,4.399205
2012-04-27,4.409693
2012-04-28,4.420791
2012-04-29,4.432181
2012-04-30,4.440094
2012-05-01,4.447721
2012-05-02,4.454469
2012-05-03,4.462977
2012-05-04,4.467396
2012-05-05,4.47329
2012-05-06,4.47948
2012-05-07,4.483016
2012-05-08,4.479185
2012-05-09,4.474764
2012-05-10,4.471817
2012-05-11,4.467691
2012-05-12,4.462977
2012-05-13,4.457696
2012-05-14,4.454762
2012-05-15,4.450948
2012-05-16,4.445961
2012-05-17,4.43628
2012-05-18,4.42926
2012-05-19,4.419623
2012-05-20,4.410277
2012-05-21,4.402984
2012-05-22,4.393681
2012-05-23,4.385833
2012-05-24,4.372764
2012-05-25,4.360898
2012-05-26,4.349611
2012-05-27,4.33803
2012-05-28,4.327315
2012-05-29,4.318338
2012-05-30,4.3094
2012-05-31,4.299311
2012-06-01,4.289799
2012-06-02,4.279177
2012-06-03,4.266264
2012-06-04,4.256526
2012-06-05,4.24853
2012-06-06,4.239964
2012-06-07,4.23511
2012-06-08,4.221449
2012-06-09,4.20894
2012-06-10,4.196464
2012-06-11,4.186844
2012-06-12,4.176659
2012-06-13,4.161726
2012-06-14,4.148492
2012-06-15,4.133909
2012-06-16,4.118215
2012-06-17,4.102313
2012-06-18,4.08782
2012-06-19,4.073659
2012-06-20,4.059515
2012-06-21,4.043764
2012-06-22,4.029972
2012-06-23,4.01347
2012-06-24,3.993734
2012-06-25,3.974872
2012-06-26,3.956072
2012-06-27,3.938163
2012-06-28,3.919756
2012-06-29,3.900327
2012-06-30,3.880716
2012-07-01,3.861165
2012-07-02,3.843003
2012-07-03,3.824647
2012-07-04,3.804502
2012-07-05,3.785173
2012-07-06,3.765309
2012-07-07,3.745806
2012-07-08,3.726106
2012-07-09,3.707775
2012-07-10,3.688981
2012-07-11,3.670273
2012-07-12,3.651104
2012-07-13,3.630195
2012-07-14,3.610647
2012-07-15,3.58889
2012-07-16,3.566967
2012-07-17,3.546148
2012-07-18,3.525662
2012-07-19,3.508516
2012-07-20,3.488944
2012-07-21,3.468195
2012-07-22,3.447529
2012-07-23,3.429416
2012-07-24,3.410138
2012-07-25,3.389964
2012-07-26,3.370605
2012-07-27,3.350831
2012-07-28,3.329922
2012-07-29,3.308858
2012-07-30,3.289339
2012-07-31,3.271045
2012-08-01,3.255201
2012-08-02,3.234155
2012-08-03,3.211543
2012-08-04,3.191165
2012-08-05,3.17065
2012-08-06,3.150698
2012-08-07,3.130831
2012-08-08,3.107799
2012-08-09,3.089734
2012-08-10,3.071507
2012-08-11,3.054047
2012-08-12,3.038723
2012-08-13,3.022302
2012-08-14,3.007981
2012-08-15,2.995986
2012-08-16,2.982873
2012-08-17,2.970049
2012-08-18,2.955902
2012-08-19,2.941357
2012-08-20,2.927096
2012-08-21,2.91331
2012-08-22,2.900026
2012-08-23,2.888543
2012-08-24,2.876209
2012-08-25,2.863042
2012-08-26,2.849681
2012-08-27,2.837478
2012-08-28,2.82811
2012-08-29,2.81682
2012-08-30,2.80532
2012-08-31,2.794523
2012-09-01,2.783948
2012-09-02,2.772779
2012-09-03,2.760766
2012-09-04,2.749444
2012-09-05,2.736658
2012-09-06,2.728158
2012-09-07,2.720723
2012-09-08,2.712481
2012-09-09,2.704451
2012-09-10,2.695389
2012-09-11,2.686561
2012-09-12,2.681306
2012-09-13,2.675858
2012-09-14,2.669796
2012-09-15,2.663733
2012-09-16,2.657673
2012-09-17,2.651228
2012-09-18,2.647694
2012-09-19,2.641457
2012-09-20,2.634818
2012-09-21,2.630476
2012-09-22,2.62572
2012-09-23,2.622412
2012-09-24,2.619103
2012-09-25,2.611893
2012-09-26,2.606546
2012-09-27,2.603873
2012-09-28,2.600583
2012-09-29,2.596265
2012-09-30,2.59156
2012-10-01,2.588696
2012-10-02,2.583379
2012-10-03,2.578266
2012-10-04,2.574393
2012-10-05,2.571357
2012-10-06,2.566095
2012-10-07,2.562452
2012-10-08,2.558606
2012-10-09,2.554352
2012-10-10,2.549067
2012-10-11,2.544391
2012-10-12,2.540936
2012-10-13,2.537277
2012-10-14,2.533633
2012-10-15,2.529812
2012-10-16,2.525789
2012-10-17,2.521565
2012-10-18,2.516939
2012-10-19,2.512127
2012-10-20,2.505926
2012-10-21,2.500125
2012-10-22,2.496924
2012-10-23,2.493333
2012-10-24,2.489951
2012-10-25,2.487763
2012-10-26,2.483983
2012-10-27,2.480601
2012-10-28,2.477816
2012-10-29,2.474833
2012-10-30,2.470679
2012-10-31,2.46613
2012-11-01,2.461976
2012-11-02,2.455449
2012-11-03,2.45053
2012-11-04,2.445415
2012-11-05,2.438923
2012-11-06,2.434797
2012-11-07,2.434405
2012-11-08,2.431276
2012-11-09,2.427755
2012-11-10,2.422083
2012-11-11,2.417584
2012-11-12,2.41446
2012-11-13,2.412317
2012-11-14,2.40881
2012-11-15,2.401407
2012-11-16,2.394599
2012-11-17,2.396731
2012-11-18,2.392855
2012-11-19,2.390337
2012-11-20,2.412512
2012-11-21,2.431471
2012-11-22,2.435972
2012-11-23,2.436759
2012-11-24,2.439513
2012-11-25,2.438727
2012-11-26,2.439317
2012-11-27,2.441284
2012-11-28,2.449349
2012-11-29,2.480999
2012-11-30,2.564273
2012-12-01,2.646447
2012-12-02,2.792795
2012-12-03,2.847502
2012-12-04,2.883257
2012-12-05,2.923089
2012-12-06,2.952098
2012-12-07,2.978598
2012-12-08,3.000509
2012-12-09,3.015483
2012-12-10,3.025258
2012-12-11,3.03438
2012-12-12,3.041237
2012-12-13,3.049007
2012-12-14,3.052439
2012-12-15,3.055655
2012-12-16,3.058412
2012-12-17,3.066453
2012-12-18,3.075647
2012-12-19,3.085115
2012-12-20,3.096431
2012-12-21,3.114298
2012-12-22,3.141565
2012-12-23,3.19306
2012-12-24,3.22677
2012-12-25,3.25113
2012-12-26,3.272489
2012-12-27,3.283078
2012-12-28,3.293194
2012-12-29,3.299942
2012-12-30,3.307412
2012-12-31,3.318052
2013-01-01,3.326773
2013-01-02,3.335009
2013-01-03,3.350588
2013-01-04,3.358134
2013-01-05,3.364244
2013-01-06,3.37036
2013-01-07,3.372563
2013-01-08,3.375988
2013-01-09,3.382594
2013-01-10,3.383817
2013-01-11,3.393899
2013-01-12,3.400293
2013-01-13,3.408655
2013-01-14,3.410879
2013-01-15,3.415823
2013-01-16,3.417058
2013-01-17,3.417058
2013-01-18,3.417058
2013-01-19,3.417553
2013-01-20,3.419283
2013-01-21,3.422249
2013-01-22,3.423732
2013-01-23,3.428428
2013-01-24,3.433371
2013-01-25,3.43809
2013-01-26,3.445542
2013-01-27,3.452994
2013-01-28,3.457465
2013-01-29,3.462454
2013-01-30,3.467946
2013-01-31,3.473687
2013-02-01,3.47868
2013-02-02,3.485933
2013-02-03,3.493209
2013-02-04,3.496973
2013-02-05,3.502242
2013-02-06,3.5045
2013-02-07,3.510785
2013-02-08,3.517089
2013-02-09,3.522888
2013-02-10,3.531209
2013-02-11,3.538546
2013-02-12,3.540827
2013-02-13,3.546148
2013-02-14,3.550456
2013-02-15,3.55223
2013-02-16,3.557804
2013-02-17,3.561619
2013-02-18,3.564675
2013-02-19,3.571041
2013-02-20,3.574606
2013-02-21,3.57919
2013-02-22,3.584539
2013-02-23,3.589145
2013-02-24,3.595288
2013-02-25,3.597591
2013-02-26,3.603989
2013-02-27,3.607572
2013-02-28,3.610647
2013-03-01,3.614762
2013-03-02,3.619906
2013-03-03,3.624793
2013-03-04,3.629166
2013-03-05,3.633538
2013-03-06,3.643608
2013-03-07,3.651362
2013-03-08,3.657307
2013-03-09,3.66352
2013-03-10,3.667416
2013-03-11,3.670533
2013-03-12,3.671831
2013-03-13,3.67287
2013-03-14,3.677545
2013-03-15,3.681441
2013-03-16,3.684558
2013-03-17,3.690808
2013-03-18,3.694202
2013-03-19,3.695768
2013-03-20,3.707775
2013-03-21,3.714042
2013-03-22,3.722959
2013-03-23,3.732138
2013-03-24,3.739219
2013-03-25,3.743434
2013-03-26,3.748178
2013-03-27,3.752922
2013-03-28,3.756612
2013-03-29,3.75793
2013-03-30,3.761356
2013-03-31,3.771133
2013-04-01,3.775636
2013-04-02,3.783319
2013-04-03,3.788617
2013-04-04,3.799208
2013-04-05,3.809796
2013-04-06,3.822518
2013-04-07,3.83449
2013-04-08,3.842737
2013-04-09,3.850207
2013-04-10,3.856354
2013-04-11,3.862768
2013-04-12,3.868114
2013-04-13,3.873196
2013-04-14,3.876956
2013-04-15,3.880447
2013-04-16,3.882327
2013-04-17,3.883402
2013-04-18,3.88743
2013-04-19,3.883939
2013-04-20,3.88179
2013-04-21,3.878299
2013-04-22,3.875882
2013-04-23,3.870786
2013-04-24,3.862234
2013-04-25,3.853147
2013-04-26,3.838746
2013-04-27,3.827041
2013-04-28,3.815354
2013-04-29,3.803178
2013-04-30,3.788352
2013-05-01,3.774842
2013-05-02,3.761092
2013-05-03,3.748969
2013-05-04,3.735548
2013-05-05,3.723221
2013-05-06,3.710907
2013-05-07,3.699161
2013-05-08,3.683779
2013-05-09,3.671052
2013-05-10,3.65834
2013-05-11,3.644642
2013-05-12,3.6323
2013-05-13,3.61862
2013-05-14,3.602197
2013-05-15,3.586074
2013-05-16,3.570277
2013-05-17,3.55451
2013-05-18,3.540066
2013-05-19,3.526418
2013-05-20,3.514568
2013-05-21,3.501991
2013-05-22,3.486937
2013-05-23,3.468694
2013-05-24,3.452745
2013-05-25,3.437594
2013-05-26,3.423979
2013-05-27,3.41261
2013-05-28,3.400047
2013-05-29,3.386029
2013-05-30,3.374765
2013-05-31,3.362531
2013-06-01,3.350588
2013-06-02,3.338903
2013-06-03,3.328711
2013-06-04,3.318536
2013-06-05,3.307894
2013-06-06,3.29464
2013-06-07,3.278506
2013-06-08,3.25975
2013-06-09,3.243948
2013-06-10,3.230582
2013-06-11,3.21605
2013-06-12,3.20159
2013-06-13,3.186213
2013-06-14,3.171121
2013-06-15,3.155154
2013-06-16,3.138531
2013-06-17,3.12383
2013-06-18,3.106406
2013-06-19,3.089041
2013-06-20,3.073345
2013-06-21,3.059331
2013-06-22,3.04695
2013-06-23,3.030723
2013-06-24,3.019347
2013-06-25,3.011845
2013-06-26,3.000509
2013-06-27,2.987845
2013-06-28,2.971849
2013-06-29,2.956574
2013-06-30,2.938227
2013-07-01,2.921976
2013-07-02,2.904676
2013-07-03,2.889645
2013-07-04,2.870929
2013-07-05,2.853183
2013-07-06,2.836825
2013-07-07,2.820728
2013-07-08,2.805104
2013-07-09,2.787828
2013-07-10,2.761194
2013-07-11,2.744745
2013-07-12,2.729646
2013-07-13,2.714172
2013-07-14,2.698542
2013-07-15,2.683408
2013-07-16,2.668123
2013-07-17,2.65102
2013-07-18,2.636058
2013-07-19,2.618896
2013-07-20,2.603667
2013-07-21,2.585015
2013-07-22,2.569535
2013-07-23,2.552116
2013-07-24,2.537074
2013-07-25,2.520761
2013-07-26,2.505526
2013-07-27,2.488956
2013-07-28,2.474635
2013-07-29,2.460987
2013-07-30,2.446595
2013-07-31,2.433819
2013-08-01,2.420322
2013-08-02,2.407836
2013-08-03,2.396536
2013-08-04,2.38375
2013-08-05,2.377163
2013-08-06,2.364642
2013-08-07,2.352154
2013-08-08,2.34162
2013-08-09,2.329414
2013-08-10,2.318943
2013-08-11,2.307582
2013-08-12,2.294928
2013-08-13,2.281936
2013-08-14,2.267707
2013-08-15,2.25521
2013-08-16,2.243305
2013-08-17,2.231645
2013-08-18,2.220941
2013-08-19,2.21082
2013-08-20,2.198728
2013-08-21,2.188853
2013-08-22,2.178667
2013-08-23,2.168678
2013-08-24,2.160179
2013-08-25,2.152228
2013-08-26,2.145756
2013-08-27,2.136408
2013-08-28,2.12818
2013-08-29,2.115857
2013-08-30,2.107506
2013-08-31,2.101287
2013-09-01,2.093327
2013-09-02,2.087498
2013-09-03,2.082198
2013-09-04,2.073065
2013-09-05,2.065514
2013-09-06,2.057652
2013-09-07,2.049098
2013-09-08,2.040548
2013-09-09,2.032522
2013-09-10,2.026606
2013-09-11,2.020015
2013-09-12,2.013598
2013-09-13,2.006003
2013-09-14,1.998934
2013-09-15,1.993596
2013-09-16,1.984857
2013-09-17,1.978344
2013-09-18,1.969824
2013-09-19,1.961819
2013-09-20,1.95487
2013-09-21,1.949622
2013-09-22,1.944035
2013-09-23,1.939152
2013-09-24,1.933599
2013-09-25,1.928213
2013-09-26,1.923187
2013-09-27,1.918504
2013-09-28,1.912984
2013-09-29,1.908977
2013-09-30,1.905985
2013-10-01,1.899834
2013-10-02,1.894846
2013-10-03,1.890047
2013-10-04,1.883934
2013-10-05,1.877822
2013-10-06,1.873383
2013-10-07,1.86747
2013-10-08,1.859592
2013-10-09,1.853062
2013-10-10,1.846695
2013-10-11,1.843922
2013-10-12,1.837434
2013-10-13,1.832244
2013-10-14,1.827705
2013-10-15,1.821417
2013-10-16,1.814485
2013-10-17,1.808701
2013-10-18,1.801971
2013-10-19,1.796524
2013-10-20,1.791425
2013-10-21,1.78617
2013-10-22,1.782508
2013-10-23,1.777745
2013-10-24,1.772681
2013-10-25,1.770624
2013-10-26,1.766985
2013-10-27,1.760992
2013-10-28,1.757375
2013-10-29,1.754387
2013-10-30,1.749512
2013-10-31,1.744192
2013-11-01,1.735598
2013-11-02,1.728903
2013-11-03,1.723312
2013-11-04,1.71974
2013-11-05,1.716322
2013-11-06,1.712748
2013-11-07,1.710106
2013-11-08,1.707153
2013-11-09,1.704666
2013-11-10,1.701559
2013-11-11,1.700014
2013-11-12,1.699088
2013-11-13,1.694918
2013-11-14,1.693374
2013-11-15,1.692447
2013-11-16,1.688432
2013-11-17,1.688432
2013-11-18,1.688586
2013-11-19,1.695536
2013-11-20,1.704977
2013-11-21,1.70793
2013-11-22,1.703733
2013-11-23,1.701404
2013-11-24,1.70125
2013-11-25,1.702956
2013-11-26,1.702024
2013-11-27,1.698933
2013-11-28,1.69708
2013-11-29,1.6966
2013-11-30,1.695999
2013-12-01,1.6943
2013-12-02,1.693683
2013-12-03,1.690748
2013-12-04,1.689822
2013-12-05,1.690285
2013-12-06,1.689667
2013-12-07,1.689513
2013-12-08,1.688432
2013-12-09,1.686888
2013-12-10,1.686579
2013-12-11,1.685349
2013-12-12,1.683508
2013-12-13,1.684122
2013-12-14,1.683815
2013-12-15,1.682741
2013-12-16,1.68627
2013-12-17,1.68766
2013-12-18,1.683815
2013-12-19,1.680439
2013-12-20,1.676756
2013-12-21,1.674454
2013-12-22,1.673534
2013-12-23,1.671232
2013-12-24,1.67001
2013-12-25,1.667113
2013-12-26,1.665284
2013-12-27,1.664369
2013-12-28,1.664674
2013-12-29,1.672766
2013-12-30,1.673687
2013-12-31,1.67338
2014-01-01,1.668028
2014-01-02,1.664216
2014-01-03,1.66071
2014-01-04,1.656593
2014-01-05,1.655527
2014-01-06,1.656593
2014-01-07,1.656745
2014-01-08,1.657355
2014-01-09,1.65827
2014-01-10,1.657203
2014-01-11,1.656593
2014-01-12,1.65583
2014-01-13,1.657508
2014-01-14,1.656898
2014-01-15,1.656135
2014-01-16,1.656898
2014-01-17,1.65705
2014-01-18,1.656898
2014-01-19,1.65705
2014-01-20,1.65827
2014-01-21,1.65949
2014-01-22,1.659185
2014-01-23,1.65888
2014-01-24,1.657813
2014-01-25,1.657965
2014-01-26,1.659337
2014-01-27,1.65888
2014-01-28,1.65827
2014-01-29,1.658118
2014-01-30,1.657508
2014-01-31,1.65583
2014-02-01,1.654315
2014-02-02,1.652648
2014-02-03,1.651891
2014-02-04,1.651133
2014-02-05,1.65386
2014-02-06,1.657813
2014-02-07,1.657508
2014-02-08,1.661929
2014-02-09,1.666198
2014-02-10,1.669553
2014-02-11,1.671846
2014-02-12,1.674301
2014-02-13,1.679058
2014-02-14,1.685656
2014-02-15,1.695381
2014-02-16,1.705132
2014-02-17,1.711038
2014-02-18,1.716322
2014-02-19,1.718653
2014-02-20,1.720827
2014-02-21,1.723933
2014-02-22,1.72766
2014-02-23,1.730766
2014-02-24,1.732009
2014-02-25,1.732474
2014-02-26,1.73591
2014-02-27,1.755488
2014-02-28,1.773314
2014-03-01,1.781234
2014-03-02,1.793654
2014-03-03,1.825609
2014-03-04,1.852898
2014-03-05,1.876668
2014-03-06,1.90665
2014-03-07,1.927708
2014-03-08,1.941172
2014-03-09,1.958595
2014-03-10,1.980915
2014-03-11,1.999968
2014-03-12,2.017067
2014-03-13,2.031824
2014-03-14,2.040373
2014-03-15,2.049447
2014-03-16,2.05451
2014-03-17,2.06219
2014-03-18,2.065865
2014-03-19,2.068324
2014-03-20,2.074294
2014-03-21,2.077806
2014-03-22,2.079562
2014-03-23,2.082375
2014-03-24,2.085555
2014-03-25,2.086261
2014-03-26,2.091914
2014-03-27,2.09739
2014-03-28,2.113902
2014-03-29,2.154574
2014-03-30,2.176303
2014-03-31,2.198728
2014-04-01,2.224621
2014-04-02,2.243305
2014-04-03,2.257071
2014-04-04,2.273137
2014-04-05,2.287773
2014-04-06,2.3002
2014-04-07,2.313073
2014-04-08,2.325986
2014-04-09,2.339896
2014-04-10,2.350239
2014-04-11,2.360597
2014-04-12,2.368109
2014-04-13,2.373503
2014-04-14,2.381038
2014-04-15,2.386268
2014-04-16,2.390337
2014-04-17,2.395374
2014-04-18,2.398095
2014-04-19,2.399848
2014-04-20,2.400822
2014-04-21,2.404524
2014-04-22,2.404134
2014-04-23,2.405303
2014-04-24,2.407252
2014-04-25,2.408615
2014-04-26,2.40881
2014-04-27,2.409005
2014-04-28,2.409395
2014-04-29,2.4092
2014-04-30,2.40881
2014-05-01,2.407446
2014-05-02,2.404719
2014-05-03,2.400822
2014-05-04,2.39712
2014-05-05,2.393049
2014-05-06,2.388787
2014-05-07,2.380844
2014-05-08,2.374851
2014-05-09,2.367724
2014-05-10,2.358093
2014-05-11,2.348324
2014-05-12,2.342961
2014-05-13,2.337033
2014-05-14,2.329985
2014-05-15,2.321224
2014-05-16,2.313641
2014-05-17,2.304363
2014-05-18,2.295681
2014-05-19,2.288714
2014-05-20,2.281
2014-05-21,2.274073
2014-05-22,2.264899
2014-05-23,2.256327
2014-05-24,2.24702
2014-05-25,2.237382
2014-05-26,2.227388
2014-05-27,2.218365
2014-05-28,2.208796
2014-05-29,2.200009
2014-05-30,2.187944
2014-05-31,2.177212
2014-06-01,2.167232
2014-06-02,2.157286
2014-06-03,2.146835
2014-06-04,2.137847
2014-06-05,2.128001
2014-06-06,2.119065
2014-06-07,2.10946
2014-06-08,2.100398
2014-06-09,2.092267
2014-06-10,2.083788
2014-06-11,2.07447
2014-06-12,2.065163
2014-06-13,2.054161
2014-06-14,2.043863
2014-06-15,2.034441
2014-06-16,2.023311
2014-06-17,2.013425
2014-06-18,2.003244
2014-06-19,1.993082
2014-06-20,1.981943
2014-06-21,1.968632
2014-06-22,1.954532
2014-06-23,1.941508
2014-06-24,1.92754
2014-06-25,1.914824
2014-06-26,1.901496
2014-06-27,1.88856
2014-06-28,1.875682
2014-06-29,1.862706
2014-06-30,1.851266
2014-07-01,1.840678
2014-07-02,1.834677
2014-07-03,1.826415
2014-07-04,1.815774
2014-07-05,1.807579
2014-07-06,1.799728
2014-07-07,1.79238
2014-07-08,1.784896
2014-07-09,1.777745
2014-07-10,1.767302
2014-07-11,1.756117
2014-07-12,1.746692
2014-07-13,1.737942
2014-07-14,1.729213
2014-07-15,1.720672
2014-07-16,1.709484
2014-07-17,1.69847
2014-07-18,1.69044
2014-07-19,1.683048
2014-07-20,1.672153
2014-07-21,1.662844
2014-07-22,1.654315
2014-07-23,1.644468
2014-07-24,1.636766
2014-07-25,1.628037
2014-07-26,1.618001
2014-07-27,1.609186
2014-07-28,1.600122
2014-07-29,1.590646
2014-07-30,1.581789
2014-07-31,1.575037
2014-08-01,1.564489
2014-08-02,1.559098
2014-08-03,1.551378
2014-08-04,1.541101
2014-08-05,1.531872
2014-08-06,1.519242
2014-08-07,1.508102
2014-08-08,1.499587
2014-08-09,1.491658
2014-08-10,1.484751
2014-08-11,1.47968
2014-08-12,1.474078
2014-08-13,1.467916
2014-08-14,1.462201
2014-08-15,1.455384
2014-08-16,1.449284
2014-08-17,1.443066
2014-08-18,1.437133
2014-08-19,1.430408
2014-08-20,1.424095
2014-08-21,1.418749
2014-08-22,1.41217
2014-08-23,1.406173
2014-08-24,1.398278
2014-08-25,1.391647
2014-08-26,1.385022
2014-08-27,1.379374
2014-08-28,1.369711
2014-08-29,1.360108
2014-08-30,1.351214
2014-08-31,1.342087
2014-09-01,1.334984
2014-09-02,1.32581
2014-09-03,1.316673
2014-09-04,1.308629
2014-09-05,1.300872
2014-09-06,1.292885
2014-09-07,1.285457
2014-09-08,1.276773
2014-09-09,1.269405
2014-09-10,1.262697
2014-09-11,1.256389
2014-09-12,1.251359
2014-09-13,1.245848
2014-09-14,1.241464
2014-09-15,1.231883
2014-09-16,1.227167
2014-09-17,1.22198
2014-09-18,1.215686
2014-09-19,1.210903
2014-09-20,1.203184
2014-09-21,1.195999
2014-09-22,1.188596
2014-09-23,1.186299
2014-09-24,1.182914
2014-09-25,1.18231
2014-09-26,1.178452
2014-09-27,1.17449
2014-09-28,1.168608
2014-09-29,1.162846
2014-09-30,1.157084
2014-10-01,1.150877
2014-10-02,1.146349
2014-10-03,1.143492
2014-10-04,1.139588
2014-10-05,1.134855
2014-10-06,1.134382
2014-10-07,1.135328
2014-10-08,1.133672
2014-10-09,1.132371
2014-10-10,1.127905
2014-10-11,1.123912
2014-10-12,1.120505
2014-10-13,1.11794
2014-10-14,1.117823
2014-10-15,1.116191
2014-10-16,1.116657
2014-10-17,1.115724
2014-10-18,1.113976
2014-10-19,1.11176
2014-10-20,1.111411
2014-10-21,1.111177
2014-10-22,1.109079
2014-10-23,1.105951
2014-10-24,1.109662
2014-10-25,1.118289
2014-10-26,1.115724
2014-10-27,1.113159
2014-10-28,1.109778
2014-10-29,1.108962
2014-10-30,1.110128
2014-10-31,1.108846
2014-11-01,1.110361
2014-11-02,1.111294
2014-11-03,1.109079
2014-11-04,1.105604
2014-11-05,1.102711
2014-11-06,1.099239
2014-11-07,1.094744
2014-11-08,1.090723
2014-11-09,1.086357
2014-11-10,1.082247
2014-11-11,1.078941
2014-11-12,1.074608
2014-11-13,1.072342
2014-11-14,1.067361
2014-11-15,1.064305
2014-11-16,1.059352
2014-11-17,1.054184
2014-11-18,1.052499
2014-11-19,1.052387
2014-11-20,1.054297
2014-11-21,1.052612
2014-11-22,1.054184
2014-11-23,1.053061
2014-11-24,1.051825
2014-11-25,1.050933
2014-11-26,1.048034
2014-11-27,1.046696
2014-11-28,1.046807
2014-11-29,1.046027
2014-11-30,1.047922
2014-12-01,1.049149
2014-12-02,1.049372
2014-12-03,1.05587
2014-12-04,1.067701
2014-12-05,1.081677
2014-12-06,1.110478
2014-12-07,1.124382
2014-12-08,1.13734
2014-12-09,1.14909
2014-12-10,1.170769
2014-12-11,1.30216
2014-12-12,1.367443
2014-12-13,1.400864
2014-12-14,1.426564
2014-12-15,1.444862
2014-12-16,1.463175
2014-12-17,1.494904
2014-12-18,1.53101
2014-12-19,1.588727
2014-12-20,1.644771
2014-12-21,1.691521
2014-12-22,1.722846
2014-12-23,1.749669
2014-12-24,1.772207
2014-12-25,1.793176
2014-12-26,1.808861
2014-12-27,1.824319
2014-12-28,1.838245
2014-12-29,1.849144
2014-12-30,1.858939
2014-12-31,1.867305
2015-01-01,1.876339
2015-01-02,1.885752
2015-01-03,1.891534
2015-01-04,1.898337
2015-01-05,1.903325
2015-01-06,1.906982
2015-01-07,1.911312
2015-01-08,1.915828
2015-01-09,1.91934
2015-01-10,1.924191
2015-01-11,1.927877
2015-01-12,1.932589
2015-01-13,1.931747
2015-01-14,1.932589
2015-01-15,1.935618
2015-01-16,1.939657
2015-01-17,1.94522
2015-01-18,1.949283
2015-01-19,1.950468
2015-01-20,1.956902
2015-01-21,1.961649
2015-01-22,1.968462
2015-01-23,1.972209
2015-01-24,1.974423
2015-01-25,1.980572
2015-01-26,1.988113
2015-01-27,1.989141
2015-01-28,1.994282
2015-01-29,2.003761
2015-01-30,2.003072
2015-01-31,2.00083
2015-02-01,2.003761
2015-02-02,2.008589
2015-02-03,2.009796
2015-02-04,2.019668
2015-02-05,2.0273
2015-02-06,2.070782
2015-02-07,2.15385
2015-02-08,2.220757
2015-02-09,2.312505
2015-02-10,2.365605
2015-02-11,2.404329
2015-02-12,2.434797
2015-02-13,2.459405
2015-02-14,2.476622
2015-02-15,2.492935
2015-02-16,2.505726
2015-02-17,2.519956
2015-02-18,2.535448
2015-02-19,2.546018
2015-02-20,2.557594
2015-02-21,2.569535
2015-02-22,2.578266
2015-02-23,2.589105
2015-02-24,2.594423
2015-02-25,2.598321
2015-02-26,2.602228
2015-02-27,2.606546
2015-02-28,2.612715
2015-03-01,2.621171
2015-03-02,2.625306
2015-03-03,2.626547
2015-03-04,2.629028
2015-03-05,2.630889
2015-03-06,2.633577
2015-03-07,2.634818
2015-03-08,2.638754
2015-03-09,2.640833
2015-03-10,2.644368
2015-03-11,2.647486
2015-03-12,2.649565
2015-03-13,2.651852
2015-03-14,2.654763
2015-03-15,2.656842
2015-03-16,2.662479
2015-03-17,2.661434
2015-03-18,2.662061
2015-03-19,2.665197
2015-03-20,2.66666
2015-03-21,2.665824
2015-03-22,2.667287
2015-03-23,2.668123
2015-03-24,2.668751
2015-03-25,2.671886
2015-03-26,2.674395
2015-03-27,2.676904
2015-03-28,2.678576
2015-03-29,2.683198
2015-03-30,2.686561
2015-03-31,2.689083
2015-04-01,2.689714
2015-04-02,2.690344
2015-04-03,2.693707
2015-04-04,2.694758
2015-04-05,2.697281
2015-04-06,2.699593
2015-04-07,2.70424
2015-04-08,2.705719
2015-04-09,2.710157
2015-04-10,2.712904
2015-04-11,2.713749
2015-04-12,2.716919
2015-04-13,2.717553
2015-04-14,2.720301
2015-04-15,2.721996
2015-04-16,2.721996
2015-04-17,2.720723
2015-04-18,2.719033
2015-04-19,2.718821
2015-04-20,2.718399
2015-04-21,2.716074
2015-04-22,2.713538
2015-04-23,2.7091
2015-04-24,2.703817
2015-04-25,2.697491
2015-04-26,2.688453
2015-04-27,2.683198
2015-04-28,2.676485
2015-04-29,2.66896
2015-04-30,2.662479
2015-05-01,2.654555
2015-05-02,2.64707
2015-05-03,2.638339
2015-05-04,2.631509
2015-05-05,2.621998
2015-05-06,2.613332
2015-05-07,2.607369
2015-05-08,2.598527
2015-05-09,2.589514
2015-05-10,2.580925
2015-05-11,2.572571
2015-05-12,2.565285
2015-05-13,2.556987
2015-05-14,2.545611
2015-05-15,2.540123
2015-05-16,2.53303
2015-05-17,2.525387
2015-05-18,2.516537
2015-05-19,2.506126
2015-05-20,2.501125
2015-05-21,2.492736
2015-05-22,2.484182
2015-05-23,2.473449
2015-05-24,2.463559
2015-05-25,2.454661
2015-05-26,2.446595
2015-05-27,2.438727
2015-05-28,2.42932
2015-05-29,2.421887
2015-05-30,2.413097
2015-05-31,2.404134
2015-06-01,2.39712
2015-06-02,2.39053
2015-06-03,2.383362
2015-06-04,2.378325
2015-06-05,2.371577
2015-06-06,2.365605
2015-06-07,2.359441
2015-06-08,2.353878
2015-06-09,2.346983
2015-06-10,2.339322
2015-06-11,2.332271
2015-06-12,2.325414
2015-06-13,2.318185
2015-06-14,2.311558
2015-06-15,2.303416
2015-06-16,2.294551
2015-06-17,2.287961
2015-06-18,2.281374
2015-06-19,2.273137
2015-06-20,2.26621
2015-06-21,2.259119
2015-06-22,2.250929
2015-06-23,2.244415
2015-06-24,2.237567
2015-06-25,2.23257
2015-06-26,2.227388
2015-06-27,2.219469
2015-06-28,2.210636
2015-06-29,2.20257
2015-06-30,2.19818
2015-07-01,2.193789
2015-07-02,2.187944
2015-07-03,2.180305
2015-07-04,2.171938
2015-07-05,2.163434
2015-07-06,2.154574
2015-07-07,2.146296
2015-07-08,2.138386
2015-07-09,2.131576
2015-07-10,2.124069
2015-07-11,2.11639
2015-07-12,2.109282
2015-07-13,2.102353
2015-07-14,2.094917
2015-07-15,2.088558
2015-07-16,2.082022
2015-07-17,2.075699
2015-07-18,2.07008
2015-07-19,2.065339
2015-07-20,2.058525
2015-07-21,2.052764
2015-07-22,2.045084
2015-07-23,2.037756
2015-07-24,2.031126
2015-07-25,2.023657
2015-07-26,2.016026
2015-07-27,2.008416
2015-07-28,2.004796
2015-07-29,1.999623
2015-07-30,1.994796
2015-07-31,1.99034
2015-08-01,1.984514
2015-08-02,1.978687
2015-08-03,1.972549
2015-08-04,1.966418
2015-08-05,1.959103
2015-08-06,1.951315
2015-08-07,1.943023
2015-08-08,1.936291
2015-08-09,1.928886
2015-08-10,1.923187
2015-08-11,1.916831
2015-08-12,1.907814
2015-08-13,1.901829
2015-08-14,1.892855
2015-08-15,1.884926
2015-08-16,1.878813
2015-08-17,1.875518
2015-08-18,1.871083
2015-08-19,1.864842
2015-08-20,1.857959
2015-08-21,1.851103
2015-08-22,1.843759
2015-08-23,1.838407
2015-08-24,1.83046
2015-08-25,1.823997
2015-08-26,1.818515
2015-08-27,1.812389
2015-08-28,1.806458
2015-08-29,1.800209
2015-08-30,1.795246
2015-08-31,1.788558
2015-09-01,1.782826
2015-09-02,1.775846
2015-09-03,1.768251
2015-09-04,1.760363
2015-09-05,1.752343
2015-09-06,1.744036
2015-09-07,1.737004
2015-09-08,1.729368
2015-09-09,1.724554
2015-09-10,1.719119
2015-09-11,1.712437
2015-09-12,1.706065
2015-09-13,1.697852
2015-09-14,1.691057
2015-09-15,1.683048
2015-09-16,1.677216
2015-09-17,1.671078
2015-09-18,1.665589
2015-09-19,1.661472
2015-09-20,1.655072
2015-09-21,1.651133
2015-09-22,1.646437
2015-09-23,1.641741
2015-09-24,1.635261
2015-09-25,1.631047
2015-09-26,1.62593
2015-09-27,1.619795
2015-09-28,1.613664
2015-09-29,1.607849
2015-09-30,1.6025
2015-10-01,1.595075
2015-10-02,1.587841
2015-10-03,1.578263
2015-10-04,1.570638
2015-10-05,1.56245
2015-10-06,1.554727
2015-10-07,1.546456
2015-10-08,1.538785
2015-10-09,1.532879
2015-10-10,1.530147
2015-10-11,1.526983
2015-10-12,1.519099
2015-10-13,1.511814
2015-10-14,1.505548
2015-10-15,1.500439
2015-10-16,1.494054
2015-10-17,1.485174
2015-10-18,1.476879
2015-10-19,1.467636
2015-10-20,1.456358
2015-10-21,1.451357
2015-10-22,1.448179
2015-10-23,1.44279
2015-10-24,1.439888
2015-10-25,1.436722
2015-10-26,1.433016
2015-10-27,1.429172
2015-10-28,1.428212
2015-10-29,1.422587
2015-10-30,1.419023
2015-10-31,1.416282
2015-11-01,1.412856
2015-11-02,1.410257
2015-11-03,1.403451
2015-11-04,1.399639
2015-11-05,1.394486
2015-11-06,1.389213
2015-11-07,1.384751
2015-11-08,1.381926
2015-11-09,1.38018
2015-11-10,1.377897
2015-11-11,1.375614
2015-11-12,1.373465
2015-11-13,1.370914
2015-11-14,1.36731
2015-11-15,1.36811
2015-11-16,1.367577
2015-11-17,1.363709
2015-11-18,1.359975
2015-11-19,1.355452
2015-11-20,1.352803
2015-11-21,1.352273
2015-11-22,1.351081
2015-11-23,1.344856
2015-11-24,1.34235
2015-11-25,1.340246
2015-11-26,1.337088
2015-11-27,1.335115
2015-11-28,1.333405
2015-11-29,1.330513
2015-11-30,1.328945
2015-12-01,1.325026
2015-12-02,1.322936
2015-12-03,1.320977
2015-12-04,1.320454
2015-12-05,1.320062
2015-12-06,1.321499
2015-12-07,1.320193
2015-12-08,1.319017
2015-12-09,1.322936
2015-12-10,1.331826
2015-12-11,1.334326
2015-12-12,1.338667
2015-12-13,1.355982
2015-12-14,1.359841
2015-12-15,1.358374
2015-12-16,1.359708
2015-12-17,1.359441
2015-12-18,1.362509
2015-12-19,1.363442
2015-12-20,1.36691
2015-12-21,1.377494
2015-12-22,1.389078
2015-12-23,1.398142
2015-12-24,1.406446
2015-12-25,1.410938
2015-12-26,1.416693
2015-12-27,1.423821
2015-12-28,1.426839
2015-12-29,1.4278
2015-12-30,1.427113
2015-12-31,1.427251
2016-01-01,1.427937
2016-01-02,1.430957
2016-01-03,1.4348
2016-01-04,1.439888
2016-01-05,1.452048
2016-01-06,1.468056
2016-01-07,1.47982
2016-01-08,1.487852
2016-01-09,1.496323
2016-01-10,1.503277
2016-01-11,1.509671
2016-01-12,1.515385
2016-01-13,1.537049
2016-01-14,1.562012
2016-01-15,1.584446
2016-01-16,1.60562
2016-01-17,1.662692
2016-01-18,1.720827
2016-01-19,1.80069
2016-01-20,1.858775
2016-01-21,1.899501
2016-01-22,1.957579
2016-01-23,2.038279
2016-01-24,2.095094
2016-01-25,2.138566
2016-01-26,2.179395
2016-01-27,2.20806
2016-01-28,2.234421
2016-01-29,2.273137
2016-01-30,2.312505
2016-01-31,2.346025
2016-02-01,2.375622
2016-02-02,2.400433
2016-02-03,2.422083
2016-02-04,2.441481
2016-02-05,2.457229
2016-02-06,2.472064
2016-02-07,2.483585
2016-02-08,2.496524
2016-02-09,2.505326
2016-02-10,2.514928
2016-02-11,2.521766
2016-02-12,2.532024
2016-02-13,2.541139
2016-02-14,2.550286
2016-02-15,2.560225
2016-02-16,2.569131
2016-02-17,2.582561
2016-02-18,2.605107
2016-02-19,2.625306
2016-02-20,2.644368
2016-02-21,2.66018
2016-02-22,2.676904
2016-02-23,2.690554
2016-02-24,2.705296
2016-02-25,2.718821
2016-02-26,2.731133
2016-02-27,2.744318
2016-02-28,2.758203
2016-02-29,2.76612
2016-03-01,2.774282
2016-03-02,2.785453
2016-03-03,2.802729
2016-03-04,2.820293
2016-03-05,2.883477
2016-03-06,2.971399
2016-03-07,3.04078
2016-03-08,3.091582
2016-03-09,3.133398
2016-03-10,3.208462
2016-03-11,3.311511
2016-03-12,3.429911
2016-03-13,3.582246
2016-03-14,3.708819
2016-03-15,3.793119
2016-03-16,3.850207
2016-03-17,3.894951
2016-03-18,3.903296
2016-03-19,3.905994
2016-03-20,3.91193
2016-03-21,3.923534
2016-03-22,3.931113
2016-03-23,3.938705
2016-03-24,3.944941
2016-03-25,3.953076
2016-03-26,3.964518
2016-03-27,3.975962
2016-03-28,3.990997
2016-03-29,4.003863
2016-03-30,4.01732
2016-03-31,4.026672
2016-04-01,4.039342
2016-04-02,4.050949
2016-04-03,4.058134
2016-04-04,4.06644
2016-04-05,4.077546
2016-04-06,4.083933
2016-04-07,4.08782
2016-04-08,4.095338
2016-04-09,4.107055
2016-04-10,4.115425
2016-04-11,4.126901
2016-04-12,4.134189
2016-04-13,4.142878
2016-04-14,4.151026
2016-04-15,4.159192
2016-04-16,4.16595
2016-04-17,4.17299
2016-04-18,4.175527
2016-04-19,4.179771
2016-04-20,4.184298
2016-04-21,4.189108
2016-04-22,4.197878
2016-04-23,4.202688
2016-04-24,4.206665
2016-04-25,4.208371
2016-04-26,4.214057
2016-04-27,4.220596
2016-04-28,4.222586
2016-04-29,4.226566
2016-04-30,4.233111
2016-05-01,4.234824
2016-05-02,4.233396
2016-05-03,4.231683
2016-05-04,4.229977
2016-05-05,4.228272
2016-05-06,4.227419
2016-05-07,4.225997
2016-05-08,4.22486
2016-05-09,4.223723
2016-05-10,4.220596
2016-05-11,4.219459
2016-05-12,4.215763
2016-05-13,4.213773
2016-05-14,4.213204
2016-05-15,4.213204
2016-05-16,4.211214
2016-05-17,4.209793
2016-05-18,4.203538
2016-05-19,4.198161
2016-05-20,4.1942
2016-05-21,4.1942
2016-05-22,4.196464
2016-05-23,4.193917
2016-05-24,4.189108
2016-05-25,4.184581
2016-05-26,4.184581
2016-05-27,4.181468
2016-05-28,4.178639
2016-05-29,4.174398
2016-05-30,4.172427
2016-05-31,4.167076
2016-06-01,4.1606
2016-06-02,4.153842
2016-06-03,4.146241
2016-06-04,4.138954
2016-06-05,4.128583
2016-06-06,4.122417
2016-06-07,4.114309
2016-06-08,4.106218
2016-06-09,4.098686
2016-06-10,4.092269
2016-06-11,4.080878
2016-06-12,4.069772
2016-06-13,4.062832
2016-06-14,4.053988
2016-06-15,4.04708
2016-06-16,4.040447
2016-06-17,4.034923
2016-06-18,4.025021
2016-06-19,4.01402
2016-06-20,4.006053
2016-06-21,3.997567
2016-06-22,3.990997
2016-06-23,3.983605
2016-06-24,3.971875
2016-06-25,3.959614
2016-06-26,3.94928
2016-06-27,3.942501
2016-06-28,3.934909
2016-06-29,3.92813
2016-06-30,3.920296
2016-07-01,3.908423
2016-07-02,3.895488
2016-07-03,3.883133
2016-07-04,3.870519
2016-07-05,3.859027
2016-07-06,3.84887
2016-07-07,3.837948
2016-07-08,3.827839
2016-07-09,3.81509
2016-07-10,3.800531
2016-07-11,3.785438
2016-07-12,3.772723
2016-07-13,3.762147
2016-07-14,3.752131
2016-07-15,3.74317
2016-07-16,3.729253
2016-07-17,3.715091
2016-07-18,3.703859
2016-07-19,3.692896
2016-07-20,3.68274
2016-07-21,3.671312
2016-07-22,3.658599
2016-07-23,3.644125
2016-07-24,3.630452
2016-07-25,3.618877
2016-07-26,3.606804
2016-07-27,3.595799
2016-07-28,3.584283
2016-07-29,3.57206
2016-07-30,3.558311
2016-07-31,3.544374
2016-08-01,3.529948
2016-08-02,3.516837
2016-08-03,3.502493
2016-08-04,3.490449
2016-08-05,3.47843
2016-08-06,3.46495
2016-08-07,3.452497
2016-08-08,3.438836
2016-08-09,3.42472
2016-08-10,3.410632
2016-08-11,3.397096
2016-08-12,3.383083
2016-08-13,3.36718
2016-08-14,3.352535
2016-08-15,3.342311
2016-08-16,3.329922
2016-08-17,3.318294
2016-08-18,3.305484
2016-08-19,3.292713
2016-08-20,3.278746
2016-08-21,3.263584
2016-08-22,3.250652
2016-08-23,3.239878
2016-08-24,3.227485
2016-08-25,3.214386
2016-08-26,3.202301
2016-08-27,3.1881
2016-08-28,3.173008
2016-08-29,3.158673
2016-08-30,3.146711
2016-08-31,3.132231
2016-09-01,3.119637
2016-09-02,3.107102
2016-09-03,3.094815
2016-09-04,3.079573
2016-09-05,3.064615
2016-09-06,3.052669
2016-09-07,3.041465
2016-09-08,3.028895
2016-09-09,3.018665
2016-09-10,3.009345
2016-09-11,2.997569
2016-09-12,2.98694
2016-09-13,2.976798
2016-09-14,2.968699
2016-09-15,2.958588
2016-09-16,2.943147
2016-09-17,2.929322
2016-09-18,2.917968
2016-09-19,2.907554
2016-09-20,2.896484
2016-09-21,2.884138
2016-09-22,2.873125
2016-09-23,2.862604
2016-09-24,2.852307
2016-09-25,2.842708
2016-09-26,2.837478
2016-09-27,2.832248
2016-09-28,2.827241
2016-09-29,2.819425
2016-09-30,2.811392
2016-10-01,2.803377
2016-10-02,2.795819
2016-10-03,2.787181
2016-10-04,2.778149
2016-10-05,2.769771
2016-10-06,2.760766
2016-10-07,2.755853
2016-10-08,2.746881
2016-10-09,2.738995
2016-10-10,2.731133
2016-10-11,2.723696
2016-10-12,2.716497
2016-10-13,2.711213
2016-10-14,2.711847
2016-10-15,2.71227
2016-10-16,2.711213
2016-10-17,2.7091
2016-10-18,2.704662
2016-10-19,2.700436
2016-10-20,2.695599
2016-10-21,2.689924
2016-10-22,2.680676
2016-10-23,2.670841
2016-10-24,2.665824
2016-10-25,2.670841
2016-10-26,2.676694
2016-10-27,2.688873
2016-10-28,2.697701
2016-10-29,2.709946
2016-10-30,2.738783
2016-10-31,2.765261
2016-11-01,2.783948
2016-11-02,2.800354
2016-11-03,2.80532
2016-11-04,2.811174
2016-11-05,2.812911
2016-11-06,2.814648
2016-11-07,2.817254
2016-11-08,2.820076
2016-11-09,2.822248
2016-11-10,2.824202
2016-11-11,2.824419
2016-11-12,2.824419
2016-11-13,2.82355
2016-11-14,2.821596
2016-11-15,2.819425
2016-11-16,2.816385
2016-11-17,2.81378
2016-11-18,2.812477
2016-11-19,2.821379
2016-11-20,2.835517
2016-11-21,2.844887
2016-11-22,2.85143
2016-11-23,2.85888
2016-11-24,2.868739
2016-11-25,2.876869
2016-11-26,2.887882
2016-11-27,2.896484
2016-11-28,2.904012
2016-11-29,2.906447
2016-11-30,2.910211
2016-12-01,2.912868
2016-12-02,2.917968
2016-12-03,2.920862
2016-12-04,2.922643
2016-12-05,2.923311
2016-12-06,2.923979
2016-12-07,2.926651
2016-12-08,2.92999
2016-12-09,2.935333
2016-12-10,2.965099
2016-12-11,2.986714
2016-12-12,2.996212
2016-12-13,3.009117
2016-12-14,3.036437
2016-12-15,3.149525
2016-12-16,3.214623
2016-12-17,3.257595
2016-12-18,3.288857
2016-12-19,3.310786
2016-12-20,3.327257
2016-12-21,3.334524
2016-12-22,3.336712
2016-12-23,3.34864
2016-12-24,3.353752
2016-12-25,3.353509
2016-12-26,3.352779
2016-12-27,3.351075
2016-12-28,3.349857
2016-12-29,3.345232
2016-12-30,3.343285
2016-12-31,3.34158
