STATION_ID,DURATION,SENSOR_NUMBER,SENS_TYPE,DATE TIME,OBS DATE,VALUE,DATA_FLAG,UNITS
SHA,D,6,RES ELE,1985-01-01 00:00,1985-01-01 00:00,996.01,,FEET
SHA,D,6,RES ELE,1985-01-02 00:00,1985-01-02 00:00,,,FEET
SHA,D,6,RES ELE,1985-01-03 00:00,1985-01-03 00:00,,,FEET
SHA,D,6,RES ELE,1985-01-04 00:00,1985-01-04 00:00,,,FEET
SHA,D,6,RES ELE,1985-01-05 00:00,1985-01-05 00:00,,,FEET
SHA,D,6,RES ELE,1985-01-06 00:00,1985-01-06 00:00,,,FEET
SHA,D,6,RES ELE,1985-01-07 00:00,1985-01-07 00:00,,,FEET
SHA,D,6,RES ELE,1985-01-08 00:00,1985-01-08 00:00,,,FEET
SHA,D,6,RES ELE,1985-01-09 00:00,1985-01-09 00:00,,,FEET
SHA,D,6,RES ELE,1985-01-10 00:00,1985-01-10 00:00,,,FEET
SHA,D,6,RES ELE,1985-01-11 00:00,1985-01-11 00:00,,,FEET
SHA,D,6,RES ELE,1985-01-12 00:00,1985-01-12 00:00,,,FEET
SHA,D,6,RES ELE,1985-01-13 00:00,1985-01-13 00:00,,,FEET
SHA,D,6,RES ELE,1985-01-14 00:00,1985-01-14 00:00,,,FEET
SHA,D,6,RES ELE,1985-01-15 00:00,1985-01-15 00:00,,,FEET
SHA,D,6,RES ELE,1985-01-16 00:00,1985-01-16 00:00,,,FEET
SHA,D,6,RES ELE,1985-01-17 00:00,1985-01-17 00:00,,,FEET
SHA,D,6,RES ELE,1985-01-18 00:00,1985-01-18 00:00,,,FEET
SHA,D,6,RES ELE,1985-01-19 00:00,1985-01-19 00:00,,,FEET
SHA,D,6,RES ELE,1985-01-20 00:00,1985-01-20 00:00,,,FEET
SHA,D,6,RES ELE,1985-01-21 00:00,1985-01-21 00:00,,,FEET
SHA,D,6,RES ELE,1985-01-22 00:00,1985-01-22 00:00,,,FEET
SHA,D,6,RES ELE,1985-01-23 00:00,1985-01-23 00:00,,,FEET
SHA,D,6,RES ELE,1985-01-24 00:00,1985-01-24 00:00,,,FEET
SHA,D,6,RES ELE,1985-01-25 00:00,1985-01-25 00:00,,,FEET
SHA,D,6,RES ELE,1985-01-26 00:00,1985-01-26 00:00,,,FEET
SHA,D,6,RES ELE,1985-01-27 00:00,1985-01-27 00:00,,,FEET
SHA,D,6,RES ELE,1985-01-28 00:00,1985-01-28 00:00,,,FEET
SHA,D,6,RES ELE,1985-01-29 00:00,1985-01-29 00:00,,,FEET
SHA,D,6,RES ELE,1985-01-30 00:00,1985-01-30 00:00,,,FEET
SHA,D,6,RES ELE,1985-01-31 00:00,1985-01-31 00:00,,,FEET
SHA,D,6,RES ELE,1985-02-01 00:00,1985-02-01 00:00,,,FEET
SHA,D,6,RES ELE,1985-02-02 00:00,1985-02-02 00:00,,,FEET
SHA,D,6,RES ELE,1985-02-03 00:00,1985-02-03 00:00,,,FEET
SHA,D,6,RES ELE,1985-02-04 00:00,1985-02-04 00:00,,,FEET
SHA,D,6,RES ELE,1985-02-05 00:00,1985-02-05 00:00,,,FEET
SHA,D,6,RES ELE,1985-02-06 00:00,1985-02-06 00:00,,,FEET
SHA,D,6,RES ELE,1985-02-07 00:00,1985-02-07 00:00,,,FEET
SHA,D,6,RES ELE,1985-02-08 00:00,1985-02-08 00:00,,,FEET
SHA,D,6,RES ELE,1985-02-09 00:00,1985-02-09 00:00,,,FEET
SHA,D,6,RES ELE,1985-02-10 00:00,1985-02-10 00:00,,,FEET
SHA,D,6,RES ELE,1985-02-11 00:00,1985-02-11 00:00,,,FEET
SHA,D,6,RES ELE,1985-02-12 00:00,1985-02-12 00:00,,,FEET
SHA,D,6,RES ELE,1985-02-13 00:00,1985-02-13 00:00,1015.26,,FEET
SHA,D,6,RES ELE,1985-02-14 00:00,1985-02-14 00:00,1015.51,,FEET
SHA,D,6,RES ELE,1985-02-15 00:00,1985-02-15 00:00,,,FEET
SHA,D,6,RES ELE,1985-02-16 00:00,1985-02-16 00:00,,,FEET
SHA,D,6,RES ELE,1985-02-17 00:00,1985-02-17 00:00,,,FEET
SHA,D,6,RES ELE,1985-02-18 00:00,1985-02-18 00:00,1016.51,,FEET
SHA,D,6,RES ELE,1985-02-19 00:00,1985-02-19 00:00,1016.82,,FEET
SHA,D,6,RES ELE,1985-02-20 00:00,1985-02-20 00:00,1017.06,,FEET
SHA,D,6,RES ELE,1985-02-21 00:00,1985-02-21 00:00,1017.16,,FEET
SHA,D,6,RES ELE,1985-02-22 00:00,1985-02-22 00:00,,,FEET
SHA,D,6,RES ELE,1985-02-23 00:00,1985-02-23 00:00,,,FEET
SHA,D,6,RES ELE,1985-02-24 00:00,1985-02-24 00:00,1017.57,,FEET
SHA,D,6,RES ELE,1985-02-25 00:00,1985-02-25 00:00,1017.71,,FEET
SHA,D,6,RES ELE,1985-02-26 00:00,1985-02-26 00:00,1017.85,,FEET
SHA,D,6,RES ELE,1985-02-27 00:00,1985-02-27 00:00,,r,FEET
SHA,D,6,RES ELE,1985-02-28 00:00,1985-02-28 00:00,1018.06,,FEET
SHA,D,6,RES ELE,1985-03-01 00:00,1985-03-01 00:00,,,FEET
SHA,D,6,RES ELE,1985-03-02 00:00,1985-03-02 00:00,,,FEET
SHA,D,6,RES ELE,1985-03-03 00:00,1985-03-03 00:00,1018.60,,FEET
SHA,D,6,RES ELE,1985-03-04 00:00,1985-03-04 00:00,1018.76,,FEET
SHA,D,6,RES ELE,1985-03-05 00:00,1985-03-05 00:00,1018.99,,FEET
SHA,D,6,RES ELE,1985-03-06 00:00,1985-03-06 00:00,1019.29,,FEET
SHA,D,6,RES ELE,1985-03-07 00:00,1985-03-07 00:00,1019.60,,FEET
SHA,D,6,RES ELE,1985-03-08 00:00,1985-03-08 00:00,,,FEET
SHA,D,6,RES ELE,1985-03-09 00:00,1985-03-09 00:00,,,FEET
SHA,D,6,RES ELE,1985-03-10 00:00,1985-03-10 00:00,1020.02,,FEET
SHA,D,6,RES ELE,1985-03-11 00:00,1985-03-11 00:00,1020.21,,FEET
SHA,D,6,RES ELE,1985-03-12 00:00,1985-03-12 00:00,1020.42,,FEET
SHA,D,6,RES ELE,1985-03-13 00:00,1985-03-13 00:00,1020.69,,FEET
SHA,D,6,RES ELE,1985-03-14 00:00,1985-03-14 00:00,1020.99,,FEET
SHA,D,6,RES ELE,1985-03-15 00:00,1985-03-15 00:00,,,FEET
SHA,D,6,RES ELE,1985-03-16 00:00,1985-03-16 00:00,,,FEET
SHA,D,6,RES ELE,1985-03-17 00:00,1985-03-17 00:00,,,FEET
SHA,D,6,RES ELE,1985-03-18 00:00,1985-03-18 00:00,1021.90,,FEET
SHA,D,6,RES ELE,1985-03-19 00:00,1985-03-19 00:00,1022.17,,FEET
SHA,D,6,RES ELE,1985-03-20 00:00,1985-03-20 00:00,1024.01,,FEET
SHA,D,6,RES ELE,1985-03-21 00:00,1985-03-21 00:00,1023.22,,FEET
SHA,D,6,RES ELE,1985-03-22 00:00,1985-03-22 00:00,,,FEET
SHA,D,6,RES ELE,1985-03-23 00:00,1985-03-23 00:00,,,FEET
SHA,D,6,RES ELE,1985-03-24 00:00,1985-03-24 00:00,1024.08,,FEET
SHA,D,6,RES ELE,1985-03-25 00:00,1985-03-25 00:00,1024.43,,FEET
SHA,D,6,RES ELE,1985-03-26 00:00,1985-03-26 00:00,1025.02,,FEET
SHA,D,6,RES ELE,1985-03-27 00:00,1985-03-27 00:00,,,FEET
SHA,D,6,RES ELE,1985-03-28 00:00,1985-03-28 00:00,1025.46,,FEET
SHA,D,6,RES ELE,1985-03-29 00:00,1985-03-29 00:00,,,FEET
SHA,D,6,RES ELE,1985-03-30 00:00,1985-03-30 00:00,,,FEET
SHA,D,6,RES ELE,1985-03-31 00:00,1985-03-31 00:00,1026.49,,FEET
SHA,D,6,RES ELE,1985-04-01 00:00,1985-04-01 00:00,1026.88,,FEET
SHA,D,6,RES ELE,1985-04-02 00:00,1985-04-02 00:00,1027.28,,FEET
SHA,D,6,RES ELE,1985-04-03 00:00,1985-04-03 00:00,1027.71,,FEET
SHA,D,6,RES ELE,1985-04-04 00:00,1985-04-04 00:00,1028.17,,FEET
SHA,D,6,RES ELE,1985-04-05 00:00,1985-04-05 00:00,,,FEET
SHA,D,6,RES ELE,1985-04-06 00:00,1985-04-06 00:00,,,FEET
SHA,D,6,RES ELE,1985-04-07 00:00,1985-04-07 00:00,1029.52,,FEET
SHA,D,6,RES ELE,1985-04-08 00:00,1985-04-08 00:00,1030.00,,FEET
SHA,D,6,RES ELE,1985-04-09 00:00,1985-04-09 00:00,1030.34,,FEET
SHA,D,6,RES ELE,1985-04-10 00:00,1985-04-10 00:00,1030.67,,FEET
SHA,D,6,RES ELE,1985-04-11 00:00,1985-04-11 00:00,1031.04,,FEET
SHA,D,6,RES ELE,1985-04-12 00:00,1985-04-12 00:00,,,FEET
SHA,D,6,RES ELE,1985-04-13 00:00,1985-04-13 00:00,,,FEET
SHA,D,6,RES ELE,1985-04-14 00:00,1985-04-14 00:00,1031.86,,FEET
SHA,D,6,RES ELE,1985-04-15 00:00,1985-04-15 00:00,1031.97,,FEET
SHA,D,6,RES ELE,1985-04-16 00:00,1985-04-16 00:00,1032.02,,FEET
SHA,D,6,RES ELE,1985-04-17 00:00,1985-04-17 00:00,1032.17,,FEET
SHA,D,6,RES ELE,1985-04-18 00:00,1985-04-18 00:00,,r,FEET
SHA,D,6,RES ELE,1985-04-19 00:00,1985-04-19 00:00,,,FEET
SHA,D,6,RES ELE,1985-04-20 00:00,1985-04-20 00:00,,,FEET
SHA,D,6,RES ELE,1985-04-21 00:00,1985-04-21 00:00,,,FEET
SHA,D,6,RES ELE,1985-04-22 00:00,1985-04-22 00:00,1032.41,,FEET
SHA,D,6,RES ELE,1985-04-23 00:00,1985-04-23 00:00,1032.35,,FEET
SHA,D,6,RES ELE,1985-04-24 00:00,1985-04-24 00:00,1032.31,,FEET
SHA,D,6,RES ELE,1985-04-25 00:00,1985-04-25 00:00,1032.26,,FEET
SHA,D,6,RES ELE,1985-04-26 00:00,1985-04-26 00:00,,,FEET
SHA,D,6,RES ELE,1985-04-27 00:00,1985-04-27 00:00,,,FEET
SHA,D,6,RES ELE,1985-04-28 00:00,1985-04-28 00:00,1031.50,,FEET
SHA,D,6,RES ELE,1985-04-29 00:00,1985-04-29 00:00,1031.42,,FEET
SHA,D,6,RES ELE,1985-04-30 00:00,1985-04-30 00:00,1030.53,,FEET
SHA,D,6,RES ELE,1985-05-01 00:00,1985-05-01 00:00,1030.24,,FEET
SHA,D,6,RES ELE,1985-05-02 00:00,1985-05-02 00:00,1029.95,,FEET
SHA,D,6,RES ELE,1985-05-03 00:00,1985-05-03 00:00,,,FEET
SHA,D,6,RES ELE,1985-05-04 00:00,1985-05-04 00:00,,,FEET
SHA,D,6,RES ELE,1985-05-05 00:00,1985-05-05 00:00,1029.16,,FEET
SHA,D,6,RES ELE,1985-05-06 00:00,1985-05-06 00:00,1029.07,,FEET
SHA,D,6,RES ELE,1985-05-07 00:00,1985-05-07 00:00,1028.58,,FEET
SHA,D,6,RES ELE,1985-05-08 00:00,1985-05-08 00:00,1028.17,,FEET
SHA,D,6,RES ELE,1985-05-09 00:00,1985-05-09 00:00,1027.70,,FEET
SHA,D,6,RES ELE,1985-05-10 00:00,1985-05-10 00:00,,,FEET
SHA,D,6,RES ELE,1985-05-11 00:00,1985-05-11 00:00,,,FEET
SHA,D,6,RES ELE,1985-05-12 00:00,1985-05-12 00:00,1026.57,,FEET
SHA,D,6,RES ELE,1985-05-13 00:00,1985-05-13 00:00,1026.28,,FEET
SHA,D,6,RES ELE,1985-05-14 00:00,1985-05-14 00:00,1026.02,,FEET
SHA,D,6,RES ELE,1985-05-15 00:00,1985-05-15 00:00,1024.83,,FEET
SHA,D,6,RES ELE,1985-05-16 00:00,1985-05-16 00:00,1023.93,,FEET
SHA,D,6,RES ELE,1985-05-17 00:00,1985-05-17 00:00,,,FEET
SHA,D,6,RES ELE,1985-05-18 00:00,1985-05-18 00:00,,,FEET
SHA,D,6,RES ELE,1985-05-19 00:00,1985-05-19 00:00,1023.11,,FEET
SHA,D,6,RES ELE,1985-05-20 00:00,1985-05-20 00:00,1022.72,,FEET
SHA,D,6,RES ELE,1985-05-21 00:00,1985-05-21 00:00,1022.28,,FEET
SHA,D,6,RES ELE,1985-05-22 00:00,1985-05-22 00:00,1021.89,,FEET
SHA,D,6,RES ELE,1985-05-23 00:00,1985-05-23 00:00,1021.62,,FEET
SHA,D,6,RES ELE,1985-05-24 00:00,1985-05-24 00:00,,,FEET
SHA,D,6,RES ELE,1985-05-25 00:00,1985-05-25 00:00,,,FEET
SHA,D,6,RES ELE,1985-05-26 00:00,1985-05-26 00:00,,,FEET
SHA,D,6,RES ELE,1985-05-27 00:00,1985-05-27 00:00,1019.79,,FEET
SHA,D,6,RES ELE,1985-05-28 00:00,1985-05-28 00:00,1019.54,,FEET
SHA,D,6,RES ELE,1985-05-29 00:00,1985-05-29 00:00,1019.25,,FEET
SHA,D,6,RES ELE,1985-05-30 00:00,1985-05-30 00:00,1018.91,,FEET
SHA,D,6,RES ELE,1985-05-31 00:00,1985-05-31 00:00,,,FEET
SHA,D,6,RES ELE,1985-06-01 00:00,1985-06-01 00:00,,,FEET
SHA,D,6,RES ELE,1985-06-02 00:00,1985-06-02 00:00,1018.70,,FEET
SHA,D,6,RES ELE,1985-06-03 00:00,1985-06-03 00:00,1017.87,,FEET
SHA,D,6,RES ELE,1985-06-04 00:00,1985-06-04 00:00,1017.60,,FEET
SHA,D,6,RES ELE,1985-06-05 00:00,1985-06-05 00:00,1017.27,,FEET
SHA,D,6,RES ELE,1985-06-06 00:00,1985-06-06 00:00,,,FEET
SHA,D,6,RES ELE,1985-06-07 00:00,1985-06-07 00:00,,,FEET
SHA,D,6,RES ELE,1985-06-08 00:00,1985-06-08 00:00,,,FEET
SHA,D,6,RES ELE,1985-06-09 00:00,1985-06-09 00:00,1015.66,,FEET
SHA,D,6,RES ELE,1985-06-10 00:00,1985-06-10 00:00,1015.08,,FEET
SHA,D,6,RES ELE,1985-06-11 00:00,1985-06-11 00:00,1014.62,,FEET
SHA,D,6,RES ELE,1985-06-12 00:00,1985-06-12 00:00,1014.26,,FEET
SHA,D,6,RES ELE,1985-06-13 00:00,1985-06-13 00:00,1013.80,,FEET
SHA,D,6,RES ELE,1985-06-14 00:00,1985-06-14 00:00,,,FEET
SHA,D,6,RES ELE,1985-06-15 00:00,1985-06-15 00:00,,,FEET
SHA,D,6,RES ELE,1985-06-16 00:00,1985-06-16 00:00,1011.88,,FEET
SHA,D,6,RES ELE,1985-06-17 00:00,1985-06-17 00:00,1011.30,,FEET
SHA,D,6,RES ELE,1985-06-18 00:00,1985-06-18 00:00,1010.75,,FEET
SHA,D,6,RES ELE,1985-06-19 00:00,1985-06-19 00:00,1010.04,,FEET
SHA,D,6,RES ELE,1985-06-20 00:00,1985-06-20 00:00,1009.43,,FEET
SHA,D,6,RES ELE,1985-06-21 00:00,1985-06-21 00:00,,,FEET
SHA,D,6,RES ELE,1985-06-22 00:00,1985-06-22 00:00,,,FEET
SHA,D,6,RES ELE,1985-06-23 00:00,1985-06-23 00:00,1007.43,,FEET
SHA,D,6,RES ELE,1985-06-24 00:00,1985-06-24 00:00,1006.62,,FEET
SHA,D,6,RES ELE,1985-06-25 00:00,1985-06-25 00:00,1005.89,,FEET
SHA,D,6,RES ELE,1985-06-26 00:00,1985-06-26 00:00,1005.26,,FEET
SHA,D,6,RES ELE,1985-06-27 00:00,1985-06-27 00:00,1004.33,,FEET
SHA,D,6,RES ELE,1985-06-28 00:00,1985-06-28 00:00,,,FEET
SHA,D,6,RES ELE,1985-06-29 00:00,1985-06-29 00:00,,,FEET
SHA,D,6,RES ELE,1985-06-30 00:00,1985-06-30 00:00,1001.27,,FEET
SHA,D,6,RES ELE,1985-07-01 00:00,1985-07-01 00:00,1000.33,,FEET
SHA,D,6,RES ELE,1985-07-02 00:00,1985-07-02 00:00,999.73,,FEET
SHA,D,6,RES ELE,1985-07-03 00:00,1985-07-03 00:00,,,FEET
SHA,D,6,RES ELE,1985-07-04 00:00,1985-07-04 00:00,998.04,,FEET
SHA,D,6,RES ELE,1985-07-05 00:00,1985-07-05 00:00,,,FEET
SHA,D,6,RES ELE,1985-07-06 00:00,1985-07-06 00:00,,,FEET
SHA,D,6,RES ELE,1985-07-07 00:00,1985-07-07 00:00,,r,FEET
SHA,D,6,RES ELE,1985-07-08 00:00,1985-07-08 00:00,994.50,,FEET
SHA,D,6,RES ELE,1985-07-09 00:00,1985-07-09 00:00,993.57,,FEET
SHA,D,6,RES ELE,1985-07-10 00:00,1985-07-10 00:00,992.59,,FEET
SHA,D,6,RES ELE,1985-07-11 00:00,1985-07-11 00:00,991.79,,FEET
SHA,D,6,RES ELE,1985-07-12 00:00,1985-07-12 00:00,,,FEET
SHA,D,6,RES ELE,1985-07-13 00:00,1985-07-13 00:00,,,FEET
SHA,D,6,RES ELE,1985-07-14 00:00,1985-07-14 00:00,988.98,,FEET
SHA,D,6,RES ELE,1985-07-15 00:00,1985-07-15 00:00,987.92,,FEET
SHA,D,6,RES ELE,1985-07-16 00:00,1985-07-16 00:00,986.93,,FEET
SHA,D,6,RES ELE,1985-07-17 00:00,1985-07-17 00:00,986.01,,FEET
SHA,D,6,RES ELE,1985-07-18 00:00,1985-07-18 00:00,,r,FEET
SHA,D,6,RES ELE,1985-07-19 00:00,1985-07-19 00:00,,,FEET
SHA,D,6,RES ELE,1985-07-20 00:00,1985-07-20 00:00,,,FEET
SHA,D,6,RES ELE,1985-07-21 00:00,1985-07-21 00:00,981.69,,FEET
SHA,D,6,RES ELE,1985-07-22 00:00,1985-07-22 00:00,980.62,,FEET
SHA,D,6,RES ELE,1985-07-23 00:00,1985-07-23 00:00,979.68,,FEET
SHA,D,6,RES ELE,1985-07-24 00:00,1985-07-24 00:00,978.87,,FEET
SHA,D,6,RES ELE,1985-07-25 00:00,1985-07-25 00:00,978.16,,FEET
SHA,D,6,RES ELE,1985-07-26 00:00,1985-07-26 00:00,,,FEET
SHA,D,6,RES ELE,1985-07-27 00:00,1985-07-27 00:00,,,FEET
SHA,D,6,RES ELE,1985-07-28 00:00,1985-07-28 00:00,975.69,,FEET
SHA,D,6,RES ELE,1985-07-29 00:00,1985-07-29 00:00,974.87,,FEET
SHA,D,6,RES ELE,1985-07-30 00:00,1985-07-30 00:00,974.11,,FEET
SHA,D,6,RES ELE,1985-07-31 00:00,1985-07-31 00:00,973.54,,FEET
SHA,D,6,RES ELE,1985-08-01 00:00,1985-08-01 00:00,972.70,,FEET
SHA,D,6,RES ELE,1985-08-02 00:00,1985-08-02 00:00,,,FEET
SHA,D,6,RES ELE,1985-08-03 00:00,1985-08-03 00:00,,,FEET
SHA,D,6,RES ELE,1985-08-04 00:00,1985-08-04 00:00,970.36,,FEET
SHA,D,6,RES ELE,1985-08-05 00:00,1985-08-05 00:00,969.61,,FEET
SHA,D,6,RES ELE,1985-08-06 00:00,1985-08-06 00:00,968.71,,FEET
SHA,D,6,RES ELE,1985-08-07 00:00,1985-08-07 00:00,967.91,,FEET
SHA,D,6,RES ELE,1985-08-08 00:00,1985-08-08 00:00,,r,FEET
SHA,D,6,RES ELE,1985-08-09 00:00,1985-08-09 00:00,,,FEET
SHA,D,6,RES ELE,1985-08-10 00:00,1985-08-10 00:00,,,FEET
SHA,D,6,RES ELE,1985-08-11 00:00,1985-08-11 00:00,964.69,,FEET
SHA,D,6,RES ELE,1985-08-12 00:00,1985-08-12 00:00,963.88,,FEET
SHA,D,6,RES ELE,1985-08-13 00:00,1985-08-13 00:00,963.11,,FEET
SHA,D,6,RES ELE,1985-08-14 00:00,1985-08-14 00:00,962.41,,FEET
SHA,D,6,RES ELE,1985-08-15 00:00,1985-08-15 00:00,961.56,,FEET
SHA,D,6,RES ELE,1985-08-16 00:00,1985-08-16 00:00,,,FEET
SHA,D,6,RES ELE,1985-08-17 00:00,1985-08-17 00:00,,,FEET
SHA,D,6,RES ELE,1985-08-18 00:00,1985-08-18 00:00,959.06,,FEET
SHA,D,6,RES ELE,1985-08-19 00:00,1985-08-19 00:00,958.38,,FEET
SHA,D,6,RES ELE,1985-08-20 00:00,1985-08-20 00:00,957.88,,FEET
SHA,D,6,RES ELE,1985-08-21 00:00,1985-08-21 00:00,957.35,,FEET
SHA,D,6,RES ELE,1985-08-22 00:00,1985-08-22 00:00,956.84,,FEET
SHA,D,6,RES ELE,1985-08-23 00:00,1985-08-23 00:00,,,FEET
SHA,D,6,RES ELE,1985-08-24 00:00,1985-08-24 00:00,,,FEET
SHA,D,6,RES ELE,1985-08-25 00:00,1985-08-25 00:00,955.37,,FEET
SHA,D,6,RES ELE,1985-08-26 00:00,1985-08-26 00:00,955.16,,FEET
SHA,D,6,RES ELE,1985-08-27 00:00,1985-08-27 00:00,954.88,,FEET
SHA,D,6,RES ELE,1985-08-28 00:00,1985-08-28 00:00,954.61,,FEET
SHA,D,6,RES ELE,1985-08-29 00:00,1985-08-29 00:00,954.03,,FEET
SHA,D,6,RES ELE,1985-08-30 00:00,1985-08-30 00:00,,,FEET
SHA,D,6,RES ELE,1985-08-31 00:00,1985-08-31 00:00,,,FEET
SHA,D,6,RES ELE,1985-09-01 00:00,1985-09-01 00:00,,,FEET
SHA,D,6,RES ELE,1985-09-02 00:00,1985-09-02 00:00,952.03,,FEET
SHA,D,6,RES ELE,1985-09-03 00:00,1985-09-03 00:00,,,FEET
SHA,D,6,RES ELE,1985-09-04 00:00,1985-09-04 00:00,951.26,,FEET
SHA,D,6,RES ELE,1985-09-05 00:00,1985-09-05 00:00,951.08,,FEET
SHA,D,6,RES ELE,1985-09-06 00:00,1985-09-06 00:00,,,FEET
SHA,D,6,RES ELE,1985-09-07 00:00,1985-09-07 00:00,,,FEET
SHA,D,6,RES ELE,1985-09-08 00:00,1985-09-08 00:00,,r,FEET
SHA,D,6,RES ELE,1985-09-09 00:00,1985-09-09 00:00,951.47,,FEET
SHA,D,6,RES ELE,1985-09-10 00:00,1985-09-10 00:00,951.80,,FEET
SHA,D,6,RES ELE,1985-09-11 00:00,1985-09-11 00:00,,r,FEET
SHA,D,6,RES ELE,1985-09-12 00:00,1985-09-12 00:00,952.10,,FEET
SHA,D,6,RES ELE,1985-09-13 00:00,1985-09-13 00:00,,,FEET
SHA,D,6,RES ELE,1985-09-14 00:00,1985-09-14 00:00,,,FEET
SHA,D,6,RES ELE,1985-09-15 00:00,1985-09-15 00:00,952.54,,FEET
SHA,D,6,RES ELE,1985-09-16 00:00,1985-09-16 00:00,952.89,,FEET
SHA,D,6,RES ELE,1985-09-17 00:00,1985-09-17 00:00,953.15,,FEET
SHA,D,6,RES ELE,1985-09-18 00:00,1985-09-18 00:00,,r,FEET
SHA,D,6,RES ELE,1985-09-19 00:00,1985-09-19 00:00,953.59,,FEET
SHA,D,6,RES ELE,1985-09-20 00:00,1985-09-20 00:00,,,FEET
SHA,D,6,RES ELE,1985-09-21 00:00,1985-09-21 00:00,,,FEET
SHA,D,6,RES ELE,1985-09-22 00:00,1985-09-22 00:00,954.07,,FEET
SHA,D,6,RES ELE,1985-09-23 00:00,1985-09-23 00:00,954.20,,FEET
SHA,D,6,RES ELE,1985-09-24 00:00,1985-09-24 00:00,954.71,,FEET
SHA,D,6,RES ELE,1985-09-25 00:00,1985-09-25 00:00,955.08,,FEET
SHA,D,6,RES ELE,1985-09-26 00:00,1985-09-26 00:00,955.17,,FEET
SHA,D,6,RES ELE,1985-09-27 00:00,1985-09-27 00:00,,,FEET
SHA,D,6,RES ELE,1985-09-28 00:00,1985-09-28 00:00,,,FEET
SHA,D,6,RES ELE,1985-09-29 00:00,1985-09-29 00:00,955.80,,FEET
SHA,D,6,RES ELE,1985-09-30 00:00,1985-09-30 00:00,956.01,,FEET
SHA,D,6,RES ELE,1985-10-01 00:00,1985-10-01 00:00,956.09,,FEET
SHA,D,6,RES ELE,1985-10-02 00:00,1985-10-02 00:00,956.16,,FEET
SHA,D,6,RES ELE,1985-10-03 00:00,1985-10-03 00:00,956.39,,FEET
SHA,D,6,RES ELE,1985-10-04 00:00,1985-10-04 00:00,,,FEET
SHA,D,6,RES ELE,1985-10-05 00:00,1985-10-05 00:00,,,FEET
SHA,D,6,RES ELE,1985-10-06 00:00,1985-10-06 00:00,957.00,,FEET
SHA,D,6,RES ELE,1985-10-07 00:00,1985-10-07 00:00,957.33,,FEET
SHA,D,6,RES ELE,1985-10-08 00:00,1985-10-08 00:00,957.66,,FEET
SHA,D,6,RES ELE,1985-10-09 00:00,1985-10-09 00:00,958.82,,FEET
SHA,D,6,RES ELE,1985-10-10 00:00,1985-10-10 00:00,957.88,,FEET
SHA,D,6,RES ELE,1985-10-11 00:00,1985-10-11 00:00,,,FEET
SHA,D,6,RES ELE,1985-10-12 00:00,1985-10-12 00:00,,,FEET
SHA,D,6,RES ELE,1985-10-13 00:00,1985-10-13 00:00,,,FEET
SHA,D,6,RES ELE,1985-10-14 00:00,1985-10-14 00:00,957.99,,FEET
SHA,D,6,RES ELE,1985-10-15 00:00,1985-10-15 00:00,958.50,,FEET
SHA,D,6,RES ELE,1985-10-16 00:00,1985-10-16 00:00,958.34,,FEET
SHA,D,6,RES ELE,1985-10-17 00:00,1985-10-17 00:00,958.46,,FEET
SHA,D,6,RES ELE,1985-10-18 00:00,1985-10-18 00:00,,,FEET
SHA,D,6,RES ELE,1985-10-19 00:00,1985-10-19 00:00,,,FEET
SHA,D,6,RES ELE,1985-10-20 00:00,1985-10-20 00:00,958.79,,FEET
SHA,D,6,RES ELE,1985-10-21 00:00,1985-10-21 00:00,959.08,,FEET
SHA,D,6,RES ELE,1985-10-22 00:00,1985-10-22 00:00,959.63,,FEET
SHA,D,6,RES ELE,1985-10-23 00:00,1985-10-23 00:00,959.97,,FEET
SHA,D,6,RES ELE,1985-10-24 00:00,1985-10-24 00:00,960.45,,FEET
SHA,D,6,RES ELE,1985-10-25 00:00,1985-10-25 00:00,,,FEET
SHA,D,6,RES ELE,1985-10-26 00:00,1985-10-26 00:00,,,FEET
SHA,D,6,RES ELE,1985-10-27 00:00,1985-10-27 00:00,961.17,,FEET
SHA,D,6,RES ELE,1985-10-28 00:00,1985-10-28 00:00,961.33,,FEET
SHA,D,6,RES ELE,1985-10-29 00:00,1985-10-29 00:00,961.52,,FEET
SHA,D,6,RES ELE,1985-10-30 00:00,1985-10-30 00:00,961.82,,FEET
SHA,D,6,RES ELE,1985-10-31 00:00,1985-10-31 00:00,962.07,,FEET
SHA,D,6,RES ELE,1985-11-01 00:00,1985-11-01 00:00,,,FEET
SHA,D,6,RES ELE,1985-11-02 00:00,1985-11-02 00:00,,,FEET
SHA,D,6,RES ELE,1985-11-03 00:00,1985-11-03 00:00,962.42,,FEET
SHA,D,6,RES ELE,1985-11-04 00:00,1985-11-04 00:00,962.62,,FEET
SHA,D,6,RES ELE,1985-11-05 00:00,1985-11-05 00:00,962.75,,FEET
SHA,D,6,RES ELE,1985-11-06 00:00,1985-11-06 00:00,962.94,,FEET
SHA,D,6,RES ELE,1985-11-07 00:00,1985-11-07 00:00,962.99,,FEET
SHA,D,6,RES ELE,1985-11-08 00:00,1985-11-08 00:00,,,FEET
SHA,D,6,RES ELE,1985-11-09 00:00,1985-11-09 00:00,,,FEET
SHA,D,6,RES ELE,1985-11-10 00:00,1985-11-10 00:00,,,FEET
SHA,D,6,RES ELE,1985-11-11 00:00,1985-11-11 00:00,963.65,,FEET
SHA,D,6,RES ELE,1985-11-12 00:00,1985-11-12 00:00,963.72,,FEET
SHA,D,6,RES ELE,1985-11-13 00:00,1985-11-13 00:00,963.96,,FEET
SHA,D,6,RES ELE,1985-11-14 00:00,1985-11-14 00:00,964.07,,FEET
SHA,D,6,RES ELE,1985-11-15 00:00,1985-11-15 00:00,,,FEET
SHA,D,6,RES ELE,1985-11-16 00:00,1985-11-16 00:00,,,FEET
SHA,D,6,RES ELE,1985-11-17 00:00,1985-11-17 00:00,964.80,,FEET
SHA,D,6,RES ELE,1985-11-18 00:00,1985-11-18 00:00,964.92,,FEET
SHA,D,6,RES ELE,1985-11-19 00:00,1985-11-19 00:00,964.51,,FEET
SHA,D,6,RES ELE,1985-11-20 00:00,1985-11-20 00:00,964.75,,FEET
SHA,D,6,RES ELE,1985-11-21 00:00,1985-11-21 00:00,964.82,,FEET
SHA,D,6,RES ELE,1985-11-22 00:00,1985-11-22 00:00,,,FEET
SHA,D,6,RES ELE,1985-11-23 00:00,1985-11-23 00:00,,,FEET
SHA,D,6,RES ELE,1985-11-24 00:00,1985-11-24 00:00,965.07,,FEET
SHA,D,6,RES ELE,1985-11-25 00:00,1985-11-25 00:00,965.11,,FEET
SHA,D,6,RES ELE,1985-11-26 00:00,1985-11-26 00:00,965.33,,FEET
SHA,D,6,RES ELE,1985-11-27 00:00,1985-11-27 00:00,,,FEET
SHA,D,6,RES ELE,1985-11-28 00:00,1985-11-28 00:00,,,FEET
SHA,D,6,RES ELE,1985-11-29 00:00,1985-11-29 00:00,,,FEET
SHA,D,6,RES ELE,1985-11-30 00:00,1985-11-30 00:00,,,FEET
SHA,D,6,RES ELE,1985-12-01 00:00,1985-12-01 00:00,967.70,,FEET
SHA,D,6,RES ELE,1985-12-02 00:00,1985-12-02 00:00,969.87,,FEET
SHA,D,6,RES ELE,1985-12-03 00:00,1985-12-03 00:00,971.45,,FEET
SHA,D,6,RES ELE,1985-12-04 00:00,1985-12-04 00:00,972.02,,FEET
SHA,D,6,RES ELE,1985-12-05 00:00,1985-12-05 00:00,972.72,,FEET
SHA,D,6,RES ELE,1985-12-06 00:00,1985-12-06 00:00,,r,FEET
SHA,D,6,RES ELE,1985-12-07 00:00,1985-12-07 00:00,,r,FEET
SHA,D,6,RES ELE,1985-12-08 00:00,1985-12-08 00:00,,r,FEET
SHA,D,6,RES ELE,1985-12-09 00:00,1985-12-09 00:00,975.18,,FEET
SHA,D,6,RES ELE,1985-12-10 00:00,1985-12-10 00:00,975.52,,FEET
SHA,D,6,RES ELE,1985-12-11 00:00,1985-12-11 00:00,975.78,,FEET
SHA,D,6,RES ELE,1985-12-12 00:00,1985-12-12 00:00,976.15,,FEET
SHA,D,6,RES ELE,1985-12-13 00:00,1985-12-13 00:00,,,FEET
SHA,D,6,RES ELE,1985-12-14 00:00,1985-12-14 00:00,,,FEET
SHA,D,6,RES ELE,1985-12-15 00:00,1985-12-15 00:00,976.83,,FEET
SHA,D,6,RES ELE,1985-12-16 00:00,1985-12-16 00:00,976.98,,FEET
SHA,D,6,RES ELE,1985-12-17 00:00,1985-12-17 00:00,977.30,,FEET
SHA,D,6,RES ELE,1985-12-18 00:00,1985-12-18 00:00,,r,FEET
SHA,D,6,RES ELE,1985-12-19 00:00,1985-12-19 00:00,978.11,,FEET
SHA,D,6,RES ELE,1985-12-20 00:00,1985-12-20 00:00,,,FEET
SHA,D,6,RES ELE,1985-12-21 00:00,1985-12-21 00:00,,,FEET
SHA,D,6,RES ELE,1985-12-22 00:00,1985-12-22 00:00,978.37,,FEET
SHA,D,6,RES ELE,1985-12-23 00:00,1985-12-23 00:00,978.33,,FEET
SHA,D,6,RES ELE,1985-12-24 00:00,1985-12-24 00:00,,,FEET
SHA,D,6,RES ELE,1985-12-25 00:00,1985-12-25 00:00,978.71,,FEET
SHA,D,6,RES ELE,1985-12-26 00:00,1985-12-26 00:00,978.98,,FEET
SHA,D,6,RES ELE,1985-12-27 00:00,1985-12-27 00:00,,,FEET
SHA,D,6,RES ELE,1985-12-28 00:00,1985-12-28 00:00,,,FEET
SHA,D,6,RES ELE,1985-12-29 00:00,1985-12-29 00:00,979.60,,FEET
SHA,D,6,RES ELE,1985-12-30 00:00,1985-12-30 00:00,979.90,,FEET
SHA,D,6,RES ELE,1985-12-31 00:00,1985-12-31 00:00,,,FEET
SHA,D,6,RES ELE,1986-01-01 00:00,1986-01-01 00:00,,,FEET
SHA,D,6,RES ELE,1986-01-02 00:00,1986-01-02 00:00,,,FEET
SHA,D,6,RES ELE,1986-01-03 00:00,1986-01-03 00:00,,,FEET
SHA,D,6,RES ELE,1986-01-04 00:00,1986-01-04 00:00,,,FEET
SHA,D,6,RES ELE,1986-01-05 00:00,1986-01-05 00:00,,,FEET
SHA,D,6,RES ELE,1986-01-06 00:00,1986-01-06 00:00,,,FEET
SHA,D,6,RES ELE,1986-01-07 00:00,1986-01-07 00:00,,,FEET
SHA,D,6,RES ELE,1986-01-08 00:00,1986-01-08 00:00,,,FEET
SHA,D,6,RES ELE,1986-01-09 00:00,1986-01-09 00:00,,,FEET
SHA,D,6,RES ELE,1986-01-10 00:00,1986-01-10 00:00,,,FEET
SHA,D,6,RES ELE,1986-01-11 00:00,1986-01-11 00:00,,,FEET
SHA,D,6,RES ELE,1986-01-12 00:00,1986-01-12 00:00,,,FEET
SHA,D,6,RES ELE,1986-01-13 00:00,1986-01-13 00:00,,,FEET
SHA,D,6,RES ELE,1986-01-14 00:00,1986-01-14 00:00,,,FEET
SHA,D,6,RES ELE,1986-01-15 00:00,1986-01-15 00:00,,,FEET
SHA,D,6,RES ELE,1986-01-16 00:00,1986-01-16 00:00,,,FEET
SHA,D,6,RES ELE,1986-01-17 00:00,1986-01-17 00:00,,,FEET
SHA,D,6,RES ELE,1986-01-18 00:00,1986-01-18 00:00,,,FEET
SHA,D,6,RES ELE,1986-01-19 00:00,1986-01-19 00:00,,,FEET
SHA,D,6,RES ELE,1986-01-20 00:00,1986-01-20 00:00,,,FEET
SHA,D,6,RES ELE,1986-01-21 00:00,1986-01-21 00:00,,,FEET
SHA,D,6,RES ELE,1986-01-22 00:00,1986-01-22 00:00,,,FEET
SHA,D,6,RES ELE,1986-01-23 00:00,1986-01-23 00:00,,,FEET
SHA,D,6,RES ELE,1986-01-24 00:00,1986-01-24 00:00,,,FEET
SHA,D,6,RES ELE,1986-01-25 00:00,1986-01-25 00:00,,,FEET
SHA,D,6,RES ELE,1986-01-26 00:00,1986-01-26 00:00,,,FEET
SHA,D,6,RES ELE,1986-01-27 00:00,1986-01-27 00:00,,,FEET
SHA,D,6,RES ELE,1986-01-28 00:00,1986-01-28 00:00,,,FEET
SHA,D,6,RES ELE,1986-01-29 00:00,1986-01-29 00:00,,,FEET
SHA,D,6,RES ELE,1986-01-30 00:00,1986-01-30 00:00,,,FEET
SHA,D,6,RES ELE,1986-01-31 00:00,1986-01-31 00:00,,,FEET
SHA,D,6,RES ELE,1986-02-01 00:00,1986-02-01 00:00,,,FEET
SHA,D,6,RES ELE,1986-02-02 00:00,1986-02-02 00:00,,,FEET
SHA,D,6,RES ELE,1986-02-03 00:00,1986-02-03 00:00,,,FEET
SHA,D,6,RES ELE,1986-02-04 00:00,1986-02-04 00:00,,,FEET
SHA,D,6,RES ELE,1986-02-05 00:00,1986-02-05 00:00,,,FEET
SHA,D,6,RES ELE,1986-02-06 00:00,1986-02-06 00:00,,,FEET
SHA,D,6,RES ELE,1986-02-07 00:00,1986-02-07 00:00,,,FEET
SHA,D,6,RES ELE,1986-02-08 00:00,1986-02-08 00:00,,,FEET
SHA,D,6,RES ELE,1986-02-09 00:00,1986-02-09 00:00,,,FEET
SHA,D,6,RES ELE,1986-02-10 00:00,1986-02-10 00:00,,,FEET
SHA,D,6,RES ELE,1986-02-11 00:00,1986-02-11 00:00,,,FEET
SHA,D,6,RES ELE,1986-02-12 00:00,1986-02-12 00:00,,,FEET
SHA,D,6,RES ELE,1986-02-13 00:00,1986-02-13 00:00,,,FEET
SHA,D,6,RES ELE,1986-02-14 00:00,1986-02-14 00:00,,,FEET
SHA,D,6,RES ELE,1986-02-15 00:00,1986-02-15 00:00,,,FEET
SHA,D,6,RES ELE,1986-02-16 00:00,1986-02-16 00:00,,,FEET
SHA,D,6,RES ELE,1986-02-17 00:00,1986-02-17 00:00,,,FEET
SHA,D,6,RES ELE,1986-02-18 00:00,1986-02-18 00:00,,,FEET
SHA,D,6,RES ELE,1986-02-19 00:00,1986-02-19 00:00,,,FEET
SHA,D,6,RES ELE,1986-02-20 00:00,1986-02-20 00:00,,,FEET
SHA,D,6,RES ELE,1986-02-21 00:00,1986-02-21 00:00,,,FEET
SHA,D,6,RES ELE,1986-02-22 00:00,1986-02-22 00:00,,,FEET
SHA,D,6,RES ELE,1986-02-23 00:00,1986-02-23 00:00,,,FEET
SHA,D,6,RES ELE,1986-02-24 00:00,1986-02-24 00:00,,,FEET
SHA,D,6,RES ELE,1986-02-25 00:00,1986-02-25 00:00,,,FEET
SHA,D,6,RES ELE,1986-02-26 00:00,1986-02-26 00:00,,,FEET
SHA,D,6,RES ELE,1986-02-27 00:00,1986-02-27 00:00,,,FEET
SHA,D,6,RES ELE,1986-02-28 00:00,1986-02-28 00:00,,,FEET
SHA,D,6,RES ELE,1986-03-01 00:00,1986-03-01 00:00,,,FEET
SHA,D,6,RES ELE,1986-03-02 00:00,1986-03-02 00:00,,,FEET
SHA,D,6,RES ELE,1986-03-03 00:00,1986-03-03 00:00,,,FEET
SHA,D,6,RES ELE,1986-03-04 00:00,1986-03-04 00:00,,,FEET
SHA,D,6,RES ELE,1986-03-05 00:00,1986-03-05 00:00,,,FEET
SHA,D,6,RES ELE,1986-03-06 00:00,1986-03-06 00:00,,,FEET
SHA,D,6,RES ELE,1986-03-07 00:00,1986-03-07 00:00,,,FEET
SHA,D,6,RES ELE,1986-03-08 00:00,1986-03-08 00:00,,,FEET
SHA,D,6,RES ELE,1986-03-09 00:00,1986-03-09 00:00,,,FEET
SHA,D,6,RES ELE,1986-03-10 00:00,1986-03-10 00:00,,,FEET
SHA,D,6,RES ELE,1986-03-11 00:00,1986-03-11 00:00,,,FEET
SHA,D,6,RES ELE,1986-03-12 00:00,1986-03-12 00:00,,,FEET
SHA,D,6,RES ELE,1986-03-13 00:00,1986-03-13 00:00,,,FEET
SHA,D,6,RES ELE,1986-03-14 00:00,1986-03-14 00:00,,,FEET
SHA,D,6,RES ELE,1986-03-15 00:00,1986-03-15 00:00,,,FEET
SHA,D,6,RES ELE,1986-03-16 00:00,1986-03-16 00:00,,,FEET
SHA,D,6,RES ELE,1986-03-17 00:00,1986-03-17 00:00,,,FEET
SHA,D,6,RES ELE,1986-03-18 00:00,1986-03-18 00:00,,,FEET
SHA,D,6,RES ELE,1986-03-19 00:00,1986-03-19 00:00,,,FEET
SHA,D,6,RES ELE,1986-03-20 00:00,1986-03-20 00:00,,,FEET
SHA,D,6,RES ELE,1986-03-21 00:00,1986-03-21 00:00,,,FEET
SHA,D,6,RES ELE,1986-03-22 00:00,1986-03-22 00:00,,,FEET
SHA,D,6,RES ELE,1986-03-23 00:00,1986-03-23 00:00,,,FEET
SHA,D,6,RES ELE,1986-03-24 00:00,1986-03-24 00:00,,,FEET
SHA,D,6,RES ELE,1986-03-25 00:00,1986-03-25 00:00,,,FEET
SHA,D,6,RES ELE,1986-03-26 00:00,1986-03-26 00:00,,,FEET
SHA,D,6,RES ELE,1986-03-27 00:00,1986-03-27 00:00,,,FEET
SHA,D,6,RES ELE,1986-03-28 00:00,1986-03-28 00:00,,,FEET
SHA,D,6,RES ELE,1986-03-29 00:00,1986-03-29 00:00,,,FEET
SHA,D,6,RES ELE,1986-03-30 00:00,1986-03-30 00:00,,,FEET
SHA,D,6,RES ELE,1986-03-31 00:00,1986-03-31 00:00,,,FEET
SHA,D,6,RES ELE,1986-04-01 00:00,1986-04-01 00:00,,,FEET
SHA,D,6,RES ELE,1986-04-02 00:00,1986-04-02 00:00,,,FEET
SHA,D,6,RES ELE,1986-04-03 00:00,1986-04-03 00:00,,,FEET
SHA,D,6,RES ELE,1986-04-04 00:00,1986-04-04 00:00,,,FEET
SHA,D,6,RES ELE,1986-04-05 00:00,1986-04-05 00:00,,,FEET
SHA,D,6,RES ELE,1986-04-06 00:00,1986-04-06 00:00,,,FEET
SHA,D,6,RES ELE,1986-04-07 00:00,1986-04-07 00:00,,,FEET
SHA,D,6,RES ELE,1986-04-08 00:00,1986-04-08 00:00,,,FEET
SHA,D,6,RES ELE,1986-04-09 00:00,1986-04-09 00:00,,,FEET
SHA,D,6,RES ELE,1986-04-10 00:00,1986-04-10 00:00,,,FEET
SHA,D,6,RES ELE,1986-04-11 00:00,1986-04-11 00:00,,,FEET
SHA,D,6,RES ELE,1986-04-12 00:00,1986-04-12 00:00,,,FEET
SHA,D,6,RES ELE,1986-04-13 00:00,1986-04-13 00:00,,,FEET
SHA,D,6,RES ELE,1986-04-14 00:00,1986-04-14 00:00,,,FEET
SHA,D,6,RES ELE,1986-04-15 00:00,1986-04-15 00:00,,,FEET
SHA,D,6,RES ELE,1986-04-16 00:00,1986-04-16 00:00,,,FEET
SHA,D,6,RES ELE,1986-04-17 00:00,1986-04-17 00:00,,,FEET
SHA,D,6,RES ELE,1986-04-18 00:00,1986-04-18 00:00,,,FEET
SHA,D,6,RES ELE,1986-04-19 00:00,1986-04-19 00:00,,,FEET
SHA,D,6,RES ELE,1986-04-20 00:00,1986-04-20 00:00,,,FEET
SHA,D,6,RES ELE,1986-04-21 00:00,1986-04-21 00:00,,,FEET
SHA,D,6,RES ELE,1986-04-22 00:00,1986-04-22 00:00,,,FEET
SHA,D,6,RES ELE,1986-04-23 00:00,1986-04-23 00:00,,,FEET
SHA,D,6,RES ELE,1986-04-24 00:00,1986-04-24 00:00,,,FEET
SHA,D,6,RES ELE,1986-04-25 00:00,1986-04-25 00:00,,,FEET
SHA,D,6,RES ELE,1986-04-26 00:00,1986-04-26 00:00,,,FEET
SHA,D,6,RES ELE,1986-04-27 00:00,1986-04-27 00:00,,,FEET
SHA,D,6,RES ELE,1986-04-28 00:00,1986-04-28 00:00,,,FEET
SHA,D,6,RES ELE,1986-04-29 00:00,1986-04-29 00:00,,,FEET
SHA,D,6,RES ELE,1986-04-30 00:00,1986-04-30 00:00,,,FEET
SHA,D,6,RES ELE,1986-05-01 00:00,1986-05-01 00:00,,,FEET
SHA,D,6,RES ELE,1986-05-02 00:00,1986-05-02 00:00,,,FEET
SHA,D,6,RES ELE,1986-05-03 00:00,1986-05-03 00:00,,,FEET
SHA,D,6,RES ELE,1986-05-04 00:00,1986-05-04 00:00,,,FEET
SHA,D,6,RES ELE,1986-05-05 00:00,1986-05-05 00:00,,,FEET
SHA,D,6,RES ELE,1986-05-06 00:00,1986-05-06 00:00,,,FEET
SHA,D,6,RES ELE,1986-05-07 00:00,1986-05-07 00:00,,,FEET
SHA,D,6,RES ELE,1986-05-08 00:00,1986-05-08 00:00,,,FEET
SHA,D,6,RES ELE,1986-05-09 00:00,1986-05-09 00:00,,,FEET
SHA,D,6,RES ELE,1986-05-10 00:00,1986-05-10 00:00,,,FEET
SHA,D,6,RES ELE,1986-05-11 00:00,1986-05-11 00:00,,,FEET
SHA,D,6,RES ELE,1986-05-12 00:00,1986-05-12 00:00,,,FEET
SHA,D,6,RES ELE,1986-05-13 00:00,1986-05-13 00:00,,,FEET
SHA,D,6,RES ELE,1986-05-14 00:00,1986-05-14 00:00,,,FEET
SHA,D,6,RES ELE,1986-05-15 00:00,1986-05-15 00:00,,,FEET
SHA,D,6,RES ELE,1986-05-16 00:00,1986-05-16 00:00,,,FEET
SHA,D,6,RES ELE,1986-05-17 00:00,1986-05-17 00:00,,,FEET
SHA,D,6,RES ELE,1986-05-18 00:00,1986-05-18 00:00,,,FEET
SHA,D,6,RES ELE,1986-05-19 00:00,1986-05-19 00:00,,,FEET
SHA,D,6,RES ELE,1986-05-20 00:00,1986-05-20 00:00,,,FEET
SHA,D,6,RES ELE,1986-05-21 00:00,1986-05-21 00:00,,,FEET
SHA,D,6,RES ELE,1986-05-22 00:00,1986-05-22 00:00,,,FEET
SHA,D,6,RES ELE,1986-05-23 00:00,1986-05-23 00:00,,,FEET
SHA,D,6,RES ELE,1986-05-24 00:00,1986-05-24 00:00,,,FEET
SHA,D,6,RES ELE,1986-05-25 00:00,1986-05-25 00:00,,,FEET
SHA,D,6,RES ELE,1986-05-26 00:00,1986-05-26 00:00,,,FEET
SHA,D,6,RES ELE,1986-05-27 00:00,1986-05-27 00:00,,,FEET
SHA,D,6,RES ELE,1986-05-28 00:00,1986-05-28 00:00,,,FEET
SHA,D,6,RES ELE,1986-05-29 00:00,1986-05-29 00:00,,,FEET
SHA,D,6,RES ELE,1986-05-30 00:00,1986-05-30 00:00,,,FEET
SHA,D,6,RES ELE,1986-05-31 00:00,1986-05-31 00:00,,,FEET
SHA,D,6,RES ELE,1986-06-01 00:00,1986-06-01 00:00,,,FEET
SHA,D,6,RES ELE,1986-06-02 00:00,1986-06-02 00:00,,,FEET
SHA,D,6,RES ELE,1986-06-03 00:00,1986-06-03 00:00,,,FEET
SHA,D,6,RES ELE,1986-06-04 00:00,1986-06-04 00:00,,,FEET
SHA,D,6,RES ELE,1986-06-05 00:00,1986-06-05 00:00,,,FEET
SHA,D,6,RES ELE,1986-06-06 00:00,1986-06-06 00:00,,,FEET
SHA,D,6,RES ELE,1986-06-07 00:00,1986-06-07 00:00,,,FEET
SHA,D,6,RES ELE,1986-06-08 00:00,1986-06-08 00:00,,,FEET
SHA,D,6,RES ELE,1986-06-09 00:00,1986-06-09 00:00,,,FEET
SHA,D,6,RES ELE,1986-06-10 00:00,1986-06-10 00:00,,,FEET
SHA,D,6,RES ELE,1986-06-11 00:00,1986-06-11 00:00,,,FEET
SHA,D,6,RES ELE,1986-06-12 00:00,1986-06-12 00:00,,,FEET
SHA,D,6,RES ELE,1986-06-13 00:00,1986-06-13 00:00,,,FEET
SHA,D,6,RES ELE,1986-06-14 00:00,1986-06-14 00:00,,,FEET
SHA,D,6,RES ELE,1986-06-15 00:00,1986-06-15 00:00,,,FEET
SHA,D,6,RES ELE,1986-06-16 00:00,1986-06-16 00:00,,,FEET
SHA,D,6,RES ELE,1986-06-17 00:00,1986-06-17 00:00,,,FEET
SHA,D,6,RES ELE,1986-06-18 00:00,1986-06-18 00:00,,,FEET
SHA,D,6,RES ELE,1986-06-19 00:00,1986-06-19 00:00,,,FEET
SHA,D,6,RES ELE,1986-06-20 00:00,1986-06-20 00:00,,,FEET
SHA,D,6,RES ELE,1986-06-21 00:00,1986-06-21 00:00,,,FEET
SHA,D,6,RES ELE,1986-06-22 00:00,1986-06-22 00:00,,,FEET
SHA,D,6,RES ELE,1986-06-23 00:00,1986-06-23 00:00,,,FEET
SHA,D,6,RES ELE,1986-06-24 00:00,1986-06-24 00:00,,,FEET
SHA,D,6,RES ELE,1986-06-25 00:00,1986-06-25 00:00,,,FEET
SHA,D,6,RES ELE,1986-06-26 00:00,1986-06-26 00:00,,,FEET
SHA,D,6,RES ELE,1986-06-27 00:00,1986-06-27 00:00,,,FEET
SHA,D,6,RES ELE,1986-06-28 00:00,1986-06-28 00:00,,,FEET
SHA,D,6,RES ELE,1986-06-29 00:00,1986-06-29 00:00,,,FEET
SHA,D,6,RES ELE,1986-06-30 00:00,1986-06-30 00:00,,,FEET
SHA,D,6,RES ELE,1986-07-01 00:00,1986-07-01 00:00,,,FEET
SHA,D,6,RES ELE,1986-07-02 00:00,1986-07-02 00:00,,,FEET
SHA,D,6,RES ELE,1986-07-03 00:00,1986-07-03 00:00,,,FEET
SHA,D,6,RES ELE,1986-07-04 00:00,1986-07-04 00:00,,,FEET
SHA,D,6,RES ELE,1986-07-05 00:00,1986-07-05 00:00,,,FEET
SHA,D,6,RES ELE,1986-07-06 00:00,1986-07-06 00:00,,,FEET
SHA,D,6,RES ELE,1986-07-07 00:00,1986-07-07 00:00,,,FEET
SHA,D,6,RES ELE,1986-07-08 00:00,1986-07-08 00:00,,,FEET
SHA,D,6,RES ELE,1986-07-09 00:00,1986-07-09 00:00,,,FEET
SHA,D,6,RES ELE,1986-07-10 00:00,1986-07-10 00:00,,,FEET
SHA,D,6,RES ELE,1986-07-11 00:00,1986-07-11 00:00,,,FEET
SHA,D,6,RES ELE,1986-07-12 00:00,1986-07-12 00:00,,,FEET
SHA,D,6,RES ELE,1986-07-13 00:00,1986-07-13 00:00,,,FEET
SHA,D,6,RES ELE,1986-07-14 00:00,1986-07-14 00:00,,,FEET
SHA,D,6,RES ELE,1986-07-15 00:00,1986-07-15 00:00,,,FEET
SHA,D,6,RES ELE,1986-07-16 00:00,1986-07-16 00:00,,,FEET
SHA,D,6,RES ELE,1986-07-17 00:00,1986-07-17 00:00,,,FEET
SHA,D,6,RES ELE,1986-07-18 00:00,1986-07-18 00:00,,,FEET
SHA,D,6,RES ELE,1986-07-19 00:00,1986-07-19 00:00,,,FEET
SHA,D,6,RES ELE,1986-07-20 00:00,1986-07-20 00:00,,,FEET
SHA,D,6,RES ELE,1986-07-21 00:00,1986-07-21 00:00,,,FEET
SHA,D,6,RES ELE,1986-07-22 00:00,1986-07-22 00:00,,,FEET
SHA,D,6,RES ELE,1986-07-23 00:00,1986-07-23 00:00,,,FEET
SHA,D,6,RES ELE,1986-07-24 00:00,1986-07-24 00:00,,,FEET
SHA,D,6,RES ELE,1986-07-25 00:00,1986-07-25 00:00,,,FEET
SHA,D,6,RES ELE,1986-07-26 00:00,1986-07-26 00:00,,,FEET
SHA,D,6,RES ELE,1986-07-27 00:00,1986-07-27 00:00,,,FEET
SHA,D,6,RES ELE,1986-07-28 00:00,1986-07-28 00:00,,,FEET
SHA,D,6,RES ELE,1986-07-29 00:00,1986-07-29 00:00,,,FEET
SHA,D,6,RES ELE,1986-07-30 00:00,1986-07-30 00:00,,,FEET
SHA,D,6,RES ELE,1986-07-31 00:00,1986-07-31 00:00,,,FEET
SHA,D,6,RES ELE,1986-08-01 00:00,1986-08-01 00:00,,,FEET
SHA,D,6,RES ELE,1986-08-02 00:00,1986-08-02 00:00,,,FEET
SHA,D,6,RES ELE,1986-08-03 00:00,1986-08-03 00:00,,,FEET
SHA,D,6,RES ELE,1986-08-04 00:00,1986-08-04 00:00,,,FEET
SHA,D,6,RES ELE,1986-08-05 00:00,1986-08-05 00:00,,,FEET
SHA,D,6,RES ELE,1986-08-06 00:00,1986-08-06 00:00,,,FEET
SHA,D,6,RES ELE,1986-08-07 00:00,1986-08-07 00:00,,,FEET
SHA,D,6,RES ELE,1986-08-08 00:00,1986-08-08 00:00,,,FEET
SHA,D,6,RES ELE,1986-08-09 00:00,1986-08-09 00:00,,,FEET
SHA,D,6,RES ELE,1986-08-10 00:00,1986-08-10 00:00,,,FEET
SHA,D,6,RES ELE,1986-08-11 00:00,1986-08-11 00:00,,,FEET
SHA,D,6,RES ELE,1986-08-12 00:00,1986-08-12 00:00,,,FEET
SHA,D,6,RES ELE,1986-08-13 00:00,1986-08-13 00:00,,,FEET
SHA,D,6,RES ELE,1986-08-14 00:00,1986-08-14 00:00,,,FEET
SHA,D,6,RES ELE,1986-08-15 00:00,1986-08-15 00:00,,,FEET
SHA,D,6,RES ELE,1986-08-16 00:00,1986-08-16 00:00,,,FEET
SHA,D,6,RES ELE,1986-08-17 00:00,1986-08-17 00:00,,,FEET
SHA,D,6,RES ELE,1986-08-18 00:00,1986-08-18 00:00,,,FEET
SHA,D,6,RES ELE,1986-08-19 00:00,1986-08-19 00:00,,,FEET
SHA,D,6,RES ELE,1986-08-20 00:00,1986-08-20 00:00,,,FEET
SHA,D,6,RES ELE,1986-08-21 00:00,1986-08-21 00:00,,,FEET
SHA,D,6,RES ELE,1986-08-22 00:00,1986-08-22 00:00,,,FEET
SHA,D,6,RES ELE,1986-08-23 00:00,1986-08-23 00:00,,,FEET
SHA,D,6,RES ELE,1986-08-24 00:00,1986-08-24 00:00,,,FEET
SHA,D,6,RES ELE,1986-08-25 00:00,1986-08-25 00:00,,,FEET
SHA,D,6,RES ELE,1986-08-26 00:00,1986-08-26 00:00,,,FEET
SHA,D,6,RES ELE,1986-08-27 00:00,1986-08-27 00:00,,,FEET
SHA,D,6,RES ELE,1986-08-28 00:00,1986-08-28 00:00,,,FEET
SHA,D,6,RES ELE,1986-08-29 00:00,1986-08-29 00:00,,,FEET
SHA,D,6,RES ELE,1986-08-30 00:00,1986-08-30 00:00,,,FEET
SHA,D,6,RES ELE,1986-08-31 00:00,1986-08-31 00:00,,,FEET
SHA,D,6,RES ELE,1986-09-01 00:00,1986-09-01 00:00,,,FEET
SHA,D,6,RES ELE,1986-09-02 00:00,1986-09-02 00:00,,,FEET
SHA,D,6,RES ELE,1986-09-03 00:00,1986-09-03 00:00,,,FEET
SHA,D,6,RES ELE,1986-09-04 00:00,1986-09-04 00:00,,,FEET
SHA,D,6,RES ELE,1986-09-05 00:00,1986-09-05 00:00,,,FEET
SHA,D,6,RES ELE,1986-09-06 00:00,1986-09-06 00:00,,,FEET
SHA,D,6,RES ELE,1986-09-07 00:00,1986-09-07 00:00,,,FEET
SHA,D,6,RES ELE,1986-09-08 00:00,1986-09-08 00:00,,,FEET
SHA,D,6,RES ELE,1986-09-09 00:00,1986-09-09 00:00,,,FEET
SHA,D,6,RES ELE,1986-09-10 00:00,1986-09-10 00:00,,,FEET
SHA,D,6,RES ELE,1986-09-11 00:00,1986-09-11 00:00,,,FEET
SHA,D,6,RES ELE,1986-09-12 00:00,1986-09-12 00:00,,,FEET
SHA,D,6,RES ELE,1986-09-13 00:00,1986-09-13 00:00,,,FEET
SHA,D,6,RES ELE,1986-09-14 00:00,1986-09-14 00:00,,,FEET
SHA,D,6,RES ELE,1986-09-15 00:00,1986-09-15 00:00,,,FEET
SHA,D,6,RES ELE,1986-09-16 00:00,1986-09-16 00:00,,,FEET
SHA,D,6,RES ELE,1986-09-17 00:00,1986-09-17 00:00,,,FEET
SHA,D,6,RES ELE,1986-09-18 00:00,1986-09-18 00:00,,,FEET
SHA,D,6,RES ELE,1986-09-19 00:00,1986-09-19 00:00,,,FEET
SHA,D,6,RES ELE,1986-09-20 00:00,1986-09-20 00:00,,,FEET
SHA,D,6,RES ELE,1986-09-21 00:00,1986-09-21 00:00,,,FEET
SHA,D,6,RES ELE,1986-09-22 00:00,1986-09-22 00:00,,,FEET
SHA,D,6,RES ELE,1986-09-23 00:00,1986-09-23 00:00,,,FEET
SHA,D,6,RES ELE,1986-09-24 00:00,1986-09-24 00:00,,,FEET
SHA,D,6,RES ELE,1986-09-25 00:00,1986-09-25 00:00,,,FEET
SHA,D,6,RES ELE,1986-09-26 00:00,1986-09-26 00:00,,,FEET
SHA,D,6,RES ELE,1986-09-27 00:00,1986-09-27 00:00,,,FEET
SHA,D,6,RES ELE,1986-09-28 00:00,1986-09-28 00:00,,,FEET
SHA,D,6,RES ELE,1986-09-29 00:00,1986-09-29 00:00,,,FEET
SHA,D,6,RES ELE,1986-09-30 00:00,1986-09-30 00:00,,,FEET
SHA,D,6,RES ELE,1986-10-01 00:00,1986-10-01 00:00,,,FEET
SHA,D,6,RES ELE,1986-10-02 00:00,1986-10-02 00:00,,,FEET
SHA,D,6,RES ELE,1986-10-03 00:00,1986-10-03 00:00,,,FEET
SHA,D,6,RES ELE,1986-10-04 00:00,1986-10-04 00:00,,,FEET
SHA,D,6,RES ELE,1986-10-05 00:00,1986-10-05 00:00,,,FEET
SHA,D,6,RES ELE,1986-10-06 00:00,1986-10-06 00:00,,,FEET
SHA,D,6,RES ELE,1986-10-07 00:00,1986-10-07 00:00,,,FEET
SHA,D,6,RES ELE,1986-10-08 00:00,1986-10-08 00:00,,,FEET
SHA,D,6,RES ELE,1986-10-09 00:00,1986-10-09 00:00,,,FEET
SHA,D,6,RES ELE,1986-10-10 00:00,1986-10-10 00:00,,,FEET
SHA,D,6,RES ELE,1986-10-11 00:00,1986-10-11 00:00,,,FEET
SHA,D,6,RES ELE,1986-10-12 00:00,1986-10-12 00:00,,,FEET
SHA,D,6,RES ELE,1986-10-13 00:00,1986-10-13 00:00,,,FEET
SHA,D,6,RES ELE,1986-10-14 00:00,1986-10-14 00:00,,,FEET
SHA,D,6,RES ELE,1986-10-15 00:00,1986-10-15 00:00,,,FEET
SHA,D,6,RES ELE,1986-10-16 00:00,1986-10-16 00:00,,,FEET
SHA,D,6,RES ELE,1986-10-17 00:00,1986-10-17 00:00,,,FEET
SHA,D,6,RES ELE,1986-10-18 00:00,1986-10-18 00:00,,,FEET
SHA,D,6,RES ELE,1986-10-19 00:00,1986-10-19 00:00,,,FEET
SHA,D,6,RES ELE,1986-10-20 00:00,1986-10-20 00:00,,,FEET
SHA,D,6,RES ELE,1986-10-21 00:00,1986-10-21 00:00,,,FEET
SHA,D,6,RES ELE,1986-10-22 00:00,1986-10-22 00:00,,,FEET
SHA,D,6,RES ELE,1986-10-23 00:00,1986-10-23 00:00,,,FEET
SHA,D,6,RES ELE,1986-10-24 00:00,1986-10-24 00:00,,,FEET
SHA,D,6,RES ELE,1986-10-25 00:00,1986-10-25 00:00,,,FEET
SHA,D,6,RES ELE,1986-10-26 00:00,1986-10-26 00:00,,,FEET
SHA,D,6,RES ELE,1986-10-27 00:00,1986-10-27 00:00,,,FEET
SHA,D,6,RES ELE,1986-10-28 00:00,1986-10-28 00:00,,,FEET
SHA,D,6,RES ELE,1986-10-29 00:00,1986-10-29 00:00,,,FEET
SHA,D,6,RES ELE,1986-10-30 00:00,1986-10-30 00:00,,,FEET
SHA,D,6,RES ELE,1986-10-31 00:00,1986-10-31 00:00,,,FEET
SHA,D,6,RES ELE,1986-11-01 00:00,1986-11-01 00:00,,,FEET
SHA,D,6,RES ELE,1986-11-02 00:00,1986-11-02 00:00,,,FEET
SHA,D,6,RES ELE,1986-11-03 00:00,1986-11-03 00:00,,,FEET
SHA,D,6,RES ELE,1986-11-04 00:00,1986-11-04 00:00,,,FEET
SHA,D,6,RES ELE,1986-11-05 00:00,1986-11-05 00:00,,,FEET
SHA,D,6,RES ELE,1986-11-06 00:00,1986-11-06 00:00,,,FEET
SHA,D,6,RES ELE,1986-11-07 00:00,1986-11-07 00:00,,,FEET
SHA,D,6,RES ELE,1986-11-08 00:00,1986-11-08 00:00,,,FEET
SHA,D,6,RES ELE,1986-11-09 00:00,1986-11-09 00:00,,,FEET
SHA,D,6,RES ELE,1986-11-10 00:00,1986-11-10 00:00,,,FEET
SHA,D,6,RES ELE,1986-11-11 00:00,1986-11-11 00:00,,,FEET
SHA,D,6,RES ELE,1986-11-12 00:00,1986-11-12 00:00,,,FEET
SHA,D,6,RES ELE,1986-11-13 00:00,1986-11-13 00:00,,,FEET
SHA,D,6,RES ELE,1986-11-14 00:00,1986-11-14 00:00,,,FEET
SHA,D,6,RES ELE,1986-11-15 00:00,1986-11-15 00:00,,,FEET
SHA,D,6,RES ELE,1986-11-16 00:00,1986-11-16 00:00,,,FEET
SHA,D,6,RES ELE,1986-11-17 00:00,1986-11-17 00:00,,,FEET
SHA,D,6,RES ELE,1986-11-18 00:00,1986-11-18 00:00,,,FEET
SHA,D,6,RES ELE,1986-11-19 00:00,1986-11-19 00:00,,,FEET
SHA,D,6,RES ELE,1986-11-20 00:00,1986-11-20 00:00,,,FEET
SHA,D,6,RES ELE,1986-11-21 00:00,1986-11-21 00:00,,,FEET
SHA,D,6,RES ELE,1986-11-22 00:00,1986-11-22 00:00,,,FEET
SHA,D,6,RES ELE,1986-11-23 00:00,1986-11-23 00:00,,,FEET
SHA,D,6,RES ELE,1986-11-24 00:00,1986-11-24 00:00,,,FEET
SHA,D,6,RES ELE,1986-11-25 00:00,1986-11-25 00:00,,,FEET
SHA,D,6,RES ELE,1986-11-26 00:00,1986-11-26 00:00,,,FEET
SHA,D,6,RES ELE,1986-11-27 00:00,1986-11-27 00:00,,,FEET
SHA,D,6,RES ELE,1986-11-28 00:00,1986-11-28 00:00,,,FEET
SHA,D,6,RES ELE,1986-11-29 00:00,1986-11-29 00:00,,,FEET
SHA,D,6,RES ELE,1986-11-30 00:00,1986-11-30 00:00,,,FEET
SHA,D,6,RES ELE,1986-12-01 00:00,1986-12-01 00:00,,,FEET
SHA,D,6,RES ELE,1986-12-02 00:00,1986-12-02 00:00,,,FEET
SHA,D,6,RES ELE,1986-12-03 00:00,1986-12-03 00:00,,,FEET
SHA,D,6,RES ELE,1986-12-04 00:00,1986-12-04 00:00,,,FEET
SHA,D,6,RES ELE,1986-12-05 00:00,1986-12-05 00:00,,,FEET
SHA,D,6,RES ELE,1986-12-06 00:00,1986-12-06 00:00,,,FEET
SHA,D,6,RES ELE,1986-12-07 00:00,1986-12-07 00:00,,,FEET
SHA,D,6,RES ELE,1986-12-08 00:00,1986-12-08 00:00,,,FEET
SHA,D,6,RES ELE,1986-12-09 00:00,1986-12-09 00:00,,,FEET
SHA,D,6,RES ELE,1986-12-10 00:00,1986-12-10 00:00,,,FEET
SHA,D,6,RES ELE,1986-12-11 00:00,1986-12-11 00:00,,,FEET
SHA,D,6,RES ELE,1986-12-12 00:00,1986-12-12 00:00,,,FEET
SHA,D,6,RES ELE,1986-12-13 00:00,1986-12-13 00:00,,,FEET
SHA,D,6,RES ELE,1986-12-14 00:00,1986-12-14 00:00,,,FEET
SHA,D,6,RES ELE,1986-12-15 00:00,1986-12-15 00:00,,,FEET
SHA,D,6,RES ELE,1986-12-16 00:00,1986-12-16 00:00,,,FEET
SHA,D,6,RES ELE,1986-12-17 00:00,1986-12-17 00:00,,,FEET
SHA,D,6,RES ELE,1986-12-18 00:00,1986-12-18 00:00,,,FEET
SHA,D,6,RES ELE,1986-12-19 00:00,1986-12-19 00:00,,,FEET
SHA,D,6,RES ELE,1986-12-20 00:00,1986-12-20 00:00,,,FEET
SHA,D,6,RES ELE,1986-12-21 00:00,1986-12-21 00:00,,,FEET
SHA,D,6,RES ELE,1986-12-22 00:00,1986-12-22 00:00,,,FEET
SHA,D,6,RES ELE,1986-12-23 00:00,1986-12-23 00:00,,,FEET
SHA,D,6,RES ELE,1986-12-24 00:00,1986-12-24 00:00,,,FEET
SHA,D,6,RES ELE,1986-12-25 00:00,1986-12-25 00:00,,,FEET
SHA,D,6,RES ELE,1986-12-26 00:00,1986-12-26 00:00,,,FEET
SHA,D,6,RES ELE,1986-12-27 00:00,1986-12-27 00:00,,,FEET
SHA,D,6,RES ELE,1986-12-28 00:00,1986-12-28 00:00,,,FEET
SHA,D,6,RES ELE,1986-12-29 00:00,1986-12-29 00:00,,,FEET
SHA,D,6,RES ELE,1986-12-30 00:00,1986-12-30 00:00,,,FEET
SHA,D,6,RES ELE,1986-12-31 00:00,1986-12-31 00:00,,,FEET
SHA,D,6,RES ELE,1987-01-01 00:00,1987-01-01 00:00,,,FEET
SHA,D,6,RES ELE,1987-01-02 00:00,1987-01-02 00:00,,,FEET
SHA,D,6,RES ELE,1987-01-03 00:00,1987-01-03 00:00,,,FEET
SHA,D,6,RES ELE,1987-01-04 00:00,1987-01-04 00:00,,,FEET
SHA,D,6,RES ELE,1987-01-05 00:00,1987-01-05 00:00,1006.16,,FEET
SHA,D,6,RES ELE,1987-01-06 00:00,1987-01-06 00:00,1006.71,,FEET
SHA,D,6,RES ELE,1987-01-07 00:00,1987-01-07 00:00,1007.23,,FEET
SHA,D,6,RES ELE,1987-01-08 00:00,1987-01-08 00:00,,r,FEET
SHA,D,6,RES ELE,1987-01-09 00:00,1987-01-09 00:00,,,FEET
SHA,D,6,RES ELE,1987-01-10 00:00,1987-01-10 00:00,,,FEET
SHA,D,6,RES ELE,1987-01-11 00:00,1987-01-11 00:00,,,FEET
SHA,D,6,RES ELE,1987-01-12 00:00,1987-01-12 00:00,,,FEET
SHA,D,6,RES ELE,1987-01-13 00:00,1987-01-13 00:00,,,FEET
SHA,D,6,RES ELE,1987-01-14 00:00,1987-01-14 00:00,,,FEET
SHA,D,6,RES ELE,1987-01-15 00:00,1987-01-15 00:00,,,FEET
SHA,D,6,RES ELE,1987-01-16 00:00,1987-01-16 00:00,,,FEET
SHA,D,6,RES ELE,1987-01-17 00:00,1987-01-17 00:00,,,FEET
SHA,D,6,RES ELE,1987-01-18 00:00,1987-01-18 00:00,,,FEET
SHA,D,6,RES ELE,1987-01-19 00:00,1987-01-19 00:00,,,FEET
SHA,D,6,RES ELE,1987-01-20 00:00,1987-01-20 00:00,,,FEET
SHA,D,6,RES ELE,1987-01-21 00:00,1987-01-21 00:00,,,FEET
SHA,D,6,RES ELE,1987-01-22 00:00,1987-01-22 00:00,,,FEET
SHA,D,6,RES ELE,1987-01-23 00:00,1987-01-23 00:00,,,FEET
SHA,D,6,RES ELE,1987-01-24 00:00,1987-01-24 00:00,,,FEET
SHA,D,6,RES ELE,1987-01-25 00:00,1987-01-25 00:00,,,FEET
SHA,D,6,RES ELE,1987-01-26 00:00,1987-01-26 00:00,,,FEET
SHA,D,6,RES ELE,1987-01-27 00:00,1987-01-27 00:00,,,FEET
SHA,D,6,RES ELE,1987-01-28 00:00,1987-01-28 00:00,,,FEET
SHA,D,6,RES ELE,1987-01-29 00:00,1987-01-29 00:00,,,FEET
SHA,D,6,RES ELE,1987-01-30 00:00,1987-01-30 00:00,,,FEET
SHA,D,6,RES ELE,1987-01-31 00:00,1987-01-31 00:00,,,FEET
SHA,D,6,RES ELE,1987-02-01 00:00,1987-02-01 00:00,,,FEET
SHA,D,6,RES ELE,1987-02-02 00:00,1987-02-02 00:00,,,FEET
SHA,D,6,RES ELE,1987-02-03 00:00,1987-02-03 00:00,,,FEET
SHA,D,6,RES ELE,1987-02-04 00:00,1987-02-04 00:00,,,FEET
SHA,D,6,RES ELE,1987-02-05 00:00,1987-02-05 00:00,,,FEET
SHA,D,6,RES ELE,1987-02-06 00:00,1987-02-06 00:00,,,FEET
SHA,D,6,RES ELE,1987-02-07 00:00,1987-02-07 00:00,,,FEET
SHA,D,6,RES ELE,1987-02-08 00:00,1987-02-08 00:00,,,FEET
SHA,D,6,RES ELE,1987-02-09 00:00,1987-02-09 00:00,,,FEET
SHA,D,6,RES ELE,1987-02-10 00:00,1987-02-10 00:00,,,FEET
SHA,D,6,RES ELE,1987-02-11 00:00,1987-02-11 00:00,,,FEET
SHA,D,6,RES ELE,1987-02-12 00:00,1987-02-12 00:00,,,FEET
SHA,D,6,RES ELE,1987-02-13 00:00,1987-02-13 00:00,,,FEET
SHA,D,6,RES ELE,1987-02-14 00:00,1987-02-14 00:00,,,FEET
SHA,D,6,RES ELE,1987-02-15 00:00,1987-02-15 00:00,,,FEET
SHA,D,6,RES ELE,1987-02-16 00:00,1987-02-16 00:00,,,FEET
SHA,D,6,RES ELE,1987-02-17 00:00,1987-02-17 00:00,,,FEET
SHA,D,6,RES ELE,1987-02-18 00:00,1987-02-18 00:00,,,FEET
SHA,D,6,RES ELE,1987-02-19 00:00,1987-02-19 00:00,,,FEET
SHA,D,6,RES ELE,1987-02-20 00:00,1987-02-20 00:00,,,FEET
SHA,D,6,RES ELE,1987-02-21 00:00,1987-02-21 00:00,,,FEET
SHA,D,6,RES ELE,1987-02-22 00:00,1987-02-22 00:00,,,FEET
SHA,D,6,RES ELE,1987-02-23 00:00,1987-02-23 00:00,,,FEET
SHA,D,6,RES ELE,1987-02-24 00:00,1987-02-24 00:00,,,FEET
SHA,D,6,RES ELE,1987-02-25 00:00,1987-02-25 00:00,,,FEET
SHA,D,6,RES ELE,1987-02-26 00:00,1987-02-26 00:00,,,FEET
SHA,D,6,RES ELE,1987-02-27 00:00,1987-02-27 00:00,,,FEET
SHA,D,6,RES ELE,1987-02-28 00:00,1987-02-28 00:00,,,FEET
SHA,D,6,RES ELE,1987-03-01 00:00,1987-03-01 00:00,,,FEET
SHA,D,6,RES ELE,1987-03-02 00:00,1987-03-02 00:00,,,FEET
SHA,D,6,RES ELE,1987-03-03 00:00,1987-03-03 00:00,,,FEET
SHA,D,6,RES ELE,1987-03-04 00:00,1987-03-04 00:00,,,FEET
SHA,D,6,RES ELE,1987-03-05 00:00,1987-03-05 00:00,,,FEET
SHA,D,6,RES ELE,1987-03-06 00:00,1987-03-06 00:00,,,FEET
SHA,D,6,RES ELE,1987-03-07 00:00,1987-03-07 00:00,,,FEET
SHA,D,6,RES ELE,1987-03-08 00:00,1987-03-08 00:00,,,FEET
SHA,D,6,RES ELE,1987-03-09 00:00,1987-03-09 00:00,,,FEET
SHA,D,6,RES ELE,1987-03-10 00:00,1987-03-10 00:00,,,FEET
SHA,D,6,RES ELE,1987-03-11 00:00,1987-03-11 00:00,,,FEET
SHA,D,6,RES ELE,1987-03-12 00:00,1987-03-12 00:00,,,FEET
SHA,D,6,RES ELE,1987-03-13 00:00,1987-03-13 00:00,,,FEET
SHA,D,6,RES ELE,1987-03-14 00:00,1987-03-14 00:00,,,FEET
SHA,D,6,RES ELE,1987-03-15 00:00,1987-03-15 00:00,,,FEET
SHA,D,6,RES ELE,1987-03-16 00:00,1987-03-16 00:00,,,FEET
SHA,D,6,RES ELE,1987-03-17 00:00,1987-03-17 00:00,,,FEET
SHA,D,6,RES ELE,1987-03-18 00:00,1987-03-18 00:00,,,FEET
SHA,D,6,RES ELE,1987-03-19 00:00,1987-03-19 00:00,,,FEET
SHA,D,6,RES ELE,1987-03-20 00:00,1987-03-20 00:00,,,FEET
SHA,D,6,RES ELE,1987-03-21 00:00,1987-03-21 00:00,,,FEET
SHA,D,6,RES ELE,1987-03-22 00:00,1987-03-22 00:00,,,FEET
SHA,D,6,RES ELE,1987-03-23 00:00,1987-03-23 00:00,,,FEET
SHA,D,6,RES ELE,1987-03-24 00:00,1987-03-24 00:00,,,FEET
SHA,D,6,RES ELE,1987-03-25 00:00,1987-03-25 00:00,,,FEET
SHA,D,6,RES ELE,1987-03-26 00:00,1987-03-26 00:00,,,FEET
SHA,D,6,RES ELE,1987-03-27 00:00,1987-03-27 00:00,,,FEET
SHA,D,6,RES ELE,1987-03-28 00:00,1987-03-28 00:00,,,FEET
SHA,D,6,RES ELE,1987-03-29 00:00,1987-03-29 00:00,,,FEET
SHA,D,6,RES ELE,1987-03-30 00:00,1987-03-30 00:00,,,FEET
SHA,D,6,RES ELE,1987-03-31 00:00,1987-03-31 00:00,,,FEET
SHA,D,6,RES ELE,1987-04-01 00:00,1987-04-01 00:00,,,FEET
SHA,D,6,RES ELE,1987-04-02 00:00,1987-04-02 00:00,,,FEET
SHA,D,6,RES ELE,1987-04-03 00:00,1987-04-03 00:00,,,FEET
SHA,D,6,RES ELE,1987-04-04 00:00,1987-04-04 00:00,,,FEET
SHA,D,6,RES ELE,1987-04-05 00:00,1987-04-05 00:00,,,FEET
SHA,D,6,RES ELE,1987-04-06 00:00,1987-04-06 00:00,,,FEET
SHA,D,6,RES ELE,1987-04-07 00:00,1987-04-07 00:00,,,FEET
SHA,D,6,RES ELE,1987-04-08 00:00,1987-04-08 00:00,,,FEET
SHA,D,6,RES ELE,1987-04-09 00:00,1987-04-09 00:00,,,FEET
SHA,D,6,RES ELE,1987-04-10 00:00,1987-04-10 00:00,,,FEET
SHA,D,6,RES ELE,1987-04-11 00:00,1987-04-11 00:00,,,FEET
SHA,D,6,RES ELE,1987-04-12 00:00,1987-04-12 00:00,,,FEET
SHA,D,6,RES ELE,1987-04-13 00:00,1987-04-13 00:00,,,FEET
SHA,D,6,RES ELE,1987-04-14 00:00,1987-04-14 00:00,,,FEET
SHA,D,6,RES ELE,1987-04-15 00:00,1987-04-15 00:00,,,FEET
SHA,D,6,RES ELE,1987-04-16 00:00,1987-04-16 00:00,,,FEET
SHA,D,6,RES ELE,1987-04-17 00:00,1987-04-17 00:00,,,FEET
SHA,D,6,RES ELE,1987-04-18 00:00,1987-04-18 00:00,,,FEET
SHA,D,6,RES ELE,1987-04-19 00:00,1987-04-19 00:00,,,FEET
SHA,D,6,RES ELE,1987-04-20 00:00,1987-04-20 00:00,,,FEET
SHA,D,6,RES ELE,1987-04-21 00:00,1987-04-21 00:00,,,FEET
SHA,D,6,RES ELE,1987-04-22 00:00,1987-04-22 00:00,,,FEET
SHA,D,6,RES ELE,1987-04-23 00:00,1987-04-23 00:00,,,FEET
SHA,D,6,RES ELE,1987-04-24 00:00,1987-04-24 00:00,,,FEET
SHA,D,6,RES ELE,1987-04-25 00:00,1987-04-25 00:00,,,FEET
SHA,D,6,RES ELE,1987-04-26 00:00,1987-04-26 00:00,,r,FEET
SHA,D,6,RES ELE,1987-04-27 00:00,1987-04-27 00:00,,r,FEET
SHA,D,6,RES ELE,1987-04-28 00:00,1987-04-28 00:00,,,FEET
SHA,D,6,RES ELE,1987-04-29 00:00,1987-04-29 00:00,,r,FEET
SHA,D,6,RES ELE,1987-04-30 00:00,1987-04-30 00:00,,r,FEET
SHA,D,6,RES ELE,1987-05-01 00:00,1987-05-01 00:00,,,FEET
SHA,D,6,RES ELE,1987-05-02 00:00,1987-05-02 00:00,,r,FEET
SHA,D,6,RES ELE,1987-05-03 00:00,1987-05-03 00:00,,r,FEET
SHA,D,6,RES ELE,1987-05-04 00:00,1987-05-04 00:00,,,FEET
SHA,D,6,RES ELE,1987-05-05 00:00,1987-05-05 00:00,,r,FEET
SHA,D,6,RES ELE,1987-05-06 00:00,1987-05-06 00:00,,r,FEET
SHA,D,6,RES ELE,1987-05-07 00:00,1987-05-07 00:00,,,FEET
SHA,D,6,RES ELE,1987-05-08 00:00,1987-05-08 00:00,,,FEET
SHA,D,6,RES ELE,1987-05-09 00:00,1987-05-09 00:00,,,FEET
SHA,D,6,RES ELE,1987-05-10 00:00,1987-05-10 00:00,,,FEET
SHA,D,6,RES ELE,1987-05-11 00:00,1987-05-11 00:00,,,FEET
SHA,D,6,RES ELE,1987-05-12 00:00,1987-05-12 00:00,,,FEET
SHA,D,6,RES ELE,1987-05-13 00:00,1987-05-13 00:00,,,FEET
SHA,D,6,RES ELE,1987-05-14 00:00,1987-05-14 00:00,,,FEET
SHA,D,6,RES ELE,1987-05-15 00:00,1987-05-15 00:00,,,FEET
SHA,D,6,RES ELE,1987-05-16 00:00,1987-05-16 00:00,,,FEET
SHA,D,6,RES ELE,1987-05-17 00:00,1987-05-17 00:00,,,FEET
SHA,D,6,RES ELE,1987-05-18 00:00,1987-05-18 00:00,,,FEET
SHA,D,6,RES ELE,1987-05-19 00:00,1987-05-19 00:00,,,FEET
SHA,D,6,RES ELE,1987-05-20 00:00,1987-05-20 00:00,,,FEET
SHA,D,6,RES ELE,1987-05-21 00:00,1987-05-21 00:00,,,FEET
SHA,D,6,RES ELE,1987-05-22 00:00,1987-05-22 00:00,,,FEET
SHA,D,6,RES ELE,1987-05-23 00:00,1987-05-23 00:00,,,FEET
SHA,D,6,RES ELE,1987-05-24 00:00,1987-05-24 00:00,1038.11,,FEET
SHA,D,6,RES ELE,1987-05-25 00:00,1987-05-25 00:00,,,FEET
SHA,D,6,RES ELE,1987-05-26 00:00,1987-05-26 00:00,,,FEET
SHA,D,6,RES ELE,1987-05-27 00:00,1987-05-27 00:00,,,FEET
SHA,D,6,RES ELE,1987-05-28 00:00,1987-05-28 00:00,,,FEET
SHA,D,6,RES ELE,1987-05-29 00:00,1987-05-29 00:00,,,FEET
SHA,D,6,RES ELE,1987-05-30 00:00,1987-05-30 00:00,,,FEET
SHA,D,6,RES ELE,1987-05-31 00:00,1987-05-31 00:00,,,FEET
SHA,D,6,RES ELE,1987-06-01 00:00,1987-06-01 00:00,,,FEET
SHA,D,6,RES ELE,1987-06-02 00:00,1987-06-02 00:00,,,FEET
SHA,D,6,RES ELE,1987-06-03 00:00,1987-06-03 00:00,,,FEET
SHA,D,6,RES ELE,1987-06-04 00:00,1987-06-04 00:00,,,FEET
SHA,D,6,RES ELE,1987-06-05 00:00,1987-06-05 00:00,,,FEET
SHA,D,6,RES ELE,1987-06-06 00:00,1987-06-06 00:00,,,FEET
SHA,D,6,RES ELE,1987-06-07 00:00,1987-06-07 00:00,,,FEET
SHA,D,6,RES ELE,1987-06-08 00:00,1987-06-08 00:00,,,FEET
SHA,D,6,RES ELE,1987-06-09 00:00,1987-06-09 00:00,,,FEET
SHA,D,6,RES ELE,1987-06-10 00:00,1987-06-10 00:00,,,FEET
SHA,D,6,RES ELE,1987-06-11 00:00,1987-06-11 00:00,,,FEET
SHA,D,6,RES ELE,1987-06-12 00:00,1987-06-12 00:00,,,FEET
SHA,D,6,RES ELE,1987-06-13 00:00,1987-06-13 00:00,,,FEET
SHA,D,6,RES ELE,1987-06-14 00:00,1987-06-14 00:00,,,FEET
SHA,D,6,RES ELE,1987-06-15 00:00,1987-06-15 00:00,1025.20,,FEET
SHA,D,6,RES ELE,1987-06-16 00:00,1987-06-16 00:00,1024.62,,FEET
SHA,D,6,RES ELE,1987-06-17 00:00,1987-06-17 00:00,1023.80,,FEET
SHA,D,6,RES ELE,1987-06-18 00:00,1987-06-18 00:00,1023.80,,FEET
SHA,D,6,RES ELE,1987-06-19 00:00,1987-06-19 00:00,,,FEET
SHA,D,6,RES ELE,1987-06-20 00:00,1987-06-20 00:00,1021.45,,FEET
SHA,D,6,RES ELE,1987-06-21 00:00,1987-06-21 00:00,1020.70,,FEET
SHA,D,6,RES ELE,1987-06-22 00:00,1987-06-22 00:00,1020.08,,FEET
SHA,D,6,RES ELE,1987-06-23 00:00,1987-06-23 00:00,1019.47,,FEET
SHA,D,6,RES ELE,1987-06-24 00:00,1987-06-24 00:00,1018.85,,FEET
SHA,D,6,RES ELE,1987-06-25 00:00,1987-06-25 00:00,,,FEET
SHA,D,6,RES ELE,1987-06-26 00:00,1987-06-26 00:00,,,FEET
SHA,D,6,RES ELE,1987-06-27 00:00,1987-06-27 00:00,1017.14,,FEET
SHA,D,6,RES ELE,1987-06-28 00:00,1987-06-28 00:00,1015.23,,FEET
SHA,D,6,RES ELE,1987-06-29 00:00,1987-06-29 00:00,1014.31,,FEET
SHA,D,6,RES ELE,1987-06-30 00:00,1987-06-30 00:00,1013.68,,FEET
SHA,D,6,RES ELE,1987-07-01 00:00,1987-07-01 00:00,1013.09,,FEET
SHA,D,6,RES ELE,1987-07-02 00:00,1987-07-02 00:00,,,FEET
SHA,D,6,RES ELE,1987-07-03 00:00,1987-07-03 00:00,,,FEET
SHA,D,6,RES ELE,1987-07-04 00:00,1987-07-04 00:00,1010.61,,FEET
SHA,D,6,RES ELE,1987-07-05 00:00,1987-07-05 00:00,1009.86,,FEET
SHA,D,6,RES ELE,1987-07-06 00:00,1987-07-06 00:00,1009.26,,FEET
SHA,D,6,RES ELE,1987-07-07 00:00,1987-07-07 00:00,1008.37,,FEET
SHA,D,6,RES ELE,1987-07-08 00:00,1987-07-08 00:00,1007.68,,FEET
SHA,D,6,RES ELE,1987-07-09 00:00,1987-07-09 00:00,1007.68,,FEET
SHA,D,6,RES ELE,1987-07-10 00:00,1987-07-10 00:00,,,FEET
SHA,D,6,RES ELE,1987-07-11 00:00,1987-07-11 00:00,1004.86,,FEET
SHA,D,6,RES ELE,1987-07-12 00:00,1987-07-12 00:00,1004.09,,FEET
SHA,D,6,RES ELE,1987-07-13 00:00,1987-07-13 00:00,,r,FEET
SHA,D,6,RES ELE,1987-07-14 00:00,1987-07-14 00:00,1002.59,,FEET
SHA,D,6,RES ELE,1987-07-15 00:00,1987-07-15 00:00,1001.88,,FEET
SHA,D,6,RES ELE,1987-07-16 00:00,1987-07-16 00:00,,,FEET
SHA,D,6,RES ELE,1987-07-17 00:00,1987-07-17 00:00,,,FEET
SHA,D,6,RES ELE,1987-07-18 00:00,1987-07-18 00:00,999.66,,FEET
SHA,D,6,RES ELE,1987-07-19 00:00,1987-07-19 00:00,998.56,,FEET
SHA,D,6,RES ELE,1987-07-20 00:00,1987-07-20 00:00,997.76,,FEET
SHA,D,6,RES ELE,1987-07-21 00:00,1987-07-21 00:00,997.73,,FEET
SHA,D,6,RES ELE,1987-07-22 00:00,1987-07-22 00:00,996.42,,FEET
SHA,D,6,RES ELE,1987-07-23 00:00,1987-07-23 00:00,,,FEET
SHA,D,6,RES ELE,1987-07-24 00:00,1987-07-24 00:00,,,FEET
SHA,D,6,RES ELE,1987-07-25 00:00,1987-07-25 00:00,993.60,,FEET
SHA,D,6,RES ELE,1987-07-26 00:00,1987-07-26 00:00,992.95,,FEET
SHA,D,6,RES ELE,1987-07-27 00:00,1987-07-27 00:00,992.26,,FEET
SHA,D,6,RES ELE,1987-07-28 00:00,1987-07-28 00:00,991.52,,FEET
SHA,D,6,RES ELE,1987-07-29 00:00,1987-07-29 00:00,990.76,,FEET
SHA,D,6,RES ELE,1987-07-30 00:00,1987-07-30 00:00,,,FEET
SHA,D,6,RES ELE,1987-07-31 00:00,1987-07-31 00:00,,,FEET
SHA,D,6,RES ELE,1987-08-01 00:00,1987-08-01 00:00,988.25,,FEET
SHA,D,6,RES ELE,1987-08-02 00:00,1987-08-02 00:00,987.08,,FEET
SHA,D,6,RES ELE,1987-08-03 00:00,1987-08-03 00:00,986.19,,FEET
SHA,D,6,RES ELE,1987-08-04 00:00,1987-08-04 00:00,985.43,,FEET
SHA,D,6,RES ELE,1987-08-05 00:00,1987-08-05 00:00,984.68,,FEET
SHA,D,6,RES ELE,1987-08-06 00:00,1987-08-06 00:00,,,FEET
SHA,D,6,RES ELE,1987-08-07 00:00,1987-08-07 00:00,,,FEET
SHA,D,6,RES ELE,1987-08-08 00:00,1987-08-08 00:00,982.11,,FEET
SHA,D,6,RES ELE,1987-08-09 00:00,1987-08-09 00:00,981.35,,FEET
SHA,D,6,RES ELE,1987-08-10 00:00,1987-08-10 00:00,,r,FEET
SHA,D,6,RES ELE,1987-08-11 00:00,1987-08-11 00:00,979.57,,FEET
SHA,D,6,RES ELE,1987-08-12 00:00,1987-08-12 00:00,978.48,,FEET
SHA,D,6,RES ELE,1987-08-13 00:00,1987-08-13 00:00,,,FEET
SHA,D,6,RES ELE,1987-08-14 00:00,1987-08-14 00:00,,,FEET
SHA,D,6,RES ELE,1987-08-15 00:00,1987-08-15 00:00,975.17,,FEET
SHA,D,6,RES ELE,1987-08-16 00:00,1987-08-16 00:00,974.25,,FEET
SHA,D,6,RES ELE,1987-08-17 00:00,1987-08-17 00:00,973.47,,FEET
SHA,D,6,RES ELE,1987-08-18 00:00,1987-08-18 00:00,972.63,,FEET
SHA,D,6,RES ELE,1987-08-19 00:00,1987-08-19 00:00,971.76,,FEET
SHA,D,6,RES ELE,1987-08-20 00:00,1987-08-20 00:00,,,FEET
SHA,D,6,RES ELE,1987-08-21 00:00,1987-08-21 00:00,,,FEET
SHA,D,6,RES ELE,1987-08-22 00:00,1987-08-22 00:00,968.80,,FEET
SHA,D,6,RES ELE,1987-08-23 00:00,1987-08-23 00:00,968.03,,FEET
SHA,D,6,RES ELE,1987-08-24 00:00,1987-08-24 00:00,967.15,,FEET
SHA,D,6,RES ELE,1987-08-25 00:00,1987-08-25 00:00,966.54,,FEET
SHA,D,6,RES ELE,1987-08-26 00:00,1987-08-26 00:00,965.88,,FEET
SHA,D,6,RES ELE,1987-08-27 00:00,1987-08-27 00:00,,,FEET
SHA,D,6,RES ELE,1987-08-28 00:00,1987-08-28 00:00,,,FEET
SHA,D,6,RES ELE,1987-08-29 00:00,1987-08-29 00:00,964.25,,FEET
SHA,D,6,RES ELE,1987-08-30 00:00,1987-08-30 00:00,963.63,,FEET
SHA,D,6,RES ELE,1987-08-31 00:00,1987-08-31 00:00,963.43,,FEET
SHA,D,6,RES ELE,1987-09-01 00:00,1987-09-01 00:00,963.17,,FEET
SHA,D,6,RES ELE,1987-09-02 00:00,1987-09-02 00:00,962.91,,FEET
SHA,D,6,RES ELE,1987-09-03 00:00,1987-09-03 00:00,,,FEET
SHA,D,6,RES ELE,1987-09-04 00:00,1987-09-04 00:00,,,FEET
SHA,D,6,RES ELE,1987-09-05 00:00,1987-09-05 00:00,,,FEET
SHA,D,6,RES ELE,1987-09-06 00:00,1987-09-06 00:00,961.89,,FEET
SHA,D,6,RES ELE,1987-09-07 00:00,1987-09-07 00:00,961.81,,FEET
SHA,D,6,RES ELE,1987-09-08 00:00,1987-09-08 00:00,961.94,,FEET
SHA,D,6,RES ELE,1987-09-09 00:00,1987-09-09 00:00,961.92,,FEET
SHA,D,6,RES ELE,1987-09-10 00:00,1987-09-10 00:00,,,FEET
SHA,D,6,RES ELE,1987-09-11 00:00,1987-09-11 00:00,,,FEET
SHA,D,6,RES ELE,1987-09-12 00:00,1987-09-12 00:00,961.95,,FEET
SHA,D,6,RES ELE,1987-09-13 00:00,1987-09-13 00:00,962.01,,FEET
SHA,D,6,RES ELE,1987-09-14 00:00,1987-09-14 00:00,962.16,,FEET
SHA,D,6,RES ELE,1987-09-15 00:00,1987-09-15 00:00,962.30,,FEET
SHA,D,6,RES ELE,1987-09-16 00:00,1987-09-16 00:00,962.63,,FEET
SHA,D,6,RES ELE,1987-09-17 00:00,1987-09-17 00:00,,,FEET
SHA,D,6,RES ELE,1987-09-18 00:00,1987-09-18 00:00,,,FEET
SHA,D,6,RES ELE,1987-09-19 00:00,1987-09-19 00:00,962.91,,FEET
SHA,D,6,RES ELE,1987-09-20 00:00,1987-09-20 00:00,962.91,,FEET
SHA,D,6,RES ELE,1987-09-21 00:00,1987-09-21 00:00,963.05,,FEET
SHA,D,6,RES ELE,1987-09-22 00:00,1987-09-22 00:00,963.17,,FEET
SHA,D,6,RES ELE,1987-09-23 00:00,1987-09-23 00:00,963.25,,FEET
SHA,D,6,RES ELE,1987-09-24 00:00,1987-09-24 00:00,,,FEET
SHA,D,6,RES ELE,1987-09-25 00:00,1987-09-25 00:00,,,FEET
SHA,D,6,RES ELE,1987-09-26 00:00,1987-09-26 00:00,963.15,,FEET
SHA,D,6,RES ELE,1987-09-27 00:00,1987-09-27 00:00,963.12,,FEET
SHA,D,6,RES ELE,1987-09-28 00:00,1987-09-28 00:00,963.35,,FEET
SHA,D,6,RES ELE,1987-09-29 00:00,1987-09-29 00:00,963.49,,FEET
SHA,D,6,RES ELE,1987-09-30 00:00,1987-09-30 00:00,963.60,,FEET
SHA,D,6,RES ELE,1987-10-01 00:00,1987-10-01 00:00,,,FEET
SHA,D,6,RES ELE,1987-10-02 00:00,1987-10-02 00:00,,,FEET
SHA,D,6,RES ELE,1987-10-03 00:00,1987-10-03 00:00,963.57,,FEET
SHA,D,6,RES ELE,1987-10-04 00:00,1987-10-04 00:00,963.49,,FEET
SHA,D,6,RES ELE,1987-10-05 00:00,1987-10-05 00:00,963.64,,FEET
SHA,D,6,RES ELE,1987-10-06 00:00,1987-10-06 00:00,963.85,,FEET
SHA,D,6,RES ELE,1987-10-07 00:00,1987-10-07 00:00,964.04,,FEET
SHA,D,6,RES ELE,1987-10-08 00:00,1987-10-08 00:00,,,FEET
SHA,D,6,RES ELE,1987-10-09 00:00,1987-10-09 00:00,,,FEET
SHA,D,6,RES ELE,1987-10-10 00:00,1987-10-10 00:00,,,FEET
SHA,D,6,RES ELE,1987-10-11 00:00,1987-10-11 00:00,964.81,,FEET
SHA,D,6,RES ELE,1987-10-12 00:00,1987-10-12 00:00,964.99,,FEET
SHA,D,6,RES ELE,1987-10-13 00:00,1987-10-13 00:00,,r,FEET
SHA,D,6,RES ELE,1987-10-14 00:00,1987-10-14 00:00,965.68,,FEET
SHA,D,6,RES ELE,1987-10-15 00:00,1987-10-15 00:00,,,FEET
SHA,D,6,RES ELE,1987-10-16 00:00,1987-10-16 00:00,966.20,,FEET
SHA,D,6,RES ELE,1987-10-17 00:00,1987-10-17 00:00,966.29,,FEET
SHA,D,6,RES ELE,1987-10-18 00:00,1987-10-18 00:00,966.57,,FEET
SHA,D,6,RES ELE,1987-10-19 00:00,1987-10-19 00:00,966.92,,FEET
SHA,D,6,RES ELE,1987-10-20 00:00,1987-10-20 00:00,967.21,,FEET
SHA,D,6,RES ELE,1987-10-21 00:00,1987-10-21 00:00,967.51,,FEET
SHA,D,6,RES ELE,1987-10-22 00:00,1987-10-22 00:00,,,FEET
SHA,D,6,RES ELE,1987-10-23 00:00,1987-10-23 00:00,,,FEET
SHA,D,6,RES ELE,1987-10-24 00:00,1987-10-24 00:00,968.28,,FEET
SHA,D,6,RES ELE,1987-10-25 00:00,1987-10-25 00:00,968.54,,FEET
SHA,D,6,RES ELE,1987-10-26 00:00,1987-10-26 00:00,968.89,,FEET
SHA,D,6,RES ELE,1987-10-27 00:00,1987-10-27 00:00,969.22,,FEET
SHA,D,6,RES ELE,1987-10-28 00:00,1987-10-28 00:00,969.63,,FEET
SHA,D,6,RES ELE,1987-10-29 00:00,1987-10-29 00:00,,,FEET
SHA,D,6,RES ELE,1987-10-30 00:00,1987-10-30 00:00,,,FEET
SHA,D,6,RES ELE,1987-10-31 00:00,1987-10-31 00:00,970.39,,FEET
SHA,D,6,RES ELE,1987-11-01 00:00,1987-11-01 00:00,970.77,,FEET
SHA,D,6,RES ELE,1987-11-02 00:00,1987-11-02 00:00,970.98,,FEET
SHA,D,6,RES ELE,1987-11-03 00:00,1987-11-03 00:00,971.17,,FEET
SHA,D,6,RES ELE,1987-11-04 00:00,1987-11-04 00:00,971.26,,FEET
SHA,D,6,RES ELE,1987-11-05 00:00,1987-11-05 00:00,,,FEET
SHA,D,6,RES ELE,1987-11-06 00:00,1987-11-06 00:00,,,FEET
SHA,D,6,RES ELE,1987-11-07 00:00,1987-11-07 00:00,971.67,,FEET
SHA,D,6,RES ELE,1987-11-08 00:00,1987-11-08 00:00,971.82,,FEET
SHA,D,6,RES ELE,1987-11-09 00:00,1987-11-09 00:00,,,FEET
SHA,D,6,RES ELE,1987-11-10 00:00,1987-11-10 00:00,972.42,,FEET
SHA,D,6,RES ELE,1987-11-11 00:00,1987-11-11 00:00,972.66,,FEET
SHA,D,6,RES ELE,1987-11-12 00:00,1987-11-12 00:00,,,FEET
SHA,D,6,RES ELE,1987-11-13 00:00,1987-11-13 00:00,,,FEET
SHA,D,6,RES ELE,1987-11-14 00:00,1987-11-14 00:00,973.45,,FEET
SHA,D,6,RES ELE,1987-11-15 00:00,1987-11-15 00:00,973.63,,FEET
SHA,D,6,RES ELE,1987-11-16 00:00,1987-11-16 00:00,973.72,,FEET
SHA,D,6,RES ELE,1987-11-17 00:00,1987-11-17 00:00,973.90,,FEET
SHA,D,6,RES ELE,1987-11-18 00:00,1987-11-18 00:00,974.08,,FEET
SHA,D,6,RES ELE,1987-11-19 00:00,1987-11-19 00:00,,,FEET
SHA,D,6,RES ELE,1987-11-20 00:00,1987-11-20 00:00,,,FEET
SHA,D,6,RES ELE,1987-11-21 00:00,1987-11-21 00:00,974.51,,FEET
SHA,D,6,RES ELE,1987-11-22 00:00,1987-11-22 00:00,974.62,,FEET
SHA,D,6,RES ELE,1987-11-23 00:00,1987-11-23 00:00,975.02,,FEET
SHA,D,6,RES ELE,1987-11-24 00:00,1987-11-24 00:00,,,FEET
SHA,D,6,RES ELE,1987-11-25 00:00,1987-11-25 00:00,,,FEET
SHA,D,6,RES ELE,1987-11-26 00:00,1987-11-26 00:00,,,FEET
SHA,D,6,RES ELE,1987-11-27 00:00,1987-11-27 00:00,,,FEET
SHA,D,6,RES ELE,1987-11-28 00:00,1987-11-28 00:00,975.62,,FEET
SHA,D,6,RES ELE,1987-11-29 00:00,1987-11-29 00:00,976.05,,FEET
SHA,D,6,RES ELE,1987-11-30 00:00,1987-11-30 00:00,976.93,,FEET
SHA,D,6,RES ELE,1987-12-01 00:00,1987-12-01 00:00,979.02,,FEET
SHA,D,6,RES ELE,1987-12-02 00:00,1987-12-02 00:00,980.29,,FEET
SHA,D,6,RES ELE,1987-12-03 00:00,1987-12-03 00:00,,,FEET
SHA,D,6,RES ELE,1987-12-04 00:00,1987-12-04 00:00,983.71,,FEET
SHA,D,6,RES ELE,1987-12-05 00:00,1987-12-05 00:00,986.61,,FEET
SHA,D,6,RES ELE,1987-12-06 00:00,1987-12-06 00:00,988.33,,FEET
SHA,D,6,RES ELE,1987-12-07 00:00,1987-12-07 00:00,989.85,,FEET
SHA,D,6,RES ELE,1987-12-08 00:00,1987-12-08 00:00,991.68,,FEET
SHA,D,6,RES ELE,1987-12-09 00:00,1987-12-09 00:00,994.22,,FEET
SHA,D,6,RES ELE,1987-12-10 00:00,1987-12-10 00:00,,,FEET
SHA,D,6,RES ELE,1987-12-11 00:00,1987-12-11 00:00,,,FEET
SHA,D,6,RES ELE,1987-12-12 00:00,1987-12-12 00:00,996.93,,FEET
SHA,D,6,RES ELE,1987-12-13 00:00,1987-12-13 00:00,997.48,,FEET
SHA,D,6,RES ELE,1987-12-14 00:00,1987-12-14 00:00,998.14,,FEET
SHA,D,6,RES ELE,1987-12-15 00:00,1987-12-15 00:00,998.79,,FEET
SHA,D,6,RES ELE,1987-12-16 00:00,1987-12-16 00:00,999.33,,FEET
SHA,D,6,RES ELE,1987-12-17 00:00,1987-12-17 00:00,,,FEET
SHA,D,6,RES ELE,1987-12-18 00:00,1987-12-18 00:00,,,FEET
SHA,D,6,RES ELE,1987-12-19 00:00,1987-12-19 00:00,1000.21,,FEET
SHA,D,6,RES ELE,1987-12-20 00:00,1987-12-20 00:00,1000.60,,FEET
SHA,D,6,RES ELE,1987-12-21 00:00,1987-12-21 00:00,1001.03,,FEET
SHA,D,6,RES ELE,1987-12-22 00:00,1987-12-22 00:00,1001.42,,FEET
SHA,D,6,RES ELE,1987-12-23 00:00,1987-12-23 00:00,,,FEET
SHA,D,6,RES ELE,1987-12-24 00:00,1987-12-24 00:00,,,FEET
SHA,D,6,RES ELE,1987-12-25 00:00,1987-12-25 00:00,,,FEET
SHA,D,6,RES ELE,1987-12-26 00:00,1987-12-26 00:00,,,FEET
SHA,D,6,RES ELE,1987-12-27 00:00,1987-12-27 00:00,1002.86,,FEET
SHA,D,6,RES ELE,1987-12-28 00:00,1987-12-28 00:00,1003.31,,FEET
SHA,D,6,RES ELE,1987-12-29 00:00,1987-12-29 00:00,1003.67,,FEET
SHA,D,6,RES ELE,1987-12-30 00:00,1987-12-30 00:00,1003.94,,FEET
SHA,D,6,RES ELE,1987-12-31 00:00,1987-12-31 00:00,,,FEET
SHA,D,6,RES ELE,1988-01-01 00:00,1988-01-01 00:00,,,FEET
SHA,D,6,RES ELE,1988-01-02 00:00,1988-01-02 00:00,,,FEET
SHA,D,6,RES ELE,1988-01-03 00:00,1988-01-03 00:00,1004.71,,FEET
SHA,D,6,RES ELE,1988-01-04 00:00,1988-01-04 00:00,1005.52,,FEET
SHA,D,6,RES ELE,1988-01-05 00:00,1988-01-05 00:00,,,FEET
SHA,D,6,RES ELE,1988-01-06 00:00,1988-01-06 00:00,,,FEET
SHA,D,6,RES ELE,1988-01-07 00:00,1988-01-07 00:00,1007.23,,FEET
SHA,D,6,RES ELE,1988-01-08 00:00,1988-01-08 00:00,1007.80,,FEET
SHA,D,6,RES ELE,1988-01-09 00:00,1988-01-09 00:00,1008.53,,FEET
SHA,D,6,RES ELE,1988-01-10 00:00,1988-01-10 00:00,1009.74,,FEET
SHA,D,6,RES ELE,1988-01-11 00:00,1988-01-11 00:00,1011.59,,FEET
SHA,D,6,RES ELE,1988-01-12 00:00,1988-01-12 00:00,1012.72,,FEET
SHA,D,6,RES ELE,1988-01-13 00:00,1988-01-13 00:00,1013.48,,FEET
SHA,D,6,RES ELE,1988-01-14 00:00,1988-01-14 00:00,1014.41,,FEET
SHA,D,6,RES ELE,1988-01-15 00:00,1988-01-15 00:00,1015.36,,FEET
SHA,D,6,RES ELE,1988-01-16 00:00,1988-01-16 00:00,,,FEET
SHA,D,6,RES ELE,1988-01-17 00:00,1988-01-17 00:00,1017.65,,FEET
SHA,D,6,RES ELE,1988-01-18 00:00,1988-01-18 00:00,1018.40,,FEET
SHA,D,6,RES ELE,1988-01-19 00:00,1988-01-19 00:00,1019.06,,FEET
SHA,D,6,RES ELE,1988-01-20 00:00,1988-01-20 00:00,1019.52,,FEET
SHA,D,6,RES ELE,1988-01-21 00:00,1988-01-21 00:00,1020.05,,FEET
SHA,D,6,RES ELE,1988-01-22 00:00,1988-01-22 00:00,1020.44,,FEET
SHA,D,6,RES ELE,1988-01-23 00:00,1988-01-23 00:00,1020.69,,FEET
SHA,D,6,RES ELE,1988-01-24 00:00,1988-01-24 00:00,1020.88,,FEET
SHA,D,6,RES ELE,1988-01-25 00:00,1988-01-25 00:00,1021.29,,FEET
SHA,D,6,RES ELE,1988-01-26 00:00,1988-01-26 00:00,1021.72,,FEET
SHA,D,6,RES ELE,1988-01-27 00:00,1988-01-27 00:00,1022.11,,FEET
SHA,D,6,RES ELE,1988-01-28 00:00,1988-01-28 00:00,1022.52,,FEET
SHA,D,6,RES ELE,1988-01-29 00:00,1988-01-29 00:00,,,FEET
SHA,D,6,RES ELE,1988-01-30 00:00,1988-01-30 00:00,,,FEET
SHA,D,6,RES ELE,1988-01-31 00:00,1988-01-31 00:00,1024.69,,FEET
SHA,D,6,RES ELE,1988-02-01 00:00,1988-02-01 00:00,1025.11,,FEET
SHA,D,6,RES ELE,1988-02-02 00:00,1988-02-02 00:00,1025.45,,FEET
SHA,D,6,RES ELE,1988-02-03 00:00,1988-02-03 00:00,1025.78,,FEET
SHA,D,6,RES ELE,1988-02-04 00:00,1988-02-04 00:00,1026.07,,FEET
SHA,D,6,RES ELE,1988-02-05 00:00,1988-02-05 00:00,1026.31,,FEET
SHA,D,6,RES ELE,1988-02-06 00:00,1988-02-06 00:00,1026.57,,FEET
SHA,D,6,RES ELE,1988-02-07 00:00,1988-02-07 00:00,1026.83,,FEET
SHA,D,6,RES ELE,1988-02-08 00:00,1988-02-08 00:00,1027.06,,FEET
SHA,D,6,RES ELE,1988-02-09 00:00,1988-02-09 00:00,1027.33,,FEET
SHA,D,6,RES ELE,1988-02-10 00:00,1988-02-10 00:00,1027.64,,FEET
SHA,D,6,RES ELE,1988-02-11 00:00,1988-02-11 00:00,1028.19,,FEET
SHA,D,6,RES ELE,1988-02-12 00:00,1988-02-12 00:00,1028.46,,FEET
SHA,D,6,RES ELE,1988-02-13 00:00,1988-02-13 00:00,1028.70,,FEET
SHA,D,6,RES ELE,1988-02-14 00:00,1988-02-14 00:00,,,FEET
SHA,D,6,RES ELE,1988-02-15 00:00,1988-02-15 00:00,1029.20,,FEET
SHA,D,6,RES ELE,1988-02-16 00:00,1988-02-16 00:00,1029.41,,FEET
SHA,D,6,RES ELE,1988-02-17 00:00,1988-02-17 00:00,1029.58,,FEET
SHA,D,6,RES ELE,1988-02-18 00:00,1988-02-18 00:00,1029.82,,FEET
SHA,D,6,RES ELE,1988-02-19 00:00,1988-02-19 00:00,,,FEET
SHA,D,6,RES ELE,1988-02-20 00:00,1988-02-20 00:00,,,FEET
SHA,D,6,RES ELE,1988-02-21 00:00,1988-02-21 00:00,1030.55,,FEET
SHA,D,6,RES ELE,1988-02-22 00:00,1988-02-22 00:00,1030.77,,FEET
SHA,D,6,RES ELE,1988-02-23 00:00,1988-02-23 00:00,1031.02,,FEET
SHA,D,6,RES ELE,1988-02-24 00:00,1988-02-24 00:00,1031.26,,FEET
SHA,D,6,RES ELE,1988-02-25 00:00,1988-02-25 00:00,1031.49,,FEET
SHA,D,6,RES ELE,1988-02-26 00:00,1988-02-26 00:00,,,FEET
SHA,D,6,RES ELE,1988-02-27 00:00,1988-02-27 00:00,,,FEET
SHA,D,6,RES ELE,1988-02-28 00:00,1988-02-28 00:00,1031.74,,FEET
SHA,D,6,RES ELE,1988-02-29 00:00,1988-02-29 00:00,1031.93,,FEET
SHA,D,6,RES ELE,1988-03-01 00:00,1988-03-01 00:00,1032.41,,FEET
SHA,D,6,RES ELE,1988-03-02 00:00,1988-03-02 00:00,1032.65,,FEET
SHA,D,6,RES ELE,1988-03-03 00:00,1988-03-03 00:00,1032.85,,FEET
SHA,D,6,RES ELE,1988-03-04 00:00,1988-03-04 00:00,,,FEET
SHA,D,6,RES ELE,1988-03-05 00:00,1988-03-05 00:00,,,FEET
SHA,D,6,RES ELE,1988-03-06 00:00,1988-03-06 00:00,1028.35,,FEET
SHA,D,6,RES ELE,1988-03-07 00:00,1988-03-07 00:00,1033.69,,FEET
SHA,D,6,RES ELE,1988-03-08 00:00,1988-03-08 00:00,1034.02,,FEET
SHA,D,6,RES ELE,1988-03-09 00:00,1988-03-09 00:00,,,FEET
SHA,D,6,RES ELE,1988-03-10 00:00,1988-03-10 00:00,,,FEET
SHA,D,6,RES ELE,1988-03-11 00:00,1988-03-11 00:00,,,FEET
SHA,D,6,RES ELE,1988-03-12 00:00,1988-03-12 00:00,,,FEET
SHA,D,6,RES ELE,1988-03-13 00:00,1988-03-13 00:00,1034.30,,FEET
SHA,D,6,RES ELE,1988-03-14 00:00,1988-03-14 00:00,1034.21,,FEET
SHA,D,6,RES ELE,1988-03-15 00:00,1988-03-15 00:00,1034.27,,FEET
SHA,D,6,RES ELE,1988-03-16 00:00,1988-03-16 00:00,1034.25,,FEET
SHA,D,6,RES ELE,1988-03-17 00:00,1988-03-17 00:00,1034.16,,FEET
SHA,D,6,RES ELE,1988-03-18 00:00,1988-03-18 00:00,,,FEET
SHA,D,6,RES ELE,1988-03-19 00:00,1988-03-19 00:00,,,FEET
SHA,D,6,RES ELE,1988-03-20 00:00,1988-03-20 00:00,1034.05,,FEET
SHA,D,6,RES ELE,1988-03-21 00:00,1988-03-21 00:00,1034.03,,FEET
SHA,D,6,RES ELE,1988-03-22 00:00,1988-03-22 00:00,1033.97,,FEET
SHA,D,6,RES ELE,1988-03-23 00:00,1988-03-23 00:00,1033.95,,FEET
SHA,D,6,RES ELE,1988-03-24 00:00,1988-03-24 00:00,1033.91,,FEET
SHA,D,6,RES ELE,1988-03-25 00:00,1988-03-25 00:00,,,FEET
SHA,D,6,RES ELE,1988-03-26 00:00,1988-03-26 00:00,,,FEET
SHA,D,6,RES ELE,1988-03-27 00:00,1988-03-27 00:00,1032.82,,FEET
SHA,D,6,RES ELE,1988-03-28 00:00,1988-03-28 00:00,1032.58,,FEET
SHA,D,6,RES ELE,1988-03-29 00:00,1988-03-29 00:00,1032.35,,FEET
SHA,D,6,RES ELE,1988-03-30 00:00,1988-03-30 00:00,1032.01,,FEET
SHA,D,6,RES ELE,1988-03-31 00:00,1988-03-31 00:00,1031.68,,FEET
SHA,D,6,RES ELE,1988-04-01 00:00,1988-04-01 00:00,,,FEET
SHA,D,6,RES ELE,1988-04-02 00:00,1988-04-02 00:00,,,FEET
SHA,D,6,RES ELE,1988-04-03 00:00,1988-04-03 00:00,1029.97,,FEET
SHA,D,6,RES ELE,1988-04-04 00:00,1988-04-04 00:00,1029.47,,FEET
SHA,D,6,RES ELE,1988-04-05 00:00,1988-04-05 00:00,1028.98,,FEET
SHA,D,6,RES ELE,1988-04-06 00:00,1988-04-06 00:00,1028.35,,FEET
SHA,D,6,RES ELE,1988-04-07 00:00,1988-04-07 00:00,1027.81,,FEET
SHA,D,6,RES ELE,1988-04-08 00:00,1988-04-08 00:00,,,FEET
SHA,D,6,RES ELE,1988-04-09 00:00,1988-04-09 00:00,,,FEET
SHA,D,6,RES ELE,1988-04-10 00:00,1988-04-10 00:00,1025.07,,FEET
SHA,D,6,RES ELE,1988-04-11 00:00,1988-04-11 00:00,1024.22,,FEET
SHA,D,6,RES ELE,1988-04-12 00:00,1988-04-12 00:00,1023.51,,FEET
SHA,D,6,RES ELE,1988-04-13 00:00,1988-04-13 00:00,1022.74,,FEET
SHA,D,6,RES ELE,1988-04-14 00:00,1988-04-14 00:00,1022.01,,FEET
SHA,D,6,RES ELE,1988-04-15 00:00,1988-04-15 00:00,,,FEET
SHA,D,6,RES ELE,1988-04-16 00:00,1988-04-16 00:00,,,FEET
SHA,D,6,RES ELE,1988-04-17 00:00,1988-04-17 00:00,1019.68,,FEET
SHA,D,6,RES ELE,1988-04-18 00:00,1988-04-18 00:00,1018.97,,FEET
SHA,D,6,RES ELE,1988-04-19 00:00,1988-04-19 00:00,1018.81,,FEET
SHA,D,6,RES ELE,1988-04-20 00:00,1988-04-20 00:00,1018.55,,FEET
SHA,D,6,RES ELE,1988-04-21 00:00,1988-04-21 00:00,1018.40,,FEET
SHA,D,6,RES ELE,1988-04-22 00:00,1988-04-22 00:00,,,FEET
SHA,D,6,RES ELE,1988-04-23 00:00,1988-04-23 00:00,,,FEET
SHA,D,6,RES ELE,1988-04-24 00:00,1988-04-24 00:00,1017.98,,FEET
SHA,D,6,RES ELE,1988-04-25 00:00,1988-04-25 00:00,1017.83,,FEET
SHA,D,6,RES ELE,1988-04-26 00:00,1988-04-26 00:00,1017.58,,FEET
SHA,D,6,RES ELE,1988-04-27 00:00,1988-04-27 00:00,1017.41,,FEET
SHA,D,6,RES ELE,1988-04-28 00:00,1988-04-28 00:00,1017.47,,FEET
SHA,D,6,RES ELE,1988-04-29 00:00,1988-04-29 00:00,,,FEET
SHA,D,6,RES ELE,1988-04-30 00:00,1988-04-30 00:00,,,FEET
SHA,D,6,RES ELE,1988-05-01 00:00,1988-05-01 00:00,1017.61,,FEET
SHA,D,6,RES ELE,1988-05-02 00:00,1988-05-02 00:00,1017.20,,FEET
SHA,D,6,RES ELE,1988-05-03 00:00,1988-05-03 00:00,1016.75,,FEET
SHA,D,6,RES ELE,1988-05-04 00:00,1988-05-04 00:00,1016.32,,FEET
SHA,D,6,RES ELE,1988-05-05 00:00,1988-05-05 00:00,1015.88,,FEET
SHA,D,6,RES ELE,1988-05-06 00:00,1988-05-06 00:00,,,FEET
SHA,D,6,RES ELE,1988-05-07 00:00,1988-05-07 00:00,,,FEET
SHA,D,6,RES ELE,1988-05-08 00:00,1988-05-08 00:00,1015.10,,FEET
SHA,D,6,RES ELE,1988-05-09 00:00,1988-05-09 00:00,1014.49,,FEET
SHA,D,6,RES ELE,1988-05-10 00:00,1988-05-10 00:00,1014.00,,FEET
SHA,D,6,RES ELE,1988-05-11 00:00,1988-05-11 00:00,1013.37,,FEET
SHA,D,6,RES ELE,1988-05-12 00:00,1988-05-12 00:00,1012.87,,FEET
SHA,D,6,RES ELE,1988-05-13 00:00,1988-05-13 00:00,,,FEET
SHA,D,6,RES ELE,1988-05-14 00:00,1988-05-14 00:00,,,FEET
SHA,D,6,RES ELE,1988-05-15 00:00,1988-05-15 00:00,1012.06,,FEET
SHA,D,6,RES ELE,1988-05-16 00:00,1988-05-16 00:00,1011.91,,FEET
SHA,D,6,RES ELE,1988-05-17 00:00,1988-05-17 00:00,1011.75,,FEET
SHA,D,6,RES ELE,1988-05-18 00:00,1988-05-18 00:00,1011.41,,FEET
SHA,D,6,RES ELE,1988-05-19 00:00,1988-05-19 00:00,1011.13,,FEET
SHA,D,6,RES ELE,1988-05-20 00:00,1988-05-20 00:00,,,FEET
SHA,D,6,RES ELE,1988-05-21 00:00,1988-05-21 00:00,,,FEET
SHA,D,6,RES ELE,1988-05-22 00:00,1988-05-22 00:00,1009.79,,FEET
SHA,D,6,RES ELE,1988-05-23 00:00,1988-05-23 00:00,1009.57,,FEET
SHA,D,6,RES ELE,1988-05-24 00:00,1988-05-24 00:00,,,FEET
SHA,D,6,RES ELE,1988-05-25 00:00,1988-05-25 00:00,1008.93,,FEET
SHA,D,6,RES ELE,1988-05-26 00:00,1988-05-26 00:00,1008.56,,FEET
SHA,D,6,RES ELE,1988-05-27 00:00,1988-05-27 00:00,,,FEET
SHA,D,6,RES ELE,1988-05-28 00:00,1988-05-28 00:00,,,FEET
SHA,D,6,RES ELE,1988-05-29 00:00,1988-05-29 00:00,,,FEET
SHA,D,6,RES ELE,1988-05-30 00:00,1988-05-30 00:00,1006.67,,FEET
SHA,D,6,RES ELE,1988-05-31 00:00,1988-05-31 00:00,1006.18,,FEET
SHA,D,6,RES ELE,1988-06-01 00:00,1988-06-01 00:00,,r,FEET
SHA,D,6,RES ELE,1988-06-02 00:00,1988-06-02 00:00,,r,FEET
SHA,D,6,RES ELE,1988-06-03 00:00,1988-06-03 00:00,,r,FEET
SHA,D,6,RES ELE,1988-06-04 00:00,1988-06-04 00:00,,r,FEET
SHA,D,6,RES ELE,1988-06-05 00:00,1988-06-05 00:00,,r,FEET
SHA,D,6,RES ELE,1988-06-06 00:00,1988-06-06 00:00,1003.94,,FEET
SHA,D,6,RES ELE,1988-06-07 00:00,1988-06-07 00:00,1003.83,,FEET
SHA,D,6,RES ELE,1988-06-08 00:00,1988-06-08 00:00,1003.51,,FEET
SHA,D,6,RES ELE,1988-06-09 00:00,1988-06-09 00:00,1003.28,,FEET
SHA,D,6,RES ELE,1988-06-10 00:00,1988-06-10 00:00,,,FEET
SHA,D,6,RES ELE,1988-06-11 00:00,1988-06-11 00:00,,,FEET
SHA,D,6,RES ELE,1988-06-12 00:00,1988-06-12 00:00,1001.76,,FEET
SHA,D,6,RES ELE,1988-06-13 00:00,1988-06-13 00:00,1001.37,,FEET
SHA,D,6,RES ELE,1988-06-14 00:00,1988-06-14 00:00,1000.95,,FEET
SHA,D,6,RES ELE,1988-06-15 00:00,1988-06-15 00:00,1000.53,,FEET
SHA,D,6,RES ELE,1988-06-16 00:00,1988-06-16 00:00,1000.08,,FEET
SHA,D,6,RES ELE,1988-06-17 00:00,1988-06-17 00:00,,,FEET
SHA,D,6,RES ELE,1988-06-18 00:00,1988-06-18 00:00,,,FEET
SHA,D,6,RES ELE,1988-06-19 00:00,1988-06-19 00:00,998.04,,FEET
SHA,D,6,RES ELE,1988-06-20 00:00,1988-06-20 00:00,997.35,,FEET
SHA,D,6,RES ELE,1988-06-21 00:00,1988-06-21 00:00,996.57,,FEET
SHA,D,6,RES ELE,1988-06-22 00:00,1988-06-22 00:00,995.92,,FEET
SHA,D,6,RES ELE,1988-06-23 00:00,1988-06-23 00:00,995.25,,FEET
SHA,D,6,RES ELE,1988-06-24 00:00,1988-06-24 00:00,,,FEET
SHA,D,6,RES ELE,1988-06-25 00:00,1988-06-25 00:00,,,FEET
SHA,D,6,RES ELE,1988-06-26 00:00,1988-06-26 00:00,992.48,,FEET
SHA,D,6,RES ELE,1988-06-27 00:00,1988-06-27 00:00,991.59,,FEET
SHA,D,6,RES ELE,1988-06-28 00:00,1988-06-28 00:00,990.61,,FEET
SHA,D,6,RES ELE,1988-06-29 00:00,1988-06-29 00:00,989.73,,FEET
SHA,D,6,RES ELE,1988-06-30 00:00,1988-06-30 00:00,988.74,,FEET
SHA,D,6,RES ELE,1988-07-01 00:00,1988-07-01 00:00,,,FEET
SHA,D,6,RES ELE,1988-07-02 00:00,1988-07-02 00:00,,,FEET
SHA,D,6,RES ELE,1988-07-03 00:00,1988-07-03 00:00,,,FEET
SHA,D,6,RES ELE,1988-07-04 00:00,1988-07-04 00:00,984.20,,FEET
SHA,D,6,RES ELE,1988-07-05 00:00,1988-07-05 00:00,983.14,,FEET
SHA,D,6,RES ELE,1988-07-06 00:00,1988-07-06 00:00,982.15,,FEET
SHA,D,6,RES ELE,1988-07-07 00:00,1988-07-07 00:00,981.10,,FEET
SHA,D,6,RES ELE,1988-07-08 00:00,1988-07-08 00:00,,,FEET
SHA,D,6,RES ELE,1988-07-09 00:00,1988-07-09 00:00,,,FEET
SHA,D,6,RES ELE,1988-07-10 00:00,1988-07-10 00:00,978.56,,FEET
SHA,D,6,RES ELE,1988-07-11 00:00,1988-07-11 00:00,977.78,,FEET
SHA,D,6,RES ELE,1988-07-12 00:00,1988-07-12 00:00,977.10,,FEET
SHA,D,6,RES ELE,1988-07-13 00:00,1988-07-13 00:00,976.31,,FEET
SHA,D,6,RES ELE,1988-07-14 00:00,1988-07-14 00:00,975.53,,FEET
SHA,D,6,RES ELE,1988-07-15 00:00,1988-07-15 00:00,,,FEET
SHA,D,6,RES ELE,1988-07-16 00:00,1988-07-16 00:00,,,FEET
SHA,D,6,RES ELE,1988-07-17 00:00,1988-07-17 00:00,972.83,,FEET
SHA,D,6,RES ELE,1988-07-18 00:00,1988-07-18 00:00,971.98,,FEET
SHA,D,6,RES ELE,1988-07-19 00:00,1988-07-19 00:00,971.07,,FEET
SHA,D,6,RES ELE,1988-07-20 00:00,1988-07-20 00:00,970.35,,FEET
SHA,D,6,RES ELE,1988-07-21 00:00,1988-07-21 00:00,969.43,,FEET
SHA,D,6,RES ELE,1988-07-22 00:00,1988-07-22 00:00,,,FEET
SHA,D,6,RES ELE,1988-07-23 00:00,1988-07-23 00:00,,,FEET
SHA,D,6,RES ELE,1988-07-24 00:00,1988-07-24 00:00,966.44,,FEET
SHA,D,6,RES ELE,1988-07-25 00:00,1988-07-25 00:00,965.60,,FEET
SHA,D,6,RES ELE,1988-07-26 00:00,1988-07-26 00:00,964.72,,FEET
SHA,D,6,RES ELE,1988-07-27 00:00,1988-07-27 00:00,963.87,,FEET
SHA,D,6,RES ELE,1988-07-28 00:00,1988-07-28 00:00,962.87,,FEET
SHA,D,6,RES ELE,1988-07-29 00:00,1988-07-29 00:00,,,FEET
SHA,D,6,RES ELE,1988-07-30 00:00,1988-07-30 00:00,,,FEET
SHA,D,6,RES ELE,1988-07-31 00:00,1988-07-31 00:00,959.17,,FEET
SHA,D,6,RES ELE,1988-08-01 00:00,1988-08-01 00:00,958.06,,FEET
SHA,D,6,RES ELE,1988-08-02 00:00,1988-08-02 00:00,956.94,,FEET
SHA,D,6,RES ELE,1988-08-03 00:00,1988-08-03 00:00,955.79,,FEET
SHA,D,6,RES ELE,1988-08-04 00:00,1988-08-04 00:00,954.74,,FEET
SHA,D,6,RES ELE,1988-08-05 00:00,1988-08-05 00:00,,,FEET
SHA,D,6,RES ELE,1988-08-06 00:00,1988-08-06 00:00,,,FEET
SHA,D,6,RES ELE,1988-08-07 00:00,1988-08-07 00:00,951.77,,FEET
SHA,D,6,RES ELE,1988-08-08 00:00,1988-08-08 00:00,950.73,,FEET
SHA,D,6,RES ELE,1988-08-09 00:00,1988-08-09 00:00,949.85,,FEET
SHA,D,6,RES ELE,1988-08-10 00:00,1988-08-10 00:00,948.96,,FEET
SHA,D,6,RES ELE,1988-08-11 00:00,1988-08-11 00:00,948.08,,FEET
SHA,D,6,RES ELE,1988-08-12 00:00,1988-08-12 00:00,,,FEET
SHA,D,6,RES ELE,1988-08-13 00:00,1988-08-13 00:00,,,FEET
SHA,D,6,RES ELE,1988-08-14 00:00,1988-08-14 00:00,944.83,,FEET
SHA,D,6,RES ELE,1988-08-15 00:00,1988-08-15 00:00,943.84,,FEET
SHA,D,6,RES ELE,1988-08-16 00:00,1988-08-16 00:00,942.93,,FEET
SHA,D,6,RES ELE,1988-08-17 00:00,1988-08-17 00:00,942.04,,FEET
SHA,D,6,RES ELE,1988-08-18 00:00,1988-08-18 00:00,941.14,,FEET
SHA,D,6,RES ELE,1988-08-19 00:00,1988-08-19 00:00,940.53,,FEET
SHA,D,6,RES ELE,1988-08-20 00:00,1988-08-20 00:00,939.99,,FEET
SHA,D,6,RES ELE,1988-08-21 00:00,1988-08-21 00:00,939.48,,FEET
SHA,D,6,RES ELE,1988-08-22 00:00,1988-08-22 00:00,939.00,,FEET
SHA,D,6,RES ELE,1988-08-23 00:00,1988-08-23 00:00,938.62,,FEET
SHA,D,6,RES ELE,1988-08-24 00:00,1988-08-24 00:00,938.13,,FEET
SHA,D,6,RES ELE,1988-08-25 00:00,1988-08-25 00:00,937.86,,FEET
SHA,D,6,RES ELE,1988-08-26 00:00,1988-08-26 00:00,,,FEET
SHA,D,6,RES ELE,1988-08-27 00:00,1988-08-27 00:00,,,FEET
SHA,D,6,RES ELE,1988-08-28 00:00,1988-08-28 00:00,936.70,,FEET
SHA,D,6,RES ELE,1988-08-29 00:00,1988-08-29 00:00,936.46,,FEET
SHA,D,6,RES ELE,1988-08-30 00:00,1988-08-30 00:00,936.15,,FEET
SHA,D,6,RES ELE,1988-08-31 00:00,1988-08-31 00:00,935.89,,FEET
SHA,D,6,RES ELE,1988-09-01 00:00,1988-09-01 00:00,935.58,,FEET
SHA,D,6,RES ELE,1988-09-02 00:00,1988-09-02 00:00,935.36,,FEET
SHA,D,6,RES ELE,1988-09-03 00:00,1988-09-03 00:00,934.99,,FEET
SHA,D,6,RES ELE,1988-09-04 00:00,1988-09-04 00:00,934.53,,FEET
SHA,D,6,RES ELE,1988-09-05 00:00,1988-09-05 00:00,934.14,,FEET
SHA,D,6,RES ELE,1988-09-06 00:00,1988-09-06 00:00,933.78,,FEET
SHA,D,6,RES ELE,1988-09-07 00:00,1988-09-07 00:00,933.58,,FEET
SHA,D,6,RES ELE,1988-09-08 00:00,1988-09-08 00:00,933.40,,FEET
SHA,D,6,RES ELE,1988-09-09 00:00,1988-09-09 00:00,,,FEET
SHA,D,6,RES ELE,1988-09-10 00:00,1988-09-10 00:00,,,FEET
SHA,D,6,RES ELE,1988-09-11 00:00,1988-09-11 00:00,933.77,,FEET
SHA,D,6,RES ELE,1988-09-12 00:00,1988-09-12 00:00,933.61,,FEET
SHA,D,6,RES ELE,1988-09-13 00:00,1988-09-13 00:00,933.13,,FEET
SHA,D,6,RES ELE,1988-09-14 00:00,1988-09-14 00:00,932.70,,FEET
SHA,D,6,RES ELE,1988-09-15 00:00,1988-09-15 00:00,932.34,,FEET
SHA,D,6,RES ELE,1988-09-16 00:00,1988-09-16 00:00,,,FEET
SHA,D,6,RES ELE,1988-09-17 00:00,1988-09-17 00:00,932.20,,FEET
SHA,D,6,RES ELE,1988-09-18 00:00,1988-09-18 00:00,931.96,,FEET
SHA,D,6,RES ELE,1988-09-19 00:00,1988-09-19 00:00,931.89,,FEET
SHA,D,6,RES ELE,1988-09-20 00:00,1988-09-20 00:00,932.06,,FEET
SHA,D,6,RES ELE,1988-09-21 00:00,1988-09-21 00:00,932.06,,FEET
SHA,D,6,RES ELE,1988-09-22 00:00,1988-09-22 00:00,932.06,,FEET
SHA,D,6,RES ELE,1988-09-23 00:00,1988-09-23 00:00,932.07,,FEET
SHA,D,6,RES ELE,1988-09-24 00:00,1988-09-24 00:00,932.06,,FEET
SHA,D,6,RES ELE,1988-09-25 00:00,1988-09-25 00:00,931.73,,FEET
SHA,D,6,RES ELE,1988-09-26 00:00,1988-09-26 00:00,931.61,,FEET
SHA,D,6,RES ELE,1988-09-27 00:00,1988-09-27 00:00,931.51,,FEET
SHA,D,6,RES ELE,1988-09-28 00:00,1988-09-28 00:00,931.43,,FEET
SHA,D,6,RES ELE,1988-09-29 00:00,1988-09-29 00:00,931.40,,FEET
SHA,D,6,RES ELE,1988-09-30 00:00,1988-09-30 00:00,,,FEET
SHA,D,6,RES ELE,1988-10-01 00:00,1988-10-01 00:00,931.06,,FEET
SHA,D,6,RES ELE,1988-10-02 00:00,1988-10-02 00:00,930.66,,FEET
SHA,D,6,RES ELE,1988-10-03 00:00,1988-10-03 00:00,930.53,,FEET
SHA,D,6,RES ELE,1988-10-04 00:00,1988-10-04 00:00,930.35,,FEET
SHA,D,6,RES ELE,1988-10-05 00:00,1988-10-05 00:00,930.17,,FEET
SHA,D,6,RES ELE,1988-10-06 00:00,1988-10-06 00:00,929.90,,FEET
SHA,D,6,RES ELE,1988-10-07 00:00,1988-10-07 00:00,929.81,,FEET
SHA,D,6,RES ELE,1988-10-08 00:00,1988-10-08 00:00,929.53,,FEET
SHA,D,6,RES ELE,1988-10-09 00:00,1988-10-09 00:00,929.22,,FEET
SHA,D,6,RES ELE,1988-10-10 00:00,1988-10-10 00:00,929.21,,FEET
SHA,D,6,RES ELE,1988-10-11 00:00,1988-10-11 00:00,929.21,,FEET
SHA,D,6,RES ELE,1988-10-12 00:00,1988-10-12 00:00,929.37,,FEET
SHA,D,6,RES ELE,1988-10-13 00:00,1988-10-13 00:00,929.76,,FEET
SHA,D,6,RES ELE,1988-10-14 00:00,1988-10-14 00:00,930.18,,FEET
SHA,D,6,RES ELE,1988-10-15 00:00,1988-10-15 00:00,930.44,,FEET
SHA,D,6,RES ELE,1988-10-16 00:00,1988-10-16 00:00,930.61,,FEET
SHA,D,6,RES ELE,1988-10-17 00:00,1988-10-17 00:00,930.94,,FEET
SHA,D,6,RES ELE,1988-10-18 00:00,1988-10-18 00:00,931.36,,FEET
SHA,D,6,RES ELE,1988-10-19 00:00,1988-10-19 00:00,931.76,,FEET
SHA,D,6,RES ELE,1988-10-20 00:00,1988-10-20 00:00,,,FEET
SHA,D,6,RES ELE,1988-10-21 00:00,1988-10-21 00:00,,,FEET
SHA,D,6,RES ELE,1988-10-22 00:00,1988-10-22 00:00,932.66,,FEET
SHA,D,6,RES ELE,1988-10-23 00:00,1988-10-23 00:00,932.82,,FEET
SHA,D,6,RES ELE,1988-10-24 00:00,1988-10-24 00:00,933.18,,FEET
SHA,D,6,RES ELE,1988-10-25 00:00,1988-10-25 00:00,933.52,,FEET
SHA,D,6,RES ELE,1988-10-26 00:00,1988-10-26 00:00,933.77,,FEET
SHA,D,6,RES ELE,1988-10-27 00:00,1988-10-27 00:00,934.02,,FEET
SHA,D,6,RES ELE,1988-10-28 00:00,1988-10-28 00:00,934.28,,FEET
SHA,D,6,RES ELE,1988-10-29 00:00,1988-10-29 00:00,934.27,,FEET
SHA,D,6,RES ELE,1988-10-30 00:00,1988-10-30 00:00,934.23,,FEET
SHA,D,6,RES ELE,1988-10-31 00:00,1988-10-31 00:00,934.40,,FEET
SHA,D,6,RES ELE,1988-11-01 00:00,1988-11-01 00:00,934.56,,FEET
SHA,D,6,RES ELE,1988-11-02 00:00,1988-11-02 00:00,935.28,,FEET
SHA,D,6,RES ELE,1988-11-03 00:00,1988-11-03 00:00,935.77,,FEET
SHA,D,6,RES ELE,1988-11-04 00:00,1988-11-04 00:00,,,FEET
SHA,D,6,RES ELE,1988-11-05 00:00,1988-11-05 00:00,,,FEET
SHA,D,6,RES ELE,1988-11-06 00:00,1988-11-06 00:00,936.21,,FEET
SHA,D,6,RES ELE,1988-11-07 00:00,1988-11-07 00:00,936.41,,FEET
SHA,D,6,RES ELE,1988-11-08 00:00,1988-11-08 00:00,936.70,,FEET
SHA,D,6,RES ELE,1988-11-09 00:00,1988-11-09 00:00,937.14,,FEET
SHA,D,6,RES ELE,1988-11-10 00:00,1988-11-10 00:00,,,FEET
SHA,D,6,RES ELE,1988-11-11 00:00,1988-11-11 00:00,,,FEET
SHA,D,6,RES ELE,1988-11-12 00:00,1988-11-12 00:00,,,FEET
SHA,D,6,RES ELE,1988-11-13 00:00,1988-11-13 00:00,,,FEET
SHA,D,6,RES ELE,1988-11-14 00:00,1988-11-14 00:00,938.50,,FEET
SHA,D,6,RES ELE,1988-11-15 00:00,1988-11-15 00:00,938.78,,FEET
SHA,D,6,RES ELE,1988-11-16 00:00,1988-11-16 00:00,939.44,,FEET
SHA,D,6,RES ELE,1988-11-17 00:00,1988-11-17 00:00,939.80,,FEET
SHA,D,6,RES ELE,1988-11-18 00:00,1988-11-18 00:00,,,FEET
SHA,D,6,RES ELE,1988-11-19 00:00,1988-11-19 00:00,,,FEET
SHA,D,6,RES ELE,1988-11-20 00:00,1988-11-20 00:00,939.24,,FEET
SHA,D,6,RES ELE,1988-11-21 00:00,1988-11-21 00:00,939.30,,FEET
SHA,D,6,RES ELE,1988-11-22 00:00,1988-11-22 00:00,941.68,,FEET
SHA,D,6,RES ELE,1988-11-23 00:00,1988-11-23 00:00,,,FEET
SHA,D,6,RES ELE,1988-11-24 00:00,1988-11-24 00:00,,,FEET
SHA,D,6,RES ELE,1988-11-25 00:00,1988-11-25 00:00,,,FEET
SHA,D,6,RES ELE,1988-11-26 00:00,1988-11-26 00:00,,,FEET
SHA,D,6,RES ELE,1988-11-27 00:00,1988-11-27 00:00,946.06,,FEET
SHA,D,6,RES ELE,1988-11-28 00:00,1988-11-28 00:00,946.44,,FEET
SHA,D,6,RES ELE,1988-11-29 00:00,1988-11-29 00:00,946.52,,FEET
SHA,D,6,RES ELE,1988-11-30 00:00,1988-11-30 00:00,946.68,,FEET
SHA,D,6,RES ELE,1988-12-01 00:00,1988-12-01 00:00,946.76,,FEET
SHA,D,6,RES ELE,1988-12-02 00:00,1988-12-02 00:00,,,FEET
SHA,D,6,RES ELE,1988-12-03 00:00,1988-12-03 00:00,,,FEET
SHA,D,6,RES ELE,1988-12-04 00:00,1988-12-04 00:00,946.57,,FEET
SHA,D,6,RES ELE,1988-12-05 00:00,1988-12-05 00:00,946.44,,FEET
SHA,D,6,RES ELE,1988-12-06 00:00,1988-12-06 00:00,946.30,,FEET
SHA,D,6,RES ELE,1988-12-07 00:00,1988-12-07 00:00,,,FEET
SHA,D,6,RES ELE,1988-12-08 00:00,1988-12-08 00:00,,,FEET
SHA,D,6,RES ELE,1988-12-09 00:00,1988-12-09 00:00,,,FEET
SHA,D,6,RES ELE,1988-12-10 00:00,1988-12-10 00:00,,,FEET
SHA,D,6,RES ELE,1988-12-11 00:00,1988-12-11 00:00,945.60,,FEET
SHA,D,6,RES ELE,1988-12-12 00:00,1988-12-12 00:00,945.57,,FEET
SHA,D,6,RES ELE,1988-12-13 00:00,1988-12-13 00:00,945.57,,FEET
SHA,D,6,RES ELE,1988-12-14 00:00,1988-12-14 00:00,945.57,,FEET
SHA,D,6,RES ELE,1988-12-15 00:00,1988-12-15 00:00,944.14,,FEET
SHA,D,6,RES ELE,1988-12-16 00:00,1988-12-16 00:00,,,FEET
SHA,D,6,RES ELE,1988-12-17 00:00,1988-12-17 00:00,,,FEET
SHA,D,6,RES ELE,1988-12-18 00:00,1988-12-18 00:00,942.64,,FEET
SHA,D,6,RES ELE,1988-12-19 00:00,1988-12-19 00:00,942.45,,FEET
SHA,D,6,RES ELE,1988-12-20 00:00,1988-12-20 00:00,942.61,,FEET
SHA,D,6,RES ELE,1988-12-21 00:00,1988-12-21 00:00,942.71,,FEET
SHA,D,6,RES ELE,1988-12-22 00:00,1988-12-22 00:00,942.96,,FEET
SHA,D,6,RES ELE,1988-12-23 00:00,1988-12-23 00:00,,,FEET
SHA,D,6,RES ELE,1988-12-24 00:00,1988-12-24 00:00,,,FEET
SHA,D,6,RES ELE,1988-12-25 00:00,1988-12-25 00:00,,,FEET
SHA,D,6,RES ELE,1988-12-26 00:00,1988-12-26 00:00,942.96,,FEET
SHA,D,6,RES ELE,1988-12-27 00:00,1988-12-27 00:00,943.20,,FEET
SHA,D,6,RES ELE,1988-12-28 00:00,1988-12-28 00:00,943.37,,FEET
SHA,D,6,RES ELE,1988-12-29 00:00,1988-12-29 00:00,943.59,,FEET
SHA,D,6,RES ELE,1988-12-30 00:00,1988-12-30 00:00,,,FEET
SHA,D,6,RES ELE,1988-12-31 00:00,1988-12-31 00:00,,,FEET
SHA,D,6,RES ELE,1989-01-01 00:00,1989-01-01 00:00,,,FEET
SHA,D,6,RES ELE,1989-01-02 00:00,1989-01-02 00:00,943.44,,FEET
SHA,D,6,RES ELE,1989-01-03 00:00,1989-01-03 00:00,943.52,,FEET
SHA,D,6,RES ELE,1989-01-04 00:00,1989-01-04 00:00,943.90,,FEET
SHA,D,6,RES ELE,1989-01-05 00:00,1989-01-05 00:00,944.18,,FEET
SHA,D,6,RES ELE,1989-01-06 00:00,1989-01-06 00:00,,,FEET
SHA,D,6,RES ELE,1989-01-07 00:00,1989-01-07 00:00,,,FEET
SHA,D,6,RES ELE,1989-01-08 00:00,1989-01-08 00:00,944.72,,FEET
SHA,D,6,RES ELE,1989-01-09 00:00,1989-01-09 00:00,944.79,,FEET
SHA,D,6,RES ELE,1989-01-10 00:00,1989-01-10 00:00,944.93,,FEET
SHA,D,6,RES ELE,1989-01-11 00:00,1989-01-11 00:00,945.08,,FEET
SHA,D,6,RES ELE,1989-01-12 00:00,1989-01-12 00:00,945.27,,FEET
SHA,D,6,RES ELE,1989-01-13 00:00,1989-01-13 00:00,,,FEET
SHA,D,6,RES ELE,1989-01-14 00:00,1989-01-14 00:00,,,FEET
SHA,D,6,RES ELE,1989-01-15 00:00,1989-01-15 00:00,,,FEET
SHA,D,6,RES ELE,1989-01-16 00:00,1989-01-16 00:00,946.12,,FEET
SHA,D,6,RES ELE,1989-01-17 00:00,1989-01-17 00:00,946.24,,FEET
SHA,D,6,RES ELE,1989-01-18 00:00,1989-01-18 00:00,946.50,,FEET
SHA,D,6,RES ELE,1989-01-19 00:00,1989-01-19 00:00,946.66,,FEET
SHA,D,6,RES ELE,1989-01-20 00:00,1989-01-20 00:00,,,FEET
SHA,D,6,RES ELE,1989-01-21 00:00,1989-01-21 00:00,,,FEET
SHA,D,6,RES ELE,1989-01-22 00:00,1989-01-22 00:00,947.53,,FEET
SHA,D,6,RES ELE,1989-01-23 00:00,1989-01-23 00:00,947.97,,FEET
SHA,D,6,RES ELE,1989-01-24 00:00,1989-01-24 00:00,948.32,,FEET
SHA,D,6,RES ELE,1989-01-25 00:00,1989-01-25 00:00,948.78,,FEET
SHA,D,6,RES ELE,1989-01-26 00:00,1989-01-26 00:00,949.01,,FEET
SHA,D,6,RES ELE,1989-01-27 00:00,1989-01-27 00:00,,,FEET
SHA,D,6,RES ELE,1989-01-28 00:00,1989-01-28 00:00,,,FEET
SHA,D,6,RES ELE,1989-01-29 00:00,1989-01-29 00:00,949.95,,FEET
SHA,D,6,RES ELE,1989-01-30 00:00,1989-01-30 00:00,949.97,,FEET
SHA,D,6,RES ELE,1989-01-31 00:00,1989-01-31 00:00,950.09,,FEET
SHA,D,6,RES ELE,1989-02-01 00:00,1989-02-01 00:00,950.31,,FEET
SHA,D,6,RES ELE,1989-02-02 00:00,1989-02-02 00:00,950.39,,FEET
SHA,D,6,RES ELE,1989-02-03 00:00,1989-02-03 00:00,,,FEET
SHA,D,6,RES ELE,1989-02-04 00:00,1989-02-04 00:00,,,FEET
SHA,D,6,RES ELE,1989-02-05 00:00,1989-02-05 00:00,950.36,,FEET
SHA,D,6,RES ELE,1989-02-06 00:00,1989-02-06 00:00,950.26,,FEET
SHA,D,6,RES ELE,1989-02-07 00:00,1989-02-07 00:00,950.09,,FEET
SHA,D,6,RES ELE,1989-02-08 00:00,1989-02-08 00:00,950.10,,FEET
SHA,D,6,RES ELE,1989-02-09 00:00,1989-02-09 00:00,949.98,,FEET
SHA,D,6,RES ELE,1989-02-10 00:00,1989-02-10 00:00,,,FEET
SHA,D,6,RES ELE,1989-02-11 00:00,1989-02-11 00:00,,,FEET
SHA,D,6,RES ELE,1989-02-12 00:00,1989-02-12 00:00,,,FEET
SHA,D,6,RES ELE,1989-02-13 00:00,1989-02-13 00:00,950.41,,FEET
SHA,D,6,RES ELE,1989-02-14 00:00,1989-02-14 00:00,950.30,,FEET
SHA,D,6,RES ELE,1989-02-15 00:00,1989-02-15 00:00,950.31,,FEET
SHA,D,6,RES ELE,1989-02-16 00:00,1989-02-16 00:00,950.29,,FEET
SHA,D,6,RES ELE,1989-02-17 00:00,1989-02-17 00:00,,,FEET
SHA,D,6,RES ELE,1989-02-18 00:00,1989-02-18 00:00,,,FEET
SHA,D,6,RES ELE,1989-02-19 00:00,1989-02-19 00:00,,,FEET
SHA,D,6,RES ELE,1989-02-20 00:00,1989-02-20 00:00,949.72,,FEET
SHA,D,6,RES ELE,1989-02-21 00:00,1989-02-21 00:00,949.69,,FEET
SHA,D,6,RES ELE,1989-02-22 00:00,1989-02-22 00:00,949.84,,FEET
SHA,D,6,RES ELE,1989-02-23 00:00,1989-02-23 00:00,950.15,,FEET
SHA,D,6,RES ELE,1989-02-24 00:00,1989-02-24 00:00,,,FEET
SHA,D,6,RES ELE,1989-02-25 00:00,1989-02-25 00:00,,,FEET
SHA,D,6,RES ELE,1989-02-26 00:00,1989-02-26 00:00,950.80,,FEET
SHA,D,6,RES ELE,1989-02-27 00:00,1989-02-27 00:00,950.84,,FEET
SHA,D,6,RES ELE,1989-02-28 00:00,1989-02-28 00:00,951.17,,FEET
SHA,D,6,RES ELE,1989-03-01 00:00,1989-03-01 00:00,951.45,,FEET
SHA,D,6,RES ELE,1989-03-02 00:00,1989-03-02 00:00,952.80,,FEET
SHA,D,6,RES ELE,1989-03-03 00:00,1989-03-03 00:00,,,FEET
SHA,D,6,RES ELE,1989-03-04 00:00,1989-03-04 00:00,,,FEET
SHA,D,6,RES ELE,1989-03-05 00:00,1989-03-05 00:00,956.23,,FEET
SHA,D,6,RES ELE,1989-03-06 00:00,1989-03-06 00:00,957.89,,FEET
SHA,D,6,RES ELE,1989-03-07 00:00,1989-03-07 00:00,959.39,,FEET
SHA,D,6,RES ELE,1989-03-08 00:00,1989-03-08 00:00,962.59,,FEET
SHA,D,6,RES ELE,1989-03-09 00:00,1989-03-09 00:00,970.17,,FEET
SHA,D,6,RES ELE,1989-03-10 00:00,1989-03-10 00:00,,,FEET
SHA,D,6,RES ELE,1989-03-11 00:00,1989-03-11 00:00,,,FEET
SHA,D,6,RES ELE,1989-03-12 00:00,1989-03-12 00:00,986.97,,FEET
SHA,D,6,RES ELE,1989-03-13 00:00,1989-03-13 00:00,990.10,,FEET
SHA,D,6,RES ELE,1989-03-14 00:00,1989-03-14 00:00,992.44,,FEET
SHA,D,6,RES ELE,1989-03-15 00:00,1989-03-15 00:00,994.22,,FEET
SHA,D,6,RES ELE,1989-03-16 00:00,1989-03-16 00:00,996.00,,FEET
SHA,D,6,RES ELE,1989-03-17 00:00,1989-03-17 00:00,,,FEET
SHA,D,6,RES ELE,1989-03-18 00:00,1989-03-18 00:00,,,FEET
SHA,D,6,RES ELE,1989-03-19 00:00,1989-03-19 00:00,1002.57,,FEET
SHA,D,6,RES ELE,1989-03-20 00:00,1989-03-20 00:00,1004.41,,FEET
SHA,D,6,RES ELE,1989-03-21 00:00,1989-03-21 00:00,1006.08,,FEET
SHA,D,6,RES ELE,1989-03-22 00:00,1989-03-22 00:00,1007.48,,FEET
SHA,D,6,RES ELE,1989-03-23 00:00,1989-03-23 00:00,1008.85,,FEET
SHA,D,6,RES ELE,1989-03-24 00:00,1989-03-24 00:00,,,FEET
SHA,D,6,RES ELE,1989-03-25 00:00,1989-03-25 00:00,,,FEET
SHA,D,6,RES ELE,1989-03-26 00:00,1989-03-26 00:00,1014.58,,FEET
SHA,D,6,RES ELE,1989-03-27 00:00,1989-03-27 00:00,1015.84,,FEET
SHA,D,6,RES ELE,1989-03-28 00:00,1989-03-28 00:00,1016.95,,FEET
SHA,D,6,RES ELE,1989-03-29 00:00,1989-03-29 00:00,1018.10,,FEET
SHA,D,6,RES ELE,1989-03-30 00:00,1989-03-30 00:00,1019.15,,FEET
SHA,D,6,RES ELE,1989-03-31 00:00,1989-03-31 00:00,,,FEET
SHA,D,6,RES ELE,1989-04-01 00:00,1989-04-01 00:00,1020.99,,FEET
SHA,D,6,RES ELE,1989-04-02 00:00,1989-04-02 00:00,1022.05,,FEET
SHA,D,6,RES ELE,1989-04-03 00:00,1989-04-03 00:00,1023.19,,FEET
SHA,D,6,RES ELE,1989-04-04 00:00,1989-04-04 00:00,1024.27,,FEET
SHA,D,6,RES ELE,1989-04-05 00:00,1989-04-05 00:00,1025.21,,FEET
SHA,D,6,RES ELE,1989-04-06 00:00,1989-04-06 00:00,1026.10,,FEET
SHA,D,6,RES ELE,1989-04-07 00:00,1989-04-07 00:00,1026.97,,FEET
SHA,D,6,RES ELE,1989-04-08 00:00,1989-04-08 00:00,1027.75,,FEET
SHA,D,6,RES ELE,1989-04-09 00:00,1989-04-09 00:00,1028.54,,FEET
SHA,D,6,RES ELE,1989-04-10 00:00,1989-04-10 00:00,1029.17,,FEET
SHA,D,6,RES ELE,1989-04-11 00:00,1989-04-11 00:00,1029.88,,FEET
SHA,D,6,RES ELE,1989-04-12 00:00,1989-04-12 00:00,1030.50,,FEET
SHA,D,6,RES ELE,1989-04-13 00:00,1989-04-13 00:00,1031.25,,FEET
SHA,D,6,RES ELE,1989-04-14 00:00,1989-04-14 00:00,1031.77,,FEET
SHA,D,6,RES ELE,1989-04-15 00:00,1989-04-15 00:00,1032.37,,FEET
SHA,D,6,RES ELE,1989-04-16 00:00,1989-04-16 00:00,1032.93,,FEET
SHA,D,6,RES ELE,1989-04-17 00:00,1989-04-17 00:00,1033.47,,FEET
SHA,D,6,RES ELE,1989-04-18 00:00,1989-04-18 00:00,1033.85,,FEET
SHA,D,6,RES ELE,1989-04-19 00:00,1989-04-19 00:00,1034.31,,FEET
SHA,D,6,RES ELE,1989-04-20 00:00,1989-04-20 00:00,1034.75,,FEET
SHA,D,6,RES ELE,1989-04-21 00:00,1989-04-21 00:00,1035.30,,FEET
SHA,D,6,RES ELE,1989-04-22 00:00,1989-04-22 00:00,1035.77,,FEET
SHA,D,6,RES ELE,1989-04-23 00:00,1989-04-23 00:00,1036.07,,FEET
SHA,D,6,RES ELE,1989-04-24 00:00,1989-04-24 00:00,1036.56,,FEET
SHA,D,6,RES ELE,1989-04-25 00:00,1989-04-25 00:00,1037.02,,FEET
SHA,D,6,RES ELE,1989-04-26 00:00,1989-04-26 00:00,1037.46,,FEET
SHA,D,6,RES ELE,1989-04-27 00:00,1989-04-27 00:00,1037.83,,FEET
SHA,D,6,RES ELE,1989-04-28 00:00,1989-04-28 00:00,1038.08,,FEET
SHA,D,6,RES ELE,1989-04-29 00:00,1989-04-29 00:00,1038.15,,FEET
SHA,D,6,RES ELE,1989-04-30 00:00,1989-04-30 00:00,1038.11,,FEET
SHA,D,6,RES ELE,1989-05-01 00:00,1989-05-01 00:00,1038.11,,FEET
SHA,D,6,RES ELE,1989-05-02 00:00,1989-05-02 00:00,1038.06,,FEET
SHA,D,6,RES ELE,1989-05-03 00:00,1989-05-03 00:00,1038.04,,FEET
SHA,D,6,RES ELE,1989-05-04 00:00,1989-05-04 00:00,1037.87,,FEET
SHA,D,6,RES ELE,1989-05-05 00:00,1989-05-05 00:00,1037.62,,FEET
SHA,D,6,RES ELE,1989-05-06 00:00,1989-05-06 00:00,1037.32,,FEET
SHA,D,6,RES ELE,1989-05-07 00:00,1989-05-07 00:00,1036.92,,FEET
SHA,D,6,RES ELE,1989-05-08 00:00,1989-05-08 00:00,1036.51,,FEET
SHA,D,6,RES ELE,1989-05-09 00:00,1989-05-09 00:00,1035.98,,FEET
SHA,D,6,RES ELE,1989-05-10 00:00,1989-05-10 00:00,1035.63,,FEET
SHA,D,6,RES ELE,1989-05-11 00:00,1989-05-11 00:00,1035.59,,FEET
SHA,D,6,RES ELE,1989-05-12 00:00,1989-05-12 00:00,1035.51,,FEET
SHA,D,6,RES ELE,1989-05-13 00:00,1989-05-13 00:00,1034.91,,FEET
SHA,D,6,RES ELE,1989-05-14 00:00,1989-05-14 00:00,1034.27,,FEET
SHA,D,6,RES ELE,1989-05-15 00:00,1989-05-15 00:00,1033.78,,FEET
SHA,D,6,RES ELE,1989-05-16 00:00,1989-05-16 00:00,1033.39,,FEET
SHA,D,6,RES ELE,1989-05-17 00:00,1989-05-17 00:00,1033.08,,FEET
SHA,D,6,RES ELE,1989-05-18 00:00,1989-05-18 00:00,1032.98,,FEET
SHA,D,6,RES ELE,1989-05-19 00:00,1989-05-19 00:00,1032.72,,FEET
SHA,D,6,RES ELE,1989-05-20 00:00,1989-05-20 00:00,1032.18,,FEET
SHA,D,6,RES ELE,1989-05-21 00:00,1989-05-21 00:00,1031.71,,FEET
SHA,D,6,RES ELE,1989-05-22 00:00,1989-05-22 00:00,1031.19,,FEET
SHA,D,6,RES ELE,1989-05-23 00:00,1989-05-23 00:00,1030.70,,FEET
SHA,D,6,RES ELE,1989-05-24 00:00,1989-05-24 00:00,1030.25,,FEET
SHA,D,6,RES ELE,1989-05-25 00:00,1989-05-25 00:00,1029.88,,FEET
SHA,D,6,RES ELE,1989-05-26 00:00,1989-05-26 00:00,1029.31,,FEET
SHA,D,6,RES ELE,1989-05-27 00:00,1989-05-27 00:00,1028.80,,FEET
SHA,D,6,RES ELE,1989-05-28 00:00,1989-05-28 00:00,1028.37,,FEET
SHA,D,6,RES ELE,1989-05-29 00:00,1989-05-29 00:00,1027.87,,FEET
SHA,D,6,RES ELE,1989-05-30 00:00,1989-05-30 00:00,1027.34,,FEET
SHA,D,6,RES ELE,1989-05-31 00:00,1989-05-31 00:00,1026.81,,FEET
SHA,D,6,RES ELE,1989-06-01 00:00,1989-06-01 00:00,1026.27,,FEET
SHA,D,6,RES ELE,1989-06-02 00:00,1989-06-02 00:00,1025.78,,FEET
SHA,D,6,RES ELE,1989-06-03 00:00,1989-06-03 00:00,1025.30,,FEET
SHA,D,6,RES ELE,1989-06-04 00:00,1989-06-04 00:00,1024.77,,FEET
SHA,D,6,RES ELE,1989-06-05 00:00,1989-06-05 00:00,1024.37,,FEET
SHA,D,6,RES ELE,1989-06-06 00:00,1989-06-06 00:00,1023.99,,FEET
SHA,D,6,RES ELE,1989-06-07 00:00,1989-06-07 00:00,1023.40,,FEET
SHA,D,6,RES ELE,1989-06-08 00:00,1989-06-08 00:00,1022.69,,FEET
SHA,D,6,RES ELE,1989-06-09 00:00,1989-06-09 00:00,1021.97,,FEET
SHA,D,6,RES ELE,1989-06-10 00:00,1989-06-10 00:00,1021.17,,FEET
SHA,D,6,RES ELE,1989-06-11 00:00,1989-06-11 00:00,1020.40,,FEET
SHA,D,6,RES ELE,1989-06-12 00:00,1989-06-12 00:00,1019.84,,FEET
SHA,D,6,RES ELE,1989-06-13 00:00,1989-06-13 00:00,1019.42,,FEET
SHA,D,6,RES ELE,1989-06-14 00:00,1989-06-14 00:00,1018.75,,FEET
SHA,D,6,RES ELE,1989-06-15 00:00,1989-06-15 00:00,1018.09,,FEET
SHA,D,6,RES ELE,1989-06-16 00:00,1989-06-16 00:00,1017.47,,FEET
SHA,D,6,RES ELE,1989-06-17 00:00,1989-06-17 00:00,1016.66,,FEET
SHA,D,6,RES ELE,1989-06-18 00:00,1989-06-18 00:00,1015.87,,FEET
SHA,D,6,RES ELE,1989-06-19 00:00,1989-06-19 00:00,1015.29,,FEET
SHA,D,6,RES ELE,1989-06-20 00:00,1989-06-20 00:00,1014.60,,FEET
SHA,D,6,RES ELE,1989-06-21 00:00,1989-06-21 00:00,1013.95,,FEET
SHA,D,6,RES ELE,1989-06-22 00:00,1989-06-22 00:00,1013.33,,FEET
SHA,D,6,RES ELE,1989-06-23 00:00,1989-06-23 00:00,1012.64,,FEET
SHA,D,6,RES ELE,1989-06-24 00:00,1989-06-24 00:00,1011.74,,FEET
SHA,D,6,RES ELE,1989-06-25 00:00,1989-06-25 00:00,1010.89,,FEET
SHA,D,6,RES ELE,1989-06-26 00:00,1989-06-26 00:00,1010.07,,FEET
SHA,D,6,RES ELE,1989-06-27 00:00,1989-06-27 00:00,1009.31,,FEET
SHA,D,6,RES ELE,1989-06-28 00:00,1989-06-28 00:00,1008.60,,FEET
SHA,D,6,RES ELE,1989-06-29 00:00,1989-06-29 00:00,1007.86,,FEET
SHA,D,6,RES ELE,1989-06-30 00:00,1989-06-30 00:00,1007.24,,FEET
SHA,D,6,RES ELE,1989-07-01 00:00,1989-07-01 00:00,1006.26,,FEET
SHA,D,6,RES ELE,1989-07-02 00:00,1989-07-02 00:00,1005.27,,FEET
SHA,D,6,RES ELE,1989-07-03 00:00,1989-07-03 00:00,1004.44,,FEET
SHA,D,6,RES ELE,1989-07-04 00:00,1989-07-04 00:00,1003.73,,FEET
SHA,D,6,RES ELE,1989-07-05 00:00,1989-07-05 00:00,1003.16,,FEET
SHA,D,6,RES ELE,1989-07-06 00:00,1989-07-06 00:00,1002.83,,FEET
SHA,D,6,RES ELE,1989-07-07 00:00,1989-07-07 00:00,1002.52,,FEET
SHA,D,6,RES ELE,1989-07-08 00:00,1989-07-08 00:00,1001.86,,FEET
SHA,D,6,RES ELE,1989-07-09 00:00,1989-07-09 00:00,1001.27,,FEET
SHA,D,6,RES ELE,1989-07-10 00:00,1989-07-10 00:00,1000.86,,FEET
SHA,D,6,RES ELE,1989-07-11 00:00,1989-07-11 00:00,1000.46,,FEET
SHA,D,6,RES ELE,1989-07-12 00:00,1989-07-12 00:00,1000.04,,FEET
SHA,D,6,RES ELE,1989-07-13 00:00,1989-07-13 00:00,999.58,,FEET
SHA,D,6,RES ELE,1989-07-14 00:00,1989-07-14 00:00,999.01,,FEET
SHA,D,6,RES ELE,1989-07-15 00:00,1989-07-15 00:00,998.44,,FEET
SHA,D,6,RES ELE,1989-07-16 00:00,1989-07-16 00:00,997.87,,FEET
SHA,D,6,RES ELE,1989-07-17 00:00,1989-07-17 00:00,997.47,,FEET
SHA,D,6,RES ELE,1989-07-18 00:00,1989-07-18 00:00,996.97,,FEET
SHA,D,6,RES ELE,1989-07-19 00:00,1989-07-19 00:00,996.20,,FEET
SHA,D,6,RES ELE,1989-07-20 00:00,1989-07-20 00:00,995.44,,FEET
SHA,D,6,RES ELE,1989-07-21 00:00,1989-07-21 00:00,994.52,,FEET
SHA,D,6,RES ELE,1989-07-22 00:00,1989-07-22 00:00,993.58,,FEET
SHA,D,6,RES ELE,1989-07-23 00:00,1989-07-23 00:00,992.66,,FEET
SHA,D,6,RES ELE,1989-07-24 00:00,1989-07-24 00:00,991.94,,FEET
SHA,D,6,RES ELE,1989-07-25 00:00,1989-07-25 00:00,991.13,,FEET
SHA,D,6,RES ELE,1989-07-26 00:00,1989-07-26 00:00,990.37,,FEET
SHA,D,6,RES ELE,1989-07-27 00:00,1989-07-27 00:00,989.64,,FEET
SHA,D,6,RES ELE,1989-07-28 00:00,1989-07-28 00:00,988.70,,FEET
SHA,D,6,RES ELE,1989-07-29 00:00,1989-07-29 00:00,987.69,,FEET
SHA,D,6,RES ELE,1989-07-30 00:00,1989-07-30 00:00,986.66,,FEET
SHA,D,6,RES ELE,1989-07-31 00:00,1989-07-31 00:00,985.78,,FEET
SHA,D,6,RES ELE,1989-08-01 00:00,1989-08-01 00:00,984.97,,FEET
SHA,D,6,RES ELE,1989-08-02 00:00,1989-08-02 00:00,984.14,,FEET
SHA,D,6,RES ELE,1989-08-03 00:00,1989-08-03 00:00,983.32,,FEET
SHA,D,6,RES ELE,1989-08-04 00:00,1989-08-04 00:00,982.58,,FEET
SHA,D,6,RES ELE,1989-08-05 00:00,1989-08-05 00:00,981.54,,FEET
SHA,D,6,RES ELE,1989-08-06 00:00,1989-08-06 00:00,980.44,,FEET
SHA,D,6,RES ELE,1989-08-07 00:00,1989-08-07 00:00,979.44,,FEET
SHA,D,6,RES ELE,1989-08-08 00:00,1989-08-08 00:00,978.54,,FEET
SHA,D,6,RES ELE,1989-08-09 00:00,1989-08-09 00:00,977.73,,FEET
SHA,D,6,RES ELE,1989-08-10 00:00,1989-08-10 00:00,977.03,,FEET
SHA,D,6,RES ELE,1989-08-11 00:00,1989-08-11 00:00,976.44,,FEET
SHA,D,6,RES ELE,1989-08-12 00:00,1989-08-12 00:00,975.59,,FEET
SHA,D,6,RES ELE,1989-08-13 00:00,1989-08-13 00:00,974.76,,FEET
SHA,D,6,RES ELE,1989-08-14 00:00,1989-08-14 00:00,974.15,,FEET
SHA,D,6,RES ELE,1989-08-15 00:00,1989-08-15 00:00,973.54,,FEET
SHA,D,6,RES ELE,1989-08-16 00:00,1989-08-16 00:00,972.90,,FEET
SHA,D,6,RES ELE,1989-08-17 00:00,1989-08-17 00:00,972.19,,FEET
SHA,D,6,RES ELE,1989-08-18 00:00,1989-08-18 00:00,971.77,,FEET
SHA,D,6,RES ELE,1989-08-19 00:00,1989-08-19 00:00,970.72,,FEET
SHA,D,6,RES ELE,1989-08-20 00:00,1989-08-20 00:00,969.80,,FEET
SHA,D,6,RES ELE,1989-08-21 00:00,1989-08-21 00:00,969.06,,FEET
SHA,D,6,RES ELE,1989-08-22 00:00,1989-08-22 00:00,968.53,,FEET
SHA,D,6,RES ELE,1989-08-23 00:00,1989-08-23 00:00,967.93,,FEET
SHA,D,6,RES ELE,1989-08-24 00:00,1989-08-24 00:00,967.31,,FEET
SHA,D,6,RES ELE,1989-08-25 00:00,1989-08-25 00:00,966.70,,FEET
SHA,D,6,RES ELE,1989-08-26 00:00,1989-08-26 00:00,966.03,,FEET
SHA,D,6,RES ELE,1989-08-27 00:00,1989-08-27 00:00,965.36,,FEET
SHA,D,6,RES ELE,1989-08-28 00:00,1989-08-28 00:00,965.07,,FEET
SHA,D,6,RES ELE,1989-08-29 00:00,1989-08-29 00:00,964.49,,FEET
SHA,D,6,RES ELE,1989-08-30 00:00,1989-08-30 00:00,964.09,,FEET
SHA,D,6,RES ELE,1989-08-31 00:00,1989-08-31 00:00,963.64,,FEET
SHA,D,6,RES ELE,1989-09-01 00:00,1989-09-01 00:00,963.26,,FEET
SHA,D,6,RES ELE,1989-09-02 00:00,1989-09-02 00:00,962.60,,FEET
SHA,D,6,RES ELE,1989-09-03 00:00,1989-09-03 00:00,961.96,,FEET
SHA,D,6,RES ELE,1989-09-04 00:00,1989-09-04 00:00,961.49,,FEET
SHA,D,6,RES ELE,1989-09-05 00:00,1989-09-05 00:00,961.24,,FEET
SHA,D,6,RES ELE,1989-09-06 00:00,1989-09-06 00:00,961.06,,FEET
SHA,D,6,RES ELE,1989-09-07 00:00,1989-09-07 00:00,960.97,,FEET
SHA,D,6,RES ELE,1989-09-08 00:00,1989-09-08 00:00,960.77,,FEET
SHA,D,6,RES ELE,1989-09-09 00:00,1989-09-09 00:00,960.40,,FEET
SHA,D,6,RES ELE,1989-09-10 00:00,1989-09-10 00:00,960.04,,FEET
SHA,D,6,RES ELE,1989-09-11 00:00,1989-09-11 00:00,959.80,,FEET
SHA,D,6,RES ELE,1989-09-12 00:00,1989-09-12 00:00,959.81,,FEET
SHA,D,6,RES ELE,1989-09-13 00:00,1989-09-13 00:00,959.67,,FEET
SHA,D,6,RES ELE,1989-09-14 00:00,1989-09-14 00:00,959.56,,FEET
SHA,D,6,RES ELE,1989-09-15 00:00,1989-09-15 00:00,959.53,,FEET
SHA,D,6,RES ELE,1989-09-16 00:00,1989-09-16 00:00,959.40,,FEET
SHA,D,6,RES ELE,1989-09-17 00:00,1989-09-17 00:00,959.67,,FEET
SHA,D,6,RES ELE,1989-09-18 00:00,1989-09-18 00:00,960.00,,FEET
SHA,D,6,RES ELE,1989-09-19 00:00,1989-09-19 00:00,960.23,,FEET
SHA,D,6,RES ELE,1989-09-20 00:00,1989-09-20 00:00,960.70,,FEET
SHA,D,6,RES ELE,1989-09-21 00:00,1989-09-21 00:00,960.97,,FEET
SHA,D,6,RES ELE,1989-09-22 00:00,1989-09-22 00:00,961.23,,FEET
SHA,D,6,RES ELE,1989-09-23 00:00,1989-09-23 00:00,961.23,,FEET
SHA,D,6,RES ELE,1989-09-24 00:00,1989-09-24 00:00,961.20,,FEET
SHA,D,6,RES ELE,1989-09-25 00:00,1989-09-25 00:00,961.30,,FEET
SHA,D,6,RES ELE,1989-09-26 00:00,1989-09-26 00:00,961.57,,FEET
SHA,D,6,RES ELE,1989-09-27 00:00,1989-09-27 00:00,961.80,,FEET
SHA,D,6,RES ELE,1989-09-28 00:00,1989-09-28 00:00,962.16,,FEET
SHA,D,6,RES ELE,1989-09-29 00:00,1989-09-29 00:00,962.54,,FEET
SHA,D,6,RES ELE,1989-09-30 00:00,1989-09-30 00:00,962.80,,FEET
SHA,D,6,RES ELE,1989-10-01 00:00,1989-10-01 00:00,962.93,,FEET
SHA,D,6,RES ELE,1989-10-02 00:00,1989-10-02 00:00,963.24,,FEET
SHA,D,6,RES ELE,1989-10-03 00:00,1989-10-03 00:00,963.60,,FEET
SHA,D,6,RES ELE,1989-10-04 00:00,1989-10-04 00:00,963.96,,FEET
SHA,D,6,RES ELE,1989-10-05 00:00,1989-10-05 00:00,964.24,,FEET
SHA,D,6,RES ELE,1989-10-06 00:00,1989-10-06 00:00,964.45,,FEET
SHA,D,6,RES ELE,1989-10-07 00:00,1989-10-07 00:00,964.57,,FEET
SHA,D,6,RES ELE,1989-10-08 00:00,1989-10-08 00:00,964.60,,FEET
SHA,D,6,RES ELE,1989-10-09 00:00,1989-10-09 00:00,964.74,,FEET
SHA,D,6,RES ELE,1989-10-10 00:00,1989-10-10 00:00,964.88,,FEET
SHA,D,6,RES ELE,1989-10-11 00:00,1989-10-11 00:00,965.10,,FEET
SHA,D,6,RES ELE,1989-10-12 00:00,1989-10-12 00:00,965.28,,FEET
SHA,D,6,RES ELE,1989-10-13 00:00,1989-10-13 00:00,965.48,,FEET
SHA,D,6,RES ELE,1989-10-14 00:00,1989-10-14 00:00,965.50,,FEET
SHA,D,6,RES ELE,1989-10-15 00:00,1989-10-15 00:00,965.57,,FEET
SHA,D,6,RES ELE,1989-10-16 00:00,1989-10-16 00:00,965.77,,FEET
SHA,D,6,RES ELE,1989-10-17 00:00,1989-10-17 00:00,966.11,,FEET
SHA,D,6,RES ELE,1989-10-18 00:00,1989-10-18 00:00,966.30,,FEET
SHA,D,6,RES ELE,1989-10-19 00:00,1989-10-19 00:00,966.61,,FEET
SHA,D,6,RES ELE,1989-10-20 00:00,1989-10-20 00:00,966.65,,FEET
SHA,D,6,RES ELE,1989-10-21 00:00,1989-10-21 00:00,966.92,,FEET
SHA,D,6,RES ELE,1989-10-22 00:00,1989-10-22 00:00,967.46,,FEET
SHA,D,6,RES ELE,1989-10-23 00:00,1989-10-23 00:00,969.36,,FEET
SHA,D,6,RES ELE,1989-10-24 00:00,1989-10-24 00:00,970.45,,FEET
SHA,D,6,RES ELE,1989-10-25 00:00,1989-10-25 00:00,970.91,,FEET
SHA,D,6,RES ELE,1989-10-26 00:00,1989-10-26 00:00,971.30,,FEET
SHA,D,6,RES ELE,1989-10-27 00:00,1989-10-27 00:00,971.83,,FEET
SHA,D,6,RES ELE,1989-10-28 00:00,1989-10-28 00:00,972.21,,FEET
SHA,D,6,RES ELE,1989-10-29 00:00,1989-10-29 00:00,972.45,,FEET
SHA,D,6,RES ELE,1989-10-30 00:00,1989-10-30 00:00,972.74,,FEET
SHA,D,6,RES ELE,1989-10-31 00:00,1989-10-31 00:00,973.04,,FEET
SHA,D,6,RES ELE,1989-11-01 00:00,1989-11-01 00:00,973.28,,FEET
SHA,D,6,RES ELE,1989-11-02 00:00,1989-11-02 00:00,973.29,,FEET
SHA,D,6,RES ELE,1989-11-03 00:00,1989-11-03 00:00,973.25,,FEET
SHA,D,6,RES ELE,1989-11-04 00:00,1989-11-04 00:00,973.00,,FEET
SHA,D,6,RES ELE,1989-11-05 00:00,1989-11-05 00:00,972.57,,FEET
SHA,D,6,RES ELE,1989-11-06 00:00,1989-11-06 00:00,972.27,,FEET
SHA,D,6,RES ELE,1989-11-07 00:00,1989-11-07 00:00,972.07,,FEET
SHA,D,6,RES ELE,1989-11-08 00:00,1989-11-08 00:00,971.72,,FEET
SHA,D,6,RES ELE,1989-11-09 00:00,1989-11-09 00:00,971.47,,FEET
SHA,D,6,RES ELE,1989-11-10 00:00,1989-11-10 00:00,971.17,,FEET
SHA,D,6,RES ELE,1989-11-11 00:00,1989-11-11 00:00,970.73,,FEET
SHA,D,6,RES ELE,1989-11-12 00:00,1989-11-12 00:00,970.20,,FEET
SHA,D,6,RES ELE,1989-11-13 00:00,1989-11-13 00:00,969.92,,FEET
SHA,D,6,RES ELE,1989-11-14 00:00,1989-11-14 00:00,969.61,,FEET
SHA,D,6,RES ELE,1989-11-15 00:00,1989-11-15 00:00,969.29,,FEET
SHA,D,6,RES ELE,1989-11-16 00:00,1989-11-16 00:00,969.07,,FEET
SHA,D,6,RES ELE,1989-11-17 00:00,1989-11-17 00:00,968.88,,FEET
SHA,D,6,RES ELE,1989-11-18 00:00,1989-11-18 00:00,968.37,,FEET
SHA,D,6,RES ELE,1989-11-19 00:00,1989-11-19 00:00,967.76,,FEET
SHA,D,6,RES ELE,1989-11-20 00:00,1989-11-20 00:00,967.24,,FEET
SHA,D,6,RES ELE,1989-11-21 00:00,1989-11-21 00:00,966.95,,FEET
SHA,D,6,RES ELE,1989-11-22 00:00,1989-11-22 00:00,966.60,,FEET
SHA,D,6,RES ELE,1989-11-23 00:00,1989-11-23 00:00,966.07,,FEET
SHA,D,6,RES ELE,1989-11-24 00:00,1989-11-24 00:00,965.67,,FEET
SHA,D,6,RES ELE,1989-11-25 00:00,1989-11-25 00:00,965.27,,FEET
SHA,D,6,RES ELE,1989-11-26 00:00,1989-11-26 00:00,964.83,,FEET
SHA,D,6,RES ELE,1989-11-27 00:00,1989-11-27 00:00,964.29,,FEET
SHA,D,6,RES ELE,1989-11-28 00:00,1989-11-28 00:00,963.86,,FEET
SHA,D,6,RES ELE,1989-11-29 00:00,1989-11-29 00:00,963.41,,FEET
SHA,D,6,RES ELE,1989-11-30 00:00,1989-11-30 00:00,963.21,,FEET
SHA,D,6,RES ELE,1989-12-01 00:00,1989-12-01 00:00,962.93,,FEET
SHA,D,6,RES ELE,1989-12-02 00:00,1989-12-02 00:00,962.64,,FEET
SHA,D,6,RES ELE,1989-12-03 00:00,1989-12-03 00:00,962.37,,FEET
SHA,D,6,RES ELE,1989-12-04 00:00,1989-12-04 00:00,962.13,,FEET
SHA,D,6,RES ELE,1989-12-05 00:00,1989-12-05 00:00,961.91,,FEET
SHA,D,6,RES ELE,1989-12-06 00:00,1989-12-06 00:00,961.59,,FEET
SHA,D,6,RES ELE,1989-12-07 00:00,1989-12-07 00:00,961.31,,FEET
SHA,D,6,RES ELE,1989-12-08 00:00,1989-12-08 00:00,,,FEET
SHA,D,6,RES ELE,1989-12-09 00:00,1989-12-09 00:00,,,FEET
SHA,D,6,RES ELE,1989-12-10 00:00,1989-12-10 00:00,960.97,,FEET
SHA,D,6,RES ELE,1989-12-11 00:00,1989-12-11 00:00,960.90,,FEET
SHA,D,6,RES ELE,1989-12-12 00:00,1989-12-12 00:00,960.69,,FEET
SHA,D,6,RES ELE,1989-12-13 00:00,1989-12-13 00:00,960.54,,FEET
SHA,D,6,RES ELE,1989-12-14 00:00,1989-12-14 00:00,960.46,,FEET
SHA,D,6,RES ELE,1989-12-15 00:00,1989-12-15 00:00,,,FEET
SHA,D,6,RES ELE,1989-12-16 00:00,1989-12-16 00:00,960.06,,FEET
SHA,D,6,RES ELE,1989-12-17 00:00,1989-12-17 00:00,959.77,,FEET
SHA,D,6,RES ELE,1989-12-18 00:00,1989-12-18 00:00,959.78,,FEET
SHA,D,6,RES ELE,1989-12-19 00:00,1989-12-19 00:00,959.88,,FEET
SHA,D,6,RES ELE,1989-12-20 00:00,1989-12-20 00:00,959.94,,FEET
SHA,D,6,RES ELE,1989-12-21 00:00,1989-12-21 00:00,960.05,,FEET
SHA,D,6,RES ELE,1989-12-22 00:00,1989-12-22 00:00,,,FEET
SHA,D,6,RES ELE,1989-12-23 00:00,1989-12-23 00:00,,,FEET
SHA,D,6,RES ELE,1989-12-24 00:00,1989-12-24 00:00,,,FEET
SHA,D,6,RES ELE,1989-12-25 00:00,1989-12-25 00:00,959.77,,FEET
SHA,D,6,RES ELE,1989-12-26 00:00,1989-12-26 00:00,959.84,,FEET
SHA,D,6,RES ELE,1989-12-27 00:00,1989-12-27 00:00,959.97,,FEET
SHA,D,6,RES ELE,1989-12-28 00:00,1989-12-28 00:00,960.14,,FEET
SHA,D,6,RES ELE,1989-12-29 00:00,1989-12-29 00:00,960.28,,FEET
SHA,D,6,RES ELE,1989-12-30 00:00,1989-12-30 00:00,960.28,,FEET
SHA,D,6,RES ELE,1989-12-31 00:00,1989-12-31 00:00,960.39,,FEET
SHA,D,6,RES ELE,1990-01-01 00:00,1990-01-01 00:00,960.49,,FEET
SHA,D,6,RES ELE,1990-01-02 00:00,1990-01-02 00:00,960.60,,FEET
SHA,D,6,RES ELE,1990-01-03 00:00,1990-01-03 00:00,960.60,,FEET
SHA,D,6,RES ELE,1990-01-04 00:00,1990-01-04 00:00,960.57,,FEET
SHA,D,6,RES ELE,1990-01-05 00:00,1990-01-05 00:00,960.53,,FEET
SHA,D,6,RES ELE,1990-01-06 00:00,1990-01-06 00:00,960.51,,FEET
SHA,D,6,RES ELE,1990-01-07 00:00,1990-01-07 00:00,961.14,,FEET
SHA,D,6,RES ELE,1990-01-08 00:00,1990-01-08 00:00,962.80,,FEET
SHA,D,6,RES ELE,1990-01-09 00:00,1990-01-09 00:00,963.83,,FEET
SHA,D,6,RES ELE,1990-01-10 00:00,1990-01-10 00:00,964.41,,FEET
SHA,D,6,RES ELE,1990-01-11 00:00,1990-01-11 00:00,964.97,,FEET
SHA,D,6,RES ELE,1990-01-12 00:00,1990-01-12 00:00,965.77,,FEET
SHA,D,6,RES ELE,1990-01-13 00:00,1990-01-13 00:00,967.80,,FEET
SHA,D,6,RES ELE,1990-01-14 00:00,1990-01-14 00:00,969.08,,FEET
SHA,D,6,RES ELE,1990-01-15 00:00,1990-01-15 00:00,969.99,,FEET
SHA,D,6,RES ELE,1990-01-16 00:00,1990-01-16 00:00,970.73,,FEET
SHA,D,6,RES ELE,1990-01-17 00:00,1990-01-17 00:00,971.05,,FEET
SHA,D,6,RES ELE,1990-01-18 00:00,1990-01-18 00:00,971.47,,FEET
SHA,D,6,RES ELE,1990-01-19 00:00,1990-01-19 00:00,971.79,,FEET
SHA,D,6,RES ELE,1990-01-20 00:00,1990-01-20 00:00,971.81,,FEET
SHA,D,6,RES ELE,1990-01-21 00:00,1990-01-21 00:00,971.90,,FEET
SHA,D,6,RES ELE,1990-01-22 00:00,1990-01-22 00:00,972.13,,FEET
SHA,D,6,RES ELE,1990-01-23 00:00,1990-01-23 00:00,972.33,,FEET
SHA,D,6,RES ELE,1990-01-24 00:00,1990-01-24 00:00,972.84,,FEET
SHA,D,6,RES ELE,1990-01-25 00:00,1990-01-25 00:00,973.10,,FEET
SHA,D,6,RES ELE,1990-01-26 00:00,1990-01-26 00:00,973.37,,FEET
SHA,D,6,RES ELE,1990-01-27 00:00,1990-01-27 00:00,973.91,,FEET
SHA,D,6,RES ELE,1990-01-28 00:00,1990-01-28 00:00,974.03,,FEET
SHA,D,6,RES ELE,1990-01-29 00:00,1990-01-29 00:00,974.21,,FEET
SHA,D,6,RES ELE,1990-01-30 00:00,1990-01-30 00:00,974.53,,FEET
SHA,D,6,RES ELE,1990-01-31 00:00,1990-01-31 00:00,974.84,,FEET
SHA,D,6,RES ELE,1990-02-01 00:00,1990-02-01 00:00,975.11,,FEET
SHA,D,6,RES ELE,1990-02-02 00:00,1990-02-02 00:00,975.28,,FEET
SHA,D,6,RES ELE,1990-02-03 00:00,1990-02-03 00:00,975.51,,FEET
SHA,D,6,RES ELE,1990-02-04 00:00,1990-02-04 00:00,975.63,,FEET
SHA,D,6,RES ELE,1990-02-05 00:00,1990-02-05 00:00,975.86,,FEET
SHA,D,6,RES ELE,1990-02-06 00:00,1990-02-06 00:00,976.13,,FEET
SHA,D,6,RES ELE,1990-02-07 00:00,1990-02-07 00:00,976.40,,FEET
SHA,D,6,RES ELE,1990-02-08 00:00,1990-02-08 00:00,976.64,,FEET
SHA,D,6,RES ELE,1990-02-09 00:00,1990-02-09 00:00,976.87,,FEET
SHA,D,6,RES ELE,1990-02-10 00:00,1990-02-10 00:00,976.89,,FEET
SHA,D,6,RES ELE,1990-02-11 00:00,1990-02-11 00:00,977.03,,FEET
SHA,D,6,RES ELE,1990-02-12 00:00,1990-02-12 00:00,977.08,,FEET
SHA,D,6,RES ELE,1990-02-13 00:00,1990-02-13 00:00,977.21,,FEET
SHA,D,6,RES ELE,1990-02-14 00:00,1990-02-14 00:00,977.37,,FEET
SHA,D,6,RES ELE,1990-02-15 00:00,1990-02-15 00:00,977.63,,FEET
SHA,D,6,RES ELE,1990-02-16 00:00,1990-02-16 00:00,977.91,,FEET
SHA,D,6,RES ELE,1990-02-17 00:00,1990-02-17 00:00,978.17,,FEET
SHA,D,6,RES ELE,1990-02-18 00:00,1990-02-18 00:00,978.33,,FEET
SHA,D,6,RES ELE,1990-02-19 00:00,1990-02-19 00:00,978.46,,FEET
SHA,D,6,RES ELE,1990-02-20 00:00,1990-02-20 00:00,978.60,,FEET
SHA,D,6,RES ELE,1990-02-21 00:00,1990-02-21 00:00,978.80,,FEET
SHA,D,6,RES ELE,1990-02-22 00:00,1990-02-22 00:00,979.04,,FEET
SHA,D,6,RES ELE,1990-02-23 00:00,1990-02-23 00:00,979.28,,FEET
SHA,D,6,RES ELE,1990-02-24 00:00,1990-02-24 00:00,,,FEET
SHA,D,6,RES ELE,1990-02-25 00:00,1990-02-25 00:00,979.58,,FEET
SHA,D,6,RES ELE,1990-02-26 00:00,1990-02-26 00:00,979.85,,FEET
SHA,D,6,RES ELE,1990-02-27 00:00,1990-02-27 00:00,980.29,,FEET
SHA,D,6,RES ELE,1990-02-28 00:00,1990-02-28 00:00,980.65,,FEET
SHA,D,6,RES ELE,1990-03-01 00:00,1990-03-01 00:00,981.09,,FEET
SHA,D,6,RES ELE,1990-03-02 00:00,1990-03-02 00:00,981.97,,FEET
SHA,D,6,RES ELE,1990-03-03 00:00,1990-03-03 00:00,983.28,,FEET
SHA,D,6,RES ELE,1990-03-04 00:00,1990-03-04 00:00,984.41,,FEET
SHA,D,6,RES ELE,1990-03-05 00:00,1990-03-05 00:00,985.49,,FEET
SHA,D,6,RES ELE,1990-03-06 00:00,1990-03-06 00:00,985.96,,FEET
SHA,D,6,RES ELE,1990-03-07 00:00,1990-03-07 00:00,986.42,,FEET
SHA,D,6,RES ELE,1990-03-08 00:00,1990-03-08 00:00,987.06,,FEET
SHA,D,6,RES ELE,1990-03-09 00:00,1990-03-09 00:00,987.36,,FEET
SHA,D,6,RES ELE,1990-03-10 00:00,1990-03-10 00:00,988.10,,FEET
SHA,D,6,RES ELE,1990-03-11 00:00,1990-03-11 00:00,988.80,,FEET
SHA,D,6,RES ELE,1990-03-12 00:00,1990-03-12 00:00,989.44,,FEET
SHA,D,6,RES ELE,1990-03-13 00:00,1990-03-13 00:00,989.88,,FEET
SHA,D,6,RES ELE,1990-03-14 00:00,1990-03-14 00:00,990.40,,FEET
SHA,D,6,RES ELE,1990-03-15 00:00,1990-03-15 00:00,990.90,,FEET
SHA,D,6,RES ELE,1990-03-16 00:00,1990-03-16 00:00,,,FEET
SHA,D,6,RES ELE,1990-03-17 00:00,1990-03-17 00:00,,,FEET
SHA,D,6,RES ELE,1990-03-18 00:00,1990-03-18 00:00,992.61,,FEET
SHA,D,6,RES ELE,1990-03-19 00:00,1990-03-19 00:00,992.96,,FEET
SHA,D,6,RES ELE,1990-03-20 00:00,1990-03-20 00:00,993.18,,FEET
SHA,D,6,RES ELE,1990-03-21 00:00,1990-03-21 00:00,993.47,,FEET
SHA,D,6,RES ELE,1990-03-22 00:00,1990-03-22 00:00,993.68,,FEET
SHA,D,6,RES ELE,1990-03-23 00:00,1990-03-23 00:00,,,FEET
SHA,D,6,RES ELE,1990-03-24 00:00,1990-03-24 00:00,,,FEET
SHA,D,6,RES ELE,1990-03-25 00:00,1990-03-25 00:00,994.14,,FEET
SHA,D,6,RES ELE,1990-03-26 00:00,1990-03-26 00:00,944.17,,FEET
SHA,D,6,RES ELE,1990-03-27 00:00,1990-03-27 00:00,994.24,,FEET
SHA,D,6,RES ELE,1990-03-28 00:00,1990-03-28 00:00,994.23,,FEET
SHA,D,6,RES ELE,1990-03-29 00:00,1990-03-29 00:00,994.23,,FEET
SHA,D,6,RES ELE,1990-03-30 00:00,1990-03-30 00:00,,,FEET
SHA,D,6,RES ELE,1990-03-31 00:00,1990-03-31 00:00,,,FEET
SHA,D,6,RES ELE,1990-04-01 00:00,1990-04-01 00:00,994.37,,FEET
SHA,D,6,RES ELE,1990-04-02 00:00,1990-04-02 00:00,994.31,,FEET
SHA,D,6,RES ELE,1990-04-03 00:00,1990-04-03 00:00,994.17,,FEET
SHA,D,6,RES ELE,1990-04-04 00:00,1990-04-04 00:00,994.07,,FEET
SHA,D,6,RES ELE,1990-04-05 00:00,1990-04-05 00:00,993.92,,FEET
SHA,D,6,RES ELE,1990-04-06 00:00,1990-04-06 00:00,,,FEET
SHA,D,6,RES ELE,1990-04-07 00:00,1990-04-07 00:00,993.51,,FEET
SHA,D,6,RES ELE,1990-04-08 00:00,1990-04-08 00:00,993.26,,FEET
SHA,D,6,RES ELE,1990-04-09 00:00,1990-04-09 00:00,993.05,,FEET
SHA,D,6,RES ELE,1990-04-10 00:00,1990-04-10 00:00,992.77,,FEET
SHA,D,6,RES ELE,1990-04-11 00:00,1990-04-11 00:00,992.52,,FEET
SHA,D,6,RES ELE,1990-04-12 00:00,1990-04-12 00:00,992.20,,FEET
SHA,D,6,RES ELE,1990-04-13 00:00,1990-04-13 00:00,991.78,,FEET
SHA,D,6,RES ELE,1990-04-14 00:00,1990-04-14 00:00,991.23,,FEET
SHA,D,6,RES ELE,1990-04-15 00:00,1990-04-15 00:00,990.69,,FEET
SHA,D,6,RES ELE,1990-04-16 00:00,1990-04-16 00:00,990.31,,FEET
SHA,D,6,RES ELE,1990-04-17 00:00,1990-04-17 00:00,989.97,,FEET
SHA,D,6,RES ELE,1990-04-18 00:00,1990-04-18 00:00,989.63,,FEET
SHA,D,6,RES ELE,1990-04-19 00:00,1990-04-19 00:00,989.13,,FEET
SHA,D,6,RES ELE,1990-04-20 00:00,1990-04-20 00:00,988.80,,FEET
SHA,D,6,RES ELE,1990-04-21 00:00,1990-04-21 00:00,988.29,,FEET
SHA,D,6,RES ELE,1990-04-22 00:00,1990-04-22 00:00,987.66,,FEET
SHA,D,6,RES ELE,1990-04-23 00:00,1990-04-23 00:00,987.24,,FEET
SHA,D,6,RES ELE,1990-04-24 00:00,1990-04-24 00:00,986.74,,FEET
SHA,D,6,RES ELE,1990-04-25 00:00,1990-04-25 00:00,986.31,,FEET
SHA,D,6,RES ELE,1990-04-26 00:00,1990-04-26 00:00,985.94,,FEET
SHA,D,6,RES ELE,1990-04-27 00:00,1990-04-27 00:00,985.60,,FEET
SHA,D,6,RES ELE,1990-04-28 00:00,1990-04-28 00:00,984.86,,FEET
SHA,D,6,RES ELE,1990-04-29 00:00,1990-04-29 00:00,984.13,,FEET
SHA,D,6,RES ELE,1990-04-30 00:00,1990-04-30 00:00,983.46,,FEET
SHA,D,6,RES ELE,1990-05-01 00:00,1990-05-01 00:00,982.89,,FEET
SHA,D,6,RES ELE,1990-05-02 00:00,1990-05-02 00:00,982.34,,FEET
SHA,D,6,RES ELE,1990-05-03 00:00,1990-05-03 00:00,981.65,,FEET
SHA,D,6,RES ELE,1990-05-04 00:00,1990-05-04 00:00,981.10,,FEET
SHA,D,6,RES ELE,1990-05-05 00:00,1990-05-05 00:00,980.34,,FEET
SHA,D,6,RES ELE,1990-05-06 00:00,1990-05-06 00:00,979.58,,FEET
SHA,D,6,RES ELE,1990-05-07 00:00,1990-05-07 00:00,978.80,,FEET
SHA,D,6,RES ELE,1990-05-08 00:00,1990-05-08 00:00,978.13,,FEET
SHA,D,6,RES ELE,1990-05-09 00:00,1990-05-09 00:00,977.50,,FEET
SHA,D,6,RES ELE,1990-05-10 00:00,1990-05-10 00:00,976.73,,FEET
SHA,D,6,RES ELE,1990-05-11 00:00,1990-05-11 00:00,975.96,,FEET
SHA,D,6,RES ELE,1990-05-12 00:00,1990-05-12 00:00,975.17,,FEET
SHA,D,6,RES ELE,1990-05-13 00:00,1990-05-13 00:00,974.28,,FEET
SHA,D,6,RES ELE,1990-05-14 00:00,1990-05-14 00:00,973.64,,FEET
SHA,D,6,RES ELE,1990-05-15 00:00,1990-05-15 00:00,973.00,,FEET
SHA,D,6,RES ELE,1990-05-16 00:00,1990-05-16 00:00,972.44,,FEET
SHA,D,6,RES ELE,1990-05-17 00:00,1990-05-17 00:00,971.97,,FEET
SHA,D,6,RES ELE,1990-05-18 00:00,1990-05-18 00:00,971.48,,FEET
SHA,D,6,RES ELE,1990-05-19 00:00,1990-05-19 00:00,970.63,,FEET
SHA,D,6,RES ELE,1990-05-20 00:00,1990-05-20 00:00,969.98,,FEET
SHA,D,6,RES ELE,1990-05-21 00:00,1990-05-21 00:00,969.68,,FEET
SHA,D,6,RES ELE,1990-05-22 00:00,1990-05-22 00:00,970.37,,FEET
SHA,D,6,RES ELE,1990-05-23 00:00,1990-05-23 00:00,971.39,,FEET
SHA,D,6,RES ELE,1990-05-24 00:00,1990-05-24 00:00,971.87,,FEET
SHA,D,6,RES ELE,1990-05-25 00:00,1990-05-25 00:00,972.10,,FEET
SHA,D,6,RES ELE,1990-05-26 00:00,1990-05-26 00:00,972.20,,FEET
SHA,D,6,RES ELE,1990-05-27 00:00,1990-05-27 00:00,974.88,,FEET
SHA,D,6,RES ELE,1990-05-28 00:00,1990-05-28 00:00,977.96,,FEET
SHA,D,6,RES ELE,1990-05-29 00:00,1990-05-29 00:00,979.65,,FEET
SHA,D,6,RES ELE,1990-05-30 00:00,1990-05-30 00:00,981.48,,FEET
SHA,D,6,RES ELE,1990-05-31 00:00,1990-05-31 00:00,983.08,,FEET
SHA,D,6,RES ELE,1990-06-01 00:00,1990-06-01 00:00,984.24,,FEET
SHA,D,6,RES ELE,1990-06-02 00:00,1990-06-02 00:00,984.96,,FEET
SHA,D,6,RES ELE,1990-06-03 00:00,1990-06-03 00:00,985.48,,FEET
SHA,D,6,RES ELE,1990-06-04 00:00,1990-06-04 00:00,985.87,,FEET
SHA,D,6,RES ELE,1990-06-05 00:00,1990-06-05 00:00,986.50,,FEET
SHA,D,6,RES ELE,1990-06-06 00:00,1990-06-06 00:00,986.94,,FEET
SHA,D,6,RES ELE,1990-06-07 00:00,1990-06-07 00:00,987.01,,FEET
SHA,D,6,RES ELE,1990-06-08 00:00,1990-06-08 00:00,986.96,,FEET
SHA,D,6,RES ELE,1990-06-09 00:00,1990-06-09 00:00,986.80,,FEET
SHA,D,6,RES ELE,1990-06-10 00:00,1990-06-10 00:00,986.63,,FEET
SHA,D,6,RES ELE,1990-06-11 00:00,1990-06-11 00:00,986.48,,FEET
SHA,D,6,RES ELE,1990-06-12 00:00,1990-06-12 00:00,986.18,,FEET
SHA,D,6,RES ELE,1990-06-13 00:00,1990-06-13 00:00,985.77,,FEET
SHA,D,6,RES ELE,1990-06-14 00:00,1990-06-14 00:00,985.50,,FEET
SHA,D,6,RES ELE,1990-06-15 00:00,1990-06-15 00:00,985.14,,FEET
SHA,D,6,RES ELE,1990-06-16 00:00,1990-06-16 00:00,984.83,,FEET
SHA,D,6,RES ELE,1990-06-17 00:00,1990-06-17 00:00,984.30,,FEET
SHA,D,6,RES ELE,1990-06-18 00:00,1990-06-18 00:00,983.68,,FEET
SHA,D,6,RES ELE,1990-06-19 00:00,1990-06-19 00:00,983.29,,FEET
SHA,D,6,RES ELE,1990-06-20 00:00,1990-06-20 00:00,982.70,,FEET
SHA,D,6,RES ELE,1990-06-21 00:00,1990-06-21 00:00,982.32,,FEET
SHA,D,6,RES ELE,1990-06-22 00:00,1990-06-22 00:00,,,FEET
SHA,D,6,RES ELE,1990-06-23 00:00,1990-06-23 00:00,,,FEET
SHA,D,6,RES ELE,1990-06-24 00:00,1990-06-24 00:00,980.53,,FEET
SHA,D,6,RES ELE,1990-06-25 00:00,1990-06-25 00:00,980.00,,FEET
SHA,D,6,RES ELE,1990-06-26 00:00,1990-06-26 00:00,979.55,,FEET
SHA,D,6,RES ELE,1990-06-27 00:00,1990-06-27 00:00,978.93,,FEET
SHA,D,6,RES ELE,1990-06-28 00:00,1990-06-28 00:00,978.26,,FEET
SHA,D,6,RES ELE,1990-06-29 00:00,1990-06-29 00:00,977.72,,FEET
SHA,D,6,RES ELE,1990-06-30 00:00,1990-06-30 00:00,,,FEET
SHA,D,6,RES ELE,1990-07-01 00:00,1990-07-01 00:00,976.10,,FEET
SHA,D,6,RES ELE,1990-07-02 00:00,1990-07-02 00:00,975.64,,FEET
SHA,D,6,RES ELE,1990-07-03 00:00,1990-07-03 00:00,,,FEET
SHA,D,6,RES ELE,1990-07-04 00:00,1990-07-04 00:00,974.66,,FEET
SHA,D,6,RES ELE,1990-07-05 00:00,1990-07-05 00:00,974.23,,FEET
SHA,D,6,RES ELE,1990-07-06 00:00,1990-07-06 00:00,973.94,,FEET
SHA,D,6,RES ELE,1990-07-07 00:00,1990-07-07 00:00,973.41,,FEET
SHA,D,6,RES ELE,1990-07-08 00:00,1990-07-08 00:00,972.86,,FEET
SHA,D,6,RES ELE,1990-07-09 00:00,1990-07-09 00:00,972.63,,FEET
SHA,D,6,RES ELE,1990-07-10 00:00,1990-07-10 00:00,972.37,,FEET
SHA,D,6,RES ELE,1990-07-11 00:00,1990-07-11 00:00,971.99,,FEET
SHA,D,6,RES ELE,1990-07-12 00:00,1990-07-12 00:00,971.56,,FEET
SHA,D,6,RES ELE,1990-07-13 00:00,1990-07-13 00:00,970.93,,FEET
SHA,D,6,RES ELE,1990-07-14 00:00,1990-07-14 00:00,970.12,,FEET
SHA,D,6,RES ELE,1990-07-15 00:00,1990-07-15 00:00,969.30,,FEET
SHA,D,6,RES ELE,1990-07-16 00:00,1990-07-16 00:00,968.92,,FEET
SHA,D,6,RES ELE,1990-07-17 00:00,1990-07-17 00:00,968.56,,FEET
SHA,D,6,RES ELE,1990-07-18 00:00,1990-07-18 00:00,968.19,,FEET
SHA,D,6,RES ELE,1990-07-19 00:00,1990-07-19 00:00,967.81,,FEET
SHA,D,6,RES ELE,1990-07-20 00:00,1990-07-20 00:00,967.28,,FEET
SHA,D,6,RES ELE,1990-07-21 00:00,1990-07-21 00:00,966.49,,FEET
SHA,D,6,RES ELE,1990-07-22 00:00,1990-07-22 00:00,965.80,,FEET
SHA,D,6,RES ELE,1990-07-23 00:00,1990-07-23 00:00,965.13,,FEET
SHA,D,6,RES ELE,1990-07-24 00:00,1990-07-24 00:00,964.50,,FEET
SHA,D,6,RES ELE,1990-07-25 00:00,1990-07-25 00:00,964.03,,FEET
SHA,D,6,RES ELE,1990-07-26 00:00,1990-07-26 00:00,963.75,,FEET
SHA,D,6,RES ELE,1990-07-27 00:00,1990-07-27 00:00,963.24,,FEET
SHA,D,6,RES ELE,1990-07-28 00:00,1990-07-28 00:00,962.52,,FEET
SHA,D,6,RES ELE,1990-07-29 00:00,1990-07-29 00:00,961.89,,FEET
SHA,D,6,RES ELE,1990-07-30 00:00,1990-07-30 00:00,961.29,,FEET
SHA,D,6,RES ELE,1990-07-31 00:00,1990-07-31 00:00,960.81,,FEET
SHA,D,6,RES ELE,1990-08-01 00:00,1990-08-01 00:00,960.31,,FEET
SHA,D,6,RES ELE,1990-08-02 00:00,1990-08-02 00:00,959.86,,FEET
SHA,D,6,RES ELE,1990-08-03 00:00,1990-08-03 00:00,959.09,,FEET
SHA,D,6,RES ELE,1990-08-04 00:00,1990-08-04 00:00,958.35,,FEET
SHA,D,6,RES ELE,1990-08-05 00:00,1990-08-05 00:00,957.69,,FEET
SHA,D,6,RES ELE,1990-08-06 00:00,1990-08-06 00:00,956.97,,FEET
SHA,D,6,RES ELE,1990-08-07 00:00,1990-08-07 00:00,956.20,,FEET
SHA,D,6,RES ELE,1990-08-08 00:00,1990-08-08 00:00,955.56,,FEET
SHA,D,6,RES ELE,1990-08-09 00:00,1990-08-09 00:00,954.83,,FEET
SHA,D,6,RES ELE,1990-08-10 00:00,1990-08-10 00:00,954.20,,FEET
SHA,D,6,RES ELE,1990-08-11 00:00,1990-08-11 00:00,953.36,,FEET
SHA,D,6,RES ELE,1990-08-12 00:00,1990-08-12 00:00,952.45,,FEET
SHA,D,6,RES ELE,1990-08-13 00:00,1990-08-13 00:00,951.70,,FEET
SHA,D,6,RES ELE,1990-08-14 00:00,1990-08-14 00:00,951.09,,FEET
SHA,D,6,RES ELE,1990-08-15 00:00,1990-08-15 00:00,950.37,,FEET
SHA,D,6,RES ELE,1990-08-16 00:00,1990-08-16 00:00,949.51,,FEET
SHA,D,6,RES ELE,1990-08-17 00:00,1990-08-17 00:00,948.77,,FEET
SHA,D,6,RES ELE,1990-08-18 00:00,1990-08-18 00:00,947.79,,FEET
SHA,D,6,RES ELE,1990-08-19 00:00,1990-08-19 00:00,946.75,,FEET
SHA,D,6,RES ELE,1990-08-20 00:00,1990-08-20 00:00,946.00,,FEET
SHA,D,6,RES ELE,1990-08-21 00:00,1990-08-21 00:00,945.34,,FEET
SHA,D,6,RES ELE,1990-08-22 00:00,1990-08-22 00:00,944.49,,FEET
SHA,D,6,RES ELE,1990-08-23 00:00,1990-08-23 00:00,943.76,,FEET
SHA,D,6,RES ELE,1990-08-24 00:00,1990-08-24 00:00,943.09,,FEET
SHA,D,6,RES ELE,1990-08-25 00:00,1990-08-25 00:00,942.26,,FEET
SHA,D,6,RES ELE,1990-08-26 00:00,1990-08-26 00:00,941.32,,FEET
SHA,D,6,RES ELE,1990-08-27 00:00,1990-08-27 00:00,940.63,,FEET
SHA,D,6,RES ELE,1990-08-28 00:00,1990-08-28 00:00,940.07,,FEET
SHA,D,6,RES ELE,1990-08-29 00:00,1990-08-29 00:00,939.49,,FEET
SHA,D,6,RES ELE,1990-08-30 00:00,1990-08-30 00:00,938.99,,FEET
SHA,D,6,RES ELE,1990-08-31 00:00,1990-08-31 00:00,938.43,,FEET
SHA,D,6,RES ELE,1990-09-01 00:00,1990-09-01 00:00,937.79,,FEET
SHA,D,6,RES ELE,1990-09-02 00:00,1990-09-02 00:00,937.18,,FEET
SHA,D,6,RES ELE,1990-09-03 00:00,1990-09-03 00:00,936.73,,FEET
SHA,D,6,RES ELE,1990-09-04 00:00,1990-09-04 00:00,936.39,,FEET
SHA,D,6,RES ELE,1990-09-05 00:00,1990-09-05 00:00,936.16,,FEET
SHA,D,6,RES ELE,1990-09-06 00:00,1990-09-06 00:00,935.84,,FEET
SHA,D,6,RES ELE,1990-09-07 00:00,1990-09-07 00:00,,,FEET
SHA,D,6,RES ELE,1990-09-08 00:00,1990-09-08 00:00,935.55,,FEET
SHA,D,6,RES ELE,1990-09-09 00:00,1990-09-09 00:00,935.15,,FEET
SHA,D,6,RES ELE,1990-09-10 00:00,1990-09-10 00:00,935.02,,FEET
SHA,D,6,RES ELE,1990-09-11 00:00,1990-09-11 00:00,934.95,,FEET
SHA,D,6,RES ELE,1990-09-12 00:00,1990-09-12 00:00,934.79,,FEET
SHA,D,6,RES ELE,1990-09-13 00:00,1990-09-13 00:00,934.58,,FEET
SHA,D,6,RES ELE,1990-09-14 00:00,1990-09-14 00:00,934.51,,FEET
SHA,D,6,RES ELE,1990-09-15 00:00,1990-09-15 00:00,,,FEET
SHA,D,6,RES ELE,1990-09-16 00:00,1990-09-16 00:00,934.47,,FEET
SHA,D,6,RES ELE,1990-09-17 00:00,1990-09-17 00:00,934.36,,FEET
SHA,D,6,RES ELE,1990-09-18 00:00,1990-09-18 00:00,934.37,,FEET
SHA,D,6,RES ELE,1990-09-19 00:00,1990-09-19 00:00,934.29,,FEET
SHA,D,6,RES ELE,1990-09-20 00:00,1990-09-20 00:00,934.22,,FEET
SHA,D,6,RES ELE,1990-09-21 00:00,1990-09-21 00:00,934.23,,FEET
SHA,D,6,RES ELE,1990-09-22 00:00,1990-09-22 00:00,934.06,,FEET
SHA,D,6,RES ELE,1990-09-23 00:00,1990-09-23 00:00,933.99,,FEET
SHA,D,6,RES ELE,1990-09-24 00:00,1990-09-24 00:00,934.08,,FEET
SHA,D,6,RES ELE,1990-09-25 00:00,1990-09-25 00:00,934.12,,FEET
SHA,D,6,RES ELE,1990-09-26 00:00,1990-09-26 00:00,934.29,,FEET
SHA,D,6,RES ELE,1990-09-27 00:00,1990-09-27 00:00,934.43,,FEET
SHA,D,6,RES ELE,1990-09-28 00:00,1990-09-28 00:00,934.47,,FEET
SHA,D,6,RES ELE,1990-09-29 00:00,1990-09-29 00:00,934.83,,FEET
SHA,D,6,RES ELE,1990-09-30 00:00,1990-09-30 00:00,934.79,,FEET
SHA,D,6,RES ELE,1990-10-01 00:00,1990-10-01 00:00,934.84,,FEET
SHA,D,6,RES ELE,1990-10-02 00:00,1990-10-02 00:00,935.13,,FEET
SHA,D,6,RES ELE,1990-10-03 00:00,1990-10-03 00:00,935.26,,FEET
SHA,D,6,RES ELE,1990-10-04 00:00,1990-10-04 00:00,935.42,,FEET
SHA,D,6,RES ELE,1990-10-05 00:00,1990-10-05 00:00,935.46,,FEET
SHA,D,6,RES ELE,1990-10-06 00:00,1990-10-06 00:00,935.38,,FEET
SHA,D,6,RES ELE,1990-10-07 00:00,1990-10-07 00:00,935.24,,FEET
SHA,D,6,RES ELE,1990-10-08 00:00,1990-10-08 00:00,935.19,,FEET
SHA,D,6,RES ELE,1990-10-09 00:00,1990-10-09 00:00,935.31,,FEET
SHA,D,6,RES ELE,1990-10-10 00:00,1990-10-10 00:00,935.28,,FEET
SHA,D,6,RES ELE,1990-10-11 00:00,1990-10-11 00:00,935.28,,FEET
SHA,D,6,RES ELE,1990-10-12 00:00,1990-10-12 00:00,935.27,,FEET
SHA,D,6,RES ELE,1990-10-13 00:00,1990-10-13 00:00,935.07,,FEET
SHA,D,6,RES ELE,1990-10-14 00:00,1990-10-14 00:00,934.82,,FEET
SHA,D,6,RES ELE,1990-10-15 00:00,1990-10-15 00:00,934.90,,FEET
SHA,D,6,RES ELE,1990-10-16 00:00,1990-10-16 00:00,935.16,,FEET
SHA,D,6,RES ELE,1990-10-17 00:00,1990-10-17 00:00,935.37,,FEET
SHA,D,6,RES ELE,1990-10-18 00:00,1990-10-18 00:00,935.66,,FEET
SHA,D,6,RES ELE,1990-10-19 00:00,1990-10-19 00:00,935.79,,FEET
SHA,D,6,RES ELE,1990-10-20 00:00,1990-10-20 00:00,935.90,,FEET
SHA,D,6,RES ELE,1990-10-21 00:00,1990-10-21 00:00,935.86,,FEET
SHA,D,6,RES ELE,1990-10-22 00:00,1990-10-22 00:00,935.94,,FEET
SHA,D,6,RES ELE,1990-10-23 00:00,1990-10-23 00:00,936.13,,FEET
SHA,D,6,RES ELE,1990-10-24 00:00,1990-10-24 00:00,936.27,,FEET
SHA,D,6,RES ELE,1990-10-25 00:00,1990-10-25 00:00,936.50,,FEET
SHA,D,6,RES ELE,1990-10-26 00:00,1990-10-26 00:00,936.73,,FEET
SHA,D,6,RES ELE,1990-10-27 00:00,1990-10-27 00:00,936.83,,FEET
SHA,D,6,RES ELE,1990-10-28 00:00,1990-10-28 00:00,936.88,,FEET
SHA,D,6,RES ELE,1990-10-29 00:00,1990-10-29 00:00,937.07,,FEET
SHA,D,6,RES ELE,1990-10-30 00:00,1990-10-30 00:00,937.23,,FEET
SHA,D,6,RES ELE,1990-10-31 00:00,1990-10-31 00:00,937.54,,FEET
SHA,D,6,RES ELE,1990-11-01 00:00,1990-11-01 00:00,937.63,,FEET
SHA,D,6,RES ELE,1990-11-02 00:00,1990-11-02 00:00,937.66,,FEET
SHA,D,6,RES ELE,1990-11-03 00:00,1990-11-03 00:00,937.70,,FEET
SHA,D,6,RES ELE,1990-11-04 00:00,1990-11-04 00:00,937.57,,FEET
SHA,D,6,RES ELE,1990-11-05 00:00,1990-11-05 00:00,937.54,,FEET
SHA,D,6,RES ELE,1990-11-06 00:00,1990-11-06 00:00,937.59,,FEET
SHA,D,6,RES ELE,1990-11-07 00:00,1990-11-07 00:00,937.63,,FEET
SHA,D,6,RES ELE,1990-11-08 00:00,1990-11-08 00:00,937.74,,FEET
SHA,D,6,RES ELE,1990-11-09 00:00,1990-11-09 00:00,,,FEET
SHA,D,6,RES ELE,1990-11-10 00:00,1990-11-10 00:00,,,FEET
SHA,D,6,RES ELE,1990-11-11 00:00,1990-11-11 00:00,,,FEET
SHA,D,6,RES ELE,1990-11-12 00:00,1990-11-12 00:00,938.10,,FEET
SHA,D,6,RES ELE,1990-11-13 00:00,1990-11-13 00:00,938.08,,FEET
SHA,D,6,RES ELE,1990-11-14 00:00,1990-11-14 00:00,938.14,,FEET
SHA,D,6,RES ELE,1990-11-15 00:00,1990-11-15 00:00,938.08,,FEET
SHA,D,6,RES ELE,1990-11-16 00:00,1990-11-16 00:00,,,FEET
SHA,D,6,RES ELE,1990-11-17 00:00,1990-11-17 00:00,,,FEET
SHA,D,6,RES ELE,1990-11-18 00:00,1990-11-18 00:00,938.10,,FEET
SHA,D,6,RES ELE,1990-11-19 00:00,1990-11-19 00:00,938.17,,FEET
SHA,D,6,RES ELE,1990-11-20 00:00,1990-11-20 00:00,938.19,,FEET
SHA,D,6,RES ELE,1990-11-21 00:00,1990-11-21 00:00,,,FEET
SHA,D,6,RES ELE,1990-11-22 00:00,1990-11-22 00:00,,,FEET
SHA,D,6,RES ELE,1990-11-23 00:00,1990-11-23 00:00,,,FEET
SHA,D,6,RES ELE,1990-11-24 00:00,1990-11-24 00:00,,,FEET
SHA,D,6,RES ELE,1990-11-25 00:00,1990-11-25 00:00,938.06,,FEET
SHA,D,6,RES ELE,1990-11-26 00:00,1990-11-26 00:00,938.00,,FEET
SHA,D,6,RES ELE,1990-11-27 00:00,1990-11-27 00:00,937.83,,FEET
SHA,D,6,RES ELE,1990-11-28 00:00,1990-11-28 00:00,937.73,,FEET
SHA,D,6,RES ELE,1990-11-29 00:00,1990-11-29 00:00,937.72,,FEET
SHA,D,6,RES ELE,1990-11-30 00:00,1990-11-30 00:00,,,FEET
SHA,D,6,RES ELE,1990-12-01 00:00,1990-12-01 00:00,,,FEET
SHA,D,6,RES ELE,1990-12-02 00:00,1990-12-02 00:00,937.48,,FEET
SHA,D,6,RES ELE,1990-12-03 00:00,1990-12-03 00:00,937.54,,FEET
SHA,D,6,RES ELE,1990-12-04 00:00,1990-12-04 00:00,937.50,,FEET
SHA,D,6,RES ELE,1990-12-05 00:00,1990-12-05 00:00,937.40,,FEET
SHA,D,6,RES ELE,1990-12-06 00:00,1990-12-06 00:00,937.23,,FEET
SHA,D,6,RES ELE,1990-12-07 00:00,1990-12-07 00:00,,,FEET
SHA,D,6,RES ELE,1990-12-08 00:00,1990-12-08 00:00,,,FEET
SHA,D,6,RES ELE,1990-12-09 00:00,1990-12-09 00:00,936.95,,FEET
SHA,D,6,RES ELE,1990-12-10 00:00,1990-12-10 00:00,937.10,,FEET
SHA,D,6,RES ELE,1990-12-11 00:00,1990-12-11 00:00,937.00,,FEET
SHA,D,6,RES ELE,1990-12-12 00:00,1990-12-12 00:00,,,FEET
SHA,D,6,RES ELE,1990-12-13 00:00,1990-12-13 00:00,,,FEET
SHA,D,6,RES ELE,1990-12-14 00:00,1990-12-14 00:00,,,FEET
SHA,D,6,RES ELE,1990-12-15 00:00,1990-12-15 00:00,,,FEET
SHA,D,6,RES ELE,1990-12-16 00:00,1990-12-16 00:00,936.42,,FEET
SHA,D,6,RES ELE,1990-12-17 00:00,1990-12-17 00:00,936.42,,FEET
SHA,D,6,RES ELE,1990-12-18 00:00,1990-12-18 00:00,936.40,,FEET
SHA,D,6,RES ELE,1990-12-19 00:00,1990-12-19 00:00,936.43,,FEET
SHA,D,6,RES ELE,1990-12-20 00:00,1990-12-20 00:00,936.44,,FEET
SHA,D,6,RES ELE,1990-12-21 00:00,1990-12-21 00:00,,,FEET
SHA,D,6,RES ELE,1990-12-22 00:00,1990-12-22 00:00,,,FEET
SHA,D,6,RES ELE,1990-12-23 00:00,1990-12-23 00:00,,,FEET
SHA,D,6,RES ELE,1990-12-24 00:00,1990-12-24 00:00,,,FEET
SHA,D,6,RES ELE,1990-12-25 00:00,1990-12-25 00:00,935.23,,FEET
SHA,D,6,RES ELE,1990-12-26 00:00,1990-12-26 00:00,935.10,,FEET
SHA,D,6,RES ELE,1990-12-27 00:00,1990-12-27 00:00,934.91,,FEET
SHA,D,6,RES ELE,1990-12-28 00:00,1990-12-28 00:00,,,FEET
SHA,D,6,RES ELE,1990-12-29 00:00,1990-12-29 00:00,,,FEET
SHA,D,6,RES ELE,1990-12-30 00:00,1990-12-30 00:00,,,FEET
SHA,D,6,RES ELE,1990-12-31 00:00,1990-12-31 00:00,,,FEET
SHA,D,6,RES ELE,1991-01-01 00:00,1991-01-01 00:00,,,FEET
SHA,D,6,RES ELE,1991-01-02 00:00,1991-01-02 00:00,933.83,,FEET
SHA,D,6,RES ELE,1991-01-03 00:00,1991-01-03 00:00,933.74,,FEET
SHA,D,6,RES ELE,1991-01-04 00:00,1991-01-04 00:00,,,FEET
SHA,D,6,RES ELE,1991-01-05 00:00,1991-01-05 00:00,,,FEET
SHA,D,6,RES ELE,1991-01-06 00:00,1991-01-06 00:00,932.94,,FEET
SHA,D,6,RES ELE,1991-01-07 00:00,1991-01-07 00:00,932.84,,FEET
SHA,D,6,RES ELE,1991-01-08 00:00,1991-01-08 00:00,932.76,,FEET
SHA,D,6,RES ELE,1991-01-09 00:00,1991-01-09 00:00,932.63,,FEET
SHA,D,6,RES ELE,1991-01-10 00:00,1991-01-10 00:00,932.54,,FEET
SHA,D,6,RES ELE,1991-01-11 00:00,1991-01-11 00:00,,,FEET
SHA,D,6,RES ELE,1991-01-12 00:00,1991-01-12 00:00,,,FEET
SHA,D,6,RES ELE,1991-01-13 00:00,1991-01-13 00:00,,,FEET
SHA,D,6,RES ELE,1991-01-14 00:00,1991-01-14 00:00,931.99,,FEET
SHA,D,6,RES ELE,1991-01-15 00:00,1991-01-15 00:00,931.89,,FEET
SHA,D,6,RES ELE,1991-01-16 00:00,1991-01-16 00:00,931.90,,FEET
SHA,D,6,RES ELE,1991-01-17 00:00,1991-01-17 00:00,931.80,,FEET
SHA,D,6,RES ELE,1991-01-18 00:00,1991-01-18 00:00,,,FEET
SHA,D,6,RES ELE,1991-01-19 00:00,1991-01-19 00:00,,,FEET
SHA,D,6,RES ELE,1991-01-20 00:00,1991-01-20 00:00,,,FEET
SHA,D,6,RES ELE,1991-01-21 00:00,1991-01-21 00:00,931.30,,FEET
SHA,D,6,RES ELE,1991-01-22 00:00,1991-01-22 00:00,931.14,,FEET
SHA,D,6,RES ELE,1991-01-23 00:00,1991-01-23 00:00,931.14,,FEET
SHA,D,6,RES ELE,1991-01-24 00:00,1991-01-24 00:00,931.11,,FEET
SHA,D,6,RES ELE,1991-01-25 00:00,1991-01-25 00:00,,,FEET
SHA,D,6,RES ELE,1991-01-26 00:00,1991-01-26 00:00,,,FEET
SHA,D,6,RES ELE,1991-01-27 00:00,1991-01-27 00:00,930.68,,FEET
SHA,D,6,RES ELE,1991-01-28 00:00,1991-01-28 00:00,930.60,,FEET
SHA,D,6,RES ELE,1991-01-29 00:00,1991-01-29 00:00,930.39,,FEET
SHA,D,6,RES ELE,1991-01-30 00:00,1991-01-30 00:00,,,FEET
SHA,D,6,RES ELE,1991-01-31 00:00,1991-01-31 00:00,929.83,,FEET
SHA,D,6,RES ELE,1991-02-01 00:00,1991-02-01 00:00,,,FEET
SHA,D,6,RES ELE,1991-02-02 00:00,1991-02-02 00:00,,,FEET
SHA,D,6,RES ELE,1991-02-03 00:00,1991-02-03 00:00,929.43,,FEET
SHA,D,6,RES ELE,1991-02-04 00:00,1991-02-04 00:00,929.42,,FEET
SHA,D,6,RES ELE,1991-02-05 00:00,1991-02-05 00:00,929.57,,FEET
SHA,D,6,RES ELE,1991-02-06 00:00,1991-02-06 00:00,929.66,,FEET
SHA,D,6,RES ELE,1991-02-07 00:00,1991-02-07 00:00,929.77,,FEET
SHA,D,6,RES ELE,1991-02-08 00:00,1991-02-08 00:00,,,FEET
SHA,D,6,RES ELE,1991-02-09 00:00,1991-02-09 00:00,,,FEET
SHA,D,6,RES ELE,1991-02-10 00:00,1991-02-10 00:00,929.86,,FEET
SHA,D,6,RES ELE,1991-02-11 00:00,1991-02-11 00:00,,,FEET
SHA,D,6,RES ELE,1991-02-12 00:00,1991-02-12 00:00,,,FEET
SHA,D,6,RES ELE,1991-02-13 00:00,1991-02-13 00:00,929.63,,FEET
SHA,D,6,RES ELE,1991-02-14 00:00,1991-02-14 00:00,929.56,,FEET
SHA,D,6,RES ELE,1991-02-15 00:00,1991-02-15 00:00,,,FEET
SHA,D,6,RES ELE,1991-02-16 00:00,1991-02-16 00:00,,,FEET
SHA,D,6,RES ELE,1991-02-17 00:00,1991-02-17 00:00,,,FEET
SHA,D,6,RES ELE,1991-02-18 00:00,1991-02-18 00:00,929.91,,FEET
SHA,D,6,RES ELE,1991-02-19 00:00,1991-02-19 00:00,929.90,,FEET
SHA,D,6,RES ELE,1991-02-20 00:00,1991-02-20 00:00,929.68,,FEET
SHA,D,6,RES ELE,1991-02-21 00:00,1991-02-21 00:00,929.54,,FEET
SHA,D,6,RES ELE,1991-02-22 00:00,1991-02-22 00:00,,,FEET
SHA,D,6,RES ELE,1991-02-23 00:00,1991-02-23 00:00,,,FEET
SHA,D,6,RES ELE,1991-02-24 00:00,1991-02-24 00:00,928.82,,FEET
SHA,D,6,RES ELE,1991-02-25 00:00,1991-02-25 00:00,928.74,,FEET
SHA,D,6,RES ELE,1991-02-26 00:00,1991-02-26 00:00,928.63,,FEET
SHA,D,6,RES ELE,1991-02-27 00:00,1991-02-27 00:00,,,FEET
SHA,D,6,RES ELE,1991-02-28 00:00,1991-02-28 00:00,928.39,,FEET
SHA,D,6,RES ELE,1991-03-01 00:00,1991-03-01 00:00,,,FEET
SHA,D,6,RES ELE,1991-03-02 00:00,1991-03-02 00:00,929.32,,FEET
SHA,D,6,RES ELE,1991-03-03 00:00,1991-03-03 00:00,932.03,,FEET
SHA,D,6,RES ELE,1991-03-04 00:00,1991-03-04 00:00,935.55,,FEET
SHA,D,6,RES ELE,1991-03-05 00:00,1991-03-05 00:00,937.34,,FEET
SHA,D,6,RES ELE,1991-03-06 00:00,1991-03-06 00:00,938.66,,FEET
SHA,D,6,RES ELE,1991-03-07 00:00,1991-03-07 00:00,939.57,,FEET
SHA,D,6,RES ELE,1991-03-08 00:00,1991-03-08 00:00,,,FEET
SHA,D,6,RES ELE,1991-03-09 00:00,1991-03-09 00:00,,,FEET
SHA,D,6,RES ELE,1991-03-10 00:00,1991-03-10 00:00,941.28,,FEET
SHA,D,6,RES ELE,1991-03-11 00:00,1991-03-11 00:00,941.77,,FEET
SHA,D,6,RES ELE,1991-03-12 00:00,1991-03-12 00:00,942.43,,FEET
SHA,D,6,RES ELE,1991-03-13 00:00,1991-03-13 00:00,942.96,,FEET
SHA,D,6,RES ELE,1991-03-14 00:00,1991-03-14 00:00,943.44,,FEET
SHA,D,6,RES ELE,1991-03-15 00:00,1991-03-15 00:00,,,FEET
SHA,D,6,RES ELE,1991-03-16 00:00,1991-03-16 00:00,,,FEET
SHA,D,6,RES ELE,1991-03-17 00:00,1991-03-17 00:00,944.68,,FEET
SHA,D,6,RES ELE,1991-03-18 00:00,1991-03-18 00:00,945.23,,FEET
SHA,D,6,RES ELE,1991-03-19 00:00,1991-03-19 00:00,945.86,,FEET
SHA,D,6,RES ELE,1991-03-20 00:00,1991-03-20 00:00,946.70,,FEET
SHA,D,6,RES ELE,1991-03-21 00:00,1991-03-21 00:00,947.39,,FEET
SHA,D,6,RES ELE,1991-03-22 00:00,1991-03-22 00:00,948.13,,FEET
SHA,D,6,RES ELE,1991-03-23 00:00,1991-03-23 00:00,949.84,,FEET
SHA,D,6,RES ELE,1991-03-24 00:00,1991-03-24 00:00,951.56,,FEET
SHA,D,6,RES ELE,1991-03-25 00:00,1991-03-25 00:00,952.99,,FEET
SHA,D,6,RES ELE,1991-03-26 00:00,1991-03-26 00:00,954.37,,FEET
SHA,D,6,RES ELE,1991-03-27 00:00,1991-03-27 00:00,955.19,,FEET
SHA,D,6,RES ELE,1991-03-28 00:00,1991-03-28 00:00,956.11,,FEET
SHA,D,6,RES ELE,1991-03-29 00:00,1991-03-29 00:00,956.92,r,FEET
SHA,D,6,RES ELE,1991-03-30 00:00,1991-03-30 00:00,957.68,r,FEET
SHA,D,6,RES ELE,1991-03-31 00:00,1991-03-31 00:00,958.49,,FEET
SHA,D,6,RES ELE,1991-04-01 00:00,1991-04-01 00:00,959.26,r,FEET
SHA,D,6,RES ELE,1991-04-02 00:00,1991-04-02 00:00,960.04,r,FEET
SHA,D,6,RES ELE,1991-04-03 00:00,1991-04-03 00:00,960.67,r,FEET
SHA,D,6,RES ELE,1991-04-04 00:00,1991-04-04 00:00,961.28,,FEET
SHA,D,6,RES ELE,1991-04-05 00:00,1991-04-05 00:00,961.90,r,FEET
SHA,D,6,RES ELE,1991-04-06 00:00,1991-04-06 00:00,962.56,r,FEET
SHA,D,6,RES ELE,1991-04-07 00:00,1991-04-07 00:00,963.19,,FEET
SHA,D,6,RES ELE,1991-04-08 00:00,1991-04-08 00:00,963.65,,FEET
SHA,D,6,RES ELE,1991-04-09 00:00,1991-04-09 00:00,964.10,r,FEET
SHA,D,6,RES ELE,1991-04-10 00:00,1991-04-10 00:00,964.47,,FEET
SHA,D,6,RES ELE,1991-04-11 00:00,1991-04-11 00:00,964.71,,FEET
SHA,D,6,RES ELE,1991-04-12 00:00,1991-04-12 00:00,964.88,r,FEET
SHA,D,6,RES ELE,1991-04-13 00:00,1991-04-13 00:00,956.03,r,FEET
SHA,D,6,RES ELE,1991-04-14 00:00,1991-04-14 00:00,965.24,,FEET
SHA,D,6,RES ELE,1991-04-15 00:00,1991-04-15 00:00,965.74,,FEET
SHA,D,6,RES ELE,1991-04-16 00:00,1991-04-16 00:00,966.21,,FEET
SHA,D,6,RES ELE,1991-04-17 00:00,1991-04-17 00:00,966.50,,FEET
SHA,D,6,RES ELE,1991-04-18 00:00,1991-04-18 00:00,966.87,,FEET
SHA,D,6,RES ELE,1991-04-19 00:00,1991-04-19 00:00,,,FEET
SHA,D,6,RES ELE,1991-04-20 00:00,1991-04-20 00:00,,,FEET
SHA,D,6,RES ELE,1991-04-21 00:00,1991-04-21 00:00,967.12,,FEET
SHA,D,6,RES ELE,1991-04-22 00:00,1991-04-22 00:00,967.35,,FEET
SHA,D,6,RES ELE,1991-04-23 00:00,1991-04-23 00:00,967.63,,FEET
SHA,D,6,RES ELE,1991-04-24 00:00,1991-04-24 00:00,968.10,,FEET
SHA,D,6,RES ELE,1991-04-25 00:00,1991-04-25 00:00,968.40,,FEET
SHA,D,6,RES ELE,1991-04-26 00:00,1991-04-26 00:00,,,FEET
SHA,D,6,RES ELE,1991-04-27 00:00,1991-04-27 00:00,,,FEET
SHA,D,6,RES ELE,1991-04-28 00:00,1991-04-28 00:00,968.69,,FEET
SHA,D,6,RES ELE,1991-04-29 00:00,1991-04-29 00:00,968.77,,FEET
SHA,D,6,RES ELE,1991-04-30 00:00,1991-04-30 00:00,968.70,,FEET
SHA,D,6,RES ELE,1991-05-01 00:00,1991-05-01 00:00,968.70,,FEET
SHA,D,6,RES ELE,1991-05-02 00:00,1991-05-02 00:00,968.57,,FEET
SHA,D,6,RES ELE,1991-05-03 00:00,1991-05-03 00:00,,,FEET
SHA,D,6,RES ELE,1991-05-04 00:00,1991-05-04 00:00,,,FEET
SHA,D,6,RES ELE,1991-05-05 00:00,1991-05-05 00:00,967.17,,FEET
SHA,D,6,RES ELE,1991-05-06 00:00,1991-05-06 00:00,966.81,,FEET
SHA,D,6,RES ELE,1991-05-07 00:00,1991-05-07 00:00,966.63,,FEET
SHA,D,6,RES ELE,1991-05-08 00:00,1991-05-08 00:00,966.48,,FEET
SHA,D,6,RES ELE,1991-05-09 00:00,1991-05-09 00:00,966.34,,FEET
SHA,D,6,RES ELE,1991-05-10 00:00,1991-05-10 00:00,,,FEET
SHA,D,6,RES ELE,1991-05-11 00:00,1991-05-11 00:00,,,FEET
SHA,D,6,RES ELE,1991-05-12 00:00,1991-05-12 00:00,965.68,,FEET
SHA,D,6,RES ELE,1991-05-13 00:00,1991-05-13 00:00,965.57,,FEET
SHA,D,6,RES ELE,1991-05-14 00:00,1991-05-14 00:00,965.23,,FEET
SHA,D,6,RES ELE,1991-05-15 00:00,1991-05-15 00:00,964.83,,FEET
SHA,D,6,RES ELE,1991-05-16 00:00,1991-05-16 00:00,964.26,,FEET
SHA,D,6,RES ELE,1991-05-17 00:00,1991-05-17 00:00,,,FEET
SHA,D,6,RES ELE,1991-05-18 00:00,1991-05-18 00:00,,,FEET
SHA,D,6,RES ELE,1991-05-19 00:00,1991-05-19 00:00,963.60,,FEET
SHA,D,6,RES ELE,1991-05-20 00:00,1991-05-20 00:00,963.44,,FEET
SHA,D,6,RES ELE,1991-05-21 00:00,1991-05-21 00:00,963.39,,FEET
SHA,D,6,RES ELE,1991-05-22 00:00,1991-05-22 00:00,963.57,,FEET
SHA,D,6,RES ELE,1991-05-23 00:00,1991-05-23 00:00,963.76,,FEET
SHA,D,6,RES ELE,1991-05-24 00:00,1991-05-24 00:00,,,FEET
SHA,D,6,RES ELE,1991-05-25 00:00,1991-05-25 00:00,,,FEET
SHA,D,6,RES ELE,1991-05-26 00:00,1991-05-26 00:00,,,FEET
SHA,D,6,RES ELE,1991-05-27 00:00,1991-05-27 00:00,963.36,,FEET
SHA,D,6,RES ELE,1991-05-28 00:00,1991-05-28 00:00,963.05,,FEET
SHA,D,6,RES ELE,1991-05-29 00:00,1991-05-29 00:00,962.81,,FEET
SHA,D,6,RES ELE,1991-05-30 00:00,1991-05-30 00:00,962.71,,FEET
SHA,D,6,RES ELE,1991-05-31 00:00,1991-05-31 00:00,,,FEET
SHA,D,6,RES ELE,1991-06-01 00:00,1991-06-01 00:00,,,FEET
SHA,D,6,RES ELE,1991-06-02 00:00,1991-06-02 00:00,961.31,,FEET
SHA,D,6,RES ELE,1991-06-03 00:00,1991-06-03 00:00,960.97,,FEET
SHA,D,6,RES ELE,1991-06-04 00:00,1991-06-04 00:00,960.51,,FEET
SHA,D,6,RES ELE,1991-06-05 00:00,1991-06-05 00:00,960.04,,FEET
SHA,D,6,RES ELE,1991-06-06 00:00,1991-06-06 00:00,959.76,,FEET
SHA,D,6,RES ELE,1991-06-07 00:00,1991-06-07 00:00,959.48,,FEET
SHA,D,6,RES ELE,1991-06-08 00:00,1991-06-08 00:00,,,FEET
SHA,D,6,RES ELE,1991-06-09 00:00,1991-06-09 00:00,958.17,,FEET
SHA,D,6,RES ELE,1991-06-10 00:00,1991-06-10 00:00,957.68,,FEET
SHA,D,6,RES ELE,1991-06-11 00:00,1991-06-11 00:00,957.24,,FEET
SHA,D,6,RES ELE,1991-06-12 00:00,1991-06-12 00:00,956.87,,FEET
SHA,D,6,RES ELE,1991-06-13 00:00,1991-06-13 00:00,956.40,,FEET
SHA,D,6,RES ELE,1991-06-14 00:00,1991-06-14 00:00,,,FEET
SHA,D,6,RES ELE,1991-06-15 00:00,1991-06-15 00:00,,,FEET
SHA,D,6,RES ELE,1991-06-16 00:00,1991-06-16 00:00,954.57,,FEET
SHA,D,6,RES ELE,1991-06-17 00:00,1991-06-17 00:00,954.03,,FEET
SHA,D,6,RES ELE,1991-06-18 00:00,1991-06-18 00:00,953.60,,FEET
SHA,D,6,RES ELE,1991-06-19 00:00,1991-06-19 00:00,953.00,,FEET
SHA,D,6,RES ELE,1991-06-20 00:00,1991-06-20 00:00,952.67,,FEET
SHA,D,6,RES ELE,1991-06-21 00:00,1991-06-21 00:00,952.08,,FEET
SHA,D,6,RES ELE,1991-06-22 00:00,1991-06-22 00:00,951.36,,FEET
SHA,D,6,RES ELE,1991-06-23 00:00,1991-06-23 00:00,950.47,,FEET
SHA,D,6,RES ELE,1991-06-24 00:00,1991-06-24 00:00,949.63,,FEET
SHA,D,6,RES ELE,1991-06-25 00:00,1991-06-25 00:00,949.44,,FEET
SHA,D,6,RES ELE,1991-06-26 00:00,1991-06-26 00:00,949.15,,FEET
SHA,D,6,RES ELE,1991-06-27 00:00,1991-06-27 00:00,948.67,,FEET
SHA,D,6,RES ELE,1991-06-28 00:00,1991-06-28 00:00,948.26,,FEET
SHA,D,6,RES ELE,1991-06-29 00:00,1991-06-29 00:00,947.60,,FEET
SHA,D,6,RES ELE,1991-06-30 00:00,1991-06-30 00:00,947.04,,FEET
SHA,D,6,RES ELE,1991-07-01 00:00,1991-07-01 00:00,946.42,,FEET
SHA,D,6,RES ELE,1991-07-02 00:00,1991-07-02 00:00,945.89,,FEET
SHA,D,6,RES ELE,1991-07-03 00:00,1991-07-03 00:00,,,FEET
SHA,D,6,RES ELE,1991-07-04 00:00,1991-07-04 00:00,944.84,,FEET
SHA,D,6,RES ELE,1991-07-05 00:00,1991-07-05 00:00,944.40,,FEET
SHA,D,6,RES ELE,1991-07-06 00:00,1991-07-06 00:00,,,FEET
SHA,D,6,RES ELE,1991-07-07 00:00,1991-07-07 00:00,943.18,,FEET
SHA,D,6,RES ELE,1991-07-08 00:00,1991-07-08 00:00,942.53,,FEET
SHA,D,6,RES ELE,1991-07-09 00:00,1991-07-09 00:00,941.99,,FEET
SHA,D,6,RES ELE,1991-07-10 00:00,1991-07-10 00:00,941.38,,FEET
SHA,D,6,RES ELE,1991-07-11 00:00,1991-07-11 00:00,940.89,,FEET
SHA,D,6,RES ELE,1991-07-12 00:00,1991-07-12 00:00,940.30,,FEET
SHA,D,6,RES ELE,1991-07-13 00:00,1991-07-13 00:00,939.46,,FEET
SHA,D,6,RES ELE,1991-07-14 00:00,1991-07-14 00:00,938.46,,FEET
SHA,D,6,RES ELE,1991-07-15 00:00,1991-07-15 00:00,938.10,,FEET
SHA,D,6,RES ELE,1991-07-16 00:00,1991-07-16 00:00,937.53,,FEET
SHA,D,6,RES ELE,1991-07-17 00:00,1991-07-17 00:00,937.10,,FEET
SHA,D,6,RES ELE,1991-07-18 00:00,1991-07-18 00:00,,,FEET
SHA,D,6,RES ELE,1991-07-19 00:00,1991-07-19 00:00,935.95,,FEET
SHA,D,6,RES ELE,1991-07-20 00:00,1991-07-20 00:00,,,FEET
SHA,D,6,RES ELE,1991-07-21 00:00,1991-07-21 00:00,934.42,,FEET
SHA,D,6,RES ELE,1991-07-22 00:00,1991-07-22 00:00,933.88,,FEET
SHA,D,6,RES ELE,1991-07-23 00:00,1991-07-23 00:00,933.17,,FEET
SHA,D,6,RES ELE,1991-07-24 00:00,1991-07-24 00:00,932.50,,FEET
SHA,D,6,RES ELE,1991-07-25 00:00,1991-07-25 00:00,931.88,,FEET
SHA,D,6,RES ELE,1991-07-26 00:00,1991-07-26 00:00,931.26,,FEET
SHA,D,6,RES ELE,1991-07-27 00:00,1991-07-27 00:00,930.52,,FEET
SHA,D,6,RES ELE,1991-07-28 00:00,1991-07-28 00:00,929.80,,FEET
SHA,D,6,RES ELE,1991-07-29 00:00,1991-07-29 00:00,929.29,,FEET
SHA,D,6,RES ELE,1991-07-30 00:00,1991-07-30 00:00,928.53,,FEET
SHA,D,6,RES ELE,1991-07-31 00:00,1991-07-31 00:00,927.76,,FEET
SHA,D,6,RES ELE,1991-08-01 00:00,1991-08-01 00:00,927.16,,FEET
SHA,D,6,RES ELE,1991-08-02 00:00,1991-08-02 00:00,926.67,,FEET
SHA,D,6,RES ELE,1991-08-03 00:00,1991-08-03 00:00,925.98,,FEET
SHA,D,6,RES ELE,1991-08-04 00:00,1991-08-04 00:00,925.06,,FEET
SHA,D,6,RES ELE,1991-08-05 00:00,1991-08-05 00:00,924.46,,FEET
SHA,D,6,RES ELE,1991-08-06 00:00,1991-08-06 00:00,923.82,,FEET
SHA,D,6,RES ELE,1991-08-07 00:00,1991-08-07 00:00,923.27,,FEET
SHA,D,6,RES ELE,1991-08-08 00:00,1991-08-08 00:00,922.57,,FEET
SHA,D,6,RES ELE,1991-08-09 00:00,1991-08-09 00:00,922.03,,FEET
SHA,D,6,RES ELE,1991-08-10 00:00,1991-08-10 00:00,921.96,,FEET
SHA,D,6,RES ELE,1991-08-11 00:00,1991-08-11 00:00,921.18,,FEET
SHA,D,6,RES ELE,1991-08-12 00:00,1991-08-12 00:00,920.38,,FEET
SHA,D,6,RES ELE,1991-08-13 00:00,1991-08-13 00:00,919.69,,FEET
SHA,D,6,RES ELE,1991-08-14 00:00,1991-08-14 00:00,918.86,,FEET
SHA,D,6,RES ELE,1991-08-15 00:00,1991-08-15 00:00,918.23,,FEET
SHA,D,6,RES ELE,1991-08-16 00:00,1991-08-16 00:00,917.78,,FEET
SHA,D,6,RES ELE,1991-08-17 00:00,1991-08-17 00:00,917.19,,FEET
SHA,D,6,RES ELE,1991-08-18 00:00,1991-08-18 00:00,916.49,,FEET
SHA,D,6,RES ELE,1991-08-19 00:00,1991-08-19 00:00,916.01,,FEET
SHA,D,6,RES ELE,1991-08-20 00:00,1991-08-20 00:00,915.72,,FEET
SHA,D,6,RES ELE,1991-08-21 00:00,1991-08-21 00:00,915.38,,FEET
SHA,D,6,RES ELE,1991-08-22 00:00,1991-08-22 00:00,915.01,,FEET
SHA,D,6,RES ELE,1991-08-23 00:00,1991-08-23 00:00,914.76,,FEET
SHA,D,6,RES ELE,1991-08-24 00:00,1991-08-24 00:00,914.50,,FEET
SHA,D,6,RES ELE,1991-08-25 00:00,1991-08-25 00:00,913.89,,FEET
SHA,D,6,RES ELE,1991-08-26 00:00,1991-08-26 00:00,913.50,,FEET
SHA,D,6,RES ELE,1991-08-27 00:00,1991-08-27 00:00,913.36,,FEET
SHA,D,6,RES ELE,1991-08-28 00:00,1991-08-28 00:00,913.25,,FEET
SHA,D,6,RES ELE,1991-08-29 00:00,1991-08-29 00:00,913.05,,FEET
SHA,D,6,RES ELE,1991-08-30 00:00,1991-08-30 00:00,913.00,,FEET
SHA,D,6,RES ELE,1991-08-31 00:00,1991-08-31 00:00,912.59,,FEET
SHA,D,6,RES ELE,1991-09-01 00:00,1991-09-01 00:00,912.28,,FEET
SHA,D,6,RES ELE,1991-09-02 00:00,1991-09-02 00:00,912.22,,FEET
SHA,D,6,RES ELE,1991-09-03 00:00,1991-09-03 00:00,912.11,,FEET
SHA,D,6,RES ELE,1991-09-04 00:00,1991-09-04 00:00,912.15,,FEET
SHA,D,6,RES ELE,1991-09-05 00:00,1991-09-05 00:00,912.20,,FEET
SHA,D,6,RES ELE,1991-09-06 00:00,1991-09-06 00:00,912.39,,FEET
SHA,D,6,RES ELE,1991-09-07 00:00,1991-09-07 00:00,912.15,,FEET
SHA,D,6,RES ELE,1991-09-08 00:00,1991-09-08 00:00,911.93,,FEET
SHA,D,6,RES ELE,1991-09-09 00:00,1991-09-09 00:00,911.96,,FEET
SHA,D,6,RES ELE,1991-09-10 00:00,1991-09-10 00:00,912.02,,FEET
SHA,D,6,RES ELE,1991-09-11 00:00,1991-09-11 00:00,912.13,,FEET
SHA,D,6,RES ELE,1991-09-12 00:00,1991-09-12 00:00,912.05,,FEET
SHA,D,6,RES ELE,1991-09-13 00:00,1991-09-13 00:00,912.07,,FEET
SHA,D,6,RES ELE,1991-09-14 00:00,1991-09-14 00:00,912.19,,FEET
SHA,D,6,RES ELE,1991-09-15 00:00,1991-09-15 00:00,912.02,,FEET
SHA,D,6,RES ELE,1991-09-16 00:00,1991-09-16 00:00,912.26,,FEET
SHA,D,6,RES ELE,1991-09-17 00:00,1991-09-17 00:00,912.20,,FEET
SHA,D,6,RES ELE,1991-09-18 00:00,1991-09-18 00:00,912.29,,FEET
SHA,D,6,RES ELE,1991-09-19 00:00,1991-09-19 00:00,912.37,,FEET
SHA,D,6,RES ELE,1991-09-20 00:00,1991-09-20 00:00,912.82,,FEET
SHA,D,6,RES ELE,1991-09-21 00:00,1991-09-21 00:00,912.78,,FEET
SHA,D,6,RES ELE,1991-09-22 00:00,1991-09-22 00:00,912.80,,FEET
SHA,D,6,RES ELE,1991-09-23 00:00,1991-09-23 00:00,912.62,,FEET
SHA,D,6,RES ELE,1991-09-24 00:00,1991-09-24 00:00,912.89,,FEET
SHA,D,6,RES ELE,1991-09-25 00:00,1991-09-25 00:00,913.16,,FEET
SHA,D,6,RES ELE,1991-09-26 00:00,1991-09-26 00:00,913.34,,FEET
SHA,D,6,RES ELE,1991-09-27 00:00,1991-09-27 00:00,913.42,,FEET
SHA,D,6,RES ELE,1991-09-28 00:00,1991-09-28 00:00,913.54,,FEET
SHA,D,6,RES ELE,1991-09-29 00:00,1991-09-29 00:00,913.51,,FEET
SHA,D,6,RES ELE,1991-09-30 00:00,1991-09-30 00:00,913.69,,FEET
SHA,D,6,RES ELE,1991-10-01 00:00,1991-10-01 00:00,914.10,,FEET
SHA,D,6,RES ELE,1991-10-02 00:00,1991-10-02 00:00,914.55,,FEET
SHA,D,6,RES ELE,1991-10-03 00:00,1991-10-03 00:00,914.73,,FEET
SHA,D,6,RES ELE,1991-10-04 00:00,1991-10-04 00:00,915.05,,FEET
SHA,D,6,RES ELE,1991-10-05 00:00,1991-10-05 00:00,915.00,,FEET
SHA,D,6,RES ELE,1991-10-06 00:00,1991-10-06 00:00,914.92,,FEET
SHA,D,6,RES ELE,1991-10-07 00:00,1991-10-07 00:00,915.05,,FEET
SHA,D,6,RES ELE,1991-10-08 00:00,1991-10-08 00:00,915.29,,FEET
SHA,D,6,RES ELE,1991-10-09 00:00,1991-10-09 00:00,915.54,,FEET
SHA,D,6,RES ELE,1991-10-10 00:00,1991-10-10 00:00,915.82,,FEET
SHA,D,6,RES ELE,1991-10-11 00:00,1991-10-11 00:00,915.93,,FEET
SHA,D,6,RES ELE,1991-10-12 00:00,1991-10-12 00:00,915.87,,FEET
SHA,D,6,RES ELE,1991-10-13 00:00,1991-10-13 00:00,915.69,,FEET
SHA,D,6,RES ELE,1991-10-14 00:00,1991-10-14 00:00,915.83,,FEET
SHA,D,6,RES ELE,1991-10-15 00:00,1991-10-15 00:00,915.90,,FEET
SHA,D,6,RES ELE,1991-10-16 00:00,1991-10-16 00:00,916.12,,FEET
SHA,D,6,RES ELE,1991-10-17 00:00,1991-10-17 00:00,916.13,,FEET
SHA,D,6,RES ELE,1991-10-18 00:00,1991-10-18 00:00,,,FEET
SHA,D,6,RES ELE,1991-10-19 00:00,1991-10-19 00:00,,,FEET
SHA,D,6,RES ELE,1991-10-20 00:00,1991-10-20 00:00,916.10,,FEET
SHA,D,6,RES ELE,1991-10-21 00:00,1991-10-21 00:00,916.20,,FEET
SHA,D,6,RES ELE,1991-10-22 00:00,1991-10-22 00:00,916.30,,FEET
SHA,D,6,RES ELE,1991-10-23 00:00,1991-10-23 00:00,916.43,,FEET
SHA,D,6,RES ELE,1991-10-24 00:00,1991-10-24 00:00,916.69,,FEET
SHA,D,6,RES ELE,1991-10-25 00:00,1991-10-25 00:00,917.14,,FEET
SHA,D,6,RES ELE,1991-10-26 00:00,1991-10-26 00:00,917.10,,FEET
SHA,D,6,RES ELE,1991-10-27 00:00,1991-10-27 00:00,916.94,,FEET
SHA,D,6,RES ELE,1991-10-28 00:00,1991-10-28 00:00,917.06,,FEET
SHA,D,6,RES ELE,1991-10-29 00:00,1991-10-29 00:00,917.21,,FEET
SHA,D,6,RES ELE,1991-10-30 00:00,1991-10-30 00:00,917.27,,FEET
SHA,D,6,RES ELE,1991-10-31 00:00,1991-10-31 00:00,917.18,,FEET
SHA,D,6,RES ELE,1991-11-01 00:00,1991-11-01 00:00,917.18,,FEET
SHA,D,6,RES ELE,1991-11-02 00:00,1991-11-02 00:00,917.19,,FEET
SHA,D,6,RES ELE,1991-11-03 00:00,1991-11-03 00:00,917.16,,FEET
SHA,D,6,RES ELE,1991-11-04 00:00,1991-11-04 00:00,917.17,,FEET
SHA,D,6,RES ELE,1991-11-05 00:00,1991-11-05 00:00,917.14,,FEET
SHA,D,6,RES ELE,1991-11-06 00:00,1991-11-06 00:00,917.16,,FEET
SHA,D,6,RES ELE,1991-11-07 00:00,1991-11-07 00:00,916.12,,FEET
SHA,D,6,RES ELE,1991-11-08 00:00,1991-11-08 00:00,916.11,,FEET
SHA,D,6,RES ELE,1991-11-09 00:00,1991-11-09 00:00,915.67,,FEET
SHA,D,6,RES ELE,1991-11-10 00:00,1991-11-10 00:00,915.30,,FEET
SHA,D,6,RES ELE,1991-11-11 00:00,1991-11-11 00:00,915.20,,FEET
SHA,D,6,RES ELE,1991-11-12 00:00,1991-11-12 00:00,915.09,,FEET
SHA,D,6,RES ELE,1991-11-13 00:00,1991-11-13 00:00,914.76,,FEET
SHA,D,6,RES ELE,1991-11-14 00:00,1991-11-14 00:00,914.62,,FEET
SHA,D,6,RES ELE,1991-11-15 00:00,1991-11-15 00:00,914.64,,FEET
SHA,D,6,RES ELE,1991-11-16 00:00,1991-11-16 00:00,914.28,,FEET
SHA,D,6,RES ELE,1991-11-17 00:00,1991-11-17 00:00,914.11,,FEET
SHA,D,6,RES ELE,1991-11-18 00:00,1991-11-18 00:00,914.16,,FEET
SHA,D,6,RES ELE,1991-11-19 00:00,1991-11-19 00:00,914.10,,FEET
SHA,D,6,RES ELE,1991-11-20 00:00,1991-11-20 00:00,914.16,,FEET
SHA,D,6,RES ELE,1991-11-21 00:00,1991-11-21 00:00,913.95,,FEET
SHA,D,6,RES ELE,1991-11-22 00:00,1991-11-22 00:00,,,FEET
SHA,D,6,RES ELE,1991-11-23 00:00,1991-11-23 00:00,,,FEET
SHA,D,6,RES ELE,1991-11-24 00:00,1991-11-24 00:00,913.20,,FEET
SHA,D,6,RES ELE,1991-11-25 00:00,1991-11-25 00:00,913.11,,FEET
SHA,D,6,RES ELE,1991-11-26 00:00,1991-11-26 00:00,913.21,,FEET
SHA,D,6,RES ELE,1991-11-27 00:00,1991-11-27 00:00,913.11,,FEET
SHA,D,6,RES ELE,1991-11-28 00:00,1991-11-28 00:00,912.72,,FEET
SHA,D,6,RES ELE,1991-11-29 00:00,1991-11-29 00:00,912.36,,FEET
SHA,D,6,RES ELE,1991-11-30 00:00,1991-11-30 00:00,912.14,,FEET
SHA,D,6,RES ELE,1991-12-01 00:00,1991-12-01 00:00,911.74,,FEET
SHA,D,6,RES ELE,1991-12-02 00:00,1991-12-02 00:00,911.76,,FEET
SHA,D,6,RES ELE,1991-12-03 00:00,1991-12-03 00:00,911.75,,FEET
SHA,D,6,RES ELE,1991-12-04 00:00,1991-12-04 00:00,911.78,,FEET
SHA,D,6,RES ELE,1991-12-05 00:00,1991-12-05 00:00,911.63,,FEET
SHA,D,6,RES ELE,1991-12-06 00:00,1991-12-06 00:00,911.70,,FEET
SHA,D,6,RES ELE,1991-12-07 00:00,1991-12-07 00:00,911.45,,FEET
SHA,D,6,RES ELE,1991-12-08 00:00,1991-12-08 00:00,911.16,,FEET
SHA,D,6,RES ELE,1991-12-09 00:00,1991-12-09 00:00,911.18,,FEET
SHA,D,6,RES ELE,1991-12-10 00:00,1991-12-10 00:00,911.18,,FEET
SHA,D,6,RES ELE,1991-12-11 00:00,1991-12-11 00:00,911.16,,FEET
SHA,D,6,RES ELE,1991-12-12 00:00,1991-12-12 00:00,911.18,,FEET
SHA,D,6,RES ELE,1991-12-13 00:00,1991-12-13 00:00,911.00,,FEET
SHA,D,6,RES ELE,1991-12-14 00:00,1991-12-14 00:00,910.65,,FEET
SHA,D,6,RES ELE,1991-12-15 00:00,1991-12-15 00:00,910.29,,FEET
SHA,D,6,RES ELE,1991-12-16 00:00,1991-12-16 00:00,910.27,,FEET
SHA,D,6,RES ELE,1991-12-17 00:00,1991-12-17 00:00,910.31,,FEET
SHA,D,6,RES ELE,1991-12-18 00:00,1991-12-18 00:00,910.49,,FEET
SHA,D,6,RES ELE,1991-12-19 00:00,1991-12-19 00:00,910.42,,FEET
SHA,D,6,RES ELE,1991-12-20 00:00,1991-12-20 00:00,910.34,,FEET
SHA,D,6,RES ELE,1991-12-21 00:00,1991-12-21 00:00,910.16,,FEET
SHA,D,6,RES ELE,1991-12-22 00:00,1991-12-22 00:00,909.91,,FEET
SHA,D,6,RES ELE,1991-12-23 00:00,1991-12-23 00:00,909.98,,FEET
SHA,D,6,RES ELE,1991-12-24 00:00,1991-12-24 00:00,909.88,,FEET
SHA,D,6,RES ELE,1991-12-25 00:00,1991-12-25 00:00,909.90,,FEET
SHA,D,6,RES ELE,1991-12-26 00:00,1991-12-26 00:00,909.98,,FEET
SHA,D,6,RES ELE,1991-12-27 00:00,1991-12-27 00:00,910.00,,FEET
SHA,D,6,RES ELE,1991-12-28 00:00,1991-12-28 00:00,910.26,,FEET
SHA,D,6,RES ELE,1991-12-29 00:00,1991-12-29 00:00,910.74,,FEET
SHA,D,6,RES ELE,1991-12-30 00:00,1991-12-30 00:00,910.65,,FEET
SHA,D,6,RES ELE,1991-12-31 00:00,1991-12-31 00:00,910.78,,FEET
SHA,D,6,RES ELE,1992-01-01 00:00,1992-01-01 00:00,911.14,,FEET
SHA,D,6,RES ELE,1992-01-02 00:00,1992-01-02 00:00,911.18,,FEET
SHA,D,6,RES ELE,1992-01-03 00:00,1992-01-03 00:00,911.28,,FEET
SHA,D,6,RES ELE,1992-01-04 00:00,1992-01-04 00:00,911.59,,FEET
SHA,D,6,RES ELE,1992-01-05 00:00,1992-01-05 00:00,912.14,,FEET
SHA,D,6,RES ELE,1992-01-06 00:00,1992-01-06 00:00,912.64,,FEET
SHA,D,6,RES ELE,1992-01-07 00:00,1992-01-07 00:00,913.06,,FEET
SHA,D,6,RES ELE,1992-01-08 00:00,1992-01-08 00:00,913.36,,FEET
SHA,D,6,RES ELE,1992-01-09 00:00,1992-01-09 00:00,913.47,,FEET
SHA,D,6,RES ELE,1992-01-10 00:00,1992-01-10 00:00,913.60,,FEET
SHA,D,6,RES ELE,1992-01-11 00:00,1992-01-11 00:00,913.46,,FEET
SHA,D,6,RES ELE,1992-01-12 00:00,1992-01-12 00:00,913.27,,FEET
SHA,D,6,RES ELE,1992-01-13 00:00,1992-01-13 00:00,913.48,,FEET
SHA,D,6,RES ELE,1992-01-14 00:00,1992-01-14 00:00,913.53,,FEET
SHA,D,6,RES ELE,1992-01-15 00:00,1992-01-15 00:00,913.65,,FEET
SHA,D,6,RES ELE,1992-01-16 00:00,1992-01-16 00:00,913.69,,FEET
SHA,D,6,RES ELE,1992-01-17 00:00,1992-01-17 00:00,913.90,,FEET
SHA,D,6,RES ELE,1992-01-18 00:00,1992-01-18 00:00,913.67,,FEET
SHA,D,6,RES ELE,1992-01-19 00:00,1992-01-19 00:00,913.47,,FEET
SHA,D,6,RES ELE,1992-01-20 00:00,1992-01-20 00:00,913.47,,FEET
SHA,D,6,RES ELE,1992-01-21 00:00,1992-01-21 00:00,913.56,,FEET
SHA,D,6,RES ELE,1992-01-22 00:00,1992-01-22 00:00,913.68,,FEET
SHA,D,6,RES ELE,1992-01-23 00:00,1992-01-23 00:00,913.84,,FEET
SHA,D,6,RES ELE,1992-01-24 00:00,1992-01-24 00:00,913.74,,FEET
SHA,D,6,RES ELE,1992-01-25 00:00,1992-01-25 00:00,913.64,,FEET
SHA,D,6,RES ELE,1992-01-26 00:00,1992-01-26 00:00,913.42,,FEET
SHA,D,6,RES ELE,1992-01-27 00:00,1992-01-27 00:00,913.54,,FEET
SHA,D,6,RES ELE,1992-01-28 00:00,1992-01-28 00:00,913.77,,FEET
SHA,D,6,RES ELE,1992-01-29 00:00,1992-01-29 00:00,913.69,,FEET
SHA,D,6,RES ELE,1992-01-30 00:00,1992-01-30 00:00,913.73,,FEET
SHA,D,6,RES ELE,1992-01-31 00:00,1992-01-31 00:00,913.92,,FEET
SHA,D,6,RES ELE,1992-02-01 00:00,1992-02-01 00:00,913.80,,FEET
SHA,D,6,RES ELE,1992-02-02 00:00,1992-02-02 00:00,913.68,,FEET
SHA,D,6,RES ELE,1992-02-03 00:00,1992-02-03 00:00,913.89,,FEET
SHA,D,6,RES ELE,1992-02-04 00:00,1992-02-04 00:00,913.97,,FEET
SHA,D,6,RES ELE,1992-02-05 00:00,1992-02-05 00:00,914.37,,FEET
SHA,D,6,RES ELE,1992-02-06 00:00,1992-02-06 00:00,914.27,,FEET
SHA,D,6,RES ELE,1992-02-07 00:00,1992-02-07 00:00,914.25,,FEET
SHA,D,6,RES ELE,1992-02-08 00:00,1992-02-08 00:00,914.25,,FEET
SHA,D,6,RES ELE,1992-02-09 00:00,1992-02-09 00:00,914.54,,FEET
SHA,D,6,RES ELE,1992-02-10 00:00,1992-02-10 00:00,915.86,,FEET
SHA,D,6,RES ELE,1992-02-11 00:00,1992-02-11 00:00,918.57,,FEET
SHA,D,6,RES ELE,1992-02-12 00:00,1992-02-12 00:00,922.07,,FEET
SHA,D,6,RES ELE,1992-02-13 00:00,1992-02-13 00:00,924.69,,FEET
SHA,D,6,RES ELE,1992-02-14 00:00,1992-02-14 00:00,927.71,,FEET
SHA,D,6,RES ELE,1992-02-15 00:00,1992-02-15 00:00,930.79,,FEET
SHA,D,6,RES ELE,1992-02-16 00:00,1992-02-16 00:00,933.12,,FEET
SHA,D,6,RES ELE,1992-02-17 00:00,1992-02-17 00:00,935.17,,FEET
SHA,D,6,RES ELE,1992-02-18 00:00,1992-02-18 00:00,936.97,,FEET
SHA,D,6,RES ELE,1992-02-19 00:00,1992-02-19 00:00,940.08,,FEET
SHA,D,6,RES ELE,1992-02-20 00:00,1992-02-20 00:00,944.15,,FEET
SHA,D,6,RES ELE,1992-02-21 00:00,1992-02-21 00:00,947.04,,FEET
SHA,D,6,RES ELE,1992-02-22 00:00,1992-02-22 00:00,,,FEET
SHA,D,6,RES ELE,1992-02-23 00:00,1992-02-23 00:00,950.64,,FEET
SHA,D,6,RES ELE,1992-02-24 00:00,1992-02-24 00:00,951.49,,FEET
SHA,D,6,RES ELE,1992-02-25 00:00,1992-02-25 00:00,952.10,,FEET
SHA,D,6,RES ELE,1992-02-26 00:00,1992-02-26 00:00,952.82,,FEET
SHA,D,6,RES ELE,1992-02-27 00:00,1992-02-27 00:00,953.67,,FEET
SHA,D,6,RES ELE,1992-02-28 00:00,1992-02-28 00:00,954.61,,FEET
SHA,D,6,RES ELE,1992-02-29 00:00,1992-02-29 00:00,,,FEET
SHA,D,6,RES ELE,1992-03-01 00:00,1992-03-01 00:00,956.18,,FEET
SHA,D,6,RES ELE,1992-03-02 00:00,1992-03-02 00:00,956.77,,FEET
SHA,D,6,RES ELE,1992-03-03 00:00,1992-03-03 00:00,957.38,,FEET
SHA,D,6,RES ELE,1992-03-04 00:00,1992-03-04 00:00,958.03,,FEET
SHA,D,6,RES ELE,1992-03-05 00:00,1992-03-05 00:00,959.46,,FEET
SHA,D,6,RES ELE,1992-03-06 00:00,1992-03-06 00:00,960.39,,FEET
SHA,D,6,RES ELE,1992-03-07 00:00,1992-03-07 00:00,,,FEET
SHA,D,6,RES ELE,1992-03-08 00:00,1992-03-08 00:00,961.91,,FEET
SHA,D,6,RES ELE,1992-03-09 00:00,1992-03-09 00:00,962.72,,FEET
SHA,D,6,RES ELE,1992-03-10 00:00,1992-03-10 00:00,963.46,,FEET
SHA,D,6,RES ELE,1992-03-11 00:00,1992-03-11 00:00,963.98,,FEET
SHA,D,6,RES ELE,1992-03-12 00:00,1992-03-12 00:00,964.76,,FEET
SHA,D,6,RES ELE,1992-03-13 00:00,1992-03-13 00:00,965.28,,FEET
SHA,D,6,RES ELE,1992-03-14 00:00,1992-03-14 00:00,965.82,,FEET
SHA,D,6,RES ELE,1992-03-15 00:00,1992-03-15 00:00,967.34,,FEET
SHA,D,6,RES ELE,1992-03-16 00:00,1992-03-16 00:00,968.35,,FEET
SHA,D,6,RES ELE,1992-03-17 00:00,1992-03-17 00:00,969.33,,FEET
SHA,D,6,RES ELE,1992-03-18 00:00,1992-03-18 00:00,970.41,,FEET
SHA,D,6,RES ELE,1992-03-19 00:00,1992-03-19 00:00,971.49,,FEET
SHA,D,6,RES ELE,1992-03-20 00:00,1992-03-20 00:00,972.32,,FEET
SHA,D,6,RES ELE,1992-03-21 00:00,1992-03-21 00:00,973.08,,FEET
SHA,D,6,RES ELE,1992-03-22 00:00,1992-03-22 00:00,973.79,,FEET
SHA,D,6,RES ELE,1992-03-23 00:00,1992-03-23 00:00,974.63,,FEET
SHA,D,6,RES ELE,1992-03-24 00:00,1992-03-24 00:00,975.18,,FEET
SHA,D,6,RES ELE,1992-03-25 00:00,1992-03-25 00:00,975.84,,FEET
SHA,D,6,RES ELE,1992-03-26 00:00,1992-03-26 00:00,976.28,,FEET
SHA,D,6,RES ELE,1992-03-27 00:00,1992-03-27 00:00,976.79,,FEET
SHA,D,6,RES ELE,1992-03-28 00:00,1992-03-28 00:00,977.46,,FEET
SHA,D,6,RES ELE,1992-03-29 00:00,1992-03-29 00:00,977.78,,FEET
SHA,D,6,RES ELE,1992-03-30 00:00,1992-03-30 00:00,978.24,,FEET
SHA,D,6,RES ELE,1992-03-31 00:00,1992-03-31 00:00,978.58,,FEET
SHA,D,6,RES ELE,1992-04-01 00:00,1992-04-01 00:00,979.02,,FEET
SHA,D,6,RES ELE,1992-04-02 00:00,1992-04-02 00:00,979.30,,FEET
SHA,D,6,RES ELE,1992-04-03 00:00,1992-04-03 00:00,979.75,,FEET
SHA,D,6,RES ELE,1992-04-04 00:00,1992-04-04 00:00,980.02,,FEET
SHA,D,6,RES ELE,1992-04-05 00:00,1992-04-05 00:00,980.30,,FEET
SHA,D,6,RES ELE,1992-04-06 00:00,1992-04-06 00:00,980.63,,FEET
SHA,D,6,RES ELE,1992-04-07 00:00,1992-04-07 00:00,981.01,,FEET
SHA,D,6,RES ELE,1992-04-08 00:00,1992-04-08 00:00,981.26,,FEET
SHA,D,6,RES ELE,1992-04-09 00:00,1992-04-09 00:00,981.51,,FEET
SHA,D,6,RES ELE,1992-04-10 00:00,1992-04-10 00:00,981.87,,FEET
SHA,D,6,RES ELE,1992-04-11 00:00,1992-04-11 00:00,982.13,,FEET
SHA,D,6,RES ELE,1992-04-12 00:00,1992-04-12 00:00,982.93,,FEET
SHA,D,6,RES ELE,1992-04-13 00:00,1992-04-13 00:00,983.84,,FEET
SHA,D,6,RES ELE,1992-04-14 00:00,1992-04-14 00:00,984.58,,FEET
SHA,D,6,RES ELE,1992-04-15 00:00,1992-04-15 00:00,985.32,,FEET
SHA,D,6,RES ELE,1992-04-16 00:00,1992-04-16 00:00,986.16,,FEET
SHA,D,6,RES ELE,1992-04-17 00:00,1992-04-17 00:00,987.24,,FEET
SHA,D,6,RES ELE,1992-04-18 00:00,1992-04-18 00:00,988.09,,FEET
SHA,D,6,RES ELE,1992-04-19 00:00,1992-04-19 00:00,988.61,,FEET
SHA,D,6,RES ELE,1992-04-20 00:00,1992-04-20 00:00,989.46,,FEET
SHA,D,6,RES ELE,1992-04-21 00:00,1992-04-21 00:00,989.93,,FEET
SHA,D,6,RES ELE,1992-04-22 00:00,1992-04-22 00:00,990.48,,FEET
SHA,D,6,RES ELE,1992-04-23 00:00,1992-04-23 00:00,990.97,,FEET
SHA,D,6,RES ELE,1992-04-24 00:00,1992-04-24 00:00,991.29,,FEET
SHA,D,6,RES ELE,1992-04-25 00:00,1992-04-25 00:00,991.61,,FEET
SHA,D,6,RES ELE,1992-04-26 00:00,1992-04-26 00:00,991.79,,FEET
SHA,D,6,RES ELE,1992-04-27 00:00,1992-04-27 00:00,992.01,,FEET
SHA,D,6,RES ELE,1992-04-28 00:00,1992-04-28 00:00,992.35,,FEET
SHA,D,6,RES ELE,1992-04-29 00:00,1992-04-29 00:00,992.57,,FEET
SHA,D,6,RES ELE,1992-04-30 00:00,1992-04-30 00:00,992.62,,FEET
SHA,D,6,RES ELE,1992-05-01 00:00,1992-05-01 00:00,992.53,,FEET
SHA,D,6,RES ELE,1992-05-02 00:00,1992-05-02 00:00,992.43,,FEET
SHA,D,6,RES ELE,1992-05-03 00:00,1992-05-03 00:00,992.18,,FEET
SHA,D,6,RES ELE,1992-05-04 00:00,1992-05-04 00:00,992.34,,FEET
SHA,D,6,RES ELE,1992-05-05 00:00,1992-05-05 00:00,992.41,,FEET
SHA,D,6,RES ELE,1992-05-06 00:00,1992-05-06 00:00,992.47,,FEET
SHA,D,6,RES ELE,1992-05-07 00:00,1992-05-07 00:00,992.50,,FEET
SHA,D,6,RES ELE,1992-05-08 00:00,1992-05-08 00:00,992.43,,FEET
SHA,D,6,RES ELE,1992-05-09 00:00,1992-05-09 00:00,992.34,,FEET
SHA,D,6,RES ELE,1992-05-10 00:00,1992-05-10 00:00,992.09,,FEET
SHA,D,6,RES ELE,1992-05-11 00:00,1992-05-11 00:00,992.10,,FEET
SHA,D,6,RES ELE,1992-05-12 00:00,1992-05-12 00:00,991.96,,FEET
SHA,D,6,RES ELE,1992-05-13 00:00,1992-05-13 00:00,991.84,,FEET
SHA,D,6,RES ELE,1992-05-14 00:00,1992-05-14 00:00,991.81,,FEET
SHA,D,6,RES ELE,1992-05-15 00:00,1992-05-15 00:00,991.63,,FEET
SHA,D,6,RES ELE,1992-05-16 00:00,1992-05-16 00:00,991.47,,FEET
SHA,D,6,RES ELE,1992-05-17 00:00,1992-05-17 00:00,991.20,,FEET
SHA,D,6,RES ELE,1992-05-18 00:00,1992-05-18 00:00,990.95,,FEET
SHA,D,6,RES ELE,1992-05-19 00:00,1992-05-19 00:00,990.79,,FEET
SHA,D,6,RES ELE,1992-05-20 00:00,1992-05-20 00:00,990.82,,FEET
SHA,D,6,RES ELE,1992-05-21 00:00,1992-05-21 00:00,990.72,,FEET
SHA,D,6,RES ELE,1992-05-22 00:00,1992-05-22 00:00,990.48,,FEET
SHA,D,6,RES ELE,1992-05-23 00:00,1992-05-23 00:00,990.22,,FEET
SHA,D,6,RES ELE,1992-05-24 00:00,1992-05-24 00:00,989.91,,FEET
SHA,D,6,RES ELE,1992-05-25 00:00,1992-05-25 00:00,989.72,,FEET
SHA,D,6,RES ELE,1992-05-26 00:00,1992-05-26 00:00,989.61,,FEET
SHA,D,6,RES ELE,1992-05-27 00:00,1992-05-27 00:00,989.40,,FEET
SHA,D,6,RES ELE,1992-05-28 00:00,1992-05-28 00:00,989.14,,FEET
SHA,D,6,RES ELE,1992-05-29 00:00,1992-05-29 00:00,989.04,,FEET
SHA,D,6,RES ELE,1992-05-30 00:00,1992-05-30 00:00,988.81,,FEET
SHA,D,6,RES ELE,1992-05-31 00:00,1992-05-31 00:00,988.53,,FEET
SHA,D,6,RES ELE,1992-06-01 00:00,1992-06-01 00:00,988.47,,FEET
SHA,D,6,RES ELE,1992-06-02 00:00,1992-06-02 00:00,988.42,,FEET
SHA,D,6,RES ELE,1992-06-03 00:00,1992-06-03 00:00,,,FEET
SHA,D,6,RES ELE,1992-06-04 00:00,1992-06-04 00:00,987.90,,FEET
SHA,D,6,RES ELE,1992-06-05 00:00,1992-06-05 00:00,987.58,,FEET
SHA,D,6,RES ELE,1992-06-06 00:00,1992-06-06 00:00,987.10,,FEET
SHA,D,6,RES ELE,1992-06-07 00:00,1992-06-07 00:00,986.67,,FEET
SHA,D,6,RES ELE,1992-06-08 00:00,1992-06-08 00:00,986.49,,FEET
SHA,D,6,RES ELE,1992-06-09 00:00,1992-06-09 00:00,986.33,,FEET
SHA,D,6,RES ELE,1992-06-10 00:00,1992-06-10 00:00,986.05,,FEET
SHA,D,6,RES ELE,1992-06-11 00:00,1992-06-11 00:00,985.64,,FEET
SHA,D,6,RES ELE,1992-06-12 00:00,1992-06-12 00:00,985.22,,FEET
SHA,D,6,RES ELE,1992-06-13 00:00,1992-06-13 00:00,984.63,,FEET
SHA,D,6,RES ELE,1992-06-14 00:00,1992-06-14 00:00,984.04,,FEET
SHA,D,6,RES ELE,1992-06-15 00:00,1992-06-15 00:00,983.72,,FEET
SHA,D,6,RES ELE,1992-06-16 00:00,1992-06-16 00:00,983.41,,FEET
SHA,D,6,RES ELE,1992-06-17 00:00,1992-06-17 00:00,983.06,,FEET
SHA,D,6,RES ELE,1992-06-18 00:00,1992-06-18 00:00,982.73,,FEET
SHA,D,6,RES ELE,1992-06-19 00:00,1992-06-19 00:00,982.65,,FEET
SHA,D,6,RES ELE,1992-06-20 00:00,1992-06-20 00:00,982.46,,FEET
SHA,D,6,RES ELE,1992-06-21 00:00,1992-06-21 00:00,981.98,,FEET
SHA,D,6,RES ELE,1992-06-22 00:00,1992-06-22 00:00,981.69,,FEET
SHA,D,6,RES ELE,1992-06-23 00:00,1992-06-23 00:00,981.32,,FEET
SHA,D,6,RES ELE,1992-06-24 00:00,1992-06-24 00:00,981.14,,FEET
SHA,D,6,RES ELE,1992-06-25 00:00,1992-06-25 00:00,980.72,,FEET
SHA,D,6,RES ELE,1992-06-26 00:00,1992-06-26 00:00,980.48,,FEET
SHA,D,6,RES ELE,1992-06-27 00:00,1992-06-27 00:00,979.91,,FEET
SHA,D,6,RES ELE,1992-06-28 00:00,1992-06-28 00:00,979.53,,FEET
SHA,D,6,RES ELE,1992-06-29 00:00,1992-06-29 00:00,979.59,,FEET
SHA,D,6,RES ELE,1992-06-30 00:00,1992-06-30 00:00,979.75,,FEET
SHA,D,6,RES ELE,1992-07-01 00:00,1992-07-01 00:00,979.78,,FEET
SHA,D,6,RES ELE,1992-07-02 00:00,1992-07-02 00:00,979.80,,FEET
SHA,D,6,RES ELE,1992-07-03 00:00,1992-07-03 00:00,979.48,,FEET
SHA,D,6,RES ELE,1992-07-04 00:00,1992-07-04 00:00,979.12,,FEET
SHA,D,6,RES ELE,1992-07-05 00:00,1992-07-05 00:00,978.70,,FEET
SHA,D,6,RES ELE,1992-07-06 00:00,1992-07-06 00:00,978.38,,FEET
SHA,D,6,RES ELE,1992-07-07 00:00,1992-07-07 00:00,978.18,,FEET
SHA,D,6,RES ELE,1992-07-08 00:00,1992-07-08 00:00,977.93,,FEET
SHA,D,6,RES ELE,1992-07-09 00:00,1992-07-09 00:00,977.60,,FEET
SHA,D,6,RES ELE,1992-07-10 00:00,1992-07-10 00:00,977.26,,FEET
SHA,D,6,RES ELE,1992-07-11 00:00,1992-07-11 00:00,976.73,,FEET
SHA,D,6,RES ELE,1992-07-12 00:00,1992-07-12 00:00,976.07,,FEET
SHA,D,6,RES ELE,1992-07-13 00:00,1992-07-13 00:00,975.74,,FEET
SHA,D,6,RES ELE,1992-07-14 00:00,1992-07-14 00:00,975.45,,FEET
SHA,D,6,RES ELE,1992-07-15 00:00,1992-07-15 00:00,975.05,,FEET
SHA,D,6,RES ELE,1992-07-16 00:00,1992-07-16 00:00,974.89,,FEET
SHA,D,6,RES ELE,1992-07-17 00:00,1992-07-17 00:00,974.55,,FEET
SHA,D,6,RES ELE,1992-07-18 00:00,1992-07-18 00:00,973.85,,FEET
SHA,D,6,RES ELE,1992-07-19 00:00,1992-07-19 00:00,973.16,,FEET
SHA,D,6,RES ELE,1992-07-20 00:00,1992-07-20 00:00,972.68,,FEET
SHA,D,6,RES ELE,1992-07-21 00:00,1992-07-21 00:00,972.37,,FEET
SHA,D,6,RES ELE,1992-07-22 00:00,1992-07-22 00:00,972.02,,FEET
SHA,D,6,RES ELE,1992-07-23 00:00,1992-07-23 00:00,971.57,,FEET
SHA,D,6,RES ELE,1992-07-24 00:00,1992-07-24 00:00,971.26,,FEET
SHA,D,6,RES ELE,1992-07-25 00:00,1992-07-25 00:00,970.69,,FEET
SHA,D,6,RES ELE,1992-07-26 00:00,1992-07-26 00:00,970.11,,FEET
SHA,D,6,RES ELE,1992-07-27 00:00,1992-07-27 00:00,969.64,,FEET
SHA,D,6,RES ELE,1992-07-28 00:00,1992-07-28 00:00,969.17,,FEET
SHA,D,6,RES ELE,1992-07-29 00:00,1992-07-29 00:00,968.74,,FEET
SHA,D,6,RES ELE,1992-07-30 00:00,1992-07-30 00:00,968.42,,FEET
SHA,D,6,RES ELE,1992-07-31 00:00,1992-07-31 00:00,968.08,,FEET
SHA,D,6,RES ELE,1992-08-01 00:00,1992-08-01 00:00,967.48,,FEET
SHA,D,6,RES ELE,1992-08-02 00:00,1992-08-02 00:00,966.82,,FEET
SHA,D,6,RES ELE,1992-08-03 00:00,1992-08-03 00:00,966.47,,FEET
SHA,D,6,RES ELE,1992-08-04 00:00,1992-08-04 00:00,966.11,,FEET
SHA,D,6,RES ELE,1992-08-05 00:00,1992-08-05 00:00,965.71,,FEET
SHA,D,6,RES ELE,1992-08-06 00:00,1992-08-06 00:00,965.25,,FEET
SHA,D,6,RES ELE,1992-08-07 00:00,1992-08-07 00:00,964.84,,FEET
SHA,D,6,RES ELE,1992-08-08 00:00,1992-08-08 00:00,964.18,,FEET
SHA,D,6,RES ELE,1992-08-09 00:00,1992-08-09 00:00,963.56,,FEET
SHA,D,6,RES ELE,1992-08-10 00:00,1992-08-10 00:00,963.04,,FEET
SHA,D,6,RES ELE,1992-08-11 00:00,1992-08-11 00:00,962.58,,FEET
SHA,D,6,RES ELE,1992-08-12 00:00,1992-08-12 00:00,962.14,,FEET
SHA,D,6,RES ELE,1992-08-13 00:00,1992-08-13 00:00,961.67,,FEET
SHA,D,6,RES ELE,1992-08-14 00:00,1992-08-14 00:00,960.85,,FEET
SHA,D,6,RES ELE,1992-08-15 00:00,1992-08-15 00:00,960.22,,FEET
SHA,D,6,RES ELE,1992-08-16 00:00,1992-08-16 00:00,959.53,,FEET
SHA,D,6,RES ELE,1992-08-17 00:00,1992-08-17 00:00,959.01,,FEET
SHA,D,6,RES ELE,1992-08-18 00:00,1992-08-18 00:00,958.52,,FEET
SHA,D,6,RES ELE,1992-08-19 00:00,1992-08-19 00:00,957.99,,FEET
SHA,D,6,RES ELE,1992-08-20 00:00,1992-08-20 00:00,957.33,,FEET
SHA,D,6,RES ELE,1992-08-21 00:00,1992-08-21 00:00,,,FEET
SHA,D,6,RES ELE,1992-08-22 00:00,1992-08-22 00:00,955.88,,FEET
SHA,D,6,RES ELE,1992-08-23 00:00,1992-08-23 00:00,955.10,,FEET
SHA,D,6,RES ELE,1992-08-24 00:00,1992-08-24 00:00,954.36,,FEET
SHA,D,6,RES ELE,1992-08-25 00:00,1992-08-25 00:00,953.80,,FEET
SHA,D,6,RES ELE,1992-08-26 00:00,1992-08-26 00:00,953.18,,FEET
SHA,D,6,RES ELE,1992-08-27 00:00,1992-08-27 00:00,952.68,,FEET
SHA,D,6,RES ELE,1992-08-28 00:00,1992-08-28 00:00,,,FEET
SHA,D,6,RES ELE,1992-08-29 00:00,1992-08-29 00:00,951.34,,FEET
SHA,D,6,RES ELE,1992-08-30 00:00,1992-08-30 00:00,950.90,,FEET
SHA,D,6,RES ELE,1992-08-31 00:00,1992-08-31 00:00,950.48,,FEET
SHA,D,6,RES ELE,1992-09-01 00:00,1992-09-01 00:00,950.15,,FEET
SHA,D,6,RES ELE,1992-09-02 00:00,1992-09-02 00:00,949.65,,FEET
SHA,D,6,RES ELE,1992-09-03 00:00,1992-09-03 00:00,949.38,,FEET
SHA,D,6,RES ELE,1992-09-04 00:00,1992-09-04 00:00,949.28,,FEET
SHA,D,6,RES ELE,1992-09-05 00:00,1992-09-05 00:00,948.81,,FEET
SHA,D,6,RES ELE,1992-09-06 00:00,1992-09-06 00:00,948.16,,FEET
SHA,D,6,RES ELE,1992-09-07 00:00,1992-09-07 00:00,947.75,,FEET
SHA,D,6,RES ELE,1992-09-08 00:00,1992-09-08 00:00,947.31,,FEET
SHA,D,6,RES ELE,1992-09-09 00:00,1992-09-09 00:00,946.92,,FEET
SHA,D,6,RES ELE,1992-09-10 00:00,1992-09-10 00:00,946.59,,FEET
SHA,D,6,RES ELE,1992-09-11 00:00,1992-09-11 00:00,946.20,,FEET
SHA,D,6,RES ELE,1992-09-12 00:00,1992-09-12 00:00,945.63,,FEET
SHA,D,6,RES ELE,1992-09-13 00:00,1992-09-13 00:00,944.93,,FEET
SHA,D,6,RES ELE,1992-09-14 00:00,1992-09-14 00:00,944.40,,FEET
SHA,D,6,RES ELE,1992-09-15 00:00,1992-09-15 00:00,944.11,,FEET
SHA,D,6,RES ELE,1992-09-16 00:00,1992-09-16 00:00,943.79,,FEET
SHA,D,6,RES ELE,1992-09-17 00:00,1992-09-17 00:00,943.32,,FEET
SHA,D,6,RES ELE,1992-09-18 00:00,1992-09-18 00:00,942.93,,FEET
SHA,D,6,RES ELE,1992-09-19 00:00,1992-09-19 00:00,942.43,,FEET
SHA,D,6,RES ELE,1992-09-20 00:00,1992-09-20 00:00,941.80,,FEET
SHA,D,6,RES ELE,1992-09-21 00:00,1992-09-21 00:00,941.33,,FEET
SHA,D,6,RES ELE,1992-09-22 00:00,1992-09-22 00:00,941.06,,FEET
SHA,D,6,RES ELE,1992-09-23 00:00,1992-09-23 00:00,940.76,,FEET
SHA,D,6,RES ELE,1992-09-24 00:00,1992-09-24 00:00,940.28,,FEET
SHA,D,6,RES ELE,1992-09-25 00:00,1992-09-25 00:00,939.80,,FEET
SHA,D,6,RES ELE,1992-09-26 00:00,1992-09-26 00:00,,,FEET
SHA,D,6,RES ELE,1992-09-27 00:00,1992-09-27 00:00,938.68,,FEET
SHA,D,6,RES ELE,1992-09-28 00:00,1992-09-28 00:00,938.43,,FEET
SHA,D,6,RES ELE,1992-09-29 00:00,1992-09-29 00:00,938.02,,FEET
SHA,D,6,RES ELE,1992-09-30 00:00,1992-09-30 00:00,937.80,,FEET
SHA,D,6,RES ELE,1992-10-01 00:00,1992-10-01 00:00,937.53,,FEET
SHA,D,6,RES ELE,1992-10-02 00:00,1992-10-02 00:00,937.18,,FEET
SHA,D,6,RES ELE,1992-10-03 00:00,1992-10-03 00:00,936.83,,FEET
SHA,D,6,RES ELE,1992-10-04 00:00,1992-10-04 00:00,936.38,,FEET
SHA,D,6,RES ELE,1992-10-05 00:00,1992-10-05 00:00,936.18,,FEET
SHA,D,6,RES ELE,1992-10-06 00:00,1992-10-06 00:00,936.00,,FEET
SHA,D,6,RES ELE,1992-10-07 00:00,1992-10-07 00:00,935.94,,FEET
SHA,D,6,RES ELE,1992-10-08 00:00,1992-10-08 00:00,936.01,,FEET
SHA,D,6,RES ELE,1992-10-09 00:00,1992-10-09 00:00,936.12,,FEET
SHA,D,6,RES ELE,1992-10-10 00:00,1992-10-10 00:00,936.13,,FEET
SHA,D,6,RES ELE,1992-10-11 00:00,1992-10-11 00:00,935.98,,FEET
SHA,D,6,RES ELE,1992-10-12 00:00,1992-10-12 00:00,936.06,,FEET
SHA,D,6,RES ELE,1992-10-13 00:00,1992-10-13 00:00,935.98,,FEET
SHA,D,6,RES ELE,1992-10-14 00:00,1992-10-14 00:00,935.85,,FEET
SHA,D,6,RES ELE,1992-10-15 00:00,1992-10-15 00:00,935.72,,FEET
SHA,D,6,RES ELE,1992-10-16 00:00,1992-10-16 00:00,935.82,,FEET
SHA,D,6,RES ELE,1992-10-17 00:00,1992-10-17 00:00,935.75,,FEET
SHA,D,6,RES ELE,1992-10-18 00:00,1992-10-18 00:00,935.73,,FEET
SHA,D,6,RES ELE,1992-10-19 00:00,1992-10-19 00:00,935.63,,FEET
SHA,D,6,RES ELE,1992-10-20 00:00,1992-10-20 00:00,935.67,,FEET
SHA,D,6,RES ELE,1992-10-21 00:00,1992-10-21 00:00,935.56,,FEET
SHA,D,6,RES ELE,1992-10-22 00:00,1992-10-22 00:00,935.38,,FEET
SHA,D,6,RES ELE,1992-10-23 00:00,1992-10-23 00:00,935.48,,FEET
SHA,D,6,RES ELE,1992-10-24 00:00,1992-10-24 00:00,935.54,,FEET
SHA,D,6,RES ELE,1992-10-25 00:00,1992-10-25 00:00,935.83,,FEET
SHA,D,6,RES ELE,1992-10-26 00:00,1992-10-26 00:00,935.88,,FEET
SHA,D,6,RES ELE,1992-10-27 00:00,1992-10-27 00:00,936.02,,FEET
SHA,D,6,RES ELE,1992-10-28 00:00,1992-10-28 00:00,936.29,,FEET
SHA,D,6,RES ELE,1992-10-29 00:00,1992-10-29 00:00,937.26,,FEET
SHA,D,6,RES ELE,1992-10-30 00:00,1992-10-30 00:00,938.42,,FEET
SHA,D,6,RES ELE,1992-10-31 00:00,1992-10-31 00:00,938.86,,FEET
SHA,D,6,RES ELE,1992-11-01 00:00,1992-11-01 00:00,939.63,,FEET
SHA,D,6,RES ELE,1992-11-02 00:00,1992-11-02 00:00,940.21,,FEET
SHA,D,6,RES ELE,1992-11-03 00:00,1992-11-03 00:00,940.72,,FEET
SHA,D,6,RES ELE,1992-11-04 00:00,1992-11-04 00:00,941.10,,FEET
SHA,D,6,RES ELE,1992-11-05 00:00,1992-11-05 00:00,941.54,,FEET
SHA,D,6,RES ELE,1992-11-06 00:00,1992-11-06 00:00,942.01,,FEET
SHA,D,6,RES ELE,1992-11-07 00:00,1992-11-07 00:00,942.28,,FEET
SHA,D,6,RES ELE,1992-11-08 00:00,1992-11-08 00:00,942.45,,FEET
SHA,D,6,RES ELE,1992-11-09 00:00,1992-11-09 00:00,942.90,,FEET
SHA,D,6,RES ELE,1992-11-10 00:00,1992-11-10 00:00,943.26,,FEET
SHA,D,6,RES ELE,1992-11-11 00:00,1992-11-11 00:00,943.64,,FEET
SHA,D,6,RES ELE,1992-11-12 00:00,1992-11-12 00:00,943.86,,FEET
SHA,D,6,RES ELE,1992-11-13 00:00,1992-11-13 00:00,944.03,,FEET
SHA,D,6,RES ELE,1992-11-14 00:00,1992-11-14 00:00,944.13,,FEET
SHA,D,6,RES ELE,1992-11-15 00:00,1992-11-15 00:00,944.44,,FEET
SHA,D,6,RES ELE,1992-11-16 00:00,1992-11-16 00:00,944.88,,FEET
SHA,D,6,RES ELE,1992-11-17 00:00,1992-11-17 00:00,945.21,,FEET
SHA,D,6,RES ELE,1992-11-18 00:00,1992-11-18 00:00,945.56,,FEET
SHA,D,6,RES ELE,1992-11-19 00:00,1992-11-19 00:00,945.75,,FEET
SHA,D,6,RES ELE,1992-11-20 00:00,1992-11-20 00:00,946.08,,FEET
SHA,D,6,RES ELE,1992-11-21 00:00,1992-11-21 00:00,946.14,,FEET
SHA,D,6,RES ELE,1992-11-22 00:00,1992-11-22 00:00,946.16,,FEET
SHA,D,6,RES ELE,1992-11-23 00:00,1992-11-23 00:00,946.19,,FEET
SHA,D,6,RES ELE,1992-11-24 00:00,1992-11-24 00:00,946.35,,FEET
SHA,D,6,RES ELE,1992-11-25 00:00,1992-11-25 00:00,946.62,,FEET
SHA,D,6,RES ELE,1992-11-26 00:00,1992-11-26 00:00,946.62,,FEET
SHA,D,6,RES ELE,1992-11-27 00:00,1992-11-27 00:00,946.71,,FEET
SHA,D,6,RES ELE,1992-11-28 00:00,1992-11-28 00:00,946.78,,FEET
SHA,D,6,RES ELE,1992-11-29 00:00,1992-11-29 00:00,946.81,,FEET
SHA,D,6,RES ELE,1992-11-30 00:00,1992-11-30 00:00,946.94,,FEET
SHA,D,6,RES ELE,1992-12-01 00:00,1992-12-01 00:00,946.81,,FEET
SHA,D,6,RES ELE,1992-12-02 00:00,1992-12-02 00:00,947.22,,FEET
SHA,D,6,RES ELE,1992-12-03 00:00,1992-12-03 00:00,947.30,,FEET
SHA,D,6,RES ELE,1992-12-04 00:00,1992-12-04 00:00,947.40,,FEET
SHA,D,6,RES ELE,1992-12-05 00:00,1992-12-05 00:00,947.36,,FEET
SHA,D,6,RES ELE,1992-12-06 00:00,1992-12-06 00:00,947.74,,FEET
SHA,D,6,RES ELE,1992-12-07 00:00,1992-12-07 00:00,948.07,,FEET
SHA,D,6,RES ELE,1992-12-08 00:00,1992-12-08 00:00,949.06,,FEET
SHA,D,6,RES ELE,1992-12-09 00:00,1992-12-09 00:00,950.17,,FEET
SHA,D,6,RES ELE,1992-12-10 00:00,1992-12-10 00:00,953.49,,FEET
SHA,D,6,RES ELE,1992-12-11 00:00,1992-12-11 00:00,955.31,,FEET
SHA,D,6,RES ELE,1992-12-12 00:00,1992-12-12 00:00,955.88,,FEET
SHA,D,6,RES ELE,1992-12-13 00:00,1992-12-13 00:00,956.03,,FEET
SHA,D,6,RES ELE,1992-12-14 00:00,1992-12-14 00:00,956.50,,FEET
SHA,D,6,RES ELE,1992-12-15 00:00,1992-12-15 00:00,957.04,,FEET
SHA,D,6,RES ELE,1992-12-16 00:00,1992-12-16 00:00,957.13,,FEET
SHA,D,6,RES ELE,1992-12-17 00:00,1992-12-17 00:00,957.48,,FEET
SHA,D,6,RES ELE,1992-12-18 00:00,1992-12-18 00:00,957.67,,FEET
SHA,D,6,RES ELE,1992-12-19 00:00,1992-12-19 00:00,957.76,,FEET
SHA,D,6,RES ELE,1992-12-20 00:00,1992-12-20 00:00,957.76,,FEET
SHA,D,6,RES ELE,1992-12-21 00:00,1992-12-21 00:00,957.81,,FEET
SHA,D,6,RES ELE,1992-12-22 00:00,1992-12-22 00:00,957.94,,FEET
SHA,D,6,RES ELE,1992-12-23 00:00,1992-12-23 00:00,958.11,,FEET
SHA,D,6,RES ELE,1992-12-24 00:00,1992-12-24 00:00,958.32,,FEET
SHA,D,6,RES ELE,1992-12-25 00:00,1992-12-25 00:00,958.42,,FEET
SHA,D,6,RES ELE,1992-12-26 00:00,1992-12-26 00:00,958.45,,FEET
SHA,D,6,RES ELE,1992-12-27 00:00,1992-12-27 00:00,958.60,,FEET
SHA,D,6,RES ELE,1992-12-28 00:00,1992-12-28 00:00,959.36,,FEET
SHA,D,6,RES ELE,1992-12-29 00:00,1992-12-29 00:00,959.97,,FEET
SHA,D,6,RES ELE,1992-12-30 00:00,1992-12-30 00:00,960.60,,FEET
SHA,D,6,RES ELE,1992-12-31 00:00,1992-12-31 00:00,962.39,,FEET
SHA,D,6,RES ELE,1993-01-01 00:00,1993-01-01 00:00,,,FEET
SHA,D,6,RES ELE,1993-01-02 00:00,1993-01-02 00:00,964.53,,FEET
SHA,D,6,RES ELE,1993-01-03 00:00,1993-01-03 00:00,964.98,,FEET
SHA,D,6,RES ELE,1993-01-04 00:00,1993-01-04 00:00,965.56,,FEET
SHA,D,6,RES ELE,1993-01-05 00:00,1993-01-05 00:00,965.93,,FEET
SHA,D,6,RES ELE,1993-01-06 00:00,1993-01-06 00:00,966.45,,FEET
SHA,D,6,RES ELE,1993-01-07 00:00,1993-01-07 00:00,966.80,,FEET
SHA,D,6,RES ELE,1993-01-08 00:00,1993-01-08 00:00,967.22,,FEET
SHA,D,6,RES ELE,1993-01-09 00:00,1993-01-09 00:00,967.72,,FEET
SHA,D,6,RES ELE,1993-01-10 00:00,1993-01-10 00:00,967.96,,FEET
SHA,D,6,RES ELE,1993-01-11 00:00,1993-01-11 00:00,968.49,,FEET
SHA,D,6,RES ELE,1993-01-12 00:00,1993-01-12 00:00,968.95,,FEET
SHA,D,6,RES ELE,1993-01-13 00:00,1993-01-13 00:00,969.64,,FEET
SHA,D,6,RES ELE,1993-01-14 00:00,1993-01-14 00:00,971.03,,FEET
SHA,D,6,RES ELE,1993-01-15 00:00,1993-01-15 00:00,972.44,,FEET
SHA,D,6,RES ELE,1993-01-16 00:00,1993-01-16 00:00,973.49,,FEET
SHA,D,6,RES ELE,1993-01-17 00:00,1993-01-17 00:00,974.61,,FEET
SHA,D,6,RES ELE,1993-01-18 00:00,1993-01-18 00:00,975.31,,FEET
SHA,D,6,RES ELE,1993-01-19 00:00,1993-01-19 00:00,976.44,,FEET
SHA,D,6,RES ELE,1993-01-20 00:00,1993-01-20 00:00,981.39,,FEET
SHA,D,6,RES ELE,1993-01-21 00:00,1993-01-21 00:00,985.35,,FEET
SHA,D,6,RES ELE,1993-01-22 00:00,1993-01-22 00:00,988.67,,FEET
SHA,D,6,RES ELE,1993-01-23 00:00,1993-01-23 00:00,990.64,,FEET
SHA,D,6,RES ELE,1993-01-24 00:00,1993-01-24 00:00,992.16,,FEET
SHA,D,6,RES ELE,1993-01-25 00:00,1993-01-25 00:00,993.26,,FEET
SHA,D,6,RES ELE,1993-01-26 00:00,1993-01-26 00:00,994.05,,FEET
SHA,D,6,RES ELE,1993-01-27 00:00,1993-01-27 00:00,994.78,,FEET
SHA,D,6,RES ELE,1993-01-28 00:00,1993-01-28 00:00,995.45,,FEET
SHA,D,6,RES ELE,1993-01-29 00:00,1993-01-29 00:00,996.04,,FEET
SHA,D,6,RES ELE,1993-01-30 00:00,1993-01-30 00:00,996.62,,FEET
SHA,D,6,RES ELE,1993-01-31 00:00,1993-01-31 00:00,997.06,,FEET
SHA,D,6,RES ELE,1993-02-01 00:00,1993-02-01 00:00,997.50,,FEET
SHA,D,6,RES ELE,1993-02-02 00:00,1993-02-02 00:00,997.92,,FEET
SHA,D,6,RES ELE,1993-02-03 00:00,1993-02-03 00:00,998.53,,FEET
SHA,D,6,RES ELE,1993-02-04 00:00,1993-02-04 00:00,999.04,,FEET
SHA,D,6,RES ELE,1993-02-05 00:00,1993-02-05 00:00,999.80,,FEET
SHA,D,6,RES ELE,1993-02-06 00:00,1993-02-06 00:00,1000.46,,FEET
SHA,D,6,RES ELE,1993-02-07 00:00,1993-02-07 00:00,1001.20,,FEET
SHA,D,6,RES ELE,1993-02-08 00:00,1993-02-08 00:00,1002.24,,FEET
SHA,D,6,RES ELE,1993-02-09 00:00,1993-02-09 00:00,1003.61,,FEET
SHA,D,6,RES ELE,1993-02-10 00:00,1993-02-10 00:00,1005.01,,FEET
SHA,D,6,RES ELE,1993-02-11 00:00,1993-02-11 00:00,1007.02,,FEET
SHA,D,6,RES ELE,1993-02-12 00:00,1993-02-12 00:00,1008.64,,FEET
SHA,D,6,RES ELE,1993-02-13 00:00,1993-02-13 00:00,1009.99,,FEET
SHA,D,6,RES ELE,1993-02-14 00:00,1993-02-14 00:00,1011.11,,FEET
SHA,D,6,RES ELE,1993-02-15 00:00,1993-02-15 00:00,1011.97,,FEET
SHA,D,6,RES ELE,1993-02-16 00:00,1993-02-16 00:00,1012.83,,FEET
SHA,D,6,RES ELE,1993-02-17 00:00,1993-02-17 00:00,1013.80,,FEET
SHA,D,6,RES ELE,1993-02-18 00:00,1993-02-18 00:00,1014.74,,FEET
SHA,D,6,RES ELE,1993-02-19 00:00,1993-02-19 00:00,1017.28,,FEET
SHA,D,6,RES ELE,1993-02-20 00:00,1993-02-20 00:00,,,FEET
SHA,D,6,RES ELE,1993-02-21 00:00,1993-02-21 00:00,1020.12,,FEET
SHA,D,6,RES ELE,1993-02-22 00:00,1993-02-22 00:00,1021.25,,FEET
SHA,D,6,RES ELE,1993-02-23 00:00,1993-02-23 00:00,1022.57,,FEET
SHA,D,6,RES ELE,1993-02-24 00:00,1993-02-24 00:00,1023.77,,FEET
SHA,D,6,RES ELE,1993-02-25 00:00,1993-02-25 00:00,1024.98,,FEET
SHA,D,6,RES ELE,1993-02-26 00:00,1993-02-26 00:00,1025.87,,FEET
SHA,D,6,RES ELE,1993-02-27 00:00,1993-02-27 00:00,1026.45,,FEET
SHA,D,6,RES ELE,1993-02-28 00:00,1993-02-28 00:00,1027.04,,FEET
SHA,D,6,RES ELE,1993-03-01 00:00,1993-03-01 00:00,1027.54,,FEET
SHA,D,6,RES ELE,1993-03-02 00:00,1993-03-02 00:00,1028.01,,FEET
SHA,D,6,RES ELE,1993-03-03 00:00,1993-03-03 00:00,1028.56,,FEET
SHA,D,6,RES ELE,1993-03-04 00:00,1993-03-04 00:00,1029.17,,FEET
SHA,D,6,RES ELE,1993-03-05 00:00,1993-03-05 00:00,1029.70,,FEET
SHA,D,6,RES ELE,1993-03-06 00:00,1993-03-06 00:00,1030.40,,FEET
SHA,D,6,RES ELE,1993-03-07 00:00,1993-03-07 00:00,1031.05,,FEET
SHA,D,6,RES ELE,1993-03-08 00:00,1993-03-08 00:00,1031.82,,FEET
SHA,D,6,RES ELE,1993-03-09 00:00,1993-03-09 00:00,1032.73,,FEET
SHA,D,6,RES ELE,1993-03-10 00:00,1993-03-10 00:00,1033.71,,FEET
SHA,D,6,RES ELE,1993-03-11 00:00,1993-03-11 00:00,1034.77,,FEET
SHA,D,6,RES ELE,1993-03-12 00:00,1993-03-12 00:00,1035.88,,FEET
SHA,D,6,RES ELE,1993-03-13 00:00,1993-03-13 00:00,1036.98,,FEET
SHA,D,6,RES ELE,1993-03-14 00:00,1993-03-14 00:00,1038.22,,FEET
SHA,D,6,RES ELE,1993-03-15 00:00,1993-03-15 00:00,1039.80,,FEET
SHA,D,6,RES ELE,1993-03-16 00:00,1993-03-16 00:00,1041.92,,FEET
SHA,D,6,RES ELE,1993-03-17 00:00,1993-03-17 00:00,1047.25,,FEET
SHA,D,6,RES ELE,1993-03-18 00:00,1993-03-18 00:00,1050.57,,FEET
SHA,D,6,RES ELE,1993-03-19 00:00,1993-03-19 00:00,1051.85,,FEET
SHA,D,6,RES ELE,1993-03-20 00:00,1993-03-20 00:00,1051.18,,FEET
SHA,D,6,RES ELE,1993-03-21 00:00,1993-03-21 00:00,1050.04,,FEET
SHA,D,6,RES ELE,1993-03-22 00:00,1993-03-22 00:00,1048.60,,FEET
SHA,D,6,RES ELE,1993-03-23 00:00,1993-03-23 00:00,1048.34,,FEET
SHA,D,6,RES ELE,1993-03-24 00:00,1993-03-24 00:00,1050.06,,FEET
SHA,D,6,RES ELE,1993-03-25 00:00,1993-03-25 00:00,1049.51,,FEET
SHA,D,6,RES ELE,1993-03-26 00:00,1993-03-26 00:00,1048.12,,FEET
SHA,D,6,RES ELE,1993-03-27 00:00,1993-03-27 00:00,1046.46,,FEET
SHA,D,6,RES ELE,1993-03-28 00:00,1993-03-28 00:00,1044.49,,FEET
SHA,D,6,RES ELE,1993-03-29 00:00,1993-03-29 00:00,1042.67,,FEET
SHA,D,6,RES ELE,1993-03-30 00:00,1993-03-30 00:00,1041.20,,FEET
SHA,D,6,RES ELE,1993-03-31 00:00,1993-03-31 00:00,1039.96,,FEET
SHA,D,6,RES ELE,1993-04-01 00:00,1993-04-01 00:00,1039.94,,FEET
SHA,D,6,RES ELE,1993-04-02 00:00,1993-04-02 00:00,1039.90,,FEET
SHA,D,6,RES ELE,1993-04-03 00:00,1993-04-03 00:00,1039.97,,FEET
SHA,D,6,RES ELE,1993-04-04 00:00,1993-04-04 00:00,1040.54,,FEET
SHA,D,6,RES ELE,1993-04-05 00:00,1993-04-05 00:00,1041.00,,FEET
SHA,D,6,RES ELE,1993-04-06 00:00,1993-04-06 00:00,1041.40,,FEET
SHA,D,6,RES ELE,1993-04-07 00:00,1993-04-07 00:00,1041.94,,FEET
SHA,D,6,RES ELE,1993-04-08 00:00,1993-04-08 00:00,1042.57,,FEET
SHA,D,6,RES ELE,1993-04-09 00:00,1993-04-09 00:00,1043.30,,FEET
SHA,D,6,RES ELE,1993-04-10 00:00,1993-04-10 00:00,1044.04,,FEET
SHA,D,6,RES ELE,1993-04-11 00:00,1993-04-11 00:00,1044.77,,FEET
SHA,D,6,RES ELE,1993-04-12 00:00,1993-04-12 00:00,1045.44,,FEET
SHA,D,6,RES ELE,1993-04-13 00:00,1993-04-13 00:00,1046.11,,FEET
SHA,D,6,RES ELE,1993-04-14 00:00,1993-04-14 00:00,1046.76,,FEET
SHA,D,6,RES ELE,1993-04-15 00:00,1993-04-15 00:00,1047.45,,FEET
SHA,D,6,RES ELE,1993-04-16 00:00,1993-04-16 00:00,1048.10,,FEET
SHA,D,6,RES ELE,1993-04-17 00:00,1993-04-17 00:00,1049.17,,FEET
SHA,D,6,RES ELE,1993-04-18 00:00,1993-04-18 00:00,1050.05,,FEET
SHA,D,6,RES ELE,1993-04-19 00:00,1993-04-19 00:00,1050.90,,FEET
SHA,D,6,RES ELE,1993-04-20 00:00,1993-04-20 00:00,1051.71,,FEET
SHA,D,6,RES ELE,1993-04-21 00:00,1993-04-21 00:00,1052.50,,FEET
SHA,D,6,RES ELE,1993-04-22 00:00,1993-04-22 00:00,1053.19,,FEET
SHA,D,6,RES ELE,1993-04-23 00:00,1993-04-23 00:00,1053.92,,FEET
SHA,D,6,RES ELE,1993-04-24 00:00,1993-04-24 00:00,1054.59,,FEET
SHA,D,6,RES ELE,1993-04-25 00:00,1993-04-25 00:00,1055.20,,FEET
SHA,D,6,RES ELE,1993-04-26 00:00,1993-04-26 00:00,1055.67,,FEET
SHA,D,6,RES ELE,1993-04-27 00:00,1993-04-27 00:00,1056.04,,FEET
SHA,D,6,RES ELE,1993-04-28 00:00,1993-04-28 00:00,1056.38,,FEET
SHA,D,6,RES ELE,1993-04-29 00:00,1993-04-29 00:00,1056.75,,FEET
SHA,D,6,RES ELE,1993-04-30 00:00,1993-04-30 00:00,1057.11,,FEET
SHA,D,6,RES ELE,1993-05-01 00:00,1993-05-01 00:00,1057.42,,FEET
SHA,D,6,RES ELE,1993-05-02 00:00,1993-05-02 00:00,1057.70,,FEET
SHA,D,6,RES ELE,1993-05-03 00:00,1993-05-03 00:00,1058.27,,FEET
SHA,D,6,RES ELE,1993-05-04 00:00,1993-05-04 00:00,1058.79,,FEET
SHA,D,6,RES ELE,1993-05-05 00:00,1993-05-05 00:00,1059.18,,FEET
SHA,D,6,RES ELE,1993-05-06 00:00,1993-05-06 00:00,1059.48,,FEET
SHA,D,6,RES ELE,1993-05-07 00:00,1993-05-07 00:00,1059.76,,FEET
SHA,D,6,RES ELE,1993-05-08 00:00,1993-05-08 00:00,1059.98,,FEET
SHA,D,6,RES ELE,1993-05-09 00:00,1993-05-09 00:00,1060.20,,FEET
SHA,D,6,RES ELE,1993-05-10 00:00,1993-05-10 00:00,1060.32,,FEET
SHA,D,6,RES ELE,1993-05-11 00:00,1993-05-11 00:00,1060.58,,FEET
SHA,D,6,RES ELE,1993-05-12 00:00,1993-05-12 00:00,1060.76,,FEET
SHA,D,6,RES ELE,1993-05-13 00:00,1993-05-13 00:00,1060.94,,FEET
SHA,D,6,RES ELE,1993-05-14 00:00,1993-05-14 00:00,1061.09,,FEET
SHA,D,6,RES ELE,1993-05-15 00:00,1993-05-15 00:00,1061.22,,FEET
SHA,D,6,RES ELE,1993-05-16 00:00,1993-05-16 00:00,1061.30,,FEET
SHA,D,6,RES ELE,1993-05-17 00:00,1993-05-17 00:00,1061.44,,FEET
SHA,D,6,RES ELE,1993-05-18 00:00,1993-05-18 00:00,1061.58,,FEET
SHA,D,6,RES ELE,1993-05-19 00:00,1993-05-19 00:00,1061.83,,FEET
SHA,D,6,RES ELE,1993-05-20 00:00,1993-05-20 00:00,1062.02,,FEET
SHA,D,6,RES ELE,1993-05-21 00:00,1993-05-21 00:00,1062.02,,FEET
SHA,D,6,RES ELE,1993-05-22 00:00,1993-05-22 00:00,,,FEET
SHA,D,6,RES ELE,1993-05-23 00:00,1993-05-23 00:00,1061.62,,FEET
SHA,D,6,RES ELE,1993-05-24 00:00,1993-05-24 00:00,1061.57,,FEET
SHA,D,6,RES ELE,1993-05-25 00:00,1993-05-25 00:00,1061.76,,FEET
SHA,D,6,RES ELE,1993-05-26 00:00,1993-05-26 00:00,1061.98,,FEET
SHA,D,6,RES ELE,1993-05-27 00:00,1993-05-27 00:00,1062.32,,FEET
SHA,D,6,RES ELE,1993-05-28 00:00,1993-05-28 00:00,1062.41,,FEET
SHA,D,6,RES ELE,1993-05-29 00:00,1993-05-29 00:00,,,FEET
SHA,D,6,RES ELE,1993-05-30 00:00,1993-05-30 00:00,1062.83,,FEET
SHA,D,6,RES ELE,1993-05-31 00:00,1993-05-31 00:00,1064.26,,FEET
SHA,D,6,RES ELE,1993-06-01 00:00,1993-06-01 00:00,1065.13,,FEET
SHA,D,6,RES ELE,1993-06-02 00:00,1993-06-02 00:00,1065.43,,FEET
SHA,D,6,RES ELE,1993-06-03 00:00,1993-06-03 00:00,1065.64,,FEET
SHA,D,6,RES ELE,1993-06-04 00:00,1993-06-04 00:00,1065.68,,FEET
SHA,D,6,RES ELE,1993-06-05 00:00,1993-06-05 00:00,1065.64,,FEET
SHA,D,6,RES ELE,1993-06-06 00:00,1993-06-06 00:00,1065.43,,FEET
SHA,D,6,RES ELE,1993-06-07 00:00,1993-06-07 00:00,1065.20,,FEET
SHA,D,6,RES ELE,1993-06-08 00:00,1993-06-08 00:00,1065.08,,FEET
SHA,D,6,RES ELE,1993-06-09 00:00,1993-06-09 00:00,1065.02,,FEET
SHA,D,6,RES ELE,1993-06-10 00:00,1993-06-10 00:00,1064.86,,FEET
SHA,D,6,RES ELE,1993-06-11 00:00,1993-06-11 00:00,1064.81,,FEET
SHA,D,6,RES ELE,1993-06-12 00:00,1993-06-12 00:00,1064.73,,FEET
SHA,D,6,RES ELE,1993-06-13 00:00,1993-06-13 00:00,1064.67,,FEET
SHA,D,6,RES ELE,1993-06-14 00:00,1993-06-14 00:00,1064.54,,FEET
SHA,D,6,RES ELE,1993-06-15 00:00,1993-06-15 00:00,1064.29,,FEET
SHA,D,6,RES ELE,1993-06-16 00:00,1993-06-16 00:00,1063.99,,FEET
SHA,D,6,RES ELE,1993-06-17 00:00,1993-06-17 00:00,1063.57,,FEET
SHA,D,6,RES ELE,1993-06-18 00:00,1993-06-18 00:00,1063.32,,FEET
SHA,D,6,RES ELE,1993-06-19 00:00,1993-06-19 00:00,1063.00,,FEET
SHA,D,6,RES ELE,1993-06-20 00:00,1993-06-20 00:00,1062.60,,FEET
SHA,D,6,RES ELE,1993-06-21 00:00,1993-06-21 00:00,1062.30,,FEET
SHA,D,6,RES ELE,1993-06-22 00:00,1993-06-22 00:00,1062.00,,FEET
SHA,D,6,RES ELE,1993-06-23 00:00,1993-06-23 00:00,1061.66,,FEET
SHA,D,6,RES ELE,1993-06-24 00:00,1993-06-24 00:00,1061.26,,FEET
SHA,D,6,RES ELE,1993-06-25 00:00,1993-06-25 00:00,1060.86,,FEET
SHA,D,6,RES ELE,1993-06-26 00:00,1993-06-26 00:00,1060.52,,FEET
SHA,D,6,RES ELE,1993-06-27 00:00,1993-06-27 00:00,1060.19,,FEET
SHA,D,6,RES ELE,1993-06-28 00:00,1993-06-28 00:00,1059.85,,FEET
SHA,D,6,RES ELE,1993-06-29 00:00,1993-06-29 00:00,1059.51,,FEET
SHA,D,6,RES ELE,1993-06-30 00:00,1993-06-30 00:00,1059.11,,FEET
SHA,D,6,RES ELE,1993-07-01 00:00,1993-07-01 00:00,1058.66,,FEET
SHA,D,6,RES ELE,1993-07-02 00:00,1993-07-02 00:00,1058.26,,FEET
SHA,D,6,RES ELE,1993-07-03 00:00,1993-07-03 00:00,1057.89,,FEET
SHA,D,6,RES ELE,1993-07-04 00:00,1993-07-04 00:00,1057.51,,FEET
SHA,D,6,RES ELE,1993-07-05 00:00,1993-07-05 00:00,1056.97,,FEET
SHA,D,6,RES ELE,1993-07-06 00:00,1993-07-06 00:00,1056.37,,FEET
SHA,D,6,RES ELE,1993-07-07 00:00,1993-07-07 00:00,1055.87,,FEET
SHA,D,6,RES ELE,1993-07-08 00:00,1993-07-08 00:00,1055.43,,FEET
SHA,D,6,RES ELE,1993-07-09 00:00,1993-07-09 00:00,1055.06,,FEET
SHA,D,6,RES ELE,1993-07-10 00:00,1993-07-10 00:00,1054.66,,FEET
SHA,D,6,RES ELE,1993-07-11 00:00,1993-07-11 00:00,1054.14,,FEET
SHA,D,6,RES ELE,1993-07-12 00:00,1993-07-12 00:00,1053.70,,FEET
SHA,D,6,RES ELE,1993-07-13 00:00,1993-07-13 00:00,1053.16,,FEET
SHA,D,6,RES ELE,1993-07-14 00:00,1993-07-14 00:00,1052.75,,FEET
SHA,D,6,RES ELE,1993-07-15 00:00,1993-07-15 00:00,1052.31,,FEET
SHA,D,6,RES ELE,1993-07-16 00:00,1993-07-16 00:00,1051.97,,FEET
SHA,D,6,RES ELE,1993-07-17 00:00,1993-07-17 00:00,1051.64,,FEET
SHA,D,6,RES ELE,1993-07-18 00:00,1993-07-18 00:00,1051.20,,FEET
SHA,D,6,RES ELE,1993-07-19 00:00,1993-07-19 00:00,1050.79,,FEET
SHA,D,6,RES ELE,1993-07-20 00:00,1993-07-20 00:00,1050.40,,FEET
SHA,D,6,RES ELE,1993-07-21 00:00,1993-07-21 00:00,1050.02,,FEET
SHA,D,6,RES ELE,1993-07-22 00:00,1993-07-22 00:00,1049.58,,FEET
SHA,D,6,RES ELE,1993-07-23 00:00,1993-07-23 00:00,1049.12,,FEET
SHA,D,6,RES ELE,1993-07-24 00:00,1993-07-24 00:00,1048.39,,FEET
SHA,D,6,RES ELE,1993-07-25 00:00,1993-07-25 00:00,1047.76,,FEET
SHA,D,6,RES ELE,1993-07-26 00:00,1993-07-26 00:00,1047.16,,FEET
SHA,D,6,RES ELE,1993-07-27 00:00,1993-07-27 00:00,1046.60,,FEET
SHA,D,6,RES ELE,1993-07-28 00:00,1993-07-28 00:00,1046.11,,FEET
SHA,D,6,RES ELE,1993-07-29 00:00,1993-07-29 00:00,1045.51,,FEET
SHA,D,6,RES ELE,1993-07-30 00:00,1993-07-30 00:00,1045.10,,FEET
SHA,D,6,RES ELE,1993-07-31 00:00,1993-07-31 00:00,1044.39,,FEET
SHA,D,6,RES ELE,1993-08-01 00:00,1993-08-01 00:00,1043.49,,FEET
SHA,D,6,RES ELE,1993-08-02 00:00,1993-08-02 00:00,1042.70,,FEET
SHA,D,6,RES ELE,1993-08-03 00:00,1993-08-03 00:00,1042.01,,FEET
SHA,D,6,RES ELE,1993-08-04 00:00,1993-08-04 00:00,1041.33,,FEET
SHA,D,6,RES ELE,1993-08-05 00:00,1993-08-05 00:00,1040.68,,FEET
SHA,D,6,RES ELE,1993-08-06 00:00,1993-08-06 00:00,1040.08,,FEET
SHA,D,6,RES ELE,1993-08-07 00:00,1993-08-07 00:00,1039.49,,FEET
SHA,D,6,RES ELE,1993-08-08 00:00,1993-08-08 00:00,1038.91,,FEET
SHA,D,6,RES ELE,1993-08-09 00:00,1993-08-09 00:00,1038.41,,FEET
SHA,D,6,RES ELE,1993-08-10 00:00,1993-08-10 00:00,1037.83,,FEET
SHA,D,6,RES ELE,1993-08-11 00:00,1993-08-11 00:00,1037.22,,FEET
SHA,D,6,RES ELE,1993-08-12 00:00,1993-08-12 00:00,1036.68,,FEET
SHA,D,6,RES ELE,1993-08-13 00:00,1993-08-13 00:00,1036.16,,FEET
SHA,D,6,RES ELE,1993-08-14 00:00,1993-08-14 00:00,1035.51,,FEET
SHA,D,6,RES ELE,1993-08-15 00:00,1993-08-15 00:00,1034.93,,FEET
SHA,D,6,RES ELE,1993-08-16 00:00,1993-08-16 00:00,1034.38,,FEET
SHA,D,6,RES ELE,1993-08-17 00:00,1993-08-17 00:00,1033.68,,FEET
SHA,D,6,RES ELE,1993-08-18 00:00,1993-08-18 00:00,1033.10,,FEET
SHA,D,6,RES ELE,1993-08-19 00:00,1993-08-19 00:00,1032.57,,FEET
SHA,D,6,RES ELE,1993-08-20 00:00,1993-08-20 00:00,1032.11,,FEET
SHA,D,6,RES ELE,1993-08-21 00:00,1993-08-21 00:00,1031.57,,FEET
SHA,D,6,RES ELE,1993-08-22 00:00,1993-08-22 00:00,1030.97,,FEET
SHA,D,6,RES ELE,1993-08-23 00:00,1993-08-23 00:00,1030.31,,FEET
SHA,D,6,RES ELE,1993-08-24 00:00,1993-08-24 00:00,1029.60,,FEET
SHA,D,6,RES ELE,1993-08-25 00:00,1993-08-25 00:00,1029.02,,FEET
SHA,D,6,RES ELE,1993-08-26 00:00,1993-08-26 00:00,1028.45,,FEET
SHA,D,6,RES ELE,1993-08-27 00:00,1993-08-27 00:00,1027.95,,FEET
SHA,D,6,RES ELE,1993-08-28 00:00,1993-08-28 00:00,1027.45,,FEET
SHA,D,6,RES ELE,1993-08-29 00:00,1993-08-29 00:00,1026.83,,FEET
SHA,D,6,RES ELE,1993-08-30 00:00,1993-08-30 00:00,1026.29,,FEET
SHA,D,6,RES ELE,1993-08-31 00:00,1993-08-31 00:00,1025.95,,FEET
SHA,D,6,RES ELE,1993-09-01 00:00,1993-09-01 00:00,1025.45,,FEET
SHA,D,6,RES ELE,1993-09-02 00:00,1993-09-02 00:00,1024.99,,FEET
SHA,D,6,RES ELE,1993-09-03 00:00,1993-09-03 00:00,1024.55,,FEET
SHA,D,6,RES ELE,1993-09-04 00:00,1993-09-04 00:00,1024.08,,FEET
SHA,D,6,RES ELE,1993-09-05 00:00,1993-09-05 00:00,1023.57,,FEET
SHA,D,6,RES ELE,1993-09-06 00:00,1993-09-06 00:00,1022.90,,FEET
SHA,D,6,RES ELE,1993-09-07 00:00,1993-09-07 00:00,1022.52,,FEET
SHA,D,6,RES ELE,1993-09-08 00:00,1993-09-08 00:00,1022.11,,FEET
SHA,D,6,RES ELE,1993-09-09 00:00,1993-09-09 00:00,1021.56,,FEET
SHA,D,6,RES ELE,1993-09-10 00:00,1993-09-10 00:00,1021.03,,FEET
SHA,D,6,RES ELE,1993-09-11 00:00,1993-09-11 00:00,1020.46,,FEET
SHA,D,6,RES ELE,1993-09-12 00:00,1993-09-12 00:00,1019.80,,FEET
SHA,D,6,RES ELE,1993-09-13 00:00,1993-09-13 00:00,1019.31,,FEET
SHA,D,6,RES ELE,1993-09-14 00:00,1993-09-14 00:00,1018.99,,FEET
SHA,D,6,RES ELE,1993-09-15 00:00,1993-09-15 00:00,1018.68,,FEET
SHA,D,6,RES ELE,1993-09-16 00:00,1993-09-16 00:00,1018.35,,FEET
SHA,D,6,RES ELE,1993-09-17 00:00,1993-09-17 00:00,1018.00,,FEET
SHA,D,6,RES ELE,1993-09-18 00:00,1993-09-18 00:00,1017.80,,FEET
SHA,D,6,RES ELE,1993-09-19 00:00,1993-09-19 00:00,1017.37,,FEET
SHA,D,6,RES ELE,1993-09-20 00:00,1993-09-20 00:00,1016.97,,FEET
SHA,D,6,RES ELE,1993-09-21 00:00,1993-09-21 00:00,1016.39,,FEET
SHA,D,6,RES ELE,1993-09-22 00:00,1993-09-22 00:00,1015.95,,FEET
SHA,D,6,RES ELE,1993-09-23 00:00,1993-09-23 00:00,1015.51,,FEET
SHA,D,6,RES ELE,1993-09-24 00:00,1993-09-24 00:00,1015.05,,FEET
SHA,D,6,RES ELE,1993-09-25 00:00,1993-09-25 00:00,1014.48,,FEET
SHA,D,6,RES ELE,1993-09-26 00:00,1993-09-26 00:00,1013.97,,FEET
SHA,D,6,RES ELE,1993-09-27 00:00,1993-09-27 00:00,1013.48,,FEET
SHA,D,6,RES ELE,1993-09-28 00:00,1993-09-28 00:00,1013.09,,FEET
SHA,D,6,RES ELE,1993-09-29 00:00,1993-09-29 00:00,1012.58,,FEET
SHA,D,6,RES ELE,1993-09-30 00:00,1993-09-30 00:00,1012.17,,FEET
SHA,D,6,RES ELE,1993-10-01 00:00,1993-10-01 00:00,,,FEET
SHA,D,6,RES ELE,1993-10-02 00:00,1993-10-02 00:00,1011.19,,FEET
SHA,D,6,RES ELE,1993-10-03 00:00,1993-10-03 00:00,1010.80,,FEET
SHA,D,6,RES ELE,1993-10-04 00:00,1993-10-04 00:00,1010.30,,FEET
SHA,D,6,RES ELE,1993-10-05 00:00,1993-10-05 00:00,1009.87,,FEET
SHA,D,6,RES ELE,1993-10-06 00:00,1993-10-06 00:00,1009.43,,FEET
SHA,D,6,RES ELE,1993-10-07 00:00,1993-10-07 00:00,1009.05,,FEET
SHA,D,6,RES ELE,1993-10-08 00:00,1993-10-08 00:00,1008.83,,FEET
SHA,D,6,RES ELE,1993-10-09 00:00,1993-10-09 00:00,1008.86,,FEET
SHA,D,6,RES ELE,1993-10-10 00:00,1993-10-10 00:00,1008.98,,FEET
SHA,D,6,RES ELE,1993-10-11 00:00,1993-10-11 00:00,1008.94,,FEET
SHA,D,6,RES ELE,1993-10-12 00:00,1993-10-12 00:00,1008.66,,FEET
SHA,D,6,RES ELE,1993-10-13 00:00,1993-10-13 00:00,1008.40,,FEET
SHA,D,6,RES ELE,1993-10-14 00:00,1993-10-14 00:00,1008.09,,FEET
SHA,D,6,RES ELE,1993-10-15 00:00,1993-10-15 00:00,1007.90,,FEET
SHA,D,6,RES ELE,1993-10-16 00:00,1993-10-16 00:00,1007.64,,FEET
SHA,D,6,RES ELE,1993-10-17 00:00,1993-10-17 00:00,1007.36,,FEET
SHA,D,6,RES ELE,1993-10-18 00:00,1993-10-18 00:00,1007.23,,FEET
SHA,D,6,RES ELE,1993-10-19 00:00,1993-10-19 00:00,1007.16,,FEET
SHA,D,6,RES ELE,1993-10-20 00:00,1993-10-20 00:00,1007.07,,FEET
SHA,D,6,RES ELE,1993-10-21 00:00,1993-10-21 00:00,1006.94,,FEET
SHA,D,6,RES ELE,1993-10-22 00:00,1993-10-22 00:00,1006.90,,FEET
SHA,D,6,RES ELE,1993-10-23 00:00,1993-10-23 00:00,1006.79,,FEET
SHA,D,6,RES ELE,1993-10-24 00:00,1993-10-24 00:00,1006.62,,FEET
SHA,D,6,RES ELE,1993-10-25 00:00,1993-10-25 00:00,1006.51,,FEET
SHA,D,6,RES ELE,1993-10-26 00:00,1993-10-26 00:00,1006.42,,FEET
SHA,D,6,RES ELE,1993-10-27 00:00,1993-10-27 00:00,1006.28,,FEET
SHA,D,6,RES ELE,1993-10-28 00:00,1993-10-28 00:00,1006.18,,FEET
SHA,D,6,RES ELE,1993-10-29 00:00,1993-10-29 00:00,,,FEET
SHA,D,6,RES ELE,1993-10-30 00:00,1993-10-30 00:00,1006.00,,FEET
SHA,D,6,RES ELE,1993-10-31 00:00,1993-10-31 00:00,1005.82,,FEET
SHA,D,6,RES ELE,1993-11-01 00:00,1993-11-01 00:00,1005.68,,FEET
SHA,D,6,RES ELE,1993-11-02 00:00,1993-11-02 00:00,1005.58,,FEET
SHA,D,6,RES ELE,1993-11-03 00:00,1993-11-03 00:00,1005.56,,FEET
SHA,D,6,RES ELE,1993-11-04 00:00,1993-11-04 00:00,1005.55,,FEET
SHA,D,6,RES ELE,1993-11-05 00:00,1993-11-05 00:00,,,FEET
SHA,D,6,RES ELE,1993-11-06 00:00,1993-11-06 00:00,,,FEET
SHA,D,6,RES ELE,1993-11-07 00:00,1993-11-07 00:00,1005.32,,FEET
SHA,D,6,RES ELE,1993-11-08 00:00,1993-11-08 00:00,1005.36,,FEET
SHA,D,6,RES ELE,1993-11-09 00:00,1993-11-09 00:00,1005.32,,FEET
SHA,D,6,RES ELE,1993-11-10 00:00,1993-11-10 00:00,1005.30,,FEET
SHA,D,6,RES ELE,1993-11-11 00:00,1993-11-11 00:00,1005.21,,FEET
SHA,D,6,RES ELE,1993-11-12 00:00,1993-11-12 00:00,1005.22,,FEET
SHA,D,6,RES ELE,1993-11-13 00:00,1993-11-13 00:00,1005.12,,FEET
SHA,D,6,RES ELE,1993-11-14 00:00,1993-11-14 00:00,1004.98,,FEET
SHA,D,6,RES ELE,1993-11-15 00:00,1993-11-15 00:00,1004.95,,FEET
SHA,D,6,RES ELE,1993-11-16 00:00,1993-11-16 00:00,1004.97,,FEET
SHA,D,6,RES ELE,1993-11-17 00:00,1993-11-17 00:00,1005.05,,FEET
SHA,D,6,RES ELE,1993-11-18 00:00,1993-11-18 00:00,1005.05,,FEET
SHA,D,6,RES ELE,1993-11-19 00:00,1993-11-19 00:00,1005.07,,FEET
SHA,D,6,RES ELE,1993-11-20 00:00,1993-11-20 00:00,1004.92,,FEET
SHA,D,6,RES ELE,1993-11-21 00:00,1993-11-21 00:00,1004.78,,FEET
SHA,D,6,RES ELE,1993-11-22 00:00,1993-11-22 00:00,1004.84,,FEET
SHA,D,6,RES ELE,1993-11-23 00:00,1993-11-23 00:00,1004.90,,FEET
SHA,D,6,RES ELE,1993-11-24 00:00,1993-11-24 00:00,1004.90,,FEET
SHA,D,6,RES ELE,1993-11-25 00:00,1993-11-25 00:00,1004.78,,FEET
SHA,D,6,RES ELE,1993-11-26 00:00,1993-11-26 00:00,1004.51,,FEET
SHA,D,6,RES ELE,1993-11-27 00:00,1993-11-27 00:00,1004.41,,FEET
SHA,D,6,RES ELE,1993-11-28 00:00,1993-11-28 00:00,1004.14,,FEET
SHA,D,6,RES ELE,1993-11-29 00:00,1993-11-29 00:00,1004.24,,FEET
SHA,D,6,RES ELE,1993-11-30 00:00,1993-11-30 00:00,1004.17,,FEET
SHA,D,6,RES ELE,1993-12-01 00:00,1993-12-01 00:00,1004.10,,FEET
SHA,D,6,RES ELE,1993-12-02 00:00,1993-12-02 00:00,1004.03,,FEET
SHA,D,6,RES ELE,1993-12-03 00:00,1993-12-03 00:00,1003.98,,FEET
SHA,D,6,RES ELE,1993-12-04 00:00,1993-12-04 00:00,1003.81,,FEET
SHA,D,6,RES ELE,1993-12-05 00:00,1993-12-05 00:00,1003.59,,FEET
SHA,D,6,RES ELE,1993-12-06 00:00,1993-12-06 00:00,1003.59,,FEET
SHA,D,6,RES ELE,1993-12-07 00:00,1993-12-07 00:00,1003.95,,FEET
SHA,D,6,RES ELE,1993-12-08 00:00,1993-12-08 00:00,1004.86,,FEET
SHA,D,6,RES ELE,1993-12-09 00:00,1993-12-09 00:00,1005.33,,FEET
SHA,D,6,RES ELE,1993-12-10 00:00,1993-12-10 00:00,1005.79,,FEET
SHA,D,6,RES ELE,1993-12-11 00:00,1993-12-11 00:00,1006.19,,FEET
SHA,D,6,RES ELE,1993-12-12 00:00,1993-12-12 00:00,1006.26,,FEET
SHA,D,6,RES ELE,1993-12-13 00:00,1993-12-13 00:00,1006.60,,FEET
SHA,D,6,RES ELE,1993-12-14 00:00,1993-12-14 00:00,1006.98,,FEET
SHA,D,6,RES ELE,1993-12-15 00:00,1993-12-15 00:00,1007.14,,FEET
SHA,D,6,RES ELE,1993-12-16 00:00,1993-12-16 00:00,1007.24,,FEET
SHA,D,6,RES ELE,1993-12-17 00:00,1993-12-17 00:00,1007.26,,FEET
SHA,D,6,RES ELE,1993-12-18 00:00,1993-12-18 00:00,1007.18,,FEET
SHA,D,6,RES ELE,1993-12-19 00:00,1993-12-19 00:00,1007.02,,FEET
SHA,D,6,RES ELE,1993-12-20 00:00,1993-12-20 00:00,1006.93,,FEET
SHA,D,6,RES ELE,1993-12-21 00:00,1993-12-21 00:00,1006.84,,FEET
SHA,D,6,RES ELE,1993-12-22 00:00,1993-12-22 00:00,1006.81,,FEET
SHA,D,6,RES ELE,1993-12-23 00:00,1993-12-23 00:00,1006.79,,FEET
SHA,D,6,RES ELE,1993-12-24 00:00,1993-12-24 00:00,1006.70,,FEET
SHA,D,6,RES ELE,1993-12-25 00:00,1993-12-25 00:00,1006.54,,FEET
SHA,D,6,RES ELE,1993-12-26 00:00,1993-12-26 00:00,1006.25,,FEET
SHA,D,6,RES ELE,1993-12-27 00:00,1993-12-27 00:00,1006.25,,FEET
SHA,D,6,RES ELE,1993-12-28 00:00,1993-12-28 00:00,1006.22,,FEET
SHA,D,6,RES ELE,1993-12-29 00:00,1993-12-29 00:00,1006.14,,FEET
SHA,D,6,RES ELE,1993-12-30 00:00,1993-12-30 00:00,1006.11,,FEET
SHA,D,6,RES ELE,1993-12-31 00:00,1993-12-31 00:00,1006.04,,FEET
SHA,D,6,RES ELE,1994-01-01 00:00,1994-01-01 00:00,1005.75,,FEET
SHA,D,6,RES ELE,1994-01-02 00:00,1994-01-02 00:00,1005.66,,FEET
SHA,D,6,RES ELE,1994-01-03 00:00,1994-01-03 00:00,1005.53,,FEET
SHA,D,6,RES ELE,1994-01-04 00:00,1994-01-04 00:00,1005.56,,FEET
SHA,D,6,RES ELE,1994-01-05 00:00,1994-01-05 00:00,1005.61,,FEET
SHA,D,6,RES ELE,1994-01-06 00:00,1994-01-06 00:00,1005.56,,FEET
SHA,D,6,RES ELE,1994-01-07 00:00,1994-01-07 00:00,1005.60,,FEET
SHA,D,6,RES ELE,1994-01-08 00:00,1994-01-08 00:00,1005.49,,FEET
SHA,D,6,RES ELE,1994-01-09 00:00,1994-01-09 00:00,1005.40,,FEET
SHA,D,6,RES ELE,1994-01-10 00:00,1994-01-10 00:00,1005.47,,FEET
SHA,D,6,RES ELE,1994-01-11 00:00,1994-01-11 00:00,1005.54,,FEET
SHA,D,6,RES ELE,1994-01-12 00:00,1994-01-12 00:00,1005.52,,FEET
SHA,D,6,RES ELE,1994-01-13 00:00,1994-01-13 00:00,1005.59,,FEET
SHA,D,6,RES ELE,1994-01-14 00:00,1994-01-14 00:00,1005.64,,FEET
SHA,D,6,RES ELE,1994-01-15 00:00,1994-01-15 00:00,1005.51,,FEET
SHA,D,6,RES ELE,1994-01-16 00:00,1994-01-16 00:00,1005.41,,FEET
SHA,D,6,RES ELE,1994-01-17 00:00,1994-01-17 00:00,1005.44,,FEET
SHA,D,6,RES ELE,1994-01-18 00:00,1994-01-18 00:00,1005.44,,FEET
SHA,D,6,RES ELE,1994-01-19 00:00,1994-01-19 00:00,1005.46,,FEET
SHA,D,6,RES ELE,1994-01-20 00:00,1994-01-20 00:00,1005.47,,FEET
SHA,D,6,RES ELE,1994-01-21 00:00,1994-01-21 00:00,1005.52,,FEET
SHA,D,6,RES ELE,1994-01-22 00:00,1994-01-22 00:00,1005.60,,FEET
SHA,D,6,RES ELE,1994-01-23 00:00,1994-01-23 00:00,1006.07,,FEET
SHA,D,6,RES ELE,1994-01-24 00:00,1994-01-24 00:00,1007.38,,FEET
SHA,D,6,RES ELE,1994-01-25 00:00,1994-01-25 00:00,1008.29,,FEET
SHA,D,6,RES ELE,1994-01-26 00:00,1994-01-26 00:00,1008.88,,FEET
SHA,D,6,RES ELE,1994-01-27 00:00,1994-01-27 00:00,1009.33,,FEET
SHA,D,6,RES ELE,1994-01-28 00:00,1994-01-28 00:00,1009.75,,FEET
SHA,D,6,RES ELE,1994-01-29 00:00,1994-01-29 00:00,1009.87,,FEET
SHA,D,6,RES ELE,1994-01-30 00:00,1994-01-30 00:00,1010.00,,FEET
SHA,D,6,RES ELE,1994-01-31 00:00,1994-01-31 00:00,1010.29,,FEET
SHA,D,6,RES ELE,1994-02-01 00:00,1994-02-01 00:00,1010.49,,FEET
SHA,D,6,RES ELE,1994-02-02 00:00,1994-02-02 00:00,1010.61,,FEET
SHA,D,6,RES ELE,1994-02-03 00:00,1994-02-03 00:00,1010.69,,FEET
SHA,D,6,RES ELE,1994-02-04 00:00,1994-02-04 00:00,1010.84,,FEET
SHA,D,6,RES ELE,1994-02-05 00:00,1994-02-05 00:00,1010.93,,FEET
SHA,D,6,RES ELE,1994-02-06 00:00,1994-02-06 00:00,1011.34,,FEET
SHA,D,6,RES ELE,1994-02-07 00:00,1994-02-07 00:00,1011.74,,FEET
SHA,D,6,RES ELE,1994-02-08 00:00,1994-02-08 00:00,1012.09,,FEET
SHA,D,6,RES ELE,1994-02-09 00:00,1994-02-09 00:00,1012.18,,FEET
SHA,D,6,RES ELE,1994-02-10 00:00,1994-02-10 00:00,1012.67,,FEET
SHA,D,6,RES ELE,1994-02-11 00:00,1994-02-11 00:00,1012.95,,FEET
SHA,D,6,RES ELE,1994-02-12 00:00,1994-02-12 00:00,1013.08,,FEET
SHA,D,6,RES ELE,1994-02-13 00:00,1994-02-13 00:00,1013.16,,FEET
SHA,D,6,RES ELE,1994-02-14 00:00,1994-02-14 00:00,1013.30,,FEET
SHA,D,6,RES ELE,1994-02-15 00:00,1994-02-15 00:00,1013.59,,FEET
SHA,D,6,RES ELE,1994-02-16 00:00,1994-02-16 00:00,1013.90,,FEET
SHA,D,6,RES ELE,1994-02-17 00:00,1994-02-17 00:00,1014.66,,FEET
SHA,D,6,RES ELE,1994-02-18 00:00,1994-02-18 00:00,1015.32,,FEET
SHA,D,6,RES ELE,1994-02-19 00:00,1994-02-19 00:00,1015.93,,FEET
SHA,D,6,RES ELE,1994-02-20 00:00,1994-02-20 00:00,1016.35,,FEET
SHA,D,6,RES ELE,1994-02-21 00:00,1994-02-21 00:00,,,FEET
SHA,D,6,RES ELE,1994-02-22 00:00,1994-02-22 00:00,1017.59,,FEET
SHA,D,6,RES ELE,1994-02-23 00:00,1994-02-23 00:00,1017.96,,FEET
SHA,D,6,RES ELE,1994-02-24 00:00,1994-02-24 00:00,1018.25,,FEET
SHA,D,6,RES ELE,1994-02-25 00:00,1994-02-25 00:00,1018.67,,FEET
SHA,D,6,RES ELE,1994-02-26 00:00,1994-02-26 00:00,1019.21,,FEET
SHA,D,6,RES ELE,1994-02-27 00:00,1994-02-27 00:00,1019.82,,FEET
SHA,D,6,RES ELE,1994-02-28 00:00,1994-02-28 00:00,1020.48,,FEET
SHA,D,6,RES ELE,1994-03-01 00:00,1994-03-01 00:00,1020.87,,FEET
SHA,D,6,RES ELE,1994-03-02 00:00,1994-03-02 00:00,1021.24,,FEET
SHA,D,6,RES ELE,1994-03-03 00:00,1994-03-03 00:00,1021.75,,FEET
SHA,D,6,RES ELE,1994-03-04 00:00,1994-03-04 00:00,1022.28,,FEET
SHA,D,6,RES ELE,1994-03-05 00:00,1994-03-05 00:00,1022.69,,FEET
SHA,D,6,RES ELE,1994-03-06 00:00,1994-03-06 00:00,1023.24,,FEET
SHA,D,6,RES ELE,1994-03-07 00:00,1994-03-07 00:00,1023.50,,FEET
SHA,D,6,RES ELE,1994-03-08 00:00,1994-03-08 00:00,1023.80,,FEET
SHA,D,6,RES ELE,1994-03-09 00:00,1994-03-09 00:00,1024.01,,FEET
SHA,D,6,RES ELE,1994-03-10 00:00,1994-03-10 00:00,1024.30,,FEET
SHA,D,6,RES ELE,1994-03-11 00:00,1994-03-11 00:00,1024.60,,FEET
SHA,D,6,RES ELE,1994-03-12 00:00,1994-03-12 00:00,1024.88,,FEET
SHA,D,6,RES ELE,1994-03-13 00:00,1994-03-13 00:00,1025.11,,FEET
SHA,D,6,RES ELE,1994-03-14 00:00,1994-03-14 00:00,1025.36,,FEET
SHA,D,6,RES ELE,1994-03-15 00:00,1994-03-15 00:00,1025.56,,FEET
SHA,D,6,RES ELE,1994-03-16 00:00,1994-03-16 00:00,1025.87,,FEET
SHA,D,6,RES ELE,1994-03-17 00:00,1994-03-17 00:00,1026.15,,FEET
SHA,D,6,RES ELE,1994-03-18 00:00,1994-03-18 00:00,1026.38,,FEET
SHA,D,6,RES ELE,1994-03-19 00:00,1994-03-19 00:00,1026.57,,FEET
SHA,D,6,RES ELE,1994-03-20 00:00,1994-03-20 00:00,1026.80,,FEET
SHA,D,6,RES ELE,1994-03-21 00:00,1994-03-21 00:00,1027.01,,FEET
SHA,D,6,RES ELE,1994-03-22 00:00,1994-03-22 00:00,1027.20,,FEET
SHA,D,6,RES ELE,1994-03-23 00:00,1994-03-23 00:00,1027.20,,FEET
SHA,D,6,RES ELE,1994-03-24 00:00,1994-03-24 00:00,1027.55,,FEET
SHA,D,6,RES ELE,1994-03-25 00:00,1994-03-25 00:00,,,FEET
SHA,D,6,RES ELE,1994-03-26 00:00,1994-03-26 00:00,,,FEET
SHA,D,6,RES ELE,1994-03-27 00:00,1994-03-27 00:00,1027.58,,FEET
SHA,D,6,RES ELE,1994-03-28 00:00,1994-03-28 00:00,1027.79,,FEET
SHA,D,6,RES ELE,1994-03-29 00:00,1994-03-29 00:00,1027.99,,FEET
SHA,D,6,RES ELE,1994-03-30 00:00,1994-03-30 00:00,1028.21,,FEET
SHA,D,6,RES ELE,1994-03-31 00:00,1994-03-31 00:00,1028.49,,FEET
SHA,D,6,RES ELE,1994-04-01 00:00,1994-04-01 00:00,1028.57,,FEET
SHA,D,6,RES ELE,1994-04-02 00:00,1994-04-02 00:00,1028.61,,FEET
SHA,D,6,RES ELE,1994-04-03 00:00,1994-04-03 00:00,1028.52,,FEET
SHA,D,6,RES ELE,1994-04-04 00:00,1994-04-04 00:00,1028.66,,FEET
SHA,D,6,RES ELE,1994-04-05 00:00,1994-04-05 00:00,1028.90,,FEET
SHA,D,6,RES ELE,1994-04-06 00:00,1994-04-06 00:00,1029.06,,FEET
SHA,D,6,RES ELE,1994-04-07 00:00,1994-04-07 00:00,1029.20,,FEET
SHA,D,6,RES ELE,1994-04-08 00:00,1994-04-08 00:00,1029.59,,FEET
SHA,D,6,RES ELE,1994-04-09 00:00,1994-04-09 00:00,1029.98,,FEET
SHA,D,6,RES ELE,1994-04-10 00:00,1994-04-10 00:00,1030.21,,FEET
SHA,D,6,RES ELE,1994-04-11 00:00,1994-04-11 00:00,1030.33,,FEET
SHA,D,6,RES ELE,1994-04-12 00:00,1994-04-12 00:00,1030.44,,FEET
SHA,D,6,RES ELE,1994-04-13 00:00,1994-04-13 00:00,1030.61,,FEET
SHA,D,6,RES ELE,1994-04-14 00:00,1994-04-14 00:00,1030.71,,FEET
SHA,D,6,RES ELE,1994-04-15 00:00,1994-04-15 00:00,1030.75,,FEET
SHA,D,6,RES ELE,1994-04-16 00:00,1994-04-16 00:00,1030.79,,FEET
SHA,D,6,RES ELE,1994-04-17 00:00,1994-04-17 00:00,1030.82,,FEET
SHA,D,6,RES ELE,1994-04-18 00:00,1994-04-18 00:00,1030.79,,FEET
SHA,D,6,RES ELE,1994-04-19 00:00,1994-04-19 00:00,1030.75,,FEET
SHA,D,6,RES ELE,1994-04-20 00:00,1994-04-20 00:00,1030.63,,FEET
SHA,D,6,RES ELE,1994-04-21 00:00,1994-04-21 00:00,1030.50,,FEET
SHA,D,6,RES ELE,1994-04-22 00:00,1994-04-22 00:00,1030.41,,FEET
SHA,D,6,RES ELE,1994-04-23 00:00,1994-04-23 00:00,1030.43,,FEET
SHA,D,6,RES ELE,1994-04-24 00:00,1994-04-24 00:00,1030.37,,FEET
SHA,D,6,RES ELE,1994-04-25 00:00,1994-04-25 00:00,1030.46,,FEET
SHA,D,6,RES ELE,1994-04-26 00:00,1994-04-26 00:00,1030.36,,FEET
SHA,D,6,RES ELE,1994-04-27 00:00,1994-04-27 00:00,1030.34,,FEET
SHA,D,6,RES ELE,1994-04-28 00:00,1994-04-28 00:00,1030.36,,FEET
SHA,D,6,RES ELE,1994-04-29 00:00,1994-04-29 00:00,1030.26,,FEET
SHA,D,6,RES ELE,1994-04-30 00:00,1994-04-30 00:00,1030.01,,FEET
SHA,D,6,RES ELE,1994-05-01 00:00,1994-05-01 00:00,1029.83,,FEET
SHA,D,6,RES ELE,1994-05-02 00:00,1994-05-02 00:00,1029.56,,FEET
SHA,D,6,RES ELE,1994-05-03 00:00,1994-05-03 00:00,1029.33,,FEET
SHA,D,6,RES ELE,1994-05-04 00:00,1994-05-04 00:00,1029.27,,FEET
SHA,D,6,RES ELE,1994-05-05 00:00,1994-05-05 00:00,1029.11,,FEET
SHA,D,6,RES ELE,1994-05-06 00:00,1994-05-06 00:00,1029.07,,FEET
SHA,D,6,RES ELE,1994-05-07 00:00,1994-05-07 00:00,1029.09,,FEET
SHA,D,6,RES ELE,1994-05-08 00:00,1994-05-08 00:00,1029.15,,FEET
SHA,D,6,RES ELE,1994-05-09 00:00,1994-05-09 00:00,1029.08,,FEET
SHA,D,6,RES ELE,1994-05-10 00:00,1994-05-10 00:00,,,FEET
SHA,D,6,RES ELE,1994-05-11 00:00,1994-05-11 00:00,1028.92,,FEET
SHA,D,6,RES ELE,1994-05-12 00:00,1994-05-12 00:00,1028.61,,FEET
SHA,D,6,RES ELE,1994-05-13 00:00,1994-05-13 00:00,1028.52,,FEET
SHA,D,6,RES ELE,1994-05-14 00:00,1994-05-14 00:00,1028.43,,FEET
SHA,D,6,RES ELE,1994-05-15 00:00,1994-05-15 00:00,1028.33,,FEET
SHA,D,6,RES ELE,1994-05-16 00:00,1994-05-16 00:00,1028.34,,FEET
SHA,D,6,RES ELE,1994-05-17 00:00,1994-05-17 00:00,1028.46,,FEET
SHA,D,6,RES ELE,1994-05-18 00:00,1994-05-18 00:00,1028.51,,FEET
SHA,D,6,RES ELE,1994-05-19 00:00,1994-05-19 00:00,1028.44,,FEET
SHA,D,6,RES ELE,1994-05-20 00:00,1994-05-20 00:00,1028.46,,FEET
SHA,D,6,RES ELE,1994-05-21 00:00,1994-05-21 00:00,1028.52,,FEET
SHA,D,6,RES ELE,1994-05-22 00:00,1994-05-22 00:00,1028.52,,FEET
SHA,D,6,RES ELE,1994-05-23 00:00,1994-05-23 00:00,1028.54,,FEET
SHA,D,6,RES ELE,1994-05-24 00:00,1994-05-24 00:00,1028.29,,FEET
SHA,D,6,RES ELE,1994-05-25 00:00,1994-05-25 00:00,1028.10,,FEET
SHA,D,6,RES ELE,1994-05-26 00:00,1994-05-26 00:00,1027.82,,FEET
SHA,D,6,RES ELE,1994-05-27 00:00,1994-05-27 00:00,1027.79,,FEET
SHA,D,6,RES ELE,1994-05-28 00:00,1994-05-28 00:00,1027.71,,FEET
SHA,D,6,RES ELE,1994-05-29 00:00,1994-05-29 00:00,1027.47,,FEET
SHA,D,6,RES ELE,1994-05-30 00:00,1994-05-30 00:00,1027.21,,FEET
SHA,D,6,RES ELE,1994-05-31 00:00,1994-05-31 00:00,1027.09,,FEET
SHA,D,6,RES ELE,1994-06-01 00:00,1994-06-01 00:00,1026.91,,FEET
SHA,D,6,RES ELE,1994-06-02 00:00,1994-06-02 00:00,1026.73,,FEET
SHA,D,6,RES ELE,1994-06-03 00:00,1994-06-03 00:00,1026.60,,FEET
SHA,D,6,RES ELE,1994-06-04 00:00,1994-06-04 00:00,1026.60,,FEET
SHA,D,6,RES ELE,1994-06-05 00:00,1994-06-05 00:00,1026.57,,FEET
SHA,D,6,RES ELE,1994-06-06 00:00,1994-06-06 00:00,1026.49,,FEET
SHA,D,6,RES ELE,1994-06-07 00:00,1994-06-07 00:00,1026.31,,FEET
SHA,D,6,RES ELE,1994-06-08 00:00,1994-06-08 00:00,1026.13,,FEET
SHA,D,6,RES ELE,1994-06-09 00:00,1994-06-09 00:00,1026.00,,FEET
SHA,D,6,RES ELE,1994-06-10 00:00,1994-06-10 00:00,1025.83,,FEET
SHA,D,6,RES ELE,1994-06-11 00:00,1994-06-11 00:00,1025.44,,FEET
SHA,D,6,RES ELE,1994-06-12 00:00,1994-06-12 00:00,1025.06,,FEET
SHA,D,6,RES ELE,1994-06-13 00:00,1994-06-13 00:00,1024.85,,FEET
SHA,D,6,RES ELE,1994-06-14 00:00,1994-06-14 00:00,1024.52,,FEET
SHA,D,6,RES ELE,1994-06-15 00:00,1994-06-15 00:00,1024.26,,FEET
SHA,D,6,RES ELE,1994-06-16 00:00,1994-06-16 00:00,1024.05,,FEET
SHA,D,6,RES ELE,1994-06-17 00:00,1994-06-17 00:00,1023.80,,FEET
SHA,D,6,RES ELE,1994-06-18 00:00,1994-06-18 00:00,1023.45,,FEET
SHA,D,6,RES ELE,1994-06-19 00:00,1994-06-19 00:00,1022.99,,FEET
SHA,D,6,RES ELE,1994-06-20 00:00,1994-06-20 00:00,1022.68,,FEET
SHA,D,6,RES ELE,1994-06-21 00:00,1994-06-21 00:00,1022.35,,FEET
SHA,D,6,RES ELE,1994-06-22 00:00,1994-06-22 00:00,1022.02,,FEET
SHA,D,6,RES ELE,1994-06-23 00:00,1994-06-23 00:00,1021.77,,FEET
SHA,D,6,RES ELE,1994-06-24 00:00,1994-06-24 00:00,1021.35,,FEET
SHA,D,6,RES ELE,1994-06-25 00:00,1994-06-25 00:00,1020.97,,FEET
SHA,D,6,RES ELE,1994-06-26 00:00,1994-06-26 00:00,1020.52,,FEET
SHA,D,6,RES ELE,1994-06-27 00:00,1994-06-27 00:00,1020.22,,FEET
SHA,D,6,RES ELE,1994-06-28 00:00,1994-06-28 00:00,1019.83,,FEET
SHA,D,6,RES ELE,1994-06-29 00:00,1994-06-29 00:00,1019.51,,FEET
SHA,D,6,RES ELE,1994-06-30 00:00,1994-06-30 00:00,1019.10,,FEET
SHA,D,6,RES ELE,1994-07-01 00:00,1994-07-01 00:00,1018.70,,FEET
SHA,D,6,RES ELE,1994-07-02 00:00,1994-07-02 00:00,1018.18,,FEET
SHA,D,6,RES ELE,1994-07-03 00:00,1994-07-03 00:00,1017.70,,FEET
SHA,D,6,RES ELE,1994-07-04 00:00,1994-07-04 00:00,1017.28,,FEET
SHA,D,6,RES ELE,1994-07-05 00:00,1994-07-05 00:00,1016.83,,FEET
SHA,D,6,RES ELE,1994-07-06 00:00,1994-07-06 00:00,1016.43,,FEET
SHA,D,6,RES ELE,1994-07-07 00:00,1994-07-07 00:00,1015.94,,FEET
SHA,D,6,RES ELE,1994-07-08 00:00,1994-07-08 00:00,1015.47,,FEET
SHA,D,6,RES ELE,1994-07-09 00:00,1994-07-09 00:00,1014.82,,FEET
SHA,D,6,RES ELE,1994-07-10 00:00,1994-07-10 00:00,1014.13,,FEET
SHA,D,6,RES ELE,1994-07-11 00:00,1994-07-11 00:00,1013.55,,FEET
SHA,D,6,RES ELE,1994-07-12 00:00,1994-07-12 00:00,1012.89,,FEET
SHA,D,6,RES ELE,1994-07-13 00:00,1994-07-13 00:00,1012.20,,FEET
SHA,D,6,RES ELE,1994-07-14 00:00,1994-07-14 00:00,1011.66,,FEET
SHA,D,6,RES ELE,1994-07-15 00:00,1994-07-15 00:00,1010.95,,FEET
SHA,D,6,RES ELE,1994-07-16 00:00,1994-07-16 00:00,1010.20,,FEET
SHA,D,6,RES ELE,1994-07-17 00:00,1994-07-17 00:00,1009.37,,FEET
SHA,D,6,RES ELE,1994-07-18 00:00,1994-07-18 00:00,1008.66,,FEET
SHA,D,6,RES ELE,1994-07-19 00:00,1994-07-19 00:00,1008.08,,FEET
SHA,D,6,RES ELE,1994-07-20 00:00,1994-07-20 00:00,1007.48,,FEET
SHA,D,6,RES ELE,1994-07-21 00:00,1994-07-21 00:00,1006.83,,FEET
SHA,D,6,RES ELE,1994-07-22 00:00,1994-07-22 00:00,1006.31,,FEET
SHA,D,6,RES ELE,1994-07-23 00:00,1994-07-23 00:00,1005.65,,FEET
SHA,D,6,RES ELE,1994-07-24 00:00,1994-07-24 00:00,1004.90,,FEET
SHA,D,6,RES ELE,1994-07-25 00:00,1994-07-25 00:00,1004.38,,FEET
SHA,D,6,RES ELE,1994-07-26 00:00,1994-07-26 00:00,1003.77,,FEET
SHA,D,6,RES ELE,1994-07-27 00:00,1994-07-27 00:00,1003.21,,FEET
SHA,D,6,RES ELE,1994-07-28 00:00,1994-07-28 00:00,1002.65,,FEET
SHA,D,6,RES ELE,1994-07-29 00:00,1994-07-29 00:00,1002.13,,FEET
SHA,D,6,RES ELE,1994-07-30 00:00,1994-07-30 00:00,1001.45,,FEET
SHA,D,6,RES ELE,1994-07-31 00:00,1994-07-31 00:00,1000.97,,FEET
SHA,D,6,RES ELE,1994-08-01 00:00,1994-08-01 00:00,1000.49,,FEET
SHA,D,6,RES ELE,1994-08-02 00:00,1994-08-02 00:00,1000.10,,FEET
SHA,D,6,RES ELE,1994-08-03 00:00,1994-08-03 00:00,999.67,,FEET
SHA,D,6,RES ELE,1994-08-04 00:00,1994-08-04 00:00,999.27,,FEET
SHA,D,6,RES ELE,1994-08-05 00:00,1994-08-05 00:00,998.74,,FEET
SHA,D,6,RES ELE,1994-08-06 00:00,1994-08-06 00:00,998.11,,FEET
SHA,D,6,RES ELE,1994-08-07 00:00,1994-08-07 00:00,997.41,,FEET
SHA,D,6,RES ELE,1994-08-08 00:00,1994-08-08 00:00,996.82,,FEET
SHA,D,6,RES ELE,1994-08-09 00:00,1994-08-09 00:00,996.28,,FEET
SHA,D,6,RES ELE,1994-08-10 00:00,1994-08-10 00:00,995.74,,FEET
SHA,D,6,RES ELE,1994-08-11 00:00,1994-08-11 00:00,995.24,,FEET
SHA,D,6,RES ELE,1994-08-12 00:00,1994-08-12 00:00,994.70,,FEET
SHA,D,6,RES ELE,1994-08-13 00:00,1994-08-13 00:00,994.18,,FEET
SHA,D,6,RES ELE,1994-08-14 00:00,1994-08-14 00:00,993.65,,FEET
SHA,D,6,RES ELE,1994-08-15 00:00,1994-08-15 00:00,993.20,,FEET
SHA,D,6,RES ELE,1994-08-16 00:00,1994-08-16 00:00,992.71,,FEET
SHA,D,6,RES ELE,1994-08-17 00:00,1994-08-17 00:00,992.19,,FEET
SHA,D,6,RES ELE,1994-08-18 00:00,1994-08-18 00:00,991.48,,FEET
SHA,D,6,RES ELE,1994-08-19 00:00,1994-08-19 00:00,990.63,,FEET
SHA,D,6,RES ELE,1994-08-20 00:00,1994-08-20 00:00,989.84,,FEET
SHA,D,6,RES ELE,1994-08-21 00:00,1994-08-21 00:00,988.92,,FEET
SHA,D,6,RES ELE,1994-08-22 00:00,1994-08-22 00:00,988.22,,FEET
SHA,D,6,RES ELE,1994-08-23 00:00,1994-08-23 00:00,987.50,,FEET
SHA,D,6,RES ELE,1994-08-24 00:00,1994-08-24 00:00,986.87,,FEET
SHA,D,6,RES ELE,1994-08-25 00:00,1994-08-25 00:00,986.24,,FEET
SHA,D,6,RES ELE,1994-08-26 00:00,1994-08-26 00:00,985.49,,FEET
SHA,D,6,RES ELE,1994-08-27 00:00,1994-08-27 00:00,984.72,,FEET
SHA,D,6,RES ELE,1994-08-28 00:00,1994-08-28 00:00,983.83,,FEET
SHA,D,6,RES ELE,1994-08-29 00:00,1994-08-29 00:00,983.09,,FEET
SHA,D,6,RES ELE,1994-08-30 00:00,1994-08-30 00:00,982.37,,FEET
SHA,D,6,RES ELE,1994-08-31 00:00,1994-08-31 00:00,981.70,,FEET
SHA,D,6,RES ELE,1994-09-01 00:00,1994-09-01 00:00,980.76,,FEET
SHA,D,6,RES ELE,1994-09-02 00:00,1994-09-02 00:00,979.57,,FEET
SHA,D,6,RES ELE,1994-09-03 00:00,1994-09-03 00:00,978.60,,FEET
SHA,D,6,RES ELE,1994-09-04 00:00,1994-09-04 00:00,977.65,,FEET
SHA,D,6,RES ELE,1994-09-05 00:00,1994-09-05 00:00,976.69,,FEET
SHA,D,6,RES ELE,1994-09-06 00:00,1994-09-06 00:00,975.85,,FEET
SHA,D,6,RES ELE,1994-09-07 00:00,1994-09-07 00:00,975.14,,FEET
SHA,D,6,RES ELE,1994-09-08 00:00,1994-09-08 00:00,974.37,,FEET
SHA,D,6,RES ELE,1994-09-09 00:00,1994-09-09 00:00,,,FEET
SHA,D,6,RES ELE,1994-09-10 00:00,1994-09-10 00:00,,,FEET
SHA,D,6,RES ELE,1994-09-11 00:00,1994-09-11 00:00,971.79,,FEET
SHA,D,6,RES ELE,1994-09-12 00:00,1994-09-12 00:00,971.11,,FEET
SHA,D,6,RES ELE,1994-09-13 00:00,1994-09-13 00:00,970.47,,FEET
SHA,D,6,RES ELE,1994-09-14 00:00,1994-09-14 00:00,969.87,,FEET
SHA,D,6,RES ELE,1994-09-15 00:00,1994-09-15 00:00,969.42,,FEET
SHA,D,6,RES ELE,1994-09-16 00:00,1994-09-16 00:00,,,FEET
SHA,D,6,RES ELE,1994-09-17 00:00,1994-09-17 00:00,,,FEET
SHA,D,6,RES ELE,1994-09-18 00:00,1994-09-18 00:00,968.26,,FEET
SHA,D,6,RES ELE,1994-09-19 00:00,1994-09-19 00:00,967.82,,FEET
SHA,D,6,RES ELE,1994-09-20 00:00,1994-09-20 00:00,967.57,,FEET
SHA,D,6,RES ELE,1994-09-21 00:00,1994-09-21 00:00,967.16,,FEET
SHA,D,6,RES ELE,1994-09-22 00:00,1994-09-22 00:00,966.69,,FEET
SHA,D,6,RES ELE,1994-09-23 00:00,1994-09-23 00:00,966.06,,FEET
SHA,D,6,RES ELE,1994-09-24 00:00,1994-09-24 00:00,965.40,,FEET
SHA,D,6,RES ELE,1994-09-25 00:00,1994-09-25 00:00,964.63,,FEET
SHA,D,6,RES ELE,1994-09-26 00:00,1994-09-26 00:00,964.22,,FEET
SHA,D,6,RES ELE,1994-09-27 00:00,1994-09-27 00:00,963.91,,FEET
SHA,D,6,RES ELE,1994-09-28 00:00,1994-09-28 00:00,963.59,,FEET
SHA,D,6,RES ELE,1994-09-29 00:00,1994-09-29 00:00,963.42,,FEET
SHA,D,6,RES ELE,1994-09-30 00:00,1994-09-30 00:00,963.12,,FEET
SHA,D,6,RES ELE,1994-10-01 00:00,1994-10-01 00:00,,,FEET
SHA,D,6,RES ELE,1994-10-02 00:00,1994-10-02 00:00,962.22,,FEET
SHA,D,6,RES ELE,1994-10-03 00:00,1994-10-03 00:00,961.87,,FEET
SHA,D,6,RES ELE,1994-10-04 00:00,1994-10-04 00:00,961.64,,FEET
SHA,D,6,RES ELE,1994-10-05 00:00,1994-10-05 00:00,961.42,,FEET
SHA,D,6,RES ELE,1994-10-06 00:00,1994-10-06 00:00,961.25,,FEET
SHA,D,6,RES ELE,1994-10-07 00:00,1994-10-07 00:00,961.10,,FEET
SHA,D,6,RES ELE,1994-10-08 00:00,1994-10-08 00:00,960.95,,FEET
SHA,D,6,RES ELE,1994-10-09 00:00,1994-10-09 00:00,960.76,,FEET
SHA,D,6,RES ELE,1994-10-10 00:00,1994-10-10 00:00,960.70,,FEET
SHA,D,6,RES ELE,1994-10-11 00:00,1994-10-11 00:00,960.59,,FEET
SHA,D,6,RES ELE,1994-10-12 00:00,1994-10-12 00:00,960.48,,FEET
SHA,D,6,RES ELE,1994-10-13 00:00,1994-10-13 00:00,960.43,,FEET
SHA,D,6,RES ELE,1994-10-14 00:00,1994-10-14 00:00,960.43,,FEET
SHA,D,6,RES ELE,1994-10-15 00:00,1994-10-15 00:00,960.34,,FEET
SHA,D,6,RES ELE,1994-10-16 00:00,1994-10-16 00:00,960.21,,FEET
SHA,D,6,RES ELE,1994-10-17 00:00,1994-10-17 00:00,960.18,,FEET
SHA,D,6,RES ELE,1994-10-18 00:00,1994-10-18 00:00,960.03,,FEET
SHA,D,6,RES ELE,1994-10-19 00:00,1994-10-19 00:00,959.90,,FEET
SHA,D,6,RES ELE,1994-10-20 00:00,1994-10-20 00:00,959.76,,FEET
SHA,D,6,RES ELE,1994-10-21 00:00,1994-10-21 00:00,959.78,,FEET
SHA,D,6,RES ELE,1994-10-22 00:00,1994-10-22 00:00,959.46,,FEET
SHA,D,6,RES ELE,1994-10-23 00:00,1994-10-23 00:00,959.26,,FEET
SHA,D,6,RES ELE,1994-10-24 00:00,1994-10-24 00:00,959.36,,FEET
SHA,D,6,RES ELE,1994-10-25 00:00,1994-10-25 00:00,959.25,,FEET
SHA,D,6,RES ELE,1994-10-26 00:00,1994-10-26 00:00,959.28,,FEET
SHA,D,6,RES ELE,1994-10-27 00:00,1994-10-27 00:00,959.33,,FEET
SHA,D,6,RES ELE,1994-10-28 00:00,1994-10-28 00:00,959.16,,FEET
SHA,D,6,RES ELE,1994-10-29 00:00,1994-10-29 00:00,959.05,,FEET
SHA,D,6,RES ELE,1994-10-30 00:00,1994-10-30 00:00,958.79,,FEET
SHA,D,6,RES ELE,1994-10-31 00:00,1994-10-31 00:00,958.70,,FEET
SHA,D,6,RES ELE,1994-11-01 00:00,1994-11-01 00:00,958.64,,FEET
SHA,D,6,RES ELE,1994-11-02 00:00,1994-11-01 00:00,958.64,,FEET
SHA,D,6,RES ELE,1994-11-03 00:00,1994-11-02 00:00,958.66,,FEET
SHA,D,6,RES ELE,1994-11-04 00:00,1994-11-03 00:00,958.48,,FEET
SHA,D,6,RES ELE,1994-11-05 00:00,1994-11-04 00:00,958.56,,FEET
SHA,D,6,RES ELE,1994-11-06 00:00,1994-11-05 00:00,958.49,,FEET
SHA,D,6,RES ELE,1994-11-07 00:00,1994-11-06 00:00,958.56,,FEET
SHA,D,6,RES ELE,1994-11-08 00:00,1994-11-07 00:00,958.48,,FEET
SHA,D,6,RES ELE,1994-11-09 00:00,1994-11-08 00:00,958.51,,FEET
SHA,D,6,RES ELE,1994-11-10 00:00,1994-11-09 00:00,959.16,,FEET
SHA,D,6,RES ELE,1994-11-11 00:00,1994-11-10 00:00,959.17,,FEET
SHA,D,6,RES ELE,1994-11-12 00:00,1994-11-11 00:00,959.34,,FEET
SHA,D,6,RES ELE,1994-11-13 00:00,1994-11-13 00:00,959.47,,FEET
SHA,D,6,RES ELE,1994-11-14 00:00,1994-11-13 00:00,959.47,,FEET
SHA,D,6,RES ELE,1994-11-15 00:00,1994-11-14 00:00,959.62,,FEET
SHA,D,6,RES ELE,1994-11-16 00:00,1994-11-15 00:00,959.65,,FEET
SHA,D,6,RES ELE,1994-11-17 00:00,1994-11-16 00:00,959.58,,FEET
SHA,D,6,RES ELE,1994-11-18 00:00,1994-11-17 00:00,959.50,,FEET
SHA,D,6,RES ELE,1994-11-19 00:00,1994-11-18 00:00,959.49,,FEET
SHA,D,6,RES ELE,1994-11-20 00:00,1994-11-19 00:00,959.39,,FEET
SHA,D,6,RES ELE,1994-11-21 00:00,1994-11-20 00:00,959.15,,FEET
SHA,D,6,RES ELE,1994-11-22 00:00,1994-11-21 00:00,959.16,,FEET
SHA,D,6,RES ELE,1994-11-23 00:00,1994-11-22 00:00,959.12,,FEET
SHA,D,6,RES ELE,1994-11-24 00:00,1994-11-23 00:00,959.12,,FEET
SHA,D,6,RES ELE,1994-11-25 00:00,1994-11-24 00:00,958.89,,FEET
SHA,D,6,RES ELE,1994-11-26 00:00,1994-11-25 00:00,958.74,,FEET
SHA,D,6,RES ELE,1994-11-27 00:00,1994-11-26 00:00,958.58,,FEET
SHA,D,6,RES ELE,1994-11-28 00:00,1994-11-27 00:00,958.66,,FEET
SHA,D,6,RES ELE,1994-11-29 00:00,1994-11-28 00:00,958.61,,FEET
SHA,D,6,RES ELE,1994-11-30 00:00,1994-11-29 00:00,958.50,,FEET
SHA,D,6,RES ELE,1994-12-01 00:00,1994-11-30 00:00,958.49,,FEET
SHA,D,6,RES ELE,1994-12-02 00:00,1994-12-01 00:00,958.51,,FEET
SHA,D,6,RES ELE,1994-12-03 00:00,1994-12-02 00:00,958.45,,FEET
SHA,D,6,RES ELE,1994-12-04 00:00,1994-12-03 00:00,958.62,,FEET
SHA,D,6,RES ELE,1994-12-05 00:00,1994-12-04 00:00,958.63,,FEET
SHA,D,6,RES ELE,1994-12-06 00:00,1994-12-05 00:00,958.75,,FEET
SHA,D,6,RES ELE,1994-12-07 00:00,1994-12-07 00:00,958.53,,FEET
SHA,D,6,RES ELE,1994-12-08 00:00,1994-12-07 00:00,958.53,,FEET
SHA,D,6,RES ELE,1994-12-09 00:00,1994-12-09 00:00,958.54,,FEET
SHA,D,6,RES ELE,1994-12-10 00:00,1994-12-10 00:00,,,FEET
SHA,D,6,RES ELE,1994-12-11 00:00,1994-12-11 00:00,958.59,,FEET
SHA,D,6,RES ELE,1994-12-12 00:00,1994-12-11 00:00,958.59,,FEET
SHA,D,6,RES ELE,1994-12-13 00:00,1994-12-13 00:00,958.64,,FEET
SHA,D,6,RES ELE,1994-12-14 00:00,1994-12-13 00:00,958.64,,FEET
SHA,D,6,RES ELE,1994-12-15 00:00,1994-12-14 00:00,959.02,,FEET
SHA,D,6,RES ELE,1994-12-16 00:00,1994-12-15 00:00,959.10,,FEET
SHA,D,6,RES ELE,1994-12-17 00:00,1994-12-16 00:00,959.30,,FEET
SHA,D,6,RES ELE,1994-12-18 00:00,1994-12-17 00:00,959.38,,FEET
SHA,D,6,RES ELE,1994-12-19 00:00,1994-12-18 00:00,959.35,,FEET
SHA,D,6,RES ELE,1994-12-20 00:00,1994-12-19 00:00,959.51,,FEET
SHA,D,6,RES ELE,1994-12-21 00:00,1994-12-20 00:00,959.63,,FEET
SHA,D,6,RES ELE,1994-12-22 00:00,1994-12-21 00:00,959.70,,FEET
SHA,D,6,RES ELE,1994-12-23 00:00,1994-12-23 00:00,959.74,,FEET
SHA,D,6,RES ELE,1994-12-24 00:00,1994-12-23 00:00,959.74,,FEET
SHA,D,6,RES ELE,1994-12-25 00:00,1994-12-24 00:00,959.74,,FEET
SHA,D,6,RES ELE,1994-12-26 00:00,1994-12-25 00:00,959.56,,FEET
SHA,D,6,RES ELE,1994-12-27 00:00,1994-12-26 00:00,959.53,,FEET
SHA,D,6,RES ELE,1994-12-28 00:00,1994-12-27 00:00,959.54,,FEET
SHA,D,6,RES ELE,1994-12-29 00:00,1994-12-28 00:00,959.60,,FEET
SHA,D,6,RES ELE,1994-12-30 00:00,1994-12-29 00:00,959.60,,FEET
SHA,D,6,RES ELE,1994-12-31 00:00,1994-12-31 00:00,959.76,,FEET
SHA,D,6,RES ELE,1995-01-01 00:00,1995-01-01 00:00,959.85,,FEET
SHA,D,6,RES ELE,1995-01-02 00:00,1995-01-01 00:00,959.85,,FEET
SHA,D,6,RES ELE,1995-01-03 00:00,1995-01-02 00:00,959.72,,FEET
SHA,D,6,RES ELE,1995-01-04 00:00,1995-01-04 00:00,960.14,,FEET
SHA,D,6,RES ELE,1995-01-05 00:00,1995-01-04 00:00,960.14,,FEET
SHA,D,6,RES ELE,1995-01-06 00:00,1995-01-05 00:00,960.38,,FEET
SHA,D,6,RES ELE,1995-01-07 00:00,1995-01-06 00:00,961.10,,FEET
SHA,D,6,RES ELE,1995-01-08 00:00,1995-01-07 00:00,963.24,,FEET
SHA,D,6,RES ELE,1995-01-09 00:00,1995-01-08 00:00,969.35,,FEET
SHA,D,6,RES ELE,1995-01-10 00:00,1995-01-09 00:00,980.81,,FEET
SHA,D,6,RES ELE,1995-01-11 00:00,1995-01-10 00:00,988.49,,FEET
SHA,D,6,RES ELE,1995-01-12 00:00,1995-01-11 00:00,994.70,,FEET
SHA,D,6,RES ELE,1995-01-13 00:00,1995-01-12 00:00,1002.08,,FEET
SHA,D,6,RES ELE,1995-01-14 00:00,1995-01-14 00:00,1017.15,,FEET
SHA,D,6,RES ELE,1995-01-15 00:00,1995-01-14 00:00,1017.15,,FEET
SHA,D,6,RES ELE,1995-01-16 00:00,1995-01-15 00:00,1020.53,,FEET
SHA,D,6,RES ELE,1995-01-17 00:00,1995-01-16 00:00,1022.63,,FEET
SHA,D,6,RES ELE,1995-01-18 00:00,1995-01-17 00:00,1023.80,,FEET
SHA,D,6,RES ELE,1995-01-19 00:00,1995-01-18 00:00,1024.02,,FEET
SHA,D,6,RES ELE,1995-01-20 00:00,1995-01-19 00:00,1022.91,,FEET
SHA,D,6,RES ELE,1995-01-21 00:00,1995-01-20 00:00,1021.61,,FEET
SHA,D,6,RES ELE,1995-01-22 00:00,1995-01-21 00:00,1020.63,,FEET
SHA,D,6,RES ELE,1995-01-23 00:00,1995-01-22 00:00,1020.17,,FEET
SHA,D,6,RES ELE,1995-01-24 00:00,1995-01-23 00:00,1021.67,,FEET
SHA,D,6,RES ELE,1995-01-25 00:00,1995-01-24 00:00,1023.49,,FEET
SHA,D,6,RES ELE,1995-01-26 00:00,1995-01-25 00:00,1024.90,,FEET
SHA,D,6,RES ELE,1995-01-27 00:00,1995-01-27 00:00,1026.74,,FEET
SHA,D,6,RES ELE,1995-01-28 00:00,1995-01-28 00:00,1026.40,,FEET
SHA,D,6,RES ELE,1995-01-29 00:00,1995-01-28 00:00,1026.40,,FEET
SHA,D,6,RES ELE,1995-01-30 00:00,1995-01-29 00:00,1026.43,,FEET
SHA,D,6,RES ELE,1995-01-31 00:00,1995-01-30 00:00,1027.09,,FEET
SHA,D,6,RES ELE,1995-02-01 00:00,1995-01-31 00:00,1029.44,,FEET
SHA,D,6,RES ELE,1995-02-02 00:00,1995-02-01 00:00,1031.27,,FEET
SHA,D,6,RES ELE,1995-02-03 00:00,1995-02-02 00:00,1031.70,,FEET
SHA,D,6,RES ELE,1995-02-04 00:00,1995-02-04 00:00,1030.20,,FEET
SHA,D,6,RES ELE,1995-02-05 00:00,1995-02-05 00:00,1029.10,,FEET
SHA,D,6,RES ELE,1995-02-06 00:00,1995-02-05 00:00,1029.10,,FEET
SHA,D,6,RES ELE,1995-02-07 00:00,1995-02-06 00:00,1027.70,,FEET
SHA,D,6,RES ELE,1995-02-08 00:00,1995-02-07 00:00,1026.10,,FEET
SHA,D,6,RES ELE,1995-02-09 00:00,1995-02-08 00:00,1024.76,,FEET
SHA,D,6,RES ELE,1995-02-10 00:00,1995-02-10 00:00,1022.96,,FEET
SHA,D,6,RES ELE,1995-02-11 00:00,1995-02-10 00:00,1022.96,,FEET
SHA,D,6,RES ELE,1995-02-12 00:00,1995-02-11 00:00,1022.58,,FEET
SHA,D,6,RES ELE,1995-02-13 00:00,1995-02-12 00:00,1022.19,,FEET
SHA,D,6,RES ELE,1995-02-14 00:00,1995-02-13 00:00,1022.13,,FEET
SHA,D,6,RES ELE,1995-02-15 00:00,1995-02-15 00:00,1022.36,,FEET
SHA,D,6,RES ELE,1995-02-16 00:00,1995-02-15 00:00,1022.36,,FEET
SHA,D,6,RES ELE,1995-02-17 00:00,1995-02-16 00:00,1022.55,,FEET
SHA,D,6,RES ELE,1995-02-18 00:00,1995-02-17 00:00,1022.79,,FEET
SHA,D,6,RES ELE,1995-02-19 00:00,1995-02-18 00:00,1023.07,,FEET
SHA,D,6,RES ELE,1995-02-20 00:00,1995-02-19 00:00,1023.44,,FEET
SHA,D,6,RES ELE,1995-02-21 00:00,1995-02-20 00:00,1023.68,,FEET
SHA,D,6,RES ELE,1995-02-22 00:00,1995-02-22 00:00,1024.40,,FEET
SHA,D,6,RES ELE,1995-02-23 00:00,1995-02-22 00:00,1024.40,,FEET
SHA,D,6,RES ELE,1995-02-24 00:00,1995-02-23 00:00,1024.80,,FEET
SHA,D,6,RES ELE,1995-02-25 00:00,1995-02-24 00:00,1025.23,,FEET
SHA,D,6,RES ELE,1995-02-26 00:00,1995-02-26 00:00,1025.90,,FEET
SHA,D,6,RES ELE,1995-02-27 00:00,1995-02-26 00:00,1025.90,,FEET
SHA,D,6,RES ELE,1995-02-28 00:00,1995-02-27 00:00,1026.25,,FEET
SHA,D,6,RES ELE,1995-03-01 00:00,1995-03-01 00:00,1027.02,,FEET
SHA,D,6,RES ELE,1995-03-02 00:00,1995-03-01 00:00,1027.02,,FEET
SHA,D,6,RES ELE,1995-03-03 00:00,1995-03-02 00:00,1027.98,,FEET
SHA,D,6,RES ELE,1995-03-04 00:00,1995-03-03 00:00,1029.38,,FEET
SHA,D,6,RES ELE,1995-03-05 00:00,1995-03-04 00:00,1030.66,,FEET
SHA,D,6,RES ELE,1995-03-06 00:00,1995-03-05 00:00,1031.69,,FEET
SHA,D,6,RES ELE,1995-03-07 00:00,1995-03-06 00:00,1032.51,,FEET
SHA,D,6,RES ELE,1995-03-08 00:00,1995-03-07 00:00,1033.21,,FEET
SHA,D,6,RES ELE,1995-03-09 00:00,1995-03-08 00:00,1034.47,,FEET
SHA,D,6,RES ELE,1995-03-10 00:00,1995-03-09 00:00,1040.86,,FEET
SHA,D,6,RES ELE,1995-03-11 00:00,1995-03-10 00:00,1046.96,,FEET
SHA,D,6,RES ELE,1995-03-12 00:00,1995-03-11 00:00,1050.37,,FEET
SHA,D,6,RES ELE,1995-03-13 00:00,1995-03-12 00:00,1051.44,,FEET
SHA,D,6,RES ELE,1995-03-14 00:00,1995-03-13 00:00,1052.55,,FEET
SHA,D,6,RES ELE,1995-03-15 00:00,1995-03-14 00:00,1056.48,,FEET
SHA,D,6,RES ELE,1995-03-16 00:00,1995-03-15 00:00,1057.83,,FEET
SHA,D,6,RES ELE,1995-03-17 00:00,1995-03-16 00:00,1056.31,,FEET
SHA,D,6,RES ELE,1995-03-18 00:00,1995-03-17 00:00,1053.83,,FEET
SHA,D,6,RES ELE,1995-03-19 00:00,1995-03-18 00:00,1051.58,,FEET
SHA,D,6,RES ELE,1995-03-20 00:00,1995-03-19 00:00,1049.27,,FEET
SHA,D,6,RES ELE,1995-03-21 00:00,1995-03-20 00:00,1049.31,,FEET
SHA,D,6,RES ELE,1995-03-22 00:00,1995-03-21 00:00,1049.12,,FEET
SHA,D,6,RES ELE,1995-03-23 00:00,1995-03-22 00:00,1049.15,,FEET
SHA,D,6,RES ELE,1995-03-24 00:00,1995-03-23 00:00,1048.71,,FEET
SHA,D,6,RES ELE,1995-03-25 00:00,1995-03-24 00:00,1047.77,,FEET
SHA,D,6,RES ELE,1995-03-26 00:00,1995-03-25 00:00,1047.18,,FEET
SHA,D,6,RES ELE,1995-03-27 00:00,1995-03-26 00:00,1046.68,,FEET
SHA,D,6,RES ELE,1995-03-28 00:00,1995-03-27 00:00,1045.84,,FEET
SHA,D,6,RES ELE,1995-03-29 00:00,1995-03-28 00:00,1045.35,,FEET
SHA,D,6,RES ELE,1995-03-30 00:00,1995-03-29 00:00,1045.05,,FEET
SHA,D,6,RES ELE,1995-03-31 00:00,1995-03-30 00:00,1044.98,,FEET
SHA,D,6,RES ELE,1995-04-01 00:00,1995-04-01 00:00,1045.18,,FEET
SHA,D,6,RES ELE,1995-04-02 00:00,1995-04-02 00:00,1045.27,,FEET
SHA,D,6,RES ELE,1995-04-03 00:00,1995-04-03 00:00,1045.48,,FEET
SHA,D,6,RES ELE,1995-04-04 00:00,1995-04-04 00:00,1045.82,,FEET
SHA,D,6,RES ELE,1995-04-05 00:00,1995-04-05 00:00,1046.21,,FEET
SHA,D,6,RES ELE,1995-04-06 00:00,1995-04-06 00:00,1047.60,,FEET
SHA,D,6,RES ELE,1995-04-07 00:00,1995-04-07 00:00,1050.79,,FEET
SHA,D,6,RES ELE,1995-04-08 00:00,1995-04-08 00:00,1052.32,,FEET
SHA,D,6,RES ELE,1995-04-09 00:00,1995-04-09 00:00,1052.79,,FEET
SHA,D,6,RES ELE,1995-04-10 00:00,1995-04-10 00:00,1053.05,,FEET
SHA,D,6,RES ELE,1995-04-11 00:00,1995-04-11 00:00,1052.83,,FEET
SHA,D,6,RES ELE,1995-04-12 00:00,1995-04-12 00:00,1052.02,,FEET
SHA,D,6,RES ELE,1995-04-13 00:00,1995-04-13 00:00,1051.36,,FEET
SHA,D,6,RES ELE,1995-04-14 00:00,1995-04-14 00:00,1050.87,,FEET
SHA,D,6,RES ELE,1995-04-15 00:00,1995-04-15 00:00,1050.43,,FEET
SHA,D,6,RES ELE,1995-04-16 00:00,1995-04-16 00:00,1050.06,,FEET
SHA,D,6,RES ELE,1995-04-17 00:00,1995-04-17 00:00,1049.96,,FEET
SHA,D,6,RES ELE,1995-04-18 00:00,1995-04-18 00:00,1049.95,,FEET
SHA,D,6,RES ELE,1995-04-19 00:00,1995-04-19 00:00,1050.02,,FEET
SHA,D,6,RES ELE,1995-04-20 00:00,1995-04-20 00:00,1050.27,,FEET
SHA,D,6,RES ELE,1995-04-21 00:00,1995-04-21 00:00,1050.57,,FEET
SHA,D,6,RES ELE,1995-04-22 00:00,1995-04-22 00:00,1051.05,,FEET
SHA,D,6,RES ELE,1995-04-23 00:00,1995-04-23 00:00,1051.57,,FEET
SHA,D,6,RES ELE,1995-04-24 00:00,1995-04-24 00:00,1052.19,,FEET
SHA,D,6,RES ELE,1995-04-25 00:00,1995-04-25 00:00,1052.84,,FEET
SHA,D,6,RES ELE,1995-04-26 00:00,1995-04-26 00:00,1053.44,,FEET
SHA,D,6,RES ELE,1995-04-27 00:00,1995-04-27 00:00,1053.91,,FEET
SHA,D,6,RES ELE,1995-04-28 00:00,1995-04-28 00:00,1053.48,,FEET
SHA,D,6,RES ELE,1995-04-29 00:00,1995-04-29 00:00,1053.52,,FEET
SHA,D,6,RES ELE,1995-04-30 00:00,1995-04-30 00:00,1053.65,,FEET
SHA,D,6,RES ELE,1995-05-01 00:00,1995-05-01 00:00,1054.98,,FEET
SHA,D,6,RES ELE,1995-05-02 00:00,1995-05-02 00:00,1055.90,,FEET
SHA,D,6,RES ELE,1995-05-03 00:00,1995-05-03 00:00,1056.45,,FEET
SHA,D,6,RES ELE,1995-05-04 00:00,1995-05-04 00:00,1056.64,,FEET
SHA,D,6,RES ELE,1995-05-05 00:00,1995-05-05 00:00,1056.51,,FEET
SHA,D,6,RES ELE,1995-05-06 00:00,1995-05-06 00:00,1056.17,,FEET
SHA,D,6,RES ELE,1995-05-07 00:00,1995-05-07 00:00,1055.74,,FEET
SHA,D,6,RES ELE,1995-05-08 00:00,1995-05-08 00:00,1055.06,,FEET
SHA,D,6,RES ELE,1995-05-09 00:00,1995-05-09 00:00,1054.70,,FEET
SHA,D,6,RES ELE,1995-05-10 00:00,1995-05-10 00:00,1054.58,,FEET
SHA,D,6,RES ELE,1995-05-11 00:00,1995-05-11 00:00,1054.47,,FEET
SHA,D,6,RES ELE,1995-05-12 00:00,1995-05-12 00:00,1054.42,,FEET
SHA,D,6,RES ELE,1995-05-13 00:00,1995-05-13 00:00,1054.44,,FEET
SHA,D,6,RES ELE,1995-05-14 00:00,1995-05-14 00:00,1054.52,,FEET
SHA,D,6,RES ELE,1995-05-15 00:00,1995-05-15 00:00,1054.75,,FEET
SHA,D,6,RES ELE,1995-05-16 00:00,1995-05-16 00:00,1055.09,,FEET
SHA,D,6,RES ELE,1995-05-17 00:00,1995-05-17 00:00,1055.61,,FEET
SHA,D,6,RES ELE,1995-05-18 00:00,1995-05-18 00:00,1056.17,,FEET
SHA,D,6,RES ELE,1995-05-19 00:00,1995-05-19 00:00,1056.59,,FEET
SHA,D,6,RES ELE,1995-05-20 00:00,1995-05-20 00:00,1056.73,,FEET
SHA,D,6,RES ELE,1995-05-21 00:00,1995-05-21 00:00,1057.02,,FEET
SHA,D,6,RES ELE,1995-05-22 00:00,1995-05-22 00:00,1057.33,,FEET
SHA,D,6,RES ELE,1995-05-23 00:00,1995-05-23 00:00,1057.55,,FEET
SHA,D,6,RES ELE,1995-05-24 00:00,1995-05-24 00:00,1057.71,,FEET
SHA,D,6,RES ELE,1995-05-25 00:00,1995-05-25 00:00,1057.88,,FEET
SHA,D,6,RES ELE,1995-05-26 00:00,1995-05-26 00:00,1058.08,,FEET
SHA,D,6,RES ELE,1995-05-27 00:00,1995-05-27 00:00,1058.22,,FEET
SHA,D,6,RES ELE,1995-05-28 00:00,1995-05-28 00:00,1058.29,,FEET
SHA,D,6,RES ELE,1995-05-29 00:00,1995-05-29 00:00,1058.31,,FEET
SHA,D,6,RES ELE,1995-05-30 00:00,1995-05-30 00:00,1058.26,,FEET
SHA,D,6,RES ELE,1995-05-31 00:00,1995-05-31 00:00,1058.26,,FEET
SHA,D,6,RES ELE,1995-06-01 00:00,1995-06-01 00:00,1058.26,,FEET
SHA,D,6,RES ELE,1995-06-02 00:00,1995-06-02 00:00,1058.38,,FEET
SHA,D,6,RES ELE,1995-06-03 00:00,1995-06-03 00:00,1058.49,,FEET
SHA,D,6,RES ELE,1995-06-04 00:00,1995-06-04 00:00,1058.38,,FEET
SHA,D,6,RES ELE,1995-06-05 00:00,1995-06-05 00:00,1058.27,,FEET
SHA,D,6,RES ELE,1995-06-06 00:00,1995-06-06 00:00,1058.18,,FEET
SHA,D,6,RES ELE,1995-06-07 00:00,1995-06-07 00:00,1058.14,,FEET
SHA,D,6,RES ELE,1995-06-08 00:00,1995-06-08 00:00,1058.17,,FEET
SHA,D,6,RES ELE,1995-06-09 00:00,1995-06-09 00:00,1058.09,,FEET
SHA,D,6,RES ELE,1995-06-10 00:00,1995-06-10 00:00,1058.01,,FEET
SHA,D,6,RES ELE,1995-06-11 00:00,1995-06-11 00:00,1057.83,,FEET
SHA,D,6,RES ELE,1995-06-12 00:00,1995-06-12 00:00,1057.72,,FEET
SHA,D,6,RES ELE,1995-06-13 00:00,1995-06-13 00:00,1057.62,,FEET
SHA,D,6,RES ELE,1995-06-14 00:00,1995-06-14 00:00,1057.89,,FEET
SHA,D,6,RES ELE,1995-06-15 00:00,1995-06-15 00:00,1058.09,,FEET
SHA,D,6,RES ELE,1995-06-16 00:00,1995-06-16 00:00,1058.18,,FEET
SHA,D,6,RES ELE,1995-06-17 00:00,1995-06-17 00:00,1058.31,,FEET
SHA,D,6,RES ELE,1995-06-18 00:00,1995-06-18 00:00,1058.41,,FEET
SHA,D,6,RES ELE,1995-06-19 00:00,1995-06-19 00:00,1058.59,,FEET
SHA,D,6,RES ELE,1995-06-20 00:00,1995-06-20 00:00,1058.58,,FEET
SHA,D,6,RES ELE,1995-06-21 00:00,1995-06-21 00:00,1058.45,,FEET
SHA,D,6,RES ELE,1995-06-22 00:00,1995-06-22 00:00,1058.27,,FEET
SHA,D,6,RES ELE,1995-06-23 00:00,1995-06-23 00:00,1058.07,,FEET
SHA,D,6,RES ELE,1995-06-24 00:00,1995-06-24 00:00,1057.81,,FEET
SHA,D,6,RES ELE,1995-06-25 00:00,1995-06-25 00:00,1057.60,,FEET
SHA,D,6,RES ELE,1995-06-26 00:00,1995-06-26 00:00,1057.33,,FEET
SHA,D,6,RES ELE,1995-06-27 00:00,1995-06-27 00:00,1057.08,,FEET
SHA,D,6,RES ELE,1995-06-28 00:00,1995-06-28 00:00,1056.83,,FEET
SHA,D,6,RES ELE,1995-06-29 00:00,1995-06-29 00:00,1056.48,,FEET
SHA,D,6,RES ELE,1995-06-30 00:00,1995-06-30 00:00,1056.19,,FEET
SHA,D,6,RES ELE,1995-07-01 00:00,1995-07-01 00:00,1055.64,,FEET
SHA,D,6,RES ELE,1995-07-02 00:00,1995-07-02 00:00,1055.06,,FEET
SHA,D,6,RES ELE,1995-07-03 00:00,1995-07-03 00:00,1054.64,,FEET
SHA,D,6,RES ELE,1995-07-04 00:00,1995-07-04 00:00,1054.22,,FEET
SHA,D,6,RES ELE,1995-07-05 00:00,1995-07-05 00:00,1053.79,,FEET
SHA,D,6,RES ELE,1995-07-06 00:00,1995-07-06 00:00,1053.46,,FEET
SHA,D,6,RES ELE,1995-07-07 00:00,1995-07-07 00:00,1053.15,,FEET
SHA,D,6,RES ELE,1995-07-08 00:00,1995-07-08 00:00,1052.70,,FEET
SHA,D,6,RES ELE,1995-07-09 00:00,1995-07-09 00:00,1052.08,,FEET
SHA,D,6,RES ELE,1995-07-10 00:00,1995-07-10 00:00,1051.66,,FEET
SHA,D,6,RES ELE,1995-07-11 00:00,1995-07-11 00:00,1051.16,,FEET
SHA,D,6,RES ELE,1995-07-12 00:00,1995-07-12 00:00,1050.72,,FEET
SHA,D,6,RES ELE,1995-07-13 00:00,1995-07-13 00:00,1050.33,,FEET
SHA,D,6,RES ELE,1995-07-14 00:00,1995-07-14 00:00,1049.85,,FEET
SHA,D,6,RES ELE,1995-07-15 00:00,1995-07-15 00:00,1049.41,,FEET
SHA,D,6,RES ELE,1995-07-16 00:00,1995-07-16 00:00,1048.85,,FEET
SHA,D,6,RES ELE,1995-07-17 00:00,1995-07-17 00:00,1048.38,,FEET
SHA,D,6,RES ELE,1995-07-18 00:00,1995-07-18 00:00,1047.91,,FEET
SHA,D,6,RES ELE,1995-07-19 00:00,1995-07-19 00:00,1047.54,,FEET
SHA,D,6,RES ELE,1995-07-20 00:00,1995-07-20 00:00,1047.16,,FEET
SHA,D,6,RES ELE,1995-07-21 00:00,1995-07-21 00:00,1046.72,,FEET
SHA,D,6,RES ELE,1995-07-22 00:00,1995-07-22 00:00,1046.24,,FEET
SHA,D,6,RES ELE,1995-07-23 00:00,1995-07-23 00:00,1045.76,,FEET
SHA,D,6,RES ELE,1995-07-24 00:00,1995-07-24 00:00,1045.10,,FEET
SHA,D,6,RES ELE,1995-07-25 00:00,1995-07-25 00:00,1044.49,,FEET
SHA,D,6,RES ELE,1995-07-26 00:00,1995-07-26 00:00,1044.00,,FEET
SHA,D,6,RES ELE,1995-07-27 00:00,1995-07-27 00:00,1043.45,,FEET
SHA,D,6,RES ELE,1995-07-28 00:00,1995-07-28 00:00,,,FEET
SHA,D,6,RES ELE,1995-07-29 00:00,1995-07-29 00:00,1042.43,,FEET
SHA,D,6,RES ELE,1995-07-30 00:00,1995-07-30 00:00,1042.08,,FEET
SHA,D,6,RES ELE,1995-07-31 00:00,1995-07-31 00:00,1041.64,,FEET
SHA,D,6,RES ELE,1995-08-01 00:00,1995-08-01 00:00,1041.08,,FEET
SHA,D,6,RES ELE,1995-08-02 00:00,1995-08-02 00:00,1040.37,,FEET
SHA,D,6,RES ELE,1995-08-03 00:00,1995-08-03 00:00,1039.72,,FEET
SHA,D,6,RES ELE,1995-08-04 00:00,1995-08-04 00:00,1039.22,,FEET
SHA,D,6,RES ELE,1995-08-05 00:00,1995-08-05 00:00,1038.70,,FEET
SHA,D,6,RES ELE,1995-08-06 00:00,1995-08-06 00:00,1038.16,,FEET
SHA,D,6,RES ELE,1995-08-07 00:00,1995-08-07 00:00,1037.48,,FEET
SHA,D,6,RES ELE,1995-08-08 00:00,1995-08-08 00:00,1036.79,,FEET
SHA,D,6,RES ELE,1995-08-09 00:00,1995-08-09 00:00,1036.27,,FEET
SHA,D,6,RES ELE,1995-08-10 00:00,1995-08-10 00:00,1035.68,,FEET
SHA,D,6,RES ELE,1995-08-11 00:00,1995-08-11 00:00,,,FEET
SHA,D,6,RES ELE,1995-08-12 00:00,1995-08-12 00:00,,,FEET
SHA,D,6,RES ELE,1995-08-13 00:00,1995-08-13 00:00,1033.83,,FEET
SHA,D,6,RES ELE,1995-08-14 00:00,1995-08-14 00:00,1033.24,,FEET
SHA,D,6,RES ELE,1995-08-15 00:00,1995-08-15 00:00,1032.81,,FEET
SHA,D,6,RES ELE,1995-08-16 00:00,1995-08-16 00:00,1032.36,,FEET
SHA,D,6,RES ELE,1995-08-17 00:00,1995-08-17 00:00,1031.83,,FEET
SHA,D,6,RES ELE,1995-08-18 00:00,1995-08-18 00:00,1031.28,,FEET
SHA,D,6,RES ELE,1995-08-19 00:00,1995-08-19 00:00,1030.62,,FEET
SHA,D,6,RES ELE,1995-08-20 00:00,1995-08-20 00:00,1029.92,,FEET
SHA,D,6,RES ELE,1995-08-21 00:00,1995-08-21 00:00,1029.37,,FEET
SHA,D,6,RES ELE,1995-08-22 00:00,1995-08-22 00:00,1028.95,,FEET
SHA,D,6,RES ELE,1995-08-23 00:00,1995-08-23 00:00,1028.16,,FEET
SHA,D,6,RES ELE,1995-08-24 00:00,1995-08-24 00:00,1027.60,,FEET
SHA,D,6,RES ELE,1995-08-25 00:00,1995-08-25 00:00,1027.14,,FEET
SHA,D,6,RES ELE,1995-08-26 00:00,1995-08-26 00:00,,,FEET
SHA,D,6,RES ELE,1995-08-27 00:00,1995-08-27 00:00,1025.99,,FEET
SHA,D,6,RES ELE,1995-08-28 00:00,1995-08-28 00:00,1025.57,,FEET
SHA,D,6,RES ELE,1995-08-29 00:00,1995-08-29 00:00,1025.18,,FEET
SHA,D,6,RES ELE,1995-08-30 00:00,1995-08-30 00:00,1024.81,,FEET
SHA,D,6,RES ELE,1995-08-31 00:00,1995-08-31 00:00,1024.27,,FEET
SHA,D,6,RES ELE,1995-09-01 00:00,1995-09-01 00:00,,,FEET
SHA,D,6,RES ELE,1995-09-02 00:00,1995-09-02 00:00,,,FEET
SHA,D,6,RES ELE,1995-09-03 00:00,1995-09-03 00:00,,,FEET
SHA,D,6,RES ELE,1995-09-04 00:00,1995-09-04 00:00,1022.70,,FEET
SHA,D,6,RES ELE,1995-09-05 00:00,1995-09-05 00:00,1022.38,,FEET
SHA,D,6,RES ELE,1995-09-06 00:00,1995-09-06 00:00,1022.05,,FEET
SHA,D,6,RES ELE,1995-09-07 00:00,1995-09-07 00:00,1021.66,,FEET
SHA,D,6,RES ELE,1995-09-08 00:00,1995-09-08 00:00,1021.34,,FEET
SHA,D,6,RES ELE,1995-09-09 00:00,1995-09-09 00:00,1020.81,,FEET
SHA,D,6,RES ELE,1995-09-10 00:00,1995-09-10 00:00,1020.28,,FEET
SHA,D,6,RES ELE,1995-09-11 00:00,1995-09-11 00:00,1020.28,,FEET
SHA,D,6,RES ELE,1995-09-12 00:00,1995-09-12 00:00,1019.57,,FEET
SHA,D,6,RES ELE,1995-09-13 00:00,1995-09-13 00:00,1019.00,,FEET
SHA,D,6,RES ELE,1995-09-14 00:00,1995-09-14 00:00,1018.58,,FEET
SHA,D,6,RES ELE,1995-09-15 00:00,1995-09-15 00:00,1018.28,,FEET
SHA,D,6,RES ELE,1995-09-16 00:00,1995-09-16 00:00,1017.78,,FEET
SHA,D,6,RES ELE,1995-09-17 00:00,1995-09-17 00:00,1017.33,,FEET
SHA,D,6,RES ELE,1995-09-18 00:00,1995-09-18 00:00,1016.96,,FEET
SHA,D,6,RES ELE,1995-09-19 00:00,1995-09-19 00:00,1016.54,,FEET
SHA,D,6,RES ELE,1995-09-20 00:00,1995-09-20 00:00,1016.23,,FEET
SHA,D,6,RES ELE,1995-09-21 00:00,1995-09-21 00:00,1015.95,,FEET
SHA,D,6,RES ELE,1995-09-22 00:00,1995-09-22 00:00,1015.68,,FEET
SHA,D,6,RES ELE,1995-09-23 00:00,1995-09-23 00:00,1015.37,,FEET
SHA,D,6,RES ELE,1995-09-24 00:00,1995-09-24 00:00,1014.95,,FEET
SHA,D,6,RES ELE,1995-09-25 00:00,1995-09-25 00:00,1014.62,,FEET
SHA,D,6,RES ELE,1995-09-26 00:00,1995-09-26 00:00,1014.52,,FEET
SHA,D,6,RES ELE,1995-09-27 00:00,1995-09-27 00:00,1014.38,,FEET
SHA,D,6,RES ELE,1995-09-28 00:00,1995-09-28 00:00,1014.19,,FEET
SHA,D,6,RES ELE,1995-09-29 00:00,1995-09-29 00:00,1013.92,,FEET
SHA,D,6,RES ELE,1995-09-30 00:00,1995-09-30 00:00,1013.66,,FEET
SHA,D,6,RES ELE,1995-10-01 00:00,1995-10-01 00:00,,,FEET
SHA,D,6,RES ELE,1995-10-02 00:00,1995-10-02 00:00,1013.30,,FEET
SHA,D,6,RES ELE,1995-10-03 00:00,1995-10-03 00:00,1013.21,,FEET
SHA,D,6,RES ELE,1995-10-04 00:00,1995-10-04 00:00,1013.12,,FEET
SHA,D,6,RES ELE,1995-10-05 00:00,1995-10-05 00:00,1013.16,,FEET
SHA,D,6,RES ELE,1995-10-06 00:00,1995-10-06 00:00,1013.18,,FEET
SHA,D,6,RES ELE,1995-10-07 00:00,1995-10-07 00:00,1013.03,,FEET
SHA,D,6,RES ELE,1995-10-08 00:00,1995-10-08 00:00,1012.92,,FEET
SHA,D,6,RES ELE,1995-10-09 00:00,1995-10-09 00:00,1012.97,,FEET
SHA,D,6,RES ELE,1995-10-10 00:00,1995-10-10 00:00,1012.90,,FEET
SHA,D,6,RES ELE,1995-10-11 00:00,1995-10-11 00:00,1012.92,,FEET
SHA,D,6,RES ELE,1995-10-12 00:00,1995-10-12 00:00,1012.99,,FEET
SHA,D,6,RES ELE,1995-10-13 00:00,1995-10-13 00:00,1013.02,,FEET
SHA,D,6,RES ELE,1995-10-14 00:00,1995-10-14 00:00,1012.98,,FEET
SHA,D,6,RES ELE,1995-10-15 00:00,1995-10-15 00:00,1012.93,,FEET
SHA,D,6,RES ELE,1995-10-16 00:00,1995-10-16 00:00,1012.92,,FEET
SHA,D,6,RES ELE,1995-10-17 00:00,1995-10-17 00:00,1012.97,,FEET
SHA,D,6,RES ELE,1995-10-18 00:00,1995-10-18 00:00,1012.93,,FEET
SHA,D,6,RES ELE,1995-10-19 00:00,1995-10-19 00:00,1012.88,,FEET
SHA,D,6,RES ELE,1995-10-20 00:00,1995-10-20 00:00,1012.95,,FEET
SHA,D,6,RES ELE,1995-10-21 00:00,1995-10-21 00:00,1012.95,,FEET
SHA,D,6,RES ELE,1995-10-22 00:00,1995-10-22 00:00,1012.88,,FEET
SHA,D,6,RES ELE,1995-10-23 00:00,1995-10-23 00:00,1012.91,,FEET
SHA,D,6,RES ELE,1995-10-24 00:00,1995-10-24 00:00,1012.77,,FEET
SHA,D,6,RES ELE,1995-10-25 00:00,1995-10-25 00:00,1012.68,,FEET
SHA,D,6,RES ELE,1995-10-26 00:00,1995-10-26 00:00,1012.59,,FEET
SHA,D,6,RES ELE,1995-10-27 00:00,1995-10-27 00:00,1012.50,,FEET
SHA,D,6,RES ELE,1995-10-28 00:00,1995-10-28 00:00,1012.55,,FEET
SHA,D,6,RES ELE,1995-10-29 00:00,1995-10-29 00:00,1012.44,,FEET
SHA,D,6,RES ELE,1995-10-30 00:00,1995-10-30 00:00,1012.41,,FEET
SHA,D,6,RES ELE,1995-10-31 00:00,1995-10-31 00:00,1012.29,,FEET
SHA,D,6,RES ELE,1995-11-01 00:00,1995-11-01 00:00,1012.28,,FEET
SHA,D,6,RES ELE,1995-11-02 00:00,1995-11-02 00:00,1012.29,,FEET
SHA,D,6,RES ELE,1995-11-03 00:00,1995-11-03 00:00,1012.20,,FEET
SHA,D,6,RES ELE,1995-11-04 00:00,1995-11-04 00:00,1012.12,,FEET
SHA,D,6,RES ELE,1995-11-05 00:00,1995-11-05 00:00,1012.00,,FEET
SHA,D,6,RES ELE,1995-11-06 00:00,1995-11-06 00:00,1011.87,,FEET
SHA,D,6,RES ELE,1995-11-07 00:00,1995-11-07 00:00,1011.76,,FEET
SHA,D,6,RES ELE,1995-11-08 00:00,1995-11-08 00:00,1011.74,,FEET
SHA,D,6,RES ELE,1995-11-09 00:00,1995-11-09 00:00,,,FEET
SHA,D,6,RES ELE,1995-11-10 00:00,1995-11-10 00:00,1011.64,,FEET
SHA,D,6,RES ELE,1995-11-11 00:00,1995-11-11 00:00,1011.53,,FEET
SHA,D,6,RES ELE,1995-11-12 00:00,1995-11-12 00:00,1011.42,,FEET
SHA,D,6,RES ELE,1995-11-13 00:00,1995-11-13 00:00,1011.28,,FEET
SHA,D,6,RES ELE,1995-11-14 00:00,1995-11-14 00:00,1011.24,,FEET
SHA,D,6,RES ELE,1995-11-15 00:00,1995-11-15 00:00,1011.20,,FEET
SHA,D,6,RES ELE,1995-11-16 00:00,1995-11-16 00:00,1011.12,,FEET
SHA,D,6,RES ELE,1995-11-17 00:00,1995-11-17 00:00,1011.01,,FEET
SHA,D,6,RES ELE,1995-11-18 00:00,1995-11-18 00:00,1010.88,,FEET
SHA,D,6,RES ELE,1995-11-19 00:00,1995-11-19 00:00,1010.71,,FEET
SHA,D,6,RES ELE,1995-11-20 00:00,1995-11-20 00:00,1010.68,,FEET
SHA,D,6,RES ELE,1995-11-21 00:00,1995-11-21 00:00,1010.58,,FEET
SHA,D,6,RES ELE,1995-11-22 00:00,1995-11-22 00:00,1010.54,,FEET
SHA,D,6,RES ELE,1995-11-23 00:00,1995-11-23 00:00,1010.36,,FEET
SHA,D,6,RES ELE,1995-11-24 00:00,1995-11-24 00:00,1010.28,,FEET
SHA,D,6,RES ELE,1995-11-25 00:00,1995-11-25 00:00,1010.15,,FEET
SHA,D,6,RES ELE,1995-11-26 00:00,1995-11-26 00:00,1009.98,,FEET
SHA,D,6,RES ELE,1995-11-27 00:00,1995-11-27 00:00,1009.91,,FEET
SHA,D,6,RES ELE,1995-11-28 00:00,1995-11-28 00:00,1009.82,,FEET
SHA,D,6,RES ELE,1995-11-29 00:00,1995-11-29 00:00,1009.63,,FEET
SHA,D,6,RES ELE,1995-11-30 00:00,1995-11-30 00:00,1009.52,,FEET
SHA,D,6,RES ELE,1995-12-01 00:00,1995-12-01 00:00,1009.51,,FEET
SHA,D,6,RES ELE,1995-12-02 00:00,1995-12-02 00:00,1009.40,,FEET
SHA,D,6,RES ELE,1995-12-03 00:00,1995-12-03 00:00,1009.39,,FEET
SHA,D,6,RES ELE,1995-12-04 00:00,1995-12-04 00:00,1009.46,,FEET
SHA,D,6,RES ELE,1995-12-05 00:00,1995-12-05 00:00,1009.48,,FEET
SHA,D,6,RES ELE,1995-12-06 00:00,1995-12-06 00:00,1009.52,,FEET
SHA,D,6,RES ELE,1995-12-07 00:00,1995-12-07 00:00,1009.47,,FEET
SHA,D,6,RES ELE,1995-12-08 00:00,1995-12-08 00:00,1009.39,,FEET
SHA,D,6,RES ELE,1995-12-09 00:00,1995-12-09 00:00,1009.40,,FEET
SHA,D,6,RES ELE,1995-12-10 00:00,1995-12-10 00:00,1009.57,,FEET
SHA,D,6,RES ELE,1995-12-11 00:00,1995-12-11 00:00,1010.25,,FEET
SHA,D,6,RES ELE,1995-12-12 00:00,1995-12-12 00:00,1012.52,,FEET
SHA,D,6,RES ELE,1995-12-13 00:00,1995-12-13 00:00,1013.52,,FEET
SHA,D,6,RES ELE,1995-12-14 00:00,1995-12-14 00:00,1014.40,,FEET
SHA,D,6,RES ELE,1995-12-15 00:00,1995-12-15 00:00,1016.30,,FEET
SHA,D,6,RES ELE,1995-12-16 00:00,1995-12-16 00:00,1017.25,,FEET
SHA,D,6,RES ELE,1995-12-17 00:00,1995-12-17 00:00,1017.71,,FEET
SHA,D,6,RES ELE,1995-12-18 00:00,1995-12-18 00:00,1018.02,,FEET
SHA,D,6,RES ELE,1995-12-19 00:00,1995-12-19 00:00,1018.09,,FEET
SHA,D,6,RES ELE,1995-12-20 00:00,1995-12-20 00:00,1018.27,,FEET
SHA,D,6,RES ELE,1995-12-21 00:00,1995-12-21 00:00,1018.48,,FEET
SHA,D,6,RES ELE,1995-12-22 00:00,1995-12-22 00:00,1018.53,,FEET
SHA,D,6,RES ELE,1995-12-23 00:00,1995-12-23 00:00,1018.63,,FEET
SHA,D,6,RES ELE,1995-12-24 00:00,1995-12-24 00:00,1018.72,,FEET
SHA,D,6,RES ELE,1995-12-25 00:00,1995-12-25 00:00,1018.72,,FEET
SHA,D,6,RES ELE,1995-12-26 00:00,1995-12-26 00:00,1018.72,,FEET
SHA,D,6,RES ELE,1995-12-27 00:00,1995-12-27 00:00,1018.72,,FEET
SHA,D,6,RES ELE,1995-12-28 00:00,1995-12-28 00:00,1018.67,,FEET
SHA,D,6,RES ELE,1995-12-29 00:00,1995-12-29 00:00,1018.87,,FEET
SHA,D,6,RES ELE,1995-12-30 00:00,1995-12-30 00:00,1019.04,,FEET
SHA,D,6,RES ELE,1995-12-31 00:00,1995-12-31 00:00,1019.20,,FEET
SHA,D,6,RES ELE,1996-01-01 00:00,1996-01-01 00:00,1019.34,,FEET
SHA,D,6,RES ELE,1996-01-02 00:00,1996-01-02 00:00,1019.50,,FEET
SHA,D,6,RES ELE,1996-01-03 00:00,1996-01-03 00:00,1019.58,,FEET
SHA,D,6,RES ELE,1996-01-04 00:00,1996-01-04 00:00,1019.60,,FEET
SHA,D,6,RES ELE,1996-01-05 00:00,1996-01-05 00:00,1019.71,,FEET
SHA,D,6,RES ELE,1996-01-06 00:00,1996-01-06 00:00,1019.69,,FEET
SHA,D,6,RES ELE,1996-01-07 00:00,1996-01-07 00:00,1019.78,,FEET
SHA,D,6,RES ELE,1996-01-08 00:00,1996-01-08 00:00,1019.83,,FEET
SHA,D,6,RES ELE,1996-01-09 00:00,1996-01-09 00:00,1019.99,,FEET
SHA,D,6,RES ELE,1996-01-10 00:00,1996-01-10 00:00,1020.25,,FEET
SHA,D,6,RES ELE,1996-01-11 00:00,1996-01-11 00:00,1020.36,,FEET
SHA,D,6,RES ELE,1996-01-12 00:00,1996-01-12 00:00,1020.66,,FEET
SHA,D,6,RES ELE,1996-01-13 00:00,1996-01-13 00:00,1020.83,,FEET
SHA,D,6,RES ELE,1996-01-14 00:00,1996-01-14 00:00,1020.94,,FEET
SHA,D,6,RES ELE,1996-01-15 00:00,1996-01-15 00:00,1021.12,,FEET
SHA,D,6,RES ELE,1996-01-16 00:00,1996-01-16 00:00,1021.98,,FEET
SHA,D,6,RES ELE,1996-01-17 00:00,1996-01-17 00:00,1022.97,,FEET
SHA,D,6,RES ELE,1996-01-18 00:00,1996-01-18 00:00,1023.80,,FEET
SHA,D,6,RES ELE,1996-01-19 00:00,1996-01-19 00:00,1024.23,,FEET
SHA,D,6,RES ELE,1996-01-20 00:00,1996-01-20 00:00,1025.15,,FEET
SHA,D,6,RES ELE,1996-01-21 00:00,1996-01-21 00:00,1026.09,,FEET
SHA,D,6,RES ELE,1996-01-22 00:00,1996-01-22 00:00,1026.71,,FEET
SHA,D,6,RES ELE,1996-01-23 00:00,1996-01-23 00:00,1027.22,,FEET
SHA,D,6,RES ELE,1996-01-24 00:00,1996-01-24 00:00,1027.98,,FEET
SHA,D,6,RES ELE,1996-01-25 00:00,1996-01-25 00:00,1028.80,,FEET
SHA,D,6,RES ELE,1996-01-26 00:00,1996-01-26 00:00,1029.36,,FEET
SHA,D,6,RES ELE,1996-01-27 00:00,1996-01-27 00:00,1029.61,,FEET
SHA,D,6,RES ELE,1996-01-28 00:00,1996-01-28 00:00,1029.68,,FEET
SHA,D,6,RES ELE,1996-01-29 00:00,1996-01-29 00:00,1029.59,,FEET
SHA,D,6,RES ELE,1996-01-30 00:00,1996-01-30 00:00,1029.50,,FEET
SHA,D,6,RES ELE,1996-01-31 00:00,1996-01-31 00:00,1029.44,,FEET
SHA,D,6,RES ELE,1996-02-01 00:00,1996-02-01 01:00,1029.77,,FEET
SHA,D,6,RES ELE,1996-02-02 00:00,1996-02-02 01:00,1030.07,,FEET
SHA,D,6,RES ELE,1996-02-03 00:00,1996-02-03 01:00,1030.50,,FEET
SHA,D,6,RES ELE,1996-02-04 00:00,1996-02-04 01:00,1032.17,,FEET
SHA,D,6,RES ELE,1996-02-05 00:00,1996-02-05 01:00,1035.52,,FEET
SHA,D,6,RES ELE,1996-02-06 00:00,1996-02-06 01:00,1037.42,,FEET
SHA,D,6,RES ELE,1996-02-07 00:00,1996-02-07 01:00,1039.09,,FEET
SHA,D,6,RES ELE,1996-02-08 00:00,1996-02-08 01:00,1040.34,,FEET
SHA,D,6,RES ELE,1996-02-09 00:00,1996-02-09 01:00,1041.49,,FEET
SHA,D,6,RES ELE,1996-02-10 00:00,1996-02-10 01:00,1041.92,,FEET
SHA,D,6,RES ELE,1996-02-11 00:00,1996-02-11 01:00,1042.04,,FEET
SHA,D,6,RES ELE,1996-02-12 00:00,1996-02-12 01:00,1041.89,,FEET
SHA,D,6,RES ELE,1996-02-13 00:00,1996-02-13 01:00,1041.00,,FEET
SHA,D,6,RES ELE,1996-02-14 00:00,1996-02-14 01:00,1039.76,,FEET
SHA,D,6,RES ELE,1996-02-15 00:00,1996-02-15 01:00,1038.52,,FEET
SHA,D,6,RES ELE,1996-02-16 00:00,1996-02-16 01:00,1037.82,,FEET
SHA,D,6,RES ELE,1996-02-17 00:00,1996-02-17 01:00,1038.96,,FEET
SHA,D,6,RES ELE,1996-02-18 00:00,1996-02-18 01:00,1040.83,,FEET
SHA,D,6,RES ELE,1996-02-19 00:00,1996-02-19 01:00,1042.77,,FEET
SHA,D,6,RES ELE,1996-02-20 00:00,1996-02-20 01:00,1045.09,,FEET
SHA,D,6,RES ELE,1996-02-21 00:00,1996-02-21 01:00,1047.71,,FEET
SHA,D,6,RES ELE,1996-02-22 00:00,1996-02-22 01:00,1047.58,,FEET
SHA,D,6,RES ELE,1996-02-23 00:00,1996-02-23 01:00,1046.50,,FEET
SHA,D,6,RES ELE,1996-02-24 00:00,1996-02-24 01:00,1044.83,,FEET
SHA,D,6,RES ELE,1996-02-25 00:00,1996-02-25 01:00,1042.81,,FEET
SHA,D,6,RES ELE,1996-02-26 00:00,1996-02-26 01:00,1040.52,,FEET
SHA,D,6,RES ELE,1996-02-27 00:00,1996-02-27 01:00,1038.50,,FEET
SHA,D,6,RES ELE,1996-02-28 00:00,1996-02-28 01:00,1036.89,,FEET
SHA,D,6,RES ELE,1996-02-29 00:00,1996-02-29 01:00,1036.26,,FEET
SHA,D,6,RES ELE,1996-03-01 00:00,1996-03-01 01:00,1035.14,,FEET
SHA,D,6,RES ELE,1996-03-02 00:00,1996-03-02 01:00,1033.97,,FEET
SHA,D,6,RES ELE,1996-03-03 00:00,1996-03-03 01:00,1033.12,,FEET
SHA,D,6,RES ELE,1996-03-04 00:00,1996-03-04 01:00,1033.19,,FEET
SHA,D,6,RES ELE,1996-03-05 00:00,1996-03-05 01:00,1033.64,,FEET
SHA,D,6,RES ELE,1996-03-06 00:00,1996-03-06 01:00,1034.05,,FEET
SHA,D,6,RES ELE,1996-03-07 00:00,1996-03-07 01:00,1034.16,,FEET
SHA,D,6,RES ELE,1996-03-08 00:00,1996-03-08 01:00,1034.09,,FEET
SHA,D,6,RES ELE,1996-03-09 00:00,1996-03-09 01:00,1034.02,,FEET
SHA,D,6,RES ELE,1996-03-10 00:00,1996-03-10 01:00,1034.20,,FEET
SHA,D,6,RES ELE,1996-03-11 00:00,1996-03-11 01:00,1034.96,,FEET
SHA,D,6,RES ELE,1996-03-12 00:00,1996-03-12 01:00,1035.68,,FEET
SHA,D,6,RES ELE,1996-03-13 00:00,1996-03-13 01:00,1036.06,,FEET
SHA,D,6,RES ELE,1996-03-14 00:00,1996-03-14 01:00,1036.34,,FEET
SHA,D,6,RES ELE,1996-03-15 00:00,1996-03-15 01:00,1036.59,,FEET
SHA,D,6,RES ELE,1996-03-17 00:00,1996-03-17 01:00,1037.40,,FEET
SHA,D,6,RES ELE,1996-03-18 00:00,1996-03-18 01:00,1037.71,,FEET
SHA,D,6,RES ELE,1996-03-19 00:00,1996-03-19 01:00,1038.07,,FEET
SHA,D,6,RES ELE,1996-03-20 00:00,1996-03-20 01:00,1038.52,,FEET
SHA,D,6,RES ELE,1996-03-21 00:00,1996-03-21 01:00,1038.92,,FEET
SHA,D,6,RES ELE,1996-03-22 00:00,1996-03-22 01:00,1039.29,,FEET
SHA,D,6,RES ELE,1996-03-23 00:00,1996-03-23 01:00,1039.86,,FEET
SHA,D,6,RES ELE,1996-03-24 00:00,1996-03-24 01:00,1040.40,,FEET
SHA,D,6,RES ELE,1996-03-25 00:00,1996-03-25 01:00,1040.84,,FEET
SHA,D,6,RES ELE,1996-03-26 00:00,1996-03-26 01:00,1041.19,,FEET
SHA,D,6,RES ELE,1996-03-27 00:00,1996-03-27 01:00,1041.69,,FEET
SHA,D,6,RES ELE,1996-03-28 00:00,1996-03-28 01:00,1042.13,,FEET
SHA,D,6,RES ELE,1996-03-29 00:00,1996-03-29 01:00,1042.51,,FEET
SHA,D,6,RES ELE,1996-03-30 00:00,1996-03-30 01:00,1042.95,,FEET
SHA,D,6,RES ELE,1996-03-31 00:00,1996-03-31 01:00,1043.39,,FEET
SHA,D,6,RES ELE,1996-04-01 00:00,1996-04-01 00:00,1044.17,,FEET
SHA,D,6,RES ELE,1996-04-02 00:00,1996-04-02 00:00,1044.87,,FEET
SHA,D,6,RES ELE,1996-04-03 00:00,1996-04-03 00:00,1045.50,,FEET
SHA,D,6,RES ELE,1996-04-04 00:00,1996-04-04 00:00,1046.09,,FEET
SHA,D,6,RES ELE,1996-04-05 00:00,1996-04-05 00:00,1046.65,,FEET
SHA,D,6,RES ELE,1996-04-06 00:00,1996-04-06 00:00,1047.21,,FEET
SHA,D,6,RES ELE,1996-04-07 00:00,1996-04-07 00:00,1047.65,,FEET
SHA,D,6,RES ELE,1996-04-08 00:00,1996-04-08 00:00,1048.11,,FEET
SHA,D,6,RES ELE,1996-04-09 00:00,1996-04-09 00:00,1048.65,,FEET
SHA,D,6,RES ELE,1996-04-10 00:00,1996-04-10 00:00,1049.11,,FEET
SHA,D,6,RES ELE,1996-04-11 00:00,1996-04-11 00:00,1049.48,,FEET
SHA,D,6,RES ELE,1996-04-12 00:00,1996-04-12 00:00,1049.90,,FEET
SHA,D,6,RES ELE,1996-04-13 00:00,1996-04-13 00:00,1050.25,,FEET
SHA,D,6,RES ELE,1996-04-14 00:00,1996-04-14 00:00,1050.73,,FEET
SHA,D,6,RES ELE,1996-04-15 00:00,1996-04-15 00:00,1051.27,,FEET
SHA,D,6,RES ELE,1996-04-16 00:00,1996-04-16 00:00,1051.84,,FEET
SHA,D,6,RES ELE,1996-04-17 00:00,1996-04-17 00:00,1052.36,,FEET
SHA,D,6,RES ELE,1996-04-18 00:00,1996-04-18 00:00,1052.86,,FEET
SHA,D,6,RES ELE,1996-04-19 00:00,1996-04-19 00:00,1053.44,,FEET
SHA,D,6,RES ELE,1996-04-20 00:00,1996-04-20 00:00,1054.02,,FEET
SHA,D,6,RES ELE,1996-04-21 00:00,1996-04-21 00:00,1054.56,,FEET
SHA,D,6,RES ELE,1996-04-22 00:00,1996-04-22 00:00,1055.08,,FEET
SHA,D,6,RES ELE,1996-04-23 00:00,1996-04-23 00:00,1055.56,,FEET
SHA,D,6,RES ELE,1996-04-24 00:00,1996-04-24 00:00,1056.34,,FEET
SHA,D,6,RES ELE,1996-04-25 00:00,1996-04-25 00:00,1056.89,,FEET
SHA,D,6,RES ELE,1996-04-26 00:00,1996-04-26 00:00,1057.39,,FEET
SHA,D,6,RES ELE,1996-04-27 00:00,1996-04-27 00:00,1057.71,,FEET
SHA,D,6,RES ELE,1996-04-28 00:00,1996-04-28 00:00,1058.07,,FEET
SHA,D,6,RES ELE,1996-04-29 00:00,1996-04-29 00:00,1058.34,,FEET
SHA,D,6,RES ELE,1996-04-30 00:00,1996-04-30 00:00,1058.65,,FEET
SHA,D,6,RES ELE,1996-05-01 00:00,1996-05-01 00:00,1058.85,,FEET
SHA,D,6,RES ELE,1996-05-02 00:00,1996-05-02 00:00,1058.97,,FEET
SHA,D,6,RES ELE,1996-05-03 00:00,1996-05-03 00:00,1059.20,,FEET
SHA,D,6,RES ELE,1996-05-04 00:00,1996-05-04 00:00,1059.43,,FEET
SHA,D,6,RES ELE,1996-05-05 00:00,1996-05-05 00:00,1059.65,,FEET
SHA,D,6,RES ELE,1996-05-06 00:00,1996-05-06 00:00,1059.81,,FEET
SHA,D,6,RES ELE,1996-05-07 00:00,1996-05-07 00:00,1059.99,,FEET
SHA,D,6,RES ELE,1996-05-08 00:00,1996-05-08 00:00,1060.17,,FEET
SHA,D,6,RES ELE,1996-05-09 00:00,1996-05-09 00:00,1060.26,,FEET
SHA,D,6,RES ELE,1996-05-10 00:00,1996-05-10 00:00,1060.30,,FEET
SHA,D,6,RES ELE,1996-05-11 00:00,1996-05-11 00:00,1060.27,,FEET
SHA,D,6,RES ELE,1996-05-12 00:00,1996-05-12 00:00,1060.23,,FEET
SHA,D,6,RES ELE,1996-05-13 00:00,1996-05-13 00:00,1060.17,,FEET
SHA,D,6,RES ELE,1996-05-14 00:00,1996-05-14 00:00,1060.02,,FEET
SHA,D,6,RES ELE,1996-05-15 00:00,1996-05-15 00:00,1059.93,,FEET
SHA,D,6,RES ELE,1996-05-16 00:00,1996-05-16 00:00,1060.54,,FEET
SHA,D,6,RES ELE,1996-05-17 00:00,1996-05-17 00:00,1062.48,,FEET
SHA,D,6,RES ELE,1996-05-18 00:00,1996-05-18 00:00,1064.71,,FEET
SHA,D,6,RES ELE,1996-05-19 00:00,1996-05-19 00:00,1065.40,,FEET
SHA,D,6,RES ELE,1996-05-20 00:00,1996-05-20 00:00,1065.64,,FEET
SHA,D,6,RES ELE,1996-05-21 00:00,1996-05-21 00:00,1065.95,,FEET
SHA,D,6,RES ELE,1996-05-22 00:00,1996-05-22 00:00,1065.96,,FEET
SHA,D,6,RES ELE,1996-05-23 00:00,1996-05-23 00:00,1065.93,,FEET
SHA,D,6,RES ELE,1996-05-24 00:00,1996-05-24 00:00,1065.93,,FEET
SHA,D,6,RES ELE,1996-05-25 00:00,1996-05-25 00:00,1065.92,,FEET
SHA,D,6,RES ELE,1996-05-26 00:00,1996-05-26 00:00,1065.95,,FEET
SHA,D,6,RES ELE,1996-05-27 00:00,1996-05-27 00:00,1066.09,,FEET
SHA,D,6,RES ELE,1996-05-28 00:00,1996-05-28 00:00,1066.11,,FEET
SHA,D,6,RES ELE,1996-05-29 00:00,1996-05-29 00:00,1066.00,,FEET
SHA,D,6,RES ELE,1996-05-30 00:00,1996-05-30 00:00,1065.79,,FEET
SHA,D,6,RES ELE,1996-05-31 00:00,1996-05-31 00:00,,,FEET
SHA,D,6,RES ELE,1996-06-01 00:00,1996-06-01 00:00,1065.44,,FEET
SHA,D,6,RES ELE,1996-06-02 00:00,1996-06-02 00:00,1065.20,,FEET
SHA,D,6,RES ELE,1996-06-03 00:00,1996-06-03 00:00,1064.82,,FEET
SHA,D,6,RES ELE,1996-06-04 00:00,1996-06-04 00:00,1064.52,,FEET
SHA,D,6,RES ELE,1996-06-05 00:00,1996-06-05 00:00,1064.06,,FEET
SHA,D,6,RES ELE,1996-06-06 00:00,1996-06-06 00:00,1063.81,,FEET
SHA,D,6,RES ELE,1996-06-07 00:00,1996-06-07 00:00,1063.39,,FEET
SHA,D,6,RES ELE,1996-06-08 00:00,1996-06-08 00:00,1062.93,,FEET
SHA,D,6,RES ELE,1996-06-09 00:00,1996-06-09 00:00,1062.31,,FEET
SHA,D,6,RES ELE,1996-06-10 00:00,1996-06-10 00:00,1061.81,,FEET
SHA,D,6,RES ELE,1996-06-11 00:00,1996-06-11 00:00,1061.49,,FEET
SHA,D,6,RES ELE,1996-06-12 00:00,1996-06-12 00:00,1061.16,,FEET
SHA,D,6,RES ELE,1996-06-13 00:00,1996-06-13 00:00,1060.74,,FEET
SHA,D,6,RES ELE,1996-06-14 00:00,1996-06-14 00:00,1060.31,,FEET
SHA,D,6,RES ELE,1996-06-15 00:00,1996-06-15 00:00,1060.07,,FEET
SHA,D,6,RES ELE,1996-06-16 00:00,1996-06-16 00:00,1059.66,,FEET
SHA,D,6,RES ELE,1996-06-17 00:00,1996-06-17 00:00,1059.33,,FEET
SHA,D,6,RES ELE,1996-06-18 00:00,1996-06-18 00:00,1058.85,,FEET
SHA,D,6,RES ELE,1996-06-19 00:00,1996-06-19 00:00,1058.48,,FEET
SHA,D,6,RES ELE,1996-06-20 00:00,1996-06-20 00:00,1058.06,,FEET
SHA,D,6,RES ELE,1996-06-21 00:00,1996-06-21 00:00,1057.89,,FEET
SHA,D,6,RES ELE,1996-06-22 00:00,1996-06-22 00:00,1057.37,,FEET
SHA,D,6,RES ELE,1996-06-23 00:00,1996-06-23 00:00,1057.01,,FEET
SHA,D,6,RES ELE,1996-06-24 00:00,1996-06-24 00:00,1056.61,,FEET
SHA,D,6,RES ELE,1996-06-25 00:00,1996-06-25 00:00,1056.39,,FEET
SHA,D,6,RES ELE,1996-06-26 00:00,1996-06-26 00:00,1056.14,,FEET
SHA,D,6,RES ELE,1996-06-27 00:00,1996-06-27 00:00,1055.87,,FEET
SHA,D,6,RES ELE,1996-06-28 00:00,1996-06-28 00:00,1055.54,,FEET
SHA,D,6,RES ELE,1996-06-29 00:00,1996-06-29 00:00,1055.19,,FEET
SHA,D,6,RES ELE,1996-06-30 00:00,1996-06-30 00:00,1054.68,,FEET
SHA,D,6,RES ELE,1996-07-01 00:00,1996-07-01 00:00,1054.06,,FEET
SHA,D,6,RES ELE,1996-07-02 00:00,1996-07-02 00:00,1053.64,,FEET
SHA,D,6,RES ELE,1996-07-03 00:00,1996-07-03 00:00,1053.15,,FEET
SHA,D,6,RES ELE,1996-07-04 00:00,1996-07-04 00:00,1052.73,,FEET
SHA,D,6,RES ELE,1996-07-05 00:00,1996-07-05 00:00,1052.26,,FEET
SHA,D,6,RES ELE,1996-07-06 00:00,1996-07-06 00:00,1051.74,,FEET
SHA,D,6,RES ELE,1996-07-07 00:00,1996-07-07 00:00,1051.20,,FEET
SHA,D,6,RES ELE,1996-07-08 00:00,1996-07-08 00:00,1050.66,,FEET
SHA,D,6,RES ELE,1996-07-09 00:00,1996-07-09 00:00,1050.18,,FEET
SHA,D,6,RES ELE,1996-07-10 00:00,1996-07-10 00:00,1049.72,,FEET
SHA,D,6,RES ELE,1996-07-11 00:00,1996-07-11 00:00,1049.20,,FEET
SHA,D,6,RES ELE,1996-07-12 00:00,1996-07-12 00:00,1048.56,,FEET
SHA,D,6,RES ELE,1996-07-13 00:00,1996-07-13 00:00,1048.01,,FEET
SHA,D,6,RES ELE,1996-07-14 00:00,1996-07-14 00:00,1047.40,,FEET
SHA,D,6,RES ELE,1996-07-15 00:00,1996-07-15 00:00,1046.87,,FEET
SHA,D,6,RES ELE,1996-07-16 00:00,1996-07-16 00:00,1046.43,,FEET
SHA,D,6,RES ELE,1996-07-17 00:00,1996-07-17 00:00,1046.01,,FEET
SHA,D,6,RES ELE,1996-07-18 00:00,1996-07-18 00:00,1045.70,,FEET
SHA,D,6,RES ELE,1996-07-19 00:00,1996-07-19 00:00,1045.11,,FEET
SHA,D,6,RES ELE,1996-07-20 00:00,1996-07-20 00:00,1044.66,,FEET
SHA,D,6,RES ELE,1996-07-21 00:00,1996-07-21 00:00,1044.04,,FEET
SHA,D,6,RES ELE,1996-07-22 00:00,1996-07-22 00:00,1043.49,,FEET
SHA,D,6,RES ELE,1996-07-23 00:00,1996-07-23 00:00,1042.97,,FEET
SHA,D,6,RES ELE,1996-07-24 00:00,1996-07-24 00:00,1042.47,,FEET
SHA,D,6,RES ELE,1996-07-25 00:00,1996-07-25 00:00,1041.89,,FEET
SHA,D,6,RES ELE,1996-07-26 00:00,1996-07-26 00:00,1041.43,,FEET
SHA,D,6,RES ELE,1996-07-27 00:00,1996-07-27 00:00,1040.74,,FEET
SHA,D,6,RES ELE,1996-07-28 00:00,1996-07-28 00:00,1040.01,,FEET
SHA,D,6,RES ELE,1996-07-29 00:00,1996-07-29 00:00,1039.45,,FEET
SHA,D,6,RES ELE,1996-07-30 00:00,1996-07-30 00:00,1038.89,,FEET
SHA,D,6,RES ELE,1996-07-31 00:00,1996-07-31 00:00,1038.29,,FEET
SHA,D,6,RES ELE,1996-08-01 00:00,1996-08-01 00:00,1037.74,,FEET
SHA,D,6,RES ELE,1996-08-02 00:00,1996-08-02 00:00,1037.20,,FEET
SHA,D,6,RES ELE,1996-08-03 00:00,1996-08-03 00:00,1036.62,,FEET
SHA,D,6,RES ELE,1996-08-04 00:00,1996-08-04 00:00,1036.10,,FEET
SHA,D,6,RES ELE,1996-08-05 00:00,1996-08-05 00:00,1035.58,,FEET
SHA,D,6,RES ELE,1996-08-06 00:00,1996-08-06 00:00,1034.95,,FEET
SHA,D,6,RES ELE,1996-08-07 00:00,1996-08-07 00:00,1034.29,,FEET
SHA,D,6,RES ELE,1996-08-08 00:00,1996-08-08 00:00,1033.64,,FEET
SHA,D,6,RES ELE,1996-08-09 00:00,1996-08-09 00:00,1033.12,,FEET
SHA,D,6,RES ELE,1996-08-10 00:00,1996-08-10 00:00,1032.45,,FEET
SHA,D,6,RES ELE,1996-08-11 00:00,1996-08-11 00:00,1031.60,,FEET
SHA,D,6,RES ELE,1996-08-12 00:00,1996-08-12 00:00,1030.93,,FEET
SHA,D,6,RES ELE,1996-08-13 00:00,1996-08-13 00:00,1030.33,,FEET
SHA,D,6,RES ELE,1996-08-14 00:00,1996-08-14 00:00,1029.73,,FEET
SHA,D,6,RES ELE,1996-08-15 00:00,1996-08-15 00:00,1029.10,,FEET
SHA,D,6,RES ELE,1996-08-16 00:00,1996-08-16 00:00,1028.49,,FEET
SHA,D,6,RES ELE,1996-08-17 00:00,1996-08-17 00:00,1027.97,,FEET
SHA,D,6,RES ELE,1996-08-18 00:00,1996-08-18 00:00,1027.31,,FEET
SHA,D,6,RES ELE,1996-08-19 00:00,1996-08-19 00:00,1026.76,,FEET
SHA,D,6,RES ELE,1996-08-20 00:00,1996-08-20 00:00,1026.08,,FEET
SHA,D,6,RES ELE,1996-08-21 00:00,1996-08-21 00:00,1025.49,,FEET
SHA,D,6,RES ELE,1996-08-22 00:00,1996-08-22 00:00,1024.89,,FEET
SHA,D,6,RES ELE,1996-08-23 00:00,1996-08-23 00:00,1024.41,,FEET
SHA,D,6,RES ELE,1996-08-24 00:00,1996-08-24 00:00,1023.67,,FEET
SHA,D,6,RES ELE,1996-08-25 00:00,1996-08-25 00:00,1022.98,,FEET
SHA,D,6,RES ELE,1996-08-26 00:00,1996-08-26 00:00,1022.39,,FEET
SHA,D,6,RES ELE,1996-08-27 00:00,1996-08-27 00:00,1021.86,,FEET
SHA,D,6,RES ELE,1996-08-28 00:00,1996-08-28 00:00,1021.36,,FEET
SHA,D,6,RES ELE,1996-08-29 00:00,1996-08-29 00:00,1021.01,,FEET
SHA,D,6,RES ELE,1996-08-30 00:00,1996-08-30 00:00,1020.67,,FEET
SHA,D,6,RES ELE,1996-08-31 00:00,1996-08-31 00:00,1020.10,,FEET
SHA,D,6,RES ELE,1996-09-01 00:00,1996-09-01 00:00,1019.51,,FEET
SHA,D,6,RES ELE,1996-09-02 00:00,1996-09-02 00:00,1019.05,,FEET
SHA,D,6,RES ELE,1996-09-03 00:00,1996-09-03 00:00,1018.74,,FEET
SHA,D,6,RES ELE,1996-09-04 00:00,1996-09-04 00:00,1018.44,,FEET
SHA,D,6,RES ELE,1996-09-05 00:00,1996-09-05 00:00,1018.25,,FEET
SHA,D,6,RES ELE,1996-09-06 00:00,1996-09-06 00:00,1017.95,,FEET
SHA,D,6,RES ELE,1996-09-07 00:00,1996-09-07 00:00,1017.56,,FEET
SHA,D,6,RES ELE,1996-09-08 00:00,1996-09-08 00:00,1017.18,,FEET
SHA,D,6,RES ELE,1996-09-09 00:00,1996-09-09 00:00,1016.82,,FEET
SHA,D,6,RES ELE,1996-09-10 00:00,1996-09-10 00:00,1016.52,,FEET
SHA,D,6,RES ELE,1996-09-11 00:00,1996-09-11 00:00,1016.27,,FEET
SHA,D,6,RES ELE,1996-09-12 00:00,1996-09-12 00:00,1015.94,,FEET
SHA,D,6,RES ELE,1996-09-13 00:00,1996-09-13 00:00,1015.72,,FEET
SHA,D,6,RES ELE,1996-09-14 00:00,1996-09-14 00:00,1015.54,,FEET
SHA,D,6,RES ELE,1996-09-15 00:00,1996-09-15 00:00,1015.16,,FEET
SHA,D,6,RES ELE,1996-09-16 00:00,1996-09-16 00:00,1014.90,,FEET
SHA,D,6,RES ELE,1996-09-17 00:00,1996-09-17 00:00,1014.61,,FEET
SHA,D,6,RES ELE,1996-09-18 00:00,1996-09-18 00:00,1014.33,,FEET
SHA,D,6,RES ELE,1996-09-19 00:00,1996-09-19 00:00,1014.10,,FEET
SHA,D,6,RES ELE,1996-09-20 00:00,1996-09-20 00:00,1013.91,,FEET
SHA,D,6,RES ELE,1996-09-21 00:00,1996-09-21 00:00,1013.57,,FEET
SHA,D,6,RES ELE,1996-09-22 00:00,1996-09-22 00:00,1013.18,,FEET
SHA,D,6,RES ELE,1996-09-23 00:00,1996-09-23 00:00,1012.98,,FEET
SHA,D,6,RES ELE,1996-09-24 00:00,1996-09-24 00:00,1012.76,,FEET
SHA,D,6,RES ELE,1996-09-25 00:00,1996-09-25 00:00,1012.56,,FEET
SHA,D,6,RES ELE,1996-09-26 00:00,1996-09-26 00:00,1012.37,,FEET
SHA,D,6,RES ELE,1996-09-27 00:00,1996-09-27 00:00,1012.26,,FEET
SHA,D,6,RES ELE,1996-09-28 00:00,1996-09-28 00:00,1012.03,,FEET
SHA,D,6,RES ELE,1996-09-29 00:00,1996-09-29 00:00,1011.77,,FEET
SHA,D,6,RES ELE,1996-09-30 00:00,1996-09-30 00:00,1011.61,,FEET
SHA,D,6,RES ELE,1996-10-01 00:00,1996-10-01 00:00,1011.62,,FEET
SHA,D,6,RES ELE,1996-10-02 00:00,1996-10-02 00:00,1011.58,,FEET
SHA,D,6,RES ELE,1996-10-03 00:00,1996-10-03 00:00,1011.54,,FEET
SHA,D,6,RES ELE,1996-10-04 00:00,1996-10-04 00:00,1011.64,,FEET
SHA,D,6,RES ELE,1996-10-05 00:00,1996-10-05 00:00,1011.51,,FEET
SHA,D,6,RES ELE,1996-10-06 00:00,1996-10-06 00:00,1011.52,,FEET
SHA,D,6,RES ELE,1996-10-07 00:00,1996-10-07 00:00,1011.48,,FEET
SHA,D,6,RES ELE,1996-10-08 00:00,1996-10-08 00:00,1011.42,,FEET
SHA,D,6,RES ELE,1996-10-09 00:00,1996-10-09 00:00,1011.38,,FEET
SHA,D,6,RES ELE,1996-10-10 00:00,1996-10-10 00:00,1011.45,,FEET
SHA,D,6,RES ELE,1996-10-11 00:00,1996-10-11 00:00,1011.53,,FEET
SHA,D,6,RES ELE,1996-10-12 00:00,1996-10-12 00:00,1011.55,,FEET
SHA,D,6,RES ELE,1996-10-13 00:00,1996-10-13 00:00,1011.47,,FEET
SHA,D,6,RES ELE,1996-10-14 00:00,1996-10-14 00:00,1011.44,,FEET
SHA,D,6,RES ELE,1996-10-15 00:00,1996-10-15 00:00,1011.45,,FEET
SHA,D,6,RES ELE,1996-10-16 00:00,1996-10-16 00:00,1011.50,,FEET
SHA,D,6,RES ELE,1996-10-17 00:00,1996-10-17 00:00,1011.53,,FEET
SHA,D,6,RES ELE,1996-10-18 00:00,1996-10-18 00:00,1011.49,,FEET
SHA,D,6,RES ELE,1996-10-19 00:00,1996-10-19 00:00,1011.45,,FEET
SHA,D,6,RES ELE,1996-10-20 00:00,1996-10-20 00:00,1011.35,,FEET
SHA,D,6,RES ELE,1996-10-21 00:00,1996-10-21 00:00,1011.21,,FEET
SHA,D,6,RES ELE,1996-10-22 00:00,1996-10-22 00:00,1011.23,,FEET
SHA,D,6,RES ELE,1996-10-23 00:00,1996-10-23 00:00,1011.21,,FEET
SHA,D,6,RES ELE,1996-10-24 00:00,1996-10-24 00:00,1011.20,,FEET
SHA,D,6,RES ELE,1996-10-25 00:00,1996-10-25 00:00,1011.06,,FEET
SHA,D,6,RES ELE,1996-10-26 00:00,1996-10-26 00:00,1010.97,,FEET
SHA,D,6,RES ELE,1996-10-27 00:00,1996-10-27 00:00,1010.94,,FEET
SHA,D,6,RES ELE,1996-10-28 00:00,1996-10-28 00:00,1010.83,,FEET
SHA,D,6,RES ELE,1996-10-29 00:00,1996-10-29 00:00,1010.99,,FEET
SHA,D,6,RES ELE,1996-10-30 00:00,1996-10-30 00:00,1010.92,,FEET
SHA,D,6,RES ELE,1996-10-31 00:00,1996-10-31 00:00,1010.90,,FEET
SHA,D,6,RES ELE,1996-11-01 00:00,1996-11-01 00:00,1010.82,,FEET
SHA,D,6,RES ELE,1996-11-02 00:00,1996-11-02 00:00,1010.76,,FEET
SHA,D,6,RES ELE,1996-11-03 00:00,1996-11-03 00:00,1010.60,,FEET
SHA,D,6,RES ELE,1996-11-04 00:00,1996-11-04 00:00,1010.48,,FEET
SHA,D,6,RES ELE,1996-11-05 00:00,1996-11-05 00:00,1010.43,,FEET
SHA,D,6,RES ELE,1996-11-06 00:00,1996-11-06 00:00,1010.33,,FEET
SHA,D,6,RES ELE,1996-11-07 00:00,1996-11-07 00:00,1010.32,,FEET
SHA,D,6,RES ELE,1996-11-08 00:00,1996-11-08 00:00,,,FEET
SHA,D,6,RES ELE,1996-11-09 00:00,1996-11-09 00:00,1010.35,,FEET
SHA,D,6,RES ELE,1996-11-10 00:00,1996-11-10 00:00,1010.35,,FEET
SHA,D,6,RES ELE,1996-11-11 00:00,1996-11-11 00:00,1010.21,,FEET
SHA,D,6,RES ELE,1996-11-12 00:00,1996-11-12 00:00,1010.03,,FEET
SHA,D,6,RES ELE,1996-11-13 00:00,1996-11-13 00:00,1009.96,,FEET
SHA,D,6,RES ELE,1996-11-14 00:00,1996-11-14 00:00,1009.89,,FEET
SHA,D,6,RES ELE,1996-11-15 00:00,1996-11-15 00:00,1009.84,,FEET
SHA,D,6,RES ELE,1996-11-16 00:00,1996-11-16 00:00,1009.86,,FEET
SHA,D,6,RES ELE,1996-11-17 00:00,1996-11-17 00:00,1009.93,,FEET
SHA,D,6,RES ELE,1996-11-18 00:00,1996-11-18 00:00,1010.83,,FEET
SHA,D,6,RES ELE,1996-11-19 00:00,1996-11-19 00:00,1012.21,,FEET
SHA,D,6,RES ELE,1996-11-20 00:00,1996-11-20 00:00,1013.19,,FEET
SHA,D,6,RES ELE,1996-11-21 00:00,1996-11-21 00:00,1013.75,,FEET
SHA,D,6,RES ELE,1996-11-22 00:00,1996-11-22 00:00,1014.60,,FEET
SHA,D,6,RES ELE,1996-11-23 00:00,1996-11-23 00:00,1015.07,,FEET
SHA,D,6,RES ELE,1996-11-24 00:00,1996-11-24 00:00,1015.34,,FEET
SHA,D,6,RES ELE,1996-11-25 00:00,1996-11-25 00:00,1015.54,,FEET
SHA,D,6,RES ELE,1996-11-26 00:00,1996-11-26 00:00,1015.61,,FEET
SHA,D,6,RES ELE,1996-11-27 00:00,1996-11-27 00:00,1015.63,,FEET
SHA,D,6,RES ELE,1996-11-28 00:00,1996-11-28 00:00,1015.71,,FEET
SHA,D,6,RES ELE,1996-11-29 00:00,1996-11-29 00:00,1015.80,,FEET
SHA,D,6,RES ELE,1996-11-30 00:00,1996-11-30 00:00,1015.85,,FEET
SHA,D,6,RES ELE,1996-12-01 00:00,1996-12-01 01:00,1015.88,,FEET
SHA,D,6,RES ELE,1996-12-02 00:00,1996-12-02 01:00,1015.84,,FEET
SHA,D,6,RES ELE,1996-12-03 00:00,1996-12-03 01:00,1015.97,,FEET
SHA,D,6,RES ELE,1996-12-04 00:00,1996-12-04 01:00,1016.52,,FEET
SHA,D,6,RES ELE,1996-12-05 00:00,1996-12-05 01:00,1016.88,,FEET
SHA,D,6,RES ELE,1996-12-06 00:00,1996-12-06 01:00,1017.13,,FEET
SHA,D,6,RES ELE,1996-12-07 00:00,1996-12-07 01:00,1017.90,,FEET
SHA,D,6,RES ELE,1996-12-08 00:00,1996-12-08 01:00,1019.60,,FEET
SHA,D,6,RES ELE,1996-12-09 00:00,1996-12-09 01:00,1024.02,,FEET
SHA,D,6,RES ELE,1996-12-10 00:00,1996-12-10 01:00,1027.27,,FEET
SHA,D,6,RES ELE,1996-12-11 00:00,1996-12-11 01:00,1027.59,,FEET
SHA,D,6,RES ELE,1996-12-12 00:00,1996-12-12 01:00,1027.37,,FEET
SHA,D,6,RES ELE,1996-12-13 00:00,1996-12-13 01:00,1027.46,,FEET
SHA,D,6,RES ELE,1996-12-14 00:00,1996-12-14 01:00,1026.70,,FEET
SHA,D,6,RES ELE,1996-12-15 00:00,1996-12-15 01:00,1026.04,,FEET
SHA,D,6,RES ELE,1996-12-16 00:00,1996-12-16 01:00,1025.55,,FEET
SHA,D,6,RES ELE,1996-12-17 00:00,1996-12-17 01:00,1025.05,,FEET
SHA,D,6,RES ELE,1996-12-18 00:00,1996-12-18 01:00,1024.62,,FEET
SHA,D,6,RES ELE,1996-12-19 00:00,1996-12-19 01:00,1024.08,,FEET
SHA,D,6,RES ELE,1996-12-20 00:00,1996-12-20 01:00,1023.67,,FEET
SHA,D,6,RES ELE,1996-12-21 00:00,1996-12-21 01:00,1023.20,,FEET
SHA,D,6,RES ELE,1996-12-22 00:00,1996-12-22 01:00,1022.68,,FEET
SHA,D,6,RES ELE,1996-12-23 00:00,1996-12-23 01:00,1022.36,,FEET
SHA,D,6,RES ELE,1996-12-24 00:00,1996-12-24 01:00,1022.10,,FEET
SHA,D,6,RES ELE,1996-12-25 00:00,1996-12-25 01:00,1022.00,,FEET
SHA,D,6,RES ELE,1996-12-26 00:00,1996-12-26 01:00,1022.15,,FEET
SHA,D,6,RES ELE,1996-12-27 00:00,1996-12-27 01:00,1022.04,,FEET
SHA,D,6,RES ELE,1996-12-28 00:00,1996-12-28 01:00,1023.13,,FEET
SHA,D,6,RES ELE,1996-12-29 00:00,1996-12-29 01:00,1026.30,,FEET
SHA,D,6,RES ELE,1996-12-30 00:00,1996-12-30 01:00,1030.98,,FEET
SHA,D,6,RES ELE,1996-12-31 00:00,1996-12-31 01:00,1041.81,,FEET
SHA,D,6,RES ELE,1997-01-01 00:00,1997-01-01 01:00,1056.69,,FEET
SHA,D,6,RES ELE,1997-01-02 00:00,1997-01-02 01:00,1061.93,,FEET
SHA,D,6,RES ELE,1997-01-03 00:00,1997-01-03 01:00,1062.32,,FEET
SHA,D,6,RES ELE,1997-01-04 00:00,1997-01-04 01:00,1061.14,,FEET
SHA,D,6,RES ELE,1997-01-05 00:00,1997-01-05 01:00,1059.84,,FEET
SHA,D,6,RES ELE,1997-01-06 00:00,1997-01-06 01:00,1059.25,,FEET
SHA,D,6,RES ELE,1997-01-07 00:00,1997-01-07 01:00,1058.08,,FEET
SHA,D,6,RES ELE,1997-01-08 00:00,1997-01-08 01:00,1056.16,,FEET
SHA,D,6,RES ELE,1997-01-09 00:00,1997-01-09 01:00,1054.32,,FEET
SHA,D,6,RES ELE,1997-01-10 00:00,1997-01-10 01:00,1052.06,,FEET
SHA,D,6,RES ELE,1997-01-11 00:00,1997-01-11 01:00,1049.68,,FEET
SHA,D,6,RES ELE,1997-01-12 00:00,1997-01-12 01:00,1046.98,,FEET
SHA,D,6,RES ELE,1997-01-13 00:00,1997-01-13 01:00,1044.13,,FEET
SHA,D,6,RES ELE,1997-01-14 00:00,1997-01-14 01:00,1041.20,,FEET
SHA,D,6,RES ELE,1997-01-15 00:00,1997-01-15 01:00,1038.27,,FEET
SHA,D,6,RES ELE,1997-01-16 00:00,1997-01-16 01:00,1035.89,,FEET
SHA,D,6,RES ELE,1997-01-17 00:00,1997-01-17 01:00,1034.12,,FEET
SHA,D,6,RES ELE,1997-01-18 00:00,1997-01-18 01:00,1032.51,,FEET
SHA,D,6,RES ELE,1997-01-19 00:00,1997-01-19 01:00,1030.95,,FEET
SHA,D,6,RES ELE,1997-01-20 00:00,1997-01-20 01:00,1029.95,,FEET
SHA,D,6,RES ELE,1997-01-21 00:00,1997-01-21 01:00,1028.91,,FEET
SHA,D,6,RES ELE,1997-01-22 00:00,1997-01-22 01:00,1027.63,,FEET
SHA,D,6,RES ELE,1997-01-23 00:00,1997-01-23 01:00,1026.29,,FEET
SHA,D,6,RES ELE,1997-01-24 00:00,1997-01-24 01:00,1024.66,,FEET
SHA,D,6,RES ELE,1997-01-25 00:00,1997-01-25 01:00,1024.14,,FEET
SHA,D,6,RES ELE,1997-01-26 00:00,1997-01-26 01:00,1026.84,,FEET
SHA,D,6,RES ELE,1997-01-27 00:00,1997-01-27 01:00,1028.32,,FEET
SHA,D,6,RES ELE,1997-01-28 00:00,1997-01-28 01:00,1029.18,,FEET
SHA,D,6,RES ELE,1997-01-29 00:00,1997-01-29 01:00,1028.99,,FEET
SHA,D,6,RES ELE,1997-01-30 00:00,1997-01-30 01:00,1028.37,,FEET
SHA,D,6,RES ELE,1997-01-31 00:00,1997-01-31 01:00,1027.71,,FEET
SHA,D,6,RES ELE,1997-02-01 00:00,1997-02-01 01:00,1027.22,,FEET
SHA,D,6,RES ELE,1997-02-02 00:00,1997-02-02 01:00,1027.14,,FEET
SHA,D,6,RES ELE,1997-02-03 00:00,1997-02-03 01:00,1027.21,,FEET
SHA,D,6,RES ELE,1997-02-04 00:00,1997-02-04 01:00,1027.16,,FEET
SHA,D,6,RES ELE,1997-02-05 00:00,1997-02-05 01:00,1026.61,,FEET
SHA,D,6,RES ELE,1997-02-06 00:00,1997-02-06 01:00,1026.08,,FEET
SHA,D,6,RES ELE,1997-02-07 00:00,1997-02-07 01:00,1025.39,,FEET
SHA,D,6,RES ELE,1997-02-08 00:00,1997-02-08 01:00,1024.92,,FEET
SHA,D,6,RES ELE,1997-02-09 00:00,1997-02-09 01:00,1024.65,,FEET
SHA,D,6,RES ELE,1997-02-10 00:00,1997-02-10 01:00,1024.39,,FEET
SHA,D,6,RES ELE,1997-02-11 00:00,1997-02-11 01:00,1024.32,,FEET
SHA,D,6,RES ELE,1997-02-12 00:00,1997-02-12 01:00,1024.46,,FEET
SHA,D,6,RES ELE,1997-02-13 00:00,1997-02-13 01:00,1024.70,,FEET
SHA,D,6,RES ELE,1997-02-14 00:00,1997-02-14 01:00,1025.15,,FEET
SHA,D,6,RES ELE,1997-02-15 00:00,1997-02-15 01:00,1025.65,,FEET
SHA,D,6,RES ELE,1997-02-16 00:00,1997-02-16 01:00,1026.19,,FEET
SHA,D,6,RES ELE,1997-02-17 00:00,1997-02-17 01:00,1026.75,,FEET
SHA,D,6,RES ELE,1997-02-18 00:00,1997-02-18 01:00,1027.15,,FEET
SHA,D,6,RES ELE,1997-02-19 00:00,1997-02-19 01:00,1027.77,,FEET
SHA,D,6,RES ELE,1997-02-20 00:00,1997-02-20 01:00,1028.34,,FEET
SHA,D,6,RES ELE,1997-02-21 00:00,1997-02-21 01:00,1028.92,,FEET
SHA,D,6,RES ELE,1997-02-22 00:00,1997-02-22 01:00,1029.30,,FEET
SHA,D,6,RES ELE,1997-02-23 00:00,1997-02-23 01:00,1029.70,,FEET
SHA,D,6,RES ELE,1997-02-24 00:00,1997-02-24 01:00,1029.98,,FEET
SHA,D,6,RES ELE,1997-02-25 00:00,1997-02-25 01:00,1030.47,,FEET
SHA,D,6,RES ELE,1997-02-26 00:00,1997-02-26 01:00,1030.88,,FEET
SHA,D,6,RES ELE,1997-02-27 00:00,1997-02-27 01:00,1031.27,,FEET
SHA,D,6,RES ELE,1997-02-28 00:00,1997-02-28 01:00,1031.63,,FEET
SHA,D,6,RES ELE,1997-03-01 00:00,1997-03-01 01:00,1032.01,,FEET
SHA,D,6,RES ELE,1997-03-02 00:00,1997-03-02 01:00,1032.48,,FEET
SHA,D,6,RES ELE,1997-03-03 00:00,1997-03-03 01:00,1032.83,,FEET
SHA,D,6,RES ELE,1997-03-04 00:00,1997-03-04 01:00,1033.18,,FEET
SHA,D,6,RES ELE,1997-03-05 00:00,1997-03-05 01:00,1033.51,,FEET
SHA,D,6,RES ELE,1997-03-06 00:00,1997-03-06 01:00,1033.84,,FEET
SHA,D,6,RES ELE,1997-03-07 00:00,1997-03-07 01:00,1034.12,,FEET
SHA,D,6,RES ELE,1997-03-08 00:00,1997-03-08 01:00,1034.46,,FEET
SHA,D,6,RES ELE,1997-03-09 00:00,1997-03-09 01:00,1034.61,,FEET
SHA,D,6,RES ELE,1997-03-10 00:00,1997-03-10 01:00,1034.82,,FEET
SHA,D,6,RES ELE,1997-03-11 00:00,1997-03-11 01:00,1035.08,,FEET
SHA,D,6,RES ELE,1997-03-12 00:00,1997-03-12 01:00,1035.31,,FEET
SHA,D,6,RES ELE,1997-03-13 00:00,1997-03-13 01:00,1035.55,,FEET
SHA,D,6,RES ELE,1997-03-14 00:00,1997-03-14 01:00,1035.75,,FEET
SHA,D,6,RES ELE,1997-03-15 00:00,1997-03-15 01:00,1036.00,,FEET
SHA,D,6,RES ELE,1997-03-16 00:00,1997-03-16 01:00,1036.35,,FEET
SHA,D,6,RES ELE,1997-03-17 00:00,1997-03-17 01:00,1036.80,,FEET
SHA,D,6,RES ELE,1997-03-18 00:00,1997-03-18 01:00,1037.05,,FEET
SHA,D,6,RES ELE,1997-03-19 00:00,1997-03-19 01:00,1037.36,,FEET
SHA,D,6,RES ELE,1997-03-20 00:00,1997-03-20 01:00,1037.64,,FEET
SHA,D,6,RES ELE,1997-03-21 00:00,1997-03-21 01:00,1038.00,,FEET
SHA,D,6,RES ELE,1997-03-22 00:00,1997-03-22 01:00,1038.29,,FEET
SHA,D,6,RES ELE,1997-03-23 00:00,1997-03-23 01:00,1038.54,,FEET
SHA,D,6,RES ELE,1997-03-24 00:00,1997-03-24 01:00,1038.72,,FEET
SHA,D,6,RES ELE,1997-03-25 00:00,1997-03-25 01:00,1038.98,,FEET
SHA,D,6,RES ELE,1997-03-26 00:00,1997-03-26 01:00,1039.22,,FEET
SHA,D,6,RES ELE,1997-03-27 00:00,1997-03-27 01:00,1039.42,,FEET
SHA,D,6,RES ELE,1997-03-28 00:00,1997-03-28 01:00,1039.62,,FEET
SHA,D,6,RES ELE,1997-03-29 00:00,1997-03-29 01:00,1039.90,,FEET
SHA,D,6,RES ELE,1997-03-30 00:00,1997-03-30 01:00,1040.13,,FEET
SHA,D,6,RES ELE,1997-03-31 00:00,1997-03-31 01:00,1040.27,,FEET
SHA,D,6,RES ELE,1997-04-01 00:00,1997-04-01 01:00,1040.52,,FEET
SHA,D,6,RES ELE,1997-04-02 00:00,1997-04-02 01:00,1040.67,,FEET
SHA,D,6,RES ELE,1997-04-03 00:00,1997-04-03 01:00,1040.89,,FEET
SHA,D,6,RES ELE,1997-04-04 00:00,1997-04-04 01:00,1041.07,,FEET
SHA,D,6,RES ELE,1997-04-05 00:00,1997-04-05 00:00,1041.27,,FEET
SHA,D,6,RES ELE,1997-04-06 00:00,1997-04-06 00:00,1041.42,,FEET
SHA,D,6,RES ELE,1997-04-07 00:00,1997-04-07 00:00,1041.62,,FEET
SHA,D,6,RES ELE,1997-04-08 00:00,1997-04-08 00:00,1041.81,,FEET
SHA,D,6,RES ELE,1997-04-09 00:00,1997-04-09 00:00,1041.93,,FEET
SHA,D,6,RES ELE,1997-04-10 00:00,1997-04-10 00:00,1042.09,,FEET
SHA,D,6,RES ELE,1997-04-11 00:00,1997-04-11 00:00,1042.19,,FEET
SHA,D,6,RES ELE,1997-04-12 00:00,1997-04-12 00:00,1042.24,,FEET
SHA,D,6,RES ELE,1997-04-13 00:00,1997-04-13 00:00,1042.30,,FEET
SHA,D,6,RES ELE,1997-04-14 00:00,1997-04-14 00:00,1042.30,,FEET
SHA,D,6,RES ELE,1997-04-15 00:00,1997-04-15 00:00,1042.30,,FEET
SHA,D,6,RES ELE,1997-04-16 00:00,1997-04-16 00:00,1042.38,,FEET
SHA,D,6,RES ELE,1997-04-17 00:00,1997-04-17 00:00,1042.40,,FEET
SHA,D,6,RES ELE,1997-04-18 00:00,1997-04-18 00:00,1042.70,,FEET
SHA,D,6,RES ELE,1997-04-19 00:00,1997-04-19 00:00,1042.80,,FEET
SHA,D,6,RES ELE,1997-04-20 00:00,1997-04-20 00:00,1043.12,,FEET
SHA,D,6,RES ELE,1997-04-21 00:00,1997-04-21 00:00,1043.50,,FEET
SHA,D,6,RES ELE,1997-04-22 00:00,1997-04-22 00:00,1043.92,,FEET
SHA,D,6,RES ELE,1997-04-23 00:00,1997-04-23 00:00,1044.31,,FEET
SHA,D,6,RES ELE,1997-04-24 00:00,1997-04-24 00:00,1044.55,,FEET
SHA,D,6,RES ELE,1997-04-25 00:00,1997-04-25 00:00,1044.84,,FEET
SHA,D,6,RES ELE,1997-04-26 00:00,1997-04-26 00:00,1044.98,,FEET
SHA,D,6,RES ELE,1997-04-27 00:00,1997-04-27 00:00,1045.11,,FEET
SHA,D,6,RES ELE,1997-04-28 00:00,1997-04-28 00:00,1045.32,,FEET
SHA,D,6,RES ELE,1997-04-29 00:00,1997-04-29 00:00,1045.33,,FEET
SHA,D,6,RES ELE,1997-04-30 00:00,1997-04-30 00:00,1045.40,,FEET
SHA,D,6,RES ELE,1997-05-01 00:00,1997-05-01 00:00,1045.49,,FEET
SHA,D,6,RES ELE,1997-05-02 00:00,1997-05-02 00:00,1045.59,,FEET
SHA,D,6,RES ELE,1997-05-03 00:00,1997-05-03 00:00,1045.63,,FEET
SHA,D,6,RES ELE,1997-05-04 00:00,1997-05-04 00:00,1045.75,,FEET
SHA,D,6,RES ELE,1997-05-05 00:00,1997-05-05 00:00,1045.85,,FEET
SHA,D,6,RES ELE,1997-05-06 00:00,1997-05-06 00:00,1045.90,,FEET
SHA,D,6,RES ELE,1997-05-07 00:00,1997-05-07 00:00,1045.87,,FEET
SHA,D,6,RES ELE,1997-05-08 00:00,1997-05-08 00:00,1045.86,,FEET
SHA,D,6,RES ELE,1997-05-09 00:00,1997-05-09 00:00,1045.79,,FEET
SHA,D,6,RES ELE,1997-05-10 00:00,1997-05-10 00:00,1045.54,,FEET
SHA,D,6,RES ELE,1997-05-11 00:00,1997-05-11 00:00,1045.24,,FEET
SHA,D,6,RES ELE,1997-05-12 00:00,1997-05-12 00:00,1045.01,,FEET
SHA,D,6,RES ELE,1997-05-13 00:00,1997-05-13 00:00,1044.92,,FEET
SHA,D,6,RES ELE,1997-05-14 00:00,1997-05-14 00:00,1044.75,,FEET
SHA,D,6,RES ELE,1997-05-15 00:00,1997-05-15 00:00,1044.56,,FEET
SHA,D,6,RES ELE,1997-05-16 00:00,1997-05-16 00:00,1044.40,,FEET
SHA,D,6,RES ELE,1997-05-17 00:00,1997-05-17 00:00,1044.15,,FEET
SHA,D,6,RES ELE,1997-05-18 00:00,1997-05-18 00:00,1043.79,,FEET
SHA,D,6,RES ELE,1997-05-19 00:00,1997-05-19 00:00,1043.64,,FEET
SHA,D,6,RES ELE,1997-05-20 00:00,1997-05-20 00:00,1043.47,,FEET
SHA,D,6,RES ELE,1997-05-21 00:00,1997-05-21 00:00,1043.30,,FEET
SHA,D,6,RES ELE,1997-05-22 00:00,1997-05-22 00:00,1043.02,,FEET
SHA,D,6,RES ELE,1997-05-23 00:00,1997-05-23 00:00,1043.07,,FEET
SHA,D,6,RES ELE,1997-05-24 00:00,1997-05-24 00:00,1043.02,,FEET
SHA,D,6,RES ELE,1997-05-25 00:00,1997-05-25 00:00,1042.72,,FEET
SHA,D,6,RES ELE,1997-05-26 00:00,1997-05-26 00:00,1042.50,,FEET
SHA,D,6,RES ELE,1997-05-27 00:00,1997-05-27 00:00,1042.26,,FEET
SHA,D,6,RES ELE,1997-05-28 00:00,1997-05-28 00:00,1042.02,,FEET
SHA,D,6,RES ELE,1997-05-29 00:00,1997-05-29 00:00,1041.88,,FEET
SHA,D,6,RES ELE,1997-05-30 00:00,1997-05-30 00:00,1041.71,,FEET
SHA,D,6,RES ELE,1997-05-31 00:00,1997-05-31 00:00,1041.51,,FEET
SHA,D,6,RES ELE,1997-06-01 00:00,1997-06-01 00:00,1041.29,,FEET
SHA,D,6,RES ELE,1997-06-02 00:00,1997-06-02 00:00,1041.05,,FEET
SHA,D,6,RES ELE,1997-06-03 00:00,1997-06-03 00:00,1041.00,,FEET
SHA,D,6,RES ELE,1997-06-04 00:00,1997-06-04 00:00,1040.98,,FEET
SHA,D,6,RES ELE,1997-06-05 00:00,1997-06-05 00:00,1040.77,,FEET
SHA,D,6,RES ELE,1997-06-06 00:00,1997-06-06 00:00,1040.55,,FEET
SHA,D,6,RES ELE,1997-06-07 00:00,1997-06-07 00:00,1040.31,,FEET
SHA,D,6,RES ELE,1997-06-08 00:00,1997-06-08 00:00,1040.01,,FEET
SHA,D,6,RES ELE,1997-06-09 00:00,1997-06-09 00:00,1039.72,,FEET
SHA,D,6,RES ELE,1997-06-10 00:00,1997-06-10 00:00,1039.45,,FEET
SHA,D,6,RES ELE,1997-06-11 00:00,1997-06-11 00:00,1039.06,,FEET
SHA,D,6,RES ELE,1997-06-12 00:00,1997-06-12 00:00,1038.63,,FEET
SHA,D,6,RES ELE,1997-06-13 00:00,1997-06-13 00:00,1038.13,,FEET
SHA,D,6,RES ELE,1997-06-14 00:00,1997-06-14 00:00,1037.64,,FEET
SHA,D,6,RES ELE,1997-06-15 00:00,1997-06-15 00:00,1036.87,,FEET
SHA,D,6,RES ELE,1997-06-16 00:00,1997-06-16 00:00,1036.20,,FEET
SHA,D,6,RES ELE,1997-06-17 00:00,1997-06-17 00:00,1035.60,,FEET
SHA,D,6,RES ELE,1997-06-18 00:00,1997-06-18 00:00,1035.01,,FEET
SHA,D,6,RES ELE,1997-06-19 00:00,1997-06-19 00:00,1034.41,,FEET
SHA,D,6,RES ELE,1997-06-20 00:00,1997-06-20 00:00,1033.87,,FEET
SHA,D,6,RES ELE,1997-06-21 00:00,1997-06-21 00:00,1033.31,,FEET
SHA,D,6,RES ELE,1997-06-22 00:00,1997-06-22 00:00,1032.68,,FEET
SHA,D,6,RES ELE,1997-06-23 00:00,1997-06-23 00:00,1031.95,,FEET
SHA,D,6,RES ELE,1997-06-24 00:00,1997-06-24 00:00,1031.39,,FEET
SHA,D,6,RES ELE,1997-06-25 00:00,1997-06-25 00:00,1030.81,,FEET
SHA,D,6,RES ELE,1997-06-26 00:00,1997-06-26 00:00,1030.24,,FEET
SHA,D,6,RES ELE,1997-06-27 00:00,1997-06-27 00:00,1029.58,,FEET
SHA,D,6,RES ELE,1997-06-28 00:00,1997-06-28 00:00,1028.77,,FEET
SHA,D,6,RES ELE,1997-06-29 00:00,1997-06-29 00:00,1028.06,,FEET
SHA,D,6,RES ELE,1997-06-30 00:00,1997-06-30 00:00,1027.50,,FEET
SHA,D,6,RES ELE,1997-07-01 00:00,1997-07-01 00:00,1026.84,,FEET
SHA,D,6,RES ELE,1997-07-02 00:00,1997-07-02 00:00,1026.20,,FEET
SHA,D,6,RES ELE,1997-07-03 00:00,1997-07-03 00:00,1025.68,,FEET
SHA,D,6,RES ELE,1997-07-04 00:00,1997-07-04 00:00,1024.97,,FEET
SHA,D,6,RES ELE,1997-07-05 00:00,1997-07-05 00:00,1024.16,,FEET
SHA,D,6,RES ELE,1997-07-06 00:00,1997-07-06 00:00,1023.27,,FEET
SHA,D,6,RES ELE,1997-07-07 00:00,1997-07-07 00:00,1022.73,,FEET
SHA,D,6,RES ELE,1997-07-08 00:00,1997-07-08 00:00,1022.10,,FEET
SHA,D,6,RES ELE,1997-07-09 00:00,1997-07-09 00:00,1021.43,,FEET
SHA,D,6,RES ELE,1997-07-10 00:00,1997-07-10 00:00,1020.68,,FEET
SHA,D,6,RES ELE,1997-07-11 00:00,1997-07-11 00:00,1020.03,,FEET
SHA,D,6,RES ELE,1997-07-12 00:00,1997-07-12 00:00,1019.16,,FEET
SHA,D,6,RES ELE,1997-07-13 00:00,1997-07-13 00:00,1018.38,,FEET
SHA,D,6,RES ELE,1997-07-14 00:00,1997-07-14 00:00,1017.67,,FEET
SHA,D,6,RES ELE,1997-07-15 00:00,1997-07-15 00:00,1016.98,,FEET
SHA,D,6,RES ELE,1997-07-16 00:00,1997-07-16 00:00,1016.26,,FEET
SHA,D,6,RES ELE,1997-07-17 00:00,1997-07-17 00:00,1015.58,,FEET
SHA,D,6,RES ELE,1997-07-18 00:00,1997-07-18 00:00,1014.89,,FEET
SHA,D,6,RES ELE,1997-07-19 00:00,1997-07-19 00:00,1014.04,,FEET
SHA,D,6,RES ELE,1997-07-20 00:00,1997-07-20 00:00,1013.19,,FEET
SHA,D,6,RES ELE,1997-07-21 00:00,1997-07-21 00:00,1012.53,,FEET
SHA,D,6,RES ELE,1997-07-22 00:00,1997-07-22 00:00,1011.77,,FEET
SHA,D,6,RES ELE,1997-07-23 00:00,1997-07-23 00:00,1011.04,,FEET
SHA,D,6,RES ELE,1997-07-24 00:00,1997-07-24 00:00,1010.28,,FEET
SHA,D,6,RES ELE,1997-07-25 00:00,1997-07-25 00:00,1009.57,,FEET
SHA,D,6,RES ELE,1997-07-26 00:00,1997-07-26 00:00,1008.69,,FEET
SHA,D,6,RES ELE,1997-07-27 00:00,1997-07-27 00:00,1007.91,,FEET
SHA,D,6,RES ELE,1997-07-28 00:00,1997-07-28 00:00,1007.22,,FEET
SHA,D,6,RES ELE,1997-07-29 00:00,1997-07-29 00:00,1006.57,,FEET
SHA,D,6,RES ELE,1997-07-30 00:00,1997-07-30 00:00,1005.97,,FEET
SHA,D,6,RES ELE,1997-07-31 00:00,1997-07-31 00:00,1005.28,,FEET
SHA,D,6,RES ELE,1997-08-01 00:00,1997-08-01 00:00,1004.57,,FEET
SHA,D,6,RES ELE,1997-08-02 00:00,1997-08-02 00:00,1003.81,,FEET
SHA,D,6,RES ELE,1997-08-03 00:00,1997-08-03 00:00,1002.75,,FEET
SHA,D,6,RES ELE,1997-08-04 00:00,1997-08-04 00:00,1001.97,,FEET
SHA,D,6,RES ELE,1997-08-05 00:00,1997-08-05 00:00,1001.25,,FEET
SHA,D,6,RES ELE,1997-08-06 00:00,1997-08-06 00:00,1000.54,,FEET
SHA,D,6,RES ELE,1997-08-07 00:00,1997-08-07 00:00,999.75,,FEET
SHA,D,6,RES ELE,1997-08-08 00:00,1997-08-08 00:00,998.97,,FEET
SHA,D,6,RES ELE,1997-08-09 00:00,1997-08-09 00:00,998.17,,FEET
SHA,D,6,RES ELE,1997-08-10 00:00,1997-08-10 00:00,997.32,,FEET
SHA,D,6,RES ELE,1997-08-11 00:00,1997-08-11 00:00,996.61,,FEET
SHA,D,6,RES ELE,1997-08-12 00:00,1997-08-12 00:00,996.01,,FEET
SHA,D,6,RES ELE,1997-08-13 00:00,1997-08-13 00:00,995.32,,FEET
SHA,D,6,RES ELE,1997-08-14 00:00,1997-08-14 00:00,994.67,,FEET
SHA,D,6,RES ELE,1997-08-15 00:00,1997-08-15 00:00,994.10,,FEET
SHA,D,6,RES ELE,1997-08-16 00:00,1997-08-16 00:00,993.40,,FEET
SHA,D,6,RES ELE,1997-08-17 00:00,1997-08-17 00:00,992.72,,FEET
SHA,D,6,RES ELE,1997-08-18 00:00,1997-08-18 00:00,992.24,,FEET
SHA,D,6,RES ELE,1997-08-19 00:00,1997-08-19 00:00,991.78,,FEET
SHA,D,6,RES ELE,1997-08-20 00:00,1997-08-20 00:00,991.43,,FEET
SHA,D,6,RES ELE,1997-08-21 00:00,1997-08-21 00:00,991.01,,FEET
SHA,D,6,RES ELE,1997-08-22 00:00,1997-08-22 00:00,990.63,,FEET
SHA,D,6,RES ELE,1997-08-23 00:00,1997-08-23 00:00,990.12,,FEET
SHA,D,6,RES ELE,1997-08-24 00:00,1997-08-24 00:00,989.56,,FEET
SHA,D,6,RES ELE,1997-08-25 00:00,1997-08-25 00:00,989.19,,FEET
SHA,D,6,RES ELE,1997-08-26 00:00,1997-08-26 00:00,988.88,,FEET
SHA,D,6,RES ELE,1997-08-27 00:00,1997-08-27 00:00,988.56,,FEET
SHA,D,6,RES ELE,1997-08-28 00:00,1997-08-28 00:00,988.26,,FEET
SHA,D,6,RES ELE,1997-08-29 00:00,1997-08-29 00:00,987.99,,FEET
SHA,D,6,RES ELE,1997-08-30 00:00,1997-08-30 00:00,987.52,,FEET
SHA,D,6,RES ELE,1997-08-31 00:00,1997-08-31 00:00,986.97,,FEET
SHA,D,6,RES ELE,1997-09-01 00:00,1997-09-01 00:00,986.42,,FEET
SHA,D,6,RES ELE,1997-09-02 00:00,1997-09-02 00:00,985.89,,FEET
SHA,D,6,RES ELE,1997-09-03 00:00,1997-09-03 00:00,985.51,,FEET
SHA,D,6,RES ELE,1997-09-04 00:00,1997-09-04 00:00,985.22,,FEET
SHA,D,6,RES ELE,1997-09-05 00:00,1997-09-05 00:00,984.82,,FEET
SHA,D,6,RES ELE,1997-09-06 00:00,1997-09-06 00:00,983.96,,FEET
SHA,D,6,RES ELE,1997-09-07 00:00,1997-09-07 00:00,983.10,,FEET
SHA,D,6,RES ELE,1997-09-08 00:00,1997-09-08 00:00,982.57,,FEET
SHA,D,6,RES ELE,1997-09-09 00:00,1997-09-09 00:00,982.18,,FEET
SHA,D,6,RES ELE,1997-09-10 00:00,1997-09-10 00:00,981.76,,FEET
SHA,D,6,RES ELE,1997-09-11 00:00,1997-09-11 00:00,981.39,,FEET
SHA,D,6,RES ELE,1997-09-12 00:00,1997-09-12 00:00,981.14,,FEET
SHA,D,6,RES ELE,1997-09-13 00:00,1997-09-13 00:00,980.53,,FEET
SHA,D,6,RES ELE,1997-09-14 00:00,1997-09-14 00:00,980.04,,FEET
SHA,D,6,RES ELE,1997-09-15 00:00,1997-09-15 00:00,979.76,,FEET
SHA,D,6,RES ELE,1997-09-16 00:00,1997-09-16 00:00,979.46,,FEET
SHA,D,6,RES ELE,1997-09-17 00:00,1997-09-17 00:00,979.18,,FEET
SHA,D,6,RES ELE,1997-09-18 00:00,1997-09-18 00:00,978.78,,FEET
SHA,D,6,RES ELE,1997-09-19 00:00,1997-09-19 00:00,978.57,,FEET
SHA,D,6,RES ELE,1997-09-20 00:00,1997-09-20 00:00,978.09,,FEET
SHA,D,6,RES ELE,1997-09-21 00:00,1997-09-21 00:00,977.67,,FEET
SHA,D,6,RES ELE,1997-09-22 00:00,1997-09-22 00:00,977.33,,FEET
SHA,D,6,RES ELE,1997-09-23 00:00,1997-09-23 00:00,977.10,,FEET
SHA,D,6,RES ELE,1997-09-24 00:00,1997-09-24 00:00,976.77,,FEET
SHA,D,6,RES ELE,1997-09-25 00:00,1997-09-25 00:00,976.37,,FEET
SHA,D,6,RES ELE,1997-09-26 00:00,1997-09-26 00:00,976.14,,FEET
SHA,D,6,RES ELE,1997-09-27 00:00,1997-09-27 00:00,975.73,,FEET
SHA,D,6,RES ELE,1997-09-28 00:00,1997-09-28 00:00,975.30,,FEET
SHA,D,6,RES ELE,1997-09-29 00:00,1997-09-29 00:00,974.70,,FEET
SHA,D,6,RES ELE,1997-09-30 00:00,1997-09-30 00:00,974.40,,FEET
SHA,D,6,RES ELE,1997-10-01 00:00,1997-10-01 00:00,974.20,,FEET
SHA,D,6,RES ELE,1997-10-02 00:00,1997-10-02 00:00,973.97,,FEET
SHA,D,6,RES ELE,1997-10-03 00:00,1997-10-03 00:00,973.81,,FEET
SHA,D,6,RES ELE,1997-10-04 00:00,1997-10-04 00:00,973.71,,FEET
SHA,D,6,RES ELE,1997-10-05 00:00,1997-10-05 00:00,973.43,,FEET
SHA,D,6,RES ELE,1997-10-06 00:00,1997-10-06 00:00,973.41,,FEET
SHA,D,6,RES ELE,1997-10-07 00:00,1997-10-07 00:00,973.35,,FEET
SHA,D,6,RES ELE,1997-10-08 00:00,1997-10-08 00:00,973.41,,FEET
SHA,D,6,RES ELE,1997-10-09 00:00,1997-10-09 00:00,973.46,,FEET
SHA,D,6,RES ELE,1997-10-10 00:00,1997-10-10 00:00,973.60,,FEET
SHA,D,6,RES ELE,1997-10-11 00:00,1997-10-11 00:00,973.47,,FEET
SHA,D,6,RES ELE,1997-10-12 00:00,1997-10-12 00:00,973.40,,FEET
SHA,D,6,RES ELE,1997-10-13 00:00,1997-10-13 00:00,973.34,,FEET
SHA,D,6,RES ELE,1997-10-14 00:00,1997-10-14 00:00,973.37,,FEET
SHA,D,6,RES ELE,1997-10-15 00:00,1997-10-15 00:00,973.35,,FEET
SHA,D,6,RES ELE,1997-10-16 00:00,1997-10-16 00:00,973.39,,FEET
SHA,D,6,RES ELE,1997-10-17 00:00,1997-10-17 00:00,973.66,,FEET
SHA,D,6,RES ELE,1997-10-18 00:00,1997-10-18 00:00,973.81,,FEET
SHA,D,6,RES ELE,1997-10-19 00:00,1997-10-19 00:00,973.95,,FEET
SHA,D,6,RES ELE,1997-10-20 00:00,1997-10-20 00:00,974.32,,FEET
SHA,D,6,RES ELE,1997-10-21 00:00,1997-10-21 00:00,974.45,,FEET
SHA,D,6,RES ELE,1997-10-22 00:00,1997-10-22 00:00,974.51,,FEET
SHA,D,6,RES ELE,1997-10-23 00:00,1997-10-23 00:00,975.03,,FEET
SHA,D,6,RES ELE,1997-10-24 00:00,1997-10-24 00:00,975.34,,FEET
SHA,D,6,RES ELE,1997-10-25 00:00,1997-10-25 01:00,975.08,,FEET
SHA,D,6,RES ELE,1997-10-26 00:00,1997-10-26 01:00,974.76,,FEET
SHA,D,6,RES ELE,1997-10-27 00:00,1997-10-27 01:00,974.63,,FEET
SHA,D,6,RES ELE,1997-10-28 00:00,1997-10-28 01:00,974.62,,FEET
SHA,D,6,RES ELE,1997-10-29 00:00,1997-10-29 01:00,974.71,,FEET
SHA,D,6,RES ELE,1997-10-30 00:00,1997-10-30 01:00,974.79,,FEET
SHA,D,6,RES ELE,1997-10-31 00:00,1997-10-31 01:00,974.86,,FEET
SHA,D,6,RES ELE,1997-11-01 00:00,1997-11-01 01:00,974.93,,FEET
SHA,D,6,RES ELE,1997-11-02 00:00,1997-11-02 01:00,975.03,,FEET
SHA,D,6,RES ELE,1997-11-03 00:00,1997-11-03 01:00,975.27,,FEET
SHA,D,6,RES ELE,1997-11-04 00:00,1997-11-04 01:00,975.39,,FEET
SHA,D,6,RES ELE,1997-11-05 00:00,1997-11-05 01:00,975.47,,FEET
SHA,D,6,RES ELE,1997-11-06 00:00,1997-11-06 01:00,975.46,,FEET
SHA,D,6,RES ELE,1997-11-07 00:00,1997-11-07 01:00,975.53,,FEET
SHA,D,6,RES ELE,1997-11-08 00:00,1997-11-08 01:00,975.68,,FEET
SHA,D,6,RES ELE,1997-11-09 00:00,1997-11-09 01:00,975.66,,FEET
SHA,D,6,RES ELE,1997-11-10 00:00,1997-11-10 01:00,975.75,,FEET
SHA,D,6,RES ELE,1997-11-11 00:00,1997-11-11 01:00,975.91,,FEET
SHA,D,6,RES ELE,1997-11-12 00:00,1997-11-12 01:00,975.98,,FEET
SHA,D,6,RES ELE,1997-11-13 00:00,1997-11-13 01:00,976.14,,FEET
SHA,D,6,RES ELE,1997-11-14 00:00,1997-11-14 01:00,976.28,,FEET
SHA,D,6,RES ELE,1997-11-15 00:00,1997-11-15 01:00,976.60,,FEET
SHA,D,6,RES ELE,1997-11-16 00:00,1997-11-16 01:00,977.35,,FEET
SHA,D,6,RES ELE,1997-11-17 00:00,1997-11-17 01:00,977.72,,FEET
SHA,D,6,RES ELE,1997-11-18 00:00,1997-11-18 01:00,977.95,,FEET
SHA,D,6,RES ELE,1997-11-19 00:00,1997-11-19 01:00,979.07,,FEET
SHA,D,6,RES ELE,1997-11-20 00:00,1997-11-20 01:00,979.97,,FEET
SHA,D,6,RES ELE,1997-11-21 00:00,1997-11-21 01:00,980.30,,FEET
SHA,D,6,RES ELE,1997-11-22 00:00,1997-11-22 01:00,980.62,,FEET
SHA,D,6,RES ELE,1997-11-23 00:00,1997-11-23 01:00,980.92,,FEET
SHA,D,6,RES ELE,1997-11-24 00:00,1997-11-24 01:00,981.58,,FEET
SHA,D,6,RES ELE,1997-11-25 00:00,1997-11-25 01:00,982.35,,FEET
SHA,D,6,RES ELE,1997-11-26 00:00,1997-11-26 01:00,983.52,,FEET
SHA,D,6,RES ELE,1997-11-27 00:00,1997-11-27 01:00,984.51,,FEET
SHA,D,6,RES ELE,1997-11-28 00:00,1997-11-28 01:00,985.03,,FEET
SHA,D,6,RES ELE,1997-11-29 00:00,1997-11-29 01:00,985.52,,FEET
SHA,D,6,RES ELE,1997-11-30 00:00,1997-11-30 01:00,986.00,,FEET
SHA,D,6,RES ELE,1997-12-01 00:00,1997-12-01 01:00,986.34,,FEET
SHA,D,6,RES ELE,1997-12-02 00:00,1997-12-02 01:00,986.61,,FEET
SHA,D,6,RES ELE,1997-12-03 00:00,1997-12-03 01:00,987.02,,FEET
SHA,D,6,RES ELE,1997-12-04 00:00,1997-12-04 01:00,987.39,,FEET
SHA,D,6,RES ELE,1997-12-05 00:00,1997-12-05 01:00,987.78,,FEET
SHA,D,6,RES ELE,1997-12-06 00:00,1997-12-06 01:00,988.04,,FEET
SHA,D,6,RES ELE,1997-12-07 00:00,1997-12-07 01:00,988.99,,FEET
SHA,D,6,RES ELE,1997-12-08 00:00,1997-12-08 01:00,989.69,,FEET
SHA,D,6,RES ELE,1997-12-09 00:00,1997-12-09 01:00,990.19,,FEET
SHA,D,6,RES ELE,1997-12-10 00:00,1997-12-10 01:00,990.51,,FEET
SHA,D,6,RES ELE,1997-12-11 00:00,1997-12-11 01:00,990.68,,FEET
SHA,D,6,RES ELE,1997-12-12 00:00,1997-12-12 01:00,990.94,,FEET
SHA,D,6,RES ELE,1997-12-13 00:00,1997-12-13 01:00,991.29,,FEET
SHA,D,6,RES ELE,1997-12-14 00:00,1997-12-14 01:00,991.79,,FEET
SHA,D,6,RES ELE,1997-12-15 00:00,1997-12-15 01:00,992.21,,FEET
SHA,D,6,RES ELE,1997-12-16 00:00,1997-12-16 01:00,992.49,,FEET
SHA,D,6,RES ELE,1997-12-17 00:00,1997-12-17 01:00,992.98,,FEET
SHA,D,6,RES ELE,1997-12-18 00:00,1997-12-18 01:00,993.24,,FEET
SHA,D,6,RES ELE,1997-12-19 00:00,1997-12-19 00:00,,,FEET
SHA,D,6,RES ELE,1997-12-20 00:00,1997-12-20 01:00,993.71,,FEET
SHA,D,6,RES ELE,1997-12-21 00:00,1997-12-21 01:00,994.00,,FEET
SHA,D,6,RES ELE,1997-12-22 00:00,1997-12-22 01:00,994.25,,FEET
SHA,D,6,RES ELE,1997-12-23 00:00,1997-12-23 01:00,994.46,,FEET
SHA,D,6,RES ELE,1997-12-24 00:00,1997-12-24 01:00,994.69,,FEET
SHA,D,6,RES ELE,1997-12-25 00:00,1997-12-25 01:00,994.84,,FEET
SHA,D,6,RES ELE,1997-12-26 00:00,1997-12-26 01:00,995.00,,FEET
SHA,D,6,RES ELE,1997-12-27 00:00,1997-12-27 01:00,995.01,,FEET
SHA,D,6,RES ELE,1997-12-28 00:00,1997-12-28 01:00,995.13,,FEET
SHA,D,6,RES ELE,1997-12-29 00:00,1997-12-29 01:00,995.29,,FEET
SHA,D,6,RES ELE,1997-12-30 00:00,1997-12-30 01:00,995.40,,FEET
SHA,D,6,RES ELE,1997-12-31 00:00,1997-12-31 01:00,995.61,,FEET
SHA,D,6,RES ELE,1998-01-01 00:00,1998-01-01 01:00,995.88,,FEET
SHA,D,6,RES ELE,1998-01-02 00:00,1998-01-02 01:00,996.70,,FEET
SHA,D,6,RES ELE,1998-01-03 00:00,1998-01-03 01:00,998.22,,FEET
SHA,D,6,RES ELE,1998-01-04 00:00,1998-01-04 01:00,999.75,,FEET
SHA,D,6,RES ELE,1998-01-05 00:00,1998-01-05 01:00,1000.69,,FEET
SHA,D,6,RES ELE,1998-01-06 00:00,1998-01-06 01:00,1001.60,,FEET
SHA,D,6,RES ELE,1998-01-07 00:00,1998-01-07 01:00,1002.38,,FEET
SHA,D,6,RES ELE,1998-01-08 00:00,1998-01-08 01:00,1003.06,,FEET
SHA,D,6,RES ELE,1998-01-09 00:00,1998-01-09 01:00,1003.69,,FEET
SHA,D,6,RES ELE,1998-01-10 00:00,1998-01-10 01:00,1004.15,,FEET
SHA,D,6,RES ELE,1998-01-11 00:00,1998-01-11 01:00,1005.52,,FEET
SHA,D,6,RES ELE,1998-01-12 00:00,1998-01-12 01:00,1008.47,,FEET
SHA,D,6,RES ELE,1998-01-13 00:00,1998-01-13 01:00,1010.82,,FEET
SHA,D,6,RES ELE,1998-01-14 00:00,1998-01-14 01:00,1013.85,,FEET
SHA,D,6,RES ELE,1998-01-15 00:00,1998-01-15 01:00,1016.92,,FEET
SHA,D,6,RES ELE,1998-01-16 00:00,1998-01-16 01:00,1018.92,,FEET
SHA,D,6,RES ELE,1998-01-17 00:00,1998-01-17 01:00,1021.79,,FEET
SHA,D,6,RES ELE,1998-01-18 00:00,1998-01-18 01:00,1024.96,,FEET
SHA,D,6,RES ELE,1998-01-19 00:00,1998-01-19 01:00,1027.55,,FEET
SHA,D,6,RES ELE,1998-01-20 00:00,1998-01-20 01:00,1029.09,,FEET
SHA,D,6,RES ELE,1998-01-21 00:00,1998-01-21 01:00,1028.95,,FEET
SHA,D,6,RES ELE,1998-01-22 00:00,1998-01-22 01:00,1028.14,,FEET
SHA,D,6,RES ELE,1998-01-23 00:00,1998-01-23 01:00,1026.92,,FEET
SHA,D,6,RES ELE,1998-01-24 00:00,1998-01-24 01:00,1025.62,,FEET
SHA,D,6,RES ELE,1998-01-25 00:00,1998-01-25 01:00,1024.72,,FEET
SHA,D,6,RES ELE,1998-01-26 00:00,1998-01-26 01:00,1024.65,,FEET
SHA,D,6,RES ELE,1998-01-27 00:00,1998-01-27 01:00,1025.06,,FEET
SHA,D,6,RES ELE,1998-01-28 00:00,1998-01-28 01:00,1024.63,,FEET
SHA,D,6,RES ELE,1998-01-29 00:00,1998-01-29 01:00,1025.37,,FEET
SHA,D,6,RES ELE,1998-01-30 00:00,1998-01-30 01:00,1025.01,,FEET
SHA,D,6,RES ELE,1998-01-31 00:00,1998-01-31 01:00,1024.25,,FEET
SHA,D,6,RES ELE,1998-02-01 00:00,1998-02-01 01:00,1025.93,,FEET
SHA,D,6,RES ELE,1998-02-02 00:00,1998-02-02 01:00,1028.81,,FEET
SHA,D,6,RES ELE,1998-02-03 00:00,1998-02-03 01:00,1033.57,,FEET
SHA,D,6,RES ELE,1998-02-04 00:00,1998-02-04 01:00,1034.31,,FEET
SHA,D,6,RES ELE,1998-02-05 00:00,1998-02-05 01:00,1037.59,,FEET
SHA,D,6,RES ELE,1998-02-06 00:00,1998-02-06 01:00,1041.60,,FEET
SHA,D,6,RES ELE,1998-02-07 00:00,1998-02-07 01:00,1045.58,,FEET
SHA,D,6,RES ELE,1998-02-08 00:00,1998-02-08 01:00,1047.37,,FEET
SHA,D,6,RES ELE,1998-02-09 00:00,1998-02-09 01:00,1046.41,,FEET
SHA,D,6,RES ELE,1998-02-10 00:00,1998-02-10 01:00,1045.29,,FEET
SHA,D,6,RES ELE,1998-02-11 00:00,1998-02-11 01:00,1044.01,,FEET
SHA,D,6,RES ELE,1998-02-12 00:00,1998-02-12 01:00,1042.89,,FEET
SHA,D,6,RES ELE,1998-02-13 00:00,1998-02-13 01:00,1041.83,,FEET
SHA,D,6,RES ELE,1998-02-14 00:00,1998-02-14 01:00,1042.14,,FEET
SHA,D,6,RES ELE,1998-02-15 00:00,1998-02-15 01:00,1041.37,,FEET
SHA,D,6,RES ELE,1998-02-16 00:00,1998-02-16 01:00,1039.82,,FEET
SHA,D,6,RES ELE,1998-02-17 00:00,1998-02-17 01:00,1038.04,,FEET
SHA,D,6,RES ELE,1998-02-18 00:00,1998-02-18 01:00,1036.21,,FEET
SHA,D,6,RES ELE,1998-02-19 00:00,1998-02-19 01:00,1037.98,,FEET
SHA,D,6,RES ELE,1998-02-20 00:00,1998-02-20 01:00,1038.00,,FEET
SHA,D,6,RES ELE,1998-02-21 00:00,1998-02-21 01:00,1040.24,,FEET
SHA,D,6,RES ELE,1998-02-22 00:00,1998-02-22 01:00,1039.42,,FEET
SHA,D,6,RES ELE,1998-02-23 00:00,1998-02-23 01:00,1039.81,,FEET
SHA,D,6,RES ELE,1998-02-24 00:00,1998-02-24 01:00,1038.72,,FEET
SHA,D,6,RES ELE,1998-02-25 00:00,1998-02-25 01:00,1036.93,,FEET
SHA,D,6,RES ELE,1998-02-26 00:00,1998-02-26 01:00,1034.89,,FEET
SHA,D,6,RES ELE,1998-02-27 00:00,1998-02-27 01:00,1033.35,,FEET
SHA,D,6,RES ELE,1998-02-28 00:00,1998-02-28 01:00,1031.33,,FEET
SHA,D,6,RES ELE,1998-03-01 00:00,1998-03-01 01:00,1029.22,,FEET
SHA,D,6,RES ELE,1998-03-02 00:00,1998-03-02 01:00,1027.47,,FEET
SHA,D,6,RES ELE,1998-03-03 00:00,1998-03-03 01:00,1026.18,,FEET
SHA,D,6,RES ELE,1998-03-04 00:00,1998-03-04 01:00,1025.01,,FEET
SHA,D,6,RES ELE,1998-03-05 00:00,1998-03-05 01:00,1024.14,,FEET
SHA,D,6,RES ELE,1998-03-06 00:00,1998-03-06 01:00,1023.46,,FEET
SHA,D,6,RES ELE,1998-03-07 00:00,1998-03-07 01:00,1022.97,,FEET
SHA,D,6,RES ELE,1998-03-08 00:00,1998-03-08 01:00,1022.70,,FEET
SHA,D,6,RES ELE,1998-03-09 00:00,1998-03-09 01:00,1022.71,,FEET
SHA,D,6,RES ELE,1998-03-10 00:00,1998-03-10 01:00,1022.51,,FEET
SHA,D,6,RES ELE,1998-03-11 00:00,1998-03-11 01:00,1022.56,,FEET
SHA,D,6,RES ELE,1998-03-12 00:00,1998-03-12 01:00,1022.66,,FEET
SHA,D,6,RES ELE,1998-03-13 00:00,1998-03-13 01:00,1023.23,,FEET
SHA,D,6,RES ELE,1998-03-14 00:00,1998-03-14 01:00,1024.00,,FEET
SHA,D,6,RES ELE,1998-03-15 00:00,1998-03-15 01:00,1024.88,,FEET
SHA,D,6,RES ELE,1998-03-16 00:00,1998-03-16 01:00,1026.00,,FEET
SHA,D,6,RES ELE,1998-03-17 00:00,1998-03-17 01:00,1027.11,,FEET
SHA,D,6,RES ELE,1998-03-18 00:00,1998-03-18 01:00,1028.15,,FEET
SHA,D,6,RES ELE,1998-03-19 00:00,1998-03-19 01:00,1028.82,,FEET
SHA,D,6,RES ELE,1998-03-20 00:00,1998-03-20 01:00,1028.48,,FEET
SHA,D,6,RES ELE,1998-03-21 00:00,1998-03-21 01:00,1027.66,,FEET
SHA,D,6,RES ELE,1998-03-22 00:00,1998-03-22 01:00,1029.12,,FEET
SHA,D,6,RES ELE,1998-03-23 00:00,1998-03-23 01:00,1033.21,,FEET
SHA,D,6,RES ELE,1998-03-24 00:00,1998-03-24 01:00,1035.19,,FEET
SHA,D,6,RES ELE,1998-03-25 00:00,1998-03-25 01:00,1035.22,,FEET
SHA,D,6,RES ELE,1998-03-26 00:00,1998-03-26 01:00,1034.41,,FEET
SHA,D,6,RES ELE,1998-03-27 00:00,1998-03-27 01:00,1033.26,,FEET
SHA,D,6,RES ELE,1998-03-28 00:00,1998-03-28 01:00,1032.54,,FEET
SHA,D,6,RES ELE,1998-03-29 00:00,1998-03-29 01:00,1031.79,,FEET
SHA,D,6,RES ELE,1998-03-30 00:00,1998-03-30 01:00,1031.40,,FEET
SHA,D,6,RES ELE,1998-03-31 00:00,1998-03-31 01:00,1030.77,,FEET
SHA,D,6,RES ELE,1998-04-01 00:00,1998-04-01 01:00,1030.08,,FEET
SHA,D,6,RES ELE,1998-04-02 00:00,1998-04-02 01:00,1029.85,,FEET
SHA,D,6,RES ELE,1998-04-03 00:00,1998-04-04 00:00,1029.70,,FEET
SHA,D,6,RES ELE,1998-04-04 00:00,1998-04-05 00:00,1030.09,,FEET
SHA,D,6,RES ELE,1998-04-05 00:00,1998-04-05 00:00,1030.09,,FEET
SHA,D,6,RES ELE,1998-04-06 00:00,1998-04-06 00:00,1030.68,,FEET
SHA,D,6,RES ELE,1998-04-07 00:00,1998-04-07 00:00,1031.19,,FEET
SHA,D,6,RES ELE,1998-04-08 00:00,1998-04-08 00:00,1032.02,,FEET
SHA,D,6,RES ELE,1998-04-09 00:00,1998-04-09 00:00,1032.92,,FEET
SHA,D,6,RES ELE,1998-04-10 00:00,1998-04-10 00:00,1033.94,,FEET
SHA,D,6,RES ELE,1998-04-11 00:00,1998-04-11 00:00,1035.23,,FEET
SHA,D,6,RES ELE,1998-04-12 00:00,1998-04-12 00:00,1036.50,,FEET
SHA,D,6,RES ELE,1998-04-13 00:00,1998-04-13 00:00,1037.77,,FEET
SHA,D,6,RES ELE,1998-04-14 00:00,1998-04-14 00:00,1038.96,,FEET
SHA,D,6,RES ELE,1998-04-15 00:00,1998-04-15 00:00,1040.11,,FEET
SHA,D,6,RES ELE,1998-04-16 00:00,1998-04-16 00:00,1041.15,,FEET
SHA,D,6,RES ELE,1998-04-17 00:00,1998-04-17 00:00,1042.07,,FEET
SHA,D,6,RES ELE,1998-04-18 00:00,1998-04-18 00:00,1042.73,,FEET
SHA,D,6,RES ELE,1998-04-19 00:00,1998-04-19 00:00,1043.15,,FEET
SHA,D,6,RES ELE,1998-04-20 00:00,1998-04-20 00:00,1043.79,,FEET
SHA,D,6,RES ELE,1998-04-21 00:00,1998-04-21 00:00,1044.34,,FEET
SHA,D,6,RES ELE,1998-04-22 00:00,1998-04-22 00:00,1044.94,,FEET
SHA,D,6,RES ELE,1998-04-23 00:00,1998-04-23 00:00,1045.59,,FEET
SHA,D,6,RES ELE,1998-04-24 00:00,1998-04-24 00:00,1046.26,,FEET
SHA,D,6,RES ELE,1998-04-25 00:00,1998-04-25 00:00,1046.84,,FEET
SHA,D,6,RES ELE,1998-04-26 00:00,1998-04-26 00:00,1047.42,,FEET
SHA,D,6,RES ELE,1998-04-27 00:00,1998-04-27 00:00,1048.05,,FEET
SHA,D,6,RES ELE,1998-04-28 00:00,1998-04-28 00:00,1048.68,,FEET
SHA,D,6,RES ELE,1998-04-29 00:00,1998-04-29 00:00,1049.29,,FEET
SHA,D,6,RES ELE,1998-04-30 00:00,1998-04-30 00:00,1049.93,,FEET
SHA,D,6,RES ELE,1998-05-01 00:00,1998-05-01 00:00,1050.61,,FEET
SHA,D,6,RES ELE,1998-05-02 00:00,1998-05-02 00:00,1051.23,,FEET
SHA,D,6,RES ELE,1998-05-03 00:00,1998-05-03 00:00,1051.88,,FEET
SHA,D,6,RES ELE,1998-05-04 00:00,1998-05-04 00:00,1052.46,,FEET
SHA,D,6,RES ELE,1998-05-05 00:00,1998-05-05 00:00,1053.01,,FEET
SHA,D,6,RES ELE,1998-05-06 00:00,1998-05-06 00:00,1053.65,,FEET
SHA,D,6,RES ELE,1998-05-07 00:00,1998-05-07 00:00,1054.32,,FEET
SHA,D,6,RES ELE,1998-05-08 00:00,1998-05-08 00:00,1055.15,,FEET
SHA,D,6,RES ELE,1998-05-09 00:00,1998-05-09 00:00,1055.98,,FEET
SHA,D,6,RES ELE,1998-05-10 00:00,1998-05-10 00:00,1056.82,,FEET
SHA,D,6,RES ELE,1998-05-11 00:00,1998-05-11 00:00,1057.65,,FEET
SHA,D,6,RES ELE,1998-05-12 00:00,1998-05-12 00:00,1058.23,,FEET
SHA,D,6,RES ELE,1998-05-13 00:00,1998-05-13 00:00,1058.73,,FEET
SHA,D,6,RES ELE,1998-05-14 00:00,1998-05-14 00:00,1059.23,,FEET
SHA,D,6,RES ELE,1998-05-15 00:00,1998-05-15 00:00,1059.75,,FEET
SHA,D,6,RES ELE,1998-05-16 00:00,1998-05-16 00:00,1060.51,,FEET
SHA,D,6,RES ELE,1998-05-17 00:00,1998-05-17 00:00,1061.09,,FEET
SHA,D,6,RES ELE,1998-05-18 00:00,1998-05-18 00:00,1061.56,,FEET
SHA,D,6,RES ELE,1998-05-19 00:00,1998-05-19 00:00,1061.97,,FEET
SHA,D,6,RES ELE,1998-05-20 00:00,1998-05-20 00:00,1062.22,,FEET
SHA,D,6,RES ELE,1998-05-21 00:00,1998-05-21 00:00,1062.39,,FEET
SHA,D,6,RES ELE,1998-05-22 00:00,1998-05-22 00:00,1062.47,,FEET
SHA,D,6,RES ELE,1998-05-23 00:00,1998-05-23 00:00,1062.29,,FEET
SHA,D,6,RES ELE,1998-05-24 00:00,1998-05-24 00:00,1062.21,,FEET
SHA,D,6,RES ELE,1998-05-25 00:00,1998-05-25 00:00,1062.29,,FEET
SHA,D,6,RES ELE,1998-05-26 00:00,1998-05-26 00:00,1062.32,,FEET
SHA,D,6,RES ELE,1998-05-27 00:00,1998-05-27 00:00,1062.35,,FEET
SHA,D,6,RES ELE,1998-05-28 00:00,1998-05-28 00:00,1062.07,,FEET
SHA,D,6,RES ELE,1998-05-29 00:00,1998-05-29 00:00,1062.65,,FEET
SHA,D,6,RES ELE,1998-05-30 00:00,1998-05-30 00:00,1063.30,,FEET
SHA,D,6,RES ELE,1998-05-31 00:00,1998-05-31 00:00,1063.67,,FEET
SHA,D,6,RES ELE,1998-06-01 00:00,1998-06-01 00:00,1063.74,,FEET
SHA,D,6,RES ELE,1998-06-02 00:00,1998-06-02 00:00,1063.82,,FEET
SHA,D,6,RES ELE,1998-06-03 00:00,1998-06-03 00:00,1063.89,,FEET
SHA,D,6,RES ELE,1998-06-04 00:00,1998-06-04 00:00,1063.79,,FEET
SHA,D,6,RES ELE,1998-06-05 00:00,1998-06-05 00:00,1063.66,,FEET
SHA,D,6,RES ELE,1998-06-06 00:00,1998-06-06 00:00,1063.70,,FEET
SHA,D,6,RES ELE,1998-06-07 00:00,1998-06-07 00:00,1063.57,,FEET
SHA,D,6,RES ELE,1998-06-08 00:00,1998-06-08 00:00,1063.70,,FEET
SHA,D,6,RES ELE,1998-06-09 00:00,1998-06-09 00:00,1063.81,,FEET
SHA,D,6,RES ELE,1998-06-10 00:00,1998-06-10 00:00,1064.07,,FEET
SHA,D,6,RES ELE,1998-06-11 00:00,1998-06-11 00:00,1064.58,,FEET
SHA,D,6,RES ELE,1998-06-12 00:00,1998-06-12 00:00,1064.92,,FEET
SHA,D,6,RES ELE,1998-06-13 00:00,1998-06-13 00:00,1065.17,,FEET
SHA,D,6,RES ELE,1998-06-14 00:00,1998-06-14 00:00,1065.43,,FEET
SHA,D,6,RES ELE,1998-06-15 00:00,1998-06-15 00:00,1065.88,,FEET
SHA,D,6,RES ELE,1998-06-16 00:00,1998-06-16 00:00,1066.11,,FEET
SHA,D,6,RES ELE,1998-06-17 00:00,1998-06-17 00:00,1066.13,,FEET
SHA,D,6,RES ELE,1998-06-18 00:00,1998-06-18 00:00,1066.16,,FEET
SHA,D,6,RES ELE,1998-06-19 00:00,1998-06-19 00:00,1066.18,,FEET
SHA,D,6,RES ELE,1998-06-20 00:00,1998-06-20 00:00,1066.16,,FEET
SHA,D,6,RES ELE,1998-06-21 00:00,1998-06-21 00:00,1065.97,,FEET
SHA,D,6,RES ELE,1998-06-22 00:00,1998-06-22 00:00,1065.85,,FEET
SHA,D,6,RES ELE,1998-06-23 00:00,1998-06-23 00:00,1065.76,,FEET
SHA,D,6,RES ELE,1998-06-24 00:00,1998-06-24 00:00,1065.64,,FEET
SHA,D,6,RES ELE,1998-06-25 00:00,1998-06-25 00:00,1065.51,,FEET
SHA,D,6,RES ELE,1998-06-26 00:00,1998-06-26 00:00,1065.39,,FEET
SHA,D,6,RES ELE,1998-06-27 00:00,1998-06-27 00:00,1065.35,,FEET
SHA,D,6,RES ELE,1998-06-28 00:00,1998-06-28 00:00,1065.10,,FEET
SHA,D,6,RES ELE,1998-06-29 00:00,1998-06-29 00:00,1064.85,,FEET
SHA,D,6,RES ELE,1998-06-30 00:00,1998-06-30 00:00,1064.64,,FEET
SHA,D,6,RES ELE,1998-07-01 00:00,1998-07-01 00:00,1064.50,,FEET
SHA,D,6,RES ELE,1998-07-02 00:00,1998-07-02 00:00,1064.31,,FEET
SHA,D,6,RES ELE,1998-07-03 00:00,1998-07-03 00:00,1063.99,,FEET
SHA,D,6,RES ELE,1998-07-04 00:00,1998-07-04 00:00,1063.79,,FEET
SHA,D,6,RES ELE,1998-07-05 00:00,1998-07-05 00:00,1063.51,,FEET
SHA,D,6,RES ELE,1998-07-06 00:00,1998-07-06 00:00,1063.22,,FEET
SHA,D,6,RES ELE,1998-07-07 00:00,1998-07-07 00:00,1062.93,,FEET
SHA,D,6,RES ELE,1998-07-08 00:00,1998-07-08 00:00,1062.56,,FEET
SHA,D,6,RES ELE,1998-07-09 00:00,1998-07-09 00:00,1062.24,,FEET
SHA,D,6,RES ELE,1998-07-10 00:00,1998-07-10 00:00,1061.87,,FEET
SHA,D,6,RES ELE,1998-07-11 00:00,1998-07-11 00:00,1061.56,,FEET
SHA,D,6,RES ELE,1998-07-12 00:00,1998-07-12 00:00,1061.22,,FEET
SHA,D,6,RES ELE,1998-07-13 00:00,1998-07-13 00:00,1060.83,,FEET
SHA,D,6,RES ELE,1998-07-14 00:00,1998-07-14 00:00,1060.50,,FEET
SHA,D,6,RES ELE,1998-07-15 00:00,1998-07-15 00:00,1060.14,,FEET
SHA,D,6,RES ELE,1998-07-16 00:00,1998-07-16 00:00,1059.72,,FEET
SHA,D,6,RES ELE,1998-07-17 00:00,1998-07-17 00:00,1059.30,,FEET
SHA,D,6,RES ELE,1998-07-18 00:00,1998-07-18 00:00,1058.85,,FEET
SHA,D,6,RES ELE,1998-07-19 00:00,1998-07-19 00:00,1058.47,,FEET
SHA,D,6,RES ELE,1998-07-20 00:00,1998-07-20 00:00,1058.08,,FEET
SHA,D,6,RES ELE,1998-07-21 00:00,1998-07-21 00:00,1057.64,,FEET
SHA,D,6,RES ELE,1998-07-22 00:00,1998-07-22 00:00,1057.25,,FEET
SHA,D,6,RES ELE,1998-07-23 00:00,1998-07-23 00:00,1056.79,,FEET
SHA,D,6,RES ELE,1998-07-24 00:00,1998-07-24 00:00,1056.45,,FEET
SHA,D,6,RES ELE,1998-07-25 00:00,1998-07-25 00:00,,,FEET
SHA,D,6,RES ELE,1998-07-26 00:00,1998-07-26 00:00,1055.58,,FEET
SHA,D,6,RES ELE,1998-07-27 00:00,1998-07-27 00:00,1055.05,,FEET
SHA,D,6,RES ELE,1998-07-28 00:00,1998-07-28 00:00,1054.60,,FEET
SHA,D,6,RES ELE,1998-07-29 00:00,1998-07-29 00:00,1054.13,,FEET
SHA,D,6,RES ELE,1998-07-30 00:00,1998-07-30 00:00,1053.64,,FEET
SHA,D,6,RES ELE,1998-07-31 00:00,1998-07-31 00:00,1053.02,,FEET
SHA,D,6,RES ELE,1998-08-01 00:00,1998-08-01 00:00,1052.51,,FEET
SHA,D,6,RES ELE,1998-08-02 00:00,1998-08-02 00:00,1051.89,,FEET
SHA,D,6,RES ELE,1998-08-03 00:00,1998-08-03 00:00,1051.47,,FEET
SHA,D,6,RES ELE,1998-08-04 00:00,1998-08-04 00:00,1051.04,,FEET
SHA,D,6,RES ELE,1998-08-05 00:00,1998-08-05 00:00,1050.60,,FEET
SHA,D,6,RES ELE,1998-08-06 00:00,1998-08-06 00:00,1050.10,,FEET
SHA,D,6,RES ELE,1998-08-07 00:00,1998-08-07 00:00,1049.63,,FEET
SHA,D,6,RES ELE,1998-08-08 00:00,1998-08-08 00:00,1049.08,,FEET
SHA,D,6,RES ELE,1998-08-09 00:00,1998-08-09 00:00,1048.57,,FEET
SHA,D,6,RES ELE,1998-08-10 00:00,1998-08-10 00:00,1048.02,,FEET
SHA,D,6,RES ELE,1998-08-11 00:00,1998-08-11 00:00,1047.52,,FEET
SHA,D,6,RES ELE,1998-08-12 00:00,1998-08-12 00:00,1047.04,,FEET
SHA,D,6,RES ELE,1998-08-13 00:00,1998-08-13 00:00,1046.49,,FEET
SHA,D,6,RES ELE,1998-08-14 00:00,1998-08-14 00:00,1045.95,,FEET
SHA,D,6,RES ELE,1998-08-15 00:00,1998-08-15 00:00,1045.41,,FEET
SHA,D,6,RES ELE,1998-08-16 00:00,1998-08-16 00:00,1044.79,,FEET
SHA,D,6,RES ELE,1998-08-17 00:00,1998-08-17 00:00,1044.18,,FEET
SHA,D,6,RES ELE,1998-08-18 00:00,1998-08-18 00:00,1043.60,,FEET
SHA,D,6,RES ELE,1998-08-19 00:00,1998-08-19 00:00,1042.99,,FEET
SHA,D,6,RES ELE,1998-08-20 00:00,1998-08-20 00:00,1042.43,,FEET
SHA,D,6,RES ELE,1998-08-21 00:00,1998-08-21 00:00,1041.99,,FEET
SHA,D,6,RES ELE,1998-08-22 00:00,1998-08-22 00:00,1041.51,,FEET
SHA,D,6,RES ELE,1998-08-23 00:00,1998-08-23 00:00,1040.95,,FEET
SHA,D,6,RES ELE,1998-08-24 00:00,1998-08-24 00:00,1040.47,,FEET
SHA,D,6,RES ELE,1998-08-25 00:00,1998-08-25 00:00,1039.93,,FEET
SHA,D,6,RES ELE,1998-08-26 00:00,1998-08-26 00:00,1039.41,,FEET
SHA,D,6,RES ELE,1998-08-27 00:00,1998-08-27 00:00,1038.87,,FEET
SHA,D,6,RES ELE,1998-08-28 00:00,1998-08-28 00:00,1038.35,,FEET
SHA,D,6,RES ELE,1998-08-29 00:00,1998-08-29 00:00,1037.82,,FEET
SHA,D,6,RES ELE,1998-08-30 00:00,1998-08-30 00:00,1037.24,,FEET
SHA,D,6,RES ELE,1998-08-31 00:00,1998-08-31 00:00,1036.68,,FEET
SHA,D,6,RES ELE,1998-09-01 00:00,1998-09-01 00:00,1036.26,,FEET
SHA,D,6,RES ELE,1998-09-02 00:00,1998-09-02 00:00,1035.77,,FEET
SHA,D,6,RES ELE,1998-09-03 00:00,1998-09-03 00:00,1035.35,,FEET
SHA,D,6,RES ELE,1998-09-04 00:00,1998-09-04 00:00,1034.83,,FEET
SHA,D,6,RES ELE,1998-09-05 00:00,1998-09-05 00:00,1034.34,,FEET
SHA,D,6,RES ELE,1998-09-06 00:00,1998-09-06 00:00,1033.83,,FEET
SHA,D,6,RES ELE,1998-09-07 00:00,1998-09-07 00:00,1033.35,,FEET
SHA,D,6,RES ELE,1998-09-08 00:00,1998-09-08 00:00,1032.91,,FEET
SHA,D,6,RES ELE,1998-09-09 00:00,1998-09-09 00:00,1032.56,,FEET
SHA,D,6,RES ELE,1998-09-10 00:00,1998-09-10 00:00,1032.20,,FEET
SHA,D,6,RES ELE,1998-09-11 00:00,1998-09-11 00:00,1031.77,,FEET
SHA,D,6,RES ELE,1998-09-12 00:00,1998-09-12 00:00,1031.41,,FEET
SHA,D,6,RES ELE,1998-09-13 00:00,1998-09-13 00:00,1031.04,,FEET
SHA,D,6,RES ELE,1998-09-14 00:00,1998-09-14 00:00,1030.68,,FEET
SHA,D,6,RES ELE,1998-09-15 00:00,1998-09-15 00:00,1030.37,,FEET
SHA,D,6,RES ELE,1998-09-16 00:00,1998-09-16 00:00,1030.06,,FEET
SHA,D,6,RES ELE,1998-09-17 00:00,1998-09-17 00:00,1029.74,,FEET
SHA,D,6,RES ELE,1998-09-18 00:00,1998-09-18 00:00,1029.45,,FEET
SHA,D,6,RES ELE,1998-09-19 00:00,1998-09-19 00:00,1029.06,,FEET
SHA,D,6,RES ELE,1998-09-20 00:00,1998-09-20 00:00,1028.64,,FEET
SHA,D,6,RES ELE,1998-09-21 00:00,1998-09-21 00:00,1028.43,,FEET
SHA,D,6,RES ELE,1998-09-22 00:00,1998-09-22 00:00,1028.22,,FEET
SHA,D,6,RES ELE,1998-09-23 00:00,1998-09-23 00:00,1028.05,,FEET
SHA,D,6,RES ELE,1998-09-24 00:00,1998-09-24 00:00,1027.98,,FEET
SHA,D,6,RES ELE,1998-09-25 00:00,1998-09-25 00:00,1027.70,,FEET
SHA,D,6,RES ELE,1998-09-26 00:00,1998-09-26 00:00,1027.18,,FEET
SHA,D,6,RES ELE,1998-09-27 00:00,1998-09-27 00:00,1026.73,,FEET
SHA,D,6,RES ELE,1998-09-28 00:00,1998-09-28 00:00,1026.47,,FEET
SHA,D,6,RES ELE,1998-09-29 00:00,1998-09-29 00:00,1026.37,,FEET
SHA,D,6,RES ELE,1998-09-30 00:00,1998-09-30 00:00,1026.31,,FEET
SHA,D,6,RES ELE,1998-10-01 00:00,1998-10-01 00:00,1026.39,,FEET
SHA,D,6,RES ELE,1998-10-02 00:00,1998-10-02 00:00,1026.26,,FEET
SHA,D,6,RES ELE,1998-10-03 00:00,1998-10-03 00:00,1025.85,,FEET
SHA,D,6,RES ELE,1998-10-04 00:00,1998-10-04 00:00,1025.43,,FEET
SHA,D,6,RES ELE,1998-10-05 00:00,1998-10-05 00:00,1025.26,,FEET
SHA,D,6,RES ELE,1998-10-06 00:00,1998-10-06 00:00,1025.08,,FEET
SHA,D,6,RES ELE,1998-10-07 00:00,1998-10-07 00:00,1025.22,,FEET
SHA,D,6,RES ELE,1998-10-08 00:00,1998-10-08 00:00,1025.31,,FEET
SHA,D,6,RES ELE,1998-10-09 00:00,1998-10-09 00:00,1025.02,,FEET
SHA,D,6,RES ELE,1998-10-10 00:00,1998-10-10 00:00,1024.63,,FEET
SHA,D,6,RES ELE,1998-10-11 00:00,1998-10-11 00:00,1024.29,,FEET
SHA,D,6,RES ELE,1998-10-12 00:00,1998-10-12 00:00,1024.15,,FEET
SHA,D,6,RES ELE,1998-10-13 00:00,1998-10-13 00:00,1023.95,,FEET
SHA,D,6,RES ELE,1998-10-14 00:00,1998-10-14 00:00,1024.02,,FEET
SHA,D,6,RES ELE,1998-10-15 00:00,1998-10-15 00:00,1024.04,,FEET
SHA,D,6,RES ELE,1998-10-16 00:00,1998-10-16 00:00,1024.02,,FEET
SHA,D,6,RES ELE,1998-10-17 00:00,1998-10-17 00:00,1024.12,,FEET
SHA,D,6,RES ELE,1998-10-18 00:00,1998-10-18 00:00,1024.18,,FEET
SHA,D,6,RES ELE,1998-10-19 00:00,1998-10-19 00:00,1024.25,,FEET
SHA,D,6,RES ELE,1998-10-20 00:00,1998-10-20 00:00,1024.30,,FEET
SHA,D,6,RES ELE,1998-10-21 00:00,1998-10-21 00:00,1024.24,,FEET
SHA,D,6,RES ELE,1998-10-22 00:00,1998-10-22 00:00,1024.23,,FEET
SHA,D,6,RES ELE,1998-10-23 00:00,1998-10-23 00:00,1024.26,,FEET
SHA,D,6,RES ELE,1998-10-24 00:00,1998-10-24 00:00,1024.47,,FEET
SHA,D,6,RES ELE,1998-10-25 00:00,1998-10-25 00:00,1024.39,,FEET
SHA,D,6,RES ELE,1998-10-26 00:00,1998-10-26 00:00,1024.50,,FEET
SHA,D,6,RES ELE,1998-10-27 00:00,1998-10-27 00:00,1024.54,,FEET
SHA,D,6,RES ELE,1998-10-28 00:00,1998-10-28 00:00,1024.54,,FEET
SHA,D,6,RES ELE,1998-10-29 00:00,1998-10-29 00:00,1024.54,,FEET
SHA,D,6,RES ELE,1998-10-30 00:00,1998-10-30 00:00,1024.62,,FEET
SHA,D,6,RES ELE,1998-10-31 00:00,1998-10-31 00:00,1024.81,,FEET
SHA,D,6,RES ELE,1998-11-01 00:00,1998-11-01 00:00,1024.90,,FEET
SHA,D,6,RES ELE,1998-11-02 00:00,1998-11-02 00:00,1024.79,,FEET
SHA,D,6,RES ELE,1998-11-03 00:00,1998-11-03 00:00,1024.68,,FEET
SHA,D,6,RES ELE,1998-11-04 00:00,1998-11-04 00:00,1024.62,,FEET
SHA,D,6,RES ELE,1998-11-05 00:00,1998-11-05 00:00,1024.58,,FEET
SHA,D,6,RES ELE,1998-11-06 00:00,1998-11-06 00:00,1024.58,,FEET
SHA,D,6,RES ELE,1998-11-07 00:00,1998-11-07 00:00,1024.94,,FEET
SHA,D,6,RES ELE,1998-11-08 00:00,1998-11-08 00:00,1024.94,,FEET
SHA,D,6,RES ELE,1998-11-09 00:00,1998-11-09 00:00,1024.94,,FEET
SHA,D,6,RES ELE,1998-11-10 00:00,1998-11-10 00:00,1025.16,,FEET
SHA,D,6,RES ELE,1998-11-11 00:00,1998-11-11 00:00,1025.24,,FEET
SHA,D,6,RES ELE,1998-11-12 00:00,1998-11-12 00:00,1025.05,,FEET
SHA,D,6,RES ELE,1998-11-13 00:00,1998-11-13 00:00,1024.74,,FEET
SHA,D,6,RES ELE,1998-11-14 00:00,1998-11-14 00:00,1024.37,,FEET
SHA,D,6,RES ELE,1998-11-15 00:00,1998-11-15 00:00,1024.01,,FEET
SHA,D,6,RES ELE,1998-11-16 00:00,1998-11-16 00:00,1023.68,,FEET
SHA,D,6,RES ELE,1998-11-17 00:00,1998-11-17 00:00,1023.35,,FEET
SHA,D,6,RES ELE,1998-11-18 00:00,1998-11-18 00:00,1022.83,,FEET
SHA,D,6,RES ELE,1998-11-19 00:00,1998-11-19 00:00,1022.27,,FEET
SHA,D,6,RES ELE,1998-11-20 00:00,1998-11-20 00:00,1021.83,,FEET
SHA,D,6,RES ELE,1998-11-21 00:00,1998-11-21 00:00,1021.73,,FEET
SHA,D,6,RES ELE,1998-11-22 00:00,1998-11-22 00:00,1021.40,,FEET
SHA,D,6,RES ELE,1998-11-23 00:00,1998-11-23 00:00,1022.57,,FEET
SHA,D,6,RES ELE,1998-11-24 00:00,1998-11-24 00:00,1022.98,,FEET
SHA,D,6,RES ELE,1998-11-25 00:00,1998-11-25 00:00,1023.22,,FEET
SHA,D,6,RES ELE,1998-11-26 00:00,1998-11-26 00:00,1023.51,,FEET
SHA,D,6,RES ELE,1998-11-27 00:00,1998-11-27 00:00,1023.64,,FEET
SHA,D,6,RES ELE,1998-11-28 00:00,1998-11-28 00:00,1023.62,,FEET
SHA,D,6,RES ELE,1998-11-29 00:00,1998-11-29 00:00,1023.92,,FEET
SHA,D,6,RES ELE,1998-11-30 00:00,1998-11-30 00:00,1026.09,,FEET
SHA,D,6,RES ELE,1998-12-01 00:00,1998-12-01 00:00,1027.58,,FEET
SHA,D,6,RES ELE,1998-12-02 00:00,1998-12-02 00:00,1028.47,,FEET
SHA,D,6,RES ELE,1998-12-03 00:00,1998-12-03 00:00,1030.02,,FEET
SHA,D,6,RES ELE,1998-12-04 00:00,1998-12-04 00:00,1030.36,,FEET
SHA,D,6,RES ELE,1998-12-05 00:00,1998-12-05 00:00,1030.36,,FEET
SHA,D,6,RES ELE,1998-12-06 00:00,1998-12-06 00:00,1028.93,,FEET
SHA,D,6,RES ELE,1998-12-07 00:00,1998-12-07 00:00,1027.89,,FEET
SHA,D,6,RES ELE,1998-12-08 00:00,1998-12-08 00:00,1026.74,,FEET
SHA,D,6,RES ELE,1998-12-09 00:00,1998-12-09 00:00,1025.72,,FEET
SHA,D,6,RES ELE,1998-12-10 00:00,1998-12-10 00:00,1024.52,,FEET
SHA,D,6,RES ELE,1998-12-11 00:00,1998-12-11 00:00,1023.49,,FEET
SHA,D,6,RES ELE,1998-12-12 00:00,1998-12-12 00:00,1022.41,,FEET
SHA,D,6,RES ELE,1998-12-13 00:00,1998-12-13 00:00,1021.53,,FEET
SHA,D,6,RES ELE,1998-12-14 00:00,1998-12-14 00:00,1020.92,,FEET
SHA,D,6,RES ELE,1998-12-15 00:00,1998-12-15 00:00,1020.38,,FEET
SHA,D,6,RES ELE,1998-12-16 00:00,1998-12-16 00:00,1020.00,,FEET
SHA,D,6,RES ELE,1998-12-17 00:00,1998-12-17 00:00,1019.58,,FEET
SHA,D,6,RES ELE,1998-12-18 00:00,1998-12-18 00:00,1019.15,,FEET
SHA,D,6,RES ELE,1998-12-19 00:00,1998-12-19 00:00,1018.72,,FEET
SHA,D,6,RES ELE,1998-12-20 00:00,1998-12-20 00:00,1018.47,,FEET
SHA,D,6,RES ELE,1998-12-21 00:00,1998-12-21 00:00,1018.42,,FEET
SHA,D,6,RES ELE,1998-12-22 00:00,1998-12-22 00:00,1018.46,,FEET
SHA,D,6,RES ELE,1998-12-23 00:00,1998-12-23 00:00,1018.59,,FEET
SHA,D,6,RES ELE,1998-12-24 00:00,1998-12-24 00:00,1018.70,,FEET
SHA,D,6,RES ELE,1998-12-25 00:00,1998-12-25 00:00,1018.86,,FEET
SHA,D,6,RES ELE,1998-12-26 00:00,1998-12-26 00:00,1018.98,,FEET
SHA,D,6,RES ELE,1998-12-27 00:00,1998-12-27 00:00,1019.08,,FEET
SHA,D,6,RES ELE,1998-12-28 00:00,1998-12-28 00:00,1019.17,,FEET
SHA,D,6,RES ELE,1998-12-29 00:00,1998-12-29 00:00,1019.22,,FEET
SHA,D,6,RES ELE,1998-12-30 00:00,1998-12-30 00:00,1019.27,,FEET
SHA,D,6,RES ELE,1998-12-31 00:00,1998-12-31 00:00,1019.28,,FEET
SHA,D,6,RES ELE,1999-01-01 00:00,1999-01-01 00:00,1019.60,,FEET
SHA,D,6,RES ELE,1999-01-02 00:00,1999-01-02 00:00,1019.91,,FEET
SHA,D,6,RES ELE,1999-01-03 00:00,1999-01-03 00:00,1020.31,,FEET
SHA,D,6,RES ELE,1999-01-04 00:00,1999-01-04 00:00,1020.54,,FEET
SHA,D,6,RES ELE,1999-01-05 00:00,1999-01-05 00:00,1020.76,,FEET
SHA,D,6,RES ELE,1999-01-06 00:00,1999-01-06 00:00,1020.97,,FEET
SHA,D,6,RES ELE,1999-01-07 00:00,1999-01-07 00:00,1021.22,,FEET
SHA,D,6,RES ELE,1999-01-08 00:00,1999-01-08 00:00,1021.39,,FEET
SHA,D,6,RES ELE,1999-01-09 00:00,1999-01-09 00:00,1021.51,,FEET
SHA,D,6,RES ELE,1999-01-10 00:00,1999-01-10 00:00,1021.54,,FEET
SHA,D,6,RES ELE,1999-01-11 00:00,1999-01-11 00:00,1021.65,,FEET
SHA,D,6,RES ELE,1999-01-12 00:00,1999-01-12 00:00,1021.69,,FEET
SHA,D,6,RES ELE,1999-01-13 00:00,1999-01-13 00:00,1021.73,,FEET
SHA,D,6,RES ELE,1999-01-14 00:00,1999-01-14 00:00,1021.84,,FEET
SHA,D,6,RES ELE,1999-01-15 00:00,1999-01-15 00:00,1021.95,,FEET
SHA,D,6,RES ELE,1999-01-16 00:00,1999-01-16 00:00,1022.07,,FEET
SHA,D,6,RES ELE,1999-01-17 00:00,1999-01-17 00:00,1022.78,,FEET
SHA,D,6,RES ELE,1999-01-18 00:00,1999-01-18 00:00,1024.07,,FEET
SHA,D,6,RES ELE,1999-01-19 00:00,1999-01-19 00:00,1025.40,,FEET
SHA,D,6,RES ELE,1999-01-20 00:00,1999-01-20 00:00,1026.98,,FEET
SHA,D,6,RES ELE,1999-01-21 00:00,1999-01-21 00:00,1027.60,,FEET
SHA,D,6,RES ELE,1999-01-22 00:00,1999-01-22 00:00,1028.47,,FEET
SHA,D,6,RES ELE,1999-01-23 00:00,1999-01-23 00:00,1029.77,,FEET
SHA,D,6,RES ELE,1999-01-24 00:00,1999-01-24 00:00,1030.33,,FEET
SHA,D,6,RES ELE,1999-01-25 00:00,1999-01-25 00:00,1030.56,,FEET
SHA,D,6,RES ELE,1999-01-26 00:00,1999-01-26 00:00,1030.79,,FEET
SHA,D,6,RES ELE,1999-01-27 00:00,1999-01-27 00:00,1030.96,,FEET
SHA,D,6,RES ELE,1999-01-28 00:00,1999-01-28 00:00,1031.15,,FEET
SHA,D,6,RES ELE,1999-01-29 00:00,1999-01-29 00:00,1031.49,,FEET
SHA,D,6,RES ELE,1999-01-30 00:00,1999-01-30 00:00,1031.82,,FEET
SHA,D,6,RES ELE,1999-01-31 00:00,1999-01-31 00:00,1032.15,,FEET
SHA,D,6,RES ELE,1999-02-01 00:00,1999-02-01 00:00,1032.35,,FEET
SHA,D,6,RES ELE,1999-02-02 00:00,1999-02-02 00:00,1032.54,,FEET
SHA,D,6,RES ELE,1999-02-03 00:00,1999-02-03 00:00,1032.67,,FEET
SHA,D,6,RES ELE,1999-02-04 00:00,1999-02-04 00:00,1032.59,,FEET
SHA,D,6,RES ELE,1999-02-05 00:00,1999-02-05 00:00,1032.23,,FEET
SHA,D,6,RES ELE,1999-02-06 00:00,1999-02-06 00:00,1032.79,,FEET
SHA,D,6,RES ELE,1999-02-07 00:00,1999-02-07 00:00,1034.94,,FEET
SHA,D,6,RES ELE,1999-02-08 00:00,1999-02-08 00:00,1035.98,,FEET
SHA,D,6,RES ELE,1999-02-09 00:00,1999-02-09 00:00,1038.21,,FEET
SHA,D,6,RES ELE,1999-02-10 00:00,1999-02-10 00:00,1039.25,,FEET
SHA,D,6,RES ELE,1999-02-11 00:00,1999-02-11 00:00,1039.61,,FEET
SHA,D,6,RES ELE,1999-02-12 00:00,1999-02-12 00:00,1039.63,,FEET
SHA,D,6,RES ELE,1999-02-13 00:00,1999-02-13 00:00,1039.40,,FEET
SHA,D,6,RES ELE,1999-02-14 00:00,1999-02-14 00:00,1039.15,,FEET
SHA,D,6,RES ELE,1999-02-15 00:00,1999-02-15 00:00,1038.27,,FEET
SHA,D,6,RES ELE,1999-02-16 00:00,1999-02-16 00:00,1037.74,,FEET
SHA,D,6,RES ELE,1999-02-17 00:00,1999-02-17 00:00,1037.09,,FEET
SHA,D,6,RES ELE,1999-02-18 00:00,1999-02-18 00:00,1036.49,,FEET
SHA,D,6,RES ELE,1999-02-19 00:00,1999-02-19 00:00,1036.04,,FEET
SHA,D,6,RES ELE,1999-02-20 00:00,1999-02-20 00:00,1035.86,,FEET
SHA,D,6,RES ELE,1999-02-21 00:00,1999-02-21 00:00,1035.76,,FEET
SHA,D,6,RES ELE,1999-02-22 00:00,1999-02-22 00:00,1035.86,,FEET
SHA,D,6,RES ELE,1999-02-23 00:00,1999-02-23 00:00,1035.99,,FEET
SHA,D,6,RES ELE,1999-02-24 00:00,1999-02-24 00:00,1036.16,,FEET
SHA,D,6,RES ELE,1999-02-25 00:00,1999-02-25 00:00,1037.00,,FEET
SHA,D,6,RES ELE,1999-02-26 00:00,1999-02-26 00:00,1036.94,,FEET
SHA,D,6,RES ELE,1999-02-27 00:00,1999-02-27 00:00,1036.64,,FEET
SHA,D,6,RES ELE,1999-02-28 00:00,1999-02-28 00:00,1036.97,,FEET
SHA,D,6,RES ELE,1999-03-01 00:00,1999-03-01 00:00,1037.35,,FEET
SHA,D,6,RES ELE,1999-03-02 00:00,1999-03-02 00:00,1037.33,,FEET
SHA,D,6,RES ELE,1999-03-03 00:00,1999-03-03 00:00,1037.42,,FEET
SHA,D,6,RES ELE,1999-03-04 00:00,1999-03-04 00:00,1037.29,,FEET
SHA,D,6,RES ELE,1999-03-05 00:00,1999-03-05 00:00,1036.91,,FEET
SHA,D,6,RES ELE,1999-03-06 00:00,1999-03-06 00:00,1036.22,,FEET
SHA,D,6,RES ELE,1999-03-07 00:00,1999-03-07 00:00,1035.47,,FEET
SHA,D,6,RES ELE,1999-03-08 00:00,1999-03-08 00:00,1034.84,,FEET
SHA,D,6,RES ELE,1999-03-09 00:00,1999-03-09 00:00,1034.18,,FEET
SHA,D,6,RES ELE,1999-03-10 00:00,1999-03-10 00:00,1033.20,,FEET
SHA,D,6,RES ELE,1999-03-11 00:00,1999-03-11 00:00,1032.26,,FEET
SHA,D,6,RES ELE,1999-03-12 00:00,1999-03-12 00:00,1031.58,,FEET
SHA,D,6,RES ELE,1999-03-13 00:00,1999-03-13 00:00,1031.14,,FEET
SHA,D,6,RES ELE,1999-03-14 00:00,1999-03-14 00:00,1030.77,,FEET
SHA,D,6,RES ELE,1999-03-15 00:00,1999-03-15 00:00,1030.79,,FEET
SHA,D,6,RES ELE,1999-03-16 00:00,1999-03-16 00:00,1030.91,,FEET
SHA,D,6,RES ELE,1999-03-17 00:00,1999-03-17 00:00,1031.01,,FEET
SHA,D,6,RES ELE,1999-03-18 00:00,1999-03-18 00:00,1031.17,,FEET
SHA,D,6,RES ELE,1999-03-19 00:00,1999-03-19 00:00,1031.42,,FEET
SHA,D,6,RES ELE,1999-03-20 00:00,1999-03-20 00:00,1031.82,,FEET
SHA,D,6,RES ELE,1999-03-21 00:00,1999-03-21 00:00,1032.41,,FEET
SHA,D,6,RES ELE,1999-03-22 00:00,1999-03-22 00:00,1032.94,,FEET
SHA,D,6,RES ELE,1999-03-23 00:00,1999-03-23 00:00,1033.61,,FEET
SHA,D,6,RES ELE,1999-03-24 00:00,1999-03-24 00:00,1035.01,,FEET
SHA,D,6,RES ELE,1999-03-25 00:00,1999-03-25 00:00,1036.79,,FEET
SHA,D,6,RES ELE,1999-03-26 00:00,1999-03-26 00:00,1038.07,,FEET
SHA,D,6,RES ELE,1999-03-27 00:00,1999-03-27 00:00,1039.19,,FEET
SHA,D,6,RES ELE,1999-03-28 00:00,1999-03-28 00:00,1040.15,,FEET
SHA,D,6,RES ELE,1999-03-29 00:00,1999-03-29 00:00,1041.00,,FEET
SHA,D,6,RES ELE,1999-03-30 00:00,1999-03-30 00:00,1041.86,,FEET
SHA,D,6,RES ELE,1999-03-31 00:00,1999-03-31 00:00,1042.65,,FEET
SHA,D,6,RES ELE,1999-04-01 00:00,1999-04-01 00:00,1043.32,,FEET
SHA,D,6,RES ELE,1999-04-02 00:00,1999-04-02 00:00,1044.02,,FEET
SHA,D,6,RES ELE,1999-04-03 00:00,1999-04-03 00:00,1044.54,,FEET
SHA,D,6,RES ELE,1999-04-04 00:00,1999-04-04 00:00,1044.95,,FEET
SHA,D,6,RES ELE,1999-04-05 00:00,1999-04-05 00:00,1045.55,,FEET
SHA,D,6,RES ELE,1999-04-06 00:00,1999-04-06 00:00,1046.02,,FEET
SHA,D,6,RES ELE,1999-04-07 00:00,1999-04-07 00:00,1046.52,,FEET
SHA,D,6,RES ELE,1999-04-08 00:00,1999-04-08 00:00,1047.32,,FEET
SHA,D,6,RES ELE,1999-04-09 00:00,1999-04-09 00:00,1048.00,,FEET
SHA,D,6,RES ELE,1999-04-10 00:00,1999-04-10 00:00,1048.69,,FEET
SHA,D,6,RES ELE,1999-04-11 00:00,1999-04-11 00:00,1049.27,,FEET
SHA,D,6,RES ELE,1999-04-12 00:00,1999-04-12 00:00,1049.82,,FEET
SHA,D,6,RES ELE,1999-04-13 00:00,1999-04-13 00:00,1050.18,,FEET
SHA,D,6,RES ELE,1999-04-14 00:00,1999-04-14 00:00,1050.47,,FEET
SHA,D,6,RES ELE,1999-04-15 00:00,1999-04-15 00:00,1050.79,,FEET
SHA,D,6,RES ELE,1999-04-16 00:00,1999-04-16 00:00,1051.13,,FEET
SHA,D,6,RES ELE,1999-04-17 00:00,1999-04-17 00:00,1051.51,,FEET
SHA,D,6,RES ELE,1999-04-18 00:00,1999-04-18 00:00,1051.95,,FEET
SHA,D,6,RES ELE,1999-04-19 00:00,1999-04-19 00:00,1052.36,,FEET
SHA,D,6,RES ELE,1999-04-20 00:00,1999-04-20 00:00,1052.95,,FEET
SHA,D,6,RES ELE,1999-04-21 00:00,1999-04-21 00:00,1053.44,,FEET
SHA,D,6,RES ELE,1999-04-22 00:00,1999-04-22 00:00,1053.89,,FEET
SHA,D,6,RES ELE,1999-04-23 00:00,1999-04-23 00:00,1054.27,,FEET
SHA,D,6,RES ELE,1999-04-24 00:00,1999-04-24 00:00,1054.86,,FEET
SHA,D,6,RES ELE,1999-04-25 00:00,1999-04-25 00:00,1055.31,,FEET
SHA,D,6,RES ELE,1999-04-26 00:00,1999-04-26 00:00,1055.76,,FEET
SHA,D,6,RES ELE,1999-04-27 00:00,1999-04-27 00:00,1056.17,,FEET
SHA,D,6,RES ELE,1999-04-28 00:00,1999-04-28 00:00,1056.43,,FEET
SHA,D,6,RES ELE,1999-04-29 00:00,1999-04-29 00:00,1056.63,,FEET
SHA,D,6,RES ELE,1999-04-30 00:00,1999-04-30 00:00,1056.86,,FEET
SHA,D,6,RES ELE,1999-05-01 00:00,1999-05-01 00:00,1057.10,,FEET
SHA,D,6,RES ELE,1999-05-02 00:00,1999-05-02 00:00,1057.45,,FEET
SHA,D,6,RES ELE,1999-05-03 00:00,1999-05-03 00:00,1057.71,,FEET
SHA,D,6,RES ELE,1999-05-04 00:00,1999-05-04 00:00,1057.95,,FEET
SHA,D,6,RES ELE,1999-05-05 00:00,1999-05-05 00:00,1058.15,,FEET
SHA,D,6,RES ELE,1999-05-06 00:00,1999-05-06 00:00,1058.31,,FEET
SHA,D,6,RES ELE,1999-05-07 00:00,1999-05-07 00:00,1058.47,,FEET
SHA,D,6,RES ELE,1999-05-08 00:00,1999-05-08 00:00,1058.61,,FEET
SHA,D,6,RES ELE,1999-05-09 00:00,1999-05-09 00:00,1058.63,,FEET
SHA,D,6,RES ELE,1999-05-10 00:00,1999-05-10 00:00,1058.68,,FEET
SHA,D,6,RES ELE,1999-05-11 00:00,1999-05-11 00:00,1058.66,,FEET
SHA,D,6,RES ELE,1999-05-12 00:00,1999-05-12 00:00,1058.61,,FEET
SHA,D,6,RES ELE,1999-05-13 00:00,1999-05-13 00:00,1058.59,,FEET
SHA,D,6,RES ELE,1999-05-14 00:00,1999-05-14 00:00,1058.61,,FEET
SHA,D,6,RES ELE,1999-05-15 00:00,1999-05-15 00:00,1058.56,,FEET
SHA,D,6,RES ELE,1999-05-16 00:00,1999-05-16 00:00,1058.59,,FEET
SHA,D,6,RES ELE,1999-05-17 00:00,1999-05-17 00:00,1058.63,,FEET
SHA,D,6,RES ELE,1999-05-18 00:00,1999-05-18 00:00,1058.65,,FEET
SHA,D,6,RES ELE,1999-05-19 00:00,1999-05-19 00:00,1058.71,,FEET
SHA,D,6,RES ELE,1999-05-20 00:00,1999-05-20 00:00,1058.84,,FEET
SHA,D,6,RES ELE,1999-05-21 00:00,1999-05-21 00:00,1058.89,,FEET
SHA,D,6,RES ELE,1999-05-22 00:00,1999-05-22 00:00,1058.69,,FEET
SHA,D,6,RES ELE,1999-05-23 00:00,1999-05-23 00:00,1058.72,,FEET
SHA,D,6,RES ELE,1999-05-24 00:00,1999-05-24 00:00,1058.74,,FEET
SHA,D,6,RES ELE,1999-05-25 00:00,1999-05-25 00:00,1058.80,,FEET
SHA,D,6,RES ELE,1999-05-26 00:00,1999-05-26 00:00,1058.83,,FEET
SHA,D,6,RES ELE,1999-05-27 00:00,1999-05-27 00:00,1058.77,,FEET
SHA,D,6,RES ELE,1999-05-28 00:00,1999-05-28 00:00,1058.76,,FEET
SHA,D,6,RES ELE,1999-05-29 00:00,1999-05-29 00:00,1058.77,,FEET
SHA,D,6,RES ELE,1999-05-30 00:00,1999-05-30 00:00,1058.60,,FEET
SHA,D,6,RES ELE,1999-05-31 00:00,1999-05-31 00:00,1058.54,,FEET
SHA,D,6,RES ELE,1999-06-01 00:00,1999-06-01 00:00,1058.49,,FEET
SHA,D,6,RES ELE,1999-06-02 00:00,1999-06-02 00:00,1058.40,,FEET
SHA,D,6,RES ELE,1999-06-03 00:00,1999-06-03 00:00,1058.31,,FEET
SHA,D,6,RES ELE,1999-06-04 00:00,1999-06-04 00:00,1058.24,,FEET
SHA,D,6,RES ELE,1999-06-05 00:00,1999-06-05 00:00,1058.23,,FEET
SHA,D,6,RES ELE,1999-06-06 00:00,1999-06-06 00:00,1058.19,,FEET
SHA,D,6,RES ELE,1999-06-07 00:00,1999-06-07 00:00,1058.08,,FEET
SHA,D,6,RES ELE,1999-06-08 00:00,1999-06-08 00:00,1058.00,,FEET
SHA,D,6,RES ELE,1999-06-09 00:00,1999-06-09 00:00,1057.87,,FEET
SHA,D,6,RES ELE,1999-06-10 00:00,1999-06-10 00:00,1057.77,,FEET
SHA,D,6,RES ELE,1999-06-11 00:00,1999-06-11 00:00,1057.70,,FEET
SHA,D,6,RES ELE,1999-06-12 00:00,1999-06-12 00:00,1057.60,,FEET
SHA,D,6,RES ELE,1999-06-13 00:00,1999-06-13 00:00,1057.43,,FEET
SHA,D,6,RES ELE,1999-06-14 00:00,1999-06-14 00:00,1057.29,,FEET
SHA,D,6,RES ELE,1999-06-15 00:00,1999-06-15 00:00,1057.16,,FEET
SHA,D,6,RES ELE,1999-06-16 00:00,1999-06-16 00:00,1056.93,,FEET
SHA,D,6,RES ELE,1999-06-17 00:00,1999-06-17 00:00,1056.76,,FEET
SHA,D,6,RES ELE,1999-06-18 00:00,1999-06-18 00:00,1056.58,,FEET
SHA,D,6,RES ELE,1999-06-19 00:00,1999-06-19 00:00,1056.31,,FEET
SHA,D,6,RES ELE,1999-06-20 00:00,1999-06-20 00:00,1055.98,,FEET
SHA,D,6,RES ELE,1999-06-21 00:00,1999-06-21 00:00,1055.59,,FEET
SHA,D,6,RES ELE,1999-06-22 00:00,1999-06-22 00:00,1055.29,,FEET
SHA,D,6,RES ELE,1999-06-23 00:00,1999-06-23 00:00,1054.93,,FEET
SHA,D,6,RES ELE,1999-06-24 00:00,1999-06-24 00:00,1054.54,,FEET
SHA,D,6,RES ELE,1999-06-25 00:00,1999-06-25 00:00,1054.16,,FEET
SHA,D,6,RES ELE,1999-06-26 00:00,1999-06-26 00:00,1053.70,,FEET
SHA,D,6,RES ELE,1999-06-27 00:00,1999-06-27 00:00,1053.15,,FEET
SHA,D,6,RES ELE,1999-06-28 00:00,1999-06-28 00:00,1052.74,,FEET
SHA,D,6,RES ELE,1999-06-29 00:00,1999-06-29 00:00,1052.27,,FEET
SHA,D,6,RES ELE,1999-06-30 00:00,1999-06-30 00:00,1051.93,,FEET
SHA,D,6,RES ELE,1999-07-01 00:00,1999-07-01 00:00,1051.49,,FEET
SHA,D,6,RES ELE,1999-07-02 00:00,1999-07-02 00:00,1051.04,,FEET
SHA,D,6,RES ELE,1999-07-03 00:00,1999-07-03 00:00,1050.47,,FEET
SHA,D,6,RES ELE,1999-07-04 00:00,1999-07-04 00:00,1050.04,,FEET
SHA,D,6,RES ELE,1999-07-05 00:00,1999-07-05 00:00,1049.64,,FEET
SHA,D,6,RES ELE,1999-07-06 00:00,1999-07-06 00:00,1049.16,,FEET
SHA,D,6,RES ELE,1999-07-07 00:00,1999-07-07 00:00,1048.61,,FEET
SHA,D,6,RES ELE,1999-07-08 00:00,1999-07-08 00:00,1048.14,,FEET
SHA,D,6,RES ELE,1999-07-09 00:00,1999-07-09 00:00,,,FEET
SHA,D,6,RES ELE,1999-07-10 00:00,1999-07-10 00:00,1047.32,,FEET
SHA,D,6,RES ELE,1999-07-11 00:00,1999-07-11 00:00,1046.95,,FEET
SHA,D,6,RES ELE,1999-07-12 00:00,1999-07-12 00:00,1046.56,,FEET
SHA,D,6,RES ELE,1999-07-13 00:00,1999-07-13 00:00,1046.04,,FEET
SHA,D,6,RES ELE,1999-07-14 00:00,1999-07-14 00:00,1045.51,,FEET
SHA,D,6,RES ELE,1999-07-15 00:00,1999-07-15 00:00,1045.04,,FEET
SHA,D,6,RES ELE,1999-07-16 00:00,1999-07-16 00:00,1044.47,,FEET
SHA,D,6,RES ELE,1999-07-17 00:00,1999-07-17 00:00,1043.90,,FEET
SHA,D,6,RES ELE,1999-07-18 00:00,1999-07-18 00:00,1043.41,,FEET
SHA,D,6,RES ELE,1999-07-19 00:00,1999-07-19 00:00,1042.87,,FEET
SHA,D,6,RES ELE,1999-07-20 00:00,1999-07-20 00:00,1042.41,,FEET
SHA,D,6,RES ELE,1999-07-21 00:00,1999-07-21 00:00,1042.01,,FEET
SHA,D,6,RES ELE,1999-07-22 00:00,1999-07-22 00:00,1041.62,,FEET
SHA,D,6,RES ELE,1999-07-23 00:00,1999-07-23 00:00,1041.12,,FEET
SHA,D,6,RES ELE,1999-07-24 00:00,1999-07-24 00:00,1040.51,,FEET
SHA,D,6,RES ELE,1999-07-25 00:00,1999-07-25 00:00,1039.97,,FEET
SHA,D,6,RES ELE,1999-07-26 00:00,1999-07-26 00:00,1039.56,,FEET
SHA,D,6,RES ELE,1999-07-27 00:00,1999-07-27 00:00,1039.12,,FEET
SHA,D,6,RES ELE,1999-07-28 00:00,1999-07-28 00:00,1038.66,,FEET
SHA,D,6,RES ELE,1999-07-29 00:00,1999-07-29 00:00,1038.20,,FEET
SHA,D,6,RES ELE,1999-07-30 00:00,1999-07-30 00:00,1037.80,,FEET
SHA,D,6,RES ELE,1999-07-31 00:00,1999-07-31 00:00,1037.13,,FEET
SHA,D,6,RES ELE,1999-08-01 00:00,1999-08-01 00:00,1036.54,,FEET
SHA,D,6,RES ELE,1999-08-02 00:00,1999-08-02 00:00,1036.13,,FEET
SHA,D,6,RES ELE,1999-08-03 00:00,1999-08-03 00:00,1035.61,,FEET
SHA,D,6,RES ELE,1999-08-04 00:00,1999-08-04 00:00,1035.13,,FEET
SHA,D,6,RES ELE,1999-08-05 00:00,1999-08-05 00:00,1034.70,,FEET
SHA,D,6,RES ELE,1999-08-06 00:00,1999-08-06 00:00,,,FEET
SHA,D,6,RES ELE,1999-08-07 00:00,1999-08-07 00:00,1033.81,,FEET
SHA,D,6,RES ELE,1999-08-08 00:00,1999-08-08 00:00,1033.43,,FEET
SHA,D,6,RES ELE,1999-08-09 00:00,1999-08-09 00:00,1033.21,,FEET
SHA,D,6,RES ELE,1999-08-10 00:00,1999-08-10 00:00,1033.00,,FEET
SHA,D,6,RES ELE,1999-08-11 00:00,1999-08-11 00:00,1032.67,,FEET
SHA,D,6,RES ELE,1999-08-12 00:00,1999-08-12 00:00,1032.39,,FEET
SHA,D,6,RES ELE,1999-08-13 00:00,1999-08-13 00:00,1032.15,,FEET
SHA,D,6,RES ELE,1999-08-14 00:00,1999-08-14 00:00,1031.70,,FEET
SHA,D,6,RES ELE,1999-08-15 00:00,1999-08-15 00:00,1031.43,,FEET
SHA,D,6,RES ELE,1999-08-16 00:00,1999-08-16 00:00,1031.26,,FEET
SHA,D,6,RES ELE,1999-08-17 00:00,1999-08-17 00:00,1030.99,,FEET
SHA,D,6,RES ELE,1999-08-18 00:00,1999-08-18 00:00,1030.69,,FEET
SHA,D,6,RES ELE,1999-08-19 00:00,1999-08-19 00:00,1030.37,,FEET
SHA,D,6,RES ELE,1999-08-20 00:00,1999-08-20 00:00,1030.12,,FEET
SHA,D,6,RES ELE,1999-08-21 00:00,1999-08-21 00:00,1029.72,,FEET
SHA,D,6,RES ELE,1999-08-22 00:00,1999-08-22 00:00,1029.45,,FEET
SHA,D,6,RES ELE,1999-08-23 00:00,1999-08-23 00:00,1029.18,,FEET
SHA,D,6,RES ELE,1999-08-24 00:00,1999-08-24 00:00,1028.84,,FEET
SHA,D,6,RES ELE,1999-08-25 00:00,1999-08-25 00:00,1028.49,,FEET
SHA,D,6,RES ELE,1999-08-26 00:00,1999-08-26 00:00,1028.14,,FEET
SHA,D,6,RES ELE,1999-08-27 00:00,1999-08-27 00:00,1027.85,,FEET
SHA,D,6,RES ELE,1999-08-28 00:00,1999-08-28 00:00,1027.45,,FEET
SHA,D,6,RES ELE,1999-08-29 00:00,1999-08-29 00:00,1026.95,,FEET
SHA,D,6,RES ELE,1999-08-30 00:00,1999-08-30 00:00,1026.57,,FEET
SHA,D,6,RES ELE,1999-08-31 00:00,1999-08-31 00:00,1026.18,,FEET
SHA,D,6,RES ELE,1999-09-01 00:00,1999-09-01 00:00,1025.88,,FEET
SHA,D,6,RES ELE,1999-09-02 00:00,1999-09-02 00:00,1025.58,,FEET
SHA,D,6,RES ELE,1999-09-03 00:00,1999-09-03 00:00,1025.31,,FEET
SHA,D,6,RES ELE,1999-09-04 00:00,1999-09-04 00:00,1025.12,,FEET
SHA,D,6,RES ELE,1999-09-05 00:00,1999-09-05 00:00,1024.97,,FEET
SHA,D,6,RES ELE,1999-09-06 00:00,1999-09-06 00:00,1024.74,,FEET
SHA,D,6,RES ELE,1999-09-07 00:00,1999-09-07 00:00,1024.54,,FEET
SHA,D,6,RES ELE,1999-09-08 00:00,1999-09-08 00:00,1024.37,,FEET
SHA,D,6,RES ELE,1999-09-09 00:00,1999-09-09 00:00,1024.18,,FEET
SHA,D,6,RES ELE,1999-09-10 00:00,1999-09-10 00:00,1023.98,,FEET
SHA,D,6,RES ELE,1999-09-11 00:00,1999-09-11 00:00,1023.79,,FEET
SHA,D,6,RES ELE,1999-09-12 00:00,1999-09-12 00:00,1023.53,,FEET
SHA,D,6,RES ELE,1999-09-13 00:00,1999-09-13 00:00,1023.40,,FEET
SHA,D,6,RES ELE,1999-09-14 00:00,1999-09-14 00:00,1023.30,,FEET
SHA,D,6,RES ELE,1999-09-15 00:00,1999-09-15 00:00,1023.15,,FEET
SHA,D,6,RES ELE,1999-09-16 00:00,1999-09-16 00:00,1022.95,,FEET
SHA,D,6,RES ELE,1999-09-17 00:00,1999-09-17 00:00,1022.78,,FEET
SHA,D,6,RES ELE,1999-09-18 00:00,1999-09-18 00:00,1022.55,,FEET
SHA,D,6,RES ELE,1999-09-19 00:00,1999-09-19 00:00,1022.28,,FEET
SHA,D,6,RES ELE,1999-09-20 00:00,1999-09-20 00:00,1022.10,,FEET
SHA,D,6,RES ELE,1999-09-21 00:00,1999-09-21 00:00,1022.08,,FEET
SHA,D,6,RES ELE,1999-09-22 00:00,1999-09-22 00:00,1022.12,,FEET
SHA,D,6,RES ELE,1999-09-23 00:00,1999-09-23 00:00,1022.13,,FEET
SHA,D,6,RES ELE,1999-09-24 00:00,1999-09-24 00:00,1021.98,,FEET
SHA,D,6,RES ELE,1999-09-25 00:00,1999-09-25 00:00,1021.93,,FEET
SHA,D,6,RES ELE,1999-09-26 00:00,1999-09-26 00:00,1021.94,,FEET
SHA,D,6,RES ELE,1999-09-27 00:00,1999-09-27 00:00,1021.72,,FEET
SHA,D,6,RES ELE,1999-09-28 00:00,1999-09-28 00:00,1021.68,,FEET
SHA,D,6,RES ELE,1999-09-29 00:00,1999-09-29 00:00,1021.69,,FEET
SHA,D,6,RES ELE,1999-09-30 00:00,1999-09-30 00:00,1021.68,,FEET
SHA,D,6,RES ELE,1999-10-01 00:00,1999-10-01 00:00,1021.60,,FEET
SHA,D,6,RES ELE,1999-10-02 00:00,1999-10-02 00:00,1021.35,,FEET
SHA,D,6,RES ELE,1999-10-03 00:00,1999-10-03 00:00,1021.05,,FEET
SHA,D,6,RES ELE,1999-10-04 00:00,1999-10-04 00:00,1020.92,,FEET
SHA,D,6,RES ELE,1999-10-05 00:00,1999-10-05 00:00,1020.75,,FEET
SHA,D,6,RES ELE,1999-10-06 00:00,1999-10-06 00:00,1020.79,,FEET
SHA,D,6,RES ELE,1999-10-07 00:00,1999-10-07 00:00,1020.74,,FEET
SHA,D,6,RES ELE,1999-10-08 00:00,1999-10-08 00:00,1020.64,,FEET
SHA,D,6,RES ELE,1999-10-09 00:00,1999-10-09 00:00,1020.59,,FEET
SHA,D,6,RES ELE,1999-10-10 00:00,1999-10-10 00:00,1020.49,,FEET
SHA,D,6,RES ELE,1999-10-11 00:00,1999-10-11 00:00,1020.43,,FEET
SHA,D,6,RES ELE,1999-10-12 00:00,1999-10-12 00:00,1020.25,,FEET
SHA,D,6,RES ELE,1999-10-13 00:00,1999-10-13 00:00,1020.09,,FEET
SHA,D,6,RES ELE,1999-10-14 00:00,1999-10-14 00:00,1019.84,,FEET
SHA,D,6,RES ELE,1999-10-15 00:00,1999-10-15 00:00,1019.71,,FEET
SHA,D,6,RES ELE,1999-10-16 00:00,1999-10-16 00:00,1019.59,,FEET
SHA,D,6,RES ELE,1999-10-17 00:00,1999-10-17 00:00,1019.76,,FEET
SHA,D,6,RES ELE,1999-10-18 00:00,1999-10-18 00:00,1019.65,,FEET
SHA,D,6,RES ELE,1999-10-19 00:00,1999-10-19 00:00,1019.44,,FEET
SHA,D,6,RES ELE,1999-10-20 00:00,1999-10-20 00:00,1019.28,,FEET
SHA,D,6,RES ELE,1999-10-21 00:00,1999-10-21 00:00,1019.18,,FEET
SHA,D,6,RES ELE,1999-10-22 00:00,1999-10-22 00:00,1019.16,,FEET
SHA,D,6,RES ELE,1999-10-23 00:00,1999-10-23 00:00,1019.11,,FEET
SHA,D,6,RES ELE,1999-10-24 00:00,1999-10-24 00:00,1019.04,,FEET
SHA,D,6,RES ELE,1999-10-25 00:00,1999-10-25 00:00,1018.92,,FEET
SHA,D,6,RES ELE,1999-10-26 00:00,1999-10-26 00:00,1018.89,,FEET
SHA,D,6,RES ELE,1999-10-27 00:00,1999-10-27 00:00,1018.89,,FEET
SHA,D,6,RES ELE,1999-10-28 00:00,1999-10-28 00:00,1019.14,,FEET
SHA,D,6,RES ELE,1999-10-29 00:00,1999-10-29 00:00,1019.23,,FEET
SHA,D,6,RES ELE,1999-10-30 00:00,1999-10-30 00:00,1019.41,,FEET
SHA,D,6,RES ELE,1999-10-31 00:00,1999-10-31 00:00,1019.51,,FEET
SHA,D,6,RES ELE,1999-11-01 00:00,1999-11-01 00:00,1019.52,,FEET
SHA,D,6,RES ELE,1999-11-02 00:00,1999-11-02 00:00,1019.50,,FEET
SHA,D,6,RES ELE,1999-11-03 00:00,1999-11-03 00:00,1019.40,,FEET
SHA,D,6,RES ELE,1999-11-04 00:00,1999-11-04 00:00,1019.22,,FEET
SHA,D,6,RES ELE,1999-11-05 00:00,1999-11-05 00:00,1019.05,,FEET
SHA,D,6,RES ELE,1999-11-06 00:00,1999-11-06 00:00,1018.79,,FEET
SHA,D,6,RES ELE,1999-11-07 00:00,1999-11-07 00:00,1018.60,,FEET
SHA,D,6,RES ELE,1999-11-08 00:00,1999-11-08 00:00,1018.51,,FEET
SHA,D,6,RES ELE,1999-11-09 00:00,1999-11-09 00:00,1018.46,,FEET
SHA,D,6,RES ELE,1999-11-10 00:00,1999-11-10 00:00,1018.81,,FEET
SHA,D,6,RES ELE,1999-11-11 00:00,1999-11-11 00:00,1018.90,,FEET
SHA,D,6,RES ELE,1999-11-12 00:00,1999-11-12 00:00,1018.90,,FEET
SHA,D,6,RES ELE,1999-11-13 00:00,1999-11-13 00:00,1018.94,,FEET
SHA,D,6,RES ELE,1999-11-14 00:00,1999-11-14 00:00,1018.87,,FEET
SHA,D,6,RES ELE,1999-11-15 00:00,1999-11-15 00:00,1018.93,,FEET
SHA,D,6,RES ELE,1999-11-16 00:00,1999-11-16 00:00,1018.89,,FEET
SHA,D,6,RES ELE,1999-11-17 00:00,1999-11-17 00:00,1018.86,,FEET
SHA,D,6,RES ELE,1999-11-18 00:00,1999-11-18 00:00,1018.79,,FEET
SHA,D,6,RES ELE,1999-11-19 00:00,1999-11-19 00:00,1018.91,,FEET
SHA,D,6,RES ELE,1999-11-20 00:00,1999-11-20 00:00,1019.07,,FEET
SHA,D,6,RES ELE,1999-11-21 00:00,1999-11-21 00:00,1019.09,,FEET
SHA,D,6,RES ELE,1999-11-22 00:00,1999-11-22 00:00,1019.12,,FEET
SHA,D,6,RES ELE,1999-11-23 00:00,1999-11-23 00:00,1019.13,,FEET
SHA,D,6,RES ELE,1999-11-24 00:00,1999-11-24 00:00,1019.14,,FEET
SHA,D,6,RES ELE,1999-11-25 00:00,1999-11-25 00:00,1019.10,,FEET
SHA,D,6,RES ELE,1999-11-26 00:00,1999-11-26 00:00,1019.08,,FEET
SHA,D,6,RES ELE,1999-11-27 00:00,1999-11-27 00:00,1019.02,,FEET
SHA,D,6,RES ELE,1999-11-28 00:00,1999-11-28 00:00,1018.93,,FEET
SHA,D,6,RES ELE,1999-11-29 00:00,1999-11-29 00:00,1018.99,,FEET
SHA,D,6,RES ELE,1999-11-30 00:00,1999-11-30 00:00,1019.23,,FEET
SHA,D,6,RES ELE,1999-12-01 00:00,1999-12-01 00:00,1019.39,,FEET
SHA,D,6,RES ELE,1999-12-02 00:00,1999-12-02 00:00,1019.46,,FEET
SHA,D,6,RES ELE,1999-12-03 00:00,1999-12-03 00:00,1019.38,,FEET
SHA,D,6,RES ELE,1999-12-04 00:00,1999-12-04 00:00,1019.24,,FEET
SHA,D,6,RES ELE,1999-12-05 00:00,1999-12-05 00:00,1019.20,,FEET
SHA,D,6,RES ELE,1999-12-06 00:00,1999-12-06 00:00,1019.09,,FEET
SHA,D,6,RES ELE,1999-12-07 00:00,1999-12-07 00:00,1019.06,,FEET
SHA,D,6,RES ELE,1999-12-08 00:00,1999-12-08 00:00,1019.01,,FEET
SHA,D,6,RES ELE,1999-12-09 00:00,1999-12-09 00:00,1019.01,,FEET
SHA,D,6,RES ELE,1999-12-10 00:00,1999-12-10 00:00,1018.89,,FEET
SHA,D,6,RES ELE,1999-12-11 00:00,1999-12-11 00:00,1018.80,,FEET
SHA,D,6,RES ELE,1999-12-12 00:00,1999-12-12 00:00,1018.68,,FEET
SHA,D,6,RES ELE,1999-12-13 00:00,1999-12-13 00:00,1018.59,,FEET
SHA,D,6,RES ELE,1999-12-14 00:00,1999-12-14 00:00,1018.58,,FEET
SHA,D,6,RES ELE,1999-12-15 00:00,1999-12-15 00:00,1018.56,,FEET
SHA,D,6,RES ELE,1999-12-16 00:00,1999-12-16 00:00,1018.51,,FEET
SHA,D,6,RES ELE,1999-12-17 00:00,1999-12-17 00:00,1018.52,,FEET
SHA,D,6,RES ELE,1999-12-18 00:00,1999-12-18 00:00,1018.48,,FEET
SHA,D,6,RES ELE,1999-12-19 00:00,1999-12-19 00:00,1018.38,,FEET
SHA,D,6,RES ELE,1999-12-20 00:00,1999-12-20 00:00,1018.26,,FEET
SHA,D,6,RES ELE,1999-12-21 00:00,1999-12-21 00:00,1018.19,,FEET
SHA,D,6,RES ELE,1999-12-22 00:00,1999-12-22 00:00,1018.10,,FEET
SHA,D,6,RES ELE,1999-12-23 00:00,1999-12-23 00:00,1017.98,,FEET
SHA,D,6,RES ELE,1999-12-24 00:00,1999-12-24 00:00,1017.89,,FEET
SHA,D,6,RES ELE,1999-12-25 00:00,1999-12-25 00:00,1017.76,,FEET
SHA,D,6,RES ELE,1999-12-26 00:00,1999-12-26 00:00,1017.73,,FEET
SHA,D,6,RES ELE,1999-12-27 00:00,1999-12-27 00:00,1017.66,,FEET
SHA,D,6,RES ELE,1999-12-28 00:00,1999-12-28 00:00,1017.71,,FEET
SHA,D,6,RES ELE,1999-12-29 00:00,1999-12-29 00:00,1017.67,,FEET
SHA,D,6,RES ELE,1999-12-30 00:00,1999-12-30 00:00,1017.55,,FEET
SHA,D,6,RES ELE,1999-12-31 00:00,1999-12-31 00:00,1017.52,,FEET
SHA,D,6,RES ELE,2000-01-01 00:00,2000-01-01 00:00,1017.46,,FEET
SHA,D,6,RES ELE,2000-01-02 00:00,2000-01-02 00:00,1017.48,,FEET
SHA,D,6,RES ELE,2000-01-03 00:00,2000-01-03 00:00,1017.47,,FEET
SHA,D,6,RES ELE,2000-01-04 00:00,2000-01-04 00:00,1017.50,,FEET
SHA,D,6,RES ELE,2000-01-05 00:00,2000-01-05 00:00,1017.44,,FEET
SHA,D,6,RES ELE,2000-01-06 00:00,2000-01-06 00:00,1017.44,,FEET
SHA,D,6,RES ELE,2000-01-07 00:00,2000-01-07 00:00,1017.52,,FEET
SHA,D,6,RES ELE,2000-01-08 00:00,2000-01-08 00:00,1017.50,,FEET
SHA,D,6,RES ELE,2000-01-09 00:00,2000-01-09 00:00,1017.46,,FEET
SHA,D,6,RES ELE,2000-01-10 00:00,2000-01-10 00:00,1017.59,,FEET
SHA,D,6,RES ELE,2000-01-11 00:00,2000-01-11 00:00,1018.23,,FEET
SHA,D,6,RES ELE,2000-01-12 00:00,2000-01-12 00:00,1018.56,,FEET
SHA,D,6,RES ELE,2000-01-13 00:00,2000-01-13 00:00,1019.00,,FEET
SHA,D,6,RES ELE,2000-01-14 00:00,2000-01-14 00:00,1020.35,,FEET
SHA,D,6,RES ELE,2000-01-15 00:00,2000-01-15 00:00,,,FEET
SHA,D,6,RES ELE,2000-01-16 00:00,2000-01-16 00:00,1025.28,,FEET
SHA,D,6,RES ELE,2000-01-17 00:00,2000-01-17 00:00,1026.56,,FEET
SHA,D,6,RES ELE,2000-01-18 00:00,2000-01-18 00:00,1027.51,,FEET
SHA,D,6,RES ELE,2000-01-19 00:00,2000-01-19 00:00,1028.82,,FEET
SHA,D,6,RES ELE,2000-01-20 00:00,2000-01-20 00:00,1030.62,,FEET
SHA,D,6,RES ELE,2000-01-21 00:00,2000-01-21 00:00,1031.94,,FEET
SHA,D,6,RES ELE,2000-01-22 00:00,2000-01-22 00:00,1032.86,,FEET
SHA,D,6,RES ELE,2000-01-23 00:00,2000-01-23 00:00,1033.90,,FEET
SHA,D,6,RES ELE,2000-01-24 00:00,2000-01-24 00:00,1035.32,,FEET
SHA,D,6,RES ELE,2000-01-25 00:00,2000-01-25 00:00,1036.37,,FEET
SHA,D,6,RES ELE,2000-01-26 00:00,2000-01-26 00:00,1036.84,,FEET
SHA,D,6,RES ELE,2000-01-27 00:00,2000-01-27 00:00,1036.96,,FEET
SHA,D,6,RES ELE,2000-01-28 00:00,2000-01-28 00:00,1037.00,,FEET
SHA,D,6,RES ELE,2000-01-29 00:00,2000-01-29 00:00,1036.55,,FEET
SHA,D,6,RES ELE,2000-01-30 00:00,2000-01-30 00:00,1036.41,,FEET
SHA,D,6,RES ELE,2000-01-31 00:00,2000-01-31 00:00,1036.37,,FEET
SHA,D,6,RES ELE,2000-02-01 00:00,2000-02-01 00:00,1036.22,,FEET
SHA,D,6,RES ELE,2000-02-02 00:00,2000-02-02 00:00,1036.37,,FEET
SHA,D,6,RES ELE,2000-02-03 00:00,2000-02-03 00:00,1036.64,,FEET
SHA,D,6,RES ELE,2000-02-04 00:00,2000-02-04 00:00,1036.78,,FEET
SHA,D,6,RES ELE,2000-02-05 00:00,2000-02-05 00:00,1037.50,,FEET
SHA,D,6,RES ELE,2000-02-06 00:00,2000-02-06 00:00,1038.72,,FEET
SHA,D,6,RES ELE,2000-02-07 00:00,2000-02-07 00:00,1039.43,,FEET
SHA,D,6,RES ELE,2000-02-08 00:00,2000-02-08 00:00,1039.79,,FEET
SHA,D,6,RES ELE,2000-02-09 00:00,2000-02-09 00:00,1039.64,,FEET
SHA,D,6,RES ELE,2000-02-10 00:00,2000-02-10 00:00,1039.75,,FEET
SHA,D,6,RES ELE,2000-02-11 00:00,2000-02-11 00:00,1040.36,,FEET
SHA,D,6,RES ELE,2000-02-12 00:00,2000-02-12 00:00,1041.75,,FEET
SHA,D,6,RES ELE,2000-02-13 00:00,2000-02-13 00:00,1044.29,,FEET
SHA,D,6,RES ELE,2000-02-14 00:00,2000-02-14 00:00,1048.49,,FEET
SHA,D,6,RES ELE,2000-02-15 00:00,2000-02-15 00:00,1048.93,,FEET
SHA,D,6,RES ELE,2000-02-16 00:00,2000-02-16 00:00,1048.53,,FEET
SHA,D,6,RES ELE,2000-02-17 00:00,2000-02-17 00:00,1047.61,,FEET
SHA,D,6,RES ELE,2000-02-18 00:00,2000-02-18 00:00,1046.39,,FEET
SHA,D,6,RES ELE,2000-02-19 00:00,2000-02-19 00:00,1044.60,,FEET
SHA,D,6,RES ELE,2000-02-20 00:00,2000-02-20 00:00,1043.18,,FEET
SHA,D,6,RES ELE,2000-02-21 00:00,2000-02-21 00:00,1041.80,,FEET
SHA,D,6,RES ELE,2000-02-22 00:00,2000-02-22 00:00,1041.60,,FEET
SHA,D,6,RES ELE,2000-02-23 00:00,2000-02-23 00:00,1041.69,,FEET
SHA,D,6,RES ELE,2000-02-24 00:00,2000-02-24 00:00,1040.98,,FEET
SHA,D,6,RES ELE,2000-02-25 00:00,2000-02-25 00:00,1039.72,,FEET
SHA,D,6,RES ELE,2000-02-26 00:00,2000-02-26 00:00,1040.27,,FEET
SHA,D,6,RES ELE,2000-02-27 00:00,2000-02-27 00:00,1042.00,,FEET
SHA,D,6,RES ELE,2000-02-28 00:00,2000-02-28 00:00,1042.32,,FEET
SHA,D,6,RES ELE,2000-02-29 00:00,2000-02-29 00:00,1042.44,,FEET
SHA,D,6,RES ELE,2000-03-01 00:00,2000-03-01 00:00,1041.48,,FEET
SHA,D,6,RES ELE,2000-03-02 00:00,2000-03-02 00:00,1039.94,,FEET
SHA,D,6,RES ELE,2000-03-03 00:00,2000-03-03 00:00,1037.80,,FEET
SHA,D,6,RES ELE,2000-03-04 00:00,2000-03-04 00:00,1035.75,,FEET
SHA,D,6,RES ELE,2000-03-05 00:00,2000-03-05 00:00,1034.38,,FEET
SHA,D,6,RES ELE,2000-03-06 00:00,2000-03-06 00:00,1033.42,,FEET
SHA,D,6,RES ELE,2000-03-07 00:00,2000-03-07 00:00,1032.38,,FEET
SHA,D,6,RES ELE,2000-03-08 00:00,2000-03-08 00:00,1031.60,,FEET
SHA,D,6,RES ELE,2000-03-09 00:00,2000-03-09 00:00,1031.17,,FEET
SHA,D,6,RES ELE,2000-03-10 00:00,2000-03-10 00:00,1030.29,,FEET
SHA,D,6,RES ELE,2000-03-11 00:00,2000-03-11 00:00,1030.00,,FEET
SHA,D,6,RES ELE,2000-03-12 00:00,2000-03-12 00:00,1029.73,,FEET
SHA,D,6,RES ELE,2000-03-13 00:00,2000-03-13 00:00,1029.61,,FEET
SHA,D,6,RES ELE,2000-03-14 00:00,2000-03-14 00:00,1029.58,,FEET
SHA,D,6,RES ELE,2000-03-15 00:00,2000-03-15 00:00,1029.71,,FEET
SHA,D,6,RES ELE,2000-03-16 00:00,2000-03-16 00:00,1029.95,,FEET
SHA,D,6,RES ELE,2000-03-17 00:00,2000-03-17 00:00,1030.53,,FEET
SHA,D,6,RES ELE,2000-03-18 00:00,2000-03-18 00:00,1031.11,,FEET
SHA,D,6,RES ELE,2000-03-19 00:00,2000-03-19 00:00,1031.64,,FEET
SHA,D,6,RES ELE,2000-03-20 00:00,2000-03-20 00:00,1032.09,,FEET
SHA,D,6,RES ELE,2000-03-21 00:00,2000-03-21 00:00,1032.51,,FEET
SHA,D,6,RES ELE,2000-03-22 00:00,2000-03-22 00:00,1032.98,,FEET
SHA,D,6,RES ELE,2000-03-23 00:00,2000-03-23 00:00,1033.54,,FEET
SHA,D,6,RES ELE,2000-03-24 00:00,2000-03-24 00:00,1034.22,,FEET
SHA,D,6,RES ELE,2000-03-25 00:00,2000-03-25 00:00,1034.90,,FEET
SHA,D,6,RES ELE,2000-03-26 00:00,2000-03-26 00:00,1035.55,,FEET
SHA,D,6,RES ELE,2000-03-27 00:00,2000-03-27 00:00,1036.16,,FEET
SHA,D,6,RES ELE,2000-03-28 00:00,2000-03-28 00:00,1036.82,,FEET
SHA,D,6,RES ELE,2000-03-29 00:00,2000-03-29 00:00,1037.36,,FEET
SHA,D,6,RES ELE,2000-03-30 00:00,2000-03-30 00:00,1037.91,,FEET
SHA,D,6,RES ELE,2000-03-31 00:00,2000-03-31 00:00,1038.46,,FEET
SHA,D,6,RES ELE,2000-04-01 00:00,2000-04-01 00:00,1039.09,,FEET
SHA,D,6,RES ELE,2000-04-02 00:00,2000-04-02 00:00,1039.76,,FEET
SHA,D,6,RES ELE,2000-04-03 00:00,2000-04-03 00:00,1040.29,,FEET
SHA,D,6,RES ELE,2000-04-04 00:00,2000-04-04 00:00,1040.73,,FEET
SHA,D,6,RES ELE,2000-04-05 00:00,2000-04-05 00:00,1041.37,,FEET
SHA,D,6,RES ELE,2000-04-06 00:00,2000-04-06 00:00,1041.94,,FEET
SHA,D,6,RES ELE,2000-04-07 00:00,2000-04-07 00:00,1042.46,,FEET
SHA,D,6,RES ELE,2000-04-08 00:00,2000-04-08 00:00,1042.94,,FEET
SHA,D,6,RES ELE,2000-04-09 00:00,2000-04-09 00:00,1043.07,,FEET
SHA,D,6,RES ELE,2000-04-10 00:00,2000-04-10 00:00,1043.03,,FEET
SHA,D,6,RES ELE,2000-04-11 00:00,2000-04-11 00:00,1043.11,,FEET
SHA,D,6,RES ELE,2000-04-12 00:00,2000-04-12 00:00,1043.26,,FEET
SHA,D,6,RES ELE,2000-04-13 00:00,2000-04-13 00:00,1043.87,,FEET
SHA,D,6,RES ELE,2000-04-14 00:00,2000-04-14 00:00,1044.43,,FEET
SHA,D,6,RES ELE,2000-04-15 00:00,2000-04-15 00:00,1044.89,,FEET
SHA,D,6,RES ELE,2000-04-16 00:00,2000-04-16 00:00,1045.67,,FEET
SHA,D,6,RES ELE,2000-04-17 00:00,2000-04-17 00:00,1047.37,,FEET
SHA,D,6,RES ELE,2000-04-18 00:00,2000-04-18 00:00,1048.48,,FEET
SHA,D,6,RES ELE,2000-04-19 00:00,2000-04-19 00:00,1049.48,,FEET
SHA,D,6,RES ELE,2000-04-20 00:00,2000-04-20 00:00,1050.04,,FEET
SHA,D,6,RES ELE,2000-04-21 00:00,2000-04-21 00:00,1050.57,,FEET
SHA,D,6,RES ELE,2000-04-22 00:00,2000-04-22 00:00,1050.90,,FEET
SHA,D,6,RES ELE,2000-04-23 00:00,2000-04-23 00:00,1051.23,,FEET
SHA,D,6,RES ELE,2000-04-24 00:00,2000-04-24 00:00,1051.54,,FEET
SHA,D,6,RES ELE,2000-04-25 00:00,2000-04-25 00:00,1051.87,,FEET
SHA,D,6,RES ELE,2000-04-26 00:00,2000-04-26 00:00,1052.08,,FEET
SHA,D,6,RES ELE,2000-04-27 00:00,2000-04-27 00:00,1052.41,,FEET
SHA,D,6,RES ELE,2000-04-28 00:00,2000-04-28 00:00,1052.72,,FEET
SHA,D,6,RES ELE,2000-04-29 00:00,2000-04-29 00:00,1052.94,,FEET
SHA,D,6,RES ELE,2000-04-30 00:00,2000-04-30 00:00,1053.23,,FEET
SHA,D,6,RES ELE,2000-05-01 00:00,2000-05-01 00:00,1053.52,,FEET
SHA,D,6,RES ELE,2000-05-02 00:00,2000-05-02 00:00,1053.52,,FEET
SHA,D,6,RES ELE,2000-05-03 00:00,2000-05-03 00:00,1053.36,,FEET
SHA,D,6,RES ELE,2000-05-04 00:00,2000-05-04 00:00,1053.16,,FEET
SHA,D,6,RES ELE,2000-05-05 00:00,2000-05-05 00:00,1052.93,,FEET
SHA,D,6,RES ELE,2000-05-06 00:00,2000-05-06 00:00,1052.76,,FEET
SHA,D,6,RES ELE,2000-05-07 00:00,2000-05-07 00:00,1052.82,,FEET
SHA,D,6,RES ELE,2000-05-08 00:00,2000-05-08 00:00,1052.88,,FEET
SHA,D,6,RES ELE,2000-05-09 00:00,2000-05-09 00:00,1052.84,,FEET
SHA,D,6,RES ELE,2000-05-10 00:00,2000-05-10 00:00,1052.97,,FEET
SHA,D,6,RES ELE,2000-05-11 00:00,2000-05-11 00:00,1053.02,,FEET
SHA,D,6,RES ELE,2000-05-12 00:00,2000-05-12 00:00,1053.09,,FEET
SHA,D,6,RES ELE,2000-05-13 00:00,2000-05-13 00:00,1053.22,,FEET
SHA,D,6,RES ELE,2000-05-14 00:00,2000-05-14 00:00,1053.37,,FEET
SHA,D,6,RES ELE,2000-05-15 00:00,2000-05-15 00:00,1053.43,,FEET
SHA,D,6,RES ELE,2000-05-16 00:00,2000-05-16 00:00,1053.53,,FEET
SHA,D,6,RES ELE,2000-05-17 00:00,2000-05-17 00:00,1053.71,,FEET
SHA,D,6,RES ELE,2000-05-18 00:00,2000-05-18 00:00,1053.79,,FEET
SHA,D,6,RES ELE,2000-05-19 00:00,2000-05-19 00:00,1053.93,,FEET
SHA,D,6,RES ELE,2000-05-20 00:00,2000-05-20 00:00,1053.73,,FEET
SHA,D,6,RES ELE,2000-05-21 00:00,2000-05-21 00:00,1053.44,,FEET
SHA,D,6,RES ELE,2000-05-22 00:00,2000-05-22 00:00,1053.24,,FEET
SHA,D,6,RES ELE,2000-05-23 00:00,2000-05-23 00:00,1053.10,,FEET
SHA,D,6,RES ELE,2000-05-24 00:00,2000-05-24 00:00,1052.99,,FEET
SHA,D,6,RES ELE,2000-05-25 00:00,2000-05-25 00:00,1052.95,,FEET
SHA,D,6,RES ELE,2000-05-26 00:00,2000-05-26 00:00,1052.86,,FEET
SHA,D,6,RES ELE,2000-05-27 00:00,2000-05-27 00:00,1052.77,,FEET
SHA,D,6,RES ELE,2000-05-28 00:00,2000-05-28 00:00,1052.65,,FEET
SHA,D,6,RES ELE,2000-05-29 00:00,2000-05-29 00:00,1052.35,,FEET
SHA,D,6,RES ELE,2000-05-30 00:00,2000-05-30 00:00,1052.14,,FEET
SHA,D,6,RES ELE,2000-05-31 00:00,2000-05-31 00:00,1051.74,,FEET
SHA,D,6,RES ELE,2000-06-01 00:00,2000-06-01 00:00,1051.48,,FEET
SHA,D,6,RES ELE,2000-06-02 00:00,2000-06-02 00:00,1051.30,,FEET
SHA,D,6,RES ELE,2000-06-03 00:00,2000-06-03 00:00,1051.03,,FEET
SHA,D,6,RES ELE,2000-06-04 00:00,2000-06-04 00:00,1050.82,,FEET
SHA,D,6,RES ELE,2000-06-05 00:00,2000-06-05 00:00,1050.68,,FEET
SHA,D,6,RES ELE,2000-06-06 00:00,2000-06-06 00:00,1050.34,,FEET
SHA,D,6,RES ELE,2000-06-07 00:00,2000-06-07 00:00,1050.41,,FEET
SHA,D,6,RES ELE,2000-06-08 00:00,2000-06-08 00:00,1050.32,,FEET
SHA,D,6,RES ELE,2000-06-09 00:00,2000-06-09 00:00,1050.23,,FEET
SHA,D,6,RES ELE,2000-06-10 00:00,2000-06-10 00:00,1050.06,,FEET
SHA,D,6,RES ELE,2000-06-11 00:00,2000-06-11 00:00,1049.80,,FEET
SHA,D,6,RES ELE,2000-06-12 00:00,2000-06-12 00:00,1049.46,,FEET
SHA,D,6,RES ELE,2000-06-13 00:00,2000-06-13 00:00,1049.07,,FEET
SHA,D,6,RES ELE,2000-06-14 00:00,2000-06-14 00:00,1048.70,,FEET
SHA,D,6,RES ELE,2000-06-15 00:00,2000-06-15 00:00,1048.29,,FEET
SHA,D,6,RES ELE,2000-06-16 00:00,2000-06-16 00:00,1047.82,,FEET
SHA,D,6,RES ELE,2000-06-17 00:00,2000-06-17 00:00,1047.27,,FEET
SHA,D,6,RES ELE,2000-06-18 00:00,2000-06-18 00:00,1046.89,,FEET
SHA,D,6,RES ELE,2000-06-19 00:00,2000-06-19 00:00,1046.48,,FEET
SHA,D,6,RES ELE,2000-06-20 00:00,2000-06-20 00:00,1046.04,,FEET
SHA,D,6,RES ELE,2000-06-21 00:00,2000-06-21 00:00,1045.59,,FEET
SHA,D,6,RES ELE,2000-06-22 00:00,2000-06-22 00:00,1045.10,,FEET
SHA,D,6,RES ELE,2000-06-23 00:00,2000-06-23 00:00,1044.63,,FEET
SHA,D,6,RES ELE,2000-06-24 00:00,2000-06-24 00:00,1044.03,,FEET
SHA,D,6,RES ELE,2000-06-25 00:00,2000-06-25 00:00,1043.49,,FEET
SHA,D,6,RES ELE,2000-06-26 00:00,2000-06-26 00:00,1043.06,,FEET
SHA,D,6,RES ELE,2000-06-27 00:00,2000-06-27 00:00,1042.69,,FEET
SHA,D,6,RES ELE,2000-06-28 00:00,2000-06-28 00:00,1042.20,,FEET
SHA,D,6,RES ELE,2000-06-29 00:00,2000-06-29 00:00,1041.68,,FEET
SHA,D,6,RES ELE,2000-06-30 00:00,2000-06-30 00:00,1041.23,,FEET
SHA,D,6,RES ELE,2000-07-01 00:00,2000-07-01 00:00,1040.71,,FEET
SHA,D,6,RES ELE,2000-07-02 00:00,2000-07-02 00:00,1040.13,,FEET
SHA,D,6,RES ELE,2000-07-03 00:00,2000-07-03 00:00,1039.57,,FEET
SHA,D,6,RES ELE,2000-07-04 00:00,2000-07-04 00:00,1038.76,,FEET
SHA,D,6,RES ELE,2000-07-05 00:00,2000-07-05 00:00,1038.09,,FEET
SHA,D,6,RES ELE,2000-07-06 00:00,2000-07-06 00:00,1037.50,,FEET
SHA,D,6,RES ELE,2000-07-07 00:00,2000-07-07 00:00,1036.95,,FEET
SHA,D,6,RES ELE,2000-07-08 00:00,2000-07-08 00:00,1036.21,,FEET
SHA,D,6,RES ELE,2000-07-09 00:00,2000-07-09 00:00,1035.57,,FEET
SHA,D,6,RES ELE,2000-07-10 00:00,2000-07-10 00:00,1035.03,,FEET
SHA,D,6,RES ELE,2000-07-11 00:00,2000-07-11 00:00,1034.42,,FEET
SHA,D,6,RES ELE,2000-07-12 00:00,2000-07-12 00:00,1033.90,,FEET
SHA,D,6,RES ELE,2000-07-13 00:00,2000-07-13 00:00,1033.29,,FEET
SHA,D,6,RES ELE,2000-07-14 00:00,2000-07-14 00:00,1032.71,,FEET
SHA,D,6,RES ELE,2000-07-15 00:00,2000-07-15 00:00,1031.80,,FEET
SHA,D,6,RES ELE,2000-07-16 00:00,2000-07-16 00:00,1030.92,,FEET
SHA,D,6,RES ELE,2000-07-17 00:00,2000-07-17 00:00,1030.33,,FEET
SHA,D,6,RES ELE,2000-07-18 00:00,2000-07-18 00:00,1029.75,,FEET
SHA,D,6,RES ELE,2000-07-19 00:00,2000-07-19 00:00,1029.19,,FEET
SHA,D,6,RES ELE,2000-07-20 00:00,2000-07-20 00:00,1028.58,,FEET
SHA,D,6,RES ELE,2000-07-21 00:00,2000-07-21 00:00,1027.98,,FEET
SHA,D,6,RES ELE,2000-07-22 00:00,2000-07-22 00:00,1027.19,,FEET
SHA,D,6,RES ELE,2000-07-23 00:00,2000-07-23 00:00,1026.37,,FEET
SHA,D,6,RES ELE,2000-07-24 00:00,2000-07-24 00:00,1025.67,,FEET
SHA,D,6,RES ELE,2000-07-25 00:00,2000-07-25 00:00,1025.07,,FEET
SHA,D,6,RES ELE,2000-07-26 00:00,2000-07-26 00:00,1024.45,,FEET
SHA,D,6,RES ELE,2000-07-27 00:00,2000-07-27 00:00,1023.81,,FEET
SHA,D,6,RES ELE,2000-07-28 00:00,2000-07-28 00:00,1023.12,,FEET
SHA,D,6,RES ELE,2000-07-29 00:00,2000-07-29 00:00,1022.61,,FEET
SHA,D,6,RES ELE,2000-07-30 00:00,2000-07-30 00:00,1021.95,,FEET
SHA,D,6,RES ELE,2000-07-31 00:00,2000-07-31 00:00,1021.42,,FEET
SHA,D,6,RES ELE,2000-08-01 00:00,2000-08-01 00:00,1020.85,,FEET
SHA,D,6,RES ELE,2000-08-02 00:00,2000-08-02 00:00,1020.30,,FEET
SHA,D,6,RES ELE,2000-08-03 00:00,2000-08-03 00:00,1019.80,,FEET
SHA,D,6,RES ELE,2000-08-04 00:00,2000-08-04 00:00,1019.25,,FEET
SHA,D,6,RES ELE,2000-08-05 00:00,2000-08-05 00:00,1018.36,,FEET
SHA,D,6,RES ELE,2000-08-06 00:00,2000-08-06 00:00,1017.51,,FEET
SHA,D,6,RES ELE,2000-08-07 00:00,2000-08-07 00:00,1017.00,,FEET
SHA,D,6,RES ELE,2000-08-08 00:00,2000-08-08 00:00,1016.61,,FEET
SHA,D,6,RES ELE,2000-08-09 00:00,2000-08-09 00:00,1016.23,,FEET
SHA,D,6,RES ELE,2000-08-10 00:00,2000-08-10 00:00,1015.87,,FEET
SHA,D,6,RES ELE,2000-08-11 00:00,2000-08-11 00:00,1015.50,,FEET
SHA,D,6,RES ELE,2000-08-12 00:00,2000-08-12 00:00,1015.00,,FEET
SHA,D,6,RES ELE,2000-08-13 00:00,2000-08-13 00:00,1014.42,,FEET
SHA,D,6,RES ELE,2000-08-14 00:00,2000-08-14 00:00,1013.95,,FEET
SHA,D,6,RES ELE,2000-08-15 00:00,2000-08-15 00:00,1013.51,,FEET
SHA,D,6,RES ELE,2000-08-16 00:00,2000-08-16 00:00,1013.31,,FEET
SHA,D,6,RES ELE,2000-08-17 00:00,2000-08-17 00:00,1013.04,,FEET
SHA,D,6,RES ELE,2000-08-18 00:00,2000-08-18 00:00,1012.83,,FEET
SHA,D,6,RES ELE,2000-08-19 00:00,2000-08-19 00:00,1012.60,,FEET
SHA,D,6,RES ELE,2000-08-20 00:00,2000-08-20 00:00,1012.24,,FEET
SHA,D,6,RES ELE,2000-08-21 00:00,2000-08-21 00:00,1012.02,,FEET
SHA,D,6,RES ELE,2000-08-22 00:00,2000-08-22 00:00,1011.73,,FEET
SHA,D,6,RES ELE,2000-08-23 00:00,2000-08-23 00:00,1011.50,,FEET
SHA,D,6,RES ELE,2000-08-24 00:00,2000-08-24 00:00,1011.33,,FEET
SHA,D,6,RES ELE,2000-08-25 00:00,2000-08-25 00:00,1011.22,,FEET
SHA,D,6,RES ELE,2000-08-26 00:00,2000-08-26 00:00,1010.90,,FEET
SHA,D,6,RES ELE,2000-08-27 00:00,2000-08-27 00:00,1010.60,,FEET
SHA,D,6,RES ELE,2000-08-28 00:00,2000-08-28 00:00,1010.24,,FEET
SHA,D,6,RES ELE,2000-08-29 00:00,2000-08-29 00:00,1010.00,,FEET
SHA,D,6,RES ELE,2000-08-30 00:00,2000-08-30 00:00,1009.80,,FEET
SHA,D,6,RES ELE,2000-08-31 00:00,2000-08-31 00:00,1009.64,,FEET
SHA,D,6,RES ELE,2000-09-01 00:00,2000-09-01 00:00,1009.83,,FEET
SHA,D,6,RES ELE,2000-09-02 00:00,2000-09-02 00:00,1009.83,,FEET
SHA,D,6,RES ELE,2000-09-03 00:00,2000-09-03 00:00,1009.93,,FEET
SHA,D,6,RES ELE,2000-09-04 00:00,2000-09-04 00:00,1009.95,,FEET
SHA,D,6,RES ELE,2000-09-05 00:00,2000-09-05 00:00,1009.98,,FEET
SHA,D,6,RES ELE,2000-09-06 00:00,2000-09-06 00:00,1010.03,,FEET
SHA,D,6,RES ELE,2000-09-07 00:00,2000-09-07 00:00,1010.12,,FEET
SHA,D,6,RES ELE,2000-09-08 00:00,2000-09-08 00:00,1010.03,,FEET
SHA,D,6,RES ELE,2000-09-09 00:00,2000-09-09 00:00,1009.76,,FEET
SHA,D,6,RES ELE,2000-09-10 00:00,2000-09-10 00:00,1009.52,,FEET
SHA,D,6,RES ELE,2000-09-11 00:00,2000-09-11 00:00,1009.34,,FEET
SHA,D,6,RES ELE,2000-09-12 00:00,2000-09-12 00:00,1009.24,,FEET
SHA,D,6,RES ELE,2000-09-13 00:00,2000-09-13 00:00,1009.28,,FEET
SHA,D,6,RES ELE,2000-09-14 00:00,2000-09-14 00:00,1009.18,,FEET
SHA,D,6,RES ELE,2000-09-15 00:00,2000-09-15 00:00,1009.20,,FEET
SHA,D,6,RES ELE,2000-09-16 00:00,2000-09-16 00:00,1009.02,,FEET
SHA,D,6,RES ELE,2000-09-17 00:00,2000-09-17 00:00,1008.71,,FEET
SHA,D,6,RES ELE,2000-09-18 00:00,2000-09-18 00:00,1008.58,,FEET
SHA,D,6,RES ELE,2000-09-19 00:00,2000-09-19 00:00,1008.42,,FEET
SHA,D,6,RES ELE,2000-09-20 00:00,2000-09-20 00:00,1008.11,,FEET
SHA,D,6,RES ELE,2000-09-21 00:00,2000-09-21 00:00,1007.91,,FEET
SHA,D,6,RES ELE,2000-09-22 00:00,2000-09-22 00:00,1007.84,,FEET
SHA,D,6,RES ELE,2000-09-23 00:00,2000-09-23 00:00,1007.69,,FEET
SHA,D,6,RES ELE,2000-09-24 00:00,2000-09-24 00:00,1007.50,,FEET
SHA,D,6,RES ELE,2000-09-25 00:00,2000-09-25 00:00,1007.31,,FEET
SHA,D,6,RES ELE,2000-09-26 00:00,2000-09-26 00:00,1007.16,,FEET
SHA,D,6,RES ELE,2000-09-27 00:00,2000-09-27 00:00,1007.18,,FEET
SHA,D,6,RES ELE,2000-09-28 00:00,2000-09-28 00:00,1007.19,,FEET
SHA,D,6,RES ELE,2000-09-29 00:00,2000-09-29 00:00,1007.16,,FEET
SHA,D,6,RES ELE,2000-09-30 00:00,2000-09-30 00:00,1007.07,,FEET
SHA,D,6,RES ELE,2000-10-01 00:00,2000-10-01 00:00,1006.88,,FEET
SHA,D,6,RES ELE,2000-10-02 00:00,2000-10-02 00:00,1006.73,,FEET
SHA,D,6,RES ELE,2000-10-03 00:00,2000-10-03 00:00,1006.64,,FEET
SHA,D,6,RES ELE,2000-10-04 00:00,2000-10-04 00:00,1006.48,,FEET
SHA,D,6,RES ELE,2000-10-05 00:00,2000-10-05 00:00,1006.38,,FEET
SHA,D,6,RES ELE,2000-10-06 00:00,2000-10-06 00:00,1006.26,,FEET
SHA,D,6,RES ELE,2000-10-07 00:00,2000-10-07 00:00,1006.16,,FEET
SHA,D,6,RES ELE,2000-10-08 00:00,2000-10-08 00:00,1006.00,,FEET
SHA,D,6,RES ELE,2000-10-09 00:00,2000-10-09 00:00,1005.92,,FEET
SHA,D,6,RES ELE,2000-10-10 00:00,2000-10-10 00:00,1006.04,,FEET
SHA,D,6,RES ELE,2000-10-11 00:00,2000-10-11 00:00,1006.08,,FEET
SHA,D,6,RES ELE,2000-10-12 00:00,2000-10-12 00:00,1006.14,,FEET
SHA,D,6,RES ELE,2000-10-13 00:00,2000-10-13 00:00,1006.24,,FEET
SHA,D,6,RES ELE,2000-10-14 00:00,2000-10-14 00:00,1005.97,,FEET
SHA,D,6,RES ELE,2000-10-15 00:00,2000-10-15 00:00,1005.77,,FEET
SHA,D,6,RES ELE,2000-10-16 00:00,2000-10-16 00:00,1005.73,,FEET
SHA,D,6,RES ELE,2000-10-17 00:00,2000-10-17 00:00,1005.62,,FEET
SHA,D,6,RES ELE,2000-10-18 00:00,2000-10-18 00:00,1005.42,,FEET
SHA,D,6,RES ELE,2000-10-19 00:00,2000-10-19 00:00,1005.34,,FEET
SHA,D,6,RES ELE,2000-10-20 00:00,2000-10-20 00:00,1005.20,,FEET
SHA,D,6,RES ELE,2000-10-21 00:00,2000-10-21 00:00,1005.08,,FEET
SHA,D,6,RES ELE,2000-10-22 00:00,2000-10-22 00:00,1005.04,,FEET
SHA,D,6,RES ELE,2000-10-23 00:00,2000-10-23 00:00,1004.92,,FEET
SHA,D,6,RES ELE,2000-10-24 00:00,2000-10-24 00:00,1004.77,,FEET
SHA,D,6,RES ELE,2000-10-25 00:00,2000-10-25 00:00,1004.70,,FEET
SHA,D,6,RES ELE,2000-10-26 00:00,2000-10-26 00:00,1004.64,,FEET
SHA,D,6,RES ELE,2000-10-27 00:00,2000-10-27 00:00,1004.62,,FEET
SHA,D,6,RES ELE,2000-10-28 00:00,2000-10-28 00:00,1004.81,,FEET
SHA,D,6,RES ELE,2000-10-29 00:00,2000-10-29 00:00,1004.86,,FEET
SHA,D,6,RES ELE,2000-10-30 00:00,2000-10-30 00:00,1005.09,,FEET
SHA,D,6,RES ELE,2000-10-31 00:00,2000-10-31 00:00,1005.12,,FEET
SHA,D,6,RES ELE,2000-11-01 00:00,2000-11-01 00:00,1005.20,,FEET
SHA,D,6,RES ELE,2000-11-02 00:00,2000-11-02 00:00,1004.93,,FEET
SHA,D,6,RES ELE,2000-11-03 00:00,2000-11-03 00:00,1004.78,,FEET
SHA,D,6,RES ELE,2000-11-04 00:00,2000-11-04 00:00,1004.70,,FEET
SHA,D,6,RES ELE,2000-11-05 00:00,2000-11-05 00:00,1004.75,,FEET
SHA,D,6,RES ELE,2000-11-06 00:00,2000-11-06 00:00,1004.70,,FEET
SHA,D,6,RES ELE,2000-11-07 00:00,2000-11-07 00:00,1004.68,,FEET
SHA,D,6,RES ELE,2000-11-08 00:00,2000-11-08 00:00,1004.64,,FEET
SHA,D,6,RES ELE,2000-11-09 00:00,2000-11-09 00:00,1004.60,,FEET
SHA,D,6,RES ELE,2000-11-10 00:00,2000-11-10 00:00,1004.52,,FEET
SHA,D,6,RES ELE,2000-11-11 00:00,2000-11-11 00:00,1004.35,,FEET
SHA,D,6,RES ELE,2000-11-12 00:00,2000-11-12 00:00,1004.23,,FEET
SHA,D,6,RES ELE,2000-11-13 00:00,2000-11-13 00:00,1004.07,,FEET
SHA,D,6,RES ELE,2000-11-14 00:00,2000-11-14 00:00,1004.02,,FEET
SHA,D,6,RES ELE,2000-11-15 00:00,2000-11-15 00:00,1004.04,,FEET
SHA,D,6,RES ELE,2000-11-16 00:00,2000-11-16 00:00,1004.09,,FEET
SHA,D,6,RES ELE,2000-11-17 00:00,2000-11-17 00:00,1004.00,,FEET
SHA,D,6,RES ELE,2000-11-18 00:00,2000-11-18 00:00,1003.84,,FEET
SHA,D,6,RES ELE,2000-11-19 00:00,2000-11-19 00:00,1003.72,,FEET
SHA,D,6,RES ELE,2000-11-20 00:00,2000-11-20 00:00,1003.69,,FEET
SHA,D,6,RES ELE,2000-11-21 00:00,2000-11-21 00:00,1003.61,,FEET
SHA,D,6,RES ELE,2000-11-22 00:00,2000-11-22 00:00,1003.54,,FEET
SHA,D,6,RES ELE,2000-11-23 00:00,2000-11-23 00:00,1003.31,,FEET
SHA,D,6,RES ELE,2000-11-24 00:00,2000-11-24 00:00,1003.14,,FEET
SHA,D,6,RES ELE,2000-11-25 00:00,2000-11-25 00:00,1003.01,,FEET
SHA,D,6,RES ELE,2000-11-26 00:00,2000-11-26 00:00,1002.83,,FEET
SHA,D,6,RES ELE,2000-11-27 00:00,2000-11-27 00:00,1002.67,,FEET
SHA,D,6,RES ELE,2000-11-28 00:00,2000-11-28 00:00,1002.59,,FEET
SHA,D,6,RES ELE,2000-11-29 00:00,2000-11-29 00:00,1002.64,,FEET
SHA,D,6,RES ELE,2000-11-30 00:00,2000-11-30 00:00,1002.61,,FEET
SHA,D,6,RES ELE,2000-12-01 00:00,2000-12-01 00:00,1002.66,,FEET
SHA,D,6,RES ELE,2000-12-02 00:00,2000-12-02 00:00,1002.63,,FEET
SHA,D,6,RES ELE,2000-12-03 00:00,2000-12-03 00:00,1002.58,,FEET
SHA,D,6,RES ELE,2000-12-04 00:00,2000-12-04 00:00,1002.51,,FEET
SHA,D,6,RES ELE,2000-12-05 00:00,2000-12-05 00:00,1002.55,,FEET
SHA,D,6,RES ELE,2000-12-06 00:00,2000-12-06 00:00,1002.54,,FEET
SHA,D,6,RES ELE,2000-12-07 00:00,2000-12-07 00:00,1002.61,,FEET
SHA,D,6,RES ELE,2000-12-08 00:00,2000-12-08 00:00,1002.43,,FEET
SHA,D,6,RES ELE,2000-12-09 00:00,2000-12-09 00:00,1002.25,,FEET
SHA,D,6,RES ELE,2000-12-10 00:00,2000-12-10 00:00,1002.06,,FEET
SHA,D,6,RES ELE,2000-12-11 00:00,2000-12-11 00:00,1002.09,,FEET
SHA,D,6,RES ELE,2000-12-12 00:00,2000-12-12 00:00,1002.12,,FEET
SHA,D,6,RES ELE,2000-12-13 00:00,2000-12-13 00:00,1002.36,,FEET
SHA,D,6,RES ELE,2000-12-14 00:00,2000-12-14 00:00,1002.71,,FEET
SHA,D,6,RES ELE,2000-12-15 00:00,2000-12-15 00:00,1003.06,,FEET
SHA,D,6,RES ELE,2000-12-16 00:00,2000-12-16 00:00,1003.11,,FEET
SHA,D,6,RES ELE,2000-12-17 00:00,2000-12-17 00:00,1003.12,,FEET
SHA,D,6,RES ELE,2000-12-18 00:00,2000-12-18 00:00,1003.16,,FEET
SHA,D,6,RES ELE,2000-12-19 00:00,2000-12-19 00:00,1003.25,,FEET
SHA,D,6,RES ELE,2000-12-20 00:00,2000-12-20 00:00,1003.38,,FEET
SHA,D,6,RES ELE,2000-12-21 00:00,2000-12-21 00:00,1003.35,,FEET
SHA,D,6,RES ELE,2000-12-22 00:00,2000-12-22 00:00,1003.56,,FEET
SHA,D,6,RES ELE,2000-12-23 00:00,2000-12-23 00:00,1003.58,,FEET
SHA,D,6,RES ELE,2000-12-24 00:00,2000-12-24 00:00,1003.50,,FEET
SHA,D,6,RES ELE,2000-12-25 00:00,2000-12-25 00:00,1003.44,,FEET
SHA,D,6,RES ELE,2000-12-26 00:00,2000-12-26 00:00,1003.49,,FEET
SHA,D,6,RES ELE,2000-12-27 00:00,2000-12-27 00:00,1003.62,,FEET
SHA,D,6,RES ELE,2000-12-28 00:00,2000-12-28 00:00,1003.73,,FEET
SHA,D,6,RES ELE,2000-12-29 00:00,2000-12-29 00:00,1003.86,,FEET
SHA,D,6,RES ELE,2000-12-30 00:00,2000-12-30 00:00,1003.85,,FEET
SHA,D,6,RES ELE,2000-12-31 00:00,2000-12-31 00:00,1003.75,,FEET
SHA,D,6,RES ELE,2001-01-01 00:00,2001-01-01 00:00,1003.64,,FEET
SHA,D,6,RES ELE,2001-01-02 00:00,2001-01-02 00:00,1003.57,,FEET
SHA,D,6,RES ELE,2001-01-03 00:00,2001-01-03 00:00,1003.57,,FEET
SHA,D,6,RES ELE,2001-01-04 00:00,2001-01-04 00:00,1003.62,,FEET
SHA,D,6,RES ELE,2001-01-05 00:00,2001-01-05 00:00,1003.68,,FEET
SHA,D,6,RES ELE,2001-01-06 00:00,2001-01-06 00:00,1003.66,,FEET
SHA,D,6,RES ELE,2001-01-07 00:00,2001-01-07 00:00,1003.50,,FEET
SHA,D,6,RES ELE,2001-01-08 00:00,2001-01-08 00:00,1003.68,,FEET
SHA,D,6,RES ELE,2001-01-09 00:00,2001-01-09 00:00,1003.84,,FEET
SHA,D,6,RES ELE,2001-01-10 00:00,2001-01-10 00:00,1004.39,,FEET
SHA,D,6,RES ELE,2001-01-11 00:00,2001-01-11 00:00,1004.93,,FEET
SHA,D,6,RES ELE,2001-01-12 00:00,2001-01-12 00:00,1005.26,,FEET
SHA,D,6,RES ELE,2001-01-13 00:00,2001-01-13 00:00,1005.42,,FEET
SHA,D,6,RES ELE,2001-01-14 00:00,2001-01-14 00:00,1005.50,,FEET
SHA,D,6,RES ELE,2001-01-15 00:00,2001-01-15 00:00,1005.62,,FEET
SHA,D,6,RES ELE,2001-01-16 00:00,2001-01-16 00:00,1005.75,,FEET
SHA,D,6,RES ELE,2001-01-17 00:00,2001-01-17 00:00,1005.86,,FEET
SHA,D,6,RES ELE,2001-01-18 00:00,2001-01-18 00:00,1005.95,,FEET
SHA,D,6,RES ELE,2001-01-19 00:00,2001-01-19 00:00,1006.18,,FEET
SHA,D,6,RES ELE,2001-01-20 00:00,2001-01-20 00:00,1006.18,,FEET
SHA,D,6,RES ELE,2001-01-21 00:00,2001-01-21 00:00,1006.12,,FEET
SHA,D,6,RES ELE,2001-01-22 00:00,2001-01-22 00:00,1006.15,,FEET
SHA,D,6,RES ELE,2001-01-23 00:00,2001-01-23 00:00,1006.36,,FEET
SHA,D,6,RES ELE,2001-01-24 00:00,2001-01-24 00:00,1006.73,,FEET
SHA,D,6,RES ELE,2001-01-25 00:00,2001-01-25 00:00,1007.28,,FEET
SHA,D,6,RES ELE,2001-01-26 00:00,2001-01-26 00:00,1007.78,,FEET
SHA,D,6,RES ELE,2001-01-27 00:00,2001-01-27 00:00,1008.09,,FEET
SHA,D,6,RES ELE,2001-01-28 00:00,2001-01-28 00:00,1008.31,,FEET
SHA,D,6,RES ELE,2001-01-29 00:00,2001-01-29 00:00,1008.66,,FEET
SHA,D,6,RES ELE,2001-01-30 00:00,2001-01-30 00:00,1009.06,,FEET
SHA,D,6,RES ELE,2001-01-31 00:00,2001-01-31 00:00,1009.28,,FEET
SHA,D,6,RES ELE,2001-02-01 00:00,2001-02-01 00:00,1009.56,,FEET
SHA,D,6,RES ELE,2001-02-02 00:00,2001-02-02 00:00,1009.77,,FEET
SHA,D,6,RES ELE,2001-02-03 00:00,2001-02-03 00:00,1009.71,,FEET
SHA,D,6,RES ELE,2001-02-04 00:00,2001-02-04 00:00,1009.68,,FEET
SHA,D,6,RES ELE,2001-02-05 00:00,2001-02-05 00:00,1009.92,,FEET
SHA,D,6,RES ELE,2001-02-06 00:00,2001-02-06 00:00,1010.13,,FEET
SHA,D,6,RES ELE,2001-02-07 00:00,2001-02-07 00:00,1010.34,,FEET
SHA,D,6,RES ELE,2001-02-08 00:00,2001-02-08 00:00,1010.57,,FEET
SHA,D,6,RES ELE,2001-02-09 00:00,2001-02-09 00:00,1011.06,,FEET
SHA,D,6,RES ELE,2001-02-10 00:00,2001-02-10 00:00,1011.50,,FEET
SHA,D,6,RES ELE,2001-02-11 00:00,2001-02-11 00:00,1012.06,,FEET
SHA,D,6,RES ELE,2001-02-12 00:00,2001-02-12 00:00,1012.62,,FEET
SHA,D,6,RES ELE,2001-02-13 00:00,2001-02-13 00:00,1013.11,,FEET
SHA,D,6,RES ELE,2001-02-14 00:00,2001-02-14 00:00,1013.60,,FEET
SHA,D,6,RES ELE,2001-02-15 00:00,2001-02-15 00:00,1013.83,,FEET
SHA,D,6,RES ELE,2001-02-16 00:00,2001-02-16 00:00,1014.10,,FEET
SHA,D,6,RES ELE,2001-02-17 00:00,2001-02-17 00:00,1014.43,,FEET
SHA,D,6,RES ELE,2001-02-18 00:00,2001-02-18 00:00,1015.01,,FEET
SHA,D,6,RES ELE,2001-02-19 00:00,2001-02-19 00:00,1015.85,,FEET
SHA,D,6,RES ELE,2001-02-20 00:00,2001-02-20 00:00,1017.74,,FEET
SHA,D,6,RES ELE,2001-02-21 00:00,2001-02-21 00:00,1020.57,,FEET
SHA,D,6,RES ELE,2001-02-22 00:00,2001-02-22 00:00,1022.58,,FEET
SHA,D,6,RES ELE,2001-02-23 00:00,2001-02-23 00:00,1023.89,,FEET
SHA,D,6,RES ELE,2001-02-24 00:00,2001-02-24 00:00,1025.01,,FEET
SHA,D,6,RES ELE,2001-02-25 00:00,2001-02-25 00:00,1026.12,,FEET
SHA,D,6,RES ELE,2001-02-26 00:00,2001-02-26 00:00,1027.07,,FEET
SHA,D,6,RES ELE,2001-02-27 00:00,2001-02-27 00:00,1027.91,,FEET
SHA,D,6,RES ELE,2001-02-28 00:00,2001-02-28 00:00,1028.51,,FEET
SHA,D,6,RES ELE,2001-03-01 00:00,2001-03-01 00:00,1029.13,,FEET
SHA,D,6,RES ELE,2001-03-02 00:00,2001-03-02 00:00,1029.89,,FEET
SHA,D,6,RES ELE,2001-03-03 00:00,2001-03-03 00:00,1030.36,,FEET
SHA,D,6,RES ELE,2001-03-04 00:00,2001-03-04 00:00,1031.65,,FEET
SHA,D,6,RES ELE,2001-03-05 00:00,2001-03-05 00:00,1033.55,,FEET
SHA,D,6,RES ELE,2001-03-06 00:00,2001-03-06 00:00,1034.76,,FEET
SHA,D,6,RES ELE,2001-03-07 00:00,2001-03-07 00:00,1035.77,,FEET
SHA,D,6,RES ELE,2001-03-08 00:00,2001-03-08 00:00,1036.80,,FEET
SHA,D,6,RES ELE,2001-03-09 00:00,2001-03-09 00:00,1037.74,,FEET
SHA,D,6,RES ELE,2001-03-10 00:00,2001-03-10 00:00,1038.34,,FEET
SHA,D,6,RES ELE,2001-03-11 00:00,2001-03-11 00:00,1038.81,,FEET
SHA,D,6,RES ELE,2001-03-12 00:00,2001-03-12 00:00,1039.06,,FEET
SHA,D,6,RES ELE,2001-03-13 00:00,2001-03-13 00:00,1039.41,,FEET
SHA,D,6,RES ELE,2001-03-14 00:00,2001-03-14 00:00,1039.65,,FEET
SHA,D,6,RES ELE,2001-03-15 00:00,2001-03-15 00:00,1039.89,,FEET
SHA,D,6,RES ELE,2001-03-16 00:00,2001-03-16 00:00,1040.06,,FEET
SHA,D,6,RES ELE,2001-03-17 00:00,2001-03-17 00:00,1040.30,,FEET
SHA,D,6,RES ELE,2001-03-18 00:00,2001-03-18 00:00,1040.48,,FEET
SHA,D,6,RES ELE,2001-03-19 00:00,2001-03-19 00:00,1040.78,,FEET
SHA,D,6,RES ELE,2001-03-20 00:00,2001-03-20 00:00,1041.22,,FEET
SHA,D,6,RES ELE,2001-03-21 00:00,2001-03-21 00:00,1041.57,,FEET
SHA,D,6,RES ELE,2001-03-22 00:00,2001-03-22 00:00,1042.09,,FEET
SHA,D,6,RES ELE,2001-03-23 00:00,2001-03-23 00:00,1042.74,,FEET
SHA,D,6,RES ELE,2001-03-24 00:00,2001-03-24 00:00,1043.08,,FEET
SHA,D,6,RES ELE,2001-03-25 00:00,2001-03-25 00:00,1043.51,,FEET
SHA,D,6,RES ELE,2001-03-26 00:00,2001-03-26 00:00,1044.11,,FEET
SHA,D,6,RES ELE,2001-03-27 00:00,2001-03-27 00:00,1044.53,,FEET
SHA,D,6,RES ELE,2001-03-28 00:00,2001-03-28 00:00,1044.95,,FEET
SHA,D,6,RES ELE,2001-03-29 00:00,2001-03-29 00:00,1045.33,,FEET
SHA,D,6,RES ELE,2001-03-30 00:00,2001-03-30 00:00,1045.72,,FEET
SHA,D,6,RES ELE,2001-03-31 00:00,2001-03-31 00:00,1046.09,,FEET
SHA,D,6,RES ELE,2001-04-01 00:00,2001-04-01 00:00,1046.30,,FEET
SHA,D,6,RES ELE,2001-04-02 00:00,2001-04-02 00:00,1046.53,,FEET
SHA,D,6,RES ELE,2001-04-03 00:00,2001-04-03 00:00,1046.70,,FEET
SHA,D,6,RES ELE,2001-04-04 00:00,2001-04-04 00:00,1046.88,,FEET
SHA,D,6,RES ELE,2001-04-05 00:00,2001-04-05 00:00,1046.97,,FEET
SHA,D,6,RES ELE,2001-04-06 00:00,2001-04-06 00:00,1047.24,,FEET
SHA,D,6,RES ELE,2001-04-07 00:00,2001-04-07 00:00,1047.37,,FEET
SHA,D,6,RES ELE,2001-04-08 00:00,2001-04-08 00:00,1047.47,,FEET
SHA,D,6,RES ELE,2001-04-09 00:00,2001-04-09 00:00,1047.54,,FEET
SHA,D,6,RES ELE,2001-04-10 00:00,2001-04-10 00:00,1047.55,,FEET
SHA,D,6,RES ELE,2001-04-11 00:00,2001-04-11 00:00,1047.58,,FEET
SHA,D,6,RES ELE,2001-04-12 00:00,2001-04-12 00:00,1047.60,,FEET
SHA,D,6,RES ELE,2001-04-13 00:00,2001-04-13 00:00,1047.74,,FEET
SHA,D,6,RES ELE,2001-04-14 00:00,2001-04-14 00:00,1047.74,,FEET
SHA,D,6,RES ELE,2001-04-15 00:00,2001-04-15 00:00,1047.78,,FEET
SHA,D,6,RES ELE,2001-04-16 00:00,2001-04-16 00:00,1047.88,,FEET
SHA,D,6,RES ELE,2001-04-17 00:00,2001-04-17 00:00,1047.94,,FEET
SHA,D,6,RES ELE,2001-04-18 00:00,2001-04-18 00:00,1048.18,,FEET
SHA,D,6,RES ELE,2001-04-19 00:00,2001-04-19 00:00,1048.31,,FEET
SHA,D,6,RES ELE,2001-04-20 00:00,2001-04-20 00:00,1048.49,,FEET
SHA,D,6,RES ELE,2001-04-21 00:00,2001-04-21 00:00,1048.52,,FEET
SHA,D,6,RES ELE,2001-04-22 00:00,2001-04-22 00:00,1048.47,,FEET
SHA,D,6,RES ELE,2001-04-23 00:00,2001-04-23 00:00,1048.63,,FEET
SHA,D,6,RES ELE,2001-04-24 00:00,2001-04-24 00:00,1048.51,,FEET
SHA,D,6,RES ELE,2001-04-25 00:00,2001-04-25 00:00,1048.45,,FEET
SHA,D,6,RES ELE,2001-04-26 00:00,2001-04-26 00:00,1048.48,,FEET
SHA,D,6,RES ELE,2001-04-27 00:00,2001-04-27 00:00,1048.46,,FEET
SHA,D,6,RES ELE,2001-04-28 00:00,2001-04-28 00:00,1048.43,,FEET
SHA,D,6,RES ELE,2001-04-29 00:00,2001-04-29 00:00,1048.45,,FEET
SHA,D,6,RES ELE,2001-04-30 00:00,2001-04-30 00:00,1048.44,,FEET
SHA,D,6,RES ELE,2001-05-01 00:00,2001-05-01 00:00,1048.37,,FEET
SHA,D,6,RES ELE,2001-05-02 00:00,2001-05-02 00:00,1048.20,,FEET
SHA,D,6,RES ELE,2001-05-03 00:00,2001-05-03 00:00,1048.12,,FEET
SHA,D,6,RES ELE,2001-05-04 00:00,2001-05-04 00:00,1048.08,,FEET
SHA,D,6,RES ELE,2001-05-05 00:00,2001-05-05 00:00,1047.94,,FEET
SHA,D,6,RES ELE,2001-05-06 00:00,2001-05-06 00:00,1047.76,,FEET
SHA,D,6,RES ELE,2001-05-07 00:00,2001-05-07 00:00,1047.62,,FEET
SHA,D,6,RES ELE,2001-05-08 00:00,2001-05-08 00:00,1047.51,,FEET
SHA,D,6,RES ELE,2001-05-09 00:00,2001-05-09 00:00,1047.42,,FEET
SHA,D,6,RES ELE,2001-05-10 00:00,2001-05-10 00:00,1047.37,,FEET
SHA,D,6,RES ELE,2001-05-11 00:00,2001-05-11 00:00,1047.16,,FEET
SHA,D,6,RES ELE,2001-05-12 00:00,2001-05-12 00:00,1046.82,,FEET
SHA,D,6,RES ELE,2001-05-13 00:00,2001-05-13 00:00,1046.54,,FEET
SHA,D,6,RES ELE,2001-05-14 00:00,2001-05-14 00:00,1046.33,,FEET
SHA,D,6,RES ELE,2001-05-15 00:00,2001-05-15 00:00,1046.02,,FEET
SHA,D,6,RES ELE,2001-05-16 00:00,2001-05-16 00:00,1045.70,,FEET
SHA,D,6,RES ELE,2001-05-17 00:00,2001-05-17 00:00,1045.46,,FEET
SHA,D,6,RES ELE,2001-05-18 00:00,2001-05-18 00:00,1045.16,,FEET
SHA,D,6,RES ELE,2001-05-19 00:00,2001-05-19 00:00,1044.74,,FEET
SHA,D,6,RES ELE,2001-05-20 00:00,2001-05-20 00:00,1044.23,,FEET
SHA,D,6,RES ELE,2001-05-21 00:00,2001-05-21 00:00,1043.88,,FEET
SHA,D,6,RES ELE,2001-05-22 00:00,2001-05-22 00:00,1043.63,,FEET
SHA,D,6,RES ELE,2001-05-23 00:00,2001-05-23 00:00,1043.77,,FEET
SHA,D,6,RES ELE,2001-05-24 00:00,2001-05-24 00:00,1042.99,,FEET
SHA,D,6,RES ELE,2001-05-25 00:00,2001-05-25 00:00,1042.71,,FEET
SHA,D,6,RES ELE,2001-05-26 00:00,2001-05-26 00:00,1042.18,,FEET
SHA,D,6,RES ELE,2001-05-27 00:00,2001-05-27 00:00,1041.56,,FEET
SHA,D,6,RES ELE,2001-05-28 00:00,2001-05-28 00:00,1041.03,,FEET
SHA,D,6,RES ELE,2001-05-29 00:00,2001-05-29 00:00,1040.60,,FEET
SHA,D,6,RES ELE,2001-05-30 00:00,2001-05-30 00:00,1040.09,,FEET
SHA,D,6,RES ELE,2001-05-31 00:00,2001-05-31 00:00,1039.62,,FEET
SHA,D,6,RES ELE,2001-06-01 00:00,2001-06-01 00:00,1039.23,,FEET
SHA,D,6,RES ELE,2001-06-02 00:00,2001-06-02 00:00,1038.70,,FEET
SHA,D,6,RES ELE,2001-06-03 00:00,2001-06-03 00:00,1037.96,,FEET
SHA,D,6,RES ELE,2001-06-04 00:00,2001-06-04 00:00,1037.52,,FEET
SHA,D,6,RES ELE,2001-06-05 00:00,2001-06-05 00:00,1037.13,,FEET
SHA,D,6,RES ELE,2001-06-06 00:00,2001-06-06 00:00,1036.59,,FEET
SHA,D,6,RES ELE,2001-06-07 00:00,2001-06-07 00:00,1035.96,,FEET
SHA,D,6,RES ELE,2001-06-08 00:00,2001-06-08 00:00,1035.44,,FEET
SHA,D,6,RES ELE,2001-06-09 00:00,2001-06-09 00:00,1034.64,,FEET
SHA,D,6,RES ELE,2001-06-10 00:00,2001-06-10 00:00,1033.80,,FEET
SHA,D,6,RES ELE,2001-06-11 00:00,2001-06-11 00:00,1033.18,,FEET
SHA,D,6,RES ELE,2001-06-12 00:00,2001-06-12 00:00,1032.52,,FEET
SHA,D,6,RES ELE,2001-06-13 00:00,2001-06-13 00:00,1031.79,,FEET
SHA,D,6,RES ELE,2001-06-14 00:00,2001-06-14 00:00,1031.11,,FEET
SHA,D,6,RES ELE,2001-06-15 00:00,2001-06-15 00:00,1030.51,,FEET
SHA,D,6,RES ELE,2001-06-16 00:00,2001-06-16 00:00,1029.74,,FEET
SHA,D,6,RES ELE,2001-06-17 00:00,2001-06-17 00:00,1028.91,,FEET
SHA,D,6,RES ELE,2001-06-18 00:00,2001-06-18 00:00,1028.18,,FEET
SHA,D,6,RES ELE,2001-06-19 00:00,2001-06-19 00:00,1027.52,,FEET
SHA,D,6,RES ELE,2001-06-20 00:00,2001-06-20 00:00,1026.87,,FEET
SHA,D,6,RES ELE,2001-06-21 00:00,2001-06-21 00:00,1026.17,,FEET
SHA,D,6,RES ELE,2001-06-22 00:00,2001-06-22 00:00,1025.41,,FEET
SHA,D,6,RES ELE,2001-06-23 00:00,2001-06-23 00:00,1024.53,,FEET
SHA,D,6,RES ELE,2001-06-24 00:00,2001-06-24 00:00,1023.69,,FEET
SHA,D,6,RES ELE,2001-06-25 00:00,2001-06-25 00:00,1023.00,,FEET
SHA,D,6,RES ELE,2001-06-26 00:00,2001-06-26 00:00,1022.39,,FEET
SHA,D,6,RES ELE,2001-06-27 00:00,2001-06-27 00:00,1021.91,,FEET
SHA,D,6,RES ELE,2001-06-28 00:00,2001-06-28 00:00,1021.38,,FEET
SHA,D,6,RES ELE,2001-06-29 00:00,2001-06-29 00:00,1020.74,,FEET
SHA,D,6,RES ELE,2001-06-30 00:00,2001-06-30 00:00,1019.84,,FEET
SHA,D,6,RES ELE,2001-07-01 00:00,2001-07-01 00:00,1018.95,,FEET
SHA,D,6,RES ELE,2001-07-02 00:00,2001-07-02 00:00,1018.26,,FEET
SHA,D,6,RES ELE,2001-07-03 00:00,2001-07-03 00:00,1017.70,,FEET
SHA,D,6,RES ELE,2001-07-04 00:00,2001-07-04 00:00,1017.07,,FEET
SHA,D,6,RES ELE,2001-07-05 00:00,2001-07-05 00:00,1016.45,,FEET
SHA,D,6,RES ELE,2001-07-06 00:00,2001-07-06 00:00,1015.66,,FEET
SHA,D,6,RES ELE,2001-07-07 00:00,2001-07-07 00:00,1014.75,,FEET
SHA,D,6,RES ELE,2001-07-08 00:00,2001-07-08 00:00,1013.83,,FEET
SHA,D,6,RES ELE,2001-07-09 00:00,2001-07-09 00:00,1013.00,,FEET
SHA,D,6,RES ELE,2001-07-10 00:00,2001-07-10 00:00,1012.25,,FEET
SHA,D,6,RES ELE,2001-07-11 00:00,2001-07-11 00:00,1011.52,,FEET
SHA,D,6,RES ELE,2001-07-12 00:00,2001-07-12 00:00,1010.75,,FEET
SHA,D,6,RES ELE,2001-07-13 00:00,2001-07-13 00:00,1009.97,,FEET
SHA,D,6,RES ELE,2001-07-14 00:00,2001-07-14 00:00,1009.08,,FEET
SHA,D,6,RES ELE,2001-07-15 00:00,2001-07-15 00:00,1008.11,,FEET
SHA,D,6,RES ELE,2001-07-16 00:00,2001-07-16 00:00,1007.32,,FEET
SHA,D,6,RES ELE,2001-07-17 00:00,2001-07-17 00:00,1006.53,,FEET
SHA,D,6,RES ELE,2001-07-18 00:00,2001-07-18 00:00,1005.72,,FEET
SHA,D,6,RES ELE,2001-07-19 00:00,2001-07-19 00:00,1004.95,,FEET
SHA,D,6,RES ELE,2001-07-20 00:00,2001-07-20 00:00,1004.20,,FEET
SHA,D,6,RES ELE,2001-07-21 00:00,2001-07-21 00:00,1003.22,,FEET
SHA,D,6,RES ELE,2001-07-22 00:00,2001-07-22 00:00,1002.17,,FEET
SHA,D,6,RES ELE,2001-07-23 00:00,2001-07-23 00:00,1001.37,,FEET
SHA,D,6,RES ELE,2001-07-24 00:00,2001-07-24 00:00,1000.71,,FEET
SHA,D,6,RES ELE,2001-07-25 00:00,2001-07-25 00:00,999.82,,FEET
SHA,D,6,RES ELE,2001-07-26 00:00,2001-07-26 00:00,999.07,,FEET
SHA,D,6,RES ELE,2001-07-27 00:00,2001-07-27 00:00,998.20,,FEET
SHA,D,6,RES ELE,2001-07-28 00:00,2001-07-28 00:00,997.19,,FEET
SHA,D,6,RES ELE,2001-07-29 00:00,2001-07-29 00:00,996.16,,FEET
SHA,D,6,RES ELE,2001-07-30 00:00,2001-07-30 00:00,995.45,,FEET
SHA,D,6,RES ELE,2001-07-31 00:00,2001-07-31 00:00,994.76,,FEET
SHA,D,6,RES ELE,2001-08-01 00:00,2001-08-01 00:00,994.13,,FEET
SHA,D,6,RES ELE,2001-08-02 00:00,2001-08-02 00:00,993.46,,FEET
SHA,D,6,RES ELE,2001-08-03 00:00,2001-08-03 00:00,992.87,,FEET
SHA,D,6,RES ELE,2001-08-04 00:00,2001-08-04 00:00,992.19,,FEET
SHA,D,6,RES ELE,2001-08-05 00:00,2001-08-05 00:00,991.29,,FEET
SHA,D,6,RES ELE,2001-08-06 00:00,2001-08-06 00:00,990.71,,FEET
SHA,D,6,RES ELE,2001-08-07 00:00,2001-08-07 00:00,990.08,,FEET
SHA,D,6,RES ELE,2001-08-08 00:00,2001-08-08 00:00,989.46,,FEET
SHA,D,6,RES ELE,2001-08-09 00:00,2001-08-09 00:00,988.89,,FEET
SHA,D,6,RES ELE,2001-08-10 00:00,2001-08-10 00:00,988.28,,FEET
SHA,D,6,RES ELE,2001-08-11 00:00,2001-08-11 00:00,987.68,,FEET
SHA,D,6,RES ELE,2001-08-12 00:00,2001-08-12 00:00,986.90,,FEET
SHA,D,6,RES ELE,2001-08-13 00:00,2001-08-13 00:00,986.32,,FEET
SHA,D,6,RES ELE,2001-08-14 00:00,2001-08-14 00:00,985.82,,FEET
SHA,D,6,RES ELE,2001-08-15 00:00,2001-08-15 00:00,985.39,,FEET
SHA,D,6,RES ELE,2001-08-16 00:00,2001-08-16 00:00,984.87,,FEET
SHA,D,6,RES ELE,2001-08-17 00:00,2001-08-17 00:00,984.42,,FEET
SHA,D,6,RES ELE,2001-08-18 00:00,2001-08-18 00:00,983.79,,FEET
SHA,D,6,RES ELE,2001-08-19 00:00,2001-08-19 00:00,983.15,,FEET
SHA,D,6,RES ELE,2001-08-20 00:00,2001-08-20 00:00,982.75,,FEET
SHA,D,6,RES ELE,2001-08-21 00:00,2001-08-21 00:00,982.40,,FEET
SHA,D,6,RES ELE,2001-08-22 00:00,2001-08-22 00:00,982.10,,FEET
SHA,D,6,RES ELE,2001-08-23 00:00,2001-08-23 00:00,981.83,,FEET
SHA,D,6,RES ELE,2001-08-24 00:00,2001-08-24 00:00,981.50,,FEET
SHA,D,6,RES ELE,2001-08-25 00:00,2001-08-25 00:00,980.96,,FEET
SHA,D,6,RES ELE,2001-08-26 00:00,2001-08-26 00:00,980.34,,FEET
SHA,D,6,RES ELE,2001-08-27 00:00,2001-08-27 00:00,979.91,,FEET
SHA,D,6,RES ELE,2001-08-28 00:00,2001-08-28 00:00,979.55,,FEET
SHA,D,6,RES ELE,2001-08-29 00:00,2001-08-29 00:00,979.32,,FEET
SHA,D,6,RES ELE,2001-08-30 00:00,2001-08-30 00:00,978.96,,FEET
SHA,D,6,RES ELE,2001-08-31 00:00,2001-08-31 00:00,978.64,,FEET
SHA,D,6,RES ELE,2001-09-01 00:00,2001-09-01 00:00,978.22,,FEET
SHA,D,6,RES ELE,2001-09-02 00:00,2001-09-02 00:00,977.74,,FEET
SHA,D,6,RES ELE,2001-09-03 00:00,2001-09-03 00:00,977.26,,FEET
SHA,D,6,RES ELE,2001-09-04 00:00,2001-09-04 00:00,976.84,,FEET
SHA,D,6,RES ELE,2001-09-05 00:00,2001-09-05 00:00,976.50,,FEET
SHA,D,6,RES ELE,2001-09-06 00:00,2001-09-06 00:00,976.11,,FEET
SHA,D,6,RES ELE,2001-09-07 00:00,2001-09-07 00:00,975.85,,FEET
SHA,D,6,RES ELE,2001-09-08 00:00,2001-09-08 00:00,975.50,,FEET
SHA,D,6,RES ELE,2001-09-09 00:00,2001-09-09 00:00,974.90,,FEET
SHA,D,6,RES ELE,2001-09-10 00:00,2001-09-10 00:00,974.64,,FEET
SHA,D,6,RES ELE,2001-09-11 00:00,2001-09-11 00:00,974.46,,FEET
SHA,D,6,RES ELE,2001-09-12 00:00,2001-09-12 00:00,974.27,,FEET
SHA,D,6,RES ELE,2001-09-13 00:00,2001-09-13 00:00,974.08,,FEET
SHA,D,6,RES ELE,2001-09-14 00:00,2001-09-14 00:00,973.87,,FEET
SHA,D,6,RES ELE,2001-09-15 00:00,2001-09-15 00:00,973.53,,FEET
SHA,D,6,RES ELE,2001-09-16 00:00,2001-09-16 00:00,973.24,,FEET
SHA,D,6,RES ELE,2001-09-17 00:00,2001-09-17 00:00,972.87,,FEET
SHA,D,6,RES ELE,2001-09-18 00:00,2001-09-18 00:00,972.54,,FEET
SHA,D,6,RES ELE,2001-09-19 00:00,2001-09-19 00:00,972.14,,FEET
SHA,D,6,RES ELE,2001-09-20 00:00,2001-09-20 00:00,971.70,,FEET
SHA,D,6,RES ELE,2001-09-21 00:00,2001-09-21 00:00,971.27,,FEET
SHA,D,6,RES ELE,2001-09-22 00:00,2001-09-22 00:00,970.84,,FEET
SHA,D,6,RES ELE,2001-09-23 00:00,2001-09-23 00:00,970.44,,FEET
SHA,D,6,RES ELE,2001-09-24 00:00,2001-09-24 00:00,970.13,,FEET
SHA,D,6,RES ELE,2001-09-25 00:00,2001-09-25 00:00,969.85,,FEET
SHA,D,6,RES ELE,2001-09-26 00:00,2001-09-26 00:00,969.53,,FEET
SHA,D,6,RES ELE,2001-09-27 00:00,2001-09-27 00:00,969.26,,FEET
SHA,D,6,RES ELE,2001-09-28 00:00,2001-09-28 00:00,969.02,,FEET
SHA,D,6,RES ELE,2001-09-29 00:00,2001-09-29 00:00,968.76,,FEET
SHA,D,6,RES ELE,2001-09-30 00:00,2001-09-30 00:00,968.56,,FEET
SHA,D,6,RES ELE,2001-10-01 00:00,2001-10-01 00:00,968.33,,FEET
SHA,D,6,RES ELE,2001-10-02 00:00,2001-10-02 00:00,968.21,,FEET
SHA,D,6,RES ELE,2001-10-03 00:00,2001-10-03 00:00,968.04,,FEET
SHA,D,6,RES ELE,2001-10-04 00:00,2001-10-04 00:00,967.53,,FEET
SHA,D,6,RES ELE,2001-10-05 00:00,2001-10-05 00:00,967.47,,FEET
SHA,D,6,RES ELE,2001-10-06 00:00,2001-10-06 00:00,967.35,,FEET
SHA,D,6,RES ELE,2001-10-07 00:00,2001-10-07 00:00,967.27,,FEET
SHA,D,6,RES ELE,2001-10-08 00:00,2001-10-08 00:00,967.23,,FEET
SHA,D,6,RES ELE,2001-10-09 00:00,2001-10-09 00:00,967.22,,FEET
SHA,D,6,RES ELE,2001-10-10 00:00,2001-10-10 00:00,967.19,,FEET
SHA,D,6,RES ELE,2001-10-11 00:00,2001-10-11 00:00,967.15,,FEET
SHA,D,6,RES ELE,2001-10-12 00:00,2001-10-12 00:00,967.17,,FEET
SHA,D,6,RES ELE,2001-10-13 00:00,2001-10-13 00:00,967.25,,FEET
SHA,D,6,RES ELE,2001-10-14 00:00,2001-10-14 00:00,967.22,,FEET
SHA,D,6,RES ELE,2001-10-15 00:00,2001-10-15 00:00,967.27,,FEET
SHA,D,6,RES ELE,2001-10-16 00:00,2001-10-16 00:00,967.30,,FEET
SHA,D,6,RES ELE,2001-10-17 00:00,2001-10-17 00:00,967.32,,FEET
SHA,D,6,RES ELE,2001-10-18 00:00,2001-10-18 00:00,967.33,,FEET
SHA,D,6,RES ELE,2001-10-19 00:00,2001-10-19 00:00,967.28,,FEET
SHA,D,6,RES ELE,2001-10-20 00:00,2001-10-20 00:00,967.23,,FEET
SHA,D,6,RES ELE,2001-10-21 00:00,2001-10-21 00:00,967.15,,FEET
SHA,D,6,RES ELE,2001-10-22 00:00,2001-10-22 00:00,967.14,,FEET
SHA,D,6,RES ELE,2001-10-23 00:00,2001-10-23 00:00,967.15,,FEET
SHA,D,6,RES ELE,2001-10-24 00:00,2001-10-24 00:00,967.09,,FEET
SHA,D,6,RES ELE,2001-10-25 00:00,2001-10-25 00:00,967.05,,FEET
SHA,D,6,RES ELE,2001-10-26 00:00,2001-10-26 00:00,967.03,,FEET
SHA,D,6,RES ELE,2001-10-27 00:00,2001-10-27 00:00,966.99,,FEET
SHA,D,6,RES ELE,2001-10-28 00:00,2001-10-28 00:00,966.88,,FEET
SHA,D,6,RES ELE,2001-10-29 00:00,2001-10-29 00:00,966.81,,FEET
SHA,D,6,RES ELE,2001-10-30 00:00,2001-10-30 00:00,966.87,,FEET
SHA,D,6,RES ELE,2001-10-31 00:00,2001-10-31 00:00,966.77,,FEET
SHA,D,6,RES ELE,2001-11-01 00:00,2001-11-01 00:00,966.60,,FEET
SHA,D,6,RES ELE,2001-11-02 00:00,2001-11-02 00:00,966.39,,FEET
SHA,D,6,RES ELE,2001-11-03 00:00,2001-11-03 00:00,966.19,,FEET
SHA,D,6,RES ELE,2001-11-04 00:00,2001-11-04 00:00,966.07,,FEET
SHA,D,6,RES ELE,2001-11-05 00:00,2001-11-05 00:00,965.98,,FEET
SHA,D,6,RES ELE,2001-11-06 00:00,2001-11-06 00:00,965.93,,FEET
SHA,D,6,RES ELE,2001-11-07 00:00,2001-11-07 00:00,965.84,,FEET
SHA,D,6,RES ELE,2001-11-08 00:00,2001-11-08 00:00,965.68,,FEET
SHA,D,6,RES ELE,2001-11-09 00:00,2001-11-09 00:00,965.44,,FEET
SHA,D,6,RES ELE,2001-11-10 00:00,2001-11-10 00:00,965.19,,FEET
SHA,D,6,RES ELE,2001-11-11 00:00,2001-11-11 00:00,965.16,,FEET
SHA,D,6,RES ELE,2001-11-12 00:00,2001-11-12 00:00,965.76,,FEET
SHA,D,6,RES ELE,2001-11-13 00:00,2001-11-13 00:00,966.21,,FEET
SHA,D,6,RES ELE,2001-11-14 00:00,2001-11-14 00:00,966.39,,FEET
SHA,D,6,RES ELE,2001-11-15 00:00,2001-11-15 00:00,966.49,,FEET
SHA,D,6,RES ELE,2001-11-16 00:00,2001-11-16 00:00,966.67,,FEET
SHA,D,6,RES ELE,2001-11-17 00:00,2001-11-17 00:00,966.78,,FEET
SHA,D,6,RES ELE,2001-11-18 00:00,2001-11-18 00:00,966.84,,FEET
SHA,D,6,RES ELE,2001-11-19 00:00,2001-11-19 00:00,966.88,,FEET
SHA,D,6,RES ELE,2001-11-20 00:00,2001-11-20 00:00,966.94,,FEET
SHA,D,6,RES ELE,2001-11-21 00:00,2001-11-21 00:00,967.90,,FEET
SHA,D,6,RES ELE,2001-11-22 00:00,2001-11-22 00:00,969.13,,FEET
SHA,D,6,RES ELE,2001-11-23 00:00,2001-11-23 00:00,969.66,,FEET
SHA,D,6,RES ELE,2001-11-24 00:00,2001-11-24 00:00,970.36,,FEET
SHA,D,6,RES ELE,2001-11-25 00:00,2001-11-25 00:00,970.84,,FEET
SHA,D,6,RES ELE,2001-11-26 00:00,2001-11-26 00:00,971.15,,FEET
SHA,D,6,RES ELE,2001-11-27 00:00,2001-11-27 00:00,971.37,,FEET
SHA,D,6,RES ELE,2001-11-28 00:00,2001-11-28 00:00,971.87,,FEET
SHA,D,6,RES ELE,2001-11-29 00:00,2001-11-29 00:00,972.52,,FEET
SHA,D,6,RES ELE,2001-11-30 00:00,2001-11-30 00:00,973.13,,FEET
SHA,D,6,RES ELE,2001-12-01 00:00,2001-12-01 00:00,975.50,,FEET
SHA,D,6,RES ELE,2001-12-02 00:00,2001-12-02 00:00,978.37,,FEET
SHA,D,6,RES ELE,2001-12-03 00:00,2001-12-03 00:00,980.29,,FEET
SHA,D,6,RES ELE,2001-12-04 00:00,2001-12-04 00:00,981.18,,FEET
SHA,D,6,RES ELE,2001-12-05 00:00,2001-12-05 00:00,982.49,,FEET
SHA,D,6,RES ELE,2001-12-06 00:00,2001-12-06 00:00,983.78,,FEET
SHA,D,6,RES ELE,2001-12-07 00:00,2001-12-07 00:00,984.63,,FEET
SHA,D,6,RES ELE,2001-12-08 00:00,2001-12-08 00:00,985.36,,FEET
SHA,D,6,RES ELE,2001-12-09 00:00,2001-12-09 00:00,985.88,,FEET
SHA,D,6,RES ELE,2001-12-10 00:00,2001-12-10 00:00,986.41,,FEET
SHA,D,6,RES ELE,2001-12-11 00:00,2001-12-11 00:00,986.86,,FEET
SHA,D,6,RES ELE,2001-12-12 00:00,2001-12-12 00:00,987.22,,FEET
SHA,D,6,RES ELE,2001-12-13 00:00,2001-12-13 00:00,987.77,,FEET
SHA,D,6,RES ELE,2001-12-14 00:00,2001-12-14 00:00,988.37,,FEET
SHA,D,6,RES ELE,2001-12-15 00:00,2001-12-15 00:00,988.80,,FEET
SHA,D,6,RES ELE,2001-12-16 00:00,2001-12-16 00:00,989.25,,FEET
SHA,D,6,RES ELE,2001-12-17 00:00,2001-12-17 00:00,989.74,,FEET
SHA,D,6,RES ELE,2001-12-18 00:00,2001-12-18 00:00,990.42,,FEET
SHA,D,6,RES ELE,2001-12-19 00:00,2001-12-19 00:00,991.68,,FEET
SHA,D,6,RES ELE,2001-12-20 00:00,2001-12-20 00:00,993.24,,FEET
SHA,D,6,RES ELE,2001-12-21 00:00,2001-12-21 00:00,994.54,,FEET
SHA,D,6,RES ELE,2001-12-22 00:00,2001-12-22 00:00,996.27,,FEET
SHA,D,6,RES ELE,2001-12-23 00:00,2001-12-23 00:00,998.00,,FEET
SHA,D,6,RES ELE,2001-12-24 00:00,2001-12-24 00:00,999.19,,FEET
SHA,D,6,RES ELE,2001-12-25 00:00,2001-12-25 00:00,1000.15,,FEET
SHA,D,6,RES ELE,2001-12-26 00:00,2001-12-26 00:00,1000.96,,FEET
SHA,D,6,RES ELE,2001-12-27 00:00,2001-12-27 00:00,1001.84,,FEET
SHA,D,6,RES ELE,2001-12-28 00:00,2001-12-28 00:00,1002.93,,FEET
SHA,D,6,RES ELE,2001-12-29 00:00,2001-12-29 00:00,1004.09,,FEET
SHA,D,6,RES ELE,2001-12-30 00:00,2001-12-30 00:00,1005.47,,FEET
SHA,D,6,RES ELE,2001-12-31 00:00,2001-12-31 00:00,1007.12,,FEET
SHA,D,6,RES ELE,2002-01-01 00:00,2002-01-01 00:00,1008.76,,FEET
SHA,D,6,RES ELE,2002-01-02 00:00,2002-01-02 00:00,1013.40,,FEET
SHA,D,6,RES ELE,2002-01-03 00:00,2002-01-03 00:00,1015.75,,FEET
SHA,D,6,RES ELE,2002-01-04 00:00,2002-01-04 00:00,1016.92,,FEET
SHA,D,6,RES ELE,2002-01-05 00:00,2002-01-05 00:00,1018.07,,FEET
SHA,D,6,RES ELE,2002-01-06 00:00,2002-01-06 00:00,1019.21,,FEET
SHA,D,6,RES ELE,2002-01-07 00:00,2002-01-07 00:00,1020.27,,FEET
SHA,D,6,RES ELE,2002-01-08 00:00,2002-01-08 00:00,1021.31,,FEET
SHA,D,6,RES ELE,2002-01-09 00:00,2002-01-09 00:00,1022.06,,FEET
SHA,D,6,RES ELE,2002-01-10 00:00,2002-01-10 00:00,1022.66,,FEET
SHA,D,6,RES ELE,2002-01-11 00:00,2002-01-11 00:00,1023.23,,FEET
SHA,D,6,RES ELE,2002-01-12 00:00,2002-01-12 00:00,1023.87,,FEET
SHA,D,6,RES ELE,2002-01-13 00:00,2002-01-13 00:00,1024.12,,FEET
SHA,D,6,RES ELE,2002-01-14 00:00,2002-01-14 00:00,1024.58,,FEET
SHA,D,6,RES ELE,2002-01-15 00:00,2002-01-15 00:00,1025.08,,FEET
SHA,D,6,RES ELE,2002-01-16 00:00,2002-01-16 00:00,1025.56,,FEET
SHA,D,6,RES ELE,2002-01-17 00:00,2002-01-17 00:00,1025.91,,FEET
SHA,D,6,RES ELE,2002-01-18 00:00,2002-01-18 00:00,1026.24,,FEET
SHA,D,6,RES ELE,2002-01-19 00:00,2002-01-19 00:00,1026.57,,FEET
SHA,D,6,RES ELE,2002-01-20 00:00,2002-01-20 00:00,1026.85,,FEET
SHA,D,6,RES ELE,2002-01-21 00:00,2002-01-21 00:00,1027.17,,FEET
SHA,D,6,RES ELE,2002-01-22 00:00,2002-01-22 00:00,1027.49,,FEET
SHA,D,6,RES ELE,2002-01-23 00:00,2002-01-23 00:00,1027.70,,FEET
SHA,D,6,RES ELE,2002-01-24 00:00,2002-01-24 00:00,1027.90,,FEET
SHA,D,6,RES ELE,2002-01-25 00:00,2002-01-25 00:00,1028.08,,FEET
SHA,D,6,RES ELE,2002-01-26 00:00,2002-01-26 00:00,1028.39,,FEET
SHA,D,6,RES ELE,2002-01-27 00:00,2002-01-27 00:00,1028.70,,FEET
SHA,D,6,RES ELE,2002-01-28 00:00,2002-01-28 00:00,1028.84,,FEET
SHA,D,6,RES ELE,2002-01-29 00:00,2002-01-29 00:00,1029.03,,FEET
SHA,D,6,RES ELE,2002-01-30 00:00,2002-01-30 00:00,1029.20,,FEET
SHA,D,6,RES ELE,2002-01-31 00:00,2002-01-31 00:00,1029.33,,FEET
SHA,D,6,RES ELE,2002-02-01 00:00,2002-02-01 00:00,1029.56,,FEET
SHA,D,6,RES ELE,2002-02-02 00:00,2002-02-02 00:00,1029.77,,FEET
SHA,D,6,RES ELE,2002-02-03 00:00,2002-02-03 00:00,1029.93,,FEET
SHA,D,6,RES ELE,2002-02-04 00:00,2002-02-04 00:00,1030.04,,FEET
SHA,D,6,RES ELE,2002-02-05 00:00,2002-02-05 00:00,1030.18,,FEET
SHA,D,6,RES ELE,2002-02-06 00:00,2002-02-06 00:00,1030.26,,FEET
SHA,D,6,RES ELE,2002-02-07 00:00,2002-02-07 00:00,1030.70,,FEET
SHA,D,6,RES ELE,2002-02-08 00:00,2002-02-08 00:00,1031.25,,FEET
SHA,D,6,RES ELE,2002-02-09 00:00,2002-02-09 00:00,1031.74,,FEET
SHA,D,6,RES ELE,2002-02-10 00:00,2002-02-10 00:00,1032.05,,FEET
SHA,D,6,RES ELE,2002-02-11 00:00,2002-02-11 00:00,1032.38,,FEET
SHA,D,6,RES ELE,2002-02-12 00:00,2002-02-12 00:00,1032.60,,FEET
SHA,D,6,RES ELE,2002-02-13 00:00,2002-02-13 00:00,1032.85,,FEET
SHA,D,6,RES ELE,2002-02-14 00:00,2002-02-14 00:00,1033.12,,FEET
SHA,D,6,RES ELE,2002-02-15 00:00,2002-02-15 00:00,1033.41,,FEET
SHA,D,6,RES ELE,2002-02-16 00:00,2002-02-16 00:00,1033.75,,FEET
SHA,D,6,RES ELE,2002-02-17 00:00,2002-02-17 00:00,1034.04,,FEET
SHA,D,6,RES ELE,2002-02-18 00:00,2002-02-18 00:00,1034.33,,FEET
SHA,D,6,RES ELE,2002-02-19 00:00,2002-02-19 00:00,1035.13,,FEET
SHA,D,6,RES ELE,2002-02-20 00:00,2002-02-20 00:00,1036.39,,FEET
SHA,D,6,RES ELE,2002-02-21 00:00,2002-02-21 00:00,1037.39,,FEET
SHA,D,6,RES ELE,2002-02-22 00:00,2002-02-22 00:00,1038.38,,FEET
SHA,D,6,RES ELE,2002-02-23 00:00,2002-02-23 00:00,1039.29,,FEET
SHA,D,6,RES ELE,2002-02-24 00:00,2002-02-24 00:00,1040.12,,FEET
SHA,D,6,RES ELE,2002-02-25 00:00,2002-02-25 00:00,1040.61,,FEET
SHA,D,6,RES ELE,2002-02-26 00:00,2002-02-26 00:00,1041.05,,FEET
SHA,D,6,RES ELE,2002-02-27 00:00,2002-02-27 00:00,1041.47,,FEET
SHA,D,6,RES ELE,2002-02-28 00:00,2002-02-28 00:00,1041.77,,FEET
SHA,D,6,RES ELE,2002-03-01 00:00,2002-03-01 00:00,1042.01,,FEET
SHA,D,6,RES ELE,2002-03-02 00:00,2002-03-02 00:00,1042.29,,FEET
SHA,D,6,RES ELE,2002-03-03 00:00,2002-03-03 00:00,1042.59,,FEET
SHA,D,6,RES ELE,2002-03-04 00:00,2002-03-04 00:00,1042.74,,FEET
SHA,D,6,RES ELE,2002-03-05 00:00,2002-03-05 00:00,1042.89,,FEET
SHA,D,6,RES ELE,2002-03-06 00:00,2002-03-06 00:00,1043.24,,FEET
SHA,D,6,RES ELE,2002-03-07 00:00,2002-03-07 00:00,1043.71,,FEET
SHA,D,6,RES ELE,2002-03-08 00:00,2002-03-08 00:00,1044.12,,FEET
SHA,D,6,RES ELE,2002-03-09 00:00,2002-03-09 00:00,1044.43,,FEET
SHA,D,6,RES ELE,2002-03-10 00:00,2002-03-10 00:00,1044.91,,FEET
SHA,D,6,RES ELE,2002-03-11 00:00,2002-03-11 00:00,1045.36,,FEET
SHA,D,6,RES ELE,2002-03-12 00:00,2002-03-12 00:00,1045.73,,FEET
SHA,D,6,RES ELE,2002-03-13 00:00,2002-03-13 00:00,1046.08,,FEET
SHA,D,6,RES ELE,2002-03-14 00:00,2002-03-14 00:00,1046.47,,FEET
SHA,D,6,RES ELE,2002-03-15 00:00,2002-03-15 00:00,1046.83,,FEET
SHA,D,6,RES ELE,2002-03-16 00:00,2002-03-16 00:00,1047.18,,FEET
SHA,D,6,RES ELE,2002-03-17 00:00,2002-03-17 00:00,1047.57,,FEET
SHA,D,6,RES ELE,2002-03-18 00:00,2002-03-18 00:00,1047.80,,FEET
SHA,D,6,RES ELE,2002-03-19 00:00,2002-03-19 00:00,1047.95,,FEET
SHA,D,6,RES ELE,2002-03-20 00:00,2002-03-20 00:00,1048.08,,FEET
SHA,D,6,RES ELE,2002-03-21 00:00,2002-03-21 00:00,1048.21,,FEET
SHA,D,6,RES ELE,2002-03-22 00:00,2002-03-22 00:00,1048.54,,FEET
SHA,D,6,RES ELE,2002-03-23 00:00,2002-03-23 00:00,1049.22,,FEET
SHA,D,6,RES ELE,2002-03-24 00:00,2002-03-24 00:00,1049.73,,FEET
SHA,D,6,RES ELE,2002-03-25 00:00,2002-03-25 00:00,1050.14,,FEET
SHA,D,6,RES ELE,2002-03-26 00:00,2002-03-26 00:00,1050.54,,FEET
SHA,D,6,RES ELE,2002-03-27 00:00,2002-03-27 00:00,1050.88,,FEET
SHA,D,6,RES ELE,2002-03-28 00:00,2002-03-28 00:00,1051.31,,FEET
SHA,D,6,RES ELE,2002-03-29 00:00,2002-03-29 00:00,1051.75,,FEET
SHA,D,6,RES ELE,2002-03-30 00:00,2002-03-30 00:00,1052.25,,FEET
SHA,D,6,RES ELE,2002-03-31 00:00,2002-03-31 00:00,1052.62,,FEET
SHA,D,6,RES ELE,2002-04-01 00:00,2002-04-01 00:00,1052.81,,FEET
SHA,D,6,RES ELE,2002-04-02 00:00,2002-04-02 00:00,1053.07,,FEET
SHA,D,6,RES ELE,2002-04-03 00:00,2002-04-03 00:00,1053.35,,FEET
SHA,D,6,RES ELE,2002-04-04 00:00,2002-04-04 00:00,1053.76,,FEET
SHA,D,6,RES ELE,2002-04-05 00:00,2002-04-05 00:00,1054.18,,FEET
SHA,D,6,RES ELE,2002-04-06 00:00,2002-04-06 00:00,1054.59,,FEET
SHA,D,6,RES ELE,2002-04-07 00:00,2002-04-07 00:00,1055.01,,FEET
SHA,D,6,RES ELE,2002-04-08 00:00,2002-04-08 00:00,1055.30,,FEET
SHA,D,6,RES ELE,2002-04-09 00:00,2002-04-09 00:00,1055.66,,FEET
SHA,D,6,RES ELE,2002-04-10 00:00,2002-04-10 00:00,1056.00,,FEET
SHA,D,6,RES ELE,2002-04-11 00:00,2002-04-11 00:00,1056.34,,FEET
SHA,D,6,RES ELE,2002-04-12 00:00,2002-04-12 00:00,1056.76,,FEET
SHA,D,6,RES ELE,2002-04-13 00:00,2002-04-13 00:00,1057.11,,FEET
SHA,D,6,RES ELE,2002-04-14 00:00,2002-04-14 00:00,1057.52,,FEET
SHA,D,6,RES ELE,2002-04-15 00:00,2002-04-15 00:00,1057.70,,FEET
SHA,D,6,RES ELE,2002-04-16 00:00,2002-04-16 00:00,1057.94,,FEET
SHA,D,6,RES ELE,2002-04-17 00:00,2002-04-17 00:00,1058.11,,FEET
SHA,D,6,RES ELE,2002-04-18 00:00,2002-04-18 00:00,1058.27,,FEET
SHA,D,6,RES ELE,2002-04-19 00:00,2002-04-19 00:00,1058.38,,FEET
SHA,D,6,RES ELE,2002-04-20 00:00,2002-04-20 00:00,1058.46,,FEET
SHA,D,6,RES ELE,2002-04-21 00:00,2002-04-21 00:00,1058.66,,FEET
SHA,D,6,RES ELE,2002-04-22 00:00,2002-04-22 00:00,1058.67,,FEET
SHA,D,6,RES ELE,2002-04-23 00:00,2002-04-23 00:00,1058.68,,FEET
SHA,D,6,RES ELE,2002-04-24 00:00,2002-04-24 00:00,1058.69,,FEET
SHA,D,6,RES ELE,2002-04-25 00:00,2002-04-25 00:00,1058.63,,FEET
SHA,D,6,RES ELE,2002-04-26 00:00,2002-04-26 00:00,1058.61,,FEET
SHA,D,6,RES ELE,2002-04-27 00:00,2002-04-27 00:00,1058.52,,FEET
SHA,D,6,RES ELE,2002-04-28 00:00,2002-04-28 00:00,1058.42,,FEET
SHA,D,6,RES ELE,2002-04-29 00:00,2002-04-29 00:00,1058.31,,FEET
SHA,D,6,RES ELE,2002-04-30 00:00,2002-04-30 00:00,1058.27,,FEET
SHA,D,6,RES ELE,2002-05-01 00:00,2002-05-01 00:00,1058.30,,FEET
SHA,D,6,RES ELE,2002-05-02 00:00,2002-05-02 00:00,1058.15,,FEET
SHA,D,6,RES ELE,2002-05-03 00:00,2002-05-03 00:00,1058.08,,FEET
SHA,D,6,RES ELE,2002-05-04 00:00,2002-05-04 00:00,1057.93,,FEET
SHA,D,6,RES ELE,2002-05-05 00:00,2002-05-05 00:00,1057.80,,FEET
SHA,D,6,RES ELE,2002-05-06 00:00,2002-05-06 00:00,1057.66,,FEET
SHA,D,6,RES ELE,2002-05-07 00:00,2002-05-07 00:00,1057.48,,FEET
SHA,D,6,RES ELE,2002-05-08 00:00,2002-05-08 00:00,1057.24,,FEET
SHA,D,6,RES ELE,2002-05-09 00:00,2002-05-09 00:00,1057.14,,FEET
SHA,D,6,RES ELE,2002-05-10 00:00,2002-05-10 00:00,1057.03,,FEET
SHA,D,6,RES ELE,2002-05-11 00:00,2002-05-11 00:00,1056.98,,FEET
SHA,D,6,RES ELE,2002-05-12 00:00,2002-05-12 00:00,1056.91,,FEET
SHA,D,6,RES ELE,2002-05-13 00:00,2002-05-13 00:00,1056.67,,FEET
SHA,D,6,RES ELE,2002-05-14 00:00,2002-05-14 00:00,1056.36,,FEET
SHA,D,6,RES ELE,2002-05-15 00:00,2002-05-15 00:00,1056.13,,FEET
SHA,D,6,RES ELE,2002-05-16 00:00,2002-05-16 00:00,1055.81,,FEET
SHA,D,6,RES ELE,2002-05-17 00:00,2002-05-17 00:00,1055.48,,FEET
SHA,D,6,RES ELE,2002-05-18 00:00,2002-05-18 00:00,1055.23,,FEET
SHA,D,6,RES ELE,2002-05-19 00:00,2002-05-19 00:00,1055.21,,FEET
SHA,D,6,RES ELE,2002-05-20 00:00,2002-05-20 00:00,1055.04,,FEET
SHA,D,6,RES ELE,2002-05-21 00:00,2002-05-21 00:00,1054.98,,FEET
SHA,D,6,RES ELE,2002-05-22 00:00,2002-05-22 00:00,1054.75,,FEET
SHA,D,6,RES ELE,2002-05-23 00:00,2002-05-23 00:00,1054.52,,FEET
SHA,D,6,RES ELE,2002-05-24 00:00,2002-05-24 00:00,1054.21,,FEET
SHA,D,6,RES ELE,2002-05-25 00:00,2002-05-25 00:00,1053.92,,FEET
SHA,D,6,RES ELE,2002-05-26 00:00,2002-05-26 00:00,1053.46,,FEET
SHA,D,6,RES ELE,2002-05-27 00:00,2002-05-27 00:00,1053.10,,FEET
SHA,D,6,RES ELE,2002-05-28 00:00,2002-05-28 00:00,1052.87,,FEET
SHA,D,6,RES ELE,2002-05-29 00:00,2002-05-29 00:00,1052.60,,FEET
SHA,D,6,RES ELE,2002-05-30 00:00,2002-05-30 00:00,1052.39,,FEET
SHA,D,6,RES ELE,2002-05-31 00:00,2002-05-31 00:00,1052.11,,FEET
SHA,D,6,RES ELE,2002-06-01 00:00,2002-06-01 00:00,1051.81,,FEET
SHA,D,6,RES ELE,2002-06-02 00:00,2002-06-02 00:00,1051.41,,FEET
SHA,D,6,RES ELE,2002-06-03 00:00,2002-06-03 00:00,1051.10,,FEET
SHA,D,6,RES ELE,2002-06-04 00:00,2002-06-04 00:00,1050.78,,FEET
SHA,D,6,RES ELE,2002-06-05 00:00,2002-06-05 00:00,1050.46,,FEET
SHA,D,6,RES ELE,2002-06-06 00:00,2002-06-06 00:00,1050.08,,FEET
SHA,D,6,RES ELE,2002-06-07 00:00,2002-06-07 00:00,1049.67,,FEET
SHA,D,6,RES ELE,2002-06-08 00:00,2002-06-08 00:00,1049.16,,FEET
SHA,D,6,RES ELE,2002-06-09 00:00,2002-06-09 00:00,1048.66,,FEET
SHA,D,6,RES ELE,2002-06-10 00:00,2002-06-10 00:00,1048.26,,FEET
SHA,D,6,RES ELE,2002-06-11 00:00,2002-06-11 00:00,1047.86,,FEET
SHA,D,6,RES ELE,2002-06-12 00:00,2002-06-12 00:00,1047.40,,FEET
SHA,D,6,RES ELE,2002-06-13 00:00,2002-06-13 00:00,1046.93,,FEET
SHA,D,6,RES ELE,2002-06-14 00:00,2002-06-14 00:00,1046.30,,FEET
SHA,D,6,RES ELE,2002-06-15 00:00,2002-06-15 00:00,1045.67,,FEET
SHA,D,6,RES ELE,2002-06-16 00:00,2002-06-16 00:00,1045.00,,FEET
SHA,D,6,RES ELE,2002-06-17 00:00,2002-06-17 00:00,1044.40,,FEET
SHA,D,6,RES ELE,2002-06-18 00:00,2002-06-18 00:00,1043.77,,FEET
SHA,D,6,RES ELE,2002-06-19 00:00,2002-06-19 00:00,1043.12,,FEET
SHA,D,6,RES ELE,2002-06-20 00:00,2002-06-20 00:00,1042.52,,FEET
SHA,D,6,RES ELE,2002-06-21 00:00,2002-06-21 00:00,1041.84,,FEET
SHA,D,6,RES ELE,2002-06-22 00:00,2002-06-22 00:00,1041.12,,FEET
SHA,D,6,RES ELE,2002-06-23 00:00,2002-06-23 00:00,1040.44,,FEET
SHA,D,6,RES ELE,2002-06-24 00:00,2002-06-24 00:00,1039.80,,FEET
SHA,D,6,RES ELE,2002-06-25 00:00,2002-06-25 00:00,1039.11,,FEET
SHA,D,6,RES ELE,2002-06-26 00:00,2002-06-26 00:00,1038.43,,FEET
SHA,D,6,RES ELE,2002-06-27 00:00,2002-06-27 00:00,1037.74,,FEET
SHA,D,6,RES ELE,2002-06-28 00:00,2002-06-28 00:00,1037.00,,FEET
SHA,D,6,RES ELE,2002-06-29 00:00,2002-06-29 00:00,1036.40,,FEET
SHA,D,6,RES ELE,2002-06-30 00:00,2002-06-30 00:00,1035.67,,FEET
SHA,D,6,RES ELE,2002-07-01 00:00,2002-07-01 00:00,1035.01,,FEET
SHA,D,6,RES ELE,2002-07-02 00:00,2002-07-02 00:00,1034.38,,FEET
SHA,D,6,RES ELE,2002-07-03 00:00,2002-07-03 00:00,1033.75,,FEET
SHA,D,6,RES ELE,2002-07-04 00:00,2002-07-04 00:00,1032.99,,FEET
SHA,D,6,RES ELE,2002-07-05 00:00,2002-07-05 00:00,1032.29,,FEET
SHA,D,6,RES ELE,2002-07-06 00:00,2002-07-06 00:00,1031.55,,FEET
SHA,D,6,RES ELE,2002-07-07 00:00,2002-07-07 00:00,1030.86,,FEET
SHA,D,6,RES ELE,2002-07-08 00:00,2002-07-08 00:00,1030.23,,FEET
SHA,D,6,RES ELE,2002-07-09 00:00,2002-07-09 00:00,1029.59,,FEET
SHA,D,6,RES ELE,2002-07-10 00:00,2002-07-10 00:00,1028.95,,FEET
SHA,D,6,RES ELE,2002-07-11 00:00,2002-07-11 00:00,1028.15,,FEET
SHA,D,6,RES ELE,2002-07-12 00:00,2002-07-12 00:00,1027.36,,FEET
SHA,D,6,RES ELE,2002-07-13 00:00,2002-07-13 00:00,1026.62,,FEET
SHA,D,6,RES ELE,2002-07-14 00:00,2002-07-14 00:00,1025.79,,FEET
SHA,D,6,RES ELE,2002-07-15 00:00,2002-07-15 00:00,1025.03,,FEET
SHA,D,6,RES ELE,2002-07-16 00:00,2002-07-16 00:00,1024.24,,FEET
SHA,D,6,RES ELE,2002-07-17 00:00,2002-07-17 00:00,1023.46,,FEET
SHA,D,6,RES ELE,2002-07-18 00:00,2002-07-18 00:00,1022.68,,FEET
SHA,D,6,RES ELE,2002-07-19 00:00,2002-07-19 00:00,1021.88,,FEET
SHA,D,6,RES ELE,2002-07-20 00:00,2002-07-20 00:00,1021.05,,FEET
SHA,D,6,RES ELE,2002-07-21 00:00,2002-07-21 00:00,1020.14,,FEET
SHA,D,6,RES ELE,2002-07-22 00:00,2002-07-22 00:00,1019.36,,FEET
SHA,D,6,RES ELE,2002-07-23 00:00,2002-07-23 00:00,1018.54,,FEET
SHA,D,6,RES ELE,2002-07-24 00:00,2002-07-24 00:00,1017.76,,FEET
SHA,D,6,RES ELE,2002-07-25 00:00,2002-07-25 00:00,1016.97,,FEET
SHA,D,6,RES ELE,2002-07-26 00:00,2002-07-26 00:00,1016.16,,FEET
SHA,D,6,RES ELE,2002-07-27 00:00,2002-07-27 00:00,1015.28,,FEET
SHA,D,6,RES ELE,2002-07-28 00:00,2002-07-28 00:00,1014.44,,FEET
SHA,D,6,RES ELE,2002-07-29 00:00,2002-07-29 00:00,1013.66,,FEET
SHA,D,6,RES ELE,2002-07-30 00:00,2002-07-30 00:00,1012.90,,FEET
SHA,D,6,RES ELE,2002-07-31 00:00,2002-07-31 00:00,1012.22,,FEET
SHA,D,6,RES ELE,2002-08-01 00:00,2002-08-01 00:00,1011.55,,FEET
SHA,D,6,RES ELE,2002-08-02 00:00,2002-08-02 00:00,1010.84,,FEET
SHA,D,6,RES ELE,2002-08-03 00:00,2002-08-03 00:00,1010.08,,FEET
SHA,D,6,RES ELE,2002-08-04 00:00,2002-08-04 00:00,1009.38,,FEET
SHA,D,6,RES ELE,2002-08-05 00:00,2002-08-05 00:00,1008.67,,FEET
SHA,D,6,RES ELE,2002-08-06 00:00,2002-08-06 00:00,1007.94,,FEET
SHA,D,6,RES ELE,2002-08-07 00:00,2002-08-07 00:00,1007.29,,FEET
SHA,D,6,RES ELE,2002-08-08 00:00,2002-08-08 00:00,1006.66,,FEET
SHA,D,6,RES ELE,2002-08-09 00:00,2002-08-09 00:00,1006.10,,FEET
SHA,D,6,RES ELE,2002-08-10 00:00,2002-08-10 00:00,1005.52,,FEET
SHA,D,6,RES ELE,2002-08-11 00:00,2002-08-11 00:00,1004.91,,FEET
SHA,D,6,RES ELE,2002-08-12 00:00,2002-08-12 00:00,1004.28,,FEET
SHA,D,6,RES ELE,2002-08-13 00:00,2002-08-13 00:00,1003.67,,FEET
SHA,D,6,RES ELE,2002-08-14 00:00,2002-08-14 00:00,1003.03,,FEET
SHA,D,6,RES ELE,2002-08-15 00:00,2002-08-15 00:00,1002.45,,FEET
SHA,D,6,RES ELE,2002-08-16 00:00,2002-08-16 00:00,1001.92,,FEET
SHA,D,6,RES ELE,2002-08-17 00:00,2002-08-17 00:00,1001.41,,FEET
SHA,D,6,RES ELE,2002-08-18 00:00,2002-08-18 00:00,1000.84,,FEET
SHA,D,6,RES ELE,2002-08-19 00:00,2002-08-19 00:00,1000.29,,FEET
SHA,D,6,RES ELE,2002-08-20 00:00,2002-08-20 00:00,999.77,,FEET
SHA,D,6,RES ELE,2002-08-21 00:00,2002-08-21 00:00,999.33,,FEET
SHA,D,6,RES ELE,2002-08-22 00:00,2002-08-22 00:00,998.96,,FEET
SHA,D,6,RES ELE,2002-08-23 00:00,2002-08-23 00:00,998.73,,FEET
SHA,D,6,RES ELE,2002-08-24 00:00,2002-08-24 00:00,998.54,,FEET
SHA,D,6,RES ELE,2002-08-25 00:00,2002-08-25 00:00,998.35,,FEET
SHA,D,6,RES ELE,2002-08-26 00:00,2002-08-26 00:00,998.16,,FEET
SHA,D,6,RES ELE,2002-08-27 00:00,2002-08-27 00:00,997.83,,FEET
SHA,D,6,RES ELE,2002-08-28 00:00,2002-08-28 00:00,997.54,,FEET
SHA,D,6,RES ELE,2002-08-29 00:00,2002-08-29 00:00,997.25,,FEET
SHA,D,6,RES ELE,2002-08-30 00:00,2002-08-30 00:00,997.04,,FEET
SHA,D,6,RES ELE,2002-08-31 00:00,2002-08-31 00:00,996.75,,FEET
SHA,D,6,RES ELE,2002-09-01 00:00,2002-09-01 00:00,996.59,,FEET
SHA,D,6,RES ELE,2002-09-02 00:00,2002-09-02 00:00,996.42,,FEET
SHA,D,6,RES ELE,2002-09-03 00:00,2002-09-03 00:00,996.26,,FEET
SHA,D,6,RES ELE,2002-09-04 00:00,2002-09-04 00:00,996.16,,FEET
SHA,D,6,RES ELE,2002-09-05 00:00,2002-09-05 00:00,995.88,,FEET
SHA,D,6,RES ELE,2002-09-06 00:00,2002-09-06 00:00,995.48,,FEET
SHA,D,6,RES ELE,2002-09-07 00:00,2002-09-07 00:00,995.11,,FEET
SHA,D,6,RES ELE,2002-09-08 00:00,2002-09-08 00:00,994.76,,FEET
SHA,D,6,RES ELE,2002-09-09 00:00,2002-09-09 00:00,994.49,,FEET
SHA,D,6,RES ELE,2002-09-10 00:00,2002-09-10 00:00,994.18,,FEET
SHA,D,6,RES ELE,2002-09-11 00:00,2002-09-11 00:00,993.84,,FEET
SHA,D,6,RES ELE,2002-09-12 00:00,2002-09-12 00:00,993.51,,FEET
SHA,D,6,RES ELE,2002-09-13 00:00,2002-09-13 00:00,993.22,,FEET
SHA,D,6,RES ELE,2002-09-14 00:00,2002-09-14 00:00,992.77,,FEET
SHA,D,6,RES ELE,2002-09-15 00:00,2002-09-15 00:00,992.35,,FEET
SHA,D,6,RES ELE,2002-09-16 00:00,2002-09-16 00:00,992.10,,FEET
SHA,D,6,RES ELE,2002-09-17 00:00,2002-09-17 00:00,991.77,,FEET
SHA,D,6,RES ELE,2002-09-18 00:00,2002-09-18 00:00,991.48,,FEET
SHA,D,6,RES ELE,2002-09-19 00:00,2002-09-19 00:00,991.26,,FEET
SHA,D,6,RES ELE,2002-09-20 00:00,2002-09-20 00:00,991.08,,FEET
SHA,D,6,RES ELE,2002-09-21 00:00,2002-09-21 00:00,990.53,,FEET
SHA,D,6,RES ELE,2002-09-22 00:00,2002-09-22 00:00,990.05,,FEET
SHA,D,6,RES ELE,2002-09-23 00:00,2002-09-23 00:00,989.68,,FEET
SHA,D,6,RES ELE,2002-09-24 00:00,2002-09-24 00:00,989.26,,FEET
SHA,D,6,RES ELE,2002-09-25 00:00,2002-09-25 00:00,988.90,,FEET
SHA,D,6,RES ELE,2002-09-26 00:00,2002-09-26 00:00,988.59,,FEET
SHA,D,6,RES ELE,2002-09-27 00:00,2002-09-27 00:00,988.27,,FEET
SHA,D,6,RES ELE,2002-09-28 00:00,2002-09-28 00:00,987.86,,FEET
SHA,D,6,RES ELE,2002-09-29 00:00,2002-09-29 00:00,987.56,,FEET
SHA,D,6,RES ELE,2002-09-30 00:00,2002-09-30 00:00,987.14,,FEET
SHA,D,6,RES ELE,2002-10-01 00:00,2002-10-01 00:00,986.97,,FEET
SHA,D,6,RES ELE,2002-10-02 00:00,2002-10-02 00:00,986.94,,FEET
SHA,D,6,RES ELE,2002-10-03 00:00,2002-10-03 00:00,986.96,,FEET
SHA,D,6,RES ELE,2002-10-04 00:00,2002-10-04 00:00,987.04,,FEET
SHA,D,6,RES ELE,2002-10-05 00:00,2002-10-05 00:00,986.87,,FEET
SHA,D,6,RES ELE,2002-10-06 00:00,2002-10-06 00:00,986.73,,FEET
SHA,D,6,RES ELE,2002-10-07 00:00,2002-10-07 00:00,986.56,,FEET
SHA,D,6,RES ELE,2002-10-08 00:00,2002-10-08 00:00,986.36,,FEET
SHA,D,6,RES ELE,2002-10-09 00:00,2002-10-09 00:00,986.05,,FEET
SHA,D,6,RES ELE,2002-10-10 00:00,2002-10-10 00:00,985.85,,FEET
SHA,D,6,RES ELE,2002-10-11 00:00,2002-10-11 00:00,985.66,,FEET
SHA,D,6,RES ELE,2002-10-12 00:00,2002-10-12 00:00,985.46,,FEET
SHA,D,6,RES ELE,2002-10-13 00:00,2002-10-13 00:00,985.31,,FEET
SHA,D,6,RES ELE,2002-10-14 00:00,2002-10-14 00:00,985.19,,FEET
SHA,D,6,RES ELE,2002-10-15 00:00,2002-10-15 00:00,985.12,,FEET
SHA,D,6,RES ELE,2002-10-16 00:00,2002-10-16 00:00,985.00,,FEET
SHA,D,6,RES ELE,2002-10-17 00:00,2002-10-17 00:00,984.82,,FEET
SHA,D,6,RES ELE,2002-10-18 00:00,2002-10-18 00:00,984.66,,FEET
SHA,D,6,RES ELE,2002-10-19 00:00,2002-10-19 00:00,984.50,,FEET
SHA,D,6,RES ELE,2002-10-20 00:00,2002-10-20 00:00,984.29,,FEET
SHA,D,6,RES ELE,2002-10-21 00:00,2002-10-21 00:00,983.81,,FEET
SHA,D,6,RES ELE,2002-10-22 00:00,2002-10-22 00:00,983.40,,FEET
SHA,D,6,RES ELE,2002-10-23 00:00,2002-10-23 00:00,983.12,,FEET
SHA,D,6,RES ELE,2002-10-24 00:00,2002-10-24 00:00,982.78,,FEET
SHA,D,6,RES ELE,2002-10-25 00:00,2002-10-25 00:00,982.27,,FEET
SHA,D,6,RES ELE,2002-10-26 00:00,2002-10-26 00:00,981.64,,FEET
SHA,D,6,RES ELE,2002-10-27 00:00,2002-10-27 00:00,981.25,,FEET
SHA,D,6,RES ELE,2002-10-28 00:00,2002-10-28 00:00,981.00,,FEET
SHA,D,6,RES ELE,2002-10-29 00:00,2002-10-29 00:00,980.68,,FEET
SHA,D,6,RES ELE,2002-10-30 00:00,2002-10-30 00:00,980.26,,FEET
SHA,D,6,RES ELE,2002-10-31 00:00,2002-10-31 00:00,979.90,,FEET
SHA,D,6,RES ELE,2002-11-01 00:00,2002-11-01 00:00,979.46,,FEET
SHA,D,6,RES ELE,2002-11-02 00:00,2002-11-02 00:00,979.10,,FEET
SHA,D,6,RES ELE,2002-11-03 00:00,2002-11-03 00:00,978.70,,FEET
SHA,D,6,RES ELE,2002-11-04 00:00,2002-11-04 00:00,978.48,,FEET
SHA,D,6,RES ELE,2002-11-05 00:00,2002-11-05 00:00,978.25,,FEET
SHA,D,6,RES ELE,2002-11-06 00:00,2002-11-06 00:00,978.25,,FEET
SHA,D,6,RES ELE,2002-11-07 00:00,2002-11-07 00:00,978.74,,FEET
SHA,D,6,RES ELE,2002-11-08 00:00,2002-11-08 00:00,978.86,,FEET
SHA,D,6,RES ELE,2002-11-09 00:00,2002-11-09 00:00,978.78,,FEET
SHA,D,6,RES ELE,2002-11-10 00:00,2002-11-10 00:00,978.64,,FEET
SHA,D,6,RES ELE,2002-11-11 00:00,2002-11-11 00:00,978.45,,FEET
SHA,D,6,RES ELE,2002-11-12 00:00,2002-11-12 00:00,978.30,,FEET
SHA,D,6,RES ELE,2002-11-13 00:00,2002-11-13 00:00,978.16,,FEET
SHA,D,6,RES ELE,2002-11-14 00:00,2002-11-14 00:00,978.09,,FEET
SHA,D,6,RES ELE,2002-11-15 00:00,2002-11-15 00:00,977.95,,FEET
SHA,D,6,RES ELE,2002-11-16 00:00,2002-11-16 00:00,977.83,,FEET
SHA,D,6,RES ELE,2002-11-17 00:00,2002-11-17 00:00,977.70,,FEET
SHA,D,6,RES ELE,2002-11-18 00:00,2002-11-18 00:00,977.57,,FEET
SHA,D,6,RES ELE,2002-11-19 00:00,2002-11-19 00:00,977.45,,FEET
SHA,D,6,RES ELE,2002-11-20 00:00,2002-11-20 00:00,977.38,,FEET
SHA,D,6,RES ELE,2002-11-21 00:00,2002-11-21 00:00,977.22,,FEET
SHA,D,6,RES ELE,2002-11-22 00:00,2002-11-22 00:00,977.02,,FEET
SHA,D,6,RES ELE,2002-11-23 00:00,2002-11-23 00:00,976.88,,FEET
SHA,D,6,RES ELE,2002-11-24 00:00,2002-11-24 00:00,976.82,,FEET
SHA,D,6,RES ELE,2002-11-25 00:00,2002-11-25 00:00,976.69,,FEET
SHA,D,6,RES ELE,2002-11-26 00:00,2002-11-26 00:00,976.53,,FEET
SHA,D,6,RES ELE,2002-11-27 00:00,2002-11-27 00:00,976.38,,FEET
SHA,D,6,RES ELE,2002-11-28 00:00,2002-11-28 00:00,976.13,,FEET
SHA,D,6,RES ELE,2002-11-29 00:00,2002-11-29 00:00,975.96,,FEET
SHA,D,6,RES ELE,2002-11-30 00:00,2002-11-30 00:00,975.80,,FEET
SHA,D,6,RES ELE,2002-12-01 00:00,2002-12-01 00:00,975.66,,FEET
SHA,D,6,RES ELE,2002-12-02 00:00,2002-12-02 00:00,975.50,,FEET
SHA,D,6,RES ELE,2002-12-03 00:00,2002-12-03 00:00,975.33,,FEET
SHA,D,6,RES ELE,2002-12-04 00:00,2002-12-04 00:00,975.20,,FEET
SHA,D,6,RES ELE,2002-12-05 00:00,2002-12-05 00:00,975.03,,FEET
SHA,D,6,RES ELE,2002-12-06 00:00,2002-12-06 00:00,974.94,,FEET
SHA,D,6,RES ELE,2002-12-07 00:00,2002-12-07 00:00,974.83,,FEET
SHA,D,6,RES ELE,2002-12-08 00:00,2002-12-08 00:00,974.73,,FEET
SHA,D,6,RES ELE,2002-12-09 00:00,2002-12-09 00:00,974.61,,FEET
SHA,D,6,RES ELE,2002-12-10 00:00,2002-12-10 00:00,974.51,,FEET
SHA,D,6,RES ELE,2002-12-11 00:00,2002-12-11 00:00,974.38,,FEET
SHA,D,6,RES ELE,2002-12-12 00:00,2002-12-12 00:00,974.36,,FEET
SHA,D,6,RES ELE,2002-12-13 00:00,2002-12-13 00:00,975.15,,FEET
SHA,D,6,RES ELE,2002-12-14 00:00,2002-12-14 00:00,978.51,,FEET
SHA,D,6,RES ELE,2002-12-15 00:00,2002-12-15 00:00,981.44,,FEET
SHA,D,6,RES ELE,2002-12-16 00:00,2002-12-16 00:00,986.20,,FEET
SHA,D,6,RES ELE,2002-12-17 00:00,2002-12-17 00:00,987.88,,FEET
SHA,D,6,RES ELE,2002-12-18 00:00,2002-12-18 00:00,989.04,,FEET
SHA,D,6,RES ELE,2002-12-19 00:00,2002-12-19 00:00,990.00,,FEET
SHA,D,6,RES ELE,2002-12-20 00:00,2002-12-20 00:00,992.16,,FEET
SHA,D,6,RES ELE,2002-12-21 00:00,2002-12-21 00:00,994.09,,FEET
SHA,D,6,RES ELE,2002-12-22 00:00,2002-12-22 00:00,995.16,,FEET
SHA,D,6,RES ELE,2002-12-23 00:00,2002-12-23 00:00,995.85,,FEET
SHA,D,6,RES ELE,2002-12-24 00:00,2002-12-24 00:00,996.38,,FEET
SHA,D,6,RES ELE,2002-12-25 00:00,2002-12-25 00:00,996.77,,FEET
SHA,D,6,RES ELE,2002-12-26 00:00,2002-12-26 00:00,997.14,,FEET
SHA,D,6,RES ELE,2002-12-27 00:00,2002-12-27 00:00,999.93,,FEET
SHA,D,6,RES ELE,2002-12-28 00:00,2002-12-28 00:00,1007.11,,FEET
SHA,D,6,RES ELE,2002-12-29 00:00,2002-12-29 00:00,1010.88,,FEET
SHA,D,6,RES ELE,2002-12-30 00:00,2002-12-30 00:00,1013.83,,FEET
SHA,D,6,RES ELE,2002-12-31 00:00,2002-12-31 00:00,1017.34,,FEET
SHA,D,6,RES ELE,2003-01-01 00:00,2003-01-01 00:00,1018.79,,FEET
SHA,D,6,RES ELE,2003-01-02 00:00,2003-01-02 00:00,1019.49,,FEET
SHA,D,6,RES ELE,2003-01-03 00:00,2003-01-03 00:00,1019.72,,FEET
SHA,D,6,RES ELE,2003-01-04 00:00,2003-01-04 00:00,1019.92,,FEET
SHA,D,6,RES ELE,2003-01-05 00:00,2003-01-05 00:00,1020.05,,FEET
SHA,D,6,RES ELE,2003-01-06 00:00,2003-01-06 00:00,1020.14,,FEET
SHA,D,6,RES ELE,2003-01-07 00:00,2003-01-07 00:00,1020.41,,FEET
SHA,D,6,RES ELE,2003-01-08 00:00,2003-01-08 00:00,1020.53,,FEET
SHA,D,6,RES ELE,2003-01-09 00:00,2003-01-09 00:00,1020.83,,FEET
SHA,D,6,RES ELE,2003-01-10 00:00,2003-01-10 00:00,1021.43,,FEET
SHA,D,6,RES ELE,2003-01-11 00:00,2003-01-11 00:00,1022.42,,FEET
SHA,D,6,RES ELE,2003-01-12 00:00,2003-01-12 00:00,1024.32,,FEET
SHA,D,6,RES ELE,2003-01-13 00:00,2003-01-13 00:00,1026.79,,FEET
SHA,D,6,RES ELE,2003-01-14 00:00,2003-01-14 00:00,1028.99,,FEET
SHA,D,6,RES ELE,2003-01-15 00:00,2003-01-15 00:00,1030.38,,FEET
SHA,D,6,RES ELE,2003-01-16 00:00,2003-01-16 00:00,1031.18,,FEET
SHA,D,6,RES ELE,2003-01-17 00:00,2003-01-17 00:00,1031.53,,FEET
SHA,D,6,RES ELE,2003-01-18 00:00,2003-01-18 00:00,1031.69,,FEET
SHA,D,6,RES ELE,2003-01-19 00:00,2003-01-19 00:00,1031.67,,FEET
SHA,D,6,RES ELE,2003-01-20 00:00,2003-01-20 00:00,1031.55,,FEET
SHA,D,6,RES ELE,2003-01-21 00:00,2003-01-21 00:00,1031.48,,FEET
SHA,D,6,RES ELE,2003-01-22 00:00,2003-01-22 00:00,1031.71,,FEET
SHA,D,6,RES ELE,2003-01-23 00:00,2003-01-23 00:00,1031.82,,FEET
SHA,D,6,RES ELE,2003-01-24 00:00,2003-01-24 00:00,1031.75,,FEET
SHA,D,6,RES ELE,2003-01-25 00:00,2003-01-25 00:00,1031.46,,FEET
SHA,D,6,RES ELE,2003-01-26 00:00,2003-01-26 00:00,1031.17,,FEET
SHA,D,6,RES ELE,2003-01-27 00:00,2003-01-27 00:00,1030.91,,FEET
SHA,D,6,RES ELE,2003-01-28 00:00,2003-01-28 00:00,1030.53,,FEET
SHA,D,6,RES ELE,2003-01-29 00:00,2003-01-29 00:00,1030.31,,FEET
SHA,D,6,RES ELE,2003-01-30 00:00,2003-01-30 00:00,1030.29,,FEET
SHA,D,6,RES ELE,2003-01-31 00:00,2003-01-31 00:00,1030.13,,FEET
SHA,D,6,RES ELE,2003-02-01 00:00,2003-02-01 00:00,1030.10,,FEET
SHA,D,6,RES ELE,2003-02-02 00:00,2003-02-02 00:00,1030.30,,FEET
SHA,D,6,RES ELE,2003-02-03 00:00,2003-02-03 00:00,1030.62,,FEET
SHA,D,6,RES ELE,2003-02-04 00:00,2003-02-04 00:00,1030.79,,FEET
SHA,D,6,RES ELE,2003-02-05 00:00,2003-02-05 00:00,1030.96,,FEET
SHA,D,6,RES ELE,2003-02-06 00:00,2003-02-06 00:00,1031.31,,FEET
SHA,D,6,RES ELE,2003-02-07 00:00,2003-02-07 00:00,1031.64,,FEET
SHA,D,6,RES ELE,2003-02-08 00:00,2003-02-08 00:00,1032.03,,FEET
SHA,D,6,RES ELE,2003-02-09 00:00,2003-02-09 00:00,1032.41,,FEET
SHA,D,6,RES ELE,2003-02-10 00:00,2003-02-10 00:00,1032.61,,FEET
SHA,D,6,RES ELE,2003-02-11 00:00,2003-02-11 00:00,1032.27,,FEET
SHA,D,6,RES ELE,2003-02-12 00:00,2003-02-12 00:00,1031.95,,FEET
SHA,D,6,RES ELE,2003-02-13 00:00,2003-02-13 00:00,1031.67,,FEET
SHA,D,6,RES ELE,2003-02-14 00:00,2003-02-14 00:00,1031.40,,FEET
SHA,D,6,RES ELE,2003-02-15 00:00,2003-02-15 00:00,1031.31,,FEET
SHA,D,6,RES ELE,2003-02-16 00:00,2003-02-16 00:00,1031.58,,FEET
SHA,D,6,RES ELE,2003-02-17 00:00,2003-02-17 00:00,1031.97,,FEET
SHA,D,6,RES ELE,2003-02-18 00:00,2003-02-18 00:00,1032.19,,FEET
SHA,D,6,RES ELE,2003-02-19 00:00,2003-02-19 00:00,1031.98,,FEET
SHA,D,6,RES ELE,2003-02-20 00:00,2003-02-20 00:00,1031.88,,FEET
SHA,D,6,RES ELE,2003-02-21 00:00,2003-02-21 00:00,1031.74,,FEET
SHA,D,6,RES ELE,2003-02-22 00:00,2003-02-22 00:00,1031.65,,FEET
SHA,D,6,RES ELE,2003-02-23 00:00,2003-02-23 00:00,1031.64,,FEET
SHA,D,6,RES ELE,2003-02-24 00:00,2003-02-24 00:00,1031.66,,FEET
SHA,D,6,RES ELE,2003-02-25 00:00,2003-02-25 00:00,1031.66,,FEET
SHA,D,6,RES ELE,2003-02-26 00:00,2003-02-26 00:00,1031.72,,FEET
SHA,D,6,RES ELE,2003-02-27 00:00,2003-02-27 00:00,1031.81,,FEET
SHA,D,6,RES ELE,2003-02-28 00:00,2003-02-28 00:00,1032.00,,FEET
SHA,D,6,RES ELE,2003-03-01 00:00,2003-03-01 00:00,1032.11,,FEET
SHA,D,6,RES ELE,2003-03-02 00:00,2003-03-02 00:00,1032.26,,FEET
SHA,D,6,RES ELE,2003-03-03 00:00,2003-03-03 00:00,1032.35,,FEET
SHA,D,6,RES ELE,2003-03-04 00:00,2003-03-04 00:00,1032.49,,FEET
SHA,D,6,RES ELE,2003-03-05 00:00,2003-03-05 00:00,1032.64,,FEET
SHA,D,6,RES ELE,2003-03-06 00:00,2003-03-06 00:00,1032.80,,FEET
SHA,D,6,RES ELE,2003-03-07 00:00,2003-03-07 00:00,1032.95,,FEET
SHA,D,6,RES ELE,2003-03-08 00:00,2003-03-08 00:00,1033.05,,FEET
SHA,D,6,RES ELE,2003-03-09 00:00,2003-03-09 00:00,1033.19,,FEET
SHA,D,6,RES ELE,2003-03-10 00:00,2003-03-10 00:00,1033.45,,FEET
SHA,D,6,RES ELE,2003-03-11 00:00,2003-03-11 00:00,1033.69,,FEET
SHA,D,6,RES ELE,2003-03-12 00:00,2003-03-12 00:00,1034.02,,FEET
SHA,D,6,RES ELE,2003-03-13 00:00,2003-03-13 00:00,1034.55,,FEET
SHA,D,6,RES ELE,2003-03-14 00:00,2003-03-14 00:00,1035.44,,FEET
SHA,D,6,RES ELE,2003-03-15 00:00,2003-03-15 00:00,1038.24,,FEET
SHA,D,6,RES ELE,2003-03-16 00:00,2003-03-16 00:00,1039.93,,FEET
SHA,D,6,RES ELE,2003-03-17 00:00,2003-03-17 00:00,1041.21,,FEET
SHA,D,6,RES ELE,2003-03-18 00:00,2003-03-18 00:00,1042.21,,FEET
SHA,D,6,RES ELE,2003-03-19 00:00,2003-03-19 00:00,1043.15,,FEET
SHA,D,6,RES ELE,2003-03-20 00:00,2003-03-20 00:00,1044.00,,FEET
SHA,D,6,RES ELE,2003-03-21 00:00,2003-03-21 00:00,1044.73,,FEET
SHA,D,6,RES ELE,2003-03-22 00:00,2003-03-22 00:00,1045.48,,FEET
SHA,D,6,RES ELE,2003-03-23 00:00,2003-03-23 00:00,1046.28,,FEET
SHA,D,6,RES ELE,2003-03-24 00:00,2003-03-24 00:00,1046.93,,FEET
SHA,D,6,RES ELE,2003-03-25 00:00,2003-03-25 00:00,1047.60,,FEET
SHA,D,6,RES ELE,2003-03-26 00:00,2003-03-26 00:00,1048.40,,FEET
SHA,D,6,RES ELE,2003-03-27 00:00,2003-03-27 00:00,1049.14,,FEET
SHA,D,6,RES ELE,2003-03-28 00:00,2003-03-28 00:00,1049.70,,FEET
SHA,D,6,RES ELE,2003-03-29 00:00,2003-03-29 00:00,1050.31,,FEET
SHA,D,6,RES ELE,2003-03-30 00:00,2003-03-30 00:00,1050.91,,FEET
SHA,D,6,RES ELE,2003-03-31 00:00,2003-03-31 00:00,1051.46,,FEET
SHA,D,6,RES ELE,2003-04-01 00:00,2003-04-01 00:00,1052.00,,FEET
SHA,D,6,RES ELE,2003-04-02 00:00,2003-04-02 00:00,1052.61,,FEET
SHA,D,6,RES ELE,2003-04-03 00:00,2003-04-03 00:00,1053.16,,FEET
SHA,D,6,RES ELE,2003-04-04 00:00,2003-04-04 00:00,1053.86,,FEET
SHA,D,6,RES ELE,2003-04-05 00:00,2003-04-05 00:00,1054.34,,FEET
SHA,D,6,RES ELE,2003-04-06 00:00,2003-04-06 00:00,1054.90,,FEET
SHA,D,6,RES ELE,2003-04-07 00:00,2003-04-07 00:00,1055.43,,FEET
SHA,D,6,RES ELE,2003-04-08 00:00,2003-04-08 00:00,1055.89,,FEET
SHA,D,6,RES ELE,2003-04-09 00:00,2003-04-09 00:00,1056.21,,FEET
SHA,D,6,RES ELE,2003-04-10 00:00,2003-04-10 00:00,1056.56,,FEET
SHA,D,6,RES ELE,2003-04-11 00:00,2003-04-11 00:00,1057.03,,FEET
SHA,D,6,RES ELE,2003-04-12 00:00,2003-04-12 00:00,1057.74,,FEET
SHA,D,6,RES ELE,2003-04-13 00:00,2003-04-13 00:00,1058.85,,FEET
SHA,D,6,RES ELE,2003-04-14 00:00,2003-04-14 00:00,1059.75,,FEET
SHA,D,6,RES ELE,2003-04-15 00:00,2003-04-15 00:00,1060.58,,FEET
SHA,D,6,RES ELE,2003-04-16 00:00,2003-04-16 00:00,1061.31,,FEET
SHA,D,6,RES ELE,2003-04-17 00:00,2003-04-17 00:00,1061.93,,FEET
SHA,D,6,RES ELE,2003-04-18 00:00,2003-04-18 00:00,1062.40,,FEET
SHA,D,6,RES ELE,2003-04-19 00:00,2003-04-19 00:00,1062.79,,FEET
SHA,D,6,RES ELE,2003-04-20 00:00,2003-04-20 00:00,1063.18,,FEET
SHA,D,6,RES ELE,2003-04-21 00:00,2003-04-21 00:00,1063.65,,FEET
SHA,D,6,RES ELE,2003-04-22 00:00,2003-04-22 00:00,1064.01,,FEET
SHA,D,6,RES ELE,2003-04-23 00:00,2003-04-23 00:00,1064.09,,FEET
SHA,D,6,RES ELE,2003-04-24 00:00,2003-04-24 00:00,1064.26,,FEET
SHA,D,6,RES ELE,2003-04-25 00:00,2003-04-25 00:00,1064.58,,FEET
SHA,D,6,RES ELE,2003-04-26 00:00,2003-04-26 00:00,1064.67,,FEET
SHA,D,6,RES ELE,2003-04-27 00:00,2003-04-27 00:00,1064.67,,FEET
SHA,D,6,RES ELE,2003-04-28 00:00,2003-04-28 00:00,1065.94,,FEET
SHA,D,6,RES ELE,2003-04-29 00:00,2003-04-29 00:00,1066.36,,FEET
SHA,D,6,RES ELE,2003-04-30 00:00,2003-04-30 00:00,1066.48,,FEET
SHA,D,6,RES ELE,2003-05-01 00:00,2003-05-01 00:00,1066.09,,FEET
SHA,D,6,RES ELE,2003-05-02 00:00,2003-05-02 00:00,1065.51,,FEET
SHA,D,6,RES ELE,2003-05-03 00:00,2003-05-03 00:00,1064.81,,FEET
SHA,D,6,RES ELE,2003-05-04 00:00,2003-05-04 00:00,1064.17,,FEET
SHA,D,6,RES ELE,2003-05-05 00:00,2003-05-05 00:00,1063.66,,FEET
SHA,D,6,RES ELE,2003-05-06 00:00,2003-05-06 00:00,1063.44,,FEET
SHA,D,6,RES ELE,2003-05-07 00:00,2003-05-07 00:00,1063.25,,FEET
SHA,D,6,RES ELE,2003-05-08 00:00,2003-05-08 00:00,1063.29,,FEET
SHA,D,6,RES ELE,2003-05-09 00:00,2003-05-09 00:00,1063.52,,FEET
SHA,D,6,RES ELE,2003-05-10 00:00,2003-05-10 00:00,1063.84,,FEET
SHA,D,6,RES ELE,2003-05-11 00:00,2003-05-11 00:00,1064.32,,FEET
SHA,D,6,RES ELE,2003-05-12 00:00,2003-05-12 00:00,1064.81,,FEET
SHA,D,6,RES ELE,2003-05-13 00:00,2003-05-13 00:00,1064.97,,FEET
SHA,D,6,RES ELE,2003-05-14 00:00,2003-05-14 00:00,1065.05,,FEET
SHA,D,6,RES ELE,2003-05-15 00:00,2003-05-15 00:00,1065.16,,FEET
SHA,D,6,RES ELE,2003-05-16 00:00,2003-05-16 00:00,1065.31,,FEET
SHA,D,6,RES ELE,2003-05-17 00:00,2003-05-17 00:00,1065.26,,FEET
SHA,D,6,RES ELE,2003-05-18 00:00,2003-05-18 00:00,1065.19,,FEET
SHA,D,6,RES ELE,2003-05-19 00:00,2003-05-19 00:00,1065.06,,FEET
SHA,D,6,RES ELE,2003-05-20 00:00,2003-05-20 00:00,1064.86,,FEET
SHA,D,6,RES ELE,2003-05-21 00:00,2003-05-21 00:00,1064.60,,FEET
SHA,D,6,RES ELE,2003-05-22 00:00,2003-05-22 00:00,1064.47,,FEET
SHA,D,6,RES ELE,2003-05-23 00:00,2003-05-23 00:00,1064.37,,FEET
SHA,D,6,RES ELE,2003-05-24 00:00,2003-05-24 00:00,1064.30,,FEET
SHA,D,6,RES ELE,2003-05-25 00:00,2003-05-25 00:00,1064.21,,FEET
SHA,D,6,RES ELE,2003-05-26 00:00,2003-05-26 00:00,1064.10,,FEET
SHA,D,6,RES ELE,2003-05-27 00:00,2003-05-27 00:00,1063.96,,FEET
SHA,D,6,RES ELE,2003-05-28 00:00,2003-05-28 00:00,1063.73,,FEET
SHA,D,6,RES ELE,2003-05-29 00:00,2003-05-29 00:00,1063.48,,FEET
SHA,D,6,RES ELE,2003-05-30 00:00,2003-05-30 00:00,1063.29,,FEET
SHA,D,6,RES ELE,2003-05-31 00:00,2003-05-31 00:00,1063.07,,FEET
SHA,D,6,RES ELE,2003-06-01 00:00,2003-06-01 00:00,1062.94,,FEET
SHA,D,6,RES ELE,2003-06-02 00:00,2003-06-02 00:00,1062.77,,FEET
SHA,D,6,RES ELE,2003-06-03 00:00,2003-06-03 00:00,1062.58,,FEET
SHA,D,6,RES ELE,2003-06-04 00:00,2003-06-04 00:00,1062.33,,FEET
SHA,D,6,RES ELE,2003-06-05 00:00,2003-06-05 00:00,1062.08,,FEET
SHA,D,6,RES ELE,2003-06-06 00:00,2003-06-06 00:00,1061.81,,FEET
SHA,D,6,RES ELE,2003-06-07 00:00,2003-06-07 00:00,1061.43,,FEET
SHA,D,6,RES ELE,2003-06-08 00:00,2003-06-08 00:00,1061.16,,FEET
SHA,D,6,RES ELE,2003-06-09 00:00,2003-06-09 00:00,1060.87,,FEET
SHA,D,6,RES ELE,2003-06-10 00:00,2003-06-10 00:00,1060.35,,FEET
SHA,D,6,RES ELE,2003-06-11 00:00,2003-06-11 00:00,1059.98,,FEET
SHA,D,6,RES ELE,2003-06-12 00:00,2003-06-12 00:00,1059.50,,FEET
SHA,D,6,RES ELE,2003-06-13 00:00,2003-06-13 00:00,1059.06,,FEET
SHA,D,6,RES ELE,2003-06-14 00:00,2003-06-14 00:00,1058.48,,FEET
SHA,D,6,RES ELE,2003-06-15 00:00,2003-06-15 00:00,1057.98,,FEET
SHA,D,6,RES ELE,2003-06-16 00:00,2003-06-16 00:00,1057.45,,FEET
SHA,D,6,RES ELE,2003-06-17 00:00,2003-06-17 00:00,1056.94,,FEET
SHA,D,6,RES ELE,2003-06-18 00:00,2003-06-18 00:00,1056.36,,FEET
SHA,D,6,RES ELE,2003-06-19 00:00,2003-06-19 00:00,1055.84,,FEET
SHA,D,6,RES ELE,2003-06-20 00:00,2003-06-20 00:00,1055.34,,FEET
SHA,D,6,RES ELE,2003-06-21 00:00,2003-06-21 00:00,1054.79,,FEET
SHA,D,6,RES ELE,2003-06-22 00:00,2003-06-22 00:00,1054.31,,FEET
SHA,D,6,RES ELE,2003-06-23 00:00,2003-06-23 00:00,1053.97,,FEET
SHA,D,6,RES ELE,2003-06-24 00:00,2003-06-24 00:00,1053.66,,FEET
SHA,D,6,RES ELE,2003-06-25 00:00,2003-06-25 00:00,1053.22,,FEET
SHA,D,6,RES ELE,2003-06-26 00:00,2003-06-26 00:00,1052.89,,FEET
SHA,D,6,RES ELE,2003-06-27 00:00,2003-06-27 00:00,1052.49,,FEET
SHA,D,6,RES ELE,2003-06-28 00:00,2003-06-28 00:00,1052.00,,FEET
SHA,D,6,RES ELE,2003-06-29 00:00,2003-06-29 00:00,1051.43,,FEET
SHA,D,6,RES ELE,2003-06-30 00:00,2003-06-30 00:00,1050.90,,FEET
SHA,D,6,RES ELE,2003-07-01 00:00,2003-07-01 00:00,1050.40,,FEET
SHA,D,6,RES ELE,2003-07-02 00:00,2003-07-02 00:00,1049.91,,FEET
SHA,D,6,RES ELE,2003-07-03 00:00,2003-07-03 00:00,1049.47,,FEET
SHA,D,6,RES ELE,2003-07-04 00:00,2003-07-04 00:00,1048.92,,FEET
SHA,D,6,RES ELE,2003-07-05 00:00,2003-07-05 00:00,1048.30,,FEET
SHA,D,6,RES ELE,2003-07-06 00:00,2003-07-06 00:00,1047.79,,FEET
SHA,D,6,RES ELE,2003-07-07 00:00,2003-07-07 00:00,1047.29,,FEET
SHA,D,6,RES ELE,2003-07-08 00:00,2003-07-08 00:00,1046.77,,FEET
SHA,D,6,RES ELE,2003-07-09 00:00,2003-07-09 00:00,1046.23,,FEET
SHA,D,6,RES ELE,2003-07-10 00:00,2003-07-10 00:00,1045.64,,FEET
SHA,D,6,RES ELE,2003-07-11 00:00,2003-07-11 00:00,1045.06,,FEET
SHA,D,6,RES ELE,2003-07-12 00:00,2003-07-12 00:00,1044.36,,FEET
SHA,D,6,RES ELE,2003-07-13 00:00,2003-07-13 00:00,1043.72,,FEET
SHA,D,6,RES ELE,2003-07-14 00:00,2003-07-14 00:00,1043.15,,FEET
SHA,D,6,RES ELE,2003-07-15 00:00,2003-07-15 00:00,1042.48,,FEET
SHA,D,6,RES ELE,2003-07-16 00:00,2003-07-16 00:00,1041.77,,FEET
SHA,D,6,RES ELE,2003-07-17 00:00,2003-07-17 00:00,1041.08,,FEET
SHA,D,6,RES ELE,2003-07-18 00:00,2003-07-18 00:00,1040.41,,FEET
SHA,D,6,RES ELE,2003-07-19 00:00,2003-07-19 00:00,1039.66,,FEET
SHA,D,6,RES ELE,2003-07-20 00:00,2003-07-20 00:00,1038.94,,FEET
SHA,D,6,RES ELE,2003-07-21 00:00,2003-07-21 00:00,1038.37,,FEET
SHA,D,6,RES ELE,2003-07-22 00:00,2003-07-22 00:00,1037.59,,FEET
SHA,D,6,RES ELE,2003-07-23 00:00,2003-07-23 00:00,1036.82,,FEET
SHA,D,6,RES ELE,2003-07-24 00:00,2003-07-24 00:00,1036.15,,FEET
SHA,D,6,RES ELE,2003-07-25 00:00,2003-07-25 00:00,1035.41,,FEET
SHA,D,6,RES ELE,2003-07-26 00:00,2003-07-26 00:00,1034.71,,FEET
SHA,D,6,RES ELE,2003-07-27 00:00,2003-07-27 00:00,1033.81,,FEET
SHA,D,6,RES ELE,2003-07-28 00:00,2003-07-28 00:00,1033.01,,FEET
SHA,D,6,RES ELE,2003-07-29 00:00,2003-07-29 00:00,1032.16,,FEET
SHA,D,6,RES ELE,2003-07-30 00:00,2003-07-30 00:00,1031.36,,FEET
SHA,D,6,RES ELE,2003-07-31 00:00,2003-07-31 00:00,1030.54,,FEET
SHA,D,6,RES ELE,2003-08-01 00:00,2003-08-01 00:00,1029.86,,FEET
SHA,D,6,RES ELE,2003-08-02 00:00,2003-08-02 00:00,1029.35,,FEET
SHA,D,6,RES ELE,2003-08-03 00:00,2003-08-03 00:00,1028.68,,FEET
SHA,D,6,RES ELE,2003-08-04 00:00,2003-08-04 00:00,1027.98,,FEET
SHA,D,6,RES ELE,2003-08-05 00:00,2003-08-05 00:00,1027.28,,FEET
SHA,D,6,RES ELE,2003-08-06 00:00,2003-08-06 00:00,1026.54,,FEET
SHA,D,6,RES ELE,2003-08-07 00:00,2003-08-07 00:00,1025.88,,FEET
SHA,D,6,RES ELE,2003-08-08 00:00,2003-08-08 00:00,1025.38,,FEET
SHA,D,6,RES ELE,2003-08-09 00:00,2003-08-09 00:00,1024.86,,FEET
SHA,D,6,RES ELE,2003-08-10 00:00,2003-08-10 00:00,1024.36,,FEET
SHA,D,6,RES ELE,2003-08-11 00:00,2003-08-11 00:00,1023.97,,FEET
SHA,D,6,RES ELE,2003-08-12 00:00,2003-08-12 00:00,1023.61,,FEET
SHA,D,6,RES ELE,2003-08-13 00:00,2003-08-13 00:00,1023.18,,FEET
SHA,D,6,RES ELE,2003-08-14 00:00,2003-08-14 00:00,1022.73,,FEET
SHA,D,6,RES ELE,2003-08-15 00:00,2003-08-15 00:00,1022.36,,FEET
SHA,D,6,RES ELE,2003-08-16 00:00,2003-08-16 00:00,1021.97,,FEET
SHA,D,6,RES ELE,2003-08-17 00:00,2003-08-17 00:00,1021.65,,FEET
SHA,D,6,RES ELE,2003-08-18 00:00,2003-08-18 00:00,1021.40,,FEET
SHA,D,6,RES ELE,2003-08-19 00:00,2003-08-19 00:00,1021.17,,FEET
SHA,D,6,RES ELE,2003-08-20 00:00,2003-08-20 00:00,1020.91,,FEET
SHA,D,6,RES ELE,2003-08-21 00:00,2003-08-21 00:00,1020.77,,FEET
SHA,D,6,RES ELE,2003-08-22 00:00,2003-08-22 00:00,1020.67,,FEET
SHA,D,6,RES ELE,2003-08-23 00:00,2003-08-23 00:00,1020.55,,FEET
SHA,D,6,RES ELE,2003-08-24 00:00,2003-08-24 00:00,1020.47,,FEET
SHA,D,6,RES ELE,2003-08-25 00:00,2003-08-25 00:00,1020.33,,FEET
SHA,D,6,RES ELE,2003-08-26 00:00,2003-08-26 00:00,1020.11,,FEET
SHA,D,6,RES ELE,2003-08-27 00:00,2003-08-27 00:00,1019.90,,FEET
SHA,D,6,RES ELE,2003-08-28 00:00,2003-08-28 00:00,1019.68,,FEET
SHA,D,6,RES ELE,2003-08-29 00:00,2003-08-29 00:00,1019.45,,FEET
SHA,D,6,RES ELE,2003-08-30 00:00,2003-08-30 00:00,1019.14,,FEET
SHA,D,6,RES ELE,2003-08-31 00:00,2003-08-31 00:00,1018.82,,FEET
SHA,D,6,RES ELE,2003-09-01 00:00,2003-09-01 00:00,1018.56,,FEET
SHA,D,6,RES ELE,2003-09-02 00:00,2003-09-02 00:00,1018.44,,FEET
SHA,D,6,RES ELE,2003-09-03 00:00,2003-09-03 00:00,1018.21,,FEET
SHA,D,6,RES ELE,2003-09-04 00:00,2003-09-04 00:00,1018.06,,FEET
SHA,D,6,RES ELE,2003-09-05 00:00,2003-09-05 00:00,1017.98,,FEET
SHA,D,6,RES ELE,2003-09-06 00:00,2003-09-06 00:00,1017.82,,FEET
SHA,D,6,RES ELE,2003-09-07 00:00,2003-09-07 00:00,1017.64,,FEET
SHA,D,6,RES ELE,2003-09-08 00:00,2003-09-08 00:00,1017.56,,FEET
SHA,D,6,RES ELE,2003-09-09 00:00,2003-09-09 00:00,1017.42,,FEET
SHA,D,6,RES ELE,2003-09-10 00:00,2003-09-10 00:00,1017.31,,FEET
SHA,D,6,RES ELE,2003-09-11 00:00,2003-09-11 00:00,1017.16,,FEET
SHA,D,6,RES ELE,2003-09-12 00:00,2003-09-12 00:00,1016.99,,FEET
SHA,D,6,RES ELE,2003-09-13 00:00,2003-09-13 00:00,1016.77,,FEET
SHA,D,6,RES ELE,2003-09-14 00:00,2003-09-14 00:00,1016.50,,FEET
SHA,D,6,RES ELE,2003-09-15 00:00,2003-09-15 00:00,1016.25,,FEET
SHA,D,6,RES ELE,2003-09-16 00:00,2003-09-16 00:00,1016.17,,FEET
SHA,D,6,RES ELE,2003-09-17 00:00,2003-09-17 00:00,1015.99,,FEET
SHA,D,6,RES ELE,2003-09-18 00:00,2003-09-18 00:00,1015.88,,FEET
SHA,D,6,RES ELE,2003-09-19 00:00,2003-09-19 00:00,1015.80,,FEET
SHA,D,6,RES ELE,2003-09-20 00:00,2003-09-20 00:00,1015.68,,FEET
SHA,D,6,RES ELE,2003-09-21 00:00,2003-09-21 00:00,1015.50,,FEET
SHA,D,6,RES ELE,2003-09-22 00:00,2003-09-22 00:00,1015.39,,FEET
SHA,D,6,RES ELE,2003-09-23 00:00,2003-09-23 00:00,1015.28,,FEET
SHA,D,6,RES ELE,2003-09-24 00:00,2003-09-24 00:00,1015.16,,FEET
SHA,D,6,RES ELE,2003-09-25 00:00,2003-09-25 00:00,1015.13,,FEET
SHA,D,6,RES ELE,2003-09-26 00:00,2003-09-26 00:00,1015.02,,FEET
SHA,D,6,RES ELE,2003-09-27 00:00,2003-09-27 00:00,1014.92,,FEET
SHA,D,6,RES ELE,2003-09-28 00:00,2003-09-28 00:00,1014.79,,FEET
SHA,D,6,RES ELE,2003-09-29 00:00,2003-09-29 00:00,1014.68,,FEET
SHA,D,6,RES ELE,2003-09-30 00:00,2003-09-30 00:00,1014.64,,FEET
SHA,D,6,RES ELE,2003-10-01 00:00,2003-10-01 00:00,1014.58,,FEET
SHA,D,6,RES ELE,2003-10-02 00:00,2003-10-02 00:00,1014.50,,FEET
SHA,D,6,RES ELE,2003-10-03 00:00,2003-10-03 00:00,1014.39,,FEET
SHA,D,6,RES ELE,2003-10-04 00:00,2003-10-04 00:00,1014.33,,FEET
SHA,D,6,RES ELE,2003-10-05 00:00,2003-10-05 00:00,1014.27,,FEET
SHA,D,6,RES ELE,2003-10-06 00:00,2003-10-06 00:00,1014.25,,FEET
SHA,D,6,RES ELE,2003-10-07 00:00,2003-10-07 00:00,1014.22,,FEET
SHA,D,6,RES ELE,2003-10-08 00:00,2003-10-08 00:00,1014.21,,FEET
SHA,D,6,RES ELE,2003-10-09 00:00,2003-10-09 00:00,1014.18,,FEET
SHA,D,6,RES ELE,2003-10-10 00:00,2003-10-10 00:00,1014.16,,FEET
SHA,D,6,RES ELE,2003-10-11 00:00,2003-10-11 00:00,1014.18,,FEET
SHA,D,6,RES ELE,2003-10-12 00:00,2003-10-12 00:00,1014.21,,FEET
SHA,D,6,RES ELE,2003-10-13 00:00,2003-10-13 00:00,1014.20,,FEET
SHA,D,6,RES ELE,2003-10-14 00:00,2003-10-14 00:00,1014.21,,FEET
SHA,D,6,RES ELE,2003-10-15 00:00,2003-10-15 00:00,1014.05,,FEET
SHA,D,6,RES ELE,2003-10-16 00:00,2003-10-16 00:00,1013.92,,FEET
SHA,D,6,RES ELE,2003-10-17 00:00,2003-10-17 00:00,1013.83,,FEET
SHA,D,6,RES ELE,2003-10-18 00:00,2003-10-18 00:00,1013.52,,FEET
SHA,D,6,RES ELE,2003-10-19 00:00,2003-10-19 00:00,1013.51,,FEET
SHA,D,6,RES ELE,2003-10-20 00:00,2003-10-20 00:00,1013.49,,FEET
SHA,D,6,RES ELE,2003-10-21 00:00,2003-10-21 00:00,1013.50,,FEET
SHA,D,6,RES ELE,2003-10-22 00:00,2003-10-22 00:00,1013.50,,FEET
SHA,D,6,RES ELE,2003-10-23 00:00,2003-10-23 00:00,1013.37,,FEET
SHA,D,6,RES ELE,2003-10-24 00:00,2003-10-24 00:00,1013.26,,FEET
SHA,D,6,RES ELE,2003-10-25 00:00,2003-10-25 00:00,1013.12,,FEET
SHA,D,6,RES ELE,2003-10-26 00:00,2003-10-26 00:00,1013.04,,FEET
SHA,D,6,RES ELE,2003-10-27 00:00,2003-10-27 00:00,1012.80,,FEET
SHA,D,6,RES ELE,2003-10-28 00:00,2003-10-28 00:00,1012.56,,FEET
SHA,D,6,RES ELE,2003-10-29 00:00,2003-10-29 00:00,1012.25,,FEET
SHA,D,6,RES ELE,2003-10-30 00:00,2003-10-30 00:00,1011.99,,FEET
SHA,D,6,RES ELE,2003-10-31 00:00,2003-10-31 00:00,1011.70,,FEET
SHA,D,6,RES ELE,2003-11-01 00:00,2003-11-01 00:00,1011.42,,FEET
SHA,D,6,RES ELE,2003-11-02 00:00,2003-11-02 00:00,1011.28,,FEET
SHA,D,6,RES ELE,2003-11-03 00:00,2003-11-03 00:00,1011.03,,FEET
SHA,D,6,RES ELE,2003-11-04 00:00,2003-11-04 00:00,1010.85,,FEET
SHA,D,6,RES ELE,2003-11-05 00:00,2003-11-05 00:00,1010.66,,FEET
SHA,D,6,RES ELE,2003-11-06 00:00,2003-11-06 00:00,1010.49,,FEET
SHA,D,6,RES ELE,2003-11-07 00:00,2003-11-07 00:00,1010.49,,FEET
SHA,D,6,RES ELE,2003-11-08 00:00,2003-11-08 00:00,1010.85,,FEET
SHA,D,6,RES ELE,2003-11-09 00:00,2003-11-09 00:00,1011.17,,FEET
SHA,D,6,RES ELE,2003-11-10 00:00,2003-11-10 00:00,1011.31,,FEET
SHA,D,6,RES ELE,2003-11-11 00:00,2003-11-11 00:00,1011.41,,FEET
SHA,D,6,RES ELE,2003-11-12 00:00,2003-11-12 00:00,1011.46,,FEET
SHA,D,6,RES ELE,2003-11-13 00:00,2003-11-13 00:00,1011.45,,FEET
SHA,D,6,RES ELE,2003-11-14 00:00,2003-11-14 00:00,1011.60,,FEET
SHA,D,6,RES ELE,2003-11-15 00:00,2003-11-15 00:00,1011.96,,FEET
SHA,D,6,RES ELE,2003-11-16 00:00,2003-11-16 00:00,1012.03,,FEET
SHA,D,6,RES ELE,2003-11-17 00:00,2003-11-17 00:00,1012.06,,FEET
SHA,D,6,RES ELE,2003-11-18 00:00,2003-11-18 00:00,1012.05,,FEET
SHA,D,6,RES ELE,2003-11-19 00:00,2003-11-19 00:00,1012.14,,FEET
SHA,D,6,RES ELE,2003-11-20 00:00,2003-11-20 00:00,1012.07,,FEET
SHA,D,6,RES ELE,2003-11-21 00:00,2003-11-21 00:00,1012.01,,FEET
SHA,D,6,RES ELE,2003-11-22 00:00,2003-11-22 00:00,1011.94,,FEET
SHA,D,6,RES ELE,2003-11-23 00:00,2003-11-23 00:00,1011.85,,FEET
SHA,D,6,RES ELE,2003-11-24 00:00,2003-11-24 00:00,1011.80,,FEET
SHA,D,6,RES ELE,2003-11-25 00:00,2003-11-25 00:00,1011.75,,FEET
SHA,D,6,RES ELE,2003-11-26 00:00,2003-11-26 00:00,1011.72,,FEET
SHA,D,6,RES ELE,2003-11-27 00:00,2003-11-27 00:00,1011.72,,FEET
SHA,D,6,RES ELE,2003-11-28 00:00,2003-11-28 00:00,1011.66,,FEET
SHA,D,6,RES ELE,2003-11-29 00:00,2003-11-29 00:00,1011.68,,FEET
SHA,D,6,RES ELE,2003-11-30 00:00,2003-11-30 00:00,1011.67,,FEET
SHA,D,6,RES ELE,2003-12-01 00:00,2003-12-01 00:00,1011.86,,FEET
SHA,D,6,RES ELE,2003-12-02 00:00,2003-12-02 00:00,1012.03,,FEET
SHA,D,6,RES ELE,2003-12-03 00:00,2003-12-03 00:00,1012.12,,FEET
SHA,D,6,RES ELE,2003-12-04 00:00,2003-12-04 00:00,1012.22,,FEET
SHA,D,6,RES ELE,2003-12-05 00:00,2003-12-05 00:00,1012.57,,FEET
SHA,D,6,RES ELE,2003-12-06 00:00,2003-12-06 00:00,1014.60,,FEET
SHA,D,6,RES ELE,2003-12-07 00:00,2003-12-07 00:00,1015.51,,FEET
SHA,D,6,RES ELE,2003-12-08 00:00,2003-12-08 00:00,1015.90,,FEET
SHA,D,6,RES ELE,2003-12-09 00:00,2003-12-09 00:00,1016.31,,FEET
SHA,D,6,RES ELE,2003-12-10 00:00,2003-12-10 00:00,1016.75,,FEET
SHA,D,6,RES ELE,2003-12-11 00:00,2003-12-11 00:00,1017.17,,FEET
SHA,D,6,RES ELE,2003-12-12 00:00,2003-12-12 00:00,1017.65,,FEET
SHA,D,6,RES ELE,2003-12-13 00:00,2003-12-13 00:00,1018.51,,FEET
SHA,D,6,RES ELE,2003-12-14 00:00,2003-12-14 00:00,1020.51,,FEET
SHA,D,6,RES ELE,2003-12-15 00:00,2003-12-15 00:00,1021.19,,FEET
SHA,D,6,RES ELE,2003-12-16 00:00,2003-12-16 00:00,1021.38,,FEET
SHA,D,6,RES ELE,2003-12-17 00:00,2003-12-17 00:00,1021.46,,FEET
SHA,D,6,RES ELE,2003-12-18 00:00,2003-12-18 00:00,1021.37,,FEET
SHA,D,6,RES ELE,2003-12-19 00:00,2003-12-19 00:00,1021.43,,FEET
SHA,D,6,RES ELE,2003-12-20 00:00,2003-12-20 00:00,1021.44,,FEET
SHA,D,6,RES ELE,2003-12-21 00:00,2003-12-21 00:00,1021.40,,FEET
SHA,D,6,RES ELE,2003-12-22 00:00,2003-12-22 00:00,1021.10,,FEET
SHA,D,6,RES ELE,2003-12-23 00:00,2003-12-23 00:00,1020.78,,FEET
SHA,D,6,RES ELE,2003-12-24 00:00,2003-12-24 00:00,1022.45,,FEET
SHA,D,6,RES ELE,2003-12-25 00:00,2003-12-25 00:00,1022.82,,FEET
SHA,D,6,RES ELE,2003-12-26 00:00,2003-12-26 00:00,1022.66,,FEET
SHA,D,6,RES ELE,2003-12-27 00:00,2003-12-27 00:00,1022.29,,FEET
SHA,D,6,RES ELE,2003-12-28 00:00,2003-12-28 00:00,1022.09,,FEET
SHA,D,6,RES ELE,2003-12-29 00:00,2003-12-29 00:00,1022.36,,FEET
SHA,D,6,RES ELE,2003-12-30 00:00,2003-12-30 00:00,1022.34,,FEET
SHA,D,6,RES ELE,2003-12-31 00:00,2003-12-31 00:00,1022.44,,FEET
SHA,D,6,RES ELE,2004-01-01 00:00,2004-01-01 00:00,1024.23,,FEET
SHA,D,6,RES ELE,2004-01-02 00:00,2004-01-02 00:00,1025.02,,FEET
SHA,D,6,RES ELE,2004-01-03 00:00,2004-01-03 00:00,1025.20,,FEET
SHA,D,6,RES ELE,2004-01-04 00:00,2004-01-04 00:00,1025.28,,FEET
SHA,D,6,RES ELE,2004-01-05 00:00,2004-01-05 00:00,1025.03,,FEET
SHA,D,6,RES ELE,2004-01-06 00:00,2004-01-06 00:00,1024.65,,FEET
SHA,D,6,RES ELE,2004-01-07 00:00,2004-01-07 00:00,1024.38,,FEET
SHA,D,6,RES ELE,2004-01-08 00:00,2004-01-08 00:00,1024.31,,FEET
SHA,D,6,RES ELE,2004-01-09 00:00,2004-01-09 00:00,1024.73,,FEET
SHA,D,6,RES ELE,2004-01-10 00:00,2004-01-10 00:00,1025.28,,FEET
SHA,D,6,RES ELE,2004-01-11 00:00,2004-01-11 00:00,1025.77,,FEET
SHA,D,6,RES ELE,2004-01-12 00:00,2004-01-12 00:00,1026.14,,FEET
SHA,D,6,RES ELE,2004-01-13 00:00,2004-01-13 00:00,1026.55,,FEET
SHA,D,6,RES ELE,2004-01-14 00:00,2004-01-14 00:00,1026.98,,FEET
SHA,D,6,RES ELE,2004-01-15 00:00,2004-01-15 00:00,1027.49,,FEET
SHA,D,6,RES ELE,2004-01-16 00:00,2004-01-16 00:00,1028.18,,FEET
SHA,D,6,RES ELE,2004-01-17 00:00,2004-01-17 00:00,1028.76,,FEET
SHA,D,6,RES ELE,2004-01-18 00:00,2004-01-18 00:00,1029.31,,FEET
SHA,D,6,RES ELE,2004-01-19 00:00,2004-01-19 00:00,1029.71,,FEET
SHA,D,6,RES ELE,2004-01-20 00:00,2004-01-20 00:00,1030.13,,FEET
SHA,D,6,RES ELE,2004-01-21 00:00,2004-01-21 00:00,1030.35,,FEET
SHA,D,6,RES ELE,2004-01-22 00:00,2004-01-22 00:00,1030.53,,FEET
SHA,D,6,RES ELE,2004-01-23 00:00,2004-01-23 00:00,1030.79,,FEET
SHA,D,6,RES ELE,2004-01-24 00:00,2004-01-24 00:00,1031.08,,FEET
SHA,D,6,RES ELE,2004-01-25 00:00,2004-01-25 00:00,1031.36,,FEET
SHA,D,6,RES ELE,2004-01-26 00:00,2004-01-26 00:00,1031.68,,FEET
SHA,D,6,RES ELE,2004-01-27 00:00,2004-01-27 00:00,1032.03,,FEET
SHA,D,6,RES ELE,2004-01-28 00:00,2004-01-28 00:00,1032.26,,FEET
SHA,D,6,RES ELE,2004-01-29 00:00,2004-01-29 00:00,1032.40,,FEET
SHA,D,6,RES ELE,2004-01-30 00:00,2004-01-30 00:00,1032.71,,FEET
SHA,D,6,RES ELE,2004-01-31 00:00,2004-01-31 00:00,1032.87,,FEET
SHA,D,6,RES ELE,2004-02-01 00:00,2004-02-01 00:00,1033.04,,FEET
SHA,D,6,RES ELE,2004-02-02 00:00,2004-02-02 00:00,1033.59,,FEET
SHA,D,6,RES ELE,2004-02-03 00:00,2004-02-03 00:00,1034.16,,FEET
SHA,D,6,RES ELE,2004-02-04 00:00,2004-02-04 00:00,1034.62,,FEET
SHA,D,6,RES ELE,2004-02-05 00:00,2004-02-05 00:00,1034.99,,FEET
SHA,D,6,RES ELE,2004-02-06 00:00,2004-02-06 00:00,1035.32,,FEET
SHA,D,6,RES ELE,2004-02-07 00:00,2004-02-07 00:00,1035.67,,FEET
SHA,D,6,RES ELE,2004-02-08 00:00,2004-02-08 00:00,1035.97,,FEET
SHA,D,6,RES ELE,2004-02-09 00:00,2004-02-09 00:00,1036.24,,FEET
SHA,D,6,RES ELE,2004-02-10 00:00,2004-02-10 00:00,1036.45,,FEET
SHA,D,6,RES ELE,2004-02-11 00:00,2004-02-11 00:00,1036.67,,FEET
SHA,D,6,RES ELE,2004-02-12 00:00,2004-02-12 00:00,1036.90,,FEET
SHA,D,6,RES ELE,2004-02-13 00:00,2004-02-13 00:00,1037.15,,FEET
SHA,D,6,RES ELE,2004-02-14 00:00,2004-02-14 00:00,1037.46,,FEET
SHA,D,6,RES ELE,2004-02-15 00:00,2004-02-15 00:00,1037.85,,FEET
SHA,D,6,RES ELE,2004-02-16 00:00,2004-02-16 00:00,1040.38,,FEET
SHA,D,6,RES ELE,2004-02-17 00:00,2004-02-17 00:00,1048.37,,FEET
SHA,D,6,RES ELE,2004-02-18 00:00,2004-02-18 00:00,1052.03,,FEET
SHA,D,6,RES ELE,2004-02-19 00:00,2004-02-19 00:00,1052.03,,FEET
SHA,D,6,RES ELE,2004-02-20 00:00,2004-02-20 00:00,1051.26,,FEET
SHA,D,6,RES ELE,2004-02-21 00:00,2004-02-21 00:00,1050.01,,FEET
SHA,D,6,RES ELE,2004-02-22 00:00,2004-02-22 00:00,1048.54,,FEET
SHA,D,6,RES ELE,2004-02-23 00:00,2004-02-23 00:00,1046.68,,FEET
SHA,D,6,RES ELE,2004-02-24 00:00,2004-02-24 00:00,1044.66,,FEET
SHA,D,6,RES ELE,2004-02-25 00:00,2004-02-25 00:00,1045.95,,FEET
SHA,D,6,RES ELE,2004-02-26 00:00,2004-02-26 00:00,1047.40,,FEET
SHA,D,6,RES ELE,2004-02-27 00:00,2004-02-27 00:00,1046.56,,FEET
SHA,D,6,RES ELE,2004-02-28 00:00,2004-02-28 00:00,1044.84,,FEET
SHA,D,6,RES ELE,2004-02-29 00:00,2004-02-29 00:00,1042.86,,FEET
SHA,D,6,RES ELE,2004-03-01 00:00,2004-03-01 00:00,1040.97,,FEET
SHA,D,6,RES ELE,2004-03-02 00:00,2004-03-02 00:00,1038.78,,FEET
SHA,D,6,RES ELE,2004-03-03 00:00,2004-03-03 00:00,1036.43,,FEET
SHA,D,6,RES ELE,2004-03-04 00:00,2004-03-04 00:00,1034.73,,FEET
SHA,D,6,RES ELE,2004-03-05 00:00,2004-03-05 00:00,1033.54,,FEET
SHA,D,6,RES ELE,2004-03-06 00:00,2004-03-06 00:00,1032.43,,FEET
SHA,D,6,RES ELE,2004-03-07 00:00,2004-03-07 00:00,1031.71,,FEET
SHA,D,6,RES ELE,2004-03-08 00:00,2004-03-08 00:00,1031.19,,FEET
SHA,D,6,RES ELE,2004-03-09 00:00,2004-03-09 00:00,1031.06,,FEET
SHA,D,6,RES ELE,2004-03-10 00:00,2004-03-10 00:00,1031.13,,FEET
SHA,D,6,RES ELE,2004-03-11 00:00,2004-03-11 00:00,1031.30,,FEET
SHA,D,6,RES ELE,2004-03-12 00:00,2004-03-12 00:00,1031.66,,FEET
SHA,D,6,RES ELE,2004-03-13 00:00,2004-03-13 00:00,1032.19,,FEET
SHA,D,6,RES ELE,2004-03-14 00:00,2004-03-14 00:00,1032.76,,FEET
SHA,D,6,RES ELE,2004-03-15 00:00,2004-03-15 00:00,1033.42,,FEET
SHA,D,6,RES ELE,2004-03-16 00:00,2004-03-16 00:00,1034.03,,FEET
SHA,D,6,RES ELE,2004-03-17 00:00,2004-03-17 00:00,1034.65,,FEET
SHA,D,6,RES ELE,2004-03-18 00:00,2004-03-18 00:00,1035.22,,FEET
SHA,D,6,RES ELE,2004-03-19 00:00,2004-03-19 00:00,1035.83,,FEET
SHA,D,6,RES ELE,2004-03-20 00:00,2004-03-20 00:00,1036.39,,FEET
SHA,D,6,RES ELE,2004-03-21 00:00,2004-03-21 00:00,1036.99,,FEET
SHA,D,6,RES ELE,2004-03-22 00:00,2004-03-22 00:00,1037.56,,FEET
SHA,D,6,RES ELE,2004-03-23 00:00,2004-03-23 00:00,1038.25,,FEET
SHA,D,6,RES ELE,2004-03-24 00:00,2004-03-24 00:00,1038.98,,FEET
SHA,D,6,RES ELE,2004-03-25 00:00,2004-03-25 00:00,1039.86,,FEET
SHA,D,6,RES ELE,2004-03-26 00:00,2004-03-26 00:00,1040.63,,FEET
SHA,D,6,RES ELE,2004-03-27 00:00,2004-03-27 00:00,1041.43,,FEET
SHA,D,6,RES ELE,2004-03-28 00:00,2004-03-28 00:00,1042.16,,FEET
SHA,D,6,RES ELE,2004-03-29 00:00,2004-03-29 00:00,1042.87,,FEET
SHA,D,6,RES ELE,2004-03-30 00:00,2004-03-30 00:00,1043.55,,FEET
SHA,D,6,RES ELE,2004-03-31 00:00,2004-03-31 00:00,1044.22,,FEET
SHA,D,6,RES ELE,2004-04-01 00:00,2004-04-01 00:00,1044.73,,FEET
SHA,D,6,RES ELE,2004-04-02 00:00,2004-04-02 00:00,1045.07,,FEET
SHA,D,6,RES ELE,2004-04-03 00:00,2004-04-03 00:00,1045.51,,FEET
SHA,D,6,RES ELE,2004-04-04 00:00,2004-04-04 00:00,1045.84,,FEET
SHA,D,6,RES ELE,2004-04-05 00:00,2004-04-05 00:00,1046.27,,FEET
SHA,D,6,RES ELE,2004-04-06 00:00,2004-04-06 00:00,1046.55,,FEET
SHA,D,6,RES ELE,2004-04-07 00:00,2004-04-07 00:00,1046.39,,FEET
SHA,D,6,RES ELE,2004-04-08 00:00,2004-04-08 00:00,1046.19,,FEET
SHA,D,6,RES ELE,2004-04-09 00:00,2004-04-09 00:00,1045.93,,FEET
SHA,D,6,RES ELE,2004-04-10 00:00,2004-04-10 00:00,1045.66,,FEET
SHA,D,6,RES ELE,2004-04-11 00:00,2004-04-11 00:00,1045.44,,FEET
SHA,D,6,RES ELE,2004-04-12 00:00,2004-04-12 00:00,1045.25,,FEET
SHA,D,6,RES ELE,2004-04-13 00:00,2004-04-13 00:00,1045.26,,FEET
SHA,D,6,RES ELE,2004-04-14 00:00,2004-04-14 00:00,1045.20,,FEET
SHA,D,6,RES ELE,2004-04-15 00:00,2004-04-15 00:00,1045.15,,FEET
SHA,D,6,RES ELE,2004-04-16 00:00,2004-04-16 00:00,1045.17,,FEET
SHA,D,6,RES ELE,2004-04-17 00:00,2004-04-17 00:00,1045.28,,FEET
SHA,D,6,RES ELE,2004-04-18 00:00,2004-04-18 00:00,1045.53,,FEET
SHA,D,6,RES ELE,2004-04-19 00:00,2004-04-19 00:00,1045.98,,FEET
SHA,D,6,RES ELE,2004-04-20 00:00,2004-04-20 00:00,1046.66,,FEET
SHA,D,6,RES ELE,2004-04-21 00:00,2004-04-21 00:00,1047.27,,FEET
SHA,D,6,RES ELE,2004-04-22 00:00,2004-04-22 00:00,1047.82,,FEET
SHA,D,6,RES ELE,2004-04-23 00:00,2004-04-23 00:00,1048.36,,FEET
SHA,D,6,RES ELE,2004-04-24 00:00,2004-04-24 00:00,1048.64,,FEET
SHA,D,6,RES ELE,2004-04-25 00:00,2004-04-25 00:00,1048.95,,FEET
SHA,D,6,RES ELE,2004-04-26 00:00,2004-04-26 00:00,1049.28,,FEET
SHA,D,6,RES ELE,2004-04-27 00:00,2004-04-27 00:00,1049.49,,FEET
SHA,D,6,RES ELE,2004-04-28 00:00,2004-04-28 00:00,1049.61,,FEET
SHA,D,6,RES ELE,2004-04-29 00:00,2004-04-29 00:00,1049.76,,FEET
SHA,D,6,RES ELE,2004-04-30 00:00,2004-04-30 00:00,1049.88,,FEET
SHA,D,6,RES ELE,2004-05-01 00:00,2004-05-01 00:00,1049.81,,FEET
SHA,D,6,RES ELE,2004-05-02 00:00,2004-05-02 00:00,1049.83,,FEET
SHA,D,6,RES ELE,2004-05-03 00:00,2004-05-03 00:00,1049.92,,FEET
SHA,D,6,RES ELE,2004-05-04 00:00,2004-05-04 00:00,1049.98,,FEET
SHA,D,6,RES ELE,2004-05-05 00:00,2004-05-05 00:00,1049.92,,FEET
SHA,D,6,RES ELE,2004-05-06 00:00,2004-05-06 00:00,1049.68,,FEET
SHA,D,6,RES ELE,2004-05-07 00:00,2004-05-07 00:00,1049.31,,FEET
SHA,D,6,RES ELE,2004-05-08 00:00,2004-05-08 00:00,1049.01,,FEET
SHA,D,6,RES ELE,2004-05-09 00:00,2004-05-09 00:00,1048.78,,FEET
SHA,D,6,RES ELE,2004-05-10 00:00,2004-05-10 00:00,1048.57,,FEET
SHA,D,6,RES ELE,2004-05-11 00:00,2004-05-11 00:00,1048.36,,FEET
SHA,D,6,RES ELE,2004-05-12 00:00,2004-05-12 00:00,1048.13,,FEET
SHA,D,6,RES ELE,2004-05-13 00:00,2004-05-13 00:00,1047.90,,FEET
SHA,D,6,RES ELE,2004-05-14 00:00,2004-05-14 00:00,1047.72,,FEET
SHA,D,6,RES ELE,2004-05-15 00:00,2004-05-15 00:00,1047.46,,FEET
SHA,D,6,RES ELE,2004-05-16 00:00,2004-05-16 00:00,1047.25,,FEET
SHA,D,6,RES ELE,2004-05-17 00:00,2004-05-17 00:00,1047.08,,FEET
SHA,D,6,RES ELE,2004-05-18 00:00,2004-05-18 00:00,1046.95,,FEET
SHA,D,6,RES ELE,2004-05-19 00:00,2004-05-19 00:00,1046.76,,FEET
SHA,D,6,RES ELE,2004-05-20 00:00,2004-05-20 00:00,1046.64,,FEET
SHA,D,6,RES ELE,2004-05-21 00:00,2004-05-21 00:00,1046.48,,FEET
SHA,D,6,RES ELE,2004-05-22 00:00,2004-05-22 00:00,1046.19,,FEET
SHA,D,6,RES ELE,2004-05-23 00:00,2004-05-23 00:00,1045.92,,FEET
SHA,D,6,RES ELE,2004-05-24 00:00,2004-05-24 00:00,1045.71,,FEET
SHA,D,6,RES ELE,2004-05-25 00:00,2004-05-25 00:00,1045.41,,FEET
SHA,D,6,RES ELE,2004-05-26 00:00,2004-05-26 00:00,1045.07,,FEET
SHA,D,6,RES ELE,2004-05-27 00:00,2004-05-27 00:00,1044.66,,FEET
SHA,D,6,RES ELE,2004-05-28 00:00,2004-05-28 00:00,1044.24,,FEET
SHA,D,6,RES ELE,2004-05-29 00:00,2004-05-29 00:00,1043.77,,FEET
SHA,D,6,RES ELE,2004-05-30 00:00,2004-05-30 00:00,1043.24,,FEET
SHA,D,6,RES ELE,2004-05-31 00:00,2004-05-31 00:00,1042.68,,FEET
SHA,D,6,RES ELE,2004-06-01 00:00,2004-06-01 00:00,1042.42,,FEET
SHA,D,6,RES ELE,2004-06-02 00:00,2004-06-02 00:00,1042.24,,FEET
SHA,D,6,RES ELE,2004-06-03 00:00,2004-06-03 00:00,1041.61,,FEET
SHA,D,6,RES ELE,2004-06-04 00:00,2004-06-04 00:00,1041.20,,FEET
SHA,D,6,RES ELE,2004-06-05 00:00,2004-06-05 00:00,1040.50,,FEET
SHA,D,6,RES ELE,2004-06-06 00:00,2004-06-06 00:00,1039.87,,FEET
SHA,D,6,RES ELE,2004-06-07 00:00,2004-06-07 00:00,1039.24,,FEET
SHA,D,6,RES ELE,2004-06-08 00:00,2004-06-08 00:00,1038.62,,FEET
SHA,D,6,RES ELE,2004-06-09 00:00,2004-06-09 00:00,1038.02,,FEET
SHA,D,6,RES ELE,2004-06-10 00:00,2004-06-10 00:00,1037.39,,FEET
SHA,D,6,RES ELE,2004-06-11 00:00,2004-06-11 00:00,1036.78,,FEET
SHA,D,6,RES ELE,2004-06-12 00:00,2004-06-12 00:00,1036.09,,FEET
SHA,D,6,RES ELE,2004-06-13 00:00,2004-06-13 00:00,1035.47,,FEET
SHA,D,6,RES ELE,2004-06-14 00:00,2004-06-14 00:00,1034.84,,FEET
SHA,D,6,RES ELE,2004-06-15 00:00,2004-06-15 00:00,1034.16,,FEET
SHA,D,6,RES ELE,2004-06-16 00:00,2004-06-16 00:00,1033.41,,FEET
SHA,D,6,RES ELE,2004-06-17 00:00,2004-06-17 00:00,1032.68,,FEET
SHA,D,6,RES ELE,2004-06-18 00:00,2004-06-18 00:00,1032.00,,FEET
SHA,D,6,RES ELE,2004-06-19 00:00,2004-06-19 00:00,1031.22,,FEET
SHA,D,6,RES ELE,2004-06-20 00:00,2004-06-20 00:00,1030.48,,FEET
SHA,D,6,RES ELE,2004-06-21 00:00,2004-06-21 00:00,1029.76,,FEET
SHA,D,6,RES ELE,2004-06-22 00:00,2004-06-22 00:00,1029.05,,FEET
SHA,D,6,RES ELE,2004-06-23 00:00,2004-06-23 00:00,1028.31,,FEET
SHA,D,6,RES ELE,2004-06-24 00:00,2004-06-24 00:00,1027.64,,FEET
SHA,D,6,RES ELE,2004-06-25 00:00,2004-06-25 00:00,1026.85,,FEET
SHA,D,6,RES ELE,2004-06-26 00:00,2004-06-26 00:00,1026.08,,FEET
SHA,D,6,RES ELE,2004-06-27 00:00,2004-06-27 00:00,1025.26,,FEET
SHA,D,6,RES ELE,2004-06-28 00:00,2004-06-28 00:00,1024.59,,FEET
SHA,D,6,RES ELE,2004-06-29 00:00,2004-06-29 00:00,1023.87,,FEET
SHA,D,6,RES ELE,2004-06-30 00:00,2004-06-30 00:00,1023.05,,FEET
SHA,D,6,RES ELE,2004-07-01 00:00,2004-07-01 00:00,1022.34,,FEET
SHA,D,6,RES ELE,2004-07-02 00:00,2004-07-02 00:00,1021.62,,FEET
SHA,D,6,RES ELE,2004-07-03 00:00,2004-07-03 00:00,1020.76,,FEET
SHA,D,6,RES ELE,2004-07-04 00:00,2004-07-04 00:00,1020.10,,FEET
SHA,D,6,RES ELE,2004-07-05 00:00,2004-07-05 00:00,1019.39,,FEET
SHA,D,6,RES ELE,2004-07-06 00:00,2004-07-06 00:00,1018.72,,FEET
SHA,D,6,RES ELE,2004-07-07 00:00,2004-07-07 00:00,1017.94,,FEET
SHA,D,6,RES ELE,2004-07-08 00:00,2004-07-08 00:00,1017.17,,FEET
SHA,D,6,RES ELE,2004-07-09 00:00,2004-07-09 00:00,1016.44,,FEET
SHA,D,6,RES ELE,2004-07-10 00:00,2004-07-10 00:00,1015.62,,FEET
SHA,D,6,RES ELE,2004-07-11 00:00,2004-07-11 00:00,1014.84,,FEET
SHA,D,6,RES ELE,2004-07-12 00:00,2004-07-12 00:00,1014.11,,FEET
SHA,D,6,RES ELE,2004-07-13 00:00,2004-07-13 00:00,1013.29,,FEET
SHA,D,6,RES ELE,2004-07-14 00:00,2004-07-14 00:00,1012.49,,FEET
SHA,D,6,RES ELE,2004-07-15 00:00,2004-07-15 00:00,1011.63,,FEET
SHA,D,6,RES ELE,2004-07-16 00:00,2004-07-16 00:00,1010.86,,FEET
SHA,D,6,RES ELE,2004-07-17 00:00,2004-07-17 00:00,1010.10,,FEET
SHA,D,6,RES ELE,2004-07-18 00:00,2004-07-18 00:00,1009.28,,FEET
SHA,D,6,RES ELE,2004-07-19 00:00,2004-07-19 00:00,1008.46,,FEET
SHA,D,6,RES ELE,2004-07-20 00:00,2004-07-20 00:00,1007.66,,FEET
SHA,D,6,RES ELE,2004-07-21 00:00,2004-07-21 00:00,1006.73,,FEET
SHA,D,6,RES ELE,2004-07-22 00:00,2004-07-22 00:00,1005.76,,FEET
SHA,D,6,RES ELE,2004-07-23 00:00,2004-07-23 00:00,1004.77,,FEET
SHA,D,6,RES ELE,2004-07-24 00:00,2004-07-24 00:00,1003.78,,FEET
SHA,D,6,RES ELE,2004-07-25 00:00,2004-07-25 00:00,1002.86,,FEET
SHA,D,6,RES ELE,2004-07-26 00:00,2004-07-26 00:00,1001.91,,FEET
SHA,D,6,RES ELE,2004-07-27 00:00,2004-07-27 00:00,1001.04,,FEET
SHA,D,6,RES ELE,2004-07-28 00:00,2004-07-28 00:00,1000.22,,FEET
SHA,D,6,RES ELE,2004-07-29 00:00,2004-07-29 00:00,999.54,,FEET
SHA,D,6,RES ELE,2004-07-30 00:00,2004-07-30 00:00,998.79,,FEET
SHA,D,6,RES ELE,2004-07-31 00:00,2004-07-31 00:00,997.99,,FEET
SHA,D,6,RES ELE,2004-08-01 00:00,2004-08-01 00:00,997.21,,FEET
SHA,D,6,RES ELE,2004-08-02 00:00,2004-08-02 00:00,996.46,,FEET
SHA,D,6,RES ELE,2004-08-03 00:00,2004-08-03 00:00,995.79,,FEET
SHA,D,6,RES ELE,2004-08-04 00:00,2004-08-04 00:00,995.05,,FEET
SHA,D,6,RES ELE,2004-08-05 00:00,2004-08-05 00:00,994.23,,FEET
SHA,D,6,RES ELE,2004-08-06 00:00,2004-08-06 00:00,993.43,,FEET
SHA,D,6,RES ELE,2004-08-07 00:00,2004-08-07 00:00,992.73,,FEET
SHA,D,6,RES ELE,2004-08-08 00:00,2004-08-08 00:00,992.07,,FEET
SHA,D,6,RES ELE,2004-08-09 00:00,2004-08-09 00:00,991.29,,FEET
SHA,D,6,RES ELE,2004-08-10 00:00,2004-08-10 00:00,990.67,,FEET
SHA,D,6,RES ELE,2004-08-11 00:00,2004-08-11 00:00,990.09,,FEET
SHA,D,6,RES ELE,2004-08-12 00:00,2004-08-12 00:00,989.50,,FEET
SHA,D,6,RES ELE,2004-08-13 00:00,2004-08-13 00:00,988.93,,FEET
SHA,D,6,RES ELE,2004-08-14 00:00,2004-08-14 00:00,988.52,,FEET
SHA,D,6,RES ELE,2004-08-15 00:00,2004-08-15 00:00,988.08,,FEET
SHA,D,6,RES ELE,2004-08-16 00:00,2004-08-16 00:00,987.47,,FEET
SHA,D,6,RES ELE,2004-08-17 00:00,2004-08-17 00:00,986.84,,FEET
SHA,D,6,RES ELE,2004-08-18 00:00,2004-08-18 00:00,986.25,,FEET
SHA,D,6,RES ELE,2004-08-19 00:00,2004-08-19 00:00,985.71,,FEET
SHA,D,6,RES ELE,2004-08-20 00:00,2004-08-20 00:00,985.14,,FEET
SHA,D,6,RES ELE,2004-08-21 00:00,2004-08-21 00:00,984.62,,FEET
SHA,D,6,RES ELE,2004-08-22 00:00,2004-08-22 00:00,984.16,,FEET
SHA,D,6,RES ELE,2004-08-23 00:00,2004-08-23 00:00,983.66,,FEET
SHA,D,6,RES ELE,2004-08-24 00:00,2004-08-24 00:00,983.30,,FEET
SHA,D,6,RES ELE,2004-08-25 00:00,2004-08-25 00:00,982.91,,FEET
SHA,D,6,RES ELE,2004-08-26 00:00,2004-08-26 00:00,982.33,,FEET
SHA,D,6,RES ELE,2004-08-27 00:00,2004-08-27 00:00,981.74,,FEET
SHA,D,6,RES ELE,2004-08-28 00:00,2004-08-28 00:00,981.20,,FEET
SHA,D,6,RES ELE,2004-08-29 00:00,2004-08-29 00:00,980.62,,FEET
SHA,D,6,RES ELE,2004-08-30 00:00,2004-08-30 00:00,980.14,,FEET
SHA,D,6,RES ELE,2004-08-31 00:00,2004-08-31 00:00,979.71,,FEET
SHA,D,6,RES ELE,2004-09-01 00:00,2004-09-01 00:00,979.40,,FEET
SHA,D,6,RES ELE,2004-09-02 00:00,2004-09-02 00:00,979.00,,FEET
SHA,D,6,RES ELE,2004-09-03 00:00,2004-09-03 00:00,978.56,,FEET
SHA,D,6,RES ELE,2004-09-04 00:00,2004-09-04 00:00,978.14,,FEET
SHA,D,6,RES ELE,2004-09-05 00:00,2004-09-05 00:00,977.72,,FEET
SHA,D,6,RES ELE,2004-09-06 00:00,2004-09-06 00:00,977.40,,FEET
SHA,D,6,RES ELE,2004-09-07 00:00,2004-09-07 00:00,977.07,,FEET
SHA,D,6,RES ELE,2004-09-08 00:00,2004-09-08 00:00,976.58,,FEET
SHA,D,6,RES ELE,2004-09-09 00:00,2004-09-09 00:00,976.12,,FEET
SHA,D,6,RES ELE,2004-09-10 00:00,2004-09-10 00:00,975.58,,FEET
SHA,D,6,RES ELE,2004-09-11 00:00,2004-09-11 00:00,975.13,,FEET
SHA,D,6,RES ELE,2004-09-12 00:00,2004-09-12 00:00,974.64,,FEET
SHA,D,6,RES ELE,2004-09-13 00:00,2004-09-13 00:00,974.21,,FEET
SHA,D,6,RES ELE,2004-09-14 00:00,2004-09-14 00:00,973.67,,FEET
SHA,D,6,RES ELE,2004-09-15 00:00,2004-09-15 00:00,973.17,,FEET
SHA,D,6,RES ELE,2004-09-16 00:00,2004-09-16 00:00,972.66,,FEET
SHA,D,6,RES ELE,2004-09-17 00:00,2004-09-17 00:00,971.99,,FEET
SHA,D,6,RES ELE,2004-09-18 00:00,2004-09-18 00:00,971.30,,FEET
SHA,D,6,RES ELE,2004-09-19 00:00,2004-09-19 00:00,970.85,,FEET
SHA,D,6,RES ELE,2004-09-20 00:00,2004-09-20 00:00,970.42,,FEET
SHA,D,6,RES ELE,2004-09-21 00:00,2004-09-21 00:00,970.04,,FEET
SHA,D,6,RES ELE,2004-09-22 00:00,2004-09-22 00:00,969.62,,FEET
SHA,D,6,RES ELE,2004-09-23 00:00,2004-09-23 00:00,969.28,,FEET
SHA,D,6,RES ELE,2004-09-24 00:00,2004-09-24 00:00,968.99,,FEET
SHA,D,6,RES ELE,2004-09-25 00:00,2004-09-25 00:00,968.72,,FEET
SHA,D,6,RES ELE,2004-09-26 00:00,2004-09-26 00:00,968.39,,FEET
SHA,D,6,RES ELE,2004-09-27 00:00,2004-09-27 00:00,968.16,,FEET
SHA,D,6,RES ELE,2004-09-28 00:00,2004-09-28 00:00,967.99,,FEET
SHA,D,6,RES ELE,2004-09-29 00:00,2004-09-29 00:00,967.79,,FEET
SHA,D,6,RES ELE,2004-09-30 00:00,2004-09-30 00:00,967.64,,FEET
SHA,D,6,RES ELE,2004-10-01 00:00,2004-10-01 00:00,967.42,,FEET
SHA,D,6,RES ELE,2004-10-02 00:00,2004-10-02 00:00,967.27,,FEET
SHA,D,6,RES ELE,2004-10-03 00:00,2004-10-03 00:00,967.24,,FEET
SHA,D,6,RES ELE,2004-10-04 00:00,2004-10-04 00:00,967.23,,FEET
SHA,D,6,RES ELE,2004-10-05 00:00,2004-10-05 00:00,967.10,,FEET
SHA,D,6,RES ELE,2004-10-06 00:00,2004-10-06 00:00,967.06,,FEET
SHA,D,6,RES ELE,2004-10-07 00:00,2004-10-07 00:00,967.05,,FEET
SHA,D,6,RES ELE,2004-10-08 00:00,2004-10-08 00:00,967.16,,FEET
SHA,D,6,RES ELE,2004-10-09 00:00,2004-10-09 00:00,967.02,,FEET
SHA,D,6,RES ELE,2004-10-10 00:00,2004-10-10 00:00,966.96,,FEET
SHA,D,6,RES ELE,2004-10-11 00:00,2004-10-11 00:00,966.82,,FEET
SHA,D,6,RES ELE,2004-10-12 00:00,2004-10-12 00:00,966.68,,FEET
SHA,D,6,RES ELE,2004-10-13 00:00,2004-10-13 00:00,966.62,,FEET
SHA,D,6,RES ELE,2004-10-14 00:00,2004-10-14 00:00,966.42,,FEET
SHA,D,6,RES ELE,2004-10-15 00:00,2004-10-15 00:00,966.22,,FEET
SHA,D,6,RES ELE,2004-10-16 00:00,2004-10-16 00:00,965.98,,FEET
SHA,D,6,RES ELE,2004-10-17 00:00,2004-10-17 00:00,965.89,,FEET
SHA,D,6,RES ELE,2004-10-18 00:00,2004-10-18 00:00,965.89,,FEET
SHA,D,6,RES ELE,2004-10-19 00:00,2004-10-19 00:00,966.58,,FEET
SHA,D,6,RES ELE,2004-10-20 00:00,2004-10-20 00:00,966.85,,FEET
SHA,D,6,RES ELE,2004-10-21 00:00,2004-10-21 00:00,966.68,,FEET
SHA,D,6,RES ELE,2004-10-22 00:00,2004-10-22 00:00,966.44,,FEET
SHA,D,6,RES ELE,2004-10-23 00:00,2004-10-23 00:00,966.54,,FEET
SHA,D,6,RES ELE,2004-10-24 00:00,2004-10-24 00:00,966.39,,FEET
SHA,D,6,RES ELE,2004-10-25 00:00,2004-10-25 00:00,966.29,,FEET
SHA,D,6,RES ELE,2004-10-26 00:00,2004-10-26 00:00,966.48,,FEET
SHA,D,6,RES ELE,2004-10-27 00:00,2004-10-27 00:00,966.53,,FEET
SHA,D,6,RES ELE,2004-10-28 00:00,2004-10-28 00:00,966.54,,FEET
SHA,D,6,RES ELE,2004-10-29 00:00,2004-10-29 00:00,966.49,,FEET
SHA,D,6,RES ELE,2004-10-30 00:00,2004-10-30 00:00,966.47,,FEET
SHA,D,6,RES ELE,2004-10-31 00:00,2004-10-31 00:00,966.32,,FEET
SHA,D,6,RES ELE,2004-11-01 00:00,2004-11-01 00:00,966.18,,FEET
SHA,D,6,RES ELE,2004-11-02 00:00,2004-11-02 00:00,966.36,,FEET
SHA,D,6,RES ELE,2004-11-03 00:00,2004-11-03 00:00,966.10,,FEET
SHA,D,6,RES ELE,2004-11-04 00:00,2004-11-04 00:00,965.95,,FEET
SHA,D,6,RES ELE,2004-11-05 00:00,2004-11-05 00:00,965.80,,FEET
SHA,D,6,RES ELE,2004-11-06 00:00,2004-11-06 00:00,965.77,,FEET
SHA,D,6,RES ELE,2004-11-07 00:00,2004-11-07 00:00,965.65,,FEET
SHA,D,6,RES ELE,2004-11-08 00:00,2004-11-08 00:00,965.36,,FEET
SHA,D,6,RES ELE,2004-11-09 00:00,2004-11-09 00:00,965.06,,FEET
SHA,D,6,RES ELE,2004-11-10 00:00,2004-11-10 00:00,964.94,,FEET
SHA,D,6,RES ELE,2004-11-11 00:00,2004-11-11 00:00,964.94,,FEET
SHA,D,6,RES ELE,2004-11-12 00:00,2004-11-12 00:00,964.90,,FEET
SHA,D,6,RES ELE,2004-11-13 00:00,2004-11-13 00:00,965.01,,FEET
SHA,D,6,RES ELE,2004-11-14 00:00,2004-11-14 00:00,965.03,,FEET
SHA,D,6,RES ELE,2004-11-15 00:00,2004-11-15 00:00,965.05,,FEET
SHA,D,6,RES ELE,2004-11-16 00:00,2004-11-16 00:00,965.03,,FEET
SHA,D,6,RES ELE,2004-11-17 00:00,2004-11-17 00:00,964.98,,FEET
SHA,D,6,RES ELE,2004-11-18 00:00,2004-11-18 00:00,964.90,,FEET
SHA,D,6,RES ELE,2004-11-19 00:00,2004-11-19 00:00,964.86,,FEET
SHA,D,6,RES ELE,2004-11-20 00:00,2004-11-20 00:00,964.72,,FEET
SHA,D,6,RES ELE,2004-11-21 00:00,2004-11-21 00:00,964.65,,FEET
SHA,D,6,RES ELE,2004-11-22 00:00,2004-11-22 00:00,964.56,,FEET
SHA,D,6,RES ELE,2004-11-23 00:00,2004-11-23 00:00,964.50,,FEET
SHA,D,6,RES ELE,2004-11-24 00:00,2004-11-24 00:00,964.44,,FEET
SHA,D,6,RES ELE,2004-11-25 00:00,2004-11-25 00:00,964.43,,FEET
SHA,D,6,RES ELE,2004-11-26 00:00,2004-11-26 00:00,964.43,,FEET
SHA,D,6,RES ELE,2004-11-27 00:00,2004-11-27 00:00,964.47,,FEET
SHA,D,6,RES ELE,2004-11-28 00:00,2004-11-28 00:00,964.45,,FEET
SHA,D,6,RES ELE,2004-11-29 00:00,2004-11-29 00:00,964.40,,FEET
SHA,D,6,RES ELE,2004-11-30 00:00,2004-11-30 00:00,964.39,,FEET
SHA,D,6,RES ELE,2004-12-01 00:00,2004-12-01 00:00,964.38,,FEET
SHA,D,6,RES ELE,2004-12-02 00:00,2004-12-02 00:00,964.36,,FEET
SHA,D,6,RES ELE,2004-12-03 00:00,2004-12-03 00:00,964.24,,FEET
SHA,D,6,RES ELE,2004-12-04 00:00,2004-12-04 00:00,964.28,,FEET
SHA,D,6,RES ELE,2004-12-05 00:00,2004-12-05 00:00,964.30,,FEET
SHA,D,6,RES ELE,2004-12-06 00:00,2004-12-06 00:00,964.65,,FEET
SHA,D,6,RES ELE,2004-12-07 00:00,2004-12-07 00:00,965.39,,FEET
SHA,D,6,RES ELE,2004-12-08 00:00,2004-12-08 00:00,968.17,,FEET
SHA,D,6,RES ELE,2004-12-09 00:00,2004-12-09 00:00,969.59,,FEET
SHA,D,6,RES ELE,2004-12-10 00:00,2004-12-10 00:00,970.38,,FEET
SHA,D,6,RES ELE,2004-12-11 00:00,2004-12-11 00:00,970.95,,FEET
SHA,D,6,RES ELE,2004-12-12 00:00,2004-12-12 00:00,971.40,,FEET
SHA,D,6,RES ELE,2004-12-13 00:00,2004-12-13 00:00,971.68,,FEET
SHA,D,6,RES ELE,2004-12-14 00:00,2004-12-14 00:00,971.88,,FEET
SHA,D,6,RES ELE,2004-12-15 00:00,2004-12-15 00:00,972.16,,FEET
SHA,D,6,RES ELE,2004-12-16 00:00,2004-12-16 00:00,972.38,,FEET
SHA,D,6,RES ELE,2004-12-17 00:00,2004-12-17 00:00,972.58,,FEET
SHA,D,6,RES ELE,2004-12-18 00:00,2004-12-18 00:00,972.79,,FEET
SHA,D,6,RES ELE,2004-12-19 00:00,2004-12-19 00:00,972.94,,FEET
SHA,D,6,RES ELE,2004-12-20 00:00,2004-12-20 00:00,973.17,,FEET
SHA,D,6,RES ELE,2004-12-21 00:00,2004-12-21 00:00,973.31,,FEET
SHA,D,6,RES ELE,2004-12-22 00:00,2004-12-22 00:00,973.41,,FEET
SHA,D,6,RES ELE,2004-12-23 00:00,2004-12-23 00:00,973.51,,FEET
SHA,D,6,RES ELE,2004-12-24 00:00,2004-12-24 00:00,973.51,,FEET
SHA,D,6,RES ELE,2004-12-25 00:00,2004-12-25 00:00,973.58,,FEET
SHA,D,6,RES ELE,2004-12-26 00:00,2004-12-26 00:00,973.95,,FEET
SHA,D,6,RES ELE,2004-12-27 00:00,2004-12-27 00:00,974.95,,FEET
SHA,D,6,RES ELE,2004-12-28 00:00,2004-12-28 00:00,976.06,,FEET
SHA,D,6,RES ELE,2004-12-29 00:00,2004-12-29 00:00,977.15,,FEET
SHA,D,6,RES ELE,2004-12-30 00:00,2004-12-30 00:00,978.75,,FEET
SHA,D,6,RES ELE,2004-12-31 00:00,2004-12-31 00:00,980.06,,FEET
SHA,D,6,RES ELE,2005-01-01 00:00,2005-01-01 00:00,981.09,,FEET
SHA,D,6,RES ELE,2005-01-02 00:00,2005-01-02 00:00,982.22,,FEET
SHA,D,6,RES ELE,2005-01-03 00:00,2005-01-03 00:00,982.95,,FEET
SHA,D,6,RES ELE,2005-01-04 00:00,2005-01-04 00:00,983.37,,FEET
SHA,D,6,RES ELE,2005-01-05 00:00,2005-01-05 00:00,983.69,,FEET
SHA,D,6,RES ELE,2005-01-06 00:00,2005-01-06 00:00,983.90,,FEET
SHA,D,6,RES ELE,2005-01-07 00:00,2005-01-07 00:00,984.27,,FEET
SHA,D,6,RES ELE,2005-01-08 00:00,2005-01-08 00:00,984.70,,FEET
SHA,D,6,RES ELE,2005-01-09 00:00,2005-01-09 00:00,985.15,,FEET
SHA,D,6,RES ELE,2005-01-10 00:00,2005-01-10 00:00,985.72,,FEET
SHA,D,6,RES ELE,2005-01-11 00:00,2005-01-11 00:00,986.34,,FEET
SHA,D,6,RES ELE,2005-01-12 00:00,2005-01-12 00:00,986.75,,FEET
SHA,D,6,RES ELE,2005-01-13 00:00,2005-01-13 00:00,987.14,,FEET
SHA,D,6,RES ELE,2005-01-14 00:00,2005-01-14 00:00,987.56,,FEET
SHA,D,6,RES ELE,2005-01-15 00:00,2005-01-15 00:00,987.95,,FEET
SHA,D,6,RES ELE,2005-01-16 00:00,2005-01-16 00:00,988.33,,FEET
SHA,D,6,RES ELE,2005-01-17 00:00,2005-01-17 00:00,988.68,,FEET
SHA,D,6,RES ELE,2005-01-18 00:00,2005-01-18 00:00,989.01,,FEET
SHA,D,6,RES ELE,2005-01-19 00:00,2005-01-19 00:00,989.39,,FEET
SHA,D,6,RES ELE,2005-01-20 00:00,2005-01-20 00:00,989.85,,FEET
SHA,D,6,RES ELE,2005-01-21 00:00,2005-01-21 00:00,990.25,,FEET
SHA,D,6,RES ELE,2005-01-22 00:00,2005-01-22 00:00,990.64,,FEET
SHA,D,6,RES ELE,2005-01-23 00:00,2005-01-23 00:00,990.96,,FEET
SHA,D,6,RES ELE,2005-01-24 00:00,2005-01-24 00:00,991.34,,FEET
SHA,D,6,RES ELE,2005-01-25 00:00,2005-01-25 00:00,991.85,,FEET
SHA,D,6,RES ELE,2005-01-26 00:00,2005-01-26 00:00,993.34,,FEET
SHA,D,6,RES ELE,2005-01-27 00:00,2005-01-27 00:00,994.51,,FEET
SHA,D,6,RES ELE,2005-01-28 00:00,2005-01-28 00:00,996.60,,FEET
SHA,D,6,RES ELE,2005-01-29 00:00,2005-01-29 00:00,998.22,,FEET
SHA,D,6,RES ELE,2005-01-30 00:00,2005-01-30 00:00,999.42,,FEET
SHA,D,6,RES ELE,2005-01-31 00:00,2005-01-31 00:00,1000.16,,FEET
SHA,D,6,RES ELE,2005-02-01 00:00,2005-02-01 00:00,1000.90,,FEET
SHA,D,6,RES ELE,2005-02-02 00:00,2005-02-02 00:00,1001.61,,FEET
SHA,D,6,RES ELE,2005-02-03 00:00,2005-02-03 00:00,1002.21,,FEET
SHA,D,6,RES ELE,2005-02-04 00:00,2005-02-04 00:00,1002.92,,FEET
SHA,D,6,RES ELE,2005-02-05 00:00,2005-02-05 00:00,1003.55,,FEET
SHA,D,6,RES ELE,2005-02-06 00:00,2005-02-06 00:00,1004.01,,FEET
SHA,D,6,RES ELE,2005-02-07 00:00,2005-02-07 00:00,1004.41,,FEET
SHA,D,6,RES ELE,2005-02-08 00:00,2005-02-08 00:00,1004.66,,FEET
SHA,D,6,RES ELE,2005-02-09 00:00,2005-02-09 00:00,1004.90,,FEET
SHA,D,6,RES ELE,2005-02-10 00:00,2005-02-10 00:00,1005.09,,FEET
SHA,D,6,RES ELE,2005-02-11 00:00,2005-02-11 00:00,1005.38,,FEET
SHA,D,6,RES ELE,2005-02-12 00:00,2005-02-12 00:00,1005.55,,FEET
SHA,D,6,RES ELE,2005-02-13 00:00,2005-02-13 00:00,1006.05,,FEET
SHA,D,6,RES ELE,2005-02-14 00:00,2005-02-14 00:00,1006.55,,FEET
SHA,D,6,RES ELE,2005-02-15 00:00,2005-02-15 00:00,1006.99,,FEET
SHA,D,6,RES ELE,2005-02-16 00:00,2005-02-16 00:00,1007.36,,FEET
SHA,D,6,RES ELE,2005-02-17 00:00,2005-02-17 00:00,1007.72,,FEET
SHA,D,6,RES ELE,2005-02-18 00:00,2005-02-18 00:00,1008.23,,FEET
SHA,D,6,RES ELE,2005-02-19 00:00,2005-02-19 00:00,1008.67,,FEET
SHA,D,6,RES ELE,2005-02-20 00:00,2005-02-20 00:00,1009.79,,FEET
SHA,D,6,RES ELE,2005-02-21 00:00,2005-02-21 00:00,1010.74,,FEET
SHA,D,6,RES ELE,2005-02-22 00:00,2005-02-22 00:00,1011.42,,FEET
SHA,D,6,RES ELE,2005-02-23 00:00,2005-02-23 00:00,1012.10,,FEET
SHA,D,6,RES ELE,2005-02-24 00:00,2005-02-24 00:00,1012.48,,FEET
SHA,D,6,RES ELE,2005-02-25 00:00,2005-02-25 00:00,1012.86,,FEET
SHA,D,6,RES ELE,2005-02-26 00:00,2005-02-26 00:00,1013.24,,FEET
SHA,D,6,RES ELE,2005-02-27 00:00,2005-02-27 00:00,1013.98,,FEET
SHA,D,6,RES ELE,2005-02-28 00:00,2005-02-28 00:00,1015.01,,FEET
SHA,D,6,RES ELE,2005-03-01 00:00,2005-03-01 00:00,1016.01,,FEET
SHA,D,6,RES ELE,2005-03-02 00:00,2005-03-02 00:00,1017.06,,FEET
SHA,D,6,RES ELE,2005-03-03 00:00,2005-03-03 00:00,1017.94,,FEET
SHA,D,6,RES ELE,2005-03-04 00:00,2005-03-04 00:00,1018.70,,FEET
SHA,D,6,RES ELE,2005-03-05 00:00,2005-03-05 00:00,1019.49,,FEET
SHA,D,6,RES ELE,2005-03-06 00:00,2005-03-06 00:00,1020.09,,FEET
SHA,D,6,RES ELE,2005-03-07 00:00,2005-03-07 00:00,1020.72,,FEET
SHA,D,6,RES ELE,2005-03-08 00:00,2005-03-08 00:00,1021.33,,FEET
SHA,D,6,RES ELE,2005-03-09 00:00,2005-03-09 00:00,1021.91,,FEET
SHA,D,6,RES ELE,2005-03-10 00:00,2005-03-10 00:00,1022.41,,FEET
SHA,D,6,RES ELE,2005-03-11 00:00,2005-03-11 00:00,1022.86,,FEET
SHA,D,6,RES ELE,2005-03-12 00:00,2005-03-12 00:00,1023.21,,FEET
SHA,D,6,RES ELE,2005-03-13 00:00,2005-03-13 00:00,1023.64,,FEET
SHA,D,6,RES ELE,2005-03-14 00:00,2005-03-14 00:00,1024.13,,FEET
SHA,D,6,RES ELE,2005-03-15 00:00,2005-03-15 00:00,1024.40,,FEET
SHA,D,6,RES ELE,2005-03-16 00:00,2005-03-16 00:00,1024.75,,FEET
SHA,D,6,RES ELE,2005-03-17 00:00,2005-03-17 00:00,1025.08,,FEET
SHA,D,6,RES ELE,2005-03-18 00:00,2005-03-18 00:00,1025.45,,FEET
SHA,D,6,RES ELE,2005-03-19 00:00,2005-03-19 00:00,1026.19,,FEET
SHA,D,6,RES ELE,2005-03-20 00:00,2005-03-20 00:00,1027.03,,FEET
SHA,D,6,RES ELE,2005-03-21 00:00,2005-03-21 00:00,1028.12,,FEET
SHA,D,6,RES ELE,2005-03-22 00:00,2005-03-22 00:00,1030.42,,FEET
SHA,D,6,RES ELE,2005-03-23 00:00,2005-03-23 00:00,1032.36,,FEET
SHA,D,6,RES ELE,2005-03-24 00:00,2005-03-24 00:00,1033.81,,FEET
SHA,D,6,RES ELE,2005-03-25 00:00,2005-03-25 00:00,1034.98,,FEET
SHA,D,6,RES ELE,2005-03-26 00:00,2005-03-26 00:00,1035.98,,FEET
SHA,D,6,RES ELE,2005-03-27 00:00,2005-03-27 00:00,1037.27,,FEET
SHA,D,6,RES ELE,2005-03-28 00:00,2005-03-28 00:00,1038.53,,FEET
SHA,D,6,RES ELE,2005-03-29 00:00,2005-03-29 00:00,1039.60,,FEET
SHA,D,6,RES ELE,2005-03-30 00:00,2005-03-30 00:00,1040.52,,FEET
SHA,D,6,RES ELE,2005-03-31 00:00,2005-03-31 00:00,1041.30,,FEET
SHA,D,6,RES ELE,2005-04-01 00:00,2005-04-01 00:00,1041.96,,FEET
SHA,D,6,RES ELE,2005-04-02 00:00,2005-04-02 00:00,1042.61,,FEET
SHA,D,6,RES ELE,2005-04-03 00:00,2005-04-03 00:00,1043.35,,FEET
SHA,D,6,RES ELE,2005-04-04 00:00,2005-04-04 00:00,1044.11,,FEET
SHA,D,6,RES ELE,2005-04-05 00:00,2005-04-05 00:00,1044.72,,FEET
SHA,D,6,RES ELE,2005-04-06 00:00,2005-04-06 00:00,1045.25,,FEET
SHA,D,6,RES ELE,2005-04-07 00:00,2005-04-07 00:00,1045.89,,FEET
SHA,D,6,RES ELE,2005-04-08 00:00,2005-04-08 00:00,1046.74,,FEET
SHA,D,6,RES ELE,2005-04-09 00:00,2005-04-09 00:00,1047.44,,FEET
SHA,D,6,RES ELE,2005-04-10 00:00,2005-04-10 00:00,1048.12,,FEET
SHA,D,6,RES ELE,2005-04-11 00:00,2005-04-11 00:00,1048.67,,FEET
SHA,D,6,RES ELE,2005-04-12 00:00,2005-04-12 00:00,1049.24,,FEET
SHA,D,6,RES ELE,2005-04-13 00:00,2005-04-13 00:00,1049.76,,FEET
SHA,D,6,RES ELE,2005-04-14 00:00,2005-04-14 00:00,1050.25,,FEET
SHA,D,6,RES ELE,2005-04-15 00:00,2005-04-15 00:00,1050.71,,FEET
SHA,D,6,RES ELE,2005-04-16 00:00,2005-04-16 00:00,1051.10,,FEET
SHA,D,6,RES ELE,2005-04-17 00:00,2005-04-17 00:00,1051.45,,FEET
SHA,D,6,RES ELE,2005-04-18 00:00,2005-04-18 00:00,1051.85,,FEET
SHA,D,6,RES ELE,2005-04-19 00:00,2005-04-19 00:00,1052.18,,FEET
SHA,D,6,RES ELE,2005-04-20 00:00,2005-04-20 00:00,1052.49,,FEET
SHA,D,6,RES ELE,2005-04-21 00:00,2005-04-21 00:00,1052.78,,FEET
SHA,D,6,RES ELE,2005-04-22 00:00,2005-04-22 00:00,1053.12,,FEET
SHA,D,6,RES ELE,2005-04-23 00:00,2005-04-23 00:00,1053.47,,FEET
SHA,D,6,RES ELE,2005-04-24 00:00,2005-04-24 00:00,1053.76,,FEET
SHA,D,6,RES ELE,2005-04-25 00:00,2005-04-25 00:00,1054.00,,FEET
SHA,D,6,RES ELE,2005-04-26 00:00,2005-04-26 00:00,1054.16,,FEET
SHA,D,6,RES ELE,2005-04-27 00:00,2005-04-27 00:00,1054.34,,FEET
SHA,D,6,RES ELE,2005-04-28 00:00,2005-04-28 00:00,1054.58,,FEET
SHA,D,6,RES ELE,2005-04-29 00:00,2005-04-29 00:00,1054.84,,FEET
SHA,D,6,RES ELE,2005-04-30 00:00,2005-04-30 00:00,1055.14,,FEET
SHA,D,6,RES ELE,2005-05-01 00:00,2005-05-01 00:00,1055.39,,FEET
SHA,D,6,RES ELE,2005-05-02 00:00,2005-05-02 00:00,1055.66,,FEET
SHA,D,6,RES ELE,2005-05-03 00:00,2005-05-03 00:00,1055.87,,FEET
SHA,D,6,RES ELE,2005-05-04 00:00,2005-05-04 00:00,1056.10,,FEET
SHA,D,6,RES ELE,2005-05-05 00:00,2005-05-05 00:00,1056.68,,FEET
SHA,D,6,RES ELE,2005-05-06 00:00,2005-05-06 00:00,1057.15,,FEET
SHA,D,6,RES ELE,2005-05-07 00:00,2005-05-07 00:00,1057.64,,FEET
SHA,D,6,RES ELE,2005-05-08 00:00,2005-05-08 00:00,1059.03,,FEET
SHA,D,6,RES ELE,2005-05-09 00:00,2005-05-09 00:00,1061.49,,FEET
SHA,D,6,RES ELE,2005-05-10 00:00,2005-05-10 00:00,1062.92,,FEET
SHA,D,6,RES ELE,2005-05-11 00:00,2005-05-11 00:00,1063.47,,FEET
SHA,D,6,RES ELE,2005-05-12 00:00,2005-05-12 00:00,1063.57,,FEET
SHA,D,6,RES ELE,2005-05-13 00:00,2005-05-13 00:00,1063.40,,FEET
SHA,D,6,RES ELE,2005-05-14 00:00,2005-05-14 00:00,1063.32,,FEET
SHA,D,6,RES ELE,2005-05-15 00:00,2005-05-15 00:00,1063.22,,FEET
SHA,D,6,RES ELE,2005-05-16 00:00,2005-05-16 00:00,1064.15,,FEET
SHA,D,6,RES ELE,2005-05-17 00:00,2005-05-17 00:00,1062.68,,FEET
SHA,D,6,RES ELE,2005-05-18 00:00,2005-05-18 00:00,1062.76,,FEET
SHA,D,6,RES ELE,2005-05-19 00:00,2005-05-19 00:00,1063.49,,FEET
SHA,D,6,RES ELE,2005-05-20 00:00,2005-05-20 00:00,1064.05,,FEET
SHA,D,6,RES ELE,2005-05-21 00:00,2005-05-21 00:00,1064.29,,FEET
SHA,D,6,RES ELE,2005-05-22 00:00,2005-05-22 00:00,1064.34,,FEET
SHA,D,6,RES ELE,2005-05-23 00:00,2005-05-23 00:00,1064.23,,FEET
SHA,D,6,RES ELE,2005-05-24 00:00,2005-05-24 00:00,1064.64,,FEET
SHA,D,6,RES ELE,2005-05-25 00:00,2005-05-25 00:00,1064.69,,FEET
SHA,D,6,RES ELE,2005-05-26 00:00,2005-05-26 00:00,1064.73,,FEET
SHA,D,6,RES ELE,2005-05-27 00:00,2005-05-27 00:00,1064.65,,FEET
SHA,D,6,RES ELE,2005-05-28 00:00,2005-05-28 00:00,1064.61,,FEET
SHA,D,6,RES ELE,2005-05-29 00:00,2005-05-29 00:00,1064.42,,FEET
SHA,D,6,RES ELE,2005-05-30 00:00,2005-05-30 00:00,1064.34,,FEET
SHA,D,6,RES ELE,2005-05-31 00:00,2005-05-31 00:00,1064.16,,FEET
SHA,D,6,RES ELE,2005-06-01 00:00,2005-06-01 00:00,1064.04,,FEET
SHA,D,6,RES ELE,2005-06-02 00:00,2005-06-02 00:00,1063.81,,FEET
SHA,D,6,RES ELE,2005-06-03 00:00,2005-06-03 00:00,1063.66,,FEET
SHA,D,6,RES ELE,2005-06-04 00:00,2005-06-04 00:00,1063.41,,FEET
SHA,D,6,RES ELE,2005-06-05 00:00,2005-06-05 00:00,1063.26,,FEET
SHA,D,6,RES ELE,2005-06-06 00:00,2005-06-06 00:00,1063.00,,FEET
SHA,D,6,RES ELE,2005-06-07 00:00,2005-06-07 00:00,1062.72,,FEET
SHA,D,6,RES ELE,2005-06-08 00:00,2005-06-08 00:00,1062.54,,FEET
SHA,D,6,RES ELE,2005-06-09 00:00,2005-06-09 00:00,1062.27,,FEET
SHA,D,6,RES ELE,2005-06-10 00:00,2005-06-10 00:00,1061.93,,FEET
SHA,D,6,RES ELE,2005-06-11 00:00,2005-06-11 00:00,1061.59,,FEET
SHA,D,6,RES ELE,2005-06-12 00:00,2005-06-12 00:00,1061.24,,FEET
SHA,D,6,RES ELE,2005-06-13 00:00,2005-06-13 00:00,1060.80,,FEET
SHA,D,6,RES ELE,2005-06-14 00:00,2005-06-14 00:00,1060.43,,FEET
SHA,D,6,RES ELE,2005-06-15 00:00,2005-06-15 00:00,1060.02,,FEET
SHA,D,6,RES ELE,2005-06-16 00:00,2005-06-16 00:00,1059.81,,FEET
SHA,D,6,RES ELE,2005-06-17 00:00,2005-06-17 00:00,1059.72,,FEET
SHA,D,6,RES ELE,2005-06-18 00:00,2005-06-18 00:00,1059.88,,FEET
SHA,D,6,RES ELE,2005-06-19 00:00,2005-06-19 00:00,1059.83,,FEET
SHA,D,6,RES ELE,2005-06-20 00:00,2005-06-20 00:00,1059.72,,FEET
SHA,D,6,RES ELE,2005-06-21 00:00,2005-06-21 00:00,1059.51,,FEET
SHA,D,6,RES ELE,2005-06-22 00:00,2005-06-22 00:00,1059.14,,FEET
SHA,D,6,RES ELE,2005-06-23 00:00,2005-06-23 00:00,1058.78,,FEET
SHA,D,6,RES ELE,2005-06-24 00:00,2005-06-24 00:00,1058.24,,FEET
SHA,D,6,RES ELE,2005-06-25 00:00,2005-06-25 00:00,1057.71,,FEET
SHA,D,6,RES ELE,2005-06-26 00:00,2005-06-26 00:00,1057.24,,FEET
SHA,D,6,RES ELE,2005-06-27 00:00,2005-06-27 00:00,1056.72,,FEET
SHA,D,6,RES ELE,2005-06-28 00:00,2005-06-28 00:00,1056.27,,FEET
SHA,D,6,RES ELE,2005-06-29 00:00,2005-06-29 00:00,1055.88,,FEET
SHA,D,6,RES ELE,2005-06-30 00:00,2005-06-30 00:00,1055.49,,FEET
SHA,D,6,RES ELE,2005-07-01 00:00,2005-07-01 00:00,1055.03,,FEET
SHA,D,6,RES ELE,2005-07-02 00:00,2005-07-02 00:00,1054.45,,FEET
SHA,D,6,RES ELE,2005-07-03 00:00,2005-07-03 00:00,1053.92,,FEET
SHA,D,6,RES ELE,2005-07-04 00:00,2005-07-04 00:00,1053.32,,FEET
SHA,D,6,RES ELE,2005-07-05 00:00,2005-07-05 00:00,1052.72,,FEET
SHA,D,6,RES ELE,2005-07-06 00:00,2005-07-06 00:00,1052.10,,FEET
SHA,D,6,RES ELE,2005-07-07 00:00,2005-07-07 00:00,1051.50,,FEET
SHA,D,6,RES ELE,2005-07-08 00:00,2005-07-08 00:00,1050.72,,FEET
SHA,D,6,RES ELE,2005-07-09 00:00,2005-07-09 00:00,1050.06,,FEET
SHA,D,6,RES ELE,2005-07-10 00:00,2005-07-10 00:00,1049.35,,FEET
SHA,D,6,RES ELE,2005-07-11 00:00,2005-07-11 00:00,1048.70,,FEET
SHA,D,6,RES ELE,2005-07-12 00:00,2005-07-12 00:00,1047.94,,FEET
SHA,D,6,RES ELE,2005-07-13 00:00,2005-07-13 00:00,1047.24,,FEET
SHA,D,6,RES ELE,2005-07-14 00:00,2005-07-14 00:00,1046.48,,FEET
SHA,D,6,RES ELE,2005-07-15 00:00,2005-07-15 00:00,1045.82,,FEET
SHA,D,6,RES ELE,2005-07-16 00:00,2005-07-16 00:00,1044.97,,FEET
SHA,D,6,RES ELE,2005-07-17 00:00,2005-07-17 00:00,1044.17,,FEET
SHA,D,6,RES ELE,2005-07-18 00:00,2005-07-18 00:00,1043.39,,FEET
SHA,D,6,RES ELE,2005-07-19 00:00,2005-07-19 00:00,1042.64,,FEET
SHA,D,6,RES ELE,2005-07-20 00:00,2005-07-20 00:00,1041.91,,FEET
SHA,D,6,RES ELE,2005-07-21 00:00,2005-07-21 00:00,1041.10,,FEET
SHA,D,6,RES ELE,2005-07-22 00:00,2005-07-22 00:00,1040.34,,FEET
SHA,D,6,RES ELE,2005-07-23 00:00,2005-07-23 00:00,1039.61,,FEET
SHA,D,6,RES ELE,2005-07-24 00:00,2005-07-24 00:00,1038.91,,FEET
SHA,D,6,RES ELE,2005-07-25 00:00,2005-07-25 00:00,1038.11,,FEET
SHA,D,6,RES ELE,2005-07-26 00:00,2005-07-26 00:00,1037.43,,FEET
SHA,D,6,RES ELE,2005-07-27 00:00,2005-07-27 00:00,1036.73,,FEET
SHA,D,6,RES ELE,2005-07-28 00:00,2005-07-28 00:00,1036.07,,FEET
SHA,D,6,RES ELE,2005-07-29 00:00,2005-07-29 00:00,1035.45,,FEET
SHA,D,6,RES ELE,2005-07-30 00:00,2005-07-30 00:00,1034.81,,FEET
SHA,D,6,RES ELE,2005-07-31 00:00,2005-07-31 00:00,1034.14,,FEET
SHA,D,6,RES ELE,2005-08-01 00:00,2005-08-01 00:00,1033.53,,FEET
SHA,D,6,RES ELE,2005-08-02 00:00,2005-08-02 00:00,1032.89,,FEET
SHA,D,6,RES ELE,2005-08-03 00:00,2005-08-03 00:00,1032.23,,FEET
SHA,D,6,RES ELE,2005-08-04 00:00,2005-08-04 00:00,1031.58,,FEET
SHA,D,6,RES ELE,2005-08-05 00:00,2005-08-05 00:00,1030.91,,FEET
SHA,D,6,RES ELE,2005-08-06 00:00,2005-08-06 00:00,1030.31,,FEET
SHA,D,6,RES ELE,2005-08-07 00:00,2005-08-07 00:00,1029.69,,FEET
SHA,D,6,RES ELE,2005-08-08 00:00,2005-08-08 00:00,1029.09,,FEET
SHA,D,6,RES ELE,2005-08-09 00:00,2005-08-09 00:00,1028.54,,FEET
SHA,D,6,RES ELE,2005-08-10 00:00,2005-08-10 00:00,1028.07,,FEET
SHA,D,6,RES ELE,2005-08-11 00:00,2005-08-11 00:00,1027.65,,FEET
SHA,D,6,RES ELE,2005-08-12 00:00,2005-08-12 00:00,1027.27,,FEET
SHA,D,6,RES ELE,2005-08-13 00:00,2005-08-13 00:00,1026.82,,FEET
SHA,D,6,RES ELE,2005-08-14 00:00,2005-08-14 00:00,1026.33,,FEET
SHA,D,6,RES ELE,2005-08-15 00:00,2005-08-15 00:00,1025.91,,FEET
SHA,D,6,RES ELE,2005-08-16 00:00,2005-08-16 00:00,1025.51,,FEET
SHA,D,6,RES ELE,2005-08-17 00:00,2005-08-17 00:00,1025.03,,FEET
SHA,D,6,RES ELE,2005-08-18 00:00,2005-08-18 00:00,1024.59,,FEET
SHA,D,6,RES ELE,2005-08-19 00:00,2005-08-19 00:00,1024.10,,FEET
SHA,D,6,RES ELE,2005-08-20 00:00,2005-08-20 00:00,1023.72,,FEET
SHA,D,6,RES ELE,2005-08-21 00:00,2005-08-21 00:00,1023.34,,FEET
SHA,D,6,RES ELE,2005-08-22 00:00,2005-08-22 00:00,1022.99,,FEET
SHA,D,6,RES ELE,2005-08-23 00:00,2005-08-23 00:00,1022.58,,FEET
SHA,D,6,RES ELE,2005-08-24 00:00,2005-08-24 00:00,1022.20,,FEET
SHA,D,6,RES ELE,2005-08-25 00:00,2005-08-25 00:00,1021.79,,FEET
SHA,D,6,RES ELE,2005-08-26 00:00,2005-08-26 00:00,1021.43,,FEET
SHA,D,6,RES ELE,2005-08-27 00:00,2005-08-27 00:00,1020.98,,FEET
SHA,D,6,RES ELE,2005-08-28 00:00,2005-08-28 00:00,1020.57,,FEET
SHA,D,6,RES ELE,2005-08-29 00:00,2005-08-29 00:00,1020.25,,FEET
SHA,D,6,RES ELE,2005-08-30 00:00,2005-08-30 00:00,1019.81,,FEET
SHA,D,6,RES ELE,2005-08-31 00:00,2005-08-31 00:00,1019.37,,FEET
SHA,D,6,RES ELE,2005-09-01 00:00,2005-09-01 00:00,1019.03,,FEET
SHA,D,6,RES ELE,2005-09-02 00:00,2005-09-02 00:00,1018.64,,FEET
SHA,D,6,RES ELE,2005-09-03 00:00,2005-09-03 00:00,1018.25,,FEET
SHA,D,6,RES ELE,2005-09-04 00:00,2005-09-04 00:00,1017.88,,FEET
SHA,D,6,RES ELE,2005-09-05 00:00,2005-09-05 00:00,1017.54,,FEET
SHA,D,6,RES ELE,2005-09-06 00:00,2005-09-06 00:00,1017.22,,FEET
SHA,D,6,RES ELE,2005-09-07 00:00,2005-09-07 00:00,1016.92,,FEET
SHA,D,6,RES ELE,2005-09-08 00:00,2005-09-08 00:00,1016.60,,FEET
SHA,D,6,RES ELE,2005-09-09 00:00,2005-09-09 00:00,1016.33,,FEET
SHA,D,6,RES ELE,2005-09-10 00:00,2005-09-10 00:00,1015.97,,FEET
SHA,D,6,RES ELE,2005-09-11 00:00,2005-09-11 00:00,1015.63,,FEET
SHA,D,6,RES ELE,2005-09-12 00:00,2005-09-12 00:00,1015.36,,FEET
SHA,D,6,RES ELE,2005-09-13 00:00,2005-09-13 00:00,1015.09,,FEET
SHA,D,6,RES ELE,2005-09-14 00:00,2005-09-14 00:00,1014.79,,FEET
SHA,D,6,RES ELE,2005-09-15 00:00,2005-09-15 00:00,1014.46,,FEET
SHA,D,6,RES ELE,2005-09-16 00:00,2005-09-16 00:00,1014.17,,FEET
SHA,D,6,RES ELE,2005-09-17 00:00,2005-09-17 00:00,1013.92,,FEET
SHA,D,6,RES ELE,2005-09-18 00:00,2005-09-18 00:00,1013.60,,FEET
SHA,D,6,RES ELE,2005-09-19 00:00,2005-09-19 00:00,1013.35,,FEET
SHA,D,6,RES ELE,2005-09-20 00:00,2005-09-20 00:00,1013.09,,FEET
SHA,D,6,RES ELE,2005-09-21 00:00,2005-09-21 00:00,1012.81,,FEET
SHA,D,6,RES ELE,2005-09-22 00:00,2005-09-22 00:00,1012.46,,FEET
SHA,D,6,RES ELE,2005-09-23 00:00,2005-09-23 00:00,1012.03,,FEET
SHA,D,6,RES ELE,2005-09-24 00:00,2005-09-24 00:00,1011.56,,FEET
SHA,D,6,RES ELE,2005-09-25 00:00,2005-09-25 00:00,1011.14,,FEET
SHA,D,6,RES ELE,2005-09-26 00:00,2005-09-26 00:00,1010.72,,FEET
SHA,D,6,RES ELE,2005-09-27 00:00,2005-09-27 00:00,1010.42,,FEET
SHA,D,6,RES ELE,2005-09-28 00:00,2005-09-28 00:00,1010.04,,FEET
SHA,D,6,RES ELE,2005-09-29 00:00,2005-09-29 00:00,1009.65,,FEET
SHA,D,6,RES ELE,2005-09-30 00:00,2005-09-30 00:00,1009.26,,FEET
SHA,D,6,RES ELE,2005-10-01 00:00,2005-10-01 00:00,1008.91,,FEET
SHA,D,6,RES ELE,2005-10-02 00:00,2005-10-02 00:00,1008.62,,FEET
SHA,D,6,RES ELE,2005-10-03 00:00,2005-10-03 00:00,1008.29,,FEET
SHA,D,6,RES ELE,2005-10-04 00:00,2005-10-04 00:00,1007.89,,FEET
SHA,D,6,RES ELE,2005-10-05 00:00,2005-10-05 00:00,1007.53,,FEET
SHA,D,6,RES ELE,2005-10-06 00:00,2005-10-06 00:00,1007.25,,FEET
SHA,D,6,RES ELE,2005-10-07 00:00,2005-10-07 00:00,1006.98,,FEET
SHA,D,6,RES ELE,2005-10-08 00:00,2005-10-08 00:00,1006.65,,FEET
SHA,D,6,RES ELE,2005-10-09 00:00,2005-10-09 00:00,1006.27,,FEET
SHA,D,6,RES ELE,2005-10-10 00:00,2005-10-10 00:00,1005.89,,FEET
SHA,D,6,RES ELE,2005-10-11 00:00,2005-10-11 00:00,1005.49,,FEET
SHA,D,6,RES ELE,2005-10-12 00:00,2005-10-12 00:00,1005.14,,FEET
SHA,D,6,RES ELE,2005-10-13 00:00,2005-10-13 00:00,1004.83,,FEET
SHA,D,6,RES ELE,2005-10-14 00:00,2005-10-14 00:00,1004.52,,FEET
SHA,D,6,RES ELE,2005-10-15 00:00,2005-10-15 00:00,1004.20,,FEET
SHA,D,6,RES ELE,2005-10-16 00:00,2005-10-16 00:00,1003.85,,FEET
SHA,D,6,RES ELE,2005-10-17 00:00,2005-10-17 00:00,1003.60,,FEET
SHA,D,6,RES ELE,2005-10-18 00:00,2005-10-18 00:00,1003.39,,FEET
SHA,D,6,RES ELE,2005-10-19 00:00,2005-10-19 00:00,1003.16,,FEET
SHA,D,6,RES ELE,2005-10-20 00:00,2005-10-20 00:00,1002.98,,FEET
SHA,D,6,RES ELE,2005-10-21 00:00,2005-10-21 00:00,1002.77,,FEET
SHA,D,6,RES ELE,2005-10-22 00:00,2005-10-22 00:00,1002.59,,FEET
SHA,D,6,RES ELE,2005-10-23 00:00,2005-10-23 00:00,1002.41,,FEET
SHA,D,6,RES ELE,2005-10-24 00:00,2005-10-24 00:00,1002.19,,FEET
SHA,D,6,RES ELE,2005-10-25 00:00,2005-10-25 00:00,1002.01,,FEET
SHA,D,6,RES ELE,2005-10-26 00:00,2005-10-26 00:00,1001.90,,FEET
SHA,D,6,RES ELE,2005-10-27 00:00,2005-10-27 00:00,1001.70,,FEET
SHA,D,6,RES ELE,2005-10-28 00:00,2005-10-28 00:00,1001.70,,FEET
SHA,D,6,RES ELE,2005-10-29 00:00,2005-10-29 00:00,1001.54,,FEET
SHA,D,6,RES ELE,2005-10-30 00:00,2005-10-30 00:00,1001.37,,FEET
SHA,D,6,RES ELE,2005-10-31 00:00,2005-10-31 00:00,1001.23,,FEET
SHA,D,6,RES ELE,2005-11-01 00:00,2005-11-01 00:00,1001.17,,FEET
SHA,D,6,RES ELE,2005-11-02 00:00,2005-11-02 00:00,1001.06,,FEET
SHA,D,6,RES ELE,2005-11-03 00:00,2005-11-03 00:00,1001.13,,FEET
SHA,D,6,RES ELE,2005-11-04 00:00,2005-11-04 00:00,1001.08,,FEET
SHA,D,6,RES ELE,2005-11-05 00:00,2005-11-05 00:00,1001.00,,FEET
SHA,D,6,RES ELE,2005-11-06 00:00,2005-11-06 00:00,1001.11,,FEET
SHA,D,6,RES ELE,2005-11-07 00:00,2005-11-07 00:00,1001.95,,FEET
SHA,D,6,RES ELE,2005-11-08 00:00,2005-11-08 00:00,1002.30,,FEET
SHA,D,6,RES ELE,2005-11-09 00:00,2005-11-09 00:00,1002.51,,FEET
SHA,D,6,RES ELE,2005-11-10 00:00,2005-11-10 00:00,1002.63,,FEET
SHA,D,6,RES ELE,2005-11-11 00:00,2005-11-11 00:00,1002.73,,FEET
SHA,D,6,RES ELE,2005-11-12 00:00,2005-11-12 00:00,1002.81,,FEET
SHA,D,6,RES ELE,2005-11-13 00:00,2005-11-13 00:00,1002.81,,FEET
SHA,D,6,RES ELE,2005-11-14 00:00,2005-11-14 00:00,1002.75,,FEET
SHA,D,6,RES ELE,2005-11-15 00:00,2005-11-15 00:00,1002.74,,FEET
SHA,D,6,RES ELE,2005-11-16 00:00,2005-11-16 00:00,1002.69,,FEET
SHA,D,6,RES ELE,2005-11-17 00:00,2005-11-17 00:00,1002.79,,FEET
SHA,D,6,RES ELE,2005-11-18 00:00,2005-11-18 00:00,1002.76,,FEET
SHA,D,6,RES ELE,2005-11-19 00:00,2005-11-19 00:00,1002.72,,FEET
SHA,D,6,RES ELE,2005-11-20 00:00,2005-11-20 00:00,1002.75,,FEET
SHA,D,6,RES ELE,2005-11-21 00:00,2005-11-21 00:00,1002.75,,FEET
SHA,D,6,RES ELE,2005-11-22 00:00,2005-11-22 00:00,1002.74,,FEET
SHA,D,6,RES ELE,2005-11-23 00:00,2005-11-23 00:00,1002.73,,FEET
SHA,D,6,RES ELE,2005-11-24 00:00,2005-11-24 00:00,1002.70,,FEET
SHA,D,6,RES ELE,2005-11-25 00:00,2005-11-25 00:00,1002.72,,FEET
SHA,D,6,RES ELE,2005-11-26 00:00,2005-11-26 00:00,1002.64,,FEET
SHA,D,6,RES ELE,2005-11-27 00:00,2005-11-27 00:00,1002.60,,FEET
SHA,D,6,RES ELE,2005-11-28 00:00,2005-11-28 00:00,1002.77,,FEET
SHA,D,6,RES ELE,2005-11-29 00:00,2005-11-29 00:00,1002.91,,FEET
SHA,D,6,RES ELE,2005-11-30 00:00,2005-11-30 00:00,1003.08,,FEET
SHA,D,6,RES ELE,2005-12-01 00:00,2005-12-01 00:00,1004.23,,FEET
SHA,D,6,RES ELE,2005-12-02 00:00,2005-12-02 00:00,1004.89,,FEET
SHA,D,6,RES ELE,2005-12-03 00:00,2005-12-03 00:00,1005.21,,FEET
SHA,D,6,RES ELE,2005-12-04 00:00,2005-12-04 00:00,1005.37,,FEET
SHA,D,6,RES ELE,2005-12-05 00:00,2005-12-05 00:00,1005.48,,FEET
SHA,D,6,RES ELE,2005-12-06 00:00,2005-12-06 00:00,1005.51,,FEET
SHA,D,6,RES ELE,2005-12-07 00:00,2005-12-07 00:00,1005.63,,FEET
SHA,D,6,RES ELE,2005-12-08 00:00,2005-12-08 00:00,1005.68,,FEET
SHA,D,6,RES ELE,2005-12-09 00:00,2005-12-09 00:00,1005.70,,FEET
SHA,D,6,RES ELE,2005-12-10 00:00,2005-12-10 00:00,1005.71,,FEET
SHA,D,6,RES ELE,2005-12-11 00:00,2005-12-11 00:00,1005.70,,FEET
SHA,D,6,RES ELE,2005-12-12 00:00,2005-12-12 00:00,1005.68,,FEET
SHA,D,6,RES ELE,2005-12-13 00:00,2005-12-13 00:00,1005.65,,FEET
SHA,D,6,RES ELE,2005-12-14 00:00,2005-12-14 00:00,1005.57,,FEET
SHA,D,6,RES ELE,2005-12-15 00:00,2005-12-15 00:00,1005.56,,FEET
SHA,D,6,RES ELE,2005-12-16 00:00,2005-12-16 00:00,1005.53,,FEET
SHA,D,6,RES ELE,2005-12-17 00:00,2005-12-17 00:00,1005.60,,FEET
SHA,D,6,RES ELE,2005-12-18 00:00,2005-12-18 00:00,1006.02,,FEET
SHA,D,6,RES ELE,2005-12-19 00:00,2005-12-19 00:00,1007.63,,FEET
SHA,D,6,RES ELE,2005-12-20 00:00,2005-12-20 00:00,1009.15,,FEET
SHA,D,6,RES ELE,2005-12-21 00:00,2005-12-21 00:00,1010.95,,FEET
SHA,D,6,RES ELE,2005-12-22 00:00,2005-12-22 00:00,1013.99,,FEET
SHA,D,6,RES ELE,2005-12-23 00:00,2005-12-23 00:00,1016.50,,FEET
SHA,D,6,RES ELE,2005-12-24 00:00,2005-12-24 00:00,1018.14,,FEET
SHA,D,6,RES ELE,2005-12-25 00:00,2005-12-25 00:00,1019.89,,FEET
SHA,D,6,RES ELE,2005-12-26 00:00,2005-12-26 00:00,1022.11,,FEET
SHA,D,6,RES ELE,2005-12-27 00:00,2005-12-27 00:00,1024.49,,FEET
SHA,D,6,RES ELE,2005-12-28 00:00,2005-12-28 00:00,1029.54,,FEET
SHA,D,6,RES ELE,2005-12-29 00:00,2005-12-29 00:00,1030.23,,FEET
SHA,D,6,RES ELE,2005-12-30 00:00,2005-12-30 00:00,1033.40,,FEET
SHA,D,6,RES ELE,2005-12-31 00:00,2005-12-31 00:00,1038.57,,FEET
SHA,D,6,RES ELE,2006-01-01 00:00,2006-01-01 00:00,1040.84,,FEET
SHA,D,6,RES ELE,2006-01-02 00:00,2006-01-02 00:00,1042.80,,FEET
SHA,D,6,RES ELE,2006-01-03 00:00,2006-01-03 00:00,1043.41,,FEET
SHA,D,6,RES ELE,2006-01-04 00:00,2006-01-04 00:00,1043.43,,FEET
SHA,D,6,RES ELE,2006-01-05 00:00,2006-01-05 00:00,1042.59,,FEET
SHA,D,6,RES ELE,2006-01-06 00:00,2006-01-06 00:00,1041.16,,FEET
SHA,D,6,RES ELE,2006-01-07 00:00,2006-01-07 00:00,1039.47,,FEET
SHA,D,6,RES ELE,2006-01-08 00:00,2006-01-08 00:00,1037.31,,FEET
SHA,D,6,RES ELE,2006-01-09 00:00,2006-01-09 00:00,1035.14,,FEET
SHA,D,6,RES ELE,2006-01-10 00:00,2006-01-10 00:00,1032.88,,FEET
SHA,D,6,RES ELE,2006-01-11 00:00,2006-01-11 00:00,1030.77,,FEET
SHA,D,6,RES ELE,2006-01-12 00:00,2006-01-12 00:00,1028.30,,FEET
SHA,D,6,RES ELE,2006-01-13 00:00,2006-01-13 00:00,1026.32,,FEET
SHA,D,6,RES ELE,2006-01-14 00:00,2006-01-14 00:00,1025.57,,FEET
SHA,D,6,RES ELE,2006-01-15 00:00,2006-01-15 00:00,1024.95,,FEET
SHA,D,6,RES ELE,2006-01-16 00:00,2006-01-16 00:00,1024.45,,FEET
SHA,D,6,RES ELE,2006-01-17 00:00,2006-01-17 00:00,1024.28,,FEET
SHA,D,6,RES ELE,2006-01-18 00:00,2006-01-18 00:00,1024.63,,FEET
SHA,D,6,RES ELE,2006-01-19 00:00,2006-01-19 00:00,1024.93,,FEET
SHA,D,6,RES ELE,2006-01-20 00:00,2006-01-20 00:00,1025.46,,FEET
SHA,D,6,RES ELE,2006-01-21 00:00,2006-01-21 00:00,1025.86,,FEET
SHA,D,6,RES ELE,2006-01-22 00:00,2006-01-22 00:00,1026.37,,FEET
SHA,D,6,RES ELE,2006-01-23 00:00,2006-01-23 00:00,1026.86,,FEET
SHA,D,6,RES ELE,2006-01-24 00:00,2006-01-24 00:00,1027.33,,FEET
SHA,D,6,RES ELE,2006-01-25 00:00,2006-01-25 00:00,1027.81,,FEET
SHA,D,6,RES ELE,2006-01-26 00:00,2006-01-26 00:00,1028.37,,FEET
SHA,D,6,RES ELE,2006-01-27 00:00,2006-01-27 00:00,1028.79,,FEET
SHA,D,6,RES ELE,2006-01-28 00:00,2006-01-28 00:00,1029.60,,FEET
SHA,D,6,RES ELE,2006-01-29 00:00,2006-01-29 00:00,1030.44,,FEET
SHA,D,6,RES ELE,2006-01-30 00:00,2006-01-30 00:00,1031.32,,FEET
SHA,D,6,RES ELE,2006-01-31 00:00,2006-01-31 00:00,1032.07,,FEET
SHA,D,6,RES ELE,2006-02-01 00:00,2006-02-01 00:00,1032.90,,FEET
SHA,D,6,RES ELE,2006-02-02 00:00,2006-02-02 00:00,1033.62,,FEET
SHA,D,6,RES ELE,2006-02-03 00:00,2006-02-03 00:00,1033.30,,FEET
SHA,D,6,RES ELE,2006-02-04 00:00,2006-02-04 00:00,1032.86,,FEET
SHA,D,6,RES ELE,2006-02-05 00:00,2006-02-05 00:00,1032.21,,FEET
SHA,D,6,RES ELE,2006-02-06 00:00,2006-02-06 00:00,1031.38,,FEET
SHA,D,6,RES ELE,2006-02-07 00:00,2006-02-07 00:00,1030.82,,FEET
SHA,D,6,RES ELE,2006-02-08 00:00,2006-02-08 00:00,1030.38,,FEET
SHA,D,6,RES ELE,2006-02-09 00:00,2006-02-09 00:00,1030.38,,FEET
SHA,D,6,RES ELE,2006-02-10 00:00,2006-02-10 00:00,1030.36,,FEET
SHA,D,6,RES ELE,2006-02-11 00:00,2006-02-11 00:00,1030.53,,FEET
SHA,D,6,RES ELE,2006-02-12 00:00,2006-02-12 00:00,1030.82,,FEET
SHA,D,6,RES ELE,2006-02-13 00:00,2006-02-13 00:00,1031.16,,FEET
SHA,D,6,RES ELE,2006-02-14 00:00,2006-02-14 00:00,1031.48,,FEET
SHA,D,6,RES ELE,2006-02-15 00:00,2006-02-15 00:00,1032.02,,FEET
SHA,D,6,RES ELE,2006-02-16 00:00,2006-02-16 00:00,1032.54,,FEET
SHA,D,6,RES ELE,2006-02-17 00:00,2006-02-17 00:00,1033.16,,FEET
SHA,D,6,RES ELE,2006-02-18 00:00,2006-02-18 00:00,1033.70,,FEET
SHA,D,6,RES ELE,2006-02-19 00:00,2006-02-19 00:00,1034.26,,FEET
SHA,D,6,RES ELE,2006-02-20 00:00,2006-02-20 00:00,1034.75,,FEET
SHA,D,6,RES ELE,2006-02-21 00:00,2006-02-21 00:00,1035.23,,FEET
SHA,D,6,RES ELE,2006-02-22 00:00,2006-02-22 00:00,1035.61,,FEET
SHA,D,6,RES ELE,2006-02-23 00:00,2006-02-23 00:00,1036.04,,FEET
SHA,D,6,RES ELE,2006-02-24 00:00,2006-02-24 00:00,1036.46,,FEET
SHA,D,6,RES ELE,2006-02-25 00:00,2006-02-25 00:00,1036.99,,FEET
SHA,D,6,RES ELE,2006-02-26 00:00,2006-02-26 00:00,1037.59,,FEET
SHA,D,6,RES ELE,2006-02-27 00:00,2006-02-27 00:00,1039.44,,FEET
SHA,D,6,RES ELE,2006-02-28 00:00,2006-02-28 00:00,1041.57,,FEET
SHA,D,6,RES ELE,2006-03-01 00:00,2006-03-01 00:00,1042.98,,FEET
SHA,D,6,RES ELE,2006-03-02 00:00,2006-03-02 00:00,1044.12,,FEET
SHA,D,6,RES ELE,2006-03-03 00:00,2006-03-03 00:00,1044.58,,FEET
SHA,D,6,RES ELE,2006-03-04 00:00,2006-03-04 00:00,1044.60,,FEET
SHA,D,6,RES ELE,2006-03-05 00:00,2006-03-05 00:00,1045.32,,FEET
SHA,D,6,RES ELE,2006-03-06 00:00,2006-03-06 00:00,1045.80,,FEET
SHA,D,6,RES ELE,2006-03-07 00:00,2006-03-07 00:00,1045.75,,FEET
SHA,D,6,RES ELE,2006-03-08 00:00,2006-03-08 00:00,1045.30,,FEET
SHA,D,6,RES ELE,2006-03-09 00:00,2006-03-09 00:00,1044.73,,FEET
SHA,D,6,RES ELE,2006-03-10 00:00,2006-03-10 00:00,1044.06,,FEET
SHA,D,6,RES ELE,2006-03-11 00:00,2006-03-11 00:00,1043.18,,FEET
SHA,D,6,RES ELE,2006-03-12 00:00,2006-03-12 00:00,1042.28,,FEET
SHA,D,6,RES ELE,2006-03-13 00:00,2006-03-13 00:00,1041.38,,FEET
SHA,D,6,RES ELE,2006-03-14 00:00,2006-03-14 00:00,1040.91,,FEET
SHA,D,6,RES ELE,2006-03-15 00:00,2006-03-15 00:00,1040.65,,FEET
SHA,D,6,RES ELE,2006-03-16 00:00,2006-03-16 00:00,1040.92,,FEET
SHA,D,6,RES ELE,2006-03-17 00:00,2006-03-17 00:00,1041.30,,FEET
SHA,D,6,RES ELE,2006-03-18 00:00,2006-03-18 00:00,1041.28,,FEET
SHA,D,6,RES ELE,2006-03-19 00:00,2006-03-19 00:00,1041.09,,FEET
SHA,D,6,RES ELE,2006-03-20 00:00,2006-03-20 00:00,1040.73,,FEET
SHA,D,6,RES ELE,2006-03-21 00:00,2006-03-21 00:00,1040.26,,FEET
SHA,D,6,RES ELE,2006-03-22 00:00,2006-03-22 00:00,1039.74,,FEET
SHA,D,6,RES ELE,2006-03-23 00:00,2006-03-23 00:00,1039.10,,FEET
SHA,D,6,RES ELE,2006-03-24 00:00,2006-03-24 00:00,1038.97,,FEET
SHA,D,6,RES ELE,2006-03-25 00:00,2006-03-25 00:00,1039.59,,FEET
SHA,D,6,RES ELE,2006-03-26 00:00,2006-03-26 00:00,1039.85,,FEET
SHA,D,6,RES ELE,2006-03-27 00:00,2006-03-27 00:00,1040.10,,FEET
SHA,D,6,RES ELE,2006-03-28 00:00,2006-03-28 00:00,1040.57,,FEET
SHA,D,6,RES ELE,2006-03-29 00:00,2006-03-29 00:00,1041.10,,FEET
SHA,D,6,RES ELE,2006-03-30 00:00,2006-03-30 00:00,1041.55,,FEET
SHA,D,6,RES ELE,2006-03-31 00:00,2006-03-31 00:00,1042.31,,FEET
SHA,D,6,RES ELE,2006-04-01 00:00,2006-04-01 00:00,1043.25,,FEET
SHA,D,6,RES ELE,2006-04-02 00:00,2006-04-02 00:00,1044.15,,FEET
SHA,D,6,RES ELE,2006-04-03 00:00,2006-04-03 00:00,1045.46,,FEET
SHA,D,6,RES ELE,2006-04-04 00:00,2006-04-04 00:00,1045.56,,FEET
SHA,D,6,RES ELE,2006-04-05 00:00,2006-04-05 00:00,1045.05,,FEET
SHA,D,6,RES ELE,2006-04-06 00:00,2006-04-06 00:00,1044.47,,FEET
SHA,D,6,RES ELE,2006-04-07 00:00,2006-04-07 00:00,1043.71,,FEET
SHA,D,6,RES ELE,2006-04-08 00:00,2006-04-08 00:00,1043.14,,FEET
SHA,D,6,RES ELE,2006-04-09 00:00,2006-04-09 00:00,1042.61,,FEET
SHA,D,6,RES ELE,2006-04-10 00:00,2006-04-10 00:00,1041.94,,FEET
SHA,D,6,RES ELE,2006-04-11 00:00,2006-04-11 00:00,1042.45,,FEET
SHA,D,6,RES ELE,2006-04-12 00:00,2006-04-12 00:00,1045.39,,FEET
SHA,D,6,RES ELE,2006-04-13 00:00,2006-04-13 00:00,1045.76,,FEET
SHA,D,6,RES ELE,2006-04-14 00:00,2006-04-14 00:00,1045.60,,FEET
SHA,D,6,RES ELE,2006-04-15 00:00,2006-04-15 00:00,1045.59,,FEET
SHA,D,6,RES ELE,2006-04-16 00:00,2006-04-16 00:00,1046.10,,FEET
SHA,D,6,RES ELE,2006-04-17 00:00,2006-04-17 00:00,1046.41,,FEET
SHA,D,6,RES ELE,2006-04-18 00:00,2006-04-18 00:00,1046.38,,FEET
SHA,D,6,RES ELE,2006-04-19 00:00,2006-04-19 00:00,1046.44,,FEET
SHA,D,6,RES ELE,2006-04-20 00:00,2006-04-20 00:00,1046.29,,FEET
SHA,D,6,RES ELE,2006-04-21 00:00,2006-04-21 00:00,1046.56,,FEET
SHA,D,6,RES ELE,2006-04-22 00:00,2006-04-22 00:00,1046.72,,FEET
SHA,D,6,RES ELE,2006-04-23 00:00,2006-04-23 00:00,1047.01,,FEET
SHA,D,6,RES ELE,2006-04-24 00:00,2006-04-24 00:00,1047.23,,FEET
SHA,D,6,RES ELE,2006-04-25 00:00,2006-04-25 00:00,1047.42,,FEET
SHA,D,6,RES ELE,2006-04-26 00:00,2006-04-26 00:00,1047.45,,FEET
SHA,D,6,RES ELE,2006-04-27 00:00,2006-04-27 00:00,1047.49,,FEET
SHA,D,6,RES ELE,2006-04-28 00:00,2006-04-28 00:00,1047.99,,FEET
SHA,D,6,RES ELE,2006-04-29 00:00,2006-04-29 00:00,1048.82,,FEET
SHA,D,6,RES ELE,2006-04-30 00:00,2006-04-30 00:00,1049.79,,FEET
SHA,D,6,RES ELE,2006-05-01 00:00,2006-05-01 00:00,1050.70,,FEET
SHA,D,6,RES ELE,2006-05-02 00:00,2006-05-02 00:00,1051.70,,FEET
SHA,D,6,RES ELE,2006-05-03 00:00,2006-05-03 00:00,1052.79,,FEET
SHA,D,6,RES ELE,2006-05-04 00:00,2006-05-04 00:00,1053.91,,FEET
SHA,D,6,RES ELE,2006-05-05 00:00,2006-05-05 00:00,1054.98,,FEET
SHA,D,6,RES ELE,2006-05-06 00:00,2006-05-06 00:00,1056.05,,FEET
SHA,D,6,RES ELE,2006-05-07 00:00,2006-05-07 00:00,1056.66,,FEET
SHA,D,6,RES ELE,2006-05-08 00:00,2006-05-08 00:00,1057.14,,FEET
SHA,D,6,RES ELE,2006-05-09 00:00,2006-05-09 00:00,1057.46,,FEET
SHA,D,6,RES ELE,2006-05-10 00:00,2006-05-10 00:00,1057.75,,FEET
SHA,D,6,RES ELE,2006-05-11 00:00,2006-05-11 00:00,1058.12,,FEET
SHA,D,6,RES ELE,2006-05-12 00:00,2006-05-12 00:00,1058.55,,FEET
SHA,D,6,RES ELE,2006-05-13 00:00,2006-05-13 00:00,1058.98,,FEET
SHA,D,6,RES ELE,2006-05-14 00:00,2006-05-14 00:00,1059.47,,FEET
SHA,D,6,RES ELE,2006-05-15 00:00,2006-05-15 00:00,1059.96,,FEET
SHA,D,6,RES ELE,2006-05-16 00:00,2006-05-16 00:00,1060.44,,FEET
SHA,D,6,RES ELE,2006-05-17 00:00,2006-05-17 00:00,1060.91,,FEET
SHA,D,6,RES ELE,2006-05-18 00:00,2006-05-18 00:00,1061.28,,FEET
SHA,D,6,RES ELE,2006-05-19 00:00,2006-05-19 00:00,1061.66,,FEET
SHA,D,6,RES ELE,2006-05-20 00:00,2006-05-20 00:00,1062.16,,FEET
SHA,D,6,RES ELE,2006-05-21 00:00,2006-05-21 00:00,1062.52,,FEET
SHA,D,6,RES ELE,2006-05-22 00:00,2006-05-22 00:00,1062.96,,FEET
SHA,D,6,RES ELE,2006-05-23 00:00,2006-05-23 00:00,1063.27,,FEET
SHA,D,6,RES ELE,2006-05-24 00:00,2006-05-24 00:00,1063.64,,FEET
SHA,D,6,RES ELE,2006-05-25 00:00,2006-05-25 00:00,1063.85,,FEET
SHA,D,6,RES ELE,2006-05-26 00:00,2006-05-26 00:00,1063.98,,FEET
SHA,D,6,RES ELE,2006-05-27 00:00,2006-05-27 00:00,1064.14,,FEET
SHA,D,6,RES ELE,2006-05-28 00:00,2006-05-28 00:00,1064.24,,FEET
SHA,D,6,RES ELE,2006-05-29 00:00,2006-05-29 00:00,1064.33,,FEET
SHA,D,6,RES ELE,2006-05-30 00:00,2006-05-30 00:00,1064.29,,FEET
SHA,D,6,RES ELE,2006-05-31 00:00,2006-05-31 00:00,1064.13,,FEET
SHA,D,6,RES ELE,2006-06-01 00:00,2006-06-01 00:00,1063.97,,FEET
SHA,D,6,RES ELE,2006-06-02 00:00,2006-06-02 00:00,1063.97,,FEET
SHA,D,6,RES ELE,2006-06-03 00:00,2006-06-03 00:00,1063.94,,FEET
SHA,D,6,RES ELE,2006-06-04 00:00,2006-06-04 00:00,1063.94,,FEET
SHA,D,6,RES ELE,2006-06-05 00:00,2006-06-05 00:00,1063.86,,FEET
SHA,D,6,RES ELE,2006-06-06 00:00,2006-06-06 00:00,1063.82,,FEET
SHA,D,6,RES ELE,2006-06-07 00:00,2006-06-07 00:00,1063.76,,FEET
SHA,D,6,RES ELE,2006-06-08 00:00,2006-06-08 00:00,1063.59,,FEET
SHA,D,6,RES ELE,2006-06-09 00:00,2006-06-09 00:00,1063.46,,FEET
SHA,D,6,RES ELE,2006-06-10 00:00,2006-06-10 00:00,1063.31,,FEET
SHA,D,6,RES ELE,2006-06-11 00:00,2006-06-11 00:00,1063.16,,FEET
SHA,D,6,RES ELE,2006-06-12 00:00,2006-06-12 00:00,1063.00,,FEET
SHA,D,6,RES ELE,2006-06-13 00:00,2006-06-13 00:00,1062.82,,FEET
SHA,D,6,RES ELE,2006-06-14 00:00,2006-06-14 00:00,1062.60,,FEET
SHA,D,6,RES ELE,2006-06-15 00:00,2006-06-15 00:00,1062.29,,FEET
SHA,D,6,RES ELE,2006-06-16 00:00,2006-06-16 00:00,1062.23,,FEET
SHA,D,6,RES ELE,2006-06-17 00:00,2006-06-17 00:00,1061.92,,FEET
SHA,D,6,RES ELE,2006-06-18 00:00,2006-06-18 00:00,1061.63,,FEET
SHA,D,6,RES ELE,2006-06-19 00:00,2006-06-19 00:00,1061.31,,FEET
SHA,D,6,RES ELE,2006-06-20 00:00,2006-06-20 00:00,1060.97,,FEET
SHA,D,6,RES ELE,2006-06-21 00:00,2006-06-21 00:00,1060.57,,FEET
SHA,D,6,RES ELE,2006-06-22 00:00,2006-06-22 00:00,1060.09,,FEET
SHA,D,6,RES ELE,2006-06-23 00:00,2006-06-23 00:00,1059.65,,FEET
SHA,D,6,RES ELE,2006-06-24 00:00,2006-06-24 00:00,1059.22,,FEET
SHA,D,6,RES ELE,2006-06-25 00:00,2006-06-25 00:00,1058.65,,FEET
SHA,D,6,RES ELE,2006-06-26 00:00,2006-06-26 00:00,1058.16,,FEET
SHA,D,6,RES ELE,2006-06-27 00:00,2006-06-27 00:00,1057.72,,FEET
SHA,D,6,RES ELE,2006-06-28 00:00,2006-06-28 00:00,1057.36,,FEET
SHA,D,6,RES ELE,2006-06-29 00:00,2006-06-29 00:00,1056.99,,FEET
SHA,D,6,RES ELE,2006-06-30 00:00,2006-06-30 00:00,1056.61,,FEET
SHA,D,6,RES ELE,2006-07-01 00:00,2006-07-01 00:00,1056.18,,FEET
SHA,D,6,RES ELE,2006-07-02 00:00,2006-07-02 00:00,1055.76,,FEET
SHA,D,6,RES ELE,2006-07-03 00:00,2006-07-03 00:00,1055.30,,FEET
SHA,D,6,RES ELE,2006-07-04 00:00,2006-07-04 00:00,1054.90,,FEET
SHA,D,6,RES ELE,2006-07-05 00:00,2006-07-05 00:00,1054.42,,FEET
SHA,D,6,RES ELE,2006-07-06 00:00,2006-07-06 00:00,1053.98,,FEET
SHA,D,6,RES ELE,2006-07-07 00:00,2006-07-07 00:00,1053.52,,FEET
SHA,D,6,RES ELE,2006-07-08 00:00,2006-07-08 00:00,1053.05,,FEET
SHA,D,6,RES ELE,2006-07-09 00:00,2006-07-09 00:00,1052.57,,FEET
SHA,D,6,RES ELE,2006-07-10 00:00,2006-07-10 00:00,1052.12,,FEET
SHA,D,6,RES ELE,2006-07-11 00:00,2006-07-11 00:00,1051.59,,FEET
SHA,D,6,RES ELE,2006-07-12 00:00,2006-07-12 00:00,1051.11,,FEET
SHA,D,6,RES ELE,2006-07-13 00:00,2006-07-13 00:00,1050.63,,FEET
SHA,D,6,RES ELE,2006-07-14 00:00,2006-07-14 00:00,1050.06,,FEET
SHA,D,6,RES ELE,2006-07-15 00:00,2006-07-15 00:00,1049.47,,FEET
SHA,D,6,RES ELE,2006-07-16 00:00,2006-07-16 00:00,1048.94,,FEET
SHA,D,6,RES ELE,2006-07-17 00:00,2006-07-17 00:00,1048.38,,FEET
SHA,D,6,RES ELE,2006-07-18 00:00,2006-07-18 00:00,1047.72,,FEET
SHA,D,6,RES ELE,2006-07-19 00:00,2006-07-19 00:00,1047.15,,FEET
SHA,D,6,RES ELE,2006-07-20 00:00,2006-07-20 00:00,1046.58,,FEET
SHA,D,6,RES ELE,2006-07-21 00:00,2006-07-21 00:00,1045.94,,FEET
SHA,D,6,RES ELE,2006-07-22 00:00,2006-07-22 00:00,1045.29,,FEET
SHA,D,6,RES ELE,2006-07-23 00:00,2006-07-23 00:00,1044.70,,FEET
SHA,D,6,RES ELE,2006-07-24 00:00,2006-07-24 00:00,1044.13,,FEET
SHA,D,6,RES ELE,2006-07-25 00:00,2006-07-25 00:00,1043.59,,FEET
SHA,D,6,RES ELE,2006-07-26 00:00,2006-07-26 00:00,1042.94,,FEET
SHA,D,6,RES ELE,2006-07-27 00:00,2006-07-27 00:00,1042.31,,FEET
SHA,D,6,RES ELE,2006-07-28 00:00,2006-07-28 00:00,1041.68,,FEET
SHA,D,6,RES ELE,2006-07-29 00:00,2006-07-29 00:00,1041.05,,FEET
SHA,D,6,RES ELE,2006-07-30 00:00,2006-07-30 00:00,1040.30,,FEET
SHA,D,6,RES ELE,2006-07-31 00:00,2006-07-31 00:00,1039.68,,FEET
SHA,D,6,RES ELE,2006-08-01 00:00,2006-08-01 00:00,1039.07,,FEET
SHA,D,6,RES ELE,2006-08-02 00:00,2006-08-02 00:00,1038.49,,FEET
SHA,D,6,RES ELE,2006-08-03 00:00,2006-08-03 00:00,1037.93,,FEET
SHA,D,6,RES ELE,2006-08-04 00:00,2006-08-04 00:00,1037.40,,FEET
SHA,D,6,RES ELE,2006-08-05 00:00,2006-08-05 00:00,1036.79,,FEET
SHA,D,6,RES ELE,2006-08-06 00:00,2006-08-06 00:00,1036.17,,FEET
SHA,D,6,RES ELE,2006-08-07 00:00,2006-08-07 00:00,1035.60,,FEET
SHA,D,6,RES ELE,2006-08-08 00:00,2006-08-08 00:00,1035.03,,FEET
SHA,D,6,RES ELE,2006-08-09 00:00,2006-08-09 00:00,1034.42,,FEET
SHA,D,6,RES ELE,2006-08-10 00:00,2006-08-10 00:00,1033.82,,FEET
SHA,D,6,RES ELE,2006-08-11 00:00,2006-08-11 00:00,1033.25,,FEET
SHA,D,6,RES ELE,2006-08-12 00:00,2006-08-12 00:00,1032.68,,FEET
SHA,D,6,RES ELE,2006-08-13 00:00,2006-08-13 00:00,1032.13,,FEET
SHA,D,6,RES ELE,2006-08-14 00:00,2006-08-14 00:00,1031.60,,FEET
SHA,D,6,RES ELE,2006-08-15 00:00,2006-08-15 00:00,1031.09,,FEET
SHA,D,6,RES ELE,2006-08-16 00:00,2006-08-16 00:00,1030.59,,FEET
SHA,D,6,RES ELE,2006-08-17 00:00,2006-08-17 00:00,1030.08,,FEET
SHA,D,6,RES ELE,2006-08-18 00:00,2006-08-18 00:00,1029.52,,FEET
SHA,D,6,RES ELE,2006-08-19 00:00,2006-08-19 00:00,1029.00,,FEET
SHA,D,6,RES ELE,2006-08-20 00:00,2006-08-20 00:00,1028.49,,FEET
SHA,D,6,RES ELE,2006-08-21 00:00,2006-08-21 00:00,1027.95,,FEET
SHA,D,6,RES ELE,2006-08-22 00:00,2006-08-22 00:00,1027.42,,FEET
SHA,D,6,RES ELE,2006-08-23 00:00,2006-08-23 00:00,1026.93,,FEET
SHA,D,6,RES ELE,2006-08-24 00:00,2006-08-24 00:00,1026.45,,FEET
SHA,D,6,RES ELE,2006-08-25 00:00,2006-08-25 00:00,1026.08,,FEET
SHA,D,6,RES ELE,2006-08-26 00:00,2006-08-26 00:00,1025.52,,FEET
SHA,D,6,RES ELE,2006-08-27 00:00,2006-08-27 00:00,1025.11,,FEET
SHA,D,6,RES ELE,2006-08-28 00:00,2006-08-28 00:00,1024.76,,FEET
SHA,D,6,RES ELE,2006-08-29 00:00,2006-08-29 00:00,1024.46,,FEET
SHA,D,6,RES ELE,2006-08-30 00:00,2006-08-30 00:00,1024.16,,FEET
SHA,D,6,RES ELE,2006-08-31 00:00,2006-08-31 00:00,1023.74,,FEET
SHA,D,6,RES ELE,2006-09-01 00:00,2006-09-01 00:00,1023.37,,FEET
SHA,D,6,RES ELE,2006-09-02 00:00,2006-09-02 00:00,1023.02,,FEET
SHA,D,6,RES ELE,2006-09-03 00:00,2006-09-03 00:00,1022.54,,FEET
SHA,D,6,RES ELE,2006-09-04 00:00,2006-09-04 00:00,1022.15,,FEET
SHA,D,6,RES ELE,2006-09-05 00:00,2006-09-05 00:00,1021.75,,FEET
SHA,D,6,RES ELE,2006-09-06 00:00,2006-09-06 00:00,1021.41,,FEET
SHA,D,6,RES ELE,2006-09-07 00:00,2006-09-07 00:00,1021.15,,FEET
SHA,D,6,RES ELE,2006-09-08 00:00,2006-09-08 00:00,1020.88,,FEET
SHA,D,6,RES ELE,2006-09-09 00:00,2006-09-09 00:00,1020.52,,FEET
SHA,D,6,RES ELE,2006-09-10 00:00,2006-09-10 00:00,1020.25,,FEET
SHA,D,6,RES ELE,2006-09-11 00:00,2006-09-11 00:00,1019.99,,FEET
SHA,D,6,RES ELE,2006-09-12 00:00,2006-09-12 00:00,1019.72,,FEET
SHA,D,6,RES ELE,2006-09-13 00:00,2006-09-13 00:00,1019.44,,FEET
SHA,D,6,RES ELE,2006-09-14 00:00,2006-09-14 00:00,1019.19,,FEET
SHA,D,6,RES ELE,2006-09-15 00:00,2006-09-15 00:00,1018.96,,FEET
SHA,D,6,RES ELE,2006-09-16 00:00,2006-09-16 00:00,1018.68,,FEET
SHA,D,6,RES ELE,2006-09-17 00:00,2006-09-17 00:00,1018.45,,FEET
SHA,D,6,RES ELE,2006-09-18 00:00,2006-09-18 00:00,1018.30,,FEET
SHA,D,6,RES ELE,2006-09-19 00:00,2006-09-19 00:00,1017.98,,FEET
SHA,D,6,RES ELE,2006-09-20 00:00,2006-09-20 00:00,1017.83,,FEET
SHA,D,6,RES ELE,2006-09-21 00:00,2006-09-21 00:00,1017.65,,FEET
SHA,D,6,RES ELE,2006-09-22 00:00,2006-09-22 00:00,1017.53,,FEET
SHA,D,6,RES ELE,2006-09-23 00:00,2006-09-23 00:00,1017.30,,FEET
SHA,D,6,RES ELE,2006-09-24 00:00,2006-09-24 00:00,1017.19,,FEET
SHA,D,6,RES ELE,2006-09-25 00:00,2006-09-25 00:00,1017.05,,FEET
SHA,D,6,RES ELE,2006-09-26 00:00,2006-09-26 00:00,1016.91,,FEET
SHA,D,6,RES ELE,2006-09-27 00:00,2006-09-27 00:00,1016.79,,FEET
SHA,D,6,RES ELE,2006-09-28 00:00,2006-09-28 00:00,1016.70,,FEET
SHA,D,6,RES ELE,2006-09-29 00:00,2006-09-29 00:00,1016.66,,FEET
SHA,D,6,RES ELE,2006-09-30 00:00,2006-09-30 00:00,1016.58,,FEET
SHA,D,6,RES ELE,2006-10-01 00:00,2006-10-01 00:00,1016.50,,FEET
SHA,D,6,RES ELE,2006-10-02 00:00,2006-10-02 00:00,1016.23,,FEET
SHA,D,6,RES ELE,2006-10-03 00:00,2006-10-03 00:00,1016.01,,FEET
SHA,D,6,RES ELE,2006-10-04 00:00,2006-10-04 00:00,1015.88,,FEET
SHA,D,6,RES ELE,2006-10-05 00:00,2006-10-05 00:00,1015.68,,FEET
SHA,D,6,RES ELE,2006-10-06 00:00,2006-10-06 00:00,1015.51,,FEET
SHA,D,6,RES ELE,2006-10-07 00:00,2006-10-07 00:00,1015.32,,FEET
SHA,D,6,RES ELE,2006-10-08 00:00,2006-10-08 00:00,1015.13,,FEET
SHA,D,6,RES ELE,2006-10-09 00:00,2006-10-09 00:00,1014.97,,FEET
SHA,D,6,RES ELE,2006-10-10 00:00,2006-10-10 00:00,1014.80,,FEET
SHA,D,6,RES ELE,2006-10-11 00:00,2006-10-11 00:00,1014.68,,FEET
SHA,D,6,RES ELE,2006-10-12 00:00,2006-10-12 00:00,1014.62,,FEET
SHA,D,6,RES ELE,2006-10-13 00:00,2006-10-13 00:00,1014.59,,FEET
SHA,D,6,RES ELE,2006-10-14 00:00,2006-10-14 00:00,1014.49,,FEET
SHA,D,6,RES ELE,2006-10-15 00:00,2006-10-15 00:00,1014.45,,FEET
SHA,D,6,RES ELE,2006-10-16 00:00,2006-10-16 00:00,1014.39,,FEET
SHA,D,6,RES ELE,2006-10-17 00:00,2006-10-17 00:00,1014.24,,FEET
SHA,D,6,RES ELE,2006-10-18 00:00,2006-10-18 00:00,1014.10,,FEET
SHA,D,6,RES ELE,2006-10-19 00:00,2006-10-19 00:00,1014.02,,FEET
SHA,D,6,RES ELE,2006-10-20 00:00,2006-10-20 00:00,1013.94,,FEET
SHA,D,6,RES ELE,2006-10-21 00:00,2006-10-21 00:00,1013.78,,FEET
SHA,D,6,RES ELE,2006-10-22 00:00,2006-10-22 00:00,1013.60,,FEET
SHA,D,6,RES ELE,2006-10-23 00:00,2006-10-23 00:00,1013.50,,FEET
SHA,D,6,RES ELE,2006-10-24 00:00,2006-10-24 00:00,1013.32,,FEET
SHA,D,6,RES ELE,2006-10-25 00:00,2006-10-25 00:00,1013.17,,FEET
SHA,D,6,RES ELE,2006-10-26 00:00,2006-10-26 00:00,1013.05,,FEET
SHA,D,6,RES ELE,2006-10-27 00:00,2006-10-27 00:00,1012.96,,FEET
SHA,D,6,RES ELE,2006-10-28 00:00,2006-10-28 00:00,1012.94,,FEET
SHA,D,6,RES ELE,2006-10-29 00:00,2006-10-29 00:00,1013.04,,FEET
SHA,D,6,RES ELE,2006-10-30 00:00,2006-10-30 00:00,1013.06,,FEET
SHA,D,6,RES ELE,2006-10-31 00:00,2006-10-31 00:00,1012.93,,FEET
SHA,D,6,RES ELE,2006-11-01 00:00,2006-11-01 00:00,1012.85,,FEET
SHA,D,6,RES ELE,2006-11-02 00:00,2006-11-02 00:00,1012.84,,FEET
SHA,D,6,RES ELE,2006-11-03 00:00,2006-11-03 00:00,1012.92,,FEET
SHA,D,6,RES ELE,2006-11-04 00:00,2006-11-04 00:00,1012.85,,FEET
SHA,D,6,RES ELE,2006-11-05 00:00,2006-11-05 00:00,1012.91,,FEET
SHA,D,6,RES ELE,2006-11-06 00:00,2006-11-06 00:00,1012.91,,FEET
SHA,D,6,RES ELE,2006-11-07 00:00,2006-11-07 00:00,1012.88,,FEET
SHA,D,6,RES ELE,2006-11-08 00:00,2006-11-08 00:00,1012.89,,FEET
SHA,D,6,RES ELE,2006-11-09 00:00,2006-11-09 00:00,1012.85,,FEET
SHA,D,6,RES ELE,2006-11-10 00:00,2006-11-10 00:00,1012.80,,FEET
SHA,D,6,RES ELE,2006-11-11 00:00,2006-11-11 00:00,1012.80,,FEET
SHA,D,6,RES ELE,2006-11-12 00:00,2006-11-12 00:00,1012.73,,FEET
SHA,D,6,RES ELE,2006-11-13 00:00,2006-11-13 00:00,1012.98,,FEET
SHA,D,6,RES ELE,2006-11-14 00:00,2006-11-14 00:00,1013.12,,FEET
SHA,D,6,RES ELE,2006-11-15 00:00,2006-11-15 00:00,1013.25,,FEET
SHA,D,6,RES ELE,2006-11-16 00:00,2006-11-16 00:00,1013.34,,FEET
SHA,D,6,RES ELE,2006-11-17 00:00,2006-11-17 00:00,1013.37,,FEET
SHA,D,6,RES ELE,2006-11-18 00:00,2006-11-18 00:00,1013.37,,FEET
SHA,D,6,RES ELE,2006-11-19 00:00,2006-11-19 00:00,1013.33,,FEET
SHA,D,6,RES ELE,2006-11-20 00:00,2006-11-20 00:00,1013.37,,FEET
SHA,D,6,RES ELE,2006-11-21 00:00,2006-11-21 00:00,1013.37,,FEET
SHA,D,6,RES ELE,2006-11-22 00:00,2006-11-22 00:00,1013.47,,FEET
SHA,D,6,RES ELE,2006-11-23 00:00,2006-11-23 00:00,1013.49,,FEET
SHA,D,6,RES ELE,2006-11-24 00:00,2006-11-24 00:00,1013.46,,FEET
SHA,D,6,RES ELE,2006-11-25 00:00,2006-11-25 00:00,1013.41,,FEET
SHA,D,6,RES ELE,2006-11-26 00:00,2006-11-26 00:00,1013.58,,FEET
SHA,D,6,RES ELE,2006-11-27 00:00,2006-11-27 00:00,1013.57,,FEET
SHA,D,6,RES ELE,2006-11-28 00:00,2006-11-28 00:00,1013.48,,FEET
SHA,D,6,RES ELE,2006-11-29 00:00,2006-11-29 00:00,1013.34,,FEET
SHA,D,6,RES ELE,2006-11-30 00:00,2006-11-30 00:00,1013.26,,FEET
SHA,D,6,RES ELE,2006-12-01 00:00,2006-12-01 00:00,1013.16,,FEET
SHA,D,6,RES ELE,2006-12-02 00:00,2006-12-02 00:00,1013.14,,FEET
SHA,D,6,RES ELE,2006-12-03 00:00,2006-12-03 00:00,1013.07,,FEET
SHA,D,6,RES ELE,2006-12-04 00:00,2006-12-04 00:00,1013.02,,FEET
SHA,D,6,RES ELE,2006-12-05 00:00,2006-12-05 00:00,1012.95,,FEET
SHA,D,6,RES ELE,2006-12-06 00:00,2006-12-06 00:00,1012.86,,FEET
SHA,D,6,RES ELE,2006-12-07 00:00,2006-12-07 00:00,1012.80,,FEET
SHA,D,6,RES ELE,2006-12-08 00:00,2006-12-08 00:00,1012.79,,FEET
SHA,D,6,RES ELE,2006-12-09 00:00,2006-12-09 00:00,1012.96,,FEET
SHA,D,6,RES ELE,2006-12-10 00:00,2006-12-10 00:00,1013.16,,FEET
SHA,D,6,RES ELE,2006-12-11 00:00,2006-12-11 00:00,1013.52,,FEET
SHA,D,6,RES ELE,2006-12-12 00:00,2006-12-12 00:00,1014.18,,FEET
SHA,D,6,RES ELE,2006-12-13 00:00,2006-12-13 00:00,1015.10,,FEET
SHA,D,6,RES ELE,2006-12-14 00:00,2006-12-14 00:00,1016.17,,FEET
SHA,D,6,RES ELE,2006-12-15 00:00,2006-12-15 00:00,1017.14,,FEET
SHA,D,6,RES ELE,2006-12-16 00:00,2006-12-16 00:00,1017.64,,FEET
SHA,D,6,RES ELE,2006-12-17 00:00,2006-12-17 00:00,1017.95,,FEET
SHA,D,6,RES ELE,2006-12-18 00:00,2006-12-18 00:00,1018.13,,FEET
SHA,D,6,RES ELE,2006-12-19 00:00,2006-12-19 00:00,1018.29,,FEET
SHA,D,6,RES ELE,2006-12-20 00:00,2006-12-20 00:00,1018.33,,FEET
SHA,D,6,RES ELE,2006-12-21 00:00,2006-12-21 00:00,1018.51,,FEET
SHA,D,6,RES ELE,2006-12-22 00:00,2006-12-22 00:00,1018.62,,FEET
SHA,D,6,RES ELE,2006-12-23 00:00,2006-12-23 00:00,1018.74,,FEET
SHA,D,6,RES ELE,2006-12-24 00:00,2006-12-24 00:00,1018.88,,FEET
SHA,D,6,RES ELE,2006-12-25 00:00,2006-12-25 00:00,1018.98,,FEET
SHA,D,6,RES ELE,2006-12-26 00:00,2006-12-26 00:00,1019.74,,FEET
SHA,D,6,RES ELE,2006-12-27 00:00,2006-12-27 00:00,1020.62,,FEET
SHA,D,6,RES ELE,2006-12-28 00:00,2006-12-28 00:00,1021.03,,FEET
SHA,D,6,RES ELE,2006-12-29 00:00,2006-12-29 00:00,1021.41,,FEET
SHA,D,6,RES ELE,2006-12-30 00:00,2006-12-30 00:00,1021.73,,FEET
SHA,D,6,RES ELE,2006-12-31 00:00,2006-12-31 00:00,1021.98,,FEET
SHA,D,6,RES ELE,2007-01-01 00:00,2007-01-01 00:00,1022.09,,FEET
SHA,D,6,RES ELE,2007-01-02 00:00,2007-01-02 00:00,1022.14,,FEET
SHA,D,6,RES ELE,2007-01-03 00:00,2007-01-03 00:00,1022.34,,FEET
SHA,D,6,RES ELE,2007-01-04 00:00,2007-01-04 00:00,1022.56,,FEET
SHA,D,6,RES ELE,2007-01-05 00:00,2007-01-05 00:00,1022.66,,FEET
SHA,D,6,RES ELE,2007-01-06 00:00,2007-01-06 00:00,1022.78,,FEET
SHA,D,6,RES ELE,2007-01-07 00:00,2007-01-07 00:00,1022.89,,FEET
SHA,D,6,RES ELE,2007-01-08 00:00,2007-01-08 00:00,1023.02,,FEET
SHA,D,6,RES ELE,2007-01-09 00:00,2007-01-09 00:00,1023.12,,FEET
SHA,D,6,RES ELE,2007-01-10 00:00,2007-01-10 00:00,1023.18,,FEET
SHA,D,6,RES ELE,2007-01-11 00:00,2007-01-11 00:00,1023.28,,FEET
SHA,D,6,RES ELE,2007-01-12 00:00,2007-01-12 00:00,1023.31,,FEET
SHA,D,6,RES ELE,2007-01-13 00:00,2007-01-13 00:00,1023.36,,FEET
SHA,D,6,RES ELE,2007-01-14 00:00,2007-01-14 00:00,1023.45,,FEET
SHA,D,6,RES ELE,2007-01-15 00:00,2007-01-15 00:00,1023.52,,FEET
SHA,D,6,RES ELE,2007-01-16 00:00,2007-01-16 00:00,1023.65,,FEET
SHA,D,6,RES ELE,2007-01-17 00:00,2007-01-17 00:00,1023.68,,FEET
SHA,D,6,RES ELE,2007-01-18 00:00,2007-01-18 00:00,1023.71,,FEET
SHA,D,6,RES ELE,2007-01-19 00:00,2007-01-19 00:00,1023.73,,FEET
SHA,D,6,RES ELE,2007-01-20 00:00,2007-01-20 00:00,1023.73,,FEET
SHA,D,6,RES ELE,2007-01-21 00:00,2007-01-21 00:00,1023.74,,FEET
SHA,D,6,RES ELE,2007-01-22 00:00,2007-01-22 00:00,1023.77,,FEET
SHA,D,6,RES ELE,2007-01-23 00:00,2007-01-23 00:00,1023.78,,FEET
SHA,D,6,RES ELE,2007-01-24 00:00,2007-01-24 00:00,1023.79,,FEET
SHA,D,6,RES ELE,2007-01-25 00:00,2007-01-25 00:00,1023.77,,FEET
SHA,D,6,RES ELE,2007-01-26 00:00,2007-01-26 00:00,1023.70,,FEET
SHA,D,6,RES ELE,2007-01-27 00:00,2007-01-27 00:00,1023.65,,FEET
SHA,D,6,RES ELE,2007-01-28 00:00,2007-01-28 00:00,1023.65,,FEET
SHA,D,6,RES ELE,2007-01-29 00:00,2007-01-29 00:00,1023.63,,FEET
SHA,D,6,RES ELE,2007-01-30 00:00,2007-01-30 00:00,1023.63,,FEET
SHA,D,6,RES ELE,2007-01-31 00:00,2007-01-31 00:00,1023.60,,FEET
SHA,D,6,RES ELE,2007-02-01 00:00,2007-02-01 00:00,1023.59,,FEET
SHA,D,6,RES ELE,2007-02-02 00:00,2007-02-02 00:00,1023.57,,FEET
SHA,D,6,RES ELE,2007-02-03 00:00,2007-02-03 00:00,1023.56,,FEET
SHA,D,6,RES ELE,2007-02-04 00:00,2007-02-04 00:00,1023.54,,FEET
SHA,D,6,RES ELE,2007-02-05 00:00,2007-02-05 00:00,1023.50,,FEET
SHA,D,6,RES ELE,2007-02-06 00:00,2007-02-06 00:00,1023.49,,FEET
SHA,D,6,RES ELE,2007-02-07 00:00,2007-02-07 00:00,1023.62,,FEET
SHA,D,6,RES ELE,2007-02-08 00:00,2007-02-08 00:00,1023.87,,FEET
SHA,D,6,RES ELE,2007-02-09 00:00,2007-02-09 00:00,1024.36,,FEET
SHA,D,6,RES ELE,2007-02-10 00:00,2007-02-10 00:00,1025.79,,FEET
SHA,D,6,RES ELE,2007-02-11 00:00,2007-02-11 00:00,1027.72,,FEET
SHA,D,6,RES ELE,2007-02-12 00:00,2007-02-12 00:00,1028.66,,FEET
SHA,D,6,RES ELE,2007-02-13 00:00,2007-02-13 00:00,1029.21,,FEET
SHA,D,6,RES ELE,2007-02-14 00:00,2007-02-14 00:00,1029.61,,FEET
SHA,D,6,RES ELE,2007-02-15 00:00,2007-02-15 00:00,1030.00,,FEET
SHA,D,6,RES ELE,2007-02-16 00:00,2007-02-16 00:00,1030.38,,FEET
SHA,D,6,RES ELE,2007-02-17 00:00,2007-02-17 00:00,1030.71,,FEET
SHA,D,6,RES ELE,2007-02-18 00:00,2007-02-18 00:00,1031.04,,FEET
SHA,D,6,RES ELE,2007-02-19 00:00,2007-02-19 00:00,1031.23,,FEET
SHA,D,6,RES ELE,2007-02-20 00:00,2007-02-20 00:00,1031.46,,FEET
SHA,D,6,RES ELE,2007-02-21 00:00,2007-02-21 00:00,1032.18,,FEET
SHA,D,6,RES ELE,2007-02-22 00:00,2007-02-22 00:00,1033.96,,FEET
SHA,D,6,RES ELE,2007-02-23 00:00,2007-02-23 00:00,1034.99,,FEET
SHA,D,6,RES ELE,2007-02-24 00:00,2007-02-24 00:00,1035.80,,FEET
SHA,D,6,RES ELE,2007-02-25 00:00,2007-02-25 00:00,1036.94,,FEET
SHA,D,6,RES ELE,2007-02-26 00:00,2007-02-26 00:00,1037.90,,FEET
SHA,D,6,RES ELE,2007-02-27 00:00,2007-02-27 00:00,1038.67,,FEET
SHA,D,6,RES ELE,2007-02-28 00:00,2007-02-28 00:00,1039.23,,FEET
SHA,D,6,RES ELE,2007-03-01 00:00,2007-03-01 00:00,1039.74,,FEET
SHA,D,6,RES ELE,2007-03-02 00:00,2007-03-02 00:00,1040.24,,FEET
SHA,D,6,RES ELE,2007-03-03 00:00,2007-03-03 00:00,1040.66,,FEET
SHA,D,6,RES ELE,2007-03-04 00:00,2007-03-04 00:00,1041.08,,FEET
SHA,D,6,RES ELE,2007-03-05 00:00,2007-03-05 00:00,1041.36,,FEET
SHA,D,6,RES ELE,2007-03-06 00:00,2007-03-06 00:00,1041.67,,FEET
SHA,D,6,RES ELE,2007-03-07 00:00,2007-03-07 00:00,1042.11,,FEET
SHA,D,6,RES ELE,2007-03-08 00:00,2007-03-08 00:00,1042.51,,FEET
SHA,D,6,RES ELE,2007-03-09 00:00,2007-03-09 00:00,1042.86,,FEET
SHA,D,6,RES ELE,2007-03-10 00:00,2007-03-10 01:00,1043.26,,FEET
SHA,D,6,RES ELE,2007-03-11 00:00,2007-03-11 00:00,1043.64,,FEET
SHA,D,6,RES ELE,2007-03-12 00:00,2007-03-12 00:00,1043.99,,FEET
SHA,D,6,RES ELE,2007-03-13 00:00,2007-03-13 00:00,1044.47,,FEET
SHA,D,6,RES ELE,2007-03-14 00:00,2007-03-14 00:00,1044.85,,FEET
SHA,D,6,RES ELE,2007-03-15 00:00,2007-03-15 00:00,1045.18,,FEET
SHA,D,6,RES ELE,2007-03-16 00:00,2007-03-16 00:00,1045.49,,FEET
SHA,D,6,RES ELE,2007-03-17 00:00,2007-03-17 00:00,1045.76,,FEET
SHA,D,6,RES ELE,2007-03-18 00:00,2007-03-18 00:00,1046.08,,FEET
SHA,D,6,RES ELE,2007-03-19 00:00,2007-03-19 00:00,1046.33,,FEET
SHA,D,6,RES ELE,2007-03-20 00:00,2007-03-20 00:00,1046.57,,FEET
SHA,D,6,RES ELE,2007-03-21 00:00,2007-03-21 00:00,1046.80,,FEET
SHA,D,6,RES ELE,2007-03-22 00:00,2007-03-22 00:00,1047.08,,FEET
SHA,D,6,RES ELE,2007-03-23 00:00,2007-03-23 00:00,1047.37,,FEET
SHA,D,6,RES ELE,2007-03-24 00:00,2007-03-24 00:00,1047.69,,FEET
SHA,D,6,RES ELE,2007-03-25 00:00,2007-03-25 00:00,1047.84,,FEET
SHA,D,6,RES ELE,2007-03-26 00:00,2007-03-26 00:00,1047.98,,FEET
SHA,D,6,RES ELE,2007-03-27 00:00,2007-03-27 00:00,1048.10,,FEET
SHA,D,6,RES ELE,2007-03-28 00:00,2007-03-28 00:00,1048.06,,FEET
SHA,D,6,RES ELE,2007-03-29 00:00,2007-03-29 00:00,1048.10,,FEET
SHA,D,6,RES ELE,2007-03-30 00:00,2007-03-30 00:00,1048.12,,FEET
SHA,D,6,RES ELE,2007-03-31 00:00,2007-03-31 00:00,1048.11,,FEET
SHA,D,6,RES ELE,2007-04-01 00:00,2007-04-01 00:00,1048.08,,FEET
SHA,D,6,RES ELE,2007-04-02 00:00,2007-04-02 00:00,1048.05,,FEET
SHA,D,6,RES ELE,2007-04-03 00:00,2007-04-03 00:00,1048.02,,FEET
SHA,D,6,RES ELE,2007-04-04 00:00,2007-04-04 00:00,1047.98,,FEET
SHA,D,6,RES ELE,2007-04-05 00:00,2007-04-05 00:00,1047.85,,FEET
SHA,D,6,RES ELE,2007-04-06 00:00,2007-04-06 00:00,1047.69,,FEET
SHA,D,6,RES ELE,2007-04-07 00:00,2007-04-07 00:00,1047.52,,FEET
SHA,D,6,RES ELE,2007-04-08 00:00,2007-04-08 00:00,1047.31,,FEET
SHA,D,6,RES ELE,2007-04-09 00:00,2007-04-09 00:00,1047.26,,FEET
SHA,D,6,RES ELE,2007-04-10 00:00,2007-04-10 00:00,1047.10,,FEET
SHA,D,6,RES ELE,2007-04-11 00:00,2007-04-11 00:00,1046.93,,FEET
SHA,D,6,RES ELE,2007-04-12 00:00,2007-04-12 00:00,1046.74,,FEET
SHA,D,6,RES ELE,2007-04-13 00:00,2007-04-13 00:00,1046.58,,FEET
SHA,D,6,RES ELE,2007-04-14 00:00,2007-04-14 00:00,1046.42,,FEET
SHA,D,6,RES ELE,2007-04-15 00:00,2007-04-15 00:00,1046.23,,FEET
SHA,D,6,RES ELE,2007-04-16 00:00,2007-04-16 00:00,1046.00,,FEET
SHA,D,6,RES ELE,2007-04-17 00:00,2007-04-17 00:00,1045.82,,FEET
SHA,D,6,RES ELE,2007-04-18 00:00,2007-04-18 00:00,1045.56,,FEET
SHA,D,6,RES ELE,2007-04-19 00:00,2007-04-19 00:00,1045.36,,FEET
SHA,D,6,RES ELE,2007-04-20 00:00,2007-04-20 00:00,1045.18,,FEET
SHA,D,6,RES ELE,2007-04-21 00:00,2007-04-21 00:00,1045.15,,FEET
SHA,D,6,RES ELE,2007-04-22 00:00,2007-04-22 00:00,1045.12,,FEET
SHA,D,6,RES ELE,2007-04-23 00:00,2007-04-23 00:00,1044.99,,FEET
SHA,D,6,RES ELE,2007-04-24 00:00,2007-04-24 00:00,1044.89,,FEET
SHA,D,6,RES ELE,2007-04-25 00:00,2007-04-25 00:00,1044.79,,FEET
SHA,D,6,RES ELE,2007-04-26 00:00,2007-04-26 00:00,1044.65,,FEET
SHA,D,6,RES ELE,2007-04-27 00:00,2007-04-27 00:00,1044.49,,FEET
SHA,D,6,RES ELE,2007-04-28 00:00,2007-04-28 00:00,1044.33,,FEET
SHA,D,6,RES ELE,2007-04-29 00:00,2007-04-29 00:00,1044.26,,FEET
SHA,D,6,RES ELE,2007-04-30 00:00,2007-04-30 00:00,1044.07,,FEET
SHA,D,6,RES ELE,2007-05-01 00:00,2007-05-01 00:00,1043.90,,FEET
SHA,D,6,RES ELE,2007-05-02 00:00,2007-05-02 00:00,1043.69,,FEET
SHA,D,6,RES ELE,2007-05-03 00:00,2007-05-03 00:00,1043.26,,FEET
SHA,D,6,RES ELE,2007-05-04 00:00,2007-05-04 00:00,1042.96,,FEET
SHA,D,6,RES ELE,2007-05-05 00:00,2007-05-05 00:00,1042.73,,FEET
SHA,D,6,RES ELE,2007-05-06 00:00,2007-05-06 00:00,1042.43,,FEET
SHA,D,6,RES ELE,2007-05-07 00:00,2007-05-07 00:00,1042.15,,FEET
SHA,D,6,RES ELE,2007-05-08 00:00,2007-05-08 00:00,1041.84,,FEET
SHA,D,6,RES ELE,2007-05-09 00:00,2007-05-09 00:00,1041.55,,FEET
SHA,D,6,RES ELE,2007-05-10 00:00,2007-05-10 00:00,1041.27,,FEET
SHA,D,6,RES ELE,2007-05-11 00:00,2007-05-11 00:00,1040.95,,FEET
SHA,D,6,RES ELE,2007-05-12 00:00,2007-05-12 00:00,1040.58,,FEET
SHA,D,6,RES ELE,2007-05-13 00:00,2007-05-13 00:00,1040.15,,FEET
SHA,D,6,RES ELE,2007-05-14 00:00,2007-05-14 00:00,1039.74,,FEET
SHA,D,6,RES ELE,2007-05-15 00:00,2007-05-15 00:00,1039.21,,FEET
SHA,D,6,RES ELE,2007-05-16 00:00,2007-05-16 00:00,1038.78,,FEET
SHA,D,6,RES ELE,2007-05-17 00:00,2007-05-17 00:00,1038.40,,FEET
SHA,D,6,RES ELE,2007-05-18 00:00,2007-05-18 00:00,1038.06,,FEET
SHA,D,6,RES ELE,2007-05-19 00:00,2007-05-19 00:00,1037.71,,FEET
SHA,D,6,RES ELE,2007-05-20 00:00,2007-05-20 00:00,1037.33,,FEET
SHA,D,6,RES ELE,2007-05-21 00:00,2007-05-21 00:00,1036.94,,FEET
SHA,D,6,RES ELE,2007-05-22 00:00,2007-05-22 00:00,1036.56,,FEET
SHA,D,6,RES ELE,2007-05-23 00:00,2007-05-23 00:00,1036.17,,FEET
SHA,D,6,RES ELE,2007-05-24 00:00,2007-05-24 00:00,1035.77,,FEET
SHA,D,6,RES ELE,2007-05-25 00:00,2007-05-25 00:00,1035.41,,FEET
SHA,D,6,RES ELE,2007-05-26 00:00,2007-05-26 00:00,1035.00,,FEET
SHA,D,6,RES ELE,2007-05-27 00:00,2007-05-27 00:00,1034.52,,FEET
SHA,D,6,RES ELE,2007-05-28 00:00,2007-05-28 00:00,1034.06,,FEET
SHA,D,6,RES ELE,2007-05-29 00:00,2007-05-29 00:00,1033.68,,FEET
SHA,D,6,RES ELE,2007-05-30 00:00,2007-05-30 00:00,1033.16,,FEET
SHA,D,6,RES ELE,2007-05-31 00:00,2007-05-31 00:00,1032.66,,FEET
SHA,D,6,RES ELE,2007-06-01 00:00,2007-06-01 00:00,1032.17,,FEET
SHA,D,6,RES ELE,2007-06-02 00:00,2007-06-02 00:00,1031.68,,FEET
SHA,D,6,RES ELE,2007-06-03 00:00,2007-06-03 00:00,1031.19,,FEET
SHA,D,6,RES ELE,2007-06-04 00:00,2007-06-04 00:00,1030.66,,FEET
SHA,D,6,RES ELE,2007-06-05 00:00,2007-06-05 00:00,1030.08,,FEET
SHA,D,6,RES ELE,2007-06-06 00:00,2007-06-06 00:00,1029.53,,FEET
SHA,D,6,RES ELE,2007-06-07 00:00,2007-06-07 00:00,1028.98,,FEET
SHA,D,6,RES ELE,2007-06-08 00:00,2007-06-08 00:00,1028.47,,FEET
SHA,D,6,RES ELE,2007-06-09 00:00,2007-06-09 00:00,1027.91,,FEET
SHA,D,6,RES ELE,2007-06-10 00:00,2007-06-10 00:00,1027.38,,FEET
SHA,D,6,RES ELE,2007-06-11 00:00,2007-06-11 00:00,1026.80,,FEET
SHA,D,6,RES ELE,2007-06-12 00:00,2007-06-12 00:00,1026.27,,FEET
SHA,D,6,RES ELE,2007-06-13 00:00,2007-06-13 00:00,1025.81,,FEET
SHA,D,6,RES ELE,2007-06-14 00:00,2007-06-14 00:00,1025.31,,FEET
SHA,D,6,RES ELE,2007-06-15 00:00,2007-06-15 00:00,1024.71,,FEET
SHA,D,6,RES ELE,2007-06-16 00:00,2007-06-16 00:00,1023.98,,FEET
SHA,D,6,RES ELE,2007-06-17 00:00,2007-06-17 00:00,1023.23,,FEET
SHA,D,6,RES ELE,2007-06-18 00:00,2007-06-18 00:00,1022.60,,FEET
SHA,D,6,RES ELE,2007-06-19 00:00,2007-06-19 00:00,1022.06,,FEET
SHA,D,6,RES ELE,2007-06-20 00:00,2007-06-20 00:00,1021.51,,FEET
SHA,D,6,RES ELE,2007-06-21 00:00,2007-06-21 00:00,1020.84,,FEET
SHA,D,6,RES ELE,2007-06-22 00:00,2007-06-22 00:00,1020.14,,FEET
SHA,D,6,RES ELE,2007-06-23 00:00,2007-06-23 00:00,1019.36,,FEET
SHA,D,6,RES ELE,2007-06-24 00:00,2007-06-24 00:00,1018.61,,FEET
SHA,D,6,RES ELE,2007-06-25 00:00,2007-06-25 00:00,1017.83,,FEET
SHA,D,6,RES ELE,2007-06-26 00:00,2007-06-26 00:00,1017.08,,FEET
SHA,D,6,RES ELE,2007-06-27 00:00,2007-06-27 00:00,1016.33,,FEET
SHA,D,6,RES ELE,2007-06-28 00:00,2007-06-28 00:00,1015.55,,FEET
SHA,D,6,RES ELE,2007-06-29 00:00,2007-06-29 00:00,1014.73,,FEET
SHA,D,6,RES ELE,2007-06-30 00:00,2007-06-30 00:00,1013.84,,FEET
SHA,D,6,RES ELE,2007-07-01 00:00,2007-07-01 00:00,1013.00,,FEET
SHA,D,6,RES ELE,2007-07-02 00:00,2007-07-02 00:00,1012.16,,FEET
SHA,D,6,RES ELE,2007-07-03 00:00,2007-07-03 00:00,1011.28,,FEET
SHA,D,6,RES ELE,2007-07-04 00:00,2007-07-04 00:00,1010.41,,FEET
SHA,D,6,RES ELE,2007-07-05 00:00,2007-07-05 00:00,1009.56,,FEET
SHA,D,6,RES ELE,2007-07-06 00:00,2007-07-06 00:00,1008.71,,FEET
SHA,D,6,RES ELE,2007-07-07 00:00,2007-07-07 00:00,1007.85,,FEET
SHA,D,6,RES ELE,2007-07-08 00:00,2007-07-08 00:00,1006.98,,FEET
SHA,D,6,RES ELE,2007-07-09 00:00,2007-07-09 00:00,1006.14,,FEET
SHA,D,6,RES ELE,2007-07-10 00:00,2007-07-10 00:00,1005.24,,FEET
SHA,D,6,RES ELE,2007-07-11 00:00,2007-07-11 00:00,1004.40,,FEET
SHA,D,6,RES ELE,2007-07-12 00:00,2007-07-12 00:00,1003.55,,FEET
SHA,D,6,RES ELE,2007-07-13 00:00,2007-07-13 00:00,1002.60,,FEET
SHA,D,6,RES ELE,2007-07-14 00:00,2007-07-14 00:00,1001.72,,FEET
SHA,D,6,RES ELE,2007-07-15 00:00,2007-07-15 00:00,1000.84,,FEET
SHA,D,6,RES ELE,2007-07-16 00:00,2007-07-16 00:00,999.89,,FEET
SHA,D,6,RES ELE,2007-07-17 00:00,2007-07-17 00:00,998.97,,FEET
SHA,D,6,RES ELE,2007-07-18 00:00,2007-07-18 00:00,998.32,,FEET
SHA,D,6,RES ELE,2007-07-19 00:00,2007-07-19 00:00,997.46,,FEET
SHA,D,6,RES ELE,2007-07-20 00:00,2007-07-20 00:00,996.67,,FEET
SHA,D,6,RES ELE,2007-07-21 00:00,2007-07-21 00:00,995.71,,FEET
SHA,D,6,RES ELE,2007-07-22 00:00,2007-07-22 00:00,994.82,,FEET
SHA,D,6,RES ELE,2007-07-23 00:00,2007-07-23 00:00,993.94,,FEET
SHA,D,6,RES ELE,2007-07-24 00:00,2007-07-24 00:00,993.04,,FEET
SHA,D,6,RES ELE,2007-07-25 00:00,2007-07-25 00:00,992.12,,FEET
SHA,D,6,RES ELE,2007-07-26 00:00,2007-07-26 00:00,991.20,,FEET
SHA,D,6,RES ELE,2007-07-27 00:00,2007-07-27 00:00,990.32,,FEET
SHA,D,6,RES ELE,2007-07-28 00:00,2007-07-28 00:00,989.57,,FEET
SHA,D,6,RES ELE,2007-07-29 00:00,2007-07-29 00:00,988.76,,FEET
SHA,D,6,RES ELE,2007-07-30 00:00,2007-07-30 00:00,988.00,,FEET
SHA,D,6,RES ELE,2007-07-31 00:00,2007-07-31 00:00,987.22,,FEET
SHA,D,6,RES ELE,2007-08-01 00:00,2007-08-01 00:00,986.44,,FEET
SHA,D,6,RES ELE,2007-08-02 00:00,2007-08-02 00:00,985.60,,FEET
SHA,D,6,RES ELE,2007-08-03 00:00,2007-08-03 00:00,984.75,,FEET
SHA,D,6,RES ELE,2007-08-04 00:00,2007-08-04 00:00,983.91,,FEET
SHA,D,6,RES ELE,2007-08-05 00:00,2007-08-05 00:00,982.97,,FEET
SHA,D,6,RES ELE,2007-08-06 00:00,2007-08-06 00:00,982.05,,FEET
SHA,D,6,RES ELE,2007-08-07 00:00,2007-08-07 00:00,981.18,,FEET
SHA,D,6,RES ELE,2007-08-08 00:00,2007-08-08 00:00,980.37,,FEET
SHA,D,6,RES ELE,2007-08-09 00:00,2007-08-09 00:00,979.47,,FEET
SHA,D,6,RES ELE,2007-08-10 00:00,2007-08-10 00:00,978.59,,FEET
SHA,D,6,RES ELE,2007-08-11 00:00,2007-08-11 00:00,977.78,,FEET
SHA,D,6,RES ELE,2007-08-12 00:00,2007-08-12 00:00,976.93,,FEET
SHA,D,6,RES ELE,2007-08-13 00:00,2007-08-13 00:00,976.15,,FEET
SHA,D,6,RES ELE,2007-08-14 00:00,2007-08-14 00:00,975.19,,FEET
SHA,D,6,RES ELE,2007-08-15 00:00,2007-08-15 00:00,974.56,,FEET
SHA,D,6,RES ELE,2007-08-16 00:00,2007-08-16 00:00,973.75,,FEET
SHA,D,6,RES ELE,2007-08-17 00:00,2007-08-17 00:00,973.02,,FEET
SHA,D,6,RES ELE,2007-08-18 00:00,2007-08-18 00:00,972.39,,FEET
SHA,D,6,RES ELE,2007-08-19 00:00,2007-08-19 00:00,971.69,,FEET
SHA,D,6,RES ELE,2007-08-20 00:00,2007-08-20 00:00,971.08,,FEET
SHA,D,6,RES ELE,2007-08-21 00:00,2007-08-21 00:00,970.52,,FEET
SHA,D,6,RES ELE,2007-08-22 00:00,2007-08-22 00:00,969.96,,FEET
SHA,D,6,RES ELE,2007-08-23 00:00,2007-08-23 00:00,969.43,,FEET
SHA,D,6,RES ELE,2007-08-24 00:00,2007-08-24 00:00,968.84,,FEET
SHA,D,6,RES ELE,2007-08-25 00:00,2007-08-25 00:00,968.19,,FEET
SHA,D,6,RES ELE,2007-08-26 00:00,2007-08-26 00:00,967.65,,FEET
SHA,D,6,RES ELE,2007-08-27 00:00,2007-08-27 00:00,967.18,,FEET
SHA,D,6,RES ELE,2007-08-28 00:00,2007-08-28 00:00,966.64,,FEET
SHA,D,6,RES ELE,2007-08-29 00:00,2007-08-29 00:00,966.04,,FEET
SHA,D,6,RES ELE,2007-08-30 00:00,2007-08-30 00:00,965.45,,FEET
SHA,D,6,RES ELE,2007-08-31 00:00,2007-08-31 00:00,964.93,,FEET
SHA,D,6,RES ELE,2007-09-01 00:00,2007-09-01 00:00,964.37,,FEET
SHA,D,6,RES ELE,2007-09-02 00:00,2007-09-02 00:00,963.75,,FEET
SHA,D,6,RES ELE,2007-09-03 00:00,2007-09-03 00:00,963.10,,FEET
SHA,D,6,RES ELE,2007-09-04 00:00,2007-09-04 00:00,962.51,,FEET
SHA,D,6,RES ELE,2007-09-05 00:00,2007-09-05 00:00,961.91,,FEET
SHA,D,6,RES ELE,2007-09-06 00:00,2007-09-06 00:00,961.27,,FEET
SHA,D,6,RES ELE,2007-09-07 00:00,2007-09-07 00:00,960.71,,FEET
SHA,D,6,RES ELE,2007-09-08 00:00,2007-09-08 00:00,960.14,,FEET
SHA,D,6,RES ELE,2007-09-09 00:00,2007-09-09 00:00,959.60,,FEET
SHA,D,6,RES ELE,2007-09-10 00:00,2007-09-10 00:00,959.06,,FEET
SHA,D,6,RES ELE,2007-09-11 00:00,2007-09-11 00:00,958.56,,FEET
SHA,D,6,RES ELE,2007-09-12 00:00,2007-09-12 00:00,958.06,,FEET
SHA,D,6,RES ELE,2007-09-13 00:00,2007-09-13 00:00,957.54,,FEET
SHA,D,6,RES ELE,2007-09-14 00:00,2007-09-14 00:00,957.10,,FEET
SHA,D,6,RES ELE,2007-09-15 00:00,2007-09-15 00:00,956.66,,FEET
SHA,D,6,RES ELE,2007-09-16 00:00,2007-09-16 00:00,956.20,,FEET
SHA,D,6,RES ELE,2007-09-17 00:00,2007-09-17 00:00,955.97,,FEET
SHA,D,6,RES ELE,2007-09-18 00:00,2007-09-18 00:00,955.57,,FEET
SHA,D,6,RES ELE,2007-09-19 00:00,2007-09-19 00:00,955.05,,FEET
SHA,D,6,RES ELE,2007-09-20 00:00,2007-09-20 00:00,954.66,,FEET
SHA,D,6,RES ELE,2007-09-21 00:00,2007-09-21 00:00,954.20,,FEET
SHA,D,6,RES ELE,2007-09-22 00:00,2007-09-22 00:00,953.79,,FEET
SHA,D,6,RES ELE,2007-09-23 00:00,2007-09-23 00:00,953.38,,FEET
SHA,D,6,RES ELE,2007-09-24 00:00,2007-09-24 00:00,952.44,,FEET
SHA,D,6,RES ELE,2007-09-25 00:00,2007-09-25 00:00,952.01,,FEET
SHA,D,6,RES ELE,2007-09-26 00:00,2007-09-26 00:00,951.63,,FEET
SHA,D,6,RES ELE,2007-09-27 00:00,2007-09-27 00:00,951.24,,FEET
SHA,D,6,RES ELE,2007-09-28 00:00,2007-09-28 00:00,950.94,,FEET
SHA,D,6,RES ELE,2007-09-29 00:00,2007-09-29 00:00,950.56,,FEET
SHA,D,6,RES ELE,2007-09-30 00:00,2007-09-30 00:00,950.13,,FEET
SHA,D,6,RES ELE,2007-10-01 00:00,2007-10-01 00:00,949.82,,FEET
SHA,D,6,RES ELE,2007-10-02 00:00,2007-10-02 00:00,949.44,,FEET
SHA,D,6,RES ELE,2007-10-03 00:00,2007-10-03 00:00,949.01,,FEET
SHA,D,6,RES ELE,2007-10-04 00:00,2007-10-04 00:00,948.66,,FEET
SHA,D,6,RES ELE,2007-10-05 00:00,2007-10-05 00:00,948.34,,FEET
SHA,D,6,RES ELE,2007-10-06 00:00,2007-10-06 00:00,948.16,,FEET
SHA,D,6,RES ELE,2007-10-07 00:00,2007-10-07 00:00,947.93,,FEET
SHA,D,6,RES ELE,2007-10-08 00:00,2007-10-08 00:00,947.63,,FEET
SHA,D,6,RES ELE,2007-10-09 00:00,2007-10-09 00:00,947.21,,FEET
SHA,D,6,RES ELE,2007-10-10 00:00,2007-10-10 00:00,947.28,,FEET
SHA,D,6,RES ELE,2007-10-11 00:00,2007-10-11 00:00,,,FEET
SHA,D,6,RES ELE,2007-10-12 00:00,2007-10-12 00:00,947.23,,FEET
SHA,D,6,RES ELE,2007-10-13 00:00,2007-10-13 00:00,946.98,,FEET
SHA,D,6,RES ELE,2007-10-14 00:00,2007-10-14 00:00,946.68,,FEET
SHA,D,6,RES ELE,2007-10-15 00:00,2007-10-15 00:00,946.50,,FEET
SHA,D,6,RES ELE,2007-10-16 00:00,2007-10-16 00:00,946.34,,FEET
SHA,D,6,RES ELE,2007-10-17 00:00,2007-10-17 00:00,946.32,,FEET
SHA,D,6,RES ELE,2007-10-18 00:00,2007-10-18 00:00,946.23,,FEET
SHA,D,6,RES ELE,2007-10-19 00:00,2007-10-19 00:00,946.58,,FEET
SHA,D,6,RES ELE,2007-10-20 00:00,2007-10-20 00:00,946.53,,FEET
SHA,D,6,RES ELE,2007-10-21 00:00,2007-10-21 00:00,946.48,,FEET
SHA,D,6,RES ELE,2007-10-22 00:00,2007-10-22 00:00,946.28,,FEET
SHA,D,6,RES ELE,2007-10-23 00:00,2007-10-23 00:00,946.16,,FEET
SHA,D,6,RES ELE,2007-10-24 00:00,2007-10-24 00:00,946.01,,FEET
SHA,D,6,RES ELE,2007-10-25 00:00,2007-10-25 00:00,945.84,,FEET
SHA,D,6,RES ELE,2007-10-26 00:00,2007-10-26 00:00,945.59,,FEET
SHA,D,6,RES ELE,2007-10-27 00:00,2007-10-27 00:00,945.45,,FEET
SHA,D,6,RES ELE,2007-10-28 00:00,2007-10-28 00:00,945.37,,FEET
SHA,D,6,RES ELE,2007-10-29 00:00,2007-10-29 00:00,945.49,,FEET
SHA,D,6,RES ELE,2007-10-30 00:00,2007-10-30 00:00,945.34,,FEET
SHA,D,6,RES ELE,2007-10-31 00:00,2007-10-31 00:00,945.30,,FEET
SHA,D,6,RES ELE,2007-11-01 00:00,2007-11-01 00:00,945.13,,FEET
SHA,D,6,RES ELE,2007-11-02 00:00,2007-11-02 00:00,944.95,,FEET
SHA,D,6,RES ELE,2007-11-03 00:00,2007-11-03 00:00,944.72,,FEET
SHA,D,6,RES ELE,2007-11-04 00:00,2007-11-04 00:00,944.48,,FEET
SHA,D,6,RES ELE,2007-11-05 00:00,2007-11-05 00:00,944.31,,FEET
SHA,D,6,RES ELE,2007-11-06 00:00,2007-11-06 00:00,944.13,,FEET
SHA,D,6,RES ELE,2007-11-07 00:00,2007-11-07 00:00,943.98,,FEET
SHA,D,6,RES ELE,2007-11-08 00:00,2007-11-08 00:00,943.95,,FEET
SHA,D,6,RES ELE,2007-11-09 00:00,2007-11-09 00:00,943.90,,FEET
SHA,D,6,RES ELE,2007-11-10 00:00,2007-11-10 00:00,943.85,,FEET
SHA,D,6,RES ELE,2007-11-11 00:00,2007-11-11 00:00,943.65,,FEET
SHA,D,6,RES ELE,2007-11-12 00:00,2007-11-12 00:00,943.43,,FEET
SHA,D,6,RES ELE,2007-11-13 00:00,2007-11-13 00:00,943.19,,FEET
SHA,D,6,RES ELE,2007-11-14 00:00,2007-11-14 00:00,942.94,,FEET
SHA,D,6,RES ELE,2007-11-15 00:00,2007-11-15 00:00,942.73,,FEET
SHA,D,6,RES ELE,2007-11-16 00:00,2007-11-16 00:00,942.57,,FEET
SHA,D,6,RES ELE,2007-11-17 00:00,2007-11-17 00:00,942.50,,FEET
SHA,D,6,RES ELE,2007-11-18 00:00,2007-11-18 00:00,942.37,,FEET
SHA,D,6,RES ELE,2007-11-19 00:00,2007-11-19 00:00,942.24,,FEET
SHA,D,6,RES ELE,2007-11-20 00:00,2007-11-20 00:00,942.16,,FEET
SHA,D,6,RES ELE,2007-11-21 00:00,2007-11-21 00:00,941.97,,FEET
SHA,D,6,RES ELE,2007-11-22 00:00,2007-11-22 00:00,941.93,,FEET
SHA,D,6,RES ELE,2007-11-23 00:00,2007-11-23 00:00,941.76,,FEET
SHA,D,6,RES ELE,2007-11-24 00:00,2007-11-24 00:00,941.61,,FEET
SHA,D,6,RES ELE,2007-11-25 00:00,2007-11-25 00:00,941.41,,FEET
SHA,D,6,RES ELE,2007-11-26 00:00,2007-11-26 00:00,941.22,,FEET
SHA,D,6,RES ELE,2007-11-27 00:00,2007-11-27 00:00,941.09,,FEET
SHA,D,6,RES ELE,2007-11-28 00:00,2007-11-28 00:00,940.98,,FEET
SHA,D,6,RES ELE,2007-11-29 00:00,2007-11-29 00:00,940.85,,FEET
SHA,D,6,RES ELE,2007-11-30 00:00,2007-11-30 00:00,940.80,,FEET
SHA,D,6,RES ELE,2007-12-01 00:00,2007-12-01 00:00,940.58,,FEET
SHA,D,6,RES ELE,2007-12-02 00:00,2007-12-02 00:00,940.46,,FEET
SHA,D,6,RES ELE,2007-12-03 00:00,2007-12-03 00:00,940.49,,FEET
SHA,D,6,RES ELE,2007-12-04 00:00,2007-12-04 00:00,940.50,,FEET
SHA,D,6,RES ELE,2007-12-05 00:00,2007-12-05 00:00,940.50,,FEET
SHA,D,6,RES ELE,2007-12-06 00:00,2007-12-06 00:00,940.62,,FEET
SHA,D,6,RES ELE,2007-12-07 00:00,2007-12-07 00:00,940.61,,FEET
SHA,D,6,RES ELE,2007-12-08 00:00,2007-12-08 00:00,940.59,,FEET
SHA,D,6,RES ELE,2007-12-09 00:00,2007-12-09 00:00,940.41,,FEET
SHA,D,6,RES ELE,2007-12-10 00:00,2007-12-10 00:00,940.32,,FEET
SHA,D,6,RES ELE,2007-12-11 00:00,2007-12-11 00:00,940.22,,FEET
SHA,D,6,RES ELE,2007-12-12 00:00,2007-12-12 00:00,940.13,,FEET
SHA,D,6,RES ELE,2007-12-13 00:00,2007-12-13 00:00,940.10,,FEET
SHA,D,6,RES ELE,2007-12-14 00:00,2007-12-14 00:00,940.02,,FEET
SHA,D,6,RES ELE,2007-12-15 00:00,2007-12-15 00:00,940.09,,FEET
SHA,D,6,RES ELE,2007-12-16 00:00,2007-12-16 00:00,940.14,,FEET
SHA,D,6,RES ELE,2007-12-17 00:00,2007-12-17 00:00,940.31,,FEET
SHA,D,6,RES ELE,2007-12-18 00:00,2007-12-18 00:00,941.56,,FEET
SHA,D,6,RES ELE,2007-12-19 00:00,2007-12-19 00:00,942.58,,FEET
SHA,D,6,RES ELE,2007-12-20 00:00,2007-12-20 00:00,943.53,,FEET
SHA,D,6,RES ELE,2007-12-21 00:00,2007-12-21 00:00,943.90,,FEET
SHA,D,6,RES ELE,2007-12-22 00:00,2007-12-22 00:00,944.00,,FEET
SHA,D,6,RES ELE,2007-12-23 00:00,2007-12-23 00:00,944.04,,FEET
SHA,D,6,RES ELE,2007-12-24 00:00,2007-12-24 00:00,944.09,,FEET
SHA,D,6,RES ELE,2007-12-25 00:00,2007-12-25 00:00,944.12,,FEET
SHA,D,6,RES ELE,2007-12-26 00:00,2007-12-26 00:00,944.12,,FEET
SHA,D,6,RES ELE,2007-12-27 00:00,2007-12-27 00:00,944.10,,FEET
SHA,D,6,RES ELE,2007-12-28 00:00,2007-12-28 00:00,944.16,,FEET
SHA,D,6,RES ELE,2007-12-29 00:00,2007-12-29 00:00,944.20,,FEET
SHA,D,6,RES ELE,2007-12-30 00:00,2007-12-30 00:00,944.19,,FEET
SHA,D,6,RES ELE,2007-12-31 00:00,2007-12-31 00:00,944.26,,FEET
SHA,D,6,RES ELE,2008-01-01 00:00,2008-01-01 00:00,944.24,,FEET
SHA,D,6,RES ELE,2008-01-02 00:00,2008-01-02 00:00,944.36,,FEET
SHA,D,6,RES ELE,2008-01-03 00:00,2008-01-03 00:00,945.08,,FEET
SHA,D,6,RES ELE,2008-01-04 00:00,2008-01-04 00:00,,,FEET
SHA,D,6,RES ELE,2008-01-05 00:00,2008-01-05 00:00,950.79,,FEET
SHA,D,6,RES ELE,2008-01-06 00:00,2008-01-06 00:00,952.14,,FEET
SHA,D,6,RES ELE,2008-01-07 00:00,2008-01-07 00:00,953.04,,FEET
SHA,D,6,RES ELE,2008-01-08 00:00,2008-01-08 00:00,953.83,,FEET
SHA,D,6,RES ELE,2008-01-09 00:00,2008-01-09 00:00,954.35,,FEET
SHA,D,6,RES ELE,2008-01-10 00:00,2008-01-10 00:00,955.12,,FEET
SHA,D,6,RES ELE,2008-01-11 00:00,2008-01-11 00:00,955.80,,FEET
SHA,D,6,RES ELE,2008-01-12 00:00,2008-01-12 00:00,956.46,,FEET
SHA,D,6,RES ELE,2008-01-13 00:00,2008-01-13 00:00,957.03,,FEET
SHA,D,6,RES ELE,2008-01-14 00:00,2008-01-14 00:00,957.51,,FEET
SHA,D,6,RES ELE,2008-01-15 00:00,2008-01-15 00:00,958.00,,FEET
SHA,D,6,RES ELE,2008-01-16 00:00,2008-01-16 00:00,958.38,,FEET
SHA,D,6,RES ELE,2008-01-17 00:00,2008-01-17 00:00,958.72,,FEET
SHA,D,6,RES ELE,2008-01-18 00:00,2008-01-18 00:00,959.06,,FEET
SHA,D,6,RES ELE,2008-01-19 00:00,2008-01-19 00:00,959.34,,FEET
SHA,D,6,RES ELE,2008-01-20 00:00,2008-01-20 00:00,959.71,,FEET
SHA,D,6,RES ELE,2008-01-21 00:00,2008-01-21 00:00,960.03,,FEET
SHA,D,6,RES ELE,2008-01-22 00:00,2008-01-22 00:00,960.25,,FEET
SHA,D,6,RES ELE,2008-01-23 00:00,2008-01-23 00:00,960.36,,FEET
SHA,D,6,RES ELE,2008-01-24 00:00,2008-01-24 00:00,960.54,,FEET
SHA,D,6,RES ELE,2008-01-25 00:00,2008-01-25 00:00,960.93,,FEET
SHA,D,6,RES ELE,2008-01-26 00:00,2008-01-26 00:00,962.07,,FEET
SHA,D,6,RES ELE,2008-01-27 00:00,2008-01-27 00:00,963.22,,FEET
SHA,D,6,RES ELE,2008-01-28 00:00,2008-01-28 00:00,964.66,,FEET
SHA,D,6,RES ELE,2008-01-29 00:00,2008-01-29 00:00,965.64,,FEET
SHA,D,6,RES ELE,2008-01-30 00:00,2008-01-30 00:00,966.37,,FEET
SHA,D,6,RES ELE,2008-01-31 00:00,2008-01-31 00:00,967.43,,FEET
SHA,D,6,RES ELE,2008-02-01 00:00,2008-02-01 00:00,968.29,,FEET
SHA,D,6,RES ELE,2008-02-02 00:00,2008-02-02 00:00,969.32,,FEET
SHA,D,6,RES ELE,2008-02-03 00:00,2008-02-03 00:00,970.32,,FEET
SHA,D,6,RES ELE,2008-02-04 00:00,2008-02-04 00:00,971.05,,FEET
SHA,D,6,RES ELE,2008-02-05 00:00,2008-02-05 00:00,971.63,,FEET
SHA,D,6,RES ELE,2008-02-06 00:00,2008-02-06 00:00,972.04,,FEET
SHA,D,6,RES ELE,2008-02-07 00:00,2008-02-07 00:00,972.47,,FEET
SHA,D,6,RES ELE,2008-02-08 00:00,2008-02-08 00:00,972.86,,FEET
SHA,D,6,RES ELE,2008-02-09 00:00,2008-02-09 00:00,973.23,,FEET
SHA,D,6,RES ELE,2008-02-10 00:00,2008-02-10 00:00,973.73,,FEET
SHA,D,6,RES ELE,2008-02-11 00:00,2008-02-11 00:00,974.16,,FEET
SHA,D,6,RES ELE,2008-02-12 00:00,2008-02-12 00:00,974.72,,FEET
SHA,D,6,RES ELE,2008-02-13 00:00,2008-02-13 00:00,975.28,,FEET
SHA,D,6,RES ELE,2008-02-14 00:00,2008-02-14 00:00,975.97,,FEET
SHA,D,6,RES ELE,2008-02-15 00:00,2008-02-15 00:00,976.48,,FEET
SHA,D,6,RES ELE,2008-02-16 00:00,2008-02-16 00:00,976.94,,FEET
SHA,D,6,RES ELE,2008-02-17 00:00,2008-02-17 00:00,977.43,,FEET
SHA,D,6,RES ELE,2008-02-18 00:00,2008-02-18 00:00,977.88,,FEET
SHA,D,6,RES ELE,2008-02-19 00:00,2008-02-19 00:00,978.39,,FEET
SHA,D,6,RES ELE,2008-02-20 00:00,2008-02-20 00:00,978.82,,FEET
SHA,D,6,RES ELE,2008-02-21 00:00,2008-02-21 00:00,979.62,,FEET
SHA,D,6,RES ELE,2008-02-22 00:00,2008-02-22 00:00,980.62,,FEET
SHA,D,6,RES ELE,2008-02-23 00:00,2008-02-23 00:00,981.68,,FEET
SHA,D,6,RES ELE,2008-02-24 00:00,2008-02-24 00:00,984.22,,FEET
SHA,D,6,RES ELE,2008-02-25 00:00,2008-02-25 00:00,986.40,,FEET
SHA,D,6,RES ELE,2008-02-26 00:00,2008-02-26 00:00,987.85,,FEET
SHA,D,6,RES ELE,2008-02-27 00:00,2008-02-27 00:00,989.04,,FEET
SHA,D,6,RES ELE,2008-02-28 00:00,2008-02-28 00:00,990.23,,FEET
SHA,D,6,RES ELE,2008-02-29 00:00,2008-02-29 00:00,991.18,,FEET
SHA,D,6,RES ELE,2008-03-01 00:00,2008-03-01 00:00,992.07,,FEET
SHA,D,6,RES ELE,2008-03-02 00:00,2008-03-02 00:00,992.98,,FEET
SHA,D,6,RES ELE,2008-03-03 00:00,2008-03-03 00:00,993.78,,FEET
SHA,D,6,RES ELE,2008-03-04 00:00,2008-03-04 00:00,994.55,,FEET
SHA,D,6,RES ELE,2008-03-05 00:00,2008-03-05 00:00,995.22,,FEET
SHA,D,6,RES ELE,2008-03-06 00:00,2008-03-06 00:00,995.76,,FEET
SHA,D,6,RES ELE,2008-03-07 00:00,2008-03-07 00:00,996.32,,FEET
SHA,D,6,RES ELE,2008-03-08 00:00,2008-03-08 00:00,996.86,,FEET
SHA,D,6,RES ELE,2008-03-09 00:00,2008-03-09 00:00,997.38,,FEET
SHA,D,6,RES ELE,2008-03-10 00:00,2008-03-10 00:00,997.88,,FEET
SHA,D,6,RES ELE,2008-03-11 00:00,2008-03-11 00:00,998.33,,FEET
SHA,D,6,RES ELE,2008-03-12 00:00,2008-03-12 00:00,998.68,,FEET
SHA,D,6,RES ELE,2008-03-13 00:00,2008-03-13 00:00,999.29,,FEET
SHA,D,6,RES ELE,2008-03-14 00:00,2008-03-14 00:00,999.80,,FEET
SHA,D,6,RES ELE,2008-03-15 00:00,2008-03-15 00:00,1000.32,,FEET
SHA,D,6,RES ELE,2008-03-16 00:00,2008-03-16 00:00,1000.90,,FEET
SHA,D,6,RES ELE,2008-03-17 00:00,2008-03-17 00:00,1001.35,,FEET
SHA,D,6,RES ELE,2008-03-18 00:00,2008-03-18 00:00,1001.86,,FEET
SHA,D,6,RES ELE,2008-03-19 00:00,2008-03-19 00:00,1002.29,,FEET
SHA,D,6,RES ELE,2008-03-20 00:00,2008-03-20 00:00,1002.78,,FEET
SHA,D,6,RES ELE,2008-03-21 00:00,2008-03-21 00:00,1003.21,,FEET
SHA,D,6,RES ELE,2008-03-22 00:00,2008-03-22 00:00,1003.68,,FEET
SHA,D,6,RES ELE,2008-03-23 00:00,2008-03-23 00:00,1004.21,,FEET
SHA,D,6,RES ELE,2008-03-24 00:00,2008-03-24 00:00,1004.60,,FEET
SHA,D,6,RES ELE,2008-03-25 00:00,2008-03-25 00:00,1005.01,,FEET
SHA,D,6,RES ELE,2008-03-26 00:00,2008-03-26 00:00,1005.40,,FEET
SHA,D,6,RES ELE,2008-03-27 00:00,2008-03-27 00:00,1005.85,,FEET
SHA,D,6,RES ELE,2008-03-28 00:00,2008-03-28 00:00,1006.29,,FEET
SHA,D,6,RES ELE,2008-03-29 00:00,2008-03-29 00:00,1006.71,,FEET
SHA,D,6,RES ELE,2008-03-30 00:00,2008-03-30 00:00,1007.06,,FEET
SHA,D,6,RES ELE,2008-03-31 00:00,2008-03-31 00:00,1007.31,,FEET
SHA,D,6,RES ELE,2008-04-01 00:00,2008-04-01 00:00,1007.49,,FEET
SHA,D,6,RES ELE,2008-04-02 00:00,2008-04-02 00:00,1007.61,,FEET
SHA,D,6,RES ELE,2008-04-03 00:00,2008-04-03 00:00,1007.77,,FEET
SHA,D,6,RES ELE,2008-04-04 00:00,2008-04-04 00:00,1007.97,,FEET
SHA,D,6,RES ELE,2008-04-05 00:00,2008-04-05 00:00,1008.00,,FEET
SHA,D,6,RES ELE,2008-04-06 00:00,2008-04-06 00:00,1008.04,,FEET
SHA,D,6,RES ELE,2008-04-07 00:00,2008-04-07 00:00,1008.06,,FEET
SHA,D,6,RES ELE,2008-04-08 00:00,2008-04-08 00:00,1008.00,,FEET
SHA,D,6,RES ELE,2008-04-09 00:00,2008-04-09 00:00,1007.88,,FEET
SHA,D,6,RES ELE,2008-04-10 00:00,2008-04-10 00:00,1007.78,,FEET
SHA,D,6,RES ELE,2008-04-11 00:00,2008-04-11 00:00,1007.65,,FEET
SHA,D,6,RES ELE,2008-04-12 00:00,2008-04-12 00:00,1007.58,,FEET
SHA,D,6,RES ELE,2008-04-13 00:00,2008-04-13 00:00,1007.55,,FEET
SHA,D,6,RES ELE,2008-04-14 00:00,2008-04-14 00:00,1007.47,,FEET
SHA,D,6,RES ELE,2008-04-15 00:00,2008-04-15 00:00,1007.39,,FEET
SHA,D,6,RES ELE,2008-04-16 00:00,2008-04-16 00:00,1007.28,,FEET
SHA,D,6,RES ELE,2008-04-17 00:00,2008-04-17 00:00,1007.18,,FEET
SHA,D,6,RES ELE,2008-04-18 00:00,2008-04-18 00:00,1007.08,,FEET
SHA,D,6,RES ELE,2008-04-19 00:00,2008-04-19 00:00,1006.90,,FEET
SHA,D,6,RES ELE,2008-04-20 00:00,2008-04-20 00:00,1006.82,,FEET
SHA,D,6,RES ELE,2008-04-21 00:00,2008-04-21 00:00,1006.70,,FEET
SHA,D,6,RES ELE,2008-04-22 00:00,2008-04-22 00:00,1006.72,,FEET
SHA,D,6,RES ELE,2008-04-23 00:00,2008-04-23 00:00,1006.60,,FEET
SHA,D,6,RES ELE,2008-04-24 00:00,2008-04-24 00:00,1006.46,,FEET
SHA,D,6,RES ELE,2008-04-25 00:00,2008-04-25 00:00,1006.33,,FEET
SHA,D,6,RES ELE,2008-04-26 00:00,2008-04-26 00:00,1006.19,,FEET
SHA,D,6,RES ELE,2008-04-27 00:00,2008-04-27 00:00,1006.12,,FEET
SHA,D,6,RES ELE,2008-04-28 00:00,2008-04-28 00:00,1006.05,,FEET
SHA,D,6,RES ELE,2008-04-29 00:00,2008-04-29 00:00,1005.91,,FEET
SHA,D,6,RES ELE,2008-04-30 00:00,2008-04-30 00:00,1005.69,,FEET
SHA,D,6,RES ELE,2008-05-01 00:00,2008-05-01 00:00,1005.49,,FEET
SHA,D,6,RES ELE,2008-05-02 00:00,2008-05-02 00:00,1005.27,,FEET
SHA,D,6,RES ELE,2008-05-03 00:00,2008-05-03 00:00,1005.05,,FEET
SHA,D,6,RES ELE,2008-05-04 00:00,2008-05-04 00:00,1004.83,,FEET
SHA,D,6,RES ELE,2008-05-05 00:00,2008-05-05 00:00,1004.62,,FEET
SHA,D,6,RES ELE,2008-05-06 00:00,2008-05-06 00:00,1004.49,,FEET
SHA,D,6,RES ELE,2008-05-07 00:00,2008-05-07 00:00,1004.40,,FEET
SHA,D,6,RES ELE,2008-05-08 00:00,2008-05-08 00:00,1004.23,,FEET
SHA,D,6,RES ELE,2008-05-09 00:00,2008-05-09 00:00,1004.13,,FEET
SHA,D,6,RES ELE,2008-05-10 00:00,2008-05-10 00:00,1003.99,,FEET
SHA,D,6,RES ELE,2008-05-11 00:00,2008-05-11 00:00,1003.81,,FEET
SHA,D,6,RES ELE,2008-05-12 00:00,2008-05-12 00:00,1003.65,,FEET
SHA,D,6,RES ELE,2008-05-13 00:00,2008-05-13 00:00,1003.50,,FEET
SHA,D,6,RES ELE,2008-05-14 00:00,2008-05-14 00:00,1003.24,,FEET
SHA,D,6,RES ELE,2008-05-15 00:00,2008-05-15 00:00,1002.84,,FEET
SHA,D,6,RES ELE,2008-05-16 00:00,2008-05-16 00:00,1002.76,,FEET
SHA,D,6,RES ELE,2008-05-17 00:00,2008-05-17 00:00,1002.69,,FEET
SHA,D,6,RES ELE,2008-05-18 00:00,2008-05-18 00:00,1002.42,,FEET
SHA,D,6,RES ELE,2008-05-19 00:00,2008-05-19 00:00,1002.21,,FEET
SHA,D,6,RES ELE,2008-05-20 00:00,2008-05-20 00:00,1002.06,,FEET
SHA,D,6,RES ELE,2008-05-21 00:00,2008-05-21 00:00,1001.59,,FEET
SHA,D,6,RES ELE,2008-05-22 00:00,2008-05-22 00:00,1001.32,,FEET
SHA,D,6,RES ELE,2008-05-23 00:00,2008-05-23 00:00,1000.91,,FEET
SHA,D,6,RES ELE,2008-05-24 00:00,2008-05-24 00:00,1000.62,,FEET
SHA,D,6,RES ELE,2008-05-25 00:00,2008-05-25 00:00,1000.31,,FEET
SHA,D,6,RES ELE,2008-05-26 00:00,2008-05-26 00:00,1000.02,,FEET
SHA,D,6,RES ELE,2008-05-27 00:00,2008-05-27 00:00,999.77,,FEET
SHA,D,6,RES ELE,2008-05-28 00:00,2008-05-28 00:00,999.86,,FEET
SHA,D,6,RES ELE,2008-05-29 00:00,2008-05-29 00:00,999.61,,FEET
SHA,D,6,RES ELE,2008-05-30 00:00,2008-05-30 00:00,999.34,,FEET
SHA,D,6,RES ELE,2008-05-31 00:00,2008-05-31 00:00,999.00,,FEET
SHA,D,6,RES ELE,2008-06-01 00:00,2008-06-01 00:00,998.62,,FEET
SHA,D,6,RES ELE,2008-06-02 00:00,2008-06-02 00:00,998.18,,FEET
SHA,D,6,RES ELE,2008-06-03 00:00,2008-06-03 00:00,997.97,,FEET
SHA,D,6,RES ELE,2008-06-04 00:00,2008-06-04 00:00,997.64,,FEET
SHA,D,6,RES ELE,2008-06-05 00:00,2008-06-05 00:00,996.95,,FEET
SHA,D,6,RES ELE,2008-06-06 00:00,2008-06-06 00:00,996.39,,FEET
SHA,D,6,RES ELE,2008-06-07 00:00,2008-06-07 00:00,995.96,,FEET
SHA,D,6,RES ELE,2008-06-08 00:00,2008-06-08 00:00,995.49,,FEET
SHA,D,6,RES ELE,2008-06-09 00:00,2008-06-09 00:00,995.11,,FEET
SHA,D,6,RES ELE,2008-06-10 00:00,2008-06-10 00:00,994.52,,FEET
SHA,D,6,RES ELE,2008-06-11 00:00,2008-06-11 00:00,993.94,,FEET
SHA,D,6,RES ELE,2008-06-12 00:00,2008-06-12 00:00,993.37,,FEET
SHA,D,6,RES ELE,2008-06-13 00:00,2008-06-13 00:00,992.84,,FEET
SHA,D,6,RES ELE,2008-06-14 00:00,2008-06-14 00:00,992.16,,FEET
SHA,D,6,RES ELE,2008-06-15 00:00,2008-06-15 00:00,991.51,,FEET
SHA,D,6,RES ELE,2008-06-16 00:00,2008-06-16 00:00,990.88,,FEET
SHA,D,6,RES ELE,2008-06-17 00:00,2008-06-17 00:00,990.13,,FEET
SHA,D,6,RES ELE,2008-06-18 00:00,2008-06-18 00:00,989.37,,FEET
SHA,D,6,RES ELE,2008-06-19 00:00,2008-06-19 00:00,988.52,,FEET
SHA,D,6,RES ELE,2008-06-20 00:00,2008-06-20 00:00,987.72,,FEET
SHA,D,6,RES ELE,2008-06-21 00:00,2008-06-21 00:00,986.95,,FEET
SHA,D,6,RES ELE,2008-06-22 00:00,2008-06-22 00:00,986.06,,FEET
SHA,D,6,RES ELE,2008-06-23 00:00,2008-06-23 00:00,985.22,,FEET
SHA,D,6,RES ELE,2008-06-24 00:00,2008-06-24 00:00,984.29,,FEET
SHA,D,6,RES ELE,2008-06-25 00:00,2008-06-25 00:00,983.38,,FEET
SHA,D,6,RES ELE,2008-06-26 00:00,2008-06-26 00:00,982.61,,FEET
SHA,D,6,RES ELE,2008-06-27 00:00,2008-06-27 00:00,981.80,,FEET
SHA,D,6,RES ELE,2008-06-28 00:00,2008-06-28 00:00,980.94,,FEET
SHA,D,6,RES ELE,2008-06-29 00:00,2008-06-29 00:00,980.11,,FEET
SHA,D,6,RES ELE,2008-06-30 00:00,2008-06-30 00:00,979.29,,FEET
SHA,D,6,RES ELE,2008-07-01 00:00,2008-07-01 00:00,978.39,,FEET
SHA,D,6,RES ELE,2008-07-02 00:00,2008-07-02 00:00,977.48,,FEET
SHA,D,6,RES ELE,2008-07-03 00:00,2008-07-03 00:00,976.68,,FEET
SHA,D,6,RES ELE,2008-07-04 00:00,2008-07-04 00:00,975.71,,FEET
SHA,D,6,RES ELE,2008-07-05 00:00,2008-07-05 00:00,974.76,,FEET
SHA,D,6,RES ELE,2008-07-06 00:00,2008-07-06 00:00,973.84,,FEET
SHA,D,6,RES ELE,2008-07-07 00:00,2008-07-07 00:00,972.96,,FEET
SHA,D,6,RES ELE,2008-07-08 00:00,2008-07-08 00:00,972.08,,FEET
SHA,D,6,RES ELE,2008-07-09 00:00,2008-07-09 00:00,971.21,,FEET
SHA,D,6,RES ELE,2008-07-10 00:00,2008-07-10 00:00,970.28,,FEET
SHA,D,6,RES ELE,2008-07-11 00:00,2008-07-11 00:00,969.36,,FEET
SHA,D,6,RES ELE,2008-07-12 00:00,2008-07-12 00:00,968.36,,FEET
SHA,D,6,RES ELE,2008-07-13 00:00,2008-07-13 00:00,967.38,,FEET
SHA,D,6,RES ELE,2008-07-14 00:00,2008-07-14 00:00,966.43,,FEET
SHA,D,6,RES ELE,2008-07-15 00:00,2008-07-15 00:00,965.43,,FEET
SHA,D,6,RES ELE,2008-07-16 00:00,2008-07-16 00:00,964.48,,FEET
SHA,D,6,RES ELE,2008-07-17 00:00,2008-07-17 00:00,963.62,,FEET
SHA,D,6,RES ELE,2008-07-18 00:00,2008-07-18 00:00,962.69,,FEET
SHA,D,6,RES ELE,2008-07-19 00:00,2008-07-19 00:00,961.83,,FEET
SHA,D,6,RES ELE,2008-07-20 00:00,2008-07-20 00:00,960.88,,FEET
SHA,D,6,RES ELE,2008-07-21 00:00,2008-07-21 00:00,959.90,,FEET
SHA,D,6,RES ELE,2008-07-22 00:00,2008-07-22 00:00,959.16,,FEET
SHA,D,6,RES ELE,2008-07-23 00:00,2008-07-23 00:00,958.36,,FEET
SHA,D,6,RES ELE,2008-07-24 00:00,2008-07-24 00:00,957.49,,FEET
SHA,D,6,RES ELE,2008-07-25 00:00,2008-07-25 00:00,956.66,,FEET
SHA,D,6,RES ELE,2008-07-26 00:00,2008-07-26 00:00,955.87,,FEET
SHA,D,6,RES ELE,2008-07-27 00:00,2008-07-27 00:00,955.09,,FEET
SHA,D,6,RES ELE,2008-07-28 00:00,2008-07-28 00:00,954.30,,FEET
SHA,D,6,RES ELE,2008-07-29 00:00,2008-07-29 00:00,953.44,,FEET
SHA,D,6,RES ELE,2008-07-30 00:00,2008-07-30 00:00,952.58,,FEET
SHA,D,6,RES ELE,2008-07-31 00:00,2008-07-31 00:00,951.74,,FEET
SHA,D,6,RES ELE,2008-08-01 00:00,2008-08-01 00:00,950.95,,FEET
SHA,D,6,RES ELE,2008-08-02 00:00,2008-08-02 00:00,950.09,,FEET
SHA,D,6,RES ELE,2008-08-03 00:00,2008-08-03 00:00,949.31,,FEET
SHA,D,6,RES ELE,2008-08-04 00:00,2008-08-04 00:00,948.58,,FEET
SHA,D,6,RES ELE,2008-08-05 00:00,2008-08-05 00:00,947.80,,FEET
SHA,D,6,RES ELE,2008-08-06 00:00,2008-08-06 00:00,947.00,,FEET
SHA,D,6,RES ELE,2008-08-07 00:00,2008-08-07 00:00,946.24,,FEET
SHA,D,6,RES ELE,2008-08-08 00:00,2008-08-08 00:00,945.45,,FEET
SHA,D,6,RES ELE,2008-08-09 00:00,2008-08-09 00:00,944.58,,FEET
SHA,D,6,RES ELE,2008-08-10 00:00,2008-08-10 00:00,943.85,,FEET
SHA,D,6,RES ELE,2008-08-11 00:00,2008-08-11 00:00,943.09,,FEET
SHA,D,6,RES ELE,2008-08-12 00:00,2008-08-12 00:00,942.36,,FEET
SHA,D,6,RES ELE,2008-08-13 00:00,2008-08-13 00:00,941.64,,FEET
SHA,D,6,RES ELE,2008-08-14 00:00,2008-08-14 00:00,940.97,,FEET
SHA,D,6,RES ELE,2008-08-15 00:00,2008-08-15 00:00,940.33,,FEET
SHA,D,6,RES ELE,2008-08-16 00:00,2008-08-16 00:00,939.54,,FEET
SHA,D,6,RES ELE,2008-08-17 00:00,2008-08-17 00:00,938.85,,FEET
SHA,D,6,RES ELE,2008-08-18 00:00,2008-08-18 00:00,938.09,,FEET
SHA,D,6,RES ELE,2008-08-19 00:00,2008-08-19 00:00,937.33,,FEET
SHA,D,6,RES ELE,2008-08-20 00:00,2008-08-20 00:00,936.59,,FEET
SHA,D,6,RES ELE,2008-08-21 00:00,2008-08-21 00:00,935.93,,FEET
SHA,D,6,RES ELE,2008-08-22 00:00,2008-08-22 00:00,935.30,,FEET
SHA,D,6,RES ELE,2008-08-23 00:00,2008-08-23 00:00,934.68,,FEET
SHA,D,6,RES ELE,2008-08-24 00:00,2008-08-24 00:00,934.01,,FEET
SHA,D,6,RES ELE,2008-08-25 00:00,2008-08-25 00:00,933.41,,FEET
SHA,D,6,RES ELE,2008-08-26 00:00,2008-08-26 00:00,932.74,,FEET
SHA,D,6,RES ELE,2008-08-27 00:00,2008-08-27 00:00,932.10,,FEET
SHA,D,6,RES ELE,2008-08-28 00:00,2008-08-28 00:00,931.48,,FEET
SHA,D,6,RES ELE,2008-08-29 00:00,2008-08-29 00:00,931.03,,FEET
SHA,D,6,RES ELE,2008-08-30 00:00,2008-08-30 00:00,930.69,,FEET
SHA,D,6,RES ELE,2008-08-31 00:00,2008-08-31 00:00,930.31,,FEET
SHA,D,6,RES ELE,2008-09-01 00:00,2008-09-01 00:00,929.98,,FEET
SHA,D,6,RES ELE,2008-09-02 00:00,2008-09-02 00:00,929.45,,FEET
SHA,D,6,RES ELE,2008-09-03 00:00,2008-09-03 00:00,928.99,,FEET
SHA,D,6,RES ELE,2008-09-04 00:00,2008-09-04 00:00,928.47,,FEET
SHA,D,6,RES ELE,2008-09-05 00:00,2008-09-05 00:00,927.66,,FEET
SHA,D,6,RES ELE,2008-09-06 00:00,2008-09-06 00:00,926.95,,FEET
SHA,D,6,RES ELE,2008-09-07 00:00,2008-09-07 00:00,926.37,,FEET
SHA,D,6,RES ELE,2008-09-08 00:00,2008-09-08 00:00,925.72,,FEET
SHA,D,6,RES ELE,2008-09-09 00:00,2008-09-09 00:00,924.49,,FEET
SHA,D,6,RES ELE,2008-09-10 00:00,2008-09-10 00:00,924.04,,FEET
SHA,D,6,RES ELE,2008-09-11 00:00,2008-09-11 00:00,923.66,,FEET
SHA,D,6,RES ELE,2008-09-12 00:00,2008-09-12 00:00,923.24,,FEET
SHA,D,6,RES ELE,2008-09-13 00:00,2008-09-13 00:00,922.74,,FEET
SHA,D,6,RES ELE,2008-09-14 00:00,2008-09-14 00:00,922.35,,FEET
SHA,D,6,RES ELE,2008-09-15 00:00,2008-09-15 00:00,921.91,,FEET
SHA,D,6,RES ELE,2008-09-16 00:00,2008-09-16 00:00,921.55,,FEET
SHA,D,6,RES ELE,2008-09-17 00:00,2008-09-17 00:00,921.15,,FEET
SHA,D,6,RES ELE,2008-09-18 00:00,2008-09-18 00:00,920.81,,FEET
SHA,D,6,RES ELE,2008-09-19 00:00,2008-09-19 00:00,920.61,,FEET
SHA,D,6,RES ELE,2008-09-20 00:00,2008-09-20 00:00,920.12,,FEET
SHA,D,6,RES ELE,2008-09-21 00:00,2008-09-21 00:00,919.77,,FEET
SHA,D,6,RES ELE,2008-09-22 00:00,2008-09-22 00:00,919.36,,FEET
SHA,D,6,RES ELE,2008-09-23 00:00,2008-09-23 00:00,919.08,,FEET
SHA,D,6,RES ELE,2008-09-24 00:00,2008-09-24 00:00,918.77,,FEET
SHA,D,6,RES ELE,2008-09-25 00:00,2008-09-25 00:00,918.45,,FEET
SHA,D,6,RES ELE,2008-09-26 00:00,2008-09-26 00:00,918.19,,FEET
SHA,D,6,RES ELE,2008-09-27 00:00,2008-09-27 00:00,917.86,,FEET
SHA,D,6,RES ELE,2008-09-28 00:00,2008-09-28 00:00,917.58,,FEET
SHA,D,6,RES ELE,2008-09-29 00:00,2008-09-29 00:00,917.28,,FEET
SHA,D,6,RES ELE,2008-09-30 00:00,2008-09-30 00:00,917.04,,FEET
SHA,D,6,RES ELE,2008-10-01 00:00,2008-10-01 00:00,916.82,,FEET
SHA,D,6,RES ELE,2008-10-02 00:00,2008-10-02 00:00,916.60,,FEET
SHA,D,6,RES ELE,2008-10-03 00:00,2008-10-03 00:00,916.60,,FEET
SHA,D,6,RES ELE,2008-10-04 00:00,2008-10-04 00:00,916.59,,FEET
SHA,D,6,RES ELE,2008-10-05 00:00,2008-10-05 00:00,916.40,,FEET
SHA,D,6,RES ELE,2008-10-06 00:00,2008-10-06 00:00,916.24,,FEET
SHA,D,6,RES ELE,2008-10-07 00:00,2008-10-07 00:00,916.00,,FEET
SHA,D,6,RES ELE,2008-10-08 00:00,2008-10-08 00:00,915.80,,FEET
SHA,D,6,RES ELE,2008-10-09 00:00,2008-10-09 00:00,915.61,,FEET
SHA,D,6,RES ELE,2008-10-10 00:00,2008-10-10 00:00,915.26,,FEET
SHA,D,6,RES ELE,2008-10-11 00:00,2008-10-11 00:00,915.00,,FEET
SHA,D,6,RES ELE,2008-10-12 00:00,2008-10-12 00:00,914.83,,FEET
SHA,D,6,RES ELE,2008-10-13 00:00,2008-10-13 00:00,914.54,,FEET
SHA,D,6,RES ELE,2008-10-14 00:00,2008-10-14 00:00,914.38,,FEET
SHA,D,6,RES ELE,2008-10-15 00:00,2008-10-15 00:00,914.22,,FEET
SHA,D,6,RES ELE,2008-10-16 00:00,2008-10-16 00:00,913.92,,FEET
SHA,D,6,RES ELE,2008-10-17 00:00,2008-10-17 00:00,913.54,,FEET
SHA,D,6,RES ELE,2008-10-18 00:00,2008-10-18 00:00,913.23,,FEET
SHA,D,6,RES ELE,2008-10-19 00:00,2008-10-19 00:00,912.85,,FEET
SHA,D,6,RES ELE,2008-10-20 00:00,2008-10-20 00:00,912.48,,FEET
SHA,D,6,RES ELE,2008-10-21 00:00,2008-10-21 00:00,912.16,,FEET
SHA,D,6,RES ELE,2008-10-22 00:00,2008-10-22 00:00,911.82,,FEET
SHA,D,6,RES ELE,2008-10-23 00:00,2008-10-23 00:00,911.50,,FEET
SHA,D,6,RES ELE,2008-10-24 00:00,2008-10-24 00:00,911.12,,FEET
SHA,D,6,RES ELE,2008-10-25 00:00,2008-10-25 00:00,910.80,,FEET
SHA,D,6,RES ELE,2008-10-26 00:00,2008-10-26 00:00,910.48,,FEET
SHA,D,6,RES ELE,2008-10-27 00:00,2008-10-27 00:00,910.05,,FEET
SHA,D,6,RES ELE,2008-10-28 00:00,2008-10-28 00:00,909.74,,FEET
SHA,D,6,RES ELE,2008-10-29 00:00,2008-10-29 00:00,909.53,,FEET
SHA,D,6,RES ELE,2008-10-30 00:00,2008-10-30 00:00,909.23,,FEET
SHA,D,6,RES ELE,2008-10-31 00:00,2008-10-31 00:00,909.29,,FEET
SHA,D,6,RES ELE,2008-11-01 00:00,2008-11-01 00:00,909.97,,FEET
SHA,D,6,RES ELE,2008-11-02 00:00,2008-11-02 00:00,910.73,,FEET
SHA,D,6,RES ELE,2008-11-03 00:00,2008-11-03 00:00,911.08,,FEET
SHA,D,6,RES ELE,2008-11-04 00:00,2008-11-04 00:00,911.34,,FEET
SHA,D,6,RES ELE,2008-11-05 00:00,2008-11-05 00:00,911.49,,FEET
SHA,D,6,RES ELE,2008-11-06 00:00,2008-11-06 00:00,911.57,,FEET
SHA,D,6,RES ELE,2008-11-07 00:00,2008-11-07 00:00,911.55,,FEET
SHA,D,6,RES ELE,2008-11-08 00:00,2008-11-08 00:00,911.61,,FEET
SHA,D,6,RES ELE,2008-11-09 00:00,2008-11-09 00:00,911.70,,FEET
SHA,D,6,RES ELE,2008-11-10 00:00,2008-11-10 00:00,911.77,,FEET
SHA,D,6,RES ELE,2008-11-11 00:00,2008-11-11 00:00,911.77,,FEET
SHA,D,6,RES ELE,2008-11-12 00:00,2008-11-12 00:00,911.86,,FEET
SHA,D,6,RES ELE,2008-11-13 00:00,2008-11-13 00:00,911.98,,FEET
SHA,D,6,RES ELE,2008-11-14 00:00,2008-11-14 00:00,912.12,,FEET
SHA,D,6,RES ELE,2008-11-15 00:00,2008-11-15 00:00,912.30,,FEET
SHA,D,6,RES ELE,2008-11-16 00:00,2008-11-16 00:00,912.46,,FEET
SHA,D,6,RES ELE,2008-11-17 00:00,2008-11-17 00:00,912.61,,FEET
SHA,D,6,RES ELE,2008-11-18 00:00,2008-11-18 00:00,912.83,,FEET
SHA,D,6,RES ELE,2008-11-19 00:00,2008-11-19 00:00,912.93,,FEET
SHA,D,6,RES ELE,2008-11-20 00:00,2008-11-20 00:00,913.04,,FEET
SHA,D,6,RES ELE,2008-11-21 00:00,2008-11-21 00:00,913.33,,FEET
SHA,D,6,RES ELE,2008-11-22 00:00,2008-11-22 00:00,913.38,,FEET
SHA,D,6,RES ELE,2008-11-23 00:00,2008-11-23 00:00,913.26,,FEET
SHA,D,6,RES ELE,2008-11-24 00:00,2008-11-24 00:00,913.26,,FEET
SHA,D,6,RES ELE,2008-11-25 00:00,2008-11-25 00:00,913.24,,FEET
SHA,D,6,RES ELE,2008-11-26 00:00,2008-11-26 00:00,913.30,,FEET
SHA,D,6,RES ELE,2008-11-27 00:00,2008-11-27 00:00,913.31,,FEET
SHA,D,6,RES ELE,2008-11-28 00:00,2008-11-28 00:00,913.14,,FEET
SHA,D,6,RES ELE,2008-11-29 00:00,2008-11-29 00:00,913.09,,FEET
SHA,D,6,RES ELE,2008-11-30 00:00,2008-11-30 00:00,913.03,,FEET
SHA,D,6,RES ELE,2008-12-01 00:00,2008-12-01 00:00,912.91,,FEET
SHA,D,6,RES ELE,2008-12-02 00:00,2008-12-02 00:00,912.90,,FEET
SHA,D,6,RES ELE,2008-12-03 00:00,2008-12-03 00:00,912.77,,FEET
SHA,D,6,RES ELE,2008-12-04 00:00,2008-12-04 00:00,912.88,,FEET
SHA,D,6,RES ELE,2008-12-05 00:00,2008-12-05 00:00,,,FEET
SHA,D,6,RES ELE,2008-12-06 00:00,2008-12-06 00:00,912.97,,FEET
SHA,D,6,RES ELE,2008-12-07 00:00,2008-12-07 00:00,912.92,,FEET
SHA,D,6,RES ELE,2008-12-08 00:00,2008-12-08 00:00,913.13,,FEET
SHA,D,6,RES ELE,2008-12-09 00:00,2008-12-09 00:00,913.15,,FEET
SHA,D,6,RES ELE,2008-12-10 00:00,2008-12-10 00:00,913.00,,FEET
SHA,D,6,RES ELE,2008-12-11 00:00,2008-12-11 00:00,912.99,,FEET
SHA,D,6,RES ELE,2008-12-12 00:00,2008-12-12 00:00,912.91,,FEET
SHA,D,6,RES ELE,2008-12-13 00:00,2008-12-13 00:00,912.93,,FEET
SHA,D,6,RES ELE,2008-12-14 00:00,2008-12-14 00:00,912.99,,FEET
SHA,D,6,RES ELE,2008-12-15 00:00,2008-12-15 00:00,913.08,,FEET
SHA,D,6,RES ELE,2008-12-16 00:00,2008-12-16 00:00,913.10,,FEET
SHA,D,6,RES ELE,2008-12-17 00:00,2008-12-17 00:00,913.12,,FEET
SHA,D,6,RES ELE,2008-12-18 00:00,2008-12-18 00:00,913.13,,FEET
SHA,D,6,RES ELE,2008-12-19 00:00,2008-12-19 00:00,913.28,,FEET
SHA,D,6,RES ELE,2008-12-20 00:00,2008-12-20 00:00,913.39,,FEET
SHA,D,6,RES ELE,2008-12-21 00:00,2008-12-21 00:00,913.79,,FEET
SHA,D,6,RES ELE,2008-12-22 00:00,2008-12-22 00:00,913.92,,FEET
SHA,D,6,RES ELE,2008-12-23 00:00,2008-12-23 00:00,913.96,,FEET
SHA,D,6,RES ELE,2008-12-24 00:00,2008-12-24 00:00,914.36,,FEET
SHA,D,6,RES ELE,2008-12-25 00:00,2008-12-25 00:00,914.69,,FEET
SHA,D,6,RES ELE,2008-12-26 00:00,2008-12-26 00:00,914.63,,FEET
SHA,D,6,RES ELE,2008-12-27 00:00,2008-12-27 00:00,914.58,,FEET
SHA,D,6,RES ELE,2008-12-28 00:00,2008-12-28 00:00,914.86,,FEET
SHA,D,6,RES ELE,2008-12-29 00:00,2008-12-29 00:00,915.07,,FEET
SHA,D,6,RES ELE,2008-12-30 00:00,2008-12-30 00:00,915.26,,FEET
SHA,D,6,RES ELE,2008-12-31 00:00,2008-12-31 00:00,915.36,,FEET
SHA,D,6,RES ELE,2009-01-01 00:00,2009-01-01 00:00,915.52,,FEET
SHA,D,6,RES ELE,2009-01-02 00:00,2009-01-02 00:00,915.73,,FEET
SHA,D,6,RES ELE,2009-01-03 00:00,2009-01-03 00:00,915.93,,FEET
SHA,D,6,RES ELE,2009-01-04 00:00,2009-01-04 00:00,916.35,,FEET
SHA,D,6,RES ELE,2009-01-05 00:00,2009-01-05 00:00,916.53,,FEET
SHA,D,6,RES ELE,2009-01-06 00:00,2009-01-06 00:00,916.50,,FEET
SHA,D,6,RES ELE,2009-01-07 00:00,2009-01-07 00:00,916.52,,FEET
SHA,D,6,RES ELE,2009-01-08 00:00,2009-01-08 00:00,916.57,,FEET
SHA,D,6,RES ELE,2009-01-09 00:00,2009-01-09 00:00,916.72,,FEET
SHA,D,6,RES ELE,2009-01-10 00:00,2009-01-10 00:00,916.85,,FEET
SHA,D,6,RES ELE,2009-01-11 00:00,2009-01-11 00:00,916.92,,FEET
SHA,D,6,RES ELE,2009-01-12 00:00,2009-01-12 00:00,917.03,,FEET
SHA,D,6,RES ELE,2009-01-13 00:00,2009-01-13 00:00,917.18,,FEET
SHA,D,6,RES ELE,2009-01-14 00:00,2009-01-14 00:00,917.38,,FEET
SHA,D,6,RES ELE,2009-01-15 00:00,2009-01-15 00:00,917.52,,FEET
SHA,D,6,RES ELE,2009-01-16 00:00,2009-01-16 00:00,917.59,,FEET
SHA,D,6,RES ELE,2009-01-17 00:00,2009-01-17 00:00,917.64,,FEET
SHA,D,6,RES ELE,2009-01-18 00:00,2009-01-18 00:00,917.73,,FEET
SHA,D,6,RES ELE,2009-01-19 00:00,2009-01-19 00:00,917.78,,FEET
SHA,D,6,RES ELE,2009-01-20 00:00,2009-01-20 00:00,917.95,,FEET
SHA,D,6,RES ELE,2009-01-21 00:00,2009-01-21 00:00,917.90,,FEET
SHA,D,6,RES ELE,2009-01-22 00:00,2009-01-22 00:00,917.96,,FEET
SHA,D,6,RES ELE,2009-01-23 00:00,2009-01-23 00:00,918.02,,FEET
SHA,D,6,RES ELE,2009-01-24 00:00,2009-01-24 00:00,918.20,,FEET
SHA,D,6,RES ELE,2009-01-25 00:00,2009-01-25 00:00,918.44,,FEET
SHA,D,6,RES ELE,2009-01-26 00:00,2009-01-26 00:00,918.50,,FEET
SHA,D,6,RES ELE,2009-01-27 00:00,2009-01-27 00:00,918.69,,FEET
SHA,D,6,RES ELE,2009-01-28 00:00,2009-01-28 00:00,918.86,,FEET
SHA,D,6,RES ELE,2009-01-29 00:00,2009-01-29 00:00,919.14,,FEET
SHA,D,6,RES ELE,2009-01-30 00:00,2009-01-30 00:00,919.32,,FEET
SHA,D,6,RES ELE,2009-01-31 00:00,2009-01-31 00:00,919.37,,FEET
SHA,D,6,RES ELE,2009-02-01 00:00,2009-02-01 00:00,919.36,,FEET
SHA,D,6,RES ELE,2009-02-02 00:00,2009-02-02 00:00,919.45,,FEET
SHA,D,6,RES ELE,2009-02-03 00:00,2009-02-03 00:00,919.53,,FEET
SHA,D,6,RES ELE,2009-02-04 00:00,2009-02-04 00:00,919.63,,FEET
SHA,D,6,RES ELE,2009-02-05 00:00,2009-02-05 00:00,919.90,,FEET
SHA,D,6,RES ELE,2009-02-06 00:00,2009-02-06 00:00,920.44,,FEET
SHA,D,6,RES ELE,2009-02-07 00:00,2009-02-07 00:00,920.94,,FEET
SHA,D,6,RES ELE,2009-02-08 00:00,2009-02-08 00:00,921.37,,FEET
SHA,D,6,RES ELE,2009-02-09 00:00,2009-02-09 00:00,921.68,,FEET
SHA,D,6,RES ELE,2009-02-10 00:00,2009-02-10 00:00,921.81,,FEET
SHA,D,6,RES ELE,2009-02-11 00:00,2009-02-11 00:00,922.19,,FEET
SHA,D,6,RES ELE,2009-02-12 00:00,2009-02-12 00:00,922.45,,FEET
SHA,D,6,RES ELE,2009-02-13 00:00,2009-02-13 00:00,923.38,,FEET
SHA,D,6,RES ELE,2009-02-14 00:00,2009-02-14 00:00,924.23,,FEET
SHA,D,6,RES ELE,2009-02-15 00:00,2009-02-15 00:00,926.19,,FEET
SHA,D,6,RES ELE,2009-02-16 00:00,2009-02-16 00:00,927.67,,FEET
SHA,D,6,RES ELE,2009-02-17 00:00,2009-02-17 00:00,929.02,,FEET
SHA,D,6,RES ELE,2009-02-18 00:00,2009-02-18 00:00,930.05,,FEET
SHA,D,6,RES ELE,2009-02-19 00:00,2009-02-19 00:00,930.81,,FEET
SHA,D,6,RES ELE,2009-02-20 00:00,2009-02-20 00:00,931.60,,FEET
SHA,D,6,RES ELE,2009-02-21 00:00,2009-02-21 00:00,932.24,,FEET
SHA,D,6,RES ELE,2009-02-22 00:00,2009-02-22 00:00,934.82,,FEET
SHA,D,6,RES ELE,2009-02-23 00:00,2009-02-23 00:00,941.35,,FEET
SHA,D,6,RES ELE,2009-02-24 00:00,2009-02-24 00:00,946.62,,FEET
SHA,D,6,RES ELE,2009-02-25 00:00,2009-02-25 00:00,949.22,,FEET
SHA,D,6,RES ELE,2009-02-26 00:00,2009-02-26 00:00,951.45,,FEET
SHA,D,6,RES ELE,2009-02-27 00:00,2009-02-27 00:00,953.35,,FEET
SHA,D,6,RES ELE,2009-02-28 00:00,2009-02-28 00:00,954.99,,FEET
SHA,D,6,RES ELE,2009-03-01 00:00,2009-03-01 00:00,958.14,,FEET
SHA,D,6,RES ELE,2009-03-02 00:00,2009-03-02 00:00,964.70,,FEET
SHA,D,6,RES ELE,2009-03-03 00:00,2009-03-03 00:00,969.21,,FEET
SHA,D,6,RES ELE,2009-03-04 00:00,2009-03-04 00:00,972.54,,FEET
SHA,D,6,RES ELE,2009-03-05 00:00,2009-03-05 00:00,975.02,,FEET
SHA,D,6,RES ELE,2009-03-06 00:00,2009-03-06 00:00,976.93,,FEET
SHA,D,6,RES ELE,2009-03-07 00:00,2009-03-07 00:00,978.60,,FEET
SHA,D,6,RES ELE,2009-03-08 00:00,2009-03-08 00:00,979.90,,FEET
SHA,D,6,RES ELE,2009-03-09 00:00,2009-03-09 00:00,981.10,,FEET
SHA,D,6,RES ELE,2009-03-10 00:00,2009-03-10 00:00,982.14,,FEET
SHA,D,6,RES ELE,2009-03-11 00:00,2009-03-11 00:00,982.96,,FEET
SHA,D,6,RES ELE,2009-03-12 00:00,2009-03-12 00:00,983.75,,FEET
SHA,D,6,RES ELE,2009-03-13 00:00,2009-03-13 00:00,984.35,,FEET
SHA,D,6,RES ELE,2009-03-14 00:00,2009-03-14 00:00,984.90,,FEET
SHA,D,6,RES ELE,2009-03-15 00:00,2009-03-15 00:00,985.70,,FEET
SHA,D,6,RES ELE,2009-03-16 00:00,2009-03-16 00:00,988.21,,FEET
SHA,D,6,RES ELE,2009-03-17 00:00,2009-03-17 00:00,990.33,,FEET
SHA,D,6,RES ELE,2009-03-18 00:00,2009-03-18 00:00,991.82,,FEET
SHA,D,6,RES ELE,2009-03-19 00:00,2009-03-19 00:00,992.94,,FEET
SHA,D,6,RES ELE,2009-03-20 00:00,2009-03-20 00:00,993.99,,FEET
SHA,D,6,RES ELE,2009-03-21 00:00,2009-03-21 00:00,995.28,,FEET
SHA,D,6,RES ELE,2009-03-22 00:00,2009-03-22 00:00,996.44,,FEET
SHA,D,6,RES ELE,2009-03-23 00:00,2009-03-23 00:00,997.23,,FEET
SHA,D,6,RES ELE,2009-03-24 00:00,2009-03-24 00:00,998.00,,FEET
SHA,D,6,RES ELE,2009-03-25 00:00,2009-03-25 00:00,998.88,,FEET
SHA,D,6,RES ELE,2009-03-26 00:00,2009-03-26 00:00,999.57,,FEET
SHA,D,6,RES ELE,2009-03-27 00:00,2009-03-27 00:00,1000.18,,FEET
SHA,D,6,RES ELE,2009-03-28 00:00,2009-03-28 00:00,1000.86,,FEET
SHA,D,6,RES ELE,2009-03-29 00:00,2009-03-29 00:00,1001.46,,FEET
SHA,D,6,RES ELE,2009-03-30 00:00,2009-03-30 00:00,1001.92,,FEET
SHA,D,6,RES ELE,2009-03-31 00:00,2009-03-31 00:00,1002.38,,FEET
SHA,D,6,RES ELE,2009-04-01 00:00,2009-04-01 00:00,1003.00,,FEET
SHA,D,6,RES ELE,2009-04-02 00:00,2009-04-02 00:00,1003.22,,FEET
SHA,D,6,RES ELE,2009-04-03 00:00,2009-04-03 00:00,1003.47,,FEET
SHA,D,6,RES ELE,2009-04-04 00:00,2009-04-04 00:00,1003.80,,FEET
SHA,D,6,RES ELE,2009-04-05 00:00,2009-04-05 00:00,1004.07,,FEET
SHA,D,6,RES ELE,2009-04-06 00:00,2009-04-06 00:00,1004.46,,FEET
SHA,D,6,RES ELE,2009-04-07 00:00,2009-04-07 00:00,1004.84,,FEET
SHA,D,6,RES ELE,2009-04-08 00:00,2009-04-08 00:00,1005.02,,FEET
SHA,D,6,RES ELE,2009-04-09 00:00,2009-04-09 00:00,1005.47,,FEET
SHA,D,6,RES ELE,2009-04-10 00:00,2009-04-10 00:00,1006.06,,FEET
SHA,D,6,RES ELE,2009-04-11 00:00,2009-04-11 00:00,1006.51,,FEET
SHA,D,6,RES ELE,2009-04-12 00:00,2009-04-12 00:00,1006.89,,FEET
SHA,D,6,RES ELE,2009-04-13 00:00,2009-04-13 00:00,1007.03,,FEET
SHA,D,6,RES ELE,2009-04-14 00:00,2009-04-14 00:00,1007.26,,FEET
SHA,D,6,RES ELE,2009-04-15 00:00,2009-04-15 00:00,1007.45,,FEET
SHA,D,6,RES ELE,2009-04-16 00:00,2009-04-16 00:00,1007.61,,FEET
SHA,D,6,RES ELE,2009-04-17 00:00,2009-04-17 00:00,1007.73,,FEET
SHA,D,6,RES ELE,2009-04-18 00:00,2009-04-18 00:00,1007.80,,FEET
SHA,D,6,RES ELE,2009-04-19 00:00,2009-04-19 00:00,1007.84,,FEET
SHA,D,6,RES ELE,2009-04-20 00:00,2009-04-20 00:00,1007.93,,FEET
SHA,D,6,RES ELE,2009-04-21 00:00,2009-04-21 00:00,1007.99,,FEET
SHA,D,6,RES ELE,2009-04-22 00:00,2009-04-22 00:00,1008.25,,FEET
SHA,D,6,RES ELE,2009-04-23 00:00,2009-04-23 00:00,1008.50,,FEET
SHA,D,6,RES ELE,2009-04-24 00:00,2009-04-24 00:00,1008.45,,FEET
SHA,D,6,RES ELE,2009-04-25 00:00,2009-04-25 00:00,1008.41,,FEET
SHA,D,6,RES ELE,2009-04-26 00:00,2009-04-26 00:00,1008.28,,FEET
SHA,D,6,RES ELE,2009-04-27 00:00,2009-04-27 00:00,1008.13,,FEET
SHA,D,6,RES ELE,2009-04-28 00:00,2009-04-28 00:00,1007.99,,FEET
SHA,D,6,RES ELE,2009-04-29 00:00,2009-04-29 00:00,1007.80,,FEET
SHA,D,6,RES ELE,2009-04-30 00:00,2009-04-30 00:00,1007.65,,FEET
SHA,D,6,RES ELE,2009-05-01 00:00,2009-05-01 00:00,1007.56,,FEET
SHA,D,6,RES ELE,2009-05-02 00:00,2009-05-02 00:00,1007.96,,FEET
SHA,D,6,RES ELE,2009-05-03 00:00,2009-05-03 00:00,1009.28,,FEET
SHA,D,6,RES ELE,2009-05-04 00:00,2009-05-04 00:00,1010.35,,FEET
SHA,D,6,RES ELE,2009-05-05 00:00,2009-05-05 00:00,1012.21,,FEET
SHA,D,6,RES ELE,2009-05-06 00:00,2009-05-06 00:00,1013.54,,FEET
SHA,D,6,RES ELE,2009-05-07 00:00,2009-05-07 00:00,1014.45,,FEET
SHA,D,6,RES ELE,2009-05-08 00:00,2009-05-08 00:00,1014.93,,FEET
SHA,D,6,RES ELE,2009-05-09 00:00,2009-05-09 00:00,1015.37,,FEET
SHA,D,6,RES ELE,2009-05-10 00:00,2009-05-10 00:00,1015.76,,FEET
SHA,D,6,RES ELE,2009-05-11 00:00,2009-05-11 00:00,1016.07,,FEET
SHA,D,6,RES ELE,2009-05-12 00:00,2009-05-12 00:00,1016.24,,FEET
SHA,D,6,RES ELE,2009-05-13 00:00,2009-05-13 00:00,1016.43,,FEET
SHA,D,6,RES ELE,2009-05-14 00:00,2009-05-14 00:00,1016.53,,FEET
SHA,D,6,RES ELE,2009-05-15 00:00,2009-05-15 00:00,1016.60,,FEET
SHA,D,6,RES ELE,2009-05-16 00:00,2009-05-16 00:00,1016.60,,FEET
SHA,D,6,RES ELE,2009-05-17 00:00,2009-05-17 00:00,1016.54,,FEET
SHA,D,6,RES ELE,2009-05-18 00:00,2009-05-18 00:00,1016.48,,FEET
SHA,D,6,RES ELE,2009-05-19 00:00,2009-05-19 00:00,1016.39,,FEET
SHA,D,6,RES ELE,2009-05-20 00:00,2009-05-20 00:00,1016.18,,FEET
SHA,D,6,RES ELE,2009-05-21 00:00,2009-05-21 00:00,1016.00,,FEET
SHA,D,6,RES ELE,2009-05-22 00:00,2009-05-22 00:00,1015.81,,FEET
SHA,D,6,RES ELE,2009-05-23 00:00,2009-05-23 00:00,1015.46,,FEET
SHA,D,6,RES ELE,2009-05-24 00:00,2009-05-24 00:00,1015.10,,FEET
SHA,D,6,RES ELE,2009-05-25 00:00,2009-05-25 00:00,1014.77,,FEET
SHA,D,6,RES ELE,2009-05-26 00:00,2009-05-26 00:00,1014.46,,FEET
SHA,D,6,RES ELE,2009-05-27 00:00,2009-05-27 00:00,1014.18,,FEET
SHA,D,6,RES ELE,2009-05-28 00:00,2009-05-28 00:00,1013.83,,FEET
SHA,D,6,RES ELE,2009-05-29 00:00,2009-05-29 00:00,1013.54,,FEET
SHA,D,6,RES ELE,2009-05-30 00:00,2009-05-30 00:00,1013.21,,FEET
SHA,D,6,RES ELE,2009-05-31 00:00,2009-05-31 00:00,1012.91,,FEET
SHA,D,6,RES ELE,2009-06-01 00:00,2009-06-01 00:00,1012.54,,FEET
SHA,D,6,RES ELE,2009-06-02 00:00,2009-06-02 00:00,1012.16,,FEET
SHA,D,6,RES ELE,2009-06-03 00:00,2009-06-03 00:00,1011.84,,FEET
SHA,D,6,RES ELE,2009-06-04 00:00,2009-06-04 00:00,1011.46,,FEET
SHA,D,6,RES ELE,2009-06-05 00:00,2009-06-05 00:00,1011.06,,FEET
SHA,D,6,RES ELE,2009-06-06 00:00,2009-06-06 00:00,1010.63,,FEET
SHA,D,6,RES ELE,2009-06-07 00:00,2009-06-07 00:00,1010.26,,FEET
SHA,D,6,RES ELE,2009-06-08 00:00,2009-06-08 00:00,1009.83,,FEET
SHA,D,6,RES ELE,2009-06-09 00:00,2009-06-09 00:00,1009.48,,FEET
SHA,D,6,RES ELE,2009-06-10 00:00,2009-06-10 00:00,1009.10,,FEET
SHA,D,6,RES ELE,2009-06-11 00:00,2009-06-11 00:00,1008.70,,FEET
SHA,D,6,RES ELE,2009-06-12 00:00,2009-06-12 00:00,1008.29,,FEET
SHA,D,6,RES ELE,2009-06-13 00:00,2009-06-13 00:00,1007.91,,FEET
SHA,D,6,RES ELE,2009-06-14 00:00,2009-06-14 00:00,1007.43,,FEET
SHA,D,6,RES ELE,2009-06-15 00:00,2009-06-15 00:00,1006.95,,FEET
SHA,D,6,RES ELE,2009-06-16 00:00,2009-06-16 00:00,1006.52,,FEET
SHA,D,6,RES ELE,2009-06-17 00:00,2009-06-17 00:00,1006.13,,FEET
SHA,D,6,RES ELE,2009-06-18 00:00,2009-06-18 00:00,1005.67,,FEET
SHA,D,6,RES ELE,2009-06-19 00:00,2009-06-19 00:00,1005.21,,FEET
SHA,D,6,RES ELE,2009-06-20 00:00,2009-06-20 00:00,1004.70,,FEET
SHA,D,6,RES ELE,2009-06-21 00:00,2009-06-21 00:00,1004.17,,FEET
SHA,D,6,RES ELE,2009-06-22 00:00,2009-06-22 00:00,1003.65,,FEET
SHA,D,6,RES ELE,2009-06-23 00:00,2009-06-23 00:00,1003.09,,FEET
SHA,D,6,RES ELE,2009-06-24 00:00,2009-06-24 00:00,1002.50,,FEET
SHA,D,6,RES ELE,2009-06-25 00:00,2009-06-25 00:00,1001.93,,FEET
SHA,D,6,RES ELE,2009-06-26 00:00,2009-06-26 00:00,1001.28,,FEET
SHA,D,6,RES ELE,2009-06-27 00:00,2009-06-27 00:00,1000.51,,FEET
SHA,D,6,RES ELE,2009-06-28 00:00,2009-06-28 00:00,999.88,,FEET
SHA,D,6,RES ELE,2009-06-29 00:00,2009-06-29 00:00,999.24,,FEET
SHA,D,6,RES ELE,2009-06-30 00:00,2009-06-30 00:00,998.55,,FEET
SHA,D,6,RES ELE,2009-07-01 00:00,2009-07-01 00:00,997.84,,FEET
SHA,D,6,RES ELE,2009-07-02 00:00,2009-07-02 00:00,997.09,,FEET
SHA,D,6,RES ELE,2009-07-03 00:00,2009-07-03 00:00,996.40,,FEET
SHA,D,6,RES ELE,2009-07-04 00:00,2009-07-04 00:00,995.71,,FEET
SHA,D,6,RES ELE,2009-07-05 00:00,2009-07-05 00:00,995.00,,FEET
SHA,D,6,RES ELE,2009-07-06 00:00,2009-07-06 00:00,994.37,,FEET
SHA,D,6,RES ELE,2009-07-07 00:00,2009-07-07 00:00,993.54,,FEET
SHA,D,6,RES ELE,2009-07-08 00:00,2009-07-08 00:00,992.82,,FEET
SHA,D,6,RES ELE,2009-07-09 00:00,2009-07-09 00:00,992.19,,FEET
SHA,D,6,RES ELE,2009-07-10 00:00,2009-07-10 00:00,991.49,,FEET
SHA,D,6,RES ELE,2009-07-11 00:00,2009-07-11 00:00,990.80,,FEET
SHA,D,6,RES ELE,2009-07-12 00:00,2009-07-12 00:00,990.05,,FEET
SHA,D,6,RES ELE,2009-07-13 00:00,2009-07-13 00:00,989.27,,FEET
SHA,D,6,RES ELE,2009-07-14 00:00,2009-07-14 00:00,988.46,,FEET
SHA,D,6,RES ELE,2009-07-15 00:00,2009-07-15 00:00,987.77,,FEET
SHA,D,6,RES ELE,2009-07-16 00:00,2009-07-16 00:00,987.12,,FEET
SHA,D,6,RES ELE,2009-07-17 00:00,2009-07-17 00:00,986.41,,FEET
SHA,D,6,RES ELE,2009-07-18 00:00,2009-07-18 00:00,985.57,,FEET
SHA,D,6,RES ELE,2009-07-19 00:00,2009-07-19 00:00,984.80,,FEET
SHA,D,6,RES ELE,2009-07-20 00:00,2009-07-20 00:00,984.10,,FEET
SHA,D,6,RES ELE,2009-07-21 00:00,2009-07-21 00:00,983.30,,FEET
SHA,D,6,RES ELE,2009-07-22 00:00,2009-07-22 00:00,982.57,,FEET
SHA,D,6,RES ELE,2009-07-23 00:00,2009-07-23 00:00,981.78,,FEET
SHA,D,6,RES ELE,2009-07-24 00:00,2009-07-24 00:00,980.98,,FEET
SHA,D,6,RES ELE,2009-07-25 00:00,2009-07-25 00:00,980.24,,FEET
SHA,D,6,RES ELE,2009-07-26 00:00,2009-07-26 00:00,979.35,,FEET
SHA,D,6,RES ELE,2009-07-27 00:00,2009-07-27 00:00,978.56,,FEET
SHA,D,6,RES ELE,2009-07-28 00:00,2009-07-28 00:00,977.73,,FEET
SHA,D,6,RES ELE,2009-07-29 00:00,2009-07-29 00:00,976.93,,FEET
SHA,D,6,RES ELE,2009-07-30 00:00,2009-07-30 00:00,976.10,,FEET
SHA,D,6,RES ELE,2009-07-31 00:00,2009-07-31 00:00,975.32,,FEET
SHA,D,6,RES ELE,2009-08-01 00:00,2009-08-01 00:00,974.55,,FEET
SHA,D,6,RES ELE,2009-08-02 00:00,2009-08-02 00:00,973.75,,FEET
SHA,D,6,RES ELE,2009-08-03 00:00,2009-08-03 00:00,972.90,,FEET
SHA,D,6,RES ELE,2009-08-04 00:00,2009-08-04 00:00,971.96,,FEET
SHA,D,6,RES ELE,2009-08-05 00:00,2009-08-05 00:00,971.17,,FEET
SHA,D,6,RES ELE,2009-08-06 00:00,2009-08-06 00:00,970.38,,FEET
SHA,D,6,RES ELE,2009-08-07 00:00,2009-08-07 00:00,969.76,,FEET
SHA,D,6,RES ELE,2009-08-08 00:00,2009-08-08 00:00,969.12,,FEET
SHA,D,6,RES ELE,2009-08-09 00:00,2009-08-09 00:00,968.30,,FEET
SHA,D,6,RES ELE,2009-08-10 00:00,2009-08-10 00:00,967.59,,FEET
SHA,D,6,RES ELE,2009-08-11 00:00,2009-08-11 00:00,966.87,,FEET
SHA,D,6,RES ELE,2009-08-12 00:00,2009-08-12 00:00,966.00,,FEET
SHA,D,6,RES ELE,2009-08-13 00:00,2009-08-13 00:00,965.08,,FEET
SHA,D,6,RES ELE,2009-08-14 00:00,2009-08-14 00:00,964.39,,FEET
SHA,D,6,RES ELE,2009-08-15 00:00,2009-08-15 00:00,963.77,,FEET
SHA,D,6,RES ELE,2009-08-16 00:00,2009-08-16 00:00,963.06,,FEET
SHA,D,6,RES ELE,2009-08-17 00:00,2009-08-17 00:00,962.37,,FEET
SHA,D,6,RES ELE,2009-08-18 00:00,2009-08-18 00:00,961.70,,FEET
SHA,D,6,RES ELE,2009-08-19 00:00,2009-08-19 00:00,961.01,,FEET
SHA,D,6,RES ELE,2009-08-20 00:00,2009-08-20 00:00,960.31,,FEET
SHA,D,6,RES ELE,2009-08-21 00:00,2009-08-21 00:00,959.65,,FEET
SHA,D,6,RES ELE,2009-08-22 00:00,2009-08-22 00:00,958.99,,FEET
SHA,D,6,RES ELE,2009-08-23 00:00,2009-08-23 00:00,958.31,,FEET
SHA,D,6,RES ELE,2009-08-24 00:00,2009-08-24 00:00,957.58,,FEET
SHA,D,6,RES ELE,2009-08-25 00:00,2009-08-25 00:00,956.95,,FEET
SHA,D,6,RES ELE,2009-08-26 00:00,2009-08-26 00:00,956.27,,FEET
SHA,D,6,RES ELE,2009-08-27 00:00,2009-08-27 00:00,955.74,,FEET
SHA,D,6,RES ELE,2009-08-28 00:00,2009-08-28 00:00,955.04,,FEET
SHA,D,6,RES ELE,2009-08-29 00:00,2009-08-29 00:00,954.43,,FEET
SHA,D,6,RES ELE,2009-08-30 00:00,2009-08-30 00:00,953.95,,FEET
SHA,D,6,RES ELE,2009-08-31 00:00,2009-08-31 00:00,953.55,,FEET
SHA,D,6,RES ELE,2009-09-01 00:00,2009-09-01 00:00,952.91,,FEET
SHA,D,6,RES ELE,2009-09-02 00:00,2009-09-02 00:00,952.49,,FEET
SHA,D,6,RES ELE,2009-09-03 00:00,2009-09-03 00:00,951.95,,FEET
SHA,D,6,RES ELE,2009-09-04 00:00,2009-09-04 00:00,951.65,,FEET
SHA,D,6,RES ELE,2009-09-05 00:00,2009-09-05 00:00,951.25,,FEET
SHA,D,6,RES ELE,2009-09-06 00:00,2009-09-06 00:00,950.88,,FEET
SHA,D,6,RES ELE,2009-09-07 00:00,2009-09-07 00:00,950.44,,FEET
SHA,D,6,RES ELE,2009-09-08 00:00,2009-09-08 00:00,949.98,,FEET
SHA,D,6,RES ELE,2009-09-09 00:00,2009-09-09 00:00,949.54,,FEET
SHA,D,6,RES ELE,2009-09-10 00:00,2009-09-10 00:00,949.20,,FEET
SHA,D,6,RES ELE,2009-09-11 00:00,2009-09-11 00:00,948.74,,FEET
SHA,D,6,RES ELE,2009-09-12 00:00,2009-09-12 00:00,948.24,,FEET
SHA,D,6,RES ELE,2009-09-13 00:00,2009-09-13 00:00,947.81,,FEET
SHA,D,6,RES ELE,2009-09-14 00:00,2009-09-14 00:00,947.49,,FEET
SHA,D,6,RES ELE,2009-09-15 00:00,2009-09-15 00:00,947.15,,FEET
SHA,D,6,RES ELE,2009-09-16 00:00,2009-09-16 00:00,946.82,,FEET
SHA,D,6,RES ELE,2009-09-17 00:00,2009-09-17 00:00,946.50,,FEET
SHA,D,6,RES ELE,2009-09-18 00:00,2009-09-18 00:00,946.23,,FEET
SHA,D,6,RES ELE,2009-09-19 00:00,2009-09-19 00:00,945.94,,FEET
SHA,D,6,RES ELE,2009-09-20 00:00,2009-09-20 00:00,945.63,,FEET
SHA,D,6,RES ELE,2009-09-21 00:00,2009-09-21 00:00,945.40,,FEET
SHA,D,6,RES ELE,2009-09-22 00:00,2009-09-22 00:00,945.20,,FEET
SHA,D,6,RES ELE,2009-09-23 00:00,2009-09-23 00:00,944.94,,FEET
SHA,D,6,RES ELE,2009-09-24 00:00,2009-09-24 00:00,944.74,,FEET
SHA,D,6,RES ELE,2009-09-25 00:00,2009-09-25 00:00,944.54,,FEET
SHA,D,6,RES ELE,2009-09-26 00:00,2009-09-26 00:00,944.37,,FEET
SHA,D,6,RES ELE,2009-09-27 00:00,2009-09-27 00:00,944.22,,FEET
SHA,D,6,RES ELE,2009-09-28 00:00,2009-09-28 00:00,943.96,,FEET
SHA,D,6,RES ELE,2009-09-29 00:00,2009-09-29 00:00,943.77,,FEET
SHA,D,6,RES ELE,2009-09-30 00:00,2009-09-30 00:00,943.62,,FEET
SHA,D,6,RES ELE,2009-10-01 00:00,2009-10-01 00:00,943.26,,FEET
SHA,D,6,RES ELE,2009-10-02 00:00,2009-10-02 00:00,942.92,,FEET
SHA,D,6,RES ELE,2009-10-03 00:00,2009-10-03 00:00,942.52,,FEET
SHA,D,6,RES ELE,2009-10-04 00:00,2009-10-04 00:00,942.11,,FEET
SHA,D,6,RES ELE,2009-10-05 00:00,2009-10-05 00:00,941.71,,FEET
SHA,D,6,RES ELE,2009-10-06 00:00,2009-10-06 00:00,941.31,,FEET
SHA,D,6,RES ELE,2009-10-07 00:00,2009-10-07 00:00,940.90,,FEET
SHA,D,6,RES ELE,2009-10-08 00:00,2009-10-08 00:00,940.60,,FEET
SHA,D,6,RES ELE,2009-10-09 00:00,2009-10-09 00:00,940.27,,FEET
SHA,D,6,RES ELE,2009-10-10 00:00,2009-10-10 00:00,939.91,,FEET
SHA,D,6,RES ELE,2009-10-11 00:00,2009-10-11 00:00,939.48,,FEET
SHA,D,6,RES ELE,2009-10-12 00:00,2009-10-12 00:00,939.25,,FEET
SHA,D,6,RES ELE,2009-10-13 00:00,2009-10-13 00:00,939.72,,FEET
SHA,D,6,RES ELE,2009-10-14 00:00,2009-10-14 00:00,941.57,,FEET
SHA,D,6,RES ELE,2009-10-15 00:00,2009-10-15 00:00,942.11,,FEET
SHA,D,6,RES ELE,2009-10-16 00:00,2009-10-16 00:00,942.08,,FEET
SHA,D,6,RES ELE,2009-10-17 00:00,2009-10-17 00:00,941.88,,FEET
SHA,D,6,RES ELE,2009-10-18 00:00,2009-10-18 00:00,941.84,,FEET
SHA,D,6,RES ELE,2009-10-19 00:00,2009-10-19 00:00,941.68,,FEET
SHA,D,6,RES ELE,2009-10-20 00:00,2009-10-20 00:00,941.60,,FEET
SHA,D,6,RES ELE,2009-10-21 00:00,2009-10-21 00:00,941.47,,FEET
SHA,D,6,RES ELE,2009-10-22 00:00,2009-10-22 00:00,941.33,,FEET
SHA,D,6,RES ELE,2009-10-23 00:00,2009-10-23 00:00,941.20,,FEET
SHA,D,6,RES ELE,2009-10-24 00:00,2009-10-24 00:00,940.99,,FEET
SHA,D,6,RES ELE,2009-10-25 00:00,2009-10-25 00:00,940.85,,FEET
SHA,D,6,RES ELE,2009-10-26 00:00,2009-10-26 00:00,940.62,,FEET
SHA,D,6,RES ELE,2009-10-27 00:00,2009-10-27 00:00,940.39,,FEET
SHA,D,6,RES ELE,2009-10-28 00:00,2009-10-28 00:00,940.12,,FEET
SHA,D,6,RES ELE,2009-10-29 00:00,2009-10-29 00:00,939.85,,FEET
SHA,D,6,RES ELE,2009-10-30 00:00,2009-10-30 00:00,939.61,,FEET
SHA,D,6,RES ELE,2009-10-31 00:00,2009-10-31 00:00,939.40,,FEET
SHA,D,6,RES ELE,2009-11-01 00:00,2009-11-01 00:00,939.15,,FEET
SHA,D,6,RES ELE,2009-11-02 00:00,2009-11-02 00:00,938.87,,FEET
SHA,D,6,RES ELE,2009-11-03 00:00,2009-11-03 00:00,938.64,,FEET
SHA,D,6,RES ELE,2009-11-04 00:00,2009-11-04 00:00,938.31,,FEET
SHA,D,6,RES ELE,2009-11-05 00:00,2009-11-05 00:00,938.17,,FEET
SHA,D,6,RES ELE,2009-11-06 00:00,2009-11-06 00:00,938.11,,FEET
SHA,D,6,RES ELE,2009-11-07 00:00,2009-11-07 00:00,937.98,,FEET
SHA,D,6,RES ELE,2009-11-08 00:00,2009-11-08 00:00,937.79,,FEET
SHA,D,6,RES ELE,2009-11-09 00:00,2009-11-09 00:00,937.70,,FEET
SHA,D,6,RES ELE,2009-11-10 00:00,2009-11-10 00:00,937.50,,FEET
SHA,D,6,RES ELE,2009-11-11 00:00,2009-11-11 00:00,937.36,,FEET
SHA,D,6,RES ELE,2009-11-12 00:00,2009-11-12 00:00,937.21,,FEET
SHA,D,6,RES ELE,2009-11-13 00:00,2009-11-13 00:00,937.06,,FEET
SHA,D,6,RES ELE,2009-11-14 00:00,2009-11-14 00:00,936.85,,FEET
SHA,D,6,RES ELE,2009-11-15 00:00,2009-11-15 00:00,936.77,,FEET
SHA,D,6,RES ELE,2009-11-16 00:00,2009-11-16 00:00,936.65,,FEET
SHA,D,6,RES ELE,2009-11-17 00:00,2009-11-17 00:00,936.57,,FEET
SHA,D,6,RES ELE,2009-11-18 00:00,2009-11-18 00:00,936.50,,FEET
SHA,D,6,RES ELE,2009-11-19 00:00,2009-11-19 00:00,936.60,,FEET
SHA,D,6,RES ELE,2009-11-20 00:00,2009-11-20 00:00,936.73,,FEET
SHA,D,6,RES ELE,2009-11-21 00:00,2009-11-21 00:00,936.76,,FEET
SHA,D,6,RES ELE,2009-11-22 00:00,2009-11-22 00:00,936.83,,FEET
SHA,D,6,RES ELE,2009-11-23 00:00,2009-11-23 00:00,936.94,,FEET
SHA,D,6,RES ELE,2009-11-24 00:00,2009-11-24 00:00,937.02,,FEET
SHA,D,6,RES ELE,2009-11-25 00:00,2009-11-25 00:00,936.98,,FEET
SHA,D,6,RES ELE,2009-11-26 00:00,2009-11-26 00:00,936.97,,FEET
SHA,D,6,RES ELE,2009-11-27 00:00,2009-11-27 00:00,937.04,,FEET
SHA,D,6,RES ELE,2009-11-28 00:00,2009-11-28 00:00,936.97,,FEET
SHA,D,6,RES ELE,2009-11-29 00:00,2009-11-29 00:00,937.08,,FEET
SHA,D,6,RES ELE,2009-11-30 00:00,2009-11-30 00:00,937.18,,FEET
SHA,D,6,RES ELE,2009-12-01 00:00,2009-12-01 00:00,937.27,,FEET
SHA,D,6,RES ELE,2009-12-02 00:00,2009-12-02 00:00,937.36,,FEET
SHA,D,6,RES ELE,2009-12-03 00:00,2009-12-03 00:00,937.37,,FEET
SHA,D,6,RES ELE,2009-12-04 00:00,2009-12-04 00:00,937.41,,FEET
SHA,D,6,RES ELE,2009-12-05 00:00,2009-12-05 00:00,937.50,,FEET
SHA,D,6,RES ELE,2009-12-06 00:00,2009-12-06 00:00,937.66,,FEET
SHA,D,6,RES ELE,2009-12-07 00:00,2009-12-07 00:00,937.75,,FEET
SHA,D,6,RES ELE,2009-12-08 00:00,2009-12-08 00:00,937.71,,FEET
SHA,D,6,RES ELE,2009-12-09 00:00,2009-12-09 00:00,937.66,,FEET
SHA,D,6,RES ELE,2009-12-10 00:00,2009-12-10 00:00,937.71,,FEET
SHA,D,6,RES ELE,2009-12-11 00:00,2009-12-11 00:00,937.82,,FEET
SHA,D,6,RES ELE,2009-12-12 00:00,2009-12-12 00:00,937.94,,FEET
SHA,D,6,RES ELE,2009-12-13 00:00,2009-12-13 00:00,937.99,,FEET
SHA,D,6,RES ELE,2009-12-14 00:00,2009-12-14 00:00,938.06,,FEET
SHA,D,6,RES ELE,2009-12-15 00:00,2009-12-15 00:00,938.46,,FEET
SHA,D,6,RES ELE,2009-12-16 00:00,2009-12-16 00:00,939.17,,FEET
SHA,D,6,RES ELE,2009-12-17 00:00,2009-12-17 00:00,939.77,,FEET
SHA,D,6,RES ELE,2009-12-18 00:00,2009-12-18 00:00,940.21,,FEET
SHA,D,6,RES ELE,2009-12-19 00:00,2009-12-19 00:00,940.53,,FEET
SHA,D,6,RES ELE,2009-12-20 00:00,2009-12-20 00:00,940.77,,FEET
SHA,D,6,RES ELE,2009-12-21 00:00,2009-12-21 00:00,941.26,,FEET
SHA,D,6,RES ELE,2009-12-22 00:00,2009-12-22 00:00,941.73,,FEET
SHA,D,6,RES ELE,2009-12-23 00:00,2009-12-23 00:00,942.09,,FEET
SHA,D,6,RES ELE,2009-12-24 00:00,2009-12-24 00:00,942.30,,FEET
SHA,D,6,RES ELE,2009-12-25 00:00,2009-12-25 00:00,942.48,,FEET
SHA,D,6,RES ELE,2009-12-26 00:00,2009-12-26 00:00,942.68,,FEET
SHA,D,6,RES ELE,2009-12-27 00:00,2009-12-27 00:00,942.93,,FEET
SHA,D,6,RES ELE,2009-12-28 00:00,2009-12-28 00:00,943.10,,FEET
SHA,D,6,RES ELE,2009-12-29 00:00,2009-12-29 00:00,943.32,,FEET
SHA,D,6,RES ELE,2009-12-30 00:00,2009-12-30 00:00,943.52,,FEET
SHA,D,6,RES ELE,2009-12-31 00:00,2009-12-31 00:00,943.82,,FEET
SHA,D,6,RES ELE,2010-01-01 00:00,2010-01-01 00:00,945.17,,FEET
SHA,D,6,RES ELE,2010-01-02 00:00,2010-01-02 00:00,946.26,,FEET
SHA,D,6,RES ELE,2010-01-03 00:00,2010-01-03 00:00,946.96,,FEET
SHA,D,6,RES ELE,2010-01-04 00:00,2010-01-04 00:00,947.37,,FEET
SHA,D,6,RES ELE,2010-01-05 00:00,2010-01-05 00:00,947.81,,FEET
SHA,D,6,RES ELE,2010-01-06 00:00,2010-01-06 00:00,948.14,,FEET
SHA,D,6,RES ELE,2010-01-07 00:00,2010-01-07 00:00,948.46,,FEET
SHA,D,6,RES ELE,2010-01-08 00:00,2010-01-08 00:00,948.83,,FEET
SHA,D,6,RES ELE,2010-01-09 00:00,2010-01-09 00:00,949.13,,FEET
SHA,D,6,RES ELE,2010-01-10 00:00,2010-01-10 00:00,949.37,,FEET
SHA,D,6,RES ELE,2010-01-11 00:00,2010-01-11 00:00,949.60,,FEET
SHA,D,6,RES ELE,2010-01-12 00:00,2010-01-12 00:00,950.66,,FEET
SHA,D,6,RES ELE,2010-01-13 00:00,2010-01-13 00:00,952.77,,FEET
SHA,D,6,RES ELE,2010-01-14 00:00,2010-01-14 00:00,953.98,,FEET
SHA,D,6,RES ELE,2010-01-15 00:00,2010-01-15 00:00,954.91,,FEET
SHA,D,6,RES ELE,2010-01-16 00:00,2010-01-16 00:00,956.00,,FEET
SHA,D,6,RES ELE,2010-01-17 00:00,2010-01-17 00:00,957.26,,FEET
SHA,D,6,RES ELE,2010-01-18 00:00,2010-01-18 00:00,960.54,,FEET
SHA,D,6,RES ELE,2010-01-19 00:00,2010-01-19 00:00,965.47,,FEET
SHA,D,6,RES ELE,2010-01-20 00:00,2010-01-20 00:00,969.89,,FEET
SHA,D,6,RES ELE,2010-01-21 00:00,2010-01-21 00:00,973.72,,FEET
SHA,D,6,RES ELE,2010-01-22 00:00,2010-01-22 00:00,976.05,,FEET
SHA,D,6,RES ELE,2010-01-23 00:00,2010-01-23 00:00,977.94,,FEET
SHA,D,6,RES ELE,2010-01-24 00:00,2010-01-24 00:00,979.85,,FEET
SHA,D,6,RES ELE,2010-01-25 00:00,2010-01-25 00:00,981.89,,FEET
SHA,D,6,RES ELE,2010-01-26 00:00,2010-01-26 00:00,983.63,,FEET
SHA,D,6,RES ELE,2010-01-27 00:00,2010-01-27 00:00,985.04,,FEET
SHA,D,6,RES ELE,2010-01-28 00:00,2010-01-28 00:00,986.09,,FEET
SHA,D,6,RES ELE,2010-01-29 00:00,2010-01-29 00:00,987.02,,FEET
SHA,D,6,RES ELE,2010-01-30 00:00,2010-01-30 00:00,988.04,,FEET
SHA,D,6,RES ELE,2010-01-31 00:00,2010-01-31 00:00,989.04,,FEET
SHA,D,6,RES ELE,2010-02-01 00:00,2010-02-01 00:00,990.10,,FEET
SHA,D,6,RES ELE,2010-02-02 00:00,2010-02-02 00:00,990.94,,FEET
SHA,D,6,RES ELE,2010-02-03 00:00,2010-02-03 00:00,991.88,,FEET
SHA,D,6,RES ELE,2010-02-04 00:00,2010-02-04 00:00,993.27,,FEET
SHA,D,6,RES ELE,2010-02-05 00:00,2010-02-05 00:00,996.28,,FEET
SHA,D,6,RES ELE,2010-02-06 00:00,2010-02-06 00:00,999.31,,FEET
SHA,D,6,RES ELE,2010-02-07 00:00,2010-02-07 00:00,1001.43,,FEET
SHA,D,6,RES ELE,2010-02-08 00:00,2010-02-08 00:00,1003.00,,FEET
SHA,D,6,RES ELE,2010-02-09 00:00,2010-02-09 00:00,1004.34,,FEET
SHA,D,6,RES ELE,2010-02-10 00:00,2010-02-10 00:00,1005.47,,FEET
SHA,D,6,RES ELE,2010-02-11 00:00,2010-02-11 00:00,1006.67,,FEET
SHA,D,6,RES ELE,2010-02-12 00:00,2010-02-12 00:00,1007.86,,FEET
SHA,D,6,RES ELE,2010-02-13 00:00,2010-02-13 00:00,1009.23,,FEET
SHA,D,6,RES ELE,2010-02-14 00:00,2010-02-14 00:00,1010.48,,FEET
SHA,D,6,RES ELE,2010-02-15 00:00,2010-02-15 00:00,1011.57,,FEET
SHA,D,6,RES ELE,2010-02-16 00:00,2010-02-16 00:00,1012.54,,FEET
SHA,D,6,RES ELE,2010-02-17 00:00,2010-02-17 00:00,1013.54,,FEET
SHA,D,6,RES ELE,2010-02-18 00:00,2010-02-18 00:00,1014.50,,FEET
SHA,D,6,RES ELE,2010-02-19 00:00,2010-02-19 00:00,1015.35,,FEET
SHA,D,6,RES ELE,2010-02-20 00:00,2010-02-20 00:00,1016.18,,FEET
SHA,D,6,RES ELE,2010-02-21 00:00,2010-02-21 00:00,1016.91,,FEET
SHA,D,6,RES ELE,2010-02-22 00:00,2010-02-22 00:00,1017.45,,FEET
SHA,D,6,RES ELE,2010-02-23 00:00,2010-02-23 00:00,1018.11,,FEET
SHA,D,6,RES ELE,2010-02-24 00:00,2010-02-24 00:00,1018.79,,FEET
SHA,D,6,RES ELE,2010-02-25 00:00,2010-02-25 00:00,1019.46,,FEET
SHA,D,6,RES ELE,2010-02-26 00:00,2010-02-26 00:00,1020.95,,FEET
SHA,D,6,RES ELE,2010-02-27 00:00,2010-02-27 00:00,1022.63,,FEET
SHA,D,6,RES ELE,2010-02-28 00:00,2010-02-28 00:00,1023.84,,FEET
SHA,D,6,RES ELE,2010-03-01 00:00,2010-03-01 00:00,1024.68,,FEET
SHA,D,6,RES ELE,2010-03-02 00:00,2010-03-02 00:00,1025.81,,FEET
SHA,D,6,RES ELE,2010-03-03 00:00,2010-03-03 00:00,1027.40,,FEET
SHA,D,6,RES ELE,2010-03-04 00:00,2010-03-04 00:00,1028.59,,FEET
SHA,D,6,RES ELE,2010-03-05 00:00,2010-03-05 00:00,1029.68,,FEET
SHA,D,6,RES ELE,2010-03-06 00:00,2010-03-06 00:00,1030.54,,FEET
SHA,D,6,RES ELE,2010-03-07 00:00,2010-03-07 00:00,1031.35,,FEET
SHA,D,6,RES ELE,2010-03-08 00:00,2010-03-08 00:00,1032.11,,FEET
SHA,D,6,RES ELE,2010-03-09 00:00,2010-03-09 00:00,1032.75,,FEET
SHA,D,6,RES ELE,2010-03-10 00:00,2010-03-10 00:00,1033.35,,FEET
SHA,D,6,RES ELE,2010-03-11 00:00,2010-03-11 00:00,1033.84,,FEET
SHA,D,6,RES ELE,2010-03-12 00:00,2010-03-12 00:00,1034.56,,FEET
SHA,D,6,RES ELE,2010-03-13 00:00,2010-03-13 00:00,1035.16,,FEET
SHA,D,6,RES ELE,2010-03-14 00:00,2010-03-14 00:00,1035.58,,FEET
SHA,D,6,RES ELE,2010-03-15 00:00,2010-03-15 00:00,1035.99,,FEET
SHA,D,6,RES ELE,2010-03-16 00:00,2010-03-16 00:00,1036.38,,FEET
SHA,D,6,RES ELE,2010-03-17 00:00,2010-03-17 00:00,1037.07,,FEET
SHA,D,6,RES ELE,2010-03-18 00:00,2010-03-18 00:00,1037.45,,FEET
SHA,D,6,RES ELE,2010-03-19 00:00,2010-03-19 00:00,1037.89,,FEET
SHA,D,6,RES ELE,2010-03-20 00:00,2010-03-20 00:00,1038.25,,FEET
SHA,D,6,RES ELE,2010-03-21 00:00,2010-03-21 00:00,1038.61,,FEET
SHA,D,6,RES ELE,2010-03-22 00:00,2010-03-22 00:00,1038.88,,FEET
SHA,D,6,RES ELE,2010-03-23 00:00,2010-03-23 00:00,1039.22,,FEET
SHA,D,6,RES ELE,2010-03-24 00:00,2010-03-24 00:00,1039.62,,FEET
SHA,D,6,RES ELE,2010-03-25 00:00,2010-03-25 00:00,1039.98,,FEET
SHA,D,6,RES ELE,2010-03-26 00:00,2010-03-26 00:00,1040.33,,FEET
SHA,D,6,RES ELE,2010-03-27 00:00,2010-03-27 00:00,1040.65,,FEET
SHA,D,6,RES ELE,2010-03-28 00:00,2010-03-28 00:00,1040.95,,FEET
SHA,D,6,RES ELE,2010-03-29 00:00,2010-03-29 00:00,1041.49,,FEET
SHA,D,6,RES ELE,2010-03-30 00:00,2010-03-30 00:00,1042.20,,FEET
SHA,D,6,RES ELE,2010-03-31 00:00,2010-03-31 00:00,1042.86,,FEET
SHA,D,6,RES ELE,2010-04-01 00:00,2010-04-01 00:00,1043.40,,FEET
SHA,D,6,RES ELE,2010-04-02 00:00,2010-04-02 00:00,1044.05,,FEET
SHA,D,6,RES ELE,2010-04-03 00:00,2010-04-03 00:00,1044.57,,FEET
SHA,D,6,RES ELE,2010-04-04 00:00,2010-04-04 00:00,1045.25,,FEET
SHA,D,6,RES ELE,2010-04-05 00:00,2010-04-05 00:00,1045.84,,FEET
SHA,D,6,RES ELE,2010-04-06 00:00,2010-04-06 00:00,1046.25,,FEET
SHA,D,6,RES ELE,2010-04-07 00:00,2010-04-07 00:00,1046.76,,FEET
SHA,D,6,RES ELE,2010-04-08 00:00,2010-04-08 00:00,1047.25,,FEET
SHA,D,6,RES ELE,2010-04-09 00:00,2010-04-09 00:00,1047.73,,FEET
SHA,D,6,RES ELE,2010-04-10 00:00,2010-04-10 00:00,1048.20,,FEET
SHA,D,6,RES ELE,2010-04-11 00:00,2010-04-11 00:00,1048.87,,FEET
SHA,D,6,RES ELE,2010-04-12 00:00,2010-04-12 00:00,1050.12,,FEET
SHA,D,6,RES ELE,2010-04-13 00:00,2010-04-13 00:00,1051.23,,FEET
SHA,D,6,RES ELE,2010-04-14 00:00,2010-04-14 00:00,1052.36,,FEET
SHA,D,6,RES ELE,2010-04-15 00:00,2010-04-15 00:00,1053.37,,FEET
SHA,D,6,RES ELE,2010-04-16 00:00,2010-04-16 00:00,1054.15,,FEET
SHA,D,6,RES ELE,2010-04-17 00:00,2010-04-17 00:00,1054.96,,FEET
SHA,D,6,RES ELE,2010-04-18 00:00,2010-04-18 00:00,1055.70,,FEET
SHA,D,6,RES ELE,2010-04-19 00:00,2010-04-19 00:00,1056.39,,FEET
SHA,D,6,RES ELE,2010-04-20 00:00,2010-04-20 00:00,1057.27,,FEET
SHA,D,6,RES ELE,2010-04-21 00:00,2010-04-21 00:00,1057.75,,FEET
SHA,D,6,RES ELE,2010-04-22 00:00,2010-04-22 00:00,1058.12,,FEET
SHA,D,6,RES ELE,2010-04-23 00:00,2010-04-23 00:00,1058.45,,FEET
SHA,D,6,RES ELE,2010-04-24 00:00,2010-04-24 00:00,1058.67,,FEET
SHA,D,6,RES ELE,2010-04-25 00:00,2010-04-25 00:00,1058.93,,FEET
SHA,D,6,RES ELE,2010-04-26 00:00,2010-04-26 00:00,1059.21,,FEET
SHA,D,6,RES ELE,2010-04-27 00:00,2010-04-27 00:00,1059.96,,FEET
SHA,D,6,RES ELE,2010-04-28 00:00,2010-04-28 00:00,1060.57,,FEET
SHA,D,6,RES ELE,2010-04-29 00:00,2010-04-29 00:00,1061.11,,FEET
SHA,D,6,RES ELE,2010-04-30 00:00,2010-04-30 00:00,1061.52,,FEET
SHA,D,6,RES ELE,2010-05-01 00:00,2010-05-01 00:00,1061.69,,FEET
SHA,D,6,RES ELE,2010-05-02 00:00,2010-05-02 00:00,1061.99,,FEET
SHA,D,6,RES ELE,2010-05-03 00:00,2010-05-03 00:00,1062.22,,FEET
SHA,D,6,RES ELE,2010-05-04 00:00,2010-05-04 00:00,1062.47,,FEET
SHA,D,6,RES ELE,2010-05-05 00:00,2010-05-05 00:00,1062.74,,FEET
SHA,D,6,RES ELE,2010-05-06 00:00,2010-05-06 00:00,1062.90,,FEET
SHA,D,6,RES ELE,2010-05-07 00:00,2010-05-07 00:00,1063.01,,FEET
SHA,D,6,RES ELE,2010-05-08 00:00,2010-05-08 00:00,1063.15,,FEET
SHA,D,6,RES ELE,2010-05-09 00:00,2010-05-09 00:00,1063.29,,FEET
SHA,D,6,RES ELE,2010-05-10 00:00,2010-05-10 00:00,1063.60,,FEET
SHA,D,6,RES ELE,2010-05-11 00:00,2010-05-11 00:00,1063.86,,FEET
SHA,D,6,RES ELE,2010-05-12 00:00,2010-05-12 00:00,1064.06,,FEET
SHA,D,6,RES ELE,2010-05-13 00:00,2010-05-13 00:00,1064.26,,FEET
SHA,D,6,RES ELE,2010-05-14 00:00,2010-05-14 00:00,1064.44,,FEET
SHA,D,6,RES ELE,2010-05-15 00:00,2010-05-15 00:00,1064.60,,FEET
SHA,D,6,RES ELE,2010-05-16 00:00,2010-05-16 00:00,1064.67,,FEET
SHA,D,6,RES ELE,2010-05-17 00:00,2010-05-17 00:00,1064.67,,FEET
SHA,D,6,RES ELE,2010-05-18 00:00,2010-05-18 00:00,1065.07,,FEET
SHA,D,6,RES ELE,2010-05-19 00:00,2010-05-19 00:00,1065.19,,FEET
SHA,D,6,RES ELE,2010-05-20 00:00,2010-05-20 00:00,1065.34,,FEET
SHA,D,6,RES ELE,2010-05-21 00:00,2010-05-21 00:00,1065.44,,FEET
SHA,D,6,RES ELE,2010-05-22 00:00,2010-05-22 00:00,1065.49,,FEET
SHA,D,6,RES ELE,2010-05-23 00:00,2010-05-23 00:00,1065.40,,FEET
SHA,D,6,RES ELE,2010-05-24 00:00,2010-05-24 00:00,1065.40,,FEET
SHA,D,6,RES ELE,2010-05-25 00:00,2010-05-25 00:00,1065.48,,FEET
SHA,D,6,RES ELE,2010-05-26 00:00,2010-05-26 00:00,1065.46,,FEET
SHA,D,6,RES ELE,2010-05-27 00:00,2010-05-27 00:00,1065.48,,FEET
SHA,D,6,RES ELE,2010-05-28 00:00,2010-05-28 00:00,1065.34,,FEET
SHA,D,6,RES ELE,2010-05-29 00:00,2010-05-29 00:00,1064.95,,FEET
SHA,D,6,RES ELE,2010-05-30 00:00,2010-05-30 00:00,1064.47,,FEET
SHA,D,6,RES ELE,2010-05-31 00:00,2010-05-31 00:00,1064.05,,FEET
SHA,D,6,RES ELE,2010-06-01 00:00,2010-06-01 00:00,1063.92,,FEET
SHA,D,6,RES ELE,2010-06-02 00:00,2010-06-02 00:00,1063.60,,FEET
SHA,D,6,RES ELE,2010-06-03 00:00,2010-06-03 00:00,1063.23,,FEET
SHA,D,6,RES ELE,2010-06-04 00:00,2010-06-04 00:00,1063.00,,FEET
SHA,D,6,RES ELE,2010-06-05 00:00,2010-06-05 00:00,1062.93,,FEET
SHA,D,6,RES ELE,2010-06-06 00:00,2010-06-06 00:00,1062.81,,FEET
SHA,D,6,RES ELE,2010-06-07 00:00,2010-06-07 00:00,1062.61,,FEET
SHA,D,6,RES ELE,2010-06-08 00:00,2010-06-08 00:00,1062.46,,FEET
SHA,D,6,RES ELE,2010-06-09 00:00,2010-06-09 00:00,1062.44,,FEET
SHA,D,6,RES ELE,2010-06-10 00:00,2010-06-10 00:00,1062.37,,FEET
SHA,D,6,RES ELE,2010-06-11 00:00,2010-06-11 00:00,1062.29,,FEET
SHA,D,6,RES ELE,2010-06-12 00:00,2010-06-12 00:00,1062.15,,FEET
SHA,D,6,RES ELE,2010-06-13 00:00,2010-06-13 00:00,1062.02,,FEET
SHA,D,6,RES ELE,2010-06-14 00:00,2010-06-14 00:00,1061.84,,FEET
SHA,D,6,RES ELE,2010-06-15 00:00,2010-06-15 00:00,1061.66,,FEET
SHA,D,6,RES ELE,2010-06-16 00:00,2010-06-16 00:00,1061.54,,FEET
SHA,D,6,RES ELE,2010-06-17 00:00,2010-06-17 00:00,1061.30,,FEET
SHA,D,6,RES ELE,2010-06-18 00:00,2010-06-18 00:00,1061.08,,FEET
SHA,D,6,RES ELE,2010-06-19 00:00,2010-06-19 00:00,1060.85,,FEET
SHA,D,6,RES ELE,2010-06-20 00:00,2010-06-20 00:00,1060.57,,FEET
SHA,D,6,RES ELE,2010-06-21 00:00,2010-06-21 00:00,1060.36,,FEET
SHA,D,6,RES ELE,2010-06-22 00:00,2010-06-22 00:00,1060.13,,FEET
SHA,D,6,RES ELE,2010-06-23 00:00,2010-06-23 00:00,1059.86,,FEET
SHA,D,6,RES ELE,2010-06-24 00:00,2010-06-24 00:00,1059.56,,FEET
SHA,D,6,RES ELE,2010-06-25 00:00,2010-06-25 00:00,1059.32,,FEET
SHA,D,6,RES ELE,2010-06-26 00:00,2010-06-26 00:00,1059.04,,FEET
SHA,D,6,RES ELE,2010-06-27 00:00,2010-06-27 00:00,1058.74,,FEET
SHA,D,6,RES ELE,2010-06-28 00:00,2010-06-28 00:00,1058.42,,FEET
SHA,D,6,RES ELE,2010-06-29 00:00,2010-06-29 00:00,1058.07,,FEET
SHA,D,6,RES ELE,2010-06-30 00:00,2010-06-30 00:00,1057.66,,FEET
SHA,D,6,RES ELE,2010-07-01 00:00,2010-07-01 00:00,1057.22,,FEET
SHA,D,6,RES ELE,2010-07-02 00:00,2010-07-02 00:00,1056.81,,FEET
SHA,D,6,RES ELE,2010-07-03 00:00,2010-07-03 00:00,1056.37,,FEET
SHA,D,6,RES ELE,2010-07-04 00:00,2010-07-04 00:00,1055.97,,FEET
SHA,D,6,RES ELE,2010-07-05 00:00,2010-07-05 00:00,1055.53,,FEET
SHA,D,6,RES ELE,2010-07-06 00:00,2010-07-06 00:00,1055.07,,FEET
SHA,D,6,RES ELE,2010-07-07 00:00,2010-07-07 00:00,1054.58,,FEET
SHA,D,6,RES ELE,2010-07-08 00:00,2010-07-08 00:00,1054.11,,FEET
SHA,D,6,RES ELE,2010-07-09 00:00,2010-07-09 00:00,1053.61,,FEET
SHA,D,6,RES ELE,2010-07-10 00:00,2010-07-10 00:00,1053.16,,FEET
SHA,D,6,RES ELE,2010-07-11 00:00,2010-07-11 00:00,1052.67,,FEET
SHA,D,6,RES ELE,2010-07-12 00:00,2010-07-12 00:00,1052.14,,FEET
SHA,D,6,RES ELE,2010-07-13 00:00,2010-07-13 00:00,1051.65,,FEET
SHA,D,6,RES ELE,2010-07-14 00:00,2010-07-14 00:00,1051.14,,FEET
SHA,D,6,RES ELE,2010-07-15 00:00,2010-07-15 00:00,1050.63,,FEET
SHA,D,6,RES ELE,2010-07-16 00:00,2010-07-16 00:00,1050.11,,FEET
SHA,D,6,RES ELE,2010-07-17 00:00,2010-07-17 00:00,1049.59,,FEET
SHA,D,6,RES ELE,2010-07-18 00:00,2010-07-18 00:00,1049.04,,FEET
SHA,D,6,RES ELE,2010-07-19 00:00,2010-07-19 00:00,1048.50,,FEET
SHA,D,6,RES ELE,2010-07-20 00:00,2010-07-20 00:00,1047.96,,FEET
SHA,D,6,RES ELE,2010-07-21 00:00,2010-07-21 00:00,1047.41,,FEET
SHA,D,6,RES ELE,2010-07-22 00:00,2010-07-22 00:00,1046.87,,FEET
SHA,D,6,RES ELE,2010-07-23 00:00,2010-07-23 00:00,1046.32,,FEET
SHA,D,6,RES ELE,2010-07-24 00:00,2010-07-24 00:00,1045.77,,FEET
SHA,D,6,RES ELE,2010-07-25 00:00,2010-07-25 00:00,1045.21,,FEET
SHA,D,6,RES ELE,2010-07-26 00:00,2010-07-26 00:00,1044.66,,FEET
SHA,D,6,RES ELE,2010-07-27 00:00,2010-07-27 00:00,1044.09,,FEET
SHA,D,6,RES ELE,2010-07-28 00:00,2010-07-28 00:00,1043.54,,FEET
SHA,D,6,RES ELE,2010-07-29 00:00,2010-07-29 00:00,1043.00,,FEET
SHA,D,6,RES ELE,2010-07-30 00:00,2010-07-30 00:00,1042.42,,FEET
SHA,D,6,RES ELE,2010-07-31 00:00,2010-07-31 00:00,1041.83,,FEET
SHA,D,6,RES ELE,2010-08-01 00:00,2010-08-01 00:00,1041.24,,FEET
SHA,D,6,RES ELE,2010-08-02 00:00,2010-08-02 00:00,1040.73,,FEET
SHA,D,6,RES ELE,2010-08-03 00:00,2010-08-03 00:00,1040.11,,FEET
SHA,D,6,RES ELE,2010-08-04 00:00,2010-08-04 00:00,1039.55,,FEET
SHA,D,6,RES ELE,2010-08-05 00:00,2010-08-05 00:00,1038.99,,FEET
SHA,D,6,RES ELE,2010-08-06 00:00,2010-08-06 00:00,1038.44,,FEET
SHA,D,6,RES ELE,2010-08-07 00:00,2010-08-07 00:00,1037.90,,FEET
SHA,D,6,RES ELE,2010-08-08 00:00,2010-08-08 00:00,1037.41,,FEET
SHA,D,6,RES ELE,2010-08-09 00:00,2010-08-09 00:00,1036.91,,FEET
SHA,D,6,RES ELE,2010-08-10 00:00,2010-08-10 00:00,1036.39,,FEET
SHA,D,6,RES ELE,2010-08-11 00:00,2010-08-11 00:00,1035.92,,FEET
SHA,D,6,RES ELE,2010-08-12 00:00,2010-08-12 00:00,1035.47,,FEET
SHA,D,6,RES ELE,2010-08-13 00:00,2010-08-13 00:00,1035.07,,FEET
SHA,D,6,RES ELE,2010-08-14 00:00,2010-08-14 00:00,1034.71,,FEET
SHA,D,6,RES ELE,2010-08-15 00:00,2010-08-15 00:00,1034.34,,FEET
SHA,D,6,RES ELE,2010-08-16 00:00,2010-08-16 00:00,1033.97,,FEET
SHA,D,6,RES ELE,2010-08-17 00:00,2010-08-17 00:00,1033.51,,FEET
SHA,D,6,RES ELE,2010-08-18 00:00,2010-08-18 00:00,1033.11,,FEET
SHA,D,6,RES ELE,2010-08-19 00:00,2010-08-19 00:00,1032.76,,FEET
SHA,D,6,RES ELE,2010-08-20 00:00,2010-08-20 00:00,1032.38,,FEET
SHA,D,6,RES ELE,2010-08-21 00:00,2010-08-21 00:00,1032.01,,FEET
SHA,D,6,RES ELE,2010-08-22 00:00,2010-08-22 00:00,1031.67,,FEET
SHA,D,6,RES ELE,2010-08-23 00:00,2010-08-23 00:00,1031.21,,FEET
SHA,D,6,RES ELE,2010-08-24 00:00,2010-08-24 00:00,1030.85,,FEET
SHA,D,6,RES ELE,2010-08-25 00:00,2010-08-25 00:00,1030.52,,FEET
SHA,D,6,RES ELE,2010-08-26 00:00,2010-08-26 00:00,1030.16,,FEET
SHA,D,6,RES ELE,2010-08-27 00:00,2010-08-27 00:00,1029.74,,FEET
SHA,D,6,RES ELE,2010-08-28 00:00,2010-08-28 00:00,1029.40,,FEET
SHA,D,6,RES ELE,2010-08-29 00:00,2010-08-29 00:00,1029.05,,FEET
SHA,D,6,RES ELE,2010-08-30 00:00,2010-08-30 00:00,1028.69,,FEET
SHA,D,6,RES ELE,2010-08-31 00:00,2010-08-31 00:00,1028.34,,FEET
SHA,D,6,RES ELE,2010-09-01 00:00,2010-09-01 00:00,1028.01,,FEET
SHA,D,6,RES ELE,2010-09-02 00:00,2010-09-02 00:00,1027.70,,FEET
SHA,D,6,RES ELE,2010-09-03 00:00,2010-09-03 00:00,1027.43,,FEET
SHA,D,6,RES ELE,2010-09-04 00:00,2010-09-04 00:00,1027.11,,FEET
SHA,D,6,RES ELE,2010-09-05 00:00,2010-09-05 00:00,1026.77,,FEET
SHA,D,6,RES ELE,2010-09-06 00:00,2010-09-06 00:00,1026.46,,FEET
SHA,D,6,RES ELE,2010-09-07 00:00,2010-09-07 00:00,1026.15,,FEET
SHA,D,6,RES ELE,2010-09-08 00:00,2010-09-08 00:00,1025.82,,FEET
SHA,D,6,RES ELE,2010-09-09 00:00,2010-09-09 00:00,1025.42,,FEET
SHA,D,6,RES ELE,2010-09-10 00:00,2010-09-10 00:00,1024.78,,FEET
SHA,D,6,RES ELE,2010-09-11 00:00,2010-09-11 00:00,1024.47,,FEET
SHA,D,6,RES ELE,2010-09-12 00:00,2010-09-12 00:00,1024.19,,FEET
SHA,D,6,RES ELE,2010-09-13 00:00,2010-09-13 00:00,1023.93,,FEET
SHA,D,6,RES ELE,2010-09-14 00:00,2010-09-14 00:00,1023.75,,FEET
SHA,D,6,RES ELE,2010-09-15 00:00,2010-09-15 00:00,1023.56,,FEET
SHA,D,6,RES ELE,2010-09-16 00:00,2010-09-16 00:00,1023.43,,FEET
SHA,D,6,RES ELE,2010-09-17 00:00,2010-09-17 00:00,1023.30,,FEET
SHA,D,6,RES ELE,2010-09-18 00:00,2010-09-18 00:00,1023.24,,FEET
SHA,D,6,RES ELE,2010-09-19 00:00,2010-09-19 00:00,1023.16,,FEET
SHA,D,6,RES ELE,2010-09-20 00:00,2010-09-20 00:00,1023.04,,FEET
SHA,D,6,RES ELE,2010-09-21 00:00,2010-09-21 00:00,1022.88,,FEET
SHA,D,6,RES ELE,2010-09-22 00:00,2010-09-22 00:00,1022.76,,FEET
SHA,D,6,RES ELE,2010-09-23 00:00,2010-09-23 00:00,1022.62,,FEET
SHA,D,6,RES ELE,2010-09-24 00:00,2010-09-24 00:00,1022.46,,FEET
SHA,D,6,RES ELE,2010-09-25 00:00,2010-09-25 00:00,1022.31,,FEET
SHA,D,6,RES ELE,2010-09-26 00:00,2010-09-26 00:00,1022.15,,FEET
SHA,D,6,RES ELE,2010-09-27 00:00,2010-09-27 00:00,1022.00,,FEET
SHA,D,6,RES ELE,2010-09-28 00:00,2010-09-28 00:00,1021.81,,FEET
SHA,D,6,RES ELE,2010-09-29 00:00,2010-09-29 00:00,1021.59,,FEET
SHA,D,6,RES ELE,2010-09-30 00:00,2010-09-30 00:00,1021.32,,FEET
SHA,D,6,RES ELE,2010-10-01 00:00,2010-10-01 00:00,1021.14,,FEET
SHA,D,6,RES ELE,2010-10-02 00:00,2010-10-02 00:00,1021.02,,FEET
SHA,D,6,RES ELE,2010-10-03 00:00,2010-10-03 00:00,1020.90,,FEET
SHA,D,6,RES ELE,2010-10-04 00:00,2010-10-04 00:00,1020.69,,FEET
SHA,D,6,RES ELE,2010-10-05 00:00,2010-10-05 00:00,1020.43,,FEET
SHA,D,6,RES ELE,2010-10-06 00:00,2010-10-06 00:00,1020.27,,FEET
SHA,D,6,RES ELE,2010-10-07 00:00,2010-10-07 00:00,1020.11,,FEET
SHA,D,6,RES ELE,2010-10-08 00:00,2010-10-08 00:00,1019.98,,FEET
SHA,D,6,RES ELE,2010-10-09 00:00,2010-10-09 00:00,1019.83,,FEET
SHA,D,6,RES ELE,2010-10-10 00:00,2010-10-10 00:00,1019.72,,FEET
SHA,D,6,RES ELE,2010-10-11 00:00,2010-10-11 00:00,1019.60,,FEET
SHA,D,6,RES ELE,2010-10-12 00:00,2010-10-12 00:00,1019.52,,FEET
SHA,D,6,RES ELE,2010-10-13 00:00,2010-10-13 00:00,1019.42,,FEET
SHA,D,6,RES ELE,2010-10-14 00:00,2010-10-14 00:00,1019.33,,FEET
SHA,D,6,RES ELE,2010-10-15 00:00,2010-10-15 00:00,1019.21,,FEET
SHA,D,6,RES ELE,2010-10-16 00:00,2010-10-16 00:00,1019.09,,FEET
SHA,D,6,RES ELE,2010-10-17 00:00,2010-10-17 00:00,1018.97,,FEET
SHA,D,6,RES ELE,2010-10-18 00:00,2010-10-18 00:00,1018.82,,FEET
SHA,D,6,RES ELE,2010-10-19 00:00,2010-10-19 00:00,1018.66,,FEET
SHA,D,6,RES ELE,2010-10-20 00:00,2010-10-20 00:00,1018.54,,FEET
SHA,D,6,RES ELE,2010-10-21 00:00,2010-10-21 00:00,1018.45,,FEET
SHA,D,6,RES ELE,2010-10-22 00:00,2010-10-22 00:00,1018.35,,FEET
SHA,D,6,RES ELE,2010-10-23 00:00,2010-10-23 00:00,1018.49,,FEET
SHA,D,6,RES ELE,2010-10-24 00:00,2010-10-24 00:00,1019.18,,FEET
SHA,D,6,RES ELE,2010-10-25 00:00,2010-10-25 00:00,1019.23,,FEET
SHA,D,6,RES ELE,2010-10-26 00:00,2010-10-26 00:00,1019.29,,FEET
SHA,D,6,RES ELE,2010-10-27 00:00,2010-10-27 00:00,1019.27,,FEET
SHA,D,6,RES ELE,2010-10-28 00:00,2010-10-28 00:00,1019.24,,FEET
SHA,D,6,RES ELE,2010-10-29 00:00,2010-10-29 00:00,1019.28,,FEET
SHA,D,6,RES ELE,2010-10-30 00:00,2010-10-30 00:00,1019.33,,FEET
SHA,D,6,RES ELE,2010-10-31 00:00,2010-10-31 00:00,1019.40,,FEET
SHA,D,6,RES ELE,2010-11-01 00:00,2010-11-01 00:00,1019.46,,FEET
SHA,D,6,RES ELE,2010-11-02 00:00,2010-11-02 00:00,1019.49,,FEET
SHA,D,6,RES ELE,2010-11-03 00:00,2010-11-03 00:00,1019.42,,FEET
SHA,D,6,RES ELE,2010-11-04 00:00,2010-11-04 00:00,1019.40,,FEET
SHA,D,6,RES ELE,2010-11-05 00:00,2010-11-05 00:00,1019.23,,FEET
SHA,D,6,RES ELE,2010-11-06 00:00,2010-11-06 00:00,1019.07,,FEET
SHA,D,6,RES ELE,2010-11-07 00:00,2010-11-07 00:00,1019.49,,FEET
SHA,D,6,RES ELE,2010-11-08 00:00,2010-11-08 00:00,1019.39,,FEET
SHA,D,6,RES ELE,2010-11-09 00:00,2010-11-09 00:00,1019.34,,FEET
SHA,D,6,RES ELE,2010-11-10 00:00,2010-11-10 00:00,1019.24,,FEET
SHA,D,6,RES ELE,2010-11-11 00:00,2010-11-11 00:00,1019.16,,FEET
SHA,D,6,RES ELE,2010-11-12 00:00,2010-11-12 00:00,1018.97,,FEET
SHA,D,6,RES ELE,2010-11-13 00:00,2010-11-13 00:00,1018.81,,FEET
SHA,D,6,RES ELE,2010-11-14 00:00,2010-11-14 00:00,1018.63,,FEET
SHA,D,6,RES ELE,2010-11-15 00:00,2010-11-15 00:00,1018.49,,FEET
SHA,D,6,RES ELE,2010-11-16 00:00,2010-11-16 00:00,1018.33,,FEET
SHA,D,6,RES ELE,2010-11-17 00:00,2010-11-17 00:00,1018.09,,FEET
SHA,D,6,RES ELE,2010-11-18 00:00,2010-11-18 00:00,1017.92,,FEET
SHA,D,6,RES ELE,2010-11-19 00:00,2010-11-19 00:00,1017.80,,FEET
SHA,D,6,RES ELE,2010-11-20 00:00,2010-11-20 00:00,1017.95,,FEET
SHA,D,6,RES ELE,2010-11-21 00:00,2010-11-21 00:00,1017.91,,FEET
SHA,D,6,RES ELE,2010-11-22 00:00,2010-11-22 00:00,1017.88,,FEET
SHA,D,6,RES ELE,2010-11-23 00:00,2010-11-23 00:00,1017.97,,FEET
SHA,D,6,RES ELE,2010-11-24 00:00,2010-11-24 00:00,1017.97,,FEET
SHA,D,6,RES ELE,2010-11-25 00:00,2010-11-25 00:00,1017.89,,FEET
SHA,D,6,RES ELE,2010-11-26 00:00,2010-11-26 00:00,1017.80,,FEET
SHA,D,6,RES ELE,2010-11-27 00:00,2010-11-27 00:00,1017.78,,FEET
SHA,D,6,RES ELE,2010-11-28 00:00,2010-11-28 00:00,1017.69,,FEET
SHA,D,6,RES ELE,2010-11-29 00:00,2010-11-29 00:00,1017.56,,FEET
SHA,D,6,RES ELE,2010-11-30 00:00,2010-11-30 00:00,1017.38,,FEET
SHA,D,6,RES ELE,2010-12-01 00:00,2010-12-01 00:00,1017.21,,FEET
SHA,D,6,RES ELE,2010-12-02 00:00,2010-12-02 00:00,1017.16,,FEET
SHA,D,6,RES ELE,2010-12-03 00:00,2010-12-03 00:00,1017.05,,FEET
SHA,D,6,RES ELE,2010-12-04 00:00,2010-12-04 00:00,1017.02,,FEET
SHA,D,6,RES ELE,2010-12-05 00:00,2010-12-05 00:00,1017.24,,FEET
SHA,D,6,RES ELE,2010-12-06 00:00,2010-12-06 00:00,1018.00,,FEET
SHA,D,6,RES ELE,2010-12-07 00:00,2010-12-07 00:00,1018.63,,FEET
SHA,D,6,RES ELE,2010-12-08 00:00,2010-12-08 00:00,1019.31,,FEET
SHA,D,6,RES ELE,2010-12-09 00:00,2010-12-09 00:00,1020.02,,FEET
SHA,D,6,RES ELE,2010-12-10 00:00,2010-12-10 00:00,1020.94,,FEET
SHA,D,6,RES ELE,2010-12-11 00:00,2010-12-11 00:00,1021.52,,FEET
SHA,D,6,RES ELE,2010-12-12 00:00,2010-12-12 00:00,1021.89,,FEET
SHA,D,6,RES ELE,2010-12-13 00:00,2010-12-13 00:00,1022.10,,FEET
SHA,D,6,RES ELE,2010-12-14 00:00,2010-12-14 00:00,1022.12,,FEET
SHA,D,6,RES ELE,2010-12-15 00:00,2010-12-15 00:00,1021.88,,FEET
SHA,D,6,RES ELE,2010-12-16 00:00,2010-12-16 00:00,1021.51,,FEET
SHA,D,6,RES ELE,2010-12-17 00:00,2010-12-17 00:00,1021.26,,FEET
SHA,D,6,RES ELE,2010-12-18 00:00,2010-12-18 00:00,1021.06,,FEET
SHA,D,6,RES ELE,2010-12-19 00:00,2010-12-19 00:00,1021.24,,FEET
SHA,D,6,RES ELE,2010-12-20 00:00,2010-12-20 00:00,1021.54,,FEET
SHA,D,6,RES ELE,2010-12-21 00:00,2010-12-21 00:00,1022.12,,FEET
SHA,D,6,RES ELE,2010-12-22 00:00,2010-12-22 00:00,1023.11,,FEET
SHA,D,6,RES ELE,2010-12-23 00:00,2010-12-23 00:00,1023.44,,FEET
SHA,D,6,RES ELE,2010-12-24 00:00,2010-12-24 00:00,1023.58,,FEET
SHA,D,6,RES ELE,2010-12-25 00:00,2010-12-25 00:00,1024.02,,FEET
SHA,D,6,RES ELE,2010-12-26 00:00,2010-12-26 00:00,1024.89,,FEET
SHA,D,6,RES ELE,2010-12-27 00:00,2010-12-27 00:00,1025.50,,FEET
SHA,D,6,RES ELE,2010-12-28 00:00,2010-12-28 00:00,1026.47,,FEET
SHA,D,6,RES ELE,2010-12-29 00:00,2010-12-29 00:00,1027.76,,FEET
SHA,D,6,RES ELE,2010-12-30 00:00,2010-12-30 00:00,1028.14,,FEET
SHA,D,6,RES ELE,2010-12-31 00:00,2010-12-31 00:00,1028.24,,FEET
SHA,D,6,RES ELE,2011-01-01 00:00,2011-01-01 00:00,1028.13,,FEET
SHA,D,6,RES ELE,2011-01-02 00:00,2011-01-02 00:00,1027.88,,FEET
SHA,D,6,RES ELE,2011-01-03 00:00,2011-01-03 00:00,1027.46,,FEET
SHA,D,6,RES ELE,2011-01-04 00:00,2011-01-04 00:00,1027.00,,FEET
SHA,D,6,RES ELE,2011-01-05 00:00,2011-01-05 00:00,1026.44,,FEET
SHA,D,6,RES ELE,2011-01-06 00:00,2011-01-06 00:00,1025.97,,FEET
SHA,D,6,RES ELE,2011-01-07 00:00,2011-01-07 00:00,1025.61,,FEET
SHA,D,6,RES ELE,2011-01-08 00:00,2011-01-08 00:00,1025.27,,FEET
SHA,D,6,RES ELE,2011-01-09 00:00,2011-01-09 00:00,1024.98,,FEET
SHA,D,6,RES ELE,2011-01-10 00:00,2011-01-10 00:00,1024.77,,FEET
SHA,D,6,RES ELE,2011-01-11 00:00,2011-01-11 00:00,1024.70,,FEET
SHA,D,6,RES ELE,2011-01-12 00:00,2011-01-12 00:00,1024.55,,FEET
SHA,D,6,RES ELE,2011-01-13 00:00,2011-01-13 00:00,1024.52,,FEET
SHA,D,6,RES ELE,2011-01-14 00:00,2011-01-14 00:00,1024.61,,FEET
SHA,D,6,RES ELE,2011-01-15 00:00,2011-01-15 00:00,1024.70,,FEET
SHA,D,6,RES ELE,2011-01-16 00:00,2011-01-16 00:00,1025.00,,FEET
SHA,D,6,RES ELE,2011-01-17 00:00,2011-01-17 00:00,1025.35,,FEET
SHA,D,6,RES ELE,2011-01-18 00:00,2011-01-18 00:00,1025.62,,FEET
SHA,D,6,RES ELE,2011-01-19 00:00,2011-01-19 00:00,1025.77,,FEET
SHA,D,6,RES ELE,2011-01-20 00:00,2011-01-20 00:00,1025.90,,FEET
SHA,D,6,RES ELE,2011-01-21 00:00,2011-01-21 00:00,1026.16,,FEET
SHA,D,6,RES ELE,2011-01-22 00:00,2011-01-22 00:00,1026.45,,FEET
SHA,D,6,RES ELE,2011-01-23 00:00,2011-01-23 00:00,1026.66,,FEET
SHA,D,6,RES ELE,2011-01-24 00:00,2011-01-24 00:00,1026.97,,FEET
SHA,D,6,RES ELE,2011-01-25 00:00,2011-01-25 00:00,1027.15,,FEET
SHA,D,6,RES ELE,2011-01-26 00:00,2011-01-26 00:00,1027.33,,FEET
SHA,D,6,RES ELE,2011-01-27 00:00,2011-01-27 00:00,1027.44,,FEET
SHA,D,6,RES ELE,2011-01-28 00:00,2011-01-28 00:00,1027.67,,FEET
SHA,D,6,RES ELE,2011-01-29 00:00,2011-01-29 00:00,1027.84,,FEET
SHA,D,6,RES ELE,2011-01-30 00:00,2011-01-30 00:00,1028.09,,FEET
SHA,D,6,RES ELE,2011-01-31 00:00,2011-01-31 00:00,1028.28,,FEET
SHA,D,6,RES ELE,2011-02-01 00:00,2011-02-01 00:00,1028.47,,FEET
SHA,D,6,RES ELE,2011-02-02 00:00,2011-02-02 00:00,1028.64,,FEET
SHA,D,6,RES ELE,2011-02-03 00:00,2011-02-03 00:00,1028.82,,FEET
SHA,D,6,RES ELE,2011-02-04 00:00,2011-02-04 00:00,1028.91,,FEET
SHA,D,6,RES ELE,2011-02-05 00:00,2011-02-05 00:00,1028.90,,FEET
SHA,D,6,RES ELE,2011-02-06 00:00,2011-02-06 00:00,1029.02,,FEET
SHA,D,6,RES ELE,2011-02-07 00:00,2011-02-07 00:00,1029.15,,FEET
SHA,D,6,RES ELE,2011-02-08 00:00,2011-02-08 00:00,1029.23,,FEET
SHA,D,6,RES ELE,2011-02-09 00:00,2011-02-09 00:00,1029.31,,FEET
SHA,D,6,RES ELE,2011-02-10 00:00,2011-02-10 00:00,1029.40,,FEET
SHA,D,6,RES ELE,2011-02-11 00:00,2011-02-11 00:00,1029.48,,FEET
SHA,D,6,RES ELE,2011-02-12 00:00,2011-02-12 00:00,1029.61,,FEET
SHA,D,6,RES ELE,2011-02-13 00:00,2011-02-13 00:00,1029.76,,FEET
SHA,D,6,RES ELE,2011-02-14 00:00,2011-02-14 00:00,1030.13,,FEET
SHA,D,6,RES ELE,2011-02-15 00:00,2011-02-15 00:00,1031.30,,FEET
SHA,D,6,RES ELE,2011-02-16 00:00,2011-02-16 00:00,1032.84,,FEET
SHA,D,6,RES ELE,2011-02-17 00:00,2011-02-17 00:00,1033.98,,FEET
SHA,D,6,RES ELE,2011-02-18 00:00,2011-02-18 00:00,1034.85,,FEET
SHA,D,6,RES ELE,2011-02-19 00:00,2011-02-19 00:00,1035.70,,FEET
SHA,D,6,RES ELE,2011-02-20 00:00,2011-02-20 00:00,1036.23,,FEET
SHA,D,6,RES ELE,2011-02-21 00:00,2011-02-21 00:00,1036.78,,FEET
SHA,D,6,RES ELE,2011-02-22 00:00,2011-02-22 00:00,1037.23,,FEET
SHA,D,6,RES ELE,2011-02-23 00:00,2011-02-23 00:00,1037.71,,FEET
SHA,D,6,RES ELE,2011-02-24 00:00,2011-02-24 00:00,1038.20,,FEET
SHA,D,6,RES ELE,2011-02-25 00:00,2011-02-25 00:00,1038.68,,FEET
SHA,D,6,RES ELE,2011-02-26 00:00,2011-02-26 00:00,1039.09,,FEET
SHA,D,6,RES ELE,2011-02-27 00:00,2011-02-27 00:00,1039.38,,FEET
SHA,D,6,RES ELE,2011-02-28 00:00,2011-02-28 00:00,1039.68,,FEET
SHA,D,6,RES ELE,2011-03-01 00:00,2011-03-01 00:00,1039.95,,FEET
SHA,D,6,RES ELE,2011-03-02 00:00,2011-03-02 00:00,1041.10,,FEET
SHA,D,6,RES ELE,2011-03-03 00:00,2011-03-03 00:00,1042.31,,FEET
SHA,D,6,RES ELE,2011-03-04 00:00,2011-03-04 00:00,1043.26,,FEET
SHA,D,6,RES ELE,2011-03-05 00:00,2011-03-05 00:00,1044.18,,FEET
SHA,D,6,RES ELE,2011-03-06 00:00,2011-03-06 00:00,1045.13,,FEET
SHA,D,6,RES ELE,2011-03-07 00:00,2011-03-07 00:00,1045.98,,FEET
SHA,D,6,RES ELE,2011-03-08 00:00,2011-03-08 00:00,1046.89,,FEET
SHA,D,6,RES ELE,2011-03-09 00:00,2011-03-09 00:00,1047.64,,FEET
SHA,D,6,RES ELE,2011-03-10 00:00,2011-03-10 00:00,1048.48,,FEET
SHA,D,6,RES ELE,2011-03-11 00:00,2011-03-11 00:00,1049.36,,FEET
SHA,D,6,RES ELE,2011-03-12 00:00,2011-03-12 00:00,1050.27,,FEET
SHA,D,6,RES ELE,2011-03-13 00:00,2011-03-13 00:00,1051.14,,FEET
SHA,D,6,RES ELE,2011-03-14 00:00,2011-03-14 00:00,1052.30,,FEET
SHA,D,6,RES ELE,2011-03-15 00:00,2011-03-15 00:00,1053.07,,FEET
SHA,D,6,RES ELE,2011-03-16 00:00,2011-03-16 00:00,1054.37,,FEET
SHA,D,6,RES ELE,2011-03-17 00:00,2011-03-17 00:00,1054.68,,FEET
SHA,D,6,RES ELE,2011-03-18 00:00,2011-03-18 00:00,1055.07,,FEET
SHA,D,6,RES ELE,2011-03-19 00:00,2011-03-19 00:00,1055.26,,FEET
SHA,D,6,RES ELE,2011-03-20 00:00,2011-03-20 00:00,1055.63,,FEET
SHA,D,6,RES ELE,2011-03-21 00:00,2011-03-21 00:00,1054.80,,FEET
SHA,D,6,RES ELE,2011-03-22 00:00,2011-03-22 00:00,1053.31,,FEET
SHA,D,6,RES ELE,2011-03-23 00:00,2011-03-23 00:00,1052.49,,FEET
SHA,D,6,RES ELE,2011-03-24 00:00,2011-03-24 00:00,1053.78,,FEET
SHA,D,6,RES ELE,2011-03-25 00:00,2011-03-25 00:00,1054.71,,FEET
SHA,D,6,RES ELE,2011-03-26 00:00,2011-03-26 00:00,1055.24,,FEET
SHA,D,6,RES ELE,2011-03-27 00:00,2011-03-27 00:00,1055.04,,FEET
SHA,D,6,RES ELE,2011-03-28 00:00,2011-03-28 00:00,1054.08,,FEET
SHA,D,6,RES ELE,2011-03-29 00:00,2011-03-29 00:00,1052.42,,FEET
SHA,D,6,RES ELE,2011-03-30 00:00,2011-03-30 00:00,1050.64,,FEET
SHA,D,6,RES ELE,2011-03-31 00:00,2011-03-31 00:00,1048.88,,FEET
SHA,D,6,RES ELE,2011-04-01 00:00,2011-04-01 00:00,1047.27,,FEET
SHA,D,6,RES ELE,2011-04-02 00:00,2011-04-02 00:00,1046.15,,FEET
SHA,D,6,RES ELE,2011-04-03 00:00,2011-04-03 00:00,1045.24,,FEET
SHA,D,6,RES ELE,2011-04-04 00:00,2011-04-04 00:00,1044.58,,FEET
SHA,D,6,RES ELE,2011-04-05 00:00,2011-04-05 00:00,1044.11,,FEET
SHA,D,6,RES ELE,2011-04-06 00:00,2011-04-06 00:00,1043.86,,FEET
SHA,D,6,RES ELE,2011-04-07 00:00,2011-04-07 00:00,1043.69,,FEET
SHA,D,6,RES ELE,2011-04-08 00:00,2011-04-08 00:00,1043.78,,FEET
SHA,D,6,RES ELE,2011-04-09 00:00,2011-04-09 00:00,1043.84,,FEET
SHA,D,6,RES ELE,2011-04-10 00:00,2011-04-10 00:00,1043.99,,FEET
SHA,D,6,RES ELE,2011-04-11 00:00,2011-04-11 00:00,1044.26,,FEET
SHA,D,6,RES ELE,2011-04-12 00:00,2011-04-12 00:00,1044.55,,FEET
SHA,D,6,RES ELE,2011-04-13 00:00,2011-04-13 00:00,1044.95,,FEET
SHA,D,6,RES ELE,2011-04-14 00:00,2011-04-14 00:00,1045.33,,FEET
SHA,D,6,RES ELE,2011-04-15 00:00,2011-04-15 00:00,1045.88,,FEET
SHA,D,6,RES ELE,2011-04-16 00:00,2011-04-16 00:00,1046.32,,FEET
SHA,D,6,RES ELE,2011-04-17 00:00,2011-04-17 00:00,1046.71,,FEET
SHA,D,6,RES ELE,2011-04-18 00:00,2011-04-18 00:00,1047.23,,FEET
SHA,D,6,RES ELE,2011-04-19 00:00,2011-04-19 00:00,1047.84,,FEET
SHA,D,6,RES ELE,2011-04-20 00:00,2011-04-20 00:00,1048.72,,FEET
SHA,D,6,RES ELE,2011-04-21 00:00,2011-04-21 00:00,1049.81,,FEET
SHA,D,6,RES ELE,2011-04-22 00:00,2011-04-22 00:00,1050.68,,FEET
SHA,D,6,RES ELE,2011-04-23 00:00,2011-04-23 00:00,1051.51,,FEET
SHA,D,6,RES ELE,2011-04-24 00:00,2011-04-24 00:00,1052.40,,FEET
SHA,D,6,RES ELE,2011-04-25 00:00,2011-04-25 00:00,1053.28,,FEET
SHA,D,6,RES ELE,2011-04-26 00:00,2011-04-26 00:00,1054.12,,FEET
SHA,D,6,RES ELE,2011-04-27 00:00,2011-04-27 00:00,1055.01,,FEET
SHA,D,6,RES ELE,2011-04-28 00:00,2011-04-28 00:00,1055.71,,FEET
SHA,D,6,RES ELE,2011-04-29 00:00,2011-04-29 00:00,1056.55,,FEET
SHA,D,6,RES ELE,2011-04-30 00:00,2011-04-30 00:00,1057.21,,FEET
SHA,D,6,RES ELE,2011-05-01 00:00,2011-05-01 00:00,1057.79,,FEET
SHA,D,6,RES ELE,2011-05-02 00:00,2011-05-02 00:00,1058.33,,FEET
SHA,D,6,RES ELE,2011-05-03 00:00,2011-05-03 00:00,1058.73,,FEET
SHA,D,6,RES ELE,2011-05-04 00:00,2011-05-04 00:00,1059.14,,FEET
SHA,D,6,RES ELE,2011-05-05 00:00,2011-05-05 00:00,1059.52,,FEET
SHA,D,6,RES ELE,2011-05-06 00:00,2011-05-06 00:00,1059.93,,FEET
SHA,D,6,RES ELE,2011-05-07 00:00,2011-05-07 00:00,1060.26,,FEET
SHA,D,6,RES ELE,2011-05-08 00:00,2011-05-08 00:00,1060.51,,FEET
SHA,D,6,RES ELE,2011-05-09 00:00,2011-05-09 00:00,1060.83,,FEET
SHA,D,6,RES ELE,2011-05-10 00:00,2011-05-10 00:00,1061.08,,FEET
SHA,D,6,RES ELE,2011-05-11 00:00,2011-05-11 00:00,1061.33,,FEET
SHA,D,6,RES ELE,2011-05-12 00:00,2011-05-12 00:00,1061.60,,FEET
SHA,D,6,RES ELE,2011-05-13 00:00,2011-05-13 00:00,1061.86,,FEET
SHA,D,6,RES ELE,2011-05-14 00:00,2011-05-14 00:00,1062.25,,FEET
SHA,D,6,RES ELE,2011-05-15 00:00,2011-05-15 00:00,1062.66,,FEET
SHA,D,6,RES ELE,2011-05-16 00:00,2011-05-16 00:00,1062.92,,FEET
SHA,D,6,RES ELE,2011-05-17 00:00,2011-05-17 00:00,1063.31,,FEET
SHA,D,6,RES ELE,2011-05-18 00:00,2011-05-18 00:00,1063.50,,FEET
SHA,D,6,RES ELE,2011-05-19 00:00,2011-05-19 00:00,1063.83,,FEET
SHA,D,6,RES ELE,2011-05-20 00:00,2011-05-20 00:00,1063.93,,FEET
SHA,D,6,RES ELE,2011-05-21 00:00,2011-05-21 00:00,1064.02,,FEET
SHA,D,6,RES ELE,2011-05-22 00:00,2011-05-22 00:00,1064.11,,FEET
SHA,D,6,RES ELE,2011-05-23 00:00,2011-05-23 00:00,1064.28,,FEET
SHA,D,6,RES ELE,2011-05-24 00:00,2011-05-24 00:00,1064.30,,FEET
SHA,D,6,RES ELE,2011-05-25 00:00,2011-05-25 00:00,1064.48,,FEET
SHA,D,6,RES ELE,2011-05-26 00:00,2011-05-26 00:00,1064.60,,FEET
SHA,D,6,RES ELE,2011-05-27 00:00,2011-05-27 00:00,1064.60,,FEET
SHA,D,6,RES ELE,2011-05-28 00:00,2011-05-28 00:00,1064.61,,FEET
SHA,D,6,RES ELE,2011-05-29 00:00,2011-05-29 00:00,1064.50,,FEET
SHA,D,6,RES ELE,2011-05-30 00:00,2011-05-30 00:00,1064.66,,FEET
SHA,D,6,RES ELE,2011-05-31 00:00,2011-05-31 00:00,1064.80,,FEET
SHA,D,6,RES ELE,2011-06-01 00:00,2011-06-01 00:00,1064.95,,FEET
SHA,D,6,RES ELE,2011-06-02 00:00,2011-06-02 00:00,1064.98,,FEET
SHA,D,6,RES ELE,2011-06-03 00:00,2011-06-03 00:00,1064.90,,FEET
SHA,D,6,RES ELE,2011-06-04 00:00,2011-06-04 00:00,1064.34,,FEET
SHA,D,6,RES ELE,2011-06-05 00:00,2011-06-05 00:00,1063.80,,FEET
SHA,D,6,RES ELE,2011-06-06 00:00,2011-06-06 00:00,1063.36,,FEET
SHA,D,6,RES ELE,2011-06-07 00:00,2011-06-07 00:00,1062.87,,FEET
SHA,D,6,RES ELE,2011-06-08 00:00,2011-06-08 00:00,1062.48,,FEET
SHA,D,6,RES ELE,2011-06-09 00:00,2011-06-09 00:00,1062.41,,FEET
SHA,D,6,RES ELE,2011-06-10 00:00,2011-06-10 00:00,1062.54,,FEET
SHA,D,6,RES ELE,2011-06-11 00:00,2011-06-11 00:00,1062.70,,FEET
SHA,D,6,RES ELE,2011-06-12 00:00,2011-06-12 00:00,1062.99,,FEET
SHA,D,6,RES ELE,2011-06-13 00:00,2011-06-13 00:00,1063.10,,FEET
SHA,D,6,RES ELE,2011-06-14 00:00,2011-06-14 00:00,1063.10,,FEET
SHA,D,6,RES ELE,2011-06-15 00:00,2011-06-15 00:00,1063.14,,FEET
SHA,D,6,RES ELE,2011-06-16 00:00,2011-06-16 00:00,1063.20,,FEET
SHA,D,6,RES ELE,2011-06-17 00:00,2011-06-17 00:00,1063.20,,FEET
SHA,D,6,RES ELE,2011-06-18 00:00,2011-06-18 00:00,1063.16,,FEET
SHA,D,6,RES ELE,2011-06-19 00:00,2011-06-19 00:00,1063.07,,FEET
SHA,D,6,RES ELE,2011-06-20 00:00,2011-06-20 00:00,1063.06,,FEET
SHA,D,6,RES ELE,2011-06-21 00:00,2011-06-21 00:00,1063.01,,FEET
SHA,D,6,RES ELE,2011-06-22 00:00,2011-06-22 00:00,1062.84,,FEET
SHA,D,6,RES ELE,2011-06-23 00:00,2011-06-23 00:00,1062.69,,FEET
SHA,D,6,RES ELE,2011-06-24 00:00,2011-06-24 00:00,1062.62,,FEET
SHA,D,6,RES ELE,2011-06-25 00:00,2011-06-25 00:00,1062.47,,FEET
SHA,D,6,RES ELE,2011-06-26 00:00,2011-06-26 00:00,1062.34,,FEET
SHA,D,6,RES ELE,2011-06-27 00:00,2011-06-27 00:00,1062.17,,FEET
SHA,D,6,RES ELE,2011-06-28 00:00,2011-06-28 00:00,1062.21,,FEET
SHA,D,6,RES ELE,2011-06-29 00:00,2011-06-29 00:00,1062.12,,FEET
SHA,D,6,RES ELE,2011-06-30 00:00,2011-06-30 00:00,1061.89,,FEET
SHA,D,6,RES ELE,2011-07-01 00:00,2011-07-01 00:00,1061.68,,FEET
SHA,D,6,RES ELE,2011-07-02 00:00,2011-07-02 00:00,1061.43,,FEET
SHA,D,6,RES ELE,2011-07-03 00:00,2011-07-03 00:00,1061.19,,FEET
SHA,D,6,RES ELE,2011-07-04 00:00,2011-07-04 00:00,1060.90,,FEET
SHA,D,6,RES ELE,2011-07-05 00:00,2011-07-05 00:00,1060.59,,FEET
SHA,D,6,RES ELE,2011-07-06 00:00,2011-07-06 00:00,1060.23,,FEET
SHA,D,6,RES ELE,2011-07-07 00:00,2011-07-07 00:00,1059.84,,FEET
SHA,D,6,RES ELE,2011-07-08 00:00,2011-07-08 00:00,1059.45,,FEET
SHA,D,6,RES ELE,2011-07-09 00:00,2011-07-09 00:00,1059.10,,FEET
SHA,D,6,RES ELE,2011-07-10 00:00,2011-07-10 00:00,1058.74,,FEET
SHA,D,6,RES ELE,2011-07-11 00:00,2011-07-11 00:00,1058.34,,FEET
SHA,D,6,RES ELE,2011-07-12 00:00,2011-07-12 00:00,1057.99,,FEET
SHA,D,6,RES ELE,2011-07-13 00:00,2011-07-13 00:00,1057.61,,FEET
SHA,D,6,RES ELE,2011-07-14 00:00,2011-07-14 00:00,1057.24,,FEET
SHA,D,6,RES ELE,2011-07-15 00:00,2011-07-15 00:00,1056.77,,FEET
SHA,D,6,RES ELE,2011-07-16 00:00,2011-07-16 00:00,1056.29,,FEET
SHA,D,6,RES ELE,2011-07-17 00:00,2011-07-17 00:00,1055.82,,FEET
SHA,D,6,RES ELE,2011-07-18 00:00,2011-07-18 00:00,1055.32,,FEET
SHA,D,6,RES ELE,2011-07-19 00:00,2011-07-19 00:00,1054.88,,FEET
SHA,D,6,RES ELE,2011-07-20 00:00,2011-07-20 00:00,1054.41,,FEET
SHA,D,6,RES ELE,2011-07-21 00:00,2011-07-21 00:00,1053.93,,FEET
SHA,D,6,RES ELE,2011-07-22 00:00,2011-07-22 00:00,1053.44,,FEET
SHA,D,6,RES ELE,2011-07-23 00:00,2011-07-23 00:00,1052.96,,FEET
SHA,D,6,RES ELE,2011-07-24 00:00,2011-07-24 00:00,1052.45,,FEET
SHA,D,6,RES ELE,2011-07-25 00:00,2011-07-25 00:00,1051.95,,FEET
SHA,D,6,RES ELE,2011-07-26 00:00,2011-07-26 00:00,1051.46,,FEET
SHA,D,6,RES ELE,2011-07-27 00:00,2011-07-27 00:00,1050.97,,FEET
SHA,D,6,RES ELE,2011-07-28 00:00,2011-07-28 00:00,1050.55,,FEET
SHA,D,6,RES ELE,2011-07-29 00:00,2011-07-29 00:00,1050.03,,FEET
SHA,D,6,RES ELE,2011-07-30 00:00,2011-07-30 00:00,1049.51,,FEET
SHA,D,6,RES ELE,2011-07-31 00:00,2011-07-31 00:00,1048.98,,FEET
SHA,D,6,RES ELE,2011-08-01 00:00,2011-08-01 00:00,1048.48,,FEET
SHA,D,6,RES ELE,2011-08-02 00:00,2011-08-02 00:00,1048.03,,FEET
SHA,D,6,RES ELE,2011-08-03 00:00,2011-08-03 00:00,1047.49,,FEET
SHA,D,6,RES ELE,2011-08-04 00:00,2011-08-04 00:00,1047.00,,FEET
SHA,D,6,RES ELE,2011-08-05 00:00,2011-08-05 00:00,1046.46,,FEET
SHA,D,6,RES ELE,2011-08-06 00:00,2011-08-06 00:00,1045.91,,FEET
SHA,D,6,RES ELE,2011-08-07 00:00,2011-08-07 00:00,1045.38,,FEET
SHA,D,6,RES ELE,2011-08-08 00:00,2011-08-08 00:00,1044.85,,FEET
SHA,D,6,RES ELE,2011-08-09 00:00,2011-08-09 00:00,1044.37,,FEET
SHA,D,6,RES ELE,2011-08-10 00:00,2011-08-10 00:00,1043.87,,FEET
SHA,D,6,RES ELE,2011-08-11 00:00,2011-08-11 00:00,1043.40,,FEET
SHA,D,6,RES ELE,2011-08-12 00:00,2011-08-12 00:00,1042.87,,FEET
SHA,D,6,RES ELE,2011-08-13 00:00,2011-08-13 00:00,1042.40,,FEET
SHA,D,6,RES ELE,2011-08-14 00:00,2011-08-14 00:00,1041.90,,FEET
SHA,D,6,RES ELE,2011-08-15 00:00,2011-08-15 00:00,1041.38,,FEET
SHA,D,6,RES ELE,2011-08-16 00:00,2011-08-16 00:00,1040.90,,FEET
SHA,D,6,RES ELE,2011-08-17 00:00,2011-08-17 00:00,1040.40,,FEET
SHA,D,6,RES ELE,2011-08-18 00:00,2011-08-18 00:00,1039.87,,FEET
SHA,D,6,RES ELE,2011-08-19 00:00,2011-08-19 00:00,1039.42,,FEET
SHA,D,6,RES ELE,2011-08-20 00:00,2011-08-20 00:00,1038.91,,FEET
SHA,D,6,RES ELE,2011-08-21 00:00,2011-08-21 00:00,1038.38,,FEET
SHA,D,6,RES ELE,2011-08-22 00:00,2011-08-22 00:00,1037.90,,FEET
SHA,D,6,RES ELE,2011-08-23 00:00,2011-08-23 00:00,1037.44,,FEET
SHA,D,6,RES ELE,2011-08-24 00:00,2011-08-24 00:00,1036.97,,FEET
SHA,D,6,RES ELE,2011-08-25 00:00,2011-08-25 00:00,1036.47,,FEET
SHA,D,6,RES ELE,2011-08-26 00:00,2011-08-26 00:00,1035.97,,FEET
SHA,D,6,RES ELE,2011-08-27 00:00,2011-08-27 00:00,1035.45,,FEET
SHA,D,6,RES ELE,2011-08-28 00:00,2011-08-28 00:00,1034.91,,FEET
SHA,D,6,RES ELE,2011-08-29 00:00,2011-08-29 00:00,1034.39,,FEET
SHA,D,6,RES ELE,2011-08-30 00:00,2011-08-30 00:00,1033.86,,FEET
SHA,D,6,RES ELE,2011-08-31 00:00,2011-08-31 00:00,1033.36,,FEET
SHA,D,6,RES ELE,2011-09-01 00:00,2011-09-01 00:00,1032.90,,FEET
SHA,D,6,RES ELE,2011-09-02 00:00,2011-09-02 00:00,1032.41,,FEET
SHA,D,6,RES ELE,2011-09-03 00:00,2011-09-03 00:00,1031.93,,FEET
SHA,D,6,RES ELE,2011-09-04 00:00,2011-09-04 00:00,1031.41,,FEET
SHA,D,6,RES ELE,2011-09-05 00:00,2011-09-05 00:00,1030.94,,FEET
SHA,D,6,RES ELE,2011-09-06 00:00,2011-09-06 00:00,1030.47,,FEET
SHA,D,6,RES ELE,2011-09-07 00:00,2011-09-07 00:00,1030.00,,FEET
SHA,D,6,RES ELE,2011-09-08 00:00,2011-09-08 00:00,1029.50,,FEET
SHA,D,6,RES ELE,2011-09-09 00:00,2011-09-09 00:00,1029.05,,FEET
SHA,D,6,RES ELE,2011-09-10 00:00,2011-09-10 00:00,1028.59,,FEET
SHA,D,6,RES ELE,2011-09-11 00:00,2011-09-11 00:00,1028.17,,FEET
SHA,D,6,RES ELE,2011-09-12 00:00,2011-09-12 00:00,1027.81,,FEET
SHA,D,6,RES ELE,2011-09-13 00:00,2011-09-13 00:00,1027.42,,FEET
SHA,D,6,RES ELE,2011-09-14 00:00,2011-09-14 00:00,1027.07,,FEET
SHA,D,6,RES ELE,2011-09-15 00:00,2011-09-15 00:00,1026.76,,FEET
SHA,D,6,RES ELE,2011-09-16 00:00,2011-09-16 00:00,1026.41,,FEET
SHA,D,6,RES ELE,2011-09-17 00:00,2011-09-17 00:00,1026.09,,FEET
SHA,D,6,RES ELE,2011-09-18 00:00,2011-09-18 00:00,1025.73,,FEET
SHA,D,6,RES ELE,2011-09-19 00:00,2011-09-19 00:00,1025.40,,FEET
SHA,D,6,RES ELE,2011-09-20 00:00,2011-09-20 00:00,1025.10,,FEET
SHA,D,6,RES ELE,2011-09-21 00:00,2011-09-21 00:00,1024.84,,FEET
SHA,D,6,RES ELE,2011-09-22 00:00,2011-09-22 00:00,1024.61,,FEET
SHA,D,6,RES ELE,2011-09-23 00:00,2011-09-23 00:00,1024.34,,FEET
SHA,D,6,RES ELE,2011-09-24 00:00,2011-09-24 00:00,1023.99,,FEET
SHA,D,6,RES ELE,2011-09-25 00:00,2011-09-25 00:00,1023.68,,FEET
SHA,D,6,RES ELE,2011-09-26 00:00,2011-09-26 00:00,1023.41,,FEET
SHA,D,6,RES ELE,2011-09-27 00:00,2011-09-27 00:00,1023.12,,FEET
SHA,D,6,RES ELE,2011-09-28 00:00,2011-09-28 00:00,1022.83,,FEET
SHA,D,6,RES ELE,2011-09-29 00:00,2011-09-29 00:00,1022.55,,FEET
SHA,D,6,RES ELE,2011-09-30 00:00,2011-09-30 00:00,1022.24,,FEET
SHA,D,6,RES ELE,2011-10-01 00:00,2011-10-01 00:00,1021.96,,FEET
SHA,D,6,RES ELE,2011-10-02 00:00,2011-10-02 00:00,1021.67,,FEET
SHA,D,6,RES ELE,2011-10-03 00:00,2011-10-03 00:00,1021.42,,FEET
SHA,D,6,RES ELE,2011-10-04 00:00,2011-10-04 00:00,1021.32,,FEET
SHA,D,6,RES ELE,2011-10-05 00:00,2011-10-05 00:00,1021.19,,FEET
SHA,D,6,RES ELE,2011-10-06 00:00,2011-10-06 00:00,1020.99,,FEET
SHA,D,6,RES ELE,2011-10-07 00:00,2011-10-07 00:00,1020.74,,FEET
SHA,D,6,RES ELE,2011-10-08 00:00,2011-10-08 00:00,1020.53,,FEET
SHA,D,6,RES ELE,2011-10-09 00:00,2011-10-09 00:00,1020.28,,FEET
SHA,D,6,RES ELE,2011-10-10 00:00,2011-10-10 00:00,1020.18,,FEET
SHA,D,6,RES ELE,2011-10-11 00:00,2011-10-11 00:00,1019.99,,FEET
SHA,D,6,RES ELE,2011-10-12 00:00,2011-10-12 00:00,1019.77,,FEET
SHA,D,6,RES ELE,2011-10-13 00:00,2011-10-13 00:00,1019.64,,FEET
SHA,D,6,RES ELE,2011-10-14 00:00,2011-10-14 00:00,1019.33,,FEET
SHA,D,6,RES ELE,2011-10-15 00:00,2011-10-15 00:00,1019.11,,FEET
SHA,D,6,RES ELE,2011-10-16 00:00,2011-10-16 00:00,1018.98,,FEET
SHA,D,6,RES ELE,2011-10-17 00:00,2011-10-17 00:00,1018.94,,FEET
SHA,D,6,RES ELE,2011-10-18 00:00,2011-10-18 00:00,1018.89,,FEET
SHA,D,6,RES ELE,2011-10-19 00:00,2011-10-19 00:00,1018.84,,FEET
SHA,D,6,RES ELE,2011-10-20 00:00,2011-10-20 00:00,1018.75,,FEET
SHA,D,6,RES ELE,2011-10-21 00:00,2011-10-21 00:00,1018.62,,FEET
SHA,D,6,RES ELE,2011-10-22 00:00,2011-10-22 00:00,1018.51,,FEET
SHA,D,6,RES ELE,2011-10-23 00:00,2011-10-23 00:00,1018.42,,FEET
SHA,D,6,RES ELE,2011-10-24 00:00,2011-10-24 00:00,1018.31,,FEET
SHA,D,6,RES ELE,2011-10-25 00:00,2011-10-25 00:00,1018.16,,FEET
SHA,D,6,RES ELE,2011-10-26 00:00,2011-10-26 00:00,1018.07,,FEET
SHA,D,6,RES ELE,2011-10-27 00:00,2011-10-27 00:00,1017.99,,FEET
SHA,D,6,RES ELE,2011-10-28 00:00,2011-10-28 00:00,1017.91,,FEET
SHA,D,6,RES ELE,2011-10-29 00:00,2011-10-29 00:00,1017.78,,FEET
SHA,D,6,RES ELE,2011-10-30 00:00,2011-10-30 00:00,1017.61,,FEET
SHA,D,6,RES ELE,2011-10-31 00:00,2011-10-31 00:00,1017.49,,FEET
SHA,D,6,RES ELE,2011-11-01 00:00,2011-11-01 00:00,1017.36,,FEET
SHA,D,6,RES ELE,2011-11-02 00:00,2011-11-02 00:00,1017.31,,FEET
SHA,D,6,RES ELE,2011-11-03 00:00,2011-11-03 00:00,1017.24,,FEET
SHA,D,6,RES ELE,2011-11-04 00:00,2011-11-04 00:00,1017.13,,FEET
SHA,D,6,RES ELE,2011-11-05 00:00,2011-11-05 00:00,1017.09,,FEET
SHA,D,6,RES ELE,2011-11-06 00:00,2011-11-06 00:00,1017.00,,FEET
SHA,D,6,RES ELE,2011-11-07 00:00,2011-11-07 00:00,1016.91,,FEET
SHA,D,6,RES ELE,2011-11-08 00:00,2011-11-08 00:00,1016.77,,FEET
SHA,D,6,RES ELE,2011-11-09 00:00,2011-11-09 00:00,1016.58,,FEET
SHA,D,6,RES ELE,2011-11-10 00:00,2011-11-10 00:00,1016.43,,FEET
SHA,D,6,RES ELE,2011-11-11 00:00,2011-11-11 00:00,1016.28,,FEET
SHA,D,6,RES ELE,2011-11-12 00:00,2011-11-12 00:00,1016.14,,FEET
SHA,D,6,RES ELE,2011-11-13 00:00,2011-11-13 00:00,1016.00,,FEET
SHA,D,6,RES ELE,2011-11-14 00:00,2011-11-14 00:00,1015.77,,FEET
SHA,D,6,RES ELE,2011-11-15 00:00,2011-11-15 00:00,1015.59,,FEET
SHA,D,6,RES ELE,2011-11-16 00:00,2011-11-16 00:00,1015.44,,FEET
SHA,D,6,RES ELE,2011-11-17 00:00,2011-11-17 00:00,1015.25,,FEET
SHA,D,6,RES ELE,2011-11-18 00:00,2011-11-18 00:00,1015.11,,FEET
SHA,D,6,RES ELE,2011-11-19 00:00,2011-11-19 00:00,1015.04,,FEET
SHA,D,6,RES ELE,2011-11-20 00:00,2011-11-20 00:00,1014.90,,FEET
SHA,D,6,RES ELE,2011-11-21 00:00,2011-11-21 00:00,1014.73,,FEET
SHA,D,6,RES ELE,2011-11-22 00:00,2011-11-22 00:00,1014.68,,FEET
SHA,D,6,RES ELE,2011-11-23 00:00,2011-11-23 00:00,1014.69,,FEET
SHA,D,6,RES ELE,2011-11-24 00:00,2011-11-24 00:00,1014.70,,FEET
SHA,D,6,RES ELE,2011-11-25 00:00,2011-11-25 00:00,1014.61,,FEET
SHA,D,6,RES ELE,2011-11-26 00:00,2011-11-26 00:00,1014.54,,FEET
SHA,D,6,RES ELE,2011-11-27 00:00,2011-11-27 00:00,1014.44,,FEET
SHA,D,6,RES ELE,2011-11-28 00:00,2011-11-28 00:00,1014.37,,FEET
SHA,D,6,RES ELE,2011-11-29 00:00,2011-11-29 00:00,1014.33,,FEET
SHA,D,6,RES ELE,2011-11-30 00:00,2011-11-30 00:00,1014.25,,FEET
SHA,D,6,RES ELE,2011-12-01 00:00,2011-12-01 00:00,1014.24,,FEET
SHA,D,6,RES ELE,2011-12-02 00:00,2011-12-02 00:00,1014.35,,FEET
SHA,D,6,RES ELE,2011-12-03 00:00,2011-12-03 00:00,1014.40,,FEET
SHA,D,6,RES ELE,2011-12-04 00:00,2011-12-04 00:00,1014.38,,FEET
SHA,D,6,RES ELE,2011-12-05 00:00,2011-12-05 00:00,1014.30,,FEET
SHA,D,6,RES ELE,2011-12-06 00:00,2011-12-06 00:00,1014.21,,FEET
SHA,D,6,RES ELE,2011-12-07 00:00,2011-12-07 00:00,1014.09,,FEET
SHA,D,6,RES ELE,2011-12-08 00:00,2011-12-08 00:00,1014.06,,FEET
SHA,D,6,RES ELE,2011-12-09 00:00,2011-12-09 00:00,1014.02,,FEET
SHA,D,6,RES ELE,2011-12-10 00:00,2011-12-10 00:00,1014.02,,FEET
SHA,D,6,RES ELE,2011-12-11 00:00,2011-12-11 00:00,1014.01,,FEET
SHA,D,6,RES ELE,2011-12-12 00:00,2011-12-12 00:00,1014.00,,FEET
SHA,D,6,RES ELE,2011-12-13 00:00,2011-12-13 00:00,1013.94,,FEET
SHA,D,6,RES ELE,2011-12-14 00:00,2011-12-14 00:00,1013.82,,FEET
SHA,D,6,RES ELE,2011-12-15 00:00,2011-12-15 00:00,1013.73,,FEET
SHA,D,6,RES ELE,2011-12-16 00:00,2011-12-16 00:00,1013.61,,FEET
SHA,D,6,RES ELE,2011-12-17 00:00,2011-12-17 00:00,1013.50,,FEET
SHA,D,6,RES ELE,2011-12-18 00:00,2011-12-18 00:00,1013.37,,FEET
SHA,D,6,RES ELE,2011-12-19 00:00,2011-12-19 00:00,1013.21,,FEET
SHA,D,6,RES ELE,2011-12-20 00:00,2011-12-20 00:00,1013.28,,FEET
SHA,D,6,RES ELE,2011-12-21 00:00,2011-12-21 00:00,1013.41,,FEET
SHA,D,6,RES ELE,2011-12-22 00:00,2011-12-22 00:00,1013.16,,FEET
SHA,D,6,RES ELE,2011-12-23 00:00,2011-12-23 00:00,1012.94,,FEET
SHA,D,6,RES ELE,2011-12-24 00:00,2011-12-24 00:00,1012.72,,FEET
SHA,D,6,RES ELE,2011-12-25 00:00,2011-12-25 00:00,1012.59,,FEET
SHA,D,6,RES ELE,2011-12-26 00:00,2011-12-26 00:00,1012.46,,FEET
SHA,D,6,RES ELE,2011-12-27 00:00,2011-12-27 00:00,1012.46,,FEET
SHA,D,6,RES ELE,2011-12-28 00:00,2011-12-28 00:00,1012.42,,FEET
SHA,D,6,RES ELE,2011-12-29 00:00,2011-12-29 00:00,1012.20,,FEET
SHA,D,6,RES ELE,2011-12-30 00:00,2011-12-30 00:00,1012.10,,FEET
SHA,D,6,RES ELE,2011-12-31 00:00,2011-12-31 00:00,1011.86,,FEET
SHA,D,6,RES ELE,2012-01-01 00:00,2012-01-01 00:00,1011.66,,FEET
SHA,D,6,RES ELE,2012-01-02 00:00,2012-01-02 00:00,1011.52,,FEET
SHA,D,6,RES ELE,2012-01-03 00:00,2012-01-03 00:00,1011.22,,FEET
SHA,D,6,RES ELE,2012-01-04 00:00,2012-01-04 00:00,1011.07,,FEET
SHA,D,6,RES ELE,2012-01-05 00:00,2012-01-05 00:00,1010.91,,FEET
SHA,D,6,RES ELE,2012-01-06 00:00,2012-01-06 00:00,1010.74,,FEET
SHA,D,6,RES ELE,2012-01-07 00:00,2012-01-07 00:00,1010.62,,FEET
SHA,D,6,RES ELE,2012-01-08 00:00,2012-01-08 00:00,1010.57,,FEET
SHA,D,6,RES ELE,2012-01-09 00:00,2012-01-09 00:00,1010.40,,FEET
SHA,D,6,RES ELE,2012-01-10 00:00,2012-01-10 00:00,1010.31,,FEET
SHA,D,6,RES ELE,2012-01-11 00:00,2012-01-11 00:00,1010.15,,FEET
SHA,D,6,RES ELE,2012-01-12 00:00,2012-01-12 00:00,1010.04,,FEET
SHA,D,6,RES ELE,2012-01-13 00:00,2012-01-13 00:00,1009.96,,FEET
SHA,D,6,RES ELE,2012-01-14 00:00,2012-01-14 00:00,1009.92,,FEET
SHA,D,6,RES ELE,2012-01-15 00:00,2012-01-15 00:00,1009.86,,FEET
SHA,D,6,RES ELE,2012-01-16 00:00,2012-01-16 00:00,1009.79,,FEET
SHA,D,6,RES ELE,2012-01-17 00:00,2012-01-17 00:00,1009.70,,FEET
SHA,D,6,RES ELE,2012-01-18 00:00,2012-01-18 00:00,1009.72,,FEET
SHA,D,6,RES ELE,2012-01-19 00:00,2012-01-19 00:00,1009.92,,FEET
SHA,D,6,RES ELE,2012-01-20 00:00,2012-01-20 00:00,1010.43,,FEET
SHA,D,6,RES ELE,2012-01-21 00:00,2012-01-21 00:00,1010.76,,FEET
SHA,D,6,RES ELE,2012-01-22 00:00,2012-01-22 00:00,1011.16,,FEET
SHA,D,6,RES ELE,2012-01-23 00:00,2012-01-23 00:00,1011.58,,FEET
SHA,D,6,RES ELE,2012-01-24 00:00,2012-01-24 00:00,1011.85,,FEET
SHA,D,6,RES ELE,2012-01-25 00:00,2012-01-25 00:00,1011.96,,FEET
SHA,D,6,RES ELE,2012-01-26 00:00,2012-01-26 00:00,1012.13,,FEET
SHA,D,6,RES ELE,2012-01-27 00:00,2012-01-27 00:00,1012.26,,FEET
SHA,D,6,RES ELE,2012-01-28 00:00,2012-01-28 00:00,1012.27,,FEET
SHA,D,6,RES ELE,2012-01-29 00:00,2012-01-29 00:00,1012.33,,FEET
SHA,D,6,RES ELE,2012-01-30 00:00,2012-01-30 00:00,1012.35,,FEET
SHA,D,6,RES ELE,2012-01-31 00:00,2012-01-31 00:00,1012.41,,FEET
SHA,D,6,RES ELE,2012-02-01 00:00,2012-02-01 00:00,1012.47,,FEET
SHA,D,6,RES ELE,2012-02-02 00:00,2012-02-02 00:00,1012.54,,FEET
SHA,D,6,RES ELE,2012-02-03 00:00,2012-02-03 00:00,1012.61,,FEET
SHA,D,6,RES ELE,2012-02-04 00:00,2012-02-04 00:00,1012.66,,FEET
SHA,D,6,RES ELE,2012-02-05 00:00,2012-02-05 00:00,1012.72,,FEET
SHA,D,6,RES ELE,2012-02-06 00:00,2012-02-06 00:00,1012.79,,FEET
SHA,D,6,RES ELE,2012-02-07 00:00,2012-02-07 00:00,1012.93,,FEET
SHA,D,6,RES ELE,2012-02-08 00:00,2012-02-08 00:00,1013.06,,FEET
SHA,D,6,RES ELE,2012-02-09 00:00,2012-02-09 00:00,1013.16,,FEET
SHA,D,6,RES ELE,2012-02-10 00:00,2012-02-10 00:00,1013.19,,FEET
SHA,D,6,RES ELE,2012-02-11 00:00,2012-02-11 00:00,1013.38,,FEET
SHA,D,6,RES ELE,2012-02-12 00:00,2012-02-12 00:00,1013.57,,FEET
SHA,D,6,RES ELE,2012-02-13 00:00,2012-02-13 00:00,1013.76,,FEET
SHA,D,6,RES ELE,2012-02-14 00:00,2012-02-14 00:00,1013.87,,FEET
SHA,D,6,RES ELE,2012-02-15 00:00,2012-02-15 00:00,1013.95,,FEET
SHA,D,6,RES ELE,2012-02-16 00:00,2012-02-16 00:00,1014.06,,FEET
SHA,D,6,RES ELE,2012-02-17 00:00,2012-02-17 00:00,1014.20,,FEET
SHA,D,6,RES ELE,2012-02-18 00:00,2012-02-18 00:00,1014.34,,FEET
SHA,D,6,RES ELE,2012-02-19 00:00,2012-02-19 00:00,1014.41,,FEET
SHA,D,6,RES ELE,2012-02-20 00:00,2012-02-20 00:00,1014.52,,FEET
SHA,D,6,RES ELE,2012-02-21 00:00,2012-02-21 00:00,1014.58,,FEET
SHA,D,6,RES ELE,2012-02-22 00:00,2012-02-22 00:00,1014.61,,FEET
SHA,D,6,RES ELE,2012-02-23 00:00,2012-02-23 00:00,1014.58,,FEET
SHA,D,6,RES ELE,2012-02-24 00:00,2012-02-24 00:00,1014.63,,FEET
SHA,D,6,RES ELE,2012-02-25 00:00,2012-02-25 00:00,1014.65,,FEET
SHA,D,6,RES ELE,2012-02-26 00:00,2012-02-26 00:00,1014.69,,FEET
SHA,D,6,RES ELE,2012-02-27 00:00,2012-02-27 00:00,1014.76,,FEET
SHA,D,6,RES ELE,2012-02-28 00:00,2012-02-28 00:00,1014.76,,FEET
SHA,D,6,RES ELE,2012-02-29 00:00,2012-02-29 00:00,1015.06,,FEET
SHA,D,6,RES ELE,2012-03-01 00:00,2012-03-01 00:00,1015.11,,FEET
SHA,D,6,RES ELE,2012-03-02 00:00,2012-03-02 00:00,1015.14,,FEET
SHA,D,6,RES ELE,2012-03-03 00:00,2012-03-03 00:00,1015.27,,FEET
SHA,D,6,RES ELE,2012-03-04 00:00,2012-03-04 00:00,1015.43,,FEET
SHA,D,6,RES ELE,2012-03-05 00:00,2012-03-05 00:00,1015.54,,FEET
SHA,D,6,RES ELE,2012-03-06 00:00,2012-03-06 00:00,1015.62,,FEET
SHA,D,6,RES ELE,2012-03-07 00:00,2012-03-07 00:00,1015.68,,FEET
SHA,D,6,RES ELE,2012-03-08 00:00,2012-03-08 00:00,1015.74,,FEET
SHA,D,6,RES ELE,2012-03-09 00:00,2012-03-09 00:00,1015.78,,FEET
SHA,D,6,RES ELE,2012-03-10 00:00,2012-03-10 00:00,1015.86,,FEET
SHA,D,6,RES ELE,2012-03-11 00:00,2012-03-11 00:00,1015.98,,FEET
SHA,D,6,RES ELE,2012-03-12 00:00,2012-03-12 00:00,1016.11,,FEET
SHA,D,6,RES ELE,2012-03-13 00:00,2012-03-13 00:00,1016.79,,FEET
SHA,D,6,RES ELE,2012-03-14 00:00,2012-03-14 00:00,1017.98,,FEET
SHA,D,6,RES ELE,2012-03-15 00:00,2012-03-15 00:00,1020.21,,FEET
SHA,D,6,RES ELE,2012-03-16 00:00,2012-03-16 00:00,1023.39,,FEET
SHA,D,6,RES ELE,2012-03-17 00:00,2012-03-17 00:00,1025.59,,FEET
SHA,D,6,RES ELE,2012-03-18 00:00,2012-03-18 00:00,1026.88,,FEET
SHA,D,6,RES ELE,2012-03-19 00:00,2012-03-19 00:00,1027.75,,FEET
SHA,D,6,RES ELE,2012-03-20 00:00,2012-03-20 00:00,1028.36,,FEET
SHA,D,6,RES ELE,2012-03-21 00:00,2012-03-21 00:00,1028.90,,FEET
SHA,D,6,RES ELE,2012-03-22 00:00,2012-03-22 00:00,1029.48,,FEET
SHA,D,6,RES ELE,2012-03-23 00:00,2012-03-23 00:00,1030.11,,FEET
SHA,D,6,RES ELE,2012-03-24 00:00,2012-03-24 00:00,1030.65,,FEET
SHA,D,6,RES ELE,2012-03-25 00:00,2012-03-25 00:00,1031.32,,FEET
SHA,D,6,RES ELE,2012-03-26 00:00,2012-03-26 00:00,1031.80,,FEET
SHA,D,6,RES ELE,2012-03-27 00:00,2012-03-27 00:00,1033.34,,FEET
SHA,D,6,RES ELE,2012-03-28 00:00,2012-03-28 00:00,1035.62,,FEET
SHA,D,6,RES ELE,2012-03-29 00:00,2012-03-29 00:00,1037.17,,FEET
SHA,D,6,RES ELE,2012-03-30 00:00,2012-03-30 00:00,1039.55,,FEET
SHA,D,6,RES ELE,2012-03-31 00:00,2012-03-31 00:00,1042.29,,FEET
SHA,D,6,RES ELE,2012-04-01 00:00,2012-04-01 00:00,1044.30,,FEET
SHA,D,6,RES ELE,2012-04-02 00:00,2012-04-02 00:00,1045.70,,FEET
SHA,D,6,RES ELE,2012-04-03 00:00,2012-04-03 00:00,1046.84,,FEET
SHA,D,6,RES ELE,2012-04-04 00:00,2012-04-04 00:00,1047.76,,FEET
SHA,D,6,RES ELE,2012-04-05 00:00,2012-04-05 00:00,1048.53,,FEET
SHA,D,6,RES ELE,2012-04-06 00:00,2012-04-06 00:00,1049.28,,FEET
SHA,D,6,RES ELE,2012-04-07 00:00,2012-04-07 00:00,1049.84,,FEET
SHA,D,6,RES ELE,2012-04-08 00:00,2012-04-08 00:00,1050.42,,FEET
SHA,D,6,RES ELE,2012-04-09 00:00,2012-04-09 00:00,1051.11,,FEET
SHA,D,6,RES ELE,2012-04-10 00:00,2012-04-10 00:00,1051.70,,FEET
SHA,D,6,RES ELE,2012-04-11 00:00,2012-04-11 00:00,1052.42,,FEET
SHA,D,6,RES ELE,2012-04-12 00:00,2012-04-12 00:00,1053.24,,FEET
SHA,D,6,RES ELE,2012-04-13 00:00,2012-04-13 00:00,1054.53,,FEET
SHA,D,6,RES ELE,2012-04-14 00:00,2012-04-14 00:00,1055.58,,FEET
SHA,D,6,RES ELE,2012-04-15 00:00,2012-04-15 00:00,1056.48,,FEET
SHA,D,6,RES ELE,2012-04-16 00:00,2012-04-16 00:00,1057.15,,FEET
SHA,D,6,RES ELE,2012-04-17 00:00,2012-04-17 00:00,1057.79,,FEET
SHA,D,6,RES ELE,2012-04-18 00:00,2012-04-18 00:00,1058.28,,FEET
SHA,D,6,RES ELE,2012-04-19 00:00,2012-04-19 00:00,1058.67,,FEET
SHA,D,6,RES ELE,2012-04-20 00:00,2012-04-20 00:00,1059.13,,FEET
SHA,D,6,RES ELE,2012-04-21 00:00,2012-04-21 00:00,1059.60,,FEET
SHA,D,6,RES ELE,2012-04-22 00:00,2012-04-22 00:00,1060.05,,FEET
SHA,D,6,RES ELE,2012-04-23 00:00,2012-04-23 00:00,1060.46,,FEET
SHA,D,6,RES ELE,2012-04-24 00:00,2012-04-24 00:00,1060.85,,FEET
SHA,D,6,RES ELE,2012-04-25 00:00,2012-04-25 00:00,1061.32,,FEET
SHA,D,6,RES ELE,2012-04-26 00:00,2012-04-26 00:00,1061.81,,FEET
SHA,D,6,RES ELE,2012-04-27 00:00,2012-04-27 00:00,1062.17,,FEET
SHA,D,6,RES ELE,2012-04-28 00:00,2012-04-28 00:00,1062.55,,FEET
SHA,D,6,RES ELE,2012-04-29 00:00,2012-04-29 00:00,1062.94,,FEET
SHA,D,6,RES ELE,2012-04-30 00:00,2012-04-30 00:00,1063.21,,FEET
SHA,D,6,RES ELE,2012-05-01 00:00,2012-05-01 00:00,1063.47,,FEET
SHA,D,6,RES ELE,2012-05-02 00:00,2012-05-02 00:00,1063.70,,FEET
SHA,D,6,RES ELE,2012-05-03 00:00,2012-05-03 00:00,1063.99,,FEET
SHA,D,6,RES ELE,2012-05-04 00:00,2012-05-04 00:00,1064.14,,FEET
SHA,D,6,RES ELE,2012-05-05 00:00,2012-05-05 00:00,1064.34,,FEET
SHA,D,6,RES ELE,2012-05-06 00:00,2012-05-06 00:00,1064.55,,FEET
SHA,D,6,RES ELE,2012-05-07 00:00,2012-05-07 00:00,1064.67,,FEET
SHA,D,6,RES ELE,2012-05-08 00:00,2012-05-08 00:00,1064.54,,FEET
SHA,D,6,RES ELE,2012-05-09 00:00,2012-05-09 00:00,1064.39,,FEET
SHA,D,6,RES ELE,2012-05-10 00:00,2012-05-10 00:00,1064.29,,FEET
SHA,D,6,RES ELE,2012-05-11 00:00,2012-05-11 00:00,1064.15,,FEET
SHA,D,6,RES ELE,2012-05-12 00:00,2012-05-12 00:00,1063.99,,FEET
SHA,D,6,RES ELE,2012-05-13 00:00,2012-05-13 00:00,1063.81,,FEET
SHA,D,6,RES ELE,2012-05-14 00:00,2012-05-14 00:00,1063.71,,FEET
SHA,D,6,RES ELE,2012-05-15 00:00,2012-05-15 00:00,1063.58,,FEET
SHA,D,6,RES ELE,2012-05-16 00:00,2012-05-16 00:00,1063.41,,FEET
SHA,D,6,RES ELE,2012-05-17 00:00,2012-05-17 00:00,1063.08,,FEET
SHA,D,6,RES ELE,2012-05-18 00:00,2012-05-18 00:00,1062.84,,FEET
SHA,D,6,RES ELE,2012-05-19 00:00,2012-05-19 00:00,1062.51,,FEET
SHA,D,6,RES ELE,2012-05-20 00:00,2012-05-20 00:00,1062.19,,FEET
SHA,D,6,RES ELE,2012-05-21 00:00,2012-05-21 00:00,1061.94,,FEET
SHA,D,6,RES ELE,2012-05-22 00:00,2012-05-22 00:00,1061.62,,FEET
SHA,D,6,RES ELE,2012-05-23 00:00,2012-05-23 00:00,1061.35,,FEET
SHA,D,6,RES ELE,2012-05-24 00:00,2012-05-24 00:00,1060.90,,FEET
SHA,D,6,RES ELE,2012-05-25 00:00,2012-05-25 00:00,1060.49,,FEET
SHA,D,6,RES ELE,2012-05-26 00:00,2012-05-26 00:00,1060.10,,FEET
SHA,D,6,RES ELE,2012-05-27 00:00,2012-05-27 00:00,1059.70,,FEET
SHA,D,6,RES ELE,2012-05-28 00:00,2012-05-28 00:00,1059.33,,FEET
SHA,D,6,RES ELE,2012-05-29 00:00,2012-05-29 00:00,1059.02,,FEET
SHA,D,6,RES ELE,2012-05-30 00:00,2012-05-30 00:00,1058.71,,FEET
SHA,D,6,RES ELE,2012-05-31 00:00,2012-05-31 00:00,1058.36,,FEET
SHA,D,6,RES ELE,2012-06-01 00:00,2012-06-01 00:00,1058.03,,FEET
SHA,D,6,RES ELE,2012-06-02 00:00,2012-06-02 00:00,1057.66,,FEET
SHA,D,6,RES ELE,2012-06-03 00:00,2012-06-03 00:00,1057.21,,FEET
SHA,D,6,RES ELE,2012-06-04 00:00,2012-06-04 00:00,1056.87,,FEET
SHA,D,6,RES ELE,2012-06-05 00:00,2012-06-05 00:00,1056.59,,FEET
SHA,D,6,RES ELE,2012-06-06 00:00,2012-06-06 00:00,1056.29,,FEET
SHA,D,6,RES ELE,2012-06-07 00:00,2012-06-07 00:00,1056.12,,FEET
SHA,D,6,RES ELE,2012-06-08 00:00,2012-06-08 00:00,1055.64,,FEET
SHA,D,6,RES ELE,2012-06-09 00:00,2012-06-09 00:00,1055.20,,FEET
SHA,D,6,RES ELE,2012-06-10 00:00,2012-06-10 00:00,1054.76,,FEET
SHA,D,6,RES ELE,2012-06-11 00:00,2012-06-11 00:00,1054.42,,FEET
SHA,D,6,RES ELE,2012-06-12 00:00,2012-06-12 00:00,1054.06,,FEET
SHA,D,6,RES ELE,2012-06-13 00:00,2012-06-13 00:00,1053.53,,FEET
SHA,D,6,RES ELE,2012-06-14 00:00,2012-06-14 00:00,1053.06,,FEET
SHA,D,6,RES ELE,2012-06-15 00:00,2012-06-15 00:00,1052.54,,FEET
SHA,D,6,RES ELE,2012-06-16 00:00,2012-06-16 00:00,1051.98,,FEET
SHA,D,6,RES ELE,2012-06-17 00:00,2012-06-17 00:00,1051.41,,FEET
SHA,D,6,RES ELE,2012-06-18 00:00,2012-06-18 00:00,1050.89,,FEET
SHA,D,6,RES ELE,2012-06-19 00:00,2012-06-19 00:00,1050.38,,FEET
SHA,D,6,RES ELE,2012-06-20 00:00,2012-06-20 00:00,1049.87,,FEET
SHA,D,6,RES ELE,2012-06-21 00:00,2012-06-21 00:00,1049.30,,FEET
SHA,D,6,RES ELE,2012-06-22 00:00,2012-06-22 00:00,1048.80,,FEET
SHA,D,6,RES ELE,2012-06-23 00:00,2012-06-23 00:00,1048.20,,FEET
SHA,D,6,RES ELE,2012-06-24 00:00,2012-06-24 00:00,1047.48,,FEET
SHA,D,6,RES ELE,2012-06-25 00:00,2012-06-25 00:00,1046.79,,FEET
SHA,D,6,RES ELE,2012-06-26 00:00,2012-06-26 00:00,1046.10,,FEET
SHA,D,6,RES ELE,2012-06-27 00:00,2012-06-27 00:00,1045.44,,FEET
SHA,D,6,RES ELE,2012-06-28 00:00,2012-06-28 00:00,1044.76,,FEET
SHA,D,6,RES ELE,2012-06-29 00:00,2012-06-29 00:00,1044.04,,FEET
SHA,D,6,RES ELE,2012-06-30 00:00,2012-06-30 00:00,1043.31,,FEET
SHA,D,6,RES ELE,2012-07-01 00:00,2012-07-01 00:00,1042.58,,FEET
SHA,D,6,RES ELE,2012-07-02 00:00,2012-07-02 00:00,1041.90,,FEET
SHA,D,6,RES ELE,2012-07-03 00:00,2012-07-03 00:00,1041.21,,FEET
SHA,D,6,RES ELE,2012-07-04 00:00,2012-07-04 00:00,1040.45,,FEET
SHA,D,6,RES ELE,2012-07-05 00:00,2012-07-05 00:00,1039.72,,FEET
SHA,D,6,RES ELE,2012-07-06 00:00,2012-07-06 00:00,1038.97,,FEET
SHA,D,6,RES ELE,2012-07-07 00:00,2012-07-07 00:00,1038.23,,FEET
SHA,D,6,RES ELE,2012-07-08 00:00,2012-07-08 00:00,1037.48,,FEET
SHA,D,6,RES ELE,2012-07-09 00:00,2012-07-09 00:00,1036.78,,FEET
SHA,D,6,RES ELE,2012-07-10 00:00,2012-07-10 00:00,1036.06,,FEET
SHA,D,6,RES ELE,2012-07-11 00:00,2012-07-11 00:00,1035.34,,FEET
SHA,D,6,RES ELE,2012-07-12 00:00,2012-07-12 00:00,1034.60,,FEET
SHA,D,6,RES ELE,2012-07-13 00:00,2012-07-13 00:00,1033.79,,FEET
SHA,D,6,RES ELE,2012-07-14 00:00,2012-07-14 00:00,1033.03,,FEET
SHA,D,6,RES ELE,2012-07-15 00:00,2012-07-15 00:00,1032.18,,FEET
SHA,D,6,RES ELE,2012-07-16 00:00,2012-07-16 00:00,1031.32,,FEET
SHA,D,6,RES ELE,2012-07-17 00:00,2012-07-17 00:00,1030.50,,FEET
SHA,D,6,RES ELE,2012-07-18 00:00,2012-07-18 00:00,1029.69,,FEET
SHA,D,6,RES ELE,2012-07-19 00:00,2012-07-19 00:00,1029.01,,FEET
SHA,D,6,RES ELE,2012-07-20 00:00,2012-07-20 00:00,1028.23,,FEET
SHA,D,6,RES ELE,2012-07-21 00:00,2012-07-21 00:00,1027.40,,FEET
SHA,D,6,RES ELE,2012-07-22 00:00,2012-07-22 00:00,1026.57,,FEET
SHA,D,6,RES ELE,2012-07-23 00:00,2012-07-23 00:00,1025.84,,FEET
SHA,D,6,RES ELE,2012-07-24 00:00,2012-07-24 00:00,1025.06,,FEET
SHA,D,6,RES ELE,2012-07-25 00:00,2012-07-25 00:00,1024.24,,FEET
SHA,D,6,RES ELE,2012-07-26 00:00,2012-07-26 00:00,1023.45,,FEET
SHA,D,6,RES ELE,2012-07-27 00:00,2012-07-27 00:00,1022.64,,FEET
SHA,D,6,RES ELE,2012-07-28 00:00,2012-07-28 00:00,1021.78,,FEET
SHA,D,6,RES ELE,2012-07-29 00:00,2012-07-29 00:00,1020.91,,FEET
SHA,D,6,RES ELE,2012-07-30 00:00,2012-07-30 00:00,1020.10,,FEET
SHA,D,6,RES ELE,2012-07-31 00:00,2012-07-31 00:00,1019.34,,FEET
SHA,D,6,RES ELE,2012-08-01 00:00,2012-08-01 00:00,1018.68,,FEET
SHA,D,6,RES ELE,2012-08-02 00:00,2012-08-02 00:00,1017.80,,FEET
SHA,D,6,RES ELE,2012-08-03 00:00,2012-08-03 00:00,1016.85,,FEET
SHA,D,6,RES ELE,2012-08-04 00:00,2012-08-04 00:00,1015.99,,FEET
SHA,D,6,RES ELE,2012-08-05 00:00,2012-08-05 00:00,1015.12,,FEET
SHA,D,6,RES ELE,2012-08-06 00:00,2012-08-06 00:00,1014.27,,FEET
SHA,D,6,RES ELE,2012-08-07 00:00,2012-08-07 00:00,1013.42,,FEET
SHA,D,6,RES ELE,2012-08-08 00:00,2012-08-08 00:00,1012.43,,FEET
SHA,D,6,RES ELE,2012-08-09 00:00,2012-08-09 00:00,1011.65,,FEET
SHA,D,6,RES ELE,2012-08-10 00:00,2012-08-10 00:00,1010.86,,FEET
SHA,D,6,RES ELE,2012-08-11 00:00,2012-08-11 00:00,1010.10,,FEET
SHA,D,6,RES ELE,2012-08-12 00:00,2012-08-12 00:00,1009.43,,FEET
SHA,D,6,RES ELE,2012-08-13 00:00,2012-08-13 00:00,1008.71,,FEET
SHA,D,6,RES ELE,2012-08-14 00:00,2012-08-14 00:00,1008.08,,FEET
SHA,D,6,RES ELE,2012-08-15 00:00,2012-08-15 00:00,1007.55,,FEET
SHA,D,6,RES ELE,2012-08-16 00:00,2012-08-16 00:00,1006.97,,FEET
SHA,D,6,RES ELE,2012-08-17 00:00,2012-08-17 00:00,1006.40,,FEET
SHA,D,6,RES ELE,2012-08-18 00:00,2012-08-18 00:00,1005.77,,FEET
SHA,D,6,RES ELE,2012-08-19 00:00,2012-08-19 00:00,1005.12,,FEET
SHA,D,6,RES ELE,2012-08-20 00:00,2012-08-20 00:00,1004.48,,FEET
SHA,D,6,RES ELE,2012-08-21 00:00,2012-08-21 00:00,1003.86,,FEET
SHA,D,6,RES ELE,2012-08-22 00:00,2012-08-22 00:00,1003.26,,FEET
SHA,D,6,RES ELE,2012-08-23 00:00,2012-08-23 00:00,1002.74,,FEET
SHA,D,6,RES ELE,2012-08-24 00:00,2012-08-24 00:00,1002.18,,FEET
SHA,D,6,RES ELE,2012-08-25 00:00,2012-08-25 00:00,1001.58,,FEET
SHA,D,6,RES ELE,2012-08-26 00:00,2012-08-26 00:00,1000.97,,FEET
SHA,D,6,RES ELE,2012-08-27 00:00,2012-08-27 00:00,1000.41,,FEET
SHA,D,6,RES ELE,2012-08-28 00:00,2012-08-28 00:00,999.98,,FEET
SHA,D,6,RES ELE,2012-08-29 00:00,2012-08-29 00:00,999.46,,FEET
SHA,D,6,RES ELE,2012-08-30 00:00,2012-08-30 00:00,998.93,,FEET
SHA,D,6,RES ELE,2012-08-31 00:00,2012-08-31 00:00,998.43,,FEET
SHA,D,6,RES ELE,2012-09-01 00:00,2012-09-01 00:00,997.94,,FEET
SHA,D,6,RES ELE,2012-09-02 00:00,2012-09-02 00:00,997.42,,FEET
SHA,D,6,RES ELE,2012-09-03 00:00,2012-09-03 00:00,996.86,,FEET
SHA,D,6,RES ELE,2012-09-04 00:00,2012-09-04 00:00,996.33,,FEET
SHA,D,6,RES ELE,2012-09-05 00:00,2012-09-05 00:00,995.73,,FEET
SHA,D,6,RES ELE,2012-09-06 00:00,2012-09-06 00:00,995.33,,FEET
SHA,D,6,RES ELE,2012-09-07 00:00,2012-09-07 00:00,994.98,,FEET
SHA,D,6,RES ELE,2012-09-08 00:00,2012-09-08 00:00,994.59,,FEET
SHA,D,6,RES ELE,2012-09-09 00:00,2012-09-09 00:00,994.21,,FEET
SHA,D,6,RES ELE,2012-09-10 00:00,2012-09-10 00:00,993.78,,FEET
SHA,D,6,RES ELE,2012-09-11 00:00,2012-09-11 00:00,993.36,,FEET
SHA,D,6,RES ELE,2012-09-12 00:00,2012-09-12 00:00,993.11,,FEET
SHA,D,6,RES ELE,2012-09-13 00:00,2012-09-13 00:00,992.85,,FEET
SHA,D,6,RES ELE,2012-09-14 00:00,2012-09-14 00:00,992.56,,FEET
SHA,D,6,RES ELE,2012-09-15 00:00,2012-09-15 00:00,992.27,,FEET
SHA,D,6,RES ELE,2012-09-16 00:00,2012-09-16 00:00,991.98,,FEET
SHA,D,6,RES ELE,2012-09-17 00:00,2012-09-17 00:00,991.67,,FEET
SHA,D,6,RES ELE,2012-09-18 00:00,2012-09-18 00:00,991.50,,FEET
SHA,D,6,RES ELE,2012-09-19 00:00,2012-09-19 00:00,991.20,,FEET
SHA,D,6,RES ELE,2012-09-20 00:00,2012-09-20 00:00,990.88,,FEET
SHA,D,6,RES ELE,2012-09-21 00:00,2012-09-21 00:00,990.67,,FEET
SHA,D,6,RES ELE,2012-09-22 00:00,2012-09-22 00:00,990.44,,FEET
SHA,D,6,RES ELE,2012-09-23 00:00,2012-09-23 00:00,990.28,,FEET
SHA,D,6,RES ELE,2012-09-24 00:00,2012-09-24 00:00,990.12,,FEET
SHA,D,6,RES ELE,2012-09-25 00:00,2012-09-25 00:00,989.77,,FEET
SHA,D,6,RES ELE,2012-09-26 00:00,2012-09-26 00:00,989.51,,FEET
SHA,D,6,RES ELE,2012-09-27 00:00,2012-09-27 00:00,989.38,,FEET
SHA,D,6,RES ELE,2012-09-28 00:00,2012-09-28 00:00,989.22,,FEET
SHA,D,6,RES ELE,2012-09-29 00:00,2012-09-29 00:00,989.01,,FEET
SHA,D,6,RES ELE,2012-09-30 00:00,2012-09-30 00:00,988.78,,FEET
SHA,D,6,RES ELE,2012-10-01 00:00,2012-10-01 00:00,988.64,,FEET
SHA,D,6,RES ELE,2012-10-02 00:00,2012-10-02 00:00,988.38,,FEET
SHA,D,6,RES ELE,2012-10-03 00:00,2012-10-03 00:00,988.13,,FEET
SHA,D,6,RES ELE,2012-10-04 00:00,2012-10-04 00:00,987.94,,FEET
SHA,D,6,RES ELE,2012-10-05 00:00,2012-10-05 00:00,987.79,,FEET
SHA,D,6,RES ELE,2012-10-06 00:00,2012-10-06 00:00,987.53,,FEET
SHA,D,6,RES ELE,2012-10-07 00:00,2012-10-07 00:00,987.35,,FEET
SHA,D,6,RES ELE,2012-10-08 00:00,2012-10-08 00:00,987.16,,FEET
SHA,D,6,RES ELE,2012-10-09 00:00,2012-10-09 00:00,986.95,,FEET
SHA,D,6,RES ELE,2012-10-10 00:00,2012-10-10 00:00,986.69,,FEET
SHA,D,6,RES ELE,2012-10-11 00:00,2012-10-11 00:00,986.46,,FEET
SHA,D,6,RES ELE,2012-10-12 00:00,2012-10-12 00:00,986.29,,FEET
SHA,D,6,RES ELE,2012-10-13 00:00,2012-10-13 00:00,986.11,,FEET
SHA,D,6,RES ELE,2012-10-14 00:00,2012-10-14 00:00,985.93,,FEET
SHA,D,6,RES ELE,2012-10-15 00:00,2012-10-15 00:00,985.74,,FEET
SHA,D,6,RES ELE,2012-10-16 00:00,2012-10-16 00:00,985.54,,FEET
SHA,D,6,RES ELE,2012-10-17 00:00,2012-10-17 00:00,985.33,,FEET
SHA,D,6,RES ELE,2012-10-18 00:00,2012-10-18 00:00,985.10,,FEET
SHA,D,6,RES ELE,2012-10-19 00:00,2012-10-19 00:00,984.86,,FEET
SHA,D,6,RES ELE,2012-10-20 00:00,2012-10-20 00:00,984.55,,FEET
SHA,D,6,RES ELE,2012-10-21 00:00,2012-10-21 00:00,984.26,,FEET
SHA,D,6,RES ELE,2012-10-22 00:00,2012-10-22 00:00,984.10,,FEET
SHA,D,6,RES ELE,2012-10-23 00:00,2012-10-23 00:00,983.92,,FEET
SHA,D,6,RES ELE,2012-10-24 00:00,2012-10-24 00:00,983.75,,FEET
SHA,D,6,RES ELE,2012-10-25 00:00,2012-10-25 00:00,983.64,,FEET
SHA,D,6,RES ELE,2012-10-26 00:00,2012-10-26 00:00,983.45,,FEET
SHA,D,6,RES ELE,2012-10-27 00:00,2012-10-27 00:00,983.28,,FEET
SHA,D,6,RES ELE,2012-10-28 00:00,2012-10-28 00:00,983.14,,FEET
SHA,D,6,RES ELE,2012-10-29 00:00,2012-10-29 00:00,982.99,,FEET
SHA,D,6,RES ELE,2012-10-30 00:00,2012-10-30 00:00,982.78,,FEET
SHA,D,6,RES ELE,2012-10-31 00:00,2012-10-31 00:00,982.55,,FEET
SHA,D,6,RES ELE,2012-11-01 00:00,2012-11-01 00:00,982.34,,FEET
SHA,D,6,RES ELE,2012-11-02 00:00,2012-11-02 00:00,982.01,,FEET
SHA,D,6,RES ELE,2012-11-03 00:00,2012-11-03 00:00,981.76,,FEET
SHA,D,6,RES ELE,2012-11-04 00:00,2012-11-04 00:00,981.50,,FEET
SHA,D,6,RES ELE,2012-11-05 00:00,2012-11-05 00:00,981.17,,FEET
SHA,D,6,RES ELE,2012-11-06 00:00,2012-11-06 00:00,980.96,,FEET
SHA,D,6,RES ELE,2012-11-07 00:00,2012-11-07 00:00,980.94,,FEET
SHA,D,6,RES ELE,2012-11-08 00:00,2012-11-08 00:00,980.78,,FEET
SHA,D,6,RES ELE,2012-11-09 00:00,2012-11-09 00:00,980.60,,FEET
SHA,D,6,RES ELE,2012-11-10 00:00,2012-11-10 00:00,980.31,,FEET
SHA,D,6,RES ELE,2012-11-11 00:00,2012-11-11 00:00,980.08,,FEET
SHA,D,6,RES ELE,2012-11-12 00:00,2012-11-12 00:00,979.92,,FEET
SHA,D,6,RES ELE,2012-11-13 00:00,2012-11-13 00:00,979.81,,FEET
SHA,D,6,RES ELE,2012-11-14 00:00,2012-11-14 00:00,979.63,,FEET
SHA,D,6,RES ELE,2012-11-15 00:00,2012-11-15 00:00,979.25,,FEET
SHA,D,6,RES ELE,2012-11-16 00:00,2012-11-16 00:00,978.90,,FEET
SHA,D,6,RES ELE,2012-11-17 00:00,2012-11-17 00:00,979.01,,FEET
SHA,D,6,RES ELE,2012-11-18 00:00,2012-11-18 00:00,978.81,,FEET
SHA,D,6,RES ELE,2012-11-19 00:00,2012-11-19 00:00,978.68,,FEET
SHA,D,6,RES ELE,2012-11-20 00:00,2012-11-20 00:00,979.82,,FEET
SHA,D,6,RES ELE,2012-11-21 00:00,2012-11-21 00:00,980.79,,FEET
SHA,D,6,RES ELE,2012-11-22 00:00,2012-11-22 00:00,981.02,,FEET
SHA,D,6,RES ELE,2012-11-23 00:00,2012-11-23 00:00,981.06,,FEET
SHA,D,6,RES ELE,2012-11-24 00:00,2012-11-24 00:00,981.20,,FEET
SHA,D,6,RES ELE,2012-11-25 00:00,2012-11-25 00:00,981.16,,FEET
SHA,D,6,RES ELE,2012-11-26 00:00,2012-11-26 00:00,981.19,,FEET
SHA,D,6,RES ELE,2012-11-27 00:00,2012-11-27 00:00,981.29,,FEET
SHA,D,6,RES ELE,2012-11-28 00:00,2012-11-28 00:00,981.70,,FEET
SHA,D,6,RES ELE,2012-11-29 00:00,2012-11-29 00:00,983.30,,FEET
SHA,D,6,RES ELE,2012-11-30 00:00,2012-11-30 00:00,987.44,,FEET
SHA,D,6,RES ELE,2012-12-01 00:00,2012-12-01 00:00,991.44,,FEET
SHA,D,6,RES ELE,2012-12-02 00:00,2012-12-02 00:00,998.35,,FEET
SHA,D,6,RES ELE,2012-12-03 00:00,2012-12-03 00:00,1000.87,,FEET
SHA,D,6,RES ELE,2012-12-04 00:00,2012-12-04 00:00,1002.50,,FEET
SHA,D,6,RES ELE,2012-12-05 00:00,2012-12-05 00:00,1004.30,,FEET
SHA,D,6,RES ELE,2012-12-06 00:00,2012-12-06 00:00,1005.60,,FEET
SHA,D,6,RES ELE,2012-12-07 00:00,2012-12-07 00:00,1006.78,,FEET
SHA,D,6,RES ELE,2012-12-08 00:00,2012-12-08 00:00,1007.75,,FEET
SHA,D,6,RES ELE,2012-12-09 00:00,2012-12-09 00:00,1008.41,,FEET
SHA,D,6,RES ELE,2012-12-10 00:00,2012-12-10 00:00,1008.84,,FEET
SHA,D,6,RES ELE,2012-12-11 00:00,2012-12-11 00:00,1009.24,,FEET
SHA,D,6,RES ELE,2012-12-12 00:00,2012-12-12 00:00,1009.54,,FEET
SHA,D,6,RES ELE,2012-12-13 00:00,2012-12-13 00:00,1009.88,,FEET
SHA,D,6,RES ELE,2012-12-14 00:00,2012-12-14 00:00,1010.03,,FEET
SHA,D,6,RES ELE,2012-12-15 00:00,2012-12-15 00:00,1010.17,,FEET
SHA,D,6,RES ELE,2012-12-16 00:00,2012-12-16 00:00,1010.29,,FEET
SHA,D,6,RES ELE,2012-12-17 00:00,2012-12-17 00:00,1010.64,,FEET
SHA,D,6,RES ELE,2012-12-18 00:00,2012-12-18 00:00,1011.04,,FEET
SHA,D,6,RES ELE,2012-12-19 00:00,2012-12-19 00:00,1011.45,,FEET
SHA,D,6,RES ELE,2012-12-20 00:00,2012-12-20 00:00,1011.94,,FEET
SHA,D,6,RES ELE,2012-12-21 00:00,2012-12-21 00:00,1012.71,,FEET
SHA,D,6,RES ELE,2012-12-22 00:00,2012-12-22 00:00,1013.88,,FEET
SHA,D,6,RES ELE,2012-12-23 00:00,2012-12-23 00:00,1016.07,,FEET
SHA,D,6,RES ELE,2012-12-24 00:00,2012-12-24 00:00,1017.49,,FEET
SHA,D,6,RES ELE,2012-12-25 00:00,2012-12-25 00:00,1018.51,,FEET
SHA,D,6,RES ELE,2012-12-26 00:00,2012-12-26 00:00,1019.40,,FEET
SHA,D,6,RES ELE,2012-12-27 00:00,2012-12-27 00:00,1019.84,,FEET
SHA,D,6,RES ELE,2012-12-28 00:00,2012-12-28 00:00,1020.26,,FEET
SHA,D,6,RES ELE,2012-12-29 00:00,2012-12-29 00:00,1020.54,,FEET
SHA,D,6,RES ELE,2012-12-30 00:00,2012-12-30 00:00,1020.85,,FEET
SHA,D,6,RES ELE,2012-12-31 00:00,2012-12-31 00:00,1021.29,,FEET
SHA,D,6,RES ELE,2013-01-01 00:00,2013-01-01 00:00,1021.65,,FEET
SHA,D,6,RES ELE,2013-01-02 00:00,2013-01-02 00:00,1021.99,,FEET
SHA,D,6,RES ELE,2013-01-03 00:00,2013-01-03 00:00,1022.63,,FEET
SHA,D,6,RES ELE,2013-01-04 00:00,2013-01-04 00:00,1022.94,,FEET
SHA,D,6,RES ELE,2013-01-05 00:00,2013-01-05 00:00,1023.19,,FEET
SHA,D,6,RES ELE,2013-01-06 00:00,2013-01-06 00:00,1023.44,,FEET
SHA,D,6,RES ELE,2013-01-07 00:00,2013-01-07 00:00,1023.53,,FEET
SHA,D,6,RES ELE,2013-01-08 00:00,2013-01-08 00:00,1023.67,,FEET
SHA,D,6,RES ELE,2013-01-09 00:00,2013-01-09 00:00,1023.94,,FEET
SHA,D,6,RES ELE,2013-01-10 00:00,2013-01-10 00:00,1023.99,,FEET
SHA,D,6,RES ELE,2013-01-11 00:00,2013-01-11 00:00,1024.40,,FEET
SHA,D,6,RES ELE,2013-01-12 00:00,2013-01-12 00:00,1024.66,,FEET
SHA,D,6,RES ELE,2013-01-13 00:00,2013-01-13 00:00,1025.00,,FEET
SHA,D,6,RES ELE,2013-01-14 00:00,2013-01-14 00:00,1025.09,,FEET
SHA,D,6,RES ELE,2013-01-15 00:00,2013-01-15 00:00,1025.29,,FEET
SHA,D,6,RES ELE,2013-01-16 00:00,2013-01-16 00:00,1025.34,,FEET
SHA,D,6,RES ELE,2013-01-17 00:00,2013-01-17 00:00,1025.34,,FEET
SHA,D,6,RES ELE,2013-01-18 00:00,2013-01-18 00:00,1025.34,,FEET
SHA,D,6,RES ELE,2013-01-19 00:00,2013-01-19 00:00,1025.36,,FEET
SHA,D,6,RES ELE,2013-01-20 00:00,2013-01-20 00:00,1025.43,,FEET
SHA,D,6,RES ELE,2013-01-21 00:00,2013-01-21 00:00,1025.55,,FEET
SHA,D,6,RES ELE,2013-01-22 00:00,2013-01-22 00:00,1025.61,,FEET
SHA,D,6,RES ELE,2013-01-23 00:00,2013-01-23 00:00,1025.80,,FEET
SHA,D,6,RES ELE,2013-01-24 00:00,2013-01-24 00:00,1026.00,,FEET
SHA,D,6,RES ELE,2013-01-25 00:00,2013-01-25 00:00,1026.19,,FEET
SHA,D,6,RES ELE,2013-01-26 00:00,2013-01-26 00:00,1026.49,,FEET
SHA,D,6,RES ELE,2013-01-27 00:00,2013-01-27 00:00,1026.79,,FEET
SHA,D,6,RES ELE,2013-01-28 00:00,2013-01-28 00:00,1026.97,,FEET
SHA,D,6,RES ELE,2013-01-29 00:00,2013-01-29 00:00,1027.17,,FEET
SHA,D,6,RES ELE,2013-01-30 00:00,2013-01-30 00:00,1027.39,,FEET
SHA,D,6,RES ELE,2013-01-31 00:00,2013-01-31 00:00,1027.62,,FEET
SHA,D,6,RES ELE,2013-02-01 00:00,2013-02-01 00:00,1027.82,,FEET
SHA,D,6,RES ELE,2013-02-02 00:00,2013-02-02 00:00,1028.11,,FEET
SHA,D,6,RES ELE,2013-02-03 00:00,2013-02-03 00:00,1028.40,,FEET
SHA,D,6,RES ELE,2013-02-04 00:00,2013-02-04 00:00,1028.55,,FEET
SHA,D,6,RES ELE,2013-02-05 00:00,2013-02-05 00:00,1028.76,,FEET
SHA,D,6,RES ELE,2013-02-06 00:00,2013-02-06 00:00,1028.85,,FEET
SHA,D,6,RES ELE,2013-02-07 00:00,2013-02-07 00:00,1029.10,,FEET
SHA,D,6,RES ELE,2013-02-08 00:00,2013-02-08 00:00,1029.35,,FEET
SHA,D,6,RES ELE,2013-02-09 00:00,2013-02-09 00:00,1029.58,,FEET
SHA,D,6,RES ELE,2013-02-10 00:00,2013-02-10 00:00,1029.91,,FEET
SHA,D,6,RES ELE,2013-02-11 00:00,2013-02-11 00:00,1030.20,,FEET
SHA,D,6,RES ELE,2013-02-12 00:00,2013-02-12 00:00,1030.29,,FEET
SHA,D,6,RES ELE,2013-02-13 00:00,2013-02-13 00:00,1030.50,,FEET
SHA,D,6,RES ELE,2013-02-14 00:00,2013-02-14 00:00,1030.67,,FEET
SHA,D,6,RES ELE,2013-02-15 00:00,2013-02-15 00:00,1030.74,,FEET
SHA,D,6,RES ELE,2013-02-16 00:00,2013-02-16 00:00,1030.96,,FEET
SHA,D,6,RES ELE,2013-02-17 00:00,2013-02-17 00:00,1031.11,,FEET
SHA,D,6,RES ELE,2013-02-18 00:00,2013-02-18 00:00,1031.23,,FEET
SHA,D,6,RES ELE,2013-02-19 00:00,2013-02-19 00:00,1031.48,,FEET
SHA,D,6,RES ELE,2013-02-20 00:00,2013-02-20 00:00,1031.62,,FEET
SHA,D,6,RES ELE,2013-02-21 00:00,2013-02-21 00:00,1031.80,,FEET
SHA,D,6,RES ELE,2013-02-22 00:00,2013-02-22 00:00,1032.01,,FEET
SHA,D,6,RES ELE,2013-02-23 00:00,2013-02-23 00:00,1032.19,,FEET
SHA,D,6,RES ELE,2013-02-24 00:00,2013-02-24 00:00,1032.43,,FEET
SHA,D,6,RES ELE,2013-02-25 00:00,2013-02-25 00:00,1032.52,,FEET
SHA,D,6,RES ELE,2013-02-26 00:00,2013-02-26 00:00,1032.77,,FEET
SHA,D,6,RES ELE,2013-02-27 00:00,2013-02-27 00:00,1032.91,,FEET
SHA,D,6,RES ELE,2013-02-28 00:00,2013-02-28 00:00,1033.03,,FEET
SHA,D,6,RES ELE,2013-03-01 00:00,2013-03-01 00:00,1033.19,,FEET
SHA,D,6,RES ELE,2013-03-02 00:00,2013-03-02 00:00,1033.39,,FEET
SHA,D,6,RES ELE,2013-03-03 00:00,2013-03-03 00:00,1033.58,,FEET
SHA,D,6,RES ELE,2013-03-04 00:00,2013-03-04 00:00,1033.75,,FEET
SHA,D,6,RES ELE,2013-03-05 00:00,2013-03-05 00:00,1033.92,,FEET
SHA,D,6,RES ELE,2013-03-06 00:00,2013-03-06 00:00,1034.31,,FEET
SHA,D,6,RES ELE,2013-03-07 00:00,2013-03-07 00:00,1034.61,,FEET
SHA,D,6,RES ELE,2013-03-08 00:00,2013-03-08 00:00,1034.84,,FEET
SHA,D,6,RES ELE,2013-03-09 00:00,2013-03-09 00:00,1035.08,,FEET
SHA,D,6,RES ELE,2013-03-10 00:00,2013-03-10 00:00,1035.23,,FEET
SHA,D,6,RES ELE,2013-03-11 00:00,2013-03-11 00:00,1035.35,,FEET
SHA,D,6,RES ELE,2013-03-12 00:00,2013-03-12 00:00,1035.40,,FEET
SHA,D,6,RES ELE,2013-03-13 00:00,2013-03-13 00:00,1035.44,,FEET
SHA,D,6,RES ELE,2013-03-14 00:00,2013-03-14 00:00,1035.62,,FEET
SHA,D,6,RES ELE,2013-03-15 00:00,2013-03-15 00:00,1035.77,,FEET
SHA,D,6,RES ELE,2013-03-16 00:00,2013-03-16 00:00,1035.89,,FEET
SHA,D,6,RES ELE,2013-03-17 00:00,2013-03-17 00:00,1036.13,,FEET
SHA,D,6,RES ELE,2013-03-18 00:00,2013-03-18 00:00,1036.26,,FEET
SHA,D,6,RES ELE,2013-03-19 00:00,2013-03-19 00:00,1036.32,,FEET
SHA,D,6,RES ELE,2013-03-20 00:00,2013-03-20 00:00,1036.78,,FEET
SHA,D,6,RES ELE,2013-03-21 00:00,2013-03-21 00:00,1037.02,,FEET
SHA,D,6,RES ELE,2013-03-22 00:00,2013-03-22 00:00,1037.36,,FEET
SHA,D,6,RES ELE,2013-03-23 00:00,2013-03-23 00:00,1037.71,,FEET
SHA,D,6,RES ELE,2013-03-24 00:00,2013-03-24 00:00,1037.98,,FEET
SHA,D,6,RES ELE,2013-03-25 00:00,2013-03-25 00:00,1038.14,,FEET
SHA,D,6,RES ELE,2013-03-26 00:00,2013-03-26 00:00,1038.32,,FEET
SHA,D,6,RES ELE,2013-03-27 00:00,2013-03-27 00:00,1038.50,,FEET
SHA,D,6,RES ELE,2013-03-28 00:00,2013-03-28 00:00,1038.64,,FEET
SHA,D,6,RES ELE,2013-03-29 00:00,2013-03-29 00:00,1038.69,,FEET
SHA,D,6,RES ELE,2013-03-30 00:00,2013-03-30 00:00,1038.82,,FEET
SHA,D,6,RES ELE,2013-03-31 00:00,2013-03-31 00:00,1039.19,,FEET
SHA,D,6,RES ELE,2013-04-01 00:00,2013-04-01 00:00,1039.36,,FEET
SHA,D,6,RES ELE,2013-04-02 00:00,2013-04-02 00:00,1039.65,,FEET
SHA,D,6,RES ELE,2013-04-03 00:00,2013-04-03 00:00,1039.85,,FEET
SHA,D,6,RES ELE,2013-04-04 00:00,2013-04-04 00:00,1040.25,,FEET
SHA,D,6,RES ELE,2013-04-05 00:00,2013-04-05 00:00,1040.65,,FEET
SHA,D,6,RES ELE,2013-04-06 00:00,2013-04-06 00:00,1041.13,,FEET
SHA,D,6,RES ELE,2013-04-07 00:00,2013-04-07 00:00,1041.58,,FEET
SHA,D,6,RES ELE,2013-04-08 00:00,2013-04-08 00:00,1041.89,,FEET
SHA,D,6,RES ELE,2013-04-09 00:00,2013-04-09 00:00,1042.17,,FEET
SHA,D,6,RES ELE,2013-04-10 00:00,2013-04-10 00:00,1042.40,,FEET
SHA,D,6,RES ELE,2013-04-11 00:00,2013-04-11 00:00,1042.64,,FEET
SHA,D,6,RES ELE,2013-04-12 00:00,2013-04-12 00:00,1042.84,,FEET
SHA,D,6,RES ELE,2013-04-13 00:00,2013-04-13 00:00,1043.03,,FEET
SHA,D,6,RES ELE,2013-04-14 00:00,2013-04-14 00:00,1043.17,,FEET
SHA,D,6,RES ELE,2013-04-15 00:00,2013-04-15 00:00,1043.30,,FEET
SHA,D,6,RES ELE,2013-04-16 00:00,2013-04-16 00:00,1043.37,,FEET
SHA,D,6,RES ELE,2013-04-17 00:00,2013-04-17 00:00,1043.41,,FEET
SHA,D,6,RES ELE,2013-04-18 00:00,2013-04-18 00:00,1043.56,,FEET
SHA,D,6,RES ELE,2013-04-19 00:00,2013-04-19 00:00,1043.43,,FEET
SHA,D,6,RES ELE,2013-04-20 00:00,2013-04-20 00:00,1043.35,,FEET
SHA,D,6,RES ELE,2013-04-21 00:00,2013-04-21 00:00,1043.22,,FEET
SHA,D,6,RES ELE,2013-04-22 00:00,2013-04-22 00:00,1043.13,,FEET
SHA,D,6,RES ELE,2013-04-23 00:00,2013-04-23 00:00,1042.94,,FEET
SHA,D,6,RES ELE,2013-04-24 00:00,2013-04-24 00:00,1042.62,,FEET
SHA,D,6,RES ELE,2013-04-25 00:00,2013-04-25 00:00,1042.28,,FEET
SHA,D,6,RES ELE,2013-04-26 00:00,2013-04-26 00:00,1041.74,,FEET
SHA,D,6,RES ELE,2013-04-27 00:00,2013-04-27 00:00,1041.30,,FEET
SHA,D,6,RES ELE,2013-04-28 00:00,2013-04-28 00:00,1040.86,,FEET
SHA,D,6,RES ELE,2013-04-29 00:00,2013-04-29 00:00,1040.40,,FEET
SHA,D,6,RES ELE,2013-04-30 00:00,2013-04-30 00:00,1039.84,,FEET
SHA,D,6,RES ELE,2013-05-01 00:00,2013-05-01 00:00,1039.33,,FEET
SHA,D,6,RES ELE,2013-05-02 00:00,2013-05-02 00:00,1038.81,,FEET
SHA,D,6,RES ELE,2013-05-03 00:00,2013-05-03 00:00,1038.35,,FEET
SHA,D,6,RES ELE,2013-05-04 00:00,2013-05-04 00:00,1037.84,,FEET
SHA,D,6,RES ELE,2013-05-05 00:00,2013-05-05 00:00,1037.37,,FEET
SHA,D,6,RES ELE,2013-05-06 00:00,2013-05-06 00:00,1036.90,,FEET
SHA,D,6,RES ELE,2013-05-07 00:00,2013-05-07 00:00,1036.45,,FEET
SHA,D,6,RES ELE,2013-05-08 00:00,2013-05-08 00:00,1035.86,,FEET
SHA,D,6,RES ELE,2013-05-09 00:00,2013-05-09 00:00,1035.37,,FEET
SHA,D,6,RES ELE,2013-05-10 00:00,2013-05-10 00:00,1034.88,,FEET
SHA,D,6,RES ELE,2013-05-11 00:00,2013-05-11 00:00,1034.35,,FEET
SHA,D,6,RES ELE,2013-05-12 00:00,2013-05-12 00:00,,,FEET
SHA,D,6,RES ELE,2013-05-13 00:00,2013-05-13 00:00,1033.34,,FEET
SHA,D,6,RES ELE,2013-05-14 00:00,2013-05-14 00:00,1032.70,,FEET
SHA,D,6,RES ELE,2013-05-15 00:00,2013-05-15 00:00,1032.07,,FEET
SHA,D,6,RES ELE,2013-05-16 00:00,2013-05-16 00:00,1031.45,,FEET
SHA,D,6,RES ELE,2013-05-17 00:00,2013-05-17 00:00,1030.83,,FEET
SHA,D,6,RES ELE,2013-05-18 00:00,2013-05-18 00:00,1030.26,,FEET
SHA,D,6,RES ELE,2013-05-19 00:00,2013-05-19 00:00,1029.72,,FEET
SHA,D,6,RES ELE,2013-05-20 00:00,2013-05-20 00:00,1029.25,,FEET
SHA,D,6,RES ELE,2013-05-21 00:00,2013-05-21 00:00,1028.75,,FEET
SHA,D,6,RES ELE,2013-05-22 00:00,2013-05-22 00:00,1028.15,,FEET
SHA,D,6,RES ELE,2013-05-23 00:00,2013-05-23 00:00,1027.42,,FEET
SHA,D,6,RES ELE,2013-05-24 00:00,2013-05-24 00:00,1026.78,,FEET
SHA,D,6,RES ELE,2013-05-25 00:00,2013-05-25 00:00,1026.17,,FEET
SHA,D,6,RES ELE,2013-05-26 00:00,2013-05-26 00:00,1025.62,,FEET
SHA,D,6,RES ELE,2013-05-27 00:00,2013-05-27 00:00,1025.16,,FEET
SHA,D,6,RES ELE,2013-05-28 00:00,2013-05-28 00:00,1024.65,,FEET
SHA,D,6,RES ELE,2013-05-29 00:00,2013-05-29 00:00,1024.08,,FEET
SHA,D,6,RES ELE,2013-05-30 00:00,2013-05-30 00:00,1023.62,,FEET
SHA,D,6,RES ELE,2013-05-31 00:00,2013-05-31 00:00,1023.12,,FEET
SHA,D,6,RES ELE,2013-06-01 00:00,2013-06-01 00:00,1022.63,,FEET
SHA,D,6,RES ELE,2013-06-02 00:00,2013-06-02 00:00,1022.15,,FEET
SHA,D,6,RES ELE,2013-06-03 00:00,2013-06-03 00:00,1021.73,,FEET
SHA,D,6,RES ELE,2013-06-04 00:00,2013-06-04 00:00,1021.31,,FEET
SHA,D,6,RES ELE,2013-06-05 00:00,2013-06-05 00:00,1020.87,,FEET
SHA,D,6,RES ELE,2013-06-06 00:00,2013-06-06 00:00,1020.32,,FEET
SHA,D,6,RES ELE,2013-06-07 00:00,2013-06-07 00:00,1019.65,,FEET
SHA,D,6,RES ELE,2013-06-08 00:00,2013-06-08 00:00,1018.87,,FEET
SHA,D,6,RES ELE,2013-06-09 00:00,2013-06-09 00:00,1018.21,,FEET
SHA,D,6,RES ELE,2013-06-10 00:00,2013-06-10 00:00,1017.65,,FEET
SHA,D,6,RES ELE,2013-06-11 00:00,2013-06-11 00:00,1017.04,,FEET
SHA,D,6,RES ELE,2013-06-12 00:00,2013-06-12 00:00,1016.43,,FEET
SHA,D,6,RES ELE,2013-06-13 00:00,2013-06-13 00:00,1015.78,,FEET
SHA,D,6,RES ELE,2013-06-14 00:00,2013-06-14 00:00,1015.14,,FEET
SHA,D,6,RES ELE,2013-06-15 00:00,2013-06-15 00:00,1014.46,,FEET
SHA,D,6,RES ELE,2013-06-16 00:00,2013-06-16 00:00,1013.75,,FEET
SHA,D,6,RES ELE,2013-06-17 00:00,2013-06-17 00:00,1013.12,,FEET
SHA,D,6,RES ELE,2013-06-18 00:00,2013-06-18 00:00,1012.37,,FEET
SHA,D,6,RES ELE,2013-06-19 00:00,2013-06-19 00:00,1011.62,,FEET
SHA,D,6,RES ELE,2013-06-20 00:00,2013-06-20 00:00,1010.94,,FEET
SHA,D,6,RES ELE,2013-06-21 00:00,2013-06-21 00:00,1010.33,,FEET
SHA,D,6,RES ELE,2013-06-22 00:00,2013-06-22 00:00,1009.79,,FEET
SHA,D,6,RES ELE,2013-06-23 00:00,2013-06-23 00:00,1009.08,,FEET
SHA,D,6,RES ELE,2013-06-24 00:00,2013-06-24 00:00,1008.58,,FEET
SHA,D,6,RES ELE,2013-06-25 00:00,2013-06-25 00:00,1008.25,,FEET
SHA,D,6,RES ELE,2013-06-26 00:00,2013-06-26 00:00,1007.75,,FEET
SHA,D,6,RES ELE,2013-06-27 00:00,2013-06-27 00:00,1007.19,,FEET
SHA,D,6,RES ELE,2013-06-28 00:00,2013-06-28 00:00,1006.48,,FEET
SHA,D,6,RES ELE,2013-06-29 00:00,2013-06-29 00:00,1005.80,,FEET
SHA,D,6,RES ELE,2013-06-30 00:00,2013-06-30 00:00,1004.98,,FEET
SHA,D,6,RES ELE,2013-07-01 00:00,2013-07-01 00:00,1004.25,,FEET
SHA,D,6,RES ELE,2013-07-02 00:00,2013-07-02 00:00,1003.47,,FEET
SHA,D,6,RES ELE,2013-07-03 00:00,2013-07-03 00:00,1002.79,,FEET
SHA,D,6,RES ELE,2013-07-04 00:00,2013-07-04 00:00,1001.94,,FEET
SHA,D,6,RES ELE,2013-07-05 00:00,2013-07-05 00:00,1001.13,,FEET
SHA,D,6,RES ELE,2013-07-06 00:00,2013-07-06 00:00,1000.38,,FEET
SHA,D,6,RES ELE,2013-07-07 00:00,2013-07-07 00:00,999.64,,FEET
SHA,D,6,RES ELE,2013-07-08 00:00,2013-07-08 00:00,998.92,,FEET
SHA,D,6,RES ELE,2013-07-09 00:00,2013-07-09 00:00,998.12,,FEET
SHA,D,6,RES ELE,2013-07-10 00:00,2013-07-10 00:00,996.88,,FEET
SHA,D,6,RES ELE,2013-07-11 00:00,2013-07-11 00:00,996.11,,FEET
SHA,D,6,RES ELE,2013-07-12 00:00,2013-07-12 00:00,995.40,,FEET
SHA,D,6,RES ELE,2013-07-13 00:00,2013-07-13 00:00,994.67,,FEET
SHA,D,6,RES ELE,2013-07-14 00:00,2013-07-14 00:00,993.93,,FEET
SHA,D,6,RES ELE,2013-07-15 00:00,2013-07-15 00:00,993.21,,FEET
SHA,D,6,RES ELE,2013-07-16 00:00,2013-07-16 00:00,992.48,,FEET
SHA,D,6,RES ELE,2013-07-17 00:00,2013-07-17 00:00,991.66,,FEET
SHA,D,6,RES ELE,2013-07-18 00:00,2013-07-18 00:00,990.94,,FEET
SHA,D,6,RES ELE,2013-07-19 00:00,2013-07-19 00:00,990.11,,FEET
SHA,D,6,RES ELE,2013-07-20 00:00,2013-07-20 00:00,989.37,,FEET
SHA,D,6,RES ELE,2013-07-21 00:00,2013-07-21 00:00,988.46,,FEET
SHA,D,6,RES ELE,2013-07-22 00:00,2013-07-22 00:00,987.70,,FEET
SHA,D,6,RES ELE,2013-07-23 00:00,2013-07-23 00:00,986.84,,FEET
SHA,D,6,RES ELE,2013-07-24 00:00,2013-07-24 00:00,986.10,,FEET
SHA,D,6,RES ELE,2013-07-25 00:00,2013-07-25 00:00,985.29,,FEET
SHA,D,6,RES ELE,2013-07-26 00:00,2013-07-26 00:00,984.53,,FEET
SHA,D,6,RES ELE,2013-07-27 00:00,2013-07-27 00:00,983.70,,FEET
SHA,D,6,RES ELE,2013-07-28 00:00,2013-07-28 00:00,982.98,,FEET
SHA,D,6,RES ELE,2013-07-29 00:00,2013-07-29 00:00,982.29,,FEET
SHA,D,6,RES ELE,2013-07-30 00:00,2013-07-30 00:00,981.56,,FEET
SHA,D,6,RES ELE,2013-07-31 00:00,2013-07-31 00:00,980.91,,FEET
SHA,D,6,RES ELE,2013-08-01 00:00,2013-08-01 00:00,980.22,,FEET
SHA,D,6,RES ELE,2013-08-02 00:00,2013-08-02 00:00,979.58,,FEET
SHA,D,6,RES ELE,2013-08-03 00:00,2013-08-03 00:00,979.00,,FEET
SHA,D,6,RES ELE,2013-08-04 00:00,2013-08-04 00:00,978.34,,FEET
SHA,D,6,RES ELE,2013-08-05 00:00,2013-08-05 00:00,978.00,,FEET
SHA,D,6,RES ELE,2013-08-06 00:00,2013-08-06 00:00,977.35,,FEET
SHA,D,6,RES ELE,2013-08-07 00:00,2013-08-07 00:00,976.70,,FEET
SHA,D,6,RES ELE,2013-08-08 00:00,2013-08-08 00:00,976.15,,FEET
SHA,D,6,RES ELE,2013-08-09 00:00,2013-08-09 00:00,975.51,,FEET
SHA,D,6,RES ELE,2013-08-10 00:00,2013-08-10 00:00,974.96,,FEET
SHA,D,6,RES ELE,2013-08-11 00:00,2013-08-11 00:00,974.36,,FEET
SHA,D,6,RES ELE,2013-08-12 00:00,2013-08-12 00:00,973.69,,FEET
SHA,D,6,RES ELE,2013-08-13 00:00,2013-08-13 00:00,973.00,,FEET
SHA,D,6,RES ELE,2013-08-14 00:00,2013-08-14 00:00,972.24,,FEET
SHA,D,6,RES ELE,2013-08-15 00:00,2013-08-15 00:00,971.57,,FEET
SHA,D,6,RES ELE,2013-08-16 00:00,2013-08-16 00:00,970.93,,FEET
SHA,D,6,RES ELE,2013-08-17 00:00,2013-08-17 00:00,970.30,,FEET
SHA,D,6,RES ELE,2013-08-18 00:00,2013-08-18 00:00,969.72,,FEET
SHA,D,6,RES ELE,2013-08-19 00:00,2013-08-19 00:00,969.17,,FEET
SHA,D,6,RES ELE,2013-08-20 00:00,2013-08-20 00:00,968.51,,FEET
SHA,D,6,RES ELE,2013-08-21 00:00,2013-08-21 00:00,967.97,,FEET
SHA,D,6,RES ELE,2013-08-22 00:00,2013-08-22 00:00,967.41,,FEET
SHA,D,6,RES ELE,2013-08-23 00:00,2013-08-23 00:00,966.86,,FEET
SHA,D,6,RES ELE,2013-08-24 00:00,2013-08-24 00:00,966.39,,FEET
SHA,D,6,RES ELE,2013-08-25 00:00,2013-08-25 00:00,965.95,,FEET
SHA,D,6,RES ELE,2013-08-26 00:00,2013-08-26 00:00,965.59,,FEET
SHA,D,6,RES ELE,2013-08-27 00:00,2013-08-27 00:00,965.07,,FEET
SHA,D,6,RES ELE,2013-08-28 00:00,2013-08-28 00:00,964.61,,FEET
SHA,D,6,RES ELE,2013-08-29 00:00,2013-08-29 00:00,963.92,,FEET
SHA,D,6,RES ELE,2013-08-30 00:00,2013-08-30 00:00,963.45,,FEET
SHA,D,6,RES ELE,2013-08-31 00:00,2013-08-31 00:00,963.10,,FEET
SHA,D,6,RES ELE,2013-09-01 00:00,2013-09-01 00:00,962.65,,FEET
SHA,D,6,RES ELE,2013-09-02 00:00,2013-09-02 00:00,962.32,,FEET
SHA,D,6,RES ELE,2013-09-03 00:00,2013-09-03 00:00,962.02,,FEET
SHA,D,6,RES ELE,2013-09-04 00:00,2013-09-04 00:00,961.50,,FEET
SHA,D,6,RES ELE,2013-09-05 00:00,2013-09-05 00:00,961.07,,FEET
SHA,D,6,RES ELE,2013-09-06 00:00,2013-09-06 00:00,960.62,,FEET
SHA,D,6,RES ELE,2013-09-07 00:00,2013-09-07 00:00,960.13,,FEET
SHA,D,6,RES ELE,2013-09-08 00:00,2013-09-08 00:00,959.64,,FEET
SHA,D,6,RES ELE,2013-09-09 00:00,2013-09-09 00:00,959.18,,FEET
SHA,D,6,RES ELE,2013-09-10 00:00,2013-09-10 00:00,958.84,,FEET
SHA,D,6,RES ELE,2013-09-11 00:00,2013-09-11 00:00,958.46,,FEET
SHA,D,6,RES ELE,2013-09-12 00:00,2013-09-12 00:00,958.09,,FEET
SHA,D,6,RES ELE,2013-09-13 00:00,2013-09-13 00:00,957.65,,FEET
SHA,D,6,RES ELE,2013-09-14 00:00,2013-09-14 00:00,957.24,,FEET
SHA,D,6,RES ELE,2013-09-15 00:00,2013-09-15 00:00,956.93,,FEET
SHA,D,6,RES ELE,2013-09-16 00:00,2013-09-16 00:00,956.42,,FEET
SHA,D,6,RES ELE,2013-09-17 00:00,2013-09-17 00:00,956.04,,FEET
SHA,D,6,RES ELE,2013-09-18 00:00,2013-09-18 00:00,955.54,,FEET
SHA,D,6,RES ELE,2013-09-19 00:00,2013-09-19 00:00,955.07,,FEET
SHA,D,6,RES ELE,2013-09-20 00:00,2013-09-20 00:00,954.66,,FEET
SHA,D,6,RES ELE,2013-09-21 00:00,2013-09-21 00:00,954.35,,FEET
SHA,D,6,RES ELE,2013-09-22 00:00,2013-09-22 00:00,954.02,,FEET
SHA,D,6,RES ELE,2013-09-23 00:00,2013-09-23 00:00,953.73,,FEET
SHA,D,6,RES ELE,2013-09-24 00:00,2013-09-24 00:00,953.40,,FEET
SHA,D,6,RES ELE,2013-09-25 00:00,2013-09-25 00:00,953.08,,FEET
SHA,D,6,RES ELE,2013-09-26 00:00,2013-09-26 00:00,952.78,,FEET
SHA,D,6,RES ELE,2013-09-27 00:00,2013-09-27 00:00,952.50,,FEET
SHA,D,6,RES ELE,2013-09-28 00:00,2013-09-28 00:00,952.17,,FEET
SHA,D,6,RES ELE,2013-09-29 00:00,2013-09-29 00:00,951.93,,FEET
SHA,D,6,RES ELE,2013-09-30 00:00,2013-09-30 00:00,951.75,,FEET
SHA,D,6,RES ELE,2013-10-01 00:00,2013-10-01 00:00,951.38,,FEET
SHA,D,6,RES ELE,2013-10-02 00:00,2013-10-02 00:00,951.08,,FEET
SHA,D,6,RES ELE,2013-10-03 00:00,2013-10-03 00:00,950.79,,FEET
SHA,D,6,RES ELE,2013-10-04 00:00,2013-10-04 00:00,950.42,,FEET
SHA,D,6,RES ELE,2013-10-05 00:00,2013-10-05 00:00,950.05,,FEET
SHA,D,6,RES ELE,2013-10-06 00:00,2013-10-06 00:00,949.78,,FEET
SHA,D,6,RES ELE,2013-10-07 00:00,2013-10-07 00:00,949.42,,FEET
SHA,D,6,RES ELE,2013-10-08 00:00,2013-10-08 00:00,948.94,,FEET
SHA,D,6,RES ELE,2013-10-09 00:00,2013-10-09 00:00,948.54,,FEET
SHA,D,6,RES ELE,2013-10-10 00:00,2013-10-10 00:00,948.15,,FEET
SHA,D,6,RES ELE,2013-10-11 00:00,2013-10-11 00:00,947.98,,FEET
SHA,D,6,RES ELE,2013-10-12 00:00,2013-10-12 00:00,947.58,,FEET
SHA,D,6,RES ELE,2013-10-13 00:00,2013-10-13 00:00,947.26,,FEET
SHA,D,6,RES ELE,2013-10-14 00:00,2013-10-14 00:00,946.98,,FEET
SHA,D,6,RES ELE,2013-10-15 00:00,2013-10-15 00:00,946.59,,FEET
SHA,D,6,RES ELE,2013-10-16 00:00,2013-10-16 00:00,946.16,,FEET
SHA,D,6,RES ELE,2013-10-17 00:00,2013-10-17 00:00,945.80,,FEET
SHA,D,6,RES ELE,2013-10-18 00:00,2013-10-18 00:00,945.38,,FEET
SHA,D,6,RES ELE,2013-10-19 00:00,2013-10-19 00:00,945.04,,FEET
SHA,D,6,RES ELE,2013-10-20 00:00,2013-10-20 00:00,944.72,,FEET
SHA,D,6,RES ELE,2013-10-21 00:00,2013-10-21 00:00,944.39,,FEET
SHA,D,6,RES ELE,2013-10-22 00:00,2013-10-22 00:00,944.16,,FEET
SHA,D,6,RES ELE,2013-10-23 00:00,2013-10-23 00:00,943.86,,FEET
SHA,D,6,RES ELE,2013-10-24 00:00,2013-10-24 00:00,943.54,,FEET
SHA,D,6,RES ELE,2013-10-25 00:00,2013-10-25 00:00,943.41,,FEET
SHA,D,6,RES ELE,2013-10-26 00:00,2013-10-26 00:00,943.18,,FEET
SHA,D,6,RES ELE,2013-10-27 00:00,2013-10-27 00:00,942.80,,FEET
SHA,D,6,RES ELE,2013-10-28 00:00,2013-10-28 00:00,,,FEET
SHA,D,6,RES ELE,2013-10-29 00:00,2013-10-29 00:00,,,FEET
SHA,D,6,RES ELE,2013-10-30 00:00,2013-10-30 00:00,942.07,,FEET
SHA,D,6,RES ELE,2013-10-31 00:00,2013-10-31 00:00,941.73,,FEET
SHA,D,6,RES ELE,2013-11-01 00:00,2013-11-01 00:00,941.18,,FEET
SHA,D,6,RES ELE,2013-11-02 00:00,2013-11-02 00:00,940.75,,FEET
SHA,D,6,RES ELE,2013-11-03 00:00,2013-11-03 00:00,940.39,,FEET
SHA,D,6,RES ELE,2013-11-04 00:00,2013-11-04 00:00,940.16,,FEET
SHA,D,6,RES ELE,2013-11-05 00:00,2013-11-05 00:00,939.94,,FEET
SHA,D,6,RES ELE,2013-11-06 00:00,2013-11-06 00:00,939.71,,FEET
SHA,D,6,RES ELE,2013-11-07 00:00,2013-11-07 00:00,939.54,,FEET
SHA,D,6,RES ELE,2013-11-08 00:00,2013-11-08 00:00,939.35,,FEET
SHA,D,6,RES ELE,2013-11-09 00:00,2013-11-09 00:00,939.19,,FEET
SHA,D,6,RES ELE,2013-11-10 00:00,2013-11-10 00:00,938.99,,FEET
SHA,D,6,RES ELE,2013-11-11 00:00,2013-11-11 00:00,938.89,,FEET
SHA,D,6,RES ELE,2013-11-12 00:00,2013-11-12 00:00,938.83,,FEET
SHA,D,6,RES ELE,2013-11-13 00:00,2013-11-13 00:00,938.56,,FEET
SHA,D,6,RES ELE,2013-11-14 00:00,2013-11-14 00:00,938.46,,FEET
SHA,D,6,RES ELE,2013-11-15 00:00,2013-11-15 00:00,938.40,,FEET
SHA,D,6,RES ELE,2013-11-16 00:00,2013-11-16 00:00,938.14,,FEET
SHA,D,6,RES ELE,2013-11-17 00:00,2013-11-17 00:00,938.14,,FEET
SHA,D,6,RES ELE,2013-11-18 00:00,2013-11-18 00:00,938.15,,FEET
SHA,D,6,RES ELE,2013-11-19 00:00,2013-11-19 00:00,938.60,,FEET
SHA,D,6,RES ELE,2013-11-20 00:00,2013-11-20 00:00,939.21,,FEET
SHA,D,6,RES ELE,2013-11-21 00:00,2013-11-21 00:00,939.40,,FEET
SHA,D,6,RES ELE,2013-11-22 00:00,2013-11-22 00:00,939.13,,FEET
SHA,D,6,RES ELE,2013-11-23 00:00,2013-11-23 00:00,938.98,,FEET
SHA,D,6,RES ELE,2013-11-24 00:00,2013-11-24 00:00,938.97,,FEET
SHA,D,6,RES ELE,2013-11-25 00:00,2013-11-25 00:00,939.08,,FEET
SHA,D,6,RES ELE,2013-11-26 00:00,2013-11-26 00:00,939.02,,FEET
SHA,D,6,RES ELE,2013-11-27 00:00,2013-11-27 00:00,938.82,,FEET
SHA,D,6,RES ELE,2013-11-28 00:00,2013-11-28 00:00,938.70,,FEET
SHA,D,6,RES ELE,2013-11-29 00:00,2013-11-29 00:00,,,FEET
SHA,D,6,RES ELE,2013-11-30 00:00,2013-11-30 00:00,938.63,,FEET
SHA,D,6,RES ELE,2013-12-01 00:00,2013-12-01 00:00,938.52,,FEET
SHA,D,6,RES ELE,2013-12-02 00:00,2013-12-02 00:00,938.48,,FEET
SHA,D,6,RES ELE,2013-12-03 00:00,2013-12-03 00:00,938.29,,FEET
SHA,D,6,RES ELE,2013-12-04 00:00,2013-12-04 00:00,938.23,,FEET
SHA,D,6,RES ELE,2013-12-05 00:00,2013-12-05 00:00,938.26,,FEET
SHA,D,6,RES ELE,2013-12-06 00:00,2013-12-06 00:00,938.22,,FEET
SHA,D,6,RES ELE,2013-12-07 00:00,2013-12-07 00:00,938.21,,FEET
SHA,D,6,RES ELE,2013-12-08 00:00,2013-12-08 00:00,938.14,,FEET
SHA,D,6,RES ELE,2013-12-09 00:00,2013-12-09 00:00,938.04,,FEET
SHA,D,6,RES ELE,2013-12-10 00:00,2013-12-10 00:00,938.02,,FEET
SHA,D,6,RES ELE,2013-12-11 00:00,2013-12-11 00:00,937.94,,FEET
SHA,D,6,RES ELE,2013-12-12 00:00,2013-12-12 00:00,937.82,,FEET
SHA,D,6,RES ELE,2013-12-13 00:00,2013-12-13 00:00,937.86,,FEET
SHA,D,6,RES ELE,2013-12-14 00:00,2013-12-14 00:00,937.84,,FEET
SHA,D,6,RES ELE,2013-12-15 00:00,2013-12-15 00:00,937.77,,FEET
SHA,D,6,RES ELE,2013-12-16 00:00,2013-12-16 00:00,938.00,,FEET
SHA,D,6,RES ELE,2013-12-17 00:00,2013-12-17 00:00,938.09,,FEET
SHA,D,6,RES ELE,2013-12-18 00:00,2013-12-18 00:00,937.84,,FEET
SHA,D,6,RES ELE,2013-12-19 00:00,2013-12-19 00:00,937.62,,FEET
SHA,D,6,RES ELE,2013-12-20 00:00,2013-12-20 00:00,937.38,,FEET
SHA,D,6,RES ELE,2013-12-21 00:00,2013-12-21 00:00,937.23,,FEET
SHA,D,6,RES ELE,2013-12-22 00:00,2013-12-22 00:00,937.17,,FEET
SHA,D,6,RES ELE,2013-12-23 00:00,2013-12-23 00:00,937.02,,FEET
SHA,D,6,RES ELE,2013-12-24 00:00,2013-12-24 00:00,936.94,,FEET
SHA,D,6,RES ELE,2013-12-25 00:00,2013-12-25 00:00,936.75,,FEET
SHA,D,6,RES ELE,2013-12-26 00:00,2013-12-26 00:00,936.63,,FEET
SHA,D,6,RES ELE,2013-12-27 00:00,2013-12-27 00:00,936.57,,FEET
SHA,D,6,RES ELE,2013-12-28 00:00,2013-12-28 00:00,936.59,,FEET
SHA,D,6,RES ELE,2013-12-29 00:00,2013-12-29 00:00,937.12,,FEET
SHA,D,6,RES ELE,2013-12-30 00:00,2013-12-30 00:00,937.18,,FEET
SHA,D,6,RES ELE,2013-12-31 00:00,2013-12-31 00:00,937.16,,FEET
SHA,D,6,RES ELE,2014-01-01 00:00,2014-01-01 00:00,936.81,,FEET
SHA,D,6,RES ELE,2014-01-02 00:00,2014-01-02 00:00,936.56,,FEET
SHA,D,6,RES ELE,2014-01-03 00:00,2014-01-03 00:00,936.33,,FEET
SHA,D,6,RES ELE,2014-01-04 00:00,2014-01-04 00:00,936.06,,FEET
SHA,D,6,RES ELE,2014-01-05 00:00,2014-01-05 00:00,935.99,,FEET
SHA,D,6,RES ELE,2014-01-06 00:00,2014-01-06 00:00,936.06,,FEET
SHA,D,6,RES ELE,2014-01-07 00:00,2014-01-07 00:00,936.07,,FEET
SHA,D,6,RES ELE,2014-01-08 00:00,2014-01-08 00:00,936.11,,FEET
SHA,D,6,RES ELE,2014-01-09 00:00,2014-01-09 00:00,936.17,,FEET
SHA,D,6,RES ELE,2014-01-10 00:00,2014-01-10 00:00,936.10,,FEET
SHA,D,6,RES ELE,2014-01-11 00:00,2014-01-11 00:00,936.06,,FEET
SHA,D,6,RES ELE,2014-01-12 00:00,2014-01-12 00:00,936.01,,FEET
SHA,D,6,RES ELE,2014-01-13 00:00,2014-01-13 00:00,936.12,,FEET
SHA,D,6,RES ELE,2014-01-14 00:00,2014-01-14 00:00,936.08,,FEET
SHA,D,6,RES ELE,2014-01-15 00:00,2014-01-15 00:00,936.03,,FEET
SHA,D,6,RES ELE,2014-01-16 00:00,2014-01-16 00:00,936.08,,FEET
SHA,D,6,RES ELE,2014-01-17 00:00,2014-01-17 00:00,936.09,,FEET
SHA,D,6,RES ELE,2014-01-18 00:00,2014-01-18 00:00,936.08,,FEET
SHA,D,6,RES ELE,2014-01-19 00:00,2014-01-19 00:00,936.09,,FEET
SHA,D,6,RES ELE,2014-01-20 00:00,2014-01-20 00:00,936.17,,FEET
SHA,D,6,RES ELE,2014-01-21 00:00,2014-01-21 00:00,936.25,,FEET
SHA,D,6,RES ELE,2014-01-22 00:00,2014-01-22 00:00,936.23,,FEET
SHA,D,6,RES ELE,2014-01-23 00:00,2014-01-23 00:00,936.21,,FEET
SHA,D,6,RES ELE,2014-01-24 00:00,2014-01-24 00:00,936.14,,FEET
SHA,D,6,RES ELE,2014-01-25 00:00,2014-01-25 00:00,936.15,,FEET
SHA,D,6,RES ELE,2014-01-26 00:00,2014-01-26 00:00,936.24,,FEET
SHA,D,6,RES ELE,2014-01-27 00:00,2014-01-27 00:00,936.21,,FEET
SHA,D,6,RES ELE,2014-01-28 00:00,2014-01-28 00:00,936.17,,FEET
SHA,D,6,RES ELE,2014-01-29 00:00,2014-01-29 00:00,936.16,,FEET
SHA,D,6,RES ELE,2014-01-30 00:00,2014-01-30 00:00,936.12,,FEET
SHA,D,6,RES ELE,2014-01-31 00:00,2014-01-31 00:00,936.01,,FEET
SHA,D,6,RES ELE,2014-02-01 00:00,2014-02-01 00:00,935.91,,FEET
SHA,D,6,RES ELE,2014-02-02 00:00,2014-02-02 00:00,935.80,,FEET
SHA,D,6,RES ELE,2014-02-03 00:00,2014-02-03 00:00,935.75,,FEET
SHA,D,6,RES ELE,2014-02-04 00:00,2014-02-04 00:00,935.70,,FEET
SHA,D,6,RES ELE,2014-02-05 00:00,2014-02-05 00:00,935.88,,FEET
SHA,D,6,RES ELE,2014-02-06 00:00,2014-02-06 00:00,936.14,,FEET
SHA,D,6,RES ELE,2014-02-07 00:00,2014-02-07 00:00,936.12,,FEET
SHA,D,6,RES ELE,2014-02-08 00:00,2014-02-08 00:00,936.41,,FEET
SHA,D,6,RES ELE,2014-02-09 00:00,2014-02-09 00:00,936.69,,FEET
SHA,D,6,RES ELE,2014-02-10 00:00,2014-02-10 00:00,936.91,,FEET
SHA,D,6,RES ELE,2014-02-11 00:00,2014-02-11 00:00,937.06,,FEET
SHA,D,6,RES ELE,2014-02-12 00:00,2014-02-12 00:00,937.22,,FEET
SHA,D,6,RES ELE,2014-02-13 00:00,2014-02-13 00:00,937.53,,FEET
SHA,D,6,RES ELE,2014-02-14 00:00,2014-02-14 00:00,937.96,,FEET
SHA,D,6,RES ELE,2014-02-15 00:00,2014-02-15 00:00,938.59,,FEET
SHA,D,6,RES ELE,2014-02-16 00:00,2014-02-16 00:00,939.22,,FEET
SHA,D,6,RES ELE,2014-02-17 00:00,2014-02-17 00:00,939.60,,FEET
SHA,D,6,RES ELE,2014-02-18 00:00,2014-02-18 00:00,939.94,,FEET
SHA,D,6,RES ELE,2014-02-19 00:00,2014-02-19 00:00,940.09,,FEET
SHA,D,6,RES ELE,2014-02-20 00:00,2014-02-20 00:00,940.23,,FEET
SHA,D,6,RES ELE,2014-02-21 00:00,2014-02-21 00:00,940.43,,FEET
SHA,D,6,RES ELE,2014-02-22 00:00,2014-02-22 00:00,940.67,,FEET
SHA,D,6,RES ELE,2014-02-23 00:00,2014-02-23 00:00,940.87,,FEET
SHA,D,6,RES ELE,2014-02-24 00:00,2014-02-24 00:00,940.95,,FEET
SHA,D,6,RES ELE,2014-02-25 00:00,2014-02-25 00:00,940.98,,FEET
SHA,D,6,RES ELE,2014-02-26 00:00,2014-02-26 00:00,941.20,,FEET
SHA,D,6,RES ELE,2014-02-27 00:00,2014-02-27 00:00,942.45,,FEET
SHA,D,6,RES ELE,2014-02-28 00:00,2014-02-28 00:00,943.58,,FEET
SHA,D,6,RES ELE,2014-03-01 00:00,2014-03-01 00:00,944.08,,FEET
SHA,D,6,RES ELE,2014-03-02 00:00,2014-03-02 00:00,944.86,,FEET
SHA,D,6,RES ELE,2014-03-03 00:00,2014-03-03 00:00,946.85,,FEET
SHA,D,6,RES ELE,2014-03-04 00:00,2014-03-04 00:00,948.53,,FEET
SHA,D,6,RES ELE,2014-03-05 00:00,2014-03-05 00:00,949.98,,FEET
SHA,D,6,RES ELE,2014-03-06 00:00,2014-03-06 00:00,951.79,,FEET
SHA,D,6,RES ELE,2014-03-07 00:00,2014-03-07 00:00,953.05,,FEET
SHA,D,6,RES ELE,2014-03-08 00:00,2014-03-08 00:00,953.85,,FEET
SHA,D,6,RES ELE,2014-03-09 00:00,2014-03-09 00:00,954.88,,FEET
SHA,D,6,RES ELE,2014-03-10 00:00,2014-03-10 00:00,956.19,,FEET
SHA,D,6,RES ELE,2014-03-11 00:00,2014-03-11 00:00,957.30,,FEET
SHA,D,6,RES ELE,2014-03-12 00:00,2014-03-12 00:00,958.29,,FEET
SHA,D,6,RES ELE,2014-03-13 00:00,2014-03-13 00:00,959.14,,FEET
SHA,D,6,RES ELE,2014-03-14 00:00,2014-03-14 00:00,959.63,,FEET
SHA,D,6,RES ELE,2014-03-15 00:00,2014-03-15 00:00,960.15,,FEET
SHA,D,6,RES ELE,2014-03-16 00:00,2014-03-16 00:00,960.44,,FEET
SHA,D,6,RES ELE,2014-03-17 00:00,2014-03-17 00:00,960.88,,FEET
SHA,D,6,RES ELE,2014-03-18 00:00,2014-03-18 00:00,961.09,,FEET
SHA,D,6,RES ELE,2014-03-19 00:00,2014-03-19 00:00,961.23,,FEET
SHA,D,6,RES ELE,2014-03-20 00:00,2014-03-20 00:00,961.57,,FEET
SHA,D,6,RES ELE,2014-03-21 00:00,2014-03-21 00:00,961.77,,FEET
SHA,D,6,RES ELE,2014-03-22 00:00,2014-03-22 00:00,961.87,,FEET
SHA,D,6,RES ELE,2014-03-23 00:00,2014-03-23 00:00,962.03,,FEET
SHA,D,6,RES ELE,2014-03-24 00:00,2014-03-24 00:00,962.21,,FEET
SHA,D,6,RES ELE,2014-03-25 00:00,2014-03-25 00:00,962.25,,FEET
SHA,D,6,RES ELE,2014-03-26 00:00,2014-03-26 00:00,962.57,,FEET
SHA,D,6,RES ELE,2014-03-27 00:00,2014-03-27 00:00,962.88,,FEET
SHA,D,6,RES ELE,2014-03-28 00:00,2014-03-28 00:00,963.81,,FEET
SHA,D,6,RES ELE,2014-03-29 00:00,2014-03-29 00:00,966.08,,FEET
SHA,D,6,RES ELE,2014-03-30 00:00,2014-03-30 00:00,967.28,,FEET
SHA,D,6,RES ELE,2014-03-31 00:00,2014-03-31 00:00,968.51,,FEET
SHA,D,6,RES ELE,2014-04-01 00:00,2014-04-01 00:00,969.92,,FEET
SHA,D,6,RES ELE,2014-04-02 00:00,2014-04-02 00:00,970.93,,FEET
SHA,D,6,RES ELE,2014-04-03 00:00,2014-04-03 00:00,971.67,,FEET
SHA,D,6,RES ELE,2014-04-04 00:00,2014-04-04 00:00,972.53,,FEET
SHA,D,6,RES ELE,2014-04-05 00:00,2014-04-05 00:00,973.31,,FEET
SHA,D,6,RES ELE,2014-04-06 00:00,2014-04-06 00:00,973.97,,FEET
SHA,D,6,RES ELE,2014-04-07 00:00,2014-04-07 00:00,974.65,,FEET
SHA,D,6,RES ELE,2014-04-08 00:00,2014-04-08 00:00,975.33,,FEET
SHA,D,6,RES ELE,2014-04-09 00:00,2014-04-09 00:00,976.06,,FEET
SHA,D,6,RES ELE,2014-04-10 00:00,2014-04-10 00:00,976.60,,FEET
SHA,D,6,RES ELE,2014-04-11 00:00,2014-04-11 00:00,977.14,,FEET
SHA,D,6,RES ELE,2014-04-12 00:00,2014-04-12 00:00,977.53,,FEET
SHA,D,6,RES ELE,2014-04-13 00:00,2014-04-13 00:00,977.81,,FEET
SHA,D,6,RES ELE,2014-04-14 00:00,2014-04-14 00:00,978.20,,FEET
SHA,D,6,RES ELE,2014-04-15 00:00,2014-04-15 00:00,978.47,,FEET
SHA,D,6,RES ELE,2014-04-16 00:00,2014-04-16 00:00,978.68,,FEET
SHA,D,6,RES ELE,2014-04-17 00:00,2014-04-17 00:00,978.94,,FEET
SHA,D,6,RES ELE,2014-04-18 00:00,2014-04-18 00:00,979.08,,FEET
SHA,D,6,RES ELE,2014-04-19 00:00,2014-04-19 00:00,979.17,,FEET
SHA,D,6,RES ELE,2014-04-20 00:00,2014-04-20 00:00,979.22,,FEET
SHA,D,6,RES ELE,2014-04-21 00:00,2014-04-21 00:00,979.41,,FEET
SHA,D,6,RES ELE,2014-04-22 00:00,2014-04-22 00:00,979.39,,FEET
SHA,D,6,RES ELE,2014-04-23 00:00,2014-04-23 00:00,979.45,,FEET
SHA,D,6,RES ELE,2014-04-24 00:00,2014-04-24 00:00,979.55,,FEET
SHA,D,6,RES ELE,2014-04-25 00:00,2014-04-25 00:00,979.62,,FEET
SHA,D,6,RES ELE,2014-04-26 00:00,2014-04-26 00:00,979.63,,FEET
SHA,D,6,RES ELE,2014-04-27 00:00,2014-04-27 00:00,979.64,,FEET
SHA,D,6,RES ELE,2014-04-28 00:00,2014-04-28 00:00,979.66,,FEET
SHA,D,6,RES ELE,2014-04-29 00:00,2014-04-29 00:00,979.65,,FEET
SHA,D,6,RES ELE,2014-04-30 00:00,2014-04-30 00:00,979.63,,FEET
SHA,D,6,RES ELE,2014-05-01 00:00,2014-05-01 00:00,979.56,,FEET
SHA,D,6,RES ELE,2014-05-02 00:00,2014-05-02 00:00,979.42,,FEET
SHA,D,6,RES ELE,2014-05-03 00:00,2014-05-03 00:00,979.22,,FEET
SHA,D,6,RES ELE,2014-05-04 00:00,2014-05-04 00:00,979.03,,FEET
SHA,D,6,RES ELE,2014-05-05 00:00,2014-05-05 00:00,978.82,,FEET
SHA,D,6,RES ELE,2014-05-06 00:00,2014-05-06 00:00,978.60,,FEET
SHA,D,6,RES ELE,2014-05-07 00:00,2014-05-07 00:00,978.19,,FEET
SHA,D,6,RES ELE,2014-05-08 00:00,2014-05-08 00:00,977.88,,FEET
SHA,D,6,RES ELE,2014-05-09 00:00,2014-05-09 00:00,977.51,,FEET
SHA,D,6,RES ELE,2014-05-10 00:00,2014-05-10 00:00,977.01,,FEET
SHA,D,6,RES ELE,2014-05-11 00:00,2014-05-11 00:00,976.50,,FEET
SHA,D,6,RES ELE,2014-05-12 00:00,2014-05-12 00:00,976.22,,FEET
SHA,D,6,RES ELE,2014-05-13 00:00,2014-05-13 00:00,975.91,,FEET
SHA,D,6,RES ELE,2014-05-14 00:00,2014-05-14 00:00,975.54,,FEET
SHA,D,6,RES ELE,2014-05-15 00:00,2014-05-15 00:00,975.08,,FEET
SHA,D,6,RES ELE,2014-05-16 00:00,2014-05-16 00:00,974.68,,FEET
SHA,D,6,RES ELE,2014-05-17 00:00,2014-05-17 00:00,974.19,,FEET
SHA,D,6,RES ELE,2014-05-18 00:00,2014-05-18 00:00,973.73,,FEET
SHA,D,6,RES ELE,2014-05-19 00:00,2014-05-19 00:00,973.36,,FEET
SHA,D,6,RES ELE,2014-05-20 00:00,2014-05-20 00:00,972.95,,FEET
SHA,D,6,RES ELE,2014-05-21 00:00,2014-05-21 00:00,972.58,,FEET
SHA,D,6,RES ELE,2014-05-22 00:00,2014-05-22 00:00,972.09,,FEET
SHA,D,6,RES ELE,2014-05-23 00:00,2014-05-23 00:00,971.63,,FEET
SHA,D,6,RES ELE,2014-05-24 00:00,2014-05-24 00:00,971.13,,FEET
SHA,D,6,RES ELE,2014-05-25 00:00,2014-05-25 00:00,970.61,,FEET
SHA,D,6,RES ELE,2014-05-26 00:00,2014-05-26 00:00,970.07,,FEET
SHA,D,6,RES ELE,2014-05-27 00:00,2014-05-27 00:00,969.58,,FEET
SHA,D,6,RES ELE,2014-05-28 00:00,2014-05-28 00:00,969.06,,FEET
SHA,D,6,RES ELE,2014-05-29 00:00,2014-05-29 00:00,968.58,,FEET
SHA,D,6,RES ELE,2014-05-30 00:00,2014-05-30 00:00,967.92,,FEET
SHA,D,6,RES ELE,2014-05-31 00:00,2014-05-31 00:00,967.33,,FEET
SHA,D,6,RES ELE,2014-06-01 00:00,2014-06-01 00:00,966.78,,FEET
SHA,D,6,RES ELE,2014-06-02 00:00,2014-06-02 00:00,966.23,,FEET
SHA,D,6,RES ELE,2014-06-03 00:00,2014-06-03 00:00,965.65,,FEET
SHA,D,6,RES ELE,2014-06-04 00:00,2014-06-04 00:00,965.15,,FEET
SHA,D,6,RES ELE,2014-06-05 00:00,2014-06-05 00:00,964.60,,FEET
SHA,D,6,RES ELE,2014-06-06 00:00,2014-06-06 00:00,964.10,,FEET
SHA,D,6,RES ELE,2014-06-07 00:00,2014-06-07 00:00,963.56,,FEET
SHA,D,6,RES ELE,2014-06-08 00:00,2014-06-08 00:00,963.05,,FEET
SHA,D,6,RES ELE,2014-06-09 00:00,2014-06-09 00:00,962.59,,FEET
SHA,D,6,RES ELE,2014-06-10 00:00,2014-06-10 00:00,962.11,,FEET
SHA,D,6,RES ELE,2014-06-11 00:00,2014-06-11 00:00,961.58,,FEET
SHA,D,6,RES ELE,2014-06-12 00:00,2014-06-12 00:00,961.05,,FEET
SHA,D,6,RES ELE,2014-06-13 00:00,2014-06-13 00:00,960.42,,FEET
SHA,D,6,RES ELE,2014-06-14 00:00,2014-06-14 00:00,959.83,,FEET
SHA,D,6,RES ELE,2014-06-15 00:00,2014-06-15 00:00,959.29,,FEET
SHA,D,6,RES ELE,2014-06-16 00:00,2014-06-16 00:00,958.65,,FEET
SHA,D,6,RES ELE,2014-06-17 00:00,2014-06-17 00:00,958.08,,FEET
SHA,D,6,RES ELE,2014-06-18 00:00,2014-06-18 00:00,957.49,,FEET
SHA,D,6,RES ELE,2014-06-19 00:00,2014-06-19 00:00,956.90,,FEET
SHA,D,6,RES ELE,2014-06-20 00:00,2014-06-20 00:00,956.25,,FEET
SHA,D,6,RES ELE,2014-06-21 00:00,2014-06-21 00:00,955.47,,FEET
SHA,D,6,RES ELE,2014-06-22 00:00,2014-06-22 00:00,954.64,,FEET
SHA,D,6,RES ELE,2014-06-23 00:00,2014-06-23 00:00,953.87,,FEET
SHA,D,6,RES ELE,2014-06-24 00:00,2014-06-24 00:00,953.04,,FEET
SHA,D,6,RES ELE,2014-06-25 00:00,2014-06-25 00:00,952.28,,FEET
SHA,D,6,RES ELE,2014-06-26 00:00,2014-06-26 00:00,951.48,,FEET
SHA,D,6,RES ELE,2014-06-27 00:00,2014-06-27 00:00,950.70,,FEET
SHA,D,6,RES ELE,2014-06-28 00:00,2014-06-28 00:00,949.92,,FEET
SHA,D,6,RES ELE,2014-06-29 00:00,2014-06-29 00:00,949.13,,FEET
SHA,D,6,RES ELE,2014-06-30 00:00,2014-06-30 00:00,948.43,,FEET
SHA,D,6,RES ELE,2014-07-01 00:00,2014-07-01 00:00,947.78,,FEET
SHA,D,6,RES ELE,2014-07-02 00:00,2014-07-02 00:00,947.41,,FEET
SHA,D,6,RES ELE,2014-07-03 00:00,2014-07-03 00:00,946.90,,FEET
SHA,D,6,RES ELE,2014-07-04 00:00,2014-07-04 00:00,946.24,,FEET
SHA,D,6,RES ELE,2014-07-05 00:00,2014-07-05 00:00,945.73,,FEET
SHA,D,6,RES ELE,2014-07-06 00:00,2014-07-06 00:00,945.24,,FEET
SHA,D,6,RES ELE,2014-07-07 00:00,2014-07-07 00:00,944.78,,FEET
SHA,D,6,RES ELE,2014-07-08 00:00,2014-07-08 00:00,944.31,,FEET
SHA,D,6,RES ELE,2014-07-09 00:00,2014-07-09 00:00,943.86,,FEET
SHA,D,6,RES ELE,2014-07-10 00:00,2014-07-10 00:00,943.20,,FEET
SHA,D,6,RES ELE,2014-07-11 00:00,2014-07-11 00:00,942.49,,FEET
SHA,D,6,RES ELE,2014-07-12 00:00,2014-07-12 00:00,941.89,,FEET
SHA,D,6,RES ELE,2014-07-13 00:00,2014-07-13 00:00,941.33,,FEET
SHA,D,6,RES ELE,2014-07-14 00:00,2014-07-14 00:00,940.77,,FEET
SHA,D,6,RES ELE,2014-07-15 00:00,2014-07-15 00:00,940.22,,FEET
SHA,D,6,RES ELE,2014-07-16 00:00,2014-07-16 00:00,939.50,,FEET
SHA,D,6,RES ELE,2014-07-17 00:00,2014-07-17 00:00,938.79,,FEET
SHA,D,6,RES ELE,2014-07-18 00:00,2014-07-18 00:00,938.27,,FEET
SHA,D,6,RES ELE,2014-07-19 00:00,2014-07-19 00:00,937.79,,FEET
SHA,D,6,RES ELE,2014-07-20 00:00,2014-07-20 00:00,937.08,,FEET
SHA,D,6,RES ELE,2014-07-21 00:00,2014-07-21 00:00,936.47,,FEET
SHA,D,6,RES ELE,2014-07-22 00:00,2014-07-22 00:00,935.91,,FEET
SHA,D,6,RES ELE,2014-07-23 00:00,2014-07-23 00:00,935.26,,FEET
SHA,D,6,RES ELE,2014-07-24 00:00,2014-07-24 00:00,934.75,,FEET
SHA,D,6,RES ELE,2014-07-25 00:00,2014-07-25 00:00,934.17,,FEET
SHA,D,6,RES ELE,2014-07-26 00:00,2014-07-26 00:00,933.50,,FEET
SHA,D,6,RES ELE,2014-07-27 00:00,2014-07-27 00:00,932.91,,FEET
SHA,D,6,RES ELE,2014-07-28 00:00,2014-07-28 00:00,932.30,,FEET
SHA,D,6,RES ELE,2014-07-29 00:00,2014-07-29 00:00,931.66,,FEET
SHA,D,6,RES ELE,2014-07-30 00:00,2014-07-30 00:00,931.06,,FEET
SHA,D,6,RES ELE,2014-07-31 00:00,2014-07-31 00:00,930.60,,FEET
SHA,D,6,RES ELE,2014-08-01 00:00,2014-08-01 00:00,929.88,,FEET
SHA,D,6,RES ELE,2014-08-02 00:00,2014-08-02 00:00,929.51,,FEET
SHA,D,6,RES ELE,2014-08-03 00:00,2014-08-03 00:00,928.98,,FEET
SHA,D,6,RES ELE,2014-08-04 00:00,2014-08-04 00:00,928.27,,FEET
SHA,D,6,RES ELE,2014-08-05 00:00,2014-08-05 00:00,927.63,,FEET
SHA,D,6,RES ELE,2014-08-06 00:00,2014-08-06 00:00,926.75,,FEET
SHA,D,6,RES ELE,2014-08-07 00:00,2014-08-07 00:00,925.97,,FEET
SHA,D,6,RES ELE,2014-08-08 00:00,2014-08-08 00:00,925.37,,FEET
SHA,D,6,RES ELE,2014-08-09 00:00,2014-08-09 00:00,924.81,,FEET
SHA,D,6,RES ELE,2014-08-10 00:00,2014-08-10 00:00,924.32,,FEET
SHA,D,6,RES ELE,2014-08-11 00:00,2014-08-11 00:00,923.96,,FEET
SHA,D,6,RES ELE,2014-08-12 00:00,2014-08-12 00:00,923.56,,FEET
SHA,D,6,RES ELE,2014-08-13 00:00,2014-08-13 00:00,923.12,,FEET
SHA,D,6,RES ELE,2014-08-14 00:00,2014-08-14 00:00,922.71,,FEET
SHA,D,6,RES ELE,2014-08-15 00:00,2014-08-15 00:00,922.22,,FEET
SHA,D,6,RES ELE,2014-08-16 00:00,2014-08-16 00:00,921.78,,FEET
SHA,D,6,RES ELE,2014-08-17 00:00,2014-08-17 00:00,921.33,,FEET
SHA,D,6,RES ELE,2014-08-18 00:00,2014-08-18 00:00,920.90,,FEET
SHA,D,6,RES ELE,2014-08-19 00:00,2014-08-19 00:00,920.41,,FEET
SHA,D,6,RES ELE,2014-08-20 00:00,2014-08-20 00:00,919.95,,FEET
SHA,D,6,RES ELE,2014-08-21 00:00,2014-08-21 00:00,919.56,,FEET
SHA,D,6,RES ELE,2014-08-22 00:00,2014-08-22 00:00,919.08,,FEET
SHA,D,6,RES ELE,2014-08-23 00:00,2014-08-23 00:00,918.64,,FEET
SHA,D,6,RES ELE,2014-08-24 00:00,2014-08-24 00:00,918.06,,FEET
SHA,D,6,RES ELE,2014-08-25 00:00,2014-08-25 00:00,917.57,,FEET
SHA,D,6,RES ELE,2014-08-26 00:00,2014-08-26 00:00,917.08,,FEET
SHA,D,6,RES ELE,2014-08-27 00:00,2014-08-27 00:00,916.66,,FEET
SHA,D,6,RES ELE,2014-08-28 00:00,2014-08-28 00:00,915.94,,FEET
SHA,D,6,RES ELE,2014-08-29 00:00,2014-08-29 00:00,915.22,,FEET
SHA,D,6,RES ELE,2014-08-30 00:00,2014-08-30 00:00,914.55,,FEET
SHA,D,6,RES ELE,2014-08-31 00:00,2014-08-31 00:00,913.86,,FEET
SHA,D,6,RES ELE,2014-09-01 00:00,2014-09-01 00:00,913.32,,FEET
SHA,D,6,RES ELE,2014-09-02 00:00,2014-09-02 00:00,912.62,,FEET
SHA,D,6,RES ELE,2014-09-03 00:00,2014-09-03 00:00,911.92,,FEET
SHA,D,6,RES ELE,2014-09-04 00:00,2014-09-04 00:00,911.30,,FEET
SHA,D,6,RES ELE,2014-09-05 00:00,2014-09-05 00:00,910.70,,FEET
SHA,D,6,RES ELE,2014-09-06 00:00,2014-09-06 00:00,910.08,,FEET
SHA,D,6,RES ELE,2014-09-07 00:00,2014-09-07 00:00,909.50,,FEET
SHA,D,6,RES ELE,2014-09-08 00:00,2014-09-08 00:00,908.82,,FEET
SHA,D,6,RES ELE,2014-09-09 00:00,2014-09-09 00:00,908.24,,FEET
SHA,D,6,RES ELE,2014-09-10 00:00,2014-09-10 00:00,907.71,,FEET
SHA,D,6,RES ELE,2014-09-11 00:00,2014-09-11 00:00,907.21,,FEET
SHA,D,6,RES ELE,2014-09-12 00:00,2014-09-12 00:00,906.81,,FEET
SHA,D,6,RES ELE,2014-09-13 00:00,2014-09-13 00:00,906.37,,FEET
SHA,D,6,RES ELE,2014-09-14 00:00,2014-09-14 00:00,906.02,,FEET
SHA,D,6,RES ELE,2014-09-15 00:00,2014-09-15 00:00,905.25,,FEET
SHA,D,6,RES ELE,2014-09-16 00:00,2014-09-16 00:00,904.87,,FEET
SHA,D,6,RES ELE,2014-09-17 00:00,2014-09-17 00:00,904.45,,FEET
SHA,D,6,RES ELE,2014-09-18 00:00,2014-09-18 00:00,903.94,,FEET
SHA,D,6,RES ELE,2014-09-19 00:00,2014-09-19 00:00,903.55,,FEET
SHA,D,6,RES ELE,2014-09-20 00:00,2014-09-20 00:00,902.92,,FEET
SHA,D,6,RES ELE,2014-09-21 00:00,2014-09-21 00:00,902.33,,FEET
SHA,D,6,RES ELE,2014-09-22 00:00,2014-09-22 00:00,901.72,,FEET
SHA,D,6,RES ELE,2014-09-23 00:00,2014-09-23 00:00,901.53,,FEET
SHA,D,6,RES ELE,2014-09-24 00:00,2014-09-24 00:00,901.25,,FEET
SHA,D,6,RES ELE,2014-09-25 00:00,2014-09-25 00:00,901.20,,FEET
SHA,D,6,RES ELE,2014-09-26 00:00,2014-09-26 00:00,900.88,,FEET
SHA,D,6,RES ELE,2014-09-27 00:00,2014-09-27 00:00,900.55,,FEET
SHA,D,6,RES ELE,2014-09-28 00:00,2014-09-28 00:00,900.06,,FEET
SHA,D,6,RES ELE,2014-09-29 00:00,2014-09-29 00:00,899.58,,FEET
SHA,D,6,RES ELE,2014-09-30 00:00,2014-09-30 00:00,899.10,,FEET
SHA,D,6,RES ELE,2014-10-01 00:00,2014-10-01 00:00,898.58,,FEET
SHA,D,6,RES ELE,2014-10-02 00:00,2014-10-02 00:00,898.20,,FEET
SHA,D,6,RES ELE,2014-10-03 00:00,2014-10-03 00:00,897.96,,FEET
SHA,D,6,RES ELE,2014-10-04 00:00,2014-10-04 00:00,897.63,,FEET
SHA,D,6,RES ELE,2014-10-05 00:00,2014-10-05 00:00,897.23,,FEET
SHA,D,6,RES ELE,2014-10-06 00:00,2014-10-06 00:00,897.19,,FEET
SHA,D,6,RES ELE,2014-10-07 00:00,2014-10-07 00:00,897.27,,FEET
SHA,D,6,RES ELE,2014-10-08 00:00,2014-10-08 00:00,897.13,,FEET
SHA,D,6,RES ELE,2014-10-09 00:00,2014-10-09 00:00,897.02,,FEET
SHA,D,6,RES ELE,2014-10-10 00:00,2014-10-10 00:00,896.64,,FEET
SHA,D,6,RES ELE,2014-10-11 00:00,2014-10-11 00:00,896.30,,FEET
SHA,D,6,RES ELE,2014-10-12 00:00,2014-10-12 00:00,896.01,,FEET
SHA,D,6,RES ELE,2014-10-13 00:00,2014-10-13 00:00,895.79,,FEET
SHA,D,6,RES ELE,2014-10-14 00:00,2014-10-14 00:00,895.78,,FEET
SHA,D,6,RES ELE,2014-10-15 00:00,2014-10-15 00:00,895.64,,FEET
SHA,D,6,RES ELE,2014-10-16 00:00,2014-10-16 00:00,895.68,,FEET
SHA,D,6,RES ELE,2014-10-17 00:00,2014-10-17 00:00,895.60,,FEET
SHA,D,6,RES ELE,2014-10-18 00:00,2014-10-18 00:00,895.45,,FEET
SHA,D,6,RES ELE,2014-10-19 00:00,2014-10-19 00:00,895.26,,FEET
SHA,D,6,RES ELE,2014-10-20 00:00,2014-10-20 00:00,895.23,,FEET
SHA,D,6,RES ELE,2014-10-21 00:00,2014-10-21 00:00,895.21,,FEET
SHA,D,6,RES ELE,2014-10-22 00:00,2014-10-22 00:00,895.03,,FEET
SHA,D,6,RES ELE,2014-10-23 00:00,2014-10-23 00:00,894.76,,FEET
SHA,D,6,RES ELE,2014-10-24 00:00,2014-10-24 00:00,895.08,,FEET
SHA,D,6,RES ELE,2014-10-25 00:00,2014-10-25 00:00,895.82,,FEET
SHA,D,6,RES ELE,2014-10-26 00:00,2014-10-26 00:00,895.60,,FEET
SHA,D,6,RES ELE,2014-10-27 00:00,2014-10-27 00:00,895.38,,FEET
SHA,D,6,RES ELE,2014-10-28 00:00,2014-10-28 00:00,895.09,,FEET
SHA,D,6,RES ELE,2014-10-29 00:00,2014-10-29 00:00,895.02,,FEET
SHA,D,6,RES ELE,2014-10-30 00:00,2014-10-30 00:00,895.12,,FEET
SHA,D,6,RES ELE,2014-10-31 00:00,2014-10-31 00:00,895.01,,FEET
SHA,D,6,RES ELE,2014-11-01 00:00,2014-11-01 00:00,895.14,,FEET
SHA,D,6,RES ELE,2014-11-02 00:00,2014-11-02 00:00,895.22,,FEET
SHA,D,6,RES ELE,2014-11-03 00:00,2014-11-03 00:00,895.03,,FEET
SHA,D,6,RES ELE,2014-11-04 00:00,2014-11-04 00:00,894.73,,FEET
SHA,D,6,RES ELE,2014-11-05 00:00,2014-11-05 00:00,894.48,,FEET
SHA,D,6,RES ELE,2014-11-06 00:00,2014-11-06 00:00,894.18,,FEET
SHA,D,6,RES ELE,2014-11-07 00:00,2014-11-07 00:00,893.79,,FEET
SHA,D,6,RES ELE,2014-11-08 00:00,2014-11-08 00:00,893.44,,FEET
SHA,D,6,RES ELE,2014-11-09 00:00,2014-11-09 00:00,893.06,,FEET
SHA,D,6,RES ELE,2014-11-10 00:00,2014-11-10 00:00,892.70,,FEET
SHA,D,6,RES ELE,2014-11-11 00:00,2014-11-11 00:00,892.41,,FEET
SHA,D,6,RES ELE,2014-11-12 00:00,2014-11-12 00:00,892.03,,FEET
SHA,D,6,RES ELE,2014-11-13 00:00,2014-11-13 00:00,891.83,,FEET
SHA,D,6,RES ELE,2014-11-14 00:00,2014-11-14 00:00,891.39,,FEET
SHA,D,6,RES ELE,2014-11-15 00:00,2014-11-15 00:00,891.12,,FEET
SHA,D,6,RES ELE,2014-11-16 00:00,2014-11-16 00:00,890.68,,FEET
SHA,D,6,RES ELE,2014-11-17 00:00,2014-11-17 00:00,890.22,,FEET
SHA,D,6,RES ELE,2014-11-18 00:00,2014-11-18 00:00,890.07,,FEET
SHA,D,6,RES ELE,2014-11-19 00:00,2014-11-19 00:00,890.06,,FEET
SHA,D,6,RES ELE,2014-11-20 00:00,2014-11-20 00:00,890.23,,FEET
SHA,D,6,RES ELE,2014-11-21 00:00,2014-11-21 00:00,890.08,,FEET
SHA,D,6,RES ELE,2014-11-22 00:00,2014-11-22 00:00,890.22,,FEET
SHA,D,6,RES ELE,2014-11-23 00:00,2014-11-23 00:00,890.12,,FEET
SHA,D,6,RES ELE,2014-11-24 00:00,2014-11-24 00:00,890.01,,FEET
SHA,D,6,RES ELE,2014-11-25 00:00,2014-11-25 00:00,889.93,,FEET
SHA,D,6,RES ELE,2014-11-26 00:00,2014-11-26 00:00,889.67,,FEET
SHA,D,6,RES ELE,2014-11-27 00:00,2014-11-27 00:00,889.55,,FEET
SHA,D,6,RES ELE,2014-11-28 00:00,2014-11-28 00:00,889.56,,FEET
SHA,D,6,RES ELE,2014-11-29 00:00,2014-11-29 00:00,889.49,,FEET
SHA,D,6,RES ELE,2014-11-30 00:00,2014-11-30 00:00,889.66,,FEET
SHA,D,6,RES ELE,2014-12-01 00:00,2014-12-01 00:00,889.77,,FEET
SHA,D,6,RES ELE,2014-12-02 00:00,2014-12-02 00:00,889.79,,FEET
SHA,D,6,RES ELE,2014-12-03 00:00,2014-12-03 00:00,890.37,,FEET
SHA,D,6,RES ELE,2014-12-04 00:00,2014-12-04 00:00,891.42,,FEET
SHA,D,6,RES ELE,2014-12-05 00:00,2014-12-05 00:00,892.65,,FEET
SHA,D,6,RES ELE,2014-12-06 00:00,2014-12-06 00:00,895.15,,FEET
SHA,D,6,RES ELE,2014-12-07 00:00,2014-12-07 00:00,896.34,,FEET
SHA,D,6,RES ELE,2014-12-08 00:00,2014-12-08 00:00,897.44,,FEET
SHA,D,6,RES ELE,2014-12-09 00:00,2014-12-09 00:00,898.43,,FEET
SHA,D,6,RES ELE,2014-12-10 00:00,2014-12-10 00:00,900.24,,FEET
SHA,D,6,RES ELE,2014-12-11 00:00,2014-12-11 00:00,910.80,,FEET
SHA,D,6,RES ELE,2014-12-12 00:00,2014-12-12 00:00,915.77,,FEET
SHA,D,6,RES ELE,2014-12-13 00:00,2014-12-13 00:00,918.25,,FEET
SHA,D,6,RES ELE,2014-12-14 00:00,2014-12-14 00:00,920.13,,FEET
SHA,D,6,RES ELE,2014-12-15 00:00,2014-12-15 00:00,921.46,,FEET
SHA,D,6,RES ELE,2014-12-16 00:00,2014-12-16 00:00,922.78,,FEET
SHA,D,6,RES ELE,2014-12-17 00:00,2014-12-17 00:00,925.04,,FEET
SHA,D,6,RES ELE,2014-12-18 00:00,2014-12-18 00:00,927.57,,FEET
SHA,D,6,RES ELE,2014-12-19 00:00,2014-12-19 00:00,931.53,,FEET
SHA,D,6,RES ELE,2014-12-20 00:00,2014-12-20 00:00,935.28,,FEET
SHA,D,6,RES ELE,2014-12-21 00:00,2014-12-21 00:00,938.34,,FEET
SHA,D,6,RES ELE,2014-12-22 00:00,2014-12-22 00:00,940.36,,FEET
SHA,D,6,RES ELE,2014-12-23 00:00,2014-12-23 00:00,942.08,,FEET
SHA,D,6,RES ELE,2014-12-24 00:00,2014-12-24 00:00,943.51,,FEET
SHA,D,6,RES ELE,2014-12-25 00:00,2014-12-25 00:00,944.83,,FEET
SHA,D,6,RES ELE,2014-12-26 00:00,2014-12-26 00:00,945.81,,FEET
SHA,D,6,RES ELE,2014-12-27 00:00,2014-12-27 00:00,946.77,,FEET
SHA,D,6,RES ELE,2014-12-28 00:00,2014-12-28 00:00,947.63,,FEET
SHA,D,6,RES ELE,2014-12-29 00:00,2014-12-29 00:00,948.30,,FEET
SHA,D,6,RES ELE,2014-12-30 00:00,2014-12-30 00:00,948.90,,FEET
SHA,D,6,RES ELE,2014-12-31 00:00,2014-12-31 00:00,949.41,,FEET
SHA,D,6,RES ELE,2015-01-01 00:00,2015-01-01 00:00,949.96,,FEET
SHA,D,6,RES ELE,2015-01-02 00:00,2015-01-02 00:00,950.53,,FEET
SHA,D,6,RES ELE,2015-01-03 00:00,2015-01-03 00:00,950.88,,FEET
SHA,D,6,RES ELE,2015-01-04 00:00,2015-01-04 00:00,951.29,,FEET
SHA,D,6,RES ELE,2015-01-05 00:00,2015-01-05 00:00,951.59,,FEET
SHA,D,6,RES ELE,2015-01-06 00:00,2015-01-06 00:00,951.81,,FEET
SHA,D,6,RES ELE,2015-01-07 00:00,2015-01-07 00:00,952.07,,FEET
SHA,D,6,RES ELE,2015-01-08 00:00,2015-01-08 00:00,952.34,,FEET
SHA,D,6,RES ELE,2015-01-09 00:00,2015-01-09 00:00,952.55,,FEET
SHA,D,6,RES ELE,2015-01-10 00:00,2015-01-10 00:00,952.84,,FEET
SHA,D,6,RES ELE,2015-01-11 00:00,2015-01-11 00:00,953.06,,FEET
SHA,D,6,RES ELE,2015-01-12 00:00,2015-01-12 00:00,953.34,,FEET
SHA,D,6,RES ELE,2015-01-13 00:00,2015-01-13 00:00,953.29,,FEET
SHA,D,6,RES ELE,2015-01-14 00:00,2015-01-14 00:00,953.34,,FEET
SHA,D,6,RES ELE,2015-01-15 00:00,2015-01-15 00:00,953.52,,FEET
SHA,D,6,RES ELE,2015-01-16 00:00,2015-01-16 00:00,953.76,,FEET
SHA,D,6,RES ELE,2015-01-17 00:00,2015-01-17 00:00,954.09,,FEET
SHA,D,6,RES ELE,2015-01-18 00:00,2015-01-18 00:00,954.33,,FEET
SHA,D,6,RES ELE,2015-01-19 00:00,2015-01-19 00:00,954.40,,FEET
SHA,D,6,RES ELE,2015-01-20 00:00,2015-01-20 00:00,954.78,,FEET
SHA,D,6,RES ELE,2015-01-21 00:00,2015-01-21 00:00,955.06,,FEET
SHA,D,6,RES ELE,2015-01-22 00:00,2015-01-22 00:00,955.46,,FEET
SHA,D,6,RES ELE,2015-01-23 00:00,2015-01-23 00:00,955.68,,FEET
SHA,D,6,RES ELE,2015-01-24 00:00,2015-01-24 00:00,955.81,,FEET
SHA,D,6,RES ELE,2015-01-25 00:00,2015-01-25 00:00,956.17,,FEET
SHA,D,6,RES ELE,2015-01-26 00:00,2015-01-26 00:00,956.61,,FEET
SHA,D,6,RES ELE,2015-01-27 00:00,2015-01-27 00:00,956.67,,FEET
SHA,D,6,RES ELE,2015-01-28 00:00,2015-01-28 00:00,956.97,,FEET
SHA,D,6,RES ELE,2015-01-29 00:00,2015-01-29 00:00,957.52,,FEET
SHA,D,6,RES ELE,2015-01-30 00:00,2015-01-30 00:00,957.48,,FEET
SHA,D,6,RES ELE,2015-01-31 00:00,2015-01-31 00:00,957.35,,FEET
SHA,D,6,RES ELE,2015-02-01 00:00,2015-02-01 00:00,957.52,,FEET
SHA,D,6,RES ELE,2015-02-02 00:00,2015-02-02 00:00,957.80,,FEET
SHA,D,6,RES ELE,2015-02-03 00:00,2015-02-03 00:00,957.87,,FEET
SHA,D,6,RES ELE,2015-02-04 00:00,2015-02-04 00:00,958.44,,FEET
SHA,D,6,RES ELE,2015-02-05 00:00,2015-02-05 00:00,958.88,,FEET
SHA,D,6,RES ELE,2015-02-06 00:00,2015-02-06 00:00,961.37,,FEET
SHA,D,6,RES ELE,2015-02-07 00:00,2015-02-07 00:00,966.04,,FEET
SHA,D,6,RES ELE,2015-02-08 00:00,2015-02-08 00:00,969.71,,FEET
SHA,D,6,RES ELE,2015-02-09 00:00,2015-02-09 00:00,974.62,,FEET
SHA,D,6,RES ELE,2015-02-10 00:00,2015-02-10 00:00,977.40,,FEET
SHA,D,6,RES ELE,2015-02-11 00:00,2015-02-11 00:00,979.40,,FEET
SHA,D,6,RES ELE,2015-02-12 00:00,2015-02-12 00:00,980.96,,FEET
SHA,D,6,RES ELE,2015-02-13 00:00,2015-02-13 00:00,982.21,,FEET
SHA,D,6,RES ELE,2015-02-14 00:00,2015-02-14 00:00,983.08,,FEET
SHA,D,6,RES ELE,2015-02-15 00:00,2015-02-15 00:00,983.90,,FEET
SHA,D,6,RES ELE,2015-02-16 00:00,2015-02-16 00:00,984.54,,FEET
SHA,D,6,RES ELE,2015-02-17 00:00,2015-02-17 00:00,985.25,,FEET
SHA,D,6,RES ELE,2015-02-18 00:00,2015-02-18 00:00,986.02,,FEET
SHA,D,6,RES ELE,2015-02-19 00:00,2015-02-19 00:00,986.54,,FEET
SHA,D,6,RES ELE,2015-02-20 00:00,2015-02-20 00:00,987.11,,FEET
SHA,D,6,RES ELE,2015-02-21 00:00,2015-02-21 00:00,987.70,,FEET
SHA,D,6,RES ELE,2015-02-22 00:00,2015-02-22 00:00,988.13,,FEET
SHA,D,6,RES ELE,2015-02-23 00:00,2015-02-23 00:00,988.66,,FEET
SHA,D,6,RES ELE,2015-02-24 00:00,2015-02-24 00:00,988.92,,FEET
SHA,D,6,RES ELE,2015-02-25 00:00,2015-02-25 00:00,989.11,,FEET
SHA,D,6,RES ELE,2015-02-26 00:00,2015-02-26 00:00,989.30,,FEET
SHA,D,6,RES ELE,2015-02-27 00:00,2015-02-27 00:00,989.51,,FEET
SHA,D,6,RES ELE,2015-02-28 00:00,2015-02-28 00:00,989.81,,FEET
SHA,D,6,RES ELE,2015-03-01 00:00,2015-03-01 00:00,990.22,,FEET
SHA,D,6,RES ELE,2015-03-02 00:00,2015-03-02 00:00,990.42,,FEET
SHA,D,6,RES ELE,2015-03-03 00:00,2015-03-03 00:00,990.48,,FEET
SHA,D,6,RES ELE,2015-03-04 00:00,2015-03-04 00:00,990.60,,FEET
SHA,D,6,RES ELE,2015-03-05 00:00,2015-03-05 00:00,990.69,,FEET
SHA,D,6,RES ELE,2015-03-06 00:00,2015-03-06 00:00,990.82,,FEET
SHA,D,6,RES ELE,2015-03-07 00:00,2015-03-07 00:00,990.88,,FEET
SHA,D,6,RES ELE,2015-03-08 00:00,2015-03-08 00:00,991.07,,FEET
SHA,D,6,RES ELE,2015-03-09 00:00,2015-03-09 00:00,991.17,,FEET
SHA,D,6,RES ELE,2015-03-10 00:00,2015-03-10 00:00,991.34,,FEET
SHA,D,6,RES ELE,2015-03-11 00:00,2015-03-11 00:00,991.49,,FEET
SHA,D,6,RES ELE,2015-03-12 00:00,2015-03-12 00:00,991.59,,FEET
SHA,D,6,RES ELE,2015-03-13 00:00,2015-03-13 00:00,991.70,,FEET
SHA,D,6,RES ELE,2015-03-14 00:00,2015-03-14 00:00,991.84,,FEET
SHA,D,6,RES ELE,2015-03-15 00:00,2015-03-15 00:00,991.94,,FEET
SHA,D,6,RES ELE,2015-03-16 00:00,2015-03-16 00:00,992.21,,FEET
SHA,D,6,RES ELE,2015-03-17 00:00,2015-03-17 00:00,992.16,,FEET
SHA,D,6,RES ELE,2015-03-18 00:00,2015-03-18 00:00,992.19,,FEET
SHA,D,6,RES ELE,2015-03-19 00:00,2015-03-19 00:00,992.34,,FEET
SHA,D,6,RES ELE,2015-03-20 00:00,2015-03-20 00:00,992.41,,FEET
SHA,D,6,RES ELE,2015-03-21 00:00,2015-03-21 00:00,992.37,,FEET
SHA,D,6,RES ELE,2015-03-22 00:00,2015-03-22 00:00,992.44,,FEET
SHA,D,6,RES ELE,2015-03-23 00:00,2015-03-23 00:00,992.48,,FEET
SHA,D,6,RES ELE,2015-03-24 00:00,2015-03-24 00:00,992.51,,FEET
SHA,D,6,RES ELE,2015-03-25 00:00,2015-03-25 00:00,992.66,,FEET
SHA,D,6,RES ELE,2015-03-26 00:00,2015-03-26 00:00,992.78,,FEET
SHA,D,6,RES ELE,2015-03-27 00:00,2015-03-27 00:00,992.90,,FEET
SHA,D,6,RES ELE,2015-03-28 00:00,2015-03-28 00:00,992.98,,FEET
SHA,D,6,RES ELE,2015-03-29 00:00,2015-03-29 00:00,993.20,,FEET
SHA,D,6,RES ELE,2015-03-30 00:00,2015-03-30 00:00,993.36,,FEET
SHA,D,6,RES ELE,2015-03-31 00:00,2015-03-31 00:00,993.48,,FEET
SHA,D,6,RES ELE,2015-04-01 00:00,2015-04-01 00:00,993.51,,FEET
SHA,D,6,RES ELE,2015-04-02 00:00,2015-04-02 00:00,993.54,,FEET
SHA,D,6,RES ELE,2015-04-03 00:00,2015-04-03 00:00,993.70,,FEET
SHA,D,6,RES ELE,2015-04-04 00:00,2015-04-04 00:00,993.75,,FEET
SHA,D,6,RES ELE,2015-04-05 00:00,2015-04-05 00:00,993.87,,FEET
SHA,D,6,RES ELE,2015-04-06 00:00,2015-04-06 00:00,993.98,,FEET
SHA,D,6,RES ELE,2015-04-07 00:00,2015-04-07 00:00,994.20,,FEET
SHA,D,6,RES ELE,2015-04-08 00:00,2015-04-08 00:00,994.27,,FEET
SHA,D,6,RES ELE,2015-04-09 00:00,2015-04-09 00:00,994.48,,FEET
SHA,D,6,RES ELE,2015-04-10 00:00,2015-04-10 00:00,994.61,,FEET
SHA,D,6,RES ELE,2015-04-11 00:00,2015-04-11 00:00,994.65,,FEET
SHA,D,6,RES ELE,2015-04-12 00:00,2015-04-12 00:00,994.80,,FEET
SHA,D,6,RES ELE,2015-04-13 00:00,2015-04-13 00:00,994.83,,FEET
SHA,D,6,RES ELE,2015-04-14 00:00,2015-04-14 00:00,994.96,,FEET
SHA,D,6,RES ELE,2015-04-15 00:00,2015-04-15 00:00,995.04,,FEET
SHA,D,6,RES ELE,2015-04-16 00:00,2015-04-16 00:00,995.04,,FEET
SHA,D,6,RES ELE,2015-04-17 00:00,2015-04-17 00:00,994.98,,FEET
SHA,D,6,RES ELE,2015-04-18 00:00,2015-04-18 00:00,994.90,,FEET
SHA,D,6,RES ELE,2015-04-19 00:00,2015-04-19 00:00,994.89,,FEET
SHA,D,6,RES ELE,2015-04-20 00:00,2015-04-20 00:00,994.87,,FEET
SHA,D,6,RES ELE,2015-04-21 00:00,2015-04-21 00:00,994.76,,FEET
SHA,D,6,RES ELE,2015-04-22 00:00,2015-04-22 00:00,994.64,,FEET
SHA,D,6,RES ELE,2015-04-23 00:00,2015-04-23 00:00,994.43,,FEET
SHA,D,6,RES ELE,2015-04-24 00:00,2015-04-24 00:00,994.18,,FEET
SHA,D,6,RES ELE,2015-04-25 00:00,2015-04-25 00:00,993.88,,FEET
SHA,D,6,RES ELE,2015-04-26 00:00,2015-04-26 00:00,993.45,,FEET
SHA,D,6,RES ELE,2015-04-27 00:00,2015-04-27 00:00,993.20,,FEET
SHA,D,6,RES ELE,2015-04-28 00:00,2015-04-28 00:00,992.88,,FEET
SHA,D,6,RES ELE,2015-04-29 00:00,2015-04-29 00:00,992.52,,FEET
SHA,D,6,RES ELE,2015-04-30 00:00,2015-04-30 00:00,992.21,,FEET
SHA,D,6,RES ELE,2015-05-01 00:00,2015-05-01 00:00,991.83,,FEET
SHA,D,6,RES ELE,2015-05-02 00:00,2015-05-02 00:00,991.47,,FEET
SHA,D,6,RES ELE,2015-05-03 00:00,2015-05-03 00:00,991.05,,FEET
SHA,D,6,RES ELE,2015-05-04 00:00,2015-05-04 00:00,990.72,,FEET
SHA,D,6,RES ELE,2015-05-05 00:00,2015-05-05 00:00,990.26,,FEET
SHA,D,6,RES ELE,2015-05-06 00:00,2015-05-06 00:00,989.84,,FEET
SHA,D,6,RES ELE,2015-05-07 00:00,2015-05-07 00:00,989.55,,FEET
SHA,D,6,RES ELE,2015-05-08 00:00,2015-05-08 00:00,989.12,,FEET
SHA,D,6,RES ELE,2015-05-09 00:00,2015-05-09 00:00,988.68,,FEET
SHA,D,6,RES ELE,2015-05-10 00:00,2015-05-10 00:00,988.26,,FEET
SHA,D,6,RES ELE,2015-05-11 00:00,2015-05-11 00:00,987.85,,FEET
SHA,D,6,RES ELE,2015-05-12 00:00,2015-05-12 00:00,987.49,,FEET
SHA,D,6,RES ELE,2015-05-13 00:00,2015-05-13 00:00,987.08,,FEET
SHA,D,6,RES ELE,2015-05-14 00:00,2015-05-14 00:00,986.52,,FEET
SHA,D,6,RES ELE,2015-05-15 00:00,2015-05-15 00:00,986.25,,FEET
SHA,D,6,RES ELE,2015-05-16 00:00,2015-05-16 00:00,985.90,,FEET
SHA,D,6,RES ELE,2015-05-17 00:00,2015-05-17 00:00,985.52,,FEET
SHA,D,6,RES ELE,2015-05-18 00:00,2015-05-18 00:00,985.08,,FEET
SHA,D,6,RES ELE,2015-05-19 00:00,2015-05-19 00:00,984.56,,FEET
SHA,D,6,RES ELE,2015-05-20 00:00,2015-05-20 00:00,984.31,,FEET
SHA,D,6,RES ELE,2015-05-21 00:00,2015-05-21 00:00,983.89,,FEET
SHA,D,6,RES ELE,2015-05-22 00:00,2015-05-22 00:00,983.46,,FEET
SHA,D,6,RES ELE,2015-05-23 00:00,2015-05-23 00:00,982.92,,FEET
SHA,D,6,RES ELE,2015-05-24 00:00,2015-05-24 00:00,982.42,,FEET
SHA,D,6,RES ELE,2015-05-25 00:00,2015-05-25 00:00,981.97,,FEET
SHA,D,6,RES ELE,2015-05-26 00:00,2015-05-26 00:00,981.56,,FEET
SHA,D,6,RES ELE,2015-05-27 00:00,2015-05-27 00:00,981.16,,FEET
SHA,D,6,RES ELE,2015-05-28 00:00,2015-05-28 00:00,980.68,,FEET
SHA,D,6,RES ELE,2015-05-29 00:00,2015-05-29 00:00,980.30,,FEET
SHA,D,6,RES ELE,2015-05-30 00:00,2015-05-30 00:00,979.85,,FEET
SHA,D,6,RES ELE,2015-05-31 00:00,2015-05-31 00:00,979.39,,FEET
SHA,D,6,RES ELE,2015-06-01 00:00,2015-06-01 00:00,979.03,,FEET
SHA,D,6,RES ELE,2015-06-02 00:00,2015-06-02 00:00,978.69,,FEET
SHA,D,6,RES ELE,2015-06-03 00:00,2015-06-03 00:00,978.32,,FEET
SHA,D,6,RES ELE,2015-06-04 00:00,2015-06-04 00:00,978.06,,FEET
SHA,D,6,RES ELE,2015-06-05 00:00,2015-06-05 00:00,977.71,,FEET
SHA,D,6,RES ELE,2015-06-06 00:00,2015-06-06 00:00,977.40,,FEET
SHA,D,6,RES ELE,2015-06-07 00:00,2015-06-07 00:00,977.08,,FEET
SHA,D,6,RES ELE,2015-06-08 00:00,2015-06-08 00:00,976.79,,FEET
SHA,D,6,RES ELE,2015-06-09 00:00,2015-06-09 00:00,976.43,,FEET
SHA,D,6,RES ELE,2015-06-10 00:00,2015-06-10 00:00,976.03,,FEET
SHA,D,6,RES ELE,2015-06-11 00:00,2015-06-11 00:00,975.66,,FEET
SHA,D,6,RES ELE,2015-06-12 00:00,2015-06-12 00:00,975.30,,FEET
SHA,D,6,RES ELE,2015-06-13 00:00,2015-06-13 00:00,974.92,,FEET
SHA,D,6,RES ELE,2015-06-14 00:00,2015-06-14 00:00,974.57,,FEET
SHA,D,6,RES ELE,2015-06-15 00:00,2015-06-15 00:00,974.14,,FEET
SHA,D,6,RES ELE,2015-06-16 00:00,2015-06-16 00:00,973.67,,FEET
SHA,D,6,RES ELE,2015-06-17 00:00,2015-06-17 00:00,973.32,,FEET
SHA,D,6,RES ELE,2015-06-18 00:00,2015-06-18 00:00,972.97,,FEET
SHA,D,6,RES ELE,2015-06-19 00:00,2015-06-19 00:00,972.53,,FEET
SHA,D,6,RES ELE,2015-06-20 00:00,2015-06-20 00:00,972.16,,FEET
SHA,D,6,RES ELE,2015-06-21 00:00,2015-06-21 00:00,971.78,,FEET
SHA,D,6,RES ELE,2015-06-22 00:00,2015-06-22 00:00,971.34,,FEET
SHA,D,6,RES ELE,2015-06-23 00:00,2015-06-23 00:00,970.99,,FEET
SHA,D,6,RES ELE,2015-06-24 00:00,2015-06-24 00:00,970.62,,FEET
SHA,D,6,RES ELE,2015-06-25 00:00,2015-06-25 00:00,970.35,,FEET
SHA,D,6,RES ELE,2015-06-26 00:00,2015-06-26 00:00,970.07,,FEET
SHA,D,6,RES ELE,2015-06-27 00:00,2015-06-27 00:00,969.64,,FEET
SHA,D,6,RES ELE,2015-06-28 00:00,2015-06-28 00:00,969.16,,FEET
SHA,D,6,RES ELE,2015-06-29 00:00,2015-06-29 00:00,968.72,,FEET
SHA,D,6,RES ELE,2015-06-30 00:00,2015-06-30 00:00,968.48,,FEET
SHA,D,6,RES ELE,2015-07-01 00:00,2015-07-01 00:00,968.24,,FEET
SHA,D,6,RES ELE,2015-07-02 00:00,2015-07-02 00:00,967.92,,FEET
SHA,D,6,RES ELE,2015-07-03 00:00,2015-07-03 00:00,967.50,,FEET
SHA,D,6,RES ELE,2015-07-04 00:00,2015-07-04 00:00,967.04,,FEET
SHA,D,6,RES ELE,2015-07-05 00:00,2015-07-05 00:00,966.57,,FEET
SHA,D,6,RES ELE,2015-07-06 00:00,2015-07-06 00:00,966.08,,FEET
SHA,D,6,RES ELE,2015-07-07 00:00,2015-07-07 00:00,965.62,,FEET
SHA,D,6,RES ELE,2015-07-08 00:00,2015-07-08 00:00,965.18,,FEET
SHA,D,6,RES ELE,2015-07-09 00:00,2015-07-09 00:00,964.80,,FEET
SHA,D,6,RES ELE,2015-07-10 00:00,2015-07-10 00:00,964.38,,FEET
SHA,D,6,RES ELE,2015-07-11 00:00,2015-07-11 00:00,963.95,,FEET
SHA,D,6,RES ELE,2015-07-12 00:00,2015-07-12 00:00,963.55,,FEET
SHA,D,6,RES ELE,2015-07-13 00:00,2015-07-13 00:00,963.16,,FEET
SHA,D,6,RES ELE,2015-07-14 00:00,2015-07-14 00:00,962.74,,FEET
SHA,D,6,RES ELE,2015-07-15 00:00,2015-07-15 00:00,962.38,,FEET
SHA,D,6,RES ELE,2015-07-16 00:00,2015-07-16 00:00,962.01,,FEET
SHA,D,6,RES ELE,2015-07-17 00:00,2015-07-17 00:00,961.65,,FEET
SHA,D,6,RES ELE,2015-07-18 00:00,2015-07-18 00:00,961.33,,FEET
SHA,D,6,RES ELE,2015-07-19 00:00,2015-07-19 00:00,961.06,,FEET
SHA,D,6,RES ELE,2015-07-20 00:00,2015-07-20 00:00,960.67,,FEET
SHA,D,6,RES ELE,2015-07-21 00:00,2015-07-21 00:00,960.34,,FEET
SHA,D,6,RES ELE,2015-07-22 00:00,2015-07-22 00:00,959.90,,FEET
SHA,D,6,RES ELE,2015-07-23 00:00,2015-07-23 00:00,959.48,,FEET
SHA,D,6,RES ELE,2015-07-24 00:00,2015-07-24 00:00,959.10,,FEET
SHA,D,6,RES ELE,2015-07-25 00:00,2015-07-25 00:00,958.67,,FEET
SHA,D,6,RES ELE,2015-07-26 00:00,2015-07-26 00:00,958.23,,FEET
SHA,D,6,RES ELE,2015-07-27 00:00,2015-07-27 00:00,957.79,,FEET
SHA,D,6,RES ELE,2015-07-28 00:00,2015-07-28 00:00,957.58,,FEET
SHA,D,6,RES ELE,2015-07-29 00:00,2015-07-29 00:00,957.28,,FEET
SHA,D,6,RES ELE,2015-07-30 00:00,2015-07-30 00:00,957.00,,FEET
SHA,D,6,RES ELE,2015-07-31 00:00,2015-07-31 00:00,956.74,,FEET
SHA,D,6,RES ELE,2015-08-01 00:00,2015-08-01 00:00,956.40,,FEET
SHA,D,6,RES ELE,2015-08-02 00:00,2015-08-02 00:00,956.06,,FEET
SHA,D,6,RES ELE,2015-08-03 00:00,2015-08-03 00:00,955.70,,FEET
SHA,D,6,RES ELE,2015-08-04 00:00,2015-08-04 00:00,955.34,,FEET
SHA,D,6,RES ELE,2015-08-05 00:00,2015-08-05 00:00,954.91,,FEET
SHA,D,6,RES ELE,2015-08-06 00:00,2015-08-06 00:00,954.45,,FEET
SHA,D,6,RES ELE,2015-08-07 00:00,2015-08-07 00:00,953.96,,FEET
SHA,D,6,RES ELE,2015-08-08 00:00,2015-08-08 00:00,953.56,,FEET
SHA,D,6,RES ELE,2015-08-09 00:00,2015-08-09 00:00,953.12,,FEET
SHA,D,6,RES ELE,2015-08-10 00:00,2015-08-10 00:00,952.78,,FEET
SHA,D,6,RES ELE,2015-08-11 00:00,2015-08-11 00:00,952.40,,FEET
SHA,D,6,RES ELE,2015-08-12 00:00,2015-08-12 00:00,951.86,,FEET
SHA,D,6,RES ELE,2015-08-13 00:00,2015-08-13 00:00,951.50,,FEET
SHA,D,6,RES ELE,2015-08-14 00:00,2015-08-14 00:00,950.96,,FEET
SHA,D,6,RES ELE,2015-08-15 00:00,2015-08-15 00:00,950.48,,FEET
SHA,D,6,RES ELE,2015-08-16 00:00,2015-08-16 00:00,950.11,,FEET
SHA,D,6,RES ELE,2015-08-17 00:00,2015-08-17 00:00,949.91,,FEET
SHA,D,6,RES ELE,2015-08-18 00:00,2015-08-18 00:00,949.64,,FEET
SHA,D,6,RES ELE,2015-08-19 00:00,2015-08-19 00:00,949.26,,FEET
SHA,D,6,RES ELE,2015-08-20 00:00,2015-08-20 00:00,948.84,,FEET
SHA,D,6,RES ELE,2015-08-21 00:00,2015-08-21 00:00,948.42,,FEET
SHA,D,6,RES ELE,2015-08-22 00:00,2015-08-22 00:00,947.97,,FEET
SHA,D,6,RES ELE,2015-08-23 00:00,2015-08-23 00:00,947.64,,FEET
SHA,D,6,RES ELE,2015-08-24 00:00,2015-08-24 00:00,947.15,,FEET
SHA,D,6,RES ELE,2015-08-25 00:00,2015-08-25 00:00,946.75,,FEET
SHA,D,6,RES ELE,2015-08-26 00:00,2015-08-26 00:00,946.41,,FEET
SHA,D,6,RES ELE,2015-08-27 00:00,2015-08-27 00:00,946.03,,FEET
SHA,D,6,RES ELE,2015-08-28 00:00,2015-08-28 00:00,945.66,,FEET
SHA,D,6,RES ELE,2015-08-29 00:00,2015-08-29 00:00,945.27,,FEET
SHA,D,6,RES ELE,2015-08-30 00:00,2015-08-30 00:00,944.96,,FEET
SHA,D,6,RES ELE,2015-08-31 00:00,2015-08-31 00:00,944.54,,FEET
SHA,D,6,RES ELE,2015-09-01 00:00,2015-09-01 00:00,944.18,,FEET
SHA,D,6,RES ELE,2015-09-02 00:00,2015-09-02 00:00,943.74,,FEET
SHA,D,6,RES ELE,2015-09-03 00:00,2015-09-03 00:00,943.26,,FEET
SHA,D,6,RES ELE,2015-09-04 00:00,2015-09-04 00:00,942.76,,FEET
SHA,D,6,RES ELE,2015-09-05 00:00,2015-09-05 00:00,942.25,,FEET
SHA,D,6,RES ELE,2015-09-06 00:00,2015-09-06 00:00,941.72,,FEET
SHA,D,6,RES ELE,2015-09-07 00:00,2015-09-07 00:00,941.27,,FEET
SHA,D,6,RES ELE,2015-09-08 00:00,2015-09-08 00:00,940.78,,FEET
SHA,D,6,RES ELE,2015-09-09 00:00,2015-09-09 00:00,940.47,,FEET
SHA,D,6,RES ELE,2015-09-10 00:00,2015-09-10 00:00,940.12,,FEET
SHA,D,6,RES ELE,2015-09-11 00:00,2015-09-11 00:00,939.69,,FEET
SHA,D,6,RES ELE,2015-09-12 00:00,2015-09-12 00:00,939.28,,FEET
SHA,D,6,RES ELE,2015-09-13 00:00,2015-09-13 00:00,938.75,,FEET
SHA,D,6,RES ELE,2015-09-14 00:00,2015-09-14 00:00,938.31,,FEET
SHA,D,6,RES ELE,2015-09-15 00:00,2015-09-15 00:00,937.79,,FEET
SHA,D,6,RES ELE,2015-09-16 00:00,2015-09-16 00:00,937.41,,FEET
SHA,D,6,RES ELE,2015-09-17 00:00,2015-09-17 00:00,937.01,,FEET
SHA,D,6,RES ELE,2015-09-18 00:00,2015-09-18 00:00,936.65,,FEET
SHA,D,6,RES ELE,2015-09-19 00:00,2015-09-19 00:00,936.38,,FEET
SHA,D,6,RES ELE,2015-09-20 00:00,2015-09-20 00:00,935.96,,FEET
SHA,D,6,RES ELE,2015-09-21 00:00,2015-09-21 00:00,935.70,,FEET
SHA,D,6,RES ELE,2015-09-22 00:00,2015-09-22 00:00,935.39,,FEET
SHA,D,6,RES ELE,2015-09-23 00:00,2015-09-23 00:00,935.08,,FEET
SHA,D,6,RES ELE,2015-09-24 00:00,2015-09-24 00:00,934.65,,FEET
SHA,D,6,RES ELE,2015-09-25 00:00,2015-09-25 00:00,934.37,,FEET
SHA,D,6,RES ELE,2015-09-26 00:00,2015-09-26 00:00,934.03,,FEET
SHA,D,6,RES ELE,2015-09-27 00:00,2015-09-27 00:00,933.62,,FEET
SHA,D,6,RES ELE,2015-09-28 00:00,2015-09-28 00:00,933.21,,FEET
SHA,D,6,RES ELE,2015-09-29 00:00,2015-09-29 00:00,932.82,,FEET
SHA,D,6,RES ELE,2015-09-30 00:00,2015-09-30 00:00,932.46,,FEET
SHA,D,6,RES ELE,2015-10-01 00:00,2015-10-01 00:00,931.96,,FEET
SHA,D,6,RES ELE,2015-10-02 00:00,2015-10-02 00:00,931.47,,FEET
SHA,D,6,RES ELE,2015-10-03 00:00,2015-10-03 00:00,930.82,,FEET
SHA,D,6,RES ELE,2015-10-04 00:00,2015-10-04 00:00,930.30,,FEET
SHA,D,6,RES ELE,2015-10-05 00:00,2015-10-05 00:00,929.74,,FEET
SHA,D,6,RES ELE,2015-10-06 00:00,2015-10-06 00:00,929.21,,FEET
SHA,D,6,RES ELE,2015-10-07 00:00,2015-10-07 00:00,928.64,,FEET
SHA,D,6,RES ELE,2015-10-08 00:00,2015-10-08 00:00,928.11,,FEET
SHA,D,6,RES ELE,2015-10-09 00:00,2015-10-09 00:00,927.70,,FEET
SHA,D,6,RES ELE,2015-10-10 00:00,2015-10-10 00:00,927.51,,FEET
SHA,D,6,RES ELE,2015-10-11 00:00,2015-10-11 00:00,927.29,,FEET
SHA,D,6,RES ELE,2015-10-12 00:00,2015-10-12 00:00,926.74,,FEET
SHA,D,6,RES ELE,2015-10-13 00:00,2015-10-13 00:00,926.23,,FEET
SHA,D,6,RES ELE,2015-10-14 00:00,2015-10-14 00:00,925.79,,FEET
SHA,D,6,RES ELE,2015-10-15 00:00,2015-10-15 00:00,925.43,,FEET
SHA,D,6,RES ELE,2015-10-16 00:00,2015-10-16 00:00,924.98,,FEET
SHA,D,6,RES ELE,2015-10-17 00:00,2015-10-17 00:00,924.35,,FEET
SHA,D,6,RES ELE,2015-10-18 00:00,2015-10-18 00:00,923.76,,FEET
SHA,D,6,RES ELE,2015-10-19 00:00,2015-10-19 00:00,923.10,,FEET
SHA,D,6,RES ELE,2015-10-20 00:00,2015-10-20 00:00,922.29,,FEET
SHA,D,6,RES ELE,2015-10-21 00:00,2015-10-21 00:00,921.93,,FEET
SHA,D,6,RES ELE,2015-10-22 00:00,2015-10-22 00:00,921.70,,FEET
SHA,D,6,RES ELE,2015-10-23 00:00,2015-10-23 00:00,921.31,,FEET
SHA,D,6,RES ELE,2015-10-24 00:00,2015-10-24 00:00,921.10,,FEET
SHA,D,6,RES ELE,2015-10-25 00:00,2015-10-25 00:00,920.87,,FEET
SHA,D,6,RES ELE,2015-10-26 00:00,2015-10-26 00:00,920.60,,FEET
SHA,D,6,RES ELE,2015-10-27 00:00,2015-10-27 00:00,920.32,,FEET
SHA,D,6,RES ELE,2015-10-28 00:00,2015-10-28 00:00,920.25,,FEET
SHA,D,6,RES ELE,2015-10-29 00:00,2015-10-29 00:00,919.84,,FEET
SHA,D,6,RES ELE,2015-10-30 00:00,2015-10-30 00:00,919.58,,FEET
SHA,D,6,RES ELE,2015-10-31 00:00,2015-10-31 00:00,919.38,,FEET
SHA,D,6,RES ELE,2015-11-01 00:00,2015-11-01 00:00,919.13,,FEET
SHA,D,6,RES ELE,2015-11-02 00:00,2015-11-02 00:00,918.94,,FEET
SHA,D,6,RES ELE,2015-11-03 00:00,2015-11-03 00:00,918.44,,FEET
SHA,D,6,RES ELE,2015-11-04 00:00,2015-11-04 00:00,918.16,,FEET
SHA,D,6,RES ELE,2015-11-05 00:00,2015-11-05 00:00,917.78,,FEET
SHA,D,6,RES ELE,2015-11-06 00:00,2015-11-06 00:00,917.39,,FEET
SHA,D,6,RES ELE,2015-11-07 00:00,2015-11-07 00:00,917.06,,FEET
SHA,D,6,RES ELE,2015-11-08 00:00,2015-11-08 00:00,916.85,,FEET
SHA,D,6,RES ELE,2015-11-09 00:00,2015-11-09 00:00,916.72,,FEET
SHA,D,6,RES ELE,2015-11-10 00:00,2015-11-10 00:00,916.55,,FEET
SHA,D,6,RES ELE,2015-11-11 00:00,2015-11-11 00:00,916.38,,FEET
SHA,D,6,RES ELE,2015-11-12 00:00,2015-11-12 00:00,916.22,,FEET
SHA,D,6,RES ELE,2015-11-13 00:00,2015-11-13 00:00,916.03,,FEET
SHA,D,6,RES ELE,2015-11-14 00:00,2015-11-14 00:00,915.76,,FEET
SHA,D,6,RES ELE,2015-11-15 00:00,2015-11-15 00:00,915.82,,FEET
SHA,D,6,RES ELE,2015-11-16 00:00,2015-11-16 00:00,915.78,,FEET
SHA,D,6,RES ELE,2015-11-17 00:00,2015-11-17 00:00,915.49,,FEET
SHA,D,6,RES ELE,2015-11-18 00:00,2015-11-18 00:00,915.21,,FEET
SHA,D,6,RES ELE,2015-11-19 00:00,2015-11-19 00:00,914.87,,FEET
SHA,D,6,RES ELE,2015-11-20 00:00,2015-11-20 00:00,914.67,,FEET
SHA,D,6,RES ELE,2015-11-21 00:00,2015-11-21 00:00,914.63,,FEET
SHA,D,6,RES ELE,2015-11-22 00:00,2015-11-22 00:00,914.54,,FEET
SHA,D,6,RES ELE,2015-11-23 00:00,2015-11-23 00:00,914.07,,FEET
SHA,D,6,RES ELE,2015-11-24 00:00,2015-11-24 00:00,913.88,,FEET
SHA,D,6,RES ELE,2015-11-25 00:00,2015-11-25 00:00,913.72,,FEET
SHA,D,6,RES ELE,2015-11-26 00:00,2015-11-26 00:00,913.48,,FEET
SHA,D,6,RES ELE,2015-11-27 00:00,2015-11-27 00:00,913.33,,FEET
SHA,D,6,RES ELE,2015-11-28 00:00,2015-11-28 00:00,913.20,,FEET
SHA,D,6,RES ELE,2015-11-29 00:00,2015-11-29 00:00,912.98,,FEET
SHA,D,6,RES ELE,2015-11-30 00:00,2015-11-30 00:00,912.86,,FEET
SHA,D,6,RES ELE,2015-12-01 00:00,2015-12-01 00:00,912.56,,FEET
SHA,D,6,RES ELE,2015-12-02 00:00,2015-12-02 00:00,912.40,,FEET
SHA,D,6,RES ELE,2015-12-03 00:00,2015-12-03 00:00,912.25,,FEET
SHA,D,6,RES ELE,2015-12-04 00:00,2015-12-04 00:00,912.21,,FEET
SHA,D,6,RES ELE,2015-12-05 00:00,2015-12-05 00:00,912.18,,FEET
SHA,D,6,RES ELE,2015-12-06 00:00,2015-12-06 00:00,912.29,,FEET
SHA,D,6,RES ELE,2015-12-07 00:00,2015-12-07 00:00,912.19,,FEET
SHA,D,6,RES ELE,2015-12-08 00:00,2015-12-08 00:00,912.10,,FEET
SHA,D,6,RES ELE,2015-12-09 00:00,2015-12-09 00:00,912.40,,FEET
SHA,D,6,RES ELE,2015-12-10 00:00,2015-12-10 00:00,913.08,,FEET
SHA,D,6,RES ELE,2015-12-11 00:00,2015-12-11 00:00,913.27,,FEET
SHA,D,6,RES ELE,2015-12-12 00:00,2015-12-12 00:00,913.60,,FEET
SHA,D,6,RES ELE,2015-12-13 00:00,2015-12-13 00:00,914.91,,FEET
SHA,D,6,RES ELE,2015-12-14 00:00,2015-12-14 00:00,915.20,,FEET
SHA,D,6,RES ELE,2015-12-15 00:00,2015-12-15 00:00,915.09,,FEET
SHA,D,6,RES ELE,2015-12-16 00:00,2015-12-16 00:00,915.19,,FEET
SHA,D,6,RES ELE,2015-12-17 00:00,2015-12-17 00:00,915.17,,FEET
SHA,D,6,RES ELE,2015-12-18 00:00,2015-12-18 00:00,915.40,,FEET
SHA,D,6,RES ELE,2015-12-19 00:00,2015-12-19 00:00,915.47,,FEET
SHA,D,6,RES ELE,2015-12-20 00:00,2015-12-20 00:00,915.73,,FEET
SHA,D,6,RES ELE,2015-12-21 00:00,2015-12-21 00:00,916.52,,FEET
SHA,D,6,RES ELE,2015-12-22 00:00,2015-12-22 00:00,917.38,,FEET
SHA,D,6,RES ELE,2015-12-23 00:00,2015-12-23 00:00,918.05,,FEET
SHA,D,6,RES ELE,2015-12-24 00:00,2015-12-24 00:00,918.66,,FEET
SHA,D,6,RES ELE,2015-12-25 00:00,2015-12-25 00:00,918.99,,FEET
SHA,D,6,RES ELE,2015-12-26 00:00,2015-12-26 00:00,919.41,,FEET
SHA,D,6,RES ELE,2015-12-27 00:00,2015-12-27 00:00,919.93,,FEET
SHA,D,6,RES ELE,2015-12-28 00:00,2015-12-28 00:00,920.15,,FEET
SHA,D,6,RES ELE,2015-12-29 00:00,2015-12-29 00:00,920.22,,FEET
SHA,D,6,RES ELE,2015-12-30 00:00,2015-12-30 00:00,920.17,,FEET
SHA,D,6,RES ELE,2015-12-31 00:00,2015-12-31 00:00,920.18,,FEET
SHA,D,6,RES ELE,2016-01-01 00:00,2016-01-01 00:00,920.23,,FEET
SHA,D,6,RES ELE,2016-01-02 00:00,2016-01-02 00:00,920.45,,FEET
SHA,D,6,RES ELE,2016-01-03 00:00,2016-01-03 00:00,920.73,,FEET
SHA,D,6,RES ELE,2016-01-04 00:00,2016-01-04 00:00,921.10,,FEET
SHA,D,6,RES ELE,2016-01-05 00:00,2016-01-05 00:00,921.98,,FEET
SHA,D,6,RES ELE,2016-01-06 00:00,2016-01-06 00:00,923.13,,FEET
SHA,D,6,RES ELE,2016-01-07 00:00,2016-01-07 00:00,923.97,,FEET
SHA,D,6,RES ELE,2016-01-08 00:00,2016-01-08 00:00,924.54,,FEET
SHA,D,6,RES ELE,2016-01-09 00:00,2016-01-09 00:00,925.14,,FEET
SHA,D,6,RES ELE,2016-01-10 00:00,2016-01-10 00:00,925.63,,FEET
SHA,D,6,RES ELE,2016-01-11 00:00,2016-01-11 00:00,926.08,,FEET
SHA,D,6,RES ELE,2016-01-12 00:00,2016-01-12 00:00,926.48,,FEET
SHA,D,6,RES ELE,2016-01-13 00:00,2016-01-13 00:00,927.99,,FEET
SHA,D,6,RES ELE,2016-01-14 00:00,2016-01-14 00:00,929.71,,FEET
SHA,D,6,RES ELE,2016-01-15 00:00,2016-01-15 00:00,931.24,,FEET
SHA,D,6,RES ELE,2016-01-16 00:00,2016-01-16 00:00,932.67,,FEET
SHA,D,6,RES ELE,2016-01-17 00:00,2016-01-17 00:00,936.46,,FEET
SHA,D,6,RES ELE,2016-01-18 00:00,2016-01-18 00:00,940.23,,FEET
SHA,D,6,RES ELE,2016-01-19 00:00,2016-01-19 00:00,945.30,,FEET
SHA,D,6,RES ELE,2016-01-20 00:00,2016-01-20 00:00,948.89,,FEET
SHA,D,6,RES ELE,2016-01-21 00:00,2016-01-21 00:00,951.36,,FEET
SHA,D,6,RES ELE,2016-01-22 00:00,2016-01-22 00:00,954.82,,FEET
SHA,D,6,RES ELE,2016-01-23 00:00,2016-01-23 00:00,959.51,,FEET
SHA,D,6,RES ELE,2016-01-24 00:00,2016-01-24 00:00,962.75,,FEET
SHA,D,6,RES ELE,2016-01-25 00:00,2016-01-25 00:00,965.19,,FEET
SHA,D,6,RES ELE,2016-01-26 00:00,2016-01-26 00:00,967.45,,FEET
SHA,D,6,RES ELE,2016-01-27 00:00,2016-01-27 00:00,969.02,,FEET
SHA,D,6,RES ELE,2016-01-28 00:00,2016-01-28 00:00,970.45,,FEET
SHA,D,6,RES ELE,2016-01-29 00:00,2016-01-29 00:00,972.53,,FEET
SHA,D,6,RES ELE,2016-01-30 00:00,2016-01-30 00:00,974.62,,FEET
SHA,D,6,RES ELE,2016-01-31 00:00,2016-01-31 00:00,976.38,,FEET
SHA,D,6,RES ELE,2016-02-01 00:00,2016-02-01 00:00,977.92,,FEET
SHA,D,6,RES ELE,2016-02-02 00:00,2016-02-02 00:00,979.20,,FEET
SHA,D,6,RES ELE,2016-02-03 00:00,2016-02-03 00:00,980.31,,FEET
SHA,D,6,RES ELE,2016-02-04 00:00,2016-02-04 00:00,981.30,,FEET
SHA,D,6,RES ELE,2016-02-05 00:00,2016-02-05 00:00,982.10,,FEET
SHA,D,6,RES ELE,2016-02-06 00:00,2016-02-06 00:00,982.85,,FEET
SHA,D,6,RES ELE,2016-02-07 00:00,2016-02-07 00:00,983.43,,FEET
SHA,D,6,RES ELE,2016-02-08 00:00,2016-02-08 00:00,984.08,,FEET
SHA,D,6,RES ELE,2016-02-09 00:00,2016-02-09 00:00,984.52,,FEET
SHA,D,6,RES ELE,2016-02-10 00:00,2016-02-10 00:00,985.00,,FEET
SHA,D,6,RES ELE,2016-02-11 00:00,2016-02-11 00:00,985.34,,FEET
SHA,D,6,RES ELE,2016-02-12 00:00,2016-02-12 00:00,985.85,,FEET
SHA,D,6,RES ELE,2016-02-13 00:00,2016-02-13 00:00,986.30,,FEET
SHA,D,6,RES ELE,2016-02-14 00:00,2016-02-14 00:00,986.75,,FEET
SHA,D,6,RES ELE,2016-02-15 00:00,2016-02-15 00:00,987.24,,FEET
SHA,D,6,RES ELE,2016-02-16 00:00,2016-02-16 00:00,987.68,,FEET
SHA,D,6,RES ELE,2016-02-17 00:00,2016-02-17 00:00,988.34,,FEET
SHA,D,6,RES ELE,2016-02-18 00:00,2016-02-18 00:00,989.44,,FEET
SHA,D,6,RES ELE,2016-02-19 00:00,2016-02-19 00:00,990.42,,FEET
SHA,D,6,RES ELE,2016-02-20 00:00,2016-02-20 00:00,991.34,,FEET
SHA,D,6,RES ELE,2016-02-21 00:00,2016-02-21 00:00,992.10,,FEET
SHA,D,6,RES ELE,2016-02-22 00:00,2016-02-22 00:00,992.90,,FEET
SHA,D,6,RES ELE,2016-02-23 00:00,2016-02-23 00:00,993.55,,FEET
SHA,D,6,RES ELE,2016-02-24 00:00,2016-02-24 00:00,994.25,,FEET
SHA,D,6,RES ELE,2016-02-25 00:00,2016-02-25 00:00,994.89,,FEET
SHA,D,6,RES ELE,2016-02-26 00:00,2016-02-26 00:00,995.47,,FEET
SHA,D,6,RES ELE,2016-02-27 00:00,2016-02-27 00:00,996.09,,FEET
SHA,D,6,RES ELE,2016-02-28 00:00,2016-02-28 00:00,996.74,,FEET
SHA,D,6,RES ELE,2016-02-29 00:00,2016-02-29 00:00,997.11,,FEET
SHA,D,6,RES ELE,2016-03-01 00:00,2016-03-01 00:00,997.49,,FEET
SHA,D,6,RES ELE,2016-03-02 00:00,2016-03-02 00:00,998.01,,FEET
SHA,D,6,RES ELE,2016-03-03 00:00,2016-03-03 00:00,998.81,,FEET
SHA,D,6,RES ELE,2016-03-04 00:00,2016-03-04 00:00,999.62,,FEET
SHA,D,6,RES ELE,2016-03-05 00:00,2016-03-05 00:00,1002.51,,FEET
SHA,D,6,RES ELE,2016-03-06 00:00,2016-03-06 00:00,1006.46,,FEET
SHA,D,6,RES ELE,2016-03-07 00:00,2016-03-07 00:00,1009.52,,FEET
SHA,D,6,RES ELE,2016-03-08 00:00,2016-03-08 00:00,1011.73,,FEET
SHA,D,6,RES ELE,2016-03-09 00:00,2016-03-09 00:00,1013.53,,FEET
SHA,D,6,RES ELE,2016-03-10 00:00,2016-03-10 00:00,1016.72,,FEET
SHA,D,6,RES ELE,2016-03-11 00:00,2016-03-11 00:00,1021.02,,FEET
SHA,D,6,RES ELE,2016-03-12 00:00,2016-03-12 00:00,1025.86,,FEET
SHA,D,6,RES ELE,2016-03-13 00:00,2016-03-13 00:00,1031.92,,FEET
SHA,D,6,RES ELE,2016-03-14 00:00,2016-03-14 00:00,1036.82,,FEET
SHA,D,6,RES ELE,2016-03-15 00:00,2016-03-15 00:00,1040.02,,FEET
SHA,D,6,RES ELE,2016-03-16 00:00,2016-03-16 00:00,1042.17,,FEET
SHA,D,6,RES ELE,2016-03-17 00:00,2016-03-17 00:00,1043.84,,FEET
SHA,D,6,RES ELE,2016-03-18 00:00,2016-03-18 00:00,1044.15,,FEET
SHA,D,6,RES ELE,2016-03-19 00:00,2016-03-19 00:00,1044.25,,FEET
SHA,D,6,RES ELE,2016-03-20 00:00,2016-03-20 00:00,1044.47,,FEET
SHA,D,6,RES ELE,2016-03-21 00:00,2016-03-21 00:00,1044.90,,FEET
SHA,D,6,RES ELE,2016-03-22 00:00,2016-03-22 00:00,1045.18,,FEET
SHA,D,6,RES ELE,2016-03-23 00:00,2016-03-23 00:00,1045.46,,FEET
SHA,D,6,RES ELE,2016-03-24 00:00,2016-03-24 00:00,1045.69,,FEET
SHA,D,6,RES ELE,2016-03-25 00:00,2016-03-25 00:00,1045.99,,FEET
SHA,D,6,RES ELE,2016-03-26 00:00,2016-03-26 00:00,1046.41,,FEET
SHA,D,6,RES ELE,2016-03-27 00:00,2016-03-27 00:00,1046.83,,FEET
SHA,D,6,RES ELE,2016-03-28 00:00,2016-03-28 00:00,1047.38,,FEET
SHA,D,6,RES ELE,2016-03-29 00:00,2016-03-29 00:00,1047.85,,FEET
SHA,D,6,RES ELE,2016-03-30 00:00,2016-03-30 00:00,1048.34,,FEET
SHA,D,6,RES ELE,2016-03-31 00:00,2016-03-31 00:00,1048.68,,FEET
SHA,D,6,RES ELE,2016-04-01 00:00,2016-04-01 00:00,1049.14,,FEET
SHA,D,6,RES ELE,2016-04-02 00:00,2016-04-02 00:00,1049.56,,FEET
SHA,D,6,RES ELE,2016-04-03 00:00,2016-04-03 00:00,1049.82,,FEET
SHA,D,6,RES ELE,2016-04-04 00:00,2016-04-04 00:00,1050.12,,FEET
SHA,D,6,RES ELE,2016-04-05 00:00,2016-04-05 00:00,1050.52,,FEET
SHA,D,6,RES ELE,2016-04-06 00:00,2016-04-06 00:00,1050.75,,FEET
SHA,D,6,RES ELE,2016-04-07 00:00,2016-04-07 00:00,1050.89,,FEET
SHA,D,6,RES ELE,2016-04-08 00:00,2016-04-08 00:00,1051.16,,FEET
SHA,D,6,RES ELE,2016-04-09 00:00,2016-04-09 00:00,1051.58,,FEET
SHA,D,6,RES ELE,2016-04-10 00:00,2016-04-10 00:00,1051.88,,FEET
SHA,D,6,RES ELE,2016-04-11 00:00,2016-04-11 00:00,1052.29,,FEET
SHA,D,6,RES ELE,2016-04-12 00:00,2016-04-12 00:00,1052.55,,FEET
SHA,D,6,RES ELE,2016-04-13 00:00,2016-04-13 00:00,1052.86,,FEET
SHA,D,6,RES ELE,2016-04-14 00:00,2016-04-14 00:00,1053.15,,FEET
SHA,D,6,RES ELE,2016-04-15 00:00,2016-04-15 00:00,1053.44,,FEET
SHA,D,6,RES ELE,2016-04-16 00:00,2016-04-16 00:00,1053.68,,FEET
SHA,D,6,RES ELE,2016-04-17 00:00,2016-04-17 00:00,1053.93,,FEET
SHA,D,6,RES ELE,2016-04-18 00:00,2016-04-18 00:00,1054.02,,FEET
SHA,D,6,RES ELE,2016-04-19 00:00,2016-04-19 00:00,1054.17,,FEET
SHA,D,6,RES ELE,2016-04-20 00:00,2016-04-20 00:00,1054.33,,FEET
SHA,D,6,RES ELE,2016-04-21 00:00,2016-04-21 00:00,1054.50,,FEET
SHA,D,6,RES ELE,2016-04-22 00:00,2016-04-22 00:00,1054.81,,FEET
SHA,D,6,RES ELE,2016-04-23 00:00,2016-04-23 00:00,1054.98,,FEET
SHA,D,6,RES ELE,2016-04-24 00:00,2016-04-24 00:00,1055.12,,FEET
SHA,D,6,RES ELE,2016-04-25 00:00,2016-04-25 00:00,1055.18,,FEET
SHA,D,6,RES ELE,2016-04-26 00:00,2016-04-26 00:00,1055.38,,FEET
SHA,D,6,RES ELE,2016-04-27 00:00,2016-04-27 00:00,1055.61,,FEET
SHA,D,6,RES ELE,2016-04-28 00:00,2016-04-28 00:00,1055.68,,FEET
SHA,D,6,RES ELE,2016-04-29 00:00,2016-04-29 00:00,1055.82,,FEET
SHA,D,6,RES ELE,2016-04-30 00:00,2016-04-30 00:00,1056.05,,FEET
SHA,D,6,RES ELE,2016-05-01 00:00,2016-05-01 00:00,1056.11,,FEET
SHA,D,6,RES ELE,2016-05-02 00:00,2016-05-02 00:00,1056.06,,FEET
SHA,D,6,RES ELE,2016-05-03 00:00,2016-05-03 00:00,1056.00,,FEET
SHA,D,6,RES ELE,2016-05-04 00:00,2016-05-04 00:00,1055.94,,FEET
SHA,D,6,RES ELE,2016-05-05 00:00,2016-05-05 00:00,1055.88,,FEET
SHA,D,6,RES ELE,2016-05-06 00:00,2016-05-06 00:00,1055.85,,FEET
SHA,D,6,RES ELE,2016-05-07 00:00,2016-05-07 00:00,1055.80,,FEET
SHA,D,6,RES ELE,2016-05-08 00:00,2016-05-08 00:00,1055.76,,FEET
SHA,D,6,RES ELE,2016-05-09 00:00,2016-05-09 00:00,1055.72,,FEET
SHA,D,6,RES ELE,2016-05-10 00:00,2016-05-10 00:00,1055.61,,FEET
SHA,D,6,RES ELE,2016-05-11 00:00,2016-05-11 00:00,1055.57,,FEET
SHA,D,6,RES ELE,2016-05-12 00:00,2016-05-12 00:00,1055.44,,FEET
SHA,D,6,RES ELE,2016-05-13 00:00,2016-05-13 00:00,1055.37,,FEET
SHA,D,6,RES ELE,2016-05-14 00:00,2016-05-14 00:00,1055.35,,FEET
SHA,D,6,RES ELE,2016-05-15 00:00,2016-05-15 00:00,1055.35,,FEET
SHA,D,6,RES ELE,2016-05-16 00:00,2016-05-16 00:00,1055.28,,FEET
SHA,D,6,RES ELE,2016-05-17 00:00,2016-05-17 00:00,1055.23,,FEET
SHA,D,6,RES ELE,2016-05-18 00:00,2016-05-18 00:00,1055.01,,FEET
SHA,D,6,RES ELE,2016-05-19 00:00,2016-05-19 00:00,1054.82,,FEET
SHA,D,6,RES ELE,2016-05-20 00:00,2016-05-20 00:00,1054.68,,FEET
SHA,D,6,RES ELE,2016-05-21 00:00,2016-05-21 00:00,1054.68,,FEET
SHA,D,6,RES ELE,2016-05-22 00:00,2016-05-22 00:00,1054.76,,FEET
SHA,D,6,RES ELE,2016-05-23 00:00,2016-05-23 00:00,1054.67,,FEET
SHA,D,6,RES ELE,2016-05-24 00:00,2016-05-24 00:00,1054.50,,FEET
SHA,D,6,RES ELE,2016-05-25 00:00,2016-05-25 00:00,1054.34,,FEET
SHA,D,6,RES ELE,2016-05-26 00:00,2016-05-26 00:00,1054.34,,FEET
SHA,D,6,RES ELE,2016-05-27 00:00,2016-05-27 00:00,1054.23,,FEET
SHA,D,6,RES ELE,2016-05-28 00:00,2016-05-28 00:00,1054.13,,FEET
SHA,D,6,RES ELE,2016-05-29 00:00,2016-05-29 00:00,1053.98,,FEET
SHA,D,6,RES ELE,2016-05-30 00:00,2016-05-30 00:00,1053.91,,FEET
SHA,D,6,RES ELE,2016-05-31 00:00,2016-05-31 00:00,1053.72,,FEET
SHA,D,6,RES ELE,2016-06-01 00:00,2016-06-01 00:00,1053.49,,FEET
SHA,D,6,RES ELE,2016-06-02 00:00,2016-06-02 00:00,1053.25,,FEET
SHA,D,6,RES ELE,2016-06-03 00:00,2016-06-03 00:00,1052.98,,FEET
SHA,D,6,RES ELE,2016-06-04 00:00,2016-06-04 00:00,1052.72,,FEET
SHA,D,6,RES ELE,2016-06-05 00:00,2016-06-05 00:00,1052.35,,FEET
SHA,D,6,RES ELE,2016-06-06 00:00,2016-06-06 00:00,1052.13,,FEET
SHA,D,6,RES ELE,2016-06-07 00:00,2016-06-07 00:00,1051.84,,FEET
SHA,D,6,RES ELE,2016-06-08 00:00,2016-06-08 00:00,1051.55,,FEET
SHA,D,6,RES ELE,2016-06-09 00:00,2016-06-09 00:00,1051.28,,FEET
SHA,D,6,RES ELE,2016-06-10 00:00,2016-06-10 00:00,1051.05,,FEET
SHA,D,6,RES ELE,2016-06-11 00:00,2016-06-11 00:00,1050.64,,FEET
SHA,D,6,RES ELE,2016-06-12 00:00,2016-06-12 00:00,1050.24,,FEET
SHA,D,6,RES ELE,2016-06-13 00:00,2016-06-13 00:00,1049.99,,FEET
SHA,D,6,RES ELE,2016-06-14 00:00,2016-06-14 00:00,1049.67,,FEET
SHA,D,6,RES ELE,2016-06-15 00:00,2016-06-15 00:00,1049.42,,FEET
SHA,D,6,RES ELE,2016-06-16 00:00,2016-06-16 00:00,1049.18,,FEET
SHA,D,6,RES ELE,2016-06-17 00:00,2016-06-17 00:00,1048.98,,FEET
SHA,D,6,RES ELE,2016-06-18 00:00,2016-06-18 00:00,1048.62,,FEET
SHA,D,6,RES ELE,2016-06-19 00:00,2016-06-19 00:00,1048.22,,FEET
SHA,D,6,RES ELE,2016-06-20 00:00,2016-06-20 00:00,1047.93,,FEET
SHA,D,6,RES ELE,2016-06-21 00:00,2016-06-21 00:00,1047.62,,FEET
SHA,D,6,RES ELE,2016-06-22 00:00,2016-06-22 00:00,1047.38,,FEET
SHA,D,6,RES ELE,2016-06-23 00:00,2016-06-23 00:00,1047.11,,FEET
SHA,D,6,RES ELE,2016-06-24 00:00,2016-06-24 00:00,1046.68,,FEET
SHA,D,6,RES ELE,2016-06-25 00:00,2016-06-25 00:00,1046.23,,FEET
SHA,D,6,RES ELE,2016-06-26 00:00,2016-06-26 00:00,1045.85,,FEET
SHA,D,6,RES ELE,2016-06-27 00:00,2016-06-27 00:00,1045.60,,FEET
SHA,D,6,RES ELE,2016-06-28 00:00,2016-06-28 00:00,1045.32,,FEET
SHA,D,6,RES ELE,2016-06-29 00:00,2016-06-29 00:00,1045.07,,FEET
SHA,D,6,RES ELE,2016-06-30 00:00,2016-06-30 00:00,1044.78,,FEET
SHA,D,6,RES ELE,2016-07-01 00:00,2016-07-01 00:00,1044.34,,FEET
SHA,D,6,RES ELE,2016-07-02 00:00,2016-07-02 00:00,1043.86,,FEET
SHA,D,6,RES ELE,2016-07-03 00:00,2016-07-03 00:00,1043.40,,FEET
SHA,D,6,RES ELE,2016-07-04 00:00,2016-07-04 00:00,1042.93,,FEET
SHA,D,6,RES ELE,2016-07-05 00:00,2016-07-05 00:00,1042.50,,FEET
SHA,D,6,RES ELE,2016-07-06 00:00,2016-07-06 00:00,1042.12,,FEET
SHA,D,6,RES ELE,2016-07-07 00:00,2016-07-07 00:00,1041.71,,FEET
SHA,D,6,RES ELE,2016-07-08 00:00,2016-07-08 00:00,1041.33,,FEET
SHA,D,6,RES ELE,2016-07-09 00:00,2016-07-09 00:00,1040.85,,FEET
SHA,D,6,RES ELE,2016-07-10 00:00,2016-07-10 00:00,1040.30,,FEET
SHA,D,6,RES ELE,2016-07-11 00:00,2016-07-11 00:00,1039.73,,FEET
SHA,D,6,RES ELE,2016-07-12 00:00,2016-07-12 00:00,1039.25,,FEET
SHA,D,6,RES ELE,2016-07-13 00:00,2016-07-13 00:00,1038.85,,FEET
SHA,D,6,RES ELE,2016-07-14 00:00,2016-07-14 00:00,1038.47,,FEET
SHA,D,6,RES ELE,2016-07-15 00:00,2016-07-15 00:00,1038.13,,FEET
SHA,D,6,RES ELE,2016-07-16 00:00,2016-07-16 00:00,1037.60,,FEET
SHA,D,6,RES ELE,2016-07-17 00:00,2016-07-17 00:00,1037.06,,FEET
SHA,D,6,RES ELE,2016-07-18 00:00,2016-07-18 00:00,1036.63,,FEET
SHA,D,6,RES ELE,2016-07-19 00:00,2016-07-19 00:00,1036.21,,FEET
SHA,D,6,RES ELE,2016-07-20 00:00,2016-07-20 00:00,1035.82,,FEET
SHA,D,6,RES ELE,2016-07-21 00:00,2016-07-21 00:00,1035.38,,FEET
SHA,D,6,RES ELE,2016-07-22 00:00,2016-07-22 00:00,1034.89,,FEET
SHA,D,6,RES ELE,2016-07-23 00:00,2016-07-23 00:00,1034.33,,FEET
SHA,D,6,RES ELE,2016-07-24 00:00,2016-07-24 00:00,1033.80,,FEET
SHA,D,6,RES ELE,2016-07-25 00:00,2016-07-25 00:00,1033.35,,FEET
SHA,D,6,RES ELE,2016-07-26 00:00,2016-07-26 00:00,1032.88,,FEET
SHA,D,6,RES ELE,2016-07-27 00:00,2016-07-27 00:00,1032.45,,FEET
SHA,D,6,RES ELE,2016-07-28 00:00,2016-07-28 00:00,1032.00,,FEET
SHA,D,6,RES ELE,2016-07-29 00:00,2016-07-29 00:00,1031.52,,FEET
SHA,D,6,RES ELE,2016-07-30 00:00,2016-07-30 00:00,1030.98,,FEET
SHA,D,6,RES ELE,2016-07-31 00:00,2016-07-31 00:00,1030.43,,FEET
SHA,D,6,RES ELE,2016-08-01 00:00,2016-08-01 00:00,1029.86,,FEET
SHA,D,6,RES ELE,2016-08-02 00:00,2016-08-02 00:00,1029.34,,FEET
SHA,D,6,RES ELE,2016-08-03 00:00,2016-08-03 00:00,1028.77,,FEET
SHA,D,6,RES ELE,2016-08-04 00:00,2016-08-04 00:00,1028.29,,FEET
SHA,D,6,RES ELE,2016-08-05 00:00,2016-08-05 00:00,1027.81,,FEET
SHA,D,6,RES ELE,2016-08-06 00:00,2016-08-06 00:00,1027.27,,FEET
SHA,D,6,RES ELE,2016-08-07 00:00,2016-08-07 00:00,1026.77,,FEET
SHA,D,6,RES ELE,2016-08-08 00:00,2016-08-08 00:00,1026.22,,FEET
SHA,D,6,RES ELE,2016-08-09 00:00,2016-08-09 00:00,1025.65,,FEET
SHA,D,6,RES ELE,2016-08-10 00:00,2016-08-10 00:00,1025.08,,FEET
SHA,D,6,RES ELE,2016-08-11 00:00,2016-08-11 00:00,1024.53,,FEET
SHA,D,6,RES ELE,2016-08-12 00:00,2016-08-12 00:00,1023.96,,FEET
SHA,D,6,RES ELE,2016-08-13 00:00,2016-08-13 00:00,1023.31,,FEET
SHA,D,6,RES ELE,2016-08-14 00:00,2016-08-14 00:00,1022.71,,FEET
SHA,D,6,RES ELE,2016-08-15 00:00,2016-08-15 00:00,1022.29,,FEET
SHA,D,6,RES ELE,2016-08-16 00:00,2016-08-16 00:00,1021.78,,FEET
SHA,D,6,RES ELE,2016-08-17 00:00,2016-08-17 00:00,1021.30,,FEET
SHA,D,6,RES ELE,2016-08-18 00:00,2016-08-18 00:00,1020.77,,FEET
SHA,D,6,RES ELE,2016-08-19 00:00,2016-08-19 00:00,1020.24,,FEET
SHA,D,6,RES ELE,2016-08-20 00:00,2016-08-20 00:00,1019.66,,FEET
SHA,D,6,RES ELE,2016-08-21 00:00,2016-08-21 00:00,1019.03,,FEET
SHA,D,6,RES ELE,2016-08-22 00:00,2016-08-22 00:00,1018.49,,FEET
SHA,D,6,RES ELE,2016-08-23 00:00,2016-08-23 00:00,1018.04,,FEET
SHA,D,6,RES ELE,2016-08-24 00:00,2016-08-24 00:00,1017.52,,FEET
SHA,D,6,RES ELE,2016-08-25 00:00,2016-08-25 00:00,1016.97,,FEET
SHA,D,6,RES ELE,2016-08-26 00:00,2016-08-26 00:00,1016.46,,FEET
SHA,D,6,RES ELE,2016-08-27 00:00,2016-08-27 00:00,1015.86,,FEET
SHA,D,6,RES ELE,2016-08-28 00:00,2016-08-28 00:00,1015.22,,FEET
SHA,D,6,RES ELE,2016-08-29 00:00,2016-08-29 00:00,1014.61,,FEET
SHA,D,6,RES ELE,2016-08-30 00:00,2016-08-30 00:00,1014.10,,FEET
SHA,D,6,RES ELE,2016-08-31 00:00,2016-08-31 00:00,1013.48,,FEET
SHA,D,6,RES ELE,2016-09-01 00:00,2016-09-01 00:00,1012.94,,FEET
SHA,D,6,RES ELE,2016-09-02 00:00,2016-09-02 00:00,1012.40,,FEET
SHA,D,6,RES ELE,2016-09-03 00:00,2016-09-03 00:00,1011.87,,FEET
SHA,D,6,RES ELE,2016-09-04 00:00,2016-09-04 00:00,1011.21,,FEET
SHA,D,6,RES ELE,2016-09-05 00:00,2016-09-05 00:00,1010.56,,FEET
SHA,D,6,RES ELE,2016-09-06 00:00,2016-09-06 00:00,1010.04,,FEET
SHA,D,6,RES ELE,2016-09-07 00:00,2016-09-07 00:00,1009.55,,FEET
SHA,D,6,RES ELE,2016-09-08 00:00,2016-09-08 00:00,1009.00,,FEET
SHA,D,6,RES ELE,2016-09-09 00:00,2016-09-09 00:00,1008.55,,FEET
SHA,D,6,RES ELE,2016-09-10 00:00,2016-09-10 00:00,1008.14,,FEET
SHA,D,6,RES ELE,2016-09-11 00:00,2016-09-11 00:00,1007.62,,FEET
SHA,D,6,RES ELE,2016-09-12 00:00,2016-09-12 00:00,1007.15,,FEET
SHA,D,6,RES ELE,2016-09-13 00:00,2016-09-13 00:00,1006.70,,FEET
SHA,D,6,RES ELE,2016-09-14 00:00,2016-09-14 00:00,1006.34,,FEET
SHA,D,6,RES ELE,2016-09-15 00:00,2016-09-15 00:00,1005.89,,FEET
SHA,D,6,RES ELE,2016-09-16 00:00,2016-09-16 00:00,1005.20,,FEET
SHA,D,6,RES ELE,2016-09-17 00:00,2016-09-17 00:00,1004.58,,FEET
SHA,D,6,RES ELE,2016-09-18 00:00,2016-09-18 00:00,1004.07,,FEET
SHA,D,6,RES ELE,2016-09-19 00:00,2016-09-19 00:00,1003.60,,FEET
SHA,D,6,RES ELE,2016-09-20 00:00,2016-09-20 00:00,1003.10,,FEET
SHA,D,6,RES ELE,2016-09-21 00:00,2016-09-21 00:00,1002.54,,FEET
SHA,D,6,RES ELE,2016-09-22 00:00,2016-09-22 00:00,1002.04,,FEET
SHA,D,6,RES ELE,2016-09-23 00:00,2016-09-23 00:00,1001.56,,FEET
SHA,D,6,RES ELE,2016-09-24 00:00,2016-09-24 00:00,1001.09,,FEET
SHA,D,6,RES ELE,2016-09-25 00:00,2016-09-25 00:00,1000.65,,FEET
SHA,D,6,RES ELE,2016-09-26 00:00,2016-09-26 00:00,1000.41,,FEET
SHA,D,6,RES ELE,2016-09-27 00:00,2016-09-27 00:00,1000.17,,FEET
SHA,D,6,RES ELE,2016-09-28 00:00,2016-09-28 00:00,999.94,,FEET
SHA,D,6,RES ELE,2016-09-29 00:00,2016-09-29 00:00,999.58,,FEET
SHA,D,6,RES ELE,2016-09-30 00:00,2016-09-30 00:00,999.21,,FEET
SHA,D,6,RES ELE,2016-10-01 00:00,2016-10-01 00:00,998.84,,FEET
SHA,D,6,RES ELE,2016-10-02 00:00,2016-10-02 00:00,998.49,,FEET
SHA,D,6,RES ELE,2016-10-03 00:00,2016-10-03 00:00,998.09,,FEET
SHA,D,6,RES ELE,2016-10-04 00:00,2016-10-04 00:00,997.67,,FEET
SHA,D,6,RES ELE,2016-10-05 00:00,2016-10-05 00:00,997.28,,FEET
SHA,D,6,RES ELE,2016-10-06 00:00,2016-10-06 00:00,996.86,,FEET
SHA,D,6,RES ELE,2016-10-07 00:00,2016-10-07 00:00,996.63,,FEET
SHA,D,6,RES ELE,2016-10-08 00:00,2016-10-08 00:00,996.21,,FEET
SHA,D,6,RES ELE,2016-10-09 00:00,2016-10-09 00:00,995.84,,FEET
SHA,D,6,RES ELE,2016-10-10 00:00,2016-10-10 00:00,995.47,,FEET
SHA,D,6,RES ELE,2016-10-11 00:00,2016-10-11 00:00,995.12,,FEET
SHA,D,6,RES ELE,2016-10-12 00:00,2016-10-12 00:00,994.78,,FEET
SHA,D,6,RES ELE,2016-10-13 00:00,2016-10-13 00:00,994.53,,FEET
SHA,D,6,RES ELE,2016-10-14 00:00,2016-10-14 00:00,994.56,,FEET
SHA,D,6,RES ELE,2016-10-15 00:00,2016-10-15 00:00,994.58,,FEET
SHA,D,6,RES ELE,2016-10-16 00:00,2016-10-16 00:00,994.53,,FEET
SHA,D,6,RES ELE,2016-10-17 00:00,2016-10-17 00:00,994.43,,FEET
SHA,D,6,RES ELE,2016-10-18 00:00,2016-10-18 00:00,994.22,,FEET
SHA,D,6,RES ELE,2016-10-19 00:00,2016-10-19 00:00,994.02,,FEET
SHA,D,6,RES ELE,2016-10-20 00:00,2016-10-20 00:00,993.79,,FEET
SHA,D,6,RES ELE,2016-10-21 00:00,2016-10-21 00:00,993.52,,FEET
SHA,D,6,RES ELE,2016-10-22 00:00,2016-10-22 00:00,993.08,,FEET
SHA,D,6,RES ELE,2016-10-23 00:00,2016-10-23 00:00,992.61,,FEET
SHA,D,6,RES ELE,2016-10-24 00:00,2016-10-24 00:00,992.37,,FEET
SHA,D,6,RES ELE,2016-10-25 00:00,2016-10-25 00:00,992.61,,FEET
SHA,D,6,RES ELE,2016-10-26 00:00,2016-10-26 00:00,992.89,,FEET
SHA,D,6,RES ELE,2016-10-27 00:00,2016-10-27 00:00,993.47,,FEET
SHA,D,6,RES ELE,2016-10-28 00:00,2016-10-28 00:00,993.89,,FEET
SHA,D,6,RES ELE,2016-10-29 00:00,2016-10-29 00:00,994.47,,FEET
SHA,D,6,RES ELE,2016-10-30 00:00,2016-10-30 00:00,995.83,,FEET
SHA,D,6,RES ELE,2016-10-31 00:00,2016-10-31 00:00,997.07,,FEET
SHA,D,6,RES ELE,2016-11-01 00:00,2016-11-01 00:00,997.94,,FEET
SHA,D,6,RES ELE,2016-11-02 00:00,2016-11-02 00:00,998.70,,FEET
SHA,D,6,RES ELE,2016-11-03 00:00,2016-11-03 00:00,998.93,,FEET
SHA,D,6,RES ELE,2016-11-04 00:00,2016-11-04 00:00,999.20,,FEET
SHA,D,6,RES ELE,2016-11-05 00:00,2016-11-05 00:00,999.28,,FEET
SHA,D,6,RES ELE,2016-11-06 00:00,2016-11-06 00:00,999.36,,FEET
SHA,D,6,RES ELE,2016-11-07 00:00,2016-11-07 00:00,999.48,,FEET
SHA,D,6,RES ELE,2016-11-08 00:00,2016-11-08 00:00,999.61,,FEET
SHA,D,6,RES ELE,2016-11-09 00:00,2016-11-09 00:00,999.71,,FEET
SHA,D,6,RES ELE,2016-11-10 00:00,2016-11-10 00:00,999.80,,FEET
SHA,D,6,RES ELE,2016-11-11 00:00,2016-11-11 00:00,999.81,,FEET
SHA,D,6,RES ELE,2016-11-12 00:00,2016-11-12 00:00,999.81,,FEET
SHA,D,6,RES ELE,2016-11-13 00:00,2016-11-13 00:00,999.77,,FEET
SHA,D,6,RES ELE,2016-11-14 00:00,2016-11-14 00:00,999.68,,FEET
SHA,D,6,RES ELE,2016-11-15 00:00,2016-11-15 00:00,999.58,,FEET
SHA,D,6,RES ELE,2016-11-16 00:00,2016-11-16 00:00,999.44,,FEET
SHA,D,6,RES ELE,2016-11-17 00:00,2016-11-17 00:00,999.32,,FEET
SHA,D,6,RES ELE,2016-11-18 00:00,2016-11-18 00:00,999.26,,FEET
SHA,D,6,RES ELE,2016-11-19 00:00,2016-11-19 00:00,999.67,,FEET
SHA,D,6,RES ELE,2016-11-20 00:00,2016-11-20 00:00,1000.32,,FEET
SHA,D,6,RES ELE,2016-11-21 00:00,2016-11-21 00:00,1000.75,,FEET
SHA,D,6,RES ELE,2016-11-22 00:00,2016-11-22 00:00,1001.05,,FEET
SHA,D,6,RES ELE,2016-11-23 00:00,2016-11-23 00:00,1001.39,,FEET
SHA,D,6,RES ELE,2016-11-24 00:00,2016-11-24 00:00,1001.84,,FEET
SHA,D,6,RES ELE,2016-11-25 00:00,2016-11-25 00:00,1002.21,,FEET
SHA,D,6,RES ELE,2016-11-26 00:00,2016-11-26 00:00,1002.71,,FEET
SHA,D,6,RES ELE,2016-11-27 00:00,2016-11-27 00:00,1003.10,,FEET
SHA,D,6,RES ELE,2016-11-28 00:00,2016-11-28 00:00,1003.44,,FEET
SHA,D,6,RES ELE,2016-11-29 00:00,2016-11-29 00:00,1003.55,,FEET
SHA,D,6,RES ELE,2016-11-30 00:00,2016-11-30 00:00,1003.72,,FEET
SHA,D,6,RES ELE,2016-12-01 00:00,2016-12-01 00:00,1003.84,,FEET
SHA,D,6,RES ELE,2016-12-02 00:00,2016-12-02 00:00,1004.07,,FEET
SHA,D,6,RES ELE,2016-12-03 00:00,2016-12-03 00:00,1004.20,,FEET
SHA,D,6,RES ELE,2016-12-04 00:00,2016-12-04 00:00,1004.28,,FEET
SHA,D,6,RES ELE,2016-12-05 00:00,2016-12-05 00:00,1004.31,,FEET
SHA,D,6,RES ELE,2016-12-06 00:00,2016-12-06 00:00,1004.34,,FEET
SHA,D,6,RES ELE,2016-12-07 00:00,2016-12-07 00:00,1004.46,,FEET
SHA,D,6,RES ELE,2016-12-08 00:00,2016-12-08 00:00,1004.61,,FEET
SHA,D,6,RES ELE,2016-12-09 00:00,2016-12-09 00:00,1004.85,,FEET
SHA,D,6,RES ELE,2016-12-10 00:00,2016-12-10 00:00,1006.18,,FEET
SHA,D,6,RES ELE,2016-12-11 00:00,2016-12-11 00:00,1007.14,,FEET
SHA,D,6,RES ELE,2016-12-12 00:00,2016-12-12 00:00,1007.56,,FEET
SHA,D,6,RES ELE,2016-12-13 00:00,2016-12-13 00:00,1008.13,,FEET
SHA,D,6,RES ELE,2016-12-14 00:00,2016-12-14 00:00,1009.33,,FEET
SHA,D,6,RES ELE,2016-12-15 00:00,2016-12-15 00:00,1014.22,,FEET
SHA,D,6,RES ELE,2016-12-16 00:00,2016-12-16 00:00,1016.98,,FEET
SHA,D,6,RES ELE,2016-12-17 00:00,2016-12-17 00:00,1018.78,,FEET
SHA,D,6,RES ELE,2016-12-18 00:00,2016-12-18 00:00,1020.08,,FEET
SHA,D,6,RES ELE,2016-12-19 00:00,2016-12-19 00:00,1020.99,,FEET
SHA,D,6,RES ELE,2016-12-20 00:00,2016-12-20 00:00,1021.67,,FEET
SHA,D,6,RES ELE,2016-12-21 00:00,2016-12-21 00:00,1021.97,,FEET
SHA,D,6,RES ELE,2016-12-22 00:00,2016-12-22 00:00,1022.06,,FEET
SHA,D,6,RES ELE,2016-12-23 00:00,2016-12-23 00:00,1022.55,,FEET
SHA,D,6,RES ELE,2016-12-24 00:00,2016-12-24 00:00,1022.76,,FEET
SHA,D,6,RES ELE,2016-12-25 00:00,2016-12-25 00:00,1022.75,,FEET
SHA,D,6,RES ELE,2016-12-26 00:00,2016-12-26 00:00,1022.72,,FEET
SHA,D,6,RES ELE,2016-12-27 00:00,2016-12-27 00:00,1022.65,,FEET
SHA,D,6,RES ELE,2016-12-28 00:00,2016-12-28 00:00,1022.60,,FEET
SHA,D,6,RES ELE,2016-12-29 00:00,2016-12-29 00:00,1022.41,,FEET
SHA,D,6,RES ELE,2016-12-30 00:00,2016-12-30 00:00,1022.33,,FEET
SHA,D,6,RES ELE,2016-12-31 00:00,2016-12-31 00:00,1022.26,,FEET
SHA,D,6,RES ELE,2017-01-01 00:00,2017-01-01 00:00,1022.20,,FEET
SHA,D,6,RES ELE,2017-01-02 00:00,2017-01-02 00:00,1022.29,,FEET
SHA,D,6,RES ELE,2017-01-03 00:00,2017-01-03 00:00,1022.67,,FEET
SHA,D,6,RES ELE,2017-01-04 00:00,2017-01-04 00:00,1023.19,,FEET
SHA,D,6,RES ELE,2017-01-05 00:00,2017-01-05 00:00,1023.76,,FEET
SHA,D,6,RES ELE,2017-01-06 00:00,2017-01-06 00:00,1024.24,,FEET
SHA,D,6,RES ELE,2017-01-07 00:00,2017-01-07 00:00,1024.52,,FEET
SHA,D,6,RES ELE,2017-01-08 00:00,2017-01-08 00:00,1027.11,,FEET
SHA,D,6,RES ELE,2017-01-09 00:00,2017-01-09 00:00,1030.61,,FEET
SHA,D,6,RES ELE,2017-01-10 00:00,2017-01-10 00:00,1035.17,,FEET
SHA,D,6,RES ELE,2017-01-11 00:00,2017-01-11 00:00,1038.57,,FEET
SHA,D,6,RES ELE,2017-01-12 00:00,2017-01-12 00:00,1038.92,,FEET
SHA,D,6,RES ELE,2017-01-13 00:00,2017-01-13 00:00,1038.53,,FEET
SHA,D,6,RES ELE,2017-01-14 00:00,2017-01-14 00:00,1037.80,,FEET
SHA,D,6,RES ELE,2017-01-15 00:00,2017-01-15 00:00,1036.71,,FEET
SHA,D,6,RES ELE,2017-01-16 00:00,2017-01-16 00:00,1035.60,,FEET
SHA,D,6,RES ELE,2017-01-17 00:00,2017-01-17 00:00,1034.20,,FEET
SHA,D,6,RES ELE,2017-01-18 00:00,2017-01-18 00:00,1033.81,,FEET
SHA,D,6,RES ELE,2017-01-19 00:00,2017-01-19 00:00,1033.84,,FEET
SHA,D,6,RES ELE,2017-01-20 00:00,2017-01-20 00:00,1034.93,,FEET
SHA,D,6,RES ELE,2017-01-21 00:00,2017-01-21 00:00,1035.68,,FEET
SHA,D,6,RES ELE,2017-01-22 00:00,2017-01-22 00:00,1036.91,,FEET
SHA,D,6,RES ELE,2017-01-23 00:00,2017-01-23 00:00,1037.03,,FEET
SHA,D,6,RES ELE,2017-01-24 00:00,2017-01-24 00:00,1036.70,,FEET
SHA,D,6,RES ELE,2017-01-25 00:00,2017-01-25 00:00,1035.91,,FEET
SHA,D,6,RES ELE,2017-01-26 00:00,2017-01-26 00:00,1034.92,,FEET
SHA,D,6,RES ELE,2017-01-27 00:00,2017-01-27 00:00,1033.93,,FEET
SHA,D,6,RES ELE,2017-01-28 00:00,2017-01-28 00:00,1033.02,,FEET
SHA,D,6,RES ELE,2017-01-29 00:00,2017-01-29 00:00,1032.19,,FEET
SHA,D,6,RES ELE,2017-01-30 00:00,2017-01-30 00:00,1031.38,,FEET
SHA,D,6,RES ELE,2017-01-31 00:00,2017-01-31 00:00,1030.50,,FEET
SHA,D,6,RES ELE,2017-02-01 00:00,2017-02-01 00:00,1029.72,,FEET
SHA,D,6,RES ELE,2017-02-02 00:00,2017-02-02 00:00,1029.17,,FEET
SHA,D,6,RES ELE,2017-02-03 00:00,2017-02-03 00:00,1030.42,,FEET
SHA,D,6,RES ELE,2017-02-04 00:00,2017-02-04 00:00,1032.95,,FEET
SHA,D,6,RES ELE,2017-02-05 00:00,2017-02-05 00:00,1034.77,,FEET
SHA,D,6,RES ELE,2017-02-06 00:00,2017-02-06 00:00,1038.12,,FEET
SHA,D,6,RES ELE,2017-02-07 00:00,2017-02-07 00:00,1043.02,,FEET
SHA,D,6,RES ELE,2017-02-08 00:00,2017-02-08 00:00,1046.98,,FEET
SHA,D,6,RES ELE,2017-02-09 00:00,2017-02-09 00:00,1055.08,,FEET
SHA,D,6,RES ELE,2017-02-10 00:00,2017-02-10 00:00,1060.14,,FEET
SHA,D,6,RES ELE,2017-02-11 00:00,2017-02-11 00:00,1061.21,,FEET
SHA,D,6,RES ELE,2017-02-12 00:00,2017-02-12 00:00,1060.77,,FEET
SHA,D,6,RES ELE,2017-02-13 00:00,2017-02-13 00:00,1059.04,,FEET
SHA,D,6,RES ELE,2017-02-14 00:00,2017-02-14 00:00,1056.33,,FEET
SHA,D,6,RES ELE,2017-02-15 00:00,2017-02-15 00:00,1053.84,,FEET
SHA,D,6,RES ELE,2017-02-16 00:00,2017-02-16 00:00,1052.93,,FEET
SHA,D,6,RES ELE,2017-02-17 00:00,2017-02-17 00:00,1051.37,,FEET
SHA,D,6,RES ELE,2017-02-18 00:00,2017-02-18 00:00,1050.45,,FEET
SHA,D,6,RES ELE,2017-02-19 00:00,2017-02-19 00:00,1049.88,,FEET
SHA,D,6,RES ELE,2017-02-20 00:00,2017-02-20 00:00,1052.86,,FEET
SHA,D,6,RES ELE,2017-02-21 00:00,2017-02-21 00:00,1055.90,,FEET
SHA,D,6,RES ELE,2017-02-22 00:00,2017-02-22 00:00,1055.42,,FEET
SHA,D,6,RES ELE,2017-02-23 00:00,2017-02-23 00:00,1053.71,,FEET
SHA,D,6,RES ELE,2017-02-24 00:00,2017-02-24 00:00,1051.43,,FEET
SHA,D,6,RES ELE,2017-02-25 00:00,2017-02-25 00:00,1048.90,,FEET
SHA,D,6,RES ELE,2017-02-26 00:00,2017-02-26 00:00,1046.03,,FEET
SHA,D,6,RES ELE,2017-02-27 00:00,2017-02-27 00:00,1042.90,,FEET
SHA,D,6,RES ELE,2017-02-28 00:00,2017-02-28 00:00,1039.50,,FEET
SHA,D,6,RES ELE,2017-03-01 00:00,2017-03-01 00:00,1035.87,,FEET
SHA,D,6,RES ELE,2017-03-02 00:00,2017-03-02 00:00,1032.74,,FEET
SHA,D,6,RES ELE,2017-03-03 00:00,2017-03-03 00:00,1030.07,,FEET
SHA,D,6,RES ELE,2017-03-04 00:00,2017-03-04 00:00,1028.03,,FEET
SHA,D,6,RES ELE,2017-03-05 00:00,2017-03-05 00:00,1026.54,,FEET
SHA,D,6,RES ELE,2017-03-06 00:00,2017-03-06 00:00,1025.39,,FEET
SHA,D,6,RES ELE,2017-03-07 00:00,2017-03-07 00:00,1024.93,,FEET
SHA,D,6,RES ELE,2017-03-08 00:00,2017-03-08 00:00,1024.73,,FEET
SHA,D,6,RES ELE,2017-03-09 00:00,2017-03-09 00:00,1024.58,,FEET
SHA,D,6,RES ELE,2017-03-10 00:00,2017-03-10 00:00,1024.80,,FEET
SHA,D,6,RES ELE,2017-03-11 00:00,2017-03-11 00:00,1025.13,,FEET
SHA,D,6,RES ELE,2017-03-12 00:00,2017-03-12 00:00,1025.61,,FEET
SHA,D,6,RES ELE,2017-03-13 00:00,2017-03-13 00:00,1026.27,,FEET
SHA,D,6,RES ELE,2017-03-14 00:00,2017-03-14 00:00,1027.00,,FEET
SHA,D,6,RES ELE,2017-03-15 00:00,2017-03-15 00:00,1027.70,,FEET
SHA,D,6,RES ELE,2017-03-16 00:00,2017-03-16 00:00,1028.52,,FEET
SHA,D,6,RES ELE,2017-03-17 00:00,2017-03-17 00:00,1029.30,,FEET
SHA,D,6,RES ELE,2017-03-18 00:00,2017-03-18 00:00,1030.09,,FEET
SHA,D,6,RES ELE,2017-03-19 00:00,2017-03-19 00:00,1030.97,,FEET
SHA,D,6,RES ELE,2017-03-20 00:00,2017-03-20 00:00,1031.89,,FEET
SHA,D,6,RES ELE,2017-03-21 00:00,2017-03-21 00:00,1033.80,,FEET
SHA,D,6,RES ELE,2017-03-22 00:00,2017-03-22 00:00,1036.15,,FEET
SHA,D,6,RES ELE,2017-03-23 00:00,2017-03-23 00:00,1037.96,,FEET
SHA,D,6,RES ELE,2017-03-24 00:00,2017-03-24 00:00,1040.22,,FEET
SHA,D,6,RES ELE,2017-03-25 00:00,2017-03-25 00:00,1042.53,,FEET
SHA,D,6,RES ELE,2017-03-26 00:00,2017-03-26 00:00,1044.23,,FEET
SHA,D,6,RES ELE,2017-03-27 00:00,2017-03-27 00:00,1045.55,,FEET
SHA,D,6,RES ELE,2017-03-28 00:00,2017-03-28 00:00,1046.64,,FEET
SHA,D,6,RES ELE,2017-03-29 00:00,2017-03-29 00:00,1047.45,,FEET
SHA,D,6,RES ELE,2017-03-30 00:00,2017-03-30 00:00,1048.21,,FEET
SHA,D,6,RES ELE,2017-03-31 00:00,2017-03-31 00:00,1048.85,,FEET
SHA,D,6,RES ELE,2017-04-01 00:00,2017-04-01 00:00,1049.39,,FEET
SHA,D,6,RES ELE,2017-04-02 00:00,2017-04-02 00:00,1049.84,,FEET
SHA,D,6,RES ELE,2017-04-03 00:00,2017-04-03 00:00,1050.35,,FEET
SHA,D,6,RES ELE,2017-04-04 00:00,2017-04-04 00:00,1050.80,,FEET
SHA,D,6,RES ELE,2017-04-05 00:00,2017-04-05 00:00,1051.25,,FEET
SHA,D,6,RES ELE,2017-04-06 00:00,2017-04-06 00:00,1052.12,,FEET
SHA,D,6,RES ELE,2017-04-07 00:00,2017-04-07 00:00,1054.02,,FEET
SHA,D,6,RES ELE,2017-04-08 00:00,2017-04-08 00:00,1055.53,,FEET
SHA,D,6,RES ELE,2017-04-09 00:00,2017-04-09 00:00,1056.58,,FEET
SHA,D,6,RES ELE,2017-04-10 00:00,2017-04-10 00:00,1057.45,,FEET
SHA,D,6,RES ELE,2017-04-11 00:00,2017-04-11 00:00,1058.50,,FEET
SHA,D,6,RES ELE,2017-04-12 00:00,2017-04-12 00:00,1059.63,,FEET
SHA,D,6,RES ELE,2017-04-13 00:00,2017-04-13 00:00,1060.59,,FEET
SHA,D,6,RES ELE,2017-04-14 00:00,2017-04-14 00:00,1061.12,,FEET
SHA,D,6,RES ELE,2017-04-15 00:00,2017-04-15 00:00,1061.10,,FEET
SHA,D,6,RES ELE,2017-04-16 00:00,2017-04-16 00:00,1061.06,,FEET
SHA,D,6,RES ELE,2017-04-17 00:00,2017-04-17 00:00,1061.04,,FEET
SHA,D,6,RES ELE,2017-04-18 00:00,2017-04-18 00:00,1061.06,,FEET
SHA,D,6,RES ELE,2017-04-19 00:00,2017-04-19 00:00,1060.90,,FEET
SHA,D,6,RES ELE,2017-04-20 00:00,2017-04-20 00:00,1060.48,,FEET
SHA,D,6,RES ELE,2017-04-21 00:00,2017-04-21 00:00,1059.81,,FEET
SHA,D,6,RES ELE,2017-04-22 00:00,2017-04-22 00:00,1059.08,,FEET
SHA,D,6,RES ELE,2017-04-23 00:00,2017-04-23 00:00,1058.34,,FEET
SHA,D,6,RES ELE,2017-04-24 00:00,2017-04-24 00:00,1057.76,,FEET
SHA,D,6,RES ELE,2017-04-25 00:00,2017-04-25 00:00,1057.20,,FEET
SHA,D,6,RES ELE,2017-04-26 00:00,2017-04-26 00:00,1056.87,,FEET
SHA,D,6,RES ELE,2017-04-27 00:00,2017-04-27 00:00,1056.72,,FEET
SHA,D,6,RES ELE,2017-04-28 00:00,2017-04-28 00:00,1056.75,,FEET
SHA,D,6,RES ELE,2017-04-29 00:00,2017-04-29 00:00,1056.93,,FEET
SHA,D,6,RES ELE,2017-04-30 00:00,2017-04-30 00:00,1057.09,,FEET
SHA,D,6,RES ELE,2017-05-01 00:00,2017-05-01 00:00,1057.50,,FEET
SHA,D,6,RES ELE,2017-05-02 00:00,2017-05-02 00:00,1057.99,,FEET
SHA,D,6,RES ELE,2017-05-03 00:00,2017-05-03 00:00,1058.54,,FEET
SHA,D,6,RES ELE,2017-05-04 00:00,2017-05-04 00:00,1059.05,,FEET
SHA,D,6,RES ELE,2017-05-05 00:00,2017-05-05 00:00,1059.83,,FEET
SHA,D,6,RES ELE,2017-05-06 00:00,2017-05-06 00:00,1060.40,,FEET
SHA,D,6,RES ELE,2017-05-07 00:00,2017-05-07 00:00,1060.69,,FEET
SHA,D,6,RES ELE,2017-05-08 00:00,2017-05-08 00:00,1060.88,,FEET
SHA,D,6,RES ELE,2017-05-09 00:00,2017-05-09 00:00,1060.99,,FEET
SHA,D,6,RES ELE,2017-05-10 00:00,2017-05-10 00:00,1061.10,,FEET
SHA,D,6,RES ELE,2017-05-11 00:00,2017-05-11 00:00,1061.24,,FEET
SHA,D,6,RES ELE,2017-05-12 00:00,2017-05-12 00:00,1061.35,,FEET
SHA,D,6,RES ELE,2017-05-13 00:00,2017-05-13 00:00,1061.45,,FEET
SHA,D,6,RES ELE,2017-05-14 00:00,2017-05-14 00:00,1061.34,,FEET
SHA,D,6,RES ELE,2017-05-15 00:00,2017-05-15 00:00,1061.34,,FEET
SHA,D,6,RES ELE,2017-05-16 00:00,2017-05-16 00:00,1061.25,,FEET
SHA,D,6,RES ELE,2017-05-17 00:00,2017-05-17 00:00,1061.20,,FEET
SHA,D,6,RES ELE,2017-05-18 00:00,2017-05-18 00:00,1061.16,,FEET
SHA,D,6,RES ELE,2017-05-19 00:00,2017-05-19 00:00,1061.18,,FEET
SHA,D,6,RES ELE,2017-05-20 00:00,2017-05-20 00:00,1061.14,,FEET
SHA,D,6,RES ELE,2017-05-21 00:00,2017-05-21 00:00,1061.06,,FEET
SHA,D,6,RES ELE,2017-05-22 00:00,2017-05-22 00:00,1061.07,,FEET
SHA,D,6,RES ELE,2017-05-23 00:00,2017-05-23 00:00,1061.08,,FEET
SHA,D,6,RES ELE,2017-05-24 00:00,2017-05-24 00:00,1060.92,,FEET
SHA,D,6,RES ELE,2017-05-25 00:00,2017-05-25 00:00,1060.96,,FEET
SHA,D,6,RES ELE,2017-05-26 00:00,2017-05-26 00:00,1060.97,,FEET
SHA,D,6,RES ELE,2017-05-27 00:00,2017-05-27 00:00,1060.77,,FEET
SHA,D,6,RES ELE,2017-05-28 00:00,2017-05-28 00:00,1060.68,,FEET
SHA,D,6,RES ELE,2017-05-29 00:00,2017-05-29 00:00,1060.53,,FEET
SHA,D,6,RES ELE,2017-05-30 00:00,2017-05-30 00:00,1060.41,,FEET
SHA,D,6,RES ELE,2017-05-31 00:00,2017-05-31 00:00,1060.22,,FEET
SHA,D,6,RES ELE,2017-06-01 00:00,2017-06-01 00:00,1060.05,,FEET
SHA,D,6,RES ELE,2017-06-02 00:00,2017-06-02 00:00,1059.94,,FEET
SHA,D,6,RES ELE,2017-06-03 00:00,2017-06-03 00:00,1059.82,,FEET
SHA,D,6,RES ELE,2017-06-04 00:00,2017-06-04 00:00,1059.76,,FEET
SHA,D,6,RES ELE,2017-06-05 00:00,2017-06-05 00:00,1059.64,,FEET
SHA,D,6,RES ELE,2017-06-06 00:00,2017-06-06 00:00,1059.50,,FEET
SHA,D,6,RES ELE,2017-06-07 00:00,2017-06-07 00:00,1059.27,,FEET
SHA,D,6,RES ELE,2017-06-08 00:00,2017-06-08 00:00,1059.21,,FEET
SHA,D,6,RES ELE,2017-06-09 00:00,2017-06-09 00:00,1059.18,,FEET
SHA,D,6,RES ELE,2017-06-10 00:00,2017-06-10 00:00,1059.02,,FEET
SHA,D,6,RES ELE,2017-06-11 00:00,2017-06-11 00:00,1058.83,,FEET
SHA,D,6,RES ELE,2017-06-12 00:00,2017-06-12 00:00,1058.69,,FEET
SHA,D,6,RES ELE,2017-06-13 00:00,2017-06-13 00:00,1058.72,,FEET
SHA,D,6,RES ELE,2017-06-14 00:00,2017-06-14 00:00,1058.58,,FEET
SHA,D,6,RES ELE,2017-06-15 00:00,2017-06-15 00:00,1058.47,,FEET
SHA,D,6,RES ELE,2017-06-16 00:00,2017-06-16 00:00,1058.38,,FEET
SHA,D,6,RES ELE,2017-06-17 00:00,2017-06-17 00:00,1058.27,,FEET
SHA,D,6,RES ELE,2017-06-18 00:00,2017-06-18 00:00,1058.08,,FEET
SHA,D,6,RES ELE,2017-06-19 00:00,2017-06-19 00:00,1057.90,,FEET
SHA,D,6,RES ELE,2017-06-20 00:00,2017-06-20 00:00,1057.69,,FEET
SHA,D,6,RES ELE,2017-06-21 00:00,2017-06-21 00:00,1057.40,,FEET
SHA,D,6,RES ELE,2017-06-22 00:00,2017-06-22 00:00,1057.13,,FEET
SHA,D,6,RES ELE,2017-06-23 00:00,2017-06-23 00:00,1056.95,,FEET
SHA,D,6,RES ELE,2017-06-24 00:00,2017-06-24 00:00,1056.69,,FEET
SHA,D,6,RES ELE,2017-06-25 00:00,2017-06-25 00:00,1056.56,,FEET
SHA,D,6,RES ELE,2017-06-26 00:00,2017-06-26 00:00,1056.22,,FEET
SHA,D,6,RES ELE,2017-06-27 00:00,2017-06-27 00:00,1055.98,,FEET
SHA,D,6,RES ELE,2017-06-28 00:00,2017-06-28 00:00,1055.73,,FEET
SHA,D,6,RES ELE,2017-06-29 00:00,2017-06-29 00:00,1055.52,,FEET
SHA,D,6,RES ELE,2017-06-30 00:00,2017-06-30 00:00,1055.29,,FEET
SHA,D,6,RES ELE,2017-07-01 00:00,2017-07-01 00:00,1055.04,,FEET
SHA,D,6,RES ELE,2017-07-02 00:00,2017-07-02 00:00,1054.76,,FEET
SHA,D,6,RES ELE,2017-07-03 00:00,2017-07-03 00:00,1054.56,,FEET
SHA,D,6,RES ELE,2017-07-04 00:00,2017-07-04 00:00,1054.28,,FEET
SHA,D,6,RES ELE,2017-07-05 00:00,2017-07-05 00:00,1054.00,,FEET
SHA,D,6,RES ELE,2017-07-06 00:00,2017-07-06 00:00,1053.71,,FEET
SHA,D,6,RES ELE,2017-07-07 00:00,2017-07-07 00:00,1053.35,,FEET
SHA,D,6,RES ELE,2017-07-08 00:00,2017-07-08 00:00,1053.06,,FEET
SHA,D,6,RES ELE,2017-07-09 00:00,2017-07-09 00:00,1052.76,,FEET
SHA,D,6,RES ELE,2017-07-10 00:00,2017-07-10 00:00,1052.52,,FEET
SHA,D,6,RES ELE,2017-07-11 00:00,2017-07-11 00:00,1052.16,,FEET
SHA,D,6,RES ELE,2017-07-12 00:00,2017-07-12 00:00,1051.85,,FEET
SHA,D,6,RES ELE,2017-07-13 00:00,2017-07-13 00:00,1051.56,,FEET
SHA,D,6,RES ELE,2017-07-14 00:00,2017-07-14 00:00,1051.43,,FEET
SHA,D,6,RES ELE,2017-07-15 00:00,2017-07-15 00:00,1051.18,,FEET
SHA,D,6,RES ELE,2017-07-16 00:00,2017-07-16 00:00,1050.90,,FEET
SHA,D,6,RES ELE,2017-07-17 00:00,2017-07-17 00:00,1050.51,,FEET
SHA,D,6,RES ELE,2017-07-18 00:00,2017-07-18 00:00,1050.27,,FEET
SHA,D,6,RES ELE,2017-07-19 00:00,2017-07-19 00:00,1050.04,,FEET
SHA,D,6,RES ELE,2017-07-20 00:00,2017-07-20 00:00,1049.65,,FEET
SHA,D,6,RES ELE,2017-07-21 00:00,2017-07-21 00:00,1049.24,,FEET
SHA,D,6,RES ELE,2017-07-22 00:00,2017-07-22 00:00,1048.87,,FEET
SHA,D,6,RES ELE,2017-07-23 00:00,2017-07-23 00:00,1048.54,,FEET
SHA,D,6,RES ELE,2017-07-24 00:00,2017-07-24 00:00,1048.18,,FEET
SHA,D,6,RES ELE,2017-07-25 00:00,2017-07-25 00:00,1047.76,,FEET
SHA,D,6,RES ELE,2017-07-26 00:00,2017-07-26 00:00,1047.31,,FEET
SHA,D,6,RES ELE,2017-07-27 00:00,2017-07-27 00:00,1046.96,,FEET
SHA,D,6,RES ELE,2017-07-28 00:00,2017-07-28 00:00,1046.68,,FEET
SHA,D,6,RES ELE,2017-07-29 00:00,2017-07-29 00:00,1046.27,,FEET
SHA,D,6,RES ELE,2017-07-30 00:00,2017-07-30 00:00,1045.90,,FEET
SHA,D,6,RES ELE,2017-07-31 00:00,2017-07-31 00:00,1045.57,,FEET
SHA,D,6,RES ELE,2017-08-01 00:00,2017-08-01 00:00,1045.27,,FEET
SHA,D,6,RES ELE,2017-08-02 00:00,2017-08-02 00:00,1044.94,,FEET
SHA,D,6,RES ELE,2017-08-03 00:00,2017-08-03 00:00,1044.60,,FEET
SHA,D,6,RES ELE,2017-08-04 00:00,2017-08-04 00:00,1044.21,,FEET
SHA,D,6,RES ELE,2017-08-05 00:00,2017-08-05 00:00,1043.86,,FEET
SHA,D,6,RES ELE,2017-08-06 00:00,2017-08-06 00:00,1043.48,,FEET
SHA,D,6,RES ELE,2017-08-07 00:00,2017-08-07 00:00,1043.17,,FEET
SHA,D,6,RES ELE,2017-08-08 00:00,2017-08-08 00:00,1042.80,,FEET
SHA,D,6,RES ELE,2017-08-09 00:00,2017-08-09 00:00,1042.48,,FEET
SHA,D,6,RES ELE,2017-08-10 00:00,2017-08-10 00:00,1042.07,,FEET
SHA,D,6,RES ELE,2017-08-11 00:00,2017-08-11 00:00,1041.53,,FEET
SHA,D,6,RES ELE,2017-08-12 00:00,2017-08-12 00:00,1041.17,,FEET
SHA,D,6,RES ELE,2017-08-13 00:00,2017-08-13 00:00,1040.80,,FEET
SHA,D,6,RES ELE,2017-08-14 00:00,2017-08-14 00:00,1040.38,,FEET
SHA,D,6,RES ELE,2017-08-15 00:00,2017-08-15 00:00,1039.87,,FEET
SHA,D,6,RES ELE,2017-08-16 00:00,2017-08-16 00:00,1039.43,,FEET
SHA,D,6,RES ELE,2017-08-17 00:00,2017-08-17 00:00,1039.05,,FEET
SHA,D,6,RES ELE,2017-08-18 00:00,2017-08-18 00:00,1038.69,,FEET
SHA,D,6,RES ELE,2017-08-19 00:00,2017-08-19 00:00,1038.33,,FEET
SHA,D,6,RES ELE,2017-08-20 00:00,2017-08-20 00:00,1037.89,,FEET
SHA,D,6,RES ELE,2017-08-21 00:00,2017-08-21 00:00,1037.50,,FEET
SHA,D,6,RES ELE,2017-08-22 00:00,2017-08-22 00:00,1037.03,,FEET
SHA,D,6,RES ELE,2017-08-23 00:00,2017-08-23 00:00,1036.56,,FEET
SHA,D,6,RES ELE,2017-08-24 00:00,2017-08-24 00:00,1036.21,,FEET
SHA,D,6,RES ELE,2017-08-25 00:00,2017-08-25 00:00,1035.81,,FEET
SHA,D,6,RES ELE,2017-08-26 00:00,2017-08-26 00:00,1035.39,,FEET
SHA,D,6,RES ELE,2017-08-27 00:00,2017-08-27 00:00,1035.00,,FEET
SHA,D,6,RES ELE,2017-08-28 00:00,2017-08-28 00:00,1034.61,,FEET
SHA,D,6,RES ELE,2017-08-29 00:00,2017-08-29 00:00,1034.24,,FEET
SHA,D,6,RES ELE,2017-08-30 00:00,2017-08-30 00:00,1033.92,,FEET
SHA,D,6,RES ELE,2017-08-31 00:00,2017-08-31 00:00,1033.65,,FEET
SHA,D,6,RES ELE,2017-09-01 00:00,2017-09-01 00:00,1033.35,,FEET
SHA,D,6,RES ELE,2017-09-02 00:00,2017-09-02 00:00,1033.08,,FEET
SHA,D,6,RES ELE,2017-09-03 00:00,2017-09-03 00:00,1032.79,,FEET
SHA,D,6,RES ELE,2017-09-04 00:00,2017-09-04 00:00,1032.45,,FEET
SHA,D,6,RES ELE,2017-09-05 00:00,2017-09-05 00:00,1032.15,,FEET
SHA,D,6,RES ELE,2017-09-06 00:00,2017-09-06 00:00,1031.88,,FEET
SHA,D,6,RES ELE,2017-09-07 00:00,2017-09-07 00:00,1031.61,,FEET
SHA,D,6,RES ELE,2017-09-08 00:00,2017-09-08 00:00,1031.30,,FEET
SHA,D,6,RES ELE,2017-09-09 00:00,2017-09-09 00:00,1030.95,,FEET
SHA,D,6,RES ELE,2017-09-10 00:00,2017-09-10 00:00,1030.60,,FEET
SHA,D,6,RES ELE,2017-09-11 00:00,2017-09-11 00:00,1030.27,,FEET
SHA,D,6,RES ELE,2017-09-12 00:00,2017-09-12 00:00,1029.91,,FEET
SHA,D,6,RES ELE,2017-09-13 00:00,2017-09-13 00:00,1029.68,,FEET
SHA,D,6,RES ELE,2017-09-14 00:00,2017-09-14 00:00,1029.42,,FEET
SHA,D,6,RES ELE,2017-09-15 00:00,2017-09-15 00:00,1029.12,,FEET
SHA,D,6,RES ELE,2017-09-16 00:00,2017-09-16 00:00,1028.89,,FEET
SHA,D,6,RES ELE,2017-09-17 00:00,2017-09-17 00:00,1028.52,,FEET
SHA,D,6,RES ELE,2017-09-18 00:00,2017-09-18 00:00,1028.20,,FEET
SHA,D,6,RES ELE,2017-09-19 00:00,2017-09-19 00:00,1027.87,,FEET
SHA,D,6,RES ELE,2017-09-20 00:00,2017-09-20 00:00,1027.48,,FEET
SHA,D,6,RES ELE,2017-09-21 00:00,2017-09-21 00:00,1027.14,,FEET
SHA,D,6,RES ELE,2017-09-22 00:00,2017-09-22 00:00,1026.75,,FEET
SHA,D,6,RES ELE,2017-09-23 00:00,2017-09-23 00:00,1026.42,,FEET
SHA,D,6,RES ELE,2017-09-24 00:00,2017-09-24 00:00,1026.00,,FEET
SHA,D,6,RES ELE,2017-09-25 00:00,2017-09-25 00:00,1025.67,,FEET
SHA,D,6,RES ELE,2017-09-26 00:00,2017-09-26 00:00,1025.34,,FEET
SHA,D,6,RES ELE,2017-09-27 00:00,2017-09-27 00:00,1025.01,,FEET
SHA,D,6,RES ELE,2017-09-28 00:00,2017-09-28 00:00,1024.65,,FEET
SHA,D,6,RES ELE,2017-09-29 00:00,2017-09-29 00:00,1024.30,,FEET
SHA,D,6,RES ELE,2017-09-30 00:00,2017-09-30 00:00,1023.91,,FEET
SHA,D,6,RES ELE,2017-10-01 00:00,2017-10-01 00:00,1023.57,,FEET
SHA,D,6,RES ELE,2017-10-02 00:00,2017-10-02 00:00,1023.09,,FEET
SHA,D,6,RES ELE,2017-10-03 00:00,2017-10-03 00:00,1022.80,,FEET
SHA,D,6,RES ELE,2017-10-04 00:00,2017-10-04 00:00,1022.60,,FEET
SHA,D,6,RES ELE,2017-10-05 00:00,2017-10-05 00:00,1022.30,,FEET
SHA,D,6,RES ELE,2017-10-06 00:00,2017-10-06 00:00,1022.07,,FEET
SHA,D,6,RES ELE,2017-10-07 00:00,2017-10-07 00:00,1021.87,,FEET
SHA,D,6,RES ELE,2017-10-08 00:00,2017-10-08 00:00,1021.62,,FEET
SHA,D,6,RES ELE,2017-10-09 00:00,2017-10-09 00:00,1021.38,,FEET
SHA,D,6,RES ELE,2017-10-10 00:00,2017-10-10 00:00,1021.22,,FEET
SHA,D,6,RES ELE,2017-10-11 00:00,2017-10-11 00:00,1020.92,,FEET
SHA,D,6,RES ELE,2017-10-12 00:00,2017-10-12 00:00,1020.57,,FEET
SHA,D,6,RES ELE,2017-10-13 00:00,2017-10-13 00:00,1020.24,,FEET
SHA,D,6,RES ELE,2017-10-14 00:00,2017-10-14 00:00,1019.97,,FEET
SHA,D,6,RES ELE,2017-10-15 00:00,2017-10-15 00:00,1019.68,,FEET
SHA,D,6,RES ELE,2017-10-16 00:00,2017-10-16 00:00,1019.38,,FEET
SHA,D,6,RES ELE,2017-10-17 00:00,2017-10-17 00:00,1019.10,,FEET
SHA,D,6,RES ELE,2017-10-18 00:00,2017-10-18 00:00,1018.82,,FEET
SHA,D,6,RES ELE,2017-10-19 00:00,2017-10-19 00:00,1018.60,,FEET
SHA,D,6,RES ELE,2017-10-20 00:00,2017-10-20 00:00,1018.36,,FEET
SHA,D,6,RES ELE,2017-10-21 00:00,2017-10-21 00:00,1018.17,,FEET
SHA,D,6,RES ELE,2017-10-22 00:00,2017-10-22 00:00,1017.97,,FEET
SHA,D,6,RES ELE,2017-10-23 00:00,2017-10-23 00:00,1017.70,,FEET
SHA,D,6,RES ELE,2017-10-24 00:00,2017-10-24 00:00,1017.38,,FEET
SHA,D,6,RES ELE,2017-10-25 00:00,2017-10-25 00:00,1017.06,,FEET
SHA,D,6,RES ELE,2017-10-26 00:00,2017-10-26 00:00,1016.81,,FEET
SHA,D,6,RES ELE,2017-10-27 00:00,2017-10-27 00:00,1016.60,,FEET
SHA,D,6,RES ELE,2017-10-28 00:00,2017-10-28 00:00,1016.34,,FEET
SHA,D,6,RES ELE,2017-10-29 00:00,2017-10-29 00:00,1016.00,,FEET
SHA,D,6,RES ELE,2017-10-30 00:00,2017-10-30 00:00,1015.70,,FEET
SHA,D,6,RES ELE,2017-10-31 00:00,2017-10-31 00:00,1015.38,,FEET
SHA,D,6,RES ELE,2017-11-01 00:00,2017-11-01 00:00,1015.11,,FEET
SHA,D,6,RES ELE,2017-11-02 00:00,2017-11-02 00:00,1014.82,,FEET
SHA,D,6,RES ELE,2017-11-03 00:00,2017-11-03 00:00,1014.68,,FEET
SHA,D,6,RES ELE,2017-11-04 00:00,2017-11-04 00:00,1014.39,,FEET
SHA,D,6,RES ELE,2017-11-05 00:00,2017-11-05 00:00,1014.20,,FEET
SHA,D,6,RES ELE,2017-11-06 00:00,2017-11-06 00:00,1014.09,,FEET
SHA,D,6,RES ELE,2017-11-07 00:00,2017-11-07 00:00,1013.93,,FEET
SHA,D,6,RES ELE,2017-11-08 00:00,2017-11-08 00:00,1013.90,,FEET
SHA,D,6,RES ELE,2017-11-09 00:00,2017-11-09 00:00,1013.97,,FEET
SHA,D,6,RES ELE,2017-11-10 00:00,2017-11-10 00:00,1014.07,,FEET
SHA,D,6,RES ELE,2017-11-11 00:00,2017-11-11 00:00,1014.13,,FEET
SHA,D,6,RES ELE,2017-11-12 00:00,2017-11-12 00:00,1014.21,,FEET
SHA,D,6,RES ELE,2017-11-13 00:00,2017-11-13 00:00,1014.56,,FEET
SHA,D,6,RES ELE,2017-11-14 00:00,2017-11-14 00:00,1014.67,,FEET
SHA,D,6,RES ELE,2017-11-15 00:00,2017-11-15 00:00,1015.02,,FEET
SHA,D,6,RES ELE,2017-11-16 00:00,2017-11-16 00:00,1015.28,,FEET
SHA,D,6,RES ELE,2017-11-17 00:00,2017-11-17 00:00,1015.58,,FEET
SHA,D,6,RES ELE,2017-11-18 00:00,2017-11-18 00:00,1015.84,,FEET
SHA,D,6,RES ELE,2017-11-19 00:00,2017-11-19 00:00,1015.93,,FEET
SHA,D,6,RES ELE,2017-11-20 00:00,2017-11-20 00:00,1016.03,,FEET
SHA,D,6,RES ELE,2017-11-21 00:00,2017-11-21 00:00,1016.15,,FEET
SHA,D,6,RES ELE,2017-11-22 00:00,2017-11-22 00:00,1016.07,,FEET
SHA,D,6,RES ELE,2017-11-23 00:00,2017-11-23 00:00,1015.97,,FEET
SHA,D,6,RES ELE,2017-11-24 00:00,2017-11-24 00:00,1016.01,,FEET
SHA,D,6,RES ELE,2017-11-25 00:00,2017-11-25 00:00,1016.06,,FEET
SHA,D,6,RES ELE,2017-11-26 00:00,2017-11-26 00:00,1016.67,,FEET
SHA,D,6,RES ELE,2017-11-27 00:00,2017-11-27 00:00,1016.95,,FEET
SHA,D,6,RES ELE,2017-11-28 00:00,2017-11-28 00:00,1017.06,,FEET
SHA,D,6,RES ELE,2017-11-29 00:00,2017-11-29 00:00,1017.16,,FEET
SHA,D,6,RES ELE,2017-11-30 00:00,2017-11-30 00:00,1017.26,,FEET
SHA,D,6,RES ELE,2017-12-01 00:00,2017-12-01 00:00,1017.41,,FEET
SHA,D,6,RES ELE,2017-12-02 00:00,2017-12-02 00:00,1017.55,,FEET
SHA,D,6,RES ELE,2017-12-03 00:00,2017-12-03 00:00,1017.61,,FEET
SHA,D,6,RES ELE,2017-12-04 00:00,2017-12-04 00:00,1017.58,,FEET
SHA,D,6,RES ELE,2017-12-05 00:00,2017-12-05 00:00,1017.44,,FEET
SHA,D,6,RES ELE,2017-12-06 00:00,2017-12-06 00:00,1017.43,,FEET
SHA,D,6,RES ELE,2017-12-07 00:00,2017-12-07 00:00,1017.45,,FEET
SHA,D,6,RES ELE,2017-12-08 00:00,2017-12-08 00:00,1017.42,,FEET
SHA,D,6,RES ELE,2017-12-09 00:00,2017-12-09 00:00,1017.44,,FEET
SHA,D,6,RES ELE,2017-12-10 00:00,2017-12-10 00:00,1017.47,,FEET
SHA,D,6,RES ELE,2017-12-11 00:00,2017-12-11 00:00,1017.38,,FEET
SHA,D,6,RES ELE,2017-12-12 00:00,2017-12-12 00:00,1017.40,,FEET
SHA,D,6,RES ELE,2017-12-13 00:00,2017-12-13 00:00,1017.27,,FEET
SHA,D,6,RES ELE,2017-12-14 00:00,2017-12-14 00:00,1017.24,,FEET
SHA,D,6,RES ELE,2017-12-15 00:00,2017-12-15 00:00,1017.21,,FEET
SHA,D,6,RES ELE,2017-12-16 00:00,2017-12-16 00:00,1017.12,,FEET
SHA,D,6,RES ELE,2017-12-17 00:00,2017-12-17 00:00,1017.04,,FEET
SHA,D,6,RES ELE,2017-12-18 00:00,2017-12-18 00:00,1017.05,,FEET
SHA,D,6,RES ELE,2017-12-19 00:00,2017-12-19 00:00,1016.99,,FEET
SHA,D,6,RES ELE,2017-12-20 00:00,2017-12-20 00:00,1016.97,,FEET
SHA,D,6,RES ELE,2017-12-21 00:00,2017-12-21 00:00,1016.92,,FEET
SHA,D,6,RES ELE,2017-12-22 00:00,2017-12-22 00:00,1016.84,,FEET
SHA,D,6,RES ELE,2017-12-23 00:00,2017-12-23 00:00,1016.84,,FEET
SHA,D,6,RES ELE,2017-12-24 00:00,2017-12-24 00:00,1016.81,,FEET
SHA,D,6,RES ELE,2017-12-25 00:00,2017-12-25 00:00,1016.77,,FEET
SHA,D,6,RES ELE,2017-12-26 00:00,2017-12-26 00:00,1016.72,,FEET
SHA,D,6,RES ELE,2017-12-27 00:00,2017-12-27 00:00,1016.73,,FEET
SHA,D,6,RES ELE,2017-12-28 00:00,2017-12-28 00:00,1016.64,,FEET
SHA,D,6,RES ELE,2017-12-29 00:00,2017-12-29 00:00,1016.56,,FEET
SHA,D,6,RES ELE,2017-12-30 00:00,2017-12-30 00:00,1016.56,,FEET
SHA,D,6,RES ELE,2017-12-31 00:00,2017-12-31 00:00,1016.48,,FEET
SHA,D,6,RES ELE,2018-01-01 00:00,2018-01-01 00:00,1016.50,,FEET
SHA,D,6,RES ELE,2018-01-02 00:00,2018-01-02 00:00,1016.45,,FEET
SHA,D,6,RES ELE,2018-01-03 00:00,2018-01-03 00:00,1016.52,,FEET
SHA,D,6,RES ELE,2018-01-04 00:00,2018-01-04 00:00,1016.64,,FEET
SHA,D,6,RES ELE,2018-01-05 00:00,2018-01-05 00:00,1016.80,,FEET
SHA,D,6,RES ELE,2018-01-06 00:00,2018-01-06 00:00,1017.00,,FEET
SHA,D,6,RES ELE,2018-01-07 00:00,2018-01-07 00:00,1017.08,,FEET
SHA,D,6,RES ELE,2018-01-08 00:00,2018-01-08 00:00,1017.60,,FEET
SHA,D,6,RES ELE,2018-01-09 00:00,2018-01-09 00:00,1017.92,,FEET
SHA,D,6,RES ELE,2018-01-10 00:00,2018-01-10 00:00,1018.13,,FEET
SHA,D,6,RES ELE,2018-01-11 00:00,2018-01-11 00:00,1018.18,,FEET
SHA,D,6,RES ELE,2018-01-12 00:00,2018-01-12 00:00,1018.34,,FEET
SHA,D,6,RES ELE,2018-01-13 00:00,2018-01-13 00:00,1018.55,,FEET
SHA,D,6,RES ELE,2018-01-14 00:00,2018-01-14 00:00,1018.80,,FEET
SHA,D,6,RES ELE,2018-01-15 00:00,2018-01-15 00:00,1018.94,,FEET
SHA,D,6,RES ELE,2018-01-16 00:00,2018-01-16 00:00,1019.07,,FEET
SHA,D,6,RES ELE,2018-01-17 00:00,2018-01-17 00:00,1019.24,,FEET
SHA,D,6,RES ELE,2018-01-18 00:00,2018-01-18 00:00,1019.52,,FEET
SHA,D,6,RES ELE,2018-01-19 00:00,2018-01-19 00:00,1019.65,,FEET
SHA,D,6,RES ELE,2018-01-20 00:00,2018-01-20 00:00,1019.85,,FEET
SHA,D,6,RES ELE,2018-01-21 00:00,2018-01-21 00:00,1020.10,,FEET
SHA,D,6,RES ELE,2018-01-22 00:00,2018-01-22 00:00,1020.32,,FEET
SHA,D,6,RES ELE,2018-01-23 00:00,2018-01-23 00:00,1020.46,,FEET
SHA,D,6,RES ELE,2018-01-24 00:00,2018-01-24 00:00,1020.80,,FEET
SHA,D,6,RES ELE,2018-01-25 00:00,2018-01-25 00:00,1021.07,,FEET
SHA,D,6,RES ELE,2018-01-26 00:00,2018-01-26 00:00,1021.39,,FEET
SHA,D,6,RES ELE,2018-01-27 00:00,2018-01-27 00:00,1021.63,,FEET
SHA,D,6,RES ELE,2018-01-28 00:00,2018-01-28 00:00,1021.85,,FEET
SHA,D,6,RES ELE,2018-01-29 00:00,2018-01-29 00:00,1022.10,,FEET
SHA,D,6,RES ELE,2018-01-30 00:00,2018-01-30 00:00,1022.38,,FEET
SHA,D,6,RES ELE,2018-01-31 00:00,2018-01-31 00:00,1022.57,,FEET
SHA,D,6,RES ELE,2018-02-01 00:00,2018-02-01 00:00,1022.67,,FEET
SHA,D,6,RES ELE,2018-02-02 00:00,2018-02-02 00:00,1022.75,,FEET
SHA,D,6,RES ELE,2018-02-03 00:00,2018-02-03 00:00,1022.88,,FEET
SHA,D,6,RES ELE,2018-02-04 00:00,2018-02-04 00:00,1023.04,,FEET
SHA,D,6,RES ELE,2018-02-05 00:00,2018-02-05 00:00,1023.14,,FEET
SHA,D,6,RES ELE,2018-02-06 00:00,2018-02-06 00:00,1023.34,,FEET
SHA,D,6,RES ELE,2018-02-07 00:00,2018-02-07 00:00,1023.28,,FEET
SHA,D,6,RES ELE,2018-02-08 00:00,2018-02-08 00:00,1023.22,,FEET
SHA,D,6,RES ELE,2018-02-09 00:00,2018-02-09 00:00,1023.39,,FEET
SHA,D,6,RES ELE,2018-02-10 00:00,2018-02-10 00:00,1023.61,,FEET
SHA,D,6,RES ELE,2018-02-11 00:00,2018-02-11 00:00,1023.73,,FEET
SHA,D,6,RES ELE,2018-02-12 00:00,2018-02-12 00:00,1023.81,,FEET
SHA,D,6,RES ELE,2018-02-13 00:00,2018-02-13 00:00,1023.78,,FEET
SHA,D,6,RES ELE,2018-02-14 00:00,2018-02-14 00:00,1023.78,,FEET
SHA,D,6,RES ELE,2018-02-15 00:00,2018-02-15 00:00,1023.85,,FEET
SHA,D,6,RES ELE,2018-02-16 00:00,2018-02-16 00:00,1023.86,,FEET
SHA,D,6,RES ELE,2018-02-17 00:00,2018-02-17 00:00,1024.04,,FEET
SHA,D,6,RES ELE,2018-02-18 00:00,2018-02-18 00:00,1024.23,,FEET
SHA,D,6,RES ELE,2018-02-19 00:00,2018-02-19 00:00,1024.39,,FEET
SHA,D,6,RES ELE,2018-02-20 00:00,2018-02-20 00:00,1024.41,,FEET
SHA,D,6,RES ELE,2018-02-21 00:00,2018-02-21 00:00,1024.48,,FEET
SHA,D,6,RES ELE,2018-02-22 00:00,2018-02-22 00:00,1024.55,,FEET
SHA,D,6,RES ELE,2018-02-23 00:00,2018-02-23 00:00,1024.70,,FEET
SHA,D,6,RES ELE,2018-02-24 00:00,2018-02-24 00:00,1024.87,,FEET
SHA,D,6,RES ELE,2018-02-25 00:00,2018-02-25 00:00,1024.99,,FEET
SHA,D,6,RES ELE,2018-02-26 00:00,2018-02-26 00:00,1025.05,,FEET
SHA,D,6,RES ELE,2018-02-27 00:00,2018-02-27 00:00,1025.10,,FEET
SHA,D,6,RES ELE,2018-02-28 00:00,2018-02-28 00:00,1025.20,,FEET
SHA,D,6,RES ELE,2018-03-01 00:00,2018-03-01 00:00,1025.66,,FEET
SHA,D,6,RES ELE,2018-03-02 00:00,2018-03-02 00:00,1025.91,,FEET
SHA,D,6,RES ELE,2018-03-03 00:00,2018-03-03 00:00,1026.08,,FEET
SHA,D,6,RES ELE,2018-03-04 00:00,2018-03-04 00:00,1026.26,,FEET
SHA,D,6,RES ELE,2018-03-05 00:00,2018-03-05 00:00,1026.40,,FEET
SHA,D,6,RES ELE,2018-03-06 00:00,2018-03-06 00:00,1026.52,,FEET
SHA,D,6,RES ELE,2018-03-07 00:00,2018-03-07 00:00,1026.66,,FEET
SHA,D,6,RES ELE,2018-03-08 00:00,2018-03-08 00:00,1026.84,,FEET
SHA,D,6,RES ELE,2018-03-09 00:00,2018-03-09 00:00,1026.99,,FEET
SHA,D,6,RES ELE,2018-03-10 00:00,2018-03-10 00:00,1027.20,,FEET
SHA,D,6,RES ELE,2018-03-11 00:00,2018-03-11 00:00,1027.47,,FEET
SHA,D,6,RES ELE,2018-03-12 00:00,2018-03-12 00:00,1027.74,,FEET
SHA,D,6,RES ELE,2018-03-13 00:00,2018-03-13 00:00,1028.36,,FEET
SHA,D,6,RES ELE,2018-03-14 00:00,2018-03-14 00:00,1029.41,,FEET
SHA,D,6,RES ELE,2018-03-15 00:00,2018-03-15 00:00,1030.41,,FEET
SHA,D,6,RES ELE,2018-03-16 00:00,2018-03-16 00:00,1031.19,,FEET
SHA,D,6,RES ELE,2018-03-17 00:00,2018-03-17 00:00,1031.87,,FEET
SHA,D,6,RES ELE,2018-03-18 00:00,2018-03-18 00:00,1032.43,,FEET
SHA,D,6,RES ELE,2018-03-19 00:00,2018-03-19 00:00,1032.83,,FEET
SHA,D,6,RES ELE,2018-03-20 00:00,2018-03-20 00:00,1033.36,,FEET
SHA,D,6,RES ELE,2018-03-21 00:00,2018-03-21 00:00,1034.15,,FEET
SHA,D,6,RES ELE,2018-03-22 00:00,2018-03-22 00:00,1036.15,,FEET
SHA,D,6,RES ELE,2018-03-23 00:00,2018-03-23 00:00,1037.62,,FEET
SHA,D,6,RES ELE,2018-03-24 00:00,2018-03-24 00:00,1038.74,,FEET
SHA,D,6,RES ELE,2018-03-25 00:00,2018-03-25 00:00,1039.74,,FEET
SHA,D,6,RES ELE,2018-03-26 00:00,2018-03-26 00:00,1040.48,,FEET
SHA,D,6,RES ELE,2018-03-27 00:00,2018-03-27 00:00,1041.20,,FEET
SHA,D,6,RES ELE,2018-03-28 00:00,2018-03-28 00:00,1041.73,,FEET
SHA,D,6,RES ELE,2018-03-29 00:00,2018-03-29 00:00,1042.24,,FEET
SHA,D,6,RES ELE,2018-03-30 00:00,2018-03-30 00:00,1042.74,,FEET
SHA,D,6,RES ELE,2018-03-31 00:00,2018-03-31 00:00,1043.27,,FEET
SHA,D,6,RES ELE,2018-04-01 00:00,2018-04-01 00:00,1043.77,,FEET
SHA,D,6,RES ELE,2018-04-02 00:00,2018-04-02 00:00,1044.18,,FEET
SHA,D,6,RES ELE,2018-04-03 00:00,2018-04-03 00:00,1044.49,,FEET
SHA,D,6,RES ELE,2018-04-04 00:00,2018-04-04 00:00,1044.88,,FEET
SHA,D,6,RES ELE,2018-04-05 00:00,2018-04-05 00:00,1045.28,,FEET
SHA,D,6,RES ELE,2018-04-06 00:00,2018-04-06 00:00,1045.87,,FEET
SHA,D,6,RES ELE,2018-04-07 00:00,2018-04-07 00:00,1047.11,,FEET
SHA,D,6,RES ELE,2018-04-08 00:00,2018-04-08 00:00,1048.04,,FEET
SHA,D,6,RES ELE,2018-04-09 00:00,2018-04-09 00:00,1048.83,,FEET
SHA,D,6,RES ELE,2018-04-10 00:00,2018-04-10 00:00,1049.44,,FEET
SHA,D,6,RES ELE,2018-04-11 00:00,2018-04-11 00:00,1050.05,,FEET
SHA,D,6,RES ELE,2018-04-12 00:00,2018-04-12 00:00,1050.58,,FEET
SHA,D,6,RES ELE,2018-04-13 00:00,2018-04-13 00:00,1051.04,,FEET
SHA,D,6,RES ELE,2018-04-14 00:00,2018-04-14 00:00,1051.49,,FEET
SHA,D,6,RES ELE,2018-04-15 00:00,2018-04-15 00:00,1052.02,,FEET
SHA,D,6,RES ELE,2018-04-16 00:00,2018-04-16 00:00,1052.38,,FEET
SHA,D,6,RES ELE,2018-04-17 00:00,2018-04-17 00:00,1052.68,,FEET
SHA,D,6,RES ELE,2018-04-18 00:00,2018-04-18 00:00,1053.16,,FEET
SHA,D,6,RES ELE,2018-04-19 00:00,2018-04-19 00:00,1053.51,,FEET
SHA,D,6,RES ELE,2018-04-20 00:00,2018-04-20 00:00,1053.75,,FEET
SHA,D,6,RES ELE,2018-04-21 00:00,2018-04-21 00:00,1054.10,,FEET
SHA,D,6,RES ELE,2018-04-22 00:00,2018-04-22 00:00,1054.48,,FEET
SHA,D,6,RES ELE,2018-04-23 00:00,2018-04-23 00:00,1054.64,,FEET
SHA,D,6,RES ELE,2018-04-24 00:00,2018-04-24 00:00,1054.84,,FEET
SHA,D,6,RES ELE,2018-04-25 00:00,2018-04-25 00:00,1054.85,,FEET
SHA,D,6,RES ELE,2018-04-26 00:00,2018-04-26 00:00,1054.90,,FEET
SHA,D,6,RES ELE,2018-04-27 00:00,2018-04-27 00:00,1054.82,,FEET
SHA,D,6,RES ELE,2018-04-28 00:00,2018-04-28 00:00,1054.80,,FEET
SHA,D,6,RES ELE,2018-04-29 00:00,2018-04-29 00:00,1054.70,,FEET
SHA,D,6,RES ELE,2018-04-30 00:00,2018-04-30 00:00,1054.70,,FEET
SHA,D,6,RES ELE,2018-05-01 00:00,2018-05-01 00:00,1054.64,,FEET
SHA,D,6,RES ELE,2018-05-02 00:00,2018-05-02 00:00,1054.55,,FEET
SHA,D,6,RES ELE,2018-05-03 00:00,2018-05-03 00:00,1054.34,,FEET
SHA,D,6,RES ELE,2018-05-04 00:00,2018-05-04 00:00,1054.30,,FEET
SHA,D,6,RES ELE,2018-05-05 00:00,2018-05-05 00:00,1054.09,,FEET
SHA,D,6,RES ELE,2018-05-06 00:00,2018-05-06 00:00,1053.85,,FEET
SHA,D,6,RES ELE,2018-05-07 00:00,2018-05-07 00:00,1053.61,,FEET
SHA,D,6,RES ELE,2018-05-08 00:00,2018-05-08 00:00,1053.37,,FEET
SHA,D,6,RES ELE,2018-05-09 00:00,2018-05-09 00:00,1053.12,,FEET
SHA,D,6,RES ELE,2018-05-10 00:00,2018-05-10 00:00,1052.84,,FEET
SHA,D,6,RES ELE,2018-05-11 00:00,2018-05-11 00:00,1052.60,,FEET
SHA,D,6,RES ELE,2018-05-12 00:00,2018-05-12 00:00,1052.41,,FEET
SHA,D,6,RES ELE,2018-05-13 00:00,2018-05-13 00:00,1052.18,,FEET
SHA,D,6,RES ELE,2018-05-14 00:00,2018-05-14 00:00,1051.83,,FEET
SHA,D,6,RES ELE,2018-05-15 00:00,2018-05-15 00:00,1051.66,,FEET
SHA,D,6,RES ELE,2018-05-16 00:00,2018-05-16 00:00,1051.26,,FEET
SHA,D,6,RES ELE,2018-05-17 00:00,2018-05-17 00:00,1050.85,,FEET
SHA,D,6,RES ELE,2018-05-18 00:00,2018-05-18 00:00,1050.53,,FEET
SHA,D,6,RES ELE,2018-05-19 00:00,2018-05-19 00:00,1050.07,,FEET
SHA,D,6,RES ELE,2018-05-20 00:00,2018-05-20 00:00,1049.60,,FEET
SHA,D,6,RES ELE,2018-05-21 00:00,2018-05-21 00:00,1049.21,,FEET
SHA,D,6,RES ELE,2018-05-22 00:00,2018-05-22 00:00,1048.93,,FEET
SHA,D,6,RES ELE,2018-05-23 00:00,2018-05-23 00:00,1048.84,,FEET
SHA,D,6,RES ELE,2018-05-24 00:00,2018-05-24 00:00,1048.51,,FEET
SHA,D,6,RES ELE,2018-05-25 00:00,2018-05-25 00:00,1048.22,,FEET
SHA,D,6,RES ELE,2018-05-26 00:00,2018-05-26 00:00,1047.89,,FEET
SHA,D,6,RES ELE,2018-05-27 00:00,2018-05-27 00:00,1047.47,,FEET
SHA,D,6,RES ELE,2018-05-28 00:00,2018-05-28 00:00,1047.28,,FEET
SHA,D,6,RES ELE,2018-05-29 00:00,2018-05-29 00:00,1046.96,,FEET
SHA,D,6,RES ELE,2018-05-30 00:00,2018-05-30 00:00,1046.47,,FEET
SHA,D,6,RES ELE,2018-05-31 00:00,2018-05-31 00:00,1046.07,,FEET
SHA,D,6,RES ELE,2018-06-01 00:00,2018-06-01 00:00,1045.80,,FEET
SHA,D,6,RES ELE,2018-06-02 00:00,2018-06-02 00:00,1045.60,,FEET
SHA,D,6,RES ELE,2018-06-03 00:00,2018-06-03 00:00,1045.42,,FEET
SHA,D,6,RES ELE,2018-06-04 00:00,2018-06-04 00:00,1045.16,,FEET
SHA,D,6,RES ELE,2018-06-05 00:00,2018-06-05 00:00,1044.95,,FEET
SHA,D,6,RES ELE,2018-06-06 00:00,2018-06-06 00:00,1044.59,,FEET
SHA,D,6,RES ELE,2018-06-07 00:00,2018-06-07 00:00,1044.22,,FEET
SHA,D,6,RES ELE,2018-06-08 00:00,2018-06-08 00:00,1043.94,,FEET
SHA,D,6,RES ELE,2018-06-09 00:00,2018-06-09 00:00,1043.61,,FEET
SHA,D,6,RES ELE,2018-06-10 00:00,2018-06-10 00:00,1043.28,,FEET
SHA,D,6,RES ELE,2018-06-11 00:00,2018-06-11 00:00,1042.87,,FEET
SHA,D,6,RES ELE,2018-06-12 00:00,2018-06-12 00:00,1042.54,,FEET
SHA,D,6,RES ELE,2018-06-13 00:00,2018-06-13 00:00,1042.34,,FEET
SHA,D,6,RES ELE,2018-06-14 00:00,2018-06-14 00:00,1041.92,,FEET
SHA,D,6,RES ELE,2018-06-15 00:00,2018-06-15 00:00,1041.72,,FEET
SHA,D,6,RES ELE,2018-06-16 00:00,2018-06-16 00:00,1041.35,,FEET
SHA,D,6,RES ELE,2018-06-17 00:00,2018-06-17 00:00,1040.82,,FEET
SHA,D,6,RES ELE,2018-06-18 00:00,2018-06-18 00:00,1040.33,,FEET
SHA,D,6,RES ELE,2018-06-19 00:00,2018-06-19 00:00,1039.84,,FEET
SHA,D,6,RES ELE,2018-06-20 00:00,2018-06-20 00:00,1039.27,,FEET
SHA,D,6,RES ELE,2018-06-21 00:00,2018-06-21 00:00,1038.81,,FEET
SHA,D,6,RES ELE,2018-06-22 00:00,2018-06-22 00:00,1038.32,,FEET
SHA,D,6,RES ELE,2018-06-23 00:00,2018-06-23 00:00,1037.85,,FEET
SHA,D,6,RES ELE,2018-06-24 00:00,2018-06-24 00:00,1037.31,,FEET
SHA,D,6,RES ELE,2018-06-25 00:00,2018-06-25 00:00,1036.68,,FEET
SHA,D,6,RES ELE,2018-06-26 00:00,2018-06-26 00:00,1036.27,,FEET
SHA,D,6,RES ELE,2018-06-27 00:00,2018-06-27 00:00,1035.81,,FEET
SHA,D,6,RES ELE,2018-06-28 00:00,2018-06-28 00:00,1035.18,,FEET
SHA,D,6,RES ELE,2018-06-29 00:00,2018-06-29 00:00,1034.69,,FEET
SHA,D,6,RES ELE,2018-06-30 00:00,2018-06-30 00:00,1034.24,,FEET
SHA,D,6,RES ELE,2018-07-01 00:00,2018-07-01 00:00,1033.57,,FEET
SHA,D,6,RES ELE,2018-07-02 00:00,2018-07-02 00:00,1033.10,,FEET
SHA,D,6,RES ELE,2018-07-03 00:00,2018-07-03 00:00,1032.59,,FEET
SHA,D,6,RES ELE,2018-07-04 00:00,2018-07-04 00:00,1031.96,,FEET
SHA,D,6,RES ELE,2018-07-05 00:00,2018-07-05 00:00,1031.41,,FEET
SHA,D,6,RES ELE,2018-07-06 00:00,2018-07-06 00:00,1030.68,,FEET
SHA,D,6,RES ELE,2018-07-07 00:00,2018-07-07 00:00,1030.05,,FEET
SHA,D,6,RES ELE,2018-07-08 00:00,2018-07-08 00:00,1029.42,,FEET
SHA,D,6,RES ELE,2018-07-09 00:00,2018-07-09 00:00,1028.82,,FEET
SHA,D,6,RES ELE,2018-07-10 00:00,2018-07-10 00:00,1028.24,,FEET
SHA,D,6,RES ELE,2018-07-11 00:00,2018-07-11 00:00,1027.65,,FEET
SHA,D,6,RES ELE,2018-07-12 00:00,2018-07-12 00:00,1026.98,,FEET
SHA,D,6,RES ELE,2018-07-13 00:00,2018-07-13 00:00,1026.30,,FEET
SHA,D,6,RES ELE,2018-07-14 00:00,2018-07-14 00:00,1025.52,,FEET
SHA,D,6,RES ELE,2018-07-15 00:00,2018-07-15 00:00,1024.93,,FEET
SHA,D,6,RES ELE,2018-07-16 00:00,2018-07-16 00:00,1024.26,,FEET
SHA,D,6,RES ELE,2018-07-17 00:00,2018-07-17 00:00,1023.65,,FEET
SHA,D,6,RES ELE,2018-07-18 00:00,2018-07-18 00:00,1023.04,,FEET
SHA,D,6,RES ELE,2018-07-19 00:00,2018-07-19 00:00,1022.33,,FEET
SHA,D,6,RES ELE,2018-07-20 00:00,2018-07-20 00:00,1021.78,,FEET
SHA,D,6,RES ELE,2018-07-21 00:00,2018-07-21 00:00,1021.09,,FEET
SHA,D,6,RES ELE,2018-07-22 00:00,2018-07-22 00:00,1020.57,,FEET
SHA,D,6,RES ELE,2018-07-23 00:00,2018-07-23 00:00,1019.84,,FEET
SHA,D,6,RES ELE,2018-07-24 00:00,2018-07-24 00:00,1019.25,,FEET
SHA,D,6,RES ELE,2018-07-25 00:00,2018-07-25 00:00,1018.65,,FEET
SHA,D,6,RES ELE,2018-07-26 00:00,2018-07-26 00:00,1017.97,,FEET
SHA,D,6,RES ELE,2018-07-27 00:00,2018-07-27 00:00,1017.30,,FEET
SHA,D,6,RES ELE,2018-07-28 00:00,2018-07-28 00:00,1016.48,,FEET
SHA,D,6,RES ELE,2018-07-29 00:00,2018-07-29 00:00,1015.65,,FEET
SHA,D,6,RES ELE,2018-07-30 00:00,2018-07-30 00:00,1014.91,,FEET
SHA,D,6,RES ELE,2018-07-31 00:00,2018-07-31 00:00,1014.11,,FEET
SHA,D,6,RES ELE,2018-08-01 00:00,2018-08-01 00:00,1013.27,,FEET
SHA,D,6,RES ELE,2018-08-02 00:00,2018-08-02 00:00,1012.42,,FEET
SHA,D,6,RES ELE,2018-08-03 00:00,2018-08-03 00:00,1011.56,,FEET
SHA,D,6,RES ELE,2018-08-04 00:00,2018-08-04 00:00,1010.73,,FEET
SHA,D,6,RES ELE,2018-08-05 00:00,2018-08-05 00:00,1009.95,,FEET
SHA,D,6,RES ELE,2018-08-06 00:00,2018-08-06 00:00,1009.15,,FEET
SHA,D,6,RES ELE,2018-08-07 00:00,2018-08-07 00:00,1008.34,,FEET
SHA,D,6,RES ELE,2018-08-08 00:00,2018-08-08 00:00,1007.76,,FEET
SHA,D,6,RES ELE,2018-08-09 00:00,2018-08-09 00:00,1007.18,,FEET
SHA,D,6,RES ELE,2018-08-10 00:00,2018-08-10 00:00,1006.53,,FEET
SHA,D,6,RES ELE,2018-08-11 00:00,2018-08-11 00:00,1005.85,,FEET
SHA,D,6,RES ELE,2018-08-12 00:00,2018-08-12 00:00,1005.08,,FEET
SHA,D,6,RES ELE,2018-08-13 00:00,2018-08-13 00:00,1004.44,,FEET
SHA,D,6,RES ELE,2018-08-14 00:00,2018-08-14 00:00,1003.75,,FEET
SHA,D,6,RES ELE,2018-08-15 00:00,2018-08-15 00:00,1003.13,,FEET
SHA,D,6,RES ELE,2018-08-16 00:00,2018-08-16 00:00,1002.55,,FEET
SHA,D,6,RES ELE,2018-08-17 00:00,2018-08-17 00:00,1001.91,,FEET
SHA,D,6,RES ELE,2018-08-18 00:00,2018-08-18 00:00,1001.28,,FEET
SHA,D,6,RES ELE,2018-08-19 00:00,2018-08-19 00:00,1000.56,,FEET
SHA,D,6,RES ELE,2018-08-20 00:00,2018-08-20 00:00,999.86,,FEET
SHA,D,6,RES ELE,2018-08-21 00:00,2018-08-21 00:00,999.27,,FEET
SHA,D,6,RES ELE,2018-08-22 00:00,2018-08-22 00:00,998.75,,FEET
SHA,D,6,RES ELE,2018-08-23 00:00,2018-08-23 00:00,998.22,,FEET
SHA,D,6,RES ELE,2018-08-24 00:00,2018-08-24 00:00,997.46,,FEET
SHA,D,6,RES ELE,2018-08-25 00:00,2018-08-25 00:00,997.00,,FEET
SHA,D,6,RES ELE,2018-08-26 00:00,2018-08-26 00:00,996.49,,FEET
SHA,D,6,RES ELE,2018-08-27 00:00,2018-08-27 00:00,995.84,,FEET
SHA,D,6,RES ELE,2018-08-28 00:00,2018-08-28 00:00,995.29,,FEET
SHA,D,6,RES ELE,2018-08-29 00:00,2018-08-29 00:00,994.73,,FEET
SHA,D,6,RES ELE,2018-08-30 00:00,2018-08-30 00:00,994.18,,FEET
SHA,D,6,RES ELE,2018-08-31 00:00,2018-08-31 00:00,993.59,,FEET
SHA,D,6,RES ELE,2018-09-01 00:00,2018-09-01 00:00,992.95,,FEET
SHA,D,6,RES ELE,2018-09-02 00:00,2018-09-02 00:00,992.30,,FEET
SHA,D,6,RES ELE,2018-09-03 00:00,2018-09-03 00:00,991.84,,FEET
SHA,D,6,RES ELE,2018-09-04 00:00,2018-09-04 00:00,991.26,,FEET
SHA,D,6,RES ELE,2018-09-05 00:00,2018-09-05 00:00,990.71,,FEET
SHA,D,6,RES ELE,2018-09-06 00:00,2018-09-06 00:00,990.32,,FEET
SHA,D,6,RES ELE,2018-09-07 00:00,2018-09-07 00:00,989.80,,FEET
SHA,D,6,RES ELE,2018-09-08 00:00,2018-09-08 00:00,989.32,,FEET
SHA,D,6,RES ELE,2018-09-09 00:00,2018-09-09 00:00,988.90,,FEET
SHA,D,6,RES ELE,2018-09-10 00:00,2018-09-10 00:00,988.48,,FEET
SHA,D,6,RES ELE,2018-09-11 00:00,2018-09-11 00:00,988.03,,FEET
SHA,D,6,RES ELE,2018-09-12 00:00,2018-09-12 00:00,987.30,,FEET
SHA,D,6,RES ELE,2018-09-13 00:00,2018-09-13 00:00,986.77,,FEET
SHA,D,6,RES ELE,2018-09-14 00:00,2018-09-14 00:00,986.26,,FEET
SHA,D,6,RES ELE,2018-09-15 00:00,2018-09-15 00:00,985.79,,FEET
SHA,D,6,RES ELE,2018-09-16 00:00,2018-09-16 00:00,985.40,,FEET
SHA,D,6,RES ELE,2018-09-17 00:00,2018-09-17 00:00,984.93,,FEET
SHA,D,6,RES ELE,2018-09-18 00:00,2018-09-18 00:00,984.36,,FEET
SHA,D,6,RES ELE,2018-09-19 00:00,2018-09-19 00:00,983.92,,FEET
SHA,D,6,RES ELE,2018-09-20 00:00,2018-09-20 00:00,983.52,,FEET
SHA,D,6,RES ELE,2018-09-21 00:00,2018-09-21 00:00,983.17,,FEET
SHA,D,6,RES ELE,2018-09-22 00:00,2018-09-22 00:00,982.69,,FEET
SHA,D,6,RES ELE,2018-09-23 00:00,2018-09-23 00:00,982.29,,FEET
SHA,D,6,RES ELE,2018-09-24 00:00,2018-09-24 00:00,981.99,,FEET
SHA,D,6,RES ELE,2018-09-25 00:00,2018-09-25 00:00,981.51,,FEET
SHA,D,6,RES ELE,2018-09-26 00:00,2018-09-26 00:00,981.07,,FEET
SHA,D,6,RES ELE,2018-09-27 00:00,2018-09-27 00:00,980.66,,FEET
SHA,D,6,RES ELE,2018-09-28 00:00,2018-09-28 00:00,980.20,,FEET
SHA,D,6,RES ELE,2018-09-29 00:00,2018-09-29 00:00,979.81,,FEET
SHA,D,6,RES ELE,2018-09-30 00:00,2018-09-30 00:00,979.44,,FEET
SHA,D,6,RES ELE,2018-10-01 00:00,2018-10-01 00:00,979.14,,FEET
SHA,D,6,RES ELE,2018-10-02 00:00,2018-10-02 00:00,978.70,,FEET
SHA,D,6,RES ELE,2018-10-03 00:00,2018-10-03 00:00,978.49,,FEET
SHA,D,6,RES ELE,2018-10-04 00:00,2018-10-04 00:00,978.11,,FEET
SHA,D,6,RES ELE,2018-10-05 00:00,2018-10-05 00:00,977.81,,FEET
SHA,D,6,RES ELE,2018-10-06 00:00,2018-10-06 00:00,977.74,,FEET
SHA,D,6,RES ELE,2018-10-07 00:00,2018-10-07 00:00,977.34,,FEET
SHA,D,6,RES ELE,2018-10-08 00:00,2018-10-08 00:00,976.93,,FEET
SHA,D,6,RES ELE,2018-10-09 00:00,2018-10-09 00:00,976.49,,FEET
SHA,D,6,RES ELE,2018-10-10 00:00,2018-10-10 00:00,975.98,,FEET
SHA,D,6,RES ELE,2018-10-11 00:00,2018-10-11 00:00,975.60,,FEET
SHA,D,6,RES ELE,2018-10-12 00:00,2018-10-12 00:00,975.11,,FEET
SHA,D,6,RES ELE,2018-10-13 00:00,2018-10-13 00:00,974.76,,FEET
SHA,D,6,RES ELE,2018-10-14 00:00,2018-10-14 00:00,974.34,,FEET
SHA,D,6,RES ELE,2018-10-15 00:00,2018-10-15 00:00,974.01,,FEET
SHA,D,6,RES ELE,2018-10-16 00:00,2018-10-16 00:00,973.41,,FEET
SHA,D,6,RES ELE,2018-10-17 00:00,2018-10-17 00:00,972.96,,FEET
SHA,D,6,RES ELE,2018-10-18 00:00,2018-10-18 00:00,972.71,,FEET
SHA,D,6,RES ELE,2018-10-19 00:00,2018-10-19 00:00,972.42,,FEET
SHA,D,6,RES ELE,2018-10-20 00:00,2018-10-20 00:00,971.84,,FEET
SHA,D,6,RES ELE,2018-10-21 00:00,2018-10-21 00:00,971.34,,FEET
SHA,D,6,RES ELE,2018-10-22 00:00,2018-10-22 00:00,970.94,,FEET
SHA,D,6,RES ELE,2018-10-23 00:00,2018-10-23 00:00,970.53,,FEET
SHA,D,6,RES ELE,2018-10-24 00:00,2018-10-24 00:00,970.27,,FEET
SHA,D,6,RES ELE,2018-10-25 00:00,2018-10-25 00:00,969.96,,FEET
SHA,D,6,RES ELE,2018-10-26 00:00,2018-10-26 00:00,969.66,,FEET
SHA,D,6,RES ELE,2018-10-27 00:00,2018-10-27 00:00,969.32,,FEET
SHA,D,6,RES ELE,2018-10-28 00:00,2018-10-28 00:00,969.04,,FEET
SHA,D,6,RES ELE,2018-10-29 00:00,2018-10-29 00:00,968.66,,FEET
SHA,D,6,RES ELE,2018-10-30 00:00,2018-10-30 00:00,968.37,,FEET
SHA,D,6,RES ELE,2018-10-31 00:00,2018-10-31 00:00,968.09,,FEET
SHA,D,6,RES ELE,2018-11-01 00:00,2018-11-01 00:00,967.55,,FEET
SHA,D,6,RES ELE,2018-11-02 00:00,2018-11-02 00:00,967.28,,FEET
SHA,D,6,RES ELE,2018-11-03 00:00,2018-11-03 00:00,966.94,,FEET
SHA,D,6,RES ELE,2018-11-04 00:00,2018-11-04 00:00,966.80,,FEET
SHA,D,6,RES ELE,2018-11-05 00:00,2018-11-05 00:00,966.74,,FEET
SHA,D,6,RES ELE,2018-11-06 00:00,2018-11-06 00:00,966.54,,FEET
SHA,D,6,RES ELE,2018-11-07 00:00,2018-11-07 00:00,966.42,,FEET
SHA,D,6,RES ELE,2018-11-08 00:00,2018-11-08 00:00,966.24,,FEET
SHA,D,6,RES ELE,2018-11-09 00:00,2018-11-09 00:00,966.07,,FEET
SHA,D,6,RES ELE,2018-11-10 00:00,2018-11-10 00:00,966.04,,FEET
SHA,D,6,RES ELE,2018-11-11 00:00,2018-11-11 00:00,966.05,,FEET
SHA,D,6,RES ELE,2018-11-12 00:00,2018-11-12 00:00,965.95,,FEET
SHA,D,6,RES ELE,2018-11-13 00:00,2018-11-13 00:00,965.84,,FEET
SHA,D,6,RES ELE,2018-11-14 00:00,2018-11-14 00:00,965.72,,FEET
SHA,D,6,RES ELE,2018-11-15 00:00,2018-11-15 00:00,965.66,,FEET
SHA,D,6,RES ELE,2018-11-16 00:00,2018-11-16 00:00,965.71,,FEET
SHA,D,6,RES ELE,2018-11-17 00:00,2018-11-17 00:00,965.56,,FEET
SHA,D,6,RES ELE,2018-11-18 00:00,2018-11-18 00:00,965.54,,FEET
SHA,D,6,RES ELE,2018-11-19 00:00,2018-11-19 00:00,965.45,,FEET
SHA,D,6,RES ELE,2018-11-20 00:00,2018-11-20 00:00,965.40,,FEET
SHA,D,6,RES ELE,2018-11-21 00:00,2018-11-21 00:00,965.46,,FEET
SHA,D,6,RES ELE,2018-11-22 00:00,2018-11-22 00:00,965.78,,FEET
SHA,D,6,RES ELE,2018-11-23 00:00,2018-11-23 00:00,966.09,,FEET
SHA,D,6,RES ELE,2018-11-24 00:00,2018-11-24 00:00,966.10,,FEET
SHA,D,6,RES ELE,2018-11-25 00:00,2018-11-25 00:00,966.26,,FEET
SHA,D,6,RES ELE,2018-11-26 00:00,2018-11-26 00:00,966.04,,FEET
SHA,D,6,RES ELE,2018-11-27 00:00,2018-11-27 00:00,966.15,,FEET
SHA,D,6,RES ELE,2018-11-28 00:00,2018-11-28 00:00,966.19,,FEET
SHA,D,6,RES ELE,2018-11-29 00:00,2018-11-29 00:00,967.04,,FEET
SHA,D,6,RES ELE,2018-11-30 00:00,2018-11-30 00:00,967.32,,FEET
SHA,D,6,RES ELE,2018-12-01 00:00,2018-12-01 00:00,967.34,,FEET
SHA,D,6,RES ELE,2018-12-02 00:00,2018-12-02 00:00,967.41,,FEET
SHA,D,6,RES ELE,2018-12-03 00:00,2018-12-03 00:00,967.48,,FEET
SHA,D,6,RES ELE,2018-12-04 00:00,2018-12-04 00:00,967.62,,FEET
SHA,D,6,RES ELE,2018-12-05 00:00,2018-12-05 00:00,967.72,,FEET
SHA,D,6,RES ELE,2018-12-06 00:00,2018-12-06 00:00,967.70,,FEET
SHA,D,6,RES ELE,2018-12-07 00:00,2018-12-07 00:00,967.58,,FEET
SHA,D,6,RES ELE,2018-12-08 00:00,2018-12-08 00:00,967.60,,FEET
SHA,D,6,RES ELE,2018-12-09 00:00,2018-12-09 00:00,967.53,,FEET
SHA,D,6,RES ELE,2018-12-10 00:00,2018-12-10 00:00,967.65,,FEET
SHA,D,6,RES ELE,2018-12-11 00:00,2018-12-11 00:00,967.71,,FEET
SHA,D,6,RES ELE,2018-12-12 00:00,2018-12-12 00:00,967.66,,FEET
SHA,D,6,RES ELE,2018-12-13 00:00,2018-12-13 00:00,967.56,,FEET
SHA,D,6,RES ELE,2018-12-14 00:00,2018-12-14 00:00,967.52,,FEET
SHA,D,6,RES ELE,2018-12-15 00:00,2018-12-15 00:00,967.69,,FEET
SHA,D,6,RES ELE,2018-12-16 00:00,2018-12-16 00:00,968.45,,FEET
SHA,D,6,RES ELE,2018-12-17 00:00,2018-12-17 00:00,969.14,,FEET
SHA,D,6,RES ELE,2018-12-18 00:00,2018-12-18 00:00,969.55,,FEET
SHA,D,6,RES ELE,2018-12-19 00:00,2018-12-19 00:00,969.94,,FEET
SHA,D,6,RES ELE,2018-12-20 00:00,2018-12-20 00:00,970.26,,FEET
SHA,D,6,RES ELE,2018-12-21 00:00,2018-12-21 00:00,970.55,,FEET
SHA,D,6,RES ELE,2018-12-22 00:00,2018-12-22 00:00,970.78,,FEET
SHA,D,6,RES ELE,2018-12-23 00:00,2018-12-23 00:00,970.97,,FEET
SHA,D,6,RES ELE,2018-12-24 00:00,2018-12-24 00:00,971.36,,FEET
SHA,D,6,RES ELE,2018-12-25 00:00,2018-12-25 00:00,971.55,,FEET
SHA,D,6,RES ELE,2018-12-26 00:00,2018-12-26 00:00,971.77,,FEET
SHA,D,6,RES ELE,2018-12-27 00:00,2018-12-27 00:00,971.87,,FEET
SHA,D,6,RES ELE,2018-12-28 00:00,2018-12-28 00:00,972.11,,FEET
SHA,D,6,RES ELE,2018-12-29 00:00,2018-12-29 00:00,972.22,,FEET
SHA,D,6,RES ELE,2018-12-30 00:00,2018-12-30 00:00,972.16,,FEET
SHA,D,6,RES ELE,2018-12-31 00:00,2018-12-31 00:00,972.25,,FEET
SHA,D,6,RES ELE,2019-01-01 00:00,2019-01-01 00:00,972.37,,FEET
SHA,D,6,RES ELE,2019-01-02 00:00,2019-01-02 00:00,972.33,,FEET
SHA,D,6,RES ELE,2019-01-03 00:00,2019-01-03 00:00,972.25,,FEET
SHA,D,6,RES ELE,2019-01-04 00:00,2019-01-04 00:00,972.37,,FEET
SHA,D,6,RES ELE,2019-01-05 00:00,2019-01-05 00:00,972.95,,FEET
SHA,D,6,RES ELE,2019-01-06 00:00,2019-01-06 00:00,973.37,,FEET
SHA,D,6,RES ELE,2019-01-07 00:00,2019-01-07 00:00,973.82,,FEET
SHA,D,6,RES ELE,2019-01-08 00:00,2019-01-08 00:00,974.14,,FEET
SHA,D,6,RES ELE,2019-01-09 00:00,2019-01-09 00:00,976.80,,FEET
SHA,D,6,RES ELE,2019-01-10 00:00,2019-01-10 00:00,979.02,,FEET
SHA,D,6,RES ELE,2019-01-11 00:00,2019-01-11 00:00,980.07,,FEET
SHA,D,6,RES ELE,2019-01-12 00:00,2019-01-12 00:00,980.93,,FEET
SHA,D,6,RES ELE,2019-01-13 00:00,2019-01-13 00:00,981.49,,FEET
SHA,D,6,RES ELE,2019-01-14 00:00,2019-01-14 00:00,981.95,,FEET
SHA,D,6,RES ELE,2019-01-15 00:00,2019-01-15 00:00,982.81,,FEET
SHA,D,6,RES ELE,2019-01-16 00:00,2019-01-16 00:00,985.22,,FEET
SHA,D,6,RES ELE,2019-01-17 00:00,2019-01-17 00:00,988.42,,FEET
SHA,D,6,RES ELE,2019-01-18 00:00,2019-01-18 00:00,990.31,,FEET
SHA,D,6,RES ELE,2019-01-19 00:00,2019-01-19 00:00,992.14,,FEET
SHA,D,6,RES ELE,2019-01-20 00:00,2019-01-20 00:00,994.83,,FEET
SHA,D,6,RES ELE,2019-01-21 00:00,2019-01-21 00:00,996.86,,FEET
SHA,D,6,RES ELE,2019-01-22 00:00,2019-01-22 00:00,998.02,,FEET
SHA,D,6,RES ELE,2019-01-23 00:00,2019-01-23 00:00,999.26,,FEET
SHA,D,6,RES ELE,2019-01-24 00:00,2019-01-24 00:00,1000.10,,FEET
SHA,D,6,RES ELE,2019-01-25 00:00,2019-01-25 00:00,1000.76,,FEET
SHA,D,6,RES ELE,2019-01-26 00:00,2019-01-26 00:00,1001.43,,FEET
SHA,D,6,RES ELE,2019-01-27 00:00,2019-01-27 00:00,1002.09,,FEET
SHA,D,6,RES ELE,2019-01-28 00:00,2019-01-28 00:00,1002.57,,FEET
SHA,D,6,RES ELE,2019-01-29 00:00,2019-01-29 00:00,1002.96,,FEET
SHA,D,6,RES ELE,2019-01-30 00:00,2019-01-30 00:00,1003.36,,FEET
SHA,D,6,RES ELE,2019-01-31 00:00,2019-01-31 00:00,1003.78,,FEET
SHA,D,6,RES ELE,2019-02-01 00:00,2019-02-01 00:00,1004.39,,FEET
SHA,D,6,RES ELE,2019-02-02 00:00,2019-02-02 00:00,1005.62,,FEET
SHA,D,6,RES ELE,2019-02-03 00:00,2019-02-03 00:00,1006.74,,FEET
SHA,D,6,RES ELE,2019-02-04 00:00,2019-02-04 00:00,1007.89,,FEET
SHA,D,6,RES ELE,2019-02-05 00:00,2019-02-05 00:00,1009.10,,FEET
SHA,D,6,RES ELE,2019-02-06 00:00,2019-02-06 00:00,1009.95,,FEET
SHA,D,6,RES ELE,2019-02-07 00:00,2019-02-07 00:00,1010.76,,FEET
SHA,D,6,RES ELE,2019-02-08 00:00,2019-02-08 00:00,1011.36,,FEET
SHA,D,6,RES ELE,2019-02-09 00:00,2019-02-09 00:00,1012.03,,FEET
SHA,D,6,RES ELE,2019-02-10 00:00,2019-02-10 00:00,1012.52,,FEET
SHA,D,6,RES ELE,2019-02-11 00:00,2019-02-11 00:00,1013.00,,FEET
SHA,D,6,RES ELE,2019-02-12 00:00,2019-02-12 00:00,1013.64,,FEET
SHA,D,6,RES ELE,2019-02-13 00:00,2019-02-13 00:00,1014.76,,FEET
SHA,D,6,RES ELE,2019-02-14 00:00,2019-02-14 00:00,1016.98,,FEET
SHA,D,6,RES ELE,2019-02-15 00:00,2019-02-15 00:00,1019.03,,FEET
SHA,D,6,RES ELE,2019-02-16 00:00,2019-02-16 00:00,1020.68,,FEET
SHA,D,6,RES ELE,2019-02-17 00:00,2019-02-17 00:00,1022.12,,FEET
SHA,D,6,RES ELE,2019-02-18 00:00,2019-02-18 00:00,1023.35,,FEET
SHA,D,6,RES ELE,2019-02-19 00:00,2019-02-19 00:00,1024.28,,FEET
SHA,D,6,RES ELE,2019-02-20 00:00,2019-02-20 00:00,1025.21,,FEET
SHA,D,6,RES ELE,2019-02-21 00:00,2019-02-21 00:00,1026.50,,FEET
SHA,D,6,RES ELE,2019-02-22 00:00,2019-02-22 00:00,1027.18,,FEET
SHA,D,6,RES ELE,2019-02-23 00:00,2019-02-23 00:00,1027.81,,FEET
SHA,D,6,RES ELE,2019-02-24 00:00,2019-02-24 00:00,1028.53,,FEET
SHA,D,6,RES ELE,2019-02-25 00:00,2019-02-25 00:00,1030.57,,FEET
SHA,D,6,RES ELE,2019-02-26 00:00,2019-02-26 00:00,1036.17,,FEET
SHA,D,6,RES ELE,2019-02-27 00:00,2019-02-27 00:00,1042.78,,FEET
SHA,D,6,RES ELE,2019-02-28 00:00,2019-02-28 00:00,1045.79,,FEET
SHA,D,6,RES ELE,2019-03-01 00:00,2019-03-01 00:00,1046.64,,FEET
SHA,D,6,RES ELE,2019-03-02 00:00,2019-03-02 00:00,1046.87,,FEET
SHA,D,6,RES ELE,2019-03-03 00:00,2019-03-03 00:00,1046.66,,FEET
SHA,D,6,RES ELE,2019-03-04 00:00,2019-03-04 00:00,1046.54,,FEET
SHA,D,6,RES ELE,2019-03-05 00:00,2019-03-05 00:00,1046.39,,FEET
SHA,D,6,RES ELE,2019-03-06 00:00,2019-03-06 00:00,1047.97,,FEET
SHA,D,6,RES ELE,2019-03-07 00:00,2019-03-07 00:00,1049.32,,FEET
SHA,D,6,RES ELE,2019-03-08 00:00,2019-03-08 00:00,1049.28,,FEET
SHA,D,6,RES ELE,2019-03-09 00:00,2019-03-09 00:00,1048.82,,FEET
SHA,D,6,RES ELE,2019-03-10 00:00,2019-03-10 00:00,1048.08,,FEET
SHA,D,6,RES ELE,2019-03-11 00:00,2019-03-11 00:00,1047.12,,FEET
SHA,D,6,RES ELE,2019-03-12 00:00,2019-03-12 00:00,1045.80,,FEET
SHA,D,6,RES ELE,2019-03-13 00:00,2019-03-13 00:00,1044.51,,FEET
SHA,D,6,RES ELE,2019-03-14 00:00,2019-03-14 00:00,1042.90,,FEET
SHA,D,6,RES ELE,2019-03-15 00:00,2019-03-15 00:00,1041.81,,FEET
SHA,D,6,RES ELE,2019-03-16 00:00,2019-03-16 00:00,1040.70,,FEET
SHA,D,6,RES ELE,2019-03-17 00:00,2019-03-17 00:00,1040.12,,FEET
SHA,D,6,RES ELE,2019-03-18 00:00,2019-03-18 00:00,1039.76,,FEET
SHA,D,6,RES ELE,2019-03-19 00:00,2019-03-19 00:00,1039.46,,FEET
SHA,D,6,RES ELE,2019-03-20 00:00,2019-03-20 00:00,1039.63,,FEET
SHA,D,6,RES ELE,2019-03-21 00:00,2019-03-21 00:00,1039.91,,FEET
SHA,D,6,RES ELE,2019-03-22 00:00,2019-03-22 00:00,1040.35,,FEET
SHA,D,6,RES ELE,2019-03-23 00:00,2019-03-23 00:00,1040.85,,FEET
SHA,D,6,RES ELE,2019-03-24 00:00,2019-03-24 00:00,1041.30,,FEET
SHA,D,6,RES ELE,2019-03-25 00:00,2019-03-25 00:00,1041.89,,FEET
SHA,D,6,RES ELE,2019-03-26 00:00,2019-03-26 00:00,1042.72,,FEET
SHA,D,6,RES ELE,2019-03-27 00:00,2019-03-27 00:00,1044.06,,FEET
SHA,D,6,RES ELE,2019-03-28 00:00,2019-03-28 00:00,1045.55,,FEET
SHA,D,6,RES ELE,2019-03-29 00:00,2019-03-29 00:00,1047.01,,FEET
SHA,D,6,RES ELE,2019-03-30 00:00,2019-03-30 00:00,1048.03,,FEET
SHA,D,6,RES ELE,2019-03-31 00:00,2019-03-31 00:00,1048.72,,FEET
SHA,D,6,RES ELE,2019-04-01 00:00,2019-04-01 00:00,1049.15,,FEET
SHA,D,6,RES ELE,2019-04-02 00:00,2019-04-02 00:00,1049.81,,FEET
SHA,D,6,RES ELE,2019-04-03 00:00,2019-04-03 00:00,1050.17,,FEET
SHA,D,6,RES ELE,2019-04-04 00:00,2019-04-04 00:00,1049.97,,FEET
SHA,D,6,RES ELE,2019-04-05 00:00,2019-04-05 00:00,1050.18,,FEET
SHA,D,6,RES ELE,2019-04-06 00:00,2019-04-06 00:00,1050.63,,FEET
SHA,D,6,RES ELE,2019-04-07 00:00,2019-04-07 00:00,1051.48,,FEET
SHA,D,6,RES ELE,2019-04-08 00:00,2019-04-08 00:00,1052.90,,FEET
SHA,D,6,RES ELE,2019-04-09 00:00,2019-04-09 00:00,1053.99,,FEET
SHA,D,6,RES ELE,2019-04-10 00:00,2019-04-10 00:00,1053.90,,FEET
SHA,D,6,RES ELE,2019-04-11 00:00,2019-04-11 00:00,1053.39,,FEET
SHA,D,6,RES ELE,2019-04-12 00:00,2019-04-12 00:00,1052.75,,FEET
SHA,D,6,RES ELE,2019-04-13 00:00,2019-04-13 00:00,1051.71,,FEET
SHA,D,6,RES ELE,2019-04-14 00:00,2019-04-14 00:00,1050.96,,FEET
SHA,D,6,RES ELE,2019-04-15 00:00,2019-04-15 00:00,1050.57,,FEET
SHA,D,6,RES ELE,2019-04-16 00:00,2019-04-16 00:00,1050.24,,FEET
SHA,D,6,RES ELE,2019-04-17 00:00,2019-04-17 00:00,1050.03,,FEET
SHA,D,6,RES ELE,2019-04-18 00:00,2019-04-18 00:00,1049.99,,FEET
SHA,D,6,RES ELE,2019-04-19 00:00,2019-04-19 00:00,1050.16,,FEET
SHA,D,6,RES ELE,2019-04-20 00:00,2019-04-20 00:00,1050.38,,FEET
SHA,D,6,RES ELE,2019-04-21 00:00,2019-04-21 00:00,1050.68,,FEET
SHA,D,6,RES ELE,2019-04-22 00:00,2019-04-22 00:00,1051.03,,FEET
SHA,D,6,RES ELE,2019-04-23 00:00,2019-04-23 00:00,1051.58,,FEET
SHA,D,6,RES ELE,2019-04-24 00:00,2019-04-24 00:00,1052.11,,FEET
SHA,D,6,RES ELE,2019-04-25 00:00,2019-04-25 00:00,1052.76,,FEET
SHA,D,6,RES ELE,2019-04-26 00:00,2019-04-26 00:00,1053.47,,FEET
SHA,D,6,RES ELE,2019-04-27 00:00,2019-04-27 00:00,1054.09,,FEET
SHA,D,6,RES ELE,2019-04-28 00:00,2019-04-28 00:00,1054.66,,FEET
SHA,D,6,RES ELE,2019-04-29 00:00,2019-04-29 00:00,1055.27,,FEET
SHA,D,6,RES ELE,2019-04-30 00:00,2019-04-30 00:00,1055.70,,FEET
SHA,D,6,RES ELE,2019-05-01 00:00,2019-05-01 00:00,1056.22,,FEET
SHA,D,6,RES ELE,2019-05-02 00:00,2019-05-02 00:00,1056.62,,FEET
SHA,D,6,RES ELE,2019-05-03 00:00,2019-05-03 00:00,1057.01,,FEET
SHA,D,6,RES ELE,2019-05-04 00:00,2019-05-04 00:00,1057.12,,FEET
SHA,D,6,RES ELE,2019-05-05 00:00,2019-05-05 00:00,1057.16,,FEET
SHA,D,6,RES ELE,2019-05-06 00:00,2019-05-06 00:00,1057.21,,FEET
SHA,D,6,RES ELE,2019-05-07 00:00,2019-05-07 00:00,1057.34,,FEET
SHA,D,6,RES ELE,2019-05-08 00:00,2019-05-08 00:00,1057.47,,FEET
SHA,D,6,RES ELE,2019-05-09 00:00,2019-05-09 00:00,1057.68,,FEET
SHA,D,6,RES ELE,2019-05-10 00:00,2019-05-10 00:00,1057.91,,FEET
SHA,D,6,RES ELE,2019-05-11 00:00,2019-05-11 00:00,1057.90,,FEET
SHA,D,6,RES ELE,2019-05-12 00:00,2019-05-12 00:00,1057.99,,FEET
SHA,D,6,RES ELE,2019-05-13 00:00,2019-05-13 00:00,1058.03,,FEET
SHA,D,6,RES ELE,2019-05-14 00:00,2019-05-14 00:00,1058.17,,FEET
SHA,D,6,RES ELE,2019-05-15 00:00,2019-05-15 00:00,1058.46,,FEET
SHA,D,6,RES ELE,2019-05-16 00:00,2019-05-16 00:00,1059.34,,FEET
SHA,D,6,RES ELE,2019-05-17 00:00,2019-05-17 00:00,1059.88,,FEET
SHA,D,6,RES ELE,2019-05-18 00:00,2019-05-18 00:00,1060.55,,FEET
SHA,D,6,RES ELE,2019-05-19 00:00,2019-05-19 00:00,1061.23,,FEET
SHA,D,6,RES ELE,2019-05-20 00:00,2019-05-20 00:00,1061.67,,FEET
SHA,D,6,RES ELE,2019-05-21 00:00,2019-05-21 00:00,1062.05,,FEET
SHA,D,6,RES ELE,2019-05-22 00:00,2019-05-22 00:00,1062.50,,FEET
SHA,D,6,RES ELE,2019-05-23 00:00,2019-05-23 00:00,1062.86,,FEET
SHA,D,6,RES ELE,2019-05-24 00:00,2019-05-24 00:00,1063.20,,FEET
SHA,D,6,RES ELE,2019-05-25 00:00,2019-05-25 00:00,1063.37,,FEET
SHA,D,6,RES ELE,2019-05-26 00:00,2019-05-26 00:00,1063.75,,FEET
SHA,D,6,RES ELE,2019-05-27 00:00,2019-05-27 00:00,1064.04,,FEET
SHA,D,6,RES ELE,2019-05-28 00:00,2019-05-28 00:00,1064.18,,FEET
SHA,D,6,RES ELE,2019-05-29 00:00,2019-05-29 00:00,1064.26,,FEET
SHA,D,6,RES ELE,2019-05-30 00:00,2019-05-30 00:00,1064.27,,FEET
SHA,D,6,RES ELE,2019-05-31 00:00,2019-05-31 00:00,1064.46,,FEET
SHA,D,6,RES ELE,2019-06-01 00:00,2019-06-01 00:00,1064.42,,FEET
SHA,D,6,RES ELE,2019-06-02 00:00,2019-06-02 00:00,1064.44,,FEET
SHA,D,6,RES ELE,2019-06-03 00:00,2019-06-03 00:00,1064.45,,FEET
SHA,D,6,RES ELE,2019-06-04 00:00,2019-06-04 00:00,1064.40,,FEET
SHA,D,6,RES ELE,2019-06-05 00:00,2019-06-05 00:00,1064.30,,FEET
SHA,D,6,RES ELE,2019-06-06 00:00,2019-06-06 00:00,1064.25,,FEET
SHA,D,6,RES ELE,2019-06-07 00:00,2019-06-07 00:00,1064.22,,FEET
SHA,D,6,RES ELE,2019-06-08 00:00,2019-06-08 00:00,1064.08,,FEET
SHA,D,6,RES ELE,2019-06-09 00:00,2019-06-09 00:00,1063.84,,FEET
SHA,D,6,RES ELE,2019-06-10 00:00,2019-06-10 00:00,1063.78,,FEET
SHA,D,6,RES ELE,2019-06-11 00:00,2019-06-11 00:00,1063.70,,FEET
SHA,D,6,RES ELE,2019-06-12 00:00,2019-06-12 00:00,1063.68,,FEET
SHA,D,6,RES ELE,2019-06-13 00:00,2019-06-13 00:00,1063.73,,FEET
SHA,D,6,RES ELE,2019-06-14 00:00,2019-06-14 00:00,1063.59,,FEET
SHA,D,6,RES ELE,2019-06-15 00:00,2019-06-15 00:00,1063.40,,FEET
SHA,D,6,RES ELE,2019-06-16 00:00,2019-06-16 00:00,1063.21,,FEET
SHA,D,6,RES ELE,2019-06-17 00:00,2019-06-17 00:00,1063.00,,FEET
SHA,D,6,RES ELE,2019-06-18 00:00,2019-06-18 00:00,1063.25,,FEET
SHA,D,6,RES ELE,2019-06-19 00:00,2019-06-19 00:00,1063.18,,FEET
SHA,D,6,RES ELE,2019-06-20 00:00,2019-06-20 00:00,1063.05,,FEET
SHA,D,6,RES ELE,2019-06-21 00:00,2019-06-21 00:00,1062.73,,FEET
SHA,D,6,RES ELE,2019-06-22 00:00,2019-06-22 00:00,1062.43,,FEET
SHA,D,6,RES ELE,2019-06-23 00:00,2019-06-23 00:00,1062.15,,FEET
SHA,D,6,RES ELE,2019-06-24 00:00,2019-06-24 00:00,1061.98,,FEET
SHA,D,6,RES ELE,2019-06-25 00:00,2019-06-25 00:00,1061.79,,FEET
SHA,D,6,RES ELE,2019-06-26 00:00,2019-06-26 00:00,1061.54,,FEET
SHA,D,6,RES ELE,2019-06-27 00:00,2019-06-27 00:00,1061.23,,FEET
SHA,D,6,RES ELE,2019-06-28 00:00,2019-06-28 00:00,1060.94,,FEET
SHA,D,6,RES ELE,2019-06-29 00:00,2019-06-29 00:00,1060.64,,FEET
SHA,D,6,RES ELE,2019-06-30 00:00,2019-06-30 00:00,1060.30,,FEET
SHA,D,6,RES ELE,2019-07-01 00:00,2019-07-01 00:00,1059.89,,FEET
SHA,D,6,RES ELE,2019-07-02 00:00,2019-07-02 00:00,1059.47,,FEET
SHA,D,6,RES ELE,2019-07-03 00:00,2019-07-03 00:00,1059.08,,FEET
SHA,D,6,RES ELE,2019-07-04 00:00,2019-07-04 00:00,1058.76,,FEET
SHA,D,6,RES ELE,2019-07-05 00:00,2019-07-05 00:00,1058.43,,FEET
SHA,D,6,RES ELE,2019-07-06 00:00,2019-07-06 00:00,1058.03,,FEET
SHA,D,6,RES ELE,2019-07-07 00:00,2019-07-07 00:00,1057.71,,FEET
SHA,D,6,RES ELE,2019-07-08 00:00,2019-07-08 00:00,1057.42,,FEET
SHA,D,6,RES ELE,2019-07-09 00:00,2019-07-09 00:00,1056.97,,FEET
SHA,D,6,RES ELE,2019-07-10 00:00,2019-07-10 00:00,1056.66,,FEET
SHA,D,6,RES ELE,2019-07-11 00:00,2019-07-11 00:00,1056.29,,FEET
SHA,D,6,RES ELE,2019-07-12 00:00,2019-07-12 00:00,1055.94,,FEET
SHA,D,6,RES ELE,2019-07-13 00:00,2019-07-13 00:00,1055.58,,FEET
SHA,D,6,RES ELE,2019-07-14 00:00,2019-07-14 00:00,1055.21,,FEET
SHA,D,6,RES ELE,2019-07-15 00:00,2019-07-15 00:00,1054.85,,FEET
SHA,D,6,RES ELE,2019-07-16 00:00,2019-07-16 00:00,1054.48,,FEET
SHA,D,6,RES ELE,2019-07-17 00:00,2019-07-17 00:00,1054.15,,FEET
SHA,D,6,RES ELE,2019-07-18 00:00,2019-07-18 00:00,1053.84,,FEET
SHA,D,6,RES ELE,2019-07-19 00:00,2019-07-19 00:00,1053.46,,FEET
SHA,D,6,RES ELE,2019-07-20 00:00,2019-07-20 00:00,1053.06,,FEET
SHA,D,6,RES ELE,2019-07-21 00:00,2019-07-21 00:00,1052.52,,FEET
SHA,D,6,RES ELE,2019-07-22 00:00,2019-07-22 00:00,1052.10,,FEET
SHA,D,6,RES ELE,2019-07-23 00:00,2019-07-23 00:00,1051.73,,FEET
SHA,D,6,RES ELE,2019-07-24 00:00,2019-07-24 00:00,1051.33,,FEET
SHA,D,6,RES ELE,2019-07-25 00:00,2019-07-25 00:00,1050.86,,FEET
SHA,D,6,RES ELE,2019-07-26 00:00,2019-07-26 00:00,1050.46,,FEET
SHA,D,6,RES ELE,2019-07-27 00:00,2019-07-27 00:00,1050.14,,FEET
SHA,D,6,RES ELE,2019-07-28 00:00,2019-07-28 00:00,1049.71,,FEET
SHA,D,6,RES ELE,2019-07-29 00:00,2019-07-29 00:00,1049.32,,FEET
SHA,D,6,RES ELE,2019-07-30 00:00,2019-07-30 00:00,1048.89,,FEET
SHA,D,6,RES ELE,2019-07-31 00:00,2019-07-31 00:00,1048.60,,FEET
SHA,D,6,RES ELE,2019-08-01 00:00,2019-08-01 00:00,1048.12,,FEET
SHA,D,6,RES ELE,2019-08-02 00:00,2019-08-02 00:00,1047.65,,FEET
SHA,D,6,RES ELE,2019-08-03 00:00,2019-08-03 00:00,1047.22,,FEET
SHA,D,6,RES ELE,2019-08-04 00:00,2019-08-04 00:00,1046.80,,FEET
SHA,D,6,RES ELE,2019-08-05 00:00,2019-08-05 00:00,1046.49,,FEET
SHA,D,6,RES ELE,2019-08-06 00:00,2019-08-06 00:00,1046.08,,FEET
SHA,D,6,RES ELE,2019-08-07 00:00,2019-08-07 00:00,1045.70,,FEET
SHA,D,6,RES ELE,2019-08-08 00:00,2019-08-08 00:00,1045.23,,FEET
SHA,D,6,RES ELE,2019-08-09 00:00,2019-08-09 00:00,1044.70,,FEET
SHA,D,6,RES ELE,2019-08-10 00:00,2019-08-10 00:00,1044.36,,FEET
SHA,D,6,RES ELE,2019-08-11 00:00,2019-08-11 00:00,1043.89,,FEET
SHA,D,6,RES ELE,2019-08-12 00:00,2019-08-12 00:00,1043.44,,FEET
SHA,D,6,RES ELE,2019-08-13 00:00,2019-08-13 00:00,1042.92,,FEET
SHA,D,6,RES ELE,2019-08-14 00:00,2019-08-14 00:00,1041.96,,FEET
SHA,D,6,RES ELE,2019-08-15 00:00,2019-08-15 00:00,1041.62,,FEET
SHA,D,6,RES ELE,2019-08-16 00:00,2019-08-16 00:00,1041.26,,FEET
SHA,D,6,RES ELE,2019-08-17 00:00,2019-08-17 00:00,1040.78,,FEET
SHA,D,6,RES ELE,2019-08-18 00:00,2019-08-18 00:00,1040.26,,FEET
SHA,D,6,RES ELE,2019-08-19 00:00,2019-08-19 00:00,1039.78,,FEET
SHA,D,6,RES ELE,2019-08-20 00:00,2019-08-20 00:00,1039.31,,FEET
SHA,D,6,RES ELE,2019-08-21 00:00,2019-08-21 00:00,1038.89,,FEET
SHA,D,6,RES ELE,2019-08-22 00:00,2019-08-22 00:00,1038.39,,FEET
SHA,D,6,RES ELE,2019-08-23 00:00,2019-08-23 00:00,1038.05,,FEET
SHA,D,6,RES ELE,2019-08-24 00:00,2019-08-24 00:00,1037.66,,FEET
SHA,D,6,RES ELE,2019-08-25 00:00,2019-08-25 00:00,1037.27,,FEET
SHA,D,6,RES ELE,2019-08-26 00:00,2019-08-26 00:00,1036.90,,FEET
SHA,D,6,RES ELE,2019-08-27 00:00,2019-08-27 00:00,1036.58,,FEET
SHA,D,6,RES ELE,2019-08-28 00:00,2019-08-28 00:00,1036.10,,FEET
SHA,D,6,RES ELE,2019-08-29 00:00,2019-08-29 00:00,1035.58,,FEET
SHA,D,6,RES ELE,2019-08-30 00:00,2019-08-30 00:00,1035.20,,FEET
SHA,D,6,RES ELE,2019-08-31 00:00,2019-08-31 00:00,1034.88,,FEET
SHA,D,6,RES ELE,2019-09-01 00:00,2019-09-01 00:00,1034.54,,FEET
SHA,D,6,RES ELE,2019-09-02 00:00,2019-09-02 00:00,1034.14,,FEET
SHA,D,6,RES ELE,2019-09-03 00:00,2019-09-03 00:00,1033.76,,FEET
SHA,D,6,RES ELE,2019-09-04 00:00,2019-09-04 00:00,1033.41,,FEET
SHA,D,6,RES ELE,2019-09-05 00:00,2019-09-05 00:00,1033.19,,FEET
SHA,D,6,RES ELE,2019-09-06 00:00,2019-09-06 00:00,1032.96,,FEET
SHA,D,6,RES ELE,2019-09-07 00:00,2019-09-07 00:00,1032.77,,FEET
SHA,D,6,RES ELE,2019-09-08 00:00,2019-09-08 00:00,1032.40,,FEET
SHA,D,6,RES ELE,2019-09-09 00:00,2019-09-09 00:00,1032.01,,FEET
SHA,D,6,RES ELE,2019-09-10 00:00,2019-09-10 00:00,1031.66,,FEET
SHA,D,6,RES ELE,2019-09-11 00:00,2019-09-11 00:00,1031.28,,FEET
SHA,D,6,RES ELE,2019-09-12 00:00,2019-09-12 00:00,1030.83,,FEET
SHA,D,6,RES ELE,2019-09-13 00:00,2019-09-13 00:00,1030.28,,FEET
SHA,D,6,RES ELE,2019-09-14 00:00,2019-09-14 00:00,1029.75,,FEET
SHA,D,6,RES ELE,2019-09-15 00:00,2019-09-15 00:00,1029.30,,FEET
SHA,D,6,RES ELE,2019-09-16 00:00,2019-09-16 00:00,1028.98,,FEET
SHA,D,6,RES ELE,2019-09-17 00:00,2019-09-17 00:00,1028.66,,FEET
SHA,D,6,RES ELE,2019-09-18 00:00,2019-09-18 00:00,1028.49,,FEET
SHA,D,6,RES ELE,2019-09-19 00:00,2019-09-19 00:00,1028.29,,FEET
SHA,D,6,RES ELE,2019-09-20 00:00,2019-09-20 00:00,1027.92,,FEET
SHA,D,6,RES ELE,2019-09-21 00:00,2019-09-21 00:00,1027.62,,FEET
SHA,D,6,RES ELE,2019-09-22 00:00,2019-09-22 00:00,1027.33,,FEET
SHA,D,6,RES ELE,2019-09-23 00:00,2019-09-23 00:00,1026.93,,FEET
SHA,D,6,RES ELE,2019-09-24 00:00,2019-09-24 00:00,1026.67,,FEET
SHA,D,6,RES ELE,2019-09-25 00:00,2019-09-25 00:00,1026.47,,FEET
SHA,D,6,RES ELE,2019-09-26 00:00,2019-09-26 00:00,1026.32,,FEET
SHA,D,6,RES ELE,2019-09-27 00:00,2019-09-27 00:00,1026.19,,FEET
SHA,D,6,RES ELE,2019-09-28 00:00,2019-09-28 00:00,1026.04,,FEET
SHA,D,6,RES ELE,2019-09-29 00:00,2019-09-29 00:00,1025.78,,FEET
SHA,D,6,RES ELE,2019-09-30 00:00,2019-09-30 00:00,1025.68,,FEET
SHA,D,6,RES ELE,2019-10-01 00:00,2019-10-01 00:00,1025.49,,FEET
SHA,D,6,RES ELE,2019-10-02 00:00,2019-10-02 00:00,1025.22,,FEET
SHA,D,6,RES ELE,2019-10-03 00:00,2019-10-03 00:00,1025.04,,FEET
SHA,D,6,RES ELE,2019-10-04 00:00,2019-10-04 00:00,1024.94,,FEET
SHA,D,6,RES ELE,2019-10-05 00:00,2019-10-05 00:00,1024.73,,FEET
SHA,D,6,RES ELE,2019-10-06 00:00,2019-10-06 00:00,1024.46,,FEET
SHA,D,6,RES ELE,2019-10-07 00:00,2019-10-07 00:00,1024.36,,FEET
SHA,D,6,RES ELE,2019-10-08 00:00,2019-10-08 00:00,1024.26,,FEET
SHA,D,6,RES ELE,2019-10-09 00:00,2019-10-09 00:00,1024.25,,FEET
SHA,D,6,RES ELE,2019-10-10 00:00,2019-10-10 00:00,1024.17,,FEET
SHA,D,6,RES ELE,2019-10-11 00:00,2019-10-11 00:00,1024.14,,FEET
SHA,D,6,RES ELE,2019-10-12 00:00,2019-10-12 00:00,1023.97,,FEET
SHA,D,6,RES ELE,2019-10-13 00:00,2019-10-13 00:00,1023.80,,FEET
SHA,D,6,RES ELE,2019-10-14 00:00,2019-10-14 00:00,1023.63,,FEET
SHA,D,6,RES ELE,2019-10-15 00:00,2019-10-15 00:00,1023.43,,FEET
SHA,D,6,RES ELE,2019-10-16 00:00,2019-10-16 00:00,1023.14,,FEET
SHA,D,6,RES ELE,2019-10-17 00:00,2019-10-17 00:00,1022.84,,FEET
SHA,D,6,RES ELE,2019-10-18 00:00,2019-10-18 00:00,1022.53,,FEET
SHA,D,6,RES ELE,2019-10-19 00:00,2019-10-19 00:00,1022.31,,FEET
SHA,D,6,RES ELE,2019-10-20 00:00,2019-10-20 00:00,1022.08,,FEET
SHA,D,6,RES ELE,2019-10-21 00:00,2019-10-21 00:00,1021.93,,FEET
SHA,D,6,RES ELE,2019-10-22 00:00,2019-10-22 00:00,1021.58,,FEET
SHA,D,6,RES ELE,2019-10-23 00:00,2019-10-23 00:00,1021.24,,FEET
SHA,D,6,RES ELE,2019-10-24 00:00,2019-10-24 00:00,1020.96,,FEET
SHA,D,6,RES ELE,2019-10-25 00:00,2019-10-25 00:00,1020.81,,FEET
SHA,D,6,RES ELE,2019-10-26 00:00,2019-10-26 00:00,1020.57,,FEET
SHA,D,6,RES ELE,2019-10-27 00:00,2019-10-27 00:00,1020.13,,FEET
SHA,D,6,RES ELE,2019-10-28 00:00,2019-10-28 00:00,1019.91,,FEET
SHA,D,6,RES ELE,2019-10-29 00:00,2019-10-29 00:00,1019.88,,FEET
SHA,D,6,RES ELE,2019-10-30 00:00,2019-10-30 00:00,1019.64,,FEET
SHA,D,6,RES ELE,2019-10-31 00:00,2019-10-31 00:00,1019.34,,FEET
SHA,D,6,RES ELE,2019-11-01 00:00,2019-11-01 00:00,1019.00,,FEET
SHA,D,6,RES ELE,2019-11-02 00:00,2019-11-02 00:00,1018.74,,FEET
SHA,D,6,RES ELE,2019-11-03 00:00,2019-11-03 00:00,1018.54,,FEET
SHA,D,6,RES ELE,2019-11-04 00:00,2019-11-04 00:00,1018.42,,FEET
SHA,D,6,RES ELE,2019-11-05 00:00,2019-11-05 00:00,1018.24,,FEET
SHA,D,6,RES ELE,2019-11-06 00:00,2019-11-06 00:00,1018.04,,FEET
SHA,D,6,RES ELE,2019-11-07 00:00,2019-11-07 00:00,1017.85,,FEET
SHA,D,6,RES ELE,2019-11-08 00:00,2019-11-08 00:00,1017.68,,FEET
SHA,D,6,RES ELE,2019-11-09 00:00,2019-11-09 00:00,1017.69,,FEET
SHA,D,6,RES ELE,2019-11-10 00:00,2019-11-10 00:00,1017.59,,FEET
SHA,D,6,RES ELE,2019-11-11 00:00,2019-11-11 00:00,1017.49,,FEET
SHA,D,6,RES ELE,2019-11-12 00:00,2019-11-12 00:00,1017.43,,FEET
SHA,D,6,RES ELE,2019-11-13 00:00,2019-11-13 00:00,1017.37,,FEET
SHA,D,6,RES ELE,2019-11-14 00:00,2019-11-14 00:00,1017.30,,FEET
SHA,D,6,RES ELE,2019-11-15 00:00,2019-11-15 00:00,1017.22,,FEET
SHA,D,6,RES ELE,2019-11-16 00:00,2019-11-16 00:00,1017.12,,FEET
SHA,D,6,RES ELE,2019-11-17 00:00,2019-11-17 00:00,1017.02,,FEET
SHA,D,6,RES ELE,2019-11-18 00:00,2019-11-18 00:00,1016.95,,FEET
SHA,D,6,RES ELE,2019-11-19 00:00,2019-11-19 00:00,1016.85,,FEET
SHA,D,6,RES ELE,2019-11-20 00:00,2019-11-20 00:00,1016.89,,FEET
SHA,D,6,RES ELE,2019-11-21 00:00,2019-11-21 00:00,1016.84,,FEET
SHA,D,6,RES ELE,2019-11-22 00:00,2019-11-22 00:00,1016.76,,FEET
SHA,D,6,RES ELE,2019-11-23 00:00,2019-11-23 00:00,1016.71,,FEET
SHA,D,6,RES ELE,2019-11-24 00:00,2019-11-24 00:00,1016.60,,FEET
SHA,D,6,RES ELE,2019-11-25 00:00,2019-11-25 00:00,1016.49,,FEET
SHA,D,6,RES ELE,2019-11-26 00:00,2019-11-26 00:00,1016.57,,FEET
SHA,D,6,RES ELE,2019-11-27 00:00,2019-11-27 00:00,1016.70,,FEET
SHA,D,6,RES ELE,2019-11-28 00:00,2019-11-28 00:00,1016.74,,FEET
SHA,D,6,RES ELE,2019-11-29 00:00,2019-11-29 00:00,1016.73,,FEET
SHA,D,6,RES ELE,2019-11-30 00:00,2019-11-30 00:00,1016.75,,FEET
SHA,D,6,RES ELE,2019-12-01 00:00,2019-12-01 00:00,1016.82,,FEET
SHA,D,6,RES ELE,2019-12-02 00:00,2019-12-02 00:00,1016.76,,FEET
SHA,D,6,RES ELE,2019-12-03 00:00,2019-12-03 00:00,1016.71,,FEET
SHA,D,6,RES ELE,2019-12-04 00:00,2019-12-04 00:00,1016.59,,FEET
SHA,D,6,RES ELE,2019-12-05 00:00,2019-12-05 00:00,1016.60,,FEET
SHA,D,6,RES ELE,2019-12-06 00:00,2019-12-06 00:00,1016.69,,FEET
SHA,D,6,RES ELE,2019-12-07 00:00,2019-12-07 00:00,1018.02,,FEET
SHA,D,6,RES ELE,2019-12-08 00:00,2019-12-08 00:00,1018.83,,FEET
SHA,D,6,RES ELE,2019-12-09 00:00,2019-12-09 00:00,1019.04,,FEET
SHA,D,6,RES ELE,2019-12-10 00:00,2019-12-10 00:00,1019.16,,FEET
SHA,D,6,RES ELE,2019-12-11 00:00,2019-12-11 00:00,1019.25,,FEET
SHA,D,6,RES ELE,2019-12-12 00:00,2019-12-12 00:00,1019.48,,FEET
SHA,D,6,RES ELE,2019-12-13 00:00,2019-12-13 00:00,1019.94,,FEET
SHA,D,6,RES ELE,2019-12-14 00:00,2019-12-14 00:00,1020.20,,FEET
SHA,D,6,RES ELE,2019-12-15 00:00,2019-12-15 00:00,1020.34,,FEET
SHA,D,6,RES ELE,2019-12-16 00:00,2019-12-16 00:00,1020.42,,FEET
SHA,D,6,RES ELE,2019-12-17 00:00,2019-12-17 00:00,1020.47,,FEET
SHA,D,6,RES ELE,2019-12-18 00:00,2019-12-18 00:00,1020.66,,FEET
SHA,D,6,RES ELE,2019-12-19 00:00,2019-12-19 00:00,1020.85,,FEET
SHA,D,6,RES ELE,2019-12-20 00:00,2019-12-20 00:00,1020.90,,FEET
SHA,D,6,RES ELE,2019-12-21 00:00,2019-12-21 00:00,1020.91,,FEET
SHA,D,6,RES ELE,2019-12-22 00:00,2019-12-22 00:00,1021.14,,FEET
SHA,D,6,RES ELE,2019-12-23 00:00,2019-12-23 00:00,1021.32,,FEET
SHA,D,6,RES ELE,2019-12-24 00:00,2019-12-24 00:00,1021.36,,FEET
SHA,D,6,RES ELE,2019-12-25 00:00,2019-12-25 00:00,1021.47,,FEET
SHA,D,6,RES ELE,2019-12-26 00:00,2019-12-26 00:00,1021.48,,FEET
SHA,D,6,RES ELE,2019-12-27 00:00,2019-12-27 00:00,1021.58,,FEET
SHA,D,6,RES ELE,2019-12-28 00:00,2019-12-28 00:00,1021.62,,FEET
SHA,D,6,RES ELE,2019-12-29 00:00,2019-12-29 00:00,1021.65,,FEET
SHA,D,6,RES ELE,2019-12-30 00:00,2019-12-30 00:00,1021.69,,FEET
SHA,D,6,RES ELE,2019-12-31 00:00,2019-12-31 00:00,1021.78,,FEET
SHA,D,6,RES ELE,2020-01-01 00:00,2020-01-01 00:00,1021.77,,FEET
SHA,D,6,RES ELE,2020-01-02 00:00,2020-01-02 00:00,1021.78,,FEET
SHA,D,6,RES ELE,2020-01-03 00:00,2020-01-03 00:00,1021.73,,FEET
SHA,D,6,RES ELE,2020-01-04 00:00,2020-01-04 00:00,1021.72,,FEET
SHA,D,6,RES ELE,2020-01-05 00:00,2020-01-05 00:00,1021.74,,FEET
SHA,D,6,RES ELE,2020-01-06 00:00,2020-01-06 00:00,1021.70,,FEET
SHA,D,6,RES ELE,2020-01-07 00:00,2020-01-07 00:00,1021.70,,FEET
SHA,D,6,RES ELE,2020-01-08 00:00,2020-01-08 00:00,1021.74,,FEET
SHA,D,6,RES ELE,2020-01-09 00:00,2020-01-09 00:00,1021.82,,FEET
SHA,D,6,RES ELE,2020-01-10 00:00,2020-01-10 00:00,1021.83,,FEET
SHA,D,6,RES ELE,2020-01-11 00:00,2020-01-11 00:00,1021.86,,FEET
SHA,D,6,RES ELE,2020-01-12 00:00,2020-01-12 00:00,1021.91,,FEET
SHA,D,6,RES ELE,2020-01-13 00:00,2020-01-13 00:00,1021.97,,FEET
SHA,D,6,RES ELE,2020-01-14 00:00,2020-01-14 00:00,1022.01,,FEET
SHA,D,6,RES ELE,2020-01-15 00:00,2020-01-15 00:00,1021.99,,FEET
SHA,D,6,RES ELE,2020-01-16 00:00,2020-01-16 00:00,1022.27,,FEET
SHA,D,6,RES ELE,2020-01-17 00:00,2020-01-17 00:00,1022.36,,FEET
SHA,D,6,RES ELE,2020-01-18 00:00,2020-01-18 00:00,1022.50,,FEET
SHA,D,6,RES ELE,2020-01-19 00:00,2020-01-19 00:00,1022.66,,FEET
SHA,D,6,RES ELE,2020-01-20 00:00,2020-01-20 00:00,1022.71,,FEET
SHA,D,6,RES ELE,2020-01-21 00:00,2020-01-21 00:00,1022.94,,FEET
SHA,D,6,RES ELE,2020-01-22 00:00,2020-01-22 00:00,1023.16,,FEET
SHA,D,6,RES ELE,2020-01-23 00:00,2020-01-23 00:00,1023.41,,FEET
SHA,D,6,RES ELE,2020-01-24 00:00,2020-01-24 00:00,1023.70,,FEET
SHA,D,6,RES ELE,2020-01-25 00:00,2020-01-25 00:00,1024.28,,FEET
SHA,D,6,RES ELE,2020-01-26 00:00,2020-01-26 00:00,1025.13,,FEET
SHA,D,6,RES ELE,2020-01-27 00:00,2020-01-27 00:00,1025.86,,FEET
SHA,D,6,RES ELE,2020-01-28 00:00,2020-01-28 00:00,1026.59,,FEET
SHA,D,6,RES ELE,2020-01-29 00:00,2020-01-29 00:00,1027.08,,FEET
SHA,D,6,RES ELE,2020-01-30 00:00,2020-01-30 00:00,1027.61,,FEET
SHA,D,6,RES ELE,2020-01-31 00:00,2020-01-31 00:00,1027.96,,FEET
SHA,D,6,RES ELE,2020-02-01 00:00,2020-02-01 00:00,1028.21,,FEET
SHA,D,6,RES ELE,2020-02-02 00:00,2020-02-02 00:00,1028.47,,FEET
SHA,D,6,RES ELE,2020-02-03 00:00,2020-02-03 00:00,1028.64,,FEET
SHA,D,6,RES ELE,2020-02-04 00:00,2020-02-04 00:00,1028.76,,FEET
SHA,D,6,RES ELE,2020-02-05 00:00,2020-02-05 00:00,1028.92,,FEET
SHA,D,6,RES ELE,2020-02-06 00:00,2020-02-06 00:00,1029.13,,FEET
SHA,D,6,RES ELE,2020-02-07 00:00,2020-02-07 00:00,1029.25,,FEET
SHA,D,6,RES ELE,2020-02-08 00:00,2020-02-08 00:00,1029.48,,FEET
SHA,D,6,RES ELE,2020-02-09 00:00,2020-02-09 00:00,1029.66,,FEET
SHA,D,6,RES ELE,2020-02-10 00:00,2020-02-10 00:00,1029.73,,FEET
SHA,D,6,RES ELE,2020-02-11 00:00,2020-02-11 00:00,1029.78,,FEET
SHA,D,6,RES ELE,2020-02-12 00:00,2020-02-12 00:00,1029.86,,FEET
SHA,D,6,RES ELE,2020-02-13 00:00,2020-02-13 00:00,1030.02,,FEET
SHA,D,6,RES ELE,2020-02-14 00:00,2020-02-14 00:00,1030.08,,FEET
SHA,D,6,RES ELE,2020-02-15 00:00,2020-02-15 00:00,1030.26,,FEET
SHA,D,6,RES ELE,2020-02-16 00:00,2020-02-16 00:00,1030.33,,FEET
SHA,D,6,RES ELE,2020-02-17 00:00,2020-02-17 00:00,1030.43,,FEET
SHA,D,6,RES ELE,2020-02-18 00:00,2020-02-18 00:00,1030.53,,FEET
SHA,D,6,RES ELE,2020-02-19 00:00,2020-02-19 00:00,1030.59,,FEET
SHA,D,6,RES ELE,2020-02-20 00:00,2020-02-20 00:00,1030.69,,FEET
SHA,D,6,RES ELE,2020-02-21 00:00,2020-02-21 00:00,1030.71,,FEET
SHA,D,6,RES ELE,2020-02-22 00:00,2020-02-22 00:00,1030.72,,FEET
SHA,D,6,RES ELE,2020-02-23 00:00,2020-02-23 00:00,1030.71,,FEET
SHA,D,6,RES ELE,2020-02-24 00:00,2020-02-24 00:00,1030.74,,FEET
SHA,D,6,RES ELE,2020-02-25 00:00,2020-02-25 00:00,1030.71,,FEET
SHA,D,6,RES ELE,2020-02-26 00:00,2020-02-26 00:00,1030.56,,FEET
SHA,D,6,RES ELE,2020-02-27 00:00,2020-02-27 00:00,1030.56,,FEET
SHA,D,6,RES ELE,2020-02-28 00:00,2020-02-28 00:00,1030.54,,FEET
SHA,D,6,RES ELE,2020-02-29 00:00,2020-02-29 00:00,1030.50,,FEET
SHA,D,6,RES ELE,2020-03-01 00:00,2020-03-01 00:00,1030.56,,FEET
SHA,D,6,RES ELE,2020-03-02 00:00,2020-03-02 00:00,1030.44,,FEET
SHA,D,6,RES ELE,2020-03-03 00:00,2020-03-03 00:00,1030.44,,FEET
SHA,D,6,RES ELE,2020-03-04 00:00,2020-03-04 00:00,1030.27,,FEET
SHA,D,6,RES ELE,2020-03-05 00:00,2020-03-05 00:00,1030.11,,FEET
SHA,D,6,RES ELE,2020-03-06 00:00,2020-03-06 00:00,1030.00,,FEET
SHA,D,6,RES ELE,2020-03-07 00:00,2020-03-07 00:00,1030.01,,FEET
SHA,D,6,RES ELE,2020-03-08 00:00,2020-03-08 00:00,1029.83,,FEET
SHA,D,6,RES ELE,2020-03-09 00:00,2020-03-09 00:00,1029.78,,FEET
SHA,D,6,RES ELE,2020-03-10 00:00,2020-03-10 00:00,1029.85,,FEET
SHA,D,6,RES ELE,2020-03-11 00:00,2020-03-11 00:00,1029.66,,FEET
SHA,D,6,RES ELE,2020-03-12 00:00,2020-03-12 00:00,1029.75,,FEET
SHA,D,6,RES ELE,2020-03-13 00:00,2020-03-13 00:00,1029.81,,FEET
SHA,D,6,RES ELE,2020-03-14 00:00,2020-03-14 00:00,1029.70,,FEET
SHA,D,6,RES ELE,2020-03-15 00:00,2020-03-15 00:00,1029.86,,FEET
SHA,D,6,RES ELE,2020-03-16 00:00,2020-03-16 00:00,1029.91,,FEET
SHA,D,6,RES ELE,2020-03-17 00:00,2020-03-17 00:00,1030.22,,FEET
SHA,D,6,RES ELE,2020-03-18 00:00,2020-03-18 00:00,1030.42,,FEET
SHA,D,6,RES ELE,2020-03-19 00:00,2020-03-19 00:00,1030.59,,FEET
SHA,D,6,RES ELE,2020-03-20 00:00,2020-03-20 00:00,1030.73,,FEET
SHA,D,6,RES ELE,2020-03-21 00:00,2020-03-21 00:00,1030.89,,FEET
SHA,D,6,RES ELE,2020-03-22 00:00,2020-03-22 00:00,1031.05,,FEET
SHA,D,6,RES ELE,2020-03-23 00:00,2020-03-23 00:00,1031.19,,FEET
SHA,D,6,RES ELE,2020-03-24 00:00,2020-03-24 00:00,1031.33,,FEET
SHA,D,6,RES ELE,2020-03-25 00:00,2020-03-25 00:00,1031.50,,FEET
SHA,D,6,RES ELE,2020-03-26 00:00,2020-03-26 00:00,1031.71,,FEET
SHA,D,6,RES ELE,2020-03-27 00:00,2020-03-27 00:00,1031.80,,FEET
SHA,D,6,RES ELE,2020-03-28 00:00,2020-03-28 00:00,1031.95,,FEET
SHA,D,6,RES ELE,2020-03-29 00:00,2020-03-29 00:00,1032.11,,FEET
SHA,D,6,RES ELE,2020-03-30 00:00,2020-03-30 00:00,1032.32,,FEET
SHA,D,6,RES ELE,2020-03-31 00:00,2020-03-31 00:00,1032.60,,FEET
SHA,D,6,RES ELE,2020-04-01 00:00,2020-04-01 00:00,1032.92,,FEET
SHA,D,6,RES ELE,2020-04-02 00:00,2020-04-02 00:00,1033.22,,FEET
SHA,D,6,RES ELE,2020-04-03 00:00,2020-04-03 00:00,1033.56,,FEET
SHA,D,6,RES ELE,2020-04-04 00:00,2020-04-04 00:00,1033.91,,FEET
SHA,D,6,RES ELE,2020-04-05 00:00,2020-04-05 00:00,1034.45,,FEET
SHA,D,6,RES ELE,2020-04-06 00:00,2020-04-06 00:00,1035.02,,FEET
SHA,D,6,RES ELE,2020-04-07 00:00,2020-04-07 00:00,1035.42,,FEET
SHA,D,6,RES ELE,2020-04-08 00:00,2020-04-08 00:00,1035.86,,FEET
SHA,D,6,RES ELE,2020-04-09 00:00,2020-04-09 00:00,1036.31,,FEET
SHA,D,6,RES ELE,2020-04-10 00:00,2020-04-10 00:00,1036.65,,FEET
SHA,D,6,RES ELE,2020-04-11 00:00,2020-04-11 00:00,1036.98,,FEET
SHA,D,6,RES ELE,2020-04-12 00:00,2020-04-12 00:00,1037.35,,FEET
SHA,D,6,RES ELE,2020-04-13 00:00,2020-04-13 00:00,1037.59,,FEET
SHA,D,6,RES ELE,2020-04-14 00:00,2020-04-14 00:00,1037.75,,FEET
SHA,D,6,RES ELE,2020-04-15 00:00,2020-04-15 00:00,1037.92,,FEET
SHA,D,6,RES ELE,2020-04-16 00:00,2020-04-16 00:00,1038.11,,FEET
SHA,D,6,RES ELE,2020-04-17 00:00,2020-04-17 00:00,1038.23,,FEET
SHA,D,6,RES ELE,2020-04-18 00:00,2020-04-18 00:00,1038.34,,FEET
SHA,D,6,RES ELE,2020-04-19 00:00,2020-04-19 00:00,1038.37,,FEET
SHA,D,6,RES ELE,2020-04-20 00:00,2020-04-20 00:00,1038.37,,FEET
SHA,D,6,RES ELE,2020-04-21 00:00,2020-04-21 00:00,1038.39,,FEET
SHA,D,6,RES ELE,2020-04-22 00:00,2020-04-22 00:00,1038.30,,FEET
SHA,D,6,RES ELE,2020-04-23 00:00,2020-04-23 00:00,1038.05,,FEET
SHA,D,6,RES ELE,2020-04-24 00:00,2020-04-24 00:00,1037.71,,FEET
SHA,D,6,RES ELE,2020-04-25 00:00,2020-04-25 00:00,1037.43,,FEET
SHA,D,6,RES ELE,2020-04-26 00:00,2020-04-26 00:00,1037.07,,FEET
SHA,D,6,RES ELE,2020-04-27 00:00,2020-04-27 00:00,1036.80,,FEET
SHA,D,6,RES ELE,2020-04-28 00:00,2020-04-28 00:00,1036.46,,FEET
SHA,D,6,RES ELE,2020-04-29 00:00,2020-04-29 00:00,1036.34,,FEET
SHA,D,6,RES ELE,2020-04-30 00:00,2020-04-30 00:00,1035.99,,FEET
SHA,D,6,RES ELE,2020-05-01 00:00,2020-05-01 00:00,1035.70,,FEET
SHA,D,6,RES ELE,2020-05-02 00:00,2020-05-02 00:00,1035.48,,FEET
SHA,D,6,RES ELE,2020-05-03 00:00,2020-05-03 00:00,1035.30,,FEET
SHA,D,6,RES ELE,2020-05-04 00:00,2020-05-04 00:00,1034.96,,FEET
SHA,D,6,RES ELE,2020-05-05 00:00,2020-05-05 00:00,1034.63,,FEET
SHA,D,6,RES ELE,2020-05-06 00:00,2020-05-06 00:00,1034.31,,FEET
SHA,D,6,RES ELE,2020-05-07 00:00,2020-05-07 00:00,1034.10,,FEET
SHA,D,6,RES ELE,2020-05-08 00:00,2020-05-08 00:00,1033.76,,FEET
SHA,D,6,RES ELE,2020-05-09 00:00,2020-05-09 00:00,1033.42,,FEET
SHA,D,6,RES ELE,2020-05-10 00:00,2020-05-10 00:00,1032.96,,FEET
SHA,D,6,RES ELE,2020-05-11 00:00,2020-05-11 00:00,1032.64,,FEET
SHA,D,6,RES ELE,2020-05-12 00:00,2020-05-12 00:00,1032.44,,FEET
SHA,D,6,RES ELE,2020-05-13 00:00,2020-05-13 00:00,1032.09,,FEET
SHA,D,6,RES ELE,2020-05-14 00:00,2020-05-14 00:00,1031.95,,FEET
SHA,D,6,RES ELE,2020-05-15 00:00,2020-05-15 00:00,1031.54,,FEET
SHA,D,6,RES ELE,2020-05-16 00:00,2020-05-16 00:00,1031.46,,FEET
SHA,D,6,RES ELE,2020-05-17 00:00,2020-05-17 00:00,1031.46,,FEET
SHA,D,6,RES ELE,2020-05-18 00:00,2020-05-18 00:00,1031.77,,FEET
SHA,D,6,RES ELE,2020-05-19 00:00,2020-05-19 00:00,1031.86,,FEET
SHA,D,6,RES ELE,2020-05-20 00:00,2020-05-20 00:00,1031.89,,FEET
SHA,D,6,RES ELE,2020-05-21 00:00,2020-05-21 00:00,1031.74,,FEET
SHA,D,6,RES ELE,2020-05-22 00:00,2020-05-22 00:00,1031.70,,FEET
SHA,D,6,RES ELE,2020-05-23 00:00,2020-05-23 00:00,1031.48,,FEET
SHA,D,6,RES ELE,2020-05-24 00:00,2020-05-24 00:00,1031.40,,FEET
SHA,D,6,RES ELE,2020-05-25 00:00,2020-05-25 00:00,1031.36,,FEET
SHA,D,6,RES ELE,2020-05-26 00:00,2020-05-26 00:00,1031.25,,FEET
SHA,D,6,RES ELE,2020-05-27 00:00,2020-05-27 00:00,1031.00,,FEET
SHA,D,6,RES ELE,2020-05-28 00:00,2020-05-28 00:00,1030.77,,FEET
SHA,D,6,RES ELE,2020-05-29 00:00,2020-05-29 00:00,1030.58,,FEET
SHA,D,6,RES ELE,2020-05-30 00:00,2020-05-30 00:00,1030.31,,FEET
SHA,D,6,RES ELE,2020-05-31 00:00,2020-05-31 00:00,1029.88,,FEET
SHA,D,6,RES ELE,2020-06-01 00:00,2020-06-01 00:00,1029.53,,FEET
SHA,D,6,RES ELE,2020-06-02 00:00,2020-06-02 00:00,1029.12,,FEET
SHA,D,6,RES ELE,2020-06-03 00:00,2020-06-03 00:00,1028.80,,FEET
SHA,D,6,RES ELE,2020-06-04 00:00,2020-06-04 00:00,1028.53,,FEET
SHA,D,6,RES ELE,2020-06-05 00:00,2020-06-05 00:00,1028.09,,FEET
SHA,D,6,RES ELE,2020-06-06 00:00,2020-06-06 00:00,1027.63,,FEET
SHA,D,6,RES ELE,2020-06-07 00:00,2020-06-07 00:00,1027.24,,FEET
SHA,D,6,RES ELE,2020-06-08 00:00,2020-06-08 00:00,1026.79,,FEET
SHA,D,6,RES ELE,2020-06-09 00:00,2020-06-09 00:00,1026.40,,FEET
SHA,D,6,RES ELE,2020-06-10 00:00,2020-06-10 00:00,1025.92,,FEET
SHA,D,6,RES ELE,2020-06-11 00:00,2020-06-11 00:00,1025.74,,FEET
SHA,D,6,RES ELE,2020-06-12 00:00,2020-06-12 00:00,1025.17,,FEET
SHA,D,6,RES ELE,2020-06-13 00:00,2020-06-13 00:00,1024.60,,FEET
SHA,D,6,RES ELE,2020-06-14 00:00,2020-06-14 00:00,1023.98,,FEET
SHA,D,6,RES ELE,2020-06-15 00:00,2020-06-15 00:00,1023.40,,FEET
SHA,D,6,RES ELE,2020-06-16 00:00,2020-06-16 00:00,1022.80,,FEET
SHA,D,6,RES ELE,2020-06-17 00:00,2020-06-17 00:00,1022.52,,FEET
SHA,D,6,RES ELE,2020-06-18 00:00,2020-06-18 00:00,1021.64,,FEET
SHA,D,6,RES ELE,2020-06-19 00:00,2020-06-19 00:00,1021.05,,FEET
SHA,D,6,RES ELE,2020-06-20 00:00,2020-06-20 00:00,1020.53,,FEET
SHA,D,6,RES ELE,2020-06-21 00:00,2020-06-21 00:00,1019.80,,FEET
SHA,D,6,RES ELE,2020-06-22 00:00,2020-06-22 00:00,1019.16,,FEET
SHA,D,6,RES ELE,2020-06-23 00:00,2020-06-23 00:00,1018.63,,FEET
SHA,D,6,RES ELE,2020-06-24 00:00,2020-06-24 00:00,1018.10,,FEET
SHA,D,6,RES ELE,2020-06-25 00:00,2020-06-25 00:00,1017.53,,FEET
SHA,D,6,RES ELE,2020-06-26 00:00,2020-06-26 00:00,1016.91,,FEET
SHA,D,6,RES ELE,2020-06-27 00:00,2020-06-27 00:00,1016.22,,FEET
SHA,D,6,RES ELE,2020-06-28 00:00,2020-06-28 00:00,1015.45,,FEET
SHA,D,6,RES ELE,2020-06-29 00:00,2020-06-29 00:00,1014.81,,FEET
SHA,D,6,RES ELE,2020-06-30 00:00,2020-06-30 00:00,1014.12,,FEET
SHA,D,6,RES ELE,2020-07-01 00:00,2020-07-01 00:00,1013.48,,FEET
SHA,D,6,RES ELE,2020-07-02 00:00,2020-07-02 00:00,1012.85,,FEET
SHA,D,6,RES ELE,2020-07-03 00:00,2020-07-03 00:00,1012.15,,FEET
SHA,D,6,RES ELE,2020-07-04 00:00,2020-07-04 00:00,1011.44,,FEET
SHA,D,6,RES ELE,2020-07-05 00:00,2020-07-05 00:00,1010.67,,FEET
SHA,D,6,RES ELE,2020-07-06 00:00,2020-07-06 00:00,1010.03,,FEET
SHA,D,6,RES ELE,2020-07-07 00:00,2020-07-07 00:00,1009.30,,FEET
SHA,D,6,RES ELE,2020-07-08 00:00,2020-07-08 00:00,1008.58,,FEET
SHA,D,6,RES ELE,2020-07-09 00:00,2020-07-09 00:00,1007.92,,FEET
SHA,D,6,RES ELE,2020-07-10 00:00,2020-07-10 00:00,1007.27,,FEET
SHA,D,6,RES ELE,2020-07-11 00:00,2020-07-11 00:00,1006.60,,FEET
SHA,D,6,RES ELE,2020-07-12 00:00,2020-07-12 00:00,1005.93,,FEET
SHA,D,6,RES ELE,2020-07-13 00:00,2020-07-13 00:00,1005.21,,FEET
SHA,D,6,RES ELE,2020-07-14 00:00,2020-07-14 00:00,1004.56,,FEET
SHA,D,6,RES ELE,2020-07-15 00:00,2020-07-15 00:00,1003.75,,FEET
SHA,D,6,RES ELE,2020-07-16 00:00,2020-07-16 00:00,1002.95,,FEET
SHA,D,6,RES ELE,2020-07-17 00:00,2020-07-17 00:00,1002.22,,FEET
SHA,D,6,RES ELE,2020-07-18 00:00,2020-07-18 00:00,1001.57,,FEET
SHA,D,6,RES ELE,2020-07-19 00:00,2020-07-19 00:00,1000.85,,FEET
SHA,D,6,RES ELE,2020-07-20 00:00,2020-07-20 00:00,1000.24,,FEET
SHA,D,6,RES ELE,2020-07-21 00:00,2020-07-21 00:00,999.55,,FEET
SHA,D,6,RES ELE,2020-07-22 00:00,2020-07-22 00:00,998.80,,FEET
SHA,D,6,RES ELE,2020-07-23 00:00,2020-07-23 00:00,998.05,,FEET
SHA,D,6,RES ELE,2020-07-24 00:00,2020-07-24 00:00,997.46,,FEET
SHA,D,6,RES ELE,2020-07-25 00:00,2020-07-25 00:00,996.74,,FEET
SHA,D,6,RES ELE,2020-07-26 00:00,2020-07-26 00:00,996.05,,FEET
SHA,D,6,RES ELE,2020-07-27 00:00,2020-07-27 00:00,995.34,,FEET
SHA,D,6,RES ELE,2020-07-28 00:00,2020-07-28 00:00,994.73,,FEET
SHA,D,6,RES ELE,2020-07-29 00:00,2020-07-29 00:00,994.12,,FEET
SHA,D,6,RES ELE,2020-07-30 00:00,2020-07-30 00:00,993.56,,FEET
SHA,D,6,RES ELE,2020-07-31 00:00,2020-07-31 00:00,992.95,,FEET
SHA,D,6,RES ELE,2020-08-01 00:00,2020-08-01 00:00,992.28,,FEET
SHA,D,6,RES ELE,2020-08-02 00:00,2020-08-02 00:00,991.75,,FEET
SHA,D,6,RES ELE,2020-08-03 00:00,2020-08-03 00:00,991.11,,FEET
SHA,D,6,RES ELE,2020-08-04 00:00,2020-08-04 00:00,990.50,,FEET
SHA,D,6,RES ELE,2020-08-05 00:00,2020-08-05 00:00,989.88,,FEET
SHA,D,6,RES ELE,2020-08-06 00:00,2020-08-06 00:00,989.31,,FEET
SHA,D,6,RES ELE,2020-08-07 00:00,2020-08-07 00:00,988.69,,FEET
SHA,D,6,RES ELE,2020-08-08 00:00,2020-08-08 00:00,988.03,,FEET
SHA,D,6,RES ELE,2020-08-09 00:00,2020-08-09 00:00,987.39,,FEET
SHA,D,6,RES ELE,2020-08-10 00:00,2020-08-10 00:00,986.82,,FEET
SHA,D,6,RES ELE,2020-08-11 00:00,2020-08-11 00:00,986.28,,FEET
SHA,D,6,RES ELE,2020-08-12 00:00,2020-08-12 00:00,985.84,,FEET
SHA,D,6,RES ELE,2020-08-13 00:00,2020-08-13 00:00,985.22,,FEET
SHA,D,6,RES ELE,2020-08-14 00:00,2020-08-14 00:00,984.30,,FEET
SHA,D,6,RES ELE,2020-08-15 00:00,2020-08-15 00:00,983.95,,FEET
SHA,D,6,RES ELE,2020-08-16 00:00,2020-08-16 00:00,983.42,,FEET
SHA,D,6,RES ELE,2020-08-17 00:00,2020-08-17 00:00,982.88,,FEET
SHA,D,6,RES ELE,2020-08-18 00:00,2020-08-18 00:00,982.21,,FEET
SHA,D,6,RES ELE,2020-08-19 00:00,2020-08-19 00:00,981.61,,FEET
SHA,D,6,RES ELE,2020-08-20 00:00,2020-08-20 00:00,981.18,,FEET
SHA,D,6,RES ELE,2020-08-21 00:00,2020-08-21 00:00,980.62,,FEET
SHA,D,6,RES ELE,2020-08-22 00:00,2020-08-22 00:00,980.13,,FEET
SHA,D,6,RES ELE,2020-08-23 00:00,2020-08-23 00:00,979.77,,FEET
SHA,D,6,RES ELE,2020-08-24 00:00,2020-08-24 00:00,979.32,,FEET
SHA,D,6,RES ELE,2020-08-25 00:00,2020-08-25 00:00,978.91,,FEET
SHA,D,6,RES ELE,2020-08-26 00:00,2020-08-26 00:00,978.50,,FEET
SHA,D,6,RES ELE,2020-08-27 00:00,2020-08-27 00:00,978.07,,FEET
SHA,D,6,RES ELE,2020-08-28 00:00,2020-08-28 00:00,977.66,,FEET
SHA,D,6,RES ELE,2020-08-29 00:00,2020-08-29 00:00,977.25,,FEET
SHA,D,6,RES ELE,2020-08-30 00:00,2020-08-30 00:00,976.90,,FEET
SHA,D,6,RES ELE,2020-08-31 00:00,2020-08-31 00:00,976.65,,FEET
SHA,D,6,RES ELE,2020-09-01 00:00,2020-09-01 00:00,976.30,,FEET
SHA,D,6,RES ELE,2020-09-02 00:00,2020-09-02 00:00,976.03,,FEET
SHA,D,6,RES ELE,2020-09-03 00:00,2020-09-03 00:00,975.75,,FEET
SHA,D,6,RES ELE,2020-09-04 00:00,2020-09-04 00:00,975.45,,FEET
SHA,D,6,RES ELE,2020-09-05 00:00,2020-09-05 00:00,974.98,,FEET
SHA,D,6,RES ELE,2020-09-06 00:00,2020-09-06 00:00,974.64,,FEET
SHA,D,6,RES ELE,2020-09-07 00:00,2020-09-07 00:00,974.33,,FEET
SHA,D,6,RES ELE,2020-09-08 00:00,2020-09-08 00:00,973.93,,FEET
SHA,D,6,RES ELE,2020-09-09 00:00,2020-09-09 00:00,973.81,,FEET
SHA,D,6,RES ELE,2020-09-10 00:00,2020-09-10 00:00,973.51,,FEET
SHA,D,6,RES ELE,2020-09-11 00:00,2020-09-11 00:00,973.20,,FEET
SHA,D,6,RES ELE,2020-09-12 00:00,2020-09-12 00:00,972.91,,FEET
SHA,D,6,RES ELE,2020-09-13 00:00,2020-09-13 00:00,972.62,,FEET
SHA,D,6,RES ELE,2020-09-14 00:00,2020-09-14 00:00,972.27,,FEET
SHA,D,6,RES ELE,2020-09-15 00:00,2020-09-15 00:00,971.90,,FEET
SHA,D,6,RES ELE,2020-09-16 00:00,2020-09-16 00:00,971.65,,FEET
SHA,D,6,RES ELE,2020-09-17 00:00,2020-09-17 00:00,971.45,,FEET
SHA,D,6,RES ELE,2020-09-18 00:00,2020-09-18 00:00,971.28,,FEET
SHA,D,6,RES ELE,2020-09-19 00:00,2020-09-19 00:00,971.05,,FEET
SHA,D,6,RES ELE,2020-09-20 00:00,2020-09-20 00:00,970.80,,FEET
SHA,D,6,RES ELE,2020-09-21 00:00,2020-09-21 00:00,970.65,,FEET
SHA,D,6,RES ELE,2020-09-22 00:00,2020-09-22 00:00,970.52,,FEET
SHA,D,6,RES ELE,2020-09-23 00:00,2020-09-23 00:00,970.30,,FEET
SHA,D,6,RES ELE,2020-09-24 00:00,2020-09-24 00:00,970.02,,FEET
SHA,D,6,RES ELE,2020-09-25 00:00,2020-09-25 00:00,969.86,,FEET
SHA,D,6,RES ELE,2020-09-26 00:00,2020-09-26 00:00,969.58,,FEET
SHA,D,6,RES ELE,2020-09-27 00:00,2020-09-27 00:00,969.28,,FEET
SHA,D,6,RES ELE,2020-09-28 00:00,2020-09-28 00:00,969.06,,FEET
SHA,D,6,RES ELE,2020-09-29 00:00,2020-09-29 00:00,968.82,,FEET
SHA,D,6,RES ELE,2020-09-30 00:00,2020-09-30 00:00,968.60,,FEET
SHA,D,6,RES ELE,2020-10-01 00:00,2020-10-01 00:00,968.46,,FEET
SHA,D,6,RES ELE,2020-10-02 00:00,2020-10-02 00:00,968.22,,FEET
SHA,D,6,RES ELE,2020-10-03 00:00,2020-10-03 00:00,968.03,,FEET
SHA,D,6,RES ELE,2020-10-04 00:00,2020-10-04 00:00,967.77,,FEET
SHA,D,6,RES ELE,2020-10-05 00:00,2020-10-05 00:00,967.43,,FEET
SHA,D,6,RES ELE,2020-10-06 00:00,2020-10-06 00:00,967.08,,FEET
SHA,D,6,RES ELE,2020-10-07 00:00,2020-10-07 00:00,966.72,,FEET
SHA,D,6,RES ELE,2020-10-08 00:00,2020-10-08 00:00,966.44,,FEET
SHA,D,6,RES ELE,2020-10-09 00:00,2020-10-09 00:00,966.12,,FEET
SHA,D,6,RES ELE,2020-10-10 00:00,2020-10-10 00:00,965.86,,FEET
SHA,D,6,RES ELE,2020-10-11 00:00,2020-10-11 00:00,965.62,,FEET
SHA,D,6,RES ELE,2020-10-12 00:00,2020-10-12 00:00,965.33,,FEET
SHA,D,6,RES ELE,2020-10-13 00:00,2020-10-13 00:00,965.05,,FEET
SHA,D,6,RES ELE,2020-10-14 00:00,2020-10-14 00:00,964.85,,FEET
SHA,D,6,RES ELE,2020-10-15 00:00,2020-10-15 00:00,964.66,,FEET
SHA,D,6,RES ELE,2020-10-16 00:00,2020-10-16 00:00,964.49,,FEET
SHA,D,6,RES ELE,2020-10-17 00:00,2020-10-17 00:00,964.43,,FEET
SHA,D,6,RES ELE,2020-10-18 00:00,2020-10-18 00:00,964.49,,FEET
SHA,D,6,RES ELE,2020-10-19 00:00,2020-10-19 00:00,964.38,,FEET
SHA,D,6,RES ELE,2020-10-20 00:00,2020-10-20 00:00,964.55,,FEET
SHA,D,6,RES ELE,2020-10-21 00:00,2020-10-21 00:00,964.47,,FEET
SHA,D,6,RES ELE,2020-10-22 00:00,2020-10-22 00:00,964.01,,FEET
SHA,D,6,RES ELE,2020-10-23 00:00,2020-10-23 00:00,963.71,,FEET
SHA,D,6,RES ELE,2020-10-24 00:00,2020-10-24 00:00,963.39,,FEET
SHA,D,6,RES ELE,2020-10-25 00:00,2020-10-25 00:00,963.09,,FEET
SHA,D,6,RES ELE,2020-10-26 00:00,2020-10-26 00:00,962.97,,FEET
SHA,D,6,RES ELE,2020-10-27 00:00,2020-10-27 00:00,962.75,,FEET
SHA,D,6,RES ELE,2020-10-28 00:00,2020-10-28 00:00,962.49,,FEET
SHA,D,6,RES ELE,2020-10-29 00:00,2020-10-29 00:00,962.34,,FEET
SHA,D,6,RES ELE,2020-10-30 00:00,2020-10-30 00:00,962.18,,FEET
SHA,D,6,RES ELE,2020-10-31 00:00,2020-10-31 00:00,962.00,,FEET
SHA,D,6,RES ELE,2020-11-01 00:00,2020-11-01 00:00,961.79,,FEET
SHA,D,6,RES ELE,2020-11-02 00:00,2020-11-02 00:00,961.58,,FEET
SHA,D,6,RES ELE,2020-11-03 00:00,2020-11-03 00:00,961.30,,FEET
SHA,D,6,RES ELE,2020-11-04 00:00,2020-11-04 00:00,961.13,,FEET
SHA,D,6,RES ELE,2020-11-05 00:00,2020-11-05 00:00,960.93,,FEET
SHA,D,6,RES ELE,2020-11-06 00:00,2020-11-06 00:00,960.72,,FEET
SHA,D,6,RES ELE,2020-11-07 00:00,2020-11-07 00:00,960.51,,FEET
SHA,D,6,RES ELE,2020-11-08 00:00,2020-11-08 00:00,960.38,,FEET
SHA,D,6,RES ELE,2020-11-09 00:00,2020-11-09 00:00,960.24,,FEET
SHA,D,6,RES ELE,2020-11-10 00:00,2020-11-10 00:00,960.03,,FEET
SHA,D,6,RES ELE,2020-11-11 00:00,2020-11-11 00:00,959.84,,FEET
SHA,D,6,RES ELE,2020-11-12 00:00,2020-11-12 00:00,959.76,,FEET
SHA,D,6,RES ELE,2020-11-13 00:00,2020-11-13 00:00,959.81,,FEET
SHA,D,6,RES ELE,2020-11-14 00:00,2020-11-14 00:00,959.69,,FEET
SHA,D,6,RES ELE,2020-11-15 00:00,2020-11-15 00:00,959.49,,FEET
SHA,D,6,RES ELE,2020-11-16 00:00,2020-11-16 00:00,959.29,,FEET
SHA,D,6,RES ELE,2020-11-17 00:00,2020-11-17 00:00,959.10,,FEET
SHA,D,6,RES ELE,2020-11-18 00:00,2020-11-18 00:00,959.26,,FEET
SHA,D,6,RES ELE,2020-11-19 00:00,2020-11-19 00:00,959.28,,FEET
SHA,D,6,RES ELE,2020-11-20 00:00,2020-11-20 00:00,959.30,,FEET
SHA,D,6,RES ELE,2020-11-21 00:00,2020-11-21 00:00,959.34,,FEET
SHA,D,6,RES ELE,2020-11-22 00:00,2020-11-22 00:00,959.44,,FEET
SHA,D,6,RES ELE,2020-11-23 00:00,2020-11-23 00:00,959.47,,FEET
SHA,D,6,RES ELE,2020-11-24 00:00,2020-11-24 00:00,959.34,,FEET
SHA,D,6,RES ELE,2020-11-25 00:00,2020-11-25 00:00,959.22,,FEET
SHA,D,6,RES ELE,2020-11-26 00:00,2020-11-26 00:00,959.07,,FEET
SHA,D,6,RES ELE,2020-11-27 00:00,2020-11-27 00:00,958.99,,FEET
SHA,D,6,RES ELE,2020-11-28 00:00,2020-11-28 00:00,958.90,,FEET
SHA,D,6,RES ELE,2020-11-29 00:00,2020-11-29 00:00,958.74,,FEET
SHA,D,6,RES ELE,2020-11-30 00:00,2020-11-30 00:00,958.61,,FEET
SHA,D,6,RES ELE,2020-12-01 00:00,2020-12-01 00:00,958.48,,FEET
SHA,D,6,RES ELE,2020-12-02 00:00,2020-12-02 00:00,958.48,,FEET
SHA,D,6,RES ELE,2020-12-03 00:00,2020-12-03 00:00,958.42,,FEET
SHA,D,6,RES ELE,2020-12-04 00:00,2020-12-04 00:00,958.39,,FEET
SHA,D,6,RES ELE,2020-12-05 00:00,2020-12-05 00:00,958.42,,FEET
SHA,D,6,RES ELE,2020-12-06 00:00,2020-12-06 00:00,958.36,,FEET
SHA,D,6,RES ELE,2020-12-07 00:00,2020-12-07 00:00,958.39,,FEET
SHA,D,6,RES ELE,2020-12-08 00:00,2020-12-08 00:00,958.33,,FEET
SHA,D,6,RES ELE,2020-12-09 00:00,2020-12-09 00:00,958.26,,FEET
SHA,D,6,RES ELE,2020-12-10 00:00,2020-12-10 00:00,958.26,,FEET
SHA,D,6,RES ELE,2020-12-11 00:00,2020-12-11 00:00,958.22,,FEET
SHA,D,6,RES ELE,2020-12-12 00:00,2020-12-12 00:00,958.10,,FEET
SHA,D,6,RES ELE,2020-12-13 00:00,2020-12-13 00:00,958.21,,FEET
SHA,D,6,RES ELE,2020-12-14 00:00,2020-12-14 00:00,958.23,,FEET
SHA,D,6,RES ELE,2020-12-15 00:00,2020-12-15 00:00,958.37,,FEET
SHA,D,6,RES ELE,2020-12-16 00:00,2020-12-16 00:00,958.31,,FEET
SHA,D,6,RES ELE,2020-12-17 00:00,2020-12-17 00:00,958.52,,FEET
SHA,D,6,RES ELE,2020-12-18 00:00,2020-12-18 00:00,958.59,,FEET
SHA,D,6,RES ELE,2020-12-19 00:00,2020-12-19 00:00,958.50,,FEET
SHA,D,6,RES ELE,2020-12-20 00:00,2020-12-20 00:00,958.50,,FEET
SHA,D,6,RES ELE,2020-12-21 00:00,2020-12-21 00:00,958.53,,FEET
SHA,D,6,RES ELE,2020-12-22 00:00,2020-12-22 00:00,958.58,,FEET
SHA,D,6,RES ELE,2020-12-23 00:00,2020-12-23 00:00,958.60,,FEET
SHA,D,6,RES ELE,2020-12-24 00:00,2020-12-24 00:00,958.65,,FEET
SHA,D,6,RES ELE,2020-12-25 00:00,2020-12-25 00:00,958.84,,FEET
SHA,D,6,RES ELE,2020-12-26 00:00,2020-12-26 00:00,958.88,,FEET
SHA,D,6,RES ELE,2020-12-27 00:00,2020-12-27 00:00,958.87,,FEET
SHA,D,6,RES ELE,2020-12-28 00:00,2020-12-28 00:00,958.95,,FEET
SHA,D,6,RES ELE,2020-12-29 00:00,2020-12-29 00:00,959.05,,FEET
SHA,D,6,RES ELE,2020-12-30 00:00,2020-12-30 00:00,959.13,,FEET
SHA,D,6,RES ELE,2020-12-31 00:00,2020-12-31 00:00,959.13,,FEET
SHA,D,6,RES ELE,2021-01-01 00:00,2021-01-01 00:00,959.22,,FEET
SHA,D,6,RES ELE,2021-01-02 00:00,2021-01-02 00:00,959.32,,FEET
SHA,D,6,RES ELE,2021-01-03 00:00,2021-01-03 00:00,959.48,,FEET
SHA,D,6,RES ELE,2021-01-04 00:00,2021-01-04 00:00,960.14,,FEET
SHA,D,6,RES ELE,2021-01-05 00:00,2021-01-05 00:00,960.31,,FEET
SHA,D,6,RES ELE,2021-01-06 00:00,2021-01-06 00:00,960.55,,FEET
SHA,D,6,RES ELE,2021-01-07 00:00,2021-01-07 00:00,960.61,,FEET
SHA,D,6,RES ELE,2021-01-08 00:00,2021-01-08 00:00,960.89,,FEET
SHA,D,6,RES ELE,2021-01-09 00:00,2021-01-09 00:00,961.10,,FEET
SHA,D,6,RES ELE,2021-01-10 00:00,2021-01-10 00:00,961.06,,FEET
SHA,D,6,RES ELE,2021-01-11 00:00,2021-01-11 00:00,961.04,,FEET
SHA,D,6,RES ELE,2021-01-12 00:00,2021-01-12 00:00,961.20,,FEET
SHA,D,6,RES ELE,2021-01-13 00:00,2021-01-13 00:00,961.52,,FEET
SHA,D,6,RES ELE,2021-01-14 00:00,2021-01-14 00:00,961.72,,FEET
SHA,D,6,RES ELE,2021-01-15 00:00,2021-01-15 00:00,961.82,,FEET
SHA,D,6,RES ELE,2021-01-16 00:00,2021-01-16 00:00,962.01,,FEET
SHA,D,6,RES ELE,2021-01-17 00:00,2021-01-17 00:00,962.04,,FEET
SHA,D,6,RES ELE,2021-01-18 00:00,2021-01-18 00:00,962.04,,FEET
SHA,D,6,RES ELE,2021-01-19 00:00,2021-01-19 00:00,962.12,,FEET
SHA,D,6,RES ELE,2021-01-20 00:00,2021-01-20 00:00,962.23,,FEET
SHA,D,6,RES ELE,2021-01-21 00:00,2021-01-21 00:00,962.30,,FEET
SHA,D,6,RES ELE,2021-01-22 00:00,2021-01-22 00:00,962.40,,FEET
SHA,D,6,RES ELE,2021-01-23 00:00,2021-01-23 00:00,962.45,,FEET
SHA,D,6,RES ELE,2021-01-24 00:00,2021-01-24 00:00,962.63,,FEET
SHA,D,6,RES ELE,2021-01-25 00:00,2021-01-25 00:00,962.72,,FEET
SHA,D,6,RES ELE,2021-01-26 00:00,2021-01-26 00:00,962.98,,FEET
SHA,D,6,RES ELE,2021-01-27 00:00,2021-01-27 00:00,963.31,,FEET
SHA,D,6,RES ELE,2021-01-28 00:00,2021-01-28 00:00,963.62,,FEET
SHA,D,6,RES ELE,2021-01-29 00:00,2021-01-29 00:00,963.97,,FEET
SHA,D,6,RES ELE,2021-01-30 00:00,2021-01-30 00:00,964.31,,FEET
SHA,D,6,RES ELE,2021-01-31 00:00,2021-01-31 00:00,964.64,,FEET
SHA,D,6,RES ELE,2021-02-01 00:00,2021-02-01 00:00,965.07,,FEET
SHA,D,6,RES ELE,2021-02-02 00:00,2021-02-02 00:00,965.70,,FEET
SHA,D,6,RES ELE,2021-02-03 00:00,2021-02-03 00:00,966.49,,FEET
SHA,D,6,RES ELE,2021-02-04 00:00,2021-02-04 00:00,967.16,,FEET
SHA,D,6,RES ELE,2021-02-05 00:00,2021-02-05 00:00,967.38,,FEET
SHA,D,6,RES ELE,2021-02-06 00:00,2021-02-06 00:00,967.59,,FEET
SHA,D,6,RES ELE,2021-02-07 00:00,2021-02-07 00:00,967.76,,FEET
SHA,D,6,RES ELE,2021-02-08 00:00,2021-02-08 00:00,967.89,,FEET
SHA,D,6,RES ELE,2021-02-09 00:00,2021-02-09 00:00,968.05,,FEET
SHA,D,6,RES ELE,2021-02-10 00:00,2021-02-10 00:00,968.25,,FEET
SHA,D,6,RES ELE,2021-02-11 00:00,2021-02-11 00:00,968.48,,FEET
SHA,D,6,RES ELE,2021-02-12 00:00,2021-02-12 00:00,968.77,,FEET
SHA,D,6,RES ELE,2021-02-13 00:00,2021-02-13 00:00,969.26,,FEET
SHA,D,6,RES ELE,2021-02-14 00:00,2021-02-14 00:00,969.60,,FEET
SHA,D,6,RES ELE,2021-02-15 00:00,2021-02-15 00:00,970.02,,FEET
SHA,D,6,RES ELE,2021-02-16 00:00,2021-02-16 00:00,970.31,,FEET
SHA,D,6,RES ELE,2021-02-17 00:00,2021-02-17 00:00,970.64,,FEET
SHA,D,6,RES ELE,2021-02-18 00:00,2021-02-18 00:00,970.93,,FEET
SHA,D,6,RES ELE,2021-02-19 00:00,2021-02-19 00:00,971.28,,FEET
SHA,D,6,RES ELE,2021-02-20 00:00,2021-02-20 00:00,971.43,,FEET
SHA,D,6,RES ELE,2021-02-21 00:00,2021-02-21 00:00,971.63,,FEET
SHA,D,6,RES ELE,2021-02-22 00:00,2021-02-22 00:00,971.72,,FEET
SHA,D,6,RES ELE,2021-02-23 00:00,2021-02-23 00:00,971.91,,FEET
SHA,D,6,RES ELE,2021-02-24 00:00,2021-02-24 00:00,972.15,,FEET
SHA,D,6,RES ELE,2021-02-25 00:00,2021-02-25 00:00,972.23,,FEET
SHA,D,6,RES ELE,2021-02-26 00:00,2021-02-26 00:00,972.38,,FEET
SHA,D,6,RES ELE,2021-02-27 00:00,2021-02-27 00:00,972.54,,FEET
SHA,D,6,RES ELE,2021-02-28 00:00,2021-02-28 00:00,972.76,,FEET
SHA,D,6,RES ELE,2021-03-01 00:00,2021-03-01 00:00,972.99,,FEET
SHA,D,6,RES ELE,2021-03-02 00:00,2021-03-02 00:00,973.07,,FEET
SHA,D,6,RES ELE,2021-03-03 00:00,2021-03-03 00:00,972.99,,FEET
SHA,D,6,RES ELE,2021-03-04 00:00,2021-03-04 00:00,973.21,,FEET
SHA,D,6,RES ELE,2021-03-05 00:00,2021-03-05 00:00,973.22,,FEET
SHA,D,6,RES ELE,2021-03-06 00:00,2021-03-06 00:00,973.41,,FEET
SHA,D,6,RES ELE,2021-03-07 00:00,2021-03-07 00:00,973.32,,FEET
SHA,D,6,RES ELE,2021-03-08 00:00,2021-03-08 00:00,973.33,,FEET
SHA,D,6,RES ELE,2021-03-09 00:00,2021-03-09 00:00,973.68,,FEET
SHA,D,6,RES ELE,2021-03-10 00:00,2021-03-10 00:00,973.88,,FEET
SHA,D,6,RES ELE,2021-03-11 00:00,2021-03-11 00:00,973.96,,FEET
SHA,D,6,RES ELE,2021-03-12 00:00,2021-03-12 00:00,974.14,,FEET
SHA,D,6,RES ELE,2021-03-13 00:00,2021-03-13 00:00,974.36,,FEET
SHA,D,6,RES ELE,2021-03-14 00:00,2021-03-14 00:00,974.61,,FEET
SHA,D,6,RES ELE,2021-03-15 00:00,2021-03-15 00:00,974.84,,FEET
SHA,D,6,RES ELE,2021-03-16 00:00,2021-03-16 00:00,975.00,,FEET
SHA,D,6,RES ELE,2021-03-17 00:00,2021-03-17 00:00,975.12,,FEET
SHA,D,6,RES ELE,2021-03-18 00:00,2021-03-18 00:00,975.52,,FEET
SHA,D,6,RES ELE,2021-03-19 00:00,2021-03-19 00:00,976.14,,FEET
SHA,D,6,RES ELE,2021-03-20 00:00,2021-03-20 00:00,976.58,,FEET
SHA,D,6,RES ELE,2021-03-21 00:00,2021-03-21 00:00,977.00,,FEET
SHA,D,6,RES ELE,2021-03-22 00:00,2021-03-22 00:00,977.36,,FEET
SHA,D,6,RES ELE,2021-03-23 00:00,2021-03-23 00:00,977.61,,FEET
SHA,D,6,RES ELE,2021-03-24 00:00,2021-03-24 00:00,977.78,,FEET
SHA,D,6,RES ELE,2021-03-25 00:00,2021-03-25 00:00,977.98,,FEET
SHA,D,6,RES ELE,2021-03-26 00:00,2021-03-26 00:00,978.16,,FEET
SHA,D,6,RES ELE,2021-03-27 00:00,2021-03-27 00:00,978.30,,FEET
SHA,D,6,RES ELE,2021-03-28 00:00,2021-03-28 00:00,978.43,,FEET
SHA,D,6,RES ELE,2021-03-29 00:00,2021-03-29 00:00,978.67,,FEET
SHA,D,6,RES ELE,2021-03-30 00:00,2021-03-30 00:00,978.64,,FEET
SHA,D,6,RES ELE,2021-03-31 00:00,2021-03-31 00:00,978.75,,FEET
SHA,D,6,RES ELE,2021-04-01 00:00,2021-04-01 00:00,978.74,,FEET
SHA,D,6,RES ELE,2021-04-02 00:00,2021-04-02 00:00,978.92,,FEET
SHA,D,6,RES ELE,2021-04-03 00:00,2021-04-03 00:00,978.99,,FEET
SHA,D,6,RES ELE,2021-04-04 00:00,2021-04-04 00:00,978.87,,FEET
SHA,D,6,RES ELE,2021-04-05 00:00,2021-04-05 00:00,978.82,,FEET
SHA,D,6,RES ELE,2021-04-06 00:00,2021-04-06 00:00,978.88,,FEET
SHA,D,6,RES ELE,2021-04-07 00:00,2021-04-07 00:00,978.86,,FEET
SHA,D,6,RES ELE,2021-04-08 00:00,2021-04-08 00:00,978.89,,FEET
SHA,D,6,RES ELE,2021-04-09 00:00,2021-04-09 00:00,978.84,,FEET
SHA,D,6,RES ELE,2021-04-10 00:00,2021-04-10 00:00,978.91,,FEET
SHA,D,6,RES ELE,2021-04-11 00:00,2021-04-11 00:00,978.70,,FEET
SHA,D,6,RES ELE,2021-04-12 00:00,2021-04-12 00:00,978.71,,FEET
SHA,D,6,RES ELE,2021-04-13 00:00,2021-04-13 00:00,978.50,,FEET
SHA,D,6,RES ELE,2021-04-14 00:00,2021-04-14 00:00,978.29,,FEET
SHA,D,6,RES ELE,2021-04-15 00:00,2021-04-15 00:00,978.15,,FEET
SHA,D,6,RES ELE,2021-04-16 00:00,2021-04-16 00:00,977.90,,FEET
SHA,D,6,RES ELE,2021-04-17 00:00,2021-04-17 00:00,977.72,,FEET
SHA,D,6,RES ELE,2021-04-18 00:00,2021-04-18 00:00,977.35,,FEET
SHA,D,6,RES ELE,2021-04-19 00:00,2021-04-19 00:00,977.07,,FEET
SHA,D,6,RES ELE,2021-04-20 00:00,2021-04-20 00:00,976.72,,FEET
SHA,D,6,RES ELE,2021-04-21 00:00,2021-04-21 00:00,976.52,,FEET
SHA,D,6,RES ELE,2021-04-22 00:00,2021-04-22 00:00,976.09,,FEET
SHA,D,6,RES ELE,2021-04-23 00:00,2021-04-23 00:00,975.76,,FEET
SHA,D,6,RES ELE,2021-04-24 00:00,2021-04-24 00:00,975.45,,FEET
SHA,D,6,RES ELE,2021-04-25 00:00,2021-04-25 00:00,975.06,,FEET
SHA,D,6,RES ELE,2021-04-26 00:00,2021-04-26 00:00,974.84,,FEET
SHA,D,6,RES ELE,2021-04-27 00:00,2021-04-27 00:00,974.53,,FEET
SHA,D,6,RES ELE,2021-04-28 00:00,2021-04-28 00:00,974.05,,FEET
SHA,D,6,RES ELE,2021-04-29 00:00,2021-04-29 00:00,973.72,,FEET
SHA,D,6,RES ELE,2021-04-30 00:00,2021-04-30 00:00,973.33,,FEET
SHA,D,6,RES ELE,2021-05-01 00:00,2021-05-01 00:00,973.04,,FEET
SHA,D,6,RES ELE,2021-05-02 00:00,2021-05-02 00:00,972.75,,FEET
SHA,D,6,RES ELE,2021-05-03 00:00,2021-05-03 00:00,972.39,,FEET
SHA,D,6,RES ELE,2021-05-04 00:00,2021-05-04 00:00,971.83,,FEET
SHA,D,6,RES ELE,2021-05-05 00:00,2021-05-05 00:00,971.43,,FEET
SHA,D,6,RES ELE,2021-05-06 00:00,2021-05-06 00:00,970.93,,FEET
SHA,D,6,RES ELE,2021-05-07 00:00,2021-05-07 00:00,970.36,,FEET
SHA,D,6,RES ELE,2021-05-08 00:00,2021-05-08 00:00,969.87,,FEET
SHA,D,6,RES ELE,2021-05-09 00:00,2021-05-09 00:00,969.25,,FEET
SHA,D,6,RES ELE,2021-05-10 00:00,2021-05-10 00:00,968.78,,FEET
SHA,D,6,RES ELE,2021-05-11 00:00,2021-05-11 00:00,968.04,,FEET
SHA,D,6,RES ELE,2021-05-12 00:00,2021-05-12 00:00,967.44,,FEET
SHA,D,6,RES ELE,2021-05-13 00:00,2021-05-13 00:00,966.79,,FEET
SHA,D,6,RES ELE,2021-05-14 00:00,2021-05-14 00:00,966.26,,FEET
SHA,D,6,RES ELE,2021-05-15 00:00,2021-05-15 00:00,965.48,,FEET
SHA,D,6,RES ELE,2021-05-16 00:00,2021-05-16 00:00,964.80,,FEET
SHA,D,6,RES ELE,2021-05-17 00:00,2021-05-17 00:00,964.14,,FEET
SHA,D,6,RES ELE,2021-05-18 00:00,2021-05-18 00:00,963.47,,FEET
SHA,D,6,RES ELE,2021-05-19 00:00,2021-05-19 00:00,962.76,,FEET
SHA,D,6,RES ELE,2021-05-20 00:00,2021-05-20 00:00,962.03,,FEET
SHA,D,6,RES ELE,2021-05-21 00:00,2021-05-21 00:00,961.27,,FEET
SHA,D,6,RES ELE,2021-05-22 00:00,2021-05-22 00:00,960.70,,FEET
SHA,D,6,RES ELE,2021-05-23 00:00,2021-05-23 00:00,960.03,,FEET
SHA,D,6,RES ELE,2021-05-24 00:00,2021-05-24 00:00,959.47,,FEET
SHA,D,6,RES ELE,2021-05-25 00:00,2021-05-25 00:00,959.13,,FEET
SHA,D,6,RES ELE,2021-05-26 00:00,2021-05-26 00:00,958.46,,FEET
SHA,D,6,RES ELE,2021-05-27 00:00,2021-05-27 00:00,957.94,,FEET
SHA,D,6,RES ELE,2021-05-28 00:00,2021-05-28 00:00,957.27,,FEET
SHA,D,6,RES ELE,2021-05-29 00:00,2021-05-29 00:00,956.98,,FEET
SHA,D,6,RES ELE,2021-05-30 00:00,2021-05-30 00:00,956.34,,FEET
SHA,D,6,RES ELE,2021-05-31 00:00,2021-05-31 00:00,955.92,,FEET
SHA,D,6,RES ELE,2021-06-01 00:00,2021-06-01 00:00,955.63,,FEET
SHA,D,6,RES ELE,2021-06-02 00:00,2021-06-02 00:00,955.39,,FEET
SHA,D,6,RES ELE,2021-06-03 00:00,2021-06-03 00:00,955.00,,FEET
SHA,D,6,RES ELE,2021-06-04 00:00,2021-06-04 00:00,954.42,,FEET
SHA,D,6,RES ELE,2021-06-05 00:00,2021-06-05 00:00,953.80,,FEET
SHA,D,6,RES ELE,2021-06-06 00:00,2021-06-06 00:00,953.23,,FEET
SHA,D,6,RES ELE,2021-06-07 00:00,2021-06-07 00:00,952.71,,FEET
SHA,D,6,RES ELE,2021-06-08 00:00,2021-06-08 00:00,952.27,,FEET
SHA,D,6,RES ELE,2021-06-09 00:00,2021-06-09 00:00,951.82,,FEET
SHA,D,6,RES ELE,2021-06-10 00:00,2021-06-10 00:00,951.47,,FEET
SHA,D,6,RES ELE,2021-06-11 00:00,2021-06-11 00:00,951.04,,FEET
SHA,D,6,RES ELE,2021-06-12 00:00,2021-06-12 00:00,950.61,,FEET
SHA,D,6,RES ELE,2021-06-13 00:00,2021-06-13 00:00,950.21,,FEET
SHA,D,6,RES ELE,2021-06-14 00:00,2021-06-14 00:00,949.95,,FEET
SHA,D,6,RES ELE,2021-06-15 00:00,2021-06-15 00:00,949.50,,FEET
SHA,D,6,RES ELE,2021-06-16 00:00,2021-06-16 00:00,949.09,,FEET
SHA,D,6,RES ELE,2021-06-17 00:00,2021-06-17 00:00,948.62,,FEET
SHA,D,6,RES ELE,2021-06-18 00:00,2021-06-18 00:00,948.07,,FEET
SHA,D,6,RES ELE,2021-06-19 00:00,2021-06-19 00:00,947.68,,FEET
SHA,D,6,RES ELE,2021-06-20 00:00,2021-06-20 00:00,947.46,,FEET
SHA,D,6,RES ELE,2021-06-21 00:00,2021-06-21 00:00,947.23,,FEET
SHA,D,6,RES ELE,2021-06-22 00:00,2021-06-22 00:00,946.86,,FEET
SHA,D,6,RES ELE,2021-06-23 00:00,2021-06-23 00:00,946.14,,FEET
SHA,D,6,RES ELE,2021-06-24 00:00,2021-06-24 00:00,945.41,,FEET
SHA,D,6,RES ELE,2021-06-25 00:00,2021-06-25 00:00,944.68,,FEET
SHA,D,6,RES ELE,2021-06-26 00:00,2021-06-26 00:00,944.07,,FEET
SHA,D,6,RES ELE,2021-06-27 00:00,2021-06-27 00:00,943.23,,FEET
SHA,D,6,RES ELE,2021-06-28 00:00,2021-06-28 00:00,942.84,,FEET
SHA,D,6,RES ELE,2021-06-29 00:00,2021-06-29 00:00,942.24,,FEET
SHA,D,6,RES ELE,2021-06-30 00:00,2021-06-30 00:00,941.84,,FEET
SHA,D,6,RES ELE,2021-07-01 00:00,2021-07-01 00:00,941.29,,FEET
SHA,D,6,RES ELE,2021-07-02 00:00,2021-07-02 00:00,940.72,,FEET
SHA,D,6,RES ELE,2021-07-03 00:00,2021-07-03 00:00,940.13,,FEET
SHA,D,6,RES ELE,2021-07-04 00:00,2021-07-04 00:00,939.41,,FEET
SHA,D,6,RES ELE,2021-07-05 00:00,2021-07-05 00:00,938.79,,FEET
SHA,D,6,RES ELE,2021-07-06 00:00,2021-07-06 00:00,938.06,,FEET
SHA,D,6,RES ELE,2021-07-07 00:00,2021-07-07 00:00,937.31,,FEET
SHA,D,6,RES ELE,2021-07-08 00:00,2021-07-08 00:00,936.73,,FEET
SHA,D,6,RES ELE,2021-07-09 00:00,2021-07-09 00:00,936.19,,FEET
SHA,D,6,RES ELE,2021-07-10 00:00,2021-07-10 00:00,935.66,,FEET
SHA,D,6,RES ELE,2021-07-11 00:00,2021-07-11 00:00,935.07,,FEET
SHA,D,6,RES ELE,2021-07-12 00:00,2021-07-12 00:00,934.37,,FEET
SHA,D,6,RES ELE,2021-07-13 00:00,2021-07-13 00:00,933.66,,FEET
SHA,D,6,RES ELE,2021-07-14 00:00,2021-07-14 00:00,933.13,,FEET
SHA,D,6,RES ELE,2021-07-15 00:00,2021-07-15 00:00,932.46,,FEET
SHA,D,6,RES ELE,2021-07-16 00:00,2021-07-16 00:00,931.74,,FEET
SHA,D,6,RES ELE,2021-07-17 00:00,2021-07-17 00:00,931.10,,FEET
SHA,D,6,RES ELE,2021-07-18 00:00,2021-07-18 00:00,930.34,,FEET
SHA,D,6,RES ELE,2021-07-19 00:00,2021-07-19 00:00,929.66,,FEET
SHA,D,6,RES ELE,2021-07-20 00:00,2021-07-20 00:00,929.07,,FEET
SHA,D,6,RES ELE,2021-07-21 00:00,2021-07-21 00:00,928.42,,FEET
SHA,D,6,RES ELE,2021-07-22 00:00,2021-07-22 00:00,927.78,,FEET
SHA,D,6,RES ELE,2021-07-23 00:00,2021-07-23 00:00,927.17,,FEET
SHA,D,6,RES ELE,2021-07-24 00:00,2021-07-24 00:00,926.57,,FEET
SHA,D,6,RES ELE,2021-07-25 00:00,2021-07-25 00:00,925.78,,FEET
SHA,D,6,RES ELE,2021-07-26 00:00,2021-07-26 00:00,925.09,,FEET
SHA,D,6,RES ELE,2021-07-27 00:00,2021-07-27 00:00,924.44,,FEET
SHA,D,6,RES ELE,2021-07-28 00:00,2021-07-28 00:00,923.84,,FEET
SHA,D,6,RES ELE,2021-07-29 00:00,2021-07-29 00:00,923.17,,FEET
SHA,D,6,RES ELE,2021-07-30 00:00,2021-07-30 00:00,922.60,,FEET
SHA,D,6,RES ELE,2021-07-31 00:00,2021-07-31 00:00,922.09,,FEET
SHA,D,6,RES ELE,2021-08-01 00:00,2021-08-01 00:00,921.47,,FEET
SHA,D,6,RES ELE,2021-08-02 00:00,2021-08-02 00:00,920.57,,FEET
SHA,D,6,RES ELE,2021-08-03 00:00,2021-08-03 00:00,919.92,,FEET
SHA,D,6,RES ELE,2021-08-04 00:00,2021-08-04 00:00,919.22,,FEET
SHA,D,6,RES ELE,2021-08-05 00:00,2021-08-05 00:00,918.55,,FEET
SHA,D,6,RES ELE,2021-08-06 00:00,2021-08-06 00:00,918.00,,FEET
SHA,D,6,RES ELE,2021-08-07 00:00,2021-08-07 00:00,917.33,,FEET
SHA,D,6,RES ELE,2021-08-08 00:00,2021-08-08 00:00,916.75,,FEET
SHA,D,6,RES ELE,2021-08-09 00:00,2021-08-09 00:00,916.20,,FEET
SHA,D,6,RES ELE,2021-08-10 00:00,2021-08-10 00:00,915.56,,FEET
SHA,D,6,RES ELE,2021-08-11 00:00,2021-08-11 00:00,914.97,,FEET
SHA,D,6,RES ELE,2021-08-12 00:00,2021-08-12 00:00,914.37,,FEET
SHA,D,6,RES ELE,2021-08-13 00:00,2021-08-13 00:00,913.77,,FEET
SHA,D,6,RES ELE,2021-08-14 00:00,2021-08-14 00:00,913.24,,FEET
SHA,D,6,RES ELE,2021-08-15 00:00,2021-08-15 00:00,912.69,,FEET
SHA,D,6,RES ELE,2021-08-16 00:00,2021-08-16 00:00,911.96,,FEET
SHA,D,6,RES ELE,2021-08-17 00:00,2021-08-17 00:00,911.35,,FEET
SHA,D,6,RES ELE,2021-08-18 00:00,2021-08-18 00:00,910.96,,FEET
SHA,D,6,RES ELE,2021-08-19 00:00,2021-08-19 00:00,910.50,,FEET
SHA,D,6,RES ELE,2021-08-20 00:00,2021-08-20 00:00,910.04,,FEET
SHA,D,6,RES ELE,2021-08-21 00:00,2021-08-21 00:00,909.54,,FEET
SHA,D,6,RES ELE,2021-08-22 00:00,2021-08-22 00:00,908.87,,FEET
SHA,D,6,RES ELE,2021-08-23 00:00,2021-08-23 00:00,908.54,,FEET
SHA,D,6,RES ELE,2021-08-24 00:00,2021-08-24 00:00,908.00,,FEET
SHA,D,6,RES ELE,2021-08-25 00:00,2021-08-25 00:00,907.49,,FEET
SHA,D,6,RES ELE,2021-08-26 00:00,2021-08-26 00:00,906.89,,FEET
SHA,D,6,RES ELE,2021-08-27 00:00,2021-08-27 00:00,906.61,,FEET
SHA,D,6,RES ELE,2021-08-28 00:00,2021-08-28 00:00,906.14,,FEET
SHA,D,6,RES ELE,2021-08-29 00:00,2021-08-29 00:00,905.68,,FEET
SHA,D,6,RES ELE,2021-08-30 00:00,2021-08-30 00:00,905.14,,FEET
SHA,D,6,RES ELE,2021-08-31 00:00,2021-08-31 00:00,904.83,,FEET
SHA,D,6,RES ELE,2021-09-01 00:00,2021-09-01 00:00,904.36,,FEET
SHA,D,6,RES ELE,2021-09-02 00:00,2021-09-02 00:00,903.87,,FEET
SHA,D,6,RES ELE,2021-09-03 00:00,2021-09-03 00:00,903.33,,FEET
SHA,D,6,RES ELE,2021-09-04 00:00,2021-09-04 00:00,902.80,,FEET
SHA,D,6,RES ELE,2021-09-05 00:00,2021-09-05 00:00,902.23,,FEET
SHA,D,6,RES ELE,2021-09-06 00:00,2021-09-06 00:00,901.51,,FEET
SHA,D,6,RES ELE,2021-09-07 00:00,2021-09-07 00:00,900.99,,FEET
SHA,D,6,RES ELE,2021-09-08 00:00,2021-09-08 00:00,900.55,,FEET
SHA,D,6,RES ELE,2021-09-09 00:00,2021-09-09 00:00,900.13,,FEET
SHA,D,6,RES ELE,2021-09-10 00:00,2021-09-10 00:00,899.64,,FEET
SHA,D,6,RES ELE,2021-09-11 00:00,2021-09-11 00:00,899.30,,FEET
SHA,D,6,RES ELE,2021-09-12 00:00,2021-09-12 00:00,898.92,,FEET
SHA,D,6,RES ELE,2021-09-13 00:00,2021-09-13 00:00,898.75,,FEET
SHA,D,6,RES ELE,2021-09-14 00:00,2021-09-14 00:00,898.33,,FEET
SHA,D,6,RES ELE,2021-09-15 00:00,2021-09-15 00:00,897.93,,FEET
SHA,D,6,RES ELE,2021-09-16 00:00,2021-09-16 00:00,897.53,,FEET
SHA,D,6,RES ELE,2021-09-17 00:00,2021-09-17 00:00,897.18,,FEET
SHA,D,6,RES ELE,2021-09-18 00:00,2021-09-18 00:00,896.63,,FEET
SHA,D,6,RES ELE,2021-09-19 00:00,2021-09-19 00:00,896.09,,FEET
SHA,D,6,RES ELE,2021-09-20 00:00,2021-09-20 00:00,895.60,,FEET
SHA,D,6,RES ELE,2021-09-21 00:00,2021-09-21 00:00,895.20,,FEET
SHA,D,6,RES ELE,2021-09-22 00:00,2021-09-22 00:00,894.96,,FEET
SHA,D,6,RES ELE,2021-09-23 00:00,2021-09-23 00:00,894.65,,FEET
SHA,D,6,RES ELE,2021-09-24 00:00,2021-09-24 00:00,894.28,,FEET
SHA,D,6,RES ELE,2021-09-25 00:00,2021-09-25 00:00,894.02,,FEET
SHA,D,6,RES ELE,2021-09-26 00:00,2021-09-26 00:00,893.58,,FEET
SHA,D,6,RES ELE,2021-09-27 00:00,2021-09-27 00:00,893.20,,FEET
SHA,D,6,RES ELE,2021-09-28 00:00,2021-09-28 00:00,892.66,,FEET
SHA,D,6,RES ELE,2021-09-29 00:00,2021-09-29 00:00,892.23,,FEET
SHA,D,6,RES ELE,2021-09-30 00:00,2021-09-30 00:00,892.01,,FEET
SHA,D,6,RES ELE,2021-10-01 00:00,2021-10-01 00:00,891.58,,FEET
SHA,D,6,RES ELE,2021-10-02 00:00,2021-10-02 00:00,891.10,,FEET
SHA,D,6,RES ELE,2021-10-03 00:00,2021-10-03 00:00,890.57,,FEET
SHA,D,6,RES ELE,2021-10-04 00:00,2021-10-04 00:00,890.11,,FEET
SHA,D,6,RES ELE,2021-10-05 00:00,2021-10-05 00:00,889.74,,FEET
SHA,D,6,RES ELE,2021-10-06 00:00,2021-10-06 00:00,889.43,,FEET
SHA,D,6,RES ELE,2021-10-07 00:00,2021-10-07 00:00,888.98,,FEET
SHA,D,6,RES ELE,2021-10-08 00:00,2021-10-08 00:00,888.56,,FEET
SHA,D,6,RES ELE,2021-10-09 00:00,2021-10-09 00:00,888.10,,FEET
SHA,D,6,RES ELE,2021-10-10 00:00,2021-10-10 00:00,887.60,,FEET
SHA,D,6,RES ELE,2021-10-11 00:00,2021-10-11 00:00,886.98,,FEET
SHA,D,6,RES ELE,2021-10-12 00:00,2021-10-12 00:00,886.47,,FEET
SHA,D,6,RES ELE,2021-10-13 00:00,2021-10-13 00:00,885.99,,FEET
SHA,D,6,RES ELE,2021-10-14 00:00,2021-10-14 00:00,885.52,,FEET
SHA,D,6,RES ELE,2021-10-15 00:00,2021-10-15 00:00,885.19,,FEET
SHA,D,6,RES ELE,2021-10-16 00:00,2021-10-16 00:00,884.90,,FEET
SHA,D,6,RES ELE,2021-10-17 00:00,2021-10-17 00:00,884.20,,FEET
SHA,D,6,RES ELE,2021-10-18 00:00,2021-10-18 00:00,883.61,,FEET
SHA,D,6,RES ELE,2021-10-19 00:00,2021-10-19 00:00,882.87,,FEET
SHA,D,6,RES ELE,2021-10-20 00:00,2021-10-20 00:00,882.52,,FEET
SHA,D,6,RES ELE,2021-10-21 00:00,2021-10-21 00:00,882.24,,FEET
SHA,D,6,RES ELE,2021-10-22 00:00,2021-10-22 00:00,882.57,,FEET
SHA,D,6,RES ELE,2021-10-23 00:00,2021-10-23 00:00,882.63,,FEET
SHA,D,6,RES ELE,2021-10-24 00:00,2021-10-24 00:00,884.26,,FEET
SHA,D,6,RES ELE,2021-10-25 00:00,2021-10-25 00:00,885.40,,FEET
SHA,D,6,RES ELE,2021-10-26 00:00,2021-10-26 00:00,885.67,,FEET
SHA,D,6,RES ELE,2021-10-27 00:00,2021-10-27 00:00,885.80,,FEET
SHA,D,6,RES ELE,2021-10-28 00:00,2021-10-28 00:00,885.76,,FEET
SHA,D,6,RES ELE,2021-10-29 00:00,2021-10-29 00:00,885.88,,FEET
SHA,D,6,RES ELE,2021-10-30 00:00,2021-10-30 00:00,885.77,,FEET
SHA,D,6,RES ELE,2021-10-31 00:00,2021-10-31 00:00,885.48,,FEET
SHA,D,6,RES ELE,2021-11-01 00:00,2021-11-01 00:00,885.55,,FEET
SHA,D,6,RES ELE,2021-11-02 00:00,2021-11-02 00:00,886.19,,FEET
SHA,D,6,RES ELE,2021-11-03 00:00,2021-11-03 00:00,886.41,,FEET
SHA,D,6,RES ELE,2021-11-04 00:00,2021-11-04 00:00,887.15,,FEET
SHA,D,6,RES ELE,2021-11-05 00:00,2021-11-05 00:00,887.79,,FEET
SHA,D,6,RES ELE,2021-11-06 00:00,2021-11-06 00:00,888.34,,FEET
SHA,D,6,RES ELE,2021-11-07 00:00,2021-11-07 00:00,888.65,,FEET
SHA,D,6,RES ELE,2021-11-08 00:00,2021-11-08 00:00,889.28,,FEET
SHA,D,6,RES ELE,2021-11-09 00:00,2021-11-09 00:00,890.22,,FEET
SHA,D,6,RES ELE,2021-11-10 00:00,2021-11-10 00:00,891.34,,FEET
SHA,D,6,RES ELE,2021-11-11 00:00,2021-11-11 00:00,891.89,,FEET
SHA,D,6,RES ELE,2021-11-12 00:00,2021-11-12 00:00,892.38,,FEET
SHA,D,6,RES ELE,2021-11-13 00:00,2021-11-13 00:00,892.78,,FEET
SHA,D,6,RES ELE,2021-11-14 00:00,2021-11-14 00:00,893.17,,FEET
SHA,D,6,RES ELE,2021-11-15 00:00,2021-11-15 00:00,893.46,,FEET
SHA,D,6,RES ELE,2021-11-16 00:00,2021-11-16 00:00,893.92,,FEET
SHA,D,6,RES ELE,2021-11-17 00:00,2021-11-17 00:00,894.22,,FEET
SHA,D,6,RES ELE,2021-11-18 00:00,2021-11-18 00:00,894.62,,FEET
SHA,D,6,RES ELE,2021-11-19 00:00,2021-11-19 00:00,894.85,,FEET
SHA,D,6,RES ELE,2021-11-20 00:00,2021-11-20 00:00,895.06,,FEET
SHA,D,6,RES ELE,2021-11-21 00:00,2021-11-21 00:00,895.29,,FEET
SHA,D,6,RES ELE,2021-11-22 00:00,2021-11-22 00:00,895.50,,FEET
SHA,D,6,RES ELE,2021-11-23 00:00,2021-11-23 00:00,895.23,,FEET
SHA,D,6,RES ELE,2021-11-24 00:00,2021-11-24 00:00,895.27,,FEET
SHA,D,6,RES ELE,2021-11-25 00:00,2021-11-25 00:00,895.42,,FEET
SHA,D,6,RES ELE,2021-11-26 00:00,2021-11-26 00:00,895.51,,FEET
SHA,D,6,RES ELE,2021-11-27 00:00,2021-11-27 00:00,895.60,,FEET
SHA,D,6,RES ELE,2021-11-28 00:00,2021-11-28 00:00,895.63,,FEET
SHA,D,6,RES ELE,2021-11-29 00:00,2021-11-29 00:00,895.67,,FEET
SHA,D,6,RES ELE,2021-11-30 00:00,2021-11-30 00:00,895.73,,FEET
SHA,D,6,RES ELE,2021-12-01 00:00,2021-12-01 00:00,895.79,,FEET
SHA,D,6,RES ELE,2021-12-02 00:00,2021-12-02 00:00,896.06,,FEET
SHA,D,6,RES ELE,2021-12-03 00:00,2021-12-03 00:00,895.95,,FEET
SHA,D,6,RES ELE,2021-12-04 00:00,2021-12-04 00:00,895.69,,FEET
SHA,D,6,RES ELE,2021-12-05 00:00,2021-12-05 00:00,895.46,,FEET
SHA,D,6,RES ELE,2021-12-06 00:00,2021-12-06 00:00,895.53,,FEET
SHA,D,6,RES ELE,2021-12-07 00:00,2021-12-07 00:00,895.88,,FEET
SHA,D,6,RES ELE,2021-12-08 00:00,2021-12-08 00:00,895.71,,FEET
SHA,D,6,RES ELE,2021-12-09 00:00,2021-12-09 00:00,895.90,,FEET
SHA,D,6,RES ELE,2021-12-10 00:00,2021-12-10 00:00,896.05,,FEET
SHA,D,6,RES ELE,2021-12-11 00:00,2021-12-11 00:00,895.95,,FEET
SHA,D,6,RES ELE,2021-12-12 00:00,2021-12-12 00:00,896.42,,FEET
SHA,D,6,RES ELE,2021-12-13 00:00,2021-12-13 00:00,898.14,,FEET
SHA,D,6,RES ELE,2021-12-14 00:00,2021-12-14 00:00,899.29,,FEET
SHA,D,6,RES ELE,2021-12-15 00:00,2021-12-15 00:00,900.58,,FEET
SHA,D,6,RES ELE,2021-12-16 00:00,2021-12-16 00:00,901.68,,FEET
SHA,D,6,RES ELE,2021-12-17 00:00,2021-12-17 00:00,902.63,,FEET
SHA,D,6,RES ELE,2021-12-18 00:00,2021-12-18 00:00,903.17,,FEET
SHA,D,6,RES ELE,2021-12-19 00:00,2021-12-19 00:00,903.54,,FEET
SHA,D,6,RES ELE,2021-12-20 00:00,2021-12-20 00:00,904.08,,FEET
SHA,D,6,RES ELE,2021-12-21 00:00,2021-12-21 00:00,904.60,,FEET
SHA,D,6,RES ELE,2021-12-22 00:00,2021-12-22 00:00,905.17,,FEET
SHA,D,6,RES ELE,2021-12-23 00:00,2021-12-23 00:00,906.29,,FEET
SHA,D,6,RES ELE,2021-12-24 00:00,2021-12-24 00:00,907.40,,FEET
SHA,D,6,RES ELE,2021-12-25 00:00,2021-12-25 00:00,908.83,,FEET
SHA,D,6,RES ELE,2021-12-26 00:00,2021-12-26 00:00,909.79,,FEET
SHA,D,6,RES ELE,2021-12-27 00:00,2021-12-27 00:00,910.72,,FEET
SHA,D,6,RES ELE,2021-12-28 00:00,2021-12-28 00:00,911.51,,FEET
SHA,D,6,RES ELE,2021-12-29 00:00,2021-12-29 00:00,912.13,,FEET
SHA,D,6,RES ELE,2021-12-30 00:00,2021-12-30 00:00,912.58,,FEET
SHA,D,6,RES ELE,2021-12-31 00:00,2021-12-31 00:00,913.04,,FEET
SHA,D,6,RES ELE,2022-01-01 00:00,2022-01-01 00:00,913.34,,FEET
SHA,D,6,RES ELE,2022-01-02 00:00,2022-01-02 00:00,913.72,,FEET
SHA,D,6,RES ELE,2022-01-03 00:00,2022-01-03 00:00,914.48,,FEET
SHA,D,6,RES ELE,2022-01-04 00:00,2022-01-04 00:00,915.92,,FEET
SHA,D,6,RES ELE,2022-01-05 00:00,2022-01-05 00:00,917.40,,FEET
SHA,D,6,RES ELE,2022-01-06 00:00,2022-01-06 00:00,918.73,,FEET
SHA,D,6,RES ELE,2022-01-07 00:00,2022-01-07 00:00,920.35,,FEET
SHA,D,6,RES ELE,2022-01-08 00:00,2022-01-08 00:00,922.65,,FEET
SHA,D,6,RES ELE,2022-01-09 00:00,2022-01-09 00:00,924.24,,FEET
SHA,D,6,RES ELE,2022-01-10 00:00,2022-01-10 00:00,925.36,,FEET
SHA,D,6,RES ELE,2022-01-11 00:00,2022-01-11 00:00,926.36,,FEET
SHA,D,6,RES ELE,2022-01-12 00:00,2022-01-12 00:00,926.93,,FEET
SHA,D,6,RES ELE,2022-01-13 00:00,2022-01-13 00:00,927.55,,FEET
SHA,D,6,RES ELE,2022-01-14 00:00,2022-01-14 00:00,928.01,,FEET
SHA,D,6,RES ELE,2022-01-15 00:00,2022-01-15 00:00,928.62,,FEET
SHA,D,6,RES ELE,2022-01-16 00:00,2022-01-16 00:00,929.05,,FEET
SHA,D,6,RES ELE,2022-01-17 00:00,2022-01-17 00:00,929.58,,FEET
SHA,D,6,RES ELE,2022-01-18 00:00,2022-01-18 00:00,930.12,,FEET
SHA,D,6,RES ELE,2022-01-19 00:00,2022-01-19 00:00,930.60,,FEET
SHA,D,6,RES ELE,2022-01-20 00:00,2022-01-20 00:00,930.93,,FEET
SHA,D,6,RES ELE,2022-01-21 00:00,2022-01-21 00:00,931.41,,FEET
SHA,D,6,RES ELE,2022-01-22 00:00,2022-01-22 00:00,931.70,,FEET
SHA,D,6,RES ELE,2022-01-23 00:00,2022-01-23 00:00,931.92,,FEET
SHA,D,6,RES ELE,2022-01-24 00:00,2022-01-24 00:00,932.19,,FEET
SHA,D,6,RES ELE,2022-01-25 00:00,2022-01-25 00:00,932.45,,FEET
SHA,D,6,RES ELE,2022-01-26 00:00,2022-01-26 00:00,932.63,,FEET
SHA,D,6,RES ELE,2022-01-27 00:00,2022-01-27 00:00,932.73,,FEET
SHA,D,6,RES ELE,2022-01-28 00:00,2022-01-28 00:00,933.00,,FEET
SHA,D,6,RES ELE,2022-01-29 00:00,2022-01-29 00:00,933.30,,FEET
SHA,D,6,RES ELE,2022-01-30 00:00,2022-01-30 00:00,933.54,,FEET
SHA,D,6,RES ELE,2022-01-31 00:00,2022-01-31 00:00,933.73,,FEET
SHA,D,6,RES ELE,2022-02-01 00:00,2022-02-01 00:00,933.94,,FEET
SHA,D,6,RES ELE,2022-02-02 00:00,2022-02-02 00:00,934.14,,FEET
SHA,D,6,RES ELE,2022-02-03 00:00,2022-02-03 00:00,934.38,,FEET
SHA,D,6,RES ELE,2022-02-04 00:00,2022-02-04 00:00,934.59,,FEET
SHA,D,6,RES ELE,2022-02-05 00:00,2022-02-05 00:00,934.78,,FEET
SHA,D,6,RES ELE,2022-02-06 00:00,2022-02-06 00:00,935.02,,FEET
SHA,D,6,RES ELE,2022-02-07 00:00,2022-02-07 00:00,935.21,,FEET
SHA,D,6,RES ELE,2022-02-08 00:00,2022-02-08 00:00,935.36,,FEET
SHA,D,6,RES ELE,2022-02-09 00:00,2022-02-09 00:00,935.50,,FEET
SHA,D,6,RES ELE,2022-02-10 00:00,2022-02-10 00:00,935.69,,FEET
SHA,D,6,RES ELE,2022-02-11 00:00,2022-02-11 00:00,935.90,,FEET
SHA,D,6,RES ELE,2022-02-12 00:00,2022-02-12 00:00,936.11,,FEET
SHA,D,6,RES ELE,2022-02-13 00:00,2022-02-13 00:00,936.29,,FEET
SHA,D,6,RES ELE,2022-02-14 00:00,2022-02-14 00:00,936.52,,FEET
SHA,D,6,RES ELE,2022-02-15 00:00,2022-02-15 00:00,936.85,,FEET
SHA,D,6,RES ELE,2022-02-16 00:00,2022-02-16 00:00,937.46,,FEET
SHA,D,6,RES ELE,2022-02-17 00:00,2022-02-17 00:00,937.72,,FEET
SHA,D,6,RES ELE,2022-02-18 00:00,2022-02-18 00:00,937.59,,FEET
SHA,D,6,RES ELE,2022-02-19 00:00,2022-02-19 00:00,937.62,,FEET
SHA,D,6,RES ELE,2022-02-20 00:00,2022-02-20 00:00,937.53,,FEET
SHA,D,6,RES ELE,2022-02-21 00:00,2022-02-21 00:00,937.63,,FEET
SHA,D,6,RES ELE,2022-02-22 00:00,2022-02-22 00:00,937.60,,FEET
SHA,D,6,RES ELE,2022-02-23 00:00,2022-02-23 00:00,937.80,,FEET
SHA,D,6,RES ELE,2022-02-24 00:00,2022-02-24 00:00,937.91,,FEET
SHA,D,6,RES ELE,2022-02-25 00:00,2022-02-25 00:00,938.00,,FEET
SHA,D,6,RES ELE,2022-02-26 00:00,2022-02-26 00:00,938.16,,FEET
SHA,D,6,RES ELE,2022-02-27 00:00,2022-02-27 00:00,938.21,,FEET
SHA,D,6,RES ELE,2022-02-28 00:00,2022-02-28 00:00,938.23,,FEET
SHA,D,6,RES ELE,2022-03-01 00:00,2022-03-01 00:00,938.35,,FEET
SHA,D,6,RES ELE,2022-03-02 00:00,2022-03-02 00:00,938.43,,FEET
SHA,D,6,RES ELE,2022-03-03 00:00,2022-03-03 00:00,938.52,,FEET
SHA,D,6,RES ELE,2022-03-04 00:00,2022-03-04 00:00,938.64,,FEET
SHA,D,6,RES ELE,2022-03-05 00:00,2022-03-05 00:00,938.74,,FEET
SHA,D,6,RES ELE,2022-03-06 00:00,2022-03-06 00:00,938.84,,FEET
SHA,D,6,RES ELE,2022-03-07 00:00,2022-03-07 00:00,938.97,,FEET
SHA,D,6,RES ELE,2022-03-08 00:00,2022-03-08 00:00,939.09,,FEET
SHA,D,6,RES ELE,2022-03-09 00:00,2022-03-09 00:00,939.20,,FEET
SHA,D,6,RES ELE,2022-03-10 00:00,2022-03-10 00:00,939.17,,FEET
SHA,D,6,RES ELE,2022-03-11 00:00,2022-03-11 00:00,939.28,,FEET
SHA,D,6,RES ELE,2022-03-12 00:00,2022-03-12 00:00,939.38,,FEET
SHA,D,6,RES ELE,2022-03-13 00:00,2022-03-13 00:00,939.40,,FEET
SHA,D,6,RES ELE,2022-03-14 00:00,2022-03-14 00:00,939.43,,FEET
SHA,D,6,RES ELE,2022-03-15 00:00,2022-03-15 00:00,939.52,,FEET
SHA,D,6,RES ELE,2022-03-16 00:00,2022-03-16 00:00,939.61,,FEET
SHA,D,6,RES ELE,2022-03-17 00:00,2022-03-17 00:00,939.70,,FEET
SHA,D,6,RES ELE,2022-03-18 00:00,2022-03-18 00:00,939.80,,FEET
SHA,D,6,RES ELE,2022-03-19 00:00,2022-03-19 00:00,939.76,,FEET
SHA,D,6,RES ELE,2022-03-20 00:00,2022-03-20 00:00,939.88,,FEET
SHA,D,6,RES ELE,2022-03-21 00:00,2022-03-21 00:00,939.97,,FEET
SHA,D,6,RES ELE,2022-03-22 00:00,2022-03-22 00:00,940.08,,FEET
SHA,D,6,RES ELE,2022-03-23 00:00,2022-03-23 00:00,940.23,,FEET
SHA,D,6,RES ELE,2022-03-24 00:00,2022-03-24 00:00,940.34,,FEET
SHA,D,6,RES ELE,2022-03-25 00:00,2022-03-25 00:00,940.46,,FEET
SHA,D,6,RES ELE,2022-03-26 00:00,2022-03-26 00:00,940.56,,FEET
SHA,D,6,RES ELE,2022-03-27 00:00,2022-03-27 00:00,940.69,,FEET
SHA,D,6,RES ELE,2022-03-28 00:00,2022-03-28 00:00,940.82,,FEET
SHA,D,6,RES ELE,2022-03-29 00:00,2022-03-29 00:00,940.97,,FEET
SHA,D,6,RES ELE,2022-03-30 00:00,2022-03-30 00:00,941.03,,FEET
SHA,D,6,RES ELE,2022-03-31 00:00,2022-03-31 00:00,941.15,,FEET
SHA,D,6,RES ELE,2022-04-01 00:00,2022-04-01 00:00,941.23,,FEET
SHA,D,6,RES ELE,2022-04-02 00:00,2022-04-02 00:00,941.27,,FEET
SHA,D,6,RES ELE,2022-04-03 00:00,2022-04-03 00:00,941.34,,FEET
SHA,D,6,RES ELE,2022-04-04 00:00,2022-04-04 00:00,941.45,,FEET
SHA,D,6,RES ELE,2022-04-05 00:00,2022-04-05 00:00,941.42,,FEET
SHA,D,6,RES ELE,2022-04-06 00:00,2022-04-06 00:00,941.39,,FEET
SHA,D,6,RES ELE,2022-04-07 00:00,2022-04-07 00:00,941.45,,FEET
SHA,D,6,RES ELE,2022-04-08 00:00,2022-04-08 00:00,941.55,,FEET
SHA,D,6,RES ELE,2022-04-09 00:00,2022-04-09 00:00,941.56,,FEET
SHA,D,6,RES ELE,2022-04-10 00:00,2022-04-10 00:00,941.53,,FEET
SHA,D,6,RES ELE,2022-04-11 00:00,2022-04-11 00:00,941.46,,FEET
SHA,D,6,RES ELE,2022-04-12 00:00,2022-04-12 00:00,941.55,,FEET
SHA,D,6,RES ELE,2022-04-13 00:00,2022-04-13 00:00,941.74,,FEET
SHA,D,6,RES ELE,2022-04-14 00:00,2022-04-14 00:00,942.02,,FEET
SHA,D,6,RES ELE,2022-04-15 00:00,2022-04-15 00:00,942.03,,FEET
SHA,D,6,RES ELE,2022-04-16 00:00,2022-04-16 00:00,942.25,,FEET
SHA,D,6,RES ELE,2022-04-17 00:00,2022-04-17 00:00,942.33,,FEET
SHA,D,6,RES ELE,2022-04-18 00:00,2022-04-18 00:00,942.64,,FEET
SHA,D,6,RES ELE,2022-04-19 00:00,2022-04-19 00:00,942.92,,FEET
SHA,D,6,RES ELE,2022-04-20 00:00,2022-04-20 00:00,943.32,,FEET
SHA,D,6,RES ELE,2022-04-21 00:00,2022-04-21 00:00,943.65,,FEET
SHA,D,6,RES ELE,2022-04-22 00:00,2022-04-22 00:00,944.17,,FEET
SHA,D,6,RES ELE,2022-04-23 00:00,2022-04-23 00:00,944.27,,FEET
SHA,D,6,RES ELE,2022-04-24 00:00,2022-04-24 00:00,944.61,,FEET
SHA,D,6,RES ELE,2022-04-25 00:00,2022-04-25 00:00,944.72,,FEET
SHA,D,6,RES ELE,2022-04-26 00:00,2022-04-26 00:00,944.86,,FEET
SHA,D,6,RES ELE,2022-04-27 00:00,2022-04-27 00:00,945.13,,FEET
SHA,D,6,RES ELE,2022-04-28 00:00,2022-04-28 00:00,945.41,,FEET
SHA,D,6,RES ELE,2022-04-29 00:00,2022-04-29 00:00,945.62,,FEET
SHA,D,6,RES ELE,2022-04-30 00:00,2022-04-30 00:00,945.77,,FEET
SHA,D,6,RES ELE,2022-05-01 00:00,2022-05-01 00:00,945.84,,FEET
SHA,D,6,RES ELE,2022-05-02 00:00,2022-05-02 00:00,945.85,,FEET
SHA,D,6,RES ELE,2022-05-03 00:00,2022-05-03 00:00,945.92,,FEET
SHA,D,6,RES ELE,2022-05-04 00:00,2022-05-04 00:00,946.03,,FEET
SHA,D,6,RES ELE,2022-05-05 00:00,2022-05-05 00:00,946.44,,FEET
SHA,D,6,RES ELE,2022-05-06 00:00,2022-05-06 00:00,946.34,,FEET
SHA,D,6,RES ELE,2022-05-07 00:00,2022-05-07 00:00,946.28,,FEET
SHA,D,6,RES ELE,2022-05-08 00:00,2022-05-08 00:00,946.26,,FEET
SHA,D,6,RES ELE,2022-05-09 00:00,2022-05-09 00:00,946.57,,FEET
SHA,D,6,RES ELE,2022-05-10 00:00,2022-05-10 00:00,946.58,,FEET
SHA,D,6,RES ELE,2022-05-11 00:00,2022-05-11 00:00,946.53,,FEET
SHA,D,6,RES ELE,2022-05-12 00:00,2022-05-12 00:00,946.57,,FEET
SHA,D,6,RES ELE,2022-05-13 00:00,2022-05-13 00:00,946.65,,FEET
SHA,D,6,RES ELE,2022-05-14 00:00,2022-05-14 00:00,946.78,,FEET
SHA,D,6,RES ELE,2022-05-15 00:00,2022-05-15 00:00,946.75,,FEET
SHA,D,6,RES ELE,2022-05-16 00:00,2022-05-16 00:00,946.70,,FEET
SHA,D,6,RES ELE,2022-05-17 00:00,2022-05-17 00:00,946.67,,FEET
SHA,D,6,RES ELE,2022-05-18 00:00,2022-05-18 00:00,946.66,,FEET
SHA,D,6,RES ELE,2022-05-19 00:00,2022-05-19 00:00,946.63,,FEET
SHA,D,6,RES ELE,2022-05-20 00:00,2022-05-20 00:00,946.95,,FEET
SHA,D,6,RES ELE,2022-05-21 00:00,2022-05-21 00:00,946.95,,FEET
SHA,D,6,RES ELE,2022-05-22 00:00,2022-05-22 00:00,946.85,,FEET
SHA,D,6,RES ELE,2022-05-23 00:00,2022-05-23 00:00,946.67,,FEET
SHA,D,6,RES ELE,2022-05-24 00:00,2022-05-24 00:00,946.56,,FEET
SHA,D,6,RES ELE,2022-05-25 00:00,2022-05-25 00:00,946.45,,FEET
SHA,D,6,RES ELE,2022-05-26 00:00,2022-05-26 00:00,946.47,,FEET
SHA,D,6,RES ELE,2022-05-27 00:00,2022-05-27 00:00,946.39,,FEET
SHA,D,6,RES ELE,2022-05-28 00:00,2022-05-28 00:00,946.40,,FEET
SHA,D,6,RES ELE,2022-05-29 00:00,2022-05-29 00:00,946.25,,FEET
SHA,D,6,RES ELE,2022-05-30 00:00,2022-05-30 00:00,946.20,,FEET
SHA,D,6,RES ELE,2022-05-31 00:00,2022-05-31 00:00,946.20,,FEET
SHA,D,6,RES ELE,2022-06-01 00:00,2022-06-01 00:00,946.24,,FEET
SHA,D,6,RES ELE,2022-06-02 00:00,2022-06-02 00:00,946.40,,FEET
SHA,D,6,RES ELE,2022-06-03 00:00,2022-06-03 00:00,946.22,,FEET
SHA,D,6,RES ELE,2022-06-04 00:00,2022-06-04 00:00,946.26,,FEET
SHA,D,6,RES ELE,2022-06-05 00:00,2022-06-05 00:00,946.37,,FEET
SHA,D,6,RES ELE,2022-06-06 00:00,2022-06-06 00:00,946.20,,FEET
SHA,D,6,RES ELE,2022-06-07 00:00,2022-06-07 00:00,946.05,,FEET
SHA,D,6,RES ELE,2022-06-08 00:00,2022-06-08 00:00,945.95,,FEET
SHA,D,6,RES ELE,2022-06-09 00:00,2022-06-09 00:00,945.92,,FEET
SHA,D,6,RES ELE,2022-06-10 00:00,2022-06-10 00:00,945.84,,FEET
SHA,D,6,RES ELE,2022-06-11 00:00,2022-06-11 00:00,945.82,,FEET
SHA,D,6,RES ELE,2022-06-12 00:00,2022-06-12 00:00,945.86,,FEET
SHA,D,6,RES ELE,2022-06-13 00:00,2022-06-13 00:00,945.95,,FEET
SHA,D,6,RES ELE,2022-06-14 00:00,2022-06-14 00:00,945.81,,FEET
SHA,D,6,RES ELE,2022-06-15 00:00,2022-06-15 00:00,945.70,,FEET
SHA,D,6,RES ELE,2022-06-16 00:00,2022-06-16 00:00,945.58,,FEET
SHA,D,6,RES ELE,2022-06-17 00:00,2022-06-17 00:00,945.36,,FEET
SHA,D,6,RES ELE,2022-06-18 00:00,2022-06-18 00:00,945.49,,FEET
SHA,D,6,RES ELE,2022-06-19 00:00,2022-06-19 00:00,945.23,,FEET
SHA,D,6,RES ELE,2022-06-20 00:00,2022-06-20 00:00,945.13,,FEET
SHA,D,6,RES ELE,2022-06-21 00:00,2022-06-21 00:00,944.90,,FEET
SHA,D,6,RES ELE,2022-06-22 00:00,2022-06-22 00:00,944.99,,FEET
SHA,D,6,RES ELE,2022-06-23 00:00,2022-06-23 00:00,944.70,,FEET
SHA,D,6,RES ELE,2022-06-24 00:00,2022-06-24 00:00,944.66,,FEET
SHA,D,6,RES ELE,2022-06-25 00:00,2022-06-25 00:00,944.58,,FEET
SHA,D,6,RES ELE,2022-06-26 00:00,2022-06-26 00:00,944.28,,FEET
SHA,D,6,RES ELE,2022-06-27 00:00,2022-06-27 00:00,944.32,,FEET
SHA,D,6,RES ELE,2022-06-28 00:00,2022-06-28 00:00,943.92,,FEET
SHA,D,6,RES ELE,2022-06-29 00:00,2022-06-29 00:00,943.73,,FEET
SHA,D,6,RES ELE,2022-06-30 00:00,2022-06-30 00:00,943.82,,FEET
SHA,D,6,RES ELE,2022-07-01 00:00,2022-07-01 00:00,943.68,,FEET
SHA,D,6,RES ELE,2022-07-02 00:00,2022-07-02 00:00,943.50,,FEET
SHA,D,6,RES ELE,2022-07-03 00:00,2022-07-03 00:00,943.29,,FEET
SHA,D,6,RES ELE,2022-07-04 00:00,2022-07-04 00:00,943.07,,FEET
SHA,D,6,RES ELE,2022-07-05 00:00,2022-07-05 00:00,942.89,,FEET
SHA,D,6,RES ELE,2022-07-06 00:00,2022-07-06 00:00,942.76,,FEET
SHA,D,6,RES ELE,2022-07-07 00:00,2022-07-07 00:00,942.64,,FEET
SHA,D,6,RES ELE,2022-07-08 00:00,2022-07-08 00:00,942.44,,FEET
SHA,D,6,RES ELE,2022-07-09 00:00,2022-07-09 00:00,942.14,,FEET
SHA,D,6,RES ELE,2022-07-10 00:00,2022-07-10 00:00,941.93,,FEET
SHA,D,6,RES ELE,2022-07-11 00:00,2022-07-11 00:00,941.63,,FEET
SHA,D,6,RES ELE,2022-07-12 00:00,2022-07-12 00:00,941.47,,FEET
SHA,D,6,RES ELE,2022-07-13 00:00,2022-07-13 00:00,941.34,,FEET
SHA,D,6,RES ELE,2022-07-14 00:00,2022-07-14 00:00,941.22,,FEET
SHA,D,6,RES ELE,2022-07-15 00:00,2022-07-15 00:00,941.03,,FEET
SHA,D,6,RES ELE,2022-07-16 00:00,2022-07-16 00:00,940.80,,FEET
SHA,D,6,RES ELE,2022-07-17 00:00,2022-07-17 00:00,940.46,,FEET
SHA,D,6,RES ELE,2022-07-18 00:00,2022-07-18 00:00,940.39,,FEET
SHA,D,6,RES ELE,2022-07-19 00:00,2022-07-19 00:00,940.32,,FEET
SHA,D,6,RES ELE,2022-07-20 00:00,2022-07-20 00:00,940.20,,FEET
SHA,D,6,RES ELE,2022-07-21 00:00,2022-07-21 00:00,939.93,,FEET
SHA,D,6,RES ELE,2022-07-22 00:00,2022-07-22 00:00,939.75,,FEET
SHA,D,6,RES ELE,2022-07-23 00:00,2022-07-23 00:00,939.51,,FEET
SHA,D,6,RES ELE,2022-07-24 00:00,2022-07-24 00:00,939.25,,FEET
SHA,D,6,RES ELE,2022-07-25 00:00,2022-07-25 00:00,939.08,,FEET
SHA,D,6,RES ELE,2022-07-26 00:00,2022-07-26 00:00,938.89,,FEET
SHA,D,6,RES ELE,2022-07-27 00:00,2022-07-27 00:00,938.70,,FEET
SHA,D,6,RES ELE,2022-07-28 00:00,2022-07-28 00:00,938.51,,FEET
SHA,D,6,RES ELE,2022-07-29 00:00,2022-07-29 00:00,938.23,,FEET
SHA,D,6,RES ELE,2022-07-30 00:00,2022-07-30 00:00,937.99,,FEET
SHA,D,6,RES ELE,2022-07-31 00:00,2022-07-31 00:00,937.80,,FEET
SHA,D,6,RES ELE,2022-08-01 00:00,2022-08-01 00:00,937.66,,FEET
SHA,D,6,RES ELE,2022-08-02 00:00,2022-08-02 00:00,937.41,,FEET
SHA,D,6,RES ELE,2022-08-03 00:00,2022-08-03 00:00,937.17,,FEET
SHA,D,6,RES ELE,2022-08-04 00:00,2022-08-04 00:00,936.87,,FEET
SHA,D,6,RES ELE,2022-08-05 00:00,2022-08-05 00:00,936.81,,FEET
SHA,D,6,RES ELE,2022-08-06 00:00,2022-08-06 00:00,936.63,,FEET
SHA,D,6,RES ELE,2022-08-07 00:00,2022-08-07 00:00,936.38,,FEET
SHA,D,6,RES ELE,2022-08-08 00:00,2022-08-08 00:00,936.22,,FEET
SHA,D,6,RES ELE,2022-08-09 00:00,2022-08-09 00:00,936.02,,FEET
SHA,D,6,RES ELE,2022-08-10 00:00,2022-08-10 00:00,935.78,,FEET
SHA,D,6,RES ELE,2022-08-11 00:00,2022-08-11 00:00,935.61,,FEET
SHA,D,6,RES ELE,2022-08-12 00:00,2022-08-12 00:00,935.38,,FEET
SHA,D,6,RES ELE,2022-08-13 00:00,2022-08-13 00:00,935.13,,FEET
SHA,D,6,RES ELE,2022-08-14 00:00,2022-08-14 00:00,934.83,,FEET
SHA,D,6,RES ELE,2022-08-15 00:00,2022-08-15 00:00,934.62,,FEET
SHA,D,6,RES ELE,2022-08-16 00:00,2022-08-16 00:00,934.46,,FEET
SHA,D,6,RES ELE,2022-08-17 00:00,2022-08-17 00:00,934.27,,FEET
SHA,D,6,RES ELE,2022-08-18 00:00,2022-08-18 00:00,934.12,,FEET
SHA,D,6,RES ELE,2022-08-19 00:00,2022-08-19 00:00,933.91,,FEET
SHA,D,6,RES ELE,2022-08-20 00:00,2022-08-20 00:00,933.70,,FEET
SHA,D,6,RES ELE,2022-08-21 00:00,2022-08-21 00:00,933.49,,FEET
SHA,D,6,RES ELE,2022-08-22 00:00,2022-08-22 00:00,933.18,,FEET
SHA,D,6,RES ELE,2022-08-23 00:00,2022-08-23 00:00,932.91,,FEET
SHA,D,6,RES ELE,2022-08-24 00:00,2022-08-24 00:00,932.79,,FEET
SHA,D,6,RES ELE,2022-08-25 00:00,2022-08-25 00:00,932.75,,FEET
SHA,D,6,RES ELE,2022-08-26 00:00,2022-08-26 00:00,932.63,,FEET
SHA,D,6,RES ELE,2022-08-27 00:00,2022-08-27 00:00,932.31,,FEET
SHA,D,6,RES ELE,2022-08-28 00:00,2022-08-28 00:00,932.04,,FEET
SHA,D,6,RES ELE,2022-08-29 00:00,2022-08-29 00:00,931.90,,FEET
SHA,D,6,RES ELE,2022-08-30 00:00,2022-08-30 00:00,931.76,,FEET
SHA,D,6,RES ELE,2022-08-31 00:00,2022-08-31 00:00,931.63,,FEET
SHA,D,6,RES ELE,2022-09-01 00:00,2022-09-01 00:00,931.32,,FEET
SHA,D,6,RES ELE,2022-09-02 00:00,2022-09-02 00:00,931.09,,FEET
SHA,D,6,RES ELE,2022-09-03 00:00,2022-09-03 00:00,930.87,,FEET
SHA,D,6,RES ELE,2022-09-04 00:00,2022-09-04 00:00,930.67,,FEET
SHA,D,6,RES ELE,2022-09-05 00:00,2022-09-05 00:00,930.38,,FEET
SHA,D,6,RES ELE,2022-09-06 00:00,2022-09-06 00:00,929.99,,FEET
SHA,D,6,RES ELE,2022-09-07 00:00,2022-09-07 00:00,929.93,,FEET
SHA,D,6,RES ELE,2022-09-08 00:00,2022-09-08 00:00,929.80,,FEET
SHA,D,6,RES ELE,2022-09-09 00:00,2022-09-09 00:00,929.53,,FEET
SHA,D,6,RES ELE,2022-09-10 00:00,2022-09-10 00:00,929.35,,FEET
SHA,D,6,RES ELE,2022-09-11 00:00,2022-09-11 00:00,929.10,,FEET
SHA,D,6,RES ELE,2022-09-12 00:00,2022-09-12 00:00,928.88,,FEET
SHA,D,6,RES ELE,2022-09-13 00:00,2022-09-13 00:00,928.87,,FEET
SHA,D,6,RES ELE,2022-09-14 00:00,2022-09-14 00:00,928.63,,FEET
SHA,D,6,RES ELE,2022-09-15 00:00,2022-09-15 00:00,928.34,,FEET
SHA,D,6,RES ELE,2022-09-16 00:00,2022-09-16 00:00,928.10,,FEET
SHA,D,6,RES ELE,2022-09-17 00:00,2022-09-17 00:00,927.97,,FEET
SHA,D,6,RES ELE,2022-09-18 00:00,2022-09-18 00:00,927.79,,FEET
SHA,D,6,RES ELE,2022-09-19 00:00,2022-09-19 00:00,927.67,,FEET
SHA,D,6,RES ELE,2022-09-20 00:00,2022-09-20 00:00,927.51,,FEET
SHA,D,6,RES ELE,2022-09-21 00:00,2022-09-21 00:00,927.29,,FEET
SHA,D,6,RES ELE,2022-09-22 00:00,2022-09-22 00:00,927.10,,FEET
SHA,D,6,RES ELE,2022-09-23 00:00,2022-09-23 00:00,926.86,,FEET
SHA,D,6,RES ELE,2022-09-24 00:00,2022-09-24 00:00,926.89,,FEET
SHA,D,6,RES ELE,2022-09-25 00:00,2022-09-25 00:00,926.83,,FEET
SHA,D,6,RES ELE,2022-09-26 00:00,2022-09-26 00:00,926.70,,FEET
SHA,D,6,RES ELE,2022-09-27 00:00,2022-09-27 00:00,926.69,,FEET
SHA,D,6,RES ELE,2022-09-28 00:00,2022-09-28 00:00,926.65,,FEET
SHA,D,6,RES ELE,2022-09-29 00:00,2022-09-29 00:00,926.50,,FEET
SHA,D,6,RES ELE,2022-09-30 00:00,2022-09-30 00:00,926.46,,FEET
SHA,D,6,RES ELE,2022-10-01 00:00,2022-10-01 00:00,926.30,,FEET
SHA,D,6,RES ELE,2022-10-02 00:00,2022-10-02 00:00,926.04,,FEET
SHA,D,6,RES ELE,2022-10-03 00:00,2022-10-03 00:00,925.94,,FEET
SHA,D,6,RES ELE,2022-10-04 00:00,2022-10-04 00:00,925.78,,FEET
SHA,D,6,RES ELE,2022-10-05 00:00,2022-10-05 00:00,925.38,,FEET
SHA,D,6,RES ELE,2022-10-06 00:00,2022-10-06 00:00,925.10,,FEET
SHA,D,6,RES ELE,2022-10-07 00:00,2022-10-07 00:00,924.77,,FEET
SHA,D,6,RES ELE,2022-10-08 00:00,2022-10-08 00:00,924.50,,FEET
SHA,D,6,RES ELE,2022-10-09 00:00,2022-10-09 00:00,924.24,,FEET
SHA,D,6,RES ELE,2022-10-10 00:00,2022-10-10 00:00,923.95,,FEET
SHA,D,6,RES ELE,2022-10-11 00:00,2022-10-11 00:00,923.83,,FEET
SHA,D,6,RES ELE,2022-10-12 00:00,2022-10-12 00:00,923.47,,FEET
SHA,D,6,RES ELE,2022-10-13 00:00,2022-10-13 00:00,923.25,,FEET
SHA,D,6,RES ELE,2022-10-14 00:00,2022-10-14 00:00,922.98,,FEET
SHA,D,6,RES ELE,2022-10-15 00:00,2022-10-15 00:00,922.69,,FEET
SHA,D,6,RES ELE,2022-10-16 00:00,2022-10-16 00:00,922.40,,FEET
SHA,D,6,RES ELE,2022-10-17 00:00,2022-10-17 00:00,922.24,,FEET
SHA,D,6,RES ELE,2022-10-18 00:00,2022-10-18 00:00,922.09,,FEET
SHA,D,6,RES ELE,2022-10-19 00:00,2022-10-19 00:00,921.89,,FEET
SHA,D,6,RES ELE,2022-10-20 00:00,2022-10-20 00:00,921.65,,FEET
SHA,D,6,RES ELE,2022-10-21 00:00,2022-10-21 00:00,921.37,,FEET
SHA,D,6,RES ELE,2022-10-22 00:00,2022-10-22 00:00,921.07,,FEET
SHA,D,6,RES ELE,2022-10-23 00:00,2022-10-23 00:00,920.85,,FEET
SHA,D,6,RES ELE,2022-10-24 00:00,2022-10-24 00:00,920.70,,FEET
SHA,D,6,RES ELE,2022-10-25 00:00,2022-10-25 00:00,920.50,,FEET
SHA,D,6,RES ELE,2022-10-26 00:00,2022-10-26 00:00,920.24,,FEET
SHA,D,6,RES ELE,2022-10-27 00:00,2022-10-27 00:00,920.03,,FEET
SHA,D,6,RES ELE,2022-10-28 00:00,2022-10-28 00:00,919.88,,FEET
SHA,D,6,RES ELE,2022-10-29 00:00,2022-10-29 00:00,919.75,,FEET
SHA,D,6,RES ELE,2022-10-30 00:00,2022-10-30 00:00,919.48,,FEET
SHA,D,6,RES ELE,2022-10-31 00:00,2022-10-31 00:00,919.23,,FEET
SHA,D,6,RES ELE,2022-11-01 00:00,2022-11-01 00:00,919.02,,FEET
SHA,D,6,RES ELE,2022-11-02 00:00,2022-11-02 00:00,918.95,,FEET
SHA,D,6,RES ELE,2022-11-03 00:00,2022-11-03 00:00,918.85,,FEET
SHA,D,6,RES ELE,2022-11-04 00:00,2022-11-04 00:00,918.63,,FEET
SHA,D,6,RES ELE,2022-11-05 00:00,2022-11-05 00:00,918.38,,FEET
SHA,D,6,RES ELE,2022-11-06 00:00,2022-11-06 00:00,918.22,,FEET
SHA,D,6,RES ELE,2022-11-07 00:00,2022-11-07 00:00,918.15,,FEET
SHA,D,6,RES ELE,2022-11-08 00:00,2022-11-08 00:00,918.24,,FEET
SHA,D,6,RES ELE,2022-11-09 00:00,2022-11-09 00:00,918.29,,FEET
SHA,D,6,RES ELE,2022-11-10 00:00,2022-11-10 00:00,918.17,,FEET
SHA,D,6,RES ELE,2022-11-11 00:00,2022-11-11 00:00,918.06,,FEET
SHA,D,6,RES ELE,2022-11-12 00:00,2022-11-12 00:00,917.97,,FEET
SHA,D,6,RES ELE,2022-11-13 00:00,2022-11-13 00:00,917.93,,FEET
SHA,D,6,RES ELE,2022-11-14 00:00,2022-11-14 00:00,917.93,,FEET
SHA,D,6,RES ELE,2022-11-15 00:00,2022-11-15 00:00,917.92,,FEET
SHA,D,6,RES ELE,2022-11-16 00:00,2022-11-16 00:00,917.82,,FEET
SHA,D,6,RES ELE,2022-11-17 00:00,2022-11-17 00:00,918.01,,FEET
SHA,D,6,RES ELE,2022-11-18 00:00,2022-11-18 00:00,917.94,,FEET
SHA,D,6,RES ELE,2022-11-19 00:00,2022-11-19 00:00,917.93,,FEET
SHA,D,6,RES ELE,2022-11-20 00:00,2022-11-20 00:00,918.10,,FEET
SHA,D,6,RES ELE,2022-11-21 00:00,2022-11-21 00:00,918.18,,FEET
SHA,D,6,RES ELE,2022-11-22 00:00,2022-11-22 00:00,918.23,,FEET
SHA,D,6,RES ELE,2022-11-23 00:00,2022-11-23 00:00,918.37,,FEET
SHA,D,6,RES ELE,2022-11-24 00:00,2022-11-24 00:00,918.48,,FEET
SHA,D,6,RES ELE,2022-11-25 00:00,2022-11-25 00:00,918.62,,FEET
SHA,D,6,RES ELE,2022-11-26 00:00,2022-11-26 00:00,918.53,,FEET
SHA,D,6,RES ELE,2022-11-27 00:00,2022-11-27 00:00,918.48,,FEET
SHA,D,6,RES ELE,2022-11-28 00:00,2022-11-28 00:00,918.57,,FEET
SHA,D,6,RES ELE,2022-11-29 00:00,2022-11-29 00:00,918.33,,FEET
SHA,D,6,RES ELE,2022-11-30 00:00,2022-11-30 00:00,918.10,,FEET
SHA,D,6,RES ELE,2022-12-01 00:00,2022-12-01 00:00,918.24,,FEET
SHA,D,6,RES ELE,2022-12-02 00:00,2022-12-02 00:00,918.29,,FEET
SHA,D,6,RES ELE,2022-12-03 00:00,2022-12-03 00:00,918.69,,FEET
SHA,D,6,RES ELE,2022-12-04 00:00,2022-12-04 00:00,918.59,,FEET
SHA,D,6,RES ELE,2022-12-05 00:00,2022-12-05 00:00,918.88,,FEET
SHA,D,6,RES ELE,2022-12-06 00:00,2022-12-06 00:00,918.90,,FEET
SHA,D,6,RES ELE,2022-12-07 00:00,2022-12-07 00:00,918.89,,FEET
SHA,D,6,RES ELE,2022-12-08 00:00,2022-12-08 00:00,919.05,,FEET
SHA,D,6,RES ELE,2022-12-09 00:00,2022-12-09 00:00,919.14,,FEET
SHA,D,6,RES ELE,2022-12-10 00:00,2022-12-10 00:00,920.02,,FEET
SHA,D,6,RES ELE,2022-12-11 00:00,2022-12-11 00:00,920.51,,FEET
SHA,D,6,RES ELE,2022-12-12 00:00,2022-12-12 00:00,920.79,,FEET
SHA,D,6,RES ELE,2022-12-13 00:00,2022-12-13 00:00,920.95,,FEET
SHA,D,6,RES ELE,2022-12-14 00:00,2022-12-14 00:00,921.06,,FEET
SHA,D,6,RES ELE,2022-12-15 00:00,2022-12-15 00:00,920.96,,FEET
SHA,D,6,RES ELE,2022-12-16 00:00,2022-12-16 00:00,921.02,,FEET
SHA,D,6,RES ELE,2022-12-17 00:00,2022-12-17 00:00,921.04,,FEET
SHA,D,6,RES ELE,2022-12-18 00:00,2022-12-18 00:00,920.92,,FEET
SHA,D,6,RES ELE,2022-12-19 00:00,2022-12-19 00:00,921.01,,FEET
SHA,D,6,RES ELE,2022-12-20 00:00,2022-12-20 00:00,920.98,,FEET
SHA,D,6,RES ELE,2022-12-21 00:00,2022-12-21 00:00,921.12,,FEET
SHA,D,6,RES ELE,2022-12-22 00:00,2022-12-22 00:00,921.15,,FEET
SHA,D,6,RES ELE,2022-12-23 00:00,2022-12-23 00:00,921.19,,FEET
SHA,D,6,RES ELE,2022-12-24 00:00,2022-12-24 00:00,921.20,,FEET
SHA,D,6,RES ELE,2022-12-25 00:00,2022-12-25 00:00,921.22,,FEET
SHA,D,6,RES ELE,2022-12-26 00:00,2022-12-26 00:00,921.23,,FEET
SHA,D,6,RES ELE,2022-12-27 00:00,2022-12-27 00:00,922.64,,FEET
SHA,D,6,RES ELE,2022-12-28 00:00,2022-12-28 00:00,923.42,,FEET
SHA,D,6,RES ELE,2022-12-29 00:00,2022-12-29 00:00,924.23,,FEET
SHA,D,6,RES ELE,2022-12-30 00:00,2022-12-30 00:00,925.63,,FEET
SHA,D,6,RES ELE,2022-12-31 00:00,2022-12-31 00:00,927.06,,FEET
SHA,D,6,RES ELE,2023-01-01 00:00,2023-01-01 00:00,928.21,,FEET
SHA,D,6,RES ELE,2023-01-02 00:00,2023-01-02 00:00,928.67,,FEET
SHA,D,6,RES ELE,2023-01-03 00:00,2023-01-03 00:00,928.95,,FEET
SHA,D,6,RES ELE,2023-01-04 00:00,2023-01-04 00:00,929.71,,FEET
SHA,D,6,RES ELE,2023-01-05 00:00,2023-01-05 00:00,932.69,,FEET
SHA,D,6,RES ELE,2023-01-06 00:00,2023-01-06 00:00,935.12,,FEET
SHA,D,6,RES ELE,2023-01-07 00:00,2023-01-07 00:00,938.35,,FEET
SHA,D,6,RES ELE,2023-01-08 00:00,2023-01-08 00:00,943.28,,FEET
SHA,D,6,RES ELE,2023-01-09 00:00,2023-01-09 00:00,948.88,,FEET
SHA,D,6,RES ELE,2023-01-10 00:00,2023-01-10 00:00,953.00,,FEET
SHA,D,6,RES ELE,2023-01-11 00:00,2023-01-11 00:00,957.02,,FEET
SHA,D,6,RES ELE,2023-01-12 00:00,2023-01-12 00:00,961.29,,FEET
SHA,D,6,RES ELE,2023-01-13 00:00,2023-01-13 00:00,965.09,,FEET
SHA,D,6,RES ELE,2023-01-14 00:00,2023-01-14 00:00,970.51,,FEET
SHA,D,6,RES ELE,2023-01-15 00:00,2023-01-15 00:00,974.43,,FEET
SHA,D,6,RES ELE,2023-01-16 00:00,2023-01-16 00:00,976.98,,FEET
SHA,D,6,RES ELE,2023-01-17 00:00,2023-01-17 00:00,978.80,,FEET
SHA,D,6,RES ELE,2023-01-18 00:00,2023-01-18 00:00,980.13,,FEET
SHA,D,6,RES ELE,2023-01-19 00:00,2023-01-19 00:00,981.01,,FEET
SHA,D,6,RES ELE,2023-01-20 00:00,2023-01-20 00:00,981.77,,FEET
SHA,D,6,RES ELE,2023-01-21 00:00,2023-01-21 00:00,982.38,,FEET
SHA,D,6,RES ELE,2023-01-22 00:00,2023-01-22 00:00,983.18,,FEET
SHA,D,6,RES ELE,2023-01-23 00:00,2023-01-23 00:00,983.87,,FEET
SHA,D,6,RES ELE,2023-01-24 00:00,2023-01-24 00:00,984.53,,FEET
SHA,D,6,RES ELE,2023-01-25 00:00,2023-01-25 00:00,985.09,,FEET
SHA,D,6,RES ELE,2023-01-26 00:00,2023-01-26 00:00,985.59,,FEET
SHA,D,6,RES ELE,2023-01-27 00:00,2023-01-27 00:00,986.12,,FEET
SHA,D,6,RES ELE,2023-01-28 00:00,2023-01-28 00:00,986.53,,FEET
SHA,D,6,RES ELE,2023-01-29 00:00,2023-01-29 00:00,987.01,,FEET
SHA,D,6,RES ELE,2023-01-30 00:00,2023-01-30 00:00,987.59,,FEET
SHA,D,6,RES ELE,2023-01-31 00:00,2023-01-31 00:00,987.74,,FEET
SHA,D,6,RES ELE,2023-02-01 00:00,2023-02-01 00:00,987.92,,FEET
SHA,D,6,RES ELE,2023-02-02 00:00,2023-02-02 00:00,988.21,,FEET
SHA,D,6,RES ELE,2023-02-03 00:00,2023-02-03 00:00,988.58,,FEET
SHA,D,6,RES ELE,2023-02-04 00:00,2023-02-04 00:00,988.88,,FEET
SHA,D,6,RES ELE,2023-02-05 00:00,2023-02-05 00:00,989.23,,FEET
SHA,D,6,RES ELE,2023-02-06 00:00,2023-02-06 00:00,989.69,,FEET
SHA,D,6,RES ELE,2023-02-07 00:00,2023-02-07 00:00,990.06,,FEET
SHA,D,6,RES ELE,2023-02-08 00:00,2023-02-08 00:00,990.38,,FEET
SHA,D,6,RES ELE,2023-02-09 00:00,2023-02-09 00:00,990.67,,FEET
SHA,D,6,RES ELE,2023-02-10 00:00,2023-02-10 00:00,991.05,,FEET
SHA,D,6,RES ELE,2023-02-11 00:00,2023-02-11 00:00,991.30,,FEET
SHA,D,6,RES ELE,2023-02-12 00:00,2023-02-12 00:00,991.48,,FEET
SHA,D,6,RES ELE,2023-02-13 00:00,2023-02-13 00:00,991.79,,FEET
SHA,D,6,RES ELE,2023-02-14 00:00,2023-02-14 00:00,992.05,,FEET
SHA,D,6,RES ELE,2023-02-15 00:00,2023-02-15 00:00,992.29,,FEET
SHA,D,6,RES ELE,2023-02-16 00:00,2023-02-16 00:00,992.49,,FEET
SHA,D,6,RES ELE,2023-02-17 00:00,2023-02-17 00:00,992.74,,FEET
SHA,D,6,RES ELE,2023-02-18 00:00,2023-02-18 00:00,992.80,,FEET
SHA,D,6,RES ELE,2023-02-19 00:00,2023-02-19 00:00,992.86,,FEET
SHA,D,6,RES ELE,2023-02-20 00:00,2023-02-20 00:00,992.99,,FEET
SHA,D,6,RES ELE,2023-02-21 00:00,2023-02-21 00:00,993.30,,FEET
SHA,D,6,RES ELE,2023-02-22 00:00,2023-02-22 00:00,993.46,,FEET
SHA,D,6,RES ELE,2023-02-23 00:00,2023-02-23 00:00,993.89,,FEET
SHA,D,6,RES ELE,2023-02-24 00:00,2023-02-24 00:00,994.59,,FEET
SHA,D,6,RES ELE,2023-02-25 00:00,2023-02-25 00:00,994.96,,FEET
SHA,D,6,RES ELE,2023-02-26 00:00,2023-02-26 00:00,995.28,,FEET
SHA,D,6,RES ELE,2023-02-27 00:00,2023-02-27 00:00,995.61,,FEET
SHA,D,6,RES ELE,2023-02-28 00:00,2023-02-28 00:00,996.22,,FEET
SHA,D,6,RES ELE,2023-03-01 00:00,2023-03-01 00:00,996.52,,FEET
SHA,D,6,RES ELE,2023-03-02 00:00,2023-03-02 00:00,996.67,,FEET
SHA,D,6,RES ELE,2023-03-03 00:00,2023-03-03 00:00,996.78,,FEET
SHA,D,6,RES ELE,2023-03-04 00:00,2023-03-04 00:00,996.93,,FEET
SHA,D,6,RES ELE,2023-03-05 00:00,2023-03-05 00:00,997.25,,FEET
SHA,D,6,RES ELE,2023-03-06 00:00,2023-03-06 00:00,997.71,,FEET
SHA,D,6,RES ELE,2023-03-07 00:00,2023-03-07 00:00,998.24,,FEET
SHA,D,6,RES ELE,2023-03-08 00:00,2023-03-08 00:00,998.75,,FEET
SHA,D,6,RES ELE,2023-03-09 00:00,2023-03-09 00:00,999.60,,FEET
SHA,D,6,RES ELE,2023-03-10 00:00,2023-03-10 00:00,1000.88,,FEET
SHA,D,6,RES ELE,2023-03-11 00:00,2023-03-11 00:00,1001.72,,FEET
SHA,D,6,RES ELE,2023-03-12 00:00,2023-03-12 00:00,1002.55,,FEET
SHA,D,6,RES ELE,2023-03-13 00:00,2023-03-13 00:00,1005.60,,FEET
SHA,D,6,RES ELE,2023-03-14 00:00,2023-03-14 00:00,1012.01,,FEET
SHA,D,6,RES ELE,2023-03-15 00:00,2023-03-15 00:00,1016.03,,FEET
SHA,D,6,RES ELE,2023-03-16 00:00,2023-03-16 00:00,1018.38,,FEET
SHA,D,6,RES ELE,2023-03-17 00:00,2023-03-17 00:00,1020.32,,FEET
SHA,D,6,RES ELE,2023-03-18 00:00,2023-03-18 00:00,1022.18,,FEET
SHA,D,6,RES ELE,2023-03-19 00:00,2023-03-19 00:00,1024.39,,FEET
SHA,D,6,RES ELE,2023-03-20 00:00,2023-03-20 00:00,1026.80,,FEET
SHA,D,6,RES ELE,2023-03-21 00:00,2023-03-21 00:00,1028.70,,FEET
SHA,D,6,RES ELE,2023-03-22 00:00,2023-03-22 00:00,1030.12,,FEET
SHA,D,6,RES ELE,2023-03-23 00:00,2023-03-23 00:00,1031.30,,FEET
SHA,D,6,RES ELE,2023-03-24 00:00,2023-03-24 00:00,1032.43,,FEET
SHA,D,6,RES ELE,2023-03-25 00:00,2023-03-25 00:00,1033.46,,FEET
SHA,D,6,RES ELE,2023-03-26 00:00,2023-03-26 00:00,1034.33,,FEET
SHA,D,6,RES ELE,2023-03-27 00:00,2023-03-27 00:00,1035.15,,FEET
SHA,D,6,RES ELE,2023-03-28 00:00,2023-03-28 00:00,1036.26,,FEET
SHA,D,6,RES ELE,2023-03-29 00:00,2023-03-29 00:00,1037.26,,FEET
SHA,D,6,RES ELE,2023-03-30 00:00,2023-03-30 00:00,1038.20,,FEET
SHA,D,6,RES ELE,2023-03-31 00:00,2023-03-31 00:00,1039.18,,FEET
SHA,D,6,RES ELE,2023-04-01 00:00,2023-04-01 00:00,1040.14,,FEET
SHA,D,6,RES ELE,2023-04-02 00:00,2023-04-02 00:00,1041.11,,FEET
SHA,D,6,RES ELE,2023-04-03 00:00,2023-04-03 00:00,1041.94,,FEET
SHA,D,6,RES ELE,2023-04-04 00:00,2023-04-04 00:00,1042.58,,FEET
SHA,D,6,RES ELE,2023-04-05 00:00,2023-04-05 00:00,1043.24,,FEET
SHA,D,6,RES ELE,2023-04-06 00:00,2023-04-06 00:00,1043.86,,FEET
SHA,D,6,RES ELE,2023-04-07 00:00,2023-04-07 00:00,1045.02,,FEET
SHA,D,6,RES ELE,2023-04-08 00:00,2023-04-08 00:00,1046.31,,FEET
SHA,D,6,RES ELE,2023-04-09 00:00,2023-04-09 00:00,1047.51,,FEET
SHA,D,6,RES ELE,2023-04-10 00:00,2023-04-10 00:00,1048.70,,FEET
SHA,D,6,RES ELE,2023-04-11 00:00,2023-04-11 00:00,1049.90,,FEET
SHA,D,6,RES ELE,2023-04-12 00:00,2023-04-12 00:00,1050.89,,FEET
SHA,D,6,RES ELE,2023-04-13 00:00,2023-04-13 00:00,1052.11,,FEET
SHA,D,6,RES ELE,2023-04-14 00:00,2023-04-14 00:00,1053.17,,FEET
SHA,D,6,RES ELE,2023-04-15 00:00,2023-04-15 00:00,1054.21,,FEET
SHA,D,6,RES ELE,2023-04-16 00:00,2023-04-16 00:00,1055.03,,FEET
SHA,D,6,RES ELE,2023-04-17 00:00,2023-04-17 00:00,1055.76,,FEET
SHA,D,6,RES ELE,2023-04-18 00:00,2023-04-18 00:00,1056.55,,FEET
SHA,D,6,RES ELE,2023-04-19 00:00,2023-04-19 00:00,1057.19,,FEET
SHA,D,6,RES ELE,2023-04-20 00:00,2023-04-20 00:00,1057.87,,FEET
SHA,D,6,RES ELE,2023-04-21 00:00,2023-04-21 00:00,1058.42,,FEET
SHA,D,6,RES ELE,2023-04-22 00:00,2023-04-22 00:00,1058.93,,FEET
SHA,D,6,RES ELE,2023-04-23 00:00,2023-04-23 00:00,1059.52,,FEET
SHA,D,6,RES ELE,2023-04-24 00:00,2023-04-24 00:00,1060.02,,FEET
SHA,D,6,RES ELE,2023-04-25 00:00,2023-04-25 00:00,1060.40,,FEET
SHA,D,6,RES ELE,2023-04-26 00:00,2023-04-26 00:00,1060.72,,FEET
SHA,D,6,RES ELE,2023-04-27 00:00,2023-04-27 00:00,1061.84,,FEET
SHA,D,6,RES ELE,2023-04-28 00:00,2023-04-28 00:00,1062.12,,FEET
SHA,D,6,RES ELE,2023-04-29 00:00,2023-04-29 00:00,1062.48,,FEET
SHA,D,6,RES ELE,2023-04-30 00:00,2023-04-30 00:00,1062.87,,FEET
SHA,D,6,RES ELE,2023-05-01 00:00,2023-05-01 00:00,1063.29,,FEET
SHA,D,6,RES ELE,2023-05-02 00:00,2023-05-02 00:00,1063.49,,FEET
SHA,D,6,RES ELE,2023-05-03 00:00,2023-05-03 00:00,1063.69,,FEET
SHA,D,6,RES ELE,2023-05-04 00:00,2023-05-04 00:00,1063.69,,FEET
SHA,D,6,RES ELE,2023-05-05 00:00,2023-05-05 00:00,1063.75,,FEET
SHA,D,6,RES ELE,2023-05-06 00:00,2023-05-06 00:00,1063.85,,FEET
SHA,D,6,RES ELE,2023-05-07 00:00,2023-05-07 00:00,1063.83,,FEET
SHA,D,6,RES ELE,2023-05-08 00:00,2023-05-08 00:00,1063.79,,FEET
SHA,D,6,RES ELE,2023-05-09 00:00,2023-05-09 00:00,1063.81,,FEET
SHA,D,6,RES ELE,2023-05-10 00:00,2023-05-10 00:00,1063.66,,FEET
SHA,D,6,RES ELE,2023-05-11 00:00,2023-05-11 00:00,1063.63,,FEET
SHA,D,6,RES ELE,2023-05-12 00:00,2023-05-12 00:00,1063.54,,FEET
SHA,D,6,RES ELE,2023-05-13 00:00,2023-05-13 00:00,1063.56,,FEET
SHA,D,6,RES ELE,2023-05-14 00:00,2023-05-14 00:00,1063.58,,FEET
SHA,D,6,RES ELE,2023-05-15 00:00,2023-05-15 00:00,1063.60,,FEET
SHA,D,6,RES ELE,2023-05-16 00:00,2023-05-16 00:00,1063.55,,FEET
SHA,D,6,RES ELE,2023-05-17 00:00,2023-05-17 00:00,1063.64,,FEET
SHA,D,6,RES ELE,2023-05-18 00:00,2023-05-18 00:00,1063.65,,FEET
SHA,D,6,RES ELE,2023-05-19 00:00,2023-05-19 00:00,1063.75,,FEET
SHA,D,6,RES ELE,2023-05-20 00:00,2023-05-20 00:00,1063.70,,FEET
SHA,D,6,RES ELE,2023-05-21 00:00,2023-05-21 00:00,1063.87,,FEET
SHA,D,6,RES ELE,2023-05-22 00:00,2023-05-22 00:00,1063.94,,FEET
SHA,D,6,RES ELE,2023-05-23 00:00,2023-05-23 00:00,1063.93,,FEET
SHA,D,6,RES ELE,2023-05-24 00:00,2023-05-24 00:00,1064.12,,FEET
SHA,D,6,RES ELE,2023-05-25 00:00,2023-05-25 00:00,1064.00,,FEET
SHA,D,6,RES ELE,2023-05-26 00:00,2023-05-26 00:00,1063.97,,FEET
SHA,D,6,RES ELE,2023-05-27 00:00,2023-05-27 00:00,1063.89,,FEET
SHA,D,6,RES ELE,2023-05-28 00:00,2023-05-28 00:00,1063.74,,FEET
SHA,D,6,RES ELE,2023-05-29 00:00,2023-05-29 00:00,1063.72,,FEET
SHA,D,6,RES ELE,2023-05-30 00:00,2023-05-30 00:00,1063.79,,FEET
SHA,D,6,RES ELE,2023-05-31 00:00,2023-05-31 00:00,1063.81,,FEET
SHA,D,6,RES ELE,2023-06-01 00:00,2023-06-01 00:00,1063.78,,FEET
SHA,D,6,RES ELE,2023-06-02 00:00,2023-06-02 00:00,1063.71,,FEET
SHA,D,6,RES ELE,2023-06-03 00:00,2023-06-03 00:00,1063.55,,FEET
SHA,D,6,RES ELE,2023-06-04 00:00,2023-06-04 00:00,1063.42,,FEET
SHA,D,6,RES ELE,2023-06-05 00:00,2023-06-05 00:00,1063.35,,FEET
SHA,D,6,RES ELE,2023-06-06 00:00,2023-06-06 00:00,1063.26,,FEET
SHA,D,6,RES ELE,2023-06-07 00:00,2023-06-07 00:00,1063.12,,FEET
SHA,D,6,RES ELE,2023-06-08 00:00,2023-06-08 00:00,1062.98,,FEET
SHA,D,6,RES ELE,2023-06-09 00:00,2023-06-09 00:00,1062.93,,FEET
SHA,D,6,RES ELE,2023-06-10 00:00,2023-06-10 00:00,1062.87,,FEET
SHA,D,6,RES ELE,2023-06-11 00:00,2023-06-11 00:00,1062.65,,FEET
SHA,D,6,RES ELE,2023-06-12 00:00,2023-06-12 00:00,1062.44,,FEET
SHA,D,6,RES ELE,2023-06-13 00:00,2023-06-13 00:00,1062.25,,FEET
SHA,D,6,RES ELE,2023-06-14 00:00,2023-06-14 00:00,1061.98,,FEET
SHA,D,6,RES ELE,2023-06-15 00:00,2023-06-15 00:00,1061.96,,FEET
SHA,D,6,RES ELE,2023-06-16 00:00,2023-06-16 00:00,1061.83,,FEET
SHA,D,6,RES ELE,2023-06-17 00:00,2023-06-17 00:00,1061.56,,FEET
SHA,D,6,RES ELE,2023-06-18 00:00,2023-06-18 00:00,1061.38,,FEET
SHA,D,6,RES ELE,2023-06-19 00:00,2023-06-19 00:00,1061.02,,FEET
SHA,D,6,RES ELE,2023-06-20 00:00,2023-06-20 00:00,1060.77,,FEET
SHA,D,6,RES ELE,2023-06-21 00:00,2023-06-21 00:00,1060.55,,FEET
SHA,D,6,RES ELE,2023-06-22 00:00,2023-06-22 00:00,1060.33,,FEET
SHA,D,6,RES ELE,2023-06-23 00:00,2023-06-23 00:00,1060.08,,FEET
SHA,D,6,RES ELE,2023-06-24 00:00,2023-06-24 00:00,1059.70,,FEET
SHA,D,6,RES ELE,2023-06-25 00:00,2023-06-25 00:00,1059.34,,FEET
SHA,D,6,RES ELE,2023-06-26 00:00,2023-06-26 00:00,1058.99,,FEET
SHA,D,6,RES ELE,2023-06-27 00:00,2023-06-27 00:00,1058.62,,FEET
SHA,D,6,RES ELE,2023-06-28 00:00,2023-06-28 00:00,1058.28,,FEET
SHA,D,6,RES ELE,2023-06-29 00:00,2023-06-29 00:00,1057.90,,FEET
SHA,D,6,RES ELE,2023-06-30 00:00,2023-06-30 00:00,1057.50,,FEET
SHA,D,6,RES ELE,2023-07-01 00:00,2023-07-01 00:00,1057.08,,FEET
SHA,D,6,RES ELE,2023-07-02 00:00,2023-07-02 00:00,1056.70,,FEET
SHA,D,6,RES ELE,2023-07-03 00:00,2023-07-03 00:00,1056.31,,FEET
SHA,D,6,RES ELE,2023-07-04 00:00,2023-07-04 00:00,1055.88,,FEET
SHA,D,6,RES ELE,2023-07-05 00:00,2023-07-05 00:00,1055.56,,FEET
SHA,D,6,RES ELE,2023-07-06 00:00,2023-07-06 00:00,1055.18,,FEET
SHA,D,6,RES ELE,2023-07-07 00:00,2023-07-07 00:00,1054.81,,FEET
SHA,D,6,RES ELE,2023-07-08 00:00,2023-07-08 00:00,1054.34,,FEET
SHA,D,6,RES ELE,2023-07-09 00:00,2023-07-09 00:00,1053.92,,FEET
SHA,D,6,RES ELE,2023-07-10 00:00,2023-07-10 00:00,1053.44,,FEET
SHA,D,6,RES ELE,2023-07-11 00:00,2023-07-11 00:00,1053.10,,FEET
SHA,D,6,RES ELE,2023-07-12 00:00,2023-07-12 00:00,1052.72,,FEET
SHA,D,6,RES ELE,2023-07-13 00:00,2023-07-13 00:00,1052.20,,FEET
SHA,D,6,RES ELE,2023-07-14 00:00,2023-07-14 00:00,1051.74,,FEET
SHA,D,6,RES ELE,2023-07-15 00:00,2023-07-15 00:00,1051.36,,FEET
SHA,D,6,RES ELE,2023-07-16 00:00,2023-07-16 00:00,1050.99,,FEET
SHA,D,6,RES ELE,2023-07-17 00:00,2023-07-17 00:00,1050.49,,FEET
SHA,D,6,RES ELE,2023-07-18 00:00,2023-07-18 00:00,1049.99,,FEET
SHA,D,6,RES ELE,2023-07-19 00:00,2023-07-19 00:00,1049.52,,FEET
SHA,D,6,RES ELE,2023-07-20 00:00,2023-07-20 00:00,1049.03,,FEET
SHA,D,6,RES ELE,2023-07-21 00:00,2023-07-21 00:00,1048.59,,FEET
SHA,D,6,RES ELE,2023-07-22 00:00,2023-07-22 00:00,1048.10,,FEET
SHA,D,6,RES ELE,2023-07-23 00:00,2023-07-23 00:00,1047.61,,FEET
SHA,D,6,RES ELE,2023-07-24 00:00,2023-07-24 00:00,1047.17,,FEET
SHA,D,6,RES ELE,2023-07-25 00:00,2023-07-25 00:00,1046.67,,FEET
SHA,D,6,RES ELE,2023-07-26 00:00,2023-07-26 00:00,1046.12,,FEET
SHA,D,6,RES ELE,2023-07-27 00:00,2023-07-27 00:00,1045.57,,FEET
SHA,D,6,RES ELE,2023-07-28 00:00,2023-07-28 00:00,1045.12,,FEET
SHA,D,6,RES ELE,2023-07-29 00:00,2023-07-29 00:00,1044.69,,FEET
SHA,D,6,RES ELE,2023-07-30 00:00,2023-07-30 00:00,1044.19,,FEET
SHA,D,6,RES ELE,2023-07-31 00:00,2023-07-31 00:00,1043.65,,FEET
SHA,D,6,RES ELE,2023-08-01 00:00,2023-08-01 00:00,1043.14,,FEET
SHA,D,6,RES ELE,2023-08-02 00:00,2023-08-02 00:00,1042.61,,FEET
SHA,D,6,RES ELE,2023-08-03 00:00,2023-08-03 00:00,1042.09,,FEET
SHA,D,6,RES ELE,2023-08-04 00:00,2023-08-04 00:00,1041.64,,FEET
SHA,D,6,RES ELE,2023-08-05 00:00,2023-08-05 00:00,1041.26,,FEET
SHA,D,6,RES ELE,2023-08-06 00:00,2023-08-06 00:00,1040.82,,FEET
SHA,D,6,RES ELE,2023-08-07 00:00,2023-08-07 00:00,1040.33,,FEET
SHA,D,6,RES ELE,2023-08-08 00:00,2023-08-08 00:00,1039.69,,FEET
SHA,D,6,RES ELE,2023-08-09 00:00,2023-08-09 00:00,1039.15,,FEET
SHA,D,6,RES ELE,2023-08-10 00:00,2023-08-10 00:00,1038.73,,FEET
SHA,D,6,RES ELE,2023-08-11 00:00,2023-08-11 00:00,1038.29,,FEET
SHA,D,6,RES ELE,2023-08-12 00:00,2023-08-12 00:00,1037.86,,FEET
SHA,D,6,RES ELE,2023-08-13 00:00,2023-08-13 00:00,1037.35,,FEET
SHA,D,6,RES ELE,2023-08-14 00:00,2023-08-14 00:00,1036.89,,FEET
SHA,D,6,RES ELE,2023-08-15 00:00,2023-08-15 00:00,1036.36,,FEET
SHA,D,6,RES ELE,2023-08-16 00:00,2023-08-16 00:00,1035.93,,FEET
SHA,D,6,RES ELE,2023-08-17 00:00,2023-08-17 00:00,1035.49,,FEET
SHA,D,6,RES ELE,2023-08-18 00:00,2023-08-18 00:00,1035.05,,FEET
SHA,D,6,RES ELE,2023-08-19 00:00,2023-08-19 00:00,1034.67,,FEET
SHA,D,6,RES ELE,2023-08-20 00:00,2023-08-20 00:00,1034.19,,FEET
SHA,D,6,RES ELE,2023-08-21 00:00,2023-08-21 00:00,1033.79,,FEET
SHA,D,6,RES ELE,2023-08-22 00:00,2023-08-22 00:00,1033.36,,FEET
SHA,D,6,RES ELE,2023-08-23 00:00,2023-08-23 00:00,1033.05,,FEET
SHA,D,6,RES ELE,2023-08-24 00:00,2023-08-24 00:00,1032.77,,FEET
SHA,D,6,RES ELE,2023-08-25 00:00,2023-08-25 00:00,1032.41,,FEET
SHA,D,6,RES ELE,2023-08-26 00:00,2023-08-26 00:00,1031.99,,FEET
SHA,D,6,RES ELE,2023-08-27 00:00,2023-08-27 00:00,1031.61,,FEET
SHA,D,6,RES ELE,2023-08-28 00:00,2023-08-28 00:00,1031.08,,FEET
SHA,D,6,RES ELE,2023-08-29 00:00,2023-08-29 00:00,1030.63,,FEET
SHA,D,6,RES ELE,2023-08-30 00:00,2023-08-30 00:00,1030.27,,FEET
SHA,D,6,RES ELE,2023-08-31 00:00,2023-08-31 00:00,1029.90,,FEET
SHA,D,6,RES ELE,2023-09-01 00:00,2023-09-01 00:00,1029.80,,FEET
SHA,D,6,RES ELE,2023-09-02 00:00,2023-09-02 00:00,1029.47,,FEET
SHA,D,6,RES ELE,2023-09-03 00:00,2023-09-03 00:00,1029.12,,FEET
SHA,D,6,RES ELE,2023-09-04 00:00,2023-09-04 00:00,1028.73,,FEET
SHA,D,6,RES ELE,2023-09-05 00:00,2023-09-05 00:00,1028.44,,FEET
SHA,D,6,RES ELE,2023-09-06 00:00,2023-09-06 00:00,1028.16,,FEET
SHA,D,6,RES ELE,2023-09-07 00:00,2023-09-07 00:00,1027.86,,FEET
SHA,D,6,RES ELE,2023-09-08 00:00,2023-09-08 00:00,1027.37,,FEET
SHA,D,6,RES ELE,2023-09-09 00:00,2023-09-09 00:00,1026.97,,FEET
SHA,D,6,RES ELE,2023-09-10 00:00,2023-09-10 00:00,1026.69,,FEET
SHA,D,6,RES ELE,2023-09-11 00:00,2023-09-11 00:00,1026.40,,FEET
SHA,D,6,RES ELE,2023-09-12 00:00,2023-09-12 00:00,1026.12,,FEET
SHA,D,6,RES ELE,2023-09-13 00:00,2023-09-13 00:00,1025.84,,FEET
SHA,D,6,RES ELE,2023-09-14 00:00,2023-09-14 00:00,1025.58,,FEET
SHA,D,6,RES ELE,2023-09-15 00:00,2023-09-15 00:00,1025.33,,FEET
SHA,D,6,RES ELE,2023-09-16 00:00,2023-09-16 00:00,1025.00,,FEET
SHA,D,6,RES ELE,2023-09-17 00:00,2023-09-17 00:00,1024.63,,FEET
SHA,D,6,RES ELE,2023-09-18 00:00,2023-09-18 00:00,1024.38,,FEET
SHA,D,6,RES ELE,2023-09-19 00:00,2023-09-19 00:00,1024.12,,FEET
SHA,D,6,RES ELE,2023-09-20 00:00,2023-09-20 00:00,1023.82,,FEET
SHA,D,6,RES ELE,2023-09-21 00:00,2023-09-21 00:00,1023.63,,FEET
SHA,D,6,RES ELE,2023-09-22 00:00,2023-09-22 00:00,1023.42,,FEET
SHA,D,6,RES ELE,2023-09-23 00:00,2023-09-23 00:00,1023.18,,FEET
SHA,D,6,RES ELE,2023-09-24 00:00,2023-09-24 00:00,1022.93,,FEET
SHA,D,6,RES ELE,2023-09-25 00:00,2023-09-25 00:00,1022.71,,FEET
SHA,D,6,RES ELE,2023-09-26 00:00,2023-09-26 00:00,1022.54,,FEET
SHA,D,6,RES ELE,2023-09-27 00:00,2023-09-27 00:00,1022.35,,FEET
SHA,D,6,RES ELE,2023-09-28 00:00,2023-09-28 00:00,1022.12,,FEET
SHA,D,6,RES ELE,2023-09-29 00:00,2023-09-29 00:00,1022.04,,FEET
SHA,D,6,RES ELE,2023-09-30 00:00,2023-09-30 00:00,1021.88,,FEET
SHA,D,6,RES ELE,2023-10-01 00:00,2023-10-01 00:00,1021.57,,FEET
SHA,D,6,RES ELE,2023-10-02 00:00,2023-10-02 00:00,1021.30,,FEET
SHA,D,6,RES ELE,2023-10-03 00:00,2023-10-03 00:00,1021.06,,FEET
SHA,D,6,RES ELE,2023-10-04 00:00,2023-10-04 00:00,1020.86,,FEET
SHA,D,6,RES ELE,2023-10-05 00:00,2023-10-05 00:00,1020.69,,FEET
SHA,D,6,RES ELE,2023-10-06 00:00,2023-10-06 00:00,1020.39,,FEET
SHA,D,6,RES ELE,2023-10-07 00:00,2023-10-07 00:00,1020.24,,FEET
SHA,D,6,RES ELE,2023-10-08 00:00,2023-10-08 00:00,1019.87,,FEET
SHA,D,6,RES ELE,2023-10-09 00:00,2023-10-09 00:00,1019.60,,FEET
SHA,D,6,RES ELE,2023-10-10 00:00,2023-10-10 00:00,1019.47,,FEET
SHA,D,6,RES ELE,2023-10-11 00:00,2023-10-11 00:00,1019.22,,FEET
SHA,D,6,RES ELE,2023-10-12 00:00,2023-10-12 00:00,1018.94,,FEET
SHA,D,6,RES ELE,2023-10-13 00:00,2023-10-13 00:00,1018.68,,FEET
SHA,D,6,RES ELE,2023-10-14 00:00,2023-10-14 00:00,1018.43,,FEET
SHA,D,6,RES ELE,2023-10-15 00:00,2023-10-15 00:00,1018.16,,FEET
SHA,D,6,RES ELE,2023-10-16 00:00,2023-10-16 00:00,1017.95,,FEET
SHA,D,6,RES ELE,2023-10-17 00:00,2023-10-17 00:00,1017.67,,FEET
SHA,D,6,RES ELE,2023-10-18 00:00,2023-10-18 00:00,1017.38,,FEET
SHA,D,6,RES ELE,2023-10-19 00:00,2023-10-19 00:00,1017.07,,FEET
SHA,D,6,RES ELE,2023-10-20 00:00,2023-10-20 00:00,1016.87,,FEET
SHA,D,6,RES ELE,2023-10-21 00:00,2023-10-21 00:00,1016.64,,FEET
SHA,D,6,RES ELE,2023-10-22 00:00,2023-10-22 00:00,1016.41,,FEET
SHA,D,6,RES ELE,2023-10-23 00:00,2023-10-23 00:00,1016.15,,FEET
SHA,D,6,RES ELE,2023-10-24 00:00,2023-10-24 00:00,1015.93,,FEET
SHA,D,6,RES ELE,2023-10-25 00:00,2023-10-25 00:00,1015.79,,FEET
SHA,D,6,RES ELE,2023-10-26 00:00,2023-10-26 00:00,1015.50,,FEET
SHA,D,6,RES ELE,2023-10-27 00:00,2023-10-27 00:00,1015.26,,FEET
SHA,D,6,RES ELE,2023-10-28 00:00,2023-10-28 00:00,1014.95,,FEET
SHA,D,6,RES ELE,2023-10-29 00:00,2023-10-29 00:00,1014.61,,FEET
SHA,D,6,RES ELE,2023-10-30 00:00,2023-10-30 00:00,1014.34,,FEET
SHA,D,6,RES ELE,2023-10-31 00:00,2023-10-31 00:00,1014.09,,FEET
SHA,D,6,RES ELE,2023-11-01 00:00,2023-11-01 00:00,1013.85,,FEET
SHA,D,6,RES ELE,2023-11-02 00:00,2023-11-02 00:00,1013.67,,FEET
SHA,D,6,RES ELE,2023-11-03 00:00,2023-11-03 00:00,1013.62,,FEET
SHA,D,6,RES ELE,2023-11-04 00:00,2023-11-04 00:00,1013.50,,FEET
SHA,D,6,RES ELE,2023-11-05 00:00,2023-11-05 00:00,1013.40,,FEET
SHA,D,6,RES ELE,2023-11-06 00:00,2023-11-06 00:00,1013.46,,FEET
SHA,D,6,RES ELE,2023-11-07 00:00,2023-11-07 00:00,1013.38,,FEET
SHA,D,6,RES ELE,2023-11-08 00:00,2023-11-08 00:00,1013.19,,FEET
SHA,D,6,RES ELE,2023-11-09 00:00,2023-11-09 00:00,1013.15,,FEET
SHA,D,6,RES ELE,2023-11-10 00:00,2023-11-10 00:00,1013.04,,FEET
SHA,D,6,RES ELE,2023-11-11 00:00,2023-11-11 00:00,1012.93,,FEET
SHA,D,6,RES ELE,2023-11-12 00:00,2023-11-12 00:00,1012.76,,FEET
SHA,D,6,RES ELE,2023-11-13 00:00,2023-11-13 00:00,1012.60,,FEET
SHA,D,6,RES ELE,2023-11-14 00:00,2023-11-14 00:00,1012.60,,FEET
SHA,D,6,RES ELE,2023-11-15 00:00,2023-11-15 00:00,1012.45,,FEET
SHA,D,6,RES ELE,2023-11-16 00:00,2023-11-16 00:00,1012.36,,FEET
SHA,D,6,RES ELE,2023-11-17 00:00,2023-11-17 00:00,1012.22,,FEET
SHA,D,6,RES ELE,2023-11-18 00:00,2023-11-18 00:00,1012.50,,FEET
SHA,D,6,RES ELE,2023-11-19 00:00,2023-11-19 00:00,1012.41,,FEET
SHA,D,6,RES ELE,2023-11-20 00:00,2023-11-20 00:00,1012.38,,FEET
SHA,D,6,RES ELE,2023-11-21 00:00,2023-11-22 00:00,1012.27,,FEET
SHA,D,6,RES ELE,2023-11-22 00:00,2023-11-23 00:00,1012.21,,FEET
SHA,D,6,RES ELE,2023-11-23 00:00,2023-11-23 00:00,1012.03,,FEET
SHA,D,6,RES ELE,2023-11-24 00:00,2023-11-24 00:00,1011.89,,FEET
SHA,D,6,RES ELE,2023-11-25 00:00,2023-11-25 00:00,1011.64,,FEET
SHA,D,6,RES ELE,2023-11-26 00:00,2023-11-26 00:00,1011.44,,FEET
SHA,D,6,RES ELE,2023-11-27 00:00,2023-11-27 00:00,1011.36,,FEET
SHA,D,6,RES ELE,2023-11-28 00:00,2023-11-28 00:00,1011.16,,FEET
SHA,D,6,RES ELE,2023-11-29 00:00,2023-11-29 00:00,1011.12,,FEET
SHA,D,6,RES ELE,2023-11-30 00:00,2023-11-30 00:00,1011.00,,FEET
SHA,D,6,RES ELE,2023-12-01 00:00,2023-12-01 00:00,1010.86,,FEET
SHA,D,6,RES ELE,2023-12-02 00:00,2023-12-02 00:00,1010.77,,FEET
SHA,D,6,RES ELE,2023-12-03 00:00,2023-12-03 00:00,1010.59,,FEET
SHA,D,6,RES ELE,2023-12-04 00:00,2023-12-04 00:00,1010.57,,FEET
SHA,D,6,RES ELE,2023-12-05 00:00,2023-12-05 00:00,1010.38,,FEET
SHA,D,6,RES ELE,2023-12-06 00:00,2023-12-06 00:00,1010.32,,FEET
SHA,D,6,RES ELE,2023-12-07 00:00,2023-12-08 00:00,1010.31,,FEET
SHA,D,6,RES ELE,2023-12-08 00:00,2023-12-08 00:00,1010.13,,FEET
SHA,D,6,RES ELE,2023-12-09 00:00,2023-12-09 00:00,1009.97,,FEET
SHA,D,6,RES ELE,2023-12-10 00:00,2023-12-10 00:00,1009.82,,FEET
SHA,D,6,RES ELE,2023-12-11 00:00,2023-12-11 00:00,1009.72,,FEET
SHA,D,6,RES ELE,2023-12-12 00:00,2023-12-12 00:00,1009.61,,FEET
SHA,D,6,RES ELE,2023-12-13 00:00,2023-12-13 00:00,1009.49,,FEET
SHA,D,6,RES ELE,2023-12-14 00:00,2023-12-14 00:00,1009.41,,FEET
SHA,D,6,RES ELE,2023-12-15 00:00,2023-12-15 00:00,1009.28,,FEET
SHA,D,6,RES ELE,2023-12-16 00:00,2023-12-16 00:00,1009.05,,FEET
SHA,D,6,RES ELE,2023-12-17 00:00,2023-12-17 00:00,1008.80,,FEET
SHA,D,6,RES ELE,2023-12-18 00:00,2023-12-18 00:00,1009.03,,FEET
SHA,D,6,RES ELE,2023-12-19 00:00,2023-12-19 00:00,1009.71,,FEET
SHA,D,6,RES ELE,2023-12-20 00:00,2023-12-20 00:00,1010.27,,FEET
SHA,D,6,RES ELE,2023-12-21 00:00,2023-12-21 00:00,1010.45,,FEET
SHA,D,6,RES ELE,2023-12-22 00:00,2023-12-22 00:00,1010.59,,FEET
SHA,D,6,RES ELE,2023-12-23 00:00,2023-12-23 00:00,1010.78,,FEET
SHA,D,6,RES ELE,2023-12-24 00:00,2023-12-24 00:00,1010.64,,FEET
SHA,D,6,RES ELE,2023-12-25 00:00,2023-12-25 00:00,1010.45,,FEET
SHA,D,6,RES ELE,2023-12-26 00:00,2023-12-26 00:00,1010.36,,FEET
SHA,D,6,RES ELE,2023-12-27 00:00,2023-12-27 00:00,1010.40,,FEET
SHA,D,6,RES ELE,2023-12-28 00:00,2023-12-28 00:00,1010.47,,FEET
SHA,D,6,RES ELE,2023-12-29 00:00,2023-12-29 00:00,1011.26,,FEET
SHA,D,6,RES ELE,2023-12-30 00:00,2023-12-30 00:00,1012.17,,FEET
SHA,D,6,RES ELE,2023-12-31 00:00,2023-12-31 00:00,1012.64,,FEET
SHA,D,6,RES ELE,2024-01-01 00:00,2024-01-01 00:00,1012.91,,FEET
SHA,D,6,RES ELE,2024-01-02 00:00,2024-01-02 00:00,1013.21,,FEET
SHA,D,6,RES ELE,2024-01-03 00:00,2024-01-03 00:00,1013.65,,FEET
SHA,D,6,RES ELE,2024-01-04 00:00,2024-01-04 00:00,1013.96,,FEET
SHA,D,6,RES ELE,2024-01-05 00:00,2024-01-05 00:00,1014.15,,FEET
SHA,D,6,RES ELE,2024-01-06 00:00,2024-01-06 00:00,1014.18,,FEET
SHA,D,6,RES ELE,2024-01-07 00:00,2024-01-07 00:00,1014.13,,FEET
SHA,D,6,RES ELE,2024-01-08 00:00,2024-01-08 00:00,1014.22,,FEET
SHA,D,6,RES ELE,2024-01-09 00:00,2024-01-09 00:00,1014.23,,FEET
SHA,D,6,RES ELE,2024-01-10 00:00,2024-01-10 00:00,1014.37,,FEET
SHA,D,6,RES ELE,2024-01-11 00:00,2024-01-11 00:00,1014.40,,FEET
SHA,D,6,RES ELE,2024-01-12 00:00,2024-01-12 00:00,1014.49,,FEET
SHA,D,6,RES ELE,2024-01-13 00:00,2024-01-13 00:00,1014.80,,FEET
SHA,D,6,RES ELE,2024-01-14 00:00,2024-01-14 00:00,1015.09,,FEET
SHA,D,6,RES ELE,2024-01-15 00:00,2024-01-15 00:00,1015.14,,FEET
SHA,D,6,RES ELE,2024-01-16 00:00,2024-01-16 00:00,1015.35,,FEET
SHA,D,6,RES ELE,2024-01-17 00:00,2024-01-17 00:00,1015.54,,FEET
SHA,D,6,RES ELE,2024-01-18 00:00,2024-01-18 00:00,1015.86,,FEET
SHA,D,6,RES ELE,2024-01-19 00:00,2024-01-19 00:00,1016.35,,FEET
SHA,D,6,RES ELE,2024-01-20 00:00,2024-01-20 00:00,1018.15,,FEET
SHA,D,6,RES ELE,2024-01-21 00:00,2024-01-21 00:00,1020.97,,FEET
SHA,D,6,RES ELE,2024-01-22 00:00,2024-01-22 00:00,1024.79,,FEET
SHA,D,6,RES ELE,2024-01-23 00:00,2024-01-23 00:00,1026.67,,FEET
SHA,D,6,RES ELE,2024-01-24 00:00,2024-01-24 00:00,1028.39,,FEET
SHA,D,6,RES ELE,2024-01-25 00:00,2024-01-25 00:00,1029.73,,FEET
SHA,D,6,RES ELE,2024-01-26 00:00,2024-01-26 00:00,1030.82,,FEET
SHA,D,6,RES ELE,2024-01-27 00:00,2024-01-27 00:00,1031.63,,FEET
SHA,D,6,RES ELE,2024-01-28 00:00,2024-01-28 00:00,1032.28,,FEET
SHA,D,6,RES ELE,2024-01-29 00:00,2024-01-29 00:00,1032.90,,FEET
SHA,D,6,RES ELE,2024-01-30 00:00,2024-01-30 00:00,1033.29,,FEET
SHA,D,6,RES ELE,2024-01-31 00:00,2024-01-31 00:00,1033.54,,FEET
SHA,D,6,RES ELE,2024-02-01 00:00,2024-02-01 00:00,1035.05,,FEET
SHA,D,6,RES ELE,2024-02-02 00:00,2024-02-02 00:00,1035.89,,FEET
SHA,D,6,RES ELE,2024-02-03 00:00,2024-02-03 00:00,1036.37,,FEET
SHA,D,6,RES ELE,2024-02-04 00:00,2024-02-04 00:00,1036.96,,FEET
SHA,D,6,RES ELE,2024-02-05 00:00,2024-02-05 00:00,1038.43,,FEET
SHA,D,6,RES ELE,2024-02-06 00:00,2024-02-06 00:00,1039.44,,FEET
SHA,D,6,RES ELE,2024-02-07 00:00,2024-02-07 00:00,1039.81,,FEET
SHA,D,6,RES ELE,2024-02-08 00:00,2024-02-08 00:00,1039.94,,FEET
SHA,D,6,RES ELE,2024-02-09 00:00,2024-02-09 00:00,1040.00,,FEET
SHA,D,6,RES ELE,2024-02-10 00:00,2024-02-10 00:00,1039.90,,FEET
SHA,D,6,RES ELE,2024-02-11 00:00,2024-02-11 00:00,1039.69,,FEET
SHA,D,6,RES ELE,2024-02-12 00:00,2024-02-12 00:00,1039.40,,FEET
SHA,D,6,RES ELE,2024-02-13 00:00,2024-02-13 00:00,1039.04,,FEET
SHA,D,6,RES ELE,2024-02-14 00:00,2024-02-14 00:00,1039.08,,FEET
SHA,D,6,RES ELE,2024-02-15 00:00,2024-02-15 00:00,1039.27,,FEET
SHA,D,6,RES ELE,2024-02-16 00:00,2024-02-16 00:00,1039.53,,FEET
SHA,D,6,RES ELE,2024-02-17 00:00,2024-02-17 00:00,1039.99,,FEET
SHA,D,6,RES ELE,2024-02-18 00:00,2024-02-18 00:00,1040.85,,FEET
SHA,D,6,RES ELE,2024-02-19 00:00,2024-02-19 00:00,1043.11,,FEET
SHA,D,6,RES ELE,2024-02-20 00:00,2024-02-20 00:00,1045.73,,FEET
SHA,D,6,RES ELE,2024-02-21 00:00,2024-02-21 00:00,1046.50,,FEET
SHA,D,6,RES ELE,2024-02-22 00:00,2024-02-22 00:00,1046.25,,FEET
SHA,D,6,RES ELE,2024-02-23 00:00,2024-02-23 00:00,1045.28,,FEET
SHA,D,6,RES ELE,2024-02-24 00:00,2024-02-24 00:00,1043.91,,FEET
SHA,D,6,RES ELE,2024-02-25 00:00,2024-02-25 00:00,1042.52,,FEET
SHA,D,6,RES ELE,2024-02-26 00:00,2024-02-26 00:00,1041.07,,FEET
SHA,D,6,RES ELE,2024-02-27 00:00,2024-02-27 00:00,1039.81,,FEET
SHA,D,6,RES ELE,2024-02-28 00:00,2024-02-28 00:00,1038.80,,FEET
SHA,D,6,RES ELE,2024-02-29 00:00,2024-02-29 00:00,1038.35,,FEET
SHA,D,6,RES ELE,2024-03-01 00:00,2024-03-01 00:00,1038.11,,FEET
SHA,D,6,RES ELE,2024-03-02 00:00,2024-03-02 00:00,1038.09,,FEET
SHA,D,6,RES ELE,2024-03-03 00:00,2024-03-03 00:00,1038.06,,FEET
SHA,D,6,RES ELE,2024-03-04 00:00,2024-03-04 00:00,1038.10,,FEET
SHA,D,6,RES ELE,2024-03-05 00:00,2024-03-05 00:00,1038.96,,FEET
SHA,D,6,RES ELE,2024-03-06 00:00,2024-03-06 00:00,1040.68,,FEET
SHA,D,6,RES ELE,2024-03-07 00:00,2024-03-07 00:00,1041.51,,FEET
SHA,D,6,RES ELE,2024-03-08 00:00,2024-03-08 00:00,1041.88,,FEET
SHA,D,6,RES ELE,2024-03-09 00:00,2024-03-09 00:00,1042.10,,FEET
SHA,D,6,RES ELE,2024-03-10 00:00,2024-03-10 00:00,1042.25,,FEET
SHA,D,6,RES ELE,2024-03-11 00:00,2024-03-11 00:00,1042.54,,FEET
SHA,D,6,RES ELE,2024-03-12 00:00,2024-03-12 00:00,1043.00,,FEET
SHA,D,6,RES ELE,2024-03-13 00:00,2024-03-13 00:00,1043.32,,FEET
SHA,D,6,RES ELE,2024-03-14 00:00,2024-03-14 00:00,1043.72,,FEET
SHA,D,6,RES ELE,2024-03-15 00:00,2024-03-15 00:00,1044.13,,FEET
SHA,D,6,RES ELE,2024-03-16 00:00,2024-03-16 00:00,1044.44,,FEET
SHA,D,6,RES ELE,2024-03-17 00:00,2024-03-17 00:00,1044.80,,FEET
SHA,D,6,RES ELE,2024-03-18 00:00,2024-03-18 00:00,1045.17,,FEET
SHA,D,6,RES ELE,2024-03-19 00:00,2024-03-19 00:00,1045.67,,FEET
SHA,D,6,RES ELE,2024-03-20 00:00,2024-03-20 00:00,1046.05,,FEET
SHA,D,6,RES ELE,2024-03-21 00:00,2024-03-21 00:00,1046.60,,FEET
SHA,D,6,RES ELE,2024-03-22 00:00,2024-03-22 00:00,1047.23,,FEET
SHA,D,6,RES ELE,2024-03-23 00:00,2024-03-23 00:00,1048.19,,FEET
SHA,D,6,RES ELE,2024-03-24 00:00,2024-03-24 00:00,1049.16,,FEET
SHA,D,6,RES ELE,2024-03-25 00:00,2024-03-25 00:00,1049.89,,FEET
SHA,D,6,RES ELE,2024-03-26 00:00,2024-03-26 00:00,1050.58,,FEET
SHA,D,6,RES ELE,2024-03-27 00:00,2024-03-27 00:00,1051.34,,FEET
SHA,D,6,RES ELE,2024-03-28 00:00,2024-03-28 00:00,1052.14,,FEET
SHA,D,6,RES ELE,2024-03-29 00:00,2024-03-29 00:00,1053.08,,FEET
SHA,D,6,RES ELE,2024-03-30 00:00,2024-03-30 00:00,1053.90,,FEET
SHA,D,6,RES ELE,2024-03-31 00:00,2024-03-31 00:00,1054.68,,FEET
SHA,D,6,RES ELE,2024-04-01 00:00,2024-04-01 00:00,1055.32,,FEET
SHA,D,6,RES ELE,2024-04-02 00:00,2024-04-02 00:00,1055.87,,FEET
SHA,D,6,RES ELE,2024-04-03 00:00,2024-04-03 00:00,1056.52,,FEET
SHA,D,6,RES ELE,2024-04-04 00:00,2024-04-04 00:00,1057.16,,FEET
SHA,D,6,RES ELE,2024-04-05 00:00,2024-04-05 00:00,1057.62,,FEET
SHA,D,6,RES ELE,2024-04-06 00:00,2024-04-06 00:00,1058.05,,FEET
SHA,D,6,RES ELE,2024-04-07 00:00,2024-04-07 00:00,1058.52,,FEET
SHA,D,6,RES ELE,2024-04-08 00:00,2024-04-08 00:00,1058.78,,FEET
SHA,D,6,RES ELE,2024-04-09 00:00,2024-04-09 00:00,1059.22,,FEET
SHA,D,6,RES ELE,2024-04-10 00:00,2024-04-10 00:00,1059.61,,FEET
SHA,D,6,RES ELE,2024-04-11 00:00,2024-04-11 00:00,1059.88,,FEET
SHA,D,6,RES ELE,2024-04-12 00:00,2024-04-12 00:00,1059.61,,FEET
SHA,D,6,RES ELE,2024-04-13 00:00,2024-04-13 00:00,1059.73,,FEET
SHA,D,6,RES ELE,2024-04-14 00:00,2024-04-14 00:00,1059.93,,FEET
SHA,D,6,RES ELE,2024-04-15 00:00,2024-04-15 00:00,1060.19,,FEET
SHA,D,6,RES ELE,2024-04-16 00:00,2024-04-16 00:00,1060.32,,FEET
SHA,D,6,RES ELE,2024-04-17 00:00,2024-04-17 00:00,1060.51,,FEET
SHA,D,6,RES ELE,2024-04-18 00:00,2024-04-18 00:00,1060.75,,FEET
SHA,D,6,RES ELE,2024-04-19 00:00,2024-04-19 00:00,1060.87,,FEET
SHA,D,6,RES ELE,2024-04-20 00:00,2024-04-20 00:00,1060.91,,FEET
SHA,D,6,RES ELE,2024-04-21 00:00,2024-04-21 00:00,1060.97,,FEET
SHA,D,6,RES ELE,2024-04-22 00:00,2024-04-22 00:00,1061.16,,FEET
SHA,D,6,RES ELE,2024-04-23 00:00,2024-04-23 00:00,1061.06,,FEET
SHA,D,6,RES ELE,2024-04-24 00:00,2024-04-24 00:00,1060.97,,FEET
SHA,D,6,RES ELE,2024-04-25 00:00,2024-04-25 00:00,1060.80,,FEET
SHA,D,6,RES ELE,2024-04-26 00:00,2024-04-26 00:00,1060.67,,FEET
SHA,D,6,RES ELE,2024-04-27 00:00,2024-04-27 00:00,1060.49,,FEET
SHA,D,6,RES ELE,2024-04-28 00:00,2024-04-28 00:00,1060.45,,FEET
SHA,D,6,RES ELE,2024-04-29 00:00,2024-04-29 00:00,1060.49,,FEET
SHA,D,6,RES ELE,2024-04-30 00:00,2024-04-30 00:00,1060.60,,FEET
SHA,D,6,RES ELE,2024-05-01 00:00,2024-05-01 00:00,1060.75,,FEET
SHA,D,6,RES ELE,2024-05-02 00:00,2024-05-02 00:00,1060.94,,FEET
SHA,D,6,RES ELE,2024-05-03 00:00,2024-05-03 00:00,1061.16,,FEET
SHA,D,6,RES ELE,2024-05-04 00:00,2024-05-04 00:00,1061.60,,FEET
SHA,D,6,RES ELE,2024-05-05 00:00,2024-05-05 00:00,1061.80,,FEET
SHA,D,6,RES ELE,2024-05-06 00:00,2024-05-06 00:00,1061.93,,FEET
SHA,D,6,RES ELE,2024-05-07 00:00,2024-05-07 00:00,1061.74,,FEET
SHA,D,6,RES ELE,2024-05-08 00:00,2024-05-08 00:00,1061.43,,FEET
SHA,D,6,RES ELE,2024-05-09 00:00,2024-05-09 00:00,1061.17,,FEET
SHA,D,6,RES ELE,2024-05-10 00:00,2024-05-10 00:00,1060.95,,FEET
SHA,D,6,RES ELE,2024-05-11 00:00,2024-05-11 00:00,1060.87,,FEET
SHA,D,6,RES ELE,2024-05-12 00:00,2024-05-12 00:00,1060.84,,FEET
SHA,D,6,RES ELE,2024-05-13 00:00,2024-05-13 00:00,1060.91,,FEET
SHA,D,6,RES ELE,2024-05-14 00:00,2024-05-14 00:00,1061.11,,FEET
SHA,D,6,RES ELE,2024-05-15 00:00,2024-05-15 00:00,1061.26,,FEET
SHA,D,6,RES ELE,2024-05-16 00:00,2024-05-16 00:00,1061.30,,FEET
SHA,D,6,RES ELE,2024-05-17 00:00,2024-05-17 00:00,1061.48,,FEET
SHA,D,6,RES ELE,2024-05-18 00:00,2024-05-18 00:00,1061.53,,FEET
SHA,D,6,RES ELE,2024-05-19 00:00,2024-05-19 00:00,1061.59,,FEET
SHA,D,6,RES ELE,2024-05-20 00:00,2024-05-20 00:00,1061.49,,FEET
SHA,D,6,RES ELE,2024-05-21 00:00,2024-05-21 00:00,1061.08,,FEET
SHA,D,6,RES ELE,2024-05-22 00:00,2024-05-22 00:00,1060.62,,FEET
SHA,D,6,RES ELE,2024-05-23 00:00,2024-05-23 00:00,1060.27,,FEET
SHA,D,6,RES ELE,2024-05-24 00:00,2024-05-24 00:00,1059.72,,FEET
SHA,D,6,RES ELE,2024-05-25 00:00,2024-05-25 00:00,1059.41,,FEET
SHA,D,6,RES ELE,2024-05-26 00:00,2024-05-26 00:00,1059.34,,FEET
SHA,D,6,RES ELE,2024-05-27 00:00,2024-05-27 00:00,1059.16,,FEET
SHA,D,6,RES ELE,2024-05-28 00:00,2024-05-28 00:00,1059.05,,FEET
SHA,D,6,RES ELE,2024-05-29 00:00,2024-05-29 00:00,1058.87,,FEET
SHA,D,6,RES ELE,2024-05-30 00:00,2024-05-30 00:00,1058.58,,FEET
SHA,D,6,RES ELE,2024-05-31 00:00,2024-05-31 00:00,1058.31,,FEET
SHA,D,6,RES ELE,2024-06-01 00:00,2024-06-01 00:00,1058.05,,FEET
SHA,D,6,RES ELE,2024-06-02 00:00,2024-06-02 00:00,1057.86,,FEET
SHA,D,6,RES ELE,2024-06-03 00:00,2024-06-03 00:00,1057.57,,FEET
SHA,D,6,RES ELE,2024-06-04 00:00,2024-06-04 00:00,1057.27,,FEET
SHA,D,6,RES ELE,2024-06-05 00:00,2024-06-05 00:00,1057.17,,FEET
SHA,D,6,RES ELE,2024-06-06 00:00,2024-06-06 00:00,1057.16,,FEET
SHA,D,6,RES ELE,2024-06-07 00:00,2024-06-07 00:00,1057.03,,FEET
SHA,D,6,RES ELE,2024-06-08 00:00,2024-06-08 00:00,1056.72,,FEET
SHA,D,6,RES ELE,2024-06-09 00:00,2024-06-09 00:00,1056.40,,FEET
SHA,D,6,RES ELE,2024-06-10 00:00,2024-06-10 00:00,1056.12,,FEET
SHA,D,6,RES ELE,2024-06-11 00:00,2024-06-11 00:00,1055.82,,FEET
SHA,D,6,RES ELE,2024-06-12 00:00,2024-06-12 00:00,1055.68,,FEET
SHA,D,6,RES ELE,2024-06-13 00:00,2024-06-13 00:00,1055.30,,FEET
SHA,D,6,RES ELE,2024-06-14 00:00,2024-06-14 00:00,1054.96,,FEET
SHA,D,6,RES ELE,2024-06-15 00:00,2024-06-15 00:00,1054.60,,FEET
SHA,D,6,RES ELE,2024-06-16 00:00,2024-06-16 00:00,1054.31,,FEET
SHA,D,6,RES ELE,2024-06-17 00:00,2024-06-17 00:00,1053.93,,FEET
SHA,D,6,RES ELE,2024-06-18 00:00,2024-06-18 00:00,1053.58,,FEET
SHA,D,6,RES ELE,2024-06-19 00:00,2024-06-19 00:00,1053.22,,FEET
SHA,D,6,RES ELE,2024-06-20 00:00,2024-06-20 00:00,1052.89,,FEET
SHA,D,6,RES ELE,2024-06-21 00:00,2024-06-21 00:00,1052.40,,FEET
SHA,D,6,RES ELE,2024-06-22 00:00,2024-06-22 00:00,1052.00,,FEET
SHA,D,6,RES ELE,2024-06-23 00:00,2024-06-23 00:00,1051.59,,FEET
SHA,D,6,RES ELE,2024-06-24 00:00,2024-06-24 00:00,1051.32,,FEET
SHA,D,6,RES ELE,2024-06-25 00:00,2024-06-25 00:00,1050.88,,FEET
SHA,D,6,RES ELE,2024-06-26 00:00,2024-06-26 00:00,1050.26,,FEET
SHA,D,6,RES ELE,2024-06-27 00:00,2024-06-27 00:00,1049.69,,FEET
SHA,D,6,RES ELE,2024-06-28 00:00,2024-06-28 00:00,1049.00,,FEET
SHA,D,6,RES ELE,2024-06-29 00:00,2024-06-29 00:00,1048.32,,FEET
SHA,D,6,RES ELE,2024-06-30 00:00,2024-06-30 00:00,1047.70,,FEET
SHA,D,6,RES ELE,2024-07-01 00:00,2024-07-01 00:00,1046.94,,FEET
SHA,D,6,RES ELE,2024-07-02 00:00,2024-07-02 00:00,1046.26,,FEET
SHA,D,6,RES ELE,2024-07-03 00:00,2024-07-03 00:00,1045.62,,FEET
SHA,D,6,RES ELE,2024-07-04 00:00,2024-07-04 00:00,1044.99,,FEET
SHA,D,6,RES ELE,2024-07-05 00:00,2024-07-05 00:00,1044.48,,FEET
SHA,D,6,RES ELE,2024-07-06 00:00,2024-07-06 00:00,1043.84,,FEET
SHA,D,6,RES ELE,2024-07-07 00:00,2024-07-07 00:00,1043.19,,FEET
SHA,D,6,RES ELE,2024-07-08 00:00,2024-07-08 00:00,1042.49,,FEET
SHA,D,6,RES ELE,2024-07-09 00:00,2024-07-09 00:00,1041.77,,FEET
SHA,D,6,RES ELE,2024-07-10 00:00,2024-07-10 00:00,1041.01,,FEET
SHA,D,6,RES ELE,2024-07-11 00:00,2024-07-11 00:00,1040.29,,FEET
SHA,D,6,RES ELE,2024-07-12 00:00,2024-07-12 00:00,1039.67,,FEET
SHA,D,6,RES ELE,2024-07-13 00:00,2024-07-13 00:00,1039.00,,FEET
SHA,D,6,RES ELE,2024-07-14 00:00,2024-07-14 00:00,1038.31,,FEET
SHA,D,6,RES ELE,2024-07-15 00:00,2024-07-15 00:00,1037.61,,FEET
SHA,D,6,RES ELE,2024-07-16 00:00,2024-07-16 00:00,1036.97,,FEET
SHA,D,6,RES ELE,2024-07-17 00:00,2024-07-17 00:00,1036.32,,FEET
SHA,D,6,RES ELE,2024-07-18 00:00,2024-07-18 00:00,1035.68,,FEET
SHA,D,6,RES ELE,2024-07-19 00:00,2024-07-19 00:00,1035.12,,FEET
SHA,D,6,RES ELE,2024-07-20 00:00,2024-07-20 00:00,1034.51,,FEET
SHA,D,6,RES ELE,2024-07-21 00:00,2024-07-21 00:00,1033.77,,FEET
SHA,D,6,RES ELE,2024-07-22 00:00,2024-07-22 00:00,1033.11,,FEET
SHA,D,6,RES ELE,2024-07-23 00:00,2024-07-23 00:00,1032.38,,FEET
SHA,D,6,RES ELE,2024-07-24 00:00,2024-07-24 00:00,1031.66,,FEET
SHA,D,6,RES ELE,2024-07-25 00:00,2024-07-25 00:00,1031.14,,FEET
SHA,D,6,RES ELE,2024-07-26 00:00,2024-07-26 00:00,1030.48,,FEET
SHA,D,6,RES ELE,2024-07-27 00:00,2024-07-27 00:00,1029.76,,FEET
SHA,D,6,RES ELE,2024-07-28 00:00,2024-07-28 00:00,1028.96,,FEET
SHA,D,6,RES ELE,2024-07-29 00:00,2024-07-29 00:00,1028.17,,FEET
SHA,D,6,RES ELE,2024-07-30 00:00,2024-07-30 00:00,1027.43,,FEET
SHA,D,6,RES ELE,2024-07-31 00:00,2024-07-31 00:00,1026.70,,FEET
SHA,D,6,RES ELE,2024-08-01 00:00,2024-08-01 00:00,1026.09,,FEET
SHA,D,6,RES ELE,2024-08-02 00:00,2024-08-02 00:00,1025.41,,FEET
SHA,D,6,RES ELE,2024-08-03 00:00,2024-08-03 00:00,1024.65,,FEET
SHA,D,6,RES ELE,2024-08-04 00:00,2024-08-04 00:00,1024.02,,FEET
SHA,D,6,RES ELE,2024-08-05 00:00,2024-08-05 00:00,1023.42,,FEET
SHA,D,6,RES ELE,2024-08-06 00:00,2024-08-06 00:00,1022.70,,FEET
SHA,D,6,RES ELE,2024-08-07 00:00,2024-08-07 00:00,1022.05,,FEET
SHA,D,6,RES ELE,2024-08-08 00:00,2024-08-08 00:00,1021.53,,FEET
SHA,D,6,RES ELE,2024-08-09 00:00,2024-08-09 00:00,1020.92,,FEET
SHA,D,6,RES ELE,2024-08-10 00:00,2024-08-10 00:00,1020.25,,FEET
SHA,D,6,RES ELE,2024-08-11 00:00,2024-08-11 00:00,1019.60,,FEET
SHA,D,6,RES ELE,2024-08-12 00:00,2024-08-12 00:00,1018.93,,FEET
SHA,D,6,RES ELE,2024-08-13 00:00,2024-08-13 00:00,1018.22,,FEET
SHA,D,6,RES ELE,2024-08-14 00:00,2024-08-14 00:00,1017.58,,FEET
SHA,D,6,RES ELE,2024-08-15 00:00,2024-08-15 00:00,1016.91,,FEET
SHA,D,6,RES ELE,2024-08-16 00:00,2024-08-16 00:00,1016.34,,FEET
SHA,D,6,RES ELE,2024-08-17 00:00,2024-08-17 00:00,1015.78,,FEET
SHA,D,6,RES ELE,2024-08-18 00:00,2024-08-18 00:00,1015.20,,FEET
SHA,D,6,RES ELE,2024-08-19 00:00,2024-08-19 00:00,1014.63,,FEET
SHA,D,6,RES ELE,2024-08-20 00:00,2024-08-20 00:00,1014.00,,FEET
SHA,D,6,RES ELE,2024-08-21 00:00,2024-08-21 00:00,1013.39,,FEET
SHA,D,6,RES ELE,2024-08-22 00:00,2024-08-22 00:00,1012.78,,FEET
SHA,D,6,RES ELE,2024-08-23 00:00,2024-08-23 00:00,1012.18,,FEET
SHA,D,6,RES ELE,2024-08-24 00:00,2024-08-24 00:00,1011.64,,FEET
SHA,D,6,RES ELE,2024-08-25 00:00,2024-08-25 00:00,1011.02,,FEET
SHA,D,6,RES ELE,2024-08-26 00:00,2024-08-26 00:00,1010.40,,FEET
SHA,D,6,RES ELE,2024-08-27 00:00,2024-08-27 00:00,1009.91,,FEET
SHA,D,6,RES ELE,2024-08-28 00:00,2024-08-28 00:00,1009.43,,FEET
SHA,D,6,RES ELE,2024-08-29 00:00,2024-08-29 00:00,1009.03,,FEET
SHA,D,6,RES ELE,2024-08-30 00:00,2024-08-30 00:00,1008.60,,FEET
SHA,D,6,RES ELE,2024-08-31 00:00,2024-08-31 00:00,1008.05,,FEET
SHA,D,6,RES ELE,2024-09-01 00:00,2024-09-01 00:00,1007.63,,FEET
SHA,D,6,RES ELE,2024-09-02 00:00,2024-09-02 00:00,1007.13,,FEET
SHA,D,6,RES ELE,2024-09-03 00:00,2024-09-03 00:00,1006.71,,FEET
SHA,D,6,RES ELE,2024-09-04 00:00,2024-09-04 00:00,1006.25,,FEET
SHA,D,6,RES ELE,2024-09-05 00:00,2024-09-05 00:00,1005.90,,FEET
SHA,D,6,RES ELE,2024-09-06 00:00,2024-09-06 00:00,1005.44,,FEET
SHA,D,6,RES ELE,2024-09-07 00:00,2024-09-07 00:00,1005.07,,FEET
SHA,D,6,RES ELE,2024-09-08 00:00,2024-09-08 00:00,1004.66,,FEET
SHA,D,6,RES ELE,2024-09-09 00:00,2024-09-09 00:00,1004.31,,FEET
SHA,D,6,RES ELE,2024-09-10 00:00,2024-09-10 00:00,1003.97,,FEET
SHA,D,6,RES ELE,2024-09-11 00:00,2024-09-11 00:00,1003.60,,FEET
SHA,D,6,RES ELE,2024-09-12 00:00,2024-09-12 00:00,1003.21,,FEET
SHA,D,6,RES ELE,2024-09-13 00:00,2024-09-13 00:00,1002.83,,FEET
SHA,D,6,RES ELE,2024-09-14 00:00,2024-09-14 00:00,1002.45,,FEET
SHA,D,6,RES ELE,2024-09-15 00:00,2024-09-15 00:00,1002.14,,FEET
SHA,D,6,RES ELE,2024-09-16 00:00,2024-09-16 00:00,1001.88,,FEET
SHA,D,6,RES ELE,2024-09-17 00:00,2024-09-17 00:00,1001.59,,FEET
SHA,D,6,RES ELE,2024-09-18 00:00,2024-09-18 00:00,1001.24,,FEET
SHA,D,6,RES ELE,2024-09-19 00:00,2024-09-19 00:00,1000.87,,FEET
SHA,D,6,RES ELE,2024-09-20 00:00,2024-09-20 00:00,1000.60,,FEET
SHA,D,6,RES ELE,2024-09-21 00:00,2024-09-21 00:00,1000.14,,FEET
SHA,D,6,RES ELE,2024-09-22 00:00,2024-09-22 00:00,999.77,,FEET
SHA,D,6,RES ELE,2024-09-23 00:00,2024-09-23 00:00,999.57,,FEET
SHA,D,6,RES ELE,2024-09-24 00:00,2024-09-24 00:00,999.28,,FEET
SHA,D,6,RES ELE,2024-09-25 00:00,2024-09-25 00:00,998.95,,FEET
SHA,D,6,RES ELE,2024-09-26 00:00,2024-09-26 00:00,998.65,,FEET
SHA,D,6,RES ELE,2024-09-27 00:00,2024-09-27 00:00,998.40,,FEET
SHA,D,6,RES ELE,2024-09-28 00:00,2024-09-28 00:00,998.04,,FEET
SHA,D,6,RES ELE,2024-09-29 00:00,2024-09-29 00:00,997.66,,FEET
SHA,D,6,RES ELE,2024-09-30 00:00,2024-09-30 00:00,997.11,,FEET
SHA,D,6,RES ELE,2024-10-01 00:00,2024-10-01 00:00,996.86,,FEET
SHA,D,6,RES ELE,2024-10-02 00:00,2024-10-02 00:00,996.74,,FEET
SHA,D,6,RES ELE,2024-10-03 00:00,2024-10-03 00:00,996.37,,FEET
SHA,D,6,RES ELE,2024-10-04 00:00,2024-10-04 00:00,996.06,,FEET
SHA,D,6,RES ELE,2024-10-05 00:00,2024-10-05 00:00,995.74,,FEET
SHA,D,6,RES ELE,2024-10-06 00:00,2024-10-06 00:00,995.51,,FEET
SHA,D,6,RES ELE,2024-10-07 00:00,2024-10-07 00:00,995.28,,FEET
SHA,D,6,RES ELE,2024-10-08 00:00,2024-10-08 00:00,995.07,,FEET
SHA,D,6,RES ELE,2024-10-09 00:00,2024-10-09 00:00,994.82,,FEET
SHA,D,6,RES ELE,2024-10-10 00:00,2024-10-10 00:00,994.55,,FEET
SHA,D,6,RES ELE,2024-10-11 00:00,2024-10-11 00:00,994.33,,FEET
SHA,D,6,RES ELE,2024-10-12 00:00,2024-10-12 00:00,994.08,,FEET
SHA,D,6,RES ELE,2024-10-13 00:00,2024-10-13 00:00,993.86,,FEET
SHA,D,6,RES ELE,2024-10-14 00:00,2024-10-14 00:00,993.58,,FEET
SHA,D,6,RES ELE,2024-10-15 00:00,2024-10-15 00:00,993.32,,FEET
SHA,D,6,RES ELE,2024-10-16 00:00,2024-10-16 00:00,993.19,,FEET
SHA,D,6,RES ELE,2024-10-17 00:00,2024-10-17 00:00,992.96,,FEET
SHA,D,6,RES ELE,2024-10-18 00:00,2024-10-18 00:00,992.66,,FEET
SHA,D,6,RES ELE,2024-10-19 00:00,2024-10-19 00:00,992.36,,FEET
SHA,D,6,RES ELE,2024-10-20 00:00,2024-10-20 00:00,991.94,,FEET
SHA,D,6,RES ELE,2024-10-21 00:00,2024-10-21 00:00,991.75,,FEET
SHA,D,6,RES ELE,2024-10-22 00:00,2024-10-22 00:00,991.50,,FEET
SHA,D,6,RES ELE,2024-10-23 00:00,2024-10-23 00:00,991.16,,FEET
SHA,D,6,RES ELE,2024-10-24 00:00,2024-10-24 00:00,990.84,,FEET
SHA,D,6,RES ELE,2024-10-25 00:00,2024-10-25 00:00,990.58,,FEET
SHA,D,6,RES ELE,2024-10-26 00:00,2024-10-26 00:00,990.29,,FEET
SHA,D,6,RES ELE,2024-10-27 00:00,2024-10-27 00:00,989.98,,FEET
SHA,D,6,RES ELE,2024-10-28 00:00,2024-10-28 00:00,989.70,,FEET
SHA,D,6,RES ELE,2024-10-29 00:00,2024-10-29 00:00,989.46,,FEET
SHA,D,6,RES ELE,2024-10-30 00:00,2024-10-30 00:00,989.25,,FEET
SHA,D,6,RES ELE,2024-10-31 00:00,2024-10-31 00:00,988.98,,FEET
SHA,D,6,RES ELE,2024-11-01 00:00,2024-11-01 00:00,988.76,,FEET
SHA,D,6,RES ELE,2024-11-02 00:00,2024-11-02 00:00,988.39,,FEET
SHA,D,6,RES ELE,2024-11-03 00:00,2024-11-03 00:00,988.09,,FEET
SHA,D,6,RES ELE,2024-11-04 00:00,2024-11-04 00:00,987.83,,FEET
SHA,D,6,RES ELE,2024-11-05 00:00,2024-11-05 00:00,987.74,,FEET
SHA,D,6,RES ELE,2024-11-06 00:00,2024-11-06 00:00,987.44,,FEET
SHA,D,6,RES ELE,2024-11-07 00:00,2024-11-07 00:00,987.15,,FEET
SHA,D,6,RES ELE,2024-11-08 00:00,2024-11-08 00:00,986.86,,FEET
SHA,D,6,RES ELE,2024-11-09 00:00,2024-11-09 00:00,986.52,,FEET
SHA,D,6,RES ELE,2024-11-10 00:00,2024-11-10 00:00,986.27,,FEET
SHA,D,6,RES ELE,2024-11-11 00:00,2024-11-11 00:00,986.17,,FEET
SHA,D,6,RES ELE,2024-11-12 00:00,2024-11-12 00:00,986.03,,FEET
SHA,D,6,RES ELE,2024-11-13 00:00,2024-11-13 00:00,985.94,,FEET
SHA,D,6,RES ELE,2024-11-14 00:00,2024-11-14 00:00,985.85,,FEET
SHA,D,6,RES ELE,2024-11-15 00:00,2024-11-15 00:00,985.93,,FEET
SHA,D,6,RES ELE,2024-11-16 00:00,2024-11-16 00:00,985.75,,FEET
SHA,D,6,RES ELE,2024-11-17 00:00,2024-11-17 00:00,985.54,,FEET
SHA,D,6,RES ELE,2024-11-18 00:00,2024-11-18 00:00,985.52,,FEET
SHA,D,6,RES ELE,2024-11-19 00:00,2024-11-19 00:00,985.57,,FEET
SHA,D,6,RES ELE,2024-11-20 00:00,2024-11-20 00:00,986.41,,FEET
SHA,D,6,RES ELE,2024-11-21 00:00,2024-11-21 00:00,987.68,,FEET
SHA,D,6,RES ELE,2024-11-22 00:00,2024-11-22 00:00,990.23,,FEET
SHA,D,6,RES ELE,2024-11-23 00:00,2024-11-23 00:00,991.75,,FEET
SHA,D,6,RES ELE,2024-11-24 00:00,2024-11-24 00:00,992.76,,FEET
SHA,D,6,RES ELE,2024-11-25 00:00,2024-11-25 00:00,994.02,,FEET
SHA,D,6,RES ELE,2024-11-26 00:00,2024-11-26 00:00,995.20,,FEET
SHA,D,6,RES ELE,2024-11-27 00:00,2024-11-27 00:00,996.07,,FEET
SHA,D,6,RES ELE,2024-11-28 00:00,2024-11-28 00:00,996.66,,FEET
SHA,D,6,RES ELE,2024-11-29 00:00,2024-11-29 00:00,997.15,,FEET
SHA,D,6,RES ELE,2024-11-30 00:00,2024-11-30 00:00,997.28,,FEET
SHA,D,6,RES ELE,2024-12-01 00:00,2024-12-01 00:00,997.40,,FEET
SHA,D,6,RES ELE,2024-12-02 00:00,2024-12-02 00:00,997.50,,FEET
SHA,D,6,RES ELE,2024-12-03 00:00,2024-12-03 00:00,997.58,,FEET
SHA,D,6,RES ELE,2024-12-04 00:00,2024-12-04 00:00,997.77,,FEET
SHA,D,6,RES ELE,2024-12-05 00:00,2024-12-05 00:00,997.77,,FEET
SHA,D,6,RES ELE,2024-12-06 00:00,2024-12-06 00:00,997.86,,FEET
SHA,D,6,RES ELE,2024-12-07 00:00,2024-12-07 00:00,,,FEET
SHA,D,6,RES ELE,2024-12-08 00:00,2024-12-08 00:00,998.05,,FEET
SHA,D,6,RES ELE,2024-12-09 00:00,2024-12-09 00:00,998.01,,FEET
SHA,D,6,RES ELE,2024-12-10 00:00,2024-12-10 00:00,997.96,,FEET
SHA,D,6,RES ELE,2024-12-11 00:00,2024-12-11 00:00,998.02,,FEET
SHA,D,6,RES ELE,2024-12-12 00:00,2024-12-12 00:00,998.26,,FEET
SHA,D,6,RES ELE,2024-12-13 00:00,2024-12-13 00:00,999.02,,FEET
SHA,D,6,RES ELE,2024-12-14 00:00,2024-12-14 00:00,1001.21,,FEET
SHA,D,6,RES ELE,2024-12-15 00:00,2024-12-15 00:00,1002.28,,FEET
SHA,D,6,RES ELE,2024-12-16 00:00,2024-12-16 00:00,1003.23,,FEET
SHA,D,6,RES ELE,2024-12-17 00:00,2024-12-17 00:00,1004.01,,FEET
SHA,D,6,RES ELE,2024-12-18 00:00,2024-12-18 00:00,1004.82,,FEET
SHA,D,6,RES ELE,2024-12-19 00:00,2024-12-19 00:00,1005.21,,FEET
SHA,D,6,RES ELE,2024-12-20 00:00,2024-12-20 00:00,1005.51,,FEET
SHA,D,6,RES ELE,2024-12-21 00:00,2024-12-21 00:00,1006.00,,FEET
SHA,D,6,RES ELE,2024-12-22 00:00,2024-12-22 00:00,1006.63,,FEET
SHA,D,6,RES ELE,2024-12-23 00:00,2024-12-23 00:00,1007.48,,FEET
SHA,D,6,RES ELE,2024-12-24 00:00,2024-12-24 00:00,1009.74,,FEET
SHA,D,6,RES ELE,2024-12-25 00:00,2024-12-25 00:00,1011.32,,FEET
SHA,D,6,RES ELE,2024-12-26 00:00,2024-12-26 00:00,1012.83,,FEET
SHA,D,6,RES ELE,2024-12-27 00:00,2024-12-27 00:00,1015.39,,FEET
SHA,D,6,RES ELE,2024-12-28 00:00,2024-12-28 00:00,1018.63,,FEET
SHA,D,6,RES ELE,2024-12-29 00:00,2024-12-29 00:00,1023.49,,FEET
SHA,D,6,RES ELE,2024-12-30 00:00,2024-12-30 00:00,1026.20,,FEET
SHA,D,6,RES ELE,2024-12-31 00:00,2024-12-31 00:00,1027.77,,FEET
SHA,D,6,RES ELE,2025-01-01 00:00,2025-01-01 00:00,1028.64,,FEET
SHA,D,6,RES ELE,2025-01-02 00:00,2025-01-02 00:00,1028.99,,FEET
SHA,D,6,RES ELE,2025-01-03 00:00,2025-01-03 00:00,1029.62,,FEET
SHA,D,6,RES ELE,2025-01-04 00:00,2025-01-04 00:00,1030.21,,FEET
SHA,D,6,RES ELE,2025-01-05 00:00,2025-01-05 00:00,1030.49,,FEET
SHA,D,6,RES ELE,2025-01-06 00:00,2025-01-06 00:00,1030.63,,FEET
SHA,D,6,RES ELE,2025-01-07 00:00,2025-01-07 00:00,1030.62,,FEET
SHA,D,6,RES ELE,2025-01-08 00:00,2025-01-08 00:00,1030.46,,FEET
SHA,D,6,RES ELE,2025-01-09 00:00,2025-01-09 00:00,1030.21,,FEET
SHA,D,6,RES ELE,2025-01-10 00:00,2025-01-10 00:00,1029.95,,FEET
SHA,D,6,RES ELE,2025-01-11 00:00,2025-01-11 00:00,1029.60,,FEET
SHA,D,6,RES ELE,2025-01-12 00:00,2025-01-12 00:00,1029.21,,FEET
SHA,D,6,RES ELE,2025-01-13 00:00,2025-01-13 00:00,1028.77,,FEET
SHA,D,6,RES ELE,2025-01-14 00:00,2025-01-14 00:00,1028.35,,FEET
SHA,D,6,RES ELE,2025-01-15 00:00,2025-01-15 00:00,1027.92,,FEET
SHA,D,6,RES ELE,2025-01-16 00:00,2025-01-16 00:00,1027.78,,FEET
SHA,D,6,RES ELE,2025-01-17 00:00,2025-01-17 00:00,1027.71,,FEET
SHA,D,6,RES ELE,2025-01-18 00:00,2025-01-18 00:00,1027.66,,FEET
SHA,D,6,RES ELE,2025-01-19 00:00,2025-01-19 00:00,1027.88,,FEET
SHA,D,6,RES ELE,2025-01-20 00:00,2025-01-20 00:00,1028.02,,FEET
SHA,D,6,RES ELE,2025-01-21 00:00,2025-01-21 00:00,1027.92,,FEET
SHA,D,6,RES ELE,2025-01-22 00:00,2025-01-22 00:00,1028.08,,FEET
SHA,D,6,RES ELE,2025-01-23 00:00,2025-01-23 00:00,1027.94,,FEET
SHA,D,6,RES ELE,2025-01-24 00:00,2025-01-24 00:00,1027.89,,FEET
SHA,D,6,RES ELE,2025-01-25 00:00,2025-01-25 00:00,1028.00,,FEET
SHA,D,6,RES ELE,2025-01-26 00:00,2025-01-26 00:00,1028.17,,FEET
SHA,D,6,RES ELE,2025-01-27 00:00,2025-01-27 00:00,1028.27,,FEET
SHA,D,6,RES ELE,2025-01-28 00:00,2025-01-28 00:00,1028.34,,FEET
SHA,D,6,RES ELE,2025-01-29 00:00,2025-01-29 00:00,1028.20,,FEET
SHA,D,6,RES ELE,2025-01-30 00:00,2025-01-30 00:00,1027.95,,FEET
SHA,D,6,RES ELE,2025-01-31 00:00,2025-01-31 00:00,1028.37,,FEET
SHA,D,6,RES ELE,2025-02-01 00:00,2025-02-01 00:00,1029.06,,FEET
SHA,D,6,RES ELE,2025-02-02 00:00,2025-02-02 00:00,1032.05,,FEET
SHA,D,6,RES ELE,2025-02-03 00:00,2025-02-03 00:00,1037.17,,FEET
SHA,D,6,RES ELE,2025-02-04 00:00,2025-02-04 00:00,1044.64,,FEET
SHA,D,6,RES ELE,2025-02-05 00:00,2025-02-05 00:00,1049.54,,FEET
SHA,D,6,RES ELE,2025-02-06 00:00,2025-02-06 00:00,1051.63,,FEET
SHA,D,6,RES ELE,2025-02-07 00:00,2025-02-07 00:00,1051.79,,FEET
SHA,D,6,RES ELE,2025-02-08 00:00,2025-02-08 00:00,1049.82,,FEET
SHA,D,6,RES ELE,2025-02-09 00:00,2025-02-09 00:00,1047.36,,FEET
SHA,D,6,RES ELE,2025-02-10 00:00,2025-02-10 00:00,1044.54,,FEET
SHA,D,6,RES ELE,2025-02-11 00:00,2025-02-11 00:00,1041.63,,FEET
SHA,D,6,RES ELE,2025-02-12 00:00,2025-02-12 00:00,1038.42,,FEET
SHA,D,6,RES ELE,2025-02-13 00:00,2025-02-13 00:00,1036.77,,FEET
SHA,D,6,RES ELE,2025-02-14 00:00,2025-02-14 00:00,1035.60,,FEET
SHA,D,6,RES ELE,2025-02-15 00:00,2025-02-15 00:00,1033.91,,FEET
SHA,D,6,RES ELE,2025-02-16 00:00,2025-02-16 00:00,1032.30,,FEET
SHA,D,6,RES ELE,2025-02-17 00:00,2025-02-17 00:00,1030.90,,FEET
SHA,D,6,RES ELE,2025-02-18 00:00,2025-02-18 00:00,1029.89,,FEET
SHA,D,6,RES ELE,2025-02-19 00:00,2025-02-19 00:00,1029.12,,FEET
SHA,D,6,RES ELE,2025-02-20 00:00,2025-02-20 00:00,1028.88,,FEET
SHA,D,6,RES ELE,2025-02-21 00:00,2025-02-21 00:00,1028.63,,FEET
SHA,D,6,RES ELE,2025-02-22 00:00,2025-02-22 00:00,1028.57,,FEET
SHA,D,6,RES ELE,2025-02-23 00:00,2025-02-23 00:00,1028.80,,FEET
SHA,D,6,RES ELE,2025-02-24 00:00,2025-02-24 00:00,1029.07,,FEET
SHA,D,6,RES ELE,2025-02-25 00:00,2025-02-25 00:00,1029.53,,FEET
SHA,D,6,RES ELE,2025-02-26 00:00,2025-02-26 00:00,1030.05,,FEET
SHA,D,6,RES ELE,2025-02-27 00:00,2025-02-27 00:00,1030.50,,FEET
SHA,D,6,RES ELE,2025-02-28 00:00,2025-02-28 00:00,1031.10,,FEET
SHA,D,6,RES ELE,2025-03-01 00:00,2025-03-01 00:00,1031.76,,FEET
SHA,D,6,RES ELE,2025-03-02 00:00,2025-03-02 00:00,1032.39,,FEET
SHA,D,6,RES ELE,2025-03-03 00:00,2025-03-03 00:00,1032.81,,FEET
SHA,D,6,RES ELE,2025-03-04 00:00,2025-03-04 00:00,1033.31,,FEET
SHA,D,6,RES ELE,2025-03-05 00:00,2025-03-05 00:00,1033.84,,FEET
SHA,D,6,RES ELE,2025-03-06 00:00,2025-03-06 00:00,1034.20,,FEET
SHA,D,6,RES ELE,2025-03-07 00:00,2025-03-07 00:00,1034.53,,FEET
SHA,D,6,RES ELE,2025-03-08 00:00,2025-03-08 00:00,1034.77,,FEET
SHA,D,6,RES ELE,2025-03-09 00:00,2025-03-09 00:00,1035.00,,FEET
SHA,D,6,RES ELE,2025-03-10 00:00,2025-03-10 00:00,1035.31,,FEET
SHA,D,6,RES ELE,2025-03-11 00:00,2025-03-11 00:00,,,FEET
SHA,D,6,RES ELE,2025-03-12 00:00,2025-03-12 00:00,,,FEET
