Date (ending 12 UTC),Flow (KCFS)
10/1/1950,2.819
10/2/1950,3.705
10/3/1950,3.204
10/4/1950,2.838
10/5/1950,3.858
10/6/1950,3.29
10/7/1950,2.551
10/8/1950,3.452
10/9/1950,3.549
10/10/1950,3.098
10/11/1950,2.994
10/12/1950,3.046
10/13/1950,3.564
10/14/1950,3.092
10/15/1950,2.606
10/16/1950,4.829
10/17/1950,8.295
10/18/1950,3.925
10/19/1950,3.066
10/20/1950,3.559
10/21/1950,2.787
10/22/1950,3.335
10/23/1950,3.663
10/24/1950,4.176
10/25/1950,7.652
10/26/1950,10.039
10/27/1950,13.46
10/28/1950,41.682
10/29/1950,51.803
10/30/1950,39.973
10/31/1950,16.181
11/1/1950,11.73
11/2/1950,9.193
11/3/1950,8.113
11/4/1950,7.116
11/5/1950,6.066
11/6/1950,6.844
11/7/1950,5.654
11/8/1950,5.887
11/9/1950,4.539
11/10/1950,4.951
11/11/1950,5.317
11/12/1950,3.893
11/13/1950,5.968
11/14/1950,4.63
11/15/1950,8.242
11/16/1950,27.287
11/17/1950,23.412
11/18/1950,23.079
11/19/1950,16.642
11/20/1950,15.065
11/21/1950,13.81
11/22/1950,12.41
11/23/1950,10.03
11/24/1950,9.88
11/25/1950,9.22
11/26/1950,7.94
11/27/1950,9.61
11/28/1950,7.153
11/29/1950,7.863
11/30/1950,8.273
12/1/1950,7.678
12/2/1950,9.819
12/3/1950,15.229
12/4/1950,16.315
12/5/1950,13.92
12/6/1950,15.23
12/7/1950,19.27
12/8/1950,25.96
12/9/1950,27.91
12/10/1950,22.07
12/11/1950,20.53
12/12/1950,17.9
12/13/1950,16.15
12/14/1950,27.51
12/15/1950,37.55
12/16/1950,26.64
12/17/1950,20.41
12/18/1950,17.29
12/19/1950,15.03
12/20/1950,12.74
12/21/1950,11.58
12/22/1950,10.65
12/23/1950,9.58
12/24/1950,8.9
12/25/1950,8.84
12/26/1950,9.03
12/27/1950,8.12
12/28/1950,7.67
12/29/1950,7.8
12/30/1950,7.351
12/31/1950,6.841
1/1/1951,6.952
1/2/1951,7.494
1/3/1951,6.794
1/4/1951,7.825
1/5/1951,7.491
1/6/1951,6.63
1/7/1951,5.644
1/8/1951,8.106
1/9/1951,6.847
1/10/1951,10.477
1/11/1951,16.291
1/12/1951,11.944
1/13/1951,9.096
1/14/1951,8.12
1/15/1951,10.765
1/16/1951,11.967
1/17/1951,23.333
1/18/1951,26.075
1/19/1951,18.1
1/20/1951,13.854
1/21/1951,15.641
1/22/1951,12.434
1/23/1951,12.704
1/24/1951,14.679
1/25/1951,14.623
1/26/1951,14.72
1/27/1951,14.17
1/28/1951,13.23
1/29/1951,11.75
1/30/1951,10.577
1/31/1951,9.649
2/1/1951,8.758
2/2/1951,9.039
2/3/1951,10.083
2/4/1951,29.452
2/5/1951,33.561
2/6/1951,23.601
2/7/1951,21.22
2/8/1951,21.69
2/9/1951,19.33
2/10/1951,22.7
2/11/1951,42.98
2/12/1951,34.25
2/13/1951,25.64
2/14/1951,21.72
2/15/1951,18.49
2/16/1951,16.28
2/17/1951,15.01
2/18/1951,13.09
2/19/1951,12.83
2/20/1951,13.83
2/21/1951,11.76
2/22/1951,10.69
2/23/1951,11.13
2/24/1951,9.781
2/25/1951,9.857
2/26/1951,10.183
2/27/1951,8.814
2/28/1951,9.312
3/1/1951,8.735
3/2/1951,8.616
3/3/1951,7.929
3/4/1951,9.82
3/5/1951,9.379
3/6/1951,15.029
3/7/1951,13.253
3/8/1951,13.955
3/9/1951,17.692
3/10/1951,14.136
3/11/1951,11.624
3/12/1951,11.398
3/13/1951,10.718
3/14/1951,10.949
3/15/1951,10.81
3/16/1951,11.273
3/17/1951,11.072
3/18/1951,10.094
3/19/1951,11.39
3/20/1951,10.68
3/21/1951,10.8
3/22/1951,10.72
3/23/1951,10.05
3/24/1951,9.9
3/25/1951,9.3
3/26/1951,9.87
3/27/1951,9.273
3/28/1951,9.111
3/29/1951,8.959
3/30/1951,9.049
3/31/1951,8.522
4/1/1951,8.432
4/2/1951,8.95
4/3/1951,8.323
4/4/1951,8.649
4/5/1951,8.904
4/6/1951,8.786
4/7/1951,8.922
4/8/1951,8.01
4/9/1951,10.009
4/10/1951,9.532
4/11/1951,9.291
4/12/1951,8.589
4/13/1951,9.234
4/14/1951,9.565
4/15/1951,9.304
4/16/1951,7.836
4/17/1951,8.715
4/18/1951,8.206
4/19/1951,8.162
4/20/1951,8.408
4/21/1951,7.758
4/22/1951,6.846
4/23/1951,8.415
4/24/1951,7.353
4/25/1951,6.7
4/26/1951,6.929
4/27/1951,8.754
4/28/1951,10.485
4/29/1951,7.664
4/30/1951,7.935
5/1/1951,6.99
5/2/1951,8.214
5/3/1951,10.486
5/4/1951,13.368
5/5/1951,12.136
5/6/1951,10.11
5/7/1951,10.19
5/8/1951,9.715
5/9/1951,8.931
5/10/1951,10.163
5/11/1951,9.323
5/12/1951,9.501
5/13/1951,8.51
5/14/1951,8.746
5/15/1951,8.135
5/16/1951,8.437
5/17/1951,8.092
5/18/1951,7.982
5/19/1951,7.942
5/20/1951,7.37
5/21/1951,7.558
5/22/1951,7.59
5/23/1951,7.024
5/24/1951,6.639
5/25/1951,6.442
5/26/1951,6.084
5/27/1951,4.736
5/28/1951,6.424
5/29/1951,5.693
5/30/1951,4.864
5/31/1951,5.567
6/1/1951,5.37
6/2/1951,4.965
6/3/1951,4.584
6/4/1951,5.512
6/5/1951,5.013
6/6/1951,4.597
6/7/1951,4.944
6/8/1951,4.265
6/9/1951,4.508
6/10/1951,4.627
6/11/1951,5.072
6/12/1951,4.288
6/13/1951,4.598
6/14/1951,4.288
6/15/1951,4.297
6/16/1951,3.457
6/17/1951,4.088
6/18/1951,4.153
6/19/1951,5.063
6/20/1951,3.774
6/21/1951,3.816
6/22/1951,4.066
6/23/1951,3.097
6/24/1951,4.653
6/25/1951,4.495
6/26/1951,3.15
6/27/1951,4.318
6/28/1951,4.034
6/29/1951,3.79
6/30/1951,3.867
7/1/1951,3.19
7/2/1951,4.644
7/3/1951,3.818
7/4/1951,2.97
7/5/1951,4.167
7/6/1951,3.74
7/7/1951,2.638
7/8/1951,3.588
7/9/1951,4.681
7/10/1951,3.43
7/11/1951,3.493
7/12/1951,3.599
7/13/1951,3.827
7/14/1951,2.059
7/15/1951,3.303
7/16/1951,4.774
7/17/1951,3.874
7/18/1951,3.19
7/19/1951,3.136
7/20/1951,2.971
7/21/1951,2.733
7/22/1951,3.324
7/23/1951,4.497
7/24/1951,3.252
7/25/1951,3.318
7/26/1951,3.261
7/27/1951,3.279
7/28/1951,2.549
7/29/1951,3.083
7/30/1951,4.296
7/31/1951,2.958
8/1/1951,3.616
8/2/1951,2.692
8/3/1951,3.306
8/4/1951,2.194
8/5/1951,3.221
8/6/1951,4.551
8/7/1951,2.802
8/8/1951,3.091
8/9/1951,3.135
8/10/1951,2.902
8/11/1951,2.613
8/12/1951,3.223
8/13/1951,4.648
8/14/1951,3.586
8/15/1951,2.349
8/16/1951,3.687
8/17/1951,3.149
8/18/1951,1.615
8/19/1951,3.65
8/20/1951,4.15
8/21/1951,3.136
8/22/1951,3.186
8/23/1951,3.353
8/24/1951,2.99
8/25/1951,2.36
8/26/1951,3.658
8/27/1951,3.582
8/28/1951,4.053
8/29/1951,2.522
8/30/1951,2.925
8/31/1951,3.471
9/1/1951,2.097
9/2/1951,2.372
9/3/1951,4.001
9/4/1951,4.026
9/5/1951,3.295
9/6/1951,3.179
9/7/1951,3.359
9/8/1951,1.492
9/9/1951,3.763
9/10/1951,4.205
9/11/1951,3.128
9/12/1951,3.465
9/13/1951,3.508
9/14/1951,2.796
9/15/1951,1.639
9/16/1951,3.932
9/17/1951,4.264
9/18/1951,3.341
9/19/1951,3.155
9/20/1951,2.903
9/21/1951,3.64
9/22/1951,1.642
9/23/1951,3.546
9/24/1951,4.407
9/25/1951,3.073
9/26/1951,2.965
9/27/1951,2.987
9/28/1951,3.36
9/29/1951,1.961
9/30/1951,4.296
10/1/1951,7.166
10/2/1951,4.616
10/3/1951,3.792
10/4/1951,3.309
10/5/1951,3.776
10/6/1951,3.132
10/7/1951,2.703
10/8/1951,4.43
10/9/1951,3.505
10/10/1951,3.315
10/11/1951,3.712
10/12/1951,3.567
10/13/1951,2.88
10/14/1951,3.105
10/15/1951,4.702
10/16/1951,3.129
10/17/1951,3.091
10/18/1951,3.658
10/19/1951,3.338
10/20/1951,3.059
10/21/1951,3.144
10/22/1951,4.185
10/23/1951,4.045
10/24/1951,4.788
10/25/1951,4.286
10/26/1951,4.106
10/27/1951,3.036
10/28/1951,3.196
10/29/1951,4.269
10/30/1951,4.02
10/31/1951,3.308
11/1/1951,3.458
11/2/1951,3.734
11/3/1951,3.463
11/4/1951,2.234
11/5/1951,4.932
11/6/1951,3.567
11/7/1951,3.487
11/8/1951,3.531
11/9/1951,3.523
11/10/1951,4.874
11/11/1951,5.567
11/12/1951,6.983
11/13/1951,4.316
11/14/1951,4.205
11/15/1951,3.88
11/16/1951,4.094
11/17/1951,2.169
11/18/1951,2.845
11/19/1951,8.929
11/20/1951,11.077
11/21/1951,7.569
11/22/1951,5.126
11/23/1951,5.11
11/24/1951,3.352
11/25/1951,5.447
11/26/1951,8.028
11/27/1951,7.183
11/28/1951,14.011
11/29/1951,13.258
11/30/1951,34.276
12/1/1951,62.02
12/2/1951,29.58
12/3/1951,24.436
12/4/1951,28.499
12/5/1951,19.393
12/6/1951,15.309
12/7/1951,11.278
12/8/1951,8.569
12/9/1951,4.189
12/10/1951,10.587
12/11/1951,7.367
12/12/1951,6.735
12/13/1951,6.418
12/14/1951,6.042
12/15/1951,5.673
12/16/1951,4.767
12/17/1951,6.964
12/18/1951,7.988
12/19/1951,6.283
12/20/1951,5.911
12/21/1951,5.678
12/22/1951,5.632
12/23/1951,5.008
12/24/1951,6.389
12/25/1951,5.956
12/26/1951,28.418
12/27/1951,77.184
12/28/1951,44.544
12/29/1951,31.57
12/30/1951,26.81
12/31/1951,22
1/1/1952,15.91
1/2/1952,12.83
1/3/1952,11.98
1/4/1952,10.583
1/5/1952,10.177
1/6/1952,10.768
1/7/1952,9.82
1/8/1952,7.97
1/9/1952,7.91
1/10/1952,9.598
1/11/1952,12.51
1/12/1952,10.716
1/13/1952,9.162
1/14/1952,17.397
1/15/1952,12.104
1/16/1952,10.157
1/17/1952,8.464
1/18/1952,7.935
1/19/1952,8.84
1/20/1952,13.375
1/21/1952,10.566
1/22/1952,9.427
1/23/1952,9.031
1/24/1952,17.216
1/25/1952,16.516
1/26/1952,19.69
1/27/1952,15.312
1/28/1952,14.865
1/29/1952,12.158
1/30/1952,14.119
1/31/1952,17.88
2/1/1952,56.426
2/2/1952,47.871
2/3/1952,32.407
2/4/1952,25.67
2/5/1952,23.97
2/6/1952,21.77
2/7/1952,20.41
2/8/1952,19.76
2/9/1952,18.6
2/10/1952,17.6
2/11/1952,22.52
2/12/1952,19.22
2/13/1952,18.29
2/14/1952,14.15
2/15/1952,14.06
2/16/1952,18.52
2/17/1952,19.08
2/18/1952,17.71
2/19/1952,16.27
2/20/1952,15.2
2/21/1952,14.38
2/22/1952,14.38
2/23/1952,13.94
2/24/1952,13.4
2/25/1952,12.81
2/26/1952,12.28
2/27/1952,12.15
2/28/1952,12.13
2/29/1952,12.24
3/1/1952,13.05
3/2/1952,12.2
3/3/1952,12.47
3/4/1952,10.93
3/5/1952,10.53
3/6/1952,12.35
3/7/1952,10.49
3/8/1952,10.46
3/9/1952,10.58
3/10/1952,12.06
3/11/1952,12.62
3/12/1952,12.46
3/13/1952,11.16
3/14/1952,14
3/15/1952,12.71
3/16/1952,12.14
3/17/1952,14.41
3/18/1952,21.1
3/19/1952,17.86
3/20/1952,14.29
3/21/1952,12.78
3/22/1952,11.65
3/23/1952,11.64
3/24/1952,12.06
3/25/1952,17.32
3/26/1952,20.14
3/27/1952,21.84
3/28/1952,23.12
3/29/1952,25.16
3/30/1952,26.61
3/31/1952,25.22
4/1/1952,25.72
4/2/1952,24.69
4/3/1952,24.81
4/4/1952,25.56
4/5/1952,26.98
4/6/1952,27.86
4/7/1952,30.08
4/8/1952,29.74
4/9/1952,27.04
4/10/1952,25.32
4/11/1952,24.37
4/12/1952,23.26
4/13/1952,24.24
4/14/1952,22.56
4/15/1952,20.51
4/16/1952,19.73
4/17/1952,19.74
4/18/1952,19.02
4/19/1952,19.68
4/20/1952,18.45
4/21/1952,18.15
4/22/1952,16.98
4/23/1952,17.7
4/24/1952,17.36
4/25/1952,17.3
4/26/1952,17.12
4/27/1952,17.26
4/28/1952,18.58
4/29/1952,17.23
4/30/1952,19.78
5/1/1952,18
5/2/1952,16.88
5/3/1952,16.16
5/4/1952,15.13
5/5/1952,14.06
5/6/1952,13.65
5/7/1952,18.97
5/8/1952,20.49
5/9/1952,16.8
5/10/1952,16.53
5/11/1952,15.38
5/12/1952,14.66
5/13/1952,14.09
5/14/1952,13.48
5/15/1952,13.15
5/16/1952,13.1
5/17/1952,13.3
5/18/1952,12.87
5/19/1952,12.1
5/20/1952,12.02
5/21/1952,11.85
5/22/1952,11.14
5/23/1952,11.02
5/24/1952,11.57
5/25/1952,10.96
5/26/1952,10.61
5/27/1952,10.62
5/28/1952,10
5/29/1952,9.96
5/30/1952,9.23
5/31/1952,9.1
6/1/1952,8.75
6/2/1952,8.49
6/3/1952,8.26
6/4/1952,8.36
6/5/1952,8.17
6/6/1952,7.934
6/7/1952,7.571
6/8/1952,7.601
6/9/1952,7.585
6/10/1952,7.902
6/11/1952,6.623
6/12/1952,6.839
6/13/1952,6.632
6/14/1952,5.361
6/15/1952,5.966
6/16/1952,7.702
6/17/1952,6.83
6/18/1952,5.529
6/19/1952,5.942
6/20/1952,6.41
6/21/1952,4.685
6/22/1952,4.188
6/23/1952,7.562
6/24/1952,5.606
6/25/1952,5.07
6/26/1952,5.056
6/27/1952,6.181
6/28/1952,6.949
6/29/1952,6.823
6/30/1952,7.7
7/1/1952,6.222
7/2/1952,6.36
7/3/1952,6.148
7/4/1952,5.87
7/5/1952,5.657
7/6/1952,4.924
7/7/1952,5.339
7/8/1952,4.915
7/9/1952,4.959
7/10/1952,4.619
7/11/1952,5.465
7/12/1952,4.572
7/13/1952,3.593
7/14/1952,5.608
7/15/1952,4.344
7/16/1952,5.139
7/17/1952,5.099
7/18/1952,4.747
7/19/1952,3.679
7/20/1952,3.415
7/21/1952,5.871
7/22/1952,4.726
7/23/1952,4.153
7/24/1952,4.535
7/25/1952,4.403
7/26/1952,2.806
7/27/1952,4.05
7/28/1952,5.688
7/29/1952,4.247
7/30/1952,4.45
7/31/1952,4.456
8/1/1952,3.759
8/2/1952,3.196
8/3/1952,3.651
8/4/1952,5.498
8/5/1952,4.325
8/6/1952,3.247
8/7/1952,4.674
8/8/1952,4.239
8/9/1952,2.026
8/10/1952,3.116
8/11/1952,6.143
8/12/1952,3.94
8/13/1952,3.794
8/14/1952,4.282
8/15/1952,3.419
8/16/1952,2.025
8/17/1952,3.8
8/18/1952,4.676
8/19/1952,3.56
8/20/1952,4.012
8/21/1952,3.736
8/22/1952,3.718
8/23/1952,2.435
8/24/1952,3.553
8/25/1952,5.253
8/26/1952,3.777
8/27/1952,3.458
8/28/1952,3.5
8/29/1952,3.693
8/30/1952,2.487
8/31/1952,3.142
9/1/1952,4.304
9/2/1952,4.525
9/3/1952,3.724
9/4/1952,4.018
9/5/1952,4.024
9/6/1952,2.834
9/7/1952,2.807
9/8/1952,5.455
9/9/1952,4.014
9/10/1952,3.194
9/11/1952,3.323
9/12/1952,4.234
9/13/1952,2.609
9/14/1952,3.993
9/15/1952,5.372
9/16/1952,3.636
9/17/1952,3.692
9/18/1952,3.655
9/19/1952,4.259
9/20/1952,4.122
9/21/1952,2.272
9/22/1952,5.558
9/23/1952,3.868
9/24/1952,3.692
9/25/1952,3.621
9/26/1952,3.742
9/27/1952,3.8
9/28/1952,2.807
9/29/1952,4.266
9/30/1952,4.297
10/1/1952,3.729
10/2/1952,3.632
10/3/1952,3.916
10/4/1952,2.902
10/5/1952,3.46
10/6/1952,4.739
10/7/1952,3.528
10/8/1952,4.075
10/9/1952,3.462
10/10/1952,3.784
10/11/1952,3.177
10/12/1952,0.398
10/13/1952,7.562
10/14/1952,3.605
10/15/1952,3.8
10/16/1952,3.464
10/17/1952,4.27
10/18/1952,3.258
10/19/1952,2.951
10/20/1952,5.56
10/21/1952,3.591
10/22/1952,3.501
10/23/1952,4.148
10/24/1952,3.948
10/25/1952,3.732
10/26/1952,2.578
10/27/1952,5.044
10/28/1952,3.573
10/29/1952,3.932
10/30/1952,3.72
10/31/1952,3.667
11/1/1952,2.941
11/2/1952,2.743
11/3/1952,5.204
11/4/1952,3.948
11/5/1952,3.494
11/6/1952,3.719
11/7/1952,3.689
11/8/1952,3.243
11/9/1952,2.62
11/10/1952,4.239
11/11/1952,4.67
11/12/1952,4.231
11/13/1952,8.041
11/14/1952,5.556
11/15/1952,4.746
11/16/1952,3.668
11/17/1952,4.23
11/18/1952,4.601
11/19/1952,3.911
11/20/1952,3.79
11/21/1952,3.869
11/22/1952,2.994
11/23/1952,3.333
11/24/1952,5.12
11/25/1952,3.606
11/26/1952,3.677
11/27/1952,3.578
11/28/1952,3.72
11/29/1952,2.658
11/30/1952,3.698
12/1/1952,14.579
12/2/1952,6.411
12/3/1952,5.063
12/4/1952,4.757
12/5/1952,8.57
12/6/1952,17.494
12/7/1952,18.506
12/8/1952,9.884
12/9/1952,10.165
12/10/1952,18.106
12/11/1952,14.628
12/12/1952,10.667
12/13/1952,8.579
12/14/1952,7.099
12/15/1952,7.362
12/16/1952,6.296
12/17/1952,5.79
12/18/1952,6.316
12/19/1952,7.313
12/20/1952,7.229
12/21/1952,4.7
12/22/1952,6.891
12/23/1952,5.469
12/24/1952,4.662
12/25/1952,6.743
12/26/1952,14.781
12/27/1952,17.529
12/28/1952,13.229
12/29/1952,12.544
12/30/1952,25.436
12/31/1952,14.829
1/1/1953,11.828
1/2/1953,10.672
1/3/1953,8.773
1/4/1953,8.326
1/5/1953,9.818
1/6/1953,8.144
1/7/1953,21.094
1/8/1953,37.984
1/9/1953,81.549
1/10/1953,41.687
1/11/1953,30.38
1/12/1953,43.35
1/13/1953,66.31
1/14/1953,46.28
1/15/1953,30.7
1/16/1953,22.35
1/17/1953,25.36
1/18/1953,38.65
1/19/1953,43.84
1/20/1953,55.86
1/21/1953,39.85
1/22/1953,28.13
1/23/1953,23.59
1/24/1953,20.17
1/25/1953,16.82
1/26/1953,16.13
1/27/1953,13.69
1/28/1953,12.38
1/29/1953,11.78
1/30/1953,11.51
1/31/1953,10.62
2/1/1953,10.69
2/2/1953,9.622
2/3/1953,9.562
2/4/1953,10.129
2/5/1953,10.938
2/6/1953,10.672
2/7/1953,11.203
2/8/1953,11.575
2/9/1953,10.993
2/10/1953,10.939
2/11/1953,10.006
2/12/1953,9.81
2/13/1953,9.55
2/14/1953,8.64
2/15/1953,9.025
2/16/1953,8.346
2/17/1953,8.501
2/18/1953,7.238
2/19/1953,7.994
2/20/1953,8.127
2/21/1953,6.775
2/22/1953,6.737
2/23/1953,6.783
2/24/1953,7.369
2/25/1953,6.78
2/26/1953,6.395
2/27/1953,7.014
2/28/1953,7.04
3/1/1953,5.888
3/2/1953,7.271
3/3/1953,6.746
3/4/1953,6.58
3/5/1953,5.949
3/6/1953,6.63
3/7/1953,6.274
3/8/1953,5.852
3/9/1953,7.547
3/10/1953,9.424
3/11/1953,9.119
3/12/1953,13.037
3/13/1953,10.004
3/14/1953,8.59
3/15/1953,8.116
3/16/1953,9.404
3/17/1953,7.642
3/18/1953,10.395
3/19/1953,24.102
3/20/1953,17.806
3/21/1953,19.703
3/22/1953,13.102
3/23/1953,13.141
3/24/1953,14.601
3/25/1953,14.845
3/26/1953,14.19
3/27/1953,13.24
3/28/1953,13.65
3/29/1953,11.17
3/30/1953,11.42
3/31/1953,11.06
4/1/1953,10.543
4/2/1953,10.546
4/3/1953,9.686
4/4/1953,9.899
4/5/1953,10.388
4/6/1953,10.075
4/7/1953,9.974
4/8/1953,9.151
4/9/1953,10.027
4/10/1953,9.286
4/11/1953,8.738
4/12/1953,8.04
4/13/1953,8.243
4/14/1953,7.747
4/15/1953,7.649
4/16/1953,8.823
4/17/1953,8.006
4/18/1953,7.863
4/19/1953,6.684
4/20/1953,9.479
4/21/1953,9.058
4/22/1953,10.53
4/23/1953,10.954
4/24/1953,9.854
4/25/1953,9.993
4/26/1953,11.824
4/27/1953,24.888
4/28/1953,18.748
4/29/1953,16.715
4/30/1953,14.41
5/1/1953,13.179
5/2/1953,11.929
5/3/1953,11.45
5/4/1953,10.944
5/5/1953,11.53
5/6/1953,12.063
5/7/1953,11.404
5/8/1953,10.702
5/9/1953,9.996
5/10/1953,9.494
5/11/1953,9.739
5/12/1953,9.505
5/13/1953,9.393
5/14/1953,9.015
5/15/1953,9.627
5/16/1953,10.233
5/17/1953,9.247
5/18/1953,9.752
5/19/1953,12.15
5/20/1953,10.703
5/21/1953,11.278
5/22/1953,10.883
5/23/1953,12.319
5/24/1953,11.93
5/25/1953,12.309
5/26/1953,11.239
5/27/1953,10.929
5/28/1953,10.881
5/29/1953,10.571
5/30/1953,10.261
5/31/1953,10.521
6/1/1953,10.001
6/2/1953,9.722
6/3/1953,9.499
6/4/1953,9.322
6/5/1953,9.213
6/6/1953,11.82
6/7/1953,11.809
6/8/1953,11.108
6/9/1953,11.016
6/10/1953,10.24
6/11/1953,10.399
6/12/1953,10.33
6/13/1953,10.189
6/14/1953,10.249
6/15/1953,10.581
6/16/1953,10.41
6/17/1953,10.032
6/18/1953,9.493
6/19/1953,8.881
6/20/1953,9.042
6/21/1953,8
6/22/1953,7.808
6/23/1953,7.177
6/24/1953,7.166
6/25/1953,6.822
6/26/1953,6.845
6/27/1953,5.007
6/28/1953,5.628
6/29/1953,8.023
6/30/1953,6.359
7/1/1953,5.766
7/2/1953,5.935
7/3/1953,5.547
7/4/1953,5.083
7/5/1953,4.649
7/6/1953,6.542
7/7/1953,5.774
7/8/1953,5.33
7/9/1953,4.999
7/10/1953,4.832
7/11/1953,3.718
7/12/1953,5.013
7/13/1953,5.289
7/14/1953,5.082
7/15/1953,4.839
7/16/1953,4.929
7/17/1953,5.307
7/18/1953,2.615
7/19/1953,4.611
7/20/1953,5.354
7/21/1953,4.893
7/22/1953,4.352
7/23/1953,4.075
7/24/1953,3.592
7/25/1953,3.818
7/26/1953,4.171
7/27/1953,5.245
7/28/1953,4.167
7/29/1953,4.592
7/30/1953,3.567
7/31/1953,4.619
8/1/1953,2.723
8/2/1953,3.336
8/3/1953,5.56
8/4/1953,3.759
8/5/1953,3.685
8/6/1953,3.868
8/7/1953,3.995
8/8/1953,2.718
8/9/1953,4.347
8/10/1953,4.59
8/11/1953,4.312
8/12/1953,3.737
8/13/1953,3.849
8/14/1953,3.825
8/15/1953,1.892
8/16/1953,4.011
8/17/1953,5.175
8/18/1953,3.862
8/19/1953,3.719
8/20/1953,3.544
8/21/1953,3.334
8/22/1953,4.802
8/23/1953,3.637
8/24/1953,2.535
8/25/1953,3.772
8/26/1953,4.697
8/27/1953,3.334
8/28/1953,3.707
8/29/1953,3.635
8/30/1953,3.149
8/31/1953,4.004
9/1/1953,4.939
9/2/1953,3.867
9/3/1953,3.441
9/4/1953,3.831
9/5/1953,3.801
9/6/1953,3.942
9/7/1953,3.551
9/8/1953,3.57
9/9/1953,3.774
9/10/1953,3.628
9/11/1953,3.413
9/12/1953,3.023
9/13/1953,4.295
9/14/1953,4.235
9/15/1953,3.262
9/16/1953,4.381
9/17/1953,3.272
9/18/1953,4.115
9/19/1953,1.861
9/20/1953,3.849
9/21/1953,4.844
9/22/1953,4.215
9/23/1953,3.804
9/24/1953,3.818
9/25/1953,3.403
9/26/1953,4.171
9/27/1953,3.711
9/28/1953,3.567
9/29/1953,4.121
9/30/1953,3.362
10/1/1953,3.807
10/2/1953,3.418
10/3/1953,3.693
10/4/1953,2.442
10/5/1953,5.212
10/6/1953,3.812
10/7/1953,3.948
10/8/1953,3.906
10/9/1953,3.793
10/10/1953,3.839
10/11/1953,3.56
10/12/1953,5.524
10/13/1953,3.075
10/14/1953,4.388
10/15/1953,3.836
10/16/1953,4.148
10/17/1953,3.369
10/18/1953,6.955
10/19/1953,5.116
10/20/1953,3.564
10/21/1953,4.343
10/22/1953,3.947
10/23/1953,4.094
10/24/1953,2.863
10/25/1953,3.42
10/26/1953,5.565
10/27/1953,3.811
10/28/1953,4.642
10/29/1953,3.822
10/30/1953,3.77
10/31/1953,1.968
11/1/1953,4.954
11/2/1953,5.353
11/3/1953,4.559
11/4/1953,3.321
11/5/1953,4.729
11/6/1953,4.561
11/7/1953,3.206
11/8/1953,3.677
11/9/1953,5.136
11/10/1953,6.362
11/11/1953,5.84
11/12/1953,6.887
11/13/1953,8.185
11/14/1953,14.772
11/15/1953,7.531
11/16/1953,7.12
11/17/1953,6.16
11/18/1953,5.07
11/19/1953,5.91
11/20/1953,4.89
11/21/1953,4.8
11/22/1953,6.4
11/23/1953,14.904
11/24/1953,12.426
11/25/1953,8.78
11/26/1953,7.657
11/27/1953,6.617
11/28/1953,6.071
11/29/1953,5.738
11/30/1953,5.338
12/1/1953,5.349
12/2/1953,4.829
12/3/1953,6.165
12/4/1953,5.584
12/5/1953,4.473
12/6/1953,8.076
12/7/1953,8.201
12/8/1953,5.838
12/9/1953,5.8
12/10/1953,6.041
12/11/1953,5.017
12/12/1953,4.917
12/13/1953,4.522
12/14/1953,6.293
12/15/1953,4.679
12/16/1953,4.869
12/17/1953,5.252
12/18/1953,5.161
12/19/1953,6.06
12/20/1953,8.045
12/21/1953,7.443
12/22/1953,7
12/23/1953,5.722
12/24/1953,5.847
12/25/1953,5.336
12/26/1953,5.674
12/27/1953,4.36
12/28/1953,6.01
12/29/1953,5.389
12/30/1953,4.866
12/31/1953,5.103
1/1/1954,3.802
1/2/1954,5.636
1/3/1954,6.367
1/4/1954,6.136
1/5/1954,5.241
1/6/1954,6.039
1/7/1954,6.835
1/8/1954,6.887
1/9/1954,5.191
1/10/1954,5.55
1/11/1954,6.73
1/12/1954,5.736
1/13/1954,5.008
1/14/1954,4.681
1/15/1954,13.888
1/16/1954,53.773
1/17/1954,61.599
1/18/1954,25.015
1/19/1954,16.438
1/20/1954,13.04
1/21/1954,12.072
1/22/1954,19.733
1/23/1954,32.77
1/24/1954,20.138
1/25/1954,15.033
1/26/1954,15.035
1/27/1954,20.847
1/28/1954,22.405
1/29/1954,21.533
1/30/1954,19.941
1/31/1954,16.89
2/1/1954,16.307
2/2/1954,15.224
2/3/1954,15.023
2/4/1954,14.087
2/5/1954,13.573
2/6/1954,12.145
2/7/1954,12.234
2/8/1954,11.542
2/9/1954,11.243
2/10/1954,10.812
2/11/1954,11.416
2/12/1954,38.228
2/13/1954,46.111
2/14/1954,37.304
2/15/1954,26.63
2/16/1954,24.42
2/17/1954,37.24
2/18/1954,29.39
2/19/1954,23.5
2/20/1954,18.6
2/21/1954,16.26
2/22/1954,15.19
2/23/1954,14.3
2/24/1954,13.46
2/25/1954,13.14
2/26/1954,12.99
2/27/1954,11.98
2/28/1954,11.61
3/1/1954,11.476
3/2/1954,10.233
3/3/1954,10.146
3/4/1954,9.732
3/5/1954,9.667
3/6/1954,9.591
3/7/1954,9.646
3/8/1954,16.815
3/9/1954,49.266
3/10/1954,41.338
3/11/1954,27.76
3/12/1954,21.41
3/13/1954,19.2
3/14/1954,16.3
3/15/1954,14.93
3/16/1954,15.62
3/17/1954,12.81
3/18/1954,12.87
3/19/1954,14.25
3/20/1954,13.68
3/21/1954,14.1
3/22/1954,13.34
3/23/1954,13
3/24/1954,12.6
3/25/1954,11.87
3/26/1954,12.06
3/27/1954,11.64
3/28/1954,11.9
3/29/1954,12.96
3/30/1954,11.44
3/31/1954,12.08
4/1/1954,10.81
4/2/1954,11.75
4/3/1954,15.05
4/4/1954,34.73
4/5/1954,50.21
4/6/1954,38.7
4/7/1954,26.76
4/8/1954,23.89
4/9/1954,20.13
4/10/1954,17.84
4/11/1954,16.28
4/12/1954,15.47
4/13/1954,14.88
4/14/1954,14.7
4/15/1954,14.19
4/16/1954,14.44
4/17/1954,14.72
4/18/1954,14.26
4/19/1954,13.96
4/20/1954,13.18
4/21/1954,13.43
4/22/1954,12.2
4/23/1954,12.61
4/24/1954,12.69
4/25/1954,12.5
4/26/1954,11.556
4/27/1954,15.116
4/28/1954,13.529
4/29/1954,11.898
4/30/1954,11.205
5/1/1954,10.226
5/2/1954,10.09
5/3/1954,9.789
5/4/1954,9.644
5/5/1954,9.815
5/6/1954,9.673
5/7/1954,9.75
5/8/1954,9.124
5/9/1954,8.323
5/10/1954,9.376
5/11/1954,9.625
5/12/1954,7.523
5/13/1954,8.68
5/14/1954,7.984
5/15/1954,6.13
5/16/1954,8.37
5/17/1954,9.747
5/18/1954,7.868
5/19/1954,7.497
5/20/1954,7.616
5/21/1954,6.944
5/22/1954,6.303
5/23/1954,5.189
5/24/1954,8.079
5/25/1954,6.61
5/26/1954,6.441
5/27/1954,5.846
5/28/1954,5.801
5/29/1954,4.033
5/30/1954,5.962
5/31/1954,5.734
6/1/1954,7.323
6/2/1954,5.669
6/3/1954,5.676
6/4/1954,5.632
6/5/1954,4.532
6/6/1954,4.622
6/7/1954,7.391
6/8/1954,6.771
6/9/1954,6.231
6/10/1954,5.562
6/11/1954,6.029
6/12/1954,4.882
6/13/1954,6.074
6/14/1954,6.054
6/15/1954,6.122
6/16/1954,5.404
6/17/1954,5.536
6/18/1954,5.12
6/19/1954,4.048
6/20/1954,3.862
6/21/1954,7.193
6/22/1954,5.754
6/23/1954,5.306
6/24/1954,4.787
6/25/1954,4.36
6/26/1954,3.03
6/27/1954,4.259
6/28/1954,5.573
6/29/1954,5.9
6/30/1954,4.187
7/1/1954,5.167
7/2/1954,4.504
7/3/1954,3.042
7/4/1954,4.097
7/5/1954,4.082
7/6/1954,5.742
7/7/1954,4.69
7/8/1954,4.406
7/9/1954,4.304
7/10/1954,2.677
7/11/1954,4.189
7/12/1954,6.372
7/13/1954,4.641
7/14/1954,4.061
7/15/1954,4.357
7/16/1954,4.085
7/17/1954,2.627
7/18/1954,3.945
7/19/1954,5.172
7/20/1954,4.167
7/21/1954,3.884
7/22/1954,4.229
7/23/1954,4.193
7/24/1954,2.56
7/25/1954,3.611
7/26/1954,5.972
7/27/1954,4.04
7/28/1954,3.664
7/29/1954,4.199
7/30/1954,4.15
7/31/1954,2.803
8/1/1954,3.326
8/2/1954,5.174
8/3/1954,4.158
8/4/1954,3.582
8/5/1954,4.079
8/6/1954,3.885
8/7/1954,1.586
8/8/1954,4.66
8/9/1954,4.441
8/10/1954,3.972
8/11/1954,4.061
8/12/1954,3.147
8/13/1954,4.072
8/14/1954,2.448
8/15/1954,4.63
8/16/1954,4.678
8/17/1954,4.08
8/18/1954,3.401
8/19/1954,3.861
8/20/1954,3.856
8/21/1954,2.31
8/22/1954,3.615
8/23/1954,4.847
8/24/1954,4.383
8/25/1954,4.348
8/26/1954,5.114
8/27/1954,5.216
8/28/1954,5.487
8/29/1954,4.99
8/30/1954,4.863
8/31/1954,4.223
9/1/1954,3.965
9/2/1954,3.529
9/3/1954,3.93
9/4/1954,3.986
9/5/1954,3.64
9/6/1954,4.085
9/7/1954,3.69
9/8/1954,3.763
9/9/1954,4.09
9/10/1954,4.164
9/11/1954,2.689
9/12/1954,4.349
9/13/1954,4.082
9/14/1954,3.996
9/15/1954,3.85
9/16/1954,4.114
9/17/1954,3.865
9/18/1954,3.895
9/19/1954,3.725
9/20/1954,3.943
9/21/1954,3.173
9/22/1954,4.52
9/23/1954,3.929
9/24/1954,3.641
9/25/1954,4.191
9/26/1954,3.816
9/27/1954,3.865
9/28/1954,3.607
9/29/1954,3.776
9/30/1954,3.934
10/1/1954,3.662
10/2/1954,3.234
10/3/1954,4.31
10/4/1954,4.08
10/5/1954,3.376
10/6/1954,4.702
10/7/1954,5.557
10/8/1954,4.04
10/9/1954,3.476
10/10/1954,3.389
10/11/1954,5.04
10/12/1954,3.887
10/13/1954,4.022
10/14/1954,3.912
10/15/1954,3.952
10/16/1954,3.758
10/17/1954,3.53
10/18/1954,4.468
10/19/1954,4.353
10/20/1954,4.286
10/21/1954,3.979
10/22/1954,3.975
10/23/1954,3.427
10/24/1954,2.908
10/25/1954,4.959
10/26/1954,4.051
10/27/1954,4.054
10/28/1954,3.813
10/29/1954,3.898
10/30/1954,2.07
10/31/1954,3.842
11/1/1954,5.538
11/2/1954,3.845
11/3/1954,3.832
11/4/1954,3.918
11/5/1954,3.782
11/6/1954,2.523
11/7/1954,3.725
11/8/1954,10.827
11/9/1954,9.978
11/10/1954,5.638
11/11/1954,6.661
11/12/1954,7.391
11/13/1954,4.743
11/14/1954,6.907
11/15/1954,19.294
11/16/1954,9.86
11/17/1954,7.225
11/18/1954,5.934
11/19/1954,4.964
11/20/1954,4.877
11/21/1954,4.055
11/22/1954,6.035
11/23/1954,4.671
11/24/1954,4.383
11/25/1954,5.119
11/26/1954,4.631
11/27/1954,4.07
11/28/1954,3.254
11/29/1954,5.075
11/30/1954,4.356
12/1/1954,5.819
12/2/1954,6.554
12/3/1954,6.113
12/4/1954,7.084
12/5/1954,19.021
12/6/1954,31.992
12/7/1954,15.212
12/8/1954,10.545
12/9/1954,15.146
12/10/1954,10.508
12/11/1954,7.839
12/12/1954,6.486
12/13/1954,9.167
12/14/1954,6.204
12/15/1954,6.67
12/16/1954,5.782
12/17/1954,5.922
12/18/1954,5.689
12/19/1954,4.288
12/20/1954,7.026
12/21/1954,5.67
12/22/1954,5.43
12/23/1954,5.327
12/24/1954,5.311
12/25/1954,3.693
12/26/1954,5.501
12/27/1954,5.9
12/28/1954,5.025
12/29/1954,5.046
12/30/1954,5.666
12/31/1954,5.908
1/1/1955,5.257
1/2/1955,4.713
1/3/1955,6.485
1/4/1955,5.114
1/5/1955,5.144
1/6/1955,5.087
1/7/1955,4.789
1/8/1955,3.54
1/9/1955,5.699
1/10/1955,5.912
1/11/1955,4.612
1/12/1955,4.721
1/13/1955,4.899
1/14/1955,4.454
1/15/1955,4.576
1/16/1955,4.594
1/17/1955,7.308
1/18/1955,6.721
1/19/1955,7.715
1/20/1955,5.624
1/21/1955,5.279
1/22/1955,3.755
1/23/1955,5.467
1/24/1955,7.571
1/25/1955,5.586
1/26/1955,6.133
1/27/1955,5.791
1/28/1955,6.193
1/29/1955,5.466
1/30/1955,5.338
1/31/1955,9.039
2/1/1955,7.506
2/2/1955,6.351
2/3/1955,6.139
2/4/1955,6.141
2/5/1955,4.924
2/6/1955,5.172
2/7/1955,6.609
2/8/1955,5.574
2/9/1955,5.584
2/10/1955,5.458
2/11/1955,5.378
2/12/1955,5.476
2/13/1955,5.508
2/14/1955,5.408
2/15/1955,5.692
2/16/1955,5.882
2/17/1955,6.246
2/18/1955,6.166
2/19/1955,6.393
2/20/1955,5.779
2/21/1955,5.76
2/22/1955,5.476
2/23/1955,5.466
2/24/1955,5.331
2/25/1955,5.337
2/26/1955,7.453
2/27/1955,6.191
2/28/1955,6.02
3/1/1955,5.713
3/2/1955,5.451
3/3/1955,5.785
3/4/1955,5.509
3/5/1955,4.452
3/6/1955,4.586
3/7/1955,7.29
3/8/1955,5.427
3/9/1955,5.888
3/10/1955,6.166
3/11/1955,6.438
3/12/1955,6.241
3/13/1955,5.799
3/14/1955,7.195
3/15/1955,6.458
3/16/1955,6.43
3/17/1955,5.942
3/18/1955,5.932
3/19/1955,5.254
3/20/1955,5.035
3/21/1955,5.679
3/22/1955,5.39
3/23/1955,5.323
3/24/1955,5.112
3/25/1955,6.053
3/26/1955,5.322
3/27/1955,4.727
3/28/1955,8.791
3/29/1955,9.808
3/30/1955,8.336
3/31/1955,7.511
4/1/1955,6.991
4/2/1955,7.287
4/3/1955,5.635
4/4/1955,7.086
4/5/1955,6.585
4/6/1955,6.148
4/7/1955,6.031
4/8/1955,5.968
4/9/1955,5.687
4/10/1955,4.623
4/11/1955,7.227
4/12/1955,5.816
4/13/1955,5.773
4/14/1955,5.198
4/15/1955,5.912
4/16/1955,6.319
4/17/1955,7.03
4/18/1955,6.533
4/19/1955,8.389
4/20/1955,15.49
4/21/1955,25.075
4/22/1955,21.156
4/23/1955,15.38
4/24/1955,13.579
4/25/1955,16.676
4/26/1955,15.293
4/27/1955,13.111
4/28/1955,12.162
4/29/1955,11.418
4/30/1955,11.052
5/1/1955,10.054
5/2/1955,10.961
5/3/1955,10.662
5/4/1955,11.136
5/5/1955,9.311
5/6/1955,11.035
5/7/1955,11.005
5/8/1955,10.16
5/9/1955,11.621
5/10/1955,9.783
5/11/1955,9.648
5/12/1955,9.432
5/13/1955,8.675
5/14/1955,8.28
5/15/1955,6.685
5/16/1955,8.953
5/17/1955,7.116
5/18/1955,7.626
5/19/1955,7.829
5/20/1955,8.424
5/21/1955,6.562
5/22/1955,7.302
5/23/1955,7.512
5/24/1955,5.962
5/25/1955,6.919
5/26/1955,6.028
5/27/1955,6.679
5/28/1955,4.799
5/29/1955,5.366
5/30/1955,5.578
5/31/1955,7.484
6/1/1955,5.477
6/2/1955,5.51
6/3/1955,5.01
6/4/1955,4.122
6/5/1955,4.952
6/6/1955,6.939
6/7/1955,5.024
6/8/1955,4.941
6/9/1955,4.659
6/10/1955,4.6
6/11/1955,3.21
6/12/1955,4.628
6/13/1955,6.14
6/14/1955,4.476
6/15/1955,3.812
6/16/1955,4.709
6/17/1955,4.56
6/18/1955,3.046
6/19/1955,3.787
6/20/1955,5.954
6/21/1955,4.226
6/22/1955,3.818
6/23/1955,4.427
6/24/1955,3.767
6/25/1955,2.642
6/26/1955,3.476
6/27/1955,5.487
6/28/1955,4.372
6/29/1955,3.849
6/30/1955,3.854
7/1/1955,2.827
7/2/1955,4.054
7/3/1955,3.913
7/4/1955,3.681
7/5/1955,3.773
7/6/1955,3.73
7/7/1955,3.759
7/8/1955,4.045
7/9/1955,4.015
7/10/1955,3.556
7/11/1955,3.801
7/12/1955,3.551
7/13/1955,4.01
7/14/1955,3.942
7/15/1955,3.646
7/16/1955,3.772
7/17/1955,3.601
7/18/1955,3.059
7/19/1955,3.891
7/20/1955,3.589
7/21/1955,3.434
7/22/1955,3.539
7/23/1955,3.728
7/24/1955,3.264
7/25/1955,3.283
7/26/1955,3.323
7/27/1955,3.99
7/28/1955,3.066
7/29/1955,3.477
7/30/1955,3.556
7/31/1955,3.495
8/1/1955,2.878
8/2/1955,3.537
8/3/1955,3.543
8/4/1955,3.081
8/5/1955,3.096
8/6/1955,3.66
8/7/1955,2.884
8/8/1955,3.32
8/9/1955,3.588
8/10/1955,2.991
8/11/1955,2.707
8/12/1955,3.259
8/13/1955,3.602
8/14/1955,3.365
8/15/1955,2.62
8/16/1955,3.075
8/17/1955,2.955
8/18/1955,3.563
8/19/1955,3.129
8/20/1955,3.056
8/21/1955,3.391
8/22/1955,2.296
8/23/1955,3.524
8/24/1955,3.322
8/25/1955,2.953
8/26/1955,3.268
8/27/1955,3.165
8/28/1955,2.905
8/29/1955,3.135
8/30/1955,3.191
8/31/1955,3.457
9/1/1955,3.065
9/2/1955,2.937
9/3/1955,3.21
9/4/1955,3.341
9/5/1955,2.905
9/6/1955,3.387
9/7/1955,2.977
9/8/1955,3.311
9/9/1955,3.169
9/10/1955,3.649
9/11/1955,2.754
9/12/1955,3.405
9/13/1955,3.215
9/14/1955,3.932
9/15/1955,3.404
9/16/1955,3.01
9/17/1955,3.33
9/18/1955,3.48
9/19/1955,3.213
9/20/1955,3.299
9/21/1955,3.347
9/22/1955,3.524
9/23/1955,3.391
9/24/1955,4.017
9/25/1955,2.58
9/26/1955,4.178
9/27/1955,3.016
9/28/1955,3.716
9/29/1955,3.114
9/30/1955,3.533
10/1/1955,3.206
10/2/1955,3.247
10/3/1955,3.469
10/4/1955,3.301
10/5/1955,3.398
10/6/1955,3.485
10/7/1955,3.964
10/8/1955,3.145
10/9/1955,2.859
10/10/1955,3.981
10/11/1955,3.332
10/12/1955,3.312
10/13/1955,3.864
10/14/1955,3.706
10/15/1955,2.888
10/16/1955,3.615
10/17/1955,3.242
10/18/1955,3.601
10/19/1955,3.559
10/20/1955,3.565
10/21/1955,3.594
10/22/1955,3.532
10/23/1955,3.312
10/24/1955,3.537
10/25/1955,3.794
10/26/1955,3.511
10/27/1955,3.426
10/28/1955,4.002
10/29/1955,3.094
10/30/1955,2.835
10/31/1955,3.891
11/1/1955,3.186
11/2/1955,3.558
11/3/1955,3.459
11/4/1955,3.578
11/5/1955,3.54
11/6/1955,3.51
11/7/1955,3.314
11/8/1955,3.58
11/9/1955,3.612
11/10/1955,3.411
11/11/1955,3.455
11/12/1955,3.417
11/13/1955,4.559
11/14/1955,3.216
11/15/1955,3.309
11/16/1955,4.494
11/17/1955,3.877
11/18/1955,5.297
11/19/1955,8.307
11/20/1955,18.691
11/21/1955,9.373
11/22/1955,5.261
11/23/1955,6.719
11/24/1955,5.113
11/25/1955,5.125
11/26/1955,4.463
11/27/1955,4.394
11/28/1955,4.817
11/29/1955,4.462
11/30/1955,4.449
12/1/1955,4.954
12/2/1955,4.605
12/3/1955,4.725
12/4/1955,3.892
12/5/1955,6.802
12/6/1955,7.632
12/7/1955,5.604
12/8/1955,6.936
12/9/1955,8.295
12/10/1955,6.192
12/11/1955,5.465
12/12/1955,5.8
12/13/1955,5.573
12/14/1955,5.281
12/15/1955,5.55
12/16/1955,7.388
12/17/1955,9.572
12/18/1955,34.442
12/19/1955,75.24
12/20/1955,92.25
12/21/1955,119.82
12/22/1955,140.88
12/23/1955,100.56
12/24/1955,51.5
12/25/1955,45.37
12/26/1955,47.71
12/27/1955,39.79
12/28/1955,29.78
12/29/1955,24.05
12/30/1955,19.46
12/31/1955,17.99
1/1/1956,20.43
1/2/1956,17.65
1/3/1956,14.93
1/4/1956,19.41
1/5/1956,24.23
1/6/1956,27.48
1/7/1956,50.54
1/8/1956,40.02
1/9/1956,27.45
1/10/1956,26.54
1/11/1956,26.34
1/12/1956,23.63
1/13/1956,25.12
1/14/1956,39.97
1/15/1956,67.7
1/16/1956,49.46
1/17/1956,35.47
1/18/1956,28.23
1/19/1956,26.03
1/20/1956,26.76
1/21/1956,26.15
1/22/1956,29.89
1/23/1956,32.33
1/24/1956,28.07
1/25/1956,25.51
1/26/1956,25.43
1/27/1956,26.56
1/28/1956,22.55
1/29/1956,20.23
1/30/1956,17.11
1/31/1956,15.18
2/1/1956,13.53
2/2/1956,12.37
2/3/1956,11.83
2/4/1956,10.69
2/5/1956,10.78
2/6/1956,10.61
2/7/1956,10.75
2/8/1956,9.75
2/9/1956,9.86
2/10/1956,9.41
2/11/1956,9.43
2/12/1956,9.38
2/13/1956,9.24
2/14/1956,8.8
2/15/1956,8.86
2/16/1956,8.63
2/17/1956,8.76
2/18/1956,8.4
2/19/1956,12.71
2/20/1956,29.76
2/21/1956,90.26
2/22/1956,87.88
2/23/1956,55.78
2/24/1956,36.37
2/25/1956,32.21
2/26/1956,24.91
2/27/1956,20.54
2/28/1956,19.49
2/29/1956,18.4
3/1/1956,16.81
3/2/1956,15.6
3/3/1956,15.9
3/4/1956,16.99
3/5/1956,17.14
3/6/1956,16.1
3/7/1956,15.06
3/8/1956,14.28
3/9/1956,13.85
3/10/1956,14
3/11/1956,12.99
3/12/1956,12.9
3/13/1956,12.24
3/14/1956,11.91
3/15/1956,11.49
3/16/1956,11.66
3/17/1956,11.49
3/18/1956,11.92
3/19/1956,12.68
3/20/1956,12.83
3/21/1956,13.4
3/22/1956,14.13
3/23/1956,14.81
3/24/1956,15.78
3/25/1956,16.46
3/26/1956,16.48
3/27/1956,17.23
3/28/1956,16.56
3/29/1956,15.72
3/30/1956,15.15
3/31/1956,14.4
4/1/1956,14.02
4/2/1956,13.85
4/3/1956,12.82
4/4/1956,12.33
4/5/1956,11.93
4/6/1956,12.3
4/7/1956,12.36
4/8/1956,11.63
4/9/1956,12.32
4/10/1956,13.53
4/11/1956,12.96
4/12/1956,12.57
4/13/1956,12.09
4/14/1956,11.9
4/15/1956,11.97
4/16/1956,11.64
4/17/1956,12
4/18/1956,11.82
4/19/1956,12.16
4/20/1956,12.56
4/21/1956,12.29
4/22/1956,12.78
4/23/1956,14.09
4/24/1956,13.21
4/25/1956,12.7
4/26/1956,12.11
4/27/1956,11.5
4/28/1956,11.42
4/29/1956,11.17
4/30/1956,10.96
5/1/1956,10.89
5/2/1956,11.13
5/3/1956,11.59
5/4/1956,14.51
5/5/1956,15.07
5/6/1956,16.06
5/7/1956,14.95
5/8/1956,13.35
5/9/1956,12.85
5/10/1956,15.44
5/11/1956,15.2
5/12/1956,12.76
5/13/1956,12.32
5/14/1956,11.99
5/15/1956,11.57
5/16/1956,12.04
5/17/1956,11.92
5/18/1956,12.12
5/19/1956,12.13
5/20/1956,12.1
5/21/1956,11.64
5/22/1956,11.41
5/23/1956,11.38
5/24/1956,9.9
5/25/1956,9.85
5/26/1956,9.83
5/27/1956,8.09
5/28/1956,8.99
5/29/1956,8.79
5/30/1956,9.363
5/31/1956,8.739
6/1/1956,8.506
6/2/1956,8.191
6/3/1956,7.744
6/4/1956,8.3
6/5/1956,7.335
6/6/1956,7.573
6/7/1956,7.28
6/8/1956,7.226
6/9/1956,6.814
6/10/1956,7.036
6/11/1956,6.875
6/12/1956,6.25
6/13/1956,6.068
6/14/1956,6.41
6/15/1956,6.166
6/16/1956,5.677
6/17/1956,5.722
6/18/1956,6.332
6/19/1956,6.558
6/20/1956,6.272
6/21/1956,5.937
6/22/1956,6.031
6/23/1956,5.748
6/24/1956,5.732
6/25/1956,5.276
6/26/1956,5.674
6/27/1956,5.702
6/28/1956,5.261
6/29/1956,5.694
6/30/1956,5.083
7/1/1956,4.572
7/2/1956,4.997
7/3/1956,5.222
7/4/1956,4.821
7/5/1956,4.781
7/6/1956,4.792
7/7/1956,4.842
7/8/1956,5.106
7/9/1956,4.334
7/10/1956,4.714
7/11/1956,4.445
7/12/1956,4.627
7/13/1956,4.594
7/14/1956,4.495
7/15/1956,4.387
7/16/1956,4.87
7/17/1956,4.159
7/18/1956,4.504
7/19/1956,4.761
7/20/1956,4.662
7/21/1956,4.551
7/22/1956,4.229
7/23/1956,4.275
7/24/1956,4.301
7/25/1956,4.436
7/26/1956,4.461
7/27/1956,4.189
7/28/1956,4.084
7/29/1956,4.149
7/30/1956,3.429
7/31/1956,3.996
8/1/1956,4.474
8/2/1956,4.023
8/3/1956,4.146
8/4/1956,4.002
8/5/1956,4.209
8/6/1956,3.665
8/7/1956,4.327
8/8/1956,4.2
8/9/1956,4.04
8/10/1956,4.048
8/11/1956,4.303
8/12/1956,3.693
8/13/1956,4.191
8/14/1956,3.988
8/15/1956,3.967
8/16/1956,3.757
8/17/1956,4.321
8/18/1956,4.19
8/19/1956,3.87
8/20/1956,4.092
8/21/1956,3.751
8/22/1956,3.916
8/23/1956,4.459
8/24/1956,3.58
8/25/1956,3.965
8/26/1956,3.371
8/27/1956,3.975
8/28/1956,3.93
8/29/1956,3.964
8/30/1956,4.122
8/31/1956,4.03
9/1/1956,3.858
9/2/1956,4.333
9/3/1956,3.783
9/4/1956,3.751
9/5/1956,4.116
9/6/1956,3.286
9/7/1956,4.451
9/8/1956,2.412
9/9/1956,5.175
9/10/1956,3.745
9/11/1956,4.012
9/12/1956,3.88
9/13/1956,3.933
9/14/1956,3.897
9/15/1956,4.088
9/16/1956,3.794
9/17/1956,3.774
9/18/1956,4.01
9/19/1956,4.323
9/20/1956,4.051
9/21/1956,3.689
9/22/1956,4.261
9/23/1956,3.526
9/24/1956,4.368
9/25/1956,4.177
9/26/1956,4.061
9/27/1956,3.953
9/28/1956,3.905
9/29/1956,4.358
9/30/1956,4.081
10/1/1956,3.955
10/2/1956,3.7
10/3/1956,3.905
10/4/1956,4.228
10/5/1956,4.076
10/6/1956,4.003
10/7/1956,4.49
10/8/1956,3.713
10/9/1956,4.047
10/10/1956,5.272
10/11/1956,4.576
10/12/1956,4.173
10/13/1956,3.814
10/14/1956,4.183
10/15/1956,4.512
10/16/1956,4.266
10/17/1956,3.946
10/18/1956,4.372
10/19/1956,4.581
10/20/1956,4.065
10/21/1956,4.238
10/22/1956,4.097
10/23/1956,4.282
10/24/1956,4.459
10/25/1956,4.302
10/26/1956,4.757
10/27/1956,4.682
10/28/1956,4.174
10/29/1956,6.407
10/30/1956,10.339
10/31/1956,5.846
11/1/1956,5.108
11/2/1956,5.334
11/3/1956,4.811
11/4/1956,4.521
11/5/1956,5.104
11/6/1956,4.448
11/7/1956,4.565
11/8/1956,4.579
11/9/1956,4.279
11/10/1956,4.473
11/11/1956,4.326
11/12/1956,4.349
11/13/1956,4.298
11/14/1956,4.392
11/15/1956,4.064
11/16/1956,4.176
11/17/1956,4.084
11/18/1956,3.988
11/19/1956,4.03
11/20/1956,3.86
11/21/1956,4.153
11/22/1956,4.037
11/23/1956,4.476
11/24/1956,4.015
11/25/1956,4.429
11/26/1956,3.993
11/27/1956,3.997
11/28/1956,4.214
11/29/1956,4.174
11/30/1956,4.065
12/1/1956,3.944
12/2/1956,4.053
12/3/1956,4.407
12/4/1956,4.603
12/5/1956,3.873
12/6/1956,4.124
12/7/1956,4.093
12/8/1956,3.865
12/9/1956,3.98
12/10/1956,4.404
12/11/1956,3.881
12/12/1956,4.089
12/13/1956,4.492
12/14/1956,4.776
12/15/1956,4.949
12/16/1956,4.891
12/17/1956,5.436
12/18/1956,4.417
12/19/1956,4.827
12/20/1956,5.004
12/21/1956,3.552
12/22/1956,3.905
12/23/1956,4.402
12/24/1956,4.055
12/25/1956,4.141
12/26/1956,4.213
12/27/1956,4.03
12/28/1956,4.062
12/29/1956,4.075
12/30/1956,4.04
12/31/1956,3.968
1/1/1957,4.108
1/2/1957,4.055
1/3/1957,3.923
1/4/1957,4.061
1/5/1957,3.972
1/6/1957,3.902
1/7/1957,4.236
1/8/1957,4.201
1/9/1957,3.735
1/10/1957,3.982
1/11/1957,5.646
1/12/1957,8.317
1/13/1957,9.894
1/14/1957,9.433
1/15/1957,8.16
1/16/1957,5.828
1/17/1957,5.114
1/18/1957,4.974
1/19/1957,6.305
1/20/1957,5.38
1/21/1957,4.59
1/22/1957,4.492
1/23/1957,4.647
1/24/1957,4.403
1/25/1957,4.669
1/26/1957,4.064
1/27/1957,3.93
1/28/1957,4.377
1/29/1957,4.117
1/30/1957,3.888
1/31/1957,4.175
2/1/1957,4.432
2/2/1957,4.452
2/3/1957,3.621
2/4/1957,3.821
2/5/1957,4.297
2/6/1957,4.101
2/7/1957,5.14
2/8/1957,5.666
2/9/1957,5.299
2/10/1957,4.809
2/11/1957,4.568
2/12/1957,4.727
2/13/1957,5.063
2/14/1957,5.795
2/15/1957,6.366
2/16/1957,6.952
2/17/1957,7.103
2/18/1957,6.88
2/19/1957,6.39
2/20/1957,8.23
2/21/1957,10.09
2/22/1957,12.12
2/23/1957,32.715
2/24/1957,77.415
2/25/1957,46.44
2/26/1957,71.59
2/27/1957,46.36
2/28/1957,29.53
3/1/1957,23.32
3/2/1957,18.93
3/3/1957,17.82
3/4/1957,19.68
3/5/1957,20.89
3/6/1957,21.26
3/7/1957,19.85
3/8/1957,17.85
3/9/1957,21.18
3/10/1957,18.39
3/11/1957,22.57
3/12/1957,29.1
3/13/1957,21.41
3/14/1957,18
3/15/1957,19.54
3/16/1957,18.87
3/17/1957,17.95
3/18/1957,16.16
3/19/1957,14.87
3/20/1957,13.82
3/21/1957,12.78
3/22/1957,11.68
3/23/1957,11.04
3/24/1957,10.4
3/25/1957,10.23
3/26/1957,9.6
3/27/1957,9.42
3/28/1957,9.28
3/29/1957,10.52
3/30/1957,9.18
3/31/1957,9.55
4/1/1957,9.28
4/2/1957,9.11
4/3/1957,9.24
4/4/1957,8.81
4/5/1957,9.07
4/6/1957,8.88
4/7/1957,8.53
4/8/1957,8.15
4/9/1957,8.15
4/10/1957,7.893
4/11/1957,7.788
4/12/1957,8.143
4/13/1957,9.723
4/14/1957,12.934
4/15/1957,10.714
4/16/1957,12.251
4/17/1957,15.201
4/18/1957,14.83
4/19/1957,14.7
4/20/1957,13.463
4/21/1957,12.16
4/22/1957,11.25
4/23/1957,11.14
4/24/1957,10.69
4/25/1957,10.23
4/26/1957,10.02
4/27/1957,9.44
4/28/1957,9.57
4/29/1957,10.32
4/30/1957,8.99
5/1/1957,9.446
5/2/1957,12.52
5/3/1957,10.21
5/4/1957,9.714
5/5/1957,9.397
5/6/1957,9.301
5/7/1957,8.876
5/8/1957,9.746
5/9/1957,9.362
5/10/1957,9.29
5/11/1957,8.344
5/12/1957,8.418
5/13/1957,10.367
5/14/1957,11.047
5/15/1957,10.353
5/16/1957,9.243
5/17/1957,10.146
5/18/1957,33.376
5/19/1957,22.638
5/20/1957,17.39
5/21/1957,14.301
5/22/1957,12.592
5/23/1957,11.909
5/24/1957,11.304
5/25/1957,10.511
5/26/1957,9.89
5/27/1957,9.78
5/28/1957,9.31
5/29/1957,9.27
5/30/1957,8.868
5/31/1957,7.908
6/1/1957,7.716
6/2/1957,7.457
6/3/1957,7.626
6/4/1957,7.061
6/5/1957,6.366
6/6/1957,6.829
6/7/1957,6.356
6/8/1957,6.203
6/9/1957,6.68
6/10/1957,6.223
6/11/1957,6.353
6/12/1957,5.377
6/13/1957,5.685
6/14/1957,5.37
6/15/1957,5.515
6/16/1957,5.548
6/17/1957,5.32
6/18/1957,5.116
6/19/1957,5.296
6/20/1957,5.032
6/21/1957,5.438
6/22/1957,5.28
6/23/1957,4.83
6/24/1957,5.004
6/25/1957,4.138
6/26/1957,4.77
6/27/1957,4.516
6/28/1957,4.778
6/29/1957,4.599
6/30/1957,4.71
7/1/1957,4.151
7/2/1957,4.466
7/3/1957,4.848
7/4/1957,4.177
7/5/1957,4.663
7/6/1957,4.243
7/7/1957,4.524
7/8/1957,3.996
7/9/1957,4.058
7/10/1957,4.177
7/11/1957,4.364
7/12/1957,4.136
7/13/1957,4.371
7/14/1957,4.104
7/15/1957,3.84
7/16/1957,3.911
7/17/1957,4.232
7/18/1957,4.166
7/19/1957,4.056
7/20/1957,3.987
7/21/1957,3.946
7/22/1957,3.899
7/23/1957,4.218
7/24/1957,3.776
7/25/1957,4.027
7/26/1957,3.869
7/27/1957,4.273
7/28/1957,3.765
7/29/1957,3.661
7/30/1957,3.938
7/31/1957,3.706
8/1/1957,3.495
8/2/1957,3.864
8/3/1957,3.791
8/4/1957,3.626
8/5/1957,3.275
8/6/1957,4.046
8/7/1957,3.343
8/8/1957,3.702
8/9/1957,3.521
8/10/1957,3.857
8/11/1957,3.37
8/12/1957,3.73
8/13/1957,3.611
8/14/1957,3.638
8/15/1957,3.596
8/16/1957,3.575
8/17/1957,3.621
8/18/1957,4.028
8/19/1957,3.104
8/20/1957,3.789
8/21/1957,3.648
8/22/1957,3.459
8/23/1957,3.749
8/24/1957,3.442
8/25/1957,3.753
8/26/1957,3.078
8/27/1957,3.742
8/28/1957,3.107
8/29/1957,3.299
8/30/1957,3.65
8/31/1957,3.407
9/1/1957,3.989
9/2/1957,3.162
9/3/1957,3.873
9/4/1957,3.393
9/5/1957,3.456
9/6/1957,3.62
9/7/1957,3.542
9/8/1957,3.25
9/9/1957,3.768
9/10/1957,3.566
9/11/1957,3.524
9/12/1957,3.57
9/13/1957,3.4
9/14/1957,3.44
9/15/1957,3.414
9/16/1957,3.535
9/17/1957,3.485
9/18/1957,3.705
9/19/1957,3.024
9/20/1957,3.828
9/21/1957,3.584
9/22/1957,3.518
9/23/1957,3.95
9/24/1957,3.426
9/25/1957,3.341
9/26/1957,7.281
9/27/1957,17.069
9/28/1957,7.869
9/29/1957,5.521
9/30/1957,5.051
10/1/1957,4.82
10/2/1957,4.216
10/3/1957,4.276
10/4/1957,4.903
10/5/1957,5.445
10/6/1957,5.268
10/7/1957,4.725
10/8/1957,5.029
10/9/1957,7.678
10/10/1957,9.934
10/11/1957,7.885
10/12/1957,7.81
10/13/1957,11.02
10/14/1957,7.551
10/15/1957,6.036
10/16/1957,5.969
10/17/1957,5.33
10/18/1957,5.129
10/19/1957,4.923
10/20/1957,4.684
10/21/1957,4.972
10/22/1957,4.496
10/23/1957,11.575
10/24/1957,10.189
10/25/1957,7.653
10/26/1957,6.582
10/27/1957,6.173
10/28/1957,5.928
10/29/1957,5.263
10/30/1957,5.22
10/31/1957,5.085
11/1/1957,4.788
11/2/1957,4.632
11/3/1957,4.547
11/4/1957,4.627
11/5/1957,4.398
11/6/1957,4.767
11/7/1957,4.667
11/8/1957,4.596
11/9/1957,4.656
11/10/1957,5.39
11/11/1957,5.049
11/12/1957,4.552
11/13/1957,18.347
11/14/1957,14.684
11/15/1957,10.022
11/16/1957,8.632
11/17/1957,7.599
11/18/1957,7.355
11/19/1957,6.874
11/20/1957,6.489
11/21/1957,5.642
11/22/1957,5.71
11/23/1957,5.627
11/24/1957,5.608
11/25/1957,5.497
11/26/1957,4.78
11/27/1957,5.021
11/28/1957,5.224
11/29/1957,4.966
11/30/1957,5.064
12/1/1957,4.61
12/2/1957,4.543
12/3/1957,4.865
12/4/1957,4.825
12/5/1957,4.748
12/6/1957,4.843
12/7/1957,4.701
12/8/1957,4.284
12/9/1957,4.506
12/10/1957,4.544
12/11/1957,4.315
12/12/1957,4.406
12/13/1957,4.652
12/14/1957,4.51
12/15/1957,7.111
12/16/1957,12.447
12/17/1957,19.378
12/18/1957,20.752
12/19/1957,14.895
12/20/1957,16.399
12/21/1957,41.224
12/22/1957,24.634
12/23/1957,16.534
12/24/1957,13.122
12/25/1957,11.584
12/26/1957,11.001
12/27/1957,9.54
12/28/1957,10.636
12/29/1957,9.83
12/30/1957,8.956
12/31/1957,9.094
1/1/1958,9.05
1/2/1958,9.957
1/3/1958,8.677
1/4/1958,8.313
1/5/1958,7.739
1/6/1958,7.483
1/7/1958,7.266
1/8/1958,7.227
1/9/1958,8.109
1/10/1958,10.279
1/11/1958,11.292
1/12/1958,23.048
1/13/1958,19.709
1/14/1958,14.331
1/15/1958,12.082
1/16/1958,11.043
1/17/1958,9.914
1/18/1958,9.362
1/19/1958,8.995
1/20/1958,8.5
1/21/1958,8.072
1/22/1958,7.488
1/23/1958,9.012
1/24/1958,10.337
1/25/1958,10.265
1/26/1958,13.853
1/27/1958,12.64
1/28/1958,25.447
1/29/1958,68.468
1/30/1958,43.07
1/31/1958,29.046
2/1/1958,23.584
2/2/1958,25.067
2/3/1958,35.53
2/4/1958,41.871
2/5/1958,44.97
2/6/1958,40.038
2/7/1958,62.794
2/8/1958,51.647
2/9/1958,49.31
2/10/1958,40.29
2/11/1958,33.04
2/12/1958,49.72
2/13/1958,36.144
2/14/1958,35.378
2/15/1958,47.679
2/16/1958,68.574
2/17/1958,48.261
2/18/1958,52.911
2/19/1958,61.29
2/20/1958,44.45
2/21/1958,34.57
2/22/1958,29.827
2/23/1958,26.888
2/24/1958,83.075
2/25/1958,71.925
2/26/1958,45.443
2/27/1958,36.598
2/28/1958,30.141
3/1/1958,25.848
3/2/1958,22.493
3/3/1958,20.317
3/4/1958,18.316
3/5/1958,16.849
3/6/1958,15.231
3/7/1958,14.772
3/8/1958,13.792
3/9/1958,13.056
3/10/1958,12.942
3/11/1958,11.826
3/12/1958,12.244
3/13/1958,12.358
3/14/1958,12.12
3/15/1958,11.531
3/16/1958,10.632
3/17/1958,11.185
3/18/1958,10.572
3/19/1958,10.646
3/20/1958,23.554
3/21/1958,45.587
3/22/1958,37.993
3/23/1958,39.632
3/24/1958,40.348
3/25/1958,35.732
3/26/1958,27.794
3/27/1958,22.772
3/28/1958,22.38
3/29/1958,29.564
3/30/1958,32.605
3/31/1958,29.35
4/1/1958,42.893
4/2/1958,58.633
4/3/1958,45.102
4/4/1958,36.829
4/5/1958,34.948
4/6/1958,33.359
4/7/1958,28.338
4/8/1958,23.479
4/9/1958,21.439
4/10/1958,20.922
4/11/1958,21.096
4/12/1958,20.952
4/13/1958,20.618
4/14/1958,21.146
4/15/1958,20.524
4/16/1958,20.144
4/17/1958,20.904
4/18/1958,19.732
4/19/1958,19.326
4/20/1958,18.906
4/21/1958,18.862
4/22/1958,18.76
4/23/1958,16.684
4/24/1958,15.59
4/25/1958,15.104
4/26/1958,14.656
4/27/1958,13.918
4/28/1958,13.891
4/29/1958,13.43
4/30/1958,13.136
5/1/1958,13.464
5/2/1958,13.592
5/3/1958,14.005
5/4/1958,13.825
5/5/1958,13.766
5/6/1958,13.726
5/7/1958,13.522
5/8/1958,13.174
5/9/1958,13.296
5/10/1958,13.774
5/11/1958,17.351
5/12/1958,14.679
5/13/1958,13.55
5/14/1958,13.098
5/15/1958,12.808
5/16/1958,13.717
5/17/1958,13.876
5/18/1958,14.148
5/19/1958,14.23
5/20/1958,13.468
5/21/1958,12.962
5/22/1958,13.267
5/23/1958,13.087
5/24/1958,11.788
5/25/1958,11.362
5/26/1958,11.69
5/27/1958,11.369
5/28/1958,10.283
5/29/1958,10.069
5/30/1958,9.816
5/31/1958,10.303
6/1/1958,9.681
6/2/1958,16.239
6/3/1958,10.495
6/4/1958,9.494
6/5/1958,9.552
6/6/1958,9.334
6/7/1958,8.772
6/8/1958,9.964
6/9/1958,10.953
6/10/1958,9.554
6/11/1958,9.51
6/12/1958,10.204
6/13/1958,9.662
6/14/1958,8.998
6/15/1958,9.067
6/16/1958,8.546
6/17/1958,8.859
6/18/1958,8.362
6/19/1958,8.683
6/20/1958,8.088
6/21/1958,8.209
6/22/1958,7.559
6/23/1958,7.386
6/24/1958,7.076
6/25/1958,7.201
6/26/1958,6.683
6/27/1958,6.87
6/28/1958,6.682
6/29/1958,7.019
6/30/1958,6.099
7/1/1958,6.371
7/2/1958,6.23
7/3/1958,6.188
7/4/1958,6.037
7/5/1958,6.217
7/6/1958,6.133
7/7/1958,5.651
7/8/1958,5.986
7/9/1958,5.489
7/10/1958,5.623
7/11/1958,5.481
7/12/1958,5.699
7/13/1958,5.783
7/14/1958,4.756
7/15/1958,5.365
7/16/1958,5.17
7/17/1958,5.285
7/18/1958,5.749
7/19/1958,5.159
7/20/1958,5.252
7/21/1958,4.627
7/22/1958,6.437
7/23/1958,5.397
7/24/1958,5.185
7/25/1958,6.118
7/26/1958,5.352
7/27/1958,5.312
7/28/1958,5.004
7/29/1958,5.384
7/30/1958,5.309
7/31/1958,5.024
8/1/1958,5.15
8/2/1958,5.369
8/3/1958,4.691
8/4/1958,4.727
8/5/1958,4.902
8/6/1958,4.757
8/7/1958,4.729
8/8/1958,4.811
8/9/1958,5.141
8/10/1958,4.556
8/11/1958,4.503
8/12/1958,4.516
8/13/1958,4.612
8/14/1958,4.391
8/15/1958,4.662
8/16/1958,4.488
8/17/1958,4.479
8/18/1958,4.264
8/19/1958,4.663
8/20/1958,4.212
8/21/1958,4.592
8/22/1958,4.601
8/23/1958,4.385
8/24/1958,4.528
8/25/1958,3.978
8/26/1958,4.525
8/27/1958,4.521
8/28/1958,4.737
8/29/1958,4.04
8/30/1958,4.384
8/31/1958,4.098
9/1/1958,4.813
9/2/1958,3.85
9/3/1958,4.035
9/4/1958,4.451
9/5/1958,4.166
9/6/1958,4.525
9/7/1958,4.317
9/8/1958,4.65
9/9/1958,4.182
9/10/1958,4.328
9/11/1958,4.278
9/12/1958,4.382
9/13/1958,4.483
9/14/1958,4.271
9/15/1958,4.023
9/16/1958,4.784
9/17/1958,4.213
9/18/1958,4.439
9/19/1958,4.487
9/20/1958,4.137
9/21/1958,4.194
9/22/1958,5.308
9/23/1958,4.119
9/24/1958,4.557
9/25/1958,4.367
9/26/1958,4.48
9/27/1958,4.524
9/28/1958,4.46
9/29/1958,4.698
9/30/1958,4.278
10/1/1958,4.371
10/2/1958,4.459
10/3/1958,4.258
10/4/1958,4.46
10/5/1958,4.014
10/6/1958,4.788
10/7/1958,4.202
10/8/1958,4.16
10/9/1958,4.058
10/10/1958,4.675
10/11/1958,4.165
10/12/1958,4.459
10/13/1958,4.352
10/14/1958,4.241
10/15/1958,4.092
10/16/1958,4.354
10/17/1958,4.545
10/18/1958,4.637
10/19/1958,4.727
10/20/1958,4.362
10/21/1958,4.486
10/22/1958,4.558
10/23/1958,4.265
10/24/1958,4.543
10/25/1958,4.547
10/26/1958,4.382
10/27/1958,4.149
10/28/1958,4.313
10/29/1958,4.352
10/30/1958,4.626
10/31/1958,4.854
11/1/1958,4.526
11/2/1958,3.905
11/3/1958,4.24
11/4/1958,4.473
11/5/1958,4.791
11/6/1958,4.596
11/7/1958,4.221
11/8/1958,3.918
11/9/1958,5.397
11/10/1958,4.551
11/11/1958,4.222
11/12/1958,4.924
11/13/1958,4.601
11/14/1958,4.444
11/15/1958,3.862
11/16/1958,4.5
11/17/1958,4.173
11/18/1958,4.529
11/19/1958,4.678
11/20/1958,4.427
11/21/1958,4.529
11/22/1958,4.498
11/23/1958,4.259
11/24/1958,4.602
11/25/1958,4.292
11/26/1958,3.96
11/27/1958,4.821
11/28/1958,4.245
11/29/1958,4.452
11/30/1958,4.158
12/1/1958,4.63
12/2/1958,4.187
12/3/1958,4.448
12/4/1958,4.521
12/5/1958,4.465
12/6/1958,4.153
12/7/1958,4.116
12/8/1958,4.492
12/9/1958,4.035
12/10/1958,4.459
12/11/1958,4.221
12/12/1958,4.301
12/13/1958,4.474
12/14/1958,4.2
12/15/1958,4.145
12/16/1958,4.254
12/17/1958,4.369
12/18/1958,4.237
12/19/1958,4.469
12/20/1958,4.808
12/21/1958,4.212
12/22/1958,4.195
12/23/1958,4.341
12/24/1958,5.734
12/25/1958,5.332
12/26/1958,7.892
12/27/1958,6.14
12/28/1958,5.537
12/29/1958,4.962
12/30/1958,4.577
12/31/1958,5.066
1/1/1959,4.652
1/2/1959,4.759
1/3/1959,4.249
1/4/1959,4.069
1/5/1959,11.496
1/6/1959,8.695
1/7/1959,16.381
1/8/1959,26.427
1/9/1959,46.715
1/10/1959,38.958
1/11/1959,41.346
1/12/1959,64.496
1/13/1959,28.904
1/14/1959,17.274
1/15/1959,13.043
1/16/1959,11.403
1/17/1959,9.782
1/18/1959,8.771
1/19/1959,8.279
1/20/1959,7.7
1/21/1959,7.35
1/22/1959,6.966
1/23/1959,6.605
1/24/1959,8.474
1/25/1959,9.732
1/26/1959,9.132
1/27/1959,11.876
1/28/1959,12.803
1/29/1959,10.964
1/30/1959,9.505
1/31/1959,8.781
2/1/1959,7.761
2/2/1959,7.309
2/3/1959,7.297
2/4/1959,7.032
2/5/1959,7.152
2/6/1959,6.473
2/7/1959,6.779
2/8/1959,6.285
2/9/1959,7.139
2/10/1959,9.602
2/11/1959,7.804
2/12/1959,7.041
2/13/1959,6.837
2/14/1959,17.842
2/15/1959,18.836
2/16/1959,40.099
2/17/1959,35.658
2/18/1959,37.861
2/19/1959,30.539
2/20/1959,26.19
2/21/1959,22.651
2/22/1959,19.891
2/23/1959,17.163
2/24/1959,14.853
2/25/1959,13.482
2/26/1959,11.934
2/27/1959,12.501
2/28/1959,11.763
3/1/1959,12.447
3/2/1959,12.716
3/3/1959,12.592
3/4/1959,12.168
3/5/1959,11.167
3/6/1959,10.757
3/7/1959,10.441
3/8/1959,9.929
3/9/1959,9.267
3/10/1959,9.312
3/11/1959,9.184
3/12/1959,8.675
3/13/1959,8.624
3/14/1959,8.695
3/15/1959,8.122
3/16/1959,8.002
3/17/1959,8.272
3/18/1959,8.463
3/19/1959,7.593
3/20/1959,7.689
3/21/1959,8.07
3/22/1959,10.291
3/23/1959,11.348
3/24/1959,9.766
3/25/1959,9.669
3/26/1959,9.678
3/27/1959,8.554
3/28/1959,8.837
3/29/1959,9.76
3/30/1959,13.829
3/31/1959,12.032
4/1/1959,11.077
4/2/1959,10.42
4/3/1959,10.736
4/4/1959,10.732
4/5/1959,10.911
4/6/1959,10.224
4/7/1959,9.371
4/8/1959,9.261
4/9/1959,8.726
4/10/1959,8.412
4/11/1959,8.714
4/12/1959,8.203
4/13/1959,7.825
4/14/1959,8.224
4/15/1959,7.718
4/16/1959,7.834
4/17/1959,7.394
4/18/1959,7.442
4/19/1959,6.892
4/20/1959,6.874
4/21/1959,6.939
4/22/1959,6.977
4/23/1959,7.251
4/24/1959,7.004
4/25/1959,10.275
4/26/1959,10.286
4/27/1959,8.128
4/28/1959,7.92
4/29/1959,7.69
4/30/1959,7.319
5/1/1959,7.45
5/2/1959,7.1
5/3/1959,6.669
5/4/1959,6.476
5/5/1959,6.548
5/6/1959,6.681
5/7/1959,6.476
5/8/1959,6.137
5/9/1959,6.974
5/10/1959,6.342
5/11/1959,6.484
5/12/1959,6.568
5/13/1959,6.669
5/14/1959,6.759
5/15/1959,6.367
5/16/1959,6.633
5/17/1959,5.868
5/18/1959,5.99
5/19/1959,5.735
5/20/1959,5.691
5/21/1959,5.6
5/22/1959,5.835
5/23/1959,5.553
5/24/1959,5.526
5/25/1959,5.485
5/26/1959,5.752
5/27/1959,5.076
5/28/1959,5.734
5/29/1959,5.16
5/30/1959,5.281
5/31/1959,5.225
6/1/1959,5.519
6/2/1959,4.861
6/3/1959,4.951
6/4/1959,4.835
6/5/1959,5.226
6/6/1959,5.584
6/7/1959,4.727
6/8/1959,4.285
6/9/1959,4.887
6/10/1959,4.755
6/11/1959,4.646
6/12/1959,4.826
6/13/1959,4.583
6/14/1959,4.552
6/15/1959,3.791
6/16/1959,5.012
6/17/1959,4.172
6/18/1959,4.413
6/19/1959,4.557
6/20/1959,4.627
6/21/1959,4.518
6/22/1959,3.565
6/23/1959,4.379
6/24/1959,4.192
6/25/1959,4.331
6/26/1959,4.037
6/27/1959,4.398
6/28/1959,4.221
6/29/1959,3.493
6/30/1959,4.231
7/1/1959,3.874
7/2/1959,3.995
7/3/1959,3.837
7/4/1959,4.486
7/5/1959,2.865
7/6/1959,4.29
7/7/1959,3.924
7/8/1959,3.793
7/9/1959,3.982
7/10/1959,4.263
7/11/1959,3.955
7/12/1959,4.157
7/13/1959,3.495
7/14/1959,3.804
7/15/1959,3.973
7/16/1959,3.873
7/17/1959,3.75
7/18/1959,4.184
7/19/1959,3.182
7/20/1959,3.74
7/21/1959,3.876
7/22/1959,3.655
7/23/1959,3.606
7/24/1959,3.804
7/25/1959,3.763
7/26/1959,2.721
7/27/1959,3.988
7/28/1959,3.331
7/29/1959,3.497
7/30/1959,3.555
7/31/1959,3.517
8/1/1959,3.941
8/2/1959,2.959
8/3/1959,3.586
8/4/1959,3.48
8/5/1959,3.487
8/6/1959,3.544
8/7/1959,3.762
8/8/1959,3.709
8/9/1959,3.512
8/10/1959,3.324
8/11/1959,3.548
8/12/1959,3.467
8/13/1959,3.522
8/14/1959,3.405
8/15/1959,3.821
8/16/1959,3.116
8/17/1959,3.435
8/18/1959,3.45
8/19/1959,3.32
8/20/1959,3.65
8/21/1959,3.459
8/22/1959,3.65
8/23/1959,3.239
8/24/1959,3.653
8/25/1959,3.351
8/26/1959,3.731
8/27/1959,3.616
8/28/1959,3.714
8/29/1959,3.524
8/30/1959,3.311
8/31/1959,3.32
9/1/1959,3.642
9/2/1959,3.07
9/3/1959,3.664
9/4/1959,3.806
9/5/1959,3.506
9/6/1959,3.803
9/7/1959,3.323
9/8/1959,3.195
9/9/1959,3.681
9/10/1959,3.631
9/11/1959,3.803
9/12/1959,3.736
9/13/1959,2.994
9/14/1959,3.977
9/15/1959,3.56
9/16/1959,3.241
9/17/1959,3.893
9/18/1959,16.369
9/19/1959,6.947
9/20/1959,4.217
9/21/1959,4.266
9/22/1959,4.185
9/23/1959,3.965
9/24/1959,3.986
9/25/1959,3.73
9/26/1959,3.88
9/27/1959,3.71
9/28/1959,4.075
9/29/1959,3.787
9/30/1959,3.694
10/1/1959,3.923
10/2/1959,3.489
10/3/1959,3.737
10/4/1959,4.147
10/5/1959,3.624
10/6/1959,3.801
10/7/1959,3.751
10/8/1959,3.926
10/9/1959,4.028
10/10/1959,4.143
10/11/1959,3.853
10/12/1959,3.75
10/13/1959,4.304
10/14/1959,3.883
10/15/1959,3.567
10/16/1959,3.897
10/17/1959,3.744
10/18/1959,3.82
10/19/1959,3.753
10/20/1959,3.653
10/21/1959,3.702
10/22/1959,3.97
10/23/1959,3.636
10/24/1959,4.173
10/25/1959,3.665
10/26/1959,3.772
10/27/1959,3.794
10/28/1959,3.7
10/29/1959,3.558
10/30/1959,3.535
10/31/1959,3.896
11/1/1959,3.734
11/2/1959,3.825
11/3/1959,3.753
11/4/1959,3.558
11/5/1959,4.003
11/6/1959,3.948
11/7/1959,3.423
11/8/1959,4.222
11/9/1959,3.528
11/10/1959,3.818
11/11/1959,3.766
11/12/1959,3.959
11/13/1959,3.752
11/14/1959,3.846
11/15/1959,3.709
11/16/1959,3.778
11/17/1959,3.793
11/18/1959,3.686
11/19/1959,3.821
11/20/1959,3.668
11/21/1959,4.082
11/22/1959,3.584
11/23/1959,3.894
11/24/1959,3.768
11/25/1959,3.832
11/26/1959,3.812
11/27/1959,3.82
11/28/1959,3.795
11/29/1959,3.525
11/30/1959,3.69
12/1/1959,3.946
12/2/1959,3.726
12/3/1959,3.913
12/4/1959,3.695
12/5/1959,3.551
12/6/1959,3.753
12/7/1959,3.599
12/8/1959,4.015
12/9/1959,3.542
12/10/1959,3.873
12/11/1959,3.835
12/12/1959,4.227
12/13/1959,3.546
12/14/1959,3.8
12/15/1959,3.724
12/16/1959,3.71
12/17/1959,3.94
12/18/1959,3.619
12/19/1959,4.038
12/20/1959,3.41
12/21/1959,3.888
12/22/1959,3.824
12/23/1959,5.33
12/24/1959,6.471
12/25/1959,4.569
12/26/1959,4.213
12/27/1959,3.838
12/28/1959,4.253
12/29/1959,3.753
12/30/1959,3.932
12/31/1959,3.917
1/1/1960,3.758
1/2/1960,3.703
1/3/1960,3.86
1/4/1960,3.545
1/5/1960,3.95
1/6/1960,3.961
1/7/1960,4.707
1/8/1960,4.98
1/9/1960,4.529
1/10/1960,4.403
1/11/1960,7.435
1/12/1960,5.202
1/13/1960,4.18
1/14/1960,4.74
1/15/1960,4.135
1/16/1960,4.021
1/17/1960,3.928
1/18/1960,3.883
1/19/1960,4.272
1/20/1960,3.963
1/21/1960,6.682
1/22/1960,7.421
1/23/1960,5.966
1/24/1960,6.396
1/25/1960,12.847
1/26/1960,14.172
1/27/1960,14.858
1/28/1960,16.55
1/29/1960,11.37
1/30/1960,10.134
1/31/1960,8.499
2/1/1960,25.938
2/2/1960,19.955
2/3/1960,15.188
2/4/1960,13.431
2/5/1960,16.257
2/6/1960,14.62
2/7/1960,30.595
2/8/1960,65.202
2/9/1960,39.677
2/10/1960,29.271
2/11/1960,20.845
2/12/1960,16.345
2/13/1960,14.031
2/14/1960,11.661
2/15/1960,10.433
2/16/1960,9.117
2/17/1960,8.395
2/18/1960,8.23
2/19/1960,7.922
2/20/1960,7.233
2/21/1960,7.254
2/22/1960,6.409
2/23/1960,6.684
2/24/1960,6.241
2/25/1960,6.06
2/26/1960,6.334
2/27/1960,6.211
2/28/1960,5.894
2/29/1960,5.674
3/1/1960,5.736
3/2/1960,5.625
3/3/1960,8.51
3/4/1960,9.172
3/5/1960,27.55
3/6/1960,32.956
3/7/1960,41.233
3/8/1960,29.499
3/9/1960,22.242
3/10/1960,18.046
3/11/1960,15.833
3/12/1960,15.128
3/13/1960,13.367
3/14/1960,12.504
3/15/1960,12.126
3/16/1960,10.96
3/17/1960,10.625
3/18/1960,10.245
3/19/1960,9.834
3/20/1960,9.551
3/21/1960,9.628
3/22/1960,9.587
3/23/1960,9.566
3/24/1960,9.356
3/25/1960,9.173
3/26/1960,9.358
3/27/1960,11.359
3/28/1960,10.744
3/29/1960,9.957
3/30/1960,16.617
3/31/1960,13.592
4/1/1960,11.828
4/2/1960,10.54
4/3/1960,10.283
4/4/1960,9.671
4/5/1960,9.711
4/6/1960,9.576
4/7/1960,9.338
4/8/1960,8.883
4/9/1960,8.628
4/10/1960,8.405
4/11/1960,8.454
4/12/1960,7.628
4/13/1960,7.354
4/14/1960,7.565
4/15/1960,7.694
4/16/1960,7.384
4/17/1960,6.809
4/18/1960,7.191
4/19/1960,6.535
4/20/1960,6.719
4/21/1960,6.067
4/22/1960,6.683
4/23/1960,6.352
4/24/1960,5.928
4/25/1960,6.427
4/26/1960,7.077
4/27/1960,9.232
4/28/1960,7.611
4/29/1960,7.196
4/30/1960,6.546
5/1/1960,6.662
5/2/1960,7.51
5/3/1960,7.367
5/4/1960,7.164
5/5/1960,6.791
5/6/1960,6.925
5/7/1960,7.206
5/8/1960,6.717
5/9/1960,6.866
5/10/1960,6.988
5/11/1960,6.63
5/12/1960,7.026
5/13/1960,6.57
5/14/1960,6.427
5/15/1960,5.993
5/16/1960,6.635
5/17/1960,5.487
5/18/1960,5.71
5/19/1960,5.515
5/20/1960,5.077
5/21/1960,5.686
5/22/1960,5.405
5/23/1960,9.063
5/24/1960,11.738
5/25/1960,12.1
5/26/1960,11.621
5/27/1960,10.09
5/28/1960,9.847
5/29/1960,9.205
5/30/1960,8.499
5/31/1960,8.166
6/1/1960,7.998
6/2/1960,8.052
6/3/1960,6.817
6/4/1960,7.74
6/5/1960,6.196
6/6/1960,6.485
6/7/1960,6.18
6/8/1960,4.902
6/9/1960,6.849
6/10/1960,5.511
6/11/1960,5.341
6/12/1960,5.359
6/13/1960,5.219
6/14/1960,5.05
6/15/1960,4.921
6/16/1960,4.907
6/17/1960,4.824
6/18/1960,5.006
6/19/1960,4.094
6/20/1960,4.227
6/21/1960,4.514
6/22/1960,4.655
6/23/1960,4.741
6/24/1960,4.236
6/25/1960,4.215
6/26/1960,4.292
6/27/1960,4.374
6/28/1960,4.204
6/29/1960,4.152
6/30/1960,4.271
7/1/1960,3.478
7/2/1960,4.496
7/3/1960,3.954
7/4/1960,3.97
7/5/1960,4.008
7/6/1960,4.351
7/7/1960,3.802
7/8/1960,4.124
7/9/1960,3.745
7/10/1960,3.5
7/11/1960,3.75
7/12/1960,3.771
7/13/1960,3.963
7/14/1960,3.718
7/15/1960,3.946
7/16/1960,3.955
7/17/1960,3.367
7/18/1960,3.64
7/19/1960,3.716
7/20/1960,3.767
7/21/1960,3.848
7/22/1960,3.272
7/23/1960,4.047
7/24/1960,3.09
7/25/1960,3.526
7/26/1960,3.565
7/27/1960,3.464
7/28/1960,3.369
7/29/1960,3.444
7/30/1960,3.857
7/31/1960,3.041
8/1/1960,3.535
8/2/1960,3.442
8/3/1960,3.53
8/4/1960,3.407
8/5/1960,3.588
8/6/1960,3.663
8/7/1960,3.13
8/8/1960,3.339
8/9/1960,3.312
8/10/1960,3.535
8/11/1960,3.454
8/12/1960,3.291
8/13/1960,3.482
8/14/1960,3.319
8/15/1960,2.775
8/16/1960,3.325
8/17/1960,3.383
8/18/1960,3.235
8/19/1960,3.61
8/20/1960,3.355
8/21/1960,2.937
8/22/1960,3.481
8/23/1960,2.828
8/24/1960,3.6
8/25/1960,3.11
8/26/1960,3.43
8/27/1960,3.261
8/28/1960,3.4
8/29/1960,3.311
8/30/1960,3.389
8/31/1960,3.26
9/1/1960,3.319
9/2/1960,3.252
9/3/1960,3.169
9/4/1960,3.728
9/5/1960,3.148
9/6/1960,3.281
9/7/1960,3.294
9/8/1960,3.531
9/9/1960,3.407
9/10/1960,3.672
9/11/1960,3.395
9/12/1960,3.118
9/13/1960,3.435
9/14/1960,3.602
9/15/1960,3.335
9/16/1960,3.275
9/17/1960,3.399
9/18/1960,3.295
9/19/1960,3.252
9/20/1960,3.402
9/21/1960,3.081
9/22/1960,3.321
9/23/1960,3.51
9/24/1960,3.199
9/25/1960,3.731
9/26/1960,3.066
9/27/1960,3.465
9/28/1960,3.269
9/29/1960,3.691
9/30/1960,3.309
10/1/1960,3.493
10/2/1960,3.368
10/3/1960,3.589
10/4/1960,3.301
10/5/1960,3.854
10/6/1960,4.297
10/7/1960,3.875
10/8/1960,3.519
10/9/1960,3.453
10/10/1960,3.478
10/11/1960,3.481
10/12/1960,3.632
10/13/1960,3.432
10/14/1960,3.372
10/15/1960,3.58
10/16/1960,3.524
10/17/1960,3.743
10/18/1960,3.562
10/19/1960,3.592
10/20/1960,3.493
10/21/1960,3.735
10/22/1960,3.473
10/23/1960,3.555
10/24/1960,3.688
10/25/1960,3.456
10/26/1960,3.652
10/27/1960,3.427
10/28/1960,3.857
10/29/1960,3.429
10/30/1960,3.583
10/31/1960,3.713
11/1/1960,3.417
11/2/1960,3.429
11/3/1960,3.423
11/4/1960,3.366
11/5/1960,3.633
11/6/1960,3.716
11/7/1960,3.847
11/8/1960,3.713
11/9/1960,3.6
11/10/1960,3.617
11/11/1960,4.4
11/12/1960,5.643
11/13/1960,7.679
11/14/1960,4.824
11/15/1960,4.506
11/16/1960,4.124
11/17/1960,4.568
11/18/1960,5.648
11/19/1960,4.364
11/20/1960,4.268
11/21/1960,4.1
11/22/1960,4.035
11/23/1960,4.817
11/24/1960,7.165
11/25/1960,17.985
11/26/1960,9.825
11/27/1960,6.67
11/28/1960,5.346
11/29/1960,5.504
11/30/1960,8.694
12/1/1960,38.798
12/2/1960,25.971
12/3/1960,14.77
12/4/1960,10.114
12/5/1960,7.937
12/6/1960,6.871
12/7/1960,6.22
12/8/1960,5.818
12/9/1960,5.413
12/10/1960,5.676
12/11/1960,4.961
12/12/1960,5.077
12/13/1960,5.157
12/14/1960,4.735
12/15/1960,6.462
12/16/1960,13.086
12/17/1960,25.158
12/18/1960,22.226
12/19/1960,17.951
12/20/1960,13.092
12/21/1960,10.622
12/22/1960,8.952
12/23/1960,7.908
12/24/1960,7.443
12/25/1960,6.98
12/26/1960,6.567
12/27/1960,6.143
12/28/1960,6.186
12/29/1960,5.394
12/30/1960,5.685
12/31/1960,5.596
1/1/1961,5.378
1/2/1961,4.988
1/3/1961,4.932
1/4/1961,5.113
1/5/1961,5.032
1/6/1961,4.961
1/7/1961,4.808
1/8/1961,5.233
1/9/1961,5.401
1/10/1961,4.815
1/11/1961,4.971
1/12/1961,4.881
1/13/1961,4.911
1/14/1961,4.644
1/15/1961,4.64
1/16/1961,4.72
1/17/1961,4.926
1/18/1961,4.724
1/19/1961,4.411
1/20/1961,4.643
1/21/1961,4.31
1/22/1961,4.64
1/23/1961,4.827
1/24/1961,4.671
1/25/1961,4.348
1/26/1961,5.341
1/27/1961,5.499
1/28/1961,4.821
1/29/1961,8.929
1/30/1961,16.273
1/31/1961,43.389
2/1/1961,22.299
2/2/1961,17.833
2/3/1961,16.036
2/4/1961,13.383
2/5/1961,11.489
2/6/1961,10.576
2/7/1961,9.876
2/8/1961,10.543
2/9/1961,24.342
2/10/1961,26.515
2/11/1961,37.615
2/12/1961,25.862
2/13/1961,19.163
2/14/1961,20.252
2/15/1961,23.004
2/16/1961,20.448
2/17/1961,16.871
2/18/1961,14.462
2/19/1961,12.587
2/20/1961,11.33
2/21/1961,10.516
2/22/1961,9.864
2/23/1961,9.106
2/24/1961,8.684
2/25/1961,8.663
2/26/1961,7.806
2/27/1961,7.757
2/28/1961,7.341
3/1/1961,7.02
3/2/1961,7.352
3/3/1961,6.965
3/4/1961,6.608
3/5/1961,8.575
3/6/1961,7.309
3/7/1961,6.933
3/8/1961,8.27
3/9/1961,8.876
3/10/1961,9.676
3/11/1961,10.589
3/12/1961,9.56
3/13/1961,9.135
3/14/1961,11.703
3/15/1961,20.057
3/16/1961,18.586
3/17/1961,18.3
3/18/1961,15.624
3/19/1961,14.705
3/20/1961,12.859
3/21/1961,12.102
3/22/1961,11.702
3/23/1961,11.162
3/24/1961,13.449
3/25/1961,12.722
3/26/1961,16.775
3/27/1961,15.372
3/28/1961,13.849
3/29/1961,12.429
3/30/1961,11.817
3/31/1961,11.082
4/1/1961,11.182
4/2/1961,10.936
4/3/1961,11.329
4/4/1961,11.07
4/5/1961,10.591
4/6/1961,9.887
4/7/1961,9.481
4/8/1961,8.874
4/9/1961,8.792
4/10/1961,8.53
4/11/1961,8.267
4/12/1961,8.403
4/13/1961,7.957
4/14/1961,7.705
4/15/1961,8.058
4/16/1961,7.828
4/17/1961,7.88
4/18/1961,7.368
4/19/1961,7.324
4/20/1961,6.836
4/21/1961,7.81
4/22/1961,9.105
4/23/1961,8.302
4/24/1961,7.756
4/25/1961,7.214
4/26/1961,7.258
4/27/1961,7.216
4/28/1961,7.307
4/29/1961,7.64
4/30/1961,7.85
5/1/1961,8.375
5/2/1961,7.596
5/3/1961,7.35
5/4/1961,7.172
5/5/1961,7.134
5/6/1961,8.066
5/7/1961,6.886
5/8/1961,6.674
5/9/1961,7.926
5/10/1961,9.342
5/11/1961,10.963
5/12/1961,9.465
5/13/1961,8.725
5/14/1961,8.117
5/15/1961,8.376
5/16/1961,8.112
5/17/1961,7.999
5/18/1961,7.933
5/19/1961,7.942
5/20/1961,8.111
5/21/1961,7.13
5/22/1961,7.37
5/23/1961,7.052
5/24/1961,6.92
5/25/1961,6.873
5/26/1961,7.406
5/27/1961,6.52
5/28/1961,6.308
5/29/1961,6.109
5/30/1961,6.885
5/31/1961,5.552
6/1/1961,7.583
6/2/1961,7.898
6/3/1961,6.835
6/4/1961,6.967
6/5/1961,6.359
6/6/1961,5.964
6/7/1961,5.974
6/8/1961,5.725
6/9/1961,5.339
6/10/1961,6
6/11/1961,5.345
6/12/1961,5.273
6/13/1961,5.234
6/14/1961,5.445
6/15/1961,5.423
6/16/1961,5.007
6/17/1961,5.08
6/18/1961,4.395
6/19/1961,4.681
6/20/1961,4.497
6/21/1961,4.849
6/22/1961,4.313
6/23/1961,4.179
6/24/1961,4.36
6/25/1961,4.137
6/26/1961,4.343
6/27/1961,3.962
6/28/1961,4.038
6/29/1961,4.121
6/30/1961,3.538
7/1/1961,4.192
7/2/1961,3.311
7/3/1961,4.278
7/4/1961,3.496
7/5/1961,4.165
7/6/1961,3.728
7/7/1961,3.825
7/8/1961,3.741
7/9/1961,3.502
7/10/1961,4.038
7/11/1961,3.802
7/12/1961,4.061
7/13/1961,3.741
7/14/1961,3.746
7/15/1961,3.597
7/16/1961,3.587
7/17/1961,3.496
7/18/1961,3.503
7/19/1961,3.536
7/20/1961,3.527
7/21/1961,3.469
7/22/1961,3.821
7/23/1961,3.331
7/24/1961,3.617
7/25/1961,3.287
7/26/1961,3.509
7/27/1961,3.453
7/28/1961,3.481
7/29/1961,3.245
7/30/1961,3.227
7/31/1961,3.589
8/1/1961,2.952
8/2/1961,3.523
8/3/1961,3.474
8/4/1961,3.481
8/5/1961,3.32
8/6/1961,3.468
8/7/1961,3.601
8/8/1961,3.598
8/9/1961,3.354
8/10/1961,3.452
8/11/1961,3.376
8/12/1961,3.389
8/13/1961,2.886
8/14/1961,3.427
8/15/1961,3.436
8/16/1961,3.234
8/17/1961,3.4
8/18/1961,3.349
8/19/1961,3.292
8/20/1961,3.268
8/21/1961,3.44
8/22/1961,3.295
8/23/1961,3.238
8/24/1961,3.294
8/25/1961,3.024
8/26/1961,3.42
8/27/1961,3.11
8/28/1961,3.475
8/29/1961,3.194
8/30/1961,3.421
8/31/1961,3.182
9/1/1961,3.178
9/2/1961,3.069
9/3/1961,3.434
9/4/1961,3.282
9/5/1961,3.154
9/6/1961,3.315
9/7/1961,3.135
9/8/1961,3.125
9/9/1961,3.446
9/10/1961,3.34
9/11/1961,3.09
9/12/1961,3.235
9/13/1961,3.331
9/14/1961,3.327
9/15/1961,3.136
9/16/1961,3.919
9/17/1961,3.563
9/18/1961,3.433
9/19/1961,3.438
9/20/1961,3.311
9/21/1961,3.345
9/22/1961,3.451
9/23/1961,3.22
9/24/1961,3.325
9/25/1961,3.393
9/26/1961,3.134
9/27/1961,3.461
9/28/1961,3.072
9/29/1961,3.004
9/30/1961,3.767
10/1/1961,3.218
10/2/1961,3.463
10/3/1961,3.348
10/4/1961,3.189
10/5/1961,3.39
10/6/1961,3.229
10/7/1961,2.942
10/8/1961,3.246
10/9/1961,3.356
10/10/1961,3.608
10/11/1961,3.881
10/12/1961,3.876
10/13/1961,3.276
10/14/1961,3.441
10/15/1961,3.382
10/16/1961,3.541
10/17/1961,3.366
10/18/1961,3.481
10/19/1961,3.294
10/20/1961,3.44
10/21/1961,3.595
10/22/1961,3.203
10/23/1961,3.619
10/24/1961,3.615
10/25/1961,3.268
10/26/1961,3.459
10/27/1961,4.573
10/28/1961,3.618
10/29/1961,3.378
10/30/1961,3.662
10/31/1961,3.296
11/1/1961,3.482
11/2/1961,3.649
11/3/1961,3.407
11/4/1961,3.503
11/5/1961,3.22
11/6/1961,3.52
11/7/1961,3.542
11/8/1961,3.698
11/9/1961,3.417
11/10/1961,3.547
11/11/1961,3.451
11/12/1961,3.477
11/13/1961,3.133
11/14/1961,3.635
11/15/1961,3.326
11/16/1961,3.569
11/17/1961,3.183
11/18/1961,3.38
11/19/1961,3.686
11/20/1961,3.541
11/21/1961,3.463
11/22/1961,3.804
11/23/1961,5.834
11/24/1961,14.552
11/25/1961,15.799
11/26/1961,14.615
11/27/1961,9.738
11/28/1961,6.736
11/29/1961,10.451
11/30/1961,15.408
12/1/1961,31.938
12/2/1961,23.471
12/3/1961,12.458
12/4/1961,9.091
12/5/1961,7.777
12/6/1961,6.649
12/7/1961,5.856
12/8/1961,5.651
12/9/1961,5.378
12/10/1961,5.224
12/11/1961,4.864
12/12/1961,4.737
12/13/1961,4.936
12/14/1961,4.554
12/15/1961,4.186
12/16/1961,4.796
12/17/1961,5.991
12/18/1961,6.238
12/19/1961,9.902
12/20/1961,15.537
12/21/1961,17.553
12/22/1961,11.148
12/23/1961,8.918
12/24/1961,7.972
12/25/1961,7.072
12/26/1961,6.53
12/27/1961,6.119
12/28/1961,5.769
12/29/1961,5.879
12/30/1961,5.322
12/31/1961,5.372
1/1/1962,5.038
1/2/1962,4.79
1/3/1962,5.171
1/4/1962,5.072
1/5/1962,4.914
1/6/1962,4.873
1/7/1962,4.885
1/8/1962,4.838
1/9/1962,5.059
1/10/1962,4.701
1/11/1962,4.68
1/12/1962,5.196
1/13/1962,4.47
1/14/1962,4.421
1/15/1962,4.407
1/16/1962,4.366
1/17/1962,4.268
1/18/1962,5.373
1/19/1962,10.789
1/20/1962,9.92
1/21/1962,6.19
1/22/1962,5.027
1/23/1962,4.821
1/24/1962,5.015
1/25/1962,5.046
1/26/1962,4.89
1/27/1962,4.754
1/28/1962,4.724
1/29/1962,4.875
1/30/1962,4.922
1/31/1962,5.025
2/1/1962,4.268
2/2/1962,4.825
2/3/1962,4.947
2/4/1962,5.015
2/5/1962,4.574
2/6/1962,5.924
2/7/1962,16.472
2/8/1962,27.415
2/9/1962,56.162
2/10/1962,50.572
2/11/1962,29.373
2/12/1962,35.158
2/13/1962,70.179
2/14/1962,48.08
2/15/1962,48.828
2/16/1962,40.462
2/17/1962,30.561
2/18/1962,25.431
2/19/1962,19.603
2/20/1962,16.546
2/21/1962,14.698
2/22/1962,12.497
2/23/1962,11.677
2/24/1962,10.83
2/25/1962,10.107
2/26/1962,8.713
2/27/1962,8.369
2/28/1962,9.742
3/1/1962,9.32
3/2/1962,8.201
3/3/1962,8.69
3/4/1962,8.244
3/5/1962,18.985
3/6/1962,25.863
3/7/1962,18.122
3/8/1962,14.797
3/9/1962,13.384
3/10/1962,12.044
3/11/1962,11.022
3/12/1962,10.004
3/13/1962,9.486
3/14/1962,9.063
3/15/1962,9.384
3/16/1962,9.122
3/17/1962,9.089
3/18/1962,8.339
3/19/1962,8.962
3/20/1962,10.367
3/21/1962,10.362
3/22/1962,13.705
3/23/1962,12.191
3/24/1962,11.357
3/25/1962,10.436
3/26/1962,9.886
3/27/1962,10.51
3/28/1962,11.061
3/29/1962,10.958
3/30/1962,10.895
3/31/1962,10.145
4/1/1962,10.38
4/2/1962,10.615
4/3/1962,10.577
4/4/1962,10.663
4/5/1962,10.942
4/6/1962,11.02
4/7/1962,11.14
4/8/1962,11.67
4/9/1962,11.255
4/10/1962,10.636
4/11/1962,10.293
4/12/1962,10.326
4/13/1962,10.853
4/14/1962,11.161
4/15/1962,11.306
4/16/1962,10.856
4/17/1962,9.998
4/18/1962,10.159
4/19/1962,9.65
4/20/1962,8.962
4/21/1962,8.48
4/22/1962,8.262
4/23/1962,8.892
4/24/1962,8.905
4/25/1962,8.859
4/26/1962,7.995
4/27/1962,9.921
4/28/1962,8.835
4/29/1962,8.28
4/30/1962,7.634
5/1/1962,7.412
5/2/1962,7.798
5/3/1962,7.731
5/4/1962,8.429
5/5/1962,7.423
5/6/1962,7.883
5/7/1962,7.813
5/8/1962,8.188
5/9/1962,8.254
5/10/1962,7.554
5/11/1962,7.442
5/12/1962,6.756
5/13/1962,7.082
5/14/1962,6.303
5/15/1962,6.443
5/16/1962,6.479
5/17/1962,6.269
5/18/1962,6.512
5/19/1962,5.963
5/20/1962,6.165
5/21/1962,6.02
5/22/1962,6.012
5/23/1962,5.968
5/24/1962,6.259
5/25/1962,5.905
5/26/1962,6.454
5/27/1962,6.477
5/28/1962,6.547
5/29/1962,6.708
5/30/1962,6.487
5/31/1962,6.501
6/1/1962,6.189
6/2/1962,6.232
6/3/1962,5.966
6/4/1962,6.126
6/5/1962,5.681
6/6/1962,5.574
6/7/1962,5.336
6/8/1962,5.385
6/9/1962,5.483
6/10/1962,4.993
6/11/1962,4.821
6/12/1962,4.847
6/13/1962,4.741
6/14/1962,4.642
6/15/1962,4.551
6/16/1962,4.627
6/17/1962,4.634
6/18/1962,4.412
6/19/1962,4.42
6/20/1962,4.372
6/21/1962,4.09
6/22/1962,4.355
6/23/1962,4.294
6/24/1962,4.066
6/25/1962,3.385
6/26/1962,4.036
6/27/1962,3.811
6/28/1962,3.672
6/29/1962,3.831
6/30/1962,4.093
7/1/1962,3.485
7/2/1962,3.54
7/3/1962,4.032
7/4/1962,3.592
7/5/1962,3.544
7/6/1962,3.753
7/7/1962,3.915
7/8/1962,3.568
7/9/1962,3.188
7/10/1962,3.542
7/11/1962,3.405
7/12/1962,3.549
7/13/1962,3.565
7/14/1962,3.818
7/15/1962,3.268
7/16/1962,3.042
7/17/1962,3.508
7/18/1962,3.642
7/19/1962,3.366
7/20/1962,3.328
7/21/1962,3.76
7/22/1962,3.287
7/23/1962,3.17
7/24/1962,3.358
7/25/1962,3.343
7/26/1962,3.38
7/27/1962,3.62
7/28/1962,3.326
7/29/1962,3.09
7/30/1962,3.397
7/31/1962,3.243
8/1/1962,3.332
8/2/1962,3.173
8/3/1962,3.147
8/4/1962,3.748
8/5/1962,2.936
8/6/1962,2.952
8/7/1962,3.703
8/8/1962,3.561
8/9/1962,3.991
8/10/1962,3.388
8/11/1962,3.511
8/12/1962,3.333
8/13/1962,3.375
8/14/1962,3.111
8/15/1962,3.501
8/16/1962,3.161
8/17/1962,3.569
8/18/1962,3.109
8/19/1962,3.046
8/20/1962,3.214
8/21/1962,3.2
8/22/1962,3.249
8/23/1962,3.12
8/24/1962,3.341
8/25/1962,3.361
8/26/1962,3.154
8/27/1962,2.579
8/28/1962,3.325
8/29/1962,3.292
8/30/1962,2.978
8/31/1962,3.194
9/1/1962,3.059
9/2/1962,3.348
9/3/1962,3.408
9/4/1962,2.812
9/5/1962,3.35
9/6/1962,3.195
9/7/1962,3.451
9/8/1962,2.894
9/9/1962,3.23
9/10/1962,3.03
9/11/1962,3.101
9/12/1962,3.18
9/13/1962,3.328
9/14/1962,3.242
9/15/1962,3.428
9/16/1962,3.17
9/17/1962,2.93
9/18/1962,3.431
9/19/1962,3.169
9/20/1962,2.987
9/21/1962,3.385
9/22/1962,3.45
9/23/1962,2.747
9/24/1962,3.375
9/25/1962,3.178
9/26/1962,3.138
9/27/1962,3.548
9/28/1962,4.968
9/29/1962,3.867
9/30/1962,3.079
10/1/1962,3.26
10/2/1962,3.218
10/3/1962,3.172
10/4/1962,3.26
10/5/1962,3.113
10/6/1962,3.563
10/7/1962,3.177
10/8/1962,3.658
10/9/1962,7.043
10/10/1962,15.498
10/11/1962,21.826
10/12/1962,44.76
10/13/1962,31.727
10/14/1962,25.853
10/15/1962,22.266
10/16/1962,19.585
10/17/1962,16.022
10/18/1962,12.039
10/19/1962,10.814
10/20/1962,8.513
10/21/1962,8.16
10/22/1962,6.831
10/23/1962,6.742
10/24/1962,6.403
10/25/1962,5.634
10/26/1962,5.477
10/27/1962,5.077
10/28/1962,5.097
10/29/1962,4.981
10/30/1962,4.985
10/31/1962,4.558
11/1/1962,4.794
11/2/1962,4.756
11/3/1962,4.769
11/4/1962,4.39
11/5/1962,4.405
11/6/1962,4.453
11/7/1962,4.432
11/8/1962,4.486
11/9/1962,4.798
11/10/1962,4.612
11/11/1962,4.768
11/12/1962,5.695
11/13/1962,5.443
11/14/1962,4.61
11/15/1962,4.628
11/16/1962,4.245
11/17/1962,4.451
11/18/1962,4.37
11/19/1962,4.162
11/20/1962,4.373
11/21/1962,4.556
11/22/1962,4.232
11/23/1962,4.256
11/24/1962,4.32
11/25/1962,4.459
11/26/1962,16.025
11/27/1962,9.826
11/28/1962,7.873
11/29/1962,6.433
11/30/1962,5.97
12/1/1962,6.738
12/2/1962,17.86
12/3/1962,18.893
12/4/1962,12.005
12/5/1962,10.041
12/6/1962,8.983
12/7/1962,8.389
12/8/1962,7.454
12/9/1962,6.827
12/10/1962,6.21
12/11/1962,6.34
12/12/1962,5.814
12/13/1962,6.532
12/14/1962,6.655
12/15/1962,20.112
12/16/1962,22.345
12/17/1962,22.645
12/18/1962,18.151
12/19/1962,14.159
12/20/1962,11.34
12/21/1962,10.406
12/22/1962,9.428
12/23/1962,8.782
12/24/1962,7.485
12/25/1962,7.324
12/26/1962,6.737
12/27/1962,6.458
12/28/1962,6.368
12/29/1962,6.021
12/30/1962,5.866
12/31/1962,5.704
1/1/1963,5.809
1/2/1963,5.559
1/3/1963,5.678
1/4/1963,5.645
1/5/1963,5.239
1/6/1963,5.312
1/7/1963,5.591
1/8/1963,4.939
1/9/1963,5.212
1/10/1963,4.925
1/11/1963,4.631
1/12/1963,4.53
1/13/1963,4.179
1/14/1963,5.045
1/15/1963,4.699
1/16/1963,4.827
1/17/1963,4.722
1/18/1963,4.418
1/19/1963,4.222
1/20/1963,4.528
1/21/1963,4.47
1/22/1963,4.578
1/23/1963,4.489
1/24/1963,4.443
1/25/1963,4.424
1/26/1963,4.493
1/27/1963,4.293
1/28/1963,4.389
1/29/1963,5.817
1/30/1963,8.84
1/31/1963,44.711
2/1/1963,44.314
2/2/1963,29.819
2/3/1963,41.081
2/4/1963,33.914
2/5/1963,28.013
2/6/1963,22.179
2/7/1963,17.965
2/8/1963,16.647
2/9/1963,14.831
2/10/1963,13.803
2/11/1963,12.262
2/12/1963,13.781
2/13/1963,17.782
2/14/1963,15.381
2/15/1963,13.763
2/16/1963,12.632
2/17/1963,11.609
2/18/1963,10.9
2/19/1963,10.141
2/20/1963,10.1
2/21/1963,9.856
2/22/1963,9.018
2/23/1963,9.078
2/24/1963,8.753
2/25/1963,8.315
2/26/1963,7.758
2/27/1963,7.824
2/28/1963,7.411
3/1/1963,7.097
3/2/1963,7.214
3/3/1963,6.688
3/4/1963,6.863
3/5/1963,6.72
3/6/1963,6.362
3/7/1963,6.444
3/8/1963,6.678
3/9/1963,6.344
3/10/1963,6.11
3/11/1963,5.884
3/12/1963,6.067
3/13/1963,5.785
3/14/1963,6.179
3/15/1963,6.373
3/16/1963,8.207
3/17/1963,6.069
3/18/1963,6.39
3/19/1963,5.896
3/20/1963,6.312
3/21/1963,6.204
3/22/1963,7.139
3/23/1963,10.197
3/24/1963,9.197
3/25/1963,8.356
3/26/1963,7.92
3/27/1963,23.716
3/28/1963,33.478
3/29/1963,35.717
3/30/1963,33.976
3/31/1963,28.764
4/1/1963,22.729
4/2/1963,18.713
4/3/1963,16.24
4/4/1963,14.046
4/5/1963,24.051
4/6/1963,44.64
4/7/1963,47.158
4/8/1963,40.491
4/9/1963,38.169
4/10/1963,39.874
4/11/1963,31.934
4/12/1963,38.579
4/13/1963,38.938
4/14/1963,61.885
4/15/1963,52.019
4/16/1963,35.367
4/17/1963,27.478
4/18/1963,26.579
4/19/1963,25.519
4/20/1963,21.649
4/21/1963,19.919
4/22/1963,18.562
4/23/1963,16.919
4/24/1963,16.36
4/25/1963,15.74
4/26/1963,14.81
4/27/1963,14.11
4/28/1963,13.45
4/29/1963,13.67
4/30/1963,13.43
5/1/1963,13.854
5/2/1963,13.276
5/3/1963,13.33
5/4/1963,13.4
5/5/1963,14.16
5/6/1963,14.27
5/7/1963,17.112
5/8/1963,16.786
5/9/1963,15.158
5/10/1963,14.954
5/11/1963,14.25
5/12/1963,13.67
5/13/1963,12.866
5/14/1963,12.291
5/15/1963,12.367
5/16/1963,12.52
5/17/1963,12.354
5/18/1963,12.146
5/19/1963,11.702
5/20/1963,11.827
5/21/1963,11.291
5/22/1963,11.111
5/23/1963,10.508
5/24/1963,10.162
5/25/1963,9.381
5/26/1963,9.459
5/27/1963,9.154
5/28/1963,8.396
5/29/1963,9.397
5/30/1963,8.498
5/31/1963,8.472
6/1/1963,8.119
6/2/1963,7.304
6/3/1963,7.17
6/4/1963,6.922
6/5/1963,6.38
6/6/1963,6.461
6/7/1963,6.568
6/8/1963,6.475
6/9/1963,5.988
6/10/1963,5.854
6/11/1963,6.027
6/12/1963,5.589
6/13/1963,5.965
6/14/1963,5.951
6/15/1963,5.912
6/16/1963,5.462
6/17/1963,5.688
6/18/1963,5.565
6/19/1963,5.576
6/20/1963,4.802
6/21/1963,5.357
6/22/1963,5.924
6/23/1963,5.17
6/24/1963,5.123
6/25/1963,4.968
6/26/1963,4.783
6/27/1963,4.828
6/28/1963,5.501
6/29/1963,5.478
6/30/1963,4.424
7/1/1963,4.615
7/2/1963,4.806
7/3/1963,4.364
7/4/1963,4.724
7/5/1963,5.007
7/6/1963,4.848
7/7/1963,4.327
7/8/1963,4.598
7/9/1963,4.772
7/10/1963,4.415
7/11/1963,4.489
7/12/1963,4.672
7/13/1963,4.74
7/14/1963,4.339
7/15/1963,4.029
7/16/1963,4.28
7/17/1963,4.21
7/18/1963,4.208
7/19/1963,4.266
7/20/1963,4.163
7/21/1963,3.713
7/22/1963,4.32
7/23/1963,3.858
7/24/1963,4.11
7/25/1963,3.689
7/26/1963,4.061
7/27/1963,4.371
7/28/1963,3.776
7/29/1963,3.606
7/30/1963,4.121
7/31/1963,4.097
8/1/1963,3.302
8/2/1963,3.726
8/3/1963,4.012
8/4/1963,3.443
8/5/1963,3.991
8/6/1963,3.88
8/7/1963,3.745
8/8/1963,3.701
8/9/1963,3.885
8/10/1963,3.989
8/11/1963,3.493
8/12/1963,3.926
8/13/1963,3.718
8/14/1963,3.693
8/15/1963,3.821
8/16/1963,3.67
8/17/1963,3.699
8/18/1963,3.395
8/19/1963,3.585
8/20/1963,3.468
8/21/1963,3.764
8/22/1963,3.704
8/23/1963,3.527
8/24/1963,3.531
8/25/1963,3.721
8/26/1963,3.66
8/27/1963,3.692
8/28/1963,3.627
8/29/1963,3.682
8/30/1963,3.451
8/31/1963,3.965
9/1/1963,3.802
9/2/1963,3.486
9/3/1963,3.905
9/4/1963,2.988
9/5/1963,3.97
9/6/1963,3.585
9/7/1963,3.531
9/8/1963,3.461
9/9/1963,3.629
9/10/1963,3.827
9/11/1963,3.422
9/12/1963,3.696
9/13/1963,3.816
9/14/1963,3.78
9/15/1963,3.391
9/16/1963,3.587
9/17/1963,3.511
9/18/1963,3.88
9/19/1963,3.926
9/20/1963,3.593
9/21/1963,3.818
9/22/1963,3.394
9/23/1963,3.83
9/24/1963,3.694
9/25/1963,3.584
9/26/1963,3.74
9/27/1963,3.71
9/28/1963,3.203
9/29/1963,3.612
9/30/1963,3.902
10/1/1963,3.724
10/2/1963,3.599
10/3/1963,3.567
10/4/1963,3.549
10/5/1963,3.789
10/6/1963,4.145
10/7/1963,3.941
10/8/1963,3.576
10/9/1963,4.449
10/10/1963,5.238
10/11/1963,6.482
10/12/1963,4.441
10/13/1963,4.054
10/14/1963,4.106
10/15/1963,4.315
10/16/1963,3.666
10/17/1963,4.19
10/18/1963,3.968
10/19/1963,3.672
10/20/1963,3.973
10/21/1963,4.104
10/22/1963,4.803
10/23/1963,4.536
10/24/1963,4.142
10/25/1963,3.748
10/26/1963,4.268
10/27/1963,3.981
10/28/1963,4.281
10/29/1963,3.886
10/30/1963,3.74
10/31/1963,4.009
11/1/1963,3.434
11/2/1963,4.195
11/3/1963,5.589
11/4/1963,7.515
11/5/1963,9.357
11/6/1963,11.504
11/7/1963,6.96
11/8/1963,9.484
11/9/1963,11.622
11/10/1963,7.864
11/11/1963,6.303
11/12/1963,6.223
11/13/1963,6.343
11/14/1963,22.379
11/15/1963,13.511
11/16/1963,8.838
11/17/1963,7.58
11/18/1963,6.555
11/19/1963,11.403
11/20/1963,8.35
11/21/1963,7.644
11/22/1963,6.72
11/23/1963,9.112
11/24/1963,7.984
11/25/1963,6.946
11/26/1963,7.115
11/27/1963,6.828
11/28/1963,6.486
11/29/1963,5.894
11/30/1963,6.422
12/1/1963,5.393
12/2/1963,5.568
12/3/1963,5.583
12/4/1963,4.963
12/5/1963,5.406
12/6/1963,5.189
12/7/1963,4.968
12/8/1963,5.714
12/9/1963,4.873
12/10/1963,5.058
12/11/1963,4.552
12/12/1963,4.712
12/13/1963,4.721
12/14/1963,4.534
12/15/1963,4.462
12/16/1963,4.452
12/17/1963,4.521
12/18/1963,4.51
12/19/1963,4.868
12/20/1963,4.763
12/21/1963,4.833
12/22/1963,4.183
12/23/1963,4.599
12/24/1963,4.432
12/25/1963,4.528
12/26/1963,4.579
12/27/1963,4.988
12/28/1963,4.93
12/29/1963,4.532
12/30/1963,4.99
12/31/1963,5.131
1/1/1964,4.758
1/2/1964,4.931
1/3/1964,4.363
1/4/1964,4.643
1/5/1964,4.301
1/6/1964,4.534
1/7/1964,4.642
1/8/1964,4.289
1/9/1964,4.912
1/10/1964,4.596
1/11/1964,4.345
1/12/1964,4.272
1/13/1964,4.406
1/14/1964,4.345
1/15/1964,4.455
1/16/1964,4.697
1/17/1964,6.75
1/18/1964,6.469
1/19/1964,16.342
1/20/1964,62.888
1/21/1964,29.965
1/22/1964,17.105
1/23/1964,12.797
1/24/1964,10.748
1/25/1964,10.504
1/26/1964,9.219
1/27/1964,9.342
1/28/1964,9.102
1/29/1964,8.723
1/30/1964,8.591
1/31/1964,8.104
2/1/1964,7.931
2/2/1964,7.735
2/3/1964,7.64
2/4/1964,7.818
2/5/1964,7.502
2/6/1964,7.14
2/7/1964,6.709
2/8/1964,6.944
2/9/1964,6.098
2/10/1964,6.709
2/11/1964,6.444
2/12/1964,6.032
2/13/1964,6.245
2/14/1964,6.323
2/15/1964,5.993
2/16/1964,5.728
2/17/1964,5.717
2/18/1964,5.691
2/19/1964,5.51
2/20/1964,5.441
2/21/1964,5.597
2/22/1964,5.298
2/23/1964,5.433
2/24/1964,5.72
2/25/1964,5.511
2/26/1964,5.374
2/27/1964,5.115
2/28/1964,5.442
2/29/1964,5.183
3/1/1964,6.306
3/2/1964,5.171
3/3/1964,5.413
3/4/1964,4.869
3/5/1964,5.402
3/6/1964,5.246
3/7/1964,5.4
3/8/1964,4.701
3/9/1964,5.362
3/10/1964,5.422
3/11/1964,6.776
3/12/1964,6.12
3/13/1964,5.908
3/14/1964,5.815
3/15/1964,5.291
3/16/1964,5.708
3/17/1964,5.856
3/18/1964,5.864
3/19/1964,5.875
3/20/1964,6.072
3/21/1964,6.171
3/22/1964,7.018
3/23/1964,6.489
3/24/1964,6.321
3/25/1964,5.629
3/26/1964,5.72
3/27/1964,6.146
3/28/1964,5.658
3/29/1964,5.844
3/30/1964,6.414
3/31/1964,7.21
4/1/1964,7.491
4/2/1964,7.406
4/3/1964,7.131
4/4/1964,7.008
4/5/1964,6.533
4/6/1964,6.252
4/7/1964,6.133
4/8/1964,6.281
4/9/1964,6.584
4/10/1964,6.464
4/11/1964,6.069
4/12/1964,6.541
4/13/1964,5.949
4/14/1964,6.678
4/15/1964,6.244
4/16/1964,6.067
4/17/1964,6.326
4/18/1964,5.897
4/19/1964,5.618
4/20/1964,5.521
4/21/1964,5.784
4/22/1964,5.145
4/23/1964,5.505
4/24/1964,5.25
4/25/1964,5.39
4/26/1964,5.161
4/27/1964,4.832
4/28/1964,5.492
4/29/1964,5.503
4/30/1964,5.311
5/1/1964,5.246
5/2/1964,5.332
5/3/1964,6.599
5/4/1964,5.569
5/5/1964,5.324
5/6/1964,5.333
5/7/1964,5.419
5/8/1964,5.544
5/9/1964,5.213
5/10/1964,5.385
5/11/1964,4.863
5/12/1964,5.271
5/13/1964,5.188
5/14/1964,5.132
5/15/1964,5.075
5/16/1964,5.009
5/17/1964,5.168
5/18/1964,4.881
5/19/1964,4.572
5/20/1964,4.728
5/21/1964,4.54
5/22/1964,4.52
5/23/1964,4.472
5/24/1964,4.297
5/25/1964,4.814
5/26/1964,4.202
5/27/1964,4.866
5/28/1964,4.642
5/29/1964,4.757
5/30/1964,4.952
5/31/1964,4.428
6/1/1964,4.607
6/2/1964,4.84
6/3/1964,4.609
6/4/1964,4.652
6/5/1964,4.674
6/6/1964,5.571
6/7/1964,5.167
6/8/1964,5.238
6/9/1964,5.88
6/10/1964,5.919
6/11/1964,5.617
6/12/1964,5.172
6/13/1964,5.648
6/14/1964,6.179
6/15/1964,5.818
6/16/1964,6.206
6/17/1964,5.933
6/18/1964,5.814
6/19/1964,6.207
6/20/1964,5.698
6/21/1964,5.18
6/22/1964,5.583
6/23/1964,5.411
6/24/1964,5.129
6/25/1964,4.612
6/26/1964,4.661
6/27/1964,3.926
6/28/1964,4.025
6/29/1964,3.87
6/30/1964,4.042
7/1/1964,3.621
7/2/1964,4.011
7/3/1964,3.786
7/4/1964,3.419
7/5/1964,3.526
7/6/1964,3.178
7/7/1964,3.306
7/8/1964,3.343
7/9/1964,3.585
7/10/1964,3.877
7/11/1964,3.392
7/12/1964,3.267
7/13/1964,3.287
7/14/1964,3.414
7/15/1964,3.283
7/16/1964,3.302
7/17/1964,3.26
7/18/1964,2.963
7/19/1964,3.51
7/20/1964,3.319
7/21/1964,3.028
7/22/1964,3.233
7/23/1964,3.05
7/24/1964,3.215
7/25/1964,3.388
7/26/1964,3.221
7/27/1964,3.158
7/28/1964,3.073
7/29/1964,3.268
7/30/1964,2.759
7/31/1964,2.798
8/1/1964,3.222
8/2/1964,2.829
8/3/1964,3.049
8/4/1964,3.105
8/5/1964,3.26
8/6/1964,2.988
8/7/1964,3.095
8/8/1964,3.224
8/9/1964,2.971
8/10/1964,3.138
8/11/1964,2.968
8/12/1964,2.988
8/13/1964,3.079
8/14/1964,2.98
8/15/1964,3.061
8/16/1964,3.059
8/17/1964,2.79
8/18/1964,3.082
8/19/1964,2.814
8/20/1964,2.931
8/21/1964,3.032
8/22/1964,2.801
8/23/1964,3.318
8/24/1964,2.943
8/25/1964,3.014
8/26/1964,3.116
8/27/1964,2.952
8/28/1964,2.746
8/29/1964,2.866
8/30/1964,3.166
8/31/1964,3.413
9/1/1964,3.37
9/2/1964,3.033
9/3/1964,3.184
9/4/1964,3.034
9/5/1964,3.041
9/6/1964,3.138
9/7/1964,3.156
9/8/1964,3.073
9/9/1964,3.183
9/10/1964,3.227
9/11/1964,2.943
9/12/1964,3.077
9/13/1964,3.207
9/14/1964,2.732
9/15/1964,3.287
9/16/1964,3.158
9/17/1964,3.172
9/18/1964,2.976
9/19/1964,3.058
9/20/1964,3.185
9/21/1964,3.256
9/22/1964,3.12
9/23/1964,2.999
9/24/1964,3.344
9/25/1964,3.271
9/26/1964,3.133
9/27/1964,3.174
9/28/1964,3.109
9/29/1964,2.978
9/30/1964,3.169
10/1/1964,2.932
10/2/1964,3.378
10/3/1964,2.869
10/4/1964,2.962
10/5/1964,3.438
10/6/1964,3.33
10/7/1964,3.067
10/8/1964,3.434
10/9/1964,3.145
10/10/1964,3.227
10/11/1964,3.34
10/12/1964,3.268
10/13/1964,3.361
10/14/1964,3.411
10/15/1964,3.102
10/16/1964,3.3
10/17/1964,2.838
10/18/1964,3.249
10/19/1964,3.526
10/20/1964,3.225
10/21/1964,3.461
10/22/1964,3.077
10/23/1964,3.543
10/24/1964,3.219
10/25/1964,3.207
10/26/1964,3.3
10/27/1964,4.428
10/28/1964,4.535
10/29/1964,5.246
10/30/1964,4
10/31/1964,3.538
11/1/1964,5.462
11/2/1964,5.619
11/3/1964,4.019
11/4/1964,3.676
11/5/1964,3.806
11/6/1964,3.38
11/7/1964,3.578
11/8/1964,7.377
11/9/1964,8.673
11/10/1964,10.241
11/11/1964,9.121
11/12/1964,6.974
11/13/1964,5.435
11/14/1964,4.83
11/15/1964,4.09
11/16/1964,4.28
11/17/1964,3.79
11/18/1964,3.905
11/19/1964,4.145
11/20/1964,3.765
11/21/1964,4.131
11/22/1964,4.202
11/23/1964,3.6
11/24/1964,4.873
11/25/1964,4.684
11/26/1964,4.829
11/27/1964,5.711
11/28/1964,9.665
11/29/1964,7.167
11/30/1964,7.118
12/1/1964,8.551
12/2/1964,8.021
12/3/1964,6.306
12/4/1964,6.018
12/5/1964,5.186
12/6/1964,5.187
12/7/1964,4.792
12/8/1964,5.009
12/9/1964,4.695
12/10/1964,6.952
12/11/1964,7.625
12/12/1964,6.719
12/13/1964,5.779
12/14/1964,5.89
12/15/1964,6.02
12/16/1964,5.34
12/17/1964,4.56
12/18/1964,5.662
12/19/1964,15.238
12/20/1964,25.957
12/21/1964,81.495
12/22/1964,169.171
12/23/1964,99.337
12/24/1964,71.696
12/25/1964,51.845
12/26/1964,51.05
12/27/1964,42.387
12/28/1964,31.777
12/29/1964,26.944
12/30/1964,22.858
12/31/1964,19.145
1/1/1965,16.495
1/2/1965,16.906
1/3/1965,15.142
1/4/1965,15.062
1/5/1965,50.437
1/6/1965,56.941
1/7/1965,37.109
1/8/1965,25.656
1/9/1965,21.285
1/10/1965,19.407
1/11/1965,20.988
1/12/1965,19.882
1/13/1965,18.288
1/14/1965,17.718
1/15/1965,16.868
1/16/1965,12.167
1/17/1965,21.53
1/18/1965,15.75
1/19/1965,15.47
1/20/1965,15.402
1/21/1965,14.95
1/22/1965,14.672
1/23/1965,26.515
1/24/1965,33.36
1/25/1965,26.966
1/26/1965,23.14
1/27/1965,20.466
1/28/1965,18.654
1/29/1965,16.962
1/30/1965,15.719
1/31/1965,15.503
2/1/1965,15.188
2/2/1965,14.573
2/3/1965,14.661
2/4/1965,14.186
2/5/1965,14.807
2/6/1965,13.18
2/7/1965,12.809
2/8/1965,12.479
2/9/1965,11.848
2/10/1965,10.69
2/11/1965,10.321
2/12/1965,9.881
2/13/1965,9.531
2/14/1965,9.26
2/15/1965,8.931
2/16/1965,8.97
2/17/1965,8.54
2/18/1965,8.331
2/19/1965,8.34
2/20/1965,8.421
2/21/1965,8.519
2/22/1965,8.569
2/23/1965,8.12
2/24/1965,8.291
2/25/1965,8.111
2/26/1965,8.589
2/27/1965,9.255
2/28/1965,8.523
3/1/1965,8.4
3/2/1965,7.992
3/3/1965,7.976
3/4/1965,8.031
3/5/1965,7.633
3/6/1965,7.435
3/7/1965,7.191
3/8/1965,7.336
3/9/1965,7.079
3/10/1965,7.174
3/11/1965,7.876
3/12/1965,7.207
3/13/1965,6.702
3/14/1965,6.874
3/15/1965,6.983
3/16/1965,7.19
3/17/1965,7.052
3/18/1965,6.436
3/19/1965,6.678
3/20/1965,6.77
3/21/1965,6.552
3/22/1965,6.824
3/23/1965,6.525
3/24/1965,6.689
3/25/1965,6.846
3/26/1965,7.07
3/27/1965,7.598
3/28/1965,7.034
3/29/1965,6.98
3/30/1965,6.915
3/31/1965,6.703
4/1/1965,6.964
4/2/1965,7.224
4/3/1965,7.485
4/4/1965,7.445
4/5/1965,9.21
4/6/1965,8.907
4/7/1965,8.704
4/8/1965,11.187
4/9/1965,15.746
4/10/1965,12.661
4/11/1965,11.518
4/12/1965,10.627
4/13/1965,11.616
4/14/1965,13.507
4/15/1965,28.108
4/16/1965,32.296
4/17/1965,23.189
4/18/1965,26.259
4/19/1965,36.299
4/20/1965,34.98
4/21/1965,31.846
4/22/1965,25.662
4/23/1965,21.324
4/24/1965,18.959
4/25/1965,17.353
4/26/1965,16.633
4/27/1965,15.159
4/28/1965,15.192
4/29/1965,14.999
4/30/1965,13.505
5/1/1965,12.115
5/2/1965,11.94
5/3/1965,11.1
5/4/1965,10.613
5/5/1965,10.31
5/6/1965,9.599
5/7/1965,9.176
5/8/1965,8.728
5/9/1965,9.052
5/10/1965,8.365
5/11/1965,8.155
5/12/1965,8.258
5/13/1965,8.654
5/14/1965,7.729
5/15/1965,8.123
5/16/1965,7.936
5/17/1965,7.665
5/18/1965,6.749
5/19/1965,6.134
5/20/1965,5.945
5/21/1965,7.963
5/22/1965,6.892
5/23/1965,6.214
5/24/1965,6.317
5/25/1965,6.09
5/26/1965,6.363
5/27/1965,6.344
5/28/1965,6.705
5/29/1965,6.533
5/30/1965,6.455
5/31/1965,5.738
6/1/1965,6.14
6/2/1965,6.104
6/3/1965,6.02
6/4/1965,5.82
6/5/1965,4.718
6/6/1965,3.856
6/7/1965,5.239
6/8/1965,5.236
6/9/1965,5.608
6/10/1965,5.058
6/11/1965,4.965
6/12/1965,5.176
6/13/1965,4.777
6/14/1965,5.151
6/15/1965,4.945
6/16/1965,4.802
6/17/1965,5.119
6/18/1965,5.211
6/19/1965,4.671
6/20/1965,4.801
6/21/1965,4.701
6/22/1965,4.76
6/23/1965,4.861
6/24/1965,4.489
6/25/1965,4.649
6/26/1965,5.13
6/27/1965,4.949
6/28/1965,4.762
6/29/1965,4.195
6/30/1965,4.723
7/1/1965,4.533
7/2/1965,4.53
7/3/1965,4.571
7/4/1965,4.397
7/5/1965,4.477
7/6/1965,4.537
7/7/1965,4.544
7/8/1965,4.077
7/9/1965,4.219
7/10/1965,4.234
7/11/1965,4.246
7/12/1965,3.963
7/13/1965,4.415
7/14/1965,3.697
7/15/1965,4.019
7/16/1965,3.983
7/17/1965,4.323
7/18/1965,4.312
7/19/1965,3.539
7/20/1965,3.358
7/21/1965,4.011
7/22/1965,3.728
7/23/1965,3.498
7/24/1965,3.15
7/25/1965,3.731
7/26/1965,3.75
7/27/1965,3.682
7/28/1965,3.497
7/29/1965,3.834
7/30/1965,3.63
7/31/1965,3.726
8/1/1965,2.914
8/2/1965,3.349
8/3/1965,4.159
8/4/1965,3.709
8/5/1965,4.104
8/6/1965,3.466
8/7/1965,4.108
8/8/1965,2.022
8/9/1965,3.65
8/10/1965,3.429
8/11/1965,4.167
8/12/1965,4.112
8/13/1965,3.844
8/14/1965,3.403
8/15/1965,2.803
8/16/1965,3.505
8/17/1965,4.601
8/18/1965,4.355
8/19/1965,4.338
8/20/1965,3.529
8/21/1965,4.209
8/22/1965,2.839
8/23/1965,4.975
8/24/1965,3.261
8/25/1965,4.044
8/26/1965,3.827
8/27/1965,4.075
8/28/1965,3.984
8/29/1965,3.384
8/30/1965,3.554
8/31/1965,4.086
9/1/1965,4.388
9/2/1965,3.258
9/3/1965,4.159
9/4/1965,3.973
9/5/1965,3.954
9/6/1965,4.306
9/7/1965,2.935
9/8/1965,3.883
9/9/1965,3.917
9/10/1965,4.425
9/11/1965,3.136
9/12/1965,2.97
9/13/1965,4.007
9/14/1965,3.225
9/15/1965,3.823
9/16/1965,3.105
9/17/1965,3.856
9/18/1965,2.647
9/19/1965,2.619
9/20/1965,4.076
9/21/1965,4.142
9/22/1965,4.119
9/23/1965,3.331
9/24/1965,3.99
9/25/1965,3.832
9/26/1965,3.199
9/27/1965,3.618
9/28/1965,3.799
9/29/1965,3.725
9/30/1965,3.498
10/1/1965,4.317
10/2/1965,3.486
10/3/1965,3.537
10/4/1965,3.487
10/5/1965,3.687
10/6/1965,3.329
10/7/1965,4.185
10/8/1965,4.048
10/9/1965,5.191
10/10/1965,4.268
10/11/1965,3.366
10/12/1965,3.524
10/13/1965,3.632
10/14/1965,3.485
10/15/1965,3.011
10/16/1965,3.611
10/17/1965,3.58
10/18/1965,3.459
10/19/1965,3.834
10/20/1965,3.563
10/21/1965,3.898
10/22/1965,4.456
10/23/1965,5.077
10/24/1965,1.96
10/25/1965,3.537
10/26/1965,3.801
10/27/1965,4.452
10/28/1965,4.072
10/29/1965,3.832
10/30/1965,3.644
10/31/1965,2.325
11/1/1965,3.306
11/2/1965,3.379
11/3/1965,3.591
11/4/1965,4.084
11/5/1965,3.524
11/6/1965,3.758
11/7/1965,5.329
11/8/1965,4.484
11/9/1965,3.872
11/10/1965,3.796
11/11/1965,4.675
11/12/1965,7.016
11/13/1965,11.174
11/14/1965,18.073
11/15/1965,17.027
11/16/1965,8.229
11/17/1965,14.54
11/18/1965,22.8
11/19/1965,18.453
11/20/1965,11.094
11/21/1965,8.434
11/22/1965,6.823
11/23/1965,8.788
11/24/1965,14.138
11/25/1965,13.445
11/26/1965,10.862
11/27/1965,9.019
11/28/1965,7.822
11/29/1965,6.218
11/30/1965,6.69
12/1/1965,6.724
12/2/1965,5.583
12/3/1965,5.526
12/4/1965,6.004
12/5/1965,5.987
12/6/1965,5.128
12/7/1965,5.342
12/8/1965,5.563
12/9/1965,5.245
12/10/1965,4.905
12/11/1965,5.464
12/12/1965,5.116
12/13/1965,4.932
12/14/1965,4.68
12/15/1965,4.419
12/16/1965,4.606
12/17/1965,4.308
12/18/1965,4.369
12/19/1965,4.575
12/20/1965,4.069
12/21/1965,4.15
12/22/1965,4.224
12/23/1965,4.286
12/24/1965,5.818
12/25/1965,4.718
12/26/1965,4.237
12/27/1965,4.823
12/28/1965,12.256
12/29/1965,11.094
12/30/1965,10.42
12/31/1965,9.043
1/1/1966,6.686
1/2/1966,7.202
1/3/1966,12.069
1/4/1966,37.155
1/5/1966,36.216
1/6/1966,33.844
1/7/1966,21.638
1/8/1966,18.303
1/9/1966,15.41
1/10/1966,13.096
1/11/1966,10.385
1/12/1966,9.637
1/13/1966,8.569
1/14/1966,8.461
1/15/1966,7.972
1/16/1966,8.128
1/17/1966,8.064
1/18/1966,7.998
1/19/1966,7.235
1/20/1966,6.958
1/21/1966,6.554
1/22/1966,6.921
1/23/1966,6.44
1/24/1966,6.241
1/25/1966,5.408
1/26/1966,6.166
1/27/1966,5.65
1/28/1966,5.723
1/29/1966,8.903
1/30/1966,8.655
1/31/1966,8.083
2/1/1966,7.65
2/2/1966,7.427
2/3/1966,9.592
2/4/1966,20.782
2/5/1966,27.883
2/6/1966,23.411
2/7/1966,15.909
2/8/1966,12.659
2/9/1966,10.965
2/10/1966,9.826
2/11/1966,8.922
2/12/1966,8.003
2/13/1966,7.616
2/14/1966,7.522
2/15/1966,7.577
2/16/1966,6.762
2/17/1966,6.774
2/18/1966,7.019
2/19/1966,10.721
2/20/1966,8.932
2/21/1966,8.22
2/22/1966,9.263
2/23/1966,10.645
2/24/1966,11.531
2/25/1966,11.223
2/26/1966,10.77
2/27/1966,10.064
2/28/1966,9.543
3/1/1966,9.378
3/2/1966,8.937
3/3/1966,8.109
3/4/1966,8.326
3/5/1966,8.343
3/6/1966,8.383
3/7/1966,10.029
3/8/1966,17.231
3/9/1966,27.313
3/10/1966,32.321
3/11/1966,23.48
3/12/1966,19.922
3/13/1966,20.881
3/14/1966,19.319
3/15/1966,23.164
3/16/1966,17.582
3/17/1966,16.416
3/18/1966,14.232
3/19/1966,13.201
3/20/1966,12.433
3/21/1966,11.858
3/22/1966,10.547
3/23/1966,10.648
3/24/1966,10.472
3/25/1966,10.517
3/26/1966,11.377
3/27/1966,10.973
3/28/1966,12.284
3/29/1966,13.09
3/30/1966,13.284
3/31/1966,14.272
4/1/1966,14.76
4/2/1966,14.527
4/3/1966,13.766
4/4/1966,13.031
4/5/1966,12.71
4/6/1966,12.759
4/7/1966,13.164
4/8/1966,12.787
4/9/1966,14.277
4/10/1966,16.608
4/11/1966,16.589
4/12/1966,16.581
4/13/1966,13.615
4/14/1966,12.703
4/15/1966,12.698
4/16/1966,13.065
4/17/1966,12.508
4/18/1966,12.164
4/19/1966,10.404
4/20/1966,10.486
4/21/1966,9.928
4/22/1966,9.037
4/23/1966,9.044
4/24/1966,9.579
4/25/1966,9.359
4/26/1966,9.244
4/27/1966,8.613
4/28/1966,8.413
4/29/1966,7.965
4/30/1966,7.796
5/1/1966,8.11
5/2/1966,7.873
5/3/1966,8.607
5/4/1966,8.012
5/5/1966,8.151
5/6/1966,8.708
5/7/1966,7.676
5/8/1966,7.649
5/9/1966,7.259
5/10/1966,8.171
5/11/1966,7.694
5/12/1966,6.613
5/13/1966,6.385
5/14/1966,6.918
5/15/1966,6.475
5/16/1966,7.073
5/17/1966,6.521
5/18/1966,6.137
5/19/1966,6.278
5/20/1966,5.897
5/21/1966,5.996
5/22/1966,5.598
5/23/1966,5.983
5/24/1966,5.37
5/25/1966,5.566
5/26/1966,5.663
5/27/1966,4.817
5/28/1966,5.338
5/29/1966,5.328
5/30/1966,5.279
5/31/1966,4.945
6/1/1966,4.992
6/2/1966,4.767
6/3/1966,4.962
6/4/1966,5.295
6/5/1966,4.288
6/6/1966,4.961
6/7/1966,4.559
6/8/1966,4.581
6/9/1966,4.195
6/10/1966,4.316
6/11/1966,4.131
6/12/1966,4.115
6/13/1966,4.179
6/14/1966,4.168
6/15/1966,4.163
6/16/1966,4.268
6/17/1966,4.26
6/18/1966,4.5
6/19/1966,3.954
6/20/1966,4.141
6/21/1966,3.981
6/22/1966,4.02
6/23/1966,3.674
6/24/1966,4.006
6/25/1966,4.273
6/26/1966,4.358
6/27/1966,3.591
6/28/1966,4.146
6/29/1966,3.985
6/30/1966,3.138
7/1/1966,3.794
7/2/1966,4.14
7/3/1966,4.024
7/4/1966,3.435
7/5/1966,3.743
7/6/1966,2.821
7/7/1966,4.066
7/8/1966,3.785
7/9/1966,3.735
7/10/1966,4.091
7/11/1966,3.389
7/12/1966,4.045
7/13/1966,3.9
7/14/1966,3.509
7/15/1966,3.784
7/16/1966,3.977
7/17/1966,3.398
7/18/1966,3.713
7/19/1966,3.89
7/20/1966,3.352
7/21/1966,3.92
7/22/1966,3.532
7/23/1966,3.915
7/24/1966,3.5
7/25/1966,3.185
7/26/1966,3.59
7/27/1966,3.528
7/28/1966,3.617
7/29/1966,3.324
7/30/1966,3.538
7/31/1966,3.851
8/1/1966,3.398
8/2/1966,3.291
8/3/1966,3.324
8/4/1966,3.626
8/5/1966,3.277
8/6/1966,3.704
8/7/1966,3.616
8/8/1966,3.658
8/9/1966,3.153
8/10/1966,3.125
8/11/1966,2.827
8/12/1966,3.387
8/13/1966,3.686
8/14/1966,3.414
8/15/1966,3.134
8/16/1966,3.352
8/17/1966,3.698
8/18/1966,3.223
8/19/1966,3.169
8/20/1966,3.974
8/21/1966,3.068
8/22/1966,3.187
8/23/1966,3.636
8/24/1966,2.874
8/25/1966,2.811
8/26/1966,4
8/27/1966,3.238
8/28/1966,3.564
8/29/1966,2.919
8/30/1966,3.961
8/31/1966,2.916
9/1/1966,3.661
9/2/1966,3.2
9/3/1966,3.791
9/4/1966,3.693
9/5/1966,3.561
9/6/1966,3.563
9/7/1966,3.229
9/8/1966,3.421
9/9/1966,3.22
9/10/1966,3.176
9/11/1966,3.404
9/12/1966,3.155
9/13/1966,3.816
9/14/1966,3.001
9/15/1966,3.784
9/16/1966,3.367
9/17/1966,3.298
9/18/1966,3.608
9/19/1966,3.342
9/20/1966,3.523
9/21/1966,3.294
9/22/1966,3.528
9/23/1966,3.573
9/24/1966,3.582
9/25/1966,3.579
9/26/1966,2.947
9/27/1966,3.399
9/28/1966,3.685
9/29/1966,2.819
9/30/1966,3.713
10/1/1966,3.603
10/2/1966,2.978
10/3/1966,2.927
10/4/1966,4.025
10/5/1966,2.869
10/6/1966,3.351
10/7/1966,3.738
10/8/1966,3.691
10/9/1966,3.428
10/10/1966,3.612
10/11/1966,3.796
10/12/1966,3.457
10/13/1966,3.156
10/14/1966,3.09
10/15/1966,3.2
10/16/1966,3.078
10/17/1966,3.12
10/18/1966,3.577
10/19/1966,3.65
10/20/1966,3.4
10/21/1966,3.324
10/22/1966,3.385
10/23/1966,3.272
10/24/1966,3.704
10/25/1966,3.688
10/26/1966,3.201
10/27/1966,3.976
10/28/1966,2.954
10/29/1966,3.61
10/30/1966,3.46
10/31/1966,2.703
11/1/1966,3.345
11/2/1966,3.448
11/3/1966,3.679
11/4/1966,3.341
11/5/1966,3.568
11/6/1966,5.763
11/7/1966,3.585
11/8/1966,3.524
11/9/1966,3.604
11/10/1966,3.363
11/11/1966,4.35
11/12/1966,5.318
11/13/1966,6.185
11/14/1966,10.189
11/15/1966,18.075
11/16/1966,13.466
11/17/1966,9.047
11/18/1966,5.467
11/19/1966,17.386
11/20/1966,34.304
11/21/1966,25.442
11/22/1966,16.499
11/23/1966,10.1
11/24/1966,7.703
11/25/1966,7.068
11/26/1966,6.663
11/27/1966,5.526
11/28/1966,8.109
11/29/1966,8.709
11/30/1966,7.925
12/1/1966,14.505
12/2/1966,35.464
12/3/1966,29.694
12/4/1966,54.569
12/5/1966,57.861
12/6/1966,25.495
12/7/1966,17.813
12/8/1966,14.53
12/9/1966,13.024
12/10/1966,13.428
12/11/1966,11.862
12/12/1966,10.59
12/13/1966,13.476
12/14/1966,13.564
12/15/1966,12.308
12/16/1966,11.066
12/17/1966,10.156
12/18/1966,8.919
12/19/1966,8.377
12/20/1966,8.231
12/21/1966,7.634
12/22/1966,7.397
12/23/1966,6.895
12/24/1966,7.069
12/25/1966,6.694
12/26/1966,6.2
12/27/1966,6.258
12/28/1966,5.308
12/29/1966,5.246
12/30/1966,6.185
12/31/1966,5.758
1/1/1967,6.102
1/2/1967,5.415
1/3/1967,5.69
1/4/1967,5.426
1/5/1967,5.363
1/6/1967,5.286
1/7/1967,5.481
1/8/1967,5.19
1/9/1967,5.289
1/10/1967,5.118
1/11/1967,5.222
1/12/1967,5.871
1/13/1967,4.678
1/14/1967,5.29
1/15/1967,5.486
1/16/1967,4.776
1/17/1967,5.092
1/18/1967,4.894
1/19/1967,5.698
1/20/1967,9.312
1/21/1967,20.138
1/22/1967,11.344
1/23/1967,8.449
1/24/1967,9.597
1/25/1967,7.767
1/26/1967,10.698
1/27/1967,12.965
1/28/1967,29.641
1/29/1967,62.545
1/30/1967,48.162
1/31/1967,46.399
2/1/1967,32.715
2/2/1967,26.472
2/3/1967,24.426
2/4/1967,21.36
2/5/1967,18.967
2/6/1967,16.211
2/7/1967,14.873
2/8/1967,13.667
2/9/1967,12.637
2/10/1967,12.151
2/11/1967,11.657
2/12/1967,12.729
2/13/1967,11.829
2/14/1967,12.253
2/15/1967,11.262
2/16/1967,10.842
2/17/1967,10.049
2/18/1967,9.683
2/19/1967,9.43
2/20/1967,9.418
2/21/1967,8.643
2/22/1967,8.524
2/23/1967,8.47
2/24/1967,9.534
2/25/1967,8.419
2/26/1967,8.277
2/27/1967,8.229
2/28/1967,8.217
3/1/1967,8.318
3/2/1967,7.995
3/3/1967,7.491
3/4/1967,7.591
3/5/1967,7.656
3/6/1967,7.465
3/7/1967,8.044
3/8/1967,6.263
3/9/1967,7.487
3/10/1967,13.774
3/11/1967,15.123
3/12/1967,12.289
3/13/1967,11.969
3/14/1967,11.397
3/15/1967,13.041
3/16/1967,57.794
3/17/1967,38.5
3/18/1967,29.617
3/19/1967,24.308
3/20/1967,25.009
3/21/1967,22.692
3/22/1967,20.673
3/23/1967,23.409
3/24/1967,20.286
3/25/1967,18.012
3/26/1967,16.022
3/27/1967,14.752
3/28/1967,14.226
3/29/1967,12.797
3/30/1967,15.768
3/31/1967,14.751
4/1/1967,13.655
4/2/1967,12.8
4/3/1967,13.12
4/4/1967,13.254
4/5/1967,16.966
4/6/1967,24.348
4/7/1967,20.326
4/8/1967,17.223
4/9/1967,17.519
4/10/1967,20.195
4/11/1967,19.979
4/12/1967,18.111
4/13/1967,17.067
4/14/1967,17.048
4/15/1967,15.458
4/16/1967,15.271
4/17/1967,21.373
4/18/1967,18.262
4/19/1967,17.948
4/20/1967,16.575
4/21/1967,15.686
4/22/1967,15.581
4/23/1967,15.077
4/24/1967,15.143
4/25/1967,16.479
4/26/1967,16.702
4/27/1967,16.953
4/28/1967,16.1
4/29/1967,14.886
4/30/1967,14.201
5/1/1967,13.038
5/2/1967,12.868
5/3/1967,12.253
5/4/1967,12.626
5/5/1967,13.039
5/6/1967,13.325
5/7/1967,14.692
5/8/1967,16.538
5/9/1967,19.309
5/10/1967,19.004
5/11/1967,16.894
5/12/1967,16.176
5/13/1967,14.668
5/14/1967,14.684
5/15/1967,15.484
5/16/1967,16.693
5/17/1967,17.292
5/18/1967,17.958
5/19/1967,17.734
5/20/1967,17.748
5/21/1967,17.24
5/22/1967,17.957
5/23/1967,17.578
5/24/1967,16.205
5/25/1967,14.894
5/26/1967,13.843
5/27/1967,13.298
5/28/1967,13.116
5/29/1967,12.479
5/30/1967,11.57
5/31/1967,11.352
6/1/1967,13.104
6/2/1967,10.956
6/3/1967,10.611
6/4/1967,10.307
6/5/1967,10.833
6/6/1967,10.659
6/7/1967,9.932
6/8/1967,10.813
6/9/1967,10.201
6/10/1967,9.849
6/11/1967,9.648
6/12/1967,10.003
6/13/1967,9.162
6/14/1967,9.208
6/15/1967,9.245
6/16/1967,8.884
6/17/1967,8.548
6/18/1967,8.738
6/19/1967,8.571
6/20/1967,8.589
6/21/1967,7.713
6/22/1967,7.059
6/23/1967,7.094
6/24/1967,7.348
6/25/1967,6.747
6/26/1967,6.403
6/27/1967,6.49
6/28/1967,5.783
6/29/1967,6.176
6/30/1967,5.66
7/1/1967,6.174
7/2/1967,5.253
7/3/1967,5.479
7/4/1967,5.552
7/5/1967,6.124
7/6/1967,4.877
7/7/1967,4.929
7/8/1967,5.341
7/9/1967,5.047
7/10/1967,5.324
7/11/1967,4.884
7/12/1967,5.085
7/13/1967,4.968
7/14/1967,4.952
7/15/1967,4.939
7/16/1967,4.586
7/17/1967,4.941
7/18/1967,4.8
7/19/1967,4.756
7/20/1967,4.789
7/21/1967,4.436
7/22/1967,4.647
7/23/1967,4.381
7/24/1967,4.517
7/25/1967,4.51
7/26/1967,4.258
7/27/1967,4.645
7/28/1967,4.255
7/29/1967,4.98
7/30/1967,4.592
7/31/1967,4.244
8/1/1967,4.089
8/2/1967,4.681
8/3/1967,4.535
8/4/1967,4.453
8/5/1967,4.119
8/6/1967,4.109
8/7/1967,3.879
8/8/1967,3.957
8/9/1967,4.365
8/10/1967,4.563
8/11/1967,4.152
8/12/1967,4.275
8/13/1967,4.16
8/14/1967,4.124
8/15/1967,3.932
8/16/1967,4.402
8/17/1967,4.046
8/18/1967,4.351
8/19/1967,4.132
8/20/1967,4.247
8/21/1967,4.309
8/22/1967,3.938
8/23/1967,3.927
8/24/1967,4.58
8/25/1967,3.761
8/26/1967,4.364
8/27/1967,4.291
8/28/1967,3.849
8/29/1967,4.122
8/30/1967,3.699
8/31/1967,4.541
9/1/1967,4.515
9/2/1967,3.934
9/3/1967,3.995
9/4/1967,3.785
9/5/1967,4.127
9/6/1967,3.736
9/7/1967,3.867
9/8/1967,3.506
9/9/1967,3.964
9/10/1967,4.076
9/11/1967,3.995
9/12/1967,3.982
9/13/1967,3.436
9/14/1967,3.585
9/15/1967,4.184
9/16/1967,3.945
9/17/1967,4.334
9/18/1967,3.51
9/19/1967,4.368
9/20/1967,3.781
9/21/1967,3.771
9/22/1967,4
9/23/1967,3.882
9/24/1967,4.171
9/25/1967,3.995
9/26/1967,3.835
9/27/1967,3.927
9/28/1967,3.947
9/29/1967,4.13
9/30/1967,4.245
10/1/1967,3.963
10/2/1967,5.658
10/3/1967,4.477
10/4/1967,4.073
10/5/1967,4.304
10/6/1967,4.259
10/7/1967,4.574
10/8/1967,4.173
10/9/1967,4.014
10/10/1967,4.132
10/11/1967,4.107
10/12/1967,4.31
10/13/1967,4.293
10/14/1967,4.243
10/15/1967,4.083
10/16/1967,3.914
10/17/1967,4.164
10/18/1967,3.816
10/19/1967,4.065
10/20/1967,4.196
10/21/1967,3.811
10/22/1967,4.132
10/23/1967,4.039
10/24/1967,3.93
10/25/1967,4.225
10/26/1967,3.792
10/27/1967,4.059
10/28/1967,3.839
10/29/1967,4.026
10/30/1967,3.679
10/31/1967,4.146
11/1/1967,4.062
11/2/1967,3.92
11/3/1967,3.752
11/4/1967,4.261
11/5/1967,4.086
11/6/1967,3.868
11/7/1967,3.97
11/8/1967,3.858
11/9/1967,4.126
11/10/1967,4.232
11/11/1967,3.961
11/12/1967,4.114
11/13/1967,4.788
11/14/1967,5.564
11/15/1967,4.511
11/16/1967,3.84
11/17/1967,4.432
11/18/1967,4.396
11/19/1967,4.084
11/20/1967,4.304
11/21/1967,4.228
11/22/1967,3.553
11/23/1967,4.126
11/24/1967,4.088
11/25/1967,3.988
11/26/1967,3.929
11/27/1967,4.235
11/28/1967,4.389
11/29/1967,7.072
11/30/1967,5.804
12/1/1967,3.709
12/2/1967,6.382
12/3/1967,7.712
12/4/1967,9.995
12/5/1967,7.874
12/6/1967,6.513
12/7/1967,5.802
12/8/1967,5.308
12/9/1967,4.491
12/10/1967,4.861
12/11/1967,4.385
12/12/1967,4.438
12/13/1967,4.257
12/14/1967,4.156
12/15/1967,3.51
12/16/1967,4.123
12/17/1967,5.263
12/18/1967,4.735
12/19/1967,4.345
12/20/1967,3.809
12/21/1967,3.917
12/22/1967,4.557
12/23/1967,4.424
12/24/1967,4.05
12/25/1967,4.693
12/26/1967,4.39
12/27/1967,4.899
12/28/1967,5.608
12/29/1967,5.043
12/30/1967,4.92
12/31/1967,4.378
1/1/1968,4.461
1/2/1968,4.267
1/3/1968,4.141
1/4/1968,4.286
1/5/1968,4.251
1/6/1968,4.077
1/7/1968,4.398
1/8/1968,3.935
1/9/1968,7.279
1/10/1968,5.536
1/11/1968,4.723
1/12/1968,4.362
1/13/1968,5.551
1/14/1968,11.437
1/15/1968,16
1/16/1968,12.352
1/17/1968,9.121
1/18/1968,7.621
1/19/1968,6.776
1/20/1968,6.543
1/21/1968,6.69
1/22/1968,6.934
1/23/1968,6.174
1/24/1968,6.923
1/25/1968,6.376
1/26/1968,6.254
1/27/1968,5.873
1/28/1968,7.654
1/29/1968,10.216
1/30/1968,6.993
1/31/1968,8.6
2/1/1968,6.243
2/2/1968,7.363
2/3/1968,9.774
2/4/1968,8.341
2/5/1968,8.67
2/6/1968,9.543
2/7/1968,10.07
2/8/1968,10.088
2/9/1968,9.772
2/10/1968,10.427
2/11/1968,10.303
2/12/1968,9.867
2/13/1968,9.327
2/14/1968,9.412
2/15/1968,8.477
2/16/1968,10.699
2/17/1968,24.198
2/18/1968,19.765
2/19/1968,22.283
2/20/1968,29.112
2/21/1968,45.571
2/22/1968,44.909
2/23/1968,48.582
2/24/1968,38.808
2/25/1968,29.514
2/26/1968,24.728
2/27/1968,20.975
2/28/1968,18.46
2/29/1968,16.28
3/1/1968,14.351
3/2/1968,12.984
3/3/1968,12.105
3/4/1968,11.336
3/5/1968,11.735
3/6/1968,10.987
3/7/1968,11.617
3/8/1968,10.214
3/9/1968,9.814
3/10/1968,9.1
3/11/1968,8.98
3/12/1968,10.987
3/13/1968,18.969
3/14/1968,14.519
3/15/1968,14.887
3/16/1968,21.615
3/17/1968,18.923
3/18/1968,15.425
3/19/1968,12.622
3/20/1968,11.862
3/21/1968,11.077
3/22/1968,10.223
3/23/1968,9.882
3/24/1968,10.129
3/25/1968,11.163
3/26/1968,10.384
3/27/1968,10.025
3/28/1968,9.915
3/29/1968,9.952
3/30/1968,10.034
3/31/1968,9.893
4/1/1968,10.543
4/2/1968,9.503
4/3/1968,9.102
4/4/1968,8.772
4/5/1968,8.659
4/6/1968,8.49
4/7/1968,8.127
4/8/1968,8.225
4/9/1968,7.941
4/10/1968,8.622
4/11/1968,8.711
4/12/1968,8.108
4/13/1968,7.71
4/14/1968,7.758
4/15/1968,8.154
4/16/1968,7.368
4/17/1968,7.223
4/18/1968,6.656
4/19/1968,6.522
4/20/1968,6.528
4/21/1968,6.245
4/22/1968,6.187
4/23/1968,6.395
4/24/1968,6.319
4/25/1968,5.97
4/26/1968,5.979
4/27/1968,6.151
4/28/1968,6.575
4/29/1968,6.073
4/30/1968,6.893
5/1/1968,6.257
5/2/1968,6.181
5/3/1968,6.24
5/4/1968,6.193
5/5/1968,6.491
5/6/1968,5.715
5/7/1968,6.032
5/8/1968,5.715
5/9/1968,5.574
5/10/1968,5.565
5/11/1968,5.795
5/12/1968,6.122
5/13/1968,7.538
5/14/1968,5.599
5/15/1968,5.844
5/16/1968,5.919
5/17/1968,5.772
5/18/1968,6.002
5/19/1968,7
5/20/1968,8.362
5/21/1968,6.962
5/22/1968,6.72
5/23/1968,6.276
5/24/1968,6.542
5/25/1968,5.588
5/26/1968,6.343
5/27/1968,5.191
5/28/1968,5.711
5/29/1968,4.848
5/30/1968,6.141
5/31/1968,5.067
6/1/1968,5.641
6/2/1968,5.099
6/3/1968,4.955
6/4/1968,4.814
6/5/1968,6.461
6/6/1968,5.143
6/7/1968,5.167
6/8/1968,4.768
6/9/1968,5.27
6/10/1968,4.615
6/11/1968,4.738
6/12/1968,4.528
6/13/1968,4.473
6/14/1968,4.857
6/15/1968,4.33
6/16/1968,4.476
6/17/1968,4.215
6/18/1968,4.387
6/19/1968,4.453
6/20/1968,4.29
6/21/1968,4.311
6/22/1968,4.408
6/23/1968,3.962
6/24/1968,3.841
6/25/1968,4.124
6/26/1968,4.255
6/27/1968,3.457
6/28/1968,3.936
6/29/1968,3.719
6/30/1968,3.584
7/1/1968,4.053
7/2/1968,3.452
7/3/1968,4.703
7/4/1968,3.969
7/5/1968,3.267
7/6/1968,3.629
7/7/1968,3.722
7/8/1968,3.867
7/9/1968,3.572
7/10/1968,3.781
7/11/1968,3.235
7/12/1968,3.338
7/13/1968,4.189
7/14/1968,3.32
7/15/1968,3.348
7/16/1968,3.819
7/17/1968,3.882
7/18/1968,3.655
7/19/1968,3.151
7/20/1968,3.704
7/21/1968,3.578
7/22/1968,3.56
7/23/1968,3.463
7/24/1968,4.063
7/25/1968,3.423
7/26/1968,3.183
7/27/1968,3.503
7/28/1968,3.449
7/29/1968,3.49
7/30/1968,3.495
7/31/1968,3.906
8/1/1968,3.476
8/2/1968,3.552
8/3/1968,3.604
8/4/1968,3.368
8/5/1968,3.794
8/6/1968,3.081
8/7/1968,3.501
8/8/1968,3.87
8/9/1968,3.466
8/10/1968,3.835
8/11/1968,3.584
8/12/1968,3.209
8/13/1968,3.467
8/14/1968,3.621
8/15/1968,3.539
8/16/1968,3.103
8/17/1968,3.317
8/18/1968,4.055
8/19/1968,4.193
8/20/1968,5.159
8/21/1968,4.388
8/22/1968,3.836
8/23/1968,3.488
8/24/1968,3.792
8/25/1968,3.337
8/26/1968,3.655
8/27/1968,3.983
8/28/1968,3.713
8/29/1968,3.008
8/30/1968,4.027
8/31/1968,3.88
9/1/1968,3.472
9/2/1968,4.122
9/3/1968,3.074
9/4/1968,3.556
9/5/1968,3.766
9/6/1968,3.667
9/7/1968,3.667
9/8/1968,3.208
9/9/1968,3.372
9/10/1968,3.348
9/11/1968,4.063
9/12/1968,3.581
9/13/1968,3.334
9/14/1968,3.984
9/15/1968,3.423
9/16/1968,3.504
9/17/1968,3.742
9/18/1968,3.302
9/19/1968,3.442
9/20/1968,3.245
9/21/1968,3.627
9/22/1968,3.582
9/23/1968,3.274
9/24/1968,3.624
9/25/1968,3.191
9/26/1968,3.486
9/27/1968,3.278
9/28/1968,3.811
9/29/1968,3.665
9/30/1968,3.215
10/1/1968,3.534
10/2/1968,3.364
10/3/1968,3.635
10/4/1968,3.229
10/5/1968,3.789
10/6/1968,3.079
10/7/1968,3.548
10/8/1968,3.561
10/9/1968,3.556
10/10/1968,3.407
10/11/1968,5.694
10/12/1968,7.091
10/13/1968,5.57
10/14/1968,4.93
10/15/1968,4.712
10/16/1968,3.733
10/17/1968,4.134
10/18/1968,3.672
10/19/1968,3.926
10/20/1968,4.192
10/21/1968,3.655
10/22/1968,3.794
10/23/1968,3.937
10/24/1968,4.001
10/25/1968,3.249
10/26/1968,3.92
10/27/1968,3.84
10/28/1968,3.901
10/29/1968,4.986
10/30/1968,3.751
10/31/1968,4.511
11/1/1968,3.664
11/2/1968,5.911
11/3/1968,5.154
11/4/1968,4.315
11/5/1968,3.829
11/6/1968,3.93
11/7/1968,4.351
11/8/1968,4.022
11/9/1968,4.011
11/10/1968,3.893
11/11/1968,5.51
11/12/1968,4.908
11/13/1968,4.86
11/14/1968,5.274
11/15/1968,4.904
11/16/1968,4.526
11/17/1968,4.43
11/18/1968,5.376
11/19/1968,5.061
11/20/1968,4.582
11/21/1968,4.298
11/22/1968,4.948
11/23/1968,4.353
11/24/1968,5.089
11/25/1968,4.215
11/26/1968,4.561
11/27/1968,4.178
11/28/1968,4.311
11/29/1968,5.085
11/30/1968,4.533
12/1/1968,4.609
12/2/1968,4.449
12/3/1968,4.191
12/4/1968,4.152
12/5/1968,4.161
12/6/1968,4.061
12/7/1968,4.694
12/8/1968,5.19
12/9/1968,5.313
12/10/1968,26.397
12/11/1968,13.903
12/12/1968,9.309
12/13/1968,8.811
12/14/1968,10.033
12/15/1968,23.857
12/16/1968,14.707
12/17/1968,9.988
12/18/1968,7.648
12/19/1968,6.914
12/20/1968,5.642
12/21/1968,6.548
12/22/1968,7.379
12/23/1968,7.551
12/24/1968,8.77
12/25/1968,10.096
12/26/1968,8.503
12/27/1968,8.166
12/28/1968,8.956
12/29/1968,7.378
12/30/1968,6.818
12/31/1968,6.082
1/1/1969,6.189
1/2/1969,5.797
1/3/1969,7.244
1/4/1969,8.267
1/5/1969,9.669
1/6/1969,9.583
1/7/1969,9.551
1/8/1969,8.913
1/9/1969,7.959
1/10/1969,7.636
1/11/1969,11.278
1/12/1969,28.992
1/13/1969,57.61
1/14/1969,28.12
1/15/1969,18.242
1/16/1969,14.397
1/17/1969,12.643
1/18/1969,13.137
1/19/1969,19.125
1/20/1969,71.82
1/21/1969,91.765
1/22/1969,49.576
1/23/1969,32.449
1/24/1969,26.263
1/25/1969,25.195
1/26/1969,41.222
1/27/1969,30.012
1/28/1969,23.334
1/29/1969,20.203
1/30/1969,17.263
1/31/1969,14.737
2/1/1969,13.822
2/2/1969,12.584
2/3/1969,12.113
2/4/1969,12.758
2/5/1969,13.321
2/6/1969,13.68
2/7/1969,12.728
2/8/1969,15.92
2/9/1969,34.644
2/10/1969,31.157
2/11/1969,60.732
2/12/1969,51.25
2/13/1969,31.873
2/14/1969,29.127
2/15/1969,31.397
2/16/1969,28.491
2/17/1969,24.088
2/18/1969,21.222
2/19/1969,19.084
2/20/1969,16.982
2/21/1969,15.333
2/22/1969,15.566
2/23/1969,15.235
2/24/1969,15.946
2/25/1969,14.514
2/26/1969,14.186
2/27/1969,14.295
2/28/1969,20.777
3/1/1969,17.643
3/2/1969,16.215
3/3/1969,14.104
3/4/1969,12.857
3/5/1969,12.666
3/6/1969,11.881
3/7/1969,11.616
3/8/1969,11.708
3/9/1969,11.214
3/10/1969,10.363
3/11/1969,10.152
3/12/1969,10.129
3/13/1969,9.281
3/14/1969,9.664
3/15/1969,9.724
3/16/1969,10.184
3/17/1969,12.822
3/18/1969,14.334
3/19/1969,15.199
3/20/1969,14.602
3/21/1969,14.493
3/22/1969,14.146
3/23/1969,15.159
3/24/1969,15.177
3/25/1969,15.91
3/26/1969,16.404
3/27/1969,17.92
3/28/1969,19.443
3/29/1969,21.204
3/30/1969,20.937
3/31/1969,22.878
4/1/1969,23.564
4/2/1969,23.83
4/3/1969,21.873
4/4/1969,20.639
4/5/1969,27.944
4/6/1969,24.582
4/7/1969,21.485
4/8/1969,19.926
4/9/1969,18.5
4/10/1969,17.443
4/11/1969,17.767
4/12/1969,17.752
4/13/1969,17.202
4/14/1969,16.754
4/15/1969,15.887
4/16/1969,15.906
4/17/1969,16.395
4/18/1969,16.808
4/19/1969,16.382
4/20/1969,16.523
4/21/1969,16.671
4/22/1969,17.917
4/23/1969,21.299
4/24/1969,18.609
4/25/1969,16.896
4/26/1969,16.314
4/27/1969,15.888
4/28/1969,15.458
4/29/1969,15.586
4/30/1969,14.581
5/1/1969,14.202
5/2/1969,13.496
5/3/1969,13.891
5/4/1969,13.589
5/5/1969,13.03
5/6/1969,13.77
5/7/1969,14.859
5/8/1969,15.321
5/9/1969,15.755
5/10/1969,16.217
5/11/1969,16.516
5/12/1969,15.898
5/13/1969,16.078
5/14/1969,15.134
5/15/1969,13.638
5/16/1969,14.663
5/17/1969,14.139
5/18/1969,13.932
5/19/1969,13.443
5/20/1969,12.391
5/21/1969,11.752
5/22/1969,11.456
5/23/1969,12.12
5/24/1969,11.872
5/25/1969,11.159
5/26/1969,11.161
5/27/1969,10.89
5/28/1969,9.988
5/29/1969,9.538
5/30/1969,9.723
5/31/1969,8.998
6/1/1969,8.61
6/2/1969,8.738
6/3/1969,7.927
6/4/1969,8.845
6/5/1969,8.322
6/6/1969,8.359
6/7/1969,8.059
6/8/1969,7.521
6/9/1969,7.015
6/10/1969,6.832
6/11/1969,7.568
6/12/1969,6.453
6/13/1969,7.152
6/14/1969,6.938
6/15/1969,6.972
6/16/1969,6.687
6/17/1969,6.137
6/18/1969,6.987
6/19/1969,6.95
6/20/1969,6.401
6/21/1969,6.37
6/22/1969,5.601
6/23/1969,6.054
6/24/1969,5.725
6/25/1969,5.233
6/26/1969,5.308
6/27/1969,5.566
6/28/1969,4.966
6/29/1969,5.318
6/30/1969,5.026
7/1/1969,5.23
7/2/1969,4.968
7/3/1969,5.539
7/4/1969,5.217
7/5/1969,5.003
7/6/1969,4.559
7/7/1969,4.904
7/8/1969,5.004
7/9/1969,4.999
7/10/1969,4.466
7/11/1969,4.844
7/12/1969,4.823
7/13/1969,4.916
7/14/1969,4.171
7/15/1969,5.156
7/16/1969,3.872
7/17/1969,4.854
7/18/1969,4.981
7/19/1969,4.762
7/20/1969,4.578
7/21/1969,4.144
7/22/1969,4.503
7/23/1969,4.83
7/24/1969,3.93
7/25/1969,4.397
7/26/1969,4.453
7/27/1969,4.372
7/28/1969,4.226
7/29/1969,4.256
7/30/1969,3.992
7/31/1969,4.604
8/1/1969,4.171
8/2/1969,4.263
8/3/1969,3.933
8/4/1969,3.96
8/5/1969,3.969
8/6/1969,4.187
8/7/1969,4.043
8/8/1969,4.239
8/9/1969,4.112
8/10/1969,3.948
8/11/1969,3.631
8/12/1969,4.297
8/13/1969,4.28
8/14/1969,4.058
8/15/1969,4.073
8/16/1969,4.082
8/17/1969,4.029
8/18/1969,3.543
8/19/1969,3.876
8/20/1969,4.571
8/21/1969,3.671
8/22/1969,3.719
8/23/1969,3.566
8/24/1969,4.303
8/25/1969,3.674
8/26/1969,3.866
8/27/1969,4.065
8/28/1969,3.795
8/29/1969,3.884
8/30/1969,3.893
8/31/1969,3.69
9/1/1969,4.186
9/2/1969,3.682
9/3/1969,3.367
9/4/1969,5.281
9/5/1969,4.326
9/6/1969,5.297
9/7/1969,3.848
9/8/1969,4.045
9/9/1969,5.394
9/10/1969,4.62
9/11/1969,4.85
9/12/1969,3.823
9/13/1969,4.235
9/14/1969,4.691
9/15/1969,3.969
9/16/1969,4.495
9/17/1969,4.812
9/18/1969,4.868
9/19/1969,5.091
9/20/1969,4.239
9/21/1969,3.83
9/22/1969,3.623
9/23/1969,3.606
9/24/1969,3.655
9/25/1969,4.043
9/26/1969,4.248
9/27/1969,3.485
9/28/1969,4.252
9/29/1969,3.794
9/30/1969,4.052
10/1/1969,3.501
10/2/1969,3.889
10/3/1969,4.687
10/4/1969,3.058
10/5/1969,4.424
10/6/1969,4.444
10/7/1969,3.459
10/8/1969,3.546
10/9/1969,4.83
10/10/1969,3.216
10/11/1969,4.055
10/12/1969,4.313
10/13/1969,3.73
10/14/1969,4.788
10/15/1969,5.758
10/16/1969,5.381
10/17/1969,4.318
10/18/1969,4.58
10/19/1969,4.231
10/20/1969,4.375
10/21/1969,4.342
10/22/1969,4.576
10/23/1969,4.154
10/24/1969,3.924
10/25/1969,4.725
10/26/1969,3.759
10/27/1969,4.454
10/28/1969,4.148
10/29/1969,3.927
10/30/1969,3.561
10/31/1969,4.07
11/1/1969,4.62
11/2/1969,4.073
11/3/1969,4.149
11/4/1969,4.854
11/5/1969,5.958
11/6/1969,5.959
11/7/1969,6.556
11/8/1969,5.734
11/9/1969,4.856
11/10/1969,4.487
11/11/1969,3.662
11/12/1969,4.43
11/13/1969,4.885
11/14/1969,4.241
11/15/1969,4.643
11/16/1969,4.01
11/17/1969,4.35
11/18/1969,4.022
11/19/1969,4.179
11/20/1969,3.982
11/21/1969,5.275
11/22/1969,3.063
11/23/1969,4.305
11/24/1969,4.203
11/25/1969,4.151
11/26/1969,3.531
11/27/1969,4.192
11/28/1969,3.929
11/29/1969,4.324
11/30/1969,4.149
12/1/1969,4.029
12/2/1969,3.988
12/3/1969,3.642
12/4/1969,3.91
12/5/1969,4.079
12/6/1969,4.402
12/7/1969,3.945
12/8/1969,4.58
12/9/1969,4.889
12/10/1969,6.142
12/11/1969,14.462
12/12/1969,29.668
12/13/1969,19.384
12/14/1969,14.397
12/15/1969,10.881
12/16/1969,8.757
12/17/1969,7.994
12/18/1969,8.081
12/19/1969,27.223
12/20/1969,39.27
12/21/1969,73.225
12/22/1969,31.548
12/23/1969,28.009
12/24/1969,22.338
12/25/1969,19.801
12/26/1969,16.581
12/27/1969,13.895
12/28/1969,12.089
12/29/1969,10.764
12/30/1969,9.252
12/31/1969,8.511
1/1/1970,8.211
1/2/1970,7.631
1/3/1970,7.35
1/4/1970,6.9
1/5/1970,6.311
1/6/1970,6.38
1/7/1970,6.066
1/8/1970,8.718
1/9/1970,20.095
1/10/1970,29.322
1/11/1970,20.749
1/12/1970,23.957
1/13/1970,51.703
1/14/1970,82.272
1/15/1970,49.282
1/16/1970,60.906
1/17/1970,67.916
1/18/1970,51.17
1/19/1970,47.698
1/20/1970,48.013
1/21/1970,82.007
1/22/1970,106.404
1/23/1970,164.653
1/24/1970,126.612
1/25/1970,80.238
1/26/1970,72.266
1/27/1970,79.53
1/28/1970,53.567
1/29/1970,41.808
1/30/1970,33.51
1/31/1970,28.657
2/1/1970,24.32
2/2/1970,20.598
2/3/1970,19.968
2/4/1970,18.176
2/5/1970,17.305
2/6/1970,15.284
2/7/1970,13.97
2/8/1970,14.143
2/9/1970,12.726
2/10/1970,12.887
2/11/1970,12.112
2/12/1970,14.922
2/13/1970,16.886
2/14/1970,14.797
2/15/1970,14.996
2/16/1970,19.923
2/17/1970,20.218
2/18/1970,18.833
2/19/1970,16.588
2/20/1970,14.556
2/21/1970,13.908
2/22/1970,12.839
2/23/1970,12.32
2/24/1970,11.398
2/25/1970,11.244
2/26/1970,11.217
2/27/1970,10.354
2/28/1970,16.66
3/1/1970,18.413
3/2/1970,15.611
3/3/1970,14.49
3/4/1970,15.998
3/5/1970,14.187
3/6/1970,13.338
3/7/1970,14.976
3/8/1970,16.477
3/9/1970,17.152
3/10/1970,16.951
3/11/1970,16.548
3/12/1970,16.101
3/13/1970,15.492
3/14/1970,15.427
3/15/1970,14.581
3/16/1970,13.863
3/17/1970,13.024
3/18/1970,12.483
3/19/1970,12.251
3/20/1970,11.31
3/21/1970,11.371
3/22/1970,11.159
3/23/1970,10.568
3/24/1970,9.922
3/25/1970,10.151
3/26/1970,9.851
3/27/1970,9.572
3/28/1970,9.488
3/29/1970,9.267
3/30/1970,9.249
3/31/1970,8.324
4/1/1970,8.624
4/2/1970,8.197
4/3/1970,8.214
4/4/1970,8.744
4/5/1970,7.759
4/6/1970,8.426
4/7/1970,7.378
4/8/1970,7.509
4/9/1970,7.359
4/10/1970,7.465
4/11/1970,7.433
4/12/1970,7.364
4/13/1970,7.26
4/14/1970,7.069
4/15/1970,7.075
4/16/1970,7.267
4/17/1970,7.182
4/18/1970,7.271
4/19/1970,6.694
4/20/1970,6.45
4/21/1970,7.028
4/22/1970,6.732
4/23/1970,7.604
4/24/1970,5.989
4/25/1970,6.095
4/26/1970,7.041
4/27/1970,6.859
4/28/1970,6.01
4/29/1970,6.573
4/30/1970,6.303
5/1/1970,6.98
5/2/1970,6.494
5/3/1970,6.723
5/4/1970,5.952
5/5/1970,6.99
5/6/1970,6.128
5/7/1970,6.777
5/8/1970,6.263
5/9/1970,7.253
5/10/1970,6.321
5/11/1970,6.629
5/12/1970,7.436
5/13/1970,6.094
5/14/1970,6.317
5/15/1970,6.687
5/16/1970,6.437
5/17/1970,8.06
5/18/1970,6.406
5/19/1970,6.274
5/20/1970,6.161
5/21/1970,5.907
5/22/1970,6.334
5/23/1970,6.524
5/24/1970,6.801
5/25/1970,5.305
5/26/1970,5.759
5/27/1970,5.588
5/28/1970,5.556
5/29/1970,5.553
5/30/1970,5.695
5/31/1970,5.45
6/1/1970,4.889
6/2/1970,5.069
6/3/1970,5.22
6/4/1970,5.189
6/5/1970,4.81
6/6/1970,5.928
6/7/1970,5.125
6/8/1970,5.89
6/9/1970,5.237
6/10/1970,5.215
6/11/1970,4.412
6/12/1970,4.731
6/13/1970,5.52
6/14/1970,5.222
6/15/1970,5.328
6/16/1970,4.745
6/17/1970,5.417
6/18/1970,5.61
6/19/1970,5.081
6/20/1970,4.875
6/21/1970,5.14
6/22/1970,5.208
6/23/1970,5.028
6/24/1970,4.465
6/25/1970,4.403
6/26/1970,5.34
6/27/1970,5.011
6/28/1970,4.187
6/29/1970,4.696
6/30/1970,5.065
7/1/1970,4.942
7/2/1970,5.104
7/3/1970,4.469
7/4/1970,4.751
7/5/1970,5.301
7/6/1970,3.962
7/7/1970,5.233
7/8/1970,3.347
7/9/1970,4.413
7/10/1970,4.333
7/11/1970,4.181
7/12/1970,4.087
7/13/1970,3.518
7/14/1970,4.33
7/15/1970,4.124
7/16/1970,4.373
7/17/1970,3.598
7/18/1970,4.455
7/19/1970,3.758
7/20/1970,3.459
7/21/1970,3.481
7/22/1970,4.546
7/23/1970,4.047
7/24/1970,2.367
7/25/1970,4.351
7/26/1970,3.612
7/27/1970,3.351
7/28/1970,4.052
7/29/1970,3.688
7/30/1970,4.082
7/31/1970,3.378
8/1/1970,4.33
8/2/1970,3.949
8/3/1970,3.431
8/4/1970,3.838
8/5/1970,3.831
8/6/1970,4.087
8/7/1970,3.6
8/8/1970,3.473
8/9/1970,4.105
8/10/1970,3.731
8/11/1970,3.323
8/12/1970,4.225
8/13/1970,3.478
8/14/1970,4.207
8/15/1970,3.618
8/16/1970,3.356
8/17/1970,3.948
8/18/1970,3.657
8/19/1970,3.807
8/20/1970,3.496
8/21/1970,4.179
8/22/1970,3.286
8/23/1970,3.657
8/24/1970,3.645
8/25/1970,3.47
8/26/1970,3.806
8/27/1970,3.706
8/28/1970,4.085
8/29/1970,3.557
8/30/1970,3.341
8/31/1970,3.616
9/1/1970,4.095
9/2/1970,3.605
9/3/1970,3.123
9/4/1970,3.457
9/5/1970,4.309
9/6/1970,3.553
9/7/1970,3.507
9/8/1970,3.706
9/9/1970,3.766
9/10/1970,3.757
9/11/1970,3.749
9/12/1970,3.535
9/13/1970,3.611
9/14/1970,3.311
9/15/1970,3.579
9/16/1970,3.768
9/17/1970,3.642
9/18/1970,3.452
9/19/1970,3.705
9/20/1970,4.278
9/21/1970,3.916
9/22/1970,3.8
9/23/1970,3.57
9/24/1970,4.299
9/25/1970,3.754
9/26/1970,4.037
9/27/1970,4.383
9/28/1970,2.91
9/29/1970,4.37
9/30/1970,2.842
10/1/1970,4.202
10/2/1970,3.835
10/3/1970,3.288
10/4/1970,3.824
10/5/1970,3.93
10/6/1970,3.348
10/7/1970,3.951
10/8/1970,3.522
10/9/1970,3.339
10/10/1970,3.967
10/11/1970,4.17
10/12/1970,3.597
10/13/1970,3.856
10/14/1970,3.921
10/15/1970,3.535
10/16/1970,4.07
10/17/1970,3.749
10/18/1970,4.238
10/19/1970,3.652
10/20/1970,5.174
10/21/1970,5.972
10/22/1970,4.388
10/23/1970,6.815
10/24/1970,5.027
10/25/1970,4.719
10/26/1970,4.646
10/27/1970,4.639
10/28/1970,3.859
10/29/1970,4.239
10/30/1970,4.202
10/31/1970,4.395
11/1/1970,4.215
11/2/1970,3.589
11/3/1970,4.115
11/4/1970,8.319
11/5/1970,12.578
11/6/1970,11.269
11/7/1970,9.457
11/8/1970,9.89
11/9/1970,19.905
11/10/1970,10.135
11/11/1970,10.789
11/12/1970,9.203
11/13/1970,7.712
11/14/1970,6.695
11/15/1970,6.488
11/16/1970,6.709
11/17/1970,5.376
11/18/1970,5.012
11/19/1970,4.669
11/20/1970,5.099
11/21/1970,4.825
11/22/1970,5.219
11/23/1970,5.832
11/24/1970,13.716
11/25/1970,14.206
11/26/1970,11.791
11/27/1970,27.453
11/28/1970,33.452
11/29/1970,23.675
11/30/1970,30.875
12/1/1970,23.408
12/2/1970,20.782
12/3/1970,27.882
12/4/1970,25.066
12/5/1970,19.218
12/6/1970,19.249
12/7/1970,28.272
12/8/1970,32.216
12/9/1970,25.709
12/10/1970,20.289
12/11/1970,16.991
12/12/1970,14.827
12/13/1970,12.552
12/14/1970,10.692
12/15/1970,13.645
12/16/1970,14.433
12/17/1970,12.559
12/18/1970,11.96
12/19/1970,10.275
12/20/1970,11.504
12/21/1970,12.086
12/22/1970,8.694
12/23/1970,8.061
12/24/1970,7.974
12/25/1970,7.938
12/26/1970,7.869
12/27/1970,7.209
12/28/1970,13.844
12/29/1970,17.525
12/30/1970,14.47
12/31/1970,12.989
1/1/1971,12.725
1/2/1971,11.326
1/3/1971,9.452
1/4/1971,8.305
1/5/1971,8.093
1/6/1971,7.73
1/7/1971,6.93
1/8/1971,6.794
1/9/1971,7.336
1/10/1971,8.45
1/11/1971,10.924
1/12/1971,11.142
1/13/1971,9.719
1/14/1971,12.625
1/15/1971,35.326
1/16/1971,47.838
1/17/1971,39.552
1/18/1971,32.796
1/19/1971,30.673
1/20/1971,29.766
1/21/1971,26.365
1/22/1971,24.387
1/23/1971,21.926
1/24/1971,18.987
1/25/1971,14.528
1/26/1971,13.216
1/27/1971,12.112
1/28/1971,11.948
1/29/1971,11.898
1/30/1971,12.046
1/31/1971,11.848
2/1/1971,11.478
2/2/1971,11.942
2/3/1971,10.958
2/4/1971,10.602
2/5/1971,10.512
2/6/1971,10.101
2/7/1971,9.474
2/8/1971,9.53
2/9/1971,9.52
2/10/1971,8.839
2/11/1971,9.587
2/12/1971,9.594
2/13/1971,10.054
2/14/1971,10.786
2/15/1971,11.539
2/16/1971,10.864
2/17/1971,10.692
2/18/1971,10.832
2/19/1971,9.921
2/20/1971,9.398
2/21/1971,8.931
2/22/1971,8.726
2/23/1971,8.658
2/24/1971,7.661
2/25/1971,8.807
2/26/1971,7.674
2/27/1971,7.59
2/28/1971,7.64
3/1/1971,7.084
3/2/1971,7.27
3/3/1971,7.005
3/4/1971,6.949
3/5/1971,6.762
3/6/1971,6.796
3/7/1971,6.776
3/8/1971,6.677
3/9/1971,6.947
3/10/1971,6.809
3/11/1971,12.653
3/12/1971,28.208
3/13/1971,20.392
3/14/1971,17.422
3/15/1971,15.936
3/16/1971,14.712
3/17/1971,14.16
3/18/1971,12.571
3/19/1971,12.461
3/20/1971,11.969
3/21/1971,11.467
3/22/1971,13.357
3/23/1971,17.92
3/24/1971,18.64
3/25/1971,34.623
3/26/1971,62.285
3/27/1971,38.729
3/28/1971,34.709
3/29/1971,30.253
3/30/1971,27.038
3/31/1971,22.761
4/1/1971,20.771
4/2/1971,17.877
4/3/1971,16.525
4/4/1971,16.163
4/5/1971,15.731
4/6/1971,15.573
4/7/1971,15.125
4/8/1971,14.486
4/9/1971,18.663
4/10/1971,17.654
4/11/1971,15.892
4/12/1971,15.008
4/13/1971,14.389
4/14/1971,13.644
4/15/1971,13.784
4/16/1971,13.423
4/17/1971,13.576
4/18/1971,12.847
4/19/1971,12.61
4/20/1971,13.378
4/21/1971,12.111
4/22/1971,11.776
4/23/1971,11.403
4/24/1971,10.859
4/25/1971,11.391
4/26/1971,10.56
4/27/1971,10.989
4/28/1971,11.202
4/29/1971,11.42
4/30/1971,11.781
5/1/1971,11.71
5/2/1971,11.887
5/3/1971,13.063
5/4/1971,12.791
5/5/1971,13.026
5/6/1971,12.941
5/7/1971,12.83
5/8/1971,14.289
5/9/1971,13.848
5/10/1971,13.768
5/11/1971,13.638
5/12/1971,14.455
5/13/1971,13.546
5/14/1971,13.22
5/15/1971,12.308
5/16/1971,12.459
5/17/1971,11.552
5/18/1971,11.05
5/19/1971,9.76
5/20/1971,9.511
5/21/1971,9.466
5/22/1971,9.504
5/23/1971,9.323
5/24/1971,9.517
5/25/1971,9.719
5/26/1971,9.548
5/27/1971,9.956
5/28/1971,10.274
5/29/1971,9.497
5/30/1971,9.495
5/31/1971,9.024
6/1/1971,9.591
6/2/1971,9.158
6/3/1971,9.465
6/4/1971,10.147
6/5/1971,10.467
6/6/1971,10.502
6/7/1971,10.764
6/8/1971,10.973
6/9/1971,10.944
6/10/1971,10.395
6/11/1971,9.806
6/12/1971,9.246
6/13/1971,8.561
6/14/1971,8.866
6/15/1971,8.055
6/16/1971,7.205
6/17/1971,7.28
6/18/1971,7.208
6/19/1971,7.309
6/20/1971,6.819
6/21/1971,6.381
6/22/1971,5.832
6/23/1971,5.719
6/24/1971,6.125
6/25/1971,6.636
6/26/1971,6.328
6/27/1971,6.853
6/28/1971,6.413
6/29/1971,6.373
6/30/1971,6.159
7/1/1971,6.246
7/2/1971,6.332
7/3/1971,6.419
7/4/1971,6.658
7/5/1971,5.527
7/6/1971,5.815
7/7/1971,5.277
7/8/1971,4.885
7/9/1971,5.749
7/10/1971,5.289
7/11/1971,5.163
7/12/1971,4.858
7/13/1971,4.838
7/14/1971,4.122
7/15/1971,5.966
7/16/1971,4.989
7/17/1971,4.481
7/18/1971,4.181
7/19/1971,6.546
7/20/1971,5.171
7/21/1971,4.22
7/22/1971,4.669
7/23/1971,4.444
7/24/1971,4.313
7/25/1971,3.88
7/26/1971,4.568
7/27/1971,4.21
7/28/1971,4.231
7/29/1971,3.703
7/30/1971,4.385
7/31/1971,3.914
8/1/1971,3.922
8/2/1971,3.963
8/3/1971,3.781
8/4/1971,4.119
8/5/1971,4.028
8/6/1971,4.073
8/7/1971,3.814
8/8/1971,3.52
8/9/1971,4.014
8/10/1971,4.124
8/11/1971,3.822
8/12/1971,4.005
8/13/1971,3.873
8/14/1971,4.152
8/15/1971,3.567
8/16/1971,3.281
8/17/1971,3.596
8/18/1971,4.152
8/19/1971,2.329
8/20/1971,3.972
8/21/1971,3.358
8/22/1971,3.563
8/23/1971,3.801
8/24/1971,3.434
8/25/1971,3.46
8/26/1971,3.659
8/27/1971,1.662
8/28/1971,3.172
8/29/1971,3.856
8/30/1971,3.585
8/31/1971,3.955
9/1/1971,2.895
9/2/1971,4.261
9/3/1971,3.55
9/4/1971,4.295
9/5/1971,3.35
9/6/1971,3.131
9/7/1971,4.095
9/8/1971,4.032
9/9/1971,3.914
9/10/1971,3.848
9/11/1971,3.89
9/12/1971,4.266
9/13/1971,3.485
9/14/1971,3.674
9/15/1971,3.464
9/16/1971,3.722
9/17/1971,3.109
9/18/1971,3.286
9/19/1971,4.528
9/20/1971,3.991
9/21/1971,3.362
9/22/1971,4.154
9/23/1971,3.584
9/24/1971,3.606
9/25/1971,3.991
9/26/1971,4.164
9/27/1971,3.646
9/28/1971,2.967
9/29/1971,6.433
9/30/1971,3.656
10/1/1971,4.246
10/2/1971,4.254
10/3/1971,4.522
10/4/1971,4.21
10/5/1971,3.384
10/6/1971,5.392
10/7/1971,4.247
10/8/1971,3.7
10/9/1971,4.418
10/10/1971,4.492
10/11/1971,3.901
10/12/1971,4.319
10/13/1971,4.401
10/14/1971,4.289
10/15/1971,3.899
10/16/1971,3.56
10/17/1971,3.899
10/18/1971,4.535
10/19/1971,3.227
10/20/1971,4.594
10/21/1971,3.979
10/22/1971,4.492
10/23/1971,5.078
10/24/1971,4.73
10/25/1971,4.286
10/26/1971,4.206
10/27/1971,4.155
10/28/1971,4.273
10/29/1971,4.014
10/30/1971,4.874
10/31/1971,4.575
11/1/1971,4.187
11/2/1971,4.489
11/3/1971,4.04
11/4/1971,4.549
11/5/1971,4.29
11/6/1971,4.163
11/7/1971,4.077
11/8/1971,3.9
11/9/1971,4.506
11/10/1971,4.746
11/11/1971,6.245
11/12/1971,6.199
11/13/1971,7.871
11/14/1971,5.376
11/15/1971,5.016
11/16/1971,4.666
11/17/1971,4.596
11/18/1971,4.918
11/19/1971,4.767
11/20/1971,4.261
11/21/1971,4.808
11/22/1971,4.466
11/23/1971,4.176
11/24/1971,4.732
11/25/1971,4.298
11/26/1971,6.314
11/27/1971,6.046
11/28/1971,7.522
11/29/1971,6.095
11/30/1971,6.124
12/1/1971,5.41
12/2/1971,5.971
12/3/1971,6.351
12/4/1971,5.741
12/5/1971,4.983
12/6/1971,5.349
12/7/1971,5.808
12/8/1971,5.609
12/9/1971,6.158
12/10/1971,4.804
12/11/1971,5.159
12/12/1971,6.645
12/13/1971,4.96
12/14/1971,4.752
12/15/1971,4.849
12/16/1971,4.709
12/17/1971,4.39
12/18/1971,5.324
12/19/1971,4.492
12/20/1971,4.169
12/21/1971,5.645
12/22/1971,7.283
12/23/1971,6.095
12/24/1971,9.671
12/25/1971,9.038
12/26/1971,7.473
12/27/1971,5.94
12/28/1971,5.751
12/29/1971,5.56
12/30/1971,6.005
12/31/1971,5.236
1/1/1972,4.406
1/2/1972,6.255
1/3/1972,4.803
1/4/1972,4.636
1/5/1972,4.979
1/6/1972,5.053
1/7/1972,4.018
1/8/1972,4.692
1/9/1972,4.405
1/10/1972,4.334
1/11/1972,4.452
1/12/1972,2.566
1/13/1972,7.068
1/14/1972,4.644
1/15/1972,4.938
1/16/1972,4.534
1/17/1972,4.658
1/18/1972,4.906
1/19/1972,6.757
1/20/1972,7.271
1/21/1972,17.674
1/22/1972,38.269
1/23/1972,29.855
1/24/1972,16.76
1/25/1972,17.243
1/26/1972,14.001
1/27/1972,12.308
1/28/1972,9.698
1/29/1972,8.365
1/30/1972,7.796
1/31/1972,7.039
2/1/1972,6.245
2/2/1972,6.015
2/3/1972,6.367
2/4/1972,6.385
2/5/1972,6.423
2/6/1972,6.525
2/7/1972,7.559
2/8/1972,7.123
2/9/1972,6.915
2/10/1972,6.859
2/11/1972,6.679
2/12/1972,6.026
2/13/1972,6.936
2/14/1972,7.536
2/15/1972,6.873
2/16/1972,7.087
2/17/1972,7.114
2/18/1972,7.584
2/19/1972,6.996
2/20/1972,8.863
2/21/1972,8.543
2/22/1972,10.136
2/23/1972,13.052
2/24/1972,14.148
2/25/1972,13.667
2/26/1972,14.598
2/27/1972,15.148
2/28/1972,29.468
2/29/1972,31.426
3/1/1972,26.061
3/2/1972,26.917
3/3/1972,27.941
3/4/1972,24.735
3/5/1972,22.422
3/6/1972,20.777
3/7/1972,18.288
3/8/1972,16.962
3/9/1972,16.383
3/10/1972,17.087
3/11/1972,16.881
3/12/1972,15.737
3/13/1972,15.101
3/14/1972,14.444
3/15/1972,13.676
3/16/1972,13.196
3/17/1972,12.936
3/18/1972,12.89
3/19/1972,11.347
3/20/1972,11.389
3/21/1972,10.426
3/22/1972,16.272
3/23/1972,12.195
3/24/1972,12.694
3/25/1972,11.124
3/26/1972,11.449
3/27/1972,10.441
3/28/1972,9.959
3/29/1972,9.077
3/30/1972,9.49
3/31/1972,8.824
4/1/1972,9.458
4/2/1972,8.558
4/3/1972,8.518
4/4/1972,9.003
4/5/1972,18.89
4/6/1972,24.862
4/7/1972,18.064
4/8/1972,14.706
4/9/1972,12.748
4/10/1972,11.629
4/11/1972,15.328
4/12/1972,18.54
4/13/1972,15.595
4/14/1972,13.388
4/15/1972,12.963
4/16/1972,12.316
4/17/1972,12.078
4/18/1972,10.484
4/19/1972,10.325
4/20/1972,9.675
4/21/1972,9.094
4/22/1972,8.91
4/23/1972,9.994
4/24/1972,9.649
4/25/1972,8.197
4/26/1972,8.728
4/27/1972,8.052
4/28/1972,8.263
4/29/1972,7.71
4/30/1972,8.091
5/1/1972,7.591
5/2/1972,7.62
5/3/1972,7.243
5/4/1972,7.456
5/5/1972,7.576
5/6/1972,6.973
5/7/1972,8.076
5/8/1972,7.449
5/9/1972,6.707
5/10/1972,6.872
5/11/1972,7.162
5/12/1972,6.732
5/13/1972,7.071
5/14/1972,6.009
5/15/1972,6.1
5/16/1972,6.807
5/17/1972,6.866
5/18/1972,5.806
5/19/1972,6.905
5/20/1972,8.483
5/21/1972,7.091
5/22/1972,6.783
5/23/1972,6.46
5/24/1972,6.531
5/25/1972,6.128
5/26/1972,6.607
5/27/1972,6.561
5/28/1972,6.606
5/29/1972,5.456
5/30/1972,5.111
5/31/1972,5.219
6/1/1972,5.505
6/2/1972,5.569
6/3/1972,5.393
6/4/1972,5.031
6/5/1972,5.059
6/6/1972,4.974
6/7/1972,4.749
6/8/1972,5.343
6/9/1972,7.681
6/10/1972,6.155
6/11/1972,4.876
6/12/1972,5.582
6/13/1972,5.239
6/14/1972,4.773
6/15/1972,4.784
6/16/1972,3.711
6/17/1972,4.931
6/18/1972,4.758
6/19/1972,4.211
6/20/1972,5.037
6/21/1972,4.169
6/22/1972,4.119
6/23/1972,4.082
6/24/1972,4.868
6/25/1972,4.342
6/26/1972,4.03
6/27/1972,4.515
6/28/1972,4.173
6/29/1972,4.178
6/30/1972,4.094
7/1/1972,4.357
7/2/1972,3.62
7/3/1972,4.19
7/4/1972,3.996
7/5/1972,4.012
7/6/1972,3.745
7/7/1972,3.897
7/8/1972,3.831
7/9/1972,3.764
7/10/1972,3.624
7/11/1972,4.13
7/12/1972,3.661
7/13/1972,4.206
7/14/1972,3.189
7/15/1972,3.686
7/16/1972,3.247
7/17/1972,3.53
7/18/1972,4.22
7/19/1972,3.484
7/20/1972,3.586
7/21/1972,4.055
7/22/1972,3.317
7/23/1972,3.424
7/24/1972,3.456
7/25/1972,3.96
7/26/1972,3.626
7/27/1972,3.4
7/28/1972,3.471
7/29/1972,4.164
7/30/1972,3.214
7/31/1972,3.654
8/1/1972,3.414
8/2/1972,3.382
8/3/1972,4.044
8/4/1972,3.549
8/5/1972,4.037
8/6/1972,3.765
8/7/1972,3.386
8/8/1972,3.695
8/9/1972,3.557
8/10/1972,3.964
8/11/1972,3.433
8/12/1972,3.709
8/13/1972,3.391
8/14/1972,3.393
8/15/1972,3.372
8/16/1972,3.463
8/17/1972,4.022
8/18/1972,3.185
8/19/1972,3.971
8/20/1972,3.745
8/21/1972,3.369
8/22/1972,3.698
8/23/1972,3.581
8/24/1972,2.936
8/25/1972,4.151
8/26/1972,3.997
8/27/1972,3.501
8/28/1972,3.239
8/29/1972,4.056
8/30/1972,3.06
8/31/1972,4.397
9/1/1972,2.732
9/2/1972,4.262
9/3/1972,3.504
9/4/1972,3.476
9/5/1972,3.782
9/6/1972,2.736
9/7/1972,3.433
9/8/1972,3.365
9/9/1972,4.142
9/10/1972,2.87
9/11/1972,3.842
9/12/1972,3.827
9/13/1972,3.22
9/14/1972,3.637
9/15/1972,3.493
9/16/1972,4.316
9/17/1972,5.966
9/18/1972,3.169
9/19/1972,3.176
9/20/1972,3.116
9/21/1972,3.457
9/22/1972,3.341
9/23/1972,4.44
9/24/1972,3.653
9/25/1972,3.317
9/26/1972,4.99
9/27/1972,4.838
9/28/1972,4.075
9/29/1972,3.455
9/30/1972,5.217
10/1/1972,4.626
10/2/1972,3.584
10/3/1972,4.223
10/4/1972,3.679
10/5/1972,3.866
10/6/1972,3.864
10/7/1972,4.674
10/8/1972,3.772
10/9/1972,4.666
10/10/1972,6.332
10/11/1972,8.058
10/12/1972,5.422
10/13/1972,5.05
10/14/1972,5.304
10/15/1972,6.863
10/16/1972,5.157
10/17/1972,4.897
10/18/1972,5.153
10/19/1972,4.467
10/20/1972,4.36
10/21/1972,4.003
10/22/1972,5.885
10/23/1972,4.618
10/24/1972,3.85
10/25/1972,3.423
10/26/1972,3.705
10/27/1972,6.049
10/28/1972,4.326
10/29/1972,3.531
10/30/1972,4.368
10/31/1972,4.038
11/1/1972,4.087
11/2/1972,3.949
11/3/1972,6.365
11/4/1972,6.583
11/5/1972,5.165
11/6/1972,6.279
11/7/1972,4.148
11/8/1972,4.639
11/9/1972,5.906
11/10/1972,6.89
11/11/1972,8.319
11/12/1972,6.071
11/13/1972,12.546
11/14/1972,14.268
11/15/1972,13.683
11/16/1972,16.343
11/17/1972,9.718
11/18/1972,9.477
11/19/1972,8.55
11/20/1972,9.368
11/21/1972,6.347
11/22/1972,6.301
11/23/1972,6.255
11/24/1972,6.21
11/25/1972,6.164
11/26/1972,6.118
11/27/1972,6.072
11/28/1972,5.409
11/29/1972,4.923
11/30/1972,4.796
12/1/1972,5.198
12/2/1972,4.498
12/3/1972,6.58
12/4/1972,4.86
12/5/1972,4.48
12/6/1972,5.389
12/7/1972,4.924
12/8/1972,3.693
12/9/1972,4.074
12/10/1972,4.131
12/11/1972,3.592
12/12/1972,4.724
12/13/1972,4.257
12/14/1972,3.89
12/15/1972,4.257
12/16/1972,4.974
12/17/1972,8.359
12/18/1972,9.808
12/19/1972,12.857
12/20/1972,11.383
12/21/1972,16.58
12/22/1972,26.959
12/23/1972,19.114
12/24/1972,15.082
12/25/1972,12.511
12/26/1972,9.978
12/27/1972,10.307
12/28/1972,9.081
12/29/1972,7.758
12/30/1972,7.215
12/31/1972,7.033
1/1/1973,6.748
1/2/1973,6.625
1/3/1973,6.062
1/4/1973,5.678
1/5/1973,5.826
1/6/1973,5.838
1/7/1973,5.487
1/8/1973,6.741
1/9/1973,7.964
1/10/1973,7.623
1/11/1973,14.541
1/12/1973,18.899
1/13/1973,25.163
1/14/1973,17.953
1/15/1973,26.921
1/16/1973,74.532
1/17/1973,48.923
1/18/1973,55.073
1/19/1973,34.027
1/20/1973,22.428
1/21/1973,17.682
1/22/1973,14.177
1/23/1973,12.899
1/24/1973,11.852
1/25/1973,10.884
1/26/1973,9.833
1/27/1973,9.14
1/28/1973,8.996
1/29/1973,10.078
1/30/1973,9.993
1/31/1973,10.377
2/1/1973,8.813
2/2/1973,8.629
2/3/1973,9.284
2/4/1973,19.648
2/5/1973,28.533
2/6/1973,20.722
2/7/1973,19.589
2/8/1973,18.637
2/9/1973,20.362
2/10/1973,30.23
2/11/1973,25.044
2/12/1973,24.49
2/13/1973,20.165
2/14/1973,22.24
2/15/1973,19.773
2/16/1973,17.03
2/17/1973,14.676
2/18/1973,13.23
2/19/1973,12.344
2/20/1973,11.412
2/21/1973,10.954
2/22/1973,10.436
2/23/1973,9.69
2/24/1973,19.68
2/25/1973,31.077
2/26/1973,28.072
2/27/1973,28.669
2/28/1973,27.928
3/1/1973,29.617
3/2/1973,25.092
3/3/1973,21.301
3/4/1973,18.066
3/5/1973,17.393
3/6/1973,19.347
3/7/1973,17.109
3/8/1973,15.128
3/9/1973,14.009
3/10/1973,14.996
3/11/1973,14.344
3/12/1973,13.517
3/13/1973,12.564
3/14/1973,11.991
3/15/1973,11.502
3/16/1973,11.38
3/17/1973,10.85
3/18/1973,10.45
3/19/1973,12.877
3/20/1973,13.398
3/21/1973,15.196
3/22/1973,13.148
3/23/1973,12.323
3/24/1973,11.36
3/25/1973,11.618
3/26/1973,11.175
3/27/1973,10.995
3/28/1973,10.497
3/29/1973,10.089
3/30/1973,10.606
3/31/1973,9.586
4/1/1973,9.377
4/2/1973,9.015
4/3/1973,9.099
4/4/1973,8.614
4/5/1973,9.025
4/6/1973,8.967
4/7/1973,8.608
4/8/1973,9.49
4/9/1973,9.302
4/10/1973,9.315
4/11/1973,10.322
4/12/1973,10.195
4/13/1973,10.55
4/14/1973,10.068
4/15/1973,10.573
4/16/1973,11.667
4/17/1973,9.72
4/18/1973,9.694
4/19/1973,9.756
4/20/1973,9.171
4/21/1973,8.664
4/22/1973,9.094
4/23/1973,9.248
4/24/1973,8.915
4/25/1973,9.052
4/26/1973,9.592
4/27/1973,10.135
4/28/1973,10.317
4/29/1973,10.012
4/30/1973,9.103
5/1/1973,8.545
5/2/1973,8.302
5/3/1973,8.741
5/4/1973,10.406
5/5/1973,8.161
5/6/1973,8.059
5/7/1973,8.527
5/8/1973,8.066
5/9/1973,8.482
5/10/1973,7.519
5/11/1973,7.821
5/12/1973,8.126
5/13/1973,8.582
5/14/1973,9.492
5/15/1973,9.151
5/16/1973,9.523
5/17/1973,9.191
5/18/1973,9.853
5/19/1973,7
5/20/1973,8.251
5/21/1973,7.82
5/22/1973,7.285
5/23/1973,7.05
5/24/1973,8.394
5/25/1973,6.929
5/26/1973,4.784
5/27/1973,7.322
5/28/1973,6.452
5/29/1973,7.159
5/30/1973,6.92
5/31/1973,6.824
6/1/1973,6.158
6/2/1973,5.994
6/3/1973,5.913
6/4/1973,5.981
6/5/1973,5.321
6/6/1973,5.519
6/7/1973,5.156
6/8/1973,4.945
6/9/1973,5.502
6/10/1973,4.682
6/11/1973,5.392
6/12/1973,4.493
6/13/1973,4.271
6/14/1973,4.429
6/15/1973,4.07
6/16/1973,4.279
6/17/1973,4.524
6/18/1973,4.287
6/19/1973,4.611
6/20/1973,4.853
6/21/1973,4.465
6/22/1973,4.139
6/23/1973,4.085
6/24/1973,3.986
6/25/1973,4.289
6/26/1973,4.08
6/27/1973,4.398
6/28/1973,4.175
6/29/1973,4.124
6/30/1973,3.781
7/1/1973,3.601
7/2/1973,3.23
7/3/1973,4.409
7/4/1973,3.414
7/5/1973,4.041
7/6/1973,3.877
7/7/1973,4.013
7/8/1973,3.442
7/9/1973,3.633
7/10/1973,4.02
7/11/1973,3.61
7/12/1973,3.519
7/13/1973,3.889
7/14/1973,3.513
7/15/1973,3.594
7/16/1973,3.887
7/17/1973,3.696
7/18/1973,3.422
7/19/1973,3.671
7/20/1973,3.128
7/21/1973,4.254
7/22/1973,3.731
7/23/1973,3.276
7/24/1973,3.672
7/25/1973,3.156
7/26/1973,3.66
7/27/1973,4.077
7/28/1973,3.447
7/29/1973,3.79
7/30/1973,3.125
7/31/1973,3.354
8/1/1973,3.638
8/2/1973,3.364
8/3/1973,3.825
8/4/1973,3.293
8/5/1973,2.58
8/6/1973,3.905
8/7/1973,3.317
8/8/1973,3.378
8/9/1973,3.198
8/10/1973,3.566
8/11/1973,3.224
8/12/1973,3.466
8/13/1973,3.53
8/14/1973,3.541
8/15/1973,3.006
8/16/1973,3.629
8/17/1973,2.684
8/18/1973,3.415
8/19/1973,3.295
8/20/1973,3.04
8/21/1973,3.12
8/22/1973,3.217
8/23/1973,2.902
8/24/1973,3.78
8/25/1973,3.273
8/26/1973,3.303
8/27/1973,3.18
8/28/1973,3.619
8/29/1973,3.574
8/30/1973,3.701
8/31/1973,3.19
9/1/1973,3.088
9/2/1973,3.688
9/3/1973,3.501
9/4/1973,3.325
9/5/1973,3.661
9/6/1973,3.545
9/7/1973,3.437
9/8/1973,3.296
9/9/1973,3.366
9/10/1973,2.926
9/11/1973,3.652
9/12/1973,3.809
9/13/1973,3.586
9/14/1973,5.145
9/15/1973,3.275
9/16/1973,3.608
9/17/1973,2.572
9/18/1973,3.857
9/19/1973,5.21
9/20/1973,4.042
9/21/1973,3.353
9/22/1973,4.295
9/23/1973,4.356
9/24/1973,3.954
9/25/1973,4.099
9/26/1973,3.675
9/27/1973,3.264
9/28/1973,3.418
9/29/1973,3.677
9/30/1973,3.773
10/1/1973,3.761
10/2/1973,3.02
10/3/1973,3.825
10/4/1973,3.373
10/5/1973,3.905
10/6/1973,5.25
10/7/1973,6.114
10/8/1973,4.062
10/9/1973,3.724
10/10/1973,3.936
10/11/1973,3.631
10/12/1973,3.874
10/13/1973,4.117
10/14/1973,3.653
10/15/1973,3.787
10/16/1973,3.678
10/17/1973,3.992
10/18/1973,3.226
10/19/1973,3.894
10/20/1973,3.98
10/21/1973,6.401
10/22/1973,12.513
10/23/1973,12.379
10/24/1973,7.505
10/25/1973,6.252
10/26/1973,4.934
10/27/1973,7.382
10/28/1973,5.16
10/29/1973,4.143
10/30/1973,4.466
10/31/1973,3.916
11/1/1973,4.506
11/2/1973,3.559
11/3/1973,4.211
11/4/1973,3.607
11/5/1973,9.767
11/6/1973,17.7
11/7/1973,19.862
11/8/1973,21.783
11/9/1973,32.564
11/10/1973,49.486
11/11/1973,87.021
11/12/1973,69.024
11/13/1973,38.465
11/14/1973,31.637
11/15/1973,37.03
11/16/1973,56.453
11/17/1973,46.552
11/18/1973,43.203
11/19/1973,27.669
11/20/1973,20.543
11/21/1973,18.359
11/22/1973,16.183
11/23/1973,14.226
11/24/1973,12.834
11/25/1973,11.134
11/26/1973,11.261
11/27/1973,9.37
11/28/1973,11.178
11/29/1973,13.718
11/30/1973,56.491
12/1/1973,52.289
12/2/1973,30.568
12/3/1973,26.041
12/4/1973,17.32
12/5/1973,16.03
12/6/1973,13.547
12/7/1973,13.831
12/8/1973,11.871
12/9/1973,11.82
12/10/1973,10.894
12/11/1973,12.933
12/12/1973,12.931
12/13/1973,15.789
12/14/1973,13.442
12/15/1973,14.343
12/16/1973,12.865
12/17/1973,15.223
12/18/1973,14.111
12/19/1973,12.885
12/20/1973,13.916
12/21/1973,27.559
12/22/1973,26.705
12/23/1973,20.877
12/24/1973,17.672
12/25/1973,16.017
12/26/1973,16.019
12/27/1973,19.341
12/28/1973,25.073
12/29/1973,33.631
12/30/1973,26.537
12/31/1973,22.889
1/1/1974,12.645
1/2/1974,15.547
1/3/1974,13.812
1/4/1974,13.313
1/5/1974,12.646
1/6/1974,10.95
1/7/1974,10.042
1/8/1974,9.955
1/9/1974,9.652
1/10/1974,9.243
1/11/1974,9.237
1/12/1974,10.69
1/13/1974,18.579
1/14/1974,32.216
1/15/1974,97.583
1/16/1974,190.847
1/17/1974,102.262
1/18/1974,85.775
1/19/1974,79.562
1/20/1974,55.445
1/21/1974,45.602
1/22/1974,34.365
1/23/1974,27.579
1/24/1974,23.977
1/25/1974,21.072
1/26/1974,18.832
1/27/1974,17.145
1/28/1974,16.419
1/29/1974,15.543
1/30/1974,13.636
1/31/1974,19.77
2/1/1974,19.862
2/2/1974,15.783
2/3/1974,15.007
2/4/1974,14.162
2/5/1974,13.178
2/6/1974,12.384
2/7/1974,11.809
2/8/1974,11.18
2/9/1974,11.203
2/10/1974,10.322
2/11/1974,10.811
2/12/1974,11.364
2/13/1974,10.44
2/14/1974,10.145
2/15/1974,9.443
2/16/1974,10.497
2/17/1974,9.61
2/18/1974,11.666
2/19/1974,13.252
2/20/1974,11.369
2/21/1974,11.988
2/22/1974,9.909
2/23/1974,10.713
2/24/1974,9.29
2/25/1974,9.895
2/26/1974,10.027
2/27/1974,10.682
2/28/1974,30.755
3/1/1974,40.699
3/2/1974,30.569
3/3/1974,23.7
3/4/1974,19.079
3/5/1974,17.897
3/6/1974,19.883
3/7/1974,21.189
3/8/1974,19.201
3/9/1974,17.257
3/10/1974,18.521
3/11/1974,30.03
3/12/1974,35.351
3/13/1974,29.072
3/14/1974,24.991
3/15/1974,23.862
3/16/1974,20.819
3/17/1974,20.786
3/18/1974,20.31
3/19/1974,19.601
3/20/1974,17.954
3/21/1974,17.326
3/22/1974,14.467
3/23/1974,18.913
3/24/1974,14.618
3/25/1974,15.489
3/26/1974,17.944
3/27/1974,28.866
3/28/1974,39.455
3/29/1974,85.456
3/30/1974,119.844
3/31/1974,63.888
4/1/1974,70.161
4/2/1974,51.585
4/3/1974,38.542
4/4/1974,31.107
4/5/1974,27.944
4/6/1974,24.442
4/7/1974,21.797
4/8/1974,20.464
4/9/1974,19.55
4/10/1974,18.588
4/11/1974,17.147
4/12/1974,15.947
4/13/1974,15.083
4/14/1974,15.457
4/15/1974,15.362
4/16/1974,14.727
4/17/1974,14.179
4/18/1974,13.955
4/19/1974,13.068
4/20/1974,13.191
4/21/1974,13.262
4/22/1974,13.421
4/23/1974,14.755
4/24/1974,14.005
4/25/1974,13.879
4/26/1974,12.838
4/27/1974,12.121
4/28/1974,11.753
4/29/1974,11.616
4/30/1974,11.241
5/1/1974,11.916
5/2/1974,13.144
5/3/1974,12.87
5/4/1974,12.678
5/5/1974,11.061
5/6/1974,12.153
5/7/1974,12.72
5/8/1974,13.333
5/9/1974,15.076
5/10/1974,12.196
5/11/1974,11.899
5/12/1974,11.772
5/13/1974,11.466
5/14/1974,11.234
5/15/1974,11.417
5/16/1974,9.642
5/17/1974,9.801
5/18/1974,10.87
5/19/1974,9.604
5/20/1974,8.867
5/21/1974,8.413
5/22/1974,9.101
5/23/1974,8.803
5/24/1974,9.605
5/25/1974,9.837
5/26/1974,9.475
5/27/1974,10.485
5/28/1974,9.434
5/29/1974,9.766
5/30/1974,9.175
5/31/1974,8.434
6/1/1974,9.524
6/2/1974,8.406
6/3/1974,8.469
6/4/1974,8.698
6/5/1974,9.166
6/6/1974,8.579
6/7/1974,7.111
6/8/1974,7.685
6/9/1974,8.586
6/10/1974,7.193
6/11/1974,7.465
6/12/1974,7.878
6/13/1974,6.891
6/14/1974,6.554
6/15/1974,6.892
6/16/1974,7.009
6/17/1974,6.657
6/18/1974,6.908
6/19/1974,7.6
6/20/1974,6.674
6/21/1974,6.001
6/22/1974,6.146
6/23/1974,6.777
6/24/1974,5.559
6/25/1974,6.007
6/26/1974,5.628
6/27/1974,6.318
6/28/1974,5.733
6/29/1974,5.725
6/30/1974,5.5
7/1/1974,5.204
7/2/1974,4.76
7/3/1974,5.602
7/4/1974,5.297
7/5/1974,5.553
7/6/1974,5.186
7/7/1974,4.945
7/8/1974,9.89
7/9/1974,8.443
7/10/1974,6.562
7/11/1974,5.79
7/12/1974,5.774
7/13/1974,5.755
7/14/1974,5.609
7/15/1974,4.945
7/16/1974,4.89
7/17/1974,5.449
7/18/1974,4.901
7/19/1974,5.268
7/20/1974,4.943
7/21/1974,4.896
7/22/1974,5.233
7/23/1974,4.99
7/24/1974,5.911
7/25/1974,4.758
7/26/1974,5.464
7/27/1974,4.46
7/28/1974,4.319
7/29/1974,4.366
7/30/1974,4.121
7/31/1974,4.356
8/1/1974,4.8
8/2/1974,4.085
8/3/1974,4.676
8/4/1974,4.59
8/5/1974,4.927
8/6/1974,4.869
8/7/1974,4.504
8/8/1974,4.502
8/9/1974,4.288
8/10/1974,4.778
8/11/1974,3.834
8/12/1974,4.619
8/13/1974,4.101
8/14/1974,4.473
8/15/1974,4.175
8/16/1974,4.236
8/17/1974,4.346
8/18/1974,4.388
8/19/1974,4.055
8/20/1974,4.135
8/21/1974,4.466
8/22/1974,4.012
8/23/1974,4.22
8/24/1974,4.253
8/25/1974,4.369
8/26/1974,4.533
8/27/1974,3.765
8/28/1974,4.644
8/29/1974,4.059
8/30/1974,4.238
8/31/1974,4.278
9/1/1974,4.473
9/2/1974,4.243
9/3/1974,4.141
9/4/1974,4.614
9/5/1974,3.978
9/6/1974,3.889
9/7/1974,4.523
9/8/1974,4.541
9/9/1974,4.516
9/10/1974,3.577
9/11/1974,4.341
9/12/1974,4.892
9/13/1974,4.17
9/14/1974,4.637
9/15/1974,3.244
9/16/1974,2.133
9/17/1974,2.327
9/18/1974,1.328
9/19/1974,1.741
9/20/1974,1.434
9/21/1974,5.131
9/22/1974,3.751
9/23/1974,4.377
9/24/1974,3.694
9/25/1974,4.195
9/26/1974,4.623
9/27/1974,3.918
9/28/1974,4.192
9/29/1974,4.714
9/30/1974,3.956
10/1/1974,4.093
10/2/1974,4.764
10/3/1974,4.417
10/4/1974,3.441
10/5/1974,4.178
10/6/1974,4.144
10/7/1974,4.165
10/8/1974,4.431
10/9/1974,4.577
10/10/1974,4.884
10/11/1974,4.323
10/12/1974,4.316
10/13/1974,4.557
10/14/1974,4.571
10/15/1974,4.534
10/16/1974,3.763
10/17/1974,4.187
10/18/1974,3.678
10/19/1974,4.626
10/20/1974,3.489
10/21/1974,4.144
10/22/1974,4.241
10/23/1974,4.584
10/24/1974,4.31
10/25/1974,4.497
10/26/1974,4.308
10/27/1974,6.019
10/28/1974,7.442
10/29/1974,4.141
10/30/1974,4.912
10/31/1974,5.745
11/1/1974,4.454
11/2/1974,4.879
11/3/1974,4.678
11/4/1974,4.658
11/5/1974,4.78
11/6/1974,4.476
11/7/1974,5.166
11/8/1974,5.761
11/9/1974,4.772
11/10/1974,3.333
11/11/1974,7.27
11/12/1974,4.706
11/13/1974,4.445
11/14/1974,5.631
11/15/1974,4.833
11/16/1974,4.479
11/17/1974,4.839
11/18/1974,4.73
11/19/1974,4.547
11/20/1974,4.173
11/21/1974,7.241
11/22/1974,5.737
11/23/1974,5.229
11/24/1974,5.037
11/25/1974,5.816
11/26/1974,4.877
11/27/1974,4.421
11/28/1974,4.734
11/29/1974,4.427
11/30/1974,3.651
12/1/1974,4.651
12/2/1974,6.824
12/3/1974,17.394
12/4/1974,11.951
12/5/1974,7.311
12/6/1974,6.036
12/7/1974,5.473
12/8/1974,5.701
12/9/1974,5.156
12/10/1974,4.941
12/11/1974,5.178
12/12/1974,5.004
12/13/1974,4.89
12/14/1974,4.771
12/15/1974,4.915
12/16/1974,4.787
12/17/1974,4.778
12/18/1974,4.732
12/19/1974,4.688
12/20/1974,4.657
12/21/1974,5.124
12/22/1974,4.843
12/23/1974,4.405
12/24/1974,4.945
12/25/1974,4.365
12/26/1974,4.436
12/27/1974,9.147
12/28/1974,5.979
12/29/1974,4.299
12/30/1974,4.98
12/31/1974,4.711
1/1/1975,4.432
1/2/1975,4.571
1/3/1975,4.981
1/4/1975,4.25
1/5/1975,5.381
1/6/1975,5.92
1/7/1975,7.817
1/8/1975,9.266
1/9/1975,6.586
1/10/1975,6.637
1/11/1975,5.478
1/12/1975,5.401
1/13/1975,5.322
1/14/1975,4.659
1/15/1975,5.457
1/16/1975,4.872
1/17/1975,6.221
1/18/1975,5.672
1/19/1975,5.901
1/20/1975,4.276
1/21/1975,5.328
1/22/1975,4.725
1/23/1975,5.597
1/24/1975,4.737
1/25/1975,5.256
1/26/1975,5.288
1/27/1975,4.96
1/28/1975,5.121
1/29/1975,5.06
1/30/1975,4.74
1/31/1975,7.339
2/1/1975,7.362
2/2/1975,7.117
2/3/1975,9.698
2/4/1975,9.263
2/5/1975,7.565
2/6/1975,9.622
2/7/1975,14.397
2/8/1975,17.18
2/9/1975,30.849
2/10/1975,23.08
2/11/1975,16.845
2/12/1975,45.136
2/13/1975,54.668
2/14/1975,25.816
2/15/1975,19.976
2/16/1975,16.432
2/17/1975,13.47
2/18/1975,11.443
2/19/1975,12.233
2/20/1975,10.703
2/21/1975,9.23
2/22/1975,8.72
2/23/1975,8.466
2/24/1975,7.758
2/25/1975,7.844
2/26/1975,8.618
2/27/1975,8.543
2/28/1975,11.473
3/1/1975,12.029
3/2/1975,20.09
3/3/1975,18.233
3/4/1975,15.506
3/5/1975,15.259
3/6/1975,14.541
3/7/1975,23.617
3/8/1975,38.039
3/9/1975,29.825
3/10/1975,22.762
3/11/1975,19.832
3/12/1975,16.244
3/13/1975,16.631
3/14/1975,13.856
3/15/1975,14.569
3/16/1975,13.961
3/17/1975,19.833
3/18/1975,55.587
3/19/1975,56.295
3/20/1975,31.648
3/21/1975,27.557
3/22/1975,22.147
3/23/1975,20.086
3/24/1975,23.266
3/25/1975,39.906
3/26/1975,26.44
3/27/1975,21.681
3/28/1975,18.286
3/29/1975,17.189
3/30/1975,16.223
3/31/1975,15.252
4/1/1975,14.445
4/2/1975,13.793
4/3/1975,14.214
4/4/1975,13.795
4/5/1975,13.63
4/6/1975,12.23
4/7/1975,12.75
4/8/1975,12.369
4/9/1975,11.467
4/10/1975,11.57
4/11/1975,11.135
4/12/1975,11.692
4/13/1975,12.258
4/14/1975,13.377
4/15/1975,12.726
4/16/1975,12.566
4/17/1975,12.212
4/18/1975,11.778
4/19/1975,12.399
4/20/1975,11.867
4/21/1975,12.106
4/22/1975,12.831
4/23/1975,13.808
4/24/1975,21.89
4/25/1975,22.115
4/26/1975,18.851
4/27/1975,17.211
4/28/1975,15.215
4/29/1975,14.974
4/30/1975,14.556
5/1/1975,14.81
5/2/1975,12.629
5/3/1975,14.644
5/4/1975,14.374
5/5/1975,13.644
5/6/1975,13.244
5/7/1975,13.361
5/8/1975,13
5/9/1975,13.487
5/10/1975,12.834
5/11/1975,13.338
5/12/1975,13.061
5/13/1975,13.47
5/14/1975,14.378
5/15/1975,14.539
5/16/1975,15.148
5/17/1975,13.925
5/18/1975,14.516
5/19/1975,14.133
5/20/1975,12.919
5/21/1975,12.386
5/22/1975,11.608
5/23/1975,11.228
5/24/1975,11.059
5/25/1975,10.947
5/26/1975,11.128
5/27/1975,10.432
5/28/1975,11.403
5/29/1975,10.667
5/30/1975,11.123
5/31/1975,11.39
6/1/1975,11.518
6/2/1975,10.498
6/3/1975,10.221
6/4/1975,10.047
6/5/1975,9.641
6/6/1975,10.098
6/7/1975,9.889
6/8/1975,8.915
6/9/1975,8.037
6/10/1975,8.434
6/11/1975,8.467
6/12/1975,7.848
6/13/1975,7.624
6/14/1975,7.976
6/15/1975,7.066
6/16/1975,7.319
6/17/1975,6.394
6/18/1975,6.119
6/19/1975,6.219
6/20/1975,6.527
6/21/1975,5.967
6/22/1975,5.83
6/23/1975,6.501
6/24/1975,6.817
6/25/1975,6.651
6/26/1975,6.408
6/27/1975,6.102
6/28/1975,5.952
6/29/1975,5.605
6/30/1975,5.343
7/1/1975,5.485
7/2/1975,5.442
7/3/1975,5.109
7/4/1975,5.086
7/5/1975,5.244
7/6/1975,5.08
7/7/1975,4.91
7/8/1975,4.704
7/9/1975,5.452
7/10/1975,4.568
7/11/1975,5.31
7/12/1975,4.65
7/13/1975,4.607
7/14/1975,4.543
7/15/1975,6.035
7/16/1975,4.926
7/17/1975,5.253
7/18/1975,4.854
7/19/1975,4.584
7/20/1975,4.728
7/21/1975,4.661
7/22/1975,5.253
7/23/1975,4.827
7/24/1975,4.58
7/25/1975,4.146
7/26/1975,3.112
7/27/1975,4.296
7/28/1975,4.131
7/29/1975,4.109
7/30/1975,4.303
7/31/1975,4.213
8/1/1975,4.529
8/2/1975,4.749
8/3/1975,4.342
8/4/1975,4.078
8/5/1975,3.993
8/6/1975,4.237
8/7/1975,4.689
8/8/1975,4.381
8/9/1975,3.864
8/10/1975,4.367
8/11/1975,4.702
8/12/1975,4.522
8/13/1975,3.97
8/14/1975,4.16
8/15/1975,4.182
8/16/1975,4.414
8/17/1975,4.348
8/18/1975,3.782
8/19/1975,4.57
8/20/1975,4.303
8/21/1975,4.324
8/22/1975,4.405
8/23/1975,4.194
8/24/1975,4.002
8/25/1975,3.856
8/26/1975,4.286
8/27/1975,4.141
8/28/1975,4.595
8/29/1975,4.201
8/30/1975,3.069
8/31/1975,4.242
9/1/1975,3.914
9/2/1975,4.171
9/3/1975,4.157
9/4/1975,4.052
9/5/1975,4.111
9/6/1975,4.481
9/7/1975,4.025
9/8/1975,5.256
9/9/1975,4.643
9/10/1975,3.843
9/11/1975,4.678
9/12/1975,3.795
9/13/1975,4.047
9/14/1975,5.157
9/15/1975,4.109
9/16/1975,4
9/17/1975,4.135
9/18/1975,4.424
9/19/1975,3.512
9/20/1975,4.39
9/21/1975,4.921
9/22/1975,3.979
9/23/1975,4.114
9/24/1975,4.229
9/25/1975,4.134
9/26/1975,4.573
9/27/1975,3.654
9/28/1975,3.143
9/29/1975,4.68
9/30/1975,4.271
10/1/1975,3.365
10/2/1975,4.195
10/3/1975,4.332
10/4/1975,4.005
10/5/1975,4.3
10/6/1975,3.871
10/7/1975,4.554
10/8/1975,4.263
10/9/1975,6.266
10/10/1975,6.749
10/11/1975,5.711
10/12/1975,5.717
10/13/1975,4.635
10/14/1975,4.503
10/15/1975,5.013
10/16/1975,5.08
10/17/1975,4.354
10/18/1975,4.226
10/19/1975,4.438
10/20/1975,4.763
10/21/1975,3.702
10/22/1975,4.562
10/23/1975,3.996
10/24/1975,4.682
10/25/1975,5.909
10/26/1975,6.072
10/27/1975,5.36
10/28/1975,4.492
10/29/1975,5.171
10/30/1975,7.209
10/31/1975,5.025
11/1/1975,5.394
11/2/1975,5.171
11/3/1975,4.21
11/4/1975,4.137
11/5/1975,4.577
11/6/1975,5.003
11/7/1975,5.055
11/8/1975,4.894
11/9/1975,5.357
11/10/1975,3.695
11/11/1975,4.642
11/12/1975,4.65
11/13/1975,4.768
11/14/1975,4.394
11/15/1975,7.049
11/16/1975,6.74
11/17/1975,4.743
11/18/1975,5.035
11/19/1975,4.611
11/20/1975,4.961
11/21/1975,4.363
11/22/1975,5.119
11/23/1975,4.749
11/24/1975,4.675
11/25/1975,4.619
11/26/1975,4.448
11/27/1975,5.082
11/28/1975,4.111
11/29/1975,4.028
11/30/1975,5.185
12/1/1975,4.428
12/2/1975,4.707
12/3/1975,4.391
12/4/1975,6.245
12/5/1975,8.724
12/6/1975,7.414
12/7/1975,5.202
12/8/1975,5.595
12/9/1975,4.685
12/10/1975,4.977
12/11/1975,5.016
12/12/1975,4.101
12/13/1975,5.536
12/14/1975,4.405
12/15/1975,2.662
12/16/1975,5.662
12/17/1975,4.485
12/18/1975,4.393
12/19/1975,4.662
12/20/1975,5.368
12/21/1975,3.691
12/22/1975,4.363
12/23/1975,4.995
12/24/1975,4.375
12/25/1975,4.715
12/26/1975,4.478
12/27/1975,4.407
12/28/1975,4.539
12/29/1975,4.32
12/30/1975,4.19
12/31/1975,4.472
1/1/1976,4.81
1/2/1976,3.827
1/3/1976,4.705
1/4/1976,4.262
1/5/1976,3.947
1/6/1976,4.69
1/7/1976,3.872
1/8/1976,5.121
1/9/1976,4.677
1/10/1976,5.143
1/11/1976,3.984
1/12/1976,3.847
1/13/1976,4.636
1/14/1976,4.974
1/15/1976,4.688
1/16/1976,4.258
1/17/1976,3.432
1/18/1976,5.88
1/19/1976,4.147
1/20/1976,4.359
1/21/1976,4.938
1/22/1976,4.402
1/23/1976,4.342
1/24/1976,4.555
1/25/1976,4.018
1/26/1976,4.322
1/27/1976,4.778
1/28/1976,3.845
1/29/1976,4.082
1/30/1976,6.006
1/31/1976,3.813
2/1/1976,4.938
2/2/1976,3.307
2/3/1976,4.592
2/4/1976,3.95
2/5/1976,4.023
2/6/1976,4.168
2/7/1976,3.345
2/8/1976,4.143
2/9/1976,3.561
2/10/1976,4.44
2/11/1976,4.177
2/12/1976,3.904
2/13/1976,4.819
2/14/1976,4.35
2/15/1976,5.57
2/16/1976,6.253
2/17/1976,5.468
2/18/1976,5.602
2/19/1976,5.329
2/20/1976,5.6
2/21/1976,4.833
2/22/1976,4.865
2/23/1976,4.807
2/24/1976,4.932
2/25/1976,7.561
2/26/1976,22.055
2/27/1976,16.854
2/28/1976,16.826
2/29/1976,22.709
3/1/1976,16.549
3/2/1976,14.678
3/3/1976,10.691
3/4/1976,9.267
3/5/1976,8.58
3/6/1976,8.18
3/7/1976,8.175
3/8/1976,7.034
3/9/1976,7.656
3/10/1976,7.207
3/11/1976,6.756
3/12/1976,7.112
3/13/1976,6.911
3/14/1976,6.228
3/15/1976,6.64
3/16/1976,5.656
3/17/1976,7.228
3/18/1976,6.911
3/19/1976,7.156
3/20/1976,5.184
3/21/1976,5.389
3/22/1976,5.492
3/23/1976,6.675
3/24/1976,6.353
3/25/1976,4.851
3/26/1976,6.172
3/27/1976,5.318
3/28/1976,3.89
3/29/1976,5.548
3/30/1976,5.79
3/31/1976,5.769
4/1/1976,5.312
4/2/1976,5.748
4/3/1976,3.516
4/4/1976,3.164
4/5/1976,4.983
4/6/1976,6.2
4/7/1976,9.364
4/8/1976,14.562
4/9/1976,11.001
4/10/1976,10.382
4/11/1976,7.587
4/12/1976,9.675
4/13/1976,9.488
4/14/1976,8.06
4/15/1976,8.284
4/16/1976,8.486
4/17/1976,5.668
4/18/1976,4.039
4/19/1976,6.119
4/20/1976,7.627
4/21/1976,7.031
4/22/1976,6.032
4/23/1976,5.474
4/24/1976,5.116
4/25/1976,4.412
4/26/1976,5.517
4/27/1976,4.408
4/28/1976,4.866
4/29/1976,4.876
4/30/1976,4.71
5/1/1976,6.06
5/2/1976,5.86
5/3/1976,5.956
5/4/1976,4.553
5/5/1976,5.704
5/6/1976,6.254
5/7/1976,7.173
5/8/1976,5.558
5/9/1976,5.71
5/10/1976,5.11
5/11/1976,5.947
5/12/1976,7.519
5/13/1976,6.675
5/14/1976,4.559
5/15/1976,6.469
5/16/1976,1.897
5/17/1976,3.907
5/18/1976,4.841
5/19/1976,4.912
5/20/1976,4.659
5/21/1976,4.307
5/22/1976,2.849
5/23/1976,3.251
5/24/1976,3.553
5/25/1976,3.604
5/26/1976,5.21
5/27/1976,4.011
5/28/1976,4.613
5/29/1976,1.142
5/30/1976,1.895
5/31/1976,2.146
6/1/1976,6.024
6/2/1976,5.867
6/3/1976,3.766
6/4/1976,5.891
6/5/1976,4.402
6/6/1976,1.266
6/7/1976,2.001
6/8/1976,3.463
6/9/1976,3.423
6/10/1976,3.82
6/11/1976,4.584
6/12/1976,2.102
6/13/1976,1.694
6/14/1976,3.475
6/15/1976,3.932
6/16/1976,3.951
6/17/1976,3.74
6/18/1976,3.338
6/19/1976,1.972
6/20/1976,1.278
6/21/1976,3.991
6/22/1976,3.83
6/23/1976,3.791
6/24/1976,4.093
6/25/1976,3.289
6/26/1976,1.97
6/27/1976,1.227
6/28/1976,4.001
6/29/1976,1.932
6/30/1976,4.435
7/1/1976,4.163
7/2/1976,3.872
7/3/1976,1.891
7/4/1976,2.383
7/5/1976,1.719
7/6/1976,3.043
7/7/1976,3.589
7/8/1976,2.584
7/9/1976,3.397
7/10/1976,2.674
7/11/1976,3
7/12/1976,3.458
7/13/1976,3.608
7/14/1976,3.518
7/15/1976,3.679
7/16/1976,3.739
7/17/1976,1.802
7/18/1976,1.58
7/19/1976,3.189
7/20/1976,3.981
7/21/1976,4.191
7/22/1976,4.814
7/23/1976,3.166
7/24/1976,0.734
7/25/1976,1.669
7/26/1976,3.791
7/27/1976,3.881
7/28/1976,4.544
7/29/1976,3.398
7/30/1976,4.383
7/31/1976,0.574
8/1/1976,3.818
8/2/1976,3.195
8/3/1976,3.657
8/4/1976,3.643
8/5/1976,3.489
8/6/1976,3.387
8/7/1976,3.525
8/8/1976,3.369
8/9/1976,3.678
8/10/1976,3.725
8/11/1976,3.184
8/12/1976,3.307
8/13/1976,3.187
8/14/1976,6.622
8/15/1976,4.847
8/16/1976,4.083
8/17/1976,3.777
8/18/1976,4.804
8/19/1976,4.066
8/20/1976,3.87
8/21/1976,4.073
8/22/1976,3.585
8/23/1976,3.994
8/24/1976,3.794
8/25/1976,3.4
8/26/1976,3.927
8/27/1976,3.631
8/28/1976,4.294
8/29/1976,3.469
8/30/1976,3.539
8/31/1976,3.811
9/1/1976,3.655
9/2/1976,3.878
9/3/1976,3.627
9/4/1976,3.547
9/5/1976,3.517
9/6/1976,3.343
9/7/1976,3.418
9/8/1976,3.447
9/9/1976,3.49
9/10/1976,3.476
9/11/1976,3.386
9/12/1976,3.723
9/13/1976,3.899
9/14/1976,3.596
9/15/1976,3.846
9/16/1976,4.086
9/17/1976,3.246
9/18/1976,3.843
9/19/1976,3.532
9/20/1976,3.663
9/21/1976,3.97
9/22/1976,3.686
9/23/1976,3.601
9/24/1976,3.68
9/25/1976,4.023
9/26/1976,3.637
9/27/1976,4.311
9/28/1976,4.091
9/29/1976,3.524
9/30/1976,4.033
10/1/1976,3.385
10/2/1976,3.903
10/3/1976,3.928
10/4/1976,3.539
10/5/1976,3.823
10/6/1976,3.838
10/7/1976,3.781
10/8/1976,3.776
10/9/1976,4.021
10/10/1976,3.687
10/11/1976,3.637
10/12/1976,3.99
10/13/1976,3.943
10/14/1976,3.497
10/15/1976,3.71
10/16/1976,3.73
10/17/1976,3.54
10/18/1976,3.777
10/19/1976,3.549
10/20/1976,3.582
10/21/1976,3.116
10/22/1976,3.964
10/23/1976,3.586
10/24/1976,3.809
10/25/1976,3.789
10/26/1976,3.971
10/27/1976,3.631
10/28/1976,3.647
10/29/1976,3.959
10/30/1976,4.114
10/31/1976,3.361
11/1/1976,3.998
11/2/1976,3.676
11/3/1976,3.806
11/4/1976,2.752
11/5/1976,4.058
11/6/1976,3.428
11/7/1976,3.883
11/8/1976,3.752
11/9/1976,3.903
11/10/1976,3.752
11/11/1976,4.327
11/12/1976,3.453
11/13/1976,4.62
11/14/1976,4.77
11/15/1976,3.538
11/16/1976,4.074
11/17/1976,3.933
11/18/1976,3.675
11/19/1976,3.975
11/20/1976,4.004
11/21/1976,3.726
11/22/1976,3.381
11/23/1976,3.908
11/24/1976,3.634
11/25/1976,4.049
11/26/1976,4.07
11/27/1976,3.803
11/28/1976,3.526
11/29/1976,2.983
11/30/1976,3.793
12/1/1976,3.396
12/2/1976,4.026
12/3/1976,3.493
12/4/1976,4.045
12/5/1976,4.006
12/6/1976,3.442
12/7/1976,3.725
12/8/1976,3.55
12/9/1976,3.883
12/10/1976,3.917
12/11/1976,3.81
12/12/1976,3.692
12/13/1976,3.456
12/14/1976,4.402
12/15/1976,3.134
12/16/1976,4.051
12/17/1976,3.73
12/18/1976,3.56
12/19/1976,4.031
12/20/1976,3.197
12/21/1976,3.863
12/22/1976,3.535
12/23/1976,3.75
12/24/1976,3.607
12/25/1976,4.096
12/26/1976,3.391
12/27/1976,3.437
12/28/1976,4.134
12/29/1976,3.924
12/30/1976,4.105
12/31/1976,3.596
1/1/1977,4.248
1/2/1977,5.305
1/3/1977,4.418
1/4/1977,3.834
1/5/1977,4.043
1/6/1977,3.515
1/7/1977,3.47
1/8/1977,3.835
1/9/1977,3.874
1/10/1977,3.493
1/11/1977,3.82
1/12/1977,4.286
1/13/1977,3.566
1/14/1977,4.089
1/15/1977,3.623
1/16/1977,3.769
1/17/1977,3.454
1/18/1977,3.518
1/19/1977,3.612
1/20/1977,3.888
1/21/1977,3.92
1/22/1977,4.035
1/23/1977,3.409
1/24/1977,3.595
1/25/1977,3.937
1/26/1977,3.857
1/27/1977,3.528
1/28/1977,3.91
1/29/1977,3.311
1/30/1977,3.606
1/31/1977,3.721
2/1/1977,2.963
2/2/1977,3.641
2/3/1977,3.697
2/4/1977,3.658
2/5/1977,4.092
2/6/1977,2.828
2/7/1977,4.167
2/8/1977,3.944
2/9/1977,4.49
2/10/1977,3.799
2/11/1977,4.263
2/12/1977,4.093
2/13/1977,3.598
2/14/1977,4.049
2/15/1977,4.15
2/16/1977,3.739
2/17/1977,3.85
2/18/1977,3.593
2/19/1977,4.296
2/20/1977,3.95
2/21/1977,4.802
2/22/1977,4.48
2/23/1977,4.822
2/24/1977,3.936
2/25/1977,4.211
2/26/1977,3.842
2/27/1977,3.702
2/28/1977,4.185
3/1/1977,3.907
3/2/1977,4.372
3/3/1977,3.555
3/4/1977,3.864
3/5/1977,4.302
3/6/1977,3.568
3/7/1977,3.494
3/8/1977,4.203
3/9/1977,3.814
3/10/1977,4.152
3/11/1977,4.198
3/12/1977,3.914
3/13/1977,3.67
3/14/1977,3.902
3/15/1977,5.409
3/16/1977,3.555
3/17/1977,4.362
3/18/1977,3.96
3/19/1977,3.836
3/20/1977,4.071
3/21/1977,3.732
3/22/1977,3.906
3/23/1977,4.269
3/24/1977,4.386
3/25/1977,4.327
3/26/1977,3.727
3/27/1977,4.31
3/28/1977,3.608
3/29/1977,3.976
3/30/1977,3.786
3/31/1977,3.664
4/1/1977,3.724
4/2/1977,3.646
4/3/1977,3.663
4/4/1977,3.599
4/5/1977,3.626
4/6/1977,3.494
4/7/1977,3.747
4/8/1977,4.194
4/9/1977,4.41
4/10/1977,3.268
4/11/1977,3.04
4/12/1977,3.791
4/13/1977,3.641
4/14/1977,4.166
4/15/1977,3.624
4/16/1977,3.754
4/17/1977,3.983
4/18/1977,3.061
4/19/1977,3.081
4/20/1977,3.34
4/21/1977,3.64
4/22/1977,3.393
4/23/1977,3.146
4/24/1977,3.291
4/25/1977,4.012
4/26/1977,3.575
4/27/1977,3.469
4/28/1977,3.6
4/29/1977,3.549
4/30/1977,3.475
5/1/1977,4.598
5/2/1977,3.611
5/3/1977,4.688
5/4/1977,3.745
5/5/1977,3.739
5/6/1977,3.666
5/7/1977,3.912
5/8/1977,3.334
5/9/1977,4.429
5/10/1977,3.576
5/11/1977,4.659
5/12/1977,3.952
5/13/1977,3.965
5/14/1977,4.409
5/15/1977,4.065
5/16/1977,3.616
5/17/1977,3.508
5/18/1977,3.481
5/19/1977,4.211
5/20/1977,3.477
5/21/1977,3.995
5/22/1977,3.605
5/23/1977,4.091
5/24/1977,4
5/25/1977,4.105
5/26/1977,4.211
5/27/1977,4.117
5/28/1977,3.749
5/29/1977,3.623
5/30/1977,4.4
5/31/1977,3.433
6/1/1977,3.102
6/2/1977,3.849
6/3/1977,3.159
6/4/1977,4.011
6/5/1977,3.266
6/6/1977,2.989
6/7/1977,3.186
6/8/1977,3.575
6/9/1977,3.258
6/10/1977,4.525
6/11/1977,3.42
6/12/1977,2.334
6/13/1977,3.799
6/14/1977,2.586
6/15/1977,3.229
6/16/1977,2.886
6/17/1977,2.876
6/18/1977,3.338
6/19/1977,3.263
6/20/1977,3.339
6/21/1977,3.246
6/22/1977,2.916
6/23/1977,3.397
6/24/1977,3.292
6/25/1977,2.732
6/26/1977,3.454
6/27/1977,2.139
6/28/1977,2.511
6/29/1977,3.696
6/30/1977,3.313
7/1/1977,2.958
7/2/1977,2.969
7/3/1977,2.957
7/4/1977,3.044
7/5/1977,2.928
7/6/1977,2.95
7/7/1977,3.204
7/8/1977,2.568
7/9/1977,3.432
7/10/1977,3.185
7/11/1977,2.15
7/12/1977,3.464
7/13/1977,3.009
7/14/1977,3.19
7/15/1977,3.203
7/16/1977,2.778
7/17/1977,3.017
7/18/1977,3.012
7/19/1977,2.969
7/20/1977,2.943
7/21/1977,2.793
7/22/1977,2.939
7/23/1977,2.752
7/24/1977,3.14
7/25/1977,2.661
7/26/1977,2.978
7/27/1977,2.857
7/28/1977,2.543
7/29/1977,2.917
7/30/1977,3.46
7/31/1977,2.938
8/1/1977,2.55
8/2/1977,3.209
8/3/1977,2.803
8/4/1977,3.139
8/5/1977,3.151
8/6/1977,2.388
8/7/1977,3.233
8/8/1977,2.661
8/9/1977,3.577
8/10/1977,3.232
8/11/1977,2.943
8/12/1977,2.926
8/13/1977,2.619
8/14/1977,2.618
8/15/1977,2.955
8/16/1977,2.667
8/17/1977,3.138
8/18/1977,2.699
8/19/1977,3.506
8/20/1977,4.262
8/21/1977,2.953
8/22/1977,2.433
8/23/1977,2.985
8/24/1977,2.809
8/25/1977,3.096
8/26/1977,3.82
8/27/1977,3.959
8/28/1977,2.952
8/29/1977,2.21
8/30/1977,2.781
8/31/1977,3.059
9/1/1977,3.042
9/2/1977,2.995
9/3/1977,3.203
9/4/1977,2.505
9/5/1977,3.043
9/6/1977,2.984
9/7/1977,2.892
9/8/1977,3.223
9/9/1977,3.323
9/10/1977,2.675
9/11/1977,3.492
9/12/1977,2.458
9/13/1977,2.929
9/14/1977,2.593
9/15/1977,2.939
9/16/1977,4.236
9/17/1977,4.995
9/18/1977,3.78
9/19/1977,7.554
9/20/1977,5.4
9/21/1977,3.974
9/22/1977,4.123
9/23/1977,3.294
9/24/1977,4.023
9/25/1977,2.958
9/26/1977,3.303
9/27/1977,3.374
9/28/1977,5.92
9/29/1977,8.34
9/30/1977,4.81
10/1/1977,4.17
10/2/1977,4.01
10/3/1977,3.89
10/4/1977,3.5
10/5/1977,3.71
10/6/1977,4.11
10/7/1977,3.53
10/8/1977,3.77
10/9/1977,3.51
10/10/1977,3.45
10/11/1977,3.54
10/12/1977,3.63
10/13/1977,3.52
10/14/1977,3.42
10/15/1977,3.75
10/16/1977,3
10/17/1977,3.63
10/18/1977,3.215
10/19/1977,3.7
10/20/1977,3.12
10/21/1977,3.28
10/22/1977,4.24
10/23/1977,3.19
10/24/1977,2.92
10/25/1977,3.41
10/26/1977,2.99
10/27/1977,3.94
10/28/1977,3.82
10/29/1977,4.32
10/30/1977,4.22
10/31/1977,3.61
11/1/1977,3.73
11/2/1977,3.52
11/3/1977,3.49
11/4/1977,4.39
11/5/1977,4.01
11/6/1977,4.12
11/7/1977,3.75
11/8/1977,3.43
11/9/1977,3.78
11/10/1977,3.29
11/11/1977,3.29
11/12/1977,4.25
11/13/1977,3.6
11/14/1977,3.35
11/15/1977,3.96
11/16/1977,3.12
11/17/1977,3.7
11/18/1977,3.35
11/19/1977,3.57
11/20/1977,3.96
11/21/1977,4.64
11/22/1977,5.05
11/23/1977,5.44
11/24/1977,4.73
11/25/1977,5.05
11/26/1977,5.73
11/27/1977,5.77
11/28/1977,5.09
11/29/1977,4.71
11/30/1977,4.68
12/1/1977,4.62
12/2/1977,4.75
12/3/1977,4.33
12/4/1977,4.43
12/5/1977,3.93
12/6/1977,4.04
12/7/1977,4.1
12/8/1977,3.87
12/9/1977,4.72
12/10/1977,3.76
12/11/1977,4.69
12/12/1977,3.98
12/13/1977,6.56
12/14/1977,26.85
12/15/1977,26.49
12/16/1977,14.89
12/17/1977,13.08
12/18/1977,10.09
12/19/1977,8.03
12/20/1977,7.5
12/21/1977,7.01
12/22/1977,13.23
12/23/1977,31.85
12/24/1977,18.41
12/25/1977,12.64
12/26/1977,10.55
12/27/1977,10.9
12/28/1977,10.28
12/29/1977,12.12
12/30/1977,13.69
12/31/1977,11.86
1/1/1978,10.51
1/2/1978,10.41
1/3/1978,12.53
1/4/1978,21.44
1/5/1978,41.98
1/6/1978,28.84
1/7/1978,19.59
1/8/1978,22.62
1/9/1978,58.48
1/10/1978,35.69
1/11/1978,29.47
1/12/1978,32.68
1/13/1978,31.33
1/14/1978,81.35
1/15/1978,86.6
1/16/1978,95.61
1/17/1978,66.41
1/18/1978,45.09
1/19/1978,49.74
1/20/1978,34.5
1/21/1978,26.55
1/22/1978,20.57
1/23/1978,18.33
1/24/1978,15.09
1/25/1978,16.79
1/26/1978,12.48
1/27/1978,11.68
1/28/1978,10.91
1/29/1978,10.52
1/30/1978,16.37
1/31/1978,9.2
2/1/1978,8.98
2/2/1978,10.55
2/3/1978,11.58
2/4/1978,10.33
2/5/1978,24.32
2/6/1978,45.01
2/7/1978,74.9
2/8/1978,47.55
2/9/1978,36.44
2/10/1978,27.87
2/11/1978,21.91
2/12/1978,20.13
2/13/1978,17.9
2/14/1978,16.28
2/15/1978,15.06
2/16/1978,13.79
2/17/1978,12.3
2/18/1978,12.28
2/19/1978,10.78
2/20/1978,11.09
2/21/1978,10.99
2/22/1978,10.5
2/23/1978,10.19
2/24/1978,10.23
2/25/1978,9.87
2/26/1978,10.9
2/27/1978,10.1
2/28/1978,9.88
3/1/1978,9.25
3/2/1978,14.67
3/3/1978,24.33
3/4/1978,35.9
3/5/1978,54.11
3/6/1978,36.83
3/7/1978,24.93
3/8/1978,48.1
3/9/1978,44.07
3/10/1978,31.98
3/11/1978,25.25
3/12/1978,20.91
3/13/1978,18.24
3/14/1978,15.43
3/15/1978,13.73
3/16/1978,13.27
3/17/1978,12.16
3/18/1978,11.68
3/19/1978,11.61
3/20/1978,11.01
3/21/1978,12.23
3/22/1978,12.07
3/23/1978,16.47
3/24/1978,14.35
3/25/1978,12.89
3/26/1978,12.21
3/27/1978,11.89
3/28/1978,11.61
3/29/1978,11.254
3/30/1978,11.8
3/31/1978,15.15
4/1/1978,20.65
4/2/1978,17.78
4/3/1978,16.49
4/4/1978,18.72
4/5/1978,21.3
4/6/1978,27.35
4/7/1978,19.67
4/8/1978,18.37
4/9/1978,16.45
4/10/1978,15.55
4/11/1978,14.8
4/12/1978,14.23
4/13/1978,13.16
4/14/1978,12.77
4/15/1978,17.3
4/16/1978,14.55
4/17/1978,13.19
4/18/1978,12.59
4/19/1978,13.43
4/20/1978,13.69
4/21/1978,12.82
4/22/1978,12.28
4/23/1978,12.37
4/24/1978,12.92
4/25/1978,14.51
4/26/1978,12.99
4/27/1978,13.11
4/28/1978,12.59
4/29/1978,12.22
4/30/1978,12.06
5/1/1978,12.21
5/2/1978,11.55
5/3/1978,11.65
5/4/1978,11.39
5/5/1978,10.58
5/6/1978,10.33
5/7/1978,10.44
5/8/1978,9.7
5/9/1978,9.95
5/10/1978,10.05
5/11/1978,9.09
5/12/1978,9.37
5/13/1978,9.8
5/14/1978,9.49
5/15/1978,10.4
5/16/1978,9.46
5/17/1978,9.07
5/18/1978,8.76
5/19/1978,8.23
5/20/1978,8.5
5/21/1978,8.83
5/22/1978,8.19
5/23/1978,8.36
5/24/1978,7.27
5/25/1978,7.46
5/26/1978,7.08
5/27/1978,6.47
5/28/1978,7.45
5/29/1978,7.23
5/30/1978,7.28
5/31/1978,6.72
6/1/1978,7.13
6/2/1978,6.89
6/3/1978,7.23
6/4/1978,6.84
6/5/1978,6.96
6/6/1978,7.18
6/7/1978,7.53
6/8/1978,5.94
6/9/1978,6.72
6/10/1978,6.52
6/11/1978,5.95
6/12/1978,5.82
6/13/1978,5.61
6/14/1978,5.98
6/15/1978,5.42
6/16/1978,5.35
6/17/1978,5.46
6/18/1978,4.86
6/19/1978,5.15
6/20/1978,4.99
6/21/1978,4.79
6/22/1978,4.89
6/23/1978,4.99
6/24/1978,5.29
6/25/1978,4.7
6/26/1978,4.97
6/27/1978,4.99
6/28/1978,5.1
6/29/1978,4.59
6/30/1978,4.58
7/1/1978,4.18
7/2/1978,4.89
7/3/1978,4.8
7/4/1978,4.7
7/5/1978,4.46
7/6/1978,4.49
7/7/1978,4.45
7/8/1978,4.26
7/9/1978,4.14
7/10/1978,4.3
7/11/1978,4.31
7/12/1978,4.23
7/13/1978,4.31
7/14/1978,4.09
7/15/1978,3.63
7/16/1978,3.65
7/17/1978,4.42
7/18/1978,4.19
7/19/1978,4.31
7/20/1978,3.96
7/21/1978,3.85
7/22/1978,3.84
7/23/1978,3.98
7/24/1978,3.52
7/25/1978,4.15
7/26/1978,3.37
7/27/1978,3.83
7/28/1978,4.01
7/29/1978,4.27
7/30/1978,3.36
7/31/1978,3.82
8/1/1978,2.98
8/2/1978,4.24
8/3/1978,3.71
8/4/1978,4.06
8/5/1978,3.79
8/6/1978,3.93
8/7/1978,3.23
8/8/1978,3.71
8/9/1978,3.58
8/10/1978,3.71
8/11/1978,3.24
8/12/1978,3.54
8/13/1978,3.36
8/14/1978,3.43
8/15/1978,3.73
8/16/1978,3.62
8/17/1978,3.11
8/18/1978,3.51
8/19/1978,3.76
8/20/1978,3.33
8/21/1978,3.46
8/22/1978,3.63
8/23/1978,3.39
8/24/1978,3.28
8/25/1978,4.1
8/26/1978,3.23
8/27/1978,3.64
8/28/1978,4.02
8/29/1978,3.4
8/30/1978,3.61
8/31/1978,3.73
9/1/1978,3.31
9/2/1978,3.6
9/3/1978,3.36
9/4/1978,3.54
9/5/1978,4.26
9/6/1978,5
9/7/1978,3.5
9/8/1978,3.55
9/9/1978,7.56
9/10/1978,5.78
9/11/1978,4.23
9/12/1978,4.08
9/13/1978,3.91
9/14/1978,3.53
9/15/1978,3.68
9/16/1978,4.62
9/17/1978,3.24
9/18/1978,3.81
9/19/1978,3.87
9/20/1978,3.28
9/21/1978,3.54
9/22/1978,3.47
9/23/1978,4.4
9/24/1978,3.21
9/25/1978,3.21
9/26/1978,3.54
9/27/1978,4.09
9/28/1978,3.72
9/29/1978,3.79
9/30/1978,4.06
10/1/1978,2.96
10/2/1978,3.24
10/3/1978,3.8
10/4/1978,3.65
10/5/1978,3.66
10/6/1978,3.63
10/7/1978,3.47
10/8/1978,4.26
10/9/1978,3.16
10/10/1978,3.13
10/11/1978,3.71
10/12/1978,3.16
10/13/1978,3.5
10/14/1978,3.9
10/15/1978,3.49
10/16/1978,3.88
10/17/1978,3.46
10/18/1978,3.73
10/19/1978,3.07
10/20/1978,3.65
10/21/1978,3.2
10/22/1978,3.42
10/23/1978,3.56
10/24/1978,3.58
10/25/1978,3.07
10/26/1978,3.49
10/27/1978,3.55
10/28/1978,4.04
10/29/1978,3.01
10/30/1978,3.34
10/31/1978,3.76
11/1/1978,3.26
11/2/1978,3.52
11/3/1978,3.92
11/4/1978,3.59
11/5/1978,3.24
11/6/1978,3.91
11/7/1978,3.88
11/8/1978,4.06
11/9/1978,4.52
11/10/1978,3.21
11/11/1978,3.78
11/12/1978,3.86
11/13/1978,3.28
11/14/1978,3.74
11/15/1978,3.35
11/16/1978,3.5
11/17/1978,3.86
11/18/1978,3.78
11/19/1978,5.22
11/20/1978,5.55
11/21/1978,5.23
11/22/1978,4.07
11/23/1978,4.29
11/24/1978,3.46
11/25/1978,3.55
11/26/1978,4.3
11/27/1978,2.81
11/28/1978,3.7
11/29/1978,3.51
11/30/1978,4.73
12/1/1978,4.33
12/2/1978,3.86
12/3/1978,4.06
12/4/1978,3.43
12/5/1978,3.33
12/6/1978,3.38
12/7/1978,3.63
12/8/1978,3.75
12/9/1978,4.18
12/10/1978,3.6
12/11/1978,3.65
12/12/1978,3.53
12/13/1978,3.35
12/14/1978,3.31
12/15/1978,3.43
12/16/1978,4.05
12/17/1978,3.82
12/18/1978,3.75
12/19/1978,3.59
12/20/1978,3.4
12/21/1978,3.53
12/22/1978,3.55
12/23/1978,3.78
12/24/1978,3.78
12/25/1978,3.43
12/26/1978,3.56
12/27/1978,3.08
12/28/1978,3.59
12/29/1978,4.11
12/30/1978,3.51
12/31/1978,3.53
1/1/1979,3.63
1/2/1979,3.45
1/3/1979,3.58
1/4/1979,3.69
1/5/1979,3.43
1/6/1979,3.73
1/7/1979,4.11
1/8/1979,5.84
1/9/1979,6.5
1/10/1979,9.88
1/11/1979,15.08
1/12/1979,7.55
1/13/1979,6
1/14/1979,11.1
1/15/1979,8.81
1/16/1979,7.41
1/17/1979,5.32
1/18/1979,5.03
1/19/1979,4.89
1/20/1979,4.58
1/21/1979,4.38
1/22/1979,4.32
1/23/1979,4.52
1/24/1979,4.15
1/25/1979,4.03
1/26/1979,4
1/27/1979,3.97
1/28/1979,4.08
1/29/1979,4.04
1/30/1979,3.73
1/31/1979,4.06
2/1/1979,3.4
2/2/1979,3.79
2/3/1979,3.41
2/4/1979,3.6
2/5/1979,3.73
2/6/1979,3.65
2/7/1979,3.52
2/8/1979,3.99
2/9/1979,4.13
2/10/1979,4.81
2/11/1979,4.98
2/12/1979,8.34
2/13/1979,30.57
2/14/1979,20.26
2/15/1979,12.53
2/16/1979,12.01
2/17/1979,9.82
2/18/1979,11.7
2/19/1979,9.2
2/20/1979,13.44
2/21/1979,13.08
2/22/1979,14.5
2/23/1979,11.92
2/24/1979,10.78
2/25/1979,9.85
2/26/1979,10.75
2/27/1979,9.09
2/28/1979,14.43
3/1/1979,13.68
3/2/1979,11.1
3/3/1979,9.58
3/4/1979,8.04
3/5/1979,8.47
3/6/1979,9.63
3/7/1979,11.68
3/8/1979,12.1
3/9/1979,10.73
3/10/1979,10.17
3/11/1979,10.67
3/12/1979,10.73
3/13/1979,10.36
3/14/1979,9.64
3/15/1979,14.21
3/16/1979,13.08
3/17/1979,12.28
3/18/1979,11.89
3/19/1979,10.85
3/20/1979,10.2
3/21/1979,10.18
3/22/1979,9.38
3/23/1979,8.55
3/24/1979,7.92
3/25/1979,8
3/26/1979,9.74
3/27/1979,22.32
3/28/1979,18.38
3/29/1979,14.36
3/30/1979,10.86
3/31/1979,10.34
4/1/1979,9.83
4/2/1979,8.57
4/3/1979,8.15
4/4/1979,8.05
4/5/1979,8.23
4/6/1979,8.54
4/7/1979,8.05
4/8/1979,7.58
4/9/1979,7
4/10/1979,7.82
4/11/1979,7.08
4/12/1979,7.38
4/13/1979,6.97
4/14/1979,7.03
4/15/1979,7.65
4/16/1979,8.45
4/17/1979,8.6
4/18/1979,7.83
4/19/1979,7.55
4/20/1979,6.95
4/21/1979,7.31
4/22/1979,7.49
4/23/1979,9.06
4/24/1979,9.54
4/25/1979,9.03
4/26/1979,8.44
4/27/1979,10.65
4/28/1979,7.51
4/29/1979,8.58
4/30/1979,8.45
5/1/1979,9.61
5/2/1979,8.85
5/3/1979,8.64
5/4/1979,8.61
5/5/1979,11.93
5/6/1979,12.47
5/7/1979,12.52
5/8/1979,11.78
5/9/1979,10.2
5/10/1979,10.11
5/11/1979,9.49
5/12/1979,8.29
5/13/1979,8.76
5/14/1979,8.32
5/15/1979,9.22
5/16/1979,8.84
5/17/1979,7.92
5/18/1979,7.92
5/19/1979,8.21
5/20/1979,7.49
5/21/1979,7.34
5/22/1979,7.62
5/23/1979,6.88
5/24/1979,6.32
5/25/1979,6.7
5/26/1979,6.37
5/27/1979,6.58
5/28/1979,5.45
5/29/1979,5.1
5/30/1979,5.37
5/31/1979,5.1
6/1/1979,4.41
6/2/1979,5.01
6/3/1979,4.79
6/4/1979,4.65
6/5/1979,5.3
6/6/1979,3.42
6/7/1979,4.51
6/8/1979,4.31
6/9/1979,3.84
6/10/1979,4.37
6/11/1979,4.36
6/12/1979,3.94
6/13/1979,3.63
6/14/1979,4.51
6/15/1979,3.44
6/16/1979,3.17
6/17/1979,4.23
6/18/1979,3.47
6/19/1979,3.98
6/20/1979,3.85
6/21/1979,3.62
6/22/1979,4.36
6/23/1979,3.36
6/24/1979,3.77
6/25/1979,4
6/26/1979,2.99
6/27/1979,3.78
6/28/1979,3.11
6/29/1979,3.26
6/30/1979,3.47
7/1/1979,3.13
7/2/1979,3.34
7/3/1979,3.7
7/4/1979,3.86
7/5/1979,3.59
7/6/1979,2.92
7/7/1979,2.74
7/8/1979,3.72
7/9/1979,3.05
7/10/1979,3.44
7/11/1979,3.3
7/12/1979,3.08
7/13/1979,3.39
7/14/1979,2.28
7/15/1979,3.66
7/16/1979,3.25
7/17/1979,3.06
7/18/1979,3.52
7/19/1979,2.69
7/20/1979,2.76
7/21/1979,2.98
7/22/1979,3.02
7/23/1979,3.32
7/24/1979,2.96
7/25/1979,2.94
7/26/1979,2.85
7/27/1979,3.29
7/28/1979,2.79
7/29/1979,2.79
7/30/1979,4.36
7/31/1979,3.02
8/1/1979,3.01
8/2/1979,2.37
8/3/1979,2.73
8/4/1979,2.71
8/5/1979,3
8/6/1979,2.69
8/7/1979,3.07
8/8/1979,2.74
8/9/1979,3.23
8/10/1979,3.19
8/11/1979,2.78
8/12/1979,2.71
8/13/1979,3.22
8/14/1979,2.83
8/15/1979,3.09
8/16/1979,2.73
8/17/1979,3.05
8/18/1979,3.08
8/19/1979,3.09
8/20/1979,3.07
8/21/1979,3.48
8/22/1979,2.8
8/23/1979,3.42
8/24/1979,2.88
8/25/1979,3.01
8/26/1979,3.05
8/27/1979,2.56
8/28/1979,3.28
8/29/1979,3.9
8/30/1979,3.5
8/31/1979,3.29
9/1/1979,3.04
9/2/1979,3.63
9/3/1979,3.32
9/4/1979,3.16
9/5/1979,3.18
9/6/1979,3.28
9/7/1979,3.58
9/8/1979,2.94
9/9/1979,2.98
9/10/1979,2.95
9/11/1979,3.01
9/12/1979,2.51
9/13/1979,3.66
9/14/1979,3.33
9/15/1979,2.93
9/16/1979,3.54
9/17/1979,2.64
9/18/1979,3
9/19/1979,3.1
9/20/1979,3.23
9/21/1979,2.48
9/22/1979,4.03
9/23/1979,3.35
9/24/1979,2.43
9/25/1979,3.78
9/26/1979,3.28
9/27/1979,3.28
9/28/1979,3.12
9/29/1979,2.91
9/30/1979,3.32
10/1/1979,2.93
10/2/1979,3.24
10/3/1979,3.19
10/4/1979,2.84
10/5/1979,3.03
10/6/1979,2.95
10/7/1979,3.42
10/8/1979,2.83
10/9/1979,3.28
10/10/1979,3.24
10/11/1979,3.02
10/12/1979,2.88
10/13/1979,3.53
10/14/1979,5.44
10/15/1979,5.1
10/16/1979,4.81
10/17/1979,3.71
10/18/1979,5.12
10/19/1979,5.09
10/20/1979,4.33
10/21/1979,3.15
10/22/1979,3.97
10/23/1979,4.27
10/24/1979,6.24
10/25/1979,15.71
10/26/1979,6.12
10/27/1979,5.42
10/28/1979,3.84
10/29/1979,4.25
10/30/1979,3.86
10/31/1979,4.22
11/1/1979,4.42
11/2/1979,4.5
11/3/1979,7.33
11/4/1979,5.91
11/5/1979,8.01
11/6/1979,6.65
11/7/1979,5.88
11/8/1979,5.41
11/9/1979,4.19
11/10/1979,4.64
11/11/1979,4.39
11/12/1979,3.52
11/13/1979,4.31
11/14/1979,3.76
11/15/1979,4.11
11/16/1979,6.48
11/17/1979,7.12
11/18/1979,5.91
11/19/1979,4.3
11/20/1979,4.97
11/21/1979,4
11/22/1979,5.43
11/23/1979,4.55
11/24/1979,6.89
11/25/1979,7.87
11/26/1979,7.55
11/27/1979,6.22
11/28/1979,5.05
11/29/1979,5.74
11/30/1979,5.39
12/1/1979,5.18
12/2/1979,5.11
12/3/1979,5.31
12/4/1979,4.63
12/5/1979,4.79
12/6/1979,4.78
12/7/1979,4.75
12/8/1979,4.65
12/9/1979,4.63
12/10/1979,4.14
12/11/1979,4.41
12/12/1979,3.83
12/13/1979,4.35
12/14/1979,4.05
12/15/1979,4.27
12/16/1979,3.61
12/17/1979,4.04
12/18/1979,4.07
12/19/1979,4.56
12/20/1979,5.25
12/21/1979,5.15
12/22/1979,4.94
12/23/1979,9.75
12/24/1979,9.91
12/25/1979,10.54
12/26/1979,7.41
12/27/1979,5.93
12/28/1979,6.49
12/29/1979,5.34
12/30/1979,8.71
12/31/1979,16.93
1/1/1980,14.01
1/2/1980,11.13
1/3/1980,8.6
1/4/1980,10.32
1/5/1980,8.88
1/6/1980,9.22
1/7/1980,8.75
1/8/1980,8.56
1/9/1980,11.42
1/10/1980,11.77
1/11/1980,13.81
1/12/1980,41.52
1/13/1980,61.36
1/14/1980,58.07
1/15/1980,48.21
1/16/1980,49.11
1/17/1980,49.06
1/18/1980,35.09
1/19/1980,26.57
1/20/1980,20.89
1/21/1980,15.56
1/22/1980,15.29
1/23/1980,12.93
1/24/1980,11.64
1/25/1980,11.08
1/26/1980,10.35
1/27/1980,9.99
1/28/1980,9.5
1/29/1980,8.43
1/30/1980,7.88
1/31/1980,7.21
2/1/1980,7.41
2/2/1980,7.41
2/3/1980,9.91
2/4/1980,9.22
2/5/1980,9.07
2/6/1980,9.2
2/7/1980,8.88
2/8/1980,8.91
2/9/1980,8.24
2/10/1980,7.64
2/11/1980,6.55
2/12/1980,7.87
2/13/1980,6.28
2/14/1980,7.22
2/15/1980,10.61
2/16/1980,19.07
2/17/1980,61.61
2/18/1980,89.54
2/19/1980,87.57
2/20/1980,59.67
2/21/1980,43.3
2/22/1980,43.25
2/23/1980,38.76
2/24/1980,29.28
2/25/1980,24.78
2/26/1980,21.64
2/27/1980,22.51
2/28/1980,25.67
2/29/1980,22.24
3/1/1980,19.84
3/2/1980,18.22
3/3/1980,17.73
3/4/1980,16.55
3/5/1980,22.63
3/6/1980,20.76
3/7/1980,19.43
3/8/1980,17.37
3/9/1980,15.38
3/10/1980,14.25
3/11/1980,13.44
3/12/1980,13.29
3/13/1980,12.64
3/14/1980,20.47
3/15/1980,19.27
3/16/1980,17.24
3/17/1980,15.59
3/18/1980,13.82
3/19/1980,12.86
3/20/1980,12.2
3/21/1980,11.28
3/22/1980,10.78
3/23/1980,10.74
3/24/1980,10.26
3/25/1980,10.26
3/26/1980,10.08
3/27/1980,9.75
3/28/1980,9.45
3/29/1980,8.54
3/30/1980,8.76
3/31/1980,8.13
4/1/1980,8.49
4/2/1980,7.85
4/3/1980,7.77
4/4/1980,10.95
4/5/1980,15.58
4/6/1980,11.86
4/7/1980,10.33
4/8/1980,9.74
4/9/1980,9.78
4/10/1980,9.56
4/11/1980,8.93
4/12/1980,8.51
4/13/1980,8.65
4/14/1980,8.9
4/15/1980,8.47
4/16/1980,8.43
4/17/1980,8.57
4/18/1980,8.67
4/19/1980,8.83
4/20/1980,11.43
4/21/1980,10.91
4/22/1980,9.68
4/23/1980,9.81
4/24/1980,9.33
4/25/1980,9.3
4/26/1980,9.24
4/27/1980,9.01
4/28/1980,9.83
4/29/1980,9.02
4/30/1980,9.05
5/1/1980,8.35
5/2/1980,7.91
5/3/1980,8.48
5/4/1980,8.69
5/5/1980,8.04
5/6/1980,8.13
5/7/1980,7.67
5/8/1980,7.43
5/9/1980,9.44
5/10/1980,7.89
5/11/1980,7.34
5/12/1980,7.38
5/13/1980,8.21
5/14/1980,7.68
5/15/1980,7.58
5/16/1980,7.35
5/17/1980,5.8
5/18/1980,8.17
5/19/1980,7.03
5/20/1980,7.09
5/21/1980,6.96
5/22/1980,6.82
5/23/1980,5.82
5/24/1980,5.79
5/25/1980,6
5/26/1980,6.04
5/27/1980,5.22
5/28/1980,5.31
5/29/1980,5.39
5/30/1980,6.08
5/31/1980,5.69
6/1/1980,6.03
6/2/1980,5
6/3/1980,5.46
6/4/1980,5.69
6/5/1980,5.34
6/6/1980,5.35
6/7/1980,5.48
6/8/1980,5.06
6/9/1980,5.42
6/10/1980,4.58
6/11/1980,5.48
6/12/1980,5.55
6/13/1980,5.27
6/14/1980,5.49
6/15/1980,5.01
6/16/1980,4.72
6/17/1980,4.78
6/18/1980,4.18
6/19/1980,4.65
6/20/1980,4.49
6/21/1980,4.44
6/22/1980,4.15
6/23/1980,4.34
6/24/1980,4.07
6/25/1980,4.26
6/26/1980,4.59
6/27/1980,3.74
6/28/1980,4.26
6/29/1980,4.4
6/30/1980,3.95
7/1/1980,3.75
7/2/1980,3.87
7/3/1980,4.26
7/4/1980,4.21
7/5/1980,4.14
7/6/1980,3.84
7/7/1980,3.76
7/8/1980,4.17
7/9/1980,3.43
7/10/1980,3.73
7/11/1980,3.76
7/12/1980,4.09
7/13/1980,3.47
7/14/1980,3.33
7/15/1980,3.88
7/16/1980,3.76
7/17/1980,3.17
7/18/1980,4.13
7/19/1980,3.17
7/20/1980,3.49
7/21/1980,3.74
7/22/1980,3.45
7/23/1980,3.12
7/24/1980,3.94
7/25/1980,3.48
7/26/1980,3.48
7/27/1980,3.73
7/28/1980,3.06
7/29/1980,3.43
7/30/1980,3.39
7/31/1980,3.32
8/1/1980,3.52
8/2/1980,3.29
8/3/1980,3.41
8/4/1980,3.08
8/5/1980,3.5
8/6/1980,3.5
8/7/1980,3.26
8/8/1980,3.18
8/9/1980,3.51
8/10/1980,3.03
8/11/1980,3.42
8/12/1980,3.23
8/13/1980,3.03
8/14/1980,3.49
8/15/1980,3.5
8/16/1980,3.47
8/17/1980,2.87
8/18/1980,2.6
8/19/1980,3.62
8/20/1980,3.11
8/21/1980,3.54
8/22/1980,3.24
8/23/1980,3.51
8/24/1980,2.92
8/25/1980,3.52
8/26/1980,2.85
8/27/1980,3.71
8/28/1980,2.91
8/29/1980,3.33
8/30/1980,3.29
8/31/1980,3.59
9/1/1980,2.49
9/2/1980,3.09
9/3/1980,3.1
9/4/1980,3.46
9/5/1980,3.38
9/6/1980,3.33
9/7/1980,3.11
9/8/1980,2.95
9/9/1980,3.35
9/10/1980,3.39
9/11/1980,3.01
9/12/1980,3.05
9/13/1980,3.53
9/14/1980,3.3
9/15/1980,3.12
9/16/1980,3
9/17/1980,3.47
9/18/1980,4.18
9/19/1980,3.48
9/20/1980,3.4
9/21/1980,3.44
9/22/1980,3.04
9/23/1980,3.76
9/24/1980,3.45
9/25/1980,3.29
9/26/1980,3.84
9/27/1980,3.15
9/28/1980,4.67
9/29/1980,2.86
9/30/1980,4.19
10/1/1980,3.59
10/2/1980,3.03
10/3/1980,3.78
10/4/1980,3.25
10/5/1980,3.99
10/6/1980,2.12
10/7/1980,3.11
10/8/1980,3.18
10/9/1980,3.14
10/10/1980,2.81
10/11/1980,4.52
10/12/1980,4.43
10/13/1980,4.96
10/14/1980,4.11
10/15/1980,3.51
10/16/1980,3.66
10/17/1980,3.68
10/18/1980,3.51
10/19/1980,3.98
10/20/1980,3.34
10/21/1980,3.56
10/22/1980,3.12
10/23/1980,3.34
10/24/1980,3.5
10/25/1980,3.93
10/26/1980,3.74
10/27/1980,3.48
10/28/1980,3.69
10/29/1980,3.61
10/30/1980,3.62
10/31/1980,3.73
11/1/1980,3.58
11/2/1980,3.4
11/3/1980,3.74
11/4/1980,3.68
11/5/1980,3.66
11/6/1980,3.68
11/7/1980,3.73
11/8/1980,4.05
11/9/1980,3.72
11/10/1980,3.69
11/11/1980,3.56
11/12/1980,3.48
11/13/1980,3.49
11/14/1980,3.35
11/15/1980,3.47
11/16/1980,3.48
11/17/1980,3.48
11/18/1980,4.05
11/19/1980,3.32
11/20/1980,3.51
11/21/1980,3.7
11/22/1980,3.51
11/23/1980,3.4
11/24/1980,3.49
11/25/1980,3.66
11/26/1980,3.65
11/27/1980,3.56
11/28/1980,3.08
11/29/1980,4.1
11/30/1980,3.26
12/1/1980,4.35
12/2/1980,14.28
12/3/1980,28.85
12/4/1980,15.04
12/5/1980,7.71
12/6/1980,5.81
12/7/1980,5.18
12/8/1980,4.53
12/9/1980,4.73
12/10/1980,3.68
12/11/1980,3.91
12/12/1980,4.25
12/13/1980,4.09
12/14/1980,3.64
12/15/1980,3.69
12/16/1980,4.12
12/17/1980,3.84
12/18/1980,3.65
12/19/1980,4.1
12/20/1980,3.83
12/21/1980,5.09
12/22/1980,4.01
12/23/1980,4.24
12/24/1980,3.82
12/25/1980,4.34
12/26/1980,3.88
12/27/1980,4.23
12/28/1980,3.99
12/29/1980,3.8
12/30/1980,3.8
12/31/1980,4.01
1/1/1981,3.81
1/2/1981,3.91
1/3/1981,4.31
1/4/1981,3.95
1/5/1981,3.81
1/6/1981,3.87
1/7/1981,3.55
1/8/1981,4.07
1/9/1981,3.51
1/10/1981,3.91
1/11/1981,3.53
1/12/1981,3.47
1/13/1981,3.48
1/14/1981,3.62
1/15/1981,3.47
1/16/1981,4.95
1/17/1981,6.89
1/18/1981,5.41
1/19/1981,6.3
1/20/1981,6.37
1/21/1981,7.03
1/22/1981,15.11
1/23/1981,20.5
1/24/1981,11.86
1/25/1981,9.99
1/26/1981,7.5
1/27/1981,15.03
1/28/1981,30.48
1/29/1981,18.15
1/30/1981,12.01
1/31/1981,8.68
2/1/1981,7.46
2/2/1981,7.19
2/3/1981,6.64
2/4/1981,6.51
2/5/1981,5.97
2/6/1981,5.56
2/7/1981,5.77
2/8/1981,5.28
2/9/1981,5.51
2/10/1981,5.63
2/11/1981,7.34
2/12/1981,6.43
2/13/1981,17.26
2/14/1981,26.28
2/15/1981,17.14
2/16/1981,14.66
2/17/1981,12.8
2/18/1981,11.02
2/19/1981,10.69
2/20/1981,10.08
2/21/1981,9.07
2/22/1981,8.25
2/23/1981,8.18
2/24/1981,12.87
2/25/1981,11.45
2/26/1981,12.48
2/27/1981,12.21
2/28/1981,10.39
3/1/1981,9.42
3/2/1981,8.79
3/3/1981,9.57
3/4/1981,15.48
3/5/1981,12.85
3/6/1981,10.61
3/7/1981,9.99
3/8/1981,8.85
3/9/1981,8.77
3/10/1981,8.11
3/11/1981,8.07
3/12/1981,9.44
3/13/1981,8.05
3/14/1981,8
3/15/1981,10.16
3/16/1981,9.81
3/17/1981,9.1
3/18/1981,9.18
3/19/1981,10.1
3/20/1981,13.58
3/21/1981,19.31
3/22/1981,24.17
3/23/1981,19.1
3/24/1981,14.29
3/25/1981,24.46
3/26/1981,22.67
3/27/1981,17.64
3/28/1981,15
3/29/1981,12.97
3/30/1981,11.36
3/31/1981,11.89
4/1/1981,11.48
4/2/1981,10.13
4/3/1981,9.28
4/4/1981,8.78
4/5/1981,8.48
4/6/1981,7.35
4/7/1981,7.36
4/8/1981,7.87
4/9/1981,7.33
4/10/1981,7.37
4/11/1981,7.24
4/12/1981,7.37
4/13/1981,6.22
4/14/1981,6.88
4/15/1981,6.17
4/16/1981,7.7
4/17/1981,7.29
4/18/1981,7.15
4/19/1981,9.28
4/20/1981,7.35
4/21/1981,6.91
4/22/1981,7.19
4/23/1981,6.46
4/24/1981,7.84
4/25/1981,7.39
4/26/1981,7.88
4/27/1981,5.86
4/28/1981,7.02
4/29/1981,6.17
4/30/1981,6.75
5/1/1981,6.31
5/2/1981,6.35
5/3/1981,4.96
5/4/1981,5.83
5/5/1981,5.5
5/6/1981,5.11
5/7/1981,5.02
5/8/1981,5.12
5/9/1981,4.88
5/10/1981,4.38
5/11/1981,4.57
5/12/1981,4.66
5/13/1981,4.82
5/14/1981,4.4
5/15/1981,4.78
5/16/1981,5.24
5/17/1981,5.19
5/18/1981,9.76
5/19/1981,7.58
5/20/1981,5.54
5/21/1981,6.02
5/22/1981,5.35
5/23/1981,5.15
5/24/1981,5.96
5/25/1981,5.18
5/26/1981,5.06
5/27/1981,5.39
5/28/1981,4.44
5/29/1981,4.57
5/30/1981,5.34
5/31/1981,4.69
6/1/1981,3.65
6/2/1981,4.57
6/3/1981,4.65
6/4/1981,3.88
6/5/1981,4.25
6/6/1981,4.01
6/7/1981,3.51
6/8/1981,3.1
6/9/1981,3.98
6/10/1981,3.65
6/11/1981,3.84
6/12/1981,3.91
6/13/1981,3.93
6/14/1981,3.57
6/15/1981,3.48
6/16/1981,3.47
6/17/1981,4.17
6/18/1981,2.74
6/19/1981,3.91
6/20/1981,4
6/21/1981,3.56
6/22/1981,3.35
6/23/1981,3.92
6/24/1981,3
6/25/1981,3.5
6/26/1981,3.17
6/27/1981,3.36
6/28/1981,3
6/29/1981,3.47
6/30/1981,3.17
7/1/1981,3.52
7/2/1981,3.34
7/3/1981,3.37
7/4/1981,3.19
7/5/1981,2.91
7/6/1981,2.99
7/7/1981,2.78
7/8/1981,3.27
7/9/1981,2.53
7/10/1981,3.41
7/11/1981,2.53
7/12/1981,2.78
7/13/1981,3.24
7/14/1981,2.85
7/15/1981,2.6
7/16/1981,3.46
7/17/1981,2.9
7/18/1981,1.14
7/19/1981,3.99
7/20/1981,2.88
7/21/1981,2.99
7/22/1981,2.57
7/23/1981,2.75
7/24/1981,2.6
7/25/1981,2.64
7/26/1981,2.71
7/27/1981,2.95
7/28/1981,2.5
7/29/1981,0.3
7/30/1981,2.67
7/31/1981,3.13
8/1/1981,2.37
8/2/1981,2.44
8/3/1981,2.52
8/4/1981,2.87
8/5/1981,3.07
8/6/1981,2.62
8/7/1981,2.4
8/8/1981,3.72
8/9/1981,2.38
8/10/1981,2.77
8/11/1981,2.24
8/12/1981,2.67
8/13/1981,2.53
8/14/1981,2.44
8/15/1981,2.21
8/16/1981,2.73
8/17/1981,3.02
8/18/1981,2.93
8/19/1981,2.59
8/20/1981,2.42
8/21/1981,2.26
8/22/1981,2.84
8/23/1981,2.29
8/24/1981,2.26
8/25/1981,3.04
8/26/1981,2.54
8/27/1981,3.08
8/28/1981,2.65
8/29/1981,2.79
8/30/1981,2.6
8/31/1981,3.16
9/1/1981,2.05
9/2/1981,2.68
9/3/1981,2.5
9/4/1981,2.33
9/5/1981,2.99
9/6/1981,2.47
9/7/1981,2.21
9/8/1981,2.17
9/9/1981,2.58
9/10/1981,2.01
9/11/1981,3.15
9/12/1981,3.02
9/13/1981,3.35
9/14/1981,3.29
9/15/1981,2.98
9/16/1981,3.96
9/17/1981,0.6
9/18/1981,2.76
9/19/1981,3.44
9/20/1981,3.72
9/21/1981,2.89
9/22/1981,3.41
9/23/1981,1.42
9/24/1981,2.38
9/25/1981,2.76
9/26/1981,2.63
9/27/1981,4.16
9/28/1981,3.23
9/29/1981,2.63
9/30/1981,2.6
10/1/1981,2.75
10/2/1981,3.17
10/3/1981,2.92
10/4/1981,3.16
10/5/1981,3.05
10/6/1981,3.02
10/7/1981,3.63
10/8/1981,3.36
10/9/1981,3.44
10/10/1981,4.02
10/11/1981,3.38
10/12/1981,3.2
10/13/1981,3.26
10/14/1981,3.95
10/15/1981,2.54
10/16/1981,3.35
10/17/1981,3.44
10/18/1981,4.17
10/19/1981,2.81
10/20/1981,3.1
10/21/1981,3.32
10/22/1981,3.09
10/23/1981,3.44
10/24/1981,3.11
10/25/1981,3.58
10/26/1981,3.2
10/27/1981,8.13
10/28/1981,8.35
10/29/1981,5.55
10/30/1981,4.33
10/31/1981,3.8
11/1/1981,4.11
11/2/1981,3.87
11/3/1981,3.52
11/4/1981,3.55
11/5/1981,3.59
11/6/1981,3.42
11/7/1981,3.82
11/8/1981,3.62
11/9/1981,2.93
11/10/1981,3.45
11/11/1981,4.51
11/12/1981,10.41
11/13/1981,16.89
11/14/1981,14.09
11/15/1981,49.53
11/16/1981,73.95
11/17/1981,57.79
11/18/1981,27.56
11/19/1981,18.97
11/20/1981,14.7
11/21/1981,18.64
11/22/1981,18.91
11/23/1981,33.21
11/24/1981,33.82
11/25/1981,24.62
11/26/1981,23.39
11/27/1981,20.99
11/28/1981,17.13
11/29/1981,12.5
11/30/1981,12.71
12/1/1981,10.53
12/2/1981,9.93
12/3/1981,9.03
12/4/1981,8.62
12/5/1981,8.81
12/6/1981,11.05
12/7/1981,10.64
12/8/1981,9.62
12/9/1981,11.69
12/10/1981,11.86
12/11/1981,11.68
12/12/1981,11.63
12/13/1981,15.19
12/14/1981,19.33
12/15/1981,27.17
12/16/1981,20.16
12/17/1981,16.61
12/18/1981,23.18
12/19/1981,81.79
12/20/1981,73.9
12/21/1981,48.24
12/22/1981,38.75
12/23/1981,31.83
12/24/1981,22.53
12/25/1981,18.2
12/26/1981,17.11
12/27/1981,16.56
12/28/1981,14.82
12/29/1981,18.1
12/30/1981,17.56
12/31/1981,23.65
1/1/1982,24.57
1/2/1982,19.73
1/3/1982,18.28
1/4/1982,16.92
1/5/1982,16.57
1/6/1982,12.24
1/7/1982,12.13
1/8/1982,11.39
1/9/1982,10.55
1/10/1982,9.54
1/11/1982,9.24
1/12/1982,10.31
1/13/1982,9.23
1/14/1982,10.42
1/15/1982,8.74
1/16/1982,8.35
1/17/1982,8.91
1/18/1982,10.1
1/19/1982,9.94
1/20/1982,10.18
1/21/1982,9.02
1/22/1982,9.62
1/23/1982,8.19
1/24/1982,8.42
1/25/1982,8.6
1/26/1982,12.21
1/27/1982,12.66
1/28/1982,12.35
1/29/1982,10.72
1/30/1982,9.91
1/31/1982,10.2
2/1/1982,8.57
2/2/1982,9.47
2/3/1982,9.33
2/4/1982,8.93
2/5/1982,8.28
2/6/1982,8.52
2/7/1982,7.92
2/8/1982,7.66
2/9/1982,8.41
2/10/1982,7.16
2/11/1982,7.31
2/12/1982,7.15
2/13/1982,13.76
2/14/1982,31.55
2/15/1982,58.03
2/16/1982,63.64
2/17/1982,48.86
2/18/1982,42.09
2/19/1982,36.36
2/20/1982,30.55
2/21/1982,28.99
2/22/1982,26.77
2/23/1982,21.99
2/24/1982,19.87
2/25/1982,19.76
2/26/1982,18.27
2/27/1982,18.19
2/28/1982,17.67
3/1/1982,44.22
3/2/1982,39.22
3/3/1982,28.31
3/4/1982,23.41
3/5/1982,20.61
3/6/1982,17.24
3/7/1982,16.43
3/8/1982,16.86
3/9/1982,16.9
3/10/1982,15.53
3/11/1982,16.9
3/12/1982,16.77
3/13/1982,15.53
3/14/1982,17.47
3/15/1982,16.61
3/16/1982,17.3
3/17/1982,15.8
3/18/1982,15.23
3/19/1982,14.24
3/20/1982,13.73
3/21/1982,13.31
3/22/1982,12.72
3/23/1982,11.97
3/24/1982,11.25
3/25/1982,11.32
3/26/1982,12.09
3/27/1982,11.47
3/28/1982,12.32
3/29/1982,14.05
3/30/1982,20.8
3/31/1982,34.39
4/1/1982,23.65
4/2/1982,31.48
4/3/1982,42.31
4/4/1982,27.4
4/5/1982,22.17
4/6/1982,18.89
4/7/1982,17.96
4/8/1982,15.95
4/9/1982,15.69
4/10/1982,19.1
4/11/1982,53.44
4/12/1982,46.32
4/13/1982,60.92
4/14/1982,61.99
4/15/1982,42.95
4/16/1982,33.25
4/17/1982,27.12
4/18/1982,23.52
4/19/1982,21.72
4/20/1982,19.8
4/21/1982,19.3
4/22/1982,18.31
4/23/1982,18.02
4/24/1982,18.06
4/25/1982,17.93
4/26/1982,16.9
4/27/1982,16.49
4/28/1982,16.6
4/29/1982,15.63
4/30/1982,15.12
5/1/1982,15.04
5/2/1982,14.7
5/3/1982,13.38
5/4/1982,13.96
5/5/1982,13.46
5/6/1982,12.64
5/7/1982,13.18
5/8/1982,12.7
5/9/1982,12
5/10/1982,11.38
5/11/1982,11.25
5/12/1982,11.8
5/13/1982,10.41
5/14/1982,10.76
5/15/1982,10.58
5/16/1982,10.5
5/17/1982,10.79
5/18/1982,10.12
5/19/1982,9.8
5/20/1982,9.72
5/21/1982,9.62
5/22/1982,10.14
5/23/1982,9.77
5/24/1982,9.97
5/25/1982,10.03
5/26/1982,9.71
5/27/1982,8.42
5/28/1982,7.838
5/29/1982,8.131
5/30/1982,7.819
5/31/1982,7.413
6/1/1982,7.93
6/2/1982,6.94
6/3/1982,7.14
6/4/1982,7.44
6/5/1982,7.21
6/6/1982,6.64
6/7/1982,7.05
6/8/1982,6.2
6/9/1982,6.24
6/10/1982,6.24
6/11/1982,6.23
6/12/1982,6.59
6/13/1982,6.16
6/14/1982,6.36
6/15/1982,6.13
6/16/1982,5.97
6/17/1982,6.05
6/18/1982,5.22
6/19/1982,6.04
6/20/1982,6.16
6/21/1982,5.34
6/22/1982,5.67
6/23/1982,5.67
6/24/1982,4.93
6/25/1982,5.25
6/26/1982,5.1
6/27/1982,4.93
6/28/1982,7.4
6/29/1982,6.61
6/30/1982,6.26
7/1/1982,6.16
7/2/1982,6.28
7/3/1982,5.67
7/4/1982,5.2
7/5/1982,5.71
7/6/1982,5.21
7/7/1982,5.37
7/8/1982,5.28
7/9/1982,5.68
7/10/1982,4.57
7/11/1982,5.24
7/12/1982,5.06
7/13/1982,4.8
7/14/1982,4.52
7/15/1982,3.92
7/16/1982,4.64
7/17/1982,4.25
7/18/1982,4.58
7/19/1982,4.23
7/20/1982,4.14
7/21/1982,4.21
7/22/1982,4.29
7/23/1982,4.39
7/24/1982,4
7/25/1982,4.27
7/26/1982,4.25
7/27/1982,3.93
7/28/1982,4.08
7/29/1982,4.35
7/30/1982,3.81
7/31/1982,3.92
8/1/1982,4.09
8/2/1982,4.32
8/3/1982,3.12
8/4/1982,3.21
8/5/1982,4.84
8/6/1982,3.74
8/7/1982,3.9
8/8/1982,3.97
8/9/1982,3.51
8/10/1982,3.5
8/11/1982,4.11
8/12/1982,3.56
8/13/1982,4.06
8/14/1982,3.33
8/15/1982,4.22
8/16/1982,3.39
8/17/1982,4.28
8/18/1982,3.09
8/19/1982,3.66
8/20/1982,3.83
8/21/1982,4.05
8/22/1982,3.31
8/23/1982,2.99
8/24/1982,4.74
8/25/1982,3.98
8/26/1982,3.51
8/27/1982,3.44
8/28/1982,3.92
8/29/1982,4.1
8/30/1982,3.49
8/31/1982,3.65
9/1/1982,3.23
9/2/1982,4.65
9/3/1982,4.95
9/4/1982,3.53
9/5/1982,3.76
9/6/1982,3.23
9/7/1982,3.82
9/8/1982,3.79
9/9/1982,3.4
9/10/1982,2.42
9/11/1982,3.21
9/12/1982,4.89
9/13/1982,3.52
9/14/1982,3.41
9/15/1982,3.51
9/16/1982,4.01
9/17/1982,3.56
9/18/1982,4.47
9/19/1982,3.66
9/20/1982,4.24
9/21/1982,3.74
9/22/1982,3.54
9/23/1982,3.65
9/24/1982,4.22
9/25/1982,4.06
9/26/1982,4.19
9/27/1982,3.83
9/28/1982,3.73
9/29/1982,3.66
9/30/1982,4.01
10/1/1982,3.99
10/2/1982,3.77
10/3/1982,3.83
10/4/1982,3.52
10/5/1982,4.13
10/6/1982,4.22
10/7/1982,4.15
10/8/1982,3.54
10/9/1982,4.18
10/10/1982,3.71
10/11/1982,3.8
10/12/1982,4.2
10/13/1982,2.89
10/14/1982,5.07
10/15/1982,3.97
10/16/1982,3.88
10/17/1982,3.86
10/18/1982,3.46
10/19/1982,3.82
10/20/1982,3.77
10/21/1982,5.48
10/22/1982,6.51
10/23/1982,7.45
10/24/1982,5.3
10/25/1982,9.53
10/26/1982,7.02
10/27/1982,4.74
10/28/1982,4.77
10/29/1982,7.18
10/30/1982,5.67
10/31/1982,4.82
11/1/1982,4.5
11/2/1982,4.35
11/3/1982,4.14
11/4/1982,4.43
11/5/1982,3.97
11/6/1982,4.13
11/7/1982,4.45
11/8/1982,4.92
11/9/1982,4.26
11/10/1982,4.44
11/11/1982,4.53
11/12/1982,3
11/13/1982,5.61
11/14/1982,4.35
11/15/1982,3.99
11/16/1982,4.13
11/17/1982,6.08
11/18/1982,9.84
11/19/1982,6.78
11/20/1982,6.03
11/21/1982,5.54
11/22/1982,5.63
11/23/1982,5.07
11/24/1982,4.88
11/25/1982,4.45
11/26/1982,4.39
11/27/1982,5.69
11/28/1982,14.43
11/29/1982,17.71
11/30/1982,14.78
12/1/1982,10.42
12/2/1982,8.62
12/3/1982,7.3
12/4/1982,7.05
12/5/1982,6.67
12/6/1982,6.34
12/7/1982,5.6
12/8/1982,6.22
12/9/1982,5.4
12/10/1982,5.65
12/11/1982,5.24
12/12/1982,5.35
12/13/1982,4.33
12/14/1982,6.28
12/15/1982,10.1
12/16/1982,41.18
12/17/1982,42.2
12/18/1982,20.21
12/19/1982,13.87
12/20/1982,16.55
12/21/1982,40.72
12/22/1982,34
12/23/1982,23.3
12/24/1982,16.48
12/25/1982,12.95
12/26/1982,11.57
12/27/1982,10.01
12/28/1982,8.99
12/29/1982,9.39
12/30/1982,6.49
12/31/1982,7.31
1/1/1983,7.18
1/2/1983,6.73
1/3/1983,7.07
1/4/1983,6.9
1/5/1983,6.6
1/6/1983,6.21
1/7/1983,6.49
1/8/1983,7.03
1/9/1983,6.57
1/10/1983,7.13
1/11/1983,6.82
1/12/1983,6.4
1/13/1983,6.31
1/14/1983,6
1/15/1983,6.55
1/16/1983,6.84
1/17/1983,8.31
1/18/1983,14.94
1/19/1983,16.16
1/20/1983,11.91
1/21/1983,11.46
1/22/1983,11.64
1/23/1983,16.49
1/24/1983,39.13
1/25/1983,28.22
1/26/1983,82.84
1/27/1983,85.88
1/28/1983,44.47
1/29/1983,37.61
1/30/1983,32.76
1/31/1983,25.52
2/1/1983,19.73
2/2/1983,15.83
2/3/1983,13.55
2/4/1983,14.24
2/5/1983,14.28
2/6/1983,24.19
2/7/1983,26.79
2/8/1983,36.69
2/9/1983,49.67
2/10/1983,52
2/11/1983,36.88
2/12/1983,54.49
2/13/1983,53.89
2/14/1983,39
2/15/1983,32.02
2/16/1983,27.08
2/17/1983,24.63
2/18/1983,36.6
2/19/1983,32.51
2/20/1983,26.45
2/21/1983,22.94
2/22/1983,20.02
2/23/1983,18.96
2/24/1983,17.97
2/25/1983,21.19
2/26/1983,22.02
2/27/1983,40.19
2/28/1983,59.66
3/1/1983,88.71
3/2/1983,91.07
3/3/1983,88.3
3/4/1983,46.83
3/5/1983,46.93
3/6/1983,43.19
3/7/1983,44.05
3/8/1983,40.69
3/9/1983,33.79
3/10/1983,36.26
3/11/1983,33.75
3/12/1983,56.15
3/13/1983,92.57
3/14/1983,53.21
3/15/1983,42.68
3/16/1983,37.47
3/17/1983,35.44
3/18/1983,30.13
3/19/1983,32.08
3/20/1983,25.01
3/21/1983,23.85
3/22/1983,30.43
3/23/1983,31.27
3/24/1983,38.71
3/25/1983,31.61
3/26/1983,27.21
3/27/1983,32.05
3/28/1983,27.25
3/29/1983,29.99
3/30/1983,59.07
3/31/1983,49.5
4/1/1983,36.34
4/2/1983,31.19
4/3/1983,26.97
4/4/1983,23.85
4/5/1983,21.15
4/6/1983,19.47
4/7/1983,18.65
4/8/1983,16.88
4/9/1983,17.18
4/10/1983,15.69
4/11/1983,15.5
4/12/1983,14.69
4/13/1983,14.39
4/14/1983,13.74
4/15/1983,13.25
4/16/1983,12.84
4/17/1983,12.86
4/18/1983,13.38
4/19/1983,14.02
4/20/1983,14.61
4/21/1983,14.91
4/22/1983,16.03
4/23/1983,22.93
4/24/1983,23.35
4/25/1983,22.43
4/26/1983,19.74
4/27/1983,20.59
4/28/1983,22.57
4/29/1983,23.14
4/30/1983,22.09
5/1/1983,19.55
5/2/1983,19.22
5/3/1983,17.74
5/4/1983,19.53
5/5/1983,22.36
5/6/1983,22.95
5/7/1983,21.36
5/8/1983,18.84
5/9/1983,16.94
5/10/1983,16.26
5/11/1983,15.88
5/12/1983,14.84
5/13/1983,14.95
5/14/1983,13.34
5/15/1983,14.38
5/16/1983,14.49
5/17/1983,13.53
5/18/1983,14.3
5/19/1983,13.99
5/20/1983,15.19
5/21/1983,15.45
5/22/1983,15.85
5/23/1983,16.5
5/24/1983,16.56
5/25/1983,16.4
5/26/1983,16.91
5/27/1983,16.69
5/28/1983,17.07
5/29/1983,16.91
5/30/1983,16.19
5/31/1983,15.66
6/1/1983,14.42
6/2/1983,14.08
6/3/1983,13.25
6/4/1983,13.23
6/5/1983,13.12
6/6/1983,12.97
6/7/1983,13.19
6/8/1983,13.25
6/9/1983,13.7
6/10/1983,13.44
6/11/1983,12.14
6/12/1983,11.38
6/13/1983,11.18
6/14/1983,10.21
6/15/1983,11.15
6/16/1983,9.72
6/17/1983,10.42
6/18/1983,10.61
6/19/1983,8.74
6/20/1983,8.95
6/21/1983,8.72
6/22/1983,8.54
6/23/1983,8.78
6/24/1983,8.96
6/25/1983,8.23
6/26/1983,8.16
6/27/1983,8.18
6/28/1983,8.23
6/29/1983,7.82
6/30/1983,7.6
7/1/1983,8.22
7/2/1983,8.15
7/3/1983,7.51
7/4/1983,7.96
7/5/1983,7.3
7/6/1983,7.23
7/7/1983,7.22
7/8/1983,7.1
7/9/1983,6.48
7/10/1983,6.47
7/11/1983,5.94
7/12/1983,6.45
7/13/1983,6.37
7/14/1983,6.26
7/15/1983,6.51
7/16/1983,6.06
7/17/1983,6.51
7/18/1983,4.74
7/19/1983,6.23
7/20/1983,5.11
7/21/1983,5.47
7/22/1983,5.57
7/23/1983,5.35
7/24/1983,4.12
7/25/1983,5.9
7/26/1983,5.72
7/27/1983,4.96
7/28/1983,5.45
7/29/1983,4.37
7/30/1983,5.86
7/31/1983,4.89
8/1/1983,5.27
8/2/1983,5.13
8/3/1983,5.02
8/4/1983,4.94
8/5/1983,4.46
8/6/1983,5.38
8/7/1983,4.78
8/8/1983,4.95
8/9/1983,4.83
8/10/1983,5.28
8/11/1983,4.74
8/12/1983,4.87
8/13/1983,4.61
8/14/1983,4.44
8/15/1983,4.65
8/16/1983,4.74
8/17/1983,4.51
8/18/1983,4.42
8/19/1983,5.28
8/20/1983,4.67
8/21/1983,4.82
8/22/1983,4.78
8/23/1983,5.31
8/24/1983,4.4
8/25/1983,4.92
8/26/1983,4.42
8/27/1983,4.56
8/28/1983,4.74
8/29/1983,4.81
8/30/1983,4.43
8/31/1983,5.42
9/1/1983,4.76
9/2/1983,4.66
9/3/1983,4.77
9/4/1983,4.84
9/5/1983,4.96
9/6/1983,4.51
9/7/1983,3.95
9/8/1983,4.5
9/9/1983,4.33
9/10/1983,4.39
9/11/1983,4.59
9/12/1983,4.2
9/13/1983,4.64
9/14/1983,4.47
9/15/1983,4.22
9/16/1983,4.65
9/17/1983,4.7
9/18/1983,4.36
9/19/1983,4.14
9/20/1983,4.08
9/21/1983,4.61
9/22/1983,5.47
9/23/1983,5.44
9/24/1983,4.69
9/25/1983,4.5
9/26/1983,4.56
9/27/1983,4.97
9/28/1983,4.53
9/29/1983,4.82
9/30/1983,5.04
10/1/1983,4.59
10/2/1983,4.67
10/3/1983,4.93
10/4/1983,4.7
10/5/1983,4.39
10/6/1983,4.64
10/7/1983,4.59
10/8/1983,4.44
10/9/1983,4.8
10/10/1983,4.4
10/11/1983,4.39
10/12/1983,4.87
10/13/1983,4.51
10/14/1983,4.74
10/15/1983,4.28
10/16/1983,4.72
10/17/1983,4.95
10/18/1983,4.54
10/19/1983,4.18
10/20/1983,4.79
10/21/1983,4.29
10/22/1983,4.46
10/23/1983,5.48
10/24/1983,3.4
10/25/1983,5.23
10/26/1983,4.45
10/27/1983,4.51
10/28/1983,5.03
10/29/1983,5.01
10/30/1983,7.27
10/31/1983,7.16
11/1/1983,11.34
11/2/1983,6.47
11/3/1983,6.06
11/4/1983,6.06
11/5/1983,5.75
11/6/1983,6.57
11/7/1983,5.5
11/8/1983,5.64
11/9/1983,7.36
11/10/1983,27.01
11/11/1983,16.78
11/12/1983,16.69
11/13/1983,16.12
11/14/1983,12.11
11/15/1983,10.73
11/16/1983,12.48
11/17/1983,22.99
11/18/1983,13.98
11/19/1983,14.39
11/20/1983,12.59
11/21/1983,11.73
11/22/1983,9.55
11/23/1983,9.48
11/24/1983,12.93
11/25/1983,10.78
11/26/1983,9.59
11/27/1983,8.47
11/28/1983,8.37
11/29/1983,7.42
11/30/1983,7.44
12/1/1983,7.22
12/2/1983,6.53
12/3/1983,14.28
12/4/1983,12.05
12/5/1983,10.73
12/6/1983,18.24
12/7/1983,28.43
12/8/1983,22.4
12/9/1983,49.71
12/10/1983,53.07
12/11/1983,66.16
12/12/1983,42.1
12/13/1983,29.23
12/14/1983,23.36
12/15/1983,19.52
12/16/1983,18.53
12/17/1983,17.73
12/18/1983,16.96
12/19/1983,16.38
12/20/1983,14.98
12/21/1983,14.04
12/22/1983,11.97
12/23/1983,12.94
12/24/1983,14.25
12/25/1983,30.7
12/26/1983,36.2
12/27/1983,28.07
12/28/1983,25.5
12/29/1983,20.95
12/30/1983,25.08
12/31/1983,23.77
1/1/1984,20.83
1/2/1984,19.14
1/3/1984,17.89
1/4/1984,16.55
1/5/1984,15.59
1/6/1984,16.32
1/7/1984,14.7
1/8/1984,13.76
1/9/1984,12.76
1/10/1984,12.41
1/11/1984,11.84
1/12/1984,11.38
1/13/1984,10.36
1/14/1984,10.03
1/15/1984,9.96
1/16/1984,9.74
1/17/1984,9.12
1/18/1984,8.54
1/19/1984,9.79
1/20/1984,8.62
1/21/1984,8.07
1/22/1984,8.48
1/23/1984,7.59
1/24/1984,8.24
1/25/1984,8.13
1/26/1984,7.74
1/27/1984,7.42
1/28/1984,7.59
1/29/1984,7.78
1/30/1984,6.88
1/31/1984,7.29
2/1/1984,6.21
2/2/1984,7.59
2/3/1984,7.06
2/4/1984,7.47
2/5/1984,6.62
2/6/1984,7.38
2/7/1984,7.15
2/8/1984,6.96
2/9/1984,10.18
2/10/1984,7.81
2/11/1984,8.3
2/12/1984,8.69
2/13/1984,17.19
2/14/1984,14.19
2/15/1984,14.95
2/16/1984,14.4
2/17/1984,12.58
2/18/1984,12.43
2/19/1984,11.86
2/20/1984,10.9
2/21/1984,11.42
2/22/1984,10.91
2/23/1984,11.1
2/24/1984,10.82
2/25/1984,10.04
2/26/1984,9.79
2/27/1984,8.87
2/28/1984,9.32
2/29/1984,9.51
3/1/1984,9.36
3/2/1984,8.6
3/3/1984,8.63
3/4/1984,8.52
3/5/1984,8.27
3/6/1984,8.59
3/7/1984,8.32
3/8/1984,8.27
3/9/1984,8.27
3/10/1984,8.3
3/11/1984,8.38
3/12/1984,7.79
3/13/1984,20.36
3/14/1984,31.98
3/15/1984,35.43
3/16/1984,26.95
3/17/1984,21.33
3/18/1984,19.2
3/19/1984,16.84
3/20/1984,15.66
3/21/1984,14.36
3/22/1984,13.67
3/23/1984,13.23
3/24/1984,12.14
3/25/1984,12.23
3/26/1984,13.17
3/27/1984,11.35
3/28/1984,10.82
3/29/1984,10.93
3/30/1984,10.47
3/31/1984,10.55
4/1/1984,9.97
4/2/1984,9.84
4/3/1984,9.76
4/4/1984,9.58
4/5/1984,9.33
4/6/1984,9.14
4/7/1984,9.13
4/8/1984,10.78
4/9/1984,9.54
4/10/1984,11.32
4/11/1984,10.15
4/12/1984,9.83
4/13/1984,9.46
4/14/1984,9.17
4/15/1984,9.72
4/16/1984,9.88
4/17/1984,9.71
4/18/1984,12
4/19/1984,11.31
4/20/1984,9.9
4/21/1984,9.72
4/22/1984,9.39
4/23/1984,9.73
4/24/1984,9.14
4/25/1984,9.09
4/26/1984,8.7
4/27/1984,8.66
4/28/1984,8.71
4/29/1984,7.28
4/30/1984,8.07
5/1/1984,9.59
5/2/1984,9.21
5/3/1984,8.95
5/4/1984,9.65
5/5/1984,9.36
5/6/1984,8.77
5/7/1984,8.63
5/8/1984,8.68
5/9/1984,8.52
5/10/1984,9.3
5/11/1984,9.61
5/12/1984,8.78
5/13/1984,8.52
5/14/1984,8.59
5/15/1984,8.42
5/16/1984,7.9
5/17/1984,7.91
5/18/1984,7.6
5/19/1984,7.26
5/20/1984,7.95
5/21/1984,8
5/22/1984,7.49
5/23/1984,7.55
5/24/1984,7.23
5/25/1984,5.52
5/26/1984,8.21
5/27/1984,7.15
5/28/1984,6.89
5/29/1984,6.74
5/30/1984,6.26
5/31/1984,7.15
6/1/1984,5.75
6/2/1984,7.03
6/3/1984,6.23
6/4/1984,6.35
6/5/1984,6.77
6/6/1984,9.2
6/7/1984,7.43
6/8/1984,6.75
6/9/1984,6.76
6/10/1984,6.6
6/11/1984,6.64
6/12/1984,6.26
6/13/1984,6.47
6/14/1984,6.21
6/15/1984,6.36
6/16/1984,4.97
6/17/1984,6.09
6/18/1984,5.37
6/19/1984,5.29
6/20/1984,5.61
6/21/1984,5.24
6/22/1984,5.53
6/23/1984,5.15
6/24/1984,4.96
6/25/1984,5.12
6/26/1984,4.99
6/27/1984,5.26
6/28/1984,4.02
6/29/1984,5.38
6/30/1984,4.42
7/1/1984,4.59
7/2/1984,4.16
7/3/1984,4.72
7/4/1984,4.71
7/5/1984,4.41
7/6/1984,4.849
7/7/1984,4.371
7/8/1984,4.076
7/9/1984,4.51
7/10/1984,4.36
7/11/1984,3.31
7/12/1984,4.12
7/13/1984,4.21
7/14/1984,4.47
7/15/1984,4.18
7/16/1984,3.85
7/17/1984,4.36
7/18/1984,3.9
7/19/1984,4
7/20/1984,4.85
7/21/1984,3.57
7/22/1984,5.42
7/23/1984,4.54
7/24/1984,4.18
7/25/1984,3.7
7/26/1984,3.78
7/27/1984,4.23
7/28/1984,4.07
7/29/1984,3.92
7/30/1984,4.31
7/31/1984,4.26
8/1/1984,4.27
8/2/1984,3.8
8/3/1984,4.76
8/4/1984,3.58
8/5/1984,3.94
8/6/1984,3.99
8/7/1984,3.81
8/8/1984,4.18
8/9/1984,4.48
8/10/1984,3.52
8/11/1984,3.18
8/12/1984,4.45
8/13/1984,4.96
8/14/1984,3.63
8/15/1984,3.73
8/16/1984,4.02
8/17/1984,4.19
8/18/1984,2.78
8/19/1984,3.64
8/20/1984,4.13
8/21/1984,3.73
8/22/1984,3.49
8/23/1984,4.67
8/24/1984,3.36
8/25/1984,4.11
8/26/1984,3.76
8/27/1984,4.07
8/28/1984,3.65
8/29/1984,3.95
8/30/1984,4.64
8/31/1984,4.21
9/1/1984,4.07
9/2/1984,4.29
9/3/1984,4
9/4/1984,3.95
9/5/1984,3.71
9/6/1984,3.07
9/7/1984,4.95
9/8/1984,4.04
9/9/1984,3.99
9/10/1984,3.87
9/11/1984,3.99
9/12/1984,3.69
9/13/1984,3.93
9/14/1984,4.17
9/15/1984,3.44
9/16/1984,4.28
9/17/1984,3.59
9/18/1984,4.27
9/19/1984,3.87
9/20/1984,4.84
9/21/1984,3.1
9/22/1984,4.17
9/23/1984,3.74
9/24/1984,4.45
9/25/1984,3.79
9/26/1984,4.29
9/27/1984,3.97
9/28/1984,3.59
9/29/1984,4.35
9/30/1984,4.28
10/1/1984,3.7
10/2/1984,4.35
10/3/1984,4.16
10/4/1984,3.35
10/5/1984,4.98
10/6/1984,3.84
10/7/1984,4.51
10/8/1984,5.07
10/9/1984,3.09
10/10/1984,4.93
10/11/1984,4.73
10/12/1984,4.1
10/13/1984,4.17
10/14/1984,4
10/15/1984,4.11
10/16/1984,5.33
10/17/1984,4.34
10/18/1984,4.38
10/19/1984,4.36
10/20/1984,4.4
10/21/1984,3.78
10/22/1984,4.02
10/23/1984,4.03
10/24/1984,4.55
10/25/1984,4.19
10/26/1984,4.24
10/27/1984,4.31
10/28/1984,5.29
10/29/1984,4.75
10/30/1984,4.25
10/31/1984,4.15
11/1/1984,4.2
11/2/1984,8.95
11/3/1984,5.12
11/4/1984,4.85
11/5/1984,5.05
11/6/1984,5.71
11/7/1984,6.94
11/8/1984,7.26
11/9/1984,6.35
11/10/1984,9.86
11/11/1984,15.33
11/12/1984,23.98
11/13/1984,23.47
11/14/1984,12.58
11/15/1984,9.34
11/16/1984,9.78
11/17/1984,9.18
11/18/1984,9.4
11/19/1984,8.29
11/20/1984,8.25
11/21/1984,8.62
11/22/1984,7.51
11/23/1984,8.6
11/24/1984,12.39
11/25/1984,7.56
11/26/1984,6.5
11/27/1984,13.42
11/28/1984,14.93
11/29/1984,11.25
11/30/1984,10.1
12/1/1984,9.24
12/2/1984,8.13
12/3/1984,10.31
12/4/1984,5.63
12/5/1984,8.14
12/6/1984,7.74
12/7/1984,6.24
12/8/1984,6.52
12/9/1984,7.16
12/10/1984,9.79
12/11/1984,10.25
12/12/1984,9.43
12/13/1984,8.69
12/14/1984,7.63
12/15/1984,8.24
12/16/1984,7.6
12/17/1984,5.93
12/18/1984,7.33
12/19/1984,6.7
12/20/1984,5.83
12/21/1984,6.08
12/22/1984,5.91
12/23/1984,5.81
12/24/1984,5.85
12/25/1984,6.13
12/26/1984,6.07
12/27/1984,5.31
12/28/1984,6.03
12/29/1984,6.03
12/30/1984,6.07
12/31/1984,5.46
1/1/1985,4.83
1/2/1985,4.96
1/3/1985,5.23
1/4/1985,5.17
1/5/1985,4.72
1/6/1985,5.39
1/7/1985,6.09
1/8/1985,5.34
1/9/1985,5.71
1/10/1985,5.48
1/11/1985,5.33
1/12/1985,5.1
1/13/1985,5.18
1/14/1985,4.95
1/15/1985,4.93
1/16/1985,5.37
1/17/1985,5.24
1/18/1985,5.29
1/19/1985,4.91
1/20/1985,5.36
1/21/1985,5.17
1/22/1985,4.89
1/23/1985,5.08
1/24/1985,4.96
1/25/1985,5.19
1/26/1985,5.2
1/27/1985,5.21
1/28/1985,4.85
1/29/1985,4.86
1/30/1985,5.01
1/31/1985,4.79
2/1/1985,4.04
2/2/1985,5.06
2/3/1985,4.27
2/4/1985,3.7
2/5/1985,5.59
2/6/1985,4.41
2/7/1985,9.52
2/8/1985,14.32
2/9/1985,7.76
2/10/1985,6.96
2/11/1985,6.8
2/12/1985,6.25
2/13/1985,5.97
2/14/1985,6.39
2/15/1985,6.06
2/16/1985,6.64
2/17/1985,6.63
2/18/1985,6.34
2/19/1985,5.84
2/20/1985,5.84
2/21/1985,6.22
2/22/1985,6.08
2/23/1985,5.86
2/24/1985,5.71
2/25/1985,6.45
2/26/1985,6.05
2/27/1985,6.5
2/28/1985,4.66
3/1/1985,6.15
3/2/1985,5.66
3/3/1985,5.38
3/4/1985,5.77
3/5/1985,5.98
3/6/1985,6.95
3/7/1985,6.63
3/8/1985,5.62
3/9/1985,5.84
3/10/1985,6.45
3/11/1985,5.76
3/12/1985,6.6
3/13/1985,5.89
3/14/1985,6.18
3/15/1985,6.37
3/16/1985,6.14
3/17/1985,6.63
3/18/1985,6.76
3/19/1985,6.98
3/20/1985,9.95
3/21/1985,10.24
3/22/1985,6.33
3/23/1985,6.55
3/24/1985,7.65
3/25/1985,6.76
3/26/1985,9.42
3/27/1985,7.8
3/28/1985,7.15
3/29/1985,7.3
3/30/1985,7.69
3/31/1985,8.54
4/1/1985,9.02
4/2/1985,9.55
4/3/1985,9.51
4/4/1985,8.61
4/5/1985,9.54
4/6/1985,9.05
4/7/1985,9.31
4/8/1985,9.16
4/9/1985,9.09
4/10/1985,8.64
4/11/1985,8.45
4/12/1985,8.34
4/13/1985,7.58
4/14/1985,8.41
4/15/1985,8.62
4/16/1985,8.05
4/17/1985,7.66
4/18/1985,7.45
4/19/1985,6.76
4/20/1985,6.72
4/21/1985,6.93
4/22/1985,6.75
4/23/1985,5.89
4/24/1985,6.02
4/25/1985,5.23
4/26/1985,5.68
4/27/1985,5.5
4/28/1985,3.85
4/29/1985,3.6
4/30/1985,2.64
5/1/1985,5.55
5/2/1985,5.01
5/3/1985,5.89
5/4/1985,5.94
5/5/1985,6.19
5/6/1985,5.65
5/7/1985,4.94
5/8/1985,3.43
5/9/1985,3.65
5/10/1985,3.57
5/11/1985,4.49
5/12/1985,3.93
5/13/1985,5.89
5/14/1985,5.53
5/15/1985,4.9
5/16/1985,4.41
5/17/1985,3.08
5/18/1985,6.17
5/19/1985,6.5
5/20/1985,2.19
5/21/1985,5.06
5/22/1985,3.73
5/23/1985,4.47
5/24/1985,4.07
5/25/1985,4.34
5/26/1985,4.31
5/27/1985,3.96
5/28/1985,4.95
5/29/1985,3.81
5/30/1985,5.04
5/31/1985,4.82
6/1/1985,4.13
6/2/1985,6.54
6/3/1985,4.16
6/4/1985,4.28
6/5/1985,4.48
6/6/1985,4.48
6/7/1985,4.47
6/8/1985,4.07
6/9/1985,4.17
6/10/1985,3.94
6/11/1985,3.9
6/12/1985,3.92
6/13/1985,5.02
6/14/1985,2.01
6/15/1985,3.86
6/16/1985,3.4
6/17/1985,3.98
6/18/1985,3.71
6/19/1985,3.89
6/20/1985,4.01
6/21/1985,3.23
6/22/1985,3.99
6/23/1985,3.8
6/24/1985,3.17
6/25/1985,2.63
6/26/1985,4.65
6/27/1985,3.21
6/28/1985,3.36
6/29/1985,3.72
6/30/1985,3.23
7/1/1985,3.28
7/2/1985,3.83
7/3/1985,3.17
7/4/1985,3.63
7/5/1985,3.77
7/6/1985,3.02
7/7/1985,3.76
7/8/1985,3.17
7/9/1985,3.4
7/10/1985,3.19
7/11/1985,3.51
7/12/1985,3.57
7/13/1985,3.28
7/14/1985,3.16
7/15/1985,3.12
7/16/1985,3.17
7/17/1985,3.58
7/18/1985,3.02
7/19/1985,3.27
7/20/1985,3.79
7/21/1985,3.32
7/22/1985,3.1
7/23/1985,3.04
7/24/1985,3.68
7/25/1985,3.2
7/26/1985,3.48
7/27/1985,2.5
7/28/1985,4.22
7/29/1985,3.33
7/30/1985,2.9
7/31/1985,4.18
8/1/1985,2.54
8/2/1985,3.57
8/3/1985,3.99
8/4/1985,3.24
8/5/1985,3.07
8/6/1985,3.12
8/7/1985,3.09
8/8/1985,3.4
8/9/1985,3.11
8/10/1985,3.17
8/11/1985,3.29
8/12/1985,3.47
8/13/1985,3.09
8/14/1985,3.24
8/15/1985,3.69
8/16/1985,3.41
8/17/1985,3.12
8/18/1985,3.11
8/19/1985,3.3
8/20/1985,3.49
8/21/1985,3.35
8/22/1985,3.4
8/23/1985,3.4
8/24/1985,3.05
8/25/1985,3.29
8/26/1985,3.06
8/27/1985,3.48
8/28/1985,3.38
8/29/1985,2.89
8/30/1985,2.9
8/31/1985,3.5
9/1/1985,2.89
9/2/1985,3.46
9/3/1985,3.2
9/4/1985,2.5
9/5/1985,3.3
9/6/1985,4.18
9/7/1985,6.32
9/8/1985,6.63
9/9/1985,5.62
9/10/1985,3.68
9/11/1985,3.54
9/12/1985,3.32
9/13/1985,3.49
9/14/1985,4.51
9/15/1985,3.99
9/16/1985,4.04
9/17/1985,4.44
9/18/1985,3.17
9/19/1985,3.81
9/20/1985,3.41
9/21/1985,3.7
9/22/1985,3.57
9/23/1985,3.36
9/24/1985,3.32
9/25/1985,3.95
9/26/1985,3.91
9/27/1985,3.72
9/28/1985,3.54
9/29/1985,3.63
9/30/1985,3.45
10/1/1985,3.72
10/2/1985,3.5
10/3/1985,3.45
10/4/1985,3.537
10/5/1985,3.443
10/6/1985,3.704
10/7/1985,3.61
10/8/1985,3.7
10/9/1985,3.49
10/10/1985,3.39
10/11/1985,3.96
10/12/1985,3.31
10/13/1985,3.35
10/14/1985,3.66
10/15/1985,3.28
10/16/1985,3.62
10/17/1985,3.3
10/18/1985,3.93
10/19/1985,3.73
10/20/1985,4.01
10/21/1985,4.91
10/22/1985,6.11
10/23/1985,5.41
10/24/1985,4.59
10/25/1985,3.78
10/26/1985,3.74
10/27/1985,4.25
10/28/1985,3.46
10/29/1985,3.71
10/30/1985,3.5
10/31/1985,3.73
11/1/1985,3.79
11/2/1985,4.21
11/3/1985,4.19
11/4/1985,3.34
11/5/1985,3.2
11/6/1985,4.12
11/7/1985,3.33
11/8/1985,3.78
11/9/1985,4.38
11/10/1985,3.28
11/11/1985,4.25
11/12/1985,3.4
11/13/1985,3.67
11/14/1985,4.08
11/15/1985,3.32
11/16/1985,4.93
11/17/1985,3.89
11/18/1985,2.89
11/19/1985,3.63
11/20/1985,3.86
11/21/1985,3.48
11/22/1985,3.59
11/23/1985,4.4
11/24/1985,4.88
11/25/1985,4.05
11/26/1985,3.56
11/27/1985,4.92
11/28/1985,6.25
11/29/1985,9.28
11/30/1985,5.38
12/1/1985,6.47
12/2/1985,22.24
12/3/1985,16.25
12/4/1985,8.38
12/5/1985,8.9
12/6/1985,8.1
12/7/1985,8.61
12/8/1985,8.14
12/9/1985,6.52
12/10/1985,5.83
12/11/1985,5.11
12/12/1985,4.83
12/13/1985,4.49
12/14/1985,4.62
12/15/1985,4.79
12/16/1985,4.03
12/17/1985,4.33
12/18/1985,4.32
12/19/1985,4.49
12/20/1985,4.2
12/21/1985,4.33
12/22/1985,4.32
12/23/1985,4.04
12/24/1985,4.2
12/25/1985,3.8
12/26/1985,4.25
12/27/1985,4.08
12/28/1985,3.98
12/29/1985,4.11
12/30/1985,4.54
12/31/1985,4.36
1/1/1986,4.78
1/2/1986,5.28
1/3/1986,6.35
1/4/1986,6.49
1/5/1986,11.27
1/6/1986,10.36
1/7/1986,8.12
1/8/1986,5.22
1/9/1986,7.87
1/10/1986,7.18
1/11/1986,5.63
1/12/1986,5.44
1/13/1986,4.86
1/14/1986,5.36
1/15/1986,11.04
1/16/1986,39.11
1/17/1986,30.28
1/18/1986,18.86
1/19/1986,15.44
1/20/1986,13.53
1/21/1986,11.05
1/22/1986,11.17
1/23/1986,10.3
1/24/1986,9.86
1/25/1986,8.19
1/26/1986,8.64
1/27/1986,7.51
1/28/1986,7.24
1/29/1986,15.52
1/30/1986,25.51
1/31/1986,36.49
2/1/1986,40.27
2/2/1986,45.53
2/3/1986,37.71
2/4/1986,27.31
2/5/1986,20.19
2/6/1986,16.66
2/7/1986,13.85
2/8/1986,11.63
2/9/1986,10.96
2/10/1986,9.8
2/11/1986,9.24
2/12/1986,13.77
2/13/1986,15.76
2/14/1986,59.86
2/15/1986,82.56
2/16/1986,80.78
2/17/1986,126.98
2/18/1986,111.57
2/19/1986,105.36
2/20/1986,85.41
2/21/1986,68.05
2/22/1986,53.93
2/23/1986,45.2
2/24/1986,37.3
2/25/1986,31.92
2/26/1986,27.11
2/27/1986,25.19
2/28/1986,23.11
3/1/1986,19.98
3/2/1986,17.68
3/3/1986,16.33
3/4/1986,15.6
3/5/1986,14.06
3/6/1986,14.11
3/7/1986,28.27
3/8/1986,41.57
3/9/1986,40.47
3/10/1986,51.3
3/11/1986,45.97
3/12/1986,42.22
3/13/1986,40.57
3/14/1986,33.3
3/15/1986,32.67
3/16/1986,28.15
3/17/1986,24.78
3/18/1986,21.66
3/19/1986,19.55
3/20/1986,17.88
3/21/1986,17.46
3/22/1986,16.16
3/23/1986,16.29
3/24/1986,16.03
3/25/1986,15.48
3/26/1986,14.72
3/27/1986,14.35
3/28/1986,13.42
3/29/1986,13.11
3/30/1986,12.92
3/31/1986,12.19
4/1/1986,12.53
4/2/1986,11.57
4/3/1986,10.96
4/4/1986,11.07
4/5/1986,8.68
4/6/1986,12.17
4/7/1986,10.94
4/8/1986,10.33
4/9/1986,10.11
4/10/1986,10.19
4/11/1986,10.36
4/12/1986,10.58
4/13/1986,9.76
4/14/1986,9.47
4/15/1986,9.49
4/16/1986,11.37
4/17/1986,9.97
4/18/1986,9.1
4/19/1986,9.35
4/20/1986,8.93
4/21/1986,8.38
4/22/1986,8.36
4/23/1986,8.3
4/24/1986,7.98
4/25/1986,7.95
4/26/1986,7.42
4/27/1986,7.17
4/28/1986,8.35
4/29/1986,7.17
4/30/1986,7.15
5/1/1986,7.11
5/2/1986,8.74
5/3/1986,12.02
5/4/1986,9.42
5/5/1986,9.22
5/6/1986,8.35
5/7/1986,8.59
5/8/1986,8.36
5/9/1986,8.35
5/10/1986,7.89
5/11/1986,7.98
5/12/1986,8.5
5/13/1986,7.85
5/14/1986,7.98
5/15/1986,7.98
5/16/1986,7.84
5/17/1986,7.79
5/18/1986,7.34
5/19/1986,7.7
5/20/1986,7.95
5/21/1986,7
5/22/1986,7.01
5/23/1986,6.29
5/24/1986,6.21
5/25/1986,6.36
5/26/1986,6.01
5/27/1986,6.58
5/28/1986,6.34
5/29/1986,5.31
5/30/1986,5.37
5/31/1986,7.01
6/1/1986,5.4
6/2/1986,6.05
6/3/1986,4.33
6/4/1986,6.4
6/5/1986,3.8
6/6/1986,6.07
6/7/1986,5.34
6/8/1986,4.65
6/9/1986,5.16
6/10/1986,5.07
6/11/1986,4.53
6/12/1986,3.28
6/13/1986,6.85
6/14/1986,5.45
6/15/1986,4.18
6/16/1986,4.61
6/17/1986,3.59
6/18/1986,4.61
6/19/1986,4.4
6/20/1986,4.6
6/21/1986,4.92
6/22/1986,4.26
6/23/1986,6.07
6/24/1986,4.4
6/25/1986,3.7
6/26/1986,4.7
6/27/1986,4.28
6/28/1986,4.66
6/29/1986,4.98
6/30/1986,4.44
7/1/1986,4.29
7/2/1986,4.63
7/3/1986,4.28
7/4/1986,4.3
7/5/1986,4.17
7/6/1986,4.38
7/7/1986,4.56
7/8/1986,3.95
7/9/1986,3.53
7/10/1986,5.3
7/11/1986,4.13
7/12/1986,3.93
7/13/1986,4.39
7/14/1986,4.15
7/15/1986,3.96
7/16/1986,3.97
7/17/1986,4.15
7/18/1986,3.5
7/19/1986,4.36
7/20/1986,4.12
7/21/1986,3.78
7/22/1986,4.52
7/23/1986,3.58
7/24/1986,3.7
7/25/1986,4.11
7/26/1986,3.62
7/27/1986,4.61
7/28/1986,3.61
7/29/1986,3.5
7/30/1986,3.91
7/31/1986,4.05
8/1/1986,3.86
8/2/1986,3.42
8/3/1986,3.98
8/4/1986,3.43
8/5/1986,3.83
8/6/1986,3.48
8/7/1986,3.48
8/8/1986,4.008
8/9/1986,3.496
8/10/1986,3.752
8/11/1986,3.449
8/12/1986,4.081
8/13/1986,3.473
8/14/1986,3.886
8/15/1986,2.916
8/16/1986,3.86
8/17/1986,3.778
8/18/1986,3.59
8/19/1986,3.886
8/20/1986,3.43
8/21/1986,3.39
8/22/1986,3.58
8/23/1986,3.64
8/24/1986,3.66
8/25/1986,3.415
8/26/1986,3.167
8/27/1986,3.85
8/28/1986,3.34
8/29/1986,3.73
8/30/1986,3.7
8/31/1986,4.05
9/1/1986,2.76
9/2/1986,3.53
9/3/1986,3.5
9/4/1986,3.6
9/5/1986,3.4
9/6/1986,3.29
9/7/1986,3.81
9/8/1986,3.33
9/9/1986,3.47
9/10/1986,3.32
9/11/1986,3.64
9/12/1986,3.48
9/13/1986,3.31
9/14/1986,4.23
9/15/1986,3.94
9/16/1986,4.05
9/17/1986,7.14
9/18/1986,5.5
9/19/1986,3.66
9/20/1986,5.74
9/21/1986,3.01
9/22/1986,5.69
9/23/1986,2.72
9/24/1986,5.04
9/25/1986,5.31
9/26/1986,6.329
9/27/1986,5.278
9/28/1986,4.813
9/29/1986,4.04
9/30/1986,2.34
10/1/1986,3.89
10/2/1986,3.89
10/3/1986,4.16
10/4/1986,4.71
10/5/1986,3.82
10/6/1986,4.2
10/7/1986,3.69
10/8/1986,4.77
10/9/1986,4.28
10/10/1986,2.67
10/11/1986,4.07
10/12/1986,4.24
10/13/1986,3.66
10/14/1986,3.59
10/15/1986,3.6
10/16/1986,4.18
10/17/1986,4.49
10/18/1986,4.4
10/19/1986,3.75
10/20/1986,2.83
10/21/1986,4.85
10/22/1986,3.57
10/23/1986,3.87
10/24/1986,3.82
10/25/1986,4.32
10/26/1986,4.37
10/27/1986,3.63
10/28/1986,3.94
10/29/1986,4.57
10/30/1986,4.26
10/31/1986,4.39
11/1/1986,4.625
11/2/1986,3.989
11/3/1986,3.9
11/4/1986,3.508
11/5/1986,4.15
11/6/1986,3.648
11/7/1986,3.723
11/8/1986,4.084
11/9/1986,3.616
11/10/1986,3.872
11/11/1986,3.747
11/12/1986,4.067
11/13/1986,4.893
11/14/1986,2.74
11/15/1986,3.689
11/16/1986,3.891
11/17/1986,3.957
11/18/1986,3.207
11/19/1986,4.409
11/20/1986,4.054
11/21/1986,4.34
11/22/1986,3.918
11/23/1986,5.066
11/24/1986,3.302
11/25/1986,4.008
11/26/1986,3.67
11/27/1986,4.231
11/28/1986,4.356
11/29/1986,3.17
11/30/1986,3.393
12/1/1986,4.078
12/2/1986,4.072
12/3/1986,4.031
12/4/1986,3.646
12/5/1986,5.065
12/6/1986,4.402
12/7/1986,3.961
12/8/1986,3.349
12/9/1986,4.138
12/10/1986,3.94
12/11/1986,3.713
12/12/1986,3.884
12/13/1986,4.067
12/14/1986,4.116
12/15/1986,3.771
12/16/1986,3.542
12/17/1986,3.765
12/18/1986,4.608
12/19/1986,5.143
12/20/1986,3.481
12/21/1986,5.182
12/22/1986,5.14
12/23/1986,4.16
12/24/1986,3.93
12/25/1986,4.355
12/26/1986,3.909
12/27/1986,4.297
12/28/1986,4.385
12/29/1986,3.665
12/30/1986,4.004
12/31/1986,4.572
1/1/1987,7.491
1/2/1987,5.392
1/3/1987,9.65
1/4/1987,8.168
1/5/1987,5.588
1/6/1987,5.614
1/7/1987,4.827
1/8/1987,4.541
1/9/1987,4.549
1/10/1987,4.235
1/11/1987,4.05
1/12/1987,4.471
1/13/1987,3.99
1/14/1987,3.957
1/15/1987,3.889
1/16/1987,3.87
1/17/1987,3.87
1/18/1987,4.022
1/19/1987,4.151
1/20/1987,3.572
1/21/1987,3.821
1/22/1987,4.126
1/23/1987,4.678
1/24/1987,6.122
1/25/1987,6.757
1/26/1987,5.747
1/27/1987,7.185
1/28/1987,8.238
1/29/1987,7.318
1/30/1987,8.777
1/31/1987,5.854
2/1/1987,5.555
2/2/1987,10.596
2/3/1987,15.637
2/4/1987,6.602
2/5/1987,5.694
2/6/1987,5.454
2/7/1987,5.507
2/8/1987,5.232
2/9/1987,5.606
2/10/1987,7.043
2/11/1987,7.853
2/12/1987,16.593
2/13/1987,33.109
2/14/1987,17.531
2/15/1987,16.616
2/16/1987,13.015
2/17/1987,10.662
2/18/1987,9.224
2/19/1987,7.948
2/20/1987,7.519
2/21/1987,6.771
2/22/1987,6.519
2/23/1987,5.949
2/24/1987,5.706
2/25/1987,4.498
2/26/1987,6.503
2/27/1987,5.644
2/28/1987,6.165
3/1/1987,4.607
3/2/1987,5.305
3/3/1987,9.795
3/4/1987,8.56
3/5/1987,33.142
3/6/1987,25.199
3/7/1987,15.561
3/8/1987,11.553
3/9/1987,10.609
3/10/1987,10.116
3/11/1987,13.804
3/12/1987,37.964
3/13/1987,39.673
3/14/1987,31.108
3/15/1987,27.234
3/16/1987,20.076
3/17/1987,15.395
3/18/1987,13.744
3/19/1987,11.897
3/20/1987,11.44
3/21/1987,11.216
3/22/1987,9.982
3/23/1987,11.188
3/24/1987,9.933
3/25/1987,9.08
3/26/1987,8.675
3/27/1987,8.002
3/28/1987,8.604
3/29/1987,7.945
3/30/1987,7.271
3/31/1987,7.559
4/1/1987,7.261
4/2/1987,7.627
4/3/1987,7.081
4/4/1987,7.008
4/5/1987,7.129
4/6/1987,7.045
4/7/1987,6.557
4/8/1987,7.127
4/9/1987,6.937
4/10/1987,7.152
4/11/1987,6.83
4/12/1987,6.939
4/13/1987,6.163
4/14/1987,6.283
4/15/1987,6.373
4/16/1987,7.12
4/17/1987,6.233
4/18/1987,7.046
4/19/1987,4.686
4/20/1987,6.562
4/21/1987,5.755
4/22/1987,5.904
4/23/1987,5.74
4/24/1987,6.026
4/25/1987,6.036
4/26/1987,5.142
4/27/1987,5.824
4/28/1987,6.304
4/29/1987,5.555
4/30/1987,8.562
5/1/1987,6.704
5/2/1987,6.249
5/3/1987,5.507
5/4/1987,5.66
5/5/1987,5.427
5/6/1987,5.474
5/7/1987,5.122
5/8/1987,5.715
5/9/1987,5.227
5/10/1987,5.158
5/11/1987,4.595
5/12/1987,4.535
5/13/1987,4.881
5/14/1987,4.433
5/15/1987,5.556
5/16/1987,4.363
5/17/1987,5.403
5/18/1987,4.076
5/19/1987,4.652
5/20/1987,4.322
5/21/1987,4.223
5/22/1987,4.374
5/23/1987,4.185
5/24/1987,3.695
5/25/1987,4.212
5/26/1987,4.203
5/27/1987,4.187
5/28/1987,3.935
5/29/1987,4.282
5/30/1987,4.071
5/31/1987,4.125
6/1/1987,3.721
6/2/1987,3.73
6/3/1987,3.719
6/4/1987,4.456
6/5/1987,3.919
6/6/1987,3.776
6/7/1987,3.909
6/8/1987,3.646
6/9/1987,4.074
6/10/1987,4.225
6/11/1987,3.475
6/12/1987,3.156
6/13/1987,3.967
6/14/1987,3.613
6/15/1987,3.494
6/16/1987,3.615
6/17/1987,3.917
6/18/1987,2.865
6/19/1987,3.45
6/20/1987,3.548
6/21/1987,2.961
6/22/1987,3.648
6/23/1987,3.275
6/24/1987,3.438
6/25/1987,3.499
6/26/1987,4.193
6/27/1987,2.935
6/28/1987,3.471
6/29/1987,3.298
6/30/1987,3.122
7/1/1987,3.344
7/2/1987,3.793
7/3/1987,2.69
7/4/1987,3.104
7/5/1987,3.049
7/6/1987,3.169
7/7/1987,3.51
7/8/1987,3.039
7/9/1987,3.021
7/10/1987,3.79
7/11/1987,3.35
7/12/1987,3.153
7/13/1987,3.172
7/14/1987,3.052
7/15/1987,3.503
7/16/1987,3.721
7/17/1987,3.224
7/18/1987,2.689
7/19/1987,3.67
7/20/1987,3.096
7/21/1987,2.664
7/22/1987,4.82
7/23/1987,2.797
7/24/1987,2.519
7/25/1987,3.006
7/26/1987,3.079
7/27/1987,3.298
7/28/1987,3.162
7/29/1987,3.291
7/30/1987,3.227
7/31/1987,3.788
8/1/1987,3.335
8/2/1987,3.459
8/3/1987,2.591
8/4/1987,2.931
8/5/1987,3.116
8/6/1987,3.285
8/7/1987,2.883
8/8/1987,3.037
8/9/1987,3.177
8/10/1987,3.055
8/11/1987,2.9
8/12/1987,3.049
8/13/1987,2.864
8/14/1987,2.929
8/15/1987,3.199
8/16/1987,2.609
8/17/1987,2.995
8/18/1987,2.661
8/19/1987,2.646
8/20/1987,2.957
8/21/1987,2.782
8/22/1987,2.852
8/23/1987,2.923
8/24/1987,2.74
8/25/1987,3.443
8/26/1987,2.12
8/27/1987,2.765
8/28/1987,3.268
8/29/1987,2.781
8/30/1987,1.358
8/31/1987,3.97
9/1/1987,3.576
9/2/1987,2.981
9/3/1987,2.992
9/4/1987,3.21
9/5/1987,2.926
9/6/1987,2.8
9/7/1987,3.233
9/8/1987,2.11
9/9/1987,3.358
9/10/1987,3.525
9/11/1987,3.058
9/12/1987,3.202
9/13/1987,4.275
9/14/1987,2.698
9/15/1987,3.436
9/16/1987,3.137
9/17/1987,3.449
9/18/1987,3.344
9/19/1987,3.766
9/20/1987,3.103
9/21/1987,2.607
9/22/1987,3.657
9/23/1987,3.243
9/24/1987,3.364
9/25/1987,2.573
9/26/1987,3.802
9/27/1987,3.263
9/28/1987,3.039
9/29/1987,2.941
9/30/1987,3.449
10/1/1987,4.03
10/2/1987,2.421
10/3/1987,3.535
10/4/1987,3.213
10/5/1987,3.062
10/6/1987,3.852
10/7/1987,2.457
10/8/1987,3.124
10/9/1987,3.21
10/10/1987,2.348
10/11/1987,4.684
10/12/1987,2.654
10/13/1987,3.284
10/14/1987,4.571
10/15/1987,3.808
10/16/1987,2.622
10/17/1987,3.813
10/18/1987,3.203
10/19/1987,3.075
10/20/1987,4.27
10/21/1987,2.675
10/22/1987,3.038
10/23/1987,3.839
10/24/1987,3.509
10/25/1987,2.658
10/26/1987,3.903
10/27/1987,3.438
10/28/1987,3.725
10/29/1987,3.626
10/30/1987,3.303
10/31/1987,3.878
11/1/1987,3.334
11/2/1987,4.118
11/3/1987,3.464
11/4/1987,3.583
11/5/1987,3.509
11/6/1987,3.409
11/7/1987,3.301
11/8/1987,3.31
11/9/1987,4.506
11/10/1987,4.065
11/11/1987,3.406
11/12/1987,3.431
11/13/1987,4.889
11/14/1987,3.444
11/15/1987,3.527
11/16/1987,3.484
11/17/1987,3.91
11/18/1987,3.624
11/19/1987,3.721
11/20/1987,3.814
11/21/1987,3.819
11/22/1987,3.686
11/23/1987,3.157
11/24/1987,3.525
11/25/1987,3.925
11/26/1987,2.694
11/27/1987,3.486
11/28/1987,3.249
11/29/1987,3.497
11/30/1987,5.969
12/1/1987,13.221
12/2/1987,23.675
12/3/1987,14.901
12/4/1987,14.944
12/5/1987,17.972
12/6/1987,32.897
12/7/1987,16.081
12/8/1987,16.32
12/9/1987,21.997
12/10/1987,30.045
12/11/1987,17.67
12/12/1987,11.686
12/13/1987,9.604
12/14/1987,8.415
12/15/1987,7.554
12/16/1987,7.14
12/17/1987,6.336
12/18/1987,5.696
12/19/1987,5.567
12/20/1987,5.299
12/21/1987,5.104
12/22/1987,6.092
12/23/1987,5.236
12/24/1987,4.817
12/25/1987,4.641
12/26/1987,4.656
12/27/1987,4.919
12/28/1987,5.985
12/29/1987,5.196
12/30/1987,5.066
12/31/1987,5.05
1/1/1988,4.016
1/2/1988,5.057
1/3/1988,7.291
1/4/1988,11.414
1/5/1988,8.916
1/6/1988,7.528
1/7/1988,7.919
1/8/1988,8.658
1/9/1988,11.853
1/10/1988,17.051
1/11/1988,21.832
1/12/1988,13.268
1/13/1988,10.398
1/14/1988,10.848
1/15/1988,13.108
1/16/1988,17.806
1/17/1988,14.121
1/18/1988,9.938
1/19/1988,8.855
1/20/1988,8.043
1/21/1988,8.136
1/22/1988,6.897
1/23/1988,5.298
1/24/1988,7.719
1/25/1988,6.857
1/26/1988,6.558
1/27/1988,6.205
1/28/1988,6.787
1/29/1988,11.22
1/30/1988,9.057
1/31/1988,9.402
2/1/1988,8.05
2/2/1988,7.38
2/3/1988,8.414
2/4/1988,5.638
2/5/1988,6.543
2/6/1988,7.406
2/7/1988,5.287
2/8/1988,6.248
2/9/1988,6.178
2/10/1988,6.307
2/11/1988,6.472
2/12/1988,7.074
2/13/1988,7.203
2/14/1988,7.141
2/15/1988,7.027
2/16/1988,7.002
2/17/1988,6.335
2/18/1988,6.2
2/19/1988,5.91
2/20/1988,5.596
2/21/1988,5.99
2/22/1988,5.857
2/23/1988,6.148
2/24/1988,5.962
2/25/1988,6.21
2/26/1988,6.183
2/27/1988,6.976
2/28/1988,4.966
2/29/1988,8.035
3/1/1988,8.97
3/2/1988,8.051
3/3/1988,7.252
3/4/1988,5.872
3/5/1988,6.211
3/6/1988,7.675
3/7/1988,6.137
3/8/1988,6.521
3/9/1988,6.014
3/10/1988,6.189
3/11/1988,5.766
3/12/1988,6.287
3/13/1988,6.487
3/14/1988,5.067
3/15/1988,5.243
3/16/1988,5.363
3/17/1988,5.054
3/18/1988,5.326
3/19/1988,5.245
3/20/1988,4.748
3/21/1988,5.506
3/22/1988,5.174
3/23/1988,5.187
3/24/1988,5.414
3/25/1988,5.727
3/26/1988,4.237
3/27/1988,5.007
3/28/1988,5.203
3/29/1988,4.792
3/30/1988,4.431
3/31/1988,4.729
4/1/1988,4.597
4/2/1988,4.787
4/3/1988,4.058
4/4/1988,4.252
4/5/1988,5.406
4/6/1988,2.896
4/7/1988,4.475
4/8/1988,4.166
4/9/1988,4.715
4/10/1988,4.385
4/11/1988,4.797
4/12/1988,3.408
4/13/1988,5.446
4/14/1988,4.596
4/15/1988,5.203
4/16/1988,4.938
4/17/1988,4.461
4/18/1988,5.405
4/19/1988,10.808
4/20/1988,7.909
4/21/1988,7.03
4/22/1988,8.869
4/23/1988,7.74
4/24/1988,6.944
4/25/1988,6.749
4/26/1988,8.111
4/27/1988,6.866
4/28/1988,6.522
4/29/1988,6.953
4/30/1988,6.868
5/1/1988,7.048
5/2/1988,5.955
5/3/1988,5.801
5/4/1988,5.471
5/5/1988,6.182
5/6/1988,6.061
5/7/1988,8.187
5/8/1988,8.75
5/9/1988,6.965
5/10/1988,6.9
5/11/1988,6.496
5/12/1988,5.843
5/13/1988,6.751
5/14/1988,6.198
5/15/1988,6.017
5/16/1988,7.845
5/17/1988,5.536
5/18/1988,6.091
5/19/1988,4.841
5/20/1988,5.802
5/21/1988,5.264
5/22/1988,5.182
5/23/1988,5.077
5/24/1988,4.659
5/25/1988,4.979
5/26/1988,4.429
5/27/1988,4.813
5/28/1988,6.692
5/29/1988,5.342
5/30/1988,4.871
5/31/1988,4.733
6/1/1988,5.178
6/2/1988,3.944
6/3/1988,5.139
6/4/1988,5.156
6/5/1988,4.773
6/6/1988,4.53
6/7/1988,6.218
6/8/1988,4.848
6/9/1988,5.272
6/10/1988,4.518
6/11/1988,4.652
6/12/1988,4.503
6/13/1988,4.307
6/14/1988,4.447
6/15/1988,4.449
6/16/1988,4.167
6/17/1988,4.355
6/18/1988,4.262
6/19/1988,4.321
6/20/1988,3.686
6/21/1988,3.599
6/22/1988,4.148
6/23/1988,4.098
6/24/1988,3.534
6/25/1988,3.967
6/26/1988,3.877
6/27/1988,1.465
6/28/1988,3.393
6/29/1988,3.348
6/30/1988,3.622
7/1/1988,2.512
7/2/1988,3.873
7/3/1988,3.263
7/4/1988,2.428
7/5/1988,2.754
7/6/1988,3.192
7/7/1988,2.246
7/8/1988,3.629
7/9/1988,3.218
7/10/1988,3.278
7/11/1988,3.394
7/12/1988,3.163
7/13/1988,2.223
7/14/1988,1.991
7/15/1988,2.974
7/16/1988,2.742
7/17/1988,2.026
7/18/1988,3.719
7/19/1988,2.92
7/20/1988,2.691
7/21/1988,2.928
7/22/1988,3.074
7/23/1988,1.865
7/24/1988,2.597
7/25/1988,2.387
7/26/1988,3.144
7/27/1988,2.583
7/28/1988,2.731
7/29/1988,2.903
7/30/1988,3.096
7/31/1988,2.365
8/1/1988,1.865
8/2/1988,2.588
8/3/1988,1.812
8/4/1988,2.273
8/5/1988,2.874
8/6/1988,2.494
8/7/1988,2.312
8/8/1988,3.102
8/9/1988,3.213
8/10/1988,3.207
8/11/1988,2.533
8/12/1988,2.608
8/13/1988,1.925
8/14/1988,2.456
8/15/1988,2.237
8/16/1988,2.146
8/17/1988,2.668
8/18/1988,3.185
8/19/1988,3.065
8/20/1988,3.368
8/21/1988,3.06
8/22/1988,2.892
8/23/1988,3.408
8/24/1988,3.261
8/25/1988,2.949
8/26/1988,2.902
8/27/1988,3.411
8/28/1988,3.296
8/29/1988,2.974
8/30/1988,2.388
8/31/1988,3.19
9/1/1988,2.889
9/2/1988,3.06
9/3/1988,3.763
9/4/1988,3.039
9/5/1988,3.106
9/6/1988,2.3
9/7/1988,2.885
9/8/1988,3.076
9/9/1988,2.243
9/10/1988,3.601
9/11/1988,3.372
9/12/1988,3.314
9/13/1988,3.156
9/14/1988,3.603
9/15/1988,2.538
9/16/1988,2.939
9/17/1988,3.37
9/18/1988,2.958
9/19/1988,2.767
9/20/1988,3.472
9/21/1988,3.2
9/22/1988,3.021
9/23/1988,2.874
9/24/1988,3.472
9/25/1988,3.317
9/26/1988,2.696
9/27/1988,3.219
9/28/1988,3.11
9/29/1988,3.429
9/30/1988,3.34
10/1/1988,2.886
10/2/1988,2.918
10/3/1988,2.815
10/4/1988,3.319
10/5/1988,3.046
10/6/1988,3.387
10/7/1988,2.524
10/8/1988,3.55
10/9/1988,2.76
10/10/1988,3.482
10/11/1988,2.909
10/12/1988,3.089
10/13/1988,3.348
10/14/1988,3.376
10/15/1988,3.143
10/16/1988,3.489
10/17/1988,2.918
10/18/1988,3.4
10/19/1988,3.437
10/20/1988,3.078
10/21/1988,2.764
10/22/1988,3.95
10/23/1988,3.128
10/24/1988,3.187
10/25/1988,3.093
10/26/1988,3.154
10/27/1988,3.199
10/28/1988,3.018
10/29/1988,3.529
10/30/1988,3.427
10/31/1988,2.904
11/1/1988,3.34
11/2/1988,6.243
11/3/1988,5.015
11/4/1988,3.876
11/5/1988,3.913
11/6/1988,3.458
11/7/1988,2.91
11/8/1988,3.761
11/9/1988,4.425
11/10/1988,4.968
11/11/1988,4.122
11/12/1988,4.804
11/13/1988,6.818
11/14/1988,5.083
11/15/1988,4.484
11/16/1988,7.522
11/17/1988,5.71
11/18/1988,4.322
11/19/1988,4.908
11/20/1988,3.885
11/21/1988,4.803
11/22/1988,23.726
11/23/1988,17.653
11/24/1988,9.024
11/25/1988,7.242
11/26/1988,5.976
11/27/1988,5.733
11/28/1988,7.176
11/29/1988,5.106
11/30/1988,4.77
12/1/1988,4.502
12/2/1988,5.07
12/3/1988,4.611
12/4/1988,4.253
12/5/1988,4.618
12/6/1988,4.756
12/7/1988,3.696
12/8/1988,3.837
12/9/1988,3.826
12/10/1988,3.635
12/11/1988,3.499
12/12/1988,3.971
12/13/1988,3.693
12/14/1988,3.339
12/15/1988,4.012
12/16/1988,4.061
12/17/1988,3.673
12/18/1988,5.308
12/19/1988,4.127
12/20/1988,6.29
12/21/1988,6.987
12/22/1988,9.473
12/23/1988,6.448
12/24/1988,6.986
12/25/1988,4.818
12/26/1988,4.346
12/27/1988,3.973
12/28/1988,4.921
12/29/1988,4.32
12/30/1988,4.97
12/31/1988,4.763
1/1/1989,4.202
1/2/1989,4.543
1/3/1989,3.961
1/4/1989,4.786
1/5/1989,5.005
1/6/1989,4.499
1/7/1989,4.91
1/8/1989,4.675
1/9/1989,4.892
1/10/1989,5.395
1/11/1989,4.859
1/12/1989,5.286
1/13/1989,4.5
1/14/1989,4.393
1/15/1989,5.36
1/16/1989,3.594
1/17/1989,4.248
1/18/1989,4.579
1/19/1989,4.377
1/20/1989,5.32
1/21/1989,4.986
1/22/1989,7.989
1/23/1989,6.678
1/24/1989,6.128
1/25/1989,6.05
1/26/1989,5.06
1/27/1989,4.91
1/28/1989,5.279
1/29/1989,3.289
1/30/1989,6.798
1/31/1989,4.942
2/1/1989,5.82
2/2/1989,3.982
2/3/1989,5.284
2/4/1989,5.263
2/5/1989,4.685
2/6/1989,3.768
2/7/1989,4.733
2/8/1989,3.945
2/9/1989,4.555
2/10/1989,4.704
2/11/1989,3.398
2/12/1989,4.361
2/13/1989,4.074
2/14/1989,1.969
2/15/1989,4.554
2/16/1989,3.726
2/17/1989,4.58
2/18/1989,5.325
2/19/1989,3.946
2/20/1989,6.917
2/21/1989,5.135
2/22/1989,5.761
2/23/1989,7.807
2/24/1989,7.325
2/25/1989,6.706
2/26/1989,7.319
2/27/1989,9.255
2/28/1989,8.48
3/1/1989,6.9
3/2/1989,15.518
3/3/1989,10.997
3/4/1989,10.286
3/5/1989,13.003
3/6/1989,18.173
3/7/1989,15.569
3/8/1989,32.351
3/9/1989,72.974
3/10/1989,63.253
3/11/1989,60.98
3/12/1989,42.216
3/13/1989,32.318
3/14/1989,23.712
3/15/1989,19.55
3/16/1989,19.005
3/17/1989,18.336
3/18/1989,26.975
3/19/1989,26.479
3/20/1989,20.948
3/21/1989,18.792
3/22/1989,16.415
3/23/1989,16.731
3/24/1989,18.138
3/25/1989,32.031
3/26/1989,24.06
3/27/1989,20.941
3/28/1989,19.288
3/29/1989,18.254
3/30/1989,16.083
3/31/1989,15.575
4/1/1989,15.406
4/2/1989,15.74
4/3/1989,16.145
4/4/1989,15.385
4/5/1989,14.037
4/6/1989,13.52
4/7/1989,12.929
4/8/1989,12.948
4/9/1989,11.663
4/10/1989,12.018
4/11/1989,10.893
4/12/1989,10.777
4/13/1989,12.052
4/14/1989,8.653
4/15/1989,10.137
4/16/1989,9.508
4/17/1989,9.548
4/18/1989,8.496
4/19/1989,9.177
4/20/1989,8.486
4/21/1989,9.883
4/22/1989,9.093
4/23/1989,9.99
4/24/1989,8.849
4/25/1989,8.815
4/26/1989,8.1
4/27/1989,7.602
4/28/1989,7.726
4/29/1989,7.049
4/30/1989,8.287
5/1/1989,7.136
5/2/1989,7.359
5/3/1989,6.255
5/4/1989,6.666
5/5/1989,5.809
5/6/1989,6.908
5/7/1989,6.347
5/8/1989,6.059
5/9/1989,5.968
5/10/1989,7.327
5/11/1989,5.17
5/12/1989,6.795
5/13/1989,5.231
5/14/1989,5.315
5/15/1989,5.923
5/16/1989,5.992
5/17/1989,5.324
5/18/1989,5.41
5/19/1989,4.994
5/20/1989,4.942
5/21/1989,5.135
5/22/1989,4.528
5/23/1989,5.047
5/24/1989,5.476
5/25/1989,4.461
5/26/1989,4.67
5/27/1989,4.554
5/28/1989,5.209
5/29/1989,4.6
5/30/1989,4.811
5/31/1989,4.332
6/1/1989,4.678
6/2/1989,4.198
6/3/1989,4.399
6/4/1989,5.031
6/5/1989,3.991
6/6/1989,4.021
6/7/1989,4.779
6/8/1989,4.27
6/9/1989,3.551
6/10/1989,3.963
6/11/1989,4.09
6/12/1989,3.641
6/13/1989,4.007
6/14/1989,3.961
6/15/1989,4.239
6/16/1989,3.85
6/17/1989,3.964
6/18/1989,3.504
6/19/1989,4.204
6/20/1989,3.176
6/21/1989,3.325
6/22/1989,3.655
6/23/1989,3.864
6/24/1989,3.603
6/25/1989,3.854
6/26/1989,3.367
6/27/1989,3.503
6/28/1989,3.736
6/29/1989,3.482
6/30/1989,3.713
7/1/1989,3.17
7/2/1989,3.279
7/3/1989,2.706
7/4/1989,3.389
7/5/1989,3.085
7/6/1989,3.436
7/7/1989,3.297
7/8/1989,3.225
7/9/1989,3.157
7/10/1989,3.099
7/11/1989,3.382
7/12/1989,3.286
7/13/1989,3.006
7/14/1989,3.008
7/15/1989,3.281
7/16/1989,2.98
7/17/1989,2.998
7/18/1989,3.381
7/19/1989,2.439
7/20/1989,3.182
7/21/1989,2.509
7/22/1989,2.321
7/23/1989,2.81
7/24/1989,1.9
7/25/1989,2.634
7/26/1989,2.971
7/27/1989,2.438
7/28/1989,1.901
7/29/1989,2.347
7/30/1989,2.276
7/31/1989,2.421
8/1/1989,3.239
8/2/1989,2.201
8/3/1989,2.803
8/4/1989,2.364
8/5/1989,2.274
8/6/1989,2.476
8/7/1989,1.663
8/8/1989,1.895
8/9/1989,2.226
8/10/1989,2.546
8/11/1989,2.916
8/12/1989,3.209
8/13/1989,2.295
8/14/1989,4.556
8/15/1989,3.113
8/16/1989,2.946
8/17/1989,2.449
8/18/1989,3.149
8/19/1989,3.523
8/20/1989,3.369
8/21/1989,2.595
8/22/1989,3.368
8/23/1989,2.982
8/24/1989,3.376
8/25/1989,3.306
8/26/1989,3.283
8/27/1989,3.058
8/28/1989,3.089
8/29/1989,2.539
8/30/1989,3.46
8/31/1989,3.643
9/1/1989,3.162
9/2/1989,3.045
9/3/1989,2.699
9/4/1989,2.367
9/5/1989,3.206
9/6/1989,3.018
9/7/1989,4.024
9/8/1989,2.487
9/9/1989,3.269
9/10/1989,2.855
9/11/1989,2.331
9/12/1989,3.498
9/13/1989,2.767
9/14/1989,2.834
9/15/1989,3.217
9/16/1989,4.533
9/17/1989,5.847
9/18/1989,4.744
9/19/1989,3.652
9/20/1989,3.599
9/21/1989,4.701
9/22/1989,2.591
9/23/1989,4.075
9/24/1989,3.601
9/25/1989,2.841
9/26/1989,3.581
9/27/1989,3.494
9/28/1989,3.813
9/29/1989,3.664
9/30/1989,3.997
10/1/1989,3.134
10/2/1989,2.934
10/3/1989,3.138
10/4/1989,3.475
10/5/1989,3.361
10/6/1989,3.016
10/7/1989,3.875
10/8/1989,3.375
10/9/1989,2.976
10/10/1989,3.365
10/11/1989,3.113
10/12/1989,3.048
10/13/1989,3.54
10/14/1989,3.51
10/15/1989,3.124
10/16/1989,2.994
10/17/1989,3.217
10/18/1989,5.228
10/19/1989,1.804
10/20/1989,3.271
10/21/1989,7.08
10/22/1989,9.032
10/23/1989,20.648
10/24/1989,11.202
10/25/1989,8.98
10/26/1989,6.447
10/27/1989,7.282
10/28/1989,5.291
10/29/1989,4.978
10/30/1989,4.835
10/31/1989,4.114
11/1/1989,4.747
11/2/1989,4.282
11/3/1989,4.425
11/4/1989,4.207
11/5/1989,3.866
11/6/1989,2.704
11/7/1989,4.172
11/8/1989,3.766
11/9/1989,3.615
11/10/1989,3.826
11/11/1989,4.508
11/12/1989,2.976
11/13/1989,3.727
11/14/1989,3.438
11/15/1989,3.711
11/16/1989,3.464
11/17/1989,3.257
11/18/1989,4.201
11/19/1989,4.017
11/20/1989,2.748
11/21/1989,4.21
11/22/1989,3.642
11/23/1989,2.898
11/24/1989,3.694
11/25/1989,4.716
11/26/1989,4.757
11/27/1989,3.372
11/28/1989,3.805
11/29/1989,3.215
11/30/1989,3.727
12/1/1989,3.772
12/2/1989,3.216
12/3/1989,4.188
12/4/1989,3.311
12/5/1989,3.72
12/6/1989,3.6
12/7/1989,3.462
12/8/1989,3.453
12/9/1989,3.728
12/10/1989,3.733
12/11/1989,3.306
12/12/1989,2.996
12/13/1989,3.29
12/14/1989,3.677
12/15/1989,3.504
12/16/1989,3.329
12/17/1989,3.503
12/18/1989,2.937
12/19/1989,3.277
12/20/1989,2.961
12/21/1989,3.575
12/22/1989,4.331
12/23/1989,2.844
12/24/1989,3.461
12/25/1989,2.966
12/26/1989,2.961
12/27/1989,3.47
12/28/1989,3.234
12/29/1989,3.482
12/30/1989,3.11
12/31/1989,3.727
1/1/1990,3.566
1/2/1990,3.589
1/3/1990,3.068
1/4/1990,3.145
1/5/1990,3.677
1/6/1990,3.523
1/7/1990,9.524
1/8/1990,16.669
1/9/1990,11.628
1/10/1990,8.146
1/11/1990,6.722
1/12/1990,8.894
1/13/1990,20.047
1/14/1990,14.665
1/15/1990,10.043
1/16/1990,8.505
1/17/1990,6.847
1/18/1990,6.454
1/19/1990,4.444
1/20/1990,5.738
1/21/1990,5.058
1/22/1990,4.901
1/23/1990,4.66
1/24/1990,6.519
1/25/1990,4.53
1/26/1990,4.434
1/27/1990,4.476
1/28/1990,4.282
1/29/1990,4.261
1/30/1990,5.774
1/31/1990,4.154
2/1/1990,5.201
2/2/1990,4.15
2/3/1990,6.178
2/4/1990,5.74
2/5/1990,5.376
2/6/1990,5.251
2/7/1990,4.649
2/8/1990,4.8
2/9/1990,5.292
2/10/1990,4.09
2/11/1990,4.696
2/12/1990,4.703
2/13/1990,4.762
2/14/1990,4.463
2/15/1990,4.683
2/16/1990,5.698
2/17/1990,5.403
2/18/1990,4.448
2/19/1990,4.187
2/20/1990,4.436
2/21/1990,4.862
2/22/1990,4.724
2/23/1990,5.739
2/24/1990,5.601
2/25/1990,5.345
2/26/1990,6.443
2/27/1990,6.409
2/28/1990,6.349
3/1/1990,6.446
3/2/1990,9.053
3/3/1990,13.851
3/4/1990,13.959
3/5/1990,12.645
3/6/1990,10.9
3/7/1990,9.399
3/8/1990,9.157
3/9/1990,7.806
3/10/1990,9.611
3/11/1990,8.344
3/12/1990,7.914
3/13/1990,7.125
3/14/1990,7.139
3/15/1990,7.038
3/16/1990,7.12
3/17/1990,6.562
3/18/1990,6.883
3/19/1990,7.123
3/20/1990,6.396
3/21/1990,6.453
3/22/1990,5.861
3/23/1990,6.8
3/24/1990,5.898
3/25/1990,6.003
3/26/1990,4.862
3/27/1990,5.562
3/28/1990,4.803
3/29/1990,6.953
3/30/1990,5.554
3/31/1990,5.136
4/1/1990,5.13
4/2/1990,5.277
4/3/1990,4.3
4/4/1990,4.967
4/5/1990,5.158
4/6/1990,4.67
4/7/1990,4.965
4/8/1990,5.111
4/9/1990,4.794
4/10/1990,4.662
4/11/1990,4.606
4/12/1990,4.511
4/13/1990,4.517
4/14/1990,4.446
4/15/1990,4.496
4/16/1990,4.747
4/17/1990,4.567
4/18/1990,3.944
4/19/1990,4.113
4/20/1990,4.199
4/21/1990,4.367
4/22/1990,4.712
4/23/1990,5.23
4/24/1990,4.489
4/25/1990,4.228
4/26/1990,4.29
4/27/1990,3.935
4/28/1990,4.159
4/29/1990,3.753
4/30/1990,3.861
5/1/1990,3.693
5/2/1990,3.889
5/3/1990,3.548
5/4/1990,3.694
5/5/1990,3.333
5/6/1990,4.302
5/7/1990,1.907
5/8/1990,3.378
5/9/1990,2.472
5/10/1990,3.797
5/11/1990,3.27
5/12/1990,3.333
5/13/1990,3.326
5/14/1990,3.06
5/15/1990,4.198
5/16/1990,3.864
5/17/1990,2.613
5/18/1990,3.236
5/19/1990,3.786
5/20/1990,5.536
5/21/1990,5.716
5/22/1990,14.996
5/23/1990,17.748
5/24/1990,9.463
5/25/1990,7.498
5/26/1990,9.308
5/27/1990,31.487
5/28/1990,29.456
5/29/1990,16.484
5/30/1990,16.841
5/31/1990,17.401
6/1/1990,14.966
6/2/1990,13.073
6/3/1990,10.919
6/4/1990,9.323
6/5/1990,9.54
6/6/1990,7.531
6/7/1990,7.789
6/8/1990,6.883
6/9/1990,6.192
6/10/1990,6.27
6/11/1990,5.31
6/12/1990,5.424
6/13/1990,5.161
6/14/1990,5.446
6/15/1990,4.799
6/16/1990,4.853
6/17/1990,3.15
6/18/1990,5.733
6/19/1990,5.154
6/20/1990,4.752
6/21/1990,3.83
6/22/1990,4.184
6/23/1990,4.14
6/24/1990,3.736
6/25/1990,3.57
6/26/1990,4.319
6/27/1990,3.718
6/28/1990,3.824
6/29/1990,3.612
6/30/1990,3.864
7/1/1990,3.12
7/2/1990,4.034
7/3/1990,3.198
7/4/1990,3.736
7/5/1990,3.466
7/6/1990,3.532
7/7/1990,3.712
7/8/1990,3.84
7/9/1990,3.476
7/10/1990,3.212
7/11/1990,3.475
7/12/1990,3.246
7/13/1990,3.549
7/14/1990,3.561
7/15/1990,3.511
7/16/1990,3.203
7/17/1990,3.035
7/18/1990,3.267
7/19/1990,3.825
7/20/1990,2.759
7/21/1990,3.53
7/22/1990,3.121
7/23/1990,2.956
7/24/1990,2.936
7/25/1990,2.741
7/26/1990,3.055
7/27/1990,3.358
7/28/1990,3.047
7/29/1990,3.151
7/30/1990,2.763
7/31/1990,2.867
8/1/1990,3.196
8/2/1990,3.131
8/3/1990,3.139
8/4/1990,3.165
8/5/1990,3.114
8/6/1990,2.928
8/7/1990,2.682
8/8/1990,3.383
8/9/1990,2.96
8/10/1990,3.49
8/11/1990,2.921
8/12/1990,3.078
8/13/1990,2.872
8/14/1990,2.903
8/15/1990,3.044
8/16/1990,2.927
8/17/1990,2.915
8/18/1990,3.624
8/19/1990,2.907
8/20/1990,3.253
8/21/1990,3.369
8/22/1990,3.057
8/23/1990,3.025
8/24/1990,3.095
8/25/1990,2.972
8/26/1990,3.058
8/27/1990,3.077
8/28/1990,3.29
8/29/1990,2.476
8/30/1990,3.099
8/31/1990,2.891
9/1/1990,3.056
9/2/1990,2.745
9/3/1990,2.879
9/4/1990,3.027
9/5/1990,2.82
9/6/1990,2.885
9/7/1990,2.796
9/8/1990,3.016
9/9/1990,2.822
9/10/1990,2.981
9/11/1990,3.639
9/12/1990,2.958
9/13/1990,3.006
9/14/1990,2.859
9/15/1990,2.989
9/16/1990,3.575
9/17/1990,2.995
9/18/1990,3.335
9/19/1990,3.076
9/20/1990,3.196
9/21/1990,2.738
9/22/1990,3.739
9/23/1990,2.223
9/24/1990,3.215
9/25/1990,3.579
9/26/1990,2.925
9/27/1990,3.144
9/28/1990,3.297
9/29/1990,3.322
9/30/1990,3.145
10/1/1990,2.53
10/2/1990,3.411
10/3/1990,2.855
10/4/1990,3.253
10/5/1990,3.055
10/6/1990,3.303
10/7/1990,3.196
10/8/1990,2.56
10/9/1990,2.853
10/10/1990,3.297
10/11/1990,2.753
10/12/1990,3.205
10/13/1990,2.812
10/14/1990,3.104
10/15/1990,2.707
10/16/1990,3.36
10/17/1990,2.371
10/18/1990,3.609
10/19/1990,2.969
10/20/1990,3.122
10/21/1990,3.5
10/22/1990,2.594
10/23/1990,3.69
10/24/1990,2.913
10/25/1990,3.926
10/26/1990,3.108
10/27/1990,2.859
10/28/1990,2.12
10/29/1990,3.936
10/30/1990,3.121
10/31/1990,4.707
11/1/1990,2.989
11/2/1990,3.622
11/3/1990,3.755
11/4/1990,2.111
11/5/1990,3.348
11/6/1990,3.654
11/7/1990,3.389
11/8/1990,3.078
11/9/1990,3
11/10/1990,3.383
11/11/1990,3.589
11/12/1990,3.506
11/13/1990,1.897
11/14/1990,4.275
11/15/1990,3.269
11/16/1990,3.175
11/17/1990,3.183
11/18/1990,3.379
11/19/1990,2.782
11/20/1990,3.499
11/21/1990,3.082
11/22/1990,3.426
11/23/1990,3.63
11/24/1990,3.692
11/25/1990,4.182
11/26/1990,2.38
11/27/1990,3.222
11/28/1990,3.156
11/29/1990,2.756
11/30/1990,3.418
12/1/1990,3.291
12/2/1990,2.837
12/3/1990,3.117
12/4/1990,3.075
12/5/1990,2.984
12/6/1990,2.484
12/7/1990,4.64
12/8/1990,2.569
12/9/1990,3.25
12/10/1990,5.009
12/11/1990,1.959
12/12/1990,3.911
12/13/1990,3.614
12/14/1990,2.098
12/15/1990,3.851
12/16/1990,3.043
12/17/1990,3.925
12/18/1990,2.808
12/19/1990,3.779
12/20/1990,3.593
12/21/1990,3.741
12/22/1990,1.649
12/23/1990,1.516
12/24/1990,2.317
12/25/1990,4.004
12/26/1990,3.63
12/27/1990,3.431
12/28/1990,2.752
12/29/1990,1.401
12/30/1990,3.538
12/31/1990,3.381
1/1/1991,3.765
1/2/1991,4.412
1/3/1991,2.367
1/4/1991,2.329
1/5/1991,3.778
1/6/1991,2.491
1/7/1991,3.605
1/8/1991,3.955
1/9/1991,2.74
1/10/1991,3.001
1/11/1991,3.383
1/12/1991,4.982
1/13/1991,2.811
1/14/1991,3.509
1/15/1991,3.009
1/16/1991,3.573
1/17/1991,3.442
1/18/1991,4.216
1/19/1991,2.861
1/20/1991,5.083
1/21/1991,0.967
1/22/1991,3.388
1/23/1991,4.005
1/24/1991,2.827
1/25/1991,3.426
1/26/1991,2.674
1/27/1991,3.971
1/28/1991,2.572
1/29/1991,2.701
1/30/1991,3.157
1/31/1991,3.009
2/1/1991,2.571
2/2/1991,7.263
2/3/1991,4.733
2/4/1991,4.243
2/5/1991,4.553
2/6/1991,4.589
2/7/1991,3.751
2/8/1991,4.258
2/9/1991,3.494
2/10/1991,2.947
2/11/1991,3.88
2/12/1991,3.394
2/13/1991,3.418
2/14/1991,2.865
2/15/1991,4.208
2/16/1991,4.492
2/17/1991,4.035
2/18/1991,4.95
2/19/1991,0.085
2/20/1991,2.539
2/21/1991,3.53
2/22/1991,3.428
2/23/1991,3.061
2/24/1991,3.421
2/25/1991,3.594
2/26/1991,1.634
2/27/1991,4.932
2/28/1991,3.604
3/1/1991,6.354
3/2/1991,8.628
3/3/1991,24.281
3/4/1991,28.971
3/5/1991,19.072
3/6/1991,12.843
3/7/1991,7.896
3/8/1991,6.391
3/9/1991,6.873
3/10/1991,6.569
3/11/1991,5.523
3/12/1991,7.25
3/13/1991,7.147
3/14/1991,5.998
3/15/1991,6.872
3/16/1991,5.117
3/17/1991,8.142
3/18/1991,5.475
3/19/1991,7.369
3/20/1991,9.751
3/21/1991,6.452
3/22/1991,7.546
3/23/1991,15.891
3/24/1991,13.839
3/25/1991,11.72
3/26/1991,14.128
3/27/1991,9.346
3/28/1991,10.875
3/29/1991,8.574
3/30/1991,8.573
3/31/1991,8.047
4/1/1991,9.826
4/2/1991,9.354
4/3/1991,7.412
4/4/1991,8.417
4/5/1991,7.904
4/6/1991,7.906
4/7/1991,8.127
4/8/1991,6.155
4/9/1991,7.249
4/10/1991,5.586
4/11/1991,5.455
4/12/1991,5.249
4/13/1991,5.331
4/14/1991,6.549
4/15/1991,8.21
4/16/1991,5.671
4/17/1991,4.924
4/18/1991,6.495
4/19/1991,5.478
4/20/1991,3.554
4/21/1991,5.134
4/22/1991,7.385
4/23/1991,5.262
4/24/1991,7.392
4/25/1991,4.028
4/26/1991,6.503
4/27/1991,5.801
4/28/1991,4.706
4/29/1991,7.227
4/30/1991,5.253
5/1/1991,5.641
5/2/1991,6.34
5/3/1991,5.465
5/4/1991,4.144
5/5/1991,4.21
5/6/1991,7.16
5/7/1991,6.685
5/8/1991,5.915
5/9/1991,4.739
5/10/1991,6.362
5/11/1991,4.537
5/12/1991,3.576
5/13/1991,6.03
5/14/1991,4.334
5/15/1991,3.539
5/16/1991,3.226
5/17/1991,8.795
5/18/1991,4.039
5/19/1991,5.221
5/20/1991,6.428
5/21/1991,6.129
5/22/1991,7.627
5/23/1991,7.336
5/24/1991,4.706
5/25/1991,6.96
5/26/1991,7.344
5/27/1991,5.907
5/28/1991,5.313
5/29/1991,7.229
5/30/1991,5.379
5/31/1991,1.917
6/1/1991,5.897
6/2/1991,4.716
6/3/1991,4.914
6/4/1991,3.134
6/5/1991,3.68
6/6/1991,4.34
6/7/1991,3.968
6/8/1991,3.316
6/9/1991,3.443
6/10/1991,4.836
6/11/1991,2.804
6/12/1991,2.986
6/13/1991,3.568
6/14/1991,3.859
6/15/1991,2.79
6/16/1991,2.946
6/17/1991,3.275
6/18/1991,3.886
6/19/1991,3.048
6/20/1991,3.429
6/21/1991,3.485
6/22/1991,3.017
6/23/1991,1.214
6/24/1991,2.84
6/25/1991,5.908
6/26/1991,2.546
6/27/1991,3.253
6/28/1991,3.317
6/29/1991,3.324
6/30/1991,3.611
7/1/1991,3.192
7/2/1991,2.833
7/3/1991,3.567
7/4/1991,2.883
7/5/1991,3.231
7/6/1991,4.064
7/7/1991,2.951
7/8/1991,2.027
7/9/1991,3.983
7/10/1991,2.503
7/11/1991,0.51
7/12/1991,2.502
7/13/1991,2.697
7/14/1991,4.576
7/15/1991,4.973
7/16/1991,0.557
7/17/1991,4.541
7/18/1991,2.191
7/19/1991,1.858
7/20/1991,3.398
7/21/1991,4.68
7/22/1991,2.651
7/23/1991,1.393
7/24/1991,3.535
7/25/1991,2.719
7/26/1991,2.37
7/27/1991,3.964
7/28/1991,3.052
7/29/1991,3.631
7/30/1991,1.121
7/31/1991,2.646
8/1/1991,0.929
8/2/1991,5.535
8/3/1991,1.589
8/4/1991,1.411
8/5/1991,4.835
8/6/1991,3.14
8/7/1991,1.997
8/8/1991,2.943
8/9/1991,2.336
8/10/1991,2.857
8/11/1991,3.091
8/12/1991,2.126
8/13/1991,1.613
8/14/1991,2.22
8/15/1991,3.245
8/16/1991,3.792
8/17/1991,2.849
8/18/1991,2.858
8/19/1991,2.845
8/20/1991,2.946
8/21/1991,2.605
8/22/1991,2.636
8/23/1991,2.512
8/24/1991,3.199
8/25/1991,2.855
8/26/1991,2.327
8/27/1991,2.468
8/28/1991,3.013
8/29/1991,1.239
8/30/1991,4.008
8/31/1991,3.101
9/1/1991,2.807
9/2/1991,2.378
9/3/1991,2.977
9/4/1991,3.196
9/5/1991,1.929
9/6/1991,4.345
9/7/1991,0.726
9/8/1991,3.283
9/9/1991,3.767
9/10/1991,1.114
9/11/1991,3.199
9/12/1991,2.714
9/13/1991,1.915
9/14/1991,4.813
9/15/1991,2.025
9/16/1991,3.469
9/17/1991,1.797
9/18/1991,3.57
9/19/1991,2.133
9/20/1991,5.116
9/21/1991,0.214
9/22/1991,2.852
9/23/1991,1.785
9/24/1991,5.334
9/25/1991,2.252
9/26/1991,2.378
9/27/1991,3.014
9/28/1991,2.777
9/29/1991,1.64
9/30/1991,3.77
10/1/1991,3.806
10/2/1991,3.37
10/3/1991,1.875
10/4/1991,3.118
10/5/1991,1.384
10/6/1991,2.814
10/7/1991,3.922
10/8/1991,2.127
10/9/1991,3.118
10/10/1991,3.264
10/11/1991,2.315
10/12/1991,3.613
10/13/1991,1.87
10/14/1991,4.339
10/15/1991,1.149
10/16/1991,4.055
10/17/1991,1.34
10/18/1991,2.738
10/19/1991,3.652
10/20/1991,2.898
10/21/1991,2.837
10/22/1991,1.818
10/23/1991,2.865
10/24/1991,3.274
10/25/1991,4.008
10/26/1991,2.644
10/27/1991,2.32
10/28/1991,4.393
10/29/1991,3.88
10/30/1991,2.054
10/31/1991,3.193
11/1/1991,0.158
11/2/1991,1.884
11/3/1991,3.441
11/4/1991,5.115
11/5/1991,2.036
11/6/1991,3.767
11/7/1991,0.716
11/8/1991,3.612
11/9/1991,1.773
11/10/1991,3.405
11/11/1991,3.891
11/12/1991,3.392
11/13/1991,0.867
11/14/1991,3.963
11/15/1991,3.72
11/16/1991,0.865
11/17/1991,4.463
11/18/1991,4.732
11/19/1991,2.986
11/20/1991,3.98
11/21/1991,2.704
11/22/1991,3.028
11/23/1991,3.317
11/24/1991,3.389
11/25/1991,3.45
11/26/1991,3.116
11/27/1991,2.563
11/28/1991,3.345
11/29/1991,1.808
11/30/1991,4.34
12/1/1991,2.793
12/2/1991,3.734
12/3/1991,2.815
12/4/1991,3.775
12/5/1991,2.349
12/6/1991,4.328
12/7/1991,1.337
12/8/1991,4.552
12/9/1991,4.179
12/10/1991,2.229
12/11/1991,3.113
12/12/1991,2.965
12/13/1991,3.159
12/14/1991,1.74
12/15/1991,2.048
12/16/1991,4.451
12/17/1991,3.206
12/18/1991,4.782
12/19/1991,1.969
12/20/1991,3.274
12/21/1991,2.449
12/22/1991,3.683
12/23/1991,4.269
12/24/1991,1.452
12/25/1991,4.026
12/26/1991,3.082
12/27/1991,2.584
12/28/1991,5.362
12/29/1991,6.521
12/30/1991,3.877
12/31/1991,3.755
1/1/1992,3.706
1/2/1992,3.331
1/3/1992,3.164
1/4/1992,6.168
1/5/1992,8.379
1/6/1992,5.711
1/7/1992,5.474
1/8/1992,4.409
1/9/1992,3.754
1/10/1992,3.787
1/11/1992,3.461
1/12/1992,3.607
1/13/1992,3.751
1/14/1992,3.213
1/15/1992,3.353
1/16/1992,3.418
1/17/1992,3.603
1/18/1992,2.96
1/19/1992,3.363
1/20/1992,3.078
1/21/1992,3.28
1/22/1992,3.282
1/23/1992,3.455
1/24/1992,2.738
1/25/1992,3.682
1/26/1992,3.06
1/27/1992,3.176
1/28/1992,4.093
1/29/1992,2.746
1/30/1992,3.81
1/31/1992,3.701
2/1/1992,2.055
2/2/1992,4.187
2/3/1992,4.685
2/4/1992,2.452
2/5/1992,5.295
2/6/1992,0.955
2/7/1992,2.856
2/8/1992,4.455
2/9/1992,4.993
2/10/1992,12.074
2/11/1992,19.624
2/12/1992,25.447
2/13/1992,20.657
2/14/1992,22.223
2/15/1992,23.995
2/16/1992,17.994
2/17/1992,14.386
2/18/1992,14.296
2/19/1992,25.377
2/20/1992,35.598
2/21/1992,24.024
2/22/1992,20.334
2/23/1992,14.988
2/24/1992,11.503
2/25/1992,10.146
2/26/1992,9.48
2/27/1992,8.959
2/28/1992,8.132
2/29/1992,7.683
3/1/1992,9.031
3/2/1992,7.726
3/3/1992,6.71
3/4/1992,9.528
3/5/1992,15.321
3/6/1992,14.38
3/7/1992,12.275
3/8/1992,9.996
3/9/1992,9.806
3/10/1992,7.898
3/11/1992,6.243
3/12/1992,8.817
3/13/1992,5.261
3/14/1992,7.328
3/15/1992,17.89
3/16/1992,25.313
3/17/1992,17.365
3/18/1992,13.08
3/19/1992,10.917
3/20/1992,9.304
3/21/1992,8.454
3/22/1992,8.338
3/23/1992,7.87
3/24/1992,6.999
3/25/1992,7.741
3/26/1992,6.38
3/27/1992,7.728
3/28/1992,8.274
3/29/1992,4.644
3/30/1992,7.092
3/31/1992,5.908
4/1/1992,7.781
4/2/1992,4.763
4/3/1992,8.726
4/4/1992,6.183
4/5/1992,6.859
4/6/1992,4.968
4/7/1992,6.086
4/8/1992,4.972
4/9/1992,5.895
4/10/1992,6.261
4/11/1992,5.393
4/12/1992,12.842
4/13/1992,11.569
4/14/1992,10.548
4/15/1992,9.905
4/16/1992,10.262
4/17/1992,13.543
4/18/1992,11.773
4/19/1992,8.038
4/20/1992,12.787
4/21/1992,5.483
4/22/1992,8.879
4/23/1992,6.719
4/24/1992,5.905
4/25/1992,7.383
4/26/1992,6.043
4/27/1992,6.015
4/28/1992,7.868
4/29/1992,5.914
4/30/1992,6.016
5/1/1992,5.832
5/2/1992,5.684
5/3/1992,4.986
5/4/1992,7.707
5/5/1992,5.471
5/6/1992,5.486
5/7/1992,5.129
5/8/1992,5.506
5/9/1992,5.798
5/10/1992,4.786
5/11/1992,6.683
5/12/1992,3.321
5/13/1992,4.876
5/14/1992,5.302
5/15/1992,4.314
5/16/1992,5.026
5/17/1992,2.673
5/18/1992,5.733
5/19/1992,3.525
5/20/1992,4.806
5/21/1992,3.372
5/22/1992,4.224
5/23/1992,2.762
5/24/1992,4.55
5/25/1992,3.895
5/26/1992,3.876
5/27/1992,3.663
5/28/1992,3.791
5/29/1992,3.435
5/30/1992,2.196
5/31/1992,2.734
6/1/1992,5.428
6/2/1992,4.685
6/3/1992,1.244
6/4/1992,4.119
6/5/1992,2.678
6/6/1992,3.183
6/7/1992,3.785
6/8/1992,3.522
6/9/1992,2.907
6/10/1992,2.593
6/11/1992,2.962
6/12/1992,3.126
6/13/1992,2.622
6/14/1992,2.741
6/15/1992,4.532
6/16/1992,2.819
6/17/1992,2.821
6/18/1992,2.784
6/19/1992,3.535
6/20/1992,3.636
6/21/1992,2.706
6/22/1992,4.005
6/23/1992,2.296
6/24/1992,3.66
6/25/1992,1.954
6/26/1992,4.461
6/27/1992,1.069
6/28/1992,4.717
6/29/1992,5.915
6/30/1992,6.218
7/1/1992,4.643
7/2/1992,5.428
7/3/1992,1.041
7/4/1992,2.924
7/5/1992,3.072
7/6/1992,4.222
7/7/1992,3.591
7/8/1992,3.885
7/9/1992,2.192
7/10/1992,3.102
7/11/1992,2.05
7/12/1992,1.839
7/13/1992,5.151
7/14/1992,3.559
7/15/1992,2.663
7/16/1992,2.748
7/17/1992,3.084
7/18/1992,2.077
7/19/1992,2.906
7/20/1992,3.933
7/21/1992,3
7/22/1992,2.195
7/23/1992,1.905
7/24/1992,3.751
7/25/1992,2.959
7/26/1992,2.764
7/27/1992,2.935
7/28/1992,2.095
7/29/1992,3.157
7/30/1992,2.724
7/31/1992,3.74
8/1/1992,1.145
8/2/1992,2.219
8/3/1992,3.808
8/4/1992,3.274
8/5/1992,1.981
8/6/1992,2.793
8/7/1992,3.394
8/8/1992,0.854
8/9/1992,3.715
8/10/1992,2.157
8/11/1992,3.772
8/12/1992,2.218
8/13/1992,3.986
8/14/1992,0.692
8/15/1992,3.682
8/16/1992,1.276
8/17/1992,3.181
8/18/1992,3.81
8/19/1992,2.198
8/20/1992,1.372
8/21/1992,1.109
8/22/1992,2.166
8/23/1992,2.343
8/24/1992,2.565
8/25/1992,4.071
8/26/1992,2.14
8/27/1992,3.377
8/28/1992,2.006
8/29/1992,2.914
8/30/1992,3.721
8/31/1992,3.232
9/1/1992,2.802
9/2/1992,1.271
9/3/1992,3.395
9/4/1992,4.188
9/5/1992,0.275
9/6/1992,3.303
9/7/1992,3.361
9/8/1992,2.406
9/9/1992,2.321
9/10/1992,3.061
9/11/1992,2.076
9/12/1992,3.36
9/13/1992,1.552
9/14/1992,3.342
9/15/1992,3.15
9/16/1992,2
9/17/1992,1.865
9/18/1992,2.966
9/19/1992,2.523
9/20/1992,1.723
9/21/1992,3.514
9/22/1992,3.898
9/23/1992,2.876
9/24/1992,1.412
9/25/1992,2.57
9/26/1992,2.53
9/27/1992,3.326
9/28/1992,4.406
9/29/1992,0.94
9/30/1992,3.554
10/1/1992,2.43
10/2/1992,2.554
10/3/1992,2.334
10/4/1992,1.948
10/5/1992,4.581
10/6/1992,2.251
10/7/1992,2.467
10/8/1992,3.429
10/9/1992,3.567
10/10/1992,2.52
10/11/1992,1.291
10/12/1992,4.595
10/13/1992,1.898
10/14/1992,2.103
10/15/1992,2.284
10/16/1992,3.925
10/17/1992,1.357
10/18/1992,3.736
10/19/1992,2.059
10/20/1992,3.619
10/21/1992,2.463
10/22/1992,2.913
10/23/1992,4.043
10/24/1992,1.723
10/25/1992,3.57
10/26/1992,2.14
10/27/1992,3.127
10/28/1992,3.763
10/29/1992,8.501
10/30/1992,9.884
10/31/1992,1.652
11/1/1992,7.393
11/2/1992,5.141
11/3/1992,4.195
11/4/1992,2.046
11/5/1992,3.397
11/6/1992,3.841
11/7/1992,2.236
11/8/1992,1.48
11/9/1992,5.182
11/10/1992,2.104
11/11/1992,3.243
11/12/1992,3.383
11/13/1992,2.429
11/14/1992,1.53
11/15/1992,4.659
11/16/1992,2.704
11/17/1992,3.425
11/18/1992,3.075
11/19/1992,3.276
11/20/1992,4.516
11/21/1992,0.571
11/22/1992,4.232
11/23/1992,2.874
11/24/1992,3.759
11/25/1992,3.536
11/26/1992,0.842
11/27/1992,3.816
11/28/1992,3.221
11/29/1992,3.271
11/30/1992,2.953
12/1/1992,0.668
12/2/1992,7.434
12/3/1992,1.035
12/4/1992,2.168
12/5/1992,2.763
12/6/1992,7.465
12/7/1992,4.856
12/8/1992,11.573
12/9/1992,10.996
12/10/1992,28.099
12/11/1992,17.725
12/12/1992,4.702
12/13/1992,6.655
12/14/1992,7.932
12/15/1992,5.691
12/16/1992,6.83
12/17/1992,7.969
12/18/1992,3.847
12/19/1992,3.388
12/20/1992,3.004
12/21/1992,4.654
12/22/1992,4.366
12/23/1992,4.271
12/24/1992,2.919
12/25/1992,3.769
12/26/1992,3.577
12/27/1992,4.611
12/28/1992,7.809
12/29/1992,5.79
12/30/1992,7.732
12/31/1992,17.744
1/1/1993,14.947
1/2/1993,7.039
1/3/1993,5.886
1/4/1993,8.784
1/5/1993,3.387
1/6/1993,5.972
1/7/1993,4.671
1/8/1993,7.231
1/9/1993,10.332
1/10/1993,4.035
1/11/1993,9.938
1/12/1993,3.251
1/13/1993,8.798
1/14/1993,14.013
1/15/1993,15.787
1/16/1993,12.897
1/17/1993,15.509
1/18/1993,6.911
1/19/1993,14.073
1/20/1993,47.276
1/21/1993,43.334
1/22/1993,34.523
1/23/1993,20.838
1/24/1993,15.528
1/25/1993,12.157
1/26/1993,9.498
1/27/1993,9.612
1/28/1993,9.778
1/29/1993,9.442
1/30/1993,8.927
1/31/1993,7.616
2/1/1993,7.567
2/2/1993,6.554
2/3/1993,9.302
2/4/1993,7.061
2/5/1993,10.104
2/6/1993,8.9
2/7/1993,12.108
2/8/1993,14.501
2/9/1993,17.524
2/10/1993,16.121
2/11/1993,24.725
2/12/1993,19.618
2/13/1993,18.158
2/14/1993,14.601
2/15/1993,12.222
2/16/1993,12.222
2/17/1993,11.119
2/18/1993,10.155
2/19/1993,34.209
2/20/1993,33.001
2/21/1993,22.193
2/22/1993,20.274
2/23/1993,17.689
2/24/1993,16.304
2/25/1993,15.571
2/26/1993,10.291
2/27/1993,10.169
2/28/1993,11.186
3/1/1993,9.952
3/2/1993,8.647
3/3/1993,9.791
3/4/1993,10.291
3/5/1993,10.326
3/6/1993,12.616
3/7/1993,12.052
3/8/1993,13.891
3/9/1993,13.984
3/10/1993,16.738
3/11/1993,17.738
3/12/1993,18.389
3/13/1993,17.589
3/14/1993,20.123
3/15/1993,24.523
3/16/1993,32.962
3/17/1993,82.188
3/18/1993,66.258
3/19/1993,50.545
3/20/1993,36.56
3/21/1993,31.148
3/22/1993,27.028
3/23/1993,40.921
3/24/1993,57.338
3/25/1993,38.241
3/26/1993,29.046
3/27/1993,27.616
3/28/1993,23.217
3/29/1993,21.854
3/30/1993,18.909
3/31/1993,19.235
4/1/1993,18.598
4/2/1993,18.26
4/3/1993,17.476
4/4/1993,21.342
4/5/1993,19.39
4/6/1993,18.334
4/7/1993,17.789
4/8/1993,16.211
4/9/1993,16.676
4/10/1993,15.482
4/11/1993,14.624
4/12/1993,13.877
4/13/1993,12.985
4/14/1993,12.818
4/15/1993,12.67
4/16/1993,12.834
4/17/1993,19.663
4/18/1993,15.377
4/19/1993,15.645
4/20/1993,14.566
4/21/1993,13.531
4/22/1993,13.012
4/23/1993,14.319
4/24/1993,13.303
4/25/1993,12.406
4/26/1993,12.525
4/27/1993,11.871
4/28/1993,11.467
4/29/1993,12.079
4/30/1993,12.102
5/1/1993,10.528
5/2/1993,9.741
5/3/1993,15.236
5/4/1993,12.22
5/5/1993,11.456
5/6/1993,11.818
5/7/1993,11.063
5/8/1993,10.885
5/9/1993,10.683
5/10/1993,9.404
5/11/1993,12.864
5/12/1993,9.651
5/13/1993,9.501
5/14/1993,10.147
5/15/1993,8.864
5/16/1993,8.762
5/17/1993,10.552
5/18/1993,8.986
5/19/1993,10.069
5/20/1993,7.705
5/21/1993,7.995
5/22/1993,8.935
5/23/1993,7.137
5/24/1993,7.148
5/25/1993,10.336
5/26/1993,9.655
5/27/1993,11.493
5/28/1993,7.313
5/29/1993,8.596
5/30/1993,10.324
5/31/1993,25.254
6/1/1993,20.682
6/2/1993,16.147
6/3/1993,13.24
6/4/1993,14.823
6/5/1993,13.905
6/6/1993,10.279
6/7/1993,12.939
6/8/1993,10.345
6/9/1993,11.831
6/10/1993,8.876
6/11/1993,10.673
6/12/1993,10.546
6/13/1993,10.677
6/14/1993,8.073
6/15/1993,7.771
6/16/1993,8.653
6/17/1993,7.893
6/18/1993,9.017
6/19/1993,6.436
6/20/1993,4.708
6/21/1993,7.631
6/22/1993,6.311
6/23/1993,5.552
6/24/1993,4.479
6/25/1993,8.52
6/26/1993,4.344
6/27/1993,5.117
6/28/1993,5.338
6/29/1993,5.22
6/30/1993,4.214
7/1/1993,6.124
7/2/1993,3.959
7/3/1993,5.36
7/4/1993,5.703
7/5/1993,3.258
7/6/1993,3.959
7/7/1993,6.064
7/8/1993,4.693
7/9/1993,4.575
7/10/1993,4.326
7/11/1993,3.161
7/12/1993,5.167
7/13/1993,3.634
7/14/1993,3.941
7/15/1993,3.523
7/16/1993,5.173
7/17/1993,4.784
7/18/1993,3.284
7/19/1993,4.588
7/20/1993,3.508
7/21/1993,4.588
7/22/1993,3.724
7/23/1993,4.284
7/24/1993,0.778
7/25/1993,5.408
7/26/1993,6.088
7/27/1993,3.831
7/28/1993,4.712
7/29/1993,1.254
7/30/1993,5.969
7/31/1993,3.027
8/1/1993,3.231
8/2/1993,4.287
8/3/1993,5.566
8/4/1993,1.573
8/5/1993,3.603
8/6/1993,4.006
8/7/1993,3.608
8/8/1993,3.271
8/9/1993,4.522
8/10/1993,3.213
8/11/1993,3.201
8/12/1993,3.363
8/13/1993,3.624
8/14/1993,3.625
8/15/1993,3.823
8/16/1993,2.923
8/17/1993,1.909
8/18/1993,6.117
8/19/1993,3.288
8/20/1993,4.649
8/21/1993,3.568
8/22/1993,3.907
8/23/1993,4.38
8/24/1993,2.322
8/25/1993,3.614
8/26/1993,3.46
8/27/1993,4.397
8/28/1993,2.706
8/29/1993,3.957
8/30/1993,2.763
8/31/1993,4.447
9/1/1993,2.733
9/2/1993,4.358
9/3/1993,3.002
9/4/1993,2.551
9/5/1993,3.295
9/6/1993,1.117
9/7/1993,6.115
9/8/1993,3.04
9/9/1993,2.531
9/10/1993,3.629
9/11/1993,3.306
9/12/1993,2.791
9/13/1993,4.576
9/14/1993,2.908
9/15/1993,3.793
9/16/1993,3.402
9/17/1993,3.608
9/18/1993,5.655
9/19/1993,1.627
9/20/1993,3.02
9/21/1993,1.297
9/22/1993,4.445
9/23/1993,4.762
9/24/1993,2.094
9/25/1993,2.845
9/26/1993,3.368
9/27/1993,3.568
9/28/1993,3.971
9/29/1993,2.472
9/30/1993,4.052
10/1/1993,2.795
10/2/1993,3.402
10/3/1993,3.992
10/4/1993,2.956
10/5/1993,3.688
10/6/1993,3.117
10/7/1993,2.793
10/8/1993,4.906
10/9/1993,6.085
10/10/1993,4.624
10/11/1993,2.564
10/12/1993,1.092
10/13/1993,3.056
10/14/1993,2.573
10/15/1993,5.277
10/16/1993,4.056
10/17/1993,4.278
10/18/1993,4.942
10/19/1993,4.07
10/20/1993,3.517
10/21/1993,2.979
10/22/1993,4.157
10/23/1993,3.853
10/24/1993,2.784
10/25/1993,3.783
10/26/1993,3.316
10/27/1993,3.196
10/28/1993,4.19
10/29/1993,4.112
10/30/1993,3.243
10/31/1993,3.989
11/1/1993,3.926
11/2/1993,3.295
11/3/1993,3.767
11/4/1993,3.6
11/5/1993,2.379
11/6/1993,4.097
11/7/1993,2.489
11/8/1993,4.479
11/9/1993,2.822
11/10/1993,3.794
11/11/1993,3.223
11/12/1993,4.527
11/13/1993,2.269
11/14/1993,3.419
11/15/1993,3.151
11/16/1993,3.318
11/17/1993,4.401
11/18/1993,1.859
11/19/1993,3.757
11/20/1993,2.113
11/21/1993,3.793
11/22/1993,3.843
11/23/1993,3.442
11/24/1993,3.341
11/25/1993,2.752
11/26/1993,1.376
11/27/1993,5.377
11/28/1993,1.522
11/29/1993,7.201
11/30/1993,3.893
12/1/1993,3.894
12/2/1993,2.598
12/3/1993,3.667
12/4/1993,3.138
12/5/1993,3.853
12/6/1993,4.588
12/7/1993,6.785
12/8/1993,14.829
12/9/1993,8.959
12/10/1993,7.454
12/11/1993,8.756
12/12/1993,6.712
12/13/1993,9.731
12/14/1993,7.695
12/15/1993,5.216
12/16/1993,4.305
12/17/1993,4.507
12/18/1993,4.241
12/19/1993,2.645
12/20/1993,5.084
12/21/1993,4.033
12/22/1993,4.307
12/23/1993,3.807
12/24/1993,2.585
12/25/1993,4.78
12/26/1993,1.9
12/27/1993,4.872
12/28/1993,3.916
12/29/1993,3.65
12/30/1993,4.024
12/31/1993,3.72
1/1/1994,1.132
1/2/1994,5.844
1/3/1994,2.942
1/4/1994,5.377
1/5/1994,5.002
1/6/1994,3.534
1/7/1994,4.409
1/8/1994,2.37
1/9/1994,4.324
1/10/1994,5.714
1/11/1994,3.736
1/12/1994,3.292
1/13/1994,4.232
1/14/1994,3.689
1/15/1994,2.009
1/16/1994,4.157
1/17/1994,5.348
1/18/1994,3.44
1/19/1994,3.889
1/20/1994,3.468
1/21/1994,4.303
1/22/1994,3.954
1/23/1994,9.881
1/24/1994,17.942
1/25/1994,13.208
1/26/1994,9.619
1/27/1994,6.808
1/28/1994,6.889
1/29/1994,3.551
1/30/1994,6.301
1/31/1994,5.637
2/1/1994,4.839
2/2/1994,2.814
2/3/1994,4.374
2/4/1994,4.843
2/5/1994,5.407
2/6/1994,6.96
2/7/1994,6.076
2/8/1994,5.944
2/9/1994,2.699
2/10/1994,9.315
2/11/1994,5.295
2/12/1994,3.947
2/13/1994,2.784
2/14/1994,6.143
2/15/1994,5.934
2/16/1994,4.443
2/17/1994,11.066
2/18/1994,10.829
2/19/1994,9.92
2/20/1994,8.664
2/21/1994,11.891
2/22/1994,8.96
2/23/1994,6.875
2/24/1994,7.026
2/25/1994,7.864
2/26/1994,9.28
2/27/1994,9.736
2/28/1994,8.37
3/1/1994,6.452
3/2/1994,8.759
3/3/1994,9.515
3/4/1994,7.469
3/5/1994,8.187
3/6/1994,9.569
3/7/1994,4.045
3/8/1994,7.791
3/9/1994,6.216
3/10/1994,7.929
3/11/1994,7.005
3/12/1994,6.85
3/13/1994,5.583
3/14/1994,6.844
3/15/1994,5.76
3/16/1994,7.885
3/17/1994,6.855
3/18/1994,5.511
3/19/1994,5.936
3/20/1994,5.475
3/21/1994,5.478
3/22/1994,4.934
3/23/1994,4.966
3/24/1994,6.391
3/25/1994,3.608
3/26/1994,3.704
3/27/1994,4.793
3/28/1994,7.095
3/29/1994,4.896
3/30/1994,5.096
3/31/1994,5.898
4/1/1994,2.828
4/2/1994,5.142
4/3/1994,3.055
4/4/1994,6.991
4/5/1994,5.63
4/6/1994,2.246
4/7/1994,5.045
4/8/1994,6.812
4/9/1994,6.616
4/10/1994,2.728
4/11/1994,3.166
4/12/1994,5.01
4/13/1994,4.508
4/14/1994,4.498
4/15/1994,4.166
4/16/1994,5.783
4/17/1994,4.943
4/18/1994,3.383
4/19/1994,4.55
4/20/1994,5.069
4/21/1994,4.403
4/22/1994,4.544
4/23/1994,6.063
4/24/1994,4.92
4/25/1994,7.085
4/26/1994,6.422
4/27/1994,5.051
4/28/1994,5.657
4/29/1994,2.837
4/30/1994,3.547
5/1/1994,4.86
5/2/1994,5.152
5/3/1994,4.438
5/4/1994,7.29
5/5/1994,3.615
5/6/1994,7.191
5/7/1994,4.298
5/8/1994,5.204
5/9/1994,4.754
5/10/1994,6.943
5/11/1994,5.78
5/12/1994,4.78
5/13/1994,6.739
5/14/1994,3.853
5/15/1994,3.791
5/16/1994,5.194
5/17/1994,5.091
5/18/1994,2.963
5/19/1994,3.661
5/20/1994,4.786
5/21/1994,5.024
5/22/1994,4.439
5/23/1994,5.028
5/24/1994,2.9
5/25/1994,5.582
5/26/1994,2.526
5/27/1994,5.57
5/28/1994,3.14
5/29/1994,3.252
5/30/1994,4.421
5/31/1994,4.987
6/1/1994,2.803
6/2/1994,3.621
6/3/1994,3.288
6/4/1994,4.551
6/5/1994,3.474
6/6/1994,3.383
6/7/1994,2.4
6/8/1994,3.98
6/9/1994,4.344
6/10/1994,3.428
6/11/1994,0.697
6/12/1994,3.705
6/13/1994,4.762
6/14/1994,1.012
6/15/1994,4.006
6/16/1994,4.142
6/17/1994,3.054
6/18/1994,2.18
6/19/1994,1.836
6/20/1994,5.361
6/21/1994,2.185
6/22/1994,3.189
6/23/1994,4.027
6/24/1994,1.888
6/25/1994,3.544
6/26/1994,2.008
6/27/1994,4.781
6/28/1994,2.006
6/29/1994,3.494
6/30/1994,2.52
7/1/1994,3.401
7/2/1994,2.962
7/3/1994,2.646
7/4/1994,3.248
7/5/1994,2.842
7/6/1994,3.017
7/7/1994,2.545
7/8/1994,3.575
7/9/1994,3.261
7/10/1994,1.662
7/11/1994,2.569
7/12/1994,3.618
7/13/1994,2.144
7/14/1994,3.233
7/15/1994,1.55
7/16/1994,3.825
7/17/1994,1.702
7/18/1994,2.658
7/19/1994,2.716
7/20/1994,3.144
7/21/1994,2.341
7/22/1994,3.04
7/23/1994,2.203
7/24/1994,1.377
7/25/1994,5.205
7/26/1994,0.992
7/27/1994,2.814
7/28/1994,3.258
7/29/1994,2.733
7/30/1994,0.98
7/31/1994,4.98
8/1/1994,1.674
8/2/1994,2.824
8/3/1994,3.292
8/4/1994,3.622
8/5/1994,1.47
8/6/1994,1.03
8/7/1994,1.515
8/8/1994,4.029
8/9/1994,3.041
8/10/1994,2.556
8/11/1994,2.334
8/12/1994,2.315
8/13/1994,4.243
8/14/1994,1.208
8/15/1994,3.25
8/16/1994,2.725
8/17/1994,2.162
8/18/1994,2.068
8/19/1994,2.383
8/20/1994,2.52
8/21/1994,1.31
8/22/1994,4.301
8/23/1994,2.537
8/24/1994,2.995
8/25/1994,2.855
8/26/1994,3.142
8/27/1994,2.209
8/28/1994,1.03
8/29/1994,3.616
8/30/1994,3.164
8/31/1994,3.48
9/1/1994,2.559
9/2/1994,1.778
9/3/1994,2.798
9/4/1994,2.28
9/5/1994,2.43
9/6/1994,2.535
9/7/1994,3.037
9/8/1994,2.223
9/9/1994,3.091
9/10/1994,2.403
9/11/1994,1.566
9/12/1994,3.573
9/13/1994,3.23
9/14/1994,2.229
9/15/1994,3.691
9/16/1994,3.181
9/17/1994,2.277
9/18/1994,1.953
9/19/1994,1.862
9/20/1994,4.132
9/21/1994,2.308
9/22/1994,1.591
9/23/1994,2.122
9/24/1994,4.051
9/25/1994,2.157
9/26/1994,3.359
9/27/1994,2.892
9/28/1994,2.401
9/29/1994,4.019
9/30/1994,1.946
10/1/1994,0.951
10/2/1994,2.658
10/3/1994,3.669
10/4/1994,3.057
10/5/1994,3.065
10/6/1994,2.73
10/7/1994,2.848
10/8/1994,2.24
10/9/1994,2.242
10/10/1994,4.405
10/11/1994,2.364
10/12/1994,2.613
10/13/1994,3.486
10/14/1994,3.22
10/15/1994,2.111
10/16/1994,2.434
10/17/1994,4.022
10/18/1994,2.611
10/19/1994,2.519
10/20/1994,2.757
10/21/1994,3.991
10/22/1994,4.237
10/23/1994,4.482
10/24/1994,5.283
10/25/1994,1.188
10/26/1994,4.012
10/27/1994,3.226
10/28/1994,0.947
10/29/1994,3.721
10/30/1994,1.371
10/31/1994,4.257
11/1/1994,3.283
11/2/1994,3.598
11/3/1994,1.569
11/4/1994,5.002
11/5/1994,2.819
11/6/1994,3.179
11/7/1994,2.442
11/8/1994,3.96
11/9/1994,8.318
11/10/1994,6.619
11/11/1994,4.92
11/12/1994,3.155
11/13/1994,3.308
11/14/1994,4.944
11/15/1994,1.907
11/16/1994,4.379
11/17/1994,2.73
11/18/1994,3.725
11/19/1994,2.944
11/20/1994,1.998
11/21/1994,4.676
11/22/1994,2.982
11/23/1994,3.543
11/24/1994,1.093
11/25/1994,4.396
11/26/1994,3.825
11/27/1994,5.114
11/28/1994,2.746
11/29/1994,2.638
11/30/1994,3.61
12/1/1994,3.849
12/2/1994,2.461
12/3/1994,5.311
12/4/1994,4.222
12/5/1994,3.29
12/6/1994,2.975
12/7/1994,3.506
12/8/1994,4.538
12/9/1994,3.64
12/10/1994,2.535
12/11/1994,3.275
12/12/1994,4.776
12/13/1994,3.557
12/14/1994,6.755
12/15/1994,2.143
12/16/1994,6.257
12/17/1994,4.365
12/18/1994,2.979
12/19/1994,6.687
12/20/1994,3.907
12/21/1994,3.723
12/22/1994,4.821
12/23/1994,1.623
12/24/1994,4.887
12/25/1994,3.399
12/26/1994,4.278
12/27/1994,3.903
12/28/1994,4.82
12/29/1994,3.284
12/30/1994,3.65
12/31/1994,2.463
1/1/1995,4.945
1/2/1995,1.983
1/3/1995,5.424
1/4/1995,5.085
1/5/1995,4.461
1/6/1995,8.402
1/7/1995,20.358
1/8/1995,55.871
1/9/1995,111.63
1/10/1995,85.727
1/11/1995,69.957
1/12/1995,83.08
1/13/1995,89.17
1/14/1995,91.025
1/15/1995,49.567
1/16/1995,34.622
1/17/1995,25.529
1/18/1995,20.398
1/19/1995,16.383
1/20/1995,15.24
1/21/1995,12.939
1/22/1995,17.563
1/23/1995,26.666
1/24/1995,26.622
1/25/1995,24.851
1/26/1995,21.224
1/27/1995,24.956
1/28/1995,23.761
1/29/1995,23.572
1/30/1995,30.381
1/31/1995,46.643
2/1/1995,50.57
2/2/1995,36.644
2/3/1995,29.666
2/4/1995,23.356
2/5/1995,20.98
2/6/1995,18.066
2/7/1995,16.372
2/8/1995,16.932
2/9/1995,13.996
2/10/1995,13.251
2/11/1995,13.394
2/12/1995,11.987
2/13/1995,13.52
2/14/1995,12.534
2/15/1995,11.17
2/16/1995,8.64
2/17/1995,11.265
2/18/1995,9.826
2/19/1995,10.104
2/20/1995,7.902
2/21/1995,10.364
2/22/1995,9.375
2/23/1995,10.638
2/24/1995,9.705
2/25/1995,9.735
2/26/1995,6.692
2/27/1995,8.201
2/28/1995,9.021
3/1/1995,9.179
3/2/1995,16.252
3/3/1995,22.895
3/4/1995,19.821
3/5/1995,18.764
3/6/1995,14.013
3/7/1995,14.01
3/8/1995,20.46
3/9/1995,86.855
3/10/1995,95.803
3/11/1995,91.537
3/12/1995,59.27
3/13/1995,73.201
3/14/1995,100.317
3/15/1995,76.281
3/16/1995,45.043
3/17/1995,33.163
3/18/1995,34.775
3/19/1995,30.02
3/20/1995,44.488
3/21/1995,42.248
3/22/1995,44.486
3/23/1995,37.616
3/24/1995,30.375
3/25/1995,26.95
3/26/1995,23.404
3/27/1995,22.222
3/28/1995,20.295
3/29/1995,19.961
3/30/1995,18.757
3/31/1995,18.13
4/1/1995,17.423
4/2/1995,17.163
4/3/1995,15.465
4/4/1995,15.591
4/5/1995,16.367
4/6/1995,28.734
4/7/1995,57.87
4/8/1995,43.741
4/9/1995,31.187
4/10/1995,26.239
4/11/1995,22.425
4/12/1995,21.419
4/13/1995,24.441
4/14/1995,21.786
4/15/1995,18.961
4/16/1995,17.658
4/17/1995,16.859
4/18/1995,16.658
4/19/1995,15.492
4/20/1995,21.293
4/21/1995,14.476
4/22/1995,13.856
4/23/1995,13.603
4/24/1995,13.183
4/25/1995,12.758
4/26/1995,12.761
4/27/1995,14.238
4/28/1995,14.197
4/29/1995,24.858
4/30/1995,26.574
5/1/1995,39.97
5/2/1995,36.109
5/3/1995,33.82
5/4/1995,31.637
5/5/1995,27.191
5/6/1995,25.159
5/7/1995,22.729
5/8/1995,20.596
5/9/1995,20.112
5/10/1995,19.254
5/11/1995,17.441
5/12/1995,17.501
5/13/1995,16.626
5/14/1995,15.468
5/15/1995,15.438
5/16/1995,14.494
5/17/1995,14.241
5/18/1995,14.063
5/19/1995,12.799
5/20/1995,13.939
5/21/1995,12.235
5/22/1995,13.28
5/23/1995,12.772
5/24/1995,11.195
5/25/1995,11.414
5/26/1995,10.981
5/27/1995,10.444
5/28/1995,10.226
5/29/1995,11.099
5/30/1995,8.743
5/31/1995,10.644
6/1/1995,9.198
6/2/1995,9.57
6/3/1995,9.788
6/4/1995,6.985
6/5/1995,9.29
6/6/1995,8.952
6/7/1995,8.162
6/8/1995,8.877
6/9/1995,6.947
6/10/1995,7.283
6/11/1995,7.117
6/12/1995,8.938
6/13/1995,6.935
6/14/1995,12.664
6/15/1995,10.508
6/16/1995,11.489
6/17/1995,8.78
6/18/1995,8.515
6/19/1995,9.816
6/20/1995,8.339
6/21/1995,8.497
6/22/1995,8.017
6/23/1995,8.766
6/24/1995,7.31
6/25/1995,7.841
6/26/1995,7.153
6/27/1995,6.875
6/28/1995,6.51
6/29/1995,7.806
6/30/1995,6.996
7/1/1995,6.366
7/2/1995,5.556
7/3/1995,5.607
7/4/1995,6.525
7/5/1995,6.077
7/6/1995,5.576
7/7/1995,7.042
7/8/1995,4.379
7/9/1995,5.407
7/10/1995,5.724
7/11/1995,6.158
7/12/1995,4.576
7/13/1995,5.721
7/14/1995,4.97
7/15/1995,5.524
7/16/1995,4.977
7/17/1995,5.478
7/18/1995,6.17
7/19/1995,5.453
7/20/1995,5.769
7/21/1995,5.643
7/22/1995,5.76
7/23/1995,5.354
7/24/1995,2.449
7/25/1995,4.843
7/26/1995,5.017
7/27/1995,3.91
7/28/1995,4.363
7/29/1995,7.669
7/30/1995,4.71
7/31/1995,1.579
8/1/1995,3.171
8/2/1995,3.564
8/3/1995,6.559
8/4/1995,2.606
8/5/1995,5.839
8/6/1995,5.149
8/7/1995,3.328
8/8/1995,3.465
8/9/1995,5.113
8/10/1995,4.146
8/11/1995,6.208
8/12/1995,3.821
8/13/1995,4.653
8/14/1995,4.467
8/15/1995,4.666
8/16/1995,4.087
8/17/1995,4.781
8/18/1995,4.768
8/19/1995,3.29
8/20/1995,5.163
8/21/1995,4.842
8/22/1995,4.947
8/23/1995,1.727
8/24/1995,4.602
8/25/1995,4.484
8/26/1995,3.143
8/27/1995,4.535
8/28/1995,4.781
8/29/1995,3.548
8/30/1995,4.818
8/31/1995,2.579
9/1/1995,3.972
9/2/1995,3.694
9/3/1995,3.864
9/4/1995,3.852
9/5/1995,4.932
9/6/1995,3.342
9/7/1995,3.645
9/8/1995,4.659
9/9/1995,2.725
9/10/1995,4.925
9/11/1995,5.073
9/12/1995,1.587
9/13/1995,2.811
9/14/1995,3.929
9/15/1995,3.863
9/16/1995,2.94
9/17/1995,4.216
9/18/1995,4.797
9/19/1995,3.233
9/20/1995,4.603
9/21/1995,3.139
9/22/1995,3.481
9/23/1995,3.576
9/24/1995,3.249
9/25/1995,4.666
9/26/1995,4.319
9/27/1995,2.848
9/28/1995,3.388
9/29/1995,3.879
9/30/1995,5.087
10/1/1995,2.741
10/2/1995,4.695
10/3/1995,2.912
10/4/1995,3.455
10/5/1995,3.947
10/6/1995,2.992
10/7/1995,3.289
10/8/1995,4.596
10/9/1995,3.891
10/10/1995,3.015
10/11/1995,4.739
10/12/1995,4.502
10/13/1995,3.04
10/14/1995,4.204
10/15/1995,3.832
10/16/1995,4.382
10/17/1995,4.555
10/18/1995,3.044
10/19/1995,3.539
10/20/1995,4.513
10/21/1995,3.712
10/22/1995,3.5
10/23/1995,4.364
10/24/1995,2.731
10/25/1995,4.273
10/26/1995,3.797
10/27/1995,3.341
10/28/1995,3.286
10/29/1995,5.017
10/30/1995,5.059
10/31/1995,2.776
11/1/1995,4.346
11/2/1995,3.872
11/3/1995,3.946
11/4/1995,2.533
11/5/1995,3.332
11/6/1995,4.499
11/7/1995,3.585
11/8/1995,3.991
11/9/1995,4.253
11/10/1995,4.061
11/11/1995,3.307
11/12/1995,3.435
11/13/1995,3.935
11/14/1995,3.868
11/15/1995,4.476
11/16/1995,3.542
11/17/1995,3.746
11/18/1995,3.693
11/19/1995,3.995
11/20/1995,4.432
11/21/1995,2.37
11/22/1995,4.002
11/23/1995,3.554
11/24/1995,3.764
11/25/1995,3.481
11/26/1995,2.692
11/27/1995,4.476
11/28/1995,2.836
11/29/1995,2.727
11/30/1995,3.315
12/1/1995,4.726
12/2/1995,3.202
12/3/1995,4.425
12/4/1995,4.417
12/5/1995,4.159
12/6/1995,5.434
12/7/1995,3.418
12/8/1995,4.096
12/9/1995,4.567
12/10/1995,5.584
12/11/1995,11.525
12/12/1995,30.058
12/13/1995,19.892
12/14/1995,14.259
12/15/1995,23.965
12/16/1995,15.184
12/17/1995,9.411
12/18/1995,7.719
12/19/1995,5.19
12/20/1995,8.641
12/21/1995,6.738
12/22/1995,4.077
12/23/1995,5.85
12/24/1995,4.578
12/25/1995,5.06
12/26/1995,4.328
12/27/1995,4.227
12/28/1995,5.58
12/29/1995,7.177
12/30/1995,5.871
12/31/1995,6.15
1/1/1996,6.294
1/2/1996,6.738
1/3/1996,5.318
1/4/1996,5.683
1/5/1996,5.91
1/6/1996,4.339
1/7/1996,6.519
1/8/1996,4.635
1/9/1996,5.949
1/10/1996,6.979
1/11/1996,4.566
1/12/1996,7.175
1/13/1996,5.12
1/14/1996,5.309
1/15/1996,6.285
1/16/1996,15.504
1/17/1996,16.762
1/18/1996,12.173
1/19/1996,8.357
1/20/1996,16.17
1/21/1996,14.289
1/22/1996,10.15
1/23/1996,9.814
1/24/1996,14.074
1/25/1996,13.565
1/26/1996,10.569
1/27/1996,12.664
1/28/1996,12.407
1/29/1996,9.416
1/30/1996,7.976
1/31/1996,9.229
2/1/1996,12.861
2/2/1996,8.742
2/3/1996,10.816
2/4/1996,25.983
2/5/1996,48.519
2/6/1996,34.684
2/7/1996,31.68
2/8/1996,25.427
2/9/1996,22.884
2/10/1996,21.231
2/11/1996,17.96
2/12/1996,17.08
2/13/1996,15.634
2/14/1996,13.391
2/15/1996,13.294
2/16/1996,14.306
2/17/1996,38.438
2/18/1996,54.589
2/19/1996,60.265
2/20/1996,62.971
2/21/1996,68.733
2/22/1996,43.324
2/23/1996,34.546
2/24/1996,28.95
2/25/1996,22.881
2/26/1996,21.205
2/27/1996,18.457
2/28/1996,20.636
2/29/1996,24.371
3/1/1996,20.024
3/2/1996,18.475
3/3/1996,18.637
3/4/1996,31.905
3/5/1996,31.179
3/6/1996,26.453
3/7/1996,22.785
3/8/1996,19.23
3/9/1996,19.294
3/10/1996,19.835
3/11/1996,24.486
3/12/1996,23.513
3/13/1996,20.766
3/14/1996,19.47
3/15/1996,17.107
3/16/1996,15.939
3/17/1996,15.155
3/18/1996,13.2
3/19/1996,14.197
3/20/1996,13.494
3/21/1996,12.6
3/22/1996,11.063
3/23/1996,12.346
3/24/1996,12.478
3/25/1996,9.88
3/26/1996,9.059
3/27/1996,12.851
3/28/1996,9.913
3/29/1996,9.774
3/30/1996,10.13
3/31/1996,9.796
4/1/1996,14.939
4/2/1996,15.312
4/3/1996,13.386
4/4/1996,13.121
4/5/1996,12.13
4/6/1996,11.676
4/7/1996,9.741
4/8/1996,11.732
4/9/1996,11.304
4/10/1996,11.621
4/11/1996,8.169
4/12/1996,10.703
4/13/1996,9.239
4/14/1996,10.514
4/15/1996,9.683
4/16/1996,11.587
4/17/1996,13.018
4/18/1996,11.447
4/19/1996,12.222
4/20/1996,11.401
4/21/1996,11.099
4/22/1996,10.97
4/23/1996,10.287
4/24/1996,15.128
4/25/1996,11.945
4/26/1996,12.223
4/27/1996,10.685
4/28/1996,12.473
4/29/1996,9.656
4/30/1996,11.093
5/1/1996,9.415
5/2/1996,9.371
5/3/1996,9.473
5/4/1996,8.925
5/5/1996,7.912
5/6/1996,8.215
5/7/1996,8.086
5/8/1996,8.585
5/9/1996,7.24
5/10/1996,8.303
5/11/1996,6.078
5/12/1996,6.964
5/13/1996,7.835
5/14/1996,6.487
5/15/1996,9.874
5/16/1996,16.768
5/17/1996,34.959
5/18/1996,42.959
5/19/1996,25.507
5/20/1996,18.307
5/21/1996,19.97
5/22/1996,17.113
5/23/1996,14.616
5/24/1996,14.696
5/25/1996,14.696
5/26/1996,12.12
5/27/1996,11.649
5/28/1996,12.892
5/29/1996,11.797
5/30/1996,9.036
5/31/1996,9.543
6/1/1996,9.927
6/2/1996,9.059
6/3/1996,8.51
6/4/1996,8.69
6/5/1996,7.012
6/6/1996,10.679
6/7/1996,6.118
6/8/1996,6.434
6/9/1996,6.946
6/10/1996,5.849
6/11/1996,8.39
6/12/1996,6.1
6/13/1996,5.28
6/14/1996,6.512
6/15/1996,7.387
6/16/1996,4.57
6/17/1996,5.408
6/18/1996,4.205
6/19/1996,5.236
6/20/1996,6.044
6/21/1996,7.289
6/22/1996,2.062
6/23/1996,7.52
6/24/1996,3.361
6/25/1996,6.658
6/26/1996,5.49
6/27/1996,5.706
6/28/1996,4.294
6/29/1996,7.233
6/30/1996,3.224
7/1/1996,4.108
7/2/1996,8.101
7/3/1996,3.83
7/4/1996,5.669
7/5/1996,4.659
7/6/1996,5.82
7/7/1996,4.494
7/8/1996,3.855
7/9/1996,5.883
7/10/1996,5.575
7/11/1996,4.973
7/12/1996,2.282
7/13/1996,6.929
7/14/1996,1.523
7/15/1996,5.062
7/16/1996,5.262
7/17/1996,4.839
7/18/1996,5.187
7/19/1996,2.379
7/20/1996,6.502
7/21/1996,2.545
7/22/1996,4.154
7/23/1996,5.335
7/24/1996,4.196
7/25/1996,2.388
7/26/1996,6.156
7/27/1996,3.205
7/28/1996,4.001
7/29/1996,4.461
7/30/1996,3.909
7/31/1996,3.681
8/1/1996,4.063
8/2/1996,3.868
8/3/1996,3.85
8/4/1996,4.485
8/5/1996,4.225
8/6/1996,4.46
8/7/1996,3.313
8/8/1996,4.961
8/9/1996,4.645
8/10/1996,3.884
8/11/1996,3.267
8/12/1996,5.176
8/13/1996,3.422
8/14/1996,3.519
8/15/1996,3.757
8/16/1996,3.118
8/17/1996,3.139
8/18/1996,3.439
8/19/1996,6.429
8/20/1996,1.768
8/21/1996,7.129
8/22/1996,3.942
8/23/1996,5.346
8/24/1996,1.053
8/25/1996,4.419
8/26/1996,4.326
8/27/1996,4.056
8/28/1996,3.086
8/29/1996,4.99
8/30/1996,3.268
8/31/1996,4.168
9/1/1996,2.063
9/2/1996,4.316
9/3/1996,4.26
9/4/1996,4.257
9/5/1996,3.951
9/6/1996,2.954
9/7/1996,3.275
9/8/1996,3.851
9/9/1996,4.277
9/10/1996,3.389
9/11/1996,4.555
9/12/1996,3.582
9/13/1996,5.579
9/14/1996,3.34
9/15/1996,3.527
9/16/1996,5.293
9/17/1996,3.296
9/18/1996,3.698
9/19/1996,3.943
9/20/1996,4.906
9/21/1996,3.399
9/22/1996,2.836
9/23/1996,5.209
9/24/1996,3.917
9/25/1996,3.609
9/26/1996,4.405
9/27/1996,3.742
9/28/1996,2.971
9/29/1996,2.818
9/30/1996,5.238
10/1/1996,4.286
10/2/1996,4.665
10/3/1996,3.215
10/4/1996,4.679
10/5/1996,4.287
10/6/1996,3.358
10/7/1996,3.342
10/8/1996,3.904
10/9/1996,3.52
10/10/1996,5.563
10/11/1996,3.733
10/12/1996,4.06
10/13/1996,3.01
10/14/1996,3.168
10/15/1996,4.478
10/16/1996,4.41
10/17/1996,4.117
10/18/1996,3.844
10/19/1996,4.347
10/20/1996,2.713
10/21/1996,3.487
10/22/1996,5.045
10/23/1996,3.99
10/24/1996,3.815
10/25/1996,3.377
10/26/1996,4.683
10/27/1996,5.1
10/28/1996,3.559
10/29/1996,7.196
10/30/1996,5.693
10/31/1996,3.888
11/1/1996,2.207
11/2/1996,4.311
11/3/1996,3.814
11/4/1996,4.372
11/5/1996,4.5
11/6/1996,3.806
11/7/1996,4.125
11/8/1996,4.05
11/9/1996,3.191
11/10/1996,4.194
11/11/1996,4.156
11/12/1996,3.744
11/13/1996,4.712
11/14/1996,3.469
11/15/1996,4.024
11/16/1996,4.45
11/17/1996,6.558
11/18/1996,14.631
11/19/1996,19.369
11/20/1996,14.562
11/21/1996,10.943
11/22/1996,13.905
11/23/1996,10.586
11/24/1996,7.615
11/25/1996,6.922
11/26/1996,5.376
11/27/1996,5.5
11/28/1996,5.822
11/29/1996,5.435
11/30/1996,4.735
12/1/1996,6.269
12/2/1996,3.627
12/3/1996,5.967
12/4/1996,10.432
12/5/1996,5.285
12/6/1996,5.786
12/7/1996,17.547
12/8/1996,29.843
12/9/1996,66.119
12/10/1996,65.784
12/11/1996,38.874
12/12/1996,31.514
12/13/1996,28.342
12/14/1996,20.362
12/15/1996,16.09
12/16/1996,14.032
12/17/1996,11.818
12/18/1996,9.789
12/19/1996,8.99
12/20/1996,10.897
12/21/1996,8.812
12/22/1996,7.5
12/23/1996,10.51
12/24/1996,7.798
12/25/1996,9.561
12/26/1996,10.78
12/27/1996,16.343
12/28/1996,38.881
12/29/1996,78.417
12/30/1996,102.073
12/31/1996,168.335
1/1/1997,215.623
1/2/1997,119.344
1/3/1997,73.495
1/4/1997,57.35
1/5/1997,54.4
1/6/1997,37.39
1/7/1997,31.736
1/8/1997,25.575
1/9/1997,23.383
1/10/1997,18.286
1/11/1997,16.215
1/12/1997,15.264
1/13/1997,12.686
1/14/1997,12.04
1/15/1997,8.637
1/16/1997,10.865
1/17/1997,10.134
1/18/1997,11.084
1/19/1997,9.197
1/20/1997,9.536
1/21/1997,14.381
1/22/1997,17.186
1/23/1997,13.016
1/24/1997,13.27
1/25/1997,16.727
1/26/1997,51.759
1/27/1997,38.01
1/28/1997,36.059
1/29/1997,29.549
1/30/1997,26.907
1/31/1997,24.82
2/1/1997,23.096
2/2/1997,21.994
2/3/1997,20.778
2/4/1997,20.318
2/5/1997,16.714
2/6/1997,16.443
2/7/1997,14.815
2/8/1997,13.561
2/9/1997,13.314
2/10/1997,12.188
2/11/1997,12.353
2/12/1997,11.486
2/13/1997,11.521
2/14/1997,11.831
2/15/1997,10.727
2/16/1997,10.053
2/17/1997,9.948
2/18/1997,9.52
2/19/1997,12.367
2/20/1997,9.714
2/21/1997,10.785
2/22/1997,8.269
2/23/1997,9.268
2/24/1997,7.723
2/25/1997,10.158
2/26/1997,7.329
2/27/1997,9.029
2/28/1997,7.69
3/1/1997,8.388
3/2/1997,9.454
3/3/1997,8.449
3/4/1997,8.425
3/5/1997,8.606
3/6/1997,8.038
3/7/1997,7.354
3/8/1997,7.148
3/9/1997,7.899
3/10/1997,7.543
3/11/1997,8.323
3/12/1997,7.09
3/13/1997,6.887
3/14/1997,6.992
3/15/1997,8.187
3/16/1997,8.669
3/17/1997,10.223
3/18/1997,7.629
3/19/1997,9.835
3/20/1997,8.009
3/21/1997,10.177
3/22/1997,8.028
3/23/1997,8.518
3/24/1997,7.846
3/25/1997,9.109
3/26/1997,8.317
3/27/1997,8.241
3/28/1997,8.011
3/29/1997,8.579
3/30/1997,6.751
3/31/1997,6.999
4/1/1997,8.769
4/2/1997,6.163
4/3/1997,7.658
4/4/1997,6.855
4/5/1997,7.227
4/6/1997,6.375
4/7/1997,5.971
4/8/1997,6.679
4/9/1997,6.239
4/10/1997,7.313
4/11/1997,4.48
4/12/1997,6.792
4/13/1997,7.03
4/14/1997,5.557
4/15/1997,5.62
4/16/1997,6.886
4/17/1997,5.726
4/18/1997,9.923
4/19/1997,6.984
4/20/1997,12.378
4/21/1997,10.029
4/22/1997,10.851
4/23/1997,11.507
4/24/1997,8.443
4/25/1997,10.138
4/26/1997,8.291
4/27/1997,8.275
4/28/1997,10.049
4/29/1997,6.741
4/30/1997,7.67
5/1/1997,7.915
5/2/1997,7.457
5/3/1997,6.442
5/4/1997,8.086
5/5/1997,7.081
5/6/1997,6.694
5/7/1997,6.127
5/8/1997,5.796
5/9/1997,5.536
5/10/1997,6.762
5/11/1997,5.937
5/12/1997,6.518
5/13/1997,6.36
5/14/1997,4.817
5/15/1997,6.107
5/16/1997,5.414
5/17/1997,4.537
5/18/1997,5.007
5/19/1997,6.271
5/20/1997,4.514
5/21/1997,5.744
5/22/1997,3.62
5/23/1997,8.574
5/24/1997,5.722
5/25/1997,3.514
5/26/1997,4.872
5/27/1997,3.622
5/28/1997,4.904
5/29/1997,5.02
5/30/1997,5.256
5/31/1997,5.251
6/1/1997,5.9
6/2/1997,3.004
6/3/1997,7.317
6/4/1997,5.871
6/5/1997,4.871
6/6/1997,5.372
6/7/1997,5.216
6/8/1997,6.19
6/9/1997,3.003
6/10/1997,5.709
6/11/1997,4.639
6/12/1997,4.984
6/13/1997,4.858
6/14/1997,6.183
6/15/1997,3.599
6/16/1997,4.143
6/17/1997,5.727
6/18/1997,4.606
6/19/1997,4.082
6/20/1997,5.045
6/21/1997,4.542
6/22/1997,4.434
6/23/1997,2.363
6/24/1997,5.309
6/25/1997,3.094
6/26/1997,4.719
6/27/1997,3.698
6/28/1997,2.241
6/29/1997,5.503
6/30/1997,5.044
7/1/1997,4.479
7/2/1997,4.086
7/3/1997,5.32
7/4/1997,2.814
7/5/1997,4.775
7/6/1997,3.466
7/7/1997,5.501
7/8/1997,3.908
7/9/1997,4.244
7/10/1997,3.132
7/11/1997,5.075
7/12/1997,3.729
7/13/1997,3.45
7/14/1997,4.415
7/15/1997,4.05
7/16/1997,3.545
7/17/1997,3.917
7/18/1997,3.969
7/19/1997,3.604
7/20/1997,4.142
7/21/1997,4.486
7/22/1997,4.075
7/23/1997,3.262
7/24/1997,3.485
7/25/1997,3.802
7/26/1997,4.134
7/27/1997,3.819
7/28/1997,3.985
7/29/1997,3.739
7/30/1997,4.598
7/31/1997,3.843
8/1/1997,4.509
8/2/1997,3.938
8/3/1997,4.042
8/4/1997,3.36
8/5/1997,3.741
8/6/1997,2.582
8/7/1997,3.269
8/8/1997,3.552
8/9/1997,4.144
8/10/1997,3.671
8/11/1997,4.603
8/12/1997,3.94
8/13/1997,2.631
8/14/1997,4.752
8/15/1997,3.928
8/16/1997,3.592
8/17/1997,3.663
8/18/1997,3.369
8/19/1997,4.18
8/20/1997,5.07
8/21/1997,4.105
8/22/1997,4.436
8/23/1997,3.784
8/24/1997,3.02
8/25/1997,4.186
8/26/1997,3.468
8/27/1997,3.955
8/28/1997,4.134
8/29/1997,3.839
8/30/1997,3.329
8/31/1997,4.04
9/1/1997,4.06
9/2/1997,3.502
9/3/1997,6.284
9/4/1997,4.987
9/5/1997,3.99
9/6/1997,1.752
9/7/1997,4.108
9/8/1997,3.971
9/9/1997,5.893
9/10/1997,3.701
9/11/1997,5.461
9/12/1997,3.5
9/13/1997,3.027
9/14/1997,5.202
9/15/1997,5.504
9/16/1997,4.946
9/17/1997,4.141
9/18/1997,4.867
9/19/1997,4.148
9/20/1997,3.21
9/21/1997,3.863
9/22/1997,4.147
9/23/1997,4.468
9/24/1997,3.64
9/25/1997,3.992
9/26/1997,3.38
9/27/1997,3.542
9/28/1997,4.027
9/29/1997,2.474
9/30/1997,3.253
10/1/1997,4.249
10/2/1997,3.163
10/3/1997,4.246
10/4/1997,3.402
10/5/1997,2.574
10/6/1997,6.078
10/7/1997,2.548
10/8/1997,5.993
10/9/1997,4.519
10/10/1997,6.048
10/11/1997,2.566
10/12/1997,4.459
10/13/1997,4.56
10/14/1997,4.051
10/15/1997,3.853
10/16/1997,4.124
10/17/1997,4.679
10/18/1997,3.879
10/19/1997,3.96
10/20/1997,4.661
10/21/1997,3.62
10/22/1997,3.446
10/23/1997,3.784
10/24/1997,3.483
10/25/1997,3.968
10/26/1997,3.529
10/27/1997,5.6
10/28/1997,4.029
10/29/1997,5.023
10/30/1997,2.863
10/31/1997,3.801
11/1/1997,4.18
11/2/1997,4.199
11/3/1997,4.789
11/4/1997,2.823
11/5/1997,4.064
11/6/1997,4.242
11/7/1997,4.629
11/8/1997,5.271
11/9/1997,2.138
11/10/1997,5.35
11/11/1997,4.184
11/12/1997,4.245
11/13/1997,5.524
11/14/1997,5.721
11/15/1997,7.136
11/16/1997,11.545
11/17/1997,9.217
11/18/1997,6.239
11/19/1997,16.166
11/20/1997,11.381
11/21/1997,2.885
11/22/1997,6.572
11/23/1997,6.855
11/24/1997,10.57
11/25/1997,13.586
11/26/1997,16.135
11/27/1997,11.598
11/28/1997,8.821
11/29/1997,9.25
11/30/1997,9.303
12/1/1997,5.807
12/2/1997,8.89
12/3/1997,8.373
12/4/1997,6.477
12/5/1997,7.044
12/6/1997,5.179
12/7/1997,13.434
12/8/1997,11.162
12/9/1997,8.763
12/10/1997,8.131
12/11/1997,5.849
12/12/1997,7.253
12/13/1997,7.264
12/14/1997,8.04
12/15/1997,7.807
12/16/1997,5.298
12/17/1997,9.693
12/18/1997,6.331
12/19/1997,7.867
12/20/1997,7.451
12/21/1997,6.336
12/22/1997,6.324
12/23/1997,5.353
12/24/1997,6.911
12/25/1997,4.451
12/26/1997,6.055
12/27/1997,4.238
12/28/1997,5.639
12/29/1997,5.796
12/30/1997,4.981
12/31/1997,5.931
1/1/1998,5.774
1/2/1998,12.549
1/3/1998,20.582
1/4/1998,19.838
1/5/1998,14.982
1/6/1998,12.569
1/7/1998,11.425
1/8/1998,9.101
1/9/1998,9.236
1/10/1998,8.482
1/11/1998,22.536
1/12/1998,39.188
1/13/1998,29.562
1/14/1998,38.597
1/15/1998,38.644
1/16/1998,35.514
1/17/1998,49.868
1/18/1998,54.708
1/19/1998,49.952
1/20/1998,36.761
1/21/1998,27.449
1/22/1998,22.652
1/23/1998,18.612
1/24/1998,17.649
1/25/1998,17.315
1/26/1998,28.151
1/27/1998,33.965
1/28/1998,26.209
1/29/1998,35.921
1/30/1998,22.1
1/31/1998,32.053
2/1/1998,41.366
2/2/1998,44.263
2/3/1998,78.535
2/4/1998,54.901
2/5/1998,59.602
2/6/1998,68.327
2/7/1998,75.712
2/8/1998,61.231
2/9/1998,39.649
2/10/1998,30.465
2/11/1998,26.425
2/12/1998,29.198
2/13/1998,32.565
2/14/1998,41.2
2/15/1998,34.156
2/16/1998,29.219
2/17/1998,26.323
2/18/1998,26.933
2/19/1998,38.198
2/20/1998,39.207
2/21/1998,37.185
2/22/1998,32.601
2/23/1998,28.94
2/24/1998,26.866
2/25/1998,22.789
2/26/1998,18.906
2/27/1998,16.949
2/28/1998,15.998
3/1/1998,16.444
3/2/1998,16.736
3/3/1998,17.972
3/4/1998,17.369
3/5/1998,16.657
3/6/1998,15.501
3/7/1998,14.514
3/8/1998,14.064
3/9/1998,13.018
3/10/1998,11.687
3/11/1998,12.787
3/12/1998,9.956
3/13/1998,16.617
3/14/1998,15.291
3/15/1998,15.834
3/16/1998,17.444
3/17/1998,17.595
3/18/1998,16.13
3/19/1998,16.073
3/20/1998,15.805
3/21/1998,17.715
3/22/1998,38.024
3/23/1998,66.173
3/24/1998,60.223
3/25/1998,35.198
3/26/1998,28.921
3/27/1998,24.429
3/28/1998,22.498
3/29/1998,20.813
3/30/1998,18.119
3/31/1998,19.105
4/1/1998,17.579
4/2/1998,18.89
4/3/1998,19.763
4/4/1998,20.329
4/5/1998,18.29
4/6/1998,19.042
4/7/1998,17.168
4/8/1998,18.06
4/9/1998,18.254
4/10/1998,19.362
4/11/1998,20.604
4/12/1998,19.456
4/13/1998,19.122
4/14/1998,17.991
4/15/1998,16.882
4/16/1998,16.001
4/17/1998,13.932
4/18/1998,14.906
4/19/1998,13.408
4/20/1998,13.541
4/21/1998,14.872
4/22/1998,14.519
4/23/1998,14.678
4/24/1998,15.994
4/25/1998,14.769
4/26/1998,14.667
4/27/1998,14.695
4/28/1998,14.317
4/29/1998,15.584
4/30/1998,14.595
5/1/1998,16.685
5/2/1998,17.717
5/3/1998,15.674
5/4/1998,15.327
5/5/1998,14.656
5/6/1998,14.903
5/7/1998,15.471
5/8/1998,17.826
5/9/1998,17.538
5/10/1998,17.444
5/11/1998,18.337
5/12/1998,18.75
5/13/1998,18.458
5/14/1998,19.242
5/15/1998,19.767
5/16/1998,21.848
5/17/1998,20.538
5/18/1998,19.429
5/19/1998,20.763
5/20/1998,16.9
5/21/1998,18.071
5/22/1998,16.511
5/23/1998,15.332
5/24/1998,16.955
5/25/1998,17.88
5/26/1998,19.076
5/27/1998,18.835
5/28/1998,26.173
5/29/1998,31.675
5/30/1998,26.938
5/31/1998,23.253
6/1/1998,20.46
6/2/1998,20.643
6/3/1998,21.247
6/4/1998,17.96
6/5/1998,18.461
6/6/1998,17.645
6/7/1998,17.282
6/8/1998,16.901
6/9/1998,16.931
6/10/1998,17.286
6/11/1998,17.52
6/12/1998,18.969
6/13/1998,18.454
6/14/1998,17.345
6/15/1998,21.986
6/16/1998,17.513
6/17/1998,15.309
6/18/1998,16.656
6/19/1998,14.292
6/20/1998,14.443
6/21/1998,12.163
6/22/1998,14.257
6/23/1998,12.023
6/24/1998,12.627
6/25/1998,12.265
6/26/1998,10.784
6/27/1998,12.829
6/28/1998,9.326
6/29/1998,9.023
6/30/1998,10.196
7/1/1998,10.587
7/2/1998,9.157
7/3/1998,6.964
7/4/1998,10.255
7/5/1998,7.849
7/6/1998,8.906
7/7/1998,7.827
7/8/1998,7.767
7/9/1998,7.834
7/10/1998,7.722
7/11/1998,7.103
7/12/1998,7.376
7/13/1998,6.708
7/14/1998,7.402
7/15/1998,6.917
7/16/1998,5.757
7/17/1998,6.907
7/18/1998,6.302
7/19/1998,6.774
7/20/1998,6.046
7/21/1998,5.495
7/22/1998,6.858
7/23/1998,6.296
7/24/1998,6.811
7/25/1998,4.913
7/26/1998,6.416
7/27/1998,4.751
7/28/1998,6.187
7/29/1998,5.351
7/30/1998,5.691
7/31/1998,4.793
8/1/1998,6.534
8/2/1998,4.723
8/3/1998,8.341
8/4/1998,7.436
8/5/1998,3.646
8/6/1998,4.724
8/7/1998,5.964
8/8/1998,5.116
8/9/1998,5.913
8/10/1998,4.77
8/11/1998,5.743
8/12/1998,4.715
8/13/1998,5.481
8/14/1998,5.867
8/15/1998,6.11
8/16/1998,4.591
8/17/1998,2.834
8/18/1998,5.63
8/19/1998,4.603
8/20/1998,5.972
8/21/1998,6.116
8/22/1998,4.428
8/23/1998,4.181
8/24/1998,5.388
8/25/1998,3.592
8/26/1998,5.39
8/27/1998,4.437
8/28/1998,5.608
8/29/1998,5.953
8/30/1998,4.222
8/31/1998,4.377
9/1/1998,5.118
9/2/1998,4.718
9/3/1998,5.889
9/4/1998,4.139
9/5/1998,4.76
9/6/1998,4.794
9/7/1998,5.588
9/8/1998,4.748
9/9/1998,5.003
9/10/1998,4.925
9/11/1998,5.295
9/12/1998,5.338
9/13/1998,3.529
9/14/1998,4.208
9/15/1998,4.625
9/16/1998,4.568
9/17/1998,5.127
9/18/1998,4.11
9/19/1998,3.992
9/20/1998,4.378
9/21/1998,5.05
9/22/1998,5.54
9/23/1998,5.587
9/24/1998,4.777
9/25/1998,5.628
9/26/1998,3.713
9/27/1998,4.142
9/28/1998,3.305
9/29/1998,5.278
9/30/1998,5.733
10/1/1998,7.248
10/2/1998,2.652
10/3/1998,1.883
10/4/1998,4.69
10/5/1998,6.23
10/6/1998,6.448
10/7/1998,4.826
10/8/1998,5.175
10/9/1998,6.337
10/10/1998,1.789
10/11/1998,4.847
10/12/1998,4.998
10/13/1998,3.125
10/14/1998,5.5
10/15/1998,5.65
10/16/1998,5.889
10/17/1998,5.654
10/18/1998,4.638
10/19/1998,4.39
10/20/1998,4.465
10/21/1998,4.818
10/22/1998,4.932
10/23/1998,5.954
10/24/1998,6.44
10/25/1998,5.36
10/26/1998,4.712
10/27/1998,8.004
10/28/1998,2.486
10/29/1998,5.301
10/30/1998,4.81
10/31/1998,5.355
11/1/1998,8.112
11/2/1998,1.594
11/3/1998,6.23
11/4/1998,5.459
11/5/1998,3.541
11/6/1998,13.493
11/7/1998,10.15
11/8/1998,5.808
11/9/1998,6.095
11/10/1998,8.084
11/11/1998,5.956
11/12/1998,5.563
11/13/1998,6.01
11/14/1998,5.357
11/15/1998,5.205
11/16/1998,5.971
11/17/1998,7.828
11/18/1998,5.924
11/19/1998,5.773
11/20/1998,5.438
11/21/1998,11.652
11/22/1998,9.603
11/23/1998,27.588
11/24/1998,15.765
11/25/1998,11.97
11/26/1998,14.361
11/27/1998,13.217
11/28/1998,11.356
11/29/1998,16.376
11/30/1998,38.91
12/1/1998,30.152
12/2/1998,25.57
12/3/1998,34.276
12/4/1998,21.628
12/5/1998,18.503
12/6/1998,14.384
12/7/1998,12.104
12/8/1998,10.897
12/9/1998,9.829
12/10/1998,8.875
12/11/1998,9.394
12/12/1998,8.942
12/13/1998,9.711
12/14/1998,9.885
12/15/1998,9.297
12/16/1998,8.7
12/17/1998,9.151
12/18/1998,9.149
12/19/1998,7.903
12/20/1998,7.135
12/21/1998,7.013
12/22/1998,6.412
12/23/1998,7.375
12/24/1998,5.565
12/25/1998,6.768
12/26/1998,7.034
12/27/1998,6.46
12/28/1998,6.879
12/29/1998,6.453
12/30/1998,6.504
12/31/1998,6.544
1/1/1999,6.399
1/2/1999,5.919
1/3/1999,6.421
1/4/1999,6.23
1/5/1999,5.364
1/6/1999,5.965
1/7/1999,6.071
1/8/1999,5.868
1/9/1999,6.396
1/10/1999,4.628
1/11/1999,5.643
1/12/1999,6.207
1/13/1999,5.725
1/14/1999,6.251
1/15/1999,6.239
1/16/1999,7.084
1/17/1999,12.451
1/18/1999,20.567
1/19/1999,22.655
1/20/1999,26.161
1/21/1999,21.543
1/22/1999,25.254
1/23/1999,29.349
1/24/1999,20.837
1/25/1999,16.905
1/26/1999,15.805
1/27/1999,13.471
1/28/1999,11.593
1/29/1999,11.049
1/30/1999,10.138
1/31/1999,10.205
2/1/1999,8.458
2/2/1999,8.84
2/3/1999,8.139
2/4/1999,8.323
2/5/1999,8.565
2/6/1999,21.701
2/7/1999,40.815
2/8/1999,28.697
2/9/1999,41.133
2/10/1999,27.892
2/11/1999,22.9
2/12/1999,19.432
2/13/1999,17.862
2/14/1999,16.096
2/15/1999,15.811
2/16/1999,19.121
2/17/1999,19.188
2/18/1999,21.305
2/19/1999,19.443
2/20/1999,21.78
2/21/1999,22.139
2/22/1999,20.615
2/23/1999,22.17
2/24/1999,22.749
2/25/1999,30.095
2/26/1999,24.754
2/27/1999,22.022
2/28/1999,31.257
3/1/1999,31.122
3/2/1999,26.744
3/3/1999,26.825
3/4/1999,24.27
3/5/1999,22.078
3/6/1999,20.572
3/7/1999,18.339
3/8/1999,20.722
3/9/1999,18.396
3/10/1999,17.042
3/11/1999,15.778
3/12/1999,15.245
3/13/1999,14.061
3/14/1999,14.487
3/15/1999,13.21
3/16/1999,13.041
3/17/1999,13.205
3/18/1999,13.298
3/19/1999,12.992
3/20/1999,13.389
3/21/1999,13.472
3/22/1999,13.662
3/23/1999,12.839
3/24/1999,22.017
3/25/1999,26.362
3/26/1999,20.37
3/27/1999,17.873
3/28/1999,16.14
3/29/1999,14.951
3/30/1999,14.855
3/31/1999,14.637
4/1/1999,12.866
4/2/1999,12.479
4/3/1999,12.277
4/4/1999,11.173
4/5/1999,14.225
4/6/1999,11.113
4/7/1999,12.262
4/8/1999,16.032
4/9/1999,15.947
4/10/1999,14.086
4/11/1999,13.359
4/12/1999,13.704
4/13/1999,13.966
4/14/1999,12.803
4/15/1999,13.517
4/16/1999,13.783
4/17/1999,13.164
4/18/1999,14.409
4/19/1999,14.173
4/20/1999,14.925
4/21/1999,14.625
4/22/1999,13.956
4/23/1999,13.215
4/24/1999,13.326
4/25/1999,12.71
4/26/1999,13.465
4/27/1999,12.822
4/28/1999,11.921
4/29/1999,12.051
4/30/1999,11.623
5/1/1999,11.566
5/2/1999,12.182
5/3/1999,12.222
5/4/1999,11.519
5/5/1999,11.728
5/6/1999,11.186
5/7/1999,11.717
5/8/1999,10.77
5/9/1999,10.229
5/10/1999,9.85
5/11/1999,10.09
5/12/1999,10.045
5/13/1999,9.488
5/14/1999,9.226
5/15/1999,8.879
5/16/1999,10.195
5/17/1999,8.08
5/18/1999,9.356
5/19/1999,9.289
5/20/1999,9.33
5/21/1999,8.955
5/22/1999,9.067
5/23/1999,9.102
5/24/1999,9.61
5/25/1999,10.054
5/26/1999,9.694
5/27/1999,9.52
5/28/1999,9.044
5/29/1999,9.806
5/30/1999,8.507
5/31/1999,8.646
6/1/1999,8.182
6/2/1999,8.635
6/3/1999,7.901
6/4/1999,7.942
6/5/1999,7.32
6/6/1999,8.554
6/7/1999,7.061
6/8/1999,7.689
6/9/1999,7.149
6/10/1999,6.854
6/11/1999,7.114
6/12/1999,6.022
6/13/1999,6.616
6/14/1999,6.024
6/15/1999,6.645
6/16/1999,6.063
6/17/1999,6.233
6/18/1999,5.996
6/19/1999,4.814
6/20/1999,5.432
6/21/1999,6.126
6/22/1999,5.389
6/23/1999,5.512
6/24/1999,5.396
6/25/1999,5.593
6/26/1999,5.838
6/27/1999,5.525
6/28/1999,5.27
6/29/1999,5.227
6/30/1999,5.439
7/1/1999,5.662
7/2/1999,5.148
7/3/1999,5.58
7/4/1999,4.949
7/5/1999,4.811
7/6/1999,5.163
7/7/1999,4.826
7/8/1999,5.005
7/9/1999,5.009
7/10/1999,5.338
7/11/1999,4.346
7/12/1999,4.943
7/13/1999,4.256
7/14/1999,5.532
7/15/1999,5.548
7/16/1999,4.891
7/17/1999,3.709
7/18/1999,4.627
7/19/1999,3.484
7/20/1999,5.055
7/21/1999,4.735
7/22/1999,4.528
7/23/1999,4.572
7/24/1999,5.047
7/25/1999,4.348
7/26/1999,4.572
7/27/1999,4.346
7/28/1999,4.823
7/29/1999,4.62
7/30/1999,3.486
7/31/1999,4.926
8/1/1999,5.072
8/2/1999,4.011
8/3/1999,4.23
8/4/1999,3.806
8/5/1999,4.662
8/6/1999,3.973
8/7/1999,4.221
8/8/1999,3.874
8/9/1999,4.438
8/10/1999,4.872
8/11/1999,4.255
8/12/1999,4.485
8/13/1999,4.476
8/14/1999,4.41
8/15/1999,4.369
8/16/1999,4.414
8/17/1999,4.574
8/18/1999,4.069
8/19/1999,4.391
8/20/1999,4.837
8/21/1999,4.223
8/22/1999,4.435
8/23/1999,4.29
8/24/1999,4.46
8/25/1999,4.815
8/26/1999,3.956
8/27/1999,4.408
8/28/1999,4.288
8/29/1999,3.664
8/30/1999,4.694
8/31/1999,4.107
9/1/1999,3.896
9/2/1999,4.738
9/3/1999,4.094
9/4/1999,4.413
9/5/1999,4.233
9/6/1999,4.217
9/7/1999,4.724
9/8/1999,3.935
9/9/1999,4.044
9/10/1999,4.301
9/11/1999,3.914
9/12/1999,3.706
9/13/1999,4.031
9/14/1999,4.115
9/15/1999,4.217
9/16/1999,4.092
9/17/1999,4.504
9/18/1999,4.203
9/19/1999,4.615
9/20/1999,4.147
9/21/1999,4.353
9/22/1999,4.061
9/23/1999,4.809
9/24/1999,4.66
9/25/1999,4.025
9/26/1999,3.808
9/27/1999,3.402
9/28/1999,4.229
9/29/1999,3.681
9/30/1999,4.573
10/1/1999,4.449
10/2/1999,3.932
10/3/1999,4.429
10/4/1999,3.83
10/5/1999,4.057
10/6/1999,5.269
10/7/1999,3.864
10/8/1999,4.588
10/9/1999,4.339
10/10/1999,4.278
10/11/1999,4.135
10/12/1999,4.451
10/13/1999,4.576
10/14/1999,4.136
10/15/1999,4.153
10/16/1999,4.368
10/17/1999,4.577
10/18/1999,3.843
10/19/1999,4.687
10/20/1999,4.828
10/21/1999,4.438
10/22/1999,4.308
10/23/1999,4.43
10/24/1999,3.969
10/25/1999,4.431
10/26/1999,4.312
10/27/1999,5.616
10/28/1999,7.98
10/29/1999,3.876
10/30/1999,5.477
10/31/1999,5.964
11/1/1999,4.754
11/2/1999,4.865
11/3/1999,4.928
11/4/1999,5.446
11/5/1999,4.709
11/6/1999,4.943
11/7/1999,5.183
11/8/1999,6.327
11/9/1999,4.715
11/10/1999,9.256
11/11/1999,7.385
11/12/1999,5.563
11/13/1999,4.568
11/14/1999,4.523
11/15/1999,5.802
11/16/1999,7.093
11/17/1999,6.716
11/18/1999,4.872
11/19/1999,7.729
11/20/1999,7.372
11/21/1999,5.912
11/22/1999,4.863
11/23/1999,5.199
11/24/1999,5.111
11/25/1999,5.818
11/26/1999,4.86
11/27/1999,5.05
11/28/1999,4.52
11/29/1999,7.487
11/30/1999,10.024
12/1/1999,8.847
12/2/1999,7.243
12/3/1999,6.715
12/4/1999,5.951
12/5/1999,5.445
12/6/1999,5.494
12/7/1999,5.575
12/8/1999,5.48
12/9/1999,6.03
12/10/1999,5.109
12/11/1999,5.364
12/12/1999,5.325
12/13/1999,5.733
12/14/1999,5.067
12/15/1999,5.108
12/16/1999,4.69
12/17/1999,5.327
12/18/1999,4.671
12/19/1999,4.408
12/20/1999,5.816
12/21/1999,5.164
12/22/1999,4.485
12/23/1999,5.063
12/24/1999,4.749
12/25/1999,4.517
12/26/1999,4.944
12/27/1999,4.392
12/28/1999,4.622
12/29/1999,4.382
12/30/1999,4.527
12/31/1999,4.19
1/1/2000,5.011
1/2/2000,4.623
1/3/2000,4.503
1/4/2000,5.024
1/5/2000,4.839
1/6/2000,4.587
1/7/2000,4.515
1/8/2000,4.975
1/9/2000,4.534
1/10/2000,6.32
1/11/2000,14.957
1/12/2000,8.666
1/13/2000,9.227
1/14/2000,18.836
1/15/2000,29.946
1/16/2000,33.876
1/17/2000,18.542
1/18/2000,16.562
1/19/2000,18.731
1/20/2000,27.383
1/21/2000,18.378
1/22/2000,13.686
1/23/2000,19.295
1/24/2000,24.484
1/25/2000,22.029
1/26/2000,17.242
1/27/2000,14.952
1/28/2000,12.926
1/29/2000,11.192
1/30/2000,14.4
1/31/2000,14.415
2/1/2000,12.926
2/2/2000,12.972
2/3/2000,12.031
2/4/2000,11.789
2/5/2000,20.414
2/6/2000,22.844
2/7/2000,16.158
2/8/2000,14.214
2/9/2000,13.024
2/10/2000,15.143
2/11/2000,23.476
2/12/2000,35.974
2/13/2000,50.106
2/14/2000,74.004
2/15/2000,41.142
2/16/2000,28.561
2/17/2000,23.28
2/18/2000,19.435
2/19/2000,17.277
2/20/2000,16.537
2/21/2000,17.259
2/22/2000,30.037
2/23/2000,32.925
2/24/2000,23.497
2/25/2000,20.761
2/26/2000,37.403
2/27/2000,55.436
2/28/2000,39.7
2/29/2000,40.676
3/1/2000,31.201
3/2/2000,26.591
3/3/2000,21.495
3/4/2000,21.1
3/5/2000,24.384
3/6/2000,22.464
3/7/2000,22.25
3/8/2000,25.486
3/9/2000,26.948
3/10/2000,26.948
3/11/2000,25.093
3/12/2000,22.258
3/13/2000,20.176
3/14/2000,18.377
3/15/2000,17.297
3/16/2000,16.441
3/17/2000,15.648
3/18/2000,14.126
3/19/2000,13.975
3/20/2000,13.544
3/21/2000,12.588
3/22/2000,12.269
3/23/2000,12.013
3/24/2000,11.665
3/25/2000,11.352
3/26/2000,10.812
3/27/2000,10.817
3/28/2000,10.961
3/29/2000,10.436
3/30/2000,10.226
3/31/2000,10.192
4/1/2000,10.359
4/2/2000,9.015
4/3/2000,10.025
4/4/2000,10.891
4/5/2000,10.256
4/6/2000,10.614
4/7/2000,10.08
4/8/2000,10.411
4/9/2000,10.405
4/10/2000,9.416
4/11/2000,10.071
4/12/2000,10.125
4/13/2000,16.936
4/14/2000,14.828
4/15/2000,13.907
4/16/2000,17.032
4/17/2000,27.986
4/18/2000,21.902
4/19/2000,17.875
4/20/2000,15.303
4/21/2000,14.347
4/22/2000,13.278
4/23/2000,12.182
4/24/2000,11.634
4/25/2000,11.454
4/26/2000,10.974
4/27/2000,10.11
4/28/2000,10.516
4/29/2000,9.646
4/30/2000,9.533
5/1/2000,9.307
5/2/2000,8.779
5/3/2000,9.404
5/4/2000,6.356
5/5/2000,8.788
5/6/2000,8.447
5/7/2000,8.932
5/8/2000,8.068
5/9/2000,8.164
5/10/2000,8.899
5/11/2000,7.851
5/12/2000,7.676
5/13/2000,7.896
5/14/2000,8.021
5/15/2000,8.88
5/16/2000,8.075
5/17/2000,7.919
5/18/2000,7.828
5/19/2000,7.605
5/20/2000,8.13
5/21/2000,8.307
5/22/2000,8.279
5/23/2000,8.781
5/24/2000,8.346
5/25/2000,8.411
5/26/2000,7.62
5/27/2000,7.683
5/28/2000,7.434
5/29/2000,6.914
5/30/2000,6.918
5/31/2000,6.217
6/1/2000,6.787
6/2/2000,6.53
6/3/2000,6.668
6/4/2000,6.023
6/5/2000,6.374
6/6/2000,5.824
6/7/2000,6.248
6/8/2000,6.662
6/9/2000,6.332
6/10/2000,6.078
6/11/2000,5.672
6/12/2000,6.227
6/13/2000,5.831
6/14/2000,5.808
6/15/2000,6.509
6/16/2000,6.19
6/17/2000,5.541
6/18/2000,5.439
6/19/2000,5.678
6/20/2000,5.627
6/21/2000,5.421
6/22/2000,5.371
6/23/2000,5.352
6/24/2000,4.453
6/25/2000,5.714
6/26/2000,4.906
6/27/2000,5.332
6/28/2000,5.236
6/29/2000,4.701
6/30/2000,5.192
7/1/2000,4.889
7/2/2000,4.389
7/3/2000,5.257
7/4/2000,4.734
7/5/2000,5.002
7/6/2000,5.264
7/7/2000,4.825
7/8/2000,5.002
7/9/2000,4.599
7/10/2000,4.941
7/11/2000,4.669
7/12/2000,4.891
7/13/2000,4.464
7/14/2000,4.918
7/15/2000,4.816
7/16/2000,4.743
7/17/2000,4.376
7/18/2000,4.528
7/19/2000,4.528
7/20/2000,4.837
7/21/2000,4.634
7/22/2000,5.077
7/23/2000,4.846
7/24/2000,4.41
7/25/2000,4.239
7/26/2000,5.122
7/27/2000,4.888
7/28/2000,4.499
7/29/2000,4.987
7/30/2000,4.279
7/31/2000,4.639
8/1/2000,4.297
8/2/2000,4.792
8/3/2000,5.034
8/4/2000,4.337
8/5/2000,4.698
8/6/2000,4.229
8/7/2000,4.752
8/8/2000,3.876
8/9/2000,4.353
8/10/2000,4.287
8/11/2000,4.38
8/12/2000,4.61
8/13/2000,4.404
8/14/2000,4.554
8/15/2000,4.367
8/16/2000,4.262
8/17/2000,4.326
8/18/2000,4.701
8/19/2000,4.054
8/20/2000,3.964
8/21/2000,4.229
8/22/2000,4.364
8/23/2000,4.552
8/24/2000,3.726
8/25/2000,4.341
8/26/2000,4.262
8/27/2000,4.188
8/28/2000,3.89
8/29/2000,3.84
8/30/2000,4.078
8/31/2000,4.144
9/1/2000,7.888
9/2/2000,5.451
9/3/2000,4.54
9/4/2000,4.518
9/5/2000,4.219
9/6/2000,4.095
9/7/2000,4.162
9/8/2000,4.535
9/9/2000,4.142
9/10/2000,4.42
9/11/2000,3.742
9/12/2000,4.18
9/13/2000,4.374
9/14/2000,4.438
9/15/2000,4.072
9/16/2000,4.239
9/17/2000,4.181
9/18/2000,4.353
9/19/2000,4.357
9/20/2000,4.127
9/21/2000,4.205
9/22/2000,4.824
9/23/2000,4.143
9/24/2000,4.209
9/25/2000,3.967
9/26/2000,4.156
9/27/2000,4.015
9/28/2000,4.036
9/29/2000,4.188
9/30/2000,4.098
10/1/2000,4.111
10/2/2000,3.948
10/3/2000,3.407
10/4/2000,4.739
10/5/2000,4.325
10/6/2000,4.033
10/7/2000,4.367
10/8/2000,4.309
10/9/2000,4.537
10/10/2000,4.53
10/11/2000,4.591
10/12/2000,4.133
10/13/2000,4.383
10/14/2000,4.071
10/15/2000,3.132
10/16/2000,4.067
10/17/2000,4.038
10/18/2000,4.055
10/19/2000,4.024
10/20/2000,4.148
10/21/2000,4.139
10/22/2000,4.176
10/23/2000,4.274
10/24/2000,4.145
10/25/2000,4.714
10/26/2000,4.917
10/27/2000,4.615
10/28/2000,6.356
10/29/2000,6.386
10/30/2000,6.094
10/31/2000,4.8
11/1/2000,4.521
11/2/2000,4.958
11/3/2000,4.342
11/4/2000,3.672
11/5/2000,4.826
11/6/2000,4.247
11/7/2000,4.319
11/8/2000,4.805
11/9/2000,4.827
11/10/2000,4.454
11/11/2000,4.317
11/12/2000,4.312
11/13/2000,4.954
11/14/2000,4.639
11/15/2000,4.785
11/16/2000,4.28
11/17/2000,4.32
11/18/2000,3.368
11/19/2000,4.123
11/20/2000,5.201
11/21/2000,4.319
11/22/2000,4.47
11/23/2000,4.149
11/24/2000,4.641
11/25/2000,4.584
11/26/2000,4.234
11/27/2000,3.964
11/28/2000,4.502
11/29/2000,6.471
11/30/2000,5.601
12/1/2000,4.763
12/2/2000,4.606
12/3/2000,4.606
12/4/2000,5.422
12/5/2000,3.69
12/6/2000,4.536
12/7/2000,4.31
12/8/2000,4.868
12/9/2000,4.585
12/10/2000,4.45
12/11/2000,5.259
12/12/2000,4.922
12/13/2000,8.466
12/14/2000,8.513
12/15/2000,6.961
12/16/2000,5.467
12/17/2000,5.117
12/18/2000,4.863
12/19/2000,4.52
12/20/2000,5.077
12/21/2000,4.776
12/22/2000,5.494
12/23/2000,5.331
12/24/2000,4.626
12/25/2000,4.563
12/26/2000,4.48
12/27/2000,4.434
12/28/2000,4.088
12/29/2000,4.845
12/30/2000,4.561
12/31/2000,4.555
1/1/2001,4.331
1/2/2001,4.434
1/3/2001,4.479
1/4/2001,4.526
1/5/2001,4.536
1/6/2001,4.776
1/7/2001,3.55
1/8/2001,6.422
1/9/2001,5.586
1/10/2001,8.615
1/11/2001,8.893
1/12/2001,5.884
1/13/2001,6.121
1/14/2001,5.237
1/15/2001,4.806
1/16/2001,4.612
1/17/2001,5.084
1/18/2001,4.543
1/19/2001,4.611
1/20/2001,5.119
1/21/2001,4.511
1/22/2001,5.004
1/23/2001,5.773
1/24/2001,6.863
1/25/2001,8.48
1/26/2001,6.555
1/27/2001,6.119
1/28/2001,5.338
1/29/2001,6.107
1/30/2001,5.337
1/31/2001,4.889
2/1/2001,4.582
2/2/2001,5.11
2/3/2001,4.951
2/4/2001,4.848
2/5/2001,5.111
2/6/2001,5.241
2/7/2001,5.096
2/8/2001,5.097
2/9/2001,7.672
2/10/2001,6.432
2/11/2001,8.09
2/12/2001,6.301
2/13/2001,5.555
2/14/2001,5.512
2/15/2001,5.559
2/16/2001,5.798
2/17/2001,7.1
2/18/2001,10.185
2/19/2001,12.672
2/20/2001,23.262
2/21/2001,34.267
2/22/2001,25.627
2/23/2001,15.623
2/24/2001,14.35
2/25/2001,14.591
2/26/2001,11.872
2/27/2001,9.94
2/28/2001,9.373
3/1/2001,8.775
3/2/2001,9.96
3/3/2001,8.553
3/4/2001,17.236
3/5/2001,24.563
3/6/2001,16.259
3/7/2001,13.529
3/8/2001,12.844
3/9/2001,11.759
3/10/2001,10.894
3/11/2001,9.428
3/12/2001,8.844
3/13/2001,8.934
3/14/2001,8.35
3/15/2001,8.566
3/16/2001,7.945
3/17/2001,7.883
3/18/2001,7.404
3/19/2001,8.27
3/20/2001,9.081
3/21/2001,8.794
3/22/2001,9.831
3/23/2001,9.739
3/24/2001,11.298
3/25/2001,13.092
3/26/2001,10.488
3/27/2001,9.393
3/28/2001,9.061
3/29/2001,8.974
3/30/2001,8.883
3/31/2001,9.066
4/1/2001,8.154
4/2/2001,8.089
4/3/2001,7.757
4/4/2001,7.039
4/5/2001,6.9
4/6/2001,9.59
4/7/2001,7.247
4/8/2001,6.832
4/9/2001,6.57
4/10/2001,6.421
4/11/2001,6.378
4/12/2001,6.256
4/13/2001,6.297
4/14/2001,6.074
4/15/2001,6.215
4/16/2001,6.256
4/17/2001,6.642
4/18/2001,7.824
4/19/2001,7.696
4/20/2001,8.908
4/21/2001,7.27
4/22/2001,6.975
4/23/2001,6.589
4/24/2001,7.61
4/25/2001,7.51
4/26/2001,8.077
4/27/2001,7.969
4/28/2001,7.793
4/29/2001,7.785
4/30/2001,7.535
5/1/2001,7.164
5/2/2001,6.59
5/3/2001,6.726
5/4/2001,6.632
5/5/2001,6.485
5/6/2001,6.621
5/7/2001,6.639
5/8/2001,6.711
5/9/2001,6.364
5/10/2001,6.598
5/11/2001,6.547
5/12/2001,6.701
5/13/2001,6.55
5/14/2001,6.346
5/15/2001,7.15
5/16/2001,6.604
5/17/2001,6.142
5/18/2001,6.135
5/19/2001,5.951
5/20/2001,5.571
5/21/2001,5.646
5/22/2001,5.698
5/23/2001,5.342
5/24/2001,5.36
5/25/2001,4.981
5/26/2001,5.075
5/27/2001,4.95
5/28/2001,4.6
5/29/2001,4.249
5/30/2001,4.774
5/31/2001,4.664
6/1/2001,4.46
6/2/2001,4.47
6/3/2001,4.1
6/4/2001,3.977
6/5/2001,4.689
6/6/2001,4.103
6/7/2001,4.05
6/8/2001,4.25
6/9/2001,4.467
6/10/2001,4.232
6/11/2001,4.103
6/12/2001,4.6
6/13/2001,4.278
6/14/2001,4.257
6/15/2001,4.053
6/16/2001,4.895
6/17/2001,3.783
6/18/2001,4.386
6/19/2001,4.104
6/20/2001,4.082
6/21/2001,4.425
6/22/2001,4.289
6/23/2001,4.14
6/24/2001,4.239
6/25/2001,4.113
6/26/2001,4.778
6/27/2001,7.235
6/28/2001,4.913
6/29/2001,4.529
6/30/2001,4.764
7/1/2001,4.123
7/2/2001,4.208
7/3/2001,4.104
7/4/2001,4.368
7/5/2001,4.444
7/6/2001,4.069
7/7/2001,4.356
7/8/2001,4.211
7/9/2001,3.816
7/10/2001,4.194
7/11/2001,2.292
7/12/2001,3.858
7/13/2001,4.135
7/14/2001,4.624
7/15/2001,4.127
7/16/2001,3.967
7/17/2001,4.148
7/18/2001,2.686
7/19/2001,3.498
7/20/2001,4.159
7/21/2001,4.321
7/22/2001,4.118
7/23/2001,3.978
7/24/2001,3.742
7/25/2001,4.25
7/26/2001,4.59
7/27/2001,4.111
7/28/2001,4.251
7/29/2001,4.202
7/30/2001,4.046
7/31/2001,4.272
8/1/2001,4.209
8/2/2001,4.076
8/3/2001,4.411
8/4/2001,4.144
8/5/2001,4.273
8/6/2001,3.915
8/7/2001,3.772
8/8/2001,3.913
8/9/2001,2.86
8/10/2001,3.526
8/11/2001,3.263
8/12/2001,3.918
8/13/2001,3.074
8/14/2001,5.294
8/15/2001,4.951
8/16/2001,3.783
8/17/2001,3.379
8/18/2001,2.849
8/19/2001,5.349
8/20/2001,5.35
8/21/2001,3.382
8/22/2001,3.102
8/23/2001,3.388
8/24/2001,3.285
8/25/2001,3.487
8/26/2001,3.575
8/27/2001,3.05
8/28/2001,3.351
8/29/2001,3.57
8/30/2001,3.497
8/31/2001,3.402
9/1/2001,3.29
9/2/2001,3.478
9/3/2001,3.153
9/4/2001,3.082
9/5/2001,3.392
9/6/2001,2.983
9/7/2001,3.28
9/8/2001,3.277
9/9/2001,3.394
9/10/2001,3.352
9/11/2001,3.187
9/12/2001,3.01
9/13/2001,3.579
9/14/2001,3.29
9/15/2001,3.555
9/16/2001,3.287
9/17/2001,3.423
9/18/2001,3.362
9/19/2001,3.354
9/20/2001,3.372
9/21/2001,3.487
9/22/2001,3.297
9/23/2001,3.237
9/24/2001,3.828
9/25/2001,4.591
9/26/2001,3.587
9/27/2001,3.176
9/28/2001,3.406
9/29/2001,3.027
9/30/2001,3.508
10/1/2001,3.077
10/2/2001,3.032
10/3/2001,3.256
10/4/2001,2.7
10/5/2001,2.7
10/6/2001,3.235
10/7/2001,3.336
10/8/2001,3.329
10/9/2001,3.171
10/10/2001,2.89
10/11/2001,3.333
10/12/2001,3.098
10/13/2001,3.273
10/14/2001,3.167
10/15/2001,3.325
10/16/2001,2.771
10/17/2001,3.5
10/18/2001,3.407
10/19/2001,3.314
10/20/2001,3.155
10/21/2001,3.196
10/22/2001,3.202
10/23/2001,3.376
10/24/2001,3.019
10/25/2001,3.388
10/26/2001,3.658
10/27/2001,3.41
10/28/2001,3.263
10/29/2001,3.974
10/30/2001,6.423
10/31/2001,4.185
11/1/2001,3.607
11/2/2001,3.316
11/3/2001,3.308
11/4/2001,3.602
11/5/2001,3.37
11/6/2001,3.43
11/7/2001,3.422
11/8/2001,3.592
11/9/2001,3.395
11/10/2001,3.392
11/11/2001,5.139
11/12/2001,10.249
11/13/2001,7.745
11/14/2001,5.937
11/15/2001,5.078
11/16/2001,4.991
11/17/2001,5.196
11/18/2001,4.245
11/19/2001,4.923
11/20/2001,5.433
11/21/2001,14.169
11/22/2001,13.863
11/23/2001,7.248
11/24/2001,9.944
11/25/2001,7.067
11/26/2001,6.129
11/27/2001,5.642
11/28/2001,8.185
11/29/2001,9.262
11/30/2001,7.457
12/1/2001,25.59
12/2/2001,30.259
12/3/2001,20.532
12/4/2001,12.834
12/5/2001,16.125
12/6/2001,16.579
12/7/2001,12.432
12/8/2001,10.474
12/9/2001,10.011
12/10/2001,6.449
12/11/2001,7.385
12/12/2001,6.673
12/13/2001,9.29
12/14/2001,9.947
12/15/2001,7.689
12/16/2001,8.08
12/17/2001,8.651
12/18/2001,10.84
12/19/2001,15.647
12/20/2001,18.539
12/21/2001,14.255
12/22/2001,19.706
12/23/2001,18.726
12/24/2001,13.037
12/25/2001,10.787
12/26/2001,9.63
12/27/2001,9.15
12/28/2001,10.477
12/29/2001,12.889
12/30/2001,14.358
12/31/2001,22.11
1/1/2002,21.977
1/2/2002,61.603
1/3/2002,41.197
1/4/2002,25.244
1/5/2002,20.438
1/6/2002,21.081
1/7/2002,21.002
1/8/2002,19.469
1/9/2002,17.201
1/10/2002,15.108
1/11/2002,13.378
1/12/2002,11.979
1/13/2002,11.979
1/14/2002,11
1/15/2002,10.321
1/16/2002,10.273
1/17/2002,8.488
1/18/2002,8.362
1/19/2002,8.249
1/20/2002,7.486
1/21/2002,8.459
1/22/2002,7.667
1/23/2002,7.324
1/24/2002,6.903
1/25/2002,7.139
1/26/2002,7.652
1/27/2002,6.651
1/28/2002,6.396
1/29/2002,6.154
1/30/2002,6.113
1/31/2002,5.7
2/1/2002,5.743
2/2/2002,5.742
2/3/2002,5.754
2/4/2002,5.728
2/5/2002,5.754
2/6/2002,5.795
2/7/2002,10.95
2/8/2002,11.614
2/9/2002,9.316
2/10/2002,7.84
2/11/2002,7.568
2/12/2002,7.297
2/13/2002,7.582
2/14/2002,7.056
2/15/2002,6.939
2/16/2002,7.022
2/17/2002,7.138
2/18/2002,7.467
2/19/2002,13.831
2/20/2002,19.407
2/21/2002,15.114
2/22/2002,13.758
2/23/2002,13.657
2/24/2002,12.852
2/25/2002,11.692
2/26/2002,10.559
2/27/2002,10.745
2/28/2002,8.854
3/1/2002,9.022
3/2/2002,8.524
3/3/2002,7.879
3/4/2002,7.816
3/5/2002,8.12
3/6/2002,10.262
3/7/2002,11.713
3/8/2002,10.345
3/9/2002,10.438
3/10/2002,11.474
3/11/2002,11.272
3/12/2002,10.984
3/13/2002,10.955
3/14/2002,10.138
3/15/2002,9.594
3/16/2002,9.078
3/17/2002,8.562
3/18/2002,8.649
3/19/2002,8.096
3/20/2002,7.879
3/21/2002,7.625
3/22/2002,8.76
3/23/2002,12.331
3/24/2002,9.934
3/25/2002,9.233
3/26/2002,9.067
3/27/2002,8.52
3/28/2002,8.736
3/29/2002,8.097
3/30/2002,8.053
3/31/2002,8.441
4/1/2002,8.713
4/2/2002,8.669
4/3/2002,8.732
4/4/2002,9.607
4/5/2002,8.909
4/6/2002,8.685
4/7/2002,8.309
4/8/2002,8.517
4/9/2002,9.947
4/10/2002,9.592
4/11/2002,9.326
4/12/2002,8.798
4/13/2002,8.525
4/14/2002,9.214
4/15/2002,9.086
4/16/2002,9.471
4/17/2002,8.524
4/18/2002,7.395
4/19/2002,6.694
4/20/2002,7.127
4/21/2002,6.932
4/22/2002,6.732
4/23/2002,7.184
4/24/2002,6.779
4/25/2002,6.868
4/26/2002,6.992
4/27/2002,7.591
4/28/2002,6.893
4/29/2002,7.071
4/30/2002,7.072
5/1/2002,7.037
5/2/2002,6.486
5/3/2002,6.911
5/4/2002,6.33
5/5/2002,6.161
5/6/2002,6.52
5/7/2002,4.977
5/8/2002,5.453
5/9/2002,5.869
5/10/2002,6.076
5/11/2002,6.462
5/12/2002,5.755
5/13/2002,5.648
5/14/2002,5.8
5/15/2002,6.151
5/16/2002,5.906
5/17/2002,5.293
5/18/2002,5.403
5/19/2002,7.171
5/20/2002,7.315
5/21/2002,6.701
5/22/2002,5.806
5/23/2002,5.706
5/24/2002,5.848
5/25/2002,5.393
5/26/2002,5.043
5/27/2002,5.138
5/28/2002,5.369
5/29/2002,5.033
5/30/2002,5.323
5/31/2002,4.988
6/1/2002,5.915
6/2/2002,4.865
6/3/2002,4.827
6/4/2002,4.878
6/5/2002,4.561
6/6/2002,4.406
6/7/2002,4.176
6/8/2002,3.5
6/9/2002,3.485
6/10/2002,4.234
6/11/2002,4.236
6/12/2002,3.422
6/13/2002,4.401
6/14/2002,4.626
6/15/2002,3.531
6/16/2002,4.146
6/17/2002,3.811
6/18/2002,4.374
6/19/2002,3.349
6/20/2002,4.068
6/21/2002,4.07
6/22/2002,3.896
6/23/2002,3.326
6/24/2002,3.625
6/25/2002,3.294
6/26/2002,2.583
6/27/2002,2.713
6/28/2002,2.713
6/29/2002,3.538
6/30/2002,3.019
7/1/2002,3.393
7/2/2002,4.188
7/3/2002,3.975
7/4/2002,3.327
7/5/2002,3.361
7/6/2002,3.319
7/7/2002,2.993
7/8/2002,2.731
7/9/2002,2.753
7/10/2002,3.267
7/11/2002,3.687
7/12/2002,3.673
7/13/2002,4.115
7/14/2002,3.003
7/15/2002,3.665
7/16/2002,3.631
7/17/2002,3.763
7/18/2002,3.744
7/19/2002,3.631
7/20/2002,3.699
7/21/2002,3.414
7/22/2002,3.465
7/23/2002,3.003
7/24/2002,3.307
7/25/2002,3.615
7/26/2002,3.211
7/27/2002,3.019
7/28/2002,3.235
7/29/2002,2.891
7/30/2002,2.734
7/31/2002,3.779
8/1/2002,3.148
8/2/2002,3.006
8/3/2002,3.101
8/4/2002,3.371
8/5/2002,3.372
8/6/2002,3.186
8/7/2002,3.411
8/8/2002,3.485
8/9/2002,3.288
8/10/2002,3.48
8/11/2002,3.258
8/12/2002,3.601
8/13/2002,3.822
8/14/2002,3.402
8/15/2002,3.445
8/16/2002,3.592
8/17/2002,3.53
8/18/2002,2.689
8/19/2002,3.474
8/20/2002,3.302
8/21/2002,3.417
8/22/2002,2.976
8/23/2002,3.082
8/24/2002,2.824
8/25/2002,3.359
8/26/2002,3.358
8/27/2002,2.722
8/28/2002,3.233
8/29/2002,3.367
8/30/2002,3.606
8/31/2002,3.142
9/1/2002,3.31
9/2/2002,3.164
9/3/2002,2.965
9/4/2002,3.229
9/5/2002,2.816
9/6/2002,3.171
9/7/2002,2.682
9/8/2002,3.272
9/9/2002,2.076
9/10/2002,3.272
9/11/2002,3.222
9/12/2002,3.222
9/13/2002,3.26
9/14/2002,3.11
9/15/2002,2.73
9/16/2002,3.623
9/17/2002,3.063
9/18/2002,3.08
9/19/2002,3.064
9/20/2002,2.988
9/21/2002,2.699
9/22/2002,3.195
9/23/2002,2.806
9/24/2002,3.293
9/25/2002,2.862
9/26/2002,3.417
9/27/2002,2.895
9/28/2002,2.829
9/29/2002,3.217
9/30/2002,2.937
10/1/2002,2.895
10/2/2002,3.016
10/3/2002,2.934
10/4/2002,3.082
10/5/2002,3.048
10/6/2002,3.21
10/7/2002,3.109
10/8/2002,2.655
10/9/2002,3.064
10/10/2002,3.174
10/11/2002,3.262
10/12/2002,2.811
10/13/2002,2.662
10/14/2002,2.953
10/15/2002,3.211
10/16/2002,2.964
10/17/2002,2.925
10/18/2002,3.27
10/19/2002,2.822
10/20/2002,3.205
10/21/2002,3.191
10/22/2002,3.25
10/23/2002,3.112
10/24/2002,2.95
10/25/2002,3.038
10/26/2002,3.114
10/27/2002,2.882
10/28/2002,3.142
10/29/2002,2.998
10/30/2002,3.073
10/31/2002,2.962
11/1/2002,3.052
11/2/2002,3.212
11/3/2002,3.125
11/4/2002,3.148
11/5/2002,3.288
11/6/2002,3.161
11/7/2002,8.82
11/8/2002,5.882
11/9/2002,4.888
11/10/2002,3.934
11/11/2002,3.993
11/12/2002,4.024
11/13/2002,3.696
11/14/2002,3.633
11/15/2002,3.469
11/16/2002,3.548
11/17/2002,3.356
11/18/2002,4.074
11/19/2002,3.483
11/20/2002,3.564
11/21/2002,3.488
11/22/2002,3.463
11/23/2002,3.269
11/24/2002,3.789
11/25/2002,3.447
11/26/2002,3.375
11/27/2002,3.306
11/28/2002,3.574
11/29/2002,3.225
11/30/2002,3.549
12/1/2002,3.318
12/2/2002,3.245
12/3/2002,3.364
12/4/2002,3.37
12/5/2002,3.329
12/6/2002,3.352
12/7/2002,3.359
12/8/2002,3.725
12/9/2002,3.104
12/10/2002,4.364
12/11/2002,3.844
12/12/2002,3.992
12/13/2002,11.372
12/14/2002,35.379
12/15/2002,29.739
12/16/2002,51.832
12/17/2002,19.547
12/18/2002,11.884
12/19/2002,11.336
12/20/2002,21.751
12/21/2002,20.715
12/22/2002,12.047
12/23/2002,9.32
12/24/2002,7.248
12/25/2002,6.814
12/26/2002,8.738
12/27/2002,39.886
12/28/2002,88.022
12/29/2002,50.508
12/30/2002,38.347
12/31/2002,47.705
1/1/2003,26.408
1/2/2003,17.884
1/3/2003,14.346
1/4/2003,12.903
1/5/2003,11.335
1/6/2003,9.364
1/7/2003,10.759
1/8/2003,10.286
1/9/2003,10.466
1/10/2003,13.812
1/11/2003,16.183
1/12/2003,27.163
1/13/2003,38.217
1/14/2003,38.36
1/15/2003,29.54
1/16/2003,22.309
1/17/2003,17.46
1/18/2003,15.374
1/19/2003,13.979
1/20/2003,12.847
1/21/2003,12.826
1/22/2003,16.267
1/23/2003,18.956
1/24/2003,15.618
1/25/2003,14.742
1/26/2003,13.792
1/27/2003,14.097
1/28/2003,13.303
1/29/2003,12.366
1/30/2003,11.708
1/31/2003,10.816
2/1/2003,11.071
2/2/2003,10.134
2/3/2003,9.967
2/4/2003,9.319
2/5/2003,8.848
2/6/2003,8.874
2/7/2003,7.937
2/8/2003,8.056
2/9/2003,7.619
2/10/2003,7.144
2/11/2003,7.316
2/12/2003,7.11
2/13/2003,8.482
2/14/2003,7.385
2/15/2003,10.485
2/16/2003,13.813
2/17/2003,10.871
2/18/2003,9.979
2/19/2003,9.757
2/20/2003,8.86
2/21/2003,8.793
2/22/2003,8.192
2/23/2003,7.463
2/24/2003,7.966
2/25/2003,7.116
2/26/2003,7.515
2/27/2003,7.178
2/28/2003,6.859
3/1/2003,6.882
3/2/2003,6.77
3/3/2003,6.197
3/4/2003,6.036
3/5/2003,5.948
3/6/2003,6.099
3/7/2003,5.982
3/8/2003,5.784
3/9/2003,6.161
3/10/2003,5.831
3/11/2003,5.982
3/12/2003,6.006
3/13/2003,8.107
3/14/2003,15.217
3/15/2003,43.73
3/16/2003,26.072
3/17/2003,19.367
3/18/2003,15.877
3/19/2003,13.64
3/20/2003,12.699
3/21/2003,11.868
3/22/2003,12.194
3/23/2003,13.155
3/24/2003,11.692
3/25/2003,10.97
3/26/2003,11.75
3/27/2003,10.952
3/28/2003,10.396
3/29/2003,9.109
3/30/2003,10.078
3/31/2003,8.907
4/1/2003,9.51
4/2/2003,9.402
4/3/2003,9.337
4/4/2003,11.721
4/5/2003,8.836
4/6/2003,8.512
4/7/2003,8.507
4/8/2003,8.598
4/9/2003,8.463
4/10/2003,8.75
4/11/2003,8.852
4/12/2003,13.399
4/13/2003,18.485
4/14/2003,16.549
4/15/2003,14.748
4/16/2003,13.364
4/17/2003,12.462
4/18/2003,11.223
4/19/2003,10.556
4/20/2003,10.058
4/21/2003,11.077
4/22/2003,9.864
4/23/2003,10.818
4/24/2003,15.508
4/25/2003,19.356
4/26/2003,14.483
4/27/2003,13.743
4/28/2003,33.555
4/29/2003,33.558
4/30/2003,29.667
5/1/2003,22.636
5/2/2003,19.762
5/3/2003,18.993
5/4/2003,18.229
5/5/2003,16.305
5/6/2003,15.653
5/7/2003,14.834
5/8/2003,15.452
5/9/2003,15.522
5/10/2003,14.904
5/11/2003,14.674
5/12/2003,14.341
5/13/2003,13.877
5/14/2003,13.685
5/15/2003,14.284
5/16/2003,13.483
5/17/2003,12.436
5/18/2003,10.925
5/19/2003,10.567
5/20/2003,10.502
5/21/2003,10.048
5/22/2003,10.785
5/23/2003,10.592
5/24/2003,10.472
5/25/2003,9.68
5/26/2003,9.541
5/27/2003,9.085
5/28/2003,9.118
5/29/2003,8.942
5/30/2003,8.698
5/31/2003,8.138
6/1/2003,7.902
6/2/2003,7.912
6/3/2003,7.812
6/4/2003,7.201
6/5/2003,7.432
6/6/2003,7.075
6/7/2003,7.075
6/8/2003,7.02
6/9/2003,6.648
6/10/2003,7.404
6/11/2003,6.488
6/12/2003,5.786
6/13/2003,5.926
6/14/2003,5.603
6/15/2003,5.57
6/16/2003,4.782
6/17/2003,5.308
6/18/2003,5.244
6/19/2003,4.634
6/20/2003,4.242
6/21/2003,4.35
6/22/2003,4.378
6/23/2003,4.167
6/24/2003,4.614
6/25/2003,4.4
6/26/2003,4.862
6/27/2003,4.645
6/28/2003,4.203
6/29/2003,4.652
6/30/2003,4.625
7/1/2003,3.964
7/2/2003,4.393
7/3/2003,4.359
7/4/2003,4.218
7/5/2003,4.144
7/6/2003,4.145
7/7/2003,3.831
7/8/2003,4.344
7/9/2003,4.255
7/10/2003,4.257
7/11/2003,4.187
7/12/2003,3.959
7/13/2003,3.776
7/14/2003,4.285
7/15/2003,3.892
7/16/2003,4.083
7/17/2003,3.858
7/18/2003,3.831
7/19/2003,3.58
7/20/2003,3.897
7/21/2003,3.911
7/22/2003,3.83
7/23/2003,4.263
7/24/2003,3.696
7/25/2003,4.103
7/26/2003,3.387
7/27/2003,3.671
7/28/2003,3.542
7/29/2003,3.681
7/30/2003,3.683
7/31/2003,3.302
8/1/2003,3.607
8/2/2003,5.798
8/3/2003,4.162
8/4/2003,2.985
8/5/2003,3.34
8/6/2003,2.871
8/7/2003,2.726
8/8/2003,2.872
8/9/2003,2.735
8/10/2003,2.706
8/11/2003,2.92
8/12/2003,3.044
8/13/2003,3.097
8/14/2003,2.963
8/15/2003,3.238
8/16/2003,3.254
8/17/2003,3.067
8/18/2003,3.399
8/19/2003,3.204
8/20/2003,3.2
8/21/2003,3.288
8/22/2003,3.441
8/23/2003,3.384
8/24/2003,3.419
8/25/2003,3.287
8/26/2003,3.42
8/27/2003,3.35
8/28/2003,3.232
8/29/2003,3.471
8/30/2003,3.43
8/31/2003,3.208
9/1/2003,3.471
9/2/2003,3.605
9/3/2003,3.193
9/4/2003,3.222
9/5/2003,3.707
9/6/2003,3.438
9/7/2003,3.148
9/8/2003,3.597
9/9/2003,3.52
9/10/2003,3.356
9/11/2003,3.387
9/12/2003,3.386
9/13/2003,3.414
9/14/2003,3.439
9/15/2003,3.458
9/16/2003,3.616
9/17/2003,3.018
9/18/2003,3.479
9/19/2003,3.585
9/20/2003,3.469
9/21/2003,3.633
9/22/2003,3.598
9/23/2003,3.259
9/24/2003,3.617
9/25/2003,3.732
9/26/2003,3.482
9/27/2003,3.689
9/28/2003,3.463
9/29/2003,3.635
9/30/2003,3.62
10/1/2003,3.365
10/2/2003,3.554
10/3/2003,3.067
10/4/2003,3.878
10/5/2003,3.651
10/6/2003,3.43
10/7/2003,3.624
10/8/2003,3.617
10/9/2003,3.268
10/10/2003,3.378
10/11/2003,3.345
10/12/2003,3.531
10/13/2003,3.176
10/14/2003,5.749
10/15/2003,3.113
10/16/2003,3.313
10/17/2003,3.245
10/18/2003,3.617
10/19/2003,3.169
10/20/2003,3.453
10/21/2003,3.222
10/22/2003,3.509
10/23/2003,3.037
10/24/2003,3.128
10/25/2003,3.37
10/26/2003,3.564
10/27/2003,3.47
10/28/2003,4.044
10/29/2003,2.931
10/30/2003,3.46
10/31/2003,3.251
11/1/2003,3.507
11/2/2003,4.149
11/3/2003,3.596
11/4/2003,3.587
11/5/2003,3.723
11/6/2003,3.562
11/7/2003,4.531
11/8/2003,7.683
11/9/2003,8.044
11/10/2003,5.124
11/11/2003,3.997
11/12/2003,4.024
11/13/2003,3.546
11/14/2003,5.845
11/15/2003,6.468
11/16/2003,5.453
11/17/2003,4.637
11/18/2003,4.162
11/19/2003,4.221
11/20/2003,4.479
11/21/2003,4.079
11/22/2003,3.774
11/23/2003,3.38
11/24/2003,3.494
11/25/2003,3.669
11/26/2003,3.726
11/27/2003,4.048
11/28/2003,3.614
11/29/2003,5.242
11/30/2003,4.952
12/1/2003,5.607
12/2/2003,5.884
12/3/2003,5.289
12/4/2003,5.146
12/5/2003,9.04
12/6/2003,28.356
12/7/2003,14.072
12/8/2003,8.165
12/9/2003,8.251
12/10/2003,8.182
12/11/2003,7.289
12/12/2003,8.486
12/13/2003,14.119
12/14/2003,26.506
12/15/2003,12.184
12/16/2003,9.299
12/17/2003,11.799
12/18/2003,2.899
12/19/2003,7.291
12/20/2003,6.895
12/21/2003,6.158
12/22/2003,5.836
12/23/2003,9.979
12/24/2003,31.649
12/25/2003,18.133
12/26/2003,13.143
12/27/2003,9.751
12/28/2003,10.079
12/29/2003,11.335
12/30/2003,8.192
12/31/2003,9.576
1/1/2004,27.612
1/2/2004,16.647
1/3/2004,11.73
1/4/2004,9.634
1/5/2004,9.635
1/6/2004,6.776
1/7/2004,9.883
1/8/2004,13.023
1/9/2004,17.502
1/10/2004,18.03
1/11/2004,15.018
1/12/2004,13.764
1/13/2004,12.399
1/14/2004,11.841
1/15/2004,11.048
1/16/2004,11
1/17/2004,9.323
1/18/2004,9.412
1/19/2004,8.878
1/20/2004,8.566
1/21/2004,8.204
1/22/2004,6.222
1/23/2004,9.04
1/24/2004,7.212
1/25/2004,6.556
1/26/2004,7.147
1/27/2004,8.027
1/28/2004,7.289
1/29/2004,6.529
1/30/2004,6.802
1/31/2004,8.343
2/1/2004,6.67
2/2/2004,10.294
2/3/2004,11.648
2/4/2004,9.606
2/5/2004,8.853
2/6/2004,8.811
2/7/2004,8.463
2/8/2004,8.105
2/9/2004,7.736
2/10/2004,7.19
2/11/2004,7.242
2/12/2004,7.067
2/13/2004,7.425
2/14/2004,7.678
2/15/2004,9.103
2/16/2004,36.96
2/17/2004,117.388
2/18/2004,83.098
2/19/2004,43.444
2/20/2004,32.342
2/21/2004,25.511
2/22/2004,22.648
2/23/2004,18.426
2/24/2004,17.715
2/25/2004,35.562
2/26/2004,49.906
2/27/2004,35.55
2/28/2004,25.685
2/29/2004,21.424
3/1/2004,23.801
3/2/2004,19.768
3/3/2004,17.726
3/4/2004,15.777
3/5/2004,14.573
3/6/2004,13.459
3/7/2004,12.803
3/8/2004,13.033
3/9/2004,13.235
3/10/2004,13.444
3/11/2004,13.349
3/12/2004,12.771
3/13/2004,12.319
3/14/2004,12.139
3/15/2004,12.149
3/16/2004,11.835
3/17/2004,11.658
3/18/2004,11.354
3/19/2004,11.079
3/20/2004,10.565
3/21/2004,10.655
3/22/2004,10.593
3/23/2004,10.649
3/24/2004,10.577
3/25/2004,12.404
3/26/2004,11.15
3/27/2004,10.953
3/28/2004,10.036
3/29/2004,9.673
3/30/2004,10.078
3/31/2004,9.222
4/1/2004,9.067
4/2/2004,8.346
4/3/2004,8.544
4/4/2004,7.784
4/5/2004,7.864
4/6/2004,7.717
4/7/2004,8.58
4/8/2004,8.304
4/9/2004,8
4/10/2004,7.687
4/11/2004,7.786
4/12/2004,7.347
4/13/2004,8.291
4/14/2004,7.661
4/15/2004,7.723
4/16/2004,6.896
4/17/2004,7.588
4/18/2004,7.31
4/19/2004,10.453
4/20/2004,12.306
4/21/2004,13.374
4/22/2004,11.396
4/23/2004,10.628
4/24/2004,8.881
4/25/2004,9.108
4/26/2004,8.862
4/27/2004,8.712
4/28/2004,8.381
4/29/2004,7.847
4/30/2004,7.797
5/1/2004,7.54
5/2/2004,7.54
5/3/2004,7.702
5/4/2004,8.065
5/5/2004,7.477
5/6/2004,7.32
5/7/2004,7.359
5/8/2004,6.747
5/9/2004,6.602
5/10/2004,7.417
5/11/2004,6.589
5/12/2004,6.32
5/13/2004,6.346
5/14/2004,6.433
5/15/2004,5.996
5/16/2004,6.115
5/17/2004,6.229
5/18/2004,7.013
5/19/2004,6.021
5/20/2004,5.778
5/21/2004,5.83
5/22/2004,5.627
5/23/2004,5.654
5/24/2004,5.488
5/25/2004,5.703
5/26/2004,5.329
5/27/2004,5.969
5/28/2004,5.614
5/29/2004,5.445
5/30/2004,5.613
5/31/2004,4.444
6/1/2004,5.696
6/2/2004,5.07
6/3/2004,5.091
6/4/2004,4.905
6/5/2004,4.937
6/6/2004,4.508
6/7/2004,4.508
6/8/2004,3.878
6/9/2004,5.004
6/10/2004,4.706
6/11/2004,5.345
6/12/2004,4.23
6/13/2004,3.914
6/14/2004,4.797
6/15/2004,4.417
6/16/2004,4.371
6/17/2004,4.36
6/18/2004,4.782
6/19/2004,4.51
6/20/2004,4.249
6/21/2004,3.954
6/22/2004,3.812
6/23/2004,4.083
6/24/2004,4.073
6/25/2004,3.586
6/26/2004,4.236
6/27/2004,3.884
6/28/2004,4.601
6/29/2004,3.727
6/30/2004,4.517
7/1/2004,4.31
7/2/2004,4.727
7/3/2004,3.565
7/4/2004,4.275
7/5/2004,4.371
7/6/2004,3.885
7/7/2004,3.28
7/8/2004,3.509
7/9/2004,3.854
7/10/2004,3.396
7/11/2004,3.394
7/12/2004,3.909
7/13/2004,3.351
7/14/2004,3.6
7/15/2004,3.671
7/16/2004,4.099
7/17/2004,3.273
7/18/2004,3.969
7/19/2004,3.695
7/20/2004,4.389
7/21/2004,4.879
7/22/2004,3.581
7/23/2004,3.577
7/24/2004,3.249
7/25/2004,3.457
7/26/2004,3.928
7/27/2004,2.837
7/28/2004,3.284
7/29/2004,3.477
7/30/2004,3.385
7/31/2004,3.234
8/1/2004,3.088
8/2/2004,3.382
8/3/2004,3.172
8/4/2004,3.498
8/5/2004,2.622
8/6/2004,3.193
8/7/2004,3.007
8/8/2004,3.259
8/9/2004,3.182
8/10/2004,3.182
8/11/2004,3.237
8/12/2004,3.169
8/13/2004,3.202
8/14/2004,3.103
8/15/2004,2.997
8/16/2004,3.335
8/17/2004,3.045
8/18/2004,3.074
8/19/2004,3.133
8/20/2004,3.127
8/21/2004,2.864
8/22/2004,3.117
8/23/2004,2.934
8/24/2004,2.898
8/25/2004,3.227
8/26/2004,2.972
8/27/2004,2.831
8/28/2004,2.477
8/29/2004,3.127
8/30/2004,2.823
8/31/2004,2.697
9/1/2004,3.03
9/2/2004,2.836
9/3/2004,2.842
9/4/2004,3.119
9/5/2004,3.225
9/6/2004,3.002
9/7/2004,3.179
9/8/2004,2.998
9/9/2004,2.964
9/10/2004,3.14
9/11/2004,3.163
9/12/2004,2.904
9/13/2004,2.911
9/14/2004,2.978
9/15/2004,2.787
9/16/2004,2.667
9/17/2004,2.991
9/18/2004,2.739
9/19/2004,3.255
9/20/2004,3.125
9/21/2004,2.92
9/22/2004,3.313
9/23/2004,2.956
9/24/2004,3.248
9/25/2004,3.121
9/26/2004,3.301
9/27/2004,3.027
9/28/2004,3.194
9/29/2004,2.982
9/30/2004,3.03
10/1/2004,3.01
10/2/2004,3
10/3/2004,3.181
10/4/2004,3.183
10/5/2004,3.121
10/6/2004,3.168
10/7/2004,3.041
10/8/2004,3.292
10/9/2004,3.292
10/10/2004,3.066
10/11/2004,2.95
10/12/2004,2.985
10/13/2004,3.406
10/14/2004,3.078
10/15/2004,3.096
10/16/2004,4.855
10/17/2004,4.124
10/18/2004,3.627
10/19/2004,9.983
10/20/2004,4.853
10/21/2004,4.047
10/22/2004,3.546
10/23/2004,6.078
10/24/2004,4.263
10/25/2004,4.785
10/26/2004,5.901
10/27/2004,4.691
10/28/2004,4.271
10/29/2004,4.19
10/30/2004,3.775
10/31/2004,3.853
11/1/2004,3.486
11/2/2004,3.414
11/3/2004,1.338
11/4/2004,2.547
11/5/2004,3.23
11/6/2004,3.442
11/7/2004,3.799
11/8/2004,3.845
11/9/2004,3.956
11/10/2004,4.274
11/11/2004,4.283
11/12/2004,3.581
11/13/2004,3.708
11/14/2004,3.617
11/15/2004,3.54
11/16/2004,3.813
11/17/2004,3.747
11/18/2004,3.708
11/19/2004,3.56
11/20/2004,3.609
11/21/2004,3.465
11/22/2004,3.237
11/23/2004,3.699
11/24/2004,3.659
11/25/2004,3.824
11/26/2004,3.854
11/27/2004,4.078
11/28/2004,3.484
11/29/2004,3.261
11/30/2004,3.384
12/1/2004,3.439
12/2/2004,3.762
12/3/2004,2.808
12/4/2004,3.633
12/5/2004,3.239
12/6/2004,6.702
12/7/2004,10.38
12/8/2004,29.022
12/9/2004,17.083
12/10/2004,10.328
12/11/2004,8.013
12/12/2004,6.897
12/13/2004,6.152
12/14/2004,5.978
12/15/2004,5.497
12/16/2004,5.549
12/17/2004,5.466
12/18/2004,4.604
12/19/2004,4.525
12/20/2004,4.378
12/21/2004,4.402
12/22/2004,4.462
12/23/2004,4.516
12/24/2004,3.941
12/25/2004,4.139
12/26/2004,6.699
12/27/2004,12.017
12/28/2004,10.986
12/29/2004,12.381
12/30/2004,16.542
12/31/2004,13.032
1/1/2005,12.216
1/2/2005,11.025
1/3/2005,9.55
1/4/2005,7.421
1/5/2005,6.969
1/6/2005,6.462
1/7/2005,7.802
1/8/2005,7.247
1/9/2005,8.902
1/10/2005,9.119
1/11/2005,9.318
1/12/2005,8.145
1/13/2005,6.444
1/14/2005,7.01
1/15/2005,6.362
1/16/2005,6.001
1/17/2005,5.887
1/18/2005,6.921
1/19/2005,7.311
1/20/2005,7.865
1/21/2005,7.539
1/22/2005,7.779
1/23/2005,7.376
1/24/2005,7.309
1/25/2005,8.429
1/26/2005,18.206
1/27/2005,17.731
1/28/2005,25.034
1/29/2005,19.41
1/30/2005,14.152
1/31/2005,11.752
2/1/2005,10.232
2/2/2005,9.575
2/3/2005,8.729
2/4/2005,8.73
2/5/2005,7.754
2/6/2005,7.505
2/7/2005,7.732
2/8/2005,6.919
2/9/2005,7.085
2/10/2005,6.602
2/11/2005,6.445
2/12/2005,6.358
2/13/2005,8.887
2/14/2005,8.513
2/15/2005,8.426
2/16/2005,7.912
2/17/2005,7.269
2/18/2005,7.727
2/19/2005,8.055
2/20/2005,14.185
2/21/2005,12.429
2/22/2005,11.685
2/23/2005,9.898
2/24/2005,9.383
2/25/2005,8.471
2/26/2005,8.09
2/27/2005,11.625
2/28/2005,15.313
3/1/2005,14.855
3/2/2005,15.079
3/3/2005,13.126
3/4/2005,11.652
3/5/2005,10.543
3/6/2005,9.165
3/7/2005,8.771
3/8/2005,8.788
3/9/2005,8.534
3/10/2005,9.082
3/11/2005,8.338
3/12/2005,8.629
3/13/2005,7.552
3/14/2005,8.122
3/15/2005,7.65
3/16/2005,7.281
3/17/2005,7.078
3/18/2005,7.206
3/19/2005,11.395
3/20/2005,13.769
3/21/2005,16.593
3/22/2005,30.798
3/23/2005,26.83
3/24/2005,18.876
3/25/2005,14.974
3/26/2005,12.811
3/27/2005,16.931
3/28/2005,19.193
3/29/2005,16.89
3/30/2005,15.094
3/31/2005,12.937
4/1/2005,12.169
4/2/2005,11.033
4/3/2005,12.824
4/4/2005,11.847
4/5/2005,12.099
4/6/2005,11.623
4/7/2005,11.535
4/8/2005,15.709
4/9/2005,12.183
4/10/2005,12.02
4/11/2005,11.578
4/12/2005,11.384
4/13/2005,10.323
4/14/2005,9.743
4/15/2005,9.405
4/16/2005,9.338
4/17/2005,8.526
4/18/2005,8.82
4/19/2005,8.362
4/20/2005,7.951
4/21/2005,7.972
4/22/2005,8.197
4/23/2005,9.792
4/24/2005,8.355
4/25/2005,8.313
4/26/2005,7.934
4/27/2005,7.813
4/28/2005,8.4
4/29/2005,8.403
4/30/2005,9.003
5/1/2005,8.393
5/2/2005,8.71
5/3/2005,8.535
5/4/2005,9.99
5/5/2005,13.421
5/6/2005,12.058
5/7/2005,12.26
5/8/2005,24.961
5/9/2005,39.859
5/10/2005,28.531
5/11/2005,21.799
5/12/2005,19.402
5/13/2005,17.766
5/14/2005,17.133
5/15/2005,11.737
5/16/2005,29.191
5/17/2005,17.057
5/18/2005,31.285
5/19/2005,33.675
5/20/2005,26.631
5/21/2005,22.628
5/22/2005,19.984
5/23/2005,17.757
5/24/2005,16.317
5/25/2005,14.192
5/26/2005,14.249
5/27/2005,13.494
5/28/2005,12.322
5/29/2005,11.008
5/30/2005,11.305
5/31/2005,9.368
6/1/2005,9.58
6/2/2005,9.308
6/3/2005,8.864
6/4/2005,7.88
6/5/2005,8.547
6/6/2005,7.838
6/7/2005,7.596
6/8/2005,7.908
6/9/2005,7.52
6/10/2005,7.526
6/11/2005,7.469
6/12/2005,6.66
6/13/2005,6.597
6/14/2005,6.11
6/15/2005,5.46
6/16/2005,7.74
6/17/2005,10.037
6/18/2005,11.722
6/19/2005,9.619
6/20/2005,7.982
6/21/2005,7.305
6/22/2005,6.965
6/23/2005,6.081
6/24/2005,5.662
6/25/2005,5.411
6/26/2005,5.711
6/27/2005,4.967
6/28/2005,6.383
6/29/2005,6.215
6/30/2005,5.812
7/1/2005,5.504
7/2/2005,5.357
7/3/2005,5.677
7/4/2005,5.175
7/5/2005,4.947
7/6/2005,4.947
7/7/2005,5.152
7/8/2005,4.812
7/9/2005,4.707
7/10/2005,4.825
7/11/2005,4.841
7/12/2005,3.54
7/13/2005,4.695
7/14/2005,4.91
7/15/2005,5.003
7/16/2005,4.578
7/17/2005,4.294
7/18/2005,4.237
7/19/2005,4.625
7/20/2005,4.184
7/21/2005,4.424
7/22/2005,3.973
7/23/2005,3.825
7/24/2005,3.614
7/25/2005,1.592
7/26/2005,2.312
7/27/2005,3.906
7/28/2005,3.76
7/29/2005,3.791
7/30/2005,3.801
7/31/2005,3.708
8/1/2005,4.06
8/2/2005,3.632
8/3/2005,5.864
8/4/2005,2.459
8/5/2005,3.046
8/6/2005,3.691
8/7/2005,3.536
8/8/2005,3.742
8/9/2005,3.798
8/10/2005,3.711
8/11/2005,3.663
8/12/2005,4.094
8/13/2005,3.296
8/14/2005,3.484
8/15/2005,3.612
8/16/2005,3.357
8/17/2005,3.651
8/18/2005,3.377
8/19/2005,3.526
8/20/2005,3.302
8/21/2005,3.058
8/22/2005,3.679
8/23/2005,3.322
8/24/2005,3.241
8/25/2005,3.485
8/26/2005,2.64
8/27/2005,3.118
8/28/2005,4.363
8/29/2005,2.089
8/30/2005,3.109
8/31/2005,3.466
9/1/2005,3.333
9/2/2005,3.312
9/3/2005,3.321
9/4/2005,3.209
9/5/2005,3.109
9/6/2005,2.977
9/7/2005,3.248
9/8/2005,3.491
9/9/2005,3.731
9/10/2005,3.272
9/11/2005,3.13
9/12/2005,3.519
9/13/2005,3.695
9/14/2005,3.375
9/15/2005,3.891
9/16/2005,3.57
9/17/2005,3.502
9/18/2005,3.409
9/19/2005,3.215
9/20/2005,3.059
9/21/2005,3.526
9/22/2005,3.71
9/23/2005,3.386
9/24/2005,3.305
9/25/2005,3.341
9/26/2005,3.584
9/27/2005,4.356
9/28/2005,3.363
9/29/2005,3.38
9/30/2005,2.661
10/1/2005,3.355
10/2/2005,3.356
10/3/2005,3.235
10/4/2005,3.064
10/5/2005,3.074
10/6/2005,3.822
10/7/2005,3.632
10/8/2005,3.406
10/9/2005,3.575
10/10/2005,3.542
10/11/2005,3.625
10/12/2005,4.283
10/13/2005,3.379
10/14/2005,3.203
10/15/2005,3.371
10/16/2005,3.116
10/17/2005,3.795
10/18/2005,3.592
10/19/2005,3.717
10/20/2005,3.564
10/21/2005,3.608
10/22/2005,3.481
10/23/2005,3.313
10/24/2005,3.1
10/25/2005,2.796
10/26/2005,4.53
10/27/2005,2.913
10/28/2005,4.677
10/29/2005,3.742
10/30/2005,3.268
10/31/2005,2.89
11/1/2005,4.231
11/2/2005,3.724
11/3/2005,5.556
11/4/2005,4.519
11/5/2005,3.273
11/6/2005,5.521
11/7/2005,15.473
11/8/2005,8.229
11/9/2005,5.254
11/10/2005,5.843
11/11/2005,4.687
11/12/2005,4.395
11/13/2005,4.04
11/14/2005,3.752
11/15/2005,4.039
11/16/2005,5.082
11/17/2005,4.139
11/18/2005,3.22
11/19/2005,4.971
11/20/2005,4.078
11/21/2005,3.914
11/22/2005,3.555
11/23/2005,3.859
11/24/2005,3.592
11/25/2005,4.991
11/26/2005,3.987
11/27/2005,3.74
11/28/2005,5.497
11/29/2005,3.738
11/30/2005,5.452
12/1/2005,17.365
12/2/2005,10.25
12/3/2005,6.451
12/4/2005,5.489
12/5/2005,4.463
12/6/2005,5.624
12/7/2005,5.022
12/8/2005,4.895
12/9/2005,4.718
12/10/2005,4.298
12/11/2005,4.298
12/12/2005,4.197
12/13/2005,3.949
12/14/2005,4.559
12/15/2005,4.571
12/16/2005,4.632
12/17/2005,4.445
12/18/2005,7.524
12/19/2005,21.77
12/20/2005,20.706
12/21/2005,26.738
12/22/2005,38.992
12/23/2005,34.204
12/24/2005,20.555
12/25/2005,20.431
12/26/2005,32.772
12/27/2005,39.101
12/28/2005,68.634
12/29/2005,41.666
12/30/2005,57.004
12/31/2005,79.045
1/1/2006,62.418
1/2/2006,55.462
1/3/2006,46.952
1/4/2006,45.493
1/5/2006,34.259
1/6/2006,27.193
1/7/2006,23.285
1/8/2006,20.927
1/9/2006,18.934
1/10/2006,19.971
1/11/2006,20.402
1/12/2006,17.825
1/13/2006,15.775
1/14/2006,25.369
1/15/2006,20.277
1/16/2006,17.636
1/17/2006,16.526
1/18/2006,20.179
1/19/2006,17.828
1/20/2006,17.244
1/21/2006,15.001
1/22/2006,13.712
1/23/2006,12.705
1/24/2006,13.207
1/25/2006,11.736
1/26/2006,12.112
1/27/2006,11.053
1/28/2006,18.732
1/29/2006,17.842
1/30/2006,21.831
1/31/2006,21.221
2/1/2006,19.743
2/2/2006,21.272
2/3/2006,20.893
2/4/2006,23.619
2/5/2006,21.057
2/6/2006,18.949
2/7/2006,14.829
2/8/2006,15.815
2/9/2006,14.904
2/10/2006,13.861
2/11/2006,12.995
2/12/2006,12.377
2/13/2006,11.723
2/14/2006,11.39
2/15/2006,10.929
2/16/2006,10.195
2/17/2006,10.365
2/18/2006,10.034
2/19/2006,8.913
2/20/2006,9.02
2/21/2006,8.469
2/22/2006,8.072
2/23/2006,8.321
2/24/2006,8.48
2/25/2006,8.155
2/26/2006,9.775
2/27/2006,32.239
2/28/2006,39.637
3/1/2006,31.47
3/2/2006,25.332
3/3/2006,21.798
3/4/2006,21.013
3/5/2006,30.299
3/6/2006,30.298
3/7/2006,30.591
3/8/2006,24.083
3/9/2006,20.821
3/10/2006,19.78
3/11/2006,16.769
3/12/2006,13.951
3/13/2006,17.287
3/14/2006,15.651
3/15/2006,17.21
3/16/2006,25.347
3/17/2006,26.511
3/18/2006,21.079
3/19/2006,18.311
3/20/2006,17.93
3/21/2006,18.32
3/22/2006,14.824
3/23/2006,14.359
3/24/2006,17.579
3/25/2006,29.292
3/26/2006,24.633
3/27/2006,23.56
3/28/2006,24.164
3/29/2006,27.225
3/30/2006,24.823
3/31/2006,30.784
4/1/2006,32.353
4/2/2006,31.47
4/3/2006,38.466
4/4/2006,36.735
4/5/2006,30.564
4/6/2006,29.407
4/7/2006,25.264
4/8/2006,29.274
4/9/2006,30.018
4/10/2006,28.27
4/11/2006,37.967
4/12/2006,57.482
4/13/2006,43.485
4/14/2006,35.897
4/15/2006,35.761
4/16/2006,35.42
4/17/2006,29.738
4/18/2006,24.885
4/19/2006,26.134
4/20/2006,24.925
4/21/2006,23.062
4/22/2006,23.394
4/23/2006,21.963
4/24/2006,21.552
4/25/2006,22.588
4/26/2006,20.603
4/27/2006,21.056
4/28/2006,21.338
4/29/2006,22.397
4/30/2006,22.018
5/1/2006,20.889
5/2/2006,18.063
5/3/2006,18.83
5/4/2006,17.889
5/5/2006,17.958
5/6/2006,17.736
5/7/2006,17.018
5/8/2006,16.035
5/9/2006,17.019
5/10/2006,15.231
5/11/2006,15.163
5/12/2006,13.601
5/13/2006,15.113
5/14/2006,14.935
5/15/2006,15.367
5/16/2006,15.671
5/17/2006,15.827
5/18/2006,15.794
5/19/2006,17.762
5/20/2006,18.222
5/21/2006,16.208
5/22/2006,17.744
5/23/2006,13.5
5/24/2006,11.627
5/25/2006,13.698
5/26/2006,11.323
5/27/2006,11.833
5/28/2006,11.534
5/29/2006,9.272
5/30/2006,9.777
5/31/2006,9.789
6/1/2006,9.321
6/2/2006,10.127
6/3/2006,10.127
6/4/2006,9.2
6/5/2006,10.39
6/6/2006,7.791
6/7/2006,8.952
6/8/2006,8.837
6/9/2006,8.246
6/10/2006,8.038
6/11/2006,8.024
6/12/2006,7.616
6/13/2006,8.207
6/14/2006,7.484
6/15/2006,5.72
6/16/2006,6.918
6/17/2006,6.754
6/18/2006,6.736
6/19/2006,6.615
6/20/2006,6.432
6/21/2006,6.402
6/22/2006,6.182
6/23/2006,6.092
6/24/2006,6.412
6/25/2006,5.495
6/26/2006,5.915
6/27/2006,5.146
6/28/2006,5.722
6/29/2006,5.665
6/30/2006,5.438
7/1/2006,5.562
7/2/2006,4.972
7/3/2006,5.217
7/4/2006,6.228
7/5/2006,4.996
7/6/2006,5.079
7/7/2006,5.089
7/8/2006,5.148
7/9/2006,5.148
7/10/2006,4.812
7/11/2006,4.204
7/12/2006,5.385
7/13/2006,4.476
7/14/2006,5.022
7/15/2006,4.111
7/16/2006,4.734
7/17/2006,5.116
7/18/2006,5.596
7/19/2006,4.807
7/20/2006,4.795
7/21/2006,4.679
7/22/2006,4.241
7/23/2006,5.293
7/24/2006,4.79
7/25/2006,4.433
7/26/2006,4.775
7/27/2006,4.44
7/28/2006,4.542
7/29/2006,4.197
7/30/2006,4.365
7/31/2006,4.321
8/1/2006,3.156
8/2/2006,4.547
8/3/2006,4.656
8/4/2006,4.425
8/5/2006,3.909
8/6/2006,4.561
8/7/2006,4.785
8/8/2006,4.626
8/9/2006,4.411
8/10/2006,3.745
8/11/2006,4.456
8/12/2006,4.339
8/13/2006,4.229
8/14/2006,3.901
8/15/2006,4.193
8/16/2006,4.113
8/17/2006,4.163
8/18/2006,4.028
8/19/2006,4.006
8/20/2006,4.156
8/21/2006,4.168
8/22/2006,3.858
8/23/2006,4.071
8/24/2006,3.903
8/25/2006,3.38
8/26/2006,3.38
8/27/2006,4.073
8/28/2006,4.546
8/29/2006,4.226
8/30/2006,4.504
8/31/2006,3.692
9/1/2006,4.735
9/2/2006,3.865
9/3/2006,4.129
9/4/2006,3.721
9/5/2006,3.805
9/6/2006,3.897
9/7/2006,3.737
9/8/2006,4.01
9/9/2006,3.568
9/10/2006,3.713
9/11/2006,3.819
9/12/2006,4.566
9/13/2006,3.944
9/14/2006,2.911
9/15/2006,4.138
9/16/2006,3.752
9/17/2006,3.999
9/18/2006,3.922
9/19/2006,3.121
9/20/2006,3.779
9/21/2006,3.976
9/22/2006,4.027
9/23/2006,2.93
9/24/2006,4.159
9/25/2006,4.012
9/26/2006,4.784
9/27/2006,2.96
9/28/2006,4.905
9/29/2006,4.078
9/30/2006,2.473
10/1/2006,3.675
10/2/2006,3.758
10/3/2006,3.829
10/4/2006,3.477
10/5/2006,4.44
10/6/2006,4.737
10/7/2006,4.673
10/8/2006,2.57
10/9/2006,5.192
10/10/2006,1.943
10/11/2006,4.2
10/12/2006,4.895
10/13/2006,5.123
10/14/2006,4.004
10/15/2006,4.86
10/16/2006,3.614
10/17/2006,2.665
10/18/2006,4.016
10/19/2006,4.023
10/20/2006,4.021
10/21/2006,3.769
10/22/2006,3.782
10/23/2006,3.979
10/24/2006,1.939
10/25/2006,3.366
10/26/2006,3.029
10/27/2006,4.158
10/28/2006,5.218
10/29/2006,4.277
10/30/2006,3.42
10/31/2006,4.516
11/1/2006,4.253
11/2/2006,4.568
11/3/2006,5.502
11/4/2006,3.801
11/5/2006,4.308
11/6/2006,3.799
11/7/2006,3.919
11/8/2006,4.505
11/9/2006,4.187
11/10/2006,3.884
11/11/2006,4.735
11/12/2006,4.714
11/13/2006,7.237
11/14/2006,5.533
11/15/2006,4.727
11/16/2006,5.803
11/17/2006,5.526
11/18/2006,4.518
11/19/2006,4.15
11/20/2006,4.636
11/21/2006,4.611
11/22/2006,5.877
11/23/2006,5.377
11/24/2006,4.418
11/25/2006,4.443
11/26/2006,6.865
11/27/2006,5.64
11/28/2006,4.658
11/29/2006,4.537
11/30/2006,4.426
12/1/2006,4.433
12/2/2006,4.365
12/3/2006,4.333
12/4/2006,3.429
12/5/2006,4.395
12/6/2006,4.275
12/7/2006,4.16
12/8/2006,4.515
12/9/2006,7.323
12/10/2006,8.13
12/11/2006,9.792
12/12/2006,13.938
12/13/2006,15.849
12/14/2006,15.808
12/15/2006,16.789
12/16/2006,9.529
12/17/2006,7.135
12/18/2006,6.859
12/19/2006,6.1
12/20/2006,5.525
12/21/2006,6.07
12/22/2006,4.973
12/23/2006,4.826
12/24/2006,5.137
12/25/2006,4.917
12/26/2006,13.129
12/27/2006,15.76
12/28/2006,9.321
12/29/2006,7.57
12/30/2006,6.469
12/31/2006,6.43
1/1/2007,5.787
1/2/2007,5.561
1/3/2007,8.52
1/4/2007,8.162
1/5/2007,7.063
1/6/2007,6.35
1/7/2007,5.919
1/8/2007,6.106
1/9/2007,5.421
1/10/2007,5.513
1/11/2007,5.385
1/12/2007,5.154
1/13/2007,4.878
1/14/2007,4.825
1/15/2007,4.632
1/16/2007,5.059
1/17/2007,4.81
1/18/2007,4.833
1/19/2007,4.874
1/20/2007,4.804
1/21/2007,4.681
1/22/2007,4.286
1/23/2007,4.93
1/24/2007,5.126
1/25/2007,4.259
1/26/2007,5.013
1/27/2007,4.493
1/28/2007,4.53
1/29/2007,4.247
1/30/2007,4.705
1/31/2007,4.118
2/1/2007,4.238
2/2/2007,4.596
2/3/2007,4.832
2/4/2007,4.408
2/5/2007,4.63
2/6/2007,4.659
2/7/2007,6.56
2/8/2007,8.237
2/9/2007,10.356
2/10/2007,24.646
2/11/2007,28.457
2/12/2007,15.867
2/13/2007,12.056
2/14/2007,9.989
2/15/2007,9.106
2/16/2007,8.288
2/17/2007,7.414
2/18/2007,7.224
2/19/2007,6.872
2/20/2007,6.991
2/21/2007,13.656
2/22/2007,26.272
2/23/2007,16.323
2/24/2007,15.99
2/25/2007,18.664
2/26/2007,14.51
2/27/2007,13.741
2/28/2007,10.496
3/1/2007,10.496
3/2/2007,9.416
3/3/2007,8.935
3/4/2007,8.948
3/5/2007,9.678
3/6/2007,9.373
3/7/2007,9.77
3/8/2007,9.719
3/9/2007,9.719
3/10/2007,9.183
3/11/2007,9.103
3/12/2007,9.183
3/13/2007,9.117
3/14/2007,9.71
3/15/2007,8.827
3/16/2007,8.618
3/17/2007,8.241
3/18/2007,8.14
3/19/2007,7.747
3/20/2007,8.742
3/21/2007,7.585
3/22/2007,7.607
3/23/2007,7.152
3/24/2007,7.353
3/25/2007,7.321
3/26/2007,7.334
3/27/2007,7.544
3/28/2007,6.382
3/29/2007,6.848
3/30/2007,6.498
3/31/2007,6.531
4/1/2007,6.351
4/2/2007,5.93
4/3/2007,5.676
4/4/2007,6.019
4/5/2007,5.908
4/6/2007,5.432
4/7/2007,5.919
4/8/2007,5.543
4/9/2007,5.876
4/10/2007,5.812
4/11/2007,6.1
4/12/2007,5.941
4/13/2007,5.746
4/14/2007,6.36
4/15/2007,5.389
4/16/2007,5.327
4/17/2007,5.204
4/18/2007,5.158
4/19/2007,5.178
4/20/2007,5.095
4/21/2007,7.742
4/22/2007,7.634
4/23/2007,6.073
4/24/2007,5.699
4/25/2007,5.408
4/26/2007,5.523
4/27/2007,5.737
4/28/2007,5.591
4/29/2007,5.458
4/30/2007,5.456
5/1/2007,5.894
5/2/2007,6.778
5/3/2007,6.11
5/4/2007,5.875
5/5/2007,5.413
5/6/2007,5.406
5/7/2007,5.428
5/8/2007,5.428
5/9/2007,5.199
5/10/2007,5.189
5/11/2007,5.069
5/12/2007,5.171
5/13/2007,4.779
5/14/2007,5.115
5/15/2007,4.816
5/16/2007,4.755
5/17/2007,4.958
5/18/2007,4.549
5/19/2007,4.492
5/20/2007,4.486
5/21/2007,3.927
5/22/2007,4.314
5/23/2007,4.392
5/24/2007,4.521
5/25/2007,4.485
5/26/2007,4.315
5/27/2007,4.085
5/28/2007,3.904
5/29/2007,3.656
5/30/2007,3.939
5/31/2007,4.063
6/1/2007,3.99
6/2/2007,3.799
6/3/2007,4.035
6/4/2007,3.822
6/5/2007,3.73
6/6/2007,4.079
6/7/2007,3.786
6/8/2007,3.729
6/9/2007,3.874
6/10/2007,4.191
6/11/2007,3.661
6/12/2007,3.664
6/13/2007,3.837
6/14/2007,3.609
6/15/2007,3.763
6/16/2007,3.761
6/17/2007,3.258
6/18/2007,2.545
6/19/2007,2.411
6/20/2007,3.472
6/21/2007,3.468
6/22/2007,3.441
6/23/2007,3.656
6/24/2007,4.068
6/25/2007,3.49
6/26/2007,3.478
6/27/2007,2.822
6/28/2007,3.375
6/29/2007,3.611
6/30/2007,3.748
7/1/2007,3.337
7/2/2007,3.722
7/3/2007,3.285
7/4/2007,3.673
7/5/2007,3.481
7/6/2007,3.389
7/7/2007,3.901
7/8/2007,3.395
7/9/2007,3.527
7/10/2007,3.553
7/11/2007,3.74
7/12/2007,3.505
7/13/2007,3.518
7/14/2007,3.563
7/15/2007,3.516
7/16/2007,3.897
7/17/2007,3.322
7/18/2007,6.154
7/19/2007,3.6
7/20/2007,3.43
7/21/2007,3.645
7/22/2007,3.921
7/23/2007,3.619
7/24/2007,3.342
7/25/2007,3.652
7/26/2007,3.48
7/27/2007,3.329
7/28/2007,3.602
7/29/2007,3.172
7/30/2007,3.252
7/31/2007,3.25
8/1/2007,3.488
8/2/2007,3.467
8/3/2007,3.23
8/4/2007,3.095
8/5/2007,3.091
8/6/2007,2.52
8/7/2007,2.239
8/8/2007,0.965
8/9/2007,2.547
8/10/2007,3.333
8/11/2007,3.676
8/12/2007,2.899
8/13/2007,3.001
8/14/2007,3.356
8/15/2007,2.679
8/16/2007,3.052
8/17/2007,2.55
8/18/2007,3.298
8/19/2007,3.246
8/20/2007,3.324
8/21/2007,3.321
8/22/2007,3.151
8/23/2007,3.913
8/24/2007,2.893
8/25/2007,1.925
8/26/2007,3.453
8/27/2007,3.611
8/28/2007,3.032
8/29/2007,3.702
8/30/2007,3.273
8/31/2007,3.735
9/1/2007,3.721
9/2/2007,3.205
9/3/2007,3.269
9/4/2007,3.345
9/5/2007,3.128
9/6/2007,3.805
9/7/2007,3.37
9/8/2007,3.295
9/9/2007,3.085
9/10/2007,3.273
9/11/2007,3.454
9/12/2007,3.127
9/13/2007,3.184
9/14/2007,3.101
9/15/2007,3.354
9/16/2007,3.019
9/17/2007,3.671
9/18/2007,3.337
9/19/2007,2.951
9/20/2007,3.783
9/21/2007,3.179
9/22/2007,3.244
9/23/2007,0.547
9/24/2007,2.391
9/25/2007,2.391
9/26/2007,3.696
9/27/2007,3.375
9/28/2007,4.28
9/29/2007,3.641
9/30/2007,2.998
10/1/2007,4.066
10/2/2007,3.331
10/3/2007,3.246
10/4/2007,3.461
10/5/2007,3.413
10/6/2007,4.979
10/7/2007,3.013
10/8/2007,3.013
10/9/2007,3.923
10/10/2007,5.113
10/11/2007,3.809
10/12/2007,3.624
10/13/2007,3.455
10/14/2007,3.023
10/15/2007,4.017
10/16/2007,4.633
10/17/2007,4.689
10/18/2007,4.69
10/19/2007,6.201
10/20/2007,4.886
10/21/2007,3.499
10/22/2007,3.457
10/23/2007,3.997
10/24/2007,3.665
10/25/2007,3.538
10/26/2007,2.779
10/27/2007,3.312
10/28/2007,3.298
10/29/2007,3.519
10/30/2007,3.438
10/31/2007,3.442
11/1/2007,3.522
11/2/2007,3.39
11/3/2007,3.514
11/4/2007,3.651
11/5/2007,3.602
11/6/2007,3.465
11/7/2007,3.324
11/8/2007,3.456
11/9/2007,3.669
11/10/2007,3.858
11/11/2007,3.641
11/12/2007,3.76
11/13/2007,3.708
11/14/2007,3.767
11/15/2007,3.085
11/16/2007,3.221
11/17/2007,3.553
11/18/2007,3.335
11/19/2007,4.347
11/20/2007,4.347
11/21/2007,4.105
11/22/2007,3.838
11/23/2007,3.652
11/24/2007,3.594
11/25/2007,3.479
11/26/2007,2.13
11/27/2007,1.939
11/28/2007,3.351
11/29/2007,3.323
11/30/2007,3.703
12/1/2007,3.292
12/2/2007,4.028
12/3/2007,4.755
12/4/2007,5.84
12/5/2007,4.483
12/6/2007,5.558
12/7/2007,6.831
12/8/2007,5.939
12/9/2007,4.939
12/10/2007,4.959
12/11/2007,3.821
12/12/2007,3.669
12/13/2007,3.669
12/14/2007,3.564
12/15/2007,3.671
12/16/2007,4.601
12/17/2007,5.329
12/18/2007,13.616
12/19/2007,13.081
12/20/2007,10.37
12/21/2007,6.892
12/22/2007,5.501
12/23/2007,4.75
12/24/2007,4.703
12/25/2007,4.502
12/26/2007,4.502
12/27/2007,4.102
12/28/2007,4.312
12/29/2007,4.84
12/30/2007,4.036
12/31/2007,4.037
1/1/2008,4.105
1/2/2008,4.263
1/3/2008,7.633
1/4/2008,31.119
1/5/2008,19.432
1/6/2008,12.639
1/7/2008,10.355
1/8/2008,11.576
1/9/2008,9.161
1/10/2008,10.167
1/11/2008,9.633
1/12/2008,8.988
1/13/2008,7.895
1/14/2008,7.279
1/15/2008,6.935
1/16/2008,6.42
1/17/2008,6.016
1/18/2008,5.88
1/19/2008,5.805
1/20/2008,5.517
1/21/2008,5.784
1/22/2008,5.23
1/23/2008,4.951
1/24/2008,5.997
1/25/2008,6.528
1/26/2008,11.784
1/27/2008,13.207
1/28/2008,13.934
1/29/2008,11.206
1/30/2008,8.884
1/31/2008,12.109
2/1/2008,9.691
2/2/2008,11.143
2/3/2008,11.123
2/4/2008,8.67
2/5/2008,7.816
2/6/2008,7.494
2/7/2008,7.154
2/8/2008,7.208
2/9/2008,7.269
2/10/2008,7.777
2/11/2008,7.995
2/12/2008,8.813
2/13/2008,8.986
2/14/2008,8.903
2/15/2008,7.619
2/16/2008,7.619
2/17/2008,7.221
2/18/2008,7.261
2/19/2008,6.893
2/20/2008,7.449
2/21/2008,7.178
2/22/2008,13.929
2/23/2008,12.551
2/24/2008,26.898
2/25/2008,25.477
2/26/2008,17.118
2/27/2008,15.278
2/28/2008,12.319
2/29/2008,12.503
3/1/2008,12.12
3/2/2008,11.116
3/3/2008,10.383
3/4/2008,10.419
3/5/2008,9.286
3/6/2008,8.875
3/7/2008,8.136
3/8/2008,7.946
3/9/2008,7.208
3/10/2008,7.779
3/11/2008,8.016
3/12/2008,8.491
3/13/2008,9.491
3/14/2008,9.889
3/15/2008,9.477
3/16/2008,8.597
3/17/2008,8.356
3/18/2008,8.129
3/19/2008,8.326
3/20/2008,8.181
3/21/2008,8.129
3/22/2008,7.961
3/23/2008,8.055
3/24/2008,8.214
3/25/2008,7.713
3/26/2008,7.815
3/27/2008,8.358
3/28/2008,7.844
3/29/2008,7.116
3/30/2008,6.674
3/31/2008,6.732
4/1/2008,6.648
4/2/2008,6.222
4/3/2008,6.384
4/4/2008,5.992
4/5/2008,6.197
4/6/2008,5.877
4/7/2008,6.035
4/8/2008,5.81
4/9/2008,5.758
4/10/2008,5.551
4/11/2008,5.259
4/12/2008,6.027
4/13/2008,6.587
4/14/2008,6.844
4/15/2008,7.254
4/16/2008,6.754
4/17/2008,6.216
4/18/2008,6.555
4/19/2008,5.937
4/20/2008,6.648
4/21/2008,5.725
4/22/2008,7.077
4/23/2008,6.239
4/24/2008,5.742
4/25/2008,5.466
4/26/2008,5.775
4/27/2008,6.225
4/28/2008,6.205
4/29/2008,7.055
4/30/2008,6.003
5/1/2008,5.908
5/2/2008,5.825
5/3/2008,6.111
5/4/2008,6.245
5/5/2008,5.673
5/6/2008,6.62
5/7/2008,7.254
5/8/2008,7.031
5/9/2008,6.752
5/10/2008,6.409
5/11/2008,6.234
5/12/2008,6.407
5/13/2008,6.322
5/14/2008,5.947
5/15/2008,7.073
5/16/2008,7.662
5/17/2008,7.665
5/18/2008,7.057
5/19/2008,6.571
5/20/2008,6.93
5/21/2008,5.654
5/22/2008,5.902
5/23/2008,5.557
5/24/2008,6.356
5/25/2008,5.482
5/26/2008,5.487
5/27/2008,5.595
5/28/2008,9.181
5/29/2008,5.415
5/30/2008,5.142
5/31/2008,5.339
6/1/2008,5.769
6/2/2008,4.984
6/3/2008,5.48
6/4/2008,5.706
6/5/2008,5.348
6/6/2008,4.722
6/7/2008,4.053
6/8/2008,4.166
6/9/2008,4.166
6/10/2008,4.019
6/11/2008,4.262
6/12/2008,4.036
6/13/2008,4.085
6/14/2008,3.939
6/15/2008,3.761
6/16/2008,3.66
6/17/2008,3.474
6/18/2008,3.71
6/19/2008,3.599
6/20/2008,3.636
6/21/2008,3.533
6/22/2008,3.329
6/23/2008,3.649
6/24/2008,3.651
6/25/2008,3.462
6/26/2008,3.177
6/27/2008,4.02
6/28/2008,2.985
6/29/2008,3.44
6/30/2008,3.245
7/1/2008,3.163
7/2/2008,2.842
7/3/2008,3.03
7/4/2008,3.225
7/5/2008,3.213
7/6/2008,3.257
7/7/2008,2.691
7/8/2008,3.147
7/9/2008,3.206
7/10/2008,3.058
7/11/2008,2.756
7/12/2008,3.45
7/13/2008,2.883
7/14/2008,2.875
7/15/2008,3.181
7/16/2008,3.435
7/17/2008,2.647
7/18/2008,3.065
7/19/2008,3.105
7/20/2008,3.107
7/21/2008,2.919
7/22/2008,2.934
7/23/2008,2.985
7/24/2008,2.822
7/25/2008,2.854
7/26/2008,3.082
7/27/2008,2.986
7/28/2008,3.178
7/29/2008,2.507
7/30/2008,2.472
7/31/2008,2.512
8/1/2008,2.522
8/2/2008,2.588
8/3/2008,2.73
8/4/2008,2.354
8/5/2008,2.568
8/6/2008,2.674
8/7/2008,2.405
8/8/2008,2.414
8/9/2008,2.641
8/10/2008,2.384
8/11/2008,2.373
8/12/2008,2.888
8/13/2008,2.421
8/14/2008,2.734
8/15/2008,3.259
8/16/2008,2.519
8/17/2008,3.093
8/18/2008,2.559
8/19/2008,2.521
8/20/2008,2.943
8/21/2008,2.881
8/22/2008,2.862
8/23/2008,2.931
8/24/2008,2.472
8/25/2008,2.943
8/26/2008,2.814
8/27/2008,2.438
8/28/2008,2.715
8/29/2008,2.747
8/30/2008,3.005
8/31/2008,2.555
9/1/2008,2.511
9/2/2008,2.69
9/3/2008,2.91
9/4/2008,2.992
9/5/2008,2.95
9/6/2008,2.832
9/7/2008,2.938
9/8/2008,2.67
9/9/2008,1.23
9/10/2008,2.697
9/11/2008,1.23
9/12/2008,2.837
9/13/2008,2.788
9/14/2008,2.696
9/15/2008,2.73
9/16/2008,2.795
9/17/2008,2.966
9/18/2008,2.745
9/19/2008,2.704
9/20/2008,3.019
9/21/2008,2.657
9/22/2008,3.064
9/23/2008,2.816
9/24/2008,2.747
9/25/2008,2.781
9/26/2008,2.5
9/27/2008,2.756
9/28/2008,2.988
9/29/2008,2.98
9/30/2008,3.425
10/1/2008,3.219
10/2/2008,3.401
10/3/2008,4.502
10/4/2008,4.916
10/5/2008,3.351
10/6/2008,3.067
10/7/2008,2.783
10/8/2008,2.756
10/9/2008,2.77
10/10/2008,2.747
10/11/2008,2.793
10/12/2008,2.882
10/13/2008,2.695
10/14/2008,2.999
10/15/2008,3.058
10/16/2008,3.812
10/17/2008,3.232
10/18/2008,3.304
10/19/2008,2.999
10/20/2008,3.094
10/21/2008,2.895
10/22/2008,3.049
10/23/2008,3.003
10/24/2008,2.962
10/25/2008,3.097
10/26/2008,3.287
10/27/2008,3.288
10/28/2008,3.145
10/29/2008,3.23
10/30/2008,3.505
10/31/2008,4.57
11/1/2008,9.009
11/2/2008,8.064
11/3/2008,7.393
11/4/2008,6.341
11/5/2008,5.192
11/6/2008,4.104
11/7/2008,3.911
11/8/2008,4.101
11/9/2008,4.238
11/10/2008,4.275
11/11/2008,4.12
11/12/2008,3.722
11/13/2008,4.042
11/14/2008,4.153
11/15/2008,2.948
11/16/2008,3.126
11/17/2008,3.531
11/18/2008,3.444
11/19/2008,3.449
11/20/2008,3.221
11/21/2008,3.377
11/22/2008,3.655
11/23/2008,2.986
11/24/2008,3.093
11/25/2008,3.586
11/26/2008,3.472
11/27/2008,3.653
11/28/2008,3.242
11/29/2008,3.136
11/30/2008,2.963
12/1/2008,3.524
12/2/2008,3.186
12/3/2008,3.459
12/4/2008,3.165
12/5/2008,3.381
12/6/2008,3.238
12/7/2008,3.188
12/8/2008,3.456
12/9/2008,3.362
12/10/2008,3.034
12/11/2008,3.161
12/12/2008,2.924
12/13/2008,3.355
12/14/2008,3.858
12/15/2008,3.395
12/16/2008,3.196
12/17/2008,3.534
12/18/2008,4.138
12/19/2008,3.109
12/20/2008,3.218
12/21/2008,4.057
12/22/2008,3.755
12/23/2008,3.172
12/24/2008,4.955
12/25/2008,4.701
12/26/2008,3.726
12/27/2008,3.527
12/28/2008,4.418
12/29/2008,4.652
12/30/2008,4.547
12/31/2008,4.183
1/1/2009,3.871
1/2/2009,4.252
1/3/2009,4.063
1/4/2009,3.24
1/5/2009,4.002
1/6/2009,3.963
1/7/2009,3.637
1/8/2009,3.827
1/9/2009,3.64
1/10/2009,3.765
1/11/2009,3.738
1/12/2009,4.087
1/13/2009,4.275
1/14/2009,4.084
1/15/2009,3.395
1/16/2009,4.001
1/17/2009,3.953
1/18/2009,3.98
1/19/2009,3.804
1/20/2009,3.94
1/21/2009,3.806
1/22/2009,4.119
1/23/2009,4.027
1/24/2009,4.687
1/25/2009,4.904
1/26/2009,4.308
1/27/2009,4.287
1/28/2009,4.22
1/29/2009,4.203
1/30/2009,3.966
1/31/2009,3.744
2/1/2009,3.414
2/2/2009,3.27
2/3/2009,3.748
2/4/2009,3.306
2/5/2009,4.988
2/6/2009,6.719
2/7/2009,5.501
2/8/2009,4.995
2/9/2009,4.777
2/10/2009,4.707
2/11/2009,6.154
2/12/2009,4.764
2/13/2009,8.266
2/14/2009,8.89
2/15/2009,14.726
2/16/2009,12.543
2/17/2009,11.337
2/18/2009,9.557
2/19/2009,7.946
2/20/2009,7.072
2/21/2009,7.124
2/22/2009,20.162
2/23/2009,54.566
2/24/2009,42.526
2/25/2009,22.684
2/26/2009,20.663
2/27/2009,16.548
2/28/2009,13.745
3/1/2009,27.915
3/2/2009,61.707
3/3/2009,43.301
3/4/2009,31.051
3/5/2009,22.907
3/6/2009,18.947
3/7/2009,15.31
3/8/2009,12.553
3/9/2009,13.12
3/10/2009,9.583
3/11/2009,9.363
3/12/2009,11.603
3/13/2009,8.567
3/14/2009,8.459
3/15/2009,11.58
3/16/2009,30.392
3/17/2009,25.288
3/18/2009,18.098
3/19/2009,15.399
3/20/2009,13.405
3/21/2009,14.168
3/22/2009,15.781
3/23/2009,11.791
3/24/2009,11.251
3/25/2009,11.068
3/26/2009,10.863
3/27/2009,10.104
3/28/2009,9.925
3/29/2009,9.29
3/30/2009,8.974
3/31/2009,9.137
4/1/2009,8.423
4/2/2009,7.817
4/3/2009,7.351
4/4/2009,7.015
4/5/2009,7.046
4/6/2009,6.677
4/7/2009,6.913
4/8/2009,7.494
4/9/2009,11.781
4/10/2009,10.668
4/11/2009,9.582
4/12/2009,8.798
4/13/2009,7.811
4/14/2009,8.161
4/15/2009,7.577
4/16/2009,7.237
4/17/2009,7.237
4/18/2009,6.867
4/19/2009,6.937
4/20/2009,7.246
4/21/2009,7.713
4/22/2009,7.723
4/23/2009,8.238
4/24/2009,7.456
4/25/2009,6.716
4/26/2009,9.582
4/27/2009,6.109
4/28/2009,6.379
4/29/2009,6.143
4/30/2009,5.879
5/1/2009,7.316
5/2/2009,11.723
5/3/2009,21.275
5/4/2009,19.443
5/5/2009,28.988
5/6/2009,21.809
5/7/2009,16.56
5/8/2009,13.724
5/9/2009,11.971
5/10/2009,10.774
5/11/2009,10.075
5/12/2009,9.71
5/13/2009,8.407
5/14/2009,8.442
5/15/2009,8.029
5/16/2009,8.278
5/17/2009,7.535
5/18/2009,7.367
5/19/2009,7.369
5/20/2009,6.945
5/21/2009,6.465
5/22/2009,6.3
5/23/2009,6.279
5/24/2009,6.138
5/25/2009,5.704
5/26/2009,5.497
5/27/2009,5.722
5/28/2009,5.165
5/29/2009,5.49
5/30/2009,5.409
5/31/2009,5.183
6/1/2009,4.839
6/2/2009,4.818
6/3/2009,4.904
6/4/2009,6.166
6/5/2009,5.862
6/6/2009,5.492
6/7/2009,5.23
6/8/2009,4.897
6/9/2009,4.33
6/10/2009,5.353
6/11/2009,4.89
6/12/2009,4.926
6/13/2009,5.285
6/14/2009,3.959
6/15/2009,4.344
6/16/2009,4.468
6/17/2009,4.395
6/18/2009,4.393
6/19/2009,4.2
6/20/2009,4.144
6/21/2009,4.025
6/22/2009,4.079
6/23/2009,4.317
6/24/2009,3.671
6/25/2009,4.212
6/26/2009,4.206
6/27/2009,4.038
6/28/2009,3.872
6/29/2009,3.242
6/30/2009,1.695
7/1/2009,2.704
7/2/2009,1.753
7/3/2009,3.661
7/4/2009,3.569
7/5/2009,3.643
7/6/2009,3.692
7/7/2009,3.374
7/8/2009,3.738
7/9/2009,3.723
7/10/2009,3.625
7/11/2009,3.831
7/12/2009,3.473
7/13/2009,3.695
7/14/2009,3.948
7/15/2009,3.627
7/16/2009,3.829
7/17/2009,3.659
7/18/2009,3.642
7/19/2009,3.641
7/20/2009,3.587
7/21/2009,5.719
7/22/2009,5.719
7/23/2009,5.26
7/24/2009,3.22
7/25/2009,3.025
7/26/2009,3.076
7/27/2009,2.986
7/28/2009,2.995
7/29/2009,2.995
7/30/2009,2.782
7/31/2009,2.873
8/1/2009,2.903
8/2/2009,2.886
8/3/2009,2.597
8/4/2009,2.961
8/5/2009,2.661
8/6/2009,3.144
8/7/2009,2.812
8/8/2009,3.03
8/9/2009,3.018
8/10/2009,3.072
8/11/2009,2.807
8/12/2009,3.428
8/13/2009,3.043
8/14/2009,2.91
8/15/2009,3.037
8/16/2009,2.827
8/17/2009,2.799
8/18/2009,2.8
8/19/2009,3.027
8/20/2009,2.928
8/21/2009,3.515
8/22/2009,2.68
8/23/2009,2.766
8/24/2009,2.313
8/25/2009,2.72
8/26/2009,2.703
8/27/2009,2.855
8/28/2009,2.664
8/29/2009,2.597
8/30/2009,2.836
8/31/2009,2.829
9/1/2009,2.607
9/2/2009,2.506
9/3/2009,2.644
9/4/2009,2.828
9/5/2009,2.679
9/6/2009,2.856
9/7/2009,2.624
9/8/2009,2.733
9/9/2009,2.442
9/10/2009,3.14
9/11/2009,2.628
9/12/2009,2.679
9/13/2009,2.639
9/14/2009,2.926
9/15/2009,2.775
9/16/2009,2.782
9/17/2009,2.518
9/18/2009,2.757
9/19/2009,2.597
9/20/2009,2.668
9/21/2009,2.344
9/22/2009,2.824
9/23/2009,2.745
9/24/2009,2.785
9/25/2009,2.969
9/26/2009,2.52
9/27/2009,2.595
9/28/2009,2.551
9/29/2009,2.585
9/30/2009,2.939
10/1/2009,2.525
10/2/2009,2.943
10/3/2009,2.701
10/4/2009,2.676
10/5/2009,2.743
10/6/2009,2.64
10/7/2009,2.525
10/8/2009,2.699
10/9/2009,2.922
10/10/2009,2.598
10/11/2009,2.969
10/12/2009,2.976
10/13/2009,9.817
10/14/2009,20.736
10/15/2009,9.773
10/16/2009,5.252
10/17/2009,4.48
10/18/2009,4.133
10/19/2009,4.28
10/20/2009,3.759
10/21/2009,3.811
10/22/2009,3.543
10/23/2009,3.738
10/24/2009,3.425
10/25/2009,3.536
10/26/2009,3.246
10/27/2009,3.311
10/28/2009,3.467
10/29/2009,3.208
10/30/2009,3.292
10/31/2009,3.118
11/1/2009,2.865
11/2/2009,3.764
11/3/2009,3.425
11/4/2009,3.27
11/5/2009,3.48
11/6/2009,4.918
11/7/2009,3.933
11/8/2009,3.668
11/9/2009,3.473
11/10/2009,3.47
11/11/2009,3.789
11/12/2009,3.568
11/13/2009,2.962
11/14/2009,3.502
11/15/2009,3.461
11/16/2009,3.419
11/17/2009,3.433
11/18/2009,3.522
11/19/2009,3.423
11/20/2009,4.385
11/21/2009,3.671
11/22/2009,3.934
11/23/2009,3.475
11/24/2009,3.452
11/25/2009,3.428
11/26/2009,3.728
11/27/2009,3.89
11/28/2009,3.289
11/29/2009,3.398
11/30/2009,3.345
12/1/2009,3.451
12/2/2009,3.48
12/3/2009,3.079
12/4/2009,3.302
12/5/2009,3.375
12/6/2009,3.359
12/7/2009,3.276
12/8/2009,3.17
12/9/2009,3.253
12/10/2009,3.291
12/11/2009,3.74
12/12/2009,3.954
12/13/2009,4.059
12/14/2009,4.059
12/15/2009,7.64
12/16/2009,9.611
12/17/2009,6.918
12/18/2009,5.89
12/19/2009,5.125
12/20/2009,5.198
12/21/2009,6.989
12/22/2009,6.681
12/23/2009,6.068
12/24/2009,5.11
12/25/2009,4.656
12/26/2009,4.384
12/27/2009,4.855
12/28/2009,4.467
12/29/2009,4.753
12/30/2009,4.666
12/31/2009,5.197
1/1/2010,13.492
1/2/2010,11.268
1/3/2010,7.723
1/4/2010,6.496
1/5/2010,6.012
1/6/2010,5.499
1/7/2010,5.353
1/8/2010,5.515
1/9/2010,5.516
1/10/2010,5.019
1/11/2010,4.554
1/12/2010,13.003
1/13/2010,22.594
1/14/2010,13.008
1/15/2010,9.916
1/16/2010,8.658
1/17/2010,11.777
1/18/2010,28.584
1/19/2010,45.848
1/20/2010,41.783
1/21/2010,36.04
1/22/2010,23.042
1/23/2010,18.275
1/24/2010,18.731
1/25/2010,20.896
1/26/2010,18.816
1/27/2010,15.088
1/28/2010,10.403
1/29/2010,12.878
1/30/2010,11.601
1/31/2010,10.559
2/1/2010,10.747
2/2/2010,9.45
2/3/2010,10.801
2/4/2010,16.299
2/5/2010,34.526
2/6/2010,33.003
2/7/2010,24.122
2/8/2010,18.144
2/9/2010,15.04
2/10/2010,12.742
2/11/2010,12.86
2/12/2010,14.889
2/13/2010,17.116
2/14/2010,15.564
2/15/2010,13.783
2/16/2010,12.468
2/17/2010,12.097
2/18/2010,11.71
2/19/2010,10.787
2/20/2010,10.459
2/21/2010,9.621
2/22/2010,8.991
2/23/2010,10.566
2/24/2010,10.472
2/25/2010,9.41
2/26/2010,18.902
2/27/2010,21.724
2/28/2010,15.398
3/1/2010,13.042
3/2/2010,15.101
3/3/2010,20.758
3/4/2010,16.562
3/5/2010,11.612
3/6/2010,12.616
3/7/2010,11.671
3/8/2010,11.322
3/9/2010,11.612
3/10/2010,9.603
3/11/2010,8.902
3/12/2010,11.511
3/13/2010,9.989
3/14/2010,8.737
3/15/2010,8.584
3/16/2010,8.457
3/17/2010,11.708
3/18/2010,7.977
3/19/2010,7.978
3/20/2010,7.87
3/21/2010,7.931
3/22/2010,7.593
3/23/2010,7.231
3/24/2010,7.576
3/25/2010,8.274
3/26/2010,7.733
3/27/2010,7.033
3/28/2010,6.878
3/29/2010,10.901
3/30/2010,13.248
3/31/2010,11.309
4/1/2010,9.98
4/2/2010,11.548
4/3/2010,9.635
4/4/2010,11.704
4/5/2010,11.535
4/6/2010,9.969
4/7/2010,9.778
4/8/2010,9.408
4/9/2010,9.71
4/10/2010,9.004
4/11/2010,11.918
4/12/2010,20.277
4/13/2010,18.773
4/14/2010,16.443
4/15/2010,14.613
4/16/2010,13.207
4/17/2010,12.489
4/18/2010,11.447
4/19/2010,11.326
4/20/2010,13.961
4/21/2010,11.805
4/22/2010,11.165
4/23/2010,10.874
4/24/2010,10.488
4/25/2010,9.903
4/26/2010,9.706
4/27/2010,17.452
4/28/2010,14.653
4/29/2010,15.121
4/30/2010,11.943
5/1/2010,10.883
5/2/2010,11.083
5/3/2010,10.421
5/4/2010,10.296
5/5/2010,9.754
5/6/2010,9.221
5/7/2010,9.333
5/8/2010,9.381
5/9/2010,9.14
5/10/2010,12.21
5/11/2010,10.463
5/12/2010,9.484
5/13/2010,9.302
5/14/2010,9.297
5/15/2010,9.88
5/16/2010,9.494
5/17/2010,10.88
5/18/2010,10.88
5/19/2010,9.198
5/20/2010,9.46
5/21/2010,8.67
5/22/2010,8.311
5/23/2010,7.533
5/24/2010,7.434
5/25/2010,8.421
5/26/2010,9.467
5/27/2010,9.613
5/28/2010,8.634
5/29/2010,8.033
5/30/2010,7.795
5/31/2010,8.292
6/1/2010,8.282
6/2/2010,9.126
6/3/2010,9.411
6/4/2010,13.772
6/5/2010,14.021
6/6/2010,11.745
6/7/2010,10.956
6/8/2010,10.037
6/9/2010,10.69
6/10/2010,9.399
6/11/2010,9.006
6/12/2010,8.653
6/13/2010,8.341
6/14/2010,8.333
6/15/2010,7.93
6/16/2010,7.693
6/17/2010,7.103
6/18/2010,6.934
6/19/2010,6.533
6/20/2010,6.492
6/21/2010,6.48
6/22/2010,6.4
6/23/2010,6.3
6/24/2010,6.278
6/25/2010,6.212
6/26/2010,5.897
6/27/2010,5.834
6/28/2010,5.346
6/29/2010,5.518
6/30/2010,5.662
7/1/2010,5.041
7/2/2010,5.201
7/3/2010,4.677
7/4/2010,4.443
7/5/2010,4.494
7/6/2010,3.959
7/7/2010,5.052
7/8/2010,4.584
7/9/2010,4.848
7/10/2010,4.308
7/11/2010,4.362
7/12/2010,4.224
7/13/2010,4.049
7/14/2010,4.411
7/15/2010,3.702
7/16/2010,4.361
7/17/2010,4.024
7/18/2010,3.948
7/19/2010,4.015
7/20/2010,3.928
7/21/2010,3.762
7/22/2010,3.687
7/23/2010,3.282
7/24/2010,3.599
7/25/2010,3.597
7/26/2010,3.691
7/27/2010,3.738
7/28/2010,3.666
7/29/2010,3.72
7/30/2010,3.833
7/31/2010,3.709
8/1/2010,3.642
8/2/2010,3.724
8/3/2010,3.61
8/4/2010,3.719
8/5/2010,3.613
8/6/2010,3.519
8/7/2010,3.665
8/8/2010,3.63
8/9/2010,3.658
8/10/2010,3.349
8/11/2010,3.628
8/12/2010,3.383
8/13/2010,3.681
8/14/2010,3.731
8/15/2010,3.642
8/16/2010,3.537
8/17/2010,3.405
8/18/2010,3.33
8/19/2010,3.601
8/20/2010,3.37
8/21/2010,3.25
8/22/2010,3.176
8/23/2010,2.959
8/24/2010,3.359
8/25/2010,3.4
8/26/2010,3.437
8/27/2010,3.193
8/28/2010,4.025
8/29/2010,3.47
8/30/2010,3.321
8/31/2010,3.362
9/1/2010,3.267
9/2/2010,3.452
9/3/2010,3.518
9/4/2010,3.394
9/5/2010,3.076
9/6/2010,3.472
9/7/2010,3.157
9/8/2010,3.647
9/9/2010,3.684
9/10/2010,0.09
9/11/2010,3.253
9/12/2010,3.427
9/13/2010,3.08
9/14/2010,3.482
9/15/2010,3.418
9/16/2010,3.383
9/17/2010,3.596
9/18/2010,3.726
9/19/2010,3.054
9/20/2010,3.373
9/21/2010,3.054
9/22/2010,3.011
9/23/2010,3.482
9/24/2010,3.411
9/25/2010,3.388
9/26/2010,3.307
9/27/2010,3.012
9/28/2010,3.813
9/29/2010,3.288
9/30/2010,3.507
10/1/2010,3.304
10/2/2010,3.59
10/3/2010,2.982
10/4/2010,3.146
10/5/2010,2.748
10/6/2010,2.755
10/7/2010,2.752
10/8/2010,2.695
10/9/2010,3.276
10/10/2010,3.302
10/11/2010,3.129
10/12/2010,3.329
10/13/2010,3.118
10/14/2010,3.14
10/15/2010,3.097
10/16/2010,2.688
10/17/2010,3.142
10/18/2010,2.88
10/19/2010,2.916
10/20/2010,3.097
10/21/2010,3.374
10/22/2010,3.156
10/23/2010,6.72
10/24/2010,13.454
10/25/2010,4.594
10/26/2010,3.716
10/27/2010,3.54
10/28/2010,4.371
10/29/2010,4.884
10/30/2010,4.798
10/31/2010,5.407
11/1/2010,4.826
11/2/2010,3.966
11/3/2010,4.238
11/4/2010,3.945
11/5/2010,3.508
11/6/2010,3.646
11/7/2010,8.255
11/8/2010,5.011
11/9/2010,4.938
11/10/2010,4.938
11/11/2010,3.963
11/12/2010,3.885
11/13/2010,3.925
11/14/2010,3.48
11/15/2010,3.609
11/16/2010,3.515
11/17/2010,3.375
11/18/2010,3.194
11/19/2010,3.75
11/20/2010,6.28
11/21/2010,4.849
11/22/2010,7.875
11/23/2010,3.53
11/24/2010,4.723
11/25/2010,4.244
11/26/2010,4.228
11/27/2010,5.016
11/28/2010,4.177
11/29/2010,3.392
11/30/2010,3.559
12/1/2010,3.476
12/2/2010,4.508
12/3/2010,4.873
12/4/2010,5.996
12/5/2010,7.86
12/6/2010,15.907
12/7/2010,11.337
12/8/2010,12.663
12/9/2010,14.101
12/10/2010,17.075
12/11/2010,12.234
12/12/2010,10.163
12/13/2010,8.781
12/14/2010,11.657
12/15/2010,10.221
12/16/2010,8.435
12/17/2010,8.774
12/18/2010,11.514
12/19/2010,14.146
12/20/2010,17.637
12/21/2010,20.255
12/22/2010,24.75
12/23/2010,16.662
12/24/2010,12.767
12/25/2010,14.754
12/26/2010,20.327
12/27/2010,17.936
12/28/2010,20.813
12/29/2010,25.643
12/30/2010,17.337
12/31/2010,13.638
1/1/2011,11.484
1/2/2011,9.809
1/3/2011,9.078
1/4/2011,7.697
1/5/2011,7.92
1/6/2011,6.959
1/7/2011,6.941
1/8/2011,6.829
1/9/2011,6.198
1/10/2011,6.434
1/11/2011,6.319
1/12/2011,7.062
1/13/2011,7.063
1/14/2011,7.566
1/15/2011,7.44
1/16/2011,7.439
1/17/2011,8.69
1/18/2011,9.017
1/19/2011,8.599
1/20/2011,8.302
1/21/2011,8.083
1/22/2011,7.875
1/23/2011,7.734
1/24/2011,6.773
1/25/2011,6.956
1/26/2011,6.718
1/27/2011,6.03
1/28/2011,6.956
1/29/2011,6.416
1/30/2011,6.33
1/31/2011,6.006
2/1/2011,5.762
2/2/2011,5.279
2/3/2011,5.834
2/4/2011,5.149
2/5/2011,5.46
2/6/2011,5.262
2/7/2011,5.388
2/8/2011,5.371
2/9/2011,5.543
2/10/2011,5.678
2/11/2011,5.574
2/12/2011,5.369
2/13/2011,5.201
2/14/2011,8.228
2/15/2011,19.152
2/16/2011,24.567
2/17/2011,16.81
2/18/2011,19.237
2/19/2011,14.147
2/20/2011,10.778
2/21/2011,10.821
2/22/2011,7.1
2/23/2011,6.385
2/24/2011,6.895
2/25/2011,8.333
2/26/2011,7.95
2/27/2011,7.55
2/28/2011,7.499
3/1/2011,15.402
3/2/2011,18.02
3/3/2011,18.676
3/4/2011,10.617
3/5/2011,13.877
3/6/2011,15.987
3/7/2011,16.05
3/8/2011,15.354
3/9/2011,14.159
3/10/2011,15.363
3/11/2011,15.258
3/12/2011,17.677
3/13/2011,16.281
3/14/2011,18.077
3/15/2011,25.493
3/16/2011,36.469
3/17/2011,31.264
3/18/2011,34.758
3/19/2011,37.566
3/20/2011,42.189
3/21/2011,31.029
3/22/2011,24.588
3/23/2011,25.259
3/24/2011,35.558
3/25/2011,42.684
3/26/2011,44.902
3/27/2011,29.748
3/28/2011,25.101
3/29/2011,22.408
3/30/2011,20.256
3/31/2011,20.265
4/1/2011,14.644
4/2/2011,28.285
4/3/2011,19.714
4/4/2011,17.615
4/5/2011,21.695
4/6/2011,15.2
4/7/2011,13.9
4/8/2011,13.8
4/9/2011,11.8
4/10/2011,12.718
4/11/2011,12.263
4/12/2011,11.781
4/13/2011,12.797
4/14/2011,11.449
4/15/2011,14.76
4/16/2011,14.76
4/17/2011,11.283
4/18/2011,9.8
4/19/2011,10.24
4/20/2011,17.928
4/21/2011,20.018
4/22/2011,18.177
4/23/2011,18.114
4/24/2011,18.285
4/25/2011,19.306
4/26/2011,19.102
4/27/2011,12.806
4/28/2011,16.549
4/29/2011,21.561
4/30/2011,14.673
5/1/2011,14.544
5/2/2011,13.636
5/3/2011,12.778
5/4/2011,12.649
5/5/2011,12.44
5/6/2011,12.718
5/7/2011,12.787
5/8/2011,12.398
5/9/2011,12.057
5/10/2011,11.141
5/11/2011,11.765
5/12/2011,11.88
5/13/2011,10.033
5/14/2011,14.141
5/15/2011,11.547
5/16/2011,11.3
5/17/2011,13.843
5/18/2011,11.795
5/19/2011,10.425
5/20/2011,11.252
5/21/2011,10.574
5/22/2011,10.946
5/23/2011,10.939
5/24/2011,9.83
5/25/2011,12.268
5/26/2011,11.67
5/27/2011,10.374
5/28/2011,11.21
5/29/2011,9.919
5/30/2011,10.236
5/31/2011,12.308
6/1/2011,12.168
6/2/2011,12.113
6/3/2011,10.537
6/4/2011,10.241
6/5/2011,10.025
6/6/2011,10.129
6/7/2011,10.441
6/8/2011,10.288
6/9/2011,10.415
6/10/2011,10.272
6/11/2011,10.734
6/12/2011,10.359
6/13/2011,9.898
6/14/2011,10.52
6/15/2011,9.46
6/16/2011,9.939
6/17/2011,8.947
6/18/2011,8.72
6/19/2011,8.401
6/20/2011,9.006
6/21/2011,8.88
6/22/2011,8.395
6/23/2011,8.471
6/24/2011,7.869
6/25/2011,7.518
6/26/2011,7.99
6/27/2011,6.998
6/28/2011,10.134
6/29/2011,8.727
6/30/2011,7.405
7/1/2011,6.714
7/2/2011,6.594
7/3/2011,6.588
7/4/2011,5.966
7/5/2011,5.731
7/6/2011,5.463
7/7/2011,6.62
7/8/2011,4.791
7/9/2011,5.44
7/10/2011,5.378
7/11/2011,5.291
7/12/2011,4.47
7/13/2011,4.548
7/14/2011,4.513
7/15/2011,4.709
7/16/2011,4.682
7/17/2011,4.356
7/18/2011,4.539
7/19/2011,4.136
7/20/2011,4.398
7/21/2011,4.342
7/22/2011,4.223
7/23/2011,4.336
7/24/2011,4.258
7/25/2011,4.082
7/26/2011,4.191
7/27/2011,3.955
7/28/2011,3.999
7/29/2011,4.027
7/30/2011,3.363
7/31/2011,3.946
8/1/2011,3.948
8/2/2011,3.19
8/3/2011,3.604
8/4/2011,3.952
8/5/2011,3.952
8/6/2011,3.774
8/7/2011,3.774
8/8/2011,3.669
8/9/2011,3.83
8/10/2011,3.745
8/11/2011,3.726
8/12/2011,3.82
8/13/2011,3.804
8/14/2011,3.682
8/15/2011,3.377
8/16/2011,3.716
8/17/2011,3.624
8/18/2011,3.622
8/19/2011,3.621
8/20/2011,3.445
8/21/2011,3.485
8/22/2011,3.632
8/23/2011,3.416
8/24/2011,3.459
8/25/2011,3.71
8/26/2011,3.577
8/27/2011,3.703
8/28/2011,2.967
8/29/2011,3.252
8/30/2011,3.885
8/31/2011,3.182
9/1/2011,3.419
9/2/2011,3.42
9/3/2011,2.625
9/4/2011,4.47
9/5/2011,2.378
9/6/2011,3.26
9/7/2011,4.066
9/8/2011,3.432
9/9/2011,3.603
9/10/2011,3.443
9/11/2011,3.667
9/12/2011,4.038
9/13/2011,3.617
9/14/2011,3.089
9/15/2011,3.74
9/16/2011,3.601
9/17/2011,3.697
9/18/2011,2.642
9/19/2011,3.676
9/20/2011,3.533
9/21/2011,3.581
9/22/2011,4.099
9/23/2011,3.014
9/24/2011,3.441
9/25/2011,3.337
9/26/2011,3.288
9/27/2011,3.143
9/28/2011,3.204
9/29/2011,4.883
9/30/2011,4.04
10/1/2011,3.521
10/2/2011,3.3
10/3/2011,3.423
10/4/2011,5.435
10/5/2011,5.735
10/6/2011,4.067
10/7/2011,3.534
10/8/2011,3.483
10/9/2011,3.551
10/10/2011,4.992
10/11/2011,4.096
10/12/2011,3.507
10/13/2011,2.949
10/14/2011,2.949
10/15/2011,3.551
10/16/2011,3.764
10/17/2011,3.589
10/18/2011,3.881
10/19/2011,3.48
10/20/2011,4.006
10/21/2011,4.534
10/22/2011,3.851
10/23/2011,3.952
10/24/2011,2.504
10/25/2011,2.504
10/26/2011,3.254
10/27/2011,3.587
10/28/2011,3.462
10/29/2011,3.468
10/30/2011,3.372
10/31/2011,3.422
11/1/2011,3.312
11/2/2011,4.253
11/3/2011,3.614
11/4/2011,2.995
11/5/2011,2.995
11/6/2011,2.915
11/7/2011,2.914
11/8/2011,1.643
11/9/2011,3.624
11/10/2011,5.838
11/11/2011,3.225
11/12/2011,3.558
11/13/2011,3.503
11/14/2011,3.44
11/15/2011,4.633
11/16/2011,4.068
11/17/2011,3.004
11/18/2011,2.997
11/19/2011,4.634
11/20/2011,3.783
11/21/2011,5.419
11/22/2011,4.023
11/23/2011,5.592
11/24/2011,6.216
11/25/2011,4.687
11/26/2011,4.073
11/27/2011,4.198
11/28/2011,4.192
11/29/2011,3.83
11/30/2011,3.063
12/1/2011,4.212
12/2/2011,4.971
12/3/2011,3.647
12/4/2011,3.573
12/5/2011,3.359
12/6/2011,3.476
12/7/2011,3.616
12/8/2011,3.547
12/9/2011,4.971
12/10/2011,3.679
12/11/2011,3.465
12/12/2011,4.173
12/13/2011,3.564
12/14/2011,3.268
12/15/2011,3.902
12/16/2011,3.085
12/17/2011,3.227
12/18/2011,3.775
12/19/2011,3.899
12/20/2011,3.268
12/21/2011,4.319
12/22/2011,4.319
12/23/2011,2.505
12/24/2011,2.45
12/25/2011,3.54
12/26/2011,3.593
12/27/2011,2.896
12/28/2011,2.896
12/29/2011,2.896
12/30/2011,2.896
12/31/2011,3.828
1/1/2012,3.751
1/2/2012,3.867
1/3/2012,3.463
1/4/2012,3.253
1/5/2012,3.463
1/6/2012,3.377
1/7/2012,3.624
1/8/2012,3.532
1/9/2012,2.905
1/10/2012,3.539
1/11/2012,3.549
1/12/2012,3.722
1/13/2012,4.803
1/14/2012,3.804
1/15/2012,3.581
1/16/2012,3.455
1/17/2012,4.803
1/18/2012,4.31
1/19/2012,5.956
1/20/2012,8.232
1/21/2012,7.796
1/22/2012,7.314
1/23/2012,5.893
1/24/2012,15.89
1/25/2012,4.948
1/26/2012,6.083
1/27/2012,5.074
1/28/2012,3.742
1/29/2012,4.403
1/30/2012,4.2
1/31/2012,4.08
2/1/2012,5.267
2/2/2012,4.832
2/3/2012,4.09
2/4/2012,4.784
2/5/2012,4.295
2/6/2012,4.365
2/7/2012,4.458
2/8/2012,4.896
2/9/2012,4.73
2/10/2012,4.743
2/11/2012,5.411
2/12/2012,5.275
2/13/2012,5.535
2/14/2012,4.779
2/15/2012,4.635
2/16/2012,4.545
2/17/2012,4.416
2/18/2012,4.401
2/19/2012,4.097
2/20/2012,4.226
2/21/2012,3.8
2/22/2012,3.776
2/23/2012,4.015
2/24/2012,4.023
2/25/2012,3.901
2/26/2012,3.864
2/27/2012,3.665
2/28/2012,2.603
2/29/2012,7.022
3/1/2012,5.989
3/2/2012,3.801
3/3/2012,4.421
3/4/2012,4.141
3/5/2012,4.271
3/6/2012,4.047
3/7/2012,4.044
3/8/2012,4.901
3/9/2012,4.045
3/10/2012,4.008
3/11/2012,4.008
3/12/2012,4.666
3/13/2012,10.79
3/14/2012,18.227
3/15/2012,29.676
3/16/2012,40.892
3/17/2012,27.959
3/18/2012,16.485
3/19/2012,12.041
3/20/2012,9.945
3/21/2012,9.051
3/22/2012,10.137
3/23/2012,9.542
3/24/2012,8.648
3/25/2012,9.744
3/26/2012,11.905
3/27/2012,19.268
3/28/2012,31.753
3/29/2012,21.598
3/30/2012,32.561
3/31/2012,37.131
4/1/2012,28.462
4/2/2012,20.475
4/3/2012,16.396
4/4/2012,13.871
4/5/2012,12.212
4/6/2012,12.916
4/7/2012,9.776
4/8/2012,10.557
4/9/2012,9.709
4/10/2012,12.82
4/11/2012,12.682
4/12/2012,14.265
4/13/2012,17.949
4/14/2012,16.535
4/15/2012,13.872
4/16/2012,12.273
4/17/2012,11.889
4/18/2012,11.207
4/19/2012,10.644
4/20/2012,10.276
4/21/2012,10.613
4/22/2012,11.94
4/23/2012,11.718
4/24/2012,11.593
4/25/2012,11.37
4/26/2012,14.158
4/27/2012,10.023
4/28/2012,11.605
4/29/2012,8.978
4/30/2012,8.702
5/1/2012,10.146
5/2/2012,8.835
5/3/2012,9.053
5/4/2012,8.477
5/5/2012,8.223
5/6/2012,7.575
5/7/2012,7.713
5/8/2012,7.621
5/9/2012,7.491
5/10/2012,7.057
5/11/2012,7.944
5/12/2012,7.052
5/13/2012,6.245
5/14/2012,7.416
5/15/2012,9.542
5/16/2012,6.499
5/17/2012,4.402
5/18/2012,6.036
5/19/2012,5.921
5/20/2012,5.397
5/21/2012,5.603
5/22/2012,5.304
5/23/2012,5.061
5/24/2012,4.807
5/25/2012,4.942
5/26/2012,5.123
5/27/2012,4.548
5/28/2012,4.587
5/29/2012,4.53
5/30/2012,4.64
5/31/2012,4.555
6/1/2012,4.605
6/2/2012,4.542
6/3/2012,3.519
6/4/2012,5.215
6/5/2012,5.99
6/6/2012,4.718
6/7/2012,3.996
6/8/2012,4.04
6/9/2012,4.375
6/10/2012,4.075
6/11/2012,4.102
6/12/2012,3.908
6/13/2012,3.925
6/14/2012,3.925
6/15/2012,3.664
6/16/2012,3.759
6/17/2012,3.804
6/18/2012,3.804
6/19/2012,3.603
6/20/2012,3.74
6/21/2012,3.34
6/22/2012,3.61
6/23/2012,3.472
6/24/2012,3.508
6/25/2012,3.256
6/26/2012,-1.38
6/27/2012,8.538
6/28/2012,3.458
6/29/2012,3.395
6/30/2012,3.265
7/1/2012,3.651
7/2/2012,3.104
7/3/2012,3.317
7/4/2012,3.416
7/5/2012,3.145
7/6/2012,3.142
7/7/2012,3.275
7/8/2012,3.117
7/9/2012,3.249
7/10/2012,2.961
7/11/2012,3.035
7/12/2012,3.224
7/13/2012,2.957
7/14/2012,3.017
7/15/2012,2.764
7/16/2012,2.807
7/17/2012,2.975
7/18/2012,2.566
7/19/2012,2.166
7/20/2012,3.457
7/21/2012,2.907
7/22/2012,3.185
7/23/2012,2.59
7/24/2012,3.007
7/25/2012,2.959
7/26/2012,3.036
7/27/2012,2.791
7/28/2012,2.968
7/29/2012,2.812
7/30/2012,3.147
7/31/2012,3.23
8/1/2012,2.168
8/2/2012,3.369
8/3/2012,2.979
8/4/2012,2.868
8/5/2012,2.933
8/6/2012,2.689
8/7/2012,2.442
8/8/2012,2.442
8/9/2012,2.599
8/10/2012,2.442
8/11/2012,2.626
8/12/2012,2.417
8/13/2012,2.426
8/14/2012,2.979
8/15/2012,2.941
8/16/2012,2.426
8/17/2012,2.902
8/18/2012,2.839
8/19/2012,2.857
8/20/2012,2.637
8/21/2012,3.098
8/22/2012,2.793
8/23/2012,2.899
8/24/2012,2.752
8/25/2012,2.794
8/26/2012,2.712
8/27/2012,2.682
8/28/2012,2.886
8/29/2012,2.646
8/30/2012,2.794
8/31/2012,2.816
9/1/2012,2.829
9/2/2012,2.706
9/3/2012,2.957
9/4/2012,2.737
9/5/2012,1.225
9/6/2012,2.758
9/7/2012,1.326
9/8/2012,1.288
9/9/2012,2.807
9/10/2012,2.864
9/11/2012,2.691
9/12/2012,2.602
9/13/2012,2.805
9/14/2012,2.829
9/15/2012,2.76
9/16/2012,2.726
9/17/2012,2.71
9/18/2012,2.941
9/19/2012,2.967
9/20/2012,2.91
9/21/2012,2.91
9/22/2012,2.854
9/23/2012,2.925
9/24/2012,2.889
9/25/2012,2.889
9/26/2012,2.694
9/27/2012,2.775
9/28/2012,2.633
9/29/2012,2.694
9/30/2012,2.606
10/1/2012,2.55
10/2/2012,1.966
10/3/2012,2.364
10/4/2012,2.325
10/5/2012,2.761
10/6/2012,2.462
10/7/2012,2.655
10/8/2012,2.82
10/9/2012,2.547
10/10/2012,2.702
10/11/2012,2.381
10/12/2012,2.459
10/13/2012,2.49
10/14/2012,2.615
10/15/2012,2.827
10/16/2012,2.731
10/17/2012,2.469
10/18/2012,2.478
10/19/2012,2.743
10/20/2012,2.57
10/21/2012,2.57
10/22/2012,3.666
10/23/2012,3.589
10/24/2012,3.425
10/25/2012,3.249
10/26/2012,2.799
10/27/2012,3.044
10/28/2012,3.072
10/29/2012,2.954
10/30/2012,3.025
10/31/2012,3.68
11/1/2012,3.761
11/2/2012,2.815
11/3/2012,3.202
11/4/2012,3.022
11/5/2012,3.016
11/6/2012,2.853
11/7/2012,3.2
11/8/2012,2.53
11/9/2012,3.189
11/10/2012,2.482
11/11/2012,2.863
11/12/2012,3.732
11/13/2012,2.482
11/14/2012,3.086
11/15/2012,2.537
11/16/2012,2.808
11/17/2012,8.352
11/18/2012,3.659
11/19/2012,4.865
11/20/2012,15.405
11/21/2012,14.159
11/22/2012,6.023
11/23/2012,4.908
11/24/2012,4.219
11/25/2012,3.648
11/26/2012,3.828
11/27/2012,3.36
11/28/2012,5.427
11/29/2012,17.993
11/30/2012,48.99
12/1/2012,44.523
12/2/2012,75.851
12/3/2012,28.328
12/4/2012,21.057
12/5/2012,21.979
12/6/2012,16.994
12/7/2012,13.487
12/8/2012,10.737
12/9/2012,8.795
12/10/2012,8.174
12/11/2012,8.185
12/12/2012,7.799
12/13/2012,6.785
12/14/2012,6.385
12/15/2012,6.512
12/16/2012,6.809
12/17/2012,11.381
12/18/2012,8.832
12/19/2012,7.287
12/20/2012,7.894
12/21/2012,10.899
12/22/2012,15.339
12/23/2012,27.354
12/24/2012,16.776
12/25/2012,13.415
12/26/2012,11.055
12/27/2012,8.324
12/28/2012,10.178
12/29/2012,7.47
12/30/2012,7.014
12/31/2012,7.198
1/1/2013,6.193
1/2/2013,6.098
1/3/2013,8.568
1/4/2013,6.515
1/5/2013,5.79
1/6/2013,5.765
1/7/2013,6.181
1/8/2013,5.83
1/9/2013,7.094
1/10/2013,6.897
1/11/2013,7.012
1/12/2013,6.072
1/13/2013,5.534
1/14/2013,5.434
1/15/2013,5.321
1/16/2013,5.435
1/17/2013,5.212
1/18/2013,5.719
1/19/2013,5.839
1/20/2013,4.898
1/21/2013,5.336
1/22/2013,5.046
1/23/2013,7.27
1/24/2013,6.356
1/25/2013,7.368
1/26/2013,7.847
1/27/2013,7.851
1/28/2013,7.382
1/29/2013,7.101
1/30/2013,7.141
1/31/2013,7.54
2/1/2013,7.065
2/2/2013,7.333
2/3/2013,6.395
2/4/2013,6.195
2/5/2013,6.258
2/6/2013,6.722
2/7/2013,6.722
2/8/2013,7.079
2/9/2013,6.671
2/10/2013,6.367
2/11/2013,6.277
2/12/2013,5.672
2/13/2013,6.473
2/14/2013,6.473
2/15/2013,5.783
2/16/2013,5.784
2/17/2013,5.594
2/18/2013,5.863
2/19/2013,6.311
2/20/2013,5.837
2/21/2013,5.46
2/22/2013,5.675
2/23/2013,5.412
2/24/2013,5.488
2/25/2013,5.287
2/26/2013,5.286
2/27/2013,5.417
2/28/2013,5.695
3/1/2013,5.192
3/2/2013,5.361
3/3/2013,5.185
3/4/2013,5.366
3/5/2013,7.594
3/6/2013,8.732
3/7/2013,7.729
3/8/2013,7.246
3/9/2013,6.288
3/10/2013,5.663
3/11/2013,5.762
3/12/2013,6.243
3/13/2013,6.225
3/14/2013,6.383
3/15/2013,6.383
3/16/2013,6.143
3/17/2013,6.324
3/18/2013,5.831
3/19/2013,6.338
3/20/2013,10.461
3/21/2013,8.592
3/22/2013,8.153
3/23/2013,7.029
3/24/2013,6.684
3/25/2013,6.298
3/26/2013,6.253
3/27/2013,6.267
3/28/2013,6.638
3/29/2013,6.506
3/30/2013,6.409
3/31/2013,10.063
4/1/2013,7.705
4/2/2013,7.563
4/3/2013,7.389
4/4/2013,9.519
4/5/2013,10.092
4/6/2013,11.106
4/7/2013,10.469
4/8/2013,9.777
4/9/2013,9.58
4/10/2013,8.575
4/11/2013,8.486
4/12/2013,8.125
4/13/2013,7.517
4/14/2013,6.77
4/15/2013,6.128
4/16/2013,6.497
4/17/2013,6.258
4/18/2013,6.089
4/19/2013,5.945
4/20/2013,5.55
4/21/2013,5.521
4/22/2013,5.257
4/23/2013,5.191
4/24/2013,4.913
4/25/2013,4.851
4/26/2013,4.896
4/27/2013,4.763
4/28/2013,4.957
4/29/2013,4.431
4/30/2013,4.294
5/1/2013,4.602
5/2/2013,4.562
5/3/2013,4.733
5/4/2013,4.233
5/5/2013,3.789
5/6/2013,4.759
5/7/2013,4.44
5/8/2013,4.951
5/9/2013,4.837
5/10/2013,4.091
5/11/2013,3.88
5/12/2013,3.88
5/13/2013,3.824
5/14/2013,3.983
5/15/2013,4.171
5/16/2013,4.031
5/17/2013,3.92
5/18/2013,4.458
5/19/2013,3.295
5/20/2013,3.379
5/21/2013,3.38
5/22/2013,3.724
5/23/2013,3.904
5/24/2013,3.362
5/25/2013,3.475
5/26/2013,3.599
5/27/2013,3.683
5/28/2013,3.889
5/29/2013,3.439
5/30/2013,3.868
5/31/2013,3.348
6/1/2013,3.654
6/2/2013,3.343
6/3/2013,3.494
6/4/2013,3.415
6/5/2013,3.548
6/6/2013,3.424
6/7/2013,3.156
6/8/2013,2.844
6/9/2013,3.038
6/10/2013,3.285
6/11/2013,3.183
6/12/2013,3.09
6/13/2013,2.872
6/14/2013,3.176
6/15/2013,3.222
6/16/2013,2.811
6/17/2013,2.782
6/18/2013,3.529
6/19/2013,2.93
6/20/2013,3.031
6/21/2013,2.939
6/22/2013,3.097
6/23/2013,3.165
6/24/2013,4.062
6/25/2013,7.732
6/26/2013,5.716
6/27/2013,5.484
6/28/2013,3.766
6/29/2013,3.964
6/30/2013,3.565
7/1/2013,3.246
7/2/2013,3.225
7/3/2013,3.142
7/4/2013,3.134
7/5/2013,2.917
7/6/2013,3.018
7/7/2013,2.423
7/8/2013,2.423
7/9/2013,2.117
7/10/2013,2.117
7/11/2013,2.116
7/12/2013,2.109
7/13/2013,2.109
7/14/2013,2.109
7/15/2013,2.606
7/16/2013,2.894
7/17/2013,2.899
7/18/2013,2.706
7/19/2013,2.912
7/20/2013,2.663
7/21/2013,2.776
7/22/2013,2.639
7/23/2013,2.901
7/24/2013,2.798
7/25/2013,2.639
7/26/2013,2.849
7/27/2013,2.849
7/28/2013,2.824
7/29/2013,2.798
7/30/2013,2.728
7/31/2013,2.68
8/1/2013,2.478
8/2/2013,2.601
8/3/2013,2.646
8/4/2013,2.734
8/5/2013,5.006
8/6/2013,2.788
8/7/2013,2.776
8/8/2013,2.771
8/9/2013,2.517
8/10/2013,2.512
8/11/2013,2.86
8/12/2013,2.766
8/13/2013,2.405
8/14/2013,2.491
8/15/2013,2.733
8/16/2013,2.699
8/17/2013,2.785
8/18/2013,2.68
8/19/2013,2.732
8/20/2013,2.458
8/21/2013,2.711
8/22/2013,2.539
8/23/2013,2.862
8/24/2013,2.275
8/25/2013,2.509
8/26/2013,2.344
8/27/2013,2.792
8/28/2013,2.715
8/29/2013,2.537
8/30/2013,2.537
8/31/2013,2.613
9/1/2013,2.672
9/2/2013,2.577
9/3/2013,2.561
9/4/2013,1.859
9/5/2013,2.595
9/6/2013,2.362
9/7/2013,2.338
9/8/2013,2.623
9/9/2013,2.633
9/10/2013,2.576
9/11/2013,2.907
9/12/2013,2.914
9/13/2013,2.696
9/14/2013,2.77
9/15/2013,2.237
9/16/2013,2.419
9/17/2013,3.463
9/18/2013,2.583
9/19/2013,2.944
9/20/2013,2.883
9/21/2013,2.883
9/22/2013,3.954
9/23/2013,2.945
9/24/2013,2.733
9/25/2013,3.083
9/26/2013,2.689
9/27/2013,3.083
9/28/2013,2.65
9/29/2013,3.007
9/30/2013,3.006
10/1/2013,3.042
10/2/2013,4.129
10/3/2013,2.673
10/4/2013,2.976
10/5/2013,2.58
10/6/2013,2.796
10/7/2013,2.58
10/8/2013,1.734
10/9/2013,1.733
10/10/2013,2.357
10/11/2013,2.65
10/12/2013,2.942
10/13/2013,2.601
10/14/2013,2.706
10/15/2013,2.781
10/16/2013,2.706
10/17/2013,3.086
10/18/2013,2.477
10/19/2013,2.864
10/20/2013,2.554
10/21/2013,2.864
10/22/2013,2.852
10/23/2013,2.636
10/24/2013,1.269
10/25/2013,2.9
10/26/2013,3.661
10/27/2013,3.661
10/28/2013,2.917
10/29/2013,2.917
10/30/2013,2.815
10/31/2013,2.641
11/1/2013,2.585
11/2/2013,1.262
11/3/2013,2.454
11/4/2013,2.863
11/5/2013,2.863
11/6/2013,2.782
11/7/2013,2.741
11/8/2013,2.848
11/9/2013,2.753
11/10/2013,2.876
11/11/2013,2.617
11/12/2013,2.559
11/13/2013,2.245
11/14/2013,2.615
11/15/2013,2.794
11/16/2013,2.794
11/17/2013,3.055
11/18/2013,2.826
11/19/2013,4.264
11/20/2013,3.693
11/21/2013,4.084
11/22/2013,2.894
11/23/2013,2.854
11/24/2013,2.668
11/25/2013,3.434
11/26/2013,3.289
11/27/2013,3.045
11/28/2013,2.862
11/29/2013,2.853
11/30/2013,2.82
12/1/2013,3.068
12/2/2013,3.164
12/3/2013,2.917
12/4/2013,2.562
12/5/2013,2.802
12/6/2013,2.791
12/7/2013,3.053
12/8/2013,2.709
12/9/2013,2.709
12/10/2013,2.992
12/11/2013,2.726
12/12/2013,2.902
12/13/2013,2.689
12/14/2013,2.689
12/15/2013,2.938
12/16/2013,2.821
12/17/2013,3.101
12/18/2013,2.957
12/19/2013,2.905
12/20/2013,2.615
12/21/2013,2.928
12/22/2013,3.1
12/23/2013,2.822
12/24/2013,3.09
12/25/2013,2.947
12/26/2013,2.576
12/27/2013,2.824
12/28/2013,2.824
12/29/2013,2.682
12/30/2013,3.158
12/31/2013,3.127
1/1/2014,2.944
1/2/2014,2.879
1/3/2014,2.783
1/4/2014,2.966
1/5/2014,2.465
1/6/2014,3.164
1/7/2014,3.125
1/8/2014,2.764
1/9/2014,2.895
1/10/2014,2.935
1/11/2014,3.138
1/12/2014,2.877
1/13/2014,3.122
1/14/2014,3.09
1/15/2014,2.689
1/16/2014,2.918
1/17/2014,2.869
1/18/2014,3.256
1/19/2014,3.218
1/20/2014,2.067
1/21/2014,3.069
1/22/2014,3.144
1/23/2014,2.93
1/24/2014,2.698
1/25/2014,2.787
1/26/2014,2.854
1/27/2014,3.016
1/28/2014,2.811
1/29/2014,3.066
1/30/2014,2.704
1/31/2014,2.591
2/1/2014,2.763
2/2/2014,2.568
2/3/2014,2.861
2/4/2014,2.626
2/5/2014,2.467
2/6/2014,3.664
2/7/2014,5.894
2/8/2014,7.605
2/9/2014,6.711
2/10/2014,6.172
2/11/2014,4.232
2/12/2014,4.219
2/13/2014,5.171
2/14/2014,6.332
2/15/2014,7.496
2/16/2014,7.63
2/17/2014,5.301
2/18/2014,4.41
2/19/2014,4.843
2/20/2014,4.232
2/21/2014,3.875
2/22/2014,4.135
2/23/2014,4.052
2/24/2014,3
2/25/2014,3.598
2/26/2014,5.581
2/27/2014,11.507
2/28/2014,10.127
3/1/2014,8.532
3/2/2014,9.376
3/3/2014,19.648
3/4/2014,15.22
3/5/2014,14.826
3/6/2014,18.61
3/7/2014,13.009
3/8/2014,9.218
3/9/2014,9.836
3/10/2014,14.459
3/11/2014,11.16
3/12/2014,9.068
3/13/2014,7.576
3/14/2014,6.788
3/15/2014,6.325
3/16/2014,5.016
3/17/2014,5.18
3/18/2014,5.179
3/19/2014,4.848
3/20/2014,5.05
3/21/2014,4.494
3/22/2014,4.394
3/23/2014,4.394
3/24/2014,4.362
3/25/2014,4.014
3/26/2014,6.05
3/27/2014,5.292
3/28/2014,11.081
3/29/2014,25.122
3/30/2014,15.199
3/31/2014,13.078
4/1/2014,14.237
4/2/2014,10.751
4/3/2014,9.001
4/4/2014,10.454
4/5/2014,7.815
4/6/2014,7.789
4/7/2014,6.763
4/8/2014,6.689
4/9/2014,6.945
4/10/2014,6.9
4/11/2014,5.91
4/12/2014,5.9
4/13/2014,5.269
4/14/2014,5.619
4/15/2014,5.114
4/16/2014,5.206
4/17/2014,4.322
4/18/2014,4.891
4/19/2014,4.498
4/20/2014,4.727
4/21/2014,4.417
4/22/2014,4.221
4/23/2014,4.082
4/24/2014,4.164
4/25/2014,4.471
4/26/2014,3.865
4/27/2014,4.318
4/28/2014,3.826
4/29/2014,3.698
4/30/2014,3.989
5/1/2014,3.607
5/2/2014,4.09
5/3/2014,3.515
5/4/2014,3.634
5/5/2014,3.733
5/6/2014,3.39
5/7/2014,3.531
5/8/2014,3.616
5/9/2014,3.35
5/10/2014,3.349
5/11/2014,3.885
5/12/2014,3.885
5/13/2014,3.34
5/14/2014,3.614
5/15/2014,3.698
5/16/2014,2.383
5/17/2014,3.533
5/18/2014,3.201
5/19/2014,3.076
5/20/2014,3.133
5/21/2014,3.742
5/22/2014,3.039
5/23/2014,3.022
5/24/2014,3.337
5/25/2014,2.634
5/26/2014,2.784
5/27/2014,3.562
5/28/2014,3.126
5/29/2014,2.175
5/30/2014,2.495
5/31/2014,2.849
6/1/2014,2.849
6/2/2014,2.856
6/3/2014,2.798
6/4/2014,2.887
6/5/2014,2.699
6/6/2014,2.341
6/7/2014,3.169
6/8/2014,2.659
6/9/2014,2.486
6/10/2014,2.486
6/11/2014,2.73
6/12/2014,2.492
6/13/2014,2.8
6/14/2014,2.593
6/15/2014,2.649
6/16/2014,2.27
6/17/2014,2.596
6/18/2014,2.299
6/19/2014,2.495
6/20/2014,2.572
6/21/2014,2.641
6/22/2014,2.432
6/23/2014,2.398
6/24/2014,2.283
6/25/2014,2.488
6/26/2014,2.441
6/27/2014,2.573
6/28/2014,2.535
6/29/2014,2.508
6/30/2014,2.581
7/1/2014,1.573
7/2/2014,2.77
7/3/2014,2.472
7/4/2014,2.26
7/5/2014,2.295
7/6/2014,2.487
7/7/2014,2.509
7/8/2014,2.682
7/9/2014,2.562
7/10/2014,2.467
7/11/2014,2.512
7/12/2014,2.337
7/13/2014,2.337
7/14/2014,2.405
7/15/2014,2.482
7/16/2014,2.172
7/17/2014,2.358
7/18/2014,2.455
7/19/2014,2.266
7/20/2014,2.37
7/21/2014,2.199
7/22/2014,2.298
7/23/2014,2.219
7/24/2014,2.2
7/25/2014,2.35
7/26/2014,2.298
7/27/2014,2.335
7/28/2014,2.388
7/29/2014,2.315
7/30/2014,2.193
7/31/2014,2.55
8/1/2014,1.811
8/2/2014,1.916
8/3/2014,1.811
8/4/2014,2.34
8/5/2014,2.47
8/6/2014,2.406
8/7/2014,2.39
8/8/2014,2.283
8/9/2014,2.489
8/10/2014,2.403
8/11/2014,2.407
8/12/2014,2.328
8/13/2014,2.329
8/14/2014,2.404
8/15/2014,2.265
8/16/2014,2.378
8/17/2014,2.376
8/18/2014,2.255
8/19/2014,2.419
8/20/2014,2.471
8/21/2014,2.205
8/22/2014,2.301
8/23/2014,2.308
8/24/2014,2.415
8/25/2014,2.482
8/26/2014,2.607
8/27/2014,3.058
8/28/2014,2.188
8/29/2014,2.273
8/30/2014,2.036
8/31/2014,2.333
9/1/2014,2.27
9/2/2014,2.166
9/3/2014,2.166
9/4/2014,2.186
9/5/2014,1.971
9/6/2014,2.214
9/7/2014,2.113
9/8/2014,2.26
9/9/2014,2.182
9/10/2014,2.275
9/11/2014,2.258
9/12/2014,2.403
9/13/2014,2.412
9/14/2014,2.32
9/15/2014,2.4
9/16/2014,2.414
9/17/2014,1.616
9/18/2014,2.413
9/19/2014,2.207
9/20/2014,2.52
9/21/2014,2.451
9/22/2014,2.344
9/23/2014,2.02
9/24/2014,2.889
9/25/2014,4.662
9/26/2014,2.585
9/27/2014,2.397
9/28/2014,3.69
9/29/2014,2.7
9/30/2014,2.368
10/1/2014,2.441
10/2/2014,1.585
10/3/2014,3.231
10/4/2014,2.505
10/5/2014,2.511
10/6/2014,2.705
10/7/2014,2.873
10/8/2014,2.685
10/9/2014,2.652
10/10/2014,2.162
10/11/2014,2.628
10/12/2014,2.416
10/13/2014,2.402
10/14/2014,2.259
10/15/2014,3.197
10/16/2014,2.875
10/17/2014,2.652
10/18/2014,2.738
10/19/2014,2.289
10/20/2014,3.959
10/21/2014,2.809
10/22/2014,2.725
10/23/2014,3.481
10/24/2014,3.403
10/25/2014,1.665
10/26/2014,8.766
10/27/2014,2.529
10/28/2014,2.988
10/29/2014,2.629
10/30/2014,2.903
10/31/2014,3.568
11/1/2014,3.236
11/2/2014,3.026
11/3/2014,2.704
11/4/2014,2.857
11/5/2014,3.037
11/6/2014,2.918
11/7/2014,2.893
11/8/2014,2.77
11/9/2014,2.866
11/10/2014,2.676
11/11/2014,1.399
11/12/2014,4.041
11/13/2014,2.932
11/14/2014,2.599
11/15/2014,2.472
11/16/2014,3.126
11/17/2014,2.282
11/18/2014,2.25
11/19/2014,3.296
11/20/2014,3.34
11/21/2014,3.811
11/22/2014,5.47
11/23/2014,3.44
11/24/2014,3.163
11/25/2014,3.272
11/26/2014,2.838
11/27/2014,2.928
11/28/2014,3.527
11/29/2014,4.007
11/30/2014,4.223
12/1/2014,3.829
12/2/2014,4.136
12/3/2014,6.946
12/4/2014,8.981
12/5/2014,10.438
12/6/2014,17.515
12/7/2014,8.786
12/8/2014,8.94
12/9/2014,7.78
12/10/2014,10.766
12/11/2014,68.772
12/12/2014,34.538
12/13/2014,16.655
12/14/2014,12.566
12/15/2014,11.02
12/16/2014,11.753
12/17/2014,19.243
12/18/2014,20.289
12/19/2014,30.16
12/20/2014,29.564
12/21/2014,26.132
12/22/2014,18.149
12/23/2014,14.894
12/24/2014,13.162
12/25/2014,11.183
12/26/2014,10.026
12/27/2014,9.082
12/28/2014,8.031
12/29/2014,7.613
12/30/2014,7.268
12/31/2014,6.828
1/1/2015,6.238
1/2/2015,5.97
1/3/2015,5.932
1/4/2015,5.731
1/5/2015,5.333
1/6/2015,5.518
1/7/2015,5.268
1/8/2015,5.259
1/9/2015,4.698
1/10/2015,5.345
1/11/2015,5.05
1/12/2015,4.863
1/13/2015,4.66
1/14/2015,4.615
1/15/2015,4.38
1/16/2015,5.005
1/17/2015,5.009
1/18/2015,6.061
1/19/2015,5.11
1/20/2015,4.889
1/21/2015,5.092
1/22/2015,4.825
1/23/2015,4.586
1/24/2015,4.61
1/25/2015,4.597
1/26/2015,4.565
1/27/2015,4.752
1/28/2015,4.353
1/29/2015,8.257
1/30/2015,4.163
1/31/2015,3.804
2/1/2015,4.301
2/2/2015,4.754
2/3/2015,5.048
2/4/2015,4.192
2/5/2015,4.946
2/6/2015,21.926
2/7/2015,46.373
2/8/2015,37.015
2/9/2015,49.689
2/10/2015,28.729
2/11/2015,19.869
2/12/2015,15.064
2/13/2015,12.355
2/14/2015,10.952
2/15/2015,9.505
2/16/2015,8.89
2/17/2015,8.198
2/18/2015,8.201
2/19/2015,7.083
2/20/2015,6.778
2/21/2015,7.045
2/22/2015,6.251
2/23/2015,6.821
2/24/2015,6.821
2/25/2015,5.723
2/26/2015,5.518
2/27/2015,5.359
2/28/2015,5.458
3/1/2015,5.001
3/2/2015,5.465
3/3/2015,4.957
3/4/2015,4.888
3/5/2015,4.751
3/6/2015,4.584
3/7/2015,4.52
3/8/2015,4.857
3/9/2015,4.118
3/10/2015,4.567
3/11/2015,4.744
3/12/2015,4.291
3/13/2015,4.743
3/14/2015,4.353
3/15/2015,4.275
3/16/2015,4.674
3/17/2015,4.209
3/18/2015,3.69
3/19/2015,4.281
3/20/2015,4.156
3/21/2015,4.165
3/22/2015,4.795
3/23/2015,4.606
3/24/2015,4.258
3/25/2015,3.827
3/26/2015,3.693
3/27/2015,4.816
3/28/2015,4.438
3/29/2015,4.021
3/30/2015,3.886
3/31/2015,3.999
4/1/2015,3.561
4/2/2015,3.698
4/3/2015,3.924
4/4/2015,3.497
4/5/2015,4.19
4/6/2015,3.665
4/7/2015,5.962
4/8/2015,4.314
4/9/2015,4.344
4/10/2015,4.137
4/11/2015,3.826
4/12/2015,3.383
4/13/2015,3.452
4/14/2015,3.639
4/15/2015,3.786
4/16/2015,3.587
4/17/2015,3.376
4/18/2015,3.362
4/19/2015,3.362
4/20/2015,3.602
4/21/2015,3.456
4/22/2015,3.449
4/23/2015,3.339
4/24/2015,3.436
4/25/2015,3.411
4/26/2015,2.997
4/27/2015,3.641
4/28/2015,3.55
4/29/2015,3.272
4/30/2015,3.112
5/1/2015,3.086
5/2/2015,3.053
5/3/2015,2.97
5/4/2015,3.166
5/5/2015,3.141
5/6/2015,3.108
5/7/2015,3.444
5/8/2015,3.151
5/9/2015,2.907
5/10/2015,3.058
5/11/2015,3.172
5/12/2015,3.431
5/13/2015,3.348
5/14/2015,3.293
5/15/2015,3.445
5/16/2015,3.175
5/17/2015,3.175
5/18/2015,3.065
5/19/2015,2.281
5/20/2015,3.153
5/21/2015,3.057
5/22/2015,3.576
5/23/2015,2.87
5/24/2015,2.859
5/25/2015,3.096
5/26/2015,3.054
5/27/2015,2.965
5/28/2015,2.965
5/29/2015,2.635
5/30/2015,3.021
5/31/2015,2.754
6/1/2015,2.633
6/2/2015,2.881
6/3/2015,2.967
6/4/2015,3.245
6/5/2015,2.587
6/6/2015,2.886
6/7/2015,2.788
6/8/2015,2.841
6/9/2015,2.966
6/10/2015,3.394
6/11/2015,2.803
6/12/2015,2.686
6/13/2015,2.71
6/14/2015,2.744
6/15/2015,2.692
6/16/2015,2.476
6/17/2015,2.627
6/18/2015,2.626
6/19/2015,2.484
6/20/2015,2.525
6/21/2015,2.418
6/22/2015,2.297
6/23/2015,2.424
6/24/2015,2.81
6/25/2015,2.03
6/26/2015,2.52
6/27/2015,2.664
6/28/2015,2.458
6/29/2015,2.553
6/30/2015,2.312
7/1/2015,2.512
7/2/2015,2.201
7/3/2015,2.497
7/4/2015,2.522
7/5/2015,2.379
7/6/2015,2.334
7/7/2015,2.365
7/8/2015,2.8
7/9/2015,2.418
7/10/2015,2.417
7/11/2015,2.281
7/12/2015,2.665
7/13/2015,2.218
7/14/2015,2.401
7/15/2015,2.506
7/16/2015,2.339
7/17/2015,2.327
7/18/2015,2.323
7/19/2015,2.409
7/20/2015,2.355
7/21/2015,2.331
7/22/2015,2.248
7/23/2015,2.491
7/24/2015,2.39
7/25/2015,2.216
7/26/2015,2.083
7/27/2015,2.311
7/28/2015,2.355
7/29/2015,2.306
7/30/2015,2.189
7/31/2015,2.511
8/1/2015,2.181
8/2/2015,2.51
8/3/2015,2.588
8/4/2015,2.309
8/5/2015,2.466
8/6/2015,2.157
8/7/2015,2.467
8/8/2015,2.164
8/9/2015,2.191
8/10/2015,2.465
8/11/2015,2.296
8/12/2015,2.6
8/13/2015,2.307
8/14/2015,2.219
8/15/2015,2.041
8/16/2015,2.131
8/17/2015,2.374
8/18/2015,2.239
8/19/2015,2.439
8/20/2015,2.259
8/21/2015,2.332
8/22/2015,2.221
8/23/2015,2.207
8/24/2015,2.285
8/25/2015,2.4
8/26/2015,2.319
8/27/2015,1.769
8/28/2015,2.085
8/29/2015,2.508
8/30/2015,2.27
8/31/2015,2.392
9/1/2015,2.183
9/2/2015,2.183
9/3/2015,2.086
9/4/2015,2.438
9/5/2015,2.126
9/6/2015,2.19
9/7/2015,2.382
9/8/2015,2.239
9/9/2015,2.224
9/10/2015,2.223
9/11/2015,2.384
9/12/2015,2.327
9/13/2015,2.427
9/14/2015,2.427
9/15/2015,1.779
9/16/2015,2.935
9/17/2015,2.761
9/18/2015,2.214
9/19/2015,2.214
9/20/2015,2.143
9/21/2015,2.588
9/22/2015,2.282
9/23/2015,2.35
9/24/2015,2.35
9/25/2015,2.55
9/26/2015,2.298
9/27/2015,2.222
9/28/2015,2.275
9/29/2015,2.275
9/30/2015,2.357
10/1/2015,2.302
10/2/2015,2.404
10/3/2015,2.125
10/4/2015,2.324
10/5/2015,2.275
10/6/2015,2.243
10/7/2015,2.405
10/8/2015,2.195
10/9/2015,2.15
10/10/2015,2.178
10/11/2015,2.178
10/12/2015,2.354
10/13/2015,2.485
10/14/2015,2.712
10/15/2015,1.749
10/16/2015,2.512
10/17/2015,2.917
10/18/2015,2.463
10/19/2015,2.117
10/20/2015,1.531
10/21/2015,1.97
10/22/2015,2.704
10/23/2015,2.108
10/24/2015,1.873
10/25/2015,2.963
10/26/2015,2.106
10/27/2015,2.372
10/28/2015,2.93
10/29/2015,2.355
10/30/2015,2.174
10/31/2015,2.842
11/1/2015,2.285
11/2/2015,2.744
11/3/2015,2.58
11/4/2015,2.571
11/5/2015,2.105
11/6/2015,2.068
11/7/2015,2.286
11/8/2015,3.394
11/9/2015,3.429
11/10/2015,2.885
11/11/2015,2.221
11/12/2015,2.549
11/13/2015,2.476
11/14/2015,2.207
11/15/2015,3.599
11/16/2015,1.982
11/17/2015,2.956
11/18/2015,2.536
11/19/2015,2.607
11/20/2015,2.416
11/21/2015,2.121
11/22/2015,1.73
11/23/2015,1.731
11/24/2015,3.089
11/25/2015,2.171
11/26/2015,2.856
11/27/2015,2.095
11/28/2015,2.393
11/29/2015,2.5
11/30/2015,2.351
12/1/2015,2.505
12/2/2015,2.407
12/3/2015,3.525
12/4/2015,3.968
12/5/2015,2.51
12/6/2015,4.689
12/7/2015,3.256
12/8/2015,3.65
12/9/2015,4.767
12/10/2015,8.577
12/11/2015,4.633
12/12/2015,4.344
12/13/2015,10.029
12/14/2015,6.141
12/15/2015,4.28
12/16/2015,3.719
12/17/2015,3.69
12/18/2015,5.5
12/19/2015,5.079
12/20/2015,5.523
12/21/2015,9.63
12/22/2015,8.949
12/23/2015,7.496
12/24/2015,6.604
12/25/2015,5.678
12/26/2015,4.33
12/27/2015,4.576
12/28/2015,3.806
12/29/2015,4.024
12/30/2015,3.691
12/31/2015,3.755
1/1/2016,3.195
1/2/2016,3.122
1/3/2016,3.134
1/4/2016,4.322
1/5/2016,9.265
1/6/2016,11.72
1/7/2016,9.228
1/8/2016,6.674
1/9/2016,6.959
1/10/2016,5.663
1/11/2016,5.882
1/12/2016,5.631
1/13/2016,14.59
1/14/2016,14.423
1/15/2016,12.309
1/16/2016,11.116
1/17/2016,31.555
1/18/2016,33.908
1/19/2016,43.49
1/20/2016,30.613
1/21/2016,20.695
1/22/2016,30.863
1/23/2016,42.575
1/24/2016,28.907
1/25/2016,21.3
1/26/2016,22.376
1/27/2016,14.123
1/28/2016,12.669
1/29/2016,21.394
1/30/2016,20.658
1/31/2016,18.134
2/1/2016,15.909
2/2/2016,14.302
2/3/2016,12.532
2/4/2016,10.819
2/5/2016,9.898
2/6/2016,8.655
2/7/2016,8.338
2/8/2016,9.944
2/9/2016,7.495
2/10/2016,7.883
2/11/2016,7.479
2/12/2016,7.807
2/13/2016,7.601
2/14/2016,7.135
2/15/2016,7.278
2/16/2016,7.3
2/17/2016,8.66
2/18/2016,14.073
2/19/2016,15.12
2/20/2016,13.177
2/21/2016,12.033
2/22/2016,10.491
2/23/2016,9.35
2/24/2016,9.249
2/25/2016,8.261
2/26/2016,8.124
2/27/2016,8.27
2/28/2016,7.933
2/29/2016,8.102
3/1/2016,6.633
3/2/2016,7.38
3/3/2016,8.382
3/4/2016,8.974
3/5/2016,36.317
3/6/2016,53.629
3/7/2016,36.143
3/8/2016,25.34
3/9/2016,22.005
3/10/2016,40.417
3/11/2016,52.76
3/12/2016,59.991
3/13/2016,79.428
3/14/2016,63.988
3/15/2016,44.204
3/16/2016,29.955
3/17/2016,26.882
3/18/2016,21.177
3/19/2016,17.929
3/20/2016,19.791
3/21/2016,23.466
3/22/2016,21.305
3/23/2016,18.841
3/24/2016,16.885
3/25/2016,14.815
3/26/2016,14.442
3/27/2016,12.638
3/28/2016,11.898
3/29/2016,11.255
3/30/2016,13.321
3/31/2016,10.372
4/1/2016,10.059
4/2/2016,8.445
4/3/2016,9.733
4/4/2016,8.865
4/5/2016,8.897
4/6/2016,9.023
4/7/2016,8.66
4/8/2016,8.578
4/9/2016,9.142
4/10/2016,8.485
4/11/2016,9.475
4/12/2016,9.493
4/13/2016,9.193
4/14/2016,8.29
4/15/2016,8.317
4/16/2016,7.822
4/17/2016,7.554
4/18/2016,7.41
4/19/2016,8.419
4/20/2016,8.418
4/21/2016,7.221
4/22/2016,9.547
4/23/2016,7.407
4/24/2016,7.348
4/25/2016,6.344
4/26/2016,6.587
4/27/2016,7.366
4/28/2016,6.477
4/29/2016,5.858
4/30/2016,5.691
5/1/2016,5.562
5/2/2016,5.549
5/3/2016,5.722
5/4/2016,6.698
5/5/2016,5.415
5/6/2016,6.099
5/7/2016,6.053
5/8/2016,5.69
5/9/2016,5.855
5/10/2016,5.309
5/11/2016,5.329
5/12/2016,5.832
5/13/2016,6.025
5/14/2016,5.448
5/15/2016,4.97
5/16/2016,5.513
5/17/2016,4.988
5/18/2016,4.812
5/19/2016,4.684
5/20/2016,5.364
5/21/2016,5.46
5/22/2016,5.703
5/23/2016,5.106
5/24/2016,4.562
5/25/2016,4.664
5/26/2016,4.85
5/27/2016,4.44
5/28/2016,4.781
5/29/2016,4.113
5/30/2016,4.338
5/31/2016,4.176
6/1/2016,4.149
6/2/2016,4.232
6/3/2016,3.606
6/4/2016,4.261
6/5/2016,3.359
6/6/2016,3.92
6/7/2016,3.965
6/8/2016,3.819
6/9/2016,4.075
6/10/2016,4.334
6/11/2016,3.457
6/12/2016,3.285
6/13/2016,3.185
6/14/2016,3.525
6/15/2016,3.579
6/16/2016,3.902
6/17/2016,4.741
6/18/2016,4.533
6/19/2016,4.533
6/20/2016,3.415
6/21/2016,3.524
6/22/2016,3.677
6/23/2016,3.58
6/24/2016,3.481
6/25/2016,3.123
6/26/2016,3.393
6/27/2016,3.499
6/28/2016,3.353
6/29/2016,3.3
6/30/2016,3.076
7/1/2016,3.036
7/2/2016,3.435
7/3/2016,2.974
7/4/2016,3.166
7/5/2016,2.965
7/6/2016,2.647
7/7/2016,2.959
7/8/2016,3.093
7/9/2016,2.936
7/10/2016,2.789
7/11/2016,2.783
7/12/2016,3.059
7/13/2016,2.735
7/14/2016,2.303
7/15/2016,3.486
7/16/2016,2.735
7/17/2016,2.676
7/18/2016,2.913
7/19/2016,2.895
7/20/2016,2.794
7/21/2016,2.762
7/22/2016,2.711
7/23/2016,2.768
7/24/2016,2.603
7/25/2016,2.967
7/26/2016,2.687
7/27/2016,3.071
7/28/2016,2.893
7/29/2016,2.578
7/30/2016,2.745
7/31/2016,2.657
8/1/2016,2.494
8/2/2016,2.838
8/3/2016,2.556
8/4/2016,2.459
8/5/2016,2.87
8/6/2016,2.384
8/7/2016,2.641
8/8/2016,2.412
8/9/2016,2.514
8/10/2016,2.534
8/11/2016,2.253
8/12/2016,2.253
8/13/2016,2.508
8/14/2016,2.418
8/15/2016,2.823
8/16/2016,2.523
8/17/2016,2.578
8/18/2016,2.783
8/19/2016,2.327
8/20/2016,2.462
8/21/2016,2.726
8/22/2016,2.042
8/23/2016,2.958
8/24/2016,2.661
8/25/2016,2.204
8/26/2016,2.624
8/27/2016,2.502
8/28/2016,2.316
8/29/2016,2.442
8/30/2016,2.611
8/31/2016,2.404
9/1/2016,2.366
9/2/2016,2.261
9/3/2016,2.502
9/4/2016,2.202
9/5/2016,2.178
9/6/2016,2.501
9/7/2016,2.309
9/8/2016,2.486
9/9/2016,2.182
9/10/2016,2.741
9/11/2016,2.109
9/12/2016,2.87
9/13/2016,2.522
9/14/2016,2.619
9/15/2016,2.428
9/16/2016,0.451
9/17/2016,2.459
9/18/2016,2.377
9/19/2016,2.612
9/20/2016,2.554
9/21/2016,2.477
9/22/2016,2.338
9/23/2016,2.65
9/24/2016,2.509
9/25/2016,2.208
9/26/2016,2.431
9/27/2016,2.561
9/28/2016,2.771
9/29/2016,2.442
9/30/2016,2.699
10/1/2016,2.192
10/2/2016,2.514
10/3/2016,2.92
10/4/2016,2.185
10/5/2016,2.498
10/6/2016,2.333
10/7/2016,2.521
10/8/2016,2.459
10/9/2016,2.935
10/10/2016,2.511
10/11/2016,2.808
10/12/2016,2.537
10/13/2016,2.532
10/14/2016,6.355
10/15/2016,5.72
10/16/2016,5.585
10/17/2016,4.505
10/18/2016,4.062
10/19/2016,3.086
10/20/2016,3.159
10/21/2016,2.933
10/22/2016,3.317
10/23/2016,2.872
10/24/2016,5.292
10/25/2016,9.257
10/26/2016,7.899
10/27/2016,10.121
10/28/2016,7.813
10/29/2016,11.069
10/30/2016,18.368
10/31/2016,18.036
11/1/2016,13.079
11/2/2016,9.461
11/3/2016,7.337
11/4/2016,6.227
11/5/2016,6.048
11/6/2016,6.325
11/7/2016,5.224
11/8/2016,5.354
11/9/2016,5.104
11/10/2016,4.836
11/11/2016,4.366
11/12/2016,4.436
11/13/2016,3.943
11/14/2016,3.895
11/15/2016,4.596
11/16/2016,4.154
11/17/2016,3.842
11/18/2016,3.836
11/19/2016,9.147
11/20/2016,14.274
11/21/2016,8.194
11/22/2016,8.748
11/23/2016,8.122
11/24/2016,7.234
11/25/2016,6.96
11/26/2016,9.582
11/27/2016,9.245
11/28/2016,8.264
11/29/2016,6.915
11/30/2016,6.797
12/1/2016,6.509
12/2/2016,5.559
12/3/2016,5.627
12/4/2016,5.14
12/5/2016,4.82
12/6/2016,4.768
12/7/2016,5.548
12/8/2016,5.574
12/9/2016,8.587
12/10/2016,20.715
12/11/2016,13.454
12/12/2016,9.954
12/13/2016,9.878
12/14/2016,16.389
12/15/2016,61.465
12/16/2016,36.963
12/17/2016,22.478
12/18/2016,16.832
12/19/2016,13.266
12/20/2016,12.312
12/21/2016,9.447
12/22/2016,8.058
12/23/2016,13.957
12/24/2016,11.249
12/25/2016,9.289
12/26/2016,8.426
12/27/2016,7.479
12/28/2016,7.626
12/29/2016,6.987
12/30/2016,6.958
12/31/2016,6.994
1/1/2017,5.748
1/2/2017,6.652
1/3/2017,9.898
1/4/2017,11.247
1/5/2017,8.291
1/6/2017,7.52
1/7/2017,9.532
1/8/2017,52.479
1/9/2017,56.458
1/10/2017,67.622
1/11/2017,55.738
1/12/2017,35.953
1/13/2017,27.457
1/14/2017,22.908
1/15/2017,19.238
1/16/2017,16.541
1/17/2017,15.203
1/18/2017,25.22
1/19/2017,27.595
1/20/2017,38.711
1/21/2017,34.877
1/22/2017,41.303
1/23/2017,28.514
1/24/2017,20.386
1/25/2017,19.657
1/26/2017,14.434
1/27/2017,12.899
1/28/2017,11.468
1/29/2017,10.999
1/30/2017,10.334
1/31/2017,10.251
2/1/2017,10.017
2/2/2017,12.685
2/3/2017,40.263
2/4/2017,55.077
2/5/2017,46.827
2/6/2017,73.521
2/7/2017,88.787
2/8/2017,75.732
2/9/2017,131.197
2/10/2017,104.329
2/11/2017,64.948
2/12/2017,51.015
2/13/2017,40.613
2/14/2017,33.825
2/15/2017,27.786
2/16/2017,33.568
2/17/2017,32.274
2/18/2017,34.611
2/19/2017,36.757
2/20/2017,67.454
2/21/2017,73.461
2/22/2017,50.451
2/23/2017,42.623
2/24/2017,36.725
2/25/2017,31.474
2/26/2017,26.834
2/27/2017,24.036
2/28/2017,20.662
3/1/2017,16.764
3/2/2017,18.884
3/3/2017,15.538
3/4/2017,16.928
3/5/2017,15.617
3/6/2017,16.016
3/7/2017,13.352
3/8/2017,16.323
3/9/2017,14.409
3/10/2017,16.539
3/11/2017,15.619
3/12/2017,16.5
3/13/2017,15.493
3/14/2017,14.432
3/15/2017,17.651
3/16/2017,16.469
3/17/2017,15.792
3/18/2017,16.85
3/19/2017,18.445
3/20/2017,18.391
3/21/2017,30.309
3/22/2017,36.751
3/23/2017,28.632
3/24/2017,36.493
3/25/2017,35.126
3/26/2017,30.017
3/27/2017,27.043
3/28/2017,23.127
3/29/2017,20.273
3/30/2017,19.413
3/31/2017,17.733
4/1/2017,16.501
4/2/2017,16.014
4/3/2017,15.469
4/4/2017,14.633
4/5/2017,14.359
4/6/2017,20.412
4/7/2017,34.62
4/8/2017,29.69
4/9/2017,24.061
4/10/2017,21.191
4/11/2017,22.375
4/12/2017,28.751
4/13/2017,34.873
4/14/2017,27.664
4/15/2017,23.828
4/16/2017,22.19
4/17/2017,23.863
4/18/2017,25.945
4/19/2017,23.414
4/20/2017,23.403
4/21/2017,20.142
4/22/2017,19.795
4/23/2017,17.859
4/24/2017,22.315
4/25/2017,16.28
4/26/2017,16.265
4/27/2017,15.253
4/28/2017,14.435
4/29/2017,14.285
4/30/2017,13.565
5/1/2017,13.601
5/2/2017,14.782
5/3/2017,13.6
5/4/2017,13.759
5/5/2017,14.948
5/6/2017,13.008
5/7/2017,12.518
5/8/2017,11.524
5/9/2017,11.312
5/10/2017,11.589
5/11/2017,11.083
5/12/2017,10.972
5/13/2017,10.383
5/14/2017,9.461
5/15/2017,9.512
5/16/2017,8.959
5/17/2017,9.377
5/18/2017,8.574
5/19/2017,8.838
5/20/2017,8.432
5/21/2017,9.076
5/22/2017,8.459
5/23/2017,8.768
5/24/2017,8.621
5/25/2017,8.923
5/26/2017,7.654
5/27/2017,7.514
5/28/2017,7.885
5/29/2017,7.465
5/30/2017,7.522
5/31/2017,7.468
6/1/2017,6.822
6/2/2017,7.126
6/3/2017,6.677
6/4/2017,6.977
6/5/2017,6.329
6/6/2017,6.493
6/7/2017,5.891
6/8/2017,7.508
6/9/2017,6.601
6/10/2017,6.02
6/11/2017,6.046
6/12/2017,5.794
6/13/2017,5.896
6/14/2017,5.752
6/15/2017,5.916
6/16/2017,5.874
6/17/2017,5.233
6/18/2017,5.771
6/19/2017,5.579
6/20/2017,5.818
6/21/2017,5.31
6/22/2017,4.926
6/23/2017,5.309
6/24/2017,5.103
6/25/2017,4.968
6/26/2017,5.138
6/27/2017,4.732
6/28/2017,4.996
6/29/2017,4.829
6/30/2017,4.814
7/1/2017,4.861
7/2/2017,4.613
7/3/2017,4.752
7/4/2017,4.583
7/5/2017,4.533
7/6/2017,4.658
7/7/2017,4.536
7/8/2017,4.55
7/9/2017,4.073
7/10/2017,4.268
7/11/2017,4.296
7/12/2017,4.399
7/13/2017,4.263
7/14/2017,4.704
7/15/2017,4.364
7/16/2017,4.439
7/17/2017,4.035
7/18/2017,4.136
7/19/2017,4.322
7/20/2017,4.206
7/21/2017,4.011
7/22/2017,3.991
7/23/2017,4.209
7/24/2017,4.168
7/25/2017,3.89
7/26/2017,3.91
7/27/2017,3.998
7/28/2017,4.088
7/29/2017,3.783
7/30/2017,4.207
7/31/2017,3.967
8/1/2017,3.967
8/2/2017,4.038
8/3/2017,3.911
8/4/2017,3.646
8/5/2017,3.818
8/6/2017,3.911
8/7/2017,4.004
8/8/2017,3.933
8/9/2017,3.907
8/10/2017,3.426
8/11/2017,0.708
8/12/2017,3.821
8/13/2017,3.859
8/14/2017,3.748
8/15/2017,3.544
8/16/2017,3.687
8/17/2017,3.521
8/18/2017,3.672
8/19/2017,3.515
8/20/2017,3.604
8/21/2017,3.915
8/22/2017,3.294
8/23/2017,3.649
8/24/2017,3.75
8/25/2017,3.794
8/26/2017,3.448
8/27/2017,4.139
8/28/2017,3.228
8/29/2017,3.542
8/30/2017,3.271
8/31/2017,3.664
9/1/2017,3.763
9/2/2017,3.423
9/3/2017,4.45
9/4/2017,3.289
9/5/2017,3.765
9/6/2017,3.498
9/7/2017,3.676
9/8/2017,3.75
9/9/2017,3.297
9/10/2017,3.416
9/11/2017,3.752
9/12/2017,3.218
9/13/2017,3.394
9/14/2017,3.646
9/15/2017,3.166
9/16/2017,3.521
9/17/2017,3.404
9/18/2017,3.263
9/19/2017,3.533
9/20/2017,3.168
9/21/2017,3.246
9/22/2017,3.412
9/23/2017,3.222
9/24/2017,3.497
9/25/2017,3.331
9/26/2017,3.454
9/27/2017,3.413
9/28/2017,3.319
9/29/2017,3.689
9/30/2017,3.314
10/1/2017,3.18
10/2/2017,1.252
10/3/2017,3.139
10/4/2017,3.381
10/5/2017,3.282
10/6/2017,3.538
10/7/2017,3.438
10/8/2017,3.267
10/9/2017,3.079
10/10/2017,3.699
10/11/2017,3.215
10/12/2017,3.269
10/13/2017,3.29
10/14/2017,3.338
10/15/2017,3.549
10/16/2017,3.594
10/17/2017,3.513
10/18/2017,2.785
10/19/2017,4.081
10/20/2017,3.934
10/21/2017,3.917
10/22/2017,3.549
10/23/2017,3.658
10/24/2017,3.599
10/25/2017,3.745
10/26/2017,3.431
10/27/2017,3.692
10/28/2017,3.706
10/29/2017,3.661
10/30/2017,3.693
10/31/2017,3.22
11/1/2017,3.714
11/2/2017,3.314
11/3/2017,5.362
11/4/2017,4.416
11/5/2017,3.633
11/6/2017,3.821
11/7/2017,3.475
11/8/2017,5.284
11/9/2017,7.319
11/10/2017,7.385
11/11/2017,4.721
11/12/2017,4.72
11/13/2017,6.998
11/14/2017,5.523
11/15/2017,8.222
11/16/2017,7.601
11/17/2017,6.128
11/18/2017,5.153
11/19/2017,5.116
11/20/2017,6.22
11/21/2017,5.605
11/22/2017,5.238
11/23/2017,5.028
11/24/2017,4.466
11/25/2017,4.669
11/26/2017,9.623
11/27/2017,8.918
11/28/2017,6.683
11/29/2017,5.932
11/30/2017,5.186
12/1/2017,4.819
12/2/2017,5.287
12/3/2017,4.806
12/4/2017,4.44
12/5/2017,4.623
12/6/2017,4.007
12/7/2017,4.542
12/8/2017,4.234
12/9/2017,4.273
12/10/2017,4.342
12/11/2017,3.928
12/12/2017,4.085
12/13/2017,4.374
12/14/2017,3.736
12/15/2017,3.962
12/16/2017,4.737
12/17/2017,3.267
12/18/2017,3.941
12/19/2017,3.982
12/20/2017,3.849
12/21/2017,3.878
12/22/2017,3.902
12/23/2017,3.805
12/24/2017,3.961
12/25/2017,3.678
12/26/2017,3.643
12/27/2017,3.62
12/28/2017,4.59
12/29/2017,3.367
12/30/2017,3.996
12/31/2017,3.451
1/1/2018,3.964
1/2/2018,3.783
1/3/2018,3.862
1/4/2018,5.399
1/5/2018,7.241
1/6/2018,5.894
1/7/2018,3.805
1/8/2018,6.633
1/9/2018,7.189
1/10/2018,6.178
1/11/2018,5.543
1/12/2018,5.734
1/13/2018,5.095
1/14/2018,5.105
1/15/2018,4.626
1/16/2018,5.337
1/17/2018,4.689
1/18/2018,7.122
1/19/2018,6.118
1/20/2018,5.467
1/21/2018,6.169
1/22/2018,5.713
1/23/2018,5.779
1/24/2018,8.085
1/25/2018,8.248
1/26/2018,7.447
1/27/2018,7.058
1/28/2018,5.943
1/29/2018,5.621
1/30/2018,6.137
1/31/2018,6.017
2/1/2018,5.729
2/2/2018,5.729
2/3/2018,3.707
2/4/2018,5.569
2/5/2018,5.568
2/6/2018,5.764
2/7/2018,5.34
2/8/2018,4.877
2/9/2018,4.86
2/10/2018,4.818
2/11/2018,4.565
2/12/2018,4.564
2/13/2018,4.507
2/14/2018,4.18
2/15/2018,6.907
2/16/2018,4.5
2/17/2018,3.945
2/18/2018,4.212
2/19/2018,4.258
2/20/2018,4.205
2/21/2018,4.21
2/22/2018,4.212
2/23/2018,3.755
2/24/2018,3.827
2/25/2018,3.706
2/26/2018,4.638
2/27/2018,3.955
2/28/2018,4.637
3/1/2018,9.339
3/2/2018,6.124
3/3/2018,5.492
3/4/2018,5.134
3/5/2018,4.868
3/6/2018,4.991
3/7/2018,4.686
3/8/2018,5.107
3/9/2018,5.899
3/10/2018,5.593
3/11/2018,5.215
3/12/2018,5.744
3/13/2018,12.211
3/14/2018,15.929
3/15/2018,14.688
3/16/2018,12.33
3/17/2018,10.612
3/18/2018,9.522
3/19/2018,8.843
3/20/2018,8.665
3/21/2018,12.425
3/22/2018,31.864
3/23/2018,21.414
3/24/2018,17.443
3/25/2018,15.033
3/26/2018,12.7
3/27/2018,11.4
3/28/2018,10.231
3/29/2018,9.907
3/30/2018,8.769
3/31/2018,8.561
4/1/2018,8.212
4/2/2018,8.127
4/3/2018,6.955
4/4/2018,7.159
4/5/2018,7.603
4/6/2018,12.359
4/7/2018,20.491
4/8/2018,14.626
4/9/2018,13.004
4/10/2018,12.504
4/11/2018,11.669
4/12/2018,11.171
4/13/2018,9.966
4/14/2018,8.813
4/15/2018,9.582
4/16/2018,8.929
4/17/2018,8.443
4/18/2018,8.35
4/19/2018,7.754
4/20/2018,3.517
4/21/2018,7.377
4/22/2018,7.28
4/23/2018,6.816
4/24/2018,5.964
4/25/2018,6.688
4/26/2018,6.122
4/27/2018,6.332
4/28/2018,7.067
4/29/2018,5.882
4/30/2018,5.957
5/1/2018,5.622
5/2/2018,5.715
5/3/2018,5.713
5/4/2018,5.885
5/5/2018,5.562
5/6/2018,5.159
5/7/2018,5.158
5/8/2018,5.126
5/9/2018,5.199
5/10/2018,4.577
5/11/2018,4.374
5/12/2018,4.348
5/13/2018,4.743
5/14/2018,4.137
5/15/2018,4.059
5/16/2018,5.594
5/17/2018,4.444
5/18/2018,4.491
5/19/2018,4.541
5/20/2018,4.145
5/21/2018,3.928
5/22/2018,4.474
5/23/2018,7.675
5/24/2018,4.336
5/25/2018,5.558
5/26/2018,4.658
5/27/2018,4.671
5/28/2018,4.791
5/29/2018,4.97
5/30/2018,5.265
5/31/2018,5.44
6/1/2018,5.28
6/2/2018,5.32
6/3/2018,5.217
6/4/2018,3.98
6/5/2018,4.601
6/6/2018,4
6/7/2018,3.452
6/8/2018,4.301
6/9/2018,3.057
6/10/2018,3.693
6/11/2018,3.815
6/12/2018,3.661
6/13/2018,5.961
6/14/2018,3.943
6/15/2018,3.553
6/16/2018,3.734
6/17/2018,3.453
6/18/2018,3.475
6/19/2018,3.778
6/20/2018,3.344
6/21/2018,3.409
6/22/2018,3.63
6/23/2018,3.047
6/24/2018,3.524
6/25/2018,2.045
6/26/2018,3.51
6/27/2018,3.416
6/28/2018,3.167
6/29/2018,3.86
6/30/2018,3.526
7/1/2018,1.836
7/2/2018,2.815
7/3/2018,3.443
7/4/2018,3.36
7/5/2018,3.139
7/6/2018,3.099
7/7/2018,3.157
7/8/2018,3.191
7/9/2018,2.598
7/10/2018,3.227
7/11/2018,3.04
7/12/2018,2.858
7/13/2018,3.661
7/14/2018,3.131
7/15/2018,3.185
7/16/2018,2.668
7/17/2018,3.21
7/18/2018,2.886
7/19/2018,2.764
7/20/2018,2.988
7/21/2018,2.946
7/22/2018,3.218
7/23/2018,2.857
7/24/2018,2.728
7/25/2018,2.793
7/26/2018,2.393
7/27/2018,3.439
7/28/2018,3.166
7/29/2018,2.796
7/30/2018,2.959
7/31/2018,2.573
8/1/2018,2.92
8/2/2018,2.699
8/3/2018,2.405
8/4/2018,2.77
8/5/2018,2.78
8/6/2018,2.628
8/7/2018,2.405
8/8/2018,2.793
8/9/2018,2.299
8/10/2018,2.823
8/11/2018,2.588
8/12/2018,2.624
8/13/2018,2.686
8/14/2018,2.567
8/15/2018,2.42
8/16/2018,2.884
8/17/2018,2.507
8/18/2018,2.647
8/19/2018,2.485
8/20/2018,2.483
8/21/2018,2.285
8/22/2018,2.652
8/23/2018,2.329
8/24/2018,2.318
8/25/2018,2.448
8/26/2018,2.87
8/27/2018,2.465
8/28/2018,2.6
8/29/2018,2.743
8/30/2018,2.488
8/31/2018,2.801
9/1/2018,2.673
9/2/2018,2.385
9/3/2018,2.818
9/4/2018,2.775
9/5/2018,2.389
9/6/2018,3.763
9/7/2018,1.088
9/8/2018,2.847
9/9/2018,2.708
9/10/2018,2.296
9/11/2018,2.638
9/12/2018,2.526
9/13/2018,2.602
9/14/2018,2.464
9/15/2018,2.459
9/16/2018,2.948
9/17/2018,2.77
9/18/2018,2.792
9/19/2018,2.493
9/20/2018,2.979
9/21/2018,2.693
9/22/2018,2.917
9/23/2018,2.774
9/24/2018,2.922
9/25/2018,2.835
9/26/2018,2.666
9/27/2018,2.718
9/28/2018,2.442
9/29/2018,3.14
9/30/2018,3.222
10/1/2018,2.897
10/2/2018,3.008
10/3/2018,3.483
10/4/2018,3.605
10/5/2018,2.884
10/6/2018,3.052
10/7/2018,3.386
10/8/2018,2.865
10/9/2018,2.64
10/10/2018,3.14
10/11/2018,2.976
10/12/2018,2.846
10/13/2018,2.686
10/14/2018,3.149
10/15/2018,3.101
10/16/2018,2.815
10/17/2018,2.92
10/18/2018,3.845
10/19/2018,2.069
10/20/2018,3.091
10/21/2018,2.956
10/22/2018,3.122
10/23/2018,3.248
10/24/2018,3.05
10/25/2018,3.069
10/26/2018,2.885
10/27/2018,2.927
10/28/2018,2.93
10/29/2018,3.261
10/30/2018,2.872
10/31/2018,3.098
11/1/2018,1.54
11/2/2018,3.035
11/3/2018,2.869
11/4/2018,3.201
11/5/2018,2.812
11/6/2018,3.151
11/7/2018,2.988
11/8/2018,2.906
11/9/2018,2.824
11/10/2018,3.09
11/11/2018,2.767
11/12/2018,3.068
11/13/2018,3.199
11/14/2018,2.889
11/15/2018,3.211
11/16/2018,2.848
11/17/2018,3.312
11/18/2018,2.875
11/19/2018,3.313
11/20/2018,2.922
11/21/2018,4.245
11/22/2018,5.861
11/23/2018,6.595
11/24/2018,4.139
11/25/2018,3.511
11/26/2018,3.426
11/27/2018,5.819
11/28/2018,4.765
11/29/2018,9.548
11/30/2018,5.184
12/1/2018,3.605
12/2/2018,4.761
12/3/2018,3.496
12/4/2018,3.766
12/5/2018,3.774
12/6/2018,3.584
12/7/2018,3.218
12/8/2018,3.463
12/9/2018,3.328
12/10/2018,3.527
12/11/2018,3.607
12/12/2018,3.443
12/13/2018,3.16
12/14/2018,3.94
12/15/2018,3.823
12/16/2018,11.156
12/17/2018,9.856
12/18/2018,7.077
12/19/2018,6.284
12/20/2018,6.015
12/21/2018,5.639
12/22/2018,4.769
12/23/2018,4.746
12/24/2018,6.797
12/25/2018,6.656
12/26/2018,5.326
12/27/2018,4.724
12/28/2018,4.608
12/29/2018,4.528
12/30/2018,3.742
12/31/2018,4.39
1/1/2019,3.906
1/2/2019,3.85
1/3/2019,4.273
1/4/2019,3.396
1/5/2019,5.322
1/6/2019,9.259
1/7/2019,7.402
1/8/2019,8.457
1/9/2019,29.223
1/10/2019,22.532
1/11/2019,12.891
1/12/2019,9.308
1/13/2019,7.572
1/14/2019,6.442
1/15/2019,7.881
1/16/2019,25.014
1/17/2019,36.632
1/18/2019,21.92
1/19/2019,20.324
1/20/2019,28.923
1/21/2019,22.204
1/22/2019,16.131
1/23/2019,13.591
1/24/2019,12.832
1/25/2019,9.909
1/26/2019,8.748
1/27/2019,8.659
1/28/2019,7.379
1/29/2019,7.305
1/30/2019,6.962
1/31/2019,7.121
2/1/2019,8.069
2/2/2019,15.024
2/3/2019,15.192
2/4/2019,16.718
2/5/2019,14.164
2/6/2019,11.946
2/7/2019,10.426
2/8/2019,9.397
2/9/2019,10.137
2/10/2019,8.76
2/11/2019,8.133
2/12/2019,9.451
2/13/2019,12.854
2/14/2019,28.785
2/15/2019,26.033
2/16/2019,21.876
2/17/2019,19.306
2/18/2019,16.617
2/19/2019,15.361
2/20/2019,13.987
2/21/2019,17.862
2/22/2019,10.725
2/23/2019,10.23
2/24/2019,10.63
2/25/2019,29.811
2/26/2019,73.618
2/27/2019,90.894
2/28/2019,50.171
3/1/2019,32.304
3/2/2019,26.773
3/3/2019,24.183
3/4/2019,24.153
3/5/2019,23.255
3/6/2019,50.144
3/7/2019,51.797
3/8/2019,36.635
3/9/2019,30.196
3/10/2019,21.524
3/11/2019,27.005
3/12/2019,19.634
3/13/2019,17.678
3/14/2019,15.651
3/15/2019,14.25
3/16/2019,13.231
3/17/2019,12.546
3/18/2019,12.431
3/19/2019,12.347
3/20/2019,14.54
3/21/2019,14.309
3/22/2019,15.06
3/23/2019,15.841
3/24/2019,14.696
3/25/2019,17.72
3/26/2019,18.819
3/27/2019,29.512
3/28/2019,32.137
3/29/2019,32.022
3/30/2019,25.534
3/31/2019,21.134
4/1/2019,19.543
4/2/2019,26.371
4/3/2019,21.661
4/4/2019,20.652
4/5/2019,29.266
4/6/2019,32.782
4/7/2019,38.772
4/8/2019,50.334
4/9/2019,48.025
4/10/2019,36.278
4/11/2019,31.363
4/12/2019,27.708
4/13/2019,23.99
4/14/2019,22.069
4/15/2019,22.976
4/16/2019,18.886
4/17/2019,16.955
4/18/2019,16.481
4/19/2019,16.768
4/20/2019,16.679
4/21/2019,15.866
4/22/2019,15.642
4/23/2019,15.403
4/24/2019,15.854
4/25/2019,15.762
4/26/2019,15.427
4/27/2019,14.774
4/28/2019,13.563
4/29/2019,12.559
4/30/2019,12.341
5/1/2019,11.422
5/2/2019,10.477
5/3/2019,10.446
5/4/2019,10.107
5/5/2019,8.974
5/6/2019,9.514
5/7/2019,9.854
5/8/2019,10.024
5/9/2019,9.948
5/10/2019,9.959
5/11/2019,9.205
5/12/2019,8.585
5/13/2019,8.05
5/14/2019,8.283
5/15/2019,12.17
5/16/2019,18.937
5/17/2019,13.814
5/18/2019,13.992
5/19/2019,16.085
5/20/2019,13.263
5/21/2019,12.716
5/22/2019,13.009
5/23/2019,11.346
5/24/2019,11.342
5/25/2019,11.177
5/26/2019,11.8
5/27/2019,11.009
5/28/2019,11.166
5/29/2019,10.085
5/30/2019,11.84
5/31/2019,10.303
6/1/2019,9.958
6/2/2019,8.783
6/3/2019,9.02
6/4/2019,8.889
6/5/2019,8.451
6/6/2019,8.143
6/7/2019,7.708
6/8/2019,7.393
6/9/2019,6.427
6/10/2019,7.159
6/11/2019,6.452
6/12/2019,7.551
6/13/2019,6.405
6/14/2019,6.033
6/15/2019,5.238
6/16/2019,5.34
6/17/2019,7.321
6/18/2019,11.564
6/19/2019,5.475
6/20/2019,5.191
6/21/2019,5.723
6/22/2019,5.456
6/23/2019,5.083
6/24/2019,4.199
6/25/2019,5.031
6/26/2019,5.113
6/27/2019,5.008
6/28/2019,5.032
6/29/2019,4.713
6/30/2019,4.883
7/1/2019,4.444
7/2/2019,4.738
7/3/2019,4.486
7/4/2019,4.718
7/5/2019,4.322
7/6/2019,4.09
7/7/2019,4.566
7/8/2019,4.667
7/9/2019,4.3
7/10/2019,4.122
7/11/2019,4.489
7/12/2019,4.279
7/13/2019,4.62
7/14/2019,3.818
7/15/2019,3.509
7/16/2019,4.343
7/17/2019,4.027
7/18/2019,4.499
7/19/2019,4.214
7/20/2019,4.137
7/21/2019,4.208
7/22/2019,4
7/23/2019,3.888
7/24/2019,3.983
7/25/2019,4.134
7/26/2019,3.72
7/27/2019,3.999
7/28/2019,4.188
7/29/2019,3.803
7/30/2019,3.804
7/31/2019,3.733
8/1/2019,3.903
8/2/2019,3.709
8/3/2019,3.702
8/4/2019,3.816
8/5/2019,5.071
8/6/2019,2.943
8/7/2019,2.905
8/8/2019,3.947
8/9/2019,3.28
8/10/2019,4.851
8/11/2019,4.178
8/12/2019,3.754
8/13/2019,3.91
8/14/2019,-3.317
8/15/2019,3.496
8/16/2019,3.741
8/17/2019,3.64
8/18/2019,3.964
8/19/2019,3.665
8/20/2019,3.649
8/21/2019,3.523
8/22/2019,3.641
8/23/2019,3.913
8/24/2019,2.923
8/25/2019,3.667
8/26/2019,3.464
8/27/2019,3.827
8/28/2019,3.605
8/29/2019,3.447
8/30/2019,3.602
8/31/2019,3.605
9/1/2019,3.965
9/2/2019,3.212
9/3/2019,3.361
9/4/2019,2.749
9/5/2019,3.122
9/6/2019,3.251
9/7/2019,3.425
9/8/2019,4.039
9/9/2019,2.783
9/10/2019,3.181
9/11/2019,3.885
9/12/2019,2.917
9/13/2019,4.178
9/14/2019,3.261
9/15/2019,3.449
9/16/2019,3.576
9/17/2019,2.974
9/18/2019,5.017
9/19/2019,4.488
9/20/2019,1.889
9/21/2019,4.252
9/22/2019,3.517
9/23/2019,3.274
9/24/2019,3.654
9/25/2019,3.55
9/26/2019,3.201
9/27/2019,3.661
9/28/2019,3.605
9/29/2019,3.782
9/30/2019,2.738
10/1/2019,3.755
10/2/2019,2.302
10/3/2019,2.589
10/4/2019,3.276
10/5/2019,2.486
10/6/2019,6.798
10/7/2019,3.345
10/8/2019,3.421
10/9/2019,3.501
10/10/2019,2.941
10/11/2019,4.863
10/12/2019,1.258
10/13/2019,3.944
10/14/2019,6.022
10/15/2019,3.646
10/16/2019,4.412
10/17/2019,3.842
10/18/2019,6.35
10/19/2019,7.356
10/20/2019,7.126
10/21/2019,4.153
10/22/2019,2.544
10/23/2019,3.402
10/24/2019,2.831
10/25/2019,3.789
10/26/2019,3.607
10/27/2019,2.593
10/28/2019,2.268
10/29/2019,5.399
10/30/2019,3.721
10/31/2019,-1.281
11/1/2019,5.26
11/2/2019,3.891
11/3/2019,4.608
11/4/2019,3.441
11/5/2019,3.418
11/6/2019,4.504
11/7/2019,2.572
11/8/2019,3.197
11/9/2019,3.733
11/10/2019,3.36
11/11/2019,3.848
11/12/2019,3.378
11/13/2019,3.465
11/14/2019,3.73
11/15/2019,3.493
11/16/2019,3.439
11/17/2019,3.695
11/18/2019,3.321
11/19/2019,3.623
11/20/2019,3.11
11/21/2019,3.449
11/22/2019,3.217
11/23/2019,3.798
11/24/2019,3.22
11/25/2019,3.379
11/26/2019,5.414
11/27/2019,5.61
11/28/2019,4.232
11/29/2019,3.829
11/30/2019,3.545
12/1/2019,6.485
12/2/2019,4.529
12/3/2019,4.281
12/4/2019,3.586
12/5/2019,4.253
12/6/2019,5.398
12/7/2019,21.688
12/8/2019,13.841
12/9/2019,6.33
12/10/2019,5.974
12/11/2019,5.57
12/12/2019,7.18
12/13/2019,9.321
12/14/2019,6.122
12/15/2019,5.694
12/16/2019,5.869
12/17/2019,4.719
12/18/2019,4.943
12/19/2019,6.279
12/20/2019,7.089
12/21/2019,5.731
12/22/2019,8.474
12/23/2019,6.792
12/24/2019,6.225
12/25/2019,6.041
12/26/2019,5.036
12/27/2019,5.352
12/28/2019,4.938
12/29/2019,5.115
12/30/2019,4.356
12/31/2019,4.781
1/1/2020,4.578
1/2/2020,4.922
1/3/2020,4.131
1/4/2020,4.618
1/5/2020,4.694
1/6/2020,4.12
1/7/2020,4.092
1/8/2020,4.271
1/9/2020,5.512
1/10/2020,4.43
1/11/2020,4.349
1/12/2020,4.747
1/13/2020,5.179
1/14/2020,5.358
1/15/2020,5.118
1/16/2020,9.023
1/17/2020,6.87
1/18/2020,5.389
1/19/2020,6.424
1/20/2020,5.514
1/21/2020,7.429
1/22/2020,7.403
1/23/2020,9.142
1/24/2020,9.066
1/25/2020,10.232
1/26/2020,15.99
1/27/2020,13.225
1/28/2020,12.765
1/29/2020,10.888
1/30/2020,10.11
1/31/2020,8.524
2/1/2020,7.356
2/2/2020,7.423
2/3/2020,6.201
2/4/2020,5.648
2/5/2020,5.622
2/6/2020,7.668
2/7/2020,5.58
2/8/2020,5.211
2/9/2020,5.428
2/10/2020,5.248
2/11/2020,5.135
2/12/2020,5.107
2/13/2020,5.292
2/14/2020,4.064
2/15/2020,5.561
2/16/2020,4.677
2/17/2020,4.804
2/18/2020,4.387
2/19/2020,4.586
2/20/2020,4.723
2/21/2020,4.585
2/22/2020,5.051
2/23/2020,4.107
2/24/2020,4.51
2/25/2020,5.809
2/26/2020,2.936
2/27/2020,5.004
2/28/2020,4.475
2/29/2020,4.285
3/1/2020,3.615
3/2/2020,4.696
3/3/2020,4.042
3/4/2020,3.778
3/5/2020,3.379
3/6/2020,5.072
3/7/2020,4.546
3/8/2020,4.069
3/9/2020,4.034
3/10/2020,4.914
3/11/2020,3.834
3/12/2020,4.207
3/13/2020,4.626
3/14/2020,2.789
3/15/2020,4.783
3/16/2020,6.404
3/17/2020,5.71
3/18/2020,4.909
3/19/2020,4.964
3/20/2020,4.577
3/21/2020,4.812
3/22/2020,4.344
3/23/2020,4.46
3/24/2020,5.135
3/25/2020,5.094
3/26/2020,5.371
3/27/2020,4.49
3/28/2020,4.673
3/29/2020,5.685
3/30/2020,6.21
3/31/2020,7.131
4/1/2020,7.523
4/2/2020,6.362
4/3/2020,6.677
4/4/2020,7.992
4/5/2020,10.496
4/6/2020,10.605
4/7/2020,9.455
4/8/2020,8.191
4/9/2020,7.64
4/10/2020,6.701
4/11/2020,7.514
4/12/2020,7.297
4/13/2020,6.774
4/14/2020,6.372
4/15/2020,5.754
4/16/2020,6.609
4/17/2020,5.637
4/18/2020,5.545
4/19/2020,5.658
4/20/2020,4.967
4/21/2020,5.448
4/22/2020,5.003
4/23/2020,5.232
4/24/2020,4.833
4/25/2020,5.067
4/26/2020,5.031
4/27/2020,4.903
4/28/2020,4.568
4/29/2020,6.517
4/30/2020,3.149
5/1/2020,4.923
5/2/2020,4.616
5/3/2020,5.502
5/4/2020,3.926
5/5/2020,4.018
5/6/2020,4.124
5/7/2020,5.454
5/8/2020,5.139
5/9/2020,2.571
5/10/2020,3.515
5/11/2020,4.445
5/12/2020,5.643
5/13/2020,4.562
5/14/2020,6.705
5/15/2020,2.927
5/16/2020,5.796
5/17/2020,7.995
5/18/2020,11.858
5/19/2020,8.799
5/20/2020,8.561
5/21/2020,4.894
5/22/2020,5.706
5/23/2020,5.41
5/24/2020,5.56
5/25/2020,4.605
5/26/2020,5.538
5/27/2020,3.548
5/28/2020,4.175
5/29/2020,4.616
5/30/2020,5.341
5/31/2020,5.234
6/1/2020,3.527
6/2/2020,3.408
6/3/2020,3.825
6/4/2020,5.016
6/5/2020,3.71
6/6/2020,3.636
6/7/2020,3.006
6/8/2020,4.139
6/9/2020,4.436
6/10/2020,2.228
6/11/2020,5.381
6/12/2020,3.112
6/13/2020,3.544
6/14/2020,3.554
6/15/2020,4.005
6/16/2020,3.379
6/17/2020,6.448
6/18/2020,3.333
6/19/2020,3.477
6/20/2020,3.939
6/21/2020,3.368
6/22/2020,3.167
6/23/2020,3.288
6/24/2020,3.127
6/25/2020,3.106
6/26/2020,5.102
6/27/2020,2.242
6/28/2020,2.839
6/29/2020,2.839
6/30/2020,2.459
7/1/2020,3.364
7/2/2020,2.57
7/3/2020,2.885
7/4/2020,3.217
7/5/2020,2.835
7/6/2020,2.544
7/7/2020,3.432
7/8/2020,2.277
7/9/2020,3.196
7/10/2020,3.547
7/11/2020,3.272
7/12/2020,1.8
7/13/2020,2.786
7/14/2020,3.31
7/15/2020,2.628
7/16/2020,2.664
7/17/2020,2.93
7/18/2020,2.814
7/19/2020,2.654
7/20/2020,3.419
7/21/2020,2.746
7/22/2020,2.993
7/23/2020,2.545
7/24/2020,2.776
7/25/2020,2.905
7/26/2020,2.446
7/27/2020,2.593
7/28/2020,3.068
7/29/2020,2.709
7/30/2020,3.425
7/31/2020,2.338
8/1/2020,2.889
8/2/2020,2.337
8/3/2020,2.662
8/4/2020,2.564
8/5/2020,3.015
8/6/2020,2.367
8/7/2020,3.172
8/8/2020,4.873
8/9/2020,2.459
8/10/2020,2.994
8/11/2020,2.51
8/12/2020,3.442
8/13/2020,1.975
8/14/2020,-0.902
8/15/2020,2.543
8/16/2020,2.849
8/17/2020,3.709
8/18/2020,2.802
8/19/2020,1.911
8/20/2020,2.55
8/21/2020,3.267
8/22/2020,2.114
8/23/2020,3.415
8/24/2020,1.947
8/25/2020,2.9
8/26/2020,2.683
8/27/2020,3.235
8/28/2020,2.506
8/29/2020,2.071
8/30/2020,3.242
8/31/2020,2.344
9/1/2020,2.769
9/2/2020,2.487
9/3/2020,2.411
9/4/2020,2.914
9/5/2020,3.048
9/6/2020,2.385
9/7/2020,2.907
9/8/2020,2.324
9/9/2020,2.414
9/10/2020,2.64
9/11/2020,2.158
9/12/2020,2.772
9/13/2020,2.681
9/14/2020,2.593
9/15/2020,2.562
9/16/2020,2.565
9/17/2020,3.249
9/18/2020,3.063
9/19/2020,2.84
9/20/2020,2.161
9/21/2020,2.992
9/22/2020,2.855
9/23/2020,3.012
9/24/2020,2.688
9/25/2020,2.911
9/26/2020,2.824
9/27/2020,2.569
9/28/2020,2.51
9/29/2020,2.874
9/30/2020,2.703
10/1/2020,2.957
10/2/2020,2.554
10/3/2020,2.674
10/4/2020,2.534
10/5/2020,2.925
10/6/2020,2.923
10/7/2020,2.711
10/8/2020,2.609
10/9/2020,2.589
10/10/2020,2.647
10/11/2020,3.63
10/12/2020,2.37
10/13/2020,2.785
10/14/2020,1.71
10/15/2020,2.801
10/16/2020,2.951
10/17/2020,2.709
10/18/2020,2.149
10/19/2020,3.963
10/20/2020,1.9
10/21/2020,3.651
10/22/2020,1.158
10/23/2020,2.78
10/24/2020,5.007
10/25/2020,2.636
10/26/2020,2.218
10/27/2020,2.939
10/28/2020,2.548
10/29/2020,3.141
10/30/2020,4.566
10/31/2020,2.981
11/1/2020,2.459
11/2/2020,2.684
11/3/2020,2.166
11/4/2020,3.621
11/5/2020,3.231
11/6/2020,3.052
11/7/2020,2.619
11/8/2020,2.651
11/9/2020,3.148
11/10/2020,2.625
11/11/2020,2.68
11/12/2020,2.913
11/13/2020,3.371
11/14/2020,3.757
11/15/2020,3.082
11/16/2020,2.169
11/17/2020,4.885
11/18/2020,5.039
11/19/2020,3.874
11/20/2020,2.992
11/21/2020,5.572
11/22/2020,4.751
11/23/2020,-1.178
11/24/2020,3.58
11/25/2020,3.063
11/26/2020,2.884
11/27/2020,3.212
11/28/2020,3.033
11/29/2020,3.098
11/30/2020,2.885
12/1/2020,2.671
12/2/2020,3.093
12/3/2020,3.086
12/4/2020,3.154
12/5/2020,2.691
12/6/2020,3.459
12/7/2020,2.91
12/8/2020,3.113
12/9/2020,2.923
12/10/2020,3.189
12/11/2020,2.772
12/12/2020,3.312
12/13/2020,4.055
12/14/2020,2.222
12/15/2020,4.827
12/16/2020,2.783
12/17/2020,4.142
12/18/2020,3.521
12/19/2020,3.317
12/20/2020,3.006
12/21/2020,3.232
12/22/2020,3.304
12/23/2020,3.111
12/24/2020,3.318
12/25/2020,3.891
12/26/2020,4.198
12/27/2020,3.416
12/28/2020,3.361
12/29/2020,3.296
12/30/2020,3.444
12/31/2020,2.999
1/1/2021,3.544
1/2/2021,3.198
1/3/2021,3.707
1/4/2021,8.515
1/5/2021,4.699
1/6/2021,4.785
1/7/2021,4.176
1/8/2021,4.44
1/9/2021,3.788
1/10/2021,3.587
1/11/2021,3.324
1/12/2021,2.184
1/13/2021,5.986
1/14/2021,3.903
1/15/2021,3.672
1/16/2021,4.238
1/17/2021,3.702
1/18/2021,3.14
1/19/2021,3.183
1/20/2021,4.147
1/21/2021,3.607
1/22/2021,3.223
1/23/2021,3.826
1/24/2021,3.522
1/25/2021,3.405
1/26/2021,4.619
1/27/2021,5.835
1/28/2021,5.587
1/29/2021,6.162
1/30/2021,7.685
1/31/2021,5.892
2/1/2021,6.194
2/2/2021,7.634
2/3/2021,9.741
2/4/2021,6.088
2/5/2021,5.935
2/6/2021,4.82
2/7/2021,4.785
2/8/2021,4.321
2/9/2021,4.29
2/10/2021,4.603
2/11/2021,5.996
2/12/2021,5.883
2/13/2021,7.569
2/14/2021,5.283
2/15/2021,6.159
2/16/2021,4.837
2/17/2021,5.726
2/18/2021,4.643
2/19/2021,11.406
2/20/2021,5.645
2/21/2021,4.802
2/22/2021,5.041
2/23/2021,4.379
2/24/2021,4.875
2/25/2021,4.515
2/26/2021,4.306
2/27/2021,4.487
2/28/2021,3.902
3/1/2021,3.903
3/2/2021,4.279
3/3/2021,4.208
3/4/2021,4.425
3/5/2021,1.088
3/6/2021,6.678
3/7/2021,3.986
3/8/2021,2.952
3/9/2021,4.993
3/10/2021,5.761
3/11/2021,4.675
3/12/2021,4.499
3/13/2021,4.609
3/14/2021,5.277
3/15/2021,5.003
3/16/2021,5.239
3/17/2021,5.457
3/18/2021,6.663
3/19/2021,9.733
3/20/2021,7.722
3/21/2021,6.203
3/22/2021,6.001
3/23/2021,5.743
3/24/2021,4.657
3/25/2021,5.677
3/26/2021,4.888
3/27/2021,4.395
3/28/2021,4.454
3/29/2021,4.898
3/30/2021,4.554
3/31/2021,4.224
4/1/2021,4.395
4/2/2021,3.291
4/3/2021,5.12
4/4/2021,4.287
4/5/2021,4.258
4/6/2021,3.909
4/7/2021,3.867
4/8/2021,4.373
4/9/2021,4.046
4/10/2021,4.32
4/11/2021,4.69
4/12/2021,3.149
4/13/2021,3.621
4/14/2021,4.058
4/15/2021,4.139
4/16/2021,2.987
4/17/2021,4.316
4/18/2021,3.359
4/19/2021,4.323
4/20/2021,3.499
4/21/2021,3.935
4/22/2021,3.939
4/23/2021,3.283
4/24/2021,4.313
4/25/2021,4.264
4/26/2021,4.087
4/27/2021,3.671
4/28/2021,3.597
4/29/2021,3.401
4/30/2021,3.199
5/1/2021,4.013
5/2/2021,3.937
5/3/2021,2.992
5/4/2021,3.733
5/5/2021,4.249
5/6/2021,3.287
5/7/2021,5.504
5/8/2021,2.903
5/9/2021,5.655
5/10/2021,5.98
5/11/2021,3.377
5/12/2021,2.459
5/13/2021,3.296
5/14/2021,3.976
5/15/2021,2.876
5/16/2021,2.662
5/17/2021,2.882
5/18/2021,2.82
5/19/2021,2.809
5/20/2021,3.048
5/21/2021,2.793
5/22/2021,3.01
5/23/2021,2.7
5/24/2021,2.314
5/25/2021,3.344
5/26/2021,2.924
5/27/2021,3.77
5/28/2021,1.942
5/29/2021,3.295
5/30/2021,2.111
5/31/2021,3.007
6/1/2021,2.523
6/2/2021,3.14
6/3/2021,1.784
6/4/2021,2.889
6/5/2021,3.017
6/6/2021,2.367
6/7/2021,2.118
6/8/2021,2.799
6/9/2021,2.577
6/10/2021,2.656
6/11/2021,2.772
6/12/2021,1.706
6/13/2021,3.335
6/14/2021,2.419
6/15/2021,2.364
6/16/2021,2.746
6/17/2021,3.194
6/18/2021,1.802
6/19/2021,3.304
6/20/2021,2.162
6/21/2021,2.231
6/22/2021,2.231
6/23/2021,1.457
6/24/2021,2.205
6/25/2021,2.926
6/26/2021,2.161
6/27/2021,1.58
6/28/2021,2.84
6/29/2021,1.479
6/30/2021,-3.392
7/1/2021,2.647
7/2/2021,2.211
7/3/2021,3.133
7/4/2021,2.643
7/5/2021,2.581
7/6/2021,2.1
7/7/2021,1.622
7/8/2021,2.715
7/9/2021,3.508
7/10/2021,3.169
7/11/2021,2.459
7/12/2021,1.769
7/13/2021,2.189
7/14/2021,2.326
7/15/2021,3.107
7/16/2021,2.202
7/17/2021,2.204
7/18/2021,2.244
7/19/2021,2.166
7/20/2021,2.059
7/21/2021,2.038
7/22/2021,2.73
7/23/2021,2.498
7/24/2021,3.019
7/25/2021,1.239
7/26/2021,2.428
7/27/2021,2.599
7/28/2021,2.217
7/29/2021,2.307
7/30/2021,1.871
7/31/2021,2.881
8/1/2021,2.373
8/2/2021,2.459
8/3/2021,2.533
8/4/2021,2.14
8/5/2021,2.327
8/6/2021,2.385
8/7/2021,2.588
8/8/2021,2.828
8/9/2021,5.17
8/10/2021,2.459
8/11/2021,2.948
8/12/2021,2.496
8/13/2021,1.887
8/14/2021,2.386
8/15/2021,2.843
8/16/2021,1.686
8/17/2021,2.445
8/18/2021,3.347
8/19/2021,2.904
8/20/2021,2.815
8/21/2021,2.24
8/22/2021,2.459
8/23/2021,2.592
8/24/2021,2.298
8/25/2021,2.082
8/26/2021,2.001
8/27/2021,2.842
8/28/2021,2.463
8/29/2021,3.145
8/30/2021,1.039
8/31/2021,2.772
9/1/2021,2.415
9/2/2021,2.488
9/3/2021,2.584
9/4/2021,2.079
9/5/2021,2.684
9/6/2021,2.009
9/7/2021,2.616
9/8/2021,2.745
9/9/2021,2.09
9/10/2021,2.379
9/11/2021,2.71
9/12/2021,2.516
9/13/2021,2.393
9/14/2021,3.724
9/15/2021,1.362
9/16/2021,3.149
9/17/2021,2.737
9/18/2021,2.245
9/19/2021,3.258
9/20/2021,1.523
9/21/2021,1.879
9/22/2021,2.859
9/23/2021,2.74
9/24/2021,2.49
9/25/2021,2.695
9/26/2021,2.464
9/27/2021,2.084
9/28/2021,2.482
9/29/2021,2.302
9/30/2021,2.283
10/1/2021,2.393
10/2/2021,2.709
10/3/2021,2.147
10/4/2021,2.244
10/5/2021,2.327
10/6/2021,2.323
10/7/2021,2.323
10/8/2021,2.372
10/9/2021,2.631
10/10/2021,2.585
10/11/2021,2.321
10/12/2021,2.319
10/13/2021,2.319
10/14/2021,2.422
10/15/2021,2.113
10/16/2021,2.302
10/17/2021,2.609
10/18/2021,2.093
10/19/2021,2.829
10/20/2021,2.776
10/21/2021,3.543
10/22/2021,3.994
10/23/2021,6.814
10/24/2021,5.74
10/25/2021,14.353
10/26/2021,9.634
10/27/2021,6.372
10/28/2021,5.45
10/29/2021,4.56
10/30/2021,4.087
10/31/2021,3.543
11/1/2021,4.262
11/2/2021,5.251
11/3/2021,7.119
11/4/2021,5.454
11/5/2021,7.67
11/6/2021,5.861
11/7/2021,5.143
11/8/2021,4.352
11/9/2021,6.247
11/10/2021,9.673
11/11/2021,6.965
11/12/2021,5.252
11/13/2021,5.727
11/14/2021,4.527
11/15/2021,4.643
11/16/2021,4.187
11/17/2021,4.028
11/18/2021,4.007
11/19/2021,4.07
11/20/2021,3.833
11/21/2021,3.586
11/22/2021,3.561
11/23/2021,3.97
11/24/2021,3.528
11/25/2021,2.957
11/26/2021,3.824
11/27/2021,3.232
11/28/2021,3.408
11/29/2021,3.567
11/30/2021,3.134
12/1/2021,3.337
12/2/2021,2.992
12/3/2021,3.602
12/4/2021,3.297
12/5/2021,2.97
12/6/2021,3.091
12/7/2021,3.107
12/8/2021,3.217
12/9/2021,3.236
12/10/2021,3.359
12/11/2021,3.329
12/12/2021,4.119
12/13/2021,7.288
12/14/2021,12.273
12/15/2021,9.596
12/16/2021,9.822
12/17/2021,8.858
12/18/2021,6.417
12/19/2021,5.536
12/20/2021,4.516
12/21/2021,4.476
12/22/2021,4.623
12/23/2021,7.524
12/24/2021,10.195
12/25/2021,8.679
12/26/2021,12.251
12/27/2021,9.949
12/28/2021,8.914
12/29/2021,6.546
12/30/2021,6.211
12/31/2021,5.259
1/1/2022,5.13
1/2/2022,4.797
1/3/2022,4.934
1/4/2022,11.179
1/5/2022,13.572
1/6/2022,13.266
1/7/2022,11.976
1/8/2022,14.251
1/9/2022,17.125
1/10/2022,12.323
1/11/2022,9.852
1/12/2022,9.524
1/13/2022,7.911
1/14/2022,7.359
1/15/2022,6.465
1/16/2022,7.209
1/17/2022,6.014
1/18/2022,5.712
1/19/2022,6.189
1/20/2022,5.74
1/21/2022,6.244
1/22/2022,7.236
1/23/2022,5.353
1/24/2022,5.286
1/25/2022,5.172
1/26/2022,4.743
1/27/2022,4.843
1/28/2022,5.121
1/29/2022,4.61
1/30/2022,4.688
1/31/2022,4.867
2/1/2022,4.479
2/2/2022,4.389
2/3/2022,4.636
2/4/2022,4.427
2/5/2022,4.52
2/6/2022,4.318
2/7/2022,3.699
2/8/2022,4.131
2/9/2022,4.035
2/10/2022,4.076
2/11/2022,4.051
2/12/2022,4.458
2/13/2022,3.877
2/14/2022,4.505
2/15/2022,4.435
2/16/2022,3.686
2/17/2022,5.041
2/18/2022,4.637
2/19/2022,4.288
2/20/2022,3.789
2/21/2022,4.033
2/22/2022,4.181
2/23/2022,3.622
2/24/2022,3.817
2/25/2022,3.767
2/26/2022,3.756
2/27/2022,3.742
2/28/2022,3.739
3/1/2022,3.784
3/2/2022,3.777
3/3/2022,3.77
3/4/2022,3.741
3/5/2022,3.793
3/6/2022,3.997
3/7/2022,3.821
3/8/2022,3.636
3/9/2022,3.67
3/10/2022,3.847
3/11/2022,3.791
3/12/2022,3.509
3/13/2022,3.449
3/14/2022,3.363
3/15/2022,3.36
3/16/2022,4.052
3/17/2022,3.946
3/18/2022,3.861
3/19/2022,3.82
3/20/2022,3.73
3/21/2022,3.659
3/22/2022,3.38
3/23/2022,3.6
3/24/2022,3.997
3/25/2022,3.91
3/26/2022,3.758
3/27/2022,3.928
3/28/2022,3.793
3/29/2022,4.375
3/30/2022,3.825
3/31/2022,3.69
4/1/2022,3.699
4/2/2022,3.581
4/3/2022,3.677
4/4/2022,3.503
4/5/2022,3.222
4/6/2022,3.408
4/7/2022,3.426
4/8/2022,3.861
4/9/2022,3.767
4/10/2022,2.673
4/11/2022,2.74
4/12/2022,3.036
4/13/2022,3.406
4/14/2022,3.758
4/15/2022,4.911
4/16/2022,4.05
4/17/2022,4.009
4/18/2022,3.881
4/19/2022,5.764
4/20/2022,5.776
4/21/2022,7.182
4/22/2022,6.983
4/23/2022,6.479
4/24/2022,5.592
4/25/2022,5.279
4/26/2022,4.893
4/27/2022,4.682
4/28/2022,4.796
4/29/2022,4.637
4/30/2022,4.672
5/1/2022,4.482
5/2/2022,4.017
5/3/2022,4.039
5/4/2022,3.903
5/5/2022,3.583
5/6/2022,4.341
5/7/2022,4.308
5/8/2022,3.719
5/9/2022,3.702
5/10/2022,3.999
5/11/2022,3.776
5/12/2022,3.572
5/13/2022,3.663
5/14/2022,3.563
5/15/2022,3.523
5/16/2022,3.539
5/17/2022,3.509
5/18/2022,3.388
5/19/2022,3.377
5/20/2022,3.335
5/21/2022,3.087
5/22/2022,3.41
5/23/2022,3.291
5/24/2022,2.995
5/25/2022,2.959
5/26/2022,3.034
5/27/2022,3.1
5/28/2022,3.176
5/29/2022,3.175
5/30/2022,3.016
5/31/2022,2.944
6/1/2022,2.942
6/2/2022,3.101
6/3/2022,3.929
6/4/2022,2.928
6/5/2022,2.708
6/6/2022,3.726
6/7/2022,3.046
6/8/2022,2.741
6/9/2022,2.961
6/10/2022,3.288
6/11/2022,2.574
6/12/2022,2.979
6/13/2022,3.099
6/14/2022,2.841
6/15/2022,2.805
6/16/2022,2.729
6/17/2022,2.731
6/18/2022,2.735
6/19/2022,2.733
6/20/2022,2.805
6/21/2022,2.735
6/22/2022,2.291
6/23/2022,2.883
6/24/2022,2.836
6/25/2022,2.458
6/26/2022,2.738
6/27/2022,2.174
6/28/2022,2.952
6/29/2022,2.546
6/30/2022,2.706
7/1/2022,2.384
7/2/2022,2.632
7/3/2022,2.547
7/4/2022,2.191
7/5/2022,2.608
7/6/2022,2.44
7/7/2022,2.447
7/8/2022,2.444
7/9/2022,2.451
7/10/2022,2.678
7/11/2022,2.986
7/12/2022,2.85
7/13/2022,2.845
7/14/2022,2.671
7/15/2022,2.397
7/16/2022,2.627
7/17/2022,2.243
7/18/2022,2.433
7/19/2022,2.443
7/20/2022,2.443
7/21/2022,2.359
7/22/2022,2.295
7/23/2022,2.385
7/24/2022,2.207
7/25/2022,2.266
7/26/2022,2.585
7/27/2022,2.452
7/28/2022,2.233
7/29/2022,2.389
7/30/2022,2.393
7/31/2022,2.589
8/1/2022,2.264
8/2/2022,2.299
8/3/2022,2.467
8/4/2022,2.426
8/5/2022,2.17
8/6/2022,2.315
8/7/2022,2.435
8/8/2022,2.528
8/9/2022,2.139
8/10/2022,2.215
8/11/2022,2.275
8/12/2022,2.269
8/13/2022,2.246
8/14/2022,2.155
8/15/2022,2.232
8/16/2022,2.311
8/17/2022,2.244
8/18/2022,2.448
8/19/2022,2.381
8/20/2022,2.289
8/21/2022,2.437
8/22/2022,2.377
8/23/2022,2.301
8/24/2022,2.274
8/25/2022,2.138
8/26/2022,2.394
8/27/2022,2.364
8/28/2022,2.346
8/29/2022,2.179
8/30/2022,1.98
8/31/2022,2.496
9/1/2022,2.405
9/2/2022,2.07
9/3/2022,2.111
9/4/2022,2.268
9/5/2022,2.288
9/6/2022,2.278
9/7/2022,2.285
9/8/2022,2.264
9/9/2022,2.248
9/10/2022,2.271
9/11/2022,2.288
9/12/2022,2.361
9/13/2022,2.267
9/14/2022,2.274
9/15/2022,2.449
9/16/2022,1.973
9/17/2022,2.328
9/18/2022,2.577
9/19/2022,2.816
9/20/2022,2.977
9/21/2022,2.463
9/22/2022,2.39
9/23/2022,2.43
9/24/2022,2.318
9/25/2022,2.364
9/26/2022,2.311
9/27/2022,2.421
9/28/2022,2.256
9/29/2022,2.42
9/30/2022,2.567
10/1/2022,2.619
10/2/2022,2.399
10/3/2022,2.033
10/4/2022,2.579
10/5/2022,2.53
10/6/2022,2.295
10/7/2022,2.27
10/8/2022,2.201
10/9/2022,2.326
10/10/2022,2.588
10/11/2022,1.986
10/12/2022,2.419
10/13/2022,1.654
10/14/2022,2.406
10/15/2022,2.534
10/16/2022,2.357
10/17/2022,2.118
10/18/2022,2.217
10/19/2022,2.265
10/20/2022,2.261
10/21/2022,2.258
10/22/2022,2.211
10/23/2022,2.172
10/24/2022,2
10/25/2022,2.74
10/26/2022,2.23
10/27/2022,2.213
10/28/2022,2.245
10/29/2022,2.255
10/30/2022,2.603
10/31/2022,2.245
11/1/2022,2.236
11/2/2022,2.854
11/3/2022,2.52
11/4/2022,2.343
11/5/2022,2.936
11/6/2022,2.469
11/7/2022,2.325
11/8/2022,3.695
11/9/2022,3.902
11/10/2022,2.896
11/11/2022,2.5
11/12/2022,2.654
11/13/2022,2.612
11/14/2022,2.474
11/15/2022,2.593
11/16/2022,2.675
11/17/2022,2.29
11/18/2022,3.027
11/19/2022,2.517
11/20/2022,2.449
11/21/2022,2.391
11/22/2022,2.607
11/23/2022,2.509
11/24/2022,2.972
11/25/2022,2.354
11/26/2022,2.755
11/27/2022,2.424
11/28/2022,2.648
11/29/2022,3.032
11/30/2022,2.551
12/1/2022,2.77
12/2/2022,3.286
12/3/2022,2.725
12/4/2022,3.521
12/5/2022,3.779
12/6/2022,4.782
12/7/2022,3.311
12/8/2022,2.611
12/9/2022,3.811
12/10/2022,3.948
12/11/2022,9.512
12/12/2022,5.535
12/13/2022,3.752
12/14/2022,3.125
12/15/2022,3.378
12/16/2022,2.595
12/17/2022,2.598
12/18/2022,2.963
12/19/2022,2.211
12/20/2022,2.751
12/21/2022,2.513
12/22/2022,2.742
12/23/2022,2.712
12/24/2022,2.813
12/25/2022,2.885
12/26/2022,3.153
12/27/2022,5.574
12/28/2022,11.483
12/29/2022,6.681
12/30/2022,7.761
12/31/2022,15.845
1/1/2023,11.328
1/2/2023,8.129
1/3/2023,6.414
1/4/2023,5.903
1/5/2023,11.045
1/6/2023,25.043
1/7/2023,17.972
1/8/2023,29.464
1/9/2023,38.473
1/10/2023,44.806
1/11/2023,32.521
1/12/2023,36.901
1/13/2023,35.652
1/14/2023,36.504
1/15/2023,52.537
1/16/2023,33.309
1/17/2023,22.685
1/18/2023,16.741
1/19/2023,14.652
1/20/2023,12.217
1/21/2023,10.157
1/22/2023,9.279
1/23/2023,7.762
1/24/2023,8.503
1/25/2023,7.185
1/26/2023,7.176
1/27/2023,6.773
1/28/2023,6.57
1/29/2023,6.344
1/30/2023,6.026
1/31/2023,5.317
2/1/2023,5.067
2/2/2023,5.007
2/3/2023,5.164
2/4/2023,6.25
2/5/2023,6.465
2/6/2023,7.383
2/7/2023,6.267
2/8/2023,6.023
2/9/2023,5.914
2/10/2023,5.535
2/11/2023,5.595
2/12/2023,5.585
2/13/2023,5.593
2/14/2023,4.989
2/15/2023,4.977
2/16/2023,4.897
2/17/2023,5.252
2/18/2023,4.481
2/19/2023,4.722
2/20/2023,4.647
2/21/2023,4.317
2/22/2023,4.655
2/23/2023,4.675
2/24/2023,5.654
2/25/2023,5.711
2/26/2023,4.181
2/27/2023,7.034
2/28/2023,7.631
3/1/2023,7.898
3/2/2023,5.661
3/3/2023,5.795
3/4/2023,5.373
3/5/2023,6.946
3/6/2023,6.482
3/7/2023,6.927
3/8/2023,7.959
3/9/2023,7.74
3/10/2023,11.321
3/11/2023,12
3/12/2023,10.593
3/13/2023,14.447
3/14/2023,47.116
3/15/2023,75.519
3/16/2023,43.163
3/17/2023,28.511
3/18/2023,24.784
3/19/2023,21.782
3/20/2023,29.524
3/21/2023,28.877
3/22/2023,23.225
3/23/2023,20.296
3/24/2023,16.428
3/25/2023,15.992
3/26/2023,14.324
3/27/2023,12.937
3/28/2023,13.404
3/29/2023,17.14
3/30/2023,15.476
3/31/2023,14.555
4/1/2023,14.338
4/2/2023,14.577
4/3/2023,14.253
4/4/2023,13.371
4/5/2023,11.726
4/6/2023,11.613
4/7/2023,12.317
4/8/2023,18.072
4/9/2023,19.439
4/10/2023,17.167
4/11/2023,16.886
4/12/2023,18.992
4/13/2023,17.643
4/14/2023,17.378
4/15/2023,15.454
4/16/2023,15.11
4/17/2023,14.017
4/18/2023,13.942
4/19/2023,12.479
4/20/2023,12.325
4/21/2023,11.892
4/22/2023,10.854
4/23/2023,11.066
4/24/2023,12.185
4/25/2023,11.988
4/26/2023,14.421
4/27/2023,13.611
4/28/2023,14.668
4/29/2023,16.108
4/30/2023,15.24
5/1/2023,15.639
5/2/2023,14.345
5/3/2023,12.644
5/4/2023,10.885
5/5/2023,11.17
5/6/2023,12.572
5/7/2023,12.349
5/8/2023,10.729
5/9/2023,11.276
5/10/2023,10.352
5/11/2023,10.26
5/12/2023,9.778
5/13/2023,10.107
5/14/2023,10.967
5/15/2023,11.416
5/16/2023,12.099
5/17/2023,10.774
5/18/2023,11.598
5/19/2023,11.525
5/20/2023,12.202
5/21/2023,10.789
5/22/2023,11.35
5/23/2023,10.405
5/24/2023,9.151
5/25/2023,9.627
5/26/2023,9.012
5/27/2023,8.564
5/28/2023,8.628
5/29/2023,7.829
5/30/2023,8.393
5/31/2023,8.415
6/1/2023,7.857
6/2/2023,7.37
6/3/2023,7.137
6/4/2023,6.884
6/5/2023,6.331
6/6/2023,7.058
6/7/2023,5.915
6/8/2023,6.157
6/9/2023,6.021
6/10/2023,6.345
6/11/2023,5.508
6/12/2023,4.828
6/13/2023,4.96
6/14/2023,6.151
6/15/2023,3.712
6/16/2023,5.343
6/17/2023,5.698
6/18/2023,5.67
6/19/2023,4.088
6/20/2023,5.933
6/21/2023,4.505
6/22/2023,2.779
6/23/2023,4.102
6/24/2023,4.591
6/25/2023,5.508
6/26/2023,4.319
6/27/2023,4.513
6/28/2023,3.951
6/29/2023,4.465
6/30/2023,4.259
7/1/2023,4.383
7/2/2023,4.718
7/3/2023,4.119
7/4/2023,4.146
7/5/2023,4.754
7/6/2023,3.841
7/7/2023,3.859
7/8/2023,4.361
7/9/2023,4.089
7/10/2023,3.045
7/11/2023,3.96
7/12/2023,3.733
7/13/2023,3.93
7/14/2023,3.326
7/15/2023,4.943
7/16/2023,3.503
7/17/2023,3.601
7/18/2023,3.657
7/19/2023,3.571
7/20/2023,3.65
7/21/2023,3.723
7/22/2023,3.283
7/23/2023,3.877
7/24/2023,3.498
7/25/2023,3.327
7/26/2023,2.998
7/27/2023,3.771
7/28/2023,3.444
7/29/2023,3.879
7/30/2023,2.929
7/31/2023,3.514
8/1/2023,3.367
8/2/2023,3.261
8/3/2023,3.575
8/4/2023,2.865
8/5/2023,3.526
8/6/2023,2.976
8/7/2023,3.477
8/8/2023,3.218
8/9/2023,2.879
8/10/2023,2.932
8/11/2023,3.236
8/12/2023,4.238
8/13/2023,3.126
8/14/2023,2.322
8/15/2023,2.956
8/16/2023,3.623
8/17/2023,5.076
8/18/2023,3.112
8/19/2023,3.298
8/20/2023,3.102
8/21/2023,3.158
8/22/2023,4.46
8/23/2023,3.486
8/24/2023,4.124
8/25/2023,4.717
8/26/2023,3.341
8/27/2023,2.978
8/28/2023,3.599
8/29/2023,3.025
8/30/2023,2.893
8/31/2023,3.393
9/1/2023,3.51
9/2/2023,5.826
9/3/2023,3.636
9/4/2023,3.38
9/5/2023,2.949
9/6/2023,3.088
9/7/2023,3.401
9/8/2023,3.202
9/9/2023,3.164
9/10/2023,3.247
9/11/2023,3.227
9/12/2023,3.072
9/13/2023,3.273
9/14/2023,3.675
9/15/2023,2.518
9/16/2023,3.002
9/17/2023,3.176
9/18/2023,3.279
9/19/2023,3.341
9/20/2023,3.033
9/21/2023,2.539
9/22/2023,2.946
9/23/2023,3.176
9/24/2023,2.422
9/25/2023,-1.835
9/26/2023,3.172
9/27/2023,2.984
9/28/2023,2.588
9/29/2023,3.212
9/30/2023,3.058
10/1/2023,2.734
10/2/2023,3.394
10/3/2023,2.832
10/4/2023,2.865
10/5/2023,2.942
10/6/2023,3.114
10/7/2023,3.114
10/8/2023,3.514
10/9/2023,2.371
10/10/2023,2.935
10/11/2023,5.789
10/12/2023,2.97
10/13/2023,2.097
10/14/2023,3.107
10/15/2023,3.094
10/16/2023,3.195
10/17/2023,3.05
10/18/2023,3.136
10/19/2023,2.919
10/20/2023,2.712
10/21/2023,2.879
10/22/2023,3.097
10/23/2023,3.095
10/24/2023,2.946
10/25/2023,2.202
10/26/2023,3.489
10/27/2023,2.657
10/28/2023,3.072
10/29/2023,3.008
10/30/2023,2.678
10/31/2023,3.103
11/1/2023,3.167
11/2/2023,2.859
11/3/2023,3.38
11/4/2023,3.097
11/5/2023,3.164
11/6/2023,4.436
11/7/2023,4.8
11/8/2023,3.529
11/9/2023,3.547
11/10/2023,2.56
11/11/2023,3.121
11/12/2023,3.192
11/13/2023,2.713
11/14/2023,1.565
11/15/2023,3.252
11/16/2023,3.068
11/17/2023,3.106
11/18/2023,3.888
11/19/2023,8.483
11/20/2023,3.619
11/21/2023,3.217
11/22/2023,3.545
11/23/2023,3.332
11/24/2023,2.977
11/25/2023,3.459
11/26/2023,3.15
11/27/2023,2.847
11/28/2023,3.187
11/29/2023,3.135
11/30/2023,3.17
12/1/2023,2.986
12/2/2023,3.181
12/3/2023,4.419
12/4/2023,3.725
12/5/2023,3.297
12/6/2023,3.287
12/7/2023,4.257
12/8/2023,4.435
12/9/2023,3.989
12/10/2023,3.786
12/11/2023,3.074
12/12/2023,3.171
12/13/2023,3.132
12/14/2023,3.447
12/15/2023,3.134
12/16/2023,3.305
12/17/2023,3.614
12/18/2023,3.309
12/19/2023,7.806
12/20/2023,13.409
12/21/2023,8.457
12/22/2023,5.384
12/23/2023,4.973
12/24/2023,4.602
12/25/2023,3.855
12/26/2023,3.697
12/27/2023,3.857
12/28/2023,5.663
12/29/2023,5.706
12/30/2023,12.447
12/31/2023,12.975
1/1/2024,8.651
1/2/2024,7.294
1/3/2024,8.176
1/4/2024,8.142
1/5/2024,6.84
1/6/2024,5.891
1/7/2024,5.907
1/8/2024,5.035
1/9/2024,4.665
1/10/2024,5.411
1/11/2024,6.103
1/12/2024,5.278
1/13/2024,5.156
1/14/2024,8.147
1/15/2024,6.967
1/16/2024,6.212
1/17/2024,7.329
1/18/2024,8.824
1/19/2024,7.753
1/20/2024,9.549
1/21/2024,26.394
1/22/2024,42.085
1/23/2024,45.205
1/24/2024,23.983
1/25/2024,23.705
1/26/2024,19.357
1/27/2024,14.897
1/28/2024,13.414
1/29/2024,11.252
1/30/2024,10.72
1/31/2024,10.064
2/1/2024,17.825
2/2/2024,32.469
2/3/2024,27.891
2/4/2024,19.032
2/5/2024,24.104
2/6/2024,34.359
2/7/2024,24.825
2/8/2024,19.512
2/9/2024,15.186
2/10/2024,13.303
2/11/2024,11.479
2/12/2024,9.898
2/13/2024,10.18
2/14/2024,9.579
2/15/2024,14.664
2/16/2024,17.896
2/17/2024,15.079
2/18/2024,19.417
2/19/2024,28.176
2/20/2024,48.769
2/21/2024,50.718
2/22/2024,34.244
2/23/2024,26.42
2/24/2024,20.6
2/25/2024,17.739
2/26/2024,15.596
2/27/2024,14.814
2/28/2024,14.63
2/29/2024,12.164
3/1/2024,13.9
3/2/2024,16.771
3/3/2024,16.328
3/4/2024,14.217
3/5/2024,15.312
3/6/2024,30.097
3/7/2024,34.705
3/8/2024,23.784
3/9/2024,19.468
3/10/2024,17.613
3/11/2024,16.913
3/12/2024,18.44
3/13/2024,19.835
3/14/2024,18.109
3/15/2024,15.58
3/16/2024,16.021
3/17/2024,13.393
3/18/2024,13.086
3/19/2024,11.56
3/20/2024,12.151
3/21/2024,11.175
3/22/2024,11.687
3/23/2024,15.165
3/24/2024,19.739
3/25/2024,17.296
3/26/2024,14.511
3/27/2024,13.242
3/28/2024,15.513
3/29/2024,15.812
3/30/2024,16.121
3/31/2024,15.496
4/1/2024,15.329
4/2/2024,13.393
4/3/2024,12.728
4/4/2024,12.674
4/5/2024,13.597
4/6/2024,11.638
4/7/2024,10.859
4/8/2024,10.57
4/9/2024,8.666
4/10/2024,11.816
4/11/2024,8.756
4/12/2024,9.184
4/13/2024,10.882
4/14/2024,11.666
4/15/2024,11.269
4/16/2024,11.772
4/17/2024,10.458
4/18/2024,9.923
4/19/2024,10.272
4/20/2024,10.188
4/21/2024,10.98
4/22/2024,9.746
4/23/2024,10.261
4/24/2024,10.025
4/25/2024,10.403
4/26/2024,10.207
4/27/2024,9.927
4/28/2024,9.65
4/29/2024,9.406
4/30/2024,8.532
5/1/2024,9.123
5/2/2024,7.932
5/3/2024,8.392
5/4/2024,8.52
5/5/2024,12.612
5/6/2024,8.926
5/7/2024,8.681
5/8/2024,8.566
5/9/2024,6.495
5/10/2024,8.951
5/11/2024,7.908
5/12/2024,8.071
5/13/2024,8.648
5/14/2024,8.542
5/15/2024,8.063
5/16/2024,8.447
5/17/2024,7.921
5/18/2024,8.11
5/19/2024,6.46
5/20/2024,8
5/21/2024,5.437
5/22/2024,6.061
5/23/2024,6.627
5/24/2024,6.987
5/25/2024,5.589
5/26/2024,5.174
5/27/2024,6.529
5/28/2024,5.223
5/29/2024,5.551
5/30/2024,4.993
5/31/2024,5.05
6/1/2024,5.594
6/2/2024,5.248
6/3/2024,4.364
6/4/2024,5.562
6/5/2024,4.599
6/6/2024,5.69
6/7/2024,4.666
6/8/2024,4.323
6/9/2024,4.94
6/10/2024,5.175
6/11/2024,4.99
6/12/2024,3.877
6/13/2024,3.876
6/14/2024,4.655
6/15/2024,4.437
6/16/2024,3.459
6/17/2024,4.459
6/18/2024,2.985
6/19/2024,3.784
6/20/2024,4.335
6/21/2024,3.944
6/22/2024,3.673
6/23/2024,4.849
6/24/2024,3.204
6/25/2024,4.266
6/26/2024,3.098
6/27/2024,3.823
6/28/2024,3.785
6/29/2024,3.535
6/30/2024,3.658
7/1/2024,3.469
7/2/2024,3.791
7/3/2024,3.352
7/4/2024,3.426
7/5/2024,3.769
7/6/2024,3.206
7/7/2024,3.665
7/8/2024,3.197
7/9/2024,3.433
7/10/2024,3.62
7/11/2024,3.427
7/12/2024,3.554
7/13/2024,3.743
7/14/2024,3.338
7/15/2024,3.334
7/16/2024,3.231
7/17/2024,3.238
7/18/2024,3.136
7/19/2024,3.035
7/20/2024,3.682
7/21/2024,3.128
7/22/2024,3.52
7/23/2024,3.067
7/24/2024,3.262
7/25/2024,3.071
7/26/2024,3.108
7/27/2024,1.505
7/28/2024,2.046
7/29/2024,2.066
7/30/2024,1.477
7/31/2024,3.238
8/1/2024,3.136
8/2/2024,3.243
8/3/2024,2.895
8/4/2024,3.278
8/5/2024,3.364
8/6/2024,3.153
8/7/2024,3.047
8/8/2024,2.915
8/9/2024,3.036
8/10/2024,3.4
8/11/2024,2.791
8/12/2024,2.968
8/13/2024,3.073
8/14/2024,2.907
8/15/2024,3.309
8/16/2024,2.766
8/17/2024,3.104
8/18/2024,2.887
8/19/2024,2.971
8/20/2024,3.031
8/21/2024,2.376
8/22/2024,2.943
8/23/2024,1.817
8/24/2024,4.463
8/25/2024,3
8/26/2024,3.175
8/27/2024,2.829
8/28/2024,2.137
8/29/2024,3.873
