"date","elevation (m)"
1990-02-01,297.2
1990-02-02,297.261
1990-02-03,297.317
1990-02-04,297.411
1990-02-05,297.489
1990-02-06,297.553
1990-02-07,297.61
1990-02-08,297.669
1990-02-09,297.727
1990-02-10,297.774
1990-02-11,297.812
1990-02-12,297.86
1990-02-13,297.907
1990-02-14,297.953
1990-02-15,297.999
1990-02-16,298.078
1990-02-17,298.153
1990-02-18,298.207
1990-02-19,298.238
1990-02-20,298.267
1990-02-21,298.305
1990-02-22,298.352
1990-02-23,298.431
1990-02-24,298.526
1990-02-25,298.612
1990-02-26,298.71
1990-02-27,298.821
1990-02-28,298.929
1990-03-01,299.039
1990-03-02,299.188
1990-03-03,299.452
1990-03-04,299.833
1990-03-05,300.165
1990-03-06,300.433
1990-03-07,300.656
1990-03-08,300.853
1990-03-09,301.029
1990-03-10,301.208
1990-03-11,301.385
1990-03-12,301.551
1990-03-13,301.693
1990-03-14,301.827
1990-03-15,301.952
1990-03-16,302.081
1990-03-17,302.22
1990-03-18,302.339
1990-03-19,302.457
1990-03-20,302.581
1990-03-21,302.671
1990-03-22,302.758
1990-03-23,302.851
1990-03-24,302.925
1990-03-25,302.974
1990-03-26,303.012
1990-03-27,303.029
1990-03-28,303.043
1990-03-29,303.083
1990-03-30,303.128
1990-03-31,303.165
1990-04-01,303.161
1990-04-02,303.14
1990-04-03,303.109
1990-04-04,303.073
1990-04-05,303.053
1990-04-06,303.031
1990-04-07,303.008
1990-04-08,302.958
1990-04-09,302.909
1990-04-10,302.835
1990-04-11,302.762
1990-04-12,302.689
1990-04-13,302.585
1990-04-14,302.485
1990-04-15,302.365
1990-04-16,302.254
1990-04-17,302.142
1990-04-18,302.027
1990-04-19,301.888
1990-04-20,301.77
1990-04-21,301.638
1990-04-22,301.523
1990-04-23,301.397
1990-04-24,301.27
1990-04-25,301.125
1990-04-26,300.974
1990-04-27,300.822
1990-04-28,300.679
1990-04-29,300.528
1990-04-30,300.369
1990-05-01,300.207
1990-05-02,300.043
1990-05-03,299.879
1990-05-04,299.712
1990-05-05,299.517
1990-05-06,299.35
1990-05-07,299.143
1990-05-08,298.919
1990-05-09,298.695
1990-05-10,298.477
1990-05-11,298.282
1990-05-12,298.057
1990-05-13,297.833
1990-05-14,297.613
1990-05-15,297.402
1990-05-16,297.215
1990-05-17,296.989
1990-05-18,296.787
1990-05-19,296.631
1990-05-20,296.523
1990-05-21,296.382
1990-05-22,296.39
1990-05-23,296.621
1990-05-24,296.771
1990-05-25,296.783
1990-05-26,296.817
1990-05-27,297.238
1990-05-28,297.961
1990-05-29,298.547
1990-05-30,299.031
1990-05-31,299.513
1990-06-01,299.993
1990-06-02,300.331
1990-06-03,300.587
1990-06-04,300.769
1990-06-05,300.934
1990-06-06,301.07
1990-06-07,301.18
1990-06-08,301.267
1990-06-09,301.3
1990-06-10,301.295
1990-06-11,301.267
1990-06-12,301.208
1990-06-13,301.135
1990-06-14,301.04
1990-06-15,300.944
1990-06-16,300.845
1990-06-17,300.697
1990-06-18,300.603
1990-06-19,300.486
1990-06-20,300.329
1990-06-21,300.189
1990-06-22,299.988
1990-06-23,299.852
1990-06-24,299.709
1990-06-25,299.536
1990-06-26,299.372
1990-06-27,299.192
1990-06-28,299.019
1990-06-29,298.836
1990-06-30,298.66
1990-07-01,298.454
1990-07-02,298.255
1990-07-03,298.055
1990-07-04,297.886
1990-07-05,297.741
1990-07-06,297.592
1990-07-07,297.444
1990-07-08,297.337
1990-07-09,297.219
1990-07-10,297.1
1990-07-11,296.982
1990-07-12,296.864
1990-07-13,296.734
1990-07-14,296.571
1990-07-15,296.386
1990-07-16,296.176
1990-07-17,295.978
1990-07-18,295.868
1990-07-19,295.744
1990-07-20,295.619
1990-07-21,295.466
1990-07-22,295.329
1990-07-23,295.128
1990-07-24,294.933
1990-07-25,294.719
1990-07-26,294.511
1990-07-27,294.365
1990-07-28,294.218
1990-07-29,294.106
1990-07-30,293.943
1990-07-31,293.8
1990-08-01,293.619
1990-08-02,293.458
1990-08-03,293.272
1990-08-04,293.093
1990-08-05,292.883
1990-08-06,292.676
1990-08-07,292.474
1990-08-08,292.258
1990-08-09,292.03
1990-08-10,291.814
1990-08-11,291.582
1990-08-12,291.364
1990-08-13,291.127
1990-08-14,290.896
1990-08-15,290.662
1990-08-16,290.442
1990-08-17,290.157
1990-08-18,289.927
1990-08-19,289.719
1990-08-20,289.456
1990-08-21,289.193
1990-08-22,288.925
1990-08-23,288.676
1990-08-24,288.406
1990-08-25,288.15
1990-08-26,287.914
1990-08-27,287.7
1990-08-28,287.479
1990-08-29,287.261
1990-08-30,287.044
1990-08-31,286.848
1990-09-01,286.663
1990-09-02,286.482
1990-09-03,286.334
1990-09-04,286.197
1990-09-05,286.045
1990-09-06,285.888
1990-09-07,285.783
1990-09-08,285.682
1990-09-09,285.605
1990-09-10,285.527
1990-09-11,285.467
1990-09-12,285.412
1990-09-13,285.357
1990-09-14,285.263
1990-09-15,285.221
1990-09-16,285.214
1990-09-17,285.2
1990-09-18,285.182
1990-09-19,285.166
1990-09-20,285.146
1990-09-21,285.076
1990-09-22,285.024
1990-09-23,285.021
1990-09-24,285.02
1990-09-25,285.042
1990-09-26,285.057
1990-09-27,285.051
1990-09-28,285.069
1990-09-29,285.089
1990-09-30,285.119
1990-10-01,285.158
1990-10-02,285.2
1990-10-03,285.246
1990-10-04,285.282
1990-10-05,285.311
1990-10-06,285.332
1990-10-07,285.352
1990-10-08,285.35
1990-10-09,285.33
1990-10-10,285.328
1990-10-11,285.328
1990-10-12,285.307
1990-10-13,285.287
1990-10-14,285.248
1990-10-15,285.208
1990-10-16,285.175
1990-10-17,285.216
1990-10-18,285.259
1990-10-19,285.327
1990-10-20,285.388
1990-10-21,285.433
1990-10-22,285.459
1990-10-23,285.489
1990-10-24,285.528
1990-10-25,285.572
1990-10-26,285.616
1990-10-27,285.642
1990-10-28,285.648
1990-10-29,285.669
1990-10-30,285.716
1990-10-31,285.778
1990-11-01,285.839
1990-11-02,285.878
1990-11-03,285.911
1990-11-04,285.891
1990-11-05,285.847
1990-11-06,285.859
1990-11-07,285.874
1990-11-08,285.867
1990-11-09,285.871
1990-11-10,285.881
1990-11-11,285.903
1990-11-12,285.928
1990-11-13,285.935
1990-11-14,285.933
1990-11-15,285.947
1990-11-16,285.912
1990-11-17,285.875
1990-11-18,285.842
1990-11-19,285.832
1990-11-20,285.847
1990-11-21,285.826
1990-11-22,285.804
1990-11-23,285.793
1990-11-24,285.787
1990-11-25,285.792
1990-11-26,285.768
1990-11-27,285.729
1990-11-28,285.702
1990-11-29,285.665
1990-11-30,285.631
1990-12-01,285.608
1990-12-02,285.573
1990-12-03,285.553
1990-12-04,285.525
1990-12-05,285.496
1990-12-06,285.455
1990-12-07,285.444
1990-12-08,285.435
1990-12-09,285.397
1990-12-10,285.412
1990-12-11,285.398
1990-12-12,285.358
1990-12-13,285.351
1990-12-14,285.308
1990-12-15,285.27
1990-12-16,285.25
1990-12-17,285.255
1990-12-18,285.246
1990-12-19,285.234
1990-12-20,285.236
1990-12-21,285.197
1990-12-22,285.119
1990-12-23,284.996
1990-12-24,284.886
1990-12-25,284.826
1990-12-26,284.806
1990-12-27,284.775
1990-12-28,284.705
1990-12-29,284.594
1990-12-30,284.499
1990-12-31,284.443
1991-01-01,284.393
1991-01-02,284.373
1991-01-03,284.335
1991-01-04,284.245
1991-01-05,284.184
1991-01-06,284.126
1991-01-07,284.069
1991-01-08,284.037
1991-01-09,283.992
1991-01-10,283.924
1991-01-11,283.875
1991-01-12,283.865
1991-01-13,283.845
1991-01-14,283.794
1991-01-15,283.75
1991-01-16,283.707
1991-01-17,283.674
1991-01-18,283.656
1991-01-19,283.625
1991-01-20,283.613
1991-01-21,283.565
1991-01-22,283.462
1991-01-23,283.422
1991-01-24,283.394
1991-01-25,283.363
1991-01-26,283.329
1991-01-27,283.306
1991-01-28,283.256
1991-01-29,283.184
1991-01-30,283.101
1991-01-31,283.025
1991-02-01,282.92
1991-02-02,282.905
1991-02-03,282.937
1991-02-04,282.91
1991-02-05,282.869
1991-02-06,282.873
1991-02-07,282.902
1991-02-08,282.925
1991-02-09,282.943
1991-02-10,282.933
1991-02-11,282.942
1991-02-12,282.96
1991-02-13,282.969
1991-02-14,282.925
1991-02-15,282.909
1991-02-16,282.926
1991-02-17,282.942
1991-02-18,282.965
1991-02-19,282.892
1991-02-20,282.761
1991-02-21,282.704
1991-02-22,282.673
1991-02-23,282.633
1991-02-24,282.592
1991-02-25,282.546
1991-02-26,282.462
1991-02-27,282.397
1991-02-28,282.375
1991-03-01,282.354
1991-03-02,282.444
1991-03-03,282.972
1991-03-04,283.935
1991-03-05,284.832
1991-03-06,285.408
1991-03-07,285.742
1991-03-08,285.94
1991-03-09,286.116
1991-03-10,286.296
1991-03-11,286.434
1991-03-12,286.588
1991-03-13,286.766
1991-03-14,286.924
1991-03-15,287.08
1991-03-16,287.219
1991-03-17,287.383
1991-03-18,287.541
1991-03-19,287.697
1991-03-20,287.952
1991-03-21,288.174
1991-03-22,288.362
1991-03-23,288.769
1991-03-24,289.277
1991-03-25,289.736
1991-03-26,290.188
1991-03-27,290.532
1991-03-28,290.807
1991-03-29,291.071
1991-03-30,291.293
1991-03-31,291.505
1991-04-01,291.754
1991-04-02,292.026
1991-04-03,292.24
1991-04-04,292.441
1991-04-05,292.639
1991-04-06,292.824
1991-04-07,293.013
1991-04-08,293.175
1991-04-09,293.321
1991-04-10,293.458
1991-04-11,293.562
1991-04-12,293.662
1991-04-13,293.752
1991-04-14,293.863
1991-04-15,294.025
1991-04-16,294.169
1991-04-17,294.258
1991-04-18,294.359
1991-04-19,294.468
1991-04-20,294.531
1991-04-21,294.588
1991-04-22,294.682
1991-04-23,294.778
1991-04-24,294.879
1991-04-25,294.995
1991-04-26,295.062
1991-04-27,295.145
1991-04-28,295.199
1991-04-29,295.228
1991-04-30,295.268
1991-05-01,295.276
1991-05-02,295.276
1991-05-03,295.262
1991-05-04,295.144
1991-05-05,295.007
1991-05-06,294.911
1991-05-07,294.856
1991-05-08,294.79
1991-05-09,294.7
1991-05-10,294.625
1991-05-11,294.557
1991-05-12,294.44
1991-05-13,294.33
1991-05-14,294.235
1991-05-15,294.097
1991-05-16,293.948
1991-05-17,293.906
1991-05-18,293.879
1991-05-19,293.787
1991-05-20,293.759
1991-05-21,293.748
1991-05-22,293.765
1991-05-23,293.802
1991-05-24,293.782
1991-05-25,293.762
1991-05-26,293.786
1991-05-27,293.795
1991-05-28,293.734
1991-05-29,293.694
1991-05-30,293.647
1991-05-31,293.479
1991-06-01,293.347
1991-06-02,293.262
1991-06-03,293.179
1991-06-04,293.07
1991-06-05,292.934
1991-06-06,292.801
1991-06-07,292.702
1991-06-08,292.564
1991-06-09,292.395
1991-06-10,292.265
1991-06-11,292.127
1991-06-12,291.931
1991-06-13,291.757
1991-06-14,291.598
1991-06-15,291.423
1991-06-16,291.231
1991-06-17,291.071
1991-06-18,290.929
1991-06-19,290.78
1991-06-20,290.619
1991-06-21,290.436
1991-06-22,290.3
1991-06-23,290.069
1991-06-24,289.849
1991-06-25,289.686
1991-06-26,289.552
1991-06-27,289.363
1991-06-28,289.207
1991-06-29,289.06
1991-06-30,288.902
1991-07-01,288.757
1991-07-02,288.584
1991-07-03,288.372
1991-07-04,288.205
1991-07-05,288.037
1991-07-06,287.892
1991-07-07,287.745
1991-07-08,287.553
1991-07-09,287.38
1991-07-10,287.212
1991-07-11,286.963
1991-07-12,286.717
1991-07-13,286.527
1991-07-14,286.354
1991-07-15,286.234
1991-07-16,286.014
1991-07-17,285.798
1991-07-18,285.624
1991-07-19,285.391
1991-07-20,285.193
1991-07-21,285.049
1991-07-22,284.85
1991-07-23,284.585
1991-07-24,284.373
1991-07-25,284.187
1991-07-26,283.973
1991-07-27,283.778
1991-07-28,283.613
1991-07-29,283.444
1991-07-30,283.231
1991-07-31,282.959
1991-08-01,282.704
1991-08-02,282.479
1991-08-03,282.316
1991-08-04,282.076
1991-08-05,281.878
1991-08-06,281.724
1991-08-07,281.511
1991-08-08,281.272
1991-08-09,281.053
1991-08-10,280.816
1991-08-11,280.63
1991-08-12,280.415
1991-08-13,280.147
1991-08-14,279.894
1991-08-15,279.704
1991-08-16,279.565
1991-08-17,279.434
1991-08-18,279.296
1991-08-19,279.169
1991-08-20,279.043
1991-08-21,278.92
1991-08-22,278.792
1991-08-23,278.667
1991-08-24,278.558
1991-08-25,278.458
1991-08-26,278.355
1991-08-27,278.236
1991-08-28,278.113
1991-08-29,277.995
1991-08-30,277.918
1991-08-31,277.879
1991-09-01,277.82
1991-09-02,277.74
1991-09-03,277.682
1991-09-04,277.653
1991-09-05,277.603
1991-09-06,277.599
1991-09-07,277.615
1991-09-08,277.577
1991-09-09,277.587
1991-09-10,277.619
1991-09-11,277.56
1991-09-12,277.607
1991-09-13,277.563
1991-09-14,277.574
1991-09-15,277.608
1991-09-16,277.613
1991-09-17,277.605
1991-09-18,277.6
1991-09-19,277.591
1991-09-20,277.64
1991-09-21,277.667
1991-09-22,277.648
1991-09-23,277.674
1991-09-24,277.759
1991-09-25,277.834
1991-09-26,277.839
1991-09-27,277.869
1991-09-28,277.908
1991-09-29,277.916
1991-09-30,277.939
1991-10-01,278.01
1991-10-02,278.1
1991-10-03,278.156
1991-10-04,278.186
1991-10-05,278.197
1991-10-06,278.191
1991-10-07,278.233
1991-10-08,278.261
1991-10-09,278.265
1991-10-10,278.318
1991-10-11,278.362
1991-10-12,278.406
1991-10-13,278.43
1991-10-14,278.446
1991-10-15,278.466
1991-10-16,278.473
1991-10-17,278.484
1991-10-18,278.466
1991-10-19,278.505
1991-10-20,278.548
1991-10-21,278.568
1991-10-22,278.563
1991-10-23,278.553
1991-10-24,278.592
1991-10-25,278.653
1991-10-26,278.689
1991-10-27,278.713
1991-10-28,278.748
1991-10-29,278.817
1991-10-30,278.817
1991-10-31,278.78
1991-11-01,278.681
1991-11-02,278.648
1991-11-03,278.572
1991-11-04,278.562
1991-11-05,278.519
1991-11-06,278.456
1991-11-07,278.364
1991-11-08,278.354
1991-11-09,278.286
1991-11-10,278.206
1991-11-11,278.184
1991-11-12,278.153
1991-11-13,278.056
1991-11-14,277.967
1991-11-15,277.947
1991-11-16,277.862
1991-11-17,277.786
1991-11-18,277.797
1991-11-19,277.765
1991-11-20,277.716
1991-11-21,277.664
1991-11-22,277.611
1991-11-23,277.572
1991-11-24,277.539
1991-11-25,277.492
1991-11-26,277.439
1991-11-27,277.378
1991-11-28,277.292
1991-11-29,277.189
1991-11-30,277.131
1991-12-01,277.078
1991-12-02,277.03
1991-12-03,276.987
1991-12-04,276.962
1991-12-05,276.924
1991-12-06,276.9
1991-12-07,276.852
1991-12-08,276.817
1991-12-09,276.836
1991-12-10,276.798
1991-12-11,276.764
1991-12-12,276.733
1991-12-13,276.705
1991-12-14,276.646
1991-12-15,276.577
1991-12-16,276.559
1991-12-17,276.587
1991-12-18,276.609
1991-12-19,276.584
1991-12-20,276.586
1991-12-21,276.548
1991-12-22,276.527
1991-12-23,276.544
1991-12-24,276.504
1991-12-25,276.479
1991-12-26,276.477
1991-12-27,276.447
1991-12-28,276.47
1991-12-29,276.59
1991-12-30,276.68
1991-12-31,276.686
1992-01-01,276.703
1992-01-02,276.75
1992-01-03,276.742
1992-01-04,276.809
1992-01-05,276.999
1992-01-06,277.182
1992-01-07,277.291
1992-01-08,277.365
1992-01-09,277.402
1992-01-10,277.428
1992-01-11,277.44
1992-01-12,277.453
1992-01-13,277.464
1992-01-14,277.474
1992-01-15,277.472
1992-01-16,277.473
1992-01-17,277.482
1992-01-18,277.481
1992-01-19,277.476
1992-01-20,277.46
1992-01-21,277.451
1992-01-22,277.443
1992-01-23,277.44
1992-01-24,277.424
1992-01-25,277.419
1992-01-26,277.418
1992-01-27,277.405
1992-01-28,277.42
1992-01-29,277.421
1992-01-30,277.414
1992-01-31,277.43
1992-02-01,277.405
1992-02-02,277.411
1992-02-03,277.478
1992-02-04,277.499
1992-02-05,277.535
1992-02-06,277.538
1992-02-07,277.488
1992-02-08,277.507
1992-02-09,277.59
1992-02-10,277.838
1992-02-11,278.413
1992-02-12,279.353
1992-02-13,280.326
1992-02-14,281.167
1992-02-15,282.072
1992-02-16,282.959
1992-02-17,283.635
1992-02-18,284.202
1992-02-19,284.987
1992-02-20,286.147
1992-02-21,287.216
1992-02-22,287.943
1992-02-23,288.499
1992-02-24,288.856
1992-02-25,289.101
1992-02-26,289.286
1992-02-27,289.522
1992-02-28,289.762
1992-02-29,289.972
1992-03-01,290.197
1992-03-02,290.451
1992-03-03,290.639
1992-03-04,290.84
1992-03-05,291.2
1992-03-06,291.635
1992-03-07,291.969
1992-03-08,292.225
1992-03-09,292.502
1992-03-10,292.717
1992-03-11,292.876
1992-03-12,293.049
1992-03-13,293.233
1992-03-14,293.389
1992-03-15,293.768
1992-03-16,294.431
1992-03-17,294.597
1992-03-18,294.824
1992-03-19,295.114
1992-03-20,295.337
1992-03-21,295.582
1992-03-22,295.823
1992-03-23,296.06
1992-03-24,296.266
1992-03-25,296.442
1992-03-26,296.616
1992-03-27,296.76
1992-03-28,296.94
1992-03-29,297.076
1992-03-30,297.187
1992-03-31,297.315
1992-04-01,297.449
1992-04-02,297.565
1992-04-03,297.695
1992-04-04,297.846
1992-04-05,297.969
1992-04-06,298.073
1992-04-07,298.165
1992-04-08,298.247
1992-04-09,298.333
1992-04-10,298.423
1992-04-11,298.507
1992-04-12,298.693
1992-04-13,298.983
1992-04-14,299.238
1992-04-15,299.476
1992-04-16,299.711
1992-04-17,300.005
1992-04-18,300.309
1992-04-19,300.526
1992-04-20,300.758
1992-04-21,300.953
1992-04-22,301.097
1992-04-23,301.252
1992-04-24,301.366
1992-04-25,301.483
1992-04-26,301.602
1992-04-27,301.702
1992-04-28,301.811
1992-04-29,301.907
1992-04-30,301.964
1992-05-01,301.997
1992-05-02,301.996
1992-05-03,301.952
1992-05-04,301.939
1992-05-05,301.963
1992-05-06,301.974
1992-05-07,301.96
1992-05-08,301.952
1992-05-09,301.943
1992-05-10,301.898
1992-05-11,301.885
1992-05-12,301.851
1992-05-13,301.781
1992-05-14,301.751
1992-05-15,301.712
1992-05-16,301.672
1992-05-17,301.594
1992-05-18,301.569
1992-05-19,301.536
1992-05-20,301.491
1992-05-21,301.453
1992-05-22,301.437
1992-05-23,301.396
1992-05-24,301.313
1992-05-25,301.272
1992-05-26,301.209
1992-05-27,301.148
1992-05-28,301.088
1992-05-29,301
1992-05-30,300.885
1992-05-31,300.814
1992-06-01,300.794
1992-06-02,300.803
1992-06-03,300.738
1992-06-04,300.654
1992-06-05,300.58
1992-06-06,300.489
1992-06-07,300.408
1992-06-08,300.327
1992-06-09,300.225
1992-06-10,300.14
1992-06-11,300.06
1992-06-12,299.97
1992-06-13,299.822
1992-06-14,299.673
1992-06-15,299.551
1992-06-16,299.436
1992-06-17,299.292
1992-06-18,299.149
1992-06-19,299.022
1992-06-20,298.946
1992-06-21,298.892
1992-06-22,298.834
1992-06-23,298.728
1992-06-24,298.611
1992-06-25,298.494
1992-06-26,298.425
1992-06-27,298.309
1992-06-28,298.2
1992-06-29,298.16
1992-06-30,298.139
1992-07-01,298.122
1992-07-02,298.133
1992-07-03,298.102
1992-07-04,297.999
1992-07-05,297.91
1992-07-06,297.839
1992-07-07,297.764
1992-07-08,297.69
1992-07-09,297.587
1992-07-10,297.469
1992-07-11,297.344
1992-07-12,297.209
1992-07-13,297.093
1992-07-14,296.999
1992-07-15,296.858
1992-07-16,296.727
1992-07-17,296.592
1992-07-18,296.515
1992-07-19,296.386
1992-07-20,296.237
1992-07-21,296.1
1992-07-22,295.923
1992-07-23,295.772
1992-07-24,295.655
1992-07-25,295.55
1992-07-26,295.427
1992-07-27,295.266
1992-07-28,295.095
1992-07-29,294.931
1992-07-30,294.795
1992-07-31,294.672
1992-08-01,294.52
1992-08-02,294.347
1992-08-03,294.222
1992-08-04,294.114
1992-08-05,293.976
1992-08-06,293.809
1992-08-07,293.681
1992-08-08,293.507
1992-08-09,293.342
1992-08-10,293.186
1992-08-11,293.031
1992-08-12,292.9
1992-08-13,292.742
1992-08-14,292.558
1992-08-15,292.336
1992-08-16,292.112
1992-08-17,291.876
1992-08-18,291.721
1992-08-19,291.56
1992-08-20,291.347
1992-08-21,291.117
1992-08-22,290.898
1992-08-23,290.707
1992-08-24,290.521
1992-08-25,290.368
1992-08-26,290.211
1992-08-27,290.035
1992-08-28,289.857
1992-08-29,289.675
1992-08-30,289.508
1992-08-31,289.34
1992-09-01,289.152
1992-09-02,288.949
1992-09-03,288.772
1992-09-04,288.661
1992-09-05,288.506
1992-09-06,288.336
1992-09-07,288.214
1992-09-08,288.049
1992-09-09,287.859
1992-09-10,287.7
1992-09-11,287.555
1992-09-12,287.407
1992-09-13,287.241
1992-09-14,287.089
1992-09-15,286.966
1992-09-16,286.796
1992-09-17,286.637
1992-09-18,286.502
1992-09-19,286.377
1992-09-20,286.22
1992-09-21,286.067
1992-09-22,285.96
1992-09-23,285.856
1992-09-24,285.704
1992-09-25,285.54
1992-09-26,285.401
1992-09-27,285.272
1992-09-28,285.173
1992-09-29,285.03
1992-09-30,284.867
1992-10-01,284.75
1992-10-02,284.618
1992-10-03,284.499
1992-10-04,284.356
1992-10-05,284.281
1992-10-06,284.247
1992-10-07,284.17
1992-10-08,284.127
1992-10-09,284.125
1992-10-10,284.117
1992-10-11,284.065
1992-10-12,284.053
1992-10-13,284.054
1992-10-14,284.002
1992-10-15,283.944
1992-10-16,283.925
1992-10-17,283.895
1992-10-18,283.861
1992-10-19,283.842
1992-10-20,283.819
1992-10-21,283.82
1992-10-22,283.8
1992-10-23,283.808
1992-10-24,283.796
1992-10-25,283.798
1992-10-26,283.826
1992-10-27,283.85
1992-10-28,283.911
1992-10-29,284.086
1992-10-30,284.421
1992-10-31,284.646
1992-11-01,284.818
1992-11-02,285.063
1992-11-03,285.243
1992-11-04,285.359
1992-11-05,285.46
1992-11-06,285.597
1992-11-07,285.71
1992-11-08,285.777
1992-11-09,285.902
1992-11-10,286.041
1992-11-11,286.14
1992-11-12,286.263
1992-11-13,286.31
1992-11-14,286.331
1992-11-15,286.447
1992-11-16,286.568
1992-11-17,286.676
1992-11-18,286.761
1992-11-19,286.819
1992-11-20,286.898
1992-11-21,286.924
1992-11-22,286.944
1992-11-23,286.99
1992-11-24,287.028
1992-11-25,287.078
1992-11-26,287.08
1992-11-27,287.087
1992-11-28,287.141
1992-11-29,287.183
1992-11-30,287.215
1992-12-01,287.203
1992-12-02,287.274
1992-12-03,287.339
1992-12-04,287.304
1992-12-05,287.296
1992-12-06,287.386
1992-12-07,287.521
1992-12-08,287.75
1992-12-09,288.048
1992-12-10,288.689
1992-12-11,289.52
1992-12-12,289.867
1992-12-13,289.965
1992-12-14,290.129
1992-12-15,290.281
1992-12-16,290.411
1992-12-17,290.602
1992-12-18,290.731
1992-12-19,290.763
1992-12-20,290.768
1992-12-21,290.804
1992-12-22,290.868
1992-12-23,290.928
1992-12-24,290.953
1992-12-25,290.976
1992-12-26,291.014
1992-12-27,291.074
1992-12-28,291.2
1992-12-29,291.348
1992-12-30,291.496
1992-12-31,291.878
1993-01-01,292.376
1993-01-02,292.677
1993-01-03,292.825
1993-01-04,292.998
1993-01-05,293.107
1993-01-06,293.175
1993-01-07,293.275
1993-01-08,293.385
1993-01-09,293.594
1993-01-10,293.767
1993-01-11,293.927
1993-01-12,294.041
1993-01-13,294.183
1993-01-14,294.483
1993-01-15,294.89
1993-01-16,295.297
1993-01-17,295.691
1993-01-18,295.99
1993-01-19,296.251
1993-01-20,297.16
1993-01-21,298.57
1993-01-22,299.758
1993-01-23,300.576
1993-01-24,301.096
1993-01-25,301.496
1993-01-26,301.761
1993-01-27,301.968
1993-01-28,302.179
1993-01-29,302.379
1993-01-30,302.574
1993-01-31,302.747
1993-02-01,302.896
1993-02-02,303.03
1993-02-03,303.19
1993-02-04,303.371
1993-02-05,303.545
1993-02-06,303.745
1993-02-07,303.972
1993-02-08,304.28
1993-02-09,304.653
1993-02-10,305.064
1993-02-11,305.573
1993-02-12,306.128
1993-02-13,306.592
1993-02-14,306.986
1993-02-15,307.285
1993-02-16,307.549
1993-02-17,307.785
1993-02-18,308.017
1993-02-19,308.561
1993-02-20,309.373
1993-02-21,310.02
1993-02-22,310.329
1993-02-23,310.626
1993-02-24,310.998
1993-02-25,311.362
1993-02-26,311.662
1993-02-27,311.887
1993-02-28,312.077
1993-03-01,312.253
1993-03-02,312.398
1993-03-03,312.538
1993-03-04,312.7
1993-03-05,312.888
1993-03-06,313.097
1993-03-07,313.334
1993-03-08,313.582
1993-03-09,313.846
1993-03-10,314.149
1993-03-11,314.492
1993-03-12,314.855
1993-03-13,315.209
1993-03-14,315.584
1993-03-15,316.036
1993-03-16,316.641
1993-03-17,317.848
1993-03-18,319.282
1993-03-19,320.173
1993-03-20,320.431
1993-03-21,320.134
1993-03-22,319.742
1993-03-23,319.46
1993-03-24,319.539
1993-03-25,319.838
1993-03-26,319.573
1993-03-27,319.12
1993-03-28,318.568
1993-03-29,317.941
1993-03-30,317.352
1993-03-31,316.899
1993-04-01,316.521
1993-04-02,316.497
1993-04-03,316.476
1993-04-04,316.535
1993-04-05,316.691
1993-04-06,316.812
1993-04-07,316.916
1993-04-08,317.009
1993-04-09,317.147
1993-04-10,317.321
1993-04-11,317.511
1993-04-12,317.712
1993-04-13,317.907
1993-04-14,318.091
1993-04-15,318.286
1993-04-16,318.486
1993-04-17,318.771
1993-04-18,319.078
1993-04-19,319.324
1993-04-20,319.58
1993-04-21,319.806
1993-04-22,320.018
1993-04-23,320.255
1993-04-24,320.483
1993-04-25,320.673
1993-04-26,320.854
1993-04-27,321.029
1993-04-28,321.142
1993-04-29,321.247
1993-04-30,321.356
1993-05-01,321.449
1993-05-02,321.505
1993-05-03,321.64
1993-05-04,321.812
1993-05-05,321.951
1993-05-06,322.09
1993-05-07,322.215
1993-05-08,322.305
1993-05-09,322.391
1993-05-10,322.449
1993-05-11,322.527
1993-05-12,322.596
1993-05-13,322.621
1993-05-14,322.661
1993-05-15,322.714
1993-05-16,322.741
1993-05-17,322.788
1993-05-18,322.827
1993-05-19,322.859
1993-05-20,322.881
1993-05-21,322.894
1993-05-22,322.903
1993-05-23,322.889
1993-05-24,322.843
1993-05-25,322.83
1993-05-26,322.875
1993-05-27,322.949
1993-05-28,323.004
1993-05-29,323.019
1993-05-30,323.064
1993-05-31,323.28
1993-06-01,323.606
1993-06-02,323.914
1993-06-03,324.089
1993-06-04,324.178
1993-06-05,324.254
1993-06-06,324.194
1993-06-07,324.11
1993-06-08,324.046
1993-06-09,323.956
1993-06-10,323.94
1993-06-11,323.892
1993-06-12,323.866
1993-06-13,323.868
1993-06-14,323.838
1993-06-15,323.775
1993-06-16,323.719
1993-06-17,323.663
1993-06-18,323.589
1993-06-19,323.46
1993-06-20,323.308
1993-06-21,323.165
1993-06-22,323.057
1993-06-23,322.959
1993-06-24,322.845
1993-06-25,322.766
1993-06-26,322.679
1993-06-27,322.541
1993-06-28,322.432
1993-06-29,322.338
1993-06-30,322.227
1993-07-01,322.126
1993-07-02,322.025
1993-07-03,321.888
1993-07-04,321.801
1993-07-05,321.676
1993-07-06,321.519
1993-07-07,321.377
1993-07-08,321.244
1993-07-09,321.098
1993-07-10,320.956
1993-07-11,320.814
1993-07-12,320.674
1993-07-13,320.54
1993-07-14,320.395
1993-07-15,320.251
1993-07-16,320.154
1993-07-17,320.06
1993-07-18,319.961
1993-07-19,319.851
1993-07-20,319.728
1993-07-21,319.601
1993-07-22,319.475
1993-07-23,319.354
1993-07-24,319.18
1993-07-25,319.003
1993-07-26,318.878
1993-07-27,318.739
1993-07-28,318.549
1993-07-29,318.35
1993-07-30,318.172
1993-07-31,318.021
1993-08-01,317.841
1993-08-02,317.632
1993-08-03,317.417
1993-08-04,317.181
1993-08-05,316.91
1993-08-06,316.718
1993-08-07,316.537
1993-08-08,316.349
1993-08-09,316.177
1993-08-10,316.02
1993-08-11,315.848
1993-08-12,315.658
1993-08-13,315.465
1993-08-14,315.31
1993-08-15,315.155
1993-08-16,314.948
1993-08-17,314.74
1993-08-18,314.587
1993-08-19,314.44
1993-08-20,314.244
1993-08-21,314.081
1993-08-22,313.918
1993-08-23,313.757
1993-08-24,313.563
1993-08-25,313.325
1993-08-26,313.117
1993-08-27,312.949
1993-08-28,312.784
1993-08-29,312.618
1993-08-30,312.474
1993-08-31,312.306
1993-09-01,312.157
1993-09-02,312.05
1993-09-03,311.91
1993-09-04,311.736
1993-09-05,311.584
1993-09-06,311.413
1993-09-07,311.264
1993-09-08,311.15
1993-09-09,311.002
1993-09-10,310.857
1993-09-11,310.701
1993-09-12,310.528
1993-09-13,310.362
1993-09-14,310.206
1993-09-15,310.038
1993-09-16,309.858
1993-09-17,309.738
1993-09-18,309.644
1993-09-19,309.504
1993-09-20,309.335
1993-09-21,309.15
1993-09-22,308.999
1993-09-23,308.89
1993-09-24,308.76
1993-09-25,308.591
1993-09-26,308.448
1993-09-27,308.286
1993-09-28,308.152
1993-09-29,308.003
1993-09-30,307.869
1993-10-01,307.726
1993-10-02,307.584
1993-10-03,307.437
1993-10-04,307.289
1993-10-05,307.151
1993-10-06,307.017
1993-10-07,306.883
1993-10-08,306.791
1993-10-09,306.761
1993-10-10,306.734
1993-10-11,306.655
1993-10-12,306.525
1993-10-13,306.422
1993-10-14,306.343
1993-10-15,306.302
1993-10-16,306.288
1993-10-17,306.261
1993-10-18,306.243
1993-10-19,306.233
1993-10-20,306.208
1993-10-21,306.159
1993-10-22,306.11
1993-10-23,306.076
1993-10-24,306.028
1993-10-25,305.984
1993-10-26,305.952
1993-10-27,305.915
1993-10-28,305.888
1993-10-29,305.875
1993-10-30,305.849
1993-10-31,305.806
1993-11-01,305.771
1993-11-02,305.722
1993-11-03,305.677
1993-11-04,305.663
1993-11-05,305.635
1993-11-06,305.612
1993-11-07,305.592
1993-11-08,305.589
1993-11-09,305.586
1993-11-10,305.576
1993-11-11,305.564
1993-11-12,305.543
1993-11-13,305.518
1993-11-14,305.486
1993-11-15,305.469
1993-11-16,305.458
1993-11-17,305.462
1993-11-18,305.442
1993-11-19,305.425
1993-11-20,305.409
1993-11-21,305.394
1993-11-22,305.399
1993-11-23,305.4
1993-11-24,305.388
1993-11-25,305.356
1993-11-26,305.284
1993-11-27,305.244
1993-11-28,305.202
1993-11-29,305.184
1993-11-30,305.196
1993-12-01,305.16
1993-12-02,305.115
1993-12-03,305.072
1993-12-04,305.036
1993-12-05,305.007
1993-12-06,304.995
1993-12-07,305.017
1993-12-08,305.199
1993-12-09,305.401
1993-12-10,305.523
1993-12-11,305.637
1993-12-12,305.726
1993-12-13,305.826
1993-12-14,305.943
1993-12-15,305.988
1993-12-16,305.989
1993-12-17,305.999
1993-12-18,305.994
1993-12-19,305.965
1993-12-20,305.943
1993-12-21,305.933
1993-12-22,305.908
1993-12-23,305.886
1993-12-24,305.849
1993-12-25,305.817
1993-12-26,305.778
1993-12-27,305.738
1993-12-28,305.725
1993-12-29,305.706
1993-12-30,305.673
1993-12-31,305.643
1994-01-01,305.567
1994-01-02,305.524
1994-01-03,305.519
1994-01-04,305.502
1994-01-05,305.506
1994-01-06,305.483
1994-01-07,305.462
1994-01-08,305.438
1994-01-09,305.41
1994-01-10,305.435
1994-01-11,305.457
1994-01-12,305.45
1994-01-13,305.445
1994-01-14,305.444
1994-01-15,305.413
1994-01-16,305.389
1994-01-17,305.414
1994-01-18,305.423
1994-01-19,305.407
1994-01-20,305.395
1994-01-21,305.398
1994-01-22,305.405
1994-01-23,305.497
1994-01-24,305.784
1994-01-25,306.143
1994-01-26,306.367
1994-01-27,306.519
1994-01-28,306.636
1994-01-29,306.717
1994-01-30,306.786
1994-01-31,306.876
1994-02-01,306.933
1994-02-02,306.94
1994-02-03,306.953
1994-02-04,306.99
1994-02-05,307.041
1994-02-06,307.122
1994-02-07,307.216
1994-02-08,307.292
1994-02-09,307.333
1994-02-10,307.405
1994-02-11,307.535
1994-02-12,307.572
1994-02-13,307.586
1994-02-14,307.644
1994-02-15,307.735
1994-02-16,307.809
1994-02-17,307.945
1994-02-18,308.177
1994-02-19,308.389
1994-02-20,308.573
1994-02-21,308.783
1994-02-22,308.997
1994-02-23,309.125
1994-02-24,309.228
1994-02-25,309.337
1994-02-26,309.482
1994-02-27,309.647
1994-02-28,309.804
1994-03-01,309.936
1994-03-02,310.048
1994-03-03,310.196
1994-03-04,310.329
1994-03-05,310.466
1994-03-06,310.609
1994-03-07,310.719
1994-03-08,310.795
1994-03-09,310.896
1994-03-10,311
1994-03-11,311.106
1994-03-12,311.2
1994-03-13,311.28
1994-03-14,311.357
1994-03-15,311.436
1994-03-16,311.529
1994-03-17,311.637
1994-03-18,311.714
1994-03-19,311.784
1994-03-20,311.848
1994-03-21,311.912
1994-03-22,311.972
1994-03-23,312.02
1994-03-24,312.076
1994-03-25,312.126
1994-03-26,312.143
1994-03-27,312.173
1994-03-28,312.239
1994-03-29,312.312
1994-03-30,312.362
1994-03-31,312.423
1994-04-01,312.461
1994-04-02,312.486
1994-04-03,312.498
1994-04-04,312.529
1994-04-05,312.605
1994-04-06,312.63
1994-04-07,312.657
1994-04-08,312.73
1994-04-09,312.835
1994-04-10,312.893
1994-04-11,312.921
1994-04-12,312.979
1994-04-13,313.038
1994-04-14,313.105
1994-04-15,313.155
1994-04-16,313.194
1994-04-17,313.242
1994-04-18,313.26
1994-04-19,313.25
1994-04-20,313.255
1994-04-21,313.229
1994-04-22,313.208
1994-04-23,313.225
1994-04-24,313.246
1994-04-25,313.268
1994-04-26,313.279
1994-04-27,313.257
1994-04-28,313.244
1994-04-29,313.194
1994-04-30,313.104
1994-05-01,313.077
1994-05-02,313.063
1994-05-03,312.982
1994-05-04,312.933
1994-05-05,312.876
1994-05-06,312.826
1994-05-07,312.78
1994-05-08,312.764
1994-05-09,312.781
1994-05-10,312.801
1994-05-11,312.834
1994-05-12,312.775
1994-05-13,312.706
1994-05-14,312.668
1994-05-15,312.621
1994-05-16,312.599
1994-05-17,312.611
1994-05-18,312.608
1994-05-19,312.603
1994-05-20,312.597
1994-05-21,312.624
1994-05-22,312.663
1994-05-23,312.681
1994-05-24,312.666
1994-05-25,312.606
1994-05-26,312.54
1994-05-27,312.486
1994-05-28,312.475
1994-05-29,312.438
1994-05-30,312.387
1994-05-31,312.348
1994-06-01,312.285
1994-06-02,312.222
1994-06-03,312.173
1994-06-04,312.16
1994-06-05,312.155
1994-06-06,312.127
1994-06-07,312.085
1994-06-08,312.045
1994-06-09,312.013
1994-06-10,311.957
1994-06-11,311.842
1994-06-12,311.733
1994-06-13,311.673
1994-06-14,311.586
1994-06-15,311.506
1994-06-16,311.454
1994-06-17,311.378
1994-06-18,311.271
1994-06-19,311.144
1994-06-20,311.055
1994-06-21,310.958
1994-06-22,310.858
1994-06-23,310.775
1994-06-24,310.68
1994-06-25,310.562
1994-06-26,310.44
1994-06-27,310.342
1994-06-28,310.241
1994-06-29,310.123
1994-06-30,310.019
1994-07-01,309.887
1994-07-02,309.762
1994-07-03,309.614
1994-07-04,309.48
1994-07-05,309.355
1994-07-06,309.219
1994-07-07,309.08
1994-07-08,308.928
1994-07-09,308.782
1994-07-10,308.594
1994-07-11,308.396
1994-07-12,308.222
1994-07-13,308.006
1994-07-14,307.788
1994-07-15,307.604
1994-07-16,307.393
1994-07-17,307.18
1994-07-18,306.951
1994-07-19,306.744
1994-07-20,306.582
1994-07-21,306.39
1994-07-22,306.189
1994-07-23,306.009
1994-07-24,305.786
1994-07-25,305.612
1994-07-26,305.443
1994-07-27,305.245
1994-07-28,305.084
1994-07-29,304.911
1994-07-30,304.726
1994-07-31,304.567
1994-08-01,304.428
1994-08-02,304.259
1994-08-03,304.12
1994-08-04,303.976
1994-08-05,303.794
1994-08-06,303.577
1994-08-07,303.372
1994-08-08,303.221
1994-08-09,303.081
1994-08-10,302.902
1994-08-11,302.714
1994-08-12,302.539
1994-08-13,302.392
1994-08-14,302.231
1994-08-15,302.057
1994-08-16,301.913
1994-08-17,301.743
1994-08-18,301.562
1994-08-19,301.342
1994-08-20,301.127
1994-08-21,300.883
1994-08-22,300.662
1994-08-23,300.454
1994-08-24,300.23
1994-08-25,300.024
1994-08-26,299.82
1994-08-27,299.574
1994-08-28,299.323
1994-08-29,299.087
1994-08-30,298.886
1994-08-31,298.677
1994-09-01,298.446
1994-09-02,298.112
1994-09-03,297.764
1994-09-04,297.466
1994-09-05,297.178
1994-09-06,296.912
1994-09-07,296.645
1994-09-08,296.41
1994-09-09,296.166
1994-09-10,295.923
1994-09-11,295.656
1994-09-12,295.398
1994-09-13,295.202
1994-09-14,294.982
1994-09-15,294.786
1994-09-16,294.635
1994-09-17,294.462
1994-09-18,294.269
1994-09-19,294.103
1994-09-20,293.968
1994-09-21,293.849
1994-09-22,293.681
1994-09-23,293.519
1994-09-24,293.38
1994-09-25,293.23
1994-09-26,293.058
1994-09-27,292.942
1994-09-28,292.83
1994-09-29,292.756
1994-09-30,292.658
1994-10-01,292.504
1994-10-02,292.358
1994-10-03,292.284
1994-10-04,292.224
1994-10-05,292.142
1994-10-06,292.05
1994-10-07,291.974
1994-10-08,291.891
1994-10-09,291.808
1994-10-10,291.774
1994-10-11,291.745
1994-10-12,291.692
1994-10-13,291.667
1994-10-14,291.653
1994-10-15,291.615
1994-10-16,291.563
1994-10-17,291.545
1994-10-18,291.526
1994-10-19,291.44
1994-10-20,291.388
1994-10-21,291.366
1994-10-22,291.375
1994-10-23,291.397
1994-10-24,291.437
1994-10-25,291.419
1994-10-26,291.379
1994-10-27,291.375
1994-10-28,291.315
1994-10-29,291.265
1994-10-30,291.223
1994-10-31,291.183
1994-11-01,291.188
1994-11-02,291.179
1994-11-03,291.141
1994-11-04,291.129
1994-11-05,291.12
1994-11-06,291.082
1994-11-07,291.044
1994-11-08,291.052
1994-11-09,291.165
1994-11-10,291.325
1994-11-11,291.429
1994-11-12,291.471
1994-11-13,291.471
1994-11-14,291.497
1994-11-15,291.497
1994-11-16,291.494
1994-11-17,291.498
1994-11-18,291.451
1994-11-19,291.423
1994-11-20,291.368
1994-11-21,291.343
1994-11-22,291.348
1994-11-23,291.327
1994-11-24,291.269
1994-11-25,291.225
1994-11-26,291.225
1994-11-27,291.244
1994-11-28,291.241
1994-11-29,291.204
1994-11-30,291.169
1994-12-01,291.162
1994-12-02,291.135
1994-12-03,291.123
1994-12-04,291.164
1994-12-05,291.17
1994-12-06,291.143
1994-12-07,291.12
1994-12-08,291.118
1994-12-09,291.134
1994-12-10,291.098
1994-12-11,291.063
1994-12-12,291.087
1994-12-13,291.115
1994-12-14,291.172
1994-12-15,291.204
1994-12-16,291.215
1994-12-17,291.292
1994-12-18,291.28
1994-12-19,291.328
1994-12-20,291.396
1994-12-21,291.408
1994-12-22,291.434
1994-12-23,291.421
1994-12-24,291.382
1994-12-25,291.376
1994-12-26,291.364
1994-12-27,291.372
1994-12-28,291.388
1994-12-29,291.398
1994-12-30,291.386
1994-12-31,291.356
1995-01-01,291.365
1995-01-02,291.355
1995-01-03,291.352
1995-01-04,291.41
1995-01-05,291.483
1995-01-06,291.615
1995-01-07,292.008
1995-01-08,293.221
1995-01-09,295.968
1995-01-10,299.083
1995-01-11,301.43
1995-01-12,303.588
1995-01-13,305.89
1995-01-14,308.245
1995-01-15,309.97
1995-01-16,310.944
1995-01-17,311.474
1995-01-18,311.805
1995-01-19,311.958
1995-01-20,311.894
1995-01-21,311.469
1995-01-22,311.073
1995-01-23,310.984
1995-01-24,311.049
1995-01-25,311.452
1995-01-26,311.893
1995-01-27,312.27
1995-01-28,312.526
1995-01-29,312.428
1995-01-30,312.411
1995-01-31,312.791
1995-02-01,313.428
1995-02-02,314.086
1995-02-03,314.248
1995-02-04,314.15
1995-02-05,313.818
1995-02-06,313.45
1995-02-07,313.022
1995-02-08,312.546
1995-02-09,312.018
1995-02-10,311.537
1995-02-11,311.293
1995-02-12,311.036
1995-02-13,310.892
1995-02-14,310.774
1995-02-15,310.716
1995-02-16,310.694
1995-02-17,310.676
1995-02-18,310.729
1995-02-19,310.78
1995-02-20,310.826
1995-02-21,310.909
1995-02-22,311.019
1995-02-23,311.161
1995-02-24,311.307
1995-02-25,311.423
1995-02-26,311.51
1995-02-27,311.577
1995-02-28,311.669
1995-03-01,311.792
1995-03-02,311.988
1995-03-03,312.35
1995-03-04,312.761
1995-03-05,313.126
1995-03-06,313.485
1995-03-07,313.719
1995-03-08,314.023
1995-03-09,315.177
1995-03-10,317.183
1995-03-11,319.228
1995-03-12,320.677
1995-03-13,321.215
1995-03-14,321.983
1995-03-15,322.772
1995-03-16,323.102
1995-03-17,322.947
1995-03-18,322.232
1995-03-19,321.861
1995-03-20,321.237
1995-03-21,320.822
1995-03-22,320.822
1995-03-23,320.736
1995-03-24,320.514
1995-03-25,320.18
1995-03-26,319.773
1995-03-27,319.508
1995-03-28,319.296
1995-03-29,318.997
1995-03-30,318.833
1995-03-31,318.709
1995-04-01,318.664
1995-04-02,318.697
1995-04-03,318.703
1995-04-04,318.76
1995-04-05,318.877
1995-04-06,319.137
1995-04-07,319.879
1995-04-08,320.693
1995-04-09,321.03
1995-04-10,321.113
1995-04-11,321.15
1995-04-12,321.074
1995-04-13,320.853
1995-04-14,320.617
1995-04-15,320.442
1995-04-16,320.283
1995-04-17,320.157
1995-04-18,320.132
1995-04-19,320.122
1995-04-20,320.205
1995-04-21,320.333
1995-04-22,320.421
1995-04-23,320.562
1995-04-24,320.725
1995-04-25,320.916
1995-04-26,321.106
1995-04-27,321.301
1995-04-28,321.439
1995-04-29,321.408
1995-04-30,321.442
1995-05-01,321.636
1995-05-02,321.992
1995-05-03,322.238
1995-05-04,322.38
1995-05-05,322.397
1995-05-06,322.324
1995-05-07,322.178
1995-05-08,322.033
1995-05-09,321.827
1995-05-10,321.716
1995-05-11,321.664
1995-05-12,321.621
1995-05-13,321.592
1995-05-14,321.59
1995-05-15,321.611
1995-05-16,321.667
1995-05-17,321.761
1995-05-18,321.914
1995-05-19,322.081
1995-05-20,322.218
1995-05-21,322.254
1995-05-22,322.353
1995-05-23,322.458
1995-05-24,322.509
1995-05-25,322.551
1995-05-26,322.602
1995-05-27,322.65
1995-05-28,322.69
1995-05-29,322.719
1995-05-30,322.821
1995-05-31,322.809
1995-06-01,322.81
1995-06-02,322.815
1995-06-03,322.856
1995-06-04,322.853
1995-06-05,322.825
1995-06-06,322.815
1995-06-07,322.792
1995-06-08,322.786
1995-06-09,322.775
1995-06-10,322.737
1995-06-11,322.715
1995-06-12,322.688
1995-06-13,322.66
1995-06-14,322.675
1995-06-15,322.734
1995-06-16,322.795
1995-06-17,322.836
1995-06-18,322.866
1995-06-19,322.919
1995-06-20,322.985
1995-06-21,322.984
1995-06-22,322.941
1995-06-23,322.899
1995-06-24,322.826
1995-06-25,322.747
1995-06-26,322.676
1995-06-27,322.585
1995-06-28,322.486
1995-06-29,322.409
1995-06-30,322.297
1995-07-01,322.179
1995-07-02,322.047
1995-07-03,321.921
1995-07-04,321.8
1995-07-05,321.675
1995-07-06,321.54
1995-07-07,321.455
1995-07-08,321.334
1995-07-09,321.2
1995-07-10,321.077
1995-07-11,320.964
1995-07-12,320.8
1995-07-13,320.67
1995-07-14,320.549
1995-07-15,320.406
1995-07-16,320.272
1995-07-17,320.126
1995-07-18,319.997
1995-07-19,319.848
1995-07-20,319.734
1995-07-21,319.601
1995-07-22,319.454
1995-07-23,319.3
1995-07-24,319.109
1995-07-25,318.917
1995-07-26,318.759
1995-07-27,318.609
1995-07-28,318.443
1995-07-29,318.317
1995-07-30,318.205
1995-07-31,318.027
1995-08-01,317.828
1995-08-02,317.652
1995-08-03,317.488
1995-08-04,317.318
1995-08-05,317.153
1995-08-06,317.011
1995-08-07,316.854
1995-08-08,316.648
1995-08-09,316.479
1995-08-10,316.329
1995-08-11,316.187
1995-08-12,316.041
1995-08-13,315.878
1995-08-14,315.694
1995-08-15,315.532
1995-08-16,315.408
1995-08-17,315.278
1995-08-18,315.123
1995-08-19,314.939
1995-08-20,314.754
1995-08-21,314.575
1995-08-22,314.415
1995-08-23,314.22
1995-08-24,314.023
1995-08-25,313.861
1995-08-26,313.697
1995-08-27,313.533
1995-08-28,313.412
1995-08-29,313.281
1995-08-30,313.145
1995-08-31,312.999
1995-09-01,312.831
1995-09-02,312.678
1995-09-03,312.524
1995-09-04,312.372
1995-09-05,312.262
1995-09-06,312.139
1995-09-07,312.013
1995-09-08,311.911
1995-09-09,311.789
1995-09-10,311.665
1995-09-11,311.562
1995-09-12,311.418
1995-09-13,311.299
1995-09-14,311.134
1995-09-15,311.002
1995-09-16,310.879
1995-09-17,310.752
1995-09-18,310.65
1995-09-19,310.538
1995-09-20,310.418
1995-09-21,310.305
1995-09-22,310.184
1995-09-23,310.086
1995-09-24,309.991
1995-09-25,309.92
1995-09-26,309.839
1995-09-27,309.762
1995-09-28,309.677
1995-09-29,309.614
1995-09-30,309.545
1995-10-01,309.476
1995-10-02,309.401
1995-10-03,309.354
1995-10-04,309.313
1995-10-05,309.295
1995-10-06,309.29
1995-10-07,309.261
1995-10-08,309.251
1995-10-09,309.243
1995-10-10,309.213
1995-10-11,309.198
1995-10-12,309.198
1995-10-13,309.191
1995-10-14,309.188
1995-10-15,309.188
1995-10-16,309.188
1995-10-17,309.201
1995-10-18,309.188
1995-10-19,309.16
1995-10-20,309.161
1995-10-21,309.178
1995-10-22,309.167
1995-10-23,309.151
1995-10-24,309.136
1995-10-25,309.09
1995-10-26,309.057
1995-10-27,309.011
1995-10-28,308.968
1995-10-29,308.944
1995-10-30,308.94
1995-10-31,308.898
1995-11-01,308.853
1995-11-02,308.833
1995-11-03,308.829
1995-11-04,308.775
1995-11-05,308.744
1995-11-06,308.735
1995-11-07,308.698
1995-11-08,308.652
1995-11-09,308.638
1995-11-10,308.627
1995-11-11,308.58
1995-11-12,308.525
1995-11-13,308.496
1995-11-14,308.463
1995-11-15,308.458
1995-11-16,308.443
1995-11-17,308.415
1995-11-18,308.371
1995-11-19,308.338
1995-11-20,308.308
1995-11-21,308.271
1995-11-22,308.224
1995-11-23,308.19
1995-11-24,308.162
1995-11-25,308.115
1995-11-26,308.068
1995-11-27,308.036
1995-11-28,308.008
1995-11-29,307.957
1995-11-30,307.908
1995-12-01,307.885
1995-12-02,307.861
1995-12-03,307.827
1995-12-04,307.821
1995-12-05,307.823
1995-12-06,307.828
1995-12-07,307.81
1995-12-08,307.775
1995-12-09,307.741
1995-12-10,307.735
1995-12-11,307.826
1995-12-12,308.236
1995-12-13,308.821
1995-12-14,309.198
1995-12-15,309.593
1995-12-16,310.007
1995-12-17,310.241
1995-12-18,310.333
1995-12-19,310.375
1995-12-20,310.429
1995-12-21,310.509
1995-12-22,310.52
1995-12-23,310.52
1995-12-24,310.529
1995-12-25,310.53
1995-12-26,310.524
1995-12-27,310.503
1995-12-28,310.503
1995-12-29,310.544
1995-12-30,310.587
1995-12-31,310.631
1996-01-01,310.68
1996-01-02,310.719
1996-01-03,310.744
1996-01-04,310.757
1996-01-05,310.781
1996-01-06,310.796
1996-01-07,310.819
1996-01-08,310.847
1996-01-09,310.873
1996-01-10,310.928
1996-01-11,310.98
1996-01-12,311.031
1996-01-13,311.08
1996-01-14,311.097
1996-01-15,311.137
1996-01-16,311.297
1996-01-17,311.608
1996-01-18,311.901
1996-01-19,312.073
1996-01-20,312.291
1996-01-21,312.579
1996-01-22,312.809
1996-01-23,312.979
1996-01-24,313.183
1996-01-25,313.424
1996-01-26,313.625
1996-01-27,313.805
1996-01-28,313.869
1996-01-29,313.865
1996-01-30,313.774
1996-01-31,313.727
1996-02-01,313.78
1996-02-02,313.879
1996-02-03,313.982
1996-02-04,314.28
1996-02-05,315.067
1996-02-06,315.962
1996-02-07,316.564
1996-02-08,317.022
1996-02-09,317.363
1996-02-10,317.694
1996-02-11,317.782
1996-02-12,317.788
1996-02-13,317.722
1996-02-14,317.42
1996-02-15,317.038
1996-02-16,316.673
1996-02-17,316.727
1996-02-18,317.229
1996-02-19,317.915
1996-02-20,318.592
1996-02-21,319.382
1996-02-22,319.885
1996-02-23,320.426
1996-02-24,320.036
1996-02-25,319.471
1996-02-26,318.842
1996-02-27,318.131
1996-02-28,317.533
1996-02-29,317.09
1996-03-01,316.845
1996-03-02,316.485
1996-03-03,316.126
1996-03-04,316.015
1996-03-05,316.025
1996-03-06,316.105
1996-03-07,316.204
1996-03-08,316.192
1996-03-09,316.164
1996-03-10,316.141
1996-03-11,316.25
1996-03-12,316.464
1996-03-13,316.658
1996-03-14,316.758
1996-03-15,316.81
1996-03-16,316.872
1996-03-17,316.909
1996-03-18,317.034
1996-03-19,317.124
1996-03-20,317.223
1996-03-21,317.347
1996-03-22,317.461
1996-03-23,317.578
1996-03-24,317.744
1996-03-25,317.882
1996-03-26,317.983
1996-03-27,318.119
1996-03-28,318.251
1996-03-29,318.372
1996-03-30,318.485
1996-03-31,318.61
1996-04-01,318.784
1996-04-02,319.015
1996-04-03,319.243
1996-04-04,319.445
1996-04-05,319.626
1996-04-06,319.789
1996-04-07,319.928
1996-04-08,320.068
1996-04-09,320.217
1996-04-10,320.377
1996-04-11,320.503
1996-04-12,320.608
1996-04-13,320.725
1996-04-14,320.833
1996-04-15,320.955
1996-04-16,321.091
1996-04-17,321.256
1996-04-18,321.424
1996-04-19,321.59
1996-04-20,321.758
1996-04-21,321.927
1996-04-22,322.088
1996-04-23,322.236
1996-04-24,322.427
1996-04-25,322.636
1996-04-26,322.8
1996-04-27,322.942
1996-04-28,323.065
1996-04-29,323.17
1996-04-30,323.262
1996-05-01,323.352
1996-05-02,323.401
1996-05-03,323.448
1996-05-04,323.512
1996-05-05,323.565
1996-05-06,323.619
1996-05-07,323.672
1996-05-08,323.728
1996-05-09,323.777
1996-05-10,323.803
1996-05-11,323.798
1996-05-12,323.769
1996-05-13,323.753
1996-05-14,323.729
1996-05-15,323.707
1996-05-16,323.791
1996-05-17,324.156
1996-05-18,324.812
1996-05-19,325.39
1996-05-20,325.548
1996-05-21,325.644
1996-05-22,325.717
1996-05-23,325.694
1996-05-24,325.688
1996-05-25,325.706
1996-05-26,325.683
1996-05-27,325.685
1996-05-28,325.731
1996-05-29,325.742
1996-05-30,325.682
1996-05-31,325.603
1996-06-01,325.537
1996-06-02,325.462
1996-06-03,325.39
1996-06-04,325.274
1996-06-05,325.167
1996-06-06,325.055
1996-06-07,324.931
1996-06-08,324.772
1996-06-09,324.654
1996-06-10,324.503
1996-06-11,324.391
1996-06-12,324.29
1996-06-13,324.16
1996-06-14,324.034
1996-06-15,323.912
1996-06-16,323.8
1996-06-17,323.661
1996-06-18,323.539
1996-06-19,323.394
1996-06-20,323.308
1996-06-21,323.219
1996-06-22,323.118
1996-06-23,322.994
1996-06-24,322.889
1996-06-25,322.78
1996-06-26,322.731
1996-06-27,322.656
1996-06-28,322.558
1996-06-29,322.476
1996-06-30,322.38
1996-07-01,322.234
1996-07-02,322.114
1996-07-03,321.985
1996-07-04,321.837
1996-07-05,321.709
1996-07-06,321.583
1996-07-07,321.445
1996-07-08,321.286
1996-07-09,321.144
1996-07-10,321.01
1996-07-11,320.872
1996-07-12,320.69
1996-07-13,320.523
1996-07-14,320.356
1996-07-15,320.199
1996-07-16,320.081
1996-07-17,319.967
1996-07-18,319.848
1996-07-19,319.72
1996-07-20,319.577
1996-07-21,319.437
1996-07-22,319.27
1996-07-23,319.133
1996-07-24,318.979
1996-07-25,318.793
1996-07-26,318.643
1996-07-27,318.502
1996-07-28,318.325
1996-07-29,318.154
1996-07-30,317.981
1996-07-31,317.797
1996-08-01,317.611
1996-08-02,317.436
1996-08-03,317.271
1996-08-04,317.137
1996-08-05,317.003
1996-08-06,316.848
1996-08-07,316.639
1996-08-08,316.44
1996-08-09,316.233
1996-08-10,316.049
1996-08-11,315.818
1996-08-12,315.631
1996-08-13,315.436
1996-08-14,315.236
1996-08-15,315.046
1996-08-16,314.851
1996-08-17,314.654
1996-08-18,314.508
1996-08-19,314.367
1996-08-20,314.175
1996-08-21,313.98
1996-08-22,313.79
1996-08-23,313.622
1996-08-24,313.431
1996-08-25,313.215
1996-08-26,313.038
1996-08-27,312.857
1996-08-28,312.67
1996-08-29,312.522
1996-08-30,312.406
1996-08-31,312.283
1996-09-01,312.118
1996-09-02,311.959
1996-09-03,311.846
1996-09-04,311.743
1996-09-05,311.648
1996-09-06,311.569
1996-09-07,311.445
1996-09-08,311.339
1996-09-09,311.243
1996-09-10,311.144
1996-09-11,311.061
1996-09-12,310.992
1996-09-13,310.916
1996-09-14,310.825
1996-09-15,310.72
1996-09-16,310.649
1996-09-17,310.574
1996-09-18,310.482
1996-09-19,310.399
1996-09-20,310.33
1996-09-21,310.254
1996-09-22,310.144
1996-09-23,310.06
1996-09-24,309.988
1996-09-25,309.909
1996-09-26,309.837
1996-09-27,309.774
1996-09-28,309.719
1996-09-29,309.656
1996-09-30,309.621
1996-10-01,309.6
1996-10-02,309.589
1996-10-03,309.558
1996-10-04,309.532
1996-10-05,309.538
1996-10-06,309.508
1996-10-07,309.482
1996-10-08,309.453
1996-10-09,309.427
1996-10-10,309.437
1996-10-11,309.457
1996-10-12,309.455
1996-10-13,309.447
1996-10-14,309.428
1996-10-15,309.427
1996-10-16,309.442
1996-10-17,309.453
1996-10-18,309.454
1996-10-19,309.441
1996-10-20,309.411
1996-10-21,309.379
1996-10-22,309.374
1996-10-23,309.378
1996-10-24,309.361
1996-10-25,309.34
1996-10-26,309.328
1996-10-27,309.332
1996-10-28,309.32
1996-10-29,309.335
1996-10-30,309.365
1996-10-31,309.37
1996-11-01,309.347
1996-11-02,309.29
1996-11-03,309.27
1996-11-04,309.228
1996-11-05,309.208
1996-11-06,309.184
1996-11-07,309.157
1996-11-08,309.146
1996-11-09,309.124
1996-11-10,309.097
1996-11-11,309.112
1996-11-12,309.071
1996-11-13,309.031
1996-11-14,308.999
1996-11-15,308.958
1996-11-16,308.932
1996-11-17,308.957
1996-11-18,309.109
1996-11-19,309.413
1996-11-20,309.733
1996-11-21,309.984
1996-11-22,310.178
1996-11-23,310.368
1996-11-24,310.472
1996-11-25,310.526
1996-11-26,310.56
1996-11-27,310.569
1996-11-28,310.578
1996-11-29,310.596
1996-11-30,310.607
1996-12-01,310.629
1996-12-02,310.634
1996-12-03,310.637
1996-12-04,310.719
1996-12-05,310.794
1996-12-06,310.817
1996-12-07,310.995
1996-12-08,311.394
1996-12-09,312.345
1996-12-10,313.673
1996-12-11,314.388
1996-12-12,314.52
1996-12-13,314.476
1996-12-14,314.412
1996-12-15,314.135
1996-12-16,313.914
1996-12-17,313.728
1996-12-18,313.538
1996-12-19,313.366
1996-12-20,313.204
1996-12-21,313.045
1996-12-22,312.841
1996-12-23,312.675
1996-12-24,312.534
1996-12-25,312.441
1996-12-26,312.42
1996-12-27,312.51
1996-12-28,312.749
1996-12-29,313.581
1996-12-30,314.857
1996-12-31,317.048
1997-01-01,320.832
1997-01-02,324.175
1997-01-03,325.253
1997-01-04,325.266
1997-01-05,324.895
1997-01-06,324.552
1997-01-07,324.363
1997-01-08,324.002
1997-01-09,323.495
1997-01-10,322.937
1997-01-11,322.227
1997-01-12,321.506
1997-01-13,320.682
1997-01-14,319.823
1997-01-15,318.914
1997-01-16,318.068
1997-01-17,317.351
1997-01-18,316.871
1997-01-19,316.374
1997-01-20,315.889
1997-01-21,315.627
1997-01-22,315.331
1997-01-23,314.91
1997-01-24,314.478
1997-01-25,314.012
1997-01-26,314.248
1997-01-27,314.895
1997-01-28,315.337
1997-01-29,315.52
1997-01-30,315.443
1997-01-31,315.244
1997-02-01,315.032
1997-02-02,314.867
1997-02-03,314.832
1997-02-04,314.848
1997-02-05,314.783
1997-02-06,314.59
1997-02-07,314.418
1997-02-08,314.19
1997-02-09,314.042
1997-02-10,313.945
1997-02-11,313.859
1997-02-12,313.825
1997-02-13,313.858
1997-02-14,313.924
1997-02-15,314.044
1997-02-16,314.164
1997-02-17,314.288
1997-02-18,314.43
1997-02-19,314.593
1997-02-20,314.772
1997-02-21,314.935
1997-02-22,315.074
1997-02-23,315.184
1997-02-24,315.292
1997-02-25,315.393
1997-02-26,315.519
1997-02-27,315.634
1997-02-28,315.737
1997-03-01,315.84
1997-03-02,315.957
1997-03-03,316.078
1997-03-04,316.185
1997-03-05,316.303
1997-03-06,316.399
1997-03-07,316.478
1997-03-08,316.547
1997-03-09,316.624
1997-03-10,316.701
1997-03-11,316.781
1997-03-12,316.863
1997-03-13,316.928
1997-03-14,316.991
1997-03-15,317.051
1997-03-16,317.129
1997-03-17,317.231
1997-03-18,317.347
1997-03-19,317.447
1997-03-20,317.544
1997-03-21,317.649
1997-03-22,317.746
1997-03-23,317.826
1997-03-24,317.893
1997-03-25,317.97
1997-03-26,318.052
1997-03-27,318.117
1997-03-28,318.181
1997-03-29,318.25
1997-03-30,318.308
1997-03-31,318.356
1997-04-01,318.417
1997-04-02,318.473
1997-04-03,318.517
1997-04-04,318.578
1997-04-05,318.631
1997-04-06,318.679
1997-04-07,318.705
1997-04-08,318.75
1997-04-09,318.785
1997-04-10,318.815
1997-04-11,318.829
1997-04-12,318.849
1997-04-13,318.896
1997-04-14,318.916
1997-04-15,318.908
1997-04-16,318.91
1997-04-17,318.913
1997-04-18,318.961
1997-04-19,319.034
1997-04-20,319.137
1997-04-21,319.274
1997-04-22,319.401
1997-04-23,319.538
1997-04-24,319.638
1997-04-25,319.721
1997-04-26,319.798
1997-04-27,319.834
1997-04-28,319.898
1997-04-29,319.94
1997-04-30,319.94
1997-05-01,319.973
1997-05-02,320.01
1997-05-03,320.035
1997-05-04,320.063
1997-05-05,320.101
1997-05-06,320.123
1997-05-07,320.123
1997-05-08,320.091
1997-05-09,320.069
1997-05-10,320.058
1997-05-11,320.032
1997-05-12,319.989
1997-05-13,319.951
1997-05-14,319.904
1997-05-15,319.857
1997-05-16,319.813
1997-05-17,319.756
1997-05-18,319.702
1997-05-19,319.662
1997-05-20,319.619
1997-05-21,319.564
1997-05-22,319.494
1997-05-23,319.454
1997-05-24,319.446
1997-05-25,319.366
1997-05-26,319.265
1997-05-27,319.172
1997-05-28,319.086
1997-05-29,319.024
1997-05-30,318.991
1997-05-31,318.944
1997-06-01,318.905
1997-06-02,318.832
1997-06-03,318.772
1997-06-04,318.741
1997-06-05,318.725
1997-06-06,318.674
1997-06-07,318.614
1997-06-08,318.56
1997-06-09,318.471
1997-06-10,318.377
1997-06-11,318.292
1997-06-12,318.184
1997-06-13,318.057
1997-06-14,317.917
1997-06-15,317.744
1997-06-16,317.537
1997-06-17,317.372
1997-06-18,317.204
1997-06-19,317.019
1997-06-20,316.841
1997-06-21,316.686
1997-06-22,316.517
1997-06-23,316.316
1997-06-24,316.121
1997-06-25,315.952
1997-06-26,315.766
1997-06-27,315.595
1997-06-28,315.369
1997-06-29,315.161
1997-06-30,315.019
1997-07-01,314.838
1997-07-02,314.637
1997-07-03,314.452
1997-07-04,314.262
1997-07-05,314.051
1997-07-06,313.852
1997-07-07,313.67
1997-07-08,313.509
1997-07-09,313.315
1997-07-10,313.098
1997-07-11,312.889
1997-07-12,312.691
1997-07-13,312.474
1997-07-14,312.262
1997-07-15,312.051
1997-07-16,311.829
1997-07-17,311.604
1997-07-18,311.397
1997-07-19,311.181
1997-07-20,310.968
1997-07-21,310.761
1997-07-22,310.554
1997-07-23,310.32
1997-07-24,310.084
1997-07-25,309.853
1997-07-26,309.635
1997-07-27,309.414
1997-07-28,309.227
1997-07-29,309.022
1997-07-30,308.837
1997-07-31,308.646
1997-08-01,308.436
1997-08-02,308.215
1997-08-03,308.001
1997-08-04,307.745
1997-08-05,307.493
1997-08-06,307.252
1997-08-07,307.023
1997-08-08,306.792
1997-08-09,306.566
1997-08-10,306.362
1997-08-11,306.155
1997-08-12,305.944
1997-08-13,305.71
1997-08-14,305.504
1997-08-15,305.314
1997-08-16,305.126
1997-08-17,304.937
1997-08-18,304.767
1997-08-19,304.617
1997-08-20,304.483
1997-08-21,304.346
1997-08-22,304.206
1997-08-23,304.075
1997-08-24,303.928
1997-08-25,303.801
1997-08-26,303.673
1997-08-27,303.56
1997-08-28,303.447
1997-08-29,303.345
1997-08-30,303.239
1997-08-31,303.126
1997-09-01,303.004
1997-09-02,302.834
1997-09-03,302.707
1997-09-04,302.578
1997-09-05,302.407
1997-09-06,302.175
1997-09-07,301.928
1997-09-08,301.752
1997-09-09,301.654
1997-09-10,301.543
1997-09-11,301.405
1997-09-12,301.246
1997-09-13,301.137
1997-09-14,301.027
1997-09-15,300.945
1997-09-16,300.866
1997-09-17,300.748
1997-09-18,300.656
1997-09-19,300.563
1997-09-20,300.46
1997-09-21,300.354
1997-09-22,300.26
1997-09-23,300.176
1997-09-24,300.092
1997-09-25,299.985
1997-09-26,299.878
1997-09-27,299.769
1997-09-28,299.672
1997-09-29,299.544
1997-09-30,299.403
1997-10-01,299.313
1997-10-02,299.235
1997-10-03,299.172
1997-10-04,299.113
1997-10-05,299.051
1997-10-06,299.022
1997-10-07,298.99
1997-10-08,298.967
1997-10-09,298.959
1997-10-10,299.001
1997-10-11,299
1997-10-12,298.962
1997-10-13,298.968
1997-10-14,298.963
1997-10-15,298.949
1997-10-16,298.936
1997-10-17,298.96
1997-10-18,298.975
1997-10-19,298.985
1997-10-20,299.025
1997-10-21,299.064
1997-10-22,299.082
1997-10-23,299.069
1997-10-24,299.081
1997-10-25,299.089
1997-10-26,299.101
1997-10-27,299.114
1997-10-28,299.137
1997-10-29,299.138
1997-10-30,299.127
1997-10-31,299.112
1997-11-01,299.133
1997-11-02,299.171
1997-11-03,299.219
1997-11-04,299.245
1997-11-05,299.257
1997-11-06,299.282
1997-11-07,299.307
1997-11-08,299.348
1997-11-09,299.344
1997-11-10,299.33
1997-11-11,299.357
1997-11-12,299.369
1997-11-13,299.411
1997-11-14,299.446
1997-11-15,299.508
1997-11-16,299.661
1997-11-17,299.842
1997-11-18,299.931
1997-11-19,300.121
1997-11-20,300.397
1997-11-21,300.53
1997-11-22,300.568
1997-11-23,300.657
1997-11-24,300.772
1997-11-25,301.011
1997-11-26,301.338
1997-11-27,301.643
1997-11-28,301.869
1997-11-29,302.026
1997-11-30,302.171
1997-12-01,302.275
1997-12-02,302.39
1997-12-03,302.536
1997-12-04,302.639
1997-12-05,302.728
1997-12-06,302.797
1997-12-07,302.957
1997-12-08,303.213
1997-12-09,303.389
1997-12-10,303.529
1997-12-11,303.614
1997-12-12,303.681
1997-12-13,303.789
1997-12-14,303.895
1997-12-15,304.008
1997-12-16,304.073
1997-12-17,304.179
1997-12-18,304.293
1997-12-19,304.38
1997-12-20,304.483
1997-12-21,304.557
1997-12-22,304.64
1997-12-23,304.69
1997-12-24,304.759
1997-12-25,304.795
1997-12-26,304.824
1997-12-27,304.867
1997-12-28,304.885
1997-12-29,304.937
1997-12-30,304.97
1997-12-31,305.006
1998-01-01,305.056
1998-01-02,305.193
1998-01-03,305.529
1998-01-04,305.992
1998-01-05,306.368
1998-01-06,306.642
1998-01-07,306.882
1998-01-08,307.072
1998-01-09,307.234
1998-01-10,307.373
1998-01-11,307.678
1998-01-12,308.402
1998-01-13,309.236
1998-01-14,310.033
1998-01-15,310.927
1998-01-16,311.79
1998-01-17,312.549
1998-01-18,313.467
1998-01-19,314.368
1998-01-20,315.004
1998-01-21,315.368
1998-01-22,315.278
1998-01-23,314.99
1998-01-24,314.596
1998-01-25,314.2
1998-01-26,314.045
1998-01-27,314.097
1998-01-28,314.131
1998-01-29,314.136
1998-01-30,314.2
1998-01-31,314.025
1998-02-01,314.055
1998-02-02,314.59
1998-02-03,315.84
1998-02-04,316.999
1998-02-05,317.267
1998-02-06,318.335
1998-02-07,319.597
1998-02-08,320.597
1998-02-09,320.901
1998-02-10,320.516
1998-02-11,320.127
1998-02-12,319.789
1998-02-13,319.525
1998-02-14,319.299
1998-02-15,319.295
1998-02-16,319.028
1998-02-17,318.546
1998-02-18,318.019
1998-02-19,317.664
1998-02-20,318.132
1998-02-21,318.26
1998-02-22,318.744
1998-02-23,318.461
1998-02-24,318.554
1998-02-25,318.177
1998-02-26,317.59
1998-02-27,316.955
1998-02-28,316.48
1998-03-01,315.866
1998-03-02,315.242
1998-03-03,314.741
1998-03-04,314.357
1998-03-05,313.992
1998-03-06,313.719
1998-03-07,313.497
1998-03-08,313.335
1998-03-09,313.235
1998-03-10,313.211
1998-03-11,313.143
1998-03-12,313.117
1998-03-13,313.191
1998-03-14,313.375
1998-03-15,313.624
1998-03-16,313.897
1998-03-17,314.236
1998-03-18,314.557
1998-03-19,314.87
1998-03-20,315.077
1998-03-21,315.002
1998-03-22,314.986
1998-03-23,315.753
1998-03-24,316.931
1998-03-25,317.244
1998-03-26,317.172
1998-03-27,316.873
1998-03-28,316.497
1998-03-29,316.258
1998-03-30,316.002
1998-03-31,315.89
1998-04-01,315.678
1998-04-02,315.486
1998-04-03,315.423
1998-04-04,315.393
1998-04-05,315.514
1998-04-06,315.617
1998-04-07,315.777
1998-04-08,315.939
1998-04-09,316.188
1998-04-10,316.466
1998-04-11,316.775
1998-04-12,317.137
1998-04-13,317.511
1998-04-14,317.881
1998-04-15,318.225
1998-04-16,318.551
1998-04-17,318.839
1998-04-18,319.123
1998-04-19,319.309
1998-04-20,319.427
1998-04-21,319.62
1998-04-22,319.789
1998-04-23,319.962
1998-04-24,320.156
1998-04-25,320.366
1998-04-26,320.558
1998-04-27,320.751
1998-04-28,320.938
1998-04-29,321.126
1998-04-30,321.3
1998-05-01,321.488
1998-05-02,321.7
1998-05-03,321.891
1998-05-04,322.067
1998-05-05,322.239
1998-05-06,322.409
1998-05-07,322.615
1998-05-08,322.84
1998-05-09,323.088
1998-05-10,323.329
1998-05-11,323.587
1998-05-12,323.833
1998-05-13,323.999
1998-05-14,324.161
1998-05-15,324.312
1998-05-16,324.479
1998-05-17,324.698
1998-05-18,324.859
1998-05-19,324.997
1998-05-20,325.09
1998-05-21,325.155
1998-05-22,325.201
1998-05-23,325.209
1998-05-24,325.164
1998-05-25,325.161
1998-05-26,325.198
1998-05-27,325.213
1998-05-28,325.291
1998-05-29,325.253
1998-05-30,325.377
1998-05-31,325.534
1998-06-01,325.614
1998-06-02,325.641
1998-06-03,325.68
1998-06-04,325.667
1998-06-05,325.625
1998-06-06,325.581
1998-06-07,325.589
1998-06-08,325.55
1998-06-09,325.597
1998-06-10,325.637
1998-06-11,325.713
1998-06-12,325.875
1998-06-13,325.97
1998-06-14,326.036
1998-06-15,326.155
1998-06-16,326.249
1998-06-17,326.3
1998-06-18,326.317
1998-06-19,326.306
1998-06-20,326.308
1998-06-21,326.29
1998-06-22,326.241
1998-06-23,326.204
1998-06-24,326.173
1998-06-25,326.138
1998-06-26,326.092
1998-06-27,326.074
1998-06-28,326.032
1998-06-29,325.947
1998-06-30,325.876
1998-07-01,325.824
1998-07-02,325.77
1998-07-03,325.683
1998-07-04,325.609
1998-07-05,325.554
1998-07-06,325.478
1998-07-07,325.379
1998-07-08,325.281
1998-07-09,325.174
1998-07-10,325.095
1998-07-11,324.99
1998-07-12,324.902
1998-07-13,324.807
1998-07-14,324.709
1998-07-15,324.624
1998-07-16,324.506
1998-07-17,324.397
1998-07-18,324.28
1998-07-19,324.156
1998-07-20,324.046
1998-07-21,323.925
1998-07-22,323.799
1998-07-23,323.682
1998-07-24,323.551
1998-07-25,323.42
1998-07-26,323.286
1998-07-27,323.149
1998-07-28,322.998
1998-07-29,322.867
1998-07-30,322.736
1998-07-31,322.583
1998-08-01,322.43
1998-08-02,322.286
1998-08-03,322.161
1998-08-04,322.065
1998-08-05,321.929
1998-08-06,321.759
1998-08-07,321.618
1998-08-08,321.471
1998-08-09,321.332
1998-08-10,321.186
1998-08-11,321.029
1998-08-12,320.875
1998-08-13,320.721
1998-08-14,320.565
1998-08-15,320.411
1998-08-16,320.256
1998-08-17,320.058
1998-08-18,319.896
1998-08-19,319.734
1998-08-20,319.578
1998-08-21,319.434
1998-08-22,319.282
1998-08-23,319.107
1998-08-24,318.945
1998-08-25,318.785
1998-08-26,318.644
1998-08-27,318.489
1998-08-28,318.356
1998-08-29,318.221
1998-08-30,318.052
1998-08-31,317.887
1998-09-01,317.727
1998-09-02,317.589
1998-09-03,317.449
1998-09-04,317.309
1998-09-05,317.152
1998-09-06,317.004
1998-09-07,316.867
1998-09-08,316.717
1998-09-09,316.584
1998-09-10,316.468
1998-09-11,316.361
1998-09-12,316.235
1998-09-13,316.117
1998-09-14,315.987
1998-09-15,315.863
1998-09-16,315.754
1998-09-17,315.645
1998-09-18,315.535
1998-09-19,315.43
1998-09-20,315.337
1998-09-21,315.242
1998-09-22,315.164
1998-09-23,315.081
1998-09-24,314.999
1998-09-25,314.924
1998-09-26,314.832
1998-09-27,314.742
1998-09-28,314.654
1998-09-29,314.593
1998-09-30,314.554
1998-10-01,314.548
1998-10-02,314.503
1998-10-03,314.383
1998-10-04,314.293
1998-10-05,314.258
1998-10-06,314.238
1998-10-07,314.19
1998-10-08,314.193
1998-10-09,314.183
1998-10-10,314.021
1998-10-11,313.964
1998-10-12,313.947
1998-10-13,313.911
1998-10-14,313.872
1998-10-15,313.893
1998-10-16,313.899
1998-10-17,313.909
1998-10-18,313.925
1998-10-19,313.915
1998-10-20,313.904
1998-10-21,313.899
1998-10-22,313.874
1998-10-23,313.876
1998-10-24,313.888
1998-10-25,313.922
1998-10-26,313.907
1998-10-27,313.941
1998-10-28,313.932
1998-10-29,313.896
1998-10-30,313.88
1998-10-31,313.886
1998-11-01,313.922
1998-11-02,313.914
1998-11-03,313.885
1998-11-04,313.895
1998-11-05,313.867
1998-11-06,313.932
1998-11-07,314.057
1998-11-08,314.094
1998-11-09,314.078
1998-11-10,314.087
1998-11-11,314.116
1998-11-12,314.108
1998-11-13,314.06
1998-11-14,313.987
1998-11-15,313.893
1998-11-16,313.808
1998-11-17,313.743
1998-11-18,313.634
1998-11-19,313.49
1998-11-20,313.342
1998-11-21,313.254
1998-11-22,313.21
1998-11-23,313.357
1998-11-24,313.601
1998-11-25,313.673
1998-11-26,313.744
1998-11-27,313.809
1998-11-28,313.811
1998-11-29,313.847
1998-11-30,314.221
1998-12-01,314.764
1998-12-02,315.144
1998-12-03,315.5
1998-12-04,315.813
1998-12-05,315.867
1998-12-06,315.541
1998-12-07,315.292
1998-12-08,314.945
1998-12-09,314.599
1998-12-10,314.272
1998-12-11,313.944
1998-12-12,313.62
1998-12-13,313.293
1998-12-14,313.037
1998-12-15,312.848
1998-12-16,312.704
1998-12-17,312.56
1998-12-18,312.416
1998-12-19,312.291
1998-12-20,312.184
1998-12-21,312.104
1998-12-22,312.037
1998-12-23,312.021
1998-12-24,312.024
1998-12-25,312.04
1998-12-26,312.068
1998-12-27,312.085
1998-12-28,312.105
1998-12-29,312.117
1998-12-30,312.146
1998-12-31,312.179
1999-01-01,312.22
1999-01-02,312.327
1999-01-03,312.436
1999-01-04,312.524
1999-01-05,312.609
1999-01-06,312.67
1999-01-07,312.704
1999-01-08,312.728
1999-01-09,312.766
1999-01-10,312.789
1999-01-11,312.807
1999-01-12,312.848
1999-01-13,312.881
1999-01-14,312.899
1999-01-15,312.933
1999-01-16,312.975
1999-01-17,313.099
1999-01-18,313.402
1999-01-19,313.835
1999-01-20,314.311
1999-01-21,314.726
1999-01-22,314.962
1999-01-23,315.263
1999-01-24,315.544
1999-01-25,315.666
1999-01-26,315.732
1999-01-27,315.787
1999-01-28,315.82
1999-01-29,315.861
1999-01-30,315.928
1999-01-31,316.005
1999-02-01,316.086
1999-02-02,316.135
1999-02-03,316.168
1999-02-04,316.212
1999-02-05,316.189
1999-02-06,316.182
1999-02-07,316.568
1999-02-08,317.078
1999-02-09,317.591
1999-02-10,318.084
1999-02-11,318.33
1999-02-12,318.412
1999-02-13,318.383
1999-02-14,318.306
1999-02-15,318.2
1999-02-16,317.984
1999-02-17,317.83
1999-02-18,317.658
1999-02-19,317.459
1999-02-20,317.343
1999-02-21,317.28
1999-02-22,317.22
1999-02-23,317.268
1999-02-24,317.303
1999-02-25,317.447
1999-02-26,317.644
1999-02-27,317.609
1999-02-28,317.632
1999-03-01,317.744
1999-03-02,317.836
1999-03-03,317.83
1999-03-04,317.847
1999-03-05,317.776
1999-03-06,317.661
1999-03-07,317.424
1999-03-08,317.212
1999-03-09,317.002
1999-03-10,316.789
1999-03-11,316.547
1999-03-12,316.246
1999-03-13,316.022
1999-03-14,315.88
1999-03-15,315.776
1999-03-16,315.763
1999-03-17,315.791
1999-03-18,315.823
1999-03-19,315.876
1999-03-20,315.953
1999-03-21,316.072
1999-03-22,316.239
1999-03-23,316.408
1999-03-24,316.709
1999-03-25,317.157
1999-03-26,317.621
1999-03-27,317.994
1999-03-28,318.305
1999-03-29,318.57
1999-03-30,318.833
1999-03-31,319.077
1999-04-01,319.301
1999-04-02,319.498
1999-04-03,319.679
1999-04-04,319.813
1999-04-05,319.967
1999-04-06,320.123
1999-04-07,320.266
1999-04-08,320.46
1999-04-09,320.676
1999-04-10,320.896
1999-04-11,321.056
1999-04-12,321.223
1999-04-13,321.38
1999-04-14,321.486
1999-04-15,321.605
1999-04-16,321.714
1999-04-17,321.825
1999-04-18,321.951
1999-04-19,322.107
1999-04-20,322.244
1999-04-21,322.417
1999-04-22,322.583
1999-04-23,322.727
1999-04-24,322.863
1999-04-25,323
1999-04-26,323.141
1999-04-27,323.267
1999-04-28,323.39
1999-04-29,323.478
1999-04-30,323.558
1999-05-01,323.623
1999-05-02,323.696
1999-05-03,323.776
1999-05-04,323.847
1999-05-05,323.919
1999-05-06,323.982
1999-05-07,324.031
1999-05-08,324.067
1999-05-09,324.101
1999-05-10,324.113
1999-05-11,324.122
1999-05-12,324.119
1999-05-13,324.105
1999-05-14,324.094
1999-05-15,324.086
1999-05-16,324.087
1999-05-17,324.093
1999-05-18,324.094
1999-05-19,324.124
1999-05-20,324.151
1999-05-21,324.177
1999-05-22,324.167
1999-05-23,324.142
1999-05-24,324.136
1999-05-25,324.161
1999-05-26,324.176
1999-05-27,324.185
1999-05-28,324.181
1999-05-29,324.194
1999-05-30,324.184
1999-05-31,324.151
1999-06-01,324.14
1999-06-02,324.127
1999-06-03,324.106
1999-06-04,324.083
1999-06-05,324.055
1999-06-06,324.036
1999-06-07,324.025
1999-06-08,324.003
1999-06-09,323.983
1999-06-10,323.953
1999-06-11,323.921
1999-06-12,323.885
1999-06-13,323.847
1999-06-14,323.801
1999-06-15,323.751
1999-06-16,323.69
1999-06-17,323.625
1999-06-18,323.568
1999-06-19,323.483
1999-06-20,323.421
1999-06-21,323.334
1999-06-22,323.232
1999-06-23,323.135
1999-06-24,323.023
1999-06-25,322.904
1999-06-26,322.793
1999-06-27,322.683
1999-06-28,322.538
1999-06-29,322.397
1999-06-30,322.266
1999-07-01,322.161
1999-07-02,322.046
1999-07-03,321.913
1999-07-04,321.78
1999-07-05,321.648
1999-07-06,321.525
1999-07-07,321.4
1999-07-08,321.251
1999-07-09,321.121
1999-07-10,320.992
1999-07-11,320.854
1999-07-12,320.725
1999-07-13,320.577
1999-07-14,320.419
1999-07-15,320.3
1999-07-16,320.162
1999-07-17,320.005
1999-07-18,319.864
1999-07-19,319.704
1999-07-20,319.568
1999-07-21,319.425
1999-07-22,319.283
1999-07-23,319.139
1999-07-24,319.006
1999-07-25,318.864
1999-07-26,318.727
1999-07-27,318.581
1999-07-28,318.435
1999-07-29,318.278
1999-07-30,318.106
1999-07-31,317.965
1999-08-01,317.82
1999-08-02,317.664
1999-08-03,317.511
1999-08-04,317.34
1999-08-05,317.208
1999-08-06,317.088
1999-08-07,316.962
1999-08-08,316.847
1999-08-09,316.74
1999-08-10,316.657
1999-08-11,316.582
1999-08-12,316.479
1999-08-13,316.387
1999-08-14,316.313
1999-08-15,316.213
1999-08-16,316.111
1999-08-17,316.035
1999-08-18,315.937
1999-08-19,315.854
1999-08-20,315.762
1999-08-21,315.671
1999-08-22,315.575
1999-08-23,315.48
1999-08-24,315.39
1999-08-25,315.291
1999-08-26,315.198
1999-08-27,315.103
1999-08-28,315.008
1999-08-29,314.904
1999-08-30,314.806
1999-08-31,314.712
1999-09-01,314.612
1999-09-02,314.529
1999-09-03,314.45
1999-09-04,314.371
1999-09-05,314.308
1999-09-06,314.231
1999-09-07,314.157
1999-09-08,314.09
1999-09-09,314.026
1999-09-10,313.963
1999-09-11,313.898
1999-09-12,313.834
1999-09-13,313.769
1999-09-14,313.715
1999-09-15,313.678
1999-09-16,313.625
1999-09-17,313.578
1999-09-18,313.538
1999-09-19,313.5
1999-09-20,313.454
1999-09-21,313.415
1999-09-22,313.373
1999-09-23,313.348
1999-09-24,313.362
1999-09-25,313.31
1999-09-26,313.27
1999-09-27,313.245
1999-09-28,313.18
1999-09-29,313.16
1999-09-30,313.145
1999-10-01,313.138
1999-10-02,313.118
1999-10-03,313.085
1999-10-04,313.047
1999-10-05,312.997
1999-10-06,312.957
1999-10-07,312.949
1999-10-08,312.928
1999-10-09,312.901
1999-10-10,312.871
1999-10-11,312.842
1999-10-12,312.812
1999-10-13,312.782
1999-10-14,312.749
1999-10-15,312.716
1999-10-16,312.688
1999-10-17,312.651
1999-10-18,312.613
1999-10-19,312.578
1999-10-20,312.554
1999-10-21,312.528
1999-10-22,312.496
1999-10-23,312.48
1999-10-24,312.451
1999-10-25,312.419
1999-10-26,312.366
1999-10-27,312.367
1999-10-28,312.401
1999-10-29,312.411
1999-10-30,312.39
1999-10-31,312.395
1999-11-01,312.384
1999-11-02,312.377
1999-11-03,312.361
1999-11-04,312.355
1999-11-05,312.323
1999-11-06,312.301
1999-11-07,312.276
1999-11-08,312.279
1999-11-09,312.273
1999-11-10,312.306
1999-11-11,312.384
1999-11-12,312.388
1999-11-13,312.372
1999-11-14,312.35
1999-11-15,312.338
1999-11-16,312.35
1999-11-17,312.364
1999-11-18,312.348
1999-11-19,312.342
1999-11-20,312.379
1999-11-21,312.418
1999-11-22,312.421
1999-11-23,312.423
1999-11-24,312.425
1999-11-25,312.435
1999-11-26,312.422
1999-11-27,312.413
1999-11-28,312.379
1999-11-29,312.373
1999-11-30,312.423
1999-12-01,312.506
1999-12-02,312.57
1999-12-03,312.576
1999-12-04,312.549
1999-12-05,312.507
1999-12-06,312.47
1999-12-07,312.416
1999-12-08,312.387
1999-12-09,312.363
1999-12-10,312.343
1999-12-11,312.314
1999-12-12,312.284
1999-12-13,312.256
1999-12-14,312.215
1999-12-15,312.194
1999-12-16,312.165
1999-12-17,312.139
1999-12-18,312.12
1999-12-19,312.093
1999-12-20,312.084
1999-12-21,312.065
1999-12-22,312.044
1999-12-23,312.02
1999-12-24,311.999
1999-12-25,311.97
1999-12-26,311.944
1999-12-27,311.925
1999-12-28,311.899
1999-12-29,311.891
1999-12-30,311.872
1999-12-31,311.823
2000-01-01,311.831
2000-01-02,311.828
2000-01-03,311.817
2000-01-04,311.814
2000-01-05,311.811
2000-01-06,311.803
2000-01-07,311.798
2000-01-08,311.8
2000-01-09,311.802
2000-01-10,311.823
2000-01-11,311.971
2000-01-12,312.153
2000-01-13,312.28
2000-01-14,312.515
2000-01-15,313.039
2000-01-16,313.742
2000-01-17,314.348
2000-01-18,314.688
2000-01-19,315.01
2000-01-20,315.496
2000-01-21,315.972
2000-01-22,316.299
2000-01-23,316.585
2000-01-24,316.984
2000-01-25,317.412
2000-01-26,317.661
2000-01-27,317.762
2000-01-28,317.779
2000-01-29,317.773
2000-01-30,317.648
2000-01-31,317.592
2000-02-01,317.547
2000-02-02,317.479
2000-02-03,317.483
2000-02-04,317.53
2000-02-05,317.65
2000-02-06,317.916
2000-02-07,318.206
2000-02-08,318.375
2000-02-09,318.449
2000-02-10,318.434
2000-02-11,318.564
2000-02-12,318.898
2000-02-13,319.482
2000-02-14,320.494
2000-02-15,321.394
2000-02-16,321.413
2000-02-17,321.214
2000-02-18,320.896
2000-02-19,320.465
2000-02-20,319.948
2000-02-21,319.533
2000-02-22,319.267
2000-02-23,319.266
2000-02-24,319.206
2000-02-25,318.945
2000-02-26,318.748
2000-02-27,319.121
2000-02-28,319.481
2000-02-29,319.579
2000-03-01,319.503
2000-03-02,319.137
2000-03-03,318.608
2000-03-04,317.969
2000-03-05,317.391
2000-03-06,316.971
2000-03-07,316.696
2000-03-08,316.418
2000-03-09,316.208
2000-03-10,316.072
2000-03-11,315.846
2000-03-12,315.723
2000-03-13,315.617
2000-03-14,315.567
2000-03-15,315.532
2000-03-16,315.573
2000-03-17,315.642
2000-03-18,315.784
2000-03-19,315.946
2000-03-20,316.104
2000-03-21,316.226
2000-03-22,316.343
2000-03-23,316.484
2000-03-24,316.651
2000-03-25,316.842
2000-03-26,317.025
2000-03-27,317.21
2000-03-28,317.402
2000-03-29,317.569
2000-03-30,317.732
2000-03-31,317.898
2000-04-01,318.041
2000-04-02,318.183
2000-04-03,318.342
2000-04-04,318.527
2000-04-05,318.694
2000-04-06,318.889
2000-04-07,319.061
2000-04-08,319.216
2000-04-09,319.372
2000-04-10,319.422
2000-04-11,319.446
2000-04-12,319.475
2000-04-13,319.588
2000-04-14,319.741
2000-04-15,319.876
2000-04-16,320.037
2000-04-17,320.354
2000-04-18,320.799
2000-04-19,321.134
2000-04-20,321.402
2000-04-21,321.576
2000-04-22,321.713
2000-04-23,321.817
2000-04-24,321.91
2000-04-25,321.988
2000-04-26,322.056
2000-04-27,322.107
2000-04-28,322.206
2000-04-29,322.274
2000-04-30,322.313
2000-05-01,322.355
2000-05-02,322.38
2000-05-03,322.394
2000-05-04,322.351
2000-05-05,322.307
2000-05-06,322.272
2000-05-07,322.252
2000-05-08,322.254
2000-05-09,322.276
2000-05-10,322.292
2000-05-11,322.302
2000-05-12,322.326
2000-05-13,322.341
2000-05-14,322.371
2000-05-15,322.409
2000-05-16,322.433
2000-05-17,322.477
2000-05-18,322.507
2000-05-19,322.545
2000-05-20,322.543
2000-05-21,322.484
2000-05-22,322.424
2000-05-23,322.386
2000-05-24,322.346
2000-05-25,322.286
2000-05-26,322.244
2000-05-27,322.206
2000-05-28,322.155
2000-05-29,322.093
2000-05-30,322.036
2000-05-31,321.988
2000-06-01,321.931
2000-06-02,321.876
2000-06-03,321.822
2000-06-04,321.759
2000-06-05,321.707
2000-06-06,321.667
2000-06-07,321.613
2000-06-08,321.596
2000-06-09,321.577
2000-06-10,321.552
2000-06-11,321.519
2000-06-12,321.468
2000-06-13,321.371
2000-06-14,321.249
2000-06-15,321.129
2000-06-16,320.992
2000-06-17,320.828
2000-06-18,320.691
2000-06-19,320.568
2000-06-20,320.45
2000-06-21,320.309
2000-06-22,320.167
2000-06-23,320.035
2000-06-24,319.897
2000-06-25,319.756
2000-06-26,319.617
2000-06-27,319.462
2000-06-28,319.328
2000-06-29,319.164
2000-06-30,319.01
2000-07-01,318.841
2000-07-02,318.669
2000-07-03,318.505
2000-07-04,318.353
2000-07-05,318.188
2000-07-06,318.02
2000-07-07,317.836
2000-07-08,317.664
2000-07-09,317.477
2000-07-10,317.296
2000-07-11,317.125
2000-07-12,316.952
2000-07-13,316.773
2000-07-14,316.577
2000-07-15,316.408
2000-07-16,316.198
2000-07-17,316.003
2000-07-18,315.813
2000-07-19,315.625
2000-07-20,315.442
2000-07-21,315.258
2000-07-22,315.082
2000-07-23,314.885
2000-07-24,314.68
2000-07-25,314.474
2000-07-26,314.29
2000-07-27,314.11
2000-07-28,313.926
2000-07-29,313.703
2000-07-30,313.528
2000-07-31,313.327
2000-08-01,313.127
2000-08-02,312.93
2000-08-03,312.748
2000-08-04,312.566
2000-08-05,312.395
2000-08-06,312.208
2000-08-07,312.029
2000-08-08,311.847
2000-08-09,311.719
2000-08-10,311.595
2000-08-11,311.474
2000-08-12,311.355
2000-08-13,311.243
2000-08-14,311.135
2000-08-15,311.003
2000-08-16,310.888
2000-08-17,310.807
2000-08-18,310.73
2000-08-19,310.676
2000-08-20,310.588
2000-08-21,310.495
2000-08-22,310.414
2000-08-23,310.339
2000-08-24,310.266
2000-08-25,310.211
2000-08-26,310.166
2000-08-27,310.122
2000-08-28,310.05
2000-08-29,309.953
2000-08-30,309.893
2000-08-31,309.84
2000-09-01,309.846
2000-09-02,309.89
2000-09-03,309.907
2000-09-04,309.935
2000-09-05,309.929
2000-09-06,309.916
2000-09-07,309.896
2000-09-08,309.886
2000-09-09,309.835
2000-09-10,309.806
2000-09-11,309.771
2000-09-12,309.741
2000-09-13,309.717
2000-09-14,309.685
2000-09-15,309.637
2000-09-16,309.622
2000-09-17,309.587
2000-09-18,309.551
2000-09-19,309.491
2000-09-20,309.415
2000-09-21,309.313
2000-09-22,309.255
2000-09-23,309.21
2000-09-24,309.16
2000-09-25,309.093
2000-09-26,309.032
2000-09-27,308.998
2000-09-28,309.012
2000-09-29,309.031
2000-09-30,309.013
2000-10-01,308.978
2000-10-02,308.941
2000-10-03,308.896
2000-10-04,308.862
2000-10-05,308.833
2000-10-06,308.784
2000-10-07,308.748
2000-10-08,308.717
2000-10-09,308.694
2000-10-10,308.674
2000-10-11,308.66
2000-10-12,308.63
2000-10-13,308.615
2000-10-14,308.594
2000-10-15,308.529
2000-10-16,308.461
2000-10-17,308.404
2000-10-18,308.341
2000-10-19,308.288
2000-10-20,308.247
2000-10-21,308.212
2000-10-22,308.169
2000-10-23,308.153
2000-10-24,308.122
2000-10-25,308.095
2000-10-26,308.087
2000-10-27,308.078
2000-10-28,308.078
2000-10-29,308.124
2000-10-30,308.13
2000-10-31,308.146
2000-11-01,308.122
2000-11-02,308.119
2000-11-03,308.105
2000-11-04,308.07
2000-11-05,308.048
2000-11-06,308.026
2000-11-07,307.993
2000-11-08,307.968
2000-11-09,307.947
2000-11-10,307.923
2000-11-11,307.883
2000-11-12,307.854
2000-11-13,307.823
2000-11-14,307.765
2000-11-15,307.738
2000-11-16,307.714
2000-11-17,307.67
2000-11-18,307.629
2000-11-19,307.588
2000-11-20,307.55
2000-11-21,307.553
2000-11-22,307.518
2000-11-23,307.486
2000-11-24,307.448
2000-11-25,307.419
2000-11-26,307.385
2000-11-27,307.372
2000-11-28,307.324
2000-11-29,307.321
2000-11-30,307.334
2000-12-01,307.315
2000-12-02,307.298
2000-12-03,307.278
2000-12-04,307.253
2000-12-05,307.21
2000-12-06,307.177
2000-12-07,307.147
2000-12-08,307.138
2000-12-09,307.103
2000-12-10,307.084
2000-12-11,307.081
2000-12-12,307.063
2000-12-13,307.105
2000-12-14,307.181
2000-12-15,307.274
2000-12-16,307.342
2000-12-17,307.369
2000-12-18,307.379
2000-12-19,307.381
2000-12-20,307.375
2000-12-21,307.377
2000-12-22,307.373
2000-12-23,307.413
2000-12-24,307.445
2000-12-25,307.472
2000-12-26,307.51
2000-12-27,307.534
2000-12-28,307.55
2000-12-29,307.556
2000-12-30,307.552
2000-12-31,307.546
2001-01-01,307.538
2001-01-02,307.521
2001-01-03,307.511
2001-01-04,307.508
2001-01-05,307.517
2001-01-06,307.53
2001-01-07,307.532
2001-01-08,307.552
2001-01-09,307.592
2001-01-10,307.663
2001-01-11,307.798
2001-01-12,307.907
2001-01-13,307.981
2001-01-14,308.045
2001-01-15,308.052
2001-01-16,308.073
2001-01-17,308.101
2001-01-18,308.113
2001-01-19,308.129
2001-01-20,308.175
2001-01-21,308.183
2001-01-22,308.199
2001-01-23,308.232
2001-01-24,308.309
2001-01-25,308.441
2001-01-26,308.585
2001-01-27,308.69
2001-01-28,308.795
2001-01-29,308.9
2001-01-30,308.987
2001-01-31,309.076
2001-02-01,309.13
2001-02-02,309.174
2001-02-03,309.222
2001-02-04,309.264
2001-02-05,309.303
2001-02-06,309.352
2001-02-07,309.405
2001-02-08,309.452
2001-02-09,309.535
2001-02-10,309.649
2001-02-11,309.819
2001-02-12,309.986
2001-02-13,310.121
2001-02-14,310.246
2001-02-15,310.345
2001-02-16,310.405
2001-02-17,310.507
2001-02-18,310.664
2001-02-19,310.869
2001-02-20,311.24
2001-02-21,311.936
2001-02-22,312.667
2001-02-23,313.158
2001-02-24,313.518
2001-02-25,313.844
2001-02-26,314.156
2001-02-27,314.393
2001-02-28,314.619
2001-03-01,314.788
2001-03-02,314.985
2001-03-03,315.174
2001-03-04,315.427
2001-03-05,315.876
2001-03-06,316.349
2001-03-07,316.69
2001-03-08,316.987
2001-03-09,317.263
2001-03-10,317.507
2001-03-11,317.668
2001-03-12,317.815
2001-03-13,317.908
2001-03-14,318.01
2001-03-15,318.087
2001-03-16,318.149
2001-03-17,318.208
2001-03-18,318.282
2001-03-19,318.354
2001-03-20,318.446
2001-03-21,318.552
2001-03-22,318.674
2001-03-23,318.833
2001-03-24,318.983
2001-03-25,319.168
2001-03-26,319.357
2001-03-27,319.512
2001-03-28,319.636
2001-03-29,319.766
2001-03-30,319.872
2001-03-31,319.978
2001-04-01,320.065
2001-04-02,320.152
2001-04-03,320.221
2001-04-04,320.259
2001-04-05,320.286
2001-04-06,320.335
2001-04-07,320.39
2001-04-08,320.412
2001-04-09,320.434
2001-04-10,320.458
2001-04-11,320.467
2001-04-12,320.483
2001-04-13,320.467
2001-04-14,320.486
2001-04-15,320.491
2001-04-16,320.499
2001-04-17,320.518
2001-04-18,320.544
2001-04-19,320.597
2001-04-20,320.645
2001-04-21,320.69
2001-04-22,320.723
2001-04-23,320.737
2001-04-24,320.805
2001-04-25,320.788
2001-04-26,320.809
2001-04-27,320.835
2001-04-28,320.858
2001-04-29,320.862
2001-04-30,320.873
2001-05-01,320.858
2001-05-02,320.838
2001-05-03,320.808
2001-05-04,320.775
2001-05-05,320.741
2001-05-06,320.719
2001-05-07,320.693
2001-05-08,320.643
2001-05-09,320.608
2001-05-10,320.567
2001-05-11,320.528
2001-05-12,320.478
2001-05-13,320.425
2001-05-14,320.368
2001-05-15,320.306
2001-05-16,320.22
2001-05-17,320.127
2001-05-18,320.041
2001-05-19,319.94
2001-05-20,319.835
2001-05-21,319.722
2001-05-22,319.604
2001-05-23,319.506
2001-05-24,319.399
2001-05-25,319.286
2001-05-26,319.208
2001-05-27,319.089
2001-05-28,318.941
2001-05-29,318.808
2001-05-30,318.678
2001-05-31,318.528
2001-06-01,318.389
2001-06-02,318.278
2001-06-03,318.153
2001-06-04,317.971
2001-06-05,317.836
2001-06-06,317.695
2001-06-07,317.522
2001-06-08,317.327
2001-06-09,317.145
2001-06-10,316.955
2001-06-11,316.752
2001-06-12,316.552
2001-06-13,316.34
2001-06-14,316.121
2001-06-15,315.91
2001-06-16,315.724
2001-06-17,315.52
2001-06-18,315.313
2001-06-19,315.077
2001-06-20,314.867
2001-06-21,314.664
2001-06-22,314.444
2001-06-23,314.202
2001-06-24,313.986
2001-06-25,313.774
2001-06-26,313.573
2001-06-27,313.401
2001-06-28,313.225
2001-06-29,313.043
2001-06-30,312.847
2001-07-01,312.621
2001-07-02,312.394
2001-07-03,312.171
2001-07-04,311.986
2001-07-05,311.786
2001-07-06,311.571
2001-07-07,311.327
2001-07-08,311.09
2001-07-09,310.851
2001-07-10,310.615
2001-07-11,310.357
2001-07-12,310.148
2001-07-13,309.914
2001-07-14,309.665
2001-07-15,309.416
2001-07-16,309.158
2001-07-17,308.911
2001-07-18,308.653
2001-07-19,308.413
2001-07-20,308.166
2001-07-21,307.933
2001-07-22,307.702
2001-07-23,307.461
2001-07-24,307.208
2001-07-25,307.007
2001-07-26,306.717
2001-07-27,306.472
2001-07-28,306.214
2001-07-29,305.948
2001-07-30,305.714
2001-07-31,305.491
2001-08-01,305.276
2001-08-02,305.077
2001-08-03,304.879
2001-08-04,304.678
2001-08-05,304.5
2001-08-06,304.306
2001-08-07,304.123
2001-08-08,303.925
2001-08-09,303.715
2001-08-10,303.546
2001-08-11,303.355
2001-08-12,303.183
2001-08-13,302.997
2001-08-14,302.843
2001-08-15,302.672
2001-08-16,302.495
2001-08-17,302.333
2001-08-18,302.181
2001-08-19,302.059
2001-08-20,301.985
2001-08-21,301.777
2001-08-22,301.658
2001-08-23,301.545
2001-08-24,301.443
2001-08-25,301.338
2001-08-26,301.213
2001-08-27,301.059
2001-08-28,300.93
2001-08-29,300.82
2001-08-30,300.72
2001-08-31,300.609
2001-09-01,300.486
2001-09-02,300.379
2001-09-03,300.266
2001-09-04,300.145
2001-09-05,300.012
2001-09-06,299.885
2001-09-07,299.757
2001-09-08,299.655
2001-09-09,299.552
2001-09-10,299.451
2001-09-11,299.358
2001-09-12,299.283
2001-09-13,299.215
2001-09-14,299.135
2001-09-15,299.054
2001-09-16,298.948
2001-09-17,298.851
2001-09-18,298.747
2001-09-19,298.655
2001-09-20,298.547
2001-09-21,298.426
2001-09-22,298.303
2001-09-23,298.19
2001-09-24,298.09
2001-09-25,298.01
2001-09-26,297.925
2001-09-27,297.831
2001-09-28,297.762
2001-09-29,297.698
2001-09-30,297.631
2001-10-01,297.569
2001-10-02,297.501
2001-10-03,297.452
2001-10-04,297.383
2001-10-05,297.307
2001-10-06,297.266
2001-10-07,297.243
2001-10-08,297.234
2001-10-09,297.225
2001-10-10,297.222
2001-10-11,297.201
2001-10-12,297.19
2001-10-13,297.188
2001-10-14,297.199
2001-10-15,297.206
2001-10-16,297.199
2001-10-17,297.207
2001-10-18,297.209
2001-10-19,297.204
2001-10-20,297.195
2001-10-21,297.185
2001-10-22,297.176
2001-10-23,297.168
2001-10-24,297.157
2001-10-25,297.137
2001-10-26,297.124
2001-10-27,297.116
2001-10-28,297.125
2001-10-29,297.127
2001-10-30,297.123
2001-10-31,297.12
2001-11-01,297.077
2001-11-02,297.01
2001-11-03,296.93
2001-11-04,296.863
2001-11-05,296.815
2001-11-06,296.767
2001-11-07,296.717
2001-11-08,296.672
2001-11-09,296.615
2001-11-10,296.545
2001-11-11,296.517
2001-11-12,296.606
2001-11-13,296.737
2001-11-14,296.813
2001-11-15,296.842
2001-11-16,296.86
2001-11-17,296.892
2001-11-18,296.91
2001-11-19,296.929
2001-11-20,296.949
2001-11-21,297.115
2001-11-22,297.428
2001-11-23,297.653
2001-11-24,297.81
2001-11-25,297.948
2001-11-26,298.053
2001-11-27,298.121
2001-11-28,298.21
2001-11-29,298.362
2001-11-30,298.514
2001-12-01,298.911
2001-12-02,299.68
2001-12-03,300.36
2001-12-04,300.781
2001-12-05,301.094
2001-12-06,301.491
2001-12-07,301.809
2001-12-08,302.032
2001-12-09,302.233
2001-12-10,302.369
2001-12-11,302.467
2001-12-12,302.57
2001-12-13,302.693
2001-12-14,302.862
2001-12-15,303.011
2001-12-16,303.141
2001-12-17,303.276
2001-12-18,303.457
2001-12-19,303.735
2001-12-20,304.152
2001-12-21,304.553
2001-12-22,305.007
2001-12-23,305.526
2001-12-24,305.961
2001-12-25,306.269
2001-12-26,306.521
2001-12-27,306.744
2001-12-28,306.98
2001-12-29,307.271
2001-12-30,307.59
2001-12-31,308.031
2002-01-01,308.58
2002-01-02,309.637
2002-01-03,310.869
2002-01-04,311.438
2002-01-05,311.761
2002-01-06,312.107
2002-01-07,312.439
2002-01-08,312.727
2002-01-09,312.985
2002-01-10,313.156
2002-01-11,313.291
2002-01-12,313.424
2002-01-13,313.542
2002-01-14,313.651
2002-01-15,313.746
2002-01-16,313.851
2002-01-17,313.947
2002-01-18,314.03
2002-01-19,314.105
2002-01-20,314.172
2002-01-21,314.251
2002-01-22,314.322
2002-01-23,314.377
2002-01-24,314.44
2002-01-25,314.518
2002-01-26,314.606
2002-01-27,314.69
2002-01-28,314.758
2002-01-29,314.809
2002-01-30,314.867
2002-01-31,314.917
2002-02-01,314.962
2002-02-02,315.016
2002-02-03,315.063
2002-02-04,315.108
2002-02-05,315.151
2002-02-06,315.197
2002-02-07,315.297
2002-02-08,315.471
2002-02-09,315.631
2002-02-10,315.772
2002-02-11,315.861
2002-02-12,315.954
2002-02-13,316.04
2002-02-14,316.124
2002-02-15,316.198
2002-02-16,316.273
2002-02-17,316.354
2002-02-18,316.441
2002-02-19,316.601
2002-02-20,316.905
2002-02-21,317.256
2002-02-22,317.536
2002-02-23,317.792
2002-02-24,318.029
2002-02-25,318.237
2002-02-26,318.405
2002-02-27,318.572
2002-02-28,318.665
2002-03-01,318.766
2002-03-02,318.829
2002-03-03,318.876
2002-03-04,318.932
2002-03-05,318.972
2002-03-06,319.034
2002-03-07,319.167
2002-03-08,319.285
2002-03-09,319.384
2002-03-10,319.497
2002-03-11,319.619
2002-03-12,319.737
2002-03-13,319.865
2002-03-14,319.982
2002-03-15,320.075
2002-03-16,320.167
2002-03-17,320.238
2002-03-18,320.355
2002-03-19,320.429
2002-03-20,320.487
2002-03-21,320.546
2002-03-22,320.625
2002-03-23,320.759
2002-03-24,320.917
2002-03-25,321.045
2002-03-26,321.165
2002-03-27,321.276
2002-03-28,321.385
2002-03-29,321.503
2002-03-30,321.609
2002-03-31,321.719
2002-04-01,321.83
2002-04-02,321.935
2002-04-03,322.042
2002-04-04,322.161
2002-04-05,322.281
2002-04-06,322.395
2002-04-07,322.503
2002-04-08,322.605
2002-04-09,322.721
2002-04-10,322.851
2002-04-11,322.974
2002-04-12,323.084
2002-04-13,323.19
2002-04-14,323.296
2002-04-15,323.403
2002-04-16,323.491
2002-04-17,323.58
2002-04-18,323.634
2002-04-19,323.675
2002-04-20,323.694
2002-04-21,323.73
2002-04-22,323.756
2002-04-23,323.768
2002-04-24,323.772
2002-04-25,323.773
2002-04-26,323.753
2002-04-27,323.756
2002-04-28,323.745
2002-04-29,323.718
2002-04-30,323.702
2002-05-01,323.673
2002-05-02,323.676
2002-05-03,323.643
2002-05-04,323.625
2002-05-05,323.6
2002-05-06,323.572
2002-05-07,323.527
2002-05-08,323.506
2002-05-09,323.442
2002-05-10,323.419
2002-05-11,323.403
2002-05-12,323.377
2002-05-13,323.343
2002-05-14,323.269
2002-05-15,323.187
2002-05-16,323.128
2002-05-17,323.042
2002-05-18,322.961
2002-05-19,322.901
2002-05-20,322.881
2002-05-21,322.82
2002-05-22,322.781
2002-05-23,322.715
2002-05-24,322.655
2002-05-25,322.565
2002-05-26,322.493
2002-05-27,322.393
2002-05-28,322.308
2002-05-29,322.224
2002-05-30,322.131
2002-05-31,322.052
2002-06-01,321.969
2002-06-02,321.889
2002-06-03,321.785
2002-06-04,321.687
2002-06-05,321.586
2002-06-06,321.49
2002-06-07,321.391
2002-06-08,321.273
2002-06-09,321.145
2002-06-10,321.033
2002-06-11,320.912
2002-06-12,320.767
2002-06-13,320.641
2002-06-14,320.501
2002-06-15,320.328
2002-06-16,320.163
2002-06-17,319.976
2002-06-18,319.808
2002-06-19,319.629
2002-06-20,319.444
2002-06-21,319.267
2002-06-22,319.083
2002-06-23,318.877
2002-06-24,318.685
2002-06-25,318.475
2002-06-26,318.271
2002-06-27,318.077
2002-06-28,317.906
2002-06-29,317.671
2002-06-30,317.494
2002-07-01,317.304
2002-07-02,317.114
2002-07-03,316.926
2002-07-04,316.724
2002-07-05,316.521
2002-07-06,316.313
2002-07-07,316.109
2002-07-08,315.911
2002-07-09,315.712
2002-07-10,315.506
2002-07-11,315.313
2002-07-12,315.095
2002-07-13,314.87
2002-07-14,314.639
2002-07-15,314.429
2002-07-16,314.201
2002-07-17,313.963
2002-07-18,313.73
2002-07-19,313.498
2002-07-20,313.255
2002-07-21,313.025
2002-07-22,312.778
2002-07-23,312.545
2002-07-24,312.296
2002-07-25,312.054
2002-07-26,311.805
2002-07-27,311.56
2002-07-28,311.321
2002-07-29,311.084
2002-07-30,310.852
2002-07-31,310.635
2002-08-01,310.415
2002-08-02,310.209
2002-08-03,310.003
2002-08-04,309.784
2002-08-05,309.573
2002-08-06,309.365
2002-08-07,309.152
2002-08-08,308.948
2002-08-09,308.752
2002-08-10,308.575
2002-08-11,308.395
2002-08-12,308.221
2002-08-13,308.042
2002-08-14,307.871
2002-08-15,307.689
2002-08-16,307.52
2002-08-17,307.344
2002-08-18,307.184
2002-08-19,307.022
2002-08-20,306.868
2002-08-21,306.724
2002-08-22,306.593
2002-08-23,306.48
2002-08-24,306.414
2002-08-25,306.345
2002-08-26,306.291
2002-08-27,306.224
2002-08-28,306.119
2002-08-29,306.008
2002-08-30,305.924
2002-08-31,305.861
2002-09-01,305.801
2002-09-02,305.754
2002-09-03,305.693
2002-09-04,305.649
2002-09-05,305.603
2002-09-06,305.525
2002-09-07,305.416
2002-09-08,305.338
2002-09-09,305.227
2002-09-10,305.13
2002-09-11,305.034
2002-09-12,304.942
2002-09-13,304.847
2002-09-14,304.754
2002-09-15,304.651
2002-09-16,304.556
2002-09-17,304.457
2002-09-18,304.37
2002-09-19,304.269
2002-09-20,304.18
2002-09-21,304.093
2002-09-22,303.973
2002-09-23,303.852
2002-09-24,303.737
2002-09-25,303.607
2002-09-26,303.484
2002-09-27,303.37
2002-09-28,303.242
2002-09-29,303.134
2002-09-30,303.039
2002-10-01,302.925
2002-10-02,302.877
2002-10-03,302.865
2002-10-04,302.863
2002-10-05,302.87
2002-10-06,302.816
2002-10-07,302.771
2002-10-08,302.708
2002-10-09,302.661
2002-10-10,302.582
2002-10-11,302.544
2002-10-12,302.475
2002-10-13,302.41
2002-10-14,302.366
2002-10-15,302.335
2002-10-16,302.307
2002-10-17,302.259
2002-10-18,302.214
2002-10-19,302.164
2002-10-20,302.124
2002-10-21,302.061
2002-10-22,301.93
2002-10-23,301.794
2002-10-24,301.686
2002-10-25,301.564
2002-10-26,301.443
2002-10-27,301.308
2002-10-28,301.178
2002-10-29,301.077
2002-10-30,300.97
2002-10-31,300.858
2002-11-01,300.762
2002-11-02,300.627
2002-11-03,300.51
2002-11-04,300.391
2002-11-05,300.308
2002-11-06,300.21
2002-11-07,300.254
2002-11-08,300.333
2002-11-09,300.355
2002-11-10,300.327
2002-11-11,300.295
2002-11-12,300.243
2002-11-13,300.194
2002-11-14,300.143
2002-11-15,300.097
2002-11-16,300.048
2002-11-17,300.001
2002-11-18,299.961
2002-11-19,299.899
2002-11-20,299.86
2002-11-21,299.832
2002-11-22,299.793
2002-11-23,299.756
2002-11-24,299.731
2002-11-25,299.704
2002-11-26,299.662
2002-11-27,299.621
2002-11-28,299.58
2002-11-29,299.519
2002-11-30,299.476
2002-12-01,299.42
2002-12-02,299.366
2002-12-03,299.312
2002-12-04,299.263
2002-12-05,299.206
2002-12-06,299.146
2002-12-07,299.094
2002-12-08,299.06
2002-12-09,299.018
2002-12-10,298.976
2002-12-11,298.949
2002-12-12,298.921
2002-12-13,299.02
2002-12-14,299.597
2002-12-15,300.548
2002-12-16,301.752
2002-12-17,302.771
2002-12-18,303.169
2002-12-19,303.467
2002-12-20,303.889
2002-12-21,304.467
2002-12-22,304.904
2002-12-23,305.164
2002-12-24,305.29
2002-12-25,305.401
2002-12-26,305.527
2002-12-27,306.045
2002-12-28,307.564
2002-12-29,309.292
2002-12-30,310.299
2002-12-31,311.279
2003-01-01,312.064
2003-01-02,312.366
2003-01-03,312.493
2003-01-04,312.514
2003-01-05,312.538
2003-01-06,312.525
2003-01-07,312.518
2003-01-08,312.539
2003-01-09,312.597
2003-01-10,312.737
2003-01-11,312.958
2003-01-12,313.384
2003-01-13,314.084
2003-01-14,314.871
2003-01-15,315.419
2003-01-16,315.751
2003-01-17,315.915
2003-01-18,315.973
2003-01-19,315.971
2003-01-20,315.966
2003-01-21,315.943
2003-01-22,315.937
2003-01-23,316.012
2003-01-24,316.03
2003-01-25,315.965
2003-01-26,315.879
2003-01-27,315.785
2003-01-28,315.705
2003-01-29,315.582
2003-01-30,315.494
2003-01-31,315.462
2003-02-01,315.4
2003-02-02,315.386
2003-02-03,315.421
2003-02-04,315.498
2003-02-05,315.563
2003-02-06,315.625
2003-02-07,315.716
2003-02-08,315.792
2003-02-09,315.857
2003-02-10,315.914
2003-02-11,315.966
2003-02-12,315.877
2003-02-13,315.807
2003-02-14,315.736
2003-02-15,315.704
2003-02-16,315.728
2003-02-17,315.8
2003-02-18,315.878
2003-02-19,315.926
2003-02-20,315.871
2003-02-21,315.817
2003-02-22,315.766
2003-02-23,315.746
2003-02-24,315.746
2003-02-25,315.719
2003-02-26,315.708
2003-02-27,315.705
2003-02-28,315.719
2003-03-01,315.774
2003-03-02,315.814
2003-03-03,315.858
2003-03-04,315.888
2003-03-05,315.927
2003-03-06,315.971
2003-03-07,316.019
2003-03-08,316.065
2003-03-09,316.095
2003-03-10,316.138
2003-03-11,316.215
2003-03-12,316.288
2003-03-13,316.382
2003-03-14,316.582
2003-03-15,317.168
2003-03-16,317.926
2003-03-17,318.403
2003-03-18,318.764
2003-03-19,319.053
2003-03-20,319.306
2003-03-21,319.538
2003-03-22,319.758
2003-03-23,319.99
2003-03-24,320.219
2003-03-25,320.428
2003-03-26,320.637
2003-03-27,320.851
2003-03-28,321.051
2003-03-29,321.225
2003-03-30,321.402
2003-03-31,321.57
2003-04-01,321.704
2003-04-02,321.863
2003-04-03,322.028
2003-04-04,322.215
2003-04-05,322.387
2003-04-06,322.53
2003-04-07,322.668
2003-04-08,322.811
2003-04-09,322.958
2003-04-10,323.08
2003-04-11,323.137
2003-04-12,323.341
2003-04-13,323.615
2003-04-14,323.913
2003-04-15,324.182
2003-04-16,324.419
2003-04-17,324.61
2003-04-18,324.784
2003-04-19,324.936
2003-04-20,325.005
2003-04-21,325.18
2003-04-22,325.353
2003-04-23,325.397
2003-04-24,325.468
2003-04-25,325.565
2003-04-26,325.649
2003-04-27,325.655
2003-04-28,325.896
2003-04-29,326.284
2003-04-30,326.389
2003-05-01,326.355
2003-05-02,326.203
2003-05-03,326.02
2003-05-04,325.797
2003-05-05,325.597
2003-05-06,325.436
2003-05-07,325.353
2003-05-08,325.312
2003-05-09,325.347
2003-05-10,325.397
2003-05-11,325.498
2003-05-12,325.63
2003-05-13,325.772
2003-05-14,325.819
2003-05-15,325.854
2003-05-16,325.88
2003-05-17,325.907
2003-05-18,325.888
2003-05-19,325.848
2003-05-20,325.801
2003-05-21,325.75
2003-05-22,325.703
2003-05-23,325.659
2003-05-24,325.623
2003-05-25,325.599
2003-05-26,325.577
2003-05-27,325.53
2003-05-28,325.473
2003-05-29,325.411
2003-05-30,325.352
2003-05-31,325.292
2003-06-01,325.236
2003-06-02,325.181
2003-06-03,325.126
2003-06-04,325.057
2003-06-05,324.989
2003-06-06,324.906
2003-06-07,324.818
2003-06-08,324.722
2003-06-09,324.638
2003-06-10,324.547
2003-06-11,324.444
2003-06-12,324.325
2003-06-13,324.193
2003-06-14,324.057
2003-06-15,323.916
2003-06-16,323.766
2003-06-17,323.618
2003-06-18,323.472
2003-06-19,323.315
2003-06-20,323.166
2003-06-21,323.055
2003-06-22,322.934
2003-06-23,322.794
2003-06-24,322.702
2003-06-25,322.607
2003-06-26,322.476
2003-06-27,322.356
2003-06-28,322.225
2003-06-29,322.085
2003-06-30,321.921
2003-07-01,321.75
2003-07-02,321.615
2003-07-03,321.481
2003-07-04,321.352
2003-07-05,321.198
2003-07-06,321.045
2003-07-07,320.889
2003-07-08,320.738
2003-07-09,320.574
2003-07-10,320.405
2003-07-11,320.221
2003-07-12,320.03
2003-07-13,319.846
2003-07-14,319.669
2003-07-15,319.496
2003-07-16,319.28
2003-07-17,319.067
2003-07-18,318.861
2003-07-19,318.648
2003-07-20,318.437
2003-07-21,318.233
2003-07-22,318.064
2003-07-23,317.841
2003-07-24,317.617
2003-07-25,317.417
2003-07-26,317.201
2003-07-27,316.969
2003-07-28,316.745
2003-07-29,316.516
2003-07-30,316.249
2003-07-31,316.001
2003-08-01,315.757
2003-08-02,315.577
2003-08-03,315.415
2003-08-04,315.219
2003-08-05,315.018
2003-08-06,314.802
2003-08-07,314.589
2003-08-08,314.407
2003-08-09,314.266
2003-08-10,314.139
2003-08-11,314.023
2003-08-12,313.888
2003-08-13,313.768
2003-08-14,313.638
2003-08-15,313.514
2003-08-16,313.403
2003-08-17,313.3
2003-08-18,313.207
2003-08-19,313.122
2003-08-20,313.048
2003-08-21,312.967
2003-08-22,312.917
2003-08-23,312.88
2003-08-24,312.842
2003-08-25,312.81
2003-08-26,312.754
2003-08-27,312.686
2003-08-28,312.607
2003-08-29,312.539
2003-08-30,312.475
2003-08-31,312.397
2003-09-01,312.321
2003-09-02,312.257
2003-09-03,312.191
2003-09-04,312.111
2003-09-05,312.057
2003-09-06,312.016
2003-09-07,311.976
2003-09-08,311.935
2003-09-09,311.912
2003-09-10,311.869
2003-09-11,311.84
2003-09-12,311.792
2003-09-13,311.732
2003-09-14,311.665
2003-09-15,311.592
2003-09-16,311.533
2003-09-17,311.495
2003-09-18,311.447
2003-09-19,311.418
2003-09-20,311.397
2003-09-21,311.372
2003-09-22,311.323
2003-09-23,311.291
2003-09-24,311.262
2003-09-25,311.231
2003-09-26,311.21
2003-09-27,311.181
2003-09-28,311.153
2003-09-29,311.125
2003-09-30,311.103
2003-10-01,311.087
2003-10-02,311.072
2003-10-03,311.046
2003-10-04,311.036
2003-10-05,311.022
2003-10-06,311.007
2003-10-07,310.988
2003-10-08,310.979
2003-10-09,310.969
2003-10-10,310.962
2003-10-11,310.952
2003-10-12,310.936
2003-10-13,310.926
2003-10-14,310.946
2003-10-15,310.967
2003-10-16,310.92
2003-10-17,310.881
2003-10-18,310.843
2003-10-19,310.808
2003-10-20,310.797
2003-10-21,310.783
2003-10-22,310.773
2003-10-23,310.752
2003-10-24,310.72
2003-10-25,310.71
2003-10-26,310.695
2003-10-27,310.672
2003-10-28,310.605
2003-10-29,310.52
2003-10-30,310.427
2003-10-31,310.343
2003-11-01,310.25
2003-11-02,310.204
2003-11-03,310.133
2003-11-04,310.056
2003-11-05,310.005
2003-11-06,309.964
2003-11-07,309.937
2003-11-08,309.975
2003-11-09,310.099
2003-11-10,310.154
2003-11-11,310.186
2003-11-12,310.207
2003-11-13,310.215
2003-11-14,310.238
2003-11-15,310.304
2003-11-16,310.38
2003-11-17,310.394
2003-11-18,310.392
2003-11-19,310.388
2003-11-20,310.385
2003-11-21,310.37
2003-11-22,310.347
2003-11-23,310.321
2003-11-24,310.302
2003-11-25,310.283
2003-11-26,310.261
2003-11-27,310.245
2003-11-28,310.22
2003-11-29,310.217
2003-11-30,310.223
2003-12-01,310.237
2003-12-02,310.28
2003-12-03,310.321
2003-12-04,310.342
2003-12-05,310.413
2003-12-06,310.782
2003-12-07,311.242
2003-12-08,311.46
2003-12-09,311.573
2003-12-10,311.684
2003-12-11,311.783
2003-12-12,311.894
2003-12-13,312.07
2003-12-14,312.464
2003-12-15,312.892
2003-12-16,313.05
2003-12-17,313.111
2003-12-18,313.094
2003-12-19,313.011
2003-12-20,312.987
2003-12-21,312.945
2003-12-22,312.898
2003-12-23,312.836
2003-12-24,313.008
2003-12-25,313.364
2003-12-26,313.408
2003-12-27,313.333
2003-12-28,313.207
2003-12-29,313.124
2003-12-30,313.119
2003-12-31,313.092
2004-01-01,313.312
2004-01-02,313.698
2004-01-03,313.849
2004-01-04,313.813
2004-01-05,313.759
2004-01-06,313.691
2004-01-07,313.597
2004-01-08,313.58
2004-01-09,313.651
2004-01-10,313.835
2004-01-11,314.013
2004-01-12,314.184
2004-01-13,314.319
2004-01-14,314.475
2004-01-15,314.601
2004-01-16,314.733
2004-01-17,314.851
2004-01-18,314.956
2004-01-19,315.054
2004-01-20,315.151
2004-01-21,315.242
2004-01-22,315.318
2004-01-23,315.404
2004-01-24,315.509
2004-01-25,315.588
2004-01-26,315.671
2004-01-27,315.775
2004-01-28,315.872
2004-01-29,315.932
2004-01-30,315.994
2004-01-31,316.087
2004-02-01,316.166
2004-02-02,316.266
2004-02-03,316.429
2004-02-04,316.596
2004-02-05,316.726
2004-02-06,316.837
2004-02-07,316.946
2004-02-08,317.043
2004-02-09,317.132
2004-02-10,317.21
2004-02-11,317.275
2004-02-12,317.339
2004-02-13,317.405
2004-02-14,317.484
2004-02-15,317.58
2004-02-16,318.009
2004-02-17,319.674
2004-02-18,321.784
2004-02-19,322.513
2004-02-20,322.383
2004-02-21,322.066
2004-02-22,321.637
2004-02-23,321.151
2004-02-24,320.574
2004-02-25,320.148
2004-02-26,320.716
2004-02-27,320.978
2004-02-28,320.616
2004-02-29,320.056
2004-03-01,319.492
2004-03-02,318.892
2004-03-03,318.217
2004-03-04,317.477
2004-03-05,316.941
2004-03-06,316.546
2004-03-07,316.204
2004-03-08,315.992
2004-03-09,315.832
2004-03-10,315.79
2004-03-11,315.824
2004-03-12,315.875
2004-03-13,315.971
2004-03-14,316.129
2004-03-15,316.291
2004-03-16,316.468
2004-03-17,316.646
2004-03-18,316.822
2004-03-19,316.992
2004-03-20,317.159
2004-03-21,317.332
2004-03-22,317.504
2004-03-23,317.691
2004-03-24,317.917
2004-03-25,318.15
2004-03-26,318.398
2004-03-27,318.631
2004-03-28,318.851
2004-03-29,319.057
2004-03-30,319.258
2004-03-31,319.454
2004-04-01,319.621
2004-04-02,319.768
2004-04-03,319.872
2004-04-04,319.972
2004-04-05,320.056
2004-04-06,320.155
2004-04-07,320.256
2004-04-08,320.214
2004-04-09,320.153
2004-04-10,320.07
2004-04-11,319.978
2004-04-12,319.892
2004-04-13,319.846
2004-04-14,319.84
2004-04-15,319.837
2004-04-16,319.824
2004-04-17,319.843
2004-04-18,319.891
2004-04-19,319.986
2004-04-20,320.148
2004-04-21,320.355
2004-04-22,320.552
2004-04-23,320.708
2004-04-24,320.845
2004-04-25,320.944
2004-04-26,321.039
2004-04-27,321.117
2004-04-28,321.183
2004-04-29,321.223
2004-04-30,321.266
2004-05-01,321.304
2004-05-02,321.307
2004-05-03,321.331
2004-05-04,321.356
2004-05-05,321.366
2004-05-06,321.345
2004-05-07,321.288
2004-05-08,321.223
2004-05-09,321.151
2004-05-10,321.084
2004-05-11,321.015
2004-05-12,320.942
2004-05-13,320.878
2004-05-14,320.82
2004-05-15,320.763
2004-05-16,320.695
2004-05-17,320.631
2004-05-18,320.587
2004-05-19,320.545
2004-05-20,320.492
2004-05-21,320.442
2004-05-22,320.388
2004-05-23,320.323
2004-05-24,320.26
2004-05-25,320.207
2004-05-26,320.125
2004-05-27,320.036
2004-05-28,319.923
2004-05-29,319.819
2004-05-30,319.698
2004-05-31,319.572
2004-06-01,319.442
2004-06-02,319.316
2004-06-03,319.187
2004-06-04,319.06
2004-06-05,318.946
2004-06-06,318.772
2004-06-07,318.579
2004-06-08,318.39
2004-06-09,318.203
2004-06-10,318.01
2004-06-11,317.82
2004-06-12,317.642
2004-06-13,317.45
2004-06-14,317.28
2004-06-15,317.106
2004-06-16,316.908
2004-06-17,316.692
2004-06-18,316.492
2004-06-19,316.296
2004-06-20,316.072
2004-06-21,315.857
2004-06-22,315.663
2004-06-23,315.449
2004-06-24,315.239
2004-06-25,315.036
2004-06-26,314.819
2004-06-27,314.595
2004-06-28,314.374
2004-06-29,314.165
2004-06-30,313.957
2004-07-01,313.729
2004-07-02,313.511
2004-07-03,313.279
2004-07-04,313.061
2004-07-05,312.851
2004-07-06,312.637
2004-07-07,312.418
2004-07-08,312.178
2004-07-09,311.951
2004-07-10,311.722
2004-07-11,311.483
2004-07-12,311.251
2004-07-13,311.023
2004-07-14,310.784
2004-07-15,310.55
2004-07-16,310.31
2004-07-17,310.066
2004-07-18,309.838
2004-07-19,309.599
2004-07-20,309.385
2004-07-21,309.158
2004-07-22,308.909
2004-07-23,308.625
2004-07-24,308.336
2004-07-25,308.066
2004-07-26,307.797
2004-07-27,307.508
2004-07-28,307.25
2004-07-29,306.992
2004-07-30,306.762
2004-07-31,306.533
2004-08-01,306.299
2004-08-02,306.075
2004-08-03,305.845
2004-08-04,305.645
2004-08-05,305.409
2004-08-06,305.19
2004-08-07,304.978
2004-08-08,304.769
2004-08-09,304.568
2004-08-10,304.373
2004-08-11,304.179
2004-08-12,303.997
2004-08-13,303.825
2004-08-14,303.665
2004-08-15,303.518
2004-08-16,303.381
2004-08-17,303.2
2004-08-18,303.018
2004-08-19,302.825
2004-08-20,302.655
2004-08-21,302.479
2004-08-22,302.332
2004-08-23,302.211
2004-08-24,302.057
2004-08-25,301.943
2004-08-26,301.818
2004-08-27,301.638
2004-08-28,301.444
2004-08-29,301.276
2004-08-30,301.108
2004-08-31,300.956
2004-09-01,300.833
2004-09-02,300.727
2004-09-03,300.607
2004-09-04,300.457
2004-09-05,300.307
2004-09-06,300.16
2004-09-07,300.015
2004-09-08,299.876
2004-09-09,299.718
2004-09-10,299.578
2004-09-11,299.425
2004-09-12,299.294
2004-09-13,299.136
2004-09-14,298.999
2004-09-15,298.836
2004-09-16,298.694
2004-09-17,298.539
2004-09-18,298.371
2004-09-19,298.214
2004-09-20,298.085
2004-09-21,297.946
2004-09-22,297.836
2004-09-23,297.717
2004-09-24,297.589
2004-09-25,297.487
2004-09-26,297.404
2004-09-27,297.317
2004-09-28,297.263
2004-09-29,297.239
2004-09-30,297.202
2004-10-01,297.159
2004-10-02,297.127
2004-10-03,297.099
2004-10-04,297.09
2004-10-05,297.079
2004-10-06,297.06
2004-10-07,297.039
2004-10-08,297.026
2004-10-09,297.014
2004-10-10,296.984
2004-10-11,296.937
2004-10-12,296.903
2004-10-13,296.87
2004-10-14,296.849
2004-10-15,296.805
2004-10-16,296.776
2004-10-17,296.697
2004-10-18,296.671
2004-10-19,296.745
2004-10-20,296.839
2004-10-21,296.844
2004-10-22,296.773
2004-10-23,296.726
2004-10-24,296.72
2004-10-25,296.74
2004-10-26,296.735
2004-10-27,296.745
2004-10-28,296.746
2004-10-29,296.753
2004-10-30,296.745
2004-10-31,296.742
2004-11-01,296.682
2004-11-02,296.614
2004-11-03,296.534
2004-11-04,296.434
2004-11-05,296.376
2004-11-06,296.309
2004-11-07,296.28
2004-11-08,296.253
2004-11-09,296.224
2004-11-10,296.185
2004-11-11,296.178
2004-11-12,296.171
2004-11-13,296.148
2004-11-14,296.164
2004-11-15,296.147
2004-11-16,296.125
2004-11-17,296.109
2004-11-18,296.106
2004-11-19,296.101
2004-11-20,296.105
2004-11-21,296.086
2004-11-22,296.075
2004-11-23,296.07
2004-11-24,296.067
2004-11-25,296.067
2004-11-26,296.079
2004-11-27,296.083
2004-11-28,296.069
2004-11-29,296.049
2004-11-30,296.031
2004-12-01,296.024
2004-12-02,296.019
2004-12-03,296
2004-12-04,295.971
2004-12-05,295.975
2004-12-06,296.016
2004-12-07,296.181
2004-12-08,296.711
2004-12-09,297.371
2004-12-10,297.706
2004-12-11,297.892
2004-12-12,298.017
2004-12-13,298.122
2004-12-14,298.208
2004-12-15,298.281
2004-12-16,298.351
2004-12-17,298.416
2004-12-18,298.46
2004-12-19,298.511
2004-12-20,298.544
2004-12-21,298.579
2004-12-22,298.61
2004-12-23,298.64
2004-12-24,298.659
2004-12-25,298.654
2004-12-26,298.698
2004-12-27,298.861
2004-12-28,299.136
2004-12-29,299.48
2004-12-30,299.874
2004-12-31,300.286
2005-01-01,300.618
2005-01-02,300.909
2005-01-03,301.156
2005-01-04,301.311
2005-01-05,301.423
2005-01-06,301.542
2005-01-07,301.654
2005-01-08,301.752
2005-01-09,301.89
2005-01-10,302.027
2005-01-11,302.202
2005-01-12,302.364
2005-01-13,302.481
2005-01-14,302.577
2005-01-15,302.681
2005-01-16,302.774
2005-01-17,302.85
2005-01-18,302.95
2005-01-19,303.056
2005-01-20,303.171
2005-01-21,303.293
2005-01-22,303.405
2005-01-23,303.529
2005-01-24,303.636
2005-01-25,303.757
2005-01-26,304.045
2005-01-27,304.507
2005-01-28,305.017
2005-01-29,305.602
2005-01-30,306.027
2005-01-31,306.347
2005-02-01,306.545
2005-02-02,306.751
2005-02-03,306.944
2005-02-04,307.115
2005-02-05,307.274
2005-02-06,307.424
2005-02-07,307.56
2005-02-08,307.651
2005-02-09,307.736
2005-02-10,307.818
2005-02-11,307.886
2005-02-12,307.975
2005-02-13,308.071
2005-02-14,308.223
2005-02-15,308.368
2005-02-16,308.496
2005-02-17,308.605
2005-02-18,308.724
2005-02-19,308.856
2005-02-20,309.047
2005-02-21,309.335
2005-02-22,309.56
2005-02-23,309.771
2005-02-24,309.961
2005-02-25,310.1
2005-02-26,310.233
2005-02-27,310.402
2005-02-28,310.656
2005-03-01,310.982
2005-03-02,311.304
2005-03-03,311.607
2005-03-04,311.869
2005-03-05,312.098
2005-03-06,312.29
2005-03-07,312.428
2005-03-08,312.586
2005-03-09,312.741
2005-03-10,312.885
2005-03-11,313.026
2005-03-12,313.161
2005-03-13,313.263
2005-03-14,313.379
2005-03-15,313.494
2005-03-16,313.573
2005-03-17,313.665
2005-03-18,313.758
2005-03-19,313.901
2005-03-20,314.138
2005-03-21,314.423
2005-03-22,314.911
2005-03-23,315.57
2005-03-24,316.088
2005-03-25,316.477
2005-03-26,316.783
2005-03-27,317.105
2005-03-28,317.482
2005-03-29,317.855
2005-03-30,318.182
2005-03-31,318.448
2005-04-01,318.671
2005-04-02,318.852
2005-04-03,319.05
2005-04-04,319.243
2005-04-05,319.454
2005-04-06,319.644
2005-04-07,319.825
2005-04-08,320.057
2005-04-09,320.293
2005-04-10,320.486
2005-04-11,320.668
2005-04-12,320.845
2005-04-13,321.013
2005-04-14,321.154
2005-04-15,321.3
2005-04-16,321.43
2005-04-17,321.55
2005-04-18,321.665
2005-04-19,321.762
2005-04-20,321.857
2005-04-21,321.95
2005-04-22,322.04
2005-04-23,322.155
2005-04-24,322.265
2005-04-25,322.342
2005-04-26,322.419
2005-04-27,322.492
2005-04-28,322.569
2005-04-29,322.651
2005-04-30,322.735
2005-05-01,322.825
2005-05-02,322.909
2005-05-03,322.996
2005-05-04,323.084
2005-05-05,323.202
2005-05-06,323.374
2005-05-07,323.519
2005-05-08,323.787
2005-05-09,324.368
2005-05-10,324.993
2005-05-11,325.338
2005-05-12,325.47
2005-05-13,325.483
2005-05-14,325.446
2005-05-15,325.361
2005-05-16,325.401
2005-05-17,325.652
2005-05-18,325.362
2005-05-19,325.47
2005-05-20,325.612
2005-05-21,325.726
2005-05-22,325.8
2005-05-23,325.793
2005-05-24,325.731
2005-05-25,325.843
2005-05-26,325.855
2005-05-27,325.85
2005-05-28,325.812
2005-05-29,325.768
2005-05-30,325.714
2005-05-31,325.667
2005-06-01,325.618
2005-06-02,325.568
2005-06-03,325.5
2005-06-04,325.442
2005-06-05,325.384
2005-06-06,325.326
2005-06-07,325.245
2005-06-08,325.165
2005-06-09,325.102
2005-06-10,325.019
2005-06-11,324.936
2005-06-12,324.853
2005-06-13,324.758
2005-06-14,324.637
2005-06-15,324.523
2005-06-16,324.427
2005-06-17,324.388
2005-06-18,324.404
2005-06-19,324.439
2005-06-20,324.417
2005-06-21,324.38
2005-06-22,324.329
2005-06-23,324.226
2005-06-24,324.124
2005-06-25,323.962
2005-06-26,323.81
2005-06-27,323.662
2005-06-28,323.525
2005-06-29,323.39
2005-06-30,323.247
2005-07-01,323.097
2005-07-02,322.943
2005-07-03,322.781
2005-07-04,322.616
2005-07-05,322.423
2005-07-06,322.244
2005-07-07,322.065
2005-07-08,321.885
2005-07-09,321.659
2005-07-10,321.484
2005-07-11,321.283
2005-07-12,321.079
2005-07-13,320.842
2005-07-14,320.631
2005-07-15,320.411
2005-07-16,320.209
2005-07-17,319.976
2005-07-18,319.738
2005-07-19,319.522
2005-07-20,319.303
2005-07-21,319.09
2005-07-22,318.863
2005-07-23,318.638
2005-07-24,318.42
2005-07-25,318.195
2005-07-26,317.979
2005-07-27,317.786
2005-07-28,317.586
2005-07-29,317.39
2005-07-30,317.209
2005-07-31,317.025
2005-08-01,316.834
2005-08-02,316.656
2005-08-03,316.498
2005-08-04,316.308
2005-08-05,316.088
2005-08-06,315.88
2005-08-07,315.703
2005-08-08,315.525
2005-08-09,315.347
2005-08-10,315.18
2005-08-11,315.039
2005-08-12,314.923
2005-08-13,314.807
2005-08-14,314.682
2005-08-15,314.549
2005-08-16,314.422
2005-08-17,314.29
2005-08-18,314.148
2005-08-19,314.02
2005-08-20,313.881
2005-08-21,313.762
2005-08-22,313.651
2005-08-23,313.531
2005-08-24,313.407
2005-08-25,313.293
2005-08-26,313.165
2005-08-27,313.045
2005-08-28,312.938
2005-08-29,312.813
2005-08-30,312.692
2005-08-31,312.57
2005-09-01,312.447
2005-09-02,312.345
2005-09-03,312.229
2005-09-04,312.112
2005-09-05,312.006
2005-09-06,311.903
2005-09-07,311.803
2005-09-08,311.712
2005-09-09,311.624
2005-09-10,311.533
2005-09-11,311.43
2005-09-12,311.343
2005-09-13,311.255
2005-09-14,311.165
2005-09-15,311.076
2005-09-16,310.983
2005-09-17,310.904
2005-09-18,310.829
2005-09-19,310.747
2005-09-20,310.663
2005-09-21,310.585
2005-09-22,310.506
2005-09-23,310.407
2005-09-24,310.286
2005-09-25,310.155
2005-09-26,310.028
2005-09-27,309.92
2005-09-28,309.826
2005-09-29,309.714
2005-09-30,309.593
2005-10-01,309.466
2005-10-02,309.357
2005-10-03,309.268
2005-10-04,309.169
2005-10-05,309.066
2005-10-06,308.969
2005-10-07,308.883
2005-10-08,308.792
2005-10-09,308.698
2005-10-10,308.591
2005-10-11,308.478
2005-10-12,308.37
2005-10-13,308.267
2005-10-14,308.171
2005-10-15,308.072
2005-10-16,307.976
2005-10-17,307.883
2005-10-18,307.795
2005-10-19,307.74
2005-10-20,307.671
2005-10-21,307.607
2005-10-22,307.545
2005-10-23,307.484
2005-10-24,307.413
2005-10-25,307.344
2005-10-26,307.307
2005-10-27,307.253
2005-10-28,307.211
2005-10-29,307.18
2005-10-30,307.126
2005-10-31,307.066
2005-11-01,307.034
2005-11-02,307.006
2005-11-03,307.001
2005-11-04,307
2005-11-05,306.966
2005-11-06,306.954
2005-11-07,307.097
2005-11-08,307.285
2005-11-09,307.352
2005-11-10,307.425
2005-11-11,307.453
2005-11-12,307.46
2005-11-13,307.459
2005-11-14,307.452
2005-11-15,307.434
2005-11-16,307.437
2005-11-17,307.449
2005-11-18,307.431
2005-11-19,307.426
2005-11-20,307.429
2005-11-21,307.416
2005-11-22,307.401
2005-11-23,307.393
2005-11-24,307.38
2005-11-25,307.385
2005-11-26,307.396
2005-11-27,307.383
2005-11-28,307.393
2005-11-29,307.403
2005-11-30,307.41
2005-12-01,307.611
2005-12-02,307.877
2005-12-03,308.01
2005-12-04,308.071
2005-12-05,308.106
2005-12-06,308.149
2005-12-07,308.207
2005-12-08,308.246
2005-12-09,308.266
2005-12-10,308.287
2005-12-11,308.293
2005-12-12,308.297
2005-12-13,308.285
2005-12-14,308.279
2005-12-15,308.276
2005-12-16,308.282
2005-12-17,308.288
2005-12-18,308.327
2005-12-19,308.604
2005-12-20,309.077
2005-12-21,309.611
2005-12-22,310.372
2005-12-23,311.212
2005-12-24,311.837
2005-12-25,312.285
2005-12-26,312.88
2005-12-27,313.597
2005-12-28,314.636
2005-12-29,315.798
2005-12-30,316.144
2005-12-31,317.401
2006-01-01,318.733
2006-01-02,319.332
2006-01-03,319.787
2006-01-04,319.907
2006-01-05,319.796
2006-01-06,319.461
2006-01-07,318.994
2006-01-08,318.463
2006-01-09,317.808
2006-01-10,317.167
2006-01-11,316.511
2006-01-12,315.854
2006-01-13,315.113
2006-01-14,314.606
2006-01-15,314.351
2006-01-16,314.125
2006-01-17,313.959
2006-01-18,313.909
2006-01-19,313.977
2006-01-20,314.047
2006-01-21,314.174
2006-01-22,314.269
2006-01-23,314.393
2006-01-24,314.527
2006-01-25,314.674
2006-01-26,314.814
2006-01-27,314.947
2006-01-28,315.133
2006-01-29,315.376
2006-01-30,315.664
2006-01-31,315.926
2006-02-01,316.13
2006-02-02,316.38
2006-02-03,316.599
2006-02-04,316.583
2006-02-05,316.438
2006-02-06,316.237
2006-02-07,315.954
2006-02-08,315.748
2006-02-09,315.613
2006-02-10,315.613
2006-02-11,315.604
2006-02-12,315.652
2006-02-13,315.725
2006-02-14,315.817
2006-02-15,315.938
2006-02-16,316.097
2006-02-17,316.258
2006-02-18,316.424
2006-02-19,316.581
2006-02-20,316.728
2006-02-21,316.875
2006-02-22,317.012
2006-02-23,317.144
2006-02-24,317.286
2006-02-25,317.423
2006-02-26,317.577
2006-02-27,317.999
2006-02-28,318.673
2006-03-01,319.247
2006-03-02,319.649
2006-03-03,319.944
2006-03-04,320.025
2006-03-05,320.128
2006-03-06,320.338
2006-03-07,320.492
2006-03-08,320.404
2006-03-09,320.23
2006-03-10,320.054
2006-03-11,319.845
2006-03-12,319.57
2006-03-13,319.289
2006-03-14,319.015
2006-03-15,318.852
2006-03-16,318.868
2006-03-17,318.97
2006-03-18,319.038
2006-03-19,318.997
2006-03-20,318.933
2006-03-21,318.824
2006-03-22,318.675
2006-03-23,318.493
2006-03-24,318.326
2006-03-25,318.388
2006-03-26,318.571
2006-03-27,318.65
2006-03-28,318.751
2006-03-29,318.865
2006-03-30,318.979
2006-03-31,319.133
2006-04-01,319.374
2006-04-02,319.649
2006-04-03,319.989
2006-04-04,320.356
2006-04-05,320.354
2006-04-06,320.194
2006-04-07,319.986
2006-04-08,319.752
2006-04-09,319.594
2006-04-10,319.425
2006-04-11,319.332
2006-04-12,319.695
2006-04-13,320.416
2006-04-14,320.455
2006-04-15,320.441
2006-04-16,320.437
2006-04-17,320.518
2006-04-18,320.558
2006-04-19,320.51
2006-04-20,320.508
2006-04-21,320.443
2006-04-22,320.506
2006-04-23,320.53
2006-04-24,320.615
2006-04-25,320.697
2006-04-26,320.773
2006-04-27,320.78
2006-04-28,320.798
2006-04-29,320.954
2006-04-30,321.199
2006-05-01,321.468
2006-05-02,321.708
2006-05-03,321.984
2006-05-04,322.3
2006-05-05,322.635
2006-05-06,322.953
2006-05-07,323.263
2006-05-08,323.434
2006-05-09,323.584
2006-05-10,323.698
2006-05-11,323.789
2006-05-12,323.883
2006-05-13,323.989
2006-05-14,324.122
2006-05-15,324.268
2006-05-16,324.418
2006-05-17,324.553
2006-05-18,324.69
2006-05-19,324.838
2006-05-20,324.967
2006-05-21,325.096
2006-05-22,325.215
2006-05-23,325.313
2006-05-24,325.336
2006-05-25,325.442
2006-05-26,325.499
2006-05-27,325.538
2006-05-28,325.582
2006-05-29,325.595
2006-05-30,325.59
2006-05-31,325.589
2006-06-01,325.568
2006-06-02,325.554
2006-06-03,325.547
2006-06-04,325.532
2006-06-05,325.534
2006-06-06,325.512
2006-06-07,325.48
2006-06-08,325.459
2006-06-09,325.413
2006-06-10,325.373
2006-06-11,325.324
2006-06-12,325.272
2006-06-13,325.234
2006-06-14,325.192
2006-06-15,325.122
2006-06-16,325.026
2006-06-17,324.975
2006-06-18,324.89
2006-06-19,324.809
2006-06-20,324.709
2006-06-21,324.603
2006-06-22,324.481
2006-06-23,324.357
2006-06-24,324.223
2006-06-25,324.112
2006-06-26,323.95
2006-06-27,323.798
2006-06-28,323.666
2006-06-29,323.551
2006-06-30,323.429
2006-07-01,323.315
2006-07-02,323.183
2006-07-03,323.053
2006-07-04,322.933
2006-07-05,322.814
2006-07-06,322.683
2006-07-07,322.558
2006-07-08,322.42
2006-07-09,322.28
2006-07-10,322.139
2006-07-11,321.993
2006-07-12,321.844
2006-07-13,321.714
2006-07-14,321.572
2006-07-15,321.405
2006-07-16,321.231
2006-07-17,321.077
2006-07-18,320.923
2006-07-19,320.742
2006-07-20,320.566
2006-07-21,320.384
2006-07-22,320.196
2006-07-23,320.014
2006-07-24,319.852
2006-07-25,319.669
2006-07-26,319.504
2006-07-27,319.309
2006-07-28,319.131
2006-07-29,318.947
2006-07-30,318.765
2006-07-31,318.57
2006-08-01,318.382
2006-08-02,318.189
2006-08-03,318.018
2006-08-04,317.848
2006-08-05,317.684
2006-08-06,317.512
2006-08-07,317.332
2006-08-08,317.179
2006-08-09,317.008
2006-08-10,316.819
2006-08-11,316.647
2006-08-12,316.479
2006-08-13,316.307
2006-08-14,316.141
2006-08-15,315.985
2006-08-16,315.833
2006-08-17,315.685
2006-08-18,315.541
2006-08-19,315.377
2006-08-20,315.223
2006-08-21,315.071
2006-08-22,314.91
2006-08-23,314.748
2006-08-24,314.598
2006-08-25,314.454
2006-08-26,314.323
2006-08-27,314.207
2006-08-28,314.106
2006-08-29,313.999
2006-08-30,313.915
2006-08-31,313.819
2006-09-01,313.715
2006-09-02,313.608
2006-09-03,313.514
2006-09-04,313.386
2006-09-05,313.279
2006-09-06,313.158
2006-09-07,313.056
2006-09-08,312.981
2006-09-09,312.901
2006-09-10,312.806
2006-09-11,312.722
2006-09-12,312.643
2006-09-13,312.574
2006-09-14,312.483
2006-09-15,312.422
2006-09-16,312.353
2006-09-17,312.278
2006-09-18,312.218
2006-09-19,312.152
2006-09-20,312.076
2006-09-21,312.028
2006-09-22,311.979
2006-09-23,311.925
2006-09-24,311.871
2006-09-25,311.835
2006-09-26,311.807
2006-09-27,311.767
2006-09-28,311.737
2006-09-29,311.728
2006-09-30,311.7
2006-10-01,311.662
2006-10-02,311.634
2006-10-03,311.561
2006-10-04,311.487
2006-10-05,311.436
2006-10-06,311.384
2006-10-07,311.348
2006-10-08,311.287
2006-10-09,311.22
2006-10-10,311.165
2006-10-11,311.097
2006-10-12,311.064
2006-10-13,311.058
2006-10-14,311.032
2006-10-15,311.007
2006-10-16,310.971
2006-10-17,310.916
2006-10-18,310.87
2006-10-19,310.837
2006-10-20,310.821
2006-10-21,310.806
2006-10-22,310.786
2006-10-23,310.756
2006-10-24,310.711
2006-10-25,310.648
2006-10-26,310.608
2006-10-27,310.572
2006-10-28,310.563
2006-10-29,310.552
2006-10-30,310.564
2006-10-31,310.576
2006-11-01,310.55
2006-11-02,310.525
2006-11-03,310.518
2006-11-04,310.506
2006-11-05,310.467
2006-11-06,310.439
2006-11-07,310.399
2006-11-08,310.378
2006-11-09,310.361
2006-11-10,310.328
2006-11-11,310.303
2006-11-12,310.287
2006-11-13,310.28
2006-11-14,310.321
2006-11-15,310.342
2006-11-16,310.375
2006-11-17,310.385
2006-11-18,310.384
2006-11-19,310.364
2006-11-20,310.339
2006-11-21,310.331
2006-11-22,310.333
2006-11-23,310.348
2006-11-24,310.336
2006-11-25,310.316
2006-11-26,310.324
2006-11-27,310.353
2006-11-28,310.354
2006-11-29,310.337
2006-11-30,310.309
2006-12-01,310.284
2006-12-02,310.264
2006-12-03,310.244
2006-12-04,310.197
2006-12-05,310.17
2006-12-06,310.148
2006-12-07,310.124
2006-12-08,310.101
2006-12-09,310.121
2006-12-10,310.181
2006-12-11,310.273
2006-12-12,310.444
2006-12-13,310.693
2006-12-14,310.976
2006-12-15,311.283
2006-12-16,311.52
2006-12-17,311.635
2006-12-18,311.701
2006-12-19,311.741
2006-12-20,311.777
2006-12-21,311.799
2006-12-22,311.828
2006-12-23,311.843
2006-12-24,311.864
2006-12-25,311.878
2006-12-26,311.989
2006-12-27,312.233
2006-12-28,312.442
2006-12-29,312.542
2006-12-30,312.626
2006-12-31,312.691
2007-01-01,312.731
2007-01-02,312.752
2007-01-03,312.803
2007-01-04,312.894
2007-01-05,312.943
2007-01-06,312.985
2007-01-07,313.018
2007-01-08,313.053
2007-01-09,313.093
2007-01-10,313.118
2007-01-11,313.152
2007-01-12,313.179
2007-01-13,313.189
2007-01-14,313.196
2007-01-15,313.209
2007-01-16,313.223
2007-01-17,313.243
2007-01-18,313.253
2007-01-19,313.263
2007-01-20,313.264
2007-01-21,313.268
2007-01-22,313.269
2007-01-23,313.278
2007-01-24,313.283
2007-01-25,313.277
2007-01-26,313.273
2007-01-27,313.272
2007-01-28,313.268
2007-01-29,313.262
2007-01-30,313.257
2007-01-31,313.254
2007-02-01,313.244
2007-02-02,313.233
2007-02-03,313.224
2007-02-04,313.213
2007-02-05,313.207
2007-02-06,313.198
2007-02-07,313.205
2007-02-08,313.263
2007-02-09,313.37
2007-02-10,313.695
2007-02-11,314.223
2007-02-12,314.697
2007-02-13,314.941
2007-02-14,315.093
2007-02-15,315.214
2007-02-16,315.323
2007-02-17,315.41
2007-02-18,315.476
2007-02-19,315.545
2007-02-20,315.604
2007-02-21,315.727
2007-02-22,316.081
2007-02-23,316.515
2007-02-24,316.821
2007-02-25,317.115
2007-02-26,317.406
2007-02-27,317.663
2007-02-28,317.833
2007-03-01,317.967
2007-03-02,318.098
2007-03-03,318.209
2007-03-04,318.317
2007-03-05,318.444
2007-03-06,318.559
2007-03-07,318.676
2007-03-08,318.795
2007-03-09,318.922
2007-03-10,319.039
2007-03-11,319.158
2007-03-12,319.262
2007-03-13,319.377
2007-03-14,319.497
2007-03-15,319.602
2007-03-16,319.706
2007-03-17,319.798
2007-03-18,319.885
2007-03-19,319.972
2007-03-20,320.062
2007-03-21,320.161
2007-03-22,320.242
2007-03-23,320.287
2007-03-24,320.364
2007-03-25,320.424
2007-03-26,320.461
2007-03-27,320.511
2007-03-28,320.537
2007-03-29,320.555
2007-03-30,320.589
2007-03-31,320.605
2007-04-01,320.608
2007-04-02,320.593
2007-04-03,320.572
2007-04-04,320.551
2007-04-05,320.529
2007-04-06,320.489
2007-04-07,320.447
2007-04-08,320.411
2007-04-09,320.375
2007-04-10,320.329
2007-04-11,320.294
2007-04-12,320.254
2007-04-13,320.202
2007-04-14,320.159
2007-04-15,320.111
2007-04-16,320.062
2007-04-17,320.004
2007-04-18,319.944
2007-04-19,319.877
2007-04-20,319.812
2007-04-21,319.789
2007-04-22,319.794
2007-04-23,319.786
2007-04-24,319.755
2007-04-25,319.719
2007-04-26,319.679
2007-04-27,319.636
2007-04-28,319.595
2007-04-29,319.544
2007-04-30,319.518
2007-05-01,319.47
2007-05-02,319.438
2007-05-03,319.397
2007-05-04,319.294
2007-05-05,319.216
2007-05-06,319.138
2007-05-07,319.05
2007-05-08,318.972
2007-05-09,318.892
2007-05-10,318.804
2007-05-11,318.718
2007-05-12,318.621
2007-05-13,318.52
2007-05-14,318.41
2007-05-15,318.277
2007-05-16,318.126
2007-05-17,318.002
2007-05-18,317.888
2007-05-19,317.781
2007-05-20,317.673
2007-05-21,317.56
2007-05-22,317.449
2007-05-23,317.341
2007-05-24,317.234
2007-05-25,317.13
2007-05-26,317.01
2007-05-27,316.891
2007-05-28,316.757
2007-05-29,316.615
2007-05-30,316.51
2007-05-31,316.358
2007-06-01,316.21
2007-06-02,316.064
2007-06-03,315.922
2007-06-04,315.77
2007-06-05,315.613
2007-06-06,315.457
2007-06-07,315.304
2007-06-08,315.153
2007-06-09,314.998
2007-06-10,314.849
2007-06-11,314.693
2007-06-12,314.534
2007-06-13,314.371
2007-06-14,314.227
2007-06-15,314.069
2007-06-16,313.893
2007-06-17,313.687
2007-06-18,313.471
2007-06-19,313.241
2007-06-20,313.02
2007-06-21,312.82
2007-06-22,312.618
2007-06-23,312.41
2007-06-24,312.214
2007-06-25,312.01
2007-06-26,311.806
2007-06-27,311.573
2007-06-28,311.364
2007-06-29,311.133
2007-06-30,310.895
2007-07-01,310.652
2007-07-02,310.405
2007-07-03,310.155
2007-07-04,309.902
2007-07-05,309.636
2007-07-06,309.38
2007-07-07,309.139
2007-07-08,308.88
2007-07-09,308.628
2007-07-10,308.373
2007-07-11,308.111
2007-07-12,307.86
2007-07-13,307.614
2007-07-14,307.343
2007-07-15,307.092
2007-07-16,306.837
2007-07-17,306.559
2007-07-18,306.331
2007-07-19,306.107
2007-07-20,305.844
2007-07-21,305.581
2007-07-22,305.322
2007-07-23,305.072
2007-07-24,304.807
2007-07-25,304.547
2007-07-26,304.274
2007-07-27,304
2007-07-28,303.739
2007-07-29,303.51
2007-07-30,303.273
2007-07-31,303.042
2007-08-01,302.808
2007-08-02,302.574
2007-08-03,302.321
2007-08-04,302.058
2007-08-05,301.802
2007-08-06,301.545
2007-08-07,301.247
2007-08-08,300.934
2007-08-09,300.639
2007-08-10,300.377
2007-08-11,300.128
2007-08-12,299.882
2007-08-13,299.612
2007-08-14,299.391
2007-08-15,299.111
2007-08-16,298.908
2007-08-17,298.7
2007-08-18,298.49
2007-08-19,298.312
2007-08-20,298.138
2007-08-21,297.955
2007-08-22,297.782
2007-08-23,297.623
2007-08-24,297.459
2007-08-25,297.27
2007-08-26,297.103
2007-08-27,296.948
2007-08-28,296.796
2007-08-29,296.644
2007-08-30,296.459
2007-08-31,296.285
2007-09-01,296.129
2007-09-02,295.955
2007-09-03,295.771
2007-09-04,295.587
2007-09-05,295.406
2007-09-06,295.232
2007-09-07,295.055
2007-09-08,294.89
2007-09-09,294.721
2007-09-10,294.565
2007-09-11,294.41
2007-09-12,294.26
2007-09-13,294.114
2007-09-14,293.958
2007-09-15,293.827
2007-09-16,293.69
2007-09-17,293.564
2007-09-18,293.489
2007-09-19,293.366
2007-09-20,293.226
2007-09-21,293.099
2007-09-22,292.965
2007-09-23,292.799
2007-09-24,292.611
2007-09-25,292.446
2007-09-26,292.316
2007-09-27,292.194
2007-09-28,292.094
2007-09-29,291.992
2007-09-30,291.864
2007-10-01,291.752
2007-10-02,291.644
2007-10-03,291.526
2007-10-04,291.411
2007-10-05,291.314
2007-10-06,291.24
2007-10-07,291.156
2007-10-08,291.028
2007-10-09,290.928
2007-10-10,290.868
2007-10-11,290.879
2007-10-12,290.865
2007-10-13,290.808
2007-10-14,290.722
2007-10-15,290.646
2007-10-16,290.594
2007-10-17,290.558
2007-10-18,290.559
2007-10-19,290.582
2007-10-20,290.603
2007-10-21,290.574
2007-10-22,290.532
2007-10-23,290.485
2007-10-24,290.457
2007-10-25,290.424
2007-10-26,290.379
2007-10-27,290.301
2007-10-28,290.249
2007-10-29,290.203
2007-10-30,290.145
2007-10-31,290.096
2007-11-01,290.056
2007-11-02,290.014
2007-11-03,289.965
2007-11-04,289.924
2007-11-05,289.883
2007-11-06,289.837
2007-11-07,289.784
2007-11-08,289.732
2007-11-09,289.693
2007-11-10,289.655
2007-11-11,289.618
2007-11-12,289.578
2007-11-13,289.532
2007-11-14,289.494
2007-11-15,289.439
2007-11-16,289.375
2007-11-17,289.32
2007-11-18,289.265
2007-11-19,289.222
2007-11-20,289.2
2007-11-21,289.169
2007-11-22,289.104
2007-11-23,289.069
2007-11-24,289.023
2007-11-25,288.971
2007-11-26,288.886
2007-11-27,288.781
2007-11-28,288.693
2007-11-29,288.648
2007-11-30,288.599
2007-12-01,288.548
2007-12-02,288.481
2007-12-03,288.442
2007-12-04,288.448
2007-12-05,288.454
2007-12-06,288.452
2007-12-07,288.495
2007-12-08,288.532
2007-12-09,288.556
2007-12-10,288.568
2007-12-11,288.547
2007-12-12,288.508
2007-12-13,288.476
2007-12-14,288.454
2007-12-15,288.425
2007-12-16,288.416
2007-12-17,288.428
2007-12-18,288.617
2007-12-19,289.014
2007-12-20,289.302
2007-12-21,289.479
2007-12-22,289.551
2007-12-23,289.602
2007-12-24,289.613
2007-12-25,289.618
2007-12-26,289.619
2007-12-27,289.621
2007-12-28,289.608
2007-12-29,289.619
2007-12-30,289.619
2007-12-31,289.607
2008-01-01,289.599
2008-01-02,289.591
2008-01-03,289.655
2008-01-04,290.223
2008-01-05,291.009
2008-01-06,291.521
2008-01-07,291.855
2008-01-08,292.12
2008-01-09,292.37
2008-01-10,292.571
2008-01-11,292.798
2008-01-12,292.991
2008-01-13,293.164
2008-01-14,293.31
2008-01-15,293.43
2008-01-16,293.546
2008-01-17,293.635
2008-01-18,293.711
2008-01-19,293.785
2008-01-20,293.862
2008-01-21,293.954
2008-01-22,294.035
2008-01-23,294.089
2008-01-24,294.154
2008-01-25,294.229
2008-01-26,294.421
2008-01-27,294.76
2008-01-28,295.139
2008-01-29,295.481
2008-01-30,295.735
2008-01-31,296.006
2008-02-01,296.291
2008-02-02,296.566
2008-02-03,296.857
2008-02-04,297.113
2008-02-05,297.304
2008-02-06,297.457
2008-02-07,297.6
2008-02-08,297.735
2008-02-09,297.867
2008-02-10,298.008
2008-02-11,298.167
2008-02-12,298.317
2008-02-13,298.513
2008-02-14,298.68
2008-02-15,298.85
2008-02-16,299.007
2008-02-17,299.138
2008-02-18,299.261
2008-02-19,299.383
2008-02-20,299.507
2008-02-21,299.637
2008-02-22,299.848
2008-02-23,300.179
2008-02-24,300.691
2008-02-25,301.435
2008-02-26,302.016
2008-02-27,302.439
2008-02-28,302.769
2008-02-29,303.097
2008-03-01,303.405
2008-03-02,303.649
2008-03-03,303.883
2008-03-04,304.096
2008-03-05,304.29
2008-03-06,304.461
2008-03-07,304.623
2008-03-08,304.778
2008-03-09,304.91
2008-03-10,305.033
2008-03-11,305.181
2008-03-12,305.328
2008-03-13,305.48
2008-03-14,305.657
2008-03-15,305.832
2008-03-16,305.998
2008-03-17,306.16
2008-03-18,306.302
2008-03-19,306.447
2008-03-20,306.586
2008-03-21,306.721
2008-03-22,306.848
2008-03-23,306.978
2008-03-24,307.11
2008-03-25,307.236
2008-03-26,307.352
2008-03-27,307.477
2008-03-28,307.614
2008-03-29,307.725
2008-03-30,307.829
2008-03-31,307.917
2008-04-01,307.987
2008-04-02,308.05
2008-04-03,308.089
2008-04-04,308.144
2008-04-05,308.2
2008-04-06,308.225
2008-04-07,308.238
2008-04-08,308.251
2008-04-09,308.242
2008-04-10,308.218
2008-04-11,308.182
2008-04-12,308.139
2008-04-13,308.124
2008-04-14,308.123
2008-04-15,308.122
2008-04-16,308.121
2008-04-17,308.103
2008-04-18,308.084
2008-04-19,308.061
2008-04-20,308.034
2008-04-21,308.003
2008-04-22,307.989
2008-04-23,307.988
2008-04-24,307.957
2008-04-25,307.924
2008-04-26,307.89
2008-04-27,307.866
2008-04-28,307.848
2008-04-29,307.829
2008-04-30,307.8
2008-05-01,307.76
2008-05-02,307.724
2008-05-03,307.682
2008-05-04,307.631
2008-05-05,307.579
2008-05-06,307.535
2008-05-07,307.49
2008-05-08,307.47
2008-05-09,307.434
2008-05-10,307.39
2008-05-11,307.337
2008-05-12,307.284
2008-05-13,307.236
2008-05-14,307.183
2008-05-15,307.111
2008-05-16,307.027
2008-05-17,307.007
2008-05-18,306.975
2008-05-19,306.903
2008-05-20,306.823
2008-05-21,306.727
2008-05-22,306.623
2008-05-23,306.542
2008-05-24,306.433
2008-05-25,306.329
2008-05-26,306.214
2008-05-27,306.109
2008-05-28,306.038
2008-05-29,305.98
2008-05-30,305.853
2008-05-31,305.722
2008-06-01,305.614
2008-06-02,305.489
2008-06-03,305.35
2008-06-04,305.258
2008-06-05,305.145
2008-06-06,305.027
2008-06-07,304.894
2008-06-08,304.76
2008-06-09,304.624
2008-06-10,304.482
2008-06-11,304.329
2008-06-12,304.161
2008-06-13,303.986
2008-06-14,303.832
2008-06-15,303.647
2008-06-16,303.476
2008-06-17,303.292
2008-06-18,303.082
2008-06-19,302.856
2008-06-20,302.621
2008-06-21,302.385
2008-06-22,302.151
2008-06-23,301.88
2008-06-24,301.642
2008-06-25,301.392
2008-06-26,301.149
2008-06-27,300.91
2008-06-28,300.677
2008-06-29,300.423
2008-06-30,300.178
2008-07-01,299.958
2008-07-02,299.674
2008-07-03,299.397
2008-07-04,299.153
2008-07-05,298.891
2008-07-06,298.625
2008-07-07,298.355
2008-07-08,298.078
2008-07-09,297.81
2008-07-10,297.538
2008-07-11,297.261
2008-07-12,296.986
2008-07-13,296.713
2008-07-14,296.416
2008-07-15,296.13
2008-07-16,295.854
2008-07-17,295.593
2008-07-18,295.318
2008-07-19,295.047
2008-07-20,294.796
2008-07-21,294.527
2008-07-22,294.239
2008-07-23,293.999
2008-07-24,293.756
2008-07-25,293.497
2008-07-26,293.245
2008-07-27,293.005
2008-07-28,292.778
2008-07-29,292.536
2008-07-30,292.273
2008-07-31,292.018
2008-08-01,291.775
2008-08-02,291.526
2008-08-03,291.286
2008-08-04,291.049
2008-08-05,290.84
2008-08-06,290.61
2008-08-07,290.375
2008-08-08,290.155
2008-08-09,289.928
2008-08-10,289.691
2008-08-11,289.477
2008-08-12,289.249
2008-08-13,289.031
2008-08-14,288.801
2008-08-15,288.581
2008-08-16,288.37
2008-08-17,288.159
2008-08-18,287.962
2008-08-19,287.752
2008-08-20,287.531
2008-08-21,287.314
2008-08-22,287.114
2008-08-23,286.927
2008-08-24,286.743
2008-08-25,286.572
2008-08-26,286.39
2008-08-27,286.186
2008-08-28,285.975
2008-08-29,285.775
2008-08-30,285.597
2008-08-31,285.409
2008-09-01,285.235
2008-09-02,285.088
2008-09-03,284.928
2008-09-04,284.772
2008-09-05,284.631
2008-09-06,284.471
2008-09-07,284.329
2008-09-08,284.201
2008-09-09,284.041
2008-09-10,283.885
2008-09-11,283.742
2008-09-12,283.599
2008-09-13,283.479
2008-09-14,283.351
2008-09-15,283.228
2008-09-16,283.11
2008-09-17,283
2008-09-18,282.885
2008-09-19,282.778
2008-09-20,282.685
2008-09-21,282.573
2008-09-22,282.486
2008-09-23,282.379
2008-09-24,282.292
2008-09-25,282.204
2008-09-26,282.117
2008-09-27,282.034
2008-09-28,281.945
2008-09-29,281.869
2008-09-30,281.8
2008-10-01,281.736
2008-10-02,281.664
2008-10-03,281.627
2008-10-04,281.626
2008-10-05,281.602
2008-10-06,281.54
2008-10-07,281.472
2008-10-08,281.389
2008-10-09,281.306
2008-10-10,281.245
2008-10-11,281.173
2008-10-12,281.116
2008-10-13,281.052
2008-10-14,280.98
2008-10-15,280.929
2008-10-16,280.897
2008-10-17,280.833
2008-10-18,280.725
2008-10-19,280.626
2008-10-20,280.521
2008-10-21,280.403
2008-10-22,280.304
2008-10-23,280.21
2008-10-24,280.109
2008-10-25,280.001
2008-10-26,279.902
2008-10-27,279.785
2008-10-28,279.676
2008-10-29,279.574
2008-10-30,279.475
2008-10-31,279.384
2008-11-01,279.444
2008-11-02,279.595
2008-11-03,279.785
2008-11-04,279.883
2008-11-05,279.931
2008-11-06,279.984
2008-11-07,279.992
2008-11-08,279.98
2008-11-09,279.988
2008-11-10,280.001
2008-11-11,280.034
2008-11-12,280.036
2008-11-13,280.034
2008-11-14,280.06
2008-11-15,280.077
2008-11-16,280.09
2008-11-17,280.122
2008-11-18,280.157
2008-11-19,280.204
2008-11-20,280.219
2008-11-21,280.252
2008-11-22,280.293
2008-11-23,280.331
2008-11-24,280.325
2008-11-25,280.334
2008-11-26,280.338
2008-11-27,280.353
2008-11-28,280.35
2008-11-29,280.318
2008-11-30,280.291
2008-12-01,280.282
2008-12-02,280.276
2008-12-03,280.272
2008-12-04,280.243
2008-12-05,280.237
2008-12-06,280.233
2008-12-07,280.208
2008-12-08,280.204
2008-12-09,280.258
2008-12-10,280.238
2008-12-11,280.214
2008-12-12,280.202
2008-12-13,280.193
2008-12-14,280.201
2008-12-15,280.211
2008-12-16,280.208
2008-12-17,280.19
2008-12-18,280.196
2008-12-19,280.17
2008-12-20,280.154
2008-12-21,280.176
2008-12-22,280.193
2008-12-23,280.187
2008-12-24,280.217
2008-12-25,280.278
2008-12-26,280.323
2008-12-27,280.324
2008-12-28,280.342
2008-12-29,280.387
2008-12-30,280.456
2008-12-31,280.48
2009-01-01,280.497
2009-01-02,280.526
2009-01-03,280.571
2009-01-04,280.593
2009-01-05,280.617
2009-01-06,280.653
2009-01-07,280.684
2009-01-08,280.7
2009-01-09,280.726
2009-01-10,280.767
2009-01-11,280.817
2009-01-12,280.85
2009-01-13,280.897
2009-01-14,280.942
2009-01-15,280.989
2009-01-16,281.01
2009-01-17,281.044
2009-01-18,281.074
2009-01-19,281.103
2009-01-20,281.128
2009-01-21,281.154
2009-01-22,281.179
2009-01-23,281.2
2009-01-24,281.246
2009-01-25,281.307
2009-01-26,281.355
2009-01-27,281.388
2009-01-28,281.444
2009-01-29,281.494
2009-01-30,281.543
2009-01-31,281.571
2009-02-01,281.587
2009-02-02,281.587
2009-02-03,281.594
2009-02-04,281.609
2009-02-05,281.649
2009-02-06,281.761
2009-02-07,281.901
2009-02-08,282.016
2009-02-09,282.108
2009-02-10,282.165
2009-02-11,282.245
2009-02-12,282.345
2009-02-13,282.485
2009-02-14,282.767
2009-02-15,283.156
2009-02-16,283.676
2009-02-17,284.075
2009-02-18,284.415
2009-02-19,284.681
2009-02-20,284.878
2009-02-21,285.101
2009-02-22,285.556
2009-02-23,286.952
2009-02-24,288.76
2009-02-25,289.946
2009-02-26,290.692
2009-02-27,291.337
2009-02-28,291.858
2009-03-01,292.572
2009-03-02,294.067
2009-03-03,295.783
2009-03-04,296.954
2009-03-05,297.777
2009-03-06,298.419
2009-03-07,298.907
2009-03-08,299.316
2009-03-09,299.691
2009-03-10,300.019
2009-03-11,300.249
2009-03-12,300.502
2009-03-13,300.713
2009-03-14,300.874
2009-03-15,301.082
2009-03-16,301.609
2009-03-17,302.336
2009-03-18,302.876
2009-03-19,303.277
2009-03-20,303.612
2009-03-21,303.938
2009-03-22,304.294
2009-03-23,304.62
2009-03-24,304.869
2009-03-25,305.088
2009-03-26,305.321
2009-03-27,305.52
2009-03-28,305.704
2009-03-29,305.887
2009-03-30,306.059
2009-03-31,306.217
2009-04-01,306.366
2009-04-02,306.463
2009-04-03,306.537
2009-04-04,306.594
2009-04-05,306.666
2009-04-06,306.734
2009-04-07,306.805
2009-04-08,306.886
2009-04-09,307.013
2009-04-10,307.165
2009-04-11,307.342
2009-04-12,307.478
2009-04-13,307.578
2009-04-14,307.632
2009-04-15,307.703
2009-04-16,307.77
2009-04-17,307.816
2009-04-18,307.84
2009-04-19,307.86
2009-04-20,307.881
2009-04-21,307.918
2009-04-22,307.955
2009-04-23,308.046
2009-04-24,308.115
2009-04-25,308.118
2009-04-26,308.149
2009-04-27,308.082
2009-04-28,308.045
2009-04-29,308.011
2009-04-30,307.969
2009-05-01,307.937
2009-05-02,307.953
2009-05-03,308.187
2009-05-04,308.558
2009-05-05,309.024
2009-05-06,309.521
2009-05-07,309.872
2009-05-08,310.106
2009-05-09,310.255
2009-05-10,310.37
2009-05-11,310.473
2009-05-12,310.545
2009-05-13,310.592
2009-05-14,310.635
2009-05-15,310.663
2009-05-16,310.683
2009-05-17,310.669
2009-05-18,310.641
2009-05-19,310.612
2009-05-20,310.577
2009-05-21,310.523
2009-05-22,310.467
2009-05-23,310.409
2009-05-24,310.346
2009-05-25,310.277
2009-05-26,310.199
2009-05-27,310.125
2009-05-28,310.039
2009-05-29,309.952
2009-05-30,309.872
2009-05-31,309.788
2009-06-01,309.705
2009-06-02,309.608
2009-06-03,309.494
2009-06-04,309.424
2009-06-05,309.316
2009-06-06,309.206
2009-06-07,309.102
2009-06-08,308.984
2009-06-09,308.846
2009-06-10,308.737
2009-06-11,308.612
2009-06-12,308.48
2009-06-13,308.354
2009-06-14,308.223
2009-06-15,308.056
2009-06-16,307.905
2009-06-17,307.786
2009-06-18,307.665
2009-06-19,307.521
2009-06-20,307.379
2009-06-21,307.218
2009-06-22,307.068
2009-06-23,306.917
2009-06-24,306.748
2009-06-25,306.579
2009-06-26,306.408
2009-06-27,306.222
2009-06-28,306.006
2009-06-29,305.8
2009-06-30,305.564
2009-07-01,305.323
2009-07-02,305.065
2009-07-03,304.823
2009-07-04,304.627
2009-07-05,304.43
2009-07-06,304.225
2009-07-07,304.033
2009-07-08,303.799
2009-07-09,303.59
2009-07-10,303.382
2009-07-11,303.178
2009-07-12,302.968
2009-07-13,302.742
2009-07-14,302.525
2009-07-15,302.281
2009-07-16,302.083
2009-07-17,301.879
2009-07-18,301.666
2009-07-19,301.422
2009-07-20,301.19
2009-07-21,301.003
2009-07-22,300.846
2009-07-23,300.696
2009-07-24,300.51
2009-07-25,300.279
2009-07-26,300.05
2009-07-27,299.789
2009-07-28,299.559
2009-07-29,299.322
2009-07-30,299.072
2009-07-31,298.828
2009-08-01,298.6
2009-08-02,298.359
2009-08-03,298.115
2009-08-04,297.871
2009-08-05,297.596
2009-08-06,297.359
2009-08-07,297.126
2009-08-08,296.916
2009-08-09,296.688
2009-08-10,296.459
2009-08-11,296.243
2009-08-12,296.045
2009-08-13,295.786
2009-08-14,295.514
2009-08-15,295.321
2009-08-16,295.127
2009-08-17,294.919
2009-08-18,294.712
2009-08-19,294.516
2009-08-20,294.318
2009-08-21,294.125
2009-08-22,293.943
2009-08-23,293.745
2009-08-24,293.538
2009-08-25,293.327
2009-08-26,293.131
2009-08-27,292.932
2009-08-28,292.767
2009-08-29,292.55
2009-08-30,292.367
2009-08-31,292.221
2009-09-01,292.086
2009-09-02,291.896
2009-09-03,291.75
2009-09-04,291.583
2009-09-05,291.485
2009-09-06,291.359
2009-09-07,291.244
2009-09-08,291.121
2009-09-09,290.979
2009-09-10,290.852
2009-09-11,290.728
2009-09-12,290.592
2009-09-13,290.453
2009-09-14,290.341
2009-09-15,290.254
2009-09-16,290.164
2009-09-17,290.068
2009-09-18,289.975
2009-09-19,289.89
2009-09-20,289.804
2009-09-21,289.712
2009-09-22,289.63
2009-09-23,289.559
2009-09-24,289.49
2009-09-25,289.424
2009-09-26,289.36
2009-09-27,289.293
2009-09-28,289.23
2009-09-29,289.151
2009-09-30,289.099
2009-10-01,289.044
2009-10-02,288.937
2009-10-03,288.837
2009-10-04,288.721
2009-10-05,288.605
2009-10-06,288.484
2009-10-07,288.358
2009-10-08,288.239
2009-10-09,288.144
2009-10-10,288.027
2009-10-11,287.923
2009-10-12,287.803
2009-10-13,287.828
2009-10-14,288.171
2009-10-15,288.553
2009-10-16,288.656
2009-10-17,288.641
2009-10-18,288.573
2009-10-19,288.556
2009-10-20,288.484
2009-10-21,288.431
2009-10-22,288.38
2009-10-23,288.327
2009-10-24,288.265
2009-10-25,288.196
2009-10-26,288.135
2009-10-27,288.053
2009-10-28,287.978
2009-10-29,287.888
2009-10-30,287.802
2009-10-31,287.73
2009-11-01,287.653
2009-11-02,287.596
2009-11-03,287.534
2009-11-04,287.458
2009-11-05,287.383
2009-11-06,287.354
2009-11-07,287.327
2009-11-08,287.276
2009-11-09,287.223
2009-11-10,287.172
2009-11-11,287.125
2009-11-12,287.071
2009-11-13,287.016
2009-11-14,286.962
2009-11-15,286.909
2009-11-16,286.888
2009-11-17,286.847
2009-11-18,286.812
2009-11-19,286.773
2009-11-20,286.777
2009-11-21,286.793
2009-11-22,286.799
2009-11-23,286.811
2009-11-24,286.823
2009-11-25,286.826
2009-11-26,286.807
2009-11-27,286.806
2009-11-28,286.809
2009-11-29,286.809
2009-11-30,286.822
2009-12-01,286.828
2009-12-02,286.832
2009-12-03,286.833
2009-12-04,286.827
2009-12-05,286.833
2009-12-06,286.834
2009-12-07,286.85
2009-12-08,286.845
2009-12-09,286.84
2009-12-10,286.833
2009-12-11,286.843
2009-12-12,286.885
2009-12-13,286.935
2009-12-14,286.966
2009-12-15,287.061
2009-12-16,287.256
2009-12-17,287.454
2009-12-18,287.602
2009-12-19,287.708
2009-12-20,287.805
2009-12-21,287.911
2009-12-22,288.05
2009-12-23,288.169
2009-12-24,288.255
2009-12-25,288.309
2009-12-26,288.366
2009-12-27,288.426
2009-12-28,288.485
2009-12-29,288.538
2009-12-30,288.596
2009-12-31,288.661
2010-01-01,288.9
2010-01-02,289.267
2010-01-03,289.52
2010-01-04,289.682
2010-01-05,289.796
2010-01-06,289.891
2010-01-07,289.971
2010-01-08,290.056
2010-01-09,290.144
2010-01-10,290.234
2010-01-11,290.291
2010-01-12,290.498
2010-01-13,291.017
2010-01-14,291.573
2010-01-15,291.909
2010-01-16,292.145
2010-01-17,292.425
2010-01-18,293.058
2010-01-19,294.28
2010-01-20,295.695
2010-01-21,296.933
2010-01-22,297.833
2010-01-23,298.439
2010-01-24,298.959
2010-01-25,299.525
2010-01-26,300.099
2010-01-27,300.579
2010-01-28,300.95
2010-01-29,301.266
2010-01-30,301.587
2010-01-31,301.891
2010-02-01,302.14
2010-02-02,302.41
2010-02-03,302.684
2010-02-04,303.056
2010-02-05,303.74
2010-02-06,304.671
2010-02-07,305.452
2010-02-08,306.014
2010-02-09,306.439
2010-02-10,306.804
2010-02-11,307.139
2010-02-12,307.502
2010-02-13,307.9
2010-02-14,308.314
2010-02-15,308.678
2010-02-16,308.998
2010-02-17,309.276
2010-02-18,309.565
2010-02-19,309.822
2010-02-20,310.066
2010-02-21,310.3
2010-02-22,310.512
2010-02-23,310.68
2010-02-24,310.866
2010-02-25,311.057
2010-02-26,311.348
2010-02-27,311.822
2010-02-28,312.254
2010-03-01,312.582
2010-03-02,312.899
2010-03-03,313.323
2010-03-04,313.743
2010-03-05,314.042
2010-03-06,314.322
2010-03-07,314.57
2010-03-08,314.809
2010-03-09,315.044
2010-03-10,315.238
2010-03-11,315.404
2010-03-12,315.58
2010-03-13,315.774
2010-03-14,315.949
2010-03-15,316.077
2010-03-16,316.198
2010-03-17,316.368
2010-03-18,316.545
2010-03-19,316.66
2010-03-20,316.785
2010-03-21,316.9
2010-03-22,317.003
2010-03-23,317.094
2010-03-24,317.185
2010-03-25,317.294
2010-03-26,317.403
2010-03-27,317.506
2010-03-28,317.599
2010-03-29,317.74
2010-03-30,317.949
2010-03-31,318.155
2010-04-01,318.321
2010-04-02,318.496
2010-04-03,318.669
2010-04-04,318.849
2010-04-05,319.033
2010-04-06,319.199
2010-04-07,319.339
2010-04-08,319.492
2010-04-09,319.649
2010-04-10,319.789
2010-04-11,319.951
2010-04-12,320.23
2010-04-13,320.59
2010-04-14,320.914
2010-04-15,321.23
2010-04-16,321.507
2010-04-17,321.735
2010-04-18,321.941
2010-04-19,322.146
2010-04-20,322.365
2010-04-21,322.59
2010-04-22,322.758
2010-04-23,322.897
2010-04-24,323.004
2010-04-25,323.093
2010-04-26,323.179
2010-04-27,323.35
2010-04-28,323.56
2010-04-29,323.741
2010-04-30,323.919
2010-05-01,324.027
2010-05-02,324.106
2010-05-03,324.177
2010-05-04,324.247
2010-05-05,324.317
2010-05-06,324.383
2010-05-07,324.429
2010-05-08,324.467
2010-05-09,324.511
2010-05-10,324.589
2010-05-11,324.676
2010-05-12,324.742
2010-05-13,324.803
2010-05-14,324.859
2010-05-15,324.905
2010-05-16,324.942
2010-05-17,324.984
2010-05-18,325.049
2010-05-19,325.105
2010-05-20,325.142
2010-05-21,325.186
2010-05-22,325.207
2010-05-23,325.206
2010-05-24,325.187
2010-05-25,325.182
2010-05-26,325.196
2010-05-27,325.188
2010-05-28,325.176
2010-05-29,325.122
2010-05-30,325.001
2010-05-31,324.866
2010-06-01,324.739
2010-06-02,324.718
2010-06-03,324.625
2010-06-04,324.559
2010-06-05,324.533
2010-06-06,324.502
2010-06-07,324.457
2010-06-08,324.39
2010-06-09,324.351
2010-06-10,324.338
2010-06-11,324.308
2010-06-12,324.292
2010-06-13,324.247
2010-06-14,324.205
2010-06-15,324.148
2010-06-16,324.098
2010-06-17,324.057
2010-06-18,323.99
2010-06-19,323.928
2010-06-20,323.87
2010-06-21,323.81
2010-06-22,323.75
2010-06-23,323.691
2010-06-24,323.616
2010-06-25,323.537
2010-06-26,323.463
2010-06-27,323.389
2010-06-28,323.299
2010-06-29,323.208
2010-06-30,323.117
2010-07-01,323.005
2010-07-02,322.893
2010-07-03,322.777
2010-07-04,322.659
2010-07-05,322.54
2010-07-06,322.406
2010-07-07,322.281
2010-07-08,322.155
2010-07-09,322.029
2010-07-10,321.878
2010-07-11,321.743
2010-07-12,321.601
2010-07-13,321.45
2010-07-14,321.306
2010-07-15,321.15
2010-07-16,321.003
2010-07-17,320.849
2010-07-18,320.696
2010-07-19,320.54
2010-07-20,320.381
2010-07-21,320.225
2010-07-22,320.064
2010-07-23,319.898
2010-07-24,319.739
2010-07-25,319.58
2010-07-26,319.414
2010-07-27,319.25
2010-07-28,319.086
2010-07-29,318.924
2010-07-30,318.768
2010-07-31,318.601
2010-08-01,318.43
2010-08-02,318.262
2010-08-03,318.111
2010-08-04,317.929
2010-08-05,317.756
2010-08-06,317.59
2010-08-07,317.433
2010-08-08,317.276
2010-08-09,317.137
2010-08-10,316.988
2010-08-11,316.841
2010-08-12,316.7
2010-08-13,316.571
2010-08-14,316.44
2010-08-15,316.322
2010-08-16,316.207
2010-08-17,316.094
2010-08-18,315.959
2010-08-19,315.837
2010-08-20,315.727
2010-08-21,315.61
2010-08-22,315.497
2010-08-23,315.404
2010-08-24,315.273
2010-08-25,315.161
2010-08-26,315.058
2010-08-27,314.946
2010-08-28,314.838
2010-08-29,314.75
2010-08-30,314.651
2010-08-31,314.55
2010-09-01,314.448
2010-09-02,314.349
2010-09-03,314.253
2010-09-04,314.165
2010-09-05,314.067
2010-09-06,313.975
2010-09-07,313.877
2010-09-08,313.787
2010-09-09,313.694
2010-09-10,313.544
2010-09-11,313.389
2010-09-12,313.277
2010-09-13,313.175
2010-09-14,313.079
2010-09-15,313.001
2010-09-16,312.928
2010-09-17,312.868
2010-09-18,312.807
2010-09-19,312.752
2010-09-20,312.687
2010-09-21,312.616
2010-09-22,312.583
2010-09-23,312.54
2010-09-24,312.484
2010-09-25,312.43
2010-09-26,312.375
2010-09-27,312.318
2010-09-28,312.267
2010-09-29,312.21
2010-09-30,312.155
2010-10-01,312.083
2010-10-02,312.039
2010-10-03,311.995
2010-10-04,311.949
2010-10-05,311.888
2010-10-06,311.845
2010-10-07,311.798
2010-10-08,311.756
2010-10-09,311.716
2010-10-10,311.694
2010-10-11,311.673
2010-10-12,311.647
2010-10-13,311.617
2010-10-14,311.581
2010-10-15,311.544
2010-10-16,311.498
2010-10-17,311.464
2010-10-18,311.424
2010-10-19,311.381
2010-10-20,311.34
2010-10-21,311.308
2010-10-22,311.281
2010-10-23,311.294
2010-10-24,311.433
2010-10-25,311.551
2010-10-26,311.544
2010-10-27,311.534
2010-10-28,311.541
2010-10-29,311.548
2010-10-30,311.559
2010-10-31,311.588
2010-11-01,311.604
2010-11-02,311.605
2010-11-03,311.606
2010-11-04,311.578
2010-11-05,311.552
2010-11-06,311.498
2010-11-07,311.507
2010-11-08,311.576
2010-11-09,311.564
2010-11-10,311.542
2010-11-11,311.507
2010-11-12,311.468
2010-11-13,311.42
2010-11-14,311.377
2010-11-15,311.33
2010-11-16,311.285
2010-11-17,311.23
2010-11-18,311.166
2010-11-19,311.117
2010-11-20,311.102
2010-11-21,311.112
2010-11-22,311.124
2010-11-23,311.13
2010-11-24,311.092
2010-11-25,311.058
2010-11-26,311.025
2010-11-27,310.999
2010-11-28,310.973
2010-11-29,310.936
2010-11-30,310.883
2010-12-01,310.834
2010-12-02,310.801
2010-12-03,310.786
2010-12-04,310.776
2010-12-05,310.793
2010-12-06,310.96
2010-12-07,311.167
2010-12-08,311.335
2010-12-09,311.541
2010-12-10,311.788
2010-12-11,312.027
2010-12-12,312.173
2010-12-13,312.236
2010-12-14,312.313
2010-12-15,312.295
2010-12-16,312.176
2010-12-17,312.066
2010-12-18,311.982
2010-12-19,311.964
2010-12-20,312.042
2010-12-21,312.175
2010-12-22,312.388
2010-12-23,312.587
2010-12-24,312.637
2010-12-25,312.684
2010-12-26,312.86
2010-12-27,313.111
2010-12-28,313.332
2010-12-29,313.68
2010-12-30,313.975
2010-12-31,314.031
2011-01-01,314.028
2011-01-02,313.968
2011-01-03,313.854
2011-01-04,313.71
2011-01-05,313.59
2011-01-06,313.419
2011-01-07,313.275
2011-01-08,313.161
2011-01-09,313.05
2011-01-10,312.954
2011-01-11,312.905
2011-01-12,312.89
2011-01-13,312.881
2011-01-14,312.871
2011-01-15,312.897
2011-01-16,312.929
2011-01-17,313.008
2011-01-18,313.093
2011-01-19,313.181
2011-01-20,313.25
2011-01-21,313.315
2011-01-22,313.373
2011-01-23,313.444
2011-01-24,313.504
2011-01-25,313.559
2011-01-26,313.611
2011-01-27,313.656
2011-01-28,313.697
2011-01-29,313.753
2011-01-30,313.804
2011-01-31,313.864
2011-02-01,313.909
2011-02-02,313.95
2011-02-03,313.992
2011-02-04,314.029
2011-02-05,314.058
2011-02-06,314.079
2011-02-07,314.114
2011-02-08,314.154
2011-02-09,314.187
2011-02-10,314.219
2011-02-11,314.249
2011-02-12,314.278
2011-02-13,314.301
2011-02-14,314.365
2011-02-15,314.599
2011-02-16,315.048
2011-02-17,315.474
2011-02-18,315.841
2011-02-19,316.159
2011-02-20,316.378
2011-02-21,316.537
2011-02-22,316.659
2011-02-23,316.725
2011-02-24,316.825
2011-02-25,316.922
2011-02-26,317.044
2011-02-27,317.158
2011-02-28,317.251
2011-03-01,317.428
2011-03-02,317.722
2011-03-03,318.077
2011-03-04,318.347
2011-03-05,318.552
2011-03-06,318.819
2011-03-07,319.11
2011-03-08,319.378
2011-03-09,319.633
2011-03-10,319.873
2011-03-11,320.115
2011-03-12,320.394
2011-03-13,320.637
2011-03-14,320.942
2011-03-15,321.346
2011-03-16,321.709
2011-03-17,322.052
2011-03-18,322.207
2011-03-19,322.374
2011-03-20,322.466
2011-03-21,322.453
2011-03-22,322.13
2011-03-23,321.701
2011-03-24,321.548
2011-03-25,322.002
2011-03-26,322.395
2011-03-27,322.392
2011-03-28,322.205
2011-03-29,321.867
2011-03-30,321.333
2011-03-31,320.799
2011-04-01,320.241
2011-04-02,319.728
2011-04-03,319.445
2011-04-04,319.148
2011-04-05,318.991
2011-04-06,318.894
2011-04-07,318.783
2011-04-08,318.691
2011-04-09,318.677
2011-04-10,318.665
2011-04-11,318.691
2011-04-12,318.748
2011-04-13,318.838
2011-04-14,318.936
2011-04-15,319.107
2011-04-16,319.325
2011-04-17,319.509
2011-04-18,319.605
2011-04-19,319.704
2011-04-20,319.911
2011-04-21,320.219
2011-04-22,320.538
2011-04-23,320.823
2011-04-24,321.097
2011-04-25,321.373
2011-04-26,321.652
2011-04-27,321.862
2011-04-28,322.052
2011-04-29,322.316
2011-04-30,322.599
2011-05-01,322.798
2011-05-02,322.974
2011-05-03,323.12
2011-05-04,323.228
2011-05-05,323.341
2011-05-06,323.452
2011-05-07,323.561
2011-05-08,323.665
2011-05-09,323.769
2011-05-10,323.849
2011-05-11,323.939
2011-05-12,324.015
2011-05-13,324.083
2011-05-14,324.175
2011-05-15,324.299
2011-05-16,324.389
2011-05-17,324.494
2011-05-18,324.584
2011-05-19,324.666
2011-05-20,324.742
2011-05-21,324.778
2011-05-22,324.81
2011-05-23,324.842
2011-05-24,324.854
2011-05-25,324.893
2011-05-26,324.955
2011-05-27,324.991
2011-05-28,325.006
2011-05-29,325.001
2011-05-30,324.987
2011-05-31,325.023
2011-06-01,325.047
2011-06-02,325.104
2011-06-03,325.116
2011-06-04,325.071
2011-06-05,324.904
2011-06-06,324.725
2011-06-07,324.587
2011-06-08,324.441
2011-06-09,324.356
2011-06-10,324.332
2011-06-11,324.356
2011-06-12,324.412
2011-06-13,324.461
2011-06-14,324.502
2011-06-15,324.495
2011-06-16,324.506
2011-06-17,324.511
2011-06-18,324.492
2011-06-19,324.473
2011-06-20,324.461
2011-06-21,324.449
2011-06-22,324.45
2011-06-23,324.405
2011-06-24,324.377
2011-06-25,324.357
2011-06-26,324.321
2011-06-27,324.283
2011-06-28,324.267
2011-06-29,324.275
2011-06-30,324.254
2011-07-01,324.192
2011-07-02,324.124
2011-07-03,324.038
2011-07-04,323.954
2011-07-05,323.851
2011-07-06,323.753
2011-07-07,323.661
2011-07-08,323.549
2011-07-09,323.429
2011-07-10,323.326
2011-07-11,323.222
2011-07-12,323.109
2011-07-13,322.999
2011-07-14,322.884
2011-07-15,322.777
2011-07-16,322.64
2011-07-17,322.503
2011-07-18,322.36
2011-07-19,322.213
2011-07-20,322.074
2011-07-21,321.943
2011-07-22,321.811
2011-07-23,321.68
2011-07-24,321.548
2011-07-25,321.408
2011-07-26,321.27
2011-07-27,321.135
2011-07-28,320.999
2011-07-29,320.863
2011-07-30,320.712
2011-07-31,320.572
2011-08-01,320.424
2011-08-02,320.275
2011-08-03,320.138
2011-08-04,319.883
2011-08-05,319.635
2011-08-06,319.39
2011-08-07,319.134
2011-08-08,318.884
2011-08-09,318.737
2011-08-10,318.588
2011-08-11,318.435
2011-08-12,318.292
2011-08-13,318.14
2011-08-14,317.998
2011-08-15,317.853
2011-08-16,317.703
2011-08-17,317.558
2011-08-18,317.415
2011-08-19,317.261
2011-08-20,317.121
2011-08-21,316.969
2011-08-22,316.816
2011-08-23,316.673
2011-08-24,316.523
2011-08-25,316.376
2011-08-26,316.228
2011-08-27,316.077
2011-08-28,315.921
2011-08-29,315.763
2011-08-30,315.614
2011-08-31,315.458
2011-09-01,315.31
2011-09-02,315.172
2011-09-03,315.022
2011-09-04,314.909
2011-09-05,314.763
2011-09-06,314.602
2011-09-07,314.464
2011-09-08,314.319
2011-09-09,314.171
2011-09-10,314.037
2011-09-11,313.904
2011-09-12,313.787
2011-09-13,313.673
2011-09-14,313.553
2011-09-15,313.457
2011-09-16,313.369
2011-09-17,313.266
2011-09-18,313.161
2011-09-19,313.065
2011-09-20,312.965
2011-09-21,312.865
2011-09-22,312.785
2011-09-23,312.688
2011-09-24,312.597
2011-09-25,312.5
2011-09-26,312.417
2011-09-27,312.33
2011-09-28,312.223
2011-09-29,312.151
2011-09-30,312.075
2011-10-01,311.991
2011-10-02,311.903
2011-10-03,311.821
2011-10-04,311.766
2011-10-05,311.737
2011-10-06,311.698
2011-10-07,311.638
2011-10-08,311.565
2011-10-09,311.498
2011-10-10,311.453
2011-10-11,311.413
2011-10-12,311.355
2011-10-13,311.268
2011-10-14,311.175
2011-10-15,311.086
2011-10-16,311.035
2011-10-17,311.015
2011-10-18,311.001
2011-10-19,310.983
2011-10-20,310.976
2011-10-21,310.958
2011-10-22,310.925
2011-10-23,310.889
2011-10-24,310.847
2011-10-25,310.773
2011-10-26,310.717
2011-10-27,310.681
2011-10-28,310.648
2011-10-29,310.614
2011-10-30,310.576
2011-10-31,310.516
2011-11-01,310.464
2011-11-02,310.408
2011-11-03,310.37
2011-11-04,310.314
2011-11-05,310.249
2011-11-06,310.186
2011-11-07,310.123
2011-11-08,310.044
2011-11-09,309.964
2011-11-10,309.938
2011-11-11,309.914
2011-11-12,309.855
2011-11-13,309.806
2011-11-14,309.759
2011-11-15,309.704
2011-11-16,309.663
2011-11-17,309.603
2011-11-18,309.533
2011-11-19,309.488
2011-11-20,309.457
2011-11-21,309.425
2011-11-22,309.4
2011-11-23,309.381
2011-11-24,309.394
2011-11-25,309.387
2011-11-26,309.357
2011-11-27,309.321
2011-11-28,309.292
2011-11-29,309.268
2011-11-30,309.238
2011-12-01,309.225
2011-12-02,309.234
2011-12-03,309.24
2011-12-04,309.234
2011-12-05,309.219
2011-12-06,309.183
2011-12-07,309.153
2011-12-08,309.119
2011-12-09,309.124
2011-12-10,309.134
2011-12-11,309.128
2011-12-12,309.131
2011-12-13,309.118
2011-12-14,309.096
2011-12-15,309.084
2011-12-16,309.059
2011-12-17,309.068
2011-12-18,309.06
2011-12-19,309.038
2011-12-20,308.992
2011-12-21,308.953
2011-12-22,308.929
2011-12-23,308.889
2011-12-24,308.825
2011-12-25,308.768
2011-12-26,308.734
2011-12-27,308.686
2011-12-28,308.636
2011-12-29,308.582
2011-12-30,308.528
2011-12-31,308.484
2012-01-01,308.452
2012-01-02,308.428
2012-01-03,308.4
2012-01-04,308.352
2012-01-05,308.3
2012-01-06,308.25
2012-01-07,308.198
2012-01-08,308.167
2012-01-09,308.129
2012-01-10,308.083
2012-01-11,308.049
2012-01-12,308.012
2012-01-13,307.996
2012-01-14,307.981
2012-01-15,307.963
2012-01-16,307.942
2012-01-17,307.935
2012-01-18,307.936
2012-01-19,307.958
2012-01-20,308.033
2012-01-21,308.155
2012-01-22,308.256
2012-01-23,308.333
2012-01-24,308.514
2012-01-25,308.69
2012-01-26,308.736
2012-01-27,308.772
2012-01-28,308.781
2012-01-29,308.791
2012-01-30,308.804
2012-01-31,308.807
2012-02-01,308.826
2012-02-02,308.858
2012-02-03,308.878
2012-02-04,308.898
2012-02-05,308.929
2012-02-06,308.953
2012-02-07,308.979
2012-02-08,309.037
2012-02-09,309.074
2012-02-10,309.104
2012-02-11,309.123
2012-02-12,309.186
2012-02-13,309.244
2012-02-14,309.29
2012-02-15,309.326
2012-02-16,309.353
2012-02-17,309.386
2012-02-18,309.429
2012-02-19,309.466
2012-02-20,309.485
2012-02-21,309.5
2012-02-22,309.512
2012-02-23,309.523
2012-02-24,309.509
2012-02-25,309.512
2012-02-26,309.522
2012-02-27,309.526
2012-02-28,309.517
2012-02-29,309.566
2012-03-01,309.64
2012-03-02,309.667
2012-03-03,309.689
2012-03-04,309.723
2012-03-05,309.772
2012-03-06,309.806
2012-03-07,309.824
2012-03-08,309.853
2012-03-09,309.889
2012-03-10,309.927
2012-03-11,309.974
2012-03-12,310.011
2012-03-13,310.129
2012-03-14,310.428
2012-03-15,310.944
2012-03-16,311.751
2012-03-17,312.577
2012-03-18,313.085
2012-03-19,313.39
2012-03-20,313.604
2012-03-21,313.778
2012-03-22,313.948
2012-03-23,314.114
2012-03-24,314.266
2012-03-25,314.428
2012-03-26,314.632
2012-03-27,314.94
2012-03-28,315.482
2012-03-29,316.076
2012-03-30,316.672
2012-03-31,317.446
2012-04-01,318.181
2012-04-02,318.704
2012-04-03,319.072
2012-04-04,319.379
2012-04-05,319.639
2012-04-06,319.872
2012-04-07,320.069
2012-04-08,320.235
2012-04-09,320.411
2012-04-10,320.605
2012-04-11,320.829
2012-04-12,321.063
2012-04-13,321.347
2012-04-14,321.675
2012-04-15,321.952
2012-04-16,322.196
2012-04-17,322.397
2012-04-18,322.591
2012-04-19,322.744
2012-04-20,322.872
2012-04-21,323.003
2012-04-22,323.158
2012-04-23,323.319
2012-04-24,323.449
2012-04-25,323.585
2012-04-26,323.755
2012-04-27,323.919
2012-04-28,324.052
2012-04-29,324.17
2012-04-30,324.259
2012-05-01,324.357
2012-05-02,324.452
2012-05-03,324.533
2012-05-04,324.613
2012-05-05,324.67
2012-05-06,324.708
2012-05-07,324.738
2012-05-08,324.744
2012-05-09,324.74
2012-05-10,324.72
2012-05-11,324.7
2012-05-12,324.664
2012-05-13,324.611
2012-05-14,324.572
2012-05-15,324.56
2012-05-16,324.541
2012-05-17,324.47
2012-05-18,324.373
2012-05-19,324.29
2012-05-20,324.204
2012-05-21,324.113
2012-05-22,324.028
2012-05-23,323.938
2012-05-24,323.837
2012-05-25,323.725
2012-05-26,323.624
2012-05-27,323.529
2012-05-28,323.43
2012-05-29,323.337
2012-05-30,323.245
2012-05-31,323.156
2012-06-01,323.062
2012-06-02,322.961
2012-06-03,322.853
2012-06-04,322.739
2012-06-05,322.645
2012-06-06,322.551
2012-06-07,322.433
2012-06-08,322.304
2012-06-09,322.191
2012-06-10,322.088
2012-06-11,321.979
2012-06-12,321.867
2012-06-13,321.746
2012-06-14,321.628
2012-06-15,321.496
2012-06-16,321.361
2012-06-17,321.204
2012-06-18,321.057
2012-06-19,320.906
2012-06-20,320.755
2012-06-21,320.596
2012-06-22,320.431
2012-06-23,320.283
2012-06-24,320.116
2012-06-25,319.915
2012-06-26,319.669
2012-06-27,319.472
2012-06-28,319.314
2012-06-29,319.099
2012-06-30,318.886
2012-07-01,318.676
2012-07-02,318.468
2012-07-03,318.263
2012-07-04,318.054
2012-07-05,317.846
2012-07-06,317.629
2012-07-07,317.409
2012-07-08,317.186
2012-07-09,316.963
2012-07-10,316.745
2012-07-11,316.519
2012-07-12,316.289
2012-07-13,316.058
2012-07-14,315.826
2012-07-15,315.608
2012-07-16,315.381
2012-07-17,315.141
2012-07-18,314.9
2012-07-19,314.647
2012-07-20,314.416
2012-07-21,314.183
2012-07-22,313.944
2012-07-23,313.716
2012-07-24,313.481
2012-07-25,313.243
2012-07-26,312.997
2012-07-27,312.761
2012-07-28,312.523
2012-07-29,312.28
2012-07-30,312.03
2012-07-31,311.791
2012-08-01,311.534
2012-08-02,311.286
2012-08-03,311.048
2012-08-04,310.807
2012-08-05,310.559
2012-08-06,310.296
2012-08-07,310.044
2012-08-08,309.786
2012-08-09,309.541
2012-08-10,309.312
2012-08-11,309.072
2012-08-12,308.834
2012-08-13,308.623
2012-08-14,308.419
2012-08-15,308.228
2012-08-16,308.037
2012-08-17,307.853
2012-08-18,307.668
2012-08-19,307.479
2012-08-20,307.288
2012-08-21,307.099
2012-08-22,306.908
2012-08-23,306.722
2012-08-24,306.547
2012-08-25,306.373
2012-08-26,306.211
2012-08-27,306.041
2012-08-28,305.858
2012-08-29,305.678
2012-08-30,305.523
2012-08-31,305.38
2012-09-01,305.232
2012-09-02,305.091
2012-09-03,304.945
2012-09-04,304.798
2012-09-05,304.627
2012-09-06,304.477
2012-09-07,304.342
2012-09-08,304.231
2012-09-09,304.134
2012-09-10,304.019
2012-09-11,303.896
2012-09-12,303.772
2012-09-13,303.686
2012-09-14,303.597
2012-09-15,303.509
2012-09-16,303.422
2012-09-17,303.338
2012-09-18,303.248
2012-09-19,303.172
2012-09-20,303.089
2012-09-21,302.995
2012-09-22,302.917
2012-09-23,302.842
2012-09-24,302.78
2012-09-25,302.711
2012-09-26,302.632
2012-09-27,302.563
2012-09-28,302.497
2012-09-29,302.438
2012-09-30,302.377
2012-10-01,302.316
2012-10-02,302.258
2012-10-03,302.198
2012-10-04,302.125
2012-10-05,302.08
2012-10-06,302.032
2012-10-07,301.981
2012-10-08,301.934
2012-10-09,301.876
2012-10-10,301.829
2012-10-11,301.755
2012-10-12,301.688
2012-10-13,301.627
2012-10-14,301.571
2012-10-15,301.514
2012-10-16,301.457
2012-10-17,301.395
2012-10-18,301.332
2012-10-19,301.259
2012-10-20,301.188
2012-10-21,301.104
2012-10-22,301.039
2012-10-23,300.995
2012-10-24,300.944
2012-10-25,300.89
2012-10-26,300.838
2012-10-27,300.77
2012-10-28,300.707
2012-10-29,300.65
2012-10-30,300.589
2012-10-31,300.521
2012-11-01,300.463
2012-11-02,300.392
2012-11-03,300.314
2012-11-04,300.242
2012-11-05,300.17
2012-11-06,300.078
2012-11-07,299.999
2012-11-08,299.93
2012-11-09,299.855
2012-11-10,299.773
2012-11-11,299.693
2012-11-12,299.634
2012-11-13,299.565
2012-11-14,299.487
2012-11-15,299.408
2012-11-16,299.3
2012-11-17,299.281
2012-11-18,299.3
2012-11-19,299.263
2012-11-20,299.401
2012-11-21,299.7
2012-11-22,299.873
2012-11-23,299.9
2012-11-24,299.886
2012-11-25,299.882
2012-11-26,299.864
2012-11-27,299.829
2012-11-28,299.84
2012-11-29,300.075
2012-11-30,300.983
2012-12-01,302.312
2012-12-02,303.975
2012-12-03,305.395
2012-12-04,306.013
2012-12-05,306.502
2012-12-06,306.99
2012-12-07,307.315
2012-12-08,307.58
2012-12-09,307.775
2012-12-10,307.891
2012-12-11,307.978
2012-12-12,308.1
2012-12-13,308.182
2012-12-14,308.248
2012-12-15,308.31
2012-12-16,308.372
2012-12-17,308.499
2012-12-18,308.652
2012-12-19,308.783
2012-12-20,308.916
2012-12-21,309.098
2012-12-22,309.359
2012-12-23,309.86
2012-12-24,310.383
2012-12-25,310.711
2012-12-26,310.957
2012-12-27,311.139
2012-12-28,311.308
2012-12-29,311.469
2012-12-30,311.593
2012-12-31,311.704
2013-01-01,311.807
2013-01-02,311.909
2013-01-03,312.026
2013-01-04,312.158
2013-01-05,312.242
2013-01-06,312.312
2013-01-07,312.39
2013-01-08,312.445
2013-01-09,312.523
2013-01-10,312.614
2013-01-11,312.643
2013-01-12,312.7
2013-01-13,312.759
2013-01-14,312.805
2013-01-15,312.837
2013-01-16,312.881
2013-01-17,312.9
2013-01-18,312.923
2013-01-19,312.949
2013-01-20,312.976
2013-01-21,313.013
2013-01-22,313.066
2013-01-23,313.094
2013-01-24,313.16
2013-01-25,313.218
2013-01-26,313.315
2013-01-27,313.416
2013-01-28,313.508
2013-01-29,313.572
2013-01-30,313.646
2013-01-31,313.735
2013-02-01,313.809
2013-02-02,313.879
2013-02-03,313.934
2013-02-04,313.999
2013-02-05,314.036
2013-02-06,314.112
2013-02-07,314.165
2013-02-08,314.229
2013-02-09,314.299
2013-02-10,314.36
2013-02-11,314.427
2013-02-12,314.476
2013-02-13,314.532
2013-02-14,314.597
2013-02-15,314.641
2013-02-16,314.678
2013-02-17,314.73
2013-02-18,314.797
2013-02-19,314.858
2013-02-20,314.919
2013-02-21,314.969
2013-02-22,315.016
2013-02-23,315.067
2013-02-24,315.109
2013-02-25,315.153
2013-02-26,315.183
2013-02-27,315.233
2013-02-28,315.271
2013-03-01,315.318
2013-03-02,315.35
2013-03-03,315.391
2013-03-04,315.435
2013-03-05,315.501
2013-03-06,315.6
2013-03-07,315.709
2013-03-08,315.799
2013-03-09,315.849
2013-03-10,315.911
2013-03-11,315.933
2013-03-12,315.954
2013-03-13,315.999
2013-03-14,316.038
2013-03-15,316.08
2013-03-16,316.118
2013-03-17,316.149
2013-03-18,316.198
2013-03-19,316.237
2013-03-20,316.314
2013-03-21,316.445
2013-03-22,316.554
2013-03-23,316.651
2013-03-24,316.725
2013-03-25,316.803
2013-03-26,316.86
2013-03-27,316.917
2013-03-28,316.975
2013-03-29,317.02
2013-03-30,317.033
2013-03-31,317.099
2013-04-01,317.183
2013-04-02,317.229
2013-04-03,317.305
2013-04-04,317.383
2013-04-05,317.503
2013-04-06,317.644
2013-04-07,317.78
2013-04-08,317.918
2013-04-09,318.017
2013-04-10,318.094
2013-04-11,318.164
2013-04-12,318.241
2013-04-13,318.298
2013-04-14,318.351
2013-04-15,318.393
2013-04-16,318.424
2013-04-17,318.458
2013-04-18,318.466
2013-04-19,318.489
2013-04-20,318.466
2013-04-21,318.452
2013-04-22,318.427
2013-04-23,318.379
2013-04-24,318.334
2013-04-25,318.247
2013-04-26,318.148
2013-04-27,318.002
2013-04-28,317.892
2013-04-29,317.757
2013-04-30,317.623
2013-05-01,317.474
2013-05-02,317.331
2013-05-03,317.188
2013-05-04,317.056
2013-05-05,316.914
2013-05-06,316.785
2013-05-07,316.643
2013-05-08,316.493
2013-05-09,316.339
2013-05-10,316.166
2013-05-11,315.984
2013-05-12,315.806
2013-05-13,315.629
2013-05-14,315.448
2013-05-15,315.283
2013-05-16,315.126
2013-05-17,314.963
2013-05-18,314.796
2013-05-19,314.629
2013-05-20,314.469
2013-05-21,314.305
2013-05-22,314.143
2013-05-23,313.977
2013-05-24,313.767
2013-05-25,313.569
2013-05-26,313.39
2013-05-27,313.225
2013-05-28,313.08
2013-05-29,312.915
2013-05-30,312.753
2013-05-31,312.621
2013-06-01,312.479
2013-06-02,312.336
2013-06-03,312.209
2013-06-04,312.068
2013-06-05,311.937
2013-06-06,311.798
2013-06-07,311.631
2013-06-08,311.426
2013-06-09,311.218
2013-06-10,311.035
2013-06-11,310.854
2013-06-12,310.667
2013-06-13,310.482
2013-06-14,310.289
2013-06-15,310.096
2013-06-16,309.891
2013-06-17,309.692
2013-06-18,309.494
2013-06-19,309.282
2013-06-20,309.075
2013-06-21,308.873
2013-06-22,308.687
2013-06-23,308.515
2013-06-24,308.319
2013-06-25,308.213
2013-06-26,308.107
2013-06-27,307.943
2013-06-28,307.771
2013-06-29,307.57
2013-06-30,307.347
2013-07-01,307.121
2013-07-02,306.914
2013-07-03,306.697
2013-07-04,306.48
2013-07-05,306.259
2013-07-06,306.023
2013-07-07,305.789
2013-07-08,305.533
2013-07-09,305.279
2013-07-10,305.032
2013-07-11,304.789
2013-07-12,304.524
2013-07-13,304.29
2013-07-14,304.036
2013-07-15,303.795
2013-07-16,303.573
2013-07-17,303.354
2013-07-18,303.133
2013-07-19,302.905
2013-07-20,302.672
2013-07-21,302.431
2013-07-22,302.144
2013-07-23,301.905
2013-07-24,301.676
2013-07-25,301.435
2013-07-26,301.186
2013-07-27,300.945
2013-07-28,300.704
2013-07-29,300.496
2013-07-30,300.29
2013-07-31,300.08
2013-08-01,299.873
2013-08-02,299.667
2013-08-03,299.482
2013-08-04,299.294
2013-08-05,299.139
2013-08-06,298.984
2013-08-07,298.796
2013-08-08,298.608
2013-08-09,298.436
2013-08-10,298.263
2013-08-11,298.105
2013-08-12,297.914
2013-08-13,297.711
2013-08-14,297.499
2013-08-15,297.278
2013-08-16,297.062
2013-08-17,296.866
2013-08-18,296.682
2013-08-19,296.5
2013-08-20,296.324
2013-08-21,296.131
2013-08-22,295.95
2013-08-23,295.779
2013-08-24,295.624
2013-08-25,295.458
2013-08-26,295.284
2013-08-27,295.094
2013-08-28,294.945
2013-08-29,294.808
2013-08-30,294.646
2013-08-31,294.518
2013-09-01,294.43
2013-09-02,294.317
2013-09-03,294.212
2013-09-04,294.095
2013-09-05,293.952
2013-09-06,293.823
2013-09-07,293.695
2013-09-08,293.563
2013-09-09,293.434
2013-09-10,293.298
2013-09-11,293.173
2013-09-12,293.061
2013-09-13,292.95
2013-09-14,292.807
2013-09-15,292.669
2013-09-16,292.544
2013-09-17,292.418
2013-09-18,292.317
2013-09-19,292.159
2013-09-20,292.014
2013-09-21,291.888
2013-09-22,291.782
2013-09-23,291.689
2013-09-24,291.584
2013-09-25,291.48
2013-09-26,291.375
2013-09-27,291.258
2013-09-28,291.161
2013-09-29,291.055
2013-09-30,290.954
2013-10-01,290.866
2013-10-02,290.787
2013-10-03,290.707
2013-10-04,290.616
2013-10-05,290.512
2013-10-06,290.416
2013-10-07,290.319
2013-10-08,290.195
2013-10-09,290.052
2013-10-10,289.904
2013-10-11,289.786
2013-10-12,289.688
2013-10-13,289.573
2013-10-14,289.465
2013-10-15,289.356
2013-10-16,289.239
2013-10-17,289.127
2013-10-18,289.005
2013-10-19,288.887
2013-10-20,288.788
2013-10-21,288.697
2013-10-22,288.594
2013-10-23,288.497
2013-10-24,288.356
2013-10-25,288.247
2013-10-26,288.176
2013-10-27,288.125
2013-10-28,288.056
2013-10-29,287.977
2013-10-30,287.908
2013-10-31,287.818
2013-11-01,287.721
2013-11-02,287.553
2013-11-03,287.418
2013-11-04,287.339
2013-11-05,287.258
2013-11-06,287.192
2013-11-07,287.116
2013-11-08,287.053
2013-11-09,286.997
2013-11-10,286.954
2013-11-11,286.897
2013-11-12,286.844
2013-11-13,286.785
2013-11-14,286.711
2013-11-15,286.648
2013-11-16,286.605
2013-11-17,286.568
2013-11-18,286.551
2013-11-19,286.562
2013-11-20,286.594
2013-11-21,286.616
2013-11-22,286.627
2013-11-23,286.616
2013-11-24,286.598
2013-11-25,286.585
2013-11-26,286.578
2013-11-27,286.564
2013-11-28,286.547
2013-11-29,286.525
2013-11-30,286.502
2013-12-01,286.483
2013-12-02,286.469
2013-12-03,286.447
2013-12-04,286.415
2013-12-05,286.383
2013-12-06,286.362
2013-12-07,286.327
2013-12-08,286.307
2013-12-09,286.289
2013-12-10,286.262
2013-12-11,286.25
2013-12-12,286.234
2013-12-13,286.217
2013-12-14,286.191
2013-12-15,286.173
2013-12-16,286.162
2013-12-17,286.147
2013-12-18,286.14
2013-12-19,286.13
2013-12-20,286.106
2013-12-21,286.072
2013-12-22,286.058
2013-12-23,286.044
2013-12-24,286.008
2013-12-25,285.988
2013-12-26,285.965
2013-12-27,285.936
2013-12-28,285.908
2013-12-29,285.879
2013-12-30,285.869
2013-12-31,285.862
2014-01-01,285.86
2014-01-02,285.847
2014-01-03,285.825
2014-01-04,285.811
2014-01-05,285.796
2014-01-06,285.797
2014-01-07,285.804
2014-01-08,285.812
2014-01-09,285.809
2014-01-10,285.809
2014-01-11,285.799
2014-01-12,285.789
2014-01-13,285.781
2014-01-14,285.79
2014-01-15,285.791
2014-01-16,285.79
2014-01-17,285.784
2014-01-18,285.784
2014-01-19,285.795
2014-01-20,285.783
2014-01-21,285.773
2014-01-22,285.78
2014-01-23,285.78
2014-01-24,285.775
2014-01-25,285.755
2014-01-26,285.754
2014-01-27,285.765
2014-01-28,285.754
2014-01-29,285.733
2014-01-30,285.715
2014-01-31,285.696
2014-02-01,285.663
2014-02-02,285.63
2014-02-03,285.602
2014-02-04,285.572
2014-02-05,285.535
2014-02-06,285.525
2014-02-07,285.578
2014-02-08,285.714
2014-02-09,285.844
2014-02-10,285.946
2014-02-11,285.985
2014-02-12,286.012
2014-02-13,286.055
2014-02-14,286.153
2014-02-15,286.31
2014-02-16,286.504
2014-02-17,286.655
2014-02-18,286.731
2014-02-19,286.807
2014-02-20,286.837
2014-02-21,286.898
2014-02-22,286.95
2014-02-23,287.003
2014-02-24,287.031
2014-02-25,287.048
2014-02-26,287.106
2014-02-27,287.307
2014-02-28,287.633
2014-03-01,287.894
2014-03-02,288.124
2014-03-03,288.574
2014-03-04,289.127
2014-03-05,289.602
2014-03-06,290.11
2014-03-07,290.607
2014-03-08,290.92
2014-03-09,291.164
2014-03-10,291.534
2014-03-11,291.923
2014-03-12,292.218
2014-03-13,292.471
2014-03-14,292.663
2014-03-15,292.822
2014-03-16,292.946
2014-03-17,293.028
2014-03-18,293.119
2014-03-19,293.184
2014-03-20,293.223
2014-03-21,293.299
2014-03-22,293.36
2014-03-23,293.418
2014-03-24,293.464
2014-03-25,293.502
2014-03-26,293.568
2014-03-27,293.654
2014-03-28,293.844
2014-03-29,294.342
2014-03-30,294.962
2014-03-31,295.372
2014-04-01,295.746
2014-04-02,296.11
2014-04-03,296.365
2014-04-04,296.608
2014-04-05,296.867
2014-04-06,297.097
2014-04-07,297.289
2014-04-08,297.458
2014-04-09,297.647
2014-04-10,297.835
2014-04-11,297.988
2014-04-12,298.12
2014-04-13,298.249
2014-04-14,298.332
2014-04-15,298.429
2014-04-16,298.503
2014-04-17,298.566
2014-04-18,298.625
2014-04-19,298.658
2014-04-20,298.694
2014-04-21,298.718
2014-04-22,298.736
2014-04-23,298.743
2014-04-24,298.768
2014-04-25,298.803
2014-04-26,298.813
2014-04-27,298.837
2014-04-28,298.846
2014-04-29,298.855
2014-04-30,298.856
2014-05-01,298.851
2014-05-02,298.825
2014-05-03,298.778
2014-05-04,298.728
2014-05-05,298.677
2014-05-06,298.624
2014-05-07,298.545
2014-05-08,298.435
2014-05-09,298.329
2014-05-10,298.196
2014-05-11,298.078
2014-05-12,297.978
2014-05-13,297.871
2014-05-14,297.768
2014-05-15,297.652
2014-05-16,297.514
2014-05-17,297.37
2014-05-18,297.218
2014-05-19,297.08
2014-05-20,296.969
2014-05-21,296.854
2014-05-22,296.732
2014-05-23,296.581
2014-05-24,296.449
2014-05-25,296.305
2014-05-26,296.143
2014-05-27,295.986
2014-05-28,295.843
2014-05-29,295.676
2014-05-30,295.53
2014-05-31,295.343
2014-06-01,295.17
2014-06-02,295.001
2014-06-03,294.831
2014-06-04,294.669
2014-06-05,294.524
2014-06-06,294.358
2014-06-07,294.209
2014-06-08,294.067
2014-06-09,293.92
2014-06-10,293.763
2014-06-11,293.645
2014-06-12,293.465
2014-06-13,293.307
2014-06-14,293.125
2014-06-15,292.958
2014-06-16,292.799
2014-06-17,292.621
2014-06-18,292.445
2014-06-19,292.255
2014-06-20,292.072
2014-06-21,291.856
2014-06-22,291.614
2014-06-23,291.365
2014-06-24,291.123
2014-06-25,290.859
2014-06-26,290.597
2014-06-27,290.355
2014-06-28,290.129
2014-06-29,289.913
2014-06-30,289.686
2014-07-01,289.443
2014-07-02,289.249
2014-07-03,289.126
2014-07-04,288.976
2014-07-05,288.797
2014-07-06,288.647
2014-07-07,288.498
2014-07-08,288.355
2014-07-09,288.214
2014-07-10,288.072
2014-07-11,287.892
2014-07-12,287.72
2014-07-13,287.542
2014-07-14,287.359
2014-07-15,287.168
2014-07-16,286.993
2014-07-17,286.805
2014-07-18,286.616
2014-07-19,286.439
2014-07-20,286.254
2014-07-21,286.071
2014-07-22,285.863
2014-07-23,285.665
2014-07-24,285.459
2014-07-25,285.278
2014-07-26,285.084
2014-07-27,284.885
2014-07-28,284.704
2014-07-29,284.488
2014-07-30,284.312
2014-07-31,284.145
2014-08-01,283.977
2014-08-02,283.757
2014-08-03,283.57
2014-08-04,283.375
2014-08-05,283.151
2014-08-06,282.988
2014-08-07,282.757
2014-08-08,282.529
2014-08-09,282.361
2014-08-10,282.199
2014-08-11,282.049
2014-08-12,281.905
2014-08-13,281.772
2014-08-14,281.63
2014-08-15,281.498
2014-08-16,281.344
2014-08-17,281.211
2014-08-18,281.08
2014-08-19,280.957
2014-08-20,280.835
2014-08-21,280.696
2014-08-22,280.557
2014-08-23,280.409
2014-08-24,280.278
2014-08-25,280.102
2014-08-26,279.952
2014-08-27,279.78
2014-08-28,279.602
2014-08-29,279.376
2014-08-30,279.181
2014-08-31,278.978
2014-09-01,278.767
2014-09-02,278.564
2014-09-03,278.331
2014-09-04,278.133
2014-09-05,277.931
2014-09-06,277.741
2014-09-07,277.55
2014-09-08,277.372
2014-09-09,277.195
2014-09-10,277.028
2014-09-11,276.831
2014-09-12,276.667
2014-09-13,276.491
2014-09-14,276.319
2014-09-15,276.178
2014-09-16,276.013
2014-09-17,275.844
2014-09-18,275.687
2014-09-19,275.523
2014-09-20,275.389
2014-09-21,275.243
2014-09-22,275.106
2014-09-23,274.94
2014-09-24,274.807
2014-09-25,274.753
2014-09-26,274.724
2014-09-27,274.674
2014-09-28,274.613
2014-09-29,274.553
2014-09-30,274.461
2014-10-01,274.362
2014-10-02,274.226
2014-10-03,274.103
2014-10-04,274.034
2014-10-05,273.951
2014-10-06,273.854
2014-10-07,273.751
2014-10-08,273.691
2014-10-09,273.592
2014-10-10,273.509
2014-10-11,273.417
2014-10-12,273.362
2014-10-13,273.324
2014-10-14,273.243
2014-10-15,273.195
2014-10-16,273.13
2014-10-17,273.103
2014-10-18,273.047
2014-10-19,272.996
2014-10-20,272.978
2014-10-21,272.997
2014-10-22,272.984
2014-10-23,272.953
2014-10-24,272.87
2014-10-25,272.873
2014-10-26,273.009
2014-10-27,273.08
2014-10-28,273.002
2014-10-29,272.911
2014-10-30,272.908
2014-10-31,272.948
2014-11-01,272.882
2014-11-02,272.896
2014-11-03,272.912
2014-11-04,272.829
2014-11-05,272.736
2014-11-06,272.641
2014-11-07,272.531
2014-11-08,272.413
2014-11-09,272.305
2014-11-10,272.188
2014-11-11,272.034
2014-11-12,271.947
2014-11-13,271.872
2014-11-14,271.775
2014-11-15,271.648
2014-11-16,271.545
2014-11-17,271.448
2014-11-18,271.335
2014-11-19,271.247
2014-11-20,271.227
2014-11-21,271.223
2014-11-22,271.231
2014-11-23,271.254
2014-11-24,271.191
2014-11-25,271.148
2014-11-26,271.113
2014-11-27,271.055
2014-11-28,271.021
2014-11-29,271.011
2014-11-30,271.032
2014-12-01,271.038
2014-12-02,271.054
2014-12-03,271.168
2014-12-04,271.474
2014-12-05,271.818
2014-12-06,272.376
2014-12-07,272.945
2014-12-08,273.296
2014-12-09,273.585
2014-12-10,273.916
2014-12-11,275.855
2014-12-12,278.306
2014-12-13,279.44
2014-12-14,280.024
2014-12-15,280.521
2014-12-16,280.94
2014-12-17,281.514
2014-12-18,282.26
2014-12-19,283.301
2014-12-20,284.505
2014-12-21,285.57
2014-12-22,286.385
2014-12-23,286.937
2014-12-24,287.399
2014-12-25,287.837
2014-12-26,288.203
2014-12-27,288.499
2014-12-28,288.768
2014-12-29,289.008
2014-12-30,289.204
2014-12-31,289.368
2015-01-01,289.508
2015-01-02,289.621
2015-01-03,289.755
2015-01-04,289.834
2015-01-05,289.933
2015-01-06,290.016
2015-01-07,290.126
2015-01-08,290.214
2015-01-09,290.286
2015-01-10,290.35
2015-01-11,290.422
2015-01-12,290.485
2015-01-13,290.541
2015-01-14,290.553
2015-01-15,290.583
2015-01-16,290.661
2015-01-17,290.738
2015-01-18,290.845
2015-01-19,290.944
2015-01-20,290.965
2015-01-21,291.032
2015-01-22,291.102
2015-01-23,291.203
2015-01-24,291.244
2015-01-25,291.278
2015-01-26,291.366
2015-01-27,291.448
2015-01-28,291.454
2015-01-29,291.598
2015-01-30,291.688
2015-01-31,291.698
2015-02-01,291.71
2015-02-02,291.797
2015-02-03,291.895
2015-02-04,291.898
2015-02-05,291.984
2015-02-06,292.326
2015-02-07,293.441
2015-02-08,294.829
2015-02-09,296.227
2015-02-10,297.404
2015-02-11,298.158
2015-02-12,298.645
2015-02-13,299.028
2015-02-14,299.345
2015-02-15,299.624
2015-02-16,299.865
2015-02-17,300.062
2015-02-18,300.257
2015-02-19,300.452
2015-02-20,300.601
2015-02-21,300.742
2015-02-22,300.884
2015-02-23,301.01
2015-02-24,301.144
2015-02-25,301.26
2015-02-26,301.344
2015-02-27,301.419
2015-02-28,301.491
2015-03-01,301.558
2015-03-02,301.648
2015-03-03,301.719
2015-03-04,301.761
2015-03-05,301.806
2015-03-06,301.84
2015-03-07,301.886
2015-03-08,301.932
2015-03-09,302.003
2015-03-10,302.028
2015-03-11,302.084
2015-03-12,302.111
2015-03-13,302.142
2015-03-14,302.178
2015-03-15,302.205
2015-03-16,302.234
2015-03-17,302.301
2015-03-18,302.316
2015-03-19,302.338
2015-03-20,302.371
2015-03-21,302.393
2015-03-22,302.432
2015-03-23,302.488
2015-03-24,302.523
2015-03-25,302.544
2015-03-26,302.566
2015-03-27,302.59
2015-03-28,302.636
2015-03-29,302.664
2015-03-30,302.716
2015-03-31,302.731
2015-04-01,302.758
2015-04-02,302.767
2015-04-03,302.782
2015-04-04,302.805
2015-04-05,302.829
2015-04-06,302.854
2015-04-07,302.908
2015-04-08,302.966
2015-04-09,302.988
2015-04-10,303.044
2015-04-11,303.073
2015-04-12,303.098
2015-04-13,303.128
2015-04-14,303.136
2015-04-15,303.159
2015-04-16,303.174
2015-04-17,303.171
2015-04-18,303.149
2015-04-19,303.132
2015-04-20,303.128
2015-04-21,303.114
2015-04-22,303.085
2015-04-23,303.047
2015-04-24,303.002
2015-04-25,302.931
2015-04-26,302.848
2015-04-27,302.727
2015-04-28,302.639
2015-04-29,302.544
2015-04-30,302.432
2015-05-01,302.328
2015-05-02,302.214
2015-05-03,302.108
2015-05-04,301.983
2015-05-05,301.871
2015-05-06,301.739
2015-05-07,301.627
2015-05-08,301.539
2015-05-09,301.397
2015-05-10,301.268
2015-05-11,301.145
2015-05-12,301.011
2015-05-13,300.9
2015-05-14,300.778
2015-05-15,300.618
2015-05-16,300.551
2015-05-17,300.439
2015-05-18,300.318
2015-05-19,300.176
2015-05-20,300.026
2015-05-21,299.922
2015-05-22,299.786
2015-05-23,299.647
2015-05-24,299.509
2015-05-25,299.386
2015-05-26,299.266
2015-05-27,299.139
2015-05-28,299.02
2015-05-29,298.875
2015-05-30,298.744
2015-05-31,298.629
2015-06-01,298.498
2015-06-02,298.388
2015-06-03,298.279
2015-06-04,298.184
2015-06-05,298.067
2015-06-06,297.939
2015-06-07,297.826
2015-06-08,297.71
2015-06-09,297.585
2015-06-10,297.5
2015-06-11,297.411
2015-06-12,297.305
2015-06-13,297.206
2015-06-14,297.091
2015-06-15,296.983
2015-06-16,296.841
2015-06-17,296.713
2015-06-18,296.6
2015-06-19,296.486
2015-06-20,296.363
2015-06-21,296.255
2015-06-22,296.141
2015-06-23,296.008
2015-06-24,295.909
2015-06-25,295.792
2015-06-26,295.679
2015-06-27,295.57
2015-06-28,295.464
2015-06-29,295.343
2015-06-30,295.228
2015-07-01,295.136
2015-07-02,295.042
2015-07-03,294.936
2015-07-04,294.825
2015-07-05,294.69
2015-07-06,294.568
2015-07-07,294.444
2015-07-08,294.338
2015-07-09,294.226
2015-07-10,294.119
2015-07-11,293.999
2015-07-12,293.874
2015-07-13,293.739
2015-07-14,293.613
2015-07-15,293.484
2015-07-16,293.366
2015-07-17,293.246
2015-07-18,293.125
2015-07-19,292.998
2015-07-20,292.903
2015-07-21,292.774
2015-07-22,292.682
2015-07-23,292.574
2015-07-24,292.453
2015-07-25,292.344
2015-07-26,292.229
2015-07-27,292.103
2015-07-28,291.983
2015-07-29,291.873
2015-07-30,291.732
2015-07-31,291.615
2015-08-01,291.499
2015-08-02,291.387
2015-08-03,291.279
2015-08-04,291.158
2015-08-05,291.053
2015-08-06,290.94
2015-08-07,290.825
2015-08-08,290.71
2015-08-09,290.588
2015-08-10,290.475
2015-08-11,290.376
2015-08-12,290.266
2015-08-13,290.167
2015-08-14,290.051
2015-08-15,289.894
2015-08-16,289.751
2015-08-17,289.638
2015-08-18,289.52
2015-08-19,289.427
2015-08-20,289.308
2015-08-21,289.195
2015-08-22,289.062
2015-08-23,288.927
2015-08-24,288.828
2015-08-25,288.685
2015-08-26,288.566
2015-08-27,288.437
2015-08-28,288.329
2015-08-29,288.205
2015-08-30,288.082
2015-08-31,287.978
2015-09-01,287.857
2015-09-02,287.747
2015-09-03,287.617
2015-09-04,287.482
2015-09-05,287.343
2015-09-06,287.211
2015-09-07,287.06
2015-09-08,286.929
2015-09-09,286.793
2015-09-10,286.684
2015-09-11,286.534
2015-09-12,286.372
2015-09-13,286.243
2015-09-14,286.102
2015-09-15,285.928
2015-09-16,285.811
2015-09-17,285.731
2015-09-18,285.632
2015-09-19,285.519
2015-09-20,285.399
2015-09-21,285.248
2015-09-22,285.125
2015-09-23,285.018
2015-09-24,284.902
2015-09-25,284.757
2015-09-26,284.635
2015-09-27,284.491
2015-09-28,284.38
2015-09-29,284.262
2015-09-30,284.131
2015-10-01,284.017
2015-10-02,283.876
2015-10-03,283.735
2015-10-04,283.591
2015-10-05,283.462
2015-10-06,283.31
2015-10-07,283.159
2015-10-08,282.977
2015-10-09,282.79
2015-10-10,282.631
2015-10-11,282.478
2015-10-12,282.331
2015-10-13,282.168
2015-10-14,282.024
2015-10-15,281.872
2015-10-16,281.744
2015-10-17,281.616
2015-10-18,281.478
2015-10-19,281.351
2015-10-20,281.187
2015-10-21,280.994
2015-10-22,280.882
2015-10-23,280.808
2015-10-24,280.688
2015-10-25,280.595
2015-10-26,280.492
2015-10-27,280.395
2015-10-28,280.307
2015-10-29,280.256
2015-10-30,280.142
2015-10-31,280.032
2015-11-01,279.929
2015-11-02,279.844
2015-11-03,279.76
2015-11-04,279.643
2015-11-05,279.559
2015-11-06,279.431
2015-11-07,279.326
2015-11-08,279.246
2015-11-09,279.19
2015-11-10,279.123
2015-11-11,279.006
2015-11-12,278.918
2015-11-13,278.835
2015-11-14,278.74
2015-11-15,278.669
2015-11-16,278.606
2015-11-17,278.567
2015-11-18,278.5
2015-11-19,278.44
2015-11-20,278.37
2015-11-21,278.298
2015-11-22,278.221
2015-11-23,278.131
2015-11-24,278.07
2015-11-25,277.998
2015-11-26,277.921
2015-11-27,277.869
2015-11-28,277.8
2015-11-29,277.732
2015-11-30,277.672
2015-12-01,277.604
2015-12-02,277.519
2015-12-03,277.481
2015-12-04,277.45
2015-12-05,277.448
2015-12-06,277.493
2015-12-07,277.504
2015-12-08,277.483
2015-12-09,277.474
2015-12-10,277.615
2015-12-11,277.758
2015-12-12,277.806
2015-12-13,277.981
2015-12-14,278.202
2015-12-15,278.279
2015-12-16,278.279
2015-12-17,278.245
2015-12-18,278.259
2015-12-19,278.343
2015-12-20,278.413
2015-12-21,278.592
2015-12-22,278.887
2015-12-23,279.1
2015-12-24,279.254
2015-12-25,279.376
2015-12-26,279.422
2015-12-27,279.51
2015-12-28,279.594
2015-12-29,279.619
2015-12-30,279.653
2015-12-31,279.682
2016-01-01,279.699
2016-01-02,279.706
2016-01-03,279.724
2016-01-04,279.771
2016-01-05,279.951
2016-01-06,280.332
2016-01-07,280.7
2016-01-08,280.941
2016-01-09,281.132
2016-01-10,281.302
2016-01-11,281.447
2016-01-12,281.575
2016-01-13,281.88
2016-01-14,282.42
2016-01-15,282.927
2016-01-16,283.343
2016-01-17,284.136
2016-01-18,285.415
2016-01-19,286.903
2016-01-20,288.265
2016-01-21,289.199
2016-01-22,290.131
2016-01-23,291.426
2016-01-24,292.67
2016-01-25,293.501
2016-01-26,294.21
2016-01-27,294.696
2016-01-28,295.077
2016-01-29,295.599
2016-01-30,296.239
2016-01-31,296.845
2016-02-01,297.37
2016-02-02,297.807
2016-02-03,298.189
2016-02-04,298.484
2016-02-05,298.731
2016-02-06,298.946
2016-02-07,299.138
2016-02-08,299.34
2016-02-09,299.511
2016-02-10,299.636
2016-02-11,299.765
2016-02-12,299.912
2016-02-13,300.072
2016-02-14,300.205
2016-02-15,300.331
2016-02-16,300.463
2016-02-17,300.625
2016-02-18,300.895
2016-02-19,301.269
2016-02-20,301.592
2016-02-21,301.868
2016-02-22,302.096
2016-02-23,302.312
2016-02-24,302.5
2016-02-25,302.675
2016-02-26,302.829
2016-02-27,302.972
2016-02-28,303.123
2016-02-29,303.271
2016-03-01,303.391
2016-03-02,303.517
2016-03-03,303.669
2016-03-04,303.866
2016-03-05,304.433
2016-03-06,305.611
2016-03-07,306.796
2016-03-08,307.556
2016-03-09,308.149
2016-03-10,308.931
2016-03-11,310.099
2016-03-12,311.498
2016-03-13,313.19
2016-03-14,314.889
2016-03-15,316.14
2016-03-16,316.963
2016-03-17,317.563
2016-03-18,318.036
2016-03-19,318.078
2016-03-20,318.11
2016-03-21,318.211
2016-03-22,318.326
2016-03-23,318.392
2016-03-24,318.458
2016-03-25,318.502
2016-03-26,318.563
2016-03-27,318.645
2016-03-28,318.763
2016-03-29,318.923
2016-03-30,319.095
2016-03-31,319.187
2016-04-01,319.286
2016-04-02,319.387
2016-04-03,319.506
2016-04-04,319.588
2016-04-05,319.674
2016-04-06,319.764
2016-04-07,319.843
2016-04-08,319.915
2016-04-09,320.002
2016-04-10,320.112
2016-04-11,320.199
2016-04-12,320.328
2016-04-13,320.43
2016-04-14,320.525
2016-04-15,320.599
2016-04-16,320.676
2016-04-17,320.743
2016-04-18,320.8
2016-04-19,320.862
2016-04-20,320.943
2016-04-21,321.005
2016-04-22,321.095
2016-04-23,321.176
2016-04-24,321.224
2016-04-25,321.265
2016-04-26,321.297
2016-04-27,321.342
2016-04-28,321.391
2016-04-29,321.421
2016-04-30,321.448
2016-05-01,321.464
2016-05-02,321.468
2016-05-03,321.476
2016-05-04,321.489
2016-05-05,321.499
2016-05-06,321.501
2016-05-07,321.5
2016-05-08,321.497
2016-05-09,321.501
2016-05-10,321.498
2016-05-11,321.475
2016-05-12,321.465
2016-05-13,321.462
2016-05-14,321.457
2016-05-15,321.44
2016-05-16,321.428
2016-05-17,321.414
2016-05-18,321.382
2016-05-19,321.349
2016-05-20,321.314
2016-05-21,321.297
2016-05-22,321.288
2016-05-23,321.279
2016-05-24,321.25
2016-05-25,321.207
2016-05-26,321.182
2016-05-27,321.176
2016-05-28,321.138
2016-05-29,321.11
2016-05-30,321.062
2016-05-31,321.031
2016-06-01,320.978
2016-06-02,320.915
2016-06-03,320.841
2016-06-04,320.765
2016-06-05,320.696
2016-06-06,320.609
2016-06-07,320.533
2016-06-08,320.451
2016-06-09,320.369
2016-06-10,320.295
2016-06-11,320.204
2016-06-12,320.11
2016-06-13,320.015
2016-06-14,319.93
2016-06-15,319.84
2016-06-16,319.76
2016-06-17,319.685
2016-06-18,319.62
2016-06-19,319.536
2016-06-20,319.435
2016-06-21,319.324
2016-06-22,319.212
2016-06-23,319.122
2016-06-24,319.025
2016-06-25,318.911
2016-06-26,318.797
2016-06-27,318.7
2016-06-28,318.604
2016-06-29,318.503
2016-06-30,318.408
2016-07-01,318.304
2016-07-02,318.183
2016-07-03,318.064
2016-07-04,317.956
2016-07-05,317.835
2016-07-06,317.712
2016-07-07,317.598
2016-07-08,317.473
2016-07-09,317.339
2016-07-10,317.211
2016-07-11,317.068
2016-07-12,316.918
2016-07-13,316.784
2016-07-14,316.636
2016-07-15,316.513
2016-07-16,316.377
2016-07-17,316.244
2016-07-18,316.113
2016-07-19,315.978
2016-07-20,315.841
2016-07-21,315.702
2016-07-22,315.55
2016-07-23,315.396
2016-07-24,315.242
2016-07-25,315.097
2016-07-26,314.95
2016-07-27,314.796
2016-07-28,314.645
2016-07-29,314.488
2016-07-30,314.328
2016-07-31,314.179
2016-08-01,314.027
2016-08-02,313.872
2016-08-03,313.721
2016-08-04,313.562
2016-08-05,313.406
2016-08-06,313.24
2016-08-07,313.077
2016-08-08,312.919
2016-08-09,312.753
2016-08-10,312.589
2016-08-11,312.421
2016-08-12,312.257
2016-08-13,312.089
2016-08-14,311.91
2016-08-15,311.75
2016-08-16,311.602
2016-08-17,311.434
2016-08-18,311.272
2016-08-19,311.109
2016-08-20,310.94
2016-08-21,310.787
2016-08-22,310.617
2016-08-23,310.456
2016-08-24,310.31
2016-08-25,310.145
2016-08-26,309.975
2016-08-27,309.798
2016-08-28,309.617
2016-08-29,309.431
2016-08-30,309.246
2016-08-31,309.064
2016-09-01,308.876
2016-09-02,308.692
2016-09-03,308.52
2016-09-04,308.35
2016-09-05,308.174
2016-09-06,307.976
2016-09-07,307.814
2016-09-08,307.636
2016-09-09,307.472
2016-09-10,307.332
2016-09-11,307.17
2016-09-12,307.019
2016-09-13,306.883
2016-09-14,306.735
2016-09-15,306.585
2016-09-16,306.414
2016-09-17,306.232
2016-09-18,306.068
2016-09-19,305.917
2016-09-20,305.762
2016-09-21,305.628
2016-09-22,305.484
2016-09-23,305.351
2016-09-24,305.22
2016-09-25,305.086
2016-09-26,304.943
2016-09-27,304.828
2016-09-28,304.712
2016-09-29,304.605
2016-09-30,304.485
2016-10-01,304.361
2016-10-02,304.246
2016-10-03,304.136
2016-10-04,304.009
2016-10-05,303.888
2016-10-06,303.768
2016-10-07,303.667
2016-10-08,303.593
2016-10-09,303.493
2016-10-10,303.395
2016-10-11,303.302
2016-10-12,303.194
2016-10-13,303.084
2016-10-14,303.04
2016-10-15,303.033
2016-10-16,303.031
2016-10-17,302.995
2016-10-18,302.941
2016-10-19,302.889
2016-10-20,302.836
2016-10-21,302.767
2016-10-22,302.685
2016-10-23,302.605
2016-10-24,302.557
2016-10-25,302.608
2016-10-26,302.713
2016-10-27,302.83
2016-10-28,302.948
2016-10-29,303.098
2016-10-30,303.4
2016-10-31,303.756
2016-11-01,304.068
2016-11-02,304.243
2016-11-03,304.341
2016-11-04,304.409
2016-11-05,304.462
2016-11-06,304.52
2016-11-07,304.547
2016-11-08,304.567
2016-11-09,304.586
2016-11-10,304.611
2016-11-11,304.633
2016-11-12,304.639
2016-11-13,304.633
2016-11-14,304.606
2016-11-15,304.591
2016-11-16,304.572
2016-11-17,304.54
2016-11-18,304.514
2016-11-19,304.578
2016-11-20,304.78
2016-11-21,304.965
2016-11-22,305.075
2016-11-23,305.174
2016-11-24,305.254
2016-11-25,305.332
2016-11-26,305.432
2016-11-27,305.568
2016-11-28,305.683
2016-11-29,305.772
2016-11-30,305.836
2016-12-01,305.883
2016-12-02,305.932
2016-12-03,305.967
2016-12-04,305.984
2016-12-05,305.992
2016-12-06,306.006
2016-12-07,306.032
2016-12-08,306.069
2016-12-09,306.121
2016-12-10,306.374
2016-12-11,306.704
2016-12-12,306.904
2016-12-13,307.074
2016-12-14,307.317
2016-12-15,308.235
2016-12-16,309.47
2016-12-17,310.163
2016-12-18,310.59
2016-12-19,310.891
2016-12-20,311.14
2016-12-21,311.323
2016-12-22,311.348
2016-12-23,311.42
2016-12-24,311.5
2016-12-25,311.507
2016-12-26,311.495
2016-12-27,311.457
2016-12-28,311.437
2016-12-29,311.398
2016-12-30,311.34
2016-12-31,311.3
2017-01-01,311.27
2017-01-02,311.276
2017-01-03,311.343
2017-01-04,311.484
2017-01-05,311.64
2017-01-06,311.738
2017-01-07,311.839
2017-01-08,312.387
2017-01-09,313.43
2017-01-10,314.671
2017-01-11,315.899
2017-01-12,316.682
2017-01-13,316.654
2017-01-14,316.457
2017-01-15,316.172
2017-01-16,315.808
2017-01-17,315.415
2017-01-18,315.104
2017-01-19,315.041
2017-01-20,315.195
2017-01-21,315.476
2017-01-22,315.769
2017-01-23,316.002
2017-01-24,315.941
2017-01-25,315.829
2017-01-26,315.582
2017-01-27,315.252
2017-01-28,314.912
2017-01-29,314.632
2017-01-30,314.37
2017-01-31,314.107
2017-02-01,313.834
2017-02-02,313.597
2017-02-03,313.747
2017-02-04,314.363
2017-02-05,315.068
2017-02-06,315.96
2017-02-07,317.206
2017-02-08,318.532
2017-02-09,320.38
2017-02-10,322.541
2017-02-11,323.547
2017-02-12,323.728
2017-02-13,323.443
2017-02-14,322.814
2017-02-15,321.89
2017-02-16,321.154
2017-02-17,320.858
2017-02-18,320.383
2017-02-19,320.113
2017-02-20,320.259
2017-02-21,321.26
2017-02-22,321.954
2017-02-23,321.736
2017-02-24,321.187
2017-02-25,320.428
2017-02-26,319.57
2017-02-27,318.647
2017-02-28,317.643
2017-03-01,316.552
2017-03-02,315.455
2017-03-03,314.553
2017-03-04,313.791
2017-03-05,313.177
2017-03-06,312.736
2017-03-07,312.369
2017-03-08,312.171
2017-03-09,312.086
2017-03-10,312.064
2017-03-11,312.121
2017-03-12,312.23
2017-03-13,312.383
2017-03-14,312.557
2017-03-15,312.736
2017-03-16,312.971
2017-03-17,313.212
2017-03-18,313.448
2017-03-19,313.715
2017-03-20,313.99
2017-03-21,314.407
2017-03-22,315.057
2017-03-23,315.703
2017-03-24,316.312
2017-03-25,316.99
2017-03-26,317.6
2017-03-27,318.088
2017-03-28,318.476
2017-03-29,318.791
2017-03-30,319.015
2017-03-31,319.223
2017-04-01,319.404
2017-04-02,319.559
2017-04-03,319.704
2017-04-04,319.847
2017-04-05,319.966
2017-04-06,320.143
2017-04-07,320.547
2017-04-08,321.085
2017-04-09,321.468
2017-04-10,321.762
2017-04-11,322.033
2017-04-12,322.393
2017-04-13,322.82
2017-04-14,323.086
2017-04-15,323.162
2017-04-16,323.174
2017-04-17,323.177
2017-04-18,323.196
2017-04-19,323.211
2017-04-20,323.117
2017-04-21,322.971
2017-04-22,322.794
2017-04-23,322.489
2017-04-24,322.307
2017-04-25,322.078
2017-04-26,321.898
2017-04-27,321.792
2017-04-28,321.732
2017-04-29,321.742
2017-04-30,321.782
2017-05-01,321.842
2017-05-02,321.958
2017-05-03,322.1
2017-05-04,322.248
2017-05-05,322.443
2017-05-06,322.643
2017-05-07,322.826
2017-05-08,322.895
2017-05-09,322.939
2017-05-10,322.969
2017-05-11,323.01
2017-05-12,323.056
2017-05-13,323.096
2017-05-14,323.115
2017-05-15,323.1
2017-05-16,323.089
2017-05-17,323.092
2017-05-18,323.077
2017-05-19,323.048
2017-05-20,323.036
2017-05-21,323.028
2017-05-22,323.013
2017-05-23,322.998
2017-05-24,322.983
2017-05-25,322.954
2017-05-26,322.956
2017-05-27,322.926
2017-05-28,322.897
2017-05-29,322.876
2017-05-30,322.85
2017-05-31,322.815
2017-06-01,322.789
2017-06-02,322.751
2017-06-03,322.72
2017-06-04,322.674
2017-06-05,322.63
2017-06-06,322.561
2017-06-07,322.504
2017-06-08,322.459
2017-06-09,322.442
2017-06-10,322.408
2017-06-11,322.377
2017-06-12,322.33
2017-06-13,322.286
2017-06-14,322.26
2017-06-15,322.226
2017-06-16,322.185
2017-06-17,322.157
2017-06-18,322.129
2017-06-19,322.068
2017-06-20,322.019
2017-06-21,321.957
2017-06-22,321.874
2017-06-23,321.798
2017-06-24,321.726
2017-06-25,321.653
2017-06-26,321.603
2017-06-27,321.523
2017-06-28,321.453
2017-06-29,321.374
2017-06-30,321.298
2017-07-01,321.218
2017-07-02,321.147
2017-07-03,321.075
2017-07-04,320.998
2017-07-05,320.918
2017-07-06,320.847
2017-07-07,320.766
2017-07-08,320.677
2017-07-09,320.586
2017-07-10,320.494
2017-07-11,320.399
2017-07-12,320.304
2017-07-13,320.223
2017-07-14,320.153
2017-07-15,320.069
2017-07-16,319.981
2017-07-17,319.897
2017-07-18,319.796
2017-07-19,319.726
2017-07-20,319.651
2017-07-21,319.553
2017-07-22,319.445
2017-07-23,319.344
2017-07-24,319.244
2017-07-25,319.141
2017-07-26,319.019
2017-07-27,318.9
2017-07-28,318.799
2017-07-29,318.717
2017-07-30,318.6
2017-07-31,318.496
2017-08-01,318.389
2017-08-02,318.287
2017-08-03,318.181
2017-08-04,318.066
2017-08-05,317.949
2017-08-06,317.84
2017-08-07,317.734
2017-08-08,317.639
2017-08-09,317.533
2017-08-10,317.429
2017-08-11,317.27
2017-08-12,317.141
2017-08-13,317.021
2017-08-14,316.913
2017-08-15,316.806
2017-08-16,316.684
2017-08-17,316.558
2017-08-18,316.434
2017-08-19,316.329
2017-08-20,316.222
2017-08-21,316.109
2017-08-22,315.991
2017-08-23,315.853
2017-08-24,315.753
2017-08-25,315.65
2017-08-26,315.536
2017-08-27,315.411
2017-08-28,315.285
2017-08-29,315.168
2017-08-30,315.063
2017-08-31,314.977
2017-09-01,314.899
2017-09-02,314.811
2017-09-03,314.741
2017-09-04,314.665
2017-09-05,314.571
2017-09-06,314.479
2017-09-07,314.405
2017-09-08,314.331
2017-09-09,314.232
2017-09-10,314.132
2017-09-11,314.043
2017-09-12,313.953
2017-09-13,313.863
2017-09-14,313.787
2017-09-15,313.698
2017-09-16,313.618
2017-09-17,313.527
2017-09-18,313.435
2017-09-19,313.337
2017-09-20,313.23
2017-09-21,313.126
2017-09-22,313.019
2017-09-23,312.911
2017-09-24,312.803
2017-09-25,312.675
2017-09-26,312.572
2017-09-27,312.474
2017-09-28,312.373
2017-09-29,312.263
2017-09-30,312.159
2017-10-01,312.042
2017-10-02,311.918
2017-10-03,311.798
2017-10-04,311.706
2017-10-05,311.643
2017-10-06,311.557
2017-10-07,311.487
2017-10-08,311.423
2017-10-09,311.358
2017-10-10,311.282
2017-10-11,311.21
2017-10-12,311.105
2017-10-13,310.995
2017-10-14,310.895
2017-10-15,310.807
2017-10-16,310.721
2017-10-17,310.639
2017-10-18,310.551
2017-10-19,310.469
2017-10-20,310.395
2017-10-21,310.322
2017-10-22,310.253
2017-10-23,310.178
2017-10-24,310.088
2017-10-25,309.999
2017-10-26,309.901
2017-10-27,309.813
2017-10-28,309.729
2017-10-29,309.641
2017-10-30,309.558
2017-10-31,309.465
2017-11-01,309.361
2017-11-02,309.27
2017-11-03,309.189
2017-11-04,309.123
2017-11-05,309.037
2017-11-06,308.97
2017-11-07,308.918
2017-11-08,308.895
2017-11-09,308.916
2017-11-10,308.969
2017-11-11,308.994
2017-11-12,308.997
2017-11-13,309.011
2017-11-14,309.045
2017-11-15,309.111
2017-11-16,309.202
2017-11-17,309.253
2017-11-18,309.282
2017-11-19,309.303
2017-11-20,309.332
2017-11-21,309.36
2017-11-22,309.391
2017-11-23,309.403
2017-11-24,309.417
2017-11-25,309.422
2017-11-26,309.487
2017-11-27,309.609
2017-11-28,309.693
2017-11-29,309.736
2017-11-30,309.766
2017-12-01,309.776
2017-12-02,309.783
2017-12-03,309.805
2017-12-04,309.821
2017-12-05,309.82
2017-12-06,309.8
2017-12-07,309.789
2017-12-08,309.787
2017-12-09,309.781
2017-12-10,309.783
2017-12-11,309.774
2017-12-12,309.761
2017-12-13,309.757
2017-12-14,309.73
2017-12-15,309.719
2017-12-16,309.714
2017-12-17,309.693
2017-12-18,309.671
2017-12-19,309.668
2017-12-20,309.647
2017-12-21,309.636
2017-12-22,309.62
2017-12-23,309.604
2017-12-24,309.59
2017-12-25,309.567
2017-12-26,309.546
2017-12-27,309.527
2017-12-28,309.519
2017-12-29,309.506
2017-12-30,309.483
2017-12-31,309.457
2018-01-01,309.432
2018-01-02,309.425
2018-01-03,309.41
2018-01-04,309.432
2018-01-05,309.492
2018-01-06,309.567
2018-01-07,309.624
2018-01-08,309.658
2018-01-09,309.758
2018-01-10,309.853
2018-01-11,309.923
2018-01-12,309.972
2018-01-13,310.013
2018-01-14,310.052
2018-01-15,310.098
2018-01-16,310.144
2018-01-17,310.182
2018-01-18,310.245
2018-01-19,310.319
2018-01-20,310.365
2018-01-21,310.429
2018-01-22,310.485
2018-01-23,310.54
2018-01-24,310.624
2018-01-25,310.733
2018-01-26,310.837
2018-01-27,310.916
2018-01-28,310.983
2018-01-29,311.037
2018-01-30,311.091
2018-01-31,311.145
2018-02-01,311.191
2018-02-02,311.245
2018-02-03,311.276
2018-02-04,311.302
2018-02-05,311.36
2018-02-06,311.398
2018-02-07,311.439
2018-02-08,311.465
2018-02-09,311.497
2018-02-10,311.528
2018-02-11,311.559
2018-02-12,311.594
2018-02-13,311.597
2018-02-14,311.604
2018-02-15,311.649
2018-02-16,311.701
2018-02-17,311.718
2018-02-18,311.747
2018-02-19,311.779
2018-02-20,311.817
2018-02-21,311.845
2018-02-22,311.87
2018-02-23,311.875
2018-02-24,311.907
2018-02-25,311.942
2018-02-26,311.964
2018-02-27,311.994
2018-02-28,312.024
2018-03-01,312.115
2018-03-02,312.222
2018-03-03,312.287
2018-03-04,312.346
2018-03-05,312.391
2018-03-06,312.432
2018-03-07,312.47
2018-03-08,312.512
2018-03-09,312.569
2018-03-10,312.629
2018-03-11,312.681
2018-03-12,312.746
2018-03-13,312.888
2018-03-14,313.155
2018-03-15,313.501
2018-03-16,313.759
2018-03-17,313.971
2018-03-18,314.159
2018-03-19,314.3
2018-03-20,314.439
2018-03-21,314.611
2018-03-22,315.069
2018-03-23,315.625
2018-03-24,316.023
2018-03-25,316.335
2018-03-26,316.613
2018-03-27,316.827
2018-03-28,317.027
2018-03-29,317.18
2018-03-30,317.314
2018-03-31,317.454
2018-04-01,317.586
2018-04-02,317.722
2018-04-03,317.832
2018-04-04,317.921
2018-04-05,318.018
2018-04-06,318.166
2018-04-07,318.464
2018-04-08,318.808
2018-04-09,319.076
2018-04-10,319.307
2018-04-11,319.514
2018-04-12,319.704
2018-04-13,319.864
2018-04-14,320.001
2018-04-15,320.131
2018-04-16,320.272
2018-04-17,320.4
2018-04-18,320.518
2018-04-19,320.632
2018-04-20,320.684
2018-04-21,320.728
2018-04-22,320.806
2018-04-23,320.89
2018-04-24,320.947
2018-04-25,320.989
2018-04-26,321.01
2018-04-27,321.024
2018-04-28,321.045
2018-04-29,321.055
2018-04-30,321.046
2018-05-01,321.033
2018-05-02,321.019
2018-05-03,320.994
2018-05-04,320.972
2018-05-05,320.918
2018-05-06,320.874
2018-05-07,320.825
2018-05-08,320.768
2018-05-09,320.684
2018-05-10,320.612
2018-05-11,320.536
2018-05-12,320.449
2018-05-13,320.371
2018-05-14,320.295
2018-05-15,320.198
2018-05-16,320.12
2018-05-17,320.024
2018-05-18,319.901
2018-05-19,319.801
2018-05-20,319.703
2018-05-21,319.589
2018-05-22,319.465
2018-05-23,319.398
2018-05-24,319.337
2018-05-25,319.245
2018-05-26,319.147
2018-05-27,319.047
2018-05-28,318.954
2018-05-29,318.862
2018-05-30,318.77
2018-05-31,318.685
2018-06-01,318.599
2018-06-02,318.52
2018-06-03,318.428
2018-06-04,318.342
2018-06-05,318.237
2018-06-06,318.145
2018-06-07,318.021
2018-06-08,317.895
2018-06-09,317.796
2018-06-10,317.697
2018-06-11,317.611
2018-06-12,317.511
2018-06-13,317.447
2018-06-14,317.367
2018-06-15,317.237
2018-06-16,317.133
2018-06-17,317.022
2018-06-18,316.905
2018-06-19,316.758
2018-06-20,316.609
2018-06-21,316.46
2018-06-22,316.319
2018-06-23,316.186
2018-06-24,316.061
2018-06-25,315.893
2018-06-26,315.721
2018-06-27,315.571
2018-06-28,315.425
2018-06-29,315.273
2018-06-30,315.124
2018-07-01,314.95
2018-07-02,314.747
2018-07-03,314.571
2018-07-04,314.42
2018-07-05,314.259
2018-07-06,314.092
2018-07-07,313.878
2018-07-08,313.685
2018-07-09,313.494
2018-07-10,313.303
2018-07-11,313.139
2018-07-12,312.952
2018-07-13,312.772
2018-07-14,312.573
2018-07-15,312.369
2018-07-16,312.189
2018-07-17,311.989
2018-07-18,311.802
2018-07-19,311.604
2018-07-20,311.405
2018-07-21,311.216
2018-07-22,311.017
2018-07-23,310.848
2018-07-24,310.624
2018-07-25,310.417
2018-07-26,310.2
2018-07-27,309.978
2018-07-28,309.782
2018-07-29,309.516
2018-07-30,309.256
2018-07-31,309.012
2018-08-01,308.746
2018-08-02,308.509
2018-08-03,308.251
2018-08-04,307.998
2018-08-05,307.759
2018-08-06,307.519
2018-08-07,307.277
2018-08-08,307.026
2018-08-09,306.812
2018-08-10,306.594
2018-08-11,306.396
2018-08-12,306.175
2018-08-13,305.973
2018-08-14,305.759
2018-08-15,305.539
2018-08-16,305.345
2018-08-17,305.167
2018-08-18,304.966
2018-08-19,304.794
2018-08-20,304.593
2018-08-21,304.387
2018-08-22,304.209
2018-08-23,304.025
2018-08-24,303.85
2018-08-25,303.701
2018-08-26,303.549
2018-08-27,303.379
2018-08-28,303.184
2018-08-29,302.998
2018-08-30,302.809
2018-08-31,302.634
2018-09-01,302.463
2018-09-02,302.283
2018-09-03,302.096
2018-09-04,301.938
2018-09-05,301.752
2018-09-06,301.616
2018-09-07,301.457
2018-09-08,301.272
2018-09-09,301.112
2018-09-10,300.943
2018-09-11,300.76
2018-09-12,300.6
2018-09-13,300.438
2018-09-14,300.285
2018-09-15,300.119
2018-09-16,299.971
2018-09-17,299.82
2018-09-18,299.674
2018-09-19,299.517
2018-09-20,299.371
2018-09-21,299.256
2018-09-22,299.141
2018-09-23,299.018
2018-09-24,298.91
2018-09-25,298.808
2018-09-26,298.691
2018-09-27,298.561
2018-09-28,298.423
2018-09-29,298.296
2018-09-30,298.18
2018-10-01,298.051
2018-10-02,297.943
2018-10-03,297.821
2018-10-04,297.735
2018-10-05,297.632
2018-10-06,297.545
2018-10-07,297.477
2018-10-08,297.367
2018-10-09,297.233
2018-10-10,297.1
2018-10-11,296.977
2018-10-12,296.857
2018-10-13,296.709
2018-10-14,296.591
2018-10-15,296.457
2018-10-16,296.332
2018-10-17,296.201
2018-10-18,296.07
2018-10-19,295.961
2018-10-20,295.817
2018-10-21,295.682
2018-10-22,295.551
2018-10-23,295.418
2018-10-24,295.304
2018-10-25,295.239
2018-10-26,295.149
2018-10-27,295.048
2018-10-28,294.958
2018-10-29,294.88
2018-10-30,294.768
2018-10-31,294.667
2018-11-01,294.538
2018-11-02,294.394
2018-11-03,294.304
2018-11-04,294.233
2018-11-05,294.167
2018-11-06,294.114
2018-11-07,294.079
2018-11-08,294.039
2018-11-09,293.979
2018-11-10,293.923
2018-11-11,293.891
2018-11-12,293.857
2018-11-13,293.835
2018-11-14,293.807
2018-11-15,293.779
2018-11-16,293.749
2018-11-17,293.748
2018-11-18,293.716
2018-11-19,293.684
2018-11-20,293.656
2018-11-21,293.638
2018-11-22,293.672
2018-11-23,293.772
2018-11-24,293.812
2018-11-25,293.805
2018-11-26,293.785
2018-11-27,293.806
2018-11-28,293.857
2018-11-29,293.969
2018-11-30,294.17
2018-12-01,294.225
2018-12-02,294.245
2018-12-03,294.266
2018-12-04,294.292
2018-12-05,294.281
2018-12-06,294.3
2018-12-07,294.293
2018-12-08,294.27
2018-12-09,294.273
2018-12-10,294.25
2018-12-11,294.242
2018-12-12,294.266
2018-12-13,294.246
2018-12-14,294.245
2018-12-15,294.243
2018-12-16,294.381
2018-12-17,294.609
2018-12-18,294.796
2018-12-19,294.898
2018-12-20,294.982
2018-12-21,295.061
2018-12-22,295.114
2018-12-23,295.157
2018-12-24,295.222
2018-12-25,295.326
2018-12-26,295.402
2018-12-27,295.458
2018-12-28,295.488
2018-12-29,295.521
2018-12-30,295.538
2018-12-31,295.533
2019-01-01,295.536
2019-01-02,295.555
2019-01-03,295.541
2019-01-04,295.536
2019-01-05,295.578
2019-01-06,295.706
2019-01-07,295.857
2019-01-08,295.994
2019-01-09,296.485
2019-01-10,297.245
2019-01-11,297.774
2019-01-12,298.031
2019-01-13,298.234
2019-01-14,298.345
2019-01-15,298.459
2019-01-16,298.887
2019-01-17,299.771
2019-01-18,300.634
2019-01-19,301.251
2019-01-20,301.959
2019-01-21,302.674
2019-01-22,303.206
2019-01-23,303.538
2019-01-24,303.875
2019-01-25,304.089
2019-01-26,304.29
2019-01-27,304.466
2019-01-28,304.622
2019-01-29,304.76
2019-01-30,304.892
2019-01-31,305.016
2019-02-01,305.16
2019-02-02,305.411
2019-02-03,305.765
2019-02-04,306.138
2019-02-05,306.495
2019-02-06,306.817
2019-02-07,307.061
2019-02-08,307.275
2019-02-09,307.474
2019-02-10,307.661
2019-02-11,307.827
2019-02-12,307.979
2019-02-13,308.223
2019-02-14,308.707
2019-02-15,309.393
2019-02-16,309.985
2019-02-17,310.456
2019-02-18,310.855
2019-02-19,311.215
2019-02-20,311.516
2019-02-21,311.863
2019-02-22,312.165
2019-02-23,312.362
2019-02-24,312.544
2019-02-25,312.979
2019-02-26,314.181
2019-02-27,316.076
2019-02-28,317.653
2019-03-01,318.35
2019-03-02,318.543
2019-03-03,318.573
2019-03-04,318.521
2019-03-05,318.465
2019-03-06,318.695
2019-03-07,319.226
2019-03-08,319.471
2019-03-09,319.391
2019-03-10,319.169
2019-03-11,318.897
2019-03-12,318.596
2019-03-13,318.175
2019-03-14,317.726
2019-03-15,317.232
2019-03-16,316.852
2019-03-17,316.525
2019-03-18,316.317
2019-03-19,316.21
2019-03-20,316.163
2019-03-21,316.173
2019-03-22,316.264
2019-03-23,316.421
2019-03-24,316.571
2019-03-25,316.733
2019-03-26,316.939
2019-03-27,317.286
2019-03-28,317.752
2019-03-29,318.209
2019-03-30,318.575
2019-03-31,318.848
2019-04-01,319.019
2019-04-02,319.233
2019-04-03,319.515
2019-04-04,319.616
2019-04-05,319.65
2019-04-06,319.764
2019-04-07,319.983
2019-04-08,320.369
2019-04-09,320.819
2019-04-10,321.012
2019-04-11,320.931
2019-04-12,320.736
2019-04-13,320.483
2019-04-14,320.137
2019-04-15,319.904
2019-04-16,319.738
2019-04-17,319.617
2019-04-18,319.559
2019-04-19,319.546
2019-04-20,319.598
2019-04-21,319.649
2019-04-22,319.748
2019-04-23,319.87
2019-04-24,320.035
2019-04-25,320.218
2019-04-26,320.426
2019-04-27,320.638
2019-04-28,320.834
2019-04-29,320.997
2019-04-30,321.157
2019-05-01,321.29
2019-05-02,321.413
2019-05-03,321.533
2019-05-04,321.623
2019-05-05,321.675
2019-05-06,321.694
2019-05-07,321.732
2019-05-08,321.787
2019-05-09,321.841
2019-05-10,321.885
2019-05-11,321.919
2019-05-12,321.929
2019-05-13,321.947
2019-05-14,321.965
2019-05-15,322.045
2019-05-16,322.22
2019-05-17,322.431
2019-05-18,322.608
2019-05-19,322.802
2019-05-20,322.979
2019-05-21,323.133
2019-05-22,323.245
2019-05-23,323.37
2019-05-24,323.464
2019-05-25,323.557
2019-05-26,323.629
2019-05-27,323.72
2019-05-28,323.791
2019-05-29,323.869
2019-05-30,323.936
2019-05-31,323.947
2019-06-01,323.973
2019-06-02,323.966
2019-06-03,323.963
2019-06-04,323.957
2019-06-05,323.946
2019-06-06,323.91
2019-06-07,323.884
2019-06-08,323.85
2019-06-09,323.81
2019-06-10,323.761
2019-06-11,323.717
2019-06-12,323.694
2019-06-13,323.672
2019-06-14,323.675
2019-06-15,323.637
2019-06-16,323.577
2019-06-17,323.544
2019-06-18,323.553
2019-06-19,323.563
2019-06-20,323.513
2019-06-21,323.453
2019-06-22,323.383
2019-06-23,323.317
2019-06-24,323.231
2019-06-25,323.159
2019-06-26,323.085
2019-06-27,323.008
2019-06-28,322.921
2019-06-29,322.833
2019-06-30,322.738
2019-07-01,322.639
2019-07-02,322.543
2019-07-03,322.439
2019-07-04,322.336
2019-07-05,322.236
2019-07-06,322.122
2019-07-07,321.995
2019-07-08,321.891
2019-07-09,321.803
2019-07-10,321.685
2019-07-11,321.59
2019-07-12,321.475
2019-07-13,321.372
2019-07-14,321.26
2019-07-15,321.141
2019-07-16,321.032
2019-07-17,320.921
2019-07-18,320.816
2019-07-19,320.708
2019-07-20,320.593
2019-07-21,320.481
2019-07-22,320.351
2019-07-23,320.228
2019-07-24,320.129
2019-07-25,320.017
2019-07-26,319.871
2019-07-27,319.751
2019-07-28,319.646
2019-07-29,319.515
2019-07-30,319.392
2019-07-31,319.265
2019-08-01,319.178
2019-08-02,319.038
2019-08-03,318.907
2019-08-04,318.773
2019-08-05,318.675
2019-08-06,318.561
2019-08-07,318.408
2019-08-08,318.279
2019-08-09,318.142
2019-08-10,318.01
2019-08-11,317.903
2019-08-12,317.775
2019-08-13,317.647
2019-08-14,317.476
2019-08-15,317.297
2019-08-16,317.159
2019-08-17,317.021
2019-08-18,316.882
2019-08-19,316.755
2019-08-20,316.621
2019-08-21,316.487
2019-08-22,316.361
2019-08-23,316.213
2019-08-24,316.094
2019-08-25,315.971
2019-08-26,315.843
2019-08-27,315.717
2019-08-28,315.594
2019-08-29,315.472
2019-08-30,315.344
2019-08-31,315.245
2019-09-01,315.136
2019-09-02,315.025
2019-09-03,314.893
2019-09-04,314.752
2019-09-05,314.623
2019-09-06,314.498
2019-09-07,314.389
2019-09-08,314.312
2019-09-09,314.192
2019-09-10,314.071
2019-09-11,313.969
2019-09-12,313.848
2019-09-13,313.74
2019-09-14,313.623
2019-09-15,313.503
2019-09-16,313.384
2019-09-17,313.267
2019-09-18,313.182
2019-09-19,313.127
2019-09-20,313.033
2019-09-21,312.947
2019-09-22,312.886
2019-09-23,312.826
2019-09-24,312.727
2019-09-25,312.647
2019-09-26,312.58
2019-09-27,312.495
2019-09-28,312.43
2019-09-29,312.376
2019-09-30,312.3
2019-10-01,312.23
2019-10-02,312.142
2019-10-03,312.063
2019-10-04,312.014
2019-10-05,311.973
2019-10-06,311.961
2019-10-07,311.941
2019-10-08,311.884
2019-10-09,311.853
2019-10-10,311.816
2019-10-11,311.792
2019-10-12,311.75
2019-10-13,311.701
2019-10-14,311.707
2019-10-15,311.66
2019-10-16,311.601
2019-10-17,311.496
2019-10-18,311.405
2019-10-19,311.307
2019-10-20,311.224
2019-10-21,311.142
2019-10-22,311.094
2019-10-23,311.009
2019-10-24,310.916
2019-10-25,310.829
2019-10-26,310.77
2019-10-27,310.668
2019-10-28,310.552
2019-10-29,310.488
2019-10-30,310.473
2019-10-31,310.349
2019-11-01,310.262
2019-11-02,310.225
2019-11-03,310.192
2019-11-04,310.165
2019-11-05,310.14
2019-11-06,310.125
2019-11-07,310.097
2019-11-08,310.056
2019-11-09,310.025
2019-11-10,310.014
2019-11-11,309.971
2019-11-12,309.939
2019-11-13,309.911
2019-11-14,309.891
2019-11-15,309.867
2019-11-16,309.841
2019-11-17,309.817
2019-11-18,309.788
2019-11-19,309.762
2019-11-20,309.724
2019-11-21,309.707
2019-11-22,309.678
2019-11-23,309.651
2019-11-24,309.622
2019-11-25,309.588
2019-11-26,309.59
2019-11-27,309.616
2019-11-28,309.631
2019-11-29,309.623
2019-11-30,309.606
2019-12-01,309.616
2019-12-02,309.641
2019-12-03,309.648
2019-12-04,309.631
2019-12-05,309.616
2019-12-06,309.623
2019-12-07,309.843
2019-12-08,310.183
2019-12-09,310.337
2019-12-10,310.377
2019-12-11,310.396
2019-12-12,310.44
2019-12-13,310.541
2019-12-14,310.629
2019-12-15,310.659
2019-12-16,310.685
2019-12-17,310.688
2019-12-18,310.689
2019-12-19,310.71
2019-12-20,310.774
2019-12-21,310.813
2019-12-22,310.843
2019-12-23,310.883
2019-12-24,310.903
2019-12-25,310.9
2019-12-26,310.893
2019-12-27,310.88
2019-12-28,310.876
2019-12-29,310.882
2019-12-30,310.87
2019-12-31,310.876
2020-01-01,310.892
2020-01-02,310.891
2020-01-03,310.879
2020-01-04,310.863
2020-01-05,310.857
2020-01-06,310.854
2020-01-07,310.838
2020-01-08,310.841
2020-01-09,310.862
2020-01-10,310.869
2020-01-11,310.863
2020-01-12,310.862
2020-01-13,310.872
2020-01-14,310.885
2020-01-15,310.895
2020-01-16,310.936
2020-01-17,311.012
2020-01-18,311.047
2020-01-19,311.079
2020-01-20,311.103
2020-01-21,311.139
2020-01-22,311.206
2020-01-23,311.292
2020-01-24,311.409
2020-01-25,311.532
2020-01-26,311.749
2020-01-27,312.008
2020-01-28,312.216
2020-01-29,312.402
2020-01-30,312.549
2020-01-31,312.655
2020-02-01,312.733
2020-02-02,312.8
2020-02-03,312.859
2020-02-04,312.9
2020-02-05,312.934
2020-02-06,312.992
2020-02-07,313.064
2020-02-08,313.107
2020-02-09,313.148
2020-02-10,313.192
2020-02-11,313.211
2020-02-12,313.238
2020-02-13,313.276
2020-02-14,313.304
2020-02-15,313.338
2020-02-16,313.378
2020-02-17,313.393
2020-02-18,313.417
2020-02-19,313.445
2020-02-20,313.463
2020-02-21,313.491
2020-02-22,313.505
2020-02-23,313.504
2020-02-24,313.5
2020-02-25,313.514
2020-02-26,313.5
2020-02-27,313.47
2020-02-28,313.47
2020-02-29,313.455
2020-03-01,313.435
2020-03-02,313.417
2020-03-03,313.396
2020-03-04,313.364
2020-03-05,313.311
2020-03-06,313.281
2020-03-07,313.272
2020-03-08,313.253
2020-03-09,313.231
2020-03-10,313.222
2020-03-11,313.211
2020-03-12,313.184
2020-03-13,313.191
2020-03-14,313.183
2020-03-15,313.181
2020-03-16,313.249
2020-03-17,313.313
2020-03-18,313.385
2020-03-19,313.428
2020-03-20,313.471
2020-03-21,313.521
2020-03-22,313.565
2020-03-23,313.61
2020-03-24,313.654
2020-03-25,313.691
2020-03-26,313.754
2020-03-27,313.812
2020-03-28,313.845
2020-03-29,313.892
2020-03-30,313.952
2020-03-31,314.029
2020-04-01,314.134
2020-04-02,314.22
2020-04-03,314.307
2020-04-04,314.411
2020-04-05,314.549
2020-04-06,314.734
2020-04-07,314.895
2020-04-08,315.041
2020-04-09,315.164
2020-04-10,315.264
2020-04-11,315.38
2020-04-12,315.495
2020-04-13,315.612
2020-04-14,315.688
2020-04-15,315.754
2020-04-16,315.818
2020-04-17,315.875
2020-04-18,315.915
2020-04-19,315.95
2020-04-20,315.949
2020-04-21,315.953
2020-04-22,315.952
2020-04-23,315.93
2020-04-24,315.851
2020-04-25,315.752
2020-04-26,315.664
2020-04-27,315.561
2020-04-28,315.47
2020-04-29,315.408
2020-04-30,315.328
2020-05-01,315.233
2020-05-02,315.156
2020-05-03,315.099
2020-05-04,315.039
2020-05-05,314.949
2020-05-06,314.865
2020-05-07,314.784
2020-05-08,314.712
2020-05-09,314.612
2020-05-10,314.485
2020-05-11,314.361
2020-05-12,314.282
2020-05-13,314.207
2020-05-14,314.136
2020-05-15,314.055
2020-05-16,313.976
2020-05-17,313.973
2020-05-18,314.034
2020-05-19,314.129
2020-05-20,314.162
2020-05-21,314.127
2020-05-22,314.092
2020-05-23,314.073
2020-05-24,314.045
2020-05-25,314.01
2020-05-26,313.975
2020-05-27,313.94
2020-05-28,313.865
2020-05-29,313.778
2020-05-30,313.704
2020-05-31,313.621
2020-06-01,313.503
2020-06-02,313.381
2020-06-03,313.245
2020-06-04,313.154
2020-06-05,313.052
2020-06-06,312.918
2020-06-07,312.8
2020-06-08,312.696
2020-06-09,312.59
2020-06-10,312.455
2020-06-11,312.327
2020-06-12,312.215
2020-06-13,312.065
2020-06-14,311.899
2020-06-15,311.718
2020-06-16,311.549
2020-06-17,311.415
2020-06-18,311.29
2020-06-19,311.13
2020-06-20,310.963
2020-06-21,310.788
2020-06-22,310.579
2020-06-23,310.377
2020-06-24,310.19
2020-06-25,310.018
2020-06-26,309.858
2020-06-27,309.68
2020-06-28,309.466
2020-06-29,309.269
2020-06-30,309.051
2020-07-01,308.851
2020-07-02,308.65
2020-07-03,308.444
2020-07-04,308.249
2020-07-05,308.043
2020-07-06,307.83
2020-07-07,307.643
2020-07-08,307.412
2020-07-09,307.195
2020-07-10,306.996
2020-07-11,306.8
2020-07-12,306.584
2020-07-13,306.376
2020-07-14,306.159
2020-07-15,305.953
2020-07-16,305.726
2020-07-17,305.494
2020-07-18,305.27
2020-07-19,305.055
2020-07-20,304.846
2020-07-21,304.646
2020-07-22,304.431
2020-07-23,304.211
2020-07-24,303.999
2020-07-25,303.815
2020-07-26,303.61
2020-07-27,303.415
2020-07-28,303.212
2020-07-29,303.014
2020-07-30,302.844
2020-07-31,302.666
2020-08-01,302.478
2020-08-02,302.284
2020-08-03,302.097
2020-08-04,301.908
2020-08-05,301.73
2020-08-06,301.538
2020-08-07,301.354
2020-08-08,301.217
2020-08-09,301.068
2020-08-10,300.892
2020-08-11,300.71
2020-08-12,300.564
2020-08-13,300.398
2020-08-14,300.156
2020-08-15,299.936
2020-08-16,299.79
2020-08-17,299.643
2020-08-18,299.501
2020-08-19,299.317
2020-08-20,299.161
2020-08-21,299.002
2020-08-22,298.829
2020-08-23,298.692
2020-08-24,298.564
2020-08-25,298.433
2020-08-26,298.319
2020-08-27,298.216
2020-08-28,298.106
2020-08-29,297.983
2020-08-30,297.883
2020-08-31,297.768
2020-09-01,297.673
2020-09-02,297.578
2020-09-03,297.465
2020-09-04,297.369
2020-09-05,297.269
2020-09-06,297.146
2020-09-07,297.042
2020-09-08,296.934
2020-09-09,296.825
2020-09-10,296.732
2020-09-11,296.638
2020-09-12,296.552
2020-09-13,296.477
2020-09-14,296.387
2020-09-15,296.285
2020-09-16,296.178
2020-09-17,296.103
2020-09-18,296.048
2020-09-19,295.993
2020-09-20,295.913
2020-09-21,295.852
2020-09-22,295.804
2020-09-23,295.762
2020-09-24,295.686
2020-09-25,295.604
2020-09-26,295.552
2020-09-27,295.477
2020-09-28,295.396
2020-09-29,295.324
2020-09-30,295.27
2020-10-01,295.22
2020-10-02,295.156
2020-10-03,295.068
2020-10-04,295.011
2020-10-05,294.925
2020-10-06,294.826
2020-10-07,294.727
2020-10-08,294.615
2020-10-09,294.509
2020-10-10,294.428
2020-10-11,294.352
2020-10-12,294.271
2020-10-13,294.188
2020-10-14,294.082
2020-10-15,293.984
2020-10-16,293.916
2020-10-17,293.851
2020-10-18,293.782
2020-10-19,293.732
2020-10-20,293.688
2020-10-21,293.639
2020-10-22,293.583
2020-10-23,293.519
2020-10-24,293.515
2020-10-25,293.426
2020-10-26,293.357
2020-10-27,293.288
2020-10-28,293.192
2020-10-29,293.13
2020-10-30,293.114
2020-10-31,293.082
2020-11-01,293.016
2020-11-02,292.953
2020-11-03,292.867
2020-11-04,292.807
2020-11-05,292.761
2020-11-06,292.713
2020-11-07,292.672
2020-11-08,292.616
2020-11-09,292.543
2020-11-10,292.462
2020-11-11,292.375
2020-11-12,292.305
2020-11-13,292.251
2020-11-14,292.227
2020-11-15,292.188
2020-11-16,292.119
2020-11-17,292.069
2020-11-18,292.053
2020-11-19,292.063
2020-11-20,292.033
2020-11-21,292.038
2020-11-22,292.092
2020-11-23,292.036
2020-11-24,291.965
2020-11-25,291.942
2020-11-26,291.908
2020-11-27,291.873
2020-11-28,291.835
2020-11-29,291.82
2020-11-30,291.791
2020-12-01,291.746
2020-12-02,291.72
2020-12-03,291.701
2020-12-04,291.69
2020-12-05,291.663
2020-12-06,291.658
2020-12-07,291.661
2020-12-08,291.65
2020-12-09,291.634
2020-12-10,291.615
2020-12-11,291.606
2020-12-12,291.599
2020-12-13,291.612
2020-12-14,291.61
2020-12-15,291.632
2020-12-16,291.653
2020-12-17,291.654
2020-12-18,291.664
2020-12-19,291.681
2020-12-20,291.684
2020-12-21,291.689
2020-12-22,291.693
2020-12-23,291.711
2020-12-24,291.722
2020-12-25,291.738
2020-12-26,291.774
2020-12-27,291.803
2020-12-28,291.813
2020-12-29,291.831
2020-12-30,291.848
2020-12-31,291.846
2021-01-01,291.845
2021-01-02,291.864
2021-01-03,291.879
2021-01-04,292.003
2021-01-05,292.137
2021-01-06,292.207
2021-01-07,292.246
2021-01-08,292.284
2021-01-09,292.334
2021-01-10,292.388
2021-01-11,292.405
2021-01-12,292.374
2021-01-13,292.394
2021-01-14,292.45
2021-01-15,292.492
2021-01-16,292.523
2021-01-17,292.572
2021-01-18,292.581
2021-01-19,292.583
2021-01-20,292.608
2021-01-21,292.635
2021-01-22,292.65
2021-01-23,292.665
2021-01-24,292.69
2021-01-25,292.709
2021-01-26,292.743
2021-01-27,292.845
2021-01-28,292.934
2021-01-29,293.045
2021-01-30,293.183
2021-01-31,293.317
2021-02-01,293.419
2021-02-02,293.564
2021-02-03,293.753
2021-02-04,293.925
2021-02-05,294.066
2021-02-06,294.144
2021-02-07,294.201
2021-02-08,294.245
2021-02-09,294.286
2021-02-10,294.339
2021-02-11,294.413
2021-02-12,294.497
2021-02-13,294.612
2021-02-14,294.719
2021-02-15,294.8
2021-02-16,294.906
2021-02-17,294.983
2021-02-18,295.065
2021-02-19,295.239
2021-02-20,295.432
2021-02-21,295.515
2021-02-22,295.583
2021-02-23,295.627
2021-02-24,295.675
2021-02-25,295.735
2021-02-26,295.764
2021-02-27,295.817
2021-02-28,295.86
2021-03-01,295.891
2021-03-02,295.928
2021-03-03,295.966
2021-03-04,295.983
2021-03-05,295.956
2021-03-06,295.97
2021-03-07,296.032
2021-03-08,296.04
2021-03-09,296.053
2021-03-10,296.134
2021-03-11,296.185
2021-03-12,296.219
2021-03-13,296.269
2021-03-14,296.333
2021-03-15,296.393
2021-03-16,296.451
2021-03-17,296.514
2021-03-18,296.602
2021-03-19,296.775
2021-03-20,296.967
2021-03-21,297.097
2021-03-22,297.185
2021-03-23,297.267
2021-03-24,297.325
2021-03-25,297.385
2021-03-26,297.461
2021-03-27,297.515
2021-03-28,297.555
2021-03-29,297.606
2021-03-30,297.659
2021-03-31,297.693
2021-04-01,297.713
2021-04-02,297.717
2021-04-03,297.73
2021-04-04,297.748
2021-04-05,297.746
2021-04-06,297.737
2021-04-07,297.736
2021-04-08,297.743
2021-04-09,297.731
2021-04-10,297.708
2021-04-11,297.738
2021-04-12,297.678
2021-04-13,297.647
2021-04-14,297.615
2021-04-15,297.581
2021-04-16,297.52
2021-04-17,297.456
2021-04-18,297.397
2021-04-19,297.304
2021-04-20,297.225
2021-04-21,297.134
2021-04-22,297.073
2021-04-23,296.964
2021-04-24,296.876
2021-04-25,296.815
2021-04-26,296.71
2021-04-27,296.633
2021-04-28,296.534
2021-04-29,296.393
2021-04-30,296.265
2021-05-01,296.147
2021-05-02,296.041
2021-05-03,295.902
2021-05-04,295.76
2021-05-05,295.636
2021-05-06,295.506
2021-05-07,295.393
2021-05-08,295.24
2021-05-09,295.089
2021-05-10,294.992
2021-05-11,294.849
2021-05-12,294.623
2021-05-13,294.437
2021-05-14,294.267
2021-05-15,294.106
2021-05-16,293.901
2021-05-17,293.714
2021-05-18,293.517
2021-05-19,293.323
2021-05-20,293.137
2021-05-21,292.943
2021-05-22,292.768
2021-05-23,292.59
2021-05-24,292.402
2021-05-25,292.192
2021-05-26,292.008
2021-05-27,291.874
2021-05-28,291.735
2021-05-29,291.576
2021-05-30,291.461
2021-05-31,291.293
2021-06-01,291.162
2021-06-02,291.018
2021-06-03,290.893
2021-06-04,290.78
2021-06-05,290.653
2021-06-06,290.492
2021-06-07,290.325
2021-06-08,290.189
2021-06-09,290.083
2021-06-10,289.95
2021-06-11,289.845
2021-06-12,289.712
2021-06-13,289.597
2021-06-14,289.508
2021-06-15,289.392
2021-06-16,289.258
2021-06-17,289.159
2021-06-18,288.98
2021-06-19,288.804
2021-06-20,288.662
2021-06-21,288.507
2021-06-22,288.346
2021-06-23,288.179
2021-06-24,288.058
2021-06-25,287.935
2021-06-26,287.78
2021-06-27,287.598
2021-06-28,287.387
2021-06-29,287.2
2021-06-30,286.954
2021-07-01,286.769
2021-07-02,286.588
2021-07-03,286.429
2021-07-04,286.259
2021-07-05,286.067
2021-07-06,285.884
2021-07-07,285.655
2021-07-08,285.445
2021-07-09,285.284
2021-07-10,285.112
2021-07-11,284.955
2021-07-12,284.759
2021-07-13,284.545
2021-07-14,284.34
2021-07-15,284.171
2021-07-16,283.985
2021-07-17,283.795
2021-07-18,283.61
2021-07-19,283.391
2021-07-20,283.187
2021-07-21,282.981
2021-07-22,282.769
2021-07-23,282.575
2021-07-24,282.393
2021-07-25,282.209
2021-07-26,281.974
2021-07-27,281.78
2021-07-28,281.572
2021-07-29,281.37
2021-07-30,281.167
2021-07-31,280.992
2021-08-01,280.815
2021-08-02,280.638
2021-08-03,280.44
2021-08-04,280.229
2021-08-05,280.053
2021-08-06,279.89
2021-08-07,279.696
2021-08-08,279.511
2021-08-09,279.383
2021-08-10,279.252
2021-08-11,279.095
2021-08-12,278.936
2021-08-13,278.768
2021-08-14,278.581
2021-08-15,278.415
2021-08-16,278.231
2021-08-17,278.011
2021-08-18,277.858
2021-08-19,277.732
2021-08-20,277.59
2021-08-21,277.431
2021-08-22,277.277
2021-08-23,277.127
2021-08-24,276.987
2021-08-25,276.841
2021-08-26,276.69
2021-08-27,276.538
2021-08-28,276.391
2021-08-29,276.265
2021-08-30,276.088
2021-08-31,275.92
2021-09-01,275.764
2021-09-02,275.644
2021-09-03,275.51
2021-09-04,275.343
2021-09-05,275.193
2021-09-06,275.022
2021-09-07,274.849
2021-09-08,274.698
2021-09-09,274.529
2021-09-10,274.375
2021-09-11,274.23
2021-09-12,274.082
2021-09-13,273.956
2021-09-14,273.867
2021-09-15,273.741
2021-09-16,273.594
2021-09-17,273.5
2021-09-18,273.382
2021-09-19,273.249
2021-09-20,273.095
2021-09-21,272.94
2021-09-22,272.807
2021-09-23,272.73
2021-09-24,272.62
2021-09-25,272.491
2021-09-26,272.391
2021-09-27,272.293
2021-09-28,272.167
2021-09-29,272.023
2021-09-30,271.876
2021-10-01,271.763
2021-10-02,271.627
2021-10-03,271.488
2021-10-04,271.332
2021-10-05,271.169
2021-10-06,271.031
2021-10-07,270.905
2021-10-08,270.769
2021-10-09,270.636
2021-10-10,270.505
2021-10-11,270.349
2021-10-12,270.198
2021-10-13,270.043
2021-10-14,269.893
2021-10-15,269.757
2021-10-16,269.621
2021-10-17,269.467
2021-10-18,269.269
2021-10-19,269.068
2021-10-20,268.884
2021-10-21,268.749
2021-10-22,268.658
2021-10-23,268.706
2021-10-24,268.797
2021-10-25,269.081
2021-10-26,269.488
2021-10-27,269.656
2021-10-28,269.706
2021-10-29,269.677
2021-10-30,269.642
2021-10-31,269.58
2021-11-01,269.541
2021-11-02,269.522
2021-11-03,269.691
2021-11-04,269.849
2021-11-05,270.016
2021-11-06,270.238
2021-11-07,270.359
2021-11-08,270.442
2021-11-09,270.523
2021-11-10,270.764
2021-11-11,271.125
2021-11-12,271.296
2021-11-13,271.4
2021-11-14,271.532
2021-11-15,271.613
2021-11-16,271.686
2021-11-17,271.766
2021-11-18,271.817
2021-11-19,271.875
2021-11-20,271.921
2021-11-21,271.949
2021-11-22,271.984
2021-11-23,272.025
2021-11-24,272.081
2021-11-25,272.101
2021-11-26,272.107
2021-11-27,272.103
2021-11-28,272.117
2021-11-29,272.135
2021-11-30,272.132
2021-12-01,272.152
2021-12-02,272.123
2021-12-03,272.144
2021-12-04,272.173
2021-12-05,272.175
2021-12-06,272.169
2021-12-07,272.168
2021-12-08,272.193
2021-12-09,272.2
2021-12-10,272.261
2021-12-11,272.301
2021-12-12,272.322
2021-12-13,272.457
2021-12-14,272.891
2021-12-15,273.299
2021-12-16,273.668
2021-12-17,274.06
2021-12-18,274.36
2021-12-19,274.504
2021-12-20,274.619
2021-12-21,274.708
2021-12-22,274.823
2021-12-23,274.977
2021-12-24,275.283
2021-12-25,275.623
2021-12-26,275.999
2021-12-27,276.391
2021-12-28,276.672
2021-12-29,276.935
2021-12-30,277.049
2021-12-31,277.165
2022-01-01,277.264
2022-01-02,277.356
2022-01-03,277.452
2022-01-04,277.682
2022-01-05,278.157
2022-01-06,278.638
2022-01-07,279.085
2022-01-08,279.586
2022-01-09,280.173
2022-01-10,280.725
2022-01-11,281.081
2022-01-12,281.364
2022-01-13,281.575
2022-01-14,281.766
2022-01-15,281.929
2022-01-16,282.094
2022-01-17,282.245
2022-01-18,282.387
2022-01-19,282.535
2022-01-20,282.648
2022-01-21,282.755
2022-01-22,282.906
2022-01-23,283.035
2022-01-24,283.119
2022-01-25,283.214
2022-01-26,283.296
2022-01-27,283.361
2022-01-28,283.428
2022-01-29,283.514
2022-01-30,283.581
2022-01-31,283.647
2022-02-01,283.695
2022-02-02,283.765
2022-02-03,283.814
2022-02-04,283.875
2022-02-05,283.936
2022-02-06,283.985
2022-02-07,284.019
2022-02-08,284.059
2022-02-09,284.105
2022-02-10,284.137
2022-02-11,284.172
2022-02-12,284.215
2022-02-13,284.261
2022-02-14,284.304
2022-02-15,284.361
2022-02-16,284.404
2022-02-17,284.46
2022-02-18,284.516
2022-02-19,284.573
2022-02-20,284.619
2022-02-21,284.664
2022-02-22,284.715
2022-02-23,284.753
2022-02-24,284.799
2022-02-25,284.827
2022-02-26,284.858
2022-02-27,284.896
2022-02-28,284.918
2022-03-01,284.933
2022-03-02,284.967
2022-03-03,285.003
2022-03-04,285.024
2022-03-05,285.051
2022-03-06,285.076
2022-03-07,285.113
2022-03-08,285.149
2022-03-09,285.176
2022-03-10,285.204
2022-03-11,285.228
2022-03-12,285.248
2022-03-13,285.266
2022-03-14,285.267
2022-03-15,285.272
2022-03-16,285.288
2022-03-17,285.326
2022-03-18,285.36
2022-03-19,285.386
2022-03-20,285.39
2022-03-21,285.443
2022-03-22,285.465
2022-03-23,285.477
2022-03-24,285.508
2022-03-25,285.548
2022-03-26,285.572
2022-03-27,285.603
2022-03-28,285.652
2022-03-29,285.674
2022-03-30,285.725
2022-03-31,285.726
2022-04-01,285.746
2022-04-02,285.76
2022-04-03,285.775
2022-04-04,285.808
2022-04-05,285.832
2022-04-06,285.848
2022-04-07,285.865
2022-04-08,285.882
2022-04-09,285.899
2022-04-10,285.924
2022-04-11,285.917
2022-04-12,285.908
2022-04-13,285.93
2022-04-14,285.968
2022-04-15,286.025
2022-04-16,286.099
2022-04-17,286.126
2022-04-18,286.14
2022-04-19,286.205
2022-04-20,286.299
2022-04-21,286.43
2022-04-22,286.588
2022-04-23,286.733
2022-04-24,286.824
2022-04-25,286.936
2022-04-26,286.999
2022-04-27,287.045
2022-04-28,287.11
2022-04-29,287.187
2022-04-30,287.239
2022-05-01,287.293
2022-05-02,287.351
2022-05-03,287.387
2022-05-04,287.433
2022-05-05,287.465
2022-05-06,287.476
2022-05-07,287.514
2022-05-08,287.553
2022-05-09,287.575
2022-05-10,287.608
2022-05-11,287.633
2022-05-12,287.639
2022-05-13,287.667
2022-05-14,287.677
2022-05-15,287.681
2022-05-16,287.685
2022-05-17,287.686
2022-05-18,287.689
2022-05-19,287.698
2022-05-20,287.7
2022-05-21,287.714
2022-05-22,287.699
2022-05-23,287.707
2022-05-24,287.688
2022-05-25,287.647
2022-05-26,287.61
2022-05-27,287.618
2022-05-28,287.597
2022-05-29,287.596
2022-05-30,287.553
2022-05-31,287.554
2022-06-01,287.523
2022-06-02,287.507
2022-06-03,287.521
2022-06-04,287.527
2022-06-05,287.503
2022-06-06,287.488
2022-06-07,287.476
2022-06-08,287.46
2022-06-09,287.44
2022-06-10,287.431
2022-06-11,287.395
2022-06-12,287.363
2022-06-13,287.349
2022-06-14,287.367
2022-06-15,287.314
2022-06-16,287.278
2022-06-17,287.238
2022-06-18,287.227
2022-06-19,287.221
2022-06-20,287.194
2022-06-21,287.15
2022-06-22,287.098
2022-06-23,287.093
2022-06-24,287.03
2022-06-25,286.986
2022-06-26,286.939
2022-06-27,286.886
2022-06-28,286.841
2022-06-29,286.779
2022-06-30,286.711
2022-07-01,286.676
2022-07-02,286.626
2022-07-03,286.579
2022-07-04,286.531
2022-07-05,286.461
2022-07-06,286.404
2022-07-07,286.349
2022-07-08,286.305
2022-07-09,286.229
2022-07-10,286.175
2022-07-11,286.135
2022-07-12,286.095
2022-07-13,285.992
2022-07-14,285.927
2022-07-15,285.895
2022-07-16,285.817
2022-07-17,285.756
2022-07-18,285.692
2022-07-19,285.653
2022-07-20,285.591
2022-07-21,285.532
2022-07-22,285.462
2022-07-23,285.421
2022-07-24,285.362
2022-07-25,285.285
2022-07-26,285.228
2022-07-27,285.163
2022-07-28,285.11
2022-07-29,285.049
2022-07-30,284.99
2022-07-31,284.935
2022-08-01,284.881
2022-08-02,284.801
2022-08-03,284.733
2022-08-04,284.678
2022-08-05,284.615
2022-08-06,284.56
2022-08-07,284.5
2022-08-08,284.436
2022-08-09,284.365
2022-08-10,284.302
2022-08-11,284.236
2022-08-12,284.165
2022-08-13,284.093
2022-08-14,284.024
2022-08-15,283.965
2022-08-16,283.912
2022-08-17,283.841
2022-08-18,283.771
2022-08-19,283.712
2022-08-20,283.644
2022-08-21,283.589
2022-08-22,283.547
2022-08-23,283.466
2022-08-24,283.404
2022-08-25,283.348
2022-08-26,283.288
2022-08-27,283.219
2022-08-28,283.168
2022-08-29,283.117
2022-08-30,283.053
2022-08-31,282.994
2022-09-01,282.946
2022-09-02,282.866
2022-09-03,282.771
2022-09-04,282.704
2022-09-05,282.636
2022-09-06,282.559
2022-09-07,282.479
2022-09-08,282.446
2022-09-09,282.392
2022-09-10,282.316
2022-09-11,282.252
2022-09-12,282.166
2022-09-13,282.106
2022-09-14,282.065
2022-09-15,282.01
2022-09-16,281.94
2022-09-17,281.863
2022-09-18,281.798
2022-09-19,281.747
2022-09-20,281.707
2022-09-21,281.671
2022-09-22,281.605
2022-09-23,281.552
2022-09-24,281.503
2022-09-25,281.457
2022-09-26,281.405
2022-09-27,281.32
2022-09-28,281.25
2022-09-29,281.184
2022-09-30,281.126
2022-10-01,281.066
2022-10-02,280.987
2022-10-03,280.928
2022-10-04,280.864
2022-10-05,280.818
2022-10-06,280.743
2022-10-07,280.663
2022-10-08,280.597
2022-10-09,280.526
2022-10-10,280.468
2022-10-11,280.395
2022-10-12,280.327
2022-10-13,280.258
2022-10-14,280.189
2022-10-15,280.134
2022-10-16,280.09
2022-10-17,280.031
2022-10-18,279.978
2022-10-19,279.904
2022-10-20,279.839
2022-10-21,279.77
2022-10-22,279.7
2022-10-23,279.64
2022-10-24,279.562
2022-10-25,279.493
2022-10-26,279.451
2022-10-27,279.388
2022-10-28,279.33
2022-10-29,279.268
2022-10-30,279.208
2022-10-31,279.14
2022-11-01,279.062
2022-11-02,279.006
2022-11-03,278.96
2022-11-04,278.91
2022-11-05,278.844
2022-11-06,278.791
2022-11-07,278.729
2022-11-08,278.706
2022-11-09,278.702
2022-11-10,278.683
2022-11-11,278.638
2022-11-12,278.61
2022-11-13,278.587
2022-11-14,278.535
2022-11-15,278.496
2022-11-16,278.463
2022-11-17,278.432
2022-11-18,278.409
2022-11-19,278.405
2022-11-20,278.378
2022-11-21,278.347
2022-11-22,278.319
2022-11-23,278.291
2022-11-24,278.278
2022-11-25,278.259
2022-11-26,278.23
2022-11-27,278.205
2022-11-28,278.171
2022-11-29,278.179
2022-11-30,278.17
2022-12-01,278.158
2022-12-02,278.158
2022-12-03,278.164
2022-12-04,278.188
2022-12-05,278.217
2022-12-06,278.272
2022-12-07,278.318
2022-12-08,278.336
2022-12-09,278.354
2022-12-10,278.405
2022-12-11,278.578
2022-12-12,278.796
2022-12-13,278.885
2022-12-14,278.912
2022-12-15,278.937
2022-12-16,278.951
2022-12-17,278.946
2022-12-18,278.944
2022-12-19,278.929
2022-12-20,278.904
2022-12-21,278.906
2022-12-22,278.899
2022-12-23,278.894
2022-12-24,278.901
2022-12-25,278.903
2022-12-26,278.908
2022-12-27,278.992
2022-12-28,279.271
2022-12-29,279.575
2022-12-30,279.796
2022-12-31,280.211
2023-01-01,280.69
2023-01-02,280.989
2023-01-03,281.172
2023-01-04,281.31
2023-01-05,281.588
2023-01-06,282.307
2023-01-07,283.16
2023-01-08,284.093
2023-01-09,285.448
2023-01-10,287.073
2023-01-11,288.538
2023-01-12,289.798
2023-01-13,291.091
2023-01-14,292.34
2023-01-15,293.86
2023-01-16,295.273
2023-01-17,296.137
2023-01-18,296.723
2023-01-19,297.158
2023-01-20,297.545
2023-01-21,297.847
2023-01-22,298.097
2023-01-23,298.329
2023-01-24,298.547
2023-01-25,298.744
2023-01-26,298.924
2023-01-27,299.102
2023-01-28,299.267
2023-01-29,299.425
2023-01-30,299.569
2023-01-31,299.69
2023-02-01,299.784
2023-02-02,299.857
2023-02-03,299.934
2023-02-04,300.035
2023-02-05,300.147
2023-02-06,300.267
2023-02-07,300.389
2023-02-08,300.491
2023-02-09,300.59
2023-02-10,300.681
2023-02-11,300.767
2023-02-12,300.852
2023-02-13,300.931
2023-02-14,301.001
2023-02-15,301.068
2023-02-16,301.138
2023-02-17,301.205
2023-02-18,301.265
2023-02-19,301.312
2023-02-20,301.36
2023-02-21,301.412
2023-02-22,301.467
2023-02-23,301.529
2023-02-24,301.594
2023-02-25,301.691
2023-02-26,301.766
2023-02-27,301.84
2023-02-28,301.97
2023-03-01,302.119
2023-03-02,302.247
2023-03-03,302.347
2023-03-04,302.468
2023-03-05,302.578
2023-03-06,302.693
2023-03-07,302.814
2023-03-08,302.946
2023-03-09,303.101
2023-03-10,303.313
2023-03-11,303.625
2023-03-12,303.914
2023-03-13,304.215
2023-03-14,305.01
2023-03-15,306.675
2023-03-16,308.218
2023-03-17,309.114
2023-03-18,309.751
2023-03-19,310.291
2023-03-20,310.89
2023-03-21,311.597
2023-03-22,312.202
2023-03-23,312.709
2023-03-24,313.122
2023-03-25,313.462
2023-03-26,313.78
2023-03-27,314.049
2023-03-28,314.308
2023-03-29,314.611
2023-03-30,314.949
2023-03-31,315.252
2023-04-01,315.538
2023-04-02,315.831
2023-04-03,316.139
2023-04-04,316.436
2023-04-05,316.669
2023-04-06,316.877
2023-04-07,317.088
2023-04-08,317.374
2023-04-09,317.746
2023-04-10,318.132
2023-04-11,318.48
2023-04-12,318.832
2023-04-13,319.199
2023-04-14,319.546
2023-04-15,319.858
2023-04-16,320.141
2023-04-17,320.402
2023-04-18,320.654
2023-04-19,320.894
2023-04-20,321.113
2023-04-21,321.331
2023-04-22,321.505
2023-04-23,321.667
2023-04-24,321.837
2023-04-25,321.98
2023-04-26,322.123
2023-04-27,322.265
2023-04-28,322.438
2023-04-29,322.621
2023-04-30,322.803
2023-05-01,322.963
2023-05-02,323.1
2023-05-03,323.196
2023-05-04,323.276
2023-05-05,323.285
2023-05-06,323.314
2023-05-07,323.346
2023-05-08,323.365
2023-05-09,323.364
2023-05-10,323.37
2023-05-11,323.346
2023-05-12,323.344
2023-05-13,323.312
2023-05-14,323.313
2023-05-15,323.315
2023-05-16,323.321
2023-05-17,323.323
2023-05-18,323.337
2023-05-19,323.38
2023-05-20,323.408
2023-05-21,323.423
2023-05-22,323.439
2023-05-23,323.45
2023-05-24,323.458
2023-05-25,323.47
2023-05-26,323.469
2023-05-27,323.465
2023-05-28,323.448
2023-05-29,323.426
2023-05-30,323.411
2023-05-31,323.42
2023-06-01,323.42
2023-06-02,323.406
2023-06-03,323.382
2023-06-04,323.34
2023-06-05,323.306
2023-06-06,323.272
2023-06-07,323.245
2023-06-08,323.205
2023-06-09,323.177
2023-06-10,323.149
2023-06-11,323.125
2023-06-12,323.068
2023-06-13,323.004
2023-06-14,322.966
2023-06-15,322.906
2023-06-16,322.835
2023-06-17,322.759
2023-06-18,322.687
2023-06-19,322.626
2023-06-20,322.544
2023-06-21,322.468
2023-06-22,322.361
2023-06-23,322.269
2023-06-24,322.151
2023-06-25,322.063
2023-06-26,321.966
2023-06-27,321.86
2023-06-28,321.766
2023-06-29,321.675
2023-06-30,321.573
2023-07-01,321.477
2023-07-02,321.372
2023-07-03,321.266
2023-07-04,321.149
2023-07-05,321.039
2023-07-06,320.915
2023-07-07,320.787
2023-07-08,320.67
2023-07-09,320.556
2023-07-10,320.424
2023-07-11,320.284
2023-07-12,320.162
2023-07-13,320.039
2023-07-14,319.909
2023-07-15,319.761
2023-07-16,319.633
2023-07-17,319.488
2023-07-18,319.336
2023-07-19,319.184
2023-07-20,319.047
2023-07-21,318.899
2023-07-22,318.76
2023-07-23,318.616
2023-07-24,318.479
2023-07-25,318.33
2023-07-26,318.185
2023-07-27,318.037
2023-07-28,317.902
2023-07-29,317.759
2023-07-30,317.616
2023-07-31,317.457
2023-08-01,317.307
2023-08-02,317.159
2023-08-03,317.017
2023-08-04,316.867
2023-08-05,316.714
2023-08-06,316.565
2023-08-07,316.433
2023-08-08,316.285
2023-08-09,316.129
2023-08-10,315.967
2023-08-11,315.819
2023-08-12,315.683
2023-08-13,315.552
2023-08-14,315.391
2023-08-15,315.234
2023-08-16,315.096
2023-08-17,314.979
2023-08-18,314.863
2023-08-19,314.735
2023-08-20,314.612
2023-08-21,314.471
2023-08-22,314.346
2023-08-23,314.237
2023-08-24,314.132
2023-08-25,314.051
2023-08-26,313.953
2023-08-27,313.829
2023-08-28,313.719
2023-08-29,313.596
2023-08-30,313.466
2023-08-31,313.325
2023-09-01,313.218
2023-09-02,313.151
2023-09-03,313.091
2023-09-04,312.998
2023-09-05,312.9
2023-09-06,312.803
2023-09-07,312.709
2023-09-08,312.617
2023-09-09,312.528
2023-09-10,312.409
2023-09-11,312.331
2023-09-12,312.236
2023-09-13,312.145
2023-09-14,312.071
2023-09-15,311.984
2023-09-16,311.895
2023-09-17,311.804
2023-09-18,311.705
2023-09-19,311.629
2023-09-20,311.554
2023-09-21,311.457
2023-09-22,311.384
2023-09-23,311.315
2023-09-24,311.239
2023-09-25,311.133
2023-09-26,311.032
2023-09-27,310.967
2023-09-28,310.885
2023-09-29,310.799
2023-09-30,310.719
2023-10-01,310.639
2023-10-02,310.562
2023-10-03,310.499
2023-10-04,310.421
2023-10-05,310.341
2023-10-06,310.27
2023-10-07,310.192
2023-10-08,310.134
2023-10-09,310.061
2023-10-10,309.976
2023-10-11,309.896
2023-10-12,309.87
2023-10-13,309.776
2023-10-14,309.692
2023-10-15,309.628
2023-10-16,309.558
2023-10-17,309.507
2023-10-18,309.435
2023-10-19,309.363
2023-10-20,309.283
2023-10-21,309.194
2023-10-22,309.114
2023-10-23,309.034
2023-10-24,308.952
2023-10-25,308.868
2023-10-26,308.795
2023-10-27,308.725
2023-10-28,308.648
2023-10-29,308.571
2023-10-30,308.481
2023-10-31,308.398
2023-11-01,308.313
2023-11-02,308.249
2023-11-03,308.182
2023-11-04,308.136
2023-11-05,308.08
2023-11-06,308.057
2023-11-07,308.051
2023-11-08,308.046
2023-11-09,308.015
2023-11-10,307.978
2023-11-11,307.929
2023-11-12,307.886
2023-11-13,307.842
2023-11-14,307.775
2023-11-15,307.72
2023-11-16,307.672
2023-11-17,307.615
2023-11-18,307.57
2023-11-19,307.609
2023-11-20,307.632
2023-11-21,307.594
2023-11-22,307.556
2023-11-23,307.512
2023-11-24,307.463
2023-11-25,307.418
2023-11-26,307.358
2023-11-27,307.302
2023-11-28,307.252
2023-11-29,307.205
2023-11-30,307.159
2023-12-01,307.115
2023-12-02,307.061
2023-12-03,307.027
2023-12-04,307.001
2023-12-05,306.962
2023-12-06,306.914
2023-12-07,306.875
2023-12-08,306.863
2023-12-09,306.84
2023-12-10,306.803
2023-12-11,306.764
2023-12-12,306.717
2023-12-13,306.674
2023-12-14,306.627
2023-12-15,306.582
2023-12-16,306.531
2023-12-17,306.49
2023-12-18,306.445
2023-12-19,306.452
2023-12-20,306.61
2023-12-21,306.806
2023-12-22,306.866
2023-12-23,306.88
2023-12-24,306.89
2023-12-25,306.885
2023-12-26,306.847
2023-12-27,306.813
2023-12-28,306.821
2023-12-29,306.859
2023-12-30,307.019
2023-12-31,307.283
2024-01-01,307.472
2024-01-02,307.567
2024-01-03,307.648
2024-01-04,307.769
2024-01-05,307.879
2024-01-06,307.944
2024-01-07,307.99
2024-01-08,308.018
2024-01-09,308.026
2024-01-10,308.039
2024-01-11,308.054
2024-01-12,308.073
2024-01-13,308.075
2024-01-14,308.114
2024-01-15,308.186
2024-01-16,308.243
2024-01-17,308.295
2024-01-18,308.38
2024-01-19,308.481
2024-01-20,308.609
2024-01-21,308.999
2024-01-22,309.818
2024-01-23,310.883
2024-01-24,311.684
2024-01-25,312.213
2024-01-26,312.664
2024-01-27,313.016
2024-01-28,313.284
2024-01-29,313.508
2024-01-30,313.689
2024-01-31,313.791
2024-02-01,313.793
2024-02-02,314.071
2024-02-03,314.455
2024-02-04,314.674
2024-02-05,314.858
2024-02-06,315.226
2024-02-07,315.592
2024-02-08,315.777
2024-02-09,315.842
2024-02-10,315.859
2024-02-11,315.831
2024-02-12,315.764
2024-02-13,315.672
2024-02-14,315.574
2024-02-15,315.525
2024-02-16,315.565
2024-02-17,315.64
2024-02-18,315.721
2024-02-19,315.964
2024-02-20,316.557
2024-02-21,317.313
2024-02-22,317.728
2024-02-23,317.703
2024-02-24,317.45
2024-02-25,317.048
2024-02-26,316.625
2024-02-27,316.152
2024-02-28,315.771
2024-02-29,315.476
2024-03-01,315.284
2024-03-02,315.205
2024-03-03,315.217
2024-03-04,315.222
2024-03-05,315.224
2024-03-06,315.406
2024-03-07,315.833
2024-03-08,316.182
2024-03-09,316.365
2024-03-10,316.458
2024-03-11,316.521
2024-03-12,316.597
2024-03-13,316.718
2024-03-14,316.823
2024-03-15,316.93
2024-03-16,317.042
2024-03-17,317.16
2024-03-18,317.278
2024-03-19,317.406
2024-03-20,317.546
2024-03-21,317.694
2024-03-22,317.846
2024-03-23,318.026
2024-03-24,318.302
2024-03-25,318.615
2024-03-26,318.868
2024-03-27,319.093
2024-03-28,319.307
2024-03-29,319.584
2024-03-30,319.849
2024-03-31,320.102
2024-04-01,320.349
2024-04-02,320.575
2024-04-03,320.766
2024-04-04,320.946
2024-04-05,321.142
2024-04-06,321.31
2024-04-07,321.456
2024-04-08,321.593
2024-04-09,321.66
2024-04-10,321.746
2024-04-11,321.835
2024-04-12,321.894
2024-04-13,321.917
2024-04-14,321.978
2024-04-15,322.04
2024-04-16,322.117
2024-04-17,322.177
2024-04-18,322.208
2024-04-19,322.244
2024-04-20,322.274
2024-04-21,322.318
2024-04-22,322.358
2024-04-23,322.395
2024-04-24,322.361
2024-04-25,322.344
2024-04-26,322.303
2024-04-27,322.275
2024-04-28,322.26
2024-04-29,322.275
2024-04-30,322.306
2024-05-01,322.344
2024-05-02,322.394
2024-05-03,322.431
2024-05-04,322.477
2024-05-05,322.569
2024-05-06,322.675
2024-05-07,322.729
2024-05-08,322.677
2024-05-09,322.593
2024-05-10,322.51
2024-05-11,322.439
2024-05-12,322.385
2024-05-13,322.372
2024-05-14,322.387
2024-05-15,322.422
2024-05-16,322.478
2024-05-17,322.531
2024-05-18,322.561
2024-05-19,322.588
2024-05-20,322.613
2024-05-21,322.606
2024-05-22,322.473
2024-05-23,322.332
2024-05-24,322.207
2024-05-25,322.047
2024-05-26,321.949
2024-05-27,321.881
2024-05-28,321.803
2024-05-29,321.74
2024-05-30,321.685
2024-05-31,321.626
2024-06-01,321.551
2024-06-02,321.484
2024-06-03,321.42
2024-06-04,321.358
2024-06-05,321.299
2024-06-06,321.244
2024-06-07,321.205
2024-06-08,321.138
2024-06-09,321.077
2024-06-10,321.018
2024-06-11,320.954
2024-06-12,320.868
2024-06-13,320.772
2024-06-14,320.681
2024-06-15,320.593
2024-06-16,320.492
2024-06-17,320.41
2024-06-18,320.293
2024-06-19,320.182
2024-06-20,320.085
2024-06-21,319.984
2024-06-22,319.851
2024-06-23,319.732
2024-06-24,319.606
2024-06-25,319.492
2024-06-26,319.368
2024-06-27,319.199
2024-06-28,319.027
2024-06-29,318.841
2024-06-30,318.66
2024-07-01,318.489
2024-07-02,318.289
2024-07-03,318.089
2024-07-04,317.89
2024-07-05,317.695
2024-07-06,317.5
2024-07-07,317.295
2024-07-08,317.095
2024-07-09,316.898
2024-07-10,316.696
2024-07-11,316.487
2024-07-12,316.273
2024-07-13,316.073
2024-07-14,315.881
2024-07-15,315.68
2024-07-16,315.47
2024-07-17,315.265
2024-07-18,315.072
2024-07-19,314.864
2024-07-20,314.664
2024-07-21,314.476
2024-07-22,314.284
2024-07-23,314.087
2024-07-24,313.885
2024-07-25,313.671
2024-07-26,313.472
2024-07-27,313.259
2024-07-28,313.05
2024-07-29,312.834
2024-07-30,312.619
2024-07-31,312.405
2024-08-01,312.195
2024-08-02,311.984
2024-08-03,311.785
2024-08-04,311.556
2024-08-05,311.356
2024-08-06,311.169
2024-08-07,310.967
2024-08-08,310.767
2024-08-09,310.572
2024-08-10,310.384
2024-08-11,310.191
2024-08-12,309.998
2024-08-13,309.802
2024-08-14,309.612
2024-08-15,309.417
2024-08-16,309.224
2024-08-17,309.049
2024-08-18,308.853
2024-08-19,308.67
2024-08-20,308.478
2024-08-21,308.28
2024-08-22,308.092
2024-08-23,307.886
2024-08-24,307.717
2024-08-25,307.557
2024-08-26,307.383
2024-08-27,307.192
2024-08-28,307.017
2024-08-29,306.869
