"all_date","corrected_qotf"
1990-02-01,78.2233049292117
1990-02-02,93.4294517682117
1990-02-03,86.1803389362117
1990-02-04,88.2757856142117
1990-02-05,91.2490545492117
1990-02-06,90.0314301282117
1990-02-07,80.4037021482117
1990-02-08,90.6827176092117
1990-02-09,89.4934100352117
1990-02-10,91.0508366202117
1990-02-11,89.4934100352117
1990-02-12,90.9658860792117
1990-02-13,90.4278659862117
1990-02-14,87.4829138982117
1990-02-15,75.3916202292117
1990-02-16,90.2862817512117
1990-02-17,92.2684610412117
1990-02-18,94.7037098832117
1990-02-19,94.8169772712117
1990-02-20,97.9035135942117
1990-02-21,92.4949958172117
1990-02-22,76.2128087922117
1990-02-23,75.6747886992117
1990-02-24,76.2128087922117
1990-02-25,76.8924131202117
1990-02-26,79.0444934922117
1990-02-27,81.3664749462117
1990-02-28,79.5541967382117
1990-03-01,80.6868706182117
1990-03-02,79.5825135852117
1990-03-03,41.7228891462117
1990-03-04,67.3496356812117
1990-03-05,78.9878597982117
1990-03-06,75.5898381582117
1990-03-07,75.5332044642117
1990-03-08,72.8714208462117
1990-03-09,76.2128087922117
1990-03-10,85.5573683022117
1990-03-11,72.6165692232117
1990-03-12,76.1844919452117
1990-03-13,70.8042910152117
1990-03-14,78.3365723172117
1990-03-15,74.8536001362117
1990-03-16,58.1183435592117
1990-03-17,74.7686495952117
1990-03-18,82.0460792742117
1990-03-19,71.2290437202117
1990-03-20,93.7692539322117
1990-03-21,88.9553899422117
1990-03-22,87.9643002972117
1990-03-23,108.125895361212
1990-03-24,121.944516697212
1990-03-25,116.422731532212
1990-03-26,130.043134939212
1990-03-27,135.734821186212
1990-03-28,125.993825818212
1990-03-29,132.251849005212
1990-03-30,112.486689799212
1990-03-31,148.902155041212
1990-04-01,168.780581635212
1990-04-02,168.780581635212
1990-04-03,166.713451804212
1990-04-04,162.890677459212
1990-04-05,159.662556901212
1990-04-06,156.151267873212
1990-04-07,191.405742388212
1990-04-08,191.405742388212
1990-04-09,206.243770216212
1990-04-10,200.438816581212
1990-04-11,201.543173614212
1990-04-12,228.783980428212
1990-04-13,225.442592482212
1990-04-14,244.244978890212
1990-04-15,238.638243184212
1990-04-16,240.960224638212
1990-04-17,233.654478112212
1990-04-18,248.011119541212
1990-04-19,233.484577030212
1990-04-20,249.795080902212
1990-04-21,239.516065441212
1990-04-22,260.612116456212
1990-04-23,259.139640412212
1990-04-24,261.829740877212
1990-04-25,263.953504402212
1990-04-26,261.348354478212
1990-04-27,249.228743962212
1990-04-28,258.006966532212
1990-04-29,259.054689871212
1990-04-30,262.027958806212
1990-05-01,260.753700691212
1990-05-02,257.752114909212
1990-05-03,258.091917073212
1990-05-04,278.763215383212
1990-05-05,262.481028358212
1990-05-06,279.216284935212
1990-05-07,283.548762526212
1990-05-08,289.580250937212
1990-05-09,286.210546144212
1990-05-10,275.450144284212
1990-05-11,296.319660523212
1990-05-12,294.903818173212
1990-05-13,288.107774893212
1990-05-14,292.213717708212
1990-05-15,283.322227750212
1990-05-16,293.403025282212
1990-05-17,259.790927893212
1990-05-18,236.712697588212
1990-05-19,225.159424012212
1990-05-20,284.030148925212
1990-05-21,284.539852171212
1990-05-22,259.592709964212
1990-05-23,254.354093269212
1990-05-24,231.219229270212
1990-05-25,208.084365271212
1990-05-26,200.976836674212
1990-05-27,213.039813496212
1990-05-28,125.200954102212
1990-05-29,26.6016928482117
1990-05-30,38.8628875992117
1990-05-31,15.9828752232117
1990-06-01,76.8640962732117
1990-06-02,96.8274734082117
1990-06-03,113.591046832212
1990-06-04,109.909856722212
1990-06-05,113.053026739212
1990-06-06,112.061937094212
1990-06-07,126.022142665212
1990-06-08,153.234632632212
1990-06-09,179.880785659212
1990-06-10,192.141980410212
1990-06-11,207.263176708212
1990-06-12,220.572094798212
1990-06-13,240.223986616212
1990-06-14,236.287944883212
1990-06-15,230.511308095212
1990-06-16,253.929340564212
1990-06-17,215.729913961212
1990-06-18,265.737465763212
1990-06-19,290.344805806212
1990-06-20,254.240825881212
1990-06-21,301.501643524212
1990-06-22,244.244978890212
1990-06-23,244.244978890212
1990-06-24,263.302216921212
1990-06-25,263.302216921212
1990-06-26,280.830345214212
1990-06-27,265.964000539212
1990-06-28,273.892717699212
1990-06-29,268.002813523212
1990-06-30,286.182229297212
1990-07-01,281.226781072212
1990-07-02,281.226781072212
1990-07-03,250.871121088212
1990-07-04,232.380219997212
1990-07-05,232.380219997212
1990-07-06,237.080816599212
1990-07-07,202.307728483212
1990-07-08,210.916049971212
1990-07-09,200.976836674212
1990-07-10,199.674261712212
1990-07-11,198.116835127212
1990-07-12,210.038227714212
1990-07-13,244.386563125212
1990-07-14,262.254493582212
1990-07-15,278.196878443212
1990-07-16,261.971325112212
1990-07-17,185.827323529212
1990-07-18,209.868326632212
1990-07-19,203.100600199212
1990-07-20,221.421600208212
1990-07-21,210.179811949212
1990-07-22,257.638847521212
1990-07-23,249.908348290212
1990-07-24,261.801424030212
1990-07-25,260.527165915212
1990-07-26,215.560012879212
1990-07-27,215.135260174212
1990-07-28,183.080589370212
1990-07-29,219.920807317212
1990-07-30,199.107924772212
1990-07-31,236.033093260212
1990-08-01,223.403779498212
1990-08-02,242.291116447212
1990-08-03,237.080816599212
1990-08-04,263.245583227212
1990-08-05,255.911519854212
1990-08-06,242.857453387212
1990-08-07,256.959243193212
1990-08-08,271.230934081212
1990-08-09,262.735879981212
1990-08-10,275.082025273212
1990-08-11,258.035283379212
1990-08-12,272.363607961212
1990-08-13,264.916277200212
1990-08-14,269.107170556212
1990-08-15,258.035283379212
1990-08-16,307.731349864212
1990-08-17,274.685589415212
1990-08-18,257.440629592212
1990-08-19,290.401439500212
1990-08-20,291.194311216212
1990-08-21,289.750152019212
1990-08-22,273.779450311212
1990-08-23,288.079458046212
1990-08-24,277.573907809212
1990-08-25,262.339444123212
1990-08-26,246.482009803212
1990-08-27,254.523994351212
1990-08-28,244.556464207212
1990-08-29,240.082402381212
1990-08-30,231.304179811212
1990-08-31,221.959620301212
1990-09-01,213.917635753212
1990-09-02,182.769104053212
1990-09-03,180.503756293212
1990-09-04,189.168711475212
1990-09-05,191.462376082212
1990-09-06,154.820376064212
1990-09-07,152.724929386212
1990-09-08,137.207297230212
1990-09-09,137.207297230212
1990-09-10,135.649870645212
1990-09-11,132.789869098212
1990-09-12,123.133824271212
1990-09-13,148.618986571212
1990-09-14,113.166294127212
1990-09-15,98.1866820642117
1990-09-16,101.839555327212
1990-09-17,101.839555327212
1990-09-18,102.037773256212
1990-09-19,103.538566147212
1990-09-20,133.101354415212
1990-09-21,128.145906190212
1990-09-22,86.8882601112117
1990-09-23,78.7330081752117
1990-09-24,80.4037021482117
1990-09-25,80.6868706182117
1990-09-26,91.2207377022117
1990-09-27,78.3648891642117
1990-09-28,79.2143945742117
1990-09-29,70.5777562392117
1990-09-30,53.1062616402117
1990-10-01,53.5593311922117
1990-10-02,56.9007191382117
1990-10-03,61.4030978112117
1990-10-04,68.7654780312117
1990-10-05,74.9668675242117
1990-10-06,78.6197407872117
1990-10-07,82.9239015312117
1990-10-08,90.5128165272117
1990-10-09,88.0775676852117
1990-10-10,86.0953883952117
1990-10-11,99.1777717092117
1990-10-12,98.4981673812117
1990-10-13,111.212431684212
1990-10-14,110.362926274212
1990-10-15,109.201935547212
1990-10-16,52.9646774052117
1990-10-17,54.2672523672117
1990-10-18,45.5739803382117
1990-10-19,43.2519988842117
1990-10-20,61.9411179042117
1990-10-21,68.0009231622117
1990-10-22,66.9815166702117
1990-10-23,66.8965661292117
1990-10-24,65.4524069322117
1990-10-25,68.3973590202117
1990-10-26,66.2169618012117
1990-10-27,66.4434965772117
1990-10-28,70.4361720042117
1990-10-29,66.9531998232117
1990-10-30,67.2930019872117
1990-10-31,66.2452786482117
1990-11-01,66.4718134242117
1990-11-02,81.3381580992117
1990-11-03,96.8557902552117
1990-11-04,107.955994279212
1990-11-05,90.6544007622117
1990-11-06,89.3801426472117
1990-11-07,96.3744038562117
1990-11-08,83.1787531542117
1990-11-09,83.1787531542117
1990-11-10,83.1787531542117
1990-11-11,83.1787531542117
1990-11-12,71.2856774142117
1990-11-13,88.7571720132117
1990-11-14,97.0540081842117
1990-11-15,116.026295674212
1990-11-16,116.026295674212
1990-11-17,116.026295674212
1990-11-18,93.9957887082117
1990-11-19,78.2516217762117
1990-11-20,107.757776350212
1990-11-21,107.757776350212
1990-11-22,107.757776350212
1990-11-23,107.757776350212
1990-11-24,107.757776350212
1990-11-25,109.881539875212
1990-11-26,107.304706798212
1990-11-27,108.975400771212
1990-11-28,109.994807263212
1990-11-29,111.240748531212
1990-11-30,111.240748531212
1990-12-01,111.240748531212
1990-12-02,99.0078706272117
1990-12-03,107.021538328212
1990-12-04,106.115399224212
1990-12-05,106.596785623212
1990-12-06,108.635598607212
1990-12-07,108.635598607212
1990-12-08,108.635598607212
1990-12-09,106.341934000212
1990-12-10,108.578964913212
1990-12-11,111.325699072212
1990-12-12,111.325699072212
1990-12-13,111.325699072212
1990-12-14,111.325699072212
1990-12-15,111.325699072212
1990-12-16,95.2700468232117
1990-12-17,101.896189021212
1990-12-18,100.876782529212
1990-12-19,103.312031371212
1990-12-20,131.543927830212
1990-12-21,131.543927830212
1990-12-22,131.543927830212
1990-12-23,131.543927830212
1990-12-24,131.543927830212
1990-12-25,121.887883003212
1990-12-26,121.746298768212
1990-12-27,136.924128760212
1990-12-28,136.924128760212
1990-12-29,136.924128760212
1990-12-30,136.924128760212
1990-12-31,136.924128760212
1991-01-01,129.873233857212
1991-01-02,122.510853637212
1991-01-03,129.590065387212
1991-01-04,129.590065387212
1991-01-05,129.590065387212
1991-01-06,125.795607889212
1991-01-07,129.675015928212
1991-01-08,126.418578523212
1991-01-09,129.193629529212
1991-01-10,124.974419326212
1991-01-11,124.974419326212
1991-01-12,124.974419326212
1991-01-13,124.974419326212
1991-01-14,122.907289495212
1991-01-15,123.870062293212
1991-01-16,122.765705260212
1991-01-17,120.868476511212
1991-01-18,120.868476511212
1991-01-19,120.868476511212
1991-01-20,120.868476511212
1991-01-21,129.391847458212
1991-01-22,131.515610983212
1991-01-23,115.035206029212
1991-01-24,109.003717618212
1991-01-25,109.003717618212
1991-01-26,109.003717618212
1991-01-27,125.965508971212
1991-01-28,122.567487331212
1991-01-29,138.311654263212
1991-01-30,137.518782547212
1991-01-31,148.477402336212
1991-02-01,148.477402336212
1991-02-02,148.477402336212
1991-02-03,145.589083942212
1991-02-04,151.677206047212
1991-02-05,125.937192124212
1991-02-06,99.3759896382117
1991-02-07,98.1866820642117
1991-02-08,98.1866820642117
1991-02-09,98.1866820642117
1991-02-10,90.5694502212117
1991-02-11,90.5694502212117
1991-02-12,90.5694502212117
1991-02-13,118.036791811212
1991-02-14,110.702728438212
1991-02-15,110.702728438212
1991-02-16,110.702728438212
1991-02-17,110.702728438212
1991-02-18,121.802932462212
1991-02-19,125.852241583212
1991-02-20,121.208278675212
1991-02-21,119.424317314212
1991-02-22,119.424317314212
1991-02-23,119.424317314212
1991-02-24,128.174223037212
1991-02-25,130.043134939212
1991-02-26,136.301158126212
1991-02-27,136.301158126212
1991-02-28,152.356810375212
1991-03-01,152.356810375212
1991-03-02,110.249658886212
1991-03-03,99.1494548622117
1991-03-04,52.1151719952117
1991-03-05,49.7365568472117
1991-03-06,60.8650777182117
1991-03-07,63.5834950302117
1991-03-08,63.5834950302117
1991-03-09,63.5834950302117
1991-03-10,74.2306295022117
1991-03-11,70.8609247092117
1991-03-12,71.0591426382117
1991-03-13,69.4733992062117
1991-03-14,65.9054764842117
1991-03-15,65.9054764842117
1991-03-16,65.9054764842117
1991-03-17,75.2783528412117
1991-03-18,65.1409216152117
1991-03-19,52.3417067712117
1991-03-20,64.4046835932117
1991-03-21,58.3731951822117
1991-03-22,26.4601086132117
1991-03-23,42.6290282502117
1991-03-24,12.1317840312117
1991-03-25,8.1391086042117
1991-03-26,61.4030978112117
1991-03-27,68.7937948782117
1991-03-28,67.4345862222117
1991-03-29,67.4345862222117
1991-03-30,67.4345862222117
1991-03-31,55.9662631872117
1991-04-01,56.3343821982117
1991-04-02,68.5955769492117
1991-04-03,64.4330004402117
1991-04-04,70.8609247092117
1991-04-05,70.8609247092117
1991-04-06,70.8609247092117
1991-04-07,69.1619138892117
1991-04-08,69.1619138892117
1991-04-09,68.5389432552117
1991-04-10,70.1530035342117
1991-04-11,70.1530035342117
1991-04-12,74.9951843712117
1991-04-13,74.9951843712117
1991-04-14,74.9668675242117
1991-04-15,74.9668675242117
1991-04-16,74.5704316662117
1991-04-17,75.5615213112117
1991-04-18,77.0056805082117
1991-04-19,73.6926094092117
1991-04-20,73.6926094092117
1991-04-21,97.3938103482117
1991-04-22,97.3938103482117
1991-04-23,92.1835105002117
1991-04-24,63.7817129592117
1991-04-25,91.9003420302117
1991-04-26,103.142130289212
1991-04-27,103.142130289212
1991-04-28,143.805122581212
1991-04-29,143.805122581212
1991-04-30,147.996015937212
1991-05-01,168.016026766212
1991-05-02,180.050686741212
1991-05-03,236.118043801212
1991-05-04,236.118043801212
1991-05-05,241.469927884212
1991-05-06,241.469927884212
1991-05-07,233.909329735212
1991-05-08,228.982198357212
1991-05-09,222.695858323212
1991-05-10,212.841595567212
1991-05-11,212.841595567212
1991-05-12,229.520218450212
1991-05-13,229.520218450212
1991-05-14,228.783980428212
1991-05-15,219.750906235212
1991-05-16,203.383768669212
1991-05-17,206.300403910212
1991-05-18,206.300403910212
1991-05-19,187.526334349212
1991-05-20,187.526334349212
1991-05-21,181.013459539212
1991-05-22,181.409895397212
1991-05-23,186.705145786212
1991-05-24,181.947915490212
1991-05-25,181.947915490212
1991-05-26,181.947915490212
1991-05-27,209.471890774212
1991-05-28,209.471890774212
1991-05-29,217.513875322212
1991-05-30,244.329929431212
1991-05-31,219.637638847212
1991-06-01,219.637638847212
1991-06-02,205.026145795212
1991-06-03,205.026145795212
1991-06-04,210.208128796212
1991-06-05,221.591501290212
1991-06-06,199.957430182212
1991-06-07,217.230706852212
1991-06-08,230.737842871212
1991-06-09,218.363380732212
1991-06-10,218.363380732212
1991-06-11,237.590519845212
1991-06-12,230.766159718212
1991-06-13,231.219229270212
1991-06-14,232.266952609212
1991-06-15,232.266952609212
1991-06-16,215.163577021212
1991-06-17,215.163577021212
1991-06-18,215.418428644212
1991-06-19,218.448331273212
1991-06-20,242.715869152212
1991-06-21,200.183964958212
1991-06-22,243.565374562212
1991-06-23,230.737842871212
1991-06-24,251.465774875212
1991-06-25,226.518632668212
1991-06-26,222.412689853212
1991-06-27,211.737238534212
1991-06-28,203.185550740212
1991-06-29,216.551102524212
1991-06-30,205.365947959212
1991-07-01,214.625556928212
1991-07-02,249.851714596212
1991-07-03,215.616646573212
1991-07-04,211.652287993212
1991-07-05,211.652287993212
1991-07-06,209.301989692212
1991-07-07,213.407932507212
1991-07-08,213.407932507212
1991-07-09,217.457241628212
1991-07-10,228.217643488212
1991-07-11,225.612493564212
1991-07-12,213.181397731212
1991-07-13,224.678037613212
1991-07-14,219.411104071212
1991-07-15,232.974873784212
1991-07-16,224.026750132212
1991-07-17,219.326153530212
1991-07-18,219.779223082212
1991-07-19,214.880408551212
1991-07-20,214.880408551212
1991-07-21,244.669731595212
1991-07-22,244.669731595212
1991-07-23,216.947538382212
1991-07-24,220.402193716212
1991-07-25,222.356056159212
1991-07-26,227.424771772212
1991-07-27,215.644963420212
1991-07-28,207.687929413212
1991-07-29,209.641791856212
1991-07-30,231.898833598212
1991-07-31,220.515461104212
1991-08-01,240.450521392212
1991-08-02,208.933870681212
1991-08-03,202.336045330212
1991-08-04,218.759816590212
1991-08-05,215.333478103212
1991-08-06,213.436249354212
1991-08-07,228.161009794212
1991-08-08,219.042985060212
1991-08-09,230.766159718212
1991-08-10,207.801196801212
1991-08-11,209.386940233212
1991-08-12,220.317243175212
1991-08-13,211.227535288212
1991-08-14,194.860397722212
1991-08-15,186.308709928212
1991-08-16,176.256229243212
1991-08-17,166.203748558212
1991-08-18,159.549289513212
1991-08-19,159.294437890212
1991-08-20,155.698198321212
1991-08-21,153.829286419212
1991-08-22,150.544532167212
1991-08-23,148.590669724212
1991-08-24,147.231461068212
1991-08-25,137.320564618212
1991-08-26,140.492051482212
1991-08-27,154.027504348212
1991-08-28,133.611057661212
1991-08-29,122.256002014212
1991-08-30,124.379765539212
1991-08-31,119.792436325212
1991-09-01,123.926695987212
1991-09-02,111.155797990212
1991-09-03,104.671240027212
1991-09-04,104.897774803212
1991-09-05,89.6916279642117
1991-09-06,63.3286434072117
1991-09-07,79.2993451152117
1991-09-08,93.9391550142117
1991-09-09,50.6426959512117
1991-09-10,96.2045027742117
1991-09-11,54.3238860612117
1991-09-12,92.6365800522117
1991-09-13,88.7854888602117
1991-09-14,76.6092446502117
1991-09-15,74.9385506772117
1991-09-16,79.0444934922117
1991-09-17,79.0444934922117
1991-09-18,85.7555862312117
1991-09-19,72.2201333652117
1991-09-20,60.0155723082117
1991-09-21,55.0601240832117
1991-09-22,48.8021008962117
1991-09-23,48.8021008962117
1991-09-24,61.4880483522117
1991-09-25,61.3181472702117
1991-09-26,58.0333930182117
1991-09-27,58.0617098652117
1991-09-28,58.0900267122117
1991-09-29,62.5074548442117
1991-09-30,62.3658706092117
1991-10-01,46.2252678192117
1991-10-02,40.1937794082117
1991-10-03,51.7470529842117
1991-10-04,57.0139865262117
1991-10-05,62.9322075492117
1991-10-06,69.1052801952117
1991-10-07,69.0769633482117
1991-10-08,71.2856774142117
1991-10-09,57.7785413952117
1991-10-10,51.8886372192117
1991-10-11,56.1927979632117
1991-10-12,62.9322075492117
1991-10-13,78.1949880822117
1991-10-14,65.9054764842117
1991-10-15,68.2840916322117
1991-10-16,70.6060730862117
1991-10-17,68.3973590202117
1991-10-18,66.5001302712117
1991-10-19,66.5001302712117
1991-10-20,68.7937948782117
1991-10-21,68.7937948782117
1991-10-22,71.7953806602117
1991-10-23,63.2153760192117
1991-10-24,65.2541890032117
1991-10-25,71.6537964252117
1991-10-26,55.8246789522117
1991-10-27,73.7209262562117
1991-10-28,74.2589463492117
1991-10-29,83.8017237882117
1991-10-30,96.8841071022117
1991-10-31,109.485104017212
1991-11-01,49.1985367542117
1991-11-02,121.944516697212
1991-11-03,127.409668168212
1991-11-04,127.664519791212
1991-11-05,121.236595522212
1991-11-06,120.132238489212
1991-11-07,67.5761704572117
1991-11-08,118.716396139212
1991-11-09,122.567487331212
1991-11-10,116.819167390212
1991-11-11,121.972833544212
1991-11-12,120.358773265212
1991-11-13,123.530260129212
1991-11-14,120.981743899212
1991-11-15,117.951841270212
1991-11-16,121.746298768212
1991-11-17,123.813428599212
1991-11-18,129.306896917212
1991-11-19,128.259173578212
1991-11-20,127.353034474212
1991-11-21,114.044116384212
1991-11-22,114.044116384212
1991-11-23,114.044116384212
1991-11-24,124.464716080212
1991-11-25,123.643527517212
1991-11-26,115.544909275212
1991-11-27,133.837592437212
1991-11-28,132.478383781212
1991-11-29,121.010060746212
1991-11-30,132.166898464212
1991-12-01,119.934020560212
1991-12-02,117.725306494212
1991-12-03,108.125895361212
1991-12-04,108.692232301212
1991-12-05,107.927677432212
1991-12-06,108.663915454212
1991-12-07,103.368665065212
1991-12-08,112.458372952212
1991-12-09,112.883125657212
1991-12-10,95.3549973642117
1991-12-11,103.963318852212
1991-12-12,103.028862901212
1991-12-13,103.991635699212
1991-12-14,93.4577686152117
1991-12-15,102.009456409212
1991-12-16,92.6932137462117
1991-12-17,100.112227660212
1991-12-18,109.881539875212
1991-12-19,73.4660746332117
1991-12-20,102.802328125212
1991-12-21,98.7813358512117
1991-12-22,103.142130289212
1991-12-23,103.906685158212
1991-12-24,92.2401441942117
1991-12-25,101.613020551212
1991-12-26,98.2433157582117
1991-12-27,98.6680684632117
1991-12-28,98.2999494522117
1991-12-29,95.3266805172117
1991-12-30,104.671240027212
1991-12-31,95.8363837632117
1992-01-01,72.0785491302117
1992-01-02,96.9407407962117
1992-01-03,92.4100452762117
1992-01-04,95.8930174572117
1992-01-05,93.0046990632117
1992-01-06,95.7231163752117
1992-01-07,96.6009386322117
1992-01-08,94.5904424952117
1992-01-09,91.3056882432117
1992-01-10,96.0346016922117
1992-01-11,92.0702431122117
1992-01-12,97.9884641352117
1992-01-13,92.6648968992117
1992-01-14,94.1373729432117
1992-01-15,95.3549973642117
1992-01-16,93.9674718612117
1992-01-17,93.7692539322117
1992-01-18,92.7498474402117
1992-01-19,100.027277119212
1992-01-20,95.2417299762117
1992-01-21,97.5920282772117
1992-01-22,96.9690576432117
1992-01-23,96.9124239492117
1992-01-24,93.8825213202117
1992-01-25,96.1195522332117
1992-01-26,95.7514332222117
1992-01-27,94.2789571782117
1992-01-28,96.0629185392117
1992-01-29,96.8274734082117
1992-01-30,96.8274734082117
1992-01-31,96.8274734082117
1992-02-01,84.7361797392117
1992-02-02,86.8882601112117
1992-02-03,88.9837067892117
1992-02-04,87.8793497562117
1992-02-05,88.2757856142117
1992-02-06,82.3009308972117
1992-02-07,92.0136094182117
1992-02-08,84.2831101872117
1992-02-09,87.5395475922117
1992-02-10,92.6082632052117
1992-02-11,55.9662631872117
1992-02-12,51.0957655032117
1992-02-13,59.7324038382117
1992-02-14,55.4282430942117
1992-02-15,8.3373265332117
1992-02-16,8.2240591452117
1992-02-17,7.6294053582117
1992-02-18,8.5638613092117
1992-02-19,43.5634842012117
1992-02-20,65.6789417082117
1992-02-21,86.8599432642117
1992-02-22,86.8599432642117
1992-02-23,109.796589334212
1992-02-24,124.946102479212
1992-02-25,139.302743908212
1992-02-26,84.7928134332117
1992-02-27,54.2389355202117
1992-02-28,58.0617098652117
1992-02-29,58.0617098652117
1992-03-01,36.8807083092117
1992-03-02,55.5698273292117
1992-03-03,70.2945877692117
1992-03-04,66.3019123422117
1992-03-05,76.8924131202117
1992-03-06,113.675997373212
1992-03-07,113.675997373212
1992-03-08,60.6668597892117
1992-03-09,75.3916202292117
1992-03-10,69.1619138892117
1992-03-11,69.3318149712117
1992-03-12,48.1791302622117
1992-03-13,48.0658628742117
1992-03-14,40.5335815722117
1992-03-15,52.0019046072117
1992-03-16,465.597771889212
1992-03-17,237.788737774212
1992-03-18,93.1462832982117
1992-03-19,97.1672755722117
1992-03-20,41.4963543702117
1992-03-21,26.4034749192117
1992-03-22,21.5896109292117
1992-03-23,30.3961503462117
1992-03-24,53.7292322742117
1992-03-25,47.6977438632117
1992-03-26,73.6926094092117
1992-03-27,68.4256758672117
1992-03-28,64.1215151232117
1992-03-29,65.3674563912117
1992-03-30,70.1246866872117
1992-03-31,72.5033018352117
1992-04-01,73.9757778792117
1992-04-02,72.8714208462117
1992-04-03,75.1084517592117
1992-04-04,74.1739958082117
1992-04-05,73.9757778792117
1992-04-06,73.9757778792117
1992-04-07,83.8017237882117
1992-04-08,75.4482539232117
1992-04-09,91.0508366202117
1992-04-10,89.2951921062117
1992-04-11,87.5112307452117
1992-04-12,77.6286511422117
1992-04-13,78.4781565522117
1992-04-14,70.9458752502117
1992-04-15,67.6611209982117
1992-04-16,64.1215151232117
1992-04-17,71.6537964252117
1992-04-18,75.5615213112117
1992-04-19,73.5227083272117
1992-04-20,73.6359757152117
1992-04-21,66.1036944132117
1992-04-22,73.9474610322117
1992-04-23,70.8609247092117
1992-04-24,76.8074625792117
1992-04-25,75.3066696882117
1992-04-26,73.2112230102117
1992-04-27,89.9747964342117
1992-04-28,101.811238480212
1992-04-29,113.336195209212
1992-04-30,134.743731541212
1992-05-01,165.778995853212
1992-05-02,194.350694476212
1992-05-03,191.179207612212
1992-05-04,163.938400798212
1992-05-05,143.946706816212
1992-05-06,162.975628000212
1992-05-07,158.869685185212
1992-05-08,169.035433258212
1992-05-09,194.945348263212
1992-05-10,173.764346707212
1992-05-11,175.038604822212
1992-05-12,184.128312709212
1992-05-13,173.622762472212
1992-05-14,174.217416259212
1992-05-15,170.762760925212
1992-05-16,186.450294163212
1992-05-17,141.936210679212
1992-05-18,163.060578541212
1992-05-19,160.681963393212
1992-05-20,153.489484255212
1992-05-21,122.114417779212
1992-05-22,137.433832006212
1992-05-23,182.627519818212
1992-05-24,157.821961846212
1992-05-25,170.366325067212
1992-05-26,165.439193689212
1992-05-27,163.173845929212
1992-05-28,185.119402354212
1992-05-29,189.310295710212
1992-05-30,136.754227678212
1992-05-31,134.658781000212
1992-06-01,135.310068481212
1992-06-02,145.674034483212
1992-06-03,155.528297239212
1992-06-04,168.412462624212
1992-06-05,168.412462624212
1992-06-06,173.934247789212
1992-06-07,181.353261703212
1992-06-08,187.129898491212
1992-06-09,159.237804196212
1992-06-10,154.140771736212
1992-06-11,169.969889209212
1992-06-12,218.731499743212
1992-06-13,213.521199895212
1992-06-14,215.644963420212
1992-06-15,211.822189075212
1992-06-16,213.294665119212
1992-06-17,211.850505922212
1992-06-18,206.045552287212
1992-06-19,172.121969581212
1992-06-20,140.293833553212
1992-06-21,147.797798008212
1992-06-22,185.714056141212
1992-06-23,192.510099421212
1992-06-24,186.903363715212
1992-06-25,152.724929386212
1992-06-26,182.400985042212
1992-06-27,179.144547637212
1992-06-28,186.110491999212
1992-06-29,191.094257071212
1992-06-30,169.884938668212
1992-07-01,132.506700628212
1992-07-02,120.726892276212
1992-07-03,148.052649631212
1992-07-04,164.731272514212
1992-07-05,167.138204509212
1992-07-06,176.992467265212
1992-07-07,173.905930942212
1992-07-08,178.719794932212
1992-07-09,180.418805752212
1992-07-10,184.581382261212
1992-07-11,177.020784112212
1992-07-12,204.120006691212
1992-07-13,205.988918593212
1992-07-14,210.916049971212
1992-07-15,192.453465727212
1992-07-16,200.467133428212
1992-07-17,141.398190586212
1992-07-18,182.684153512212
1992-07-19,227.424771772212
1992-07-20,217.995261721212
1992-07-21,229.690119532212
1992-07-22,189.565147333212
1992-07-23,184.156629556212
1992-07-24,185.572471906212
1992-07-25,186.167125693212
1992-07-26,219.241202989212
1992-07-27,216.834270994212
1992-07-28,214.483972693212
1992-07-29,199.221192160212
1992-07-30,195.030298804212
1992-07-31,199.504360630212
1992-08-01,195.993071602212
1992-08-02,191.405742388212
1992-08-03,191.065940224212
1992-08-04,190.811088601212
1992-08-05,206.781790309212
1992-08-06,193.699406995212
1992-08-07,202.959015964212
1992-08-08,202.449312718212
1992-08-09,213.521199895212
1992-08-10,211.595654299212
1992-08-11,192.000396175212
1992-08-12,218.448331273212
1992-08-13,220.090708399212
1992-08-14,237.109133446212
1992-08-15,247.529733142212
1992-08-16,249.766764055212
1992-08-17,222.837442558212
1992-08-18,212.218624933212
1992-08-19,219.042985060212
1992-08-20,217.938628027212
1992-08-21,219.071301907212
1992-08-22,216.466151983212
1992-08-23,216.466151983212
1992-08-24,214.993675939212
1992-08-25,212.218624933212
1992-08-26,216.777637300212
1992-08-27,216.239617207212
1992-08-28,214.483972693212
1992-08-29,223.715264815212
1992-08-30,223.715264815212
1992-08-31,226.320414739212
1992-09-01,209.896643479212
1992-09-02,198.031884586212
1992-09-03,190.867722295212
1992-09-04,179.342765566212
1992-09-05,178.153457992212
1992-09-06,185.544155059212
1992-09-07,205.054462642212
1992-09-08,207.829513648212
1992-09-09,194.577229252212
1992-09-10,181.353261703212
1992-09-11,187.441383808212
1992-09-12,192.623366809212
1992-09-13,183.023955676212
1992-09-14,183.505342075212
1992-09-15,200.467133428212
1992-09-16,172.121969581212
1992-09-17,166.345332793212
1992-09-18,165.977213782212
1992-09-19,171.215830477212
1992-09-20,182.202767113212
1992-09-21,179.059597096212
1992-09-22,169.545136504212
1992-09-23,166.883352886212
1992-09-24,171.357414712212
1992-09-25,171.414048406212
1992-09-26,173.367910849212
1992-09-27,178.181774839212
1992-09-28,178.181774839212
1992-09-29,177.672071593212
1992-09-30,166.430283334212
1992-10-01,164.023351339212
1992-10-02,153.121365244212
1992-10-03,161.531468803212
1992-10-04,144.201558439212
1992-10-05,121.519763992212
1992-10-06,120.953427052212
1992-10-07,113.222927821212
1992-10-08,100.706881447212
1992-10-09,91.9569757242117
1992-10-10,90.8809355382117
1992-10-11,90.8809355382117
1992-10-12,91.3340050902117
1992-10-13,93.6843033912117
1992-10-14,102.405892267212
1992-10-15,101.244901540212
1992-10-16,96.3460870092117
1992-10-17,96.1195522332117
1992-10-18,95.2983636702117
1992-10-19,96.6858891732117
1992-10-20,85.3308335262117
1992-10-21,90.0880638222117
1992-10-22,92.4949958172117
1992-10-23,90.9942029262117
1992-10-24,73.0979556222117
1992-10-25,61.5446820462117
1992-10-26,57.4387392312117
1992-10-27,54.5787376842117
1992-10-28,49.7648736942117
1992-10-29,24.9593157222117
1992-10-30,5.7321766092117
1992-10-31,6.0153450792117
1992-11-01,6.0153450792117
1992-11-02,5.9870282322117
1992-11-03,6.6666325602117
1992-11-04,6.0436619262117
1992-11-05,6.0436619262117
1992-11-06,6.2418798552117
1992-11-07,5.9303945382117
1992-11-08,5.9587113852117
1992-11-09,5.9870282322117
1992-11-10,5.9870282322117
1992-11-11,6.8648504892117
1992-11-12,49.4817052242117
1992-11-13,41.2981364412117
1992-11-14,6.0436619262117
1992-11-15,18.7296093822117
1992-11-16,6.1002956202117
1992-11-17,28.6688226792117
1992-11-18,46.5084362892117
1992-11-19,51.4638845142117
1992-11-20,53.0779447932117
1992-11-21,52.5965583942117
1992-11-22,66.6133976592117
1992-11-23,66.2169618012117
1992-11-24,65.6789417082117
1992-11-25,61.1199293412117
1992-11-26,60.0438891552117
1992-11-27,59.4209185212117
1992-11-28,60.9500282592117
1992-11-29,63.7533961122117
1992-11-30,60.8650777182117
1992-12-01,61.3747809642117
1992-12-02,71.5405290372117
1992-12-03,72.0219154362117
1992-12-04,75.4199370762117
1992-12-05,77.0906310492117
1992-12-06,74.0040947262117
1992-12-07,61.8278505162117
1992-12-08,97.7052956652117
1992-12-09,74.8819169832117
1992-12-10,29.4616943952117
1992-12-11,46.1969509722117
1992-12-12,82.6407330612117
1992-12-13,77.0339973552117
1992-12-14,73.0979556222117
1992-12-15,73.7492431032117
1992-12-16,58.4581457232117
1992-12-17,66.0187438722117
1992-12-18,77.1472647432117
1992-12-19,86.4351905592117
1992-12-20,79.8373652082117
1992-12-21,77.2605321312117
1992-12-22,75.4482539232117
1992-12-23,81.7629108042117
1992-12-24,76.3543930272117
1992-12-25,74.2306295022117
1992-12-26,68.3973590202117
1992-12-27,75.7880560872117
1992-12-28,75.4199370762117
1992-12-29,74.6553822072117
1992-12-30,57.8351750892117
1992-12-31,69.1902307362117
1993-01-01,69.1902307362117
1993-01-02,61.1482461882117
1993-01-03,64.4613172872117
1993-01-04,82.7256836022117
1993-01-05,76.4676604152117
1993-01-06,67.7177546922117
1993-01-07,76.8357794262117
1993-01-08,75.7880560872117
1993-01-09,61.8278505162117
1993-01-10,64.4330004402117
1993-01-11,92.7781642872117
1993-01-12,49.3684378362117
1993-01-13,66.2169618012117
1993-01-14,75.5332044642117
1993-01-15,59.2510174392117
1993-01-16,62.6773559262117
1993-01-17,55.7397284112117
1993-01-18,67.4629030692117
1993-01-19,63.9516140412117
1993-01-20,15.9262415292117
1993-01-21,6.9781178772117
1993-01-22,16.1810931522117
1993-01-23,21.3347593062117
1993-01-24,12.4149525012117
1993-01-25,50.0197253172117
1993-01-26,68.6805274902117
1993-01-27,68.7371611842117
1993-01-28,76.4959772622117
1993-01-29,69.7282508292117
1993-01-30,66.9815166702117
1993-01-31,69.1052801952117
1993-02-01,69.0769633482117
1993-02-02,64.2914162052117
1993-02-03,50.6993296452117
1993-02-04,68.2557747852117
1993-02-05,68.5672601022117
1993-02-06,68.2840916322117
1993-02-07,67.4345862222117
1993-02-08,76.0995414042117
1993-02-09,55.0034903892117
1993-02-10,54.0124007442117
1993-02-11,55.7397284112117
1993-02-12,47.6694270162117
1993-02-13,49.7082400002117
1993-02-14,65.6789417082117
1993-02-15,68.4539927142117
1993-02-16,76.4676604152117
1993-02-17,51.2656665852117
1993-02-18,37.1921936262117
1993-02-19,65.4240900852117
1993-02-20,65.4240900852117
1993-02-21,258.856471942212
1993-02-22,208.197632659212
1993-02-23,59.3359679802117
1993-02-24,38.4947685882117
1993-02-25,27.1963466352117
1993-02-26,34.2755583852117
1993-02-27,85.8122199252117
1993-02-28,93.9108381672117
1993-03-01,94.6753930362117
1993-03-02,98.3282662992117
1993-03-03,95.5532152932117
1993-03-04,73.6076588682117
1993-03-05,81.8195444982117
1993-03-06,73.3528072452117
1993-03-07,78.6197407872117
1993-03-08,79.9223157492117
1993-03-09,73.5227083272117
1993-03-10,80.0072662902117
1993-03-11,79.2427114212117
1993-03-12,83.3769710832117
1993-03-13,76.6658783442117
1993-03-14,80.3470684542117
1993-03-15,74.7120159012117
1993-03-16,125.512439419212
1993-03-17,276.979254022212
1993-03-18,499.323136666212
1993-03-19,897.684540262212
1993-03-20,1342.54220663221
1993-03-21,1332.29150801821
1993-03-22,1328.75190214321
1993-03-23,1291.45861464421
1993-03-24,965.814874144212
1993-03-25,1303.71980939521
1993-03-26,1383.37510000621
1993-03-27,1425.22739987221
1993-03-28,1426.58660852821
1993-03-29,1316.26417261621
1993-03-30,1104.65237498521
1993-03-31,1009.79093753521
1993-04-01,549.897025408212
1993-04-02,529.593846109212
1993-04-03,478.113818263212
1993-04-04,384.781490551212
1993-04-05,384.781490551212
1993-04-06,381.751587922212
1993-04-07,364.336727017212
1993-04-08,293.374708435212
1993-04-09,240.308937157212
1993-04-10,189.423563098212
1993-04-11,155.301762463212
1993-04-12,136.301158126212
1993-04-13,135.140167399212
1993-04-14,111.892036012212
1993-04-15,104.812824262212
1993-04-16,95.5815321402117
1993-04-17,103.595199841212
1993-04-18,125.540756266212
1993-04-19,100.820148835212
1993-04-20,101.414802622212
1993-04-21,97.5070777362117
1993-04-22,76.5809278032117
1993-04-23,93.1462832982117
1993-04-24,117.017385319212
1993-04-25,116.451048379212
1993-04-26,118.291643434212
1993-04-27,180.305538364212
1993-04-28,193.812674383212
1993-04-29,195.766536826212
1993-04-30,197.465547646212
1993-05-01,212.190308086212
1993-05-02,167.506323520212
1993-05-03,158.756417797212
1993-05-04,152.271859834212
1993-05-05,143.012250865212
1993-05-06,154.650474982212
1993-05-07,191.377425541212
1993-05-08,192.934852126212
1993-05-09,208.254266353212
1993-05-10,207.857830495212
1993-05-11,226.093879963212
1993-05-12,237.052499752212
1993-05-13,223.630314274212
1993-05-14,197.918617198212
1993-05-15,213.181397731212
1993-05-16,209.132088610212
1993-05-17,221.959620301212
1993-05-18,223.998433285212
1993-05-19,221.591501290212
1993-05-20,206.470304992212
1993-05-21,226.773484291212
1993-05-22,250.219833607212
1993-05-23,263.811920167212
1993-05-24,263.811920167212
1993-05-25,221.874669760212
1993-05-26,199.560994324212
1993-05-27,190.386335896212
1993-05-28,203.610303445212
1993-05-29,206.725156615212
1993-05-30,205.111096336212
1993-05-31,205.111096336212
1993-06-01,100.735198294212
1993-06-02,177.020784112212
1993-06-03,270.919448764212
1993-06-04,301.728178300212
1993-06-05,426.209037712212
1993-06-06,445.889246377212
1993-06-07,419.328043891212
1993-06-08,438.441915616212
1993-06-09,314.159274133212
1993-06-10,341.258496712212
1993-06-11,338.115326695212
1993-06-12,299.972533786212
1993-06-13,303.342238579212
1993-06-14,309.741846001212
1993-06-15,309.317093296212
1993-06-16,315.660067024212
1993-06-17,339.021465799212
1993-06-18,394.550802766212
1993-06-19,365.695935673212
1993-06-20,366.687025318212
1993-06-21,346.893549265212
1993-06-22,303.682040743212
1993-06-23,297.877087108212
1993-06-24,292.496886178212
1993-06-25,301.643227759212
1993-06-26,320.558881555212
1993-06-27,292.015499779212
1993-06-28,276.837669787212
1993-06-29,282.501039187212
1993-06-30,281.028563143212
1993-07-01,277.942026820212
1993-07-02,316.141453423212
1993-07-03,271.825587868212
1993-07-04,295.186986643212
1993-07-05,312.431946466212
1993-07-06,330.809580169212
1993-07-07,330.243243229212
1993-07-08,326.618686813212
1993-07-09,312.658481242212
1993-07-10,291.619063921212
1993-07-11,300.935306584212
1993-07-12,299.094711529212
1993-07-13,297.310750168212
1993-07-14,294.592332856212
1993-07-15,249.993298831212
1993-07-16,262.764196828212
1993-07-17,243.650325103212
1993-07-18,254.552311198212
1993-07-19,275.365193743212
1993-07-20,280.745394673212
1993-07-21,279.471136558212
1993-07-22,268.682417851212
1993-07-23,294.365798080212
1993-07-24,313.338085570212
1993-07-25,324.466606441212
1993-07-26,316.849374598212
1993-07-27,363.798706924212
1993-07-28,338.766614176212
1993-07-29,329.761856830212
1993-07-30,318.774920194212
1993-07-31,314.046006745212
1993-08-01,368.102867668212
1993-08-02,406.642096435212
1993-08-03,395.456941870212
1993-08-04,410.068434922212
1993-08-05,347.318301970212
1993-08-06,332.621858377212
1993-08-07,326.052349873212
1993-08-08,319.341257134212
1993-08-09,300.878672890212
1993-08-10,299.689365316212
1993-08-11,325.231161310212
1993-08-12,333.612948022212
1993-08-13,289.297082467212
1993-08-14,295.385204572212
1993-08-15,346.072360702212
1993-08-16,315.008779543212
1993-08-17,295.866590971212
1993-08-18,309.232142755212
1993-08-19,344.826419434212
1993-08-20,311.610757903212
1993-08-21,300.737088655212
1993-08-22,306.881844454212
1993-08-23,327.071756365212
1993-08-24,361.533359164212
1993-08-25,341.286813559212
1993-08-26,307.363230853212
1993-08-27,293.318074741212
1993-08-28,286.635298849212
1993-08-29,262.792513675212
1993-08-30,297.027581698212
1993-08-31,275.903213836212
1993-09-01,224.055066979212
1993-09-02,262.707563134212
1993-09-03,276.865986634212
1993-09-04,254.892113362212
1993-09-05,256.761025264212
1993-09-06,271.457468857212
1993-09-07,260.498849068212
1993-09-08,246.198841333212
1993-09-09,251.380824334212
1993-09-10,274.657272568212
1993-09-11,283.152326668212
1993-09-12,287.654705341212
1993-09-13,279.867572416212
1993-09-14,280.037473498212
1993-09-15,301.020257125212
1993-09-16,231.785566210212
1993-09-17,234.928736227212
1993-09-18,259.564393117212
1993-09-19,252.909934072212
1993-09-20,266.077267927212
1993-09-21,246.538643497212
1993-09-22,249.342011350212
1993-09-23,236.004776413212
1993-09-24,253.816073176212
1993-09-25,242.545968070212
1993-09-26,273.099845983212
1993-09-27,251.635675957212
1993-09-28,251.437458028212
1993-09-29,236.939232364212
1993-09-30,250.446368383212
1993-10-01,242.121215365212
1993-10-02,260.159046904212
1993-10-03,254.467360657212
1993-10-04,238.978045348212
1993-10-05,236.287944883212
1993-10-06,225.612493564212
1993-10-07,206.158819675212
1993-10-08,186.591878398212
1993-10-09,180.418805752212
1993-10-10,184.694649649212
1993-10-11,187.441383808212
1993-10-12,167.846125684212
1993-10-13,162.437607907212
1993-10-14,153.885920113212
1993-10-15,147.118193680212
1993-10-16,146.891658904212
1993-10-17,149.610076216212
1993-10-18,137.320564618212
1993-10-19,136.017989656212
1993-10-20,142.191062302212
1993-10-21,152.583345151212
1993-10-22,149.015422429212
1993-10-23,143.776805734212
1993-10-24,137.886901558212
1993-10-25,134.120760907212
1993-10-26,130.297986562212
1993-10-27,132.053631076212
1993-10-28,131.402343595212
1993-10-29,131.402343595212
1993-10-30,144.881162767212
1993-10-31,149.157006664212
1993-11-01,152.441760916212
1993-11-02,145.957202953212
1993-11-03,118.178376046212
1993-11-04,114.383918548212
1993-11-05,114.383918548212
1993-11-06,114.383918548212
1993-11-07,101.103317305212
1993-11-08,107.474607880212
1993-11-09,103.283714524212
1993-11-10,111.523917001212
1993-11-11,131.458977289212
1993-11-12,122.709071566212
1993-11-13,113.675997373212
1993-11-14,109.881539875212
1993-11-15,102.774011278212
1993-11-16,105.322527508212
1993-11-17,108.862133383212
1993-11-18,97.3654935012117
1993-11-19,99.4892570262117
1993-11-20,98.2433157582117
1993-11-21,103.340348218212
1993-11-22,101.839555327212
1993-11-23,108.777182842212
1993-11-24,119.650852090212
1993-11-25,132.903136486212
1993-11-26,135.310068481212
1993-11-27,141.936210679212
1993-11-28,141.058388422212
1993-11-29,144.824529073212
1993-11-30,147.684530620212
1993-12-01,138.056802640212
1993-12-02,132.195215311212
1993-12-03,133.016403874212
1993-12-04,128.967094753212
1993-12-05,131.628878371212
1993-12-06,138.339971110212
1993-12-07,118.886297221212
1993-12-08,129.816600163212
1993-12-09,106.964904634212
1993-12-10,112.061937094212
1993-12-11,127.947688261212
1993-12-12,129.844917010212
1993-12-13,126.050459512212
1993-12-14,137.292247771212
1993-12-15,133.412839732212
1993-12-16,115.233423958212
1993-12-17,128.174223037212
1993-12-18,128.117589343212
1993-12-19,131.770462606212
1993-12-20,140.038981930212
1993-12-21,142.672448701212
1993-12-22,138.255020569212
1993-12-23,129.136995835212
1993-12-24,136.782544525212
1993-12-25,134.205711448212
1993-12-26,137.348881465212
1993-12-27,137.122346689212
1993-12-28,127.437985015212
1993-12-29,141.907893832212
1993-12-30,140.803536799212
1993-12-31,145.872252412212
1994-01-01,142.729082395212
1994-01-02,130.637788726212
1994-01-03,134.941949470212
1994-01-04,142.785716089212
1994-01-05,144.626311144212
1994-01-06,134.573830459212
1994-01-07,120.925110205212
1994-01-08,122.086100932212
1994-01-09,117.017385319212
1994-01-10,111.240748531212
1994-01-11,106.766686705212
1994-01-12,111.495600154212
1994-01-13,113.704314220212
1994-01-14,112.741541422212
1994-01-15,111.835402318212
1994-01-16,108.805499689212
1994-01-17,115.629859816212
1994-01-18,120.245505877212
1994-01-19,115.658176663212
1994-01-20,107.474607880212
1994-01-21,109.994807263212
1994-01-22,99.7441086492117
1994-01-23,98.8096526982117
1994-01-24,70.2662709222117
1994-01-25,88.3041024612117
1994-01-26,73.0696387752117
1994-01-27,71.2856774142117
1994-01-28,62.4791379972117
1994-01-29,66.7266650472117
1994-01-30,74.9951843712117
1994-01-31,88.2757856142117
1994-02-01,101.075000458212
1994-02-02,86.8882601112117
1994-02-03,91.6738072542117
1994-02-04,91.6454904072117
1994-02-05,89.6633111172117
1994-02-06,85.8405367722117
1994-02-07,90.9375692322117
1994-02-08,78.7613250222117
1994-02-09,94.1090560962117
1994-02-10,70.6910236272117
1994-02-11,91.2773713962117
1994-02-12,80.6302369242117
1994-02-13,63.2720097132117
1994-02-14,72.3617176002117
1994-02-15,68.1141905502117
1994-02-16,71.4272616492117
1994-02-17,59.7607206852117
1994-02-18,65.4807237792117
1994-02-19,64.8294362982117
1994-02-20,64.0082477352117
1994-02-21,64.0082477352117
1994-02-22,84.6512291982117
1994-02-23,82.0460792742117
1994-02-24,90.9375692322117
1994-02-25,80.8567717002117
1994-02-26,86.8316264172117
1994-02-27,83.0654857662117
1994-02-28,64.4613172872117
1994-03-01,89.8048953522117
1994-03-02,94.4771751072117
1994-03-03,93.5993528502117
1994-03-04,69.8415182172117
1994-03-05,91.3623219372117
1994-03-06,70.5494393922117
1994-03-07,80.0072662902117
1994-03-08,83.4336047772117
1994-03-09,82.8955846842117
1994-03-10,89.4934100352117
1994-03-11,90.3995491392117
1994-03-12,85.8688536192117
1994-03-13,88.2191519202117
1994-03-14,89.2668752592117
1994-03-15,85.5856851492117
1994-03-16,85.5856851492117
1994-03-17,89.0686573302117
1994-03-18,82.5840993672117
1994-03-19,89.2102415652117
1994-03-20,81.5363760282117
1994-03-21,78.8462755632117
1994-03-22,86.0953883952117
1994-03-23,96.6009386322117
1994-03-24,84.5662786572117
1994-03-25,84.5662786572117
1994-03-26,84.5662786572117
1994-03-27,90.5694502212117
1994-03-28,85.2175661382117
1994-03-29,83.3203373892117
1994-03-30,84.3680607282117
1994-03-31,80.9417222412117
1994-04-01,82.9239015312117
1994-04-02,103.028862901212
1994-04-03,104.784507415212
1994-04-04,90.6827176092117
1994-04-05,83.5185553182117
1994-04-06,69.4733992062117
1994-04-07,82.5840993672117
1994-04-08,68.6238937962117
1994-04-09,65.9337933312117
1994-04-10,51.4072508202117
1994-04-11,47.6411101692117
1994-04-12,65.3674563912117
1994-04-13,49.9347747762117
1994-04-14,65.9904270252117
1994-04-15,94.5054919542117
1994-04-16,96.0346016922117
1994-04-17,97.0540081842117
1994-04-18,123.756794905212
1994-04-19,128.853827365212
1994-04-20,164.787906208212
1994-04-21,150.742750096212
1994-04-22,129.986501245212
1994-04-23,131.175808819212
1994-04-24,144.003340510212
1994-04-25,179.625934036212
1994-04-26,189.593464180212
1994-04-27,165.382559995212
1994-04-28,178.521577003212
1994-04-29,194.662179793212
1994-04-30,149.638393063212
1994-05-01,158.218397704212
1994-05-02,232.408536844212
1994-05-03,221.025164350212
1994-05-04,221.025164350212
1994-05-05,210.321396184212
1994-05-06,218.165162803212
1994-05-07,152.328493528212
1994-05-08,121.916199850212
1994-05-09,141.907893832212
1994-05-10,141.907893832212
1994-05-11,217.400607934212
1994-05-12,243.990127267212
1994-05-13,193.784357536212
1994-05-14,162.380974213212
1994-05-15,151.195819648212
1994-05-16,133.129671262212
1994-05-17,118.971247762212
1994-05-18,97.9601472882117
1994-05-19,127.636202944212
1994-05-20,107.644508962212
1994-05-21,88.5872709312117
1994-05-22,113.675997373212
1994-05-23,129.675015928212
1994-05-24,188.998810393212
1994-05-25,192.028713022212
1994-05-26,176.907516724212
1994-05-27,136.074623350212
1994-05-28,132.025314229212
1994-05-29,169.092066952212
1994-05-30,177.926923216212
1994-05-31,183.675243157212
1994-06-01,164.986124137212
1994-06-02,154.678791829212
1994-06-03,126.135410053212
1994-06-04,119.537584702212
1994-06-05,129.136995835212
1994-06-06,131.204125666212
1994-06-07,137.575416241212
1994-06-08,154.678791829212
1994-06-09,173.792663554212
1994-06-10,188.007720748212
1994-06-11,185.345937130212
1994-06-12,187.639601737212
1994-06-13,181.126726927212
1994-06-14,161.758003579212
1994-06-15,174.897020587212
1994-06-16,188.857226158212
1994-06-17,194.888714569212
1994-06-18,201.401589379212
1994-06-19,202.959015964212
1994-06-20,215.786547655212
1994-06-21,190.669504366212
1994-06-22,195.313467274212
1994-06-23,192.028713022212
1994-06-24,211.340802676212
1994-06-25,212.954862955212
1994-06-26,205.280997418212
1994-06-27,208.480801129212
1994-06-28,208.707335905212
1994-06-29,199.844162794212
1994-06-30,230.114872237212
1994-07-01,228.415861417212
1994-07-02,243.593691409212
1994-07-03,231.672298822212
1994-07-04,225.159424012212
1994-07-05,234.617250910212
1994-07-06,232.861606396212
1994-07-07,250.587952618212
1994-07-08,254.212509034212
1994-07-09,273.298063912212
1994-07-10,273.921034546212
1994-07-11,275.846580142212
1994-07-12,314.838878461212
1994-07-13,311.157688351212
1994-07-14,267.804595594212
1994-07-15,297.254116474212
1994-07-16,304.135110295212
1994-07-17,301.813128841212
1994-07-18,294.337481233212
1994-07-19,253.079835154212
1994-07-20,279.414502864212
1994-07-21,287.003417860212
1994-07-22,263.557068544212
1994-07-23,278.366779525212
1994-07-24,272.165390032212
1994-07-25,262.452711511212
1994-07-26,257.100827428212
1994-07-27,251.182606405212
1994-07-28,261.263403937212
1994-07-29,243.055671316212
1994-07-30,247.727951071212
1994-07-31,233.711111806212
1994-08-01,233.711111806212
1994-08-02,225.244374553212
1994-08-03,243.848543032212
1994-08-04,252.796666684212
1994-08-05,254.184192187212
1994-08-06,240.252303463212
1994-08-07,230.199822778212
1994-08-08,239.997451840212
1994-08-09,255.090331291212
1994-08-10,252.655082449212
1994-08-11,236.741014435212
1994-08-12,236.146360648212
1994-08-13,235.891509025212
1994-08-14,231.672298822212
1994-08-15,224.734671307212
1994-08-16,236.599430200212
1994-08-17,236.741014435212
1994-08-18,271.655686786212
1994-08-19,274.260836710212
1994-08-20,285.077872264212
1994-08-21,288.560844445212
1994-08-22,295.300254031212
1994-08-23,292.581836719212
1994-08-24,277.857076279212
1994-08-25,273.099845983212
1994-08-26,303.568773355212
1994-08-27,279.046383853212
1994-08-28,282.585989728212
1994-08-29,282.614306575212
1994-08-30,287.343220024212
1994-08-31,295.271937184212
1994-09-01,361.108606459212
1994-09-02,378.296932588212
1994-09-03,340.012555444212
1994-09-04,325.599280321212
1994-09-05,306.287190667212
1994-09-06,312.658481242212
1994-09-07,280.915295755212
1994-09-08,290.344805806212
1994-09-09,290.344805806212
1994-09-10,290.344805806212
1994-09-11,294.252530692212
1994-09-12,263.670335932212
1994-09-13,265.595881528212
1994-09-14,250.701220006212
1994-09-15,225.527543023212
1994-09-16,225.527543023212
1994-09-17,225.527543023212
1994-09-18,195.200199886212
1994-09-19,196.672675930212
1994-09-20,191.292475000212
1994-09-21,194.803764028212
1994-09-22,185.430887671212
1994-09-23,202.959015964212
1994-09-24,212.671694485212
1994-09-25,219.835856776212
1994-09-26,184.269896944212
1994-09-27,167.053253968212
1994-09-28,152.130275599212
1994-09-29,166.600184416212
1994-09-30,166.656818110212
1994-10-01,166.656818110212
1994-10-02,148.194233866212
1994-10-03,143.437003570212
1994-10-04,150.827700637212
1994-10-05,154.961960299212
1994-10-06,139.189476520212
1994-10-07,138.170070028212
1994-10-08,129.108678988212
1994-10-09,119.905703713212
1994-10-10,119.877386866212
1994-10-11,112.373422411212
1994-10-12,105.973814989212
1994-10-13,105.945498142212
1994-10-14,105.945498142212
1994-10-15,105.945498142212
1994-10-16,105.888864448212
1994-10-17,108.720549148212
1994-10-18,140.237199859212
1994-10-19,116.111246215212
1994-10-20,113.591046832212
1994-10-21,109.060351312212
1994-10-22,105.888864448212
1994-10-23,106.313617153212
1994-10-24,105.718963366212
1994-10-25,105.690646519212
1994-10-26,105.718963366212
1994-10-27,106.200349765212
1994-10-28,106.115399224212
1994-10-29,106.313617153212
1994-10-30,110.249658886212
1994-10-31,103.453615606212
1994-11-01,103.991635699212
1994-11-02,103.991635699212
1994-11-03,101.811238480212
1994-11-04,117.753623341212
1994-11-05,115.516592428212
1994-11-06,109.768272487212
1994-11-07,84.0848922582117
1994-11-08,83.6035058592117
1994-11-09,85.4441009142117
1994-11-10,81.0549896292117
1994-11-11,80.2904347602117
1994-11-12,91.4755893252117
1994-11-13,96.7991565612117
1994-11-14,96.7991565612117
1994-11-15,91.4472724782117
1994-11-16,97.2522261132117
1994-11-17,128.910461059212
1994-11-18,116.394414685212
1994-11-19,113.987482690212
1994-11-20,113.902532149212
1994-11-21,104.699556874212
1994-11-22,109.201935547212
1994-11-23,111.325699072212
1994-11-24,112.316788717212
1994-11-25,116.422731532212
1994-11-26,112.146887635212
1994-11-27,113.874215302212
1994-11-28,105.662329672212
1994-11-29,115.714810357212
1994-11-30,111.354015919212
1994-12-01,110.476193662212
1994-12-02,119.339366773212
1994-12-03,102.830644972212
1994-12-04,100.990049917212
1994-12-05,110.589461050212
1994-12-06,109.853223028212
1994-12-07,115.516592428212
1994-12-08,103.425298759212
1994-12-09,116.224513603212
1994-12-10,109.485104017212
1994-12-11,95.4399479052117
1994-12-12,95.4399479052117
1994-12-13,100.791831988212
1994-12-14,100.791831988212
1994-12-15,109.173618700212
1994-12-16,89.5783605762117
1994-12-17,113.562729985212
1994-12-18,99.0361874742117
1994-12-19,95.8930174572117
1994-12-20,98.9795537802117
1994-12-21,100.508663518212
1994-12-22,101.811238480212
1994-12-23,122.171051473212
1994-12-24,122.171051473212
1994-12-25,118.631445598212
1994-12-26,109.739955640212
1994-12-27,110.193025192212
1994-12-28,107.304706798212
1994-12-29,108.125895361212
1994-12-30,110.051440957212
1994-12-31,97.2805429602117
1995-01-01,106.823320399212
1995-01-02,106.823320399212
1995-01-03,102.490842808212
1995-01-04,77.2322152842117
1995-01-05,77.2322152842117
1995-01-06,94.3355908722117
1995-01-07,91.9852925712117
1995-01-08,41.8361565342117
1995-01-09,10.6309911402117
1995-01-10,11.6787144792117
1995-01-11,56.3343821982117
1995-01-12,96.7708397142117
1995-01-13,58.4298288762117
1995-01-14,103.850051464212
1995-01-15,103.850051464212
1995-01-16,250.503002077212
1995-01-17,277.035887716212
1995-01-18,346.128994396212
1995-01-19,520.447504528212
1995-01-20,881.317402696212
1995-01-21,884.545523254212
1995-01-22,724.470387163212
1995-01-23,678.398877094212
1995-01-24,271.570736245212
1995-01-25,151.563938659212
1995-01-26,220.430510563212
1995-01-27,392.228821312212
1995-01-28,783.142894147212
1995-01-29,783.142894147212
1995-01-30,646.768958995212
1995-01-31,635.697071818212
1995-02-01,456.423113461212
1995-02-02,746.076141424212
1995-02-03,867.243929737212
1995-02-04,1023.69450941221
1995-02-05,986.995875700212
1995-02-06,986.995875700212
1995-02-07,1025.81827293721
1995-02-08,1052.15294064721
1995-02-09,930.985152334212
1995-02-10,653.678269663212
1995-02-11,653.678269663212
1995-02-12,519.343147495212
1995-02-13,503.683931104212
1995-02-14,407.321700763212
1995-02-15,302.181247852212
1995-02-16,302.181247852212
1995-02-17,237.930322009212
1995-02-18,225.301008247212
1995-02-19,201.769708390212
1995-02-20,166.033847476212
1995-02-21,154.310672818212
1995-02-22,122.539170484212
1995-02-23,122.539170484212
1995-02-24,144.286508980212
1995-02-25,133.582740814212
1995-02-26,136.301158126212
1995-02-27,136.301158126212
1995-02-28,119.112831997212
1995-03-01,135.083533705212
1995-03-02,135.083533705212
1995-03-03,126.163726900212
1995-03-04,122.114417779212
1995-03-05,47.4712090872117
1995-03-06,119.877386866212
1995-03-07,125.370855184212
1995-03-08,137.094029842212
1995-03-09,130.184719174212
1995-03-10,67.8876557742117
1995-03-11,252.173696050212
1995-03-12,1164.31597161421
1995-03-13,1430.63591764921
1995-03-14,1440.97156680421
1995-03-15,1264.92572900521
1995-03-16,1341.57943383421
1995-03-17,1922.81103535621
1995-03-18,1387.59431020921
1995-03-19,1901.63003380021
1995-03-20,1773.86442013621
1995-03-21,1235.64610920721
1995-03-22,1276.02593302921
1995-03-23,1246.40651106721
1995-03-24,1250.54077072921
1995-03-25,1245.33047088121
1995-03-26,998.322614500212
1995-03-27,867.583731901212
1995-03-28,950.467143070212
1995-03-29,766.011201712212
1995-03-30,674.972538607212
1995-03-31,561.252081055212
1995-04-01,451.212813613212
1995-04-02,452.685289657212
1995-04-03,366.035737837212
1995-04-04,302.351148934212
1995-04-05,304.616496694212
1995-04-06,264.972910894212
1995-04-07,376.003267981212
1995-04-08,624.483600406212
1995-04-09,701.307206317212
1995-04-10,640.822421125212
1995-04-11,728.689597366212
1995-04-12,933.901787575212
1995-04-13,964.625566570212
1995-04-14,803.134588129212
1995-04-15,727.585240333212
1995-04-16,651.214703974212
1995-04-17,509.687102668212
1995-04-18,471.487676065212
1995-04-19,407.236750222212
1995-04-20,341.966417887212
1995-04-21,284.653119559212
1995-04-22,205.903968052212
1995-04-23,166.656818110212
1995-04-24,116.082929368212
1995-04-25,111.467283307212
1995-04-26,120.755209123212
1995-04-27,217.995261721212
1995-04-28,589.427343820212
1995-04-29,690.461853916212
1995-04-30,674.321251126212
1995-05-01,601.235469019212
1995-05-02,660.785798260212
1995-05-03,740.072969860212
1995-05-04,811.573008535212
1995-05-05,840.371241934212
1995-05-06,854.756200210212
1995-05-07,817.179744241212
1995-05-08,860.277985375212
1995-05-09,705.837901837212
1995-05-10,588.096452011212
1995-05-11,553.748116600212
1995-05-12,515.010669904212
1995-05-13,466.362326758212
1995-05-14,407.350017610212
1995-05-15,347.771371522212
1995-05-16,281.878068553212
1995-05-17,196.785943318212
1995-05-18,156.462753190212
1995-05-19,194.152476547212
1995-05-20,321.549971200212
1995-05-21,230.114872237212
1995-05-22,230.341407013212
1995-05-23,271.995488950212
1995-05-24,264.151722331212
1995-05-25,246.198841333212
1995-05-26,236.372895424212
1995-05-27,239.685966523212
1995-05-28,262.481028358212
1995-05-29,142.332646537212
1995-05-30,289.920053101212
1995-05-31,279.471136558212
1995-06-01,258.431719237212
1995-06-02,218.533281814212
1995-06-03,240.620422474212
1995-06-04,267.238258654212
1995-06-05,274.345787251212
1995-06-06,274.657272568212
1995-06-07,250.021615678212
1995-06-08,236.882598670212
1995-06-09,252.853300378212
1995-06-10,234.447349828212
1995-06-11,265.256079364212
1995-06-12,263.472118003212
1995-06-13,253.985974258212
1995-06-14,248.464189093212
1995-06-15,229.265366827212
1995-06-16,229.860020614212
1995-06-17,203.298818128212
1995-06-18,187.894453360212
1995-06-19,166.656818110212
1995-06-20,240.563788780212
1995-06-21,292.242034555212
1995-06-22,297.112532239212
1995-06-23,326.052349873212
1995-06-24,321.323436424212
1995-06-25,311.922243220212
1995-06-26,322.003040752212
1995-06-27,323.956903195212
1995-06-28,304.248377683212
1995-06-29,358.531773382212
1995-06-30,347.233351429212
1995-07-01,346.723648183212
1995-07-02,324.749774911212
1995-07-03,335.425226230212
1995-07-04,344.146815106212
1995-07-05,343.297309696212
1995-07-06,292.751737801212
1995-07-07,324.721458064212
1995-07-08,317.274127303212
1995-07-09,321.521654353212
1995-07-10,317.755513702212
1995-07-11,365.865836755212
1995-07-12,316.481255587212
1995-07-13,310.959470422212
1995-07-14,333.726215410212
1995-07-15,325.542646627212
1995-07-16,338.681663635212
1995-07-17,332.253739366212
1995-07-18,359.834348344212
1995-07-19,307.561448782212
1995-07-20,335.765028394212
1995-07-21,349.442065495212
1995-07-22,354.737315884212
1995-07-23,354.340880026212
1995-07-24,348.790778014212
1995-07-25,342.447804286212
1995-07-26,318.548385418212
1995-07-27,329.931757912212
1995-07-28,329.931757912212
1995-07-29,320.757099484212
1995-07-30,314.952145849212
1995-07-31,315.178680625212
1995-08-01,314.300858368212
1995-08-02,347.403252511212
1995-08-03,342.646022215212
1995-08-04,325.797498250212
1995-08-05,331.715719273212
1995-08-06,314.810561614212
1995-08-07,352.641869206212
1995-08-08,331.206016027212
1995-08-09,311.639074750212
1995-08-10,319.794326686212
1995-08-11,319.794326686212
1995-08-12,319.794326686212
1995-08-13,352.443651277212
1995-08-14,325.769181403212
1995-08-15,274.289153557212
1995-08-16,282.189553870212
1995-08-17,326.222250955212
1995-08-18,336.274731640212
1995-08-19,338.823247870212
1995-08-20,354.086028403212
1995-08-21,330.639679087212
1995-08-22,326.193934108212
1995-08-23,323.475516796212
1995-08-24,321.776505976212
1995-08-25,303.370555426212
1995-08-26,303.370555426212
1995-08-27,273.269747065212
1995-08-28,269.730141190212
1995-08-29,277.602224656212
1995-08-30,275.082025273212
1995-08-31,286.550348308212
1995-09-01,286.550348308212
1995-09-02,286.550348308212
1995-09-03,286.550348308212
1995-09-04,252.428547673212
1995-09-05,260.159046904212
1995-09-06,244.443196819212
1995-09-07,233.767745500212
1995-09-08,243.480424021212
1995-09-09,247.897852153212
1995-09-10,258.544986625212
1995-09-11,258.544986625212
1995-09-12,197.493864493212
1995-09-13,282.642623422212
1995-09-14,259.705977352212
1995-09-15,235.410122626212
1995-09-16,246.680227732212
1995-09-17,244.188345196212
1995-09-18,239.204580124212
1995-09-19,244.075077808212
1995-09-20,235.693291096212
1995-09-21,227.311504384212
1995-09-22,208.735652752212
1995-09-23,201.260005144212
1995-09-24,190.839405448212
1995-09-25,215.248527562212
1995-09-26,188.177621830212
1995-09-27,182.287717654212
1995-09-28,172.037019040212
1995-09-29,204.148323538212
1995-09-30,187.809502819212
1995-10-01,187.809502819212
1995-10-02,159.945725371212
1995-10-03,135.791454880212
1995-10-04,125.087686714212
1995-10-05,104.331437863212
1995-10-06,120.188872183212
1995-10-07,122.765705260212
1995-10-08,128.060955649212
1995-10-09,132.676601710212
1995-10-10,125.285904643212
1995-10-11,130.779372961212
1995-10-12,115.828077745212
1995-10-13,105.945498142212
1995-10-14,112.458372952212
1995-10-15,116.309464144212
1995-10-16,112.798175116212
1995-10-17,121.831249309212
1995-10-18,124.436399233212
1995-10-19,112.798175116212
1995-10-20,97.7902462062117
1995-10-21,114.157383772212
1995-10-22,129.675015928212
1995-10-23,116.082929368212
1995-10-24,149.836610992212
1995-10-25,151.365720730212
1995-10-26,150.261363697212
1995-10-27,140.803536799212
1995-10-28,144.173241592212
1995-10-29,146.636807281212
1995-10-30,156.009683638212
1995-10-31,149.525125675212
1995-11-01,138.028485793212
1995-11-02,114.638770171212
1995-11-03,150.884334331212
1995-11-04,116.564315767212
1995-11-05,120.047287948212
1995-11-06,154.225722277212
1995-11-07,158.303348245212
1995-11-08,130.524521338212
1995-11-09,130.524521338212
1995-11-10,154.792059217212
1995-11-11,154.338989665212
1995-11-12,136.556009749212
1995-11-13,145.249281778212
1995-11-14,124.662934009212
1995-11-15,130.241352868212
1995-11-16,132.280165852212
1995-11-17,152.639978845212
1995-11-18,146.240371423212
1995-11-19,150.176413156212
1995-11-20,137.348881465212
1995-11-21,140.208883012212
1995-11-22,144.059974204212
1995-11-23,133.809275590212
1995-11-24,152.951464162212
1995-11-25,138.793040662212
1995-11-26,135.791454880212
1995-11-27,134.120760907212
1995-11-28,132.959770180212
1995-11-29,138.396604804212
1995-11-30,138.708090121212
1995-12-01,138.538189039212
1995-12-02,144.144924745212
1995-12-03,131.402343595212
1995-12-04,119.509267855212
1995-12-05,130.156402327212
1995-12-06,145.249281778212
1995-12-07,144.116607898212
1995-12-08,159.181170502212
1995-12-09,150.884334331212
1995-12-10,142.898983477212
1995-12-11,145.079380696212
1995-12-12,77.4870669072117
1995-12-13,73.2395398572117
1995-12-14,103.057179748212
1995-12-15,95.8363837632117
1995-12-16,89.7482616582117
1995-12-17,139.642546072212
1995-12-18,137.235614077212
1995-12-19,135.026900011212
1995-12-20,129.873233857212
1995-12-21,141.709675903212
1995-12-22,140.350467247212
1995-12-23,137.603733088212
1995-12-24,135.310068481212
1995-12-25,139.387694449212
1995-12-26,143.380369876212
1995-12-27,139.840764001212
1995-12-28,134.460563071212
1995-12-29,136.895811913212
1995-12-30,120.132238489212
1995-12-31,119.990654254212
1996-01-01,139.982348236212
1996-01-02,143.125518253212
1996-01-03,140.095615624212
1996-01-04,137.462148853212
1996-01-05,127.664519791212
1996-01-06,128.344124119212
1996-01-07,126.220360594212
1996-01-08,119.877386866212
1996-01-09,120.783525970212
1996-01-10,104.784507415212
1996-01-11,108.550648066212
1996-01-12,118.518178210212
1996-01-13,127.211450239212
1996-01-14,119.367683620212
1996-01-15,124.747884550212
1996-01-16,104.104903087212
1996-01-17,77.6286511422117
1996-01-18,94.8452941182117
1996-01-19,92.9197485222117
1996-01-20,96.9690576432117
1996-01-21,79.2143945742117
1996-01-22,84.9343976682117
1996-01-23,100.168861354212
1996-01-24,110.136391498212
1996-01-25,106.596785623212
1996-01-26,114.298968007212
1996-01-27,278.989750159212
1996-01-28,314.980462696212
1996-01-29,353.406424075212
1996-01-30,299.038077835212
1996-01-31,249.540229279212
1996-02-01,188.177621830212
1996-02-02,154.338989665212
1996-02-03,165.269292607212
1996-02-04,115.346691346212
1996-02-05,91.1074703142117
1996-02-06,206.215453369212
1996-02-07,239.006362195212
1996-02-08,259.847561587212
1996-02-09,214.059219988212
1996-02-10,447.220138186212
1996-02-11,488.251249489212
1996-02-12,542.308110412212
1996-02-13,784.247251180212
1996-02-14,860.419569610212
1996-02-15,839.153617513212
1996-02-16,679.588184668212
1996-02-17,691.537894102212
1996-02-18,771.448036336212
1996-02-19,883.157997751212
1996-02-20,855.464121385212
1996-02-21,935.827333171212
1996-02-22,396.476348362212
1996-02-23,1406.36837977021
1996-02-24,1476.39594240121
1996-02-25,1425.08581563721
1996-02-26,1477.10386357621
1996-02-27,1300.03861928521
1996-02-28,1187.87558831821
1996-02-29,928.946339350212
1996-03-01,989.770926706212
1996-03-02,964.710517111212
1996-03-03,849.829068832212
1996-03-04,881.034234226212
1996-03-05,721.667019310212
1996-03-06,576.967931140212
1996-03-07,608.909334556212
1996-03-08,580.734071791212
1996-03-09,582.687934234212
1996-03-10,492.328875457212
1996-03-11,419.809430290212
1996-03-12,388.859116519212
1996-03-13,446.059147459212
1996-03-14,450.873011449212
1996-03-15,394.154366908212
1996-03-16,394.154366908212
1996-03-17,245.151117994212
1996-03-18,274.628955721212
1996-03-19,268.795685239212
1996-03-20,216.692686759212
1996-03-21,192.340198339212
1996-03-22,184.892867578212
1996-03-23,145.617400789212
1996-03-24,146.636807281212
1996-03-25,141.568091668212
1996-03-26,137.405515159212
1996-03-27,153.970870654212
1996-03-28,126.616796452212
1996-03-29,135.026900011212
1996-03-30,123.303725353212
1996-03-31,125.682340501212
1996-04-01,132.988087027212
1996-04-02,116.734216849212
1996-04-03,117.215603248212
1996-04-04,124.804518244212
1996-04-05,123.983329681212
1996-04-06,121.604714533212
1996-04-07,119.565901549212
1996-04-08,131.175808819212
1996-04-09,115.006889182212
1996-04-10,116.224513603212
1996-04-11,128.853827365212
1996-04-12,130.071451786212
1996-04-13,139.727496613212
1996-04-14,126.050459512212
1996-04-15,121.264912369212
1996-04-16,126.899964922212
1996-04-17,123.162141118212
1996-04-18,112.090253941212
1996-04-19,110.617777897212
1996-04-20,93.3728180742117
1996-04-21,96.0629185392117
1996-04-22,102.858961819212
1996-04-23,103.170447136212
1996-04-24,102.745694431212
1996-04-25,118.235009740212
1996-04-26,132.365116393212
1996-04-27,158.246714551212
1996-04-28,170.904345160212
1996-04-29,167.279788744212
1996-04-30,167.619590908212
1996-05-01,198.088518280212
1996-05-02,202.109510554212
1996-05-03,174.670485811212
1996-05-04,164.646321973212
1996-05-05,154.537207594212
1996-05-06,157.963546081212
1996-05-07,159.690873748212
1996-05-08,158.643150409212
1996-05-09,183.335440993212
1996-05-10,210.151495102212
1996-05-11,225.301008247212
1996-05-12,228.670713040212
1996-05-13,236.825964976212
1996-05-14,260.215680598212
1996-05-15,261.603206101212
1996-05-16,226.830117985212
1996-05-17,184.864550731212
1996-05-18,165.354243148212
1996-05-19,402.224668303212
1996-05-20,401.630014516212
1996-05-21,423.264085624212
1996-05-22,482.616196936212
1996-05-23,427.313394745212
1996-05-24,390.558127339212
1996-05-25,411.087841414212
1996-05-26,333.471363787212
1996-05-27,282.104603329212
1996-05-28,332.395323601212
1996-05-29,380.788815124212
1996-05-30,373.143266434212
1996-05-31,373.143266434212
1996-06-01,371.755740931212
1996-06-02,349.951768741212
1996-06-03,407.180116528212
1996-06-04,372.520295800212
1996-06-05,406.811997517212
1996-06-06,409.162295818212
1996-06-07,398.741696122212
1996-06-08,352.953354523212
1996-06-09,392.030603383212
1996-06-10,361.080289612212
1996-06-11,346.015727008212
1996-06-12,341.456714641212
1996-06-13,342.844240144212
1996-06-14,363.770390077212
1996-06-15,323.645417878212
1996-06-16,331.036114945212
1996-06-17,302.407782628212
1996-06-18,332.876710000212
1996-06-19,276.554501317212
1996-06-20,310.732935646212
1996-06-21,271.004399305212
1996-06-22,304.135110295212
1996-06-23,295.753323583212
1996-06-24,292.185400861212
1996-06-25,240.931907791212
1996-06-26,260.159046904212
1996-06-27,274.742223109212
1996-06-28,274.402420945212
1996-06-29,276.243016000212
1996-06-30,298.443424048212
1996-07-01,333.074927929212
1996-07-02,341.088595630212
1996-07-03,331.715719273212
1996-07-04,318.973138123212
1996-07-05,318.208583254212
1996-07-06,330.243243229212
1996-07-07,330.441461158212
1996-07-08,326.788587895212
1996-07-09,339.587802739212
1996-07-10,330.724629628212
1996-07-11,342.051368428212
1996-07-12,346.242261784212
1996-07-13,338.171960389212
1996-07-14,298.585008283212
1996-07-15,299.576097928212
1996-07-16,291.675697615212
1996-07-17,297.933720802212
1996-07-18,276.582818164212
1996-07-19,311.893926373212
1996-07-20,307.221646618212
1996-07-21,309.571944919212
1996-07-22,308.071152028212
1996-07-23,332.678492071212
1996-07-24,329.393737819212
1996-07-25,313.423036111212
1996-07-26,313.621254040212
1996-07-27,327.949578622212
1996-07-28,337.775524531212
1996-07-29,338.087009848212
1996-07-30,335.821662088212
1996-07-31,343.099091767212
1996-08-01,329.422054666212
1996-08-02,315.660067024212
1996-08-03,285.899060827212
1996-08-04,289.806785713212
1996-08-05,316.198087117212
1996-08-06,369.943462723212
1996-08-07,361.193557000212
1996-08-08,389.057334448212
1996-08-09,344.798102587212
1996-08-10,380.675547736212
1996-08-11,347.431569358212
1996-08-12,359.126427169212
1996-08-13,341.768199958212
1996-08-14,334.292552350212
1996-08-15,329.988391606212
1996-08-16,322.229575528212
1996-08-17,268.512516769212
1996-08-18,307.051745536212
1996-08-19,345.194538445212
1996-08-20,357.908802748212
1996-08-21,383.903668294212
1996-08-22,331.149382333212
1996-08-23,314.697294226212
1996-08-24,327.609776458212
1996-08-25,330.667995934212
1996-08-26,328.487598715212
1996-08-27,319.454524522212
1996-08-28,287.314903177212
1996-08-29,249.936665137212
1996-08-30,249.483595585212
1996-08-31,281.368365307212
1996-09-01,271.740637327212
1996-09-02,250.078249372212
1996-09-03,235.155271003212
1996-09-04,225.414275635212
1996-09-05,188.007720748212
1996-09-06,229.406951062212
1996-09-07,221.959620301212
1996-09-08,222.469323547212
1996-09-09,221.676451831212
1996-09-10,206.866740850212
1996-09-11,193.302971137212
1996-09-12,215.673280267212
1996-09-13,230.369723860212
1996-09-14,215.786547655212
1996-09-15,205.705750123212
1996-09-16,206.668522921212
1996-09-17,201.429906226212
1996-09-18,200.552083969212
1996-09-19,200.721985051212
1996-09-20,201.741391543212
1996-09-21,209.811692938212
1996-09-22,208.565751670212
1996-09-23,208.084365271212
1996-09-24,194.152476547212
1996-09-25,193.869308077212
1996-09-26,186.110491999212
1996-09-27,154.423940206212
1996-09-28,152.328493528212
1996-09-29,152.611661998212
1996-09-30,158.529883021212
1996-10-01,138.226703722212
1996-10-02,145.985519800212
1996-10-03,140.690269411212
1996-10-04,120.302139571212
1996-10-05,141.907893832212
1996-10-06,124.011646528212
1996-10-07,133.950859825212
1996-10-08,135.111850552212
1996-10-09,115.799760898212
1996-10-10,110.249658886212
1996-10-11,112.090253941212
1996-10-12,108.635598607212
1996-10-13,108.607281760212
1996-10-14,109.173618700212
1996-10-15,109.541737711212
1996-10-16,109.739955640212
1996-10-17,109.994807263212
1996-10-18,130.241352868212
1996-10-19,134.715414694212
1996-10-20,122.369269402212
1996-10-21,126.899964922212
1996-10-22,124.039963375212
1996-10-23,128.287490425212
1996-10-24,125.597389960212
1996-10-25,126.843331228212
1996-10-26,134.545513612212
1996-10-27,136.187890738212
1996-10-28,136.074623350212
1996-10-29,148.165917019212
1996-10-30,131.062541431212
1996-10-31,112.033620247212
1996-11-01,154.508890747212
1996-11-02,137.830267864212
1996-11-03,162.437607907212
1996-11-04,147.599580079212
1996-11-05,144.201558439212
1996-11-06,142.870666630212
1996-11-07,127.126499698212
1996-11-08,127.126499698212
1996-11-09,134.885315776212
1996-11-10,101.273218387212
1996-11-11,156.830872201212
1996-11-12,163.287113317212
1996-11-13,151.394037577212
1996-11-14,149.100372970212
1996-11-15,148.647303418212
1996-11-16,128.287490425212
1996-11-17,132.619968016212
1996-11-18,145.136014390212
1996-11-19,125.710657348212
1996-11-20,83.0654857662117
1996-11-21,137.065712995212
1996-11-22,135.819771727212
1996-11-23,143.295419335212
1996-11-24,145.305915472212
1996-11-25,136.725910831212
1996-11-26,145.277598625212
1996-11-27,149.355224593212
1996-11-28,138.368287957212
1996-11-29,131.912046841212
1996-11-30,129.703332775212
1996-12-01,135.763138033212
1996-12-02,131.968680535212
1996-12-03,138.651456427212
1996-12-04,137.801951017212
1996-12-05,130.326303409212
1996-12-06,127.891054567212
1996-12-07,215.673280267212
1996-12-08,264.208356025212
1996-12-09,322.144624987212
1996-12-10,631.789346932212
1996-12-11,840.229657699212
1996-12-12,899.751670093212
1996-12-13,765.699716395212
1996-12-14,846.884116744212
1996-12-15,690.065418058212
1996-12-16,586.822193896212
1996-12-17,534.407710099212
1996-12-18,464.804900173212
1996-12-19,469.505496775212
1996-12-20,465.739356124212
1996-12-21,466.390643605212
1996-12-22,448.466079454212
1996-12-23,423.518937247212
1996-12-24,354.142662097212
1996-12-25,311.497490515212
1996-12-26,279.669354487212
1996-12-27,502.154821366212
1996-12-28,688.253139850212
1996-12-29,1035.58758515221
1996-12-30,1153.86705507121
1996-12-31,597.837447379212
1997-01-01,234.815468839212
1997-01-02,1223.35659760921
1997-01-03,1838.37019760221
1997-01-04,2102.14162740721
1997-01-05,1777.97036295121
1997-01-06,1248.44532405121
1997-01-07,1313.57407215121
1997-01-08,1382.29905982021
1997-01-09,1361.28795934621
1997-01-10,1437.03552507121
1997-01-11,1415.59967189221
1997-01-12,1497.46367656921
1997-01-13,1468.89197794621
1997-01-14,1453.23276155521
1997-01-15,1364.06301035221
1997-01-16,1178.47439511421
1997-01-17,916.345342435212
1997-01-18,897.146520169212
1997-01-19,852.632436685212
1997-01-20,655.915300576212
1997-01-21,808.401521671212
1997-01-22,937.752878767212
1997-01-23,884.290671631212
1997-01-24,978.529138447212
1997-01-25,688.054921921212
1997-01-26,501.361949650212
1997-01-27,515.038986751212
1997-01-28,706.970575717212
1997-01-29,893.125527895212
1997-01-30,973.063986976212
1997-01-31,937.243175521212
1997-02-01,835.812229567212
1997-02-02,647.533513864212
1997-02-03,562.299804394212
1997-02-04,601.122201631212
1997-02-05,699.353343874212
1997-02-06,647.306979088212
1997-02-07,675.029172301212
1997-02-08,554.880790480212
1997-02-09,478.595204662212
1997-02-10,450.165090274212
1997-02-11,376.994357626212
1997-02-12,288.249359128212
1997-02-13,251.918844427212
1997-02-14,176.652665101212
1997-02-15,151.082552260212
1997-02-16,134.573830459212
1997-02-17,106.795003552212
1997-02-18,115.148473417212
1997-02-19,99.0078706272117
1997-02-20,96.9124239492117
1997-02-21,103.651833535212
1997-02-22,115.091839723212
1997-02-23,109.032034465212
1997-02-24,129.873233857212
1997-02-25,95.0718288942117
1997-02-26,90.2013312102117
1997-02-27,112.090253941212
1997-02-28,102.235991185212
1997-03-01,109.116985006212
1997-03-02,107.446291033212
1997-03-03,108.182529055212
1997-03-04,97.6203451242117
1997-03-05,119.650852090212
1997-03-06,121.406496604212
1997-03-07,122.284318861212
1997-03-08,118.263326587212
1997-03-09,121.066694440212
1997-03-10,125.512439419212
1997-03-11,115.544909275212
1997-03-12,119.735802631212
1997-03-13,115.006889182212
1997-03-14,141.907893832212
1997-03-15,139.699179766212
1997-03-16,141.426507433212
1997-03-17,108.437380678212
1997-03-18,123.643527517212
1997-03-19,131.034224584212
1997-03-20,127.777787179212
1997-03-21,136.527692902212
1997-03-22,137.320564618212
1997-03-23,145.447499707212
1997-03-24,145.305915472212
1997-03-25,142.842349783212
1997-03-26,150.940968025212
1997-03-27,149.751660451212
1997-03-28,147.712847467212
1997-03-29,141.709675903212
1997-03-30,132.506700628212
1997-03-31,145.957202953212
1997-04-01,140.463734635212
1997-04-02,139.274427061212
1997-04-03,128.457391507212
1997-04-04,131.940363688212
1997-04-05,132.648284863212
1997-04-06,138.311654263212
1997-04-07,122.482536790212
1997-04-08,137.603733088212
1997-04-09,153.432850561212
1997-04-10,152.441760916212
1997-04-11,131.487294136212
1997-04-12,135.055216858212
1997-04-13,152.923147315212
1997-04-14,168.554046859212
1997-04-15,174.104148871212
1997-04-16,174.132465718212
1997-04-17,158.869685185212
1997-04-18,147.203144221212
1997-04-19,141.454824280212
1997-04-20,143.012250865212
1997-04-21,131.798779453212
1997-04-22,141.766309597212
1997-04-23,154.225722277212
1997-04-24,154.112454889212
1997-04-25,160.540379158212
1997-04-26,187.328116420212
1997-04-27,175.066921669212
1997-04-28,183.703560004212
1997-04-29,205.054462642212
1997-04-30,175.888110232212
1997-05-01,169.290284881212
1997-05-02,164.816223055212
1997-05-03,169.884938668212
1997-05-04,163.825133410212
1997-05-05,165.495827383212
1997-05-06,185.119402354212
1997-05-07,208.225949506212
1997-05-08,188.828909311212
1997-05-09,190.641187519212
1997-05-10,213.945952600212
1997-05-11,230.822793412212
1997-05-12,231.389130352212
1997-05-13,219.949124164212
1997-05-14,216.211300360212
1997-05-15,221.676451831212
1997-05-16,214.852091704212
1997-05-17,206.300403910212
1997-05-18,211.255852135212
1997-05-19,209.273672845212
1997-05-20,215.729913961212
1997-05-21,223.177244722212
1997-05-22,223.233878416212
1997-05-23,213.436249354212
1997-05-24,233.144774866212
1997-05-25,247.897852153212
1997-05-26,239.147946430212
1997-05-27,231.615665128212
1997-05-28,218.873083978212
1997-05-29,188.460790300212
1997-05-30,207.206543014212
1997-05-31,207.801196801212
1997-06-01,220.657045339212
1997-06-02,221.704768678212
1997-06-03,226.688533750212
1997-06-04,173.226326614212
1997-06-05,210.717832042212
1997-06-06,227.000019067212
1997-06-07,230.114872237212
1997-06-08,243.791909338212
1997-06-09,242.800819693212
1997-06-10,255.090331291212
1997-06-11,274.260836710212
1997-06-12,301.756495147212
1997-06-13,331.659085579212
1997-06-14,353.887810474212
1997-06-15,368.555937220212
1997-06-16,345.307805833212
1997-06-17,355.360286518212
1997-06-18,353.009988217212
1997-06-19,351.169393162212
1997-06-20,327.468192223212
1997-06-21,336.472949569212
1997-06-22,342.136318969212
1997-06-23,345.307805833212
1997-06-24,325.570963474212
1997-06-25,335.283641995212
1997-06-26,327.128390059212
1997-06-27,358.220288065212
1997-06-28,363.685439536212
1997-06-29,321.181852189212
1997-06-30,350.688006763212
1997-07-01,361.986428716212
1997-07-02,353.463057769212
1997-07-03,341.598298876212
1997-07-04,358.333555453212
1997-07-05,353.887810474212
1997-07-06,343.863646636212
1997-07-07,323.985220042212
1997-07-08,339.531169045212
1997-07-09,357.880485901212
1997-07-10,359.268011404212
1997-07-11,355.020484354212
1997-07-12,355.048801201212
1997-07-13,357.767218513212
1997-07-14,364.648212334212
1997-07-15,360.202467355212
1997-07-16,360.287417896212
1997-07-17,346.525430254212
1997-07-18,352.783453441212
1997-07-19,352.528601818212
1997-07-20,355.615138141212
1997-07-21,356.294742469212
1997-07-22,362.241280339212
1997-07-23,357.823852207212
1997-07-24,359.494546180212
1997-07-25,354.227612638212
1997-07-26,357.625634278212
1997-07-27,316.906008292212
1997-07-28,336.331365334212
1997-07-29,318.406801183212
1997-07-30,324.608190676212
1997-07-31,346.157311243212
1997-08-01,358.248604912212
1997-08-02,344.373349882212
1997-08-03,380.760498277212
1997-08-04,371.076136603212
1997-08-05,342.787606450212
1997-08-06,324.041853736212
1997-08-07,339.984238597212
1997-08-08,345.704241691212
1997-08-09,325.599280321212
1997-08-10,333.358096399212
1997-08-11,342.476121133212
1997-08-12,332.735125765212
1997-08-13,316.537889281212
1997-08-14,317.047592527212
1997-08-15,300.368969644212
1997-08-16,296.489561605212
1997-08-17,274.798856803212
1997-08-18,261.914691418212
1997-08-19,264.859643506212
1997-08-20,268.144397758212
1997-08-21,261.291720784212
1997-08-22,248.124386929212
1997-08-23,242.545968070212
1997-08-24,229.860020614212
1997-08-25,236.174677495212
1997-08-26,217.995261721212
1997-08-27,227.651306548212
1997-08-28,215.871498196212
1997-08-29,207.461394637212
1997-08-30,218.108529109212
1997-08-31,235.098637309212
1997-09-01,273.439648147212
1997-09-02,262.764196828212
1997-09-03,284.596485865212
1997-09-04,293.459658976212
1997-09-05,308.552538427212
1997-09-06,324.523240135212
1997-09-07,286.040645062212
1997-09-08,235.863192178212
1997-09-09,243.678641950212
1997-09-10,259.932512128212
1997-09-11,278.168561596212
1997-09-12,196.842577012212
1997-09-13,219.920807317212
1997-09-14,230.851110259212
1997-09-15,221.676451831212
1997-09-16,240.790323556212
1997-09-17,216.211300360212
1997-09-18,217.174073158212
1997-09-19,201.514856767212
1997-09-20,201.741391543212
1997-09-21,202.081193707212
1997-09-22,201.684757849212
1997-09-23,194.888714569212
1997-09-24,207.518028331212
1997-09-25,203.497036057212
1997-09-26,198.909706843212
1997-09-27,197.239012870212
1997-09-28,209.981594020212
1997-09-29,212.473476556212
1997-09-30,189.225345169212
1997-10-01,176.992467265212
1997-10-02,162.720776377212
1997-10-03,162.918994306212
1997-10-04,141.426507433212
1997-10-05,149.779977298212
1997-10-06,152.385127222212
1997-10-07,141.709675903212
1997-10-08,155.981366791212
1997-10-09,110.900946367212
1997-10-10,122.624121025212
1997-10-11,134.828682082212
1997-10-12,123.077190577212
1997-10-13,126.871648075212
1997-10-14,124.011646528212
1997-10-15,124.776201397212
1997-10-16,102.377575420212
1997-10-17,107.163122563212
1997-10-18,102.349258573212
1997-10-19,84.7361797392117
1997-10-20,81.2532075582117
1997-10-21,83.8866743292117
1997-10-22,113.166294127212
1997-10-23,92.5516295112117
1997-10-24,98.5831179222117
1997-10-25,94.8452941182117
1997-10-26,117.725306494212
1997-10-27,114.440552242212
1997-10-28,127.126499698212
1997-10-29,121.916199850212
1997-10-30,108.380746984212
1997-10-31,93.2595506862117
1997-11-01,83.6318227062117
1997-11-02,83.4052879302117
1997-11-03,83.7167732472117
1997-11-04,85.9821210072117
1997-11-05,95.2983636702117
1997-11-06,102.377575420212
1997-11-07,102.349258573212
1997-11-08,108.494014372212
1997-11-09,119.027881456212
1997-11-10,110.306292580212
1997-11-11,107.587875268212
1997-11-12,100.225495048212
1997-11-13,127.041549157212
1997-11-14,124.946102479212
1997-11-15,122.794022107212
1997-11-16,126.673430146212
1997-11-17,137.405515159212
1997-11-18,139.076209132212
1997-11-19,127.579569250212
1997-11-20,76.1561750982117
1997-11-21,96.7991565612117
1997-11-22,105.860547601212
1997-11-23,136.244524432212
1997-11-24,114.553819630212
1997-11-25,110.164708345212
1997-11-26,101.103317305212
1997-11-27,68.1991410912117
1997-11-28,101.952822715212
1997-11-29,121.661348227212
1997-11-30,112.260155023212
1997-12-01,95.9496511512117
1997-12-02,102.377575420212
1997-12-03,109.315202935212
1997-12-04,104.784507415212
1997-12-05,106.370250847212
1997-12-06,104.897774803212
1997-12-07,95.2134131292117
1997-12-08,105.520745437212
1997-12-09,99.9706434252117
1997-12-10,112.798175116212
1997-12-11,117.413821177212
1997-12-12,98.3565831462117
1997-12-13,109.739955640212
1997-12-14,110.929263214212
1997-12-15,120.698575429212
1997-12-16,105.860547601212
1997-12-17,112.656590881212
1997-12-18,113.619363679212
1997-12-19,113.619363679212
1997-12-20,121.661348227212
1997-12-21,93.9674718612117
1997-12-22,115.035206029212
1997-12-23,101.952822715212
1997-12-24,124.493032927212
1997-12-25,118.348277128212
1997-12-26,102.207674338212
1997-12-27,120.840159664212
1997-12-28,108.692232301212
1997-12-29,118.574811904212
1997-12-30,117.074019013212
1997-12-31,113.874215302212
1998-01-01,118.688079292212
1998-01-02,123.416992741212
1998-01-03,95.8930174572117
1998-01-04,100.508663518212
1998-01-05,101.924505868212
1998-01-06,87.5961812862117
1998-01-07,91.1074703142117
1998-01-08,89.4084594942117
1998-01-09,104.218170475212
1998-01-10,113.307878362212
1998-01-11,91.3340050902117
1998-01-12,68.6805274902117
1998-01-13,80.6868706182117
1998-01-14,94.5904424952117
1998-01-15,69.9264687582117
1998-01-16,329.733539983212
1998-01-17,414.259328278212
1998-01-18,411.795762589212
1998-01-19,469.760348398212
1998-01-20,469.109060917212
1998-01-21,817.915982263212
1998-01-22,934.553075056212
1998-01-23,979.576861786212
1998-01-24,969.750915877212
1998-01-25,827.175591232212
1998-01-26,817.094793700212
1998-01-27,811.997761240212
1998-01-28,873.247101301212
1998-01-29,746.642478364212
1998-01-30,974.564779867212
1998-01-31,1002.31528992721
1998-02-01,575.297237167212
1998-02-02,229.576852144212
1998-02-03,467.863119649212
1998-02-04,1286.58811696021
1998-02-05,472.620349945212
1998-02-06,424.708244821212
1998-02-07,631.647762697212
1998-02-08,1032.27451405321
1998-02-09,1501.05991613821
1998-02-10,1315.38635035921
1998-02-11,1228.42531322221
1998-02-12,1217.83481244421
1998-02-13,1330.42259611621
1998-02-14,1069.82265317521
1998-02-15,1237.79818957921
1998-02-16,1407.72758842621
1998-02-17,1427.66264871421
1998-02-18,1359.39073059721
1998-02-19,511.074628171212
1998-02-20,918.639007042212
1998-02-21,371.387621920212
1998-02-22,1231.71006747421
1998-02-23,671.942635978212
1998-02-24,1185.35538893521
1998-02-25,1327.78912934521
1998-02-26,1299.30238126321
1998-02-27,1053.42719876221
1998-02-28,1203.39322047421
1998-03-01,1232.16313702621
1998-03-02,1095.05296385221
1998-03-03,955.139422825212
1998-03-04,919.969898851212
1998-03-05,778.923683944212
1998-03-06,689.074328413212
1998-03-07,592.655464378212
1998-03-08,500.314226311212
1998-03-09,377.475744025212
1998-03-10,425.189631220212
1998-03-11,354.454147414212
1998-03-12,288.334309669212
1998-03-13,237.817054621212
1998-03-14,149.355224593212
1998-03-15,145.277598625212
1998-03-16,93.1746001452117
1998-03-17,95.8363837632117
1998-03-18,82.5557825202117
1998-03-19,203.128917046212
1998-03-20,564.225349990212
1998-03-21,805.881322288212
1998-03-22,542.704546270212
1998-03-23,346.327212325212
1998-03-24,964.144180171212
1998-03-25,997.133306926212
1998-03-26,1129.79773512121
1998-03-27,1130.27912152021
1998-03-28,901.875433618212
1998-03-29,865.743136846212
1998-03-30,662.909561785212
1998-03-31,774.704473741212
1998-04-01,750.578520097212
1998-04-02,624.540234100212
1998-04-03,603.047747227212
1998-04-04,401.913182986212
1998-04-05,401.913182986212
1998-04-06,317.727196855212
1998-04-07,302.860852180212
1998-04-08,211.142584747212
1998-04-09,193.954258618212
1998-04-10,183.250490452212
1998-04-11,117.357187483212
1998-04-12,80.2621179132117
1998-04-13,65.5373574732117
1998-04-14,60.1288396962117
1998-04-15,49.1702199072117
1998-04-16,56.5042832802117
1998-04-17,44.7811086222117
1998-04-18,163.088895388212
1998-04-19,231.983784139212
1998-04-20,152.101958752212
1998-04-21,195.115249345212
1998-04-22,188.205938677212
1998-04-23,178.606527544212
1998-04-24,162.834043765212
1998-04-25,165.014440984212
1998-04-26,165.835629547212
1998-04-27,165.977213782212
1998-04-28,173.679396166212
1998-04-29,195.624952591212
1998-04-30,190.952672836212
1998-05-01,202.052876860212
1998-05-02,218.618232355212
1998-05-03,203.893471915212
1998-05-04,194.945348263212
1998-05-05,190.216434814212
1998-05-06,153.744335878212
1998-05-07,161.333250874212
1998-05-08,162.352657366212
1998-05-09,165.665728465212
1998-05-10,154.197405430212
1998-05-11,188.602374535212
1998-05-12,301.161841360212
1998-05-13,309.911747083212
1998-05-14,341.343447253212
1998-05-15,347.148400888212
1998-05-16,305.749170574212
1998-05-17,346.525430254212
1998-05-18,359.013159781212
1998-05-19,407.265067069212
1998-05-20,404.320114981212
1998-05-21,429.267257188212
1998-05-22,439.546272649212
1998-05-23,519.796217047212
1998-05-24,495.840164485212
1998-05-25,473.526489049212
1998-05-26,508.950864646212
1998-05-27,530.046915661212
1998-05-28,866.422741174212
1998-05-29,662.145006916212
1998-05-30,495.925115026212
1998-05-31,503.344128940212
1998-06-01,542.421377800212
1998-06-02,538.202167597212
1998-06-03,574.702583380212
1998-06-04,575.268920320212
1998-06-05,574.051295899212
1998-06-06,482.417979007212
1998-06-07,540.920584909212
1998-06-08,411.654178354212
1998-06-09,428.304484390212
1998-06-10,386.508818218212
1998-06-11,282.642623422212
1998-06-12,391.634167525212
1998-06-13,415.760121169212
1998-06-14,387.811393180212
1998-06-15,423.065867695212
1998-06-16,394.890604930212
1998-06-17,426.492206182212
1998-06-18,450.844694602212
1998-06-19,404.829818227212
1998-06-20,405.962492107212
1998-06-21,439.801124272212
1998-06-22,424.566660586212
1998-06-23,393.644663662212
1998-06-24,402.677737855212
1998-06-25,391.124464279212
1998-06-26,362.609399350212
1998-06-27,374.162672926212
1998-06-28,380.930399359212
1998-06-29,374.134356079212
1998-06-30,368.329402444212
1998-07-01,355.756722376212
1998-07-02,352.103849113212
1998-07-03,349.413748648212
1998-07-04,336.218097946212
1998-07-05,343.014141226212
1998-07-06,374.729009866212
1998-07-07,358.446822841212
1998-07-08,369.518710018212
1998-07-09,330.837897016212
1998-07-10,356.691178327212
1998-07-11,330.413144311212
1998-07-12,330.922847557212
1998-07-13,334.773938749212
1998-07-14,323.588784184212
1998-07-15,344.741468893212
1998-07-16,331.828986661212
1998-07-17,349.951768741212
1998-07-18,358.899892393212
1998-07-19,335.000473525212
1998-07-20,327.694726999212
1998-07-21,347.289985123212
1998-07-22,347.120084041212
1998-07-23,364.648212334212
1998-07-24,344.571567811212
1998-07-25,344.571567811212
1998-07-26,346.015727008212
1998-07-27,359.296328251212
1998-07-28,342.702655909212
1998-07-29,334.604037667212
1998-07-30,358.673357617212
1998-07-31,367.253362258212
1998-08-01,351.310977397212
1998-08-02,352.415334430212
1998-08-03,350.688006763212
1998-08-04,340.578892384212
1998-08-05,345.392756374212
1998-08-06,338.370178318212
1998-08-07,352.981671370212
1998-08-08,343.438893931212
1998-08-09,346.355529172212
1998-08-10,358.276921759212
1998-08-11,348.988995943212
1998-08-12,346.440479713212
1998-08-13,363.515538454212
1998-08-14,370.396532275212
1998-08-15,354.114345250212
1998-08-16,364.053558547212
1998-08-17,330.837897016212
1998-08-18,356.181475081212
1998-08-19,355.473553906212
1998-08-20,356.153158234212
1998-08-21,343.693745554212
1998-08-22,344.061864565212
1998-08-23,343.353943390212
1998-08-24,331.715719273212
1998-08-25,306.400458055212
1998-08-26,338.341861471212
1998-08-27,312.035510608212
1998-08-28,336.303048487212
1998-08-29,359.437912486212
1998-08-30,328.714133491212
1998-08-31,333.103244776212
1998-09-01,312.460263313212
1998-09-02,324.947992840212
1998-09-03,316.622839822212
1998-09-04,321.748189129212
1998-09-05,319.624425604212
1998-09-06,317.132543068212
1998-09-07,332.395323601212
1998-09-08,303.823624978212
1998-09-09,282.925791892212
1998-09-10,275.591728519212
1998-09-11,304.474912459212
1998-09-12,268.370932534212
1998-09-13,267.832912441212
1998-09-14,275.931530683212
1998-09-15,263.019048451212
1998-09-16,268.455883075212
1998-09-17,264.491524495212
1998-09-18,243.338839786212
1998-09-19,231.247546117212
1998-09-20,249.342011350212
1998-09-21,245.660821240212
1998-09-22,257.355679051212
1998-09-23,245.321019076212
1998-09-24,236.061410107212
1998-09-25,243.282206092212
1998-09-26,218.250113344212
1998-09-27,209.783376091212
1998-09-28,194.067526006212
1998-09-29,201.967926319212
1998-09-30,191.094257071212
1998-10-01,193.925941771212
1998-10-02,206.866740850212
1998-10-03,199.985747029212
1998-10-04,197.975250892212
1998-10-05,203.213867587212
1998-10-06,216.522785677212
1998-10-07,137.292247771212
1998-10-08,174.047515177212
1998-10-09,309.515311225212
1998-10-10,161.927904661212
1998-10-11,158.614833562212
1998-10-12,159.577606360212
1998-10-13,167.591274061212
1998-10-14,133.242938650212
1998-10-15,157.114040671212
1998-10-16,151.847107129212
1998-10-17,126.673430146212
1998-10-18,139.019575438212
1998-10-19,138.424921651212
1998-10-20,138.424921651212
1998-10-21,166.543550722212
1998-10-22,151.705522894212
1998-10-23,161.446518262212
1998-10-24,126.418578523212
1998-10-25,160.710280240212
1998-10-26,138.821357509212
1998-10-27,159.011269420212
1998-10-28,153.829286419212
1998-10-29,162.692459530212
1998-10-30,136.697593984212
1998-10-31,147.457995844212
1998-11-01,147.118193680212
1998-11-02,145.645717636212
1998-11-03,152.866513621212
1998-11-04,160.115626453212
1998-11-05,163.173845929212
1998-11-06,186.421977316212
1998-11-07,182.655836665212
1998-11-08,188.262572371212
1998-11-09,187.837819666212
1998-11-10,166.741768651212
1998-11-11,171.867117958212
1998-11-12,220.288926328212
1998-11-13,249.653496667212
1998-11-14,260.612116456212
1998-11-15,258.403402390212
1998-11-16,272.788360666212
1998-11-17,325.514329780212
1998-11-18,336.444632722212
1998-11-19,329.422054666212
1998-11-20,343.778696095212
1998-11-21,351.650779561212
1998-11-22,355.247019130212
1998-11-23,329.705223136212
1998-11-24,306.598675984212
1998-11-25,287.541437953212
1998-11-26,313.479669805212
1998-11-27,346.751965030212
1998-11-28,348.479292697212
1998-11-29,335.934929476212
1998-11-30,331.064431792212
1998-12-01,333.896116492212
1998-12-02,413.579723950212
1998-12-03,411.427643578212
1998-12-04,502.437989836212
1998-12-05,859.626697894212
1998-12-06,682.618087297212
1998-12-07,746.246042506212
1998-12-08,704.875129039212
1998-12-09,655.688765800212
1998-12-10,648.637870897212
1998-12-11,642.804600415212
1998-12-12,647.306979088212
1998-12-13,576.288326812212
1998-12-14,490.771448872212
1998-12-15,423.405669859212
1998-12-16,420.885470476212
1998-12-17,424.679927974212
1998-12-18,389.029017601212
1998-12-19,335.736711547212
1998-12-20,294.733917091212
1998-12-21,267.861229288212
1998-12-22,213.719417824212
1998-12-23,178.464943309212
1998-12-24,156.377802649212
1998-12-25,163.853450257212
1998-12-26,171.442365253212
1998-12-27,165.637411618212
1998-12-28,173.934247789212
1998-12-29,150.799383790212
1998-12-30,146.212054576212
1998-12-31,134.715414694212
1999-01-01,51.2373497382117
1999-01-02,47.2446743112117
1999-01-03,76.8357794262117
1999-01-04,65.1692384622117
1999-01-05,89.9464795872117
1999-01-06,130.467887644212
1999-01-07,140.916804187212
1999-01-08,130.043134939212
1999-01-09,129.108678988212
1999-01-10,124.889468785212
1999-01-11,118.773029833212
1999-01-12,130.694422420212
1999-01-13,148.817204500212
1999-01-14,137.065712995212
1999-01-15,139.161159673212
1999-01-16,132.223532158212
1999-01-17,113.704314220212
1999-01-18,101.103317305212
1999-01-19,123.955012834212
1999-01-20,180.532073140212
1999-01-21,381.893172157212
1999-01-22,408.567642031212
1999-01-23,369.575343712212
1999-01-24,385.857530737212
1999-01-25,383.677133518212
1999-01-26,349.130580178212
1999-01-27,314.838878461212
1999-01-28,270.664597141212
1999-01-29,216.579419371212
1999-01-30,195.228516733212
1999-01-31,166.062164323212
1999-02-01,184.694649649212
1999-02-02,201.514856767212
1999-02-03,179.371082413212
1999-02-04,268.059447217212
1999-02-05,432.013991347212
1999-02-06,413.636357644212
1999-02-07,352.047215419212
1999-02-08,348.196124227212
1999-02-09,364.648212334212
1999-02-10,404.603283451212
1999-02-11,495.217193851212
1999-02-12,561.591883219212
1999-02-13,585.179816770212
1999-02-14,587.700016153212
1999-02-15,767.908430461212
1999-02-16,730.530192421212
1999-02-17,787.730223361212
1999-02-18,827.402126008212
1999-02-19,730.105439716212
1999-02-20,699.834730273212
1999-02-21,678.795312952212
1999-02-22,545.847716287212
1999-02-23,591.296255722212
1999-02-24,568.529510734212
1999-02-25,529.537212415212
1999-02-26,709.179289783212
1999-02-27,722.516524720212
1999-02-28,742.451585008212
1999-03-01,706.602456706212
1999-03-02,766.435954417212
1999-03-03,700.542651448212
1999-03-04,748.114954408212
1999-03-05,747.123864763212
1999-03-06,848.554810717212
1999-03-07,813.045484579212
1999-03-08,814.659544858212
1999-03-09,768.134965237212
1999-03-10,767.851796767212
1999-03-11,803.899142998212
1999-03-12,690.773339233212
1999-03-13,575.353870861212
1999-03-14,519.654632812212
1999-03-15,387.273373087212
1999-03-16,337.747207684212
1999-03-17,336.076513711212
1999-03-18,308.467587886212
1999-03-19,277.404006727212
1999-03-20,236.401212271212
1999-03-21,180.758607916212
1999-03-22,170.592859843212
1999-03-23,121.576397686212
1999-03-24,126.786697534212
1999-03-25,85.1892492912117
1999-03-26,76.4110267212117
1999-03-27,85.7555862312117
1999-03-28,101.839555327212
1999-03-29,86.4351905592117
1999-03-30,104.727873721212
1999-03-31,105.237576967212
1999-04-01,108.833816536212
1999-04-02,113.137977280212
1999-04-03,158.388298786212
1999-04-04,158.388298786212
1999-04-05,154.027504348212
1999-04-06,143.550270958212
1999-04-07,145.815618718212
1999-04-08,170.847711466212
1999-04-09,137.235614077212
1999-04-10,182.514252430212
1999-04-11,158.048496622212
1999-04-12,183.137223064212
1999-04-13,237.109133446212
1999-04-14,216.324567748212
1999-04-15,238.553292643212
1999-04-16,233.116458019212
1999-04-17,222.214471924212
1999-04-18,192.849901585212
1999-04-19,229.350317368212
1999-04-20,187.979403901212
1999-04-21,182.485935583212
1999-04-22,189.650097874212
1999-04-23,191.037623377212
1999-04-24,178.719794932212
1999-04-25,175.265139598212
1999-04-26,198.173468821212
1999-04-27,184.269896944212
1999-04-28,220.911896962212
1999-04-29,226.971702220212
1999-04-30,238.553292643212
1999-05-01,233.427943336212
1999-05-02,234.362399287212
1999-05-03,240.592105627212
1999-05-04,231.275862964212
1999-05-05,239.091312736212
1999-05-06,257.582213827212
1999-05-07,270.041626507212
1999-05-08,251.182606405212
1999-05-09,267.238258654212
1999-05-10,269.758458037212
1999-05-11,289.183815079212
1999-05-12,293.657876905212
1999-05-13,280.207374580212
1999-05-14,268.993903168212
1999-05-15,268.229348299212
1999-05-16,250.361417842212
1999-05-17,245.321019076212
1999-05-18,221.081798044212
1999-05-19,225.301008247212
1999-05-20,224.083383826212
1999-05-21,271.938855256212
1999-05-22,289.891736254212
1999-05-23,274.034301934212
1999-05-24,241.696462660212
1999-05-25,260.612116456212
1999-05-26,257.015876887212
1999-05-27,269.418655873212
1999-05-28,248.747357563212
1999-05-29,274.317470404212
1999-05-30,289.920053101212
1999-05-31,253.589538400212
1999-06-01,255.486767149212
1999-06-02,264.066771790212
1999-06-03,255.939836701212
1999-06-04,254.580628045212
1999-06-05,250.333100995212
1999-06-06,235.353488932212
1999-06-07,240.082402381212
1999-06-08,236.542796506212
1999-06-09,241.045175179212
1999-06-10,240.648739321212
1999-06-11,235.381805779212
1999-06-12,230.001604849212
1999-06-13,243.480424021212
1999-06-14,247.841218459212
1999-06-15,263.811920167212
1999-06-16,260.753700691212
1999-06-17,250.956071629212
1999-06-18,269.418655873212
1999-06-19,230.709526024212
1999-06-20,282.076286482212
1999-06-21,303.908575519212
1999-06-22,288.136091740212
1999-06-23,302.634317404212
1999-06-24,319.567791910212
1999-06-25,315.093730084212
1999-06-26,311.129371504212
1999-06-27,351.226026856212
1999-06-28,337.775524531212
1999-06-29,325.740864556212
1999-06-30,296.347977370212
1999-07-01,307.929567793212
1999-07-02,328.600866103212
1999-07-03,327.185023753212
1999-07-04,314.017689898212
1999-07-05,305.834121115212
1999-07-06,309.515311225212
1999-07-07,338.794931023212
1999-07-08,316.424621893212
1999-07-09,316.424621893212
1999-07-10,317.698880008212
1999-07-11,299.576097928212
1999-07-12,323.192348326212
1999-07-13,344.146815106212
1999-07-14,313.932739357212
1999-07-15,328.799084032212
1999-07-16,326.420468884212
1999-07-17,302.492733169212
1999-07-18,322.909179856212
1999-07-19,299.349563152212
1999-07-20,322.626011386212
1999-07-21,312.120461149212
1999-07-22,313.168184488212
1999-07-23,306.711943372212
1999-07-24,313.734521428212
1999-07-25,301.161841360212
1999-07-26,312.601847548212
1999-07-27,316.566206128212
1999-07-28,334.292552350212
1999-07-29,334.377502891212
1999-07-30,296.234709982212
1999-07-31,322.654328233212
1999-08-01,324.381655900212
1999-08-02,306.598675984212
1999-08-03,328.657499797212
1999-08-04,283.322227750212
1999-08-05,272.731726972212
1999-08-06,272.731726972212
1999-08-07,257.978649685212
1999-08-08,251.182606405212
1999-08-09,233.739428653212
1999-08-10,223.658631121212
1999-08-11,249.002209186212
1999-08-12,239.657649676212
1999-08-13,214.540606387212
1999-08-14,247.643000530212
1999-08-15,247.643000530212
1999-08-16,220.147342093212
1999-08-17,241.130125720212
1999-08-18,220.430510563212
1999-08-19,244.075077808212
1999-08-20,238.921411654212
1999-08-21,240.054085534212
1999-08-22,237.930322009212
1999-08-23,234.475666675212
1999-08-24,250.389734689212
1999-08-25,237.732104080212
1999-08-26,234.617250910212
1999-08-27,237.250717681212
1999-08-28,235.778241637212
1999-08-29,234.107547664212
1999-08-30,238.524975796212
1999-08-31,230.681209177212
1999-09-01,222.724175170212
1999-09-02,218.391697579212
1999-09-03,214.852091704212
1999-09-04,197.720399269212
1999-09-05,211.397436370212
1999-09-06,214.682190622212
1999-09-07,202.789114882212
1999-09-08,187.611284890212
1999-09-09,194.350694476212
1999-09-10,194.379011323212
1999-09-11,184.949501272212
1999-09-12,185.204352895212
1999-09-13,179.767518271212
1999-09-14,162.409291060212
1999-09-15,181.608113326212
1999-09-16,177.615437899212
1999-09-17,170.734444078212
1999-09-18,168.865532176212
1999-09-19,177.360586276212
1999-09-20,165.410876842212
1999-09-21,167.817808837212
1999-09-22,155.245128769212
1999-09-23,117.243920095212
1999-09-24,182.882371441212
1999-09-25,157.878595540212
1999-09-26,132.421750087212
1999-09-27,184.326530638212
1999-09-28,134.460563071212
1999-09-29,133.554423967212
1999-09-30,135.848088574212
1999-10-01,141.964527526212
1999-10-02,156.349485802212
1999-10-03,160.993448710212
1999-10-04,169.998206056212
1999-10-05,178.266725380212
1999-10-06,140.208883012212
1999-10-07,142.898983477212
1999-10-08,157.708694458212
1999-10-09,156.887505895212
1999-10-10,153.546117949212
1999-10-11,156.717604813212
1999-10-12,162.522558448212
1999-10-13,160.766913934212
1999-10-14,156.887505895212
1999-10-15,153.404533714212
1999-10-16,169.233651187212
1999-10-17,163.853450257212
1999-10-18,160.285527535212
1999-10-19,162.607508989212
1999-10-20,161.842954120212
1999-10-21,161.814637273212
1999-10-22,141.256606351212
1999-10-23,153.885920113212
1999-10-24,155.075227687212
1999-10-25,184.892867578212
1999-10-26,140.520368329212
1999-10-27,152.243542987212
1999-10-28,156.745921660212
1999-10-29,156.802555354212
1999-10-30,155.443346698212
1999-10-31,165.184342066212
1999-11-01,145.164331237212
1999-11-02,155.896416250212
1999-11-03,154.452257053212
1999-11-04,180.758607916212
1999-11-05,161.871270967212
1999-11-06,173.679396166212
1999-11-07,157.906912387212
1999-11-08,164.249886115212
1999-11-09,157.878595540212
1999-11-10,146.325321964212
1999-11-11,178.634844391212
1999-11-12,162.182756284212
1999-11-13,154.452257053212
1999-11-14,159.492655819212
1999-11-15,168.554046859212
1999-11-16,179.342765566212
1999-11-17,183.222173605212
1999-11-18,184.213263250212
1999-11-19,171.612266335212
1999-11-20,142.644131854212
1999-11-21,149.751660451212
1999-11-22,139.727496613212
1999-11-23,144.343142674212
1999-11-24,143.097201406212
1999-11-25,165.835629547212
1999-11-26,150.940968025212
1999-11-27,174.868703740212
1999-11-28,176.765932489212
1999-11-29,189.876632650212
1999-11-30,169.884938668212
1999-12-01,153.800969572212
1999-12-02,190.811088601212
1999-12-03,210.264762490212
1999-12-04,210.151495102212
1999-12-05,198.315053056212
1999-12-06,219.977441011212
1999-12-07,189.281978863212
1999-12-08,190.896039142212
1999-12-09,182.174450266212
1999-12-10,182.174450266212
1999-12-11,184.949501272212
1999-12-12,189.395246251212
1999-12-13,200.212281805212
1999-12-14,169.573453351212
1999-12-15,172.971474991212
1999-12-16,171.159196783212
1999-12-17,163.570281787212
1999-12-18,160.172260147212
1999-12-19,155.783148862212
1999-12-20,177.020784112212
1999-12-21,161.163349792212
1999-12-22,161.389884568212
1999-12-23,163.258796470212
1999-12-24,163.825133410212
1999-12-25,164.419787197212
1999-12-26,152.753246233212
1999-12-27,157.821961846212
1999-12-28,135.933039115212
1999-12-29,148.052649631212
1999-12-30,178.578210697212
1999-12-31,121.095011287212
2000-01-01,139.840764001212
2000-01-02,142.162745455212
2000-01-03,138.339971110212
2000-01-04,143.323736182212
2000-01-05,142.502547619212
2000-01-06,134.828682082212
2000-01-07,131.940363688212
2000-01-08,132.280165852212
2000-01-09,129.052045294212
2000-01-10,132.138581617212
2000-01-11,125.965508971212
2000-01-12,105.180943273212
2000-01-13,123.133824271212
2000-01-14,80.8001380062117
2000-01-15,80.8001380062117
2000-01-16,21.7311951642117
2000-01-17,91.9569757242117
2000-01-18,115.799760898212
2000-01-19,61.2048798822117
2000-01-20,69.4733992062117
2000-01-21,57.2122044552117
2000-01-22,117.470454871212
2000-01-23,122.737388413212
2000-01-24,126.531845911212
2000-01-25,247.133297284212
2000-01-26,332.310373060212
2000-01-27,372.010592554212
2000-01-28,349.527016036212
2000-01-29,517.360968205212
2000-01-30,476.641342219212
2000-01-31,444.133601863212
2000-02-01,452.345487493212
2000-02-02,347.799688369212
2000-02-03,277.658858350212
2000-02-04,307.136696077212
2000-02-05,279.159651241212
2000-02-06,187.724552278212
2000-02-07,213.436249354212
2000-02-08,294.082629610212
2000-02-09,418.506855328212
2000-02-10,377.192575555212
2000-02-11,410.719722403212
2000-02-12,472.167280393212
2000-02-13,434.081121178212
2000-02-14,447.758158279212
2000-02-15,961.142594389212
2000-02-16,1004.55232084021
2000-02-17,1029.07471034221
2000-02-18,1064.32918485721
2000-02-19,1158.68091906121
2000-02-20,1029.01807664821
2000-02-21,1008.62994680821
2000-02-22,890.180575807212
2000-02-23,883.157997751212
2000-02-24,957.659622208212
2000-02-25,1070.33235642121
2000-02-26,838.275795256212
2000-02-27,885.734830828212
2000-02-28,1013.55707818621
2000-02-29,1115.89416324421
2000-03-01,1281.29286657121
2000-03-02,1357.18201653121
2000-03-03,1418.43135659221
2000-03-04,1373.94558995521
2000-03-05,1185.83677533421
2000-03-06,972.724184812212
2000-03-07,1018.11609055321
2000-03-08,998.265980806212
2000-03-09,929.257824667212
2000-03-10,1010.89529456821
2000-03-11,820.209646870212
2000-03-12,729.907221787212
2000-03-13,605.709530845212
2000-03-14,548.424549364212
2000-03-15,429.720326740212
2000-03-16,370.028413264212
2000-03-17,249.257060809212
2000-03-18,199.929113335212
2000-03-19,197.380597105212
2000-03-20,221.648134984212
2000-03-21,210.208128796212
2000-03-22,173.198009767212
2000-03-23,128.910461059212
2000-03-24,88.8704394012117
2000-03-25,85.0759819032117
2000-03-26,76.4676604152117
2000-03-27,69.3884486652117
2000-03-28,95.2134131292117
2000-03-29,90.4561828332117
2000-03-30,82.3575645912117
2000-03-31,111.892036012212
2000-04-01,93.5710360032117
2000-04-02,67.0947840582117
2000-04-03,59.3926016742117
2000-04-04,85.0193482092117
2000-04-05,45.2624950212117
2000-04-06,74.2872631962117
2000-04-07,91.7870746422117
2000-04-08,95.1284625882117
2000-04-09,216.890904688212
2000-04-10,246.850128814212
2000-04-11,247.784584765212
2000-04-12,235.381805779212
2000-04-13,250.163199913212
2000-04-14,231.502397740212
2000-04-15,225.810711493212
2000-04-16,221.704768678212
2000-04-17,126.446895370212
2000-04-18,123.898379140212
2000-04-19,112.373422411212
2000-04-20,188.630691382212
2000-04-21,204.063372997212
2000-04-22,220.713679033212
2000-04-23,215.673280267212
2000-04-24,221.648134984212
2000-04-25,226.546949515212
2000-04-26,231.474080893212
2000-04-27,158.954635726212
2000-04-28,195.540002050212
2000-04-29,220.034074705212
2000-04-30,210.264762490212
2000-05-01,221.053481197212
2000-05-02,239.487748594212
2000-05-03,279.244601782212
2000-05-04,273.694499770212
2000-05-05,290.344805806212
2000-05-06,272.873311207212
2000-05-07,239.997451840212
2000-05-08,198.853073149212
2000-05-09,220.260609481212
2000-05-10,223.715264815212
2000-05-11,189.253662016212
2000-05-12,200.014063876212
2000-05-13,184.383164332212
2000-05-14,190.244751661212
2000-05-15,207.687929413212
2000-05-16,167.732858296212
2000-05-17,183.335440993212
2000-05-18,167.109887662212
2000-05-19,225.839028340212
2000-05-20,312.885016018212
2000-05-21,314.130957286212
2000-05-22,292.638470413212
2000-05-23,295.866590971212
2000-05-24,316.849374598212
2000-05-25,282.812524504212
2000-05-26,266.105584774212
2000-05-27,281.170147378212
2000-05-28,288.390943363212
2000-05-29,270.239844436212
2000-05-30,252.626765602212
2000-05-31,261.008552314212
2000-06-01,262.537662052212
2000-06-02,258.941422483212
2000-06-03,262.990731604212
2000-06-04,244.131711502212
2000-06-05,226.801801138212
2000-06-06,241.696462660212
2000-06-07,205.903968052212
2000-06-08,208.027731577212
2000-06-09,209.783376091212
2000-06-10,211.822189075212
2000-06-11,235.353488932212
2000-06-12,301.954713076212
2000-06-13,329.591955748212
2000-06-14,334.349186044212
2000-06-15,361.306824388212
2000-06-16,381.553369993212
2000-06-17,331.574135038212
2000-06-18,318.689969653212
2000-06-19,315.829968106212
2000-06-20,339.389584810212
2000-06-21,338.993148952212
2000-06-22,324.664824370212
2000-06-23,317.812147396212
2000-06-24,329.252153584212
2000-06-25,332.112155131212
2000-06-26,343.268992849212
2000-06-27,322.003040752212
2000-06-28,348.875728555212
2000-06-29,337.492356061212
2000-06-30,359.522863027212
2000-07-01,349.980085588212
2000-07-02,346.440479713212
2000-07-03,335.538493618212
2000-07-04,349.781867659212
2000-07-05,358.191971218212
2000-07-06,373.114949587212
2000-07-07,354.510781108212
2000-07-08,369.263858395212
2000-07-09,360.485635825212
2000-07-10,349.781867659212
2000-07-11,350.291570905212
2000-07-12,355.218702283212
2000-07-13,376.739506003212
2000-07-14,343.948597177212
2000-07-15,390.133374634212
2000-07-16,366.743659012212
2000-07-17,357.767218513212
2000-07-18,356.266425622212
2000-07-19,355.303652824212
2000-07-20,358.928209240212
2000-07-21,350.631373069212
2000-07-22,376.144852216212
2000-07-23,374.955544642212
2000-07-24,368.499303526212
2000-07-25,350.319887752212
2000-07-26,358.191971218212
2000-07-27,351.650779561212
2000-07-28,399.959320543212
2000-07-29,338.625029941212
2000-07-30,359.947615732212
2000-07-31,360.910388530212
2000-08-01,357.427416349212
2000-08-02,350.433155140212
2000-08-03,343.976914024212
2000-08-04,326.958488977212
2000-08-05,344.316716188212
2000-08-06,334.519087126212
2000-08-07,328.912351420212
2000-08-08,261.320037631212
2000-08-09,264.010138096212
2000-08-10,260.697066997212
2000-08-11,261.093502855212
2000-08-12,255.571717690212
2000-08-13,249.342011350212
2000-08-14,274.883807344212
2000-08-15,254.070924799212
2000-08-16,214.200804223212
2000-08-17,212.869912414212
2000-08-18,186.337026775212
2000-08-19,213.407932507212
2000-08-20,219.496054612212
2000-08-21,211.340802676212
2000-08-22,209.726742397212
2000-08-23,197.578815034212
2000-08-24,176.879199877212
2000-08-25,170.479592455212
2000-08-26,169.261968034212
2000-08-27,193.161386902212
2000-08-28,217.287340546212
2000-08-29,177.841972675212
2000-08-30,175.491674374212
2000-08-31,163.513648093212
2000-09-01,140.888487340212
2000-09-02,122.992240036212
2000-09-03,96.9124239492117
2000-09-04,130.439570797212
2000-09-05,132.846502792212
2000-09-06,139.302743908212
2000-09-07,134.347295683212
2000-09-08,178.408309615212
2000-09-09,153.008097856212
2000-09-10,155.584930933212
2000-09-11,144.767895379212
2000-09-12,147.401362150212
2000-09-13,160.342161229212
2000-09-14,172.886524450212
2000-09-15,135.479969563212
2000-09-16,158.246714551212
2000-09-17,161.446518262212
2000-09-18,189.989900038212
2000-09-19,204.318224620212
2000-09-20,230.256456472212
2000-09-21,191.519009776212
2000-09-22,178.493260156212
2000-09-23,172.801573909212
2000-09-24,189.933266344212
2000-09-25,181.976232337212
2000-09-26,152.526711457212
2000-09-27,98.9229200862117
2000-09-28,95.6664826812117
2000-09-29,136.725910831212
2000-09-30,153.970870654212
2000-10-01,152.838196774212
2000-10-02,153.631068490212
2000-10-03,152.583345151212
2000-10-04,158.784734644212
2000-10-05,172.121969581212
2000-10-06,157.652060764212
2000-10-07,155.953049944212
2000-10-08,149.411858287212
2000-10-09,149.525125675212
2000-10-10,144.909479614212
2000-10-11,156.576020578212
2000-10-12,135.961355962212
2000-10-13,143.437003570212
2000-10-14,171.697216876212
2000-10-15,176.199595549212
2000-10-16,176.058011314212
2000-10-17,181.693063867212
2000-10-18,172.376821204212
2000-10-19,160.285527535212
2000-10-20,155.443346698212
2000-10-21,164.589688279212
2000-10-22,136.357791820212
2000-10-23,153.602751643212
2000-10-24,153.489484255212
2000-10-25,144.711261685212
2000-10-26,145.362549166212
2000-10-27,153.772652725212
2000-10-28,132.138581617212
2000-10-29,169.998206056212
2000-10-30,137.688683629212
2000-10-31,157.368892294212
2000-11-01,137.348881465212
2000-11-02,146.551856740212
2000-11-03,151.139185954212
2000-11-04,144.796212226212
2000-11-05,152.328493528212
2000-11-06,156.576020578212
2000-11-07,155.584930933212
2000-11-08,158.586516715212
2000-11-09,158.699784103212
2000-11-10,166.968303427212
2000-11-11,153.177998938212
2000-11-12,164.504737738212
2000-11-13,197.975250892212
2000-11-14,162.211073131212
2000-11-15,155.443346698212
2000-11-16,169.630087045212
2000-11-17,153.206315785212
2000-11-18,148.250867560212
2000-11-19,173.198009767212
2000-11-20,132.365116393212
2000-11-21,160.710280240212
2000-11-22,155.981366791212
2000-11-23,164.872856749212
2000-11-24,161.474835109212
2000-11-25,159.464338972212
2000-11-26,130.524521338212
2000-11-27,169.488502810212
2000-11-28,158.105130316212
2000-11-29,157.821961846212
2000-11-30,166.996620274212
2000-12-01,150.544532167212
2000-12-02,152.356810375212
2000-12-03,166.798402345212
2000-12-04,173.651079319212
2000-12-05,152.356810375212
2000-12-06,156.151267873212
2000-12-07,140.265516706212
2000-12-08,170.677810384212
2000-12-09,147.203144221212
2000-12-10,140.180566165212
2000-12-11,164.136618727212
2000-12-12,144.229875286212
2000-12-13,161.050082404212
2000-12-14,120.415406959212
2000-12-15,105.067675885212
2000-12-16,120.925110205212
2000-12-17,131.119175125212
2000-12-18,131.374026748212
2000-12-19,142.445913925212
2000-12-20,136.867495066212
2000-12-21,148.902155041212
2000-12-22,111.665501236212
2000-12-23,108.040944820212
2000-12-24,100.763515141212
2000-12-25,88.6439046252117
2000-12-26,100.905099376212
2000-12-27,103.906685158212
2000-12-28,120.443723806212
2000-12-29,137.348881465212
2000-12-30,134.517196765212
2000-12-31,135.791454880212
2001-01-01,140.860170493212
2001-01-02,136.386108667212
2001-01-03,131.289076207212
2001-01-04,118.942930915212
2001-01-05,117.498771718212
2001-01-06,116.592632614212
2001-01-07,119.112831997212
2001-01-08,127.324717627212
2001-01-09,123.898379140212
2001-01-10,102.122723797212
2001-01-11,92.5799463582117
2001-01-12,90.0880638222117
2001-01-13,91.4189556312117
2001-01-14,135.111850552212
2001-01-15,110.674411591212
2001-01-16,106.540151929212
2001-01-17,124.266498151212
2001-01-18,111.580550695212
2001-01-19,88.5306372372117
2001-01-20,128.202539884212
2001-01-21,116.960751625212
2001-01-22,116.366097838212
2001-01-23,95.7797500692117
2001-01-24,74.7686495952117
2001-01-25,58.3165614882117
2001-01-26,66.0187438722117
2001-01-27,48.8587345902117
2001-01-28,48.0941797212117
2001-01-29,68.7937948782117
2001-01-30,47.9525954862117
2001-01-31,74.4571642782117
2001-02-01,87.6528149802117
2001-02-02,89.9747964342117
2001-02-03,92.0136094182117
2001-02-04,97.9318304412117
2001-02-05,92.2401441942117
2001-02-06,87.5961812862117
2001-02-07,92.3534115822117
2001-02-08,87.3130128162117
2001-02-09,74.4005305842117
2001-02-10,16.7474300922117
2001-02-11,19.6923821802117
2001-02-12,18.1632724422117
2001-02-13,18.2482229832117
2001-02-14,47.0181395352117
2001-02-15,94.2506403312117
2001-02-16,68.6805274902117
2001-02-17,67.3213188342117
2001-02-18,91.1357871612117
2001-02-19,85.8688536192117
2001-02-20,19.1826789342117
2001-02-21,4.0331657892117
2001-02-22,12.8963389002117
2001-02-23,6.0719787732117
2001-02-24,22.0709973282117
2001-02-25,4.0331657892117
2001-02-26,26.6583265422117
2001-02-27,4.0331657892117
2001-02-28,55.5415104822117
2001-03-01,30.6226851222117
2001-03-02,34.1056573032117
2001-03-03,56.4759664332117
2001-03-04,43.9599200592117
2001-03-05,4.0331657892117
2001-03-06,4.0331657892117
2001-03-07,4.0331657892117
2001-03-08,4.0331657892117
2001-03-09,17.9650545132117
2001-03-10,88.2474687672117
2001-03-11,75.2217191472117
2001-03-12,135.111850552212
2001-03-13,119.792436325212
2001-03-14,141.539774821212
2001-03-15,155.160178228212
2001-03-16,147.571263232212
2001-03-17,122.369269402212
2001-03-18,128.202539884212
2001-03-19,128.655609436212
2001-03-20,116.281147297212
2001-03-21,109.003717618212
2001-03-22,75.5048876172117
2001-03-23,101.443119469212
2001-03-24,107.446291033212
2001-03-25,98.5264842282117
2001-03-26,81.4514254872117
2001-03-27,101.046683611212
2001-03-28,85.1042987502117
2001-03-29,115.318374499212
2001-03-30,115.771444051212
2001-03-31,129.023728447212
2001-04-01,115.941345133212
2001-04-02,132.704918557212
2001-04-03,162.692459530212
2001-04-04,163.485331246212
2001-04-05,165.552461077212
2001-04-06,167.279788744212
2001-04-07,170.394641914212
2001-04-08,161.559785650212
2001-04-09,153.800969572212
2001-04-10,168.044343613212
2001-04-11,158.614833562212
2001-04-12,197.918617198212
2001-04-13,150.034828921212
2001-04-14,169.007116411212
2001-04-15,165.750679006212
2001-04-16,158.586516715212
2001-04-17,169.743354433212
2001-04-18,154.395623359212
2001-04-19,167.647907755212
2001-04-20,170.479592455212
2001-04-21,160.455428617212
2001-04-22,169.460185963212
2001-04-23,114.808671253212
2001-04-24,235.240221544212
2001-04-25,194.860397722212
2001-04-26,192.170297257212
2001-04-27,193.416238525212
2001-04-28,214.880408551212
2001-04-29,202.477629565212
2001-04-30,227.000019067212
2001-05-01,222.809125711212
2001-05-02,229.576852144212
2001-05-03,231.898833598212
2001-05-04,228.982198357212
2001-05-05,214.597240081212
2001-05-06,221.336649667212
2001-05-07,253.221419389212
2001-05-08,231.842199904212
2001-05-09,237.902005162212
2001-05-10,236.939232364212
2001-05-11,253.476271012212
2001-05-12,255.175281832212
2001-05-13,256.336272559212
2001-05-14,273.014895442212
2001-05-15,308.297686804212
2001-05-16,300.284019103212
2001-05-17,287.229952636212
2001-05-18,305.805804268212
2001-05-19,300.199068562212
2001-05-20,307.844617252212
2001-05-21,315.490165942212
2001-05-22,280.660444132212
2001-05-23,285.587575510212
2001-05-24,290.967776440212
2001-05-25,242.291116447212
2001-05-26,292.072133473212
2001-05-27,324.693141217212
2001-05-28,297.197482780212
2001-05-29,294.252530692212
2001-05-30,327.892944928212
2001-05-31,304.021842907212
2001-06-01,267.549743971212
2001-06-02,281.509949542212
2001-06-03,345.392756374212
2001-06-04,287.909556964212
2001-06-05,302.266198393212
2001-06-06,331.206016027212
2001-06-07,361.589992858212
2001-06-08,349.583649730212
2001-06-09,358.135337524212
2001-06-10,372.010592554212
2001-06-11,370.509799663212
2001-06-12,386.197332901212
2001-06-13,387.216739393212
2001-06-14,375.408614194212
2001-06-15,352.500284971212
2001-06-16,370.396532275212
2001-06-17,367.508213881212
2001-06-18,406.896948058212
2001-06-19,367.253362258212
2001-06-20,362.581082503212
2001-06-21,385.149609562212
2001-06-22,406.868631211212
2001-06-23,375.776733205212
2001-06-24,370.056730111212
2001-06-25,367.111778023212
2001-06-26,369.971779570212
2001-06-27,378.070397812212
2001-06-28,345.166221598212
2001-06-29,358.673357617212
2001-06-30,389.935156705212
2001-07-01,382.374558556212
2001-07-02,376.003267981212
2001-07-03,333.244829011212
2001-07-04,351.310977397212
2001-07-05,364.421677558212
2001-07-06,396.306447280212
2001-07-07,390.784662115212
2001-07-08,385.404461185212
2001-07-09,380.618914042212
2001-07-10,378.948220069212
2001-07-11,319.397890828212
2001-07-12,372.746830576212
2001-07-13,399.308033062212
2001-07-14,400.129221625212
2001-07-15,399.959320543212
2001-07-16,385.234560103212
2001-07-17,376.456337533212
2001-07-18,345.930776467212
2001-07-19,376.116535369212
2001-07-20,370.821284980212
2001-07-21,369.745244794212
2001-07-22,371.387621920212
2001-07-23,376.569604921212
2001-07-24,323.277298867212
2001-07-25,431.249436478212
2001-07-26,380.590597195212
2001-07-27,389.397136612212
2001-07-28,396.164863045212
2001-07-29,357.399099502212
2001-07-30,346.723648183212
2001-07-31,342.334536898212
2001-08-01,321.833139670212
2001-08-02,322.257892375212
2001-08-03,328.034529163212
2001-08-04,300.878672890212
2001-08-05,311.044420963212
2001-08-06,291.449162839212
2001-08-07,308.127785722212
2001-08-08,305.720853727212
2001-08-09,259.847561587212
2001-08-10,288.022824352212
2001-08-11,272.561825890212
2001-08-12,285.049555417212
2001-08-13,268.795685239212
2001-08-14,311.072737810212
2001-08-15,298.018671343212
2001-08-16,259.111323565212
2001-08-17,235.353488932212
2001-08-18,236.118043801212
2001-08-19,223.347145804212
2001-08-20,327.439875376212
2001-08-21,207.631295719212
2001-08-22,202.166144248212
2001-08-23,191.688910858212
2001-08-24,195.879804214212
2001-08-25,218.533281814212
2001-08-26,240.195669769212
2001-08-27,214.115853682212
2001-08-28,202.137827401212
2001-08-29,194.209110241212
2001-08-30,204.176640385212
2001-08-31,211.199218441212
2001-09-01,198.258419362212
2001-09-02,200.297232346212
2001-09-03,203.723570833212
2001-09-04,216.890904688212
2001-09-05,208.084365271212
2001-09-06,207.744563107212
2001-09-07,187.101581644212
2001-09-08,190.018216885212
2001-09-09,188.998810393212
2001-09-10,177.785338981212
2001-09-11,158.020179775212
2001-09-12,156.547703731212
2001-09-13,170.960978854212
2001-09-14,170.847711466212
2001-09-15,194.917031416212
2001-09-16,184.213263250212
2001-09-17,192.623366809212
2001-09-18,179.597617189212
2001-09-19,195.171883039212
2001-09-20,206.470304992212
2001-09-21,206.441988145212
2001-09-22,193.076436361212
2001-09-23,190.386335896212
2001-09-24,190.414652743212
2001-09-25,192.764951044212
2001-09-26,180.560389987212
2001-09-27,155.216811922212
2001-09-28,148.080966478212
2001-09-29,152.951464162212
2001-09-30,149.921561533212
2001-10-01,147.712847467212
2001-10-02,133.044720721212
2001-10-03,146.042153494212
2001-10-04,144.229875286212
2001-10-05,120.556991194212
2001-10-06,113.874215302212
2001-10-07,103.283714524212
2001-10-08,100.225495048212
2001-10-09,88.2474687672117
2001-10-10,107.701142656212
2001-10-11,100.508663518212
2001-10-12,91.6454904072117
2001-10-13,82.1593466622117
2001-10-14,85.3591503732117
2001-10-15,91.8153914892117
2001-10-16,81.5080591812117
2001-10-17,96.2611364682117
2001-10-18,100.140544507212
2001-10-19,99.8290591902117
2001-10-20,98.7813358512117
2001-10-21,97.6769788182117
2001-10-22,100.706881447212
2001-10-23,100.706881447212
2001-10-24,108.380746984212
2001-10-25,111.467283307212
2001-10-26,107.531241574212
2001-10-27,86.6617253352117
2001-10-28,100.253811895212
2001-10-29,150.742750096212
2001-10-30,153.234632632212
2001-10-31,148.817204500212
2001-11-01,157.821961846212
2001-11-02,163.683549175212
2001-11-03,156.830872201212
2001-11-04,140.322150400212
2001-11-05,138.538189039212
2001-11-06,141.030071575212
2001-11-07,139.047892285212
2001-11-08,148.505719183212
2001-11-09,157.368892294212
2001-11-10,145.475816554212
2001-11-11,139.331060755212
2001-11-12,140.265516706212
2001-11-13,126.503529064212
2001-11-14,130.779372961212
2001-11-15,126.446895370212
2001-11-16,116.932434778212
2001-11-17,117.045702166212
2001-11-18,114.129066925212
2001-11-19,128.202539884212
2001-11-20,130.269669715212
2001-11-21,115.233423958212
2001-11-22,97.2522261132117
2001-11-23,101.896189021212
2001-11-24,116.535998920212
2001-11-25,93.2029169922117
2001-11-26,105.577379131212
2001-11-27,115.290057652212
2001-11-28,109.938173569212
2001-11-29,100.593614059212
2001-11-30,101.499753163212
2001-12-01,80.7718211592117
2001-12-02,84.3114270342117
2001-12-03,72.0219154362117
2001-12-04,111.099164296212
2001-12-05,86.4068737122117
2001-12-06,101.556386857212
2001-12-07,107.644508962212
2001-12-08,93.2878675332117
2001-12-09,100.905099376212
2001-12-10,99.2910390972117
2001-12-11,98.8662863922117
2001-12-12,106.002131836212
2001-12-13,106.568468776212
2001-12-14,105.237576967212
2001-12-15,93.8825213202117
2001-12-16,101.273218387212
2001-12-17,94.0807392492117
2001-12-18,96.6009386322117
2001-12-19,65.7638922492117
2001-12-20,63.0171580902117
2001-12-21,13.9723790862117
2001-12-22,10.9707933042117
2001-12-23,4.0331657892117
2001-12-24,16.0395089172117
2001-12-25,24.6195135582117
2001-12-26,30.6226851222117
2001-12-27,29.5749617832117
2001-12-28,24.8177314872117
2001-12-29,49.4250715302117
2001-12-30,39.4009076922117
2001-12-31,32.0951611662117
2002-01-01,22.6939679622117
2002-01-02,83.2637036952117
2002-01-03,295.640056195212
2002-01-04,281.424999001212
2002-01-05,192.538416268212
2002-01-06,210.632881501212
2002-01-07,237.703787233212
2002-01-08,219.750906235212
2002-01-09,258.941422483212
2002-01-10,245.717454934212
2002-01-11,204.714660478212
2002-01-12,201.996243166212
2002-01-13,195.228516733212
2002-01-14,189.197028322212
2002-01-15,167.393056132212
2002-01-16,149.978195227212
2002-01-17,140.378784094212
2002-01-18,146.268688270212
2002-01-19,142.785716089212
2002-01-20,130.609471879212
2002-01-21,144.852845920212
2002-01-22,146.466906199212
2002-01-23,126.588479605212
2002-01-24,104.727873721212
2002-01-25,104.529655792212
2002-01-26,102.717377584212
2002-01-27,104.529655792212
2002-01-28,116.564315767212
2002-01-29,104.926091650212
2002-01-30,108.125895361212
2002-01-31,107.955994279212
2002-02-01,98.5831179222117
2002-02-02,105.775597060212
2002-02-03,108.720549148212
2002-02-04,110.844312673212
2002-02-05,106.738369858212
2002-02-06,113.789264761212
2002-02-07,107.927677432212
2002-02-08,103.283714524212
2002-02-09,71.7387469662117
2002-02-10,108.069261667212
2002-02-11,98.3565831462117
2002-02-12,106.851637246212
2002-02-13,104.388071557212
2002-02-14,108.720549148212
2002-02-15,106.228666612212
2002-02-16,102.292624879212
2002-02-17,99.4043064852117
2002-02-18,105.124309579212
2002-02-19,91.5888567132117
2002-02-20,52.8797268642117
2002-02-21,60.5252755542117
2002-02-22,68.2840916322117
2002-02-23,80.5169695362117
2002-02-24,82.8955846842117
2002-02-25,100.621930906212
2002-02-26,88.3041024612117
2002-02-27,156.830872201212
2002-02-28,132.365116393212
2002-03-01,160.002359065212
2002-03-02,170.847711466212
2002-03-03,145.419182860212
2002-03-04,171.867117958212
2002-03-05,170.734444078212
2002-03-06,159.237804196212
2002-03-07,164.249886115212
2002-03-08,164.986124137212
2002-03-09,167.166521356212
2002-03-10,166.401966487212
2002-03-11,154.650474982212
2002-03-12,147.514629538212
2002-03-13,146.523539893212
2002-03-14,149.496808828212
2002-03-15,160.766913934212
2002-03-16,149.185323511212
2002-03-17,91.0791534672117
2002-03-18,137.886901558212
2002-03-19,151.478988118212
2002-03-20,144.173241592212
2002-03-21,127.806104026212
2002-03-22,122.227685167212
2002-03-23,109.258569241212
2002-03-24,101.528070010212
2002-03-25,102.066090103212
2002-03-26,101.896189021212
2002-03-27,98.0734146762117
2002-03-28,81.1682570172117
2002-03-29,87.5112307452117
2002-03-30,86.4068737122117
2002-03-31,94.1940066372117
2002-04-01,105.011042191212
2002-04-02,102.094406950212
2002-04-03,101.697971092212
2002-04-04,100.423712977212
2002-04-05,98.3848999932117
2002-04-06,96.1195522332117
2002-04-07,100.933416223212
2002-04-08,100.791831988212
2002-04-09,98.2149989112117
2002-04-10,101.329852081212
2002-04-11,103.566882994212
2002-04-12,103.283714524212
2002-04-13,104.529655792212
2002-04-14,112.684907728212
2002-04-15,141.907893832212
2002-04-16,134.375612530212
2002-04-17,150.487898473212
2002-04-18,146.268688270212
2002-04-19,166.685134957212
2002-04-20,152.243542987212
2002-04-21,158.161764010212
2002-04-22,180.843558457212
2002-04-23,192.623366809212
2002-04-24,191.830495093212
2002-04-25,222.809125711212
2002-04-26,202.789114882212
2002-04-27,218.023578568212
2002-04-28,235.495073167212
2002-04-29,222.497640394212
2002-04-30,239.601015982212
2002-05-01,187.413066961212
2002-05-02,234.022597123212
2002-05-03,212.416842862212
2002-05-04,212.360209168212
2002-05-05,215.928131890212
2002-05-06,225.754077799212
2002-05-07,177.898606369212
2002-05-08,245.236068535212
2002-05-09,202.279411636212
2002-05-10,199.872479641212
2002-05-11,207.716246260212
2002-05-12,206.526938686212
2002-05-13,264.972910894212
2002-05-14,280.547176744212
2002-05-15,253.504587859212
2002-05-16,275.365193743212
2002-05-17,261.801424030212
2002-05-18,257.383995898212
2002-05-19,233.144774866212
2002-05-20,281.708167471212
2002-05-21,231.587348281212
2002-05-22,254.269142728212
2002-05-23,245.066167453212
2002-05-24,282.642623422212
2002-05-25,242.206165906212
2002-05-26,278.961433312212
2002-05-27,262.367760970212
2002-05-28,259.932512128212
2002-05-29,272.023805797212
2002-05-30,250.049932525212
2002-05-31,265.284396211212
2002-06-01,259.564393117212
2002-06-02,277.092521410212
2002-06-03,268.087764064212
2002-06-04,269.588556955212
2002-06-05,254.212509034212
2002-06-06,255.146964985212
2002-06-07,267.294892348212
2002-06-08,271.372518316212
2002-06-09,256.761025264212
2002-06-10,279.471136558212
2002-06-11,295.385204572212
2002-06-12,275.138658967212
2002-06-13,309.402043837212
2002-06-14,342.900873838212
2002-06-15,324.551556982212
2002-06-16,356.379693010212
2002-06-17,335.396909383212
2002-06-18,344.005230871212
2002-06-19,343.297309696212
2002-06-20,340.975328242212
2002-06-21,348.394342156212
2002-06-22,364.534944946212
2002-06-23,344.118498259212
2002-06-24,367.111778023212
2002-06-25,344.118498259212
2002-06-26,321.295119577212
2002-06-27,291.845598697212
2002-06-28,380.477329807212
2002-06-29,315.037096390212
2002-06-30,328.742450338212
2002-07-01,344.769785740212
2002-07-02,347.714737828212
2002-07-03,355.813356070212
2002-07-04,347.205034582212
2002-07-05,346.582063948212
2002-07-06,337.718890837212
2002-07-07,322.031357599212
2002-07-08,320.247396238212
2002-07-09,336.246414793212
2002-07-10,332.961660541212
2002-07-11,369.207224701212
2002-07-12,378.580101058212
2002-07-13,376.966040779212
2002-07-14,344.968003669212
2002-07-15,374.813960407212
2002-07-16,387.499907863212
2002-07-17,384.413371540212
2002-07-18,379.854359173212
2002-07-19,385.914164431212
2002-07-20,368.159501362212
2002-07-21,385.262876950212
2002-07-22,362.496131962212
2002-07-23,378.665051599212
2002-07-24,378.353566282212
2002-07-25,379.684458091212
2002-07-26,368.074550821212
2002-07-27,358.984842934212
2002-07-28,356.832762562212
2002-07-29,342.957507532212
2002-07-30,337.209187591212
2002-07-31,343.920280330212
2002-08-01,316.084819729212
2002-08-02,314.130957286212
2002-08-03,334.434136585212
2002-08-04,328.091162857212
2002-08-05,325.004626534212
2002-08-06,328.487598715212
2002-08-07,320.813733178212
2002-08-08,308.326003651212
2002-08-09,286.861833625212
2002-08-10,290.854509052212
2002-08-11,285.332723887212
2002-08-12,298.811543059212
2002-08-13,286.805199931212
2002-08-14,292.553519872212
2002-08-15,280.405592509212
2002-08-16,285.672526051212
2002-08-17,257.299045357212
2002-08-18,256.477856794212
2002-08-19,258.658254013212
2002-08-20,247.473099448212
2002-08-21,228.047742406212
2002-08-22,203.412085516212
2002-08-23,153.942553807212
2002-08-24,160.398794923212
2002-08-25,151.932057670212
2002-08-26,157.142357518212
2002-08-27,195.794853673212
2002-08-28,206.668522921212
2002-08-29,186.705145786212
2002-08-30,158.926318879212
2002-08-31,154.027504348212
2002-09-01,138.708090121212
2002-09-02,150.091462615212
2002-09-03,132.478383781212
2002-09-04,132.365116393212
2002-09-05,165.382559995212
2002-09-06,195.568318897212
2002-09-07,164.136618727212
2002-09-08,189.253662016212
2002-09-09,175.803159691212
2002-09-10,189.904949497212
2002-09-11,186.421977316212
2002-09-12,188.913859852212
2002-09-13,186.959997409212
2002-09-14,188.205938677212
2002-09-15,186.252076234212
2002-09-16,194.407328170212
2002-09-17,174.160782565212
2002-09-18,188.970493546212
2002-09-19,174.274049953212
2002-09-20,167.789491990212
2002-09-21,202.194461095212
2002-09-22,207.319810402212
2002-09-23,202.194461095212
2002-09-24,217.627142710212
2002-09-25,211.340802676212
2002-09-26,203.440402363212
2002-09-27,209.500207621212
2002-09-28,193.444555372212
2002-09-29,181.381578550212
2002-09-30,195.908121061212
2002-10-01,129.986501245212
2002-10-02,96.2328196212117
2002-10-03,87.2563791222117
2002-10-04,79.8090483612117
2002-10-05,141.511457974212
2002-10-06,133.950859825212
2002-10-07,142.077794914212
2002-10-08,126.616796452212
2002-10-09,164.816223055212
2002-10-10,129.759966469212
2002-10-11,152.753246233212
2002-10-12,140.350467247212
2002-10-13,122.822338954212
2002-10-14,117.696989647212
2002-10-15,115.431641887212
2002-10-16,129.306896917212
2002-10-17,131.940363688212
2002-10-18,134.941949470212
2002-10-19,124.153230763212
2002-10-20,151.960374517212
2002-10-21,220.458827410212
2002-10-22,221.393283361212
2002-10-23,191.207524459212
2002-10-24,204.403175161212
2002-10-25,202.251094789212
2002-10-26,213.492883048212
2002-10-27,208.792286446212
2002-10-28,182.570886124212
2002-10-29,187.667918584212
2002-10-30,191.915445634212
2002-10-31,177.445536817212
2002-11-01,217.174073158212
2002-11-02,200.552083969212
2002-11-03,201.769708390212
2002-11-04,169.488502810212
2002-11-05,185.006134966212
2002-11-06,127.154816545212
2002-11-07,133.441156579212
2002-11-08,131.855413147212
2002-11-09,151.025918566212
2002-11-10,142.842349783212
2002-11-11,162.182756284212
2002-11-12,156.547703731212
2002-11-13,152.583345151212
2002-11-14,144.343142674212
2002-11-15,145.560767095212
2002-11-16,140.520368329212
2002-11-17,142.559181313212
2002-11-18,164.816223055212
2002-11-19,136.216207585212
2002-11-20,125.823924736212
2002-11-21,134.064127213212
2002-11-22,129.052045294212
2002-11-23,123.416992741212
2002-11-24,127.862737720212
2002-11-25,135.423335869212
2002-11-26,132.789869098212
2002-11-27,135.423335869212
2002-11-28,152.838196774212
2002-11-29,135.310068481212
2002-11-30,148.732253959212
2002-12-01,143.550270958212
2002-12-02,143.210468794212
2002-12-03,141.115022116212
2002-12-04,147.259777915212
2002-12-05,149.921561533212
2002-12-06,143.663538346212
2002-12-07,131.232442513212
2002-12-08,135.253434787212
2002-12-09,144.428093215212
2002-12-10,141.483141127212
2002-12-11,136.669277137212
2002-12-12,125.370855184212
2002-12-13,128.542342048212
2002-12-14,31.7836758492117
2002-12-15,6.1569293142117
2002-12-16,15.3882214362117
2002-12-17,53.1628953342117
2002-12-18,30.1412987232117
2002-12-19,44.2997222232117
2002-12-20,22.0993141752117
2002-12-21,17.9650545132117
2002-12-22,36.5692229922117
2002-12-23,105.067675885212
2002-12-24,85.6423188432117
2002-12-25,89.6916279642117
2002-12-26,151.280770189212
2002-12-27,213.974269447212
2002-12-28,91.8153914892117
2002-12-29,142.785716089212
2002-12-30,111.976986553212
2002-12-31,158.954635726212
2003-01-01,276.016481224212
2003-01-02,307.957884640212
2003-01-03,361.476725470212
2003-01-04,316.509572434212
2003-01-05,309.203825908212
2003-01-06,291.619063921212
2003-01-07,274.005985087212
2003-01-08,226.490315821212
2003-01-09,180.135637282212
2003-01-10,167.704541449212
2003-01-11,117.102335860212
2003-01-12,95.5248984462117
2003-01-13,147.344728456212
2003-01-14,299.802632704212
2003-01-15,330.045025300212
2003-01-16,365.044648192212
2003-01-17,393.701297356212
2003-01-18,417.260914060212
2003-01-19,388.151195344212
2003-01-20,391.775751760212
2003-01-21,416.666260273212
2003-01-22,408.709226266212
2003-01-23,466.645495228212
2003-01-24,508.611062482212
2003-01-25,509.149082575212
2003-01-26,509.913637444212
2003-01-27,486.722139751212
2003-01-28,512.122351510212
2003-01-29,448.154594137212
2003-01-30,356.889396256212
2003-01-31,385.206243256212
2003-02-01,317.245810456212
2003-02-02,244.018444114212
2003-02-03,179.739201424212
2003-02-04,178.748111779212
2003-02-05,173.990881483212
2003-02-06,128.145906190212
2003-02-07,134.573830459212
2003-02-08,142.191062302212
2003-02-09,140.407100941212
2003-02-10,140.577002023212
2003-02-11,311.384223127212
2003-02-12,307.759666711212
2003-02-13,311.355906280212
2003-02-14,290.911142746212
2003-02-15,312.488580160212
2003-02-16,262.962414757212
2003-02-17,200.495450275212
2003-02-18,221.138431738212
2003-02-19,330.498094852212
2003-02-20,317.132543068212
2003-02-21,304.050159754212
2003-02-22,244.273295737212
2003-02-23,217.938628027212
2003-02-24,246.850128814212
2003-02-25,221.761402372212
2003-02-26,208.848920140212
2003-02-27,183.930094780212
2003-02-28,125.965508971212
2003-03-01,145.079380696212
2003-03-02,130.920957196212
2003-03-03,136.527692902212
2003-03-04,122.171051473212
2003-03-05,115.290057652212
2003-03-06,112.968076198212
2003-03-07,113.562729985212
2003-03-08,127.607886097212
2003-03-09,121.944516697212
2003-03-10,72.7298366112117
2003-03-11,80.6019200772117
2003-03-12,84.2831101872117
2003-03-13,84.5662786572117
2003-03-14,101.981139562212
2003-03-15,47.1314069232117
2003-03-16,39.3159571512117
2003-03-17,38.7496202112117
2003-03-18,48.1791302622117
2003-03-19,49.9914084702117
2003-03-20,50.7842801862117
2003-03-21,53.7292322742117
2003-03-22,55.8813126462117
2003-03-23,52.6248752412117
2003-03-24,47.9809123332117
2003-03-25,47.7543775572117
2003-03-26,42.4024934742117
2003-03-27,41.1282353592117
2003-03-28,43.3935831192117
2003-03-29,44.0448706002117
2003-03-30,48.2074471092117
2003-03-31,68.0292400092117
2003-04-01,55.0318072362117
2003-04-02,44.6678412342117
2003-04-03,47.2163574642117
2003-04-04,62.4508211502117
2003-04-05,54.0407175912117
2003-04-06,51.9452709132117
2003-04-07,49.4250715302117
2003-04-08,46.9048721472117
2003-04-09,80.3753853012117
2003-04-10,89.6349942702117
2003-04-11,88.7005383192117
2003-04-12,92.5799463582117
2003-04-13,88.9553899422117
2003-04-14,73.0413219282117
2003-04-15,68.6238937962117
2003-04-16,96.9973744902117
2003-04-17,93.1746001452117
2003-04-18,107.163122563212
2003-04-19,142.077794914212
2003-04-20,122.510853637212
2003-04-21,118.291643434212
2003-04-22,177.870289522212
2003-04-23,238.241807326212
2003-04-24,353.293156687212
2003-04-25,362.694349891212
2003-04-26,345.137904751212
2003-04-27,382.006439545212
2003-04-28,381.241884676212
2003-04-29,746.500894129212
2003-04-30,790.250422744212
2003-05-01,815.140931257212
2003-05-02,816.670040995212
2003-05-03,834.566288299212
2003-05-04,783.624280546212
2003-05-05,678.257292859212
2003-05-06,542.959397893212
2003-05-07,488.024714713212
2003-05-08,387.839710027212
2003-05-09,362.920884667212
2003-05-10,278.055294208212
2003-05-11,224.762988154212
2003-05-12,196.304556919212
2003-05-13,325.486012933212
2003-05-14,341.456714641212
2003-05-15,356.606227786212
2003-05-16,328.799084032212
2003-05-17,361.335141235212
2003-05-18,361.391774929212
2003-05-19,364.478311252212
2003-05-20,364.025241700212
2003-05-21,361.788210787212
2003-05-22,365.072965039212
2003-05-23,349.725233965212
2003-05-24,317.075909374212
2003-05-25,302.889169027212
2003-05-26,336.246414793212
2003-05-27,334.745621902212
2003-05-28,341.938101040212
2003-05-29,332.395323601212
2003-05-30,321.889773364212
2003-05-31,305.012932552212
2003-06-01,303.115703803212
2003-06-02,300.453920185212
2003-06-03,308.552538427212
2003-06-04,304.135110295212
2003-06-05,320.247396238212
2003-06-06,321.606604894212
2003-06-07,329.422054666212
2003-06-08,313.507986652212
2003-06-09,325.231161310212
2003-06-10,341.768199958212
2003-06-11,339.502852198212
2003-06-12,350.772957304212
2003-06-13,353.434740922212
2003-06-14,352.245433348212
2003-06-15,351.622462714212
2003-06-16,345.534340609212
2003-06-17,348.479292697212
2003-06-18,355.303652824212
2003-06-19,327.921261775212
2003-06-20,270.919448764212
2003-06-21,292.581836719212
2003-06-22,312.828382324212
2003-06-23,250.927754782212
2003-06-24,256.987560040212
2003-06-25,308.920657438212
2003-06-26,293.346391588212
2003-06-27,299.349563152212
2003-06-28,313.479669805212
2003-06-29,350.008402435212
2003-06-30,351.424244785212
2003-07-01,298.415107201212
2003-07-02,303.795308131212
2003-07-03,293.516292670212
2003-07-04,323.985220042212
2003-07-05,321.210169036212
2003-07-06,316.311354505212
2003-07-07,314.046006745212
2003-07-08,336.274731640212
2003-07-09,340.833744007212
2003-07-10,359.664447262212
2003-07-11,364.988014498212
2003-07-12,349.527016036212
2003-07-13,348.082856839212
2003-07-14,338.087009848212
2003-07-15,387.868026874212
2003-07-16,386.253966595212
2003-07-17,371.670790390212
2003-07-18,377.249209249212
2003-07-19,374.983861489212
2003-07-20,372.407028412212
2003-07-21,324.494923288212
2003-07-22,394.069416367212
2003-07-23,391.011196891212
2003-07-24,360.145833661212
2003-07-25,376.088218522212
2003-07-26,389.538720847212
2003-07-27,381.638320534212
2003-07-28,385.914164431212
2003-07-29,428.672603401212
2003-07-30,400.950410188212
2003-07-31,395.428625023212
2003-08-01,351.962264878212
2003-08-02,337.548989755212
2003-08-03,338.766614176212
2003-08-04,333.669581716212
2003-08-05,345.307805833212
2003-08-06,333.131561623212
2003-08-07,296.716096381212
2003-08-08,246.935079355212
2003-08-09,228.132692947212
2003-08-10,218.448331273212
2003-08-11,245.122801147212
2003-08-12,230.171505931212
2003-08-13,239.770917064212
2003-08-14,234.362399287212
2003-08-15,221.081798044212
2003-08-16,210.576247807212
2003-08-17,199.476043783212
2003-08-18,191.943762481212
2003-08-19,176.454447172212
2003-08-20,185.402570824212
2003-08-21,155.103544534212
2003-08-22,139.472644990212
2003-08-23,140.803536799212
2003-08-24,131.458977289212
2003-08-25,160.087309606212
2003-08-26,176.114645008212
2003-08-27,184.751283343212
2003-08-28,173.226326614212
2003-08-29,172.716623368212
2003-08-30,184.269896944212
2003-08-31,182.570886124212
2003-09-01,175.973060773212
2003-09-02,172.659989674212
2003-09-03,183.533658922212
2003-09-04,160.795230781212
2003-09-05,147.316411609212
2003-09-06,138.962941744212
2003-09-07,142.615815007212
2003-09-08,125.908875277212
2003-09-09,146.721757822212
2003-09-10,129.023728447212
2003-09-11,150.742750096212
2003-09-12,165.071074678212
2003-09-13,172.291870663212
2003-09-14,180.390488905212
2003-09-15,166.656818110212
2003-09-16,136.272841279212
2003-09-17,147.429678997212
2003-09-18,132.365116393212
2003-09-19,124.861151938212
2003-09-20,128.344124119212
2003-09-21,158.926318879212
2003-09-22,133.016403874212
2003-09-23,129.335213764212
2003-09-24,140.350467247212
2003-09-25,125.654023654212
2003-09-26,134.998583164212
2003-09-27,131.572244677212
2003-09-28,132.931453333212
2003-09-29,128.825510518212
2003-09-30,116.337780991212
2003-10-01,115.346691346212
2003-10-02,123.643527517212
2003-10-03,108.607281760212
2003-10-04,123.247091659212
2003-10-05,116.479365226212
2003-10-06,121.746298768212
2003-10-07,112.430056105212
2003-10-08,108.578964913212
2003-10-09,101.669654245212
2003-10-10,107.361340492212
2003-10-11,114.950255488212
2003-10-12,107.842726891212
2003-10-13,102.207674338212
2003-10-14,102.377575420212
2003-10-15,142.842349783212
2003-10-16,138.339971110212
2003-10-17,140.831853646212
2003-10-18,134.941949470212
2003-10-19,106.710053011212
2003-10-20,110.249658886212
2003-10-21,106.596785623212
2003-10-22,117.696989647212
2003-10-23,122.907289495212
2003-10-24,104.161536781212
2003-10-25,114.808671253212
2003-10-26,125.908875277212
2003-10-27,181.324944856212
2003-10-28,193.472872219212
2003-10-29,194.095842853212
2003-10-30,189.140394628212
2003-10-31,197.352280258212
2003-11-01,160.512062311212
2003-11-02,187.922770207212
2003-11-03,187.837819666212
2003-11-04,158.756417797212
2003-11-05,149.610076216212
2003-11-06,143.861756275212
2003-11-07,129.675015928212
2003-11-08,86.0387547012117
2003-11-09,126.475212217212
2003-11-10,93.2595506862117
2003-11-11,89.9181627402117
2003-11-12,98.7530190042117
2003-11-13,107.106488869212
2003-11-14,101.499753163212
2003-11-15,85.1042987502117
2003-11-16,127.211450239212
2003-11-17,126.390261676212
2003-11-18,123.501943282212
2003-11-19,125.116003561212
2003-11-20,138.368287957212
2003-11-21,136.980762454212
2003-11-22,129.816600163212
2003-11-23,118.857980374212
2003-11-24,122.907289495212
2003-11-25,128.315807272212
2003-11-26,128.230856731212
2003-11-27,136.471059208212
2003-11-28,128.032638802212
2003-11-29,138.708090121212
2003-11-30,132.591651169212
2003-12-01,114.978572335212
2003-12-02,113.279561515212
2003-12-03,123.955012834212
2003-12-04,121.689665074212
2003-12-05,113.421145750212
2003-12-06,79.7524146672117
2003-12-07,68.0858737032117
2003-12-08,103.425298759212
2003-12-09,106.993221481212
2003-12-10,107.304706798212
2003-12-11,97.1955924192117
2003-12-12,118.574811904212
2003-12-13,116.309464144212
2003-12-14,51.6337855962117
2003-12-15,119.905703713212
2003-12-16,227.821207630212
2003-12-17,228.670713040212
2003-12-18,239.261213818212
2003-12-19,229.973288002212
2003-12-20,233.286359101212
2003-12-21,225.697444105212
2003-12-22,294.677283397212
2003-12-23,387.046838311212
2003-12-24,291.788965003212
2003-12-25,392.823475099212
2003-12-26,411.682495201212
2003-12-27,426.010819783212
2003-12-28,401.035360729212
2003-12-29,281.481632695212
2003-12-30,283.067376127212
2003-12-31,268.257665146212
2004-01-01,175.774842844212
2004-01-02,222.129521383212
2004-01-03,345.279488986212
2004-01-04,337.577306602212
2004-01-05,313.592937193212
2004-01-06,346.553747101212
2004-01-07,345.109587904212
2004-01-08,347.063450347212
2004-01-09,283.860247843212
2004-01-10,256.081420936212
2004-01-11,203.383768669212
2004-01-12,209.443573927212
2004-01-13,158.671467256212
2004-01-14,173.424544543212
2004-01-15,155.499980392212
2004-01-16,146.551856740212
2004-01-17,140.492051482212
2004-01-18,141.822943291212
2004-01-19,129.731649622212
2004-01-20,126.361944829212
2004-01-21,113.591046832212
2004-01-22,109.258569241212
2004-01-23,102.349258573212
2004-01-24,99.5742075672117
2004-01-25,92.9480653692117
2004-01-26,88.6722214722117
2004-01-27,98.5831179222117
2004-01-28,122.369269402212
2004-01-29,113.024709892212
2004-01-30,100.735198294212
2004-01-31,116.649266308212
2004-02-01,118.829663527212
2004-02-02,111.976986553212
2004-02-03,96.4593543972117
2004-02-04,100.905099376212
2004-02-05,111.382332766212
2004-02-06,108.210845902212
2004-02-07,115.148473417212
2004-02-08,113.647680526212
2004-02-09,114.072433231212
2004-02-10,124.294814998212
2004-02-11,121.802932462212
2004-02-12,123.445309588212
2004-02-13,114.752037559212
2004-02-14,117.555405412212
2004-02-15,113.307878362212
2004-02-16,51.0957655032117
2004-02-17,60.9783451062117
2004-02-18,819.473408848212
2004-02-19,1250.71067181121
2004-02-20,1245.55700565721
2004-02-21,1257.11027923321
2004-02-22,1233.94709838721
2004-02-23,1259.54552807521
2004-02-24,1305.84357292021
2004-02-25,471.912428770212
2004-02-26,869.990663896212
2004-02-27,1341.63606752821
2004-02-28,1394.05055132521
2004-02-29,1381.76103972721
2004-03-01,1378.10816646421
2004-03-02,1399.77055441921
2004-03-03,1398.80778162121
2004-03-04,1102.89673047121
2004-03-05,882.308492341212
2004-03-06,792.204285187212
2004-03-07,625.361422663212
2004-03-08,566.179212433212
2004-03-09,427.766464297212
2004-03-10,340.635526078212
2004-03-11,306.740260219212
2004-03-12,238.468342102212
2004-03-13,153.687702184212
2004-03-14,146.608490434212
2004-03-15,125.257587796212
2004-03-16,113.619363679212
2004-03-17,105.747280213212
2004-03-18,105.803913907212
2004-03-19,98.9512369332117
2004-03-20,85.1326155972117
2004-03-21,86.6050916412117
2004-03-22,68.1141905502117
2004-03-23,18.1066387482117
2004-03-24,30.8775367452117
2004-03-25,16.8040637862117
2004-03-26,16.8040637862117
2004-03-27,16.8040637862117
2004-03-28,16.8040637862117
2004-03-29,21.1365413772117
2004-03-30,21.8161457052117
2004-03-31,44.6395243872117
2004-04-01,56.9290359852117
2004-04-02,101.896189021212
2004-04-03,99.8573760372117
2004-04-04,111.042530602212
2004-04-05,92.3817284292117
2004-04-06,97.5920282772117
2004-04-07,294.422431774212
2004-04-08,312.686798089212
2004-04-09,329.846807371212
2004-04-10,340.040872291212
2004-04-11,323.503833643212
2004-04-12,282.925791892212
2004-04-13,232.351903150212
2004-04-14,221.902986607212
2004-04-15,225.385958788212
2004-04-16,179.937419353212
2004-04-17,147.486312691212
2004-04-18,126.107093206212
2004-04-19,109.994807263212
2004-04-20,92.3534115822117
2004-04-21,94.8452941182117
2004-04-22,108.663915454212
2004-04-23,98.4981673812117
2004-04-24,124.974419326212
2004-04-25,129.675015928212
2004-04-26,144.059974204212
2004-04-27,154.877009758212
2004-04-28,178.266725380212
2004-04-29,164.164935574212
2004-04-30,163.995034492212
2004-05-01,209.755059244212
2004-05-02,183.108906217212
2004-05-03,187.979403901212
2004-05-04,205.762383817212
2004-05-05,236.571113353212
2004-05-06,286.437080920212
2004-05-07,286.437080920212
2004-05-08,286.437080920212
2004-05-09,286.493714614212
2004-05-10,289.438666702212
2004-05-11,279.244601782212
2004-05-12,265.312713058212
2004-05-13,254.920430209212
2004-05-14,250.701220006212
2004-05-15,259.337858341212
2004-05-16,258.828155095212
2004-05-17,243.452107174212
2004-05-18,241.045175179212
2004-05-19,237.335668222212
2004-05-20,229.095465745212
2004-05-21,231.643981975212
2004-05-22,245.689138087212
2004-05-23,241.271709955212
2004-05-24,226.518632668212
2004-05-25,265.171128823212
2004-05-26,272.901628054212
2004-05-27,313.338085570212
2004-05-28,293.742827446212
2004-05-29,314.215907827212
2004-05-30,308.127785722212
2004-05-31,309.005607979212
2004-06-01,314.895512155212
2004-06-02,306.626992831212
2004-06-03,303.455505967212
2004-06-04,285.021238570212
2004-06-05,356.776128868212
2004-06-06,372.945048505212
2004-06-07,363.147419443212
2004-06-08,362.467815115212
2004-06-09,383.988618835212
2004-06-10,378.296932588212
2004-06-11,358.333555453212
2004-06-12,355.133751742212
2004-06-13,336.303048487212
2004-06-14,347.997906298212
2004-06-15,371.869008319212
2004-06-16,391.804068607212
2004-06-17,375.068812030212
2004-06-18,369.292175242212
2004-06-19,397.750606477212
2004-06-20,377.787229342212
2004-06-21,344.628201505212
2004-06-22,373.341484363212
2004-06-23,370.736334439212
2004-06-24,354.001077862212
2004-06-25,369.405442630212
2004-06-26,381.921489004212
2004-06-27,385.036342174212
2004-06-28,367.083461176212
2004-06-29,363.317320525212
2004-06-30,395.570209258212
2004-07-01,387.414957322212
2004-07-02,387.528224710212
2004-07-03,363.855340618212
2004-07-04,367.621481269212
2004-07-05,366.375540001212
2004-07-06,355.190385436212
2004-07-07,375.805050052212
2004-07-08,364.959697651212
2004-07-09,363.062468902212
2004-07-10,367.904649739212
2004-07-11,366.913560094212
2004-07-12,361.561676011212
2004-07-13,369.207224701212
2004-07-14,368.414352985212
2004-07-15,377.305842943212
2004-07-16,373.737920221212
2004-07-17,355.133751742212
2004-07-18,372.322077871212
2004-07-19,353.463057769212
2004-07-20,382.317924862212
2004-07-21,392.710207711212
2004-07-22,407.010215446212
2004-07-23,408.567642031212
2004-07-24,387.811393180212
2004-07-25,393.531396274212
2004-07-26,407.293383916212
2004-07-27,357.597317431212
2004-07-28,366.488807389212
2004-07-29,340.493941843212
2004-07-30,334.688988208212
2004-07-31,335.170374607212
2004-08-01,326.533736272212
2004-08-02,330.441461158212
2004-08-03,299.887583245212
2004-08-04,328.515915562212
2004-08-05,308.552538427212
2004-08-06,305.012932552212
2004-08-07,303.965209213212
2004-08-08,296.602828993212
2004-08-09,287.060051554212
2004-08-10,284.001832078212
2004-08-11,274.459054639212
2004-08-12,261.320037631212
2004-08-13,251.012705323212
2004-08-14,232.238635762212
2004-08-15,227.849524477212
2004-08-16,270.466379212212
2004-08-17,268.229348299212
2004-08-18,277.120838257212
2004-08-19,253.617855247212
2004-08-20,256.676074723212
2004-08-21,228.868930969212
2004-08-22,204.006739303212
2004-08-23,232.946556937212
2004-08-24,197.012478094212
2004-08-25,210.378029878212
2004-08-26,258.403402390212
2004-08-27,262.141226194212
2004-08-28,238.298441020212
2004-08-29,244.726365289212
2004-08-30,222.894076252212
2004-08-31,197.012478094212
2004-09-01,184.383164332212
2004-09-02,195.426734662212
2004-09-03,226.660216903212
2004-09-04,232.125368374212
2004-09-05,228.302594029212
2004-09-06,223.800215356212
2004-09-07,216.324567748212
2004-09-08,230.001604849212
2004-09-09,215.814864502212
2004-09-10,232.125368374212
2004-09-11,206.441988145212
2004-09-12,228.755663581212
2004-09-13,209.868326632212
2004-09-14,231.615665128212
2004-09-15,208.282583200212
2004-09-16,222.582590935212
2004-09-17,232.408536844212
2004-09-18,226.065563116212
2004-09-19,205.479215347212
2004-09-20,211.680604840212
2004-09-21,187.073264797212
2004-09-22,195.993071602212
2004-09-23,201.967926319212
2004-09-24,182.570886124212
2004-09-25,165.637411618212
2004-09-26,168.157611001212
2004-09-27,137.292247771212
2004-09-28,108.210845902212
2004-09-29,119.282733079212
2004-09-30,123.048873730212
2004-10-01,113.874215302212
2004-10-02,112.146887635212
2004-10-03,99.2627222502117
2004-10-04,99.2910390972117
2004-10-05,104.756190568212
2004-10-06,107.276389951212
2004-10-07,100.706881447212
2004-10-08,103.510249300212
2004-10-09,116.932434778212
2004-10-10,126.843331228212
2004-10-11,114.100750078212
2004-10-12,118.942930915212
2004-10-13,110.249658886212
2004-10-14,126.276994288212
2004-10-15,137.547099394212
2004-10-16,195.624952591212
2004-10-17,133.356206038212
2004-10-18,126.531845911212
2004-10-19,128.457391507212
2004-10-20,122.171051473212
2004-10-21,169.941572362212
2004-10-22,176.850883030212
2004-10-23,151.903740823212
2004-10-24,110.731045285212
2004-10-25,155.726515168212
2004-10-26,141.624725362212
2004-10-27,125.597389960212
2004-10-28,114.072433231212
2004-10-29,119.537584702212
2004-10-30,110.929263214212
2004-10-31,156.915822742212
2004-11-01,156.830872201212
2004-11-02,137.745317323212
2004-11-03,141.851260138212
2004-11-04,133.752641896212
2004-11-05,152.385127222212
2004-11-06,127.862737720212
2004-11-07,131.685512065212
2004-11-08,136.499376055212
2004-11-09,150.176413156212
2004-11-10,127.437985015212
2004-11-11,117.980158117212
2004-11-12,122.794022107212
2004-11-13,90.5128165272117
2004-11-14,115.913028286212
2004-11-15,122.624121025212
2004-11-16,121.406496604212
2004-11-17,108.692232301212
2004-11-18,106.879954093212
2004-11-19,98.3565831462117
2004-11-20,116.875801084212
2004-11-21,104.133219934212
2004-11-22,103.170447136212
2004-11-23,106.285300306212
2004-11-24,106.002131836212
2004-11-25,97.9601472882117
2004-11-26,108.975400771212
2004-11-27,119.537584702212
2004-11-28,113.053026739212
2004-11-29,109.570054558212
2004-11-30,102.802328125212
2004-12-01,106.115399224212
2004-12-02,110.051440957212
2004-12-03,116.167879909212
2004-12-04,94.3072740252117
2004-12-05,104.388071557212
2004-12-06,97.1672755722117
2004-12-07,91.8720251832117
2004-12-08,67.6894378452117
2004-12-09,86.8882601112117
2004-12-10,92.5799463582117
2004-12-11,98.2433157582117
2004-12-12,91.0791534672117
2004-12-13,93.8825213202117
2004-12-14,97.6486619712117
2004-12-15,93.3445012272117
2004-12-16,97.4221271952117
2004-12-17,103.198763983212
2004-12-18,83.0088520722117
2004-12-19,96.4310375502117
2004-12-20,92.3250947352117
2004-12-21,97.0256913372117
2004-12-22,99.9423265782117
2004-12-23,102.320941726212
2004-12-24,117.810257035212
2004-12-25,113.421145750212
2004-12-26,113.817581608212
2004-12-27,72.5882523762117
2004-12-28,12.8113883592117
2004-12-29,45.1209107862117
2004-12-30,32.4349633302117
2004-12-31,42.6290282502117
2005-01-01,52.3133899242117
2005-01-02,56.3626990452117
2005-01-03,93.5427191562117
2005-01-04,97.5920282772117
2005-01-05,76.8924131202117
2005-01-06,92.4949958172117
2005-01-07,116.875801084212
2005-01-08,93.5993528502117
2005-01-09,122.001150391212
2005-01-10,90.5694502212117
2005-01-11,88.3324193082117
2005-01-12,93.0896496042117
2005-01-13,96.4876712442117
2005-01-14,88.2757856142117
2005-01-15,83.9433080232117
2005-01-16,94.4488582602117
2005-01-17,83.2070700012117
2005-01-18,98.2716326052117
2005-01-19,98.9512369332117
2005-01-20,95.9213343042117
2005-01-21,104.529655792212
2005-01-22,91.1357871612117
2005-01-23,100.678564600212
2005-01-24,100.933416223212
2005-01-25,87.1714285812117
2005-01-26,45.9420993492117
2005-01-27,81.5930097222117
2005-01-28,29.5466449362117
2005-01-29,38.8345707522117
2005-01-30,31.5288242262117
2005-01-31,103.680150382212
2005-02-01,63.9799308882117
2005-02-02,56.4759664332117
2005-02-03,67.0381503642117
2005-02-04,66.0470607192117
2005-02-05,58.6280468052117
2005-02-06,72.3334007532117
2005-02-07,109.400153476212
2005-02-08,106.030448683212
2005-02-09,106.058765530212
2005-02-10,112.033620247212
2005-02-11,85.6140019962117
2005-02-12,110.391243121212
2005-02-13,82.5274656732117
2005-02-14,83.6318227062117
2005-02-15,93.5144023092117
2005-02-16,98.2716326052117
2005-02-17,82.6690499082117
2005-02-18,80.8001380062117
2005-02-19,106.511835082212
2005-02-20,59.4775522152117
2005-02-21,92.6365800522117
2005-02-22,71.8236975072117
2005-02-23,63.1870591722117
2005-02-24,97.7902462062117
2005-02-25,87.1714285812117
2005-02-26,91.6454904072117
2005-02-27,95.7231163752117
2005-02-28,58.0617098652117
2005-03-01,57.5520066192117
2005-03-02,56.4193327392117
2005-03-03,53.3894301102117
2005-03-04,54.0407175912117
2005-03-05,56.1927979632117
2005-03-06,93.2878675332117
2005-03-07,64.5462678282117
2005-03-08,64.6312183692117
2005-03-09,82.3009308972117
2005-03-10,82.5274656732117
2005-03-11,82.9805352252117
2005-03-12,111.325699072212
2005-03-13,87.5678644392117
2005-03-14,88.1908350732117
2005-03-15,118.857980374212
2005-03-16,93.4860854622117
2005-03-17,91.3340050902117
2005-03-18,92.6082632052117
2005-03-19,72.7015197642117
2005-03-20,89.2951921062117
2005-03-21,89.5783605762117
2005-03-22,18.1066387482117
2005-03-23,18.3331735242117
2005-03-24,6.1852461612117
2005-03-25,15.1333698132117
2005-03-26,19.9755506502117
2005-03-27,41.0432848182117
2005-03-28,46.7349710652117
2005-03-29,43.1953651902117
2005-03-30,57.2122044552117
2005-03-31,70.0114192992117
2005-04-01,97.4787608892117
2005-04-02,83.7167732472117
2005-04-03,102.972229207212
2005-04-04,68.8504285722117
2005-04-05,91.7304409482117
2005-04-06,90.2862817512117
2005-04-07,81.1682570172117
2005-04-08,87.4829138982117
2005-04-09,91.7304409482117
2005-04-10,94.3639077192117
2005-04-11,93.1462832982117
2005-04-12,88.1342013792117
2005-04-13,97.1955924192117
2005-04-14,77.4587500602117
2005-04-15,90.7110344562117
2005-04-16,92.6082632052117
2005-04-17,91.1924208552117
2005-04-18,116.082929368212
2005-04-19,103.538566147212
2005-04-20,101.046683611212
2005-04-21,107.502924727212
2005-04-22,100.990049917212
2005-04-23,109.966490416212
2005-04-24,133.129671262212
2005-04-25,126.928281769212
2005-04-26,125.427488878212
2005-04-27,126.475212217212
2005-04-28,124.719567703212
2005-04-29,132.563334322212
2005-04-30,122.199368320212
2005-05-01,127.126499698212
2005-05-02,125.965508971212
2005-05-03,141.681359056212
2005-05-04,169.630087045212
2005-05-05,124.974419326212
2005-05-06,146.693440975212
2005-05-07,157.397209141212
2005-05-08,111.750451777212
2005-05-09,94.9585615062117
2005-05-10,234.305765593212
2005-05-11,398.741696122212
2005-05-12,507.025319050212
2005-05-13,547.659994495212
2005-05-14,525.006516895212
2005-05-15,516.936215500212
2005-05-16,307.165012924212
2005-05-17,1088.31355426621
2005-05-18,770.711798314212
2005-05-19,654.357873991212
2005-05-20,535.030680733212
2005-05-21,499.521354595212
2005-05-22,544.431873937212
2005-05-23,575.212286626212
2005-05-24,273.241430218212
2005-05-25,385.829213890212
2005-05-26,397.920507559212
2005-05-27,418.506855328212
2005-05-28,392.398722394212
2005-05-29,392.908425640212
2005-05-30,362.609399350212
2005-05-31,337.180870744212
2005-06-01,339.078099493212
2005-06-02,354.708999037212
2005-06-03,315.150363778212
2005-06-04,312.828382324212
2005-06-05,311.978876914212
2005-06-06,331.121065486212
2005-06-07,331.319283415212
2005-06-08,308.807390050212
2005-06-09,327.553142764212
2005-06-10,329.846807371212
2005-06-11,316.254720811212
2005-06-12,321.776505976212
2005-06-13,349.045629637212
2005-06-14,322.456110304212
2005-06-15,319.341257134212
2005-06-16,306.655309678212
2005-06-17,284.256683701212
2005-06-18,254.807162821212
2005-06-19,280.858662061212
2005-06-20,269.503606414212
2005-06-21,273.694499770212
2005-06-22,327.156706906212
2005-06-23,309.600261766212
2005-06-24,377.730595648212
2005-06-25,367.168411717212
2005-06-26,353.548008310212
2005-06-27,348.592560085212
2005-06-28,362.043062410212
2005-06-29,365.157915580212
2005-06-30,364.761479722212
2005-07-01,362.892567820212
2005-07-02,379.939309714212
2005-07-03,380.449012960212
2005-07-04,401.828232445212
2005-07-05,379.486240162212
2005-07-06,380.987033053212
2005-07-07,380.902082512212
2005-07-08,436.912805878212
2005-07-09,371.047819756212
2005-07-10,404.914768768212
2005-07-11,392.851791946212
2005-07-12,427.256761051212
2005-07-13,412.616951152212
2005-07-14,427.086859969212
2005-07-15,399.336349909212
2005-07-16,430.994584855212
2005-07-17,431.362703866212
2005-07-18,405.962492107212
2005-07-19,404.263481287212
2005-07-20,395.966645116212
2005-07-21,408.765859960212
2005-07-22,398.175359182212
2005-07-23,383.054162884212
2005-07-24,362.128012951212
2005-07-25,328.940668267212
2005-07-26,329.195519890212
2005-07-27,358.078703830212
2005-07-28,351.027808927212
2005-07-29,334.292552350212
2005-07-30,335.170374607212
2005-07-31,346.412162866212
2005-08-01,330.979481251212
2005-08-02,329.818490524212
2005-08-03,349.158897025212
2005-08-04,345.364439527212
2005-08-05,348.620876932212
2005-08-06,317.274127303212
2005-08-07,320.049178309212
2005-08-08,322.427793457212
2005-08-09,309.656895460212
2005-08-10,275.676679060212
2005-08-11,248.152703776212
2005-08-12,243.791909338212
2005-08-13,243.791909338212
2005-08-14,259.196274106212
2005-08-15,249.681813514212
2005-08-16,255.600034537212
2005-08-17,270.211527589212
2005-08-18,250.163199913212
2005-08-19,261.829740877212
2005-08-20,233.144774866212
2005-08-21,226.773484291212
2005-08-22,241.243393108212
2005-08-23,237.279034528212
2005-08-24,226.943385373212
2005-08-25,236.995866058212
2005-08-26,221.506550749212
2005-08-27,229.775070073212
2005-08-28,236.542796506212
2005-08-29,214.880408551212
2005-08-30,236.004776413212
2005-08-31,238.411708408212
2005-09-01,213.577833589212
2005-09-02,228.104376100212
2005-09-03,227.651306548212
2005-09-04,212.869912414212
2005-09-05,202.590896953212
2005-09-06,200.835252439212
2005-09-07,199.447726936212
2005-09-08,202.704164341212
2005-09-09,201.628124155212
2005-09-10,207.348127249212
2005-09-11,193.501189066212
2005-09-12,202.534263259212
2005-09-13,202.137827401212
2005-09-14,203.355451822212
2005-09-15,212.218624933212
2005-09-16,189.281978863212
2005-09-17,182.485935583212
2005-09-18,187.894453360212
2005-09-19,183.363757840212
2005-09-20,181.976232337212
2005-09-21,190.726138060212
2005-09-22,209.556841315212
2005-09-23,229.350317368212
2005-09-24,240.054085534212
2005-09-25,239.487748594212
2005-09-26,231.360813505212
2005-09-27,213.436249354212
2005-09-28,219.212886142212
2005-09-29,218.844767131212
2005-09-30,226.490315821212
2005-10-01,215.021992786212
2005-10-02,191.065940224212
2005-10-03,200.240598652212
2005-10-04,200.127331264212
2005-10-05,203.865155068212
2005-10-06,198.230102515212
2005-10-07,197.239012870212
2005-10-08,200.410499734212
2005-10-09,217.655459557212
2005-10-10,222.610907782212
2005-10-11,230.086555390212
2005-10-12,218.958034519212
2005-10-13,196.021388449212
2005-10-14,201.288321991212
2005-10-15,194.265743935212
2005-10-16,199.844162794212
2005-10-17,198.909706843212
2005-10-18,161.984538355212
2005-10-19,178.634844391212
2005-10-20,169.743354433212
2005-10-21,167.846125684212
2005-10-22,161.191666639212
2005-10-23,165.127708372212
2005-10-24,155.641564627212
2005-10-25,142.021161220212
2005-10-26,162.805726918212
2005-10-27,150.997601719212
2005-10-28,152.583345151212
2005-10-29,156.066317332212
2005-10-30,149.043739276212
2005-10-31,135.649870645212
2005-11-01,141.483141127212
2005-11-02,137.688683629212
2005-11-03,143.833439428212
2005-11-04,146.155420882212
2005-11-05,136.697593984212
2005-11-06,145.589083942212
2005-11-07,139.047892285212
2005-11-08,120.868476511212
2005-11-09,79.3559788092117
2005-11-10,118.971247762212
2005-11-11,121.916199850212
2005-11-12,120.358773265212
2005-11-13,118.319960281212
2005-11-14,129.165312682212
2005-11-15,124.776201397212
2005-11-16,118.716396139212
2005-11-17,123.388675894212
2005-11-18,121.066694440212
2005-11-19,125.625706807212
2005-11-20,125.908875277212
2005-11-21,121.887883003212
2005-11-22,112.628274034212
2005-11-23,119.622535243212
2005-11-24,116.847484237212
2005-11-25,115.573226122212
2005-11-26,122.397586249212
2005-11-27,119.934020560212
2005-11-28,120.415406959212
2005-11-29,123.020556883212
2005-11-30,110.051440957212
2005-12-01,104.133219934212
2005-12-02,93.3445012272117
2005-12-03,102.547476502212
2005-12-04,103.906685158212
2005-12-05,96.4310375502117
2005-12-06,88.3890530022117
2005-12-07,97.7619293592117
2005-12-08,115.261740805212
2005-12-09,104.869457956212
2005-12-10,114.950255488212
2005-12-11,115.601542969212
2005-12-12,128.259173578212
2005-12-13,126.786697534212
2005-12-14,132.535017475212
2005-12-15,123.756794905212
2005-12-16,121.717981921212
2005-12-17,127.664519791212
2005-12-18,114.638770171212
2005-12-19,90.2862817512117
2005-12-20,79.4975630442117
2005-12-21,87.6811318272117
2005-12-22,87.5112307452117
2005-12-23,66.5850808122117
2005-12-24,64.6878520632117
2005-12-25,60.7234934832117
2005-12-26,182.089499725212
2005-12-27,285.785793439212
2005-12-28,160.936815016212
2005-12-29,974.508146173212
2005-12-30,372.718513729212
2005-12-31,323.815318960212
2006-01-01,903.687711826212
2006-01-02,863.506105933212
2006-01-03,1150.32744919621
2006-01-04,1275.54454663021
2006-01-05,1309.38317879521
2006-01-06,1311.53525916721
2006-01-07,1306.46654355421
2006-01-08,1387.99074606721
2006-01-09,1353.78399489121
2006-01-10,1382.01589135021
2006-01-11,1346.44993151821
2006-01-12,1372.30321282921
2006-01-13,1191.38687734621
2006-01-14,949.504370272212
2006-01-15,805.909639135212
2006-01-16,682.957889461212
2006-01-17,578.610308266212
2006-01-18,458.178757975212
2006-01-19,411.965663671212
2006-01-20,306.315507514212
2006-01-21,293.629560058212
2006-01-22,226.122196810212
2006-01-23,207.744563107212
2006-01-24,177.558804205212
2006-01-25,170.876028313212
2006-01-26,169.601770198212
2006-01-27,197.323963411212
2006-01-28,222.299422465212
2006-01-29,210.916049971212
2006-01-30,291.052726981212
2006-01-31,331.290966568212
2006-02-01,277.035887716212
2006-02-02,329.875124218212
2006-02-03,647.844999181212
2006-02-04,811.742909617212
2006-02-05,809.590829245212
2006-02-06,821.144102821212
2006-02-07,687.516901828212
2006-02-08,600.046161445212
2006-02-09,406.868631211212
2006-02-10,391.634167525212
2006-02-11,300.850356043212
2006-02-12,251.324190640212
2006-02-13,216.862587841212
2006-02-14,168.355828930212
2006-02-15,105.605695978212
2006-02-16,95.7231163752117
2006-02-17,86.2936063242117
2006-02-18,77.5720174482117
2006-02-19,70.4644888512117
2006-02-20,64.8577531452117
2006-02-21,64.6312183692117
2006-02-22,66.9815166702117
2006-02-23,61.2331967292117
2006-02-24,65.6223080142117
2006-02-25,61.9128010572117
2006-02-26,65.0559710742117
2006-02-27,156.179584720212
2006-02-28,274.204203016212
2006-03-01,290.146587877212
2006-03-02,281.000246296212
2006-03-03,502.891059388212
2006-03-04,589.144175350212
2006-03-05,581.045557108212
2006-03-06,662.399858539212
2006-03-07,889.104535621212
2006-03-08,867.583731901212
2006-03-09,804.295578856212
2006-03-10,789.174382558212
2006-03-11,811.346473759212
2006-03-12,794.837751958212
2006-03-13,811.403107453212
2006-03-14,669.903822994212
2006-03-15,577.081198528212
2006-03-16,606.332501479212
2006-03-17,584.924965147212
2006-03-18,613.071911065212
2006-03-19,594.411108892212
2006-03-20,649.232524684212
2006-03-21,659.398272757212
2006-03-22,647.675098099212
2006-03-23,671.772734896212
2006-03-24,579.544764217212
2006-03-25,530.018598814212
2006-03-26,584.132093431212
2006-03-27,543.412467445212
2006-03-28,582.772884775212
2006-03-29,589.993680760212
2006-03-30,589.993680760212
2006-03-31,586.114272721212
2006-04-01,550.265144419212
2006-04-02,545.083161418212
2006-04-03,584.217043972212
2006-04-04,961.029327001212
2006-04-05,1051.19016784921
2006-04-06,1054.78640741821
2006-04-07,1068.63334560121
2006-04-08,1048.69828531321
2006-04-09,1039.58026057921
2006-04-10,1059.17551870321
2006-04-11,881.713838554212
2006-04-12,488.789269582212
2006-04-13,1074.49493293021
2006-04-14,1032.86916784021
2006-04-15,1008.09192671521
2006-04-16,821.738756608212
2006-04-17,720.704246512212
2006-04-18,783.879132169212
2006-04-19,726.792368617212
2006-04-20,767.936747308212
2006-04-21,575.693673025212
2006-04-22,608.427948157212
2006-04-23,504.958189219212
2006-04-24,520.079385517212
2006-04-25,514.331065576212
2006-04-26,571.587730210212
2006-04-27,583.933875502212
2006-04-28,411.824079436212
2006-04-29,306.060655891212
2006-04-30,248.605773328212
2006-05-01,231.360813505212
2006-05-02,154.084138042212
2006-05-03,96.7142060202117
2006-05-04,57.1838876082117
2006-05-05,68.3973590202117
2006-05-06,68.9920128072117
2006-05-07,233.965963429212
2006-05-08,265.142811976212
2006-05-09,302.294515240212
2006-05-10,302.634317404212
2006-05-11,278.678264842212
2006-05-12,261.433305019212
2006-05-13,241.583195272212
2006-05-14,225.867345187212
2006-05-15,229.350317368212
2006-05-16,258.091917073212
2006-05-17,254.608944892212
2006-05-18,267.209941807212
2006-05-19,329.450371513212
2006-05-20,308.750756356212
2006-05-21,314.046006745212
2006-05-22,304.220060836212
2006-05-23,324.834725452212
2006-05-24,208.735652752212
2006-05-25,274.034301934212
2006-05-26,273.524598688212
2006-05-27,270.324794977212
2006-05-28,276.950937175212
2006-05-29,276.441233929212
2006-05-30,279.442819711212
2006-05-31,300.199068562212
2006-06-01,293.431342129212
2006-06-02,296.489561605212
2006-06-03,293.742827446212
2006-06-04,276.667768705212
2006-06-05,289.410349855212
2006-06-06,278.989750159212
2006-06-07,282.161237023212
2006-06-08,304.956298858212
2006-06-09,287.654705341212
2006-06-10,295.611739348212
2006-06-11,293.799461140212
2006-06-12,277.149155104212
2006-06-13,279.527770252212
2006-06-14,285.870743980212
2006-06-15,315.178680625212
2006-06-16,265.199445670212
2006-06-17,309.260459602212
2006-06-18,303.766991284212
2006-06-19,323.843635807212
2006-06-20,329.903441065212
2006-06-21,347.516519899212
2006-06-22,349.328798107212
2006-06-23,362.864250973212
2006-06-24,323.928586348212
2006-06-25,384.526638928212
2006-06-26,364.818113416212
2006-06-27,333.329779552212
2006-06-28,319.511158216212
2006-06-29,324.098487430212
2006-06-30,311.610757903212
2006-07-01,328.232747092212
2006-07-02,321.493337506212
2006-07-03,326.562053119212
2006-07-04,322.314526069212
2006-07-05,322.597694539212
2006-07-06,316.028186035212
2006-07-07,327.864628081212
2006-07-08,334.122651268212
2006-07-09,328.855717726212
2006-07-10,322.682645080212
2006-07-11,333.471363787212
2006-07-12,315.433532248212
2006-07-13,324.098487430212
2006-07-14,353.349790381212
2006-07-15,356.832762562212
2006-07-16,346.497113407212
2006-07-17,352.811770288212
2006-07-18,385.036342174212
2006-07-19,365.214549274212
2006-07-20,371.415938767212
2006-07-21,373.114949587212
2006-07-22,371.189403991212
2006-07-23,356.549594092212
2006-07-24,367.876332892212
2006-07-25,345.732558538212
2006-07-26,378.523467364212
2006-07-27,355.331969671212
2006-07-28,358.616723923212
2006-07-29,353.887810474212
2006-07-30,370.821284980212
2006-07-31,347.601470440212
2006-08-01,355.926623458212
2006-08-02,347.686420981212
2006-08-03,341.060278783212
2006-08-04,322.116308140212
2006-08-05,335.057107219212
2006-08-06,356.606227786212
2006-08-07,325.089577075212
2006-08-08,340.862060854212
2006-08-09,349.385431801212
2006-08-10,330.441461158212
2006-08-11,332.253739366212
2006-08-12,330.101658994212
2006-08-13,317.500662079212
2006-08-14,303.540456508212
2006-08-15,302.351148934212
2006-08-16,299.009760988212
2006-08-17,291.137677522212
2006-08-18,312.630164395212
2006-08-19,302.917485874212
2006-08-20,302.436099475212
2006-08-21,306.570359137212
2006-08-22,305.522635798212
2006-08-23,291.052726981212
2006-08-24,275.223609508212
2006-08-25,252.541815061212
2006-08-26,242.829136540212
2006-08-27,242.970720775212
2006-08-28,250.163199913212
2006-08-29,223.885165897212
2006-08-30,231.728932516212
2006-08-31,243.140621857212
2006-09-01,248.067753235212
2006-09-02,224.338235449212
2006-09-03,261.235087090212
2006-09-04,229.973288002212
2006-09-05,250.531318924212
2006-09-06,225.527543023212
2006-09-07,198.031884586212
2006-09-08,199.844162794212
2006-09-09,212.530110250212
2006-09-10,205.932284899212
2006-09-11,210.321396184212
2006-09-12,200.665351357212
2006-09-13,202.930699117212
2006-09-14,169.941572362212
2006-09-15,192.311881492212
2006-09-16,198.258419362212
2006-09-17,182.287717654212
2006-09-18,176.114645008212
2006-09-19,186.252076234212
2006-09-20,163.457014399212
2006-09-21,170.734444078212
2006-09-22,160.965131863212
2006-09-23,160.851864475212
2006-09-24,154.820376064212
2006-09-25,156.717604813212
2006-09-26,154.848692911212
2006-09-27,145.022747002212
2006-09-28,138.764723815212
2006-09-29,124.294814998212
2006-09-30,129.363530611212
2006-10-01,137.405515159212
2006-10-02,190.329702202212
2006-10-03,187.667918584212
2006-10-04,169.941572362212
2006-10-05,189.310295710212
2006-10-06,173.566128778212
2006-10-07,172.914841297212
2006-10-08,185.997224611212
2006-10-09,163.910083951212
2006-10-10,163.513648093212
2006-10-11,165.467510536212
2006-10-12,148.788887653212
2006-10-13,158.699784103212
2006-10-14,154.112454889212
2006-10-15,160.427111770212
2006-10-16,151.592255506212
2006-10-17,147.344728456212
2006-10-18,151.309087036212
2006-10-19,131.175808819212
2006-10-20,128.429074660212
2006-10-21,129.278580070212
2006-10-22,144.031657357212
2006-10-23,134.460563071212
2006-10-24,146.863342057212
2006-10-25,135.989672809212
2006-10-26,142.247695996212
2006-10-27,143.068884559212
2006-10-28,146.721757822212
2006-10-29,95.6381658342117
2006-10-30,98.4132168402117
2006-10-31,153.716019031212
2006-11-01,153.121365244212
2006-11-02,149.043739276212
2006-11-03,146.495223046212
2006-11-04,157.114040671212
2006-11-05,146.665124128212
2006-11-06,152.724929386212
2006-11-07,142.077794914212
2006-11-08,142.389280231212
2006-11-09,149.978195227212
2006-11-10,150.431264779212
2006-11-11,151.762156588212
2006-11-12,176.794249336212
2006-11-13,135.083533705212
2006-11-14,122.114417779212
2006-11-15,112.486689799212
2006-11-16,150.204730003212
2006-11-17,142.729082395212
2006-11-18,145.305915472212
2006-11-19,150.799383790212
2006-11-20,140.180566165212
2006-11-21,145.985519800212
2006-11-22,143.238785641212
2006-11-23,152.215226140212
2006-11-24,147.684530620212
2006-11-25,151.082552260212
2006-11-26,145.249281778212
2006-11-27,143.890073122212
2006-11-28,150.006512074212
2006-11-29,158.133447163212
2006-11-30,152.724929386212
2006-12-01,147.882748549212
2006-12-02,144.626311144212
2006-12-03,161.559785650212
2006-12-04,141.086705269212
2006-12-05,146.127104035212
2006-12-06,146.778391516212
2006-12-07,148.505719183212
2006-12-08,145.164331237212
2006-12-09,152.101958752212
2006-12-10,151.733839741212
2006-12-11,146.353638811212
2006-12-12,141.936210679212
2006-12-13,126.730063840212
2006-12-14,112.713224575212
2006-12-15,104.444705251212
2006-12-16,105.718963366212
2006-12-17,123.077190577212
2006-12-18,138.283337416212
2006-12-19,123.671844364212
2006-12-20,140.322150400212
2006-12-21,122.680754719212
2006-12-22,122.086100932212
2006-12-23,117.045702166212
2006-12-24,126.701746993212
2006-12-25,128.344124119212
2006-12-26,126.560162758212
2006-12-27,113.392828903212
2006-12-28,122.312635708212
2006-12-29,100.961733070212
2006-12-30,107.417974186212
2006-12-31,125.852241583212
2007-01-01,136.669277137212
2007-01-02,138.906308050212
2007-01-03,130.156402327212
2007-01-04,158.982952573212
2007-01-05,142.162745455212
2007-01-06,133.979176672212
2007-01-07,130.779372961212
2007-01-08,116.847484237212
2007-01-09,125.031053020212
2007-01-10,114.893621794212
2007-01-11,118.688079292212
2007-01-12,129.675015928212
2007-01-13,128.910461059212
2007-01-14,119.480951008212
2007-01-15,120.925110205212
2007-01-16,116.904117931212
2007-01-17,124.294814998212
2007-01-18,125.540756266212
2007-01-19,135.763138033212
2007-01-20,130.156402327212
2007-01-21,126.022142665212
2007-01-22,118.914614068212
2007-01-23,136.952445607212
2007-01-24,139.727496613212
2007-01-25,136.499376055212
2007-01-26,135.649870645212
2007-01-27,131.798779453212
2007-01-28,131.798779453212
2007-01-29,132.535017475212
2007-01-30,129.052045294212
2007-01-31,128.938777906212
2007-02-01,137.150663536212
2007-02-02,144.682944838212
2007-02-03,143.946706816212
2007-02-04,134.743731541212
2007-02-05,142.615815007212
2007-02-06,150.233046850212
2007-02-07,140.945121034212
2007-02-08,138.481555345212
2007-02-09,112.316788717212
2007-02-10,122.935606342212
2007-02-11,64.5745846752117
2007-02-12,104.246487322212
2007-02-13,130.411253950212
2007-02-14,123.558576976212
2007-02-15,112.996393045212
2007-02-16,117.300553789212
2007-02-17,127.692836638212
2007-02-18,114.780354406212
2007-02-19,125.059369867212
2007-02-20,140.605318870212
2007-02-21,133.016403874212
2007-02-22,75.7597392402117
2007-02-23,79.0728103392117
2007-02-24,123.983329681212
2007-02-25,107.361340492212
2007-02-26,81.3381580992117
2007-02-27,131.912046841212
2007-02-28,129.788283316212
2007-03-01,118.065108658212
2007-03-02,117.640355953212
2007-03-03,115.573226122212
2007-03-04,101.414802622212
2007-03-05,122.709071566212
2007-03-06,118.886297221212
2007-03-07,125.540756266212
2007-03-08,114.214017466212
2007-03-09,118.659762445212
2007-03-10,108.777182842212
2007-03-11,122.709071566212
2007-03-12,112.656590881212
2007-03-13,113.222927821212
2007-03-14,122.539170484212
2007-03-15,115.006889182212
2007-03-16,119.424317314212
2007-03-17,119.197782538212
2007-03-18,106.625102470212
2007-03-19,114.865304947212
2007-03-20,113.053026739212
2007-03-21,125.597389960212
2007-03-22,117.668672800212
2007-03-23,113.817581608212
2007-03-24,127.806104026212
2007-03-25,158.982952573212
2007-03-26,145.390866013212
2007-03-27,164.561371432212
2007-03-28,163.202162776212
2007-03-29,145.730668177212
2007-03-30,164.249886115212
2007-03-31,176.454447172212
2007-04-01,194.180793394212
2007-04-02,191.972079328212
2007-04-03,193.756040689212
2007-04-04,197.635448728212
2007-04-05,212.048723851212
2007-04-06,215.021992786212
2007-04-07,209.726742397212
2007-04-08,208.452484282212
2007-04-09,223.658631121212
2007-04-10,214.483972693212
2007-04-11,225.470909329212
2007-04-12,230.766159718212
2007-04-13,229.661802685212
2007-04-14,226.971702220212
2007-04-15,218.873083978212
2007-04-16,224.140017520212
2007-04-17,223.885165897212
2007-04-18,235.042003615212
2007-04-19,229.237049980212
2007-04-20,212.133674392212
2007-04-21,212.218624933212
2007-04-22,204.006739303212
2007-04-23,207.687929413212
2007-04-24,203.610303445212
2007-04-25,207.999414730212
2007-04-26,215.503379185212
2007-04-27,214.229121070212
2007-04-28,220.657045339212
2007-04-29,188.234255524212
2007-04-30,223.092294181212
2007-05-01,218.420014426212
2007-05-02,235.410122626212
2007-05-03,299.689365316212
2007-05-04,263.868553861212
2007-05-05,252.060428662212
2007-05-06,265.057861435212
2007-05-07,253.051518307212
2007-05-08,254.608944892212
2007-05-09,258.516669778212
2007-05-10,255.260232373212
2007-05-11,267.436476583212
2007-05-12,270.692913988212
2007-05-13,281.764801165212
2007-05-14,309.656895460212
2007-05-15,329.422054666212
2007-05-16,290.939459593212
2007-05-17,279.499453405212
2007-05-18,259.904195281212
2007-05-19,261.801424030212
2007-05-20,261.801424030212
2007-05-21,256.392906253212
2007-05-22,258.063600226212
2007-05-23,260.045779516212
2007-05-24,255.968153548212
2007-05-25,274.657272568212
2007-05-26,265.510930987212
2007-05-27,281.368365307212
2007-05-28,284.313317395212
2007-05-29,236.004776413212
2007-05-30,297.197482780212
2007-05-31,293.912728528212
2007-06-01,287.399853718212
2007-06-02,285.219456499212
2007-06-03,294.960451867212
2007-06-04,299.292929458212
2007-06-05,300.199068562212
2007-06-06,297.537284944212
2007-06-07,290.769558511212
2007-06-08,292.610153566212
2007-06-09,293.034906271212
2007-06-10,296.432927911212
2007-06-11,294.564016009212
2007-06-12,298.500057742212
2007-06-13,278.649947995212
2007-06-14,292.836688342212
2007-06-15,315.093730084212
2007-06-16,345.562657456212
2007-06-17,337.662257143212
2007-06-18,337.803841378212
2007-06-19,339.191366881212
2007-06-20,330.809580169212
2007-06-21,332.395323601212
2007-06-22,342.108002122212
2007-06-23,338.511762553212
2007-06-24,343.070774920212
2007-06-25,330.696312781212
2007-06-26,353.378107228212
2007-06-27,323.871952654212
2007-06-28,360.485635825212
2007-06-29,375.748416358212
2007-06-30,377.617328260212
2007-07-01,373.398118057212
2007-07-02,378.155348353212
2007-07-03,379.118121151212
2007-07-04,396.532982056212
2007-07-05,379.542873856212
2007-07-06,369.603660559212
2007-07-07,387.641492098212
2007-07-08,370.877918674212
2007-07-09,374.644059325212
2007-07-10,385.800897043212
2007-07-11,373.029999046212
2007-07-12,366.177322072212
2007-07-13,386.084065513212
2007-07-14,365.384450356212
2007-07-15,373.652969680212
2007-07-16,393.644663662212
2007-07-17,374.190989773212
2007-07-18,373.454751751212
2007-07-19,371.444255614212
2007-07-20,369.858512182212
2007-07-21,372.973365352212
2007-07-22,363.317320525212
2007-07-23,371.982275707212
2007-07-24,364.874747110212
2007-07-25,375.153762571212
2007-07-26,370.311581734212
2007-07-27,360.683853754212
2007-07-28,324.721458064212
2007-07-29,328.912351420212
2007-07-30,322.314526069212
2007-07-31,325.429379239212
2007-08-01,324.863042299212
2007-08-02,342.957507532212
2007-08-03,346.100677549212
2007-08-04,337.322454979212
2007-08-05,330.951164404212
2007-08-06,349.498699189212
2007-08-07,343.297309696212
2007-08-08,331.092748639212
2007-08-09,331.630768732212
2007-08-10,335.623444159212
2007-08-11,323.447199949212
2007-08-12,333.244829011212
2007-08-13,294.535699162212
2007-08-14,344.798102587212
2007-08-15,268.455883075212
2007-08-16,270.919448764212
2007-08-17,274.544005180212
2007-08-18,252.230329744212
2007-08-19,250.644586312212
2007-08-20,258.856471942212
2007-08-21,247.359832060212
2007-08-22,242.319433294212
2007-08-23,244.924583218212
2007-08-24,237.675470386212
2007-08-25,225.244374553212
2007-08-26,238.241807326212
2007-08-27,227.254870690212
2007-08-28,228.132692947212
2007-08-29,262.282810429212
2007-08-30,250.616269465212
2007-08-31,242.885770234212
2007-09-01,250.701220006212
2007-09-02,253.051518307212
2007-09-03,254.863796515212
2007-09-04,247.133297284212
2007-09-05,247.133297284212
2007-09-06,252.173696050212
2007-09-07,235.042003615212
2007-09-08,235.155271003212
2007-09-09,223.177244722212
2007-09-10,227.311504384212
2007-09-11,220.826946421212
2007-09-12,213.521199895212
2007-09-13,219.694272541212
2007-09-14,199.447726936212
2007-09-15,203.808521374212
2007-09-16,199.929113335212
2007-09-17,159.945725371212
2007-09-18,192.680000503212
2007-09-19,210.066544561212
2007-09-20,204.374858314212
2007-09-21,202.137827401212
2007-09-22,191.179207612212
2007-09-23,196.899210706212
2007-09-24,199.759212253212
2007-09-25,189.366929404212
2007-09-26,196.247923225212
2007-09-27,187.611284890212
2007-09-28,193.699406995212
2007-09-29,195.256833580212
2007-09-30,188.404156606212
2007-10-01,190.669504366212
2007-10-02,186.563561551212
2007-10-03,185.940590917212
2007-10-04,173.651079319212
2007-10-05,178.719794932212
2007-10-06,179.710884577212
2007-10-07,186.931680562212
2007-10-08,176.596031407212
2007-10-09,176.227912396212
2007-10-10,117.017385319212
2007-10-11,117.017385319212
2007-10-12,145.277598625212
2007-10-13,159.492655819212
2007-10-14,159.889091677212
2007-10-15,163.457014399212
2007-10-16,160.370478076212
2007-10-17,131.968680535212
2007-10-18,135.338385328212
2007-10-19,141.086705269212
2007-10-20,142.332646537212
2007-10-21,131.147491972212
2007-10-22,142.898983477212
2007-10-23,130.836006655212
2007-10-24,127.721153485212
2007-10-25,125.682340501212
2007-10-26,147.627896926212
2007-10-27,134.715414694212
2007-10-28,132.563334322212
2007-10-29,144.088291051212
2007-10-30,136.612643443212
2007-10-31,129.873233857212
2007-11-01,130.920957196212
2007-11-02,136.725910831212
2007-11-03,134.035810366212
2007-11-04,135.281751634212
2007-11-05,136.301158126212
2007-11-06,137.801951017212
2007-11-07,136.980762454212
2007-11-08,131.458977289212
2007-11-09,136.952445607212
2007-11-10,134.998583164212
2007-11-11,136.584326596212
2007-11-12,141.199972657212
2007-11-13,134.403929377212
2007-11-14,137.575416241212
2007-11-15,137.745317323212
2007-11-16,136.697593984212
2007-11-17,138.509872192212
2007-11-18,141.341556892212
2007-11-19,139.047892285212
2007-11-20,143.295419335212
2007-11-21,161.446518262212
2007-11-22,131.855413147212
2007-11-23,137.547099394212
2007-11-24,138.396604804212
2007-11-25,143.012250865212
2007-11-26,136.046306503212
2007-11-27,141.256606351212
2007-11-28,127.919371414212
2007-11-29,136.102940197212
2007-11-30,137.178980383212
2007-12-01,153.829286419212
2007-12-02,152.753246233212
2007-12-03,145.787301871212
2007-12-04,142.247695996212
2007-12-05,143.635221499212
2007-12-06,142.729082395212
2007-12-07,153.347900020212
2007-12-08,136.159573891212
2007-12-09,130.751056114212
2007-12-10,140.492051482212
2007-12-11,135.310068481212
2007-12-12,127.353034474212
2007-12-13,118.942930915212
2007-12-14,124.209864457212
2007-12-15,123.926695987212
2007-12-16,131.515610983212
2007-12-17,125.625706807212
2007-12-18,81.6213265692117
2007-12-19,116.705900002212
2007-12-20,112.599957187212
2007-12-21,121.378179757212
2007-12-22,105.350844355212
2007-12-23,125.229270949212
2007-12-24,126.050459512212
2007-12-25,126.616796452212
2007-12-26,119.820753172212
2007-12-27,129.759966469212
2007-12-28,121.491447145212
2007-12-29,125.059369867212
2007-12-30,123.813428599212
2007-12-31,121.972833544212
2008-01-01,124.776201397212
2008-01-02,116.960751625212
2008-01-03,96.7425228672117
2008-01-04,96.7425228672117
2008-01-05,49.7931905412117
2008-01-06,61.6579494342117
2008-01-07,100.650247753212
2008-01-08,96.0912353862117
2008-01-09,113.307878362212
2008-01-10,92.6932137462117
2008-01-11,104.359754710212
2008-01-12,96.9124239492117
2008-01-13,94.8452941182117
2008-01-14,101.358168928212
2008-01-15,93.8542044732117
2008-01-16,102.774011278212
2008-01-17,105.152626426212
2008-01-18,104.897774803212
2008-01-19,95.9779679982117
2008-01-20,83.9433080232117
2008-01-21,88.5872709312117
2008-01-22,99.0078706272117
2008-01-23,98.5548010752117
2008-01-24,114.327284854212
2008-01-25,94.4205414132117
2008-01-26,64.7444857572117
2008-01-27,60.8367608712117
2008-01-28,64.0082477352117
2008-01-29,64.1498319702117
2008-01-30,59.5058690622117
2008-01-31,58.7129973462117
2008-02-01,53.3327964162117
2008-02-02,60.2137902372117
2008-02-03,55.4282430942117
2008-02-04,61.6862662812117
2008-02-05,79.1294440332117
2008-02-06,78.1666712352117
2008-02-07,82.3009308972117
2008-02-08,86.5484579472117
2008-02-09,86.5767747942117
2008-02-10,79.5541967382117
2008-02-11,103.425298759212
2008-02-12,75.1367686062117
2008-02-13,100.593614059212
2008-02-14,78.1666712352117
2008-02-15,70.1813203812117
2008-02-16,89.7482616582117
2008-02-17,91.6171735602117
2008-02-18,86.9165769582117
2008-02-19,89.2951921062117
2008-02-20,87.0015274992117
2008-02-21,102.066090103212
2008-02-22,65.9054764842117
2008-02-23,68.2557747852117
2008-02-24,35.2383311832117
2008-02-25,39.7973435502117
2008-02-26,47.1880406172117
2008-02-27,69.3601318182117
2008-02-28,29.5749617832117
2008-02-29,39.9389277852117
2008-03-01,84.7644965862117
2008-03-02,71.0308257912117
2008-03-03,80.1771673722117
2008-03-04,85.5007346082117
2008-03-05,86.7183590292117
2008-03-06,76.0145908632117
2008-03-07,69.3034981242117
2008-03-08,78.9595429512117
2008-03-09,85.3308335262117
2008-03-10,71.6821132722117
2008-03-11,82.3009308972117
2008-03-12,98.0734146762117
2008-03-13,91.8153914892117
2008-03-14,94.5621256482117
2008-03-15,86.0104378542117
2008-03-16,71.6537964252117
2008-03-17,83.9149911762117
2008-03-18,80.0922168312117
2008-03-19,87.4545970512117
2008-03-20,89.0686573302117
2008-03-21,94.5054919542117
2008-03-22,89.4934100352117
2008-03-23,91.8153914892117
2008-03-24,92.4949958172117
2008-03-25,97.4504440422117
2008-03-26,97.7052956652117
2008-03-27,84.3397438812117
2008-03-28,91.9286588772117
2008-03-29,84.0565754112117
2008-03-30,95.9213343042117
2008-03-31,113.024709892212
2008-04-01,113.562729985212
2008-04-02,135.848088574212
2008-04-03,116.904117931212
2008-04-04,111.552233848212
2008-04-05,144.597994297212
2008-04-06,153.489484255212
2008-04-07,153.546117949212
2008-04-08,175.859793385212
2008-04-09,183.788510545212
2008-04-10,193.557822760212
2008-04-11,207.263176708212
2008-04-12,192.283564645212
2008-04-13,192.000396175212
2008-04-14,199.164558466212
2008-04-15,201.429906226212
2008-04-16,203.553669751212
2008-04-17,199.107924772212
2008-04-18,201.996243166212
2008-04-19,206.215453369212
2008-04-20,208.140998965212
2008-04-21,197.833666657212
2008-04-22,191.094257071212
2008-04-23,203.185550740212
2008-04-24,193.784357536212
2008-04-25,195.823170520212
2008-04-26,195.030298804212
2008-04-27,196.531091695212
2008-04-28,207.064958779212
2008-04-29,215.984765584212
2008-04-30,212.161991239212
2008-05-01,204.799611019212
2008-05-02,215.191893868212
2008-05-03,228.500811958212
2008-05-04,226.150513657212
2008-05-05,221.364966514212
2008-05-06,243.253889245212
2008-05-07,223.063977334212
2008-05-08,232.521804232212
2008-05-09,233.824379194212
2008-05-10,232.323586303212
2008-05-11,235.891509025212
2008-05-12,232.776655855212
2008-05-13,228.783980428212
2008-05-14,260.272314292212
2008-05-15,295.781640430212
2008-05-16,238.666560031212
2008-05-17,241.866363742212
2008-05-18,269.475289567212
2008-05-19,273.411331300212
2008-05-20,280.292325121212
2008-05-21,274.260836710212
2008-05-22,248.520822787212
2008-05-23,282.161237023212
2008-05-24,276.243016000212
2008-05-25,274.175886169212
2008-05-26,268.739051545212
2008-05-27,280.745394673212
2008-05-28,268.937269474212
2008-05-29,279.669354487212
2008-05-30,282.501039187212
2008-05-31,268.908952627212
2008-06-01,282.161237023212
2008-06-02,288.617478139212
2008-06-03,253.504587859212
2008-06-04,273.609549229212
2008-06-05,263.557068544212
2008-06-06,261.603206101212
2008-06-07,252.966567766212
2008-06-08,258.148550767212
2008-06-09,258.913105636212
2008-06-10,271.287567775212
2008-06-11,286.720249390212
2008-06-12,289.580250937212
2008-06-13,268.965586321212
2008-06-14,292.978272577212
2008-06-15,276.016481224212
2008-06-16,285.417674428212
2008-06-17,310.902836728212
2008-06-18,326.647003660212
2008-06-19,332.197105672212
2008-06-20,331.262649721212
2008-06-21,325.514329780212
2008-06-22,361.589992858212
2008-06-23,336.104830558212
2008-06-24,342.221269510212
2008-06-25,324.325022206212
2008-06-26,330.045025300212
2008-06-27,321.153535342212
2008-06-28,332.140471978212
2008-06-29,326.901855283212
2008-06-30,297.877087108212
2008-07-01,348.309391615212
2008-07-02,338.483445706212
2008-07-03,314.414125756212
2008-07-04,333.697898563212
2008-07-05,336.954335968212
2008-07-06,329.110569349212
2008-07-07,331.828986661212
2008-07-08,330.894530710212
2008-07-09,332.820076306212
2008-07-10,333.216512164212
2008-07-11,332.989977388212
2008-07-12,328.204430245212
2008-07-13,341.456714641212
2008-07-14,337.067603356212
2008-07-15,335.283641995212
2008-07-16,315.688383871212
2008-07-17,315.065413237212
2008-07-18,318.859870735212
2008-07-19,302.945802721212
2008-07-20,313.989373051212
2008-07-21,328.346014480212
2008-07-22,288.334309669212
2008-07-23,283.237277209212
2008-07-24,294.564016009212
2008-07-25,293.289757894212
2008-07-26,283.435495138212
2008-07-27,275.251926355212
2008-07-28,279.414502864212
2008-07-29,278.564997454212
2008-07-30,274.119252475212
2008-07-31,263.642019085212
2008-08-01,270.579646600212
2008-08-02,265.482614140212
2008-08-03,259.705977352212
2008-08-04,235.438439473212
2008-08-05,256.251322018212
2008-08-06,257.837065450212
2008-08-07,242.461017529212
2008-08-08,249.936665137212
2008-08-09,258.544986625212
2008-08-10,233.399626489212
2008-08-11,245.066167453212
2008-08-12,238.128539938212
2008-08-13,245.292702229212
2008-08-14,250.078249372212
2008-08-15,238.440025255212
2008-08-16,237.986955703212
2008-08-17,226.830117985212
2008-08-18,228.161009794212
2008-08-19,243.338839786212
2008-08-20,243.140621857212
2008-08-21,231.389130352212
2008-08-22,220.345560022212
2008-08-23,214.342388458212
2008-08-24,203.440402363212
2008-08-25,210.066544561212
2008-08-26,219.467737765212
2008-08-27,220.373876869212
2008-08-28,218.391697579212
2008-08-29,205.903968052212
2008-08-30,211.793872228212
2008-08-31,194.662179793212
2008-09-01,177.473853664212
2008-09-02,191.264158153212
2008-09-03,193.161386902212
2008-09-04,183.845144239212
2008-09-05,193.925941771212
2008-09-06,181.070093233212
2008-09-07,170.338008220212
2008-09-08,167.166521356212
2008-09-09,165.524144230212
2008-09-10,156.519386884212
2008-09-11,156.689287966212
2008-09-12,162.324340519212
2008-09-13,161.474835109212
2008-09-14,157.991862928212
2008-09-15,158.048496622212
2008-09-16,153.999187501212
2008-09-17,156.151267873212
2008-09-18,147.939382243212
2008-09-19,142.276012843212
2008-09-20,154.593841288212
2008-09-21,139.585912378212
2008-09-22,154.707108676212
2008-09-23,136.867495066212
2008-09-24,135.451652716212
2008-09-25,133.412839732212
2008-09-26,128.429074660212
2008-09-27,140.916804187212
2008-09-28,134.630464153212
2008-09-29,135.904722268212
2008-09-30,136.697593984212
2008-10-01,140.916804187212
2008-10-02,136.867495066212
2008-10-03,133.441156579212
2008-10-04,133.299572344212
2008-10-05,132.450066934212
2008-10-06,127.862737720212
2008-10-07,132.733235404212
2008-10-08,133.696008202212
2008-10-09,118.971247762212
2008-10-10,125.738974195212
2008-10-11,118.489861363212
2008-10-12,121.519763992212
2008-10-13,128.230856731212
2008-10-14,118.942930915212
2008-10-15,118.744712986212
2008-10-16,142.219379149212
2008-10-17,163.513648093212
2008-10-18,154.707108676212
2008-10-19,153.800969572212
2008-10-20,158.756417797212
2008-10-21,145.787301871212
2008-10-22,143.890073122212
2008-10-23,146.891658904212
2008-10-24,153.347900020212
2008-10-25,152.073641905212
2008-10-26,165.439193689212
2008-10-27,158.813051491212
2008-10-28,153.744335878212
2008-10-29,156.689287966212
2008-10-30,170.847711466212
2008-10-31,155.046910840212
2008-11-01,148.137600172212
2008-11-02,100.367079283212
2008-11-03,133.922542978212
2008-11-04,133.073037568212
2008-11-05,99.0928211682117
2008-11-06,108.295796443212
2008-11-07,120.698575429212
2008-11-08,113.619363679212
2008-11-09,111.948669706212
2008-11-10,98.5264842282117
2008-11-11,109.655005099212
2008-11-12,111.722134930212
2008-11-13,99.9989602722117
2008-11-14,89.8615290462117
2008-11-15,77.4870669072117
2008-11-16,74.4571642782117
2008-11-17,77.0339973552117
2008-11-18,68.8221117252117
2008-11-19,84.5945955042117
2008-11-20,73.0413219282117
2008-11-21,74.1173621142117
2008-11-22,70.9458752502117
2008-11-23,89.3801426472117
2008-11-24,88.9270730952117
2008-11-25,97.4221271952117
2008-11-26,91.9569757242117
2008-11-27,99.2627222502117
2008-11-28,110.334609427212
2008-11-29,102.745694431212
2008-11-30,97.4787608892117
2008-12-01,98.3565831462117
2008-12-02,97.1955924192117
2008-12-03,111.892036012212
2008-12-04,96.1478690802117
2008-12-05,96.1478690802117
2008-12-06,107.049855175212
2008-12-07,96.0912353862117
2008-12-08,63.3852771012117
2008-12-09,102.519159655212
2008-12-10,103.028862901212
2008-12-11,93.6276696972117
2008-12-12,93.9957887082117
2008-12-13,96.8841071022117
2008-12-14,97.1955924192117
2008-12-15,95.2700468232117
2008-12-16,106.172032918212
2008-12-17,104.699556874212
2008-12-18,118.914614068212
2008-12-19,99.7157918022117
2008-12-20,88.9837067892117
2008-12-21,99.7441086492117
2008-12-22,102.009456409212
2008-12-23,96.3460870092117
2008-12-24,98.9229200862117
2008-12-25,91.4189556312117
2008-12-26,102.377575420212
2008-12-27,100.820148835212
2008-12-28,100.848465682212
2008-12-29,87.0864780402117
2008-12-30,108.692232301212
2008-12-31,103.680150382212
2009-01-01,96.7991565612117
2009-01-02,89.8048953522117
2009-01-03,88.6155877782117
2009-01-04,86.5767747942117
2009-01-05,89.1536078712117
2009-01-06,86.8882601112117
2009-01-07,94.7603435772117
2009-01-08,88.5306372372117
2009-01-09,78.0250870002117
2009-01-10,73.4377577862117
2009-01-11,88.3890530022117
2009-01-12,87.7094486742117
2009-01-13,88.8138057072117
2009-01-14,74.7969664422117
2009-01-15,90.9375692322117
2009-01-16,89.8615290462117
2009-01-17,92.2967778882117
2009-01-18,90.9375692322117
2009-01-19,93.4577686152117
2009-01-20,92.6932137462117
2009-01-21,94.9868783532117
2009-01-22,101.329852081212
2009-01-23,92.6648968992117
2009-01-24,95.6381658342117
2009-01-25,98.7247021572117
2009-01-26,100.140544507212
2009-01-27,83.0371689192117
2009-01-28,86.3502400182117
2009-01-29,83.9999417172117
2009-01-30,90.4561828332117
2009-01-31,90.6827176092117
2009-02-01,94.8169772712117
2009-02-02,94.1940066372117
2009-02-03,89.7482616582117
2009-02-04,91.1074703142117
2009-02-05,91.6171735602117
2009-02-06,80.9983559352117
2009-02-07,72.1918165182117
2009-02-08,77.2605321312117
2009-02-09,96.8841071022117
2009-02-10,100.140544507212
2009-02-11,88.8421225542117
2009-02-12,91.3056882432117
2009-02-13,56.8157685972117
2009-02-14,75.7031055462117
2009-02-15,37.4753620962117
2009-02-16,57.6652740072117
2009-02-17,56.9007191382117
2009-02-18,60.8650777182117
2009-02-19,74.6270653602117
2009-02-20,44.0731874472117
2009-02-21,63.6967624182117
2009-02-22,55.1733914712117
2009-02-23,29.7448628652117
2009-02-24,21.5896109292117
2009-02-25,24.8177314872117
2009-02-26,17.7385197372117
2009-02-27,17.7951534312117
2009-02-28,21.2214919182117
2009-03-01,29.9713976412117
2009-03-02,20.0038674972117
2009-03-03,28.3856542092117
2009-03-04,26.5450591542117
2009-03-05,18.7296093822117
2009-03-06,36.9090251562117
2009-03-07,18.1349555952117
2009-03-08,16.6058458572117
2009-03-09,20.0321843442117
2009-03-10,51.0391318092117
2009-03-11,55.5131936352117
2009-03-12,87.0298443462117
2009-03-13,86.9732106522117
2009-03-14,85.8405367722117
2009-03-15,87.0581611932117
2009-03-16,79.9789494432117
2009-03-17,88.6155877782117
2009-03-18,77.6852848362117
2009-03-19,72.1068659772117
2009-03-20,63.4135939482117
2009-03-21,67.3496356812117
2009-03-22,63.6401287242117
2009-03-23,70.4078551572117
2009-03-24,91.0225197732117
2009-03-25,71.3989448022117
2009-03-26,92.7781642872117
2009-03-27,94.5054919542117
2009-03-28,84.1415259522117
2009-03-29,82.9805352252117
2009-03-30,89.9747964342117
2009-03-31,91.6454904072117
2009-04-01,128.060955649212
2009-04-02,137.150663536212
2009-04-03,143.861756275212
2009-04-04,122.794022107212
2009-04-05,122.765705260212
2009-04-06,117.300553789212
2009-04-07,118.659762445212
2009-04-08,138.453238498212
2009-04-09,157.368892294212
2009-04-10,102.179357491212
2009-04-11,116.847484237212
2009-04-12,129.221946376212
2009-04-13,167.506323520212
2009-04-14,147.599580079212
2009-04-15,137.830267864212
2009-04-16,154.084138042212
2009-04-17,174.302366800212
2009-04-18,175.208505904212
2009-04-19,176.567714560212
2009-04-20,173.113059226212
2009-04-21,177.303952582212
2009-04-22,127.296400780212
2009-04-23,148.052649631212
2009-04-24,197.380597105212
2009-04-25,197.522181340212
2009-04-26,294.847184479212
2009-04-27,214.540606387212
2009-04-28,215.786547655212
2009-04-29,216.409518289212
2009-04-30,220.487144257212
2009-05-01,252.683399296212
2009-05-02,211.850505922212
2009-05-03,176.058011314212
2009-05-04,180.900192151212
2009-05-05,171.357414712212
2009-05-06,156.179584720212
2009-05-07,170.366325067212
2009-05-08,200.070697570212
2009-05-09,194.662179793212
2009-05-10,178.946329708212
2009-05-11,200.863569286212
2009-05-12,204.516442549212
2009-05-13,188.942176699212
2009-05-14,202.307728483212
2009-05-15,209.217039151212
2009-05-16,239.940818146212
2009-05-17,242.177849059212
2009-05-18,240.478838239212
2009-05-19,243.338839786212
2009-05-20,249.313694503212
2009-05-21,242.942403928212
2009-05-22,242.545968070212
2009-05-23,245.943989710212
2009-05-24,243.282206092212
2009-05-25,245.915672863212
2009-05-26,240.365570851212
2009-05-27,250.361417842212
2009-05-28,247.926169000212
2009-05-29,241.413294190212
2009-05-30,243.735275644212
2009-05-31,234.362399287212
2009-06-01,243.423790327212
2009-06-02,264.123405484212
2009-06-03,234.192498205212
2009-06-04,289.410349855212
2009-06-05,282.557672881212
2009-06-06,268.342615687212
2009-06-07,271.910538409212
2009-06-08,277.913709973212
2009-06-09,256.053104089212
2009-06-10,279.612720793212
2009-06-11,282.501039187212
2009-06-12,280.830345214212
2009-06-13,272.760043819212
2009-06-14,296.829363769212
2009-06-15,287.966190658212
2009-06-16,254.467360657212
2009-06-17,254.495677504212
2009-06-18,276.186382306212
2009-06-19,267.153308113212
2009-06-20,285.587575510212
2009-06-21,272.929944901212
2009-06-22,278.564997454212
2009-06-23,290.231538418212
2009-06-24,289.212131926212
2009-06-25,298.075305037212
2009-06-26,314.046006745212
2009-06-27,337.520672908212
2009-06-28,312.771748630212
2009-06-29,312.063827455212
2009-06-30,311.016104116212
2009-07-01,326.590369966212
2009-07-02,324.664824370212
2009-07-03,302.662634251212
2009-07-04,303.228971191212
2009-07-05,308.241053110212
2009-07-06,292.411935637212
2009-07-07,335.396909383212
2009-07-08,314.555709991212
2009-07-09,313.564620346212
2009-07-10,308.609172121212
2009-07-11,311.186005198212
2009-07-12,322.626011386212
2009-07-13,321.946407058212
2009-07-14,344.514934117212
2009-07-15,298.613325130212
2009-07-16,305.041249399212
2009-07-17,312.035510608212
2009-07-18,338.058693001212
2009-07-19,322.427793457212
2009-07-20,309.118875367212
2009-07-21,311.327589433212
2009-07-22,298.754909365212
2009-07-23,296.857680616212
2009-07-24,308.127785722212
2009-07-25,304.559863000212
2009-07-26,327.694726999212
2009-07-27,297.424017556212
2009-07-28,304.588179847212
2009-07-29,311.497490515212
2009-07-30,305.947388503212
2009-07-31,292.157084014212
2009-08-01,298.981444141212
2009-08-02,297.027581698212
2009-08-03,297.763819720212
2009-08-04,327.439875376212
2009-08-05,295.130352949212
2009-08-06,293.431342129212
2009-08-07,268.342615687212
2009-08-08,287.116685248212
2009-08-09,287.088368401212
2009-08-10,272.278657420212
2009-08-11,262.197859888212
2009-08-12,317.925414784212
2009-08-13,321.295119577212
2009-08-14,250.163199913212
2009-08-15,248.973892339212
2009-08-16,257.299045357212
2009-08-17,255.288549220212
2009-08-18,249.851714596212
2009-08-19,252.202012897212
2009-08-20,256.024787242212
2009-08-21,240.705373015212
2009-08-22,239.969134993212
2009-08-23,245.066167453212
2009-08-24,245.519237005212
2009-08-25,238.496658949212
2009-08-26,243.225572398212
2009-08-27,215.503379185212
2009-08-28,252.541815061212
2009-08-29,221.931303454212
2009-08-30,196.927527553212
2009-08-31,183.590292616212
2009-09-01,222.072887689212
2009-09-02,188.885543005212
2009-09-03,211.170901594212
2009-09-04,155.415029851212
2009-09-05,177.672071593212
2009-09-06,169.601770198212
2009-09-07,173.481178237212
2009-09-08,185.600788753212
2009-09-09,179.739201424212
2009-09-10,180.786924763212
2009-09-11,182.400985042212
2009-09-12,184.213263250212
2009-09-13,167.591274061212
2009-09-14,149.921561533212
2009-09-15,149.723343604212
2009-09-16,150.233046850212
2009-09-17,149.072056123212
2009-09-18,143.012250865212
2009-09-19,142.247695996212
2009-09-20,144.399776368212
2009-09-21,138.934624897212
2009-09-22,134.035810366212
2009-09-23,129.618382234212
2009-09-24,131.090858278212
2009-09-25,125.767291042212
2009-09-26,122.340952555212
2009-09-27,120.585308041212
2009-09-28,130.524521338212
2009-09-29,116.281147297212
2009-09-30,119.792436325212
2009-10-01,156.462753190212
2009-10-02,155.811465709212
2009-10-03,161.588102497212
2009-10-04,164.901173596212
2009-10-05,166.770085498212
2009-10-06,167.223155050212
2009-10-07,162.465924754212
2009-10-08,150.629482708212
2009-10-09,165.325926301212
2009-10-10,156.689287966212
2009-10-11,173.792663554212
2009-10-12,161.644736191212
2009-10-13,173.509495084212
2009-10-14,148.505719183212
2009-10-15,135.168484246212
2009-10-16,150.063145768212
2009-10-17,171.555632641212
2009-10-18,132.591651169212
2009-10-19,167.931076225212
2009-10-20,146.750074669212
2009-10-21,142.247695996212
2009-10-22,142.927300324212
2009-10-23,147.373045303212
2009-10-24,150.431264779212
2009-10-25,142.021161220212
2009-10-26,153.602751643212
2009-10-27,152.923147315212
2009-10-28,161.446518262212
2009-10-29,156.462753190212
2009-10-30,144.682944838212
2009-10-31,142.049478067212
2009-11-01,135.706504339212
2009-11-02,148.364134948212
2009-11-03,151.054235413212
2009-11-04,151.705522894212
2009-11-05,139.670862919212
2009-11-06,146.240371423212
2009-11-07,145.504133401212
2009-11-08,140.718586258212
2009-11-09,136.074623350212
2009-11-10,138.141753181212
2009-11-11,144.088291051212
2009-11-12,133.157988109212
2009-11-13,132.195215311212
2009-11-14,137.717000476212
2009-11-15,113.307878362212
2009-11-16,127.126499698212
2009-11-17,124.747884550212
2009-11-18,127.551252403212
2009-11-19,107.134805716212
2009-11-20,102.207674338212
2009-11-21,103.255397677212
2009-11-22,96.1478690802117
2009-11-23,89.6916279642117
2009-11-24,94.8452941182117
2009-11-25,115.063522876212
2009-11-26,108.465697525212
2009-11-27,99.9706434252117
2009-11-28,94.3639077192117
2009-11-29,85.7555862312117
2009-11-30,91.7587577952117
2009-12-01,95.0151952002117
2009-12-02,92.2967778882117
2009-12-03,95.1001457412117
2009-12-04,89.8332121992117
2009-12-05,94.4771751072117
2009-12-06,82.0743961212117
2009-12-07,95.4965815992117
2009-12-08,94.2223234842117
2009-12-09,98.0734146762117
2009-12-10,92.0702431122117
2009-12-11,77.2038984372117
2009-12-12,76.6658783442117
2009-12-13,91.5322230192117
2009-12-14,94.7603435772117
2009-12-15,98.4698505342117
2009-12-16,87.3130128162117
2009-12-17,70.5777562392117
2009-12-18,77.6569679892117
2009-12-19,73.7492431032117
2009-12-20,92.7781642872117
2009-12-21,90.3429154452117
2009-12-22,92.3817284292117
2009-12-23,94.5338088012117
2009-12-24,98.0734146762117
2009-12-25,85.5290514552117
2009-12-26,85.9821210072117
2009-12-27,87.9076666032117
2009-12-28,91.0508366202117
2009-12-29,90.3145985982117
2009-12-30,91.3056882432117
2009-12-31,85.4157840672117
2010-01-01,77.4304332132117
2010-01-02,79.5825135852117
2010-01-03,75.0518180652117
2010-01-04,87.1431117342117
2010-01-05,88.3890530022117
2010-01-06,90.0031132812117
2010-01-07,86.8599432642117
2010-01-08,86.5767747942117
2010-01-09,77.7702353772117
2010-01-10,90.3995491392117
2010-01-11,84.1698427992117
2010-01-12,92.2401441942117
2010-01-13,66.1036944132117
2010-01-14,59.1660668982117
2010-01-15,77.2038984372117
2010-01-16,66.3868628832117
2010-01-17,50.1896263992117
2010-01-18,36.4559556042117
2010-01-19,31.9818937782117
2010-01-20,17.1155491032117
2010-01-21,30.6226851222117
2010-01-22,40.4203141842117
2010-01-23,46.9048721472117
2010-01-24,38.1266495772117
2010-01-25,30.7925862042117
2010-01-26,25.7238705912117
2010-01-27,9.8098025772117
2010-01-28,28.1874362802117
2010-01-29,40.6468489602117
2010-01-30,16.8606974802117
2010-01-31,58.4015120292117
2010-02-01,22.9205027382117
2010-02-02,19.2959463222117
2010-02-03,16.8890143272117
2010-02-04,29.0652585372117
2010-02-05,22.2975321042117
2010-02-06,9.4416835662117
2010-02-07,20.9100066012117
2010-02-08,23.7416913012117
2010-02-09,10.0929710472117
2010-02-10,9.7814857302117
2010-02-11,10.6593079872117
2010-02-12,25.4690189682117
2010-02-13,16.8323806332117
2010-02-14,22.8355521972117
2010-02-15,26.8565444712117
2010-02-16,40.8450668892117
2010-02-17,17.7668365842117
2010-02-18,33.1145676582117
2010-02-19,31.3306062972117
2010-02-20,25.3840684272117
2010-02-21,28.7820900672117
2010-02-22,86.5484579472117
2010-02-23,87.3696465102117
2010-02-24,64.6878520632117
2010-02-25,66.7266650472117
2010-02-26,35.9462523582117
2010-02-27,30.9341704392117
2010-02-28,20.8250560602117
2010-03-01,29.6882291712117
2010-03-02,13.2927747582117
2010-03-03,34.7852616312117
2010-03-04,43.5068505072117
2010-03-05,10.0363373532117
2010-03-06,48.6321998142117
2010-03-07,39.8256603972117
2010-03-08,44.9510097042117
2010-03-09,64.6029015222117
2010-03-10,60.6668597892117
2010-03-11,74.4288474312117
2010-03-12,68.9920128072117
2010-03-13,52.9929942522117
2010-03-14,89.0120236362117
2010-03-15,94.4205414132117
2010-03-16,77.2322152842117
2010-03-17,65.6506248612117
2010-03-18,82.0743961212117
2010-03-19,69.9264687582117
2010-03-20,79.4975630442117
2010-03-21,90.7393513032117
2010-03-22,98.6963853102117
2010-03-23,96.1195522332117
2010-03-24,87.3979633572117
2010-03-25,90.5411333742117
2010-03-26,82.2442972032117
2010-03-27,81.7062771102117
2010-03-28,74.1739958082117
2010-03-29,78.7896418692117
2010-03-30,88.7571720132117
2010-03-31,90.5977670682117
2010-04-01,80.6868706182117
2010-04-02,79.4975630442117
2010-04-03,71.4272616492117
2010-04-04,93.9674718612117
2010-04-05,93.1746001452117
2010-04-06,100.253811895212
2010-04-07,75.0801349122117
2010-04-08,71.1724100262117
2010-04-09,80.8284548532117
2010-04-10,84.2831101872117
2010-04-11,87.7094486742117
2010-04-12,83.0088520722117
2010-04-13,75.6181550052117
2010-04-14,23.0337701262117
2010-04-15,22.8921858912117
2010-04-16,59.0244826632117
2010-04-17,63.4135939482117
2010-04-18,51.1807160442117
2010-04-19,60.7801271772117
2010-04-20,65.4524069322117
2010-04-21,93.7975707792117
2010-04-22,124.549666621212
2010-04-23,154.877009758212
2010-04-24,166.996620274212
2010-04-25,160.398794923212
2010-04-26,147.741164314212
2010-04-27,168.214244695212
2010-04-28,165.807312700212
2010-04-29,154.140771736212
2010-04-30,170.026522903212
2010-05-01,205.677433276212
2010-05-02,203.327134975212
2010-05-03,198.116835127212
2010-05-04,184.099995862212
2010-05-05,174.642168964212
2010-05-06,197.408913952212
2010-05-07,213.181397731212
2010-05-08,199.674261712212
2010-05-09,191.632277164212
2010-05-10,200.778618745212
2010-05-11,191.858811940212
2010-05-12,180.758607916212
2010-05-13,185.147719201212
2010-05-14,205.507532194212
2010-05-15,223.120611028212
2010-05-16,229.860020614212
2010-05-17,216.409518289212
2010-05-18,207.772879954212
2010-05-19,209.500207621212
2010-05-20,196.644359083212
2010-05-21,209.330306539212
2010-05-22,228.387544570212
2010-05-23,236.910915517212
2010-05-24,230.879427106212
2010-05-25,235.863192178212
2010-05-26,282.302821258212
2010-05-27,274.572322027212
2010-05-28,312.346995925212
2010-05-29,390.388226257212
2010-05-30,417.204280366212
2010-05-31,410.861306638212
2010-06-01,275.704995907212
2010-06-02,394.918921777212
2010-06-03,415.646853781212
2010-06-04,432.948447298212
2010-06-05,408.454374643212
2010-06-06,383.790400906212
2010-06-07,392.738524558212
2010-06-08,345.590974303212
2010-06-09,302.917485874212
2010-06-10,305.041249399212
2010-06-11,271.344201469212
2010-06-12,305.494318951212
2010-06-13,292.865005189212
2010-06-14,310.902836728212
2010-06-15,291.675697615212
2010-06-16,267.323209195212
2010-06-17,288.079458046212
2010-06-18,274.912124191212
2010-06-19,265.114495129212
2010-06-20,264.519841342212
2010-06-21,265.284396211212
2010-06-22,260.130730057212
2010-06-23,280.518859897212
2010-06-24,286.153912450212
2010-06-25,271.429152010212
2010-06-26,267.549743971212
2010-06-27,281.538266389212
2010-06-28,277.517274115212
2010-06-29,280.943612602212
2010-06-30,305.494318951212
2010-07-01,297.424017556212
2010-07-02,300.114118021212
2010-07-03,292.695104107212
2010-07-04,289.155498232212
2010-07-05,298.386790354212
2010-07-06,292.921638883212
2010-07-07,305.834121115212
2010-07-08,303.682040743212
2010-07-09,329.308787278212
2010-07-10,304.333328224212
2010-07-11,311.044420963212
2010-07-12,319.284623440212
2010-07-13,310.676301952212
2010-07-14,324.806408605212
2010-07-15,308.665805815212
2010-07-16,319.964227768212
2010-07-17,312.969966559212
2010-07-18,317.245810456212
2010-07-19,318.803237041212
2010-07-20,313.791155122212
2010-07-21,316.934325139212
2010-07-22,315.037096390212
2010-07-23,304.644813541212
2010-07-24,310.987787269212
2010-07-25,315.178680625212
2010-07-26,314.782244767212
2010-07-27,314.329175215212
2010-07-28,310.902836728212
2010-07-29,305.720853727212
2010-07-30,320.190762544212
2010-07-31,323.362249408212
2010-08-01,320.077495156212
2010-08-02,296.206393135212
2010-08-03,332.253739366212
2010-08-04,320.785416331212
2010-08-05,307.646399323212
2010-08-06,297.678869179212
2010-08-07,298.726592518212
2010-08-08,277.092521410212
2010-08-09,284.794703794212
2010-08-10,280.971929449212
2010-08-11,276.299649694212
2010-08-12,258.913105636212
2010-08-13,265.029544588212
2010-08-14,248.407555399212
2010-08-15,242.545968070212
2010-08-16,235.155271003212
2010-08-17,260.102413210212
2010-08-18,245.887356016212
2010-08-19,231.672298822212
2010-08-20,236.712697588212
2010-08-21,228.614079346212
2010-08-22,201.288321991212
2010-08-23,248.152703776212
2010-08-24,232.635071620212
2010-08-25,221.506550749212
2010-08-26,226.575266362212
2010-08-27,230.426357554212
2010-08-28,211.539020605212
2010-08-29,213.124764037212
2010-08-30,216.182983513212
2010-08-31,215.361794950212
2010-09-01,213.436249354212
2010-09-02,213.011496649212
2010-09-03,202.336045330212
2010-09-04,208.962187528212
2010-09-05,203.270501281212
2010-09-06,208.820603293212
2010-09-07,203.780204527212
2010-09-08,214.314071611212
2010-09-09,233.541210724212
2010-09-10,226.546949515212
2010-09-11,224.961206083212
2010-09-12,210.208128796212
2010-09-13,205.167730030212
2010-09-14,187.582968043212
2010-09-15,181.494845938212
2010-09-16,169.290284881212
2010-09-17,173.905930942212
2010-09-18,160.851864475212
2010-09-19,166.571867569212
2010-09-20,173.764346707212
2010-09-21,124.039963375212
2010-09-22,141.653042209212
2010-09-23,163.400380705212
2010-09-24,158.275031398212
2010-09-25,159.577606360212
2010-09-26,154.792059217212
2010-09-27,157.425525988212
2010-09-28,165.467510536212
2010-09-29,161.673053038212
2010-09-30,178.804745473212
2010-10-01,149.043739276212
2010-10-02,142.219379149212
2010-10-03,138.481555345212
2010-10-04,154.197405430212
2010-10-05,127.919371414212
2010-10-06,130.297986562212
2010-10-07,124.068280222212
2010-10-08,130.071451786212
2010-10-09,117.951841270212
2010-10-10,114.695403865212
2010-10-11,122.397586249212
2010-10-12,125.314221490212
2010-10-13,129.363530611212
2010-10-14,129.363530611212
2010-10-15,133.356206038212
2010-10-16,122.086100932212
2010-10-17,129.533431693212
2010-10-18,132.393433240212
2010-10-19,130.722739267212
2010-10-20,128.853827365212
2010-10-21,122.284318861212
2010-10-22,124.464716080212
2010-10-23,127.409668168212
2010-10-24,122.794022107212
2010-10-25,125.342538337212
2010-10-26,114.497185936212
2010-10-27,104.557972639212
2010-10-28,122.454219943212
2010-10-29,124.634617162212
2010-10-30,112.146887635212
2010-10-31,125.880558430212
2010-11-01,123.983329681212
2010-11-02,114.185700619212
2010-11-03,148.024332784212
2010-11-04,135.338385328212
2010-11-05,162.918994306212
2010-11-06,157.652060764212
2010-11-07,109.060351312212
2010-11-08,154.027504348212
2010-11-09,166.175431711212
2010-11-10,165.863946394212
2010-11-11,154.933643452212
2010-11-12,165.665728465212
2010-11-13,152.838196774212
2010-11-14,154.112454889212
2010-11-15,152.696612539212
2010-11-16,159.492655819212
2010-11-17,165.637411618212
2010-11-18,153.461167408212
2010-11-19,158.105130316212
2010-11-20,147.854431702212
2010-11-21,165.297609454212
2010-11-22,155.415029851212
2010-11-23,159.860774830212
2010-11-24,165.609094771212
2010-11-25,157.340575447212
2010-11-26,161.333250874212
2010-11-27,158.699784103212
2010-11-28,149.298590899212
2010-11-29,158.784734644212
2010-11-30,155.924733097212
2010-12-01,150.261363697212
2010-12-02,150.006512074212
2010-12-03,163.910083951212
2010-12-04,176.539397713212
2010-12-05,146.750074669212
2010-12-06,151.280770189212
2010-12-07,149.015422429212
2010-12-08,144.682944838212
2010-12-09,160.398794923212
2010-12-10,144.343142674212
2010-12-11,148.590669724212
2010-12-12,194.067526006212
2010-12-13,199.532677477212
2010-12-14,330.639679087212
2010-12-15,402.139717762212
2010-12-16,372.520295800212
2010-12-17,382.912578649212
2010-12-18,382.969212343212
2010-12-19,360.570586366212
2010-12-20,383.280697660212
2010-12-21,389.397136612212
2010-12-22,355.700088682212
2010-12-23,358.276921759212
2010-12-24,334.915522984212
2010-12-25,291.165994369212
2010-12-26,249.964981984212
2010-12-27,291.364212298212
2010-12-28,248.464189093212
2010-12-29,257.468946439212
2010-12-30,372.888414811212
2010-12-31,358.050386983212
2011-01-01,375.295346806212
2011-01-02,403.895362276212
2011-01-03,405.792591025212
2011-01-04,366.545441083212
2011-01-05,411.314376190212
2011-01-06,361.618309705212
2011-01-07,327.524825917212
2011-01-08,315.178680625212
2011-01-09,290.571340582212
2011-01-10,238.468342102212
2011-01-11,205.620799582212
2011-01-12,211.227535288212
2011-01-13,217.457241628212
2011-01-14,183.760193698212
2011-01-15,172.291870663212
2011-01-16,137.462148853212
2011-01-17,150.516215320212
2011-01-18,147.599580079212
2011-01-19,159.719190595212
2011-01-20,156.009683638212
2011-01-21,158.784734644212
2011-01-22,138.028485793212
2011-01-23,136.272841279212
2011-01-24,129.561748540212
2011-01-25,132.789869098212
2011-01-26,126.560162758212
2011-01-27,133.526107120212
2011-01-28,123.445309588212
2011-01-29,120.188872183212
2011-01-30,102.689060737212
2011-01-31,113.789264761212
2011-02-01,107.049855175212
2011-02-02,108.239162749212
2011-02-03,110.759362132212
2011-02-04,115.686493510212
2011-02-05,127.154816545212
2011-02-06,108.324113290212
2011-02-07,104.388071557212
2011-02-08,115.346691346212
2011-02-09,122.369269402212
2011-02-10,122.114417779212
2011-02-11,121.038377593212
2011-02-12,121.944516697212
2011-02-13,112.911442504212
2011-02-14,107.304706798212
2011-02-15,83.5185553182117
2011-02-16,68.7937948782117
2011-02-17,63.5834950302117
2011-02-18,86.2652894772117
2011-02-19,87.5678644392117
2011-02-20,111.637184389212
2011-02-21,103.312031371212
2011-02-22,108.833816536212
2011-02-23,62.9038907022117
2011-02-24,95.3266805172117
2011-02-25,78.7613250222117
2011-02-26,78.0817206942117
2011-02-27,97.7902462062117
2011-02-28,101.669654245212
2011-03-01,106.398567694212
2011-03-02,76.4110267212117
2011-03-03,70.3229046162117
2011-03-04,84.2264764932117
2011-03-05,81.1965738642117
2011-03-06,82.0460792742117
2011-03-07,102.462525961212
2011-03-08,90.0031132812117
2011-03-09,103.935002005212
2011-03-10,117.158969554212
2011-03-11,100.706881447212
2011-03-12,162.097805743212
2011-03-13,89.8048953522117
2011-03-14,78.2799386232117
2011-03-15,387.471591016212
2011-03-16,502.919376235212
2011-03-17,723.082861660212
2011-03-18,800.784289828212
2011-03-19,1006.64776751821
2011-03-20,1061.83730232121
2011-03-21,1213.70055278221
2011-03-22,1299.58554973321
2011-03-23,1048.24521576121
2011-03-24,497.737393234212
2011-03-25,715.239095041212
2011-03-26,1060.25155888921
2011-03-27,1045.32858052021
2011-03-28,1107.68227761421
2011-03-29,1323.85308761221
2011-03-30,1279.59385575121
2011-03-31,1272.59959454221
2011-04-01,1231.08709684021
2011-04-02,1044.64897619221
2011-04-03,905.330088952212
2011-04-04,756.185255803212
2011-04-05,649.317475225212
2011-04-06,552.020788933212
2011-04-07,509.488884739212
2011-04-08,383.790400906212
2011-04-09,360.145833661212
2011-04-10,321.238485883212
2011-04-11,268.965586321212
2011-04-12,233.371309642212
2011-04-13,218.844767131212
2011-04-14,152.923147315212
2011-04-15,135.933039115212
2011-04-16,136.329474973212
2011-04-17,169.120383799212
2011-04-18,150.799383790212
2011-04-19,128.825510518212
2011-04-20,137.773634170212
2011-04-21,126.078776359212
2011-04-22,141.936210679212
2011-04-23,154.055821195212
2011-04-24,161.984538355212
2011-04-25,171.555632641212
2011-04-26,172.206920122212
2011-04-27,161.984538355212
2011-04-28,183.335440993212
2011-04-29,138.028485793212
2011-04-30,142.898983477212
2011-05-01,155.075227687212
2011-05-02,176.680981948212
2011-05-03,212.501793403212
2011-05-04,200.693668204212
2011-05-05,202.902382270212
2011-05-06,211.425753217212
2011-05-07,214.597240081212
2011-05-08,204.006739303212
2011-05-09,221.081798044212
2011-05-10,201.769708390212
2011-05-11,230.171505931212
2011-05-12,216.551102524212
2011-05-13,211.340802676212
2011-05-14,192.000396175212
2011-05-15,197.946934045212
2011-05-16,209.075454916212
2011-05-17,236.967549211212
2011-05-18,200.750301898212
2011-05-19,199.164558466212
2011-05-20,258.714887707212
2011-05-21,262.084592500212
2011-05-22,263.415484309212
2011-05-23,278.564997454212
2011-05-24,256.761025264212
2011-05-25,253.193102542212
2011-05-26,259.762611046212
2011-05-27,285.757476592212
2011-05-28,305.834121115212
2011-05-29,304.559863000212
2011-05-30,268.880635780212
2011-05-31,311.865609526212
2011-06-01,267.408159736212
2011-06-02,304.191743989212
2011-06-03,354.142662097212
2011-06-04,523.222555534212
2011-06-05,537.041176870212
2011-06-06,483.550652887212
2011-06-07,494.367688441212
2011-06-08,411.880713130212
2011-06-09,328.799084032212
2011-06-10,263.840237014212
2011-06-11,220.487144257212
2011-06-12,216.862587841212
2011-06-13,231.983784139212
2011-06-14,293.601243211212
2011-06-15,259.677660505212
2011-06-16,260.357264833212
2011-06-17,275.166975814212
2011-06-18,271.004399305212
2011-06-19,264.208356025212
2011-06-20,268.229348299212
2011-06-21,242.772502846212
2011-06-22,300.567187573212
2011-06-23,271.372518316212
2011-06-24,246.878445661212
2011-06-25,268.059447217212
2011-06-26,267.323209195212
2011-06-27,263.698652779212
2011-06-28,255.713301925212
2011-06-29,258.884788789212
2011-06-30,285.530941816212
2011-07-01,284.143416313212
2011-07-02,306.853527607212
2011-07-03,292.015499779212
2011-07-04,307.787983558212
2011-07-05,291.222628063212
2011-07-06,296.461244758212
2011-07-07,315.376898554212
2011-07-08,308.694122662212
2011-07-09,294.110946457212
2011-07-10,292.496886178212
2011-07-11,291.364212298212
2011-07-12,278.026977361212
2011-07-13,286.352130379212
2011-07-14,277.545590962212
2011-07-15,319.879277227212
2011-07-16,314.414125756212
2011-07-17,317.274127303212
2011-07-18,318.944821276212
2011-07-19,307.816300405212
2011-07-20,297.792136567212
2011-07-21,298.500057742212
2011-07-22,296.489561605212
2011-07-23,296.914314310212
2011-07-24,305.069566246212
2011-07-25,301.983029923212
2011-07-26,296.347977370212
2011-07-27,293.884411681212
2011-07-28,291.732331309212
2011-07-29,299.774315857212
2011-07-30,286.408764073212
2011-07-31,306.173923279212
2011-08-01,296.744413228212
2011-08-02,275.082025273212
2011-08-03,438.385281922212
2011-08-04,437.564093359212
2011-08-05,425.019730138212
2011-08-06,432.863496757212
2011-08-07,424.396759504212
2011-08-08,294.592332856212
2011-08-09,298.273522966212
2011-08-10,301.105207666212
2011-08-11,289.976686795212
2011-08-12,300.822039196212
2011-08-13,286.295496685212
2011-08-14,280.292325121212
2011-08-15,289.127181385212
2011-08-16,284.964604876212
2011-08-17,280.971929449212
2011-08-18,295.328570878212
2011-08-19,274.147569322212
2011-08-20,286.975101013212
2011-08-21,292.326985096212
2011-08-22,277.630541503212
2011-08-23,282.387771799212
2011-08-24,280.122424039212
2011-08-25,283.690346761212
2011-08-26,287.598071647212
2011-08-27,283.803614149212
2011-08-28,280.348958815212
2011-08-29,282.614306575212
2011-08-30,289.268765620212
2011-08-31,274.005985087212
2011-09-01,266.218852162212
2011-09-02,265.171128823212
2011-09-03,235.211904697212
2011-09-04,271.315884622212
2011-09-05,271.202617234212
2011-09-06,268.455883075212
2011-09-07,278.961433312212
2011-09-08,275.959847530212
2011-09-09,260.357264833212
2011-09-10,258.091917073212
2011-09-11,248.832308104212
2011-09-12,243.961810420212
2011-09-13,237.817054621212
2011-09-14,207.772879954212
2011-09-15,206.498621839212
2011-09-16,222.752492017212
2011-09-17,212.190308086212
2011-09-18,200.580400816212
2011-09-19,219.042985060212
2011-09-20,216.975855229212
2011-09-21,202.562580106212
2011-09-22,212.728328179212
2011-09-23,197.295646564212
2011-09-24,207.914464189212
2011-09-25,191.009306530212
2011-09-26,191.830495093212
2011-09-27,214.597240081212
2011-09-28,198.881389996212
2011-09-29,215.531696032212
2011-09-30,201.203371450212
2011-10-01,197.522181340212
2011-10-02,188.319206065212
2011-10-03,186.846730021212
2011-10-04,191.462376082212
2011-10-05,183.958411627212
2011-10-06,175.916427079212
2011-10-07,181.976232337212
2011-10-08,175.661575456212
2011-10-09,172.235236969212
2011-10-10,173.622762472212
2011-10-11,174.670485811212
2011-10-12,189.763365262212
2011-10-13,188.460790300212
2011-10-14,194.067526006212
2011-10-15,160.597012852212
2011-10-16,128.230856731212
2011-10-17,120.245505877212
2011-10-18,125.738974195212
2011-10-19,113.591046832212
2011-10-20,141.284923198212
2011-10-21,155.953049944212
2011-10-22,151.705522894212
2011-10-23,139.557595531212
2011-10-24,154.084138042212
2011-10-25,146.297005117212
2011-10-26,136.669277137212
2011-10-27,137.518782547212
2011-10-28,135.933039115212
2011-10-29,140.803536799212
2011-10-30,162.380974213212
2011-10-31,153.517801102212
2011-11-01,168.072660460212
2011-11-02,153.885920113212
2011-11-03,155.698198321212
2011-11-04,155.698198321212
2011-11-05,153.177998938212
2011-11-06,153.829286419212
2011-11-07,153.376216867212
2011-11-08,162.012855202212
2011-11-09,163.117212235212
2011-11-10,154.593841288212
2011-11-11,161.361567721212
2011-11-12,154.480573900212
2011-11-13,150.119779462212
2011-11-14,174.472267882212
2011-11-15,168.752264788212
2011-11-16,166.883352886212
2011-11-17,163.145529082212
2011-11-18,157.227308059212
2011-11-19,154.338989665212
2011-11-20,165.410876842212
2011-11-21,161.333250874212
2011-11-22,157.283941753212
2011-11-23,152.470077763212
2011-11-24,162.380974213212
2011-11-25,157.425525988212
2011-11-26,157.397209141212
2011-11-27,151.224136495212
2011-11-28,139.614229225212
2011-11-29,130.949274043212
2011-11-30,117.300553789212
2011-12-01,120.840159664212
2011-12-02,114.298968007212
2011-12-03,110.079757804212
2011-12-04,113.675997373212
2011-12-05,137.632049935212
2011-12-06,132.761552251212
2011-12-07,139.614229225212
2011-12-08,114.695403865212
2011-12-09,111.863719165212
2011-12-10,107.248073104212
2011-12-11,105.095992732212
2011-12-12,124.181547610212
2011-12-13,120.245505877212
2011-12-14,114.780354406212
2011-12-15,127.721153485212
2011-12-16,78.5347902462117
2011-12-17,108.012627973212
2011-12-18,132.195215311212
2011-12-19,152.498394610212
2011-12-20,149.157006664212
2011-12-21,148.080966478212
2011-12-22,139.529278684212
2011-12-23,139.869080848212
2011-12-24,145.589083942212
2011-12-25,138.396604804212
2011-12-26,143.663538346212
2011-12-27,136.187890738212
2011-12-28,139.699179766212
2011-12-29,140.322150400212
2011-12-30,142.870666630212
2011-12-31,141.851260138212
2012-01-01,133.667691355212
2012-01-02,134.715414694212
2012-01-03,147.061559986212
2012-01-04,150.657799555212
2012-01-05,150.657799555212
2012-01-06,155.528297239212
2012-01-07,135.395019022212
2012-01-08,131.940363688212
2012-01-09,140.888487340212
2012-01-10,136.102940197212
2012-01-11,143.861756275212
2012-01-12,137.660366782212
2012-01-13,137.858584711212
2012-01-14,123.671844364212
2012-01-15,122.539170484212
2012-01-16,124.153230763212
2012-01-17,128.627292589212
2012-01-18,121.349862910212
2012-01-19,120.018971101212
2012-01-20,94.7603435772117
2012-01-21,104.727873721212
2012-01-22,104.756190568212
2012-01-23,112.373422411212
2012-01-24,105.634012825212
2012-01-25,107.304706798212
2012-01-26,119.056198303212
2012-01-27,115.290057652212
2012-01-28,104.274804169212
2012-01-29,107.219756257212
2012-01-30,114.468869089212
2012-01-31,111.212431684212
2012-02-01,107.984311126212
2012-02-02,106.370250847212
2012-02-03,103.963318852212
2012-02-04,94.3639077192117
2012-02-05,96.6858891732117
2012-02-06,96.6575723262117
2012-02-07,70.2379540752117
2012-02-08,95.6664826812117
2012-02-09,100.905099376212
2012-02-10,121.208278675212
2012-02-11,82.1876635092117
2012-02-12,88.5589540842117
2012-02-13,94.5904424952117
2012-02-14,93.8825213202117
2012-02-15,101.103317305212
2012-02-16,89.1819247182117
2012-02-17,77.9401364592117
2012-02-18,79.5258798912117
2012-02-19,96.8557902552117
2012-02-20,96.8557902552117
2012-02-21,93.7409370852117
2012-02-22,99.6025244142117
2012-02-23,124.861151938212
2012-02-24,111.523917001212
2012-02-25,98.5831179222117
2012-02-26,102.745694431212
2012-02-27,99.6874749552117
2012-02-28,80.0922168312117
2012-02-29,102.745694431212
2012-03-01,109.400153476212
2012-03-02,92.2967778882117
2012-03-03,83.6884564002117
2012-03-04,64.8860699922117
2012-03-05,79.2143945742117
2012-03-06,94.9302446592117
2012-03-07,94.6187593422117
2012-03-08,87.2846959692117
2012-03-09,72.0785491302117
2012-03-10,59.6191364502117
2012-03-11,81.5930097222117
2012-03-12,86.2086557832117
2012-03-13,78.7896418692117
2012-03-14,93.0330159102117
2012-03-15,82.3292477442117
2012-03-16,22.1559478692117
2012-03-17,38.4664517412117
2012-03-18,49.7648736942117
2012-03-19,61.4314146582117
2012-03-20,61.7145831282117
2012-03-21,68.4539927142117
2012-03-22,81.3947917932117
2012-03-23,77.5153837542117
2012-03-24,66.1036944132117
2012-03-25,63.1870591722117
2012-03-26,74.1173621142117
2012-03-27,64.7728026042117
2012-03-28,32.7464486472117
2012-03-29,38.5514022822117
2012-03-30,22.5523837272117
2012-03-31,9.1585150962117
2012-04-01,25.4407021212117
2012-04-02,54.2106186732117
2012-04-03,36.2294208282117
2012-04-04,34.7569447842117
2012-04-05,52.2567562302117
2012-04-06,63.9232971942117
2012-04-07,70.7476573212117
2012-04-08,56.7591349032117
2012-04-09,65.0559710742117
2012-04-10,67.6328041512117
2012-04-11,75.1367686062117
2012-04-12,74.7403327482117
2012-04-13,53.8424996622117
2012-04-14,58.4581457232117
2012-04-15,43.1670483432117
2012-04-16,72.7581534582117
2012-04-17,66.5284471182117
2012-04-18,100.452029824212
2012-04-19,121.123328134212
2012-04-20,117.668672800212
2012-04-21,107.361340492212
2012-04-22,114.638770171212
2012-04-23,152.441760916212
2012-04-24,138.255020569212
2012-04-25,128.287490425212
2012-04-26,118.574811904212
2012-04-27,124.804518244212
2012-04-28,129.250263223212
2012-04-29,123.360359047212
2012-04-30,129.420164305212
2012-05-01,135.904722268212
2012-05-02,139.161159673212
2012-05-03,137.518782547212
2012-05-04,156.717604813212
2012-05-05,172.037019040212
2012-05-06,174.953654281212
2012-05-07,207.999414730212
2012-05-08,220.543777951212
2012-05-09,232.578437926212
2012-05-10,241.158442567212
2012-05-11,261.914691418212
2012-05-12,263.670335932212
2012-05-13,248.888941798212
2012-05-14,255.118648138212
2012-05-15,255.062014444212
2012-05-16,253.136468848212
2012-05-17,282.331138105212
2012-05-18,286.323813532212
2012-05-19,280.065790345212
2012-05-20,283.322227750212
2012-05-21,269.645190649212
2012-05-22,271.372518316212
2012-05-23,276.243016000212
2012-05-24,293.856094834212
2012-05-25,280.886978908212
2012-05-26,266.502020632212
2012-05-27,264.151722331212
2012-05-28,256.874292652212
2012-05-29,255.288549220212
2012-05-30,252.796666684212
2012-05-31,258.743204554212
2012-06-01,264.010138096212
2012-06-02,261.489938713212
2012-06-03,278.026977361212
2012-06-04,287.173318942212
2012-06-05,282.331138105212
2012-06-06,283.039059280212
2012-06-07,285.644209204212
2012-06-08,268.201031452212
2012-06-09,261.065186008212
2012-06-10,259.649343658212
2012-06-11,262.650929440212
2012-06-12,273.071529136212
2012-06-13,271.627369939212
2012-06-14,282.812524504212
2012-06-15,286.040645062212
2012-06-16,315.716700718212
2012-06-17,303.795308131212
2012-06-18,302.577683710212
2012-06-19,302.634317404212
2012-06-20,305.862437962212
2012-06-21,313.762838275212
2012-06-22,295.271937184212
2012-06-23,315.320264860212
2012-06-24,360.485635825212
2012-06-25,366.885243247212
2012-06-26,376.682872309212
2012-06-27,370.226631193212
2012-06-28,372.605246341212
2012-06-29,365.016331345212
2012-06-30,367.649798116212
2012-07-01,361.221873847212
2012-07-02,352.528601818212
2012-07-03,362.609399350212
2012-07-04,352.528601818212
2012-07-05,360.570586366212
2012-07-06,365.214549274212
2012-07-07,369.745244794212
2012-07-08,367.989600280212
2012-07-09,359.296328251212
2012-07-10,364.903063957212
2012-07-11,367.338312799212
2012-07-12,368.810788843212
2012-07-13,366.743659012212
2012-07-14,347.856322063212
2012-07-15,353.831176780212
2012-07-16,374.134356079212
2012-07-17,368.187818209212
2012-07-18,368.102867668212
2012-07-19,355.275335977212
2012-07-20,367.309995952212
2012-07-21,370.792968133212
2012-07-22,354.708999037212
2012-07-23,356.351376163212
2012-07-24,362.128012951212
2012-07-25,370.000096417212
2012-07-26,357.087614185212
2012-07-27,358.446822841212
2012-07-28,365.242866121212
2012-07-29,374.445841396212
2012-07-30,362.071379257212
2012-07-31,367.508213881212
2012-08-01,361.420091776212
2012-08-02,358.191971218212
2012-08-03,358.503456535212
2012-08-04,360.853754836212
2012-08-05,371.812374625212
2012-08-06,352.981671370212
2012-08-07,355.218702283212
2012-08-08,342.277903204212
2012-08-09,325.514329780212
2012-08-10,338.341861471212
2012-08-11,327.779677540212
2012-08-12,298.358473507212
2012-08-13,295.498471960212
2012-08-14,290.656291123212
2012-08-15,282.387771799212
2012-08-16,273.807767158212
2012-08-17,281.623216930212
2012-08-18,281.793118012212
2012-08-19,278.508363760212
2012-08-20,280.943612602212
2012-08-21,283.378861444212
2012-08-22,277.262422492212
2012-08-23,263.783603320212
2012-08-24,260.866968079212
2012-08-25,249.455278738212
2012-08-26,253.278053083212
2012-08-27,268.370932534212
2012-08-28,262.565978899212
2012-08-29,236.004776413212
2012-08-30,227.622989701212
2012-08-31,231.134278729212
2012-09-01,223.432096345212
2012-09-02,230.199822778212
2012-09-03,231.219229270212
2012-09-04,232.238635762212
2012-09-05,207.829513648212
2012-09-06,192.538416268212
2012-09-07,148.562352877212
2012-09-08,155.613247780212
2012-09-09,195.228516733212
2012-09-10,202.647530647212
2012-09-11,199.136241619212
2012-09-12,162.409291060212
2012-09-13,168.497413165212
2012-09-14,167.676224602212
2012-09-15,166.090481170212
2012-09-16,159.775824289212
2012-09-17,171.244147324212
2012-09-18,158.614833562212
2012-09-19,166.260382252212
2012-09-20,174.925337434212
2012-09-21,158.699784103212
2012-09-22,155.641564627212
2012-09-23,142.389280231212
2012-09-24,148.732253959212
2012-09-25,155.924733097212
2012-09-26,145.079380696212
2012-09-27,140.661952564212
2012-09-28,132.733235404212
2012-09-29,135.083533705212
2012-09-30,132.789869098212
2012-10-01,120.811842817212
2012-10-02,121.066694440212
2012-10-03,136.074623350212
2012-10-04,115.714810357212
2012-10-05,121.689665074212
2012-10-06,121.491447145212
2012-10-07,124.068280222212
2012-10-08,132.280165852212
2012-10-09,119.764119478212
2012-10-10,145.164331237212
2012-10-11,132.959770180212
2012-10-12,129.193629529212
2012-10-13,126.616796452212
2012-10-14,132.365116393212
2012-10-15,131.883729994212
2012-10-16,133.724325049212
2012-10-17,130.411253950212
2012-10-18,143.408686723212
2012-10-19,141.992844373212
2012-10-20,153.036414703212
2012-10-21,149.864927839212
2012-10-22,144.286508980212
2012-10-23,147.939382243212
2012-10-24,145.985519800212
2012-10-25,135.678187492212
2012-10-26,147.712847467212
2012-10-27,145.192648084212
2012-10-28,140.322150400212
2012-10-29,142.049478067212
2012-10-30,160.002359065212
2012-10-31,159.719190595212
2012-11-01,161.559785650212
2012-11-02,158.926318879212
2012-11-03,156.830872201212
2012-11-04,155.245128769212
2012-11-05,169.913255515212
2012-11-06,159.124536808212
2012-11-07,144.484726909212
2012-11-08,150.912651178212
2012-11-09,155.839782556212
2012-11-10,150.176413156212
2012-11-11,147.712847467212
2012-11-12,153.008097856212
2012-11-13,150.771066943212
2012-11-14,152.356810375212
2012-11-15,175.208505904212
2012-11-16,174.953654281212
2012-11-17,153.376216867212
2012-11-18,154.508890747212
2012-11-19,157.283941753212
2012-11-20,142.983934018212
2012-11-21,127.013232310212
2012-11-22,129.108678988212
2012-11-23,141.511457974212
2012-11-24,115.714810357212
2012-11-25,122.369269402212
2012-11-26,134.177394601212
2012-11-27,113.647680526212
2012-11-28,111.807085471212
2012-11-29,82.4991488262117
2012-11-30,43.3086325782117
2012-12-01,56.9007191382117
2012-12-02,32.4349633302117
2012-12-03,64.1781488172117
2012-12-04,95.6098489872117
2012-12-05,39.3159571512117
2012-12-06,90.3995491392117
2012-12-07,63.5551781832117
2012-12-08,66.8682492822117
2012-12-09,116.196196756212
2012-12-10,137.094029842212
2012-12-11,94.5338088012117
2012-12-12,118.263326587212
2012-12-13,114.808671253212
2012-12-14,116.960751625212
2012-12-15,120.302139571212
2012-12-16,119.990654254212
2012-12-17,121.463130298212
2012-12-18,87.3979633572117
2012-12-19,71.0308257912117
2012-12-20,68.1708242442117
2012-12-21,81.7629108042117
2012-12-22,47.4712090872117
2012-12-23,46.5650699832117
2012-12-24,60.8650777182117
2012-12-25,67.0098335172117
2012-12-26,68.1708242442117
2012-12-27,69.5300329002117
2012-12-28,68.1991410912117
2012-12-29,64.3763667462117
2012-12-30,74.7969664422117
2012-12-31,72.9563713872117
2013-01-01,59.0244826632117
2013-01-02,73.9757778792117
2013-01-03,61.0349788002117
2013-01-04,76.7508288852117
2013-01-05,82.2442972032117
2013-01-06,77.8268690712117
2013-01-07,106.370250847212
2013-01-08,91.5322230192117
2013-01-09,92.6365800522117
2013-01-10,163.202162776212
2013-01-11,119.282733079212
2013-01-12,96.1761859272117
2013-01-13,100.933416223212
2013-01-14,115.290057652212
2013-01-15,100.990049917212
2013-01-16,129.080362141212
2013-01-17,127.692836638212
2013-01-18,133.441156579212
2013-01-19,120.755209123212
2013-01-20,101.103317305212
2013-01-21,86.1803389362117
2013-01-22,141.851260138212
2013-01-23,115.403325040212
2013-01-24,126.390261676212
2013-01-25,103.000546054212
2013-01-26,104.388071557212
2013-01-27,109.003717618212
2013-01-28,130.354620256212
2013-01-29,112.486689799212
2013-01-30,102.037773256212
2013-01-31,118.971247762212
2013-02-01,121.264912369212
2013-02-02,127.976005108212
2013-02-03,101.697971092212
2013-02-04,131.204125666212
2013-02-05,93.2595506862117
2013-02-06,127.324717627212
2013-02-07,118.773029833212
2013-02-08,111.807085471212
2013-02-09,111.920352859212
2013-02-10,99.9989602722117
2013-02-11,109.513420864212
2013-02-12,105.775597060212
2013-02-13,105.860547601212
2013-02-14,121.236595522212
2013-02-15,119.311049926212
2013-02-16,98.6963853102117
2013-02-17,83.5468721652117
2013-02-18,99.5175738732117
2013-02-19,98.0167809822117
2013-02-20,101.358168928212
2013-02-21,102.575793349212
2013-02-22,94.7320267302117
2013-02-23,104.133219934212
2013-02-24,99.8856928842117
2013-02-25,112.628274034212
2013-02-26,90.0031132812117
2013-02-27,111.750451777212
2013-02-28,98.1583652172117
2013-03-01,109.456787170212
2013-03-02,97.9318304412117
2013-03-03,96.7991565612117
2013-03-04,101.358168928212
2013-03-05,110.051440957212
2013-03-06,101.075000458212
2013-03-07,103.085496595212
2013-03-08,131.685512065212
2013-03-09,93.3161843802117
2013-03-10,135.678187492212
2013-03-11,142.644131854212
2013-03-12,123.360359047212
2013-03-13,130.496204491212
2013-03-14,129.759966469212
2013-03-15,130.326303409212
2013-03-16,140.010665083212
2013-03-17,111.750451777212
2013-03-18,124.323131845212
2013-03-19,143.748488887212
2013-03-20,110.221342039212
2013-03-21,104.671240027212
2013-03-22,95.1850962822117
2013-03-23,102.462525961212
2013-03-24,87.3413296632117
2013-03-25,106.030448683212
2013-03-26,105.067675885212
2013-03-27,110.957580061212
2013-03-28,130.722739267212
2013-03-29,167.761175143212
2013-03-30,149.779977298212
2013-03-31,145.843935565212
2013-04-01,160.398794923212
2013-04-02,117.527088565212
2013-04-03,141.851260138212
2013-04-04,126.871648075212
2013-04-05,123.445309588212
2013-04-06,136.895811913212
2013-04-07,115.431641887212
2013-04-08,152.158592446212
2013-04-09,159.464338972212
2013-04-10,151.762156588212
2013-04-11,138.368287957212
2013-04-12,147.401362150212
2013-04-13,134.092444060212
2013-04-14,129.788283316212
2013-04-15,138.821357509212
2013-04-16,137.632049935212
2013-04-17,165.552461077212
2013-04-18,139.812447154212
2013-04-19,192.821584738212
2013-04-20,174.047515177212
2013-04-21,184.609699108212
2013-04-22,209.443573927212
2013-04-23,202.251094789212
2013-04-24,250.134883066212
2013-04-25,260.753700691212
2013-04-26,321.918090211212
2013-04-27,277.319056186212
2013-04-28,301.360059289212
2013-04-29,292.015499779212
2013-04-30,312.488580160212
2013-05-01,308.297686804212
2013-05-02,306.485408596212
2013-05-03,294.139263304212
2013-05-04,292.553519872212
2013-05-05,278.989750159212
2013-05-06,303.682040743212
2013-05-07,317.330760997212
2013-05-08,329.818490524212
2013-05-09,335.793345241212
2013-05-10,333.046611082212
2013-05-11,325.259478157212
2013-05-12,325.259478157212
2013-05-13,329.591955748212
2013-05-14,316.481255587212
2013-05-15,307.448181394212
2013-05-16,307.419864547212
2013-05-17,316.990958833212
2013-05-18,310.279866094212
2013-05-19,286.946784166212
2013-05-20,290.486390041212
2013-05-21,293.799461140212
2013-05-22,305.381051563212
2013-05-23,352.670186053212
2013-05-24,333.981067033212
2013-05-25,307.165012924212
2013-05-26,296.036492053212
2013-05-27,275.620045366212
2013-05-28,294.847184479212
2013-05-29,293.601243211212
2013-05-30,255.854886160212
2013-05-31,263.896870708212
2013-06-01,265.171128823212
2013-06-02,246.680227732212
2013-06-03,261.943008265212
2013-06-04,245.066167453212
2013-06-05,257.752114909212
2013-06-06,281.934702247212
2013-06-07,319.426207675212
2013-06-08,319.822643533212
2013-06-09,296.687779534212
2013-06-10,295.696689889212
2013-06-11,300.255702256212
2013-06-12,292.949955730212
2013-06-13,300.680454961212
2013-06-14,304.871348317212
2013-06-15,310.223232400212
2013-06-16,301.246791901212
2013-06-17,307.080062383212
2013-06-18,327.043439518212
2013-06-19,313.139867641212
2013-06-20,304.786397776212
2013-06-21,285.615892357212
2013-06-22,274.402420945212
2013-06-23,315.008779543212
2013-06-24,280.802028367212
2013-06-25,304.786397776212
2013-06-26,336.642850651212
2013-06-27,316.396305046212
2013-06-28,325.599280321212
2013-06-29,342.108002122212
2013-06-30,333.499680634212
2013-07-01,311.327589433212
2013-07-02,318.859870735212
2013-07-03,316.679473516212
2013-07-04,316.906008292212
2013-07-05,331.149382333212
2013-07-06,318.435118030212
2013-07-07,331.149382333212
2013-07-08,325.146210769212
2013-07-09,315.150363778212
2013-07-10,308.439271039212
2013-07-11,331.149382333212
2013-07-12,293.969362222212
2013-07-13,314.215907827212
2013-07-14,309.203825908212
2013-07-15,300.085801174212
2013-07-16,301.784811994212
2013-07-17,300.510553879212
2013-07-18,303.002436415212
2013-07-19,306.400458055212
2013-07-20,313.847788816212
2013-07-21,355.388603365212
2013-07-22,311.016104116212
2013-07-23,304.389961918212
2013-07-24,310.053331318212
2013-07-25,315.745017565212
2013-07-26,308.099468875212
2013-07-27,310.025014471212
2013-07-28,277.857076279212
2013-07-29,274.345787251212
2013-07-30,275.308560049212
2013-07-31,264.887960353212
2013-08-01,264.264989719212
2013-08-02,245.179434841212
2013-08-03,249.455278738212
2013-08-04,251.975478121212
2013-08-05,254.212509034212
2013-08-06,252.173696050212
2013-08-07,252.060428662212
2013-08-08,230.709526024212
2013-08-09,227.113286455212
2013-08-10,218.391697579212
2013-08-11,250.984388476212
2013-08-12,255.401816608212
2013-08-13,259.932512128212
2013-08-14,273.071529136212
2013-08-15,271.740637327212
2013-08-16,249.483595585212
2013-08-17,238.779827419212
2013-08-18,236.202994342212
2013-08-19,227.679623395212
2013-08-20,243.933493573212
2013-08-21,232.776655855212
2013-08-22,225.839028340212
2013-08-23,209.415257080212
2013-08-24,209.047138069212
2013-08-25,218.136845956212
2013-08-26,234.419032981212
2013-08-27,205.564165888212
2013-08-28,190.669504366212
2013-08-29,210.604564654212
2013-08-30,181.324944856212
2013-08-31,150.572849014212
2013-09-01,170.621176690212
2013-09-02,161.701369885212
2013-09-03,162.579192142212
2013-09-04,181.551479632212
2013-09-05,178.238408533212
2013-09-06,173.537811931212
2013-09-07,179.597617189212
2013-09-08,180.815241610212
2013-09-09,186.761779480212
2013-09-10,180.362172058212
2013-09-11,174.528901576212
2013-09-12,171.300781018212
2013-09-13,195.993071602212
2013-09-14,184.581382261212
2013-09-15,168.893849023212
2013-09-16,182.259400807212
2013-09-17,167.138204509212
2013-09-18,202.619213800212
2013-09-19,198.626538373212
2013-09-20,180.956825845212
2013-09-21,180.333855211212
2013-09-22,172.688306521212
2013-09-23,162.692459530212
2013-09-24,164.759589361212
2013-09-25,165.665728465212
2013-09-26,174.415634188212
2013-09-27,158.190080857212
2013-09-28,163.938400798212
2013-09-29,165.354243148212
2013-09-30,155.160178228212
2013-10-01,163.995034492212
2013-10-02,160.172260147212
2013-10-03,151.932057670212
2013-10-04,160.710280240212
2013-10-05,152.045325058212
2013-10-06,152.838196774212
2013-10-07,159.917408524212
2013-10-08,161.814637273212
2013-10-09,175.293456445212
2013-10-10,163.457014399212
2013-10-11,156.377802649212
2013-10-12,170.224740832212
2013-10-13,156.094634179212
2013-10-14,159.294437890212
2013-10-15,164.278202962212
2013-10-16,166.770085498212
2013-10-17,170.054839750212
2013-10-18,162.918994306212
2013-10-19,151.507304965212
2013-10-20,144.116607898212
2013-10-21,158.161764010212
2013-10-22,150.487898473212
2013-10-23,160.625329699212
2013-10-24,141.228289504212
2013-10-25,144.682944838212
2013-10-26,142.191062302212
2013-10-27,145.107697543212
2013-10-28,141.511457974212
2013-10-29,133.157988109212
2013-10-30,144.513043756212
2013-10-31,146.042153494212
2013-11-01,179.540983495212
2013-11-02,153.093048397212
2013-11-03,134.517196765212
2013-11-04,141.313240045212
2013-11-05,129.505114846212
2013-11-06,134.715414694212
2013-11-07,126.050459512212
2013-11-08,120.755209123212
2013-11-09,111.297382225212
2013-11-10,120.387090112212
2013-11-11,112.854808810212
2013-11-12,112.005303400212
2013-11-13,124.039963375212
2013-11-14,122.850655801212
2013-11-15,111.523917001212
2013-11-16,109.966490416212
2013-11-17,95.5815321402117
2013-11-18,92.9197485222117
2013-11-19,88.9270730952117
2013-11-20,94.2223234842117
2013-11-21,90.8243018442117
2013-11-22,89.4367763412117
2013-11-23,91.2773713962117
2013-11-24,95.5815321402117
2013-11-25,100.650247753212
2013-11-26,99.7724254962117
2013-11-27,95.7797500692117
2013-11-28,96.4593543972117
2013-11-29,96.4593543972117
2013-11-30,97.1389587252117
2013-12-01,97.9035135942117
2013-12-02,100.990049917212
2013-12-03,100.367079283212
2013-12-04,98.7813358512117
2013-12-05,94.1373729432117
2013-12-06,106.936587787212
2013-12-07,95.7514332222117
2013-12-08,89.8898458932117
2013-12-09,99.2344054032117
2013-12-10,89.7482616582117
2013-12-11,90.7110344562117
2013-12-12,91.3340050902117
2013-12-13,94.5054919542117
2013-12-14,92.2967778882117
2013-12-15,89.2102415652117
2013-12-16,94.3639077192117
2013-12-17,90.8243018442117
2013-12-18,89.9181627402117
2013-12-19,95.2983636702117
2013-12-20,102.264308032212
2013-12-21,94.9019278122117
2013-12-22,93.7975707792117
2013-12-23,108.578964913212
2013-12-24,100.112227660212
2013-12-25,94.5904424952117
2013-12-26,96.6575723262117
2013-12-27,99.2627222502117
2013-12-28,98.1866820642117
2013-12-29,89.8615290462117
2013-12-30,94.2789571782117
2013-12-31,87.3130128162117
2014-01-01,91.4472724782117
2014-01-02,95.4965815992117
2014-01-03,91.4189556312117
2014-01-04,87.3979633572117
2014-01-05,78.8179587162117
2014-01-06,84.3680607282117
2014-01-07,77.7419185302117
2014-01-08,82.1593466622117
2014-01-09,82.6690499082117
2014-01-10,92.2967778882117
2014-01-11,92.8914316752117
2014-01-12,90.3429154452117
2014-01-13,81.7629108042117
2014-01-14,81.3098412522117
2014-01-15,80.3470684542117
2014-01-16,85.9538041602117
2014-01-17,86.5484579472117
2014-01-18,83.8866743292117
2014-01-19,83.1787531542117
2014-01-20,79.6674641262117
2014-01-21,83.4336047772117
2014-01-22,85.9821210072117
2014-01-23,83.3769710832117
2014-01-24,91.1924208552117
2014-01-25,80.8850885472117
2014-01-26,74.9951843712117
2014-01-27,90.1163806692117
2014-01-28,98.3848999932117
2014-01-29,93.5710360032117
2014-01-30,88.9553899422117
2014-01-31,98.6963853102117
2014-02-01,98.8946032392117
2014-02-02,96.3744038562117
2014-02-03,99.0078706272117
2014-02-04,98.3565831462117
2014-02-05,93.0613327572117
2014-02-06,97.8185630532117
2014-02-07,95.7231163752117
2014-02-08,110.900946367212
2014-02-09,111.042530602212
2014-02-10,119.537584702212
2014-02-11,100.735198294212
2014-02-12,103.028862901212
2014-02-13,93.2878675332117
2014-02-14,85.1326155972117
2014-02-15,77.5153837542117
2014-02-16,73.8625104912117
2014-02-17,80.2338010662117
2014-02-18,74.5987485132117
2014-02-19,106.540151929212
2014-02-20,69.7848845232117
2014-02-21,73.8908273382117
2014-02-22,76.7791457322117
2014-02-23,79.8656820552117
2014-02-24,80.8850885472117
2014-02-25,85.8688536192117
2014-02-26,90.7110344562117
2014-02-27,64.4046835932117
2014-02-28,70.1813203812117
2014-03-01,81.3947917932117
2014-03-02,74.7403327482117
2014-03-03,82.2442972032117
2014-03-04,68.0858737032117
2014-03-05,71.5122121902117
2014-03-06,56.2494316572117
2014-03-07,68.1708242442117
2014-03-08,77.1472647432117
2014-03-09,49.8781410822117
2014-03-10,56.5042832802117
2014-03-11,53.6442817332117
2014-03-12,35.5214996532117
2014-03-13,47.8676449452117
2014-03-14,54.5787376842117
2014-03-15,58.2599277942117
2014-03-16,76.2411256392117
2014-03-17,71.9935985892117
2014-03-18,88.5023203902117
2014-03-19,107.701142656212
2014-03-20,72.3617176002117
2014-03-21,75.7597392402117
2014-03-22,76.6658783442117
2014-03-23,85.0193482092117
2014-03-24,88.6439046252117
2014-03-25,86.0953883952117
2014-03-26,89.5500437292117
2014-03-27,72.2767670592117
2014-03-28,90.7110344562117
2014-03-29,44.5828906932117
2014-03-30,51.4638845142117
2014-03-31,63.4419107952117
2014-04-01,35.9462523582117
2014-04-02,56.5326001272117
2014-04-03,61.7145831282117
2014-04-04,32.7181318002117
2014-04-05,17.5686186552117
2014-04-06,34.2189246912117
2014-04-07,39.0044718342117
2014-04-08,22.7222848092117
2014-04-09,26.9131781652117
2014-04-10,43.6201178952117
2014-04-11,48.4056650382117
2014-04-12,43.0820978022117
2014-04-13,79.6108304322117
2014-04-14,64.9143868392117
2014-04-15,78.6763744812117
2014-04-16,78.1666712352117
2014-04-17,76.4959772622117
2014-04-18,101.839555327212
2014-04-19,97.1389587252117
2014-04-20,107.587875268212
2014-04-21,104.727873721212
2014-04-22,110.872629520212
2014-04-23,93.1462832982117
2014-04-24,90.5694502212117
2014-04-25,109.768272487212
2014-04-26,93.4294517682117
2014-04-27,106.426884541212
2014-04-28,100.225495048212
2014-04-29,107.814410044212
2014-04-30,112.430056105212
2014-05-01,131.855413147212
2014-05-02,150.912651178212
2014-05-03,147.344728456212
2014-05-04,151.195819648212
2014-05-05,149.440175134212
2014-05-06,172.206920122212
2014-05-07,197.720399269212
2014-05-08,195.483368356212
2014-05-09,214.257437917212
2014-05-10,208.962187528212
2014-05-11,199.221192160212
2014-05-12,200.212281805212
2014-05-13,190.018216885212
2014-05-14,207.602978872212
2014-05-15,209.018821222212
2014-05-16,212.643377638212
2014-05-17,232.606754773212
2014-05-18,213.606150436212
2014-05-19,185.883957223212
2014-05-20,198.966340537212
2014-05-21,203.893471915212
2014-05-22,216.381201442212
2014-05-23,207.178226167212
2014-05-24,210.746148889212
2014-05-25,218.816450284212
2014-05-26,226.660216903212
2014-05-27,218.816450284212
2014-05-28,223.800215356212
2014-05-29,192.991485820212
2014-05-30,234.503983522212
2014-05-31,229.944971155212
2014-06-01,223.970116438212
2014-06-02,225.442592482212
2014-06-03,218.420014426212
2014-06-04,202.590896953212
2014-06-05,213.606150436212
2014-06-06,205.224363724212
2014-06-07,203.836838221212
2014-06-08,195.568318897212
2014-06-09,199.815845947212
2014-06-10,172.121969581212
2014-06-11,220.770312727212
2014-06-12,206.781790309212
2014-06-13,227.368138078212
2014-06-14,211.454070064212
2014-06-15,201.231688297212
2014-06-16,215.644963420212
2014-06-17,212.161991239212
2014-06-18,218.023578568212
2014-06-19,216.494468830212
2014-06-20,245.462603311212
2014-06-21,264.321623413212
2014-06-22,264.264989719212
2014-06-23,258.006966532212
2014-06-24,277.715492044212
2014-06-25,276.469550776212
2014-06-26,261.150136549212
2014-06-27,251.494091722212
2014-06-28,243.225572398212
2014-06-29,251.267556946212
2014-06-30,246.368742415212
2014-07-01,206.357037604212
2014-07-02,166.373649640212
2014-07-03,179.456032954212
2014-07-04,198.173468821212
2014-07-05,180.050686741212
2014-07-06,182.316034501212
2014-07-07,180.673657375212
2014-07-08,179.597617189212
2014-07-09,177.700388440212
2014-07-10,204.289907773212
2014-07-11,197.154062329212
2014-07-12,199.051291078212
2014-07-13,203.213867587212
2014-07-14,211.170901594212
2014-07-15,196.078022143212
2014-07-16,203.836838221212
2014-07-17,209.301989692212
2014-07-18,194.237427088212
2014-07-19,195.341784121212
2014-07-20,194.010892312212
2014-07-21,210.717832042212
2014-07-22,202.166144248212
2014-07-23,207.801196801212
2014-07-24,193.019802667212
2014-07-25,201.316638838212
2014-07-26,205.988918593212
2014-07-27,194.577229252212
2014-07-28,218.051895415212
2014-07-29,187.526334349212
2014-07-30,185.006134966212
2014-07-31,178.918012861212
2014-08-01,208.112682118212
2014-08-02,184.524748567212
2014-08-03,187.498017502212
2014-08-04,217.259023699212
2014-08-05,176.369496631212
2014-08-06,221.619818137212
2014-08-07,216.777637300212
2014-08-08,179.909102506212
2014-08-09,176.199595549212
2014-08-10,167.364739285212
2014-08-11,163.173845929212
2014-08-12,153.461167408212
2014-08-13,161.673053038212
2014-08-14,152.951464162212
2014-08-15,167.506323520212
2014-08-16,154.990277146212
2014-08-17,152.724929386212
2014-08-18,147.429678997212
2014-08-19,150.176413156212
2014-08-20,158.076813469212
2014-08-21,155.245128769212
2014-08-22,157.368892294212
2014-08-23,148.364134948212
2014-08-24,178.776428626212
2014-08-25,164.561371432212
2014-08-26,186.733462633212
2014-08-27,185.657422447212
2014-08-28,203.412085516212
2014-08-29,182.344351348212
2014-08-30,188.942176699212
2014-08-31,196.049705296212
2014-09-01,187.526334349212
2014-09-02,205.705750123212
2014-09-03,185.714056141212
2014-09-04,181.891281796212
2014-09-05,177.870289522212
2014-09-06,178.068507451212
2014-09-07,166.118798017212
2014-09-08,164.646321973212
2014-09-09,160.172260147212
2014-09-10,178.946329708212
2014-09-11,161.899587814212
2014-09-12,170.196423985212
2014-09-13,167.223155050212
2014-09-14,148.449085489212
2014-09-15,163.060578541212
2014-09-16,155.330079310212
2014-09-17,147.599580079212
2014-09-18,161.389884568212
2014-09-19,144.711261685212
2014-09-20,154.593841288212
2014-09-21,147.344728456212
2014-09-22,157.652060764212
2014-09-23,146.212054576212
2014-09-24,138.028485793212
2014-09-25,120.755209123212
2014-09-26,99.3193559442117
2014-09-27,121.236595522212
2014-09-28,125.116003561212
2014-09-29,122.114417779212
2014-09-30,121.774615615212
2014-10-01,130.977590890212
2014-10-02,134.318978836212
2014-10-03,119.282733079212
2014-10-04,115.913028286212
2014-10-05,126.333627982212
2014-10-06,134.941949470212
2014-10-07,111.580550695212
2014-10-08,129.193629529212
2014-10-09,113.732631067212
2014-10-10,117.385504330212
2014-10-11,101.301535234212
2014-10-12,89.4084594942117
2014-10-13,109.541737711212
2014-10-14,103.028862901212
2014-10-15,121.717981921212
2014-10-16,93.1179664512117
2014-10-17,106.483518235212
2014-10-18,99.1211380152117
2014-10-19,97.7336125122117
2014-10-20,85.9821210072117
2014-10-21,85.4724177612117
2014-10-22,104.274804169212
2014-10-23,142.672448701212
2014-10-24,70.3795383102117
2014-10-25,73.4943914802117
2014-10-26,121.774615615212
2014-10-27,120.302139571212
2014-10-28,129.023728447212
2014-10-29,79.5258798912117
2014-10-30,70.2096372282117
2014-10-31,131.996997382212
2014-11-01,80.9983559352117
2014-11-02,72.6448860702117
2014-11-03,123.983329681212
2014-11-04,133.611057661212
2014-11-05,136.244524432212
2014-11-06,141.766309597212
2014-11-07,144.201558439212
2014-11-08,138.141753181212
2014-11-09,142.106111761212
2014-11-10,141.511457974212
2014-11-11,123.558576976212
2014-11-12,139.840764001212
2014-11-13,130.581155032212
2014-11-14,140.746903105212
2014-11-15,134.885315776212
2014-11-16,125.484122572212
2014-11-17,121.576397686212
2014-11-18,123.218774812212
2014-11-19,103.878368311212
2014-11-20,103.113813442212
2014-11-21,127.069866004212
2014-11-22,114.468869089212
2014-11-23,125.569073113212
2014-11-24,112.713224575212
2014-11-25,104.189853628212
2014-11-26,111.184114837212
2014-11-27,108.295796443212
2014-11-28,111.722134930212
2014-11-29,106.002131836212
2014-11-30,110.815995826212
2014-12-01,105.011042191212
2014-12-02,98.8379695452117
2014-12-03,70.4644888512117
2014-12-04,91.5039061722117
2014-12-05,92.7215305932117
2014-12-06,64.4896341342117
2014-12-07,60.3553744722117
2014-12-08,80.0638999842117
2014-12-09,82.3858814382117
2014-12-10,25.6389200502117
2014-12-11,12.4149525012117
2014-12-12,24.1381271592117
2014-12-13,52.7098257822117
2014-12-14,25.6955537442117
2014-12-15,46.7916047592117
2014-12-16,57.4670560782117
2014-12-17,65.3957732382117
2014-12-18,24.1947608532117
2014-12-19,10.0929710472117
2014-12-20,39.4858582332117
2014-12-21,54.4371534492117
2014-12-22,64.0365645822117
2014-12-23,53.2761627222117
2014-12-24,19.0694115462117
2014-12-25,27.6210993402117
2014-12-26,50.4161611752117
2014-12-27,42.1193250042117
2014-12-28,43.2236820372117
2014-12-29,64.4896341342117
2014-12-30,76.7508288852117
2014-12-31,80.6302369242117
2015-01-01,85.9254873132117
2015-01-02,62.9038907022117
2015-01-03,102.264308032212
2015-01-04,78.3365723172117
2015-01-05,88.3890530022117
2015-01-06,65.7922090962117
2015-01-07,79.1860777272117
2015-01-08,84.1132091052117
2015-01-09,91.2773713962117
2015-01-10,90.3145985982117
2015-01-11,90.9092523852117
2015-01-12,90.7959849972117
2015-01-13,121.802932462212
2015-01-14,103.255397677212
2015-01-15,71.2573605672117
2015-01-16,80.6302369242117
2015-01-17,72.3617176002117
2015-01-18,79.8090483612117
2015-01-19,124.776201397212
2015-01-20,89.0403404832117
2015-01-21,84.7078628922117
2015-01-22,53.5876480392117
2015-01-23,97.7052956652117
2015-01-24,103.623516688212
2015-01-25,60.2137902372117
2015-01-26,66.8682492822117
2015-01-27,124.209864457212
2015-01-28,64.0931982762117
2015-01-29,106.370250847212
2015-01-30,103.680150382212
2015-01-31,106.256983459212
2015-02-01,59.1377500512117
2015-02-02,60.8367608712117
2015-02-03,127.947688261212
2015-02-04,61.7995336692117
2015-02-05,105.152626426212
2015-02-06,50.7276464922117
2015-02-07,14.1422801682117
2015-02-08,18.8428767702117
2015-02-09,72.9280545402117
2015-02-10,14.6803002612117
2015-02-11,54.4088366022117
2015-02-12,35.4365491122117
2015-02-13,37.6452631782117
2015-02-14,33.0862508112117
2015-02-15,38.3815012002117
2015-02-16,59.4209185212117
2015-02-17,46.6217036772117
2015-02-18,31.6137747672117
2015-02-19,55.0601240832117
2015-02-20,61.0916124942117
2015-02-21,54.5221039902117
2015-02-22,64.9710205332117
2015-02-23,65.7922090962117
2015-02-24,66.7266650472117
2015-02-25,79.3276619622117
2015-02-26,82.5840993672117
2015-02-27,85.2741998322117
2015-02-28,84.7644965862117
2015-03-01,59.5625027562117
2015-03-02,78.7046913282117
2015-03-03,97.2522261132117
2015-03-04,93.3161843802117
2015-03-05,99.4892570262117
2015-03-06,83.4336047772117
2015-03-07,87.4829138982117
2015-03-08,58.8545815812117
2015-03-09,96.6292554792117
2015-03-10,77.1189478962117
2015-03-11,102.830644972212
2015-03-12,98.0734146762117
2015-03-13,92.5516295112117
2015-03-14,96.1478690802117
2015-03-15,98.3848999932117
2015-03-16,60.2421070842117
2015-03-17,96.9407407962117
2015-03-18,91.9003420302117
2015-03-19,87.1714285812117
2015-03-20,96.5159880912117
2015-03-21,88.5872709312117
2015-03-22,77.1472647432117
2015-03-23,91.6454904072117
2015-03-24,95.1001457412117
2015-03-25,85.1892492912117
2015-03-26,97.0540081842117
2015-03-27,85.5007346082117
2015-03-28,93.5427191562117
2015-03-29,61.0349788002117
2015-03-30,95.8930174572117
2015-03-31,81.3098412522117
2015-04-01,94.3355908722117
2015-04-02,92.9763822162117
2015-04-03,82.8389509902117
2015-04-04,84.9343976682117
2015-04-05,85.8122199252117
2015-04-06,84.1698427992117
2015-04-07,88.3607361552117
2015-04-08,100.990049917212
2015-04-09,66.4151797302117
2015-04-10,83.6318227062117
2015-04-11,77.2605321312117
2015-04-12,66.3019123422117
2015-04-13,91.9569757242117
2015-04-14,82.6407330612117
2015-04-15,90.4278659862117
2015-04-16,102.349258573212
2015-04-17,116.705900002212
2015-04-18,111.722134930212
2015-04-19,102.774011278212
2015-04-20,114.100750078212
2015-04-21,126.305311135212
2015-04-22,134.488879918212
2015-04-23,138.000168946212
2015-04-24,166.373649640212
2015-04-25,171.555632641212
2015-04-26,214.540606387212
2015-04-27,185.855640376212
2015-04-28,190.244751661212
2015-04-29,200.099014417212
2015-04-30,190.414652743212
2015-05-01,196.814260165212
2015-05-02,188.120988136212
2015-05-03,209.301989692212
2015-05-04,198.739805761212
2015-05-05,217.060805770212
2015-05-06,204.459808855212
2015-05-07,178.833062320212
2015-05-08,218.759816590212
2015-05-09,207.348127249212
2015-05-10,204.658026784212
2015-05-11,221.081798044212
2015-05-12,202.251094789212
2015-05-13,210.717832042212
2015-05-14,246.142207639212
2015-05-15,157.340575447212
2015-05-16,197.692082422212
2015-05-17,203.355451822212
2015-05-18,210.038227714212
2015-05-19,219.184569295212
2015-05-20,183.363757840212
2015-05-21,220.005757858212
2015-05-22,220.090708399212
2015-05-23,209.443573927212
2015-05-24,198.088518280212
2015-05-25,197.748716116212
2015-05-26,202.222777942212
2015-05-27,194.010892312212
2015-05-28,213.945952600212
2015-05-29,200.297232346212
2015-05-30,188.687325076212
2015-05-31,194.747130334212
2015-06-01,177.275635735212
2015-06-02,180.163954129212
2015-06-03,173.934247789212
2015-06-04,188.460790300212
2015-06-05,192.198614104212
2015-06-06,182.146133419212
2015-06-07,184.524748567212
2015-06-08,193.925941771212
2015-06-09,166.600184416212
2015-06-10,167.732858296212
2015-06-11,175.010287975212
2015-06-12,163.825133410212
2015-06-13,180.985142692212
2015-06-14,171.980385346212
2015-06-15,197.578815034212
2015-06-16,184.609699108212
2015-06-17,172.206920122212
2015-06-18,172.914841297212
2015-06-19,178.946329708212
2015-06-20,163.995034492212
2015-06-21,167.081570815212
2015-06-22,183.845144239212
2015-06-23,162.012855202212
2015-06-24,170.592859843212
2015-06-25,163.825133410212
2015-06-26,167.874442531212
2015-06-27,163.938400798212
2015-06-28,173.707713013212
2015-06-29,167.676224602212
2015-06-30,146.948292598212
2015-07-01,146.580173587212
2015-07-02,156.689287966212
2015-07-03,166.147114864212
2015-07-04,183.477025228212
2015-07-05,171.357414712212
2015-07-06,172.376821204212
2015-07-07,163.088895388212
2015-07-08,170.054839750212
2015-07-09,158.558199868212
2015-07-10,167.364739285212
2015-07-11,174.981971128212
2015-07-12,180.418805752212
2015-07-13,169.658403892212
2015-07-14,177.077417806212
2015-07-15,166.317015946212
2015-07-16,165.240975760212
2015-07-17,166.826719192212
2015-07-18,170.960978854212
2015-07-19,145.645717636212
2015-07-20,172.943158144212
2015-07-21,141.086705269212
2015-07-22,156.009683638212
2015-07-23,165.240975760212
2015-07-24,152.413444069212
2015-07-25,152.413444069212
2015-07-26,162.126122590212
2015-07-27,161.446518262212
2015-07-28,153.546117949212
2015-07-29,175.548308068212
2015-07-30,159.039586267212
2015-07-31,158.020179775212
2015-08-01,154.480573900212
2015-08-02,158.982952573212
2015-08-03,165.240975760212
2015-08-04,150.912651178212
2015-08-05,154.480573900212
2015-08-06,157.198991212212
2015-08-07,156.859189048212
2015-08-08,157.595427070212
2015-08-09,155.046910840212
2015-08-10,146.495223046212
2015-08-11,155.443346698212
2015-08-12,148.562352877212
2015-08-13,155.528297239212
2015-08-14,184.383164332212
2015-08-15,172.603355980212
2015-08-16,152.951464162212
2015-08-17,156.604337425212
2015-08-18,135.196801093212
2015-08-19,156.038000485212
2015-08-20,149.836610992212
2015-08-21,163.598598634212
2015-08-22,163.966717645212
2015-08-23,136.980762454212
2015-08-24,173.736029860212
2015-08-25,156.406119496212
2015-08-26,153.432850561212
2015-08-27,135.848088574212
2015-08-28,158.218397704212
2015-08-29,159.605923207212
2015-08-30,143.295419335212
2015-08-31,155.330079310212
2015-09-01,143.125518253212
2015-09-02,157.198991212212
2015-09-03,165.156025219212
2015-09-04,168.016026766212
2015-09-05,160.795230781212
2015-09-06,176.737615642212
2015-09-07,162.607508989212
2015-09-08,164.674638820212
2015-09-09,143.805122581212
2015-09-10,175.604941762212
2015-09-11,182.089499725212
2015-09-12,156.859189048212
2015-09-13,168.299195236212
2015-09-14,181.579796479212
2015-09-15,148.505719183212
2015-09-16,138.056802640212
2015-09-17,140.690269411212
2015-09-18,141.822943291212
2015-09-19,146.636807281212
2015-09-20,173.226326614212
2015-09-21,155.216811922212
2015-09-22,141.284923198212
2015-09-23,147.146510527212
2015-09-24,171.300781018212
2015-09-25,155.358396157212
2015-09-26,164.533054585212
2015-09-27,142.898983477212
2015-09-28,145.957202953212
2015-09-29,158.643150409212
2015-09-30,145.362549166212
2015-10-01,165.467510536212
2015-10-02,164.872856749212
2015-10-03,163.966717645212
2015-10-04,151.903740823212
2015-10-05,163.995034492212
2015-10-06,166.345332793212
2015-10-07,185.799006682212
2015-10-08,184.524748567212
2015-10-09,166.855036039212
2015-10-10,163.598598634212
2015-10-11,161.446518262212
2015-10-12,176.312862937212
2015-10-13,169.488502810212
2015-10-14,163.145529082212
2015-10-15,145.475816554212
2015-10-16,161.474835109212
2015-10-17,166.770085498212
2015-10-18,150.289680544212
2015-10-19,159.860774830212
2015-10-20,177.643754746212
2015-10-21,139.274427061212
2015-10-22,117.866890729212
2015-10-23,135.593236951212
2015-10-24,129.788283316212
2015-10-25,137.433832006212
2015-10-26,123.473626435212
2015-10-27,129.873233857212
2015-10-28,106.738369858212
2015-10-29,134.602147306212
2015-10-30,139.217793367212
2015-10-31,136.754227678212
2015-11-01,124.323131845212
2015-11-02,127.239767086212
2015-11-03,145.928886106212
2015-11-04,118.659762445212
2015-11-05,138.255020569212
2015-11-06,126.956598616212
2015-11-07,130.213036021212
2015-11-08,130.892640349212
2015-11-09,131.685512065212
2015-11-10,144.909479614212
2015-11-11,121.972833544212
2015-11-12,123.133824271212
2015-11-13,125.257587796212
2015-11-14,126.022142665212
2015-11-15,117.810257035212
2015-11-16,93.7975707792117
2015-11-17,119.367683620212
2015-11-18,109.853223028212
2015-11-19,114.468869089212
2015-11-20,108.380746984212
2015-11-21,102.604110196212
2015-11-22,104.671240027212
2015-11-23,105.775597060212
2015-11-24,119.056198303212
2015-11-25,118.574811904212
2015-11-26,102.915595513212
2015-11-27,106.115399224212
2015-11-28,111.523917001212
2015-11-29,105.180943273212
2015-11-30,110.815995826212
2015-12-01,120.698575429212
2015-12-02,105.888864448212
2015-12-03,123.898379140212
2015-12-04,93.2312338392117
2015-12-05,75.1367686062117
2015-12-06,106.087082377212
2015-12-07,110.391243121212
2015-12-08,123.983329681212
2015-12-09,104.982725344212
2015-12-10,98.8662863922117
2015-12-11,97.1389587252117
2015-12-12,95.1850962822117
2015-12-13,92.6365800522117
2015-12-14,100.423712977212
2015-12-15,112.968076198212
2015-12-16,125.654023654212
2015-12-17,121.236595522212
2015-12-18,98.2433157582117
2015-12-19,106.710053011212
2015-12-20,103.057179748212
2015-12-21,81.1682570172117
2015-12-22,100.621930906212
2015-12-23,104.727873721212
2015-12-24,98.7813358512117
2015-12-25,112.996393045212
2015-12-26,71.6537964252117
2015-12-27,66.9531998232117
2015-12-28,95.6381658342117
2015-12-29,88.0492508382117
2015-12-30,87.7943992152117
2015-12-31,88.2474687672117
2016-01-01,84.7644965862117
2016-01-02,76.8924131202117
2016-01-03,76.8074625792117
2016-01-04,80.2904347602117
2016-01-05,61.2331967292117
2016-01-06,62.3092369152117
2016-01-07,65.6223080142117
2016-01-08,66.9815166702117
2016-01-09,66.3019123422117
2016-01-10,67.6044873042117
2016-01-11,78.2516217762117
2016-01-12,83.0371689192117
2016-01-13,53.8708165092117
2016-01-14,43.1670483432117
2016-01-15,56.4476495862117
2016-01-16,53.6725985802117
2016-01-17,27.4511982582117
2016-01-18,34.3321920792117
2016-01-19,35.1250637952117
2016-01-20,31.2739726032117
2016-01-21,7.1197021122117
2016-01-22,15.3599045892117
2016-01-23,25.6106032032117
2016-01-24,25.6672368972117
2016-01-25,28.5838721382117
2016-01-26,104.076586240212
2016-01-27,54.5504208372117
2016-01-28,34.3888257732117
2016-01-29,34.5304100082117
2016-01-30,17.9367376662117
2016-01-31,15.1616866602117
2016-02-01,35.4648659592117
2016-02-02,36.1161534402117
2016-02-03,66.1036944132117
2016-02-04,67.2930019872117
2016-02-05,65.3674563912117
2016-02-06,63.1021086312117
2016-02-07,72.3617176002117
2016-02-08,90.0314301282117
2016-02-09,101.782921633212
2016-02-10,98.2149989112117
2016-02-11,80.8567717002117
2016-02-12,69.7848845232117
2016-02-13,82.0743961212117
2016-02-14,84.7644965862117
2016-02-15,81.1399401702117
2016-02-16,70.8892415562117
2016-02-17,63.7817129592117
2016-02-18,57.8634919362117
2016-02-19,93.2312338392117
2016-02-20,88.4740035432117
2016-02-21,95.8363837632117
2016-02-22,70.9741920972117
2016-02-23,79.5825135852117
2016-02-24,77.3737995192117
2016-02-25,81.1965738642117
2016-02-26,91.9852925712117
2016-02-27,80.6019200772117
2016-02-28,79.1577608802117
2016-02-29,89.0403404832117
2016-03-01,71.4555784962117
2016-03-02,70.6627067802117
2016-03-03,47.8110112512117
2016-03-04,66.9815166702117
2016-03-05,62.9038907022117
2016-03-06,37.4187284022117
2016-03-07,72.1918165182117
2016-03-08,31.6420916142117
2016-03-09,37.9567484952117
2016-03-10,27.6210993402117
2016-03-11,19.8906001092117
2016-03-12,15.3882214362117
2016-03-13,19.6357484862117
2016-03-14,16.6341627042117
2016-03-15,39.7690267032117
2016-03-16,57.3254718432117
2016-03-17,91.7304409482117
2016-03-18,500.002740994212
2016-03-19,492.187291222212
2016-03-20,482.248077925212
2016-03-21,487.911447325212
2016-03-22,486.382337587212
2016-03-23,420.828836782212
2016-03-24,394.437535378212
2016-03-25,333.584631175212
2016-03-26,282.925791892212
2016-03-27,195.398417815212
2016-03-28,124.294814998212
2016-03-29,126.560162758212
2016-03-30,218.306747038212
2016-03-31,164.051668186212
2016-04-01,133.837592437212
2016-04-02,102.405892267212
2016-04-03,158.643150409212
2016-04-04,139.585912378212
2016-04-05,136.499376055212
2016-04-06,147.373045303212
2016-04-07,149.128689817212
2016-04-08,135.536603257212
2016-04-09,106.596785623212
2016-04-10,139.925714542212
2016-04-11,100.338762436212
2016-04-12,130.382937103212
2016-04-13,123.785111752212
2016-04-14,136.952445607212
2016-04-15,131.232442513212
2016-04-16,129.816600163212
2016-04-17,138.821357509212
2016-04-18,142.417597078212
2016-04-19,130.552838185212
2016-04-20,140.690269411212
2016-04-21,118.008474964212
2016-04-22,132.450066934212
2016-04-23,145.107697543212
2016-04-24,139.416011296212
2016-04-25,140.463734635212
2016-04-26,137.348881465212
2016-04-27,131.685512065212
2016-04-28,132.874819639212
2016-04-29,128.089272496212
2016-04-30,138.736406968212
2016-05-01,152.470077763212
2016-05-02,148.165917019212
2016-05-03,157.652060764212
2016-05-04,157.029090130212
2016-05-05,161.956221508212
2016-05-06,173.198009767212
2016-05-07,169.828304974212
2016-05-08,158.699784103212
2016-05-09,163.400380705212
2016-05-10,181.041776386212
2016-05-11,170.960978854212
2016-05-12,170.819394619212
2016-05-13,168.837215329212
2016-05-14,169.771671280212
2016-05-15,166.147114864212
2016-05-16,168.270878389212
2016-05-17,181.409895397212
2016-05-18,177.445536817212
2016-05-19,187.866136513212
2016-05-20,175.888110232212
2016-05-21,171.470682100212
2016-05-22,164.108301880212
2016-05-23,176.114645008212
2016-05-24,187.384750114212
2016-05-25,169.063750105212
2016-05-26,139.840764001212
2016-05-27,182.344351348212
2016-05-28,161.786320426212
2016-05-29,184.383164332212
2016-05-30,161.135032945212
2016-05-31,187.469700655212
2016-06-01,199.107924772212
2016-06-02,209.585158162212
2016-06-03,210.406346725212
2016-06-04,198.711488914212
2016-06-05,216.494468830212
2016-06-06,210.717832042212
2016-06-07,215.814864502212
2016-06-08,219.665955694212
2016-06-09,215.616646573212
2016-06-10,230.171505931212
2016-06-11,220.175658940212
2016-06-12,212.700011332212
2016-06-13,206.357037604212
2016-06-14,218.221796497212
2016-06-15,210.859416277212
2016-06-16,220.600411645212
2016-06-17,216.437835136212
2016-06-18,238.185173632212
2016-06-19,240.223986616212
2016-06-20,240.677056168212
2016-06-21,245.009533759212
2016-06-22,217.428924781212
2016-06-23,225.187740859212
2016-06-24,239.431114900212
2016-06-25,237.307351375212
2016-06-26,221.902986607212
2016-06-27,218.533281814212
2016-06-28,224.904572389212
2016-06-29,211.057634206212
2016-06-30,219.835856776212
2016-07-01,246.935079355212
2016-07-02,240.620422474212
2016-07-03,222.950709946212
2016-07-04,236.542796506212
2016-07-05,233.314675948212
2016-07-06,222.129521383212
2016-07-07,241.781413201212
2016-07-08,251.324190640212
2016-07-09,240.903590944212
2016-07-10,258.573303472212
2016-07-11,269.248754791212
2016-07-12,250.049932525212
2016-07-13,254.127558493212
2016-07-14,233.399626489212
2016-07-15,253.702805788212
2016-07-16,238.411708408212
2016-07-17,239.006362195212
2016-07-18,246.566960344212
2016-07-19,246.397059262212
2016-07-20,248.973892339212
2016-07-21,261.886374571212
2016-07-22,265.142811976212
2016-07-23,264.746376118212
2016-07-24,253.561221553212
2016-07-25,256.930926346212
2016-07-26,264.293306566212
2016-07-27,265.171128823212
2016-07-28,264.095088637212
2016-07-29,265.454297293212
2016-07-30,255.939836701212
2016-07-31,252.909934072212
2016-08-01,259.111323565212
2016-08-02,258.176867614212
2016-08-03,260.725383844212
2016-08-04,257.100827428212
2016-08-05,265.964000539212
2016-08-06,260.866968079212
2016-08-07,255.373499761212
2016-08-08,262.792513675212
2016-08-09,263.840237014212
2016-08-10,263.358850615212
2016-08-11,253.731122635212
2016-08-12,262.622612593212
2016-08-13,273.184796524212
2016-08-14,255.826569313212
2016-08-15,243.933493573212
2016-08-16,263.330533768212
2016-08-17,261.263403937212
2016-08-18,257.242411663212
2016-08-19,259.621026811212
2016-08-20,246.425376109212
2016-08-21,260.300631139212
2016-08-22,250.361417842212
2016-08-23,240.960224638212
2016-08-24,252.060428662212
2016-08-25,256.647757876212
2016-08-26,270.098260201212
2016-08-27,268.342615687212
2016-08-28,272.420241655212
2016-08-29,276.752719246212
2016-08-30,273.524598688212
2016-08-31,270.777864529212
2016-09-01,262.622612593212
2016-09-02,255.939836701212
2016-09-03,249.228743962212
2016-09-04,254.099241646212
2016-09-05,277.460640421212
2016-09-06,244.584781054212
2016-09-07,259.875878434212
2016-09-08,239.232896971212
2016-09-09,217.485558475212
2016-09-10,240.054085534212
2016-09-11,229.350317368212
2016-09-12,219.496054612212
2016-09-13,227.169920149212
2016-09-14,230.228139625212
2016-09-15,220.826946421212
2016-09-16,232.210318915212
2016-09-17,241.016858332212
2016-09-18,225.159424012212
2016-09-19,233.031507478212
2016-09-20,207.489711484212
2016-09-21,218.250113344212
2016-09-22,205.365947959212
2016-09-23,209.358623386212
2016-09-24,204.346541467212
2016-09-25,212.416842862212
2016-09-26,189.763365262212
2016-09-27,193.218020596212
2016-09-28,183.675243157212
2016-09-29,193.784357536212
2016-09-30,192.793267891212
2016-10-01,182.117816572212
2016-10-02,187.044947950212
2016-10-03,200.608717663212
2016-10-04,187.214849032212
2016-10-05,189.395246251212
2016-10-06,170.111473444212
2016-10-07,144.286508980212
2016-10-08,175.633258609212
2016-10-09,175.888110232212
2016-10-10,169.969889209212
2016-10-11,183.137223064212
2016-10-12,181.721380714212
2016-10-13,168.610680553212
2016-10-14,179.031280249212
2016-10-15,161.021765557212
2016-10-16,178.578210697212
2016-10-17,174.698802658212
2016-10-18,151.054235413212
2016-10-19,140.293833553212
2016-10-20,154.225722277212
2016-10-21,167.959393072212
2016-10-22,166.373649640212
2016-10-23,161.163349792212
2016-10-24,156.009683638212
2016-10-25,140.435417788212
2016-10-26,140.435417788212
2016-10-27,139.699179766212
2016-10-28,118.914614068212
2016-10-29,113.364512056212
2016-10-30,159.067903114212
2016-10-31,128.259173578212
2016-11-01,143.606904652212
2016-11-02,140.095615624212
2016-11-03,124.577983468212
2016-11-04,121.038377593212
2016-11-05,116.875801084212
2016-11-06,136.159573891212
2016-11-07,129.448481152212
2016-11-08,128.259173578212
2016-11-09,115.828077745212
2016-11-10,107.955994279212
2016-11-11,117.753623341212
2016-11-12,125.200954102212
2016-11-13,139.416011296212
2016-11-14,134.432246224212
2016-11-15,144.144924745212
2016-11-16,145.758985024212
2016-11-17,134.573830459212
2016-11-18,117.951841270212
2016-11-19,124.294814998212
2016-11-20,128.004321955212
2016-11-21,127.409668168212
2016-11-22,136.357791820212
2016-11-23,135.479969563212
2016-11-24,121.802932462212
2016-11-25,130.354620256212
2016-11-26,126.956598616212
2016-11-27,129.391847458212
2016-11-28,124.039963375212
2016-11-29,129.278580070212
2016-11-30,139.359377602212
2016-12-01,120.755209123212
2016-12-02,122.425903096212
2016-12-03,135.140167399212
2016-12-04,133.441156579212
2016-12-05,120.783525970212
2016-12-06,118.829663527212
2016-12-07,119.792436325212
2016-12-08,145.022747002212
2016-12-09,148.052649631212
2016-12-10,137.688683629212
2016-12-11,120.868476511212
2016-12-12,101.811238480212
2016-12-13,116.281147297212
2016-12-14,116.167879909212
2016-12-15,50.9541812682117
2016-12-16,73.2961735512117
2016-12-17,83.3486542362117
2016-12-18,85.3308335262117
2016-12-19,79.2427114212117
2016-12-20,100.933416223212
2016-12-21,220.147342093212
2016-12-22,226.575266362212
2016-12-23,267.861229288212
2016-12-24,283.407178291212
2016-12-25,264.151722331212
2016-12-26,268.682417851212
2016-12-27,236.429529118212
2016-12-28,249.880031443212
2016-12-29,264.293306566212
2016-12-30,242.715869152212
2016-12-31,215.333478103212
2017-01-01,167.279788744212
2017-01-02,158.841368338212
2017-01-03,138.934624897212
2017-01-04,100.338762436212
2017-01-05,113.477779444212
2017-01-06,125.370855184212
2017-01-07,241.922997436212
2017-01-08,330.158292688212
2017-01-09,282.132920176212
2017-01-10,263.358850615212
2017-01-11,344.628201505212
2017-01-12,931.608122968212
2017-01-13,955.281007060212
2017-01-14,946.984170889212
2017-01-15,948.031894228212
2017-01-16,928.040200246212
2017-01-17,948.598231168212
2017-01-18,823.975787521212
2017-01-19,751.937728753212
2017-01-20,700.627601989212
2017-01-21,721.723653004212
2017-01-22,705.158297509212
2017-01-23,766.889023969212
2017-01-24,705.271564897212
2017-01-25,780.367843141212
2017-01-26,792.968840056212
2017-01-27,753.042085786212
2017-01-28,653.111932723212
2017-01-29,613.128544759212
2017-01-30,603.189331462212
2017-01-31,614.629337650212
2017-02-01,602.736261910212
2017-02-02,568.416243346212
2017-02-03,615.082407202212
2017-02-04,603.727351555212
2017-02-05,617.177853880212
2017-02-06,764.793577291212
2017-02-07,662.994512326212
2017-02-08,541.062169144212
2017-02-09,467.693218567212
2017-02-10,1023.43965778921
2017-02-11,1403.56501191721
2017-02-12,1676.90753600821
2017-02-13,1917.71400289621
2017-02-14,2116.61153622421
2017-02-15,1850.37654073021
2017-02-16,1330.67744773921
2017-02-17,1563.92331647821
2017-02-18,1366.10182333621
2017-02-19,1278.51781556521
2017-02-20,680.126204761212
2017-02-21,828.959552593212
2017-02-22,1607.81442932821
2017-02-23,1862.80763656321
2017-02-24,1959.53798591521
2017-02-25,1938.83837075821
2017-02-26,1916.18489315821
2017-02-27,1885.23457938721
2017-02-28,1898.03379423121
2017-03-01,1838.03039543821
2017-03-02,1578.90292854121
2017-03-03,1367.26281406321
2017-03-04,1180.39994071021
2017-03-05,960.604574296212
2017-03-06,843.202926634212
2017-03-07,650.166980635212
2017-03-08,534.379393252212
2017-03-09,465.088068643212
2017-03-10,388.179512191212
2017-03-11,328.147796551212
2017-03-12,275.846580142212
2017-03-13,221.138431738212
2017-03-14,245.377652770212
2017-03-15,209.188722304212
2017-03-16,176.171278702212
2017-03-17,188.007720748212
2017-03-18,185.600788753212
2017-03-19,193.840991230212
2017-03-20,190.697821213212
2017-03-21,173.849297248212
2017-03-22,141.228289504212
2017-03-23,179.965736200212
2017-03-24,177.643754746212
2017-03-25,164.731272514212
2017-03-26,198.031884586212
2017-03-27,215.843181349212
2017-03-28,213.294665119212
2017-03-29,274.487371486212
2017-03-30,262.197859888212
2017-03-31,252.598448755212
2017-04-01,262.792513675212
2017-04-02,256.506173641212
2017-04-03,240.365570851212
2017-04-04,257.752114909212
2017-04-05,255.345182914212
2017-04-06,246.906762508212
2017-04-07,207.376444096212
2017-04-08,251.550725416212
2017-04-09,248.124386929212
2017-04-10,253.674488941212
2017-04-11,240.931907791212
2017-04-12,321.125218495212
2017-04-13,525.629487529212
2017-04-14,613.581614311212
2017-04-15,645.862819891212
2017-04-16,650.223614329212
2017-04-17,655.094112013212
2017-04-18,702.213345421212
2017-04-19,790.703492296212
2017-04-20,817.123110547212
2017-04-21,858.720558790212
2017-04-22,857.871053380212
2017-04-23,843.712629880212
2017-04-24,859.711648435212
2017-04-25,696.634926562212
2017-04-26,590.333482924212
2017-04-27,504.986506066212
2017-04-28,393.191594110212
2017-04-29,337.803841378212
2017-04-30,306.400458055212
2017-05-01,245.689138087212
2017-05-02,213.776051518212
2017-05-03,188.036037595212
2017-05-04,143.890073122212
2017-05-05,125.370855184212
2017-05-06,114.723720712212
2017-05-07,245.972306557212
2017-05-08,264.859643506212
2017-05-09,280.179057733212
2017-05-10,262.537662052212
2017-05-11,248.237654317212
2017-05-12,248.350921705212
2017-05-13,257.893699144212
2017-05-14,289.523617243212
2017-05-15,274.883807344212
2017-05-16,255.939836701212
2017-05-17,275.251926355212
2017-05-18,288.928963456212
2017-05-19,258.998056177212
2017-05-20,259.536076270212
2017-05-21,269.928359119212
2017-05-22,263.783603320212
2017-05-23,265.850733151212
2017-05-24,286.493714614212
2017-05-25,231.728932516212
2017-05-26,255.628351384212
2017-05-27,260.130730057212
2017-05-28,244.414879972212
2017-05-29,247.444782601212
2017-05-30,260.612116456212
2017-05-31,238.779827419212
2017-06-01,249.115476574212
2017-06-02,237.647153539212
2017-06-03,255.033697597212
2017-06-04,249.681813514212
2017-06-05,275.110342120212
2017-06-06,252.343597132212
2017-06-07,249.880031443212
2017-06-08,222.242788771212
2017-06-09,223.601997427212
2017-06-10,212.445159709212
2017-06-11,230.766159718212
2017-06-12,224.904572389212
2017-06-13,200.155648111212
2017-06-14,211.057634206212
2017-06-15,219.127935601212
2017-06-16,196.106338990212
2017-06-17,194.633862946212
2017-06-18,242.262799600212
2017-06-19,227.113286455212
2017-06-20,240.648739321212
2017-06-21,258.120233920212
2017-06-22,245.547553852212
2017-06-23,243.395473480212
2017-06-24,237.788737774212
2017-06-25,210.123178255212
2017-06-26,246.340425568212
2017-06-27,230.199822778212
2017-06-28,247.529733142212
2017-06-29,237.279034528212
2017-06-30,243.763592491212
2017-07-01,229.435267909212
2017-07-02,228.076059253212
2017-07-03,233.937646582212
2017-07-04,233.456260183212
2017-07-05,223.885165897212
2017-07-06,234.928736227212
2017-07-07,246.312108721212
2017-07-08,239.487748594212
2017-07-09,238.836461113212
2017-07-10,245.717454934212
2017-07-11,246.425376109212
2017-07-12,228.614079346212
2017-07-13,219.127935601212
2017-07-14,239.232896971212
2017-07-15,238.185173632212
2017-07-16,229.944971155212
2017-07-17,247.388148907212
2017-07-18,212.501793403212
2017-07-19,216.919221535212
2017-07-20,245.632504393212
2017-07-21,251.975478121212
2017-07-22,244.584781054212
2017-07-23,245.745771781212
2017-07-24,246.680227732212
2017-07-25,266.162218468212
2017-07-26,264.604791883212
2017-07-27,243.112305010212
2017-07-28,215.758230808212
2017-07-29,262.707563134212
2017-07-30,248.945575492212
2017-07-31,250.191516760212
2017-08-01,243.706958797212
2017-08-02,245.943989710212
2017-08-03,254.410726963212
2017-08-04,252.456864520212
2017-08-05,245.660821240212
2017-08-06,245.802405475212
2017-08-07,230.426357554212
2017-08-08,242.432700682212
2017-08-09,233.796062347212
2017-08-10,255.854886160212
2017-08-11,225.697444105212
2017-08-12,257.270728510212
2017-08-13,242.149532212212
2017-08-14,236.882598670212
2017-08-15,254.212509034212
2017-08-16,259.847561587212
2017-08-17,252.938250919212
2017-08-18,229.350317368212
2017-08-19,231.162595576212
2017-08-20,243.395473480212
2017-08-21,246.623594038212
2017-08-22,265.086178282212
2017-08-23,227.453088619212
2017-08-24,232.408536844212
2017-08-25,240.931907791212
2017-08-26,259.422808882212
2017-08-27,258.091917073212
2017-08-28,237.363985069212
2017-08-29,224.819621848212
2017-08-30,201.401589379212
2017-08-31,198.003567739212
2017-09-01,206.300403910212
2017-09-02,193.897624924212
2017-09-03,199.957430182212
2017-09-04,211.765555381212
2017-09-05,211.765555381212
2017-09-06,190.697821213212
2017-09-07,192.878218432212
2017-09-08,218.561598661212
2017-09-09,213.577833589212
2017-09-10,207.574662025212
2017-09-11,206.073869134212
2017-09-12,201.033470368212
2017-09-13,188.743958770212
2017-09-14,204.431492008212
2017-09-15,190.018216885212
2017-09-16,204.827927866212
2017-09-17,200.750301898212
2017-09-18,209.613475009212
2017-09-19,219.552688306212
2017-09-20,213.011496649212
2017-09-21,218.504964967212
2017-09-22,219.439420918212
2017-09-23,221.591501290212
2017-09-24,245.943989710212
2017-09-25,215.786547655212
2017-09-26,211.992090157212
2017-09-27,211.142584747212
2017-09-28,227.424771772212
2017-09-29,220.232292634212
2017-09-30,228.642396193212
2017-10-01,203.128917046212
2017-10-02,198.739805761212
2017-10-03,197.125745482212
2017-10-04,165.835629547212
2017-10-05,193.671090148212
2017-10-06,177.728705287212
2017-10-07,168.242561542212
2017-10-08,163.570281787212
2017-10-09,182.061182878212
2017-10-10,179.371082413212
2017-10-11,210.887733124212
2017-10-12,218.703182896212
2017-10-13,208.339216894212
2017-10-14,196.162972684212
2017-10-15,198.031884586212
2017-10-16,193.869308077212
2017-10-17,189.253662016212
2017-10-18,188.432473453212
2017-10-19,194.520595558212
2017-10-20,190.896039142212
2017-10-21,183.448708381212
2017-10-22,186.138808846212
2017-10-23,202.194461095212
2017-10-24,203.497036057212
2017-10-25,208.056048424212
2017-10-26,199.504360630212
2017-10-27,197.239012870212
2017-10-28,200.693668204212
2017-10-29,197.748716116212
2017-10-30,200.863569286212
2017-10-31,213.521199895212
2017-11-01,200.325549193212
2017-11-02,210.972683665212
2017-11-03,213.379615660212
2017-11-04,207.886147342212
2017-11-05,177.672071593212
2017-11-06,159.917408524212
2017-11-07,148.194233866212
2017-11-08,156.009683638212
2017-11-09,149.695026757212
2017-11-10,146.098787188212
2017-11-11,129.958184398212
2017-11-12,150.516215320212
2017-11-13,140.718586258212
2017-11-14,122.227685167212
2017-11-15,122.425903096212
2017-11-16,138.085119487212
2017-11-17,127.919371414212
2017-11-18,122.284318861212
2017-11-19,128.202539884212
2017-11-20,137.263930924212
2017-11-21,118.404910822212
2017-11-22,132.591651169212
2017-11-23,117.668672800212
2017-11-24,124.493032927212
2017-11-25,129.023728447212
2017-11-26,127.664519791212
2017-11-27,128.287490425212
2017-11-28,131.685512065212
2017-11-29,124.096597069212
2017-11-30,130.269669715212
2017-12-01,134.715414694212
2017-12-02,118.603128751212
2017-12-03,114.723720712212
2017-12-04,128.740559977212
2017-12-05,144.286508980212
2017-12-06,134.064127213212
2017-12-07,125.738974195212
2017-12-08,127.041549157212
2017-12-09,119.565901549212
2017-12-10,127.324717627212
2017-12-11,127.211450239212
2017-12-12,125.172637255212
2017-12-13,144.739578532212
2017-12-14,120.925110205212
2017-12-15,128.259173578212
2017-12-16,136.980762454212
2017-12-17,126.135410053212
2017-12-18,115.913028286212
2017-12-19,133.809275590212
2017-12-20,121.887883003212
2017-12-21,127.777787179212
2017-12-22,126.361944829212
2017-12-23,125.880558430212
2017-12-24,134.092444060212
2017-12-25,126.616796452212
2017-12-26,123.586893823212
2017-12-27,125.625706807212
2017-12-28,126.446895370212
2017-12-29,129.675015928212
2017-12-30,134.545513612212
2017-12-31,131.996997382212
2018-01-01,117.980158117212
2018-01-02,125.172637255212
2018-01-03,106.596785623212
2018-01-04,111.835402318212
2018-01-05,102.802328125212
2018-01-06,74.2589463492117
2018-01-07,110.079757804212
2018-01-08,84.4246944222117
2018-01-09,83.8583574822117
2018-01-10,89.0120236362117
2018-01-11,105.634012825212
2018-01-12,107.587875268212
2018-01-13,100.961733070212
2018-01-14,86.6900421822117
2018-01-15,90.7393513032117
2018-01-16,99.7157918022117
2018-01-17,96.3744038562117
2018-01-18,105.605695978212
2018-01-19,113.506096291212
2018-01-20,93.3445012272117
2018-01-21,106.908270940212
2018-01-22,101.811238480212
2018-01-23,100.565297212212
2018-01-24,107.955994279212
2018-01-25,104.671240027212
2018-01-26,115.913028286212
2018-01-27,108.182529055212
2018-01-28,102.434209114212
2018-01-29,104.557972639212
2018-01-30,110.985896908212
2018-01-31,113.251244668212
2018-02-01,101.216584693212
2018-02-02,98.6114347692117
2018-02-03,102.235991185212
2018-02-04,92.4100452762117
2018-02-05,116.904117931212
2018-02-06,111.665501236212
2018-02-07,113.760947914212
2018-02-08,102.972229207212
2018-02-09,101.669654245212
2018-02-10,97.3938103482117
2018-02-11,88.8138057072117
2018-02-12,126.871648075212
2018-02-13,111.750451777212
2018-02-14,107.361340492212
2018-02-15,103.227080830212
2018-02-16,100.027277119212
2018-02-17,80.9700390882117
2018-02-18,84.7361797392117
2018-02-19,76.5809278032117
2018-02-20,86.8599432642117
2018-02-21,90.7393513032117
2018-02-22,107.644508962212
2018-02-23,71.4555784962117
2018-02-24,66.7266650472117
2018-02-25,92.7498474402117
2018-02-26,88.5872709312117
2018-02-27,86.8033095702117
2018-02-28,92.5516295112117
2018-03-01,94.5904424952117
2018-03-02,89.5217268822117
2018-03-03,81.3098412522117
2018-03-04,89.2668752592117
2018-03-05,91.8437083362117
2018-03-06,92.8914316752117
2018-03-07,89.4934100352117
2018-03-08,89.1536078712117
2018-03-09,93.2029169922117
2018-03-10,92.2401441942117
2018-03-11,79.9223157492117
2018-03-12,88.2757856142117
2018-03-13,86.7749927232117
2018-03-14,31.5288242262117
2018-03-15,76.9490468142117
2018-03-16,72.1634996712117
2018-03-17,62.0827021392117
2018-03-18,91.3623219372117
2018-03-19,82.8106341432117
2018-03-20,92.7781642872117
2018-03-21,78.5347902462117
2018-03-22,79.4692461972117
2018-03-23,65.7922090962117
2018-03-24,80.4603358422117
2018-03-25,53.3894301102117
2018-03-26,75.9013234752117
2018-03-27,58.0900267122117
2018-03-28,94.9019278122117
2018-03-29,97.7052956652117
2018-03-30,70.4644888512117
2018-03-31,74.0890452672117
2018-04-01,61.9694347512117
2018-04-02,75.7597392402117
2018-04-03,89.7482616582117
2018-04-04,87.8510329092117
2018-04-05,92.6932137462117
2018-04-06,82.3575645912117
2018-04-07,57.6086403132117
2018-04-08,49.6799231532117
2018-04-09,67.2080514462117
2018-04-10,77.4870669072117
2018-04-11,76.0145908632117
2018-04-12,90.8526186912117
2018-04-13,86.2936063242117
2018-04-14,90.7110344562117
2018-04-15,77.8268690712117
2018-04-16,78.7046913282117
2018-04-17,85.8688536192117
2018-04-18,77.9684533062117
2018-04-19,91.7021241012117
2018-04-20,96.9407407962117
2018-04-21,104.784507415212
2018-04-22,91.2207377022117
2018-04-23,106.766686705212
2018-04-24,122.397586249212
2018-04-25,154.678791829212
2018-04-26,156.915822742212
2018-04-27,161.191666639212
2018-04-28,171.895434805212
2018-04-29,177.841972675212
2018-04-30,182.004549184212
2018-05-01,180.390488905212
2018-05-02,193.019802667212
2018-05-03,193.897624924212
2018-05-04,232.408536844212
2018-05-05,208.537434823212
2018-05-06,210.094861408212
2018-05-07,221.195065432212
2018-05-08,255.656668231212
2018-05-09,231.077645035212
2018-05-10,227.679623395212
2018-05-11,237.732104080212
2018-05-12,229.463584756212
2018-05-13,226.490315821212
2018-05-14,242.857453387212
2018-05-15,235.466756320212
2018-05-16,269.815091731212
2018-05-17,286.068961909212
2018-05-18,258.318451849212
2018-05-19,250.757853700212
2018-05-20,265.199445670212
2018-05-21,276.922620328212
2018-05-22,257.752114909212
2018-05-23,249.002209186212
2018-05-24,256.392906253212
2018-05-25,272.080439491212
2018-05-26,259.054689871212
2018-05-27,254.155875340212
2018-05-28,254.580628045212
2018-05-29,261.744790336212
2018-05-30,259.762611046212
2018-05-31,260.697066997212
2018-06-01,253.759439482212
2018-06-02,265.964000539212
2018-06-03,237.986955703212
2018-06-04,256.676074723212
2018-06-05,239.997451840212
2018-06-06,262.056275653212
2018-06-07,267.464793430212
2018-06-08,226.773484291212
2018-06-09,219.920807317212
2018-06-10,213.776051518212
2018-06-11,230.964377647212
2018-06-12,215.956448737212
2018-06-13,240.762006709212
2018-06-14,268.201031452212
2018-06-15,233.286359101212
2018-06-16,239.317847512212
2018-06-17,243.961810420212
2018-06-18,286.493714614212
2018-06-19,285.842427133212
2018-06-20,277.630541503212
2018-06-21,271.542419398212
2018-06-22,257.015876887212
2018-06-23,245.830722322212
2018-06-24,281.028563143212
2018-06-25,288.022824352212
2018-06-26,281.283414766212
2018-06-27,270.041626507212
2018-06-28,285.530941816212
2018-06-29,287.088368401212
2018-06-30,284.794703794212
2018-07-01,308.184419416212
2018-07-02,297.310750168212
2018-07-03,276.044798071212
2018-07-04,283.152326668212
2018-07-05,288.390943363212
2018-07-06,341.230179865212
2018-07-07,321.068584801212
2018-07-08,306.910161301212
2018-07-09,306.060655891212
2018-07-10,280.179057733212
2018-07-11,299.887583245212
2018-07-12,302.436099475212
2018-07-13,327.354924835212
2018-07-14,325.854131944212
2018-07-15,292.978272577212
2018-07-16,313.876105663212
2018-07-17,299.179662070212
2018-07-18,304.814714623212
2018-07-19,307.844617252212
2018-07-20,298.585008283212
2018-07-21,312.601847548212
2018-07-22,277.035887716212
2018-07-23,332.876710000212
2018-07-24,310.449767176212
2018-07-25,314.357492062212
2018-07-26,328.402648174212
2018-07-27,310.166598706212
2018-07-28,379.542873856212
2018-07-29,368.895739384212
2018-07-30,347.743054675212
2018-07-31,365.214549274212
2018-08-01,335.396909383212
2018-08-02,350.489788834212
2018-08-03,347.091767194212
2018-08-04,336.387999028212
2018-08-05,334.717305055212
2018-08-06,326.392152037212
2018-08-07,337.548989755212
2018-08-08,297.282433321212
2018-08-09,301.643227759212
2018-08-10,284.766386947212
2018-08-11,305.749170574212
2018-08-12,286.153912450212
2018-08-13,294.592332856212
2018-08-14,297.027581698212
2018-08-15,274.657272568212
2018-08-16,258.544986625212
2018-08-17,279.924206110212
2018-08-18,249.625179820212
2018-08-19,276.469550776212
2018-08-20,273.552915535212
2018-08-21,249.568546126212
2018-08-22,255.118648138212
2018-08-23,240.195669769212
2018-08-24,218.391697579212
2018-08-25,226.150513657212
2018-08-26,246.198841333212
2018-08-27,268.427566228212
2018-08-28,258.743204554212
2018-08-29,258.403402390212
2018-08-30,246.595277191212
2018-08-31,244.924583218212
2018-09-01,248.265971164212
2018-09-02,255.316866067212
2018-09-03,233.371309642212
2018-09-04,254.269142728212
2018-09-05,220.034074705212
2018-09-06,221.563184443212
2018-09-07,230.681209177212
2018-09-08,231.672298822212
2018-09-09,232.606754773212
2018-09-10,241.413294190212
2018-09-11,226.886751679212
2018-09-12,225.867345187212
2018-09-13,217.400607934212
2018-09-14,227.141603302212
2018-09-15,215.503379185212
2018-09-16,221.025164350212
2018-09-17,214.172487376212
2018-09-18,220.685362186212
2018-09-19,212.473476556212
2018-09-20,186.903363715212
2018-09-21,184.439798026212
2018-09-22,194.690496640212
2018-09-23,181.041776386212
2018-09-24,175.435040680212
2018-09-25,186.846730021212
2018-09-26,194.520595558212
2018-09-27,197.975250892212
2018-09-28,193.302971137212
2018-09-29,192.481782574212
2018-09-30,204.459808855212
2018-10-01,179.880785659212
2018-10-02,201.996243166212
2018-10-03,176.737615642212
2018-10-04,185.147719201212
2018-10-05,162.579192142212
2018-10-06,153.008097856212
2018-10-07,187.129898491212
2018-10-08,197.975250892212
2018-10-09,202.081193707212
2018-10-10,194.662179793212
2018-10-11,187.979403901212
2018-10-12,208.084365271212
2018-10-13,185.940590917212
2018-10-14,205.762383817212
2018-10-15,194.180793394212
2018-10-16,196.474458001212
2018-10-17,209.840009785212
2018-10-18,179.144547637212
2018-10-19,200.920202980212
2018-10-20,202.874065423212
2018-10-21,200.976836674212
2018-10-22,203.242184434212
2018-10-23,186.082175152212
2018-10-24,142.474230772212
2018-10-25,161.106716098212
2018-10-26,168.610680553212
2018-10-27,159.351071584212
2018-10-28,153.914236960212
2018-10-29,183.703560004212
2018-10-30,170.111473444212
2018-10-31,176.369496631212
2018-11-01,185.770689835212
2018-11-02,160.681963393212
2018-11-03,146.693440975212
2018-11-04,141.624725362212
2018-11-05,129.476797999212
2018-11-06,117.272236942212
2018-11-07,117.045702166212
2018-11-08,130.751056114212
2018-11-09,130.666105573212
2018-11-10,109.428470323212
2018-11-11,110.249658886212
2018-11-12,107.361340492212
2018-11-13,109.201935547212
2018-11-14,109.428470323212
2018-11-15,110.872629520212
2018-11-16,88.2757856142117
2018-11-17,113.647680526212
2018-11-18,113.902532149212
2018-11-19,111.976986553212
2018-11-20,115.969661980212
2018-11-21,114.383918548212
2018-11-22,93.9391550142117
2018-11-23,119.056198303212
2018-11-24,114.214017466212
2018-11-25,114.412235395212
2018-11-26,113.421145750212
2018-11-27,107.672825809212
2018-11-28,109.201935547212
2018-11-29,39.4575413862117
2018-11-30,77.7985522242117
2018-12-01,100.593614059212
2018-12-02,99.8856928842117
2018-12-03,80.5452863832117
2018-12-04,116.507682073212
2018-12-05,87.7094486742117
2018-12-06,102.462525961212
2018-12-07,114.185700619212
2018-12-08,93.3161843802117
2018-12-09,117.243920095212
2018-12-10,107.814410044212
2018-12-11,79.2143945742117
2018-12-12,110.136391498212
2018-12-13,101.188267846212
2018-12-14,111.835402318212
2018-12-15,93.6559865442117
2018-12-16,103.481932453212
2018-12-17,80.6302369242117
2018-12-18,102.349258573212
2018-12-19,102.405892267212
2018-12-20,97.9601472882117
2018-12-21,101.697971092212
2018-12-22,98.2999494522117
2018-12-23,107.446291033212
2018-12-24,102.292624879212
2018-12-25,104.557972639212
2018-12-26,95.2700468232117
2018-12-27,105.973814989212
2018-12-28,101.556386857212
2018-12-29,101.867872174212
2018-12-30,120.245505877212
2018-12-31,115.120156570212
2019-01-01,93.3161843802117
2019-01-02,126.446895370212
2019-01-03,112.968076198212
2019-01-04,87.5112307452117
2019-01-05,93.3445012272117
2019-01-06,104.388071557212
2019-01-07,104.246487322212
2019-01-08,100.706881447212
2019-01-09,62.5924053852117
2019-01-10,26.4317917662117
2019-01-11,83.6601395532117
2019-01-12,56.9007191382117
2019-01-13,98.0734146762117
2019-01-14,100.310445589212
2019-01-15,70.9458752502117
2019-01-16,54.7769556132117
2019-01-17,18.6163419942117
2019-01-18,10.7159416812117
2019-01-19,12.6131704302117
2019-01-20,28.2157531272117
2019-01-21,19.6074316392117
2019-01-22,88.2757856142117
2019-01-23,37.1355599322117
2019-01-24,108.182529055212
2019-01-25,62.7623064672117
2019-01-26,69.7282508292117
2019-01-27,70.6627067802117
2019-01-28,65.1692384622117
2019-01-29,66.6417145062117
2019-01-30,72.4466681412117
2019-01-31,66.1603281072117
2019-02-01,67.7743883862117
2019-02-02,63.4135939482117
2019-02-03,66.9815166702117
2019-02-04,61.7712168222117
2019-02-05,32.0385274722117
2019-02-06,60.0438891552117
2019-02-07,55.9379463402117
2019-02-08,66.8116155882117
2019-02-09,67.8593389272117
2019-02-10,60.2987407782117
2019-02-11,85.1892492912117
2019-02-12,52.6815089352117
2019-02-13,64.3480498992117
2019-02-14,26.7432770832117
2019-02-15,23.0904038202117
2019-02-16,61.2898304232117
2019-02-17,59.5908196032117
2019-02-18,44.4696233052117
2019-02-19,73.1829061632117
2019-02-20,56.9007191382117
2019-02-21,58.9112152752117
2019-02-22,67.6044873042117
2019-02-23,83.6601395532117
2019-02-24,64.2064656642117
2019-02-25,46.1403172782117
2019-02-26,46.1403172782117
2019-02-27,51.8886372192117
2019-02-28,290.288172112212
2019-03-01,588.577838410212
2019-03-02,685.138286680212
2019-03-03,747.860102785212
2019-03-04,744.858517003212
2019-03-05,743.612575735212
2019-03-06,764.029022422212
2019-03-07,940.188127609212
2019-03-08,1049.85927604021
2019-03-09,1014.18004882021
2019-03-10,1033.60540586221
2019-03-11,1047.48066089221
2019-03-12,1066.36799784121
2019-03-13,1034.25669334321
2019-03-14,1048.16026522021
2019-03-15,854.048279035212
2019-03-16,771.532986877212
2019-03-17,608.456265004212
2019-03-18,485.391247942212
2019-03-19,436.884489031212
2019-03-20,395.428625023212
2019-03-21,304.644813541212
2019-03-22,247.643000530212
2019-03-23,249.030526033212
2019-03-24,257.412312745212
2019-03-25,260.612116456212
2019-03-26,251.239240099212
2019-03-27,292.383618790212
2019-03-28,333.584631175212
2019-03-29,348.111173686212
2019-03-30,313.819471969212
2019-03-31,355.416920212212
2019-04-01,375.351980500212
2019-04-02,321.266802730212
2019-04-03,468.655991365212
2019-04-04,659.681441227212
2019-04-05,729.878904940212
2019-04-06,725.603061043212
2019-04-07,755.165849311212
2019-04-08,805.513203277212
2019-04-09,942.368524828212
2019-04-10,1067.75552334421
2019-04-11,1089.24801021721
2019-04-12,1065.66007666621
2019-04-13,1107.37079229721
2019-04-14,940.952682478212
2019-04-15,804.776965255212
2019-04-16,667.723425775212
2019-04-17,545.847716287212
2019-04-18,488.619368500212
2019-04-19,407.576552386212
2019-04-20,392.398722394212
2019-04-21,321.096901648212
2019-04-22,280.547176744212
2019-04-23,227.198236996212
2019-04-24,206.640206074212
2019-04-25,170.649493537212
2019-04-26,150.233046850212
2019-04-27,145.475816554212
2019-04-28,158.784734644212
2019-04-29,138.991258591212
2019-04-30,158.586516715212
2019-05-01,145.220964931212
2019-05-02,135.310068481212
2019-05-03,171.159196783212
2019-05-04,199.900796488212
2019-05-05,236.741014435212
2019-05-06,222.242788771212
2019-05-07,209.924960326212
2019-05-08,211.397436370212
2019-05-09,223.970116438212
2019-05-10,224.847938695212
2019-05-11,236.004776413212
2019-05-12,213.153080884212
2019-05-13,205.705750123212
2019-05-14,182.485935583212
2019-05-15,205.224363724212
2019-05-16,182.202767113212
2019-05-17,156.377802649212
2019-05-18,160.597012852212
2019-05-19,173.339594002212
2019-05-20,156.576020578212
2019-05-21,211.482386911212
2019-05-22,174.953654281212
2019-05-23,194.039209159212
2019-05-24,189.423563098212
2019-05-25,227.283187537212
2019-05-26,198.569904679212
2019-05-27,215.984765584212
2019-05-28,195.001981957212
2019-05-29,220.288926328212
2019-05-30,298.188572425212
2019-05-31,251.918844427212
2019-06-01,273.354697606212
2019-06-02,256.477856794212
2019-06-03,262.197859888212
2019-06-04,260.159046904212
2019-06-05,282.047969635212
2019-06-06,261.093502855212
2019-06-07,262.112909347212
2019-06-08,251.918844427212
2019-06-09,257.468946439212
2019-06-10,252.541815061212
2019-06-11,230.058238543212
2019-06-12,225.980612575212
2019-06-13,173.452861390212
2019-06-14,211.369119523212
2019-06-15,231.474080893212
2019-06-16,224.932889236212
2019-06-17,254.722212280212
2019-06-18,229.973288002212
2019-06-19,218.278430191212
2019-06-20,236.146360648212
2019-06-21,253.901023717212
2019-06-22,240.620422474212
2019-06-23,247.643000530212
2019-06-24,228.359227723212
2019-06-25,240.846957250212
2019-06-26,250.304784148212
2019-06-27,262.764196828212
2019-06-28,258.488352931212
2019-06-29,265.171128823212
2019-06-30,268.597467310212
2019-07-01,261.433305019212
2019-07-02,268.824002086212
2019-07-03,268.682417851212
2019-07-04,261.744790336212
2019-07-05,269.843408578212
2019-07-06,292.949955730212
2019-07-07,269.192121097212
2019-07-08,246.255475027212
2019-07-09,277.205788798212
2019-07-10,249.172110268212
2019-07-11,277.035887716212
2019-07-12,263.302216921212
2019-07-13,269.107170556212
2019-07-14,262.622612593212
2019-07-15,255.401816608212
2019-07-16,264.264989719212
2019-07-17,257.978649685212
2019-07-18,265.454297293212
2019-07-19,268.512516769212
2019-07-20,263.925187555212
2019-07-21,286.918467319212
2019-07-22,272.448558502212
2019-07-23,241.328343649212
2019-07-24,261.121819702212
2019-07-25,301.360059289212
2019-07-26,266.841822796212
2019-07-27,254.410726963212
2019-07-28,280.490543050212
2019-07-29,266.841822796212
2019-07-30,267.691328206212
2019-07-31,220.770312727212
2019-08-01,285.134505958212
2019-08-02,272.873311207212
2019-08-03,276.809352940212
2019-08-04,251.975478121212
2019-08-05,260.272314292212
2019-08-06,277.573907809212
2019-08-07,261.858057724212
2019-08-08,277.432323574212
2019-08-09,281.509949542212
2019-08-10,263.642019085212
2019-08-11,271.712320480212
2019-08-12,267.804595594212
2019-08-13,270.098260201212
2019-08-14,272.703410125212
2019-08-15,273.156479677212
2019-08-16,277.602224656212
2019-08-17,280.009156651212
2019-08-18,264.972910894212
2019-08-19,271.542419398212
2019-08-20,266.275485856212
2019-08-21,253.759439482212
2019-08-22,288.475893904212
2019-08-23,241.101808873212
2019-08-24,241.979631130212
2019-08-25,257.383995898212
2019-08-26,257.412312745212
2019-08-27,254.778845974212
2019-08-28,246.028940251212
2019-08-29,256.251322018212
2019-08-30,223.517046886212
2019-08-31,240.195669769212
2019-09-01,235.523390014212
2019-09-02,249.398645044212
2019-09-03,255.062014444212
2019-09-04,237.647153539212
2019-09-05,238.298441020212
2019-09-06,223.941799591212
2019-09-07,197.946934045212
2019-09-08,239.431114900212
2019-09-09,228.557445652212
2019-09-10,221.223382279212
2019-09-11,241.498244731212
2019-09-12,228.161009794212
2019-09-13,246.595277191212
2019-09-14,234.730518298212
2019-09-15,237.363985069212
2019-09-16,229.944971155212
2019-09-17,212.048723851212
2019-09-18,199.447726936212
2019-09-19,199.447726936212
2019-09-20,186.790096327212
2019-09-21,180.871875304212
2019-09-22,166.203748558212
2019-09-23,213.804368365212
2019-09-24,194.577229252212
2019-09-25,173.254643461212
2019-09-26,195.936437908212
2019-09-27,178.266725380212
2019-09-28,168.100977307212
2019-09-29,179.229498178212
2019-09-30,174.925337434212
2019-10-01,188.404156606212
2019-10-02,160.738597087212
2019-10-03,137.377198312212
2019-10-04,128.910461059212
2019-10-05,144.569677450212
2019-10-06,167.223155050212
2019-10-07,159.605923207212
2019-10-08,134.488879918212
2019-10-09,133.497790273212
2019-10-10,137.235614077212
2019-10-11,134.998583164212
2019-10-12,128.400757813212
2019-10-13,133.979176672212
2019-10-14,191.632277164212
2019-10-15,179.682567730212
2019-10-16,235.834875331212
2019-10-17,247.784584765212
2019-10-18,304.956298858212
2019-10-19,299.859266398212
2019-10-20,252.881617225212
2019-10-21,150.402947932212
2019-10-22,180.220587823212
2019-10-23,194.294060782212
2019-10-24,192.793267891212
2019-10-25,170.253057679212
2019-10-26,203.638620292212
2019-10-27,200.042380723212
2019-10-28,180.135637282212
2019-10-29,147.174827374212
2019-10-30,189.650097874212
2019-10-31,169.715037586212
2019-11-01,170.847711466212
2019-11-02,156.887505895212
2019-11-03,143.805122581212
2019-11-04,124.351448692212
2019-11-05,128.060955649212
2019-11-06,132.251849005212
2019-11-07,127.862737720212
2019-11-08,131.487294136212
2019-11-09,113.194610974212
2019-11-10,149.468491981212
2019-11-11,137.717000476212
2019-11-12,127.437985015212
2019-11-13,123.360359047212
2019-11-14,129.391847458212
2019-11-15,127.862737720212
2019-11-16,126.673430146212
2019-11-17,131.600561524212
2019-11-18,127.324717627212
2019-11-19,138.113436334212
2019-11-20,111.155797990212
2019-11-21,127.522935556212
2019-11-22,127.919371414212
2019-11-23,131.572244677212
2019-11-24,130.836006655212
2019-11-25,122.142734626212
2019-11-26,127.692836638212
2019-11-27,123.700161211212
2019-11-28,122.114417779212
2019-11-29,123.955012834212
2019-11-30,129.901550704212
2019-12-01,128.825510518212
2019-12-02,117.612039106212
2019-12-03,129.590065387212
2019-12-04,127.522935556212
2019-12-05,128.145906190212
2019-12-06,137.830267864212
2019-12-07,127.268083933212
2019-12-08,115.403325040212
2019-12-09,129.816600163212
2019-12-10,143.040567712212
2019-12-11,131.204125666212
2019-12-12,121.066694440212
2019-12-13,119.735802631212
2019-12-14,133.667691355212
2019-12-15,134.545513612212
2019-12-16,146.891658904212
2019-12-17,134.602147306212
2019-12-18,135.055216858212
2019-12-19,116.847484237212
2019-12-20,137.801951017212
2019-12-21,166.713451804212
2019-12-22,170.026522903212
2019-12-23,162.522558448212
2019-12-24,176.369496631212
2019-12-25,165.042757831212
2019-12-26,162.834043765212
2019-12-27,149.978195227212
2019-12-28,135.281751634212
2019-12-29,147.769481161212
2019-12-30,121.972833544212
2019-12-31,115.148473417212
2020-01-01,135.055216858212
2020-01-02,141.454824280212
2020-01-03,141.709675903212
2020-01-04,138.481555345212
2020-01-05,129.420164305212
2020-01-06,133.384522885212
2020-01-07,115.148473417212
2020-01-08,114.950255488212
2020-01-09,133.073037568212
2020-01-10,130.213036021212
2020-01-11,129.816600163212
2020-01-12,129.929867551212
2020-01-13,134.234028295212
2020-01-14,137.207297230212
2020-01-15,153.631068490212
2020-01-16,138.991258591212
2020-01-17,134.149077754212
2020-01-18,131.289076207212
2020-01-19,141.313240045212
2020-01-20,142.389280231212
2020-01-21,133.639374508212
2020-01-22,136.301158126212
2020-01-23,125.710657348212
2020-01-24,133.611057661212
2020-01-25,123.360359047212
2020-01-26,118.999564609212
2020-01-27,127.353034474212
2020-01-28,119.764119478212
2020-01-29,126.135410053212
2020-01-30,140.378784094212
2020-01-31,134.262345142212
2020-02-01,131.317393054212
2020-02-02,124.549666621212
2020-02-03,120.415406959212
2020-02-04,119.226099385212
2020-02-05,121.038377593212
2020-02-06,103.906685158212
2020-02-07,103.736784076212
2020-02-08,101.867872174212
2020-02-09,100.933416223212
2020-02-10,125.002736173212
2020-02-11,113.477779444212
2020-02-12,102.349258573212
2020-02-13,100.820148835212
2020-02-14,95.8647006102117
2020-02-15,98.1866820642117
2020-02-16,117.187286401212
2020-02-17,101.556386857212
2020-02-18,94.5621256482117
2020-02-19,110.815995826212
2020-02-20,99.6308412612117
2020-02-21,120.415406959212
2020-02-22,129.250263223212
2020-02-23,129.278580070212
2020-02-24,127.749470332212
2020-02-25,141.737992750212
2020-02-26,146.013836647212
2020-02-27,135.026900011212
2020-02-28,141.454824280212
2020-02-29,136.187890738212
2020-03-01,136.867495066212
2020-03-02,149.326907746212
2020-03-03,147.089876833212
2020-03-04,162.239389978212
2020-03-05,154.225722277212
2020-03-06,146.778391516212
2020-03-07,143.776805734212
2020-03-08,141.454824280212
2020-03-09,136.980762454212
2020-03-10,137.886901558212
2020-03-11,144.399776368212
2020-03-12,116.111246215212
2020-03-13,115.686493510212
2020-03-14,108.125895361212
2020-03-15,79.3559788092117
2020-03-16,97.2805429602117
2020-03-17,66.4718134242117
2020-03-18,90.0880638222117
2020-03-19,84.9343976682117
2020-03-20,74.8252832892117
2020-03-21,78.1949880822117
2020-03-22,70.6343899332117
2020-03-23,83.6318227062117
2020-03-24,100.112227660212
2020-03-25,73.1545893162117
2020-03-26,70.9741920972117
2020-03-27,90.0031132812117
2020-03-28,91.0791534672117
2020-03-29,96.9690576432117
2020-03-30,96.5159880912117
2020-03-31,81.3664749462117
2020-04-01,95.1850962822117
2020-04-02,81.3664749462117
2020-04-03,83.1787531542117
2020-04-04,96.0346016922117
2020-04-05,78.6480576342117
2020-04-06,92.5799463582117
2020-04-07,77.4304332132117
2020-04-08,74.7120159012117
2020-04-09,80.7151874652117
2020-04-10,59.3076511332117
2020-04-11,70.3512214632117
2020-04-12,58.1466604062117
2020-04-13,93.8542044732117
2020-04-14,91.1074703142117
2020-04-15,98.2716326052117
2020-04-16,103.057179748212
2020-04-17,109.145301853212
2020-04-18,114.865304947212
2020-04-19,152.753246233212
2020-04-20,142.814032936212
2020-04-21,149.213640358212
2020-04-22,169.941572362212
2020-04-23,238.553292643212
2020-04-24,262.594295746212
2020-04-25,248.832308104212
2020-04-26,266.671921714212
2020-04-27,242.885770234212
2020-04-28,231.842199904212
2020-04-29,236.514479659212
2020-04-30,228.642396193212
2020-05-01,228.557445652212
2020-05-02,212.388526015212
2020-05-03,206.130502828212
2020-05-04,219.637638847212
2020-05-05,214.908725398212
2020-05-06,235.438439473212
2020-05-07,234.334082440212
2020-05-08,229.633485838212
2020-05-09,237.307351375212
2020-05-10,257.553896980212
2020-05-11,238.043589397212
2020-05-12,234.645567757212
2020-05-13,243.678641950212
2020-05-14,234.164181358212
2020-05-15,215.135260174212
2020-05-16,199.391093242212
2020-05-17,207.319810402212
2020-05-18,180.447122599212
2020-05-19,205.903968052212
2020-05-20,233.201408560212
2020-05-21,192.198614104212
2020-05-22,180.163954129212
2020-05-23,190.188117967212
2020-05-24,185.515838212212
2020-05-25,183.675243157212
2020-05-26,171.074246242212
2020-05-27,198.853073149212
2020-05-28,227.283187537212
2020-05-29,228.982198357212
2020-05-30,248.350921705212
2020-05-31,263.642019085212
2020-06-01,239.940818146212
2020-06-02,261.574889254212
2020-06-03,230.171505931212
2020-06-04,241.753096354212
2020-06-05,259.054689871212
2020-06-06,231.247546117212
2020-06-07,223.913482744212
2020-06-08,244.188345196212
2020-06-09,251.579042263212
2020-06-10,255.316866067212
2020-06-11,250.503002077212
2020-06-12,269.645190649212
2020-06-13,290.401439500212
2020-06-14,311.129371504212
2020-06-15,297.225799627212
2020-06-16,291.505796533212
2020-06-17,281.906385400212
2020-06-18,277.460640421212
2020-06-19,293.742827446212
2020-06-20,302.775901639212
2020-06-21,329.365420972212
2020-06-22,315.745017565212
2020-06-23,297.225799627212
2020-06-24,279.386186017212
2020-06-25,293.119856812212
2020-06-26,301.614910912212
2020-06-27,308.779073203212
2020-06-28,299.462830540212
2020-06-29,316.906008292212
2020-06-30,297.962037649212
2020-07-01,301.445009830212
2020-07-02,298.981444141212
2020-07-03,297.282433321212
2020-07-04,307.561448782212
2020-07-05,306.768577066212
2020-07-06,285.332723887212
2020-07-07,327.185023753212
2020-07-08,305.834121115212
2020-07-09,305.041249399212
2020-07-10,301.473326677212
2020-07-11,300.170751715212
2020-07-12,283.577079373212
2020-07-13,314.923829002212
2020-07-14,298.386790354212
2020-07-15,307.363230853212
2020-07-16,317.330760997212
2020-07-17,311.639074750212
2020-07-18,298.046988190212
2020-07-19,300.850356043212
2020-07-20,293.601243211212
2020-07-21,298.669958824212
2020-07-22,298.556691436212
2020-07-23,287.145002095212
2020-07-24,266.077267927212
2020-07-25,280.915295755212
2020-07-26,265.992317386212
2020-07-27,283.973515231212
2020-07-28,279.924206110212
2020-07-29,251.352507487212
2020-07-30,256.845975805212
2020-07-31,257.015876887212
2020-08-01,263.245583227212
2020-08-02,253.901023717212
2020-08-03,258.006966532212
2020-08-04,251.663992804212
2020-08-05,264.519841342212
2020-08-06,253.816073176212
2020-08-07,243.423790327212
2020-08-08,247.104980437212
2020-08-09,243.848543032212
2020-08-10,250.276467301212
2020-08-11,222.752492017212
2020-08-12,235.863192178212
2020-08-13,258.544986625212
2020-08-14,240.195669769212
2020-08-15,211.482386911212
2020-08-16,230.482991248212
2020-08-17,223.913482744212
2020-08-18,236.372895424212
2020-08-19,206.923374544212
2020-08-20,229.067148898212
2020-08-21,235.976459566212
2020-08-22,204.035056150212
2020-08-23,195.200199886212
2020-08-24,186.648512092212
2020-08-25,181.947915490212
2020-08-26,175.888110232212
2020-08-27,179.909102506212
2020-08-28,175.548308068212
2020-08-29,165.778995853212
2020-08-30,182.344351348212
2020-08-31,157.850278693212
2020-09-01,159.804141136212
2020-09-02,170.932662007212
2020-09-03,161.927904661212
2020-09-04,173.226326614212
2020-09-05,188.942176699212
2020-09-06,168.185927848212
2020-09-07,168.214244695212
2020-09-08,163.711866022212
2020-09-09,152.385127222212
2020-09-10,149.298590899212
2020-09-11,145.900569259212
2020-09-12,142.615815007212
2020-09-13,154.678791829212
2020-09-14,162.777410071212
2020-09-15,165.410876842212
2020-09-16,147.514629538212
2020-09-17,137.660366782212
2020-09-18,132.365116393212
2020-09-19,141.539774821212
2020-09-20,125.597389960212
2020-09-21,124.804518244212
2020-09-22,120.245505877212
2020-09-23,147.146510527212
2020-09-24,151.762156588212
2020-09-25,126.390261676212
2020-09-26,140.038981930212
2020-09-27,142.559181313212
2020-09-28,137.235614077212
2020-09-29,124.634617162212
2020-09-30,123.445309588212
2020-10-01,131.713828912212
2020-10-02,148.562352877212
2020-10-03,123.105507424212
2020-10-04,151.110869107212
2020-10-05,166.486917028212
2020-10-06,164.051668186212
2020-10-07,171.980385346212
2020-10-08,162.862360612212
2020-10-09,142.757399242212
2020-10-10,154.055821195212
2020-10-11,153.036414703212
2020-10-12,145.589083942212
2020-10-13,153.093048397212
2020-10-14,146.098787188212
2020-10-15,138.368287957212
2020-10-16,134.290661989212
2020-10-17,125.597389960212
2020-10-18,128.202539884212
2020-10-19,119.226099385212
2020-10-20,118.801346680212
2020-10-21,115.318374499212
2020-10-22,108.663915454212
2020-10-23,112.316788717212
2020-10-24,183.646926310212
2020-10-25,126.050459512212
2020-10-26,129.363530611212
2020-10-27,157.029090130212
2020-10-28,132.053631076212
2020-10-29,121.802932462212
2020-10-30,133.780958743212
2020-10-31,131.628878371212
2020-11-01,124.266498151212
2020-11-02,140.407100941212
2020-11-03,130.184719174212
2020-11-04,135.593236951212
2020-11-05,127.891054567212
2020-11-06,114.836988100212
2020-11-07,121.208278675212
2020-11-08,141.851260138212
2020-11-09,145.900569259212
2020-11-10,144.513043756212
2020-11-11,134.885315776212
2020-11-12,131.034224584212
2020-11-13,120.188872183212
2020-11-14,127.947688261212
2020-11-15,128.967094753212
2020-11-16,138.991258591212
2020-11-17,153.291266326212
2020-11-18,118.857980374212
2020-11-19,120.783525970212
2020-11-20,117.470454871212
2020-11-21,103.510249300212
2020-11-22,111.608867542212
2020-11-23,106.766686705212
2020-11-24,111.467283307212
2020-11-25,112.033620247212
2020-11-26,113.562729985212
2020-11-27,118.999564609212
2020-11-28,98.8946032392117
2020-11-29,107.417974186212
2020-11-30,114.752037559212
2020-12-01,101.697971092212
2020-12-02,103.028862901212
2020-12-03,96.7708397142117
2020-12-04,104.614606333212
2020-12-05,90.8243018442117
2020-12-06,87.7094486742117
2020-12-07,93.8258876262117
2020-12-08,97.9884641352117
2020-12-09,102.037773256212
2020-12-10,91.5322230192117
2020-12-11,91.3340050902117
2020-12-12,93.9108381672117
2020-12-13,90.9375692322117
2020-12-14,82.1310298152117
2020-12-15,90.9658860792117
2020-12-16,97.4787608892117
2020-12-17,100.197178201212
2020-12-18,83.5751890122117
2020-12-19,87.3130128162117
2020-12-20,84.4530112692117
2020-12-21,88.9270730952117
2020-12-22,76.7791457322117
2020-12-23,82.4425151322117
2020-12-24,88.8421225542117
2020-12-25,86.1520220892117
2020-12-26,85.3591503732117
2020-12-27,87.1714285812117
2020-12-28,80.7151874652117
2020-12-29,81.6213265692117
2020-12-30,92.6932137462117
2020-12-31,92.9763822162117
2021-01-01,81.1399401702117
2021-01-02,85.3308335262117
2021-01-03,74.1739958082117
2021-01-04,81.5646928752117
2021-01-05,79.0161766452117
2021-01-06,95.8080669162117
2021-01-07,91.3340050902117
2021-01-08,77.0623142022117
2021-01-09,61.8844842102117
2021-01-10,84.1698427992117
2021-01-11,102.292624879212
2021-01-12,99.6874749552117
2021-01-13,96.0629185392117
2021-01-14,73.9757778792117
2021-01-15,86.9732106522117
2021-01-16,73.5793420212117
2021-01-17,89.3235089532117
2021-01-18,87.8510329092117
2021-01-19,83.4052879302117
2021-01-20,86.9732106522117
2021-01-21,84.3397438812117
2021-01-22,86.9165769582117
2021-01-23,83.4336047772117
2021-01-24,82.4141982852117
2021-01-25,85.9538041602117
2021-01-26,63.2720097132117
2021-01-27,88.4173698492117
2021-01-28,74.8819169832117
2021-01-29,81.7345939572117
2021-01-30,81.4231086402117
2021-01-31,87.1147948872117
2021-02-01,75.2783528412117
2021-02-02,90.1163806692117
2021-02-03,82.0743961212117
2021-02-04,53.7009154272117
2021-02-05,85.7272693842117
2021-02-06,87.2280622752117
2021-02-07,91.5039061722117
2021-02-08,86.6334084882117
2021-02-09,81.1399401702117
2021-02-10,86.9165769582117
2021-02-11,96.0912353862117
2021-02-12,92.2967778882117
2021-02-13,91.1924208552117
2021-02-14,93.2029169922117
2021-02-15,65.1126047682117
2021-02-16,83.3769710832117
2021-02-17,77.7419185302117
2021-02-18,76.8924131202117
2021-02-19,78.4781565522117
2021-02-20,77.4304332132117
2021-02-21,81.2248907112117
2021-02-22,94.9019278122117
2021-02-23,89.1819247182117
2021-02-24,80.6585537712117
2021-02-25,97.9035135942117
2021-02-26,79.0161766452117
2021-02-27,81.2248907112117
2021-02-28,83.0371689192117
2021-03-01,82.8106341432117
2021-03-02,87.1431117342117
2021-03-03,107.701142656212
2021-03-04,101.499753163212
2021-03-05,97.1106418782117
2021-03-06,96.8274734082117
2021-03-07,91.8720251832117
2021-03-08,100.423712977212
2021-03-09,81.8195444982117
2021-03-10,102.604110196212
2021-03-11,100.990049917212
2021-03-12,84.5379618102117
2021-03-13,83.4336047772117
2021-03-14,93.0330159102117
2021-03-15,94.2789571782117
2021-03-16,96.4027207032117
2021-03-17,93.8825213202117
2021-03-18,79.2143945742117
2021-03-19,80.1205336782117
2021-03-20,82.9239015312117
2021-03-21,93.8258876262117
2021-03-22,92.4383621232117
2021-03-23,95.3266805172117
2021-03-24,91.5322230192117
2021-03-25,82.8389509902117
2021-03-26,82.7256836022117
2021-03-27,89.1252910242117
2021-03-28,86.2936063242117
2021-03-29,86.6900421822117
2021-03-30,93.5144023092117
2021-03-31,103.312031371212
2021-04-01,105.888864448212
2021-04-02,107.219756257212
2021-04-03,117.243920095212
2021-04-04,121.944516697212
2021-04-05,124.436399233212
2021-04-06,111.382332766212
2021-04-07,109.456787170212
2021-04-08,129.901550704212
2021-04-09,138.849674356212
2021-04-10,101.244901540212
2021-04-11,164.702955667212
2021-04-12,124.464716080212
2021-04-13,138.226703722212
2021-04-14,146.495223046212
2021-04-15,154.338989665212
2021-04-16,162.692459530212
2021-04-17,160.766913934212
2021-04-18,191.972079328212
2021-04-19,181.976232337212
2021-04-20,187.186532185212
2021-04-21,166.345332793212
2021-04-22,197.635448728212
2021-04-23,184.553065414212
2021-04-24,175.208505904212
2021-04-25,211.029317359212
2021-04-26,175.576624915212
2021-04-27,190.527920131212
2021-04-28,223.630314274212
2021-04-29,206.187136522212
2021-04-30,205.309314265212
2021-05-01,204.204957232212
2021-05-02,221.761402372212
2021-05-03,220.232292634212
2021-05-04,221.110114891212
2021-05-05,219.326153530212
2021-05-06,219.977441011212
2021-05-07,249.936665137212
2021-05-08,251.409141181212
2021-05-09,247.076663590212
2021-05-10,254.495677504212
2021-05-11,275.903213836212
2021-05-12,238.440025255212
2021-05-13,247.274881519212
2021-05-14,234.560617216212
2021-05-15,250.134883066212
2021-05-16,233.512893877212
2021-05-17,243.338839786212
2021-05-18,240.054085534212
2021-05-19,237.080816599212
2021-05-20,244.584781054212
2021-05-21,226.716850597212
2021-05-22,226.320414739212
2021-05-23,221.959620301212
2021-05-24,246.028940251212
2021-05-25,235.381805779212
2021-05-26,199.730895406212
2021-05-27,191.972079328212
2021-05-28,200.523767122212
2021-05-29,167.676224602212
2021-05-30,206.498621839212
2021-05-31,182.146133419212
2021-06-01,193.699406995212
2021-06-02,168.950482717212
2021-06-03,155.471663545212
2021-06-04,183.080589370212
2021-06-05,204.516442549212
2021-06-06,194.775447181212
2021-06-07,177.020784112212
2021-06-08,160.058992759212
2021-06-09,178.691478085212
2021-06-10,160.597012852212
2021-06-11,169.261968034212
2021-06-12,161.814637273212
2021-06-13,149.015422429212
2021-06-14,154.763742370212
2021-06-15,172.716623368212
2021-06-16,158.699784103212
2021-06-17,204.601393090212
2021-06-18,204.488125702212
2021-06-19,183.023955676212
2021-06-20,178.266725380212
2021-06-21,183.845144239212
2021-06-22,176.709298795212
2021-06-23,142.644131854212
2021-06-24,163.853450257212
2021-06-25,188.800592464212
2021-06-26,189.678414721212
2021-06-27,218.108529109212
2021-06-28,201.005153521212
2021-06-29,203.468719210212
2021-06-30,175.066921669212
2021-07-01,202.874065423212
2021-07-02,189.876632650212
2021-07-03,201.175054603212
2021-07-04,208.990504375212
2021-07-05,195.143566192212
2021-07-06,214.399022152212
2021-07-07,208.735652752212
2021-07-08,201.769708390212
2021-07-09,215.106943327212
2021-07-10,191.094257071212
2021-07-11,197.805349810212
2021-07-12,206.753473462212
2021-07-13,208.027731577212
2021-07-14,195.653269438212
2021-07-15,205.960601746212
2021-07-16,195.370100968212
2021-07-17,193.897624924212
2021-07-18,209.471890774212
2021-07-19,194.350694476212
2021-07-20,194.209110241212
2021-07-21,208.254266353212
2021-07-22,202.534263259212
2021-07-23,199.221192160212
2021-07-24,181.693063867212
2021-07-25,207.404760943212
2021-07-26,199.759212253212
2021-07-27,206.980008238212
2021-07-28,197.578815034212
2021-07-29,193.614456454212
2021-07-30,182.684153512212
2021-07-31,190.584553825212
2021-08-01,185.260986589212
2021-08-02,197.493864493212
2021-08-03,197.946934045212
2021-08-04,171.697216876212
2021-08-05,168.808898482212
2021-08-06,191.632277164212
2021-08-07,190.131484273212
2021-08-08,192.793267891212
2021-08-09,190.471286437212
2021-08-10,173.084742379212
2021-08-11,176.850883030212
2021-08-12,165.240975760212
2021-08-13,177.530487358212
2021-08-14,175.859793385212
2021-08-15,178.464943309212
2021-08-16,193.642773301212
2021-08-17,177.502170511212
2021-08-18,166.996620274212
2021-08-19,167.761175143212
2021-08-20,165.156025219212
2021-08-21,156.292852108212
2021-08-22,159.039586267212
2021-08-23,150.261363697212
2021-08-24,146.665124128212
2021-08-25,145.674034483212
2021-08-26,156.887505895212
2021-08-27,159.860774830212
2021-08-28,151.507304965212
2021-08-29,163.400380705212
2021-08-30,151.478988118212
2021-08-31,163.088895388212
2021-09-01,139.557595531212
2021-09-02,149.100372970212
2021-09-03,162.862360612212
2021-09-04,155.471663545212
2021-09-05,165.042757831212
2021-09-06,164.957807290212
2021-09-07,163.598598634212
2021-09-08,165.042757831212
2021-09-09,147.259777915212
2021-09-10,150.884334331212
2021-09-11,154.423940206212
2021-09-12,137.632049935212
2021-09-13,135.196801093212
2021-09-14,140.548685176212
2021-09-15,143.493637264212
2021-09-16,134.432246224212
2021-09-17,134.687097847212
2021-09-18,150.063145768212
2021-09-19,151.394037577212
2021-09-20,133.186304956212
2021-09-21,138.339971110212
2021-09-22,121.576397686212
2021-09-23,133.554423967212
2021-09-24,143.720172040212
2021-09-25,127.069866004212
2021-09-26,117.357187483212
2021-09-27,132.506700628212
2021-09-28,146.297005117212
2021-09-29,145.051063849212
2021-09-30,127.296400780212
2021-10-01,146.042153494212
2021-10-02,141.256606351212
2021-10-03,141.313240045212
2021-10-04,146.976609445212
2021-10-05,135.593236951212
2021-10-06,129.052045294212
2021-10-07,135.706504339212
2021-10-08,138.198386875212
2021-10-09,140.435417788212
2021-10-10,148.477402336212
2021-10-11,141.936210679212
2021-10-12,144.484726909212
2021-10-13,142.870666630212
2021-10-14,133.214621803212
2021-10-15,130.977590890212
2021-10-16,147.486312691212
2021-10-17,166.486917028212
2021-10-18,171.470682100212
2021-10-19,172.320187510212
2021-10-20,158.020179775212
2021-10-21,152.385127222212
2021-10-22,128.598975742212
2021-10-23,132.025314229212
2021-10-24,140.237199859212
2021-10-25,134.262345142212
2021-10-26,141.398190586212
2021-10-27,142.162745455212
2021-10-28,156.519386884212
2021-10-29,139.897397695212
2021-10-30,139.840764001212
2021-10-31,129.533431693212
2021-11-01,144.711261685212
2021-11-02,89.5783605762117
2021-11-03,97.9318304412117
2021-11-04,101.159950999212
2021-11-05,79.5258798912117
2021-11-06,94.5621256482117
2021-11-07,92.1268768062117
2021-11-08,109.003717618212
2021-11-09,103.453615606212
2021-11-10,53.0213110992117
2021-11-11,86.3785568652117
2021-11-12,102.858961819212
2021-11-13,78.3082554702117
2021-11-14,87.2280622752117
2021-11-15,85.0193482092117
2021-11-16,73.6359757152117
2021-11-17,85.6706356902117
2021-11-18,83.0654857662117
2021-11-19,87.1431117342117
2021-11-20,89.6916279642117
2021-11-21,82.4141982852117
2021-11-22,84.1698427992117
2021-11-23,76.0429077102117
2021-11-24,80.9983559352117
2021-11-25,92.4100452762117
2021-11-26,102.405892267212
2021-11-27,86.1520220892117
2021-11-28,88.9270730952117
2021-11-29,96.7708397142117
2021-11-30,80.7151874652117
2021-12-01,105.322527508212
2021-12-02,81.7912276512117
2021-12-03,82.2159803562117
2021-12-04,87.1997454282117
2021-12-05,89.5500437292117
2021-12-06,88.1058845322117
2021-12-07,76.0145908632117
2021-12-08,87.5112307452117
2021-12-09,60.1854733902117
2021-12-10,73.0413219282117
2021-12-11,93.9108381672117
2021-12-12,87.9926171442117
2021-12-13,41.2131859002117
2021-12-14,88.5589540842117
2021-12-15,75.0801349122117
2021-12-16,51.9169540662117
2021-12-17,53.3327964162117
2021-12-18,91.3340050902117
2021-12-19,77.7136016832117
2021-12-20,75.8446897812117
2021-12-21,61.9411179042117
2021-12-22,82.5840993672117
2021-12-23,72.8714208462117
2021-12-24,70.1813203812117
2021-12-25,78.4781565522117
2021-12-26,86.9732106522117
2021-12-27,104.416388404212
2021-12-28,67.0947840582117
2021-12-29,114.270651160212
2021-12-30,95.4399479052117
2021-12-31,89.5500437292117
2022-01-01,87.0581611932117
2022-01-02,82.1027129682117
2022-01-03,89.2668752592117
2022-01-04,56.3343821982117
2022-01-05,83.0371689192117
2022-01-06,80.7151874652117
2022-01-07,61.5729988932117
2022-01-08,80.8567717002117
2022-01-09,68.1141905502117
2022-01-10,78.6197407872117
2022-01-11,87.1997454282117
2022-01-12,107.276389951212
2022-01-13,90.2296480572117
2022-01-14,88.1058845322117
2022-01-15,84.2547933402117
2022-01-16,87.5112307452117
2022-01-17,71.9652817422117
2022-01-18,70.5211225452117
2022-01-19,94.6187593422117
2022-01-20,98.6963853102117
2022-01-21,90.1730143632117
2022-01-22,93.5427191562117
2022-01-23,95.4682647522117
2022-01-24,85.1326155972117
2022-01-25,85.7272693842117
2022-01-26,92.6648968992117
2022-01-27,96.4593543972117
2022-01-28,81.1682570172117
2022-01-29,86.1520220892117
2022-01-30,88.9270730952117
2022-01-31,98.1583652172117
2022-02-01,76.7508288852117
2022-02-02,93.2595506862117
2022-02-03,85.2175661382117
2022-02-04,83.9149911762117
2022-02-05,90.4278659862117
2022-02-06,90.1163806692117
2022-02-07,82.5840993672117
2022-02-08,83.9433080232117
2022-02-09,92.0702431122117
2022-02-10,90.5411333742117
2022-02-11,89.6633111172117
2022-02-12,85.8122199252117
2022-02-13,87.2563791222117
2022-02-14,86.6617253352117
2022-02-15,85.7839030782117
2022-02-16,83.0088520722117
2022-02-17,97.9035135942117
2022-02-18,86.4918242532117
2022-02-19,81.8478613452117
2022-02-20,78.9029092572117
2022-02-21,80.9134053942117
2022-02-22,84.0848922582117
2022-02-23,72.4749849882117
2022-02-24,87.9359834502117
2022-02-25,84.6229123512117
2022-02-26,79.8090483612117
2022-02-27,90.8809355382117
2022-02-28,95.1567794352117
2022-03-01,83.2070700012117
2022-03-02,81.3947917932117
2022-03-03,92.6365800522117
2022-03-04,86.2369726302117
2022-03-05,93.2595506862117
2022-03-06,84.6512291982117
2022-03-07,80.3753853012117
2022-03-08,84.3680607282117
2022-03-09,86.7466758762117
2022-03-10,91.8153914892117
2022-03-11,87.6244981332117
2022-03-12,86.2369726302117
2022-03-13,96.0346016922117
2022-03-14,92.8631148282117
2022-03-15,92.5516295112117
2022-03-16,86.2936063242117
2022-03-17,86.9732106522117
2022-03-18,89.9747964342117
2022-03-19,104.869457956212
2022-03-20,67.2363682932117
2022-03-21,85.5856851492117
2022-03-22,88.8138057072117
2022-03-23,85.8122199252117
2022-03-24,84.7361797392117
2022-03-25,91.2207377022117
2022-03-26,86.3785568652117
2022-03-27,75.5048876172117
2022-03-28,99.7157918022117
2022-03-29,80.1205336782117
2022-03-30,105.379161202212
2022-03-31,92.0985599592117
2022-04-01,92.4949958172117
2022-04-02,92.7781642872117
2022-04-03,77.9118196122117
2022-04-04,78.2233049292117
2022-04-05,82.5840993672117
2022-04-06,85.4441009142117
2022-04-07,90.9092523852117
2022-04-08,95.2700468232117
2022-04-09,74.6270653602117
2022-04-10,80.6019200772117
2022-04-11,88.2757856142117
2022-04-12,74.5704316662117
2022-04-13,74.8819169832117
2022-04-14,82.7256836022117
2022-04-15,75.8446897812117
2022-04-16,94.3922245662117
2022-04-17,102.462525961212
2022-04-18,89.8615290462117
2022-04-19,97.8185630532117
2022-04-20,90.1730143632117
2022-04-21,88.9837067892117
2022-04-22,82.7540004492117
2022-04-23,104.048269393212
2022-04-24,69.0486465012117
2022-04-25,98.4981673812117
2022-04-26,99.9989602722117
2022-04-27,85.6423188432117
2022-04-28,77.2038984372117
2022-04-29,91.9569757242117
2022-04-30,90.0597469752117
2022-05-01,77.3454826722117
2022-05-02,87.1997454282117
2022-05-03,79.4409293502117
2022-05-04,81.6779602632117
2022-05-05,103.283714524212
2022-05-06,93.9391550142117
2022-05-07,84.1132091052117
2022-05-08,88.8987562482117
2022-05-09,85.0759819032117
2022-05-10,91.6738072542117
2022-05-11,100.027277119212
2022-05-12,81.5363760282117
2022-05-13,94.2506403312117
2022-05-14,97.5920282772117
2022-05-15,96.7991565612117
2022-05-16,98.7813358512117
2022-05-17,95.9213343042117
2022-05-18,89.3235089532117
2022-05-19,94.3072740252117
2022-05-20,80.4320189952117
2022-05-21,102.519159655212
2022-05-22,89.1819247182117
2022-05-23,103.566882994212
2022-05-24,114.582136477212
2022-05-25,112.203521329212
2022-05-26,80.5452863832117
2022-05-27,103.651833535212
2022-05-28,90.5411333742117
2022-05-29,120.075604795212
2022-05-30,84.8211302802117
2022-05-31,105.917181295212
2022-06-01,96.9407407962117
2022-06-02,88.8421225542117
2022-06-03,92.4666789702117
2022-06-04,97.8751967472117
2022-06-05,102.235991185212
2022-06-06,105.803913907212
2022-06-07,93.8258876262117
2022-06-08,94.7886604242117
2022-06-09,95.6381658342117
2022-06-10,109.201935547212
2022-06-11,102.405892267212
2022-06-12,96.2611364682117
2022-06-13,72.0502322832117
2022-06-14,119.452634161212
2022-06-15,104.104903087212
2022-06-16,107.389657339212
2022-06-17,85.2175661382117
2022-06-18,81.9611287332117
2022-06-19,99.5458907202117
2022-06-20,111.976986553212
2022-06-21,109.824906181212
2022-06-22,76.0712245572117
2022-06-23,127.664519791212
2022-06-24,108.437380678212
2022-06-25,107.984311126212
2022-06-26,109.570054558212
2022-06-27,105.067675885212
2022-06-28,123.955012834212
2022-06-29,125.285904643212
2022-06-30,98.2999494522117
2022-07-01,108.097578514212
2022-07-02,107.899360585212
2022-07-03,101.669654245212
2022-07-04,117.187286401212
2022-07-05,111.382332766212
2022-07-06,108.494014372212
2022-07-07,99.3476727912117
2022-07-08,123.162141118212
2022-07-09,111.693818083212
2022-07-10,108.210845902212
2022-07-11,111.580550695212
2022-07-12,151.365720730212
2022-07-13,124.323131845212
2022-07-14,93.8825213202117
2022-07-15,126.786697534212
2022-07-16,111.722134930212
2022-07-17,111.438966460212
2022-07-18,96.2611364682117
2022-07-19,112.571640340212
2022-07-20,110.221342039212
2022-07-21,113.845898455212
2022-07-22,96.2611364682117
2022-07-23,106.115399224212
2022-07-24,118.631445598212
2022-07-25,107.587875268212
2022-07-26,117.385504330212
2022-07-27,103.623516688212
2022-07-28,108.522331219212
2022-07-29,109.570054558212
2022-07-30,107.814410044212
2022-07-31,107.021538328212
2022-08-01,121.576397686212
2022-08-02,114.921938641212
2022-08-03,107.191439410212
2022-08-04,110.646094744212
2022-08-05,101.981139562212
2022-08-06,109.909856722212
2022-08-07,114.695403865212
2022-08-08,116.054612521212
2022-08-09,106.030448683212
2022-08-10,110.759362132212
2022-08-11,113.534413138212
2022-08-12,114.525502783212
2022-08-13,111.438966460212
2022-08-14,103.708467229212
2022-08-15,101.018366764212
2022-08-16,114.752037559212
2022-08-17,115.771444051212
2022-08-18,109.400153476212
2022-08-19,114.553819630212
2022-08-20,105.209260120212
2022-08-21,96.7991565612117
2022-08-22,120.726892276212
2022-08-23,105.039359038212
2022-08-24,100.027277119212
2022-08-25,103.821734617212
2022-08-26,112.798175116212
2022-08-27,101.471436316212
2022-08-28,96.9690576432117
2022-08-29,101.981139562212
2022-08-30,101.697971092212
2022-08-31,102.179357491212
2022-09-01,116.111246215212
2022-09-02,121.293229216212
2022-09-03,107.304706798212
2022-09-04,108.975400771212
2022-09-05,115.573226122212
2022-09-06,118.150059199212
2022-09-07,86.5201411002117
2022-09-08,99.5458907202117
2022-09-09,113.704314220212
2022-09-10,107.417974186212
2022-09-11,122.595804178212
2022-09-12,105.464111743212
2022-09-13,91.3623219372117
2022-09-14,103.481932453212
2022-09-15,108.720549148212
2022-09-16,111.552233848212
2022-09-17,113.421145750212
2022-09-18,110.193025192212
2022-09-19,107.417974186212
2022-09-20,102.604110196212
2022-09-21,110.504510509212
2022-09-22,103.991635699212
2022-09-23,100.706881447212
2022-09-24,96.4593543972117
2022-09-25,99.6591581082117
2022-09-26,123.416992741212
2022-09-27,112.486689799212
2022-09-28,110.504510509212
2022-09-29,108.890450230212
2022-09-30,112.798175116212
2022-10-01,122.680754719212
2022-10-02,102.972229207212
2022-10-03,106.681736164212
2022-10-04,103.142130289212
2022-10-05,117.838573882212
2022-10-06,117.951841270212
2022-10-07,106.653419317212
2022-10-08,108.890450230212
2022-10-09,105.803913907212
2022-10-10,110.617777897212
2022-10-11,105.067675885212
2022-10-12,100.338762436212
2022-10-13,100.140544507212
2022-10-14,103.765100923212
2022-10-15,97.3938103482117
2022-10-16,99.4892570262117
2022-10-17,93.9391550142117
2022-10-18,109.570054558212
2022-10-19,105.294210661212
2022-10-20,105.860547601212
2022-10-21,107.163122563212
2022-10-22,99.2344054032117
2022-10-23,107.559558421212
2022-10-24,110.419559968212
2022-10-25,96.4027207032117
2022-10-26,101.896189021212
2022-10-27,99.1777717092117
2022-10-28,102.179357491212
2022-10-29,106.002131836212
2022-10-30,111.325699072212
2022-10-31,111.297382225212
2022-11-01,107.078172022212
2022-11-02,104.954408497212
2022-11-03,100.027277119212
2022-11-04,115.488275581212
2022-11-05,109.201935547212
2022-11-06,106.256983459212
2022-11-07,99.5742075672117
2022-11-08,110.108074651212
2022-11-09,108.267479596212
2022-11-10,104.189853628212
2022-11-11,90.1163806692117
2022-11-12,88.8421225542117
2022-11-13,104.557972639212
2022-11-14,95.2700468232117
2022-11-15,95.4399479052117
2022-11-16,89.3235089532117
2022-11-17,89.4367763412117
2022-11-18,81.2815244052117
2022-11-19,86.8882601112117
2022-11-20,87.3413296632117
2022-11-21,88.0775676852117
2022-11-22,90.0880638222117
2022-11-23,85.3025166792117
2022-11-24,87.6528149802117
2022-11-25,89.7482616582117
2022-11-26,89.0686573302117
2022-11-27,92.0702431122117
2022-11-28,76.0712245572117
2022-11-29,84.6795460452117
2022-11-30,82.5557825202117
2022-12-01,85.9254873132117
2022-12-02,81.3664749462117
2022-12-03,73.2395398572117
2022-12-04,85.6423188432117
2022-12-05,86.8033095702117
2022-12-06,86.6617253352117
2022-12-07,72.5316186822117
2022-12-08,79.6108304322117
2022-12-09,77.9118196122117
2022-12-10,83.4052879302117
2022-12-11,78.9312261042117
2022-12-12,76.4393435682117
2022-12-13,80.7718211592117
2022-12-14,76.5526109562117
2022-12-15,75.8163729342117
2022-12-16,76.9207299672117
2022-12-17,79.4975630442117
2022-12-18,82.3858814382117
2022-12-19,85.8122199252117
2022-12-20,73.7775599502117
2022-12-21,78.7046913282117
2022-12-22,80.2621179132117
2022-12-23,73.6926094092117
2022-12-24,79.1294440332117
2022-12-25,82.5274656732117
2022-12-26,71.1724100262117
2022-12-27,68.8221117252117
2022-12-28,69.5866665942117
2022-12-29,67.2930019872117
2022-12-30,76.7791457322117
2022-12-31,82.3292477442117
2023-01-01,77.9684533062117
2023-01-02,85.1892492912117
2023-01-03,83.0938026132117
2023-01-04,55.5415104822117
2023-01-05,33.7941719862117
2023-01-06,45.6022971852117
2023-01-07,30.9341704392117
2023-01-08,8.7054455442117
2023-01-09,14.1989138622117
2023-01-10,4.7410869642117
2023-01-11,30.1129818762117
2023-01-12,6.7232662542117
2023-01-13,34.5587268552117
2023-01-14,8.9602971672117
2023-01-15,20.7684223662117
2023-01-16,42.3458597802117
2023-01-17,45.3474455622117
2023-01-18,60.4969587072117
2023-01-19,33.1712013522117
2023-01-20,46.3102183602117
2023-01-21,49.8781410822117
2023-01-22,34.1056573032117
2023-01-23,33.5676372102117
2023-01-24,40.9866511242117
2023-01-25,37.7868474132117
2023-01-26,32.9729834232117
2023-01-27,36.6258566862117
2023-01-28,37.5036789432117
2023-01-29,42.6856619442117
2023-01-30,48.4622987322117
2023-01-31,60.9217114122117
2023-02-01,74.6270653602117
2023-02-02,72.8997376932117
2023-02-03,67.7460715392117
2023-02-04,74.1456789612117
2023-02-05,81.6779602632117
2023-02-06,77.7702353772117
2023-02-07,76.7791457322117
2023-02-08,75.3066696882117
2023-02-09,76.1278582512117
2023-02-10,75.1934023002117
2023-02-11,76.8640962732117
2023-02-12,83.7734069412117
2023-02-13,82.4425151322117
2023-02-14,79.0728103392117
2023-02-15,72.4183512942117
2023-02-16,80.1488505252117
2023-02-17,80.7435043122117
2023-02-18,85.4724177612117
2023-02-19,87.1997454282117
2023-02-20,77.2888489782117
2023-02-21,74.4854811252117
2023-02-22,73.2395398572117
2023-02-23,83.6601395532117
2023-02-24,66.5284471182117
2023-02-25,67.5195367632117
2023-02-26,85.8971704662117
2023-02-27,80.1205336782117
2023-02-28,74.4854811252117
2023-03-01,67.2930019872117
2023-03-02,63.8949803472117
2023-03-03,40.4769478782117
2023-03-04,66.7549818942117
2023-03-05,78.0534038472117
2023-03-06,71.8236975072117
2023-03-07,80.8850885472117
2023-03-08,70.6910236272117
2023-03-09,56.5609169742117
2023-03-10,17.7385197372117
2023-03-11,30.7642693572117
2023-03-12,51.8036866782117
2023-03-13,60.1571565432117
2023-03-14,9.1018814022117
2023-03-15,41.0149679712117
2023-03-16,46.4518025952117
2023-03-17,50.1613095522117
2023-03-18,61.6296325872117
2023-03-19,50.9824981152117
2023-03-20,27.7343667282117
2023-03-21,43.6201178952117
2023-03-22,26.8848613182117
2023-03-23,39.6557593152117
2023-03-24,63.4985444892117
2023-03-25,53.1345784872117
2023-03-26,66.3868628832117
2023-03-27,63.7533961122117
2023-03-28,70.3795383102117
2023-03-29,59.2793342862117
2023-03-30,59.1660668982117
2023-03-31,61.4880483522117
2023-04-01,52.6531920882117
2023-04-02,32.8597160352117
2023-04-03,31.3589231442117
2023-04-04,68.5389432552117
2023-04-05,72.0219154362117
2023-04-06,75.8163729342117
2023-04-07,73.9757778792117
2023-04-08,67.4912199162117
2023-04-09,35.7197175822117
2023-04-10,36.0312028992117
2023-04-11,57.6369571602117
2023-04-12,50.6143791042117
2023-04-13,52.8514100172117
2023-04-14,57.3537886902117
2023-04-15,62.2526032212117
2023-04-16,71.1724100262117
2023-04-17,66.2169618012117
2023-04-18,59.9589386142117
2023-04-19,64.2914162052117
2023-04-20,51.4355676672117
2023-04-21,91.2773713962117
2023-04-22,92.5516295112117
2023-04-23,101.131634152212
2023-04-24,151.592255506212
2023-04-25,181.778014408212
2023-04-26,208.140998965212
2023-04-27,168.723947941212
2023-04-28,189.791682109212
2023-04-29,194.265743935212
2023-04-30,217.202390005212
2023-05-01,237.307351375212
2023-05-02,252.343597132212
2023-05-03,223.205561569212
2023-05-04,297.735502873212
2023-05-05,297.565601791212
2023-05-06,308.977291132212
2023-05-07,300.057484327212
2023-05-08,314.923829002212
2023-05-09,300.623821267212
2023-05-10,324.240071665212
2023-05-11,284.907971182212
2023-05-12,326.335518343212
2023-05-13,298.216889272212
2023-05-14,313.224818182212
2023-05-15,323.503833643212
2023-05-16,322.710961927212
2023-05-17,295.328570878212
2023-05-18,270.692913988212
2023-05-19,296.149759441212
2023-05-20,303.512139661212
2023-05-21,294.224213845212
2023-05-22,292.015499779212
2023-05-23,265.624198375212
2023-05-24,249.455278738212
2023-05-25,263.953504402212
2023-05-26,253.816073176212
2023-05-27,268.908952627212
2023-05-28,264.831326659212
2023-05-29,247.982802694212
2023-05-30,225.810711493212
2023-05-31,229.095465745212
2023-06-01,237.618836692212
2023-06-02,238.241807326212
2023-06-03,255.968153548212
2023-06-04,233.512893877212
2023-06-05,235.721607943212
2023-06-06,220.345560022212
2023-06-07,224.762988154212
2023-06-08,211.284168982212
2023-06-09,214.030903141212
2023-06-10,200.410499734212
2023-06-11,224.649720766212
2023-06-12,224.536453378212
2023-06-13,209.500207621212
2023-06-14,222.441006700212
2023-06-15,227.453088619212
2023-06-16,259.394492035212
2023-06-17,256.845975805212
2023-06-18,221.364966514212
2023-06-19,254.495677504212
2023-06-20,249.681813514212
2023-06-21,248.152703776212
2023-06-22,218.816450284212
2023-06-23,280.547176744212
2023-06-24,261.121819702212
2023-06-25,269.701824343212
2023-06-26,266.671921714212
2023-06-27,245.519237005212
2023-06-28,241.158442567212
2023-06-29,259.139640412212
2023-06-30,251.777260192212
2023-07-01,266.671921714212
2023-07-02,266.870139643212
2023-07-03,274.232519863212
2023-07-04,270.806181376212
2023-07-05,285.332723887212
2023-07-06,275.450144284212
2023-07-07,268.993903168212
2023-07-08,270.041626507212
2023-07-09,274.204203016212
2023-07-10,281.368365307212
2023-07-11,269.588556955212
2023-07-12,269.362022179212
2023-07-13,272.986578595212
2023-07-14,309.628578613212
2023-07-15,287.145002095212
2023-07-16,287.343220024212
2023-07-17,297.792136567212
2023-07-18,295.696689889212
2023-07-19,278.196878443212
2023-07-20,293.459658976212
2023-07-21,276.809352940212
2023-07-22,284.794703794212
2023-07-23,278.253512137212
2023-07-24,287.937873811212
2023-07-25,274.742223109212
2023-07-26,284.256683701212
2023-07-27,271.004399305212
2023-07-28,282.840841351212
2023-07-29,275.704995907212
2023-07-30,288.844012915212
2023-07-31,284.624802712212
2023-08-01,278.593314301212
2023-08-02,274.232519863212
2023-08-03,277.658858350212
2023-08-04,280.094107192212
2023-08-05,279.187968088212
2023-08-06,252.655082449212
2023-08-07,274.572322027212
2023-08-08,274.628955721212
2023-08-09,279.725988181212
2023-08-10,266.445386938212
2023-08-11,272.052122644212
2023-08-12,264.548158189212
2023-08-13,272.391924808212
2023-08-14,265.765782610212
2023-08-15,260.442215374212
2023-08-16,263.642019085212
2023-08-17,254.042607952212
2023-08-18,242.545968070212
2023-08-19,237.590519845212
2023-08-20,257.100827428212
2023-08-21,256.449539947212
2023-08-22,242.121215365212
2023-08-23,233.201408560212
2023-08-24,222.809125711212
2023-08-25,230.936060800212
2023-08-26,237.448935610212
2023-08-27,223.601997427212
2023-08-28,240.563788780212
2023-08-29,235.976459566212
2023-08-30,253.476271012212
2023-08-31,221.591501290212
2023-09-01,209.528524468212
2023-09-02,204.346541467212
2023-09-03,208.480801129212
2023-09-04,202.251094789212
2023-09-05,198.853073149212
2023-09-06,201.911292625212
2023-09-07,198.683172067212
2023-09-08,195.511685203212
2023-09-09,227.764573936212
2023-09-10,183.646926310212
2023-09-11,199.476043783212
2023-09-12,195.709903132212
2023-09-13,185.289303436212
2023-09-14,186.167125693212
2023-09-15,180.447122599212
2023-09-16,189.650097874212
2023-09-17,202.590896953212
2023-09-18,181.409895397212
2023-09-19,175.604941762212
2023-09-20,188.602374535212
2023-09-21,161.276617180212
2023-09-22,163.655232328212
2023-09-23,165.863946394212
2023-09-24,154.367306512212
2023-09-25,159.379388431212
2023-09-26,161.786320426212
2023-09-27,171.782167417212
2023-09-28,179.342765566212
2023-09-29,179.342765566212
2023-09-30,174.160782565212
2023-10-01,174.160782565212
2023-10-02,157.283941753212
2023-10-03,167.534640367212
2023-10-04,171.017612548212
2023-10-05,163.457014399212
2023-10-06,174.670485811212
2023-10-07,158.529883021212
2023-10-08,164.164935574212
2023-10-09,168.780581635212
2023-10-10,211.652287993212
2023-10-11,154.395623359212
2023-10-12,174.897020587212
2023-10-13,167.109887662212
2023-10-14,158.614833562212
2023-10-15,166.515233875212
2023-10-16,146.098787188212
2023-10-17,166.571867569212
2023-10-18,165.694045312212
2023-10-19,168.525730012212
2023-10-20,177.134051500212
2023-10-21,173.169692920212
2023-10-22,176.114645008212
2023-10-23,173.849297248212
2023-10-24,163.202162776212
2023-10-25,159.577606360212
2023-10-26,162.918994306212
2023-10-27,165.948896935212
2023-10-28,169.092066952212
2023-10-29,177.813655828212
2023-10-30,171.017612548212
2023-10-31,181.211677468212
2023-11-01,153.659385337212
2023-11-02,160.285527535212
2023-11-03,141.992844373212
2023-11-04,149.355224593212
2023-11-05,131.713828912212
2023-11-06,137.433832006212
2023-11-07,123.728478058212
2023-11-08,133.356206038212
2023-11-09,126.588479605212
2023-11-10,133.384522885212
2023-11-11,135.989672809212
2023-11-12,131.458977289212
2023-11-13,132.251849005212
2023-11-14,127.437985015212
2023-11-15,141.426507433212
2023-11-16,148.902155041212
2023-11-17,146.778391516212
2023-11-18,132.421750087212
2023-11-19,147.826114855212
2023-11-20,137.518782547212
2023-11-21,137.518782547212
2023-11-22,142.672448701212
2023-11-23,141.539774821212
2023-11-24,139.161159673212
2023-11-25,155.556614086212
2023-11-26,144.116607898212
2023-11-27,138.283337416212
2023-11-28,139.246110214212
2023-11-29,136.697593984212
2023-11-30,133.356206038212
2023-12-01,144.314825827212
2023-12-02,143.068884559212
2023-12-03,143.182151947212
2023-12-04,140.265516706212
2023-12-05,144.088291051212
2023-12-06,147.373045303212
2023-12-07,135.593236951212
2023-12-08,144.343142674212
2023-12-09,148.307501254212
2023-12-10,138.170070028212
2023-12-11,138.453238498212
2023-12-12,134.007493519212
2023-12-13,142.304329690212
2023-12-14,141.143338963212
2023-12-15,144.286508980212
2023-12-16,141.681359056212
2023-12-17,144.909479614212
2023-12-18,149.836610992212
2023-12-19,133.497790273212
2023-12-20,103.991635699212
2023-12-21,133.044720721212
2023-12-22,132.393433240212
2023-12-23,124.861151938212
2023-12-24,125.795607889212
2023-12-25,146.042153494212
2023-12-26,142.729082395212
2023-12-27,125.455805725212
2023-12-28,122.142734626212
2023-12-29,87.8227160622117
2023-12-30,81.9611287332117
2023-12-31,108.210845902212
2024-01-01,125.370855184212
2024-01-02,131.543927830212
2024-01-03,100.423712977212
2024-01-04,94.3922245662117
2024-01-05,110.249658886212
2024-01-06,116.762533696212
2024-01-07,124.946102479212
2024-01-08,128.060955649212
2024-01-09,128.882144212212
2024-01-10,146.721757822212
2024-01-11,141.143338963212
2024-01-12,145.277598625212
2024-01-13,145.787301871212
2024-01-14,136.839178219212
2024-01-15,125.823924736212
2024-01-16,135.536603257212
2024-01-17,136.527692902212
2024-01-18,125.767291042212
2024-01-19,107.333023645212
2024-01-20,85.0476650562117
2024-01-21,62.2809200682117
2024-01-22,47.7826944042117
2024-01-23,71.2290437202117
2024-01-24,69.2751812772117
2024-01-25,85.5007346082117
2024-01-26,76.4959772622117
2024-01-27,88.7288551662117
2024-01-28,89.4367763412117
2024-01-29,97.0540081842117
2024-01-30,172.008702193212
2024-01-31,391.181097973212
2024-02-01,380.165844490212
2024-02-02,397.977141253212
2024-02-03,403.782094888212
2024-02-04,391.549216984212
2024-02-05,384.300104152212
2024-02-06,392.455356088212
2024-02-07,403.668827500212
2024-02-08,411.795762589212
2024-02-09,383.931985141212
2024-02-10,383.931985141212
2024-02-11,386.537135065212
2024-02-12,396.872784220212
2024-02-13,397.155952690212
2024-02-14,401.346846046212
2024-02-15,412.843485928212
2024-02-16,376.909407085212
2024-02-17,387.499907863212
2024-02-18,379.316339080212
2024-02-19,365.299499815212
2024-02-20,468.684308212212
2024-02-21,687.913337686212
2024-02-22,890.237209501212
2024-02-23,983.852705683212
2024-02-24,1039.41035949721
2024-02-25,998.464198735212
2024-02-26,1004.52400399321
2024-02-27,886.754237320212
2024-02-28,735.032571094212
2024-02-29,604.520223271212
2024-03-01,530.698203142212
2024-03-02,454.384300477212
2024-03-03,423.915373105212
2024-03-04,417.770617306212
2024-03-05,418.988241727212
2024-03-06,398.798329816212
2024-03-07,405.396155167212
2024-03-08,389.255552377212
2024-03-09,411.965663671212
2024-03-10,410.436553933212
2024-03-11,408.114572479212
2024-03-12,391.096147432212
2024-03-13,407.972988244212
2024-03-14,344.175131953212
2024-03-15,306.117289585212
2024-03-16,271.712320480212
2024-03-17,228.387544570212
2024-03-18,188.800592464212
2024-03-19,161.333250874212
2024-03-20,147.542946385212
2024-03-21,133.554423967212
2024-03-22,154.027504348212
2024-03-23,141.766309597212
2024-03-24,124.974419326212
2024-03-25,127.721153485212
2024-03-26,105.095992732212
2024-03-27,133.073037568212
2024-03-28,89.6633111172117
2024-03-29,105.917181295212
2024-03-30,116.309464144212
2024-03-31,114.440552242212
2024-04-01,110.815995826212
2024-04-02,120.387090112212
2024-04-03,120.415406959212
2024-04-04,134.913632623212
2024-04-05,119.084515150212
2024-04-06,119.962337407212
2024-04-07,120.953427052212
2024-04-08,183.278807299212
2024-04-09,176.454447172212
2024-04-10,168.837215329212
2024-04-11,176.426130325212
2024-04-12,247.303198366212
2024-04-13,242.319433294212
2024-04-14,239.969134993212
2024-04-15,224.451502837212
2024-04-16,236.769331282212
2024-04-17,245.066167453212
2024-04-18,240.110719228212
2024-04-19,247.841218459212
2024-04-20,242.461017529212
2024-04-21,239.742600217212
2024-04-22,232.889923243212
2024-04-23,332.451957295212
2024-04-24,311.044420963212
2024-04-25,345.336122680212
2024-04-26,325.372745545212
2024-04-27,296.602828993212
2024-04-28,247.897852153212
2024-04-29,213.521199895212
2024-04-30,201.288321991212
2024-05-01,172.688306521212
2024-05-02,181.919598643212
2024-05-03,175.888110232212
2024-05-04,175.576624915212
2024-05-05,160.880181322212
2024-05-06,175.095238516212
2024-05-07,316.141453423212
2024-05-08,332.480274142212
2024-05-09,327.269974294212
2024-05-10,333.726215410212
2024-05-11,299.066394682212
2024-05-12,252.485181367212
2024-05-13,225.810711493212
2024-05-14,187.639601737212
2024-05-15,158.813051491212
2024-05-16,160.455428617212
2024-05-17,187.413066961212
2024-05-18,168.808898482212
2024-05-19,171.357414712212
2024-05-20,201.401589379212
2024-05-21,340.239090220212
2024-05-22,367.932966586212
2024-05-23,359.862665191212
2024-05-24,391.237731667212
2024-05-25,283.407178291212
2024-05-26,256.761025264212
2024-05-27,271.825587868212
2024-05-28,236.174677495212
2024-05-29,223.545363733212
2024-05-30,222.950709946212
2024-05-31,246.425376109212
2024-06-01,243.055671316212
2024-06-02,220.345560022212
2024-06-03,224.734671307212
2024-06-04,223.885165897212
2024-06-05,218.504964967212
2024-06-06,200.467133428212
2024-06-07,216.324567748212
2024-06-08,212.105357545212
2024-06-09,221.223382279212
2024-06-10,228.840614122212
2024-06-11,237.703787233212
2024-06-12,233.937646582212
2024-06-13,239.601015982212
2024-06-14,244.528147360212
2024-06-15,245.236068535212
2024-06-16,218.165162803212
2024-06-17,259.592709964212
2024-06-18,240.790323556212
2024-06-19,242.121215365212
2024-06-20,249.342011350212
2024-06-21,281.255097919212
2024-06-22,274.940441038212
2024-06-23,278.791532230212
2024-06-24,253.816073176212
2024-06-25,261.829740877212
2024-06-26,313.309768723212
2024-06-27,328.487598715212
2024-06-28,341.485031488212
2024-06-29,331.772352967212
2024-06-30,321.521654353212
2024-07-01,357.455733196212
2024-07-02,358.588407076212
2024-07-03,344.713152046212
2024-07-04,344.146815106212
2024-07-05,342.759289603212
2024-07-06,353.604642004212
2024-07-07,346.525430254212
2024-07-08,338.256910930212
2024-07-09,351.679096408212
2024-07-10,358.163654371212
2024-07-11,359.098110322212
2024-07-12,345.675924844212
2024-07-13,334.547403973212
2024-07-14,337.832158225212
2024-07-15,349.300481260212
2024-07-16,339.842654362212
2024-07-17,327.156706906212
2024-07-18,334.547403973212
2024-07-19,334.802255596212
2024-07-20,319.001454970212
2024-07-21,322.286209222212
2024-07-22,328.657499797212
2024-07-23,330.243243229212
2024-07-24,344.854736281212
2024-07-25,321.351753271212
2024-07-26,312.941649712212
2024-07-27,293.997679069212
2024-07-28,309.147192214212
2024-07-29,301.105207666212
2024-07-30,315.518482789212
2024-07-31,334.660671361212
2024-08-01,334.150968115212
2024-08-02,314.074323592212
2024-08-03,346.695331336212
2024-08-04,321.606604894212
2024-08-05,304.474912459212
2024-08-06,316.566206128212
2024-08-07,311.412539974212
2024-08-08,305.097883093212
2024-08-09,299.972533786212
2024-08-10,301.048573972212
2024-08-11,296.093125747212
2024-08-12,301.869762535212
2024-08-13,294.422431774212
2024-08-14,304.333328224212
2024-08-15,301.133524513212
2024-08-16,276.837669787212
2024-08-17,296.149759441212
2024-08-18,281.651533777212
2024-08-19,291.307578604212
2024-08-20,291.250944910212
2024-08-21,279.471136558212
2024-08-22,287.173318942212
2024-08-23,271.995488950212
2024-08-24,280.235691427212
2024-08-25,270.013309660212
2024-08-26,284.794703794212
2024-08-27,256.817658958212
2024-08-28,239.289530665212
2024-08-29,235.891509025212
