$2/1/1990-8/29/2024 SHA outflow (historical),,,,,
,,,,,
JDAY,QOUT,QOUT,QOUT,QOUT,QOUT
14642,78.2,0.0,0.0,0.0,0.0
14643,93.4,0.0,0.0,0.0,0.0
14644,86.2,0.0,0.0,0.0,0.0
14645,88.3,0.0,0.0,0.0,0.0
14646,91.2,0.0,0.0,0.0,0.0
14647,90.0,0.0,0.0,0.0,0.0
14648,80.4,0.0,0.0,0.0,0.0
14649,90.7,0.0,0.0,0.0,0.0
14650,89.5,0.0,0.0,0.0,0.0
14651,91.1,0.0,0.0,0.0,0.0
14652,89.5,0.0,0.0,0.0,0.0
14653,91.0,0.0,0.0,0.0,0.0
14654,90.4,0.0,0.0,0.0,0.0
14655,87.5,0.0,0.0,0.0,0.0
14656,75.4,0.0,0.0,0.0,0.0
14657,90.3,0.0,0.0,0.0,0.0
14658,92.3,0.0,0.0,0.0,0.0
14659,94.7,0.0,0.0,0.0,0.0
14660,94.8,0.0,0.0,0.0,0.0
14661,97.9,0.0,0.0,0.0,0.0
14662,92.5,0.0,0.0,0.0,0.0
14663,76.2,0.0,0.0,0.0,0.0
14664,75.7,0.0,0.0,0.0,0.0
14665,76.2,0.0,0.0,0.0,0.0
14666,76.9,0.0,0.0,0.0,0.0
14667,79.0,0.0,0.0,0.0,0.0
14668,81.4,0.0,0.0,0.0,0.0
14669,79.6,0.0,0.0,0.0,0.0
14670,80.7,0.0,0.0,0.0,0.0
14671,79.6,0.0,0.0,0.0,0.0
14672,41.7,0.0,0.0,0.0,0.0
14673,67.3,0.0,0.0,0.0,0.0
14674,79.0,0.0,0.0,0.0,0.0
14675,75.6,0.0,0.0,0.0,0.0
14676,75.5,0.0,0.0,0.0,0.0
14677,72.9,0.0,0.0,0.0,0.0
14678,76.2,0.0,0.0,0.0,0.0
14679,85.6,0.0,0.0,0.0,0.0
14680,72.6,0.0,0.0,0.0,0.0
14681,76.2,0.0,0.0,0.0,0.0
14682,70.8,0.0,0.0,0.0,0.0
14683,78.3,0.0,0.0,0.0,0.0
14684,74.9,0.0,0.0,0.0,0.0
14685,58.1,0.0,0.0,0.0,0.0
14686,74.8,0.0,0.0,0.0,0.0
14687,82.0,0.0,0.0,0.0,0.0
14688,71.2,0.0,0.0,0.0,0.0
14689,93.8,0.0,0.0,0.0,0.0
14690,89.0,0.0,0.0,0.0,0.0
14691,88.0,0.0,0.0,0.0,0.0
14692,108.1,0.0,0.0,0.0,0.0
14693,121.9,0.0,0.0,0.0,0.0
14694,116.4,0.0,0.0,0.0,0.0
14695,130.0,0.0,0.0,0.0,0.0
14696,135.7,0.0,0.0,0.0,0.0
14697,126.0,0.0,0.0,0.0,0.0
14698,132.3,0.0,0.0,0.0,0.0
14699,112.5,0.0,0.0,0.0,0.0
14700,148.9,0.0,0.0,0.0,0.0
14701,168.8,0.0,0.0,0.0,0.0
14702,168.8,0.0,0.0,0.0,0.0
14703,166.7,0.0,0.0,0.0,0.0
14704,162.9,0.0,0.0,0.0,0.0
14705,159.7,0.0,0.0,0.0,0.0
14706,156.2,0.0,0.0,0.0,0.0
14707,191.4,0.0,0.0,0.0,0.0
14708,191.4,0.0,0.0,0.0,0.0
14709,206.2,0.0,0.0,0.0,0.0
14710,200.4,0.0,0.0,0.0,0.0
14711,201.5,0.0,0.0,0.0,0.0
14712,228.8,0.0,0.0,0.0,0.0
14713,225.4,0.0,0.0,0.0,0.0
14714,244.2,0.0,0.0,0.0,0.0
14715,238.6,0.0,0.0,0.0,0.0
14716,241.0,0.0,0.0,0.0,0.0
14717,233.7,0.0,0.0,0.0,0.0
14718,248.0,0.0,0.0,0.0,0.0
14719,233.5,0.0,0.0,0.0,0.0
14720,249.8,0.0,0.0,0.0,0.0
14721,239.5,0.0,0.0,0.0,0.0
14722,260.6,0.0,0.0,0.0,0.0
14723,259.1,0.0,0.0,0.0,0.0
14724,261.8,0.0,0.0,0.0,0.0
14725,264.0,0.0,0.0,0.0,0.0
14726,261.3,0.0,0.0,0.0,0.0
14727,249.2,0.0,0.0,0.0,0.0
14728,258.0,0.0,0.0,0.0,0.0
14729,259.1,0.0,0.0,0.0,0.0
14730,262.0,0.0,0.0,0.0,0.0
14731,260.8,0.0,0.0,0.0,0.0
14732,257.8,0.0,0.0,0.0,0.0
14733,258.1,0.0,0.0,0.0,0.0
14734,278.8,0.0,0.0,0.0,0.0
14735,262.5,0.0,0.0,0.0,0.0
14736,279.2,0.0,0.0,0.0,0.0
14737,283.5,0.0,0.0,0.0,0.0
14738,289.6,0.0,0.0,0.0,0.0
14739,286.2,0.0,0.0,0.0,0.0
14740,275.5,0.0,0.0,0.0,0.0
14741,296.3,0.0,0.0,0.0,0.0
14742,294.9,0.0,0.0,0.0,0.0
14743,288.1,0.0,0.0,0.0,0.0
14744,292.2,0.0,0.0,0.0,0.0
14745,283.3,0.0,0.0,0.0,0.0
14746,293.4,0.0,0.0,0.0,0.0
14747,259.8,0.0,0.0,0.0,0.0
14748,236.7,0.0,0.0,0.0,0.0
14749,225.2,0.0,0.0,0.0,0.0
14750,284.0,0.0,0.0,0.0,0.0
14751,284.5,0.0,0.0,0.0,0.0
14752,259.6,0.0,0.0,0.0,0.0
14753,254.4,0.0,0.0,0.0,0.0
14754,231.2,0.0,0.0,0.0,0.0
14755,208.1,0.0,0.0,0.0,0.0
14756,201.0,0.0,0.0,0.0,0.0
14757,213.0,0.0,0.0,0.0,0.0
14758,125.2,0.0,0.0,0.0,0.0
14759,26.6,0.0,0.0,0.0,0.0
14760,38.9,0.0,0.0,0.0,0.0
14761,16.0,0.0,0.0,0.0,0.0
14762,76.9,0.0,0.0,0.0,0.0
14763,96.8,0.0,0.0,0.0,0.0
14764,113.6,0.0,0.0,0.0,0.0
14765,109.9,0.0,0.0,0.0,0.0
14766,113.1,0.0,0.0,0.0,0.0
14767,112.1,0.0,0.0,0.0,0.0
14768,126.0,0.0,0.0,0.0,0.0
14769,153.2,0.0,0.0,0.0,0.0
14770,179.9,0.0,0.0,0.0,0.0
14771,192.1,0.0,0.0,0.0,0.0
14772,207.3,0.0,0.0,0.0,0.0
14773,220.6,0.0,0.0,0.0,0.0
14774,240.2,0.0,0.0,0.0,0.0
14775,236.3,0.0,0.0,0.0,0.0
14776,230.5,0.0,0.0,0.0,0.0
14777,253.9,0.0,0.0,0.0,0.0
14778,215.7,0.0,0.0,0.0,0.0
14779,265.7,0.0,0.0,0.0,0.0
14780,290.3,0.0,0.0,0.0,0.0
14781,254.2,0.0,0.0,0.0,0.0
14782,301.5,0.0,0.0,0.0,0.0
14783,244.2,0.0,0.0,0.0,0.0
14784,244.2,0.0,0.0,0.0,0.0
14785,263.3,0.0,0.0,0.0,0.0
14786,263.3,0.0,0.0,0.0,0.0
14787,280.8,0.0,0.0,0.0,0.0
14788,266.0,0.0,0.0,0.0,0.0
14789,273.9,0.0,0.0,0.0,0.0
14790,268.0,0.0,0.0,0.0,0.0
14791,286.2,0.0,0.0,0.0,0.0
14792,281.2,0.0,0.0,0.0,0.0
14793,281.2,0.0,0.0,0.0,0.0
14794,250.9,0.0,0.0,0.0,0.0
14795,232.4,0.0,0.0,0.0,0.0
14796,232.4,0.0,0.0,0.0,0.0
14797,237.1,0.0,0.0,0.0,0.0
14798,202.3,0.0,0.0,0.0,0.0
14799,210.9,0.0,0.0,0.0,0.0
14800,201.0,0.0,0.0,0.0,0.0
14801,199.7,0.0,0.0,0.0,0.0
14802,198.1,0.0,0.0,0.0,0.0
14803,210.0,0.0,0.0,0.0,0.0
14804,244.4,0.0,0.0,0.0,0.0
14805,262.3,0.0,0.0,0.0,0.0
14806,278.2,0.0,0.0,0.0,0.0
14807,262.0,0.0,0.0,0.0,0.0
14808,185.8,0.0,0.0,0.0,0.0
14809,209.9,0.0,0.0,0.0,0.0
14810,203.1,0.0,0.0,0.0,0.0
14811,221.4,0.0,0.0,0.0,0.0
14812,210.2,0.0,0.0,0.0,0.0
14813,257.6,0.0,0.0,0.0,0.0
14814,249.9,0.0,0.0,0.0,0.0
14815,261.8,0.0,0.0,0.0,0.0
14816,260.5,0.0,0.0,0.0,0.0
14817,215.6,0.0,0.0,0.0,0.0
14818,215.1,0.0,0.0,0.0,0.0
14819,183.1,0.0,0.0,0.0,0.0
14820,219.9,0.0,0.0,0.0,0.0
14821,199.1,0.0,0.0,0.0,0.0
14822,236.0,0.0,0.0,0.0,0.0
14823,223.4,0.0,0.0,0.0,0.0
14824,242.3,0.0,0.0,0.0,0.0
14825,237.1,0.0,0.0,0.0,0.0
14826,263.2,0.0,0.0,0.0,0.0
14827,255.9,0.0,0.0,0.0,0.0
14828,242.9,0.0,0.0,0.0,0.0
14829,257.0,0.0,0.0,0.0,0.0
14830,271.2,0.0,0.0,0.0,0.0
14831,262.7,0.0,0.0,0.0,0.0
14832,275.1,0.0,0.0,0.0,0.0
14833,258.0,0.0,0.0,0.0,0.0
14834,272.4,0.0,0.0,0.0,0.0
14835,264.9,0.0,0.0,0.0,0.0
14836,269.1,0.0,0.0,0.0,0.0
14837,258.0,0.0,0.0,0.0,0.0
14838,307.7,0.0,0.0,0.0,0.0
14839,274.7,0.0,0.0,0.0,0.0
14840,257.4,0.0,0.0,0.0,0.0
14841,290.4,0.0,0.0,0.0,0.0
14842,291.2,0.0,0.0,0.0,0.0
14843,289.8,0.0,0.0,0.0,0.0
14844,273.8,0.0,0.0,0.0,0.0
14845,288.1,0.0,0.0,0.0,0.0
14846,277.6,0.0,0.0,0.0,0.0
14847,262.3,0.0,0.0,0.0,0.0
14848,246.5,0.0,0.0,0.0,0.0
14849,254.5,0.0,0.0,0.0,0.0
14850,244.6,0.0,0.0,0.0,0.0
14851,240.1,0.0,0.0,0.0,0.0
14852,231.3,0.0,0.0,0.0,0.0
14853,222.0,0.0,0.0,0.0,0.0
14854,213.9,0.0,0.0,0.0,0.0
14855,182.8,0.0,0.0,0.0,0.0
14856,180.5,0.0,0.0,0.0,0.0
14857,189.2,0.0,0.0,0.0,0.0
14858,191.5,0.0,0.0,0.0,0.0
14859,154.8,0.0,0.0,0.0,0.0
14860,152.7,0.0,0.0,0.0,0.0
14861,137.2,0.0,0.0,0.0,0.0
14862,137.2,0.0,0.0,0.0,0.0
14863,135.6,0.0,0.0,0.0,0.0
14864,132.8,0.0,0.0,0.0,0.0
14865,123.1,0.0,0.0,0.0,0.0
14866,148.6,0.0,0.0,0.0,0.0
14867,113.2,0.0,0.0,0.0,0.0
14868,98.2,0.0,0.0,0.0,0.0
14869,101.8,0.0,0.0,0.0,0.0
14870,101.8,0.0,0.0,0.0,0.0
14871,102.0,0.0,0.0,0.0,0.0
14872,103.5,0.0,0.0,0.0,0.0
14873,133.1,0.0,0.0,0.0,0.0
14874,128.1,0.0,0.0,0.0,0.0
14875,86.9,0.0,0.0,0.0,0.0
14876,78.7,0.0,0.0,0.0,0.0
14877,80.4,0.0,0.0,0.0,0.0
14878,80.7,0.0,0.0,0.0,0.0
14879,91.2,0.0,0.0,0.0,0.0
14880,78.4,0.0,0.0,0.0,0.0
14881,79.2,0.0,0.0,0.0,0.0
14882,70.6,0.0,0.0,0.0,0.0
14883,53.1,0.0,0.0,0.0,0.0
14884,53.6,0.0,0.0,0.0,0.0
14885,56.9,0.0,0.0,0.0,0.0
14886,61.4,0.0,0.0,0.0,0.0
14887,68.8,0.0,0.0,0.0,0.0
14888,75.0,0.0,0.0,0.0,0.0
14889,78.6,0.0,0.0,0.0,0.0
14890,82.9,0.0,0.0,0.0,0.0
14891,90.5,0.0,0.0,0.0,0.0
14892,88.1,0.0,0.0,0.0,0.0
14893,86.1,0.0,0.0,0.0,0.0
14894,99.2,0.0,0.0,0.0,0.0
14895,98.5,0.0,0.0,0.0,0.0
14896,111.2,0.0,0.0,0.0,0.0
14897,110.4,0.0,0.0,0.0,0.0
14898,109.2,0.0,0.0,0.0,0.0
14899,53.0,0.0,0.0,0.0,0.0
14900,54.3,0.0,0.0,0.0,0.0
14901,45.6,0.0,0.0,0.0,0.0
14902,43.3,0.0,0.0,0.0,0.0
14903,61.9,0.0,0.0,0.0,0.0
14904,68.0,0.0,0.0,0.0,0.0
14905,67.0,0.0,0.0,0.0,0.0
14906,66.9,0.0,0.0,0.0,0.0
14907,65.5,0.0,0.0,0.0,0.0
14908,68.4,0.0,0.0,0.0,0.0
14909,66.2,0.0,0.0,0.0,0.0
14910,66.4,0.0,0.0,0.0,0.0
14911,70.4,0.0,0.0,0.0,0.0
14912,67.0,0.0,0.0,0.0,0.0
14913,67.3,0.0,0.0,0.0,0.0
14914,66.2,0.0,0.0,0.0,0.0
14915,66.5,0.0,0.0,0.0,0.0
14916,81.3,0.0,0.0,0.0,0.0
14917,96.9,0.0,0.0,0.0,0.0
14918,108.0,0.0,0.0,0.0,0.0
14919,90.7,0.0,0.0,0.0,0.0
14920,89.4,0.0,0.0,0.0,0.0
14921,96.4,0.0,0.0,0.0,0.0
14922,83.2,0.0,0.0,0.0,0.0
14923,83.2,0.0,0.0,0.0,0.0
14924,83.2,0.0,0.0,0.0,0.0
14925,83.2,0.0,0.0,0.0,0.0
14926,71.3,0.0,0.0,0.0,0.0
14927,88.8,0.0,0.0,0.0,0.0
14928,97.1,0.0,0.0,0.0,0.0
14929,116.0,0.0,0.0,0.0,0.0
14930,116.0,0.0,0.0,0.0,0.0
14931,116.0,0.0,0.0,0.0,0.0
14932,94.0,0.0,0.0,0.0,0.0
14933,78.3,0.0,0.0,0.0,0.0
14934,107.8,0.0,0.0,0.0,0.0
14935,107.8,0.0,0.0,0.0,0.0
14936,107.8,0.0,0.0,0.0,0.0
14937,107.8,0.0,0.0,0.0,0.0
14938,107.8,0.0,0.0,0.0,0.0
14939,109.9,0.0,0.0,0.0,0.0
14940,107.3,0.0,0.0,0.0,0.0
14941,109.0,0.0,0.0,0.0,0.0
14942,110.0,0.0,0.0,0.0,0.0
14943,111.2,0.0,0.0,0.0,0.0
14944,111.2,0.0,0.0,0.0,0.0
14945,111.2,0.0,0.0,0.0,0.0
14946,99.0,0.0,0.0,0.0,0.0
14947,107.0,0.0,0.0,0.0,0.0
14948,106.1,0.0,0.0,0.0,0.0
14949,106.6,0.0,0.0,0.0,0.0
14950,108.6,0.0,0.0,0.0,0.0
14951,108.6,0.0,0.0,0.0,0.0
14952,108.6,0.0,0.0,0.0,0.0
14953,106.3,0.0,0.0,0.0,0.0
14954,108.6,0.0,0.0,0.0,0.0
14955,111.3,0.0,0.0,0.0,0.0
14956,111.3,0.0,0.0,0.0,0.0
14957,111.3,0.0,0.0,0.0,0.0
14958,111.3,0.0,0.0,0.0,0.0
14959,111.3,0.0,0.0,0.0,0.0
14960,95.3,0.0,0.0,0.0,0.0
14961,101.9,0.0,0.0,0.0,0.0
14962,100.9,0.0,0.0,0.0,0.0
14963,103.3,0.0,0.0,0.0,0.0
14964,131.5,0.0,0.0,0.0,0.0
14965,131.5,0.0,0.0,0.0,0.0
14966,131.5,0.0,0.0,0.0,0.0
14967,131.5,0.0,0.0,0.0,0.0
14968,131.5,0.0,0.0,0.0,0.0
14969,121.9,0.0,0.0,0.0,0.0
14970,121.7,0.0,0.0,0.0,0.0
14971,136.9,0.0,0.0,0.0,0.0
14972,136.9,0.0,0.0,0.0,0.0
14973,136.9,0.0,0.0,0.0,0.0
14974,136.9,0.0,0.0,0.0,0.0
14975,136.9,0.0,0.0,0.0,0.0
14976,129.9,0.0,0.0,0.0,0.0
14977,122.5,0.0,0.0,0.0,0.0
14978,129.6,0.0,0.0,0.0,0.0
14979,129.6,0.0,0.0,0.0,0.0
14980,129.6,0.0,0.0,0.0,0.0
14981,125.8,0.0,0.0,0.0,0.0
14982,129.7,0.0,0.0,0.0,0.0
14983,126.4,0.0,0.0,0.0,0.0
14984,129.2,0.0,0.0,0.0,0.0
14985,125.0,0.0,0.0,0.0,0.0
14986,125.0,0.0,0.0,0.0,0.0
14987,125.0,0.0,0.0,0.0,0.0
14988,125.0,0.0,0.0,0.0,0.0
14989,122.9,0.0,0.0,0.0,0.0
14990,123.9,0.0,0.0,0.0,0.0
14991,122.8,0.0,0.0,0.0,0.0
14992,120.9,0.0,0.0,0.0,0.0
14993,120.9,0.0,0.0,0.0,0.0
14994,120.9,0.0,0.0,0.0,0.0
14995,120.9,0.0,0.0,0.0,0.0
14996,129.4,0.0,0.0,0.0,0.0
14997,131.5,0.0,0.0,0.0,0.0
14998,115.0,0.0,0.0,0.0,0.0
14999,109.0,0.0,0.0,0.0,0.0
15000,109.0,0.0,0.0,0.0,0.0
15001,109.0,0.0,0.0,0.0,0.0
15002,126.0,0.0,0.0,0.0,0.0
15003,122.6,0.0,0.0,0.0,0.0
15004,138.3,0.0,0.0,0.0,0.0
15005,137.5,0.0,0.0,0.0,0.0
15006,148.5,0.0,0.0,0.0,0.0
15007,148.5,0.0,0.0,0.0,0.0
15008,148.5,0.0,0.0,0.0,0.0
15009,145.6,0.0,0.0,0.0,0.0
15010,151.7,0.0,0.0,0.0,0.0
15011,125.9,0.0,0.0,0.0,0.0
15012,99.4,0.0,0.0,0.0,0.0
15013,98.2,0.0,0.0,0.0,0.0
15014,98.2,0.0,0.0,0.0,0.0
15015,98.2,0.0,0.0,0.0,0.0
15016,90.6,0.0,0.0,0.0,0.0
15017,90.6,0.0,0.0,0.0,0.0
15018,90.6,0.0,0.0,0.0,0.0
15019,118.0,0.0,0.0,0.0,0.0
15020,110.7,0.0,0.0,0.0,0.0
15021,110.7,0.0,0.0,0.0,0.0
15022,110.7,0.0,0.0,0.0,0.0
15023,110.7,0.0,0.0,0.0,0.0
15024,121.8,0.0,0.0,0.0,0.0
15025,125.9,0.0,0.0,0.0,0.0
15026,121.2,0.0,0.0,0.0,0.0
15027,119.4,0.0,0.0,0.0,0.0
15028,119.4,0.0,0.0,0.0,0.0
15029,119.4,0.0,0.0,0.0,0.0
15030,128.2,0.0,0.0,0.0,0.0
15031,130.0,0.0,0.0,0.0,0.0
15032,136.3,0.0,0.0,0.0,0.0
15033,136.3,0.0,0.0,0.0,0.0
15034,152.4,0.0,0.0,0.0,0.0
15035,152.4,0.0,0.0,0.0,0.0
15036,110.2,0.0,0.0,0.0,0.0
15037,99.1,0.0,0.0,0.0,0.0
15038,52.1,0.0,0.0,0.0,0.0
15039,49.7,0.0,0.0,0.0,0.0
15040,60.9,0.0,0.0,0.0,0.0
15041,63.6,0.0,0.0,0.0,0.0
15042,63.6,0.0,0.0,0.0,0.0
15043,63.6,0.0,0.0,0.0,0.0
15044,74.2,0.0,0.0,0.0,0.0
15045,70.9,0.0,0.0,0.0,0.0
15046,71.1,0.0,0.0,0.0,0.0
15047,69.5,0.0,0.0,0.0,0.0
15048,65.9,0.0,0.0,0.0,0.0
15049,65.9,0.0,0.0,0.0,0.0
15050,65.9,0.0,0.0,0.0,0.0
15051,75.3,0.0,0.0,0.0,0.0
15052,65.1,0.0,0.0,0.0,0.0
15053,52.3,0.0,0.0,0.0,0.0
15054,64.4,0.0,0.0,0.0,0.0
15055,58.4,0.0,0.0,0.0,0.0
15056,26.5,0.0,0.0,0.0,0.0
15057,42.6,0.0,0.0,0.0,0.0
15058,12.1,0.0,0.0,0.0,0.0
15059,8.1,0.0,0.0,0.0,0.0
15060,61.4,0.0,0.0,0.0,0.0
15061,68.8,0.0,0.0,0.0,0.0
15062,67.4,0.0,0.0,0.0,0.0
15063,67.4,0.0,0.0,0.0,0.0
15064,67.4,0.0,0.0,0.0,0.0
15065,56.0,0.0,0.0,0.0,0.0
15066,56.3,0.0,0.0,0.0,0.0
15067,68.6,0.0,0.0,0.0,0.0
15068,64.4,0.0,0.0,0.0,0.0
15069,70.9,0.0,0.0,0.0,0.0
15070,70.9,0.0,0.0,0.0,0.0
15071,70.9,0.0,0.0,0.0,0.0
15072,69.2,0.0,0.0,0.0,0.0
15073,69.2,0.0,0.0,0.0,0.0
15074,68.5,0.0,0.0,0.0,0.0
15075,70.2,0.0,0.0,0.0,0.0
15076,70.2,0.0,0.0,0.0,0.0
15077,75.0,0.0,0.0,0.0,0.0
15078,75.0,0.0,0.0,0.0,0.0
15079,75.0,0.0,0.0,0.0,0.0
15080,75.0,0.0,0.0,0.0,0.0
15081,74.6,0.0,0.0,0.0,0.0
15082,75.6,0.0,0.0,0.0,0.0
15083,77.0,0.0,0.0,0.0,0.0
15084,73.7,0.0,0.0,0.0,0.0
15085,73.7,0.0,0.0,0.0,0.0
15086,97.4,0.0,0.0,0.0,0.0
15087,97.4,0.0,0.0,0.0,0.0
15088,92.2,0.0,0.0,0.0,0.0
15089,63.8,0.0,0.0,0.0,0.0
15090,91.9,0.0,0.0,0.0,0.0
15091,103.1,0.0,0.0,0.0,0.0
15092,103.1,0.0,0.0,0.0,0.0
15093,143.8,0.0,0.0,0.0,0.0
15094,143.8,0.0,0.0,0.0,0.0
15095,148.0,0.0,0.0,0.0,0.0
15096,168.0,0.0,0.0,0.0,0.0
15097,180.1,0.0,0.0,0.0,0.0
15098,236.1,0.0,0.0,0.0,0.0
15099,236.1,0.0,0.0,0.0,0.0
15100,241.5,0.0,0.0,0.0,0.0
15101,241.5,0.0,0.0,0.0,0.0
15102,233.9,0.0,0.0,0.0,0.0
15103,229.0,0.0,0.0,0.0,0.0
15104,222.7,0.0,0.0,0.0,0.0
15105,212.8,0.0,0.0,0.0,0.0
15106,212.8,0.0,0.0,0.0,0.0
15107,229.5,0.0,0.0,0.0,0.0
15108,229.5,0.0,0.0,0.0,0.0
15109,228.8,0.0,0.0,0.0,0.0
15110,219.8,0.0,0.0,0.0,0.0
15111,203.4,0.0,0.0,0.0,0.0
15112,206.3,0.0,0.0,0.0,0.0
15113,206.3,0.0,0.0,0.0,0.0
15114,187.5,0.0,0.0,0.0,0.0
15115,187.5,0.0,0.0,0.0,0.0
15116,181.0,0.0,0.0,0.0,0.0
15117,181.4,0.0,0.0,0.0,0.0
15118,186.7,0.0,0.0,0.0,0.0
15119,181.9,0.0,0.0,0.0,0.0
15120,181.9,0.0,0.0,0.0,0.0
15121,181.9,0.0,0.0,0.0,0.0
15122,209.5,0.0,0.0,0.0,0.0
15123,209.5,0.0,0.0,0.0,0.0
15124,217.5,0.0,0.0,0.0,0.0
15125,244.3,0.0,0.0,0.0,0.0
15126,219.6,0.0,0.0,0.0,0.0
15127,219.6,0.0,0.0,0.0,0.0
15128,205.0,0.0,0.0,0.0,0.0
15129,205.0,0.0,0.0,0.0,0.0
15130,210.2,0.0,0.0,0.0,0.0
15131,221.6,0.0,0.0,0.0,0.0
15132,200.0,0.0,0.0,0.0,0.0
15133,217.2,0.0,0.0,0.0,0.0
15134,230.7,0.0,0.0,0.0,0.0
15135,218.4,0.0,0.0,0.0,0.0
15136,218.4,0.0,0.0,0.0,0.0
15137,237.6,0.0,0.0,0.0,0.0
15138,230.8,0.0,0.0,0.0,0.0
15139,231.2,0.0,0.0,0.0,0.0
15140,232.3,0.0,0.0,0.0,0.0
15141,232.3,0.0,0.0,0.0,0.0
15142,215.2,0.0,0.0,0.0,0.0
15143,215.2,0.0,0.0,0.0,0.0
15144,215.4,0.0,0.0,0.0,0.0
15145,218.4,0.0,0.0,0.0,0.0
15146,242.7,0.0,0.0,0.0,0.0
15147,200.2,0.0,0.0,0.0,0.0
15148,243.6,0.0,0.0,0.0,0.0
15149,230.7,0.0,0.0,0.0,0.0
15150,251.5,0.0,0.0,0.0,0.0
15151,226.5,0.0,0.0,0.0,0.0
15152,222.4,0.0,0.0,0.0,0.0
15153,211.7,0.0,0.0,0.0,0.0
15154,203.2,0.0,0.0,0.0,0.0
15155,216.6,0.0,0.0,0.0,0.0
15156,205.4,0.0,0.0,0.0,0.0
15157,214.6,0.0,0.0,0.0,0.0
15158,249.9,0.0,0.0,0.0,0.0
15159,215.6,0.0,0.0,0.0,0.0
15160,211.7,0.0,0.0,0.0,0.0
15161,211.7,0.0,0.0,0.0,0.0
15162,209.3,0.0,0.0,0.0,0.0
15163,213.4,0.0,0.0,0.0,0.0
15164,213.4,0.0,0.0,0.0,0.0
15165,217.5,0.0,0.0,0.0,0.0
15166,228.2,0.0,0.0,0.0,0.0
15167,225.6,0.0,0.0,0.0,0.0
15168,213.2,0.0,0.0,0.0,0.0
15169,224.7,0.0,0.0,0.0,0.0
15170,219.4,0.0,0.0,0.0,0.0
15171,233.0,0.0,0.0,0.0,0.0
15172,224.0,0.0,0.0,0.0,0.0
15173,219.3,0.0,0.0,0.0,0.0
15174,219.8,0.0,0.0,0.0,0.0
15175,214.9,0.0,0.0,0.0,0.0
15176,214.9,0.0,0.0,0.0,0.0
15177,244.7,0.0,0.0,0.0,0.0
15178,244.7,0.0,0.0,0.0,0.0
15179,216.9,0.0,0.0,0.0,0.0
15180,220.4,0.0,0.0,0.0,0.0
15181,222.4,0.0,0.0,0.0,0.0
15182,227.4,0.0,0.0,0.0,0.0
15183,215.6,0.0,0.0,0.0,0.0
15184,207.7,0.0,0.0,0.0,0.0
15185,209.6,0.0,0.0,0.0,0.0
15186,231.9,0.0,0.0,0.0,0.0
15187,220.5,0.0,0.0,0.0,0.0
15188,240.5,0.0,0.0,0.0,0.0
15189,208.9,0.0,0.0,0.0,0.0
15190,202.3,0.0,0.0,0.0,0.0
15191,218.8,0.0,0.0,0.0,0.0
15192,215.3,0.0,0.0,0.0,0.0
15193,213.4,0.0,0.0,0.0,0.0
15194,228.2,0.0,0.0,0.0,0.0
15195,219.0,0.0,0.0,0.0,0.0
15196,230.8,0.0,0.0,0.0,0.0
15197,207.8,0.0,0.0,0.0,0.0
15198,209.4,0.0,0.0,0.0,0.0
15199,220.3,0.0,0.0,0.0,0.0
15200,211.2,0.0,0.0,0.0,0.0
15201,194.9,0.0,0.0,0.0,0.0
15202,186.3,0.0,0.0,0.0,0.0
15203,176.3,0.0,0.0,0.0,0.0
15204,166.2,0.0,0.0,0.0,0.0
15205,159.5,0.0,0.0,0.0,0.0
15206,159.3,0.0,0.0,0.0,0.0
15207,155.7,0.0,0.0,0.0,0.0
15208,153.8,0.0,0.0,0.0,0.0
15209,150.5,0.0,0.0,0.0,0.0
15210,148.6,0.0,0.0,0.0,0.0
15211,147.2,0.0,0.0,0.0,0.0
15212,137.3,0.0,0.0,0.0,0.0
15213,140.5,0.0,0.0,0.0,0.0
15214,154.0,0.0,0.0,0.0,0.0
15215,133.6,0.0,0.0,0.0,0.0
15216,122.3,0.0,0.0,0.0,0.0
15217,124.4,0.0,0.0,0.0,0.0
15218,119.8,0.0,0.0,0.0,0.0
15219,123.9,0.0,0.0,0.0,0.0
15220,111.2,0.0,0.0,0.0,0.0
15221,104.7,0.0,0.0,0.0,0.0
15222,104.9,0.0,0.0,0.0,0.0
15223,89.7,0.0,0.0,0.0,0.0
15224,63.3,0.0,0.0,0.0,0.0
15225,79.3,0.0,0.0,0.0,0.0
15226,93.9,0.0,0.0,0.0,0.0
15227,50.6,0.0,0.0,0.0,0.0
15228,96.2,0.0,0.0,0.0,0.0
15229,54.3,0.0,0.0,0.0,0.0
15230,92.6,0.0,0.0,0.0,0.0
15231,88.8,0.0,0.0,0.0,0.0
15232,76.6,0.0,0.0,0.0,0.0
15233,74.9,0.0,0.0,0.0,0.0
15234,79.0,0.0,0.0,0.0,0.0
15235,79.0,0.0,0.0,0.0,0.0
15236,85.8,0.0,0.0,0.0,0.0
15237,72.2,0.0,0.0,0.0,0.0
15238,60.0,0.0,0.0,0.0,0.0
15239,55.1,0.0,0.0,0.0,0.0
15240,48.8,0.0,0.0,0.0,0.0
15241,48.8,0.0,0.0,0.0,0.0
15242,61.5,0.0,0.0,0.0,0.0
15243,61.3,0.0,0.0,0.0,0.0
15244,58.0,0.0,0.0,0.0,0.0
15245,58.1,0.0,0.0,0.0,0.0
15246,58.1,0.0,0.0,0.0,0.0
15247,62.5,0.0,0.0,0.0,0.0
15248,62.4,0.0,0.0,0.0,0.0
15249,46.2,0.0,0.0,0.0,0.0
15250,40.2,0.0,0.0,0.0,0.0
15251,51.7,0.0,0.0,0.0,0.0
15252,57.0,0.0,0.0,0.0,0.0
15253,62.9,0.0,0.0,0.0,0.0
15254,69.1,0.0,0.0,0.0,0.0
15255,69.1,0.0,0.0,0.0,0.0
15256,71.3,0.0,0.0,0.0,0.0
15257,57.8,0.0,0.0,0.0,0.0
15258,51.9,0.0,0.0,0.0,0.0
15259,56.2,0.0,0.0,0.0,0.0
15260,62.9,0.0,0.0,0.0,0.0
15261,78.2,0.0,0.0,0.0,0.0
15262,65.9,0.0,0.0,0.0,0.0
15263,68.3,0.0,0.0,0.0,0.0
15264,70.6,0.0,0.0,0.0,0.0
15265,68.4,0.0,0.0,0.0,0.0
15266,66.5,0.0,0.0,0.0,0.0
15267,66.5,0.0,0.0,0.0,0.0
15268,68.8,0.0,0.0,0.0,0.0
15269,68.8,0.0,0.0,0.0,0.0
15270,71.8,0.0,0.0,0.0,0.0
15271,63.2,0.0,0.0,0.0,0.0
15272,65.3,0.0,0.0,0.0,0.0
15273,71.7,0.0,0.0,0.0,0.0
15274,55.8,0.0,0.0,0.0,0.0
15275,73.7,0.0,0.0,0.0,0.0
15276,74.3,0.0,0.0,0.0,0.0
15277,83.8,0.0,0.0,0.0,0.0
15278,96.9,0.0,0.0,0.0,0.0
15279,109.5,0.0,0.0,0.0,0.0
15280,49.2,0.0,0.0,0.0,0.0
15281,121.9,0.0,0.0,0.0,0.0
15282,127.4,0.0,0.0,0.0,0.0
15283,127.7,0.0,0.0,0.0,0.0
15284,121.2,0.0,0.0,0.0,0.0
15285,120.1,0.0,0.0,0.0,0.0
15286,67.6,0.0,0.0,0.0,0.0
15287,118.7,0.0,0.0,0.0,0.0
15288,122.6,0.0,0.0,0.0,0.0
15289,116.8,0.0,0.0,0.0,0.0
15290,122.0,0.0,0.0,0.0,0.0
15291,120.4,0.0,0.0,0.0,0.0
15292,123.5,0.0,0.0,0.0,0.0
15293,121.0,0.0,0.0,0.0,0.0
15294,118.0,0.0,0.0,0.0,0.0
15295,121.7,0.0,0.0,0.0,0.0
15296,123.8,0.0,0.0,0.0,0.0
15297,129.3,0.0,0.0,0.0,0.0
15298,128.3,0.0,0.0,0.0,0.0
15299,127.4,0.0,0.0,0.0,0.0
15300,114.0,0.0,0.0,0.0,0.0
15301,114.0,0.0,0.0,0.0,0.0
15302,114.0,0.0,0.0,0.0,0.0
15303,124.5,0.0,0.0,0.0,0.0
15304,123.6,0.0,0.0,0.0,0.0
15305,115.5,0.0,0.0,0.0,0.0
15306,133.8,0.0,0.0,0.0,0.0
15307,132.5,0.0,0.0,0.0,0.0
15308,121.0,0.0,0.0,0.0,0.0
15309,132.2,0.0,0.0,0.0,0.0
15310,119.9,0.0,0.0,0.0,0.0
15311,117.7,0.0,0.0,0.0,0.0
15312,108.1,0.0,0.0,0.0,0.0
15313,108.7,0.0,0.0,0.0,0.0
15314,107.9,0.0,0.0,0.0,0.0
15315,108.7,0.0,0.0,0.0,0.0
15316,103.4,0.0,0.0,0.0,0.0
15317,112.5,0.0,0.0,0.0,0.0
15318,112.9,0.0,0.0,0.0,0.0
15319,95.4,0.0,0.0,0.0,0.0
15320,104.0,0.0,0.0,0.0,0.0
15321,103.0,0.0,0.0,0.0,0.0
15322,104.0,0.0,0.0,0.0,0.0
15323,93.5,0.0,0.0,0.0,0.0
15324,102.0,0.0,0.0,0.0,0.0
15325,92.7,0.0,0.0,0.0,0.0
15326,100.1,0.0,0.0,0.0,0.0
15327,109.9,0.0,0.0,0.0,0.0
15328,73.5,0.0,0.0,0.0,0.0
15329,102.8,0.0,0.0,0.0,0.0
15330,98.8,0.0,0.0,0.0,0.0
15331,103.1,0.0,0.0,0.0,0.0
15332,103.9,0.0,0.0,0.0,0.0
15333,92.2,0.0,0.0,0.0,0.0
15334,101.6,0.0,0.0,0.0,0.0
15335,98.2,0.0,0.0,0.0,0.0
15336,98.7,0.0,0.0,0.0,0.0
15337,98.3,0.0,0.0,0.0,0.0
15338,95.3,0.0,0.0,0.0,0.0
15339,104.7,0.0,0.0,0.0,0.0
15340,95.8,0.0,0.0,0.0,0.0
15341,72.1,0.0,0.0,0.0,0.0
15342,96.9,0.0,0.0,0.0,0.0
15343,92.4,0.0,0.0,0.0,0.0
15344,95.9,0.0,0.0,0.0,0.0
15345,93.0,0.0,0.0,0.0,0.0
15346,95.7,0.0,0.0,0.0,0.0
15347,96.6,0.0,0.0,0.0,0.0
15348,94.6,0.0,0.0,0.0,0.0
15349,91.3,0.0,0.0,0.0,0.0
15350,96.0,0.0,0.0,0.0,0.0
15351,92.1,0.0,0.0,0.0,0.0
15352,98.0,0.0,0.0,0.0,0.0
15353,92.7,0.0,0.0,0.0,0.0
15354,94.1,0.0,0.0,0.0,0.0
15355,95.4,0.0,0.0,0.0,0.0
15356,94.0,0.0,0.0,0.0,0.0
15357,93.8,0.0,0.0,0.0,0.0
15358,92.7,0.0,0.0,0.0,0.0
15359,100.0,0.0,0.0,0.0,0.0
15360,95.2,0.0,0.0,0.0,0.0
15361,97.6,0.0,0.0,0.0,0.0
15362,97.0,0.0,0.0,0.0,0.0
15363,96.9,0.0,0.0,0.0,0.0
15364,93.9,0.0,0.0,0.0,0.0
15365,96.1,0.0,0.0,0.0,0.0
15366,95.8,0.0,0.0,0.0,0.0
15367,94.3,0.0,0.0,0.0,0.0
15368,96.1,0.0,0.0,0.0,0.0
15369,96.8,0.0,0.0,0.0,0.0
15370,96.8,0.0,0.0,0.0,0.0
15371,96.8,0.0,0.0,0.0,0.0
15372,84.7,0.0,0.0,0.0,0.0
15373,86.9,0.0,0.0,0.0,0.0
15374,89.0,0.0,0.0,0.0,0.0
15375,87.9,0.0,0.0,0.0,0.0
15376,88.3,0.0,0.0,0.0,0.0
15377,82.3,0.0,0.0,0.0,0.0
15378,92.0,0.0,0.0,0.0,0.0
15379,84.3,0.0,0.0,0.0,0.0
15380,87.5,0.0,0.0,0.0,0.0
15381,92.6,0.0,0.0,0.0,0.0
15382,56.0,0.0,0.0,0.0,0.0
15383,51.1,0.0,0.0,0.0,0.0
15384,59.7,0.0,0.0,0.0,0.0
15385,55.4,0.0,0.0,0.0,0.0
15386,8.3,0.0,0.0,0.0,0.0
15387,8.2,0.0,0.0,0.0,0.0
15388,7.6,0.0,0.0,0.0,0.0
15389,8.6,0.0,0.0,0.0,0.0
15390,43.6,0.0,0.0,0.0,0.0
15391,65.7,0.0,0.0,0.0,0.0
15392,86.9,0.0,0.0,0.0,0.0
15393,86.9,0.0,0.0,0.0,0.0
15394,109.8,0.0,0.0,0.0,0.0
15395,124.9,0.0,0.0,0.0,0.0
15396,139.3,0.0,0.0,0.0,0.0
15397,84.8,0.0,0.0,0.0,0.0
15398,54.2,0.0,0.0,0.0,0.0
15399,58.1,0.0,0.0,0.0,0.0
15400,58.1,0.0,0.0,0.0,0.0
15401,36.9,0.0,0.0,0.0,0.0
15402,55.6,0.0,0.0,0.0,0.0
15403,70.3,0.0,0.0,0.0,0.0
15404,66.3,0.0,0.0,0.0,0.0
15405,76.9,0.0,0.0,0.0,0.0
15406,113.7,0.0,0.0,0.0,0.0
15407,113.7,0.0,0.0,0.0,0.0
15408,60.7,0.0,0.0,0.0,0.0
15409,75.4,0.0,0.0,0.0,0.0
15410,69.2,0.0,0.0,0.0,0.0
15411,69.3,0.0,0.0,0.0,0.0
15412,48.2,0.0,0.0,0.0,0.0
15413,48.1,0.0,0.0,0.0,0.0
15414,40.5,0.0,0.0,0.0,0.0
15415,52.0,0.0,0.0,0.0,0.0
15416,465.6,0.0,0.0,0.0,0.0
15417,237.8,0.0,0.0,0.0,0.0
15418,93.1,0.0,0.0,0.0,0.0
15419,97.2,0.0,0.0,0.0,0.0
15420,41.5,0.0,0.0,0.0,0.0
15421,26.4,0.0,0.0,0.0,0.0
15422,21.6,0.0,0.0,0.0,0.0
15423,30.4,0.0,0.0,0.0,0.0
15424,53.7,0.0,0.0,0.0,0.0
15425,47.7,0.0,0.0,0.0,0.0
15426,73.7,0.0,0.0,0.0,0.0
15427,68.4,0.0,0.0,0.0,0.0
15428,64.1,0.0,0.0,0.0,0.0
15429,65.4,0.0,0.0,0.0,0.0
15430,70.1,0.0,0.0,0.0,0.0
15431,72.5,0.0,0.0,0.0,0.0
15432,74.0,0.0,0.0,0.0,0.0
15433,72.9,0.0,0.0,0.0,0.0
15434,75.1,0.0,0.0,0.0,0.0
15435,74.2,0.0,0.0,0.0,0.0
15436,74.0,0.0,0.0,0.0,0.0
15437,74.0,0.0,0.0,0.0,0.0
15438,83.8,0.0,0.0,0.0,0.0
15439,75.4,0.0,0.0,0.0,0.0
15440,91.1,0.0,0.0,0.0,0.0
15441,89.3,0.0,0.0,0.0,0.0
15442,87.5,0.0,0.0,0.0,0.0
15443,77.6,0.0,0.0,0.0,0.0
15444,78.5,0.0,0.0,0.0,0.0
15445,70.9,0.0,0.0,0.0,0.0
15446,67.7,0.0,0.0,0.0,0.0
15447,64.1,0.0,0.0,0.0,0.0
15448,71.7,0.0,0.0,0.0,0.0
15449,75.6,0.0,0.0,0.0,0.0
15450,73.5,0.0,0.0,0.0,0.0
15451,73.6,0.0,0.0,0.0,0.0
15452,66.1,0.0,0.0,0.0,0.0
15453,73.9,0.0,0.0,0.0,0.0
15454,70.9,0.0,0.0,0.0,0.0
15455,76.8,0.0,0.0,0.0,0.0
15456,75.3,0.0,0.0,0.0,0.0
15457,73.2,0.0,0.0,0.0,0.0
15458,90.0,0.0,0.0,0.0,0.0
15459,101.8,0.0,0.0,0.0,0.0
15460,113.3,0.0,0.0,0.0,0.0
15461,134.7,0.0,0.0,0.0,0.0
15462,165.8,0.0,0.0,0.0,0.0
15463,194.4,0.0,0.0,0.0,0.0
15464,191.2,0.0,0.0,0.0,0.0
15465,163.9,0.0,0.0,0.0,0.0
15466,143.9,0.0,0.0,0.0,0.0
15467,163.0,0.0,0.0,0.0,0.0
15468,158.9,0.0,0.0,0.0,0.0
15469,169.0,0.0,0.0,0.0,0.0
15470,194.9,0.0,0.0,0.0,0.0
15471,173.8,0.0,0.0,0.0,0.0
15472,175.0,0.0,0.0,0.0,0.0
15473,184.1,0.0,0.0,0.0,0.0
15474,173.6,0.0,0.0,0.0,0.0
15475,174.2,0.0,0.0,0.0,0.0
15476,170.8,0.0,0.0,0.0,0.0
15477,186.5,0.0,0.0,0.0,0.0
15478,141.9,0.0,0.0,0.0,0.0
15479,163.1,0.0,0.0,0.0,0.0
15480,160.7,0.0,0.0,0.0,0.0
15481,153.5,0.0,0.0,0.0,0.0
15482,122.1,0.0,0.0,0.0,0.0
15483,137.4,0.0,0.0,0.0,0.0
15484,182.6,0.0,0.0,0.0,0.0
15485,157.8,0.0,0.0,0.0,0.0
15486,170.4,0.0,0.0,0.0,0.0
15487,165.4,0.0,0.0,0.0,0.0
15488,163.2,0.0,0.0,0.0,0.0
15489,185.1,0.0,0.0,0.0,0.0
15490,189.3,0.0,0.0,0.0,0.0
15491,136.8,0.0,0.0,0.0,0.0
15492,134.7,0.0,0.0,0.0,0.0
15493,135.3,0.0,0.0,0.0,0.0
15494,145.7,0.0,0.0,0.0,0.0
15495,155.5,0.0,0.0,0.0,0.0
15496,168.4,0.0,0.0,0.0,0.0
15497,168.4,0.0,0.0,0.0,0.0
15498,173.9,0.0,0.0,0.0,0.0
15499,181.4,0.0,0.0,0.0,0.0
15500,187.1,0.0,0.0,0.0,0.0
15501,159.2,0.0,0.0,0.0,0.0
15502,154.1,0.0,0.0,0.0,0.0
15503,170.0,0.0,0.0,0.0,0.0
15504,218.7,0.0,0.0,0.0,0.0
15505,213.5,0.0,0.0,0.0,0.0
15506,215.6,0.0,0.0,0.0,0.0
15507,211.8,0.0,0.0,0.0,0.0
15508,213.3,0.0,0.0,0.0,0.0
15509,211.9,0.0,0.0,0.0,0.0
15510,206.0,0.0,0.0,0.0,0.0
15511,172.1,0.0,0.0,0.0,0.0
15512,140.3,0.0,0.0,0.0,0.0
15513,147.8,0.0,0.0,0.0,0.0
15514,185.7,0.0,0.0,0.0,0.0
15515,192.5,0.0,0.0,0.0,0.0
15516,186.9,0.0,0.0,0.0,0.0
15517,152.7,0.0,0.0,0.0,0.0
15518,182.4,0.0,0.0,0.0,0.0
15519,179.1,0.0,0.0,0.0,0.0
15520,186.1,0.0,0.0,0.0,0.0
15521,191.1,0.0,0.0,0.0,0.0
15522,169.9,0.0,0.0,0.0,0.0
15523,132.5,0.0,0.0,0.0,0.0
15524,120.7,0.0,0.0,0.0,0.0
15525,148.1,0.0,0.0,0.0,0.0
15526,164.7,0.0,0.0,0.0,0.0
15527,167.1,0.0,0.0,0.0,0.0
15528,177.0,0.0,0.0,0.0,0.0
15529,173.9,0.0,0.0,0.0,0.0
15530,178.7,0.0,0.0,0.0,0.0
15531,180.4,0.0,0.0,0.0,0.0
15532,184.6,0.0,0.0,0.0,0.0
15533,177.0,0.0,0.0,0.0,0.0
15534,204.1,0.0,0.0,0.0,0.0
15535,206.0,0.0,0.0,0.0,0.0
15536,210.9,0.0,0.0,0.0,0.0
15537,192.5,0.0,0.0,0.0,0.0
15538,200.5,0.0,0.0,0.0,0.0
15539,141.4,0.0,0.0,0.0,0.0
15540,182.7,0.0,0.0,0.0,0.0
15541,227.4,0.0,0.0,0.0,0.0
15542,218.0,0.0,0.0,0.0,0.0
15543,229.7,0.0,0.0,0.0,0.0
15544,189.6,0.0,0.0,0.0,0.0
15545,184.2,0.0,0.0,0.0,0.0
15546,185.6,0.0,0.0,0.0,0.0
15547,186.2,0.0,0.0,0.0,0.0
15548,219.2,0.0,0.0,0.0,0.0
15549,216.8,0.0,0.0,0.0,0.0
15550,214.5,0.0,0.0,0.0,0.0
15551,199.2,0.0,0.0,0.0,0.0
15552,195.0,0.0,0.0,0.0,0.0
15553,199.5,0.0,0.0,0.0,0.0
15554,196.0,0.0,0.0,0.0,0.0
15555,191.4,0.0,0.0,0.0,0.0
15556,191.1,0.0,0.0,0.0,0.0
15557,190.8,0.0,0.0,0.0,0.0
15558,206.8,0.0,0.0,0.0,0.0
15559,193.7,0.0,0.0,0.0,0.0
15560,203.0,0.0,0.0,0.0,0.0
15561,202.4,0.0,0.0,0.0,0.0
15562,213.5,0.0,0.0,0.0,0.0
15563,211.6,0.0,0.0,0.0,0.0
15564,192.0,0.0,0.0,0.0,0.0
15565,218.4,0.0,0.0,0.0,0.0
15566,220.1,0.0,0.0,0.0,0.0
15567,237.1,0.0,0.0,0.0,0.0
15568,247.5,0.0,0.0,0.0,0.0
15569,249.8,0.0,0.0,0.0,0.0
15570,222.8,0.0,0.0,0.0,0.0
15571,212.2,0.0,0.0,0.0,0.0
15572,219.0,0.0,0.0,0.0,0.0
15573,217.9,0.0,0.0,0.0,0.0
15574,219.1,0.0,0.0,0.0,0.0
15575,216.5,0.0,0.0,0.0,0.0
15576,216.5,0.0,0.0,0.0,0.0
15577,215.0,0.0,0.0,0.0,0.0
15578,212.2,0.0,0.0,0.0,0.0
15579,216.8,0.0,0.0,0.0,0.0
15580,216.2,0.0,0.0,0.0,0.0
15581,214.5,0.0,0.0,0.0,0.0
15582,223.7,0.0,0.0,0.0,0.0
15583,223.7,0.0,0.0,0.0,0.0
15584,226.3,0.0,0.0,0.0,0.0
15585,209.9,0.0,0.0,0.0,0.0
15586,198.0,0.0,0.0,0.0,0.0
15587,190.9,0.0,0.0,0.0,0.0
15588,179.3,0.0,0.0,0.0,0.0
15589,178.2,0.0,0.0,0.0,0.0
15590,185.5,0.0,0.0,0.0,0.0
15591,205.1,0.0,0.0,0.0,0.0
15592,207.8,0.0,0.0,0.0,0.0
15593,194.6,0.0,0.0,0.0,0.0
15594,181.4,0.0,0.0,0.0,0.0
15595,187.4,0.0,0.0,0.0,0.0
15596,192.6,0.0,0.0,0.0,0.0
15597,183.0,0.0,0.0,0.0,0.0
15598,183.5,0.0,0.0,0.0,0.0
15599,200.5,0.0,0.0,0.0,0.0
15600,172.1,0.0,0.0,0.0,0.0
15601,166.3,0.0,0.0,0.0,0.0
15602,166.0,0.0,0.0,0.0,0.0
15603,171.2,0.0,0.0,0.0,0.0
15604,182.2,0.0,0.0,0.0,0.0
15605,179.1,0.0,0.0,0.0,0.0
15606,169.5,0.0,0.0,0.0,0.0
15607,166.9,0.0,0.0,0.0,0.0
15608,171.4,0.0,0.0,0.0,0.0
15609,171.4,0.0,0.0,0.0,0.0
15610,173.4,0.0,0.0,0.0,0.0
15611,178.2,0.0,0.0,0.0,0.0
15612,178.2,0.0,0.0,0.0,0.0
15613,177.7,0.0,0.0,0.0,0.0
15614,166.4,0.0,0.0,0.0,0.0
15615,164.0,0.0,0.0,0.0,0.0
15616,153.1,0.0,0.0,0.0,0.0
15617,161.5,0.0,0.0,0.0,0.0
15618,144.2,0.0,0.0,0.0,0.0
15619,121.5,0.0,0.0,0.0,0.0
15620,121.0,0.0,0.0,0.0,0.0
15621,113.2,0.0,0.0,0.0,0.0
15622,100.7,0.0,0.0,0.0,0.0
15623,92.0,0.0,0.0,0.0,0.0
15624,90.9,0.0,0.0,0.0,0.0
15625,90.9,0.0,0.0,0.0,0.0
15626,91.3,0.0,0.0,0.0,0.0
15627,93.7,0.0,0.0,0.0,0.0
15628,102.4,0.0,0.0,0.0,0.0
15629,101.2,0.0,0.0,0.0,0.0
15630,96.3,0.0,0.0,0.0,0.0
15631,96.1,0.0,0.0,0.0,0.0
15632,95.3,0.0,0.0,0.0,0.0
15633,96.7,0.0,0.0,0.0,0.0
15634,85.3,0.0,0.0,0.0,0.0
15635,90.1,0.0,0.0,0.0,0.0
15636,92.5,0.0,0.0,0.0,0.0
15637,91.0,0.0,0.0,0.0,0.0
15638,73.1,0.0,0.0,0.0,0.0
15639,61.5,0.0,0.0,0.0,0.0
15640,57.4,0.0,0.0,0.0,0.0
15641,54.6,0.0,0.0,0.0,0.0
15642,49.8,0.0,0.0,0.0,0.0
15643,25.0,0.0,0.0,0.0,0.0
15644,5.7,0.0,0.0,0.0,0.0
15645,6.0,0.0,0.0,0.0,0.0
15646,6.0,0.0,0.0,0.0,0.0
15647,6.0,0.0,0.0,0.0,0.0
15648,6.7,0.0,0.0,0.0,0.0
15649,6.0,0.0,0.0,0.0,0.0
15650,6.0,0.0,0.0,0.0,0.0
15651,6.2,0.0,0.0,0.0,0.0
15652,5.9,0.0,0.0,0.0,0.0
15653,6.0,0.0,0.0,0.0,0.0
15654,6.0,0.0,0.0,0.0,0.0
15655,6.0,0.0,0.0,0.0,0.0
15656,6.9,0.0,0.0,0.0,0.0
15657,49.5,0.0,0.0,0.0,0.0
15658,41.3,0.0,0.0,0.0,0.0
15659,6.0,0.0,0.0,0.0,0.0
15660,18.7,0.0,0.0,0.0,0.0
15661,6.1,0.0,0.0,0.0,0.0
15662,28.7,0.0,0.0,0.0,0.0
15663,46.5,0.0,0.0,0.0,0.0
15664,51.5,0.0,0.0,0.0,0.0
15665,53.1,0.0,0.0,0.0,0.0
15666,52.6,0.0,0.0,0.0,0.0
15667,66.6,0.0,0.0,0.0,0.0
15668,66.2,0.0,0.0,0.0,0.0
15669,65.7,0.0,0.0,0.0,0.0
15670,61.1,0.0,0.0,0.0,0.0
15671,60.0,0.0,0.0,0.0,0.0
15672,59.4,0.0,0.0,0.0,0.0
15673,61.0,0.0,0.0,0.0,0.0
15674,63.8,0.0,0.0,0.0,0.0
15675,60.9,0.0,0.0,0.0,0.0
15676,61.4,0.0,0.0,0.0,0.0
15677,71.5,0.0,0.0,0.0,0.0
15678,72.0,0.0,0.0,0.0,0.0
15679,75.4,0.0,0.0,0.0,0.0
15680,77.1,0.0,0.0,0.0,0.0
15681,74.0,0.0,0.0,0.0,0.0
15682,61.8,0.0,0.0,0.0,0.0
15683,97.7,0.0,0.0,0.0,0.0
15684,74.9,0.0,0.0,0.0,0.0
15685,29.5,0.0,0.0,0.0,0.0
15686,46.2,0.0,0.0,0.0,0.0
15687,82.6,0.0,0.0,0.0,0.0
15688,77.0,0.0,0.0,0.0,0.0
15689,73.1,0.0,0.0,0.0,0.0
15690,73.7,0.0,0.0,0.0,0.0
15691,58.5,0.0,0.0,0.0,0.0
15692,66.0,0.0,0.0,0.0,0.0
15693,77.1,0.0,0.0,0.0,0.0
15694,86.4,0.0,0.0,0.0,0.0
15695,79.8,0.0,0.0,0.0,0.0
15696,77.3,0.0,0.0,0.0,0.0
15697,75.4,0.0,0.0,0.0,0.0
15698,81.8,0.0,0.0,0.0,0.0
15699,76.4,0.0,0.0,0.0,0.0
15700,74.2,0.0,0.0,0.0,0.0
15701,68.4,0.0,0.0,0.0,0.0
15702,75.8,0.0,0.0,0.0,0.0
15703,75.4,0.0,0.0,0.0,0.0
15704,74.7,0.0,0.0,0.0,0.0
15705,57.8,0.0,0.0,0.0,0.0
15706,69.2,0.0,0.0,0.0,0.0
15707,69.2,0.0,0.0,0.0,0.0
15708,61.1,0.0,0.0,0.0,0.0
15709,64.5,0.0,0.0,0.0,0.0
15710,82.7,0.0,0.0,0.0,0.0
15711,76.5,0.0,0.0,0.0,0.0
15712,67.7,0.0,0.0,0.0,0.0
15713,76.8,0.0,0.0,0.0,0.0
15714,75.8,0.0,0.0,0.0,0.0
15715,61.8,0.0,0.0,0.0,0.0
15716,64.4,0.0,0.0,0.0,0.0
15717,92.8,0.0,0.0,0.0,0.0
15718,49.4,0.0,0.0,0.0,0.0
15719,66.2,0.0,0.0,0.0,0.0
15720,75.5,0.0,0.0,0.0,0.0
15721,59.3,0.0,0.0,0.0,0.0
15722,62.7,0.0,0.0,0.0,0.0
15723,55.7,0.0,0.0,0.0,0.0
15724,67.5,0.0,0.0,0.0,0.0
15725,64.0,0.0,0.0,0.0,0.0
15726,15.9,0.0,0.0,0.0,0.0
15727,7.0,0.0,0.0,0.0,0.0
15728,16.2,0.0,0.0,0.0,0.0
15729,21.3,0.0,0.0,0.0,0.0
15730,12.4,0.0,0.0,0.0,0.0
15731,50.0,0.0,0.0,0.0,0.0
15732,68.7,0.0,0.0,0.0,0.0
15733,68.7,0.0,0.0,0.0,0.0
15734,76.5,0.0,0.0,0.0,0.0
15735,69.7,0.0,0.0,0.0,0.0
15736,67.0,0.0,0.0,0.0,0.0
15737,69.1,0.0,0.0,0.0,0.0
15738,69.1,0.0,0.0,0.0,0.0
15739,64.3,0.0,0.0,0.0,0.0
15740,50.7,0.0,0.0,0.0,0.0
15741,68.3,0.0,0.0,0.0,0.0
15742,68.6,0.0,0.0,0.0,0.0
15743,68.3,0.0,0.0,0.0,0.0
15744,67.4,0.0,0.0,0.0,0.0
15745,76.1,0.0,0.0,0.0,0.0
15746,55.0,0.0,0.0,0.0,0.0
15747,54.0,0.0,0.0,0.0,0.0
15748,55.7,0.0,0.0,0.0,0.0
15749,47.7,0.0,0.0,0.0,0.0
15750,49.7,0.0,0.0,0.0,0.0
15751,65.7,0.0,0.0,0.0,0.0
15752,68.5,0.0,0.0,0.0,0.0
15753,76.5,0.0,0.0,0.0,0.0
15754,51.3,0.0,0.0,0.0,0.0
15755,37.2,0.0,0.0,0.0,0.0
15756,65.4,0.0,0.0,0.0,0.0
15757,65.4,0.0,0.0,0.0,0.0
15758,258.9,0.0,0.0,0.0,0.0
15759,208.2,0.0,0.0,0.0,0.0
15760,59.3,0.0,0.0,0.0,0.0
15761,38.5,0.0,0.0,0.0,0.0
15762,27.2,0.0,0.0,0.0,0.0
15763,34.3,0.0,0.0,0.0,0.0
15764,85.8,0.0,0.0,0.0,0.0
15765,93.9,0.0,0.0,0.0,0.0
15766,94.7,0.0,0.0,0.0,0.0
15767,98.3,0.0,0.0,0.0,0.0
15768,95.6,0.0,0.0,0.0,0.0
15769,73.6,0.0,0.0,0.0,0.0
15770,81.8,0.0,0.0,0.0,0.0
15771,73.4,0.0,0.0,0.0,0.0
15772,78.6,0.0,0.0,0.0,0.0
15773,79.9,0.0,0.0,0.0,0.0
15774,73.5,0.0,0.0,0.0,0.0
15775,80.0,0.0,0.0,0.0,0.0
15776,79.2,0.0,0.0,0.0,0.0
15777,83.4,0.0,0.0,0.0,0.0
15778,76.7,0.0,0.0,0.0,0.0
15779,80.3,0.0,0.0,0.0,0.0
15780,74.7,0.0,0.0,0.0,0.0
15781,125.5,0.0,0.0,0.0,0.0
15782,277.0,0.0,0.0,0.0,0.0
15783,499.3,0.0,0.0,0.0,0.0
15784,897.7,0.0,0.0,0.0,0.0
15785,1342.5,0.0,0.0,0.0,0.0
15786,1332.3,0.0,0.0,0.0,0.0
15787,1328.8,0.0,0.0,0.0,0.0
15788,1291.5,0.0,0.0,0.0,0.0
15789,965.8,0.0,0.0,0.0,0.0
15790,1303.7,0.0,0.0,0.0,0.0
15791,1383.4,0.0,0.0,0.0,0.0
15792,1425.2,0.0,0.0,0.0,0.0
15793,1426.6,0.0,0.0,0.0,0.0
15794,1316.3,0.0,0.0,0.0,0.0
15795,1104.7,0.0,0.0,0.0,0.0
15796,1009.8,0.0,0.0,0.0,0.0
15797,549.9,0.0,0.0,0.0,0.0
15798,529.6,0.0,0.0,0.0,0.0
15799,478.1,0.0,0.0,0.0,0.0
15800,384.8,0.0,0.0,0.0,0.0
15801,384.8,0.0,0.0,0.0,0.0
15802,381.8,0.0,0.0,0.0,0.0
15803,364.3,0.0,0.0,0.0,0.0
15804,293.4,0.0,0.0,0.0,0.0
15805,240.3,0.0,0.0,0.0,0.0
15806,189.4,0.0,0.0,0.0,0.0
15807,155.3,0.0,0.0,0.0,0.0
15808,136.3,0.0,0.0,0.0,0.0
15809,135.1,0.0,0.0,0.0,0.0
15810,111.9,0.0,0.0,0.0,0.0
15811,104.8,0.0,0.0,0.0,0.0
15812,95.6,0.0,0.0,0.0,0.0
15813,103.6,0.0,0.0,0.0,0.0
15814,125.5,0.0,0.0,0.0,0.0
15815,100.8,0.0,0.0,0.0,0.0
15816,101.4,0.0,0.0,0.0,0.0
15817,97.5,0.0,0.0,0.0,0.0
15818,76.6,0.0,0.0,0.0,0.0
15819,93.1,0.0,0.0,0.0,0.0
15820,117.0,0.0,0.0,0.0,0.0
15821,116.5,0.0,0.0,0.0,0.0
15822,118.3,0.0,0.0,0.0,0.0
15823,180.3,0.0,0.0,0.0,0.0
15824,193.8,0.0,0.0,0.0,0.0
15825,195.8,0.0,0.0,0.0,0.0
15826,197.5,0.0,0.0,0.0,0.0
15827,212.2,0.0,0.0,0.0,0.0
15828,167.5,0.0,0.0,0.0,0.0
15829,158.8,0.0,0.0,0.0,0.0
15830,152.3,0.0,0.0,0.0,0.0
15831,143.0,0.0,0.0,0.0,0.0
15832,154.7,0.0,0.0,0.0,0.0
15833,191.4,0.0,0.0,0.0,0.0
15834,192.9,0.0,0.0,0.0,0.0
15835,208.3,0.0,0.0,0.0,0.0
15836,207.9,0.0,0.0,0.0,0.0
15837,226.1,0.0,0.0,0.0,0.0
15838,237.1,0.0,0.0,0.0,0.0
15839,223.6,0.0,0.0,0.0,0.0
15840,197.9,0.0,0.0,0.0,0.0
15841,213.2,0.0,0.0,0.0,0.0
15842,209.1,0.0,0.0,0.0,0.0
15843,222.0,0.0,0.0,0.0,0.0
15844,224.0,0.0,0.0,0.0,0.0
15845,221.6,0.0,0.0,0.0,0.0
15846,206.5,0.0,0.0,0.0,0.0
15847,226.8,0.0,0.0,0.0,0.0
15848,250.2,0.0,0.0,0.0,0.0
15849,263.8,0.0,0.0,0.0,0.0
15850,263.8,0.0,0.0,0.0,0.0
15851,221.9,0.0,0.0,0.0,0.0
15852,199.6,0.0,0.0,0.0,0.0
15853,190.4,0.0,0.0,0.0,0.0
15854,203.6,0.0,0.0,0.0,0.0
15855,206.7,0.0,0.0,0.0,0.0
15856,205.1,0.0,0.0,0.0,0.0
15857,205.1,0.0,0.0,0.0,0.0
15858,100.7,0.0,0.0,0.0,0.0
15859,177.0,0.0,0.0,0.0,0.0
15860,270.9,0.0,0.0,0.0,0.0
15861,301.7,0.0,0.0,0.0,0.0
15862,426.2,0.0,0.0,0.0,0.0
15863,445.9,0.0,0.0,0.0,0.0
15864,419.3,0.0,0.0,0.0,0.0
15865,438.4,0.0,0.0,0.0,0.0
15866,314.2,0.0,0.0,0.0,0.0
15867,341.3,0.0,0.0,0.0,0.0
15868,338.1,0.0,0.0,0.0,0.0
15869,300.0,0.0,0.0,0.0,0.0
15870,303.3,0.0,0.0,0.0,0.0
15871,309.7,0.0,0.0,0.0,0.0
15872,309.3,0.0,0.0,0.0,0.0
15873,315.7,0.0,0.0,0.0,0.0
15874,339.0,0.0,0.0,0.0,0.0
15875,394.6,0.0,0.0,0.0,0.0
15876,365.7,0.0,0.0,0.0,0.0
15877,366.7,0.0,0.0,0.0,0.0
15878,346.9,0.0,0.0,0.0,0.0
15879,303.7,0.0,0.0,0.0,0.0
15880,297.9,0.0,0.0,0.0,0.0
15881,292.5,0.0,0.0,0.0,0.0
15882,301.6,0.0,0.0,0.0,0.0
15883,320.6,0.0,0.0,0.0,0.0
15884,292.0,0.0,0.0,0.0,0.0
15885,276.8,0.0,0.0,0.0,0.0
15886,282.5,0.0,0.0,0.0,0.0
15887,281.0,0.0,0.0,0.0,0.0
15888,277.9,0.0,0.0,0.0,0.0
15889,316.1,0.0,0.0,0.0,0.0
15890,271.8,0.0,0.0,0.0,0.0
15891,295.2,0.0,0.0,0.0,0.0
15892,312.4,0.0,0.0,0.0,0.0
15893,330.8,0.0,0.0,0.0,0.0
15894,330.2,0.0,0.0,0.0,0.0
15895,326.6,0.0,0.0,0.0,0.0
15896,312.7,0.0,0.0,0.0,0.0
15897,291.6,0.0,0.0,0.0,0.0
15898,300.9,0.0,0.0,0.0,0.0
15899,299.1,0.0,0.0,0.0,0.0
15900,297.3,0.0,0.0,0.0,0.0
15901,294.6,0.0,0.0,0.0,0.0
15902,250.0,0.0,0.0,0.0,0.0
15903,262.8,0.0,0.0,0.0,0.0
15904,243.7,0.0,0.0,0.0,0.0
15905,254.6,0.0,0.0,0.0,0.0
15906,275.4,0.0,0.0,0.0,0.0
15907,280.7,0.0,0.0,0.0,0.0
15908,279.5,0.0,0.0,0.0,0.0
15909,268.7,0.0,0.0,0.0,0.0
15910,294.4,0.0,0.0,0.0,0.0
15911,313.3,0.0,0.0,0.0,0.0
15912,324.5,0.0,0.0,0.0,0.0
15913,316.8,0.0,0.0,0.0,0.0
15914,363.8,0.0,0.0,0.0,0.0
15915,338.8,0.0,0.0,0.0,0.0
15916,329.8,0.0,0.0,0.0,0.0
15917,318.8,0.0,0.0,0.0,0.0
15918,314.0,0.0,0.0,0.0,0.0
15919,368.1,0.0,0.0,0.0,0.0
15920,406.6,0.0,0.0,0.0,0.0
15921,395.5,0.0,0.0,0.0,0.0
15922,410.1,0.0,0.0,0.0,0.0
15923,347.3,0.0,0.0,0.0,0.0
15924,332.6,0.0,0.0,0.0,0.0
15925,326.1,0.0,0.0,0.0,0.0
15926,319.3,0.0,0.0,0.0,0.0
15927,300.9,0.0,0.0,0.0,0.0
15928,299.7,0.0,0.0,0.0,0.0
15929,325.2,0.0,0.0,0.0,0.0
15930,333.6,0.0,0.0,0.0,0.0
15931,289.3,0.0,0.0,0.0,0.0
15932,295.4,0.0,0.0,0.0,0.0
15933,346.1,0.0,0.0,0.0,0.0
15934,315.0,0.0,0.0,0.0,0.0
15935,295.9,0.0,0.0,0.0,0.0
15936,309.2,0.0,0.0,0.0,0.0
15937,344.8,0.0,0.0,0.0,0.0
15938,311.6,0.0,0.0,0.0,0.0
15939,300.7,0.0,0.0,0.0,0.0
15940,306.9,0.0,0.0,0.0,0.0
15941,327.1,0.0,0.0,0.0,0.0
15942,361.5,0.0,0.0,0.0,0.0
15943,341.3,0.0,0.0,0.0,0.0
15944,307.4,0.0,0.0,0.0,0.0
15945,293.3,0.0,0.0,0.0,0.0
15946,286.6,0.0,0.0,0.0,0.0
15947,262.8,0.0,0.0,0.0,0.0
15948,297.0,0.0,0.0,0.0,0.0
15949,275.9,0.0,0.0,0.0,0.0
15950,224.1,0.0,0.0,0.0,0.0
15951,262.7,0.0,0.0,0.0,0.0
15952,276.9,0.0,0.0,0.0,0.0
15953,254.9,0.0,0.0,0.0,0.0
15954,256.8,0.0,0.0,0.0,0.0
15955,271.5,0.0,0.0,0.0,0.0
15956,260.5,0.0,0.0,0.0,0.0
15957,246.2,0.0,0.0,0.0,0.0
15958,251.4,0.0,0.0,0.0,0.0
15959,274.7,0.0,0.0,0.0,0.0
15960,283.2,0.0,0.0,0.0,0.0
15961,287.7,0.0,0.0,0.0,0.0
15962,279.9,0.0,0.0,0.0,0.0
15963,280.0,0.0,0.0,0.0,0.0
15964,301.0,0.0,0.0,0.0,0.0
15965,231.8,0.0,0.0,0.0,0.0
15966,234.9,0.0,0.0,0.0,0.0
15967,259.6,0.0,0.0,0.0,0.0
15968,252.9,0.0,0.0,0.0,0.0
15969,266.1,0.0,0.0,0.0,0.0
15970,246.5,0.0,0.0,0.0,0.0
15971,249.3,0.0,0.0,0.0,0.0
15972,236.0,0.0,0.0,0.0,0.0
15973,253.8,0.0,0.0,0.0,0.0
15974,242.5,0.0,0.0,0.0,0.0
15975,273.1,0.0,0.0,0.0,0.0
15976,251.6,0.0,0.0,0.0,0.0
15977,251.4,0.0,0.0,0.0,0.0
15978,236.9,0.0,0.0,0.0,0.0
15979,250.4,0.0,0.0,0.0,0.0
15980,242.1,0.0,0.0,0.0,0.0
15981,260.2,0.0,0.0,0.0,0.0
15982,254.5,0.0,0.0,0.0,0.0
15983,239.0,0.0,0.0,0.0,0.0
15984,236.3,0.0,0.0,0.0,0.0
15985,225.6,0.0,0.0,0.0,0.0
15986,206.2,0.0,0.0,0.0,0.0
15987,186.6,0.0,0.0,0.0,0.0
15988,180.4,0.0,0.0,0.0,0.0
15989,184.7,0.0,0.0,0.0,0.0
15990,187.4,0.0,0.0,0.0,0.0
15991,167.8,0.0,0.0,0.0,0.0
15992,162.4,0.0,0.0,0.0,0.0
15993,153.9,0.0,0.0,0.0,0.0
15994,147.1,0.0,0.0,0.0,0.0
15995,146.9,0.0,0.0,0.0,0.0
15996,149.6,0.0,0.0,0.0,0.0
15997,137.3,0.0,0.0,0.0,0.0
15998,136.0,0.0,0.0,0.0,0.0
15999,142.2,0.0,0.0,0.0,0.0
16000,152.6,0.0,0.0,0.0,0.0
16001,149.0,0.0,0.0,0.0,0.0
16002,143.8,0.0,0.0,0.0,0.0
16003,137.9,0.0,0.0,0.0,0.0
16004,134.1,0.0,0.0,0.0,0.0
16005,130.3,0.0,0.0,0.0,0.0
16006,132.1,0.0,0.0,0.0,0.0
16007,131.4,0.0,0.0,0.0,0.0
16008,131.4,0.0,0.0,0.0,0.0
16009,144.9,0.0,0.0,0.0,0.0
16010,149.2,0.0,0.0,0.0,0.0
16011,152.4,0.0,0.0,0.0,0.0
16012,146.0,0.0,0.0,0.0,0.0
16013,118.2,0.0,0.0,0.0,0.0
16014,114.4,0.0,0.0,0.0,0.0
16015,114.4,0.0,0.0,0.0,0.0
16016,114.4,0.0,0.0,0.0,0.0
16017,101.1,0.0,0.0,0.0,0.0
16018,107.5,0.0,0.0,0.0,0.0
16019,103.3,0.0,0.0,0.0,0.0
16020,111.5,0.0,0.0,0.0,0.0
16021,131.5,0.0,0.0,0.0,0.0
16022,122.7,0.0,0.0,0.0,0.0
16023,113.7,0.0,0.0,0.0,0.0
16024,109.9,0.0,0.0,0.0,0.0
16025,102.8,0.0,0.0,0.0,0.0
16026,105.3,0.0,0.0,0.0,0.0
16027,108.9,0.0,0.0,0.0,0.0
16028,97.4,0.0,0.0,0.0,0.0
16029,99.5,0.0,0.0,0.0,0.0
16030,98.2,0.0,0.0,0.0,0.0
16031,103.3,0.0,0.0,0.0,0.0
16032,101.8,0.0,0.0,0.0,0.0
16033,108.8,0.0,0.0,0.0,0.0
16034,119.7,0.0,0.0,0.0,0.0
16035,132.9,0.0,0.0,0.0,0.0
16036,135.3,0.0,0.0,0.0,0.0
16037,141.9,0.0,0.0,0.0,0.0
16038,141.1,0.0,0.0,0.0,0.0
16039,144.8,0.0,0.0,0.0,0.0
16040,147.7,0.0,0.0,0.0,0.0
16041,138.1,0.0,0.0,0.0,0.0
16042,132.2,0.0,0.0,0.0,0.0
16043,133.0,0.0,0.0,0.0,0.0
16044,129.0,0.0,0.0,0.0,0.0
16045,131.6,0.0,0.0,0.0,0.0
16046,138.3,0.0,0.0,0.0,0.0
16047,118.9,0.0,0.0,0.0,0.0
16048,129.8,0.0,0.0,0.0,0.0
16049,107.0,0.0,0.0,0.0,0.0
16050,112.1,0.0,0.0,0.0,0.0
16051,127.9,0.0,0.0,0.0,0.0
16052,129.8,0.0,0.0,0.0,0.0
16053,126.1,0.0,0.0,0.0,0.0
16054,137.3,0.0,0.0,0.0,0.0
16055,133.4,0.0,0.0,0.0,0.0
16056,115.2,0.0,0.0,0.0,0.0
16057,128.2,0.0,0.0,0.0,0.0
16058,128.1,0.0,0.0,0.0,0.0
16059,131.8,0.0,0.0,0.0,0.0
16060,140.0,0.0,0.0,0.0,0.0
16061,142.7,0.0,0.0,0.0,0.0
16062,138.3,0.0,0.0,0.0,0.0
16063,129.1,0.0,0.0,0.0,0.0
16064,136.8,0.0,0.0,0.0,0.0
16065,134.2,0.0,0.0,0.0,0.0
16066,137.3,0.0,0.0,0.0,0.0
16067,137.1,0.0,0.0,0.0,0.0
16068,127.4,0.0,0.0,0.0,0.0
16069,141.9,0.0,0.0,0.0,0.0
16070,140.8,0.0,0.0,0.0,0.0
16071,145.9,0.0,0.0,0.0,0.0
16072,142.7,0.0,0.0,0.0,0.0
16073,130.6,0.0,0.0,0.0,0.0
16074,134.9,0.0,0.0,0.0,0.0
16075,142.8,0.0,0.0,0.0,0.0
16076,144.6,0.0,0.0,0.0,0.0
16077,134.6,0.0,0.0,0.0,0.0
16078,120.9,0.0,0.0,0.0,0.0
16079,122.1,0.0,0.0,0.0,0.0
16080,117.0,0.0,0.0,0.0,0.0
16081,111.2,0.0,0.0,0.0,0.0
16082,106.8,0.0,0.0,0.0,0.0
16083,111.5,0.0,0.0,0.0,0.0
16084,113.7,0.0,0.0,0.0,0.0
16085,112.7,0.0,0.0,0.0,0.0
16086,111.8,0.0,0.0,0.0,0.0
16087,108.8,0.0,0.0,0.0,0.0
16088,115.6,0.0,0.0,0.0,0.0
16089,120.2,0.0,0.0,0.0,0.0
16090,115.7,0.0,0.0,0.0,0.0
16091,107.5,0.0,0.0,0.0,0.0
16092,110.0,0.0,0.0,0.0,0.0
16093,99.7,0.0,0.0,0.0,0.0
16094,98.8,0.0,0.0,0.0,0.0
16095,70.3,0.0,0.0,0.0,0.0
16096,88.3,0.0,0.0,0.0,0.0
16097,73.1,0.0,0.0,0.0,0.0
16098,71.3,0.0,0.0,0.0,0.0
16099,62.5,0.0,0.0,0.0,0.0
16100,66.7,0.0,0.0,0.0,0.0
16101,75.0,0.0,0.0,0.0,0.0
16102,88.3,0.0,0.0,0.0,0.0
16103,101.1,0.0,0.0,0.0,0.0
16104,86.9,0.0,0.0,0.0,0.0
16105,91.7,0.0,0.0,0.0,0.0
16106,91.6,0.0,0.0,0.0,0.0
16107,89.7,0.0,0.0,0.0,0.0
16108,85.8,0.0,0.0,0.0,0.0
16109,90.9,0.0,0.0,0.0,0.0
16110,78.8,0.0,0.0,0.0,0.0
16111,94.1,0.0,0.0,0.0,0.0
16112,70.7,0.0,0.0,0.0,0.0
16113,91.3,0.0,0.0,0.0,0.0
16114,80.6,0.0,0.0,0.0,0.0
16115,63.3,0.0,0.0,0.0,0.0
16116,72.4,0.0,0.0,0.0,0.0
16117,68.1,0.0,0.0,0.0,0.0
16118,71.4,0.0,0.0,0.0,0.0
16119,59.8,0.0,0.0,0.0,0.0
16120,65.5,0.0,0.0,0.0,0.0
16121,64.8,0.0,0.0,0.0,0.0
16122,64.0,0.0,0.0,0.0,0.0
16123,64.0,0.0,0.0,0.0,0.0
16124,84.7,0.0,0.0,0.0,0.0
16125,82.0,0.0,0.0,0.0,0.0
16126,90.9,0.0,0.0,0.0,0.0
16127,80.9,0.0,0.0,0.0,0.0
16128,86.8,0.0,0.0,0.0,0.0
16129,83.1,0.0,0.0,0.0,0.0
16130,64.5,0.0,0.0,0.0,0.0
16131,89.8,0.0,0.0,0.0,0.0
16132,94.5,0.0,0.0,0.0,0.0
16133,93.6,0.0,0.0,0.0,0.0
16134,69.8,0.0,0.0,0.0,0.0
16135,91.4,0.0,0.0,0.0,0.0
16136,70.5,0.0,0.0,0.0,0.0
16137,80.0,0.0,0.0,0.0,0.0
16138,83.4,0.0,0.0,0.0,0.0
16139,82.9,0.0,0.0,0.0,0.0
16140,89.5,0.0,0.0,0.0,0.0
16141,90.4,0.0,0.0,0.0,0.0
16142,85.9,0.0,0.0,0.0,0.0
16143,88.2,0.0,0.0,0.0,0.0
16144,89.3,0.0,0.0,0.0,0.0
16145,85.6,0.0,0.0,0.0,0.0
16146,85.6,0.0,0.0,0.0,0.0
16147,89.1,0.0,0.0,0.0,0.0
16148,82.6,0.0,0.0,0.0,0.0
16149,89.2,0.0,0.0,0.0,0.0
16150,81.5,0.0,0.0,0.0,0.0
16151,78.8,0.0,0.0,0.0,0.0
16152,86.1,0.0,0.0,0.0,0.0
16153,96.6,0.0,0.0,0.0,0.0
16154,84.6,0.0,0.0,0.0,0.0
16155,84.6,0.0,0.0,0.0,0.0
16156,84.6,0.0,0.0,0.0,0.0
16157,90.6,0.0,0.0,0.0,0.0
16158,85.2,0.0,0.0,0.0,0.0
16159,83.3,0.0,0.0,0.0,0.0
16160,84.4,0.0,0.0,0.0,0.0
16161,80.9,0.0,0.0,0.0,0.0
16162,82.9,0.0,0.0,0.0,0.0
16163,103.0,0.0,0.0,0.0,0.0
16164,104.8,0.0,0.0,0.0,0.0
16165,90.7,0.0,0.0,0.0,0.0
16166,83.5,0.0,0.0,0.0,0.0
16167,69.5,0.0,0.0,0.0,0.0
16168,82.6,0.0,0.0,0.0,0.0
16169,68.6,0.0,0.0,0.0,0.0
16170,65.9,0.0,0.0,0.0,0.0
16171,51.4,0.0,0.0,0.0,0.0
16172,47.6,0.0,0.0,0.0,0.0
16173,65.4,0.0,0.0,0.0,0.0
16174,49.9,0.0,0.0,0.0,0.0
16175,66.0,0.0,0.0,0.0,0.0
16176,94.5,0.0,0.0,0.0,0.0
16177,96.0,0.0,0.0,0.0,0.0
16178,97.1,0.0,0.0,0.0,0.0
16179,123.8,0.0,0.0,0.0,0.0
16180,128.9,0.0,0.0,0.0,0.0
16181,164.8,0.0,0.0,0.0,0.0
16182,150.7,0.0,0.0,0.0,0.0
16183,130.0,0.0,0.0,0.0,0.0
16184,131.2,0.0,0.0,0.0,0.0
16185,144.0,0.0,0.0,0.0,0.0
16186,179.6,0.0,0.0,0.0,0.0
16187,189.6,0.0,0.0,0.0,0.0
16188,165.4,0.0,0.0,0.0,0.0
16189,178.5,0.0,0.0,0.0,0.0
16190,194.7,0.0,0.0,0.0,0.0
16191,149.6,0.0,0.0,0.0,0.0
16192,158.2,0.0,0.0,0.0,0.0
16193,232.4,0.0,0.0,0.0,0.0
16194,221.0,0.0,0.0,0.0,0.0
16195,221.0,0.0,0.0,0.0,0.0
16196,210.3,0.0,0.0,0.0,0.0
16197,218.2,0.0,0.0,0.0,0.0
16198,152.3,0.0,0.0,0.0,0.0
16199,121.9,0.0,0.0,0.0,0.0
16200,141.9,0.0,0.0,0.0,0.0
16201,141.9,0.0,0.0,0.0,0.0
16202,217.4,0.0,0.0,0.0,0.0
16203,244.0,0.0,0.0,0.0,0.0
16204,193.8,0.0,0.0,0.0,0.0
16205,162.4,0.0,0.0,0.0,0.0
16206,151.2,0.0,0.0,0.0,0.0
16207,133.1,0.0,0.0,0.0,0.0
16208,119.0,0.0,0.0,0.0,0.0
16209,98.0,0.0,0.0,0.0,0.0
16210,127.6,0.0,0.0,0.0,0.0
16211,107.6,0.0,0.0,0.0,0.0
16212,88.6,0.0,0.0,0.0,0.0
16213,113.7,0.0,0.0,0.0,0.0
16214,129.7,0.0,0.0,0.0,0.0
16215,189.0,0.0,0.0,0.0,0.0
16216,192.0,0.0,0.0,0.0,0.0
16217,176.9,0.0,0.0,0.0,0.0
16218,136.1,0.0,0.0,0.0,0.0
16219,132.0,0.0,0.0,0.0,0.0
16220,169.1,0.0,0.0,0.0,0.0
16221,177.9,0.0,0.0,0.0,0.0
16222,183.7,0.0,0.0,0.0,0.0
16223,165.0,0.0,0.0,0.0,0.0
16224,154.7,0.0,0.0,0.0,0.0
16225,126.1,0.0,0.0,0.0,0.0
16226,119.5,0.0,0.0,0.0,0.0
16227,129.1,0.0,0.0,0.0,0.0
16228,131.2,0.0,0.0,0.0,0.0
16229,137.6,0.0,0.0,0.0,0.0
16230,154.7,0.0,0.0,0.0,0.0
16231,173.8,0.0,0.0,0.0,0.0
16232,188.0,0.0,0.0,0.0,0.0
16233,185.3,0.0,0.0,0.0,0.0
16234,187.6,0.0,0.0,0.0,0.0
16235,181.1,0.0,0.0,0.0,0.0
16236,161.8,0.0,0.0,0.0,0.0
16237,174.9,0.0,0.0,0.0,0.0
16238,188.9,0.0,0.0,0.0,0.0
16239,194.9,0.0,0.0,0.0,0.0
16240,201.4,0.0,0.0,0.0,0.0
16241,203.0,0.0,0.0,0.0,0.0
16242,215.8,0.0,0.0,0.0,0.0
16243,190.7,0.0,0.0,0.0,0.0
16244,195.3,0.0,0.0,0.0,0.0
16245,192.0,0.0,0.0,0.0,0.0
16246,211.3,0.0,0.0,0.0,0.0
16247,213.0,0.0,0.0,0.0,0.0
16248,205.3,0.0,0.0,0.0,0.0
16249,208.5,0.0,0.0,0.0,0.0
16250,208.7,0.0,0.0,0.0,0.0
16251,199.8,0.0,0.0,0.0,0.0
16252,230.1,0.0,0.0,0.0,0.0
16253,228.4,0.0,0.0,0.0,0.0
16254,243.6,0.0,0.0,0.0,0.0
16255,231.7,0.0,0.0,0.0,0.0
16256,225.2,0.0,0.0,0.0,0.0
16257,234.6,0.0,0.0,0.0,0.0
16258,232.9,0.0,0.0,0.0,0.0
16259,250.6,0.0,0.0,0.0,0.0
16260,254.2,0.0,0.0,0.0,0.0
16261,273.3,0.0,0.0,0.0,0.0
16262,273.9,0.0,0.0,0.0,0.0
16263,275.8,0.0,0.0,0.0,0.0
16264,314.8,0.0,0.0,0.0,0.0
16265,311.2,0.0,0.0,0.0,0.0
16266,267.8,0.0,0.0,0.0,0.0
16267,297.3,0.0,0.0,0.0,0.0
16268,304.1,0.0,0.0,0.0,0.0
16269,301.8,0.0,0.0,0.0,0.0
16270,294.3,0.0,0.0,0.0,0.0
16271,253.1,0.0,0.0,0.0,0.0
16272,279.4,0.0,0.0,0.0,0.0
16273,287.0,0.0,0.0,0.0,0.0
16274,263.6,0.0,0.0,0.0,0.0
16275,278.4,0.0,0.0,0.0,0.0
16276,272.2,0.0,0.0,0.0,0.0
16277,262.5,0.0,0.0,0.0,0.0
16278,257.1,0.0,0.0,0.0,0.0
16279,251.2,0.0,0.0,0.0,0.0
16280,261.3,0.0,0.0,0.0,0.0
16281,243.1,0.0,0.0,0.0,0.0
16282,247.7,0.0,0.0,0.0,0.0
16283,233.7,0.0,0.0,0.0,0.0
16284,233.7,0.0,0.0,0.0,0.0
16285,225.2,0.0,0.0,0.0,0.0
16286,243.8,0.0,0.0,0.0,0.0
16287,252.8,0.0,0.0,0.0,0.0
16288,254.2,0.0,0.0,0.0,0.0
16289,240.3,0.0,0.0,0.0,0.0
16290,230.2,0.0,0.0,0.0,0.0
16291,240.0,0.0,0.0,0.0,0.0
16292,255.1,0.0,0.0,0.0,0.0
16293,252.7,0.0,0.0,0.0,0.0
16294,236.7,0.0,0.0,0.0,0.0
16295,236.1,0.0,0.0,0.0,0.0
16296,235.9,0.0,0.0,0.0,0.0
16297,231.7,0.0,0.0,0.0,0.0
16298,224.7,0.0,0.0,0.0,0.0
16299,236.6,0.0,0.0,0.0,0.0
16300,236.7,0.0,0.0,0.0,0.0
16301,271.7,0.0,0.0,0.0,0.0
16302,274.3,0.0,0.0,0.0,0.0
16303,285.1,0.0,0.0,0.0,0.0
16304,288.6,0.0,0.0,0.0,0.0
16305,295.3,0.0,0.0,0.0,0.0
16306,292.6,0.0,0.0,0.0,0.0
16307,277.9,0.0,0.0,0.0,0.0
16308,273.1,0.0,0.0,0.0,0.0
16309,303.6,0.0,0.0,0.0,0.0
16310,279.0,0.0,0.0,0.0,0.0
16311,282.6,0.0,0.0,0.0,0.0
16312,282.6,0.0,0.0,0.0,0.0
16313,287.3,0.0,0.0,0.0,0.0
16314,295.3,0.0,0.0,0.0,0.0
16315,361.1,0.0,0.0,0.0,0.0
16316,378.3,0.0,0.0,0.0,0.0
16317,340.0,0.0,0.0,0.0,0.0
16318,325.6,0.0,0.0,0.0,0.0
16319,306.3,0.0,0.0,0.0,0.0
16320,312.7,0.0,0.0,0.0,0.0
16321,280.9,0.0,0.0,0.0,0.0
16322,290.3,0.0,0.0,0.0,0.0
16323,290.3,0.0,0.0,0.0,0.0
16324,290.3,0.0,0.0,0.0,0.0
16325,294.3,0.0,0.0,0.0,0.0
16326,263.7,0.0,0.0,0.0,0.0
16327,265.6,0.0,0.0,0.0,0.0
16328,250.7,0.0,0.0,0.0,0.0
16329,225.5,0.0,0.0,0.0,0.0
16330,225.5,0.0,0.0,0.0,0.0
16331,225.5,0.0,0.0,0.0,0.0
16332,195.2,0.0,0.0,0.0,0.0
16333,196.7,0.0,0.0,0.0,0.0
16334,191.3,0.0,0.0,0.0,0.0
16335,194.8,0.0,0.0,0.0,0.0
16336,185.4,0.0,0.0,0.0,0.0
16337,203.0,0.0,0.0,0.0,0.0
16338,212.7,0.0,0.0,0.0,0.0
16339,219.8,0.0,0.0,0.0,0.0
16340,184.3,0.0,0.0,0.0,0.0
16341,167.1,0.0,0.0,0.0,0.0
16342,152.1,0.0,0.0,0.0,0.0
16343,166.6,0.0,0.0,0.0,0.0
16344,166.7,0.0,0.0,0.0,0.0
16345,166.7,0.0,0.0,0.0,0.0
16346,148.2,0.0,0.0,0.0,0.0
16347,143.4,0.0,0.0,0.0,0.0
16348,150.8,0.0,0.0,0.0,0.0
16349,155.0,0.0,0.0,0.0,0.0
16350,139.2,0.0,0.0,0.0,0.0
16351,138.2,0.0,0.0,0.0,0.0
16352,129.1,0.0,0.0,0.0,0.0
16353,119.9,0.0,0.0,0.0,0.0
16354,119.9,0.0,0.0,0.0,0.0
16355,112.4,0.0,0.0,0.0,0.0
16356,106.0,0.0,0.0,0.0,0.0
16357,105.9,0.0,0.0,0.0,0.0
16358,105.9,0.0,0.0,0.0,0.0
16359,105.9,0.0,0.0,0.0,0.0
16360,105.9,0.0,0.0,0.0,0.0
16361,108.7,0.0,0.0,0.0,0.0
16362,140.2,0.0,0.0,0.0,0.0
16363,116.1,0.0,0.0,0.0,0.0
16364,113.6,0.0,0.0,0.0,0.0
16365,109.1,0.0,0.0,0.0,0.0
16366,105.9,0.0,0.0,0.0,0.0
16367,106.3,0.0,0.0,0.0,0.0
16368,105.7,0.0,0.0,0.0,0.0
16369,105.7,0.0,0.0,0.0,0.0
16370,105.7,0.0,0.0,0.0,0.0
16371,106.2,0.0,0.0,0.0,0.0
16372,106.1,0.0,0.0,0.0,0.0
16373,106.3,0.0,0.0,0.0,0.0
16374,110.2,0.0,0.0,0.0,0.0
16375,103.5,0.0,0.0,0.0,0.0
16376,104.0,0.0,0.0,0.0,0.0
16377,104.0,0.0,0.0,0.0,0.0
16378,101.8,0.0,0.0,0.0,0.0
16379,117.8,0.0,0.0,0.0,0.0
16380,115.5,0.0,0.0,0.0,0.0
16381,109.8,0.0,0.0,0.0,0.0
16382,84.1,0.0,0.0,0.0,0.0
16383,83.6,0.0,0.0,0.0,0.0
16384,85.4,0.0,0.0,0.0,0.0
16385,81.1,0.0,0.0,0.0,0.0
16386,80.3,0.0,0.0,0.0,0.0
16387,91.5,0.0,0.0,0.0,0.0
16388,96.8,0.0,0.0,0.0,0.0
16389,96.8,0.0,0.0,0.0,0.0
16390,91.4,0.0,0.0,0.0,0.0
16391,97.3,0.0,0.0,0.0,0.0
16392,128.9,0.0,0.0,0.0,0.0
16393,116.4,0.0,0.0,0.0,0.0
16394,114.0,0.0,0.0,0.0,0.0
16395,113.9,0.0,0.0,0.0,0.0
16396,104.7,0.0,0.0,0.0,0.0
16397,109.2,0.0,0.0,0.0,0.0
16398,111.3,0.0,0.0,0.0,0.0
16399,112.3,0.0,0.0,0.0,0.0
16400,116.4,0.0,0.0,0.0,0.0
16401,112.1,0.0,0.0,0.0,0.0
16402,113.9,0.0,0.0,0.0,0.0
16403,105.7,0.0,0.0,0.0,0.0
16404,115.7,0.0,0.0,0.0,0.0
16405,111.4,0.0,0.0,0.0,0.0
16406,110.5,0.0,0.0,0.0,0.0
16407,119.3,0.0,0.0,0.0,0.0
16408,102.8,0.0,0.0,0.0,0.0
16409,101.0,0.0,0.0,0.0,0.0
16410,110.6,0.0,0.0,0.0,0.0
16411,109.9,0.0,0.0,0.0,0.0
16412,115.5,0.0,0.0,0.0,0.0
16413,103.4,0.0,0.0,0.0,0.0
16414,116.2,0.0,0.0,0.0,0.0
16415,109.5,0.0,0.0,0.0,0.0
16416,95.4,0.0,0.0,0.0,0.0
16417,95.4,0.0,0.0,0.0,0.0
16418,100.8,0.0,0.0,0.0,0.0
16419,100.8,0.0,0.0,0.0,0.0
16420,109.2,0.0,0.0,0.0,0.0
16421,89.6,0.0,0.0,0.0,0.0
16422,113.6,0.0,0.0,0.0,0.0
16423,99.0,0.0,0.0,0.0,0.0
16424,95.9,0.0,0.0,0.0,0.0
16425,99.0,0.0,0.0,0.0,0.0
16426,100.5,0.0,0.0,0.0,0.0
16427,101.8,0.0,0.0,0.0,0.0
16428,122.2,0.0,0.0,0.0,0.0
16429,122.2,0.0,0.0,0.0,0.0
16430,118.6,0.0,0.0,0.0,0.0
16431,109.7,0.0,0.0,0.0,0.0
16432,110.2,0.0,0.0,0.0,0.0
16433,107.3,0.0,0.0,0.0,0.0
16434,108.1,0.0,0.0,0.0,0.0
16435,110.1,0.0,0.0,0.0,0.0
16436,97.3,0.0,0.0,0.0,0.0
16437,106.8,0.0,0.0,0.0,0.0
16438,106.8,0.0,0.0,0.0,0.0
16439,102.5,0.0,0.0,0.0,0.0
16440,77.2,0.0,0.0,0.0,0.0
16441,77.2,0.0,0.0,0.0,0.0
16442,94.3,0.0,0.0,0.0,0.0
16443,92.0,0.0,0.0,0.0,0.0
16444,41.8,0.0,0.0,0.0,0.0
16445,10.6,0.0,0.0,0.0,0.0
16446,11.7,0.0,0.0,0.0,0.0
16447,56.3,0.0,0.0,0.0,0.0
16448,96.8,0.0,0.0,0.0,0.0
16449,58.4,0.0,0.0,0.0,0.0
16450,103.9,0.0,0.0,0.0,0.0
16451,103.9,0.0,0.0,0.0,0.0
16452,250.5,0.0,0.0,0.0,0.0
16453,277.0,0.0,0.0,0.0,0.0
16454,346.1,0.0,0.0,0.0,0.0
16455,520.4,0.0,0.0,0.0,0.0
16456,881.3,0.0,0.0,0.0,0.0
16457,884.5,0.0,0.0,0.0,0.0
16458,724.5,0.0,0.0,0.0,0.0
16459,678.4,0.0,0.0,0.0,0.0
16460,271.6,0.0,0.0,0.0,0.0
16461,151.6,0.0,0.0,0.0,0.0
16462,220.4,0.0,0.0,0.0,0.0
16463,392.2,0.0,0.0,0.0,0.0
16464,783.1,0.0,0.0,0.0,0.0
16465,783.1,0.0,0.0,0.0,0.0
16466,646.8,0.0,0.0,0.0,0.0
16467,635.7,0.0,0.0,0.0,0.0
16468,456.4,0.0,0.0,0.0,0.0
16469,746.1,0.0,0.0,0.0,0.0
16470,867.2,0.0,0.0,0.0,0.0
16471,1023.7,0.0,0.0,0.0,0.0
16472,987.0,0.0,0.0,0.0,0.0
16473,987.0,0.0,0.0,0.0,0.0
16474,1025.8,0.0,0.0,0.0,0.0
16475,1052.2,0.0,0.0,0.0,0.0
16476,931.0,0.0,0.0,0.0,0.0
16477,653.7,0.0,0.0,0.0,0.0
16478,653.7,0.0,0.0,0.0,0.0
16479,519.3,0.0,0.0,0.0,0.0
16480,503.7,0.0,0.0,0.0,0.0
16481,407.3,0.0,0.0,0.0,0.0
16482,302.2,0.0,0.0,0.0,0.0
16483,302.2,0.0,0.0,0.0,0.0
16484,237.9,0.0,0.0,0.0,0.0
16485,225.3,0.0,0.0,0.0,0.0
16486,201.8,0.0,0.0,0.0,0.0
16487,166.0,0.0,0.0,0.0,0.0
16488,154.3,0.0,0.0,0.0,0.0
16489,122.5,0.0,0.0,0.0,0.0
16490,122.5,0.0,0.0,0.0,0.0
16491,144.3,0.0,0.0,0.0,0.0
16492,133.6,0.0,0.0,0.0,0.0
16493,136.3,0.0,0.0,0.0,0.0
16494,136.3,0.0,0.0,0.0,0.0
16495,119.1,0.0,0.0,0.0,0.0
16496,135.1,0.0,0.0,0.0,0.0
16497,135.1,0.0,0.0,0.0,0.0
16498,126.2,0.0,0.0,0.0,0.0
16499,122.1,0.0,0.0,0.0,0.0
16500,47.5,0.0,0.0,0.0,0.0
16501,119.9,0.0,0.0,0.0,0.0
16502,125.4,0.0,0.0,0.0,0.0
16503,137.1,0.0,0.0,0.0,0.0
16504,130.2,0.0,0.0,0.0,0.0
16505,67.9,0.0,0.0,0.0,0.0
16506,252.2,0.0,0.0,0.0,0.0
16507,1164.3,0.0,0.0,0.0,0.0
16508,1430.6,0.0,0.0,0.0,0.0
16509,1441.0,0.0,0.0,0.0,0.0
16510,1264.9,0.0,0.0,0.0,0.0
16511,1341.6,0.0,0.0,0.0,0.0
16512,1922.8,0.0,0.0,0.0,0.0
16513,1387.6,0.0,0.0,0.0,0.0
16514,1901.6,0.0,0.0,0.0,0.0
16515,1773.9,0.0,0.0,0.0,0.0
16516,1235.6,0.0,0.0,0.0,0.0
16517,1276.0,0.0,0.0,0.0,0.0
16518,1246.4,0.0,0.0,0.0,0.0
16519,1250.5,0.0,0.0,0.0,0.0
16520,1245.3,0.0,0.0,0.0,0.0
16521,998.3,0.0,0.0,0.0,0.0
16522,867.6,0.0,0.0,0.0,0.0
16523,950.5,0.0,0.0,0.0,0.0
16524,766.0,0.0,0.0,0.0,0.0
16525,675.0,0.0,0.0,0.0,0.0
16526,561.3,0.0,0.0,0.0,0.0
16527,451.2,0.0,0.0,0.0,0.0
16528,452.7,0.0,0.0,0.0,0.0
16529,366.0,0.0,0.0,0.0,0.0
16530,302.4,0.0,0.0,0.0,0.0
16531,304.6,0.0,0.0,0.0,0.0
16532,265.0,0.0,0.0,0.0,0.0
16533,376.0,0.0,0.0,0.0,0.0
16534,624.5,0.0,0.0,0.0,0.0
16535,701.3,0.0,0.0,0.0,0.0
16536,640.8,0.0,0.0,0.0,0.0
16537,728.7,0.0,0.0,0.0,0.0
16538,933.9,0.0,0.0,0.0,0.0
16539,964.6,0.0,0.0,0.0,0.0
16540,803.1,0.0,0.0,0.0,0.0
16541,727.6,0.0,0.0,0.0,0.0
16542,651.2,0.0,0.0,0.0,0.0
16543,509.7,0.0,0.0,0.0,0.0
16544,471.5,0.0,0.0,0.0,0.0
16545,407.2,0.0,0.0,0.0,0.0
16546,342.0,0.0,0.0,0.0,0.0
16547,284.7,0.0,0.0,0.0,0.0
16548,205.9,0.0,0.0,0.0,0.0
16549,166.7,0.0,0.0,0.0,0.0
16550,116.1,0.0,0.0,0.0,0.0
16551,111.5,0.0,0.0,0.0,0.0
16552,120.8,0.0,0.0,0.0,0.0
16553,218.0,0.0,0.0,0.0,0.0
16554,589.4,0.0,0.0,0.0,0.0
16555,690.5,0.0,0.0,0.0,0.0
16556,674.3,0.0,0.0,0.0,0.0
16557,601.2,0.0,0.0,0.0,0.0
16558,660.8,0.0,0.0,0.0,0.0
16559,740.1,0.0,0.0,0.0,0.0
16560,811.6,0.0,0.0,0.0,0.0
16561,840.4,0.0,0.0,0.0,0.0
16562,854.8,0.0,0.0,0.0,0.0
16563,817.2,0.0,0.0,0.0,0.0
16564,860.3,0.0,0.0,0.0,0.0
16565,705.8,0.0,0.0,0.0,0.0
16566,588.1,0.0,0.0,0.0,0.0
16567,553.7,0.0,0.0,0.0,0.0
16568,515.0,0.0,0.0,0.0,0.0
16569,466.4,0.0,0.0,0.0,0.0
16570,407.4,0.0,0.0,0.0,0.0
16571,347.8,0.0,0.0,0.0,0.0
16572,281.9,0.0,0.0,0.0,0.0
16573,196.8,0.0,0.0,0.0,0.0
16574,156.5,0.0,0.0,0.0,0.0
16575,194.2,0.0,0.0,0.0,0.0
16576,321.5,0.0,0.0,0.0,0.0
16577,230.1,0.0,0.0,0.0,0.0
16578,230.3,0.0,0.0,0.0,0.0
16579,272.0,0.0,0.0,0.0,0.0
16580,264.2,0.0,0.0,0.0,0.0
16581,246.2,0.0,0.0,0.0,0.0
16582,236.4,0.0,0.0,0.0,0.0
16583,239.7,0.0,0.0,0.0,0.0
16584,262.5,0.0,0.0,0.0,0.0
16585,142.3,0.0,0.0,0.0,0.0
16586,289.9,0.0,0.0,0.0,0.0
16587,279.5,0.0,0.0,0.0,0.0
16588,258.4,0.0,0.0,0.0,0.0
16589,218.5,0.0,0.0,0.0,0.0
16590,240.6,0.0,0.0,0.0,0.0
16591,267.2,0.0,0.0,0.0,0.0
16592,274.3,0.0,0.0,0.0,0.0
16593,274.7,0.0,0.0,0.0,0.0
16594,250.0,0.0,0.0,0.0,0.0
16595,236.9,0.0,0.0,0.0,0.0
16596,252.9,0.0,0.0,0.0,0.0
16597,234.4,0.0,0.0,0.0,0.0
16598,265.3,0.0,0.0,0.0,0.0
16599,263.5,0.0,0.0,0.0,0.0
16600,254.0,0.0,0.0,0.0,0.0
16601,248.5,0.0,0.0,0.0,0.0
16602,229.3,0.0,0.0,0.0,0.0
16603,229.9,0.0,0.0,0.0,0.0
16604,203.3,0.0,0.0,0.0,0.0
16605,187.9,0.0,0.0,0.0,0.0
16606,166.7,0.0,0.0,0.0,0.0
16607,240.6,0.0,0.0,0.0,0.0
16608,292.2,0.0,0.0,0.0,0.0
16609,297.1,0.0,0.0,0.0,0.0
16610,326.1,0.0,0.0,0.0,0.0
16611,321.3,0.0,0.0,0.0,0.0
16612,311.9,0.0,0.0,0.0,0.0
16613,322.0,0.0,0.0,0.0,0.0
16614,324.0,0.0,0.0,0.0,0.0
16615,304.2,0.0,0.0,0.0,0.0
16616,358.5,0.0,0.0,0.0,0.0
16617,347.2,0.0,0.0,0.0,0.0
16618,346.7,0.0,0.0,0.0,0.0
16619,324.7,0.0,0.0,0.0,0.0
16620,335.4,0.0,0.0,0.0,0.0
16621,344.1,0.0,0.0,0.0,0.0
16622,343.3,0.0,0.0,0.0,0.0
16623,292.8,0.0,0.0,0.0,0.0
16624,324.7,0.0,0.0,0.0,0.0
16625,317.3,0.0,0.0,0.0,0.0
16626,321.5,0.0,0.0,0.0,0.0
16627,317.8,0.0,0.0,0.0,0.0
16628,365.9,0.0,0.0,0.0,0.0
16629,316.5,0.0,0.0,0.0,0.0
16630,311.0,0.0,0.0,0.0,0.0
16631,333.7,0.0,0.0,0.0,0.0
16632,325.5,0.0,0.0,0.0,0.0
16633,338.7,0.0,0.0,0.0,0.0
16634,332.3,0.0,0.0,0.0,0.0
16635,359.8,0.0,0.0,0.0,0.0
16636,307.6,0.0,0.0,0.0,0.0
16637,335.8,0.0,0.0,0.0,0.0
16638,349.4,0.0,0.0,0.0,0.0
16639,354.7,0.0,0.0,0.0,0.0
16640,354.3,0.0,0.0,0.0,0.0
16641,348.8,0.0,0.0,0.0,0.0
16642,342.4,0.0,0.0,0.0,0.0
16643,318.5,0.0,0.0,0.0,0.0
16644,329.9,0.0,0.0,0.0,0.0
16645,329.9,0.0,0.0,0.0,0.0
16646,320.8,0.0,0.0,0.0,0.0
16647,315.0,0.0,0.0,0.0,0.0
16648,315.2,0.0,0.0,0.0,0.0
16649,314.3,0.0,0.0,0.0,0.0
16650,347.4,0.0,0.0,0.0,0.0
16651,342.6,0.0,0.0,0.0,0.0
16652,325.8,0.0,0.0,0.0,0.0
16653,331.7,0.0,0.0,0.0,0.0
16654,314.8,0.0,0.0,0.0,0.0
16655,352.6,0.0,0.0,0.0,0.0
16656,331.2,0.0,0.0,0.0,0.0
16657,311.6,0.0,0.0,0.0,0.0
16658,319.8,0.0,0.0,0.0,0.0
16659,319.8,0.0,0.0,0.0,0.0
16660,319.8,0.0,0.0,0.0,0.0
16661,352.4,0.0,0.0,0.0,0.0
16662,325.8,0.0,0.0,0.0,0.0
16663,274.3,0.0,0.0,0.0,0.0
16664,282.2,0.0,0.0,0.0,0.0
16665,326.2,0.0,0.0,0.0,0.0
16666,336.3,0.0,0.0,0.0,0.0
16667,338.8,0.0,0.0,0.0,0.0
16668,354.1,0.0,0.0,0.0,0.0
16669,330.6,0.0,0.0,0.0,0.0
16670,326.2,0.0,0.0,0.0,0.0
16671,323.5,0.0,0.0,0.0,0.0
16672,321.8,0.0,0.0,0.0,0.0
16673,303.4,0.0,0.0,0.0,0.0
16674,303.4,0.0,0.0,0.0,0.0
16675,273.3,0.0,0.0,0.0,0.0
16676,269.7,0.0,0.0,0.0,0.0
16677,277.6,0.0,0.0,0.0,0.0
16678,275.1,0.0,0.0,0.0,0.0
16679,286.6,0.0,0.0,0.0,0.0
16680,286.6,0.0,0.0,0.0,0.0
16681,286.6,0.0,0.0,0.0,0.0
16682,286.6,0.0,0.0,0.0,0.0
16683,252.4,0.0,0.0,0.0,0.0
16684,260.2,0.0,0.0,0.0,0.0
16685,244.4,0.0,0.0,0.0,0.0
16686,233.8,0.0,0.0,0.0,0.0
16687,243.5,0.0,0.0,0.0,0.0
16688,247.9,0.0,0.0,0.0,0.0
16689,258.5,0.0,0.0,0.0,0.0
16690,258.5,0.0,0.0,0.0,0.0
16691,197.5,0.0,0.0,0.0,0.0
16692,282.6,0.0,0.0,0.0,0.0
16693,259.7,0.0,0.0,0.0,0.0
16694,235.4,0.0,0.0,0.0,0.0
16695,246.7,0.0,0.0,0.0,0.0
16696,244.2,0.0,0.0,0.0,0.0
16697,239.2,0.0,0.0,0.0,0.0
16698,244.1,0.0,0.0,0.0,0.0
16699,235.7,0.0,0.0,0.0,0.0
16700,227.3,0.0,0.0,0.0,0.0
16701,208.7,0.0,0.0,0.0,0.0
16702,201.3,0.0,0.0,0.0,0.0
16703,190.8,0.0,0.0,0.0,0.0
16704,215.2,0.0,0.0,0.0,0.0
16705,188.2,0.0,0.0,0.0,0.0
16706,182.3,0.0,0.0,0.0,0.0
16707,172.0,0.0,0.0,0.0,0.0
16708,204.1,0.0,0.0,0.0,0.0
16709,187.8,0.0,0.0,0.0,0.0
16710,187.8,0.0,0.0,0.0,0.0
16711,159.9,0.0,0.0,0.0,0.0
16712,135.8,0.0,0.0,0.0,0.0
16713,125.1,0.0,0.0,0.0,0.0
16714,104.3,0.0,0.0,0.0,0.0
16715,120.2,0.0,0.0,0.0,0.0
16716,122.8,0.0,0.0,0.0,0.0
16717,128.1,0.0,0.0,0.0,0.0
16718,132.7,0.0,0.0,0.0,0.0
16719,125.3,0.0,0.0,0.0,0.0
16720,130.8,0.0,0.0,0.0,0.0
16721,115.8,0.0,0.0,0.0,0.0
16722,105.9,0.0,0.0,0.0,0.0
16723,112.5,0.0,0.0,0.0,0.0
16724,116.3,0.0,0.0,0.0,0.0
16725,112.8,0.0,0.0,0.0,0.0
16726,121.8,0.0,0.0,0.0,0.0
16727,124.4,0.0,0.0,0.0,0.0
16728,112.8,0.0,0.0,0.0,0.0
16729,97.8,0.0,0.0,0.0,0.0
16730,114.2,0.0,0.0,0.0,0.0
16731,129.7,0.0,0.0,0.0,0.0
16732,116.1,0.0,0.0,0.0,0.0
16733,149.8,0.0,0.0,0.0,0.0
16734,151.4,0.0,0.0,0.0,0.0
16735,150.3,0.0,0.0,0.0,0.0
16736,140.8,0.0,0.0,0.0,0.0
16737,144.2,0.0,0.0,0.0,0.0
16738,146.6,0.0,0.0,0.0,0.0
16739,156.0,0.0,0.0,0.0,0.0
16740,149.5,0.0,0.0,0.0,0.0
16741,138.0,0.0,0.0,0.0,0.0
16742,114.6,0.0,0.0,0.0,0.0
16743,150.9,0.0,0.0,0.0,0.0
16744,116.6,0.0,0.0,0.0,0.0
16745,120.0,0.0,0.0,0.0,0.0
16746,154.2,0.0,0.0,0.0,0.0
16747,158.3,0.0,0.0,0.0,0.0
16748,130.5,0.0,0.0,0.0,0.0
16749,130.5,0.0,0.0,0.0,0.0
16750,154.8,0.0,0.0,0.0,0.0
16751,154.3,0.0,0.0,0.0,0.0
16752,136.6,0.0,0.0,0.0,0.0
16753,145.2,0.0,0.0,0.0,0.0
16754,124.7,0.0,0.0,0.0,0.0
16755,130.2,0.0,0.0,0.0,0.0
16756,132.3,0.0,0.0,0.0,0.0
16757,152.6,0.0,0.0,0.0,0.0
16758,146.2,0.0,0.0,0.0,0.0
16759,150.2,0.0,0.0,0.0,0.0
16760,137.3,0.0,0.0,0.0,0.0
16761,140.2,0.0,0.0,0.0,0.0
16762,144.1,0.0,0.0,0.0,0.0
16763,133.8,0.0,0.0,0.0,0.0
16764,153.0,0.0,0.0,0.0,0.0
16765,138.8,0.0,0.0,0.0,0.0
16766,135.8,0.0,0.0,0.0,0.0
16767,134.1,0.0,0.0,0.0,0.0
16768,133.0,0.0,0.0,0.0,0.0
16769,138.4,0.0,0.0,0.0,0.0
16770,138.7,0.0,0.0,0.0,0.0
16771,138.5,0.0,0.0,0.0,0.0
16772,144.1,0.0,0.0,0.0,0.0
16773,131.4,0.0,0.0,0.0,0.0
16774,119.5,0.0,0.0,0.0,0.0
16775,130.2,0.0,0.0,0.0,0.0
16776,145.2,0.0,0.0,0.0,0.0
16777,144.1,0.0,0.0,0.0,0.0
16778,159.2,0.0,0.0,0.0,0.0
16779,150.9,0.0,0.0,0.0,0.0
16780,142.9,0.0,0.0,0.0,0.0
16781,145.1,0.0,0.0,0.0,0.0
16782,77.5,0.0,0.0,0.0,0.0
16783,73.2,0.0,0.0,0.0,0.0
16784,103.1,0.0,0.0,0.0,0.0
16785,95.8,0.0,0.0,0.0,0.0
16786,89.7,0.0,0.0,0.0,0.0
16787,139.6,0.0,0.0,0.0,0.0
16788,137.2,0.0,0.0,0.0,0.0
16789,135.0,0.0,0.0,0.0,0.0
16790,129.9,0.0,0.0,0.0,0.0
16791,141.7,0.0,0.0,0.0,0.0
16792,140.4,0.0,0.0,0.0,0.0
16793,137.6,0.0,0.0,0.0,0.0
16794,135.3,0.0,0.0,0.0,0.0
16795,139.4,0.0,0.0,0.0,0.0
16796,143.4,0.0,0.0,0.0,0.0
16797,139.8,0.0,0.0,0.0,0.0
16798,134.5,0.0,0.0,0.0,0.0
16799,136.9,0.0,0.0,0.0,0.0
16800,120.1,0.0,0.0,0.0,0.0
16801,120.0,0.0,0.0,0.0,0.0
16802,140.0,0.0,0.0,0.0,0.0
16803,143.1,0.0,0.0,0.0,0.0
16804,140.1,0.0,0.0,0.0,0.0
16805,137.5,0.0,0.0,0.0,0.0
16806,127.7,0.0,0.0,0.0,0.0
16807,128.3,0.0,0.0,0.0,0.0
16808,126.2,0.0,0.0,0.0,0.0
16809,119.9,0.0,0.0,0.0,0.0
16810,120.8,0.0,0.0,0.0,0.0
16811,104.8,0.0,0.0,0.0,0.0
16812,108.6,0.0,0.0,0.0,0.0
16813,118.5,0.0,0.0,0.0,0.0
16814,127.2,0.0,0.0,0.0,0.0
16815,119.4,0.0,0.0,0.0,0.0
16816,124.7,0.0,0.0,0.0,0.0
16817,104.1,0.0,0.0,0.0,0.0
16818,77.6,0.0,0.0,0.0,0.0
16819,94.8,0.0,0.0,0.0,0.0
16820,92.9,0.0,0.0,0.0,0.0
16821,97.0,0.0,0.0,0.0,0.0
16822,79.2,0.0,0.0,0.0,0.0
16823,84.9,0.0,0.0,0.0,0.0
16824,100.2,0.0,0.0,0.0,0.0
16825,110.1,0.0,0.0,0.0,0.0
16826,106.6,0.0,0.0,0.0,0.0
16827,114.3,0.0,0.0,0.0,0.0
16828,279.0,0.0,0.0,0.0,0.0
16829,315.0,0.0,0.0,0.0,0.0
16830,353.4,0.0,0.0,0.0,0.0
16831,299.0,0.0,0.0,0.0,0.0
16832,249.5,0.0,0.0,0.0,0.0
16833,188.2,0.0,0.0,0.0,0.0
16834,154.3,0.0,0.0,0.0,0.0
16835,165.3,0.0,0.0,0.0,0.0
16836,115.3,0.0,0.0,0.0,0.0
16837,91.1,0.0,0.0,0.0,0.0
16838,206.2,0.0,0.0,0.0,0.0
16839,239.0,0.0,0.0,0.0,0.0
16840,259.8,0.0,0.0,0.0,0.0
16841,214.1,0.0,0.0,0.0,0.0
16842,447.2,0.0,0.0,0.0,0.0
16843,488.3,0.0,0.0,0.0,0.0
16844,542.3,0.0,0.0,0.0,0.0
16845,784.2,0.0,0.0,0.0,0.0
16846,860.4,0.0,0.0,0.0,0.0
16847,839.2,0.0,0.0,0.0,0.0
16848,679.6,0.0,0.0,0.0,0.0
16849,691.5,0.0,0.0,0.0,0.0
16850,771.4,0.0,0.0,0.0,0.0
16851,883.2,0.0,0.0,0.0,0.0
16852,855.5,0.0,0.0,0.0,0.0
16853,935.8,0.0,0.0,0.0,0.0
16854,396.5,0.0,0.0,0.0,0.0
16855,1406.4,0.0,0.0,0.0,0.0
16856,1476.4,0.0,0.0,0.0,0.0
16857,1425.1,0.0,0.0,0.0,0.0
16858,1477.1,0.0,0.0,0.0,0.0
16859,1300.0,0.0,0.0,0.0,0.0
16860,1187.9,0.0,0.0,0.0,0.0
16861,928.9,0.0,0.0,0.0,0.0
16862,989.8,0.0,0.0,0.0,0.0
16863,964.7,0.0,0.0,0.0,0.0
16864,849.8,0.0,0.0,0.0,0.0
16865,881.0,0.0,0.0,0.0,0.0
16866,721.7,0.0,0.0,0.0,0.0
16867,577.0,0.0,0.0,0.0,0.0
16868,608.9,0.0,0.0,0.0,0.0
16869,580.7,0.0,0.0,0.0,0.0
16870,582.7,0.0,0.0,0.0,0.0
16871,492.3,0.0,0.0,0.0,0.0
16872,419.8,0.0,0.0,0.0,0.0
16873,388.9,0.0,0.0,0.0,0.0
16874,446.1,0.0,0.0,0.0,0.0
16875,450.9,0.0,0.0,0.0,0.0
16876,394.2,0.0,0.0,0.0,0.0
16877,394.2,0.0,0.0,0.0,0.0
16878,245.2,0.0,0.0,0.0,0.0
16879,274.6,0.0,0.0,0.0,0.0
16880,268.8,0.0,0.0,0.0,0.0
16881,216.7,0.0,0.0,0.0,0.0
16882,192.3,0.0,0.0,0.0,0.0
16883,184.9,0.0,0.0,0.0,0.0
16884,145.6,0.0,0.0,0.0,0.0
16885,146.6,0.0,0.0,0.0,0.0
16886,141.6,0.0,0.0,0.0,0.0
16887,137.4,0.0,0.0,0.0,0.0
16888,154.0,0.0,0.0,0.0,0.0
16889,126.6,0.0,0.0,0.0,0.0
16890,135.0,0.0,0.0,0.0,0.0
16891,123.3,0.0,0.0,0.0,0.0
16892,125.7,0.0,0.0,0.0,0.0
16893,133.0,0.0,0.0,0.0,0.0
16894,116.7,0.0,0.0,0.0,0.0
16895,117.2,0.0,0.0,0.0,0.0
16896,124.8,0.0,0.0,0.0,0.0
16897,124.0,0.0,0.0,0.0,0.0
16898,121.6,0.0,0.0,0.0,0.0
16899,119.6,0.0,0.0,0.0,0.0
16900,131.2,0.0,0.0,0.0,0.0
16901,115.0,0.0,0.0,0.0,0.0
16902,116.2,0.0,0.0,0.0,0.0
16903,128.9,0.0,0.0,0.0,0.0
16904,130.1,0.0,0.0,0.0,0.0
16905,139.7,0.0,0.0,0.0,0.0
16906,126.1,0.0,0.0,0.0,0.0
16907,121.3,0.0,0.0,0.0,0.0
16908,126.9,0.0,0.0,0.0,0.0
16909,123.2,0.0,0.0,0.0,0.0
16910,112.1,0.0,0.0,0.0,0.0
16911,110.6,0.0,0.0,0.0,0.0
16912,93.4,0.0,0.0,0.0,0.0
16913,96.1,0.0,0.0,0.0,0.0
16914,102.9,0.0,0.0,0.0,0.0
16915,103.2,0.0,0.0,0.0,0.0
16916,102.7,0.0,0.0,0.0,0.0
16917,118.2,0.0,0.0,0.0,0.0
16918,132.4,0.0,0.0,0.0,0.0
16919,158.2,0.0,0.0,0.0,0.0
16920,170.9,0.0,0.0,0.0,0.0
16921,167.3,0.0,0.0,0.0,0.0
16922,167.6,0.0,0.0,0.0,0.0
16923,198.1,0.0,0.0,0.0,0.0
16924,202.1,0.0,0.0,0.0,0.0
16925,174.7,0.0,0.0,0.0,0.0
16926,164.6,0.0,0.0,0.0,0.0
16927,154.5,0.0,0.0,0.0,0.0
16928,158.0,0.0,0.0,0.0,0.0
16929,159.7,0.0,0.0,0.0,0.0
16930,158.6,0.0,0.0,0.0,0.0
16931,183.3,0.0,0.0,0.0,0.0
16932,210.2,0.0,0.0,0.0,0.0
16933,225.3,0.0,0.0,0.0,0.0
16934,228.7,0.0,0.0,0.0,0.0
16935,236.8,0.0,0.0,0.0,0.0
16936,260.2,0.0,0.0,0.0,0.0
16937,261.6,0.0,0.0,0.0,0.0
16938,226.8,0.0,0.0,0.0,0.0
16939,184.9,0.0,0.0,0.0,0.0
16940,165.4,0.0,0.0,0.0,0.0
16941,402.2,0.0,0.0,0.0,0.0
16942,401.6,0.0,0.0,0.0,0.0
16943,423.3,0.0,0.0,0.0,0.0
16944,482.6,0.0,0.0,0.0,0.0
16945,427.3,0.0,0.0,0.0,0.0
16946,390.6,0.0,0.0,0.0,0.0
16947,411.1,0.0,0.0,0.0,0.0
16948,333.5,0.0,0.0,0.0,0.0
16949,282.1,0.0,0.0,0.0,0.0
16950,332.4,0.0,0.0,0.0,0.0
16951,380.8,0.0,0.0,0.0,0.0
16952,373.1,0.0,0.0,0.0,0.0
16953,373.1,0.0,0.0,0.0,0.0
16954,371.8,0.0,0.0,0.0,0.0
16955,350.0,0.0,0.0,0.0,0.0
16956,407.2,0.0,0.0,0.0,0.0
16957,372.5,0.0,0.0,0.0,0.0
16958,406.8,0.0,0.0,0.0,0.0
16959,409.2,0.0,0.0,0.0,0.0
16960,398.7,0.0,0.0,0.0,0.0
16961,353.0,0.0,0.0,0.0,0.0
16962,392.0,0.0,0.0,0.0,0.0
16963,361.1,0.0,0.0,0.0,0.0
16964,346.0,0.0,0.0,0.0,0.0
16965,341.5,0.0,0.0,0.0,0.0
16966,342.8,0.0,0.0,0.0,0.0
16967,363.8,0.0,0.0,0.0,0.0
16968,323.6,0.0,0.0,0.0,0.0
16969,331.0,0.0,0.0,0.0,0.0
16970,302.4,0.0,0.0,0.0,0.0
16971,332.9,0.0,0.0,0.0,0.0
16972,276.6,0.0,0.0,0.0,0.0
16973,310.7,0.0,0.0,0.0,0.0
16974,271.0,0.0,0.0,0.0,0.0
16975,304.1,0.0,0.0,0.0,0.0
16976,295.8,0.0,0.0,0.0,0.0
16977,292.2,0.0,0.0,0.0,0.0
16978,240.9,0.0,0.0,0.0,0.0
16979,260.2,0.0,0.0,0.0,0.0
16980,274.7,0.0,0.0,0.0,0.0
16981,274.4,0.0,0.0,0.0,0.0
16982,276.2,0.0,0.0,0.0,0.0
16983,298.4,0.0,0.0,0.0,0.0
16984,333.1,0.0,0.0,0.0,0.0
16985,341.1,0.0,0.0,0.0,0.0
16986,331.7,0.0,0.0,0.0,0.0
16987,319.0,0.0,0.0,0.0,0.0
16988,318.2,0.0,0.0,0.0,0.0
16989,330.2,0.0,0.0,0.0,0.0
16990,330.4,0.0,0.0,0.0,0.0
16991,326.8,0.0,0.0,0.0,0.0
16992,339.6,0.0,0.0,0.0,0.0
16993,330.7,0.0,0.0,0.0,0.0
16994,342.1,0.0,0.0,0.0,0.0
16995,346.2,0.0,0.0,0.0,0.0
16996,338.2,0.0,0.0,0.0,0.0
16997,298.6,0.0,0.0,0.0,0.0
16998,299.6,0.0,0.0,0.0,0.0
16999,291.7,0.0,0.0,0.0,0.0
17000,297.9,0.0,0.0,0.0,0.0
17001,276.6,0.0,0.0,0.0,0.0
17002,311.9,0.0,0.0,0.0,0.0
17003,307.2,0.0,0.0,0.0,0.0
17004,309.6,0.0,0.0,0.0,0.0
17005,308.1,0.0,0.0,0.0,0.0
17006,332.7,0.0,0.0,0.0,0.0
17007,329.4,0.0,0.0,0.0,0.0
17008,313.4,0.0,0.0,0.0,0.0
17009,313.6,0.0,0.0,0.0,0.0
17010,327.9,0.0,0.0,0.0,0.0
17011,337.8,0.0,0.0,0.0,0.0
17012,338.1,0.0,0.0,0.0,0.0
17013,335.8,0.0,0.0,0.0,0.0
17014,343.1,0.0,0.0,0.0,0.0
17015,329.4,0.0,0.0,0.0,0.0
17016,315.7,0.0,0.0,0.0,0.0
17017,285.9,0.0,0.0,0.0,0.0
17018,289.8,0.0,0.0,0.0,0.0
17019,316.2,0.0,0.0,0.0,0.0
17020,369.9,0.0,0.0,0.0,0.0
17021,361.2,0.0,0.0,0.0,0.0
17022,389.1,0.0,0.0,0.0,0.0
17023,344.8,0.0,0.0,0.0,0.0
17024,380.7,0.0,0.0,0.0,0.0
17025,347.4,0.0,0.0,0.0,0.0
17026,359.1,0.0,0.0,0.0,0.0
17027,341.8,0.0,0.0,0.0,0.0
17028,334.3,0.0,0.0,0.0,0.0
17029,330.0,0.0,0.0,0.0,0.0
17030,322.2,0.0,0.0,0.0,0.0
17031,268.5,0.0,0.0,0.0,0.0
17032,307.1,0.0,0.0,0.0,0.0
17033,345.2,0.0,0.0,0.0,0.0
17034,357.9,0.0,0.0,0.0,0.0
17035,383.9,0.0,0.0,0.0,0.0
17036,331.1,0.0,0.0,0.0,0.0
17037,314.7,0.0,0.0,0.0,0.0
17038,327.6,0.0,0.0,0.0,0.0
17039,330.7,0.0,0.0,0.0,0.0
17040,328.5,0.0,0.0,0.0,0.0
17041,319.5,0.0,0.0,0.0,0.0
17042,287.3,0.0,0.0,0.0,0.0
17043,249.9,0.0,0.0,0.0,0.0
17044,249.5,0.0,0.0,0.0,0.0
17045,281.4,0.0,0.0,0.0,0.0
17046,271.7,0.0,0.0,0.0,0.0
17047,250.1,0.0,0.0,0.0,0.0
17048,235.2,0.0,0.0,0.0,0.0
17049,225.4,0.0,0.0,0.0,0.0
17050,188.0,0.0,0.0,0.0,0.0
17051,229.4,0.0,0.0,0.0,0.0
17052,222.0,0.0,0.0,0.0,0.0
17053,222.5,0.0,0.0,0.0,0.0
17054,221.7,0.0,0.0,0.0,0.0
17055,206.9,0.0,0.0,0.0,0.0
17056,193.3,0.0,0.0,0.0,0.0
17057,215.7,0.0,0.0,0.0,0.0
17058,230.4,0.0,0.0,0.0,0.0
17059,215.8,0.0,0.0,0.0,0.0
17060,205.7,0.0,0.0,0.0,0.0
17061,206.7,0.0,0.0,0.0,0.0
17062,201.4,0.0,0.0,0.0,0.0
17063,200.6,0.0,0.0,0.0,0.0
17064,200.7,0.0,0.0,0.0,0.0
17065,201.7,0.0,0.0,0.0,0.0
17066,209.8,0.0,0.0,0.0,0.0
17067,208.6,0.0,0.0,0.0,0.0
17068,208.1,0.0,0.0,0.0,0.0
17069,194.2,0.0,0.0,0.0,0.0
17070,193.9,0.0,0.0,0.0,0.0
17071,186.1,0.0,0.0,0.0,0.0
17072,154.4,0.0,0.0,0.0,0.0
17073,152.3,0.0,0.0,0.0,0.0
17074,152.6,0.0,0.0,0.0,0.0
17075,158.5,0.0,0.0,0.0,0.0
17076,138.2,0.0,0.0,0.0,0.0
17077,146.0,0.0,0.0,0.0,0.0
17078,140.7,0.0,0.0,0.0,0.0
17079,120.3,0.0,0.0,0.0,0.0
17080,141.9,0.0,0.0,0.0,0.0
17081,124.0,0.0,0.0,0.0,0.0
17082,134.0,0.0,0.0,0.0,0.0
17083,135.1,0.0,0.0,0.0,0.0
17084,115.8,0.0,0.0,0.0,0.0
17085,110.2,0.0,0.0,0.0,0.0
17086,112.1,0.0,0.0,0.0,0.0
17087,108.6,0.0,0.0,0.0,0.0
17088,108.6,0.0,0.0,0.0,0.0
17089,109.2,0.0,0.0,0.0,0.0
17090,109.5,0.0,0.0,0.0,0.0
17091,109.7,0.0,0.0,0.0,0.0
17092,110.0,0.0,0.0,0.0,0.0
17093,130.2,0.0,0.0,0.0,0.0
17094,134.7,0.0,0.0,0.0,0.0
17095,122.4,0.0,0.0,0.0,0.0
17096,126.9,0.0,0.0,0.0,0.0
17097,124.0,0.0,0.0,0.0,0.0
17098,128.3,0.0,0.0,0.0,0.0
17099,125.6,0.0,0.0,0.0,0.0
17100,126.8,0.0,0.0,0.0,0.0
17101,134.5,0.0,0.0,0.0,0.0
17102,136.2,0.0,0.0,0.0,0.0
17103,136.1,0.0,0.0,0.0,0.0
17104,148.2,0.0,0.0,0.0,0.0
17105,131.1,0.0,0.0,0.0,0.0
17106,112.0,0.0,0.0,0.0,0.0
17107,154.5,0.0,0.0,0.0,0.0
17108,137.8,0.0,0.0,0.0,0.0
17109,162.4,0.0,0.0,0.0,0.0
17110,147.6,0.0,0.0,0.0,0.0
17111,144.2,0.0,0.0,0.0,0.0
17112,142.9,0.0,0.0,0.0,0.0
17113,127.1,0.0,0.0,0.0,0.0
17114,127.1,0.0,0.0,0.0,0.0
17115,134.9,0.0,0.0,0.0,0.0
17116,101.3,0.0,0.0,0.0,0.0
17117,156.8,0.0,0.0,0.0,0.0
17118,163.3,0.0,0.0,0.0,0.0
17119,151.4,0.0,0.0,0.0,0.0
17120,149.1,0.0,0.0,0.0,0.0
17121,148.6,0.0,0.0,0.0,0.0
17122,128.3,0.0,0.0,0.0,0.0
17123,132.6,0.0,0.0,0.0,0.0
17124,145.1,0.0,0.0,0.0,0.0
17125,125.7,0.0,0.0,0.0,0.0
17126,83.1,0.0,0.0,0.0,0.0
17127,137.1,0.0,0.0,0.0,0.0
17128,135.8,0.0,0.0,0.0,0.0
17129,143.3,0.0,0.0,0.0,0.0
17130,145.3,0.0,0.0,0.0,0.0
17131,136.7,0.0,0.0,0.0,0.0
17132,145.3,0.0,0.0,0.0,0.0
17133,149.4,0.0,0.0,0.0,0.0
17134,138.4,0.0,0.0,0.0,0.0
17135,131.9,0.0,0.0,0.0,0.0
17136,129.7,0.0,0.0,0.0,0.0
17137,135.8,0.0,0.0,0.0,0.0
17138,132.0,0.0,0.0,0.0,0.0
17139,138.7,0.0,0.0,0.0,0.0
17140,137.8,0.0,0.0,0.0,0.0
17141,130.3,0.0,0.0,0.0,0.0
17142,127.9,0.0,0.0,0.0,0.0
17143,215.7,0.0,0.0,0.0,0.0
17144,264.2,0.0,0.0,0.0,0.0
17145,322.1,0.0,0.0,0.0,0.0
17146,631.8,0.0,0.0,0.0,0.0
17147,840.2,0.0,0.0,0.0,0.0
17148,899.8,0.0,0.0,0.0,0.0
17149,765.7,0.0,0.0,0.0,0.0
17150,846.9,0.0,0.0,0.0,0.0
17151,690.1,0.0,0.0,0.0,0.0
17152,586.8,0.0,0.0,0.0,0.0
17153,534.4,0.0,0.0,0.0,0.0
17154,464.8,0.0,0.0,0.0,0.0
17155,469.5,0.0,0.0,0.0,0.0
17156,465.7,0.0,0.0,0.0,0.0
17157,466.4,0.0,0.0,0.0,0.0
17158,448.5,0.0,0.0,0.0,0.0
17159,423.5,0.0,0.0,0.0,0.0
17160,354.1,0.0,0.0,0.0,0.0
17161,311.5,0.0,0.0,0.0,0.0
17162,279.7,0.0,0.0,0.0,0.0
17163,502.2,0.0,0.0,0.0,0.0
17164,688.3,0.0,0.0,0.0,0.0
17165,1035.6,0.0,0.0,0.0,0.0
17166,1153.9,0.0,0.0,0.0,0.0
17167,597.8,0.0,0.0,0.0,0.0
17168,234.8,0.0,0.0,0.0,0.0
17169,1223.4,0.0,0.0,0.0,0.0
17170,1838.4,0.0,0.0,0.0,0.0
17171,2102.1,0.0,0.0,0.0,0.0
17172,1778.0,0.0,0.0,0.0,0.0
17173,1248.4,0.0,0.0,0.0,0.0
17174,1313.6,0.0,0.0,0.0,0.0
17175,1382.3,0.0,0.0,0.0,0.0
17176,1361.3,0.0,0.0,0.0,0.0
17177,1437.0,0.0,0.0,0.0,0.0
17178,1415.6,0.0,0.0,0.0,0.0
17179,1497.5,0.0,0.0,0.0,0.0
17180,1468.9,0.0,0.0,0.0,0.0
17181,1453.2,0.0,0.0,0.0,0.0
17182,1364.1,0.0,0.0,0.0,0.0
17183,1178.5,0.0,0.0,0.0,0.0
17184,916.3,0.0,0.0,0.0,0.0
17185,897.1,0.0,0.0,0.0,0.0
17186,852.6,0.0,0.0,0.0,0.0
17187,655.9,0.0,0.0,0.0,0.0
17188,808.4,0.0,0.0,0.0,0.0
17189,937.8,0.0,0.0,0.0,0.0
17190,884.3,0.0,0.0,0.0,0.0
17191,978.5,0.0,0.0,0.0,0.0
17192,688.1,0.0,0.0,0.0,0.0
17193,501.4,0.0,0.0,0.0,0.0
17194,515.0,0.0,0.0,0.0,0.0
17195,707.0,0.0,0.0,0.0,0.0
17196,893.1,0.0,0.0,0.0,0.0
17197,973.1,0.0,0.0,0.0,0.0
17198,937.2,0.0,0.0,0.0,0.0
17199,835.8,0.0,0.0,0.0,0.0
17200,647.5,0.0,0.0,0.0,0.0
17201,562.3,0.0,0.0,0.0,0.0
17202,601.1,0.0,0.0,0.0,0.0
17203,699.4,0.0,0.0,0.0,0.0
17204,647.3,0.0,0.0,0.0,0.0
17205,675.0,0.0,0.0,0.0,0.0
17206,554.9,0.0,0.0,0.0,0.0
17207,478.6,0.0,0.0,0.0,0.0
17208,450.2,0.0,0.0,0.0,0.0
17209,377.0,0.0,0.0,0.0,0.0
17210,288.2,0.0,0.0,0.0,0.0
17211,251.9,0.0,0.0,0.0,0.0
17212,176.7,0.0,0.0,0.0,0.0
17213,151.1,0.0,0.0,0.0,0.0
17214,134.6,0.0,0.0,0.0,0.0
17215,106.8,0.0,0.0,0.0,0.0
17216,115.1,0.0,0.0,0.0,0.0
17217,99.0,0.0,0.0,0.0,0.0
17218,96.9,0.0,0.0,0.0,0.0
17219,103.7,0.0,0.0,0.0,0.0
17220,115.1,0.0,0.0,0.0,0.0
17221,109.0,0.0,0.0,0.0,0.0
17222,129.9,0.0,0.0,0.0,0.0
17223,95.1,0.0,0.0,0.0,0.0
17224,90.2,0.0,0.0,0.0,0.0
17225,112.1,0.0,0.0,0.0,0.0
17226,102.2,0.0,0.0,0.0,0.0
17227,109.1,0.0,0.0,0.0,0.0
17228,107.4,0.0,0.0,0.0,0.0
17229,108.2,0.0,0.0,0.0,0.0
17230,97.6,0.0,0.0,0.0,0.0
17231,119.7,0.0,0.0,0.0,0.0
17232,121.4,0.0,0.0,0.0,0.0
17233,122.3,0.0,0.0,0.0,0.0
17234,118.3,0.0,0.0,0.0,0.0
17235,121.1,0.0,0.0,0.0,0.0
17236,125.5,0.0,0.0,0.0,0.0
17237,115.5,0.0,0.0,0.0,0.0
17238,119.7,0.0,0.0,0.0,0.0
17239,115.0,0.0,0.0,0.0,0.0
17240,141.9,0.0,0.0,0.0,0.0
17241,139.7,0.0,0.0,0.0,0.0
17242,141.4,0.0,0.0,0.0,0.0
17243,108.4,0.0,0.0,0.0,0.0
17244,123.6,0.0,0.0,0.0,0.0
17245,131.0,0.0,0.0,0.0,0.0
17246,127.8,0.0,0.0,0.0,0.0
17247,136.5,0.0,0.0,0.0,0.0
17248,137.3,0.0,0.0,0.0,0.0
17249,145.4,0.0,0.0,0.0,0.0
17250,145.3,0.0,0.0,0.0,0.0
17251,142.8,0.0,0.0,0.0,0.0
17252,150.9,0.0,0.0,0.0,0.0
17253,149.8,0.0,0.0,0.0,0.0
17254,147.7,0.0,0.0,0.0,0.0
17255,141.7,0.0,0.0,0.0,0.0
17256,132.5,0.0,0.0,0.0,0.0
17257,146.0,0.0,0.0,0.0,0.0
17258,140.5,0.0,0.0,0.0,0.0
17259,139.3,0.0,0.0,0.0,0.0
17260,128.5,0.0,0.0,0.0,0.0
17261,131.9,0.0,0.0,0.0,0.0
17262,132.6,0.0,0.0,0.0,0.0
17263,138.3,0.0,0.0,0.0,0.0
17264,122.5,0.0,0.0,0.0,0.0
17265,137.6,0.0,0.0,0.0,0.0
17266,153.4,0.0,0.0,0.0,0.0
17267,152.4,0.0,0.0,0.0,0.0
17268,131.5,0.0,0.0,0.0,0.0
17269,135.1,0.0,0.0,0.0,0.0
17270,152.9,0.0,0.0,0.0,0.0
17271,168.6,0.0,0.0,0.0,0.0
17272,174.1,0.0,0.0,0.0,0.0
17273,174.1,0.0,0.0,0.0,0.0
17274,158.9,0.0,0.0,0.0,0.0
17275,147.2,0.0,0.0,0.0,0.0
17276,141.5,0.0,0.0,0.0,0.0
17277,143.0,0.0,0.0,0.0,0.0
17278,131.8,0.0,0.0,0.0,0.0
17279,141.8,0.0,0.0,0.0,0.0
17280,154.2,0.0,0.0,0.0,0.0
17281,154.1,0.0,0.0,0.0,0.0
17282,160.5,0.0,0.0,0.0,0.0
17283,187.3,0.0,0.0,0.0,0.0
17284,175.1,0.0,0.0,0.0,0.0
17285,183.7,0.0,0.0,0.0,0.0
17286,205.1,0.0,0.0,0.0,0.0
17287,175.9,0.0,0.0,0.0,0.0
17288,169.3,0.0,0.0,0.0,0.0
17289,164.8,0.0,0.0,0.0,0.0
17290,169.9,0.0,0.0,0.0,0.0
17291,163.8,0.0,0.0,0.0,0.0
17292,165.5,0.0,0.0,0.0,0.0
17293,185.1,0.0,0.0,0.0,0.0
17294,208.2,0.0,0.0,0.0,0.0
17295,188.8,0.0,0.0,0.0,0.0
17296,190.6,0.0,0.0,0.0,0.0
17297,213.9,0.0,0.0,0.0,0.0
17298,230.8,0.0,0.0,0.0,0.0
17299,231.4,0.0,0.0,0.0,0.0
17300,219.9,0.0,0.0,0.0,0.0
17301,216.2,0.0,0.0,0.0,0.0
17302,221.7,0.0,0.0,0.0,0.0
17303,214.9,0.0,0.0,0.0,0.0
17304,206.3,0.0,0.0,0.0,0.0
17305,211.3,0.0,0.0,0.0,0.0
17306,209.3,0.0,0.0,0.0,0.0
17307,215.7,0.0,0.0,0.0,0.0
17308,223.2,0.0,0.0,0.0,0.0
17309,223.2,0.0,0.0,0.0,0.0
17310,213.4,0.0,0.0,0.0,0.0
17311,233.1,0.0,0.0,0.0,0.0
17312,247.9,0.0,0.0,0.0,0.0
17313,239.1,0.0,0.0,0.0,0.0
17314,231.6,0.0,0.0,0.0,0.0
17315,218.9,0.0,0.0,0.0,0.0
17316,188.5,0.0,0.0,0.0,0.0
17317,207.2,0.0,0.0,0.0,0.0
17318,207.8,0.0,0.0,0.0,0.0
17319,220.7,0.0,0.0,0.0,0.0
17320,221.7,0.0,0.0,0.0,0.0
17321,226.7,0.0,0.0,0.0,0.0
17322,173.2,0.0,0.0,0.0,0.0
17323,210.7,0.0,0.0,0.0,0.0
17324,227.0,0.0,0.0,0.0,0.0
17325,230.1,0.0,0.0,0.0,0.0
17326,243.8,0.0,0.0,0.0,0.0
17327,242.8,0.0,0.0,0.0,0.0
17328,255.1,0.0,0.0,0.0,0.0
17329,274.3,0.0,0.0,0.0,0.0
17330,301.8,0.0,0.0,0.0,0.0
17331,331.7,0.0,0.0,0.0,0.0
17332,353.9,0.0,0.0,0.0,0.0
17333,368.6,0.0,0.0,0.0,0.0
17334,345.3,0.0,0.0,0.0,0.0
17335,355.4,0.0,0.0,0.0,0.0
17336,353.0,0.0,0.0,0.0,0.0
17337,351.2,0.0,0.0,0.0,0.0
17338,327.5,0.0,0.0,0.0,0.0
17339,336.5,0.0,0.0,0.0,0.0
17340,342.1,0.0,0.0,0.0,0.0
17341,345.3,0.0,0.0,0.0,0.0
17342,325.6,0.0,0.0,0.0,0.0
17343,335.3,0.0,0.0,0.0,0.0
17344,327.1,0.0,0.0,0.0,0.0
17345,358.2,0.0,0.0,0.0,0.0
17346,363.7,0.0,0.0,0.0,0.0
17347,321.2,0.0,0.0,0.0,0.0
17348,350.7,0.0,0.0,0.0,0.0
17349,362.0,0.0,0.0,0.0,0.0
17350,353.5,0.0,0.0,0.0,0.0
17351,341.6,0.0,0.0,0.0,0.0
17352,358.3,0.0,0.0,0.0,0.0
17353,353.9,0.0,0.0,0.0,0.0
17354,343.9,0.0,0.0,0.0,0.0
17355,324.0,0.0,0.0,0.0,0.0
17356,339.5,0.0,0.0,0.0,0.0
17357,357.9,0.0,0.0,0.0,0.0
17358,359.3,0.0,0.0,0.0,0.0
17359,355.0,0.0,0.0,0.0,0.0
17360,355.0,0.0,0.0,0.0,0.0
17361,357.8,0.0,0.0,0.0,0.0
17362,364.6,0.0,0.0,0.0,0.0
17363,360.2,0.0,0.0,0.0,0.0
17364,360.3,0.0,0.0,0.0,0.0
17365,346.5,0.0,0.0,0.0,0.0
17366,352.8,0.0,0.0,0.0,0.0
17367,352.5,0.0,0.0,0.0,0.0
17368,355.6,0.0,0.0,0.0,0.0
17369,356.3,0.0,0.0,0.0,0.0
17370,362.2,0.0,0.0,0.0,0.0
17371,357.8,0.0,0.0,0.0,0.0
17372,359.5,0.0,0.0,0.0,0.0
17373,354.2,0.0,0.0,0.0,0.0
17374,357.6,0.0,0.0,0.0,0.0
17375,316.9,0.0,0.0,0.0,0.0
17376,336.3,0.0,0.0,0.0,0.0
17377,318.4,0.0,0.0,0.0,0.0
17378,324.6,0.0,0.0,0.0,0.0
17379,346.2,0.0,0.0,0.0,0.0
17380,358.2,0.0,0.0,0.0,0.0
17381,344.4,0.0,0.0,0.0,0.0
17382,380.8,0.0,0.0,0.0,0.0
17383,371.1,0.0,0.0,0.0,0.0
17384,342.8,0.0,0.0,0.0,0.0
17385,324.0,0.0,0.0,0.0,0.0
17386,340.0,0.0,0.0,0.0,0.0
17387,345.7,0.0,0.0,0.0,0.0
17388,325.6,0.0,0.0,0.0,0.0
17389,333.4,0.0,0.0,0.0,0.0
17390,342.5,0.0,0.0,0.0,0.0
17391,332.7,0.0,0.0,0.0,0.0
17392,316.5,0.0,0.0,0.0,0.0
17393,317.0,0.0,0.0,0.0,0.0
17394,300.4,0.0,0.0,0.0,0.0
17395,296.5,0.0,0.0,0.0,0.0
17396,274.8,0.0,0.0,0.0,0.0
17397,261.9,0.0,0.0,0.0,0.0
17398,264.9,0.0,0.0,0.0,0.0
17399,268.1,0.0,0.0,0.0,0.0
17400,261.3,0.0,0.0,0.0,0.0
17401,248.1,0.0,0.0,0.0,0.0
17402,242.5,0.0,0.0,0.0,0.0
17403,229.9,0.0,0.0,0.0,0.0
17404,236.2,0.0,0.0,0.0,0.0
17405,218.0,0.0,0.0,0.0,0.0
17406,227.7,0.0,0.0,0.0,0.0
17407,215.9,0.0,0.0,0.0,0.0
17408,207.5,0.0,0.0,0.0,0.0
17409,218.1,0.0,0.0,0.0,0.0
17410,235.1,0.0,0.0,0.0,0.0
17411,273.4,0.0,0.0,0.0,0.0
17412,262.8,0.0,0.0,0.0,0.0
17413,284.6,0.0,0.0,0.0,0.0
17414,293.5,0.0,0.0,0.0,0.0
17415,308.6,0.0,0.0,0.0,0.0
17416,324.5,0.0,0.0,0.0,0.0
17417,286.0,0.0,0.0,0.0,0.0
17418,235.9,0.0,0.0,0.0,0.0
17419,243.7,0.0,0.0,0.0,0.0
17420,259.9,0.0,0.0,0.0,0.0
17421,278.2,0.0,0.0,0.0,0.0
17422,196.8,0.0,0.0,0.0,0.0
17423,219.9,0.0,0.0,0.0,0.0
17424,230.9,0.0,0.0,0.0,0.0
17425,221.7,0.0,0.0,0.0,0.0
17426,240.8,0.0,0.0,0.0,0.0
17427,216.2,0.0,0.0,0.0,0.0
17428,217.2,0.0,0.0,0.0,0.0
17429,201.5,0.0,0.0,0.0,0.0
17430,201.7,0.0,0.0,0.0,0.0
17431,202.1,0.0,0.0,0.0,0.0
17432,201.7,0.0,0.0,0.0,0.0
17433,194.9,0.0,0.0,0.0,0.0
17434,207.5,0.0,0.0,0.0,0.0
17435,203.5,0.0,0.0,0.0,0.0
17436,198.9,0.0,0.0,0.0,0.0
17437,197.2,0.0,0.0,0.0,0.0
17438,210.0,0.0,0.0,0.0,0.0
17439,212.5,0.0,0.0,0.0,0.0
17440,189.2,0.0,0.0,0.0,0.0
17441,177.0,0.0,0.0,0.0,0.0
17442,162.7,0.0,0.0,0.0,0.0
17443,162.9,0.0,0.0,0.0,0.0
17444,141.4,0.0,0.0,0.0,0.0
17445,149.8,0.0,0.0,0.0,0.0
17446,152.4,0.0,0.0,0.0,0.0
17447,141.7,0.0,0.0,0.0,0.0
17448,156.0,0.0,0.0,0.0,0.0
17449,110.9,0.0,0.0,0.0,0.0
17450,122.6,0.0,0.0,0.0,0.0
17451,134.8,0.0,0.0,0.0,0.0
17452,123.1,0.0,0.0,0.0,0.0
17453,126.9,0.0,0.0,0.0,0.0
17454,124.0,0.0,0.0,0.0,0.0
17455,124.8,0.0,0.0,0.0,0.0
17456,102.4,0.0,0.0,0.0,0.0
17457,107.2,0.0,0.0,0.0,0.0
17458,102.3,0.0,0.0,0.0,0.0
17459,84.7,0.0,0.0,0.0,0.0
17460,81.3,0.0,0.0,0.0,0.0
17461,83.9,0.0,0.0,0.0,0.0
17462,113.2,0.0,0.0,0.0,0.0
17463,92.6,0.0,0.0,0.0,0.0
17464,98.6,0.0,0.0,0.0,0.0
17465,94.8,0.0,0.0,0.0,0.0
17466,117.7,0.0,0.0,0.0,0.0
17467,114.4,0.0,0.0,0.0,0.0
17468,127.1,0.0,0.0,0.0,0.0
17469,121.9,0.0,0.0,0.0,0.0
17470,108.4,0.0,0.0,0.0,0.0
17471,93.3,0.0,0.0,0.0,0.0
17472,83.6,0.0,0.0,0.0,0.0
17473,83.4,0.0,0.0,0.0,0.0
17474,83.7,0.0,0.0,0.0,0.0
17475,86.0,0.0,0.0,0.0,0.0
17476,95.3,0.0,0.0,0.0,0.0
17477,102.4,0.0,0.0,0.0,0.0
17478,102.3,0.0,0.0,0.0,0.0
17479,108.5,0.0,0.0,0.0,0.0
17480,119.0,0.0,0.0,0.0,0.0
17481,110.3,0.0,0.0,0.0,0.0
17482,107.6,0.0,0.0,0.0,0.0
17483,100.2,0.0,0.0,0.0,0.0
17484,127.0,0.0,0.0,0.0,0.0
17485,124.9,0.0,0.0,0.0,0.0
17486,122.8,0.0,0.0,0.0,0.0
17487,126.7,0.0,0.0,0.0,0.0
17488,137.4,0.0,0.0,0.0,0.0
17489,139.1,0.0,0.0,0.0,0.0
17490,127.6,0.0,0.0,0.0,0.0
17491,76.2,0.0,0.0,0.0,0.0
17492,96.8,0.0,0.0,0.0,0.0
17493,105.9,0.0,0.0,0.0,0.0
17494,136.2,0.0,0.0,0.0,0.0
17495,114.6,0.0,0.0,0.0,0.0
17496,110.2,0.0,0.0,0.0,0.0
17497,101.1,0.0,0.0,0.0,0.0
17498,68.2,0.0,0.0,0.0,0.0
17499,102.0,0.0,0.0,0.0,0.0
17500,121.7,0.0,0.0,0.0,0.0
17501,112.3,0.0,0.0,0.0,0.0
17502,95.9,0.0,0.0,0.0,0.0
17503,102.4,0.0,0.0,0.0,0.0
17504,109.3,0.0,0.0,0.0,0.0
17505,104.8,0.0,0.0,0.0,0.0
17506,106.4,0.0,0.0,0.0,0.0
17507,104.9,0.0,0.0,0.0,0.0
17508,95.2,0.0,0.0,0.0,0.0
17509,105.5,0.0,0.0,0.0,0.0
17510,100.0,0.0,0.0,0.0,0.0
17511,112.8,0.0,0.0,0.0,0.0
17512,117.4,0.0,0.0,0.0,0.0
17513,98.4,0.0,0.0,0.0,0.0
17514,109.7,0.0,0.0,0.0,0.0
17515,110.9,0.0,0.0,0.0,0.0
17516,120.7,0.0,0.0,0.0,0.0
17517,105.9,0.0,0.0,0.0,0.0
17518,112.7,0.0,0.0,0.0,0.0
17519,113.6,0.0,0.0,0.0,0.0
17520,113.6,0.0,0.0,0.0,0.0
17521,121.7,0.0,0.0,0.0,0.0
17522,94.0,0.0,0.0,0.0,0.0
17523,115.0,0.0,0.0,0.0,0.0
17524,102.0,0.0,0.0,0.0,0.0
17525,124.5,0.0,0.0,0.0,0.0
17526,118.3,0.0,0.0,0.0,0.0
17527,102.2,0.0,0.0,0.0,0.0
17528,120.8,0.0,0.0,0.0,0.0
17529,108.7,0.0,0.0,0.0,0.0
17530,118.6,0.0,0.0,0.0,0.0
17531,117.1,0.0,0.0,0.0,0.0
17532,113.9,0.0,0.0,0.0,0.0
17533,118.7,0.0,0.0,0.0,0.0
17534,123.4,0.0,0.0,0.0,0.0
17535,95.9,0.0,0.0,0.0,0.0
17536,100.5,0.0,0.0,0.0,0.0
17537,101.9,0.0,0.0,0.0,0.0
17538,87.6,0.0,0.0,0.0,0.0
17539,91.1,0.0,0.0,0.0,0.0
17540,89.4,0.0,0.0,0.0,0.0
17541,104.2,0.0,0.0,0.0,0.0
17542,113.3,0.0,0.0,0.0,0.0
17543,91.3,0.0,0.0,0.0,0.0
17544,68.7,0.0,0.0,0.0,0.0
17545,80.7,0.0,0.0,0.0,0.0
17546,94.6,0.0,0.0,0.0,0.0
17547,69.9,0.0,0.0,0.0,0.0
17548,329.7,0.0,0.0,0.0,0.0
17549,414.3,0.0,0.0,0.0,0.0
17550,411.8,0.0,0.0,0.0,0.0
17551,469.8,0.0,0.0,0.0,0.0
17552,469.1,0.0,0.0,0.0,0.0
17553,817.9,0.0,0.0,0.0,0.0
17554,934.6,0.0,0.0,0.0,0.0
17555,979.6,0.0,0.0,0.0,0.0
17556,969.8,0.0,0.0,0.0,0.0
17557,827.2,0.0,0.0,0.0,0.0
17558,817.1,0.0,0.0,0.0,0.0
17559,812.0,0.0,0.0,0.0,0.0
17560,873.2,0.0,0.0,0.0,0.0
17561,746.6,0.0,0.0,0.0,0.0
17562,974.6,0.0,0.0,0.0,0.0
17563,1002.3,0.0,0.0,0.0,0.0
17564,575.3,0.0,0.0,0.0,0.0
17565,229.6,0.0,0.0,0.0,0.0
17566,467.9,0.0,0.0,0.0,0.0
17567,1286.6,0.0,0.0,0.0,0.0
17568,472.6,0.0,0.0,0.0,0.0
17569,424.7,0.0,0.0,0.0,0.0
17570,631.6,0.0,0.0,0.0,0.0
17571,1032.3,0.0,0.0,0.0,0.0
17572,1501.1,0.0,0.0,0.0,0.0
17573,1315.4,0.0,0.0,0.0,0.0
17574,1228.4,0.0,0.0,0.0,0.0
17575,1217.8,0.0,0.0,0.0,0.0
17576,1330.4,0.0,0.0,0.0,0.0
17577,1069.8,0.0,0.0,0.0,0.0
17578,1237.8,0.0,0.0,0.0,0.0
17579,1407.7,0.0,0.0,0.0,0.0
17580,1427.7,0.0,0.0,0.0,0.0
17581,1359.4,0.0,0.0,0.0,0.0
17582,511.1,0.0,0.0,0.0,0.0
17583,918.6,0.0,0.0,0.0,0.0
17584,371.4,0.0,0.0,0.0,0.0
17585,1231.7,0.0,0.0,0.0,0.0
17586,671.9,0.0,0.0,0.0,0.0
17587,1185.4,0.0,0.0,0.0,0.0
17588,1327.8,0.0,0.0,0.0,0.0
17589,1299.3,0.0,0.0,0.0,0.0
17590,1053.4,0.0,0.0,0.0,0.0
17591,1203.4,0.0,0.0,0.0,0.0
17592,1232.2,0.0,0.0,0.0,0.0
17593,1095.1,0.0,0.0,0.0,0.0
17594,955.1,0.0,0.0,0.0,0.0
17595,920.0,0.0,0.0,0.0,0.0
17596,778.9,0.0,0.0,0.0,0.0
17597,689.1,0.0,0.0,0.0,0.0
17598,592.7,0.0,0.0,0.0,0.0
17599,500.3,0.0,0.0,0.0,0.0
17600,377.5,0.0,0.0,0.0,0.0
17601,425.2,0.0,0.0,0.0,0.0
17602,354.5,0.0,0.0,0.0,0.0
17603,288.3,0.0,0.0,0.0,0.0
17604,237.8,0.0,0.0,0.0,0.0
17605,149.4,0.0,0.0,0.0,0.0
17606,145.3,0.0,0.0,0.0,0.0
17607,93.2,0.0,0.0,0.0,0.0
17608,95.8,0.0,0.0,0.0,0.0
17609,82.6,0.0,0.0,0.0,0.0
17610,203.1,0.0,0.0,0.0,0.0
17611,564.2,0.0,0.0,0.0,0.0
17612,805.9,0.0,0.0,0.0,0.0
17613,542.7,0.0,0.0,0.0,0.0
17614,346.3,0.0,0.0,0.0,0.0
17615,964.1,0.0,0.0,0.0,0.0
17616,997.1,0.0,0.0,0.0,0.0
17617,1129.8,0.0,0.0,0.0,0.0
17618,1130.3,0.0,0.0,0.0,0.0
17619,901.9,0.0,0.0,0.0,0.0
17620,865.7,0.0,0.0,0.0,0.0
17621,662.9,0.0,0.0,0.0,0.0
17622,774.7,0.0,0.0,0.0,0.0
17623,750.6,0.0,0.0,0.0,0.0
17624,624.5,0.0,0.0,0.0,0.0
17625,603.0,0.0,0.0,0.0,0.0
17626,401.9,0.0,0.0,0.0,0.0
17627,401.9,0.0,0.0,0.0,0.0
17628,317.7,0.0,0.0,0.0,0.0
17629,302.9,0.0,0.0,0.0,0.0
17630,211.1,0.0,0.0,0.0,0.0
17631,194.0,0.0,0.0,0.0,0.0
17632,183.3,0.0,0.0,0.0,0.0
17633,117.4,0.0,0.0,0.0,0.0
17634,80.3,0.0,0.0,0.0,0.0
17635,65.5,0.0,0.0,0.0,0.0
17636,60.1,0.0,0.0,0.0,0.0
17637,49.2,0.0,0.0,0.0,0.0
17638,56.5,0.0,0.0,0.0,0.0
17639,44.8,0.0,0.0,0.0,0.0
17640,163.1,0.0,0.0,0.0,0.0
17641,232.0,0.0,0.0,0.0,0.0
17642,152.1,0.0,0.0,0.0,0.0
17643,195.1,0.0,0.0,0.0,0.0
17644,188.2,0.0,0.0,0.0,0.0
17645,178.6,0.0,0.0,0.0,0.0
17646,162.8,0.0,0.0,0.0,0.0
17647,165.0,0.0,0.0,0.0,0.0
17648,165.8,0.0,0.0,0.0,0.0
17649,166.0,0.0,0.0,0.0,0.0
17650,173.7,0.0,0.0,0.0,0.0
17651,195.6,0.0,0.0,0.0,0.0
17652,191.0,0.0,0.0,0.0,0.0
17653,202.1,0.0,0.0,0.0,0.0
17654,218.6,0.0,0.0,0.0,0.0
17655,203.9,0.0,0.0,0.0,0.0
17656,194.9,0.0,0.0,0.0,0.0
17657,190.2,0.0,0.0,0.0,0.0
17658,153.7,0.0,0.0,0.0,0.0
17659,161.3,0.0,0.0,0.0,0.0
17660,162.4,0.0,0.0,0.0,0.0
17661,165.7,0.0,0.0,0.0,0.0
17662,154.2,0.0,0.0,0.0,0.0
17663,188.6,0.0,0.0,0.0,0.0
17664,301.2,0.0,0.0,0.0,0.0
17665,309.9,0.0,0.0,0.0,0.0
17666,341.3,0.0,0.0,0.0,0.0
17667,347.1,0.0,0.0,0.0,0.0
17668,305.7,0.0,0.0,0.0,0.0
17669,346.5,0.0,0.0,0.0,0.0
17670,359.0,0.0,0.0,0.0,0.0
17671,407.3,0.0,0.0,0.0,0.0
17672,404.3,0.0,0.0,0.0,0.0
17673,429.3,0.0,0.0,0.0,0.0
17674,439.5,0.0,0.0,0.0,0.0
17675,519.8,0.0,0.0,0.0,0.0
17676,495.8,0.0,0.0,0.0,0.0
17677,473.5,0.0,0.0,0.0,0.0
17678,509.0,0.0,0.0,0.0,0.0
17679,530.0,0.0,0.0,0.0,0.0
17680,866.4,0.0,0.0,0.0,0.0
17681,662.1,0.0,0.0,0.0,0.0
17682,495.9,0.0,0.0,0.0,0.0
17683,503.3,0.0,0.0,0.0,0.0
17684,542.4,0.0,0.0,0.0,0.0
17685,538.2,0.0,0.0,0.0,0.0
17686,574.7,0.0,0.0,0.0,0.0
17687,575.3,0.0,0.0,0.0,0.0
17688,574.1,0.0,0.0,0.0,0.0
17689,482.4,0.0,0.0,0.0,0.0
17690,540.9,0.0,0.0,0.0,0.0
17691,411.7,0.0,0.0,0.0,0.0
17692,428.3,0.0,0.0,0.0,0.0
17693,386.5,0.0,0.0,0.0,0.0
17694,282.6,0.0,0.0,0.0,0.0
17695,391.6,0.0,0.0,0.0,0.0
17696,415.8,0.0,0.0,0.0,0.0
17697,387.8,0.0,0.0,0.0,0.0
17698,423.1,0.0,0.0,0.0,0.0
17699,394.9,0.0,0.0,0.0,0.0
17700,426.5,0.0,0.0,0.0,0.0
17701,450.8,0.0,0.0,0.0,0.0
17702,404.8,0.0,0.0,0.0,0.0
17703,406.0,0.0,0.0,0.0,0.0
17704,439.8,0.0,0.0,0.0,0.0
17705,424.6,0.0,0.0,0.0,0.0
17706,393.6,0.0,0.0,0.0,0.0
17707,402.7,0.0,0.0,0.0,0.0
17708,391.1,0.0,0.0,0.0,0.0
17709,362.6,0.0,0.0,0.0,0.0
17710,374.2,0.0,0.0,0.0,0.0
17711,380.9,0.0,0.0,0.0,0.0
17712,374.1,0.0,0.0,0.0,0.0
17713,368.3,0.0,0.0,0.0,0.0
17714,355.8,0.0,0.0,0.0,0.0
17715,352.1,0.0,0.0,0.0,0.0
17716,349.4,0.0,0.0,0.0,0.0
17717,336.2,0.0,0.0,0.0,0.0
17718,343.0,0.0,0.0,0.0,0.0
17719,374.7,0.0,0.0,0.0,0.0
17720,358.4,0.0,0.0,0.0,0.0
17721,369.5,0.0,0.0,0.0,0.0
17722,330.8,0.0,0.0,0.0,0.0
17723,356.7,0.0,0.0,0.0,0.0
17724,330.4,0.0,0.0,0.0,0.0
17725,330.9,0.0,0.0,0.0,0.0
17726,334.8,0.0,0.0,0.0,0.0
17727,323.6,0.0,0.0,0.0,0.0
17728,344.7,0.0,0.0,0.0,0.0
17729,331.8,0.0,0.0,0.0,0.0
17730,350.0,0.0,0.0,0.0,0.0
17731,358.9,0.0,0.0,0.0,0.0
17732,335.0,0.0,0.0,0.0,0.0
17733,327.7,0.0,0.0,0.0,0.0
17734,347.3,0.0,0.0,0.0,0.0
17735,347.1,0.0,0.0,0.0,0.0
17736,364.6,0.0,0.0,0.0,0.0
17737,344.6,0.0,0.0,0.0,0.0
17738,344.6,0.0,0.0,0.0,0.0
17739,346.0,0.0,0.0,0.0,0.0
17740,359.3,0.0,0.0,0.0,0.0
17741,342.7,0.0,0.0,0.0,0.0
17742,334.6,0.0,0.0,0.0,0.0
17743,358.7,0.0,0.0,0.0,0.0
17744,367.3,0.0,0.0,0.0,0.0
17745,351.3,0.0,0.0,0.0,0.0
17746,352.4,0.0,0.0,0.0,0.0
17747,350.7,0.0,0.0,0.0,0.0
17748,340.6,0.0,0.0,0.0,0.0
17749,345.4,0.0,0.0,0.0,0.0
17750,338.4,0.0,0.0,0.0,0.0
17751,353.0,0.0,0.0,0.0,0.0
17752,343.4,0.0,0.0,0.0,0.0
17753,346.4,0.0,0.0,0.0,0.0
17754,358.3,0.0,0.0,0.0,0.0
17755,349.0,0.0,0.0,0.0,0.0
17756,346.4,0.0,0.0,0.0,0.0
17757,363.5,0.0,0.0,0.0,0.0
17758,370.4,0.0,0.0,0.0,0.0
17759,354.1,0.0,0.0,0.0,0.0
17760,364.1,0.0,0.0,0.0,0.0
17761,330.8,0.0,0.0,0.0,0.0
17762,356.2,0.0,0.0,0.0,0.0
17763,355.5,0.0,0.0,0.0,0.0
17764,356.2,0.0,0.0,0.0,0.0
17765,343.7,0.0,0.0,0.0,0.0
17766,344.1,0.0,0.0,0.0,0.0
17767,343.4,0.0,0.0,0.0,0.0
17768,331.7,0.0,0.0,0.0,0.0
17769,306.4,0.0,0.0,0.0,0.0
17770,338.3,0.0,0.0,0.0,0.0
17771,312.0,0.0,0.0,0.0,0.0
17772,336.3,0.0,0.0,0.0,0.0
17773,359.4,0.0,0.0,0.0,0.0
17774,328.7,0.0,0.0,0.0,0.0
17775,333.1,0.0,0.0,0.0,0.0
17776,312.5,0.0,0.0,0.0,0.0
17777,324.9,0.0,0.0,0.0,0.0
17778,316.6,0.0,0.0,0.0,0.0
17779,321.7,0.0,0.0,0.0,0.0
17780,319.6,0.0,0.0,0.0,0.0
17781,317.1,0.0,0.0,0.0,0.0
17782,332.4,0.0,0.0,0.0,0.0
17783,303.8,0.0,0.0,0.0,0.0
17784,282.9,0.0,0.0,0.0,0.0
17785,275.6,0.0,0.0,0.0,0.0
17786,304.5,0.0,0.0,0.0,0.0
17787,268.4,0.0,0.0,0.0,0.0
17788,267.8,0.0,0.0,0.0,0.0
17789,275.9,0.0,0.0,0.0,0.0
17790,263.0,0.0,0.0,0.0,0.0
17791,268.5,0.0,0.0,0.0,0.0
17792,264.5,0.0,0.0,0.0,0.0
17793,243.3,0.0,0.0,0.0,0.0
17794,231.2,0.0,0.0,0.0,0.0
17795,249.3,0.0,0.0,0.0,0.0
17796,245.7,0.0,0.0,0.0,0.0
17797,257.4,0.0,0.0,0.0,0.0
17798,245.3,0.0,0.0,0.0,0.0
17799,236.1,0.0,0.0,0.0,0.0
17800,243.3,0.0,0.0,0.0,0.0
17801,218.3,0.0,0.0,0.0,0.0
17802,209.8,0.0,0.0,0.0,0.0
17803,194.1,0.0,0.0,0.0,0.0
17804,202.0,0.0,0.0,0.0,0.0
17805,191.1,0.0,0.0,0.0,0.0
17806,193.9,0.0,0.0,0.0,0.0
17807,206.9,0.0,0.0,0.0,0.0
17808,200.0,0.0,0.0,0.0,0.0
17809,198.0,0.0,0.0,0.0,0.0
17810,203.2,0.0,0.0,0.0,0.0
17811,216.5,0.0,0.0,0.0,0.0
17812,137.3,0.0,0.0,0.0,0.0
17813,174.0,0.0,0.0,0.0,0.0
17814,309.5,0.0,0.0,0.0,0.0
17815,161.9,0.0,0.0,0.0,0.0
17816,158.6,0.0,0.0,0.0,0.0
17817,159.6,0.0,0.0,0.0,0.0
17818,167.6,0.0,0.0,0.0,0.0
17819,133.2,0.0,0.0,0.0,0.0
17820,157.1,0.0,0.0,0.0,0.0
17821,151.8,0.0,0.0,0.0,0.0
17822,126.7,0.0,0.0,0.0,0.0
17823,139.0,0.0,0.0,0.0,0.0
17824,138.4,0.0,0.0,0.0,0.0
17825,138.4,0.0,0.0,0.0,0.0
17826,166.5,0.0,0.0,0.0,0.0
17827,151.7,0.0,0.0,0.0,0.0
17828,161.4,0.0,0.0,0.0,0.0
17829,126.4,0.0,0.0,0.0,0.0
17830,160.7,0.0,0.0,0.0,0.0
17831,138.8,0.0,0.0,0.0,0.0
17832,159.0,0.0,0.0,0.0,0.0
17833,153.8,0.0,0.0,0.0,0.0
17834,162.7,0.0,0.0,0.0,0.0
17835,136.7,0.0,0.0,0.0,0.0
17836,147.5,0.0,0.0,0.0,0.0
17837,147.1,0.0,0.0,0.0,0.0
17838,145.6,0.0,0.0,0.0,0.0
17839,152.9,0.0,0.0,0.0,0.0
17840,160.1,0.0,0.0,0.0,0.0
17841,163.2,0.0,0.0,0.0,0.0
17842,186.4,0.0,0.0,0.0,0.0
17843,182.7,0.0,0.0,0.0,0.0
17844,188.3,0.0,0.0,0.0,0.0
17845,187.8,0.0,0.0,0.0,0.0
17846,166.7,0.0,0.0,0.0,0.0
17847,171.9,0.0,0.0,0.0,0.0
17848,220.3,0.0,0.0,0.0,0.0
17849,249.7,0.0,0.0,0.0,0.0
17850,260.6,0.0,0.0,0.0,0.0
17851,258.4,0.0,0.0,0.0,0.0
17852,272.8,0.0,0.0,0.0,0.0
17853,325.5,0.0,0.0,0.0,0.0
17854,336.4,0.0,0.0,0.0,0.0
17855,329.4,0.0,0.0,0.0,0.0
17856,343.8,0.0,0.0,0.0,0.0
17857,351.7,0.0,0.0,0.0,0.0
17858,355.2,0.0,0.0,0.0,0.0
17859,329.7,0.0,0.0,0.0,0.0
17860,306.6,0.0,0.0,0.0,0.0
17861,287.5,0.0,0.0,0.0,0.0
17862,313.5,0.0,0.0,0.0,0.0
17863,346.8,0.0,0.0,0.0,0.0
17864,348.5,0.0,0.0,0.0,0.0
17865,335.9,0.0,0.0,0.0,0.0
17866,331.1,0.0,0.0,0.0,0.0
17867,333.9,0.0,0.0,0.0,0.0
17868,413.6,0.0,0.0,0.0,0.0
17869,411.4,0.0,0.0,0.0,0.0
17870,502.4,0.0,0.0,0.0,0.0
17871,859.6,0.0,0.0,0.0,0.0
17872,682.6,0.0,0.0,0.0,0.0
17873,746.2,0.0,0.0,0.0,0.0
17874,704.9,0.0,0.0,0.0,0.0
17875,655.7,0.0,0.0,0.0,0.0
17876,648.6,0.0,0.0,0.0,0.0
17877,642.8,0.0,0.0,0.0,0.0
17878,647.3,0.0,0.0,0.0,0.0
17879,576.3,0.0,0.0,0.0,0.0
17880,490.8,0.0,0.0,0.0,0.0
17881,423.4,0.0,0.0,0.0,0.0
17882,420.9,0.0,0.0,0.0,0.0
17883,424.7,0.0,0.0,0.0,0.0
17884,389.0,0.0,0.0,0.0,0.0
17885,335.7,0.0,0.0,0.0,0.0
17886,294.7,0.0,0.0,0.0,0.0
17887,267.9,0.0,0.0,0.0,0.0
17888,213.7,0.0,0.0,0.0,0.0
17889,178.5,0.0,0.0,0.0,0.0
17890,156.4,0.0,0.0,0.0,0.0
17891,163.9,0.0,0.0,0.0,0.0
17892,171.4,0.0,0.0,0.0,0.0
17893,165.6,0.0,0.0,0.0,0.0
17894,173.9,0.0,0.0,0.0,0.0
17895,150.8,0.0,0.0,0.0,0.0
17896,146.2,0.0,0.0,0.0,0.0
17897,134.7,0.0,0.0,0.0,0.0
17898,51.2,0.0,0.0,0.0,0.0
17899,47.2,0.0,0.0,0.0,0.0
17900,76.8,0.0,0.0,0.0,0.0
17901,65.2,0.0,0.0,0.0,0.0
17902,89.9,0.0,0.0,0.0,0.0
17903,130.5,0.0,0.0,0.0,0.0
17904,140.9,0.0,0.0,0.0,0.0
17905,130.0,0.0,0.0,0.0,0.0
17906,129.1,0.0,0.0,0.0,0.0
17907,124.9,0.0,0.0,0.0,0.0
17908,118.8,0.0,0.0,0.0,0.0
17909,130.7,0.0,0.0,0.0,0.0
17910,148.8,0.0,0.0,0.0,0.0
17911,137.1,0.0,0.0,0.0,0.0
17912,139.2,0.0,0.0,0.0,0.0
17913,132.2,0.0,0.0,0.0,0.0
17914,113.7,0.0,0.0,0.0,0.0
17915,101.1,0.0,0.0,0.0,0.0
17916,124.0,0.0,0.0,0.0,0.0
17917,180.5,0.0,0.0,0.0,0.0
17918,381.9,0.0,0.0,0.0,0.0
17919,408.6,0.0,0.0,0.0,0.0
17920,369.6,0.0,0.0,0.0,0.0
17921,385.9,0.0,0.0,0.0,0.0
17922,383.7,0.0,0.0,0.0,0.0
17923,349.1,0.0,0.0,0.0,0.0
17924,314.8,0.0,0.0,0.0,0.0
17925,270.7,0.0,0.0,0.0,0.0
17926,216.6,0.0,0.0,0.0,0.0
17927,195.2,0.0,0.0,0.0,0.0
17928,166.1,0.0,0.0,0.0,0.0
17929,184.7,0.0,0.0,0.0,0.0
17930,201.5,0.0,0.0,0.0,0.0
17931,179.4,0.0,0.0,0.0,0.0
17932,268.1,0.0,0.0,0.0,0.0
17933,432.0,0.0,0.0,0.0,0.0
17934,413.6,0.0,0.0,0.0,0.0
17935,352.0,0.0,0.0,0.0,0.0
17936,348.2,0.0,0.0,0.0,0.0
17937,364.6,0.0,0.0,0.0,0.0
17938,404.6,0.0,0.0,0.0,0.0
17939,495.2,0.0,0.0,0.0,0.0
17940,561.6,0.0,0.0,0.0,0.0
17941,585.2,0.0,0.0,0.0,0.0
17942,587.7,0.0,0.0,0.0,0.0
17943,767.9,0.0,0.0,0.0,0.0
17944,730.5,0.0,0.0,0.0,0.0
17945,787.7,0.0,0.0,0.0,0.0
17946,827.4,0.0,0.0,0.0,0.0
17947,730.1,0.0,0.0,0.0,0.0
17948,699.8,0.0,0.0,0.0,0.0
17949,678.8,0.0,0.0,0.0,0.0
17950,545.8,0.0,0.0,0.0,0.0
17951,591.3,0.0,0.0,0.0,0.0
17952,568.5,0.0,0.0,0.0,0.0
17953,529.5,0.0,0.0,0.0,0.0
17954,709.2,0.0,0.0,0.0,0.0
17955,722.5,0.0,0.0,0.0,0.0
17956,742.5,0.0,0.0,0.0,0.0
17957,706.6,0.0,0.0,0.0,0.0
17958,766.4,0.0,0.0,0.0,0.0
17959,700.5,0.0,0.0,0.0,0.0
17960,748.1,0.0,0.0,0.0,0.0
17961,747.1,0.0,0.0,0.0,0.0
17962,848.6,0.0,0.0,0.0,0.0
17963,813.0,0.0,0.0,0.0,0.0
17964,814.7,0.0,0.0,0.0,0.0
17965,768.1,0.0,0.0,0.0,0.0
17966,767.9,0.0,0.0,0.0,0.0
17967,803.9,0.0,0.0,0.0,0.0
17968,690.8,0.0,0.0,0.0,0.0
17969,575.4,0.0,0.0,0.0,0.0
17970,519.7,0.0,0.0,0.0,0.0
17971,387.3,0.0,0.0,0.0,0.0
17972,337.7,0.0,0.0,0.0,0.0
17973,336.1,0.0,0.0,0.0,0.0
17974,308.5,0.0,0.0,0.0,0.0
17975,277.4,0.0,0.0,0.0,0.0
17976,236.4,0.0,0.0,0.0,0.0
17977,180.8,0.0,0.0,0.0,0.0
17978,170.6,0.0,0.0,0.0,0.0
17979,121.6,0.0,0.0,0.0,0.0
17980,126.8,0.0,0.0,0.0,0.0
17981,85.2,0.0,0.0,0.0,0.0
17982,76.4,0.0,0.0,0.0,0.0
17983,85.8,0.0,0.0,0.0,0.0
17984,101.8,0.0,0.0,0.0,0.0
17985,86.4,0.0,0.0,0.0,0.0
17986,104.7,0.0,0.0,0.0,0.0
17987,105.2,0.0,0.0,0.0,0.0
17988,108.8,0.0,0.0,0.0,0.0
17989,113.1,0.0,0.0,0.0,0.0
17990,158.4,0.0,0.0,0.0,0.0
17991,158.4,0.0,0.0,0.0,0.0
17992,154.0,0.0,0.0,0.0,0.0
17993,143.6,0.0,0.0,0.0,0.0
17994,145.8,0.0,0.0,0.0,0.0
17995,170.8,0.0,0.0,0.0,0.0
17996,137.2,0.0,0.0,0.0,0.0
17997,182.5,0.0,0.0,0.0,0.0
17998,158.0,0.0,0.0,0.0,0.0
17999,183.1,0.0,0.0,0.0,0.0
18000,237.1,0.0,0.0,0.0,0.0
18001,216.3,0.0,0.0,0.0,0.0
18002,238.6,0.0,0.0,0.0,0.0
18003,233.1,0.0,0.0,0.0,0.0
18004,222.2,0.0,0.0,0.0,0.0
18005,192.8,0.0,0.0,0.0,0.0
18006,229.4,0.0,0.0,0.0,0.0
18007,188.0,0.0,0.0,0.0,0.0
18008,182.5,0.0,0.0,0.0,0.0
18009,189.7,0.0,0.0,0.0,0.0
18010,191.0,0.0,0.0,0.0,0.0
18011,178.7,0.0,0.0,0.0,0.0
18012,175.3,0.0,0.0,0.0,0.0
18013,198.2,0.0,0.0,0.0,0.0
18014,184.3,0.0,0.0,0.0,0.0
18015,220.9,0.0,0.0,0.0,0.0
18016,227.0,0.0,0.0,0.0,0.0
18017,238.6,0.0,0.0,0.0,0.0
18018,233.4,0.0,0.0,0.0,0.0
18019,234.4,0.0,0.0,0.0,0.0
18020,240.6,0.0,0.0,0.0,0.0
18021,231.3,0.0,0.0,0.0,0.0
18022,239.1,0.0,0.0,0.0,0.0
18023,257.6,0.0,0.0,0.0,0.0
18024,270.0,0.0,0.0,0.0,0.0
18025,251.2,0.0,0.0,0.0,0.0
18026,267.2,0.0,0.0,0.0,0.0
18027,269.8,0.0,0.0,0.0,0.0
18028,289.2,0.0,0.0,0.0,0.0
18029,293.7,0.0,0.0,0.0,0.0
18030,280.2,0.0,0.0,0.0,0.0
18031,269.0,0.0,0.0,0.0,0.0
18032,268.2,0.0,0.0,0.0,0.0
18033,250.4,0.0,0.0,0.0,0.0
18034,245.3,0.0,0.0,0.0,0.0
18035,221.1,0.0,0.0,0.0,0.0
18036,225.3,0.0,0.0,0.0,0.0
18037,224.1,0.0,0.0,0.0,0.0
18038,271.9,0.0,0.0,0.0,0.0
18039,289.9,0.0,0.0,0.0,0.0
18040,274.0,0.0,0.0,0.0,0.0
18041,241.7,0.0,0.0,0.0,0.0
18042,260.6,0.0,0.0,0.0,0.0
18043,257.0,0.0,0.0,0.0,0.0
18044,269.4,0.0,0.0,0.0,0.0
18045,248.7,0.0,0.0,0.0,0.0
18046,274.3,0.0,0.0,0.0,0.0
18047,289.9,0.0,0.0,0.0,0.0
18048,253.6,0.0,0.0,0.0,0.0
18049,255.5,0.0,0.0,0.0,0.0
18050,264.1,0.0,0.0,0.0,0.0
18051,255.9,0.0,0.0,0.0,0.0
18052,254.6,0.0,0.0,0.0,0.0
18053,250.3,0.0,0.0,0.0,0.0
18054,235.4,0.0,0.0,0.0,0.0
18055,240.1,0.0,0.0,0.0,0.0
18056,236.5,0.0,0.0,0.0,0.0
18057,241.0,0.0,0.0,0.0,0.0
18058,240.6,0.0,0.0,0.0,0.0
18059,235.4,0.0,0.0,0.0,0.0
18060,230.0,0.0,0.0,0.0,0.0
18061,243.5,0.0,0.0,0.0,0.0
18062,247.8,0.0,0.0,0.0,0.0
18063,263.8,0.0,0.0,0.0,0.0
18064,260.8,0.0,0.0,0.0,0.0
18065,251.0,0.0,0.0,0.0,0.0
18066,269.4,0.0,0.0,0.0,0.0
18067,230.7,0.0,0.0,0.0,0.0
18068,282.1,0.0,0.0,0.0,0.0
18069,303.9,0.0,0.0,0.0,0.0
18070,288.1,0.0,0.0,0.0,0.0
18071,302.6,0.0,0.0,0.0,0.0
18072,319.6,0.0,0.0,0.0,0.0
18073,315.1,0.0,0.0,0.0,0.0
18074,311.1,0.0,0.0,0.0,0.0
18075,351.2,0.0,0.0,0.0,0.0
18076,337.8,0.0,0.0,0.0,0.0
18077,325.7,0.0,0.0,0.0,0.0
18078,296.3,0.0,0.0,0.0,0.0
18079,307.9,0.0,0.0,0.0,0.0
18080,328.6,0.0,0.0,0.0,0.0
18081,327.2,0.0,0.0,0.0,0.0
18082,314.0,0.0,0.0,0.0,0.0
18083,305.8,0.0,0.0,0.0,0.0
18084,309.5,0.0,0.0,0.0,0.0
18085,338.8,0.0,0.0,0.0,0.0
18086,316.4,0.0,0.0,0.0,0.0
18087,316.4,0.0,0.0,0.0,0.0
18088,317.7,0.0,0.0,0.0,0.0
18089,299.6,0.0,0.0,0.0,0.0
18090,323.2,0.0,0.0,0.0,0.0
18091,344.1,0.0,0.0,0.0,0.0
18092,313.9,0.0,0.0,0.0,0.0
18093,328.8,0.0,0.0,0.0,0.0
18094,326.4,0.0,0.0,0.0,0.0
18095,302.5,0.0,0.0,0.0,0.0
18096,322.9,0.0,0.0,0.0,0.0
18097,299.3,0.0,0.0,0.0,0.0
18098,322.6,0.0,0.0,0.0,0.0
18099,312.1,0.0,0.0,0.0,0.0
18100,313.2,0.0,0.0,0.0,0.0
18101,306.7,0.0,0.0,0.0,0.0
18102,313.7,0.0,0.0,0.0,0.0
18103,301.2,0.0,0.0,0.0,0.0
18104,312.6,0.0,0.0,0.0,0.0
18105,316.6,0.0,0.0,0.0,0.0
18106,334.3,0.0,0.0,0.0,0.0
18107,334.4,0.0,0.0,0.0,0.0
18108,296.2,0.0,0.0,0.0,0.0
18109,322.7,0.0,0.0,0.0,0.0
18110,324.4,0.0,0.0,0.0,0.0
18111,306.6,0.0,0.0,0.0,0.0
18112,328.7,0.0,0.0,0.0,0.0
18113,283.3,0.0,0.0,0.0,0.0
18114,272.7,0.0,0.0,0.0,0.0
18115,272.7,0.0,0.0,0.0,0.0
18116,258.0,0.0,0.0,0.0,0.0
18117,251.2,0.0,0.0,0.0,0.0
18118,233.7,0.0,0.0,0.0,0.0
18119,223.7,0.0,0.0,0.0,0.0
18120,249.0,0.0,0.0,0.0,0.0
18121,239.7,0.0,0.0,0.0,0.0
18122,214.5,0.0,0.0,0.0,0.0
18123,247.6,0.0,0.0,0.0,0.0
18124,247.6,0.0,0.0,0.0,0.0
18125,220.1,0.0,0.0,0.0,0.0
18126,241.1,0.0,0.0,0.0,0.0
18127,220.4,0.0,0.0,0.0,0.0
18128,244.1,0.0,0.0,0.0,0.0
18129,238.9,0.0,0.0,0.0,0.0
18130,240.1,0.0,0.0,0.0,0.0
18131,237.9,0.0,0.0,0.0,0.0
18132,234.5,0.0,0.0,0.0,0.0
18133,250.4,0.0,0.0,0.0,0.0
18134,237.7,0.0,0.0,0.0,0.0
18135,234.6,0.0,0.0,0.0,0.0
18136,237.3,0.0,0.0,0.0,0.0
18137,235.8,0.0,0.0,0.0,0.0
18138,234.1,0.0,0.0,0.0,0.0
18139,238.5,0.0,0.0,0.0,0.0
18140,230.7,0.0,0.0,0.0,0.0
18141,222.7,0.0,0.0,0.0,0.0
18142,218.4,0.0,0.0,0.0,0.0
18143,214.9,0.0,0.0,0.0,0.0
18144,197.7,0.0,0.0,0.0,0.0
18145,211.4,0.0,0.0,0.0,0.0
18146,214.7,0.0,0.0,0.0,0.0
18147,202.8,0.0,0.0,0.0,0.0
18148,187.6,0.0,0.0,0.0,0.0
18149,194.4,0.0,0.0,0.0,0.0
18150,194.4,0.0,0.0,0.0,0.0
18151,184.9,0.0,0.0,0.0,0.0
18152,185.2,0.0,0.0,0.0,0.0
18153,179.8,0.0,0.0,0.0,0.0
18154,162.4,0.0,0.0,0.0,0.0
18155,181.6,0.0,0.0,0.0,0.0
18156,177.6,0.0,0.0,0.0,0.0
18157,170.7,0.0,0.0,0.0,0.0
18158,168.9,0.0,0.0,0.0,0.0
18159,177.4,0.0,0.0,0.0,0.0
18160,165.4,0.0,0.0,0.0,0.0
18161,167.8,0.0,0.0,0.0,0.0
18162,155.2,0.0,0.0,0.0,0.0
18163,117.2,0.0,0.0,0.0,0.0
18164,182.9,0.0,0.0,0.0,0.0
18165,157.9,0.0,0.0,0.0,0.0
18166,132.4,0.0,0.0,0.0,0.0
18167,184.3,0.0,0.0,0.0,0.0
18168,134.5,0.0,0.0,0.0,0.0
18169,133.6,0.0,0.0,0.0,0.0
18170,135.8,0.0,0.0,0.0,0.0
18171,142.0,0.0,0.0,0.0,0.0
18172,156.3,0.0,0.0,0.0,0.0
18173,161.0,0.0,0.0,0.0,0.0
18174,170.0,0.0,0.0,0.0,0.0
18175,178.3,0.0,0.0,0.0,0.0
18176,140.2,0.0,0.0,0.0,0.0
18177,142.9,0.0,0.0,0.0,0.0
18178,157.7,0.0,0.0,0.0,0.0
18179,156.9,0.0,0.0,0.0,0.0
18180,153.5,0.0,0.0,0.0,0.0
18181,156.7,0.0,0.0,0.0,0.0
18182,162.5,0.0,0.0,0.0,0.0
18183,160.8,0.0,0.0,0.0,0.0
18184,156.9,0.0,0.0,0.0,0.0
18185,153.4,0.0,0.0,0.0,0.0
18186,169.2,0.0,0.0,0.0,0.0
18187,163.9,0.0,0.0,0.0,0.0
18188,160.3,0.0,0.0,0.0,0.0
18189,162.6,0.0,0.0,0.0,0.0
18190,161.8,0.0,0.0,0.0,0.0
18191,161.8,0.0,0.0,0.0,0.0
18192,141.3,0.0,0.0,0.0,0.0
18193,153.9,0.0,0.0,0.0,0.0
18194,155.1,0.0,0.0,0.0,0.0
18195,184.9,0.0,0.0,0.0,0.0
18196,140.5,0.0,0.0,0.0,0.0
18197,152.2,0.0,0.0,0.0,0.0
18198,156.7,0.0,0.0,0.0,0.0
18199,156.8,0.0,0.0,0.0,0.0
18200,155.4,0.0,0.0,0.0,0.0
18201,165.2,0.0,0.0,0.0,0.0
18202,145.2,0.0,0.0,0.0,0.0
18203,155.9,0.0,0.0,0.0,0.0
18204,154.5,0.0,0.0,0.0,0.0
18205,180.8,0.0,0.0,0.0,0.0
18206,161.9,0.0,0.0,0.0,0.0
18207,173.7,0.0,0.0,0.0,0.0
18208,157.9,0.0,0.0,0.0,0.0
18209,164.2,0.0,0.0,0.0,0.0
18210,157.9,0.0,0.0,0.0,0.0
18211,146.3,0.0,0.0,0.0,0.0
18212,178.6,0.0,0.0,0.0,0.0
18213,162.2,0.0,0.0,0.0,0.0
18214,154.5,0.0,0.0,0.0,0.0
18215,159.5,0.0,0.0,0.0,0.0
18216,168.6,0.0,0.0,0.0,0.0
18217,179.3,0.0,0.0,0.0,0.0
18218,183.2,0.0,0.0,0.0,0.0
18219,184.2,0.0,0.0,0.0,0.0
18220,171.6,0.0,0.0,0.0,0.0
18221,142.6,0.0,0.0,0.0,0.0
18222,149.8,0.0,0.0,0.0,0.0
18223,139.7,0.0,0.0,0.0,0.0
18224,144.3,0.0,0.0,0.0,0.0
18225,143.1,0.0,0.0,0.0,0.0
18226,165.8,0.0,0.0,0.0,0.0
18227,150.9,0.0,0.0,0.0,0.0
18228,174.9,0.0,0.0,0.0,0.0
18229,176.8,0.0,0.0,0.0,0.0
18230,189.9,0.0,0.0,0.0,0.0
18231,169.9,0.0,0.0,0.0,0.0
18232,153.8,0.0,0.0,0.0,0.0
18233,190.8,0.0,0.0,0.0,0.0
18234,210.3,0.0,0.0,0.0,0.0
18235,210.2,0.0,0.0,0.0,0.0
18236,198.3,0.0,0.0,0.0,0.0
18237,220.0,0.0,0.0,0.0,0.0
18238,189.3,0.0,0.0,0.0,0.0
18239,190.9,0.0,0.0,0.0,0.0
18240,182.2,0.0,0.0,0.0,0.0
18241,182.2,0.0,0.0,0.0,0.0
18242,184.9,0.0,0.0,0.0,0.0
18243,189.4,0.0,0.0,0.0,0.0
18244,200.2,0.0,0.0,0.0,0.0
18245,169.6,0.0,0.0,0.0,0.0
18246,173.0,0.0,0.0,0.0,0.0
18247,171.2,0.0,0.0,0.0,0.0
18248,163.6,0.0,0.0,0.0,0.0
18249,160.2,0.0,0.0,0.0,0.0
18250,155.8,0.0,0.0,0.0,0.0
18251,177.0,0.0,0.0,0.0,0.0
18252,161.2,0.0,0.0,0.0,0.0
18253,161.4,0.0,0.0,0.0,0.0
18254,163.3,0.0,0.0,0.0,0.0
18255,163.8,0.0,0.0,0.0,0.0
18256,164.4,0.0,0.0,0.0,0.0
18257,152.8,0.0,0.0,0.0,0.0
18258,157.8,0.0,0.0,0.0,0.0
18259,135.9,0.0,0.0,0.0,0.0
18260,148.1,0.0,0.0,0.0,0.0
18261,178.6,0.0,0.0,0.0,0.0
18262,121.1,0.0,0.0,0.0,0.0
18263,139.8,0.0,0.0,0.0,0.0
18264,142.2,0.0,0.0,0.0,0.0
18265,138.3,0.0,0.0,0.0,0.0
18266,143.3,0.0,0.0,0.0,0.0
18267,142.5,0.0,0.0,0.0,0.0
18268,134.8,0.0,0.0,0.0,0.0
18269,131.9,0.0,0.0,0.0,0.0
18270,132.3,0.0,0.0,0.0,0.0
18271,129.1,0.0,0.0,0.0,0.0
18272,132.1,0.0,0.0,0.0,0.0
18273,126.0,0.0,0.0,0.0,0.0
18274,105.2,0.0,0.0,0.0,0.0
18275,123.1,0.0,0.0,0.0,0.0
18276,80.8,0.0,0.0,0.0,0.0
18277,80.8,0.0,0.0,0.0,0.0
18278,21.7,0.0,0.0,0.0,0.0
18279,92.0,0.0,0.0,0.0,0.0
18280,115.8,0.0,0.0,0.0,0.0
18281,61.2,0.0,0.0,0.0,0.0
18282,69.5,0.0,0.0,0.0,0.0
18283,57.2,0.0,0.0,0.0,0.0
18284,117.5,0.0,0.0,0.0,0.0
18285,122.7,0.0,0.0,0.0,0.0
18286,126.5,0.0,0.0,0.0,0.0
18287,247.1,0.0,0.0,0.0,0.0
18288,332.3,0.0,0.0,0.0,0.0
18289,372.0,0.0,0.0,0.0,0.0
18290,349.5,0.0,0.0,0.0,0.0
18291,517.4,0.0,0.0,0.0,0.0
18292,476.6,0.0,0.0,0.0,0.0
18293,444.1,0.0,0.0,0.0,0.0
18294,452.3,0.0,0.0,0.0,0.0
18295,347.8,0.0,0.0,0.0,0.0
18296,277.7,0.0,0.0,0.0,0.0
18297,307.1,0.0,0.0,0.0,0.0
18298,279.2,0.0,0.0,0.0,0.0
18299,187.7,0.0,0.0,0.0,0.0
18300,213.4,0.0,0.0,0.0,0.0
18301,294.1,0.0,0.0,0.0,0.0
18302,418.5,0.0,0.0,0.0,0.0
18303,377.2,0.0,0.0,0.0,0.0
18304,410.7,0.0,0.0,0.0,0.0
18305,472.2,0.0,0.0,0.0,0.0
18306,434.1,0.0,0.0,0.0,0.0
18307,447.8,0.0,0.0,0.0,0.0
18308,961.1,0.0,0.0,0.0,0.0
18309,1004.6,0.0,0.0,0.0,0.0
18310,1029.1,0.0,0.0,0.0,0.0
18311,1064.3,0.0,0.0,0.0,0.0
18312,1158.7,0.0,0.0,0.0,0.0
18313,1029.0,0.0,0.0,0.0,0.0
18314,1008.6,0.0,0.0,0.0,0.0
18315,890.2,0.0,0.0,0.0,0.0
18316,883.2,0.0,0.0,0.0,0.0
18317,957.7,0.0,0.0,0.0,0.0
18318,1070.3,0.0,0.0,0.0,0.0
18319,838.3,0.0,0.0,0.0,0.0
18320,885.7,0.0,0.0,0.0,0.0
18321,1013.6,0.0,0.0,0.0,0.0
18322,1115.9,0.0,0.0,0.0,0.0
18323,1281.3,0.0,0.0,0.0,0.0
18324,1357.2,0.0,0.0,0.0,0.0
18325,1418.4,0.0,0.0,0.0,0.0
18326,1373.9,0.0,0.0,0.0,0.0
18327,1185.8,0.0,0.0,0.0,0.0
18328,972.7,0.0,0.0,0.0,0.0
18329,1018.1,0.0,0.0,0.0,0.0
18330,998.3,0.0,0.0,0.0,0.0
18331,929.3,0.0,0.0,0.0,0.0
18332,1010.9,0.0,0.0,0.0,0.0
18333,820.2,0.0,0.0,0.0,0.0
18334,729.9,0.0,0.0,0.0,0.0
18335,605.7,0.0,0.0,0.0,0.0
18336,548.4,0.0,0.0,0.0,0.0
18337,429.7,0.0,0.0,0.0,0.0
18338,370.0,0.0,0.0,0.0,0.0
18339,249.3,0.0,0.0,0.0,0.0
18340,199.9,0.0,0.0,0.0,0.0
18341,197.4,0.0,0.0,0.0,0.0
18342,221.6,0.0,0.0,0.0,0.0
18343,210.2,0.0,0.0,0.0,0.0
18344,173.2,0.0,0.0,0.0,0.0
18345,128.9,0.0,0.0,0.0,0.0
18346,88.9,0.0,0.0,0.0,0.0
18347,85.1,0.0,0.0,0.0,0.0
18348,76.5,0.0,0.0,0.0,0.0
18349,69.4,0.0,0.0,0.0,0.0
18350,95.2,0.0,0.0,0.0,0.0
18351,90.5,0.0,0.0,0.0,0.0
18352,82.4,0.0,0.0,0.0,0.0
18353,111.9,0.0,0.0,0.0,0.0
18354,93.6,0.0,0.0,0.0,0.0
18355,67.1,0.0,0.0,0.0,0.0
18356,59.4,0.0,0.0,0.0,0.0
18357,85.0,0.0,0.0,0.0,0.0
18358,45.3,0.0,0.0,0.0,0.0
18359,74.3,0.0,0.0,0.0,0.0
18360,91.8,0.0,0.0,0.0,0.0
18361,95.1,0.0,0.0,0.0,0.0
18362,216.9,0.0,0.0,0.0,0.0
18363,246.9,0.0,0.0,0.0,0.0
18364,247.8,0.0,0.0,0.0,0.0
18365,235.4,0.0,0.0,0.0,0.0
18366,250.2,0.0,0.0,0.0,0.0
18367,231.5,0.0,0.0,0.0,0.0
18368,225.8,0.0,0.0,0.0,0.0
18369,221.7,0.0,0.0,0.0,0.0
18370,126.4,0.0,0.0,0.0,0.0
18371,123.9,0.0,0.0,0.0,0.0
18372,112.4,0.0,0.0,0.0,0.0
18373,188.6,0.0,0.0,0.0,0.0
18374,204.1,0.0,0.0,0.0,0.0
18375,220.7,0.0,0.0,0.0,0.0
18376,215.7,0.0,0.0,0.0,0.0
18377,221.6,0.0,0.0,0.0,0.0
18378,226.5,0.0,0.0,0.0,0.0
18379,231.5,0.0,0.0,0.0,0.0
18380,159.0,0.0,0.0,0.0,0.0
18381,195.5,0.0,0.0,0.0,0.0
18382,220.0,0.0,0.0,0.0,0.0
18383,210.3,0.0,0.0,0.0,0.0
18384,221.1,0.0,0.0,0.0,0.0
18385,239.5,0.0,0.0,0.0,0.0
18386,279.2,0.0,0.0,0.0,0.0
18387,273.7,0.0,0.0,0.0,0.0
18388,290.3,0.0,0.0,0.0,0.0
18389,272.9,0.0,0.0,0.0,0.0
18390,240.0,0.0,0.0,0.0,0.0
18391,198.9,0.0,0.0,0.0,0.0
18392,220.3,0.0,0.0,0.0,0.0
18393,223.7,0.0,0.0,0.0,0.0
18394,189.3,0.0,0.0,0.0,0.0
18395,200.0,0.0,0.0,0.0,0.0
18396,184.4,0.0,0.0,0.0,0.0
18397,190.2,0.0,0.0,0.0,0.0
18398,207.7,0.0,0.0,0.0,0.0
18399,167.7,0.0,0.0,0.0,0.0
18400,183.3,0.0,0.0,0.0,0.0
18401,167.1,0.0,0.0,0.0,0.0
18402,225.8,0.0,0.0,0.0,0.0
18403,312.9,0.0,0.0,0.0,0.0
18404,314.1,0.0,0.0,0.0,0.0
18405,292.6,0.0,0.0,0.0,0.0
18406,295.9,0.0,0.0,0.0,0.0
18407,316.8,0.0,0.0,0.0,0.0
18408,282.8,0.0,0.0,0.0,0.0
18409,266.1,0.0,0.0,0.0,0.0
18410,281.2,0.0,0.0,0.0,0.0
18411,288.4,0.0,0.0,0.0,0.0
18412,270.2,0.0,0.0,0.0,0.0
18413,252.6,0.0,0.0,0.0,0.0
18414,261.0,0.0,0.0,0.0,0.0
18415,262.5,0.0,0.0,0.0,0.0
18416,258.9,0.0,0.0,0.0,0.0
18417,263.0,0.0,0.0,0.0,0.0
18418,244.1,0.0,0.0,0.0,0.0
18419,226.8,0.0,0.0,0.0,0.0
18420,241.7,0.0,0.0,0.0,0.0
18421,205.9,0.0,0.0,0.0,0.0
18422,208.0,0.0,0.0,0.0,0.0
18423,209.8,0.0,0.0,0.0,0.0
18424,211.8,0.0,0.0,0.0,0.0
18425,235.4,0.0,0.0,0.0,0.0
18426,302.0,0.0,0.0,0.0,0.0
18427,329.6,0.0,0.0,0.0,0.0
18428,334.3,0.0,0.0,0.0,0.0
18429,361.3,0.0,0.0,0.0,0.0
18430,381.6,0.0,0.0,0.0,0.0
18431,331.6,0.0,0.0,0.0,0.0
18432,318.7,0.0,0.0,0.0,0.0
18433,315.8,0.0,0.0,0.0,0.0
18434,339.4,0.0,0.0,0.0,0.0
18435,339.0,0.0,0.0,0.0,0.0
18436,324.7,0.0,0.0,0.0,0.0
18437,317.8,0.0,0.0,0.0,0.0
18438,329.3,0.0,0.0,0.0,0.0
18439,332.1,0.0,0.0,0.0,0.0
18440,343.3,0.0,0.0,0.0,0.0
18441,322.0,0.0,0.0,0.0,0.0
18442,348.9,0.0,0.0,0.0,0.0
18443,337.5,0.0,0.0,0.0,0.0
18444,359.5,0.0,0.0,0.0,0.0
18445,350.0,0.0,0.0,0.0,0.0
18446,346.4,0.0,0.0,0.0,0.0
18447,335.5,0.0,0.0,0.0,0.0
18448,349.8,0.0,0.0,0.0,0.0
18449,358.2,0.0,0.0,0.0,0.0
18450,373.1,0.0,0.0,0.0,0.0
18451,354.5,0.0,0.0,0.0,0.0
18452,369.3,0.0,0.0,0.0,0.0
18453,360.5,0.0,0.0,0.0,0.0
18454,349.8,0.0,0.0,0.0,0.0
18455,350.3,0.0,0.0,0.0,0.0
18456,355.2,0.0,0.0,0.0,0.0
18457,376.7,0.0,0.0,0.0,0.0
18458,343.9,0.0,0.0,0.0,0.0
18459,390.1,0.0,0.0,0.0,0.0
18460,366.7,0.0,0.0,0.0,0.0
18461,357.8,0.0,0.0,0.0,0.0
18462,356.3,0.0,0.0,0.0,0.0
18463,355.3,0.0,0.0,0.0,0.0
18464,358.9,0.0,0.0,0.0,0.0
18465,350.6,0.0,0.0,0.0,0.0
18466,376.1,0.0,0.0,0.0,0.0
18467,375.0,0.0,0.0,0.0,0.0
18468,368.5,0.0,0.0,0.0,0.0
18469,350.3,0.0,0.0,0.0,0.0
18470,358.2,0.0,0.0,0.0,0.0
18471,351.7,0.0,0.0,0.0,0.0
18472,400.0,0.0,0.0,0.0,0.0
18473,338.6,0.0,0.0,0.0,0.0
18474,359.9,0.0,0.0,0.0,0.0
18475,360.9,0.0,0.0,0.0,0.0
18476,357.4,0.0,0.0,0.0,0.0
18477,350.4,0.0,0.0,0.0,0.0
18478,344.0,0.0,0.0,0.0,0.0
18479,327.0,0.0,0.0,0.0,0.0
18480,344.3,0.0,0.0,0.0,0.0
18481,334.5,0.0,0.0,0.0,0.0
18482,328.9,0.0,0.0,0.0,0.0
18483,261.3,0.0,0.0,0.0,0.0
18484,264.0,0.0,0.0,0.0,0.0
18485,260.7,0.0,0.0,0.0,0.0
18486,261.1,0.0,0.0,0.0,0.0
18487,255.6,0.0,0.0,0.0,0.0
18488,249.3,0.0,0.0,0.0,0.0
18489,274.9,0.0,0.0,0.0,0.0
18490,254.1,0.0,0.0,0.0,0.0
18491,214.2,0.0,0.0,0.0,0.0
18492,212.9,0.0,0.0,0.0,0.0
18493,186.3,0.0,0.0,0.0,0.0
18494,213.4,0.0,0.0,0.0,0.0
18495,219.5,0.0,0.0,0.0,0.0
18496,211.3,0.0,0.0,0.0,0.0
18497,209.7,0.0,0.0,0.0,0.0
18498,197.6,0.0,0.0,0.0,0.0
18499,176.9,0.0,0.0,0.0,0.0
18500,170.5,0.0,0.0,0.0,0.0
18501,169.3,0.0,0.0,0.0,0.0
18502,193.2,0.0,0.0,0.0,0.0
18503,217.3,0.0,0.0,0.0,0.0
18504,177.8,0.0,0.0,0.0,0.0
18505,175.5,0.0,0.0,0.0,0.0
18506,163.5,0.0,0.0,0.0,0.0
18507,140.9,0.0,0.0,0.0,0.0
18508,123.0,0.0,0.0,0.0,0.0
18509,96.9,0.0,0.0,0.0,0.0
18510,130.4,0.0,0.0,0.0,0.0
18511,132.8,0.0,0.0,0.0,0.0
18512,139.3,0.0,0.0,0.0,0.0
18513,134.3,0.0,0.0,0.0,0.0
18514,178.4,0.0,0.0,0.0,0.0
18515,153.0,0.0,0.0,0.0,0.0
18516,155.6,0.0,0.0,0.0,0.0
18517,144.8,0.0,0.0,0.0,0.0
18518,147.4,0.0,0.0,0.0,0.0
18519,160.3,0.0,0.0,0.0,0.0
18520,172.9,0.0,0.0,0.0,0.0
18521,135.5,0.0,0.0,0.0,0.0
18522,158.2,0.0,0.0,0.0,0.0
18523,161.4,0.0,0.0,0.0,0.0
18524,190.0,0.0,0.0,0.0,0.0
18525,204.3,0.0,0.0,0.0,0.0
18526,230.3,0.0,0.0,0.0,0.0
18527,191.5,0.0,0.0,0.0,0.0
18528,178.5,0.0,0.0,0.0,0.0
18529,172.8,0.0,0.0,0.0,0.0
18530,189.9,0.0,0.0,0.0,0.0
18531,182.0,0.0,0.0,0.0,0.0
18532,152.5,0.0,0.0,0.0,0.0
18533,98.9,0.0,0.0,0.0,0.0
18534,95.7,0.0,0.0,0.0,0.0
18535,136.7,0.0,0.0,0.0,0.0
18536,154.0,0.0,0.0,0.0,0.0
18537,152.8,0.0,0.0,0.0,0.0
18538,153.6,0.0,0.0,0.0,0.0
18539,152.6,0.0,0.0,0.0,0.0
18540,158.8,0.0,0.0,0.0,0.0
18541,172.1,0.0,0.0,0.0,0.0
18542,157.7,0.0,0.0,0.0,0.0
18543,156.0,0.0,0.0,0.0,0.0
18544,149.4,0.0,0.0,0.0,0.0
18545,149.5,0.0,0.0,0.0,0.0
18546,144.9,0.0,0.0,0.0,0.0
18547,156.6,0.0,0.0,0.0,0.0
18548,136.0,0.0,0.0,0.0,0.0
18549,143.4,0.0,0.0,0.0,0.0
18550,171.7,0.0,0.0,0.0,0.0
18551,176.2,0.0,0.0,0.0,0.0
18552,176.1,0.0,0.0,0.0,0.0
18553,181.7,0.0,0.0,0.0,0.0
18554,172.4,0.0,0.0,0.0,0.0
18555,160.3,0.0,0.0,0.0,0.0
18556,155.4,0.0,0.0,0.0,0.0
18557,164.6,0.0,0.0,0.0,0.0
18558,136.4,0.0,0.0,0.0,0.0
18559,153.6,0.0,0.0,0.0,0.0
18560,153.5,0.0,0.0,0.0,0.0
18561,144.7,0.0,0.0,0.0,0.0
18562,145.4,0.0,0.0,0.0,0.0
18563,153.8,0.0,0.0,0.0,0.0
18564,132.1,0.0,0.0,0.0,0.0
18565,170.0,0.0,0.0,0.0,0.0
18566,137.7,0.0,0.0,0.0,0.0
18567,157.4,0.0,0.0,0.0,0.0
18568,137.3,0.0,0.0,0.0,0.0
18569,146.6,0.0,0.0,0.0,0.0
18570,151.1,0.0,0.0,0.0,0.0
18571,144.8,0.0,0.0,0.0,0.0
18572,152.3,0.0,0.0,0.0,0.0
18573,156.6,0.0,0.0,0.0,0.0
18574,155.6,0.0,0.0,0.0,0.0
18575,158.6,0.0,0.0,0.0,0.0
18576,158.7,0.0,0.0,0.0,0.0
18577,167.0,0.0,0.0,0.0,0.0
18578,153.2,0.0,0.0,0.0,0.0
18579,164.5,0.0,0.0,0.0,0.0
18580,198.0,0.0,0.0,0.0,0.0
18581,162.2,0.0,0.0,0.0,0.0
18582,155.4,0.0,0.0,0.0,0.0
18583,169.6,0.0,0.0,0.0,0.0
18584,153.2,0.0,0.0,0.0,0.0
18585,148.3,0.0,0.0,0.0,0.0
18586,173.2,0.0,0.0,0.0,0.0
18587,132.4,0.0,0.0,0.0,0.0
18588,160.7,0.0,0.0,0.0,0.0
18589,156.0,0.0,0.0,0.0,0.0
18590,164.9,0.0,0.0,0.0,0.0
18591,161.5,0.0,0.0,0.0,0.0
18592,159.5,0.0,0.0,0.0,0.0
18593,130.5,0.0,0.0,0.0,0.0
18594,169.5,0.0,0.0,0.0,0.0
18595,158.1,0.0,0.0,0.0,0.0
18596,157.8,0.0,0.0,0.0,0.0
18597,167.0,0.0,0.0,0.0,0.0
18598,150.5,0.0,0.0,0.0,0.0
18599,152.4,0.0,0.0,0.0,0.0
18600,166.8,0.0,0.0,0.0,0.0
18601,173.7,0.0,0.0,0.0,0.0
18602,152.4,0.0,0.0,0.0,0.0
18603,156.2,0.0,0.0,0.0,0.0
18604,140.3,0.0,0.0,0.0,0.0
18605,170.7,0.0,0.0,0.0,0.0
18606,147.2,0.0,0.0,0.0,0.0
18607,140.2,0.0,0.0,0.0,0.0
18608,164.1,0.0,0.0,0.0,0.0
18609,144.2,0.0,0.0,0.0,0.0
18610,161.1,0.0,0.0,0.0,0.0
18611,120.4,0.0,0.0,0.0,0.0
18612,105.1,0.0,0.0,0.0,0.0
18613,120.9,0.0,0.0,0.0,0.0
18614,131.1,0.0,0.0,0.0,0.0
18615,131.4,0.0,0.0,0.0,0.0
18616,142.4,0.0,0.0,0.0,0.0
18617,136.9,0.0,0.0,0.0,0.0
18618,148.9,0.0,0.0,0.0,0.0
18619,111.7,0.0,0.0,0.0,0.0
18620,108.0,0.0,0.0,0.0,0.0
18621,100.8,0.0,0.0,0.0,0.0
18622,88.6,0.0,0.0,0.0,0.0
18623,100.9,0.0,0.0,0.0,0.0
18624,103.9,0.0,0.0,0.0,0.0
18625,120.4,0.0,0.0,0.0,0.0
18626,137.3,0.0,0.0,0.0,0.0
18627,134.5,0.0,0.0,0.0,0.0
18628,135.8,0.0,0.0,0.0,0.0
18629,140.9,0.0,0.0,0.0,0.0
18630,136.4,0.0,0.0,0.0,0.0
18631,131.3,0.0,0.0,0.0,0.0
18632,118.9,0.0,0.0,0.0,0.0
18633,117.5,0.0,0.0,0.0,0.0
18634,116.6,0.0,0.0,0.0,0.0
18635,119.1,0.0,0.0,0.0,0.0
18636,127.3,0.0,0.0,0.0,0.0
18637,123.9,0.0,0.0,0.0,0.0
18638,102.1,0.0,0.0,0.0,0.0
18639,92.6,0.0,0.0,0.0,0.0
18640,90.1,0.0,0.0,0.0,0.0
18641,91.4,0.0,0.0,0.0,0.0
18642,135.1,0.0,0.0,0.0,0.0
18643,110.7,0.0,0.0,0.0,0.0
18644,106.5,0.0,0.0,0.0,0.0
18645,124.3,0.0,0.0,0.0,0.0
18646,111.6,0.0,0.0,0.0,0.0
18647,88.5,0.0,0.0,0.0,0.0
18648,128.2,0.0,0.0,0.0,0.0
18649,117.0,0.0,0.0,0.0,0.0
18650,116.4,0.0,0.0,0.0,0.0
18651,95.8,0.0,0.0,0.0,0.0
18652,74.8,0.0,0.0,0.0,0.0
18653,58.3,0.0,0.0,0.0,0.0
18654,66.0,0.0,0.0,0.0,0.0
18655,48.9,0.0,0.0,0.0,0.0
18656,48.1,0.0,0.0,0.0,0.0
18657,68.8,0.0,0.0,0.0,0.0
18658,48.0,0.0,0.0,0.0,0.0
18659,74.5,0.0,0.0,0.0,0.0
18660,87.7,0.0,0.0,0.0,0.0
18661,90.0,0.0,0.0,0.0,0.0
18662,92.0,0.0,0.0,0.0,0.0
18663,97.9,0.0,0.0,0.0,0.0
18664,92.2,0.0,0.0,0.0,0.0
18665,87.6,0.0,0.0,0.0,0.0
18666,92.4,0.0,0.0,0.0,0.0
18667,87.3,0.0,0.0,0.0,0.0
18668,74.4,0.0,0.0,0.0,0.0
18669,16.7,0.0,0.0,0.0,0.0
18670,19.7,0.0,0.0,0.0,0.0
18671,18.2,0.0,0.0,0.0,0.0
18672,18.2,0.0,0.0,0.0,0.0
18673,47.0,0.0,0.0,0.0,0.0
18674,94.3,0.0,0.0,0.0,0.0
18675,68.7,0.0,0.0,0.0,0.0
18676,67.3,0.0,0.0,0.0,0.0
18677,91.1,0.0,0.0,0.0,0.0
18678,85.9,0.0,0.0,0.0,0.0
18679,19.2,0.0,0.0,0.0,0.0
18680,4.0,0.0,0.0,0.0,0.0
18681,12.9,0.0,0.0,0.0,0.0
18682,6.1,0.0,0.0,0.0,0.0
18683,22.1,0.0,0.0,0.0,0.0
18684,4.0,0.0,0.0,0.0,0.0
18685,26.7,0.0,0.0,0.0,0.0
18686,4.0,0.0,0.0,0.0,0.0
18687,55.5,0.0,0.0,0.0,0.0
18688,30.6,0.0,0.0,0.0,0.0
18689,34.1,0.0,0.0,0.0,0.0
18690,56.5,0.0,0.0,0.0,0.0
18691,44.0,0.0,0.0,0.0,0.0
18692,4.0,0.0,0.0,0.0,0.0
18693,4.0,0.0,0.0,0.0,0.0
18694,4.0,0.0,0.0,0.0,0.0
18695,4.0,0.0,0.0,0.0,0.0
18696,18.0,0.0,0.0,0.0,0.0
18697,88.2,0.0,0.0,0.0,0.0
18698,75.2,0.0,0.0,0.0,0.0
18699,135.1,0.0,0.0,0.0,0.0
18700,119.8,0.0,0.0,0.0,0.0
18701,141.5,0.0,0.0,0.0,0.0
18702,155.2,0.0,0.0,0.0,0.0
18703,147.6,0.0,0.0,0.0,0.0
18704,122.4,0.0,0.0,0.0,0.0
18705,128.2,0.0,0.0,0.0,0.0
18706,128.7,0.0,0.0,0.0,0.0
18707,116.3,0.0,0.0,0.0,0.0
18708,109.0,0.0,0.0,0.0,0.0
18709,75.5,0.0,0.0,0.0,0.0
18710,101.4,0.0,0.0,0.0,0.0
18711,107.4,0.0,0.0,0.0,0.0
18712,98.5,0.0,0.0,0.0,0.0
18713,81.5,0.0,0.0,0.0,0.0
18714,101.0,0.0,0.0,0.0,0.0
18715,85.1,0.0,0.0,0.0,0.0
18716,115.3,0.0,0.0,0.0,0.0
18717,115.8,0.0,0.0,0.0,0.0
18718,129.0,0.0,0.0,0.0,0.0
18719,115.9,0.0,0.0,0.0,0.0
18720,132.7,0.0,0.0,0.0,0.0
18721,162.7,0.0,0.0,0.0,0.0
18722,163.5,0.0,0.0,0.0,0.0
18723,165.6,0.0,0.0,0.0,0.0
18724,167.3,0.0,0.0,0.0,0.0
18725,170.4,0.0,0.0,0.0,0.0
18726,161.6,0.0,0.0,0.0,0.0
18727,153.8,0.0,0.0,0.0,0.0
18728,168.0,0.0,0.0,0.0,0.0
18729,158.6,0.0,0.0,0.0,0.0
18730,197.9,0.0,0.0,0.0,0.0
18731,150.0,0.0,0.0,0.0,0.0
18732,169.0,0.0,0.0,0.0,0.0
18733,165.8,0.0,0.0,0.0,0.0
18734,158.6,0.0,0.0,0.0,0.0
18735,169.7,0.0,0.0,0.0,0.0
18736,154.4,0.0,0.0,0.0,0.0
18737,167.6,0.0,0.0,0.0,0.0
18738,170.5,0.0,0.0,0.0,0.0
18739,160.5,0.0,0.0,0.0,0.0
18740,169.5,0.0,0.0,0.0,0.0
18741,114.8,0.0,0.0,0.0,0.0
18742,235.2,0.0,0.0,0.0,0.0
18743,194.9,0.0,0.0,0.0,0.0
18744,192.2,0.0,0.0,0.0,0.0
18745,193.4,0.0,0.0,0.0,0.0
18746,214.9,0.0,0.0,0.0,0.0
18747,202.5,0.0,0.0,0.0,0.0
18748,227.0,0.0,0.0,0.0,0.0
18749,222.8,0.0,0.0,0.0,0.0
18750,229.6,0.0,0.0,0.0,0.0
18751,231.9,0.0,0.0,0.0,0.0
18752,229.0,0.0,0.0,0.0,0.0
18753,214.6,0.0,0.0,0.0,0.0
18754,221.3,0.0,0.0,0.0,0.0
18755,253.2,0.0,0.0,0.0,0.0
18756,231.8,0.0,0.0,0.0,0.0
18757,237.9,0.0,0.0,0.0,0.0
18758,236.9,0.0,0.0,0.0,0.0
18759,253.5,0.0,0.0,0.0,0.0
18760,255.2,0.0,0.0,0.0,0.0
18761,256.3,0.0,0.0,0.0,0.0
18762,273.0,0.0,0.0,0.0,0.0
18763,308.3,0.0,0.0,0.0,0.0
18764,300.3,0.0,0.0,0.0,0.0
18765,287.2,0.0,0.0,0.0,0.0
18766,305.8,0.0,0.0,0.0,0.0
18767,300.2,0.0,0.0,0.0,0.0
18768,307.8,0.0,0.0,0.0,0.0
18769,315.5,0.0,0.0,0.0,0.0
18770,280.7,0.0,0.0,0.0,0.0
18771,285.6,0.0,0.0,0.0,0.0
18772,291.0,0.0,0.0,0.0,0.0
18773,242.3,0.0,0.0,0.0,0.0
18774,292.1,0.0,0.0,0.0,0.0
18775,324.7,0.0,0.0,0.0,0.0
18776,297.2,0.0,0.0,0.0,0.0
18777,294.3,0.0,0.0,0.0,0.0
18778,327.9,0.0,0.0,0.0,0.0
18779,304.0,0.0,0.0,0.0,0.0
18780,267.5,0.0,0.0,0.0,0.0
18781,281.5,0.0,0.0,0.0,0.0
18782,345.4,0.0,0.0,0.0,0.0
18783,287.9,0.0,0.0,0.0,0.0
18784,302.3,0.0,0.0,0.0,0.0
18785,331.2,0.0,0.0,0.0,0.0
18786,361.6,0.0,0.0,0.0,0.0
18787,349.6,0.0,0.0,0.0,0.0
18788,358.1,0.0,0.0,0.0,0.0
18789,372.0,0.0,0.0,0.0,0.0
18790,370.5,0.0,0.0,0.0,0.0
18791,386.2,0.0,0.0,0.0,0.0
18792,387.2,0.0,0.0,0.0,0.0
18793,375.4,0.0,0.0,0.0,0.0
18794,352.5,0.0,0.0,0.0,0.0
18795,370.4,0.0,0.0,0.0,0.0
18796,367.5,0.0,0.0,0.0,0.0
18797,406.9,0.0,0.0,0.0,0.0
18798,367.3,0.0,0.0,0.0,0.0
18799,362.6,0.0,0.0,0.0,0.0
18800,385.1,0.0,0.0,0.0,0.0
18801,406.9,0.0,0.0,0.0,0.0
18802,375.8,0.0,0.0,0.0,0.0
18803,370.1,0.0,0.0,0.0,0.0
18804,367.1,0.0,0.0,0.0,0.0
18805,370.0,0.0,0.0,0.0,0.0
18806,378.1,0.0,0.0,0.0,0.0
18807,345.2,0.0,0.0,0.0,0.0
18808,358.7,0.0,0.0,0.0,0.0
18809,389.9,0.0,0.0,0.0,0.0
18810,382.4,0.0,0.0,0.0,0.0
18811,376.0,0.0,0.0,0.0,0.0
18812,333.2,0.0,0.0,0.0,0.0
18813,351.3,0.0,0.0,0.0,0.0
18814,364.4,0.0,0.0,0.0,0.0
18815,396.3,0.0,0.0,0.0,0.0
18816,390.8,0.0,0.0,0.0,0.0
18817,385.4,0.0,0.0,0.0,0.0
18818,380.6,0.0,0.0,0.0,0.0
18819,378.9,0.0,0.0,0.0,0.0
18820,319.4,0.0,0.0,0.0,0.0
18821,372.7,0.0,0.0,0.0,0.0
18822,399.3,0.0,0.0,0.0,0.0
18823,400.1,0.0,0.0,0.0,0.0
18824,400.0,0.0,0.0,0.0,0.0
18825,385.2,0.0,0.0,0.0,0.0
18826,376.5,0.0,0.0,0.0,0.0
18827,345.9,0.0,0.0,0.0,0.0
18828,376.1,0.0,0.0,0.0,0.0
18829,370.8,0.0,0.0,0.0,0.0
18830,369.7,0.0,0.0,0.0,0.0
18831,371.4,0.0,0.0,0.0,0.0
18832,376.6,0.0,0.0,0.0,0.0
18833,323.3,0.0,0.0,0.0,0.0
18834,431.2,0.0,0.0,0.0,0.0
18835,380.6,0.0,0.0,0.0,0.0
18836,389.4,0.0,0.0,0.0,0.0
18837,396.2,0.0,0.0,0.0,0.0
18838,357.4,0.0,0.0,0.0,0.0
18839,346.7,0.0,0.0,0.0,0.0
18840,342.3,0.0,0.0,0.0,0.0
18841,321.8,0.0,0.0,0.0,0.0
18842,322.3,0.0,0.0,0.0,0.0
18843,328.0,0.0,0.0,0.0,0.0
18844,300.9,0.0,0.0,0.0,0.0
18845,311.0,0.0,0.0,0.0,0.0
18846,291.4,0.0,0.0,0.0,0.0
18847,308.1,0.0,0.0,0.0,0.0
18848,305.7,0.0,0.0,0.0,0.0
18849,259.8,0.0,0.0,0.0,0.0
18850,288.0,0.0,0.0,0.0,0.0
18851,272.6,0.0,0.0,0.0,0.0
18852,285.0,0.0,0.0,0.0,0.0
18853,268.8,0.0,0.0,0.0,0.0
18854,311.1,0.0,0.0,0.0,0.0
18855,298.0,0.0,0.0,0.0,0.0
18856,259.1,0.0,0.0,0.0,0.0
18857,235.4,0.0,0.0,0.0,0.0
18858,236.1,0.0,0.0,0.0,0.0
18859,223.3,0.0,0.0,0.0,0.0
18860,327.4,0.0,0.0,0.0,0.0
18861,207.6,0.0,0.0,0.0,0.0
18862,202.2,0.0,0.0,0.0,0.0
18863,191.7,0.0,0.0,0.0,0.0
18864,195.9,0.0,0.0,0.0,0.0
18865,218.5,0.0,0.0,0.0,0.0
18866,240.2,0.0,0.0,0.0,0.0
18867,214.1,0.0,0.0,0.0,0.0
18868,202.1,0.0,0.0,0.0,0.0
18869,194.2,0.0,0.0,0.0,0.0
18870,204.2,0.0,0.0,0.0,0.0
18871,211.2,0.0,0.0,0.0,0.0
18872,198.3,0.0,0.0,0.0,0.0
18873,200.3,0.0,0.0,0.0,0.0
18874,203.7,0.0,0.0,0.0,0.0
18875,216.9,0.0,0.0,0.0,0.0
18876,208.1,0.0,0.0,0.0,0.0
18877,207.7,0.0,0.0,0.0,0.0
18878,187.1,0.0,0.0,0.0,0.0
18879,190.0,0.0,0.0,0.0,0.0
18880,189.0,0.0,0.0,0.0,0.0
18881,177.8,0.0,0.0,0.0,0.0
18882,158.0,0.0,0.0,0.0,0.0
18883,156.5,0.0,0.0,0.0,0.0
18884,171.0,0.0,0.0,0.0,0.0
18885,170.8,0.0,0.0,0.0,0.0
18886,194.9,0.0,0.0,0.0,0.0
18887,184.2,0.0,0.0,0.0,0.0
18888,192.6,0.0,0.0,0.0,0.0
18889,179.6,0.0,0.0,0.0,0.0
18890,195.2,0.0,0.0,0.0,0.0
18891,206.5,0.0,0.0,0.0,0.0
18892,206.4,0.0,0.0,0.0,0.0
18893,193.1,0.0,0.0,0.0,0.0
18894,190.4,0.0,0.0,0.0,0.0
18895,190.4,0.0,0.0,0.0,0.0
18896,192.8,0.0,0.0,0.0,0.0
18897,180.6,0.0,0.0,0.0,0.0
18898,155.2,0.0,0.0,0.0,0.0
18899,148.1,0.0,0.0,0.0,0.0
18900,153.0,0.0,0.0,0.0,0.0
18901,149.9,0.0,0.0,0.0,0.0
18902,147.7,0.0,0.0,0.0,0.0
18903,133.0,0.0,0.0,0.0,0.0
18904,146.0,0.0,0.0,0.0,0.0
18905,144.2,0.0,0.0,0.0,0.0
18906,120.6,0.0,0.0,0.0,0.0
18907,113.9,0.0,0.0,0.0,0.0
18908,103.3,0.0,0.0,0.0,0.0
18909,100.2,0.0,0.0,0.0,0.0
18910,88.2,0.0,0.0,0.0,0.0
18911,107.7,0.0,0.0,0.0,0.0
18912,100.5,0.0,0.0,0.0,0.0
18913,91.6,0.0,0.0,0.0,0.0
18914,82.2,0.0,0.0,0.0,0.0
18915,85.4,0.0,0.0,0.0,0.0
18916,91.8,0.0,0.0,0.0,0.0
18917,81.5,0.0,0.0,0.0,0.0
18918,96.3,0.0,0.0,0.0,0.0
18919,100.1,0.0,0.0,0.0,0.0
18920,99.8,0.0,0.0,0.0,0.0
18921,98.8,0.0,0.0,0.0,0.0
18922,97.7,0.0,0.0,0.0,0.0
18923,100.7,0.0,0.0,0.0,0.0
18924,100.7,0.0,0.0,0.0,0.0
18925,108.4,0.0,0.0,0.0,0.0
18926,111.5,0.0,0.0,0.0,0.0
18927,107.5,0.0,0.0,0.0,0.0
18928,86.7,0.0,0.0,0.0,0.0
18929,100.3,0.0,0.0,0.0,0.0
18930,150.7,0.0,0.0,0.0,0.0
18931,153.2,0.0,0.0,0.0,0.0
18932,148.8,0.0,0.0,0.0,0.0
18933,157.8,0.0,0.0,0.0,0.0
18934,163.7,0.0,0.0,0.0,0.0
18935,156.8,0.0,0.0,0.0,0.0
18936,140.3,0.0,0.0,0.0,0.0
18937,138.5,0.0,0.0,0.0,0.0
18938,141.0,0.0,0.0,0.0,0.0
18939,139.0,0.0,0.0,0.0,0.0
18940,148.5,0.0,0.0,0.0,0.0
18941,157.4,0.0,0.0,0.0,0.0
18942,145.5,0.0,0.0,0.0,0.0
18943,139.3,0.0,0.0,0.0,0.0
18944,140.3,0.0,0.0,0.0,0.0
18945,126.5,0.0,0.0,0.0,0.0
18946,130.8,0.0,0.0,0.0,0.0
18947,126.4,0.0,0.0,0.0,0.0
18948,116.9,0.0,0.0,0.0,0.0
18949,117.0,0.0,0.0,0.0,0.0
18950,114.1,0.0,0.0,0.0,0.0
18951,128.2,0.0,0.0,0.0,0.0
18952,130.3,0.0,0.0,0.0,0.0
18953,115.2,0.0,0.0,0.0,0.0
18954,97.3,0.0,0.0,0.0,0.0
18955,101.9,0.0,0.0,0.0,0.0
18956,116.5,0.0,0.0,0.0,0.0
18957,93.2,0.0,0.0,0.0,0.0
18958,105.6,0.0,0.0,0.0,0.0
18959,115.3,0.0,0.0,0.0,0.0
18960,109.9,0.0,0.0,0.0,0.0
18961,100.6,0.0,0.0,0.0,0.0
18962,101.5,0.0,0.0,0.0,0.0
18963,80.8,0.0,0.0,0.0,0.0
18964,84.3,0.0,0.0,0.0,0.0
18965,72.0,0.0,0.0,0.0,0.0
18966,111.1,0.0,0.0,0.0,0.0
18967,86.4,0.0,0.0,0.0,0.0
18968,101.6,0.0,0.0,0.0,0.0
18969,107.6,0.0,0.0,0.0,0.0
18970,93.3,0.0,0.0,0.0,0.0
18971,100.9,0.0,0.0,0.0,0.0
18972,99.3,0.0,0.0,0.0,0.0
18973,98.9,0.0,0.0,0.0,0.0
18974,106.0,0.0,0.0,0.0,0.0
18975,106.6,0.0,0.0,0.0,0.0
18976,105.2,0.0,0.0,0.0,0.0
18977,93.9,0.0,0.0,0.0,0.0
18978,101.3,0.0,0.0,0.0,0.0
18979,94.1,0.0,0.0,0.0,0.0
18980,96.6,0.0,0.0,0.0,0.0
18981,65.8,0.0,0.0,0.0,0.0
18982,63.0,0.0,0.0,0.0,0.0
18983,14.0,0.0,0.0,0.0,0.0
18984,11.0,0.0,0.0,0.0,0.0
18985,4.0,0.0,0.0,0.0,0.0
18986,16.0,0.0,0.0,0.0,0.0
18987,24.6,0.0,0.0,0.0,0.0
18988,30.6,0.0,0.0,0.0,0.0
18989,29.6,0.0,0.0,0.0,0.0
18990,24.8,0.0,0.0,0.0,0.0
18991,49.4,0.0,0.0,0.0,0.0
18992,39.4,0.0,0.0,0.0,0.0
18993,32.1,0.0,0.0,0.0,0.0
18994,22.7,0.0,0.0,0.0,0.0
18995,83.3,0.0,0.0,0.0,0.0
18996,295.6,0.0,0.0,0.0,0.0
18997,281.4,0.0,0.0,0.0,0.0
18998,192.5,0.0,0.0,0.0,0.0
18999,210.6,0.0,0.0,0.0,0.0
19000,237.7,0.0,0.0,0.0,0.0
19001,219.8,0.0,0.0,0.0,0.0
19002,258.9,0.0,0.0,0.0,0.0
19003,245.7,0.0,0.0,0.0,0.0
19004,204.7,0.0,0.0,0.0,0.0
19005,202.0,0.0,0.0,0.0,0.0
19006,195.2,0.0,0.0,0.0,0.0
19007,189.2,0.0,0.0,0.0,0.0
19008,167.4,0.0,0.0,0.0,0.0
19009,150.0,0.0,0.0,0.0,0.0
19010,140.4,0.0,0.0,0.0,0.0
19011,146.3,0.0,0.0,0.0,0.0
19012,142.8,0.0,0.0,0.0,0.0
19013,130.6,0.0,0.0,0.0,0.0
19014,144.9,0.0,0.0,0.0,0.0
19015,146.5,0.0,0.0,0.0,0.0
19016,126.6,0.0,0.0,0.0,0.0
19017,104.7,0.0,0.0,0.0,0.0
19018,104.5,0.0,0.0,0.0,0.0
19019,102.7,0.0,0.0,0.0,0.0
19020,104.5,0.0,0.0,0.0,0.0
19021,116.6,0.0,0.0,0.0,0.0
19022,104.9,0.0,0.0,0.0,0.0
19023,108.1,0.0,0.0,0.0,0.0
19024,108.0,0.0,0.0,0.0,0.0
19025,98.6,0.0,0.0,0.0,0.0
19026,105.8,0.0,0.0,0.0,0.0
19027,108.7,0.0,0.0,0.0,0.0
19028,110.8,0.0,0.0,0.0,0.0
19029,106.7,0.0,0.0,0.0,0.0
19030,113.8,0.0,0.0,0.0,0.0
19031,107.9,0.0,0.0,0.0,0.0
19032,103.3,0.0,0.0,0.0,0.0
19033,71.7,0.0,0.0,0.0,0.0
19034,108.1,0.0,0.0,0.0,0.0
19035,98.4,0.0,0.0,0.0,0.0
19036,106.9,0.0,0.0,0.0,0.0
19037,104.4,0.0,0.0,0.0,0.0
19038,108.7,0.0,0.0,0.0,0.0
19039,106.2,0.0,0.0,0.0,0.0
19040,102.3,0.0,0.0,0.0,0.0
19041,99.4,0.0,0.0,0.0,0.0
19042,105.1,0.0,0.0,0.0,0.0
19043,91.6,0.0,0.0,0.0,0.0
19044,52.9,0.0,0.0,0.0,0.0
19045,60.5,0.0,0.0,0.0,0.0
19046,68.3,0.0,0.0,0.0,0.0
19047,80.5,0.0,0.0,0.0,0.0
19048,82.9,0.0,0.0,0.0,0.0
19049,100.6,0.0,0.0,0.0,0.0
19050,88.3,0.0,0.0,0.0,0.0
19051,156.8,0.0,0.0,0.0,0.0
19052,132.4,0.0,0.0,0.0,0.0
19053,160.0,0.0,0.0,0.0,0.0
19054,170.8,0.0,0.0,0.0,0.0
19055,145.4,0.0,0.0,0.0,0.0
19056,171.9,0.0,0.0,0.0,0.0
19057,170.7,0.0,0.0,0.0,0.0
19058,159.2,0.0,0.0,0.0,0.0
19059,164.2,0.0,0.0,0.0,0.0
19060,165.0,0.0,0.0,0.0,0.0
19061,167.2,0.0,0.0,0.0,0.0
19062,166.4,0.0,0.0,0.0,0.0
19063,154.7,0.0,0.0,0.0,0.0
19064,147.5,0.0,0.0,0.0,0.0
19065,146.5,0.0,0.0,0.0,0.0
19066,149.5,0.0,0.0,0.0,0.0
19067,160.8,0.0,0.0,0.0,0.0
19068,149.2,0.0,0.0,0.0,0.0
19069,91.1,0.0,0.0,0.0,0.0
19070,137.9,0.0,0.0,0.0,0.0
19071,151.5,0.0,0.0,0.0,0.0
19072,144.2,0.0,0.0,0.0,0.0
19073,127.8,0.0,0.0,0.0,0.0
19074,122.2,0.0,0.0,0.0,0.0
19075,109.3,0.0,0.0,0.0,0.0
19076,101.5,0.0,0.0,0.0,0.0
19077,102.1,0.0,0.0,0.0,0.0
19078,101.9,0.0,0.0,0.0,0.0
19079,98.1,0.0,0.0,0.0,0.0
19080,81.2,0.0,0.0,0.0,0.0
19081,87.5,0.0,0.0,0.0,0.0
19082,86.4,0.0,0.0,0.0,0.0
19083,94.2,0.0,0.0,0.0,0.0
19084,105.0,0.0,0.0,0.0,0.0
19085,102.1,0.0,0.0,0.0,0.0
19086,101.7,0.0,0.0,0.0,0.0
19087,100.4,0.0,0.0,0.0,0.0
19088,98.4,0.0,0.0,0.0,0.0
19089,96.1,0.0,0.0,0.0,0.0
19090,100.9,0.0,0.0,0.0,0.0
19091,100.8,0.0,0.0,0.0,0.0
19092,98.2,0.0,0.0,0.0,0.0
19093,101.3,0.0,0.0,0.0,0.0
19094,103.6,0.0,0.0,0.0,0.0
19095,103.3,0.0,0.0,0.0,0.0
19096,104.5,0.0,0.0,0.0,0.0
19097,112.7,0.0,0.0,0.0,0.0
19098,141.9,0.0,0.0,0.0,0.0
19099,134.4,0.0,0.0,0.0,0.0
19100,150.5,0.0,0.0,0.0,0.0
19101,146.3,0.0,0.0,0.0,0.0
19102,166.7,0.0,0.0,0.0,0.0
19103,152.2,0.0,0.0,0.0,0.0
19104,158.2,0.0,0.0,0.0,0.0
19105,180.8,0.0,0.0,0.0,0.0
19106,192.6,0.0,0.0,0.0,0.0
19107,191.8,0.0,0.0,0.0,0.0
19108,222.8,0.0,0.0,0.0,0.0
19109,202.8,0.0,0.0,0.0,0.0
19110,218.0,0.0,0.0,0.0,0.0
19111,235.5,0.0,0.0,0.0,0.0
19112,222.5,0.0,0.0,0.0,0.0
19113,239.6,0.0,0.0,0.0,0.0
19114,187.4,0.0,0.0,0.0,0.0
19115,234.0,0.0,0.0,0.0,0.0
19116,212.4,0.0,0.0,0.0,0.0
19117,212.4,0.0,0.0,0.0,0.0
19118,215.9,0.0,0.0,0.0,0.0
19119,225.8,0.0,0.0,0.0,0.0
19120,177.9,0.0,0.0,0.0,0.0
19121,245.2,0.0,0.0,0.0,0.0
19122,202.3,0.0,0.0,0.0,0.0
19123,199.9,0.0,0.0,0.0,0.0
19124,207.7,0.0,0.0,0.0,0.0
19125,206.5,0.0,0.0,0.0,0.0
19126,265.0,0.0,0.0,0.0,0.0
19127,280.5,0.0,0.0,0.0,0.0
19128,253.5,0.0,0.0,0.0,0.0
19129,275.4,0.0,0.0,0.0,0.0
19130,261.8,0.0,0.0,0.0,0.0
19131,257.4,0.0,0.0,0.0,0.0
19132,233.1,0.0,0.0,0.0,0.0
19133,281.7,0.0,0.0,0.0,0.0
19134,231.6,0.0,0.0,0.0,0.0
19135,254.3,0.0,0.0,0.0,0.0
19136,245.1,0.0,0.0,0.0,0.0
19137,282.6,0.0,0.0,0.0,0.0
19138,242.2,0.0,0.0,0.0,0.0
19139,279.0,0.0,0.0,0.0,0.0
19140,262.4,0.0,0.0,0.0,0.0
19141,259.9,0.0,0.0,0.0,0.0
19142,272.0,0.0,0.0,0.0,0.0
19143,250.0,0.0,0.0,0.0,0.0
19144,265.3,0.0,0.0,0.0,0.0
19145,259.6,0.0,0.0,0.0,0.0
19146,277.1,0.0,0.0,0.0,0.0
19147,268.1,0.0,0.0,0.0,0.0
19148,269.6,0.0,0.0,0.0,0.0
19149,254.2,0.0,0.0,0.0,0.0
19150,255.1,0.0,0.0,0.0,0.0
19151,267.3,0.0,0.0,0.0,0.0
19152,271.4,0.0,0.0,0.0,0.0
19153,256.8,0.0,0.0,0.0,0.0
19154,279.5,0.0,0.0,0.0,0.0
19155,295.4,0.0,0.0,0.0,0.0
19156,275.1,0.0,0.0,0.0,0.0
19157,309.4,0.0,0.0,0.0,0.0
19158,342.9,0.0,0.0,0.0,0.0
19159,324.6,0.0,0.0,0.0,0.0
19160,356.4,0.0,0.0,0.0,0.0
19161,335.4,0.0,0.0,0.0,0.0
19162,344.0,0.0,0.0,0.0,0.0
19163,343.3,0.0,0.0,0.0,0.0
19164,341.0,0.0,0.0,0.0,0.0
19165,348.4,0.0,0.0,0.0,0.0
19166,364.5,0.0,0.0,0.0,0.0
19167,344.1,0.0,0.0,0.0,0.0
19168,367.1,0.0,0.0,0.0,0.0
19169,344.1,0.0,0.0,0.0,0.0
19170,321.3,0.0,0.0,0.0,0.0
19171,291.8,0.0,0.0,0.0,0.0
19172,380.5,0.0,0.0,0.0,0.0
19173,315.0,0.0,0.0,0.0,0.0
19174,328.7,0.0,0.0,0.0,0.0
19175,344.8,0.0,0.0,0.0,0.0
19176,347.7,0.0,0.0,0.0,0.0
19177,355.8,0.0,0.0,0.0,0.0
19178,347.2,0.0,0.0,0.0,0.0
19179,346.6,0.0,0.0,0.0,0.0
19180,337.7,0.0,0.0,0.0,0.0
19181,322.0,0.0,0.0,0.0,0.0
19182,320.2,0.0,0.0,0.0,0.0
19183,336.2,0.0,0.0,0.0,0.0
19184,333.0,0.0,0.0,0.0,0.0
19185,369.2,0.0,0.0,0.0,0.0
19186,378.6,0.0,0.0,0.0,0.0
19187,377.0,0.0,0.0,0.0,0.0
19188,345.0,0.0,0.0,0.0,0.0
19189,374.8,0.0,0.0,0.0,0.0
19190,387.5,0.0,0.0,0.0,0.0
19191,384.4,0.0,0.0,0.0,0.0
19192,379.9,0.0,0.0,0.0,0.0
19193,385.9,0.0,0.0,0.0,0.0
19194,368.2,0.0,0.0,0.0,0.0
19195,385.3,0.0,0.0,0.0,0.0
19196,362.5,0.0,0.0,0.0,0.0
19197,378.7,0.0,0.0,0.0,0.0
19198,378.4,0.0,0.0,0.0,0.0
19199,379.7,0.0,0.0,0.0,0.0
19200,368.1,0.0,0.0,0.0,0.0
19201,359.0,0.0,0.0,0.0,0.0
19202,356.8,0.0,0.0,0.0,0.0
19203,343.0,0.0,0.0,0.0,0.0
19204,337.2,0.0,0.0,0.0,0.0
19205,343.9,0.0,0.0,0.0,0.0
19206,316.1,0.0,0.0,0.0,0.0
19207,314.1,0.0,0.0,0.0,0.0
19208,334.4,0.0,0.0,0.0,0.0
19209,328.1,0.0,0.0,0.0,0.0
19210,325.0,0.0,0.0,0.0,0.0
19211,328.5,0.0,0.0,0.0,0.0
19212,320.8,0.0,0.0,0.0,0.0
19213,308.3,0.0,0.0,0.0,0.0
19214,286.9,0.0,0.0,0.0,0.0
19215,290.9,0.0,0.0,0.0,0.0
19216,285.3,0.0,0.0,0.0,0.0
19217,298.8,0.0,0.0,0.0,0.0
19218,286.8,0.0,0.0,0.0,0.0
19219,292.6,0.0,0.0,0.0,0.0
19220,280.4,0.0,0.0,0.0,0.0
19221,285.7,0.0,0.0,0.0,0.0
19222,257.3,0.0,0.0,0.0,0.0
19223,256.5,0.0,0.0,0.0,0.0
19224,258.7,0.0,0.0,0.0,0.0
19225,247.5,0.0,0.0,0.0,0.0
19226,228.0,0.0,0.0,0.0,0.0
19227,203.4,0.0,0.0,0.0,0.0
19228,153.9,0.0,0.0,0.0,0.0
19229,160.4,0.0,0.0,0.0,0.0
19230,151.9,0.0,0.0,0.0,0.0
19231,157.1,0.0,0.0,0.0,0.0
19232,195.8,0.0,0.0,0.0,0.0
19233,206.7,0.0,0.0,0.0,0.0
19234,186.7,0.0,0.0,0.0,0.0
19235,158.9,0.0,0.0,0.0,0.0
19236,154.0,0.0,0.0,0.0,0.0
19237,138.7,0.0,0.0,0.0,0.0
19238,150.1,0.0,0.0,0.0,0.0
19239,132.5,0.0,0.0,0.0,0.0
19240,132.4,0.0,0.0,0.0,0.0
19241,165.4,0.0,0.0,0.0,0.0
19242,195.6,0.0,0.0,0.0,0.0
19243,164.1,0.0,0.0,0.0,0.0
19244,189.3,0.0,0.0,0.0,0.0
19245,175.8,0.0,0.0,0.0,0.0
19246,189.9,0.0,0.0,0.0,0.0
19247,186.4,0.0,0.0,0.0,0.0
19248,188.9,0.0,0.0,0.0,0.0
19249,187.0,0.0,0.0,0.0,0.0
19250,188.2,0.0,0.0,0.0,0.0
19251,186.3,0.0,0.0,0.0,0.0
19252,194.4,0.0,0.0,0.0,0.0
19253,174.2,0.0,0.0,0.0,0.0
19254,189.0,0.0,0.0,0.0,0.0
19255,174.3,0.0,0.0,0.0,0.0
19256,167.8,0.0,0.0,0.0,0.0
19257,202.2,0.0,0.0,0.0,0.0
19258,207.3,0.0,0.0,0.0,0.0
19259,202.2,0.0,0.0,0.0,0.0
19260,217.6,0.0,0.0,0.0,0.0
19261,211.3,0.0,0.0,0.0,0.0
19262,203.4,0.0,0.0,0.0,0.0
19263,209.5,0.0,0.0,0.0,0.0
19264,193.4,0.0,0.0,0.0,0.0
19265,181.4,0.0,0.0,0.0,0.0
19266,195.9,0.0,0.0,0.0,0.0
19267,130.0,0.0,0.0,0.0,0.0
19268,96.2,0.0,0.0,0.0,0.0
19269,87.3,0.0,0.0,0.0,0.0
19270,79.8,0.0,0.0,0.0,0.0
19271,141.5,0.0,0.0,0.0,0.0
19272,134.0,0.0,0.0,0.0,0.0
19273,142.1,0.0,0.0,0.0,0.0
19274,126.6,0.0,0.0,0.0,0.0
19275,164.8,0.0,0.0,0.0,0.0
19276,129.8,0.0,0.0,0.0,0.0
19277,152.8,0.0,0.0,0.0,0.0
19278,140.4,0.0,0.0,0.0,0.0
19279,122.8,0.0,0.0,0.0,0.0
19280,117.7,0.0,0.0,0.0,0.0
19281,115.4,0.0,0.0,0.0,0.0
19282,129.3,0.0,0.0,0.0,0.0
19283,131.9,0.0,0.0,0.0,0.0
19284,134.9,0.0,0.0,0.0,0.0
19285,124.2,0.0,0.0,0.0,0.0
19286,152.0,0.0,0.0,0.0,0.0
19287,220.5,0.0,0.0,0.0,0.0
19288,221.4,0.0,0.0,0.0,0.0
19289,191.2,0.0,0.0,0.0,0.0
19290,204.4,0.0,0.0,0.0,0.0
19291,202.3,0.0,0.0,0.0,0.0
19292,213.5,0.0,0.0,0.0,0.0
19293,208.8,0.0,0.0,0.0,0.0
19294,182.6,0.0,0.0,0.0,0.0
19295,187.7,0.0,0.0,0.0,0.0
19296,191.9,0.0,0.0,0.0,0.0
19297,177.4,0.0,0.0,0.0,0.0
19298,217.2,0.0,0.0,0.0,0.0
19299,200.6,0.0,0.0,0.0,0.0
19300,201.8,0.0,0.0,0.0,0.0
19301,169.5,0.0,0.0,0.0,0.0
19302,185.0,0.0,0.0,0.0,0.0
19303,127.2,0.0,0.0,0.0,0.0
19304,133.4,0.0,0.0,0.0,0.0
19305,131.9,0.0,0.0,0.0,0.0
19306,151.0,0.0,0.0,0.0,0.0
19307,142.8,0.0,0.0,0.0,0.0
19308,162.2,0.0,0.0,0.0,0.0
19309,156.5,0.0,0.0,0.0,0.0
19310,152.6,0.0,0.0,0.0,0.0
19311,144.3,0.0,0.0,0.0,0.0
19312,145.6,0.0,0.0,0.0,0.0
19313,140.5,0.0,0.0,0.0,0.0
19314,142.6,0.0,0.0,0.0,0.0
19315,164.8,0.0,0.0,0.0,0.0
19316,136.2,0.0,0.0,0.0,0.0
19317,125.8,0.0,0.0,0.0,0.0
19318,134.1,0.0,0.0,0.0,0.0
19319,129.1,0.0,0.0,0.0,0.0
19320,123.4,0.0,0.0,0.0,0.0
19321,127.9,0.0,0.0,0.0,0.0
19322,135.4,0.0,0.0,0.0,0.0
19323,132.8,0.0,0.0,0.0,0.0
19324,135.4,0.0,0.0,0.0,0.0
19325,152.8,0.0,0.0,0.0,0.0
19326,135.3,0.0,0.0,0.0,0.0
19327,148.7,0.0,0.0,0.0,0.0
19328,143.6,0.0,0.0,0.0,0.0
19329,143.2,0.0,0.0,0.0,0.0
19330,141.1,0.0,0.0,0.0,0.0
19331,147.3,0.0,0.0,0.0,0.0
19332,149.9,0.0,0.0,0.0,0.0
19333,143.7,0.0,0.0,0.0,0.0
19334,131.2,0.0,0.0,0.0,0.0
19335,135.3,0.0,0.0,0.0,0.0
19336,144.4,0.0,0.0,0.0,0.0
19337,141.5,0.0,0.0,0.0,0.0
19338,136.7,0.0,0.0,0.0,0.0
19339,125.4,0.0,0.0,0.0,0.0
19340,128.5,0.0,0.0,0.0,0.0
19341,31.8,0.0,0.0,0.0,0.0
19342,6.2,0.0,0.0,0.0,0.0
19343,15.4,0.0,0.0,0.0,0.0
19344,53.2,0.0,0.0,0.0,0.0
19345,30.1,0.0,0.0,0.0,0.0
19346,44.3,0.0,0.0,0.0,0.0
19347,22.1,0.0,0.0,0.0,0.0
19348,18.0,0.0,0.0,0.0,0.0
19349,36.6,0.0,0.0,0.0,0.0
19350,105.1,0.0,0.0,0.0,0.0
19351,85.6,0.0,0.0,0.0,0.0
19352,89.7,0.0,0.0,0.0,0.0
19353,151.3,0.0,0.0,0.0,0.0
19354,214.0,0.0,0.0,0.0,0.0
19355,91.8,0.0,0.0,0.0,0.0
19356,142.8,0.0,0.0,0.0,0.0
19357,112.0,0.0,0.0,0.0,0.0
19358,159.0,0.0,0.0,0.0,0.0
19359,276.0,0.0,0.0,0.0,0.0
19360,308.0,0.0,0.0,0.0,0.0
19361,361.5,0.0,0.0,0.0,0.0
19362,316.5,0.0,0.0,0.0,0.0
19363,309.2,0.0,0.0,0.0,0.0
19364,291.6,0.0,0.0,0.0,0.0
19365,274.0,0.0,0.0,0.0,0.0
19366,226.5,0.0,0.0,0.0,0.0
19367,180.1,0.0,0.0,0.0,0.0
19368,167.7,0.0,0.0,0.0,0.0
19369,117.1,0.0,0.0,0.0,0.0
19370,95.5,0.0,0.0,0.0,0.0
19371,147.3,0.0,0.0,0.0,0.0
19372,299.8,0.0,0.0,0.0,0.0
19373,330.0,0.0,0.0,0.0,0.0
19374,365.0,0.0,0.0,0.0,0.0
19375,393.7,0.0,0.0,0.0,0.0
19376,417.3,0.0,0.0,0.0,0.0
19377,388.2,0.0,0.0,0.0,0.0
19378,391.8,0.0,0.0,0.0,0.0
19379,416.7,0.0,0.0,0.0,0.0
19380,408.7,0.0,0.0,0.0,0.0
19381,466.6,0.0,0.0,0.0,0.0
19382,508.6,0.0,0.0,0.0,0.0
19383,509.1,0.0,0.0,0.0,0.0
19384,509.9,0.0,0.0,0.0,0.0
19385,486.7,0.0,0.0,0.0,0.0
19386,512.1,0.0,0.0,0.0,0.0
19387,448.2,0.0,0.0,0.0,0.0
19388,356.9,0.0,0.0,0.0,0.0
19389,385.2,0.0,0.0,0.0,0.0
19390,317.2,0.0,0.0,0.0,0.0
19391,244.0,0.0,0.0,0.0,0.0
19392,179.7,0.0,0.0,0.0,0.0
19393,178.7,0.0,0.0,0.0,0.0
19394,174.0,0.0,0.0,0.0,0.0
19395,128.1,0.0,0.0,0.0,0.0
19396,134.6,0.0,0.0,0.0,0.0
19397,142.2,0.0,0.0,0.0,0.0
19398,140.4,0.0,0.0,0.0,0.0
19399,140.6,0.0,0.0,0.0,0.0
19400,311.4,0.0,0.0,0.0,0.0
19401,307.8,0.0,0.0,0.0,0.0
19402,311.4,0.0,0.0,0.0,0.0
19403,290.9,0.0,0.0,0.0,0.0
19404,312.5,0.0,0.0,0.0,0.0
19405,263.0,0.0,0.0,0.0,0.0
19406,200.5,0.0,0.0,0.0,0.0
19407,221.1,0.0,0.0,0.0,0.0
19408,330.5,0.0,0.0,0.0,0.0
19409,317.1,0.0,0.0,0.0,0.0
19410,304.1,0.0,0.0,0.0,0.0
19411,244.3,0.0,0.0,0.0,0.0
19412,217.9,0.0,0.0,0.0,0.0
19413,246.9,0.0,0.0,0.0,0.0
19414,221.8,0.0,0.0,0.0,0.0
19415,208.8,0.0,0.0,0.0,0.0
19416,183.9,0.0,0.0,0.0,0.0
19417,126.0,0.0,0.0,0.0,0.0
19418,145.1,0.0,0.0,0.0,0.0
19419,130.9,0.0,0.0,0.0,0.0
19420,136.5,0.0,0.0,0.0,0.0
19421,122.2,0.0,0.0,0.0,0.0
19422,115.3,0.0,0.0,0.0,0.0
19423,113.0,0.0,0.0,0.0,0.0
19424,113.6,0.0,0.0,0.0,0.0
19425,127.6,0.0,0.0,0.0,0.0
19426,121.9,0.0,0.0,0.0,0.0
19427,72.7,0.0,0.0,0.0,0.0
19428,80.6,0.0,0.0,0.0,0.0
19429,84.3,0.0,0.0,0.0,0.0
19430,84.6,0.0,0.0,0.0,0.0
19431,102.0,0.0,0.0,0.0,0.0
19432,47.1,0.0,0.0,0.0,0.0
19433,39.3,0.0,0.0,0.0,0.0
19434,38.7,0.0,0.0,0.0,0.0
19435,48.2,0.0,0.0,0.0,0.0
19436,50.0,0.0,0.0,0.0,0.0
19437,50.8,0.0,0.0,0.0,0.0
19438,53.7,0.0,0.0,0.0,0.0
19439,55.9,0.0,0.0,0.0,0.0
19440,52.6,0.0,0.0,0.0,0.0
19441,48.0,0.0,0.0,0.0,0.0
19442,47.8,0.0,0.0,0.0,0.0
19443,42.4,0.0,0.0,0.0,0.0
19444,41.1,0.0,0.0,0.0,0.0
19445,43.4,0.0,0.0,0.0,0.0
19446,44.0,0.0,0.0,0.0,0.0
19447,48.2,0.0,0.0,0.0,0.0
19448,68.0,0.0,0.0,0.0,0.0
19449,55.0,0.0,0.0,0.0,0.0
19450,44.7,0.0,0.0,0.0,0.0
19451,47.2,0.0,0.0,0.0,0.0
19452,62.5,0.0,0.0,0.0,0.0
19453,54.0,0.0,0.0,0.0,0.0
19454,51.9,0.0,0.0,0.0,0.0
19455,49.4,0.0,0.0,0.0,0.0
19456,46.9,0.0,0.0,0.0,0.0
19457,80.4,0.0,0.0,0.0,0.0
19458,89.6,0.0,0.0,0.0,0.0
19459,88.7,0.0,0.0,0.0,0.0
19460,92.6,0.0,0.0,0.0,0.0
19461,89.0,0.0,0.0,0.0,0.0
19462,73.0,0.0,0.0,0.0,0.0
19463,68.6,0.0,0.0,0.0,0.0
19464,97.0,0.0,0.0,0.0,0.0
19465,93.2,0.0,0.0,0.0,0.0
19466,107.2,0.0,0.0,0.0,0.0
19467,142.1,0.0,0.0,0.0,0.0
19468,122.5,0.0,0.0,0.0,0.0
19469,118.3,0.0,0.0,0.0,0.0
19470,177.9,0.0,0.0,0.0,0.0
19471,238.2,0.0,0.0,0.0,0.0
19472,353.3,0.0,0.0,0.0,0.0
19473,362.7,0.0,0.0,0.0,0.0
19474,345.1,0.0,0.0,0.0,0.0
19475,382.0,0.0,0.0,0.0,0.0
19476,381.2,0.0,0.0,0.0,0.0
19477,746.5,0.0,0.0,0.0,0.0
19478,790.3,0.0,0.0,0.0,0.0
19479,815.1,0.0,0.0,0.0,0.0
19480,816.7,0.0,0.0,0.0,0.0
19481,834.6,0.0,0.0,0.0,0.0
19482,783.6,0.0,0.0,0.0,0.0
19483,678.3,0.0,0.0,0.0,0.0
19484,543.0,0.0,0.0,0.0,0.0
19485,488.0,0.0,0.0,0.0,0.0
19486,387.8,0.0,0.0,0.0,0.0
19487,362.9,0.0,0.0,0.0,0.0
19488,278.1,0.0,0.0,0.0,0.0
19489,224.8,0.0,0.0,0.0,0.0
19490,196.3,0.0,0.0,0.0,0.0
19491,325.5,0.0,0.0,0.0,0.0
19492,341.5,0.0,0.0,0.0,0.0
19493,356.6,0.0,0.0,0.0,0.0
19494,328.8,0.0,0.0,0.0,0.0
19495,361.3,0.0,0.0,0.0,0.0
19496,361.4,0.0,0.0,0.0,0.0
19497,364.5,0.0,0.0,0.0,0.0
19498,364.0,0.0,0.0,0.0,0.0
19499,361.8,0.0,0.0,0.0,0.0
19500,365.1,0.0,0.0,0.0,0.0
19501,349.7,0.0,0.0,0.0,0.0
19502,317.1,0.0,0.0,0.0,0.0
19503,302.9,0.0,0.0,0.0,0.0
19504,336.2,0.0,0.0,0.0,0.0
19505,334.7,0.0,0.0,0.0,0.0
19506,341.9,0.0,0.0,0.0,0.0
19507,332.4,0.0,0.0,0.0,0.0
19508,321.9,0.0,0.0,0.0,0.0
19509,305.0,0.0,0.0,0.0,0.0
19510,303.1,0.0,0.0,0.0,0.0
19511,300.5,0.0,0.0,0.0,0.0
19512,308.6,0.0,0.0,0.0,0.0
19513,304.1,0.0,0.0,0.0,0.0
19514,320.2,0.0,0.0,0.0,0.0
19515,321.6,0.0,0.0,0.0,0.0
19516,329.4,0.0,0.0,0.0,0.0
19517,313.5,0.0,0.0,0.0,0.0
19518,325.2,0.0,0.0,0.0,0.0
19519,341.8,0.0,0.0,0.0,0.0
19520,339.5,0.0,0.0,0.0,0.0
19521,350.8,0.0,0.0,0.0,0.0
19522,353.4,0.0,0.0,0.0,0.0
19523,352.2,0.0,0.0,0.0,0.0
19524,351.6,0.0,0.0,0.0,0.0
19525,345.5,0.0,0.0,0.0,0.0
19526,348.5,0.0,0.0,0.0,0.0
19527,355.3,0.0,0.0,0.0,0.0
19528,327.9,0.0,0.0,0.0,0.0
19529,270.9,0.0,0.0,0.0,0.0
19530,292.6,0.0,0.0,0.0,0.0
19531,312.8,0.0,0.0,0.0,0.0
19532,250.9,0.0,0.0,0.0,0.0
19533,257.0,0.0,0.0,0.0,0.0
19534,308.9,0.0,0.0,0.0,0.0
19535,293.3,0.0,0.0,0.0,0.0
19536,299.3,0.0,0.0,0.0,0.0
19537,313.5,0.0,0.0,0.0,0.0
19538,350.0,0.0,0.0,0.0,0.0
19539,351.4,0.0,0.0,0.0,0.0
19540,298.4,0.0,0.0,0.0,0.0
19541,303.8,0.0,0.0,0.0,0.0
19542,293.5,0.0,0.0,0.0,0.0
19543,324.0,0.0,0.0,0.0,0.0
19544,321.2,0.0,0.0,0.0,0.0
19545,316.3,0.0,0.0,0.0,0.0
19546,314.0,0.0,0.0,0.0,0.0
19547,336.3,0.0,0.0,0.0,0.0
19548,340.8,0.0,0.0,0.0,0.0
19549,359.7,0.0,0.0,0.0,0.0
19550,365.0,0.0,0.0,0.0,0.0
19551,349.5,0.0,0.0,0.0,0.0
19552,348.1,0.0,0.0,0.0,0.0
19553,338.1,0.0,0.0,0.0,0.0
19554,387.9,0.0,0.0,0.0,0.0
19555,386.3,0.0,0.0,0.0,0.0
19556,371.7,0.0,0.0,0.0,0.0
19557,377.2,0.0,0.0,0.0,0.0
19558,375.0,0.0,0.0,0.0,0.0
19559,372.4,0.0,0.0,0.0,0.0
19560,324.5,0.0,0.0,0.0,0.0
19561,394.1,0.0,0.0,0.0,0.0
19562,391.0,0.0,0.0,0.0,0.0
19563,360.1,0.0,0.0,0.0,0.0
19564,376.1,0.0,0.0,0.0,0.0
19565,389.5,0.0,0.0,0.0,0.0
19566,381.6,0.0,0.0,0.0,0.0
19567,385.9,0.0,0.0,0.0,0.0
19568,428.7,0.0,0.0,0.0,0.0
19569,401.0,0.0,0.0,0.0,0.0
19570,395.4,0.0,0.0,0.0,0.0
19571,352.0,0.0,0.0,0.0,0.0
19572,337.5,0.0,0.0,0.0,0.0
19573,338.8,0.0,0.0,0.0,0.0
19574,333.7,0.0,0.0,0.0,0.0
19575,345.3,0.0,0.0,0.0,0.0
19576,333.1,0.0,0.0,0.0,0.0
19577,296.7,0.0,0.0,0.0,0.0
19578,246.9,0.0,0.0,0.0,0.0
19579,228.1,0.0,0.0,0.0,0.0
19580,218.4,0.0,0.0,0.0,0.0
19581,245.1,0.0,0.0,0.0,0.0
19582,230.2,0.0,0.0,0.0,0.0
19583,239.8,0.0,0.0,0.0,0.0
19584,234.4,0.0,0.0,0.0,0.0
19585,221.1,0.0,0.0,0.0,0.0
19586,210.6,0.0,0.0,0.0,0.0
19587,199.5,0.0,0.0,0.0,0.0
19588,191.9,0.0,0.0,0.0,0.0
19589,176.5,0.0,0.0,0.0,0.0
19590,185.4,0.0,0.0,0.0,0.0
19591,155.1,0.0,0.0,0.0,0.0
19592,139.5,0.0,0.0,0.0,0.0
19593,140.8,0.0,0.0,0.0,0.0
19594,131.5,0.0,0.0,0.0,0.0
19595,160.1,0.0,0.0,0.0,0.0
19596,176.1,0.0,0.0,0.0,0.0
19597,184.8,0.0,0.0,0.0,0.0
19598,173.2,0.0,0.0,0.0,0.0
19599,172.7,0.0,0.0,0.0,0.0
19600,184.3,0.0,0.0,0.0,0.0
19601,182.6,0.0,0.0,0.0,0.0
19602,176.0,0.0,0.0,0.0,0.0
19603,172.7,0.0,0.0,0.0,0.0
19604,183.5,0.0,0.0,0.0,0.0
19605,160.8,0.0,0.0,0.0,0.0
19606,147.3,0.0,0.0,0.0,0.0
19607,139.0,0.0,0.0,0.0,0.0
19608,142.6,0.0,0.0,0.0,0.0
19609,125.9,0.0,0.0,0.0,0.0
19610,146.7,0.0,0.0,0.0,0.0
19611,129.0,0.0,0.0,0.0,0.0
19612,150.7,0.0,0.0,0.0,0.0
19613,165.1,0.0,0.0,0.0,0.0
19614,172.3,0.0,0.0,0.0,0.0
19615,180.4,0.0,0.0,0.0,0.0
19616,166.7,0.0,0.0,0.0,0.0
19617,136.3,0.0,0.0,0.0,0.0
19618,147.4,0.0,0.0,0.0,0.0
19619,132.4,0.0,0.0,0.0,0.0
19620,124.9,0.0,0.0,0.0,0.0
19621,128.3,0.0,0.0,0.0,0.0
19622,158.9,0.0,0.0,0.0,0.0
19623,133.0,0.0,0.0,0.0,0.0
19624,129.3,0.0,0.0,0.0,0.0
19625,140.4,0.0,0.0,0.0,0.0
19626,125.7,0.0,0.0,0.0,0.0
19627,135.0,0.0,0.0,0.0,0.0
19628,131.6,0.0,0.0,0.0,0.0
19629,132.9,0.0,0.0,0.0,0.0
19630,128.8,0.0,0.0,0.0,0.0
19631,116.3,0.0,0.0,0.0,0.0
19632,115.3,0.0,0.0,0.0,0.0
19633,123.6,0.0,0.0,0.0,0.0
19634,108.6,0.0,0.0,0.0,0.0
19635,123.2,0.0,0.0,0.0,0.0
19636,116.5,0.0,0.0,0.0,0.0
19637,121.7,0.0,0.0,0.0,0.0
19638,112.4,0.0,0.0,0.0,0.0
19639,108.6,0.0,0.0,0.0,0.0
19640,101.7,0.0,0.0,0.0,0.0
19641,107.4,0.0,0.0,0.0,0.0
19642,115.0,0.0,0.0,0.0,0.0
19643,107.8,0.0,0.0,0.0,0.0
19644,102.2,0.0,0.0,0.0,0.0
19645,102.4,0.0,0.0,0.0,0.0
19646,142.8,0.0,0.0,0.0,0.0
19647,138.3,0.0,0.0,0.0,0.0
19648,140.8,0.0,0.0,0.0,0.0
19649,134.9,0.0,0.0,0.0,0.0
19650,106.7,0.0,0.0,0.0,0.0
19651,110.2,0.0,0.0,0.0,0.0
19652,106.6,0.0,0.0,0.0,0.0
19653,117.7,0.0,0.0,0.0,0.0
19654,122.9,0.0,0.0,0.0,0.0
19655,104.2,0.0,0.0,0.0,0.0
19656,114.8,0.0,0.0,0.0,0.0
19657,125.9,0.0,0.0,0.0,0.0
19658,181.3,0.0,0.0,0.0,0.0
19659,193.5,0.0,0.0,0.0,0.0
19660,194.1,0.0,0.0,0.0,0.0
19661,189.1,0.0,0.0,0.0,0.0
19662,197.4,0.0,0.0,0.0,0.0
19663,160.5,0.0,0.0,0.0,0.0
19664,187.9,0.0,0.0,0.0,0.0
19665,187.8,0.0,0.0,0.0,0.0
19666,158.8,0.0,0.0,0.0,0.0
19667,149.6,0.0,0.0,0.0,0.0
19668,143.9,0.0,0.0,0.0,0.0
19669,129.7,0.0,0.0,0.0,0.0
19670,86.0,0.0,0.0,0.0,0.0
19671,126.5,0.0,0.0,0.0,0.0
19672,93.3,0.0,0.0,0.0,0.0
19673,89.9,0.0,0.0,0.0,0.0
19674,98.8,0.0,0.0,0.0,0.0
19675,107.1,0.0,0.0,0.0,0.0
19676,101.5,0.0,0.0,0.0,0.0
19677,85.1,0.0,0.0,0.0,0.0
19678,127.2,0.0,0.0,0.0,0.0
19679,126.4,0.0,0.0,0.0,0.0
19680,123.5,0.0,0.0,0.0,0.0
19681,125.1,0.0,0.0,0.0,0.0
19682,138.4,0.0,0.0,0.0,0.0
19683,137.0,0.0,0.0,0.0,0.0
19684,129.8,0.0,0.0,0.0,0.0
19685,118.9,0.0,0.0,0.0,0.0
19686,122.9,0.0,0.0,0.0,0.0
19687,128.3,0.0,0.0,0.0,0.0
19688,128.2,0.0,0.0,0.0,0.0
19689,136.5,0.0,0.0,0.0,0.0
19690,128.0,0.0,0.0,0.0,0.0
19691,138.7,0.0,0.0,0.0,0.0
19692,132.6,0.0,0.0,0.0,0.0
19693,115.0,0.0,0.0,0.0,0.0
19694,113.3,0.0,0.0,0.0,0.0
19695,124.0,0.0,0.0,0.0,0.0
19696,121.7,0.0,0.0,0.0,0.0
19697,113.4,0.0,0.0,0.0,0.0
19698,79.8,0.0,0.0,0.0,0.0
19699,68.1,0.0,0.0,0.0,0.0
19700,103.4,0.0,0.0,0.0,0.0
19701,107.0,0.0,0.0,0.0,0.0
19702,107.3,0.0,0.0,0.0,0.0
19703,97.2,0.0,0.0,0.0,0.0
19704,118.6,0.0,0.0,0.0,0.0
19705,116.3,0.0,0.0,0.0,0.0
19706,51.6,0.0,0.0,0.0,0.0
19707,119.9,0.0,0.0,0.0,0.0
19708,227.8,0.0,0.0,0.0,0.0
19709,228.7,0.0,0.0,0.0,0.0
19710,239.3,0.0,0.0,0.0,0.0
19711,230.0,0.0,0.0,0.0,0.0
19712,233.3,0.0,0.0,0.0,0.0
19713,225.7,0.0,0.0,0.0,0.0
19714,294.7,0.0,0.0,0.0,0.0
19715,387.0,0.0,0.0,0.0,0.0
19716,291.8,0.0,0.0,0.0,0.0
19717,392.8,0.0,0.0,0.0,0.0
19718,411.7,0.0,0.0,0.0,0.0
19719,426.0,0.0,0.0,0.0,0.0
19720,401.0,0.0,0.0,0.0,0.0
19721,281.5,0.0,0.0,0.0,0.0
19722,283.1,0.0,0.0,0.0,0.0
19723,268.3,0.0,0.0,0.0,0.0
19724,175.8,0.0,0.0,0.0,0.0
19725,222.1,0.0,0.0,0.0,0.0
19726,345.3,0.0,0.0,0.0,0.0
19727,337.6,0.0,0.0,0.0,0.0
19728,313.6,0.0,0.0,0.0,0.0
19729,346.6,0.0,0.0,0.0,0.0
19730,345.1,0.0,0.0,0.0,0.0
19731,347.1,0.0,0.0,0.0,0.0
19732,283.9,0.0,0.0,0.0,0.0
19733,256.1,0.0,0.0,0.0,0.0
19734,203.4,0.0,0.0,0.0,0.0
19735,209.4,0.0,0.0,0.0,0.0
19736,158.7,0.0,0.0,0.0,0.0
19737,173.4,0.0,0.0,0.0,0.0
19738,155.5,0.0,0.0,0.0,0.0
19739,146.6,0.0,0.0,0.0,0.0
19740,140.5,0.0,0.0,0.0,0.0
19741,141.8,0.0,0.0,0.0,0.0
19742,129.7,0.0,0.0,0.0,0.0
19743,126.4,0.0,0.0,0.0,0.0
19744,113.6,0.0,0.0,0.0,0.0
19745,109.3,0.0,0.0,0.0,0.0
19746,102.3,0.0,0.0,0.0,0.0
19747,99.6,0.0,0.0,0.0,0.0
19748,92.9,0.0,0.0,0.0,0.0
19749,88.7,0.0,0.0,0.0,0.0
19750,98.6,0.0,0.0,0.0,0.0
19751,122.4,0.0,0.0,0.0,0.0
19752,113.0,0.0,0.0,0.0,0.0
19753,100.7,0.0,0.0,0.0,0.0
19754,116.6,0.0,0.0,0.0,0.0
19755,118.8,0.0,0.0,0.0,0.0
19756,112.0,0.0,0.0,0.0,0.0
19757,96.5,0.0,0.0,0.0,0.0
19758,100.9,0.0,0.0,0.0,0.0
19759,111.4,0.0,0.0,0.0,0.0
19760,108.2,0.0,0.0,0.0,0.0
19761,115.1,0.0,0.0,0.0,0.0
19762,113.6,0.0,0.0,0.0,0.0
19763,114.1,0.0,0.0,0.0,0.0
19764,124.3,0.0,0.0,0.0,0.0
19765,121.8,0.0,0.0,0.0,0.0
19766,123.4,0.0,0.0,0.0,0.0
19767,114.8,0.0,0.0,0.0,0.0
19768,117.6,0.0,0.0,0.0,0.0
19769,113.3,0.0,0.0,0.0,0.0
19770,51.1,0.0,0.0,0.0,0.0
19771,61.0,0.0,0.0,0.0,0.0
19772,819.5,0.0,0.0,0.0,0.0
19773,1250.7,0.0,0.0,0.0,0.0
19774,1245.6,0.0,0.0,0.0,0.0
19775,1257.1,0.0,0.0,0.0,0.0
19776,1233.9,0.0,0.0,0.0,0.0
19777,1259.5,0.0,0.0,0.0,0.0
19778,1305.8,0.0,0.0,0.0,0.0
19779,471.9,0.0,0.0,0.0,0.0
19780,870.0,0.0,0.0,0.0,0.0
19781,1341.6,0.0,0.0,0.0,0.0
19782,1394.1,0.0,0.0,0.0,0.0
19783,1381.8,0.0,0.0,0.0,0.0
19784,1378.1,0.0,0.0,0.0,0.0
19785,1399.8,0.0,0.0,0.0,0.0
19786,1398.8,0.0,0.0,0.0,0.0
19787,1102.9,0.0,0.0,0.0,0.0
19788,882.3,0.0,0.0,0.0,0.0
19789,792.2,0.0,0.0,0.0,0.0
19790,625.4,0.0,0.0,0.0,0.0
19791,566.2,0.0,0.0,0.0,0.0
19792,427.8,0.0,0.0,0.0,0.0
19793,340.6,0.0,0.0,0.0,0.0
19794,306.7,0.0,0.0,0.0,0.0
19795,238.5,0.0,0.0,0.0,0.0
19796,153.7,0.0,0.0,0.0,0.0
19797,146.6,0.0,0.0,0.0,0.0
19798,125.3,0.0,0.0,0.0,0.0
19799,113.6,0.0,0.0,0.0,0.0
19800,105.7,0.0,0.0,0.0,0.0
19801,105.8,0.0,0.0,0.0,0.0
19802,99.0,0.0,0.0,0.0,0.0
19803,85.1,0.0,0.0,0.0,0.0
19804,86.6,0.0,0.0,0.0,0.0
19805,68.1,0.0,0.0,0.0,0.0
19806,18.1,0.0,0.0,0.0,0.0
19807,30.9,0.0,0.0,0.0,0.0
19808,16.8,0.0,0.0,0.0,0.0
19809,16.8,0.0,0.0,0.0,0.0
19810,16.8,0.0,0.0,0.0,0.0
19811,16.8,0.0,0.0,0.0,0.0
19812,21.1,0.0,0.0,0.0,0.0
19813,21.8,0.0,0.0,0.0,0.0
19814,44.6,0.0,0.0,0.0,0.0
19815,56.9,0.0,0.0,0.0,0.0
19816,101.9,0.0,0.0,0.0,0.0
19817,99.9,0.0,0.0,0.0,0.0
19818,111.0,0.0,0.0,0.0,0.0
19819,92.4,0.0,0.0,0.0,0.0
19820,97.6,0.0,0.0,0.0,0.0
19821,294.4,0.0,0.0,0.0,0.0
19822,312.7,0.0,0.0,0.0,0.0
19823,329.8,0.0,0.0,0.0,0.0
19824,340.0,0.0,0.0,0.0,0.0
19825,323.5,0.0,0.0,0.0,0.0
19826,282.9,0.0,0.0,0.0,0.0
19827,232.4,0.0,0.0,0.0,0.0
19828,221.9,0.0,0.0,0.0,0.0
19829,225.4,0.0,0.0,0.0,0.0
19830,179.9,0.0,0.0,0.0,0.0
19831,147.5,0.0,0.0,0.0,0.0
19832,126.1,0.0,0.0,0.0,0.0
19833,110.0,0.0,0.0,0.0,0.0
19834,92.4,0.0,0.0,0.0,0.0
19835,94.8,0.0,0.0,0.0,0.0
19836,108.7,0.0,0.0,0.0,0.0
19837,98.5,0.0,0.0,0.0,0.0
19838,125.0,0.0,0.0,0.0,0.0
19839,129.7,0.0,0.0,0.0,0.0
19840,144.1,0.0,0.0,0.0,0.0
19841,154.9,0.0,0.0,0.0,0.0
19842,178.3,0.0,0.0,0.0,0.0
19843,164.2,0.0,0.0,0.0,0.0
19844,164.0,0.0,0.0,0.0,0.0
19845,209.8,0.0,0.0,0.0,0.0
19846,183.1,0.0,0.0,0.0,0.0
19847,188.0,0.0,0.0,0.0,0.0
19848,205.8,0.0,0.0,0.0,0.0
19849,236.6,0.0,0.0,0.0,0.0
19850,286.4,0.0,0.0,0.0,0.0
19851,286.4,0.0,0.0,0.0,0.0
19852,286.4,0.0,0.0,0.0,0.0
19853,286.5,0.0,0.0,0.0,0.0
19854,289.4,0.0,0.0,0.0,0.0
19855,279.2,0.0,0.0,0.0,0.0
19856,265.3,0.0,0.0,0.0,0.0
19857,254.9,0.0,0.0,0.0,0.0
19858,250.7,0.0,0.0,0.0,0.0
19859,259.3,0.0,0.0,0.0,0.0
19860,258.8,0.0,0.0,0.0,0.0
19861,243.5,0.0,0.0,0.0,0.0
19862,241.0,0.0,0.0,0.0,0.0
19863,237.3,0.0,0.0,0.0,0.0
19864,229.1,0.0,0.0,0.0,0.0
19865,231.6,0.0,0.0,0.0,0.0
19866,245.7,0.0,0.0,0.0,0.0
19867,241.3,0.0,0.0,0.0,0.0
19868,226.5,0.0,0.0,0.0,0.0
19869,265.2,0.0,0.0,0.0,0.0
19870,272.9,0.0,0.0,0.0,0.0
19871,313.3,0.0,0.0,0.0,0.0
19872,293.7,0.0,0.0,0.0,0.0
19873,314.2,0.0,0.0,0.0,0.0
19874,308.1,0.0,0.0,0.0,0.0
19875,309.0,0.0,0.0,0.0,0.0
19876,314.9,0.0,0.0,0.0,0.0
19877,306.6,0.0,0.0,0.0,0.0
19878,303.5,0.0,0.0,0.0,0.0
19879,285.0,0.0,0.0,0.0,0.0
19880,356.8,0.0,0.0,0.0,0.0
19881,372.9,0.0,0.0,0.0,0.0
19882,363.1,0.0,0.0,0.0,0.0
19883,362.5,0.0,0.0,0.0,0.0
19884,384.0,0.0,0.0,0.0,0.0
19885,378.3,0.0,0.0,0.0,0.0
19886,358.3,0.0,0.0,0.0,0.0
19887,355.1,0.0,0.0,0.0,0.0
19888,336.3,0.0,0.0,0.0,0.0
19889,348.0,0.0,0.0,0.0,0.0
19890,371.9,0.0,0.0,0.0,0.0
19891,391.8,0.0,0.0,0.0,0.0
19892,375.1,0.0,0.0,0.0,0.0
19893,369.3,0.0,0.0,0.0,0.0
19894,397.8,0.0,0.0,0.0,0.0
19895,377.8,0.0,0.0,0.0,0.0
19896,344.6,0.0,0.0,0.0,0.0
19897,373.3,0.0,0.0,0.0,0.0
19898,370.7,0.0,0.0,0.0,0.0
19899,354.0,0.0,0.0,0.0,0.0
19900,369.4,0.0,0.0,0.0,0.0
19901,381.9,0.0,0.0,0.0,0.0
19902,385.0,0.0,0.0,0.0,0.0
19903,367.1,0.0,0.0,0.0,0.0
19904,363.3,0.0,0.0,0.0,0.0
19905,395.6,0.0,0.0,0.0,0.0
19906,387.4,0.0,0.0,0.0,0.0
19907,387.5,0.0,0.0,0.0,0.0
19908,363.9,0.0,0.0,0.0,0.0
19909,367.6,0.0,0.0,0.0,0.0
19910,366.4,0.0,0.0,0.0,0.0
19911,355.2,0.0,0.0,0.0,0.0
19912,375.8,0.0,0.0,0.0,0.0
19913,365.0,0.0,0.0,0.0,0.0
19914,363.1,0.0,0.0,0.0,0.0
19915,367.9,0.0,0.0,0.0,0.0
19916,366.9,0.0,0.0,0.0,0.0
19917,361.6,0.0,0.0,0.0,0.0
19918,369.2,0.0,0.0,0.0,0.0
19919,368.4,0.0,0.0,0.0,0.0
19920,377.3,0.0,0.0,0.0,0.0
19921,373.7,0.0,0.0,0.0,0.0
19922,355.1,0.0,0.0,0.0,0.0
19923,372.3,0.0,0.0,0.0,0.0
19924,353.5,0.0,0.0,0.0,0.0
19925,382.3,0.0,0.0,0.0,0.0
19926,392.7,0.0,0.0,0.0,0.0
19927,407.0,0.0,0.0,0.0,0.0
19928,408.6,0.0,0.0,0.0,0.0
19929,387.8,0.0,0.0,0.0,0.0
19930,393.5,0.0,0.0,0.0,0.0
19931,407.3,0.0,0.0,0.0,0.0
19932,357.6,0.0,0.0,0.0,0.0
19933,366.5,0.0,0.0,0.0,0.0
19934,340.5,0.0,0.0,0.0,0.0
19935,334.7,0.0,0.0,0.0,0.0
19936,335.2,0.0,0.0,0.0,0.0
19937,326.5,0.0,0.0,0.0,0.0
19938,330.4,0.0,0.0,0.0,0.0
19939,299.9,0.0,0.0,0.0,0.0
19940,328.5,0.0,0.0,0.0,0.0
19941,308.6,0.0,0.0,0.0,0.0
19942,305.0,0.0,0.0,0.0,0.0
19943,304.0,0.0,0.0,0.0,0.0
19944,296.6,0.0,0.0,0.0,0.0
19945,287.1,0.0,0.0,0.0,0.0
19946,284.0,0.0,0.0,0.0,0.0
19947,274.5,0.0,0.0,0.0,0.0
19948,261.3,0.0,0.0,0.0,0.0
19949,251.0,0.0,0.0,0.0,0.0
19950,232.2,0.0,0.0,0.0,0.0
19951,227.8,0.0,0.0,0.0,0.0
19952,270.5,0.0,0.0,0.0,0.0
19953,268.2,0.0,0.0,0.0,0.0
19954,277.1,0.0,0.0,0.0,0.0
19955,253.6,0.0,0.0,0.0,0.0
19956,256.7,0.0,0.0,0.0,0.0
19957,228.9,0.0,0.0,0.0,0.0
19958,204.0,0.0,0.0,0.0,0.0
19959,232.9,0.0,0.0,0.0,0.0
19960,197.0,0.0,0.0,0.0,0.0
19961,210.4,0.0,0.0,0.0,0.0
19962,258.4,0.0,0.0,0.0,0.0
19963,262.1,0.0,0.0,0.0,0.0
19964,238.3,0.0,0.0,0.0,0.0
19965,244.7,0.0,0.0,0.0,0.0
19966,222.9,0.0,0.0,0.0,0.0
19967,197.0,0.0,0.0,0.0,0.0
19968,184.4,0.0,0.0,0.0,0.0
19969,195.4,0.0,0.0,0.0,0.0
19970,226.7,0.0,0.0,0.0,0.0
19971,232.1,0.0,0.0,0.0,0.0
19972,228.3,0.0,0.0,0.0,0.0
19973,223.8,0.0,0.0,0.0,0.0
19974,216.3,0.0,0.0,0.0,0.0
19975,230.0,0.0,0.0,0.0,0.0
19976,215.8,0.0,0.0,0.0,0.0
19977,232.1,0.0,0.0,0.0,0.0
19978,206.4,0.0,0.0,0.0,0.0
19979,228.8,0.0,0.0,0.0,0.0
19980,209.9,0.0,0.0,0.0,0.0
19981,231.6,0.0,0.0,0.0,0.0
19982,208.3,0.0,0.0,0.0,0.0
19983,222.6,0.0,0.0,0.0,0.0
19984,232.4,0.0,0.0,0.0,0.0
19985,226.1,0.0,0.0,0.0,0.0
19986,205.5,0.0,0.0,0.0,0.0
19987,211.7,0.0,0.0,0.0,0.0
19988,187.1,0.0,0.0,0.0,0.0
19989,196.0,0.0,0.0,0.0,0.0
19990,202.0,0.0,0.0,0.0,0.0
19991,182.6,0.0,0.0,0.0,0.0
19992,165.6,0.0,0.0,0.0,0.0
19993,168.2,0.0,0.0,0.0,0.0
19994,137.3,0.0,0.0,0.0,0.0
19995,108.2,0.0,0.0,0.0,0.0
19996,119.3,0.0,0.0,0.0,0.0
19997,123.0,0.0,0.0,0.0,0.0
19998,113.9,0.0,0.0,0.0,0.0
19999,112.1,0.0,0.0,0.0,0.0
20000,99.3,0.0,0.0,0.0,0.0
20001,99.3,0.0,0.0,0.0,0.0
20002,104.8,0.0,0.0,0.0,0.0
20003,107.3,0.0,0.0,0.0,0.0
20004,100.7,0.0,0.0,0.0,0.0
20005,103.5,0.0,0.0,0.0,0.0
20006,116.9,0.0,0.0,0.0,0.0
20007,126.8,0.0,0.0,0.0,0.0
20008,114.1,0.0,0.0,0.0,0.0
20009,118.9,0.0,0.0,0.0,0.0
20010,110.2,0.0,0.0,0.0,0.0
20011,126.3,0.0,0.0,0.0,0.0
20012,137.5,0.0,0.0,0.0,0.0
20013,195.6,0.0,0.0,0.0,0.0
20014,133.4,0.0,0.0,0.0,0.0
20015,126.5,0.0,0.0,0.0,0.0
20016,128.5,0.0,0.0,0.0,0.0
20017,122.2,0.0,0.0,0.0,0.0
20018,169.9,0.0,0.0,0.0,0.0
20019,176.9,0.0,0.0,0.0,0.0
20020,151.9,0.0,0.0,0.0,0.0
20021,110.7,0.0,0.0,0.0,0.0
20022,155.7,0.0,0.0,0.0,0.0
20023,141.6,0.0,0.0,0.0,0.0
20024,125.6,0.0,0.0,0.0,0.0
20025,114.1,0.0,0.0,0.0,0.0
20026,119.5,0.0,0.0,0.0,0.0
20027,110.9,0.0,0.0,0.0,0.0
20028,156.9,0.0,0.0,0.0,0.0
20029,156.8,0.0,0.0,0.0,0.0
20030,137.7,0.0,0.0,0.0,0.0
20031,141.9,0.0,0.0,0.0,0.0
20032,133.8,0.0,0.0,0.0,0.0
20033,152.4,0.0,0.0,0.0,0.0
20034,127.9,0.0,0.0,0.0,0.0
20035,131.7,0.0,0.0,0.0,0.0
20036,136.5,0.0,0.0,0.0,0.0
20037,150.2,0.0,0.0,0.0,0.0
20038,127.4,0.0,0.0,0.0,0.0
20039,118.0,0.0,0.0,0.0,0.0
20040,122.8,0.0,0.0,0.0,0.0
20041,90.5,0.0,0.0,0.0,0.0
20042,115.9,0.0,0.0,0.0,0.0
20043,122.6,0.0,0.0,0.0,0.0
20044,121.4,0.0,0.0,0.0,0.0
20045,108.7,0.0,0.0,0.0,0.0
20046,106.9,0.0,0.0,0.0,0.0
20047,98.4,0.0,0.0,0.0,0.0
20048,116.9,0.0,0.0,0.0,0.0
20049,104.1,0.0,0.0,0.0,0.0
20050,103.2,0.0,0.0,0.0,0.0
20051,106.3,0.0,0.0,0.0,0.0
20052,106.0,0.0,0.0,0.0,0.0
20053,98.0,0.0,0.0,0.0,0.0
20054,109.0,0.0,0.0,0.0,0.0
20055,119.5,0.0,0.0,0.0,0.0
20056,113.1,0.0,0.0,0.0,0.0
20057,109.6,0.0,0.0,0.0,0.0
20058,102.8,0.0,0.0,0.0,0.0
20059,106.1,0.0,0.0,0.0,0.0
20060,110.1,0.0,0.0,0.0,0.0
20061,116.2,0.0,0.0,0.0,0.0
20062,94.3,0.0,0.0,0.0,0.0
20063,104.4,0.0,0.0,0.0,0.0
20064,97.2,0.0,0.0,0.0,0.0
20065,91.9,0.0,0.0,0.0,0.0
20066,67.7,0.0,0.0,0.0,0.0
20067,86.9,0.0,0.0,0.0,0.0
20068,92.6,0.0,0.0,0.0,0.0
20069,98.2,0.0,0.0,0.0,0.0
20070,91.1,0.0,0.0,0.0,0.0
20071,93.9,0.0,0.0,0.0,0.0
20072,97.6,0.0,0.0,0.0,0.0
20073,93.3,0.0,0.0,0.0,0.0
20074,97.4,0.0,0.0,0.0,0.0
20075,103.2,0.0,0.0,0.0,0.0
20076,83.0,0.0,0.0,0.0,0.0
20077,96.4,0.0,0.0,0.0,0.0
20078,92.3,0.0,0.0,0.0,0.0
20079,97.0,0.0,0.0,0.0,0.0
20080,99.9,0.0,0.0,0.0,0.0
20081,102.3,0.0,0.0,0.0,0.0
20082,117.8,0.0,0.0,0.0,0.0
20083,113.4,0.0,0.0,0.0,0.0
20084,113.8,0.0,0.0,0.0,0.0
20085,72.6,0.0,0.0,0.0,0.0
20086,12.8,0.0,0.0,0.0,0.0
20087,45.1,0.0,0.0,0.0,0.0
20088,32.4,0.0,0.0,0.0,0.0
20089,42.6,0.0,0.0,0.0,0.0
20090,52.3,0.0,0.0,0.0,0.0
20091,56.4,0.0,0.0,0.0,0.0
20092,93.5,0.0,0.0,0.0,0.0
20093,97.6,0.0,0.0,0.0,0.0
20094,76.9,0.0,0.0,0.0,0.0
20095,92.5,0.0,0.0,0.0,0.0
20096,116.9,0.0,0.0,0.0,0.0
20097,93.6,0.0,0.0,0.0,0.0
20098,122.0,0.0,0.0,0.0,0.0
20099,90.6,0.0,0.0,0.0,0.0
20100,88.3,0.0,0.0,0.0,0.0
20101,93.1,0.0,0.0,0.0,0.0
20102,96.5,0.0,0.0,0.0,0.0
20103,88.3,0.0,0.0,0.0,0.0
20104,83.9,0.0,0.0,0.0,0.0
20105,94.4,0.0,0.0,0.0,0.0
20106,83.2,0.0,0.0,0.0,0.0
20107,98.3,0.0,0.0,0.0,0.0
20108,99.0,0.0,0.0,0.0,0.0
20109,95.9,0.0,0.0,0.0,0.0
20110,104.5,0.0,0.0,0.0,0.0
20111,91.1,0.0,0.0,0.0,0.0
20112,100.7,0.0,0.0,0.0,0.0
20113,100.9,0.0,0.0,0.0,0.0
20114,87.2,0.0,0.0,0.0,0.0
20115,45.9,0.0,0.0,0.0,0.0
20116,81.6,0.0,0.0,0.0,0.0
20117,29.5,0.0,0.0,0.0,0.0
20118,38.8,0.0,0.0,0.0,0.0
20119,31.5,0.0,0.0,0.0,0.0
20120,103.7,0.0,0.0,0.0,0.0
20121,64.0,0.0,0.0,0.0,0.0
20122,56.5,0.0,0.0,0.0,0.0
20123,67.0,0.0,0.0,0.0,0.0
20124,66.0,0.0,0.0,0.0,0.0
20125,58.6,0.0,0.0,0.0,0.0
20126,72.3,0.0,0.0,0.0,0.0
20127,109.4,0.0,0.0,0.0,0.0
20128,106.0,0.0,0.0,0.0,0.0
20129,106.1,0.0,0.0,0.0,0.0
20130,112.0,0.0,0.0,0.0,0.0
20131,85.6,0.0,0.0,0.0,0.0
20132,110.4,0.0,0.0,0.0,0.0
20133,82.5,0.0,0.0,0.0,0.0
20134,83.6,0.0,0.0,0.0,0.0
20135,93.5,0.0,0.0,0.0,0.0
20136,98.3,0.0,0.0,0.0,0.0
20137,82.7,0.0,0.0,0.0,0.0
20138,80.8,0.0,0.0,0.0,0.0
20139,106.5,0.0,0.0,0.0,0.0
20140,59.5,0.0,0.0,0.0,0.0
20141,92.6,0.0,0.0,0.0,0.0
20142,71.8,0.0,0.0,0.0,0.0
20143,63.2,0.0,0.0,0.0,0.0
20144,97.8,0.0,0.0,0.0,0.0
20145,87.2,0.0,0.0,0.0,0.0
20146,91.6,0.0,0.0,0.0,0.0
20147,95.7,0.0,0.0,0.0,0.0
20148,58.1,0.0,0.0,0.0,0.0
20149,57.6,0.0,0.0,0.0,0.0
20150,56.4,0.0,0.0,0.0,0.0
20151,53.4,0.0,0.0,0.0,0.0
20152,54.0,0.0,0.0,0.0,0.0
20153,56.2,0.0,0.0,0.0,0.0
20154,93.3,0.0,0.0,0.0,0.0
20155,64.5,0.0,0.0,0.0,0.0
20156,64.6,0.0,0.0,0.0,0.0
20157,82.3,0.0,0.0,0.0,0.0
20158,82.5,0.0,0.0,0.0,0.0
20159,83.0,0.0,0.0,0.0,0.0
20160,111.3,0.0,0.0,0.0,0.0
20161,87.6,0.0,0.0,0.0,0.0
20162,88.2,0.0,0.0,0.0,0.0
20163,118.9,0.0,0.0,0.0,0.0
20164,93.5,0.0,0.0,0.0,0.0
20165,91.3,0.0,0.0,0.0,0.0
20166,92.6,0.0,0.0,0.0,0.0
20167,72.7,0.0,0.0,0.0,0.0
20168,89.3,0.0,0.0,0.0,0.0
20169,89.6,0.0,0.0,0.0,0.0
20170,18.1,0.0,0.0,0.0,0.0
20171,18.3,0.0,0.0,0.0,0.0
20172,6.2,0.0,0.0,0.0,0.0
20173,15.1,0.0,0.0,0.0,0.0
20174,20.0,0.0,0.0,0.0,0.0
20175,41.0,0.0,0.0,0.0,0.0
20176,46.7,0.0,0.0,0.0,0.0
20177,43.2,0.0,0.0,0.0,0.0
20178,57.2,0.0,0.0,0.0,0.0
20179,70.0,0.0,0.0,0.0,0.0
20180,97.5,0.0,0.0,0.0,0.0
20181,83.7,0.0,0.0,0.0,0.0
20182,103.0,0.0,0.0,0.0,0.0
20183,68.9,0.0,0.0,0.0,0.0
20184,91.7,0.0,0.0,0.0,0.0
20185,90.3,0.0,0.0,0.0,0.0
20186,81.2,0.0,0.0,0.0,0.0
20187,87.5,0.0,0.0,0.0,0.0
20188,91.7,0.0,0.0,0.0,0.0
20189,94.4,0.0,0.0,0.0,0.0
20190,93.1,0.0,0.0,0.0,0.0
20191,88.1,0.0,0.0,0.0,0.0
20192,97.2,0.0,0.0,0.0,0.0
20193,77.5,0.0,0.0,0.0,0.0
20194,90.7,0.0,0.0,0.0,0.0
20195,92.6,0.0,0.0,0.0,0.0
20196,91.2,0.0,0.0,0.0,0.0
20197,116.1,0.0,0.0,0.0,0.0
20198,103.5,0.0,0.0,0.0,0.0
20199,101.0,0.0,0.0,0.0,0.0
20200,107.5,0.0,0.0,0.0,0.0
20201,101.0,0.0,0.0,0.0,0.0
20202,110.0,0.0,0.0,0.0,0.0
20203,133.1,0.0,0.0,0.0,0.0
20204,126.9,0.0,0.0,0.0,0.0
20205,125.4,0.0,0.0,0.0,0.0
20206,126.5,0.0,0.0,0.0,0.0
20207,124.7,0.0,0.0,0.0,0.0
20208,132.6,0.0,0.0,0.0,0.0
20209,122.2,0.0,0.0,0.0,0.0
20210,127.1,0.0,0.0,0.0,0.0
20211,126.0,0.0,0.0,0.0,0.0
20212,141.7,0.0,0.0,0.0,0.0
20213,169.6,0.0,0.0,0.0,0.0
20214,125.0,0.0,0.0,0.0,0.0
20215,146.7,0.0,0.0,0.0,0.0
20216,157.4,0.0,0.0,0.0,0.0
20217,111.8,0.0,0.0,0.0,0.0
20218,95.0,0.0,0.0,0.0,0.0
20219,234.3,0.0,0.0,0.0,0.0
20220,398.7,0.0,0.0,0.0,0.0
20221,507.0,0.0,0.0,0.0,0.0
20222,547.7,0.0,0.0,0.0,0.0
20223,525.0,0.0,0.0,0.0,0.0
20224,516.9,0.0,0.0,0.0,0.0
20225,307.2,0.0,0.0,0.0,0.0
20226,1088.3,0.0,0.0,0.0,0.0
20227,770.7,0.0,0.0,0.0,0.0
20228,654.4,0.0,0.0,0.0,0.0
20229,535.0,0.0,0.0,0.0,0.0
20230,499.5,0.0,0.0,0.0,0.0
20231,544.4,0.0,0.0,0.0,0.0
20232,575.2,0.0,0.0,0.0,0.0
20233,273.2,0.0,0.0,0.0,0.0
20234,385.8,0.0,0.0,0.0,0.0
20235,397.9,0.0,0.0,0.0,0.0
20236,418.5,0.0,0.0,0.0,0.0
20237,392.4,0.0,0.0,0.0,0.0
20238,392.9,0.0,0.0,0.0,0.0
20239,362.6,0.0,0.0,0.0,0.0
20240,337.2,0.0,0.0,0.0,0.0
20241,339.1,0.0,0.0,0.0,0.0
20242,354.7,0.0,0.0,0.0,0.0
20243,315.2,0.0,0.0,0.0,0.0
20244,312.8,0.0,0.0,0.0,0.0
20245,312.0,0.0,0.0,0.0,0.0
20246,331.1,0.0,0.0,0.0,0.0
20247,331.3,0.0,0.0,0.0,0.0
20248,308.8,0.0,0.0,0.0,0.0
20249,327.6,0.0,0.0,0.0,0.0
20250,329.8,0.0,0.0,0.0,0.0
20251,316.3,0.0,0.0,0.0,0.0
20252,321.8,0.0,0.0,0.0,0.0
20253,349.0,0.0,0.0,0.0,0.0
20254,322.5,0.0,0.0,0.0,0.0
20255,319.3,0.0,0.0,0.0,0.0
20256,306.7,0.0,0.0,0.0,0.0
20257,284.3,0.0,0.0,0.0,0.0
20258,254.8,0.0,0.0,0.0,0.0
20259,280.9,0.0,0.0,0.0,0.0
20260,269.5,0.0,0.0,0.0,0.0
20261,273.7,0.0,0.0,0.0,0.0
20262,327.2,0.0,0.0,0.0,0.0
20263,309.6,0.0,0.0,0.0,0.0
20264,377.7,0.0,0.0,0.0,0.0
20265,367.2,0.0,0.0,0.0,0.0
20266,353.5,0.0,0.0,0.0,0.0
20267,348.6,0.0,0.0,0.0,0.0
20268,362.0,0.0,0.0,0.0,0.0
20269,365.2,0.0,0.0,0.0,0.0
20270,364.8,0.0,0.0,0.0,0.0
20271,362.9,0.0,0.0,0.0,0.0
20272,379.9,0.0,0.0,0.0,0.0
20273,380.4,0.0,0.0,0.0,0.0
20274,401.8,0.0,0.0,0.0,0.0
20275,379.5,0.0,0.0,0.0,0.0
20276,381.0,0.0,0.0,0.0,0.0
20277,380.9,0.0,0.0,0.0,0.0
20278,436.9,0.0,0.0,0.0,0.0
20279,371.0,0.0,0.0,0.0,0.0
20280,404.9,0.0,0.0,0.0,0.0
20281,392.9,0.0,0.0,0.0,0.0
20282,427.3,0.0,0.0,0.0,0.0
20283,412.6,0.0,0.0,0.0,0.0
20284,427.1,0.0,0.0,0.0,0.0
20285,399.3,0.0,0.0,0.0,0.0
20286,431.0,0.0,0.0,0.0,0.0
20287,431.4,0.0,0.0,0.0,0.0
20288,406.0,0.0,0.0,0.0,0.0
20289,404.3,0.0,0.0,0.0,0.0
20290,396.0,0.0,0.0,0.0,0.0
20291,408.8,0.0,0.0,0.0,0.0
20292,398.2,0.0,0.0,0.0,0.0
20293,383.1,0.0,0.0,0.0,0.0
20294,362.1,0.0,0.0,0.0,0.0
20295,328.9,0.0,0.0,0.0,0.0
20296,329.2,0.0,0.0,0.0,0.0
20297,358.1,0.0,0.0,0.0,0.0
20298,351.0,0.0,0.0,0.0,0.0
20299,334.3,0.0,0.0,0.0,0.0
20300,335.2,0.0,0.0,0.0,0.0
20301,346.4,0.0,0.0,0.0,0.0
20302,331.0,0.0,0.0,0.0,0.0
20303,329.8,0.0,0.0,0.0,0.0
20304,349.2,0.0,0.0,0.0,0.0
20305,345.4,0.0,0.0,0.0,0.0
20306,348.6,0.0,0.0,0.0,0.0
20307,317.3,0.0,0.0,0.0,0.0
20308,320.0,0.0,0.0,0.0,0.0
20309,322.4,0.0,0.0,0.0,0.0
20310,309.7,0.0,0.0,0.0,0.0
20311,275.7,0.0,0.0,0.0,0.0
20312,248.2,0.0,0.0,0.0,0.0
20313,243.8,0.0,0.0,0.0,0.0
20314,243.8,0.0,0.0,0.0,0.0
20315,259.2,0.0,0.0,0.0,0.0
20316,249.7,0.0,0.0,0.0,0.0
20317,255.6,0.0,0.0,0.0,0.0
20318,270.2,0.0,0.0,0.0,0.0
20319,250.2,0.0,0.0,0.0,0.0
20320,261.8,0.0,0.0,0.0,0.0
20321,233.1,0.0,0.0,0.0,0.0
20322,226.8,0.0,0.0,0.0,0.0
20323,241.2,0.0,0.0,0.0,0.0
20324,237.3,0.0,0.0,0.0,0.0
20325,226.9,0.0,0.0,0.0,0.0
20326,237.0,0.0,0.0,0.0,0.0
20327,221.5,0.0,0.0,0.0,0.0
20328,229.8,0.0,0.0,0.0,0.0
20329,236.5,0.0,0.0,0.0,0.0
20330,214.9,0.0,0.0,0.0,0.0
20331,236.0,0.0,0.0,0.0,0.0
20332,238.4,0.0,0.0,0.0,0.0
20333,213.6,0.0,0.0,0.0,0.0
20334,228.1,0.0,0.0,0.0,0.0
20335,227.7,0.0,0.0,0.0,0.0
20336,212.9,0.0,0.0,0.0,0.0
20337,202.6,0.0,0.0,0.0,0.0
20338,200.8,0.0,0.0,0.0,0.0
20339,199.4,0.0,0.0,0.0,0.0
20340,202.7,0.0,0.0,0.0,0.0
20341,201.6,0.0,0.0,0.0,0.0
20342,207.3,0.0,0.0,0.0,0.0
20343,193.5,0.0,0.0,0.0,0.0
20344,202.5,0.0,0.0,0.0,0.0
20345,202.1,0.0,0.0,0.0,0.0
20346,203.4,0.0,0.0,0.0,0.0
20347,212.2,0.0,0.0,0.0,0.0
20348,189.3,0.0,0.0,0.0,0.0
20349,182.5,0.0,0.0,0.0,0.0
20350,187.9,0.0,0.0,0.0,0.0
20351,183.4,0.0,0.0,0.0,0.0
20352,182.0,0.0,0.0,0.0,0.0
20353,190.7,0.0,0.0,0.0,0.0
20354,209.6,0.0,0.0,0.0,0.0
20355,229.4,0.0,0.0,0.0,0.0
20356,240.1,0.0,0.0,0.0,0.0
20357,239.5,0.0,0.0,0.0,0.0
20358,231.4,0.0,0.0,0.0,0.0
20359,213.4,0.0,0.0,0.0,0.0
20360,219.2,0.0,0.0,0.0,0.0
20361,218.8,0.0,0.0,0.0,0.0
20362,226.5,0.0,0.0,0.0,0.0
20363,215.0,0.0,0.0,0.0,0.0
20364,191.1,0.0,0.0,0.0,0.0
20365,200.2,0.0,0.0,0.0,0.0
20366,200.1,0.0,0.0,0.0,0.0
20367,203.9,0.0,0.0,0.0,0.0
20368,198.2,0.0,0.0,0.0,0.0
20369,197.2,0.0,0.0,0.0,0.0
20370,200.4,0.0,0.0,0.0,0.0
20371,217.7,0.0,0.0,0.0,0.0
20372,222.6,0.0,0.0,0.0,0.0
20373,230.1,0.0,0.0,0.0,0.0
20374,219.0,0.0,0.0,0.0,0.0
20375,196.0,0.0,0.0,0.0,0.0
20376,201.3,0.0,0.0,0.0,0.0
20377,194.3,0.0,0.0,0.0,0.0
20378,199.8,0.0,0.0,0.0,0.0
20379,198.9,0.0,0.0,0.0,0.0
20380,162.0,0.0,0.0,0.0,0.0
20381,178.6,0.0,0.0,0.0,0.0
20382,169.7,0.0,0.0,0.0,0.0
20383,167.8,0.0,0.0,0.0,0.0
20384,161.2,0.0,0.0,0.0,0.0
20385,165.1,0.0,0.0,0.0,0.0
20386,155.6,0.0,0.0,0.0,0.0
20387,142.0,0.0,0.0,0.0,0.0
20388,162.8,0.0,0.0,0.0,0.0
20389,151.0,0.0,0.0,0.0,0.0
20390,152.6,0.0,0.0,0.0,0.0
20391,156.1,0.0,0.0,0.0,0.0
20392,149.0,0.0,0.0,0.0,0.0
20393,135.6,0.0,0.0,0.0,0.0
20394,141.5,0.0,0.0,0.0,0.0
20395,137.7,0.0,0.0,0.0,0.0
20396,143.8,0.0,0.0,0.0,0.0
20397,146.2,0.0,0.0,0.0,0.0
20398,136.7,0.0,0.0,0.0,0.0
20399,145.6,0.0,0.0,0.0,0.0
20400,139.0,0.0,0.0,0.0,0.0
20401,120.9,0.0,0.0,0.0,0.0
20402,79.4,0.0,0.0,0.0,0.0
20403,119.0,0.0,0.0,0.0,0.0
20404,121.9,0.0,0.0,0.0,0.0
20405,120.4,0.0,0.0,0.0,0.0
20406,118.3,0.0,0.0,0.0,0.0
20407,129.2,0.0,0.0,0.0,0.0
20408,124.8,0.0,0.0,0.0,0.0
20409,118.7,0.0,0.0,0.0,0.0
20410,123.4,0.0,0.0,0.0,0.0
20411,121.1,0.0,0.0,0.0,0.0
20412,125.6,0.0,0.0,0.0,0.0
20413,125.9,0.0,0.0,0.0,0.0
20414,121.9,0.0,0.0,0.0,0.0
20415,112.6,0.0,0.0,0.0,0.0
20416,119.6,0.0,0.0,0.0,0.0
20417,116.8,0.0,0.0,0.0,0.0
20418,115.6,0.0,0.0,0.0,0.0
20419,122.4,0.0,0.0,0.0,0.0
20420,119.9,0.0,0.0,0.0,0.0
20421,120.4,0.0,0.0,0.0,0.0
20422,123.0,0.0,0.0,0.0,0.0
20423,110.1,0.0,0.0,0.0,0.0
20424,104.1,0.0,0.0,0.0,0.0
20425,93.3,0.0,0.0,0.0,0.0
20426,102.5,0.0,0.0,0.0,0.0
20427,103.9,0.0,0.0,0.0,0.0
20428,96.4,0.0,0.0,0.0,0.0
20429,88.4,0.0,0.0,0.0,0.0
20430,97.8,0.0,0.0,0.0,0.0
20431,115.3,0.0,0.0,0.0,0.0
20432,104.9,0.0,0.0,0.0,0.0
20433,115.0,0.0,0.0,0.0,0.0
20434,115.6,0.0,0.0,0.0,0.0
20435,128.3,0.0,0.0,0.0,0.0
20436,126.8,0.0,0.0,0.0,0.0
20437,132.5,0.0,0.0,0.0,0.0
20438,123.8,0.0,0.0,0.0,0.0
20439,121.7,0.0,0.0,0.0,0.0
20440,127.7,0.0,0.0,0.0,0.0
20441,114.6,0.0,0.0,0.0,0.0
20442,90.3,0.0,0.0,0.0,0.0
20443,79.5,0.0,0.0,0.0,0.0
20444,87.7,0.0,0.0,0.0,0.0
20445,87.5,0.0,0.0,0.0,0.0
20446,66.6,0.0,0.0,0.0,0.0
20447,64.7,0.0,0.0,0.0,0.0
20448,60.7,0.0,0.0,0.0,0.0
20449,182.1,0.0,0.0,0.0,0.0
20450,285.8,0.0,0.0,0.0,0.0
20451,160.9,0.0,0.0,0.0,0.0
20452,974.5,0.0,0.0,0.0,0.0
20453,372.7,0.0,0.0,0.0,0.0
20454,323.8,0.0,0.0,0.0,0.0
20455,903.7,0.0,0.0,0.0,0.0
20456,863.5,0.0,0.0,0.0,0.0
20457,1150.3,0.0,0.0,0.0,0.0
20458,1275.5,0.0,0.0,0.0,0.0
20459,1309.4,0.0,0.0,0.0,0.0
20460,1311.5,0.0,0.0,0.0,0.0
20461,1306.5,0.0,0.0,0.0,0.0
20462,1388.0,0.0,0.0,0.0,0.0
20463,1353.8,0.0,0.0,0.0,0.0
20464,1382.0,0.0,0.0,0.0,0.0
20465,1346.4,0.0,0.0,0.0,0.0
20466,1372.3,0.0,0.0,0.0,0.0
20467,1191.4,0.0,0.0,0.0,0.0
20468,949.5,0.0,0.0,0.0,0.0
20469,805.9,0.0,0.0,0.0,0.0
20470,683.0,0.0,0.0,0.0,0.0
20471,578.6,0.0,0.0,0.0,0.0
20472,458.2,0.0,0.0,0.0,0.0
20473,412.0,0.0,0.0,0.0,0.0
20474,306.3,0.0,0.0,0.0,0.0
20475,293.6,0.0,0.0,0.0,0.0
20476,226.1,0.0,0.0,0.0,0.0
20477,207.7,0.0,0.0,0.0,0.0
20478,177.6,0.0,0.0,0.0,0.0
20479,170.9,0.0,0.0,0.0,0.0
20480,169.6,0.0,0.0,0.0,0.0
20481,197.3,0.0,0.0,0.0,0.0
20482,222.3,0.0,0.0,0.0,0.0
20483,210.9,0.0,0.0,0.0,0.0
20484,291.1,0.0,0.0,0.0,0.0
20485,331.3,0.0,0.0,0.0,0.0
20486,277.0,0.0,0.0,0.0,0.0
20487,329.9,0.0,0.0,0.0,0.0
20488,647.8,0.0,0.0,0.0,0.0
20489,811.7,0.0,0.0,0.0,0.0
20490,809.6,0.0,0.0,0.0,0.0
20491,821.1,0.0,0.0,0.0,0.0
20492,687.5,0.0,0.0,0.0,0.0
20493,600.0,0.0,0.0,0.0,0.0
20494,406.9,0.0,0.0,0.0,0.0
20495,391.6,0.0,0.0,0.0,0.0
20496,300.9,0.0,0.0,0.0,0.0
20497,251.3,0.0,0.0,0.0,0.0
20498,216.9,0.0,0.0,0.0,0.0
20499,168.4,0.0,0.0,0.0,0.0
20500,105.6,0.0,0.0,0.0,0.0
20501,95.7,0.0,0.0,0.0,0.0
20502,86.3,0.0,0.0,0.0,0.0
20503,77.6,0.0,0.0,0.0,0.0
20504,70.5,0.0,0.0,0.0,0.0
20505,64.9,0.0,0.0,0.0,0.0
20506,64.6,0.0,0.0,0.0,0.0
20507,67.0,0.0,0.0,0.0,0.0
20508,61.2,0.0,0.0,0.0,0.0
20509,65.6,0.0,0.0,0.0,0.0
20510,61.9,0.0,0.0,0.0,0.0
20511,65.1,0.0,0.0,0.0,0.0
20512,156.2,0.0,0.0,0.0,0.0
20513,274.2,0.0,0.0,0.0,0.0
20514,290.1,0.0,0.0,0.0,0.0
20515,281.0,0.0,0.0,0.0,0.0
20516,502.9,0.0,0.0,0.0,0.0
20517,589.1,0.0,0.0,0.0,0.0
20518,581.0,0.0,0.0,0.0,0.0
20519,662.4,0.0,0.0,0.0,0.0
20520,889.1,0.0,0.0,0.0,0.0
20521,867.6,0.0,0.0,0.0,0.0
20522,804.3,0.0,0.0,0.0,0.0
20523,789.2,0.0,0.0,0.0,0.0
20524,811.3,0.0,0.0,0.0,0.0
20525,794.8,0.0,0.0,0.0,0.0
20526,811.4,0.0,0.0,0.0,0.0
20527,669.9,0.0,0.0,0.0,0.0
20528,577.1,0.0,0.0,0.0,0.0
20529,606.3,0.0,0.0,0.0,0.0
20530,584.9,0.0,0.0,0.0,0.0
20531,613.1,0.0,0.0,0.0,0.0
20532,594.4,0.0,0.0,0.0,0.0
20533,649.2,0.0,0.0,0.0,0.0
20534,659.4,0.0,0.0,0.0,0.0
20535,647.7,0.0,0.0,0.0,0.0
20536,671.8,0.0,0.0,0.0,0.0
20537,579.5,0.0,0.0,0.0,0.0
20538,530.0,0.0,0.0,0.0,0.0
20539,584.1,0.0,0.0,0.0,0.0
20540,543.4,0.0,0.0,0.0,0.0
20541,582.8,0.0,0.0,0.0,0.0
20542,590.0,0.0,0.0,0.0,0.0
20543,590.0,0.0,0.0,0.0,0.0
20544,586.1,0.0,0.0,0.0,0.0
20545,550.3,0.0,0.0,0.0,0.0
20546,545.1,0.0,0.0,0.0,0.0
20547,584.2,0.0,0.0,0.0,0.0
20548,961.0,0.0,0.0,0.0,0.0
20549,1051.2,0.0,0.0,0.0,0.0
20550,1054.8,0.0,0.0,0.0,0.0
20551,1068.6,0.0,0.0,0.0,0.0
20552,1048.7,0.0,0.0,0.0,0.0
20553,1039.6,0.0,0.0,0.0,0.0
20554,1059.2,0.0,0.0,0.0,0.0
20555,881.7,0.0,0.0,0.0,0.0
20556,488.8,0.0,0.0,0.0,0.0
20557,1074.5,0.0,0.0,0.0,0.0
20558,1032.9,0.0,0.0,0.0,0.0
20559,1008.1,0.0,0.0,0.0,0.0
20560,821.7,0.0,0.0,0.0,0.0
20561,720.7,0.0,0.0,0.0,0.0
20562,783.9,0.0,0.0,0.0,0.0
20563,726.8,0.0,0.0,0.0,0.0
20564,767.9,0.0,0.0,0.0,0.0
20565,575.7,0.0,0.0,0.0,0.0
20566,608.4,0.0,0.0,0.0,0.0
20567,505.0,0.0,0.0,0.0,0.0
20568,520.1,0.0,0.0,0.0,0.0
20569,514.3,0.0,0.0,0.0,0.0
20570,571.6,0.0,0.0,0.0,0.0
20571,583.9,0.0,0.0,0.0,0.0
20572,411.8,0.0,0.0,0.0,0.0
20573,306.1,0.0,0.0,0.0,0.0
20574,248.6,0.0,0.0,0.0,0.0
20575,231.4,0.0,0.0,0.0,0.0
20576,154.1,0.0,0.0,0.0,0.0
20577,96.7,0.0,0.0,0.0,0.0
20578,57.2,0.0,0.0,0.0,0.0
20579,68.4,0.0,0.0,0.0,0.0
20580,69.0,0.0,0.0,0.0,0.0
20581,234.0,0.0,0.0,0.0,0.0
20582,265.1,0.0,0.0,0.0,0.0
20583,302.3,0.0,0.0,0.0,0.0
20584,302.6,0.0,0.0,0.0,0.0
20585,278.7,0.0,0.0,0.0,0.0
20586,261.4,0.0,0.0,0.0,0.0
20587,241.6,0.0,0.0,0.0,0.0
20588,225.9,0.0,0.0,0.0,0.0
20589,229.4,0.0,0.0,0.0,0.0
20590,258.1,0.0,0.0,0.0,0.0
20591,254.6,0.0,0.0,0.0,0.0
20592,267.2,0.0,0.0,0.0,0.0
20593,329.5,0.0,0.0,0.0,0.0
20594,308.8,0.0,0.0,0.0,0.0
20595,314.0,0.0,0.0,0.0,0.0
20596,304.2,0.0,0.0,0.0,0.0
20597,324.8,0.0,0.0,0.0,0.0
20598,208.7,0.0,0.0,0.0,0.0
20599,274.0,0.0,0.0,0.0,0.0
20600,273.5,0.0,0.0,0.0,0.0
20601,270.3,0.0,0.0,0.0,0.0
20602,277.0,0.0,0.0,0.0,0.0
20603,276.4,0.0,0.0,0.0,0.0
20604,279.4,0.0,0.0,0.0,0.0
20605,300.2,0.0,0.0,0.0,0.0
20606,293.4,0.0,0.0,0.0,0.0
20607,296.5,0.0,0.0,0.0,0.0
20608,293.7,0.0,0.0,0.0,0.0
20609,276.7,0.0,0.0,0.0,0.0
20610,289.4,0.0,0.0,0.0,0.0
20611,279.0,0.0,0.0,0.0,0.0
20612,282.2,0.0,0.0,0.0,0.0
20613,305.0,0.0,0.0,0.0,0.0
20614,287.7,0.0,0.0,0.0,0.0
20615,295.6,0.0,0.0,0.0,0.0
20616,293.8,0.0,0.0,0.0,0.0
20617,277.1,0.0,0.0,0.0,0.0
20618,279.5,0.0,0.0,0.0,0.0
20619,285.9,0.0,0.0,0.0,0.0
20620,315.2,0.0,0.0,0.0,0.0
20621,265.2,0.0,0.0,0.0,0.0
20622,309.3,0.0,0.0,0.0,0.0
20623,303.8,0.0,0.0,0.0,0.0
20624,323.8,0.0,0.0,0.0,0.0
20625,329.9,0.0,0.0,0.0,0.0
20626,347.5,0.0,0.0,0.0,0.0
20627,349.3,0.0,0.0,0.0,0.0
20628,362.9,0.0,0.0,0.0,0.0
20629,323.9,0.0,0.0,0.0,0.0
20630,384.5,0.0,0.0,0.0,0.0
20631,364.8,0.0,0.0,0.0,0.0
20632,333.3,0.0,0.0,0.0,0.0
20633,319.5,0.0,0.0,0.0,0.0
20634,324.1,0.0,0.0,0.0,0.0
20635,311.6,0.0,0.0,0.0,0.0
20636,328.2,0.0,0.0,0.0,0.0
20637,321.5,0.0,0.0,0.0,0.0
20638,326.6,0.0,0.0,0.0,0.0
20639,322.3,0.0,0.0,0.0,0.0
20640,322.6,0.0,0.0,0.0,0.0
20641,316.0,0.0,0.0,0.0,0.0
20642,327.9,0.0,0.0,0.0,0.0
20643,334.1,0.0,0.0,0.0,0.0
20644,328.9,0.0,0.0,0.0,0.0
20645,322.7,0.0,0.0,0.0,0.0
20646,333.5,0.0,0.0,0.0,0.0
20647,315.4,0.0,0.0,0.0,0.0
20648,324.1,0.0,0.0,0.0,0.0
20649,353.3,0.0,0.0,0.0,0.0
20650,356.8,0.0,0.0,0.0,0.0
20651,346.5,0.0,0.0,0.0,0.0
20652,352.8,0.0,0.0,0.0,0.0
20653,385.0,0.0,0.0,0.0,0.0
20654,365.2,0.0,0.0,0.0,0.0
20655,371.4,0.0,0.0,0.0,0.0
20656,373.1,0.0,0.0,0.0,0.0
20657,371.2,0.0,0.0,0.0,0.0
20658,356.5,0.0,0.0,0.0,0.0
20659,367.9,0.0,0.0,0.0,0.0
20660,345.7,0.0,0.0,0.0,0.0
20661,378.5,0.0,0.0,0.0,0.0
20662,355.3,0.0,0.0,0.0,0.0
20663,358.6,0.0,0.0,0.0,0.0
20664,353.9,0.0,0.0,0.0,0.0
20665,370.8,0.0,0.0,0.0,0.0
20666,347.6,0.0,0.0,0.0,0.0
20667,355.9,0.0,0.0,0.0,0.0
20668,347.7,0.0,0.0,0.0,0.0
20669,341.1,0.0,0.0,0.0,0.0
20670,322.1,0.0,0.0,0.0,0.0
20671,335.1,0.0,0.0,0.0,0.0
20672,356.6,0.0,0.0,0.0,0.0
20673,325.1,0.0,0.0,0.0,0.0
20674,340.9,0.0,0.0,0.0,0.0
20675,349.4,0.0,0.0,0.0,0.0
20676,330.4,0.0,0.0,0.0,0.0
20677,332.3,0.0,0.0,0.0,0.0
20678,330.1,0.0,0.0,0.0,0.0
20679,317.5,0.0,0.0,0.0,0.0
20680,303.5,0.0,0.0,0.0,0.0
20681,302.4,0.0,0.0,0.0,0.0
20682,299.0,0.0,0.0,0.0,0.0
20683,291.1,0.0,0.0,0.0,0.0
20684,312.6,0.0,0.0,0.0,0.0
20685,302.9,0.0,0.0,0.0,0.0
20686,302.4,0.0,0.0,0.0,0.0
20687,306.6,0.0,0.0,0.0,0.0
20688,305.5,0.0,0.0,0.0,0.0
20689,291.1,0.0,0.0,0.0,0.0
20690,275.2,0.0,0.0,0.0,0.0
20691,252.5,0.0,0.0,0.0,0.0
20692,242.8,0.0,0.0,0.0,0.0
20693,243.0,0.0,0.0,0.0,0.0
20694,250.2,0.0,0.0,0.0,0.0
20695,223.9,0.0,0.0,0.0,0.0
20696,231.7,0.0,0.0,0.0,0.0
20697,243.1,0.0,0.0,0.0,0.0
20698,248.1,0.0,0.0,0.0,0.0
20699,224.3,0.0,0.0,0.0,0.0
20700,261.2,0.0,0.0,0.0,0.0
20701,230.0,0.0,0.0,0.0,0.0
20702,250.5,0.0,0.0,0.0,0.0
20703,225.5,0.0,0.0,0.0,0.0
20704,198.0,0.0,0.0,0.0,0.0
20705,199.8,0.0,0.0,0.0,0.0
20706,212.5,0.0,0.0,0.0,0.0
20707,205.9,0.0,0.0,0.0,0.0
20708,210.3,0.0,0.0,0.0,0.0
20709,200.7,0.0,0.0,0.0,0.0
20710,202.9,0.0,0.0,0.0,0.0
20711,169.9,0.0,0.0,0.0,0.0
20712,192.3,0.0,0.0,0.0,0.0
20713,198.3,0.0,0.0,0.0,0.0
20714,182.3,0.0,0.0,0.0,0.0
20715,176.1,0.0,0.0,0.0,0.0
20716,186.3,0.0,0.0,0.0,0.0
20717,163.5,0.0,0.0,0.0,0.0
20718,170.7,0.0,0.0,0.0,0.0
20719,161.0,0.0,0.0,0.0,0.0
20720,160.9,0.0,0.0,0.0,0.0
20721,154.8,0.0,0.0,0.0,0.0
20722,156.7,0.0,0.0,0.0,0.0
20723,154.8,0.0,0.0,0.0,0.0
20724,145.0,0.0,0.0,0.0,0.0
20725,138.8,0.0,0.0,0.0,0.0
20726,124.3,0.0,0.0,0.0,0.0
20727,129.4,0.0,0.0,0.0,0.0
20728,137.4,0.0,0.0,0.0,0.0
20729,190.3,0.0,0.0,0.0,0.0
20730,187.7,0.0,0.0,0.0,0.0
20731,169.9,0.0,0.0,0.0,0.0
20732,189.3,0.0,0.0,0.0,0.0
20733,173.6,0.0,0.0,0.0,0.0
20734,172.9,0.0,0.0,0.0,0.0
20735,186.0,0.0,0.0,0.0,0.0
20736,163.9,0.0,0.0,0.0,0.0
20737,163.5,0.0,0.0,0.0,0.0
20738,165.5,0.0,0.0,0.0,0.0
20739,148.8,0.0,0.0,0.0,0.0
20740,158.7,0.0,0.0,0.0,0.0
20741,154.1,0.0,0.0,0.0,0.0
20742,160.4,0.0,0.0,0.0,0.0
20743,151.6,0.0,0.0,0.0,0.0
20744,147.3,0.0,0.0,0.0,0.0
20745,151.3,0.0,0.0,0.0,0.0
20746,131.2,0.0,0.0,0.0,0.0
20747,128.4,0.0,0.0,0.0,0.0
20748,129.3,0.0,0.0,0.0,0.0
20749,144.0,0.0,0.0,0.0,0.0
20750,134.5,0.0,0.0,0.0,0.0
20751,146.9,0.0,0.0,0.0,0.0
20752,136.0,0.0,0.0,0.0,0.0
20753,142.2,0.0,0.0,0.0,0.0
20754,143.1,0.0,0.0,0.0,0.0
20755,146.7,0.0,0.0,0.0,0.0
20756,95.6,0.0,0.0,0.0,0.0
20757,98.4,0.0,0.0,0.0,0.0
20758,153.7,0.0,0.0,0.0,0.0
20759,153.1,0.0,0.0,0.0,0.0
20760,149.0,0.0,0.0,0.0,0.0
20761,146.5,0.0,0.0,0.0,0.0
20762,157.1,0.0,0.0,0.0,0.0
20763,146.7,0.0,0.0,0.0,0.0
20764,152.7,0.0,0.0,0.0,0.0
20765,142.1,0.0,0.0,0.0,0.0
20766,142.4,0.0,0.0,0.0,0.0
20767,150.0,0.0,0.0,0.0,0.0
20768,150.4,0.0,0.0,0.0,0.0
20769,151.8,0.0,0.0,0.0,0.0
20770,176.8,0.0,0.0,0.0,0.0
20771,135.1,0.0,0.0,0.0,0.0
20772,122.1,0.0,0.0,0.0,0.0
20773,112.5,0.0,0.0,0.0,0.0
20774,150.2,0.0,0.0,0.0,0.0
20775,142.7,0.0,0.0,0.0,0.0
20776,145.3,0.0,0.0,0.0,0.0
20777,150.8,0.0,0.0,0.0,0.0
20778,140.2,0.0,0.0,0.0,0.0
20779,146.0,0.0,0.0,0.0,0.0
20780,143.2,0.0,0.0,0.0,0.0
20781,152.2,0.0,0.0,0.0,0.0
20782,147.7,0.0,0.0,0.0,0.0
20783,151.1,0.0,0.0,0.0,0.0
20784,145.2,0.0,0.0,0.0,0.0
20785,143.9,0.0,0.0,0.0,0.0
20786,150.0,0.0,0.0,0.0,0.0
20787,158.1,0.0,0.0,0.0,0.0
20788,152.7,0.0,0.0,0.0,0.0
20789,147.9,0.0,0.0,0.0,0.0
20790,144.6,0.0,0.0,0.0,0.0
20791,161.6,0.0,0.0,0.0,0.0
20792,141.1,0.0,0.0,0.0,0.0
20793,146.1,0.0,0.0,0.0,0.0
20794,146.8,0.0,0.0,0.0,0.0
20795,148.5,0.0,0.0,0.0,0.0
20796,145.2,0.0,0.0,0.0,0.0
20797,152.1,0.0,0.0,0.0,0.0
20798,151.7,0.0,0.0,0.0,0.0
20799,146.4,0.0,0.0,0.0,0.0
20800,141.9,0.0,0.0,0.0,0.0
20801,126.7,0.0,0.0,0.0,0.0
20802,112.7,0.0,0.0,0.0,0.0
20803,104.4,0.0,0.0,0.0,0.0
20804,105.7,0.0,0.0,0.0,0.0
20805,123.1,0.0,0.0,0.0,0.0
20806,138.3,0.0,0.0,0.0,0.0
20807,123.7,0.0,0.0,0.0,0.0
20808,140.3,0.0,0.0,0.0,0.0
20809,122.7,0.0,0.0,0.0,0.0
20810,122.1,0.0,0.0,0.0,0.0
20811,117.0,0.0,0.0,0.0,0.0
20812,126.7,0.0,0.0,0.0,0.0
20813,128.3,0.0,0.0,0.0,0.0
20814,126.6,0.0,0.0,0.0,0.0
20815,113.4,0.0,0.0,0.0,0.0
20816,122.3,0.0,0.0,0.0,0.0
20817,101.0,0.0,0.0,0.0,0.0
20818,107.4,0.0,0.0,0.0,0.0
20819,125.9,0.0,0.0,0.0,0.0
20820,136.7,0.0,0.0,0.0,0.0
20821,138.9,0.0,0.0,0.0,0.0
20822,130.2,0.0,0.0,0.0,0.0
20823,159.0,0.0,0.0,0.0,0.0
20824,142.2,0.0,0.0,0.0,0.0
20825,134.0,0.0,0.0,0.0,0.0
20826,130.8,0.0,0.0,0.0,0.0
20827,116.8,0.0,0.0,0.0,0.0
20828,125.0,0.0,0.0,0.0,0.0
20829,114.9,0.0,0.0,0.0,0.0
20830,118.7,0.0,0.0,0.0,0.0
20831,129.7,0.0,0.0,0.0,0.0
20832,128.9,0.0,0.0,0.0,0.0
20833,119.5,0.0,0.0,0.0,0.0
20834,120.9,0.0,0.0,0.0,0.0
20835,116.9,0.0,0.0,0.0,0.0
20836,124.3,0.0,0.0,0.0,0.0
20837,125.5,0.0,0.0,0.0,0.0
20838,135.8,0.0,0.0,0.0,0.0
20839,130.2,0.0,0.0,0.0,0.0
20840,126.0,0.0,0.0,0.0,0.0
20841,118.9,0.0,0.0,0.0,0.0
20842,137.0,0.0,0.0,0.0,0.0
20843,139.7,0.0,0.0,0.0,0.0
20844,136.5,0.0,0.0,0.0,0.0
20845,135.6,0.0,0.0,0.0,0.0
20846,131.8,0.0,0.0,0.0,0.0
20847,131.8,0.0,0.0,0.0,0.0
20848,132.5,0.0,0.0,0.0,0.0
20849,129.1,0.0,0.0,0.0,0.0
20850,128.9,0.0,0.0,0.0,0.0
20851,137.2,0.0,0.0,0.0,0.0
20852,144.7,0.0,0.0,0.0,0.0
20853,143.9,0.0,0.0,0.0,0.0
20854,134.7,0.0,0.0,0.0,0.0
20855,142.6,0.0,0.0,0.0,0.0
20856,150.2,0.0,0.0,0.0,0.0
20857,140.9,0.0,0.0,0.0,0.0
20858,138.5,0.0,0.0,0.0,0.0
20859,112.3,0.0,0.0,0.0,0.0
20860,122.9,0.0,0.0,0.0,0.0
20861,64.6,0.0,0.0,0.0,0.0
20862,104.2,0.0,0.0,0.0,0.0
20863,130.4,0.0,0.0,0.0,0.0
20864,123.6,0.0,0.0,0.0,0.0
20865,113.0,0.0,0.0,0.0,0.0
20866,117.3,0.0,0.0,0.0,0.0
20867,127.7,0.0,0.0,0.0,0.0
20868,114.8,0.0,0.0,0.0,0.0
20869,125.1,0.0,0.0,0.0,0.0
20870,140.6,0.0,0.0,0.0,0.0
20871,133.0,0.0,0.0,0.0,0.0
20872,75.8,0.0,0.0,0.0,0.0
20873,79.1,0.0,0.0,0.0,0.0
20874,124.0,0.0,0.0,0.0,0.0
20875,107.4,0.0,0.0,0.0,0.0
20876,81.3,0.0,0.0,0.0,0.0
20877,131.9,0.0,0.0,0.0,0.0
20878,129.8,0.0,0.0,0.0,0.0
20879,118.1,0.0,0.0,0.0,0.0
20880,117.6,0.0,0.0,0.0,0.0
20881,115.6,0.0,0.0,0.0,0.0
20882,101.4,0.0,0.0,0.0,0.0
20883,122.7,0.0,0.0,0.0,0.0
20884,118.9,0.0,0.0,0.0,0.0
20885,125.5,0.0,0.0,0.0,0.0
20886,114.2,0.0,0.0,0.0,0.0
20887,118.7,0.0,0.0,0.0,0.0
20888,108.8,0.0,0.0,0.0,0.0
20889,122.7,0.0,0.0,0.0,0.0
20890,112.7,0.0,0.0,0.0,0.0
20891,113.2,0.0,0.0,0.0,0.0
20892,122.5,0.0,0.0,0.0,0.0
20893,115.0,0.0,0.0,0.0,0.0
20894,119.4,0.0,0.0,0.0,0.0
20895,119.2,0.0,0.0,0.0,0.0
20896,106.6,0.0,0.0,0.0,0.0
20897,114.9,0.0,0.0,0.0,0.0
20898,113.1,0.0,0.0,0.0,0.0
20899,125.6,0.0,0.0,0.0,0.0
20900,117.7,0.0,0.0,0.0,0.0
20901,113.8,0.0,0.0,0.0,0.0
20902,127.8,0.0,0.0,0.0,0.0
20903,159.0,0.0,0.0,0.0,0.0
20904,145.4,0.0,0.0,0.0,0.0
20905,164.6,0.0,0.0,0.0,0.0
20906,163.2,0.0,0.0,0.0,0.0
20907,145.7,0.0,0.0,0.0,0.0
20908,164.2,0.0,0.0,0.0,0.0
20909,176.5,0.0,0.0,0.0,0.0
20910,194.2,0.0,0.0,0.0,0.0
20911,192.0,0.0,0.0,0.0,0.0
20912,193.8,0.0,0.0,0.0,0.0
20913,197.6,0.0,0.0,0.0,0.0
20914,212.0,0.0,0.0,0.0,0.0
20915,215.0,0.0,0.0,0.0,0.0
20916,209.7,0.0,0.0,0.0,0.0
20917,208.5,0.0,0.0,0.0,0.0
20918,223.7,0.0,0.0,0.0,0.0
20919,214.5,0.0,0.0,0.0,0.0
20920,225.5,0.0,0.0,0.0,0.0
20921,230.8,0.0,0.0,0.0,0.0
20922,229.7,0.0,0.0,0.0,0.0
20923,227.0,0.0,0.0,0.0,0.0
20924,218.9,0.0,0.0,0.0,0.0
20925,224.1,0.0,0.0,0.0,0.0
20926,223.9,0.0,0.0,0.0,0.0
20927,235.0,0.0,0.0,0.0,0.0
20928,229.2,0.0,0.0,0.0,0.0
20929,212.1,0.0,0.0,0.0,0.0
20930,212.2,0.0,0.0,0.0,0.0
20931,204.0,0.0,0.0,0.0,0.0
20932,207.7,0.0,0.0,0.0,0.0
20933,203.6,0.0,0.0,0.0,0.0
20934,208.0,0.0,0.0,0.0,0.0
20935,215.5,0.0,0.0,0.0,0.0
20936,214.2,0.0,0.0,0.0,0.0
20937,220.7,0.0,0.0,0.0,0.0
20938,188.2,0.0,0.0,0.0,0.0
20939,223.1,0.0,0.0,0.0,0.0
20940,218.4,0.0,0.0,0.0,0.0
20941,235.4,0.0,0.0,0.0,0.0
20942,299.7,0.0,0.0,0.0,0.0
20943,263.9,0.0,0.0,0.0,0.0
20944,252.1,0.0,0.0,0.0,0.0
20945,265.1,0.0,0.0,0.0,0.0
20946,253.1,0.0,0.0,0.0,0.0
20947,254.6,0.0,0.0,0.0,0.0
20948,258.5,0.0,0.0,0.0,0.0
20949,255.3,0.0,0.0,0.0,0.0
20950,267.4,0.0,0.0,0.0,0.0
20951,270.7,0.0,0.0,0.0,0.0
20952,281.8,0.0,0.0,0.0,0.0
20953,309.7,0.0,0.0,0.0,0.0
20954,329.4,0.0,0.0,0.0,0.0
20955,290.9,0.0,0.0,0.0,0.0
20956,279.5,0.0,0.0,0.0,0.0
20957,259.9,0.0,0.0,0.0,0.0
20958,261.8,0.0,0.0,0.0,0.0
20959,261.8,0.0,0.0,0.0,0.0
20960,256.4,0.0,0.0,0.0,0.0
20961,258.1,0.0,0.0,0.0,0.0
20962,260.0,0.0,0.0,0.0,0.0
20963,256.0,0.0,0.0,0.0,0.0
20964,274.7,0.0,0.0,0.0,0.0
20965,265.5,0.0,0.0,0.0,0.0
20966,281.4,0.0,0.0,0.0,0.0
20967,284.3,0.0,0.0,0.0,0.0
20968,236.0,0.0,0.0,0.0,0.0
20969,297.2,0.0,0.0,0.0,0.0
20970,293.9,0.0,0.0,0.0,0.0
20971,287.4,0.0,0.0,0.0,0.0
20972,285.2,0.0,0.0,0.0,0.0
20973,295.0,0.0,0.0,0.0,0.0
20974,299.3,0.0,0.0,0.0,0.0
20975,300.2,0.0,0.0,0.0,0.0
20976,297.5,0.0,0.0,0.0,0.0
20977,290.8,0.0,0.0,0.0,0.0
20978,292.6,0.0,0.0,0.0,0.0
20979,293.0,0.0,0.0,0.0,0.0
20980,296.4,0.0,0.0,0.0,0.0
20981,294.6,0.0,0.0,0.0,0.0
20982,298.5,0.0,0.0,0.0,0.0
20983,278.6,0.0,0.0,0.0,0.0
20984,292.8,0.0,0.0,0.0,0.0
20985,315.1,0.0,0.0,0.0,0.0
20986,345.6,0.0,0.0,0.0,0.0
20987,337.7,0.0,0.0,0.0,0.0
20988,337.8,0.0,0.0,0.0,0.0
20989,339.2,0.0,0.0,0.0,0.0
20990,330.8,0.0,0.0,0.0,0.0
20991,332.4,0.0,0.0,0.0,0.0
20992,342.1,0.0,0.0,0.0,0.0
20993,338.5,0.0,0.0,0.0,0.0
20994,343.1,0.0,0.0,0.0,0.0
20995,330.7,0.0,0.0,0.0,0.0
20996,353.4,0.0,0.0,0.0,0.0
20997,323.9,0.0,0.0,0.0,0.0
20998,360.5,0.0,0.0,0.0,0.0
20999,375.7,0.0,0.0,0.0,0.0
21000,377.6,0.0,0.0,0.0,0.0
21001,373.4,0.0,0.0,0.0,0.0
21002,378.2,0.0,0.0,0.0,0.0
21003,379.1,0.0,0.0,0.0,0.0
21004,396.5,0.0,0.0,0.0,0.0
21005,379.5,0.0,0.0,0.0,0.0
21006,369.6,0.0,0.0,0.0,0.0
21007,387.6,0.0,0.0,0.0,0.0
21008,370.9,0.0,0.0,0.0,0.0
21009,374.6,0.0,0.0,0.0,0.0
21010,385.8,0.0,0.0,0.0,0.0
21011,373.0,0.0,0.0,0.0,0.0
21012,366.2,0.0,0.0,0.0,0.0
21013,386.1,0.0,0.0,0.0,0.0
21014,365.4,0.0,0.0,0.0,0.0
21015,373.7,0.0,0.0,0.0,0.0
21016,393.6,0.0,0.0,0.0,0.0
21017,374.2,0.0,0.0,0.0,0.0
21018,373.5,0.0,0.0,0.0,0.0
21019,371.4,0.0,0.0,0.0,0.0
21020,369.9,0.0,0.0,0.0,0.0
21021,373.0,0.0,0.0,0.0,0.0
21022,363.3,0.0,0.0,0.0,0.0
21023,372.0,0.0,0.0,0.0,0.0
21024,364.9,0.0,0.0,0.0,0.0
21025,375.2,0.0,0.0,0.0,0.0
21026,370.3,0.0,0.0,0.0,0.0
21027,360.7,0.0,0.0,0.0,0.0
21028,324.7,0.0,0.0,0.0,0.0
21029,328.9,0.0,0.0,0.0,0.0
21030,322.3,0.0,0.0,0.0,0.0
21031,325.4,0.0,0.0,0.0,0.0
21032,324.9,0.0,0.0,0.0,0.0
21033,343.0,0.0,0.0,0.0,0.0
21034,346.1,0.0,0.0,0.0,0.0
21035,337.3,0.0,0.0,0.0,0.0
21036,331.0,0.0,0.0,0.0,0.0
21037,349.5,0.0,0.0,0.0,0.0
21038,343.3,0.0,0.0,0.0,0.0
21039,331.1,0.0,0.0,0.0,0.0
21040,331.6,0.0,0.0,0.0,0.0
21041,335.6,0.0,0.0,0.0,0.0
21042,323.4,0.0,0.0,0.0,0.0
21043,333.2,0.0,0.0,0.0,0.0
21044,294.5,0.0,0.0,0.0,0.0
21045,344.8,0.0,0.0,0.0,0.0
21046,268.5,0.0,0.0,0.0,0.0
21047,270.9,0.0,0.0,0.0,0.0
21048,274.5,0.0,0.0,0.0,0.0
21049,252.2,0.0,0.0,0.0,0.0
21050,250.6,0.0,0.0,0.0,0.0
21051,258.9,0.0,0.0,0.0,0.0
21052,247.4,0.0,0.0,0.0,0.0
21053,242.3,0.0,0.0,0.0,0.0
21054,244.9,0.0,0.0,0.0,0.0
21055,237.7,0.0,0.0,0.0,0.0
21056,225.2,0.0,0.0,0.0,0.0
21057,238.2,0.0,0.0,0.0,0.0
21058,227.3,0.0,0.0,0.0,0.0
21059,228.1,0.0,0.0,0.0,0.0
21060,262.3,0.0,0.0,0.0,0.0
21061,250.6,0.0,0.0,0.0,0.0
21062,242.9,0.0,0.0,0.0,0.0
21063,250.7,0.0,0.0,0.0,0.0
21064,253.1,0.0,0.0,0.0,0.0
21065,254.9,0.0,0.0,0.0,0.0
21066,247.1,0.0,0.0,0.0,0.0
21067,247.1,0.0,0.0,0.0,0.0
21068,252.2,0.0,0.0,0.0,0.0
21069,235.0,0.0,0.0,0.0,0.0
21070,235.2,0.0,0.0,0.0,0.0
21071,223.2,0.0,0.0,0.0,0.0
21072,227.3,0.0,0.0,0.0,0.0
21073,220.8,0.0,0.0,0.0,0.0
21074,213.5,0.0,0.0,0.0,0.0
21075,219.7,0.0,0.0,0.0,0.0
21076,199.4,0.0,0.0,0.0,0.0
21077,203.8,0.0,0.0,0.0,0.0
21078,199.9,0.0,0.0,0.0,0.0
21079,159.9,0.0,0.0,0.0,0.0
21080,192.7,0.0,0.0,0.0,0.0
21081,210.1,0.0,0.0,0.0,0.0
21082,204.4,0.0,0.0,0.0,0.0
21083,202.1,0.0,0.0,0.0,0.0
21084,191.2,0.0,0.0,0.0,0.0
21085,196.9,0.0,0.0,0.0,0.0
21086,199.8,0.0,0.0,0.0,0.0
21087,189.4,0.0,0.0,0.0,0.0
21088,196.2,0.0,0.0,0.0,0.0
21089,187.6,0.0,0.0,0.0,0.0
21090,193.7,0.0,0.0,0.0,0.0
21091,195.3,0.0,0.0,0.0,0.0
21092,188.4,0.0,0.0,0.0,0.0
21093,190.7,0.0,0.0,0.0,0.0
21094,186.6,0.0,0.0,0.0,0.0
21095,185.9,0.0,0.0,0.0,0.0
21096,173.7,0.0,0.0,0.0,0.0
21097,178.7,0.0,0.0,0.0,0.0
21098,179.7,0.0,0.0,0.0,0.0
21099,186.9,0.0,0.0,0.0,0.0
21100,176.6,0.0,0.0,0.0,0.0
21101,176.2,0.0,0.0,0.0,0.0
21102,117.0,0.0,0.0,0.0,0.0
21103,117.0,0.0,0.0,0.0,0.0
21104,145.3,0.0,0.0,0.0,0.0
21105,159.5,0.0,0.0,0.0,0.0
21106,159.9,0.0,0.0,0.0,0.0
21107,163.5,0.0,0.0,0.0,0.0
21108,160.4,0.0,0.0,0.0,0.0
21109,132.0,0.0,0.0,0.0,0.0
21110,135.3,0.0,0.0,0.0,0.0
21111,141.1,0.0,0.0,0.0,0.0
21112,142.3,0.0,0.0,0.0,0.0
21113,131.1,0.0,0.0,0.0,0.0
21114,142.9,0.0,0.0,0.0,0.0
21115,130.8,0.0,0.0,0.0,0.0
21116,127.7,0.0,0.0,0.0,0.0
21117,125.7,0.0,0.0,0.0,0.0
21118,147.6,0.0,0.0,0.0,0.0
21119,134.7,0.0,0.0,0.0,0.0
21120,132.6,0.0,0.0,0.0,0.0
21121,144.1,0.0,0.0,0.0,0.0
21122,136.6,0.0,0.0,0.0,0.0
21123,129.9,0.0,0.0,0.0,0.0
21124,130.9,0.0,0.0,0.0,0.0
21125,136.7,0.0,0.0,0.0,0.0
21126,134.0,0.0,0.0,0.0,0.0
21127,135.3,0.0,0.0,0.0,0.0
21128,136.3,0.0,0.0,0.0,0.0
21129,137.8,0.0,0.0,0.0,0.0
21130,137.0,0.0,0.0,0.0,0.0
21131,131.5,0.0,0.0,0.0,0.0
21132,137.0,0.0,0.0,0.0,0.0
21133,135.0,0.0,0.0,0.0,0.0
21134,136.6,0.0,0.0,0.0,0.0
21135,141.2,0.0,0.0,0.0,0.0
21136,134.4,0.0,0.0,0.0,0.0
21137,137.6,0.0,0.0,0.0,0.0
21138,137.7,0.0,0.0,0.0,0.0
21139,136.7,0.0,0.0,0.0,0.0
21140,138.5,0.0,0.0,0.0,0.0
21141,141.3,0.0,0.0,0.0,0.0
21142,139.0,0.0,0.0,0.0,0.0
21143,143.3,0.0,0.0,0.0,0.0
21144,161.4,0.0,0.0,0.0,0.0
21145,131.9,0.0,0.0,0.0,0.0
21146,137.5,0.0,0.0,0.0,0.0
21147,138.4,0.0,0.0,0.0,0.0
21148,143.0,0.0,0.0,0.0,0.0
21149,136.0,0.0,0.0,0.0,0.0
21150,141.3,0.0,0.0,0.0,0.0
21151,127.9,0.0,0.0,0.0,0.0
21152,136.1,0.0,0.0,0.0,0.0
21153,137.2,0.0,0.0,0.0,0.0
21154,153.8,0.0,0.0,0.0,0.0
21155,152.8,0.0,0.0,0.0,0.0
21156,145.8,0.0,0.0,0.0,0.0
21157,142.2,0.0,0.0,0.0,0.0
21158,143.6,0.0,0.0,0.0,0.0
21159,142.7,0.0,0.0,0.0,0.0
21160,153.3,0.0,0.0,0.0,0.0
21161,136.2,0.0,0.0,0.0,0.0
21162,130.8,0.0,0.0,0.0,0.0
21163,140.5,0.0,0.0,0.0,0.0
21164,135.3,0.0,0.0,0.0,0.0
21165,127.4,0.0,0.0,0.0,0.0
21166,118.9,0.0,0.0,0.0,0.0
21167,124.2,0.0,0.0,0.0,0.0
21168,123.9,0.0,0.0,0.0,0.0
21169,131.5,0.0,0.0,0.0,0.0
21170,125.6,0.0,0.0,0.0,0.0
21171,81.6,0.0,0.0,0.0,0.0
21172,116.7,0.0,0.0,0.0,0.0
21173,112.6,0.0,0.0,0.0,0.0
21174,121.4,0.0,0.0,0.0,0.0
21175,105.4,0.0,0.0,0.0,0.0
21176,125.2,0.0,0.0,0.0,0.0
21177,126.1,0.0,0.0,0.0,0.0
21178,126.6,0.0,0.0,0.0,0.0
21179,119.8,0.0,0.0,0.0,0.0
21180,129.8,0.0,0.0,0.0,0.0
21181,121.5,0.0,0.0,0.0,0.0
21182,125.1,0.0,0.0,0.0,0.0
21183,123.8,0.0,0.0,0.0,0.0
21184,122.0,0.0,0.0,0.0,0.0
21185,124.8,0.0,0.0,0.0,0.0
21186,117.0,0.0,0.0,0.0,0.0
21187,96.7,0.0,0.0,0.0,0.0
21188,96.7,0.0,0.0,0.0,0.0
21189,49.8,0.0,0.0,0.0,0.0
21190,61.7,0.0,0.0,0.0,0.0
21191,100.7,0.0,0.0,0.0,0.0
21192,96.1,0.0,0.0,0.0,0.0
21193,113.3,0.0,0.0,0.0,0.0
21194,92.7,0.0,0.0,0.0,0.0
21195,104.4,0.0,0.0,0.0,0.0
21196,96.9,0.0,0.0,0.0,0.0
21197,94.8,0.0,0.0,0.0,0.0
21198,101.4,0.0,0.0,0.0,0.0
21199,93.9,0.0,0.0,0.0,0.0
21200,102.8,0.0,0.0,0.0,0.0
21201,105.2,0.0,0.0,0.0,0.0
21202,104.9,0.0,0.0,0.0,0.0
21203,96.0,0.0,0.0,0.0,0.0
21204,83.9,0.0,0.0,0.0,0.0
21205,88.6,0.0,0.0,0.0,0.0
21206,99.0,0.0,0.0,0.0,0.0
21207,98.6,0.0,0.0,0.0,0.0
21208,114.3,0.0,0.0,0.0,0.0
21209,94.4,0.0,0.0,0.0,0.0
21210,64.7,0.0,0.0,0.0,0.0
21211,60.8,0.0,0.0,0.0,0.0
21212,64.0,0.0,0.0,0.0,0.0
21213,64.1,0.0,0.0,0.0,0.0
21214,59.5,0.0,0.0,0.0,0.0
21215,58.7,0.0,0.0,0.0,0.0
21216,53.3,0.0,0.0,0.0,0.0
21217,60.2,0.0,0.0,0.0,0.0
21218,55.4,0.0,0.0,0.0,0.0
21219,61.7,0.0,0.0,0.0,0.0
21220,79.1,0.0,0.0,0.0,0.0
21221,78.2,0.0,0.0,0.0,0.0
21222,82.3,0.0,0.0,0.0,0.0
21223,86.5,0.0,0.0,0.0,0.0
21224,86.6,0.0,0.0,0.0,0.0
21225,79.6,0.0,0.0,0.0,0.0
21226,103.4,0.0,0.0,0.0,0.0
21227,75.1,0.0,0.0,0.0,0.0
21228,100.6,0.0,0.0,0.0,0.0
21229,78.2,0.0,0.0,0.0,0.0
21230,70.2,0.0,0.0,0.0,0.0
21231,89.7,0.0,0.0,0.0,0.0
21232,91.6,0.0,0.0,0.0,0.0
21233,86.9,0.0,0.0,0.0,0.0
21234,89.3,0.0,0.0,0.0,0.0
21235,87.0,0.0,0.0,0.0,0.0
21236,102.1,0.0,0.0,0.0,0.0
21237,65.9,0.0,0.0,0.0,0.0
21238,68.3,0.0,0.0,0.0,0.0
21239,35.2,0.0,0.0,0.0,0.0
21240,39.8,0.0,0.0,0.0,0.0
21241,47.2,0.0,0.0,0.0,0.0
21242,69.4,0.0,0.0,0.0,0.0
21243,29.6,0.0,0.0,0.0,0.0
21244,39.9,0.0,0.0,0.0,0.0
21245,84.8,0.0,0.0,0.0,0.0
21246,71.0,0.0,0.0,0.0,0.0
21247,80.2,0.0,0.0,0.0,0.0
21248,85.5,0.0,0.0,0.0,0.0
21249,86.7,0.0,0.0,0.0,0.0
21250,76.0,0.0,0.0,0.0,0.0
21251,69.3,0.0,0.0,0.0,0.0
21252,79.0,0.0,0.0,0.0,0.0
21253,85.3,0.0,0.0,0.0,0.0
21254,71.7,0.0,0.0,0.0,0.0
21255,82.3,0.0,0.0,0.0,0.0
21256,98.1,0.0,0.0,0.0,0.0
21257,91.8,0.0,0.0,0.0,0.0
21258,94.6,0.0,0.0,0.0,0.0
21259,86.0,0.0,0.0,0.0,0.0
21260,71.7,0.0,0.0,0.0,0.0
21261,83.9,0.0,0.0,0.0,0.0
21262,80.1,0.0,0.0,0.0,0.0
21263,87.5,0.0,0.0,0.0,0.0
21264,89.1,0.0,0.0,0.0,0.0
21265,94.5,0.0,0.0,0.0,0.0
21266,89.5,0.0,0.0,0.0,0.0
21267,91.8,0.0,0.0,0.0,0.0
21268,92.5,0.0,0.0,0.0,0.0
21269,97.5,0.0,0.0,0.0,0.0
21270,97.7,0.0,0.0,0.0,0.0
21271,84.3,0.0,0.0,0.0,0.0
21272,91.9,0.0,0.0,0.0,0.0
21273,84.1,0.0,0.0,0.0,0.0
21274,95.9,0.0,0.0,0.0,0.0
21275,113.0,0.0,0.0,0.0,0.0
21276,113.6,0.0,0.0,0.0,0.0
21277,135.8,0.0,0.0,0.0,0.0
21278,116.9,0.0,0.0,0.0,0.0
21279,111.6,0.0,0.0,0.0,0.0
21280,144.6,0.0,0.0,0.0,0.0
21281,153.5,0.0,0.0,0.0,0.0
21282,153.5,0.0,0.0,0.0,0.0
21283,175.9,0.0,0.0,0.0,0.0
21284,183.8,0.0,0.0,0.0,0.0
21285,193.6,0.0,0.0,0.0,0.0
21286,207.3,0.0,0.0,0.0,0.0
21287,192.3,0.0,0.0,0.0,0.0
21288,192.0,0.0,0.0,0.0,0.0
21289,199.2,0.0,0.0,0.0,0.0
21290,201.4,0.0,0.0,0.0,0.0
21291,203.6,0.0,0.0,0.0,0.0
21292,199.1,0.0,0.0,0.0,0.0
21293,202.0,0.0,0.0,0.0,0.0
21294,206.2,0.0,0.0,0.0,0.0
21295,208.1,0.0,0.0,0.0,0.0
21296,197.8,0.0,0.0,0.0,0.0
21297,191.1,0.0,0.0,0.0,0.0
21298,203.2,0.0,0.0,0.0,0.0
21299,193.8,0.0,0.0,0.0,0.0
21300,195.8,0.0,0.0,0.0,0.0
21301,195.0,0.0,0.0,0.0,0.0
21302,196.5,0.0,0.0,0.0,0.0
21303,207.1,0.0,0.0,0.0,0.0
21304,216.0,0.0,0.0,0.0,0.0
21305,212.2,0.0,0.0,0.0,0.0
21306,204.8,0.0,0.0,0.0,0.0
21307,215.2,0.0,0.0,0.0,0.0
21308,228.5,0.0,0.0,0.0,0.0
21309,226.2,0.0,0.0,0.0,0.0
21310,221.4,0.0,0.0,0.0,0.0
21311,243.3,0.0,0.0,0.0,0.0
21312,223.1,0.0,0.0,0.0,0.0
21313,232.5,0.0,0.0,0.0,0.0
21314,233.8,0.0,0.0,0.0,0.0
21315,232.3,0.0,0.0,0.0,0.0
21316,235.9,0.0,0.0,0.0,0.0
21317,232.8,0.0,0.0,0.0,0.0
21318,228.8,0.0,0.0,0.0,0.0
21319,260.3,0.0,0.0,0.0,0.0
21320,295.8,0.0,0.0,0.0,0.0
21321,238.7,0.0,0.0,0.0,0.0
21322,241.9,0.0,0.0,0.0,0.0
21323,269.5,0.0,0.0,0.0,0.0
21324,273.4,0.0,0.0,0.0,0.0
21325,280.3,0.0,0.0,0.0,0.0
21326,274.3,0.0,0.0,0.0,0.0
21327,248.5,0.0,0.0,0.0,0.0
21328,282.2,0.0,0.0,0.0,0.0
21329,276.2,0.0,0.0,0.0,0.0
21330,274.2,0.0,0.0,0.0,0.0
21331,268.7,0.0,0.0,0.0,0.0
21332,280.7,0.0,0.0,0.0,0.0
21333,268.9,0.0,0.0,0.0,0.0
21334,279.7,0.0,0.0,0.0,0.0
21335,282.5,0.0,0.0,0.0,0.0
21336,268.9,0.0,0.0,0.0,0.0
21337,282.2,0.0,0.0,0.0,0.0
21338,288.6,0.0,0.0,0.0,0.0
21339,253.5,0.0,0.0,0.0,0.0
21340,273.6,0.0,0.0,0.0,0.0
21341,263.6,0.0,0.0,0.0,0.0
21342,261.6,0.0,0.0,0.0,0.0
21343,253.0,0.0,0.0,0.0,0.0
21344,258.1,0.0,0.0,0.0,0.0
21345,258.9,0.0,0.0,0.0,0.0
21346,271.3,0.0,0.0,0.0,0.0
21347,286.7,0.0,0.0,0.0,0.0
21348,289.6,0.0,0.0,0.0,0.0
21349,269.0,0.0,0.0,0.0,0.0
21350,293.0,0.0,0.0,0.0,0.0
21351,276.0,0.0,0.0,0.0,0.0
21352,285.4,0.0,0.0,0.0,0.0
21353,310.9,0.0,0.0,0.0,0.0
21354,326.6,0.0,0.0,0.0,0.0
21355,332.2,0.0,0.0,0.0,0.0
21356,331.3,0.0,0.0,0.0,0.0
21357,325.5,0.0,0.0,0.0,0.0
21358,361.6,0.0,0.0,0.0,0.0
21359,336.1,0.0,0.0,0.0,0.0
21360,342.2,0.0,0.0,0.0,0.0
21361,324.3,0.0,0.0,0.0,0.0
21362,330.0,0.0,0.0,0.0,0.0
21363,321.2,0.0,0.0,0.0,0.0
21364,332.1,0.0,0.0,0.0,0.0
21365,326.9,0.0,0.0,0.0,0.0
21366,297.9,0.0,0.0,0.0,0.0
21367,348.3,0.0,0.0,0.0,0.0
21368,338.5,0.0,0.0,0.0,0.0
21369,314.4,0.0,0.0,0.0,0.0
21370,333.7,0.0,0.0,0.0,0.0
21371,337.0,0.0,0.0,0.0,0.0
21372,329.1,0.0,0.0,0.0,0.0
21373,331.8,0.0,0.0,0.0,0.0
21374,330.9,0.0,0.0,0.0,0.0
21375,332.8,0.0,0.0,0.0,0.0
21376,333.2,0.0,0.0,0.0,0.0
21377,333.0,0.0,0.0,0.0,0.0
21378,328.2,0.0,0.0,0.0,0.0
21379,341.5,0.0,0.0,0.0,0.0
21380,337.1,0.0,0.0,0.0,0.0
21381,335.3,0.0,0.0,0.0,0.0
21382,315.7,0.0,0.0,0.0,0.0
21383,315.1,0.0,0.0,0.0,0.0
21384,318.9,0.0,0.0,0.0,0.0
21385,302.9,0.0,0.0,0.0,0.0
21386,314.0,0.0,0.0,0.0,0.0
21387,328.3,0.0,0.0,0.0,0.0
21388,288.3,0.0,0.0,0.0,0.0
21389,283.2,0.0,0.0,0.0,0.0
21390,294.6,0.0,0.0,0.0,0.0
21391,293.3,0.0,0.0,0.0,0.0
21392,283.4,0.0,0.0,0.0,0.0
21393,275.3,0.0,0.0,0.0,0.0
21394,279.4,0.0,0.0,0.0,0.0
21395,278.6,0.0,0.0,0.0,0.0
21396,274.1,0.0,0.0,0.0,0.0
21397,263.6,0.0,0.0,0.0,0.0
21398,270.6,0.0,0.0,0.0,0.0
21399,265.5,0.0,0.0,0.0,0.0
21400,259.7,0.0,0.0,0.0,0.0
21401,235.4,0.0,0.0,0.0,0.0
21402,256.3,0.0,0.0,0.0,0.0
21403,257.8,0.0,0.0,0.0,0.0
21404,242.5,0.0,0.0,0.0,0.0
21405,249.9,0.0,0.0,0.0,0.0
21406,258.5,0.0,0.0,0.0,0.0
21407,233.4,0.0,0.0,0.0,0.0
21408,245.1,0.0,0.0,0.0,0.0
21409,238.1,0.0,0.0,0.0,0.0
21410,245.3,0.0,0.0,0.0,0.0
21411,250.1,0.0,0.0,0.0,0.0
21412,238.4,0.0,0.0,0.0,0.0
21413,238.0,0.0,0.0,0.0,0.0
21414,226.8,0.0,0.0,0.0,0.0
21415,228.2,0.0,0.0,0.0,0.0
21416,243.3,0.0,0.0,0.0,0.0
21417,243.1,0.0,0.0,0.0,0.0
21418,231.4,0.0,0.0,0.0,0.0
21419,220.3,0.0,0.0,0.0,0.0
21420,214.3,0.0,0.0,0.0,0.0
21421,203.4,0.0,0.0,0.0,0.0
21422,210.1,0.0,0.0,0.0,0.0
21423,219.5,0.0,0.0,0.0,0.0
21424,220.4,0.0,0.0,0.0,0.0
21425,218.4,0.0,0.0,0.0,0.0
21426,205.9,0.0,0.0,0.0,0.0
21427,211.8,0.0,0.0,0.0,0.0
21428,194.7,0.0,0.0,0.0,0.0
21429,177.5,0.0,0.0,0.0,0.0
21430,191.3,0.0,0.0,0.0,0.0
21431,193.2,0.0,0.0,0.0,0.0
21432,183.8,0.0,0.0,0.0,0.0
21433,193.9,0.0,0.0,0.0,0.0
21434,181.1,0.0,0.0,0.0,0.0
21435,170.3,0.0,0.0,0.0,0.0
21436,167.2,0.0,0.0,0.0,0.0
21437,165.5,0.0,0.0,0.0,0.0
21438,156.5,0.0,0.0,0.0,0.0
21439,156.7,0.0,0.0,0.0,0.0
21440,162.3,0.0,0.0,0.0,0.0
21441,161.5,0.0,0.0,0.0,0.0
21442,158.0,0.0,0.0,0.0,0.0
21443,158.0,0.0,0.0,0.0,0.0
21444,154.0,0.0,0.0,0.0,0.0
21445,156.2,0.0,0.0,0.0,0.0
21446,147.9,0.0,0.0,0.0,0.0
21447,142.3,0.0,0.0,0.0,0.0
21448,154.6,0.0,0.0,0.0,0.0
21449,139.6,0.0,0.0,0.0,0.0
21450,154.7,0.0,0.0,0.0,0.0
21451,136.9,0.0,0.0,0.0,0.0
21452,135.5,0.0,0.0,0.0,0.0
21453,133.4,0.0,0.0,0.0,0.0
21454,128.4,0.0,0.0,0.0,0.0
21455,140.9,0.0,0.0,0.0,0.0
21456,134.6,0.0,0.0,0.0,0.0
21457,135.9,0.0,0.0,0.0,0.0
21458,136.7,0.0,0.0,0.0,0.0
21459,140.9,0.0,0.0,0.0,0.0
21460,136.9,0.0,0.0,0.0,0.0
21461,133.4,0.0,0.0,0.0,0.0
21462,133.3,0.0,0.0,0.0,0.0
21463,132.5,0.0,0.0,0.0,0.0
21464,127.9,0.0,0.0,0.0,0.0
21465,132.7,0.0,0.0,0.0,0.0
21466,133.7,0.0,0.0,0.0,0.0
21467,119.0,0.0,0.0,0.0,0.0
21468,125.7,0.0,0.0,0.0,0.0
21469,118.5,0.0,0.0,0.0,0.0
21470,121.5,0.0,0.0,0.0,0.0
21471,128.2,0.0,0.0,0.0,0.0
21472,118.9,0.0,0.0,0.0,0.0
21473,118.7,0.0,0.0,0.0,0.0
21474,142.2,0.0,0.0,0.0,0.0
21475,163.5,0.0,0.0,0.0,0.0
21476,154.7,0.0,0.0,0.0,0.0
21477,153.8,0.0,0.0,0.0,0.0
21478,158.8,0.0,0.0,0.0,0.0
21479,145.8,0.0,0.0,0.0,0.0
21480,143.9,0.0,0.0,0.0,0.0
21481,146.9,0.0,0.0,0.0,0.0
21482,153.3,0.0,0.0,0.0,0.0
21483,152.1,0.0,0.0,0.0,0.0
21484,165.4,0.0,0.0,0.0,0.0
21485,158.8,0.0,0.0,0.0,0.0
21486,153.7,0.0,0.0,0.0,0.0
21487,156.7,0.0,0.0,0.0,0.0
21488,170.8,0.0,0.0,0.0,0.0
21489,155.0,0.0,0.0,0.0,0.0
21490,148.1,0.0,0.0,0.0,0.0
21491,100.4,0.0,0.0,0.0,0.0
21492,133.9,0.0,0.0,0.0,0.0
21493,133.1,0.0,0.0,0.0,0.0
21494,99.1,0.0,0.0,0.0,0.0
21495,108.3,0.0,0.0,0.0,0.0
21496,120.7,0.0,0.0,0.0,0.0
21497,113.6,0.0,0.0,0.0,0.0
21498,111.9,0.0,0.0,0.0,0.0
21499,98.5,0.0,0.0,0.0,0.0
21500,109.7,0.0,0.0,0.0,0.0
21501,111.7,0.0,0.0,0.0,0.0
21502,100.0,0.0,0.0,0.0,0.0
21503,89.9,0.0,0.0,0.0,0.0
21504,77.5,0.0,0.0,0.0,0.0
21505,74.5,0.0,0.0,0.0,0.0
21506,77.0,0.0,0.0,0.0,0.0
21507,68.8,0.0,0.0,0.0,0.0
21508,84.6,0.0,0.0,0.0,0.0
21509,73.0,0.0,0.0,0.0,0.0
21510,74.1,0.0,0.0,0.0,0.0
21511,70.9,0.0,0.0,0.0,0.0
21512,89.4,0.0,0.0,0.0,0.0
21513,88.9,0.0,0.0,0.0,0.0
21514,97.4,0.0,0.0,0.0,0.0
21515,92.0,0.0,0.0,0.0,0.0
21516,99.3,0.0,0.0,0.0,0.0
21517,110.3,0.0,0.0,0.0,0.0
21518,102.7,0.0,0.0,0.0,0.0
21519,97.5,0.0,0.0,0.0,0.0
21520,98.4,0.0,0.0,0.0,0.0
21521,97.2,0.0,0.0,0.0,0.0
21522,111.9,0.0,0.0,0.0,0.0
21523,96.1,0.0,0.0,0.0,0.0
21524,96.1,0.0,0.0,0.0,0.0
21525,107.0,0.0,0.0,0.0,0.0
21526,96.1,0.0,0.0,0.0,0.0
21527,63.4,0.0,0.0,0.0,0.0
21528,102.5,0.0,0.0,0.0,0.0
21529,103.0,0.0,0.0,0.0,0.0
21530,93.6,0.0,0.0,0.0,0.0
21531,94.0,0.0,0.0,0.0,0.0
21532,96.9,0.0,0.0,0.0,0.0
21533,97.2,0.0,0.0,0.0,0.0
21534,95.3,0.0,0.0,0.0,0.0
21535,106.2,0.0,0.0,0.0,0.0
21536,104.7,0.0,0.0,0.0,0.0
21537,118.9,0.0,0.0,0.0,0.0
21538,99.7,0.0,0.0,0.0,0.0
21539,89.0,0.0,0.0,0.0,0.0
21540,99.7,0.0,0.0,0.0,0.0
21541,102.0,0.0,0.0,0.0,0.0
21542,96.3,0.0,0.0,0.0,0.0
21543,98.9,0.0,0.0,0.0,0.0
21544,91.4,0.0,0.0,0.0,0.0
21545,102.4,0.0,0.0,0.0,0.0
21546,100.8,0.0,0.0,0.0,0.0
21547,100.8,0.0,0.0,0.0,0.0
21548,87.1,0.0,0.0,0.0,0.0
21549,108.7,0.0,0.0,0.0,0.0
21550,103.7,0.0,0.0,0.0,0.0
21551,96.8,0.0,0.0,0.0,0.0
21552,89.8,0.0,0.0,0.0,0.0
21553,88.6,0.0,0.0,0.0,0.0
21554,86.6,0.0,0.0,0.0,0.0
21555,89.2,0.0,0.0,0.0,0.0
21556,86.9,0.0,0.0,0.0,0.0
21557,94.8,0.0,0.0,0.0,0.0
21558,88.5,0.0,0.0,0.0,0.0
21559,78.0,0.0,0.0,0.0,0.0
21560,73.4,0.0,0.0,0.0,0.0
21561,88.4,0.0,0.0,0.0,0.0
21562,87.7,0.0,0.0,0.0,0.0
21563,88.8,0.0,0.0,0.0,0.0
21564,74.8,0.0,0.0,0.0,0.0
21565,90.9,0.0,0.0,0.0,0.0
21566,89.9,0.0,0.0,0.0,0.0
21567,92.3,0.0,0.0,0.0,0.0
21568,90.9,0.0,0.0,0.0,0.0
21569,93.5,0.0,0.0,0.0,0.0
21570,92.7,0.0,0.0,0.0,0.0
21571,95.0,0.0,0.0,0.0,0.0
21572,101.3,0.0,0.0,0.0,0.0
21573,92.7,0.0,0.0,0.0,0.0
21574,95.6,0.0,0.0,0.0,0.0
21575,98.7,0.0,0.0,0.0,0.0
21576,100.1,0.0,0.0,0.0,0.0
21577,83.0,0.0,0.0,0.0,0.0
21578,86.4,0.0,0.0,0.0,0.0
21579,84.0,0.0,0.0,0.0,0.0
21580,90.5,0.0,0.0,0.0,0.0
21581,90.7,0.0,0.0,0.0,0.0
21582,94.8,0.0,0.0,0.0,0.0
21583,94.2,0.0,0.0,0.0,0.0
21584,89.7,0.0,0.0,0.0,0.0
21585,91.1,0.0,0.0,0.0,0.0
21586,91.6,0.0,0.0,0.0,0.0
21587,81.0,0.0,0.0,0.0,0.0
21588,72.2,0.0,0.0,0.0,0.0
21589,77.3,0.0,0.0,0.0,0.0
21590,96.9,0.0,0.0,0.0,0.0
21591,100.1,0.0,0.0,0.0,0.0
21592,88.8,0.0,0.0,0.0,0.0
21593,91.3,0.0,0.0,0.0,0.0
21594,56.8,0.0,0.0,0.0,0.0
21595,75.7,0.0,0.0,0.0,0.0
21596,37.5,0.0,0.0,0.0,0.0
21597,57.7,0.0,0.0,0.0,0.0
21598,56.9,0.0,0.0,0.0,0.0
21599,60.9,0.0,0.0,0.0,0.0
21600,74.6,0.0,0.0,0.0,0.0
21601,44.1,0.0,0.0,0.0,0.0
21602,63.7,0.0,0.0,0.0,0.0
21603,55.2,0.0,0.0,0.0,0.0
21604,29.7,0.0,0.0,0.0,0.0
21605,21.6,0.0,0.0,0.0,0.0
21606,24.8,0.0,0.0,0.0,0.0
21607,17.7,0.0,0.0,0.0,0.0
21608,17.8,0.0,0.0,0.0,0.0
21609,21.2,0.0,0.0,0.0,0.0
21610,30.0,0.0,0.0,0.0,0.0
21611,20.0,0.0,0.0,0.0,0.0
21612,28.4,0.0,0.0,0.0,0.0
21613,26.5,0.0,0.0,0.0,0.0
21614,18.7,0.0,0.0,0.0,0.0
21615,36.9,0.0,0.0,0.0,0.0
21616,18.1,0.0,0.0,0.0,0.0
21617,16.6,0.0,0.0,0.0,0.0
21618,20.0,0.0,0.0,0.0,0.0
21619,51.0,0.0,0.0,0.0,0.0
21620,55.5,0.0,0.0,0.0,0.0
21621,87.0,0.0,0.0,0.0,0.0
21622,87.0,0.0,0.0,0.0,0.0
21623,85.8,0.0,0.0,0.0,0.0
21624,87.1,0.0,0.0,0.0,0.0
21625,80.0,0.0,0.0,0.0,0.0
21626,88.6,0.0,0.0,0.0,0.0
21627,77.7,0.0,0.0,0.0,0.0
21628,72.1,0.0,0.0,0.0,0.0
21629,63.4,0.0,0.0,0.0,0.0
21630,67.3,0.0,0.0,0.0,0.0
21631,63.6,0.0,0.0,0.0,0.0
21632,70.4,0.0,0.0,0.0,0.0
21633,91.0,0.0,0.0,0.0,0.0
21634,71.4,0.0,0.0,0.0,0.0
21635,92.8,0.0,0.0,0.0,0.0
21636,94.5,0.0,0.0,0.0,0.0
21637,84.1,0.0,0.0,0.0,0.0
21638,83.0,0.0,0.0,0.0,0.0
21639,90.0,0.0,0.0,0.0,0.0
21640,91.6,0.0,0.0,0.0,0.0
21641,128.1,0.0,0.0,0.0,0.0
21642,137.2,0.0,0.0,0.0,0.0
21643,143.9,0.0,0.0,0.0,0.0
21644,122.8,0.0,0.0,0.0,0.0
21645,122.8,0.0,0.0,0.0,0.0
21646,117.3,0.0,0.0,0.0,0.0
21647,118.7,0.0,0.0,0.0,0.0
21648,138.5,0.0,0.0,0.0,0.0
21649,157.4,0.0,0.0,0.0,0.0
21650,102.2,0.0,0.0,0.0,0.0
21651,116.8,0.0,0.0,0.0,0.0
21652,129.2,0.0,0.0,0.0,0.0
21653,167.5,0.0,0.0,0.0,0.0
21654,147.6,0.0,0.0,0.0,0.0
21655,137.8,0.0,0.0,0.0,0.0
21656,154.1,0.0,0.0,0.0,0.0
21657,174.3,0.0,0.0,0.0,0.0
21658,175.2,0.0,0.0,0.0,0.0
21659,176.6,0.0,0.0,0.0,0.0
21660,173.1,0.0,0.0,0.0,0.0
21661,177.3,0.0,0.0,0.0,0.0
21662,127.3,0.0,0.0,0.0,0.0
21663,148.1,0.0,0.0,0.0,0.0
21664,197.4,0.0,0.0,0.0,0.0
21665,197.5,0.0,0.0,0.0,0.0
21666,294.8,0.0,0.0,0.0,0.0
21667,214.5,0.0,0.0,0.0,0.0
21668,215.8,0.0,0.0,0.0,0.0
21669,216.4,0.0,0.0,0.0,0.0
21670,220.5,0.0,0.0,0.0,0.0
21671,252.7,0.0,0.0,0.0,0.0
21672,211.9,0.0,0.0,0.0,0.0
21673,176.1,0.0,0.0,0.0,0.0
21674,180.9,0.0,0.0,0.0,0.0
21675,171.4,0.0,0.0,0.0,0.0
21676,156.2,0.0,0.0,0.0,0.0
21677,170.4,0.0,0.0,0.0,0.0
21678,200.1,0.0,0.0,0.0,0.0
21679,194.7,0.0,0.0,0.0,0.0
21680,178.9,0.0,0.0,0.0,0.0
21681,200.9,0.0,0.0,0.0,0.0
21682,204.5,0.0,0.0,0.0,0.0
21683,188.9,0.0,0.0,0.0,0.0
21684,202.3,0.0,0.0,0.0,0.0
21685,209.2,0.0,0.0,0.0,0.0
21686,239.9,0.0,0.0,0.0,0.0
21687,242.2,0.0,0.0,0.0,0.0
21688,240.5,0.0,0.0,0.0,0.0
21689,243.3,0.0,0.0,0.0,0.0
21690,249.3,0.0,0.0,0.0,0.0
21691,242.9,0.0,0.0,0.0,0.0
21692,242.5,0.0,0.0,0.0,0.0
21693,245.9,0.0,0.0,0.0,0.0
21694,243.3,0.0,0.0,0.0,0.0
21695,245.9,0.0,0.0,0.0,0.0
21696,240.4,0.0,0.0,0.0,0.0
21697,250.4,0.0,0.0,0.0,0.0
21698,247.9,0.0,0.0,0.0,0.0
21699,241.4,0.0,0.0,0.0,0.0
21700,243.7,0.0,0.0,0.0,0.0
21701,234.4,0.0,0.0,0.0,0.0
21702,243.4,0.0,0.0,0.0,0.0
21703,264.1,0.0,0.0,0.0,0.0
21704,234.2,0.0,0.0,0.0,0.0
21705,289.4,0.0,0.0,0.0,0.0
21706,282.6,0.0,0.0,0.0,0.0
21707,268.3,0.0,0.0,0.0,0.0
21708,271.9,0.0,0.0,0.0,0.0
21709,277.9,0.0,0.0,0.0,0.0
21710,256.1,0.0,0.0,0.0,0.0
21711,279.6,0.0,0.0,0.0,0.0
21712,282.5,0.0,0.0,0.0,0.0
21713,280.8,0.0,0.0,0.0,0.0
21714,272.8,0.0,0.0,0.0,0.0
21715,296.8,0.0,0.0,0.0,0.0
21716,288.0,0.0,0.0,0.0,0.0
21717,254.5,0.0,0.0,0.0,0.0
21718,254.5,0.0,0.0,0.0,0.0
21719,276.2,0.0,0.0,0.0,0.0
21720,267.2,0.0,0.0,0.0,0.0
21721,285.6,0.0,0.0,0.0,0.0
21722,272.9,0.0,0.0,0.0,0.0
21723,278.6,0.0,0.0,0.0,0.0
21724,290.2,0.0,0.0,0.0,0.0
21725,289.2,0.0,0.0,0.0,0.0
21726,298.1,0.0,0.0,0.0,0.0
21727,314.0,0.0,0.0,0.0,0.0
21728,337.5,0.0,0.0,0.0,0.0
21729,312.8,0.0,0.0,0.0,0.0
21730,312.1,0.0,0.0,0.0,0.0
21731,311.0,0.0,0.0,0.0,0.0
21732,326.6,0.0,0.0,0.0,0.0
21733,324.7,0.0,0.0,0.0,0.0
21734,302.7,0.0,0.0,0.0,0.0
21735,303.2,0.0,0.0,0.0,0.0
21736,308.2,0.0,0.0,0.0,0.0
21737,292.4,0.0,0.0,0.0,0.0
21738,335.4,0.0,0.0,0.0,0.0
21739,314.6,0.0,0.0,0.0,0.0
21740,313.6,0.0,0.0,0.0,0.0
21741,308.6,0.0,0.0,0.0,0.0
21742,311.2,0.0,0.0,0.0,0.0
21743,322.6,0.0,0.0,0.0,0.0
21744,321.9,0.0,0.0,0.0,0.0
21745,344.5,0.0,0.0,0.0,0.0
21746,298.6,0.0,0.0,0.0,0.0
21747,305.0,0.0,0.0,0.0,0.0
21748,312.0,0.0,0.0,0.0,0.0
21749,338.1,0.0,0.0,0.0,0.0
21750,322.4,0.0,0.0,0.0,0.0
21751,309.1,0.0,0.0,0.0,0.0
21752,311.3,0.0,0.0,0.0,0.0
21753,298.8,0.0,0.0,0.0,0.0
21754,296.9,0.0,0.0,0.0,0.0
21755,308.1,0.0,0.0,0.0,0.0
21756,304.6,0.0,0.0,0.0,0.0
21757,327.7,0.0,0.0,0.0,0.0
21758,297.4,0.0,0.0,0.0,0.0
21759,304.6,0.0,0.0,0.0,0.0
21760,311.5,0.0,0.0,0.0,0.0
21761,305.9,0.0,0.0,0.0,0.0
21762,292.2,0.0,0.0,0.0,0.0
21763,299.0,0.0,0.0,0.0,0.0
21764,297.0,0.0,0.0,0.0,0.0
21765,297.8,0.0,0.0,0.0,0.0
21766,327.4,0.0,0.0,0.0,0.0
21767,295.1,0.0,0.0,0.0,0.0
21768,293.4,0.0,0.0,0.0,0.0
21769,268.3,0.0,0.0,0.0,0.0
21770,287.1,0.0,0.0,0.0,0.0
21771,287.1,0.0,0.0,0.0,0.0
21772,272.3,0.0,0.0,0.0,0.0
21773,262.2,0.0,0.0,0.0,0.0
21774,317.9,0.0,0.0,0.0,0.0
21775,321.3,0.0,0.0,0.0,0.0
21776,250.2,0.0,0.0,0.0,0.0
21777,249.0,0.0,0.0,0.0,0.0
21778,257.3,0.0,0.0,0.0,0.0
21779,255.3,0.0,0.0,0.0,0.0
21780,249.9,0.0,0.0,0.0,0.0
21781,252.2,0.0,0.0,0.0,0.0
21782,256.0,0.0,0.0,0.0,0.0
21783,240.7,0.0,0.0,0.0,0.0
21784,240.0,0.0,0.0,0.0,0.0
21785,245.1,0.0,0.0,0.0,0.0
21786,245.5,0.0,0.0,0.0,0.0
21787,238.5,0.0,0.0,0.0,0.0
21788,243.2,0.0,0.0,0.0,0.0
21789,215.5,0.0,0.0,0.0,0.0
21790,252.5,0.0,0.0,0.0,0.0
21791,221.9,0.0,0.0,0.0,0.0
21792,196.9,0.0,0.0,0.0,0.0
21793,183.6,0.0,0.0,0.0,0.0
21794,222.1,0.0,0.0,0.0,0.0
21795,188.9,0.0,0.0,0.0,0.0
21796,211.2,0.0,0.0,0.0,0.0
21797,155.4,0.0,0.0,0.0,0.0
21798,177.7,0.0,0.0,0.0,0.0
21799,169.6,0.0,0.0,0.0,0.0
21800,173.5,0.0,0.0,0.0,0.0
21801,185.6,0.0,0.0,0.0,0.0
21802,179.7,0.0,0.0,0.0,0.0
21803,180.8,0.0,0.0,0.0,0.0
21804,182.4,0.0,0.0,0.0,0.0
21805,184.2,0.0,0.0,0.0,0.0
21806,167.6,0.0,0.0,0.0,0.0
21807,149.9,0.0,0.0,0.0,0.0
21808,149.7,0.0,0.0,0.0,0.0
21809,150.2,0.0,0.0,0.0,0.0
21810,149.1,0.0,0.0,0.0,0.0
21811,143.0,0.0,0.0,0.0,0.0
21812,142.2,0.0,0.0,0.0,0.0
21813,144.4,0.0,0.0,0.0,0.0
21814,138.9,0.0,0.0,0.0,0.0
21815,134.0,0.0,0.0,0.0,0.0
21816,129.6,0.0,0.0,0.0,0.0
21817,131.1,0.0,0.0,0.0,0.0
21818,125.8,0.0,0.0,0.0,0.0
21819,122.3,0.0,0.0,0.0,0.0
21820,120.6,0.0,0.0,0.0,0.0
21821,130.5,0.0,0.0,0.0,0.0
21822,116.3,0.0,0.0,0.0,0.0
21823,119.8,0.0,0.0,0.0,0.0
21824,156.5,0.0,0.0,0.0,0.0
21825,155.8,0.0,0.0,0.0,0.0
21826,161.6,0.0,0.0,0.0,0.0
21827,164.9,0.0,0.0,0.0,0.0
21828,166.8,0.0,0.0,0.0,0.0
21829,167.2,0.0,0.0,0.0,0.0
21830,162.5,0.0,0.0,0.0,0.0
21831,150.6,0.0,0.0,0.0,0.0
21832,165.3,0.0,0.0,0.0,0.0
21833,156.7,0.0,0.0,0.0,0.0
21834,173.8,0.0,0.0,0.0,0.0
21835,161.6,0.0,0.0,0.0,0.0
21836,173.5,0.0,0.0,0.0,0.0
21837,148.5,0.0,0.0,0.0,0.0
21838,135.2,0.0,0.0,0.0,0.0
21839,150.1,0.0,0.0,0.0,0.0
21840,171.6,0.0,0.0,0.0,0.0
21841,132.6,0.0,0.0,0.0,0.0
21842,167.9,0.0,0.0,0.0,0.0
21843,146.8,0.0,0.0,0.0,0.0
21844,142.2,0.0,0.0,0.0,0.0
21845,142.9,0.0,0.0,0.0,0.0
21846,147.4,0.0,0.0,0.0,0.0
21847,150.4,0.0,0.0,0.0,0.0
21848,142.0,0.0,0.0,0.0,0.0
21849,153.6,0.0,0.0,0.0,0.0
21850,152.9,0.0,0.0,0.0,0.0
21851,161.4,0.0,0.0,0.0,0.0
21852,156.5,0.0,0.0,0.0,0.0
21853,144.7,0.0,0.0,0.0,0.0
21854,142.0,0.0,0.0,0.0,0.0
21855,135.7,0.0,0.0,0.0,0.0
21856,148.4,0.0,0.0,0.0,0.0
21857,151.1,0.0,0.0,0.0,0.0
21858,151.7,0.0,0.0,0.0,0.0
21859,139.7,0.0,0.0,0.0,0.0
21860,146.2,0.0,0.0,0.0,0.0
21861,145.5,0.0,0.0,0.0,0.0
21862,140.7,0.0,0.0,0.0,0.0
21863,136.1,0.0,0.0,0.0,0.0
21864,138.1,0.0,0.0,0.0,0.0
21865,144.1,0.0,0.0,0.0,0.0
21866,133.2,0.0,0.0,0.0,0.0
21867,132.2,0.0,0.0,0.0,0.0
21868,137.7,0.0,0.0,0.0,0.0
21869,113.3,0.0,0.0,0.0,0.0
21870,127.1,0.0,0.0,0.0,0.0
21871,124.7,0.0,0.0,0.0,0.0
21872,127.6,0.0,0.0,0.0,0.0
21873,107.1,0.0,0.0,0.0,0.0
21874,102.2,0.0,0.0,0.0,0.0
21875,103.3,0.0,0.0,0.0,0.0
21876,96.1,0.0,0.0,0.0,0.0
21877,89.7,0.0,0.0,0.0,0.0
21878,94.8,0.0,0.0,0.0,0.0
21879,115.1,0.0,0.0,0.0,0.0
21880,108.5,0.0,0.0,0.0,0.0
21881,100.0,0.0,0.0,0.0,0.0
21882,94.4,0.0,0.0,0.0,0.0
21883,85.8,0.0,0.0,0.0,0.0
21884,91.8,0.0,0.0,0.0,0.0
21885,95.0,0.0,0.0,0.0,0.0
21886,92.3,0.0,0.0,0.0,0.0
21887,95.1,0.0,0.0,0.0,0.0
21888,89.8,0.0,0.0,0.0,0.0
21889,94.5,0.0,0.0,0.0,0.0
21890,82.1,0.0,0.0,0.0,0.0
21891,95.5,0.0,0.0,0.0,0.0
21892,94.2,0.0,0.0,0.0,0.0
21893,98.1,0.0,0.0,0.0,0.0
21894,92.1,0.0,0.0,0.0,0.0
21895,77.2,0.0,0.0,0.0,0.0
21896,76.7,0.0,0.0,0.0,0.0
21897,91.5,0.0,0.0,0.0,0.0
21898,94.8,0.0,0.0,0.0,0.0
21899,98.5,0.0,0.0,0.0,0.0
21900,87.3,0.0,0.0,0.0,0.0
21901,70.6,0.0,0.0,0.0,0.0
21902,77.7,0.0,0.0,0.0,0.0
21903,73.7,0.0,0.0,0.0,0.0
21904,92.8,0.0,0.0,0.0,0.0
21905,90.3,0.0,0.0,0.0,0.0
21906,92.4,0.0,0.0,0.0,0.0
21907,94.5,0.0,0.0,0.0,0.0
21908,98.1,0.0,0.0,0.0,0.0
21909,85.5,0.0,0.0,0.0,0.0
21910,86.0,0.0,0.0,0.0,0.0
21911,87.9,0.0,0.0,0.0,0.0
21912,91.1,0.0,0.0,0.0,0.0
21913,90.3,0.0,0.0,0.0,0.0
21914,91.3,0.0,0.0,0.0,0.0
21915,85.4,0.0,0.0,0.0,0.0
21916,77.4,0.0,0.0,0.0,0.0
21917,79.6,0.0,0.0,0.0,0.0
21918,75.1,0.0,0.0,0.0,0.0
21919,87.1,0.0,0.0,0.0,0.0
21920,88.4,0.0,0.0,0.0,0.0
21921,90.0,0.0,0.0,0.0,0.0
21922,86.9,0.0,0.0,0.0,0.0
21923,86.6,0.0,0.0,0.0,0.0
21924,77.8,0.0,0.0,0.0,0.0
21925,90.4,0.0,0.0,0.0,0.0
21926,84.2,0.0,0.0,0.0,0.0
21927,92.2,0.0,0.0,0.0,0.0
21928,66.1,0.0,0.0,0.0,0.0
21929,59.2,0.0,0.0,0.0,0.0
21930,77.2,0.0,0.0,0.0,0.0
21931,66.4,0.0,0.0,0.0,0.0
21932,50.2,0.0,0.0,0.0,0.0
21933,36.5,0.0,0.0,0.0,0.0
21934,32.0,0.0,0.0,0.0,0.0
21935,17.1,0.0,0.0,0.0,0.0
21936,30.6,0.0,0.0,0.0,0.0
21937,40.4,0.0,0.0,0.0,0.0
21938,46.9,0.0,0.0,0.0,0.0
21939,38.1,0.0,0.0,0.0,0.0
21940,30.8,0.0,0.0,0.0,0.0
21941,25.7,0.0,0.0,0.0,0.0
21942,9.8,0.0,0.0,0.0,0.0
21943,28.2,0.0,0.0,0.0,0.0
21944,40.6,0.0,0.0,0.0,0.0
21945,16.9,0.0,0.0,0.0,0.0
21946,58.4,0.0,0.0,0.0,0.0
21947,22.9,0.0,0.0,0.0,0.0
21948,19.3,0.0,0.0,0.0,0.0
21949,16.9,0.0,0.0,0.0,0.0
21950,29.1,0.0,0.0,0.0,0.0
21951,22.3,0.0,0.0,0.0,0.0
21952,9.4,0.0,0.0,0.0,0.0
21953,20.9,0.0,0.0,0.0,0.0
21954,23.7,0.0,0.0,0.0,0.0
21955,10.1,0.0,0.0,0.0,0.0
21956,9.8,0.0,0.0,0.0,0.0
21957,10.7,0.0,0.0,0.0,0.0
21958,25.5,0.0,0.0,0.0,0.0
21959,16.8,0.0,0.0,0.0,0.0
21960,22.8,0.0,0.0,0.0,0.0
21961,26.9,0.0,0.0,0.0,0.0
21962,40.8,0.0,0.0,0.0,0.0
21963,17.8,0.0,0.0,0.0,0.0
21964,33.1,0.0,0.0,0.0,0.0
21965,31.3,0.0,0.0,0.0,0.0
21966,25.4,0.0,0.0,0.0,0.0
21967,28.8,0.0,0.0,0.0,0.0
21968,86.5,0.0,0.0,0.0,0.0
21969,87.4,0.0,0.0,0.0,0.0
21970,64.7,0.0,0.0,0.0,0.0
21971,66.7,0.0,0.0,0.0,0.0
21972,35.9,0.0,0.0,0.0,0.0
21973,30.9,0.0,0.0,0.0,0.0
21974,20.8,0.0,0.0,0.0,0.0
21975,29.7,0.0,0.0,0.0,0.0
21976,13.3,0.0,0.0,0.0,0.0
21977,34.8,0.0,0.0,0.0,0.0
21978,43.5,0.0,0.0,0.0,0.0
21979,10.0,0.0,0.0,0.0,0.0
21980,48.6,0.0,0.0,0.0,0.0
21981,39.8,0.0,0.0,0.0,0.0
21982,45.0,0.0,0.0,0.0,0.0
21983,64.6,0.0,0.0,0.0,0.0
21984,60.7,0.0,0.0,0.0,0.0
21985,74.4,0.0,0.0,0.0,0.0
21986,69.0,0.0,0.0,0.0,0.0
21987,53.0,0.0,0.0,0.0,0.0
21988,89.0,0.0,0.0,0.0,0.0
21989,94.4,0.0,0.0,0.0,0.0
21990,77.2,0.0,0.0,0.0,0.0
21991,65.7,0.0,0.0,0.0,0.0
21992,82.1,0.0,0.0,0.0,0.0
21993,69.9,0.0,0.0,0.0,0.0
21994,79.5,0.0,0.0,0.0,0.0
21995,90.7,0.0,0.0,0.0,0.0
21996,98.7,0.0,0.0,0.0,0.0
21997,96.1,0.0,0.0,0.0,0.0
21998,87.4,0.0,0.0,0.0,0.0
21999,90.5,0.0,0.0,0.0,0.0
22000,82.2,0.0,0.0,0.0,0.0
22001,81.7,0.0,0.0,0.0,0.0
22002,74.2,0.0,0.0,0.0,0.0
22003,78.8,0.0,0.0,0.0,0.0
22004,88.8,0.0,0.0,0.0,0.0
22005,90.6,0.0,0.0,0.0,0.0
22006,80.7,0.0,0.0,0.0,0.0
22007,79.5,0.0,0.0,0.0,0.0
22008,71.4,0.0,0.0,0.0,0.0
22009,94.0,0.0,0.0,0.0,0.0
22010,93.2,0.0,0.0,0.0,0.0
22011,100.3,0.0,0.0,0.0,0.0
22012,75.1,0.0,0.0,0.0,0.0
22013,71.2,0.0,0.0,0.0,0.0
22014,80.8,0.0,0.0,0.0,0.0
22015,84.3,0.0,0.0,0.0,0.0
22016,87.7,0.0,0.0,0.0,0.0
22017,83.0,0.0,0.0,0.0,0.0
22018,75.6,0.0,0.0,0.0,0.0
22019,23.0,0.0,0.0,0.0,0.0
22020,22.9,0.0,0.0,0.0,0.0
22021,59.0,0.0,0.0,0.0,0.0
22022,63.4,0.0,0.0,0.0,0.0
22023,51.2,0.0,0.0,0.0,0.0
22024,60.8,0.0,0.0,0.0,0.0
22025,65.5,0.0,0.0,0.0,0.0
22026,93.8,0.0,0.0,0.0,0.0
22027,124.5,0.0,0.0,0.0,0.0
22028,154.9,0.0,0.0,0.0,0.0
22029,167.0,0.0,0.0,0.0,0.0
22030,160.4,0.0,0.0,0.0,0.0
22031,147.7,0.0,0.0,0.0,0.0
22032,168.2,0.0,0.0,0.0,0.0
22033,165.8,0.0,0.0,0.0,0.0
22034,154.1,0.0,0.0,0.0,0.0
22035,170.0,0.0,0.0,0.0,0.0
22036,205.7,0.0,0.0,0.0,0.0
22037,203.3,0.0,0.0,0.0,0.0
22038,198.1,0.0,0.0,0.0,0.0
22039,184.1,0.0,0.0,0.0,0.0
22040,174.6,0.0,0.0,0.0,0.0
22041,197.4,0.0,0.0,0.0,0.0
22042,213.2,0.0,0.0,0.0,0.0
22043,199.7,0.0,0.0,0.0,0.0
22044,191.6,0.0,0.0,0.0,0.0
22045,200.8,0.0,0.0,0.0,0.0
22046,191.9,0.0,0.0,0.0,0.0
22047,180.8,0.0,0.0,0.0,0.0
22048,185.1,0.0,0.0,0.0,0.0
22049,205.5,0.0,0.0,0.0,0.0
22050,223.1,0.0,0.0,0.0,0.0
22051,229.9,0.0,0.0,0.0,0.0
22052,216.4,0.0,0.0,0.0,0.0
22053,207.8,0.0,0.0,0.0,0.0
22054,209.5,0.0,0.0,0.0,0.0
22055,196.6,0.0,0.0,0.0,0.0
22056,209.3,0.0,0.0,0.0,0.0
22057,228.4,0.0,0.0,0.0,0.0
22058,236.9,0.0,0.0,0.0,0.0
22059,230.9,0.0,0.0,0.0,0.0
22060,235.9,0.0,0.0,0.0,0.0
22061,282.3,0.0,0.0,0.0,0.0
22062,274.6,0.0,0.0,0.0,0.0
22063,312.3,0.0,0.0,0.0,0.0
22064,390.4,0.0,0.0,0.0,0.0
22065,417.2,0.0,0.0,0.0,0.0
22066,410.9,0.0,0.0,0.0,0.0
22067,275.7,0.0,0.0,0.0,0.0
22068,394.9,0.0,0.0,0.0,0.0
22069,415.6,0.0,0.0,0.0,0.0
22070,432.9,0.0,0.0,0.0,0.0
22071,408.5,0.0,0.0,0.0,0.0
22072,383.8,0.0,0.0,0.0,0.0
22073,392.7,0.0,0.0,0.0,0.0
22074,345.6,0.0,0.0,0.0,0.0
22075,302.9,0.0,0.0,0.0,0.0
22076,305.0,0.0,0.0,0.0,0.0
22077,271.3,0.0,0.0,0.0,0.0
22078,305.5,0.0,0.0,0.0,0.0
22079,292.9,0.0,0.0,0.0,0.0
22080,310.9,0.0,0.0,0.0,0.0
22081,291.7,0.0,0.0,0.0,0.0
22082,267.3,0.0,0.0,0.0,0.0
22083,288.1,0.0,0.0,0.0,0.0
22084,274.9,0.0,0.0,0.0,0.0
22085,265.1,0.0,0.0,0.0,0.0
22086,264.5,0.0,0.0,0.0,0.0
22087,265.3,0.0,0.0,0.0,0.0
22088,260.1,0.0,0.0,0.0,0.0
22089,280.5,0.0,0.0,0.0,0.0
22090,286.2,0.0,0.0,0.0,0.0
22091,271.4,0.0,0.0,0.0,0.0
22092,267.5,0.0,0.0,0.0,0.0
22093,281.5,0.0,0.0,0.0,0.0
22094,277.5,0.0,0.0,0.0,0.0
22095,280.9,0.0,0.0,0.0,0.0
22096,305.5,0.0,0.0,0.0,0.0
22097,297.4,0.0,0.0,0.0,0.0
22098,300.1,0.0,0.0,0.0,0.0
22099,292.7,0.0,0.0,0.0,0.0
22100,289.2,0.0,0.0,0.0,0.0
22101,298.4,0.0,0.0,0.0,0.0
22102,292.9,0.0,0.0,0.0,0.0
22103,305.8,0.0,0.0,0.0,0.0
22104,303.7,0.0,0.0,0.0,0.0
22105,329.3,0.0,0.0,0.0,0.0
22106,304.3,0.0,0.0,0.0,0.0
22107,311.0,0.0,0.0,0.0,0.0
22108,319.3,0.0,0.0,0.0,0.0
22109,310.7,0.0,0.0,0.0,0.0
22110,324.8,0.0,0.0,0.0,0.0
22111,308.7,0.0,0.0,0.0,0.0
22112,320.0,0.0,0.0,0.0,0.0
22113,313.0,0.0,0.0,0.0,0.0
22114,317.2,0.0,0.0,0.0,0.0
22115,318.8,0.0,0.0,0.0,0.0
22116,313.8,0.0,0.0,0.0,0.0
22117,316.9,0.0,0.0,0.0,0.0
22118,315.0,0.0,0.0,0.0,0.0
22119,304.6,0.0,0.0,0.0,0.0
22120,311.0,0.0,0.0,0.0,0.0
22121,315.2,0.0,0.0,0.0,0.0
22122,314.8,0.0,0.0,0.0,0.0
22123,314.3,0.0,0.0,0.0,0.0
22124,310.9,0.0,0.0,0.0,0.0
22125,305.7,0.0,0.0,0.0,0.0
22126,320.2,0.0,0.0,0.0,0.0
22127,323.4,0.0,0.0,0.0,0.0
22128,320.1,0.0,0.0,0.0,0.0
22129,296.2,0.0,0.0,0.0,0.0
22130,332.3,0.0,0.0,0.0,0.0
22131,320.8,0.0,0.0,0.0,0.0
22132,307.6,0.0,0.0,0.0,0.0
22133,297.7,0.0,0.0,0.0,0.0
22134,298.7,0.0,0.0,0.0,0.0
22135,277.1,0.0,0.0,0.0,0.0
22136,284.8,0.0,0.0,0.0,0.0
22137,281.0,0.0,0.0,0.0,0.0
22138,276.3,0.0,0.0,0.0,0.0
22139,258.9,0.0,0.0,0.0,0.0
22140,265.0,0.0,0.0,0.0,0.0
22141,248.4,0.0,0.0,0.0,0.0
22142,242.5,0.0,0.0,0.0,0.0
22143,235.2,0.0,0.0,0.0,0.0
22144,260.1,0.0,0.0,0.0,0.0
22145,245.9,0.0,0.0,0.0,0.0
22146,231.7,0.0,0.0,0.0,0.0
22147,236.7,0.0,0.0,0.0,0.0
22148,228.6,0.0,0.0,0.0,0.0
22149,201.3,0.0,0.0,0.0,0.0
22150,248.2,0.0,0.0,0.0,0.0
22151,232.6,0.0,0.0,0.0,0.0
22152,221.5,0.0,0.0,0.0,0.0
22153,226.6,0.0,0.0,0.0,0.0
22154,230.4,0.0,0.0,0.0,0.0
22155,211.5,0.0,0.0,0.0,0.0
22156,213.1,0.0,0.0,0.0,0.0
22157,216.2,0.0,0.0,0.0,0.0
22158,215.4,0.0,0.0,0.0,0.0
22159,213.4,0.0,0.0,0.0,0.0
22160,213.0,0.0,0.0,0.0,0.0
22161,202.3,0.0,0.0,0.0,0.0
22162,209.0,0.0,0.0,0.0,0.0
22163,203.3,0.0,0.0,0.0,0.0
22164,208.8,0.0,0.0,0.0,0.0
22165,203.8,0.0,0.0,0.0,0.0
22166,214.3,0.0,0.0,0.0,0.0
22167,233.5,0.0,0.0,0.0,0.0
22168,226.5,0.0,0.0,0.0,0.0
22169,225.0,0.0,0.0,0.0,0.0
22170,210.2,0.0,0.0,0.0,0.0
22171,205.2,0.0,0.0,0.0,0.0
22172,187.6,0.0,0.0,0.0,0.0
22173,181.5,0.0,0.0,0.0,0.0
22174,169.3,0.0,0.0,0.0,0.0
22175,173.9,0.0,0.0,0.0,0.0
22176,160.9,0.0,0.0,0.0,0.0
22177,166.6,0.0,0.0,0.0,0.0
22178,173.8,0.0,0.0,0.0,0.0
22179,124.0,0.0,0.0,0.0,0.0
22180,141.7,0.0,0.0,0.0,0.0
22181,163.4,0.0,0.0,0.0,0.0
22182,158.3,0.0,0.0,0.0,0.0
22183,159.6,0.0,0.0,0.0,0.0
22184,154.8,0.0,0.0,0.0,0.0
22185,157.4,0.0,0.0,0.0,0.0
22186,165.5,0.0,0.0,0.0,0.0
22187,161.7,0.0,0.0,0.0,0.0
22188,178.8,0.0,0.0,0.0,0.0
22189,149.0,0.0,0.0,0.0,0.0
22190,142.2,0.0,0.0,0.0,0.0
22191,138.5,0.0,0.0,0.0,0.0
22192,154.2,0.0,0.0,0.0,0.0
22193,127.9,0.0,0.0,0.0,0.0
22194,130.3,0.0,0.0,0.0,0.0
22195,124.1,0.0,0.0,0.0,0.0
22196,130.1,0.0,0.0,0.0,0.0
22197,118.0,0.0,0.0,0.0,0.0
22198,114.7,0.0,0.0,0.0,0.0
22199,122.4,0.0,0.0,0.0,0.0
22200,125.3,0.0,0.0,0.0,0.0
22201,129.4,0.0,0.0,0.0,0.0
22202,129.4,0.0,0.0,0.0,0.0
22203,133.4,0.0,0.0,0.0,0.0
22204,122.1,0.0,0.0,0.0,0.0
22205,129.5,0.0,0.0,0.0,0.0
22206,132.4,0.0,0.0,0.0,0.0
22207,130.7,0.0,0.0,0.0,0.0
22208,128.9,0.0,0.0,0.0,0.0
22209,122.3,0.0,0.0,0.0,0.0
22210,124.5,0.0,0.0,0.0,0.0
22211,127.4,0.0,0.0,0.0,0.0
22212,122.8,0.0,0.0,0.0,0.0
22213,125.3,0.0,0.0,0.0,0.0
22214,114.5,0.0,0.0,0.0,0.0
22215,104.6,0.0,0.0,0.0,0.0
22216,122.5,0.0,0.0,0.0,0.0
22217,124.6,0.0,0.0,0.0,0.0
22218,112.1,0.0,0.0,0.0,0.0
22219,125.9,0.0,0.0,0.0,0.0
22220,124.0,0.0,0.0,0.0,0.0
22221,114.2,0.0,0.0,0.0,0.0
22222,148.0,0.0,0.0,0.0,0.0
22223,135.3,0.0,0.0,0.0,0.0
22224,162.9,0.0,0.0,0.0,0.0
22225,157.7,0.0,0.0,0.0,0.0
22226,109.1,0.0,0.0,0.0,0.0
22227,154.0,0.0,0.0,0.0,0.0
22228,166.2,0.0,0.0,0.0,0.0
22229,165.9,0.0,0.0,0.0,0.0
22230,154.9,0.0,0.0,0.0,0.0
22231,165.7,0.0,0.0,0.0,0.0
22232,152.8,0.0,0.0,0.0,0.0
22233,154.1,0.0,0.0,0.0,0.0
22234,152.7,0.0,0.0,0.0,0.0
22235,159.5,0.0,0.0,0.0,0.0
22236,165.6,0.0,0.0,0.0,0.0
22237,153.5,0.0,0.0,0.0,0.0
22238,158.1,0.0,0.0,0.0,0.0
22239,147.9,0.0,0.0,0.0,0.0
22240,165.3,0.0,0.0,0.0,0.0
22241,155.4,0.0,0.0,0.0,0.0
22242,159.9,0.0,0.0,0.0,0.0
22243,165.6,0.0,0.0,0.0,0.0
22244,157.3,0.0,0.0,0.0,0.0
22245,161.3,0.0,0.0,0.0,0.0
22246,158.7,0.0,0.0,0.0,0.0
22247,149.3,0.0,0.0,0.0,0.0
22248,158.8,0.0,0.0,0.0,0.0
22249,155.9,0.0,0.0,0.0,0.0
22250,150.3,0.0,0.0,0.0,0.0
22251,150.0,0.0,0.0,0.0,0.0
22252,163.9,0.0,0.0,0.0,0.0
22253,176.5,0.0,0.0,0.0,0.0
22254,146.8,0.0,0.0,0.0,0.0
22255,151.3,0.0,0.0,0.0,0.0
22256,149.0,0.0,0.0,0.0,0.0
22257,144.7,0.0,0.0,0.0,0.0
22258,160.4,0.0,0.0,0.0,0.0
22259,144.3,0.0,0.0,0.0,0.0
22260,148.6,0.0,0.0,0.0,0.0
22261,194.1,0.0,0.0,0.0,0.0
22262,199.5,0.0,0.0,0.0,0.0
22263,330.6,0.0,0.0,0.0,0.0
22264,402.1,0.0,0.0,0.0,0.0
22265,372.5,0.0,0.0,0.0,0.0
22266,382.9,0.0,0.0,0.0,0.0
22267,383.0,0.0,0.0,0.0,0.0
22268,360.6,0.0,0.0,0.0,0.0
22269,383.3,0.0,0.0,0.0,0.0
22270,389.4,0.0,0.0,0.0,0.0
22271,355.7,0.0,0.0,0.0,0.0
22272,358.3,0.0,0.0,0.0,0.0
22273,334.9,0.0,0.0,0.0,0.0
22274,291.2,0.0,0.0,0.0,0.0
22275,250.0,0.0,0.0,0.0,0.0
22276,291.4,0.0,0.0,0.0,0.0
22277,248.5,0.0,0.0,0.0,0.0
22278,257.5,0.0,0.0,0.0,0.0
22279,372.9,0.0,0.0,0.0,0.0
22280,358.1,0.0,0.0,0.0,0.0
22281,375.3,0.0,0.0,0.0,0.0
22282,403.9,0.0,0.0,0.0,0.0
22283,405.8,0.0,0.0,0.0,0.0
22284,366.5,0.0,0.0,0.0,0.0
22285,411.3,0.0,0.0,0.0,0.0
22286,361.6,0.0,0.0,0.0,0.0
22287,327.5,0.0,0.0,0.0,0.0
22288,315.2,0.0,0.0,0.0,0.0
22289,290.6,0.0,0.0,0.0,0.0
22290,238.5,0.0,0.0,0.0,0.0
22291,205.6,0.0,0.0,0.0,0.0
22292,211.2,0.0,0.0,0.0,0.0
22293,217.5,0.0,0.0,0.0,0.0
22294,183.8,0.0,0.0,0.0,0.0
22295,172.3,0.0,0.0,0.0,0.0
22296,137.5,0.0,0.0,0.0,0.0
22297,150.5,0.0,0.0,0.0,0.0
22298,147.6,0.0,0.0,0.0,0.0
22299,159.7,0.0,0.0,0.0,0.0
22300,156.0,0.0,0.0,0.0,0.0
22301,158.8,0.0,0.0,0.0,0.0
22302,138.0,0.0,0.0,0.0,0.0
22303,136.3,0.0,0.0,0.0,0.0
22304,129.6,0.0,0.0,0.0,0.0
22305,132.8,0.0,0.0,0.0,0.0
22306,126.6,0.0,0.0,0.0,0.0
22307,133.5,0.0,0.0,0.0,0.0
22308,123.4,0.0,0.0,0.0,0.0
22309,120.2,0.0,0.0,0.0,0.0
22310,102.7,0.0,0.0,0.0,0.0
22311,113.8,0.0,0.0,0.0,0.0
22312,107.0,0.0,0.0,0.0,0.0
22313,108.2,0.0,0.0,0.0,0.0
22314,110.8,0.0,0.0,0.0,0.0
22315,115.7,0.0,0.0,0.0,0.0
22316,127.2,0.0,0.0,0.0,0.0
22317,108.3,0.0,0.0,0.0,0.0
22318,104.4,0.0,0.0,0.0,0.0
22319,115.3,0.0,0.0,0.0,0.0
22320,122.4,0.0,0.0,0.0,0.0
22321,122.1,0.0,0.0,0.0,0.0
22322,121.0,0.0,0.0,0.0,0.0
22323,121.9,0.0,0.0,0.0,0.0
22324,112.9,0.0,0.0,0.0,0.0
22325,107.3,0.0,0.0,0.0,0.0
22326,83.5,0.0,0.0,0.0,0.0
22327,68.8,0.0,0.0,0.0,0.0
22328,63.6,0.0,0.0,0.0,0.0
22329,86.3,0.0,0.0,0.0,0.0
22330,87.6,0.0,0.0,0.0,0.0
22331,111.6,0.0,0.0,0.0,0.0
22332,103.3,0.0,0.0,0.0,0.0
22333,108.8,0.0,0.0,0.0,0.0
22334,62.9,0.0,0.0,0.0,0.0
22335,95.3,0.0,0.0,0.0,0.0
22336,78.8,0.0,0.0,0.0,0.0
22337,78.1,0.0,0.0,0.0,0.0
22338,97.8,0.0,0.0,0.0,0.0
22339,101.7,0.0,0.0,0.0,0.0
22340,106.4,0.0,0.0,0.0,0.0
22341,76.4,0.0,0.0,0.0,0.0
22342,70.3,0.0,0.0,0.0,0.0
22343,84.2,0.0,0.0,0.0,0.0
22344,81.2,0.0,0.0,0.0,0.0
22345,82.0,0.0,0.0,0.0,0.0
22346,102.5,0.0,0.0,0.0,0.0
22347,90.0,0.0,0.0,0.0,0.0
22348,103.9,0.0,0.0,0.0,0.0
22349,117.2,0.0,0.0,0.0,0.0
22350,100.7,0.0,0.0,0.0,0.0
22351,162.1,0.0,0.0,0.0,0.0
22352,89.8,0.0,0.0,0.0,0.0
22353,78.3,0.0,0.0,0.0,0.0
22354,387.5,0.0,0.0,0.0,0.0
22355,502.9,0.0,0.0,0.0,0.0
22356,723.1,0.0,0.0,0.0,0.0
22357,800.8,0.0,0.0,0.0,0.0
22358,1006.6,0.0,0.0,0.0,0.0
22359,1061.8,0.0,0.0,0.0,0.0
22360,1213.7,0.0,0.0,0.0,0.0
22361,1299.6,0.0,0.0,0.0,0.0
22362,1048.2,0.0,0.0,0.0,0.0
22363,497.7,0.0,0.0,0.0,0.0
22364,715.2,0.0,0.0,0.0,0.0
22365,1060.3,0.0,0.0,0.0,0.0
22366,1045.3,0.0,0.0,0.0,0.0
22367,1107.7,0.0,0.0,0.0,0.0
22368,1323.9,0.0,0.0,0.0,0.0
22369,1279.6,0.0,0.0,0.0,0.0
22370,1272.6,0.0,0.0,0.0,0.0
22371,1231.1,0.0,0.0,0.0,0.0
22372,1044.6,0.0,0.0,0.0,0.0
22373,905.3,0.0,0.0,0.0,0.0
22374,756.2,0.0,0.0,0.0,0.0
22375,649.3,0.0,0.0,0.0,0.0
22376,552.0,0.0,0.0,0.0,0.0
22377,509.5,0.0,0.0,0.0,0.0
22378,383.8,0.0,0.0,0.0,0.0
22379,360.1,0.0,0.0,0.0,0.0
22380,321.2,0.0,0.0,0.0,0.0
22381,269.0,0.0,0.0,0.0,0.0
22382,233.4,0.0,0.0,0.0,0.0
22383,218.8,0.0,0.0,0.0,0.0
22384,152.9,0.0,0.0,0.0,0.0
22385,135.9,0.0,0.0,0.0,0.0
22386,136.3,0.0,0.0,0.0,0.0
22387,169.1,0.0,0.0,0.0,0.0
22388,150.8,0.0,0.0,0.0,0.0
22389,128.8,0.0,0.0,0.0,0.0
22390,137.8,0.0,0.0,0.0,0.0
22391,126.1,0.0,0.0,0.0,0.0
22392,141.9,0.0,0.0,0.0,0.0
22393,154.1,0.0,0.0,0.0,0.0
22394,162.0,0.0,0.0,0.0,0.0
22395,171.6,0.0,0.0,0.0,0.0
22396,172.2,0.0,0.0,0.0,0.0
22397,162.0,0.0,0.0,0.0,0.0
22398,183.3,0.0,0.0,0.0,0.0
22399,138.0,0.0,0.0,0.0,0.0
22400,142.9,0.0,0.0,0.0,0.0
22401,155.1,0.0,0.0,0.0,0.0
22402,176.7,0.0,0.0,0.0,0.0
22403,212.5,0.0,0.0,0.0,0.0
22404,200.7,0.0,0.0,0.0,0.0
22405,202.9,0.0,0.0,0.0,0.0
22406,211.4,0.0,0.0,0.0,0.0
22407,214.6,0.0,0.0,0.0,0.0
22408,204.0,0.0,0.0,0.0,0.0
22409,221.1,0.0,0.0,0.0,0.0
22410,201.8,0.0,0.0,0.0,0.0
22411,230.2,0.0,0.0,0.0,0.0
22412,216.6,0.0,0.0,0.0,0.0
22413,211.3,0.0,0.0,0.0,0.0
22414,192.0,0.0,0.0,0.0,0.0
22415,197.9,0.0,0.0,0.0,0.0
22416,209.1,0.0,0.0,0.0,0.0
22417,237.0,0.0,0.0,0.0,0.0
22418,200.8,0.0,0.0,0.0,0.0
22419,199.2,0.0,0.0,0.0,0.0
22420,258.7,0.0,0.0,0.0,0.0
22421,262.1,0.0,0.0,0.0,0.0
22422,263.4,0.0,0.0,0.0,0.0
22423,278.6,0.0,0.0,0.0,0.0
22424,256.8,0.0,0.0,0.0,0.0
22425,253.2,0.0,0.0,0.0,0.0
22426,259.8,0.0,0.0,0.0,0.0
22427,285.8,0.0,0.0,0.0,0.0
22428,305.8,0.0,0.0,0.0,0.0
22429,304.6,0.0,0.0,0.0,0.0
22430,268.9,0.0,0.0,0.0,0.0
22431,311.9,0.0,0.0,0.0,0.0
22432,267.4,0.0,0.0,0.0,0.0
22433,304.2,0.0,0.0,0.0,0.0
22434,354.1,0.0,0.0,0.0,0.0
22435,523.2,0.0,0.0,0.0,0.0
22436,537.0,0.0,0.0,0.0,0.0
22437,483.6,0.0,0.0,0.0,0.0
22438,494.4,0.0,0.0,0.0,0.0
22439,411.9,0.0,0.0,0.0,0.0
22440,328.8,0.0,0.0,0.0,0.0
22441,263.8,0.0,0.0,0.0,0.0
22442,220.5,0.0,0.0,0.0,0.0
22443,216.9,0.0,0.0,0.0,0.0
22444,232.0,0.0,0.0,0.0,0.0
22445,293.6,0.0,0.0,0.0,0.0
22446,259.7,0.0,0.0,0.0,0.0
22447,260.4,0.0,0.0,0.0,0.0
22448,275.2,0.0,0.0,0.0,0.0
22449,271.0,0.0,0.0,0.0,0.0
22450,264.2,0.0,0.0,0.0,0.0
22451,268.2,0.0,0.0,0.0,0.0
22452,242.8,0.0,0.0,0.0,0.0
22453,300.6,0.0,0.0,0.0,0.0
22454,271.4,0.0,0.0,0.0,0.0
22455,246.9,0.0,0.0,0.0,0.0
22456,268.1,0.0,0.0,0.0,0.0
22457,267.3,0.0,0.0,0.0,0.0
22458,263.7,0.0,0.0,0.0,0.0
22459,255.7,0.0,0.0,0.0,0.0
22460,258.9,0.0,0.0,0.0,0.0
22461,285.5,0.0,0.0,0.0,0.0
22462,284.1,0.0,0.0,0.0,0.0
22463,306.9,0.0,0.0,0.0,0.0
22464,292.0,0.0,0.0,0.0,0.0
22465,307.8,0.0,0.0,0.0,0.0
22466,291.2,0.0,0.0,0.0,0.0
22467,296.5,0.0,0.0,0.0,0.0
22468,315.4,0.0,0.0,0.0,0.0
22469,308.7,0.0,0.0,0.0,0.0
22470,294.1,0.0,0.0,0.0,0.0
22471,292.5,0.0,0.0,0.0,0.0
22472,291.4,0.0,0.0,0.0,0.0
22473,278.0,0.0,0.0,0.0,0.0
22474,286.4,0.0,0.0,0.0,0.0
22475,277.5,0.0,0.0,0.0,0.0
22476,319.9,0.0,0.0,0.0,0.0
22477,314.4,0.0,0.0,0.0,0.0
22478,317.3,0.0,0.0,0.0,0.0
22479,318.9,0.0,0.0,0.0,0.0
22480,307.8,0.0,0.0,0.0,0.0
22481,297.8,0.0,0.0,0.0,0.0
22482,298.5,0.0,0.0,0.0,0.0
22483,296.5,0.0,0.0,0.0,0.0
22484,296.9,0.0,0.0,0.0,0.0
22485,305.1,0.0,0.0,0.0,0.0
22486,302.0,0.0,0.0,0.0,0.0
22487,296.3,0.0,0.0,0.0,0.0
22488,293.9,0.0,0.0,0.0,0.0
22489,291.7,0.0,0.0,0.0,0.0
22490,299.8,0.0,0.0,0.0,0.0
22491,286.4,0.0,0.0,0.0,0.0
22492,306.2,0.0,0.0,0.0,0.0
22493,296.7,0.0,0.0,0.0,0.0
22494,275.1,0.0,0.0,0.0,0.0
22495,438.4,0.0,0.0,0.0,0.0
22496,437.6,0.0,0.0,0.0,0.0
22497,425.0,0.0,0.0,0.0,0.0
22498,432.9,0.0,0.0,0.0,0.0
22499,424.4,0.0,0.0,0.0,0.0
22500,294.6,0.0,0.0,0.0,0.0
22501,298.3,0.0,0.0,0.0,0.0
22502,301.1,0.0,0.0,0.0,0.0
22503,290.0,0.0,0.0,0.0,0.0
22504,300.8,0.0,0.0,0.0,0.0
22505,286.3,0.0,0.0,0.0,0.0
22506,280.3,0.0,0.0,0.0,0.0
22507,289.1,0.0,0.0,0.0,0.0
22508,285.0,0.0,0.0,0.0,0.0
22509,281.0,0.0,0.0,0.0,0.0
22510,295.3,0.0,0.0,0.0,0.0
22511,274.1,0.0,0.0,0.0,0.0
22512,287.0,0.0,0.0,0.0,0.0
22513,292.3,0.0,0.0,0.0,0.0
22514,277.6,0.0,0.0,0.0,0.0
22515,282.4,0.0,0.0,0.0,0.0
22516,280.1,0.0,0.0,0.0,0.0
22517,283.7,0.0,0.0,0.0,0.0
22518,287.6,0.0,0.0,0.0,0.0
22519,283.8,0.0,0.0,0.0,0.0
22520,280.3,0.0,0.0,0.0,0.0
22521,282.6,0.0,0.0,0.0,0.0
22522,289.3,0.0,0.0,0.0,0.0
22523,274.0,0.0,0.0,0.0,0.0
22524,266.2,0.0,0.0,0.0,0.0
22525,265.2,0.0,0.0,0.0,0.0
22526,235.2,0.0,0.0,0.0,0.0
22527,271.3,0.0,0.0,0.0,0.0
22528,271.2,0.0,0.0,0.0,0.0
22529,268.5,0.0,0.0,0.0,0.0
22530,279.0,0.0,0.0,0.0,0.0
22531,276.0,0.0,0.0,0.0,0.0
22532,260.4,0.0,0.0,0.0,0.0
22533,258.1,0.0,0.0,0.0,0.0
22534,248.8,0.0,0.0,0.0,0.0
22535,244.0,0.0,0.0,0.0,0.0
22536,237.8,0.0,0.0,0.0,0.0
22537,207.8,0.0,0.0,0.0,0.0
22538,206.5,0.0,0.0,0.0,0.0
22539,222.8,0.0,0.0,0.0,0.0
22540,212.2,0.0,0.0,0.0,0.0
22541,200.6,0.0,0.0,0.0,0.0
22542,219.0,0.0,0.0,0.0,0.0
22543,217.0,0.0,0.0,0.0,0.0
22544,202.6,0.0,0.0,0.0,0.0
22545,212.7,0.0,0.0,0.0,0.0
22546,197.3,0.0,0.0,0.0,0.0
22547,207.9,0.0,0.0,0.0,0.0
22548,191.0,0.0,0.0,0.0,0.0
22549,191.8,0.0,0.0,0.0,0.0
22550,214.6,0.0,0.0,0.0,0.0
22551,198.9,0.0,0.0,0.0,0.0
22552,215.5,0.0,0.0,0.0,0.0
22553,201.2,0.0,0.0,0.0,0.0
22554,197.5,0.0,0.0,0.0,0.0
22555,188.3,0.0,0.0,0.0,0.0
22556,186.8,0.0,0.0,0.0,0.0
22557,191.5,0.0,0.0,0.0,0.0
22558,184.0,0.0,0.0,0.0,0.0
22559,175.9,0.0,0.0,0.0,0.0
22560,182.0,0.0,0.0,0.0,0.0
22561,175.7,0.0,0.0,0.0,0.0
22562,172.2,0.0,0.0,0.0,0.0
22563,173.6,0.0,0.0,0.0,0.0
22564,174.7,0.0,0.0,0.0,0.0
22565,189.8,0.0,0.0,0.0,0.0
22566,188.5,0.0,0.0,0.0,0.0
22567,194.1,0.0,0.0,0.0,0.0
22568,160.6,0.0,0.0,0.0,0.0
22569,128.2,0.0,0.0,0.0,0.0
22570,120.2,0.0,0.0,0.0,0.0
22571,125.7,0.0,0.0,0.0,0.0
22572,113.6,0.0,0.0,0.0,0.0
22573,141.3,0.0,0.0,0.0,0.0
22574,156.0,0.0,0.0,0.0,0.0
22575,151.7,0.0,0.0,0.0,0.0
22576,139.6,0.0,0.0,0.0,0.0
22577,154.1,0.0,0.0,0.0,0.0
22578,146.3,0.0,0.0,0.0,0.0
22579,136.7,0.0,0.0,0.0,0.0
22580,137.5,0.0,0.0,0.0,0.0
22581,135.9,0.0,0.0,0.0,0.0
22582,140.8,0.0,0.0,0.0,0.0
22583,162.4,0.0,0.0,0.0,0.0
22584,153.5,0.0,0.0,0.0,0.0
22585,168.1,0.0,0.0,0.0,0.0
22586,153.9,0.0,0.0,0.0,0.0
22587,155.7,0.0,0.0,0.0,0.0
22588,155.7,0.0,0.0,0.0,0.0
22589,153.2,0.0,0.0,0.0,0.0
22590,153.8,0.0,0.0,0.0,0.0
22591,153.4,0.0,0.0,0.0,0.0
22592,162.0,0.0,0.0,0.0,0.0
22593,163.1,0.0,0.0,0.0,0.0
22594,154.6,0.0,0.0,0.0,0.0
22595,161.4,0.0,0.0,0.0,0.0
22596,154.5,0.0,0.0,0.0,0.0
22597,150.1,0.0,0.0,0.0,0.0
22598,174.5,0.0,0.0,0.0,0.0
22599,168.8,0.0,0.0,0.0,0.0
22600,166.9,0.0,0.0,0.0,0.0
22601,163.1,0.0,0.0,0.0,0.0
22602,157.2,0.0,0.0,0.0,0.0
22603,154.3,0.0,0.0,0.0,0.0
22604,165.4,0.0,0.0,0.0,0.0
22605,161.3,0.0,0.0,0.0,0.0
22606,157.3,0.0,0.0,0.0,0.0
22607,152.5,0.0,0.0,0.0,0.0
22608,162.4,0.0,0.0,0.0,0.0
22609,157.4,0.0,0.0,0.0,0.0
22610,157.4,0.0,0.0,0.0,0.0
22611,151.2,0.0,0.0,0.0,0.0
22612,139.6,0.0,0.0,0.0,0.0
22613,130.9,0.0,0.0,0.0,0.0
22614,117.3,0.0,0.0,0.0,0.0
22615,120.8,0.0,0.0,0.0,0.0
22616,114.3,0.0,0.0,0.0,0.0
22617,110.1,0.0,0.0,0.0,0.0
22618,113.7,0.0,0.0,0.0,0.0
22619,137.6,0.0,0.0,0.0,0.0
22620,132.8,0.0,0.0,0.0,0.0
22621,139.6,0.0,0.0,0.0,0.0
22622,114.7,0.0,0.0,0.0,0.0
22623,111.9,0.0,0.0,0.0,0.0
22624,107.2,0.0,0.0,0.0,0.0
22625,105.1,0.0,0.0,0.0,0.0
22626,124.2,0.0,0.0,0.0,0.0
22627,120.2,0.0,0.0,0.0,0.0
22628,114.8,0.0,0.0,0.0,0.0
22629,127.7,0.0,0.0,0.0,0.0
22630,78.5,0.0,0.0,0.0,0.0
22631,108.0,0.0,0.0,0.0,0.0
22632,132.2,0.0,0.0,0.0,0.0
22633,152.5,0.0,0.0,0.0,0.0
22634,149.2,0.0,0.0,0.0,0.0
22635,148.1,0.0,0.0,0.0,0.0
22636,139.5,0.0,0.0,0.0,0.0
22637,139.9,0.0,0.0,0.0,0.0
22638,145.6,0.0,0.0,0.0,0.0
22639,138.4,0.0,0.0,0.0,0.0
22640,143.7,0.0,0.0,0.0,0.0
22641,136.2,0.0,0.0,0.0,0.0
22642,139.7,0.0,0.0,0.0,0.0
22643,140.3,0.0,0.0,0.0,0.0
22644,142.9,0.0,0.0,0.0,0.0
22645,141.9,0.0,0.0,0.0,0.0
22646,133.7,0.0,0.0,0.0,0.0
22647,134.7,0.0,0.0,0.0,0.0
22648,147.1,0.0,0.0,0.0,0.0
22649,150.7,0.0,0.0,0.0,0.0
22650,150.7,0.0,0.0,0.0,0.0
22651,155.5,0.0,0.0,0.0,0.0
22652,135.4,0.0,0.0,0.0,0.0
22653,131.9,0.0,0.0,0.0,0.0
22654,140.9,0.0,0.0,0.0,0.0
22655,136.1,0.0,0.0,0.0,0.0
22656,143.9,0.0,0.0,0.0,0.0
22657,137.7,0.0,0.0,0.0,0.0
22658,137.9,0.0,0.0,0.0,0.0
22659,123.7,0.0,0.0,0.0,0.0
22660,122.5,0.0,0.0,0.0,0.0
22661,124.2,0.0,0.0,0.0,0.0
22662,128.6,0.0,0.0,0.0,0.0
22663,121.3,0.0,0.0,0.0,0.0
22664,120.0,0.0,0.0,0.0,0.0
22665,94.8,0.0,0.0,0.0,0.0
22666,104.7,0.0,0.0,0.0,0.0
22667,104.8,0.0,0.0,0.0,0.0
22668,112.4,0.0,0.0,0.0,0.0
22669,105.6,0.0,0.0,0.0,0.0
22670,107.3,0.0,0.0,0.0,0.0
22671,119.1,0.0,0.0,0.0,0.0
22672,115.3,0.0,0.0,0.0,0.0
22673,104.3,0.0,0.0,0.0,0.0
22674,107.2,0.0,0.0,0.0,0.0
22675,114.5,0.0,0.0,0.0,0.0
22676,111.2,0.0,0.0,0.0,0.0
22677,108.0,0.0,0.0,0.0,0.0
22678,106.4,0.0,0.0,0.0,0.0
22679,104.0,0.0,0.0,0.0,0.0
22680,94.4,0.0,0.0,0.0,0.0
22681,96.7,0.0,0.0,0.0,0.0
22682,96.7,0.0,0.0,0.0,0.0
22683,70.2,0.0,0.0,0.0,0.0
22684,95.7,0.0,0.0,0.0,0.0
22685,100.9,0.0,0.0,0.0,0.0
22686,121.2,0.0,0.0,0.0,0.0
22687,82.2,0.0,0.0,0.0,0.0
22688,88.6,0.0,0.0,0.0,0.0
22689,94.6,0.0,0.0,0.0,0.0
22690,93.9,0.0,0.0,0.0,0.0
22691,101.1,0.0,0.0,0.0,0.0
22692,89.2,0.0,0.0,0.0,0.0
22693,77.9,0.0,0.0,0.0,0.0
22694,79.5,0.0,0.0,0.0,0.0
22695,96.9,0.0,0.0,0.0,0.0
22696,96.9,0.0,0.0,0.0,0.0
22697,93.7,0.0,0.0,0.0,0.0
22698,99.6,0.0,0.0,0.0,0.0
22699,124.9,0.0,0.0,0.0,0.0
22700,111.5,0.0,0.0,0.0,0.0
22701,98.6,0.0,0.0,0.0,0.0
22702,102.7,0.0,0.0,0.0,0.0
22703,99.7,0.0,0.0,0.0,0.0
22704,80.1,0.0,0.0,0.0,0.0
22705,102.7,0.0,0.0,0.0,0.0
22706,109.4,0.0,0.0,0.0,0.0
22707,92.3,0.0,0.0,0.0,0.0
22708,83.7,0.0,0.0,0.0,0.0
22709,64.9,0.0,0.0,0.0,0.0
22710,79.2,0.0,0.0,0.0,0.0
22711,94.9,0.0,0.0,0.0,0.0
22712,94.6,0.0,0.0,0.0,0.0
22713,87.3,0.0,0.0,0.0,0.0
22714,72.1,0.0,0.0,0.0,0.0
22715,59.6,0.0,0.0,0.0,0.0
22716,81.6,0.0,0.0,0.0,0.0
22717,86.2,0.0,0.0,0.0,0.0
22718,78.8,0.0,0.0,0.0,0.0
22719,93.0,0.0,0.0,0.0,0.0
22720,82.3,0.0,0.0,0.0,0.0
22721,22.2,0.0,0.0,0.0,0.0
22722,38.5,0.0,0.0,0.0,0.0
22723,49.8,0.0,0.0,0.0,0.0
22724,61.4,0.0,0.0,0.0,0.0
22725,61.7,0.0,0.0,0.0,0.0
22726,68.5,0.0,0.0,0.0,0.0
22727,81.4,0.0,0.0,0.0,0.0
22728,77.5,0.0,0.0,0.0,0.0
22729,66.1,0.0,0.0,0.0,0.0
22730,63.2,0.0,0.0,0.0,0.0
22731,74.1,0.0,0.0,0.0,0.0
22732,64.8,0.0,0.0,0.0,0.0
22733,32.7,0.0,0.0,0.0,0.0
22734,38.6,0.0,0.0,0.0,0.0
22735,22.6,0.0,0.0,0.0,0.0
22736,9.2,0.0,0.0,0.0,0.0
22737,25.4,0.0,0.0,0.0,0.0
22738,54.2,0.0,0.0,0.0,0.0
22739,36.2,0.0,0.0,0.0,0.0
22740,34.8,0.0,0.0,0.0,0.0
22741,52.3,0.0,0.0,0.0,0.0
22742,63.9,0.0,0.0,0.0,0.0
22743,70.7,0.0,0.0,0.0,0.0
22744,56.8,0.0,0.0,0.0,0.0
22745,65.1,0.0,0.0,0.0,0.0
22746,67.6,0.0,0.0,0.0,0.0
22747,75.1,0.0,0.0,0.0,0.0
22748,74.7,0.0,0.0,0.0,0.0
22749,53.8,0.0,0.0,0.0,0.0
22750,58.5,0.0,0.0,0.0,0.0
22751,43.2,0.0,0.0,0.0,0.0
22752,72.8,0.0,0.0,0.0,0.0
22753,66.5,0.0,0.0,0.0,0.0
22754,100.5,0.0,0.0,0.0,0.0
22755,121.1,0.0,0.0,0.0,0.0
22756,117.7,0.0,0.0,0.0,0.0
22757,107.4,0.0,0.0,0.0,0.0
22758,114.6,0.0,0.0,0.0,0.0
22759,152.4,0.0,0.0,0.0,0.0
22760,138.3,0.0,0.0,0.0,0.0
22761,128.3,0.0,0.0,0.0,0.0
22762,118.6,0.0,0.0,0.0,0.0
22763,124.8,0.0,0.0,0.0,0.0
22764,129.3,0.0,0.0,0.0,0.0
22765,123.4,0.0,0.0,0.0,0.0
22766,129.4,0.0,0.0,0.0,0.0
22767,135.9,0.0,0.0,0.0,0.0
22768,139.2,0.0,0.0,0.0,0.0
22769,137.5,0.0,0.0,0.0,0.0
22770,156.7,0.0,0.0,0.0,0.0
22771,172.0,0.0,0.0,0.0,0.0
22772,175.0,0.0,0.0,0.0,0.0
22773,208.0,0.0,0.0,0.0,0.0
22774,220.5,0.0,0.0,0.0,0.0
22775,232.6,0.0,0.0,0.0,0.0
22776,241.2,0.0,0.0,0.0,0.0
22777,261.9,0.0,0.0,0.0,0.0
22778,263.7,0.0,0.0,0.0,0.0
22779,248.9,0.0,0.0,0.0,0.0
22780,255.1,0.0,0.0,0.0,0.0
22781,255.1,0.0,0.0,0.0,0.0
22782,253.1,0.0,0.0,0.0,0.0
22783,282.3,0.0,0.0,0.0,0.0
22784,286.3,0.0,0.0,0.0,0.0
22785,280.1,0.0,0.0,0.0,0.0
22786,283.3,0.0,0.0,0.0,0.0
22787,269.6,0.0,0.0,0.0,0.0
22788,271.4,0.0,0.0,0.0,0.0
22789,276.2,0.0,0.0,0.0,0.0
22790,293.9,0.0,0.0,0.0,0.0
22791,280.9,0.0,0.0,0.0,0.0
22792,266.5,0.0,0.0,0.0,0.0
22793,264.2,0.0,0.0,0.0,0.0
22794,256.9,0.0,0.0,0.0,0.0
22795,255.3,0.0,0.0,0.0,0.0
22796,252.8,0.0,0.0,0.0,0.0
22797,258.7,0.0,0.0,0.0,0.0
22798,264.0,0.0,0.0,0.0,0.0
22799,261.5,0.0,0.0,0.0,0.0
22800,278.0,0.0,0.0,0.0,0.0
22801,287.2,0.0,0.0,0.0,0.0
22802,282.3,0.0,0.0,0.0,0.0
22803,283.0,0.0,0.0,0.0,0.0
22804,285.6,0.0,0.0,0.0,0.0
22805,268.2,0.0,0.0,0.0,0.0
22806,261.1,0.0,0.0,0.0,0.0
22807,259.6,0.0,0.0,0.0,0.0
22808,262.7,0.0,0.0,0.0,0.0
22809,273.1,0.0,0.0,0.0,0.0
22810,271.6,0.0,0.0,0.0,0.0
22811,282.8,0.0,0.0,0.0,0.0
22812,286.0,0.0,0.0,0.0,0.0
22813,315.7,0.0,0.0,0.0,0.0
22814,303.8,0.0,0.0,0.0,0.0
22815,302.6,0.0,0.0,0.0,0.0
22816,302.6,0.0,0.0,0.0,0.0
22817,305.9,0.0,0.0,0.0,0.0
22818,313.8,0.0,0.0,0.0,0.0
22819,295.3,0.0,0.0,0.0,0.0
22820,315.3,0.0,0.0,0.0,0.0
22821,360.5,0.0,0.0,0.0,0.0
22822,366.9,0.0,0.0,0.0,0.0
22823,376.7,0.0,0.0,0.0,0.0
22824,370.2,0.0,0.0,0.0,0.0
22825,372.6,0.0,0.0,0.0,0.0
22826,365.0,0.0,0.0,0.0,0.0
22827,367.6,0.0,0.0,0.0,0.0
22828,361.2,0.0,0.0,0.0,0.0
22829,352.5,0.0,0.0,0.0,0.0
22830,362.6,0.0,0.0,0.0,0.0
22831,352.5,0.0,0.0,0.0,0.0
22832,360.6,0.0,0.0,0.0,0.0
22833,365.2,0.0,0.0,0.0,0.0
22834,369.7,0.0,0.0,0.0,0.0
22835,368.0,0.0,0.0,0.0,0.0
22836,359.3,0.0,0.0,0.0,0.0
22837,364.9,0.0,0.0,0.0,0.0
22838,367.3,0.0,0.0,0.0,0.0
22839,368.8,0.0,0.0,0.0,0.0
22840,366.7,0.0,0.0,0.0,0.0
22841,347.9,0.0,0.0,0.0,0.0
22842,353.8,0.0,0.0,0.0,0.0
22843,374.1,0.0,0.0,0.0,0.0
22844,368.2,0.0,0.0,0.0,0.0
22845,368.1,0.0,0.0,0.0,0.0
22846,355.3,0.0,0.0,0.0,0.0
22847,367.3,0.0,0.0,0.0,0.0
22848,370.8,0.0,0.0,0.0,0.0
22849,354.7,0.0,0.0,0.0,0.0
22850,356.4,0.0,0.0,0.0,0.0
22851,362.1,0.0,0.0,0.0,0.0
22852,370.0,0.0,0.0,0.0,0.0
22853,357.1,0.0,0.0,0.0,0.0
22854,358.4,0.0,0.0,0.0,0.0
22855,365.2,0.0,0.0,0.0,0.0
22856,374.4,0.0,0.0,0.0,0.0
22857,362.1,0.0,0.0,0.0,0.0
22858,367.5,0.0,0.0,0.0,0.0
22859,361.4,0.0,0.0,0.0,0.0
22860,358.2,0.0,0.0,0.0,0.0
22861,358.5,0.0,0.0,0.0,0.0
22862,360.9,0.0,0.0,0.0,0.0
22863,371.8,0.0,0.0,0.0,0.0
22864,353.0,0.0,0.0,0.0,0.0
22865,355.2,0.0,0.0,0.0,0.0
22866,342.3,0.0,0.0,0.0,0.0
22867,325.5,0.0,0.0,0.0,0.0
22868,338.3,0.0,0.0,0.0,0.0
22869,327.8,0.0,0.0,0.0,0.0
22870,298.4,0.0,0.0,0.0,0.0
22871,295.5,0.0,0.0,0.0,0.0
22872,290.7,0.0,0.0,0.0,0.0
22873,282.4,0.0,0.0,0.0,0.0
22874,273.8,0.0,0.0,0.0,0.0
22875,281.6,0.0,0.0,0.0,0.0
22876,281.8,0.0,0.0,0.0,0.0
22877,278.5,0.0,0.0,0.0,0.0
22878,280.9,0.0,0.0,0.0,0.0
22879,283.4,0.0,0.0,0.0,0.0
22880,277.3,0.0,0.0,0.0,0.0
22881,263.8,0.0,0.0,0.0,0.0
22882,260.9,0.0,0.0,0.0,0.0
22883,249.5,0.0,0.0,0.0,0.0
22884,253.3,0.0,0.0,0.0,0.0
22885,268.4,0.0,0.0,0.0,0.0
22886,262.6,0.0,0.0,0.0,0.0
22887,236.0,0.0,0.0,0.0,0.0
22888,227.6,0.0,0.0,0.0,0.0
22889,231.1,0.0,0.0,0.0,0.0
22890,223.4,0.0,0.0,0.0,0.0
22891,230.2,0.0,0.0,0.0,0.0
22892,231.2,0.0,0.0,0.0,0.0
22893,232.2,0.0,0.0,0.0,0.0
22894,207.8,0.0,0.0,0.0,0.0
22895,192.5,0.0,0.0,0.0,0.0
22896,148.6,0.0,0.0,0.0,0.0
22897,155.6,0.0,0.0,0.0,0.0
22898,195.2,0.0,0.0,0.0,0.0
22899,202.6,0.0,0.0,0.0,0.0
22900,199.1,0.0,0.0,0.0,0.0
22901,162.4,0.0,0.0,0.0,0.0
22902,168.5,0.0,0.0,0.0,0.0
22903,167.7,0.0,0.0,0.0,0.0
22904,166.1,0.0,0.0,0.0,0.0
22905,159.8,0.0,0.0,0.0,0.0
22906,171.2,0.0,0.0,0.0,0.0
22907,158.6,0.0,0.0,0.0,0.0
22908,166.3,0.0,0.0,0.0,0.0
22909,174.9,0.0,0.0,0.0,0.0
22910,158.7,0.0,0.0,0.0,0.0
22911,155.6,0.0,0.0,0.0,0.0
22912,142.4,0.0,0.0,0.0,0.0
22913,148.7,0.0,0.0,0.0,0.0
22914,155.9,0.0,0.0,0.0,0.0
22915,145.1,0.0,0.0,0.0,0.0
22916,140.7,0.0,0.0,0.0,0.0
22917,132.7,0.0,0.0,0.0,0.0
22918,135.1,0.0,0.0,0.0,0.0
22919,132.8,0.0,0.0,0.0,0.0
22920,120.8,0.0,0.0,0.0,0.0
22921,121.1,0.0,0.0,0.0,0.0
22922,136.1,0.0,0.0,0.0,0.0
22923,115.7,0.0,0.0,0.0,0.0
22924,121.7,0.0,0.0,0.0,0.0
22925,121.5,0.0,0.0,0.0,0.0
22926,124.1,0.0,0.0,0.0,0.0
22927,132.3,0.0,0.0,0.0,0.0
22928,119.8,0.0,0.0,0.0,0.0
22929,145.2,0.0,0.0,0.0,0.0
22930,133.0,0.0,0.0,0.0,0.0
22931,129.2,0.0,0.0,0.0,0.0
22932,126.6,0.0,0.0,0.0,0.0
22933,132.4,0.0,0.0,0.0,0.0
22934,131.9,0.0,0.0,0.0,0.0
22935,133.7,0.0,0.0,0.0,0.0
22936,130.4,0.0,0.0,0.0,0.0
22937,143.4,0.0,0.0,0.0,0.0
22938,142.0,0.0,0.0,0.0,0.0
22939,153.0,0.0,0.0,0.0,0.0
22940,149.9,0.0,0.0,0.0,0.0
22941,144.3,0.0,0.0,0.0,0.0
22942,147.9,0.0,0.0,0.0,0.0
22943,146.0,0.0,0.0,0.0,0.0
22944,135.7,0.0,0.0,0.0,0.0
22945,147.7,0.0,0.0,0.0,0.0
22946,145.2,0.0,0.0,0.0,0.0
22947,140.3,0.0,0.0,0.0,0.0
22948,142.0,0.0,0.0,0.0,0.0
22949,160.0,0.0,0.0,0.0,0.0
22950,159.7,0.0,0.0,0.0,0.0
22951,161.6,0.0,0.0,0.0,0.0
22952,158.9,0.0,0.0,0.0,0.0
22953,156.8,0.0,0.0,0.0,0.0
22954,155.2,0.0,0.0,0.0,0.0
22955,169.9,0.0,0.0,0.0,0.0
22956,159.1,0.0,0.0,0.0,0.0
22957,144.5,0.0,0.0,0.0,0.0
22958,150.9,0.0,0.0,0.0,0.0
22959,155.8,0.0,0.0,0.0,0.0
22960,150.2,0.0,0.0,0.0,0.0
22961,147.7,0.0,0.0,0.0,0.0
22962,153.0,0.0,0.0,0.0,0.0
22963,150.8,0.0,0.0,0.0,0.0
22964,152.4,0.0,0.0,0.0,0.0
22965,175.2,0.0,0.0,0.0,0.0
22966,175.0,0.0,0.0,0.0,0.0
22967,153.4,0.0,0.0,0.0,0.0
22968,154.5,0.0,0.0,0.0,0.0
22969,157.3,0.0,0.0,0.0,0.0
22970,143.0,0.0,0.0,0.0,0.0
22971,127.0,0.0,0.0,0.0,0.0
22972,129.1,0.0,0.0,0.0,0.0
22973,141.5,0.0,0.0,0.0,0.0
22974,115.7,0.0,0.0,0.0,0.0
22975,122.4,0.0,0.0,0.0,0.0
22976,134.2,0.0,0.0,0.0,0.0
22977,113.6,0.0,0.0,0.0,0.0
22978,111.8,0.0,0.0,0.0,0.0
22979,82.5,0.0,0.0,0.0,0.0
22980,43.3,0.0,0.0,0.0,0.0
22981,56.9,0.0,0.0,0.0,0.0
22982,32.4,0.0,0.0,0.0,0.0
22983,64.2,0.0,0.0,0.0,0.0
22984,95.6,0.0,0.0,0.0,0.0
22985,39.3,0.0,0.0,0.0,0.0
22986,90.4,0.0,0.0,0.0,0.0
22987,63.6,0.0,0.0,0.0,0.0
22988,66.9,0.0,0.0,0.0,0.0
22989,116.2,0.0,0.0,0.0,0.0
22990,137.1,0.0,0.0,0.0,0.0
22991,94.5,0.0,0.0,0.0,0.0
22992,118.3,0.0,0.0,0.0,0.0
22993,114.8,0.0,0.0,0.0,0.0
22994,117.0,0.0,0.0,0.0,0.0
22995,120.3,0.0,0.0,0.0,0.0
22996,120.0,0.0,0.0,0.0,0.0
22997,121.5,0.0,0.0,0.0,0.0
22998,87.4,0.0,0.0,0.0,0.0
22999,71.0,0.0,0.0,0.0,0.0
23000,68.2,0.0,0.0,0.0,0.0
23001,81.8,0.0,0.0,0.0,0.0
23002,47.5,0.0,0.0,0.0,0.0
23003,46.6,0.0,0.0,0.0,0.0
23004,60.9,0.0,0.0,0.0,0.0
23005,67.0,0.0,0.0,0.0,0.0
23006,68.2,0.0,0.0,0.0,0.0
23007,69.5,0.0,0.0,0.0,0.0
23008,68.2,0.0,0.0,0.0,0.0
23009,64.4,0.0,0.0,0.0,0.0
23010,74.8,0.0,0.0,0.0,0.0
23011,73.0,0.0,0.0,0.0,0.0
23012,59.0,0.0,0.0,0.0,0.0
23013,74.0,0.0,0.0,0.0,0.0
23014,61.0,0.0,0.0,0.0,0.0
23015,76.8,0.0,0.0,0.0,0.0
23016,82.2,0.0,0.0,0.0,0.0
23017,77.8,0.0,0.0,0.0,0.0
23018,106.4,0.0,0.0,0.0,0.0
23019,91.5,0.0,0.0,0.0,0.0
23020,92.6,0.0,0.0,0.0,0.0
23021,163.2,0.0,0.0,0.0,0.0
23022,119.3,0.0,0.0,0.0,0.0
23023,96.2,0.0,0.0,0.0,0.0
23024,100.9,0.0,0.0,0.0,0.0
23025,115.3,0.0,0.0,0.0,0.0
23026,101.0,0.0,0.0,0.0,0.0
23027,129.1,0.0,0.0,0.0,0.0
23028,127.7,0.0,0.0,0.0,0.0
23029,133.4,0.0,0.0,0.0,0.0
23030,120.8,0.0,0.0,0.0,0.0
23031,101.1,0.0,0.0,0.0,0.0
23032,86.2,0.0,0.0,0.0,0.0
23033,141.9,0.0,0.0,0.0,0.0
23034,115.4,0.0,0.0,0.0,0.0
23035,126.4,0.0,0.0,0.0,0.0
23036,103.0,0.0,0.0,0.0,0.0
23037,104.4,0.0,0.0,0.0,0.0
23038,109.0,0.0,0.0,0.0,0.0
23039,130.4,0.0,0.0,0.0,0.0
23040,112.5,0.0,0.0,0.0,0.0
23041,102.0,0.0,0.0,0.0,0.0
23042,119.0,0.0,0.0,0.0,0.0
23043,121.3,0.0,0.0,0.0,0.0
23044,128.0,0.0,0.0,0.0,0.0
23045,101.7,0.0,0.0,0.0,0.0
23046,131.2,0.0,0.0,0.0,0.0
23047,93.3,0.0,0.0,0.0,0.0
23048,127.3,0.0,0.0,0.0,0.0
23049,118.8,0.0,0.0,0.0,0.0
23050,111.8,0.0,0.0,0.0,0.0
23051,111.9,0.0,0.0,0.0,0.0
23052,100.0,0.0,0.0,0.0,0.0
23053,109.5,0.0,0.0,0.0,0.0
23054,105.8,0.0,0.0,0.0,0.0
23055,105.9,0.0,0.0,0.0,0.0
23056,121.2,0.0,0.0,0.0,0.0
23057,119.3,0.0,0.0,0.0,0.0
23058,98.7,0.0,0.0,0.0,0.0
23059,83.5,0.0,0.0,0.0,0.0
23060,99.5,0.0,0.0,0.0,0.0
23061,98.0,0.0,0.0,0.0,0.0
23062,101.4,0.0,0.0,0.0,0.0
23063,102.6,0.0,0.0,0.0,0.0
23064,94.7,0.0,0.0,0.0,0.0
23065,104.1,0.0,0.0,0.0,0.0
23066,99.9,0.0,0.0,0.0,0.0
23067,112.6,0.0,0.0,0.0,0.0
23068,90.0,0.0,0.0,0.0,0.0
23069,111.8,0.0,0.0,0.0,0.0
23070,98.2,0.0,0.0,0.0,0.0
23071,109.5,0.0,0.0,0.0,0.0
23072,97.9,0.0,0.0,0.0,0.0
23073,96.8,0.0,0.0,0.0,0.0
23074,101.4,0.0,0.0,0.0,0.0
23075,110.1,0.0,0.0,0.0,0.0
23076,101.1,0.0,0.0,0.0,0.0
23077,103.1,0.0,0.0,0.0,0.0
23078,131.7,0.0,0.0,0.0,0.0
23079,93.3,0.0,0.0,0.0,0.0
23080,135.7,0.0,0.0,0.0,0.0
23081,142.6,0.0,0.0,0.0,0.0
23082,123.4,0.0,0.0,0.0,0.0
23083,130.5,0.0,0.0,0.0,0.0
23084,129.8,0.0,0.0,0.0,0.0
23085,130.3,0.0,0.0,0.0,0.0
23086,140.0,0.0,0.0,0.0,0.0
23087,111.8,0.0,0.0,0.0,0.0
23088,124.3,0.0,0.0,0.0,0.0
23089,143.7,0.0,0.0,0.0,0.0
23090,110.2,0.0,0.0,0.0,0.0
23091,104.7,0.0,0.0,0.0,0.0
23092,95.2,0.0,0.0,0.0,0.0
23093,102.5,0.0,0.0,0.0,0.0
23094,87.3,0.0,0.0,0.0,0.0
23095,106.0,0.0,0.0,0.0,0.0
23096,105.1,0.0,0.0,0.0,0.0
23097,111.0,0.0,0.0,0.0,0.0
23098,130.7,0.0,0.0,0.0,0.0
23099,167.8,0.0,0.0,0.0,0.0
23100,149.8,0.0,0.0,0.0,0.0
23101,145.8,0.0,0.0,0.0,0.0
23102,160.4,0.0,0.0,0.0,0.0
23103,117.5,0.0,0.0,0.0,0.0
23104,141.9,0.0,0.0,0.0,0.0
23105,126.9,0.0,0.0,0.0,0.0
23106,123.4,0.0,0.0,0.0,0.0
23107,136.9,0.0,0.0,0.0,0.0
23108,115.4,0.0,0.0,0.0,0.0
23109,152.2,0.0,0.0,0.0,0.0
23110,159.5,0.0,0.0,0.0,0.0
23111,151.8,0.0,0.0,0.0,0.0
23112,138.4,0.0,0.0,0.0,0.0
23113,147.4,0.0,0.0,0.0,0.0
23114,134.1,0.0,0.0,0.0,0.0
23115,129.8,0.0,0.0,0.0,0.0
23116,138.8,0.0,0.0,0.0,0.0
23117,137.6,0.0,0.0,0.0,0.0
23118,165.6,0.0,0.0,0.0,0.0
23119,139.8,0.0,0.0,0.0,0.0
23120,192.8,0.0,0.0,0.0,0.0
23121,174.0,0.0,0.0,0.0,0.0
23122,184.6,0.0,0.0,0.0,0.0
23123,209.4,0.0,0.0,0.0,0.0
23124,202.3,0.0,0.0,0.0,0.0
23125,250.1,0.0,0.0,0.0,0.0
23126,260.8,0.0,0.0,0.0,0.0
23127,321.9,0.0,0.0,0.0,0.0
23128,277.3,0.0,0.0,0.0,0.0
23129,301.4,0.0,0.0,0.0,0.0
23130,292.0,0.0,0.0,0.0,0.0
23131,312.5,0.0,0.0,0.0,0.0
23132,308.3,0.0,0.0,0.0,0.0
23133,306.5,0.0,0.0,0.0,0.0
23134,294.1,0.0,0.0,0.0,0.0
23135,292.6,0.0,0.0,0.0,0.0
23136,279.0,0.0,0.0,0.0,0.0
23137,303.7,0.0,0.0,0.0,0.0
23138,317.3,0.0,0.0,0.0,0.0
23139,329.8,0.0,0.0,0.0,0.0
23140,335.8,0.0,0.0,0.0,0.0
23141,333.0,0.0,0.0,0.0,0.0
23142,325.3,0.0,0.0,0.0,0.0
23143,325.3,0.0,0.0,0.0,0.0
23144,329.6,0.0,0.0,0.0,0.0
23145,316.5,0.0,0.0,0.0,0.0
23146,307.4,0.0,0.0,0.0,0.0
23147,307.4,0.0,0.0,0.0,0.0
23148,317.0,0.0,0.0,0.0,0.0
23149,310.3,0.0,0.0,0.0,0.0
23150,286.9,0.0,0.0,0.0,0.0
23151,290.5,0.0,0.0,0.0,0.0
23152,293.8,0.0,0.0,0.0,0.0
23153,305.4,0.0,0.0,0.0,0.0
23154,352.7,0.0,0.0,0.0,0.0
23155,334.0,0.0,0.0,0.0,0.0
23156,307.2,0.0,0.0,0.0,0.0
23157,296.0,0.0,0.0,0.0,0.0
23158,275.6,0.0,0.0,0.0,0.0
23159,294.8,0.0,0.0,0.0,0.0
23160,293.6,0.0,0.0,0.0,0.0
23161,255.9,0.0,0.0,0.0,0.0
23162,263.9,0.0,0.0,0.0,0.0
23163,265.2,0.0,0.0,0.0,0.0
23164,246.7,0.0,0.0,0.0,0.0
23165,261.9,0.0,0.0,0.0,0.0
23166,245.1,0.0,0.0,0.0,0.0
23167,257.8,0.0,0.0,0.0,0.0
23168,281.9,0.0,0.0,0.0,0.0
23169,319.4,0.0,0.0,0.0,0.0
23170,319.8,0.0,0.0,0.0,0.0
23171,296.7,0.0,0.0,0.0,0.0
23172,295.7,0.0,0.0,0.0,0.0
23173,300.3,0.0,0.0,0.0,0.0
23174,292.9,0.0,0.0,0.0,0.0
23175,300.7,0.0,0.0,0.0,0.0
23176,304.9,0.0,0.0,0.0,0.0
23177,310.2,0.0,0.0,0.0,0.0
23178,301.2,0.0,0.0,0.0,0.0
23179,307.1,0.0,0.0,0.0,0.0
23180,327.0,0.0,0.0,0.0,0.0
23181,313.1,0.0,0.0,0.0,0.0
23182,304.8,0.0,0.0,0.0,0.0
23183,285.6,0.0,0.0,0.0,0.0
23184,274.4,0.0,0.0,0.0,0.0
23185,315.0,0.0,0.0,0.0,0.0
23186,280.8,0.0,0.0,0.0,0.0
23187,304.8,0.0,0.0,0.0,0.0
23188,336.6,0.0,0.0,0.0,0.0
23189,316.4,0.0,0.0,0.0,0.0
23190,325.6,0.0,0.0,0.0,0.0
23191,342.1,0.0,0.0,0.0,0.0
23192,333.5,0.0,0.0,0.0,0.0
23193,311.3,0.0,0.0,0.0,0.0
23194,318.9,0.0,0.0,0.0,0.0
23195,316.7,0.0,0.0,0.0,0.0
23196,316.9,0.0,0.0,0.0,0.0
23197,331.1,0.0,0.0,0.0,0.0
23198,318.4,0.0,0.0,0.0,0.0
23199,331.1,0.0,0.0,0.0,0.0
23200,325.1,0.0,0.0,0.0,0.0
23201,315.2,0.0,0.0,0.0,0.0
23202,308.4,0.0,0.0,0.0,0.0
23203,331.1,0.0,0.0,0.0,0.0
23204,294.0,0.0,0.0,0.0,0.0
23205,314.2,0.0,0.0,0.0,0.0
23206,309.2,0.0,0.0,0.0,0.0
23207,300.1,0.0,0.0,0.0,0.0
23208,301.8,0.0,0.0,0.0,0.0
23209,300.5,0.0,0.0,0.0,0.0
23210,303.0,0.0,0.0,0.0,0.0
23211,306.4,0.0,0.0,0.0,0.0
23212,313.8,0.0,0.0,0.0,0.0
23213,355.4,0.0,0.0,0.0,0.0
23214,311.0,0.0,0.0,0.0,0.0
23215,304.4,0.0,0.0,0.0,0.0
23216,310.1,0.0,0.0,0.0,0.0
23217,315.7,0.0,0.0,0.0,0.0
23218,308.1,0.0,0.0,0.0,0.0
23219,310.0,0.0,0.0,0.0,0.0
23220,277.9,0.0,0.0,0.0,0.0
23221,274.3,0.0,0.0,0.0,0.0
23222,275.3,0.0,0.0,0.0,0.0
23223,264.9,0.0,0.0,0.0,0.0
23224,264.3,0.0,0.0,0.0,0.0
23225,245.2,0.0,0.0,0.0,0.0
23226,249.5,0.0,0.0,0.0,0.0
23227,252.0,0.0,0.0,0.0,0.0
23228,254.2,0.0,0.0,0.0,0.0
23229,252.2,0.0,0.0,0.0,0.0
23230,252.1,0.0,0.0,0.0,0.0
23231,230.7,0.0,0.0,0.0,0.0
23232,227.1,0.0,0.0,0.0,0.0
23233,218.4,0.0,0.0,0.0,0.0
23234,251.0,0.0,0.0,0.0,0.0
23235,255.4,0.0,0.0,0.0,0.0
23236,259.9,0.0,0.0,0.0,0.0
23237,273.1,0.0,0.0,0.0,0.0
23238,271.7,0.0,0.0,0.0,0.0
23239,249.5,0.0,0.0,0.0,0.0
23240,238.8,0.0,0.0,0.0,0.0
23241,236.2,0.0,0.0,0.0,0.0
23242,227.7,0.0,0.0,0.0,0.0
23243,243.9,0.0,0.0,0.0,0.0
23244,232.8,0.0,0.0,0.0,0.0
23245,225.8,0.0,0.0,0.0,0.0
23246,209.4,0.0,0.0,0.0,0.0
23247,209.0,0.0,0.0,0.0,0.0
23248,218.1,0.0,0.0,0.0,0.0
23249,234.4,0.0,0.0,0.0,0.0
23250,205.6,0.0,0.0,0.0,0.0
23251,190.7,0.0,0.0,0.0,0.0
23252,210.6,0.0,0.0,0.0,0.0
23253,181.3,0.0,0.0,0.0,0.0
23254,150.6,0.0,0.0,0.0,0.0
23255,170.6,0.0,0.0,0.0,0.0
23256,161.7,0.0,0.0,0.0,0.0
23257,162.6,0.0,0.0,0.0,0.0
23258,181.6,0.0,0.0,0.0,0.0
23259,178.2,0.0,0.0,0.0,0.0
23260,173.5,0.0,0.0,0.0,0.0
23261,179.6,0.0,0.0,0.0,0.0
23262,180.8,0.0,0.0,0.0,0.0
23263,186.8,0.0,0.0,0.0,0.0
23264,180.4,0.0,0.0,0.0,0.0
23265,174.5,0.0,0.0,0.0,0.0
23266,171.3,0.0,0.0,0.0,0.0
23267,196.0,0.0,0.0,0.0,0.0
23268,184.6,0.0,0.0,0.0,0.0
23269,168.9,0.0,0.0,0.0,0.0
23270,182.3,0.0,0.0,0.0,0.0
23271,167.1,0.0,0.0,0.0,0.0
23272,202.6,0.0,0.0,0.0,0.0
23273,198.6,0.0,0.0,0.0,0.0
23274,181.0,0.0,0.0,0.0,0.0
23275,180.3,0.0,0.0,0.0,0.0
23276,172.7,0.0,0.0,0.0,0.0
23277,162.7,0.0,0.0,0.0,0.0
23278,164.8,0.0,0.0,0.0,0.0
23279,165.7,0.0,0.0,0.0,0.0
23280,174.4,0.0,0.0,0.0,0.0
23281,158.2,0.0,0.0,0.0,0.0
23282,163.9,0.0,0.0,0.0,0.0
23283,165.4,0.0,0.0,0.0,0.0
23284,155.2,0.0,0.0,0.0,0.0
23285,164.0,0.0,0.0,0.0,0.0
23286,160.2,0.0,0.0,0.0,0.0
23287,151.9,0.0,0.0,0.0,0.0
23288,160.7,0.0,0.0,0.0,0.0
23289,152.0,0.0,0.0,0.0,0.0
23290,152.8,0.0,0.0,0.0,0.0
23291,159.9,0.0,0.0,0.0,0.0
23292,161.8,0.0,0.0,0.0,0.0
23293,175.3,0.0,0.0,0.0,0.0
23294,163.5,0.0,0.0,0.0,0.0
23295,156.4,0.0,0.0,0.0,0.0
23296,170.2,0.0,0.0,0.0,0.0
23297,156.1,0.0,0.0,0.0,0.0
23298,159.3,0.0,0.0,0.0,0.0
23299,164.3,0.0,0.0,0.0,0.0
23300,166.8,0.0,0.0,0.0,0.0
23301,170.1,0.0,0.0,0.0,0.0
23302,162.9,0.0,0.0,0.0,0.0
23303,151.5,0.0,0.0,0.0,0.0
23304,144.1,0.0,0.0,0.0,0.0
23305,158.2,0.0,0.0,0.0,0.0
23306,150.5,0.0,0.0,0.0,0.0
23307,160.6,0.0,0.0,0.0,0.0
23308,141.2,0.0,0.0,0.0,0.0
23309,144.7,0.0,0.0,0.0,0.0
23310,142.2,0.0,0.0,0.0,0.0
23311,145.1,0.0,0.0,0.0,0.0
23312,141.5,0.0,0.0,0.0,0.0
23313,133.2,0.0,0.0,0.0,0.0
23314,144.5,0.0,0.0,0.0,0.0
23315,146.0,0.0,0.0,0.0,0.0
23316,179.5,0.0,0.0,0.0,0.0
23317,153.1,0.0,0.0,0.0,0.0
23318,134.5,0.0,0.0,0.0,0.0
23319,141.3,0.0,0.0,0.0,0.0
23320,129.5,0.0,0.0,0.0,0.0
23321,134.7,0.0,0.0,0.0,0.0
23322,126.1,0.0,0.0,0.0,0.0
23323,120.8,0.0,0.0,0.0,0.0
23324,111.3,0.0,0.0,0.0,0.0
23325,120.4,0.0,0.0,0.0,0.0
23326,112.9,0.0,0.0,0.0,0.0
23327,112.0,0.0,0.0,0.0,0.0
23328,124.0,0.0,0.0,0.0,0.0
23329,122.9,0.0,0.0,0.0,0.0
23330,111.5,0.0,0.0,0.0,0.0
23331,110.0,0.0,0.0,0.0,0.0
23332,95.6,0.0,0.0,0.0,0.0
23333,92.9,0.0,0.0,0.0,0.0
23334,88.9,0.0,0.0,0.0,0.0
23335,94.2,0.0,0.0,0.0,0.0
23336,90.8,0.0,0.0,0.0,0.0
23337,89.4,0.0,0.0,0.0,0.0
23338,91.3,0.0,0.0,0.0,0.0
23339,95.6,0.0,0.0,0.0,0.0
23340,100.7,0.0,0.0,0.0,0.0
23341,99.8,0.0,0.0,0.0,0.0
23342,95.8,0.0,0.0,0.0,0.0
23343,96.5,0.0,0.0,0.0,0.0
23344,96.5,0.0,0.0,0.0,0.0
23345,97.1,0.0,0.0,0.0,0.0
23346,97.9,0.0,0.0,0.0,0.0
23347,101.0,0.0,0.0,0.0,0.0
23348,100.4,0.0,0.0,0.0,0.0
23349,98.8,0.0,0.0,0.0,0.0
23350,94.1,0.0,0.0,0.0,0.0
23351,106.9,0.0,0.0,0.0,0.0
23352,95.8,0.0,0.0,0.0,0.0
23353,89.9,0.0,0.0,0.0,0.0
23354,99.2,0.0,0.0,0.0,0.0
23355,89.7,0.0,0.0,0.0,0.0
23356,90.7,0.0,0.0,0.0,0.0
23357,91.3,0.0,0.0,0.0,0.0
23358,94.5,0.0,0.0,0.0,0.0
23359,92.3,0.0,0.0,0.0,0.0
23360,89.2,0.0,0.0,0.0,0.0
23361,94.4,0.0,0.0,0.0,0.0
23362,90.8,0.0,0.0,0.0,0.0
23363,89.9,0.0,0.0,0.0,0.0
23364,95.3,0.0,0.0,0.0,0.0
23365,102.3,0.0,0.0,0.0,0.0
23366,94.9,0.0,0.0,0.0,0.0
23367,93.8,0.0,0.0,0.0,0.0
23368,108.6,0.0,0.0,0.0,0.0
23369,100.1,0.0,0.0,0.0,0.0
23370,94.6,0.0,0.0,0.0,0.0
23371,96.7,0.0,0.0,0.0,0.0
23372,99.3,0.0,0.0,0.0,0.0
23373,98.2,0.0,0.0,0.0,0.0
23374,89.9,0.0,0.0,0.0,0.0
23375,94.3,0.0,0.0,0.0,0.0
23376,87.3,0.0,0.0,0.0,0.0
23377,91.4,0.0,0.0,0.0,0.0
23378,95.5,0.0,0.0,0.0,0.0
23379,91.4,0.0,0.0,0.0,0.0
23380,87.4,0.0,0.0,0.0,0.0
23381,78.8,0.0,0.0,0.0,0.0
23382,84.4,0.0,0.0,0.0,0.0
23383,77.7,0.0,0.0,0.0,0.0
23384,82.2,0.0,0.0,0.0,0.0
23385,82.7,0.0,0.0,0.0,0.0
23386,92.3,0.0,0.0,0.0,0.0
23387,92.9,0.0,0.0,0.0,0.0
23388,90.3,0.0,0.0,0.0,0.0
23389,81.8,0.0,0.0,0.0,0.0
23390,81.3,0.0,0.0,0.0,0.0
23391,80.3,0.0,0.0,0.0,0.0
23392,86.0,0.0,0.0,0.0,0.0
23393,86.5,0.0,0.0,0.0,0.0
23394,83.9,0.0,0.0,0.0,0.0
23395,83.2,0.0,0.0,0.0,0.0
23396,79.7,0.0,0.0,0.0,0.0
23397,83.4,0.0,0.0,0.0,0.0
23398,86.0,0.0,0.0,0.0,0.0
23399,83.4,0.0,0.0,0.0,0.0
23400,91.2,0.0,0.0,0.0,0.0
23401,80.9,0.0,0.0,0.0,0.0
23402,75.0,0.0,0.0,0.0,0.0
23403,90.1,0.0,0.0,0.0,0.0
23404,98.4,0.0,0.0,0.0,0.0
23405,93.6,0.0,0.0,0.0,0.0
23406,89.0,0.0,0.0,0.0,0.0
23407,98.7,0.0,0.0,0.0,0.0
23408,98.9,0.0,0.0,0.0,0.0
23409,96.4,0.0,0.0,0.0,0.0
23410,99.0,0.0,0.0,0.0,0.0
23411,98.4,0.0,0.0,0.0,0.0
23412,93.1,0.0,0.0,0.0,0.0
23413,97.8,0.0,0.0,0.0,0.0
23414,95.7,0.0,0.0,0.0,0.0
23415,110.9,0.0,0.0,0.0,0.0
23416,111.0,0.0,0.0,0.0,0.0
23417,119.5,0.0,0.0,0.0,0.0
23418,100.7,0.0,0.0,0.0,0.0
23419,103.0,0.0,0.0,0.0,0.0
23420,93.3,0.0,0.0,0.0,0.0
23421,85.1,0.0,0.0,0.0,0.0
23422,77.5,0.0,0.0,0.0,0.0
23423,73.9,0.0,0.0,0.0,0.0
23424,80.2,0.0,0.0,0.0,0.0
23425,74.6,0.0,0.0,0.0,0.0
23426,106.5,0.0,0.0,0.0,0.0
23427,69.8,0.0,0.0,0.0,0.0
23428,73.9,0.0,0.0,0.0,0.0
23429,76.8,0.0,0.0,0.0,0.0
23430,79.9,0.0,0.0,0.0,0.0
23431,80.9,0.0,0.0,0.0,0.0
23432,85.9,0.0,0.0,0.0,0.0
23433,90.7,0.0,0.0,0.0,0.0
23434,64.4,0.0,0.0,0.0,0.0
23435,70.2,0.0,0.0,0.0,0.0
23436,81.4,0.0,0.0,0.0,0.0
23437,74.7,0.0,0.0,0.0,0.0
23438,82.2,0.0,0.0,0.0,0.0
23439,68.1,0.0,0.0,0.0,0.0
23440,71.5,0.0,0.0,0.0,0.0
23441,56.2,0.0,0.0,0.0,0.0
23442,68.2,0.0,0.0,0.0,0.0
23443,77.1,0.0,0.0,0.0,0.0
23444,49.9,0.0,0.0,0.0,0.0
23445,56.5,0.0,0.0,0.0,0.0
23446,53.6,0.0,0.0,0.0,0.0
23447,35.5,0.0,0.0,0.0,0.0
23448,47.9,0.0,0.0,0.0,0.0
23449,54.6,0.0,0.0,0.0,0.0
23450,58.3,0.0,0.0,0.0,0.0
23451,76.2,0.0,0.0,0.0,0.0
23452,72.0,0.0,0.0,0.0,0.0
23453,88.5,0.0,0.0,0.0,0.0
23454,107.7,0.0,0.0,0.0,0.0
23455,72.4,0.0,0.0,0.0,0.0
23456,75.8,0.0,0.0,0.0,0.0
23457,76.7,0.0,0.0,0.0,0.0
23458,85.0,0.0,0.0,0.0,0.0
23459,88.6,0.0,0.0,0.0,0.0
23460,86.1,0.0,0.0,0.0,0.0
23461,89.6,0.0,0.0,0.0,0.0
23462,72.3,0.0,0.0,0.0,0.0
23463,90.7,0.0,0.0,0.0,0.0
23464,44.6,0.0,0.0,0.0,0.0
23465,51.5,0.0,0.0,0.0,0.0
23466,63.4,0.0,0.0,0.0,0.0
23467,35.9,0.0,0.0,0.0,0.0
23468,56.5,0.0,0.0,0.0,0.0
23469,61.7,0.0,0.0,0.0,0.0
23470,32.7,0.0,0.0,0.0,0.0
23471,17.6,0.0,0.0,0.0,0.0
23472,34.2,0.0,0.0,0.0,0.0
23473,39.0,0.0,0.0,0.0,0.0
23474,22.7,0.0,0.0,0.0,0.0
23475,26.9,0.0,0.0,0.0,0.0
23476,43.6,0.0,0.0,0.0,0.0
23477,48.4,0.0,0.0,0.0,0.0
23478,43.1,0.0,0.0,0.0,0.0
23479,79.6,0.0,0.0,0.0,0.0
23480,64.9,0.0,0.0,0.0,0.0
23481,78.7,0.0,0.0,0.0,0.0
23482,78.2,0.0,0.0,0.0,0.0
23483,76.5,0.0,0.0,0.0,0.0
23484,101.8,0.0,0.0,0.0,0.0
23485,97.1,0.0,0.0,0.0,0.0
23486,107.6,0.0,0.0,0.0,0.0
23487,104.7,0.0,0.0,0.0,0.0
23488,110.9,0.0,0.0,0.0,0.0
23489,93.1,0.0,0.0,0.0,0.0
23490,90.6,0.0,0.0,0.0,0.0
23491,109.8,0.0,0.0,0.0,0.0
23492,93.4,0.0,0.0,0.0,0.0
23493,106.4,0.0,0.0,0.0,0.0
23494,100.2,0.0,0.0,0.0,0.0
23495,107.8,0.0,0.0,0.0,0.0
23496,112.4,0.0,0.0,0.0,0.0
23497,131.9,0.0,0.0,0.0,0.0
23498,150.9,0.0,0.0,0.0,0.0
23499,147.3,0.0,0.0,0.0,0.0
23500,151.2,0.0,0.0,0.0,0.0
23501,149.4,0.0,0.0,0.0,0.0
23502,172.2,0.0,0.0,0.0,0.0
23503,197.7,0.0,0.0,0.0,0.0
23504,195.5,0.0,0.0,0.0,0.0
23505,214.3,0.0,0.0,0.0,0.0
23506,209.0,0.0,0.0,0.0,0.0
23507,199.2,0.0,0.0,0.0,0.0
23508,200.2,0.0,0.0,0.0,0.0
23509,190.0,0.0,0.0,0.0,0.0
23510,207.6,0.0,0.0,0.0,0.0
23511,209.0,0.0,0.0,0.0,0.0
23512,212.6,0.0,0.0,0.0,0.0
23513,232.6,0.0,0.0,0.0,0.0
23514,213.6,0.0,0.0,0.0,0.0
23515,185.9,0.0,0.0,0.0,0.0
23516,199.0,0.0,0.0,0.0,0.0
23517,203.9,0.0,0.0,0.0,0.0
23518,216.4,0.0,0.0,0.0,0.0
23519,207.2,0.0,0.0,0.0,0.0
23520,210.7,0.0,0.0,0.0,0.0
23521,218.8,0.0,0.0,0.0,0.0
23522,226.7,0.0,0.0,0.0,0.0
23523,218.8,0.0,0.0,0.0,0.0
23524,223.8,0.0,0.0,0.0,0.0
23525,193.0,0.0,0.0,0.0,0.0
23526,234.5,0.0,0.0,0.0,0.0
23527,229.9,0.0,0.0,0.0,0.0
23528,224.0,0.0,0.0,0.0,0.0
23529,225.4,0.0,0.0,0.0,0.0
23530,218.4,0.0,0.0,0.0,0.0
23531,202.6,0.0,0.0,0.0,0.0
23532,213.6,0.0,0.0,0.0,0.0
23533,205.2,0.0,0.0,0.0,0.0
23534,203.8,0.0,0.0,0.0,0.0
23535,195.6,0.0,0.0,0.0,0.0
23536,199.8,0.0,0.0,0.0,0.0
23537,172.1,0.0,0.0,0.0,0.0
23538,220.8,0.0,0.0,0.0,0.0
23539,206.8,0.0,0.0,0.0,0.0
23540,227.4,0.0,0.0,0.0,0.0
23541,211.5,0.0,0.0,0.0,0.0
23542,201.2,0.0,0.0,0.0,0.0
23543,215.6,0.0,0.0,0.0,0.0
23544,212.2,0.0,0.0,0.0,0.0
23545,218.0,0.0,0.0,0.0,0.0
23546,216.5,0.0,0.0,0.0,0.0
23547,245.5,0.0,0.0,0.0,0.0
23548,264.3,0.0,0.0,0.0,0.0
23549,264.3,0.0,0.0,0.0,0.0
23550,258.0,0.0,0.0,0.0,0.0
23551,277.7,0.0,0.0,0.0,0.0
23552,276.5,0.0,0.0,0.0,0.0
23553,261.2,0.0,0.0,0.0,0.0
23554,251.5,0.0,0.0,0.0,0.0
23555,243.2,0.0,0.0,0.0,0.0
23556,251.3,0.0,0.0,0.0,0.0
23557,246.4,0.0,0.0,0.0,0.0
23558,206.4,0.0,0.0,0.0,0.0
23559,166.4,0.0,0.0,0.0,0.0
23560,179.5,0.0,0.0,0.0,0.0
23561,198.2,0.0,0.0,0.0,0.0
23562,180.1,0.0,0.0,0.0,0.0
23563,182.3,0.0,0.0,0.0,0.0
23564,180.7,0.0,0.0,0.0,0.0
23565,179.6,0.0,0.0,0.0,0.0
23566,177.7,0.0,0.0,0.0,0.0
23567,204.3,0.0,0.0,0.0,0.0
23568,197.2,0.0,0.0,0.0,0.0
23569,199.1,0.0,0.0,0.0,0.0
23570,203.2,0.0,0.0,0.0,0.0
23571,211.2,0.0,0.0,0.0,0.0
23572,196.1,0.0,0.0,0.0,0.0
23573,203.8,0.0,0.0,0.0,0.0
23574,209.3,0.0,0.0,0.0,0.0
23575,194.2,0.0,0.0,0.0,0.0
23576,195.3,0.0,0.0,0.0,0.0
23577,194.0,0.0,0.0,0.0,0.0
23578,210.7,0.0,0.0,0.0,0.0
23579,202.2,0.0,0.0,0.0,0.0
23580,207.8,0.0,0.0,0.0,0.0
23581,193.0,0.0,0.0,0.0,0.0
23582,201.3,0.0,0.0,0.0,0.0
23583,206.0,0.0,0.0,0.0,0.0
23584,194.6,0.0,0.0,0.0,0.0
23585,218.1,0.0,0.0,0.0,0.0
23586,187.5,0.0,0.0,0.0,0.0
23587,185.0,0.0,0.0,0.0,0.0
23588,178.9,0.0,0.0,0.0,0.0
23589,208.1,0.0,0.0,0.0,0.0
23590,184.5,0.0,0.0,0.0,0.0
23591,187.5,0.0,0.0,0.0,0.0
23592,217.3,0.0,0.0,0.0,0.0
23593,176.4,0.0,0.0,0.0,0.0
23594,221.6,0.0,0.0,0.0,0.0
23595,216.8,0.0,0.0,0.0,0.0
23596,179.9,0.0,0.0,0.0,0.0
23597,176.2,0.0,0.0,0.0,0.0
23598,167.4,0.0,0.0,0.0,0.0
23599,163.2,0.0,0.0,0.0,0.0
23600,153.5,0.0,0.0,0.0,0.0
23601,161.7,0.0,0.0,0.0,0.0
23602,153.0,0.0,0.0,0.0,0.0
23603,167.5,0.0,0.0,0.0,0.0
23604,155.0,0.0,0.0,0.0,0.0
23605,152.7,0.0,0.0,0.0,0.0
23606,147.4,0.0,0.0,0.0,0.0
23607,150.2,0.0,0.0,0.0,0.0
23608,158.1,0.0,0.0,0.0,0.0
23609,155.2,0.0,0.0,0.0,0.0
23610,157.4,0.0,0.0,0.0,0.0
23611,148.4,0.0,0.0,0.0,0.0
23612,178.8,0.0,0.0,0.0,0.0
23613,164.6,0.0,0.0,0.0,0.0
23614,186.7,0.0,0.0,0.0,0.0
23615,185.7,0.0,0.0,0.0,0.0
23616,203.4,0.0,0.0,0.0,0.0
23617,182.3,0.0,0.0,0.0,0.0
23618,188.9,0.0,0.0,0.0,0.0
23619,196.0,0.0,0.0,0.0,0.0
23620,187.5,0.0,0.0,0.0,0.0
23621,205.7,0.0,0.0,0.0,0.0
23622,185.7,0.0,0.0,0.0,0.0
23623,181.9,0.0,0.0,0.0,0.0
23624,177.9,0.0,0.0,0.0,0.0
23625,178.1,0.0,0.0,0.0,0.0
23626,166.1,0.0,0.0,0.0,0.0
23627,164.6,0.0,0.0,0.0,0.0
23628,160.2,0.0,0.0,0.0,0.0
23629,178.9,0.0,0.0,0.0,0.0
23630,161.9,0.0,0.0,0.0,0.0
23631,170.2,0.0,0.0,0.0,0.0
23632,167.2,0.0,0.0,0.0,0.0
23633,148.4,0.0,0.0,0.0,0.0
23634,163.1,0.0,0.0,0.0,0.0
23635,155.3,0.0,0.0,0.0,0.0
23636,147.6,0.0,0.0,0.0,0.0
23637,161.4,0.0,0.0,0.0,0.0
23638,144.7,0.0,0.0,0.0,0.0
23639,154.6,0.0,0.0,0.0,0.0
23640,147.3,0.0,0.0,0.0,0.0
23641,157.7,0.0,0.0,0.0,0.0
23642,146.2,0.0,0.0,0.0,0.0
23643,138.0,0.0,0.0,0.0,0.0
23644,120.8,0.0,0.0,0.0,0.0
23645,99.3,0.0,0.0,0.0,0.0
23646,121.2,0.0,0.0,0.0,0.0
23647,125.1,0.0,0.0,0.0,0.0
23648,122.1,0.0,0.0,0.0,0.0
23649,121.8,0.0,0.0,0.0,0.0
23650,131.0,0.0,0.0,0.0,0.0
23651,134.3,0.0,0.0,0.0,0.0
23652,119.3,0.0,0.0,0.0,0.0
23653,115.9,0.0,0.0,0.0,0.0
23654,126.3,0.0,0.0,0.0,0.0
23655,134.9,0.0,0.0,0.0,0.0
23656,111.6,0.0,0.0,0.0,0.0
23657,129.2,0.0,0.0,0.0,0.0
23658,113.7,0.0,0.0,0.0,0.0
23659,117.4,0.0,0.0,0.0,0.0
23660,101.3,0.0,0.0,0.0,0.0
23661,89.4,0.0,0.0,0.0,0.0
23662,109.5,0.0,0.0,0.0,0.0
23663,103.0,0.0,0.0,0.0,0.0
23664,121.7,0.0,0.0,0.0,0.0
23665,93.1,0.0,0.0,0.0,0.0
23666,106.5,0.0,0.0,0.0,0.0
23667,99.1,0.0,0.0,0.0,0.0
23668,97.7,0.0,0.0,0.0,0.0
23669,86.0,0.0,0.0,0.0,0.0
23670,85.5,0.0,0.0,0.0,0.0
23671,104.3,0.0,0.0,0.0,0.0
23672,142.7,0.0,0.0,0.0,0.0
23673,70.4,0.0,0.0,0.0,0.0
23674,73.5,0.0,0.0,0.0,0.0
23675,121.8,0.0,0.0,0.0,0.0
23676,120.3,0.0,0.0,0.0,0.0
23677,129.0,0.0,0.0,0.0,0.0
23678,79.5,0.0,0.0,0.0,0.0
23679,70.2,0.0,0.0,0.0,0.0
23680,132.0,0.0,0.0,0.0,0.0
23681,81.0,0.0,0.0,0.0,0.0
23682,72.6,0.0,0.0,0.0,0.0
23683,124.0,0.0,0.0,0.0,0.0
23684,133.6,0.0,0.0,0.0,0.0
23685,136.2,0.0,0.0,0.0,0.0
23686,141.8,0.0,0.0,0.0,0.0
23687,144.2,0.0,0.0,0.0,0.0
23688,138.1,0.0,0.0,0.0,0.0
23689,142.1,0.0,0.0,0.0,0.0
23690,141.5,0.0,0.0,0.0,0.0
23691,123.6,0.0,0.0,0.0,0.0
23692,139.8,0.0,0.0,0.0,0.0
23693,130.6,0.0,0.0,0.0,0.0
23694,140.7,0.0,0.0,0.0,0.0
23695,134.9,0.0,0.0,0.0,0.0
23696,125.5,0.0,0.0,0.0,0.0
23697,121.6,0.0,0.0,0.0,0.0
23698,123.2,0.0,0.0,0.0,0.0
23699,103.9,0.0,0.0,0.0,0.0
23700,103.1,0.0,0.0,0.0,0.0
23701,127.1,0.0,0.0,0.0,0.0
23702,114.5,0.0,0.0,0.0,0.0
23703,125.6,0.0,0.0,0.0,0.0
23704,112.7,0.0,0.0,0.0,0.0
23705,104.2,0.0,0.0,0.0,0.0
23706,111.2,0.0,0.0,0.0,0.0
23707,108.3,0.0,0.0,0.0,0.0
23708,111.7,0.0,0.0,0.0,0.0
23709,106.0,0.0,0.0,0.0,0.0
23710,110.8,0.0,0.0,0.0,0.0
23711,105.0,0.0,0.0,0.0,0.0
23712,98.8,0.0,0.0,0.0,0.0
23713,70.5,0.0,0.0,0.0,0.0
23714,91.5,0.0,0.0,0.0,0.0
23715,92.7,0.0,0.0,0.0,0.0
23716,64.5,0.0,0.0,0.0,0.0
23717,60.4,0.0,0.0,0.0,0.0
23718,80.1,0.0,0.0,0.0,0.0
23719,82.4,0.0,0.0,0.0,0.0
23720,25.6,0.0,0.0,0.0,0.0
23721,12.4,0.0,0.0,0.0,0.0
23722,24.1,0.0,0.0,0.0,0.0
23723,52.7,0.0,0.0,0.0,0.0
23724,25.7,0.0,0.0,0.0,0.0
23725,46.8,0.0,0.0,0.0,0.0
23726,57.5,0.0,0.0,0.0,0.0
23727,65.4,0.0,0.0,0.0,0.0
23728,24.2,0.0,0.0,0.0,0.0
23729,10.1,0.0,0.0,0.0,0.0
23730,39.5,0.0,0.0,0.0,0.0
23731,54.4,0.0,0.0,0.0,0.0
23732,64.0,0.0,0.0,0.0,0.0
23733,53.3,0.0,0.0,0.0,0.0
23734,19.1,0.0,0.0,0.0,0.0
23735,27.6,0.0,0.0,0.0,0.0
23736,50.4,0.0,0.0,0.0,0.0
23737,42.1,0.0,0.0,0.0,0.0
23738,43.2,0.0,0.0,0.0,0.0
23739,64.5,0.0,0.0,0.0,0.0
23740,76.8,0.0,0.0,0.0,0.0
23741,80.6,0.0,0.0,0.0,0.0
23742,85.9,0.0,0.0,0.0,0.0
23743,62.9,0.0,0.0,0.0,0.0
23744,102.3,0.0,0.0,0.0,0.0
23745,78.3,0.0,0.0,0.0,0.0
23746,88.4,0.0,0.0,0.0,0.0
23747,65.8,0.0,0.0,0.0,0.0
23748,79.2,0.0,0.0,0.0,0.0
23749,84.1,0.0,0.0,0.0,0.0
23750,91.3,0.0,0.0,0.0,0.0
23751,90.3,0.0,0.0,0.0,0.0
23752,90.9,0.0,0.0,0.0,0.0
23753,90.8,0.0,0.0,0.0,0.0
23754,121.8,0.0,0.0,0.0,0.0
23755,103.3,0.0,0.0,0.0,0.0
23756,71.3,0.0,0.0,0.0,0.0
23757,80.6,0.0,0.0,0.0,0.0
23758,72.4,0.0,0.0,0.0,0.0
23759,79.8,0.0,0.0,0.0,0.0
23760,124.8,0.0,0.0,0.0,0.0
23761,89.0,0.0,0.0,0.0,0.0
23762,84.7,0.0,0.0,0.0,0.0
23763,53.6,0.0,0.0,0.0,0.0
23764,97.7,0.0,0.0,0.0,0.0
23765,103.6,0.0,0.0,0.0,0.0
23766,60.2,0.0,0.0,0.0,0.0
23767,66.9,0.0,0.0,0.0,0.0
23768,124.2,0.0,0.0,0.0,0.0
23769,64.1,0.0,0.0,0.0,0.0
23770,106.4,0.0,0.0,0.0,0.0
23771,103.7,0.0,0.0,0.0,0.0
23772,106.3,0.0,0.0,0.0,0.0
23773,59.1,0.0,0.0,0.0,0.0
23774,60.8,0.0,0.0,0.0,0.0
23775,127.9,0.0,0.0,0.0,0.0
23776,61.8,0.0,0.0,0.0,0.0
23777,105.2,0.0,0.0,0.0,0.0
23778,50.7,0.0,0.0,0.0,0.0
23779,14.1,0.0,0.0,0.0,0.0
23780,18.8,0.0,0.0,0.0,0.0
23781,72.9,0.0,0.0,0.0,0.0
23782,14.7,0.0,0.0,0.0,0.0
23783,54.4,0.0,0.0,0.0,0.0
23784,35.4,0.0,0.0,0.0,0.0
23785,37.6,0.0,0.0,0.0,0.0
23786,33.1,0.0,0.0,0.0,0.0
23787,38.4,0.0,0.0,0.0,0.0
23788,59.4,0.0,0.0,0.0,0.0
23789,46.6,0.0,0.0,0.0,0.0
23790,31.6,0.0,0.0,0.0,0.0
23791,55.1,0.0,0.0,0.0,0.0
23792,61.1,0.0,0.0,0.0,0.0
23793,54.5,0.0,0.0,0.0,0.0
23794,65.0,0.0,0.0,0.0,0.0
23795,65.8,0.0,0.0,0.0,0.0
23796,66.7,0.0,0.0,0.0,0.0
23797,79.3,0.0,0.0,0.0,0.0
23798,82.6,0.0,0.0,0.0,0.0
23799,85.3,0.0,0.0,0.0,0.0
23800,84.8,0.0,0.0,0.0,0.0
23801,59.6,0.0,0.0,0.0,0.0
23802,78.7,0.0,0.0,0.0,0.0
23803,97.3,0.0,0.0,0.0,0.0
23804,93.3,0.0,0.0,0.0,0.0
23805,99.5,0.0,0.0,0.0,0.0
23806,83.4,0.0,0.0,0.0,0.0
23807,87.5,0.0,0.0,0.0,0.0
23808,58.9,0.0,0.0,0.0,0.0
23809,96.6,0.0,0.0,0.0,0.0
23810,77.1,0.0,0.0,0.0,0.0
23811,102.8,0.0,0.0,0.0,0.0
23812,98.1,0.0,0.0,0.0,0.0
23813,92.6,0.0,0.0,0.0,0.0
23814,96.1,0.0,0.0,0.0,0.0
23815,98.4,0.0,0.0,0.0,0.0
23816,60.2,0.0,0.0,0.0,0.0
23817,96.9,0.0,0.0,0.0,0.0
23818,91.9,0.0,0.0,0.0,0.0
23819,87.2,0.0,0.0,0.0,0.0
23820,96.5,0.0,0.0,0.0,0.0
23821,88.6,0.0,0.0,0.0,0.0
23822,77.1,0.0,0.0,0.0,0.0
23823,91.6,0.0,0.0,0.0,0.0
23824,95.1,0.0,0.0,0.0,0.0
23825,85.2,0.0,0.0,0.0,0.0
23826,97.1,0.0,0.0,0.0,0.0
23827,85.5,0.0,0.0,0.0,0.0
23828,93.5,0.0,0.0,0.0,0.0
23829,61.0,0.0,0.0,0.0,0.0
23830,95.9,0.0,0.0,0.0,0.0
23831,81.3,0.0,0.0,0.0,0.0
23832,94.3,0.0,0.0,0.0,0.0
23833,93.0,0.0,0.0,0.0,0.0
23834,82.8,0.0,0.0,0.0,0.0
23835,84.9,0.0,0.0,0.0,0.0
23836,85.8,0.0,0.0,0.0,0.0
23837,84.2,0.0,0.0,0.0,0.0
23838,88.4,0.0,0.0,0.0,0.0
23839,101.0,0.0,0.0,0.0,0.0
23840,66.4,0.0,0.0,0.0,0.0
23841,83.6,0.0,0.0,0.0,0.0
23842,77.3,0.0,0.0,0.0,0.0
23843,66.3,0.0,0.0,0.0,0.0
23844,92.0,0.0,0.0,0.0,0.0
23845,82.6,0.0,0.0,0.0,0.0
23846,90.4,0.0,0.0,0.0,0.0
23847,102.3,0.0,0.0,0.0,0.0
23848,116.7,0.0,0.0,0.0,0.0
23849,111.7,0.0,0.0,0.0,0.0
23850,102.8,0.0,0.0,0.0,0.0
23851,114.1,0.0,0.0,0.0,0.0
23852,126.3,0.0,0.0,0.0,0.0
23853,134.5,0.0,0.0,0.0,0.0
23854,138.0,0.0,0.0,0.0,0.0
23855,166.4,0.0,0.0,0.0,0.0
23856,171.6,0.0,0.0,0.0,0.0
23857,214.5,0.0,0.0,0.0,0.0
23858,185.9,0.0,0.0,0.0,0.0
23859,190.2,0.0,0.0,0.0,0.0
23860,200.1,0.0,0.0,0.0,0.0
23861,190.4,0.0,0.0,0.0,0.0
23862,196.8,0.0,0.0,0.0,0.0
23863,188.1,0.0,0.0,0.0,0.0
23864,209.3,0.0,0.0,0.0,0.0
23865,198.7,0.0,0.0,0.0,0.0
23866,217.1,0.0,0.0,0.0,0.0
23867,204.5,0.0,0.0,0.0,0.0
23868,178.8,0.0,0.0,0.0,0.0
23869,218.8,0.0,0.0,0.0,0.0
23870,207.3,0.0,0.0,0.0,0.0
23871,204.7,0.0,0.0,0.0,0.0
23872,221.1,0.0,0.0,0.0,0.0
23873,202.3,0.0,0.0,0.0,0.0
23874,210.7,0.0,0.0,0.0,0.0
23875,246.1,0.0,0.0,0.0,0.0
23876,157.3,0.0,0.0,0.0,0.0
23877,197.7,0.0,0.0,0.0,0.0
23878,203.4,0.0,0.0,0.0,0.0
23879,210.0,0.0,0.0,0.0,0.0
23880,219.2,0.0,0.0,0.0,0.0
23881,183.4,0.0,0.0,0.0,0.0
23882,220.0,0.0,0.0,0.0,0.0
23883,220.1,0.0,0.0,0.0,0.0
23884,209.4,0.0,0.0,0.0,0.0
23885,198.1,0.0,0.0,0.0,0.0
23886,197.7,0.0,0.0,0.0,0.0
23887,202.2,0.0,0.0,0.0,0.0
23888,194.0,0.0,0.0,0.0,0.0
23889,213.9,0.0,0.0,0.0,0.0
23890,200.3,0.0,0.0,0.0,0.0
23891,188.7,0.0,0.0,0.0,0.0
23892,194.7,0.0,0.0,0.0,0.0
23893,177.3,0.0,0.0,0.0,0.0
23894,180.2,0.0,0.0,0.0,0.0
23895,173.9,0.0,0.0,0.0,0.0
23896,188.5,0.0,0.0,0.0,0.0
23897,192.2,0.0,0.0,0.0,0.0
23898,182.1,0.0,0.0,0.0,0.0
23899,184.5,0.0,0.0,0.0,0.0
23900,193.9,0.0,0.0,0.0,0.0
23901,166.6,0.0,0.0,0.0,0.0
23902,167.7,0.0,0.0,0.0,0.0
23903,175.0,0.0,0.0,0.0,0.0
23904,163.8,0.0,0.0,0.0,0.0
23905,181.0,0.0,0.0,0.0,0.0
23906,172.0,0.0,0.0,0.0,0.0
23907,197.6,0.0,0.0,0.0,0.0
23908,184.6,0.0,0.0,0.0,0.0
23909,172.2,0.0,0.0,0.0,0.0
23910,172.9,0.0,0.0,0.0,0.0
23911,178.9,0.0,0.0,0.0,0.0
23912,164.0,0.0,0.0,0.0,0.0
23913,167.1,0.0,0.0,0.0,0.0
23914,183.8,0.0,0.0,0.0,0.0
23915,162.0,0.0,0.0,0.0,0.0
23916,170.6,0.0,0.0,0.0,0.0
23917,163.8,0.0,0.0,0.0,0.0
23918,167.9,0.0,0.0,0.0,0.0
23919,163.9,0.0,0.0,0.0,0.0
23920,173.7,0.0,0.0,0.0,0.0
23921,167.7,0.0,0.0,0.0,0.0
23922,146.9,0.0,0.0,0.0,0.0
23923,146.6,0.0,0.0,0.0,0.0
23924,156.7,0.0,0.0,0.0,0.0
23925,166.1,0.0,0.0,0.0,0.0
23926,183.5,0.0,0.0,0.0,0.0
23927,171.4,0.0,0.0,0.0,0.0
23928,172.4,0.0,0.0,0.0,0.0
23929,163.1,0.0,0.0,0.0,0.0
23930,170.1,0.0,0.0,0.0,0.0
23931,158.6,0.0,0.0,0.0,0.0
23932,167.4,0.0,0.0,0.0,0.0
23933,175.0,0.0,0.0,0.0,0.0
23934,180.4,0.0,0.0,0.0,0.0
23935,169.7,0.0,0.0,0.0,0.0
23936,177.1,0.0,0.0,0.0,0.0
23937,166.3,0.0,0.0,0.0,0.0
23938,165.2,0.0,0.0,0.0,0.0
23939,166.8,0.0,0.0,0.0,0.0
23940,171.0,0.0,0.0,0.0,0.0
23941,145.6,0.0,0.0,0.0,0.0
23942,172.9,0.0,0.0,0.0,0.0
23943,141.1,0.0,0.0,0.0,0.0
23944,156.0,0.0,0.0,0.0,0.0
23945,165.2,0.0,0.0,0.0,0.0
23946,152.4,0.0,0.0,0.0,0.0
23947,152.4,0.0,0.0,0.0,0.0
23948,162.1,0.0,0.0,0.0,0.0
23949,161.4,0.0,0.0,0.0,0.0
23950,153.5,0.0,0.0,0.0,0.0
23951,175.5,0.0,0.0,0.0,0.0
23952,159.0,0.0,0.0,0.0,0.0
23953,158.0,0.0,0.0,0.0,0.0
23954,154.5,0.0,0.0,0.0,0.0
23955,159.0,0.0,0.0,0.0,0.0
23956,165.2,0.0,0.0,0.0,0.0
23957,150.9,0.0,0.0,0.0,0.0
23958,154.5,0.0,0.0,0.0,0.0
23959,157.2,0.0,0.0,0.0,0.0
23960,156.9,0.0,0.0,0.0,0.0
23961,157.6,0.0,0.0,0.0,0.0
23962,155.0,0.0,0.0,0.0,0.0
23963,146.5,0.0,0.0,0.0,0.0
23964,155.4,0.0,0.0,0.0,0.0
23965,148.6,0.0,0.0,0.0,0.0
23966,155.5,0.0,0.0,0.0,0.0
23967,184.4,0.0,0.0,0.0,0.0
23968,172.6,0.0,0.0,0.0,0.0
23969,153.0,0.0,0.0,0.0,0.0
23970,156.6,0.0,0.0,0.0,0.0
23971,135.2,0.0,0.0,0.0,0.0
23972,156.0,0.0,0.0,0.0,0.0
23973,149.8,0.0,0.0,0.0,0.0
23974,163.6,0.0,0.0,0.0,0.0
23975,164.0,0.0,0.0,0.0,0.0
23976,137.0,0.0,0.0,0.0,0.0
23977,173.7,0.0,0.0,0.0,0.0
23978,156.4,0.0,0.0,0.0,0.0
23979,153.4,0.0,0.0,0.0,0.0
23980,135.8,0.0,0.0,0.0,0.0
23981,158.2,0.0,0.0,0.0,0.0
23982,159.6,0.0,0.0,0.0,0.0
23983,143.3,0.0,0.0,0.0,0.0
23984,155.3,0.0,0.0,0.0,0.0
23985,143.1,0.0,0.0,0.0,0.0
23986,157.2,0.0,0.0,0.0,0.0
23987,165.2,0.0,0.0,0.0,0.0
23988,168.0,0.0,0.0,0.0,0.0
23989,160.8,0.0,0.0,0.0,0.0
23990,176.7,0.0,0.0,0.0,0.0
23991,162.6,0.0,0.0,0.0,0.0
23992,164.7,0.0,0.0,0.0,0.0
23993,143.8,0.0,0.0,0.0,0.0
23994,175.6,0.0,0.0,0.0,0.0
23995,182.1,0.0,0.0,0.0,0.0
23996,156.9,0.0,0.0,0.0,0.0
23997,168.3,0.0,0.0,0.0,0.0
23998,181.6,0.0,0.0,0.0,0.0
23999,148.5,0.0,0.0,0.0,0.0
24000,138.1,0.0,0.0,0.0,0.0
24001,140.7,0.0,0.0,0.0,0.0
24002,141.8,0.0,0.0,0.0,0.0
24003,146.6,0.0,0.0,0.0,0.0
24004,173.2,0.0,0.0,0.0,0.0
24005,155.2,0.0,0.0,0.0,0.0
24006,141.3,0.0,0.0,0.0,0.0
24007,147.1,0.0,0.0,0.0,0.0
24008,171.3,0.0,0.0,0.0,0.0
24009,155.4,0.0,0.0,0.0,0.0
24010,164.5,0.0,0.0,0.0,0.0
24011,142.9,0.0,0.0,0.0,0.0
24012,146.0,0.0,0.0,0.0,0.0
24013,158.6,0.0,0.0,0.0,0.0
24014,145.4,0.0,0.0,0.0,0.0
24015,165.5,0.0,0.0,0.0,0.0
24016,164.9,0.0,0.0,0.0,0.0
24017,164.0,0.0,0.0,0.0,0.0
24018,151.9,0.0,0.0,0.0,0.0
24019,164.0,0.0,0.0,0.0,0.0
24020,166.3,0.0,0.0,0.0,0.0
24021,185.8,0.0,0.0,0.0,0.0
24022,184.5,0.0,0.0,0.0,0.0
24023,166.9,0.0,0.0,0.0,0.0
24024,163.6,0.0,0.0,0.0,0.0
24025,161.4,0.0,0.0,0.0,0.0
24026,176.3,0.0,0.0,0.0,0.0
24027,169.5,0.0,0.0,0.0,0.0
24028,163.1,0.0,0.0,0.0,0.0
24029,145.5,0.0,0.0,0.0,0.0
24030,161.5,0.0,0.0,0.0,0.0
24031,166.8,0.0,0.0,0.0,0.0
24032,150.3,0.0,0.0,0.0,0.0
24033,159.9,0.0,0.0,0.0,0.0
24034,177.6,0.0,0.0,0.0,0.0
24035,139.3,0.0,0.0,0.0,0.0
24036,117.9,0.0,0.0,0.0,0.0
24037,135.6,0.0,0.0,0.0,0.0
24038,129.8,0.0,0.0,0.0,0.0
24039,137.4,0.0,0.0,0.0,0.0
24040,123.5,0.0,0.0,0.0,0.0
24041,129.9,0.0,0.0,0.0,0.0
24042,106.7,0.0,0.0,0.0,0.0
24043,134.6,0.0,0.0,0.0,0.0
24044,139.2,0.0,0.0,0.0,0.0
24045,136.8,0.0,0.0,0.0,0.0
24046,124.3,0.0,0.0,0.0,0.0
24047,127.2,0.0,0.0,0.0,0.0
24048,145.9,0.0,0.0,0.0,0.0
24049,118.7,0.0,0.0,0.0,0.0
24050,138.3,0.0,0.0,0.0,0.0
24051,127.0,0.0,0.0,0.0,0.0
24052,130.2,0.0,0.0,0.0,0.0
24053,130.9,0.0,0.0,0.0,0.0
24054,131.7,0.0,0.0,0.0,0.0
24055,144.9,0.0,0.0,0.0,0.0
24056,122.0,0.0,0.0,0.0,0.0
24057,123.1,0.0,0.0,0.0,0.0
24058,125.3,0.0,0.0,0.0,0.0
24059,126.0,0.0,0.0,0.0,0.0
24060,117.8,0.0,0.0,0.0,0.0
24061,93.8,0.0,0.0,0.0,0.0
24062,119.4,0.0,0.0,0.0,0.0
24063,109.9,0.0,0.0,0.0,0.0
24064,114.5,0.0,0.0,0.0,0.0
24065,108.4,0.0,0.0,0.0,0.0
24066,102.6,0.0,0.0,0.0,0.0
24067,104.7,0.0,0.0,0.0,0.0
24068,105.8,0.0,0.0,0.0,0.0
24069,119.1,0.0,0.0,0.0,0.0
24070,118.6,0.0,0.0,0.0,0.0
24071,102.9,0.0,0.0,0.0,0.0
24072,106.1,0.0,0.0,0.0,0.0
24073,111.5,0.0,0.0,0.0,0.0
24074,105.2,0.0,0.0,0.0,0.0
24075,110.8,0.0,0.0,0.0,0.0
24076,120.7,0.0,0.0,0.0,0.0
24077,105.9,0.0,0.0,0.0,0.0
24078,123.9,0.0,0.0,0.0,0.0
24079,93.2,0.0,0.0,0.0,0.0
24080,75.1,0.0,0.0,0.0,0.0
24081,106.1,0.0,0.0,0.0,0.0
24082,110.4,0.0,0.0,0.0,0.0
24083,124.0,0.0,0.0,0.0,0.0
24084,105.0,0.0,0.0,0.0,0.0
24085,98.9,0.0,0.0,0.0,0.0
24086,97.1,0.0,0.0,0.0,0.0
24087,95.2,0.0,0.0,0.0,0.0
24088,92.6,0.0,0.0,0.0,0.0
24089,100.4,0.0,0.0,0.0,0.0
24090,113.0,0.0,0.0,0.0,0.0
24091,125.7,0.0,0.0,0.0,0.0
24092,121.2,0.0,0.0,0.0,0.0
24093,98.2,0.0,0.0,0.0,0.0
24094,106.7,0.0,0.0,0.0,0.0
24095,103.1,0.0,0.0,0.0,0.0
24096,81.2,0.0,0.0,0.0,0.0
24097,100.6,0.0,0.0,0.0,0.0
24098,104.7,0.0,0.0,0.0,0.0
24099,98.8,0.0,0.0,0.0,0.0
24100,113.0,0.0,0.0,0.0,0.0
24101,71.7,0.0,0.0,0.0,0.0
24102,67.0,0.0,0.0,0.0,0.0
24103,95.6,0.0,0.0,0.0,0.0
24104,88.0,0.0,0.0,0.0,0.0
24105,87.8,0.0,0.0,0.0,0.0
24106,88.2,0.0,0.0,0.0,0.0
24107,84.8,0.0,0.0,0.0,0.0
24108,76.9,0.0,0.0,0.0,0.0
24109,76.8,0.0,0.0,0.0,0.0
24110,80.3,0.0,0.0,0.0,0.0
24111,61.2,0.0,0.0,0.0,0.0
24112,62.3,0.0,0.0,0.0,0.0
24113,65.6,0.0,0.0,0.0,0.0
24114,67.0,0.0,0.0,0.0,0.0
24115,66.3,0.0,0.0,0.0,0.0
24116,67.6,0.0,0.0,0.0,0.0
24117,78.3,0.0,0.0,0.0,0.0
24118,83.0,0.0,0.0,0.0,0.0
24119,53.9,0.0,0.0,0.0,0.0
24120,43.2,0.0,0.0,0.0,0.0
24121,56.4,0.0,0.0,0.0,0.0
24122,53.7,0.0,0.0,0.0,0.0
24123,27.5,0.0,0.0,0.0,0.0
24124,34.3,0.0,0.0,0.0,0.0
24125,35.1,0.0,0.0,0.0,0.0
24126,31.3,0.0,0.0,0.0,0.0
24127,7.1,0.0,0.0,0.0,0.0
24128,15.4,0.0,0.0,0.0,0.0
24129,25.6,0.0,0.0,0.0,0.0
24130,25.7,0.0,0.0,0.0,0.0
24131,28.6,0.0,0.0,0.0,0.0
24132,104.1,0.0,0.0,0.0,0.0
24133,54.6,0.0,0.0,0.0,0.0
24134,34.4,0.0,0.0,0.0,0.0
24135,34.5,0.0,0.0,0.0,0.0
24136,17.9,0.0,0.0,0.0,0.0
24137,15.2,0.0,0.0,0.0,0.0
24138,35.5,0.0,0.0,0.0,0.0
24139,36.1,0.0,0.0,0.0,0.0
24140,66.1,0.0,0.0,0.0,0.0
24141,67.3,0.0,0.0,0.0,0.0
24142,65.4,0.0,0.0,0.0,0.0
24143,63.1,0.0,0.0,0.0,0.0
24144,72.4,0.0,0.0,0.0,0.0
24145,90.0,0.0,0.0,0.0,0.0
24146,101.8,0.0,0.0,0.0,0.0
24147,98.2,0.0,0.0,0.0,0.0
24148,80.9,0.0,0.0,0.0,0.0
24149,69.8,0.0,0.0,0.0,0.0
24150,82.1,0.0,0.0,0.0,0.0
24151,84.8,0.0,0.0,0.0,0.0
24152,81.1,0.0,0.0,0.0,0.0
24153,70.9,0.0,0.0,0.0,0.0
24154,63.8,0.0,0.0,0.0,0.0
24155,57.9,0.0,0.0,0.0,0.0
24156,93.2,0.0,0.0,0.0,0.0
24157,88.5,0.0,0.0,0.0,0.0
24158,95.8,0.0,0.0,0.0,0.0
24159,71.0,0.0,0.0,0.0,0.0
24160,79.6,0.0,0.0,0.0,0.0
24161,77.4,0.0,0.0,0.0,0.0
24162,81.2,0.0,0.0,0.0,0.0
24163,92.0,0.0,0.0,0.0,0.0
24164,80.6,0.0,0.0,0.0,0.0
24165,79.2,0.0,0.0,0.0,0.0
24166,89.0,0.0,0.0,0.0,0.0
24167,71.5,0.0,0.0,0.0,0.0
24168,70.7,0.0,0.0,0.0,0.0
24169,47.8,0.0,0.0,0.0,0.0
24170,67.0,0.0,0.0,0.0,0.0
24171,62.9,0.0,0.0,0.0,0.0
24172,37.4,0.0,0.0,0.0,0.0
24173,72.2,0.0,0.0,0.0,0.0
24174,31.6,0.0,0.0,0.0,0.0
24175,38.0,0.0,0.0,0.0,0.0
24176,27.6,0.0,0.0,0.0,0.0
24177,19.9,0.0,0.0,0.0,0.0
24178,15.4,0.0,0.0,0.0,0.0
24179,19.6,0.0,0.0,0.0,0.0
24180,16.6,0.0,0.0,0.0,0.0
24181,39.8,0.0,0.0,0.0,0.0
24182,57.3,0.0,0.0,0.0,0.0
24183,91.7,0.0,0.0,0.0,0.0
24184,500.0,0.0,0.0,0.0,0.0
24185,492.2,0.0,0.0,0.0,0.0
24186,482.2,0.0,0.0,0.0,0.0
24187,487.9,0.0,0.0,0.0,0.0
24188,486.4,0.0,0.0,0.0,0.0
24189,420.8,0.0,0.0,0.0,0.0
24190,394.4,0.0,0.0,0.0,0.0
24191,333.6,0.0,0.0,0.0,0.0
24192,282.9,0.0,0.0,0.0,0.0
24193,195.4,0.0,0.0,0.0,0.0
24194,124.3,0.0,0.0,0.0,0.0
24195,126.6,0.0,0.0,0.0,0.0
24196,218.3,0.0,0.0,0.0,0.0
24197,164.1,0.0,0.0,0.0,0.0
24198,133.8,0.0,0.0,0.0,0.0
24199,102.4,0.0,0.0,0.0,0.0
24200,158.6,0.0,0.0,0.0,0.0
24201,139.6,0.0,0.0,0.0,0.0
24202,136.5,0.0,0.0,0.0,0.0
24203,147.4,0.0,0.0,0.0,0.0
24204,149.1,0.0,0.0,0.0,0.0
24205,135.5,0.0,0.0,0.0,0.0
24206,106.6,0.0,0.0,0.0,0.0
24207,139.9,0.0,0.0,0.0,0.0
24208,100.3,0.0,0.0,0.0,0.0
24209,130.4,0.0,0.0,0.0,0.0
24210,123.8,0.0,0.0,0.0,0.0
24211,137.0,0.0,0.0,0.0,0.0
24212,131.2,0.0,0.0,0.0,0.0
24213,129.8,0.0,0.0,0.0,0.0
24214,138.8,0.0,0.0,0.0,0.0
24215,142.4,0.0,0.0,0.0,0.0
24216,130.6,0.0,0.0,0.0,0.0
24217,140.7,0.0,0.0,0.0,0.0
24218,118.0,0.0,0.0,0.0,0.0
24219,132.5,0.0,0.0,0.0,0.0
24220,145.1,0.0,0.0,0.0,0.0
24221,139.4,0.0,0.0,0.0,0.0
24222,140.5,0.0,0.0,0.0,0.0
24223,137.3,0.0,0.0,0.0,0.0
24224,131.7,0.0,0.0,0.0,0.0
24225,132.9,0.0,0.0,0.0,0.0
24226,128.1,0.0,0.0,0.0,0.0
24227,138.7,0.0,0.0,0.0,0.0
24228,152.5,0.0,0.0,0.0,0.0
24229,148.2,0.0,0.0,0.0,0.0
24230,157.7,0.0,0.0,0.0,0.0
24231,157.0,0.0,0.0,0.0,0.0
24232,162.0,0.0,0.0,0.0,0.0
24233,173.2,0.0,0.0,0.0,0.0
24234,169.8,0.0,0.0,0.0,0.0
24235,158.7,0.0,0.0,0.0,0.0
24236,163.4,0.0,0.0,0.0,0.0
24237,181.0,0.0,0.0,0.0,0.0
24238,171.0,0.0,0.0,0.0,0.0
24239,170.8,0.0,0.0,0.0,0.0
24240,168.8,0.0,0.0,0.0,0.0
24241,169.8,0.0,0.0,0.0,0.0
24242,166.1,0.0,0.0,0.0,0.0
24243,168.3,0.0,0.0,0.0,0.0
24244,181.4,0.0,0.0,0.0,0.0
24245,177.4,0.0,0.0,0.0,0.0
24246,187.9,0.0,0.0,0.0,0.0
24247,175.9,0.0,0.0,0.0,0.0
24248,171.5,0.0,0.0,0.0,0.0
24249,164.1,0.0,0.0,0.0,0.0
24250,176.1,0.0,0.0,0.0,0.0
24251,187.4,0.0,0.0,0.0,0.0
24252,169.1,0.0,0.0,0.0,0.0
24253,139.8,0.0,0.0,0.0,0.0
24254,182.3,0.0,0.0,0.0,0.0
24255,161.8,0.0,0.0,0.0,0.0
24256,184.4,0.0,0.0,0.0,0.0
24257,161.1,0.0,0.0,0.0,0.0
24258,187.5,0.0,0.0,0.0,0.0
24259,199.1,0.0,0.0,0.0,0.0
24260,209.6,0.0,0.0,0.0,0.0
24261,210.4,0.0,0.0,0.0,0.0
24262,198.7,0.0,0.0,0.0,0.0
24263,216.5,0.0,0.0,0.0,0.0
24264,210.7,0.0,0.0,0.0,0.0
24265,215.8,0.0,0.0,0.0,0.0
24266,219.7,0.0,0.0,0.0,0.0
24267,215.6,0.0,0.0,0.0,0.0
24268,230.2,0.0,0.0,0.0,0.0
24269,220.2,0.0,0.0,0.0,0.0
24270,212.7,0.0,0.0,0.0,0.0
24271,206.4,0.0,0.0,0.0,0.0
24272,218.2,0.0,0.0,0.0,0.0
24273,210.9,0.0,0.0,0.0,0.0
24274,220.6,0.0,0.0,0.0,0.0
24275,216.4,0.0,0.0,0.0,0.0
24276,238.2,0.0,0.0,0.0,0.0
24277,240.2,0.0,0.0,0.0,0.0
24278,240.7,0.0,0.0,0.0,0.0
24279,245.0,0.0,0.0,0.0,0.0
24280,217.4,0.0,0.0,0.0,0.0
24281,225.2,0.0,0.0,0.0,0.0
24282,239.4,0.0,0.0,0.0,0.0
24283,237.3,0.0,0.0,0.0,0.0
24284,221.9,0.0,0.0,0.0,0.0
24285,218.5,0.0,0.0,0.0,0.0
24286,224.9,0.0,0.0,0.0,0.0
24287,211.1,0.0,0.0,0.0,0.0
24288,219.8,0.0,0.0,0.0,0.0
24289,246.9,0.0,0.0,0.0,0.0
24290,240.6,0.0,0.0,0.0,0.0
24291,223.0,0.0,0.0,0.0,0.0
24292,236.5,0.0,0.0,0.0,0.0
24293,233.3,0.0,0.0,0.0,0.0
24294,222.1,0.0,0.0,0.0,0.0
24295,241.8,0.0,0.0,0.0,0.0
24296,251.3,0.0,0.0,0.0,0.0
24297,240.9,0.0,0.0,0.0,0.0
24298,258.6,0.0,0.0,0.0,0.0
24299,269.2,0.0,0.0,0.0,0.0
24300,250.0,0.0,0.0,0.0,0.0
24301,254.1,0.0,0.0,0.0,0.0
24302,233.4,0.0,0.0,0.0,0.0
24303,253.7,0.0,0.0,0.0,0.0
24304,238.4,0.0,0.0,0.0,0.0
24305,239.0,0.0,0.0,0.0,0.0
24306,246.6,0.0,0.0,0.0,0.0
24307,246.4,0.0,0.0,0.0,0.0
24308,249.0,0.0,0.0,0.0,0.0
24309,261.9,0.0,0.0,0.0,0.0
24310,265.1,0.0,0.0,0.0,0.0
24311,264.7,0.0,0.0,0.0,0.0
24312,253.6,0.0,0.0,0.0,0.0
24313,256.9,0.0,0.0,0.0,0.0
24314,264.3,0.0,0.0,0.0,0.0
24315,265.2,0.0,0.0,0.0,0.0
24316,264.1,0.0,0.0,0.0,0.0
24317,265.5,0.0,0.0,0.0,0.0
24318,255.9,0.0,0.0,0.0,0.0
24319,252.9,0.0,0.0,0.0,0.0
24320,259.1,0.0,0.0,0.0,0.0
24321,258.2,0.0,0.0,0.0,0.0
24322,260.7,0.0,0.0,0.0,0.0
24323,257.1,0.0,0.0,0.0,0.0
24324,266.0,0.0,0.0,0.0,0.0
24325,260.9,0.0,0.0,0.0,0.0
24326,255.4,0.0,0.0,0.0,0.0
24327,262.8,0.0,0.0,0.0,0.0
24328,263.8,0.0,0.0,0.0,0.0
24329,263.4,0.0,0.0,0.0,0.0
24330,253.7,0.0,0.0,0.0,0.0
24331,262.6,0.0,0.0,0.0,0.0
24332,273.2,0.0,0.0,0.0,0.0
24333,255.8,0.0,0.0,0.0,0.0
24334,243.9,0.0,0.0,0.0,0.0
24335,263.3,0.0,0.0,0.0,0.0
24336,261.3,0.0,0.0,0.0,0.0
24337,257.2,0.0,0.0,0.0,0.0
24338,259.6,0.0,0.0,0.0,0.0
24339,246.4,0.0,0.0,0.0,0.0
24340,260.3,0.0,0.0,0.0,0.0
24341,250.4,0.0,0.0,0.0,0.0
24342,241.0,0.0,0.0,0.0,0.0
24343,252.1,0.0,0.0,0.0,0.0
24344,256.6,0.0,0.0,0.0,0.0
24345,270.1,0.0,0.0,0.0,0.0
24346,268.3,0.0,0.0,0.0,0.0
24347,272.4,0.0,0.0,0.0,0.0
24348,276.8,0.0,0.0,0.0,0.0
24349,273.5,0.0,0.0,0.0,0.0
24350,270.8,0.0,0.0,0.0,0.0
24351,262.6,0.0,0.0,0.0,0.0
24352,255.9,0.0,0.0,0.0,0.0
24353,249.2,0.0,0.0,0.0,0.0
24354,254.1,0.0,0.0,0.0,0.0
24355,277.5,0.0,0.0,0.0,0.0
24356,244.6,0.0,0.0,0.0,0.0
24357,259.9,0.0,0.0,0.0,0.0
24358,239.2,0.0,0.0,0.0,0.0
24359,217.5,0.0,0.0,0.0,0.0
24360,240.1,0.0,0.0,0.0,0.0
24361,229.4,0.0,0.0,0.0,0.0
24362,219.5,0.0,0.0,0.0,0.0
24363,227.2,0.0,0.0,0.0,0.0
24364,230.2,0.0,0.0,0.0,0.0
24365,220.8,0.0,0.0,0.0,0.0
24366,232.2,0.0,0.0,0.0,0.0
24367,241.0,0.0,0.0,0.0,0.0
24368,225.2,0.0,0.0,0.0,0.0
24369,233.0,0.0,0.0,0.0,0.0
24370,207.5,0.0,0.0,0.0,0.0
24371,218.3,0.0,0.0,0.0,0.0
24372,205.4,0.0,0.0,0.0,0.0
24373,209.4,0.0,0.0,0.0,0.0
24374,204.3,0.0,0.0,0.0,0.0
24375,212.4,0.0,0.0,0.0,0.0
24376,189.8,0.0,0.0,0.0,0.0
24377,193.2,0.0,0.0,0.0,0.0
24378,183.7,0.0,0.0,0.0,0.0
24379,193.8,0.0,0.0,0.0,0.0
24380,192.8,0.0,0.0,0.0,0.0
24381,182.1,0.0,0.0,0.0,0.0
24382,187.0,0.0,0.0,0.0,0.0
24383,200.6,0.0,0.0,0.0,0.0
24384,187.2,0.0,0.0,0.0,0.0
24385,189.4,0.0,0.0,0.0,0.0
24386,170.1,0.0,0.0,0.0,0.0
24387,144.3,0.0,0.0,0.0,0.0
24388,175.6,0.0,0.0,0.0,0.0
24389,175.9,0.0,0.0,0.0,0.0
24390,170.0,0.0,0.0,0.0,0.0
24391,183.1,0.0,0.0,0.0,0.0
24392,181.7,0.0,0.0,0.0,0.0
24393,168.6,0.0,0.0,0.0,0.0
24394,179.0,0.0,0.0,0.0,0.0
24395,161.0,0.0,0.0,0.0,0.0
24396,178.6,0.0,0.0,0.0,0.0
24397,174.7,0.0,0.0,0.0,0.0
24398,151.1,0.0,0.0,0.0,0.0
24399,140.3,0.0,0.0,0.0,0.0
24400,154.2,0.0,0.0,0.0,0.0
24401,168.0,0.0,0.0,0.0,0.0
24402,166.4,0.0,0.0,0.0,0.0
24403,161.2,0.0,0.0,0.0,0.0
24404,156.0,0.0,0.0,0.0,0.0
24405,140.4,0.0,0.0,0.0,0.0
24406,140.4,0.0,0.0,0.0,0.0
24407,139.7,0.0,0.0,0.0,0.0
24408,118.9,0.0,0.0,0.0,0.0
24409,113.4,0.0,0.0,0.0,0.0
24410,159.1,0.0,0.0,0.0,0.0
24411,128.3,0.0,0.0,0.0,0.0
24412,143.6,0.0,0.0,0.0,0.0
24413,140.1,0.0,0.0,0.0,0.0
24414,124.6,0.0,0.0,0.0,0.0
24415,121.0,0.0,0.0,0.0,0.0
24416,116.9,0.0,0.0,0.0,0.0
24417,136.2,0.0,0.0,0.0,0.0
24418,129.4,0.0,0.0,0.0,0.0
24419,128.3,0.0,0.0,0.0,0.0
24420,115.8,0.0,0.0,0.0,0.0
24421,108.0,0.0,0.0,0.0,0.0
24422,117.8,0.0,0.0,0.0,0.0
24423,125.2,0.0,0.0,0.0,0.0
24424,139.4,0.0,0.0,0.0,0.0
24425,134.4,0.0,0.0,0.0,0.0
24426,144.1,0.0,0.0,0.0,0.0
24427,145.8,0.0,0.0,0.0,0.0
24428,134.6,0.0,0.0,0.0,0.0
24429,118.0,0.0,0.0,0.0,0.0
24430,124.3,0.0,0.0,0.0,0.0
24431,128.0,0.0,0.0,0.0,0.0
24432,127.4,0.0,0.0,0.0,0.0
24433,136.4,0.0,0.0,0.0,0.0
24434,135.5,0.0,0.0,0.0,0.0
24435,121.8,0.0,0.0,0.0,0.0
24436,130.4,0.0,0.0,0.0,0.0
24437,127.0,0.0,0.0,0.0,0.0
24438,129.4,0.0,0.0,0.0,0.0
24439,124.0,0.0,0.0,0.0,0.0
24440,129.3,0.0,0.0,0.0,0.0
24441,139.4,0.0,0.0,0.0,0.0
24442,120.8,0.0,0.0,0.0,0.0
24443,122.4,0.0,0.0,0.0,0.0
24444,135.1,0.0,0.0,0.0,0.0
24445,133.4,0.0,0.0,0.0,0.0
24446,120.8,0.0,0.0,0.0,0.0
24447,118.8,0.0,0.0,0.0,0.0
24448,119.8,0.0,0.0,0.0,0.0
24449,145.0,0.0,0.0,0.0,0.0
24450,148.1,0.0,0.0,0.0,0.0
24451,137.7,0.0,0.0,0.0,0.0
24452,120.9,0.0,0.0,0.0,0.0
24453,101.8,0.0,0.0,0.0,0.0
24454,116.3,0.0,0.0,0.0,0.0
24455,116.2,0.0,0.0,0.0,0.0
24456,51.0,0.0,0.0,0.0,0.0
24457,73.3,0.0,0.0,0.0,0.0
24458,83.3,0.0,0.0,0.0,0.0
24459,85.3,0.0,0.0,0.0,0.0
24460,79.2,0.0,0.0,0.0,0.0
24461,100.9,0.0,0.0,0.0,0.0
24462,220.1,0.0,0.0,0.0,0.0
24463,226.6,0.0,0.0,0.0,0.0
24464,267.9,0.0,0.0,0.0,0.0
24465,283.4,0.0,0.0,0.0,0.0
24466,264.2,0.0,0.0,0.0,0.0
24467,268.7,0.0,0.0,0.0,0.0
24468,236.4,0.0,0.0,0.0,0.0
24469,249.9,0.0,0.0,0.0,0.0
24470,264.3,0.0,0.0,0.0,0.0
24471,242.7,0.0,0.0,0.0,0.0
24472,215.3,0.0,0.0,0.0,0.0
24473,167.3,0.0,0.0,0.0,0.0
24474,158.8,0.0,0.0,0.0,0.0
24475,138.9,0.0,0.0,0.0,0.0
24476,100.3,0.0,0.0,0.0,0.0
24477,113.5,0.0,0.0,0.0,0.0
24478,125.4,0.0,0.0,0.0,0.0
24479,241.9,0.0,0.0,0.0,0.0
24480,330.2,0.0,0.0,0.0,0.0
24481,282.1,0.0,0.0,0.0,0.0
24482,263.4,0.0,0.0,0.0,0.0
24483,344.6,0.0,0.0,0.0,0.0
24484,931.6,0.0,0.0,0.0,0.0
24485,955.3,0.0,0.0,0.0,0.0
24486,947.0,0.0,0.0,0.0,0.0
24487,948.0,0.0,0.0,0.0,0.0
24488,928.0,0.0,0.0,0.0,0.0
24489,948.6,0.0,0.0,0.0,0.0
24490,824.0,0.0,0.0,0.0,0.0
24491,751.9,0.0,0.0,0.0,0.0
24492,700.6,0.0,0.0,0.0,0.0
24493,721.7,0.0,0.0,0.0,0.0
24494,705.2,0.0,0.0,0.0,0.0
24495,766.9,0.0,0.0,0.0,0.0
24496,705.3,0.0,0.0,0.0,0.0
24497,780.4,0.0,0.0,0.0,0.0
24498,793.0,0.0,0.0,0.0,0.0
24499,753.0,0.0,0.0,0.0,0.0
24500,653.1,0.0,0.0,0.0,0.0
24501,613.1,0.0,0.0,0.0,0.0
24502,603.2,0.0,0.0,0.0,0.0
24503,614.6,0.0,0.0,0.0,0.0
24504,602.7,0.0,0.0,0.0,0.0
24505,568.4,0.0,0.0,0.0,0.0
24506,615.1,0.0,0.0,0.0,0.0
24507,603.7,0.0,0.0,0.0,0.0
24508,617.2,0.0,0.0,0.0,0.0
24509,764.8,0.0,0.0,0.0,0.0
24510,663.0,0.0,0.0,0.0,0.0
24511,541.1,0.0,0.0,0.0,0.0
24512,467.7,0.0,0.0,0.0,0.0
24513,1023.4,0.0,0.0,0.0,0.0
24514,1403.6,0.0,0.0,0.0,0.0
24515,1676.9,0.0,0.0,0.0,0.0
24516,1917.7,0.0,0.0,0.0,0.0
24517,2116.6,0.0,0.0,0.0,0.0
24518,1850.4,0.0,0.0,0.0,0.0
24519,1330.7,0.0,0.0,0.0,0.0
24520,1563.9,0.0,0.0,0.0,0.0
24521,1366.1,0.0,0.0,0.0,0.0
24522,1278.5,0.0,0.0,0.0,0.0
24523,680.1,0.0,0.0,0.0,0.0
24524,829.0,0.0,0.0,0.0,0.0
24525,1607.8,0.0,0.0,0.0,0.0
24526,1862.8,0.0,0.0,0.0,0.0
24527,1959.5,0.0,0.0,0.0,0.0
24528,1938.8,0.0,0.0,0.0,0.0
24529,1916.2,0.0,0.0,0.0,0.0
24530,1885.2,0.0,0.0,0.0,0.0
24531,1898.0,0.0,0.0,0.0,0.0
24532,1838.0,0.0,0.0,0.0,0.0
24533,1578.9,0.0,0.0,0.0,0.0
24534,1367.3,0.0,0.0,0.0,0.0
24535,1180.4,0.0,0.0,0.0,0.0
24536,960.6,0.0,0.0,0.0,0.0
24537,843.2,0.0,0.0,0.0,0.0
24538,650.2,0.0,0.0,0.0,0.0
24539,534.4,0.0,0.0,0.0,0.0
24540,465.1,0.0,0.0,0.0,0.0
24541,388.2,0.0,0.0,0.0,0.0
24542,328.1,0.0,0.0,0.0,0.0
24543,275.8,0.0,0.0,0.0,0.0
24544,221.1,0.0,0.0,0.0,0.0
24545,245.4,0.0,0.0,0.0,0.0
24546,209.2,0.0,0.0,0.0,0.0
24547,176.2,0.0,0.0,0.0,0.0
24548,188.0,0.0,0.0,0.0,0.0
24549,185.6,0.0,0.0,0.0,0.0
24550,193.8,0.0,0.0,0.0,0.0
24551,190.7,0.0,0.0,0.0,0.0
24552,173.8,0.0,0.0,0.0,0.0
24553,141.2,0.0,0.0,0.0,0.0
24554,180.0,0.0,0.0,0.0,0.0
24555,177.6,0.0,0.0,0.0,0.0
24556,164.7,0.0,0.0,0.0,0.0
24557,198.0,0.0,0.0,0.0,0.0
24558,215.8,0.0,0.0,0.0,0.0
24559,213.3,0.0,0.0,0.0,0.0
24560,274.5,0.0,0.0,0.0,0.0
24561,262.2,0.0,0.0,0.0,0.0
24562,252.6,0.0,0.0,0.0,0.0
24563,262.8,0.0,0.0,0.0,0.0
24564,256.5,0.0,0.0,0.0,0.0
24565,240.4,0.0,0.0,0.0,0.0
24566,257.8,0.0,0.0,0.0,0.0
24567,255.3,0.0,0.0,0.0,0.0
24568,246.9,0.0,0.0,0.0,0.0
24569,207.4,0.0,0.0,0.0,0.0
24570,251.6,0.0,0.0,0.0,0.0
24571,248.1,0.0,0.0,0.0,0.0
24572,253.7,0.0,0.0,0.0,0.0
24573,240.9,0.0,0.0,0.0,0.0
24574,321.1,0.0,0.0,0.0,0.0
24575,525.6,0.0,0.0,0.0,0.0
24576,613.6,0.0,0.0,0.0,0.0
24577,645.9,0.0,0.0,0.0,0.0
24578,650.2,0.0,0.0,0.0,0.0
24579,655.1,0.0,0.0,0.0,0.0
24580,702.2,0.0,0.0,0.0,0.0
24581,790.7,0.0,0.0,0.0,0.0
24582,817.1,0.0,0.0,0.0,0.0
24583,858.7,0.0,0.0,0.0,0.0
24584,857.9,0.0,0.0,0.0,0.0
24585,843.7,0.0,0.0,0.0,0.0
24586,859.7,0.0,0.0,0.0,0.0
24587,696.6,0.0,0.0,0.0,0.0
24588,590.3,0.0,0.0,0.0,0.0
24589,505.0,0.0,0.0,0.0,0.0
24590,393.2,0.0,0.0,0.0,0.0
24591,337.8,0.0,0.0,0.0,0.0
24592,306.4,0.0,0.0,0.0,0.0
24593,245.7,0.0,0.0,0.0,0.0
24594,213.8,0.0,0.0,0.0,0.0
24595,188.0,0.0,0.0,0.0,0.0
24596,143.9,0.0,0.0,0.0,0.0
24597,125.4,0.0,0.0,0.0,0.0
24598,114.7,0.0,0.0,0.0,0.0
24599,246.0,0.0,0.0,0.0,0.0
24600,264.9,0.0,0.0,0.0,0.0
24601,280.2,0.0,0.0,0.0,0.0
24602,262.5,0.0,0.0,0.0,0.0
24603,248.2,0.0,0.0,0.0,0.0
24604,248.4,0.0,0.0,0.0,0.0
24605,257.9,0.0,0.0,0.0,0.0
24606,289.5,0.0,0.0,0.0,0.0
24607,274.9,0.0,0.0,0.0,0.0
24608,255.9,0.0,0.0,0.0,0.0
24609,275.3,0.0,0.0,0.0,0.0
24610,288.9,0.0,0.0,0.0,0.0
24611,259.0,0.0,0.0,0.0,0.0
24612,259.5,0.0,0.0,0.0,0.0
24613,269.9,0.0,0.0,0.0,0.0
24614,263.8,0.0,0.0,0.0,0.0
24615,265.9,0.0,0.0,0.0,0.0
24616,286.5,0.0,0.0,0.0,0.0
24617,231.7,0.0,0.0,0.0,0.0
24618,255.6,0.0,0.0,0.0,0.0
24619,260.1,0.0,0.0,0.0,0.0
24620,244.4,0.0,0.0,0.0,0.0
24621,247.4,0.0,0.0,0.0,0.0
24622,260.6,0.0,0.0,0.0,0.0
24623,238.8,0.0,0.0,0.0,0.0
24624,249.1,0.0,0.0,0.0,0.0
24625,237.6,0.0,0.0,0.0,0.0
24626,255.0,0.0,0.0,0.0,0.0
24627,249.7,0.0,0.0,0.0,0.0
24628,275.1,0.0,0.0,0.0,0.0
24629,252.3,0.0,0.0,0.0,0.0
24630,249.9,0.0,0.0,0.0,0.0
24631,222.2,0.0,0.0,0.0,0.0
24632,223.6,0.0,0.0,0.0,0.0
24633,212.4,0.0,0.0,0.0,0.0
24634,230.8,0.0,0.0,0.0,0.0
24635,224.9,0.0,0.0,0.0,0.0
24636,200.2,0.0,0.0,0.0,0.0
24637,211.1,0.0,0.0,0.0,0.0
24638,219.1,0.0,0.0,0.0,0.0
24639,196.1,0.0,0.0,0.0,0.0
24640,194.6,0.0,0.0,0.0,0.0
24641,242.3,0.0,0.0,0.0,0.0
24642,227.1,0.0,0.0,0.0,0.0
24643,240.6,0.0,0.0,0.0,0.0
24644,258.1,0.0,0.0,0.0,0.0
24645,245.5,0.0,0.0,0.0,0.0
24646,243.4,0.0,0.0,0.0,0.0
24647,237.8,0.0,0.0,0.0,0.0
24648,210.1,0.0,0.0,0.0,0.0
24649,246.3,0.0,0.0,0.0,0.0
24650,230.2,0.0,0.0,0.0,0.0
24651,247.5,0.0,0.0,0.0,0.0
24652,237.3,0.0,0.0,0.0,0.0
24653,243.8,0.0,0.0,0.0,0.0
24654,229.4,0.0,0.0,0.0,0.0
24655,228.1,0.0,0.0,0.0,0.0
24656,233.9,0.0,0.0,0.0,0.0
24657,233.5,0.0,0.0,0.0,0.0
24658,223.9,0.0,0.0,0.0,0.0
24659,234.9,0.0,0.0,0.0,0.0
24660,246.3,0.0,0.0,0.0,0.0
24661,239.5,0.0,0.0,0.0,0.0
24662,238.8,0.0,0.0,0.0,0.0
24663,245.7,0.0,0.0,0.0,0.0
24664,246.4,0.0,0.0,0.0,0.0
24665,228.6,0.0,0.0,0.0,0.0
24666,219.1,0.0,0.0,0.0,0.0
24667,239.2,0.0,0.0,0.0,0.0
24668,238.2,0.0,0.0,0.0,0.0
24669,229.9,0.0,0.0,0.0,0.0
24670,247.4,0.0,0.0,0.0,0.0
24671,212.5,0.0,0.0,0.0,0.0
24672,216.9,0.0,0.0,0.0,0.0
24673,245.6,0.0,0.0,0.0,0.0
24674,252.0,0.0,0.0,0.0,0.0
24675,244.6,0.0,0.0,0.0,0.0
24676,245.7,0.0,0.0,0.0,0.0
24677,246.7,0.0,0.0,0.0,0.0
24678,266.2,0.0,0.0,0.0,0.0
24679,264.6,0.0,0.0,0.0,0.0
24680,243.1,0.0,0.0,0.0,0.0
24681,215.8,0.0,0.0,0.0,0.0
24682,262.7,0.0,0.0,0.0,0.0
24683,248.9,0.0,0.0,0.0,0.0
24684,250.2,0.0,0.0,0.0,0.0
24685,243.7,0.0,0.0,0.0,0.0
24686,245.9,0.0,0.0,0.0,0.0
24687,254.4,0.0,0.0,0.0,0.0
24688,252.5,0.0,0.0,0.0,0.0
24689,245.7,0.0,0.0,0.0,0.0
24690,245.8,0.0,0.0,0.0,0.0
24691,230.4,0.0,0.0,0.0,0.0
24692,242.4,0.0,0.0,0.0,0.0
24693,233.8,0.0,0.0,0.0,0.0
24694,255.9,0.0,0.0,0.0,0.0
24695,225.7,0.0,0.0,0.0,0.0
24696,257.3,0.0,0.0,0.0,0.0
24697,242.1,0.0,0.0,0.0,0.0
24698,236.9,0.0,0.0,0.0,0.0
24699,254.2,0.0,0.0,0.0,0.0
24700,259.8,0.0,0.0,0.0,0.0
24701,252.9,0.0,0.0,0.0,0.0
24702,229.4,0.0,0.0,0.0,0.0
24703,231.2,0.0,0.0,0.0,0.0
24704,243.4,0.0,0.0,0.0,0.0
24705,246.6,0.0,0.0,0.0,0.0
24706,265.1,0.0,0.0,0.0,0.0
24707,227.5,0.0,0.0,0.0,0.0
24708,232.4,0.0,0.0,0.0,0.0
24709,240.9,0.0,0.0,0.0,0.0
24710,259.4,0.0,0.0,0.0,0.0
24711,258.1,0.0,0.0,0.0,0.0
24712,237.4,0.0,0.0,0.0,0.0
24713,224.8,0.0,0.0,0.0,0.0
24714,201.4,0.0,0.0,0.0,0.0
24715,198.0,0.0,0.0,0.0,0.0
24716,206.3,0.0,0.0,0.0,0.0
24717,193.9,0.0,0.0,0.0,0.0
24718,200.0,0.0,0.0,0.0,0.0
24719,211.8,0.0,0.0,0.0,0.0
24720,211.8,0.0,0.0,0.0,0.0
24721,190.7,0.0,0.0,0.0,0.0
24722,192.9,0.0,0.0,0.0,0.0
24723,218.6,0.0,0.0,0.0,0.0
24724,213.6,0.0,0.0,0.0,0.0
24725,207.6,0.0,0.0,0.0,0.0
24726,206.1,0.0,0.0,0.0,0.0
24727,201.0,0.0,0.0,0.0,0.0
24728,188.7,0.0,0.0,0.0,0.0
24729,204.4,0.0,0.0,0.0,0.0
24730,190.0,0.0,0.0,0.0,0.0
24731,204.8,0.0,0.0,0.0,0.0
24732,200.8,0.0,0.0,0.0,0.0
24733,209.6,0.0,0.0,0.0,0.0
24734,219.6,0.0,0.0,0.0,0.0
24735,213.0,0.0,0.0,0.0,0.0
24736,218.5,0.0,0.0,0.0,0.0
24737,219.4,0.0,0.0,0.0,0.0
24738,221.6,0.0,0.0,0.0,0.0
24739,245.9,0.0,0.0,0.0,0.0
24740,215.8,0.0,0.0,0.0,0.0
24741,212.0,0.0,0.0,0.0,0.0
24742,211.1,0.0,0.0,0.0,0.0
24743,227.4,0.0,0.0,0.0,0.0
24744,220.2,0.0,0.0,0.0,0.0
24745,228.6,0.0,0.0,0.0,0.0
24746,203.1,0.0,0.0,0.0,0.0
24747,198.7,0.0,0.0,0.0,0.0
24748,197.1,0.0,0.0,0.0,0.0
24749,165.8,0.0,0.0,0.0,0.0
24750,193.7,0.0,0.0,0.0,0.0
24751,177.7,0.0,0.0,0.0,0.0
24752,168.2,0.0,0.0,0.0,0.0
24753,163.6,0.0,0.0,0.0,0.0
24754,182.1,0.0,0.0,0.0,0.0
24755,179.4,0.0,0.0,0.0,0.0
24756,210.9,0.0,0.0,0.0,0.0
24757,218.7,0.0,0.0,0.0,0.0
24758,208.3,0.0,0.0,0.0,0.0
24759,196.2,0.0,0.0,0.0,0.0
24760,198.0,0.0,0.0,0.0,0.0
24761,193.9,0.0,0.0,0.0,0.0
24762,189.3,0.0,0.0,0.0,0.0
24763,188.4,0.0,0.0,0.0,0.0
24764,194.5,0.0,0.0,0.0,0.0
24765,190.9,0.0,0.0,0.0,0.0
24766,183.4,0.0,0.0,0.0,0.0
24767,186.1,0.0,0.0,0.0,0.0
24768,202.2,0.0,0.0,0.0,0.0
24769,203.5,0.0,0.0,0.0,0.0
24770,208.1,0.0,0.0,0.0,0.0
24771,199.5,0.0,0.0,0.0,0.0
24772,197.2,0.0,0.0,0.0,0.0
24773,200.7,0.0,0.0,0.0,0.0
24774,197.7,0.0,0.0,0.0,0.0
24775,200.9,0.0,0.0,0.0,0.0
24776,213.5,0.0,0.0,0.0,0.0
24777,200.3,0.0,0.0,0.0,0.0
24778,211.0,0.0,0.0,0.0,0.0
24779,213.4,0.0,0.0,0.0,0.0
24780,207.9,0.0,0.0,0.0,0.0
24781,177.7,0.0,0.0,0.0,0.0
24782,159.9,0.0,0.0,0.0,0.0
24783,148.2,0.0,0.0,0.0,0.0
24784,156.0,0.0,0.0,0.0,0.0
24785,149.7,0.0,0.0,0.0,0.0
24786,146.1,0.0,0.0,0.0,0.0
24787,130.0,0.0,0.0,0.0,0.0
24788,150.5,0.0,0.0,0.0,0.0
24789,140.7,0.0,0.0,0.0,0.0
24790,122.2,0.0,0.0,0.0,0.0
24791,122.4,0.0,0.0,0.0,0.0
24792,138.1,0.0,0.0,0.0,0.0
24793,127.9,0.0,0.0,0.0,0.0
24794,122.3,0.0,0.0,0.0,0.0
24795,128.2,0.0,0.0,0.0,0.0
24796,137.3,0.0,0.0,0.0,0.0
24797,118.4,0.0,0.0,0.0,0.0
24798,132.6,0.0,0.0,0.0,0.0
24799,117.7,0.0,0.0,0.0,0.0
24800,124.5,0.0,0.0,0.0,0.0
24801,129.0,0.0,0.0,0.0,0.0
24802,127.7,0.0,0.0,0.0,0.0
24803,128.3,0.0,0.0,0.0,0.0
24804,131.7,0.0,0.0,0.0,0.0
24805,124.1,0.0,0.0,0.0,0.0
24806,130.3,0.0,0.0,0.0,0.0
24807,134.7,0.0,0.0,0.0,0.0
24808,118.6,0.0,0.0,0.0,0.0
24809,114.7,0.0,0.0,0.0,0.0
24810,128.7,0.0,0.0,0.0,0.0
24811,144.3,0.0,0.0,0.0,0.0
24812,134.1,0.0,0.0,0.0,0.0
24813,125.7,0.0,0.0,0.0,0.0
24814,127.0,0.0,0.0,0.0,0.0
24815,119.6,0.0,0.0,0.0,0.0
24816,127.3,0.0,0.0,0.0,0.0
24817,127.2,0.0,0.0,0.0,0.0
24818,125.2,0.0,0.0,0.0,0.0
24819,144.7,0.0,0.0,0.0,0.0
24820,120.9,0.0,0.0,0.0,0.0
24821,128.3,0.0,0.0,0.0,0.0
24822,137.0,0.0,0.0,0.0,0.0
24823,126.1,0.0,0.0,0.0,0.0
24824,115.9,0.0,0.0,0.0,0.0
24825,133.8,0.0,0.0,0.0,0.0
24826,121.9,0.0,0.0,0.0,0.0
24827,127.8,0.0,0.0,0.0,0.0
24828,126.4,0.0,0.0,0.0,0.0
24829,125.9,0.0,0.0,0.0,0.0
24830,134.1,0.0,0.0,0.0,0.0
24831,126.6,0.0,0.0,0.0,0.0
24832,123.6,0.0,0.0,0.0,0.0
24833,125.6,0.0,0.0,0.0,0.0
24834,126.4,0.0,0.0,0.0,0.0
24835,129.7,0.0,0.0,0.0,0.0
24836,134.5,0.0,0.0,0.0,0.0
24837,132.0,0.0,0.0,0.0,0.0
24838,118.0,0.0,0.0,0.0,0.0
24839,125.2,0.0,0.0,0.0,0.0
24840,106.6,0.0,0.0,0.0,0.0
24841,111.8,0.0,0.0,0.0,0.0
24842,102.8,0.0,0.0,0.0,0.0
24843,74.3,0.0,0.0,0.0,0.0
24844,110.1,0.0,0.0,0.0,0.0
24845,84.4,0.0,0.0,0.0,0.0
24846,83.9,0.0,0.0,0.0,0.0
24847,89.0,0.0,0.0,0.0,0.0
24848,105.6,0.0,0.0,0.0,0.0
24849,107.6,0.0,0.0,0.0,0.0
24850,101.0,0.0,0.0,0.0,0.0
24851,86.7,0.0,0.0,0.0,0.0
24852,90.7,0.0,0.0,0.0,0.0
24853,99.7,0.0,0.0,0.0,0.0
24854,96.4,0.0,0.0,0.0,0.0
24855,105.6,0.0,0.0,0.0,0.0
24856,113.5,0.0,0.0,0.0,0.0
24857,93.3,0.0,0.0,0.0,0.0
24858,106.9,0.0,0.0,0.0,0.0
24859,101.8,0.0,0.0,0.0,0.0
24860,100.6,0.0,0.0,0.0,0.0
24861,108.0,0.0,0.0,0.0,0.0
24862,104.7,0.0,0.0,0.0,0.0
24863,115.9,0.0,0.0,0.0,0.0
24864,108.2,0.0,0.0,0.0,0.0
24865,102.4,0.0,0.0,0.0,0.0
24866,104.6,0.0,0.0,0.0,0.0
24867,111.0,0.0,0.0,0.0,0.0
24868,113.3,0.0,0.0,0.0,0.0
24869,101.2,0.0,0.0,0.0,0.0
24870,98.6,0.0,0.0,0.0,0.0
24871,102.2,0.0,0.0,0.0,0.0
24872,92.4,0.0,0.0,0.0,0.0
24873,116.9,0.0,0.0,0.0,0.0
24874,111.7,0.0,0.0,0.0,0.0
24875,113.8,0.0,0.0,0.0,0.0
24876,103.0,0.0,0.0,0.0,0.0
24877,101.7,0.0,0.0,0.0,0.0
24878,97.4,0.0,0.0,0.0,0.0
24879,88.8,0.0,0.0,0.0,0.0
24880,126.9,0.0,0.0,0.0,0.0
24881,111.8,0.0,0.0,0.0,0.0
24882,107.4,0.0,0.0,0.0,0.0
24883,103.2,0.0,0.0,0.0,0.0
24884,100.0,0.0,0.0,0.0,0.0
24885,81.0,0.0,0.0,0.0,0.0
24886,84.7,0.0,0.0,0.0,0.0
24887,76.6,0.0,0.0,0.0,0.0
24888,86.9,0.0,0.0,0.0,0.0
24889,90.7,0.0,0.0,0.0,0.0
24890,107.6,0.0,0.0,0.0,0.0
24891,71.5,0.0,0.0,0.0,0.0
24892,66.7,0.0,0.0,0.0,0.0
24893,92.7,0.0,0.0,0.0,0.0
24894,88.6,0.0,0.0,0.0,0.0
24895,86.8,0.0,0.0,0.0,0.0
24896,92.6,0.0,0.0,0.0,0.0
24897,94.6,0.0,0.0,0.0,0.0
24898,89.5,0.0,0.0,0.0,0.0
24899,81.3,0.0,0.0,0.0,0.0
24900,89.3,0.0,0.0,0.0,0.0
24901,91.8,0.0,0.0,0.0,0.0
24902,92.9,0.0,0.0,0.0,0.0
24903,89.5,0.0,0.0,0.0,0.0
24904,89.2,0.0,0.0,0.0,0.0
24905,93.2,0.0,0.0,0.0,0.0
24906,92.2,0.0,0.0,0.0,0.0
24907,79.9,0.0,0.0,0.0,0.0
24908,88.3,0.0,0.0,0.0,0.0
24909,86.8,0.0,0.0,0.0,0.0
24910,31.5,0.0,0.0,0.0,0.0
24911,76.9,0.0,0.0,0.0,0.0
24912,72.2,0.0,0.0,0.0,0.0
24913,62.1,0.0,0.0,0.0,0.0
24914,91.4,0.0,0.0,0.0,0.0
24915,82.8,0.0,0.0,0.0,0.0
24916,92.8,0.0,0.0,0.0,0.0
24917,78.5,0.0,0.0,0.0,0.0
24918,79.5,0.0,0.0,0.0,0.0
24919,65.8,0.0,0.0,0.0,0.0
24920,80.5,0.0,0.0,0.0,0.0
24921,53.4,0.0,0.0,0.0,0.0
24922,75.9,0.0,0.0,0.0,0.0
24923,58.1,0.0,0.0,0.0,0.0
24924,94.9,0.0,0.0,0.0,0.0
24925,97.7,0.0,0.0,0.0,0.0
24926,70.5,0.0,0.0,0.0,0.0
24927,74.1,0.0,0.0,0.0,0.0
24928,62.0,0.0,0.0,0.0,0.0
24929,75.8,0.0,0.0,0.0,0.0
24930,89.7,0.0,0.0,0.0,0.0
24931,87.9,0.0,0.0,0.0,0.0
24932,92.7,0.0,0.0,0.0,0.0
24933,82.4,0.0,0.0,0.0,0.0
24934,57.6,0.0,0.0,0.0,0.0
24935,49.7,0.0,0.0,0.0,0.0
24936,67.2,0.0,0.0,0.0,0.0
24937,77.5,0.0,0.0,0.0,0.0
24938,76.0,0.0,0.0,0.0,0.0
24939,90.9,0.0,0.0,0.0,0.0
24940,86.3,0.0,0.0,0.0,0.0
24941,90.7,0.0,0.0,0.0,0.0
24942,77.8,0.0,0.0,0.0,0.0
24943,78.7,0.0,0.0,0.0,0.0
24944,85.9,0.0,0.0,0.0,0.0
24945,78.0,0.0,0.0,0.0,0.0
24946,91.7,0.0,0.0,0.0,0.0
24947,96.9,0.0,0.0,0.0,0.0
24948,104.8,0.0,0.0,0.0,0.0
24949,91.2,0.0,0.0,0.0,0.0
24950,106.8,0.0,0.0,0.0,0.0
24951,122.4,0.0,0.0,0.0,0.0
24952,154.7,0.0,0.0,0.0,0.0
24953,156.9,0.0,0.0,0.0,0.0
24954,161.2,0.0,0.0,0.0,0.0
24955,171.9,0.0,0.0,0.0,0.0
24956,177.8,0.0,0.0,0.0,0.0
24957,182.0,0.0,0.0,0.0,0.0
24958,180.4,0.0,0.0,0.0,0.0
24959,193.0,0.0,0.0,0.0,0.0
24960,193.9,0.0,0.0,0.0,0.0
24961,232.4,0.0,0.0,0.0,0.0
24962,208.5,0.0,0.0,0.0,0.0
24963,210.1,0.0,0.0,0.0,0.0
24964,221.2,0.0,0.0,0.0,0.0
24965,255.7,0.0,0.0,0.0,0.0
24966,231.1,0.0,0.0,0.0,0.0
24967,227.7,0.0,0.0,0.0,0.0
24968,237.7,0.0,0.0,0.0,0.0
24969,229.5,0.0,0.0,0.0,0.0
24970,226.5,0.0,0.0,0.0,0.0
24971,242.9,0.0,0.0,0.0,0.0
24972,235.5,0.0,0.0,0.0,0.0
24973,269.8,0.0,0.0,0.0,0.0
24974,286.1,0.0,0.0,0.0,0.0
24975,258.3,0.0,0.0,0.0,0.0
24976,250.8,0.0,0.0,0.0,0.0
24977,265.2,0.0,0.0,0.0,0.0
24978,276.9,0.0,0.0,0.0,0.0
24979,257.8,0.0,0.0,0.0,0.0
24980,249.0,0.0,0.0,0.0,0.0
24981,256.4,0.0,0.0,0.0,0.0
24982,272.1,0.0,0.0,0.0,0.0
24983,259.1,0.0,0.0,0.0,0.0
24984,254.2,0.0,0.0,0.0,0.0
24985,254.6,0.0,0.0,0.0,0.0
24986,261.7,0.0,0.0,0.0,0.0
24987,259.8,0.0,0.0,0.0,0.0
24988,260.7,0.0,0.0,0.0,0.0
24989,253.8,0.0,0.0,0.0,0.0
24990,266.0,0.0,0.0,0.0,0.0
24991,238.0,0.0,0.0,0.0,0.0
24992,256.7,0.0,0.0,0.0,0.0
24993,240.0,0.0,0.0,0.0,0.0
24994,262.1,0.0,0.0,0.0,0.0
24995,267.5,0.0,0.0,0.0,0.0
24996,226.8,0.0,0.0,0.0,0.0
24997,219.9,0.0,0.0,0.0,0.0
24998,213.8,0.0,0.0,0.0,0.0
24999,231.0,0.0,0.0,0.0,0.0
25000,216.0,0.0,0.0,0.0,0.0
25001,240.8,0.0,0.0,0.0,0.0
25002,268.2,0.0,0.0,0.0,0.0
25003,233.3,0.0,0.0,0.0,0.0
25004,239.3,0.0,0.0,0.0,0.0
25005,244.0,0.0,0.0,0.0,0.0
25006,286.5,0.0,0.0,0.0,0.0
25007,285.8,0.0,0.0,0.0,0.0
25008,277.6,0.0,0.0,0.0,0.0
25009,271.5,0.0,0.0,0.0,0.0
25010,257.0,0.0,0.0,0.0,0.0
25011,245.8,0.0,0.0,0.0,0.0
25012,281.0,0.0,0.0,0.0,0.0
25013,288.0,0.0,0.0,0.0,0.0
25014,281.3,0.0,0.0,0.0,0.0
25015,270.0,0.0,0.0,0.0,0.0
25016,285.5,0.0,0.0,0.0,0.0
25017,287.1,0.0,0.0,0.0,0.0
25018,284.8,0.0,0.0,0.0,0.0
25019,308.2,0.0,0.0,0.0,0.0
25020,297.3,0.0,0.0,0.0,0.0
25021,276.0,0.0,0.0,0.0,0.0
25022,283.2,0.0,0.0,0.0,0.0
25023,288.4,0.0,0.0,0.0,0.0
25024,341.2,0.0,0.0,0.0,0.0
25025,321.1,0.0,0.0,0.0,0.0
25026,306.9,0.0,0.0,0.0,0.0
25027,306.1,0.0,0.0,0.0,0.0
25028,280.2,0.0,0.0,0.0,0.0
25029,299.9,0.0,0.0,0.0,0.0
25030,302.4,0.0,0.0,0.0,0.0
25031,327.4,0.0,0.0,0.0,0.0
25032,325.9,0.0,0.0,0.0,0.0
25033,293.0,0.0,0.0,0.0,0.0
25034,313.9,0.0,0.0,0.0,0.0
25035,299.2,0.0,0.0,0.0,0.0
25036,304.8,0.0,0.0,0.0,0.0
25037,307.8,0.0,0.0,0.0,0.0
25038,298.6,0.0,0.0,0.0,0.0
25039,312.6,0.0,0.0,0.0,0.0
25040,277.0,0.0,0.0,0.0,0.0
25041,332.9,0.0,0.0,0.0,0.0
25042,310.4,0.0,0.0,0.0,0.0
25043,314.4,0.0,0.0,0.0,0.0
25044,328.4,0.0,0.0,0.0,0.0
25045,310.2,0.0,0.0,0.0,0.0
25046,379.5,0.0,0.0,0.0,0.0
25047,368.9,0.0,0.0,0.0,0.0
25048,347.7,0.0,0.0,0.0,0.0
25049,365.2,0.0,0.0,0.0,0.0
25050,335.4,0.0,0.0,0.0,0.0
25051,350.5,0.0,0.0,0.0,0.0
25052,347.1,0.0,0.0,0.0,0.0
25053,336.4,0.0,0.0,0.0,0.0
25054,334.7,0.0,0.0,0.0,0.0
25055,326.4,0.0,0.0,0.0,0.0
25056,337.5,0.0,0.0,0.0,0.0
25057,297.3,0.0,0.0,0.0,0.0
25058,301.6,0.0,0.0,0.0,0.0
25059,284.8,0.0,0.0,0.0,0.0
25060,305.7,0.0,0.0,0.0,0.0
25061,286.2,0.0,0.0,0.0,0.0
25062,294.6,0.0,0.0,0.0,0.0
25063,297.0,0.0,0.0,0.0,0.0
25064,274.7,0.0,0.0,0.0,0.0
25065,258.5,0.0,0.0,0.0,0.0
25066,279.9,0.0,0.0,0.0,0.0
25067,249.6,0.0,0.0,0.0,0.0
25068,276.5,0.0,0.0,0.0,0.0
25069,273.6,0.0,0.0,0.0,0.0
25070,249.6,0.0,0.0,0.0,0.0
25071,255.1,0.0,0.0,0.0,0.0
25072,240.2,0.0,0.0,0.0,0.0
25073,218.4,0.0,0.0,0.0,0.0
25074,226.2,0.0,0.0,0.0,0.0
25075,246.2,0.0,0.0,0.0,0.0
25076,268.4,0.0,0.0,0.0,0.0
25077,258.7,0.0,0.0,0.0,0.0
25078,258.4,0.0,0.0,0.0,0.0
25079,246.6,0.0,0.0,0.0,0.0
25080,244.9,0.0,0.0,0.0,0.0
25081,248.3,0.0,0.0,0.0,0.0
25082,255.3,0.0,0.0,0.0,0.0
25083,233.4,0.0,0.0,0.0,0.0
25084,254.3,0.0,0.0,0.0,0.0
25085,220.0,0.0,0.0,0.0,0.0
25086,221.6,0.0,0.0,0.0,0.0
25087,230.7,0.0,0.0,0.0,0.0
25088,231.7,0.0,0.0,0.0,0.0
25089,232.6,0.0,0.0,0.0,0.0
25090,241.4,0.0,0.0,0.0,0.0
25091,226.9,0.0,0.0,0.0,0.0
25092,225.9,0.0,0.0,0.0,0.0
25093,217.4,0.0,0.0,0.0,0.0
25094,227.1,0.0,0.0,0.0,0.0
25095,215.5,0.0,0.0,0.0,0.0
25096,221.0,0.0,0.0,0.0,0.0
25097,214.2,0.0,0.0,0.0,0.0
25098,220.7,0.0,0.0,0.0,0.0
25099,212.5,0.0,0.0,0.0,0.0
25100,186.9,0.0,0.0,0.0,0.0
25101,184.4,0.0,0.0,0.0,0.0
25102,194.7,0.0,0.0,0.0,0.0
25103,181.0,0.0,0.0,0.0,0.0
25104,175.4,0.0,0.0,0.0,0.0
25105,186.8,0.0,0.0,0.0,0.0
25106,194.5,0.0,0.0,0.0,0.0
25107,198.0,0.0,0.0,0.0,0.0
25108,193.3,0.0,0.0,0.0,0.0
25109,192.5,0.0,0.0,0.0,0.0
25110,204.5,0.0,0.0,0.0,0.0
25111,179.9,0.0,0.0,0.0,0.0
25112,202.0,0.0,0.0,0.0,0.0
25113,176.7,0.0,0.0,0.0,0.0
25114,185.1,0.0,0.0,0.0,0.0
25115,162.6,0.0,0.0,0.0,0.0
25116,153.0,0.0,0.0,0.0,0.0
25117,187.1,0.0,0.0,0.0,0.0
25118,198.0,0.0,0.0,0.0,0.0
25119,202.1,0.0,0.0,0.0,0.0
25120,194.7,0.0,0.0,0.0,0.0
25121,188.0,0.0,0.0,0.0,0.0
25122,208.1,0.0,0.0,0.0,0.0
25123,185.9,0.0,0.0,0.0,0.0
25124,205.8,0.0,0.0,0.0,0.0
25125,194.2,0.0,0.0,0.0,0.0
25126,196.5,0.0,0.0,0.0,0.0
25127,209.8,0.0,0.0,0.0,0.0
25128,179.1,0.0,0.0,0.0,0.0
25129,200.9,0.0,0.0,0.0,0.0
25130,202.9,0.0,0.0,0.0,0.0
25131,201.0,0.0,0.0,0.0,0.0
25132,203.2,0.0,0.0,0.0,0.0
25133,186.1,0.0,0.0,0.0,0.0
25134,142.5,0.0,0.0,0.0,0.0
25135,161.1,0.0,0.0,0.0,0.0
25136,168.6,0.0,0.0,0.0,0.0
25137,159.4,0.0,0.0,0.0,0.0
25138,153.9,0.0,0.0,0.0,0.0
25139,183.7,0.0,0.0,0.0,0.0
25140,170.1,0.0,0.0,0.0,0.0
25141,176.4,0.0,0.0,0.0,0.0
25142,185.8,0.0,0.0,0.0,0.0
25143,160.7,0.0,0.0,0.0,0.0
25144,146.7,0.0,0.0,0.0,0.0
25145,141.6,0.0,0.0,0.0,0.0
25146,129.5,0.0,0.0,0.0,0.0
25147,117.3,0.0,0.0,0.0,0.0
25148,117.0,0.0,0.0,0.0,0.0
25149,130.8,0.0,0.0,0.0,0.0
25150,130.7,0.0,0.0,0.0,0.0
25151,109.4,0.0,0.0,0.0,0.0
25152,110.2,0.0,0.0,0.0,0.0
25153,107.4,0.0,0.0,0.0,0.0
25154,109.2,0.0,0.0,0.0,0.0
25155,109.4,0.0,0.0,0.0,0.0
25156,110.9,0.0,0.0,0.0,0.0
25157,88.3,0.0,0.0,0.0,0.0
25158,113.6,0.0,0.0,0.0,0.0
25159,113.9,0.0,0.0,0.0,0.0
25160,112.0,0.0,0.0,0.0,0.0
25161,116.0,0.0,0.0,0.0,0.0
25162,114.4,0.0,0.0,0.0,0.0
25163,93.9,0.0,0.0,0.0,0.0
25164,119.1,0.0,0.0,0.0,0.0
25165,114.2,0.0,0.0,0.0,0.0
25166,114.4,0.0,0.0,0.0,0.0
25167,113.4,0.0,0.0,0.0,0.0
25168,107.7,0.0,0.0,0.0,0.0
25169,109.2,0.0,0.0,0.0,0.0
25170,39.5,0.0,0.0,0.0,0.0
25171,77.8,0.0,0.0,0.0,0.0
25172,100.6,0.0,0.0,0.0,0.0
25173,99.9,0.0,0.0,0.0,0.0
25174,80.5,0.0,0.0,0.0,0.0
25175,116.5,0.0,0.0,0.0,0.0
25176,87.7,0.0,0.0,0.0,0.0
25177,102.5,0.0,0.0,0.0,0.0
25178,114.2,0.0,0.0,0.0,0.0
25179,93.3,0.0,0.0,0.0,0.0
25180,117.2,0.0,0.0,0.0,0.0
25181,107.8,0.0,0.0,0.0,0.0
25182,79.2,0.0,0.0,0.0,0.0
25183,110.1,0.0,0.0,0.0,0.0
25184,101.2,0.0,0.0,0.0,0.0
25185,111.8,0.0,0.0,0.0,0.0
25186,93.7,0.0,0.0,0.0,0.0
25187,103.5,0.0,0.0,0.0,0.0
25188,80.6,0.0,0.0,0.0,0.0
25189,102.3,0.0,0.0,0.0,0.0
25190,102.4,0.0,0.0,0.0,0.0
25191,98.0,0.0,0.0,0.0,0.0
25192,101.7,0.0,0.0,0.0,0.0
25193,98.3,0.0,0.0,0.0,0.0
25194,107.4,0.0,0.0,0.0,0.0
25195,102.3,0.0,0.0,0.0,0.0
25196,104.6,0.0,0.0,0.0,0.0
25197,95.3,0.0,0.0,0.0,0.0
25198,106.0,0.0,0.0,0.0,0.0
25199,101.6,0.0,0.0,0.0,0.0
25200,101.9,0.0,0.0,0.0,0.0
25201,120.2,0.0,0.0,0.0,0.0
25202,115.1,0.0,0.0,0.0,0.0
25203,93.3,0.0,0.0,0.0,0.0
25204,126.4,0.0,0.0,0.0,0.0
25205,113.0,0.0,0.0,0.0,0.0
25206,87.5,0.0,0.0,0.0,0.0
25207,93.3,0.0,0.0,0.0,0.0
25208,104.4,0.0,0.0,0.0,0.0
25209,104.2,0.0,0.0,0.0,0.0
25210,100.7,0.0,0.0,0.0,0.0
25211,62.6,0.0,0.0,0.0,0.0
25212,26.4,0.0,0.0,0.0,0.0
25213,83.7,0.0,0.0,0.0,0.0
25214,56.9,0.0,0.0,0.0,0.0
25215,98.1,0.0,0.0,0.0,0.0
25216,100.3,0.0,0.0,0.0,0.0
25217,70.9,0.0,0.0,0.0,0.0
25218,54.8,0.0,0.0,0.0,0.0
25219,18.6,0.0,0.0,0.0,0.0
25220,10.7,0.0,0.0,0.0,0.0
25221,12.6,0.0,0.0,0.0,0.0
25222,28.2,0.0,0.0,0.0,0.0
25223,19.6,0.0,0.0,0.0,0.0
25224,88.3,0.0,0.0,0.0,0.0
25225,37.1,0.0,0.0,0.0,0.0
25226,108.2,0.0,0.0,0.0,0.0
25227,62.8,0.0,0.0,0.0,0.0
25228,69.7,0.0,0.0,0.0,0.0
25229,70.7,0.0,0.0,0.0,0.0
25230,65.2,0.0,0.0,0.0,0.0
25231,66.6,0.0,0.0,0.0,0.0
25232,72.4,0.0,0.0,0.0,0.0
25233,66.2,0.0,0.0,0.0,0.0
25234,67.8,0.0,0.0,0.0,0.0
25235,63.4,0.0,0.0,0.0,0.0
25236,67.0,0.0,0.0,0.0,0.0
25237,61.8,0.0,0.0,0.0,0.0
25238,32.0,0.0,0.0,0.0,0.0
25239,60.0,0.0,0.0,0.0,0.0
25240,55.9,0.0,0.0,0.0,0.0
25241,66.8,0.0,0.0,0.0,0.0
25242,67.9,0.0,0.0,0.0,0.0
25243,60.3,0.0,0.0,0.0,0.0
25244,85.2,0.0,0.0,0.0,0.0
25245,52.7,0.0,0.0,0.0,0.0
25246,64.3,0.0,0.0,0.0,0.0
25247,26.7,0.0,0.0,0.0,0.0
25248,23.1,0.0,0.0,0.0,0.0
25249,61.3,0.0,0.0,0.0,0.0
25250,59.6,0.0,0.0,0.0,0.0
25251,44.5,0.0,0.0,0.0,0.0
25252,73.2,0.0,0.0,0.0,0.0
25253,56.9,0.0,0.0,0.0,0.0
25254,58.9,0.0,0.0,0.0,0.0
25255,67.6,0.0,0.0,0.0,0.0
25256,83.7,0.0,0.0,0.0,0.0
25257,64.2,0.0,0.0,0.0,0.0
25258,46.1,0.0,0.0,0.0,0.0
25259,46.1,0.0,0.0,0.0,0.0
25260,51.9,0.0,0.0,0.0,0.0
25261,290.3,0.0,0.0,0.0,0.0
25262,588.6,0.0,0.0,0.0,0.0
25263,685.1,0.0,0.0,0.0,0.0
25264,747.9,0.0,0.0,0.0,0.0
25265,744.9,0.0,0.0,0.0,0.0
25266,743.6,0.0,0.0,0.0,0.0
25267,764.0,0.0,0.0,0.0,0.0
25268,940.2,0.0,0.0,0.0,0.0
25269,1049.9,0.0,0.0,0.0,0.0
25270,1014.2,0.0,0.0,0.0,0.0
25271,1033.6,0.0,0.0,0.0,0.0
25272,1047.5,0.0,0.0,0.0,0.0
25273,1066.4,0.0,0.0,0.0,0.0
25274,1034.3,0.0,0.0,0.0,0.0
25275,1048.2,0.0,0.0,0.0,0.0
25276,854.0,0.0,0.0,0.0,0.0
25277,771.5,0.0,0.0,0.0,0.0
25278,608.5,0.0,0.0,0.0,0.0
25279,485.4,0.0,0.0,0.0,0.0
25280,436.9,0.0,0.0,0.0,0.0
25281,395.4,0.0,0.0,0.0,0.0
25282,304.6,0.0,0.0,0.0,0.0
25283,247.6,0.0,0.0,0.0,0.0
25284,249.0,0.0,0.0,0.0,0.0
25285,257.4,0.0,0.0,0.0,0.0
25286,260.6,0.0,0.0,0.0,0.0
25287,251.2,0.0,0.0,0.0,0.0
25288,292.4,0.0,0.0,0.0,0.0
25289,333.6,0.0,0.0,0.0,0.0
25290,348.1,0.0,0.0,0.0,0.0
25291,313.8,0.0,0.0,0.0,0.0
25292,355.4,0.0,0.0,0.0,0.0
25293,375.4,0.0,0.0,0.0,0.0
25294,321.3,0.0,0.0,0.0,0.0
25295,468.7,0.0,0.0,0.0,0.0
25296,659.7,0.0,0.0,0.0,0.0
25297,729.9,0.0,0.0,0.0,0.0
25298,725.6,0.0,0.0,0.0,0.0
25299,755.2,0.0,0.0,0.0,0.0
25300,805.5,0.0,0.0,0.0,0.0
25301,942.4,0.0,0.0,0.0,0.0
25302,1067.8,0.0,0.0,0.0,0.0
25303,1089.2,0.0,0.0,0.0,0.0
25304,1065.7,0.0,0.0,0.0,0.0
25305,1107.4,0.0,0.0,0.0,0.0
25306,941.0,0.0,0.0,0.0,0.0
25307,804.8,0.0,0.0,0.0,0.0
25308,667.7,0.0,0.0,0.0,0.0
25309,545.8,0.0,0.0,0.0,0.0
25310,488.6,0.0,0.0,0.0,0.0
25311,407.6,0.0,0.0,0.0,0.0
25312,392.4,0.0,0.0,0.0,0.0
25313,321.1,0.0,0.0,0.0,0.0
25314,280.5,0.0,0.0,0.0,0.0
25315,227.2,0.0,0.0,0.0,0.0
25316,206.6,0.0,0.0,0.0,0.0
25317,170.6,0.0,0.0,0.0,0.0
25318,150.2,0.0,0.0,0.0,0.0
25319,145.5,0.0,0.0,0.0,0.0
25320,158.8,0.0,0.0,0.0,0.0
25321,139.0,0.0,0.0,0.0,0.0
25322,158.6,0.0,0.0,0.0,0.0
25323,145.2,0.0,0.0,0.0,0.0
25324,135.3,0.0,0.0,0.0,0.0
25325,171.2,0.0,0.0,0.0,0.0
25326,199.9,0.0,0.0,0.0,0.0
25327,236.7,0.0,0.0,0.0,0.0
25328,222.2,0.0,0.0,0.0,0.0
25329,209.9,0.0,0.0,0.0,0.0
25330,211.4,0.0,0.0,0.0,0.0
25331,224.0,0.0,0.0,0.0,0.0
25332,224.8,0.0,0.0,0.0,0.0
25333,236.0,0.0,0.0,0.0,0.0
25334,213.2,0.0,0.0,0.0,0.0
25335,205.7,0.0,0.0,0.0,0.0
25336,182.5,0.0,0.0,0.0,0.0
25337,205.2,0.0,0.0,0.0,0.0
25338,182.2,0.0,0.0,0.0,0.0
25339,156.4,0.0,0.0,0.0,0.0
25340,160.6,0.0,0.0,0.0,0.0
25341,173.3,0.0,0.0,0.0,0.0
25342,156.6,0.0,0.0,0.0,0.0
25343,211.5,0.0,0.0,0.0,0.0
25344,175.0,0.0,0.0,0.0,0.0
25345,194.0,0.0,0.0,0.0,0.0
25346,189.4,0.0,0.0,0.0,0.0
25347,227.3,0.0,0.0,0.0,0.0
25348,198.6,0.0,0.0,0.0,0.0
25349,216.0,0.0,0.0,0.0,0.0
25350,195.0,0.0,0.0,0.0,0.0
25351,220.3,0.0,0.0,0.0,0.0
25352,298.2,0.0,0.0,0.0,0.0
25353,251.9,0.0,0.0,0.0,0.0
25354,273.4,0.0,0.0,0.0,0.0
25355,256.5,0.0,0.0,0.0,0.0
25356,262.2,0.0,0.0,0.0,0.0
25357,260.2,0.0,0.0,0.0,0.0
25358,282.0,0.0,0.0,0.0,0.0
25359,261.1,0.0,0.0,0.0,0.0
25360,262.1,0.0,0.0,0.0,0.0
25361,251.9,0.0,0.0,0.0,0.0
25362,257.5,0.0,0.0,0.0,0.0
25363,252.5,0.0,0.0,0.0,0.0
25364,230.1,0.0,0.0,0.0,0.0
25365,226.0,0.0,0.0,0.0,0.0
25366,173.5,0.0,0.0,0.0,0.0
25367,211.4,0.0,0.0,0.0,0.0
25368,231.5,0.0,0.0,0.0,0.0
25369,224.9,0.0,0.0,0.0,0.0
25370,254.7,0.0,0.0,0.0,0.0
25371,230.0,0.0,0.0,0.0,0.0
25372,218.3,0.0,0.0,0.0,0.0
25373,236.1,0.0,0.0,0.0,0.0
25374,253.9,0.0,0.0,0.0,0.0
25375,240.6,0.0,0.0,0.0,0.0
25376,247.6,0.0,0.0,0.0,0.0
25377,228.4,0.0,0.0,0.0,0.0
25378,240.8,0.0,0.0,0.0,0.0
25379,250.3,0.0,0.0,0.0,0.0
25380,262.8,0.0,0.0,0.0,0.0
25381,258.5,0.0,0.0,0.0,0.0
25382,265.2,0.0,0.0,0.0,0.0
25383,268.6,0.0,0.0,0.0,0.0
25384,261.4,0.0,0.0,0.0,0.0
25385,268.8,0.0,0.0,0.0,0.0
25386,268.7,0.0,0.0,0.0,0.0
25387,261.7,0.0,0.0,0.0,0.0
25388,269.8,0.0,0.0,0.0,0.0
25389,292.9,0.0,0.0,0.0,0.0
25390,269.2,0.0,0.0,0.0,0.0
25391,246.3,0.0,0.0,0.0,0.0
25392,277.2,0.0,0.0,0.0,0.0
25393,249.2,0.0,0.0,0.0,0.0
25394,277.0,0.0,0.0,0.0,0.0
25395,263.3,0.0,0.0,0.0,0.0
25396,269.1,0.0,0.0,0.0,0.0
25397,262.6,0.0,0.0,0.0,0.0
25398,255.4,0.0,0.0,0.0,0.0
25399,264.3,0.0,0.0,0.0,0.0
25400,258.0,0.0,0.0,0.0,0.0
25401,265.5,0.0,0.0,0.0,0.0
25402,268.5,0.0,0.0,0.0,0.0
25403,263.9,0.0,0.0,0.0,0.0
25404,286.9,0.0,0.0,0.0,0.0
25405,272.4,0.0,0.0,0.0,0.0
25406,241.3,0.0,0.0,0.0,0.0
25407,261.1,0.0,0.0,0.0,0.0
25408,301.4,0.0,0.0,0.0,0.0
25409,266.8,0.0,0.0,0.0,0.0
25410,254.4,0.0,0.0,0.0,0.0
25411,280.5,0.0,0.0,0.0,0.0
25412,266.8,0.0,0.0,0.0,0.0
25413,267.7,0.0,0.0,0.0,0.0
25414,220.8,0.0,0.0,0.0,0.0
25415,285.1,0.0,0.0,0.0,0.0
25416,272.9,0.0,0.0,0.0,0.0
25417,276.8,0.0,0.0,0.0,0.0
25418,252.0,0.0,0.0,0.0,0.0
25419,260.3,0.0,0.0,0.0,0.0
25420,277.6,0.0,0.0,0.0,0.0
25421,261.9,0.0,0.0,0.0,0.0
25422,277.4,0.0,0.0,0.0,0.0
25423,281.5,0.0,0.0,0.0,0.0
25424,263.6,0.0,0.0,0.0,0.0
25425,271.7,0.0,0.0,0.0,0.0
25426,267.8,0.0,0.0,0.0,0.0
25427,270.1,0.0,0.0,0.0,0.0
25428,272.7,0.0,0.0,0.0,0.0
25429,273.2,0.0,0.0,0.0,0.0
25430,277.6,0.0,0.0,0.0,0.0
25431,280.0,0.0,0.0,0.0,0.0
25432,265.0,0.0,0.0,0.0,0.0
25433,271.5,0.0,0.0,0.0,0.0
25434,266.3,0.0,0.0,0.0,0.0
25435,253.8,0.0,0.0,0.0,0.0
25436,288.5,0.0,0.0,0.0,0.0
25437,241.1,0.0,0.0,0.0,0.0
25438,242.0,0.0,0.0,0.0,0.0
25439,257.4,0.0,0.0,0.0,0.0
25440,257.4,0.0,0.0,0.0,0.0
25441,254.8,0.0,0.0,0.0,0.0
25442,246.0,0.0,0.0,0.0,0.0
25443,256.3,0.0,0.0,0.0,0.0
25444,223.5,0.0,0.0,0.0,0.0
25445,240.2,0.0,0.0,0.0,0.0
25446,235.5,0.0,0.0,0.0,0.0
25447,249.4,0.0,0.0,0.0,0.0
25448,255.1,0.0,0.0,0.0,0.0
25449,237.6,0.0,0.0,0.0,0.0
25450,238.3,0.0,0.0,0.0,0.0
25451,223.9,0.0,0.0,0.0,0.0
25452,197.9,0.0,0.0,0.0,0.0
25453,239.4,0.0,0.0,0.0,0.0
25454,228.6,0.0,0.0,0.0,0.0
25455,221.2,0.0,0.0,0.0,0.0
25456,241.5,0.0,0.0,0.0,0.0
25457,228.2,0.0,0.0,0.0,0.0
25458,246.6,0.0,0.0,0.0,0.0
25459,234.7,0.0,0.0,0.0,0.0
25460,237.4,0.0,0.0,0.0,0.0
25461,229.9,0.0,0.0,0.0,0.0
25462,212.0,0.0,0.0,0.0,0.0
25463,199.4,0.0,0.0,0.0,0.0
25464,199.4,0.0,0.0,0.0,0.0
25465,186.8,0.0,0.0,0.0,0.0
25466,180.9,0.0,0.0,0.0,0.0
25467,166.2,0.0,0.0,0.0,0.0
25468,213.8,0.0,0.0,0.0,0.0
25469,194.6,0.0,0.0,0.0,0.0
25470,173.3,0.0,0.0,0.0,0.0
25471,195.9,0.0,0.0,0.0,0.0
25472,178.3,0.0,0.0,0.0,0.0
25473,168.1,0.0,0.0,0.0,0.0
25474,179.2,0.0,0.0,0.0,0.0
25475,174.9,0.0,0.0,0.0,0.0
25476,188.4,0.0,0.0,0.0,0.0
25477,160.7,0.0,0.0,0.0,0.0
25478,137.4,0.0,0.0,0.0,0.0
25479,128.9,0.0,0.0,0.0,0.0
25480,144.6,0.0,0.0,0.0,0.0
25481,167.2,0.0,0.0,0.0,0.0
25482,159.6,0.0,0.0,0.0,0.0
25483,134.5,0.0,0.0,0.0,0.0
25484,133.5,0.0,0.0,0.0,0.0
25485,137.2,0.0,0.0,0.0,0.0
25486,135.0,0.0,0.0,0.0,0.0
25487,128.4,0.0,0.0,0.0,0.0
25488,134.0,0.0,0.0,0.0,0.0
25489,191.6,0.0,0.0,0.0,0.0
25490,179.7,0.0,0.0,0.0,0.0
25491,235.8,0.0,0.0,0.0,0.0
25492,247.8,0.0,0.0,0.0,0.0
25493,305.0,0.0,0.0,0.0,0.0
25494,299.9,0.0,0.0,0.0,0.0
25495,252.9,0.0,0.0,0.0,0.0
25496,150.4,0.0,0.0,0.0,0.0
25497,180.2,0.0,0.0,0.0,0.0
25498,194.3,0.0,0.0,0.0,0.0
25499,192.8,0.0,0.0,0.0,0.0
25500,170.3,0.0,0.0,0.0,0.0
25501,203.6,0.0,0.0,0.0,0.0
25502,200.0,0.0,0.0,0.0,0.0
25503,180.1,0.0,0.0,0.0,0.0
25504,147.2,0.0,0.0,0.0,0.0
25505,189.7,0.0,0.0,0.0,0.0
25506,169.7,0.0,0.0,0.0,0.0
25507,170.8,0.0,0.0,0.0,0.0
25508,156.9,0.0,0.0,0.0,0.0
25509,143.8,0.0,0.0,0.0,0.0
25510,124.4,0.0,0.0,0.0,0.0
25511,128.1,0.0,0.0,0.0,0.0
25512,132.3,0.0,0.0,0.0,0.0
25513,127.9,0.0,0.0,0.0,0.0
25514,131.5,0.0,0.0,0.0,0.0
25515,113.2,0.0,0.0,0.0,0.0
25516,149.5,0.0,0.0,0.0,0.0
25517,137.7,0.0,0.0,0.0,0.0
25518,127.4,0.0,0.0,0.0,0.0
25519,123.4,0.0,0.0,0.0,0.0
25520,129.4,0.0,0.0,0.0,0.0
25521,127.9,0.0,0.0,0.0,0.0
25522,126.7,0.0,0.0,0.0,0.0
25523,131.6,0.0,0.0,0.0,0.0
25524,127.3,0.0,0.0,0.0,0.0
25525,138.1,0.0,0.0,0.0,0.0
25526,111.2,0.0,0.0,0.0,0.0
25527,127.5,0.0,0.0,0.0,0.0
25528,127.9,0.0,0.0,0.0,0.0
25529,131.6,0.0,0.0,0.0,0.0
25530,130.8,0.0,0.0,0.0,0.0
25531,122.1,0.0,0.0,0.0,0.0
25532,127.7,0.0,0.0,0.0,0.0
25533,123.7,0.0,0.0,0.0,0.0
25534,122.1,0.0,0.0,0.0,0.0
25535,124.0,0.0,0.0,0.0,0.0
25536,129.9,0.0,0.0,0.0,0.0
25537,128.8,0.0,0.0,0.0,0.0
25538,117.6,0.0,0.0,0.0,0.0
25539,129.6,0.0,0.0,0.0,0.0
25540,127.5,0.0,0.0,0.0,0.0
25541,128.1,0.0,0.0,0.0,0.0
25542,137.8,0.0,0.0,0.0,0.0
25543,127.3,0.0,0.0,0.0,0.0
25544,115.4,0.0,0.0,0.0,0.0
25545,129.8,0.0,0.0,0.0,0.0
25546,143.0,0.0,0.0,0.0,0.0
25547,131.2,0.0,0.0,0.0,0.0
25548,121.1,0.0,0.0,0.0,0.0
25549,119.7,0.0,0.0,0.0,0.0
25550,133.7,0.0,0.0,0.0,0.0
25551,134.5,0.0,0.0,0.0,0.0
25552,146.9,0.0,0.0,0.0,0.0
25553,134.6,0.0,0.0,0.0,0.0
25554,135.1,0.0,0.0,0.0,0.0
25555,116.8,0.0,0.0,0.0,0.0
25556,137.8,0.0,0.0,0.0,0.0
25557,166.7,0.0,0.0,0.0,0.0
25558,170.0,0.0,0.0,0.0,0.0
25559,162.5,0.0,0.0,0.0,0.0
25560,176.4,0.0,0.0,0.0,0.0
25561,165.0,0.0,0.0,0.0,0.0
25562,162.8,0.0,0.0,0.0,0.0
25563,150.0,0.0,0.0,0.0,0.0
25564,135.3,0.0,0.0,0.0,0.0
25565,147.8,0.0,0.0,0.0,0.0
25566,122.0,0.0,0.0,0.0,0.0
25567,115.1,0.0,0.0,0.0,0.0
25568,135.1,0.0,0.0,0.0,0.0
25569,141.5,0.0,0.0,0.0,0.0
25570,141.7,0.0,0.0,0.0,0.0
25571,138.5,0.0,0.0,0.0,0.0
25572,129.4,0.0,0.0,0.0,0.0
25573,133.4,0.0,0.0,0.0,0.0
25574,115.1,0.0,0.0,0.0,0.0
25575,115.0,0.0,0.0,0.0,0.0
25576,133.1,0.0,0.0,0.0,0.0
25577,130.2,0.0,0.0,0.0,0.0
25578,129.8,0.0,0.0,0.0,0.0
25579,129.9,0.0,0.0,0.0,0.0
25580,134.2,0.0,0.0,0.0,0.0
25581,137.2,0.0,0.0,0.0,0.0
25582,153.6,0.0,0.0,0.0,0.0
25583,139.0,0.0,0.0,0.0,0.0
25584,134.1,0.0,0.0,0.0,0.0
25585,131.3,0.0,0.0,0.0,0.0
25586,141.3,0.0,0.0,0.0,0.0
25587,142.4,0.0,0.0,0.0,0.0
25588,133.6,0.0,0.0,0.0,0.0
25589,136.3,0.0,0.0,0.0,0.0
25590,125.7,0.0,0.0,0.0,0.0
25591,133.6,0.0,0.0,0.0,0.0
25592,123.4,0.0,0.0,0.0,0.0
25593,119.0,0.0,0.0,0.0,0.0
25594,127.4,0.0,0.0,0.0,0.0
25595,119.8,0.0,0.0,0.0,0.0
25596,126.1,0.0,0.0,0.0,0.0
25597,140.4,0.0,0.0,0.0,0.0
25598,134.3,0.0,0.0,0.0,0.0
25599,131.3,0.0,0.0,0.0,0.0
25600,124.5,0.0,0.0,0.0,0.0
25601,120.4,0.0,0.0,0.0,0.0
25602,119.2,0.0,0.0,0.0,0.0
25603,121.0,0.0,0.0,0.0,0.0
25604,103.9,0.0,0.0,0.0,0.0
25605,103.7,0.0,0.0,0.0,0.0
25606,101.9,0.0,0.0,0.0,0.0
25607,100.9,0.0,0.0,0.0,0.0
25608,125.0,0.0,0.0,0.0,0.0
25609,113.5,0.0,0.0,0.0,0.0
25610,102.3,0.0,0.0,0.0,0.0
25611,100.8,0.0,0.0,0.0,0.0
25612,95.9,0.0,0.0,0.0,0.0
25613,98.2,0.0,0.0,0.0,0.0
25614,117.2,0.0,0.0,0.0,0.0
25615,101.6,0.0,0.0,0.0,0.0
25616,94.6,0.0,0.0,0.0,0.0
25617,110.8,0.0,0.0,0.0,0.0
25618,99.6,0.0,0.0,0.0,0.0
25619,120.4,0.0,0.0,0.0,0.0
25620,129.3,0.0,0.0,0.0,0.0
25621,129.3,0.0,0.0,0.0,0.0
25622,127.7,0.0,0.0,0.0,0.0
25623,141.7,0.0,0.0,0.0,0.0
25624,146.0,0.0,0.0,0.0,0.0
25625,135.0,0.0,0.0,0.0,0.0
25626,141.5,0.0,0.0,0.0,0.0
25627,136.2,0.0,0.0,0.0,0.0
25628,136.9,0.0,0.0,0.0,0.0
25629,149.3,0.0,0.0,0.0,0.0
25630,147.1,0.0,0.0,0.0,0.0
25631,162.2,0.0,0.0,0.0,0.0
25632,154.2,0.0,0.0,0.0,0.0
25633,146.8,0.0,0.0,0.0,0.0
25634,143.8,0.0,0.0,0.0,0.0
25635,141.5,0.0,0.0,0.0,0.0
25636,137.0,0.0,0.0,0.0,0.0
25637,137.9,0.0,0.0,0.0,0.0
25638,144.4,0.0,0.0,0.0,0.0
25639,116.1,0.0,0.0,0.0,0.0
25640,115.7,0.0,0.0,0.0,0.0
25641,108.1,0.0,0.0,0.0,0.0
25642,79.4,0.0,0.0,0.0,0.0
25643,97.3,0.0,0.0,0.0,0.0
25644,66.5,0.0,0.0,0.0,0.0
25645,90.1,0.0,0.0,0.0,0.0
25646,84.9,0.0,0.0,0.0,0.0
25647,74.8,0.0,0.0,0.0,0.0
25648,78.2,0.0,0.0,0.0,0.0
25649,70.6,0.0,0.0,0.0,0.0
25650,83.6,0.0,0.0,0.0,0.0
25651,100.1,0.0,0.0,0.0,0.0
25652,73.2,0.0,0.0,0.0,0.0
25653,71.0,0.0,0.0,0.0,0.0
25654,90.0,0.0,0.0,0.0,0.0
25655,91.1,0.0,0.0,0.0,0.0
25656,97.0,0.0,0.0,0.0,0.0
25657,96.5,0.0,0.0,0.0,0.0
25658,81.4,0.0,0.0,0.0,0.0
25659,95.2,0.0,0.0,0.0,0.0
25660,81.4,0.0,0.0,0.0,0.0
25661,83.2,0.0,0.0,0.0,0.0
25662,96.0,0.0,0.0,0.0,0.0
25663,78.6,0.0,0.0,0.0,0.0
25664,92.6,0.0,0.0,0.0,0.0
25665,77.4,0.0,0.0,0.0,0.0
25666,74.7,0.0,0.0,0.0,0.0
25667,80.7,0.0,0.0,0.0,0.0
25668,59.3,0.0,0.0,0.0,0.0
25669,70.4,0.0,0.0,0.0,0.0
25670,58.1,0.0,0.0,0.0,0.0
25671,93.9,0.0,0.0,0.0,0.0
25672,91.1,0.0,0.0,0.0,0.0
25673,98.3,0.0,0.0,0.0,0.0
25674,103.1,0.0,0.0,0.0,0.0
25675,109.1,0.0,0.0,0.0,0.0
25676,114.9,0.0,0.0,0.0,0.0
25677,152.8,0.0,0.0,0.0,0.0
25678,142.8,0.0,0.0,0.0,0.0
25679,149.2,0.0,0.0,0.0,0.0
25680,169.9,0.0,0.0,0.0,0.0
25681,238.6,0.0,0.0,0.0,0.0
25682,262.6,0.0,0.0,0.0,0.0
25683,248.8,0.0,0.0,0.0,0.0
25684,266.7,0.0,0.0,0.0,0.0
25685,242.9,0.0,0.0,0.0,0.0
25686,231.8,0.0,0.0,0.0,0.0
25687,236.5,0.0,0.0,0.0,0.0
25688,228.6,0.0,0.0,0.0,0.0
25689,228.6,0.0,0.0,0.0,0.0
25690,212.4,0.0,0.0,0.0,0.0
25691,206.1,0.0,0.0,0.0,0.0
25692,219.6,0.0,0.0,0.0,0.0
25693,214.9,0.0,0.0,0.0,0.0
25694,235.4,0.0,0.0,0.0,0.0
25695,234.3,0.0,0.0,0.0,0.0
25696,229.6,0.0,0.0,0.0,0.0
25697,237.3,0.0,0.0,0.0,0.0
25698,257.6,0.0,0.0,0.0,0.0
25699,238.0,0.0,0.0,0.0,0.0
25700,234.6,0.0,0.0,0.0,0.0
25701,243.7,0.0,0.0,0.0,0.0
25702,234.2,0.0,0.0,0.0,0.0
25703,215.1,0.0,0.0,0.0,0.0
25704,199.4,0.0,0.0,0.0,0.0
25705,207.3,0.0,0.0,0.0,0.0
25706,180.4,0.0,0.0,0.0,0.0
25707,205.9,0.0,0.0,0.0,0.0
25708,233.2,0.0,0.0,0.0,0.0
25709,192.2,0.0,0.0,0.0,0.0
25710,180.2,0.0,0.0,0.0,0.0
25711,190.2,0.0,0.0,0.0,0.0
25712,185.5,0.0,0.0,0.0,0.0
25713,183.7,0.0,0.0,0.0,0.0
25714,171.1,0.0,0.0,0.0,0.0
25715,198.9,0.0,0.0,0.0,0.0
25716,227.3,0.0,0.0,0.0,0.0
25717,229.0,0.0,0.0,0.0,0.0
25718,248.4,0.0,0.0,0.0,0.0
25719,263.6,0.0,0.0,0.0,0.0
25720,239.9,0.0,0.0,0.0,0.0
25721,261.6,0.0,0.0,0.0,0.0
25722,230.2,0.0,0.0,0.0,0.0
25723,241.8,0.0,0.0,0.0,0.0
25724,259.1,0.0,0.0,0.0,0.0
25725,231.2,0.0,0.0,0.0,0.0
25726,223.9,0.0,0.0,0.0,0.0
25727,244.2,0.0,0.0,0.0,0.0
25728,251.6,0.0,0.0,0.0,0.0
25729,255.3,0.0,0.0,0.0,0.0
25730,250.5,0.0,0.0,0.0,0.0
25731,269.6,0.0,0.0,0.0,0.0
25732,290.4,0.0,0.0,0.0,0.0
25733,311.1,0.0,0.0,0.0,0.0
25734,297.2,0.0,0.0,0.0,0.0
25735,291.5,0.0,0.0,0.0,0.0
25736,281.9,0.0,0.0,0.0,0.0
25737,277.5,0.0,0.0,0.0,0.0
25738,293.7,0.0,0.0,0.0,0.0
25739,302.8,0.0,0.0,0.0,0.0
25740,329.4,0.0,0.0,0.0,0.0
25741,315.7,0.0,0.0,0.0,0.0
25742,297.2,0.0,0.0,0.0,0.0
25743,279.4,0.0,0.0,0.0,0.0
25744,293.1,0.0,0.0,0.0,0.0
25745,301.6,0.0,0.0,0.0,0.0
25746,308.8,0.0,0.0,0.0,0.0
25747,299.5,0.0,0.0,0.0,0.0
25748,316.9,0.0,0.0,0.0,0.0
25749,298.0,0.0,0.0,0.0,0.0
25750,301.4,0.0,0.0,0.0,0.0
25751,299.0,0.0,0.0,0.0,0.0
25752,297.3,0.0,0.0,0.0,0.0
25753,307.6,0.0,0.0,0.0,0.0
25754,306.8,0.0,0.0,0.0,0.0
25755,285.3,0.0,0.0,0.0,0.0
25756,327.2,0.0,0.0,0.0,0.0
25757,305.8,0.0,0.0,0.0,0.0
25758,305.0,0.0,0.0,0.0,0.0
25759,301.5,0.0,0.0,0.0,0.0
25760,300.2,0.0,0.0,0.0,0.0
25761,283.6,0.0,0.0,0.0,0.0
25762,314.9,0.0,0.0,0.0,0.0
25763,298.4,0.0,0.0,0.0,0.0
25764,307.4,0.0,0.0,0.0,0.0
25765,317.3,0.0,0.0,0.0,0.0
25766,311.6,0.0,0.0,0.0,0.0
25767,298.0,0.0,0.0,0.0,0.0
25768,300.9,0.0,0.0,0.0,0.0
25769,293.6,0.0,0.0,0.0,0.0
25770,298.7,0.0,0.0,0.0,0.0
25771,298.6,0.0,0.0,0.0,0.0
25772,287.1,0.0,0.0,0.0,0.0
25773,266.1,0.0,0.0,0.0,0.0
25774,280.9,0.0,0.0,0.0,0.0
25775,266.0,0.0,0.0,0.0,0.0
25776,284.0,0.0,0.0,0.0,0.0
25777,279.9,0.0,0.0,0.0,0.0
25778,251.4,0.0,0.0,0.0,0.0
25779,256.8,0.0,0.0,0.0,0.0
25780,257.0,0.0,0.0,0.0,0.0
25781,263.2,0.0,0.0,0.0,0.0
25782,253.9,0.0,0.0,0.0,0.0
25783,258.0,0.0,0.0,0.0,0.0
25784,251.7,0.0,0.0,0.0,0.0
25785,264.5,0.0,0.0,0.0,0.0
25786,253.8,0.0,0.0,0.0,0.0
25787,243.4,0.0,0.0,0.0,0.0
25788,247.1,0.0,0.0,0.0,0.0
25789,243.8,0.0,0.0,0.0,0.0
25790,250.3,0.0,0.0,0.0,0.0
25791,222.8,0.0,0.0,0.0,0.0
25792,235.9,0.0,0.0,0.0,0.0
25793,258.5,0.0,0.0,0.0,0.0
25794,240.2,0.0,0.0,0.0,0.0
25795,211.5,0.0,0.0,0.0,0.0
25796,230.5,0.0,0.0,0.0,0.0
25797,223.9,0.0,0.0,0.0,0.0
25798,236.4,0.0,0.0,0.0,0.0
25799,206.9,0.0,0.0,0.0,0.0
25800,229.1,0.0,0.0,0.0,0.0
25801,236.0,0.0,0.0,0.0,0.0
25802,204.0,0.0,0.0,0.0,0.0
25803,195.2,0.0,0.0,0.0,0.0
25804,186.6,0.0,0.0,0.0,0.0
25805,181.9,0.0,0.0,0.0,0.0
25806,175.9,0.0,0.0,0.0,0.0
25807,179.9,0.0,0.0,0.0,0.0
25808,175.5,0.0,0.0,0.0,0.0
25809,165.8,0.0,0.0,0.0,0.0
25810,182.3,0.0,0.0,0.0,0.0
25811,157.9,0.0,0.0,0.0,0.0
25812,159.8,0.0,0.0,0.0,0.0
25813,170.9,0.0,0.0,0.0,0.0
25814,161.9,0.0,0.0,0.0,0.0
25815,173.2,0.0,0.0,0.0,0.0
25816,188.9,0.0,0.0,0.0,0.0
25817,168.2,0.0,0.0,0.0,0.0
25818,168.2,0.0,0.0,0.0,0.0
25819,163.7,0.0,0.0,0.0,0.0
25820,152.4,0.0,0.0,0.0,0.0
25821,149.3,0.0,0.0,0.0,0.0
25822,145.9,0.0,0.0,0.0,0.0
25823,142.6,0.0,0.0,0.0,0.0
25824,154.7,0.0,0.0,0.0,0.0
25825,162.8,0.0,0.0,0.0,0.0
25826,165.4,0.0,0.0,0.0,0.0
25827,147.5,0.0,0.0,0.0,0.0
25828,137.7,0.0,0.0,0.0,0.0
25829,132.4,0.0,0.0,0.0,0.0
25830,141.5,0.0,0.0,0.0,0.0
25831,125.6,0.0,0.0,0.0,0.0
25832,124.8,0.0,0.0,0.0,0.0
25833,120.2,0.0,0.0,0.0,0.0
25834,147.1,0.0,0.0,0.0,0.0
25835,151.8,0.0,0.0,0.0,0.0
25836,126.4,0.0,0.0,0.0,0.0
25837,140.0,0.0,0.0,0.0,0.0
25838,142.6,0.0,0.0,0.0,0.0
25839,137.2,0.0,0.0,0.0,0.0
25840,124.6,0.0,0.0,0.0,0.0
25841,123.4,0.0,0.0,0.0,0.0
25842,131.7,0.0,0.0,0.0,0.0
25843,148.6,0.0,0.0,0.0,0.0
25844,123.1,0.0,0.0,0.0,0.0
25845,151.1,0.0,0.0,0.0,0.0
25846,166.5,0.0,0.0,0.0,0.0
25847,164.1,0.0,0.0,0.0,0.0
25848,172.0,0.0,0.0,0.0,0.0
25849,162.9,0.0,0.0,0.0,0.0
25850,142.8,0.0,0.0,0.0,0.0
25851,154.1,0.0,0.0,0.0,0.0
25852,153.0,0.0,0.0,0.0,0.0
25853,145.6,0.0,0.0,0.0,0.0
25854,153.1,0.0,0.0,0.0,0.0
25855,146.1,0.0,0.0,0.0,0.0
25856,138.4,0.0,0.0,0.0,0.0
25857,134.3,0.0,0.0,0.0,0.0
25858,125.6,0.0,0.0,0.0,0.0
25859,128.2,0.0,0.0,0.0,0.0
25860,119.2,0.0,0.0,0.0,0.0
25861,118.8,0.0,0.0,0.0,0.0
25862,115.3,0.0,0.0,0.0,0.0
25863,108.7,0.0,0.0,0.0,0.0
25864,112.3,0.0,0.0,0.0,0.0
25865,183.6,0.0,0.0,0.0,0.0
25866,126.1,0.0,0.0,0.0,0.0
25867,129.4,0.0,0.0,0.0,0.0
25868,157.0,0.0,0.0,0.0,0.0
25869,132.1,0.0,0.0,0.0,0.0
25870,121.8,0.0,0.0,0.0,0.0
25871,133.8,0.0,0.0,0.0,0.0
25872,131.6,0.0,0.0,0.0,0.0
25873,124.3,0.0,0.0,0.0,0.0
25874,140.4,0.0,0.0,0.0,0.0
25875,130.2,0.0,0.0,0.0,0.0
25876,135.6,0.0,0.0,0.0,0.0
25877,127.9,0.0,0.0,0.0,0.0
25878,114.8,0.0,0.0,0.0,0.0
25879,121.2,0.0,0.0,0.0,0.0
25880,141.9,0.0,0.0,0.0,0.0
25881,145.9,0.0,0.0,0.0,0.0
25882,144.5,0.0,0.0,0.0,0.0
25883,134.9,0.0,0.0,0.0,0.0
25884,131.0,0.0,0.0,0.0,0.0
25885,120.2,0.0,0.0,0.0,0.0
25886,127.9,0.0,0.0,0.0,0.0
25887,129.0,0.0,0.0,0.0,0.0
25888,139.0,0.0,0.0,0.0,0.0
25889,153.3,0.0,0.0,0.0,0.0
25890,118.9,0.0,0.0,0.0,0.0
25891,120.8,0.0,0.0,0.0,0.0
25892,117.5,0.0,0.0,0.0,0.0
25893,103.5,0.0,0.0,0.0,0.0
25894,111.6,0.0,0.0,0.0,0.0
25895,106.8,0.0,0.0,0.0,0.0
25896,111.5,0.0,0.0,0.0,0.0
25897,112.0,0.0,0.0,0.0,0.0
25898,113.6,0.0,0.0,0.0,0.0
25899,119.0,0.0,0.0,0.0,0.0
25900,98.9,0.0,0.0,0.0,0.0
25901,107.4,0.0,0.0,0.0,0.0
25902,114.8,0.0,0.0,0.0,0.0
25903,101.7,0.0,0.0,0.0,0.0
25904,103.0,0.0,0.0,0.0,0.0
25905,96.8,0.0,0.0,0.0,0.0
25906,104.6,0.0,0.0,0.0,0.0
25907,90.8,0.0,0.0,0.0,0.0
25908,87.7,0.0,0.0,0.0,0.0
25909,93.8,0.0,0.0,0.0,0.0
25910,98.0,0.0,0.0,0.0,0.0
25911,102.0,0.0,0.0,0.0,0.0
25912,91.5,0.0,0.0,0.0,0.0
25913,91.3,0.0,0.0,0.0,0.0
25914,93.9,0.0,0.0,0.0,0.0
25915,90.9,0.0,0.0,0.0,0.0
25916,82.1,0.0,0.0,0.0,0.0
25917,91.0,0.0,0.0,0.0,0.0
25918,97.5,0.0,0.0,0.0,0.0
25919,100.2,0.0,0.0,0.0,0.0
25920,83.6,0.0,0.0,0.0,0.0
25921,87.3,0.0,0.0,0.0,0.0
25922,84.5,0.0,0.0,0.0,0.0
25923,88.9,0.0,0.0,0.0,0.0
25924,76.8,0.0,0.0,0.0,0.0
25925,82.4,0.0,0.0,0.0,0.0
25926,88.8,0.0,0.0,0.0,0.0
25927,86.2,0.0,0.0,0.0,0.0
25928,85.4,0.0,0.0,0.0,0.0
25929,87.2,0.0,0.0,0.0,0.0
25930,80.7,0.0,0.0,0.0,0.0
25931,81.6,0.0,0.0,0.0,0.0
25932,92.7,0.0,0.0,0.0,0.0
25933,93.0,0.0,0.0,0.0,0.0
25934,81.1,0.0,0.0,0.0,0.0
25935,85.3,0.0,0.0,0.0,0.0
25936,74.2,0.0,0.0,0.0,0.0
25937,81.6,0.0,0.0,0.0,0.0
25938,79.0,0.0,0.0,0.0,0.0
25939,95.8,0.0,0.0,0.0,0.0
25940,91.3,0.0,0.0,0.0,0.0
25941,77.1,0.0,0.0,0.0,0.0
25942,61.9,0.0,0.0,0.0,0.0
25943,84.2,0.0,0.0,0.0,0.0
25944,102.3,0.0,0.0,0.0,0.0
25945,99.7,0.0,0.0,0.0,0.0
25946,96.1,0.0,0.0,0.0,0.0
25947,74.0,0.0,0.0,0.0,0.0
25948,87.0,0.0,0.0,0.0,0.0
25949,73.6,0.0,0.0,0.0,0.0
25950,89.3,0.0,0.0,0.0,0.0
25951,87.9,0.0,0.0,0.0,0.0
25952,83.4,0.0,0.0,0.0,0.0
25953,87.0,0.0,0.0,0.0,0.0
25954,84.3,0.0,0.0,0.0,0.0
25955,86.9,0.0,0.0,0.0,0.0
25956,83.4,0.0,0.0,0.0,0.0
25957,82.4,0.0,0.0,0.0,0.0
25958,86.0,0.0,0.0,0.0,0.0
25959,63.3,0.0,0.0,0.0,0.0
25960,88.4,0.0,0.0,0.0,0.0
25961,74.9,0.0,0.0,0.0,0.0
25962,81.7,0.0,0.0,0.0,0.0
25963,81.4,0.0,0.0,0.0,0.0
25964,87.1,0.0,0.0,0.0,0.0
25965,75.3,0.0,0.0,0.0,0.0
25966,90.1,0.0,0.0,0.0,0.0
25967,82.1,0.0,0.0,0.0,0.0
25968,53.7,0.0,0.0,0.0,0.0
25969,85.7,0.0,0.0,0.0,0.0
25970,87.2,0.0,0.0,0.0,0.0
25971,91.5,0.0,0.0,0.0,0.0
25972,86.6,0.0,0.0,0.0,0.0
25973,81.1,0.0,0.0,0.0,0.0
25974,86.9,0.0,0.0,0.0,0.0
25975,96.1,0.0,0.0,0.0,0.0
25976,92.3,0.0,0.0,0.0,0.0
25977,91.2,0.0,0.0,0.0,0.0
25978,93.2,0.0,0.0,0.0,0.0
25979,65.1,0.0,0.0,0.0,0.0
25980,83.4,0.0,0.0,0.0,0.0
25981,77.7,0.0,0.0,0.0,0.0
25982,76.9,0.0,0.0,0.0,0.0
25983,78.5,0.0,0.0,0.0,0.0
25984,77.4,0.0,0.0,0.0,0.0
25985,81.2,0.0,0.0,0.0,0.0
25986,94.9,0.0,0.0,0.0,0.0
25987,89.2,0.0,0.0,0.0,0.0
25988,80.7,0.0,0.0,0.0,0.0
25989,97.9,0.0,0.0,0.0,0.0
25990,79.0,0.0,0.0,0.0,0.0
25991,81.2,0.0,0.0,0.0,0.0
25992,83.0,0.0,0.0,0.0,0.0
25993,82.8,0.0,0.0,0.0,0.0
25994,87.1,0.0,0.0,0.0,0.0
25995,107.7,0.0,0.0,0.0,0.0
25996,101.5,0.0,0.0,0.0,0.0
25997,97.1,0.0,0.0,0.0,0.0
25998,96.8,0.0,0.0,0.0,0.0
25999,91.9,0.0,0.0,0.0,0.0
26000,100.4,0.0,0.0,0.0,0.0
26001,81.8,0.0,0.0,0.0,0.0
26002,102.6,0.0,0.0,0.0,0.0
26003,101.0,0.0,0.0,0.0,0.0
26004,84.5,0.0,0.0,0.0,0.0
26005,83.4,0.0,0.0,0.0,0.0
26006,93.0,0.0,0.0,0.0,0.0
26007,94.3,0.0,0.0,0.0,0.0
26008,96.4,0.0,0.0,0.0,0.0
26009,93.9,0.0,0.0,0.0,0.0
26010,79.2,0.0,0.0,0.0,0.0
26011,80.1,0.0,0.0,0.0,0.0
26012,82.9,0.0,0.0,0.0,0.0
26013,93.8,0.0,0.0,0.0,0.0
26014,92.4,0.0,0.0,0.0,0.0
26015,95.3,0.0,0.0,0.0,0.0
26016,91.5,0.0,0.0,0.0,0.0
26017,82.8,0.0,0.0,0.0,0.0
26018,82.7,0.0,0.0,0.0,0.0
26019,89.1,0.0,0.0,0.0,0.0
26020,86.3,0.0,0.0,0.0,0.0
26021,86.7,0.0,0.0,0.0,0.0
26022,93.5,0.0,0.0,0.0,0.0
26023,103.3,0.0,0.0,0.0,0.0
26024,105.9,0.0,0.0,0.0,0.0
26025,107.2,0.0,0.0,0.0,0.0
26026,117.2,0.0,0.0,0.0,0.0
26027,121.9,0.0,0.0,0.0,0.0
26028,124.4,0.0,0.0,0.0,0.0
26029,111.4,0.0,0.0,0.0,0.0
26030,109.5,0.0,0.0,0.0,0.0
26031,129.9,0.0,0.0,0.0,0.0
26032,138.8,0.0,0.0,0.0,0.0
26033,101.2,0.0,0.0,0.0,0.0
26034,164.7,0.0,0.0,0.0,0.0
26035,124.5,0.0,0.0,0.0,0.0
26036,138.2,0.0,0.0,0.0,0.0
26037,146.5,0.0,0.0,0.0,0.0
26038,154.3,0.0,0.0,0.0,0.0
26039,162.7,0.0,0.0,0.0,0.0
26040,160.8,0.0,0.0,0.0,0.0
26041,192.0,0.0,0.0,0.0,0.0
26042,182.0,0.0,0.0,0.0,0.0
26043,187.2,0.0,0.0,0.0,0.0
26044,166.3,0.0,0.0,0.0,0.0
26045,197.6,0.0,0.0,0.0,0.0
26046,184.6,0.0,0.0,0.0,0.0
26047,175.2,0.0,0.0,0.0,0.0
26048,211.0,0.0,0.0,0.0,0.0
26049,175.6,0.0,0.0,0.0,0.0
26050,190.5,0.0,0.0,0.0,0.0
26051,223.6,0.0,0.0,0.0,0.0
26052,206.2,0.0,0.0,0.0,0.0
26053,205.3,0.0,0.0,0.0,0.0
26054,204.2,0.0,0.0,0.0,0.0
26055,221.8,0.0,0.0,0.0,0.0
26056,220.2,0.0,0.0,0.0,0.0
26057,221.1,0.0,0.0,0.0,0.0
26058,219.3,0.0,0.0,0.0,0.0
26059,220.0,0.0,0.0,0.0,0.0
26060,249.9,0.0,0.0,0.0,0.0
26061,251.4,0.0,0.0,0.0,0.0
26062,247.1,0.0,0.0,0.0,0.0
26063,254.5,0.0,0.0,0.0,0.0
26064,275.9,0.0,0.0,0.0,0.0
26065,238.4,0.0,0.0,0.0,0.0
26066,247.3,0.0,0.0,0.0,0.0
26067,234.6,0.0,0.0,0.0,0.0
26068,250.1,0.0,0.0,0.0,0.0
26069,233.5,0.0,0.0,0.0,0.0
26070,243.3,0.0,0.0,0.0,0.0
26071,240.1,0.0,0.0,0.0,0.0
26072,237.1,0.0,0.0,0.0,0.0
26073,244.6,0.0,0.0,0.0,0.0
26074,226.7,0.0,0.0,0.0,0.0
26075,226.3,0.0,0.0,0.0,0.0
26076,222.0,0.0,0.0,0.0,0.0
26077,246.0,0.0,0.0,0.0,0.0
26078,235.4,0.0,0.0,0.0,0.0
26079,199.7,0.0,0.0,0.0,0.0
26080,192.0,0.0,0.0,0.0,0.0
26081,200.5,0.0,0.0,0.0,0.0
26082,167.7,0.0,0.0,0.0,0.0
26083,206.5,0.0,0.0,0.0,0.0
26084,182.1,0.0,0.0,0.0,0.0
26085,193.7,0.0,0.0,0.0,0.0
26086,169.0,0.0,0.0,0.0,0.0
26087,155.5,0.0,0.0,0.0,0.0
26088,183.1,0.0,0.0,0.0,0.0
26089,204.5,0.0,0.0,0.0,0.0
26090,194.8,0.0,0.0,0.0,0.0
26091,177.0,0.0,0.0,0.0,0.0
26092,160.1,0.0,0.0,0.0,0.0
26093,178.7,0.0,0.0,0.0,0.0
26094,160.6,0.0,0.0,0.0,0.0
26095,169.3,0.0,0.0,0.0,0.0
26096,161.8,0.0,0.0,0.0,0.0
26097,149.0,0.0,0.0,0.0,0.0
26098,154.8,0.0,0.0,0.0,0.0
26099,172.7,0.0,0.0,0.0,0.0
26100,158.7,0.0,0.0,0.0,0.0
26101,204.6,0.0,0.0,0.0,0.0
26102,204.5,0.0,0.0,0.0,0.0
26103,183.0,0.0,0.0,0.0,0.0
26104,178.3,0.0,0.0,0.0,0.0
26105,183.8,0.0,0.0,0.0,0.0
26106,176.7,0.0,0.0,0.0,0.0
26107,142.6,0.0,0.0,0.0,0.0
26108,163.9,0.0,0.0,0.0,0.0
26109,188.8,0.0,0.0,0.0,0.0
26110,189.7,0.0,0.0,0.0,0.0
26111,218.1,0.0,0.0,0.0,0.0
26112,201.0,0.0,0.0,0.0,0.0
26113,203.5,0.0,0.0,0.0,0.0
26114,175.1,0.0,0.0,0.0,0.0
26115,202.9,0.0,0.0,0.0,0.0
26116,189.9,0.0,0.0,0.0,0.0
26117,201.2,0.0,0.0,0.0,0.0
26118,209.0,0.0,0.0,0.0,0.0
26119,195.1,0.0,0.0,0.0,0.0
26120,214.4,0.0,0.0,0.0,0.0
26121,208.7,0.0,0.0,0.0,0.0
26122,201.8,0.0,0.0,0.0,0.0
26123,215.1,0.0,0.0,0.0,0.0
26124,191.1,0.0,0.0,0.0,0.0
26125,197.8,0.0,0.0,0.0,0.0
26126,206.8,0.0,0.0,0.0,0.0
26127,208.0,0.0,0.0,0.0,0.0
26128,195.7,0.0,0.0,0.0,0.0
26129,206.0,0.0,0.0,0.0,0.0
26130,195.4,0.0,0.0,0.0,0.0
26131,193.9,0.0,0.0,0.0,0.0
26132,209.5,0.0,0.0,0.0,0.0
26133,194.4,0.0,0.0,0.0,0.0
26134,194.2,0.0,0.0,0.0,0.0
26135,208.3,0.0,0.0,0.0,0.0
26136,202.5,0.0,0.0,0.0,0.0
26137,199.2,0.0,0.0,0.0,0.0
26138,181.7,0.0,0.0,0.0,0.0
26139,207.4,0.0,0.0,0.0,0.0
26140,199.8,0.0,0.0,0.0,0.0
26141,207.0,0.0,0.0,0.0,0.0
26142,197.6,0.0,0.0,0.0,0.0
26143,193.6,0.0,0.0,0.0,0.0
26144,182.7,0.0,0.0,0.0,0.0
26145,190.6,0.0,0.0,0.0,0.0
26146,185.3,0.0,0.0,0.0,0.0
26147,197.5,0.0,0.0,0.0,0.0
26148,197.9,0.0,0.0,0.0,0.0
26149,171.7,0.0,0.0,0.0,0.0
26150,168.8,0.0,0.0,0.0,0.0
26151,191.6,0.0,0.0,0.0,0.0
26152,190.1,0.0,0.0,0.0,0.0
26153,192.8,0.0,0.0,0.0,0.0
26154,190.5,0.0,0.0,0.0,0.0
26155,173.1,0.0,0.0,0.0,0.0
26156,176.9,0.0,0.0,0.0,0.0
26157,165.2,0.0,0.0,0.0,0.0
26158,177.5,0.0,0.0,0.0,0.0
26159,175.9,0.0,0.0,0.0,0.0
26160,178.5,0.0,0.0,0.0,0.0
26161,193.6,0.0,0.0,0.0,0.0
26162,177.5,0.0,0.0,0.0,0.0
26163,167.0,0.0,0.0,0.0,0.0
26164,167.8,0.0,0.0,0.0,0.0
26165,165.2,0.0,0.0,0.0,0.0
26166,156.3,0.0,0.0,0.0,0.0
26167,159.0,0.0,0.0,0.0,0.0
26168,150.3,0.0,0.0,0.0,0.0
26169,146.7,0.0,0.0,0.0,0.0
26170,145.7,0.0,0.0,0.0,0.0
26171,156.9,0.0,0.0,0.0,0.0
26172,159.9,0.0,0.0,0.0,0.0
26173,151.5,0.0,0.0,0.0,0.0
26174,163.4,0.0,0.0,0.0,0.0
26175,151.5,0.0,0.0,0.0,0.0
26176,163.1,0.0,0.0,0.0,0.0
26177,139.6,0.0,0.0,0.0,0.0
26178,149.1,0.0,0.0,0.0,0.0
26179,162.9,0.0,0.0,0.0,0.0
26180,155.5,0.0,0.0,0.0,0.0
26181,165.0,0.0,0.0,0.0,0.0
26182,165.0,0.0,0.0,0.0,0.0
26183,163.6,0.0,0.0,0.0,0.0
26184,165.0,0.0,0.0,0.0,0.0
26185,147.3,0.0,0.0,0.0,0.0
26186,150.9,0.0,0.0,0.0,0.0
26187,154.4,0.0,0.0,0.0,0.0
26188,137.6,0.0,0.0,0.0,0.0
26189,135.2,0.0,0.0,0.0,0.0
26190,140.5,0.0,0.0,0.0,0.0
26191,143.5,0.0,0.0,0.0,0.0
26192,134.4,0.0,0.0,0.0,0.0
26193,134.7,0.0,0.0,0.0,0.0
26194,150.1,0.0,0.0,0.0,0.0
26195,151.4,0.0,0.0,0.0,0.0
26196,133.2,0.0,0.0,0.0,0.0
26197,138.3,0.0,0.0,0.0,0.0
26198,121.6,0.0,0.0,0.0,0.0
26199,133.6,0.0,0.0,0.0,0.0
26200,143.7,0.0,0.0,0.0,0.0
26201,127.1,0.0,0.0,0.0,0.0
26202,117.4,0.0,0.0,0.0,0.0
26203,132.5,0.0,0.0,0.0,0.0
26204,146.3,0.0,0.0,0.0,0.0
26205,145.1,0.0,0.0,0.0,0.0
26206,127.3,0.0,0.0,0.0,0.0
26207,146.0,0.0,0.0,0.0,0.0
26208,141.3,0.0,0.0,0.0,0.0
26209,141.3,0.0,0.0,0.0,0.0
26210,147.0,0.0,0.0,0.0,0.0
26211,135.6,0.0,0.0,0.0,0.0
26212,129.1,0.0,0.0,0.0,0.0
26213,135.7,0.0,0.0,0.0,0.0
26214,138.2,0.0,0.0,0.0,0.0
26215,140.4,0.0,0.0,0.0,0.0
26216,148.5,0.0,0.0,0.0,0.0
26217,141.9,0.0,0.0,0.0,0.0
26218,144.5,0.0,0.0,0.0,0.0
26219,142.9,0.0,0.0,0.0,0.0
26220,133.2,0.0,0.0,0.0,0.0
26221,131.0,0.0,0.0,0.0,0.0
26222,147.5,0.0,0.0,0.0,0.0
26223,166.5,0.0,0.0,0.0,0.0
26224,171.5,0.0,0.0,0.0,0.0
26225,172.3,0.0,0.0,0.0,0.0
26226,158.0,0.0,0.0,0.0,0.0
26227,152.4,0.0,0.0,0.0,0.0
26228,128.6,0.0,0.0,0.0,0.0
26229,132.0,0.0,0.0,0.0,0.0
26230,140.2,0.0,0.0,0.0,0.0
26231,134.3,0.0,0.0,0.0,0.0
26232,141.4,0.0,0.0,0.0,0.0
26233,142.2,0.0,0.0,0.0,0.0
26234,156.5,0.0,0.0,0.0,0.0
26235,139.9,0.0,0.0,0.0,0.0
26236,139.8,0.0,0.0,0.0,0.0
26237,129.5,0.0,0.0,0.0,0.0
26238,144.7,0.0,0.0,0.0,0.0
26239,89.6,0.0,0.0,0.0,0.0
26240,97.9,0.0,0.0,0.0,0.0
26241,101.2,0.0,0.0,0.0,0.0
26242,79.5,0.0,0.0,0.0,0.0
26243,94.6,0.0,0.0,0.0,0.0
26244,92.1,0.0,0.0,0.0,0.0
26245,109.0,0.0,0.0,0.0,0.0
26246,103.5,0.0,0.0,0.0,0.0
26247,53.0,0.0,0.0,0.0,0.0
26248,86.4,0.0,0.0,0.0,0.0
26249,102.9,0.0,0.0,0.0,0.0
26250,78.3,0.0,0.0,0.0,0.0
26251,87.2,0.0,0.0,0.0,0.0
26252,85.0,0.0,0.0,0.0,0.0
26253,73.6,0.0,0.0,0.0,0.0
26254,85.7,0.0,0.0,0.0,0.0
26255,83.1,0.0,0.0,0.0,0.0
26256,87.1,0.0,0.0,0.0,0.0
26257,89.7,0.0,0.0,0.0,0.0
26258,82.4,0.0,0.0,0.0,0.0
26259,84.2,0.0,0.0,0.0,0.0
26260,76.0,0.0,0.0,0.0,0.0
26261,81.0,0.0,0.0,0.0,0.0
26262,92.4,0.0,0.0,0.0,0.0
26263,102.4,0.0,0.0,0.0,0.0
26264,86.2,0.0,0.0,0.0,0.0
26265,88.9,0.0,0.0,0.0,0.0
26266,96.8,0.0,0.0,0.0,0.0
26267,80.7,0.0,0.0,0.0,0.0
26268,105.3,0.0,0.0,0.0,0.0
26269,81.8,0.0,0.0,0.0,0.0
26270,82.2,0.0,0.0,0.0,0.0
26271,87.2,0.0,0.0,0.0,0.0
26272,89.6,0.0,0.0,0.0,0.0
26273,88.1,0.0,0.0,0.0,0.0
26274,76.0,0.0,0.0,0.0,0.0
26275,87.5,0.0,0.0,0.0,0.0
26276,60.2,0.0,0.0,0.0,0.0
26277,73.0,0.0,0.0,0.0,0.0
26278,93.9,0.0,0.0,0.0,0.0
26279,88.0,0.0,0.0,0.0,0.0
26280,41.2,0.0,0.0,0.0,0.0
26281,88.6,0.0,0.0,0.0,0.0
26282,75.1,0.0,0.0,0.0,0.0
26283,51.9,0.0,0.0,0.0,0.0
26284,53.3,0.0,0.0,0.0,0.0
26285,91.3,0.0,0.0,0.0,0.0
26286,77.7,0.0,0.0,0.0,0.0
26287,75.8,0.0,0.0,0.0,0.0
26288,61.9,0.0,0.0,0.0,0.0
26289,82.6,0.0,0.0,0.0,0.0
26290,72.9,0.0,0.0,0.0,0.0
26291,70.2,0.0,0.0,0.0,0.0
26292,78.5,0.0,0.0,0.0,0.0
26293,87.0,0.0,0.0,0.0,0.0
26294,104.4,0.0,0.0,0.0,0.0
26295,67.1,0.0,0.0,0.0,0.0
26296,114.3,0.0,0.0,0.0,0.0
26297,95.4,0.0,0.0,0.0,0.0
26298,89.6,0.0,0.0,0.0,0.0
26299,87.1,0.0,0.0,0.0,0.0
26300,82.1,0.0,0.0,0.0,0.0
26301,89.3,0.0,0.0,0.0,0.0
26302,56.3,0.0,0.0,0.0,0.0
26303,83.0,0.0,0.0,0.0,0.0
26304,80.7,0.0,0.0,0.0,0.0
26305,61.6,0.0,0.0,0.0,0.0
26306,80.9,0.0,0.0,0.0,0.0
26307,68.1,0.0,0.0,0.0,0.0
26308,78.6,0.0,0.0,0.0,0.0
26309,87.2,0.0,0.0,0.0,0.0
26310,107.3,0.0,0.0,0.0,0.0
26311,90.2,0.0,0.0,0.0,0.0
26312,88.1,0.0,0.0,0.0,0.0
26313,84.3,0.0,0.0,0.0,0.0
26314,87.5,0.0,0.0,0.0,0.0
26315,72.0,0.0,0.0,0.0,0.0
26316,70.5,0.0,0.0,0.0,0.0
26317,94.6,0.0,0.0,0.0,0.0
26318,98.7,0.0,0.0,0.0,0.0
26319,90.2,0.0,0.0,0.0,0.0
26320,93.5,0.0,0.0,0.0,0.0
26321,95.5,0.0,0.0,0.0,0.0
26322,85.1,0.0,0.0,0.0,0.0
26323,85.7,0.0,0.0,0.0,0.0
26324,92.7,0.0,0.0,0.0,0.0
26325,96.5,0.0,0.0,0.0,0.0
26326,81.2,0.0,0.0,0.0,0.0
26327,86.2,0.0,0.0,0.0,0.0
26328,88.9,0.0,0.0,0.0,0.0
26329,98.2,0.0,0.0,0.0,0.0
26330,76.8,0.0,0.0,0.0,0.0
26331,93.3,0.0,0.0,0.0,0.0
26332,85.2,0.0,0.0,0.0,0.0
26333,83.9,0.0,0.0,0.0,0.0
26334,90.4,0.0,0.0,0.0,0.0
26335,90.1,0.0,0.0,0.0,0.0
26336,82.6,0.0,0.0,0.0,0.0
26337,83.9,0.0,0.0,0.0,0.0
26338,92.1,0.0,0.0,0.0,0.0
26339,90.5,0.0,0.0,0.0,0.0
26340,89.7,0.0,0.0,0.0,0.0
26341,85.8,0.0,0.0,0.0,0.0
26342,87.3,0.0,0.0,0.0,0.0
26343,86.7,0.0,0.0,0.0,0.0
26344,85.8,0.0,0.0,0.0,0.0
26345,83.0,0.0,0.0,0.0,0.0
26346,97.9,0.0,0.0,0.0,0.0
26347,86.5,0.0,0.0,0.0,0.0
26348,81.8,0.0,0.0,0.0,0.0
26349,78.9,0.0,0.0,0.0,0.0
26350,80.9,0.0,0.0,0.0,0.0
26351,84.1,0.0,0.0,0.0,0.0
26352,72.5,0.0,0.0,0.0,0.0
26353,87.9,0.0,0.0,0.0,0.0
26354,84.6,0.0,0.0,0.0,0.0
26355,79.8,0.0,0.0,0.0,0.0
26356,90.9,0.0,0.0,0.0,0.0
26357,95.2,0.0,0.0,0.0,0.0
26358,83.2,0.0,0.0,0.0,0.0
26359,81.4,0.0,0.0,0.0,0.0
26360,92.6,0.0,0.0,0.0,0.0
26361,86.2,0.0,0.0,0.0,0.0
26362,93.3,0.0,0.0,0.0,0.0
26363,84.7,0.0,0.0,0.0,0.0
26364,80.4,0.0,0.0,0.0,0.0
26365,84.4,0.0,0.0,0.0,0.0
26366,86.7,0.0,0.0,0.0,0.0
26367,91.8,0.0,0.0,0.0,0.0
26368,87.6,0.0,0.0,0.0,0.0
26369,86.2,0.0,0.0,0.0,0.0
26370,96.0,0.0,0.0,0.0,0.0
26371,92.9,0.0,0.0,0.0,0.0
26372,92.6,0.0,0.0,0.0,0.0
26373,86.3,0.0,0.0,0.0,0.0
26374,87.0,0.0,0.0,0.0,0.0
26375,90.0,0.0,0.0,0.0,0.0
26376,104.9,0.0,0.0,0.0,0.0
26377,67.2,0.0,0.0,0.0,0.0
26378,85.6,0.0,0.0,0.0,0.0
26379,88.8,0.0,0.0,0.0,0.0
26380,85.8,0.0,0.0,0.0,0.0
26381,84.7,0.0,0.0,0.0,0.0
26382,91.2,0.0,0.0,0.0,0.0
26383,86.4,0.0,0.0,0.0,0.0
26384,75.5,0.0,0.0,0.0,0.0
26385,99.7,0.0,0.0,0.0,0.0
26386,80.1,0.0,0.0,0.0,0.0
26387,105.4,0.0,0.0,0.0,0.0
26388,92.1,0.0,0.0,0.0,0.0
26389,92.5,0.0,0.0,0.0,0.0
26390,92.8,0.0,0.0,0.0,0.0
26391,77.9,0.0,0.0,0.0,0.0
26392,78.2,0.0,0.0,0.0,0.0
26393,82.6,0.0,0.0,0.0,0.0
26394,85.4,0.0,0.0,0.0,0.0
26395,90.9,0.0,0.0,0.0,0.0
26396,95.3,0.0,0.0,0.0,0.0
26397,74.6,0.0,0.0,0.0,0.0
26398,80.6,0.0,0.0,0.0,0.0
26399,88.3,0.0,0.0,0.0,0.0
26400,74.6,0.0,0.0,0.0,0.0
26401,74.9,0.0,0.0,0.0,0.0
26402,82.7,0.0,0.0,0.0,0.0
26403,75.8,0.0,0.0,0.0,0.0
26404,94.4,0.0,0.0,0.0,0.0
26405,102.5,0.0,0.0,0.0,0.0
26406,89.9,0.0,0.0,0.0,0.0
26407,97.8,0.0,0.0,0.0,0.0
26408,90.2,0.0,0.0,0.0,0.0
26409,89.0,0.0,0.0,0.0,0.0
26410,82.8,0.0,0.0,0.0,0.0
26411,104.0,0.0,0.0,0.0,0.0
26412,69.0,0.0,0.0,0.0,0.0
26413,98.5,0.0,0.0,0.0,0.0
26414,100.0,0.0,0.0,0.0,0.0
26415,85.6,0.0,0.0,0.0,0.0
26416,77.2,0.0,0.0,0.0,0.0
26417,92.0,0.0,0.0,0.0,0.0
26418,90.1,0.0,0.0,0.0,0.0
26419,77.3,0.0,0.0,0.0,0.0
26420,87.2,0.0,0.0,0.0,0.0
26421,79.4,0.0,0.0,0.0,0.0
26422,81.7,0.0,0.0,0.0,0.0
26423,103.3,0.0,0.0,0.0,0.0
26424,93.9,0.0,0.0,0.0,0.0
26425,84.1,0.0,0.0,0.0,0.0
26426,88.9,0.0,0.0,0.0,0.0
26427,85.1,0.0,0.0,0.0,0.0
26428,91.7,0.0,0.0,0.0,0.0
26429,100.0,0.0,0.0,0.0,0.0
26430,81.5,0.0,0.0,0.0,0.0
26431,94.3,0.0,0.0,0.0,0.0
26432,97.6,0.0,0.0,0.0,0.0
26433,96.8,0.0,0.0,0.0,0.0
26434,98.8,0.0,0.0,0.0,0.0
26435,95.9,0.0,0.0,0.0,0.0
26436,89.3,0.0,0.0,0.0,0.0
26437,94.3,0.0,0.0,0.0,0.0
26438,80.4,0.0,0.0,0.0,0.0
26439,102.5,0.0,0.0,0.0,0.0
26440,89.2,0.0,0.0,0.0,0.0
26441,103.6,0.0,0.0,0.0,0.0
26442,114.6,0.0,0.0,0.0,0.0
26443,112.2,0.0,0.0,0.0,0.0
26444,80.5,0.0,0.0,0.0,0.0
26445,103.7,0.0,0.0,0.0,0.0
26446,90.5,0.0,0.0,0.0,0.0
26447,120.1,0.0,0.0,0.0,0.0
26448,84.8,0.0,0.0,0.0,0.0
26449,105.9,0.0,0.0,0.0,0.0
26450,96.9,0.0,0.0,0.0,0.0
26451,88.8,0.0,0.0,0.0,0.0
26452,92.5,0.0,0.0,0.0,0.0
26453,97.9,0.0,0.0,0.0,0.0
26454,102.2,0.0,0.0,0.0,0.0
26455,105.8,0.0,0.0,0.0,0.0
26456,93.8,0.0,0.0,0.0,0.0
26457,94.8,0.0,0.0,0.0,0.0
26458,95.6,0.0,0.0,0.0,0.0
26459,109.2,0.0,0.0,0.0,0.0
26460,102.4,0.0,0.0,0.0,0.0
26461,96.3,0.0,0.0,0.0,0.0
26462,72.1,0.0,0.0,0.0,0.0
26463,119.5,0.0,0.0,0.0,0.0
26464,104.1,0.0,0.0,0.0,0.0
26465,107.4,0.0,0.0,0.0,0.0
26466,85.2,0.0,0.0,0.0,0.0
26467,82.0,0.0,0.0,0.0,0.0
26468,99.5,0.0,0.0,0.0,0.0
26469,112.0,0.0,0.0,0.0,0.0
26470,109.8,0.0,0.0,0.0,0.0
26471,76.1,0.0,0.0,0.0,0.0
26472,127.7,0.0,0.0,0.0,0.0
26473,108.4,0.0,0.0,0.0,0.0
26474,108.0,0.0,0.0,0.0,0.0
26475,109.6,0.0,0.0,0.0,0.0
26476,105.1,0.0,0.0,0.0,0.0
26477,124.0,0.0,0.0,0.0,0.0
26478,125.3,0.0,0.0,0.0,0.0
26479,98.3,0.0,0.0,0.0,0.0
26480,108.1,0.0,0.0,0.0,0.0
26481,107.9,0.0,0.0,0.0,0.0
26482,101.7,0.0,0.0,0.0,0.0
26483,117.2,0.0,0.0,0.0,0.0
26484,111.4,0.0,0.0,0.0,0.0
26485,108.5,0.0,0.0,0.0,0.0
26486,99.3,0.0,0.0,0.0,0.0
26487,123.2,0.0,0.0,0.0,0.0
26488,111.7,0.0,0.0,0.0,0.0
26489,108.2,0.0,0.0,0.0,0.0
26490,111.6,0.0,0.0,0.0,0.0
26491,151.4,0.0,0.0,0.0,0.0
26492,124.3,0.0,0.0,0.0,0.0
26493,93.9,0.0,0.0,0.0,0.0
26494,126.8,0.0,0.0,0.0,0.0
26495,111.7,0.0,0.0,0.0,0.0
26496,111.4,0.0,0.0,0.0,0.0
26497,96.3,0.0,0.0,0.0,0.0
26498,112.6,0.0,0.0,0.0,0.0
26499,110.2,0.0,0.0,0.0,0.0
26500,113.8,0.0,0.0,0.0,0.0
26501,96.3,0.0,0.0,0.0,0.0
26502,106.1,0.0,0.0,0.0,0.0
26503,118.6,0.0,0.0,0.0,0.0
26504,107.6,0.0,0.0,0.0,0.0
26505,117.4,0.0,0.0,0.0,0.0
26506,103.6,0.0,0.0,0.0,0.0
26507,108.5,0.0,0.0,0.0,0.0
26508,109.6,0.0,0.0,0.0,0.0
26509,107.8,0.0,0.0,0.0,0.0
26510,107.0,0.0,0.0,0.0,0.0
26511,121.6,0.0,0.0,0.0,0.0
26512,114.9,0.0,0.0,0.0,0.0
26513,107.2,0.0,0.0,0.0,0.0
26514,110.6,0.0,0.0,0.0,0.0
26515,102.0,0.0,0.0,0.0,0.0
26516,109.9,0.0,0.0,0.0,0.0
26517,114.7,0.0,0.0,0.0,0.0
26518,116.1,0.0,0.0,0.0,0.0
26519,106.0,0.0,0.0,0.0,0.0
26520,110.8,0.0,0.0,0.0,0.0
26521,113.5,0.0,0.0,0.0,0.0
26522,114.5,0.0,0.0,0.0,0.0
26523,111.4,0.0,0.0,0.0,0.0
26524,103.7,0.0,0.0,0.0,0.0
26525,101.0,0.0,0.0,0.0,0.0
26526,114.8,0.0,0.0,0.0,0.0
26527,115.8,0.0,0.0,0.0,0.0
26528,109.4,0.0,0.0,0.0,0.0
26529,114.6,0.0,0.0,0.0,0.0
26530,105.2,0.0,0.0,0.0,0.0
26531,96.8,0.0,0.0,0.0,0.0
26532,120.7,0.0,0.0,0.0,0.0
26533,105.0,0.0,0.0,0.0,0.0
26534,100.0,0.0,0.0,0.0,0.0
26535,103.8,0.0,0.0,0.0,0.0
26536,112.8,0.0,0.0,0.0,0.0
26537,101.5,0.0,0.0,0.0,0.0
26538,97.0,0.0,0.0,0.0,0.0
26539,102.0,0.0,0.0,0.0,0.0
26540,101.7,0.0,0.0,0.0,0.0
26541,102.2,0.0,0.0,0.0,0.0
26542,116.1,0.0,0.0,0.0,0.0
26543,121.3,0.0,0.0,0.0,0.0
26544,107.3,0.0,0.0,0.0,0.0
26545,109.0,0.0,0.0,0.0,0.0
26546,115.6,0.0,0.0,0.0,0.0
26547,118.2,0.0,0.0,0.0,0.0
26548,86.5,0.0,0.0,0.0,0.0
26549,99.5,0.0,0.0,0.0,0.0
26550,113.7,0.0,0.0,0.0,0.0
26551,107.4,0.0,0.0,0.0,0.0
26552,122.6,0.0,0.0,0.0,0.0
26553,105.5,0.0,0.0,0.0,0.0
26554,91.4,0.0,0.0,0.0,0.0
26555,103.5,0.0,0.0,0.0,0.0
26556,108.7,0.0,0.0,0.0,0.0
26557,111.6,0.0,0.0,0.0,0.0
26558,113.4,0.0,0.0,0.0,0.0
26559,110.2,0.0,0.0,0.0,0.0
26560,107.4,0.0,0.0,0.0,0.0
26561,102.6,0.0,0.0,0.0,0.0
26562,110.5,0.0,0.0,0.0,0.0
26563,104.0,0.0,0.0,0.0,0.0
26564,100.7,0.0,0.0,0.0,0.0
26565,96.5,0.0,0.0,0.0,0.0
26566,99.7,0.0,0.0,0.0,0.0
26567,123.4,0.0,0.0,0.0,0.0
26568,112.5,0.0,0.0,0.0,0.0
26569,110.5,0.0,0.0,0.0,0.0
26570,108.9,0.0,0.0,0.0,0.0
26571,112.8,0.0,0.0,0.0,0.0
26572,122.7,0.0,0.0,0.0,0.0
26573,103.0,0.0,0.0,0.0,0.0
26574,106.7,0.0,0.0,0.0,0.0
26575,103.1,0.0,0.0,0.0,0.0
26576,117.8,0.0,0.0,0.0,0.0
26577,118.0,0.0,0.0,0.0,0.0
26578,106.7,0.0,0.0,0.0,0.0
26579,108.9,0.0,0.0,0.0,0.0
26580,105.8,0.0,0.0,0.0,0.0
26581,110.6,0.0,0.0,0.0,0.0
26582,105.1,0.0,0.0,0.0,0.0
26583,100.3,0.0,0.0,0.0,0.0
26584,100.1,0.0,0.0,0.0,0.0
26585,103.8,0.0,0.0,0.0,0.0
26586,97.4,0.0,0.0,0.0,0.0
26587,99.5,0.0,0.0,0.0,0.0
26588,93.9,0.0,0.0,0.0,0.0
26589,109.6,0.0,0.0,0.0,0.0
26590,105.3,0.0,0.0,0.0,0.0
26591,105.9,0.0,0.0,0.0,0.0
26592,107.2,0.0,0.0,0.0,0.0
26593,99.2,0.0,0.0,0.0,0.0
26594,107.6,0.0,0.0,0.0,0.0
26595,110.4,0.0,0.0,0.0,0.0
26596,96.4,0.0,0.0,0.0,0.0
26597,101.9,0.0,0.0,0.0,0.0
26598,99.2,0.0,0.0,0.0,0.0
26599,102.2,0.0,0.0,0.0,0.0
26600,106.0,0.0,0.0,0.0,0.0
26601,111.3,0.0,0.0,0.0,0.0
26602,111.3,0.0,0.0,0.0,0.0
26603,107.1,0.0,0.0,0.0,0.0
26604,105.0,0.0,0.0,0.0,0.0
26605,100.0,0.0,0.0,0.0,0.0
26606,115.5,0.0,0.0,0.0,0.0
26607,109.2,0.0,0.0,0.0,0.0
26608,106.3,0.0,0.0,0.0,0.0
26609,99.6,0.0,0.0,0.0,0.0
26610,110.1,0.0,0.0,0.0,0.0
26611,108.3,0.0,0.0,0.0,0.0
26612,104.2,0.0,0.0,0.0,0.0
26613,90.1,0.0,0.0,0.0,0.0
26614,88.8,0.0,0.0,0.0,0.0
26615,104.6,0.0,0.0,0.0,0.0
26616,95.3,0.0,0.0,0.0,0.0
26617,95.4,0.0,0.0,0.0,0.0
26618,89.3,0.0,0.0,0.0,0.0
26619,89.4,0.0,0.0,0.0,0.0
26620,81.3,0.0,0.0,0.0,0.0
26621,86.9,0.0,0.0,0.0,0.0
26622,87.3,0.0,0.0,0.0,0.0
26623,88.1,0.0,0.0,0.0,0.0
26624,90.1,0.0,0.0,0.0,0.0
26625,85.3,0.0,0.0,0.0,0.0
26626,87.7,0.0,0.0,0.0,0.0
26627,89.7,0.0,0.0,0.0,0.0
26628,89.1,0.0,0.0,0.0,0.0
26629,92.1,0.0,0.0,0.0,0.0
26630,76.1,0.0,0.0,0.0,0.0
26631,84.7,0.0,0.0,0.0,0.0
26632,82.6,0.0,0.0,0.0,0.0
26633,85.9,0.0,0.0,0.0,0.0
26634,81.4,0.0,0.0,0.0,0.0
26635,73.2,0.0,0.0,0.0,0.0
26636,85.6,0.0,0.0,0.0,0.0
26637,86.8,0.0,0.0,0.0,0.0
26638,86.7,0.0,0.0,0.0,0.0
26639,72.5,0.0,0.0,0.0,0.0
26640,79.6,0.0,0.0,0.0,0.0
26641,77.9,0.0,0.0,0.0,0.0
26642,83.4,0.0,0.0,0.0,0.0
26643,78.9,0.0,0.0,0.0,0.0
26644,76.4,0.0,0.0,0.0,0.0
26645,80.8,0.0,0.0,0.0,0.0
26646,76.6,0.0,0.0,0.0,0.0
26647,75.8,0.0,0.0,0.0,0.0
26648,76.9,0.0,0.0,0.0,0.0
26649,79.5,0.0,0.0,0.0,0.0
26650,82.4,0.0,0.0,0.0,0.0
26651,85.8,0.0,0.0,0.0,0.0
26652,73.8,0.0,0.0,0.0,0.0
26653,78.7,0.0,0.0,0.0,0.0
26654,80.3,0.0,0.0,0.0,0.0
26655,73.7,0.0,0.0,0.0,0.0
26656,79.1,0.0,0.0,0.0,0.0
26657,82.5,0.0,0.0,0.0,0.0
26658,71.2,0.0,0.0,0.0,0.0
26659,68.8,0.0,0.0,0.0,0.0
26660,69.6,0.0,0.0,0.0,0.0
26661,67.3,0.0,0.0,0.0,0.0
26662,76.8,0.0,0.0,0.0,0.0
26663,82.3,0.0,0.0,0.0,0.0
26664,78.0,0.0,0.0,0.0,0.0
26665,85.2,0.0,0.0,0.0,0.0
26666,83.1,0.0,0.0,0.0,0.0
26667,55.5,0.0,0.0,0.0,0.0
26668,33.8,0.0,0.0,0.0,0.0
26669,45.6,0.0,0.0,0.0,0.0
26670,30.9,0.0,0.0,0.0,0.0
26671,8.7,0.0,0.0,0.0,0.0
26672,14.2,0.0,0.0,0.0,0.0
26673,4.7,0.0,0.0,0.0,0.0
26674,30.1,0.0,0.0,0.0,0.0
26675,6.7,0.0,0.0,0.0,0.0
26676,34.6,0.0,0.0,0.0,0.0
26677,9.0,0.0,0.0,0.0,0.0
26678,20.8,0.0,0.0,0.0,0.0
26679,42.3,0.0,0.0,0.0,0.0
26680,45.3,0.0,0.0,0.0,0.0
26681,60.5,0.0,0.0,0.0,0.0
26682,33.2,0.0,0.0,0.0,0.0
26683,46.3,0.0,0.0,0.0,0.0
26684,49.9,0.0,0.0,0.0,0.0
26685,34.1,0.0,0.0,0.0,0.0
26686,33.6,0.0,0.0,0.0,0.0
26687,41.0,0.0,0.0,0.0,0.0
26688,37.8,0.0,0.0,0.0,0.0
26689,33.0,0.0,0.0,0.0,0.0
26690,36.6,0.0,0.0,0.0,0.0
26691,37.5,0.0,0.0,0.0,0.0
26692,42.7,0.0,0.0,0.0,0.0
26693,48.5,0.0,0.0,0.0,0.0
26694,60.9,0.0,0.0,0.0,0.0
26695,74.6,0.0,0.0,0.0,0.0
26696,72.9,0.0,0.0,0.0,0.0
26697,67.7,0.0,0.0,0.0,0.0
26698,74.1,0.0,0.0,0.0,0.0
26699,81.7,0.0,0.0,0.0,0.0
26700,77.8,0.0,0.0,0.0,0.0
26701,76.8,0.0,0.0,0.0,0.0
26702,75.3,0.0,0.0,0.0,0.0
26703,76.1,0.0,0.0,0.0,0.0
26704,75.2,0.0,0.0,0.0,0.0
26705,76.9,0.0,0.0,0.0,0.0
26706,83.8,0.0,0.0,0.0,0.0
26707,82.4,0.0,0.0,0.0,0.0
26708,79.1,0.0,0.0,0.0,0.0
26709,72.4,0.0,0.0,0.0,0.0
26710,80.1,0.0,0.0,0.0,0.0
26711,80.7,0.0,0.0,0.0,0.0
26712,85.5,0.0,0.0,0.0,0.0
26713,87.2,0.0,0.0,0.0,0.0
26714,77.3,0.0,0.0,0.0,0.0
26715,74.5,0.0,0.0,0.0,0.0
26716,73.2,0.0,0.0,0.0,0.0
26717,83.7,0.0,0.0,0.0,0.0
26718,66.5,0.0,0.0,0.0,0.0
26719,67.5,0.0,0.0,0.0,0.0
26720,85.9,0.0,0.0,0.0,0.0
26721,80.1,0.0,0.0,0.0,0.0
26722,74.5,0.0,0.0,0.0,0.0
26723,67.3,0.0,0.0,0.0,0.0
26724,63.9,0.0,0.0,0.0,0.0
26725,40.5,0.0,0.0,0.0,0.0
26726,66.8,0.0,0.0,0.0,0.0
26727,78.1,0.0,0.0,0.0,0.0
26728,71.8,0.0,0.0,0.0,0.0
26729,80.9,0.0,0.0,0.0,0.0
26730,70.7,0.0,0.0,0.0,0.0
26731,56.6,0.0,0.0,0.0,0.0
26732,17.7,0.0,0.0,0.0,0.0
26733,30.8,0.0,0.0,0.0,0.0
26734,51.8,0.0,0.0,0.0,0.0
26735,60.2,0.0,0.0,0.0,0.0
26736,9.1,0.0,0.0,0.0,0.0
26737,41.0,0.0,0.0,0.0,0.0
26738,46.5,0.0,0.0,0.0,0.0
26739,50.2,0.0,0.0,0.0,0.0
26740,61.6,0.0,0.0,0.0,0.0
26741,51.0,0.0,0.0,0.0,0.0
26742,27.7,0.0,0.0,0.0,0.0
26743,43.6,0.0,0.0,0.0,0.0
26744,26.9,0.0,0.0,0.0,0.0
26745,39.7,0.0,0.0,0.0,0.0
26746,63.5,0.0,0.0,0.0,0.0
26747,53.1,0.0,0.0,0.0,0.0
26748,66.4,0.0,0.0,0.0,0.0
26749,63.8,0.0,0.0,0.0,0.0
26750,70.4,0.0,0.0,0.0,0.0
26751,59.3,0.0,0.0,0.0,0.0
26752,59.2,0.0,0.0,0.0,0.0
26753,61.5,0.0,0.0,0.0,0.0
26754,52.7,0.0,0.0,0.0,0.0
26755,32.9,0.0,0.0,0.0,0.0
26756,31.4,0.0,0.0,0.0,0.0
26757,68.5,0.0,0.0,0.0,0.0
26758,72.0,0.0,0.0,0.0,0.0
26759,75.8,0.0,0.0,0.0,0.0
26760,74.0,0.0,0.0,0.0,0.0
26761,67.5,0.0,0.0,0.0,0.0
26762,35.7,0.0,0.0,0.0,0.0
26763,36.0,0.0,0.0,0.0,0.0
26764,57.6,0.0,0.0,0.0,0.0
26765,50.6,0.0,0.0,0.0,0.0
26766,52.9,0.0,0.0,0.0,0.0
26767,57.4,0.0,0.0,0.0,0.0
26768,62.3,0.0,0.0,0.0,0.0
26769,71.2,0.0,0.0,0.0,0.0
26770,66.2,0.0,0.0,0.0,0.0
26771,60.0,0.0,0.0,0.0,0.0
26772,64.3,0.0,0.0,0.0,0.0
26773,51.4,0.0,0.0,0.0,0.0
26774,91.3,0.0,0.0,0.0,0.0
26775,92.6,0.0,0.0,0.0,0.0
26776,101.1,0.0,0.0,0.0,0.0
26777,151.6,0.0,0.0,0.0,0.0
26778,181.8,0.0,0.0,0.0,0.0
26779,208.1,0.0,0.0,0.0,0.0
26780,168.7,0.0,0.0,0.0,0.0
26781,189.8,0.0,0.0,0.0,0.0
26782,194.3,0.0,0.0,0.0,0.0
26783,217.2,0.0,0.0,0.0,0.0
26784,237.3,0.0,0.0,0.0,0.0
26785,252.3,0.0,0.0,0.0,0.0
26786,223.2,0.0,0.0,0.0,0.0
26787,297.7,0.0,0.0,0.0,0.0
26788,297.6,0.0,0.0,0.0,0.0
26789,309.0,0.0,0.0,0.0,0.0
26790,300.1,0.0,0.0,0.0,0.0
26791,314.9,0.0,0.0,0.0,0.0
26792,300.6,0.0,0.0,0.0,0.0
26793,324.2,0.0,0.0,0.0,0.0
26794,284.9,0.0,0.0,0.0,0.0
26795,326.3,0.0,0.0,0.0,0.0
26796,298.2,0.0,0.0,0.0,0.0
26797,313.2,0.0,0.0,0.0,0.0
26798,323.5,0.0,0.0,0.0,0.0
26799,322.7,0.0,0.0,0.0,0.0
26800,295.3,0.0,0.0,0.0,0.0
26801,270.7,0.0,0.0,0.0,0.0
26802,296.1,0.0,0.0,0.0,0.0
26803,303.5,0.0,0.0,0.0,0.0
26804,294.2,0.0,0.0,0.0,0.0
26805,292.0,0.0,0.0,0.0,0.0
26806,265.6,0.0,0.0,0.0,0.0
26807,249.5,0.0,0.0,0.0,0.0
26808,264.0,0.0,0.0,0.0,0.0
26809,253.8,0.0,0.0,0.0,0.0
26810,268.9,0.0,0.0,0.0,0.0
26811,264.8,0.0,0.0,0.0,0.0
26812,248.0,0.0,0.0,0.0,0.0
26813,225.8,0.0,0.0,0.0,0.0
26814,229.1,0.0,0.0,0.0,0.0
26815,237.6,0.0,0.0,0.0,0.0
26816,238.2,0.0,0.0,0.0,0.0
26817,256.0,0.0,0.0,0.0,0.0
26818,233.5,0.0,0.0,0.0,0.0
26819,235.7,0.0,0.0,0.0,0.0
26820,220.3,0.0,0.0,0.0,0.0
26821,224.8,0.0,0.0,0.0,0.0
26822,211.3,0.0,0.0,0.0,0.0
26823,214.0,0.0,0.0,0.0,0.0
26824,200.4,0.0,0.0,0.0,0.0
26825,224.6,0.0,0.0,0.0,0.0
26826,224.5,0.0,0.0,0.0,0.0
26827,209.5,0.0,0.0,0.0,0.0
26828,222.4,0.0,0.0,0.0,0.0
26829,227.5,0.0,0.0,0.0,0.0
26830,259.4,0.0,0.0,0.0,0.0
26831,256.8,0.0,0.0,0.0,0.0
26832,221.4,0.0,0.0,0.0,0.0
26833,254.5,0.0,0.0,0.0,0.0
26834,249.7,0.0,0.0,0.0,0.0
26835,248.2,0.0,0.0,0.0,0.0
26836,218.8,0.0,0.0,0.0,0.0
26837,280.5,0.0,0.0,0.0,0.0
26838,261.1,0.0,0.0,0.0,0.0
26839,269.7,0.0,0.0,0.0,0.0
26840,266.7,0.0,0.0,0.0,0.0
26841,245.5,0.0,0.0,0.0,0.0
26842,241.2,0.0,0.0,0.0,0.0
26843,259.1,0.0,0.0,0.0,0.0
26844,251.8,0.0,0.0,0.0,0.0
26845,266.7,0.0,0.0,0.0,0.0
26846,266.9,0.0,0.0,0.0,0.0
26847,274.2,0.0,0.0,0.0,0.0
26848,270.8,0.0,0.0,0.0,0.0
26849,285.3,0.0,0.0,0.0,0.0
26850,275.5,0.0,0.0,0.0,0.0
26851,269.0,0.0,0.0,0.0,0.0
26852,270.0,0.0,0.0,0.0,0.0
26853,274.2,0.0,0.0,0.0,0.0
26854,281.4,0.0,0.0,0.0,0.0
26855,269.6,0.0,0.0,0.0,0.0
26856,269.4,0.0,0.0,0.0,0.0
26857,273.0,0.0,0.0,0.0,0.0
26858,309.6,0.0,0.0,0.0,0.0
26859,287.1,0.0,0.0,0.0,0.0
26860,287.3,0.0,0.0,0.0,0.0
26861,297.8,0.0,0.0,0.0,0.0
26862,295.7,0.0,0.0,0.0,0.0
26863,278.2,0.0,0.0,0.0,0.0
26864,293.5,0.0,0.0,0.0,0.0
26865,276.8,0.0,0.0,0.0,0.0
26866,284.8,0.0,0.0,0.0,0.0
26867,278.3,0.0,0.0,0.0,0.0
26868,287.9,0.0,0.0,0.0,0.0
26869,274.7,0.0,0.0,0.0,0.0
26870,284.3,0.0,0.0,0.0,0.0
26871,271.0,0.0,0.0,0.0,0.0
26872,282.8,0.0,0.0,0.0,0.0
26873,275.7,0.0,0.0,0.0,0.0
26874,288.8,0.0,0.0,0.0,0.0
26875,284.6,0.0,0.0,0.0,0.0
26876,278.6,0.0,0.0,0.0,0.0
26877,274.2,0.0,0.0,0.0,0.0
26878,277.7,0.0,0.0,0.0,0.0
26879,280.1,0.0,0.0,0.0,0.0
26880,279.2,0.0,0.0,0.0,0.0
26881,252.7,0.0,0.0,0.0,0.0
26882,274.6,0.0,0.0,0.0,0.0
26883,274.6,0.0,0.0,0.0,0.0
26884,279.7,0.0,0.0,0.0,0.0
26885,266.4,0.0,0.0,0.0,0.0
26886,272.1,0.0,0.0,0.0,0.0
26887,264.5,0.0,0.0,0.0,0.0
26888,272.4,0.0,0.0,0.0,0.0
26889,265.8,0.0,0.0,0.0,0.0
26890,260.4,0.0,0.0,0.0,0.0
26891,263.6,0.0,0.0,0.0,0.0
26892,254.0,0.0,0.0,0.0,0.0
26893,242.5,0.0,0.0,0.0,0.0
26894,237.6,0.0,0.0,0.0,0.0
26895,257.1,0.0,0.0,0.0,0.0
26896,256.4,0.0,0.0,0.0,0.0
26897,242.1,0.0,0.0,0.0,0.0
26898,233.2,0.0,0.0,0.0,0.0
26899,222.8,0.0,0.0,0.0,0.0
26900,230.9,0.0,0.0,0.0,0.0
26901,237.4,0.0,0.0,0.0,0.0
26902,223.6,0.0,0.0,0.0,0.0
26903,240.6,0.0,0.0,0.0,0.0
26904,236.0,0.0,0.0,0.0,0.0
26905,253.5,0.0,0.0,0.0,0.0
26906,221.6,0.0,0.0,0.0,0.0
26907,209.5,0.0,0.0,0.0,0.0
26908,204.3,0.0,0.0,0.0,0.0
26909,208.5,0.0,0.0,0.0,0.0
26910,202.3,0.0,0.0,0.0,0.0
26911,198.9,0.0,0.0,0.0,0.0
26912,201.9,0.0,0.0,0.0,0.0
26913,198.7,0.0,0.0,0.0,0.0
26914,195.5,0.0,0.0,0.0,0.0
26915,227.8,0.0,0.0,0.0,0.0
26916,183.6,0.0,0.0,0.0,0.0
26917,199.5,0.0,0.0,0.0,0.0
26918,195.7,0.0,0.0,0.0,0.0
26919,185.3,0.0,0.0,0.0,0.0
26920,186.2,0.0,0.0,0.0,0.0
26921,180.4,0.0,0.0,0.0,0.0
26922,189.7,0.0,0.0,0.0,0.0
26923,202.6,0.0,0.0,0.0,0.0
26924,181.4,0.0,0.0,0.0,0.0
26925,175.6,0.0,0.0,0.0,0.0
26926,188.6,0.0,0.0,0.0,0.0
26927,161.3,0.0,0.0,0.0,0.0
26928,163.7,0.0,0.0,0.0,0.0
26929,165.9,0.0,0.0,0.0,0.0
26930,154.4,0.0,0.0,0.0,0.0
26931,159.4,0.0,0.0,0.0,0.0
26932,161.8,0.0,0.0,0.0,0.0
26933,171.8,0.0,0.0,0.0,0.0
26934,179.3,0.0,0.0,0.0,0.0
26935,179.3,0.0,0.0,0.0,0.0
26936,174.2,0.0,0.0,0.0,0.0
26937,174.2,0.0,0.0,0.0,0.0
26938,157.3,0.0,0.0,0.0,0.0
26939,167.5,0.0,0.0,0.0,0.0
26940,171.0,0.0,0.0,0.0,0.0
26941,163.5,0.0,0.0,0.0,0.0
26942,174.7,0.0,0.0,0.0,0.0
26943,158.5,0.0,0.0,0.0,0.0
26944,164.2,0.0,0.0,0.0,0.0
26945,168.8,0.0,0.0,0.0,0.0
26946,211.7,0.0,0.0,0.0,0.0
26947,154.4,0.0,0.0,0.0,0.0
26948,174.9,0.0,0.0,0.0,0.0
26949,167.1,0.0,0.0,0.0,0.0
26950,158.6,0.0,0.0,0.0,0.0
26951,166.5,0.0,0.0,0.0,0.0
26952,146.1,0.0,0.0,0.0,0.0
26953,166.6,0.0,0.0,0.0,0.0
26954,165.7,0.0,0.0,0.0,0.0
26955,168.5,0.0,0.0,0.0,0.0
26956,177.1,0.0,0.0,0.0,0.0
26957,173.2,0.0,0.0,0.0,0.0
26958,176.1,0.0,0.0,0.0,0.0
26959,173.8,0.0,0.0,0.0,0.0
26960,163.2,0.0,0.0,0.0,0.0
26961,159.6,0.0,0.0,0.0,0.0
26962,162.9,0.0,0.0,0.0,0.0
26963,165.9,0.0,0.0,0.0,0.0
26964,169.1,0.0,0.0,0.0,0.0
26965,177.8,0.0,0.0,0.0,0.0
26966,171.0,0.0,0.0,0.0,0.0
26967,181.2,0.0,0.0,0.0,0.0
26968,153.7,0.0,0.0,0.0,0.0
26969,160.3,0.0,0.0,0.0,0.0
26970,142.0,0.0,0.0,0.0,0.0
26971,149.4,0.0,0.0,0.0,0.0
26972,131.7,0.0,0.0,0.0,0.0
26973,137.4,0.0,0.0,0.0,0.0
26974,123.7,0.0,0.0,0.0,0.0
26975,133.4,0.0,0.0,0.0,0.0
26976,126.6,0.0,0.0,0.0,0.0
26977,133.4,0.0,0.0,0.0,0.0
26978,136.0,0.0,0.0,0.0,0.0
26979,131.5,0.0,0.0,0.0,0.0
26980,132.3,0.0,0.0,0.0,0.0
26981,127.4,0.0,0.0,0.0,0.0
26982,141.4,0.0,0.0,0.0,0.0
26983,148.9,0.0,0.0,0.0,0.0
26984,146.8,0.0,0.0,0.0,0.0
26985,132.4,0.0,0.0,0.0,0.0
26986,147.8,0.0,0.0,0.0,0.0
26987,137.5,0.0,0.0,0.0,0.0
26988,137.5,0.0,0.0,0.0,0.0
26989,142.7,0.0,0.0,0.0,0.0
26990,141.5,0.0,0.0,0.0,0.0
26991,139.2,0.0,0.0,0.0,0.0
26992,155.6,0.0,0.0,0.0,0.0
26993,144.1,0.0,0.0,0.0,0.0
26994,138.3,0.0,0.0,0.0,0.0
26995,139.2,0.0,0.0,0.0,0.0
26996,136.7,0.0,0.0,0.0,0.0
26997,133.4,0.0,0.0,0.0,0.0
26998,144.3,0.0,0.0,0.0,0.0
26999,143.1,0.0,0.0,0.0,0.0
27000,143.2,0.0,0.0,0.0,0.0
27001,140.3,0.0,0.0,0.0,0.0
27002,144.1,0.0,0.0,0.0,0.0
27003,147.4,0.0,0.0,0.0,0.0
27004,135.6,0.0,0.0,0.0,0.0
27005,144.3,0.0,0.0,0.0,0.0
27006,148.3,0.0,0.0,0.0,0.0
27007,138.2,0.0,0.0,0.0,0.0
27008,138.5,0.0,0.0,0.0,0.0
27009,134.0,0.0,0.0,0.0,0.0
27010,142.3,0.0,0.0,0.0,0.0
27011,141.1,0.0,0.0,0.0,0.0
27012,144.3,0.0,0.0,0.0,0.0
27013,141.7,0.0,0.0,0.0,0.0
27014,144.9,0.0,0.0,0.0,0.0
27015,149.8,0.0,0.0,0.0,0.0
27016,133.5,0.0,0.0,0.0,0.0
27017,104.0,0.0,0.0,0.0,0.0
27018,133.0,0.0,0.0,0.0,0.0
27019,132.4,0.0,0.0,0.0,0.0
27020,124.9,0.0,0.0,0.0,0.0
27021,125.8,0.0,0.0,0.0,0.0
27022,146.0,0.0,0.0,0.0,0.0
27023,142.7,0.0,0.0,0.0,0.0
27024,125.5,0.0,0.0,0.0,0.0
27025,122.1,0.0,0.0,0.0,0.0
27026,87.8,0.0,0.0,0.0,0.0
27027,82.0,0.0,0.0,0.0,0.0
27028,108.2,0.0,0.0,0.0,0.0
27029,125.4,0.0,0.0,0.0,0.0
27030,131.5,0.0,0.0,0.0,0.0
27031,100.4,0.0,0.0,0.0,0.0
27032,94.4,0.0,0.0,0.0,0.0
27033,110.2,0.0,0.0,0.0,0.0
27034,116.8,0.0,0.0,0.0,0.0
27035,124.9,0.0,0.0,0.0,0.0
27036,128.1,0.0,0.0,0.0,0.0
27037,128.9,0.0,0.0,0.0,0.0
27038,146.7,0.0,0.0,0.0,0.0
27039,141.1,0.0,0.0,0.0,0.0
27040,145.3,0.0,0.0,0.0,0.0
27041,145.8,0.0,0.0,0.0,0.0
27042,136.8,0.0,0.0,0.0,0.0
27043,125.8,0.0,0.0,0.0,0.0
27044,135.5,0.0,0.0,0.0,0.0
27045,136.5,0.0,0.0,0.0,0.0
27046,125.8,0.0,0.0,0.0,0.0
27047,107.3,0.0,0.0,0.0,0.0
27048,85.0,0.0,0.0,0.0,0.0
27049,62.3,0.0,0.0,0.0,0.0
27050,47.8,0.0,0.0,0.0,0.0
27051,71.2,0.0,0.0,0.0,0.0
27052,69.3,0.0,0.0,0.0,0.0
27053,85.5,0.0,0.0,0.0,0.0
27054,76.5,0.0,0.0,0.0,0.0
27055,88.7,0.0,0.0,0.0,0.0
27056,89.4,0.0,0.0,0.0,0.0
27057,97.1,0.0,0.0,0.0,0.0
27058,172.0,0.0,0.0,0.0,0.0
27059,391.2,0.0,0.0,0.0,0.0
27060,380.2,0.0,0.0,0.0,0.0
27061,398.0,0.0,0.0,0.0,0.0
27062,403.8,0.0,0.0,0.0,0.0
27063,391.5,0.0,0.0,0.0,0.0
27064,384.3,0.0,0.0,0.0,0.0
27065,392.5,0.0,0.0,0.0,0.0
27066,403.7,0.0,0.0,0.0,0.0
27067,411.8,0.0,0.0,0.0,0.0
27068,383.9,0.0,0.0,0.0,0.0
27069,383.9,0.0,0.0,0.0,0.0
27070,386.5,0.0,0.0,0.0,0.0
27071,396.9,0.0,0.0,0.0,0.0
27072,397.2,0.0,0.0,0.0,0.0
27073,401.3,0.0,0.0,0.0,0.0
27074,412.8,0.0,0.0,0.0,0.0
27075,376.9,0.0,0.0,0.0,0.0
27076,387.5,0.0,0.0,0.0,0.0
27077,379.3,0.0,0.0,0.0,0.0
27078,365.3,0.0,0.0,0.0,0.0
27079,468.7,0.0,0.0,0.0,0.0
27080,687.9,0.0,0.0,0.0,0.0
27081,890.2,0.0,0.0,0.0,0.0
27082,983.9,0.0,0.0,0.0,0.0
27083,1039.4,0.0,0.0,0.0,0.0
27084,998.5,0.0,0.0,0.0,0.0
27085,1004.5,0.0,0.0,0.0,0.0
27086,886.8,0.0,0.0,0.0,0.0
27087,735.0,0.0,0.0,0.0,0.0
27088,604.5,0.0,0.0,0.0,0.0
27089,530.7,0.0,0.0,0.0,0.0
27090,454.4,0.0,0.0,0.0,0.0
27091,423.9,0.0,0.0,0.0,0.0
27092,417.8,0.0,0.0,0.0,0.0
27093,419.0,0.0,0.0,0.0,0.0
27094,398.8,0.0,0.0,0.0,0.0
27095,405.4,0.0,0.0,0.0,0.0
27096,389.3,0.0,0.0,0.0,0.0
27097,412.0,0.0,0.0,0.0,0.0
27098,410.4,0.0,0.0,0.0,0.0
27099,408.1,0.0,0.0,0.0,0.0
27100,391.1,0.0,0.0,0.0,0.0
27101,408.0,0.0,0.0,0.0,0.0
27102,344.2,0.0,0.0,0.0,0.0
27103,306.1,0.0,0.0,0.0,0.0
27104,271.7,0.0,0.0,0.0,0.0
27105,228.4,0.0,0.0,0.0,0.0
27106,188.8,0.0,0.0,0.0,0.0
27107,161.3,0.0,0.0,0.0,0.0
27108,147.5,0.0,0.0,0.0,0.0
27109,133.6,0.0,0.0,0.0,0.0
27110,154.0,0.0,0.0,0.0,0.0
27111,141.8,0.0,0.0,0.0,0.0
27112,125.0,0.0,0.0,0.0,0.0
27113,127.7,0.0,0.0,0.0,0.0
27114,105.1,0.0,0.0,0.0,0.0
27115,133.1,0.0,0.0,0.0,0.0
27116,89.7,0.0,0.0,0.0,0.0
27117,105.9,0.0,0.0,0.0,0.0
27118,116.3,0.0,0.0,0.0,0.0
27119,114.4,0.0,0.0,0.0,0.0
27120,110.8,0.0,0.0,0.0,0.0
27121,120.4,0.0,0.0,0.0,0.0
27122,120.4,0.0,0.0,0.0,0.0
27123,134.9,0.0,0.0,0.0,0.0
27124,119.1,0.0,0.0,0.0,0.0
27125,120.0,0.0,0.0,0.0,0.0
27126,121.0,0.0,0.0,0.0,0.0
27127,183.3,0.0,0.0,0.0,0.0
27128,176.5,0.0,0.0,0.0,0.0
27129,168.8,0.0,0.0,0.0,0.0
27130,176.4,0.0,0.0,0.0,0.0
27131,247.3,0.0,0.0,0.0,0.0
27132,242.3,0.0,0.0,0.0,0.0
27133,240.0,0.0,0.0,0.0,0.0
27134,224.5,0.0,0.0,0.0,0.0
27135,236.8,0.0,0.0,0.0,0.0
27136,245.1,0.0,0.0,0.0,0.0
27137,240.1,0.0,0.0,0.0,0.0
27138,247.8,0.0,0.0,0.0,0.0
27139,242.5,0.0,0.0,0.0,0.0
27140,239.7,0.0,0.0,0.0,0.0
27141,232.9,0.0,0.0,0.0,0.0
27142,332.5,0.0,0.0,0.0,0.0
27143,311.0,0.0,0.0,0.0,0.0
27144,345.3,0.0,0.0,0.0,0.0
27145,325.4,0.0,0.0,0.0,0.0
27146,296.6,0.0,0.0,0.0,0.0
27147,247.9,0.0,0.0,0.0,0.0
27148,213.5,0.0,0.0,0.0,0.0
27149,201.3,0.0,0.0,0.0,0.0
27150,172.7,0.0,0.0,0.0,0.0
27151,181.9,0.0,0.0,0.0,0.0
27152,175.9,0.0,0.0,0.0,0.0
27153,175.6,0.0,0.0,0.0,0.0
27154,160.9,0.0,0.0,0.0,0.0
27155,175.1,0.0,0.0,0.0,0.0
27156,316.1,0.0,0.0,0.0,0.0
27157,332.5,0.0,0.0,0.0,0.0
27158,327.3,0.0,0.0,0.0,0.0
27159,333.7,0.0,0.0,0.0,0.0
27160,299.1,0.0,0.0,0.0,0.0
27161,252.5,0.0,0.0,0.0,0.0
27162,225.8,0.0,0.0,0.0,0.0
27163,187.6,0.0,0.0,0.0,0.0
27164,158.8,0.0,0.0,0.0,0.0
27165,160.5,0.0,0.0,0.0,0.0
27166,187.4,0.0,0.0,0.0,0.0
27167,168.8,0.0,0.0,0.0,0.0
27168,171.4,0.0,0.0,0.0,0.0
27169,201.4,0.0,0.0,0.0,0.0
27170,340.2,0.0,0.0,0.0,0.0
27171,367.9,0.0,0.0,0.0,0.0
27172,359.9,0.0,0.0,0.0,0.0
27173,391.2,0.0,0.0,0.0,0.0
27174,283.4,0.0,0.0,0.0,0.0
27175,256.8,0.0,0.0,0.0,0.0
27176,271.8,0.0,0.0,0.0,0.0
27177,236.2,0.0,0.0,0.0,0.0
27178,223.5,0.0,0.0,0.0,0.0
27179,223.0,0.0,0.0,0.0,0.0
27180,246.4,0.0,0.0,0.0,0.0
27181,243.1,0.0,0.0,0.0,0.0
27182,220.3,0.0,0.0,0.0,0.0
27183,224.7,0.0,0.0,0.0,0.0
27184,223.9,0.0,0.0,0.0,0.0
27185,218.5,0.0,0.0,0.0,0.0
27186,200.5,0.0,0.0,0.0,0.0
27187,216.3,0.0,0.0,0.0,0.0
27188,212.1,0.0,0.0,0.0,0.0
27189,221.2,0.0,0.0,0.0,0.0
27190,228.8,0.0,0.0,0.0,0.0
27191,237.7,0.0,0.0,0.0,0.0
27192,233.9,0.0,0.0,0.0,0.0
27193,239.6,0.0,0.0,0.0,0.0
27194,244.5,0.0,0.0,0.0,0.0
27195,245.2,0.0,0.0,0.0,0.0
27196,218.2,0.0,0.0,0.0,0.0
27197,259.6,0.0,0.0,0.0,0.0
27198,240.8,0.0,0.0,0.0,0.0
27199,242.1,0.0,0.0,0.0,0.0
27200,249.3,0.0,0.0,0.0,0.0
27201,281.3,0.0,0.0,0.0,0.0
27202,274.9,0.0,0.0,0.0,0.0
27203,278.8,0.0,0.0,0.0,0.0
27204,253.8,0.0,0.0,0.0,0.0
27205,261.8,0.0,0.0,0.0,0.0
27206,313.3,0.0,0.0,0.0,0.0
27207,328.5,0.0,0.0,0.0,0.0
27208,341.5,0.0,0.0,0.0,0.0
27209,331.8,0.0,0.0,0.0,0.0
27210,321.5,0.0,0.0,0.0,0.0
27211,357.5,0.0,0.0,0.0,0.0
27212,358.6,0.0,0.0,0.0,0.0
27213,344.7,0.0,0.0,0.0,0.0
27214,344.1,0.0,0.0,0.0,0.0
27215,342.8,0.0,0.0,0.0,0.0
27216,353.6,0.0,0.0,0.0,0.0
27217,346.5,0.0,0.0,0.0,0.0
27218,338.3,0.0,0.0,0.0,0.0
27219,351.7,0.0,0.0,0.0,0.0
27220,358.2,0.0,0.0,0.0,0.0
27221,359.1,0.0,0.0,0.0,0.0
27222,345.7,0.0,0.0,0.0,0.0
27223,334.5,0.0,0.0,0.0,0.0
27224,337.8,0.0,0.0,0.0,0.0
27225,349.3,0.0,0.0,0.0,0.0
27226,339.8,0.0,0.0,0.0,0.0
27227,327.2,0.0,0.0,0.0,0.0
27228,334.5,0.0,0.0,0.0,0.0
27229,334.8,0.0,0.0,0.0,0.0
27230,319.0,0.0,0.0,0.0,0.0
27231,322.3,0.0,0.0,0.0,0.0
27232,328.7,0.0,0.0,0.0,0.0
27233,330.2,0.0,0.0,0.0,0.0
27234,344.9,0.0,0.0,0.0,0.0
27235,321.4,0.0,0.0,0.0,0.0
27236,312.9,0.0,0.0,0.0,0.0
27237,294.0,0.0,0.0,0.0,0.0
27238,309.1,0.0,0.0,0.0,0.0
27239,301.1,0.0,0.0,0.0,0.0
27240,315.5,0.0,0.0,0.0,0.0
27241,334.7,0.0,0.0,0.0,0.0
27242,334.2,0.0,0.0,0.0,0.0
27243,314.1,0.0,0.0,0.0,0.0
27244,346.7,0.0,0.0,0.0,0.0
27245,321.6,0.0,0.0,0.0,0.0
27246,304.5,0.0,0.0,0.0,0.0
27247,316.6,0.0,0.0,0.0,0.0
27248,311.4,0.0,0.0,0.0,0.0
27249,305.1,0.0,0.0,0.0,0.0
27250,300.0,0.0,0.0,0.0,0.0
27251,301.0,0.0,0.0,0.0,0.0
27252,296.1,0.0,0.0,0.0,0.0
27253,301.9,0.0,0.0,0.0,0.0
27254,294.4,0.0,0.0,0.0,0.0
27255,304.3,0.0,0.0,0.0,0.0
27256,301.1,0.0,0.0,0.0,0.0
27257,276.8,0.0,0.0,0.0,0.0
27258,296.1,0.0,0.0,0.0,0.0
27259,281.7,0.0,0.0,0.0,0.0
27260,291.3,0.0,0.0,0.0,0.0
27261,291.3,0.0,0.0,0.0,0.0
27262,279.5,0.0,0.0,0.0,0.0
27263,287.2,0.0,0.0,0.0,0.0
27264,272.0,0.0,0.0,0.0,0.0
27265,280.2,0.0,0.0,0.0,0.0
27266,270.0,0.0,0.0,0.0,0.0
27267,284.8,0.0,0.0,0.0,0.0
27268,256.8,0.0,0.0,0.0,0.0
27269,239.3,0.0,0.0,0.0,0.0
27270,235.9,0.0,0.0,0.0,0.0
