$2/1/1990-8/29/2024 SHA outflow (historical),,,,,
,,,,,
JDAY,QOUT,QOUT,QOUT,QOUT,QOUT
14642,74.19,0.0,0.0,0.0,0.0
14643,89.4,0.0,0.0,0.0,0.0
14644,82.15,0.0,0.0,0.0,0.0
14645,84.24,0.0,0.0,0.0,0.0
14646,87.22,0.0,0.0,0.0,0.0
14647,86.0,0.0,0.0,0.0,0.0
14648,76.37,0.0,0.0,0.0,0.0
14649,86.65,0.0,0.0,0.0,0.0
14650,85.46,0.0,0.0,0.0,0.0
14651,87.02,0.0,0.0,0.0,0.0
14652,85.46,0.0,0.0,0.0,0.0
14653,86.93,0.0,0.0,0.0,0.0
14654,86.39,0.0,0.0,0.0,0.0
14655,83.45,0.0,0.0,0.0,0.0
14656,71.36,0.0,0.0,0.0,0.0
14657,86.25,0.0,0.0,0.0,0.0
14658,88.24,0.0,0.0,0.0,0.0
14659,90.67,0.0,0.0,0.0,0.0
14660,90.78,0.0,0.0,0.0,0.0
14661,93.87,0.0,0.0,0.0,0.0
14662,88.46,0.0,0.0,0.0,0.0
14663,72.18,0.0,0.0,0.0,0.0
14664,71.64,0.0,0.0,0.0,0.0
14665,72.18,0.0,0.0,0.0,0.0
14666,72.86,0.0,0.0,0.0,0.0
14667,75.01,0.0,0.0,0.0,0.0
14668,77.33,0.0,0.0,0.0,0.0
14669,75.52,0.0,0.0,0.0,0.0
14670,76.65,0.0,0.0,0.0,0.0
14671,75.55,0.0,0.0,0.0,0.0
14672,37.69,0.0,0.0,0.0,0.0
14673,63.32,0.0,0.0,0.0,0.0
14674,74.95,0.0,0.0,0.0,0.0
14675,71.56,0.0,0.0,0.0,0.0
14676,71.5,0.0,0.0,0.0,0.0
14677,68.84,0.0,0.0,0.0,0.0
14678,72.18,0.0,0.0,0.0,0.0
14679,81.52,0.0,0.0,0.0,0.0
14680,68.58,0.0,0.0,0.0,0.0
14681,72.15,0.0,0.0,0.0,0.0
14682,66.77,0.0,0.0,0.0,0.0
14683,74.3,0.0,0.0,0.0,0.0
14684,70.82,0.0,0.0,0.0,0.0
14685,54.09,0.0,0.0,0.0,0.0
14686,70.74,0.0,0.0,0.0,0.0
14687,78.01,0.0,0.0,0.0,0.0
14688,67.2,0.0,0.0,0.0,0.0
14689,89.74,0.0,0.0,0.0,0.0
14690,84.92,0.0,0.0,0.0,0.0
14691,83.93,0.0,0.0,0.0,0.0
14692,104.09,0.0,0.0,0.0,0.0
14693,117.91,0.0,0.0,0.0,0.0
14694,112.39,0.0,0.0,0.0,0.0
14695,126.01,0.0,0.0,0.0,0.0
14696,131.7,0.0,0.0,0.0,0.0
14697,121.96,0.0,0.0,0.0,0.0
14698,128.22,0.0,0.0,0.0,0.0
14699,108.45,0.0,0.0,0.0,0.0
14700,144.87,0.0,0.0,0.0,0.0
14701,164.75,0.0,0.0,0.0,0.0
14702,164.75,0.0,0.0,0.0,0.0
14703,162.68,0.0,0.0,0.0,0.0
14704,158.86,0.0,0.0,0.0,0.0
14705,155.63,0.0,0.0,0.0,0.0
14706,152.12,0.0,0.0,0.0,0.0
14707,187.37,0.0,0.0,0.0,0.0
14708,187.37,0.0,0.0,0.0,0.0
14709,202.21,0.0,0.0,0.0,0.0
14710,196.41,0.0,0.0,0.0,0.0
14711,197.51,0.0,0.0,0.0,0.0
14712,224.75,0.0,0.0,0.0,0.0
14713,221.41,0.0,0.0,0.0,0.0
14714,240.21,0.0,0.0,0.0,0.0
14715,234.61,0.0,0.0,0.0,0.0
14716,236.93,0.0,0.0,0.0,0.0
14717,229.62,0.0,0.0,0.0,0.0
14718,243.98,0.0,0.0,0.0,0.0
14719,229.45,0.0,0.0,0.0,0.0
14720,245.76,0.0,0.0,0.0,0.0
14721,235.48,0.0,0.0,0.0,0.0
14722,256.58,0.0,0.0,0.0,0.0
14723,255.11,0.0,0.0,0.0,0.0
14724,257.8,0.0,0.0,0.0,0.0
14725,259.92,0.0,0.0,0.0,0.0
14726,257.32,0.0,0.0,0.0,0.0
14727,245.2,0.0,0.0,0.0,0.0
14728,253.97,0.0,0.0,0.0,0.0
14729,255.02,0.0,0.0,0.0,0.0
14730,257.99,0.0,0.0,0.0,0.0
14731,256.72,0.0,0.0,0.0,0.0
14732,253.72,0.0,0.0,0.0,0.0
14733,254.06,0.0,0.0,0.0,0.0
14734,274.73,0.0,0.0,0.0,0.0
14735,258.45,0.0,0.0,0.0,0.0
14736,275.18,0.0,0.0,0.0,0.0
14737,279.52,0.0,0.0,0.0,0.0
14738,285.55,0.0,0.0,0.0,0.0
14739,282.18,0.0,0.0,0.0,0.0
14740,271.42,0.0,0.0,0.0,0.0
14741,292.29,0.0,0.0,0.0,0.0
14742,290.87,0.0,0.0,0.0,0.0
14743,284.07,0.0,0.0,0.0,0.0
14744,288.18,0.0,0.0,0.0,0.0
14745,279.29,0.0,0.0,0.0,0.0
14746,289.37,0.0,0.0,0.0,0.0
14747,255.76,0.0,0.0,0.0,0.0
14748,232.68,0.0,0.0,0.0,0.0
14749,221.13,0.0,0.0,0.0,0.0
14750,280.0,0.0,0.0,0.0,0.0
14751,280.51,0.0,0.0,0.0,0.0
14752,255.56,0.0,0.0,0.0,0.0
14753,250.32,0.0,0.0,0.0,0.0
14754,227.19,0.0,0.0,0.0,0.0
14755,204.05,0.0,0.0,0.0,0.0
14756,196.94,0.0,0.0,0.0,0.0
14757,209.01,0.0,0.0,0.0,0.0
14758,121.17,0.0,0.0,0.0,0.0
14759,22.57,0.0,0.0,0.0,0.0
14760,34.83,0.0,0.0,0.0,0.0
14761,11.95,0.0,0.0,0.0,0.0
14762,72.83,0.0,0.0,0.0,0.0
14763,92.79,0.0,0.0,0.0,0.0
14764,109.56,0.0,0.0,0.0,0.0
14765,105.88,0.0,0.0,0.0,0.0
14766,109.02,0.0,0.0,0.0,0.0
14767,108.03,0.0,0.0,0.0,0.0
14768,121.99,0.0,0.0,0.0,0.0
14769,149.2,0.0,0.0,0.0,0.0
14770,175.85,0.0,0.0,0.0,0.0
14771,188.11,0.0,0.0,0.0,0.0
14772,203.23,0.0,0.0,0.0,0.0
14773,216.54,0.0,0.0,0.0,0.0
14774,236.19,0.0,0.0,0.0,0.0
14775,232.25,0.0,0.0,0.0,0.0
14776,226.48,0.0,0.0,0.0,0.0
14777,249.9,0.0,0.0,0.0,0.0
14778,211.7,0.0,0.0,0.0,0.0
14779,261.7,0.0,0.0,0.0,0.0
14780,286.31,0.0,0.0,0.0,0.0
14781,250.21,0.0,0.0,0.0,0.0
14782,297.47,0.0,0.0,0.0,0.0
14783,240.21,0.0,0.0,0.0,0.0
14784,240.21,0.0,0.0,0.0,0.0
14785,259.27,0.0,0.0,0.0,0.0
14786,259.27,0.0,0.0,0.0,0.0
14787,276.8,0.0,0.0,0.0,0.0
14788,261.93,0.0,0.0,0.0,0.0
14789,269.86,0.0,0.0,0.0,0.0
14790,263.97,0.0,0.0,0.0,0.0
14791,282.15,0.0,0.0,0.0,0.0
14792,277.19,0.0,0.0,0.0,0.0
14793,277.19,0.0,0.0,0.0,0.0
14794,246.84,0.0,0.0,0.0,0.0
14795,228.35,0.0,0.0,0.0,0.0
14796,228.35,0.0,0.0,0.0,0.0
14797,233.05,0.0,0.0,0.0,0.0
14798,198.27,0.0,0.0,0.0,0.0
14799,206.88,0.0,0.0,0.0,0.0
14800,196.94,0.0,0.0,0.0,0.0
14801,195.64,0.0,0.0,0.0,0.0
14802,194.08,0.0,0.0,0.0,0.0
14803,206.01,0.0,0.0,0.0,0.0
14804,240.35,0.0,0.0,0.0,0.0
14805,258.22,0.0,0.0,0.0,0.0
14806,274.16,0.0,0.0,0.0,0.0
14807,257.94,0.0,0.0,0.0,0.0
14808,181.79,0.0,0.0,0.0,0.0
14809,205.84,0.0,0.0,0.0,0.0
14810,199.07,0.0,0.0,0.0,0.0
14811,217.39,0.0,0.0,0.0,0.0
14812,206.15,0.0,0.0,0.0,0.0
14813,253.61,0.0,0.0,0.0,0.0
14814,245.88,0.0,0.0,0.0,0.0
14815,257.77,0.0,0.0,0.0,0.0
14816,256.49,0.0,0.0,0.0,0.0
14817,211.53,0.0,0.0,0.0,0.0
14818,211.1,0.0,0.0,0.0,0.0
14819,179.05,0.0,0.0,0.0,0.0
14820,215.89,0.0,0.0,0.0,0.0
14821,195.07,0.0,0.0,0.0,0.0
14822,232.0,0.0,0.0,0.0,0.0
14823,219.37,0.0,0.0,0.0,0.0
14824,238.26,0.0,0.0,0.0,0.0
14825,233.05,0.0,0.0,0.0,0.0
14826,259.21,0.0,0.0,0.0,0.0
14827,251.88,0.0,0.0,0.0,0.0
14828,238.82,0.0,0.0,0.0,0.0
14829,252.93,0.0,0.0,0.0,0.0
14830,267.2,0.0,0.0,0.0,0.0
14831,258.7,0.0,0.0,0.0,0.0
14832,271.05,0.0,0.0,0.0,0.0
14833,254.0,0.0,0.0,0.0,0.0
14834,268.33,0.0,0.0,0.0,0.0
14835,260.88,0.0,0.0,0.0,0.0
14836,265.07,0.0,0.0,0.0,0.0
14837,254.0,0.0,0.0,0.0,0.0
14838,303.7,0.0,0.0,0.0,0.0
14839,270.65,0.0,0.0,0.0,0.0
14840,253.41,0.0,0.0,0.0,0.0
14841,286.37,0.0,0.0,0.0,0.0
14842,287.16,0.0,0.0,0.0,0.0
14843,285.72,0.0,0.0,0.0,0.0
14844,269.75,0.0,0.0,0.0,0.0
14845,284.05,0.0,0.0,0.0,0.0
14846,273.54,0.0,0.0,0.0,0.0
14847,258.31,0.0,0.0,0.0,0.0
14848,242.45,0.0,0.0,0.0,0.0
14849,250.49,0.0,0.0,0.0,0.0
14850,240.52,0.0,0.0,0.0,0.0
14851,236.05,0.0,0.0,0.0,0.0
14852,227.27,0.0,0.0,0.0,0.0
14853,217.93,0.0,0.0,0.0,0.0
14854,209.88,0.0,0.0,0.0,0.0
14855,178.74,0.0,0.0,0.0,0.0
14856,176.47,0.0,0.0,0.0,0.0
14857,185.14,0.0,0.0,0.0,0.0
14858,187.43,0.0,0.0,0.0,0.0
14859,150.79,0.0,0.0,0.0,0.0
14860,148.69,0.0,0.0,0.0,0.0
14861,133.17,0.0,0.0,0.0,0.0
14862,133.17,0.0,0.0,0.0,0.0
14863,131.62,0.0,0.0,0.0,0.0
14864,128.76,0.0,0.0,0.0,0.0
14865,119.1,0.0,0.0,0.0,0.0
14866,144.59,0.0,0.0,0.0,0.0
14867,109.13,0.0,0.0,0.0,0.0
14868,94.15,0.0,0.0,0.0,0.0
14869,97.81,0.0,0.0,0.0,0.0
14870,97.81,0.0,0.0,0.0,0.0
14871,98.0,0.0,0.0,0.0,0.0
14872,99.51,0.0,0.0,0.0,0.0
14873,129.07,0.0,0.0,0.0,0.0
14874,124.11,0.0,0.0,0.0,0.0
14875,82.86,0.0,0.0,0.0,0.0
14876,74.7,0.0,0.0,0.0,0.0
14877,76.37,0.0,0.0,0.0,0.0
14878,76.65,0.0,0.0,0.0,0.0
14879,87.19,0.0,0.0,0.0,0.0
14880,74.33,0.0,0.0,0.0,0.0
14881,75.18,0.0,0.0,0.0,0.0
14882,66.54,0.0,0.0,0.0,0.0
14883,49.07,0.0,0.0,0.0,0.0
14884,49.53,0.0,0.0,0.0,0.0
14885,52.87,0.0,0.0,0.0,0.0
14886,57.37,0.0,0.0,0.0,0.0
14887,64.73,0.0,0.0,0.0,0.0
14888,70.93,0.0,0.0,0.0,0.0
14889,74.59,0.0,0.0,0.0,0.0
14890,78.89,0.0,0.0,0.0,0.0
14891,86.48,0.0,0.0,0.0,0.0
14892,84.04,0.0,0.0,0.0,0.0
14893,82.06,0.0,0.0,0.0,0.0
14894,95.14,0.0,0.0,0.0,0.0
14895,94.47,0.0,0.0,0.0,0.0
14896,107.18,0.0,0.0,0.0,0.0
14897,106.33,0.0,0.0,0.0,0.0
14898,105.17,0.0,0.0,0.0,0.0
14899,48.93,0.0,0.0,0.0,0.0
14900,50.23,0.0,0.0,0.0,0.0
14901,41.54,0.0,0.0,0.0,0.0
14902,39.22,0.0,0.0,0.0,0.0
14903,57.91,0.0,0.0,0.0,0.0
14904,63.97,0.0,0.0,0.0,0.0
14905,62.95,0.0,0.0,0.0,0.0
14906,62.86,0.0,0.0,0.0,0.0
14907,61.42,0.0,0.0,0.0,0.0
14908,64.36,0.0,0.0,0.0,0.0
14909,62.18,0.0,0.0,0.0,0.0
14910,62.41,0.0,0.0,0.0,0.0
14911,66.4,0.0,0.0,0.0,0.0
14912,62.92,0.0,0.0,0.0,0.0
14913,63.26,0.0,0.0,0.0,0.0
14914,62.21,0.0,0.0,0.0,0.0
14915,62.44,0.0,0.0,0.0,0.0
14916,77.3,0.0,0.0,0.0,0.0
14917,92.82,0.0,0.0,0.0,0.0
14918,103.92,0.0,0.0,0.0,0.0
14919,86.62,0.0,0.0,0.0,0.0
14920,85.35,0.0,0.0,0.0,0.0
14921,92.34,0.0,0.0,0.0,0.0
14922,79.15,0.0,0.0,0.0,0.0
14923,79.15,0.0,0.0,0.0,0.0
14924,79.15,0.0,0.0,0.0,0.0
14925,79.15,0.0,0.0,0.0,0.0
14926,67.25,0.0,0.0,0.0,0.0
14927,84.72,0.0,0.0,0.0,0.0
14928,93.02,0.0,0.0,0.0,0.0
14929,111.99,0.0,0.0,0.0,0.0
14930,111.99,0.0,0.0,0.0,0.0
14931,111.99,0.0,0.0,0.0,0.0
14932,89.96,0.0,0.0,0.0,0.0
14933,74.22,0.0,0.0,0.0,0.0
14934,103.72,0.0,0.0,0.0,0.0
14935,103.72,0.0,0.0,0.0,0.0
14936,103.72,0.0,0.0,0.0,0.0
14937,103.72,0.0,0.0,0.0,0.0
14938,103.72,0.0,0.0,0.0,0.0
14939,105.85,0.0,0.0,0.0,0.0
14940,103.27,0.0,0.0,0.0,0.0
14941,104.94,0.0,0.0,0.0,0.0
14942,105.96,0.0,0.0,0.0,0.0
14943,107.21,0.0,0.0,0.0,0.0
14944,107.21,0.0,0.0,0.0,0.0
14945,107.21,0.0,0.0,0.0,0.0
14946,94.97,0.0,0.0,0.0,0.0
14947,102.99,0.0,0.0,0.0,0.0
14948,102.08,0.0,0.0,0.0,0.0
14949,102.56,0.0,0.0,0.0,0.0
14950,104.6,0.0,0.0,0.0,0.0
14951,104.6,0.0,0.0,0.0,0.0
14952,104.6,0.0,0.0,0.0,0.0
14953,102.31,0.0,0.0,0.0,0.0
14954,104.55,0.0,0.0,0.0,0.0
14955,107.29,0.0,0.0,0.0,0.0
14956,107.29,0.0,0.0,0.0,0.0
14957,107.29,0.0,0.0,0.0,0.0
14958,107.29,0.0,0.0,0.0,0.0
14959,107.29,0.0,0.0,0.0,0.0
14960,91.24,0.0,0.0,0.0,0.0
14961,97.86,0.0,0.0,0.0,0.0
14962,96.84,0.0,0.0,0.0,0.0
14963,99.28,0.0,0.0,0.0,0.0
14964,127.51,0.0,0.0,0.0,0.0
14965,127.51,0.0,0.0,0.0,0.0
14966,127.51,0.0,0.0,0.0,0.0
14967,127.51,0.0,0.0,0.0,0.0
14968,127.51,0.0,0.0,0.0,0.0
14969,117.85,0.0,0.0,0.0,0.0
14970,117.71,0.0,0.0,0.0,0.0
14971,132.89,0.0,0.0,0.0,0.0
14972,132.89,0.0,0.0,0.0,0.0
14973,132.89,0.0,0.0,0.0,0.0
14974,132.89,0.0,0.0,0.0,0.0
14975,132.89,0.0,0.0,0.0,0.0
14976,125.84,0.0,0.0,0.0,0.0
14977,118.48,0.0,0.0,0.0,0.0
14978,125.56,0.0,0.0,0.0,0.0
14979,125.56,0.0,0.0,0.0,0.0
14980,125.56,0.0,0.0,0.0,0.0
14981,121.76,0.0,0.0,0.0,0.0
14982,125.64,0.0,0.0,0.0,0.0
14983,122.39,0.0,0.0,0.0,0.0
14984,125.16,0.0,0.0,0.0,0.0
14985,120.94,0.0,0.0,0.0,0.0
14986,120.94,0.0,0.0,0.0,0.0
14987,120.94,0.0,0.0,0.0,0.0
14988,120.94,0.0,0.0,0.0,0.0
14989,118.87,0.0,0.0,0.0,0.0
14990,119.84,0.0,0.0,0.0,0.0
14991,118.73,0.0,0.0,0.0,0.0
14992,116.84,0.0,0.0,0.0,0.0
14993,116.84,0.0,0.0,0.0,0.0
14994,116.84,0.0,0.0,0.0,0.0
14995,116.84,0.0,0.0,0.0,0.0
14996,125.36,0.0,0.0,0.0,0.0
14997,127.48,0.0,0.0,0.0,0.0
14998,111.0,0.0,0.0,0.0,0.0
14999,104.97,0.0,0.0,0.0,0.0
15000,104.97,0.0,0.0,0.0,0.0
15001,104.97,0.0,0.0,0.0,0.0
15002,121.93,0.0,0.0,0.0,0.0
15003,118.53,0.0,0.0,0.0,0.0
15004,134.28,0.0,0.0,0.0,0.0
15005,133.49,0.0,0.0,0.0,0.0
15006,144.44,0.0,0.0,0.0,0.0
15007,144.44,0.0,0.0,0.0,0.0
15008,144.44,0.0,0.0,0.0,0.0
15009,141.56,0.0,0.0,0.0,0.0
15010,147.64,0.0,0.0,0.0,0.0
15011,121.9,0.0,0.0,0.0,0.0
15012,95.34,0.0,0.0,0.0,0.0
15013,94.15,0.0,0.0,0.0,0.0
15014,94.15,0.0,0.0,0.0,0.0
15015,94.15,0.0,0.0,0.0,0.0
15016,86.54,0.0,0.0,0.0,0.0
15017,86.54,0.0,0.0,0.0,0.0
15018,86.54,0.0,0.0,0.0,0.0
15019,114.0,0.0,0.0,0.0,0.0
15020,106.67,0.0,0.0,0.0,0.0
15021,106.67,0.0,0.0,0.0,0.0
15022,106.67,0.0,0.0,0.0,0.0
15023,106.67,0.0,0.0,0.0,0.0
15024,117.77,0.0,0.0,0.0,0.0
15025,121.82,0.0,0.0,0.0,0.0
15026,117.18,0.0,0.0,0.0,0.0
15027,115.39,0.0,0.0,0.0,0.0
15028,115.39,0.0,0.0,0.0,0.0
15029,115.39,0.0,0.0,0.0,0.0
15030,124.14,0.0,0.0,0.0,0.0
15031,126.01,0.0,0.0,0.0,0.0
15032,132.27,0.0,0.0,0.0,0.0
15033,132.27,0.0,0.0,0.0,0.0
15034,148.32,0.0,0.0,0.0,0.0
15035,148.32,0.0,0.0,0.0,0.0
15036,106.22,0.0,0.0,0.0,0.0
15037,95.12,0.0,0.0,0.0,0.0
15038,48.08,0.0,0.0,0.0,0.0
15039,45.7,0.0,0.0,0.0,0.0
15040,56.83,0.0,0.0,0.0,0.0
15041,59.55,0.0,0.0,0.0,0.0
15042,59.55,0.0,0.0,0.0,0.0
15043,59.55,0.0,0.0,0.0,0.0
15044,70.2,0.0,0.0,0.0,0.0
15045,66.83,0.0,0.0,0.0,0.0
15046,67.03,0.0,0.0,0.0,0.0
15047,65.44,0.0,0.0,0.0,0.0
15048,61.87,0.0,0.0,0.0,0.0
15049,61.87,0.0,0.0,0.0,0.0
15050,61.87,0.0,0.0,0.0,0.0
15051,71.25,0.0,0.0,0.0,0.0
15052,61.11,0.0,0.0,0.0,0.0
15053,48.31,0.0,0.0,0.0,0.0
15054,60.37,0.0,0.0,0.0,0.0
15055,54.34,0.0,0.0,0.0,0.0
15056,22.43,0.0,0.0,0.0,0.0
15057,38.6,0.0,0.0,0.0,0.0
15058,8.1,0.0,0.0,0.0,0.0
15059,4.11,0.0,0.0,0.0,0.0
15060,57.37,0.0,0.0,0.0,0.0
15061,64.76,0.0,0.0,0.0,0.0
15062,63.4,0.0,0.0,0.0,0.0
15063,63.4,0.0,0.0,0.0,0.0
15064,63.4,0.0,0.0,0.0,0.0
15065,51.93,0.0,0.0,0.0,0.0
15066,52.3,0.0,0.0,0.0,0.0
15067,64.56,0.0,0.0,0.0,0.0
15068,60.4,0.0,0.0,0.0,0.0
15069,66.83,0.0,0.0,0.0,0.0
15070,66.83,0.0,0.0,0.0,0.0
15071,66.83,0.0,0.0,0.0,0.0
15072,65.13,0.0,0.0,0.0,0.0
15073,65.13,0.0,0.0,0.0,0.0
15074,64.51,0.0,0.0,0.0,0.0
15075,66.12,0.0,0.0,0.0,0.0
15076,66.12,0.0,0.0,0.0,0.0
15077,70.96,0.0,0.0,0.0,0.0
15078,70.96,0.0,0.0,0.0,0.0
15079,70.93,0.0,0.0,0.0,0.0
15080,70.93,0.0,0.0,0.0,0.0
15081,70.54,0.0,0.0,0.0,0.0
15082,71.53,0.0,0.0,0.0,0.0
15083,72.97,0.0,0.0,0.0,0.0
15084,69.66,0.0,0.0,0.0,0.0
15085,69.66,0.0,0.0,0.0,0.0
15086,93.36,0.0,0.0,0.0,0.0
15087,93.36,0.0,0.0,0.0,0.0
15088,88.15,0.0,0.0,0.0,0.0
15089,59.75,0.0,0.0,0.0,0.0
15090,87.87,0.0,0.0,0.0,0.0
15091,99.11,0.0,0.0,0.0,0.0
15092,99.11,0.0,0.0,0.0,0.0
15093,139.77,0.0,0.0,0.0,0.0
15094,139.77,0.0,0.0,0.0,0.0
15095,143.96,0.0,0.0,0.0,0.0
15096,163.98,0.0,0.0,0.0,0.0
15097,176.02,0.0,0.0,0.0,0.0
15098,232.08,0.0,0.0,0.0,0.0
15099,232.08,0.0,0.0,0.0,0.0
15100,237.44,0.0,0.0,0.0,0.0
15101,237.44,0.0,0.0,0.0,0.0
15102,229.88,0.0,0.0,0.0,0.0
15103,224.95,0.0,0.0,0.0,0.0
15104,218.66,0.0,0.0,0.0,0.0
15105,208.81,0.0,0.0,0.0,0.0
15106,208.81,0.0,0.0,0.0,0.0
15107,225.49,0.0,0.0,0.0,0.0
15108,225.49,0.0,0.0,0.0,0.0
15109,224.75,0.0,0.0,0.0,0.0
15110,215.72,0.0,0.0,0.0,0.0
15111,199.35,0.0,0.0,0.0,0.0
15112,202.27,0.0,0.0,0.0,0.0
15113,202.27,0.0,0.0,0.0,0.0
15114,183.49,0.0,0.0,0.0,0.0
15115,183.49,0.0,0.0,0.0,0.0
15116,176.98,0.0,0.0,0.0,0.0
15117,177.38,0.0,0.0,0.0,0.0
15118,182.67,0.0,0.0,0.0,0.0
15119,177.91,0.0,0.0,0.0,0.0
15120,177.91,0.0,0.0,0.0,0.0
15121,177.91,0.0,0.0,0.0,0.0
15122,205.44,0.0,0.0,0.0,0.0
15123,205.44,0.0,0.0,0.0,0.0
15124,213.48,0.0,0.0,0.0,0.0
15125,240.3,0.0,0.0,0.0,0.0
15126,215.6,0.0,0.0,0.0,0.0
15127,215.6,0.0,0.0,0.0,0.0
15128,200.99,0.0,0.0,0.0,0.0
15129,200.99,0.0,0.0,0.0,0.0
15130,206.17,0.0,0.0,0.0,0.0
15131,217.56,0.0,0.0,0.0,0.0
15132,195.92,0.0,0.0,0.0,0.0
15133,213.2,0.0,0.0,0.0,0.0
15134,226.7,0.0,0.0,0.0,0.0
15135,214.33,0.0,0.0,0.0,0.0
15136,214.33,0.0,0.0,0.0,0.0
15137,233.56,0.0,0.0,0.0,0.0
15138,226.73,0.0,0.0,0.0,0.0
15139,227.19,0.0,0.0,0.0,0.0
15140,228.23,0.0,0.0,0.0,0.0
15141,228.23,0.0,0.0,0.0,0.0
15142,211.13,0.0,0.0,0.0,0.0
15143,211.13,0.0,0.0,0.0,0.0
15144,211.39,0.0,0.0,0.0,0.0
15145,214.42,0.0,0.0,0.0,0.0
15146,238.68,0.0,0.0,0.0,0.0
15147,196.15,0.0,0.0,0.0,0.0
15148,239.53,0.0,0.0,0.0,0.0
15149,226.7,0.0,0.0,0.0,0.0
15150,247.43,0.0,0.0,0.0,0.0
15151,222.49,0.0,0.0,0.0,0.0
15152,218.38,0.0,0.0,0.0,0.0
15153,207.7,0.0,0.0,0.0,0.0
15154,199.15,0.0,0.0,0.0,0.0
15155,212.52,0.0,0.0,0.0,0.0
15156,201.33,0.0,0.0,0.0,0.0
15157,210.59,0.0,0.0,0.0,0.0
15158,245.82,0.0,0.0,0.0,0.0
15159,211.58,0.0,0.0,0.0,0.0
15160,207.62,0.0,0.0,0.0,0.0
15161,207.62,0.0,0.0,0.0,0.0
15162,205.27,0.0,0.0,0.0,0.0
15163,209.37,0.0,0.0,0.0,0.0
15164,209.37,0.0,0.0,0.0,0.0
15165,213.42,0.0,0.0,0.0,0.0
15166,224.18,0.0,0.0,0.0,0.0
15167,221.58,0.0,0.0,0.0,0.0
15168,209.15,0.0,0.0,0.0,0.0
15169,220.64,0.0,0.0,0.0,0.0
15170,215.38,0.0,0.0,0.0,0.0
15171,228.94,0.0,0.0,0.0,0.0
15172,219.99,0.0,0.0,0.0,0.0
15173,215.29,0.0,0.0,0.0,0.0
15174,215.75,0.0,0.0,0.0,0.0
15175,210.85,0.0,0.0,0.0,0.0
15176,210.85,0.0,0.0,0.0,0.0
15177,240.64,0.0,0.0,0.0,0.0
15178,240.64,0.0,0.0,0.0,0.0
15179,212.91,0.0,0.0,0.0,0.0
15180,216.37,0.0,0.0,0.0,0.0
15181,218.32,0.0,0.0,0.0,0.0
15182,223.39,0.0,0.0,0.0,0.0
15183,211.61,0.0,0.0,0.0,0.0
15184,203.65,0.0,0.0,0.0,0.0
15185,205.61,0.0,0.0,0.0,0.0
15186,227.87,0.0,0.0,0.0,0.0
15187,216.48,0.0,0.0,0.0,0.0
15188,236.42,0.0,0.0,0.0,0.0
15189,204.9,0.0,0.0,0.0,0.0
15190,198.3,0.0,0.0,0.0,0.0
15191,214.73,0.0,0.0,0.0,0.0
15192,211.3,0.0,0.0,0.0,0.0
15193,209.4,0.0,0.0,0.0,0.0
15194,224.13,0.0,0.0,0.0,0.0
15195,215.01,0.0,0.0,0.0,0.0
15196,226.73,0.0,0.0,0.0,0.0
15197,203.77,0.0,0.0,0.0,0.0
15198,205.35,0.0,0.0,0.0,0.0
15199,216.28,0.0,0.0,0.0,0.0
15200,207.19,0.0,0.0,0.0,0.0
15201,190.83,0.0,0.0,0.0,0.0
15202,182.28,0.0,0.0,0.0,0.0
15203,172.22,0.0,0.0,0.0,0.0
15204,162.17,0.0,0.0,0.0,0.0
15205,155.52,0.0,0.0,0.0,0.0
15206,155.26,0.0,0.0,0.0,0.0
15207,151.67,0.0,0.0,0.0,0.0
15208,149.8,0.0,0.0,0.0,0.0
15209,146.51,0.0,0.0,0.0,0.0
15210,144.56,0.0,0.0,0.0,0.0
15211,143.2,0.0,0.0,0.0,0.0
15212,133.29,0.0,0.0,0.0,0.0
15213,136.46,0.0,0.0,0.0,0.0
15214,149.99,0.0,0.0,0.0,0.0
15215,129.58,0.0,0.0,0.0,0.0
15216,118.22,0.0,0.0,0.0,0.0
15217,120.35,0.0,0.0,0.0,0.0
15218,115.76,0.0,0.0,0.0,0.0
15219,119.89,0.0,0.0,0.0,0.0
15220,107.12,0.0,0.0,0.0,0.0
15221,100.64,0.0,0.0,0.0,0.0
15222,100.86,0.0,0.0,0.0,0.0
15223,85.66,0.0,0.0,0.0,0.0
15224,59.3,0.0,0.0,0.0,0.0
15225,75.27,0.0,0.0,0.0,0.0
15226,89.91,0.0,0.0,0.0,0.0
15227,46.61,0.0,0.0,0.0,0.0
15228,92.17,0.0,0.0,0.0,0.0
15229,50.29,0.0,0.0,0.0,0.0
15230,88.6,0.0,0.0,0.0,0.0
15231,84.75,0.0,0.0,0.0,0.0
15232,72.58,0.0,0.0,0.0,0.0
15233,70.91,0.0,0.0,0.0,0.0
15234,75.01,0.0,0.0,0.0,0.0
15235,75.01,0.0,0.0,0.0,0.0
15236,81.72,0.0,0.0,0.0,0.0
15237,68.19,0.0,0.0,0.0,0.0
15238,55.98,0.0,0.0,0.0,0.0
15239,51.03,0.0,0.0,0.0,0.0
15240,44.77,0.0,0.0,0.0,0.0
15241,44.77,0.0,0.0,0.0,0.0
15242,57.45,0.0,0.0,0.0,0.0
15243,57.28,0.0,0.0,0.0,0.0
15244,54.0,0.0,0.0,0.0,0.0
15245,54.03,0.0,0.0,0.0,0.0
15246,54.06,0.0,0.0,0.0,0.0
15247,58.47,0.0,0.0,0.0,0.0
15248,58.33,0.0,0.0,0.0,0.0
15249,42.19,0.0,0.0,0.0,0.0
15250,36.16,0.0,0.0,0.0,0.0
15251,47.71,0.0,0.0,0.0,0.0
15252,52.98,0.0,0.0,0.0,0.0
15253,58.9,0.0,0.0,0.0,0.0
15254,65.07,0.0,0.0,0.0,0.0
15255,65.04,0.0,0.0,0.0,0.0
15256,67.25,0.0,0.0,0.0,0.0
15257,53.75,0.0,0.0,0.0,0.0
15258,47.86,0.0,0.0,0.0,0.0
15259,52.16,0.0,0.0,0.0,0.0
15260,58.9,0.0,0.0,0.0,0.0
15261,74.16,0.0,0.0,0.0,0.0
15262,61.87,0.0,0.0,0.0,0.0
15263,64.25,0.0,0.0,0.0,0.0
15264,66.57,0.0,0.0,0.0,0.0
15265,64.36,0.0,0.0,0.0,0.0
15266,62.47,0.0,0.0,0.0,0.0
15267,62.47,0.0,0.0,0.0,0.0
15268,64.76,0.0,0.0,0.0,0.0
15269,64.76,0.0,0.0,0.0,0.0
15270,67.76,0.0,0.0,0.0,0.0
15271,59.18,0.0,0.0,0.0,0.0
15272,61.22,0.0,0.0,0.0,0.0
15273,67.62,0.0,0.0,0.0,0.0
15274,51.79,0.0,0.0,0.0,0.0
15275,69.69,0.0,0.0,0.0,0.0
15276,70.23,0.0,0.0,0.0,0.0
15277,79.77,0.0,0.0,0.0,0.0
15278,92.85,0.0,0.0,0.0,0.0
15279,105.45,0.0,0.0,0.0,0.0
15280,45.17,0.0,0.0,0.0,0.0
15281,117.91,0.0,0.0,0.0,0.0
15282,123.38,0.0,0.0,0.0,0.0
15283,123.63,0.0,0.0,0.0,0.0
15284,117.2,0.0,0.0,0.0,0.0
15285,116.1,0.0,0.0,0.0,0.0
15286,63.54,0.0,0.0,0.0,0.0
15287,114.68,0.0,0.0,0.0,0.0
15288,118.53,0.0,0.0,0.0,0.0
15289,112.79,0.0,0.0,0.0,0.0
15290,117.94,0.0,0.0,0.0,0.0
15291,116.33,0.0,0.0,0.0,0.0
15292,119.5,0.0,0.0,0.0,0.0
15293,116.95,0.0,0.0,0.0,0.0
15294,113.92,0.0,0.0,0.0,0.0
15295,117.71,0.0,0.0,0.0,0.0
15296,119.78,0.0,0.0,0.0,0.0
15297,125.27,0.0,0.0,0.0,0.0
15298,124.23,0.0,0.0,0.0,0.0
15299,123.32,0.0,0.0,0.0,0.0
15300,110.01,0.0,0.0,0.0,0.0
15301,110.01,0.0,0.0,0.0,0.0
15302,110.01,0.0,0.0,0.0,0.0
15303,120.43,0.0,0.0,0.0,0.0
15304,119.61,0.0,0.0,0.0,0.0
15305,111.51,0.0,0.0,0.0,0.0
15306,129.8,0.0,0.0,0.0,0.0
15307,128.45,0.0,0.0,0.0,0.0
15308,116.98,0.0,0.0,0.0,0.0
15309,128.13,0.0,0.0,0.0,0.0
15310,115.9,0.0,0.0,0.0,0.0
15311,113.69,0.0,0.0,0.0,0.0
15312,104.09,0.0,0.0,0.0,0.0
15313,104.66,0.0,0.0,0.0,0.0
15314,103.89,0.0,0.0,0.0,0.0
15315,104.63,0.0,0.0,0.0,0.0
15316,99.34,0.0,0.0,0.0,0.0
15317,108.43,0.0,0.0,0.0,0.0
15318,108.85,0.0,0.0,0.0,0.0
15319,91.32,0.0,0.0,0.0,0.0
15320,99.93,0.0,0.0,0.0,0.0
15321,99.0,0.0,0.0,0.0,0.0
15322,99.96,0.0,0.0,0.0,0.0
15323,89.42,0.0,0.0,0.0,0.0
15324,97.98,0.0,0.0,0.0,0.0
15325,88.66,0.0,0.0,0.0,0.0
15326,96.08,0.0,0.0,0.0,0.0
15327,105.85,0.0,0.0,0.0,0.0
15328,69.43,0.0,0.0,0.0,0.0
15329,98.77,0.0,0.0,0.0,0.0
15330,94.75,0.0,0.0,0.0,0.0
15331,99.11,0.0,0.0,0.0,0.0
15332,99.87,0.0,0.0,0.0,0.0
15333,88.21,0.0,0.0,0.0,0.0
15334,97.58,0.0,0.0,0.0,0.0
15335,94.21,0.0,0.0,0.0,0.0
15336,94.63,0.0,0.0,0.0,0.0
15337,94.27,0.0,0.0,0.0,0.0
15338,91.29,0.0,0.0,0.0,0.0
15339,100.64,0.0,0.0,0.0,0.0
15340,91.8,0.0,0.0,0.0,0.0
15341,68.05,0.0,0.0,0.0,0.0
15342,92.91,0.0,0.0,0.0,0.0
15343,88.38,0.0,0.0,0.0,0.0
15344,91.86,0.0,0.0,0.0,0.0
15345,88.97,0.0,0.0,0.0,0.0
15346,91.69,0.0,0.0,0.0,0.0
15347,92.57,0.0,0.0,0.0,0.0
15348,90.56,0.0,0.0,0.0,0.0
15349,87.27,0.0,0.0,0.0,0.0
15350,92.0,0.0,0.0,0.0,0.0
15351,88.04,0.0,0.0,0.0,0.0
15352,93.96,0.0,0.0,0.0,0.0
15353,88.63,0.0,0.0,0.0,0.0
15354,90.1,0.0,0.0,0.0,0.0
15355,91.32,0.0,0.0,0.0,0.0
15356,89.93,0.0,0.0,0.0,0.0
15357,89.74,0.0,0.0,0.0,0.0
15358,88.72,0.0,0.0,0.0,0.0
15359,95.99,0.0,0.0,0.0,0.0
15360,91.21,0.0,0.0,0.0,0.0
15361,93.56,0.0,0.0,0.0,0.0
15362,92.94,0.0,0.0,0.0,0.0
15363,92.88,0.0,0.0,0.0,0.0
15364,89.85,0.0,0.0,0.0,0.0
15365,92.09,0.0,0.0,0.0,0.0
15366,91.72,0.0,0.0,0.0,0.0
15367,90.25,0.0,0.0,0.0,0.0
15368,92.03,0.0,0.0,0.0,0.0
15369,92.79,0.0,0.0,0.0,0.0
15370,92.79,0.0,0.0,0.0,0.0
15371,92.79,0.0,0.0,0.0,0.0
15372,80.7,0.0,0.0,0.0,0.0
15373,82.86,0.0,0.0,0.0,0.0
15374,84.95,0.0,0.0,0.0,0.0
15375,83.85,0.0,0.0,0.0,0.0
15376,84.24,0.0,0.0,0.0,0.0
15377,78.27,0.0,0.0,0.0,0.0
15378,87.98,0.0,0.0,0.0,0.0
15379,80.25,0.0,0.0,0.0,0.0
15380,83.51,0.0,0.0,0.0,0.0
15381,88.58,0.0,0.0,0.0,0.0
15382,51.93,0.0,0.0,0.0,0.0
15383,47.06,0.0,0.0,0.0,0.0
15384,55.7,0.0,0.0,0.0,0.0
15385,51.4,0.0,0.0,0.0,0.0
15386,4.3,0.0,0.0,0.0,0.0
15387,4.19,0.0,0.0,0.0,0.0
15388,3.6,0.0,0.0,0.0,0.0
15389,4.53,0.0,0.0,0.0,0.0
15390,39.53,0.0,0.0,0.0,0.0
15391,61.65,0.0,0.0,0.0,0.0
15392,82.83,0.0,0.0,0.0,0.0
15393,82.83,0.0,0.0,0.0,0.0
15394,105.76,0.0,0.0,0.0,0.0
15395,120.91,0.0,0.0,0.0,0.0
15396,135.27,0.0,0.0,0.0,0.0
15397,80.76,0.0,0.0,0.0,0.0
15398,50.21,0.0,0.0,0.0,0.0
15399,54.03,0.0,0.0,0.0,0.0
15400,54.03,0.0,0.0,0.0,0.0
15401,32.85,0.0,0.0,0.0,0.0
15402,51.54,0.0,0.0,0.0,0.0
15403,66.26,0.0,0.0,0.0,0.0
15404,62.27,0.0,0.0,0.0,0.0
15405,72.86,0.0,0.0,0.0,0.0
15406,109.64,0.0,0.0,0.0,0.0
15407,109.64,0.0,0.0,0.0,0.0
15408,56.63,0.0,0.0,0.0,0.0
15409,71.36,0.0,0.0,0.0,0.0
15410,65.13,0.0,0.0,0.0,0.0
15411,65.3,0.0,0.0,0.0,0.0
15412,44.15,0.0,0.0,0.0,0.0
15413,44.03,0.0,0.0,0.0,0.0
15414,36.5,0.0,0.0,0.0,0.0
15415,47.97,0.0,0.0,0.0,0.0
15416,461.56,0.0,0.0,0.0,0.0
15417,233.76,0.0,0.0,0.0,0.0
15418,89.11,0.0,0.0,0.0,0.0
15419,93.13,0.0,0.0,0.0,0.0
15420,37.46,0.0,0.0,0.0,0.0
15421,22.37,0.0,0.0,0.0,0.0
15422,17.56,0.0,0.0,0.0,0.0
15423,26.36,0.0,0.0,0.0,0.0
15424,49.7,0.0,0.0,0.0,0.0
15425,43.66,0.0,0.0,0.0,0.0
15426,69.66,0.0,0.0,0.0,0.0
15427,64.39,0.0,0.0,0.0,0.0
15428,60.09,0.0,0.0,0.0,0.0
15429,61.33,0.0,0.0,0.0,0.0
15430,66.09,0.0,0.0,0.0,0.0
15431,68.47,0.0,0.0,0.0,0.0
15432,69.94,0.0,0.0,0.0,0.0
15433,68.84,0.0,0.0,0.0,0.0
15434,71.08,0.0,0.0,0.0,0.0
15435,70.14,0.0,0.0,0.0,0.0
15436,69.94,0.0,0.0,0.0,0.0
15437,69.94,0.0,0.0,0.0,0.0
15438,79.77,0.0,0.0,0.0,0.0
15439,71.42,0.0,0.0,0.0,0.0
15440,87.02,0.0,0.0,0.0,0.0
15441,85.26,0.0,0.0,0.0,0.0
15442,83.48,0.0,0.0,0.0,0.0
15443,73.6,0.0,0.0,0.0,0.0
15444,74.44,0.0,0.0,0.0,0.0
15445,66.91,0.0,0.0,0.0,0.0
15446,63.63,0.0,0.0,0.0,0.0
15447,60.09,0.0,0.0,0.0,0.0
15448,67.62,0.0,0.0,0.0,0.0
15449,71.53,0.0,0.0,0.0,0.0
15450,69.49,0.0,0.0,0.0,0.0
15451,69.6,0.0,0.0,0.0,0.0
15452,62.07,0.0,0.0,0.0,0.0
15453,69.91,0.0,0.0,0.0,0.0
15454,66.83,0.0,0.0,0.0,0.0
15455,72.77,0.0,0.0,0.0,0.0
15456,71.27,0.0,0.0,0.0,0.0
15457,69.18,0.0,0.0,0.0,0.0
15458,85.94,0.0,0.0,0.0,0.0
15459,97.78,0.0,0.0,0.0,0.0
15460,109.3,0.0,0.0,0.0,0.0
15461,130.71,0.0,0.0,0.0,0.0
15462,161.75,0.0,0.0,0.0,0.0
15463,190.32,0.0,0.0,0.0,0.0
15464,187.15,0.0,0.0,0.0,0.0
15465,159.91,0.0,0.0,0.0,0.0
15466,139.91,0.0,0.0,0.0,0.0
15467,158.94,0.0,0.0,0.0,0.0
15468,154.84,0.0,0.0,0.0,0.0
15469,165.0,0.0,0.0,0.0,0.0
15470,190.91,0.0,0.0,0.0,0.0
15471,169.73,0.0,0.0,0.0,0.0
15472,171.01,0.0,0.0,0.0,0.0
15473,180.1,0.0,0.0,0.0,0.0
15474,169.59,0.0,0.0,0.0,0.0
15475,170.18,0.0,0.0,0.0,0.0
15476,166.73,0.0,0.0,0.0,0.0
15477,182.42,0.0,0.0,0.0,0.0
15478,137.9,0.0,0.0,0.0,0.0
15479,159.03,0.0,0.0,0.0,0.0
15480,156.65,0.0,0.0,0.0,0.0
15481,149.46,0.0,0.0,0.0,0.0
15482,118.08,0.0,0.0,0.0,0.0
15483,133.4,0.0,0.0,0.0,0.0
15484,178.59,0.0,0.0,0.0,0.0
15485,153.79,0.0,0.0,0.0,0.0
15486,166.33,0.0,0.0,0.0,0.0
15487,161.41,0.0,0.0,0.0,0.0
15488,159.14,0.0,0.0,0.0,0.0
15489,181.09,0.0,0.0,0.0,0.0
15490,185.28,0.0,0.0,0.0,0.0
15491,132.72,0.0,0.0,0.0,0.0
15492,130.63,0.0,0.0,0.0,0.0
15493,131.28,0.0,0.0,0.0,0.0
15494,141.64,0.0,0.0,0.0,0.0
15495,151.5,0.0,0.0,0.0,0.0
15496,164.38,0.0,0.0,0.0,0.0
15497,164.38,0.0,0.0,0.0,0.0
15498,169.9,0.0,0.0,0.0,0.0
15499,177.32,0.0,0.0,0.0,0.0
15500,183.1,0.0,0.0,0.0,0.0
15501,155.2,0.0,0.0,0.0,0.0
15502,150.11,0.0,0.0,0.0,0.0
15503,165.94,0.0,0.0,0.0,0.0
15504,214.7,0.0,0.0,0.0,0.0
15505,209.49,0.0,0.0,0.0,0.0
15506,211.61,0.0,0.0,0.0,0.0
15507,207.79,0.0,0.0,0.0,0.0
15508,209.26,0.0,0.0,0.0,0.0
15509,207.82,0.0,0.0,0.0,0.0
15510,202.01,0.0,0.0,0.0,0.0
15511,168.09,0.0,0.0,0.0,0.0
15512,136.26,0.0,0.0,0.0,0.0
15513,143.76,0.0,0.0,0.0,0.0
15514,181.68,0.0,0.0,0.0,0.0
15515,188.48,0.0,0.0,0.0,0.0
15516,182.87,0.0,0.0,0.0,0.0
15517,148.69,0.0,0.0,0.0,0.0
15518,178.37,0.0,0.0,0.0,0.0
15519,175.11,0.0,0.0,0.0,0.0
15520,182.08,0.0,0.0,0.0,0.0
15521,187.06,0.0,0.0,0.0,0.0
15522,165.85,0.0,0.0,0.0,0.0
15523,128.47,0.0,0.0,0.0,0.0
15524,116.69,0.0,0.0,0.0,0.0
15525,144.02,0.0,0.0,0.0,0.0
15526,160.7,0.0,0.0,0.0,0.0
15527,163.11,0.0,0.0,0.0,0.0
15528,172.96,0.0,0.0,0.0,0.0
15529,169.87,0.0,0.0,0.0,0.0
15530,174.69,0.0,0.0,0.0,0.0
15531,176.39,0.0,0.0,0.0,0.0
15532,180.55,0.0,0.0,0.0,0.0
15533,172.99,0.0,0.0,0.0,0.0
15534,200.09,0.0,0.0,0.0,0.0
15535,201.96,0.0,0.0,0.0,0.0
15536,206.88,0.0,0.0,0.0,0.0
15537,188.42,0.0,0.0,0.0,0.0
15538,196.43,0.0,0.0,0.0,0.0
15539,137.37,0.0,0.0,0.0,0.0
15540,178.65,0.0,0.0,0.0,0.0
15541,223.39,0.0,0.0,0.0,0.0
15542,213.96,0.0,0.0,0.0,0.0
15543,225.66,0.0,0.0,0.0,0.0
15544,185.53,0.0,0.0,0.0,0.0
15545,180.12,0.0,0.0,0.0,0.0
15546,181.54,0.0,0.0,0.0,0.0
15547,182.13,0.0,0.0,0.0,0.0
15548,215.21,0.0,0.0,0.0,0.0
15549,212.8,0.0,0.0,0.0,0.0
15550,210.45,0.0,0.0,0.0,0.0
15551,195.19,0.0,0.0,0.0,0.0
15552,191.0,0.0,0.0,0.0,0.0
15553,195.47,0.0,0.0,0.0,0.0
15554,191.96,0.0,0.0,0.0,0.0
15555,187.37,0.0,0.0,0.0,0.0
15556,187.03,0.0,0.0,0.0,0.0
15557,186.78,0.0,0.0,0.0,0.0
15558,202.75,0.0,0.0,0.0,0.0
15559,189.67,0.0,0.0,0.0,0.0
15560,198.93,0.0,0.0,0.0,0.0
15561,198.42,0.0,0.0,0.0,0.0
15562,209.49,0.0,0.0,0.0,0.0
15563,207.56,0.0,0.0,0.0,0.0
15564,187.97,0.0,0.0,0.0,0.0
15565,214.42,0.0,0.0,0.0,0.0
15566,216.06,0.0,0.0,0.0,0.0
15567,233.08,0.0,0.0,0.0,0.0
15568,243.5,0.0,0.0,0.0,0.0
15569,245.73,0.0,0.0,0.0,0.0
15570,218.8,0.0,0.0,0.0,0.0
15571,208.19,0.0,0.0,0.0,0.0
15572,215.01,0.0,0.0,0.0,0.0
15573,213.91,0.0,0.0,0.0,0.0
15574,215.04,0.0,0.0,0.0,0.0
15575,212.43,0.0,0.0,0.0,0.0
15576,212.43,0.0,0.0,0.0,0.0
15577,210.96,0.0,0.0,0.0,0.0
15578,208.19,0.0,0.0,0.0,0.0
15579,212.74,0.0,0.0,0.0,0.0
15580,212.21,0.0,0.0,0.0,0.0
15581,210.45,0.0,0.0,0.0,0.0
15582,219.68,0.0,0.0,0.0,0.0
15583,219.68,0.0,0.0,0.0,0.0
15584,222.29,0.0,0.0,0.0,0.0
15585,205.86,0.0,0.0,0.0,0.0
15586,194.0,0.0,0.0,0.0,0.0
15587,186.83,0.0,0.0,0.0,0.0
15588,175.31,0.0,0.0,0.0,0.0
15589,174.12,0.0,0.0,0.0,0.0
15590,181.51,0.0,0.0,0.0,0.0
15591,201.02,0.0,0.0,0.0,0.0
15592,203.8,0.0,0.0,0.0,0.0
15593,190.54,0.0,0.0,0.0,0.0
15594,177.32,0.0,0.0,0.0,0.0
15595,183.41,0.0,0.0,0.0,0.0
15596,188.59,0.0,0.0,0.0,0.0
15597,178.99,0.0,0.0,0.0,0.0
15598,179.47,0.0,0.0,0.0,0.0
15599,196.43,0.0,0.0,0.0,0.0
15600,168.09,0.0,0.0,0.0,0.0
15601,162.31,0.0,0.0,0.0,0.0
15602,161.94,0.0,0.0,0.0,0.0
15603,167.18,0.0,0.0,0.0,0.0
15604,178.17,0.0,0.0,0.0,0.0
15605,175.03,0.0,0.0,0.0,0.0
15606,165.51,0.0,0.0,0.0,0.0
15607,162.85,0.0,0.0,0.0,0.0
15608,167.32,0.0,0.0,0.0,0.0
15609,167.38,0.0,0.0,0.0,0.0
15610,169.33,0.0,0.0,0.0,0.0
15611,174.15,0.0,0.0,0.0,0.0
15612,174.15,0.0,0.0,0.0,0.0
15613,173.64,0.0,0.0,0.0,0.0
15614,162.4,0.0,0.0,0.0,0.0
15615,159.99,0.0,0.0,0.0,0.0
15616,149.09,0.0,0.0,0.0,0.0
15617,157.5,0.0,0.0,0.0,0.0
15618,140.17,0.0,0.0,0.0,0.0
15619,117.49,0.0,0.0,0.0,0.0
15620,116.92,0.0,0.0,0.0,0.0
15621,109.19,0.0,0.0,0.0,0.0
15622,96.67,0.0,0.0,0.0,0.0
15623,87.92,0.0,0.0,0.0,0.0
15624,86.85,0.0,0.0,0.0,0.0
15625,86.85,0.0,0.0,0.0,0.0
15626,87.3,0.0,0.0,0.0,0.0
15627,89.65,0.0,0.0,0.0,0.0
15628,98.37,0.0,0.0,0.0,0.0
15629,97.21,0.0,0.0,0.0,0.0
15630,92.31,0.0,0.0,0.0,0.0
15631,92.09,0.0,0.0,0.0,0.0
15632,91.27,0.0,0.0,0.0,0.0
15633,92.65,0.0,0.0,0.0,0.0
15634,81.3,0.0,0.0,0.0,0.0
15635,86.05,0.0,0.0,0.0,0.0
15636,88.46,0.0,0.0,0.0,0.0
15637,86.96,0.0,0.0,0.0,0.0
15638,69.06,0.0,0.0,0.0,0.0
15639,57.51,0.0,0.0,0.0,0.0
15640,53.41,0.0,0.0,0.0,0.0
15641,50.55,0.0,0.0,0.0,0.0
15642,45.73,0.0,0.0,0.0,0.0
15643,20.93,0.0,0.0,0.0,0.0
15644,1.7,0.0,0.0,0.0,0.0
15645,1.98,0.0,0.0,0.0,0.0
15646,1.98,0.0,0.0,0.0,0.0
15647,1.95,0.0,0.0,0.0,0.0
15648,2.63,0.0,0.0,0.0,0.0
15649,2.01,0.0,0.0,0.0,0.0
15650,2.01,0.0,0.0,0.0,0.0
15651,2.21,0.0,0.0,0.0,0.0
15652,1.9,0.0,0.0,0.0,0.0
15653,1.93,0.0,0.0,0.0,0.0
15654,1.95,0.0,0.0,0.0,0.0
15655,1.95,0.0,0.0,0.0,0.0
15656,2.83,0.0,0.0,0.0,0.0
15657,45.45,0.0,0.0,0.0,0.0
15658,37.26,0.0,0.0,0.0,0.0
15659,2.01,0.0,0.0,0.0,0.0
15660,14.7,0.0,0.0,0.0,0.0
15661,2.07,0.0,0.0,0.0,0.0
15662,24.64,0.0,0.0,0.0,0.0
15663,42.48,0.0,0.0,0.0,0.0
15664,47.43,0.0,0.0,0.0,0.0
15665,49.04,0.0,0.0,0.0,0.0
15666,48.56,0.0,0.0,0.0,0.0
15667,62.58,0.0,0.0,0.0,0.0
15668,62.18,0.0,0.0,0.0,0.0
15669,61.65,0.0,0.0,0.0,0.0
15670,57.09,0.0,0.0,0.0,0.0
15671,56.01,0.0,0.0,0.0,0.0
15672,55.39,0.0,0.0,0.0,0.0
15673,56.92,0.0,0.0,0.0,0.0
15674,59.72,0.0,0.0,0.0,0.0
15675,56.83,0.0,0.0,0.0,0.0
15676,57.34,0.0,0.0,0.0,0.0
15677,67.51,0.0,0.0,0.0,0.0
15678,67.99,0.0,0.0,0.0,0.0
15679,71.39,0.0,0.0,0.0,0.0
15680,73.06,0.0,0.0,0.0,0.0
15681,69.97,0.0,0.0,0.0,0.0
15682,57.79,0.0,0.0,0.0,0.0
15683,93.67,0.0,0.0,0.0,0.0
15684,70.85,0.0,0.0,0.0,0.0
15685,25.43,0.0,0.0,0.0,0.0
15686,42.16,0.0,0.0,0.0,0.0
15687,78.61,0.0,0.0,0.0,0.0
15688,73.0,0.0,0.0,0.0,0.0
15689,69.06,0.0,0.0,0.0,0.0
15690,69.72,0.0,0.0,0.0,0.0
15691,54.42,0.0,0.0,0.0,0.0
15692,61.99,0.0,0.0,0.0,0.0
15693,73.11,0.0,0.0,0.0,0.0
15694,82.4,0.0,0.0,0.0,0.0
15695,75.8,0.0,0.0,0.0,0.0
15696,73.23,0.0,0.0,0.0,0.0
15697,71.42,0.0,0.0,0.0,0.0
15698,77.73,0.0,0.0,0.0,0.0
15699,72.32,0.0,0.0,0.0,0.0
15700,70.2,0.0,0.0,0.0,0.0
15701,64.36,0.0,0.0,0.0,0.0
15702,71.75,0.0,0.0,0.0,0.0
15703,71.39,0.0,0.0,0.0,0.0
15704,70.62,0.0,0.0,0.0,0.0
15705,53.8,0.0,0.0,0.0,0.0
15706,65.16,0.0,0.0,0.0,0.0
15707,65.16,0.0,0.0,0.0,0.0
15708,57.12,0.0,0.0,0.0,0.0
15709,60.43,0.0,0.0,0.0,0.0
15710,78.69,0.0,0.0,0.0,0.0
15711,72.43,0.0,0.0,0.0,0.0
15712,63.68,0.0,0.0,0.0,0.0
15713,72.8,0.0,0.0,0.0,0.0
15714,71.75,0.0,0.0,0.0,0.0
15715,57.79,0.0,0.0,0.0,0.0
15716,60.4,0.0,0.0,0.0,0.0
15717,88.74,0.0,0.0,0.0,0.0
15718,45.34,0.0,0.0,0.0,0.0
15719,62.18,0.0,0.0,0.0,0.0
15720,71.5,0.0,0.0,0.0,0.0
15721,55.22,0.0,0.0,0.0,0.0
15722,58.64,0.0,0.0,0.0,0.0
15723,51.71,0.0,0.0,0.0,0.0
15724,63.43,0.0,0.0,0.0,0.0
15725,59.92,0.0,0.0,0.0,0.0
15726,11.89,0.0,0.0,0.0,0.0
15727,2.94,0.0,0.0,0.0,0.0
15728,12.15,0.0,0.0,0.0,0.0
15729,17.3,0.0,0.0,0.0,0.0
15730,8.38,0.0,0.0,0.0,0.0
15731,45.99,0.0,0.0,0.0,0.0
15732,64.65,0.0,0.0,0.0,0.0
15733,64.7,0.0,0.0,0.0,0.0
15734,72.46,0.0,0.0,0.0,0.0
15735,65.7,0.0,0.0,0.0,0.0
15736,62.95,0.0,0.0,0.0,0.0
15737,65.07,0.0,0.0,0.0,0.0
15738,65.04,0.0,0.0,0.0,0.0
15739,60.26,0.0,0.0,0.0,0.0
15740,46.67,0.0,0.0,0.0,0.0
15741,64.22,0.0,0.0,0.0,0.0
15742,64.53,0.0,0.0,0.0,0.0
15743,64.25,0.0,0.0,0.0,0.0
15744,63.4,0.0,0.0,0.0,0.0
15745,72.07,0.0,0.0,0.0,0.0
15746,50.97,0.0,0.0,0.0,0.0
15747,49.98,0.0,0.0,0.0,0.0
15748,51.71,0.0,0.0,0.0,0.0
15749,43.64,0.0,0.0,0.0,0.0
15750,45.68,0.0,0.0,0.0,0.0
15751,61.65,0.0,0.0,0.0,0.0
15752,64.42,0.0,0.0,0.0,0.0
15753,72.43,0.0,0.0,0.0,0.0
15754,47.23,0.0,0.0,0.0,0.0
15755,33.16,0.0,0.0,0.0,0.0
15756,61.39,0.0,0.0,0.0,0.0
15757,61.39,0.0,0.0,0.0,0.0
15758,254.82,0.0,0.0,0.0,0.0
15759,204.16,0.0,0.0,0.0,0.0
15760,55.3,0.0,0.0,0.0,0.0
15761,34.46,0.0,0.0,0.0,0.0
15762,23.16,0.0,0.0,0.0,0.0
15763,30.24,0.0,0.0,0.0,0.0
15764,81.78,0.0,0.0,0.0,0.0
15765,89.88,0.0,0.0,0.0,0.0
15766,90.64,0.0,0.0,0.0,0.0
15767,94.3,0.0,0.0,0.0,0.0
15768,91.52,0.0,0.0,0.0,0.0
15769,69.57,0.0,0.0,0.0,0.0
15770,77.79,0.0,0.0,0.0,0.0
15771,69.32,0.0,0.0,0.0,0.0
15772,74.59,0.0,0.0,0.0,0.0
15773,75.89,0.0,0.0,0.0,0.0
15774,69.49,0.0,0.0,0.0,0.0
15775,75.97,0.0,0.0,0.0,0.0
15776,75.21,0.0,0.0,0.0,0.0
15777,79.34,0.0,0.0,0.0,0.0
15778,72.63,0.0,0.0,0.0,0.0
15779,76.31,0.0,0.0,0.0,0.0
15780,70.68,0.0,0.0,0.0,0.0
15781,121.48,0.0,0.0,0.0,0.0
15782,272.95,0.0,0.0,0.0,0.0
15783,495.29,0.0,0.0,0.0,0.0
15784,893.65,0.0,0.0,0.0,0.0
15785,1338.51,0.0,0.0,0.0,0.0
15786,1328.26,0.0,0.0,0.0,0.0
15787,1324.72,0.0,0.0,0.0,0.0
15788,1287.43,0.0,0.0,0.0,0.0
15789,961.78,0.0,0.0,0.0,0.0
15790,1299.69,0.0,0.0,0.0,0.0
15791,1379.34,0.0,0.0,0.0,0.0
15792,1421.19,0.0,0.0,0.0,0.0
15793,1422.55,0.0,0.0,0.0,0.0
15794,1312.23,0.0,0.0,0.0,0.0
15795,1100.62,0.0,0.0,0.0,0.0
15796,1005.76,0.0,0.0,0.0,0.0
15797,545.86,0.0,0.0,0.0,0.0
15798,525.56,0.0,0.0,0.0,0.0
15799,474.08,0.0,0.0,0.0,0.0
15800,380.75,0.0,0.0,0.0,0.0
15801,380.75,0.0,0.0,0.0,0.0
15802,377.72,0.0,0.0,0.0,0.0
15803,360.3,0.0,0.0,0.0,0.0
15804,289.34,0.0,0.0,0.0,0.0
15805,236.28,0.0,0.0,0.0,0.0
15806,185.39,0.0,0.0,0.0,0.0
15807,151.27,0.0,0.0,0.0,0.0
15808,132.27,0.0,0.0,0.0,0.0
15809,131.11,0.0,0.0,0.0,0.0
15810,107.86,0.0,0.0,0.0,0.0
15811,100.78,0.0,0.0,0.0,0.0
15812,91.55,0.0,0.0,0.0,0.0
15813,99.56,0.0,0.0,0.0,0.0
15814,121.51,0.0,0.0,0.0,0.0
15815,96.79,0.0,0.0,0.0,0.0
15816,97.38,0.0,0.0,0.0,0.0
15817,93.47,0.0,0.0,0.0,0.0
15818,72.55,0.0,0.0,0.0,0.0
15819,89.11,0.0,0.0,0.0,0.0
15820,112.98,0.0,0.0,0.0,0.0
15821,112.42,0.0,0.0,0.0,0.0
15822,114.26,0.0,0.0,0.0,0.0
15823,176.27,0.0,0.0,0.0,0.0
15824,189.78,0.0,0.0,0.0,0.0
15825,191.73,0.0,0.0,0.0,0.0
15826,193.43,0.0,0.0,0.0,0.0
15827,208.16,0.0,0.0,0.0,0.0
15828,163.47,0.0,0.0,0.0,0.0
15829,154.72,0.0,0.0,0.0,0.0
15830,148.24,0.0,0.0,0.0,0.0
15831,138.98,0.0,0.0,0.0,0.0
15832,150.62,0.0,0.0,0.0,0.0
15833,187.34,0.0,0.0,0.0,0.0
15834,188.9,0.0,0.0,0.0,0.0
15835,204.22,0.0,0.0,0.0,0.0
15836,203.82,0.0,0.0,0.0,0.0
15837,222.06,0.0,0.0,0.0,0.0
15838,233.02,0.0,0.0,0.0,0.0
15839,219.6,0.0,0.0,0.0,0.0
15840,193.89,0.0,0.0,0.0,0.0
15841,209.15,0.0,0.0,0.0,0.0
15842,205.1,0.0,0.0,0.0,0.0
15843,217.93,0.0,0.0,0.0,0.0
15844,219.97,0.0,0.0,0.0,0.0
15845,217.56,0.0,0.0,0.0,0.0
15846,202.44,0.0,0.0,0.0,0.0
15847,222.74,0.0,0.0,0.0,0.0
15848,246.19,0.0,0.0,0.0,0.0
15849,259.78,0.0,0.0,0.0,0.0
15850,259.78,0.0,0.0,0.0,0.0
15851,217.84,0.0,0.0,0.0,0.0
15852,195.53,0.0,0.0,0.0,0.0
15853,186.35,0.0,0.0,0.0,0.0
15854,199.58,0.0,0.0,0.0,0.0
15855,202.69,0.0,0.0,0.0,0.0
15856,201.08,0.0,0.0,0.0,0.0
15857,201.08,0.0,0.0,0.0,0.0
15858,96.7,0.0,0.0,0.0,0.0
15859,172.99,0.0,0.0,0.0,0.0
15860,266.89,0.0,0.0,0.0,0.0
15861,297.7,0.0,0.0,0.0,0.0
15862,422.18,0.0,0.0,0.0,0.0
15863,441.86,0.0,0.0,0.0,0.0
15864,415.29,0.0,0.0,0.0,0.0
15865,434.41,0.0,0.0,0.0,0.0
15866,310.13,0.0,0.0,0.0,0.0
15867,337.23,0.0,0.0,0.0,0.0
15868,334.08,0.0,0.0,0.0,0.0
15869,295.94,0.0,0.0,0.0,0.0
15870,299.31,0.0,0.0,0.0,0.0
15871,305.71,0.0,0.0,0.0,0.0
15872,305.28,0.0,0.0,0.0,0.0
15873,311.63,0.0,0.0,0.0,0.0
15874,334.99,0.0,0.0,0.0,0.0
15875,390.52,0.0,0.0,0.0,0.0
15876,361.66,0.0,0.0,0.0,0.0
15877,362.65,0.0,0.0,0.0,0.0
15878,342.86,0.0,0.0,0.0,0.0
15879,299.65,0.0,0.0,0.0,0.0
15880,293.84,0.0,0.0,0.0,0.0
15881,288.46,0.0,0.0,0.0,0.0
15882,297.61,0.0,0.0,0.0,0.0
15883,316.53,0.0,0.0,0.0,0.0
15884,287.98,0.0,0.0,0.0,0.0
15885,272.8,0.0,0.0,0.0,0.0
15886,278.47,0.0,0.0,0.0,0.0
15887,277.0,0.0,0.0,0.0,0.0
15888,273.91,0.0,0.0,0.0,0.0
15889,312.11,0.0,0.0,0.0,0.0
15890,267.79,0.0,0.0,0.0,0.0
15891,291.15,0.0,0.0,0.0,0.0
15892,308.4,0.0,0.0,0.0,0.0
15893,326.78,0.0,0.0,0.0,0.0
15894,326.21,0.0,0.0,0.0,0.0
15895,322.59,0.0,0.0,0.0,0.0
15896,308.63,0.0,0.0,0.0,0.0
15897,287.59,0.0,0.0,0.0,0.0
15898,296.9,0.0,0.0,0.0,0.0
15899,295.06,0.0,0.0,0.0,0.0
15900,293.28,0.0,0.0,0.0,0.0
15901,290.56,0.0,0.0,0.0,0.0
15902,245.96,0.0,0.0,0.0,0.0
15903,258.73,0.0,0.0,0.0,0.0
15904,239.62,0.0,0.0,0.0,0.0
15905,250.52,0.0,0.0,0.0,0.0
15906,271.33,0.0,0.0,0.0,0.0
15907,276.71,0.0,0.0,0.0,0.0
15908,275.44,0.0,0.0,0.0,0.0
15909,264.65,0.0,0.0,0.0,0.0
15910,290.33,0.0,0.0,0.0,0.0
15911,309.3,0.0,0.0,0.0,0.0
15912,320.43,0.0,0.0,0.0,0.0
15913,312.82,0.0,0.0,0.0,0.0
15914,359.77,0.0,0.0,0.0,0.0
15915,334.73,0.0,0.0,0.0,0.0
15916,325.73,0.0,0.0,0.0,0.0
15917,314.74,0.0,0.0,0.0,0.0
15918,310.01,0.0,0.0,0.0,0.0
15919,364.07,0.0,0.0,0.0,0.0
15920,402.61,0.0,0.0,0.0,0.0
15921,391.42,0.0,0.0,0.0,0.0
15922,406.04,0.0,0.0,0.0,0.0
15923,343.29,0.0,0.0,0.0,0.0
15924,328.59,0.0,0.0,0.0,0.0
15925,322.02,0.0,0.0,0.0,0.0
15926,315.31,0.0,0.0,0.0,0.0
15927,296.85,0.0,0.0,0.0,0.0
15928,295.66,0.0,0.0,0.0,0.0
15929,321.2,0.0,0.0,0.0,0.0
15930,329.58,0.0,0.0,0.0,0.0
15931,285.26,0.0,0.0,0.0,0.0
15932,291.35,0.0,0.0,0.0,0.0
15933,342.04,0.0,0.0,0.0,0.0
15934,310.98,0.0,0.0,0.0,0.0
15935,291.83,0.0,0.0,0.0,0.0
15936,305.2,0.0,0.0,0.0,0.0
15937,340.79,0.0,0.0,0.0,0.0
15938,307.58,0.0,0.0,0.0,0.0
15939,296.7,0.0,0.0,0.0,0.0
15940,302.85,0.0,0.0,0.0,0.0
15941,323.04,0.0,0.0,0.0,0.0
15942,357.5,0.0,0.0,0.0,0.0
15943,337.25,0.0,0.0,0.0,0.0
15944,303.33,0.0,0.0,0.0,0.0
15945,289.28,0.0,0.0,0.0,0.0
15946,282.6,0.0,0.0,0.0,0.0
15947,258.76,0.0,0.0,0.0,0.0
15948,292.99,0.0,0.0,0.0,0.0
15949,271.87,0.0,0.0,0.0,0.0
15950,220.02,0.0,0.0,0.0,0.0
15951,258.67,0.0,0.0,0.0,0.0
15952,272.83,0.0,0.0,0.0,0.0
15953,250.86,0.0,0.0,0.0,0.0
15954,252.73,0.0,0.0,0.0,0.0
15955,267.42,0.0,0.0,0.0,0.0
15956,256.47,0.0,0.0,0.0,0.0
15957,242.17,0.0,0.0,0.0,0.0
15958,247.35,0.0,0.0,0.0,0.0
15959,270.62,0.0,0.0,0.0,0.0
15960,279.12,0.0,0.0,0.0,0.0
15961,283.62,0.0,0.0,0.0,0.0
15962,275.83,0.0,0.0,0.0,0.0
15963,276.0,0.0,0.0,0.0,0.0
15964,296.99,0.0,0.0,0.0,0.0
15965,227.75,0.0,0.0,0.0,0.0
15966,230.9,0.0,0.0,0.0,0.0
15967,255.53,0.0,0.0,0.0,0.0
15968,248.88,0.0,0.0,0.0,0.0
15969,262.04,0.0,0.0,0.0,0.0
15970,242.51,0.0,0.0,0.0,0.0
15971,245.31,0.0,0.0,0.0,0.0
15972,231.97,0.0,0.0,0.0,0.0
15973,249.78,0.0,0.0,0.0,0.0
15974,238.51,0.0,0.0,0.0,0.0
15975,269.07,0.0,0.0,0.0,0.0
15976,247.6,0.0,0.0,0.0,0.0
15977,247.4,0.0,0.0,0.0,0.0
15978,232.91,0.0,0.0,0.0,0.0
15979,246.41,0.0,0.0,0.0,0.0
15980,238.09,0.0,0.0,0.0,0.0
15981,256.13,0.0,0.0,0.0,0.0
15982,250.43,0.0,0.0,0.0,0.0
15983,234.94,0.0,0.0,0.0,0.0
15984,232.25,0.0,0.0,0.0,0.0
15985,221.58,0.0,0.0,0.0,0.0
15986,202.13,0.0,0.0,0.0,0.0
15987,182.56,0.0,0.0,0.0,0.0
15988,176.39,0.0,0.0,0.0,0.0
15989,180.66,0.0,0.0,0.0,0.0
15990,183.41,0.0,0.0,0.0,0.0
15991,163.81,0.0,0.0,0.0,0.0
15992,158.4,0.0,0.0,0.0,0.0
15993,149.85,0.0,0.0,0.0,0.0
15994,143.09,0.0,0.0,0.0,0.0
15995,142.86,0.0,0.0,0.0,0.0
15996,145.58,0.0,0.0,0.0,0.0
15997,133.29,0.0,0.0,0.0,0.0
15998,131.98,0.0,0.0,0.0,0.0
15999,138.16,0.0,0.0,0.0,0.0
16000,148.55,0.0,0.0,0.0,0.0
16001,144.98,0.0,0.0,0.0,0.0
16002,139.74,0.0,0.0,0.0,0.0
16003,133.85,0.0,0.0,0.0,0.0
16004,130.09,0.0,0.0,0.0,0.0
16005,126.26,0.0,0.0,0.0,0.0
16006,128.02,0.0,0.0,0.0,0.0
16007,127.37,0.0,0.0,0.0,0.0
16008,127.37,0.0,0.0,0.0,0.0
16009,140.85,0.0,0.0,0.0,0.0
16010,145.12,0.0,0.0,0.0,0.0
16011,148.41,0.0,0.0,0.0,0.0
16012,141.92,0.0,0.0,0.0,0.0
16013,114.15,0.0,0.0,0.0,0.0
16014,110.35,0.0,0.0,0.0,0.0
16015,110.35,0.0,0.0,0.0,0.0
16016,110.35,0.0,0.0,0.0,0.0
16017,97.07,0.0,0.0,0.0,0.0
16018,103.44,0.0,0.0,0.0,0.0
16019,99.25,0.0,0.0,0.0,0.0
16020,107.49,0.0,0.0,0.0,0.0
16021,127.43,0.0,0.0,0.0,0.0
16022,118.68,0.0,0.0,0.0,0.0
16023,109.64,0.0,0.0,0.0,0.0
16024,105.85,0.0,0.0,0.0,0.0
16025,98.74,0.0,0.0,0.0,0.0
16026,101.29,0.0,0.0,0.0,0.0
16027,104.83,0.0,0.0,0.0,0.0
16028,93.33,0.0,0.0,0.0,0.0
16029,95.46,0.0,0.0,0.0,0.0
16030,94.21,0.0,0.0,0.0,0.0
16031,99.31,0.0,0.0,0.0,0.0
16032,97.81,0.0,0.0,0.0,0.0
16033,104.74,0.0,0.0,0.0,0.0
16034,115.62,0.0,0.0,0.0,0.0
16035,128.87,0.0,0.0,0.0,0.0
16036,131.28,0.0,0.0,0.0,0.0
16037,137.9,0.0,0.0,0.0,0.0
16038,137.03,0.0,0.0,0.0,0.0
16039,140.79,0.0,0.0,0.0,0.0
16040,143.65,0.0,0.0,0.0,0.0
16041,134.02,0.0,0.0,0.0,0.0
16042,128.16,0.0,0.0,0.0,0.0
16043,128.98,0.0,0.0,0.0,0.0
16044,124.93,0.0,0.0,0.0,0.0
16045,127.6,0.0,0.0,0.0,0.0
16046,134.31,0.0,0.0,0.0,0.0
16047,114.85,0.0,0.0,0.0,0.0
16048,125.78,0.0,0.0,0.0,0.0
16049,102.93,0.0,0.0,0.0,0.0
16050,108.03,0.0,0.0,0.0,0.0
16051,123.91,0.0,0.0,0.0,0.0
16052,125.81,0.0,0.0,0.0,0.0
16053,122.02,0.0,0.0,0.0,0.0
16054,133.26,0.0,0.0,0.0,0.0
16055,129.38,0.0,0.0,0.0,0.0
16056,111.2,0.0,0.0,0.0,0.0
16057,124.14,0.0,0.0,0.0,0.0
16058,124.08,0.0,0.0,0.0,0.0
16059,127.74,0.0,0.0,0.0,0.0
16060,136.01,0.0,0.0,0.0,0.0
16061,138.64,0.0,0.0,0.0,0.0
16062,134.22,0.0,0.0,0.0,0.0
16063,125.1,0.0,0.0,0.0,0.0
16064,132.75,0.0,0.0,0.0,0.0
16065,130.17,0.0,0.0,0.0,0.0
16066,133.32,0.0,0.0,0.0,0.0
16067,133.09,0.0,0.0,0.0,0.0
16068,123.4,0.0,0.0,0.0,0.0
16069,137.87,0.0,0.0,0.0,0.0
16070,136.77,0.0,0.0,0.0,0.0
16071,141.84,0.0,0.0,0.0,0.0
16072,138.7,0.0,0.0,0.0,0.0
16073,126.6,0.0,0.0,0.0,0.0
16074,130.91,0.0,0.0,0.0,0.0
16075,138.75,0.0,0.0,0.0,0.0
16076,140.59,0.0,0.0,0.0,0.0
16077,130.54,0.0,0.0,0.0,0.0
16078,116.89,0.0,0.0,0.0,0.0
16079,118.05,0.0,0.0,0.0,0.0
16080,112.98,0.0,0.0,0.0,0.0
16081,107.21,0.0,0.0,0.0,0.0
16082,102.73,0.0,0.0,0.0,0.0
16083,107.46,0.0,0.0,0.0,0.0
16084,109.67,0.0,0.0,0.0,0.0
16085,108.71,0.0,0.0,0.0,0.0
16086,107.8,0.0,0.0,0.0,0.0
16087,104.77,0.0,0.0,0.0,0.0
16088,111.6,0.0,0.0,0.0,0.0
16089,116.21,0.0,0.0,0.0,0.0
16090,111.63,0.0,0.0,0.0,0.0
16091,103.44,0.0,0.0,0.0,0.0
16092,105.96,0.0,0.0,0.0,0.0
16093,95.71,0.0,0.0,0.0,0.0
16094,94.78,0.0,0.0,0.0,0.0
16095,66.23,0.0,0.0,0.0,0.0
16096,84.27,0.0,0.0,0.0,0.0
16097,69.04,0.0,0.0,0.0,0.0
16098,67.25,0.0,0.0,0.0,0.0
16099,58.45,0.0,0.0,0.0,0.0
16100,62.69,0.0,0.0,0.0,0.0
16101,70.96,0.0,0.0,0.0,0.0
16102,84.24,0.0,0.0,0.0,0.0
16103,97.04,0.0,0.0,0.0,0.0
16104,82.86,0.0,0.0,0.0,0.0
16105,87.64,0.0,0.0,0.0,0.0
16106,87.61,0.0,0.0,0.0,0.0
16107,85.63,0.0,0.0,0.0,0.0
16108,81.81,0.0,0.0,0.0,0.0
16109,86.9,0.0,0.0,0.0,0.0
16110,74.73,0.0,0.0,0.0,0.0
16111,90.08,0.0,0.0,0.0,0.0
16112,66.66,0.0,0.0,0.0,0.0
16113,87.24,0.0,0.0,0.0,0.0
16114,76.6,0.0,0.0,0.0,0.0
16115,59.24,0.0,0.0,0.0,0.0
16116,68.33,0.0,0.0,0.0,0.0
16117,64.08,0.0,0.0,0.0,0.0
16118,67.39,0.0,0.0,0.0,0.0
16119,55.73,0.0,0.0,0.0,0.0
16120,61.45,0.0,0.0,0.0,0.0
16121,60.8,0.0,0.0,0.0,0.0
16122,59.98,0.0,0.0,0.0,0.0
16123,59.98,0.0,0.0,0.0,0.0
16124,80.62,0.0,0.0,0.0,0.0
16125,78.01,0.0,0.0,0.0,0.0
16126,86.9,0.0,0.0,0.0,0.0
16127,76.82,0.0,0.0,0.0,0.0
16128,82.8,0.0,0.0,0.0,0.0
16129,79.03,0.0,0.0,0.0,0.0
16130,60.43,0.0,0.0,0.0,0.0
16131,85.77,0.0,0.0,0.0,0.0
16132,90.44,0.0,0.0,0.0,0.0
16133,89.57,0.0,0.0,0.0,0.0
16134,65.81,0.0,0.0,0.0,0.0
16135,87.33,0.0,0.0,0.0,0.0
16136,66.52,0.0,0.0,0.0,0.0
16137,75.97,0.0,0.0,0.0,0.0
16138,79.4,0.0,0.0,0.0,0.0
16139,78.86,0.0,0.0,0.0,0.0
16140,85.46,0.0,0.0,0.0,0.0
16141,86.37,0.0,0.0,0.0,0.0
16142,81.84,0.0,0.0,0.0,0.0
16143,84.19,0.0,0.0,0.0,0.0
16144,85.23,0.0,0.0,0.0,0.0
16145,81.55,0.0,0.0,0.0,0.0
16146,81.55,0.0,0.0,0.0,0.0
16147,85.04,0.0,0.0,0.0,0.0
16148,78.55,0.0,0.0,0.0,0.0
16149,85.18,0.0,0.0,0.0,0.0
16150,77.5,0.0,0.0,0.0,0.0
16151,74.81,0.0,0.0,0.0,0.0
16152,82.06,0.0,0.0,0.0,0.0
16153,92.57,0.0,0.0,0.0,0.0
16154,80.53,0.0,0.0,0.0,0.0
16155,80.53,0.0,0.0,0.0,0.0
16156,80.53,0.0,0.0,0.0,0.0
16157,86.54,0.0,0.0,0.0,0.0
16158,81.18,0.0,0.0,0.0,0.0
16159,79.29,0.0,0.0,0.0,0.0
16160,80.33,0.0,0.0,0.0,0.0
16161,76.91,0.0,0.0,0.0,0.0
16162,78.89,0.0,0.0,0.0,0.0
16163,99.0,0.0,0.0,0.0,0.0
16164,100.75,0.0,0.0,0.0,0.0
16165,86.65,0.0,0.0,0.0,0.0
16166,79.49,0.0,0.0,0.0,0.0
16167,65.44,0.0,0.0,0.0,0.0
16168,78.55,0.0,0.0,0.0,0.0
16169,64.59,0.0,0.0,0.0,0.0
16170,61.9,0.0,0.0,0.0,0.0
16171,47.37,0.0,0.0,0.0,0.0
16172,43.61,0.0,0.0,0.0,0.0
16173,61.33,0.0,0.0,0.0,0.0
16174,45.9,0.0,0.0,0.0,0.0
16175,61.96,0.0,0.0,0.0,0.0
16176,90.47,0.0,0.0,0.0,0.0
16177,92.0,0.0,0.0,0.0,0.0
16178,93.02,0.0,0.0,0.0,0.0
16179,119.72,0.0,0.0,0.0,0.0
16180,124.82,0.0,0.0,0.0,0.0
16181,160.75,0.0,0.0,0.0,0.0
16182,146.71,0.0,0.0,0.0,0.0
16183,125.95,0.0,0.0,0.0,0.0
16184,127.14,0.0,0.0,0.0,0.0
16185,139.97,0.0,0.0,0.0,0.0
16186,175.59,0.0,0.0,0.0,0.0
16187,185.56,0.0,0.0,0.0,0.0
16188,161.35,0.0,0.0,0.0,0.0
16189,174.49,0.0,0.0,0.0,0.0
16190,190.63,0.0,0.0,0.0,0.0
16191,145.61,0.0,0.0,0.0,0.0
16192,154.19,0.0,0.0,0.0,0.0
16193,228.38,0.0,0.0,0.0,0.0
16194,216.99,0.0,0.0,0.0,0.0
16195,216.99,0.0,0.0,0.0,0.0
16196,206.29,0.0,0.0,0.0,0.0
16197,214.13,0.0,0.0,0.0,0.0
16198,148.3,0.0,0.0,0.0,0.0
16199,117.88,0.0,0.0,0.0,0.0
16200,137.87,0.0,0.0,0.0,0.0
16201,137.87,0.0,0.0,0.0,0.0
16202,213.37,0.0,0.0,0.0,0.0
16203,239.96,0.0,0.0,0.0,0.0
16204,189.75,0.0,0.0,0.0,0.0
16205,158.35,0.0,0.0,0.0,0.0
16206,147.16,0.0,0.0,0.0,0.0
16207,129.1,0.0,0.0,0.0,0.0
16208,114.94,0.0,0.0,0.0,0.0
16209,93.93,0.0,0.0,0.0,0.0
16210,123.6,0.0,0.0,0.0,0.0
16211,103.61,0.0,0.0,0.0,0.0
16212,84.55,0.0,0.0,0.0,0.0
16213,109.64,0.0,0.0,0.0,0.0
16214,125.64,0.0,0.0,0.0,0.0
16215,184.97,0.0,0.0,0.0,0.0
16216,188.0,0.0,0.0,0.0,0.0
16217,172.87,0.0,0.0,0.0,0.0
16218,132.04,0.0,0.0,0.0,0.0
16219,127.99,0.0,0.0,0.0,0.0
16220,165.06,0.0,0.0,0.0,0.0
16221,173.89,0.0,0.0,0.0,0.0
16222,179.64,0.0,0.0,0.0,0.0
16223,160.95,0.0,0.0,0.0,0.0
16224,150.65,0.0,0.0,0.0,0.0
16225,122.1,0.0,0.0,0.0,0.0
16226,115.5,0.0,0.0,0.0,0.0
16227,125.1,0.0,0.0,0.0,0.0
16228,127.17,0.0,0.0,0.0,0.0
16229,133.54,0.0,0.0,0.0,0.0
16230,150.65,0.0,0.0,0.0,0.0
16231,169.76,0.0,0.0,0.0,0.0
16232,183.97,0.0,0.0,0.0,0.0
16233,181.31,0.0,0.0,0.0,0.0
16234,183.61,0.0,0.0,0.0,0.0
16235,177.09,0.0,0.0,0.0,0.0
16236,157.72,0.0,0.0,0.0,0.0
16237,170.86,0.0,0.0,0.0,0.0
16238,184.82,0.0,0.0,0.0,0.0
16239,190.86,0.0,0.0,0.0,0.0
16240,197.37,0.0,0.0,0.0,0.0
16241,198.93,0.0,0.0,0.0,0.0
16242,211.75,0.0,0.0,0.0,0.0
16243,186.64,0.0,0.0,0.0,0.0
16244,191.28,0.0,0.0,0.0,0.0
16245,188.0,0.0,0.0,0.0,0.0
16246,207.31,0.0,0.0,0.0,0.0
16247,208.92,0.0,0.0,0.0,0.0
16248,201.25,0.0,0.0,0.0,0.0
16249,204.45,0.0,0.0,0.0,0.0
16250,204.67,0.0,0.0,0.0,0.0
16251,195.81,0.0,0.0,0.0,0.0
16252,226.08,0.0,0.0,0.0,0.0
16253,224.38,0.0,0.0,0.0,0.0
16254,239.56,0.0,0.0,0.0,0.0
16255,227.64,0.0,0.0,0.0,0.0
16256,221.13,0.0,0.0,0.0,0.0
16257,230.58,0.0,0.0,0.0,0.0
16258,228.83,0.0,0.0,0.0,0.0
16259,246.55,0.0,0.0,0.0,0.0
16260,250.18,0.0,0.0,0.0,0.0
16261,269.26,0.0,0.0,0.0,0.0
16262,269.89,0.0,0.0,0.0,0.0
16263,271.81,0.0,0.0,0.0,0.0
16264,310.81,0.0,0.0,0.0,0.0
16265,307.12,0.0,0.0,0.0,0.0
16266,263.77,0.0,0.0,0.0,0.0
16267,293.22,0.0,0.0,0.0,0.0
16268,300.1,0.0,0.0,0.0,0.0
16269,297.78,0.0,0.0,0.0,0.0
16270,290.3,0.0,0.0,0.0,0.0
16271,249.05,0.0,0.0,0.0,0.0
16272,275.38,0.0,0.0,0.0,0.0
16273,282.97,0.0,0.0,0.0,0.0
16274,259.52,0.0,0.0,0.0,0.0
16275,274.33,0.0,0.0,0.0,0.0
16276,268.13,0.0,0.0,0.0,0.0
16277,258.42,0.0,0.0,0.0,0.0
16278,253.07,0.0,0.0,0.0,0.0
16279,247.15,0.0,0.0,0.0,0.0
16280,257.23,0.0,0.0,0.0,0.0
16281,239.02,0.0,0.0,0.0,0.0
16282,243.69,0.0,0.0,0.0,0.0
16283,229.68,0.0,0.0,0.0,0.0
16284,229.68,0.0,0.0,0.0,0.0
16285,221.21,0.0,0.0,0.0,0.0
16286,239.82,0.0,0.0,0.0,0.0
16287,248.76,0.0,0.0,0.0,0.0
16288,250.15,0.0,0.0,0.0,0.0
16289,236.22,0.0,0.0,0.0,0.0
16290,226.17,0.0,0.0,0.0,0.0
16291,235.96,0.0,0.0,0.0,0.0
16292,251.06,0.0,0.0,0.0,0.0
16293,248.62,0.0,0.0,0.0,0.0
16294,232.71,0.0,0.0,0.0,0.0
16295,232.11,0.0,0.0,0.0,0.0
16296,231.86,0.0,0.0,0.0,0.0
16297,227.64,0.0,0.0,0.0,0.0
16298,220.7,0.0,0.0,0.0,0.0
16299,232.57,0.0,0.0,0.0,0.0
16300,232.71,0.0,0.0,0.0,0.0
16301,267.62,0.0,0.0,0.0,0.0
16302,270.23,0.0,0.0,0.0,0.0
16303,281.04,0.0,0.0,0.0,0.0
16304,284.53,0.0,0.0,0.0,0.0
16305,291.27,0.0,0.0,0.0,0.0
16306,288.55,0.0,0.0,0.0,0.0
16307,273.82,0.0,0.0,0.0,0.0
16308,269.07,0.0,0.0,0.0,0.0
16309,299.54,0.0,0.0,0.0,0.0
16310,275.01,0.0,0.0,0.0,0.0
16311,278.55,0.0,0.0,0.0,0.0
16312,278.58,0.0,0.0,0.0,0.0
16313,283.31,0.0,0.0,0.0,0.0
16314,291.24,0.0,0.0,0.0,0.0
16315,357.08,0.0,0.0,0.0,0.0
16316,374.26,0.0,0.0,0.0,0.0
16317,335.98,0.0,0.0,0.0,0.0
16318,321.57,0.0,0.0,0.0,0.0
16319,302.25,0.0,0.0,0.0,0.0
16320,308.63,0.0,0.0,0.0,0.0
16321,276.88,0.0,0.0,0.0,0.0
16322,286.31,0.0,0.0,0.0,0.0
16323,286.31,0.0,0.0,0.0,0.0
16324,286.31,0.0,0.0,0.0,0.0
16325,290.22,0.0,0.0,0.0,0.0
16326,259.64,0.0,0.0,0.0,0.0
16327,261.56,0.0,0.0,0.0,0.0
16328,246.67,0.0,0.0,0.0,0.0
16329,221.49,0.0,0.0,0.0,0.0
16330,221.49,0.0,0.0,0.0,0.0
16331,221.49,0.0,0.0,0.0,0.0
16332,191.17,0.0,0.0,0.0,0.0
16333,192.64,0.0,0.0,0.0,0.0
16334,187.26,0.0,0.0,0.0,0.0
16335,190.77,0.0,0.0,0.0,0.0
16336,181.4,0.0,0.0,0.0,0.0
16337,198.93,0.0,0.0,0.0,0.0
16338,208.64,0.0,0.0,0.0,0.0
16339,215.8,0.0,0.0,0.0,0.0
16340,180.24,0.0,0.0,0.0,0.0
16341,163.02,0.0,0.0,0.0,0.0
16342,148.1,0.0,0.0,0.0,0.0
16343,162.57,0.0,0.0,0.0,0.0
16344,162.62,0.0,0.0,0.0,0.0
16345,162.62,0.0,0.0,0.0,0.0
16346,144.16,0.0,0.0,0.0,0.0
16347,139.4,0.0,0.0,0.0,0.0
16348,146.79,0.0,0.0,0.0,0.0
16349,150.93,0.0,0.0,0.0,0.0
16350,135.16,0.0,0.0,0.0,0.0
16351,134.14,0.0,0.0,0.0,0.0
16352,125.08,0.0,0.0,0.0,0.0
16353,115.87,0.0,0.0,0.0,0.0
16354,115.84,0.0,0.0,0.0,0.0
16355,108.34,0.0,0.0,0.0,0.0
16356,101.94,0.0,0.0,0.0,0.0
16357,101.91,0.0,0.0,0.0,0.0
16358,101.91,0.0,0.0,0.0,0.0
16359,101.91,0.0,0.0,0.0,0.0
16360,101.86,0.0,0.0,0.0,0.0
16361,104.69,0.0,0.0,0.0,0.0
16362,136.2,0.0,0.0,0.0,0.0
16363,112.08,0.0,0.0,0.0,0.0
16364,109.56,0.0,0.0,0.0,0.0
16365,105.03,0.0,0.0,0.0,0.0
16366,101.86,0.0,0.0,0.0,0.0
16367,102.28,0.0,0.0,0.0,0.0
16368,101.69,0.0,0.0,0.0,0.0
16369,101.66,0.0,0.0,0.0,0.0
16370,101.69,0.0,0.0,0.0,0.0
16371,102.17,0.0,0.0,0.0,0.0
16372,102.08,0.0,0.0,0.0,0.0
16373,102.28,0.0,0.0,0.0,0.0
16374,106.22,0.0,0.0,0.0,0.0
16375,99.42,0.0,0.0,0.0,0.0
16376,99.96,0.0,0.0,0.0,0.0
16377,99.96,0.0,0.0,0.0,0.0
16378,97.78,0.0,0.0,0.0,0.0
16379,113.72,0.0,0.0,0.0,0.0
16380,111.48,0.0,0.0,0.0,0.0
16381,105.74,0.0,0.0,0.0,0.0
16382,80.05,0.0,0.0,0.0,0.0
16383,79.57,0.0,0.0,0.0,0.0
16384,81.41,0.0,0.0,0.0,0.0
16385,77.02,0.0,0.0,0.0,0.0
16386,76.26,0.0,0.0,0.0,0.0
16387,87.44,0.0,0.0,0.0,0.0
16388,92.77,0.0,0.0,0.0,0.0
16389,92.77,0.0,0.0,0.0,0.0
16390,87.41,0.0,0.0,0.0,0.0
16391,93.22,0.0,0.0,0.0,0.0
16392,124.88,0.0,0.0,0.0,0.0
16393,112.36,0.0,0.0,0.0,0.0
16394,109.95,0.0,0.0,0.0,0.0
16395,109.87,0.0,0.0,0.0,0.0
16396,100.67,0.0,0.0,0.0,0.0
16397,105.17,0.0,0.0,0.0,0.0
16398,107.29,0.0,0.0,0.0,0.0
16399,108.28,0.0,0.0,0.0,0.0
16400,112.39,0.0,0.0,0.0,0.0
16401,108.11,0.0,0.0,0.0,0.0
16402,109.84,0.0,0.0,0.0,0.0
16403,101.63,0.0,0.0,0.0,0.0
16404,111.68,0.0,0.0,0.0,0.0
16405,107.32,0.0,0.0,0.0,0.0
16406,106.44,0.0,0.0,0.0,0.0
16407,115.31,0.0,0.0,0.0,0.0
16408,98.8,0.0,0.0,0.0,0.0
16409,96.96,0.0,0.0,0.0,0.0
16410,106.56,0.0,0.0,0.0,0.0
16411,105.82,0.0,0.0,0.0,0.0
16412,111.48,0.0,0.0,0.0,0.0
16413,99.39,0.0,0.0,0.0,0.0
16414,112.19,0.0,0.0,0.0,0.0
16415,105.45,0.0,0.0,0.0,0.0
16416,91.41,0.0,0.0,0.0,0.0
16417,91.41,0.0,0.0,0.0,0.0
16418,96.76,0.0,0.0,0.0,0.0
16419,96.76,0.0,0.0,0.0,0.0
16420,105.14,0.0,0.0,0.0,0.0
16421,85.55,0.0,0.0,0.0,0.0
16422,109.53,0.0,0.0,0.0,0.0
16423,95.0,0.0,0.0,0.0,0.0
16424,91.86,0.0,0.0,0.0,0.0
16425,94.95,0.0,0.0,0.0,0.0
16426,96.48,0.0,0.0,0.0,0.0
16427,97.78,0.0,0.0,0.0,0.0
16428,118.14,0.0,0.0,0.0,0.0
16429,118.14,0.0,0.0,0.0,0.0
16430,114.6,0.0,0.0,0.0,0.0
16431,105.71,0.0,0.0,0.0,0.0
16432,106.16,0.0,0.0,0.0,0.0
16433,103.27,0.0,0.0,0.0,0.0
16434,104.09,0.0,0.0,0.0,0.0
16435,106.02,0.0,0.0,0.0,0.0
16436,93.25,0.0,0.0,0.0,0.0
16437,102.79,0.0,0.0,0.0,0.0
16438,102.79,0.0,0.0,0.0,0.0
16439,98.46,0.0,0.0,0.0,0.0
16440,73.2,0.0,0.0,0.0,0.0
16441,73.2,0.0,0.0,0.0,0.0
16442,90.3,0.0,0.0,0.0,0.0
16443,87.95,0.0,0.0,0.0,0.0
16444,37.8,0.0,0.0,0.0,0.0
16445,6.6,0.0,0.0,0.0,0.0
16446,7.65,0.0,0.0,0.0,0.0
16447,52.3,0.0,0.0,0.0,0.0
16448,92.74,0.0,0.0,0.0,0.0
16449,54.4,0.0,0.0,0.0,0.0
16450,99.82,0.0,0.0,0.0,0.0
16451,99.82,0.0,0.0,0.0,0.0
16452,246.47,0.0,0.0,0.0,0.0
16453,273.0,0.0,0.0,0.0,0.0
16454,342.1,0.0,0.0,0.0,0.0
16455,516.41,0.0,0.0,0.0,0.0
16456,877.28,0.0,0.0,0.0,0.0
16457,880.51,0.0,0.0,0.0,0.0
16458,720.44,0.0,0.0,0.0,0.0
16459,674.37,0.0,0.0,0.0,0.0
16460,267.54,0.0,0.0,0.0,0.0
16461,147.53,0.0,0.0,0.0,0.0
16462,216.4,0.0,0.0,0.0,0.0
16463,388.2,0.0,0.0,0.0,0.0
16464,779.11,0.0,0.0,0.0,0.0
16465,779.11,0.0,0.0,0.0,0.0
16466,642.74,0.0,0.0,0.0,0.0
16467,631.66,0.0,0.0,0.0,0.0
16468,452.39,0.0,0.0,0.0,0.0
16469,742.04,0.0,0.0,0.0,0.0
16470,863.21,0.0,0.0,0.0,0.0
16471,1019.66,0.0,0.0,0.0,0.0
16472,982.96,0.0,0.0,0.0,0.0
16473,982.96,0.0,0.0,0.0,0.0
16474,1021.79,0.0,0.0,0.0,0.0
16475,1048.12,0.0,0.0,0.0,0.0
16476,926.95,0.0,0.0,0.0,0.0
16477,649.65,0.0,0.0,0.0,0.0
16478,649.65,0.0,0.0,0.0,0.0
16479,515.31,0.0,0.0,0.0,0.0
16480,499.65,0.0,0.0,0.0,0.0
16481,403.29,0.0,0.0,0.0,0.0
16482,298.15,0.0,0.0,0.0,0.0
16483,298.15,0.0,0.0,0.0,0.0
16484,233.9,0.0,0.0,0.0,0.0
16485,221.27,0.0,0.0,0.0,0.0
16486,197.74,0.0,0.0,0.0,0.0
16487,162.0,0.0,0.0,0.0,0.0
16488,150.28,0.0,0.0,0.0,0.0
16489,118.51,0.0,0.0,0.0,0.0
16490,118.51,0.0,0.0,0.0,0.0
16491,140.25,0.0,0.0,0.0,0.0
16492,129.55,0.0,0.0,0.0,0.0
16493,132.27,0.0,0.0,0.0,0.0
16494,132.27,0.0,0.0,0.0,0.0
16495,115.08,0.0,0.0,0.0,0.0
16496,131.05,0.0,0.0,0.0,0.0
16497,131.05,0.0,0.0,0.0,0.0
16498,122.13,0.0,0.0,0.0,0.0
16499,118.08,0.0,0.0,0.0,0.0
16500,43.44,0.0,0.0,0.0,0.0
16501,115.84,0.0,0.0,0.0,0.0
16502,121.34,0.0,0.0,0.0,0.0
16503,133.06,0.0,0.0,0.0,0.0
16504,126.15,0.0,0.0,0.0,0.0
16505,63.85,0.0,0.0,0.0,0.0
16506,248.14,0.0,0.0,0.0,0.0
16507,1160.28,0.0,0.0,0.0,0.0
16508,1426.6,0.0,0.0,0.0,0.0
16509,1436.94,0.0,0.0,0.0,0.0
16510,1260.89,0.0,0.0,0.0,0.0
16511,1337.55,0.0,0.0,0.0,0.0
16512,1918.78,0.0,0.0,0.0,0.0
16513,1383.56,0.0,0.0,0.0,0.0
16514,1897.6,0.0,0.0,0.0,0.0
16515,1769.83,0.0,0.0,0.0,0.0
16516,1231.61,0.0,0.0,0.0,0.0
16517,1271.99,0.0,0.0,0.0,0.0
16518,1242.37,0.0,0.0,0.0,0.0
16519,1246.51,0.0,0.0,0.0,0.0
16520,1241.3,0.0,0.0,0.0,0.0
16521,994.29,0.0,0.0,0.0,0.0
16522,863.55,0.0,0.0,0.0,0.0
16523,946.43,0.0,0.0,0.0,0.0
16524,761.98,0.0,0.0,0.0,0.0
16525,670.94,0.0,0.0,0.0,0.0
16526,557.22,0.0,0.0,0.0,0.0
16527,447.18,0.0,0.0,0.0,0.0
16528,448.65,0.0,0.0,0.0,0.0
16529,362.0,0.0,0.0,0.0,0.0
16530,298.32,0.0,0.0,0.0,0.0
16531,300.58,0.0,0.0,0.0,0.0
16532,260.94,0.0,0.0,0.0,0.0
16533,371.97,0.0,0.0,0.0,0.0
16534,620.45,0.0,0.0,0.0,0.0
16535,697.27,0.0,0.0,0.0,0.0
16536,636.79,0.0,0.0,0.0,0.0
16537,724.66,0.0,0.0,0.0,0.0
16538,929.87,0.0,0.0,0.0,0.0
16539,960.59,0.0,0.0,0.0,0.0
16540,799.1,0.0,0.0,0.0,0.0
16541,723.55,0.0,0.0,0.0,0.0
16542,647.18,0.0,0.0,0.0,0.0
16543,505.65,0.0,0.0,0.0,0.0
16544,467.45,0.0,0.0,0.0,0.0
16545,403.2,0.0,0.0,0.0,0.0
16546,337.93,0.0,0.0,0.0,0.0
16547,280.62,0.0,0.0,0.0,0.0
16548,201.87,0.0,0.0,0.0,0.0
16549,162.62,0.0,0.0,0.0,0.0
16550,112.05,0.0,0.0,0.0,0.0
16551,107.43,0.0,0.0,0.0,0.0
16552,116.72,0.0,0.0,0.0,0.0
16553,213.96,0.0,0.0,0.0,0.0
16554,585.39,0.0,0.0,0.0,0.0
16555,686.43,0.0,0.0,0.0,0.0
16556,670.29,0.0,0.0,0.0,0.0
16557,597.2,0.0,0.0,0.0,0.0
16558,656.75,0.0,0.0,0.0,0.0
16559,736.04,0.0,0.0,0.0,0.0
16560,807.54,0.0,0.0,0.0,0.0
16561,836.34,0.0,0.0,0.0,0.0
16562,850.72,0.0,0.0,0.0,0.0
16563,813.15,0.0,0.0,0.0,0.0
16564,856.24,0.0,0.0,0.0,0.0
16565,701.8,0.0,0.0,0.0,0.0
16566,584.06,0.0,0.0,0.0,0.0
16567,549.71,0.0,0.0,0.0,0.0
16568,510.98,0.0,0.0,0.0,0.0
16569,462.33,0.0,0.0,0.0,0.0
16570,403.32,0.0,0.0,0.0,0.0
16571,343.74,0.0,0.0,0.0,0.0
16572,277.84,0.0,0.0,0.0,0.0
16573,192.75,0.0,0.0,0.0,0.0
16574,152.43,0.0,0.0,0.0,0.0
16575,190.12,0.0,0.0,0.0,0.0
16576,317.52,0.0,0.0,0.0,0.0
16577,226.08,0.0,0.0,0.0,0.0
16578,226.31,0.0,0.0,0.0,0.0
16579,267.96,0.0,0.0,0.0,0.0
16580,260.12,0.0,0.0,0.0,0.0
16581,242.17,0.0,0.0,0.0,0.0
16582,232.34,0.0,0.0,0.0,0.0
16583,235.65,0.0,0.0,0.0,0.0
16584,258.45,0.0,0.0,0.0,0.0
16585,138.3,0.0,0.0,0.0,0.0
16586,285.89,0.0,0.0,0.0,0.0
16587,275.44,0.0,0.0,0.0,0.0
16588,254.4,0.0,0.0,0.0,0.0
16589,214.5,0.0,0.0,0.0,0.0
16590,236.59,0.0,0.0,0.0,0.0
16591,263.21,0.0,0.0,0.0,0.0
16592,270.31,0.0,0.0,0.0,0.0
16593,270.62,0.0,0.0,0.0,0.0
16594,245.99,0.0,0.0,0.0,0.0
16595,232.85,0.0,0.0,0.0,0.0
16596,248.82,0.0,0.0,0.0,0.0
16597,230.41,0.0,0.0,0.0,0.0
16598,261.22,0.0,0.0,0.0,0.0
16599,259.44,0.0,0.0,0.0,0.0
16600,249.95,0.0,0.0,0.0,0.0
16601,244.43,0.0,0.0,0.0,0.0
16602,225.23,0.0,0.0,0.0,0.0
16603,225.83,0.0,0.0,0.0,0.0
16604,199.27,0.0,0.0,0.0,0.0
16605,183.86,0.0,0.0,0.0,0.0
16606,162.62,0.0,0.0,0.0,0.0
16607,236.53,0.0,0.0,0.0,0.0
16608,288.21,0.0,0.0,0.0,0.0
16609,293.08,0.0,0.0,0.0,0.0
16610,322.02,0.0,0.0,0.0,0.0
16611,317.29,0.0,0.0,0.0,0.0
16612,307.89,0.0,0.0,0.0,0.0
16613,317.97,0.0,0.0,0.0,0.0
16614,319.92,0.0,0.0,0.0,0.0
16615,300.22,0.0,0.0,0.0,0.0
16616,354.5,0.0,0.0,0.0,0.0
16617,343.2,0.0,0.0,0.0,0.0
16618,342.69,0.0,0.0,0.0,0.0
16619,320.72,0.0,0.0,0.0,0.0
16620,331.39,0.0,0.0,0.0,0.0
16621,340.11,0.0,0.0,0.0,0.0
16622,339.26,0.0,0.0,0.0,0.0
16623,288.72,0.0,0.0,0.0,0.0
16624,320.69,0.0,0.0,0.0,0.0
16625,313.24,0.0,0.0,0.0,0.0
16626,317.49,0.0,0.0,0.0,0.0
16627,313.72,0.0,0.0,0.0,0.0
16628,361.83,0.0,0.0,0.0,0.0
16629,312.45,0.0,0.0,0.0,0.0
16630,306.93,0.0,0.0,0.0,0.0
16631,329.69,0.0,0.0,0.0,0.0
16632,321.51,0.0,0.0,0.0,0.0
16633,334.65,0.0,0.0,0.0,0.0
16634,328.22,0.0,0.0,0.0,0.0
16635,355.8,0.0,0.0,0.0,0.0
16636,303.53,0.0,0.0,0.0,0.0
16637,331.73,0.0,0.0,0.0,0.0
16638,345.41,0.0,0.0,0.0,0.0
16639,350.7,0.0,0.0,0.0,0.0
16640,350.31,0.0,0.0,0.0,0.0
16641,344.76,0.0,0.0,0.0,0.0
16642,338.41,0.0,0.0,0.0,0.0
16643,314.52,0.0,0.0,0.0,0.0
16644,325.9,0.0,0.0,0.0,0.0
16645,325.9,0.0,0.0,0.0,0.0
16646,316.72,0.0,0.0,0.0,0.0
16647,310.92,0.0,0.0,0.0,0.0
16648,311.15,0.0,0.0,0.0,0.0
16649,310.27,0.0,0.0,0.0,0.0
16650,343.37,0.0,0.0,0.0,0.0
16651,338.61,0.0,0.0,0.0,0.0
16652,321.76,0.0,0.0,0.0,0.0
16653,327.68,0.0,0.0,0.0,0.0
16654,310.78,0.0,0.0,0.0,0.0
16655,348.61,0.0,0.0,0.0,0.0
16656,327.17,0.0,0.0,0.0,0.0
16657,307.61,0.0,0.0,0.0,0.0
16658,315.76,0.0,0.0,0.0,0.0
16659,315.76,0.0,0.0,0.0,0.0
16660,315.76,0.0,0.0,0.0,0.0
16661,348.41,0.0,0.0,0.0,0.0
16662,321.74,0.0,0.0,0.0,0.0
16663,270.26,0.0,0.0,0.0,0.0
16664,278.16,0.0,0.0,0.0,0.0
16665,322.19,0.0,0.0,0.0,0.0
16666,332.24,0.0,0.0,0.0,0.0
16667,334.79,0.0,0.0,0.0,0.0
16668,350.05,0.0,0.0,0.0,0.0
16669,326.61,0.0,0.0,0.0,0.0
16670,322.16,0.0,0.0,0.0,0.0
16671,319.44,0.0,0.0,0.0,0.0
16672,317.74,0.0,0.0,0.0,0.0
16673,299.34,0.0,0.0,0.0,0.0
16674,299.34,0.0,0.0,0.0,0.0
16675,269.24,0.0,0.0,0.0,0.0
16676,265.7,0.0,0.0,0.0,0.0
16677,273.57,0.0,0.0,0.0,0.0
16678,271.05,0.0,0.0,0.0,0.0
16679,282.52,0.0,0.0,0.0,0.0
16680,282.52,0.0,0.0,0.0,0.0
16681,282.52,0.0,0.0,0.0,0.0
16682,282.52,0.0,0.0,0.0,0.0
16683,248.4,0.0,0.0,0.0,0.0
16684,256.13,0.0,0.0,0.0,0.0
16685,240.41,0.0,0.0,0.0,0.0
16686,229.73,0.0,0.0,0.0,0.0
16687,239.45,0.0,0.0,0.0,0.0
16688,243.86,0.0,0.0,0.0,0.0
16689,254.51,0.0,0.0,0.0,0.0
16690,254.51,0.0,0.0,0.0,0.0
16691,193.46,0.0,0.0,0.0,0.0
16692,278.61,0.0,0.0,0.0,0.0
16693,255.67,0.0,0.0,0.0,0.0
16694,231.38,0.0,0.0,0.0,0.0
16695,242.65,0.0,0.0,0.0,0.0
16696,240.16,0.0,0.0,0.0,0.0
16697,235.17,0.0,0.0,0.0,0.0
16698,240.04,0.0,0.0,0.0,0.0
16699,231.66,0.0,0.0,0.0,0.0
16700,223.28,0.0,0.0,0.0,0.0
16701,204.7,0.0,0.0,0.0,0.0
16702,197.23,0.0,0.0,0.0,0.0
16703,186.81,0.0,0.0,0.0,0.0
16704,211.22,0.0,0.0,0.0,0.0
16705,184.14,0.0,0.0,0.0,0.0
16706,178.25,0.0,0.0,0.0,0.0
16707,168.0,0.0,0.0,0.0,0.0
16708,200.12,0.0,0.0,0.0,0.0
16709,183.78,0.0,0.0,0.0,0.0
16710,183.78,0.0,0.0,0.0,0.0
16711,155.91,0.0,0.0,0.0,0.0
16712,131.76,0.0,0.0,0.0,0.0
16713,121.05,0.0,0.0,0.0,0.0
16714,100.3,0.0,0.0,0.0,0.0
16715,116.16,0.0,0.0,0.0,0.0
16716,118.73,0.0,0.0,0.0,0.0
16717,124.03,0.0,0.0,0.0,0.0
16718,128.64,0.0,0.0,0.0,0.0
16719,121.25,0.0,0.0,0.0,0.0
16720,126.75,0.0,0.0,0.0,0.0
16721,111.79,0.0,0.0,0.0,0.0
16722,101.91,0.0,0.0,0.0,0.0
16723,108.43,0.0,0.0,0.0,0.0
16724,112.28,0.0,0.0,0.0,0.0
16725,108.77,0.0,0.0,0.0,0.0
16726,117.8,0.0,0.0,0.0,0.0
16727,120.4,0.0,0.0,0.0,0.0
16728,108.77,0.0,0.0,0.0,0.0
16729,93.76,0.0,0.0,0.0,0.0
16730,110.12,0.0,0.0,0.0,0.0
16731,125.64,0.0,0.0,0.0,0.0
16732,112.05,0.0,0.0,0.0,0.0
16733,145.8,0.0,0.0,0.0,0.0
16734,147.33,0.0,0.0,0.0,0.0
16735,146.23,0.0,0.0,0.0,0.0
16736,136.77,0.0,0.0,0.0,0.0
16737,140.14,0.0,0.0,0.0,0.0
16738,142.6,0.0,0.0,0.0,0.0
16739,151.98,0.0,0.0,0.0,0.0
16740,145.49,0.0,0.0,0.0,0.0
16741,134.0,0.0,0.0,0.0,0.0
16742,110.61,0.0,0.0,0.0,0.0
16743,146.85,0.0,0.0,0.0,0.0
16744,112.53,0.0,0.0,0.0,0.0
16745,116.01,0.0,0.0,0.0,0.0
16746,150.19,0.0,0.0,0.0,0.0
16747,154.27,0.0,0.0,0.0,0.0
16748,126.49,0.0,0.0,0.0,0.0
16749,126.49,0.0,0.0,0.0,0.0
16750,150.76,0.0,0.0,0.0,0.0
16751,150.31,0.0,0.0,0.0,0.0
16752,132.52,0.0,0.0,0.0,0.0
16753,141.22,0.0,0.0,0.0,0.0
16754,120.63,0.0,0.0,0.0,0.0
16755,126.21,0.0,0.0,0.0,0.0
16756,128.25,0.0,0.0,0.0,0.0
16757,148.61,0.0,0.0,0.0,0.0
16758,142.21,0.0,0.0,0.0,0.0
16759,146.14,0.0,0.0,0.0,0.0
16760,133.32,0.0,0.0,0.0,0.0
16761,136.18,0.0,0.0,0.0,0.0
16762,140.03,0.0,0.0,0.0,0.0
16763,129.78,0.0,0.0,0.0,0.0
16764,148.92,0.0,0.0,0.0,0.0
16765,134.76,0.0,0.0,0.0,0.0
16766,131.76,0.0,0.0,0.0,0.0
16767,130.09,0.0,0.0,0.0,0.0
16768,128.93,0.0,0.0,0.0,0.0
16769,134.36,0.0,0.0,0.0,0.0
16770,134.67,0.0,0.0,0.0,0.0
16771,134.51,0.0,0.0,0.0,0.0
16772,140.11,0.0,0.0,0.0,0.0
16773,127.37,0.0,0.0,0.0,0.0
16774,115.48,0.0,0.0,0.0,0.0
16775,126.12,0.0,0.0,0.0,0.0
16776,141.22,0.0,0.0,0.0,0.0
16777,140.08,0.0,0.0,0.0,0.0
16778,155.15,0.0,0.0,0.0,0.0
16779,146.85,0.0,0.0,0.0,0.0
16780,138.87,0.0,0.0,0.0,0.0
16781,141.05,0.0,0.0,0.0,0.0
16782,73.45,0.0,0.0,0.0,0.0
16783,69.21,0.0,0.0,0.0,0.0
16784,99.02,0.0,0.0,0.0,0.0
16785,91.8,0.0,0.0,0.0,0.0
16786,85.72,0.0,0.0,0.0,0.0
16787,135.61,0.0,0.0,0.0,0.0
16788,133.2,0.0,0.0,0.0,0.0
16789,130.99,0.0,0.0,0.0,0.0
16790,125.84,0.0,0.0,0.0,0.0
16791,137.68,0.0,0.0,0.0,0.0
16792,136.32,0.0,0.0,0.0,0.0
16793,133.57,0.0,0.0,0.0,0.0
16794,131.28,0.0,0.0,0.0,0.0
16795,135.35,0.0,0.0,0.0,0.0
16796,139.35,0.0,0.0,0.0,0.0
16797,135.81,0.0,0.0,0.0,0.0
16798,130.43,0.0,0.0,0.0,0.0
16799,132.86,0.0,0.0,0.0,0.0
16800,116.1,0.0,0.0,0.0,0.0
16801,115.96,0.0,0.0,0.0,0.0
16802,135.95,0.0,0.0,0.0,0.0
16803,139.09,0.0,0.0,0.0,0.0
16804,136.06,0.0,0.0,0.0,0.0
16805,133.43,0.0,0.0,0.0,0.0
16806,123.63,0.0,0.0,0.0,0.0
16807,124.31,0.0,0.0,0.0,0.0
16808,122.19,0.0,0.0,0.0,0.0
16809,115.84,0.0,0.0,0.0,0.0
16810,116.75,0.0,0.0,0.0,0.0
16811,100.75,0.0,0.0,0.0,0.0
16812,104.52,0.0,0.0,0.0,0.0
16813,114.49,0.0,0.0,0.0,0.0
16814,123.18,0.0,0.0,0.0,0.0
16815,115.33,0.0,0.0,0.0,0.0
16816,120.71,0.0,0.0,0.0,0.0
16817,100.07,0.0,0.0,0.0,0.0
16818,73.6,0.0,0.0,0.0,0.0
16819,90.81,0.0,0.0,0.0,0.0
16820,88.89,0.0,0.0,0.0,0.0
16821,92.94,0.0,0.0,0.0,0.0
16822,75.18,0.0,0.0,0.0,0.0
16823,80.9,0.0,0.0,0.0,0.0
16824,96.14,0.0,0.0,0.0,0.0
16825,106.1,0.0,0.0,0.0,0.0
16826,102.56,0.0,0.0,0.0,0.0
16827,110.27,0.0,0.0,0.0,0.0
16828,274.96,0.0,0.0,0.0,0.0
16829,310.95,0.0,0.0,0.0,0.0
16830,349.37,0.0,0.0,0.0,0.0
16831,295.0,0.0,0.0,0.0,0.0
16832,245.51,0.0,0.0,0.0,0.0
16833,184.14,0.0,0.0,0.0,0.0
16834,150.31,0.0,0.0,0.0,0.0
16835,161.24,0.0,0.0,0.0,0.0
16836,111.31,0.0,0.0,0.0,0.0
16837,87.07,0.0,0.0,0.0,0.0
16838,202.18,0.0,0.0,0.0,0.0
16839,234.97,0.0,0.0,0.0,0.0
16840,255.81,0.0,0.0,0.0,0.0
16841,210.03,0.0,0.0,0.0,0.0
16842,443.19,0.0,0.0,0.0,0.0
16843,484.22,0.0,0.0,0.0,0.0
16844,538.27,0.0,0.0,0.0,0.0
16845,780.21,0.0,0.0,0.0,0.0
16846,856.39,0.0,0.0,0.0,0.0
16847,835.12,0.0,0.0,0.0,0.0
16848,675.56,0.0,0.0,0.0,0.0
16849,687.5,0.0,0.0,0.0,0.0
16850,767.41,0.0,0.0,0.0,0.0
16851,879.12,0.0,0.0,0.0,0.0
16852,851.43,0.0,0.0,0.0,0.0
16853,931.79,0.0,0.0,0.0,0.0
16854,392.44,0.0,0.0,0.0,0.0
16855,1402.34,0.0,0.0,0.0,0.0
16856,1472.36,0.0,0.0,0.0,0.0
16857,1421.05,0.0,0.0,0.0,0.0
16858,1473.07,0.0,0.0,0.0,0.0
16859,1296.01,0.0,0.0,0.0,0.0
16860,1183.84,0.0,0.0,0.0,0.0
16861,924.91,0.0,0.0,0.0,0.0
16862,985.74,0.0,0.0,0.0,0.0
16863,960.68,0.0,0.0,0.0,0.0
16864,845.8,0.0,0.0,0.0,0.0
16865,877.0,0.0,0.0,0.0,0.0
16866,717.63,0.0,0.0,0.0,0.0
16867,572.93,0.0,0.0,0.0,0.0
16868,604.88,0.0,0.0,0.0,0.0
16869,576.7,0.0,0.0,0.0,0.0
16870,578.65,0.0,0.0,0.0,0.0
16871,488.3,0.0,0.0,0.0,0.0
16872,415.78,0.0,0.0,0.0,0.0
16873,384.83,0.0,0.0,0.0,0.0
16874,442.03,0.0,0.0,0.0,0.0
16875,446.84,0.0,0.0,0.0,0.0
16876,390.12,0.0,0.0,0.0,0.0
16877,390.12,0.0,0.0,0.0,0.0
16878,241.12,0.0,0.0,0.0,0.0
16879,270.6,0.0,0.0,0.0,0.0
16880,264.76,0.0,0.0,0.0,0.0
16881,212.66,0.0,0.0,0.0,0.0
16882,188.31,0.0,0.0,0.0,0.0
16883,180.86,0.0,0.0,0.0,0.0
16884,141.58,0.0,0.0,0.0,0.0
16885,142.6,0.0,0.0,0.0,0.0
16886,137.53,0.0,0.0,0.0,0.0
16887,133.37,0.0,0.0,0.0,0.0
16888,149.94,0.0,0.0,0.0,0.0
16889,122.58,0.0,0.0,0.0,0.0
16890,130.99,0.0,0.0,0.0,0.0
16891,119.27,0.0,0.0,0.0,0.0
16892,121.65,0.0,0.0,0.0,0.0
16893,128.95,0.0,0.0,0.0,0.0
16894,112.7,0.0,0.0,0.0,0.0
16895,113.18,0.0,0.0,0.0,0.0
16896,120.77,0.0,0.0,0.0,0.0
16897,119.95,0.0,0.0,0.0,0.0
16898,117.57,0.0,0.0,0.0,0.0
16899,115.53,0.0,0.0,0.0,0.0
16900,127.14,0.0,0.0,0.0,0.0
16901,110.97,0.0,0.0,0.0,0.0
16902,112.19,0.0,0.0,0.0,0.0
16903,124.82,0.0,0.0,0.0,0.0
16904,126.04,0.0,0.0,0.0,0.0
16905,135.69,0.0,0.0,0.0,0.0
16906,122.02,0.0,0.0,0.0,0.0
16907,117.23,0.0,0.0,0.0,0.0
16908,122.87,0.0,0.0,0.0,0.0
16909,119.13,0.0,0.0,0.0,0.0
16910,108.06,0.0,0.0,0.0,0.0
16911,106.58,0.0,0.0,0.0,0.0
16912,89.34,0.0,0.0,0.0,0.0
16913,92.03,0.0,0.0,0.0,0.0
16914,98.83,0.0,0.0,0.0,0.0
16915,99.14,0.0,0.0,0.0,0.0
16916,98.71,0.0,0.0,0.0,0.0
16917,114.2,0.0,0.0,0.0,0.0
16918,128.33,0.0,0.0,0.0,0.0
16919,154.21,0.0,0.0,0.0,0.0
16920,166.87,0.0,0.0,0.0,0.0
16921,163.25,0.0,0.0,0.0,0.0
16922,163.59,0.0,0.0,0.0,0.0
16923,194.06,0.0,0.0,0.0,0.0
16924,198.08,0.0,0.0,0.0,0.0
16925,170.64,0.0,0.0,0.0,0.0
16926,160.61,0.0,0.0,0.0,0.0
16927,150.5,0.0,0.0,0.0,0.0
16928,153.93,0.0,0.0,0.0,0.0
16929,155.66,0.0,0.0,0.0,0.0
16930,154.61,0.0,0.0,0.0,0.0
16931,179.3,0.0,0.0,0.0,0.0
16932,206.12,0.0,0.0,0.0,0.0
16933,221.27,0.0,0.0,0.0,0.0
16934,224.64,0.0,0.0,0.0,0.0
16935,232.79,0.0,0.0,0.0,0.0
16936,256.18,0.0,0.0,0.0,0.0
16937,257.57,0.0,0.0,0.0,0.0
16938,222.8,0.0,0.0,0.0,0.0
16939,180.83,0.0,0.0,0.0,0.0
16940,161.32,0.0,0.0,0.0,0.0
16941,398.19,0.0,0.0,0.0,0.0
16942,397.6,0.0,0.0,0.0,0.0
16943,419.23,0.0,0.0,0.0,0.0
16944,478.58,0.0,0.0,0.0,0.0
16945,423.28,0.0,0.0,0.0,0.0
16946,386.52,0.0,0.0,0.0,0.0
16947,407.05,0.0,0.0,0.0,0.0
16948,329.44,0.0,0.0,0.0,0.0
16949,278.07,0.0,0.0,0.0,0.0
16950,328.36,0.0,0.0,0.0,0.0
16951,376.76,0.0,0.0,0.0,0.0
16952,369.11,0.0,0.0,0.0,0.0
16953,369.11,0.0,0.0,0.0,0.0
16954,367.72,0.0,0.0,0.0,0.0
16955,345.92,0.0,0.0,0.0,0.0
16956,403.15,0.0,0.0,0.0,0.0
16957,368.49,0.0,0.0,0.0,0.0
16958,402.78,0.0,0.0,0.0,0.0
16959,405.13,0.0,0.0,0.0,0.0
16960,394.71,0.0,0.0,0.0,0.0
16961,348.92,0.0,0.0,0.0,0.0
16962,388.0,0.0,0.0,0.0,0.0
16963,357.05,0.0,0.0,0.0,0.0
16964,341.98,0.0,0.0,0.0,0.0
16965,337.42,0.0,0.0,0.0,0.0
16966,338.81,0.0,0.0,0.0,0.0
16967,359.74,0.0,0.0,0.0,0.0
16968,319.61,0.0,0.0,0.0,0.0
16969,327.0,0.0,0.0,0.0,0.0
16970,298.37,0.0,0.0,0.0,0.0
16971,328.84,0.0,0.0,0.0,0.0
16972,272.52,0.0,0.0,0.0,0.0
16973,306.7,0.0,0.0,0.0,0.0
16974,266.97,0.0,0.0,0.0,0.0
16975,300.1,0.0,0.0,0.0,0.0
16976,291.72,0.0,0.0,0.0,0.0
16977,288.15,0.0,0.0,0.0,0.0
16978,236.9,0.0,0.0,0.0,0.0
16979,256.13,0.0,0.0,0.0,0.0
16980,270.71,0.0,0.0,0.0,0.0
16981,270.37,0.0,0.0,0.0,0.0
16982,272.21,0.0,0.0,0.0,0.0
16983,294.41,0.0,0.0,0.0,0.0
16984,329.04,0.0,0.0,0.0,0.0
16985,337.06,0.0,0.0,0.0,0.0
16986,327.68,0.0,0.0,0.0,0.0
16987,314.94,0.0,0.0,0.0,0.0
16988,314.18,0.0,0.0,0.0,0.0
16989,326.21,0.0,0.0,0.0,0.0
16990,326.41,0.0,0.0,0.0,0.0
16991,322.76,0.0,0.0,0.0,0.0
16992,335.55,0.0,0.0,0.0,0.0
16993,326.69,0.0,0.0,0.0,0.0
16994,338.02,0.0,0.0,0.0,0.0
16995,342.21,0.0,0.0,0.0,0.0
16996,334.14,0.0,0.0,0.0,0.0
16997,294.55,0.0,0.0,0.0,0.0
16998,295.54,0.0,0.0,0.0,0.0
16999,287.64,0.0,0.0,0.0,0.0
17000,293.9,0.0,0.0,0.0,0.0
17001,272.55,0.0,0.0,0.0,0.0
17002,307.86,0.0,0.0,0.0,0.0
17003,303.19,0.0,0.0,0.0,0.0
17004,305.54,0.0,0.0,0.0,0.0
17005,304.04,0.0,0.0,0.0,0.0
17006,328.65,0.0,0.0,0.0,0.0
17007,325.36,0.0,0.0,0.0,0.0
17008,309.39,0.0,0.0,0.0,0.0
17009,309.59,0.0,0.0,0.0,0.0
17010,323.92,0.0,0.0,0.0,0.0
17011,333.74,0.0,0.0,0.0,0.0
17012,334.05,0.0,0.0,0.0,0.0
17013,331.79,0.0,0.0,0.0,0.0
17014,339.07,0.0,0.0,0.0,0.0
17015,325.39,0.0,0.0,0.0,0.0
17016,311.63,0.0,0.0,0.0,0.0
17017,281.87,0.0,0.0,0.0,0.0
17018,285.77,0.0,0.0,0.0,0.0
17019,312.16,0.0,0.0,0.0,0.0
17020,365.91,0.0,0.0,0.0,0.0
17021,357.16,0.0,0.0,0.0,0.0
17022,385.02,0.0,0.0,0.0,0.0
17023,340.76,0.0,0.0,0.0,0.0
17024,376.64,0.0,0.0,0.0,0.0
17025,343.4,0.0,0.0,0.0,0.0
17026,355.09,0.0,0.0,0.0,0.0
17027,337.74,0.0,0.0,0.0,0.0
17028,330.26,0.0,0.0,0.0,0.0
17029,325.96,0.0,0.0,0.0,0.0
17030,318.2,0.0,0.0,0.0,0.0
17031,264.48,0.0,0.0,0.0,0.0
17032,303.02,0.0,0.0,0.0,0.0
17033,341.16,0.0,0.0,0.0,0.0
17034,353.88,0.0,0.0,0.0,0.0
17035,379.87,0.0,0.0,0.0,0.0
17036,327.12,0.0,0.0,0.0,0.0
17037,310.66,0.0,0.0,0.0,0.0
17038,323.58,0.0,0.0,0.0,0.0
17039,326.63,0.0,0.0,0.0,0.0
17040,324.45,0.0,0.0,0.0,0.0
17041,315.42,0.0,0.0,0.0,0.0
17042,283.28,0.0,0.0,0.0,0.0
17043,245.9,0.0,0.0,0.0,0.0
17044,245.45,0.0,0.0,0.0,0.0
17045,277.34,0.0,0.0,0.0,0.0
17046,267.71,0.0,0.0,0.0,0.0
17047,246.05,0.0,0.0,0.0,0.0
17048,231.12,0.0,0.0,0.0,0.0
17049,221.38,0.0,0.0,0.0,0.0
17050,183.97,0.0,0.0,0.0,0.0
17051,225.37,0.0,0.0,0.0,0.0
17052,217.93,0.0,0.0,0.0,0.0
17053,218.44,0.0,0.0,0.0,0.0
17054,217.64,0.0,0.0,0.0,0.0
17055,202.83,0.0,0.0,0.0,0.0
17056,189.27,0.0,0.0,0.0,0.0
17057,211.64,0.0,0.0,0.0,0.0
17058,226.34,0.0,0.0,0.0,0.0
17059,211.75,0.0,0.0,0.0,0.0
17060,201.67,0.0,0.0,0.0,0.0
17061,202.64,0.0,0.0,0.0,0.0
17062,197.4,0.0,0.0,0.0,0.0
17063,196.52,0.0,0.0,0.0,0.0
17064,196.69,0.0,0.0,0.0,0.0
17065,197.71,0.0,0.0,0.0,0.0
17066,205.78,0.0,0.0,0.0,0.0
17067,204.53,0.0,0.0,0.0,0.0
17068,204.05,0.0,0.0,0.0,0.0
17069,190.12,0.0,0.0,0.0,0.0
17070,189.84,0.0,0.0,0.0,0.0
17071,182.08,0.0,0.0,0.0,0.0
17072,150.39,0.0,0.0,0.0,0.0
17073,148.3,0.0,0.0,0.0,0.0
17074,148.58,0.0,0.0,0.0,0.0
17075,154.5,0.0,0.0,0.0,0.0
17076,134.19,0.0,0.0,0.0,0.0
17077,141.95,0.0,0.0,0.0,0.0
17078,136.66,0.0,0.0,0.0,0.0
17079,116.27,0.0,0.0,0.0,0.0
17080,137.87,0.0,0.0,0.0,0.0
17081,119.98,0.0,0.0,0.0,0.0
17082,129.92,0.0,0.0,0.0,0.0
17083,131.08,0.0,0.0,0.0,0.0
17084,111.77,0.0,0.0,0.0,0.0
17085,106.22,0.0,0.0,0.0,0.0
17086,108.06,0.0,0.0,0.0,0.0
17087,104.6,0.0,0.0,0.0,0.0
17088,104.57,0.0,0.0,0.0,0.0
17089,105.14,0.0,0.0,0.0,0.0
17090,105.51,0.0,0.0,0.0,0.0
17091,105.71,0.0,0.0,0.0,0.0
17092,105.96,0.0,0.0,0.0,0.0
17093,126.21,0.0,0.0,0.0,0.0
17094,130.68,0.0,0.0,0.0,0.0
17095,118.34,0.0,0.0,0.0,0.0
17096,122.87,0.0,0.0,0.0,0.0
17097,120.01,0.0,0.0,0.0,0.0
17098,124.25,0.0,0.0,0.0,0.0
17099,121.56,0.0,0.0,0.0,0.0
17100,122.81,0.0,0.0,0.0,0.0
17101,130.51,0.0,0.0,0.0,0.0
17102,132.15,0.0,0.0,0.0,0.0
17103,132.04,0.0,0.0,0.0,0.0
17104,144.13,0.0,0.0,0.0,0.0
17105,127.03,0.0,0.0,0.0,0.0
17106,108.0,0.0,0.0,0.0,0.0
17107,150.48,0.0,0.0,0.0,0.0
17108,133.8,0.0,0.0,0.0,0.0
17109,158.4,0.0,0.0,0.0,0.0
17110,143.57,0.0,0.0,0.0,0.0
17111,140.17,0.0,0.0,0.0,0.0
17112,138.84,0.0,0.0,0.0,0.0
17113,123.09,0.0,0.0,0.0,0.0
17114,123.09,0.0,0.0,0.0,0.0
17115,130.85,0.0,0.0,0.0,0.0
17116,97.24,0.0,0.0,0.0,0.0
17117,152.8,0.0,0.0,0.0,0.0
17118,159.25,0.0,0.0,0.0,0.0
17119,147.36,0.0,0.0,0.0,0.0
17120,145.07,0.0,0.0,0.0,0.0
17121,144.61,0.0,0.0,0.0,0.0
17122,124.25,0.0,0.0,0.0,0.0
17123,128.59,0.0,0.0,0.0,0.0
17124,141.1,0.0,0.0,0.0,0.0
17125,121.68,0.0,0.0,0.0,0.0
17126,79.03,0.0,0.0,0.0,0.0
17127,133.03,0.0,0.0,0.0,0.0
17128,131.79,0.0,0.0,0.0,0.0
17129,139.26,0.0,0.0,0.0,0.0
17130,141.27,0.0,0.0,0.0,0.0
17131,132.69,0.0,0.0,0.0,0.0
17132,141.24,0.0,0.0,0.0,0.0
17133,145.32,0.0,0.0,0.0,0.0
17134,134.34,0.0,0.0,0.0,0.0
17135,127.88,0.0,0.0,0.0,0.0
17136,125.67,0.0,0.0,0.0,0.0
17137,131.73,0.0,0.0,0.0,0.0
17138,127.94,0.0,0.0,0.0,0.0
17139,134.62,0.0,0.0,0.0,0.0
17140,133.77,0.0,0.0,0.0,0.0
17141,126.29,0.0,0.0,0.0,0.0
17142,123.86,0.0,0.0,0.0,0.0
17143,211.64,0.0,0.0,0.0,0.0
17144,260.18,0.0,0.0,0.0,0.0
17145,318.11,0.0,0.0,0.0,0.0
17146,627.76,0.0,0.0,0.0,0.0
17147,836.2,0.0,0.0,0.0,0.0
17148,895.72,0.0,0.0,0.0,0.0
17149,761.67,0.0,0.0,0.0,0.0
17150,842.85,0.0,0.0,0.0,0.0
17151,686.03,0.0,0.0,0.0,0.0
17152,582.79,0.0,0.0,0.0,0.0
17153,530.37,0.0,0.0,0.0,0.0
17154,460.77,0.0,0.0,0.0,0.0
17155,465.47,0.0,0.0,0.0,0.0
17156,461.71,0.0,0.0,0.0,0.0
17157,462.36,0.0,0.0,0.0,0.0
17158,444.43,0.0,0.0,0.0,0.0
17159,419.49,0.0,0.0,0.0,0.0
17160,350.11,0.0,0.0,0.0,0.0
17161,307.46,0.0,0.0,0.0,0.0
17162,275.64,0.0,0.0,0.0,0.0
17163,498.12,0.0,0.0,0.0,0.0
17164,684.22,0.0,0.0,0.0,0.0
17165,1031.55,0.0,0.0,0.0,0.0
17166,1149.83,0.0,0.0,0.0,0.0
17167,593.8,0.0,0.0,0.0,0.0
17168,230.78,0.0,0.0,0.0,0.0
17169,1219.32,0.0,0.0,0.0,0.0
17170,1834.34,0.0,0.0,0.0,0.0
17171,2098.11,0.0,0.0,0.0,0.0
17172,1773.94,0.0,0.0,0.0,0.0
17173,1244.41,0.0,0.0,0.0,0.0
17174,1309.54,0.0,0.0,0.0,0.0
17175,1378.27,0.0,0.0,0.0,0.0
17176,1357.25,0.0,0.0,0.0,0.0
17177,1433.0,0.0,0.0,0.0,0.0
17178,1411.57,0.0,0.0,0.0,0.0
17179,1493.43,0.0,0.0,0.0,0.0
17180,1464.86,0.0,0.0,0.0,0.0
17181,1449.2,0.0,0.0,0.0,0.0
17182,1360.03,0.0,0.0,0.0,0.0
17183,1174.44,0.0,0.0,0.0,0.0
17184,912.31,0.0,0.0,0.0,0.0
17185,893.11,0.0,0.0,0.0,0.0
17186,848.6,0.0,0.0,0.0,0.0
17187,651.88,0.0,0.0,0.0,0.0
17188,804.37,0.0,0.0,0.0,0.0
17189,933.72,0.0,0.0,0.0,0.0
17190,880.26,0.0,0.0,0.0,0.0
17191,974.5,0.0,0.0,0.0,0.0
17192,684.02,0.0,0.0,0.0,0.0
17193,497.33,0.0,0.0,0.0,0.0
17194,511.01,0.0,0.0,0.0,0.0
17195,702.94,0.0,0.0,0.0,0.0
17196,889.09,0.0,0.0,0.0,0.0
17197,969.03,0.0,0.0,0.0,0.0
17198,933.21,0.0,0.0,0.0,0.0
17199,831.78,0.0,0.0,0.0,0.0
17200,643.5,0.0,0.0,0.0,0.0
17201,558.27,0.0,0.0,0.0,0.0
17202,597.09,0.0,0.0,0.0,0.0
17203,695.32,0.0,0.0,0.0,0.0
17204,643.27,0.0,0.0,0.0,0.0
17205,671.0,0.0,0.0,0.0,0.0
17206,550.85,0.0,0.0,0.0,0.0
17207,474.56,0.0,0.0,0.0,0.0
17208,446.13,0.0,0.0,0.0,0.0
17209,372.96,0.0,0.0,0.0,0.0
17210,284.22,0.0,0.0,0.0,0.0
17211,247.89,0.0,0.0,0.0,0.0
17212,172.62,0.0,0.0,0.0,0.0
17213,147.05,0.0,0.0,0.0,0.0
17214,130.54,0.0,0.0,0.0,0.0
17215,102.76,0.0,0.0,0.0,0.0
17216,111.12,0.0,0.0,0.0,0.0
17217,94.97,0.0,0.0,0.0,0.0
17218,92.88,0.0,0.0,0.0,0.0
17219,99.62,0.0,0.0,0.0,0.0
17220,111.06,0.0,0.0,0.0,0.0
17221,105.0,0.0,0.0,0.0,0.0
17222,125.84,0.0,0.0,0.0,0.0
17223,91.04,0.0,0.0,0.0,0.0
17224,86.17,0.0,0.0,0.0,0.0
17225,108.06,0.0,0.0,0.0,0.0
17226,98.2,0.0,0.0,0.0,0.0
17227,105.08,0.0,0.0,0.0,0.0
17228,103.41,0.0,0.0,0.0,0.0
17229,104.15,0.0,0.0,0.0,0.0
17230,93.59,0.0,0.0,0.0,0.0
17231,115.62,0.0,0.0,0.0,0.0
17232,117.37,0.0,0.0,0.0,0.0
17233,118.25,0.0,0.0,0.0,0.0
17234,114.23,0.0,0.0,0.0,0.0
17235,117.03,0.0,0.0,0.0,0.0
17236,121.48,0.0,0.0,0.0,0.0
17237,111.51,0.0,0.0,0.0,0.0
17238,115.7,0.0,0.0,0.0,0.0
17239,110.97,0.0,0.0,0.0,0.0
17240,137.87,0.0,0.0,0.0,0.0
17241,135.67,0.0,0.0,0.0,0.0
17242,137.39,0.0,0.0,0.0,0.0
17243,104.4,0.0,0.0,0.0,0.0
17244,119.61,0.0,0.0,0.0,0.0
17245,127.0,0.0,0.0,0.0,0.0
17246,123.74,0.0,0.0,0.0,0.0
17247,132.49,0.0,0.0,0.0,0.0
17248,133.29,0.0,0.0,0.0,0.0
17249,141.41,0.0,0.0,0.0,0.0
17250,141.27,0.0,0.0,0.0,0.0
17251,138.81,0.0,0.0,0.0,0.0
17252,146.91,0.0,0.0,0.0,0.0
17253,145.72,0.0,0.0,0.0,0.0
17254,143.68,0.0,0.0,0.0,0.0
17255,137.68,0.0,0.0,0.0,0.0
17256,128.47,0.0,0.0,0.0,0.0
17257,141.92,0.0,0.0,0.0,0.0
17258,136.43,0.0,0.0,0.0,0.0
17259,135.24,0.0,0.0,0.0,0.0
17260,124.42,0.0,0.0,0.0,0.0
17261,127.91,0.0,0.0,0.0,0.0
17262,128.62,0.0,0.0,0.0,0.0
17263,134.28,0.0,0.0,0.0,0.0
17264,118.45,0.0,0.0,0.0,0.0
17265,133.57,0.0,0.0,0.0,0.0
17266,149.4,0.0,0.0,0.0,0.0
17267,148.41,0.0,0.0,0.0,0.0
17268,127.45,0.0,0.0,0.0,0.0
17269,131.02,0.0,0.0,0.0,0.0
17270,148.89,0.0,0.0,0.0,0.0
17271,164.52,0.0,0.0,0.0,0.0
17272,170.07,0.0,0.0,0.0,0.0
17273,170.1,0.0,0.0,0.0,0.0
17274,154.84,0.0,0.0,0.0,0.0
17275,143.17,0.0,0.0,0.0,0.0
17276,137.42,0.0,0.0,0.0,0.0
17277,138.98,0.0,0.0,0.0,0.0
17278,127.77,0.0,0.0,0.0,0.0
17279,137.73,0.0,0.0,0.0,0.0
17280,150.19,0.0,0.0,0.0,0.0
17281,150.08,0.0,0.0,0.0,0.0
17282,156.51,0.0,0.0,0.0,0.0
17283,183.29,0.0,0.0,0.0,0.0
17284,171.03,0.0,0.0,0.0,0.0
17285,179.67,0.0,0.0,0.0,0.0
17286,201.02,0.0,0.0,0.0,0.0
17287,171.85,0.0,0.0,0.0,0.0
17288,165.26,0.0,0.0,0.0,0.0
17289,160.78,0.0,0.0,0.0,0.0
17290,165.85,0.0,0.0,0.0,0.0
17291,159.79,0.0,0.0,0.0,0.0
17292,161.46,0.0,0.0,0.0,0.0
17293,181.09,0.0,0.0,0.0,0.0
17294,204.19,0.0,0.0,0.0,0.0
17295,184.8,0.0,0.0,0.0,0.0
17296,186.61,0.0,0.0,0.0,0.0
17297,209.91,0.0,0.0,0.0,0.0
17298,226.79,0.0,0.0,0.0,0.0
17299,227.36,0.0,0.0,0.0,0.0
17300,215.92,0.0,0.0,0.0,0.0
17301,212.18,0.0,0.0,0.0,0.0
17302,217.64,0.0,0.0,0.0,0.0
17303,210.82,0.0,0.0,0.0,0.0
17304,202.27,0.0,0.0,0.0,0.0
17305,207.22,0.0,0.0,0.0,0.0
17306,205.24,0.0,0.0,0.0,0.0
17307,211.7,0.0,0.0,0.0,0.0
17308,219.14,0.0,0.0,0.0,0.0
17309,219.2,0.0,0.0,0.0,0.0
17310,209.4,0.0,0.0,0.0,0.0
17311,229.11,0.0,0.0,0.0,0.0
17312,243.86,0.0,0.0,0.0,0.0
17313,235.11,0.0,0.0,0.0,0.0
17314,227.58,0.0,0.0,0.0,0.0
17315,214.84,0.0,0.0,0.0,0.0
17316,184.43,0.0,0.0,0.0,0.0
17317,203.17,0.0,0.0,0.0,0.0
17318,203.77,0.0,0.0,0.0,0.0
17319,216.62,0.0,0.0,0.0,0.0
17320,217.67,0.0,0.0,0.0,0.0
17321,222.66,0.0,0.0,0.0,0.0
17322,169.19,0.0,0.0,0.0,0.0
17323,206.68,0.0,0.0,0.0,0.0
17324,222.97,0.0,0.0,0.0,0.0
17325,226.08,0.0,0.0,0.0,0.0
17326,239.76,0.0,0.0,0.0,0.0
17327,238.77,0.0,0.0,0.0,0.0
17328,251.06,0.0,0.0,0.0,0.0
17329,270.23,0.0,0.0,0.0,0.0
17330,297.72,0.0,0.0,0.0,0.0
17331,327.63,0.0,0.0,0.0,0.0
17332,349.85,0.0,0.0,0.0,0.0
17333,364.52,0.0,0.0,0.0,0.0
17334,341.27,0.0,0.0,0.0,0.0
17335,351.33,0.0,0.0,0.0,0.0
17336,348.98,0.0,0.0,0.0,0.0
17337,347.14,0.0,0.0,0.0,0.0
17338,323.44,0.0,0.0,0.0,0.0
17339,332.44,0.0,0.0,0.0,0.0
17340,338.1,0.0,0.0,0.0,0.0
17341,341.27,0.0,0.0,0.0,0.0
17342,321.54,0.0,0.0,0.0,0.0
17343,331.25,0.0,0.0,0.0,0.0
17344,323.1,0.0,0.0,0.0,0.0
17345,354.19,0.0,0.0,0.0,0.0
17346,359.65,0.0,0.0,0.0,0.0
17347,317.15,0.0,0.0,0.0,0.0
17348,346.65,0.0,0.0,0.0,0.0
17349,357.95,0.0,0.0,0.0,0.0
17350,349.43,0.0,0.0,0.0,0.0
17351,337.57,0.0,0.0,0.0,0.0
17352,354.3,0.0,0.0,0.0,0.0
17353,349.85,0.0,0.0,0.0,0.0
17354,339.83,0.0,0.0,0.0,0.0
17355,319.95,0.0,0.0,0.0,0.0
17356,335.5,0.0,0.0,0.0,0.0
17357,353.85,0.0,0.0,0.0,0.0
17358,355.23,0.0,0.0,0.0,0.0
17359,350.99,0.0,0.0,0.0,0.0
17360,351.02,0.0,0.0,0.0,0.0
17361,353.73,0.0,0.0,0.0,0.0
17362,360.62,0.0,0.0,0.0,0.0
17363,356.17,0.0,0.0,0.0,0.0
17364,356.25,0.0,0.0,0.0,0.0
17365,342.49,0.0,0.0,0.0,0.0
17366,348.75,0.0,0.0,0.0,0.0
17367,348.5,0.0,0.0,0.0,0.0
17368,351.58,0.0,0.0,0.0,0.0
17369,352.26,0.0,0.0,0.0,0.0
17370,358.21,0.0,0.0,0.0,0.0
17371,353.79,0.0,0.0,0.0,0.0
17372,355.46,0.0,0.0,0.0,0.0
17373,350.19,0.0,0.0,0.0,0.0
17374,353.59,0.0,0.0,0.0,0.0
17375,312.87,0.0,0.0,0.0,0.0
17376,332.3,0.0,0.0,0.0,0.0
17377,314.37,0.0,0.0,0.0,0.0
17378,320.58,0.0,0.0,0.0,0.0
17379,342.12,0.0,0.0,0.0,0.0
17380,354.22,0.0,0.0,0.0,0.0
17381,340.34,0.0,0.0,0.0,0.0
17382,376.73,0.0,0.0,0.0,0.0
17383,367.04,0.0,0.0,0.0,0.0
17384,338.75,0.0,0.0,0.0,0.0
17385,320.01,0.0,0.0,0.0,0.0
17386,335.95,0.0,0.0,0.0,0.0
17387,341.67,0.0,0.0,0.0,0.0
17388,321.57,0.0,0.0,0.0,0.0
17389,329.32,0.0,0.0,0.0,0.0
17390,338.44,0.0,0.0,0.0,0.0
17391,328.7,0.0,0.0,0.0,0.0
17392,312.5,0.0,0.0,0.0,0.0
17393,313.01,0.0,0.0,0.0,0.0
17394,296.34,0.0,0.0,0.0,0.0
17395,292.46,0.0,0.0,0.0,0.0
17396,270.77,0.0,0.0,0.0,0.0
17397,257.88,0.0,0.0,0.0,0.0
17398,260.83,0.0,0.0,0.0,0.0
17399,264.11,0.0,0.0,0.0,0.0
17400,257.26,0.0,0.0,0.0,0.0
17401,244.09,0.0,0.0,0.0,0.0
17402,238.51,0.0,0.0,0.0,0.0
17403,225.83,0.0,0.0,0.0,0.0
17404,232.14,0.0,0.0,0.0,0.0
17405,213.96,0.0,0.0,0.0,0.0
17406,223.62,0.0,0.0,0.0,0.0
17407,211.84,0.0,0.0,0.0,0.0
17408,203.43,0.0,0.0,0.0,0.0
17409,214.08,0.0,0.0,0.0,0.0
17410,231.07,0.0,0.0,0.0,0.0
17411,269.41,0.0,0.0,0.0,0.0
17412,258.73,0.0,0.0,0.0,0.0
17413,280.56,0.0,0.0,0.0,0.0
17414,289.43,0.0,0.0,0.0,0.0
17415,304.52,0.0,0.0,0.0,0.0
17416,320.49,0.0,0.0,0.0,0.0
17417,282.01,0.0,0.0,0.0,0.0
17418,231.83,0.0,0.0,0.0,0.0
17419,239.65,0.0,0.0,0.0,0.0
17420,255.9,0.0,0.0,0.0,0.0
17421,274.14,0.0,0.0,0.0,0.0
17422,192.81,0.0,0.0,0.0,0.0
17423,215.89,0.0,0.0,0.0,0.0
17424,226.82,0.0,0.0,0.0,0.0
17425,217.64,0.0,0.0,0.0,0.0
17426,236.76,0.0,0.0,0.0,0.0
17427,212.18,0.0,0.0,0.0,0.0
17428,213.14,0.0,0.0,0.0,0.0
17429,197.48,0.0,0.0,0.0,0.0
17430,197.71,0.0,0.0,0.0,0.0
17431,198.05,0.0,0.0,0.0,0.0
17432,197.65,0.0,0.0,0.0,0.0
17433,190.86,0.0,0.0,0.0,0.0
17434,203.48,0.0,0.0,0.0,0.0
17435,199.46,0.0,0.0,0.0,0.0
17436,194.88,0.0,0.0,0.0,0.0
17437,193.21,0.0,0.0,0.0,0.0
17438,205.95,0.0,0.0,0.0,0.0
17439,208.44,0.0,0.0,0.0,0.0
17440,185.19,0.0,0.0,0.0,0.0
17441,172.96,0.0,0.0,0.0,0.0
17442,158.69,0.0,0.0,0.0,0.0
17443,158.89,0.0,0.0,0.0,0.0
17444,137.39,0.0,0.0,0.0,0.0
17445,145.75,0.0,0.0,0.0,0.0
17446,148.35,0.0,0.0,0.0,0.0
17447,137.68,0.0,0.0,0.0,0.0
17448,151.95,0.0,0.0,0.0,0.0
17449,106.87,0.0,0.0,0.0,0.0
17450,118.59,0.0,0.0,0.0,0.0
17451,130.8,0.0,0.0,0.0,0.0
17452,119.04,0.0,0.0,0.0,0.0
17453,122.84,0.0,0.0,0.0,0.0
17454,119.98,0.0,0.0,0.0,0.0
17455,120.74,0.0,0.0,0.0,0.0
17456,98.34,0.0,0.0,0.0,0.0
17457,103.13,0.0,0.0,0.0,0.0
17458,98.32,0.0,0.0,0.0,0.0
17459,80.7,0.0,0.0,0.0,0.0
17460,77.22,0.0,0.0,0.0,0.0
17461,79.85,0.0,0.0,0.0,0.0
17462,109.13,0.0,0.0,0.0,0.0
17463,88.52,0.0,0.0,0.0,0.0
17464,94.55,0.0,0.0,0.0,0.0
17465,90.81,0.0,0.0,0.0,0.0
17466,113.69,0.0,0.0,0.0,0.0
17467,110.41,0.0,0.0,0.0,0.0
17468,123.09,0.0,0.0,0.0,0.0
17469,117.88,0.0,0.0,0.0,0.0
17470,104.35,0.0,0.0,0.0,0.0
17471,89.23,0.0,0.0,0.0,0.0
17472,79.6,0.0,0.0,0.0,0.0
17473,79.37,0.0,0.0,0.0,0.0
17474,79.68,0.0,0.0,0.0,0.0
17475,81.95,0.0,0.0,0.0,0.0
17476,91.27,0.0,0.0,0.0,0.0
17477,98.34,0.0,0.0,0.0,0.0
17478,98.32,0.0,0.0,0.0,0.0
17479,104.46,0.0,0.0,0.0,0.0
17480,114.99,0.0,0.0,0.0,0.0
17481,106.27,0.0,0.0,0.0,0.0
17482,103.55,0.0,0.0,0.0,0.0
17483,96.19,0.0,0.0,0.0,0.0
17484,123.01,0.0,0.0,0.0,0.0
17485,120.91,0.0,0.0,0.0,0.0
17486,118.76,0.0,0.0,0.0,0.0
17487,122.64,0.0,0.0,0.0,0.0
17488,133.37,0.0,0.0,0.0,0.0
17489,135.04,0.0,0.0,0.0,0.0
17490,123.55,0.0,0.0,0.0,0.0
17491,72.12,0.0,0.0,0.0,0.0
17492,92.77,0.0,0.0,0.0,0.0
17493,101.83,0.0,0.0,0.0,0.0
17494,132.21,0.0,0.0,0.0,0.0
17495,110.52,0.0,0.0,0.0,0.0
17496,106.13,0.0,0.0,0.0,0.0
17497,97.07,0.0,0.0,0.0,0.0
17498,64.17,0.0,0.0,0.0,0.0
17499,97.92,0.0,0.0,0.0,0.0
17500,117.63,0.0,0.0,0.0,0.0
17501,108.23,0.0,0.0,0.0,0.0
17502,91.92,0.0,0.0,0.0,0.0
17503,98.34,0.0,0.0,0.0,0.0
17504,105.28,0.0,0.0,0.0,0.0
17505,100.75,0.0,0.0,0.0,0.0
17506,102.34,0.0,0.0,0.0,0.0
17507,100.86,0.0,0.0,0.0,0.0
17508,91.18,0.0,0.0,0.0,0.0
17509,101.49,0.0,0.0,0.0,0.0
17510,95.94,0.0,0.0,0.0,0.0
17511,108.77,0.0,0.0,0.0,0.0
17512,113.38,0.0,0.0,0.0,0.0
17513,94.32,0.0,0.0,0.0,0.0
17514,105.71,0.0,0.0,0.0,0.0
17515,106.9,0.0,0.0,0.0,0.0
17516,116.67,0.0,0.0,0.0,0.0
17517,101.83,0.0,0.0,0.0,0.0
17518,108.62,0.0,0.0,0.0,0.0
17519,109.59,0.0,0.0,0.0,0.0
17520,109.59,0.0,0.0,0.0,0.0
17521,117.63,0.0,0.0,0.0,0.0
17522,89.93,0.0,0.0,0.0,0.0
17523,111.0,0.0,0.0,0.0,0.0
17524,97.92,0.0,0.0,0.0,0.0
17525,120.46,0.0,0.0,0.0,0.0
17526,114.32,0.0,0.0,0.0,0.0
17527,98.17,0.0,0.0,0.0,0.0
17528,116.81,0.0,0.0,0.0,0.0
17529,104.66,0.0,0.0,0.0,0.0
17530,114.54,0.0,0.0,0.0,0.0
17531,113.04,0.0,0.0,0.0,0.0
17532,109.84,0.0,0.0,0.0,0.0
17533,114.65,0.0,0.0,0.0,0.0
17534,119.38,0.0,0.0,0.0,0.0
17535,91.86,0.0,0.0,0.0,0.0
17536,96.48,0.0,0.0,0.0,0.0
17537,97.89,0.0,0.0,0.0,0.0
17538,83.56,0.0,0.0,0.0,0.0
17539,87.07,0.0,0.0,0.0,0.0
17540,85.38,0.0,0.0,0.0,0.0
17541,100.19,0.0,0.0,0.0,0.0
17542,109.27,0.0,0.0,0.0,0.0
17543,87.3,0.0,0.0,0.0,0.0
17544,64.65,0.0,0.0,0.0,0.0
17545,76.65,0.0,0.0,0.0,0.0
17546,90.56,0.0,0.0,0.0,0.0
17547,65.89,0.0,0.0,0.0,0.0
17548,325.7,0.0,0.0,0.0,0.0
17549,410.23,0.0,0.0,0.0,0.0
17550,407.76,0.0,0.0,0.0,0.0
17551,465.73,0.0,0.0,0.0,0.0
17552,465.08,0.0,0.0,0.0,0.0
17553,813.88,0.0,0.0,0.0,0.0
17554,930.52,0.0,0.0,0.0,0.0
17555,975.54,0.0,0.0,0.0,0.0
17556,965.72,0.0,0.0,0.0,0.0
17557,823.14,0.0,0.0,0.0,0.0
17558,813.06,0.0,0.0,0.0,0.0
17559,807.96,0.0,0.0,0.0,0.0
17560,869.21,0.0,0.0,0.0,0.0
17561,742.61,0.0,0.0,0.0,0.0
17562,970.53,0.0,0.0,0.0,0.0
17563,998.28,0.0,0.0,0.0,0.0
17564,571.26,0.0,0.0,0.0,0.0
17565,225.54,0.0,0.0,0.0,0.0
17566,463.83,0.0,0.0,0.0,0.0
17567,1282.55,0.0,0.0,0.0,0.0
17568,468.59,0.0,0.0,0.0,0.0
17569,420.68,0.0,0.0,0.0,0.0
17570,627.61,0.0,0.0,0.0,0.0
17571,1028.24,0.0,0.0,0.0,0.0
17572,1497.03,0.0,0.0,0.0,0.0
17573,1311.35,0.0,0.0,0.0,0.0
17574,1224.39,0.0,0.0,0.0,0.0
17575,1213.8,0.0,0.0,0.0,0.0
17576,1326.39,0.0,0.0,0.0,0.0
17577,1065.79,0.0,0.0,0.0,0.0
17578,1233.77,0.0,0.0,0.0,0.0
17579,1403.69,0.0,0.0,0.0,0.0
17580,1423.63,0.0,0.0,0.0,0.0
17581,1355.36,0.0,0.0,0.0,0.0
17582,507.04,0.0,0.0,0.0,0.0
17583,914.61,0.0,0.0,0.0,0.0
17584,367.35,0.0,0.0,0.0,0.0
17585,1227.68,0.0,0.0,0.0,0.0
17586,667.91,0.0,0.0,0.0,0.0
17587,1181.32,0.0,0.0,0.0,0.0
17588,1323.76,0.0,0.0,0.0,0.0
17589,1295.27,0.0,0.0,0.0,0.0
17590,1049.39,0.0,0.0,0.0,0.0
17591,1199.36,0.0,0.0,0.0,0.0
17592,1228.13,0.0,0.0,0.0,0.0
17593,1091.02,0.0,0.0,0.0,0.0
17594,951.11,0.0,0.0,0.0,0.0
17595,915.94,0.0,0.0,0.0,0.0
17596,774.89,0.0,0.0,0.0,0.0
17597,685.04,0.0,0.0,0.0,0.0
17598,588.62,0.0,0.0,0.0,0.0
17599,496.28,0.0,0.0,0.0,0.0
17600,373.44,0.0,0.0,0.0,0.0
17601,421.16,0.0,0.0,0.0,0.0
17602,350.42,0.0,0.0,0.0,0.0
17603,284.3,0.0,0.0,0.0,0.0
17604,233.78,0.0,0.0,0.0,0.0
17605,145.32,0.0,0.0,0.0,0.0
17606,141.24,0.0,0.0,0.0,0.0
17607,89.14,0.0,0.0,0.0,0.0
17608,91.8,0.0,0.0,0.0,0.0
17609,78.52,0.0,0.0,0.0,0.0
17610,199.1,0.0,0.0,0.0,0.0
17611,560.19,0.0,0.0,0.0,0.0
17612,801.85,0.0,0.0,0.0,0.0
17613,538.67,0.0,0.0,0.0,0.0
17614,342.29,0.0,0.0,0.0,0.0
17615,960.11,0.0,0.0,0.0,0.0
17616,993.1,0.0,0.0,0.0,0.0
17617,1125.76,0.0,0.0,0.0,0.0
17618,1126.25,0.0,0.0,0.0,0.0
17619,897.84,0.0,0.0,0.0,0.0
17620,861.71,0.0,0.0,0.0,0.0
17621,658.88,0.0,0.0,0.0,0.0
17622,770.67,0.0,0.0,0.0,0.0
17623,746.55,0.0,0.0,0.0,0.0
17624,620.51,0.0,0.0,0.0,0.0
17625,599.01,0.0,0.0,0.0,0.0
17626,397.88,0.0,0.0,0.0,0.0
17627,397.88,0.0,0.0,0.0,0.0
17628,313.69,0.0,0.0,0.0,0.0
17629,298.83,0.0,0.0,0.0,0.0
17630,207.11,0.0,0.0,0.0,0.0
17631,189.92,0.0,0.0,0.0,0.0
17632,179.22,0.0,0.0,0.0,0.0
17633,113.32,0.0,0.0,0.0,0.0
17634,76.23,0.0,0.0,0.0,0.0
17635,61.5,0.0,0.0,0.0,0.0
17636,56.1,0.0,0.0,0.0,0.0
17637,45.14,0.0,0.0,0.0,0.0
17638,52.47,0.0,0.0,0.0,0.0
17639,40.75,0.0,0.0,0.0,0.0
17640,159.06,0.0,0.0,0.0,0.0
17641,227.95,0.0,0.0,0.0,0.0
17642,148.07,0.0,0.0,0.0,0.0
17643,191.08,0.0,0.0,0.0,0.0
17644,184.17,0.0,0.0,0.0,0.0
17645,174.57,0.0,0.0,0.0,0.0
17646,158.8,0.0,0.0,0.0,0.0
17647,160.98,0.0,0.0,0.0,0.0
17648,161.8,0.0,0.0,0.0,0.0
17649,161.94,0.0,0.0,0.0,0.0
17650,169.65,0.0,0.0,0.0,0.0
17651,191.59,0.0,0.0,0.0,0.0
17652,186.92,0.0,0.0,0.0,0.0
17653,198.02,0.0,0.0,0.0,0.0
17654,214.59,0.0,0.0,0.0,0.0
17655,199.86,0.0,0.0,0.0,0.0
17656,190.91,0.0,0.0,0.0,0.0
17657,186.18,0.0,0.0,0.0,0.0
17658,149.71,0.0,0.0,0.0,0.0
17659,157.3,0.0,0.0,0.0,0.0
17660,158.32,0.0,0.0,0.0,0.0
17661,161.63,0.0,0.0,0.0,0.0
17662,150.16,0.0,0.0,0.0,0.0
17663,184.57,0.0,0.0,0.0,0.0
17664,297.13,0.0,0.0,0.0,0.0
17665,305.88,0.0,0.0,0.0,0.0
17666,337.31,0.0,0.0,0.0,0.0
17667,343.12,0.0,0.0,0.0,0.0
17668,301.72,0.0,0.0,0.0,0.0
17669,342.49,0.0,0.0,0.0,0.0
17670,354.98,0.0,0.0,0.0,0.0
17671,403.23,0.0,0.0,0.0,0.0
17672,400.29,0.0,0.0,0.0,0.0
17673,425.23,0.0,0.0,0.0,0.0
17674,435.51,0.0,0.0,0.0,0.0
17675,515.76,0.0,0.0,0.0,0.0
17676,491.81,0.0,0.0,0.0,0.0
17677,469.49,0.0,0.0,0.0,0.0
17678,504.92,0.0,0.0,0.0,0.0
17679,526.01,0.0,0.0,0.0,0.0
17680,862.39,0.0,0.0,0.0,0.0
17681,658.11,0.0,0.0,0.0,0.0
17682,491.89,0.0,0.0,0.0,0.0
17683,499.31,0.0,0.0,0.0,0.0
17684,538.39,0.0,0.0,0.0,0.0
17685,534.17,0.0,0.0,0.0,0.0
17686,570.67,0.0,0.0,0.0,0.0
17687,571.24,0.0,0.0,0.0,0.0
17688,570.02,0.0,0.0,0.0,0.0
17689,478.38,0.0,0.0,0.0,0.0
17690,536.89,0.0,0.0,0.0,0.0
17691,407.62,0.0,0.0,0.0,0.0
17692,424.27,0.0,0.0,0.0,0.0
17693,382.48,0.0,0.0,0.0,0.0
17694,278.61,0.0,0.0,0.0,0.0
17695,387.6,0.0,0.0,0.0,0.0
17696,411.73,0.0,0.0,0.0,0.0
17697,383.78,0.0,0.0,0.0,0.0
17698,419.03,0.0,0.0,0.0,0.0
17699,390.86,0.0,0.0,0.0,0.0
17700,422.46,0.0,0.0,0.0,0.0
17701,446.81,0.0,0.0,0.0,0.0
17702,400.8,0.0,0.0,0.0,0.0
17703,401.93,0.0,0.0,0.0,0.0
17704,435.77,0.0,0.0,0.0,0.0
17705,420.53,0.0,0.0,0.0,0.0
17706,389.61,0.0,0.0,0.0,0.0
17707,398.64,0.0,0.0,0.0,0.0
17708,387.09,0.0,0.0,0.0,0.0
17709,358.58,0.0,0.0,0.0,0.0
17710,370.13,0.0,0.0,0.0,0.0
17711,376.9,0.0,0.0,0.0,0.0
17712,370.1,0.0,0.0,0.0,0.0
17713,364.3,0.0,0.0,0.0,0.0
17714,351.72,0.0,0.0,0.0,0.0
17715,348.07,0.0,0.0,0.0,0.0
17716,345.38,0.0,0.0,0.0,0.0
17717,332.18,0.0,0.0,0.0,0.0
17718,338.98,0.0,0.0,0.0,0.0
17719,370.7,0.0,0.0,0.0,0.0
17720,354.41,0.0,0.0,0.0,0.0
17721,365.49,0.0,0.0,0.0,0.0
17722,326.8,0.0,0.0,0.0,0.0
17723,352.66,0.0,0.0,0.0,0.0
17724,326.38,0.0,0.0,0.0,0.0
17725,326.89,0.0,0.0,0.0,0.0
17726,330.74,0.0,0.0,0.0,0.0
17727,319.56,0.0,0.0,0.0,0.0
17728,340.71,0.0,0.0,0.0,0.0
17729,327.8,0.0,0.0,0.0,0.0
17730,345.92,0.0,0.0,0.0,0.0
17731,354.87,0.0,0.0,0.0,0.0
17732,330.97,0.0,0.0,0.0,0.0
17733,323.66,0.0,0.0,0.0,0.0
17734,343.26,0.0,0.0,0.0,0.0
17735,343.09,0.0,0.0,0.0,0.0
17736,360.62,0.0,0.0,0.0,0.0
17737,340.54,0.0,0.0,0.0,0.0
17738,340.54,0.0,0.0,0.0,0.0
17739,341.98,0.0,0.0,0.0,0.0
17740,355.26,0.0,0.0,0.0,0.0
17741,338.67,0.0,0.0,0.0,0.0
17742,330.57,0.0,0.0,0.0,0.0
17743,354.64,0.0,0.0,0.0,0.0
17744,363.22,0.0,0.0,0.0,0.0
17745,347.28,0.0,0.0,0.0,0.0
17746,348.38,0.0,0.0,0.0,0.0
17747,346.65,0.0,0.0,0.0,0.0
17748,336.55,0.0,0.0,0.0,0.0
17749,341.36,0.0,0.0,0.0,0.0
17750,334.34,0.0,0.0,0.0,0.0
17751,348.95,0.0,0.0,0.0,0.0
17752,339.41,0.0,0.0,0.0,0.0
17753,342.32,0.0,0.0,0.0,0.0
17754,354.24,0.0,0.0,0.0,0.0
17755,344.96,0.0,0.0,0.0,0.0
17756,342.41,0.0,0.0,0.0,0.0
17757,359.48,0.0,0.0,0.0,0.0
17758,366.36,0.0,0.0,0.0,0.0
17759,350.08,0.0,0.0,0.0,0.0
17760,360.02,0.0,0.0,0.0,0.0
17761,326.8,0.0,0.0,0.0,0.0
17762,352.15,0.0,0.0,0.0,0.0
17763,351.44,0.0,0.0,0.0,0.0
17764,352.12,0.0,0.0,0.0,0.0
17765,339.66,0.0,0.0,0.0,0.0
17766,340.03,0.0,0.0,0.0,0.0
17767,339.32,0.0,0.0,0.0,0.0
17768,327.68,0.0,0.0,0.0,0.0
17769,302.37,0.0,0.0,0.0,0.0
17770,334.31,0.0,0.0,0.0,0.0
17771,308.0,0.0,0.0,0.0,0.0
17772,332.27,0.0,0.0,0.0,0.0
17773,355.4,0.0,0.0,0.0,0.0
17774,324.68,0.0,0.0,0.0,0.0
17775,329.07,0.0,0.0,0.0,0.0
17776,308.43,0.0,0.0,0.0,0.0
17777,320.91,0.0,0.0,0.0,0.0
17778,312.59,0.0,0.0,0.0,0.0
17779,317.72,0.0,0.0,0.0,0.0
17780,315.59,0.0,0.0,0.0,0.0
17781,313.1,0.0,0.0,0.0,0.0
17782,328.36,0.0,0.0,0.0,0.0
17783,299.79,0.0,0.0,0.0,0.0
17784,278.89,0.0,0.0,0.0,0.0
17785,271.56,0.0,0.0,0.0,0.0
17786,300.44,0.0,0.0,0.0,0.0
17787,264.34,0.0,0.0,0.0,0.0
17788,263.8,0.0,0.0,0.0,0.0
17789,271.9,0.0,0.0,0.0,0.0
17790,258.99,0.0,0.0,0.0,0.0
17791,264.42,0.0,0.0,0.0,0.0
17792,260.46,0.0,0.0,0.0,0.0
17793,239.31,0.0,0.0,0.0,0.0
17794,227.21,0.0,0.0,0.0,0.0
17795,245.31,0.0,0.0,0.0,0.0
17796,241.63,0.0,0.0,0.0,0.0
17797,253.32,0.0,0.0,0.0,0.0
17798,241.29,0.0,0.0,0.0,0.0
17799,232.03,0.0,0.0,0.0,0.0
17800,239.25,0.0,0.0,0.0,0.0
17801,214.22,0.0,0.0,0.0,0.0
17802,205.75,0.0,0.0,0.0,0.0
17803,190.03,0.0,0.0,0.0,0.0
17804,197.93,0.0,0.0,0.0,0.0
17805,187.06,0.0,0.0,0.0,0.0
17806,189.89,0.0,0.0,0.0,0.0
17807,202.83,0.0,0.0,0.0,0.0
17808,195.95,0.0,0.0,0.0,0.0
17809,193.94,0.0,0.0,0.0,0.0
17810,199.18,0.0,0.0,0.0,0.0
17811,212.49,0.0,0.0,0.0,0.0
17812,133.26,0.0,0.0,0.0,0.0
17813,170.01,0.0,0.0,0.0,0.0
17814,305.48,0.0,0.0,0.0,0.0
17815,157.89,0.0,0.0,0.0,0.0
17816,154.58,0.0,0.0,0.0,0.0
17817,155.54,0.0,0.0,0.0,0.0
17818,163.56,0.0,0.0,0.0,0.0
17819,129.21,0.0,0.0,0.0,0.0
17820,153.08,0.0,0.0,0.0,0.0
17821,147.81,0.0,0.0,0.0,0.0
17822,122.64,0.0,0.0,0.0,0.0
17823,134.99,0.0,0.0,0.0,0.0
17824,134.39,0.0,0.0,0.0,0.0
17825,134.39,0.0,0.0,0.0,0.0
17826,162.51,0.0,0.0,0.0,0.0
17827,147.67,0.0,0.0,0.0,0.0
17828,157.41,0.0,0.0,0.0,0.0
17829,122.39,0.0,0.0,0.0,0.0
17830,156.68,0.0,0.0,0.0,0.0
17831,134.79,0.0,0.0,0.0,0.0
17832,154.98,0.0,0.0,0.0,0.0
17833,149.8,0.0,0.0,0.0,0.0
17834,158.66,0.0,0.0,0.0,0.0
17835,132.66,0.0,0.0,0.0,0.0
17836,143.42,0.0,0.0,0.0,0.0
17837,143.09,0.0,0.0,0.0,0.0
17838,141.61,0.0,0.0,0.0,0.0
17839,148.83,0.0,0.0,0.0,0.0
17840,156.08,0.0,0.0,0.0,0.0
17841,159.14,0.0,0.0,0.0,0.0
17842,182.39,0.0,0.0,0.0,0.0
17843,178.62,0.0,0.0,0.0,0.0
17844,184.23,0.0,0.0,0.0,0.0
17845,183.8,0.0,0.0,0.0,0.0
17846,162.71,0.0,0.0,0.0,0.0
17847,167.83,0.0,0.0,0.0,0.0
17848,216.26,0.0,0.0,0.0,0.0
17849,245.62,0.0,0.0,0.0,0.0
17850,256.58,0.0,0.0,0.0,0.0
17851,254.37,0.0,0.0,0.0,0.0
17852,268.76,0.0,0.0,0.0,0.0
17853,321.48,0.0,0.0,0.0,0.0
17854,332.41,0.0,0.0,0.0,0.0
17855,325.39,0.0,0.0,0.0,0.0
17856,339.75,0.0,0.0,0.0,0.0
17857,347.62,0.0,0.0,0.0,0.0
17858,351.21,0.0,0.0,0.0,0.0
17859,325.67,0.0,0.0,0.0,0.0
17860,302.57,0.0,0.0,0.0,0.0
17861,283.51,0.0,0.0,0.0,0.0
17862,309.45,0.0,0.0,0.0,0.0
17863,342.72,0.0,0.0,0.0,0.0
17864,344.45,0.0,0.0,0.0,0.0
17865,331.9,0.0,0.0,0.0,0.0
17866,327.03,0.0,0.0,0.0,0.0
17867,329.86,0.0,0.0,0.0,0.0
17868,409.55,0.0,0.0,0.0,0.0
17869,407.39,0.0,0.0,0.0,0.0
17870,498.4,0.0,0.0,0.0,0.0
17871,855.59,0.0,0.0,0.0,0.0
17872,678.58,0.0,0.0,0.0,0.0
17873,742.21,0.0,0.0,0.0,0.0
17874,700.84,0.0,0.0,0.0,0.0
17875,651.66,0.0,0.0,0.0,0.0
17876,644.6,0.0,0.0,0.0,0.0
17877,638.77,0.0,0.0,0.0,0.0
17878,643.27,0.0,0.0,0.0,0.0
17879,572.26,0.0,0.0,0.0,0.0
17880,486.74,0.0,0.0,0.0,0.0
17881,419.37,0.0,0.0,0.0,0.0
17882,416.85,0.0,0.0,0.0,0.0
17883,420.65,0.0,0.0,0.0,0.0
17884,385.0,0.0,0.0,0.0,0.0
17885,331.7,0.0,0.0,0.0,0.0
17886,290.7,0.0,0.0,0.0,0.0
17887,263.83,0.0,0.0,0.0,0.0
17888,209.69,0.0,0.0,0.0,0.0
17889,174.43,0.0,0.0,0.0,0.0
17890,152.34,0.0,0.0,0.0,0.0
17891,159.82,0.0,0.0,0.0,0.0
17892,167.41,0.0,0.0,0.0,0.0
17893,161.6,0.0,0.0,0.0,0.0
17894,169.9,0.0,0.0,0.0,0.0
17895,146.77,0.0,0.0,0.0,0.0
17896,142.18,0.0,0.0,0.0,0.0
17897,130.68,0.0,0.0,0.0,0.0
17898,47.2,0.0,0.0,0.0,0.0
17899,43.21,0.0,0.0,0.0,0.0
17900,72.8,0.0,0.0,0.0,0.0
17901,61.14,0.0,0.0,0.0,0.0
17902,85.91,0.0,0.0,0.0,0.0
17903,126.43,0.0,0.0,0.0,0.0
17904,136.88,0.0,0.0,0.0,0.0
17905,126.01,0.0,0.0,0.0,0.0
17906,125.08,0.0,0.0,0.0,0.0
17907,120.86,0.0,0.0,0.0,0.0
17908,114.74,0.0,0.0,0.0,0.0
17909,126.66,0.0,0.0,0.0,0.0
17910,144.78,0.0,0.0,0.0,0.0
17911,133.03,0.0,0.0,0.0,0.0
17912,135.13,0.0,0.0,0.0,0.0
17913,128.19,0.0,0.0,0.0,0.0
17914,109.67,0.0,0.0,0.0,0.0
17915,97.07,0.0,0.0,0.0,0.0
17916,119.92,0.0,0.0,0.0,0.0
17917,176.5,0.0,0.0,0.0,0.0
17918,377.86,0.0,0.0,0.0,0.0
17919,404.53,0.0,0.0,0.0,0.0
17920,365.54,0.0,0.0,0.0,0.0
17921,381.82,0.0,0.0,0.0,0.0
17922,379.64,0.0,0.0,0.0,0.0
17923,345.1,0.0,0.0,0.0,0.0
17924,310.81,0.0,0.0,0.0,0.0
17925,266.63,0.0,0.0,0.0,0.0
17926,212.55,0.0,0.0,0.0,0.0
17927,191.2,0.0,0.0,0.0,0.0
17928,162.03,0.0,0.0,0.0,0.0
17929,180.66,0.0,0.0,0.0,0.0
17930,197.48,0.0,0.0,0.0,0.0
17931,175.34,0.0,0.0,0.0,0.0
17932,264.03,0.0,0.0,0.0,0.0
17933,427.98,0.0,0.0,0.0,0.0
17934,409.6,0.0,0.0,0.0,0.0
17935,348.01,0.0,0.0,0.0,0.0
17936,344.16,0.0,0.0,0.0,0.0
17937,360.62,0.0,0.0,0.0,0.0
17938,400.57,0.0,0.0,0.0,0.0
17939,491.18,0.0,0.0,0.0,0.0
17940,557.56,0.0,0.0,0.0,0.0
17941,581.15,0.0,0.0,0.0,0.0
17942,583.67,0.0,0.0,0.0,0.0
17943,763.88,0.0,0.0,0.0,0.0
17944,726.5,0.0,0.0,0.0,0.0
17945,783.7,0.0,0.0,0.0,0.0
17946,823.37,0.0,0.0,0.0,0.0
17947,726.07,0.0,0.0,0.0,0.0
17948,695.8,0.0,0.0,0.0,0.0
17949,674.76,0.0,0.0,0.0,0.0
17950,541.81,0.0,0.0,0.0,0.0
17951,587.26,0.0,0.0,0.0,0.0
17952,564.5,0.0,0.0,0.0,0.0
17953,525.5,0.0,0.0,0.0,0.0
17954,705.15,0.0,0.0,0.0,0.0
17955,718.48,0.0,0.0,0.0,0.0
17956,738.42,0.0,0.0,0.0,0.0
17957,702.57,0.0,0.0,0.0,0.0
17958,762.4,0.0,0.0,0.0,0.0
17959,696.51,0.0,0.0,0.0,0.0
17960,744.08,0.0,0.0,0.0,0.0
17961,743.09,0.0,0.0,0.0,0.0
17962,844.52,0.0,0.0,0.0,0.0
17963,809.01,0.0,0.0,0.0,0.0
17964,810.63,0.0,0.0,0.0,0.0
17965,764.1,0.0,0.0,0.0,0.0
17966,763.82,0.0,0.0,0.0,0.0
17967,799.87,0.0,0.0,0.0,0.0
17968,686.74,0.0,0.0,0.0,0.0
17969,571.32,0.0,0.0,0.0,0.0
17970,515.62,0.0,0.0,0.0,0.0
17971,383.24,0.0,0.0,0.0,0.0
17972,333.71,0.0,0.0,0.0,0.0
17973,332.04,0.0,0.0,0.0,0.0
17974,304.43,0.0,0.0,0.0,0.0
17975,273.37,0.0,0.0,0.0,0.0
17976,232.37,0.0,0.0,0.0,0.0
17977,176.73,0.0,0.0,0.0,0.0
17978,166.56,0.0,0.0,0.0,0.0
17979,117.54,0.0,0.0,0.0,0.0
17980,122.75,0.0,0.0,0.0,0.0
17981,81.16,0.0,0.0,0.0,0.0
17982,72.38,0.0,0.0,0.0,0.0
17983,81.72,0.0,0.0,0.0,0.0
17984,97.81,0.0,0.0,0.0,0.0
17985,82.4,0.0,0.0,0.0,0.0
17986,100.69,0.0,0.0,0.0,0.0
17987,101.2,0.0,0.0,0.0,0.0
17988,104.8,0.0,0.0,0.0,0.0
17989,109.1,0.0,0.0,0.0,0.0
17990,154.36,0.0,0.0,0.0,0.0
17991,154.36,0.0,0.0,0.0,0.0
17992,149.99,0.0,0.0,0.0,0.0
17993,139.52,0.0,0.0,0.0,0.0
17994,141.78,0.0,0.0,0.0,0.0
17995,166.81,0.0,0.0,0.0,0.0
17996,133.2,0.0,0.0,0.0,0.0
17997,178.48,0.0,0.0,0.0,0.0
17998,154.02,0.0,0.0,0.0,0.0
17999,179.1,0.0,0.0,0.0,0.0
18000,233.08,0.0,0.0,0.0,0.0
18001,212.29,0.0,0.0,0.0,0.0
18002,234.52,0.0,0.0,0.0,0.0
18003,229.08,0.0,0.0,0.0,0.0
18004,218.18,0.0,0.0,0.0,0.0
18005,188.82,0.0,0.0,0.0,0.0
18006,225.32,0.0,0.0,0.0,0.0
18007,183.95,0.0,0.0,0.0,0.0
18008,178.45,0.0,0.0,0.0,0.0
18009,185.62,0.0,0.0,0.0,0.0
18010,187.0,0.0,0.0,0.0,0.0
18011,174.69,0.0,0.0,0.0,0.0
18012,171.23,0.0,0.0,0.0,0.0
18013,194.14,0.0,0.0,0.0,0.0
18014,180.24,0.0,0.0,0.0,0.0
18015,216.88,0.0,0.0,0.0,0.0
18016,222.94,0.0,0.0,0.0,0.0
18017,234.52,0.0,0.0,0.0,0.0
18018,229.39,0.0,0.0,0.0,0.0
18019,230.33,0.0,0.0,0.0,0.0
18020,236.56,0.0,0.0,0.0,0.0
18021,227.24,0.0,0.0,0.0,0.0
18022,235.06,0.0,0.0,0.0,0.0
18023,253.55,0.0,0.0,0.0,0.0
18024,266.01,0.0,0.0,0.0,0.0
18025,247.15,0.0,0.0,0.0,0.0
18026,263.21,0.0,0.0,0.0,0.0
18027,265.73,0.0,0.0,0.0,0.0
18028,285.15,0.0,0.0,0.0,0.0
18029,289.62,0.0,0.0,0.0,0.0
18030,276.17,0.0,0.0,0.0,0.0
18031,264.96,0.0,0.0,0.0,0.0
18032,264.2,0.0,0.0,0.0,0.0
18033,246.33,0.0,0.0,0.0,0.0
18034,241.29,0.0,0.0,0.0,0.0
18035,217.05,0.0,0.0,0.0,0.0
18036,221.27,0.0,0.0,0.0,0.0
18037,220.05,0.0,0.0,0.0,0.0
18038,267.91,0.0,0.0,0.0,0.0
18039,285.86,0.0,0.0,0.0,0.0
18040,270.0,0.0,0.0,0.0,0.0
18041,237.66,0.0,0.0,0.0,0.0
18042,256.58,0.0,0.0,0.0,0.0
18043,252.98,0.0,0.0,0.0,0.0
18044,265.39,0.0,0.0,0.0,0.0
18045,244.71,0.0,0.0,0.0,0.0
18046,270.28,0.0,0.0,0.0,0.0
18047,285.89,0.0,0.0,0.0,0.0
18048,249.56,0.0,0.0,0.0,0.0
18049,251.45,0.0,0.0,0.0,0.0
18050,260.03,0.0,0.0,0.0,0.0
18051,251.91,0.0,0.0,0.0,0.0
18052,250.55,0.0,0.0,0.0,0.0
18053,246.3,0.0,0.0,0.0,0.0
18054,231.32,0.0,0.0,0.0,0.0
18055,236.05,0.0,0.0,0.0,0.0
18056,232.51,0.0,0.0,0.0,0.0
18057,237.01,0.0,0.0,0.0,0.0
18058,236.62,0.0,0.0,0.0,0.0
18059,231.35,0.0,0.0,0.0,0.0
18060,225.97,0.0,0.0,0.0,0.0
18061,239.45,0.0,0.0,0.0,0.0
18062,243.81,0.0,0.0,0.0,0.0
18063,259.78,0.0,0.0,0.0,0.0
18064,256.72,0.0,0.0,0.0,0.0
18065,246.92,0.0,0.0,0.0,0.0
18066,265.39,0.0,0.0,0.0,0.0
18067,226.68,0.0,0.0,0.0,0.0
18068,278.04,0.0,0.0,0.0,0.0
18069,299.88,0.0,0.0,0.0,0.0
18070,284.1,0.0,0.0,0.0,0.0
18071,298.6,0.0,0.0,0.0,0.0
18072,315.53,0.0,0.0,0.0,0.0
18073,311.06,0.0,0.0,0.0,0.0
18074,307.1,0.0,0.0,0.0,0.0
18075,347.19,0.0,0.0,0.0,0.0
18076,333.74,0.0,0.0,0.0,0.0
18077,321.71,0.0,0.0,0.0,0.0
18078,292.31,0.0,0.0,0.0,0.0
18079,303.9,0.0,0.0,0.0,0.0
18080,324.57,0.0,0.0,0.0,0.0
18081,323.15,0.0,0.0,0.0,0.0
18082,309.98,0.0,0.0,0.0,0.0
18083,301.8,0.0,0.0,0.0,0.0
18084,305.48,0.0,0.0,0.0,0.0
18085,334.76,0.0,0.0,0.0,0.0
18086,312.39,0.0,0.0,0.0,0.0
18087,312.39,0.0,0.0,0.0,0.0
18088,313.67,0.0,0.0,0.0,0.0
18089,295.54,0.0,0.0,0.0,0.0
18090,319.16,0.0,0.0,0.0,0.0
18091,340.11,0.0,0.0,0.0,0.0
18092,309.9,0.0,0.0,0.0,0.0
18093,324.77,0.0,0.0,0.0,0.0
18094,322.39,0.0,0.0,0.0,0.0
18095,298.46,0.0,0.0,0.0,0.0
18096,318.88,0.0,0.0,0.0,0.0
18097,295.32,0.0,0.0,0.0,0.0
18098,318.59,0.0,0.0,0.0,0.0
18099,308.09,0.0,0.0,0.0,0.0
18100,309.14,0.0,0.0,0.0,0.0
18101,302.68,0.0,0.0,0.0,0.0
18102,309.7,0.0,0.0,0.0,0.0
18103,297.13,0.0,0.0,0.0,0.0
18104,308.57,0.0,0.0,0.0,0.0
18105,312.53,0.0,0.0,0.0,0.0
18106,330.26,0.0,0.0,0.0,0.0
18107,330.34,0.0,0.0,0.0,0.0
18108,292.2,0.0,0.0,0.0,0.0
18109,318.62,0.0,0.0,0.0,0.0
18110,320.35,0.0,0.0,0.0,0.0
18111,302.57,0.0,0.0,0.0,0.0
18112,324.62,0.0,0.0,0.0,0.0
18113,279.29,0.0,0.0,0.0,0.0
18114,268.7,0.0,0.0,0.0,0.0
18115,268.7,0.0,0.0,0.0,0.0
18116,253.95,0.0,0.0,0.0,0.0
18117,247.15,0.0,0.0,0.0,0.0
18118,229.71,0.0,0.0,0.0,0.0
18119,219.63,0.0,0.0,0.0,0.0
18120,244.97,0.0,0.0,0.0,0.0
18121,235.62,0.0,0.0,0.0,0.0
18122,210.51,0.0,0.0,0.0,0.0
18123,243.61,0.0,0.0,0.0,0.0
18124,243.61,0.0,0.0,0.0,0.0
18125,216.11,0.0,0.0,0.0,0.0
18126,237.1,0.0,0.0,0.0,0.0
18127,216.4,0.0,0.0,0.0,0.0
18128,240.04,0.0,0.0,0.0,0.0
18129,234.89,0.0,0.0,0.0,0.0
18130,236.02,0.0,0.0,0.0,0.0
18131,233.9,0.0,0.0,0.0,0.0
18132,230.44,0.0,0.0,0.0,0.0
18133,246.36,0.0,0.0,0.0,0.0
18134,233.7,0.0,0.0,0.0,0.0
18135,230.58,0.0,0.0,0.0,0.0
18136,233.22,0.0,0.0,0.0,0.0
18137,231.75,0.0,0.0,0.0,0.0
18138,230.07,0.0,0.0,0.0,0.0
18139,234.49,0.0,0.0,0.0,0.0
18140,226.65,0.0,0.0,0.0,0.0
18141,218.69,0.0,0.0,0.0,0.0
18142,214.36,0.0,0.0,0.0,0.0
18143,210.82,0.0,0.0,0.0,0.0
18144,193.69,0.0,0.0,0.0,0.0
18145,207.36,0.0,0.0,0.0,0.0
18146,210.65,0.0,0.0,0.0,0.0
18147,198.76,0.0,0.0,0.0,0.0
18148,183.58,0.0,0.0,0.0,0.0
18149,190.32,0.0,0.0,0.0,0.0
18150,190.35,0.0,0.0,0.0,0.0
18151,180.92,0.0,0.0,0.0,0.0
18152,181.17,0.0,0.0,0.0,0.0
18153,175.73,0.0,0.0,0.0,0.0
18154,158.38,0.0,0.0,0.0,0.0
18155,177.57,0.0,0.0,0.0,0.0
18156,173.58,0.0,0.0,0.0,0.0
18157,166.7,0.0,0.0,0.0,0.0
18158,164.83,0.0,0.0,0.0,0.0
18159,173.33,0.0,0.0,0.0,0.0
18160,161.38,0.0,0.0,0.0,0.0
18161,163.78,0.0,0.0,0.0,0.0
18162,151.21,0.0,0.0,0.0,0.0
18163,113.21,0.0,0.0,0.0,0.0
18164,178.85,0.0,0.0,0.0,0.0
18165,153.85,0.0,0.0,0.0,0.0
18166,128.39,0.0,0.0,0.0,0.0
18167,180.29,0.0,0.0,0.0,0.0
18168,130.43,0.0,0.0,0.0,0.0
18169,129.52,0.0,0.0,0.0,0.0
18170,131.81,0.0,0.0,0.0,0.0
18171,137.93,0.0,0.0,0.0,0.0
18172,152.32,0.0,0.0,0.0,0.0
18173,156.96,0.0,0.0,0.0,0.0
18174,165.97,0.0,0.0,0.0,0.0
18175,174.23,0.0,0.0,0.0,0.0
18176,136.18,0.0,0.0,0.0,0.0
18177,138.87,0.0,0.0,0.0,0.0
18178,153.68,0.0,0.0,0.0,0.0
18179,152.85,0.0,0.0,0.0,0.0
18180,149.51,0.0,0.0,0.0,0.0
18181,152.68,0.0,0.0,0.0,0.0
18182,158.49,0.0,0.0,0.0,0.0
18183,156.73,0.0,0.0,0.0,0.0
18184,152.85,0.0,0.0,0.0,0.0
18185,149.37,0.0,0.0,0.0,0.0
18186,165.2,0.0,0.0,0.0,0.0
18187,159.82,0.0,0.0,0.0,0.0
18188,156.25,0.0,0.0,0.0,0.0
18189,158.57,0.0,0.0,0.0,0.0
18190,157.81,0.0,0.0,0.0,0.0
18191,157.78,0.0,0.0,0.0,0.0
18192,137.22,0.0,0.0,0.0,0.0
18193,149.85,0.0,0.0,0.0,0.0
18194,151.04,0.0,0.0,0.0,0.0
18195,180.86,0.0,0.0,0.0,0.0
18196,136.49,0.0,0.0,0.0,0.0
18197,148.21,0.0,0.0,0.0,0.0
18198,152.71,0.0,0.0,0.0,0.0
18199,152.77,0.0,0.0,0.0,0.0
18200,151.41,0.0,0.0,0.0,0.0
18201,161.15,0.0,0.0,0.0,0.0
18202,141.13,0.0,0.0,0.0,0.0
18203,151.86,0.0,0.0,0.0,0.0
18204,150.42,0.0,0.0,0.0,0.0
18205,176.73,0.0,0.0,0.0,0.0
18206,157.84,0.0,0.0,0.0,0.0
18207,169.65,0.0,0.0,0.0,0.0
18208,153.87,0.0,0.0,0.0,0.0
18209,160.22,0.0,0.0,0.0,0.0
18210,153.85,0.0,0.0,0.0,0.0
18211,142.29,0.0,0.0,0.0,0.0
18212,174.6,0.0,0.0,0.0,0.0
18213,158.15,0.0,0.0,0.0,0.0
18214,150.42,0.0,0.0,0.0,0.0
18215,155.46,0.0,0.0,0.0,0.0
18216,164.52,0.0,0.0,0.0,0.0
18217,175.31,0.0,0.0,0.0,0.0
18218,179.19,0.0,0.0,0.0,0.0
18219,180.18,0.0,0.0,0.0,0.0
18220,167.58,0.0,0.0,0.0,0.0
18221,138.61,0.0,0.0,0.0,0.0
18222,145.72,0.0,0.0,0.0,0.0
18223,135.69,0.0,0.0,0.0,0.0
18224,140.31,0.0,0.0,0.0,0.0
18225,139.06,0.0,0.0,0.0,0.0
18226,161.8,0.0,0.0,0.0,0.0
18227,146.91,0.0,0.0,0.0,0.0
18228,170.84,0.0,0.0,0.0,0.0
18229,172.73,0.0,0.0,0.0,0.0
18230,185.84,0.0,0.0,0.0,0.0
18231,165.85,0.0,0.0,0.0,0.0
18232,149.77,0.0,0.0,0.0,0.0
18233,186.78,0.0,0.0,0.0,0.0
18234,206.23,0.0,0.0,0.0,0.0
18235,206.12,0.0,0.0,0.0,0.0
18236,194.28,0.0,0.0,0.0,0.0
18237,215.94,0.0,0.0,0.0,0.0
18238,185.25,0.0,0.0,0.0,0.0
18239,186.86,0.0,0.0,0.0,0.0
18240,178.14,0.0,0.0,0.0,0.0
18241,178.14,0.0,0.0,0.0,0.0
18242,180.92,0.0,0.0,0.0,0.0
18243,185.36,0.0,0.0,0.0,0.0
18244,196.18,0.0,0.0,0.0,0.0
18245,165.54,0.0,0.0,0.0,0.0
18246,168.94,0.0,0.0,0.0,0.0
18247,167.13,0.0,0.0,0.0,0.0
18248,159.54,0.0,0.0,0.0,0.0
18249,156.14,0.0,0.0,0.0,0.0
18250,151.75,0.0,0.0,0.0,0.0
18251,172.99,0.0,0.0,0.0,0.0
18252,157.13,0.0,0.0,0.0,0.0
18253,157.36,0.0,0.0,0.0,0.0
18254,159.23,0.0,0.0,0.0,0.0
18255,159.79,0.0,0.0,0.0,0.0
18256,160.39,0.0,0.0,0.0,0.0
18257,148.72,0.0,0.0,0.0,0.0
18258,153.79,0.0,0.0,0.0,0.0
18259,131.9,0.0,0.0,0.0,0.0
18260,144.02,0.0,0.0,0.0,0.0
18261,174.55,0.0,0.0,0.0,0.0
18262,117.06,0.0,0.0,0.0,0.0
18263,135.81,0.0,0.0,0.0,0.0
18264,138.13,0.0,0.0,0.0,0.0
18265,134.31,0.0,0.0,0.0,0.0
18266,139.29,0.0,0.0,0.0,0.0
18267,138.47,0.0,0.0,0.0,0.0
18268,130.8,0.0,0.0,0.0,0.0
18269,127.91,0.0,0.0,0.0,0.0
18270,128.25,0.0,0.0,0.0,0.0
18271,125.02,0.0,0.0,0.0,0.0
18272,128.11,0.0,0.0,0.0,0.0
18273,121.93,0.0,0.0,0.0,0.0
18274,101.15,0.0,0.0,0.0,0.0
18275,119.1,0.0,0.0,0.0,0.0
18276,76.77,0.0,0.0,0.0,0.0
18277,76.77,0.0,0.0,0.0,0.0
18278,17.7,0.0,0.0,0.0,0.0
18279,87.92,0.0,0.0,0.0,0.0
18280,111.77,0.0,0.0,0.0,0.0
18281,57.17,0.0,0.0,0.0,0.0
18282,65.44,0.0,0.0,0.0,0.0
18283,53.18,0.0,0.0,0.0,0.0
18284,113.44,0.0,0.0,0.0,0.0
18285,118.7,0.0,0.0,0.0,0.0
18286,122.5,0.0,0.0,0.0,0.0
18287,243.1,0.0,0.0,0.0,0.0
18288,328.28,0.0,0.0,0.0,0.0
18289,367.98,0.0,0.0,0.0,0.0
18290,345.49,0.0,0.0,0.0,0.0
18291,513.33,0.0,0.0,0.0,0.0
18292,472.61,0.0,0.0,0.0,0.0
18293,440.1,0.0,0.0,0.0,0.0
18294,448.31,0.0,0.0,0.0,0.0
18295,343.77,0.0,0.0,0.0,0.0
18296,273.63,0.0,0.0,0.0,0.0
18297,303.1,0.0,0.0,0.0,0.0
18298,275.13,0.0,0.0,0.0,0.0
18299,183.69,0.0,0.0,0.0,0.0
18300,209.4,0.0,0.0,0.0,0.0
18301,290.05,0.0,0.0,0.0,0.0
18302,414.47,0.0,0.0,0.0,0.0
18303,373.16,0.0,0.0,0.0,0.0
18304,406.69,0.0,0.0,0.0,0.0
18305,468.13,0.0,0.0,0.0,0.0
18306,430.05,0.0,0.0,0.0,0.0
18307,443.72,0.0,0.0,0.0,0.0
18308,957.11,0.0,0.0,0.0,0.0
18309,1000.52,0.0,0.0,0.0,0.0
18310,1025.04,0.0,0.0,0.0,0.0
18311,1060.3,0.0,0.0,0.0,0.0
18312,1154.65,0.0,0.0,0.0,0.0
18313,1024.98,0.0,0.0,0.0,0.0
18314,1004.6,0.0,0.0,0.0,0.0
18315,886.15,0.0,0.0,0.0,0.0
18316,879.12,0.0,0.0,0.0,0.0
18317,953.63,0.0,0.0,0.0,0.0
18318,1066.3,0.0,0.0,0.0,0.0
18319,834.24,0.0,0.0,0.0,0.0
18320,881.7,0.0,0.0,0.0,0.0
18321,1009.52,0.0,0.0,0.0,0.0
18322,1111.86,0.0,0.0,0.0,0.0
18323,1277.26,0.0,0.0,0.0,0.0
18324,1353.15,0.0,0.0,0.0,0.0
18325,1414.4,0.0,0.0,0.0,0.0
18326,1369.91,0.0,0.0,0.0,0.0
18327,1181.8,0.0,0.0,0.0,0.0
18328,968.69,0.0,0.0,0.0,0.0
18329,1014.08,0.0,0.0,0.0,0.0
18330,994.23,0.0,0.0,0.0,0.0
18331,925.22,0.0,0.0,0.0,0.0
18332,1006.86,0.0,0.0,0.0,0.0
18333,816.18,0.0,0.0,0.0,0.0
18334,725.87,0.0,0.0,0.0,0.0
18335,601.68,0.0,0.0,0.0,0.0
18336,544.39,0.0,0.0,0.0,0.0
18337,425.69,0.0,0.0,0.0,0.0
18338,366.0,0.0,0.0,0.0,0.0
18339,245.22,0.0,0.0,0.0,0.0
18340,195.9,0.0,0.0,0.0,0.0
18341,193.35,0.0,0.0,0.0,0.0
18342,217.61,0.0,0.0,0.0,0.0
18343,206.17,0.0,0.0,0.0,0.0
18344,169.16,0.0,0.0,0.0,0.0
18345,124.88,0.0,0.0,0.0,0.0
18346,84.84,0.0,0.0,0.0,0.0
18347,81.04,0.0,0.0,0.0,0.0
18348,72.43,0.0,0.0,0.0,0.0
18349,65.36,0.0,0.0,0.0,0.0
18350,91.18,0.0,0.0,0.0,0.0
18351,86.42,0.0,0.0,0.0,0.0
18352,78.32,0.0,0.0,0.0,0.0
18353,107.86,0.0,0.0,0.0,0.0
18354,89.54,0.0,0.0,0.0,0.0
18355,63.06,0.0,0.0,0.0,0.0
18356,55.36,0.0,0.0,0.0,0.0
18357,80.99,0.0,0.0,0.0,0.0
18358,41.23,0.0,0.0,0.0,0.0
18359,70.25,0.0,0.0,0.0,0.0
18360,87.75,0.0,0.0,0.0,0.0
18361,91.1,0.0,0.0,0.0,0.0
18362,212.86,0.0,0.0,0.0,0.0
18363,242.82,0.0,0.0,0.0,0.0
18364,243.75,0.0,0.0,0.0,0.0
18365,231.35,0.0,0.0,0.0,0.0
18366,246.13,0.0,0.0,0.0,0.0
18367,227.47,0.0,0.0,0.0,0.0
18368,221.78,0.0,0.0,0.0,0.0
18369,217.67,0.0,0.0,0.0,0.0
18370,122.41,0.0,0.0,0.0,0.0
18371,119.87,0.0,0.0,0.0,0.0
18372,108.34,0.0,0.0,0.0,0.0
18373,184.6,0.0,0.0,0.0,0.0
18374,200.03,0.0,0.0,0.0,0.0
18375,216.68,0.0,0.0,0.0,0.0
18376,211.64,0.0,0.0,0.0,0.0
18377,217.61,0.0,0.0,0.0,0.0
18378,222.51,0.0,0.0,0.0,0.0
18379,227.44,0.0,0.0,0.0,0.0
18380,154.92,0.0,0.0,0.0,0.0
18381,191.51,0.0,0.0,0.0,0.0
18382,216.0,0.0,0.0,0.0,0.0
18383,206.23,0.0,0.0,0.0,0.0
18384,217.02,0.0,0.0,0.0,0.0
18385,235.45,0.0,0.0,0.0,0.0
18386,275.21,0.0,0.0,0.0,0.0
18387,269.66,0.0,0.0,0.0,0.0
18388,286.31,0.0,0.0,0.0,0.0
18389,268.84,0.0,0.0,0.0,0.0
18390,235.96,0.0,0.0,0.0,0.0
18391,194.82,0.0,0.0,0.0,0.0
18392,216.23,0.0,0.0,0.0,0.0
18393,219.68,0.0,0.0,0.0,0.0
18394,185.22,0.0,0.0,0.0,0.0
18395,195.98,0.0,0.0,0.0,0.0
18396,180.35,0.0,0.0,0.0,0.0
18397,186.21,0.0,0.0,0.0,0.0
18398,203.65,0.0,0.0,0.0,0.0
18399,163.7,0.0,0.0,0.0,0.0
18400,179.3,0.0,0.0,0.0,0.0
18401,163.08,0.0,0.0,0.0,0.0
18402,221.81,0.0,0.0,0.0,0.0
18403,308.85,0.0,0.0,0.0,0.0
18404,310.1,0.0,0.0,0.0,0.0
18405,288.61,0.0,0.0,0.0,0.0
18406,291.83,0.0,0.0,0.0,0.0
18407,312.82,0.0,0.0,0.0,0.0
18408,278.78,0.0,0.0,0.0,0.0
18409,262.07,0.0,0.0,0.0,0.0
18410,277.14,0.0,0.0,0.0,0.0
18411,284.36,0.0,0.0,0.0,0.0
18412,266.21,0.0,0.0,0.0,0.0
18413,248.59,0.0,0.0,0.0,0.0
18414,256.98,0.0,0.0,0.0,0.0
18415,258.5,0.0,0.0,0.0,0.0
18416,254.91,0.0,0.0,0.0,0.0
18417,258.96,0.0,0.0,0.0,0.0
18418,240.1,0.0,0.0,0.0,0.0
18419,222.77,0.0,0.0,0.0,0.0
18420,237.66,0.0,0.0,0.0,0.0
18421,201.87,0.0,0.0,0.0,0.0
18422,203.99,0.0,0.0,0.0,0.0
18423,205.75,0.0,0.0,0.0,0.0
18424,207.79,0.0,0.0,0.0,0.0
18425,231.32,0.0,0.0,0.0,0.0
18426,297.92,0.0,0.0,0.0,0.0
18427,325.56,0.0,0.0,0.0,0.0
18428,330.32,0.0,0.0,0.0,0.0
18429,357.27,0.0,0.0,0.0,0.0
18430,377.52,0.0,0.0,0.0,0.0
18431,327.54,0.0,0.0,0.0,0.0
18432,314.66,0.0,0.0,0.0,0.0
18433,311.8,0.0,0.0,0.0,0.0
18434,335.36,0.0,0.0,0.0,0.0
18435,334.96,0.0,0.0,0.0,0.0
18436,320.63,0.0,0.0,0.0,0.0
18437,313.78,0.0,0.0,0.0,0.0
18438,325.22,0.0,0.0,0.0,0.0
18439,328.08,0.0,0.0,0.0,0.0
18440,339.24,0.0,0.0,0.0,0.0
18441,317.97,0.0,0.0,0.0,0.0
18442,344.84,0.0,0.0,0.0,0.0
18443,333.46,0.0,0.0,0.0,0.0
18444,355.49,0.0,0.0,0.0,0.0
18445,345.95,0.0,0.0,0.0,0.0
18446,342.41,0.0,0.0,0.0,0.0
18447,331.51,0.0,0.0,0.0,0.0
18448,345.75,0.0,0.0,0.0,0.0
18449,354.16,0.0,0.0,0.0,0.0
18450,369.08,0.0,0.0,0.0,0.0
18451,350.48,0.0,0.0,0.0,0.0
18452,365.23,0.0,0.0,0.0,0.0
18453,356.45,0.0,0.0,0.0,0.0
18454,345.75,0.0,0.0,0.0,0.0
18455,346.26,0.0,0.0,0.0,0.0
18456,351.19,0.0,0.0,0.0,0.0
18457,372.71,0.0,0.0,0.0,0.0
18458,339.92,0.0,0.0,0.0,0.0
18459,386.1,0.0,0.0,0.0,0.0
18460,362.71,0.0,0.0,0.0,0.0
18461,353.73,0.0,0.0,0.0,0.0
18462,352.23,0.0,0.0,0.0,0.0
18463,351.27,0.0,0.0,0.0,0.0
18464,354.9,0.0,0.0,0.0,0.0
18465,346.6,0.0,0.0,0.0,0.0
18466,372.11,0.0,0.0,0.0,0.0
18467,370.92,0.0,0.0,0.0,0.0
18468,364.47,0.0,0.0,0.0,0.0
18469,346.29,0.0,0.0,0.0,0.0
18470,354.16,0.0,0.0,0.0,0.0
18471,347.62,0.0,0.0,0.0,0.0
18472,395.93,0.0,0.0,0.0,0.0
18473,334.59,0.0,0.0,0.0,0.0
18474,355.91,0.0,0.0,0.0,0.0
18475,356.88,0.0,0.0,0.0,0.0
18476,353.39,0.0,0.0,0.0,0.0
18477,346.4,0.0,0.0,0.0,0.0
18478,339.94,0.0,0.0,0.0,0.0
18479,322.93,0.0,0.0,0.0,0.0
18480,340.28,0.0,0.0,0.0,0.0
18481,330.49,0.0,0.0,0.0,0.0
18482,324.88,0.0,0.0,0.0,0.0
18483,257.29,0.0,0.0,0.0,0.0
18484,259.98,0.0,0.0,0.0,0.0
18485,256.66,0.0,0.0,0.0,0.0
18486,257.06,0.0,0.0,0.0,0.0
18487,251.54,0.0,0.0,0.0,0.0
18488,245.31,0.0,0.0,0.0,0.0
18489,270.85,0.0,0.0,0.0,0.0
18490,250.04,0.0,0.0,0.0,0.0
18491,210.17,0.0,0.0,0.0,0.0
18492,208.84,0.0,0.0,0.0,0.0
18493,182.3,0.0,0.0,0.0,0.0
18494,209.37,0.0,0.0,0.0,0.0
18495,215.46,0.0,0.0,0.0,0.0
18496,207.31,0.0,0.0,0.0,0.0
18497,205.69,0.0,0.0,0.0,0.0
18498,193.55,0.0,0.0,0.0,0.0
18499,172.85,0.0,0.0,0.0,0.0
18500,166.45,0.0,0.0,0.0,0.0
18501,165.23,0.0,0.0,0.0,0.0
18502,189.13,0.0,0.0,0.0,0.0
18503,213.25,0.0,0.0,0.0,0.0
18504,173.81,0.0,0.0,0.0,0.0
18505,171.46,0.0,0.0,0.0,0.0
18506,159.48,0.0,0.0,0.0,0.0
18507,136.86,0.0,0.0,0.0,0.0
18508,118.96,0.0,0.0,0.0,0.0
18509,92.88,0.0,0.0,0.0,0.0
18510,126.41,0.0,0.0,0.0,0.0
18511,128.81,0.0,0.0,0.0,0.0
18512,135.27,0.0,0.0,0.0,0.0
18513,130.31,0.0,0.0,0.0,0.0
18514,174.38,0.0,0.0,0.0,0.0
18515,148.97,0.0,0.0,0.0,0.0
18516,151.55,0.0,0.0,0.0,0.0
18517,140.73,0.0,0.0,0.0,0.0
18518,143.37,0.0,0.0,0.0,0.0
18519,156.31,0.0,0.0,0.0,0.0
18520,168.85,0.0,0.0,0.0,0.0
18521,131.45,0.0,0.0,0.0,0.0
18522,154.21,0.0,0.0,0.0,0.0
18523,157.41,0.0,0.0,0.0,0.0
18524,185.96,0.0,0.0,0.0,0.0
18525,200.29,0.0,0.0,0.0,0.0
18526,226.22,0.0,0.0,0.0,0.0
18527,187.49,0.0,0.0,0.0,0.0
18528,174.46,0.0,0.0,0.0,0.0
18529,168.77,0.0,0.0,0.0,0.0
18530,185.9,0.0,0.0,0.0,0.0
18531,177.94,0.0,0.0,0.0,0.0
18532,148.49,0.0,0.0,0.0,0.0
18533,94.89,0.0,0.0,0.0,0.0
18534,91.63,0.0,0.0,0.0,0.0
18535,132.69,0.0,0.0,0.0,0.0
18536,149.94,0.0,0.0,0.0,0.0
18537,148.81,0.0,0.0,0.0,0.0
18538,149.6,0.0,0.0,0.0,0.0
18539,148.55,0.0,0.0,0.0,0.0
18540,154.75,0.0,0.0,0.0,0.0
18541,168.09,0.0,0.0,0.0,0.0
18542,153.62,0.0,0.0,0.0,0.0
18543,151.92,0.0,0.0,0.0,0.0
18544,145.38,0.0,0.0,0.0,0.0
18545,145.49,0.0,0.0,0.0,0.0
18546,140.88,0.0,0.0,0.0,0.0
18547,152.54,0.0,0.0,0.0,0.0
18548,131.93,0.0,0.0,0.0,0.0
18549,139.4,0.0,0.0,0.0,0.0
18550,167.66,0.0,0.0,0.0,0.0
18551,172.17,0.0,0.0,0.0,0.0
18552,172.02,0.0,0.0,0.0,0.0
18553,177.66,0.0,0.0,0.0,0.0
18554,168.34,0.0,0.0,0.0,0.0
18555,156.25,0.0,0.0,0.0,0.0
18556,151.41,0.0,0.0,0.0,0.0
18557,160.56,0.0,0.0,0.0,0.0
18558,132.32,0.0,0.0,0.0,0.0
18559,149.57,0.0,0.0,0.0,0.0
18560,149.46,0.0,0.0,0.0,0.0
18561,140.68,0.0,0.0,0.0,0.0
18562,141.33,0.0,0.0,0.0,0.0
18563,149.74,0.0,0.0,0.0,0.0
18564,128.11,0.0,0.0,0.0,0.0
18565,165.97,0.0,0.0,0.0,0.0
18566,133.66,0.0,0.0,0.0,0.0
18567,153.34,0.0,0.0,0.0,0.0
18568,133.32,0.0,0.0,0.0,0.0
18569,142.52,0.0,0.0,0.0,0.0
18570,147.11,0.0,0.0,0.0,0.0
18571,140.76,0.0,0.0,0.0,0.0
18572,148.3,0.0,0.0,0.0,0.0
18573,152.54,0.0,0.0,0.0,0.0
18574,151.55,0.0,0.0,0.0,0.0
18575,154.55,0.0,0.0,0.0,0.0
18576,154.67,0.0,0.0,0.0,0.0
18577,162.94,0.0,0.0,0.0,0.0
18578,149.14,0.0,0.0,0.0,0.0
18579,160.47,0.0,0.0,0.0,0.0
18580,193.94,0.0,0.0,0.0,0.0
18581,158.18,0.0,0.0,0.0,0.0
18582,151.41,0.0,0.0,0.0,0.0
18583,165.6,0.0,0.0,0.0,0.0
18584,149.17,0.0,0.0,0.0,0.0
18585,144.22,0.0,0.0,0.0,0.0
18586,169.16,0.0,0.0,0.0,0.0
18587,128.33,0.0,0.0,0.0,0.0
18588,156.68,0.0,0.0,0.0,0.0
18589,151.95,0.0,0.0,0.0,0.0
18590,160.84,0.0,0.0,0.0,0.0
18591,157.44,0.0,0.0,0.0,0.0
18592,155.43,0.0,0.0,0.0,0.0
18593,126.49,0.0,0.0,0.0,0.0
18594,165.46,0.0,0.0,0.0,0.0
18595,154.07,0.0,0.0,0.0,0.0
18596,153.79,0.0,0.0,0.0,0.0
18597,162.96,0.0,0.0,0.0,0.0
18598,146.51,0.0,0.0,0.0,0.0
18599,148.32,0.0,0.0,0.0,0.0
18600,162.77,0.0,0.0,0.0,0.0
18601,169.62,0.0,0.0,0.0,0.0
18602,148.32,0.0,0.0,0.0,0.0
18603,152.12,0.0,0.0,0.0,0.0
18604,136.23,0.0,0.0,0.0,0.0
18605,166.64,0.0,0.0,0.0,0.0
18606,143.17,0.0,0.0,0.0,0.0
18607,136.15,0.0,0.0,0.0,0.0
18608,160.1,0.0,0.0,0.0,0.0
18609,140.2,0.0,0.0,0.0,0.0
18610,157.02,0.0,0.0,0.0,0.0
18611,116.38,0.0,0.0,0.0,0.0
18612,101.03,0.0,0.0,0.0,0.0
18613,116.89,0.0,0.0,0.0,0.0
18614,127.09,0.0,0.0,0.0,0.0
18615,127.34,0.0,0.0,0.0,0.0
18616,138.41,0.0,0.0,0.0,0.0
18617,132.83,0.0,0.0,0.0,0.0
18618,144.87,0.0,0.0,0.0,0.0
18619,107.63,0.0,0.0,0.0,0.0
18620,104.01,0.0,0.0,0.0,0.0
18621,96.73,0.0,0.0,0.0,0.0
18622,84.61,0.0,0.0,0.0,0.0
18623,96.87,0.0,0.0,0.0,0.0
18624,99.87,0.0,0.0,0.0,0.0
18625,116.41,0.0,0.0,0.0,0.0
18626,133.32,0.0,0.0,0.0,0.0
18627,130.48,0.0,0.0,0.0,0.0
18628,131.76,0.0,0.0,0.0,0.0
18629,136.83,0.0,0.0,0.0,0.0
18630,132.35,0.0,0.0,0.0,0.0
18631,127.26,0.0,0.0,0.0,0.0
18632,114.91,0.0,0.0,0.0,0.0
18633,113.47,0.0,0.0,0.0,0.0
18634,112.56,0.0,0.0,0.0,0.0
18635,115.08,0.0,0.0,0.0,0.0
18636,123.29,0.0,0.0,0.0,0.0
18637,119.87,0.0,0.0,0.0,0.0
18638,98.09,0.0,0.0,0.0,0.0
18639,88.55,0.0,0.0,0.0,0.0
18640,86.05,0.0,0.0,0.0,0.0
18641,87.39,0.0,0.0,0.0,0.0
18642,131.08,0.0,0.0,0.0,0.0
18643,106.64,0.0,0.0,0.0,0.0
18644,102.51,0.0,0.0,0.0,0.0
18645,120.23,0.0,0.0,0.0,0.0
18646,107.55,0.0,0.0,0.0,0.0
18647,84.5,0.0,0.0,0.0,0.0
18648,124.17,0.0,0.0,0.0,0.0
18649,112.93,0.0,0.0,0.0,0.0
18650,112.33,0.0,0.0,0.0,0.0
18651,91.75,0.0,0.0,0.0,0.0
18652,70.74,0.0,0.0,0.0,0.0
18653,54.28,0.0,0.0,0.0,0.0
18654,61.99,0.0,0.0,0.0,0.0
18655,44.83,0.0,0.0,0.0,0.0
18656,44.06,0.0,0.0,0.0,0.0
18657,64.76,0.0,0.0,0.0,0.0
18658,43.92,0.0,0.0,0.0,0.0
18659,70.42,0.0,0.0,0.0,0.0
18660,83.62,0.0,0.0,0.0,0.0
18661,85.94,0.0,0.0,0.0,0.0
18662,87.98,0.0,0.0,0.0,0.0
18663,93.9,0.0,0.0,0.0,0.0
18664,88.21,0.0,0.0,0.0,0.0
18665,83.56,0.0,0.0,0.0,0.0
18666,88.32,0.0,0.0,0.0,0.0
18667,83.28,0.0,0.0,0.0,0.0
18668,70.37,0.0,0.0,0.0,0.0
18669,12.71,0.0,0.0,0.0,0.0
18670,15.66,0.0,0.0,0.0,0.0
18671,14.13,0.0,0.0,0.0,0.0
18672,14.22,0.0,0.0,0.0,0.0
18673,42.98,0.0,0.0,0.0,0.0
18674,90.22,0.0,0.0,0.0,0.0
18675,64.65,0.0,0.0,0.0,0.0
18676,63.29,0.0,0.0,0.0,0.0
18677,87.1,0.0,0.0,0.0,0.0
18678,81.84,0.0,0.0,0.0,0.0
18679,15.15,0.0,0.0,0.0,0.0
18680,0.0,0.0,0.0,0.0,0.0
18681,8.86,0.0,0.0,0.0,0.0
18682,2.04,0.0,0.0,0.0,0.0
18683,18.04,0.0,0.0,0.0,0.0
18684,0.0,0.0,0.0,0.0,0.0
18685,22.63,0.0,0.0,0.0,0.0
18686,0.0,0.0,0.0,0.0,0.0
18687,51.51,0.0,0.0,0.0,0.0
18688,26.59,0.0,0.0,0.0,0.0
18689,30.07,0.0,0.0,0.0,0.0
18690,52.44,0.0,0.0,0.0,0.0
18691,39.93,0.0,0.0,0.0,0.0
18692,0.0,0.0,0.0,0.0,0.0
18693,0.0,0.0,0.0,0.0,0.0
18694,0.0,0.0,0.0,0.0,0.0
18695,0.0,0.0,0.0,0.0,0.0
18696,13.93,0.0,0.0,0.0,0.0
18697,84.21,0.0,0.0,0.0,0.0
18698,71.19,0.0,0.0,0.0,0.0
18699,131.08,0.0,0.0,0.0,0.0
18700,115.76,0.0,0.0,0.0,0.0
18701,137.51,0.0,0.0,0.0,0.0
18702,151.13,0.0,0.0,0.0,0.0
18703,143.54,0.0,0.0,0.0,0.0
18704,118.34,0.0,0.0,0.0,0.0
18705,124.17,0.0,0.0,0.0,0.0
18706,124.62,0.0,0.0,0.0,0.0
18707,112.25,0.0,0.0,0.0,0.0
18708,104.97,0.0,0.0,0.0,0.0
18709,71.47,0.0,0.0,0.0,0.0
18710,97.41,0.0,0.0,0.0,0.0
18711,103.41,0.0,0.0,0.0,0.0
18712,94.49,0.0,0.0,0.0,0.0
18713,77.42,0.0,0.0,0.0,0.0
18714,97.01,0.0,0.0,0.0,0.0
18715,81.07,0.0,0.0,0.0,0.0
18716,111.29,0.0,0.0,0.0,0.0
18717,111.74,0.0,0.0,0.0,0.0
18718,124.99,0.0,0.0,0.0,0.0
18719,111.91,0.0,0.0,0.0,0.0
18720,128.67,0.0,0.0,0.0,0.0
18721,158.66,0.0,0.0,0.0,0.0
18722,159.45,0.0,0.0,0.0,0.0
18723,161.52,0.0,0.0,0.0,0.0
18724,163.25,0.0,0.0,0.0,0.0
18725,166.36,0.0,0.0,0.0,0.0
18726,157.53,0.0,0.0,0.0,0.0
18727,149.77,0.0,0.0,0.0,0.0
18728,164.01,0.0,0.0,0.0,0.0
18729,154.58,0.0,0.0,0.0,0.0
18730,193.89,0.0,0.0,0.0,0.0
18731,146.0,0.0,0.0,0.0,0.0
18732,164.97,0.0,0.0,0.0,0.0
18733,161.72,0.0,0.0,0.0,0.0
18734,154.55,0.0,0.0,0.0,0.0
18735,165.71,0.0,0.0,0.0,0.0
18736,150.36,0.0,0.0,0.0,0.0
18737,163.61,0.0,0.0,0.0,0.0
18738,166.45,0.0,0.0,0.0,0.0
18739,156.42,0.0,0.0,0.0,0.0
18740,165.43,0.0,0.0,0.0,0.0
18741,110.78,0.0,0.0,0.0,0.0
18742,231.21,0.0,0.0,0.0,0.0
18743,190.83,0.0,0.0,0.0,0.0
18744,188.14,0.0,0.0,0.0,0.0
18745,189.38,0.0,0.0,0.0,0.0
18746,210.85,0.0,0.0,0.0,0.0
18747,198.44,0.0,0.0,0.0,0.0
18748,222.97,0.0,0.0,0.0,0.0
18749,218.78,0.0,0.0,0.0,0.0
18750,225.54,0.0,0.0,0.0,0.0
18751,227.87,0.0,0.0,0.0,0.0
18752,224.95,0.0,0.0,0.0,0.0
18753,210.56,0.0,0.0,0.0,0.0
18754,217.3,0.0,0.0,0.0,0.0
18755,249.19,0.0,0.0,0.0,0.0
18756,227.81,0.0,0.0,0.0,0.0
18757,233.87,0.0,0.0,0.0,0.0
18758,232.91,0.0,0.0,0.0,0.0
18759,249.44,0.0,0.0,0.0,0.0
18760,251.14,0.0,0.0,0.0,0.0
18761,252.3,0.0,0.0,0.0,0.0
18762,268.98,0.0,0.0,0.0,0.0
18763,304.26,0.0,0.0,0.0,0.0
18764,296.25,0.0,0.0,0.0,0.0
18765,283.2,0.0,0.0,0.0,0.0
18766,301.77,0.0,0.0,0.0,0.0
18767,296.17,0.0,0.0,0.0,0.0
18768,303.81,0.0,0.0,0.0,0.0
18769,311.46,0.0,0.0,0.0,0.0
18770,276.63,0.0,0.0,0.0,0.0
18771,281.55,0.0,0.0,0.0,0.0
18772,286.93,0.0,0.0,0.0,0.0
18773,238.26,0.0,0.0,0.0,0.0
18774,288.04,0.0,0.0,0.0,0.0
18775,320.66,0.0,0.0,0.0,0.0
18776,293.16,0.0,0.0,0.0,0.0
18777,290.22,0.0,0.0,0.0,0.0
18778,323.86,0.0,0.0,0.0,0.0
18779,299.99,0.0,0.0,0.0,0.0
18780,263.52,0.0,0.0,0.0,0.0
18781,277.48,0.0,0.0,0.0,0.0
18782,341.36,0.0,0.0,0.0,0.0
18783,283.88,0.0,0.0,0.0,0.0
18784,298.23,0.0,0.0,0.0,0.0
18785,327.17,0.0,0.0,0.0,0.0
18786,357.56,0.0,0.0,0.0,0.0
18787,345.55,0.0,0.0,0.0,0.0
18788,354.1,0.0,0.0,0.0,0.0
18789,367.98,0.0,0.0,0.0,0.0
18790,366.48,0.0,0.0,0.0,0.0
18791,382.16,0.0,0.0,0.0,0.0
18792,383.18,0.0,0.0,0.0,0.0
18793,371.38,0.0,0.0,0.0,0.0
18794,348.47,0.0,0.0,0.0,0.0
18795,366.36,0.0,0.0,0.0,0.0
18796,363.48,0.0,0.0,0.0,0.0
18797,402.86,0.0,0.0,0.0,0.0
18798,363.22,0.0,0.0,0.0,0.0
18799,358.55,0.0,0.0,0.0,0.0
18800,381.12,0.0,0.0,0.0,0.0
18801,402.84,0.0,0.0,0.0,0.0
18802,371.74,0.0,0.0,0.0,0.0
18803,366.02,0.0,0.0,0.0,0.0
18804,363.08,0.0,0.0,0.0,0.0
18805,365.94,0.0,0.0,0.0,0.0
18806,374.04,0.0,0.0,0.0,0.0
18807,341.13,0.0,0.0,0.0,0.0
18808,354.64,0.0,0.0,0.0,0.0
18809,385.9,0.0,0.0,0.0,0.0
18810,378.34,0.0,0.0,0.0,0.0
18811,371.97,0.0,0.0,0.0,0.0
18812,329.21,0.0,0.0,0.0,0.0
18813,347.28,0.0,0.0,0.0,0.0
18814,360.39,0.0,0.0,0.0,0.0
18815,392.27,0.0,0.0,0.0,0.0
18816,386.75,0.0,0.0,0.0,0.0
18817,381.37,0.0,0.0,0.0,0.0
18818,376.59,0.0,0.0,0.0,0.0
18819,374.92,0.0,0.0,0.0,0.0
18820,315.36,0.0,0.0,0.0,0.0
18821,368.71,0.0,0.0,0.0,0.0
18822,395.27,0.0,0.0,0.0,0.0
18823,396.1,0.0,0.0,0.0,0.0
18824,395.93,0.0,0.0,0.0,0.0
18825,381.2,0.0,0.0,0.0,0.0
18826,372.42,0.0,0.0,0.0,0.0
18827,341.9,0.0,0.0,0.0,0.0
18828,372.08,0.0,0.0,0.0,0.0
18829,366.79,0.0,0.0,0.0,0.0
18830,365.71,0.0,0.0,0.0,0.0
18831,367.35,0.0,0.0,0.0,0.0
18832,372.54,0.0,0.0,0.0,0.0
18833,319.24,0.0,0.0,0.0,0.0
18834,427.22,0.0,0.0,0.0,0.0
18835,376.56,0.0,0.0,0.0,0.0
18836,385.36,0.0,0.0,0.0,0.0
18837,392.13,0.0,0.0,0.0,0.0
18838,353.37,0.0,0.0,0.0,0.0
18839,342.69,0.0,0.0,0.0,0.0
18840,338.3,0.0,0.0,0.0,0.0
18841,317.8,0.0,0.0,0.0,0.0
18842,318.22,0.0,0.0,0.0,0.0
18843,324.0,0.0,0.0,0.0,0.0
18844,296.85,0.0,0.0,0.0,0.0
18845,307.01,0.0,0.0,0.0,0.0
18846,287.42,0.0,0.0,0.0,0.0
18847,304.09,0.0,0.0,0.0,0.0
18848,301.69,0.0,0.0,0.0,0.0
18849,255.81,0.0,0.0,0.0,0.0
18850,283.99,0.0,0.0,0.0,0.0
18851,268.53,0.0,0.0,0.0,0.0
18852,281.02,0.0,0.0,0.0,0.0
18853,264.76,0.0,0.0,0.0,0.0
18854,307.04,0.0,0.0,0.0,0.0
18855,293.99,0.0,0.0,0.0,0.0
18856,255.08,0.0,0.0,0.0,0.0
18857,231.32,0.0,0.0,0.0,0.0
18858,232.08,0.0,0.0,0.0,0.0
18859,219.31,0.0,0.0,0.0,0.0
18860,323.41,0.0,0.0,0.0,0.0
18861,203.6,0.0,0.0,0.0,0.0
18862,198.13,0.0,0.0,0.0,0.0
18863,187.66,0.0,0.0,0.0,0.0
18864,191.85,0.0,0.0,0.0,0.0
18865,214.5,0.0,0.0,0.0,0.0
18866,236.16,0.0,0.0,0.0,0.0
18867,210.08,0.0,0.0,0.0,0.0
18868,198.1,0.0,0.0,0.0,0.0
18869,190.18,0.0,0.0,0.0,0.0
18870,200.14,0.0,0.0,0.0,0.0
18871,207.17,0.0,0.0,0.0,0.0
18872,194.23,0.0,0.0,0.0,0.0
18873,196.26,0.0,0.0,0.0,0.0
18874,199.69,0.0,0.0,0.0,0.0
18875,212.86,0.0,0.0,0.0,0.0
18876,204.05,0.0,0.0,0.0,0.0
18877,203.71,0.0,0.0,0.0,0.0
18878,183.07,0.0,0.0,0.0,0.0
18879,185.99,0.0,0.0,0.0,0.0
18880,184.97,0.0,0.0,0.0,0.0
18881,173.75,0.0,0.0,0.0,0.0
18882,153.99,0.0,0.0,0.0,0.0
18883,152.51,0.0,0.0,0.0,0.0
18884,166.93,0.0,0.0,0.0,0.0
18885,166.81,0.0,0.0,0.0,0.0
18886,190.88,0.0,0.0,0.0,0.0
18887,180.18,0.0,0.0,0.0,0.0
18888,188.59,0.0,0.0,0.0,0.0
18889,175.56,0.0,0.0,0.0,0.0
18890,191.14,0.0,0.0,0.0,0.0
18891,202.44,0.0,0.0,0.0,0.0
18892,202.41,0.0,0.0,0.0,0.0
18893,189.04,0.0,0.0,0.0,0.0
18894,186.35,0.0,0.0,0.0,0.0
18895,186.38,0.0,0.0,0.0,0.0
18896,188.73,0.0,0.0,0.0,0.0
18897,176.53,0.0,0.0,0.0,0.0
18898,151.18,0.0,0.0,0.0,0.0
18899,144.05,0.0,0.0,0.0,0.0
18900,148.92,0.0,0.0,0.0,0.0
18901,145.89,0.0,0.0,0.0,0.0
18902,143.68,0.0,0.0,0.0,0.0
18903,129.01,0.0,0.0,0.0,0.0
18904,142.01,0.0,0.0,0.0,0.0
18905,140.2,0.0,0.0,0.0,0.0
18906,116.52,0.0,0.0,0.0,0.0
18907,109.84,0.0,0.0,0.0,0.0
18908,99.25,0.0,0.0,0.0,0.0
18909,96.19,0.0,0.0,0.0,0.0
18910,84.21,0.0,0.0,0.0,0.0
18911,103.67,0.0,0.0,0.0,0.0
18912,96.48,0.0,0.0,0.0,0.0
18913,87.61,0.0,0.0,0.0,0.0
18914,78.13,0.0,0.0,0.0,0.0
18915,81.33,0.0,0.0,0.0,0.0
18916,87.78,0.0,0.0,0.0,0.0
18917,77.47,0.0,0.0,0.0,0.0
18918,92.23,0.0,0.0,0.0,0.0
18919,96.11,0.0,0.0,0.0,0.0
18920,95.8,0.0,0.0,0.0,0.0
18921,94.75,0.0,0.0,0.0,0.0
18922,93.64,0.0,0.0,0.0,0.0
18923,96.67,0.0,0.0,0.0,0.0
18924,96.67,0.0,0.0,0.0,0.0
18925,104.35,0.0,0.0,0.0,0.0
18926,107.43,0.0,0.0,0.0,0.0
18927,103.5,0.0,0.0,0.0,0.0
18928,82.63,0.0,0.0,0.0,0.0
18929,96.22,0.0,0.0,0.0,0.0
18930,146.71,0.0,0.0,0.0,0.0
18931,149.2,0.0,0.0,0.0,0.0
18932,144.78,0.0,0.0,0.0,0.0
18933,153.79,0.0,0.0,0.0,0.0
18934,159.65,0.0,0.0,0.0,0.0
18935,152.8,0.0,0.0,0.0,0.0
18936,136.29,0.0,0.0,0.0,0.0
18937,134.51,0.0,0.0,0.0,0.0
18938,137.0,0.0,0.0,0.0,0.0
18939,135.01,0.0,0.0,0.0,0.0
18940,144.47,0.0,0.0,0.0,0.0
18941,153.34,0.0,0.0,0.0,0.0
18942,141.44,0.0,0.0,0.0,0.0
18943,135.3,0.0,0.0,0.0,0.0
18944,136.23,0.0,0.0,0.0,0.0
18945,122.47,0.0,0.0,0.0,0.0
18946,126.75,0.0,0.0,0.0,0.0
18947,122.41,0.0,0.0,0.0,0.0
18948,112.9,0.0,0.0,0.0,0.0
18949,113.01,0.0,0.0,0.0,0.0
18950,110.1,0.0,0.0,0.0,0.0
18951,124.17,0.0,0.0,0.0,0.0
18952,126.24,0.0,0.0,0.0,0.0
18953,111.2,0.0,0.0,0.0,0.0
18954,93.22,0.0,0.0,0.0,0.0
18955,97.86,0.0,0.0,0.0,0.0
18956,112.5,0.0,0.0,0.0,0.0
18957,89.17,0.0,0.0,0.0,0.0
18958,101.54,0.0,0.0,0.0,0.0
18959,111.26,0.0,0.0,0.0,0.0
18960,105.91,0.0,0.0,0.0,0.0
18961,96.56,0.0,0.0,0.0,0.0
18962,97.47,0.0,0.0,0.0,0.0
18963,76.74,0.0,0.0,0.0,0.0
18964,80.28,0.0,0.0,0.0,0.0
18965,67.99,0.0,0.0,0.0,0.0
18966,107.07,0.0,0.0,0.0,0.0
18967,82.37,0.0,0.0,0.0,0.0
18968,97.52,0.0,0.0,0.0,0.0
18969,103.61,0.0,0.0,0.0,0.0
18970,89.25,0.0,0.0,0.0,0.0
18971,96.87,0.0,0.0,0.0,0.0
18972,95.26,0.0,0.0,0.0,0.0
18973,94.83,0.0,0.0,0.0,0.0
18974,101.97,0.0,0.0,0.0,0.0
18975,102.54,0.0,0.0,0.0,0.0
18976,101.2,0.0,0.0,0.0,0.0
18977,89.85,0.0,0.0,0.0,0.0
18978,97.24,0.0,0.0,0.0,0.0
18979,90.05,0.0,0.0,0.0,0.0
18980,92.57,0.0,0.0,0.0,0.0
18981,61.73,0.0,0.0,0.0,0.0
18982,58.98,0.0,0.0,0.0,0.0
18983,9.94,0.0,0.0,0.0,0.0
18984,6.94,0.0,0.0,0.0,0.0
18985,0.0,0.0,0.0,0.0,0.0
18986,12.01,0.0,0.0,0.0,0.0
18987,20.59,0.0,0.0,0.0,0.0
18988,26.59,0.0,0.0,0.0,0.0
18989,25.54,0.0,0.0,0.0,0.0
18990,20.78,0.0,0.0,0.0,0.0
18991,45.39,0.0,0.0,0.0,0.0
18992,35.37,0.0,0.0,0.0,0.0
18993,28.06,0.0,0.0,0.0,0.0
18994,18.66,0.0,0.0,0.0,0.0
18995,79.23,0.0,0.0,0.0,0.0
18996,291.61,0.0,0.0,0.0,0.0
18997,277.39,0.0,0.0,0.0,0.0
18998,188.51,0.0,0.0,0.0,0.0
18999,206.6,0.0,0.0,0.0,0.0
19000,233.67,0.0,0.0,0.0,0.0
19001,215.72,0.0,0.0,0.0,0.0
19002,254.91,0.0,0.0,0.0,0.0
19003,241.68,0.0,0.0,0.0,0.0
19004,200.68,0.0,0.0,0.0,0.0
19005,197.96,0.0,0.0,0.0,0.0
19006,191.2,0.0,0.0,0.0,0.0
19007,185.16,0.0,0.0,0.0,0.0
19008,163.36,0.0,0.0,0.0,0.0
19009,145.95,0.0,0.0,0.0,0.0
19010,136.35,0.0,0.0,0.0,0.0
19011,142.24,0.0,0.0,0.0,0.0
19012,138.75,0.0,0.0,0.0,0.0
19013,126.58,0.0,0.0,0.0,0.0
19014,140.82,0.0,0.0,0.0,0.0
19015,142.43,0.0,0.0,0.0,0.0
19016,122.56,0.0,0.0,0.0,0.0
19017,100.69,0.0,0.0,0.0,0.0
19018,100.5,0.0,0.0,0.0,0.0
19019,98.68,0.0,0.0,0.0,0.0
19020,100.5,0.0,0.0,0.0,0.0
19021,112.53,0.0,0.0,0.0,0.0
19022,100.89,0.0,0.0,0.0,0.0
19023,104.09,0.0,0.0,0.0,0.0
19024,103.92,0.0,0.0,0.0,0.0
19025,94.55,0.0,0.0,0.0,0.0
19026,101.74,0.0,0.0,0.0,0.0
19027,104.69,0.0,0.0,0.0,0.0
19028,106.81,0.0,0.0,0.0,0.0
19029,102.71,0.0,0.0,0.0,0.0
19030,109.76,0.0,0.0,0.0,0.0
19031,103.89,0.0,0.0,0.0,0.0
19032,99.25,0.0,0.0,0.0,0.0
19033,67.71,0.0,0.0,0.0,0.0
19034,104.04,0.0,0.0,0.0,0.0
19035,94.32,0.0,0.0,0.0,0.0
19036,102.82,0.0,0.0,0.0,0.0
19037,100.35,0.0,0.0,0.0,0.0
19038,104.69,0.0,0.0,0.0,0.0
19039,102.2,0.0,0.0,0.0,0.0
19040,98.26,0.0,0.0,0.0,0.0
19041,95.37,0.0,0.0,0.0,0.0
19042,101.09,0.0,0.0,0.0,0.0
19043,87.56,0.0,0.0,0.0,0.0
19044,48.85,0.0,0.0,0.0,0.0
19045,56.49,0.0,0.0,0.0,0.0
19046,64.25,0.0,0.0,0.0,0.0
19047,76.48,0.0,0.0,0.0,0.0
19048,78.86,0.0,0.0,0.0,0.0
19049,96.59,0.0,0.0,0.0,0.0
19050,84.27,0.0,0.0,0.0,0.0
19051,152.8,0.0,0.0,0.0,0.0
19052,128.33,0.0,0.0,0.0,0.0
19053,155.97,0.0,0.0,0.0,0.0
19054,166.81,0.0,0.0,0.0,0.0
19055,141.39,0.0,0.0,0.0,0.0
19056,167.83,0.0,0.0,0.0,0.0
19057,166.7,0.0,0.0,0.0,0.0
19058,155.2,0.0,0.0,0.0,0.0
19059,160.22,0.0,0.0,0.0,0.0
19060,160.95,0.0,0.0,0.0,0.0
19061,163.13,0.0,0.0,0.0,0.0
19062,162.37,0.0,0.0,0.0,0.0
19063,150.62,0.0,0.0,0.0,0.0
19064,143.48,0.0,0.0,0.0,0.0
19065,142.49,0.0,0.0,0.0,0.0
19066,145.46,0.0,0.0,0.0,0.0
19067,156.73,0.0,0.0,0.0,0.0
19068,145.15,0.0,0.0,0.0,0.0
19069,87.05,0.0,0.0,0.0,0.0
19070,133.85,0.0,0.0,0.0,0.0
19071,147.45,0.0,0.0,0.0,0.0
19072,140.14,0.0,0.0,0.0,0.0
19073,123.77,0.0,0.0,0.0,0.0
19074,118.19,0.0,0.0,0.0,0.0
19075,105.23,0.0,0.0,0.0,0.0
19076,97.49,0.0,0.0,0.0,0.0
19077,98.03,0.0,0.0,0.0,0.0
19078,97.86,0.0,0.0,0.0,0.0
19079,94.04,0.0,0.0,0.0,0.0
19080,77.14,0.0,0.0,0.0,0.0
19081,83.48,0.0,0.0,0.0,0.0
19082,82.37,0.0,0.0,0.0,0.0
19083,90.16,0.0,0.0,0.0,0.0
19084,100.98,0.0,0.0,0.0,0.0
19085,98.06,0.0,0.0,0.0,0.0
19086,97.66,0.0,0.0,0.0,0.0
19087,96.39,0.0,0.0,0.0,0.0
19088,94.35,0.0,0.0,0.0,0.0
19089,92.09,0.0,0.0,0.0,0.0
19090,96.9,0.0,0.0,0.0,0.0
19091,96.76,0.0,0.0,0.0,0.0
19092,94.18,0.0,0.0,0.0,0.0
19093,97.3,0.0,0.0,0.0,0.0
19094,99.53,0.0,0.0,0.0,0.0
19095,99.25,0.0,0.0,0.0,0.0
19096,100.5,0.0,0.0,0.0,0.0
19097,108.65,0.0,0.0,0.0,0.0
19098,137.87,0.0,0.0,0.0,0.0
19099,130.34,0.0,0.0,0.0,0.0
19100,146.45,0.0,0.0,0.0,0.0
19101,142.24,0.0,0.0,0.0,0.0
19102,162.65,0.0,0.0,0.0,0.0
19103,148.21,0.0,0.0,0.0,0.0
19104,154.13,0.0,0.0,0.0,0.0
19105,176.81,0.0,0.0,0.0,0.0
19106,188.59,0.0,0.0,0.0,0.0
19107,187.8,0.0,0.0,0.0,0.0
19108,218.78,0.0,0.0,0.0,0.0
19109,198.76,0.0,0.0,0.0,0.0
19110,213.99,0.0,0.0,0.0,0.0
19111,231.46,0.0,0.0,0.0,0.0
19112,218.46,0.0,0.0,0.0,0.0
19113,235.57,0.0,0.0,0.0,0.0
19114,183.38,0.0,0.0,0.0,0.0
19115,229.99,0.0,0.0,0.0,0.0
19116,208.38,0.0,0.0,0.0,0.0
19117,208.33,0.0,0.0,0.0,0.0
19118,211.89,0.0,0.0,0.0,0.0
19119,221.72,0.0,0.0,0.0,0.0
19120,173.87,0.0,0.0,0.0,0.0
19121,241.2,0.0,0.0,0.0,0.0
19122,198.25,0.0,0.0,0.0,0.0
19123,195.84,0.0,0.0,0.0,0.0
19124,203.68,0.0,0.0,0.0,0.0
19125,202.49,0.0,0.0,0.0,0.0
19126,260.94,0.0,0.0,0.0,0.0
19127,276.51,0.0,0.0,0.0,0.0
19128,249.47,0.0,0.0,0.0,0.0
19129,271.33,0.0,0.0,0.0,0.0
19130,257.77,0.0,0.0,0.0,0.0
19131,253.35,0.0,0.0,0.0,0.0
19132,229.11,0.0,0.0,0.0,0.0
19133,277.68,0.0,0.0,0.0,0.0
19134,227.55,0.0,0.0,0.0,0.0
19135,250.24,0.0,0.0,0.0,0.0
19136,241.03,0.0,0.0,0.0,0.0
19137,278.61,0.0,0.0,0.0,0.0
19138,238.17,0.0,0.0,0.0,0.0
19139,274.93,0.0,0.0,0.0,0.0
19140,258.33,0.0,0.0,0.0,0.0
19141,255.9,0.0,0.0,0.0,0.0
19142,267.99,0.0,0.0,0.0,0.0
19143,246.02,0.0,0.0,0.0,0.0
19144,261.25,0.0,0.0,0.0,0.0
19145,255.53,0.0,0.0,0.0,0.0
19146,273.06,0.0,0.0,0.0,0.0
19147,264.05,0.0,0.0,0.0,0.0
19148,265.56,0.0,0.0,0.0,0.0
19149,250.18,0.0,0.0,0.0,0.0
19150,251.11,0.0,0.0,0.0,0.0
19151,263.26,0.0,0.0,0.0,0.0
19152,267.34,0.0,0.0,0.0,0.0
19153,252.73,0.0,0.0,0.0,0.0
19154,275.44,0.0,0.0,0.0,0.0
19155,291.35,0.0,0.0,0.0,0.0
19156,271.11,0.0,0.0,0.0,0.0
19157,305.37,0.0,0.0,0.0,0.0
19158,338.87,0.0,0.0,0.0,0.0
19159,320.52,0.0,0.0,0.0,0.0
19160,352.35,0.0,0.0,0.0,0.0
19161,331.36,0.0,0.0,0.0,0.0
19162,339.97,0.0,0.0,0.0,0.0
19163,339.26,0.0,0.0,0.0,0.0
19164,336.94,0.0,0.0,0.0,0.0
19165,344.36,0.0,0.0,0.0,0.0
19166,360.5,0.0,0.0,0.0,0.0
19167,340.09,0.0,0.0,0.0,0.0
19168,363.08,0.0,0.0,0.0,0.0
19169,340.09,0.0,0.0,0.0,0.0
19170,317.26,0.0,0.0,0.0,0.0
19171,287.81,0.0,0.0,0.0,0.0
19172,376.44,0.0,0.0,0.0,0.0
19173,311.0,0.0,0.0,0.0,0.0
19174,324.71,0.0,0.0,0.0,0.0
19175,340.74,0.0,0.0,0.0,0.0
19176,343.68,0.0,0.0,0.0,0.0
19177,351.78,0.0,0.0,0.0,0.0
19178,343.17,0.0,0.0,0.0,0.0
19179,342.55,0.0,0.0,0.0,0.0
19180,333.69,0.0,0.0,0.0,0.0
19181,318.0,0.0,0.0,0.0,0.0
19182,316.21,0.0,0.0,0.0,0.0
19183,332.21,0.0,0.0,0.0,0.0
19184,328.93,0.0,0.0,0.0,0.0
19185,365.17,0.0,0.0,0.0,0.0
19186,374.55,0.0,0.0,0.0,0.0
19187,372.93,0.0,0.0,0.0,0.0
19188,340.93,0.0,0.0,0.0,0.0
19189,370.78,0.0,0.0,0.0,0.0
19190,383.47,0.0,0.0,0.0,0.0
19191,380.38,0.0,0.0,0.0,0.0
19192,375.82,0.0,0.0,0.0,0.0
19193,381.88,0.0,0.0,0.0,0.0
19194,364.13,0.0,0.0,0.0,0.0
19195,381.23,0.0,0.0,0.0,0.0
19196,358.46,0.0,0.0,0.0,0.0
19197,374.63,0.0,0.0,0.0,0.0
19198,374.32,0.0,0.0,0.0,0.0
19199,375.65,0.0,0.0,0.0,0.0
19200,364.04,0.0,0.0,0.0,0.0
19201,354.95,0.0,0.0,0.0,0.0
19202,352.8,0.0,0.0,0.0,0.0
19203,338.92,0.0,0.0,0.0,0.0
19204,333.18,0.0,0.0,0.0,0.0
19205,339.89,0.0,0.0,0.0,0.0
19206,312.05,0.0,0.0,0.0,0.0
19207,310.1,0.0,0.0,0.0,0.0
19208,330.4,0.0,0.0,0.0,0.0
19209,324.06,0.0,0.0,0.0,0.0
19210,320.97,0.0,0.0,0.0,0.0
19211,324.45,0.0,0.0,0.0,0.0
19212,316.78,0.0,0.0,0.0,0.0
19213,304.29,0.0,0.0,0.0,0.0
19214,282.83,0.0,0.0,0.0,0.0
19215,286.82,0.0,0.0,0.0,0.0
19216,281.3,0.0,0.0,0.0,0.0
19217,294.78,0.0,0.0,0.0,0.0
19218,282.77,0.0,0.0,0.0,0.0
19219,288.52,0.0,0.0,0.0,0.0
19220,276.37,0.0,0.0,0.0,0.0
19221,281.64,0.0,0.0,0.0,0.0
19222,253.27,0.0,0.0,0.0,0.0
19223,252.44,0.0,0.0,0.0,0.0
19224,254.63,0.0,0.0,0.0,0.0
19225,243.44,0.0,0.0,0.0,0.0
19226,224.01,0.0,0.0,0.0,0.0
19227,199.38,0.0,0.0,0.0,0.0
19228,149.91,0.0,0.0,0.0,0.0
19229,156.37,0.0,0.0,0.0,0.0
19230,147.9,0.0,0.0,0.0,0.0
19231,153.11,0.0,0.0,0.0,0.0
19232,191.76,0.0,0.0,0.0,0.0
19233,202.64,0.0,0.0,0.0,0.0
19234,182.67,0.0,0.0,0.0,0.0
19235,154.89,0.0,0.0,0.0,0.0
19236,149.99,0.0,0.0,0.0,0.0
19237,134.67,0.0,0.0,0.0,0.0
19238,146.06,0.0,0.0,0.0,0.0
19239,128.45,0.0,0.0,0.0,0.0
19240,128.33,0.0,0.0,0.0,0.0
19241,161.35,0.0,0.0,0.0,0.0
19242,191.54,0.0,0.0,0.0,0.0
19243,160.1,0.0,0.0,0.0,0.0
19244,185.22,0.0,0.0,0.0,0.0
19245,171.77,0.0,0.0,0.0,0.0
19246,185.87,0.0,0.0,0.0,0.0
19247,182.39,0.0,0.0,0.0,0.0
19248,184.88,0.0,0.0,0.0,0.0
19249,182.93,0.0,0.0,0.0,0.0
19250,184.17,0.0,0.0,0.0,0.0
19251,182.22,0.0,0.0,0.0,0.0
19252,190.37,0.0,0.0,0.0,0.0
19253,170.13,0.0,0.0,0.0,0.0
19254,184.94,0.0,0.0,0.0,0.0
19255,170.24,0.0,0.0,0.0,0.0
19256,163.76,0.0,0.0,0.0,0.0
19257,198.16,0.0,0.0,0.0,0.0
19258,203.29,0.0,0.0,0.0,0.0
19259,198.16,0.0,0.0,0.0,0.0
19260,213.59,0.0,0.0,0.0,0.0
19261,207.31,0.0,0.0,0.0,0.0
19262,199.41,0.0,0.0,0.0,0.0
19263,205.47,0.0,0.0,0.0,0.0
19264,189.41,0.0,0.0,0.0,0.0
19265,177.35,0.0,0.0,0.0,0.0
19266,191.87,0.0,0.0,0.0,0.0
19267,125.95,0.0,0.0,0.0,0.0
19268,92.2,0.0,0.0,0.0,0.0
19269,83.22,0.0,0.0,0.0,0.0
19270,75.78,0.0,0.0,0.0,0.0
19271,137.48,0.0,0.0,0.0,0.0
19272,129.92,0.0,0.0,0.0,0.0
19273,138.04,0.0,0.0,0.0,0.0
19274,122.58,0.0,0.0,0.0,0.0
19275,160.78,0.0,0.0,0.0,0.0
19276,125.73,0.0,0.0,0.0,0.0
19277,148.72,0.0,0.0,0.0,0.0
19278,136.32,0.0,0.0,0.0,0.0
19279,118.79,0.0,0.0,0.0,0.0
19280,113.66,0.0,0.0,0.0,0.0
19281,111.4,0.0,0.0,0.0,0.0
19282,125.27,0.0,0.0,0.0,0.0
19283,127.91,0.0,0.0,0.0,0.0
19284,130.91,0.0,0.0,0.0,0.0
19285,120.12,0.0,0.0,0.0,0.0
19286,147.93,0.0,0.0,0.0,0.0
19287,216.43,0.0,0.0,0.0,0.0
19288,217.36,0.0,0.0,0.0,0.0
19289,187.17,0.0,0.0,0.0,0.0
19290,200.37,0.0,0.0,0.0,0.0
19291,198.22,0.0,0.0,0.0,0.0
19292,209.46,0.0,0.0,0.0,0.0
19293,204.76,0.0,0.0,0.0,0.0
19294,178.54,0.0,0.0,0.0,0.0
19295,183.63,0.0,0.0,0.0,0.0
19296,187.88,0.0,0.0,0.0,0.0
19297,173.41,0.0,0.0,0.0,0.0
19298,213.14,0.0,0.0,0.0,0.0
19299,196.52,0.0,0.0,0.0,0.0
19300,197.74,0.0,0.0,0.0,0.0
19301,165.46,0.0,0.0,0.0,0.0
19302,180.97,0.0,0.0,0.0,0.0
19303,123.12,0.0,0.0,0.0,0.0
19304,129.41,0.0,0.0,0.0,0.0
19305,127.82,0.0,0.0,0.0,0.0
19306,146.99,0.0,0.0,0.0,0.0
19307,138.81,0.0,0.0,0.0,0.0
19308,158.15,0.0,0.0,0.0,0.0
19309,152.51,0.0,0.0,0.0,0.0
19310,148.55,0.0,0.0,0.0,0.0
19311,140.31,0.0,0.0,0.0,0.0
19312,141.53,0.0,0.0,0.0,0.0
19313,136.49,0.0,0.0,0.0,0.0
19314,138.53,0.0,0.0,0.0,0.0
19315,160.78,0.0,0.0,0.0,0.0
19316,132.18,0.0,0.0,0.0,0.0
19317,121.79,0.0,0.0,0.0,0.0
19318,130.03,0.0,0.0,0.0,0.0
19319,125.02,0.0,0.0,0.0,0.0
19320,119.38,0.0,0.0,0.0,0.0
19321,123.83,0.0,0.0,0.0,0.0
19322,131.39,0.0,0.0,0.0,0.0
19323,128.76,0.0,0.0,0.0,0.0
19324,131.39,0.0,0.0,0.0,0.0
19325,148.81,0.0,0.0,0.0,0.0
19326,131.28,0.0,0.0,0.0,0.0
19327,144.7,0.0,0.0,0.0,0.0
19328,139.52,0.0,0.0,0.0,0.0
19329,139.18,0.0,0.0,0.0,0.0
19330,137.08,0.0,0.0,0.0,0.0
19331,143.23,0.0,0.0,0.0,0.0
19332,145.89,0.0,0.0,0.0,0.0
19333,139.63,0.0,0.0,0.0,0.0
19334,127.2,0.0,0.0,0.0,0.0
19335,131.22,0.0,0.0,0.0,0.0
19336,140.39,0.0,0.0,0.0,0.0
19337,137.45,0.0,0.0,0.0,0.0
19338,132.64,0.0,0.0,0.0,0.0
19339,121.34,0.0,0.0,0.0,0.0
19340,124.51,0.0,0.0,0.0,0.0
19341,27.75,0.0,0.0,0.0,0.0
19342,2.12,0.0,0.0,0.0,0.0
19343,11.36,0.0,0.0,0.0,0.0
19344,49.13,0.0,0.0,0.0,0.0
19345,26.11,0.0,0.0,0.0,0.0
19346,40.27,0.0,0.0,0.0,0.0
19347,18.07,0.0,0.0,0.0,0.0
19348,13.93,0.0,0.0,0.0,0.0
19349,32.54,0.0,0.0,0.0,0.0
19350,101.03,0.0,0.0,0.0,0.0
19351,81.61,0.0,0.0,0.0,0.0
19352,85.66,0.0,0.0,0.0,0.0
19353,147.25,0.0,0.0,0.0,0.0
19354,209.94,0.0,0.0,0.0,0.0
19355,87.78,0.0,0.0,0.0,0.0
19356,138.75,0.0,0.0,0.0,0.0
19357,107.94,0.0,0.0,0.0,0.0
19358,154.92,0.0,0.0,0.0,0.0
19359,271.98,0.0,0.0,0.0,0.0
19360,303.92,0.0,0.0,0.0,0.0
19361,357.44,0.0,0.0,0.0,0.0
19362,312.48,0.0,0.0,0.0,0.0
19363,305.17,0.0,0.0,0.0,0.0
19364,287.59,0.0,0.0,0.0,0.0
19365,269.97,0.0,0.0,0.0,0.0
19366,222.46,0.0,0.0,0.0,0.0
19367,176.1,0.0,0.0,0.0,0.0
19368,163.67,0.0,0.0,0.0,0.0
19369,113.07,0.0,0.0,0.0,0.0
19370,91.49,0.0,0.0,0.0,0.0
19371,143.31,0.0,0.0,0.0,0.0
19372,295.77,0.0,0.0,0.0,0.0
19373,326.01,0.0,0.0,0.0,0.0
19374,361.01,0.0,0.0,0.0,0.0
19375,389.67,0.0,0.0,0.0,0.0
19376,413.23,0.0,0.0,0.0,0.0
19377,384.12,0.0,0.0,0.0,0.0
19378,387.74,0.0,0.0,0.0,0.0
19379,412.63,0.0,0.0,0.0,0.0
19380,404.68,0.0,0.0,0.0,0.0
19381,462.61,0.0,0.0,0.0,0.0
19382,504.58,0.0,0.0,0.0,0.0
19383,505.12,0.0,0.0,0.0,0.0
19384,505.88,0.0,0.0,0.0,0.0
19385,482.69,0.0,0.0,0.0,0.0
19386,508.09,0.0,0.0,0.0,0.0
19387,444.12,0.0,0.0,0.0,0.0
19388,352.86,0.0,0.0,0.0,0.0
19389,381.17,0.0,0.0,0.0,0.0
19390,313.21,0.0,0.0,0.0,0.0
19391,239.99,0.0,0.0,0.0,0.0
19392,175.71,0.0,0.0,0.0,0.0
19393,174.71,0.0,0.0,0.0,0.0
19394,169.96,0.0,0.0,0.0,0.0
19395,124.11,0.0,0.0,0.0,0.0
19396,130.54,0.0,0.0,0.0,0.0
19397,138.16,0.0,0.0,0.0,0.0
19398,136.37,0.0,0.0,0.0,0.0
19399,136.54,0.0,0.0,0.0,0.0
19400,307.35,0.0,0.0,0.0,0.0
19401,303.73,0.0,0.0,0.0,0.0
19402,307.32,0.0,0.0,0.0,0.0
19403,286.88,0.0,0.0,0.0,0.0
19404,308.46,0.0,0.0,0.0,0.0
19405,258.93,0.0,0.0,0.0,0.0
19406,196.46,0.0,0.0,0.0,0.0
19407,217.11,0.0,0.0,0.0,0.0
19408,326.46,0.0,0.0,0.0,0.0
19409,313.1,0.0,0.0,0.0,0.0
19410,300.02,0.0,0.0,0.0,0.0
19411,240.24,0.0,0.0,0.0,0.0
19412,213.91,0.0,0.0,0.0,0.0
19413,242.82,0.0,0.0,0.0,0.0
19414,217.73,0.0,0.0,0.0,0.0
19415,204.82,0.0,0.0,0.0,0.0
19416,179.9,0.0,0.0,0.0,0.0
19417,121.93,0.0,0.0,0.0,0.0
19418,141.05,0.0,0.0,0.0,0.0
19419,126.89,0.0,0.0,0.0,0.0
19420,132.49,0.0,0.0,0.0,0.0
19421,118.14,0.0,0.0,0.0,0.0
19422,111.26,0.0,0.0,0.0,0.0
19423,108.93,0.0,0.0,0.0,0.0
19424,109.53,0.0,0.0,0.0,0.0
19425,123.57,0.0,0.0,0.0,0.0
19426,117.91,0.0,0.0,0.0,0.0
19427,68.7,0.0,0.0,0.0,0.0
19428,76.57,0.0,0.0,0.0,0.0
19429,80.25,0.0,0.0,0.0,0.0
19430,80.53,0.0,0.0,0.0,0.0
19431,97.95,0.0,0.0,0.0,0.0
19432,43.1,0.0,0.0,0.0,0.0
19433,35.28,0.0,0.0,0.0,0.0
19434,34.72,0.0,0.0,0.0,0.0
19435,44.15,0.0,0.0,0.0,0.0
19436,45.96,0.0,0.0,0.0,0.0
19437,46.75,0.0,0.0,0.0,0.0
19438,49.7,0.0,0.0,0.0,0.0
19439,51.85,0.0,0.0,0.0,0.0
19440,48.59,0.0,0.0,0.0,0.0
19441,43.95,0.0,0.0,0.0,0.0
19442,43.72,0.0,0.0,0.0,0.0
19443,38.37,0.0,0.0,0.0,0.0
19444,37.1,0.0,0.0,0.0,0.0
19445,39.36,0.0,0.0,0.0,0.0
19446,40.01,0.0,0.0,0.0,0.0
19447,44.17,0.0,0.0,0.0,0.0
19448,64.0,0.0,0.0,0.0,0.0
19449,51.0,0.0,0.0,0.0,0.0
19450,40.63,0.0,0.0,0.0,0.0
19451,43.18,0.0,0.0,0.0,0.0
19452,58.42,0.0,0.0,0.0,0.0
19453,50.01,0.0,0.0,0.0,0.0
19454,47.91,0.0,0.0,0.0,0.0
19455,45.39,0.0,0.0,0.0,0.0
19456,42.87,0.0,0.0,0.0,0.0
19457,76.34,0.0,0.0,0.0,0.0
19458,85.6,0.0,0.0,0.0,0.0
19459,84.67,0.0,0.0,0.0,0.0
19460,88.55,0.0,0.0,0.0,0.0
19461,84.92,0.0,0.0,0.0,0.0
19462,69.01,0.0,0.0,0.0,0.0
19463,64.59,0.0,0.0,0.0,0.0
19464,92.96,0.0,0.0,0.0,0.0
19465,89.14,0.0,0.0,0.0,0.0
19466,103.13,0.0,0.0,0.0,0.0
19467,138.04,0.0,0.0,0.0,0.0
19468,118.48,0.0,0.0,0.0,0.0
19469,114.26,0.0,0.0,0.0,0.0
19470,173.84,0.0,0.0,0.0,0.0
19471,234.21,0.0,0.0,0.0,0.0
19472,349.26,0.0,0.0,0.0,0.0
19473,358.66,0.0,0.0,0.0,0.0
19474,341.1,0.0,0.0,0.0,0.0
19475,377.97,0.0,0.0,0.0,0.0
19476,377.21,0.0,0.0,0.0,0.0
19477,742.47,0.0,0.0,0.0,0.0
19478,786.22,0.0,0.0,0.0,0.0
19479,811.11,0.0,0.0,0.0,0.0
19480,812.64,0.0,0.0,0.0,0.0
19481,830.53,0.0,0.0,0.0,0.0
19482,779.59,0.0,0.0,0.0,0.0
19483,674.22,0.0,0.0,0.0,0.0
19484,538.93,0.0,0.0,0.0,0.0
19485,483.99,0.0,0.0,0.0,0.0
19486,383.81,0.0,0.0,0.0,0.0
19487,358.89,0.0,0.0,0.0,0.0
19488,274.02,0.0,0.0,0.0,0.0
19489,220.73,0.0,0.0,0.0,0.0
19490,192.27,0.0,0.0,0.0,0.0
19491,321.45,0.0,0.0,0.0,0.0
19492,337.42,0.0,0.0,0.0,0.0
19493,352.57,0.0,0.0,0.0,0.0
19494,324.77,0.0,0.0,0.0,0.0
19495,357.3,0.0,0.0,0.0,0.0
19496,357.36,0.0,0.0,0.0,0.0
19497,360.45,0.0,0.0,0.0,0.0
19498,359.99,0.0,0.0,0.0,0.0
19499,357.76,0.0,0.0,0.0,0.0
19500,361.04,0.0,0.0,0.0,0.0
19501,345.69,0.0,0.0,0.0,0.0
19502,313.04,0.0,0.0,0.0,0.0
19503,298.86,0.0,0.0,0.0,0.0
19504,332.21,0.0,0.0,0.0,0.0
19505,330.71,0.0,0.0,0.0,0.0
19506,337.9,0.0,0.0,0.0,0.0
19507,328.36,0.0,0.0,0.0,0.0
19508,317.86,0.0,0.0,0.0,0.0
19509,300.98,0.0,0.0,0.0,0.0
19510,299.08,0.0,0.0,0.0,0.0
19511,296.42,0.0,0.0,0.0,0.0
19512,304.52,0.0,0.0,0.0,0.0
19513,300.1,0.0,0.0,0.0,0.0
19514,316.21,0.0,0.0,0.0,0.0
19515,317.57,0.0,0.0,0.0,0.0
19516,325.39,0.0,0.0,0.0,0.0
19517,309.47,0.0,0.0,0.0,0.0
19518,321.2,0.0,0.0,0.0,0.0
19519,337.74,0.0,0.0,0.0,0.0
19520,335.47,0.0,0.0,0.0,0.0
19521,346.74,0.0,0.0,0.0,0.0
19522,349.4,0.0,0.0,0.0,0.0
19523,348.21,0.0,0.0,0.0,0.0
19524,347.59,0.0,0.0,0.0,0.0
19525,341.5,0.0,0.0,0.0,0.0
19526,344.45,0.0,0.0,0.0,0.0
19527,351.27,0.0,0.0,0.0,0.0
19528,323.89,0.0,0.0,0.0,0.0
19529,266.89,0.0,0.0,0.0,0.0
19530,288.55,0.0,0.0,0.0,0.0
19531,308.8,0.0,0.0,0.0,0.0
19532,246.89,0.0,0.0,0.0,0.0
19533,252.95,0.0,0.0,0.0,0.0
19534,304.89,0.0,0.0,0.0,0.0
19535,289.31,0.0,0.0,0.0,0.0
19536,295.32,0.0,0.0,0.0,0.0
19537,309.45,0.0,0.0,0.0,0.0
19538,345.98,0.0,0.0,0.0,0.0
19539,347.39,0.0,0.0,0.0,0.0
19540,294.38,0.0,0.0,0.0,0.0
19541,299.76,0.0,0.0,0.0,0.0
19542,289.48,0.0,0.0,0.0,0.0
19543,319.95,0.0,0.0,0.0,0.0
19544,317.18,0.0,0.0,0.0,0.0
19545,312.28,0.0,0.0,0.0,0.0
19546,310.01,0.0,0.0,0.0,0.0
19547,332.24,0.0,0.0,0.0,0.0
19548,336.8,0.0,0.0,0.0,0.0
19549,355.63,0.0,0.0,0.0,0.0
19550,360.95,0.0,0.0,0.0,0.0
19551,345.49,0.0,0.0,0.0,0.0
19552,344.05,0.0,0.0,0.0,0.0
19553,334.05,0.0,0.0,0.0,0.0
19554,383.83,0.0,0.0,0.0,0.0
19555,382.22,0.0,0.0,0.0,0.0
19556,367.64,0.0,0.0,0.0,0.0
19557,373.22,0.0,0.0,0.0,0.0
19558,370.95,0.0,0.0,0.0,0.0
19559,368.37,0.0,0.0,0.0,0.0
19560,320.46,0.0,0.0,0.0,0.0
19561,390.04,0.0,0.0,0.0,0.0
19562,386.98,0.0,0.0,0.0,0.0
19563,356.11,0.0,0.0,0.0,0.0
19564,372.06,0.0,0.0,0.0,0.0
19565,385.51,0.0,0.0,0.0,0.0
19566,377.61,0.0,0.0,0.0,0.0
19567,381.88,0.0,0.0,0.0,0.0
19568,424.64,0.0,0.0,0.0,0.0
19569,396.92,0.0,0.0,0.0,0.0
19570,391.4,0.0,0.0,0.0,0.0
19571,347.93,0.0,0.0,0.0,0.0
19572,333.52,0.0,0.0,0.0,0.0
19573,334.73,0.0,0.0,0.0,0.0
19574,329.64,0.0,0.0,0.0,0.0
19575,341.27,0.0,0.0,0.0,0.0
19576,329.1,0.0,0.0,0.0,0.0
19577,292.68,0.0,0.0,0.0,0.0
19578,242.9,0.0,0.0,0.0,0.0
19579,224.1,0.0,0.0,0.0,0.0
19580,214.42,0.0,0.0,0.0,0.0
19581,241.09,0.0,0.0,0.0,0.0
19582,226.14,0.0,0.0,0.0,0.0
19583,235.74,0.0,0.0,0.0,0.0
19584,230.33,0.0,0.0,0.0,0.0
19585,217.05,0.0,0.0,0.0,0.0
19586,206.54,0.0,0.0,0.0,0.0
19587,195.44,0.0,0.0,0.0,0.0
19588,187.91,0.0,0.0,0.0,0.0
19589,172.42,0.0,0.0,0.0,0.0
19590,181.37,0.0,0.0,0.0,0.0
19591,151.07,0.0,0.0,0.0,0.0
19592,135.44,0.0,0.0,0.0,0.0
19593,136.77,0.0,0.0,0.0,0.0
19594,127.43,0.0,0.0,0.0,0.0
19595,156.05,0.0,0.0,0.0,0.0
19596,172.08,0.0,0.0,0.0,0.0
19597,180.72,0.0,0.0,0.0,0.0
19598,169.19,0.0,0.0,0.0,0.0
19599,168.68,0.0,0.0,0.0,0.0
19600,180.24,0.0,0.0,0.0,0.0
19601,178.54,0.0,0.0,0.0,0.0
19602,171.94,0.0,0.0,0.0,0.0
19603,168.63,0.0,0.0,0.0,0.0
19604,179.5,0.0,0.0,0.0,0.0
19605,156.76,0.0,0.0,0.0,0.0
19606,143.28,0.0,0.0,0.0,0.0
19607,134.93,0.0,0.0,0.0,0.0
19608,138.58,0.0,0.0,0.0,0.0
19609,121.88,0.0,0.0,0.0,0.0
19610,142.69,0.0,0.0,0.0,0.0
19611,124.99,0.0,0.0,0.0,0.0
19612,146.71,0.0,0.0,0.0,0.0
19613,161.04,0.0,0.0,0.0,0.0
19614,168.26,0.0,0.0,0.0,0.0
19615,176.36,0.0,0.0,0.0,0.0
19616,162.62,0.0,0.0,0.0,0.0
19617,132.24,0.0,0.0,0.0,0.0
19618,143.4,0.0,0.0,0.0,0.0
19619,128.33,0.0,0.0,0.0,0.0
19620,120.83,0.0,0.0,0.0,0.0
19621,124.31,0.0,0.0,0.0,0.0
19622,154.89,0.0,0.0,0.0,0.0
19623,128.98,0.0,0.0,0.0,0.0
19624,125.3,0.0,0.0,0.0,0.0
19625,136.32,0.0,0.0,0.0,0.0
19626,121.62,0.0,0.0,0.0,0.0
19627,130.97,0.0,0.0,0.0,0.0
19628,127.54,0.0,0.0,0.0,0.0
19629,128.9,0.0,0.0,0.0,0.0
19630,124.79,0.0,0.0,0.0,0.0
19631,112.3,0.0,0.0,0.0,0.0
19632,111.31,0.0,0.0,0.0,0.0
19633,119.61,0.0,0.0,0.0,0.0
19634,104.57,0.0,0.0,0.0,0.0
19635,119.21,0.0,0.0,0.0,0.0
19636,112.45,0.0,0.0,0.0,0.0
19637,117.71,0.0,0.0,0.0,0.0
19638,108.4,0.0,0.0,0.0,0.0
19639,104.55,0.0,0.0,0.0,0.0
19640,97.64,0.0,0.0,0.0,0.0
19641,103.33,0.0,0.0,0.0,0.0
19642,110.92,0.0,0.0,0.0,0.0
19643,103.81,0.0,0.0,0.0,0.0
19644,98.17,0.0,0.0,0.0,0.0
19645,98.34,0.0,0.0,0.0,0.0
19646,138.81,0.0,0.0,0.0,0.0
19647,134.31,0.0,0.0,0.0,0.0
19648,136.8,0.0,0.0,0.0,0.0
19649,130.91,0.0,0.0,0.0,0.0
19650,102.68,0.0,0.0,0.0,0.0
19651,106.22,0.0,0.0,0.0,0.0
19652,102.56,0.0,0.0,0.0,0.0
19653,113.66,0.0,0.0,0.0,0.0
19654,118.87,0.0,0.0,0.0,0.0
19655,100.13,0.0,0.0,0.0,0.0
19656,110.78,0.0,0.0,0.0,0.0
19657,121.88,0.0,0.0,0.0,0.0
19658,177.29,0.0,0.0,0.0,0.0
19659,189.44,0.0,0.0,0.0,0.0
19660,190.06,0.0,0.0,0.0,0.0
19661,185.11,0.0,0.0,0.0,0.0
19662,193.32,0.0,0.0,0.0,0.0
19663,156.48,0.0,0.0,0.0,0.0
19664,183.89,0.0,0.0,0.0,0.0
19665,183.8,0.0,0.0,0.0,0.0
19666,154.72,0.0,0.0,0.0,0.0
19667,145.58,0.0,0.0,0.0,0.0
19668,139.83,0.0,0.0,0.0,0.0
19669,125.64,0.0,0.0,0.0,0.0
19670,82.01,0.0,0.0,0.0,0.0
19671,122.44,0.0,0.0,0.0,0.0
19672,89.23,0.0,0.0,0.0,0.0
19673,85.88,0.0,0.0,0.0,0.0
19674,94.72,0.0,0.0,0.0,0.0
19675,103.07,0.0,0.0,0.0,0.0
19676,97.47,0.0,0.0,0.0,0.0
19677,81.07,0.0,0.0,0.0,0.0
19678,123.18,0.0,0.0,0.0,0.0
19679,122.36,0.0,0.0,0.0,0.0
19680,119.47,0.0,0.0,0.0,0.0
19681,121.08,0.0,0.0,0.0,0.0
19682,134.34,0.0,0.0,0.0,0.0
19683,132.95,0.0,0.0,0.0,0.0
19684,125.78,0.0,0.0,0.0,0.0
19685,114.82,0.0,0.0,0.0,0.0
19686,118.87,0.0,0.0,0.0,0.0
19687,124.28,0.0,0.0,0.0,0.0
19688,124.2,0.0,0.0,0.0,0.0
19689,132.44,0.0,0.0,0.0,0.0
19690,124.0,0.0,0.0,0.0,0.0
19691,134.67,0.0,0.0,0.0,0.0
19692,128.56,0.0,0.0,0.0,0.0
19693,110.95,0.0,0.0,0.0,0.0
19694,109.25,0.0,0.0,0.0,0.0
19695,119.92,0.0,0.0,0.0,0.0
19696,117.66,0.0,0.0,0.0,0.0
19697,109.39,0.0,0.0,0.0,0.0
19698,75.72,0.0,0.0,0.0,0.0
19699,64.05,0.0,0.0,0.0,0.0
19700,99.39,0.0,0.0,0.0,0.0
19701,102.96,0.0,0.0,0.0,0.0
19702,103.27,0.0,0.0,0.0,0.0
19703,93.16,0.0,0.0,0.0,0.0
19704,114.54,0.0,0.0,0.0,0.0
19705,112.28,0.0,0.0,0.0,0.0
19706,47.6,0.0,0.0,0.0,0.0
19707,115.87,0.0,0.0,0.0,0.0
19708,223.79,0.0,0.0,0.0,0.0
19709,224.64,0.0,0.0,0.0,0.0
19710,235.23,0.0,0.0,0.0,0.0
19711,225.94,0.0,0.0,0.0,0.0
19712,229.25,0.0,0.0,0.0,0.0
19713,221.66,0.0,0.0,0.0,0.0
19714,290.64,0.0,0.0,0.0,0.0
19715,383.01,0.0,0.0,0.0,0.0
19716,287.76,0.0,0.0,0.0,0.0
19717,388.79,0.0,0.0,0.0,0.0
19718,407.65,0.0,0.0,0.0,0.0
19719,421.98,0.0,0.0,0.0,0.0
19720,397.0,0.0,0.0,0.0,0.0
19721,277.45,0.0,0.0,0.0,0.0
19722,279.03,0.0,0.0,0.0,0.0
19723,264.22,0.0,0.0,0.0,0.0
19724,171.74,0.0,0.0,0.0,0.0
19725,218.1,0.0,0.0,0.0,0.0
19726,341.25,0.0,0.0,0.0,0.0
19727,333.54,0.0,0.0,0.0,0.0
19728,309.56,0.0,0.0,0.0,0.0
19729,342.52,0.0,0.0,0.0,0.0
19730,341.08,0.0,0.0,0.0,0.0
19731,343.03,0.0,0.0,0.0,0.0
19732,279.83,0.0,0.0,0.0,0.0
19733,252.05,0.0,0.0,0.0,0.0
19734,199.35,0.0,0.0,0.0,0.0
19735,205.41,0.0,0.0,0.0,0.0
19736,154.64,0.0,0.0,0.0,0.0
19737,169.39,0.0,0.0,0.0,0.0
19738,151.47,0.0,0.0,0.0,0.0
19739,142.52,0.0,0.0,0.0,0.0
19740,136.46,0.0,0.0,0.0,0.0
19741,137.79,0.0,0.0,0.0,0.0
19742,125.7,0.0,0.0,0.0,0.0
19743,122.33,0.0,0.0,0.0,0.0
19744,109.56,0.0,0.0,0.0,0.0
19745,105.23,0.0,0.0,0.0,0.0
19746,98.32,0.0,0.0,0.0,0.0
19747,95.54,0.0,0.0,0.0,0.0
19748,88.91,0.0,0.0,0.0,0.0
19749,84.64,0.0,0.0,0.0,0.0
19750,94.55,0.0,0.0,0.0,0.0
19751,118.34,0.0,0.0,0.0,0.0
19752,108.99,0.0,0.0,0.0,0.0
19753,96.7,0.0,0.0,0.0,0.0
19754,112.62,0.0,0.0,0.0,0.0
19755,114.8,0.0,0.0,0.0,0.0
19756,107.94,0.0,0.0,0.0,0.0
19757,92.43,0.0,0.0,0.0,0.0
19758,96.87,0.0,0.0,0.0,0.0
19759,107.35,0.0,0.0,0.0,0.0
19760,104.18,0.0,0.0,0.0,0.0
19761,111.12,0.0,0.0,0.0,0.0
19762,109.61,0.0,0.0,0.0,0.0
19763,110.04,0.0,0.0,0.0,0.0
19764,120.26,0.0,0.0,0.0,0.0
19765,117.77,0.0,0.0,0.0,0.0
19766,119.41,0.0,0.0,0.0,0.0
19767,110.72,0.0,0.0,0.0,0.0
19768,113.52,0.0,0.0,0.0,0.0
19769,109.27,0.0,0.0,0.0,0.0
19770,47.06,0.0,0.0,0.0,0.0
19771,56.95,0.0,0.0,0.0,0.0
19772,815.44,0.0,0.0,0.0,0.0
19773,1246.68,0.0,0.0,0.0,0.0
19774,1241.52,0.0,0.0,0.0,0.0
19775,1253.08,0.0,0.0,0.0,0.0
19776,1229.91,0.0,0.0,0.0,0.0
19777,1255.51,0.0,0.0,0.0,0.0
19778,1301.81,0.0,0.0,0.0,0.0
19779,467.88,0.0,0.0,0.0,0.0
19780,865.96,0.0,0.0,0.0,0.0
19781,1337.6,0.0,0.0,0.0,0.0
19782,1390.02,0.0,0.0,0.0,0.0
19783,1377.73,0.0,0.0,0.0,0.0
19784,1374.08,0.0,0.0,0.0,0.0
19785,1395.74,0.0,0.0,0.0,0.0
19786,1394.77,0.0,0.0,0.0,0.0
19787,1098.86,0.0,0.0,0.0,0.0
19788,878.28,0.0,0.0,0.0,0.0
19789,788.17,0.0,0.0,0.0,0.0
19790,621.33,0.0,0.0,0.0,0.0
19791,562.15,0.0,0.0,0.0,0.0
19792,423.73,0.0,0.0,0.0,0.0
19793,336.6,0.0,0.0,0.0,0.0
19794,302.71,0.0,0.0,0.0,0.0
19795,234.44,0.0,0.0,0.0,0.0
19796,149.65,0.0,0.0,0.0,0.0
19797,142.58,0.0,0.0,0.0,0.0
19798,121.22,0.0,0.0,0.0,0.0
19799,109.59,0.0,0.0,0.0,0.0
19800,101.71,0.0,0.0,0.0,0.0
19801,101.77,0.0,0.0,0.0,0.0
19802,94.92,0.0,0.0,0.0,0.0
19803,81.1,0.0,0.0,0.0,0.0
19804,82.57,0.0,0.0,0.0,0.0
19805,64.08,0.0,0.0,0.0,0.0
19806,14.07,0.0,0.0,0.0,0.0
19807,26.84,0.0,0.0,0.0,0.0
19808,12.77,0.0,0.0,0.0,0.0
19809,12.77,0.0,0.0,0.0,0.0
19810,12.77,0.0,0.0,0.0,0.0
19811,12.77,0.0,0.0,0.0,0.0
19812,17.1,0.0,0.0,0.0,0.0
19813,17.78,0.0,0.0,0.0,0.0
19814,40.61,0.0,0.0,0.0,0.0
19815,52.9,0.0,0.0,0.0,0.0
19816,97.86,0.0,0.0,0.0,0.0
19817,95.82,0.0,0.0,0.0,0.0
19818,107.01,0.0,0.0,0.0,0.0
19819,88.35,0.0,0.0,0.0,0.0
19820,93.56,0.0,0.0,0.0,0.0
19821,290.39,0.0,0.0,0.0,0.0
19822,308.65,0.0,0.0,0.0,0.0
19823,325.81,0.0,0.0,0.0,0.0
19824,336.01,0.0,0.0,0.0,0.0
19825,319.47,0.0,0.0,0.0,0.0
19826,278.89,0.0,0.0,0.0,0.0
19827,228.32,0.0,0.0,0.0,0.0
19828,217.87,0.0,0.0,0.0,0.0
19829,221.35,0.0,0.0,0.0,0.0
19830,175.9,0.0,0.0,0.0,0.0
19831,143.45,0.0,0.0,0.0,0.0
19832,122.07,0.0,0.0,0.0,0.0
19833,105.96,0.0,0.0,0.0,0.0
19834,88.32,0.0,0.0,0.0,0.0
19835,90.81,0.0,0.0,0.0,0.0
19836,104.63,0.0,0.0,0.0,0.0
19837,94.47,0.0,0.0,0.0,0.0
19838,120.94,0.0,0.0,0.0,0.0
19839,125.64,0.0,0.0,0.0,0.0
19840,140.03,0.0,0.0,0.0,0.0
19841,150.84,0.0,0.0,0.0,0.0
19842,174.23,0.0,0.0,0.0,0.0
19843,160.13,0.0,0.0,0.0,0.0
19844,159.96,0.0,0.0,0.0,0.0
19845,205.72,0.0,0.0,0.0,0.0
19846,179.08,0.0,0.0,0.0,0.0
19847,183.95,0.0,0.0,0.0,0.0
19848,201.73,0.0,0.0,0.0,0.0
19849,232.54,0.0,0.0,0.0,0.0
19850,282.4,0.0,0.0,0.0,0.0
19851,282.4,0.0,0.0,0.0,0.0
19852,282.4,0.0,0.0,0.0,0.0
19853,282.46,0.0,0.0,0.0,0.0
19854,285.41,0.0,0.0,0.0,0.0
19855,275.21,0.0,0.0,0.0,0.0
19856,261.28,0.0,0.0,0.0,0.0
19857,250.89,0.0,0.0,0.0,0.0
19858,246.67,0.0,0.0,0.0,0.0
19859,255.3,0.0,0.0,0.0,0.0
19860,254.79,0.0,0.0,0.0,0.0
19861,239.42,0.0,0.0,0.0,0.0
19862,237.01,0.0,0.0,0.0,0.0
19863,233.3,0.0,0.0,0.0,0.0
19864,225.06,0.0,0.0,0.0,0.0
19865,227.61,0.0,0.0,0.0,0.0
19866,241.66,0.0,0.0,0.0,0.0
19867,237.24,0.0,0.0,0.0,0.0
19868,222.49,0.0,0.0,0.0,0.0
19869,261.14,0.0,0.0,0.0,0.0
19870,268.87,0.0,0.0,0.0,0.0
19871,309.3,0.0,0.0,0.0,0.0
19872,289.71,0.0,0.0,0.0,0.0
19873,310.18,0.0,0.0,0.0,0.0
19874,304.09,0.0,0.0,0.0,0.0
19875,304.97,0.0,0.0,0.0,0.0
19876,310.86,0.0,0.0,0.0,0.0
19877,302.59,0.0,0.0,0.0,0.0
19878,299.42,0.0,0.0,0.0,0.0
19879,280.99,0.0,0.0,0.0,0.0
19880,352.74,0.0,0.0,0.0,0.0
19881,368.91,0.0,0.0,0.0,0.0
19882,359.11,0.0,0.0,0.0,0.0
19883,358.43,0.0,0.0,0.0,0.0
19884,379.96,0.0,0.0,0.0,0.0
19885,374.26,0.0,0.0,0.0,0.0
19886,354.3,0.0,0.0,0.0,0.0
19887,351.1,0.0,0.0,0.0,0.0
19888,332.27,0.0,0.0,0.0,0.0
19889,343.96,0.0,0.0,0.0,0.0
19890,367.84,0.0,0.0,0.0,0.0
19891,387.77,0.0,0.0,0.0,0.0
19892,371.04,0.0,0.0,0.0,0.0
19893,365.26,0.0,0.0,0.0,0.0
19894,393.72,0.0,0.0,0.0,0.0
19895,373.75,0.0,0.0,0.0,0.0
19896,340.6,0.0,0.0,0.0,0.0
19897,369.31,0.0,0.0,0.0,0.0
19898,366.7,0.0,0.0,0.0,0.0
19899,349.97,0.0,0.0,0.0,0.0
19900,365.37,0.0,0.0,0.0,0.0
19901,377.89,0.0,0.0,0.0,0.0
19902,381.0,0.0,0.0,0.0,0.0
19903,363.05,0.0,0.0,0.0,0.0
19904,359.28,0.0,0.0,0.0,0.0
19905,391.54,0.0,0.0,0.0,0.0
19906,383.38,0.0,0.0,0.0,0.0
19907,383.5,0.0,0.0,0.0,0.0
19908,359.82,0.0,0.0,0.0,0.0
19909,363.59,0.0,0.0,0.0,0.0
19910,362.34,0.0,0.0,0.0,0.0
19911,351.16,0.0,0.0,0.0,0.0
19912,371.77,0.0,0.0,0.0,0.0
19913,360.93,0.0,0.0,0.0,0.0
19914,359.03,0.0,0.0,0.0,0.0
19915,363.87,0.0,0.0,0.0,0.0
19916,362.88,0.0,0.0,0.0,0.0
19917,357.53,0.0,0.0,0.0,0.0
19918,365.17,0.0,0.0,0.0,0.0
19919,364.38,0.0,0.0,0.0,0.0
19920,373.27,0.0,0.0,0.0,0.0
19921,369.7,0.0,0.0,0.0,0.0
19922,351.1,0.0,0.0,0.0,0.0
19923,368.29,0.0,0.0,0.0,0.0
19924,349.43,0.0,0.0,0.0,0.0
19925,378.28,0.0,0.0,0.0,0.0
19926,388.68,0.0,0.0,0.0,0.0
19927,402.98,0.0,0.0,0.0,0.0
19928,404.53,0.0,0.0,0.0,0.0
19929,383.78,0.0,0.0,0.0,0.0
19930,389.5,0.0,0.0,0.0,0.0
19931,403.26,0.0,0.0,0.0,0.0
19932,353.56,0.0,0.0,0.0,0.0
19933,362.46,0.0,0.0,0.0,0.0
19934,336.46,0.0,0.0,0.0,0.0
19935,330.66,0.0,0.0,0.0,0.0
19936,331.14,0.0,0.0,0.0,0.0
19937,322.5,0.0,0.0,0.0,0.0
19938,326.41,0.0,0.0,0.0,0.0
19939,295.85,0.0,0.0,0.0,0.0
19940,324.48,0.0,0.0,0.0,0.0
19941,304.52,0.0,0.0,0.0,0.0
19942,300.98,0.0,0.0,0.0,0.0
19943,299.93,0.0,0.0,0.0,0.0
19944,292.57,0.0,0.0,0.0,0.0
19945,283.03,0.0,0.0,0.0,0.0
19946,279.97,0.0,0.0,0.0,0.0
19947,270.43,0.0,0.0,0.0,0.0
19948,257.29,0.0,0.0,0.0,0.0
19949,246.98,0.0,0.0,0.0,0.0
19950,228.21,0.0,0.0,0.0,0.0
19951,223.82,0.0,0.0,0.0,0.0
19952,266.43,0.0,0.0,0.0,0.0
19953,264.2,0.0,0.0,0.0,0.0
19954,273.09,0.0,0.0,0.0,0.0
19955,249.58,0.0,0.0,0.0,0.0
19956,252.64,0.0,0.0,0.0,0.0
19957,224.84,0.0,0.0,0.0,0.0
19958,199.97,0.0,0.0,0.0,0.0
19959,228.91,0.0,0.0,0.0,0.0
19960,192.98,0.0,0.0,0.0,0.0
19961,206.34,0.0,0.0,0.0,0.0
19962,254.37,0.0,0.0,0.0,0.0
19963,258.11,0.0,0.0,0.0,0.0
19964,234.27,0.0,0.0,0.0,0.0
19965,240.69,0.0,0.0,0.0,0.0
19966,218.86,0.0,0.0,0.0,0.0
19967,192.98,0.0,0.0,0.0,0.0
19968,180.35,0.0,0.0,0.0,0.0
19969,191.39,0.0,0.0,0.0,0.0
19970,222.63,0.0,0.0,0.0,0.0
19971,228.09,0.0,0.0,0.0,0.0
19972,224.27,0.0,0.0,0.0,0.0
19973,219.77,0.0,0.0,0.0,0.0
19974,212.29,0.0,0.0,0.0,0.0
19975,225.97,0.0,0.0,0.0,0.0
19976,211.78,0.0,0.0,0.0,0.0
19977,228.09,0.0,0.0,0.0,0.0
19978,202.41,0.0,0.0,0.0,0.0
19979,224.72,0.0,0.0,0.0,0.0
19980,205.84,0.0,0.0,0.0,0.0
19981,227.58,0.0,0.0,0.0,0.0
19982,204.25,0.0,0.0,0.0,0.0
19983,218.55,0.0,0.0,0.0,0.0
19984,228.38,0.0,0.0,0.0,0.0
19985,222.03,0.0,0.0,0.0,0.0
19986,201.45,0.0,0.0,0.0,0.0
19987,207.65,0.0,0.0,0.0,0.0
19988,183.04,0.0,0.0,0.0,0.0
19989,191.96,0.0,0.0,0.0,0.0
19990,197.93,0.0,0.0,0.0,0.0
19991,178.54,0.0,0.0,0.0,0.0
19992,161.6,0.0,0.0,0.0,0.0
19993,164.12,0.0,0.0,0.0,0.0
19994,133.26,0.0,0.0,0.0,0.0
19995,104.18,0.0,0.0,0.0,0.0
19996,115.25,0.0,0.0,0.0,0.0
19997,119.02,0.0,0.0,0.0,0.0
19998,109.84,0.0,0.0,0.0,0.0
19999,108.11,0.0,0.0,0.0,0.0
20000,95.23,0.0,0.0,0.0,0.0
20001,95.26,0.0,0.0,0.0,0.0
20002,100.72,0.0,0.0,0.0,0.0
20003,103.24,0.0,0.0,0.0,0.0
20004,96.67,0.0,0.0,0.0,0.0
20005,99.48,0.0,0.0,0.0,0.0
20006,112.9,0.0,0.0,0.0,0.0
20007,122.81,0.0,0.0,0.0,0.0
20008,110.07,0.0,0.0,0.0,0.0
20009,114.91,0.0,0.0,0.0,0.0
20010,106.22,0.0,0.0,0.0,0.0
20011,122.24,0.0,0.0,0.0,0.0
20012,133.51,0.0,0.0,0.0,0.0
20013,191.59,0.0,0.0,0.0,0.0
20014,129.32,0.0,0.0,0.0,0.0
20015,122.5,0.0,0.0,0.0,0.0
20016,124.42,0.0,0.0,0.0,0.0
20017,118.14,0.0,0.0,0.0,0.0
20018,165.91,0.0,0.0,0.0,0.0
20019,172.82,0.0,0.0,0.0,0.0
20020,147.87,0.0,0.0,0.0,0.0
20021,106.7,0.0,0.0,0.0,0.0
20022,151.69,0.0,0.0,0.0,0.0
20023,137.59,0.0,0.0,0.0,0.0
20024,121.56,0.0,0.0,0.0,0.0
20025,110.04,0.0,0.0,0.0,0.0
20026,115.5,0.0,0.0,0.0,0.0
20027,106.9,0.0,0.0,0.0,0.0
20028,152.88,0.0,0.0,0.0,0.0
20029,152.8,0.0,0.0,0.0,0.0
20030,133.71,0.0,0.0,0.0,0.0
20031,137.82,0.0,0.0,0.0,0.0
20032,129.72,0.0,0.0,0.0,0.0
20033,148.35,0.0,0.0,0.0,0.0
20034,123.83,0.0,0.0,0.0,0.0
20035,127.65,0.0,0.0,0.0,0.0
20036,132.47,0.0,0.0,0.0,0.0
20037,146.14,0.0,0.0,0.0,0.0
20038,123.4,0.0,0.0,0.0,0.0
20039,113.95,0.0,0.0,0.0,0.0
20040,118.76,0.0,0.0,0.0,0.0
20041,86.48,0.0,0.0,0.0,0.0
20042,111.88,0.0,0.0,0.0,0.0
20043,118.59,0.0,0.0,0.0,0.0
20044,117.37,0.0,0.0,0.0,0.0
20045,104.66,0.0,0.0,0.0,0.0
20046,102.85,0.0,0.0,0.0,0.0
20047,94.32,0.0,0.0,0.0,0.0
20048,112.84,0.0,0.0,0.0,0.0
20049,100.1,0.0,0.0,0.0,0.0
20050,99.14,0.0,0.0,0.0,0.0
20051,102.25,0.0,0.0,0.0,0.0
20052,101.97,0.0,0.0,0.0,0.0
20053,93.93,0.0,0.0,0.0,0.0
20054,104.94,0.0,0.0,0.0,0.0
20055,115.5,0.0,0.0,0.0,0.0
20056,109.02,0.0,0.0,0.0,0.0
20057,105.54,0.0,0.0,0.0,0.0
20058,98.77,0.0,0.0,0.0,0.0
20059,102.08,0.0,0.0,0.0,0.0
20060,106.02,0.0,0.0,0.0,0.0
20061,112.13,0.0,0.0,0.0,0.0
20062,90.27,0.0,0.0,0.0,0.0
20063,100.35,0.0,0.0,0.0,0.0
20064,93.13,0.0,0.0,0.0,0.0
20065,87.84,0.0,0.0,0.0,0.0
20066,63.66,0.0,0.0,0.0,0.0
20067,82.86,0.0,0.0,0.0,0.0
20068,88.55,0.0,0.0,0.0,0.0
20069,94.21,0.0,0.0,0.0,0.0
20070,87.05,0.0,0.0,0.0,0.0
20071,89.85,0.0,0.0,0.0,0.0
20072,93.62,0.0,0.0,0.0,0.0
20073,89.31,0.0,0.0,0.0,0.0
20074,93.39,0.0,0.0,0.0,0.0
20075,99.17,0.0,0.0,0.0,0.0
20076,78.98,0.0,0.0,0.0,0.0
20077,92.4,0.0,0.0,0.0,0.0
20078,88.29,0.0,0.0,0.0,0.0
20079,92.99,0.0,0.0,0.0,0.0
20080,95.91,0.0,0.0,0.0,0.0
20081,98.29,0.0,0.0,0.0,0.0
20082,113.78,0.0,0.0,0.0,0.0
20083,109.39,0.0,0.0,0.0,0.0
20084,109.78,0.0,0.0,0.0,0.0
20085,68.56,0.0,0.0,0.0,0.0
20086,8.78,0.0,0.0,0.0,0.0
20087,41.09,0.0,0.0,0.0,0.0
20088,28.4,0.0,0.0,0.0,0.0
20089,38.6,0.0,0.0,0.0,0.0
20090,48.28,0.0,0.0,0.0,0.0
20091,52.33,0.0,0.0,0.0,0.0
20092,89.51,0.0,0.0,0.0,0.0
20093,93.56,0.0,0.0,0.0,0.0
20094,72.86,0.0,0.0,0.0,0.0
20095,88.46,0.0,0.0,0.0,0.0
20096,112.84,0.0,0.0,0.0,0.0
20097,89.57,0.0,0.0,0.0,0.0
20098,117.97,0.0,0.0,0.0,0.0
20099,86.54,0.0,0.0,0.0,0.0
20100,84.3,0.0,0.0,0.0,0.0
20101,89.06,0.0,0.0,0.0,0.0
20102,92.45,0.0,0.0,0.0,0.0
20103,84.24,0.0,0.0,0.0,0.0
20104,79.91,0.0,0.0,0.0,0.0
20105,90.42,0.0,0.0,0.0,0.0
20106,79.17,0.0,0.0,0.0,0.0
20107,94.24,0.0,0.0,0.0,0.0
20108,94.92,0.0,0.0,0.0,0.0
20109,91.89,0.0,0.0,0.0,0.0
20110,100.5,0.0,0.0,0.0,0.0
20111,87.1,0.0,0.0,0.0,0.0
20112,96.65,0.0,0.0,0.0,0.0
20113,96.9,0.0,0.0,0.0,0.0
20114,83.14,0.0,0.0,0.0,0.0
20115,41.91,0.0,0.0,0.0,0.0
20116,77.56,0.0,0.0,0.0,0.0
20117,25.51,0.0,0.0,0.0,0.0
20118,34.8,0.0,0.0,0.0,0.0
20119,27.5,0.0,0.0,0.0,0.0
20120,99.65,0.0,0.0,0.0,0.0
20121,59.95,0.0,0.0,0.0,0.0
20122,52.44,0.0,0.0,0.0,0.0
20123,63.0,0.0,0.0,0.0,0.0
20124,62.01,0.0,0.0,0.0,0.0
20125,54.59,0.0,0.0,0.0,0.0
20126,68.3,0.0,0.0,0.0,0.0
20127,105.37,0.0,0.0,0.0,0.0
20128,102.0,0.0,0.0,0.0,0.0
20129,102.03,0.0,0.0,0.0,0.0
20130,108.0,0.0,0.0,0.0,0.0
20131,81.58,0.0,0.0,0.0,0.0
20132,106.36,0.0,0.0,0.0,0.0
20133,78.49,0.0,0.0,0.0,0.0
20134,79.6,0.0,0.0,0.0,0.0
20135,89.48,0.0,0.0,0.0,0.0
20136,94.24,0.0,0.0,0.0,0.0
20137,78.64,0.0,0.0,0.0,0.0
20138,76.77,0.0,0.0,0.0,0.0
20139,102.48,0.0,0.0,0.0,0.0
20140,55.44,0.0,0.0,0.0,0.0
20141,88.6,0.0,0.0,0.0,0.0
20142,67.79,0.0,0.0,0.0,0.0
20143,59.15,0.0,0.0,0.0,0.0
20144,93.76,0.0,0.0,0.0,0.0
20145,83.14,0.0,0.0,0.0,0.0
20146,87.61,0.0,0.0,0.0,0.0
20147,91.69,0.0,0.0,0.0,0.0
20148,54.03,0.0,0.0,0.0,0.0
20149,53.52,0.0,0.0,0.0,0.0
20150,52.39,0.0,0.0,0.0,0.0
20151,49.36,0.0,0.0,0.0,0.0
20152,50.01,0.0,0.0,0.0,0.0
20153,52.16,0.0,0.0,0.0,0.0
20154,89.25,0.0,0.0,0.0,0.0
20155,60.51,0.0,0.0,0.0,0.0
20156,60.6,0.0,0.0,0.0,0.0
20157,78.27,0.0,0.0,0.0,0.0
20158,78.49,0.0,0.0,0.0,0.0
20159,78.95,0.0,0.0,0.0,0.0
20160,107.29,0.0,0.0,0.0,0.0
20161,83.53,0.0,0.0,0.0,0.0
20162,84.16,0.0,0.0,0.0,0.0
20163,114.82,0.0,0.0,0.0,0.0
20164,89.45,0.0,0.0,0.0,0.0
20165,87.3,0.0,0.0,0.0,0.0
20166,88.58,0.0,0.0,0.0,0.0
20167,68.67,0.0,0.0,0.0,0.0
20168,85.26,0.0,0.0,0.0,0.0
20169,85.55,0.0,0.0,0.0,0.0
20170,14.07,0.0,0.0,0.0,0.0
20171,14.3,0.0,0.0,0.0,0.0
20172,2.15,0.0,0.0,0.0,0.0
20173,11.1,0.0,0.0,0.0,0.0
20174,15.94,0.0,0.0,0.0,0.0
20175,37.01,0.0,0.0,0.0,0.0
20176,42.7,0.0,0.0,0.0,0.0
20177,39.16,0.0,0.0,0.0,0.0
20178,53.18,0.0,0.0,0.0,0.0
20179,65.98,0.0,0.0,0.0,0.0
20180,93.45,0.0,0.0,0.0,0.0
20181,79.68,0.0,0.0,0.0,0.0
20182,98.94,0.0,0.0,0.0,0.0
20183,64.82,0.0,0.0,0.0,0.0
20184,87.7,0.0,0.0,0.0,0.0
20185,86.25,0.0,0.0,0.0,0.0
20186,77.14,0.0,0.0,0.0,0.0
20187,83.45,0.0,0.0,0.0,0.0
20188,87.7,0.0,0.0,0.0,0.0
20189,90.33,0.0,0.0,0.0,0.0
20190,89.11,0.0,0.0,0.0,0.0
20191,84.1,0.0,0.0,0.0,0.0
20192,93.16,0.0,0.0,0.0,0.0
20193,73.43,0.0,0.0,0.0,0.0
20194,86.68,0.0,0.0,0.0,0.0
20195,88.58,0.0,0.0,0.0,0.0
20196,87.16,0.0,0.0,0.0,0.0
20197,112.05,0.0,0.0,0.0,0.0
20198,99.51,0.0,0.0,0.0,0.0
20199,97.01,0.0,0.0,0.0,0.0
20200,103.47,0.0,0.0,0.0,0.0
20201,96.96,0.0,0.0,0.0,0.0
20202,105.93,0.0,0.0,0.0,0.0
20203,129.1,0.0,0.0,0.0,0.0
20204,122.9,0.0,0.0,0.0,0.0
20205,121.39,0.0,0.0,0.0,0.0
20206,122.44,0.0,0.0,0.0,0.0
20207,120.69,0.0,0.0,0.0,0.0
20208,128.53,0.0,0.0,0.0,0.0
20209,118.17,0.0,0.0,0.0,0.0
20210,123.09,0.0,0.0,0.0,0.0
20211,121.93,0.0,0.0,0.0,0.0
20212,137.65,0.0,0.0,0.0,0.0
20213,165.6,0.0,0.0,0.0,0.0
20214,120.94,0.0,0.0,0.0,0.0
20215,142.66,0.0,0.0,0.0,0.0
20216,153.36,0.0,0.0,0.0,0.0
20217,107.72,0.0,0.0,0.0,0.0
20218,90.93,0.0,0.0,0.0,0.0
20219,230.27,0.0,0.0,0.0,0.0
20220,394.71,0.0,0.0,0.0,0.0
20221,502.99,0.0,0.0,0.0,0.0
20222,543.63,0.0,0.0,0.0,0.0
20223,520.97,0.0,0.0,0.0,0.0
20224,512.9,0.0,0.0,0.0,0.0
20225,303.13,0.0,0.0,0.0,0.0
20226,1084.28,0.0,0.0,0.0,0.0
20227,766.68,0.0,0.0,0.0,0.0
20228,650.32,0.0,0.0,0.0,0.0
20229,531.0,0.0,0.0,0.0,0.0
20230,495.49,0.0,0.0,0.0,0.0
20231,540.4,0.0,0.0,0.0,0.0
20232,571.18,0.0,0.0,0.0,0.0
20233,269.21,0.0,0.0,0.0,0.0
20234,381.8,0.0,0.0,0.0,0.0
20235,393.89,0.0,0.0,0.0,0.0
20236,414.47,0.0,0.0,0.0,0.0
20237,388.37,0.0,0.0,0.0,0.0
20238,388.88,0.0,0.0,0.0,0.0
20239,358.58,0.0,0.0,0.0,0.0
20240,333.15,0.0,0.0,0.0,0.0
20241,335.04,0.0,0.0,0.0,0.0
20242,350.68,0.0,0.0,0.0,0.0
20243,311.12,0.0,0.0,0.0,0.0
20244,308.8,0.0,0.0,0.0,0.0
20245,307.95,0.0,0.0,0.0,0.0
20246,327.09,0.0,0.0,0.0,0.0
20247,327.29,0.0,0.0,0.0,0.0
20248,304.77,0.0,0.0,0.0,0.0
20249,323.52,0.0,0.0,0.0,0.0
20250,325.81,0.0,0.0,0.0,0.0
20251,312.22,0.0,0.0,0.0,0.0
20252,317.74,0.0,0.0,0.0,0.0
20253,345.01,0.0,0.0,0.0,0.0
20254,318.42,0.0,0.0,0.0,0.0
20255,315.31,0.0,0.0,0.0,0.0
20256,302.62,0.0,0.0,0.0,0.0
20257,280.22,0.0,0.0,0.0,0.0
20258,250.77,0.0,0.0,0.0,0.0
20259,276.83,0.0,0.0,0.0,0.0
20260,265.47,0.0,0.0,0.0,0.0
20261,269.66,0.0,0.0,0.0,0.0
20262,323.12,0.0,0.0,0.0,0.0
20263,305.57,0.0,0.0,0.0,0.0
20264,373.7,0.0,0.0,0.0,0.0
20265,363.14,0.0,0.0,0.0,0.0
20266,349.51,0.0,0.0,0.0,0.0
20267,344.56,0.0,0.0,0.0,0.0
20268,358.01,0.0,0.0,0.0,0.0
20269,361.12,0.0,0.0,0.0,0.0
20270,360.73,0.0,0.0,0.0,0.0
20271,358.86,0.0,0.0,0.0,0.0
20272,375.91,0.0,0.0,0.0,0.0
20273,376.42,0.0,0.0,0.0,0.0
20274,397.8,0.0,0.0,0.0,0.0
20275,375.45,0.0,0.0,0.0,0.0
20276,376.95,0.0,0.0,0.0,0.0
20277,376.87,0.0,0.0,0.0,0.0
20278,432.88,0.0,0.0,0.0,0.0
20279,367.01,0.0,0.0,0.0,0.0
20280,400.88,0.0,0.0,0.0,0.0
20281,388.82,0.0,0.0,0.0,0.0
20282,423.22,0.0,0.0,0.0,0.0
20283,408.58,0.0,0.0,0.0,0.0
20284,423.05,0.0,0.0,0.0,0.0
20285,395.3,0.0,0.0,0.0,0.0
20286,426.96,0.0,0.0,0.0,0.0
20287,427.33,0.0,0.0,0.0,0.0
20288,401.93,0.0,0.0,0.0,0.0
20289,400.23,0.0,0.0,0.0,0.0
20290,391.93,0.0,0.0,0.0,0.0
20291,404.73,0.0,0.0,0.0,0.0
20292,394.14,0.0,0.0,0.0,0.0
20293,379.02,0.0,0.0,0.0,0.0
20294,358.09,0.0,0.0,0.0,0.0
20295,324.91,0.0,0.0,0.0,0.0
20296,325.16,0.0,0.0,0.0,0.0
20297,354.05,0.0,0.0,0.0,0.0
20298,346.99,0.0,0.0,0.0,0.0
20299,330.26,0.0,0.0,0.0,0.0
20300,331.14,0.0,0.0,0.0,0.0
20301,342.38,0.0,0.0,0.0,0.0
20302,326.95,0.0,0.0,0.0,0.0
20303,325.79,0.0,0.0,0.0,0.0
20304,345.13,0.0,0.0,0.0,0.0
20305,341.33,0.0,0.0,0.0,0.0
20306,344.59,0.0,0.0,0.0,0.0
20307,313.24,0.0,0.0,0.0,0.0
20308,316.02,0.0,0.0,0.0,0.0
20309,318.39,0.0,0.0,0.0,0.0
20310,305.62,0.0,0.0,0.0,0.0
20311,271.64,0.0,0.0,0.0,0.0
20312,244.12,0.0,0.0,0.0,0.0
20313,239.76,0.0,0.0,0.0,0.0
20314,239.76,0.0,0.0,0.0,0.0
20315,255.16,0.0,0.0,0.0,0.0
20316,245.65,0.0,0.0,0.0,0.0
20317,251.57,0.0,0.0,0.0,0.0
20318,266.18,0.0,0.0,0.0,0.0
20319,246.13,0.0,0.0,0.0,0.0
20320,257.8,0.0,0.0,0.0,0.0
20321,229.11,0.0,0.0,0.0,0.0
20322,222.74,0.0,0.0,0.0,0.0
20323,237.21,0.0,0.0,0.0,0.0
20324,233.25,0.0,0.0,0.0,0.0
20325,222.91,0.0,0.0,0.0,0.0
20326,232.96,0.0,0.0,0.0,0.0
20327,217.47,0.0,0.0,0.0,0.0
20328,225.74,0.0,0.0,0.0,0.0
20329,232.51,0.0,0.0,0.0,0.0
20330,210.85,0.0,0.0,0.0,0.0
20331,231.97,0.0,0.0,0.0,0.0
20332,234.38,0.0,0.0,0.0,0.0
20333,209.54,0.0,0.0,0.0,0.0
20334,224.07,0.0,0.0,0.0,0.0
20335,223.62,0.0,0.0,0.0,0.0
20336,208.84,0.0,0.0,0.0,0.0
20337,198.56,0.0,0.0,0.0,0.0
20338,196.8,0.0,0.0,0.0,0.0
20339,195.41,0.0,0.0,0.0,0.0
20340,198.67,0.0,0.0,0.0,0.0
20341,197.59,0.0,0.0,0.0,0.0
20342,203.31,0.0,0.0,0.0,0.0
20343,189.47,0.0,0.0,0.0,0.0
20344,198.5,0.0,0.0,0.0,0.0
20345,198.1,0.0,0.0,0.0,0.0
20346,199.32,0.0,0.0,0.0,0.0
20347,208.19,0.0,0.0,0.0,0.0
20348,185.25,0.0,0.0,0.0,0.0
20349,178.45,0.0,0.0,0.0,0.0
20350,183.86,0.0,0.0,0.0,0.0
20351,179.33,0.0,0.0,0.0,0.0
20352,177.94,0.0,0.0,0.0,0.0
20353,186.69,0.0,0.0,0.0,0.0
20354,205.52,0.0,0.0,0.0,0.0
20355,225.32,0.0,0.0,0.0,0.0
20356,236.02,0.0,0.0,0.0,0.0
20357,235.45,0.0,0.0,0.0,0.0
20358,227.33,0.0,0.0,0.0,0.0
20359,209.4,0.0,0.0,0.0,0.0
20360,215.18,0.0,0.0,0.0,0.0
20361,214.81,0.0,0.0,0.0,0.0
20362,222.46,0.0,0.0,0.0,0.0
20363,210.99,0.0,0.0,0.0,0.0
20364,187.03,0.0,0.0,0.0,0.0
20365,196.21,0.0,0.0,0.0,0.0
20366,196.09,0.0,0.0,0.0,0.0
20367,199.83,0.0,0.0,0.0,0.0
20368,194.2,0.0,0.0,0.0,0.0
20369,193.21,0.0,0.0,0.0,0.0
20370,196.38,0.0,0.0,0.0,0.0
20371,213.62,0.0,0.0,0.0,0.0
20372,218.58,0.0,0.0,0.0,0.0
20373,226.05,0.0,0.0,0.0,0.0
20374,214.92,0.0,0.0,0.0,0.0
20375,191.99,0.0,0.0,0.0,0.0
20376,197.26,0.0,0.0,0.0,0.0
20377,190.23,0.0,0.0,0.0,0.0
20378,195.81,0.0,0.0,0.0,0.0
20379,194.88,0.0,0.0,0.0,0.0
20380,157.95,0.0,0.0,0.0,0.0
20381,174.6,0.0,0.0,0.0,0.0
20382,165.71,0.0,0.0,0.0,0.0
20383,163.81,0.0,0.0,0.0,0.0
20384,157.16,0.0,0.0,0.0,0.0
20385,161.09,0.0,0.0,0.0,0.0
20386,151.61,0.0,0.0,0.0,0.0
20387,137.99,0.0,0.0,0.0,0.0
20388,158.77,0.0,0.0,0.0,0.0
20389,146.96,0.0,0.0,0.0,0.0
20390,148.55,0.0,0.0,0.0,0.0
20391,152.03,0.0,0.0,0.0,0.0
20392,145.01,0.0,0.0,0.0,0.0
20393,131.62,0.0,0.0,0.0,0.0
20394,137.45,0.0,0.0,0.0,0.0
20395,133.66,0.0,0.0,0.0,0.0
20396,139.8,0.0,0.0,0.0,0.0
20397,142.12,0.0,0.0,0.0,0.0
20398,132.66,0.0,0.0,0.0,0.0
20399,141.56,0.0,0.0,0.0,0.0
20400,135.01,0.0,0.0,0.0,0.0
20401,116.84,0.0,0.0,0.0,0.0
20402,75.32,0.0,0.0,0.0,0.0
20403,114.94,0.0,0.0,0.0,0.0
20404,117.88,0.0,0.0,0.0,0.0
20405,116.33,0.0,0.0,0.0,0.0
20406,114.29,0.0,0.0,0.0,0.0
20407,125.13,0.0,0.0,0.0,0.0
20408,120.74,0.0,0.0,0.0,0.0
20409,114.68,0.0,0.0,0.0,0.0
20410,119.36,0.0,0.0,0.0,0.0
20411,117.03,0.0,0.0,0.0,0.0
20412,121.59,0.0,0.0,0.0,0.0
20413,121.88,0.0,0.0,0.0,0.0
20414,117.85,0.0,0.0,0.0,0.0
20415,108.6,0.0,0.0,0.0,0.0
20416,115.59,0.0,0.0,0.0,0.0
20417,112.81,0.0,0.0,0.0,0.0
20418,111.54,0.0,0.0,0.0,0.0
20419,118.36,0.0,0.0,0.0,0.0
20420,115.9,0.0,0.0,0.0,0.0
20421,116.38,0.0,0.0,0.0,0.0
20422,118.99,0.0,0.0,0.0,0.0
20423,106.02,0.0,0.0,0.0,0.0
20424,100.1,0.0,0.0,0.0,0.0
20425,89.31,0.0,0.0,0.0,0.0
20426,98.51,0.0,0.0,0.0,0.0
20427,99.87,0.0,0.0,0.0,0.0
20428,92.4,0.0,0.0,0.0,0.0
20429,84.36,0.0,0.0,0.0,0.0
20430,93.73,0.0,0.0,0.0,0.0
20431,111.23,0.0,0.0,0.0,0.0
20432,100.84,0.0,0.0,0.0,0.0
20433,110.92,0.0,0.0,0.0,0.0
20434,111.57,0.0,0.0,0.0,0.0
20435,124.23,0.0,0.0,0.0,0.0
20436,122.75,0.0,0.0,0.0,0.0
20437,128.5,0.0,0.0,0.0,0.0
20438,119.72,0.0,0.0,0.0,0.0
20439,117.68,0.0,0.0,0.0,0.0
20440,123.63,0.0,0.0,0.0,0.0
20441,110.61,0.0,0.0,0.0,0.0
20442,86.25,0.0,0.0,0.0,0.0
20443,75.46,0.0,0.0,0.0,0.0
20444,83.65,0.0,0.0,0.0,0.0
20445,83.48,0.0,0.0,0.0,0.0
20446,62.55,0.0,0.0,0.0,0.0
20447,60.65,0.0,0.0,0.0,0.0
20448,56.69,0.0,0.0,0.0,0.0
20449,178.06,0.0,0.0,0.0,0.0
20450,281.75,0.0,0.0,0.0,0.0
20451,156.9,0.0,0.0,0.0,0.0
20452,970.47,0.0,0.0,0.0,0.0
20453,368.69,0.0,0.0,0.0,0.0
20454,319.78,0.0,0.0,0.0,0.0
20455,899.65,0.0,0.0,0.0,0.0
20456,859.47,0.0,0.0,0.0,0.0
20457,1146.29,0.0,0.0,0.0,0.0
20458,1271.51,0.0,0.0,0.0,0.0
20459,1305.35,0.0,0.0,0.0,0.0
20460,1307.5,0.0,0.0,0.0,0.0
20461,1302.43,0.0,0.0,0.0,0.0
20462,1383.96,0.0,0.0,0.0,0.0
20463,1349.75,0.0,0.0,0.0,0.0
20464,1377.98,0.0,0.0,0.0,0.0
20465,1342.42,0.0,0.0,0.0,0.0
20466,1368.27,0.0,0.0,0.0,0.0
20467,1187.35,0.0,0.0,0.0,0.0
20468,945.47,0.0,0.0,0.0,0.0
20469,801.88,0.0,0.0,0.0,0.0
20470,678.92,0.0,0.0,0.0,0.0
20471,574.58,0.0,0.0,0.0,0.0
20472,454.15,0.0,0.0,0.0,0.0
20473,407.93,0.0,0.0,0.0,0.0
20474,302.28,0.0,0.0,0.0,0.0
20475,289.6,0.0,0.0,0.0,0.0
20476,222.09,0.0,0.0,0.0,0.0
20477,203.71,0.0,0.0,0.0,0.0
20478,173.53,0.0,0.0,0.0,0.0
20479,166.84,0.0,0.0,0.0,0.0
20480,165.57,0.0,0.0,0.0,0.0
20481,193.29,0.0,0.0,0.0,0.0
20482,218.27,0.0,0.0,0.0,0.0
20483,206.88,0.0,0.0,0.0,0.0
20484,287.02,0.0,0.0,0.0,0.0
20485,327.26,0.0,0.0,0.0,0.0
20486,273.0,0.0,0.0,0.0,0.0
20487,325.84,0.0,0.0,0.0,0.0
20488,643.81,0.0,0.0,0.0,0.0
20489,807.71,0.0,0.0,0.0,0.0
20490,805.56,0.0,0.0,0.0,0.0
20491,817.11,0.0,0.0,0.0,0.0
20492,683.48,0.0,0.0,0.0,0.0
20493,596.01,0.0,0.0,0.0,0.0
20494,402.84,0.0,0.0,0.0,0.0
20495,387.6,0.0,0.0,0.0,0.0
20496,296.82,0.0,0.0,0.0,0.0
20497,247.29,0.0,0.0,0.0,0.0
20498,212.83,0.0,0.0,0.0,0.0
20499,164.32,0.0,0.0,0.0,0.0
20500,101.57,0.0,0.0,0.0,0.0
20501,91.69,0.0,0.0,0.0,0.0
20502,82.26,0.0,0.0,0.0,0.0
20503,73.54,0.0,0.0,0.0,0.0
20504,66.43,0.0,0.0,0.0,0.0
20505,60.82,0.0,0.0,0.0,0.0
20506,60.6,0.0,0.0,0.0,0.0
20507,62.95,0.0,0.0,0.0,0.0
20508,57.2,0.0,0.0,0.0,0.0
20509,61.59,0.0,0.0,0.0,0.0
20510,57.88,0.0,0.0,0.0,0.0
20511,61.02,0.0,0.0,0.0,0.0
20512,152.15,0.0,0.0,0.0,0.0
20513,270.17,0.0,0.0,0.0,0.0
20514,286.11,0.0,0.0,0.0,0.0
20515,276.97,0.0,0.0,0.0,0.0
20516,498.86,0.0,0.0,0.0,0.0
20517,585.11,0.0,0.0,0.0,0.0
20518,577.01,0.0,0.0,0.0,0.0
20519,658.37,0.0,0.0,0.0,0.0
20520,885.07,0.0,0.0,0.0,0.0
20521,863.55,0.0,0.0,0.0,0.0
20522,800.26,0.0,0.0,0.0,0.0
20523,785.14,0.0,0.0,0.0,0.0
20524,807.31,0.0,0.0,0.0,0.0
20525,790.8,0.0,0.0,0.0,0.0
20526,807.37,0.0,0.0,0.0,0.0
20527,665.87,0.0,0.0,0.0,0.0
20528,573.05,0.0,0.0,0.0,0.0
20529,602.3,0.0,0.0,0.0,0.0
20530,580.89,0.0,0.0,0.0,0.0
20531,609.04,0.0,0.0,0.0,0.0
20532,590.38,0.0,0.0,0.0,0.0
20533,645.2,0.0,0.0,0.0,0.0
20534,655.37,0.0,0.0,0.0,0.0
20535,643.64,0.0,0.0,0.0,0.0
20536,667.74,0.0,0.0,0.0,0.0
20537,575.51,0.0,0.0,0.0,0.0
20538,525.99,0.0,0.0,0.0,0.0
20539,580.1,0.0,0.0,0.0,0.0
20540,539.38,0.0,0.0,0.0,0.0
20541,578.74,0.0,0.0,0.0,0.0
20542,585.96,0.0,0.0,0.0,0.0
20543,585.96,0.0,0.0,0.0,0.0
20544,582.08,0.0,0.0,0.0,0.0
20545,546.23,0.0,0.0,0.0,0.0
20546,541.05,0.0,0.0,0.0,0.0
20547,580.18,0.0,0.0,0.0,0.0
20548,957.0,0.0,0.0,0.0,0.0
20549,1047.16,0.0,0.0,0.0,0.0
20550,1050.75,0.0,0.0,0.0,0.0
20551,1064.6,0.0,0.0,0.0,0.0
20552,1044.67,0.0,0.0,0.0,0.0
20553,1035.55,0.0,0.0,0.0,0.0
20554,1055.14,0.0,0.0,0.0,0.0
20555,877.68,0.0,0.0,0.0,0.0
20556,484.76,0.0,0.0,0.0,0.0
20557,1070.46,0.0,0.0,0.0,0.0
20558,1028.84,0.0,0.0,0.0,0.0
20559,1004.06,0.0,0.0,0.0,0.0
20560,817.71,0.0,0.0,0.0,0.0
20561,716.67,0.0,0.0,0.0,0.0
20562,779.85,0.0,0.0,0.0,0.0
20563,722.76,0.0,0.0,0.0,0.0
20564,763.9,0.0,0.0,0.0,0.0
20565,571.66,0.0,0.0,0.0,0.0
20566,604.39,0.0,0.0,0.0,0.0
20567,500.93,0.0,0.0,0.0,0.0
20568,516.05,0.0,0.0,0.0,0.0
20569,510.3,0.0,0.0,0.0,0.0
20570,567.55,0.0,0.0,0.0,0.0
20571,579.9,0.0,0.0,0.0,0.0
20572,407.79,0.0,0.0,0.0,0.0
20573,302.03,0.0,0.0,0.0,0.0
20574,244.57,0.0,0.0,0.0,0.0
20575,227.33,0.0,0.0,0.0,0.0
20576,150.05,0.0,0.0,0.0,0.0
20577,92.68,0.0,0.0,0.0,0.0
20578,53.15,0.0,0.0,0.0,0.0
20579,64.36,0.0,0.0,0.0,0.0
20580,64.96,0.0,0.0,0.0,0.0
20581,229.93,0.0,0.0,0.0,0.0
20582,261.11,0.0,0.0,0.0,0.0
20583,298.26,0.0,0.0,0.0,0.0
20584,298.6,0.0,0.0,0.0,0.0
20585,274.65,0.0,0.0,0.0,0.0
20586,257.4,0.0,0.0,0.0,0.0
20587,237.55,0.0,0.0,0.0,0.0
20588,221.83,0.0,0.0,0.0,0.0
20589,225.32,0.0,0.0,0.0,0.0
20590,254.06,0.0,0.0,0.0,0.0
20591,250.58,0.0,0.0,0.0,0.0
20592,263.18,0.0,0.0,0.0,0.0
20593,325.42,0.0,0.0,0.0,0.0
20594,304.72,0.0,0.0,0.0,0.0
20595,310.01,0.0,0.0,0.0,0.0
20596,300.19,0.0,0.0,0.0,0.0
20597,320.8,0.0,0.0,0.0,0.0
20598,204.7,0.0,0.0,0.0,0.0
20599,270.0,0.0,0.0,0.0,0.0
20600,269.49,0.0,0.0,0.0,0.0
20601,266.29,0.0,0.0,0.0,0.0
20602,272.92,0.0,0.0,0.0,0.0
20603,272.41,0.0,0.0,0.0,0.0
20604,275.41,0.0,0.0,0.0,0.0
20605,296.17,0.0,0.0,0.0,0.0
20606,289.4,0.0,0.0,0.0,0.0
20607,292.46,0.0,0.0,0.0,0.0
20608,289.71,0.0,0.0,0.0,0.0
20609,272.63,0.0,0.0,0.0,0.0
20610,285.38,0.0,0.0,0.0,0.0
20611,274.96,0.0,0.0,0.0,0.0
20612,278.13,0.0,0.0,0.0,0.0
20613,300.92,0.0,0.0,0.0,0.0
20614,283.62,0.0,0.0,0.0,0.0
20615,291.58,0.0,0.0,0.0,0.0
20616,289.77,0.0,0.0,0.0,0.0
20617,273.12,0.0,0.0,0.0,0.0
20618,275.49,0.0,0.0,0.0,0.0
20619,281.84,0.0,0.0,0.0,0.0
20620,311.15,0.0,0.0,0.0,0.0
20621,261.17,0.0,0.0,0.0,0.0
20622,305.23,0.0,0.0,0.0,0.0
20623,299.73,0.0,0.0,0.0,0.0
20624,319.81,0.0,0.0,0.0,0.0
20625,325.87,0.0,0.0,0.0,0.0
20626,343.48,0.0,0.0,0.0,0.0
20627,345.3,0.0,0.0,0.0,0.0
20628,358.83,0.0,0.0,0.0,0.0
20629,319.9,0.0,0.0,0.0,0.0
20630,380.49,0.0,0.0,0.0,0.0
20631,360.78,0.0,0.0,0.0,0.0
20632,329.3,0.0,0.0,0.0,0.0
20633,315.48,0.0,0.0,0.0,0.0
20634,320.07,0.0,0.0,0.0,0.0
20635,307.58,0.0,0.0,0.0,0.0
20636,324.2,0.0,0.0,0.0,0.0
20637,317.46,0.0,0.0,0.0,0.0
20638,322.53,0.0,0.0,0.0,0.0
20639,318.28,0.0,0.0,0.0,0.0
20640,318.56,0.0,0.0,0.0,0.0
20641,312.0,0.0,0.0,0.0,0.0
20642,323.83,0.0,0.0,0.0,0.0
20643,330.09,0.0,0.0,0.0,0.0
20644,324.82,0.0,0.0,0.0,0.0
20645,318.65,0.0,0.0,0.0,0.0
20646,329.44,0.0,0.0,0.0,0.0
20647,311.4,0.0,0.0,0.0,0.0
20648,320.07,0.0,0.0,0.0,0.0
20649,349.32,0.0,0.0,0.0,0.0
20650,352.8,0.0,0.0,0.0,0.0
20651,342.46,0.0,0.0,0.0,0.0
20652,348.78,0.0,0.0,0.0,0.0
20653,381.0,0.0,0.0,0.0,0.0
20654,361.18,0.0,0.0,0.0,0.0
20655,367.38,0.0,0.0,0.0,0.0
20656,369.08,0.0,0.0,0.0,0.0
20657,367.16,0.0,0.0,0.0,0.0
20658,352.52,0.0,0.0,0.0,0.0
20659,363.84,0.0,0.0,0.0,0.0
20660,341.7,0.0,0.0,0.0,0.0
20661,374.49,0.0,0.0,0.0,0.0
20662,351.3,0.0,0.0,0.0,0.0
20663,354.58,0.0,0.0,0.0,0.0
20664,349.85,0.0,0.0,0.0,0.0
20665,366.79,0.0,0.0,0.0,0.0
20666,343.57,0.0,0.0,0.0,0.0
20667,351.89,0.0,0.0,0.0,0.0
20668,343.65,0.0,0.0,0.0,0.0
20669,337.03,0.0,0.0,0.0,0.0
20670,318.08,0.0,0.0,0.0,0.0
20671,331.02,0.0,0.0,0.0,0.0
20672,352.57,0.0,0.0,0.0,0.0
20673,321.06,0.0,0.0,0.0,0.0
20674,336.83,0.0,0.0,0.0,0.0
20675,345.35,0.0,0.0,0.0,0.0
20676,326.41,0.0,0.0,0.0,0.0
20677,328.22,0.0,0.0,0.0,0.0
20678,326.07,0.0,0.0,0.0,0.0
20679,313.47,0.0,0.0,0.0,0.0
20680,299.51,0.0,0.0,0.0,0.0
20681,298.32,0.0,0.0,0.0,0.0
20682,294.98,0.0,0.0,0.0,0.0
20683,287.1,0.0,0.0,0.0,0.0
20684,308.6,0.0,0.0,0.0,0.0
20685,298.88,0.0,0.0,0.0,0.0
20686,298.4,0.0,0.0,0.0,0.0
20687,302.54,0.0,0.0,0.0,0.0
20688,301.49,0.0,0.0,0.0,0.0
20689,287.02,0.0,0.0,0.0,0.0
20690,271.19,0.0,0.0,0.0,0.0
20691,248.51,0.0,0.0,0.0,0.0
20692,238.8,0.0,0.0,0.0,0.0
20693,238.94,0.0,0.0,0.0,0.0
20694,246.13,0.0,0.0,0.0,0.0
20695,219.85,0.0,0.0,0.0,0.0
20696,227.7,0.0,0.0,0.0,0.0
20697,239.11,0.0,0.0,0.0,0.0
20698,244.03,0.0,0.0,0.0,0.0
20699,220.31,0.0,0.0,0.0,0.0
20700,257.2,0.0,0.0,0.0,0.0
20701,225.94,0.0,0.0,0.0,0.0
20702,246.5,0.0,0.0,0.0,0.0
20703,221.49,0.0,0.0,0.0,0.0
20704,194.0,0.0,0.0,0.0,0.0
20705,195.81,0.0,0.0,0.0,0.0
20706,208.5,0.0,0.0,0.0,0.0
20707,201.9,0.0,0.0,0.0,0.0
20708,206.29,0.0,0.0,0.0,0.0
20709,196.63,0.0,0.0,0.0,0.0
20710,198.9,0.0,0.0,0.0,0.0
20711,165.91,0.0,0.0,0.0,0.0
20712,188.28,0.0,0.0,0.0,0.0
20713,194.23,0.0,0.0,0.0,0.0
20714,178.25,0.0,0.0,0.0,0.0
20715,172.08,0.0,0.0,0.0,0.0
20716,182.22,0.0,0.0,0.0,0.0
20717,159.42,0.0,0.0,0.0,0.0
20718,166.7,0.0,0.0,0.0,0.0
20719,156.93,0.0,0.0,0.0,0.0
20720,156.82,0.0,0.0,0.0,0.0
20721,150.79,0.0,0.0,0.0,0.0
20722,152.68,0.0,0.0,0.0,0.0
20723,150.82,0.0,0.0,0.0,0.0
20724,140.99,0.0,0.0,0.0,0.0
20725,134.73,0.0,0.0,0.0,0.0
20726,120.26,0.0,0.0,0.0,0.0
20727,125.33,0.0,0.0,0.0,0.0
20728,133.37,0.0,0.0,0.0,0.0
20729,186.3,0.0,0.0,0.0,0.0
20730,183.63,0.0,0.0,0.0,0.0
20731,165.91,0.0,0.0,0.0,0.0
20732,185.28,0.0,0.0,0.0,0.0
20733,169.53,0.0,0.0,0.0,0.0
20734,168.88,0.0,0.0,0.0,0.0
20735,181.96,0.0,0.0,0.0,0.0
20736,159.88,0.0,0.0,0.0,0.0
20737,159.48,0.0,0.0,0.0,0.0
20738,161.43,0.0,0.0,0.0,0.0
20739,144.76,0.0,0.0,0.0,0.0
20740,154.67,0.0,0.0,0.0,0.0
20741,150.08,0.0,0.0,0.0,0.0
20742,156.39,0.0,0.0,0.0,0.0
20743,147.56,0.0,0.0,0.0,0.0
20744,143.31,0.0,0.0,0.0,0.0
20745,147.28,0.0,0.0,0.0,0.0
20746,127.14,0.0,0.0,0.0,0.0
20747,124.4,0.0,0.0,0.0,0.0
20748,125.25,0.0,0.0,0.0,0.0
20749,140.0,0.0,0.0,0.0,0.0
20750,130.43,0.0,0.0,0.0,0.0
20751,142.83,0.0,0.0,0.0,0.0
20752,131.96,0.0,0.0,0.0,0.0
20753,138.21,0.0,0.0,0.0,0.0
20754,139.04,0.0,0.0,0.0,0.0
20755,142.69,0.0,0.0,0.0,0.0
20756,91.61,0.0,0.0,0.0,0.0
20757,94.38,0.0,0.0,0.0,0.0
20758,149.68,0.0,0.0,0.0,0.0
20759,149.09,0.0,0.0,0.0,0.0
20760,145.01,0.0,0.0,0.0,0.0
20761,142.46,0.0,0.0,0.0,0.0
20762,153.08,0.0,0.0,0.0,0.0
20763,142.63,0.0,0.0,0.0,0.0
20764,148.69,0.0,0.0,0.0,0.0
20765,138.04,0.0,0.0,0.0,0.0
20766,138.36,0.0,0.0,0.0,0.0
20767,145.95,0.0,0.0,0.0,0.0
20768,146.4,0.0,0.0,0.0,0.0
20769,147.73,0.0,0.0,0.0,0.0
20770,172.76,0.0,0.0,0.0,0.0
20771,131.05,0.0,0.0,0.0,0.0
20772,118.08,0.0,0.0,0.0,0.0
20773,108.45,0.0,0.0,0.0,0.0
20774,146.17,0.0,0.0,0.0,0.0
20775,138.7,0.0,0.0,0.0,0.0
20776,141.27,0.0,0.0,0.0,0.0
20777,146.77,0.0,0.0,0.0,0.0
20778,136.15,0.0,0.0,0.0,0.0
20779,141.95,0.0,0.0,0.0,0.0
20780,139.21,0.0,0.0,0.0,0.0
20781,148.18,0.0,0.0,0.0,0.0
20782,143.65,0.0,0.0,0.0,0.0
20783,147.05,0.0,0.0,0.0,0.0
20784,141.22,0.0,0.0,0.0,0.0
20785,139.86,0.0,0.0,0.0,0.0
20786,145.97,0.0,0.0,0.0,0.0
20787,154.1,0.0,0.0,0.0,0.0
20788,148.69,0.0,0.0,0.0,0.0
20789,143.85,0.0,0.0,0.0,0.0
20790,140.59,0.0,0.0,0.0,0.0
20791,157.53,0.0,0.0,0.0,0.0
20792,137.05,0.0,0.0,0.0,0.0
20793,142.09,0.0,0.0,0.0,0.0
20794,142.75,0.0,0.0,0.0,0.0
20795,144.47,0.0,0.0,0.0,0.0
20796,141.13,0.0,0.0,0.0,0.0
20797,148.07,0.0,0.0,0.0,0.0
20798,147.7,0.0,0.0,0.0,0.0
20799,142.32,0.0,0.0,0.0,0.0
20800,137.9,0.0,0.0,0.0,0.0
20801,122.7,0.0,0.0,0.0,0.0
20802,108.68,0.0,0.0,0.0,0.0
20803,100.41,0.0,0.0,0.0,0.0
20804,101.69,0.0,0.0,0.0,0.0
20805,119.04,0.0,0.0,0.0,0.0
20806,134.25,0.0,0.0,0.0,0.0
20807,119.64,0.0,0.0,0.0,0.0
20808,136.29,0.0,0.0,0.0,0.0
20809,118.65,0.0,0.0,0.0,0.0
20810,118.05,0.0,0.0,0.0,0.0
20811,113.01,0.0,0.0,0.0,0.0
20812,122.67,0.0,0.0,0.0,0.0
20813,124.31,0.0,0.0,0.0,0.0
20814,122.53,0.0,0.0,0.0,0.0
20815,109.36,0.0,0.0,0.0,0.0
20816,118.28,0.0,0.0,0.0,0.0
20817,96.93,0.0,0.0,0.0,0.0
20818,103.38,0.0,0.0,0.0,0.0
20819,121.82,0.0,0.0,0.0,0.0
20820,132.64,0.0,0.0,0.0,0.0
20821,134.87,0.0,0.0,0.0,0.0
20822,126.12,0.0,0.0,0.0,0.0
20823,154.95,0.0,0.0,0.0,0.0
20824,138.13,0.0,0.0,0.0,0.0
20825,129.95,0.0,0.0,0.0,0.0
20826,126.75,0.0,0.0,0.0,0.0
20827,112.81,0.0,0.0,0.0,0.0
20828,121.0,0.0,0.0,0.0,0.0
20829,110.86,0.0,0.0,0.0,0.0
20830,114.65,0.0,0.0,0.0,0.0
20831,125.64,0.0,0.0,0.0,0.0
20832,124.88,0.0,0.0,0.0,0.0
20833,115.45,0.0,0.0,0.0,0.0
20834,116.89,0.0,0.0,0.0,0.0
20835,112.87,0.0,0.0,0.0,0.0
20836,120.26,0.0,0.0,0.0,0.0
20837,121.51,0.0,0.0,0.0,0.0
20838,131.73,0.0,0.0,0.0,0.0
20839,126.12,0.0,0.0,0.0,0.0
20840,121.99,0.0,0.0,0.0,0.0
20841,114.88,0.0,0.0,0.0,0.0
20842,132.92,0.0,0.0,0.0,0.0
20843,135.69,0.0,0.0,0.0,0.0
20844,132.47,0.0,0.0,0.0,0.0
20845,131.62,0.0,0.0,0.0,0.0
20846,127.77,0.0,0.0,0.0,0.0
20847,127.77,0.0,0.0,0.0,0.0
20848,128.5,0.0,0.0,0.0,0.0
20849,125.02,0.0,0.0,0.0,0.0
20850,124.91,0.0,0.0,0.0,0.0
20851,133.12,0.0,0.0,0.0,0.0
20852,140.65,0.0,0.0,0.0,0.0
20853,139.91,0.0,0.0,0.0,0.0
20854,130.71,0.0,0.0,0.0,0.0
20855,138.58,0.0,0.0,0.0,0.0
20856,146.2,0.0,0.0,0.0,0.0
20857,136.91,0.0,0.0,0.0,0.0
20858,134.45,0.0,0.0,0.0,0.0
20859,108.28,0.0,0.0,0.0,0.0
20860,118.9,0.0,0.0,0.0,0.0
20861,60.54,0.0,0.0,0.0,0.0
20862,100.21,0.0,0.0,0.0,0.0
20863,126.38,0.0,0.0,0.0,0.0
20864,119.53,0.0,0.0,0.0,0.0
20865,108.96,0.0,0.0,0.0,0.0
20866,113.27,0.0,0.0,0.0,0.0
20867,123.66,0.0,0.0,0.0,0.0
20868,110.75,0.0,0.0,0.0,0.0
20869,121.03,0.0,0.0,0.0,0.0
20870,136.57,0.0,0.0,0.0,0.0
20871,128.98,0.0,0.0,0.0,0.0
20872,71.73,0.0,0.0,0.0,0.0
20873,75.04,0.0,0.0,0.0,0.0
20874,119.95,0.0,0.0,0.0,0.0
20875,103.33,0.0,0.0,0.0,0.0
20876,77.3,0.0,0.0,0.0,0.0
20877,127.88,0.0,0.0,0.0,0.0
20878,125.76,0.0,0.0,0.0,0.0
20879,114.03,0.0,0.0,0.0,0.0
20880,113.61,0.0,0.0,0.0,0.0
20881,111.54,0.0,0.0,0.0,0.0
20882,97.38,0.0,0.0,0.0,0.0
20883,118.68,0.0,0.0,0.0,0.0
20884,114.85,0.0,0.0,0.0,0.0
20885,121.51,0.0,0.0,0.0,0.0
20886,110.18,0.0,0.0,0.0,0.0
20887,114.63,0.0,0.0,0.0,0.0
20888,104.74,0.0,0.0,0.0,0.0
20889,118.68,0.0,0.0,0.0,0.0
20890,108.62,0.0,0.0,0.0,0.0
20891,109.19,0.0,0.0,0.0,0.0
20892,118.51,0.0,0.0,0.0,0.0
20893,110.97,0.0,0.0,0.0,0.0
20894,115.39,0.0,0.0,0.0,0.0
20895,115.16,0.0,0.0,0.0,0.0
20896,102.59,0.0,0.0,0.0,0.0
20897,110.83,0.0,0.0,0.0,0.0
20898,109.02,0.0,0.0,0.0,0.0
20899,121.56,0.0,0.0,0.0,0.0
20900,113.64,0.0,0.0,0.0,0.0
20901,109.78,0.0,0.0,0.0,0.0
20902,123.77,0.0,0.0,0.0,0.0
20903,154.95,0.0,0.0,0.0,0.0
20904,141.36,0.0,0.0,0.0,0.0
20905,160.53,0.0,0.0,0.0,0.0
20906,159.17,0.0,0.0,0.0,0.0
20907,141.7,0.0,0.0,0.0,0.0
20908,160.22,0.0,0.0,0.0,0.0
20909,172.42,0.0,0.0,0.0,0.0
20910,190.15,0.0,0.0,0.0,0.0
20911,187.94,0.0,0.0,0.0,0.0
20912,189.72,0.0,0.0,0.0,0.0
20913,193.6,0.0,0.0,0.0,0.0
20914,208.02,0.0,0.0,0.0,0.0
20915,210.99,0.0,0.0,0.0,0.0
20916,205.69,0.0,0.0,0.0,0.0
20917,204.42,0.0,0.0,0.0,0.0
20918,219.63,0.0,0.0,0.0,0.0
20919,210.45,0.0,0.0,0.0,0.0
20920,221.44,0.0,0.0,0.0,0.0
20921,226.73,0.0,0.0,0.0,0.0
20922,225.63,0.0,0.0,0.0,0.0
20923,222.94,0.0,0.0,0.0,0.0
20924,214.84,0.0,0.0,0.0,0.0
20925,220.11,0.0,0.0,0.0,0.0
20926,219.85,0.0,0.0,0.0,0.0
20927,231.01,0.0,0.0,0.0,0.0
20928,225.2,0.0,0.0,0.0,0.0
20929,208.1,0.0,0.0,0.0,0.0
20930,208.19,0.0,0.0,0.0,0.0
20931,199.97,0.0,0.0,0.0,0.0
20932,203.65,0.0,0.0,0.0,0.0
20933,199.58,0.0,0.0,0.0,0.0
20934,203.97,0.0,0.0,0.0,0.0
20935,211.47,0.0,0.0,0.0,0.0
20936,210.2,0.0,0.0,0.0,0.0
20937,216.62,0.0,0.0,0.0,0.0
20938,184.2,0.0,0.0,0.0,0.0
20939,219.06,0.0,0.0,0.0,0.0
20940,214.39,0.0,0.0,0.0,0.0
20941,231.38,0.0,0.0,0.0,0.0
20942,295.66,0.0,0.0,0.0,0.0
20943,259.84,0.0,0.0,0.0,0.0
20944,248.03,0.0,0.0,0.0,0.0
20945,261.02,0.0,0.0,0.0,0.0
20946,249.02,0.0,0.0,0.0,0.0
20947,250.58,0.0,0.0,0.0,0.0
20948,254.48,0.0,0.0,0.0,0.0
20949,251.23,0.0,0.0,0.0,0.0
20950,263.4,0.0,0.0,0.0,0.0
20951,266.66,0.0,0.0,0.0,0.0
20952,277.73,0.0,0.0,0.0,0.0
20953,305.62,0.0,0.0,0.0,0.0
20954,325.39,0.0,0.0,0.0,0.0
20955,286.91,0.0,0.0,0.0,0.0
20956,275.47,0.0,0.0,0.0,0.0
20957,255.87,0.0,0.0,0.0,0.0
20958,257.77,0.0,0.0,0.0,0.0
20959,257.77,0.0,0.0,0.0,0.0
20960,252.36,0.0,0.0,0.0,0.0
20961,254.03,0.0,0.0,0.0,0.0
20962,256.01,0.0,0.0,0.0,0.0
20963,251.93,0.0,0.0,0.0,0.0
20964,270.62,0.0,0.0,0.0,0.0
20965,261.48,0.0,0.0,0.0,0.0
20966,277.34,0.0,0.0,0.0,0.0
20967,280.28,0.0,0.0,0.0,0.0
20968,231.97,0.0,0.0,0.0,0.0
20969,293.16,0.0,0.0,0.0,0.0
20970,289.88,0.0,0.0,0.0,0.0
20971,283.37,0.0,0.0,0.0,0.0
20972,281.19,0.0,0.0,0.0,0.0
20973,290.93,0.0,0.0,0.0,0.0
20974,295.26,0.0,0.0,0.0,0.0
20975,296.17,0.0,0.0,0.0,0.0
20976,293.5,0.0,0.0,0.0,0.0
20977,286.74,0.0,0.0,0.0,0.0
20978,288.58,0.0,0.0,0.0,0.0
20979,289.0,0.0,0.0,0.0,0.0
20980,292.4,0.0,0.0,0.0,0.0
20981,290.53,0.0,0.0,0.0,0.0
20982,294.47,0.0,0.0,0.0,0.0
20983,274.62,0.0,0.0,0.0,0.0
20984,288.8,0.0,0.0,0.0,0.0
20985,311.06,0.0,0.0,0.0,0.0
20986,341.53,0.0,0.0,0.0,0.0
20987,333.63,0.0,0.0,0.0,0.0
20988,333.77,0.0,0.0,0.0,0.0
20989,335.16,0.0,0.0,0.0,0.0
20990,326.78,0.0,0.0,0.0,0.0
20991,328.36,0.0,0.0,0.0,0.0
20992,338.07,0.0,0.0,0.0,0.0
20993,334.48,0.0,0.0,0.0,0.0
20994,339.04,0.0,0.0,0.0,0.0
20995,326.66,0.0,0.0,0.0,0.0
20996,349.34,0.0,0.0,0.0,0.0
20997,319.84,0.0,0.0,0.0,0.0
20998,356.45,0.0,0.0,0.0,0.0
20999,371.72,0.0,0.0,0.0,0.0
21000,373.58,0.0,0.0,0.0,0.0
21001,369.36,0.0,0.0,0.0,0.0
21002,374.12,0.0,0.0,0.0,0.0
21003,375.08,0.0,0.0,0.0,0.0
21004,392.5,0.0,0.0,0.0,0.0
21005,375.51,0.0,0.0,0.0,0.0
21006,365.57,0.0,0.0,0.0,0.0
21007,383.61,0.0,0.0,0.0,0.0
21008,366.84,0.0,0.0,0.0,0.0
21009,370.61,0.0,0.0,0.0,0.0
21010,381.77,0.0,0.0,0.0,0.0
21011,369.0,0.0,0.0,0.0,0.0
21012,362.14,0.0,0.0,0.0,0.0
21013,382.05,0.0,0.0,0.0,0.0
21014,361.35,0.0,0.0,0.0,0.0
21015,369.62,0.0,0.0,0.0,0.0
21016,389.61,0.0,0.0,0.0,0.0
21017,370.16,0.0,0.0,0.0,0.0
21018,369.42,0.0,0.0,0.0,0.0
21019,367.41,0.0,0.0,0.0,0.0
21020,365.83,0.0,0.0,0.0,0.0
21021,368.94,0.0,0.0,0.0,0.0
21022,359.28,0.0,0.0,0.0,0.0
21023,367.95,0.0,0.0,0.0,0.0
21024,360.84,0.0,0.0,0.0,0.0
21025,371.12,0.0,0.0,0.0,0.0
21026,366.28,0.0,0.0,0.0,0.0
21027,356.65,0.0,0.0,0.0,0.0
21028,320.69,0.0,0.0,0.0,0.0
21029,324.88,0.0,0.0,0.0,0.0
21030,318.28,0.0,0.0,0.0,0.0
21031,321.4,0.0,0.0,0.0,0.0
21032,320.83,0.0,0.0,0.0,0.0
21033,338.92,0.0,0.0,0.0,0.0
21034,342.07,0.0,0.0,0.0,0.0
21035,333.29,0.0,0.0,0.0,0.0
21036,326.92,0.0,0.0,0.0,0.0
21037,345.47,0.0,0.0,0.0,0.0
21038,339.26,0.0,0.0,0.0,0.0
21039,327.06,0.0,0.0,0.0,0.0
21040,327.6,0.0,0.0,0.0,0.0
21041,331.59,0.0,0.0,0.0,0.0
21042,319.41,0.0,0.0,0.0,0.0
21043,329.21,0.0,0.0,0.0,0.0
21044,290.5,0.0,0.0,0.0,0.0
21045,340.76,0.0,0.0,0.0,0.0
21046,264.42,0.0,0.0,0.0,0.0
21047,266.89,0.0,0.0,0.0,0.0
21048,270.51,0.0,0.0,0.0,0.0
21049,248.2,0.0,0.0,0.0,0.0
21050,246.61,0.0,0.0,0.0,0.0
21051,254.82,0.0,0.0,0.0,0.0
21052,243.33,0.0,0.0,0.0,0.0
21053,238.29,0.0,0.0,0.0,0.0
21054,240.89,0.0,0.0,0.0,0.0
21055,233.64,0.0,0.0,0.0,0.0
21056,221.21,0.0,0.0,0.0,0.0
21057,234.21,0.0,0.0,0.0,0.0
21058,223.22,0.0,0.0,0.0,0.0
21059,224.1,0.0,0.0,0.0,0.0
21060,258.25,0.0,0.0,0.0,0.0
21061,246.58,0.0,0.0,0.0,0.0
21062,238.85,0.0,0.0,0.0,0.0
21063,246.67,0.0,0.0,0.0,0.0
21064,249.02,0.0,0.0,0.0,0.0
21065,250.83,0.0,0.0,0.0,0.0
21066,243.1,0.0,0.0,0.0,0.0
21067,243.1,0.0,0.0,0.0,0.0
21068,248.14,0.0,0.0,0.0,0.0
21069,231.01,0.0,0.0,0.0,0.0
21070,231.12,0.0,0.0,0.0,0.0
21071,219.14,0.0,0.0,0.0,0.0
21072,223.28,0.0,0.0,0.0,0.0
21073,216.79,0.0,0.0,0.0,0.0
21074,209.49,0.0,0.0,0.0,0.0
21075,215.66,0.0,0.0,0.0,0.0
21076,195.41,0.0,0.0,0.0,0.0
21077,199.78,0.0,0.0,0.0,0.0
21078,195.9,0.0,0.0,0.0,0.0
21079,155.91,0.0,0.0,0.0,0.0
21080,188.65,0.0,0.0,0.0,0.0
21081,206.03,0.0,0.0,0.0,0.0
21082,200.34,0.0,0.0,0.0,0.0
21083,198.1,0.0,0.0,0.0,0.0
21084,187.15,0.0,0.0,0.0,0.0
21085,192.87,0.0,0.0,0.0,0.0
21086,195.73,0.0,0.0,0.0,0.0
21087,185.33,0.0,0.0,0.0,0.0
21088,192.21,0.0,0.0,0.0,0.0
21089,183.58,0.0,0.0,0.0,0.0
21090,189.67,0.0,0.0,0.0,0.0
21091,191.22,0.0,0.0,0.0,0.0
21092,184.37,0.0,0.0,0.0,0.0
21093,186.64,0.0,0.0,0.0,0.0
21094,182.53,0.0,0.0,0.0,0.0
21095,181.91,0.0,0.0,0.0,0.0
21096,169.62,0.0,0.0,0.0,0.0
21097,174.69,0.0,0.0,0.0,0.0
21098,175.68,0.0,0.0,0.0,0.0
21099,182.9,0.0,0.0,0.0,0.0
21100,172.56,0.0,0.0,0.0,0.0
21101,172.19,0.0,0.0,0.0,0.0
21102,112.98,0.0,0.0,0.0,0.0
21103,112.98,0.0,0.0,0.0,0.0
21104,141.24,0.0,0.0,0.0,0.0
21105,155.46,0.0,0.0,0.0,0.0
21106,155.86,0.0,0.0,0.0,0.0
21107,159.42,0.0,0.0,0.0,0.0
21108,156.34,0.0,0.0,0.0,0.0
21109,127.94,0.0,0.0,0.0,0.0
21110,131.31,0.0,0.0,0.0,0.0
21111,137.05,0.0,0.0,0.0,0.0
21112,138.3,0.0,0.0,0.0,0.0
21113,127.11,0.0,0.0,0.0,0.0
21114,138.87,0.0,0.0,0.0,0.0
21115,126.8,0.0,0.0,0.0,0.0
21116,123.69,0.0,0.0,0.0,0.0
21117,121.65,0.0,0.0,0.0,0.0
21118,143.59,0.0,0.0,0.0,0.0
21119,130.68,0.0,0.0,0.0,0.0
21120,128.53,0.0,0.0,0.0,0.0
21121,140.06,0.0,0.0,0.0,0.0
21122,132.58,0.0,0.0,0.0,0.0
21123,125.84,0.0,0.0,0.0,0.0
21124,126.89,0.0,0.0,0.0,0.0
21125,132.69,0.0,0.0,0.0,0.0
21126,130.0,0.0,0.0,0.0,0.0
21127,131.25,0.0,0.0,0.0,0.0
21128,132.27,0.0,0.0,0.0,0.0
21129,133.77,0.0,0.0,0.0,0.0
21130,132.95,0.0,0.0,0.0,0.0
21131,127.43,0.0,0.0,0.0,0.0
21132,132.92,0.0,0.0,0.0,0.0
21133,130.97,0.0,0.0,0.0,0.0
21134,132.55,0.0,0.0,0.0,0.0
21135,137.17,0.0,0.0,0.0,0.0
21136,130.37,0.0,0.0,0.0,0.0
21137,133.54,0.0,0.0,0.0,0.0
21138,133.71,0.0,0.0,0.0,0.0
21139,132.66,0.0,0.0,0.0,0.0
21140,134.48,0.0,0.0,0.0,0.0
21141,137.31,0.0,0.0,0.0,0.0
21142,135.01,0.0,0.0,0.0,0.0
21143,139.26,0.0,0.0,0.0,0.0
21144,157.41,0.0,0.0,0.0,0.0
21145,127.82,0.0,0.0,0.0,0.0
21146,133.51,0.0,0.0,0.0,0.0
21147,134.36,0.0,0.0,0.0,0.0
21148,138.98,0.0,0.0,0.0,0.0
21149,132.01,0.0,0.0,0.0,0.0
21150,137.22,0.0,0.0,0.0,0.0
21151,123.89,0.0,0.0,0.0,0.0
21152,132.07,0.0,0.0,0.0,0.0
21153,133.15,0.0,0.0,0.0,0.0
21154,149.8,0.0,0.0,0.0,0.0
21155,148.72,0.0,0.0,0.0,0.0
21156,141.75,0.0,0.0,0.0,0.0
21157,138.21,0.0,0.0,0.0,0.0
21158,139.6,0.0,0.0,0.0,0.0
21159,138.7,0.0,0.0,0.0,0.0
21160,149.31,0.0,0.0,0.0,0.0
21161,132.13,0.0,0.0,0.0,0.0
21162,126.72,0.0,0.0,0.0,0.0
21163,136.46,0.0,0.0,0.0,0.0
21164,131.28,0.0,0.0,0.0,0.0
21165,123.32,0.0,0.0,0.0,0.0
21166,114.91,0.0,0.0,0.0,0.0
21167,120.18,0.0,0.0,0.0,0.0
21168,119.89,0.0,0.0,0.0,0.0
21169,127.48,0.0,0.0,0.0,0.0
21170,121.59,0.0,0.0,0.0,0.0
21171,77.59,0.0,0.0,0.0,0.0
21172,112.67,0.0,0.0,0.0,0.0
21173,108.57,0.0,0.0,0.0,0.0
21174,117.35,0.0,0.0,0.0,0.0
21175,101.32,0.0,0.0,0.0,0.0
21176,121.2,0.0,0.0,0.0,0.0
21177,122.02,0.0,0.0,0.0,0.0
21178,122.58,0.0,0.0,0.0,0.0
21179,115.79,0.0,0.0,0.0,0.0
21180,125.73,0.0,0.0,0.0,0.0
21181,117.46,0.0,0.0,0.0,0.0
21182,121.03,0.0,0.0,0.0,0.0
21183,119.78,0.0,0.0,0.0,0.0
21184,117.94,0.0,0.0,0.0,0.0
21185,120.74,0.0,0.0,0.0,0.0
21186,112.93,0.0,0.0,0.0,0.0
21187,92.71,0.0,0.0,0.0,0.0
21188,92.71,0.0,0.0,0.0,0.0
21189,45.76,0.0,0.0,0.0,0.0
21190,57.62,0.0,0.0,0.0,0.0
21191,96.62,0.0,0.0,0.0,0.0
21192,92.06,0.0,0.0,0.0,0.0
21193,109.27,0.0,0.0,0.0,0.0
21194,88.66,0.0,0.0,0.0,0.0
21195,100.33,0.0,0.0,0.0,0.0
21196,92.88,0.0,0.0,0.0,0.0
21197,90.81,0.0,0.0,0.0,0.0
21198,97.33,0.0,0.0,0.0,0.0
21199,89.82,0.0,0.0,0.0,0.0
21200,98.74,0.0,0.0,0.0,0.0
21201,101.12,0.0,0.0,0.0,0.0
21202,100.86,0.0,0.0,0.0,0.0
21203,91.94,0.0,0.0,0.0,0.0
21204,79.91,0.0,0.0,0.0,0.0
21205,84.55,0.0,0.0,0.0,0.0
21206,94.97,0.0,0.0,0.0,0.0
21207,94.52,0.0,0.0,0.0,0.0
21208,110.29,0.0,0.0,0.0,0.0
21209,90.39,0.0,0.0,0.0,0.0
21210,60.71,0.0,0.0,0.0,0.0
21211,56.8,0.0,0.0,0.0,0.0
21212,59.98,0.0,0.0,0.0,0.0
21213,60.12,0.0,0.0,0.0,0.0
21214,55.47,0.0,0.0,0.0,0.0
21215,54.68,0.0,0.0,0.0,0.0
21216,49.3,0.0,0.0,0.0,0.0
21217,56.18,0.0,0.0,0.0,0.0
21218,51.4,0.0,0.0,0.0,0.0
21219,57.65,0.0,0.0,0.0,0.0
21220,75.1,0.0,0.0,0.0,0.0
21221,74.13,0.0,0.0,0.0,0.0
21222,78.27,0.0,0.0,0.0,0.0
21223,82.52,0.0,0.0,0.0,0.0
21224,82.54,0.0,0.0,0.0,0.0
21225,75.52,0.0,0.0,0.0,0.0
21226,99.39,0.0,0.0,0.0,0.0
21227,71.1,0.0,0.0,0.0,0.0
21228,96.56,0.0,0.0,0.0,0.0
21229,74.13,0.0,0.0,0.0,0.0
21230,66.15,0.0,0.0,0.0,0.0
21231,85.72,0.0,0.0,0.0,0.0
21232,87.58,0.0,0.0,0.0,0.0
21233,82.88,0.0,0.0,0.0,0.0
21234,85.26,0.0,0.0,0.0,0.0
21235,82.97,0.0,0.0,0.0,0.0
21236,98.03,0.0,0.0,0.0,0.0
21237,61.87,0.0,0.0,0.0,0.0
21238,64.22,0.0,0.0,0.0,0.0
21239,31.21,0.0,0.0,0.0,0.0
21240,35.76,0.0,0.0,0.0,0.0
21241,43.15,0.0,0.0,0.0,0.0
21242,65.33,0.0,0.0,0.0,0.0
21243,25.54,0.0,0.0,0.0,0.0
21244,35.91,0.0,0.0,0.0,0.0
21245,80.73,0.0,0.0,0.0,0.0
21246,67.0,0.0,0.0,0.0,0.0
21247,76.14,0.0,0.0,0.0,0.0
21248,81.47,0.0,0.0,0.0,0.0
21249,82.69,0.0,0.0,0.0,0.0
21250,71.98,0.0,0.0,0.0,0.0
21251,65.27,0.0,0.0,0.0,0.0
21252,74.93,0.0,0.0,0.0,0.0
21253,81.3,0.0,0.0,0.0,0.0
21254,67.65,0.0,0.0,0.0,0.0
21255,78.27,0.0,0.0,0.0,0.0
21256,94.04,0.0,0.0,0.0,0.0
21257,87.78,0.0,0.0,0.0,0.0
21258,90.53,0.0,0.0,0.0,0.0
21259,81.98,0.0,0.0,0.0,0.0
21260,67.62,0.0,0.0,0.0,0.0
21261,79.88,0.0,0.0,0.0,0.0
21262,76.06,0.0,0.0,0.0,0.0
21263,83.42,0.0,0.0,0.0,0.0
21264,85.04,0.0,0.0,0.0,0.0
21265,90.47,0.0,0.0,0.0,0.0
21266,85.46,0.0,0.0,0.0,0.0
21267,87.78,0.0,0.0,0.0,0.0
21268,88.46,0.0,0.0,0.0,0.0
21269,93.42,0.0,0.0,0.0,0.0
21270,93.67,0.0,0.0,0.0,0.0
21271,80.31,0.0,0.0,0.0,0.0
21272,87.9,0.0,0.0,0.0,0.0
21273,80.02,0.0,0.0,0.0,0.0
21274,91.89,0.0,0.0,0.0,0.0
21275,108.99,0.0,0.0,0.0,0.0
21276,109.53,0.0,0.0,0.0,0.0
21277,131.81,0.0,0.0,0.0,0.0
21278,112.87,0.0,0.0,0.0,0.0
21279,107.52,0.0,0.0,0.0,0.0
21280,140.56,0.0,0.0,0.0,0.0
21281,149.46,0.0,0.0,0.0,0.0
21282,149.51,0.0,0.0,0.0,0.0
21283,171.83,0.0,0.0,0.0,0.0
21284,179.76,0.0,0.0,0.0,0.0
21285,189.52,0.0,0.0,0.0,0.0
21286,203.23,0.0,0.0,0.0,0.0
21287,188.25,0.0,0.0,0.0,0.0
21288,187.97,0.0,0.0,0.0,0.0
21289,195.13,0.0,0.0,0.0,0.0
21290,197.4,0.0,0.0,0.0,0.0
21291,199.52,0.0,0.0,0.0,0.0
21292,195.07,0.0,0.0,0.0,0.0
21293,197.96,0.0,0.0,0.0,0.0
21294,202.18,0.0,0.0,0.0,0.0
21295,204.11,0.0,0.0,0.0,0.0
21296,193.8,0.0,0.0,0.0,0.0
21297,187.06,0.0,0.0,0.0,0.0
21298,199.15,0.0,0.0,0.0,0.0
21299,189.75,0.0,0.0,0.0,0.0
21300,191.79,0.0,0.0,0.0,0.0
21301,191.0,0.0,0.0,0.0,0.0
21302,192.5,0.0,0.0,0.0,0.0
21303,203.03,0.0,0.0,0.0,0.0
21304,211.95,0.0,0.0,0.0,0.0
21305,208.13,0.0,0.0,0.0,0.0
21306,200.77,0.0,0.0,0.0,0.0
21307,211.16,0.0,0.0,0.0,0.0
21308,224.47,0.0,0.0,0.0,0.0
21309,222.12,0.0,0.0,0.0,0.0
21310,217.33,0.0,0.0,0.0,0.0
21311,239.22,0.0,0.0,0.0,0.0
21312,219.03,0.0,0.0,0.0,0.0
21313,228.49,0.0,0.0,0.0,0.0
21314,229.79,0.0,0.0,0.0,0.0
21315,228.29,0.0,0.0,0.0,0.0
21316,231.86,0.0,0.0,0.0,0.0
21317,228.74,0.0,0.0,0.0,0.0
21318,224.75,0.0,0.0,0.0,0.0
21319,256.24,0.0,0.0,0.0,0.0
21320,291.75,0.0,0.0,0.0,0.0
21321,234.63,0.0,0.0,0.0,0.0
21322,237.83,0.0,0.0,0.0,0.0
21323,265.44,0.0,0.0,0.0,0.0
21324,269.38,0.0,0.0,0.0,0.0
21325,276.26,0.0,0.0,0.0,0.0
21326,270.23,0.0,0.0,0.0,0.0
21327,244.49,0.0,0.0,0.0,0.0
21328,278.13,0.0,0.0,0.0,0.0
21329,272.21,0.0,0.0,0.0,0.0
21330,270.14,0.0,0.0,0.0,0.0
21331,264.71,0.0,0.0,0.0,0.0
21332,276.71,0.0,0.0,0.0,0.0
21333,264.9,0.0,0.0,0.0,0.0
21334,275.64,0.0,0.0,0.0,0.0
21335,278.47,0.0,0.0,0.0,0.0
21336,264.88,0.0,0.0,0.0,0.0
21337,278.13,0.0,0.0,0.0,0.0
21338,284.58,0.0,0.0,0.0,0.0
21339,249.47,0.0,0.0,0.0,0.0
21340,269.58,0.0,0.0,0.0,0.0
21341,259.52,0.0,0.0,0.0,0.0
21342,257.57,0.0,0.0,0.0,0.0
21343,248.93,0.0,0.0,0.0,0.0
21344,254.12,0.0,0.0,0.0,0.0
21345,254.88,0.0,0.0,0.0,0.0
21346,267.25,0.0,0.0,0.0,0.0
21347,282.69,0.0,0.0,0.0,0.0
21348,285.55,0.0,0.0,0.0,0.0
21349,264.93,0.0,0.0,0.0,0.0
21350,288.95,0.0,0.0,0.0,0.0
21351,271.98,0.0,0.0,0.0,0.0
21352,281.38,0.0,0.0,0.0,0.0
21353,306.87,0.0,0.0,0.0,0.0
21354,322.61,0.0,0.0,0.0,0.0
21355,328.16,0.0,0.0,0.0,0.0
21356,327.23,0.0,0.0,0.0,0.0
21357,321.48,0.0,0.0,0.0,0.0
21358,357.56,0.0,0.0,0.0,0.0
21359,332.07,0.0,0.0,0.0,0.0
21360,338.19,0.0,0.0,0.0,0.0
21361,320.29,0.0,0.0,0.0,0.0
21362,326.01,0.0,0.0,0.0,0.0
21363,317.12,0.0,0.0,0.0,0.0
21364,328.11,0.0,0.0,0.0,0.0
21365,322.87,0.0,0.0,0.0,0.0
21366,293.84,0.0,0.0,0.0,0.0
21367,344.28,0.0,0.0,0.0,0.0
21368,334.45,0.0,0.0,0.0,0.0
21369,310.38,0.0,0.0,0.0,0.0
21370,329.66,0.0,0.0,0.0,0.0
21371,332.92,0.0,0.0,0.0,0.0
21372,325.08,0.0,0.0,0.0,0.0
21373,327.8,0.0,0.0,0.0,0.0
21374,326.86,0.0,0.0,0.0,0.0
21375,328.79,0.0,0.0,0.0,0.0
21376,329.18,0.0,0.0,0.0,0.0
21377,328.96,0.0,0.0,0.0,0.0
21378,324.17,0.0,0.0,0.0,0.0
21379,337.42,0.0,0.0,0.0,0.0
21380,333.03,0.0,0.0,0.0,0.0
21381,331.25,0.0,0.0,0.0,0.0
21382,311.66,0.0,0.0,0.0,0.0
21383,311.03,0.0,0.0,0.0,0.0
21384,314.83,0.0,0.0,0.0,0.0
21385,298.91,0.0,0.0,0.0,0.0
21386,309.96,0.0,0.0,0.0,0.0
21387,324.31,0.0,0.0,0.0,0.0
21388,284.3,0.0,0.0,0.0,0.0
21389,279.2,0.0,0.0,0.0,0.0
21390,290.53,0.0,0.0,0.0,0.0
21391,289.26,0.0,0.0,0.0,0.0
21392,279.4,0.0,0.0,0.0,0.0
21393,271.22,0.0,0.0,0.0,0.0
21394,275.38,0.0,0.0,0.0,0.0
21395,274.53,0.0,0.0,0.0,0.0
21396,270.09,0.0,0.0,0.0,0.0
21397,259.61,0.0,0.0,0.0,0.0
21398,266.55,0.0,0.0,0.0,0.0
21399,261.45,0.0,0.0,0.0,0.0
21400,255.67,0.0,0.0,0.0,0.0
21401,231.41,0.0,0.0,0.0,0.0
21402,252.22,0.0,0.0,0.0,0.0
21403,253.8,0.0,0.0,0.0,0.0
21404,238.43,0.0,0.0,0.0,0.0
21405,245.9,0.0,0.0,0.0,0.0
21406,254.51,0.0,0.0,0.0,0.0
21407,229.37,0.0,0.0,0.0,0.0
21408,241.03,0.0,0.0,0.0,0.0
21409,234.1,0.0,0.0,0.0,0.0
21410,241.26,0.0,0.0,0.0,0.0
21411,246.05,0.0,0.0,0.0,0.0
21412,234.41,0.0,0.0,0.0,0.0
21413,233.95,0.0,0.0,0.0,0.0
21414,222.8,0.0,0.0,0.0,0.0
21415,224.13,0.0,0.0,0.0,0.0
21416,239.31,0.0,0.0,0.0,0.0
21417,239.11,0.0,0.0,0.0,0.0
21418,227.36,0.0,0.0,0.0,0.0
21419,216.31,0.0,0.0,0.0,0.0
21420,210.31,0.0,0.0,0.0,0.0
21421,199.41,0.0,0.0,0.0,0.0
21422,206.03,0.0,0.0,0.0,0.0
21423,215.43,0.0,0.0,0.0,0.0
21424,216.34,0.0,0.0,0.0,0.0
21425,214.36,0.0,0.0,0.0,0.0
21426,201.87,0.0,0.0,0.0,0.0
21427,207.76,0.0,0.0,0.0,0.0
21428,190.63,0.0,0.0,0.0,0.0
21429,173.44,0.0,0.0,0.0,0.0
21430,187.23,0.0,0.0,0.0,0.0
21431,189.13,0.0,0.0,0.0,0.0
21432,179.81,0.0,0.0,0.0,0.0
21433,189.89,0.0,0.0,0.0,0.0
21434,177.04,0.0,0.0,0.0,0.0
21435,166.3,0.0,0.0,0.0,0.0
21436,163.13,0.0,0.0,0.0,0.0
21437,161.49,0.0,0.0,0.0,0.0
21438,152.49,0.0,0.0,0.0,0.0
21439,152.66,0.0,0.0,0.0,0.0
21440,158.29,0.0,0.0,0.0,0.0
21441,157.44,0.0,0.0,0.0,0.0
21442,153.96,0.0,0.0,0.0,0.0
21443,154.02,0.0,0.0,0.0,0.0
21444,149.97,0.0,0.0,0.0,0.0
21445,152.12,0.0,0.0,0.0,0.0
21446,143.91,0.0,0.0,0.0,0.0
21447,138.24,0.0,0.0,0.0,0.0
21448,150.56,0.0,0.0,0.0,0.0
21449,135.55,0.0,0.0,0.0,0.0
21450,150.67,0.0,0.0,0.0,0.0
21451,132.83,0.0,0.0,0.0,0.0
21452,131.42,0.0,0.0,0.0,0.0
21453,129.38,0.0,0.0,0.0,0.0
21454,124.4,0.0,0.0,0.0,0.0
21455,136.88,0.0,0.0,0.0,0.0
21456,130.6,0.0,0.0,0.0,0.0
21457,131.87,0.0,0.0,0.0,0.0
21458,132.66,0.0,0.0,0.0,0.0
21459,136.88,0.0,0.0,0.0,0.0
21460,132.83,0.0,0.0,0.0,0.0
21461,129.41,0.0,0.0,0.0,0.0
21462,129.27,0.0,0.0,0.0,0.0
21463,128.42,0.0,0.0,0.0,0.0
21464,123.83,0.0,0.0,0.0,0.0
21465,128.7,0.0,0.0,0.0,0.0
21466,129.66,0.0,0.0,0.0,0.0
21467,114.94,0.0,0.0,0.0,0.0
21468,121.71,0.0,0.0,0.0,0.0
21469,114.46,0.0,0.0,0.0,0.0
21470,117.49,0.0,0.0,0.0,0.0
21471,124.2,0.0,0.0,0.0,0.0
21472,114.91,0.0,0.0,0.0,0.0
21473,114.71,0.0,0.0,0.0,0.0
21474,138.19,0.0,0.0,0.0,0.0
21475,159.48,0.0,0.0,0.0,0.0
21476,150.67,0.0,0.0,0.0,0.0
21477,149.77,0.0,0.0,0.0,0.0
21478,154.72,0.0,0.0,0.0,0.0
21479,141.75,0.0,0.0,0.0,0.0
21480,139.86,0.0,0.0,0.0,0.0
21481,142.86,0.0,0.0,0.0,0.0
21482,149.31,0.0,0.0,0.0,0.0
21483,148.04,0.0,0.0,0.0,0.0
21484,161.41,0.0,0.0,0.0,0.0
21485,154.78,0.0,0.0,0.0,0.0
21486,149.71,0.0,0.0,0.0,0.0
21487,152.66,0.0,0.0,0.0,0.0
21488,166.81,0.0,0.0,0.0,0.0
21489,151.01,0.0,0.0,0.0,0.0
21490,144.1,0.0,0.0,0.0,0.0
21491,96.33,0.0,0.0,0.0,0.0
21492,129.89,0.0,0.0,0.0,0.0
21493,129.04,0.0,0.0,0.0,0.0
21494,95.06,0.0,0.0,0.0,0.0
21495,104.26,0.0,0.0,0.0,0.0
21496,116.67,0.0,0.0,0.0,0.0
21497,109.59,0.0,0.0,0.0,0.0
21498,107.92,0.0,0.0,0.0,0.0
21499,94.49,0.0,0.0,0.0,0.0
21500,105.62,0.0,0.0,0.0,0.0
21501,107.69,0.0,0.0,0.0,0.0
21502,95.97,0.0,0.0,0.0,0.0
21503,85.83,0.0,0.0,0.0,0.0
21504,73.45,0.0,0.0,0.0,0.0
21505,70.42,0.0,0.0,0.0,0.0
21506,73.0,0.0,0.0,0.0,0.0
21507,64.79,0.0,0.0,0.0,0.0
21508,80.56,0.0,0.0,0.0,0.0
21509,69.01,0.0,0.0,0.0,0.0
21510,70.08,0.0,0.0,0.0,0.0
21511,66.91,0.0,0.0,0.0,0.0
21512,85.35,0.0,0.0,0.0,0.0
21513,84.89,0.0,0.0,0.0,0.0
21514,93.39,0.0,0.0,0.0,0.0
21515,87.92,0.0,0.0,0.0,0.0
21516,95.23,0.0,0.0,0.0,0.0
21517,106.3,0.0,0.0,0.0,0.0
21518,98.71,0.0,0.0,0.0,0.0
21519,93.45,0.0,0.0,0.0,0.0
21520,94.32,0.0,0.0,0.0,0.0
21521,93.16,0.0,0.0,0.0,0.0
21522,107.86,0.0,0.0,0.0,0.0
21523,92.11,0.0,0.0,0.0,0.0
21524,92.11,0.0,0.0,0.0,0.0
21525,103.02,0.0,0.0,0.0,0.0
21526,92.06,0.0,0.0,0.0,0.0
21527,59.35,0.0,0.0,0.0,0.0
21528,98.49,0.0,0.0,0.0,0.0
21529,99.0,0.0,0.0,0.0,0.0
21530,89.59,0.0,0.0,0.0,0.0
21531,89.96,0.0,0.0,0.0,0.0
21532,92.85,0.0,0.0,0.0,0.0
21533,93.16,0.0,0.0,0.0,0.0
21534,91.24,0.0,0.0,0.0,0.0
21535,102.14,0.0,0.0,0.0,0.0
21536,100.67,0.0,0.0,0.0,0.0
21537,114.88,0.0,0.0,0.0,0.0
21538,95.68,0.0,0.0,0.0,0.0
21539,84.95,0.0,0.0,0.0,0.0
21540,95.71,0.0,0.0,0.0,0.0
21541,97.98,0.0,0.0,0.0,0.0
21542,92.31,0.0,0.0,0.0,0.0
21543,94.89,0.0,0.0,0.0,0.0
21544,87.39,0.0,0.0,0.0,0.0
21545,98.34,0.0,0.0,0.0,0.0
21546,96.79,0.0,0.0,0.0,0.0
21547,96.82,0.0,0.0,0.0,0.0
21548,83.05,0.0,0.0,0.0,0.0
21549,104.66,0.0,0.0,0.0,0.0
21550,99.65,0.0,0.0,0.0,0.0
21551,92.77,0.0,0.0,0.0,0.0
21552,85.77,0.0,0.0,0.0,0.0
21553,84.58,0.0,0.0,0.0,0.0
21554,82.54,0.0,0.0,0.0,0.0
21555,85.12,0.0,0.0,0.0,0.0
21556,82.86,0.0,0.0,0.0,0.0
21557,90.73,0.0,0.0,0.0,0.0
21558,84.5,0.0,0.0,0.0,0.0
21559,73.99,0.0,0.0,0.0,0.0
21560,69.4,0.0,0.0,0.0,0.0
21561,84.36,0.0,0.0,0.0,0.0
21562,83.68,0.0,0.0,0.0,0.0
21563,84.78,0.0,0.0,0.0,0.0
21564,70.76,0.0,0.0,0.0,0.0
21565,86.9,0.0,0.0,0.0,0.0
21566,85.83,0.0,0.0,0.0,0.0
21567,88.26,0.0,0.0,0.0,0.0
21568,86.9,0.0,0.0,0.0,0.0
21569,89.42,0.0,0.0,0.0,0.0
21570,88.66,0.0,0.0,0.0,0.0
21571,90.95,0.0,0.0,0.0,0.0
21572,97.3,0.0,0.0,0.0,0.0
21573,88.63,0.0,0.0,0.0,0.0
21574,91.61,0.0,0.0,0.0,0.0
21575,94.69,0.0,0.0,0.0,0.0
21576,96.11,0.0,0.0,0.0,0.0
21577,79.0,0.0,0.0,0.0,0.0
21578,82.32,0.0,0.0,0.0,0.0
21579,79.97,0.0,0.0,0.0,0.0
21580,86.42,0.0,0.0,0.0,0.0
21581,86.65,0.0,0.0,0.0,0.0
21582,90.78,0.0,0.0,0.0,0.0
21583,90.16,0.0,0.0,0.0,0.0
21584,85.72,0.0,0.0,0.0,0.0
21585,87.07,0.0,0.0,0.0,0.0
21586,87.58,0.0,0.0,0.0,0.0
21587,76.97,0.0,0.0,0.0,0.0
21588,68.16,0.0,0.0,0.0,0.0
21589,73.23,0.0,0.0,0.0,0.0
21590,92.85,0.0,0.0,0.0,0.0
21591,96.11,0.0,0.0,0.0,0.0
21592,84.81,0.0,0.0,0.0,0.0
21593,87.27,0.0,0.0,0.0,0.0
21594,52.78,0.0,0.0,0.0,0.0
21595,71.67,0.0,0.0,0.0,0.0
21596,33.44,0.0,0.0,0.0,0.0
21597,53.63,0.0,0.0,0.0,0.0
21598,52.87,0.0,0.0,0.0,0.0
21599,56.83,0.0,0.0,0.0,0.0
21600,70.59,0.0,0.0,0.0,0.0
21601,40.04,0.0,0.0,0.0,0.0
21602,59.66,0.0,0.0,0.0,0.0
21603,51.14,0.0,0.0,0.0,0.0
21604,25.71,0.0,0.0,0.0,0.0
21605,17.56,0.0,0.0,0.0,0.0
21606,20.78,0.0,0.0,0.0,0.0
21607,13.71,0.0,0.0,0.0,0.0
21608,13.76,0.0,0.0,0.0,0.0
21609,17.19,0.0,0.0,0.0,0.0
21610,25.94,0.0,0.0,0.0,0.0
21611,15.97,0.0,0.0,0.0,0.0
21612,24.35,0.0,0.0,0.0,0.0
21613,22.51,0.0,0.0,0.0,0.0
21614,14.7,0.0,0.0,0.0,0.0
21615,32.88,0.0,0.0,0.0,0.0
21616,14.1,0.0,0.0,0.0,0.0
21617,12.57,0.0,0.0,0.0,0.0
21618,16.0,0.0,0.0,0.0,0.0
21619,47.01,0.0,0.0,0.0,0.0
21620,51.48,0.0,0.0,0.0,0.0
21621,83.0,0.0,0.0,0.0,0.0
21622,82.94,0.0,0.0,0.0,0.0
21623,81.81,0.0,0.0,0.0,0.0
21624,83.02,0.0,0.0,0.0,0.0
21625,75.95,0.0,0.0,0.0,0.0
21626,84.58,0.0,0.0,0.0,0.0
21627,73.65,0.0,0.0,0.0,0.0
21628,68.07,0.0,0.0,0.0,0.0
21629,59.38,0.0,0.0,0.0,0.0
21630,63.32,0.0,0.0,0.0,0.0
21631,59.61,0.0,0.0,0.0,0.0
21632,66.37,0.0,0.0,0.0,0.0
21633,86.99,0.0,0.0,0.0,0.0
21634,67.37,0.0,0.0,0.0,0.0
21635,88.74,0.0,0.0,0.0,0.0
21636,90.47,0.0,0.0,0.0,0.0
21637,80.11,0.0,0.0,0.0,0.0
21638,78.95,0.0,0.0,0.0,0.0
21639,85.94,0.0,0.0,0.0,0.0
21640,87.61,0.0,0.0,0.0,0.0
21641,124.03,0.0,0.0,0.0,0.0
21642,133.12,0.0,0.0,0.0,0.0
21643,139.83,0.0,0.0,0.0,0.0
21644,118.76,0.0,0.0,0.0,0.0
21645,118.73,0.0,0.0,0.0,0.0
21646,113.27,0.0,0.0,0.0,0.0
21647,114.63,0.0,0.0,0.0,0.0
21648,134.42,0.0,0.0,0.0,0.0
21649,153.34,0.0,0.0,0.0,0.0
21650,98.15,0.0,0.0,0.0,0.0
21651,112.81,0.0,0.0,0.0,0.0
21652,125.19,0.0,0.0,0.0,0.0
21653,163.47,0.0,0.0,0.0,0.0
21654,143.57,0.0,0.0,0.0,0.0
21655,133.8,0.0,0.0,0.0,0.0
21656,150.05,0.0,0.0,0.0,0.0
21657,170.27,0.0,0.0,0.0,0.0
21658,171.18,0.0,0.0,0.0,0.0
21659,172.53,0.0,0.0,0.0,0.0
21660,169.08,0.0,0.0,0.0,0.0
21661,173.27,0.0,0.0,0.0,0.0
21662,123.26,0.0,0.0,0.0,0.0
21663,144.02,0.0,0.0,0.0,0.0
21664,193.35,0.0,0.0,0.0,0.0
21665,193.49,0.0,0.0,0.0,0.0
21666,290.81,0.0,0.0,0.0,0.0
21667,210.51,0.0,0.0,0.0,0.0
21668,211.75,0.0,0.0,0.0,0.0
21669,212.38,0.0,0.0,0.0,0.0
21670,216.45,0.0,0.0,0.0,0.0
21671,248.65,0.0,0.0,0.0,0.0
21672,207.82,0.0,0.0,0.0,0.0
21673,172.02,0.0,0.0,0.0,0.0
21674,176.87,0.0,0.0,0.0,0.0
21675,167.32,0.0,0.0,0.0,0.0
21676,152.15,0.0,0.0,0.0,0.0
21677,166.33,0.0,0.0,0.0,0.0
21678,196.04,0.0,0.0,0.0,0.0
21679,190.63,0.0,0.0,0.0,0.0
21680,174.91,0.0,0.0,0.0,0.0
21681,196.83,0.0,0.0,0.0,0.0
21682,200.48,0.0,0.0,0.0,0.0
21683,184.91,0.0,0.0,0.0,0.0
21684,198.27,0.0,0.0,0.0,0.0
21685,205.18,0.0,0.0,0.0,0.0
21686,235.91,0.0,0.0,0.0,0.0
21687,238.14,0.0,0.0,0.0,0.0
21688,236.45,0.0,0.0,0.0,0.0
21689,239.31,0.0,0.0,0.0,0.0
21690,245.28,0.0,0.0,0.0,0.0
21691,238.91,0.0,0.0,0.0,0.0
21692,238.51,0.0,0.0,0.0,0.0
21693,241.91,0.0,0.0,0.0,0.0
21694,239.25,0.0,0.0,0.0,0.0
21695,241.88,0.0,0.0,0.0,0.0
21696,236.33,0.0,0.0,0.0,0.0
21697,246.33,0.0,0.0,0.0,0.0
21698,243.89,0.0,0.0,0.0,0.0
21699,237.38,0.0,0.0,0.0,0.0
21700,239.7,0.0,0.0,0.0,0.0
21701,230.33,0.0,0.0,0.0,0.0
21702,239.39,0.0,0.0,0.0,0.0
21703,260.09,0.0,0.0,0.0,0.0
21704,230.16,0.0,0.0,0.0,0.0
21705,285.38,0.0,0.0,0.0,0.0
21706,278.52,0.0,0.0,0.0,0.0
21707,264.31,0.0,0.0,0.0,0.0
21708,267.88,0.0,0.0,0.0,0.0
21709,273.88,0.0,0.0,0.0,0.0
21710,252.02,0.0,0.0,0.0,0.0
21711,275.58,0.0,0.0,0.0,0.0
21712,278.47,0.0,0.0,0.0,0.0
21713,276.8,0.0,0.0,0.0,0.0
21714,268.73,0.0,0.0,0.0,0.0
21715,292.8,0.0,0.0,0.0,0.0
21716,283.93,0.0,0.0,0.0,0.0
21717,250.43,0.0,0.0,0.0,0.0
21718,250.46,0.0,0.0,0.0,0.0
21719,272.15,0.0,0.0,0.0,0.0
21720,263.12,0.0,0.0,0.0,0.0
21721,281.55,0.0,0.0,0.0,0.0
21722,268.9,0.0,0.0,0.0,0.0
21723,274.53,0.0,0.0,0.0,0.0
21724,286.2,0.0,0.0,0.0,0.0
21725,285.18,0.0,0.0,0.0,0.0
21726,294.04,0.0,0.0,0.0,0.0
21727,310.01,0.0,0.0,0.0,0.0
21728,333.49,0.0,0.0,0.0,0.0
21729,308.74,0.0,0.0,0.0,0.0
21730,308.03,0.0,0.0,0.0,0.0
21731,306.98,0.0,0.0,0.0,0.0
21732,322.56,0.0,0.0,0.0,0.0
21733,320.63,0.0,0.0,0.0,0.0
21734,298.63,0.0,0.0,0.0,0.0
21735,299.2,0.0,0.0,0.0,0.0
21736,304.21,0.0,0.0,0.0,0.0
21737,288.38,0.0,0.0,0.0,0.0
21738,331.36,0.0,0.0,0.0,0.0
21739,310.52,0.0,0.0,0.0,0.0
21740,309.53,0.0,0.0,0.0,0.0
21741,304.58,0.0,0.0,0.0,0.0
21742,307.15,0.0,0.0,0.0,0.0
21743,318.59,0.0,0.0,0.0,0.0
21744,317.91,0.0,0.0,0.0,0.0
21745,340.48,0.0,0.0,0.0,0.0
21746,294.58,0.0,0.0,0.0,0.0
21747,301.01,0.0,0.0,0.0,0.0
21748,308.0,0.0,0.0,0.0,0.0
21749,334.03,0.0,0.0,0.0,0.0
21750,318.39,0.0,0.0,0.0,0.0
21751,305.09,0.0,0.0,0.0,0.0
21752,307.29,0.0,0.0,0.0,0.0
21753,294.72,0.0,0.0,0.0,0.0
21754,292.82,0.0,0.0,0.0,0.0
21755,304.09,0.0,0.0,0.0,0.0
21756,300.53,0.0,0.0,0.0,0.0
21757,323.66,0.0,0.0,0.0,0.0
21758,293.39,0.0,0.0,0.0,0.0
21759,300.56,0.0,0.0,0.0,0.0
21760,307.46,0.0,0.0,0.0,0.0
21761,301.91,0.0,0.0,0.0,0.0
21762,288.12,0.0,0.0,0.0,0.0
21763,294.95,0.0,0.0,0.0,0.0
21764,292.99,0.0,0.0,0.0,0.0
21765,293.73,0.0,0.0,0.0,0.0
21766,323.41,0.0,0.0,0.0,0.0
21767,291.1,0.0,0.0,0.0,0.0
21768,289.4,0.0,0.0,0.0,0.0
21769,264.31,0.0,0.0,0.0,0.0
21770,283.08,0.0,0.0,0.0,0.0
21771,283.06,0.0,0.0,0.0,0.0
21772,268.25,0.0,0.0,0.0,0.0
21773,258.16,0.0,0.0,0.0,0.0
21774,313.89,0.0,0.0,0.0,0.0
21775,317.26,0.0,0.0,0.0,0.0
21776,246.13,0.0,0.0,0.0,0.0
21777,244.94,0.0,0.0,0.0,0.0
21778,253.27,0.0,0.0,0.0,0.0
21779,251.26,0.0,0.0,0.0,0.0
21780,245.82,0.0,0.0,0.0,0.0
21781,248.17,0.0,0.0,0.0,0.0
21782,251.99,0.0,0.0,0.0,0.0
21783,236.67,0.0,0.0,0.0,0.0
21784,235.94,0.0,0.0,0.0,0.0
21785,241.03,0.0,0.0,0.0,0.0
21786,241.49,0.0,0.0,0.0,0.0
21787,234.46,0.0,0.0,0.0,0.0
21788,239.19,0.0,0.0,0.0,0.0
21789,211.47,0.0,0.0,0.0,0.0
21790,248.51,0.0,0.0,0.0,0.0
21791,217.9,0.0,0.0,0.0,0.0
21792,192.89,0.0,0.0,0.0,0.0
21793,179.56,0.0,0.0,0.0,0.0
21794,218.04,0.0,0.0,0.0,0.0
21795,184.85,0.0,0.0,0.0,0.0
21796,207.14,0.0,0.0,0.0,0.0
21797,151.38,0.0,0.0,0.0,0.0
21798,173.64,0.0,0.0,0.0,0.0
21799,165.57,0.0,0.0,0.0,0.0
21800,169.45,0.0,0.0,0.0,0.0
21801,181.57,0.0,0.0,0.0,0.0
21802,175.71,0.0,0.0,0.0,0.0
21803,176.75,0.0,0.0,0.0,0.0
21804,178.37,0.0,0.0,0.0,0.0
21805,180.18,0.0,0.0,0.0,0.0
21806,163.56,0.0,0.0,0.0,0.0
21807,145.89,0.0,0.0,0.0,0.0
21808,145.69,0.0,0.0,0.0,0.0
21809,146.2,0.0,0.0,0.0,0.0
21810,145.04,0.0,0.0,0.0,0.0
21811,138.98,0.0,0.0,0.0,0.0
21812,138.21,0.0,0.0,0.0,0.0
21813,140.37,0.0,0.0,0.0,0.0
21814,134.9,0.0,0.0,0.0,0.0
21815,130.0,0.0,0.0,0.0,0.0
21816,125.59,0.0,0.0,0.0,0.0
21817,127.06,0.0,0.0,0.0,0.0
21818,121.73,0.0,0.0,0.0,0.0
21819,118.31,0.0,0.0,0.0,0.0
21820,116.55,0.0,0.0,0.0,0.0
21821,126.49,0.0,0.0,0.0,0.0
21822,112.25,0.0,0.0,0.0,0.0
21823,115.76,0.0,0.0,0.0,0.0
21824,152.43,0.0,0.0,0.0,0.0
21825,151.78,0.0,0.0,0.0,0.0
21826,157.55,0.0,0.0,0.0,0.0
21827,160.87,0.0,0.0,0.0,0.0
21828,162.74,0.0,0.0,0.0,0.0
21829,163.19,0.0,0.0,0.0,0.0
21830,158.43,0.0,0.0,0.0,0.0
21831,146.6,0.0,0.0,0.0,0.0
21832,161.29,0.0,0.0,0.0,0.0
21833,152.66,0.0,0.0,0.0,0.0
21834,169.76,0.0,0.0,0.0,0.0
21835,157.61,0.0,0.0,0.0,0.0
21836,169.48,0.0,0.0,0.0,0.0
21837,144.47,0.0,0.0,0.0,0.0
21838,131.14,0.0,0.0,0.0,0.0
21839,146.03,0.0,0.0,0.0,0.0
21840,167.52,0.0,0.0,0.0,0.0
21841,128.56,0.0,0.0,0.0,0.0
21842,163.9,0.0,0.0,0.0,0.0
21843,142.72,0.0,0.0,0.0,0.0
21844,138.21,0.0,0.0,0.0,0.0
21845,138.89,0.0,0.0,0.0,0.0
21846,143.34,0.0,0.0,0.0,0.0
21847,146.4,0.0,0.0,0.0,0.0
21848,137.99,0.0,0.0,0.0,0.0
21849,149.57,0.0,0.0,0.0,0.0
21850,148.89,0.0,0.0,0.0,0.0
21851,157.41,0.0,0.0,0.0,0.0
21852,152.43,0.0,0.0,0.0,0.0
21853,140.65,0.0,0.0,0.0,0.0
21854,138.02,0.0,0.0,0.0,0.0
21855,131.67,0.0,0.0,0.0,0.0
21856,144.33,0.0,0.0,0.0,0.0
21857,147.02,0.0,0.0,0.0,0.0
21858,147.67,0.0,0.0,0.0,0.0
21859,135.64,0.0,0.0,0.0,0.0
21860,142.21,0.0,0.0,0.0,0.0
21861,141.47,0.0,0.0,0.0,0.0
21862,136.69,0.0,0.0,0.0,0.0
21863,132.04,0.0,0.0,0.0,0.0
21864,134.11,0.0,0.0,0.0,0.0
21865,140.06,0.0,0.0,0.0,0.0
21866,129.12,0.0,0.0,0.0,0.0
21867,128.16,0.0,0.0,0.0,0.0
21868,133.68,0.0,0.0,0.0,0.0
21869,109.27,0.0,0.0,0.0,0.0
21870,123.09,0.0,0.0,0.0,0.0
21871,120.71,0.0,0.0,0.0,0.0
21872,123.52,0.0,0.0,0.0,0.0
21873,103.1,0.0,0.0,0.0,0.0
21874,98.17,0.0,0.0,0.0,0.0
21875,99.22,0.0,0.0,0.0,0.0
21876,92.11,0.0,0.0,0.0,0.0
21877,85.66,0.0,0.0,0.0,0.0
21878,90.81,0.0,0.0,0.0,0.0
21879,111.03,0.0,0.0,0.0,0.0
21880,104.43,0.0,0.0,0.0,0.0
21881,95.94,0.0,0.0,0.0,0.0
21882,90.33,0.0,0.0,0.0,0.0
21883,81.72,0.0,0.0,0.0,0.0
21884,87.73,0.0,0.0,0.0,0.0
21885,90.98,0.0,0.0,0.0,0.0
21886,88.26,0.0,0.0,0.0,0.0
21887,91.07,0.0,0.0,0.0,0.0
21888,85.8,0.0,0.0,0.0,0.0
21889,90.44,0.0,0.0,0.0,0.0
21890,78.04,0.0,0.0,0.0,0.0
21891,91.46,0.0,0.0,0.0,0.0
21892,90.19,0.0,0.0,0.0,0.0
21893,94.04,0.0,0.0,0.0,0.0
21894,88.04,0.0,0.0,0.0,0.0
21895,73.17,0.0,0.0,0.0,0.0
21896,72.63,0.0,0.0,0.0,0.0
21897,87.5,0.0,0.0,0.0,0.0
21898,90.73,0.0,0.0,0.0,0.0
21899,94.44,0.0,0.0,0.0,0.0
21900,83.28,0.0,0.0,0.0,0.0
21901,66.54,0.0,0.0,0.0,0.0
21902,73.62,0.0,0.0,0.0,0.0
21903,69.72,0.0,0.0,0.0,0.0
21904,88.74,0.0,0.0,0.0,0.0
21905,86.31,0.0,0.0,0.0,0.0
21906,88.35,0.0,0.0,0.0,0.0
21907,90.5,0.0,0.0,0.0,0.0
21908,94.04,0.0,0.0,0.0,0.0
21909,81.5,0.0,0.0,0.0,0.0
21910,81.95,0.0,0.0,0.0,0.0
21911,83.87,0.0,0.0,0.0,0.0
21912,87.02,0.0,0.0,0.0,0.0
21913,86.28,0.0,0.0,0.0,0.0
21914,87.27,0.0,0.0,0.0,0.0
21915,81.38,0.0,0.0,0.0,0.0
21916,73.4,0.0,0.0,0.0,0.0
21917,75.55,0.0,0.0,0.0,0.0
21918,71.02,0.0,0.0,0.0,0.0
21919,83.11,0.0,0.0,0.0,0.0
21920,84.36,0.0,0.0,0.0,0.0
21921,85.97,0.0,0.0,0.0,0.0
21922,82.83,0.0,0.0,0.0,0.0
21923,82.54,0.0,0.0,0.0,0.0
21924,73.74,0.0,0.0,0.0,0.0
21925,86.37,0.0,0.0,0.0,0.0
21926,80.14,0.0,0.0,0.0,0.0
21927,88.21,0.0,0.0,0.0,0.0
21928,62.07,0.0,0.0,0.0,0.0
21929,55.13,0.0,0.0,0.0,0.0
21930,73.17,0.0,0.0,0.0,0.0
21931,62.35,0.0,0.0,0.0,0.0
21932,46.16,0.0,0.0,0.0,0.0
21933,32.42,0.0,0.0,0.0,0.0
21934,27.95,0.0,0.0,0.0,0.0
21935,13.08,0.0,0.0,0.0,0.0
21936,26.59,0.0,0.0,0.0,0.0
21937,36.39,0.0,0.0,0.0,0.0
21938,42.87,0.0,0.0,0.0,0.0
21939,34.09,0.0,0.0,0.0,0.0
21940,26.76,0.0,0.0,0.0,0.0
21941,21.69,0.0,0.0,0.0,0.0
21942,5.78,0.0,0.0,0.0,0.0
21943,24.15,0.0,0.0,0.0,0.0
21944,36.61,0.0,0.0,0.0,0.0
21945,12.83,0.0,0.0,0.0,0.0
21946,54.37,0.0,0.0,0.0,0.0
21947,18.89,0.0,0.0,0.0,0.0
21948,15.26,0.0,0.0,0.0,0.0
21949,12.86,0.0,0.0,0.0,0.0
21950,25.03,0.0,0.0,0.0,0.0
21951,18.26,0.0,0.0,0.0,0.0
21952,5.41,0.0,0.0,0.0,0.0
21953,16.88,0.0,0.0,0.0,0.0
21954,19.71,0.0,0.0,0.0,0.0
21955,6.06,0.0,0.0,0.0,0.0
21956,5.75,0.0,0.0,0.0,0.0
21957,6.63,0.0,0.0,0.0,0.0
21958,21.44,0.0,0.0,0.0,0.0
21959,12.8,0.0,0.0,0.0,0.0
21960,18.8,0.0,0.0,0.0,0.0
21961,22.82,0.0,0.0,0.0,0.0
21962,36.81,0.0,0.0,0.0,0.0
21963,13.73,0.0,0.0,0.0,0.0
21964,29.08,0.0,0.0,0.0,0.0
21965,27.3,0.0,0.0,0.0,0.0
21966,21.35,0.0,0.0,0.0,0.0
21967,24.75,0.0,0.0,0.0,0.0
21968,82.52,0.0,0.0,0.0,0.0
21969,83.34,0.0,0.0,0.0,0.0
21970,60.65,0.0,0.0,0.0,0.0
21971,62.69,0.0,0.0,0.0,0.0
21972,31.91,0.0,0.0,0.0,0.0
21973,26.9,0.0,0.0,0.0,0.0
21974,16.79,0.0,0.0,0.0,0.0
21975,25.66,0.0,0.0,0.0,0.0
21976,9.26,0.0,0.0,0.0,0.0
21977,30.75,0.0,0.0,0.0,0.0
21978,39.47,0.0,0.0,0.0,0.0
21979,6.0,0.0,0.0,0.0,0.0
21980,44.6,0.0,0.0,0.0,0.0
21981,35.79,0.0,0.0,0.0,0.0
21982,40.92,0.0,0.0,0.0,0.0
21983,60.57,0.0,0.0,0.0,0.0
21984,56.63,0.0,0.0,0.0,0.0
21985,70.4,0.0,0.0,0.0,0.0
21986,64.96,0.0,0.0,0.0,0.0
21987,48.96,0.0,0.0,0.0,0.0
21988,84.98,0.0,0.0,0.0,0.0
21989,90.39,0.0,0.0,0.0,0.0
21990,73.2,0.0,0.0,0.0,0.0
21991,61.62,0.0,0.0,0.0,0.0
21992,78.04,0.0,0.0,0.0,0.0
21993,65.89,0.0,0.0,0.0,0.0
21994,75.46,0.0,0.0,0.0,0.0
21995,86.71,0.0,0.0,0.0,0.0
21996,94.66,0.0,0.0,0.0,0.0
21997,92.09,0.0,0.0,0.0,0.0
21998,83.36,0.0,0.0,0.0,0.0
21999,86.51,0.0,0.0,0.0,0.0
22000,78.21,0.0,0.0,0.0,0.0
22001,77.67,0.0,0.0,0.0,0.0
22002,70.14,0.0,0.0,0.0,0.0
22003,74.76,0.0,0.0,0.0,0.0
22004,84.72,0.0,0.0,0.0,0.0
22005,86.56,0.0,0.0,0.0,0.0
22006,76.65,0.0,0.0,0.0,0.0
22007,75.46,0.0,0.0,0.0,0.0
22008,67.39,0.0,0.0,0.0,0.0
22009,89.93,0.0,0.0,0.0,0.0
22010,89.14,0.0,0.0,0.0,0.0
22011,96.22,0.0,0.0,0.0,0.0
22012,71.05,0.0,0.0,0.0,0.0
22013,67.14,0.0,0.0,0.0,0.0
22014,76.8,0.0,0.0,0.0,0.0
22015,80.25,0.0,0.0,0.0,0.0
22016,83.68,0.0,0.0,0.0,0.0
22017,78.98,0.0,0.0,0.0,0.0
22018,71.58,0.0,0.0,0.0,0.0
22019,19.0,0.0,0.0,0.0,0.0
22020,18.86,0.0,0.0,0.0,0.0
22021,54.99,0.0,0.0,0.0,0.0
22022,59.38,0.0,0.0,0.0,0.0
22023,47.15,0.0,0.0,0.0,0.0
22024,56.75,0.0,0.0,0.0,0.0
22025,61.42,0.0,0.0,0.0,0.0
22026,89.76,0.0,0.0,0.0,0.0
22027,120.52,0.0,0.0,0.0,0.0
22028,150.84,0.0,0.0,0.0,0.0
22029,162.96,0.0,0.0,0.0,0.0
22030,156.37,0.0,0.0,0.0,0.0
22031,143.71,0.0,0.0,0.0,0.0
22032,164.18,0.0,0.0,0.0,0.0
22033,161.77,0.0,0.0,0.0,0.0
22034,150.11,0.0,0.0,0.0,0.0
22035,165.99,0.0,0.0,0.0,0.0
22036,201.64,0.0,0.0,0.0,0.0
22037,199.29,0.0,0.0,0.0,0.0
22038,194.08,0.0,0.0,0.0,0.0
22039,180.07,0.0,0.0,0.0,0.0
22040,170.61,0.0,0.0,0.0,0.0
22041,193.38,0.0,0.0,0.0,0.0
22042,209.15,0.0,0.0,0.0,0.0
22043,195.64,0.0,0.0,0.0,0.0
22044,187.6,0.0,0.0,0.0,0.0
22045,196.75,0.0,0.0,0.0,0.0
22046,187.83,0.0,0.0,0.0,0.0
22047,176.73,0.0,0.0,0.0,0.0
22048,181.11,0.0,0.0,0.0,0.0
22049,201.47,0.0,0.0,0.0,0.0
22050,219.09,0.0,0.0,0.0,0.0
22051,225.83,0.0,0.0,0.0,0.0
22052,212.38,0.0,0.0,0.0,0.0
22053,203.74,0.0,0.0,0.0,0.0
22054,205.47,0.0,0.0,0.0,0.0
22055,192.61,0.0,0.0,0.0,0.0
22056,205.3,0.0,0.0,0.0,0.0
22057,224.35,0.0,0.0,0.0,0.0
22058,232.88,0.0,0.0,0.0,0.0
22059,226.85,0.0,0.0,0.0,0.0
22060,231.83,0.0,0.0,0.0,0.0
22061,278.27,0.0,0.0,0.0,0.0
22062,270.54,0.0,0.0,0.0,0.0
22063,308.31,0.0,0.0,0.0,0.0
22064,386.36,0.0,0.0,0.0,0.0
22065,413.17,0.0,0.0,0.0,0.0
22066,406.83,0.0,0.0,0.0,0.0
22067,271.67,0.0,0.0,0.0,0.0
22068,390.89,0.0,0.0,0.0,0.0
22069,411.61,0.0,0.0,0.0,0.0
22070,428.92,0.0,0.0,0.0,0.0
22071,404.42,0.0,0.0,0.0,0.0
22072,379.76,0.0,0.0,0.0,0.0
22073,388.71,0.0,0.0,0.0,0.0
22074,341.56,0.0,0.0,0.0,0.0
22075,298.88,0.0,0.0,0.0,0.0
22076,301.01,0.0,0.0,0.0,0.0
22077,267.31,0.0,0.0,0.0,0.0
22078,301.46,0.0,0.0,0.0,0.0
22079,288.83,0.0,0.0,0.0,0.0
22080,306.87,0.0,0.0,0.0,0.0
22081,287.64,0.0,0.0,0.0,0.0
22082,263.29,0.0,0.0,0.0,0.0
22083,284.05,0.0,0.0,0.0,0.0
22084,270.88,0.0,0.0,0.0,0.0
22085,261.08,0.0,0.0,0.0,0.0
22086,260.49,0.0,0.0,0.0,0.0
22087,261.25,0.0,0.0,0.0,0.0
22088,256.1,0.0,0.0,0.0,0.0
22089,276.49,0.0,0.0,0.0,0.0
22090,282.12,0.0,0.0,0.0,0.0
22091,267.4,0.0,0.0,0.0,0.0
22092,263.52,0.0,0.0,0.0,0.0
22093,277.51,0.0,0.0,0.0,0.0
22094,273.48,0.0,0.0,0.0,0.0
22095,276.91,0.0,0.0,0.0,0.0
22096,301.46,0.0,0.0,0.0,0.0
22097,293.39,0.0,0.0,0.0,0.0
22098,296.08,0.0,0.0,0.0,0.0
22099,288.66,0.0,0.0,0.0,0.0
22100,285.12,0.0,0.0,0.0,0.0
22101,294.35,0.0,0.0,0.0,0.0
22102,288.89,0.0,0.0,0.0,0.0
22103,301.8,0.0,0.0,0.0,0.0
22104,299.65,0.0,0.0,0.0,0.0
22105,325.28,0.0,0.0,0.0,0.0
22106,300.3,0.0,0.0,0.0,0.0
22107,307.01,0.0,0.0,0.0,0.0
22108,315.25,0.0,0.0,0.0,0.0
22109,306.64,0.0,0.0,0.0,0.0
22110,320.77,0.0,0.0,0.0,0.0
22111,304.63,0.0,0.0,0.0,0.0
22112,315.93,0.0,0.0,0.0,0.0
22113,308.94,0.0,0.0,0.0,0.0
22114,313.21,0.0,0.0,0.0,0.0
22115,314.77,0.0,0.0,0.0,0.0
22116,309.76,0.0,0.0,0.0,0.0
22117,312.9,0.0,0.0,0.0,0.0
22118,311.0,0.0,0.0,0.0,0.0
22119,300.61,0.0,0.0,0.0,0.0
22120,306.95,0.0,0.0,0.0,0.0
22121,311.15,0.0,0.0,0.0,0.0
22122,310.75,0.0,0.0,0.0,0.0
22123,310.3,0.0,0.0,0.0,0.0
22124,306.87,0.0,0.0,0.0,0.0
22125,301.69,0.0,0.0,0.0,0.0
22126,316.16,0.0,0.0,0.0,0.0
22127,319.33,0.0,0.0,0.0,0.0
22128,316.04,0.0,0.0,0.0,0.0
22129,292.17,0.0,0.0,0.0,0.0
22130,328.22,0.0,0.0,0.0,0.0
22131,316.75,0.0,0.0,0.0,0.0
22132,303.61,0.0,0.0,0.0,0.0
22133,293.65,0.0,0.0,0.0,0.0
22134,294.69,0.0,0.0,0.0,0.0
22135,273.06,0.0,0.0,0.0,0.0
22136,280.76,0.0,0.0,0.0,0.0
22137,276.94,0.0,0.0,0.0,0.0
22138,272.27,0.0,0.0,0.0,0.0
22139,254.88,0.0,0.0,0.0,0.0
22140,261.0,0.0,0.0,0.0,0.0
22141,244.37,0.0,0.0,0.0,0.0
22142,238.51,0.0,0.0,0.0,0.0
22143,231.12,0.0,0.0,0.0,0.0
22144,256.07,0.0,0.0,0.0,0.0
22145,241.85,0.0,0.0,0.0,0.0
22146,227.64,0.0,0.0,0.0,0.0
22147,232.68,0.0,0.0,0.0,0.0
22148,224.58,0.0,0.0,0.0,0.0
22149,197.26,0.0,0.0,0.0,0.0
22150,244.12,0.0,0.0,0.0,0.0
22151,228.6,0.0,0.0,0.0,0.0
22152,217.47,0.0,0.0,0.0,0.0
22153,222.54,0.0,0.0,0.0,0.0
22154,226.39,0.0,0.0,0.0,0.0
22155,207.51,0.0,0.0,0.0,0.0
22156,209.09,0.0,0.0,0.0,0.0
22157,212.15,0.0,0.0,0.0,0.0
22158,211.33,0.0,0.0,0.0,0.0
22159,209.4,0.0,0.0,0.0,0.0
22160,208.98,0.0,0.0,0.0,0.0
22161,198.3,0.0,0.0,0.0,0.0
22162,204.93,0.0,0.0,0.0,0.0
22163,199.24,0.0,0.0,0.0,0.0
22164,204.79,0.0,0.0,0.0,0.0
22165,199.75,0.0,0.0,0.0,0.0
22166,210.28,0.0,0.0,0.0,0.0
22167,229.51,0.0,0.0,0.0,0.0
22168,222.51,0.0,0.0,0.0,0.0
22169,220.93,0.0,0.0,0.0,0.0
22170,206.17,0.0,0.0,0.0,0.0
22171,201.13,0.0,0.0,0.0,0.0
22172,183.55,0.0,0.0,0.0,0.0
22173,177.46,0.0,0.0,0.0,0.0
22174,165.26,0.0,0.0,0.0,0.0
22175,169.87,0.0,0.0,0.0,0.0
22176,156.82,0.0,0.0,0.0,0.0
22177,162.54,0.0,0.0,0.0,0.0
22178,169.73,0.0,0.0,0.0,0.0
22179,120.01,0.0,0.0,0.0,0.0
22180,137.62,0.0,0.0,0.0,0.0
22181,159.37,0.0,0.0,0.0,0.0
22182,154.24,0.0,0.0,0.0,0.0
22183,155.54,0.0,0.0,0.0,0.0
22184,150.76,0.0,0.0,0.0,0.0
22185,153.39,0.0,0.0,0.0,0.0
22186,161.43,0.0,0.0,0.0,0.0
22187,157.64,0.0,0.0,0.0,0.0
22188,174.77,0.0,0.0,0.0,0.0
22189,145.01,0.0,0.0,0.0,0.0
22190,138.19,0.0,0.0,0.0,0.0
22191,134.45,0.0,0.0,0.0,0.0
22192,150.16,0.0,0.0,0.0,0.0
22193,123.89,0.0,0.0,0.0,0.0
22194,126.26,0.0,0.0,0.0,0.0
22195,120.04,0.0,0.0,0.0,0.0
22196,126.04,0.0,0.0,0.0,0.0
22197,113.92,0.0,0.0,0.0,0.0
22198,110.66,0.0,0.0,0.0,0.0
22199,118.36,0.0,0.0,0.0,0.0
22200,121.28,0.0,0.0,0.0,0.0
22201,125.33,0.0,0.0,0.0,0.0
22202,125.33,0.0,0.0,0.0,0.0
22203,129.32,0.0,0.0,0.0,0.0
22204,118.05,0.0,0.0,0.0,0.0
22205,125.5,0.0,0.0,0.0,0.0
22206,128.36,0.0,0.0,0.0,0.0
22207,126.69,0.0,0.0,0.0,0.0
22208,124.82,0.0,0.0,0.0,0.0
22209,118.25,0.0,0.0,0.0,0.0
22210,120.43,0.0,0.0,0.0,0.0
22211,123.38,0.0,0.0,0.0,0.0
22212,118.76,0.0,0.0,0.0,0.0
22213,121.31,0.0,0.0,0.0,0.0
22214,110.46,0.0,0.0,0.0,0.0
22215,100.52,0.0,0.0,0.0,0.0
22216,118.42,0.0,0.0,0.0,0.0
22217,120.6,0.0,0.0,0.0,0.0
22218,108.11,0.0,0.0,0.0,0.0
22219,121.85,0.0,0.0,0.0,0.0
22220,119.95,0.0,0.0,0.0,0.0
22221,110.15,0.0,0.0,0.0,0.0
22222,143.99,0.0,0.0,0.0,0.0
22223,131.31,0.0,0.0,0.0,0.0
22224,158.89,0.0,0.0,0.0,0.0
22225,153.62,0.0,0.0,0.0,0.0
22226,105.03,0.0,0.0,0.0,0.0
22227,149.99,0.0,0.0,0.0,0.0
22228,162.14,0.0,0.0,0.0,0.0
22229,161.83,0.0,0.0,0.0,0.0
22230,150.9,0.0,0.0,0.0,0.0
22231,161.63,0.0,0.0,0.0,0.0
22232,148.81,0.0,0.0,0.0,0.0
22233,150.08,0.0,0.0,0.0,0.0
22234,148.66,0.0,0.0,0.0,0.0
22235,155.46,0.0,0.0,0.0,0.0
22236,161.6,0.0,0.0,0.0,0.0
22237,149.43,0.0,0.0,0.0,0.0
22238,154.07,0.0,0.0,0.0,0.0
22239,143.82,0.0,0.0,0.0,0.0
22240,161.26,0.0,0.0,0.0,0.0
22241,151.38,0.0,0.0,0.0,0.0
22242,155.83,0.0,0.0,0.0,0.0
22243,161.58,0.0,0.0,0.0,0.0
22244,153.31,0.0,0.0,0.0,0.0
22245,157.3,0.0,0.0,0.0,0.0
22246,154.67,0.0,0.0,0.0,0.0
22247,145.27,0.0,0.0,0.0,0.0
22248,154.75,0.0,0.0,0.0,0.0
22249,151.89,0.0,0.0,0.0,0.0
22250,146.23,0.0,0.0,0.0,0.0
22251,145.97,0.0,0.0,0.0,0.0
22252,159.88,0.0,0.0,0.0,0.0
22253,172.51,0.0,0.0,0.0,0.0
22254,142.72,0.0,0.0,0.0,0.0
22255,147.25,0.0,0.0,0.0,0.0
22256,144.98,0.0,0.0,0.0,0.0
22257,140.65,0.0,0.0,0.0,0.0
22258,156.37,0.0,0.0,0.0,0.0
22259,140.31,0.0,0.0,0.0,0.0
22260,144.56,0.0,0.0,0.0,0.0
22261,190.03,0.0,0.0,0.0,0.0
22262,195.5,0.0,0.0,0.0,0.0
22263,326.61,0.0,0.0,0.0,0.0
22264,398.11,0.0,0.0,0.0,0.0
22265,368.49,0.0,0.0,0.0,0.0
22266,378.88,0.0,0.0,0.0,0.0
22267,378.94,0.0,0.0,0.0,0.0
22268,356.54,0.0,0.0,0.0,0.0
22269,379.25,0.0,0.0,0.0,0.0
22270,385.36,0.0,0.0,0.0,0.0
22271,351.67,0.0,0.0,0.0,0.0
22272,354.24,0.0,0.0,0.0,0.0
22273,330.88,0.0,0.0,0.0,0.0
22274,287.13,0.0,0.0,0.0,0.0
22275,245.93,0.0,0.0,0.0,0.0
22276,287.33,0.0,0.0,0.0,0.0
22277,244.43,0.0,0.0,0.0,0.0
22278,253.44,0.0,0.0,0.0,0.0
22279,368.86,0.0,0.0,0.0,0.0
22280,354.02,0.0,0.0,0.0,0.0
22281,371.26,0.0,0.0,0.0,0.0
22282,399.86,0.0,0.0,0.0,0.0
22283,401.76,0.0,0.0,0.0,0.0
22284,362.51,0.0,0.0,0.0,0.0
22285,407.28,0.0,0.0,0.0,0.0
22286,357.59,0.0,0.0,0.0,0.0
22287,323.49,0.0,0.0,0.0,0.0
22288,311.15,0.0,0.0,0.0,0.0
22289,286.54,0.0,0.0,0.0,0.0
22290,234.44,0.0,0.0,0.0,0.0
22291,201.59,0.0,0.0,0.0,0.0
22292,207.19,0.0,0.0,0.0,0.0
22293,213.42,0.0,0.0,0.0,0.0
22294,179.73,0.0,0.0,0.0,0.0
22295,168.26,0.0,0.0,0.0,0.0
22296,133.43,0.0,0.0,0.0,0.0
22297,146.48,0.0,0.0,0.0,0.0
22298,143.57,0.0,0.0,0.0,0.0
22299,155.69,0.0,0.0,0.0,0.0
22300,151.98,0.0,0.0,0.0,0.0
22301,154.75,0.0,0.0,0.0,0.0
22302,134.0,0.0,0.0,0.0,0.0
22303,132.24,0.0,0.0,0.0,0.0
22304,125.53,0.0,0.0,0.0,0.0
22305,128.76,0.0,0.0,0.0,0.0
22306,122.53,0.0,0.0,0.0,0.0
22307,129.49,0.0,0.0,0.0,0.0
22308,119.41,0.0,0.0,0.0,0.0
22309,116.16,0.0,0.0,0.0,0.0
22310,98.66,0.0,0.0,0.0,0.0
22311,109.76,0.0,0.0,0.0,0.0
22312,103.02,0.0,0.0,0.0,0.0
22313,104.21,0.0,0.0,0.0,0.0
22314,106.73,0.0,0.0,0.0,0.0
22315,111.65,0.0,0.0,0.0,0.0
22316,123.12,0.0,0.0,0.0,0.0
22317,104.29,0.0,0.0,0.0,0.0
22318,100.35,0.0,0.0,0.0,0.0
22319,111.31,0.0,0.0,0.0,0.0
22320,118.34,0.0,0.0,0.0,0.0
22321,118.08,0.0,0.0,0.0,0.0
22322,117.01,0.0,0.0,0.0,0.0
22323,117.91,0.0,0.0,0.0,0.0
22324,108.88,0.0,0.0,0.0,0.0
22325,103.27,0.0,0.0,0.0,0.0
22326,79.49,0.0,0.0,0.0,0.0
22327,64.76,0.0,0.0,0.0,0.0
22328,59.55,0.0,0.0,0.0,0.0
22329,82.23,0.0,0.0,0.0,0.0
22330,83.53,0.0,0.0,0.0,0.0
22331,107.6,0.0,0.0,0.0,0.0
22332,99.28,0.0,0.0,0.0,0.0
22333,104.8,0.0,0.0,0.0,0.0
22334,58.87,0.0,0.0,0.0,0.0
22335,91.29,0.0,0.0,0.0,0.0
22336,74.73,0.0,0.0,0.0,0.0
22337,74.05,0.0,0.0,0.0,0.0
22338,93.76,0.0,0.0,0.0,0.0
22339,97.64,0.0,0.0,0.0,0.0
22340,102.37,0.0,0.0,0.0,0.0
22341,72.38,0.0,0.0,0.0,0.0
22342,66.29,0.0,0.0,0.0,0.0
22343,80.19,0.0,0.0,0.0,0.0
22344,77.16,0.0,0.0,0.0,0.0
22345,78.01,0.0,0.0,0.0,0.0
22346,98.43,0.0,0.0,0.0,0.0
22347,85.97,0.0,0.0,0.0,0.0
22348,99.9,0.0,0.0,0.0,0.0
22349,113.13,0.0,0.0,0.0,0.0
22350,96.67,0.0,0.0,0.0,0.0
22351,158.06,0.0,0.0,0.0,0.0
22352,85.77,0.0,0.0,0.0,0.0
22353,74.25,0.0,0.0,0.0,0.0
22354,383.44,0.0,0.0,0.0,0.0
22355,498.89,0.0,0.0,0.0,0.0
22356,719.05,0.0,0.0,0.0,0.0
22357,796.75,0.0,0.0,0.0,0.0
22358,1002.61,0.0,0.0,0.0,0.0
22359,1057.8,0.0,0.0,0.0,0.0
22360,1209.67,0.0,0.0,0.0,0.0
22361,1295.55,0.0,0.0,0.0,0.0
22362,1044.21,0.0,0.0,0.0,0.0
22363,493.7,0.0,0.0,0.0,0.0
22364,711.21,0.0,0.0,0.0,0.0
22365,1056.22,0.0,0.0,0.0,0.0
22366,1041.3,0.0,0.0,0.0,0.0
22367,1103.65,0.0,0.0,0.0,0.0
22368,1319.82,0.0,0.0,0.0,0.0
22369,1275.56,0.0,0.0,0.0,0.0
22370,1268.57,0.0,0.0,0.0,0.0
22371,1227.05,0.0,0.0,0.0,0.0
22372,1040.62,0.0,0.0,0.0,0.0
22373,901.3,0.0,0.0,0.0,0.0
22374,752.15,0.0,0.0,0.0,0.0
22375,645.28,0.0,0.0,0.0,0.0
22376,547.99,0.0,0.0,0.0,0.0
22377,505.46,0.0,0.0,0.0,0.0
22378,379.76,0.0,0.0,0.0,0.0
22379,356.11,0.0,0.0,0.0,0.0
22380,317.21,0.0,0.0,0.0,0.0
22381,264.93,0.0,0.0,0.0,0.0
22382,229.34,0.0,0.0,0.0,0.0
22383,214.81,0.0,0.0,0.0,0.0
22384,148.89,0.0,0.0,0.0,0.0
22385,131.9,0.0,0.0,0.0,0.0
22386,132.3,0.0,0.0,0.0,0.0
22387,165.09,0.0,0.0,0.0,0.0
22388,146.77,0.0,0.0,0.0,0.0
22389,124.79,0.0,0.0,0.0,0.0
22390,133.74,0.0,0.0,0.0,0.0
22391,122.05,0.0,0.0,0.0,0.0
22392,137.9,0.0,0.0,0.0,0.0
22393,150.02,0.0,0.0,0.0,0.0
22394,157.95,0.0,0.0,0.0,0.0
22395,167.52,0.0,0.0,0.0,0.0
22396,168.17,0.0,0.0,0.0,0.0
22397,157.95,0.0,0.0,0.0,0.0
22398,179.3,0.0,0.0,0.0,0.0
22399,134.0,0.0,0.0,0.0,0.0
22400,138.87,0.0,0.0,0.0,0.0
22401,151.04,0.0,0.0,0.0,0.0
22402,172.65,0.0,0.0,0.0,0.0
22403,208.47,0.0,0.0,0.0,0.0
22404,196.66,0.0,0.0,0.0,0.0
22405,198.87,0.0,0.0,0.0,0.0
22406,207.39,0.0,0.0,0.0,0.0
22407,210.56,0.0,0.0,0.0,0.0
22408,199.97,0.0,0.0,0.0,0.0
22409,217.05,0.0,0.0,0.0,0.0
22410,197.74,0.0,0.0,0.0,0.0
22411,226.14,0.0,0.0,0.0,0.0
22412,212.52,0.0,0.0,0.0,0.0
22413,207.31,0.0,0.0,0.0,0.0
22414,187.97,0.0,0.0,0.0,0.0
22415,193.91,0.0,0.0,0.0,0.0
22416,205.04,0.0,0.0,0.0,0.0
22417,232.93,0.0,0.0,0.0,0.0
22418,196.72,0.0,0.0,0.0,0.0
22419,195.13,0.0,0.0,0.0,0.0
22420,254.68,0.0,0.0,0.0,0.0
22421,258.05,0.0,0.0,0.0,0.0
22422,259.38,0.0,0.0,0.0,0.0
22423,274.53,0.0,0.0,0.0,0.0
22424,252.73,0.0,0.0,0.0,0.0
22425,249.16,0.0,0.0,0.0,0.0
22426,255.73,0.0,0.0,0.0,0.0
22427,281.72,0.0,0.0,0.0,0.0
22428,301.8,0.0,0.0,0.0,0.0
22429,300.53,0.0,0.0,0.0,0.0
22430,264.85,0.0,0.0,0.0,0.0
22431,307.83,0.0,0.0,0.0,0.0
22432,263.37,0.0,0.0,0.0,0.0
22433,300.16,0.0,0.0,0.0,0.0
22434,350.11,0.0,0.0,0.0,0.0
22435,519.19,0.0,0.0,0.0,0.0
22436,533.01,0.0,0.0,0.0,0.0
22437,479.52,0.0,0.0,0.0,0.0
22438,490.33,0.0,0.0,0.0,0.0
22439,407.85,0.0,0.0,0.0,0.0
22440,324.77,0.0,0.0,0.0,0.0
22441,259.81,0.0,0.0,0.0,0.0
22442,216.45,0.0,0.0,0.0,0.0
22443,212.83,0.0,0.0,0.0,0.0
22444,227.95,0.0,0.0,0.0,0.0
22445,289.57,0.0,0.0,0.0,0.0
22446,255.64,0.0,0.0,0.0,0.0
22447,256.32,0.0,0.0,0.0,0.0
22448,271.13,0.0,0.0,0.0,0.0
22449,266.97,0.0,0.0,0.0,0.0
22450,260.18,0.0,0.0,0.0,0.0
22451,264.2,0.0,0.0,0.0,0.0
22452,238.74,0.0,0.0,0.0,0.0
22453,296.53,0.0,0.0,0.0,0.0
22454,267.34,0.0,0.0,0.0,0.0
22455,242.85,0.0,0.0,0.0,0.0
22456,264.03,0.0,0.0,0.0,0.0
22457,263.29,0.0,0.0,0.0,0.0
22458,259.67,0.0,0.0,0.0,0.0
22459,251.68,0.0,0.0,0.0,0.0
22460,254.85,0.0,0.0,0.0,0.0
22461,281.5,0.0,0.0,0.0,0.0
22462,280.11,0.0,0.0,0.0,0.0
22463,302.82,0.0,0.0,0.0,0.0
22464,287.98,0.0,0.0,0.0,0.0
22465,303.75,0.0,0.0,0.0,0.0
22466,287.19,0.0,0.0,0.0,0.0
22467,292.43,0.0,0.0,0.0,0.0
22468,311.34,0.0,0.0,0.0,0.0
22469,304.66,0.0,0.0,0.0,0.0
22470,290.08,0.0,0.0,0.0,0.0
22471,288.46,0.0,0.0,0.0,0.0
22472,287.33,0.0,0.0,0.0,0.0
22473,273.99,0.0,0.0,0.0,0.0
22474,282.32,0.0,0.0,0.0,0.0
22475,273.51,0.0,0.0,0.0,0.0
22476,315.85,0.0,0.0,0.0,0.0
22477,310.38,0.0,0.0,0.0,0.0
22478,313.24,0.0,0.0,0.0,0.0
22479,314.91,0.0,0.0,0.0,0.0
22480,303.78,0.0,0.0,0.0,0.0
22481,293.76,0.0,0.0,0.0,0.0
22482,294.47,0.0,0.0,0.0,0.0
22483,292.46,0.0,0.0,0.0,0.0
22484,292.88,0.0,0.0,0.0,0.0
22485,301.04,0.0,0.0,0.0,0.0
22486,297.95,0.0,0.0,0.0,0.0
22487,292.31,0.0,0.0,0.0,0.0
22488,289.85,0.0,0.0,0.0,0.0
22489,287.7,0.0,0.0,0.0,0.0
22490,295.74,0.0,0.0,0.0,0.0
22491,282.38,0.0,0.0,0.0,0.0
22492,302.14,0.0,0.0,0.0,0.0
22493,292.71,0.0,0.0,0.0,0.0
22494,271.05,0.0,0.0,0.0,0.0
22495,434.35,0.0,0.0,0.0,0.0
22496,433.53,0.0,0.0,0.0,0.0
22497,420.99,0.0,0.0,0.0,0.0
22498,428.83,0.0,0.0,0.0,0.0
22499,420.36,0.0,0.0,0.0,0.0
22500,290.56,0.0,0.0,0.0,0.0
22501,294.24,0.0,0.0,0.0,0.0
22502,297.07,0.0,0.0,0.0,0.0
22503,285.94,0.0,0.0,0.0,0.0
22504,296.79,0.0,0.0,0.0,0.0
22505,282.26,0.0,0.0,0.0,0.0
22506,276.26,0.0,0.0,0.0,0.0
22507,285.09,0.0,0.0,0.0,0.0
22508,280.93,0.0,0.0,0.0,0.0
22509,276.94,0.0,0.0,0.0,0.0
22510,291.3,0.0,0.0,0.0,0.0
22511,270.11,0.0,0.0,0.0,0.0
22512,282.94,0.0,0.0,0.0,0.0
22513,288.29,0.0,0.0,0.0,0.0
22514,273.6,0.0,0.0,0.0,0.0
22515,278.35,0.0,0.0,0.0,0.0
22516,276.09,0.0,0.0,0.0,0.0
22517,279.66,0.0,0.0,0.0,0.0
22518,283.56,0.0,0.0,0.0,0.0
22519,279.77,0.0,0.0,0.0,0.0
22520,276.32,0.0,0.0,0.0,0.0
22521,278.58,0.0,0.0,0.0,0.0
22522,285.24,0.0,0.0,0.0,0.0
22523,269.97,0.0,0.0,0.0,0.0
22524,262.19,0.0,0.0,0.0,0.0
22525,261.14,0.0,0.0,0.0,0.0
22526,231.18,0.0,0.0,0.0,0.0
22527,267.28,0.0,0.0,0.0,0.0
22528,267.17,0.0,0.0,0.0,0.0
22529,264.42,0.0,0.0,0.0,0.0
22530,274.93,0.0,0.0,0.0,0.0
22531,271.93,0.0,0.0,0.0,0.0
22532,256.32,0.0,0.0,0.0,0.0
22533,254.06,0.0,0.0,0.0,0.0
22534,244.8,0.0,0.0,0.0,0.0
22535,239.93,0.0,0.0,0.0,0.0
22536,233.78,0.0,0.0,0.0,0.0
22537,203.74,0.0,0.0,0.0,0.0
22538,202.47,0.0,0.0,0.0,0.0
22539,218.72,0.0,0.0,0.0,0.0
22540,208.16,0.0,0.0,0.0,0.0
22541,196.55,0.0,0.0,0.0,0.0
22542,215.01,0.0,0.0,0.0,0.0
22543,212.94,0.0,0.0,0.0,0.0
22544,198.53,0.0,0.0,0.0,0.0
22545,208.7,0.0,0.0,0.0,0.0
22546,193.26,0.0,0.0,0.0,0.0
22547,203.88,0.0,0.0,0.0,0.0
22548,186.98,0.0,0.0,0.0,0.0
22549,187.8,0.0,0.0,0.0,0.0
22550,210.56,0.0,0.0,0.0,0.0
22551,194.85,0.0,0.0,0.0,0.0
22552,211.5,0.0,0.0,0.0,0.0
22553,197.17,0.0,0.0,0.0,0.0
22554,193.49,0.0,0.0,0.0,0.0
22555,184.29,0.0,0.0,0.0,0.0
22556,182.81,0.0,0.0,0.0,0.0
22557,187.43,0.0,0.0,0.0,0.0
22558,179.93,0.0,0.0,0.0,0.0
22559,171.88,0.0,0.0,0.0,0.0
22560,177.94,0.0,0.0,0.0,0.0
22561,171.63,0.0,0.0,0.0,0.0
22562,168.2,0.0,0.0,0.0,0.0
22563,169.59,0.0,0.0,0.0,0.0
22564,170.64,0.0,0.0,0.0,0.0
22565,185.73,0.0,0.0,0.0,0.0
22566,184.43,0.0,0.0,0.0,0.0
22567,190.03,0.0,0.0,0.0,0.0
22568,156.56,0.0,0.0,0.0,0.0
22569,124.2,0.0,0.0,0.0,0.0
22570,116.21,0.0,0.0,0.0,0.0
22571,121.71,0.0,0.0,0.0,0.0
22572,109.56,0.0,0.0,0.0,0.0
22573,137.25,0.0,0.0,0.0,0.0
22574,151.92,0.0,0.0,0.0,0.0
22575,147.67,0.0,0.0,0.0,0.0
22576,135.52,0.0,0.0,0.0,0.0
22577,150.05,0.0,0.0,0.0,0.0
22578,142.26,0.0,0.0,0.0,0.0
22579,132.64,0.0,0.0,0.0,0.0
22580,133.49,0.0,0.0,0.0,0.0
22581,131.9,0.0,0.0,0.0,0.0
22582,136.77,0.0,0.0,0.0,0.0
22583,158.35,0.0,0.0,0.0,0.0
22584,149.48,0.0,0.0,0.0,0.0
22585,164.04,0.0,0.0,0.0,0.0
22586,149.85,0.0,0.0,0.0,0.0
22587,151.67,0.0,0.0,0.0,0.0
22588,151.67,0.0,0.0,0.0,0.0
22589,149.14,0.0,0.0,0.0,0.0
22590,149.8,0.0,0.0,0.0,0.0
22591,149.34,0.0,0.0,0.0,0.0
22592,157.98,0.0,0.0,0.0,0.0
22593,159.08,0.0,0.0,0.0,0.0
22594,150.56,0.0,0.0,0.0,0.0
22595,157.33,0.0,0.0,0.0,0.0
22596,150.45,0.0,0.0,0.0,0.0
22597,146.09,0.0,0.0,0.0,0.0
22598,170.44,0.0,0.0,0.0,0.0
22599,164.72,0.0,0.0,0.0,0.0
22600,162.85,0.0,0.0,0.0,0.0
22601,159.11,0.0,0.0,0.0,0.0
22602,153.19,0.0,0.0,0.0,0.0
22603,150.31,0.0,0.0,0.0,0.0
22604,161.38,0.0,0.0,0.0,0.0
22605,157.3,0.0,0.0,0.0,0.0
22606,153.25,0.0,0.0,0.0,0.0
22607,148.44,0.0,0.0,0.0,0.0
22608,158.35,0.0,0.0,0.0,0.0
22609,153.39,0.0,0.0,0.0,0.0
22610,153.36,0.0,0.0,0.0,0.0
22611,147.19,0.0,0.0,0.0,0.0
22612,135.58,0.0,0.0,0.0,0.0
22613,126.92,0.0,0.0,0.0,0.0
22614,113.27,0.0,0.0,0.0,0.0
22615,116.81,0.0,0.0,0.0,0.0
22616,110.27,0.0,0.0,0.0,0.0
22617,106.05,0.0,0.0,0.0,0.0
22618,109.64,0.0,0.0,0.0,0.0
22619,133.6,0.0,0.0,0.0,0.0
22620,128.73,0.0,0.0,0.0,0.0
22621,135.58,0.0,0.0,0.0,0.0
22622,110.66,0.0,0.0,0.0,0.0
22623,107.83,0.0,0.0,0.0,0.0
22624,103.21,0.0,0.0,0.0,0.0
22625,101.06,0.0,0.0,0.0,0.0
22626,120.15,0.0,0.0,0.0,0.0
22627,116.21,0.0,0.0,0.0,0.0
22628,110.75,0.0,0.0,0.0,0.0
22629,123.69,0.0,0.0,0.0,0.0
22630,74.5,0.0,0.0,0.0,0.0
22631,103.98,0.0,0.0,0.0,0.0
22632,128.16,0.0,0.0,0.0,0.0
22633,148.47,0.0,0.0,0.0,0.0
22634,145.12,0.0,0.0,0.0,0.0
22635,144.05,0.0,0.0,0.0,0.0
22636,135.5,0.0,0.0,0.0,0.0
22637,135.84,0.0,0.0,0.0,0.0
22638,141.56,0.0,0.0,0.0,0.0
22639,134.36,0.0,0.0,0.0,0.0
22640,139.63,0.0,0.0,0.0,0.0
22641,132.15,0.0,0.0,0.0,0.0
22642,135.67,0.0,0.0,0.0,0.0
22643,136.29,0.0,0.0,0.0,0.0
22644,138.84,0.0,0.0,0.0,0.0
22645,137.82,0.0,0.0,0.0,0.0
22646,129.63,0.0,0.0,0.0,0.0
22647,130.68,0.0,0.0,0.0,0.0
22648,143.03,0.0,0.0,0.0,0.0
22649,146.62,0.0,0.0,0.0,0.0
22650,146.62,0.0,0.0,0.0,0.0
22651,151.5,0.0,0.0,0.0,0.0
22652,131.36,0.0,0.0,0.0,0.0
22653,127.91,0.0,0.0,0.0,0.0
22654,136.86,0.0,0.0,0.0,0.0
22655,132.07,0.0,0.0,0.0,0.0
22656,139.83,0.0,0.0,0.0,0.0
22657,133.63,0.0,0.0,0.0,0.0
22658,133.83,0.0,0.0,0.0,0.0
22659,119.64,0.0,0.0,0.0,0.0
22660,118.51,0.0,0.0,0.0,0.0
22661,120.12,0.0,0.0,0.0,0.0
22662,124.59,0.0,0.0,0.0,0.0
22663,117.32,0.0,0.0,0.0,0.0
22664,115.99,0.0,0.0,0.0,0.0
22665,90.73,0.0,0.0,0.0,0.0
22666,100.69,0.0,0.0,0.0,0.0
22667,100.72,0.0,0.0,0.0,0.0
22668,108.34,0.0,0.0,0.0,0.0
22669,101.6,0.0,0.0,0.0,0.0
22670,103.27,0.0,0.0,0.0,0.0
22671,115.02,0.0,0.0,0.0,0.0
22672,111.26,0.0,0.0,0.0,0.0
22673,100.24,0.0,0.0,0.0,0.0
22674,103.19,0.0,0.0,0.0,0.0
22675,110.44,0.0,0.0,0.0,0.0
22676,107.18,0.0,0.0,0.0,0.0
22677,103.95,0.0,0.0,0.0,0.0
22678,102.34,0.0,0.0,0.0,0.0
22679,99.93,0.0,0.0,0.0,0.0
22680,90.33,0.0,0.0,0.0,0.0
22681,92.65,0.0,0.0,0.0,0.0
22682,92.62,0.0,0.0,0.0,0.0
22683,66.2,0.0,0.0,0.0,0.0
22684,91.63,0.0,0.0,0.0,0.0
22685,96.87,0.0,0.0,0.0,0.0
22686,117.18,0.0,0.0,0.0,0.0
22687,78.15,0.0,0.0,0.0,0.0
22688,84.53,0.0,0.0,0.0,0.0
22689,90.56,0.0,0.0,0.0,0.0
22690,89.85,0.0,0.0,0.0,0.0
22691,97.07,0.0,0.0,0.0,0.0
22692,85.15,0.0,0.0,0.0,0.0
22693,73.91,0.0,0.0,0.0,0.0
22694,75.49,0.0,0.0,0.0,0.0
22695,92.82,0.0,0.0,0.0,0.0
22696,92.82,0.0,0.0,0.0,0.0
22697,89.71,0.0,0.0,0.0,0.0
22698,95.57,0.0,0.0,0.0,0.0
22699,120.83,0.0,0.0,0.0,0.0
22700,107.49,0.0,0.0,0.0,0.0
22701,94.55,0.0,0.0,0.0,0.0
22702,98.71,0.0,0.0,0.0,0.0
22703,95.65,0.0,0.0,0.0,0.0
22704,76.06,0.0,0.0,0.0,0.0
22705,98.71,0.0,0.0,0.0,0.0
22706,105.37,0.0,0.0,0.0,0.0
22707,88.26,0.0,0.0,0.0,0.0
22708,79.66,0.0,0.0,0.0,0.0
22709,60.85,0.0,0.0,0.0,0.0
22710,75.18,0.0,0.0,0.0,0.0
22711,90.9,0.0,0.0,0.0,0.0
22712,90.59,0.0,0.0,0.0,0.0
22713,83.25,0.0,0.0,0.0,0.0
22714,68.05,0.0,0.0,0.0,0.0
22715,55.59,0.0,0.0,0.0,0.0
22716,77.56,0.0,0.0,0.0,0.0
22717,82.18,0.0,0.0,0.0,0.0
22718,74.76,0.0,0.0,0.0,0.0
22719,89.0,0.0,0.0,0.0,0.0
22720,78.3,0.0,0.0,0.0,0.0
22721,18.12,0.0,0.0,0.0,0.0
22722,34.43,0.0,0.0,0.0,0.0
22723,45.73,0.0,0.0,0.0,0.0
22724,57.4,0.0,0.0,0.0,0.0
22725,57.68,0.0,0.0,0.0,0.0
22726,64.42,0.0,0.0,0.0,0.0
22727,77.36,0.0,0.0,0.0,0.0
22728,73.48,0.0,0.0,0.0,0.0
22729,62.07,0.0,0.0,0.0,0.0
22730,59.15,0.0,0.0,0.0,0.0
22731,70.08,0.0,0.0,0.0,0.0
22732,60.74,0.0,0.0,0.0,0.0
22733,28.71,0.0,0.0,0.0,0.0
22734,34.52,0.0,0.0,0.0,0.0
22735,18.52,0.0,0.0,0.0,0.0
22736,5.13,0.0,0.0,0.0,0.0
22737,21.41,0.0,0.0,0.0,0.0
22738,50.18,0.0,0.0,0.0,0.0
22739,32.2,0.0,0.0,0.0,0.0
22740,30.72,0.0,0.0,0.0,0.0
22741,48.22,0.0,0.0,0.0,0.0
22742,59.89,0.0,0.0,0.0,0.0
22743,66.71,0.0,0.0,0.0,0.0
22744,52.73,0.0,0.0,0.0,0.0
22745,61.02,0.0,0.0,0.0,0.0
22746,63.6,0.0,0.0,0.0,0.0
22747,71.1,0.0,0.0,0.0,0.0
22748,70.71,0.0,0.0,0.0,0.0
22749,49.81,0.0,0.0,0.0,0.0
22750,54.42,0.0,0.0,0.0,0.0
22751,39.13,0.0,0.0,0.0,0.0
22752,68.72,0.0,0.0,0.0,0.0
22753,62.5,0.0,0.0,0.0,0.0
22754,96.42,0.0,0.0,0.0,0.0
22755,117.09,0.0,0.0,0.0,0.0
22756,113.64,0.0,0.0,0.0,0.0
22757,103.33,0.0,0.0,0.0,0.0
22758,110.61,0.0,0.0,0.0,0.0
22759,148.41,0.0,0.0,0.0,0.0
22760,134.22,0.0,0.0,0.0,0.0
22761,124.25,0.0,0.0,0.0,0.0
22762,114.54,0.0,0.0,0.0,0.0
22763,120.77,0.0,0.0,0.0,0.0
22764,125.22,0.0,0.0,0.0,0.0
22765,119.33,0.0,0.0,0.0,0.0
22766,125.39,0.0,0.0,0.0,0.0
22767,131.87,0.0,0.0,0.0,0.0
22768,135.13,0.0,0.0,0.0,0.0
22769,133.49,0.0,0.0,0.0,0.0
22770,152.68,0.0,0.0,0.0,0.0
22771,168.0,0.0,0.0,0.0,0.0
22772,170.92,0.0,0.0,0.0,0.0
22773,203.97,0.0,0.0,0.0,0.0
22774,216.51,0.0,0.0,0.0,0.0
22775,228.55,0.0,0.0,0.0,0.0
22776,237.13,0.0,0.0,0.0,0.0
22777,257.88,0.0,0.0,0.0,0.0
22778,259.64,0.0,0.0,0.0,0.0
22779,244.86,0.0,0.0,0.0,0.0
22780,251.09,0.0,0.0,0.0,0.0
22781,251.03,0.0,0.0,0.0,0.0
22782,249.1,0.0,0.0,0.0,0.0
22783,278.3,0.0,0.0,0.0,0.0
22784,282.29,0.0,0.0,0.0,0.0
22785,276.03,0.0,0.0,0.0,0.0
22786,279.29,0.0,0.0,0.0,0.0
22787,265.61,0.0,0.0,0.0,0.0
22788,267.34,0.0,0.0,0.0,0.0
22789,272.21,0.0,0.0,0.0,0.0
22790,289.82,0.0,0.0,0.0,0.0
22791,276.85,0.0,0.0,0.0,0.0
22792,262.47,0.0,0.0,0.0,0.0
22793,260.12,0.0,0.0,0.0,0.0
22794,252.84,0.0,0.0,0.0,0.0
22795,251.26,0.0,0.0,0.0,0.0
22796,248.76,0.0,0.0,0.0,0.0
22797,254.71,0.0,0.0,0.0,0.0
22798,259.98,0.0,0.0,0.0,0.0
22799,257.46,0.0,0.0,0.0,0.0
22800,273.99,0.0,0.0,0.0,0.0
22801,283.14,0.0,0.0,0.0,0.0
22802,278.3,0.0,0.0,0.0,0.0
22803,279.01,0.0,0.0,0.0,0.0
22804,281.61,0.0,0.0,0.0,0.0
22805,264.17,0.0,0.0,0.0,0.0
22806,257.03,0.0,0.0,0.0,0.0
22807,255.62,0.0,0.0,0.0,0.0
22808,258.62,0.0,0.0,0.0,0.0
22809,269.04,0.0,0.0,0.0,0.0
22810,267.59,0.0,0.0,0.0,0.0
22811,278.78,0.0,0.0,0.0,0.0
22812,282.01,0.0,0.0,0.0,0.0
22813,311.68,0.0,0.0,0.0,0.0
22814,299.76,0.0,0.0,0.0,0.0
22815,298.54,0.0,0.0,0.0,0.0
22816,298.6,0.0,0.0,0.0,0.0
22817,301.83,0.0,0.0,0.0,0.0
22818,309.73,0.0,0.0,0.0,0.0
22819,291.24,0.0,0.0,0.0,0.0
22820,311.29,0.0,0.0,0.0,0.0
22821,356.45,0.0,0.0,0.0,0.0
22822,362.85,0.0,0.0,0.0,0.0
22823,372.65,0.0,0.0,0.0,0.0
22824,366.19,0.0,0.0,0.0,0.0
22825,368.57,0.0,0.0,0.0,0.0
22826,360.98,0.0,0.0,0.0,0.0
22827,363.62,0.0,0.0,0.0,0.0
22828,357.19,0.0,0.0,0.0,0.0
22829,348.5,0.0,0.0,0.0,0.0
22830,358.58,0.0,0.0,0.0,0.0
22831,348.5,0.0,0.0,0.0,0.0
22832,356.54,0.0,0.0,0.0,0.0
22833,361.18,0.0,0.0,0.0,0.0
22834,365.71,0.0,0.0,0.0,0.0
22835,363.96,0.0,0.0,0.0,0.0
22836,355.26,0.0,0.0,0.0,0.0
22837,360.87,0.0,0.0,0.0,0.0
22838,363.31,0.0,0.0,0.0,0.0
22839,364.78,0.0,0.0,0.0,0.0
22840,362.71,0.0,0.0,0.0,0.0
22841,343.82,0.0,0.0,0.0,0.0
22842,349.8,0.0,0.0,0.0,0.0
22843,370.1,0.0,0.0,0.0,0.0
22844,364.15,0.0,0.0,0.0,0.0
22845,364.07,0.0,0.0,0.0,0.0
22846,351.24,0.0,0.0,0.0,0.0
22847,363.28,0.0,0.0,0.0,0.0
22848,366.76,0.0,0.0,0.0,0.0
22849,350.68,0.0,0.0,0.0,0.0
22850,352.32,0.0,0.0,0.0,0.0
22851,358.09,0.0,0.0,0.0,0.0
22852,365.97,0.0,0.0,0.0,0.0
22853,353.05,0.0,0.0,0.0,0.0
22854,354.41,0.0,0.0,0.0,0.0
22855,361.21,0.0,0.0,0.0,0.0
22856,370.41,0.0,0.0,0.0,0.0
22857,358.04,0.0,0.0,0.0,0.0
22858,363.48,0.0,0.0,0.0,0.0
22859,357.39,0.0,0.0,0.0,0.0
22860,354.16,0.0,0.0,0.0,0.0
22861,354.47,0.0,0.0,0.0,0.0
22862,356.82,0.0,0.0,0.0,0.0
22863,367.78,0.0,0.0,0.0,0.0
22864,348.95,0.0,0.0,0.0,0.0
22865,351.19,0.0,0.0,0.0,0.0
22866,338.24,0.0,0.0,0.0,0.0
22867,321.48,0.0,0.0,0.0,0.0
22868,334.31,0.0,0.0,0.0,0.0
22869,323.75,0.0,0.0,0.0,0.0
22870,294.33,0.0,0.0,0.0,0.0
22871,291.47,0.0,0.0,0.0,0.0
22872,286.62,0.0,0.0,0.0,0.0
22873,278.35,0.0,0.0,0.0,0.0
22874,269.77,0.0,0.0,0.0,0.0
22875,277.59,0.0,0.0,0.0,0.0
22876,277.76,0.0,0.0,0.0,0.0
22877,274.48,0.0,0.0,0.0,0.0
22878,276.91,0.0,0.0,0.0,0.0
22879,279.35,0.0,0.0,0.0,0.0
22880,273.23,0.0,0.0,0.0,0.0
22881,259.75,0.0,0.0,0.0,0.0
22882,256.83,0.0,0.0,0.0,0.0
22883,245.42,0.0,0.0,0.0,0.0
22884,249.24,0.0,0.0,0.0,0.0
22885,264.34,0.0,0.0,0.0,0.0
22886,258.53,0.0,0.0,0.0,0.0
22887,231.97,0.0,0.0,0.0,0.0
22888,223.59,0.0,0.0,0.0,0.0
22889,227.1,0.0,0.0,0.0,0.0
22890,219.4,0.0,0.0,0.0,0.0
22891,226.17,0.0,0.0,0.0,0.0
22892,227.19,0.0,0.0,0.0,0.0
22893,228.21,0.0,0.0,0.0,0.0
22894,203.8,0.0,0.0,0.0,0.0
22895,188.51,0.0,0.0,0.0,0.0
22896,144.53,0.0,0.0,0.0,0.0
22897,151.58,0.0,0.0,0.0,0.0
22898,191.2,0.0,0.0,0.0,0.0
22899,198.61,0.0,0.0,0.0,0.0
22900,195.1,0.0,0.0,0.0,0.0
22901,158.38,0.0,0.0,0.0,0.0
22902,164.46,0.0,0.0,0.0,0.0
22903,163.64,0.0,0.0,0.0,0.0
22904,162.06,0.0,0.0,0.0,0.0
22905,155.74,0.0,0.0,0.0,0.0
22906,167.21,0.0,0.0,0.0,0.0
22907,154.58,0.0,0.0,0.0,0.0
22908,162.23,0.0,0.0,0.0,0.0
22909,170.89,0.0,0.0,0.0,0.0
22910,154.67,0.0,0.0,0.0,0.0
22911,151.61,0.0,0.0,0.0,0.0
22912,138.36,0.0,0.0,0.0,0.0
22913,144.7,0.0,0.0,0.0,0.0
22914,151.89,0.0,0.0,0.0,0.0
22915,141.05,0.0,0.0,0.0,0.0
22916,136.63,0.0,0.0,0.0,0.0
22917,128.7,0.0,0.0,0.0,0.0
22918,131.05,0.0,0.0,0.0,0.0
22919,128.76,0.0,0.0,0.0,0.0
22920,116.78,0.0,0.0,0.0,0.0
22921,117.03,0.0,0.0,0.0,0.0
22922,132.04,0.0,0.0,0.0,0.0
22923,111.68,0.0,0.0,0.0,0.0
22924,117.66,0.0,0.0,0.0,0.0
22925,117.46,0.0,0.0,0.0,0.0
22926,120.04,0.0,0.0,0.0,0.0
22927,128.25,0.0,0.0,0.0,0.0
22928,115.73,0.0,0.0,0.0,0.0
22929,141.13,0.0,0.0,0.0,0.0
22930,128.93,0.0,0.0,0.0,0.0
22931,125.16,0.0,0.0,0.0,0.0
22932,122.58,0.0,0.0,0.0,0.0
22933,128.33,0.0,0.0,0.0,0.0
22934,127.85,0.0,0.0,0.0,0.0
22935,129.69,0.0,0.0,0.0,0.0
22936,126.38,0.0,0.0,0.0,0.0
22937,139.38,0.0,0.0,0.0,0.0
22938,137.96,0.0,0.0,0.0,0.0
22939,149.0,0.0,0.0,0.0,0.0
22940,145.83,0.0,0.0,0.0,0.0
22941,140.25,0.0,0.0,0.0,0.0
22942,143.91,0.0,0.0,0.0,0.0
22943,141.95,0.0,0.0,0.0,0.0
22944,131.65,0.0,0.0,0.0,0.0
22945,143.68,0.0,0.0,0.0,0.0
22946,141.16,0.0,0.0,0.0,0.0
22947,136.29,0.0,0.0,0.0,0.0
22948,138.02,0.0,0.0,0.0,0.0
22949,155.97,0.0,0.0,0.0,0.0
22950,155.69,0.0,0.0,0.0,0.0
22951,157.53,0.0,0.0,0.0,0.0
22952,154.89,0.0,0.0,0.0,0.0
22953,152.8,0.0,0.0,0.0,0.0
22954,151.21,0.0,0.0,0.0,0.0
22955,165.88,0.0,0.0,0.0,0.0
22956,155.09,0.0,0.0,0.0,0.0
22957,140.45,0.0,0.0,0.0,0.0
22958,146.88,0.0,0.0,0.0,0.0
22959,151.81,0.0,0.0,0.0,0.0
22960,146.14,0.0,0.0,0.0,0.0
22961,143.68,0.0,0.0,0.0,0.0
22962,148.97,0.0,0.0,0.0,0.0
22963,146.74,0.0,0.0,0.0,0.0
22964,148.32,0.0,0.0,0.0,0.0
22965,171.18,0.0,0.0,0.0,0.0
22966,170.92,0.0,0.0,0.0,0.0
22967,149.34,0.0,0.0,0.0,0.0
22968,150.48,0.0,0.0,0.0,0.0
22969,153.25,0.0,0.0,0.0,0.0
22970,138.95,0.0,0.0,0.0,0.0
22971,122.98,0.0,0.0,0.0,0.0
22972,125.08,0.0,0.0,0.0,0.0
22973,137.48,0.0,0.0,0.0,0.0
22974,111.68,0.0,0.0,0.0,0.0
22975,118.34,0.0,0.0,0.0,0.0
22976,130.14,0.0,0.0,0.0,0.0
22977,109.61,0.0,0.0,0.0,0.0
22978,107.77,0.0,0.0,0.0,0.0
22979,78.47,0.0,0.0,0.0,0.0
22980,39.28,0.0,0.0,0.0,0.0
22981,52.87,0.0,0.0,0.0,0.0
22982,28.4,0.0,0.0,0.0,0.0
22983,60.14,0.0,0.0,0.0,0.0
22984,91.58,0.0,0.0,0.0,0.0
22985,35.28,0.0,0.0,0.0,0.0
22986,86.37,0.0,0.0,0.0,0.0
22987,59.52,0.0,0.0,0.0,0.0
22988,62.84,0.0,0.0,0.0,0.0
22989,112.16,0.0,0.0,0.0,0.0
22990,133.06,0.0,0.0,0.0,0.0
22991,90.5,0.0,0.0,0.0,0.0
22992,114.23,0.0,0.0,0.0,0.0
22993,110.78,0.0,0.0,0.0,0.0
22994,112.93,0.0,0.0,0.0,0.0
22995,116.27,0.0,0.0,0.0,0.0
22996,115.96,0.0,0.0,0.0,0.0
22997,117.43,0.0,0.0,0.0,0.0
22998,83.36,0.0,0.0,0.0,0.0
22999,67.0,0.0,0.0,0.0,0.0
23000,64.14,0.0,0.0,0.0,0.0
23001,77.73,0.0,0.0,0.0,0.0
23002,43.44,0.0,0.0,0.0,0.0
23003,42.53,0.0,0.0,0.0,0.0
23004,56.83,0.0,0.0,0.0,0.0
23005,62.98,0.0,0.0,0.0,0.0
23006,64.14,0.0,0.0,0.0,0.0
23007,65.5,0.0,0.0,0.0,0.0
23008,64.17,0.0,0.0,0.0,0.0
23009,60.34,0.0,0.0,0.0,0.0
23010,70.76,0.0,0.0,0.0,0.0
23011,68.92,0.0,0.0,0.0,0.0
23012,54.99,0.0,0.0,0.0,0.0
23013,69.94,0.0,0.0,0.0,0.0
23014,57.0,0.0,0.0,0.0,0.0
23015,72.72,0.0,0.0,0.0,0.0
23016,78.21,0.0,0.0,0.0,0.0
23017,73.79,0.0,0.0,0.0,0.0
23018,102.34,0.0,0.0,0.0,0.0
23019,87.5,0.0,0.0,0.0,0.0
23020,88.6,0.0,0.0,0.0,0.0
23021,159.17,0.0,0.0,0.0,0.0
23022,115.25,0.0,0.0,0.0,0.0
23023,92.14,0.0,0.0,0.0,0.0
23024,96.9,0.0,0.0,0.0,0.0
23025,111.26,0.0,0.0,0.0,0.0
23026,96.96,0.0,0.0,0.0,0.0
23027,125.05,0.0,0.0,0.0,0.0
23028,123.66,0.0,0.0,0.0,0.0
23029,129.41,0.0,0.0,0.0,0.0
23030,116.72,0.0,0.0,0.0,0.0
23031,97.07,0.0,0.0,0.0,0.0
23032,82.15,0.0,0.0,0.0,0.0
23033,137.82,0.0,0.0,0.0,0.0
23034,111.37,0.0,0.0,0.0,0.0
23035,122.36,0.0,0.0,0.0,0.0
23036,98.97,0.0,0.0,0.0,0.0
23037,100.35,0.0,0.0,0.0,0.0
23038,104.97,0.0,0.0,0.0,0.0
23039,126.32,0.0,0.0,0.0,0.0
23040,108.45,0.0,0.0,0.0,0.0
23041,98.0,0.0,0.0,0.0,0.0
23042,114.94,0.0,0.0,0.0,0.0
23043,117.23,0.0,0.0,0.0,0.0
23044,123.94,0.0,0.0,0.0,0.0
23045,97.66,0.0,0.0,0.0,0.0
23046,127.17,0.0,0.0,0.0,0.0
23047,89.23,0.0,0.0,0.0,0.0
23048,123.29,0.0,0.0,0.0,0.0
23049,114.74,0.0,0.0,0.0,0.0
23050,107.77,0.0,0.0,0.0,0.0
23051,107.89,0.0,0.0,0.0,0.0
23052,95.97,0.0,0.0,0.0,0.0
23053,105.48,0.0,0.0,0.0,0.0
23054,101.74,0.0,0.0,0.0,0.0
23055,101.83,0.0,0.0,0.0,0.0
23056,117.2,0.0,0.0,0.0,0.0
23057,115.28,0.0,0.0,0.0,0.0
23058,94.66,0.0,0.0,0.0,0.0
23059,79.51,0.0,0.0,0.0,0.0
23060,95.48,0.0,0.0,0.0,0.0
23061,93.98,0.0,0.0,0.0,0.0
23062,97.33,0.0,0.0,0.0,0.0
23063,98.54,0.0,0.0,0.0,0.0
23064,90.7,0.0,0.0,0.0,0.0
23065,100.1,0.0,0.0,0.0,0.0
23066,95.85,0.0,0.0,0.0,0.0
23067,108.6,0.0,0.0,0.0,0.0
23068,85.97,0.0,0.0,0.0,0.0
23069,107.72,0.0,0.0,0.0,0.0
23070,94.13,0.0,0.0,0.0,0.0
23071,105.42,0.0,0.0,0.0,0.0
23072,93.9,0.0,0.0,0.0,0.0
23073,92.77,0.0,0.0,0.0,0.0
23074,97.33,0.0,0.0,0.0,0.0
23075,106.02,0.0,0.0,0.0,0.0
23076,97.04,0.0,0.0,0.0,0.0
23077,99.05,0.0,0.0,0.0,0.0
23078,127.65,0.0,0.0,0.0,0.0
23079,89.28,0.0,0.0,0.0,0.0
23080,131.65,0.0,0.0,0.0,0.0
23081,138.61,0.0,0.0,0.0,0.0
23082,119.33,0.0,0.0,0.0,0.0
23083,126.46,0.0,0.0,0.0,0.0
23084,125.73,0.0,0.0,0.0,0.0
23085,126.29,0.0,0.0,0.0,0.0
23086,135.98,0.0,0.0,0.0,0.0
23087,107.72,0.0,0.0,0.0,0.0
23088,120.29,0.0,0.0,0.0,0.0
23089,139.72,0.0,0.0,0.0,0.0
23090,106.19,0.0,0.0,0.0,0.0
23091,100.64,0.0,0.0,0.0,0.0
23092,91.15,0.0,0.0,0.0,0.0
23093,98.43,0.0,0.0,0.0,0.0
23094,83.31,0.0,0.0,0.0,0.0
23095,102.0,0.0,0.0,0.0,0.0
23096,101.03,0.0,0.0,0.0,0.0
23097,106.92,0.0,0.0,0.0,0.0
23098,126.69,0.0,0.0,0.0,0.0
23099,163.73,0.0,0.0,0.0,0.0
23100,145.75,0.0,0.0,0.0,0.0
23101,141.81,0.0,0.0,0.0,0.0
23102,156.37,0.0,0.0,0.0,0.0
23103,113.49,0.0,0.0,0.0,0.0
23104,137.82,0.0,0.0,0.0,0.0
23105,122.84,0.0,0.0,0.0,0.0
23106,119.41,0.0,0.0,0.0,0.0
23107,132.86,0.0,0.0,0.0,0.0
23108,111.4,0.0,0.0,0.0,0.0
23109,148.13,0.0,0.0,0.0,0.0
23110,155.43,0.0,0.0,0.0,0.0
23111,147.73,0.0,0.0,0.0,0.0
23112,134.34,0.0,0.0,0.0,0.0
23113,143.37,0.0,0.0,0.0,0.0
23114,130.06,0.0,0.0,0.0,0.0
23115,125.76,0.0,0.0,0.0,0.0
23116,134.79,0.0,0.0,0.0,0.0
23117,133.6,0.0,0.0,0.0,0.0
23118,161.52,0.0,0.0,0.0,0.0
23119,135.78,0.0,0.0,0.0,0.0
23120,188.79,0.0,0.0,0.0,0.0
23121,170.01,0.0,0.0,0.0,0.0
23122,180.58,0.0,0.0,0.0,0.0
23123,205.41,0.0,0.0,0.0,0.0
23124,198.22,0.0,0.0,0.0,0.0
23125,246.1,0.0,0.0,0.0,0.0
23126,256.72,0.0,0.0,0.0,0.0
23127,317.88,0.0,0.0,0.0,0.0
23128,273.29,0.0,0.0,0.0,0.0
23129,297.33,0.0,0.0,0.0,0.0
23130,287.98,0.0,0.0,0.0,0.0
23131,308.46,0.0,0.0,0.0,0.0
23132,304.26,0.0,0.0,0.0,0.0
23133,302.45,0.0,0.0,0.0,0.0
23134,290.11,0.0,0.0,0.0,0.0
23135,288.52,0.0,0.0,0.0,0.0
23136,274.96,0.0,0.0,0.0,0.0
23137,299.65,0.0,0.0,0.0,0.0
23138,313.3,0.0,0.0,0.0,0.0
23139,325.79,0.0,0.0,0.0,0.0
23140,331.76,0.0,0.0,0.0,0.0
23141,329.01,0.0,0.0,0.0,0.0
23142,321.23,0.0,0.0,0.0,0.0
23143,321.23,0.0,0.0,0.0,0.0
23144,325.56,0.0,0.0,0.0,0.0
23145,312.45,0.0,0.0,0.0,0.0
23146,303.42,0.0,0.0,0.0,0.0
23147,303.39,0.0,0.0,0.0,0.0
23148,312.96,0.0,0.0,0.0,0.0
23149,306.25,0.0,0.0,0.0,0.0
23150,282.91,0.0,0.0,0.0,0.0
23151,286.45,0.0,0.0,0.0,0.0
23152,289.77,0.0,0.0,0.0,0.0
23153,301.35,0.0,0.0,0.0,0.0
23154,348.64,0.0,0.0,0.0,0.0
23155,329.95,0.0,0.0,0.0,0.0
23156,303.13,0.0,0.0,0.0,0.0
23157,292.0,0.0,0.0,0.0,0.0
23158,271.59,0.0,0.0,0.0,0.0
23159,290.81,0.0,0.0,0.0,0.0
23160,289.57,0.0,0.0,0.0,0.0
23161,251.82,0.0,0.0,0.0,0.0
23162,259.86,0.0,0.0,0.0,0.0
23163,261.14,0.0,0.0,0.0,0.0
23164,242.65,0.0,0.0,0.0,0.0
23165,257.91,0.0,0.0,0.0,0.0
23166,241.03,0.0,0.0,0.0,0.0
23167,253.72,0.0,0.0,0.0,0.0
23168,277.9,0.0,0.0,0.0,0.0
23169,315.39,0.0,0.0,0.0,0.0
23170,315.79,0.0,0.0,0.0,0.0
23171,292.65,0.0,0.0,0.0,0.0
23172,291.66,0.0,0.0,0.0,0.0
23173,296.22,0.0,0.0,0.0,0.0
23174,288.92,0.0,0.0,0.0,0.0
23175,296.65,0.0,0.0,0.0,0.0
23176,300.84,0.0,0.0,0.0,0.0
23177,306.19,0.0,0.0,0.0,0.0
23178,297.21,0.0,0.0,0.0,0.0
23179,303.05,0.0,0.0,0.0,0.0
23180,323.01,0.0,0.0,0.0,0.0
23181,309.11,0.0,0.0,0.0,0.0
23182,300.75,0.0,0.0,0.0,0.0
23183,281.58,0.0,0.0,0.0,0.0
23184,270.37,0.0,0.0,0.0,0.0
23185,310.98,0.0,0.0,0.0,0.0
23186,276.77,0.0,0.0,0.0,0.0
23187,300.75,0.0,0.0,0.0,0.0
23188,332.61,0.0,0.0,0.0,0.0
23189,312.36,0.0,0.0,0.0,0.0
23190,321.57,0.0,0.0,0.0,0.0
23191,338.07,0.0,0.0,0.0,0.0
23192,329.47,0.0,0.0,0.0,0.0
23193,307.29,0.0,0.0,0.0,0.0
23194,314.83,0.0,0.0,0.0,0.0
23195,312.65,0.0,0.0,0.0,0.0
23196,312.87,0.0,0.0,0.0,0.0
23197,327.12,0.0,0.0,0.0,0.0
23198,314.4,0.0,0.0,0.0,0.0
23199,327.12,0.0,0.0,0.0,0.0
23200,321.11,0.0,0.0,0.0,0.0
23201,311.12,0.0,0.0,0.0,0.0
23202,304.41,0.0,0.0,0.0,0.0
23203,327.12,0.0,0.0,0.0,0.0
23204,289.94,0.0,0.0,0.0,0.0
23205,310.18,0.0,0.0,0.0,0.0
23206,305.17,0.0,0.0,0.0,0.0
23207,296.05,0.0,0.0,0.0,0.0
23208,297.75,0.0,0.0,0.0,0.0
23209,296.48,0.0,0.0,0.0,0.0
23210,298.97,0.0,0.0,0.0,0.0
23211,302.37,0.0,0.0,0.0,0.0
23212,309.81,0.0,0.0,0.0,0.0
23213,351.36,0.0,0.0,0.0,0.0
23214,306.98,0.0,0.0,0.0,0.0
23215,300.36,0.0,0.0,0.0,0.0
23216,306.02,0.0,0.0,0.0,0.0
23217,311.71,0.0,0.0,0.0,0.0
23218,304.07,0.0,0.0,0.0,0.0
23219,305.99,0.0,0.0,0.0,0.0
23220,273.82,0.0,0.0,0.0,0.0
23221,270.31,0.0,0.0,0.0,0.0
23222,271.28,0.0,0.0,0.0,0.0
23223,260.85,0.0,0.0,0.0,0.0
23224,260.23,0.0,0.0,0.0,0.0
23225,241.15,0.0,0.0,0.0,0.0
23226,245.42,0.0,0.0,0.0,0.0
23227,247.94,0.0,0.0,0.0,0.0
23228,250.18,0.0,0.0,0.0,0.0
23229,248.14,0.0,0.0,0.0,0.0
23230,248.03,0.0,0.0,0.0,0.0
23231,226.68,0.0,0.0,0.0,0.0
23232,223.08,0.0,0.0,0.0,0.0
23233,214.36,0.0,0.0,0.0,0.0
23234,246.95,0.0,0.0,0.0,0.0
23235,251.37,0.0,0.0,0.0,0.0
23236,255.9,0.0,0.0,0.0,0.0
23237,269.04,0.0,0.0,0.0,0.0
23238,267.71,0.0,0.0,0.0,0.0
23239,245.45,0.0,0.0,0.0,0.0
23240,234.75,0.0,0.0,0.0,0.0
23241,232.17,0.0,0.0,0.0,0.0
23242,223.65,0.0,0.0,0.0,0.0
23243,239.9,0.0,0.0,0.0,0.0
23244,228.74,0.0,0.0,0.0,0.0
23245,221.81,0.0,0.0,0.0,0.0
23246,205.38,0.0,0.0,0.0,0.0
23247,205.01,0.0,0.0,0.0,0.0
23248,214.1,0.0,0.0,0.0,0.0
23249,230.39,0.0,0.0,0.0,0.0
23250,201.53,0.0,0.0,0.0,0.0
23251,186.64,0.0,0.0,0.0,0.0
23252,206.57,0.0,0.0,0.0,0.0
23253,177.29,0.0,0.0,0.0,0.0
23254,146.54,0.0,0.0,0.0,0.0
23255,166.59,0.0,0.0,0.0,0.0
23256,157.67,0.0,0.0,0.0,0.0
23257,158.55,0.0,0.0,0.0,0.0
23258,177.52,0.0,0.0,0.0,0.0
23259,174.21,0.0,0.0,0.0,0.0
23260,169.5,0.0,0.0,0.0,0.0
23261,175.56,0.0,0.0,0.0,0.0
23262,176.78,0.0,0.0,0.0,0.0
23263,182.73,0.0,0.0,0.0,0.0
23264,176.33,0.0,0.0,0.0,0.0
23265,170.5,0.0,0.0,0.0,0.0
23266,167.27,0.0,0.0,0.0,0.0
23267,191.96,0.0,0.0,0.0,0.0
23268,180.55,0.0,0.0,0.0,0.0
23269,164.86,0.0,0.0,0.0,0.0
23270,178.23,0.0,0.0,0.0,0.0
23271,163.11,0.0,0.0,0.0,0.0
23272,198.59,0.0,0.0,0.0,0.0
23273,194.59,0.0,0.0,0.0,0.0
23274,176.92,0.0,0.0,0.0,0.0
23275,176.3,0.0,0.0,0.0,0.0
23276,168.66,0.0,0.0,0.0,0.0
23277,158.66,0.0,0.0,0.0,0.0
23278,160.73,0.0,0.0,0.0,0.0
23279,161.63,0.0,0.0,0.0,0.0
23280,170.38,0.0,0.0,0.0,0.0
23281,154.16,0.0,0.0,0.0,0.0
23282,159.91,0.0,0.0,0.0,0.0
23283,161.32,0.0,0.0,0.0,0.0
23284,151.13,0.0,0.0,0.0,0.0
23285,159.96,0.0,0.0,0.0,0.0
23286,156.14,0.0,0.0,0.0,0.0
23287,147.9,0.0,0.0,0.0,0.0
23288,156.68,0.0,0.0,0.0,0.0
23289,148.01,0.0,0.0,0.0,0.0
23290,148.81,0.0,0.0,0.0,0.0
23291,155.88,0.0,0.0,0.0,0.0
23292,157.78,0.0,0.0,0.0,0.0
23293,171.26,0.0,0.0,0.0,0.0
23294,159.42,0.0,0.0,0.0,0.0
23295,152.34,0.0,0.0,0.0,0.0
23296,166.19,0.0,0.0,0.0,0.0
23297,152.06,0.0,0.0,0.0,0.0
23298,155.26,0.0,0.0,0.0,0.0
23299,160.25,0.0,0.0,0.0,0.0
23300,162.74,0.0,0.0,0.0,0.0
23301,166.02,0.0,0.0,0.0,0.0
23302,158.89,0.0,0.0,0.0,0.0
23303,147.47,0.0,0.0,0.0,0.0
23304,140.08,0.0,0.0,0.0,0.0
23305,154.13,0.0,0.0,0.0,0.0
23306,146.45,0.0,0.0,0.0,0.0
23307,156.59,0.0,0.0,0.0,0.0
23308,137.2,0.0,0.0,0.0,0.0
23309,140.65,0.0,0.0,0.0,0.0
23310,138.16,0.0,0.0,0.0,0.0
23311,141.07,0.0,0.0,0.0,0.0
23312,137.48,0.0,0.0,0.0,0.0
23313,129.12,0.0,0.0,0.0,0.0
23314,140.48,0.0,0.0,0.0,0.0
23315,142.01,0.0,0.0,0.0,0.0
23316,175.51,0.0,0.0,0.0,0.0
23317,149.06,0.0,0.0,0.0,0.0
23318,130.48,0.0,0.0,0.0,0.0
23319,137.28,0.0,0.0,0.0,0.0
23320,125.47,0.0,0.0,0.0,0.0
23321,130.68,0.0,0.0,0.0,0.0
23322,122.02,0.0,0.0,0.0,0.0
23323,116.72,0.0,0.0,0.0,0.0
23324,107.26,0.0,0.0,0.0,0.0
23325,116.35,0.0,0.0,0.0,0.0
23326,108.82,0.0,0.0,0.0,0.0
23327,107.97,0.0,0.0,0.0,0.0
23328,120.01,0.0,0.0,0.0,0.0
23329,118.82,0.0,0.0,0.0,0.0
23330,107.49,0.0,0.0,0.0,0.0
23331,105.93,0.0,0.0,0.0,0.0
23332,91.55,0.0,0.0,0.0,0.0
23333,88.89,0.0,0.0,0.0,0.0
23334,84.89,0.0,0.0,0.0,0.0
23335,90.19,0.0,0.0,0.0,0.0
23336,86.79,0.0,0.0,0.0,0.0
23337,85.4,0.0,0.0,0.0,0.0
23338,87.24,0.0,0.0,0.0,0.0
23339,91.55,0.0,0.0,0.0,0.0
23340,96.62,0.0,0.0,0.0,0.0
23341,95.74,0.0,0.0,0.0,0.0
23342,91.75,0.0,0.0,0.0,0.0
23343,92.43,0.0,0.0,0.0,0.0
23344,92.43,0.0,0.0,0.0,0.0
23345,93.11,0.0,0.0,0.0,0.0
23346,93.87,0.0,0.0,0.0,0.0
23347,96.96,0.0,0.0,0.0,0.0
23348,96.33,0.0,0.0,0.0,0.0
23349,94.75,0.0,0.0,0.0,0.0
23350,90.1,0.0,0.0,0.0,0.0
23351,102.9,0.0,0.0,0.0,0.0
23352,91.72,0.0,0.0,0.0,0.0
23353,85.86,0.0,0.0,0.0,0.0
23354,95.2,0.0,0.0,0.0,0.0
23355,85.72,0.0,0.0,0.0,0.0
23356,86.68,0.0,0.0,0.0,0.0
23357,87.3,0.0,0.0,0.0,0.0
23358,90.47,0.0,0.0,0.0,0.0
23359,88.26,0.0,0.0,0.0,0.0
23360,85.18,0.0,0.0,0.0,0.0
23361,90.33,0.0,0.0,0.0,0.0
23362,86.79,0.0,0.0,0.0,0.0
23363,85.88,0.0,0.0,0.0,0.0
23364,91.27,0.0,0.0,0.0,0.0
23365,98.23,0.0,0.0,0.0,0.0
23366,90.87,0.0,0.0,0.0,0.0
23367,89.76,0.0,0.0,0.0,0.0
23368,104.55,0.0,0.0,0.0,0.0
23369,96.08,0.0,0.0,0.0,0.0
23370,90.56,0.0,0.0,0.0,0.0
23371,92.62,0.0,0.0,0.0,0.0
23372,95.23,0.0,0.0,0.0,0.0
23373,94.15,0.0,0.0,0.0,0.0
23374,85.83,0.0,0.0,0.0,0.0
23375,90.25,0.0,0.0,0.0,0.0
23376,83.28,0.0,0.0,0.0,0.0
23377,87.41,0.0,0.0,0.0,0.0
23378,91.46,0.0,0.0,0.0,0.0
23379,87.39,0.0,0.0,0.0,0.0
23380,83.36,0.0,0.0,0.0,0.0
23381,74.78,0.0,0.0,0.0,0.0
23382,80.33,0.0,0.0,0.0,0.0
23383,73.71,0.0,0.0,0.0,0.0
23384,78.13,0.0,0.0,0.0,0.0
23385,78.64,0.0,0.0,0.0,0.0
23386,88.26,0.0,0.0,0.0,0.0
23387,88.86,0.0,0.0,0.0,0.0
23388,86.31,0.0,0.0,0.0,0.0
23389,77.73,0.0,0.0,0.0,0.0
23390,77.28,0.0,0.0,0.0,0.0
23391,76.31,0.0,0.0,0.0,0.0
23392,81.92,0.0,0.0,0.0,0.0
23393,82.52,0.0,0.0,0.0,0.0
23394,79.85,0.0,0.0,0.0,0.0
23395,79.15,0.0,0.0,0.0,0.0
23396,75.63,0.0,0.0,0.0,0.0
23397,79.4,0.0,0.0,0.0,0.0
23398,81.95,0.0,0.0,0.0,0.0
23399,79.34,0.0,0.0,0.0,0.0
23400,87.16,0.0,0.0,0.0,0.0
23401,76.85,0.0,0.0,0.0,0.0
23402,70.96,0.0,0.0,0.0,0.0
23403,86.08,0.0,0.0,0.0,0.0
23404,94.35,0.0,0.0,0.0,0.0
23405,89.54,0.0,0.0,0.0,0.0
23406,84.92,0.0,0.0,0.0,0.0
23407,94.66,0.0,0.0,0.0,0.0
23408,94.86,0.0,0.0,0.0,0.0
23409,92.34,0.0,0.0,0.0,0.0
23410,94.97,0.0,0.0,0.0,0.0
23411,94.32,0.0,0.0,0.0,0.0
23412,89.03,0.0,0.0,0.0,0.0
23413,93.79,0.0,0.0,0.0,0.0
23414,91.69,0.0,0.0,0.0,0.0
23415,106.87,0.0,0.0,0.0,0.0
23416,107.01,0.0,0.0,0.0,0.0
23417,115.5,0.0,0.0,0.0,0.0
23418,96.7,0.0,0.0,0.0,0.0
23419,99.0,0.0,0.0,0.0,0.0
23420,89.25,0.0,0.0,0.0,0.0
23421,81.1,0.0,0.0,0.0,0.0
23422,73.48,0.0,0.0,0.0,0.0
23423,69.83,0.0,0.0,0.0,0.0
23424,76.2,0.0,0.0,0.0,0.0
23425,70.57,0.0,0.0,0.0,0.0
23426,102.51,0.0,0.0,0.0,0.0
23427,65.75,0.0,0.0,0.0,0.0
23428,69.86,0.0,0.0,0.0,0.0
23429,72.75,0.0,0.0,0.0,0.0
23430,75.83,0.0,0.0,0.0,0.0
23431,76.85,0.0,0.0,0.0,0.0
23432,81.84,0.0,0.0,0.0,0.0
23433,86.68,0.0,0.0,0.0,0.0
23434,60.37,0.0,0.0,0.0,0.0
23435,66.15,0.0,0.0,0.0,0.0
23436,77.36,0.0,0.0,0.0,0.0
23437,70.71,0.0,0.0,0.0,0.0
23438,78.21,0.0,0.0,0.0,0.0
23439,64.05,0.0,0.0,0.0,0.0
23440,67.48,0.0,0.0,0.0,0.0
23441,52.22,0.0,0.0,0.0,0.0
23442,64.14,0.0,0.0,0.0,0.0
23443,73.11,0.0,0.0,0.0,0.0
23444,45.84,0.0,0.0,0.0,0.0
23445,52.47,0.0,0.0,0.0,0.0
23446,49.61,0.0,0.0,0.0,0.0
23447,31.49,0.0,0.0,0.0,0.0
23448,43.83,0.0,0.0,0.0,0.0
23449,50.55,0.0,0.0,0.0,0.0
23450,54.23,0.0,0.0,0.0,0.0
23451,72.21,0.0,0.0,0.0,0.0
23452,67.96,0.0,0.0,0.0,0.0
23453,84.47,0.0,0.0,0.0,0.0
23454,103.67,0.0,0.0,0.0,0.0
23455,68.33,0.0,0.0,0.0,0.0
23456,71.73,0.0,0.0,0.0,0.0
23457,72.63,0.0,0.0,0.0,0.0
23458,80.99,0.0,0.0,0.0,0.0
23459,84.61,0.0,0.0,0.0,0.0
23460,82.06,0.0,0.0,0.0,0.0
23461,85.52,0.0,0.0,0.0,0.0
23462,68.24,0.0,0.0,0.0,0.0
23463,86.68,0.0,0.0,0.0,0.0
23464,40.55,0.0,0.0,0.0,0.0
23465,47.43,0.0,0.0,0.0,0.0
23466,59.41,0.0,0.0,0.0,0.0
23467,31.91,0.0,0.0,0.0,0.0
23468,52.5,0.0,0.0,0.0,0.0
23469,57.68,0.0,0.0,0.0,0.0
23470,28.68,0.0,0.0,0.0,0.0
23471,13.54,0.0,0.0,0.0,0.0
23472,30.19,0.0,0.0,0.0,0.0
23473,34.97,0.0,0.0,0.0,0.0
23474,18.69,0.0,0.0,0.0,0.0
23475,22.88,0.0,0.0,0.0,0.0
23476,39.59,0.0,0.0,0.0,0.0
23477,44.37,0.0,0.0,0.0,0.0
23478,39.05,0.0,0.0,0.0,0.0
23479,75.58,0.0,0.0,0.0,0.0
23480,60.88,0.0,0.0,0.0,0.0
23481,74.64,0.0,0.0,0.0,0.0
23482,74.13,0.0,0.0,0.0,0.0
23483,72.46,0.0,0.0,0.0,0.0
23484,97.81,0.0,0.0,0.0,0.0
23485,93.11,0.0,0.0,0.0,0.0
23486,103.55,0.0,0.0,0.0,0.0
23487,100.69,0.0,0.0,0.0,0.0
23488,106.84,0.0,0.0,0.0,0.0
23489,89.11,0.0,0.0,0.0,0.0
23490,86.54,0.0,0.0,0.0,0.0
23491,105.74,0.0,0.0,0.0,0.0
23492,89.4,0.0,0.0,0.0,0.0
23493,102.39,0.0,0.0,0.0,0.0
23494,96.19,0.0,0.0,0.0,0.0
23495,103.78,0.0,0.0,0.0,0.0
23496,108.4,0.0,0.0,0.0,0.0
23497,127.82,0.0,0.0,0.0,0.0
23498,146.88,0.0,0.0,0.0,0.0
23499,143.31,0.0,0.0,0.0,0.0
23500,147.16,0.0,0.0,0.0,0.0
23501,145.41,0.0,0.0,0.0,0.0
23502,168.17,0.0,0.0,0.0,0.0
23503,193.69,0.0,0.0,0.0,0.0
23504,191.45,0.0,0.0,0.0,0.0
23505,210.22,0.0,0.0,0.0,0.0
23506,204.93,0.0,0.0,0.0,0.0
23507,195.19,0.0,0.0,0.0,0.0
23508,196.18,0.0,0.0,0.0,0.0
23509,185.99,0.0,0.0,0.0,0.0
23510,203.57,0.0,0.0,0.0,0.0
23511,204.99,0.0,0.0,0.0,0.0
23512,208.61,0.0,0.0,0.0,0.0
23513,228.57,0.0,0.0,0.0,0.0
23514,209.57,0.0,0.0,0.0,0.0
23515,181.85,0.0,0.0,0.0,0.0
23516,194.93,0.0,0.0,0.0,0.0
23517,199.86,0.0,0.0,0.0,0.0
23518,212.35,0.0,0.0,0.0,0.0
23519,203.15,0.0,0.0,0.0,0.0
23520,206.71,0.0,0.0,0.0,0.0
23521,214.78,0.0,0.0,0.0,0.0
23522,222.63,0.0,0.0,0.0,0.0
23523,214.78,0.0,0.0,0.0,0.0
23524,219.77,0.0,0.0,0.0,0.0
23525,188.96,0.0,0.0,0.0,0.0
23526,230.47,0.0,0.0,0.0,0.0
23527,225.91,0.0,0.0,0.0,0.0
23528,219.94,0.0,0.0,0.0,0.0
23529,221.41,0.0,0.0,0.0,0.0
23530,214.39,0.0,0.0,0.0,0.0
23531,198.56,0.0,0.0,0.0,0.0
23532,209.57,0.0,0.0,0.0,0.0
23533,201.19,0.0,0.0,0.0,0.0
23534,199.8,0.0,0.0,0.0,0.0
23535,191.54,0.0,0.0,0.0,0.0
23536,195.78,0.0,0.0,0.0,0.0
23537,168.09,0.0,0.0,0.0,0.0
23538,216.74,0.0,0.0,0.0,0.0
23539,202.75,0.0,0.0,0.0,0.0
23540,223.33,0.0,0.0,0.0,0.0
23541,207.42,0.0,0.0,0.0,0.0
23542,197.2,0.0,0.0,0.0,0.0
23543,211.61,0.0,0.0,0.0,0.0
23544,208.13,0.0,0.0,0.0,0.0
23545,213.99,0.0,0.0,0.0,0.0
23546,212.46,0.0,0.0,0.0,0.0
23547,241.43,0.0,0.0,0.0,0.0
23548,260.29,0.0,0.0,0.0,0.0
23549,260.23,0.0,0.0,0.0,0.0
23550,253.97,0.0,0.0,0.0,0.0
23551,273.68,0.0,0.0,0.0,0.0
23552,272.44,0.0,0.0,0.0,0.0
23553,257.12,0.0,0.0,0.0,0.0
23554,247.46,0.0,0.0,0.0,0.0
23555,239.19,0.0,0.0,0.0,0.0
23556,247.23,0.0,0.0,0.0,0.0
23557,242.34,0.0,0.0,0.0,0.0
23558,202.32,0.0,0.0,0.0,0.0
23559,162.34,0.0,0.0,0.0,0.0
23560,175.42,0.0,0.0,0.0,0.0
23561,194.14,0.0,0.0,0.0,0.0
23562,176.02,0.0,0.0,0.0,0.0
23563,178.28,0.0,0.0,0.0,0.0
23564,176.64,0.0,0.0,0.0,0.0
23565,175.56,0.0,0.0,0.0,0.0
23566,173.67,0.0,0.0,0.0,0.0
23567,200.26,0.0,0.0,0.0,0.0
23568,193.12,0.0,0.0,0.0,0.0
23569,195.02,0.0,0.0,0.0,0.0
23570,199.18,0.0,0.0,0.0,0.0
23571,207.14,0.0,0.0,0.0,0.0
23572,192.04,0.0,0.0,0.0,0.0
23573,199.8,0.0,0.0,0.0,0.0
23574,205.27,0.0,0.0,0.0,0.0
23575,190.2,0.0,0.0,0.0,0.0
23576,191.31,0.0,0.0,0.0,0.0
23577,189.98,0.0,0.0,0.0,0.0
23578,206.68,0.0,0.0,0.0,0.0
23579,198.13,0.0,0.0,0.0,0.0
23580,203.77,0.0,0.0,0.0,0.0
23581,188.99,0.0,0.0,0.0,0.0
23582,197.28,0.0,0.0,0.0,0.0
23583,201.96,0.0,0.0,0.0,0.0
23584,190.54,0.0,0.0,0.0,0.0
23585,214.02,0.0,0.0,0.0,0.0
23586,183.49,0.0,0.0,0.0,0.0
23587,180.97,0.0,0.0,0.0,0.0
23588,174.88,0.0,0.0,0.0,0.0
23589,204.08,0.0,0.0,0.0,0.0
23590,180.49,0.0,0.0,0.0,0.0
23591,183.46,0.0,0.0,0.0,0.0
23592,213.23,0.0,0.0,0.0,0.0
23593,172.34,0.0,0.0,0.0,0.0
23594,217.59,0.0,0.0,0.0,0.0
23595,212.74,0.0,0.0,0.0,0.0
23596,175.88,0.0,0.0,0.0,0.0
23597,172.17,0.0,0.0,0.0,0.0
23598,163.33,0.0,0.0,0.0,0.0
23599,159.14,0.0,0.0,0.0,0.0
23600,149.43,0.0,0.0,0.0,0.0
23601,157.64,0.0,0.0,0.0,0.0
23602,148.92,0.0,0.0,0.0,0.0
23603,163.47,0.0,0.0,0.0,0.0
23604,150.96,0.0,0.0,0.0,0.0
23605,148.69,0.0,0.0,0.0,0.0
23606,143.4,0.0,0.0,0.0,0.0
23607,146.14,0.0,0.0,0.0,0.0
23608,154.04,0.0,0.0,0.0,0.0
23609,151.21,0.0,0.0,0.0,0.0
23610,153.34,0.0,0.0,0.0,0.0
23611,144.33,0.0,0.0,0.0,0.0
23612,174.74,0.0,0.0,0.0,0.0
23613,160.53,0.0,0.0,0.0,0.0
23614,182.7,0.0,0.0,0.0,0.0
23615,181.62,0.0,0.0,0.0,0.0
23616,199.38,0.0,0.0,0.0,0.0
23617,178.31,0.0,0.0,0.0,0.0
23618,184.91,0.0,0.0,0.0,0.0
23619,192.02,0.0,0.0,0.0,0.0
23620,183.49,0.0,0.0,0.0,0.0
23621,201.67,0.0,0.0,0.0,0.0
23622,181.68,0.0,0.0,0.0,0.0
23623,177.86,0.0,0.0,0.0,0.0
23624,173.84,0.0,0.0,0.0,0.0
23625,174.04,0.0,0.0,0.0,0.0
23626,162.09,0.0,0.0,0.0,0.0
23627,160.61,0.0,0.0,0.0,0.0
23628,156.14,0.0,0.0,0.0,0.0
23629,174.91,0.0,0.0,0.0,0.0
23630,157.87,0.0,0.0,0.0,0.0
23631,166.16,0.0,0.0,0.0,0.0
23632,163.19,0.0,0.0,0.0,0.0
23633,144.42,0.0,0.0,0.0,0.0
23634,159.03,0.0,0.0,0.0,0.0
23635,151.3,0.0,0.0,0.0,0.0
23636,143.57,0.0,0.0,0.0,0.0
23637,157.36,0.0,0.0,0.0,0.0
23638,140.68,0.0,0.0,0.0,0.0
23639,150.56,0.0,0.0,0.0,0.0
23640,143.31,0.0,0.0,0.0,0.0
23641,153.62,0.0,0.0,0.0,0.0
23642,142.18,0.0,0.0,0.0,0.0
23643,134.0,0.0,0.0,0.0,0.0
23644,116.72,0.0,0.0,0.0,0.0
23645,95.29,0.0,0.0,0.0,0.0
23646,117.2,0.0,0.0,0.0,0.0
23647,121.08,0.0,0.0,0.0,0.0
23648,118.08,0.0,0.0,0.0,0.0
23649,117.74,0.0,0.0,0.0,0.0
23650,126.94,0.0,0.0,0.0,0.0
23651,130.29,0.0,0.0,0.0,0.0
23652,115.25,0.0,0.0,0.0,0.0
23653,111.88,0.0,0.0,0.0,0.0
23654,122.3,0.0,0.0,0.0,0.0
23655,130.91,0.0,0.0,0.0,0.0
23656,107.55,0.0,0.0,0.0,0.0
23657,125.16,0.0,0.0,0.0,0.0
23658,109.7,0.0,0.0,0.0,0.0
23659,113.35,0.0,0.0,0.0,0.0
23660,97.27,0.0,0.0,0.0,0.0
23661,85.38,0.0,0.0,0.0,0.0
23662,105.51,0.0,0.0,0.0,0.0
23663,99.0,0.0,0.0,0.0,0.0
23664,117.68,0.0,0.0,0.0,0.0
23665,89.08,0.0,0.0,0.0,0.0
23666,102.45,0.0,0.0,0.0,0.0
23667,95.09,0.0,0.0,0.0,0.0
23668,93.7,0.0,0.0,0.0,0.0
23669,81.95,0.0,0.0,0.0,0.0
23670,81.44,0.0,0.0,0.0,0.0
23671,100.24,0.0,0.0,0.0,0.0
23672,138.64,0.0,0.0,0.0,0.0
23673,66.35,0.0,0.0,0.0,0.0
23674,69.46,0.0,0.0,0.0,0.0
23675,117.74,0.0,0.0,0.0,0.0
23676,116.27,0.0,0.0,0.0,0.0
23677,124.99,0.0,0.0,0.0,0.0
23678,75.49,0.0,0.0,0.0,0.0
23679,66.18,0.0,0.0,0.0,0.0
23680,127.96,0.0,0.0,0.0,0.0
23681,76.97,0.0,0.0,0.0,0.0
23682,68.61,0.0,0.0,0.0,0.0
23683,119.95,0.0,0.0,0.0,0.0
23684,129.58,0.0,0.0,0.0,0.0
23685,132.21,0.0,0.0,0.0,0.0
23686,137.73,0.0,0.0,0.0,0.0
23687,140.17,0.0,0.0,0.0,0.0
23688,134.11,0.0,0.0,0.0,0.0
23689,138.07,0.0,0.0,0.0,0.0
23690,137.48,0.0,0.0,0.0,0.0
23691,119.53,0.0,0.0,0.0,0.0
23692,135.81,0.0,0.0,0.0,0.0
23693,126.55,0.0,0.0,0.0,0.0
23694,136.71,0.0,0.0,0.0,0.0
23695,130.85,0.0,0.0,0.0,0.0
23696,121.45,0.0,0.0,0.0,0.0
23697,117.54,0.0,0.0,0.0,0.0
23698,119.19,0.0,0.0,0.0,0.0
23699,99.85,0.0,0.0,0.0,0.0
23700,99.08,0.0,0.0,0.0,0.0
23701,123.04,0.0,0.0,0.0,0.0
23702,110.44,0.0,0.0,0.0,0.0
23703,121.54,0.0,0.0,0.0,0.0
23704,108.68,0.0,0.0,0.0,0.0
23705,100.16,0.0,0.0,0.0,0.0
23706,107.15,0.0,0.0,0.0,0.0
23707,104.26,0.0,0.0,0.0,0.0
23708,107.69,0.0,0.0,0.0,0.0
23709,101.97,0.0,0.0,0.0,0.0
23710,106.78,0.0,0.0,0.0,0.0
23711,100.98,0.0,0.0,0.0,0.0
23712,94.8,0.0,0.0,0.0,0.0
23713,66.43,0.0,0.0,0.0,0.0
23714,87.47,0.0,0.0,0.0,0.0
23715,88.69,0.0,0.0,0.0,0.0
23716,60.46,0.0,0.0,0.0,0.0
23717,56.32,0.0,0.0,0.0,0.0
23718,76.03,0.0,0.0,0.0,0.0
23719,78.35,0.0,0.0,0.0,0.0
23720,21.61,0.0,0.0,0.0,0.0
23721,8.38,0.0,0.0,0.0,0.0
23722,20.1,0.0,0.0,0.0,0.0
23723,48.68,0.0,0.0,0.0,0.0
23724,21.66,0.0,0.0,0.0,0.0
23725,42.76,0.0,0.0,0.0,0.0
23726,53.43,0.0,0.0,0.0,0.0
23727,61.36,0.0,0.0,0.0,0.0
23728,20.16,0.0,0.0,0.0,0.0
23729,6.06,0.0,0.0,0.0,0.0
23730,35.45,0.0,0.0,0.0,0.0
23731,50.4,0.0,0.0,0.0,0.0
23732,60.0,0.0,0.0,0.0,0.0
23733,49.24,0.0,0.0,0.0,0.0
23734,15.04,0.0,0.0,0.0,0.0
23735,23.59,0.0,0.0,0.0,0.0
23736,46.38,0.0,0.0,0.0,0.0
23737,38.09,0.0,0.0,0.0,0.0
23738,39.19,0.0,0.0,0.0,0.0
23739,60.46,0.0,0.0,0.0,0.0
23740,72.72,0.0,0.0,0.0,0.0
23741,76.6,0.0,0.0,0.0,0.0
23742,81.89,0.0,0.0,0.0,0.0
23743,58.87,0.0,0.0,0.0,0.0
23744,98.23,0.0,0.0,0.0,0.0
23745,74.3,0.0,0.0,0.0,0.0
23746,84.36,0.0,0.0,0.0,0.0
23747,61.76,0.0,0.0,0.0,0.0
23748,75.15,0.0,0.0,0.0,0.0
23749,80.08,0.0,0.0,0.0,0.0
23750,87.24,0.0,0.0,0.0,0.0
23751,86.28,0.0,0.0,0.0,0.0
23752,86.88,0.0,0.0,0.0,0.0
23753,86.76,0.0,0.0,0.0,0.0
23754,117.77,0.0,0.0,0.0,0.0
23755,99.22,0.0,0.0,0.0,0.0
23756,67.22,0.0,0.0,0.0,0.0
23757,76.6,0.0,0.0,0.0,0.0
23758,68.33,0.0,0.0,0.0,0.0
23759,75.78,0.0,0.0,0.0,0.0
23760,120.74,0.0,0.0,0.0,0.0
23761,85.01,0.0,0.0,0.0,0.0
23762,80.67,0.0,0.0,0.0,0.0
23763,49.55,0.0,0.0,0.0,0.0
23764,93.67,0.0,0.0,0.0,0.0
23765,99.59,0.0,0.0,0.0,0.0
23766,56.18,0.0,0.0,0.0,0.0
23767,62.84,0.0,0.0,0.0,0.0
23768,120.18,0.0,0.0,0.0,0.0
23769,60.06,0.0,0.0,0.0,0.0
23770,102.34,0.0,0.0,0.0,0.0
23771,99.65,0.0,0.0,0.0,0.0
23772,102.22,0.0,0.0,0.0,0.0
23773,55.1,0.0,0.0,0.0,0.0
23774,56.8,0.0,0.0,0.0,0.0
23775,123.91,0.0,0.0,0.0,0.0
23776,57.77,0.0,0.0,0.0,0.0
23777,101.12,0.0,0.0,0.0,0.0
23778,46.69,0.0,0.0,0.0,0.0
23779,10.11,0.0,0.0,0.0,0.0
23780,14.81,0.0,0.0,0.0,0.0
23781,68.89,0.0,0.0,0.0,0.0
23782,10.65,0.0,0.0,0.0,0.0
23783,50.38,0.0,0.0,0.0,0.0
23784,31.4,0.0,0.0,0.0,0.0
23785,33.61,0.0,0.0,0.0,0.0
23786,29.05,0.0,0.0,0.0,0.0
23787,34.35,0.0,0.0,0.0,0.0
23788,55.39,0.0,0.0,0.0,0.0
23789,42.59,0.0,0.0,0.0,0.0
23790,27.58,0.0,0.0,0.0,0.0
23791,51.03,0.0,0.0,0.0,0.0
23792,57.06,0.0,0.0,0.0,0.0
23793,50.49,0.0,0.0,0.0,0.0
23794,60.94,0.0,0.0,0.0,0.0
23795,61.76,0.0,0.0,0.0,0.0
23796,62.69,0.0,0.0,0.0,0.0
23797,75.29,0.0,0.0,0.0,0.0
23798,78.55,0.0,0.0,0.0,0.0
23799,81.24,0.0,0.0,0.0,0.0
23800,80.73,0.0,0.0,0.0,0.0
23801,55.53,0.0,0.0,0.0,0.0
23802,74.67,0.0,0.0,0.0,0.0
23803,93.22,0.0,0.0,0.0,0.0
23804,89.28,0.0,0.0,0.0,0.0
23805,95.46,0.0,0.0,0.0,0.0
23806,79.4,0.0,0.0,0.0,0.0
23807,83.45,0.0,0.0,0.0,0.0
23808,54.82,0.0,0.0,0.0,0.0
23809,92.6,0.0,0.0,0.0,0.0
23810,73.09,0.0,0.0,0.0,0.0
23811,98.8,0.0,0.0,0.0,0.0
23812,94.04,0.0,0.0,0.0,0.0
23813,88.52,0.0,0.0,0.0,0.0
23814,92.11,0.0,0.0,0.0,0.0
23815,94.35,0.0,0.0,0.0,0.0
23816,56.21,0.0,0.0,0.0,0.0
23817,92.91,0.0,0.0,0.0,0.0
23818,87.87,0.0,0.0,0.0,0.0
23819,83.14,0.0,0.0,0.0,0.0
23820,92.48,0.0,0.0,0.0,0.0
23821,84.55,0.0,0.0,0.0,0.0
23822,73.11,0.0,0.0,0.0,0.0
23823,87.61,0.0,0.0,0.0,0.0
23824,91.07,0.0,0.0,0.0,0.0
23825,81.16,0.0,0.0,0.0,0.0
23826,93.02,0.0,0.0,0.0,0.0
23827,81.47,0.0,0.0,0.0,0.0
23828,89.51,0.0,0.0,0.0,0.0
23829,57.0,0.0,0.0,0.0,0.0
23830,91.86,0.0,0.0,0.0,0.0
23831,77.28,0.0,0.0,0.0,0.0
23832,90.3,0.0,0.0,0.0,0.0
23833,88.94,0.0,0.0,0.0,0.0
23834,78.81,0.0,0.0,0.0,0.0
23835,80.9,0.0,0.0,0.0,0.0
23836,81.78,0.0,0.0,0.0,0.0
23837,80.14,0.0,0.0,0.0,0.0
23838,84.33,0.0,0.0,0.0,0.0
23839,96.96,0.0,0.0,0.0,0.0
23840,62.38,0.0,0.0,0.0,0.0
23841,79.6,0.0,0.0,0.0,0.0
23842,73.23,0.0,0.0,0.0,0.0
23843,62.27,0.0,0.0,0.0,0.0
23844,87.92,0.0,0.0,0.0,0.0
23845,78.61,0.0,0.0,0.0,0.0
23846,86.39,0.0,0.0,0.0,0.0
23847,98.32,0.0,0.0,0.0,0.0
23848,112.67,0.0,0.0,0.0,0.0
23849,107.69,0.0,0.0,0.0,0.0
23850,98.74,0.0,0.0,0.0,0.0
23851,110.07,0.0,0.0,0.0,0.0
23852,122.27,0.0,0.0,0.0,0.0
23853,130.46,0.0,0.0,0.0,0.0
23854,133.97,0.0,0.0,0.0,0.0
23855,162.34,0.0,0.0,0.0,0.0
23856,167.52,0.0,0.0,0.0,0.0
23857,210.51,0.0,0.0,0.0,0.0
23858,181.82,0.0,0.0,0.0,0.0
23859,186.21,0.0,0.0,0.0,0.0
23860,196.07,0.0,0.0,0.0,0.0
23861,186.38,0.0,0.0,0.0,0.0
23862,192.78,0.0,0.0,0.0,0.0
23863,184.09,0.0,0.0,0.0,0.0
23864,205.27,0.0,0.0,0.0,0.0
23865,194.71,0.0,0.0,0.0,0.0
23866,213.03,0.0,0.0,0.0,0.0
23867,200.43,0.0,0.0,0.0,0.0
23868,174.8,0.0,0.0,0.0,0.0
23869,214.73,0.0,0.0,0.0,0.0
23870,203.31,0.0,0.0,0.0,0.0
23871,200.62,0.0,0.0,0.0,0.0
23872,217.05,0.0,0.0,0.0,0.0
23873,198.22,0.0,0.0,0.0,0.0
23874,206.68,0.0,0.0,0.0,0.0
23875,242.11,0.0,0.0,0.0,0.0
23876,153.31,0.0,0.0,0.0,0.0
23877,193.66,0.0,0.0,0.0,0.0
23878,199.32,0.0,0.0,0.0,0.0
23879,206.01,0.0,0.0,0.0,0.0
23880,215.15,0.0,0.0,0.0,0.0
23881,179.33,0.0,0.0,0.0,0.0
23882,215.97,0.0,0.0,0.0,0.0
23883,216.06,0.0,0.0,0.0,0.0
23884,205.41,0.0,0.0,0.0,0.0
23885,194.06,0.0,0.0,0.0,0.0
23886,193.72,0.0,0.0,0.0,0.0
23887,198.19,0.0,0.0,0.0,0.0
23888,189.98,0.0,0.0,0.0,0.0
23889,209.91,0.0,0.0,0.0,0.0
23890,196.26,0.0,0.0,0.0,0.0
23891,184.65,0.0,0.0,0.0,0.0
23892,190.71,0.0,0.0,0.0,0.0
23893,173.24,0.0,0.0,0.0,0.0
23894,176.13,0.0,0.0,0.0,0.0
23895,169.9,0.0,0.0,0.0,0.0
23896,184.43,0.0,0.0,0.0,0.0
23897,188.17,0.0,0.0,0.0,0.0
23898,178.11,0.0,0.0,0.0,0.0
23899,180.49,0.0,0.0,0.0,0.0
23900,189.89,0.0,0.0,0.0,0.0
23901,162.57,0.0,0.0,0.0,0.0
23902,163.7,0.0,0.0,0.0,0.0
23903,170.98,0.0,0.0,0.0,0.0
23904,159.79,0.0,0.0,0.0,0.0
23905,176.95,0.0,0.0,0.0,0.0
23906,167.95,0.0,0.0,0.0,0.0
23907,193.55,0.0,0.0,0.0,0.0
23908,180.58,0.0,0.0,0.0,0.0
23909,168.17,0.0,0.0,0.0,0.0
23910,168.88,0.0,0.0,0.0,0.0
23911,174.91,0.0,0.0,0.0,0.0
23912,159.96,0.0,0.0,0.0,0.0
23913,163.05,0.0,0.0,0.0,0.0
23914,179.81,0.0,0.0,0.0,0.0
23915,157.98,0.0,0.0,0.0,0.0
23916,166.56,0.0,0.0,0.0,0.0
23917,159.79,0.0,0.0,0.0,0.0
23918,163.84,0.0,0.0,0.0,0.0
23919,159.91,0.0,0.0,0.0,0.0
23920,169.67,0.0,0.0,0.0,0.0
23921,163.64,0.0,0.0,0.0,0.0
23922,142.92,0.0,0.0,0.0,0.0
23923,142.55,0.0,0.0,0.0,0.0
23924,152.66,0.0,0.0,0.0,0.0
23925,162.11,0.0,0.0,0.0,0.0
23926,179.44,0.0,0.0,0.0,0.0
23927,167.32,0.0,0.0,0.0,0.0
23928,168.34,0.0,0.0,0.0,0.0
23929,159.06,0.0,0.0,0.0,0.0
23930,166.02,0.0,0.0,0.0,0.0
23931,154.53,0.0,0.0,0.0,0.0
23932,163.33,0.0,0.0,0.0,0.0
23933,170.95,0.0,0.0,0.0,0.0
23934,176.39,0.0,0.0,0.0,0.0
23935,165.63,0.0,0.0,0.0,0.0
23936,173.04,0.0,0.0,0.0,0.0
23937,162.28,0.0,0.0,0.0,0.0
23938,161.21,0.0,0.0,0.0,0.0
23939,162.79,0.0,0.0,0.0,0.0
23940,166.93,0.0,0.0,0.0,0.0
23941,141.61,0.0,0.0,0.0,0.0
23942,168.91,0.0,0.0,0.0,0.0
23943,137.05,0.0,0.0,0.0,0.0
23944,151.98,0.0,0.0,0.0,0.0
23945,161.21,0.0,0.0,0.0,0.0
23946,148.38,0.0,0.0,0.0,0.0
23947,148.38,0.0,0.0,0.0,0.0
23948,158.09,0.0,0.0,0.0,0.0
23949,157.41,0.0,0.0,0.0,0.0
23950,149.51,0.0,0.0,0.0,0.0
23951,171.52,0.0,0.0,0.0,0.0
23952,155.01,0.0,0.0,0.0,0.0
23953,153.99,0.0,0.0,0.0,0.0
23954,150.45,0.0,0.0,0.0,0.0
23955,154.95,0.0,0.0,0.0,0.0
23956,161.21,0.0,0.0,0.0,0.0
23957,146.88,0.0,0.0,0.0,0.0
23958,150.45,0.0,0.0,0.0,0.0
23959,153.17,0.0,0.0,0.0,0.0
23960,152.83,0.0,0.0,0.0,0.0
23961,153.56,0.0,0.0,0.0,0.0
23962,151.01,0.0,0.0,0.0,0.0
23963,142.46,0.0,0.0,0.0,0.0
23964,151.41,0.0,0.0,0.0,0.0
23965,144.53,0.0,0.0,0.0,0.0
23966,151.5,0.0,0.0,0.0,0.0
23967,180.35,0.0,0.0,0.0,0.0
23968,168.57,0.0,0.0,0.0,0.0
23969,148.92,0.0,0.0,0.0,0.0
23970,152.57,0.0,0.0,0.0,0.0
23971,131.16,0.0,0.0,0.0,0.0
23972,152.0,0.0,0.0,0.0,0.0
23973,145.8,0.0,0.0,0.0,0.0
23974,159.57,0.0,0.0,0.0,0.0
23975,159.93,0.0,0.0,0.0,0.0
23976,132.95,0.0,0.0,0.0,0.0
23977,169.7,0.0,0.0,0.0,0.0
23978,152.37,0.0,0.0,0.0,0.0
23979,149.4,0.0,0.0,0.0,0.0
23980,131.81,0.0,0.0,0.0,0.0
23981,154.19,0.0,0.0,0.0,0.0
23982,155.57,0.0,0.0,0.0,0.0
23983,139.26,0.0,0.0,0.0,0.0
23984,151.3,0.0,0.0,0.0,0.0
23985,139.09,0.0,0.0,0.0,0.0
23986,153.17,0.0,0.0,0.0,0.0
23987,161.12,0.0,0.0,0.0,0.0
23988,163.98,0.0,0.0,0.0,0.0
23989,156.76,0.0,0.0,0.0,0.0
23990,172.7,0.0,0.0,0.0,0.0
23991,158.57,0.0,0.0,0.0,0.0
23992,160.64,0.0,0.0,0.0,0.0
23993,139.77,0.0,0.0,0.0,0.0
23994,171.57,0.0,0.0,0.0,0.0
23995,178.06,0.0,0.0,0.0,0.0
23996,152.83,0.0,0.0,0.0,0.0
23997,164.27,0.0,0.0,0.0,0.0
23998,177.55,0.0,0.0,0.0,0.0
23999,144.47,0.0,0.0,0.0,0.0
24000,134.02,0.0,0.0,0.0,0.0
24001,136.66,0.0,0.0,0.0,0.0
24002,137.79,0.0,0.0,0.0,0.0
24003,142.6,0.0,0.0,0.0,0.0
24004,169.19,0.0,0.0,0.0,0.0
24005,151.18,0.0,0.0,0.0,0.0
24006,137.25,0.0,0.0,0.0,0.0
24007,143.11,0.0,0.0,0.0,0.0
24008,167.27,0.0,0.0,0.0,0.0
24009,151.33,0.0,0.0,0.0,0.0
24010,160.5,0.0,0.0,0.0,0.0
24011,138.87,0.0,0.0,0.0,0.0
24012,141.92,0.0,0.0,0.0,0.0
24013,154.61,0.0,0.0,0.0,0.0
24014,141.33,0.0,0.0,0.0,0.0
24015,161.43,0.0,0.0,0.0,0.0
24016,160.84,0.0,0.0,0.0,0.0
24017,159.93,0.0,0.0,0.0,0.0
24018,147.87,0.0,0.0,0.0,0.0
24019,159.96,0.0,0.0,0.0,0.0
24020,162.31,0.0,0.0,0.0,0.0
24021,181.77,0.0,0.0,0.0,0.0
24022,180.49,0.0,0.0,0.0,0.0
24023,162.82,0.0,0.0,0.0,0.0
24024,159.57,0.0,0.0,0.0,0.0
24025,157.41,0.0,0.0,0.0,0.0
24026,172.28,0.0,0.0,0.0,0.0
24027,165.46,0.0,0.0,0.0,0.0
24028,159.11,0.0,0.0,0.0,0.0
24029,141.44,0.0,0.0,0.0,0.0
24030,157.44,0.0,0.0,0.0,0.0
24031,162.74,0.0,0.0,0.0,0.0
24032,146.26,0.0,0.0,0.0,0.0
24033,155.83,0.0,0.0,0.0,0.0
24034,173.61,0.0,0.0,0.0,0.0
24035,135.24,0.0,0.0,0.0,0.0
24036,113.83,0.0,0.0,0.0,0.0
24037,131.56,0.0,0.0,0.0,0.0
24038,125.76,0.0,0.0,0.0,0.0
24039,133.4,0.0,0.0,0.0,0.0
24040,119.44,0.0,0.0,0.0,0.0
24041,125.84,0.0,0.0,0.0,0.0
24042,102.71,0.0,0.0,0.0,0.0
24043,130.57,0.0,0.0,0.0,0.0
24044,135.18,0.0,0.0,0.0,0.0
24045,132.72,0.0,0.0,0.0,0.0
24046,120.29,0.0,0.0,0.0,0.0
24047,123.21,0.0,0.0,0.0,0.0
24048,141.9,0.0,0.0,0.0,0.0
24049,114.63,0.0,0.0,0.0,0.0
24050,134.22,0.0,0.0,0.0,0.0
24051,122.92,0.0,0.0,0.0,0.0
24052,126.18,0.0,0.0,0.0,0.0
24053,126.86,0.0,0.0,0.0,0.0
24054,127.65,0.0,0.0,0.0,0.0
24055,140.88,0.0,0.0,0.0,0.0
24056,117.94,0.0,0.0,0.0,0.0
24057,119.1,0.0,0.0,0.0,0.0
24058,121.22,0.0,0.0,0.0,0.0
24059,121.99,0.0,0.0,0.0,0.0
24060,113.78,0.0,0.0,0.0,0.0
24061,89.76,0.0,0.0,0.0,0.0
24062,115.33,0.0,0.0,0.0,0.0
24063,105.82,0.0,0.0,0.0,0.0
24064,110.44,0.0,0.0,0.0,0.0
24065,104.35,0.0,0.0,0.0,0.0
24066,98.57,0.0,0.0,0.0,0.0
24067,100.64,0.0,0.0,0.0,0.0
24068,101.74,0.0,0.0,0.0,0.0
24069,115.02,0.0,0.0,0.0,0.0
24070,114.54,0.0,0.0,0.0,0.0
24071,98.88,0.0,0.0,0.0,0.0
24072,102.08,0.0,0.0,0.0,0.0
24073,107.49,0.0,0.0,0.0,0.0
24074,101.15,0.0,0.0,0.0,0.0
24075,106.78,0.0,0.0,0.0,0.0
24076,116.67,0.0,0.0,0.0,0.0
24077,101.86,0.0,0.0,0.0,0.0
24078,119.87,0.0,0.0,0.0,0.0
24079,89.2,0.0,0.0,0.0,0.0
24080,71.1,0.0,0.0,0.0,0.0
24081,102.05,0.0,0.0,0.0,0.0
24082,106.36,0.0,0.0,0.0,0.0
24083,119.95,0.0,0.0,0.0,0.0
24084,100.95,0.0,0.0,0.0,0.0
24085,94.83,0.0,0.0,0.0,0.0
24086,93.11,0.0,0.0,0.0,0.0
24087,91.15,0.0,0.0,0.0,0.0
24088,88.6,0.0,0.0,0.0,0.0
24089,96.39,0.0,0.0,0.0,0.0
24090,108.93,0.0,0.0,0.0,0.0
24091,121.62,0.0,0.0,0.0,0.0
24092,117.2,0.0,0.0,0.0,0.0
24093,94.21,0.0,0.0,0.0,0.0
24094,102.68,0.0,0.0,0.0,0.0
24095,99.02,0.0,0.0,0.0,0.0
24096,77.14,0.0,0.0,0.0,0.0
24097,96.59,0.0,0.0,0.0,0.0
24098,100.69,0.0,0.0,0.0,0.0
24099,94.75,0.0,0.0,0.0,0.0
24100,108.96,0.0,0.0,0.0,0.0
24101,67.62,0.0,0.0,0.0,0.0
24102,62.92,0.0,0.0,0.0,0.0
24103,91.61,0.0,0.0,0.0,0.0
24104,84.02,0.0,0.0,0.0,0.0
24105,83.76,0.0,0.0,0.0,0.0
24106,84.21,0.0,0.0,0.0,0.0
24107,80.73,0.0,0.0,0.0,0.0
24108,72.86,0.0,0.0,0.0,0.0
24109,72.77,0.0,0.0,0.0,0.0
24110,76.26,0.0,0.0,0.0,0.0
24111,57.2,0.0,0.0,0.0,0.0
24112,58.28,0.0,0.0,0.0,0.0
24113,61.59,0.0,0.0,0.0,0.0
24114,62.95,0.0,0.0,0.0,0.0
24115,62.27,0.0,0.0,0.0,0.0
24116,63.57,0.0,0.0,0.0,0.0
24117,74.22,0.0,0.0,0.0,0.0
24118,79.0,0.0,0.0,0.0,0.0
24119,49.84,0.0,0.0,0.0,0.0
24120,39.13,0.0,0.0,0.0,0.0
24121,52.41,0.0,0.0,0.0,0.0
24122,49.64,0.0,0.0,0.0,0.0
24123,23.42,0.0,0.0,0.0,0.0
24124,30.3,0.0,0.0,0.0,0.0
24125,31.09,0.0,0.0,0.0,0.0
24126,27.24,0.0,0.0,0.0,0.0
24127,3.09,0.0,0.0,0.0,0.0
24128,11.33,0.0,0.0,0.0,0.0
24129,21.58,0.0,0.0,0.0,0.0
24130,21.63,0.0,0.0,0.0,0.0
24131,24.55,0.0,0.0,0.0,0.0
24132,100.04,0.0,0.0,0.0,0.0
24133,50.52,0.0,0.0,0.0,0.0
24134,30.36,0.0,0.0,0.0,0.0
24135,30.5,0.0,0.0,0.0,0.0
24136,13.9,0.0,0.0,0.0,0.0
24137,11.13,0.0,0.0,0.0,0.0
24138,31.43,0.0,0.0,0.0,0.0
24139,32.08,0.0,0.0,0.0,0.0
24140,62.07,0.0,0.0,0.0,0.0
24141,63.26,0.0,0.0,0.0,0.0
24142,61.33,0.0,0.0,0.0,0.0
24143,59.07,0.0,0.0,0.0,0.0
24144,68.33,0.0,0.0,0.0,0.0
24145,86.0,0.0,0.0,0.0,0.0
24146,97.75,0.0,0.0,0.0,0.0
24147,94.18,0.0,0.0,0.0,0.0
24148,76.82,0.0,0.0,0.0,0.0
24149,65.75,0.0,0.0,0.0,0.0
24150,78.04,0.0,0.0,0.0,0.0
24151,80.73,0.0,0.0,0.0,0.0
24152,77.11,0.0,0.0,0.0,0.0
24153,66.86,0.0,0.0,0.0,0.0
24154,59.75,0.0,0.0,0.0,0.0
24155,53.83,0.0,0.0,0.0,0.0
24156,89.2,0.0,0.0,0.0,0.0
24157,84.44,0.0,0.0,0.0,0.0
24158,91.8,0.0,0.0,0.0,0.0
24159,66.94,0.0,0.0,0.0,0.0
24160,75.55,0.0,0.0,0.0,0.0
24161,73.34,0.0,0.0,0.0,0.0
24162,77.16,0.0,0.0,0.0,0.0
24163,87.95,0.0,0.0,0.0,0.0
24164,76.57,0.0,0.0,0.0,0.0
24165,75.12,0.0,0.0,0.0,0.0
24166,85.01,0.0,0.0,0.0,0.0
24167,67.42,0.0,0.0,0.0,0.0
24168,66.63,0.0,0.0,0.0,0.0
24169,43.78,0.0,0.0,0.0,0.0
24170,62.95,0.0,0.0,0.0,0.0
24171,58.87,0.0,0.0,0.0,0.0
24172,33.39,0.0,0.0,0.0,0.0
24173,68.16,0.0,0.0,0.0,0.0
24174,27.61,0.0,0.0,0.0,0.0
24175,33.92,0.0,0.0,0.0,0.0
24176,23.59,0.0,0.0,0.0,0.0
24177,15.86,0.0,0.0,0.0,0.0
24178,11.36,0.0,0.0,0.0,0.0
24179,15.6,0.0,0.0,0.0,0.0
24180,12.6,0.0,0.0,0.0,0.0
24181,35.74,0.0,0.0,0.0,0.0
24182,53.29,0.0,0.0,0.0,0.0
24183,87.7,0.0,0.0,0.0,0.0
24184,495.97,0.0,0.0,0.0,0.0
24185,488.15,0.0,0.0,0.0,0.0
24186,478.21,0.0,0.0,0.0,0.0
24187,483.88,0.0,0.0,0.0,0.0
24188,482.35,0.0,0.0,0.0,0.0
24189,416.8,0.0,0.0,0.0,0.0
24190,390.4,0.0,0.0,0.0,0.0
24191,329.55,0.0,0.0,0.0,0.0
24192,278.89,0.0,0.0,0.0,0.0
24193,191.37,0.0,0.0,0.0,0.0
24194,120.26,0.0,0.0,0.0,0.0
24195,122.53,0.0,0.0,0.0,0.0
24196,214.27,0.0,0.0,0.0,0.0
24197,160.02,0.0,0.0,0.0,0.0
24198,129.8,0.0,0.0,0.0,0.0
24199,98.37,0.0,0.0,0.0,0.0
24200,154.61,0.0,0.0,0.0,0.0
24201,135.55,0.0,0.0,0.0,0.0
24202,132.47,0.0,0.0,0.0,0.0
24203,143.34,0.0,0.0,0.0,0.0
24204,145.1,0.0,0.0,0.0,0.0
24205,131.5,0.0,0.0,0.0,0.0
24206,102.56,0.0,0.0,0.0,0.0
24207,135.89,0.0,0.0,0.0,0.0
24208,96.31,0.0,0.0,0.0,0.0
24209,126.35,0.0,0.0,0.0,0.0
24210,119.75,0.0,0.0,0.0,0.0
24211,132.92,0.0,0.0,0.0,0.0
24212,127.2,0.0,0.0,0.0,0.0
24213,125.78,0.0,0.0,0.0,0.0
24214,134.79,0.0,0.0,0.0,0.0
24215,138.38,0.0,0.0,0.0,0.0
24216,126.52,0.0,0.0,0.0,0.0
24217,136.66,0.0,0.0,0.0,0.0
24218,113.98,0.0,0.0,0.0,0.0
24219,128.42,0.0,0.0,0.0,0.0
24220,141.07,0.0,0.0,0.0,0.0
24221,135.38,0.0,0.0,0.0,0.0
24222,136.43,0.0,0.0,0.0,0.0
24223,133.32,0.0,0.0,0.0,0.0
24224,127.65,0.0,0.0,0.0,0.0
24225,128.84,0.0,0.0,0.0,0.0
24226,124.06,0.0,0.0,0.0,0.0
24227,134.7,0.0,0.0,0.0,0.0
24228,148.44,0.0,0.0,0.0,0.0
24229,144.13,0.0,0.0,0.0,0.0
24230,153.62,0.0,0.0,0.0,0.0
24231,153.0,0.0,0.0,0.0,0.0
24232,157.92,0.0,0.0,0.0,0.0
24233,169.16,0.0,0.0,0.0,0.0
24234,165.8,0.0,0.0,0.0,0.0
24235,154.67,0.0,0.0,0.0,0.0
24236,159.37,0.0,0.0,0.0,0.0
24237,177.01,0.0,0.0,0.0,0.0
24238,166.93,0.0,0.0,0.0,0.0
24239,166.79,0.0,0.0,0.0,0.0
24240,164.8,0.0,0.0,0.0,0.0
24241,165.74,0.0,0.0,0.0,0.0
24242,162.11,0.0,0.0,0.0,0.0
24243,164.24,0.0,0.0,0.0,0.0
24244,177.38,0.0,0.0,0.0,0.0
24245,173.41,0.0,0.0,0.0,0.0
24246,183.83,0.0,0.0,0.0,0.0
24247,171.85,0.0,0.0,0.0,0.0
24248,167.44,0.0,0.0,0.0,0.0
24249,160.08,0.0,0.0,0.0,0.0
24250,172.08,0.0,0.0,0.0,0.0
24251,183.35,0.0,0.0,0.0,0.0
24252,165.03,0.0,0.0,0.0,0.0
24253,135.81,0.0,0.0,0.0,0.0
24254,178.31,0.0,0.0,0.0,0.0
24255,157.75,0.0,0.0,0.0,0.0
24256,180.35,0.0,0.0,0.0,0.0
24257,157.1,0.0,0.0,0.0,0.0
24258,183.44,0.0,0.0,0.0,0.0
24259,195.07,0.0,0.0,0.0,0.0
24260,205.55,0.0,0.0,0.0,0.0
24261,206.37,0.0,0.0,0.0,0.0
24262,194.68,0.0,0.0,0.0,0.0
24263,212.46,0.0,0.0,0.0,0.0
24264,206.68,0.0,0.0,0.0,0.0
24265,211.78,0.0,0.0,0.0,0.0
24266,215.63,0.0,0.0,0.0,0.0
24267,211.58,0.0,0.0,0.0,0.0
24268,226.14,0.0,0.0,0.0,0.0
24269,216.14,0.0,0.0,0.0,0.0
24270,208.67,0.0,0.0,0.0,0.0
24271,202.32,0.0,0.0,0.0,0.0
24272,214.19,0.0,0.0,0.0,0.0
24273,206.83,0.0,0.0,0.0,0.0
24274,216.57,0.0,0.0,0.0,0.0
24275,212.4,0.0,0.0,0.0,0.0
24276,234.15,0.0,0.0,0.0,0.0
24277,236.19,0.0,0.0,0.0,0.0
24278,236.64,0.0,0.0,0.0,0.0
24279,240.98,0.0,0.0,0.0,0.0
24280,213.4,0.0,0.0,0.0,0.0
24281,221.15,0.0,0.0,0.0,0.0
24282,235.4,0.0,0.0,0.0,0.0
24283,233.27,0.0,0.0,0.0,0.0
24284,217.87,0.0,0.0,0.0,0.0
24285,214.5,0.0,0.0,0.0,0.0
24286,220.87,0.0,0.0,0.0,0.0
24287,207.02,0.0,0.0,0.0,0.0
24288,215.8,0.0,0.0,0.0,0.0
24289,242.9,0.0,0.0,0.0,0.0
24290,236.59,0.0,0.0,0.0,0.0
24291,218.92,0.0,0.0,0.0,0.0
24292,232.51,0.0,0.0,0.0,0.0
24293,229.28,0.0,0.0,0.0,0.0
24294,218.1,0.0,0.0,0.0,0.0
24295,237.75,0.0,0.0,0.0,0.0
24296,247.29,0.0,0.0,0.0,0.0
24297,236.87,0.0,0.0,0.0,0.0
24298,254.54,0.0,0.0,0.0,0.0
24299,265.22,0.0,0.0,0.0,0.0
24300,246.02,0.0,0.0,0.0,0.0
24301,250.09,0.0,0.0,0.0,0.0
24302,229.37,0.0,0.0,0.0,0.0
24303,249.67,0.0,0.0,0.0,0.0
24304,234.38,0.0,0.0,0.0,0.0
24305,234.97,0.0,0.0,0.0,0.0
24306,242.53,0.0,0.0,0.0,0.0
24307,242.36,0.0,0.0,0.0,0.0
24308,244.94,0.0,0.0,0.0,0.0
24309,257.85,0.0,0.0,0.0,0.0
24310,261.11,0.0,0.0,0.0,0.0
24311,260.71,0.0,0.0,0.0,0.0
24312,249.53,0.0,0.0,0.0,0.0
24313,252.9,0.0,0.0,0.0,0.0
24314,260.26,0.0,0.0,0.0,0.0
24315,261.14,0.0,0.0,0.0,0.0
24316,260.06,0.0,0.0,0.0,0.0
24317,261.42,0.0,0.0,0.0,0.0
24318,251.91,0.0,0.0,0.0,0.0
24319,248.88,0.0,0.0,0.0,0.0
24320,255.08,0.0,0.0,0.0,0.0
24321,254.14,0.0,0.0,0.0,0.0
24322,256.69,0.0,0.0,0.0,0.0
24323,253.07,0.0,0.0,0.0,0.0
24324,261.93,0.0,0.0,0.0,0.0
24325,256.83,0.0,0.0,0.0,0.0
24326,251.34,0.0,0.0,0.0,0.0
24327,258.76,0.0,0.0,0.0,0.0
24328,259.81,0.0,0.0,0.0,0.0
24329,259.33,0.0,0.0,0.0,0.0
24330,249.7,0.0,0.0,0.0,0.0
24331,258.59,0.0,0.0,0.0,0.0
24332,269.15,0.0,0.0,0.0,0.0
24333,251.79,0.0,0.0,0.0,0.0
24334,239.9,0.0,0.0,0.0,0.0
24335,259.3,0.0,0.0,0.0,0.0
24336,257.23,0.0,0.0,0.0,0.0
24337,253.21,0.0,0.0,0.0,0.0
24338,255.59,0.0,0.0,0.0,0.0
24339,242.39,0.0,0.0,0.0,0.0
24340,256.27,0.0,0.0,0.0,0.0
24341,246.33,0.0,0.0,0.0,0.0
24342,236.93,0.0,0.0,0.0,0.0
24343,248.03,0.0,0.0,0.0,0.0
24344,252.61,0.0,0.0,0.0,0.0
24345,266.07,0.0,0.0,0.0,0.0
24346,264.31,0.0,0.0,0.0,0.0
24347,268.39,0.0,0.0,0.0,0.0
24348,272.72,0.0,0.0,0.0,0.0
24349,269.49,0.0,0.0,0.0,0.0
24350,266.74,0.0,0.0,0.0,0.0
24351,258.59,0.0,0.0,0.0,0.0
24352,251.91,0.0,0.0,0.0,0.0
24353,245.2,0.0,0.0,0.0,0.0
24354,250.07,0.0,0.0,0.0,0.0
24355,273.43,0.0,0.0,0.0,0.0
24356,240.55,0.0,0.0,0.0,0.0
24357,255.84,0.0,0.0,0.0,0.0
24358,235.2,0.0,0.0,0.0,0.0
24359,213.45,0.0,0.0,0.0,0.0
24360,236.02,0.0,0.0,0.0,0.0
24361,225.32,0.0,0.0,0.0,0.0
24362,215.46,0.0,0.0,0.0,0.0
24363,223.14,0.0,0.0,0.0,0.0
24364,226.19,0.0,0.0,0.0,0.0
24365,216.79,0.0,0.0,0.0,0.0
24366,228.18,0.0,0.0,0.0,0.0
24367,236.98,0.0,0.0,0.0,0.0
24368,221.13,0.0,0.0,0.0,0.0
24369,229.0,0.0,0.0,0.0,0.0
24370,203.46,0.0,0.0,0.0,0.0
24371,214.22,0.0,0.0,0.0,0.0
24372,201.33,0.0,0.0,0.0,0.0
24373,205.33,0.0,0.0,0.0,0.0
24374,200.31,0.0,0.0,0.0,0.0
24375,208.38,0.0,0.0,0.0,0.0
24376,185.73,0.0,0.0,0.0,0.0
24377,189.18,0.0,0.0,0.0,0.0
24378,179.64,0.0,0.0,0.0,0.0
24379,189.75,0.0,0.0,0.0,0.0
24380,188.76,0.0,0.0,0.0,0.0
24381,178.08,0.0,0.0,0.0,0.0
24382,183.01,0.0,0.0,0.0,0.0
24383,196.58,0.0,0.0,0.0,0.0
24384,183.18,0.0,0.0,0.0,0.0
24385,185.36,0.0,0.0,0.0,0.0
24386,166.08,0.0,0.0,0.0,0.0
24387,140.25,0.0,0.0,0.0,0.0
24388,171.6,0.0,0.0,0.0,0.0
24389,171.85,0.0,0.0,0.0,0.0
24390,165.94,0.0,0.0,0.0,0.0
24391,179.1,0.0,0.0,0.0,0.0
24392,177.69,0.0,0.0,0.0,0.0
24393,164.58,0.0,0.0,0.0,0.0
24394,175.0,0.0,0.0,0.0,0.0
24395,156.99,0.0,0.0,0.0,0.0
24396,174.55,0.0,0.0,0.0,0.0
24397,170.67,0.0,0.0,0.0,0.0
24398,147.02,0.0,0.0,0.0,0.0
24399,136.26,0.0,0.0,0.0,0.0
24400,150.19,0.0,0.0,0.0,0.0
24401,163.93,0.0,0.0,0.0,0.0
24402,162.34,0.0,0.0,0.0,0.0
24403,157.13,0.0,0.0,0.0,0.0
24404,151.98,0.0,0.0,0.0,0.0
24405,136.4,0.0,0.0,0.0,0.0
24406,136.4,0.0,0.0,0.0,0.0
24407,135.67,0.0,0.0,0.0,0.0
24408,114.88,0.0,0.0,0.0,0.0
24409,109.33,0.0,0.0,0.0,0.0
24410,155.03,0.0,0.0,0.0,0.0
24411,124.23,0.0,0.0,0.0,0.0
24412,139.57,0.0,0.0,0.0,0.0
24413,136.06,0.0,0.0,0.0,0.0
24414,120.54,0.0,0.0,0.0,0.0
24415,117.01,0.0,0.0,0.0,0.0
24416,112.84,0.0,0.0,0.0,0.0
24417,132.13,0.0,0.0,0.0,0.0
24418,125.42,0.0,0.0,0.0,0.0
24419,124.23,0.0,0.0,0.0,0.0
24420,111.79,0.0,0.0,0.0,0.0
24421,103.92,0.0,0.0,0.0,0.0
24422,113.72,0.0,0.0,0.0,0.0
24423,121.17,0.0,0.0,0.0,0.0
24424,135.38,0.0,0.0,0.0,0.0
24425,130.4,0.0,0.0,0.0,0.0
24426,140.11,0.0,0.0,0.0,0.0
24427,141.73,0.0,0.0,0.0,0.0
24428,130.54,0.0,0.0,0.0,0.0
24429,113.92,0.0,0.0,0.0,0.0
24430,120.26,0.0,0.0,0.0,0.0
24431,123.97,0.0,0.0,0.0,0.0
24432,123.38,0.0,0.0,0.0,0.0
24433,132.32,0.0,0.0,0.0,0.0
24434,131.45,0.0,0.0,0.0,0.0
24435,117.77,0.0,0.0,0.0,0.0
24436,126.32,0.0,0.0,0.0,0.0
24437,122.92,0.0,0.0,0.0,0.0
24438,125.36,0.0,0.0,0.0,0.0
24439,120.01,0.0,0.0,0.0,0.0
24440,125.25,0.0,0.0,0.0,0.0
24441,135.33,0.0,0.0,0.0,0.0
24442,116.72,0.0,0.0,0.0,0.0
24443,118.39,0.0,0.0,0.0,0.0
24444,131.11,0.0,0.0,0.0,0.0
24445,129.41,0.0,0.0,0.0,0.0
24446,116.75,0.0,0.0,0.0,0.0
24447,114.8,0.0,0.0,0.0,0.0
24448,115.76,0.0,0.0,0.0,0.0
24449,140.99,0.0,0.0,0.0,0.0
24450,144.02,0.0,0.0,0.0,0.0
24451,133.66,0.0,0.0,0.0,0.0
24452,116.84,0.0,0.0,0.0,0.0
24453,97.78,0.0,0.0,0.0,0.0
24454,112.25,0.0,0.0,0.0,0.0
24455,112.13,0.0,0.0,0.0,0.0
24456,46.92,0.0,0.0,0.0,0.0
24457,69.26,0.0,0.0,0.0,0.0
24458,79.32,0.0,0.0,0.0,0.0
24459,81.3,0.0,0.0,0.0,0.0
24460,75.21,0.0,0.0,0.0,0.0
24461,96.9,0.0,0.0,0.0,0.0
24462,216.11,0.0,0.0,0.0,0.0
24463,222.54,0.0,0.0,0.0,0.0
24464,263.83,0.0,0.0,0.0,0.0
24465,279.37,0.0,0.0,0.0,0.0
24466,260.12,0.0,0.0,0.0,0.0
24467,264.65,0.0,0.0,0.0,0.0
24468,232.4,0.0,0.0,0.0,0.0
24469,245.85,0.0,0.0,0.0,0.0
24470,260.26,0.0,0.0,0.0,0.0
24471,238.68,0.0,0.0,0.0,0.0
24472,211.3,0.0,0.0,0.0,0.0
24473,163.25,0.0,0.0,0.0,0.0
24474,154.81,0.0,0.0,0.0,0.0
24475,134.9,0.0,0.0,0.0,0.0
24476,96.31,0.0,0.0,0.0,0.0
24477,109.44,0.0,0.0,0.0,0.0
24478,121.34,0.0,0.0,0.0,0.0
24479,237.89,0.0,0.0,0.0,0.0
24480,326.13,0.0,0.0,0.0,0.0
24481,278.1,0.0,0.0,0.0,0.0
24482,259.33,0.0,0.0,0.0,0.0
24483,340.6,0.0,0.0,0.0,0.0
24484,927.57,0.0,0.0,0.0,0.0
24485,951.25,0.0,0.0,0.0,0.0
24486,942.95,0.0,0.0,0.0,0.0
24487,944.0,0.0,0.0,0.0,0.0
24488,924.01,0.0,0.0,0.0,0.0
24489,944.57,0.0,0.0,0.0,0.0
24490,819.94,0.0,0.0,0.0,0.0
24491,747.9,0.0,0.0,0.0,0.0
24492,696.59,0.0,0.0,0.0,0.0
24493,717.69,0.0,0.0,0.0,0.0
24494,701.13,0.0,0.0,0.0,0.0
24495,762.86,0.0,0.0,0.0,0.0
24496,701.24,0.0,0.0,0.0,0.0
24497,776.33,0.0,0.0,0.0,0.0
24498,788.94,0.0,0.0,0.0,0.0
24499,749.01,0.0,0.0,0.0,0.0
24500,649.08,0.0,0.0,0.0,0.0
24501,609.1,0.0,0.0,0.0,0.0
24502,599.16,0.0,0.0,0.0,0.0
24503,610.6,0.0,0.0,0.0,0.0
24504,598.7,0.0,0.0,0.0,0.0
24505,564.38,0.0,0.0,0.0,0.0
24506,611.05,0.0,0.0,0.0,0.0
24507,599.69,0.0,0.0,0.0,0.0
24508,613.14,0.0,0.0,0.0,0.0
24509,760.76,0.0,0.0,0.0,0.0
24510,658.96,0.0,0.0,0.0,0.0
24511,537.03,0.0,0.0,0.0,0.0
24512,463.66,0.0,0.0,0.0,0.0
24513,1019.41,0.0,0.0,0.0,0.0
24514,1399.53,0.0,0.0,0.0,0.0
24515,1672.87,0.0,0.0,0.0,0.0
24516,1913.68,0.0,0.0,0.0,0.0
24517,2112.58,0.0,0.0,0.0,0.0
24518,1846.34,0.0,0.0,0.0,0.0
24519,1326.64,0.0,0.0,0.0,0.0
24520,1559.89,0.0,0.0,0.0,0.0
24521,1362.07,0.0,0.0,0.0,0.0
24522,1274.48,0.0,0.0,0.0,0.0
24523,676.09,0.0,0.0,0.0,0.0
24524,824.93,0.0,0.0,0.0,0.0
24525,1603.78,0.0,0.0,0.0,0.0
24526,1858.77,0.0,0.0,0.0,0.0
24527,1955.5,0.0,0.0,0.0,0.0
24528,1934.81,0.0,0.0,0.0,0.0
24529,1912.15,0.0,0.0,0.0,0.0
24530,1881.2,0.0,0.0,0.0,0.0
24531,1894.0,0.0,0.0,0.0,0.0
24532,1834.0,0.0,0.0,0.0,0.0
24533,1574.87,0.0,0.0,0.0,0.0
24534,1363.23,0.0,0.0,0.0,0.0
24535,1176.37,0.0,0.0,0.0,0.0
24536,956.57,0.0,0.0,0.0,0.0
24537,839.17,0.0,0.0,0.0,0.0
24538,646.13,0.0,0.0,0.0,0.0
24539,530.35,0.0,0.0,0.0,0.0
24540,461.05,0.0,0.0,0.0,0.0
24541,384.15,0.0,0.0,0.0,0.0
24542,324.11,0.0,0.0,0.0,0.0
24543,271.81,0.0,0.0,0.0,0.0
24544,217.11,0.0,0.0,0.0,0.0
24545,241.34,0.0,0.0,0.0,0.0
24546,205.16,0.0,0.0,0.0,0.0
24547,172.14,0.0,0.0,0.0,0.0
24548,183.97,0.0,0.0,0.0,0.0
24549,181.57,0.0,0.0,0.0,0.0
24550,189.81,0.0,0.0,0.0,0.0
24551,186.66,0.0,0.0,0.0,0.0
24552,169.82,0.0,0.0,0.0,0.0
24553,137.2,0.0,0.0,0.0,0.0
24554,175.93,0.0,0.0,0.0,0.0
24555,173.61,0.0,0.0,0.0,0.0
24556,160.7,0.0,0.0,0.0,0.0
24557,194.0,0.0,0.0,0.0,0.0
24558,211.81,0.0,0.0,0.0,0.0
24559,209.26,0.0,0.0,0.0,0.0
24560,270.45,0.0,0.0,0.0,0.0
24561,258.16,0.0,0.0,0.0,0.0
24562,248.57,0.0,0.0,0.0,0.0
24563,258.76,0.0,0.0,0.0,0.0
24564,252.47,0.0,0.0,0.0,0.0
24565,236.33,0.0,0.0,0.0,0.0
24566,253.72,0.0,0.0,0.0,0.0
24567,251.31,0.0,0.0,0.0,0.0
24568,242.87,0.0,0.0,0.0,0.0
24569,203.34,0.0,0.0,0.0,0.0
24570,247.52,0.0,0.0,0.0,0.0
24571,244.09,0.0,0.0,0.0,0.0
24572,249.64,0.0,0.0,0.0,0.0
24573,236.9,0.0,0.0,0.0,0.0
24574,317.09,0.0,0.0,0.0,0.0
24575,521.6,0.0,0.0,0.0,0.0
24576,609.55,0.0,0.0,0.0,0.0
24577,641.83,0.0,0.0,0.0,0.0
24578,646.19,0.0,0.0,0.0,0.0
24579,651.06,0.0,0.0,0.0,0.0
24580,698.18,0.0,0.0,0.0,0.0
24581,786.67,0.0,0.0,0.0,0.0
24582,813.09,0.0,0.0,0.0,0.0
24583,854.69,0.0,0.0,0.0,0.0
24584,853.84,0.0,0.0,0.0,0.0
24585,839.68,0.0,0.0,0.0,0.0
24586,855.68,0.0,0.0,0.0,0.0
24587,692.6,0.0,0.0,0.0,0.0
24588,586.3,0.0,0.0,0.0,0.0
24589,500.95,0.0,0.0,0.0,0.0
24590,389.16,0.0,0.0,0.0,0.0
24591,333.77,0.0,0.0,0.0,0.0
24592,302.37,0.0,0.0,0.0,0.0
24593,241.66,0.0,0.0,0.0,0.0
24594,209.74,0.0,0.0,0.0,0.0
24595,184.0,0.0,0.0,0.0,0.0
24596,139.86,0.0,0.0,0.0,0.0
24597,121.34,0.0,0.0,0.0,0.0
24598,110.69,0.0,0.0,0.0,0.0
24599,241.94,0.0,0.0,0.0,0.0
24600,260.83,0.0,0.0,0.0,0.0
24601,276.15,0.0,0.0,0.0,0.0
24602,258.5,0.0,0.0,0.0,0.0
24603,244.2,0.0,0.0,0.0,0.0
24604,244.32,0.0,0.0,0.0,0.0
24605,253.86,0.0,0.0,0.0,0.0
24606,285.49,0.0,0.0,0.0,0.0
24607,270.85,0.0,0.0,0.0,0.0
24608,251.91,0.0,0.0,0.0,0.0
24609,271.22,0.0,0.0,0.0,0.0
24610,284.9,0.0,0.0,0.0,0.0
24611,254.96,0.0,0.0,0.0,0.0
24612,255.5,0.0,0.0,0.0,0.0
24613,265.9,0.0,0.0,0.0,0.0
24614,259.75,0.0,0.0,0.0,0.0
24615,261.82,0.0,0.0,0.0,0.0
24616,282.46,0.0,0.0,0.0,0.0
24617,227.7,0.0,0.0,0.0,0.0
24618,251.6,0.0,0.0,0.0,0.0
24619,256.1,0.0,0.0,0.0,0.0
24620,240.38,0.0,0.0,0.0,0.0
24621,243.41,0.0,0.0,0.0,0.0
24622,256.58,0.0,0.0,0.0,0.0
24623,234.75,0.0,0.0,0.0,0.0
24624,245.08,0.0,0.0,0.0,0.0
24625,233.61,0.0,0.0,0.0,0.0
24626,251.0,0.0,0.0,0.0,0.0
24627,245.65,0.0,0.0,0.0,0.0
24628,271.08,0.0,0.0,0.0,0.0
24629,248.31,0.0,0.0,0.0,0.0
24630,245.85,0.0,0.0,0.0,0.0
24631,218.21,0.0,0.0,0.0,0.0
24632,219.57,0.0,0.0,0.0,0.0
24633,208.41,0.0,0.0,0.0,0.0
24634,226.73,0.0,0.0,0.0,0.0
24635,220.87,0.0,0.0,0.0,0.0
24636,196.12,0.0,0.0,0.0,0.0
24637,207.02,0.0,0.0,0.0,0.0
24638,215.09,0.0,0.0,0.0,0.0
24639,192.07,0.0,0.0,0.0,0.0
24640,190.6,0.0,0.0,0.0,0.0
24641,238.23,0.0,0.0,0.0,0.0
24642,223.08,0.0,0.0,0.0,0.0
24643,236.62,0.0,0.0,0.0,0.0
24644,254.09,0.0,0.0,0.0,0.0
24645,241.51,0.0,0.0,0.0,0.0
24646,239.36,0.0,0.0,0.0,0.0
24647,233.76,0.0,0.0,0.0,0.0
24648,206.09,0.0,0.0,0.0,0.0
24649,242.31,0.0,0.0,0.0,0.0
24650,226.17,0.0,0.0,0.0,0.0
24651,243.5,0.0,0.0,0.0,0.0
24652,233.25,0.0,0.0,0.0,0.0
24653,239.73,0.0,0.0,0.0,0.0
24654,225.4,0.0,0.0,0.0,0.0
24655,224.04,0.0,0.0,0.0,0.0
24656,229.9,0.0,0.0,0.0,0.0
24657,229.42,0.0,0.0,0.0,0.0
24658,219.85,0.0,0.0,0.0,0.0
24659,230.9,0.0,0.0,0.0,0.0
24660,242.28,0.0,0.0,0.0,0.0
24661,235.45,0.0,0.0,0.0,0.0
24662,234.8,0.0,0.0,0.0,0.0
24663,241.68,0.0,0.0,0.0,0.0
24664,242.39,0.0,0.0,0.0,0.0
24665,224.58,0.0,0.0,0.0,0.0
24666,215.09,0.0,0.0,0.0,0.0
24667,235.2,0.0,0.0,0.0,0.0
24668,234.15,0.0,0.0,0.0,0.0
24669,225.91,0.0,0.0,0.0,0.0
24670,243.35,0.0,0.0,0.0,0.0
24671,208.47,0.0,0.0,0.0,0.0
24672,212.89,0.0,0.0,0.0,0.0
24673,241.6,0.0,0.0,0.0,0.0
24674,247.94,0.0,0.0,0.0,0.0
24675,240.55,0.0,0.0,0.0,0.0
24676,241.71,0.0,0.0,0.0,0.0
24677,242.65,0.0,0.0,0.0,0.0
24678,262.13,0.0,0.0,0.0,0.0
24679,260.57,0.0,0.0,0.0,0.0
24680,239.08,0.0,0.0,0.0,0.0
24681,211.73,0.0,0.0,0.0,0.0
24682,258.67,0.0,0.0,0.0,0.0
24683,244.91,0.0,0.0,0.0,0.0
24684,246.16,0.0,0.0,0.0,0.0
24685,239.67,0.0,0.0,0.0,0.0
24686,241.91,0.0,0.0,0.0,0.0
24687,250.38,0.0,0.0,0.0,0.0
24688,248.42,0.0,0.0,0.0,0.0
24689,241.63,0.0,0.0,0.0,0.0
24690,241.77,0.0,0.0,0.0,0.0
24691,226.39,0.0,0.0,0.0,0.0
24692,238.4,0.0,0.0,0.0,0.0
24693,229.76,0.0,0.0,0.0,0.0
24694,251.82,0.0,0.0,0.0,0.0
24695,221.66,0.0,0.0,0.0,0.0
24696,253.24,0.0,0.0,0.0,0.0
24697,238.12,0.0,0.0,0.0,0.0
24698,232.85,0.0,0.0,0.0,0.0
24699,250.18,0.0,0.0,0.0,0.0
24700,255.81,0.0,0.0,0.0,0.0
24701,248.91,0.0,0.0,0.0,0.0
24702,225.32,0.0,0.0,0.0,0.0
24703,227.13,0.0,0.0,0.0,0.0
24704,239.36,0.0,0.0,0.0,0.0
24705,242.59,0.0,0.0,0.0,0.0
24706,261.05,0.0,0.0,0.0,0.0
24707,223.42,0.0,0.0,0.0,0.0
24708,228.38,0.0,0.0,0.0,0.0
24709,236.9,0.0,0.0,0.0,0.0
24710,255.39,0.0,0.0,0.0,0.0
24711,254.06,0.0,0.0,0.0,0.0
24712,233.33,0.0,0.0,0.0,0.0
24713,220.79,0.0,0.0,0.0,0.0
24714,197.37,0.0,0.0,0.0,0.0
24715,193.97,0.0,0.0,0.0,0.0
24716,202.27,0.0,0.0,0.0,0.0
24717,189.86,0.0,0.0,0.0,0.0
24718,195.92,0.0,0.0,0.0,0.0
24719,207.73,0.0,0.0,0.0,0.0
24720,207.73,0.0,0.0,0.0,0.0
24721,186.66,0.0,0.0,0.0,0.0
24722,188.85,0.0,0.0,0.0,0.0
24723,214.53,0.0,0.0,0.0,0.0
24724,209.54,0.0,0.0,0.0,0.0
24725,203.54,0.0,0.0,0.0,0.0
24726,202.04,0.0,0.0,0.0,0.0
24727,197.0,0.0,0.0,0.0,0.0
24728,184.71,0.0,0.0,0.0,0.0
24729,200.4,0.0,0.0,0.0,0.0
24730,185.99,0.0,0.0,0.0,0.0
24731,200.79,0.0,0.0,0.0,0.0
24732,196.72,0.0,0.0,0.0,0.0
24733,205.58,0.0,0.0,0.0,0.0
24734,215.52,0.0,0.0,0.0,0.0
24735,208.98,0.0,0.0,0.0,0.0
24736,214.47,0.0,0.0,0.0,0.0
24737,215.41,0.0,0.0,0.0,0.0
24738,217.56,0.0,0.0,0.0,0.0
24739,241.91,0.0,0.0,0.0,0.0
24740,211.75,0.0,0.0,0.0,0.0
24741,207.96,0.0,0.0,0.0,0.0
24742,207.11,0.0,0.0,0.0,0.0
24743,223.39,0.0,0.0,0.0,0.0
24744,216.2,0.0,0.0,0.0,0.0
24745,224.61,0.0,0.0,0.0,0.0
24746,199.1,0.0,0.0,0.0,0.0
24747,194.71,0.0,0.0,0.0,0.0
24748,193.09,0.0,0.0,0.0,0.0
24749,161.8,0.0,0.0,0.0,0.0
24750,189.64,0.0,0.0,0.0,0.0
24751,173.7,0.0,0.0,0.0,0.0
24752,164.21,0.0,0.0,0.0,0.0
24753,159.54,0.0,0.0,0.0,0.0
24754,178.03,0.0,0.0,0.0,0.0
24755,175.34,0.0,0.0,0.0,0.0
24756,206.85,0.0,0.0,0.0,0.0
24757,214.67,0.0,0.0,0.0,0.0
24758,204.31,0.0,0.0,0.0,0.0
24759,192.13,0.0,0.0,0.0,0.0
24760,194.0,0.0,0.0,0.0,0.0
24761,189.84,0.0,0.0,0.0,0.0
24762,185.22,0.0,0.0,0.0,0.0
24763,184.4,0.0,0.0,0.0,0.0
24764,190.49,0.0,0.0,0.0,0.0
24765,186.86,0.0,0.0,0.0,0.0
24766,179.42,0.0,0.0,0.0,0.0
24767,182.11,0.0,0.0,0.0,0.0
24768,198.16,0.0,0.0,0.0,0.0
24769,199.46,0.0,0.0,0.0,0.0
24770,204.02,0.0,0.0,0.0,0.0
24771,195.47,0.0,0.0,0.0,0.0
24772,193.21,0.0,0.0,0.0,0.0
24773,196.66,0.0,0.0,0.0,0.0
24774,193.72,0.0,0.0,0.0,0.0
24775,196.83,0.0,0.0,0.0,0.0
24776,209.49,0.0,0.0,0.0,0.0
24777,196.29,0.0,0.0,0.0,0.0
24778,206.94,0.0,0.0,0.0,0.0
24779,209.35,0.0,0.0,0.0,0.0
24780,203.85,0.0,0.0,0.0,0.0
24781,173.64,0.0,0.0,0.0,0.0
24782,155.88,0.0,0.0,0.0,0.0
24783,144.16,0.0,0.0,0.0,0.0
24784,151.98,0.0,0.0,0.0,0.0
24785,145.66,0.0,0.0,0.0,0.0
24786,142.07,0.0,0.0,0.0,0.0
24787,125.93,0.0,0.0,0.0,0.0
24788,146.48,0.0,0.0,0.0,0.0
24789,136.69,0.0,0.0,0.0,0.0
24790,118.19,0.0,0.0,0.0,0.0
24791,118.39,0.0,0.0,0.0,0.0
24792,134.05,0.0,0.0,0.0,0.0
24793,123.89,0.0,0.0,0.0,0.0
24794,118.25,0.0,0.0,0.0,0.0
24795,124.17,0.0,0.0,0.0,0.0
24796,133.23,0.0,0.0,0.0,0.0
24797,114.37,0.0,0.0,0.0,0.0
24798,128.56,0.0,0.0,0.0,0.0
24799,113.64,0.0,0.0,0.0,0.0
24800,120.46,0.0,0.0,0.0,0.0
24801,124.99,0.0,0.0,0.0,0.0
24802,123.63,0.0,0.0,0.0,0.0
24803,124.25,0.0,0.0,0.0,0.0
24804,127.65,0.0,0.0,0.0,0.0
24805,120.06,0.0,0.0,0.0,0.0
24806,126.24,0.0,0.0,0.0,0.0
24807,130.68,0.0,0.0,0.0,0.0
24808,114.57,0.0,0.0,0.0,0.0
24809,110.69,0.0,0.0,0.0,0.0
24810,124.71,0.0,0.0,0.0,0.0
24811,140.25,0.0,0.0,0.0,0.0
24812,130.03,0.0,0.0,0.0,0.0
24813,121.71,0.0,0.0,0.0,0.0
24814,123.01,0.0,0.0,0.0,0.0
24815,115.53,0.0,0.0,0.0,0.0
24816,123.29,0.0,0.0,0.0,0.0
24817,123.18,0.0,0.0,0.0,0.0
24818,121.14,0.0,0.0,0.0,0.0
24819,140.71,0.0,0.0,0.0,0.0
24820,116.89,0.0,0.0,0.0,0.0
24821,124.23,0.0,0.0,0.0,0.0
24822,132.95,0.0,0.0,0.0,0.0
24823,122.1,0.0,0.0,0.0,0.0
24824,111.88,0.0,0.0,0.0,0.0
24825,129.78,0.0,0.0,0.0,0.0
24826,117.85,0.0,0.0,0.0,0.0
24827,123.74,0.0,0.0,0.0,0.0
24828,122.33,0.0,0.0,0.0,0.0
24829,121.85,0.0,0.0,0.0,0.0
24830,130.06,0.0,0.0,0.0,0.0
24831,122.58,0.0,0.0,0.0,0.0
24832,119.55,0.0,0.0,0.0,0.0
24833,121.59,0.0,0.0,0.0,0.0
24834,122.41,0.0,0.0,0.0,0.0
24835,125.64,0.0,0.0,0.0,0.0
24836,130.51,0.0,0.0,0.0,0.0
24837,127.96,0.0,0.0,0.0,0.0
24838,113.95,0.0,0.0,0.0,0.0
24839,121.14,0.0,0.0,0.0,0.0
24840,102.56,0.0,0.0,0.0,0.0
24841,107.8,0.0,0.0,0.0,0.0
24842,98.77,0.0,0.0,0.0,0.0
24843,70.23,0.0,0.0,0.0,0.0
24844,106.05,0.0,0.0,0.0,0.0
24845,80.39,0.0,0.0,0.0,0.0
24846,79.83,0.0,0.0,0.0,0.0
24847,84.98,0.0,0.0,0.0,0.0
24848,101.6,0.0,0.0,0.0,0.0
24849,103.55,0.0,0.0,0.0,0.0
24850,96.93,0.0,0.0,0.0,0.0
24851,82.66,0.0,0.0,0.0,0.0
24852,86.71,0.0,0.0,0.0,0.0
24853,95.68,0.0,0.0,0.0,0.0
24854,92.34,0.0,0.0,0.0,0.0
24855,101.57,0.0,0.0,0.0,0.0
24856,109.47,0.0,0.0,0.0,0.0
24857,89.31,0.0,0.0,0.0,0.0
24858,102.88,0.0,0.0,0.0,0.0
24859,97.78,0.0,0.0,0.0,0.0
24860,96.53,0.0,0.0,0.0,0.0
24861,103.92,0.0,0.0,0.0,0.0
24862,100.64,0.0,0.0,0.0,0.0
24863,111.88,0.0,0.0,0.0,0.0
24864,104.15,0.0,0.0,0.0,0.0
24865,98.4,0.0,0.0,0.0,0.0
24866,100.52,0.0,0.0,0.0,0.0
24867,106.95,0.0,0.0,0.0,0.0
24868,109.22,0.0,0.0,0.0,0.0
24869,97.18,0.0,0.0,0.0,0.0
24870,94.58,0.0,0.0,0.0,0.0
24871,98.2,0.0,0.0,0.0,0.0
24872,88.38,0.0,0.0,0.0,0.0
24873,112.87,0.0,0.0,0.0,0.0
24874,107.63,0.0,0.0,0.0,0.0
24875,109.73,0.0,0.0,0.0,0.0
24876,98.94,0.0,0.0,0.0,0.0
24877,97.64,0.0,0.0,0.0,0.0
24878,93.36,0.0,0.0,0.0,0.0
24879,84.78,0.0,0.0,0.0,0.0
24880,122.84,0.0,0.0,0.0,0.0
24881,107.72,0.0,0.0,0.0,0.0
24882,103.33,0.0,0.0,0.0,0.0
24883,99.19,0.0,0.0,0.0,0.0
24884,95.99,0.0,0.0,0.0,0.0
24885,76.94,0.0,0.0,0.0,0.0
24886,80.7,0.0,0.0,0.0,0.0
24887,72.55,0.0,0.0,0.0,0.0
24888,82.83,0.0,0.0,0.0,0.0
24889,86.71,0.0,0.0,0.0,0.0
24890,103.61,0.0,0.0,0.0,0.0
24891,67.42,0.0,0.0,0.0,0.0
24892,62.69,0.0,0.0,0.0,0.0
24893,88.72,0.0,0.0,0.0,0.0
24894,84.55,0.0,0.0,0.0,0.0
24895,82.77,0.0,0.0,0.0,0.0
24896,88.52,0.0,0.0,0.0,0.0
24897,90.56,0.0,0.0,0.0,0.0
24898,85.49,0.0,0.0,0.0,0.0
24899,77.28,0.0,0.0,0.0,0.0
24900,85.23,0.0,0.0,0.0,0.0
24901,87.81,0.0,0.0,0.0,0.0
24902,88.86,0.0,0.0,0.0,0.0
24903,85.46,0.0,0.0,0.0,0.0
24904,85.12,0.0,0.0,0.0,0.0
24905,89.17,0.0,0.0,0.0,0.0
24906,88.21,0.0,0.0,0.0,0.0
24907,75.89,0.0,0.0,0.0,0.0
24908,84.24,0.0,0.0,0.0,0.0
24909,82.74,0.0,0.0,0.0,0.0
24910,27.5,0.0,0.0,0.0,0.0
24911,72.92,0.0,0.0,0.0,0.0
24912,68.13,0.0,0.0,0.0,0.0
24913,58.05,0.0,0.0,0.0,0.0
24914,87.33,0.0,0.0,0.0,0.0
24915,78.78,0.0,0.0,0.0,0.0
24916,88.74,0.0,0.0,0.0,0.0
24917,74.5,0.0,0.0,0.0,0.0
24918,75.44,0.0,0.0,0.0,0.0
24919,61.76,0.0,0.0,0.0,0.0
24920,76.43,0.0,0.0,0.0,0.0
24921,49.36,0.0,0.0,0.0,0.0
24922,71.87,0.0,0.0,0.0,0.0
24923,54.06,0.0,0.0,0.0,0.0
24924,90.87,0.0,0.0,0.0,0.0
24925,93.67,0.0,0.0,0.0,0.0
24926,66.43,0.0,0.0,0.0,0.0
24927,70.06,0.0,0.0,0.0,0.0
24928,57.94,0.0,0.0,0.0,0.0
24929,71.73,0.0,0.0,0.0,0.0
24930,85.72,0.0,0.0,0.0,0.0
24931,83.82,0.0,0.0,0.0,0.0
24932,88.66,0.0,0.0,0.0,0.0
24933,78.32,0.0,0.0,0.0,0.0
24934,53.58,0.0,0.0,0.0,0.0
24935,45.65,0.0,0.0,0.0,0.0
24936,63.17,0.0,0.0,0.0,0.0
24937,73.45,0.0,0.0,0.0,0.0
24938,71.98,0.0,0.0,0.0,0.0
24939,86.82,0.0,0.0,0.0,0.0
24940,82.26,0.0,0.0,0.0,0.0
24941,86.68,0.0,0.0,0.0,0.0
24942,73.79,0.0,0.0,0.0,0.0
24943,74.67,0.0,0.0,0.0,0.0
24944,81.84,0.0,0.0,0.0,0.0
24945,73.94,0.0,0.0,0.0,0.0
24946,87.67,0.0,0.0,0.0,0.0
24947,92.91,0.0,0.0,0.0,0.0
24948,100.75,0.0,0.0,0.0,0.0
24949,87.19,0.0,0.0,0.0,0.0
24950,102.73,0.0,0.0,0.0,0.0
24951,118.36,0.0,0.0,0.0,0.0
24952,150.65,0.0,0.0,0.0,0.0
24953,152.88,0.0,0.0,0.0,0.0
24954,157.16,0.0,0.0,0.0,0.0
24955,167.86,0.0,0.0,0.0,0.0
24956,173.81,0.0,0.0,0.0,0.0
24957,177.97,0.0,0.0,0.0,0.0
24958,176.36,0.0,0.0,0.0,0.0
24959,188.99,0.0,0.0,0.0,0.0
24960,189.86,0.0,0.0,0.0,0.0
24961,228.38,0.0,0.0,0.0,0.0
24962,204.5,0.0,0.0,0.0,0.0
24963,206.06,0.0,0.0,0.0,0.0
24964,217.16,0.0,0.0,0.0,0.0
24965,251.62,0.0,0.0,0.0,0.0
24966,227.04,0.0,0.0,0.0,0.0
24967,223.65,0.0,0.0,0.0,0.0
24968,233.7,0.0,0.0,0.0,0.0
24969,225.43,0.0,0.0,0.0,0.0
24970,222.46,0.0,0.0,0.0,0.0
24971,238.82,0.0,0.0,0.0,0.0
24972,231.43,0.0,0.0,0.0,0.0
24973,265.78,0.0,0.0,0.0,0.0
24974,282.04,0.0,0.0,0.0,0.0
24975,254.29,0.0,0.0,0.0,0.0
24976,246.72,0.0,0.0,0.0,0.0
24977,261.17,0.0,0.0,0.0,0.0
24978,272.89,0.0,0.0,0.0,0.0
24979,253.72,0.0,0.0,0.0,0.0
24980,244.97,0.0,0.0,0.0,0.0
24981,252.36,0.0,0.0,0.0,0.0
24982,268.05,0.0,0.0,0.0,0.0
24983,255.02,0.0,0.0,0.0,0.0
24984,250.12,0.0,0.0,0.0,0.0
24985,250.55,0.0,0.0,0.0,0.0
24986,257.71,0.0,0.0,0.0,0.0
24987,255.73,0.0,0.0,0.0,0.0
24988,256.66,0.0,0.0,0.0,0.0
24989,249.73,0.0,0.0,0.0,0.0
24990,261.93,0.0,0.0,0.0,0.0
24991,233.95,0.0,0.0,0.0,0.0
24992,252.64,0.0,0.0,0.0,0.0
24993,235.96,0.0,0.0,0.0,0.0
24994,258.02,0.0,0.0,0.0,0.0
24995,263.43,0.0,0.0,0.0,0.0
24996,222.74,0.0,0.0,0.0,0.0
24997,215.89,0.0,0.0,0.0,0.0
24998,209.74,0.0,0.0,0.0,0.0
24999,226.93,0.0,0.0,0.0,0.0
25000,211.92,0.0,0.0,0.0,0.0
25001,236.73,0.0,0.0,0.0,0.0
25002,264.17,0.0,0.0,0.0,0.0
25003,229.25,0.0,0.0,0.0,0.0
25004,235.28,0.0,0.0,0.0,0.0
25005,239.93,0.0,0.0,0.0,0.0
25006,282.46,0.0,0.0,0.0,0.0
25007,281.81,0.0,0.0,0.0,0.0
25008,273.6,0.0,0.0,0.0,0.0
25009,267.51,0.0,0.0,0.0,0.0
25010,252.98,0.0,0.0,0.0,0.0
25011,241.8,0.0,0.0,0.0,0.0
25012,277.0,0.0,0.0,0.0,0.0
25013,283.99,0.0,0.0,0.0,0.0
25014,277.25,0.0,0.0,0.0,0.0
25015,266.01,0.0,0.0,0.0,0.0
25016,281.5,0.0,0.0,0.0,0.0
25017,283.06,0.0,0.0,0.0,0.0
25018,280.76,0.0,0.0,0.0,0.0
25019,304.15,0.0,0.0,0.0,0.0
25020,293.28,0.0,0.0,0.0,0.0
25021,272.01,0.0,0.0,0.0,0.0
25022,279.12,0.0,0.0,0.0,0.0
25023,284.36,0.0,0.0,0.0,0.0
25024,337.2,0.0,0.0,0.0,0.0
25025,317.04,0.0,0.0,0.0,0.0
25026,302.88,0.0,0.0,0.0,0.0
25027,302.03,0.0,0.0,0.0,0.0
25028,276.15,0.0,0.0,0.0,0.0
25029,295.85,0.0,0.0,0.0,0.0
25030,298.4,0.0,0.0,0.0,0.0
25031,323.32,0.0,0.0,0.0,0.0
25032,321.82,0.0,0.0,0.0,0.0
25033,288.95,0.0,0.0,0.0,0.0
25034,309.84,0.0,0.0,0.0,0.0
25035,295.15,0.0,0.0,0.0,0.0
25036,300.78,0.0,0.0,0.0,0.0
25037,303.81,0.0,0.0,0.0,0.0
25038,294.55,0.0,0.0,0.0,0.0
25039,308.57,0.0,0.0,0.0,0.0
25040,273.0,0.0,0.0,0.0,0.0
25041,328.84,0.0,0.0,0.0,0.0
25042,306.42,0.0,0.0,0.0,0.0
25043,310.32,0.0,0.0,0.0,0.0
25044,324.37,0.0,0.0,0.0,0.0
25045,306.13,0.0,0.0,0.0,0.0
25046,375.51,0.0,0.0,0.0,0.0
25047,364.86,0.0,0.0,0.0,0.0
25048,343.71,0.0,0.0,0.0,0.0
25049,361.18,0.0,0.0,0.0,0.0
25050,331.36,0.0,0.0,0.0,0.0
25051,346.46,0.0,0.0,0.0,0.0
25052,343.06,0.0,0.0,0.0,0.0
25053,332.35,0.0,0.0,0.0,0.0
25054,330.68,0.0,0.0,0.0,0.0
25055,322.36,0.0,0.0,0.0,0.0
25056,333.52,0.0,0.0,0.0,0.0
25057,293.25,0.0,0.0,0.0,0.0
25058,297.61,0.0,0.0,0.0,0.0
25059,280.73,0.0,0.0,0.0,0.0
25060,301.72,0.0,0.0,0.0,0.0
25061,282.12,0.0,0.0,0.0,0.0
25062,290.56,0.0,0.0,0.0,0.0
25063,292.99,0.0,0.0,0.0,0.0
25064,270.62,0.0,0.0,0.0,0.0
25065,254.51,0.0,0.0,0.0,0.0
25066,275.89,0.0,0.0,0.0,0.0
25067,245.59,0.0,0.0,0.0,0.0
25068,272.44,0.0,0.0,0.0,0.0
25069,269.52,0.0,0.0,0.0,0.0
25070,245.54,0.0,0.0,0.0,0.0
25071,251.09,0.0,0.0,0.0,0.0
25072,236.16,0.0,0.0,0.0,0.0
25073,214.36,0.0,0.0,0.0,0.0
25074,222.12,0.0,0.0,0.0,0.0
25075,242.17,0.0,0.0,0.0,0.0
25076,264.39,0.0,0.0,0.0,0.0
25077,254.71,0.0,0.0,0.0,0.0
25078,254.37,0.0,0.0,0.0,0.0
25079,242.56,0.0,0.0,0.0,0.0
25080,240.89,0.0,0.0,0.0,0.0
25081,244.23,0.0,0.0,0.0,0.0
25082,251.28,0.0,0.0,0.0,0.0
25083,229.34,0.0,0.0,0.0,0.0
25084,250.24,0.0,0.0,0.0,0.0
25085,216.0,0.0,0.0,0.0,0.0
25086,217.53,0.0,0.0,0.0,0.0
25087,226.65,0.0,0.0,0.0,0.0
25088,227.64,0.0,0.0,0.0,0.0
25089,228.57,0.0,0.0,0.0,0.0
25090,237.38,0.0,0.0,0.0,0.0
25091,222.85,0.0,0.0,0.0,0.0
25092,221.83,0.0,0.0,0.0,0.0
25093,213.37,0.0,0.0,0.0,0.0
25094,223.11,0.0,0.0,0.0,0.0
25095,211.47,0.0,0.0,0.0,0.0
25096,216.99,0.0,0.0,0.0,0.0
25097,210.14,0.0,0.0,0.0,0.0
25098,216.65,0.0,0.0,0.0,0.0
25099,208.44,0.0,0.0,0.0,0.0
25100,182.87,0.0,0.0,0.0,0.0
25101,180.41,0.0,0.0,0.0,0.0
25102,190.66,0.0,0.0,0.0,0.0
25103,177.01,0.0,0.0,0.0,0.0
25104,171.4,0.0,0.0,0.0,0.0
25105,182.81,0.0,0.0,0.0,0.0
25106,190.49,0.0,0.0,0.0,0.0
25107,193.94,0.0,0.0,0.0,0.0
25108,189.27,0.0,0.0,0.0,0.0
25109,188.45,0.0,0.0,0.0,0.0
25110,200.43,0.0,0.0,0.0,0.0
25111,175.85,0.0,0.0,0.0,0.0
25112,197.96,0.0,0.0,0.0,0.0
25113,172.7,0.0,0.0,0.0,0.0
25114,181.11,0.0,0.0,0.0,0.0
25115,158.55,0.0,0.0,0.0,0.0
25116,148.97,0.0,0.0,0.0,0.0
25117,183.1,0.0,0.0,0.0,0.0
25118,193.94,0.0,0.0,0.0,0.0
25119,198.05,0.0,0.0,0.0,0.0
25120,190.63,0.0,0.0,0.0,0.0
25121,183.95,0.0,0.0,0.0,0.0
25122,204.05,0.0,0.0,0.0,0.0
25123,181.91,0.0,0.0,0.0,0.0
25124,201.73,0.0,0.0,0.0,0.0
25125,190.15,0.0,0.0,0.0,0.0
25126,192.44,0.0,0.0,0.0,0.0
25127,205.81,0.0,0.0,0.0,0.0
25128,175.11,0.0,0.0,0.0,0.0
25129,196.89,0.0,0.0,0.0,0.0
25130,198.84,0.0,0.0,0.0,0.0
25131,196.94,0.0,0.0,0.0,0.0
25132,199.21,0.0,0.0,0.0,0.0
25133,182.05,0.0,0.0,0.0,0.0
25134,138.44,0.0,0.0,0.0,0.0
25135,157.07,0.0,0.0,0.0,0.0
25136,164.58,0.0,0.0,0.0,0.0
25137,155.32,0.0,0.0,0.0,0.0
25138,149.88,0.0,0.0,0.0,0.0
25139,179.67,0.0,0.0,0.0,0.0
25140,166.08,0.0,0.0,0.0,0.0
25141,172.34,0.0,0.0,0.0,0.0
25142,181.74,0.0,0.0,0.0,0.0
25143,156.65,0.0,0.0,0.0,0.0
25144,142.66,0.0,0.0,0.0,0.0
25145,137.59,0.0,0.0,0.0,0.0
25146,125.44,0.0,0.0,0.0,0.0
25147,113.24,0.0,0.0,0.0,0.0
25148,113.01,0.0,0.0,0.0,0.0
25149,126.72,0.0,0.0,0.0,0.0
25150,126.63,0.0,0.0,0.0,0.0
25151,105.4,0.0,0.0,0.0,0.0
25152,106.22,0.0,0.0,0.0,0.0
25153,103.33,0.0,0.0,0.0,0.0
25154,105.17,0.0,0.0,0.0,0.0
25155,105.4,0.0,0.0,0.0,0.0
25156,106.84,0.0,0.0,0.0,0.0
25157,84.24,0.0,0.0,0.0,0.0
25158,109.61,0.0,0.0,0.0,0.0
25159,109.87,0.0,0.0,0.0,0.0
25160,107.94,0.0,0.0,0.0,0.0
25161,111.94,0.0,0.0,0.0,0.0
25162,110.35,0.0,0.0,0.0,0.0
25163,89.91,0.0,0.0,0.0,0.0
25164,115.02,0.0,0.0,0.0,0.0
25165,110.18,0.0,0.0,0.0,0.0
25166,110.38,0.0,0.0,0.0,0.0
25167,109.39,0.0,0.0,0.0,0.0
25168,103.64,0.0,0.0,0.0,0.0
25169,105.17,0.0,0.0,0.0,0.0
25170,35.42,0.0,0.0,0.0,0.0
25171,73.77,0.0,0.0,0.0,0.0
25172,96.56,0.0,0.0,0.0,0.0
25173,95.85,0.0,0.0,0.0,0.0
25174,76.51,0.0,0.0,0.0,0.0
25175,112.47,0.0,0.0,0.0,0.0
25176,83.68,0.0,0.0,0.0,0.0
25177,98.43,0.0,0.0,0.0,0.0
25178,110.15,0.0,0.0,0.0,0.0
25179,89.28,0.0,0.0,0.0,0.0
25180,113.21,0.0,0.0,0.0,0.0
25181,103.78,0.0,0.0,0.0,0.0
25182,75.18,0.0,0.0,0.0,0.0
25183,106.1,0.0,0.0,0.0,0.0
25184,97.16,0.0,0.0,0.0,0.0
25185,107.8,0.0,0.0,0.0,0.0
25186,89.62,0.0,0.0,0.0,0.0
25187,99.45,0.0,0.0,0.0,0.0
25188,76.6,0.0,0.0,0.0,0.0
25189,98.32,0.0,0.0,0.0,0.0
25190,98.37,0.0,0.0,0.0,0.0
25191,93.93,0.0,0.0,0.0,0.0
25192,97.66,0.0,0.0,0.0,0.0
25193,94.27,0.0,0.0,0.0,0.0
25194,103.41,0.0,0.0,0.0,0.0
25195,98.26,0.0,0.0,0.0,0.0
25196,100.52,0.0,0.0,0.0,0.0
25197,91.24,0.0,0.0,0.0,0.0
25198,101.94,0.0,0.0,0.0,0.0
25199,97.52,0.0,0.0,0.0,0.0
25200,97.83,0.0,0.0,0.0,0.0
25201,116.21,0.0,0.0,0.0,0.0
25202,111.09,0.0,0.0,0.0,0.0
25203,89.28,0.0,0.0,0.0,0.0
25204,122.41,0.0,0.0,0.0,0.0
25205,108.93,0.0,0.0,0.0,0.0
25206,83.48,0.0,0.0,0.0,0.0
25207,89.31,0.0,0.0,0.0,0.0
25208,100.35,0.0,0.0,0.0,0.0
25209,100.21,0.0,0.0,0.0,0.0
25210,96.67,0.0,0.0,0.0,0.0
25211,58.56,0.0,0.0,0.0,0.0
25212,22.4,0.0,0.0,0.0,0.0
25213,79.63,0.0,0.0,0.0,0.0
25214,52.87,0.0,0.0,0.0,0.0
25215,94.04,0.0,0.0,0.0,0.0
25216,96.28,0.0,0.0,0.0,0.0
25217,66.91,0.0,0.0,0.0,0.0
25218,50.74,0.0,0.0,0.0,0.0
25219,14.58,0.0,0.0,0.0,0.0
25220,6.68,0.0,0.0,0.0,0.0
25221,8.58,0.0,0.0,0.0,0.0
25222,24.18,0.0,0.0,0.0,0.0
25223,15.57,0.0,0.0,0.0,0.0
25224,84.24,0.0,0.0,0.0,0.0
25225,33.1,0.0,0.0,0.0,0.0
25226,104.15,0.0,0.0,0.0,0.0
25227,58.73,0.0,0.0,0.0,0.0
25228,65.7,0.0,0.0,0.0,0.0
25229,66.63,0.0,0.0,0.0,0.0
25230,61.14,0.0,0.0,0.0,0.0
25231,62.61,0.0,0.0,0.0,0.0
25232,68.41,0.0,0.0,0.0,0.0
25233,62.13,0.0,0.0,0.0,0.0
25234,63.74,0.0,0.0,0.0,0.0
25235,59.38,0.0,0.0,0.0,0.0
25236,62.95,0.0,0.0,0.0,0.0
25237,57.74,0.0,0.0,0.0,0.0
25238,28.01,0.0,0.0,0.0,0.0
25239,56.01,0.0,0.0,0.0,0.0
25240,51.9,0.0,0.0,0.0,0.0
25241,62.78,0.0,0.0,0.0,0.0
25242,63.83,0.0,0.0,0.0,0.0
25243,56.27,0.0,0.0,0.0,0.0
25244,81.16,0.0,0.0,0.0,0.0
25245,48.65,0.0,0.0,0.0,0.0
25246,60.31,0.0,0.0,0.0,0.0
25247,22.71,0.0,0.0,0.0,0.0
25248,19.06,0.0,0.0,0.0,0.0
25249,57.26,0.0,0.0,0.0,0.0
25250,55.56,0.0,0.0,0.0,0.0
25251,40.44,0.0,0.0,0.0,0.0
25252,69.15,0.0,0.0,0.0,0.0
25253,52.87,0.0,0.0,0.0,0.0
25254,54.88,0.0,0.0,0.0,0.0
25255,63.57,0.0,0.0,0.0,0.0
25256,79.63,0.0,0.0,0.0,0.0
25257,60.17,0.0,0.0,0.0,0.0
25258,42.11,0.0,0.0,0.0,0.0
25259,42.11,0.0,0.0,0.0,0.0
25260,47.86,0.0,0.0,0.0,0.0
25261,286.26,0.0,0.0,0.0,0.0
25262,584.54,0.0,0.0,0.0,0.0
25263,681.11,0.0,0.0,0.0,0.0
25264,743.83,0.0,0.0,0.0,0.0
25265,740.83,0.0,0.0,0.0,0.0
25266,739.58,0.0,0.0,0.0,0.0
25267,760.0,0.0,0.0,0.0,0.0
25268,936.15,0.0,0.0,0.0,0.0
25269,1045.83,0.0,0.0,0.0,0.0
25270,1010.15,0.0,0.0,0.0,0.0
25271,1029.57,0.0,0.0,0.0,0.0
25272,1043.45,0.0,0.0,0.0,0.0
25273,1062.33,0.0,0.0,0.0,0.0
25274,1030.22,0.0,0.0,0.0,0.0
25275,1044.13,0.0,0.0,0.0,0.0
25276,850.02,0.0,0.0,0.0,0.0
25277,767.5,0.0,0.0,0.0,0.0
25278,604.42,0.0,0.0,0.0,0.0
25279,481.36,0.0,0.0,0.0,0.0
25280,432.85,0.0,0.0,0.0,0.0
25281,391.4,0.0,0.0,0.0,0.0
25282,300.61,0.0,0.0,0.0,0.0
25283,243.61,0.0,0.0,0.0,0.0
25284,245.0,0.0,0.0,0.0,0.0
25285,253.38,0.0,0.0,0.0,0.0
25286,256.58,0.0,0.0,0.0,0.0
25287,247.21,0.0,0.0,0.0,0.0
25288,288.35,0.0,0.0,0.0,0.0
25289,329.55,0.0,0.0,0.0,0.0
25290,344.08,0.0,0.0,0.0,0.0
25291,309.79,0.0,0.0,0.0,0.0
25292,351.38,0.0,0.0,0.0,0.0
25293,371.32,0.0,0.0,0.0,0.0
25294,317.23,0.0,0.0,0.0,0.0
25295,464.62,0.0,0.0,0.0,0.0
25296,655.65,0.0,0.0,0.0,0.0
25297,725.85,0.0,0.0,0.0,0.0
25298,721.57,0.0,0.0,0.0,0.0
25299,751.13,0.0,0.0,0.0,0.0
25300,801.48,0.0,0.0,0.0,0.0
25301,938.34,0.0,0.0,0.0,0.0
25302,1063.72,0.0,0.0,0.0,0.0
25303,1085.21,0.0,0.0,0.0,0.0
25304,1061.63,0.0,0.0,0.0,0.0
25305,1103.34,0.0,0.0,0.0,0.0
25306,936.92,0.0,0.0,0.0,0.0
25307,800.74,0.0,0.0,0.0,0.0
25308,663.69,0.0,0.0,0.0,0.0
25309,541.81,0.0,0.0,0.0,0.0
25310,484.59,0.0,0.0,0.0,0.0
25311,403.54,0.0,0.0,0.0,0.0
25312,388.37,0.0,0.0,0.0,0.0
25313,317.06,0.0,0.0,0.0,0.0
25314,276.51,0.0,0.0,0.0,0.0
25315,223.17,0.0,0.0,0.0,0.0
25316,202.61,0.0,0.0,0.0,0.0
25317,166.62,0.0,0.0,0.0,0.0
25318,146.2,0.0,0.0,0.0,0.0
25319,141.44,0.0,0.0,0.0,0.0
25320,154.75,0.0,0.0,0.0,0.0
25321,134.96,0.0,0.0,0.0,0.0
25322,154.55,0.0,0.0,0.0,0.0
25323,141.19,0.0,0.0,0.0,0.0
25324,131.28,0.0,0.0,0.0,0.0
25325,167.13,0.0,0.0,0.0,0.0
25326,195.87,0.0,0.0,0.0,0.0
25327,232.71,0.0,0.0,0.0,0.0
25328,218.21,0.0,0.0,0.0,0.0
25329,205.89,0.0,0.0,0.0,0.0
25330,207.36,0.0,0.0,0.0,0.0
25331,219.94,0.0,0.0,0.0,0.0
25332,220.81,0.0,0.0,0.0,0.0
25333,231.97,0.0,0.0,0.0,0.0
25334,209.12,0.0,0.0,0.0,0.0
25335,201.67,0.0,0.0,0.0,0.0
25336,178.45,0.0,0.0,0.0,0.0
25337,201.19,0.0,0.0,0.0,0.0
25338,178.17,0.0,0.0,0.0,0.0
25339,152.34,0.0,0.0,0.0,0.0
25340,156.56,0.0,0.0,0.0,0.0
25341,169.31,0.0,0.0,0.0,0.0
25342,152.54,0.0,0.0,0.0,0.0
25343,207.45,0.0,0.0,0.0,0.0
25344,170.92,0.0,0.0,0.0,0.0
25345,190.01,0.0,0.0,0.0,0.0
25346,185.39,0.0,0.0,0.0,0.0
25347,223.25,0.0,0.0,0.0,0.0
25348,194.54,0.0,0.0,0.0,0.0
25349,211.95,0.0,0.0,0.0,0.0
25350,190.97,0.0,0.0,0.0,0.0
25351,216.26,0.0,0.0,0.0,0.0
25352,294.16,0.0,0.0,0.0,0.0
25353,247.89,0.0,0.0,0.0,0.0
25354,269.32,0.0,0.0,0.0,0.0
25355,252.44,0.0,0.0,0.0,0.0
25356,258.16,0.0,0.0,0.0,0.0
25357,256.13,0.0,0.0,0.0,0.0
25358,278.01,0.0,0.0,0.0,0.0
25359,257.06,0.0,0.0,0.0,0.0
25360,258.08,0.0,0.0,0.0,0.0
25361,247.89,0.0,0.0,0.0,0.0
25362,253.44,0.0,0.0,0.0,0.0
25363,248.51,0.0,0.0,0.0,0.0
25364,226.03,0.0,0.0,0.0,0.0
25365,221.95,0.0,0.0,0.0,0.0
25366,169.42,0.0,0.0,0.0,0.0
25367,207.34,0.0,0.0,0.0,0.0
25368,227.44,0.0,0.0,0.0,0.0
25369,220.9,0.0,0.0,0.0,0.0
25370,250.69,0.0,0.0,0.0,0.0
25371,225.94,0.0,0.0,0.0,0.0
25372,214.25,0.0,0.0,0.0,0.0
25373,232.11,0.0,0.0,0.0,0.0
25374,249.87,0.0,0.0,0.0,0.0
25375,236.59,0.0,0.0,0.0,0.0
25376,243.61,0.0,0.0,0.0,0.0
25377,224.33,0.0,0.0,0.0,0.0
25378,236.81,0.0,0.0,0.0,0.0
25379,246.27,0.0,0.0,0.0,0.0
25380,258.73,0.0,0.0,0.0,0.0
25381,254.46,0.0,0.0,0.0,0.0
25382,261.14,0.0,0.0,0.0,0.0
25383,264.56,0.0,0.0,0.0,0.0
25384,257.4,0.0,0.0,0.0,0.0
25385,264.79,0.0,0.0,0.0,0.0
25386,264.65,0.0,0.0,0.0,0.0
25387,257.71,0.0,0.0,0.0,0.0
25388,265.81,0.0,0.0,0.0,0.0
25389,288.92,0.0,0.0,0.0,0.0
25390,265.16,0.0,0.0,0.0,0.0
25391,242.22,0.0,0.0,0.0,0.0
25392,273.17,0.0,0.0,0.0,0.0
25393,245.14,0.0,0.0,0.0,0.0
25394,273.0,0.0,0.0,0.0,0.0
25395,259.27,0.0,0.0,0.0,0.0
25396,265.07,0.0,0.0,0.0,0.0
25397,258.59,0.0,0.0,0.0,0.0
25398,251.37,0.0,0.0,0.0,0.0
25399,260.23,0.0,0.0,0.0,0.0
25400,253.95,0.0,0.0,0.0,0.0
25401,261.42,0.0,0.0,0.0,0.0
25402,264.48,0.0,0.0,0.0,0.0
25403,259.89,0.0,0.0,0.0,0.0
25404,282.89,0.0,0.0,0.0,0.0
25405,268.42,0.0,0.0,0.0,0.0
25406,237.3,0.0,0.0,0.0,0.0
25407,257.09,0.0,0.0,0.0,0.0
25408,297.33,0.0,0.0,0.0,0.0
25409,262.81,0.0,0.0,0.0,0.0
25410,250.38,0.0,0.0,0.0,0.0
25411,276.46,0.0,0.0,0.0,0.0
25412,262.81,0.0,0.0,0.0,0.0
25413,263.66,0.0,0.0,0.0,0.0
25414,216.74,0.0,0.0,0.0,0.0
25415,281.1,0.0,0.0,0.0,0.0
25416,268.84,0.0,0.0,0.0,0.0
25417,272.78,0.0,0.0,0.0,0.0
25418,247.94,0.0,0.0,0.0,0.0
25419,256.24,0.0,0.0,0.0,0.0
25420,273.54,0.0,0.0,0.0,0.0
25421,257.82,0.0,0.0,0.0,0.0
25422,273.4,0.0,0.0,0.0,0.0
25423,277.48,0.0,0.0,0.0,0.0
25424,259.61,0.0,0.0,0.0,0.0
25425,267.68,0.0,0.0,0.0,0.0
25426,263.77,0.0,0.0,0.0,0.0
25427,266.07,0.0,0.0,0.0,0.0
25428,268.67,0.0,0.0,0.0,0.0
25429,269.12,0.0,0.0,0.0,0.0
25430,273.57,0.0,0.0,0.0,0.0
25431,275.98,0.0,0.0,0.0,0.0
25432,260.94,0.0,0.0,0.0,0.0
25433,267.51,0.0,0.0,0.0,0.0
25434,262.24,0.0,0.0,0.0,0.0
25435,249.73,0.0,0.0,0.0,0.0
25436,284.44,0.0,0.0,0.0,0.0
25437,237.07,0.0,0.0,0.0,0.0
25438,237.95,0.0,0.0,0.0,0.0
25439,253.35,0.0,0.0,0.0,0.0
25440,253.38,0.0,0.0,0.0,0.0
25441,250.75,0.0,0.0,0.0,0.0
25442,242.0,0.0,0.0,0.0,0.0
25443,252.22,0.0,0.0,0.0,0.0
25444,219.48,0.0,0.0,0.0,0.0
25445,236.16,0.0,0.0,0.0,0.0
25446,231.49,0.0,0.0,0.0,0.0
25447,245.37,0.0,0.0,0.0,0.0
25448,251.03,0.0,0.0,0.0,0.0
25449,233.61,0.0,0.0,0.0,0.0
25450,234.27,0.0,0.0,0.0,0.0
25451,219.91,0.0,0.0,0.0,0.0
25452,193.91,0.0,0.0,0.0,0.0
25453,235.4,0.0,0.0,0.0,0.0
25454,224.52,0.0,0.0,0.0,0.0
25455,217.19,0.0,0.0,0.0,0.0
25456,237.47,0.0,0.0,0.0,0.0
25457,224.13,0.0,0.0,0.0,0.0
25458,242.56,0.0,0.0,0.0,0.0
25459,230.7,0.0,0.0,0.0,0.0
25460,233.33,0.0,0.0,0.0,0.0
25461,225.91,0.0,0.0,0.0,0.0
25462,208.02,0.0,0.0,0.0,0.0
25463,195.41,0.0,0.0,0.0,0.0
25464,195.41,0.0,0.0,0.0,0.0
25465,182.76,0.0,0.0,0.0,0.0
25466,176.84,0.0,0.0,0.0,0.0
25467,162.17,0.0,0.0,0.0,0.0
25468,209.77,0.0,0.0,0.0,0.0
25469,190.54,0.0,0.0,0.0,0.0
25470,169.22,0.0,0.0,0.0,0.0
25471,191.9,0.0,0.0,0.0,0.0
25472,174.23,0.0,0.0,0.0,0.0
25473,164.07,0.0,0.0,0.0,0.0
25474,175.2,0.0,0.0,0.0,0.0
25475,170.89,0.0,0.0,0.0,0.0
25476,184.37,0.0,0.0,0.0,0.0
25477,156.71,0.0,0.0,0.0,0.0
25478,133.34,0.0,0.0,0.0,0.0
25479,124.88,0.0,0.0,0.0,0.0
25480,140.54,0.0,0.0,0.0,0.0
25481,163.19,0.0,0.0,0.0,0.0
25482,155.57,0.0,0.0,0.0,0.0
25483,130.46,0.0,0.0,0.0,0.0
25484,129.46,0.0,0.0,0.0,0.0
25485,133.2,0.0,0.0,0.0,0.0
25486,130.97,0.0,0.0,0.0,0.0
25487,124.37,0.0,0.0,0.0,0.0
25488,129.95,0.0,0.0,0.0,0.0
25489,187.6,0.0,0.0,0.0,0.0
25490,175.65,0.0,0.0,0.0,0.0
25491,231.8,0.0,0.0,0.0,0.0
25492,243.75,0.0,0.0,0.0,0.0
25493,300.92,0.0,0.0,0.0,0.0
25494,295.83,0.0,0.0,0.0,0.0
25495,248.85,0.0,0.0,0.0,0.0
25496,146.37,0.0,0.0,0.0,0.0
25497,176.19,0.0,0.0,0.0,0.0
25498,190.26,0.0,0.0,0.0,0.0
25499,188.76,0.0,0.0,0.0,0.0
25500,166.22,0.0,0.0,0.0,0.0
25501,199.61,0.0,0.0,0.0,0.0
25502,196.01,0.0,0.0,0.0,0.0
25503,176.1,0.0,0.0,0.0,0.0
25504,143.14,0.0,0.0,0.0,0.0
25505,185.62,0.0,0.0,0.0,0.0
25506,165.68,0.0,0.0,0.0,0.0
25507,166.81,0.0,0.0,0.0,0.0
25508,152.85,0.0,0.0,0.0,0.0
25509,139.77,0.0,0.0,0.0,0.0
25510,120.32,0.0,0.0,0.0,0.0
25511,124.03,0.0,0.0,0.0,0.0
25512,128.22,0.0,0.0,0.0,0.0
25513,123.83,0.0,0.0,0.0,0.0
25514,127.45,0.0,0.0,0.0,0.0
25515,109.16,0.0,0.0,0.0,0.0
25516,145.44,0.0,0.0,0.0,0.0
25517,133.68,0.0,0.0,0.0,0.0
25518,123.4,0.0,0.0,0.0,0.0
25519,119.33,0.0,0.0,0.0,0.0
25520,125.36,0.0,0.0,0.0,0.0
25521,123.83,0.0,0.0,0.0,0.0
25522,122.64,0.0,0.0,0.0,0.0
25523,127.57,0.0,0.0,0.0,0.0
25524,123.29,0.0,0.0,0.0,0.0
25525,134.08,0.0,0.0,0.0,0.0
25526,107.12,0.0,0.0,0.0,0.0
25527,123.49,0.0,0.0,0.0,0.0
25528,123.89,0.0,0.0,0.0,0.0
25529,127.54,0.0,0.0,0.0,0.0
25530,126.8,0.0,0.0,0.0,0.0
25531,118.11,0.0,0.0,0.0,0.0
25532,123.66,0.0,0.0,0.0,0.0
25533,119.67,0.0,0.0,0.0,0.0
25534,118.08,0.0,0.0,0.0,0.0
25535,119.92,0.0,0.0,0.0,0.0
25536,125.87,0.0,0.0,0.0,0.0
25537,124.79,0.0,0.0,0.0,0.0
25538,113.58,0.0,0.0,0.0,0.0
25539,125.56,0.0,0.0,0.0,0.0
25540,123.49,0.0,0.0,0.0,0.0
25541,124.11,0.0,0.0,0.0,0.0
25542,133.8,0.0,0.0,0.0,0.0
25543,123.23,0.0,0.0,0.0,0.0
25544,111.37,0.0,0.0,0.0,0.0
25545,125.78,0.0,0.0,0.0,0.0
25546,139.01,0.0,0.0,0.0,0.0
25547,127.17,0.0,0.0,0.0,0.0
25548,117.03,0.0,0.0,0.0,0.0
25549,115.7,0.0,0.0,0.0,0.0
25550,129.63,0.0,0.0,0.0,0.0
25551,130.51,0.0,0.0,0.0,0.0
25552,142.86,0.0,0.0,0.0,0.0
25553,130.57,0.0,0.0,0.0,0.0
25554,131.02,0.0,0.0,0.0,0.0
25555,112.81,0.0,0.0,0.0,0.0
25556,133.77,0.0,0.0,0.0,0.0
25557,162.68,0.0,0.0,0.0,0.0
25558,165.99,0.0,0.0,0.0,0.0
25559,158.49,0.0,0.0,0.0,0.0
25560,172.34,0.0,0.0,0.0,0.0
25561,161.01,0.0,0.0,0.0,0.0
25562,158.8,0.0,0.0,0.0,0.0
25563,145.95,0.0,0.0,0.0,0.0
25564,131.25,0.0,0.0,0.0,0.0
25565,143.74,0.0,0.0,0.0,0.0
25566,117.94,0.0,0.0,0.0,0.0
25567,111.12,0.0,0.0,0.0,0.0
25568,131.02,0.0,0.0,0.0,0.0
25569,137.42,0.0,0.0,0.0,0.0
25570,137.68,0.0,0.0,0.0,0.0
25571,134.45,0.0,0.0,0.0,0.0
25572,125.39,0.0,0.0,0.0,0.0
25573,129.35,0.0,0.0,0.0,0.0
25574,111.12,0.0,0.0,0.0,0.0
25575,110.92,0.0,0.0,0.0,0.0
25576,129.04,0.0,0.0,0.0,0.0
25577,126.18,0.0,0.0,0.0,0.0
25578,125.78,0.0,0.0,0.0,0.0
25579,125.9,0.0,0.0,0.0,0.0
25580,130.2,0.0,0.0,0.0,0.0
25581,133.17,0.0,0.0,0.0,0.0
25582,149.6,0.0,0.0,0.0,0.0
25583,134.96,0.0,0.0,0.0,0.0
25584,130.12,0.0,0.0,0.0,0.0
25585,127.26,0.0,0.0,0.0,0.0
25586,137.28,0.0,0.0,0.0,0.0
25587,138.36,0.0,0.0,0.0,0.0
25588,129.61,0.0,0.0,0.0,0.0
25589,132.27,0.0,0.0,0.0,0.0
25590,121.68,0.0,0.0,0.0,0.0
25591,129.58,0.0,0.0,0.0,0.0
25592,119.33,0.0,0.0,0.0,0.0
25593,114.97,0.0,0.0,0.0,0.0
25594,123.32,0.0,0.0,0.0,0.0
25595,115.73,0.0,0.0,0.0,0.0
25596,122.1,0.0,0.0,0.0,0.0
25597,136.35,0.0,0.0,0.0,0.0
25598,130.23,0.0,0.0,0.0,0.0
25599,127.28,0.0,0.0,0.0,0.0
25600,120.52,0.0,0.0,0.0,0.0
25601,116.38,0.0,0.0,0.0,0.0
25602,115.19,0.0,0.0,0.0,0.0
25603,117.01,0.0,0.0,0.0,0.0
25604,99.87,0.0,0.0,0.0,0.0
25605,99.7,0.0,0.0,0.0,0.0
25606,97.83,0.0,0.0,0.0,0.0
25607,96.9,0.0,0.0,0.0,0.0
25608,120.97,0.0,0.0,0.0,0.0
25609,109.44,0.0,0.0,0.0,0.0
25610,98.32,0.0,0.0,0.0,0.0
25611,96.79,0.0,0.0,0.0,0.0
25612,91.83,0.0,0.0,0.0,0.0
25613,94.15,0.0,0.0,0.0,0.0
25614,113.15,0.0,0.0,0.0,0.0
25615,97.52,0.0,0.0,0.0,0.0
25616,90.53,0.0,0.0,0.0,0.0
25617,106.78,0.0,0.0,0.0,0.0
25618,95.6,0.0,0.0,0.0,0.0
25619,116.38,0.0,0.0,0.0,0.0
25620,125.22,0.0,0.0,0.0,0.0
25621,125.25,0.0,0.0,0.0,0.0
25622,123.72,0.0,0.0,0.0,0.0
25623,137.7,0.0,0.0,0.0,0.0
25624,141.98,0.0,0.0,0.0,0.0
25625,130.99,0.0,0.0,0.0,0.0
25626,137.42,0.0,0.0,0.0,0.0
25627,132.15,0.0,0.0,0.0,0.0
25628,132.83,0.0,0.0,0.0,0.0
25629,145.29,0.0,0.0,0.0,0.0
25630,143.06,0.0,0.0,0.0,0.0
25631,158.21,0.0,0.0,0.0,0.0
25632,150.19,0.0,0.0,0.0,0.0
25633,142.75,0.0,0.0,0.0,0.0
25634,139.74,0.0,0.0,0.0,0.0
25635,137.42,0.0,0.0,0.0,0.0
25636,132.95,0.0,0.0,0.0,0.0
25637,133.85,0.0,0.0,0.0,0.0
25638,140.37,0.0,0.0,0.0,0.0
25639,112.08,0.0,0.0,0.0,0.0
25640,111.65,0.0,0.0,0.0,0.0
25641,104.09,0.0,0.0,0.0,0.0
25642,75.32,0.0,0.0,0.0,0.0
25643,93.25,0.0,0.0,0.0,0.0
25644,62.44,0.0,0.0,0.0,0.0
25645,86.05,0.0,0.0,0.0,0.0
25646,80.9,0.0,0.0,0.0,0.0
25647,70.79,0.0,0.0,0.0,0.0
25648,74.16,0.0,0.0,0.0,0.0
25649,66.6,0.0,0.0,0.0,0.0
25650,79.6,0.0,0.0,0.0,0.0
25651,96.08,0.0,0.0,0.0,0.0
25652,69.12,0.0,0.0,0.0,0.0
25653,66.94,0.0,0.0,0.0,0.0
25654,85.97,0.0,0.0,0.0,0.0
25655,87.05,0.0,0.0,0.0,0.0
25656,92.94,0.0,0.0,0.0,0.0
25657,92.48,0.0,0.0,0.0,0.0
25658,77.33,0.0,0.0,0.0,0.0
25659,91.15,0.0,0.0,0.0,0.0
25660,77.33,0.0,0.0,0.0,0.0
25661,79.15,0.0,0.0,0.0,0.0
25662,92.0,0.0,0.0,0.0,0.0
25663,74.61,0.0,0.0,0.0,0.0
25664,88.55,0.0,0.0,0.0,0.0
25665,73.4,0.0,0.0,0.0,0.0
25666,70.68,0.0,0.0,0.0,0.0
25667,76.68,0.0,0.0,0.0,0.0
25668,55.27,0.0,0.0,0.0,0.0
25669,66.32,0.0,0.0,0.0,0.0
25670,54.11,0.0,0.0,0.0,0.0
25671,89.82,0.0,0.0,0.0,0.0
25672,87.07,0.0,0.0,0.0,0.0
25673,94.24,0.0,0.0,0.0,0.0
25674,99.02,0.0,0.0,0.0,0.0
25675,105.11,0.0,0.0,0.0,0.0
25676,110.83,0.0,0.0,0.0,0.0
25677,148.72,0.0,0.0,0.0,0.0
25678,138.78,0.0,0.0,0.0,0.0
25679,145.18,0.0,0.0,0.0,0.0
25680,165.91,0.0,0.0,0.0,0.0
25681,234.52,0.0,0.0,0.0,0.0
25682,258.56,0.0,0.0,0.0,0.0
25683,244.8,0.0,0.0,0.0,0.0
25684,262.64,0.0,0.0,0.0,0.0
25685,238.85,0.0,0.0,0.0,0.0
25686,227.81,0.0,0.0,0.0,0.0
25687,232.48,0.0,0.0,0.0,0.0
25688,224.61,0.0,0.0,0.0,0.0
25689,224.52,0.0,0.0,0.0,0.0
25690,208.36,0.0,0.0,0.0,0.0
25691,202.1,0.0,0.0,0.0,0.0
25692,215.6,0.0,0.0,0.0,0.0
25693,210.88,0.0,0.0,0.0,0.0
25694,231.41,0.0,0.0,0.0,0.0
25695,230.3,0.0,0.0,0.0,0.0
25696,225.6,0.0,0.0,0.0,0.0
25697,233.27,0.0,0.0,0.0,0.0
25698,253.52,0.0,0.0,0.0,0.0
25699,234.01,0.0,0.0,0.0,0.0
25700,230.61,0.0,0.0,0.0,0.0
25701,239.65,0.0,0.0,0.0,0.0
25702,230.13,0.0,0.0,0.0,0.0
25703,211.1,0.0,0.0,0.0,0.0
25704,195.36,0.0,0.0,0.0,0.0
25705,203.29,0.0,0.0,0.0,0.0
25706,176.41,0.0,0.0,0.0,0.0
25707,201.87,0.0,0.0,0.0,0.0
25708,229.17,0.0,0.0,0.0,0.0
25709,188.17,0.0,0.0,0.0,0.0
25710,176.13,0.0,0.0,0.0,0.0
25711,186.15,0.0,0.0,0.0,0.0
25712,181.48,0.0,0.0,0.0,0.0
25713,179.64,0.0,0.0,0.0,0.0
25714,167.04,0.0,0.0,0.0,0.0
25715,194.82,0.0,0.0,0.0,0.0
25716,223.25,0.0,0.0,0.0,0.0
25717,224.95,0.0,0.0,0.0,0.0
25718,244.32,0.0,0.0,0.0,0.0
25719,259.61,0.0,0.0,0.0,0.0
25720,235.91,0.0,0.0,0.0,0.0
25721,257.54,0.0,0.0,0.0,0.0
25722,226.14,0.0,0.0,0.0,0.0
25723,237.72,0.0,0.0,0.0,0.0
25724,255.02,0.0,0.0,0.0,0.0
25725,227.21,0.0,0.0,0.0,0.0
25726,219.88,0.0,0.0,0.0,0.0
25727,240.16,0.0,0.0,0.0,0.0
25728,247.55,0.0,0.0,0.0,0.0
25729,251.28,0.0,0.0,0.0,0.0
25730,246.47,0.0,0.0,0.0,0.0
25731,265.61,0.0,0.0,0.0,0.0
25732,286.37,0.0,0.0,0.0,0.0
25733,307.1,0.0,0.0,0.0,0.0
25734,293.19,0.0,0.0,0.0,0.0
25735,287.47,0.0,0.0,0.0,0.0
25736,277.87,0.0,0.0,0.0,0.0
25737,273.43,0.0,0.0,0.0,0.0
25738,289.71,0.0,0.0,0.0,0.0
25739,298.74,0.0,0.0,0.0,0.0
25740,325.33,0.0,0.0,0.0,0.0
25741,311.71,0.0,0.0,0.0,0.0
25742,293.19,0.0,0.0,0.0,0.0
25743,275.35,0.0,0.0,0.0,0.0
25744,289.09,0.0,0.0,0.0,0.0
25745,297.58,0.0,0.0,0.0,0.0
25746,304.75,0.0,0.0,0.0,0.0
25747,295.43,0.0,0.0,0.0,0.0
25748,312.87,0.0,0.0,0.0,0.0
25749,293.93,0.0,0.0,0.0,0.0
25750,297.41,0.0,0.0,0.0,0.0
25751,294.95,0.0,0.0,0.0,0.0
25752,293.25,0.0,0.0,0.0,0.0
25753,303.53,0.0,0.0,0.0,0.0
25754,302.74,0.0,0.0,0.0,0.0
25755,281.3,0.0,0.0,0.0,0.0
25756,323.15,0.0,0.0,0.0,0.0
25757,301.8,0.0,0.0,0.0,0.0
25758,301.01,0.0,0.0,0.0,0.0
25759,297.44,0.0,0.0,0.0,0.0
25760,296.14,0.0,0.0,0.0,0.0
25761,279.54,0.0,0.0,0.0,0.0
25762,310.89,0.0,0.0,0.0,0.0
25763,294.35,0.0,0.0,0.0,0.0
25764,303.33,0.0,0.0,0.0,0.0
25765,313.3,0.0,0.0,0.0,0.0
25766,307.61,0.0,0.0,0.0,0.0
25767,294.01,0.0,0.0,0.0,0.0
25768,296.82,0.0,0.0,0.0,0.0
25769,289.57,0.0,0.0,0.0,0.0
25770,294.64,0.0,0.0,0.0,0.0
25771,294.52,0.0,0.0,0.0,0.0
25772,283.11,0.0,0.0,0.0,0.0
25773,262.04,0.0,0.0,0.0,0.0
25774,276.88,0.0,0.0,0.0,0.0
25775,261.96,0.0,0.0,0.0,0.0
25776,279.94,0.0,0.0,0.0,0.0
25777,275.89,0.0,0.0,0.0,0.0
25778,247.32,0.0,0.0,0.0,0.0
25779,252.81,0.0,0.0,0.0,0.0
25780,252.98,0.0,0.0,0.0,0.0
25781,259.21,0.0,0.0,0.0,0.0
25782,249.87,0.0,0.0,0.0,0.0
25783,253.97,0.0,0.0,0.0,0.0
25784,247.63,0.0,0.0,0.0,0.0
25785,260.49,0.0,0.0,0.0,0.0
25786,249.78,0.0,0.0,0.0,0.0
25787,239.39,0.0,0.0,0.0,0.0
25788,243.07,0.0,0.0,0.0,0.0
25789,239.82,0.0,0.0,0.0,0.0
25790,246.24,0.0,0.0,0.0,0.0
25791,218.72,0.0,0.0,0.0,0.0
25792,231.83,0.0,0.0,0.0,0.0
25793,254.51,0.0,0.0,0.0,0.0
25794,236.16,0.0,0.0,0.0,0.0
25795,207.45,0.0,0.0,0.0,0.0
25796,226.45,0.0,0.0,0.0,0.0
25797,219.88,0.0,0.0,0.0,0.0
25798,232.34,0.0,0.0,0.0,0.0
25799,202.89,0.0,0.0,0.0,0.0
25800,225.03,0.0,0.0,0.0,0.0
25801,231.94,0.0,0.0,0.0,0.0
25802,200.0,0.0,0.0,0.0,0.0
25803,191.17,0.0,0.0,0.0,0.0
25804,182.62,0.0,0.0,0.0,0.0
25805,177.91,0.0,0.0,0.0,0.0
25806,171.85,0.0,0.0,0.0,0.0
25807,175.88,0.0,0.0,0.0,0.0
25808,171.52,0.0,0.0,0.0,0.0
25809,161.75,0.0,0.0,0.0,0.0
25810,178.31,0.0,0.0,0.0,0.0
25811,153.82,0.0,0.0,0.0,0.0
25812,155.77,0.0,0.0,0.0,0.0
25813,166.9,0.0,0.0,0.0,0.0
25814,157.89,0.0,0.0,0.0,0.0
25815,169.19,0.0,0.0,0.0,0.0
25816,184.91,0.0,0.0,0.0,0.0
25817,164.15,0.0,0.0,0.0,0.0
25818,164.18,0.0,0.0,0.0,0.0
25819,159.68,0.0,0.0,0.0,0.0
25820,148.35,0.0,0.0,0.0,0.0
25821,145.27,0.0,0.0,0.0,0.0
25822,141.87,0.0,0.0,0.0,0.0
25823,138.58,0.0,0.0,0.0,0.0
25824,150.65,0.0,0.0,0.0,0.0
25825,158.74,0.0,0.0,0.0,0.0
25826,161.38,0.0,0.0,0.0,0.0
25827,143.48,0.0,0.0,0.0,0.0
25828,133.63,0.0,0.0,0.0,0.0
25829,128.33,0.0,0.0,0.0,0.0
25830,137.51,0.0,0.0,0.0,0.0
25831,121.56,0.0,0.0,0.0,0.0
25832,120.77,0.0,0.0,0.0,0.0
25833,116.21,0.0,0.0,0.0,0.0
25834,143.11,0.0,0.0,0.0,0.0
25835,147.73,0.0,0.0,0.0,0.0
25836,122.36,0.0,0.0,0.0,0.0
25837,136.01,0.0,0.0,0.0,0.0
25838,138.53,0.0,0.0,0.0,0.0
25839,133.2,0.0,0.0,0.0,0.0
25840,120.6,0.0,0.0,0.0,0.0
25841,119.41,0.0,0.0,0.0,0.0
25842,127.68,0.0,0.0,0.0,0.0
25843,144.53,0.0,0.0,0.0,0.0
25844,119.07,0.0,0.0,0.0,0.0
25845,147.08,0.0,0.0,0.0,0.0
25846,162.45,0.0,0.0,0.0,0.0
25847,160.02,0.0,0.0,0.0,0.0
25848,167.95,0.0,0.0,0.0,0.0
25849,158.83,0.0,0.0,0.0,0.0
25850,138.72,0.0,0.0,0.0,0.0
25851,150.02,0.0,0.0,0.0,0.0
25852,149.0,0.0,0.0,0.0,0.0
25853,141.56,0.0,0.0,0.0,0.0
25854,149.06,0.0,0.0,0.0,0.0
25855,142.07,0.0,0.0,0.0,0.0
25856,134.34,0.0,0.0,0.0,0.0
25857,130.26,0.0,0.0,0.0,0.0
25858,121.56,0.0,0.0,0.0,0.0
25859,124.17,0.0,0.0,0.0,0.0
25860,115.19,0.0,0.0,0.0,0.0
25861,114.77,0.0,0.0,0.0,0.0
25862,111.29,0.0,0.0,0.0,0.0
25863,104.63,0.0,0.0,0.0,0.0
25864,108.28,0.0,0.0,0.0,0.0
25865,179.61,0.0,0.0,0.0,0.0
25866,122.02,0.0,0.0,0.0,0.0
25867,125.33,0.0,0.0,0.0,0.0
25868,153.0,0.0,0.0,0.0,0.0
25869,128.02,0.0,0.0,0.0,0.0
25870,117.77,0.0,0.0,0.0,0.0
25871,129.75,0.0,0.0,0.0,0.0
25872,127.6,0.0,0.0,0.0,0.0
25873,120.23,0.0,0.0,0.0,0.0
25874,136.37,0.0,0.0,0.0,0.0
25875,126.15,0.0,0.0,0.0,0.0
25876,131.56,0.0,0.0,0.0,0.0
25877,123.86,0.0,0.0,0.0,0.0
25878,110.8,0.0,0.0,0.0,0.0
25879,117.18,0.0,0.0,0.0,0.0
25880,137.82,0.0,0.0,0.0,0.0
25881,141.87,0.0,0.0,0.0,0.0
25882,140.48,0.0,0.0,0.0,0.0
25883,130.85,0.0,0.0,0.0,0.0
25884,127.0,0.0,0.0,0.0,0.0
25885,116.16,0.0,0.0,0.0,0.0
25886,123.91,0.0,0.0,0.0,0.0
25887,124.93,0.0,0.0,0.0,0.0
25888,134.96,0.0,0.0,0.0,0.0
25889,149.26,0.0,0.0,0.0,0.0
25890,114.82,0.0,0.0,0.0,0.0
25891,116.75,0.0,0.0,0.0,0.0
25892,113.44,0.0,0.0,0.0,0.0
25893,99.48,0.0,0.0,0.0,0.0
25894,107.58,0.0,0.0,0.0,0.0
25895,102.73,0.0,0.0,0.0,0.0
25896,107.43,0.0,0.0,0.0,0.0
25897,108.0,0.0,0.0,0.0,0.0
25898,109.53,0.0,0.0,0.0,0.0
25899,114.97,0.0,0.0,0.0,0.0
25900,94.86,0.0,0.0,0.0,0.0
25901,103.38,0.0,0.0,0.0,0.0
25902,110.72,0.0,0.0,0.0,0.0
25903,97.66,0.0,0.0,0.0,0.0
25904,99.0,0.0,0.0,0.0,0.0
25905,92.74,0.0,0.0,0.0,0.0
25906,100.58,0.0,0.0,0.0,0.0
25907,86.79,0.0,0.0,0.0,0.0
25908,83.68,0.0,0.0,0.0,0.0
25909,89.79,0.0,0.0,0.0,0.0
25910,93.96,0.0,0.0,0.0,0.0
25911,98.0,0.0,0.0,0.0,0.0
25912,87.5,0.0,0.0,0.0,0.0
25913,87.3,0.0,0.0,0.0,0.0
25914,89.88,0.0,0.0,0.0,0.0
25915,86.9,0.0,0.0,0.0,0.0
25916,78.1,0.0,0.0,0.0,0.0
25917,86.93,0.0,0.0,0.0,0.0
25918,93.45,0.0,0.0,0.0,0.0
25919,96.16,0.0,0.0,0.0,0.0
25920,79.54,0.0,0.0,0.0,0.0
25921,83.28,0.0,0.0,0.0,0.0
25922,80.42,0.0,0.0,0.0,0.0
25923,84.89,0.0,0.0,0.0,0.0
25924,72.75,0.0,0.0,0.0,0.0
25925,78.41,0.0,0.0,0.0,0.0
25926,84.81,0.0,0.0,0.0,0.0
25927,82.12,0.0,0.0,0.0,0.0
25928,81.33,0.0,0.0,0.0,0.0
25929,83.14,0.0,0.0,0.0,0.0
25930,76.68,0.0,0.0,0.0,0.0
25931,77.59,0.0,0.0,0.0,0.0
25932,88.66,0.0,0.0,0.0,0.0
25933,88.94,0.0,0.0,0.0,0.0
25934,77.11,0.0,0.0,0.0,0.0
25935,81.3,0.0,0.0,0.0,0.0
25936,70.14,0.0,0.0,0.0,0.0
25937,77.53,0.0,0.0,0.0,0.0
25938,74.98,0.0,0.0,0.0,0.0
25939,91.77,0.0,0.0,0.0,0.0
25940,87.3,0.0,0.0,0.0,0.0
25941,73.03,0.0,0.0,0.0,0.0
25942,57.85,0.0,0.0,0.0,0.0
25943,80.14,0.0,0.0,0.0,0.0
25944,98.26,0.0,0.0,0.0,0.0
25945,95.65,0.0,0.0,0.0,0.0
25946,92.03,0.0,0.0,0.0,0.0
25947,69.94,0.0,0.0,0.0,0.0
25948,82.94,0.0,0.0,0.0,0.0
25949,69.55,0.0,0.0,0.0,0.0
25950,85.29,0.0,0.0,0.0,0.0
25951,83.82,0.0,0.0,0.0,0.0
25952,79.37,0.0,0.0,0.0,0.0
25953,82.94,0.0,0.0,0.0,0.0
25954,80.31,0.0,0.0,0.0,0.0
25955,82.88,0.0,0.0,0.0,0.0
25956,79.4,0.0,0.0,0.0,0.0
25957,78.38,0.0,0.0,0.0,0.0
25958,81.92,0.0,0.0,0.0,0.0
25959,59.24,0.0,0.0,0.0,0.0
25960,84.38,0.0,0.0,0.0,0.0
25961,70.85,0.0,0.0,0.0,0.0
25962,77.7,0.0,0.0,0.0,0.0
25963,77.39,0.0,0.0,0.0,0.0
25964,83.08,0.0,0.0,0.0,0.0
25965,71.25,0.0,0.0,0.0,0.0
25966,86.08,0.0,0.0,0.0,0.0
25967,78.04,0.0,0.0,0.0,0.0
25968,49.67,0.0,0.0,0.0,0.0
25969,81.69,0.0,0.0,0.0,0.0
25970,83.19,0.0,0.0,0.0,0.0
25971,87.47,0.0,0.0,0.0,0.0
25972,82.6,0.0,0.0,0.0,0.0
25973,77.11,0.0,0.0,0.0,0.0
25974,82.88,0.0,0.0,0.0,0.0
25975,92.06,0.0,0.0,0.0,0.0
25976,88.26,0.0,0.0,0.0,0.0
25977,87.16,0.0,0.0,0.0,0.0
25978,89.17,0.0,0.0,0.0,0.0
25979,61.08,0.0,0.0,0.0,0.0
25980,79.34,0.0,0.0,0.0,0.0
25981,73.71,0.0,0.0,0.0,0.0
25982,72.86,0.0,0.0,0.0,0.0
25983,74.44,0.0,0.0,0.0,0.0
25984,73.4,0.0,0.0,0.0,0.0
25985,77.19,0.0,0.0,0.0,0.0
25986,90.87,0.0,0.0,0.0,0.0
25987,85.15,0.0,0.0,0.0,0.0
25988,76.63,0.0,0.0,0.0,0.0
25989,93.87,0.0,0.0,0.0,0.0
25990,74.98,0.0,0.0,0.0,0.0
25991,77.19,0.0,0.0,0.0,0.0
25992,79.0,0.0,0.0,0.0,0.0
25993,78.78,0.0,0.0,0.0,0.0
25994,83.11,0.0,0.0,0.0,0.0
25995,103.67,0.0,0.0,0.0,0.0
25996,97.47,0.0,0.0,0.0,0.0
25997,93.08,0.0,0.0,0.0,0.0
25998,92.79,0.0,0.0,0.0,0.0
25999,87.84,0.0,0.0,0.0,0.0
26000,96.39,0.0,0.0,0.0,0.0
26001,77.79,0.0,0.0,0.0,0.0
26002,98.57,0.0,0.0,0.0,0.0
26003,96.96,0.0,0.0,0.0,0.0
26004,80.5,0.0,0.0,0.0,0.0
26005,79.4,0.0,0.0,0.0,0.0
26006,89.0,0.0,0.0,0.0,0.0
26007,90.25,0.0,0.0,0.0,0.0
26008,92.37,0.0,0.0,0.0,0.0
26009,89.85,0.0,0.0,0.0,0.0
26010,75.18,0.0,0.0,0.0,0.0
26011,76.09,0.0,0.0,0.0,0.0
26012,78.89,0.0,0.0,0.0,0.0
26013,89.79,0.0,0.0,0.0,0.0
26014,88.41,0.0,0.0,0.0,0.0
26015,91.29,0.0,0.0,0.0,0.0
26016,87.5,0.0,0.0,0.0,0.0
26017,78.81,0.0,0.0,0.0,0.0
26018,78.69,0.0,0.0,0.0,0.0
26019,85.09,0.0,0.0,0.0,0.0
26020,82.26,0.0,0.0,0.0,0.0
26021,82.66,0.0,0.0,0.0,0.0
26022,89.48,0.0,0.0,0.0,0.0
26023,99.28,0.0,0.0,0.0,0.0
26024,101.86,0.0,0.0,0.0,0.0
26025,103.19,0.0,0.0,0.0,0.0
26026,113.21,0.0,0.0,0.0,0.0
26027,117.91,0.0,0.0,0.0,0.0
26028,120.4,0.0,0.0,0.0,0.0
26029,107.35,0.0,0.0,0.0,0.0
26030,105.42,0.0,0.0,0.0,0.0
26031,125.87,0.0,0.0,0.0,0.0
26032,134.82,0.0,0.0,0.0,0.0
26033,97.21,0.0,0.0,0.0,0.0
26034,160.67,0.0,0.0,0.0,0.0
26035,120.43,0.0,0.0,0.0,0.0
26036,134.19,0.0,0.0,0.0,0.0
26037,142.46,0.0,0.0,0.0,0.0
26038,150.31,0.0,0.0,0.0,0.0
26039,158.66,0.0,0.0,0.0,0.0
26040,156.73,0.0,0.0,0.0,0.0
26041,187.94,0.0,0.0,0.0,0.0
26042,177.94,0.0,0.0,0.0,0.0
26043,183.15,0.0,0.0,0.0,0.0
26044,162.31,0.0,0.0,0.0,0.0
26045,193.6,0.0,0.0,0.0,0.0
26046,180.52,0.0,0.0,0.0,0.0
26047,171.18,0.0,0.0,0.0,0.0
26048,207.0,0.0,0.0,0.0,0.0
26049,171.54,0.0,0.0,0.0,0.0
26050,186.49,0.0,0.0,0.0,0.0
26051,219.6,0.0,0.0,0.0,0.0
26052,202.15,0.0,0.0,0.0,0.0
26053,201.28,0.0,0.0,0.0,0.0
26054,200.17,0.0,0.0,0.0,0.0
26055,217.73,0.0,0.0,0.0,0.0
26056,216.2,0.0,0.0,0.0,0.0
26057,217.08,0.0,0.0,0.0,0.0
26058,215.29,0.0,0.0,0.0,0.0
26059,215.94,0.0,0.0,0.0,0.0
26060,245.9,0.0,0.0,0.0,0.0
26061,247.38,0.0,0.0,0.0,0.0
26062,243.04,0.0,0.0,0.0,0.0
26063,250.46,0.0,0.0,0.0,0.0
26064,271.87,0.0,0.0,0.0,0.0
26065,234.41,0.0,0.0,0.0,0.0
26066,243.24,0.0,0.0,0.0,0.0
26067,230.53,0.0,0.0,0.0,0.0
26068,246.1,0.0,0.0,0.0,0.0
26069,229.48,0.0,0.0,0.0,0.0
26070,239.31,0.0,0.0,0.0,0.0
26071,236.02,0.0,0.0,0.0,0.0
26072,233.05,0.0,0.0,0.0,0.0
26073,240.55,0.0,0.0,0.0,0.0
26074,222.68,0.0,0.0,0.0,0.0
26075,222.29,0.0,0.0,0.0,0.0
26076,217.93,0.0,0.0,0.0,0.0
26077,242.0,0.0,0.0,0.0,0.0
26078,231.35,0.0,0.0,0.0,0.0
26079,195.7,0.0,0.0,0.0,0.0
26080,187.94,0.0,0.0,0.0,0.0
26081,196.49,0.0,0.0,0.0,0.0
26082,163.64,0.0,0.0,0.0,0.0
26083,202.47,0.0,0.0,0.0,0.0
26084,178.11,0.0,0.0,0.0,0.0
26085,189.67,0.0,0.0,0.0,0.0
26086,164.92,0.0,0.0,0.0,0.0
26087,151.44,0.0,0.0,0.0,0.0
26088,179.05,0.0,0.0,0.0,0.0
26089,200.48,0.0,0.0,0.0,0.0
26090,190.74,0.0,0.0,0.0,0.0
26091,172.99,0.0,0.0,0.0,0.0
26092,156.03,0.0,0.0,0.0,0.0
26093,174.66,0.0,0.0,0.0,0.0
26094,156.56,0.0,0.0,0.0,0.0
26095,165.23,0.0,0.0,0.0,0.0
26096,157.78,0.0,0.0,0.0,0.0
26097,144.98,0.0,0.0,0.0,0.0
26098,150.73,0.0,0.0,0.0,0.0
26099,168.68,0.0,0.0,0.0,0.0
26100,154.67,0.0,0.0,0.0,0.0
26101,200.57,0.0,0.0,0.0,0.0
26102,200.45,0.0,0.0,0.0,0.0
26103,178.99,0.0,0.0,0.0,0.0
26104,174.23,0.0,0.0,0.0,0.0
26105,179.81,0.0,0.0,0.0,0.0
26106,172.68,0.0,0.0,0.0,0.0
26107,138.61,0.0,0.0,0.0,0.0
26108,159.82,0.0,0.0,0.0,0.0
26109,184.77,0.0,0.0,0.0,0.0
26110,185.65,0.0,0.0,0.0,0.0
26111,214.08,0.0,0.0,0.0,0.0
26112,196.97,0.0,0.0,0.0,0.0
26113,199.44,0.0,0.0,0.0,0.0
26114,171.03,0.0,0.0,0.0,0.0
26115,198.84,0.0,0.0,0.0,0.0
26116,185.84,0.0,0.0,0.0,0.0
26117,197.14,0.0,0.0,0.0,0.0
26118,204.96,0.0,0.0,0.0,0.0
26119,191.11,0.0,0.0,0.0,0.0
26120,210.37,0.0,0.0,0.0,0.0
26121,204.7,0.0,0.0,0.0,0.0
26122,197.74,0.0,0.0,0.0,0.0
26123,211.07,0.0,0.0,0.0,0.0
26124,187.06,0.0,0.0,0.0,0.0
26125,193.77,0.0,0.0,0.0,0.0
26126,202.72,0.0,0.0,0.0,0.0
26127,203.99,0.0,0.0,0.0,0.0
26128,191.62,0.0,0.0,0.0,0.0
26129,201.93,0.0,0.0,0.0,0.0
26130,191.34,0.0,0.0,0.0,0.0
26131,189.86,0.0,0.0,0.0,0.0
26132,205.44,0.0,0.0,0.0,0.0
26133,190.32,0.0,0.0,0.0,0.0
26134,190.18,0.0,0.0,0.0,0.0
26135,204.22,0.0,0.0,0.0,0.0
26136,198.5,0.0,0.0,0.0,0.0
26137,195.19,0.0,0.0,0.0,0.0
26138,177.66,0.0,0.0,0.0,0.0
26139,203.37,0.0,0.0,0.0,0.0
26140,195.73,0.0,0.0,0.0,0.0
26141,202.95,0.0,0.0,0.0,0.0
26142,193.55,0.0,0.0,0.0,0.0
26143,189.58,0.0,0.0,0.0,0.0
26144,178.65,0.0,0.0,0.0,0.0
26145,186.55,0.0,0.0,0.0,0.0
26146,181.23,0.0,0.0,0.0,0.0
26147,193.46,0.0,0.0,0.0,0.0
26148,193.91,0.0,0.0,0.0,0.0
26149,167.66,0.0,0.0,0.0,0.0
26150,164.78,0.0,0.0,0.0,0.0
26151,187.6,0.0,0.0,0.0,0.0
26152,186.1,0.0,0.0,0.0,0.0
26153,188.76,0.0,0.0,0.0,0.0
26154,186.44,0.0,0.0,0.0,0.0
26155,169.05,0.0,0.0,0.0,0.0
26156,172.82,0.0,0.0,0.0,0.0
26157,161.21,0.0,0.0,0.0,0.0
26158,173.5,0.0,0.0,0.0,0.0
26159,171.83,0.0,0.0,0.0,0.0
26160,174.43,0.0,0.0,0.0,0.0
26161,189.61,0.0,0.0,0.0,0.0
26162,173.47,0.0,0.0,0.0,0.0
26163,162.96,0.0,0.0,0.0,0.0
26164,163.73,0.0,0.0,0.0,0.0
26165,161.12,0.0,0.0,0.0,0.0
26166,152.26,0.0,0.0,0.0,0.0
26167,155.01,0.0,0.0,0.0,0.0
26168,146.23,0.0,0.0,0.0,0.0
26169,142.63,0.0,0.0,0.0,0.0
26170,141.64,0.0,0.0,0.0,0.0
26171,152.85,0.0,0.0,0.0,0.0
26172,155.83,0.0,0.0,0.0,0.0
26173,147.47,0.0,0.0,0.0,0.0
26174,159.37,0.0,0.0,0.0,0.0
26175,147.45,0.0,0.0,0.0,0.0
26176,159.06,0.0,0.0,0.0,0.0
26177,135.52,0.0,0.0,0.0,0.0
26178,145.07,0.0,0.0,0.0,0.0
26179,158.83,0.0,0.0,0.0,0.0
26180,151.44,0.0,0.0,0.0,0.0
26181,161.01,0.0,0.0,0.0,0.0
26182,160.92,0.0,0.0,0.0,0.0
26183,159.57,0.0,0.0,0.0,0.0
26184,161.01,0.0,0.0,0.0,0.0
26185,143.23,0.0,0.0,0.0,0.0
26186,146.85,0.0,0.0,0.0,0.0
26187,150.39,0.0,0.0,0.0,0.0
26188,133.6,0.0,0.0,0.0,0.0
26189,131.16,0.0,0.0,0.0,0.0
26190,136.52,0.0,0.0,0.0,0.0
26191,139.46,0.0,0.0,0.0,0.0
26192,130.4,0.0,0.0,0.0,0.0
26193,130.65,0.0,0.0,0.0,0.0
26194,146.03,0.0,0.0,0.0,0.0
26195,147.36,0.0,0.0,0.0,0.0
26196,129.15,0.0,0.0,0.0,0.0
26197,134.31,0.0,0.0,0.0,0.0
26198,117.54,0.0,0.0,0.0,0.0
26199,129.52,0.0,0.0,0.0,0.0
26200,139.69,0.0,0.0,0.0,0.0
26201,123.04,0.0,0.0,0.0,0.0
26202,113.32,0.0,0.0,0.0,0.0
26203,128.47,0.0,0.0,0.0,0.0
26204,142.26,0.0,0.0,0.0,0.0
26205,141.02,0.0,0.0,0.0,0.0
26206,123.26,0.0,0.0,0.0,0.0
26207,142.01,0.0,0.0,0.0,0.0
26208,137.22,0.0,0.0,0.0,0.0
26209,137.28,0.0,0.0,0.0,0.0
26210,142.94,0.0,0.0,0.0,0.0
26211,131.56,0.0,0.0,0.0,0.0
26212,125.02,0.0,0.0,0.0,0.0
26213,131.67,0.0,0.0,0.0,0.0
26214,134.17,0.0,0.0,0.0,0.0
26215,136.4,0.0,0.0,0.0,0.0
26216,144.44,0.0,0.0,0.0,0.0
26217,137.9,0.0,0.0,0.0,0.0
26218,140.45,0.0,0.0,0.0,0.0
26219,138.84,0.0,0.0,0.0,0.0
26220,129.18,0.0,0.0,0.0,0.0
26221,126.94,0.0,0.0,0.0,0.0
26222,143.45,0.0,0.0,0.0,0.0
26223,162.45,0.0,0.0,0.0,0.0
26224,167.44,0.0,0.0,0.0,0.0
26225,168.29,0.0,0.0,0.0,0.0
26226,153.99,0.0,0.0,0.0,0.0
26227,148.35,0.0,0.0,0.0,0.0
26228,124.57,0.0,0.0,0.0,0.0
26229,127.99,0.0,0.0,0.0,0.0
26230,136.2,0.0,0.0,0.0,0.0
26231,130.23,0.0,0.0,0.0,0.0
26232,137.37,0.0,0.0,0.0,0.0
26233,138.13,0.0,0.0,0.0,0.0
26234,152.49,0.0,0.0,0.0,0.0
26235,135.86,0.0,0.0,0.0,0.0
26236,135.81,0.0,0.0,0.0,0.0
26237,125.5,0.0,0.0,0.0,0.0
26238,140.68,0.0,0.0,0.0,0.0
26239,85.55,0.0,0.0,0.0,0.0
26240,93.9,0.0,0.0,0.0,0.0
26241,97.13,0.0,0.0,0.0,0.0
26242,75.49,0.0,0.0,0.0,0.0
26243,90.53,0.0,0.0,0.0,0.0
26244,88.09,0.0,0.0,0.0,0.0
26245,104.97,0.0,0.0,0.0,0.0
26246,99.42,0.0,0.0,0.0,0.0
26247,48.99,0.0,0.0,0.0,0.0
26248,82.35,0.0,0.0,0.0,0.0
26249,98.83,0.0,0.0,0.0,0.0
26250,74.28,0.0,0.0,0.0,0.0
26251,83.19,0.0,0.0,0.0,0.0
26252,80.99,0.0,0.0,0.0,0.0
26253,69.6,0.0,0.0,0.0,0.0
26254,81.64,0.0,0.0,0.0,0.0
26255,79.03,0.0,0.0,0.0,0.0
26256,83.11,0.0,0.0,0.0,0.0
26257,85.66,0.0,0.0,0.0,0.0
26258,78.38,0.0,0.0,0.0,0.0
26259,80.14,0.0,0.0,0.0,0.0
26260,72.01,0.0,0.0,0.0,0.0
26261,76.97,0.0,0.0,0.0,0.0
26262,88.38,0.0,0.0,0.0,0.0
26263,98.37,0.0,0.0,0.0,0.0
26264,82.12,0.0,0.0,0.0,0.0
26265,84.89,0.0,0.0,0.0,0.0
26266,92.74,0.0,0.0,0.0,0.0
26267,76.68,0.0,0.0,0.0,0.0
26268,101.29,0.0,0.0,0.0,0.0
26269,77.76,0.0,0.0,0.0,0.0
26270,78.18,0.0,0.0,0.0,0.0
26271,83.17,0.0,0.0,0.0,0.0
26272,85.52,0.0,0.0,0.0,0.0
26273,84.07,0.0,0.0,0.0,0.0
26274,71.98,0.0,0.0,0.0,0.0
26275,83.48,0.0,0.0,0.0,0.0
26276,56.15,0.0,0.0,0.0,0.0
26277,69.01,0.0,0.0,0.0,0.0
26278,89.88,0.0,0.0,0.0,0.0
26279,83.96,0.0,0.0,0.0,0.0
26280,37.18,0.0,0.0,0.0,0.0
26281,84.53,0.0,0.0,0.0,0.0
26282,71.05,0.0,0.0,0.0,0.0
26283,47.88,0.0,0.0,0.0,0.0
26284,49.3,0.0,0.0,0.0,0.0
26285,87.3,0.0,0.0,0.0,0.0
26286,73.68,0.0,0.0,0.0,0.0
26287,71.81,0.0,0.0,0.0,0.0
26288,57.91,0.0,0.0,0.0,0.0
26289,78.55,0.0,0.0,0.0,0.0
26290,68.84,0.0,0.0,0.0,0.0
26291,66.15,0.0,0.0,0.0,0.0
26292,74.44,0.0,0.0,0.0,0.0
26293,82.94,0.0,0.0,0.0,0.0
26294,100.38,0.0,0.0,0.0,0.0
26295,63.06,0.0,0.0,0.0,0.0
26296,110.24,0.0,0.0,0.0,0.0
26297,91.41,0.0,0.0,0.0,0.0
26298,85.52,0.0,0.0,0.0,0.0
26299,83.02,0.0,0.0,0.0,0.0
26300,78.07,0.0,0.0,0.0,0.0
26301,85.23,0.0,0.0,0.0,0.0
26302,52.3,0.0,0.0,0.0,0.0
26303,79.0,0.0,0.0,0.0,0.0
26304,76.68,0.0,0.0,0.0,0.0
26305,57.54,0.0,0.0,0.0,0.0
26306,76.82,0.0,0.0,0.0,0.0
26307,64.08,0.0,0.0,0.0,0.0
26308,74.59,0.0,0.0,0.0,0.0
26309,83.17,0.0,0.0,0.0,0.0
26310,103.24,0.0,0.0,0.0,0.0
26311,86.2,0.0,0.0,0.0,0.0
26312,84.07,0.0,0.0,0.0,0.0
26313,80.22,0.0,0.0,0.0,0.0
26314,83.48,0.0,0.0,0.0,0.0
26315,67.93,0.0,0.0,0.0,0.0
26316,66.49,0.0,0.0,0.0,0.0
26317,90.59,0.0,0.0,0.0,0.0
26318,94.66,0.0,0.0,0.0,0.0
26319,86.14,0.0,0.0,0.0,0.0
26320,89.51,0.0,0.0,0.0,0.0
26321,91.44,0.0,0.0,0.0,0.0
26322,81.1,0.0,0.0,0.0,0.0
26323,81.69,0.0,0.0,0.0,0.0
26324,88.63,0.0,0.0,0.0,0.0
26325,92.43,0.0,0.0,0.0,0.0
26326,77.14,0.0,0.0,0.0,0.0
26327,82.12,0.0,0.0,0.0,0.0
26328,84.89,0.0,0.0,0.0,0.0
26329,94.13,0.0,0.0,0.0,0.0
26330,72.72,0.0,0.0,0.0,0.0
26331,89.23,0.0,0.0,0.0,0.0
26332,81.18,0.0,0.0,0.0,0.0
26333,79.88,0.0,0.0,0.0,0.0
26334,86.39,0.0,0.0,0.0,0.0
26335,86.08,0.0,0.0,0.0,0.0
26336,78.55,0.0,0.0,0.0,0.0
26337,79.91,0.0,0.0,0.0,0.0
26338,88.04,0.0,0.0,0.0,0.0
26339,86.51,0.0,0.0,0.0,0.0
26340,85.63,0.0,0.0,0.0,0.0
26341,81.78,0.0,0.0,0.0,0.0
26342,83.22,0.0,0.0,0.0,0.0
26343,82.63,0.0,0.0,0.0,0.0
26344,81.75,0.0,0.0,0.0,0.0
26345,78.98,0.0,0.0,0.0,0.0
26346,93.87,0.0,0.0,0.0,0.0
26347,82.46,0.0,0.0,0.0,0.0
26348,77.81,0.0,0.0,0.0,0.0
26349,74.87,0.0,0.0,0.0,0.0
26350,76.88,0.0,0.0,0.0,0.0
26351,80.05,0.0,0.0,0.0,0.0
26352,68.44,0.0,0.0,0.0,0.0
26353,83.9,0.0,0.0,0.0,0.0
26354,80.59,0.0,0.0,0.0,0.0
26355,75.78,0.0,0.0,0.0,0.0
26356,86.85,0.0,0.0,0.0,0.0
26357,91.12,0.0,0.0,0.0,0.0
26358,79.17,0.0,0.0,0.0,0.0
26359,77.36,0.0,0.0,0.0,0.0
26360,88.6,0.0,0.0,0.0,0.0
26361,82.2,0.0,0.0,0.0,0.0
26362,89.23,0.0,0.0,0.0,0.0
26363,80.62,0.0,0.0,0.0,0.0
26364,76.34,0.0,0.0,0.0,0.0
26365,80.33,0.0,0.0,0.0,0.0
26366,82.71,0.0,0.0,0.0,0.0
26367,87.78,0.0,0.0,0.0,0.0
26368,83.59,0.0,0.0,0.0,0.0
26369,82.2,0.0,0.0,0.0,0.0
26370,92.0,0.0,0.0,0.0,0.0
26371,88.83,0.0,0.0,0.0,0.0
26372,88.52,0.0,0.0,0.0,0.0
26373,82.26,0.0,0.0,0.0,0.0
26374,82.94,0.0,0.0,0.0,0.0
26375,85.94,0.0,0.0,0.0,0.0
26376,100.84,0.0,0.0,0.0,0.0
26377,63.2,0.0,0.0,0.0,0.0
26378,81.55,0.0,0.0,0.0,0.0
26379,84.78,0.0,0.0,0.0,0.0
26380,81.78,0.0,0.0,0.0,0.0
26381,80.7,0.0,0.0,0.0,0.0
26382,87.19,0.0,0.0,0.0,0.0
26383,82.35,0.0,0.0,0.0,0.0
26384,71.47,0.0,0.0,0.0,0.0
26385,95.68,0.0,0.0,0.0,0.0
26386,76.09,0.0,0.0,0.0,0.0
26387,101.35,0.0,0.0,0.0,0.0
26388,88.07,0.0,0.0,0.0,0.0
26389,88.46,0.0,0.0,0.0,0.0
26390,88.74,0.0,0.0,0.0,0.0
26391,73.88,0.0,0.0,0.0,0.0
26392,74.19,0.0,0.0,0.0,0.0
26393,78.55,0.0,0.0,0.0,0.0
26394,81.41,0.0,0.0,0.0,0.0
26395,86.88,0.0,0.0,0.0,0.0
26396,91.24,0.0,0.0,0.0,0.0
26397,70.59,0.0,0.0,0.0,0.0
26398,76.57,0.0,0.0,0.0,0.0
26399,84.24,0.0,0.0,0.0,0.0
26400,70.54,0.0,0.0,0.0,0.0
26401,70.85,0.0,0.0,0.0,0.0
26402,78.69,0.0,0.0,0.0,0.0
26403,71.81,0.0,0.0,0.0,0.0
26404,90.36,0.0,0.0,0.0,0.0
26405,98.43,0.0,0.0,0.0,0.0
26406,85.83,0.0,0.0,0.0,0.0
26407,93.79,0.0,0.0,0.0,0.0
26408,86.14,0.0,0.0,0.0,0.0
26409,84.95,0.0,0.0,0.0,0.0
26410,78.72,0.0,0.0,0.0,0.0
26411,100.02,0.0,0.0,0.0,0.0
26412,65.02,0.0,0.0,0.0,0.0
26413,94.47,0.0,0.0,0.0,0.0
26414,95.97,0.0,0.0,0.0,0.0
26415,81.61,0.0,0.0,0.0,0.0
26416,73.17,0.0,0.0,0.0,0.0
26417,87.92,0.0,0.0,0.0,0.0
26418,86.03,0.0,0.0,0.0,0.0
26419,73.31,0.0,0.0,0.0,0.0
26420,83.17,0.0,0.0,0.0,0.0
26421,75.41,0.0,0.0,0.0,0.0
26422,77.64,0.0,0.0,0.0,0.0
26423,99.25,0.0,0.0,0.0,0.0
26424,89.91,0.0,0.0,0.0,0.0
26425,80.08,0.0,0.0,0.0,0.0
26426,84.87,0.0,0.0,0.0,0.0
26427,81.04,0.0,0.0,0.0,0.0
26428,87.64,0.0,0.0,0.0,0.0
26429,95.99,0.0,0.0,0.0,0.0
26430,77.5,0.0,0.0,0.0,0.0
26431,90.22,0.0,0.0,0.0,0.0
26432,93.56,0.0,0.0,0.0,0.0
26433,92.77,0.0,0.0,0.0,0.0
26434,94.75,0.0,0.0,0.0,0.0
26435,91.89,0.0,0.0,0.0,0.0
26436,85.29,0.0,0.0,0.0,0.0
26437,90.27,0.0,0.0,0.0,0.0
26438,76.4,0.0,0.0,0.0,0.0
26439,98.49,0.0,0.0,0.0,0.0
26440,85.15,0.0,0.0,0.0,0.0
26441,99.53,0.0,0.0,0.0,0.0
26442,110.55,0.0,0.0,0.0,0.0
26443,108.17,0.0,0.0,0.0,0.0
26444,76.51,0.0,0.0,0.0,0.0
26445,99.62,0.0,0.0,0.0,0.0
26446,86.51,0.0,0.0,0.0,0.0
26447,116.04,0.0,0.0,0.0,0.0
26448,80.79,0.0,0.0,0.0,0.0
26449,101.88,0.0,0.0,0.0,0.0
26450,92.91,0.0,0.0,0.0,0.0
26451,84.81,0.0,0.0,0.0,0.0
26452,88.43,0.0,0.0,0.0,0.0
26453,93.84,0.0,0.0,0.0,0.0
26454,98.2,0.0,0.0,0.0,0.0
26455,101.77,0.0,0.0,0.0,0.0
26456,89.79,0.0,0.0,0.0,0.0
26457,90.76,0.0,0.0,0.0,0.0
26458,91.61,0.0,0.0,0.0,0.0
26459,105.17,0.0,0.0,0.0,0.0
26460,98.37,0.0,0.0,0.0,0.0
26461,92.23,0.0,0.0,0.0,0.0
26462,68.02,0.0,0.0,0.0,0.0
26463,115.42,0.0,0.0,0.0,0.0
26464,100.07,0.0,0.0,0.0,0.0
26465,103.36,0.0,0.0,0.0,0.0
26466,81.18,0.0,0.0,0.0,0.0
26467,77.93,0.0,0.0,0.0,0.0
26468,95.51,0.0,0.0,0.0,0.0
26469,107.94,0.0,0.0,0.0,0.0
26470,105.79,0.0,0.0,0.0,0.0
26471,72.04,0.0,0.0,0.0,0.0
26472,123.63,0.0,0.0,0.0,0.0
26473,104.4,0.0,0.0,0.0,0.0
26474,103.95,0.0,0.0,0.0,0.0
26475,105.54,0.0,0.0,0.0,0.0
26476,101.03,0.0,0.0,0.0,0.0
26477,119.92,0.0,0.0,0.0,0.0
26478,121.25,0.0,0.0,0.0,0.0
26479,94.27,0.0,0.0,0.0,0.0
26480,104.06,0.0,0.0,0.0,0.0
26481,103.87,0.0,0.0,0.0,0.0
26482,97.64,0.0,0.0,0.0,0.0
26483,113.15,0.0,0.0,0.0,0.0
26484,107.35,0.0,0.0,0.0,0.0
26485,104.46,0.0,0.0,0.0,0.0
26486,95.31,0.0,0.0,0.0,0.0
26487,119.13,0.0,0.0,0.0,0.0
26488,107.66,0.0,0.0,0.0,0.0
26489,104.18,0.0,0.0,0.0,0.0
26490,107.55,0.0,0.0,0.0,0.0
26491,147.33,0.0,0.0,0.0,0.0
26492,120.29,0.0,0.0,0.0,0.0
26493,89.85,0.0,0.0,0.0,0.0
26494,122.75,0.0,0.0,0.0,0.0
26495,107.69,0.0,0.0,0.0,0.0
26496,107.41,0.0,0.0,0.0,0.0
26497,92.23,0.0,0.0,0.0,0.0
26498,108.54,0.0,0.0,0.0,0.0
26499,106.19,0.0,0.0,0.0,0.0
26500,109.81,0.0,0.0,0.0,0.0
26501,92.23,0.0,0.0,0.0,0.0
26502,102.08,0.0,0.0,0.0,0.0
26503,114.6,0.0,0.0,0.0,0.0
26504,103.55,0.0,0.0,0.0,0.0
26505,113.35,0.0,0.0,0.0,0.0
26506,99.59,0.0,0.0,0.0,0.0
26507,104.49,0.0,0.0,0.0,0.0
26508,105.54,0.0,0.0,0.0,0.0
26509,103.78,0.0,0.0,0.0,0.0
26510,102.99,0.0,0.0,0.0,0.0
26511,117.54,0.0,0.0,0.0,0.0
26512,110.89,0.0,0.0,0.0,0.0
26513,103.16,0.0,0.0,0.0,0.0
26514,106.61,0.0,0.0,0.0,0.0
26515,97.95,0.0,0.0,0.0,0.0
26516,105.88,0.0,0.0,0.0,0.0
26517,110.66,0.0,0.0,0.0,0.0
26518,112.02,0.0,0.0,0.0,0.0
26519,102.0,0.0,0.0,0.0,0.0
26520,106.73,0.0,0.0,0.0,0.0
26521,109.5,0.0,0.0,0.0,0.0
26522,110.49,0.0,0.0,0.0,0.0
26523,107.41,0.0,0.0,0.0,0.0
26524,99.68,0.0,0.0,0.0,0.0
26525,96.99,0.0,0.0,0.0,0.0
26526,110.72,0.0,0.0,0.0,0.0
26527,111.74,0.0,0.0,0.0,0.0
26528,105.37,0.0,0.0,0.0,0.0
26529,110.52,0.0,0.0,0.0,0.0
26530,101.18,0.0,0.0,0.0,0.0
26531,92.77,0.0,0.0,0.0,0.0
26532,116.69,0.0,0.0,0.0,0.0
26533,101.01,0.0,0.0,0.0,0.0
26534,95.99,0.0,0.0,0.0,0.0
26535,99.79,0.0,0.0,0.0,0.0
26536,108.77,0.0,0.0,0.0,0.0
26537,97.44,0.0,0.0,0.0,0.0
26538,92.94,0.0,0.0,0.0,0.0
26539,97.95,0.0,0.0,0.0,0.0
26540,97.66,0.0,0.0,0.0,0.0
26541,98.15,0.0,0.0,0.0,0.0
26542,112.08,0.0,0.0,0.0,0.0
26543,117.26,0.0,0.0,0.0,0.0
26544,103.27,0.0,0.0,0.0,0.0
26545,104.94,0.0,0.0,0.0,0.0
26546,111.54,0.0,0.0,0.0,0.0
26547,114.12,0.0,0.0,0.0,0.0
26548,82.49,0.0,0.0,0.0,0.0
26549,95.51,0.0,0.0,0.0,0.0
26550,109.67,0.0,0.0,0.0,0.0
26551,103.38,0.0,0.0,0.0,0.0
26552,118.56,0.0,0.0,0.0,0.0
26553,101.43,0.0,0.0,0.0,0.0
26554,87.33,0.0,0.0,0.0,0.0
26555,99.45,0.0,0.0,0.0,0.0
26556,104.69,0.0,0.0,0.0,0.0
26557,107.52,0.0,0.0,0.0,0.0
26558,109.39,0.0,0.0,0.0,0.0
26559,106.16,0.0,0.0,0.0,0.0
26560,103.38,0.0,0.0,0.0,0.0
26561,98.57,0.0,0.0,0.0,0.0
26562,106.47,0.0,0.0,0.0,0.0
26563,99.96,0.0,0.0,0.0,0.0
26564,96.67,0.0,0.0,0.0,0.0
26565,92.43,0.0,0.0,0.0,0.0
26566,95.63,0.0,0.0,0.0,0.0
26567,119.38,0.0,0.0,0.0,0.0
26568,108.45,0.0,0.0,0.0,0.0
26569,106.47,0.0,0.0,0.0,0.0
26570,104.86,0.0,0.0,0.0,0.0
26571,108.77,0.0,0.0,0.0,0.0
26572,118.65,0.0,0.0,0.0,0.0
26573,98.94,0.0,0.0,0.0,0.0
26574,102.65,0.0,0.0,0.0,0.0
26575,99.11,0.0,0.0,0.0,0.0
26576,113.81,0.0,0.0,0.0,0.0
26577,113.92,0.0,0.0,0.0,0.0
26578,102.62,0.0,0.0,0.0,0.0
26579,104.86,0.0,0.0,0.0,0.0
26580,101.77,0.0,0.0,0.0,0.0
26581,106.58,0.0,0.0,0.0,0.0
26582,101.03,0.0,0.0,0.0,0.0
26583,96.31,0.0,0.0,0.0,0.0
26584,96.11,0.0,0.0,0.0,0.0
26585,99.73,0.0,0.0,0.0,0.0
26586,93.36,0.0,0.0,0.0,0.0
26587,95.46,0.0,0.0,0.0,0.0
26588,89.91,0.0,0.0,0.0,0.0
26589,105.54,0.0,0.0,0.0,0.0
26590,101.26,0.0,0.0,0.0,0.0
26591,101.83,0.0,0.0,0.0,0.0
26592,103.13,0.0,0.0,0.0,0.0
26593,95.2,0.0,0.0,0.0,0.0
26594,103.53,0.0,0.0,0.0,0.0
26595,106.39,0.0,0.0,0.0,0.0
26596,92.37,0.0,0.0,0.0,0.0
26597,97.86,0.0,0.0,0.0,0.0
26598,95.14,0.0,0.0,0.0,0.0
26599,98.15,0.0,0.0,0.0,0.0
26600,101.97,0.0,0.0,0.0,0.0
26601,107.29,0.0,0.0,0.0,0.0
26602,107.26,0.0,0.0,0.0,0.0
26603,103.05,0.0,0.0,0.0,0.0
26604,100.92,0.0,0.0,0.0,0.0
26605,95.99,0.0,0.0,0.0,0.0
26606,111.46,0.0,0.0,0.0,0.0
26607,105.17,0.0,0.0,0.0,0.0
26608,102.22,0.0,0.0,0.0,0.0
26609,95.54,0.0,0.0,0.0,0.0
26610,106.07,0.0,0.0,0.0,0.0
26611,104.23,0.0,0.0,0.0,0.0
26612,100.16,0.0,0.0,0.0,0.0
26613,86.08,0.0,0.0,0.0,0.0
26614,84.81,0.0,0.0,0.0,0.0
26615,100.52,0.0,0.0,0.0,0.0
26616,91.24,0.0,0.0,0.0,0.0
26617,91.41,0.0,0.0,0.0,0.0
26618,85.29,0.0,0.0,0.0,0.0
26619,85.4,0.0,0.0,0.0,0.0
26620,77.25,0.0,0.0,0.0,0.0
26621,82.86,0.0,0.0,0.0,0.0
26622,83.31,0.0,0.0,0.0,0.0
26623,84.04,0.0,0.0,0.0,0.0
26624,86.05,0.0,0.0,0.0,0.0
26625,81.27,0.0,0.0,0.0,0.0
26626,83.62,0.0,0.0,0.0,0.0
26627,85.72,0.0,0.0,0.0,0.0
26628,85.04,0.0,0.0,0.0,0.0
26629,88.04,0.0,0.0,0.0,0.0
26630,72.04,0.0,0.0,0.0,0.0
26631,80.65,0.0,0.0,0.0,0.0
26632,78.52,0.0,0.0,0.0,0.0
26633,81.89,0.0,0.0,0.0,0.0
26634,77.33,0.0,0.0,0.0,0.0
26635,69.21,0.0,0.0,0.0,0.0
26636,81.61,0.0,0.0,0.0,0.0
26637,82.77,0.0,0.0,0.0,0.0
26638,82.63,0.0,0.0,0.0,0.0
26639,68.5,0.0,0.0,0.0,0.0
26640,75.58,0.0,0.0,0.0,0.0
26641,73.88,0.0,0.0,0.0,0.0
26642,79.37,0.0,0.0,0.0,0.0
26643,74.9,0.0,0.0,0.0,0.0
26644,72.41,0.0,0.0,0.0,0.0
26645,76.74,0.0,0.0,0.0,0.0
26646,72.52,0.0,0.0,0.0,0.0
26647,71.78,0.0,0.0,0.0,0.0
26648,72.89,0.0,0.0,0.0,0.0
26649,75.46,0.0,0.0,0.0,0.0
26650,78.35,0.0,0.0,0.0,0.0
26651,81.78,0.0,0.0,0.0,0.0
26652,69.74,0.0,0.0,0.0,0.0
26653,74.67,0.0,0.0,0.0,0.0
26654,76.23,0.0,0.0,0.0,0.0
26655,69.66,0.0,0.0,0.0,0.0
26656,75.1,0.0,0.0,0.0,0.0
26657,78.49,0.0,0.0,0.0,0.0
26658,67.14,0.0,0.0,0.0,0.0
26659,64.79,0.0,0.0,0.0,0.0
26660,65.55,0.0,0.0,0.0,0.0
26661,63.26,0.0,0.0,0.0,0.0
26662,72.75,0.0,0.0,0.0,0.0
26663,78.3,0.0,0.0,0.0,0.0
26664,73.94,0.0,0.0,0.0,0.0
26665,81.16,0.0,0.0,0.0,0.0
26666,79.06,0.0,0.0,0.0,0.0
26667,51.51,0.0,0.0,0.0,0.0
26668,29.76,0.0,0.0,0.0,0.0
26669,41.57,0.0,0.0,0.0,0.0
26670,26.9,0.0,0.0,0.0,0.0
26671,4.67,0.0,0.0,0.0,0.0
26672,10.17,0.0,0.0,0.0,0.0
26673,0.71,0.0,0.0,0.0,0.0
26674,26.08,0.0,0.0,0.0,0.0
26675,2.69,0.0,0.0,0.0,0.0
26676,30.53,0.0,0.0,0.0,0.0
26677,4.93,0.0,0.0,0.0,0.0
26678,16.74,0.0,0.0,0.0,0.0
26679,38.31,0.0,0.0,0.0,0.0
26680,41.31,0.0,0.0,0.0,0.0
26681,56.46,0.0,0.0,0.0,0.0
26682,29.14,0.0,0.0,0.0,0.0
26683,42.28,0.0,0.0,0.0,0.0
26684,45.84,0.0,0.0,0.0,0.0
26685,30.07,0.0,0.0,0.0,0.0
26686,29.53,0.0,0.0,0.0,0.0
26687,36.95,0.0,0.0,0.0,0.0
26688,33.75,0.0,0.0,0.0,0.0
26689,28.94,0.0,0.0,0.0,0.0
26690,32.59,0.0,0.0,0.0,0.0
26691,33.47,0.0,0.0,0.0,0.0
26692,38.65,0.0,0.0,0.0,0.0
26693,44.43,0.0,0.0,0.0,0.0
26694,56.89,0.0,0.0,0.0,0.0
26695,70.59,0.0,0.0,0.0,0.0
26696,68.87,0.0,0.0,0.0,0.0
26697,63.71,0.0,0.0,0.0,0.0
26698,70.11,0.0,0.0,0.0,0.0
26699,77.64,0.0,0.0,0.0,0.0
26700,73.74,0.0,0.0,0.0,0.0
26701,72.75,0.0,0.0,0.0,0.0
26702,71.27,0.0,0.0,0.0,0.0
26703,72.09,0.0,0.0,0.0,0.0
26704,71.16,0.0,0.0,0.0,0.0
26705,72.83,0.0,0.0,0.0,0.0
26706,79.74,0.0,0.0,0.0,0.0
26707,78.41,0.0,0.0,0.0,0.0
26708,75.04,0.0,0.0,0.0,0.0
26709,68.39,0.0,0.0,0.0,0.0
26710,76.12,0.0,0.0,0.0,0.0
26711,76.71,0.0,0.0,0.0,0.0
26712,81.44,0.0,0.0,0.0,0.0
26713,83.17,0.0,0.0,0.0,0.0
26714,73.26,0.0,0.0,0.0,0.0
26715,70.45,0.0,0.0,0.0,0.0
26716,69.21,0.0,0.0,0.0,0.0
26717,79.63,0.0,0.0,0.0,0.0
26718,62.5,0.0,0.0,0.0,0.0
26719,63.49,0.0,0.0,0.0,0.0
26720,81.86,0.0,0.0,0.0,0.0
26721,76.09,0.0,0.0,0.0,0.0
26722,70.45,0.0,0.0,0.0,0.0
26723,63.26,0.0,0.0,0.0,0.0
26724,59.86,0.0,0.0,0.0,0.0
26725,36.44,0.0,0.0,0.0,0.0
26726,62.72,0.0,0.0,0.0,0.0
26727,74.02,0.0,0.0,0.0,0.0
26728,67.79,0.0,0.0,0.0,0.0
26729,76.85,0.0,0.0,0.0,0.0
26730,66.66,0.0,0.0,0.0,0.0
26731,52.53,0.0,0.0,0.0,0.0
26732,13.71,0.0,0.0,0.0,0.0
26733,26.73,0.0,0.0,0.0,0.0
26734,47.77,0.0,0.0,0.0,0.0
26735,56.12,0.0,0.0,0.0,0.0
26736,5.07,0.0,0.0,0.0,0.0
26737,36.98,0.0,0.0,0.0,0.0
26738,42.42,0.0,0.0,0.0,0.0
26739,46.13,0.0,0.0,0.0,0.0
26740,57.6,0.0,0.0,0.0,0.0
26741,46.95,0.0,0.0,0.0,0.0
26742,23.7,0.0,0.0,0.0,0.0
26743,39.59,0.0,0.0,0.0,0.0
26744,22.85,0.0,0.0,0.0,0.0
26745,35.62,0.0,0.0,0.0,0.0
26746,59.47,0.0,0.0,0.0,0.0
26747,49.1,0.0,0.0,0.0,0.0
26748,62.35,0.0,0.0,0.0,0.0
26749,59.72,0.0,0.0,0.0,0.0
26750,66.35,0.0,0.0,0.0,0.0
26751,55.25,0.0,0.0,0.0,0.0
26752,55.13,0.0,0.0,0.0,0.0
26753,57.45,0.0,0.0,0.0,0.0
26754,48.62,0.0,0.0,0.0,0.0
26755,28.83,0.0,0.0,0.0,0.0
26756,27.33,0.0,0.0,0.0,0.0
26757,64.51,0.0,0.0,0.0,0.0
26758,67.99,0.0,0.0,0.0,0.0
26759,71.78,0.0,0.0,0.0,0.0
26760,69.94,0.0,0.0,0.0,0.0
26761,63.46,0.0,0.0,0.0,0.0
26762,31.69,0.0,0.0,0.0,0.0
26763,32.0,0.0,0.0,0.0,0.0
26764,53.6,0.0,0.0,0.0,0.0
26765,46.58,0.0,0.0,0.0,0.0
26766,48.82,0.0,0.0,0.0,0.0
26767,53.32,0.0,0.0,0.0,0.0
26768,58.22,0.0,0.0,0.0,0.0
26769,67.14,0.0,0.0,0.0,0.0
26770,62.18,0.0,0.0,0.0,0.0
26771,55.93,0.0,0.0,0.0,0.0
26772,60.26,0.0,0.0,0.0,0.0
26773,47.4,0.0,0.0,0.0,0.0
26774,87.24,0.0,0.0,0.0,0.0
26775,88.52,0.0,0.0,0.0,0.0
26776,97.1,0.0,0.0,0.0,0.0
26777,147.56,0.0,0.0,0.0,0.0
26778,177.74,0.0,0.0,0.0,0.0
26779,204.11,0.0,0.0,0.0,0.0
26780,164.69,0.0,0.0,0.0,0.0
26781,185.76,0.0,0.0,0.0,0.0
26782,190.23,0.0,0.0,0.0,0.0
26783,213.17,0.0,0.0,0.0,0.0
26784,233.27,0.0,0.0,0.0,0.0
26785,248.31,0.0,0.0,0.0,0.0
26786,219.17,0.0,0.0,0.0,0.0
26787,293.7,0.0,0.0,0.0,0.0
26788,293.53,0.0,0.0,0.0,0.0
26789,304.94,0.0,0.0,0.0,0.0
26790,296.02,0.0,0.0,0.0,0.0
26791,310.89,0.0,0.0,0.0,0.0
26792,296.59,0.0,0.0,0.0,0.0
26793,320.21,0.0,0.0,0.0,0.0
26794,280.87,0.0,0.0,0.0,0.0
26795,322.3,0.0,0.0,0.0,0.0
26796,294.18,0.0,0.0,0.0,0.0
26797,309.19,0.0,0.0,0.0,0.0
26798,319.47,0.0,0.0,0.0,0.0
26799,318.68,0.0,0.0,0.0,0.0
26800,291.3,0.0,0.0,0.0,0.0
26801,266.66,0.0,0.0,0.0,0.0
26802,292.12,0.0,0.0,0.0,0.0
26803,299.48,0.0,0.0,0.0,0.0
26804,290.19,0.0,0.0,0.0,0.0
26805,287.98,0.0,0.0,0.0,0.0
26806,261.59,0.0,0.0,0.0,0.0
26807,245.42,0.0,0.0,0.0,0.0
26808,259.92,0.0,0.0,0.0,0.0
26809,249.78,0.0,0.0,0.0,0.0
26810,264.88,0.0,0.0,0.0,0.0
26811,260.8,0.0,0.0,0.0,0.0
26812,243.95,0.0,0.0,0.0,0.0
26813,221.78,0.0,0.0,0.0,0.0
26814,225.06,0.0,0.0,0.0,0.0
26815,233.59,0.0,0.0,0.0,0.0
26816,234.21,0.0,0.0,0.0,0.0
26817,251.93,0.0,0.0,0.0,0.0
26818,229.48,0.0,0.0,0.0,0.0
26819,231.69,0.0,0.0,0.0,0.0
26820,216.31,0.0,0.0,0.0,0.0
26821,220.73,0.0,0.0,0.0,0.0
26822,207.25,0.0,0.0,0.0,0.0
26823,210.0,0.0,0.0,0.0,0.0
26824,196.38,0.0,0.0,0.0,0.0
26825,220.62,0.0,0.0,0.0,0.0
26826,220.5,0.0,0.0,0.0,0.0
26827,205.47,0.0,0.0,0.0,0.0
26828,218.41,0.0,0.0,0.0,0.0
26829,223.42,0.0,0.0,0.0,0.0
26830,255.36,0.0,0.0,0.0,0.0
26831,252.81,0.0,0.0,0.0,0.0
26832,217.33,0.0,0.0,0.0,0.0
26833,250.46,0.0,0.0,0.0,0.0
26834,245.65,0.0,0.0,0.0,0.0
26835,244.12,0.0,0.0,0.0,0.0
26836,214.78,0.0,0.0,0.0,0.0
26837,276.51,0.0,0.0,0.0,0.0
26838,257.09,0.0,0.0,0.0,0.0
26839,265.67,0.0,0.0,0.0,0.0
26840,262.64,0.0,0.0,0.0,0.0
26841,241.49,0.0,0.0,0.0,0.0
26842,237.13,0.0,0.0,0.0,0.0
26843,255.11,0.0,0.0,0.0,0.0
26844,247.74,0.0,0.0,0.0,0.0
26845,262.64,0.0,0.0,0.0,0.0
26846,262.84,0.0,0.0,0.0,0.0
26847,270.2,0.0,0.0,0.0,0.0
26848,266.77,0.0,0.0,0.0,0.0
26849,281.3,0.0,0.0,0.0,0.0
26850,271.42,0.0,0.0,0.0,0.0
26851,264.96,0.0,0.0,0.0,0.0
26852,266.01,0.0,0.0,0.0,0.0
26853,270.17,0.0,0.0,0.0,0.0
26854,277.34,0.0,0.0,0.0,0.0
26855,265.56,0.0,0.0,0.0,0.0
26856,265.33,0.0,0.0,0.0,0.0
26857,268.95,0.0,0.0,0.0,0.0
26858,305.6,0.0,0.0,0.0,0.0
26859,283.11,0.0,0.0,0.0,0.0
26860,283.31,0.0,0.0,0.0,0.0
26861,293.76,0.0,0.0,0.0,0.0
26862,291.66,0.0,0.0,0.0,0.0
26863,274.16,0.0,0.0,0.0,0.0
26864,289.43,0.0,0.0,0.0,0.0
26865,272.78,0.0,0.0,0.0,0.0
26866,280.76,0.0,0.0,0.0,0.0
26867,274.22,0.0,0.0,0.0,0.0
26868,283.9,0.0,0.0,0.0,0.0
26869,270.71,0.0,0.0,0.0,0.0
26870,280.22,0.0,0.0,0.0,0.0
26871,266.97,0.0,0.0,0.0,0.0
26872,278.81,0.0,0.0,0.0,0.0
26873,271.67,0.0,0.0,0.0,0.0
26874,284.81,0.0,0.0,0.0,0.0
26875,280.59,0.0,0.0,0.0,0.0
26876,274.56,0.0,0.0,0.0,0.0
26877,270.2,0.0,0.0,0.0,0.0
26878,273.63,0.0,0.0,0.0,0.0
26879,276.06,0.0,0.0,0.0,0.0
26880,275.15,0.0,0.0,0.0,0.0
26881,248.62,0.0,0.0,0.0,0.0
26882,270.54,0.0,0.0,0.0,0.0
26883,270.6,0.0,0.0,0.0,0.0
26884,275.69,0.0,0.0,0.0,0.0
26885,262.41,0.0,0.0,0.0,0.0
26886,268.02,0.0,0.0,0.0,0.0
26887,260.51,0.0,0.0,0.0,0.0
26888,268.36,0.0,0.0,0.0,0.0
26889,261.73,0.0,0.0,0.0,0.0
26890,256.41,0.0,0.0,0.0,0.0
26891,259.61,0.0,0.0,0.0,0.0
26892,250.01,0.0,0.0,0.0,0.0
26893,238.51,0.0,0.0,0.0,0.0
26894,233.56,0.0,0.0,0.0,0.0
26895,253.07,0.0,0.0,0.0,0.0
26896,252.42,0.0,0.0,0.0,0.0
26897,238.09,0.0,0.0,0.0,0.0
26898,229.17,0.0,0.0,0.0,0.0
26899,218.78,0.0,0.0,0.0,0.0
26900,226.9,0.0,0.0,0.0,0.0
26901,233.42,0.0,0.0,0.0,0.0
26902,219.57,0.0,0.0,0.0,0.0
26903,236.53,0.0,0.0,0.0,0.0
26904,231.94,0.0,0.0,0.0,0.0
26905,249.44,0.0,0.0,0.0,0.0
26906,217.56,0.0,0.0,0.0,0.0
26907,205.5,0.0,0.0,0.0,0.0
26908,200.31,0.0,0.0,0.0,0.0
26909,204.45,0.0,0.0,0.0,0.0
26910,198.22,0.0,0.0,0.0,0.0
26911,194.82,0.0,0.0,0.0,0.0
26912,197.88,0.0,0.0,0.0,0.0
26913,194.65,0.0,0.0,0.0,0.0
26914,191.48,0.0,0.0,0.0,0.0
26915,223.73,0.0,0.0,0.0,0.0
26916,179.61,0.0,0.0,0.0,0.0
26917,195.44,0.0,0.0,0.0,0.0
26918,191.68,0.0,0.0,0.0,0.0
26919,181.26,0.0,0.0,0.0,0.0
26920,182.13,0.0,0.0,0.0,0.0
26921,176.41,0.0,0.0,0.0,0.0
26922,185.62,0.0,0.0,0.0,0.0
26923,198.56,0.0,0.0,0.0,0.0
26924,177.38,0.0,0.0,0.0,0.0
26925,171.57,0.0,0.0,0.0,0.0
26926,184.57,0.0,0.0,0.0,0.0
26927,157.24,0.0,0.0,0.0,0.0
26928,159.62,0.0,0.0,0.0,0.0
26929,161.83,0.0,0.0,0.0,0.0
26930,150.33,0.0,0.0,0.0,0.0
26931,155.35,0.0,0.0,0.0,0.0
26932,157.75,0.0,0.0,0.0,0.0
26933,167.75,0.0,0.0,0.0,0.0
26934,175.31,0.0,0.0,0.0,0.0
26935,175.31,0.0,0.0,0.0,0.0
26936,170.13,0.0,0.0,0.0,0.0
26937,170.13,0.0,0.0,0.0,0.0
26938,153.25,0.0,0.0,0.0,0.0
26939,163.5,0.0,0.0,0.0,0.0
26940,166.98,0.0,0.0,0.0,0.0
26941,159.42,0.0,0.0,0.0,0.0
26942,170.64,0.0,0.0,0.0,0.0
26943,154.5,0.0,0.0,0.0,0.0
26944,160.13,0.0,0.0,0.0,0.0
26945,164.75,0.0,0.0,0.0,0.0
26946,207.62,0.0,0.0,0.0,0.0
26947,150.36,0.0,0.0,0.0,0.0
26948,170.86,0.0,0.0,0.0,0.0
26949,163.08,0.0,0.0,0.0,0.0
26950,154.58,0.0,0.0,0.0,0.0
26951,162.48,0.0,0.0,0.0,0.0
26952,142.07,0.0,0.0,0.0,0.0
26953,162.54,0.0,0.0,0.0,0.0
26954,161.66,0.0,0.0,0.0,0.0
26955,164.49,0.0,0.0,0.0,0.0
26956,173.1,0.0,0.0,0.0,0.0
26957,169.14,0.0,0.0,0.0,0.0
26958,172.08,0.0,0.0,0.0,0.0
26959,169.82,0.0,0.0,0.0,0.0
26960,159.17,0.0,0.0,0.0,0.0
26961,155.54,0.0,0.0,0.0,0.0
26962,158.89,0.0,0.0,0.0,0.0
26963,161.92,0.0,0.0,0.0,0.0
26964,165.06,0.0,0.0,0.0,0.0
26965,173.78,0.0,0.0,0.0,0.0
26966,166.98,0.0,0.0,0.0,0.0
26967,177.18,0.0,0.0,0.0,0.0
26968,149.63,0.0,0.0,0.0,0.0
26969,156.25,0.0,0.0,0.0,0.0
26970,137.96,0.0,0.0,0.0,0.0
26971,145.32,0.0,0.0,0.0,0.0
26972,127.68,0.0,0.0,0.0,0.0
26973,133.4,0.0,0.0,0.0,0.0
26974,119.7,0.0,0.0,0.0,0.0
26975,129.32,0.0,0.0,0.0,0.0
26976,122.56,0.0,0.0,0.0,0.0
26977,129.35,0.0,0.0,0.0,0.0
26978,131.96,0.0,0.0,0.0,0.0
26979,127.43,0.0,0.0,0.0,0.0
26980,128.22,0.0,0.0,0.0,0.0
26981,123.4,0.0,0.0,0.0,0.0
26982,137.39,0.0,0.0,0.0,0.0
26983,144.87,0.0,0.0,0.0,0.0
26984,142.75,0.0,0.0,0.0,0.0
26985,128.39,0.0,0.0,0.0,0.0
26986,143.79,0.0,0.0,0.0,0.0
26987,133.49,0.0,0.0,0.0,0.0
26988,133.49,0.0,0.0,0.0,0.0
26989,138.64,0.0,0.0,0.0,0.0
26990,137.51,0.0,0.0,0.0,0.0
26991,135.13,0.0,0.0,0.0,0.0
26992,151.52,0.0,0.0,0.0,0.0
26993,140.08,0.0,0.0,0.0,0.0
26994,134.25,0.0,0.0,0.0,0.0
26995,135.21,0.0,0.0,0.0,0.0
26996,132.66,0.0,0.0,0.0,0.0
26997,129.32,0.0,0.0,0.0,0.0
26998,140.28,0.0,0.0,0.0,0.0
26999,139.04,0.0,0.0,0.0,0.0
27000,139.15,0.0,0.0,0.0,0.0
27001,136.23,0.0,0.0,0.0,0.0
27002,140.06,0.0,0.0,0.0,0.0
27003,143.34,0.0,0.0,0.0,0.0
27004,131.56,0.0,0.0,0.0,0.0
27005,140.31,0.0,0.0,0.0,0.0
27006,144.27,0.0,0.0,0.0,0.0
27007,134.14,0.0,0.0,0.0,0.0
27008,134.42,0.0,0.0,0.0,0.0
27009,129.97,0.0,0.0,0.0,0.0
27010,138.27,0.0,0.0,0.0,0.0
27011,137.11,0.0,0.0,0.0,0.0
27012,140.25,0.0,0.0,0.0,0.0
27013,137.65,0.0,0.0,0.0,0.0
27014,140.88,0.0,0.0,0.0,0.0
27015,145.8,0.0,0.0,0.0,0.0
27016,129.46,0.0,0.0,0.0,0.0
27017,99.96,0.0,0.0,0.0,0.0
27018,129.01,0.0,0.0,0.0,0.0
27019,128.36,0.0,0.0,0.0,0.0
27020,120.83,0.0,0.0,0.0,0.0
27021,121.76,0.0,0.0,0.0,0.0
27022,142.01,0.0,0.0,0.0,0.0
27023,138.7,0.0,0.0,0.0,0.0
27024,121.42,0.0,0.0,0.0,0.0
27025,118.11,0.0,0.0,0.0,0.0
27026,83.79,0.0,0.0,0.0,0.0
27027,77.93,0.0,0.0,0.0,0.0
27028,104.18,0.0,0.0,0.0,0.0
27029,121.34,0.0,0.0,0.0,0.0
27030,127.51,0.0,0.0,0.0,0.0
27031,96.39,0.0,0.0,0.0,0.0
27032,90.36,0.0,0.0,0.0,0.0
27033,106.22,0.0,0.0,0.0,0.0
27034,112.73,0.0,0.0,0.0,0.0
27035,120.91,0.0,0.0,0.0,0.0
27036,124.03,0.0,0.0,0.0,0.0
27037,124.85,0.0,0.0,0.0,0.0
27038,142.69,0.0,0.0,0.0,0.0
27039,137.11,0.0,0.0,0.0,0.0
27040,141.24,0.0,0.0,0.0,0.0
27041,141.75,0.0,0.0,0.0,0.0
27042,132.81,0.0,0.0,0.0,0.0
27043,121.79,0.0,0.0,0.0,0.0
27044,131.5,0.0,0.0,0.0,0.0
27045,132.49,0.0,0.0,0.0,0.0
27046,121.73,0.0,0.0,0.0,0.0
27047,103.3,0.0,0.0,0.0,0.0
27048,81.01,0.0,0.0,0.0,0.0
27049,58.25,0.0,0.0,0.0,0.0
27050,43.75,0.0,0.0,0.0,0.0
27051,67.2,0.0,0.0,0.0,0.0
27052,65.24,0.0,0.0,0.0,0.0
27053,81.47,0.0,0.0,0.0,0.0
27054,72.46,0.0,0.0,0.0,0.0
27055,84.7,0.0,0.0,0.0,0.0
27056,85.4,0.0,0.0,0.0,0.0
27057,93.02,0.0,0.0,0.0,0.0
27058,167.98,0.0,0.0,0.0,0.0
27059,387.15,0.0,0.0,0.0,0.0
27060,376.13,0.0,0.0,0.0,0.0
27061,393.94,0.0,0.0,0.0,0.0
27062,399.75,0.0,0.0,0.0,0.0
27063,387.52,0.0,0.0,0.0,0.0
27064,380.27,0.0,0.0,0.0,0.0
27065,388.42,0.0,0.0,0.0,0.0
27066,399.64,0.0,0.0,0.0,0.0
27067,407.76,0.0,0.0,0.0,0.0
27068,379.9,0.0,0.0,0.0,0.0
27069,379.9,0.0,0.0,0.0,0.0
27070,382.5,0.0,0.0,0.0,0.0
27071,392.84,0.0,0.0,0.0,0.0
27072,393.12,0.0,0.0,0.0,0.0
27073,397.31,0.0,0.0,0.0,0.0
27074,408.81,0.0,0.0,0.0,0.0
27075,372.88,0.0,0.0,0.0,0.0
27076,383.47,0.0,0.0,0.0,0.0
27077,375.28,0.0,0.0,0.0,0.0
27078,361.27,0.0,0.0,0.0,0.0
27079,464.65,0.0,0.0,0.0,0.0
27080,683.88,0.0,0.0,0.0,0.0
27081,886.2,0.0,0.0,0.0,0.0
27082,979.82,0.0,0.0,0.0,0.0
27083,1035.38,0.0,0.0,0.0,0.0
27084,994.43,0.0,0.0,0.0,0.0
27085,1000.49,0.0,0.0,0.0,0.0
27086,882.72,0.0,0.0,0.0,0.0
27087,731.0,0.0,0.0,0.0,0.0
27088,600.49,0.0,0.0,0.0,0.0
27089,526.67,0.0,0.0,0.0,0.0
27090,450.35,0.0,0.0,0.0,0.0
27091,419.88,0.0,0.0,0.0,0.0
27092,413.74,0.0,0.0,0.0,0.0
27093,414.96,0.0,0.0,0.0,0.0
27094,394.77,0.0,0.0,0.0,0.0
27095,401.36,0.0,0.0,0.0,0.0
27096,385.22,0.0,0.0,0.0,0.0
27097,407.93,0.0,0.0,0.0,0.0
27098,406.4,0.0,0.0,0.0,0.0
27099,404.08,0.0,0.0,0.0,0.0
27100,387.06,0.0,0.0,0.0,0.0
27101,403.94,0.0,0.0,0.0,0.0
27102,340.14,0.0,0.0,0.0,0.0
27103,302.08,0.0,0.0,0.0,0.0
27104,267.68,0.0,0.0,0.0,0.0
27105,224.35,0.0,0.0,0.0,0.0
27106,184.77,0.0,0.0,0.0,0.0
27107,157.3,0.0,0.0,0.0,0.0
27108,143.51,0.0,0.0,0.0,0.0
27109,129.52,0.0,0.0,0.0,0.0
27110,149.99,0.0,0.0,0.0,0.0
27111,137.73,0.0,0.0,0.0,0.0
27112,120.94,0.0,0.0,0.0,0.0
27113,123.69,0.0,0.0,0.0,0.0
27114,101.06,0.0,0.0,0.0,0.0
27115,129.04,0.0,0.0,0.0,0.0
27116,85.63,0.0,0.0,0.0,0.0
27117,101.88,0.0,0.0,0.0,0.0
27118,112.28,0.0,0.0,0.0,0.0
27119,110.41,0.0,0.0,0.0,0.0
27120,106.78,0.0,0.0,0.0,0.0
27121,116.35,0.0,0.0,0.0,0.0
27122,116.38,0.0,0.0,0.0,0.0
27123,130.88,0.0,0.0,0.0,0.0
27124,115.05,0.0,0.0,0.0,0.0
27125,115.93,0.0,0.0,0.0,0.0
27126,116.92,0.0,0.0,0.0,0.0
27127,179.25,0.0,0.0,0.0,0.0
27128,172.42,0.0,0.0,0.0,0.0
27129,164.8,0.0,0.0,0.0,0.0
27130,172.39,0.0,0.0,0.0,0.0
27131,243.27,0.0,0.0,0.0,0.0
27132,238.29,0.0,0.0,0.0,0.0
27133,235.94,0.0,0.0,0.0,0.0
27134,220.42,0.0,0.0,0.0,0.0
27135,232.74,0.0,0.0,0.0,0.0
27136,241.03,0.0,0.0,0.0,0.0
27137,236.08,0.0,0.0,0.0,0.0
27138,243.81,0.0,0.0,0.0,0.0
27139,238.43,0.0,0.0,0.0,0.0
27140,235.71,0.0,0.0,0.0,0.0
27141,228.86,0.0,0.0,0.0,0.0
27142,328.42,0.0,0.0,0.0,0.0
27143,307.01,0.0,0.0,0.0,0.0
27144,341.3,0.0,0.0,0.0,0.0
27145,321.34,0.0,0.0,0.0,0.0
27146,292.57,0.0,0.0,0.0,0.0
27147,243.86,0.0,0.0,0.0,0.0
27148,209.49,0.0,0.0,0.0,0.0
27149,197.26,0.0,0.0,0.0,0.0
27150,168.66,0.0,0.0,0.0,0.0
27151,177.89,0.0,0.0,0.0,0.0
27152,171.85,0.0,0.0,0.0,0.0
27153,171.54,0.0,0.0,0.0,0.0
27154,156.85,0.0,0.0,0.0,0.0
27155,171.06,0.0,0.0,0.0,0.0
27156,312.11,0.0,0.0,0.0,0.0
27157,328.45,0.0,0.0,0.0,0.0
27158,323.24,0.0,0.0,0.0,0.0
27159,329.69,0.0,0.0,0.0,0.0
27160,295.03,0.0,0.0,0.0,0.0
27161,248.45,0.0,0.0,0.0,0.0
27162,221.78,0.0,0.0,0.0,0.0
27163,183.61,0.0,0.0,0.0,0.0
27164,154.78,0.0,0.0,0.0,0.0
27165,156.42,0.0,0.0,0.0,0.0
27166,183.38,0.0,0.0,0.0,0.0
27167,164.78,0.0,0.0,0.0,0.0
27168,167.32,0.0,0.0,0.0,0.0
27169,197.37,0.0,0.0,0.0,0.0
27170,336.21,0.0,0.0,0.0,0.0
27171,363.9,0.0,0.0,0.0,0.0
27172,355.83,0.0,0.0,0.0,0.0
27173,387.2,0.0,0.0,0.0,0.0
27174,279.37,0.0,0.0,0.0,0.0
27175,252.73,0.0,0.0,0.0,0.0
27176,267.79,0.0,0.0,0.0,0.0
27177,232.14,0.0,0.0,0.0,0.0
27178,219.51,0.0,0.0,0.0,0.0
27179,218.92,0.0,0.0,0.0,0.0
27180,242.39,0.0,0.0,0.0,0.0
27181,239.02,0.0,0.0,0.0,0.0
27182,216.31,0.0,0.0,0.0,0.0
27183,220.7,0.0,0.0,0.0,0.0
27184,219.85,0.0,0.0,0.0,0.0
27185,214.47,0.0,0.0,0.0,0.0
27186,196.43,0.0,0.0,0.0,0.0
27187,212.29,0.0,0.0,0.0,0.0
27188,208.07,0.0,0.0,0.0,0.0
27189,217.19,0.0,0.0,0.0,0.0
27190,224.81,0.0,0.0,0.0,0.0
27191,233.67,0.0,0.0,0.0,0.0
27192,229.9,0.0,0.0,0.0,0.0
27193,235.57,0.0,0.0,0.0,0.0
27194,240.49,0.0,0.0,0.0,0.0
27195,241.2,0.0,0.0,0.0,0.0
27196,214.13,0.0,0.0,0.0,0.0
27197,255.56,0.0,0.0,0.0,0.0
27198,236.76,0.0,0.0,0.0,0.0
27199,238.09,0.0,0.0,0.0,0.0
27200,245.31,0.0,0.0,0.0,0.0
27201,277.22,0.0,0.0,0.0,0.0
27202,270.91,0.0,0.0,0.0,0.0
27203,274.76,0.0,0.0,0.0,0.0
27204,249.78,0.0,0.0,0.0,0.0
27205,257.8,0.0,0.0,0.0,0.0
27206,309.28,0.0,0.0,0.0,0.0
27207,324.45,0.0,0.0,0.0,0.0
27208,337.45,0.0,0.0,0.0,0.0
27209,327.74,0.0,0.0,0.0,0.0
27210,317.49,0.0,0.0,0.0,0.0
27211,353.42,0.0,0.0,0.0,0.0
27212,354.56,0.0,0.0,0.0,0.0
27213,340.68,0.0,0.0,0.0,0.0
27214,340.11,0.0,0.0,0.0,0.0
27215,338.73,0.0,0.0,0.0,0.0
27216,349.57,0.0,0.0,0.0,0.0
27217,342.49,0.0,0.0,0.0,0.0
27218,334.22,0.0,0.0,0.0,0.0
27219,347.65,0.0,0.0,0.0,0.0
27220,354.13,0.0,0.0,0.0,0.0
27221,355.06,0.0,0.0,0.0,0.0
27222,341.64,0.0,0.0,0.0,0.0
27223,330.51,0.0,0.0,0.0,0.0
27224,333.8,0.0,0.0,0.0,0.0
27225,345.27,0.0,0.0,0.0,0.0
27226,335.81,0.0,0.0,0.0,0.0
27227,323.12,0.0,0.0,0.0,0.0
27228,330.51,0.0,0.0,0.0,0.0
27229,330.77,0.0,0.0,0.0,0.0
27230,314.97,0.0,0.0,0.0,0.0
27231,318.25,0.0,0.0,0.0,0.0
27232,324.62,0.0,0.0,0.0,0.0
27233,326.21,0.0,0.0,0.0,0.0
27234,340.82,0.0,0.0,0.0,0.0
27235,317.32,0.0,0.0,0.0,0.0
27236,308.91,0.0,0.0,0.0,0.0
27237,289.96,0.0,0.0,0.0,0.0
27238,305.11,0.0,0.0,0.0,0.0
27239,297.07,0.0,0.0,0.0,0.0
27240,311.49,0.0,0.0,0.0,0.0
27241,330.63,0.0,0.0,0.0,0.0
27242,330.12,0.0,0.0,0.0,0.0
27243,310.04,0.0,0.0,0.0,0.0
27244,342.66,0.0,0.0,0.0,0.0
27245,317.57,0.0,0.0,0.0,0.0
27246,300.44,0.0,0.0,0.0,0.0
27247,312.53,0.0,0.0,0.0,0.0
27248,307.38,0.0,0.0,0.0,0.0
27249,301.06,0.0,0.0,0.0,0.0
27250,295.94,0.0,0.0,0.0,0.0
27251,297.02,0.0,0.0,0.0,0.0
27252,292.06,0.0,0.0,0.0,0.0
27253,297.84,0.0,0.0,0.0,0.0
27254,290.39,0.0,0.0,0.0,0.0
27255,300.3,0.0,0.0,0.0,0.0
27256,297.1,0.0,0.0,0.0,0.0
27257,272.8,0.0,0.0,0.0,0.0
27258,292.12,0.0,0.0,0.0,0.0
27259,277.62,0.0,0.0,0.0,0.0
27260,287.27,0.0,0.0,0.0,0.0
27261,287.22,0.0,0.0,0.0,0.0
27262,275.44,0.0,0.0,0.0,0.0
27263,283.14,0.0,0.0,0.0,0.0
27264,267.96,0.0,0.0,0.0,0.0
27265,276.2,0.0,0.0,0.0,0.0
27266,265.98,0.0,0.0,0.0,0.0
27267,280.76,0.0,0.0,0.0,0.0
27268,252.78,0.0,0.0,0.0,0.0
27269,235.26,0.0,0.0,0.0,0.0
27270,231.86,0.0,0.0,0.0,0.0
