"JDAY","QOUT","QOUT.1","QOUT.2","QOUT.3","QOUT.4"
16710,3.25730588393824,0,0,0,0
16711,159.167305883938,0,0,0,0
16712,135.017305883938,0,0,0,0
16713,124.307305883938,0,0,0,0
16714,103.557305883938,0,0,0,0
16715,119.417305883938,0,0,0,0
16716,121.987305883938,0,0,0,0
16717,127.287305883938,0,0,0,0
16718,131.897305883938,0,0,0,0
16719,124.507305883938,0,0,0,0
16720,130.007305883938,0,0,0,0
16721,115.047305883938,0,0,0,0
16722,105.167305883938,0,0,0,0
16723,111.687305883938,0,0,0,0
16724,115.537305883938,0,0,0,0
16725,112.027305883938,0,0,0,0
16726,121.057305883938,0,0,0,0
16727,123.657305883938,0,0,0,0
16728,112.027305883938,0,0,0,0
16729,97.0173058839382,0,0,0,0
16730,113.377305883938,0,0,0,0
16731,128.897305883938,0,0,0,0
16732,115.307305883938,0,0,0,0
16733,149.057305883938,0,0,0,0
16734,150.587305883938,0,0,0,0
16735,149.487305883938,0,0,0,0
16736,140.027305883938,0,0,0,0
16737,143.397305883938,0,0,0,0
16738,145.857305883938,0,0,0,0
16739,155.237305883938,0,0,0,0
16740,148.747305883938,0,0,0,0
16741,137.257305883938,0,0,0,0
16742,113.867305883938,0,0,0,0
16743,150.107305883938,0,0,0,0
16744,115.787305883938,0,0,0,0
16745,119.267305883938,0,0,0,0
16746,153.447305883938,0,0,0,0
16747,157.527305883938,0,0,0,0
16748,129.747305883938,0,0,0,0
16749,129.747305883938,0,0,0,0
16750,154.017305883938,0,0,0,0
16751,153.567305883938,0,0,0,0
16752,135.777305883938,0,0,0,0
16753,144.477305883938,0,0,0,0
16754,123.887305883938,0,0,0,0
16755,129.467305883938,0,0,0,0
16756,131.507305883938,0,0,0,0
16757,151.867305883938,0,0,0,0
16758,145.467305883938,0,0,0,0
16759,149.397305883938,0,0,0,0
16760,136.577305883938,0,0,0,0
16761,139.437305883938,0,0,0,0
16762,143.287305883938,0,0,0,0
16763,133.037305883938,0,0,0,0
16764,152.177305883938,0,0,0,0
16765,138.017305883938,0,0,0,0
16766,135.017305883938,0,0,0,0
16767,133.347305883938,0,0,0,0
16768,132.187305883938,0,0,0,0
16769,137.617305883938,0,0,0,0
16770,137.927305883938,0,0,0,0
16771,137.767305883938,0,0,0,0
16772,143.367305883938,0,0,0,0
16773,130.627305883938,0,0,0,0
16774,118.737305883938,0,0,0,0
16775,129.377305883938,0,0,0,0
16776,144.477305883938,0,0,0,0
16777,143.337305883938,0,0,0,0
16778,158.407305883938,0,0,0,0
16779,150.107305883938,0,0,0,0
16780,142.127305883938,0,0,0,0
16781,144.307305883938,0,0,0,0
16782,76.7073058839382,0,0,0,0
16783,72.4673058839382,0,0,0,0
16784,102.277305883938,0,0,0,0
16785,95.0573058839382,0,0,0,0
16786,88.9773058839382,0,0,0,0
16787,138.867305883938,0,0,0,0
16788,136.457305883938,0,0,0,0
16789,134.247305883938,0,0,0,0
16790,129.097305883938,0,0,0,0
16791,140.937305883938,0,0,0,0
16792,139.577305883938,0,0,0,0
16793,136.827305883938,0,0,0,0
16794,134.537305883938,0,0,0,0
16795,138.607305883938,0,0,0,0
16796,142.607305883938,0,0,0,0
16797,139.067305883938,0,0,0,0
16798,133.687305883938,0,0,0,0
16799,136.117305883938,0,0,0,0
16800,119.357305883938,0,0,0,0
16801,119.217305883938,0,0,0,0
16802,139.207305883938,0,0,0,0
16803,142.347305883938,0,0,0,0
16804,139.317305883938,0,0,0,0
16805,136.687305883938,0,0,0,0
16806,126.887305883938,0,0,0,0
16807,127.567305883938,0,0,0,0
16808,125.447305883938,0,0,0,0
16809,119.097305883938,0,0,0,0
16810,120.007305883938,0,0,0,0
16811,104.007305883938,0,0,0,0
16812,107.777305883938,0,0,0,0
16813,117.747305883938,0,0,0,0
16814,126.437305883938,0,0,0,0
16815,118.587305883938,0,0,0,0
16816,123.967305883938,0,0,0,0
16817,103.327305883938,0,0,0,0
16818,76.8573058839382,0,0,0,0
16819,94.0673058839382,0,0,0,0
16820,92.1473058839382,0,0,0,0
16821,96.1973058839382,0,0,0,0
16822,78.4373058839383,0,0,0,0
16823,84.1573058839382,0,0,0,0
16824,99.3973058839382,0,0,0,0
16825,109.357305883938,0,0,0,0
16826,105.817305883938,0,0,0,0
16827,113.527305883938,0,0,0,0
16828,278.217305883938,0,0,0,0
16829,314.207305883938,0,0,0,0
16830,352.627305883938,0,0,0,0
16831,298.257305883938,0,0,0,0
16832,248.767305883938,0,0,0,0
16833,187.397305883938,0,0,0,0
16834,153.567305883938,0,0,0,0
16835,164.497305883938,0,0,0,0
16836,114.567305883938,0,0,0,0
16837,90.3273058839382,0,0,0,0
16838,205.437305883938,0,0,0,0
16839,238.227305883938,0,0,0,0
16840,259.067305883938,0,0,0,0
16841,213.287305883938,0,0,0,0
16842,446.447305883938,0,0,0,0
16843,487.477305883938,0,0,0,0
16844,541.527305883938,0,0,0,0
16845,783.467305883938,0,0,0,0
16846,859.647305883938,0,0,0,0
16847,838.377305883938,0,0,0,0
16848,678.817305883938,0,0,0,0
16849,690.757305883938,0,0,0,0
16850,770.667305883938,0,0,0,0
16851,882.377305883938,0,0,0,0
16852,854.687305883938,0,0,0,0
16853,935.047305883938,0,0,0,0
16854,395.697305883938,0,0,0,0
16855,1405.59730588394,0,0,0,0
16856,1475.61730588394,0,0,0,0
16857,1424.30730588394,0,0,0,0
16858,1476.32730588394,0,0,0,0
16859,1299.26730588394,0,0,0,0
16860,1187.09730588394,0,0,0,0
16861,928.167305883938,0,0,0,0
16862,988.997305883938,0,0,0,0
16863,963.937305883938,0,0,0,0
16864,849.057305883938,0,0,0,0
16865,880.257305883938,0,0,0,0
16866,720.887305883938,0,0,0,0
16867,576.187305883938,0,0,0,0
16868,608.137305883938,0,0,0,0
16869,579.957305883938,0,0,0,0
16870,581.907305883938,0,0,0,0
16871,491.557305883938,0,0,0,0
16872,419.037305883938,0,0,0,0
16873,388.087305883938,0,0,0,0
16874,445.287305883938,0,0,0,0
16875,450.097305883938,0,0,0,0
16876,393.377305883938,0,0,0,0
16877,3.25730588393824,0,0,0,0
16878,244.377305883938,0,0,0,0
16879,273.857305883938,0,0,0,0
16880,268.017305883938,0,0,0,0
16881,215.917305883938,0,0,0,0
16882,191.567305883938,0,0,0,0
16883,184.117305883938,0,0,0,0
16884,144.837305883938,0,0,0,0
16885,145.857305883938,0,0,0,0
16886,140.787305883938,0,0,0,0
16887,136.627305883938,0,0,0,0
16888,153.197305883938,0,0,0,0
16889,125.837305883938,0,0,0,0
16890,134.247305883938,0,0,0,0
16891,122.527305883938,0,0,0,0
16892,124.907305883938,0,0,0,0
16893,132.207305883938,0,0,0,0
16894,115.957305883938,0,0,0,0
16895,116.437305883938,0,0,0,0
16896,124.027305883938,0,0,0,0
16897,123.207305883938,0,0,0,0
16898,120.827305883938,0,0,0,0
16899,118.787305883938,0,0,0,0
16900,130.397305883938,0,0,0,0
16901,114.227305883938,0,0,0,0
16902,115.447305883938,0,0,0,0
16903,128.077305883938,0,0,0,0
16904,129.297305883938,0,0,0,0
16905,138.947305883938,0,0,0,0
16906,125.277305883938,0,0,0,0
16907,120.487305883938,0,0,0,0
16908,126.127305883938,0,0,0,0
16909,122.387305883938,0,0,0,0
16910,111.317305883938,0,0,0,0
16911,109.837305883938,0,0,0,0
16912,92.5973058839382,0,0,0,0
16913,95.2873058839382,0,0,0,0
16914,102.087305883938,0,0,0,0
16915,102.397305883938,0,0,0,0
16916,101.967305883938,0,0,0,0
16917,117.457305883938,0,0,0,0
16918,131.587305883938,0,0,0,0
16919,157.467305883938,0,0,0,0
16920,170.127305883938,0,0,0,0
16921,166.507305883938,0,0,0,0
16922,166.847305883938,0,0,0,0
16923,197.317305883938,0,0,0,0
16924,201.337305883938,0,0,0,0
16925,173.897305883938,0,0,0,0
16926,163.867305883938,0,0,0,0
16927,153.757305883938,0,0,0,0
16928,157.187305883938,0,0,0,0
16929,158.917305883938,0,0,0,0
16930,157.867305883938,0,0,0,0
16931,182.557305883938,0,0,0,0
16932,209.377305883938,0,0,0,0
16933,224.527305883938,0,0,0,0
16934,227.897305883938,0,0,0,0
16935,236.047305883938,0,0,0,0
16936,259.437305883938,0,0,0,0
16937,260.827305883938,0,0,0,0
16938,226.057305883938,0,0,0,0
16939,184.087305883938,0,0,0,0
16940,164.577305883938,0,0,0,0
16941,401.447305883938,0,0,0,0
16942,400.857305883938,0,0,0,0
16943,422.487305883938,0,0,0,0
16944,481.837305883938,0,0,0,0
16945,426.537305883938,0,0,0,0
16946,389.777305883938,0,0,0,0
16947,410.307305883938,0,0,0,0
16948,332.697305883938,0,0,0,0
16949,281.327305883938,0,0,0,0
16950,331.617305883938,0,0,0,0
16951,380.017305883938,0,0,0,0
16952,372.367305883938,0,0,0,0
16953,372.367305883938,0,0,0,0
16954,370.977305883938,0,0,0,0
16955,349.177305883938,0,0,0,0
16956,406.407305883938,0,0,0,0
16957,371.747305883938,0,0,0,0
16958,406.037305883938,0,0,0,0
16959,408.387305883938,0,0,0,0
16960,397.967305883938,0,0,0,0
16961,352.177305883938,0,0,0,0
16962,391.257305883938,0,0,0,0
16963,360.307305883938,0,0,0,0
16964,345.237305883938,0,0,0,0
16965,340.677305883938,0,0,0,0
16966,342.067305883938,0,0,0,0
16967,362.997305883938,0,0,0,0
16968,322.867305883938,0,0,0,0
16969,330.257305883938,0,0,0,0
16970,301.627305883938,0,0,0,0
16971,332.097305883938,0,0,0,0
16972,275.777305883938,0,0,0,0
16973,309.957305883938,0,0,0,0
16974,270.227305883938,0,0,0,0
16975,303.357305883938,0,0,0,0
16976,294.977305883938,0,0,0,0
16977,291.407305883938,0,0,0,0
16978,240.157305883938,0,0,0,0
16979,259.387305883938,0,0,0,0
16980,273.967305883938,0,0,0,0
16981,273.627305883938,0,0,0,0
16982,275.467305883938,0,0,0,0
16983,297.667305883938,0,0,0,0
16984,332.297305883938,0,0,0,0
16985,340.317305883938,0,0,0,0
16986,330.937305883938,0,0,0,0
16987,318.197305883938,0,0,0,0
16988,317.437305883938,0,0,0,0
16989,329.467305883938,0,0,0,0
16990,329.667305883938,0,0,0,0
16991,326.017305883938,0,0,0,0
16992,338.807305883938,0,0,0,0
16993,329.947305883938,0,0,0,0
16994,341.277305883938,0,0,0,0
16995,345.467305883938,0,0,0,0
16996,337.397305883938,0,0,0,0
16997,297.807305883938,0,0,0,0
16998,298.797305883938,0,0,0,0
16999,290.897305883938,0,0,0,0
17000,297.157305883938,0,0,0,0
17001,275.807305883938,0,0,0,0
17002,311.117305883938,0,0,0,0
17003,306.447305883938,0,0,0,0
17004,308.797305883938,0,0,0,0
17005,307.297305883938,0,0,0,0
17006,331.907305883938,0,0,0,0
17007,328.617305883938,0,0,0,0
17008,312.647305883938,0,0,0,0
17009,312.847305883938,0,0,0,0
17010,327.177305883938,0,0,0,0
17011,336.997305883938,0,0,0,0
17012,337.307305883938,0,0,0,0
17013,335.047305883938,0,0,0,0
17014,342.327305883938,0,0,0,0
17015,328.647305883938,0,0,0,0
17016,314.887305883938,0,0,0,0
17017,285.127305883938,0,0,0,0
17018,289.027305883938,0,0,0,0
17019,315.417305883938,0,0,0,0
17020,369.167305883938,0,0,0,0
17021,360.417305883938,0,0,0,0
17022,388.277305883938,0,0,0,0
17023,344.017305883938,0,0,0,0
17024,379.897305883938,0,0,0,0
17025,346.657305883938,0,0,0,0
17026,358.347305883938,0,0,0,0
17027,340.997305883938,0,0,0,0
17028,333.517305883938,0,0,0,0
17029,329.217305883938,0,0,0,0
17030,321.457305883938,0,0,0,0
17031,267.737305883938,0,0,0,0
17032,306.277305883938,0,0,0,0
17033,344.417305883938,0,0,0,0
17034,357.137305883938,0,0,0,0
17035,383.127305883938,0,0,0,0
17036,330.377305883938,0,0,0,0
17037,313.917305883938,0,0,0,0
17038,326.837305883938,0,0,0,0
17039,329.887305883938,0,0,0,0
17040,327.707305883938,0,0,0,0
17041,318.677305883938,0,0,0,0
17042,286.537305883938,0,0,0,0
17043,249.157305883938,0,0,0,0
17044,248.707305883938,0,0,0,0
17045,280.597305883938,0,0,0,0
17046,270.967305883938,0,0,0,0
17047,249.307305883938,0,0,0,0
17048,234.377305883938,0,0,0,0
17049,224.637305883938,0,0,0,0
17050,187.227305883938,0,0,0,0
17051,228.627305883938,0,0,0,0
17052,221.187305883938,0,0,0,0
17053,221.697305883938,0,0,0,0
17054,220.897305883938,0,0,0,0
17055,206.087305883938,0,0,0,0
17056,192.527305883938,0,0,0,0
17057,214.897305883938,0,0,0,0
17058,229.597305883938,0,0,0,0
17059,215.007305883938,0,0,0,0
17060,204.927305883938,0,0,0,0
17061,205.897305883938,0,0,0,0
17062,200.657305883938,0,0,0,0
17063,199.777305883938,0,0,0,0
17064,199.947305883938,0,0,0,0
17065,200.967305883938,0,0,0,0
17066,209.037305883938,0,0,0,0
17067,207.787305883938,0,0,0,0
17068,207.307305883938,0,0,0,0
17069,193.377305883938,0,0,0,0
17070,193.097305883938,0,0,0,0
17071,185.337305883938,0,0,0,0
17072,153.647305883938,0,0,0,0
17073,151.557305883938,0,0,0,0
17074,151.837305883938,0,0,0,0
17075,157.757305883938,0,0,0,0
17076,137.447305883938,0,0,0,0
17077,145.207305883938,0,0,0,0
17078,139.917305883938,0,0,0,0
17079,119.527305883938,0,0,0,0
17080,141.127305883938,0,0,0,0
17081,123.237305883938,0,0,0,0
17082,133.177305883938,0,0,0,0
17083,134.337305883938,0,0,0,0
17084,115.027305883938,0,0,0,0
17085,109.477305883938,0,0,0,0
17086,111.317305883938,0,0,0,0
17087,107.857305883938,0,0,0,0
17088,107.827305883938,0,0,0,0
17089,108.397305883938,0,0,0,0
17090,108.767305883938,0,0,0,0
17091,108.967305883938,0,0,0,0
17092,109.217305883938,0,0,0,0
17093,129.467305883938,0,0,0,0
17094,133.937305883938,0,0,0,0
17095,121.597305883938,0,0,0,0
17096,126.127305883938,0,0,0,0
17097,123.267305883938,0,0,0,0
17098,127.507305883938,0,0,0,0
17099,124.817305883938,0,0,0,0
17100,126.067305883938,0,0,0,0
17101,133.767305883938,0,0,0,0
17102,135.407305883938,0,0,0,0
17103,135.297305883938,0,0,0,0
17104,147.387305883938,0,0,0,0
17105,130.287305883938,0,0,0,0
17106,111.257305883938,0,0,0,0
17107,153.737305883938,0,0,0,0
17108,137.057305883938,0,0,0,0
17109,161.657305883938,0,0,0,0
17110,146.827305883938,0,0,0,0
17111,143.427305883938,0,0,0,0
17112,142.097305883938,0,0,0,0
17113,126.347305883938,0,0,0,0
17114,126.347305883938,0,0,0,0
17115,134.107305883938,0,0,0,0
17116,100.497305883938,0,0,0,0
17117,156.057305883938,0,0,0,0
17118,162.507305883938,0,0,0,0
17119,150.617305883938,0,0,0,0
17120,148.327305883938,0,0,0,0
17121,147.867305883938,0,0,0,0
17122,127.507305883938,0,0,0,0
17123,131.847305883938,0,0,0,0
17124,144.357305883938,0,0,0,0
17125,124.937305883938,0,0,0,0
17126,82.2873058839382,0,0,0,0
17127,136.287305883938,0,0,0,0
17128,135.047305883938,0,0,0,0
17129,142.517305883938,0,0,0,0
17130,144.527305883938,0,0,0,0
17131,135.947305883938,0,0,0,0
17132,144.497305883938,0,0,0,0
17133,148.577305883938,0,0,0,0
17134,137.597305883938,0,0,0,0
17135,131.137305883938,0,0,0,0
17136,128.927305883938,0,0,0,0
17137,134.987305883938,0,0,0,0
17138,131.197305883938,0,0,0,0
17139,137.877305883938,0,0,0,0
17140,137.027305883938,0,0,0,0
17141,129.547305883938,0,0,0,0
17142,127.117305883938,0,0,0,0
17143,214.897305883938,0,0,0,0
17144,263.437305883938,0,0,0,0
17145,321.367305883938,0,0,0,0
17146,631.017305883938,0,0,0,0
17147,839.457305883938,0,0,0,0
17148,898.977305883938,0,0,0,0
17149,764.927305883938,0,0,0,0
17150,846.107305883938,0,0,0,0
17151,689.287305883938,0,0,0,0
17152,586.047305883938,0,0,0,0
17153,533.627305883938,0,0,0,0
17154,464.027305883938,0,0,0,0
17155,468.727305883938,0,0,0,0
17156,464.967305883938,0,0,0,0
17157,465.617305883938,0,0,0,0
17158,447.687305883938,0,0,0,0
17159,422.747305883938,0,0,0,0
17160,353.367305883938,0,0,0,0
17161,310.717305883938,0,0,0,0
17162,278.897305883938,0,0,0,0
17163,501.377305883938,0,0,0,0
17164,687.477305883938,0,0,0,0
17165,1034.80730588394,0,0,0,0
17166,1153.08730588394,0,0,0,0
17167,597.057305883938,0,0,0,0
17168,234.037305883938,0,0,0,0
17169,1222.57730588394,0,0,0,0
17170,1837.59730588394,0,0,0,0
17171,2101.36730588394,0,0,0,0
17172,1777.19730588394,0,0,0,0
17173,1247.66730588394,0,0,0,0
17174,1312.79730588394,0,0,0,0
17175,1381.52730588394,0,0,0,0
17176,1360.50730588394,0,0,0,0
17177,1436.25730588394,0,0,0,0
17178,1414.82730588394,0,0,0,0
17179,1496.68730588394,0,0,0,0
17180,1468.11730588394,0,0,0,0
17181,1452.45730588394,0,0,0,0
17182,1363.28730588394,0,0,0,0
17183,1177.69730588394,0,0,0,0
17184,915.567305883938,0,0,0,0
17185,896.367305883938,0,0,0,0
17186,851.857305883938,0,0,0,0
17187,655.137305883938,0,0,0,0
17188,807.627305883938,0,0,0,0
17189,936.977305883938,0,0,0,0
17190,883.517305883938,0,0,0,0
17191,977.757305883938,0,0,0,0
17192,687.277305883938,0,0,0,0
17193,500.587305883938,0,0,0,0
17194,514.267305883938,0,0,0,0
17195,706.197305883938,0,0,0,0
17196,892.347305883938,0,0,0,0
17197,972.287305883938,0,0,0,0
17198,936.467305883938,0,0,0,0
17199,835.037305883938,0,0,0,0
17200,646.757305883938,0,0,0,0
17201,561.527305883938,0,0,0,0
17202,600.347305883938,0,0,0,0
17203,698.577305883938,0,0,0,0
17204,646.527305883938,0,0,0,0
17205,674.257305883938,0,0,0,0
17206,554.107305883938,0,0,0,0
17207,477.817305883938,0,0,0,0
17208,449.387305883938,0,0,0,0
17209,376.217305883938,0,0,0,0
17210,287.477305883938,0,0,0,0
17211,251.147305883938,0,0,0,0
17212,175.877305883938,0,0,0,0
17213,150.307305883938,0,0,0,0
17214,133.797305883938,0,0,0,0
17215,106.017305883938,0,0,0,0
17216,114.377305883938,0,0,0,0
17217,98.2273058839382,0,0,0,0
17218,96.1373058839382,0,0,0,0
17219,102.877305883938,0,0,0,0
17220,114.317305883938,0,0,0,0
17221,108.257305883938,0,0,0,0
17222,129.097305883938,0,0,0,0
17223,94.2973058839383,0,0,0,0
17224,89.4273058839382,0,0,0,0
17225,111.317305883938,0,0,0,0
17226,101.457305883938,0,0,0,0
17227,108.337305883938,0,0,0,0
17228,106.667305883938,0,0,0,0
17229,107.407305883938,0,0,0,0
17230,96.8473058839382,0,0,0,0
17231,118.877305883938,0,0,0,0
17232,120.627305883938,0,0,0,0
17233,121.507305883938,0,0,0,0
17234,117.487305883938,0,0,0,0
17235,120.287305883938,0,0,0,0
17236,124.737305883938,0,0,0,0
17237,114.767305883938,0,0,0,0
17238,118.957305883938,0,0,0,0
17239,114.227305883938,0,0,0,0
17240,141.127305883938,0,0,0,0
17241,138.927305883938,0,0,0,0
17242,140.647305883938,0,0,0,0
17243,107.657305883938,0,0,0,0
17244,122.867305883938,0,0,0,0
17245,130.257305883938,0,0,0,0
17246,126.997305883938,0,0,0,0
17247,135.747305883938,0,0,0,0
17248,136.547305883938,0,0,0,0
17249,144.667305883938,0,0,0,0
17250,144.527305883938,0,0,0,0
17251,142.067305883938,0,0,0,0
17252,150.167305883938,0,0,0,0
17253,148.977305883938,0,0,0,0
17254,146.937305883938,0,0,0,0
17255,140.937305883938,0,0,0,0
17256,131.727305883938,0,0,0,0
17257,145.177305883938,0,0,0,0
17258,139.687305883938,0,0,0,0
17259,138.497305883938,0,0,0,0
17260,127.677305883938,0,0,0,0
17261,131.167305883938,0,0,0,0
17262,131.877305883938,0,0,0,0
17263,137.537305883938,0,0,0,0
17264,121.707305883938,0,0,0,0
17265,136.827305883938,0,0,0,0
17266,152.657305883938,0,0,0,0
17267,151.667305883938,0,0,0,0
17268,130.707305883938,0,0,0,0
17269,134.277305883938,0,0,0,0
17270,152.147305883938,0,0,0,0
17271,167.777305883938,0,0,0,0
17272,173.327305883938,0,0,0,0
17273,173.357305883938,0,0,0,0
17274,158.097305883938,0,0,0,0
17275,146.427305883938,0,0,0,0
17276,140.677305883938,0,0,0,0
17277,142.237305883938,0,0,0,0
17278,131.027305883938,0,0,0,0
17279,140.987305883938,0,0,0,0
17280,153.447305883938,0,0,0,0
17281,153.337305883938,0,0,0,0
17282,159.767305883938,0,0,0,0
17283,186.547305883938,0,0,0,0
17284,174.287305883938,0,0,0,0
17285,182.927305883938,0,0,0,0
17286,204.277305883938,0,0,0,0
17287,175.107305883938,0,0,0,0
17288,168.517305883938,0,0,0,0
17289,164.037305883938,0,0,0,0
17290,169.107305883938,0,0,0,0
17291,163.047305883938,0,0,0,0
17292,164.717305883938,0,0,0,0
17293,184.347305883938,0,0,0,0
17294,207.447305883938,0,0,0,0
17295,188.057305883938,0,0,0,0
17296,189.867305883938,0,0,0,0
17297,213.167305883938,0,0,0,0
17298,230.047305883938,0,0,0,0
17299,230.617305883938,0,0,0,0
17300,219.177305883938,0,0,0,0
17301,215.437305883938,0,0,0,0
17302,220.897305883938,0,0,0,0
17303,214.077305883938,0,0,0,0
17304,205.527305883938,0,0,0,0
17305,210.477305883938,0,0,0,0
17306,208.497305883938,0,0,0,0
17307,214.957305883938,0,0,0,0
17308,222.397305883938,0,0,0,0
17309,222.457305883938,0,0,0,0
17310,212.657305883938,0,0,0,0
17311,232.367305883938,0,0,0,0
17312,247.117305883938,0,0,0,0
17313,238.367305883938,0,0,0,0
17314,230.837305883938,0,0,0,0
17315,218.097305883938,0,0,0,0
17316,187.687305883938,0,0,0,0
17317,206.427305883938,0,0,0,0
17318,207.027305883938,0,0,0,0
17319,219.877305883938,0,0,0,0
17320,220.927305883938,0,0,0,0
17321,225.917305883938,0,0,0,0
17322,172.447305883938,0,0,0,0
17323,209.937305883938,0,0,0,0
17324,226.227305883938,0,0,0,0
17325,229.337305883938,0,0,0,0
17326,243.017305883938,0,0,0,0
17327,242.027305883938,0,0,0,0
17328,254.317305883938,0,0,0,0
17329,273.487305883938,0,0,0,0
17330,300.977305883938,0,0,0,0
17331,330.887305883938,0,0,0,0
17332,353.107305883938,0,0,0,0
17333,367.777305883938,0,0,0,0
17334,344.527305883938,0,0,0,0
17335,354.587305883938,0,0,0,0
17336,352.237305883938,0,0,0,0
17337,350.397305883938,0,0,0,0
17338,326.697305883938,0,0,0,0
17339,335.697305883938,0,0,0,0
17340,341.357305883938,0,0,0,0
17341,344.527305883938,0,0,0,0
17342,324.797305883938,0,0,0,0
17343,334.507305883938,0,0,0,0
17344,326.357305883938,0,0,0,0
17345,357.447305883938,0,0,0,0
17346,362.907305883938,0,0,0,0
17347,320.407305883938,0,0,0,0
17348,349.907305883938,0,0,0,0
17349,361.207305883938,0,0,0,0
17350,352.687305883938,0,0,0,0
17351,340.827305883938,0,0,0,0
17352,357.557305883938,0,0,0,0
17353,353.107305883938,0,0,0,0
17354,343.087305883938,0,0,0,0
17355,323.207305883938,0,0,0,0
17356,338.757305883938,0,0,0,0
17357,357.107305883938,0,0,0,0
17358,358.487305883938,0,0,0,0
17359,354.247305883938,0,0,0,0
17360,354.277305883938,0,0,0,0
17361,356.987305883938,0,0,0,0
17362,363.877305883938,0,0,0,0
17363,359.427305883938,0,0,0,0
17364,359.507305883938,0,0,0,0
17365,345.747305883938,0,0,0,0
17366,352.007305883938,0,0,0,0
17367,351.757305883938,0,0,0,0
17368,354.837305883938,0,0,0,0
17369,355.517305883938,0,0,0,0
17370,361.467305883938,0,0,0,0
17371,357.047305883938,0,0,0,0
17372,358.717305883938,0,0,0,0
17373,353.447305883938,0,0,0,0
17374,356.847305883938,0,0,0,0
17375,316.127305883938,0,0,0,0
17376,335.557305883938,0,0,0,0
17377,317.627305883938,0,0,0,0
17378,323.837305883938,0,0,0,0
17379,345.377305883938,0,0,0,0
17380,357.477305883938,0,0,0,0
17381,343.597305883938,0,0,0,0
17382,379.987305883938,0,0,0,0
17383,370.297305883938,0,0,0,0
17384,342.007305883938,0,0,0,0
17385,323.267305883938,0,0,0,0
17386,339.207305883938,0,0,0,0
17387,344.927305883938,0,0,0,0
17388,324.827305883938,0,0,0,0
17389,332.577305883938,0,0,0,0
17390,341.697305883938,0,0,0,0
17391,331.957305883938,0,0,0,0
17392,315.757305883938,0,0,0,0
17393,316.267305883938,0,0,0,0
17394,299.597305883938,0,0,0,0
17395,295.717305883938,0,0,0,0
17396,274.027305883938,0,0,0,0
17397,261.137305883938,0,0,0,0
17398,264.087305883938,0,0,0,0
17399,267.367305883938,0,0,0,0
17400,260.517305883938,0,0,0,0
17401,247.347305883938,0,0,0,0
17402,241.767305883938,0,0,0,0
17403,229.087305883938,0,0,0,0
17404,235.397305883938,0,0,0,0
17405,217.217305883938,0,0,0,0
17406,226.877305883938,0,0,0,0
17407,215.097305883938,0,0,0,0
17408,206.687305883938,0,0,0,0
17409,217.337305883938,0,0,0,0
17410,234.327305883938,0,0,0,0
17411,272.667305883938,0,0,0,0
17412,261.987305883938,0,0,0,0
17413,283.817305883938,0,0,0,0
17414,292.687305883938,0,0,0,0
17415,307.777305883938,0,0,0,0
17416,323.747305883938,0,0,0,0
17417,285.267305883938,0,0,0,0
17418,235.087305883938,0,0,0,0
17419,242.907305883938,0,0,0,0
17420,259.157305883938,0,0,0,0
17421,277.397305883938,0,0,0,0
17422,196.067305883938,0,0,0,0
17423,219.147305883938,0,0,0,0
17424,230.077305883938,0,0,0,0
17425,220.897305883938,0,0,0,0
17426,240.017305883938,0,0,0,0
17427,215.437305883938,0,0,0,0
17428,216.397305883938,0,0,0,0
17429,200.737305883938,0,0,0,0
17430,200.967305883938,0,0,0,0
17431,201.307305883938,0,0,0,0
17432,200.907305883938,0,0,0,0
17433,194.117305883938,0,0,0,0
17434,206.737305883938,0,0,0,0
17435,202.717305883938,0,0,0,0
17436,198.137305883938,0,0,0,0
17437,196.467305883938,0,0,0,0
17438,209.207305883938,0,0,0,0
17439,211.697305883938,0,0,0,0
17440,188.447305883938,0,0,0,0
17441,176.217305883938,0,0,0,0
17442,161.947305883938,0,0,0,0
17443,162.147305883938,0,0,0,0
17444,140.647305883938,0,0,0,0
17445,149.007305883938,0,0,0,0
17446,151.607305883938,0,0,0,0
17447,140.937305883938,0,0,0,0
17448,155.207305883938,0,0,0,0
17449,110.127305883938,0,0,0,0
17450,121.847305883938,0,0,0,0
17451,134.057305883938,0,0,0,0
17452,122.297305883938,0,0,0,0
17453,126.097305883938,0,0,0,0
17454,123.237305883938,0,0,0,0
17455,123.997305883938,0,0,0,0
17456,101.597305883938,0,0,0,0
17457,106.387305883938,0,0,0,0
17458,101.577305883938,0,0,0,0
17459,83.9573058839382,0,0,0,0
17460,80.4773058839382,0,0,0,0
17461,83.1073058839382,0,0,0,0
17462,112.387305883938,0,0,0,0
17463,91.7773058839382,0,0,0,0
17464,97.8073058839382,0,0,0,0
17465,94.0673058839382,0,0,0,0
17466,116.947305883938,0,0,0,0
17467,113.667305883938,0,0,0,0
17468,126.347305883938,0,0,0,0
17469,121.137305883938,0,0,0,0
17470,107.607305883938,0,0,0,0
17471,92.4873058839382,0,0,0,0
17472,82.8573058839382,0,0,0,0
17473,82.6273058839382,0,0,0,0
17474,82.9373058839383,0,0,0,0
17475,85.2073058839382,0,0,0,0
17476,94.5273058839382,0,0,0,0
17477,101.597305883938,0,0,0,0
17478,101.577305883938,0,0,0,0
17479,107.717305883938,0,0,0,0
17480,118.247305883938,0,0,0,0
17481,109.527305883938,0,0,0,0
17482,106.807305883938,0,0,0,0
17483,99.4473058839382,0,0,0,0
17484,126.267305883938,0,0,0,0
17485,124.167305883938,0,0,0,0
17486,122.017305883938,0,0,0,0
17487,125.897305883938,0,0,0,0
17488,136.627305883938,0,0,0,0
17489,138.297305883938,0,0,0,0
17490,126.807305883938,0,0,0,0
17491,75.3773058839382,0,0,0,0
17492,96.0273058839382,0,0,0,0
17493,105.087305883938,0,0,0,0
17494,135.467305883938,0,0,0,0
17495,113.777305883938,0,0,0,0
17496,109.387305883938,0,0,0,0
17497,100.327305883938,0,0,0,0
17498,67.4273058839382,0,0,0,0
17499,101.177305883938,0,0,0,0
17500,120.887305883938,0,0,0,0
17501,111.487305883938,0,0,0,0
17502,95.1773058839382,0,0,0,0
17503,101.597305883938,0,0,0,0
17504,108.537305883938,0,0,0,0
17505,104.007305883938,0,0,0,0
17506,105.597305883938,0,0,0,0
17507,104.117305883938,0,0,0,0
17508,94.4373058839383,0,0,0,0
17509,104.747305883938,0,0,0,0
17510,99.1973058839382,0,0,0,0
17511,112.027305883938,0,0,0,0
17512,116.637305883938,0,0,0,0
17513,97.5773058839382,0,0,0,0
17514,108.967305883938,0,0,0,0
17515,110.157305883938,0,0,0,0
17516,119.927305883938,0,0,0,0
17517,105.087305883938,0,0,0,0
17518,111.877305883938,0,0,0,0
17519,112.847305883938,0,0,0,0
17520,112.847305883938,0,0,0,0
17521,120.887305883938,0,0,0,0
17522,93.1873058839383,0,0,0,0
17523,114.257305883938,0,0,0,0
17524,101.177305883938,0,0,0,0
17525,123.717305883938,0,0,0,0
17526,117.577305883938,0,0,0,0
17527,101.427305883938,0,0,0,0
17528,120.067305883938,0,0,0,0
17529,107.917305883938,0,0,0,0
17530,117.797305883938,0,0,0,0
17531,116.297305883938,0,0,0,0
17532,113.097305883938,0,0,0,0
17533,117.907305883938,0,0,0,0
17534,122.637305883938,0,0,0,0
17535,95.1173058839382,0,0,0,0
17536,99.7373058839382,0,0,0,0
17537,101.147305883938,0,0,0,0
17538,86.8173058839382,0,0,0,0
17539,90.3273058839382,0,0,0,0
17540,88.6373058839382,0,0,0,0
17541,103.447305883938,0,0,0,0
17542,112.527305883938,0,0,0,0
17543,90.5573058839382,0,0,0,0
17544,67.9073058839382,0,0,0,0
17545,79.9073058839382,0,0,0,0
17546,93.8173058839382,0,0,0,0
17547,69.1473058839382,0,0,0,0
17548,328.957305883938,0,0,0,0
17549,413.487305883938,0,0,0,0
17550,411.017305883938,0,0,0,0
17551,468.987305883938,0,0,0,0
17552,468.337305883938,0,0,0,0
17553,817.137305883938,0,0,0,0
17554,933.777305883938,0,0,0,0
17555,978.797305883938,0,0,0,0
17556,968.977305883938,0,0,0,0
17557,826.397305883938,0,0,0,0
17558,816.317305883938,0,0,0,0
17559,811.217305883938,0,0,0,0
17560,872.467305883938,0,0,0,0
17561,745.867305883938,0,0,0,0
17562,973.787305883938,0,0,0,0
17563,1001.53730588394,0,0,0,0
17564,574.517305883938,0,0,0,0
17565,228.797305883938,0,0,0,0
17566,467.087305883938,0,0,0,0
17567,1285.80730588394,0,0,0,0
17568,471.847305883938,0,0,0,0
17569,423.937305883938,0,0,0,0
17570,630.867305883938,0,0,0,0
17571,1031.49730588394,0,0,0,0
17572,1500.28730588394,0,0,0,0
17573,1314.60730588394,0,0,0,0
17574,1227.64730588394,0,0,0,0
17575,1217.05730588394,0,0,0,0
17576,1329.64730588394,0,0,0,0
17577,1069.04730588394,0,0,0,0
17578,1237.02730588394,0,0,0,0
17579,1406.94730588394,0,0,0,0
17580,1426.88730588394,0,0,0,0
17581,1358.61730588394,0,0,0,0
17582,510.297305883938,0,0,0,0
17583,917.867305883938,0,0,0,0
17584,370.607305883938,0,0,0,0
17585,1230.93730588394,0,0,0,0
17586,671.167305883938,0,0,0,0
17587,1184.57730588394,0,0,0,0
17588,1327.01730588394,0,0,0,0
17589,1298.52730588394,0,0,0,0
17590,1052.64730588394,0,0,0,0
17591,1202.61730588394,0,0,0,0
17592,1231.38730588394,0,0,0,0
17593,1094.27730588394,0,0,0,0
17594,954.367305883938,0,0,0,0
17595,919.197305883938,0,0,0,0
17596,778.147305883938,0,0,0,0
17597,688.297305883938,0,0,0,0
17598,591.877305883938,0,0,0,0
17599,499.537305883938,0,0,0,0
17600,376.697305883938,0,0,0,0
17601,424.417305883938,0,0,0,0
17602,353.677305883938,0,0,0,0
17603,287.557305883938,0,0,0,0
17604,237.037305883938,0,0,0,0
17605,148.577305883938,0,0,0,0
17606,144.497305883938,0,0,0,0
17607,92.3973058839382,0,0,0,0
17608,95.0573058839382,0,0,0,0
17609,81.7773058839382,0,0,0,0
17610,202.357305883938,0,0,0,0
17611,563.447305883938,0,0,0,0
17612,805.107305883938,0,0,0,0
17613,541.927305883938,0,0,0,0
17614,345.547305883938,0,0,0,0
17615,963.367305883938,0,0,0,0
17616,996.357305883938,0,0,0,0
17617,1129.01730588394,0,0,0,0
17618,1129.50730588394,0,0,0,0
17619,901.097305883938,0,0,0,0
17620,864.967305883938,0,0,0,0
17621,662.137305883938,0,0,0,0
17622,773.927305883938,0,0,0,0
17623,749.807305883938,0,0,0,0
17624,623.767305883938,0,0,0,0
17625,602.267305883938,0,0,0,0
17626,401.137305883938,0,0,0,0
17627,401.137305883938,0,0,0,0
17628,316.947305883938,0,0,0,0
17629,302.087305883938,0,0,0,0
17630,210.367305883938,0,0,0,0
17631,193.177305883938,0,0,0,0
17632,182.477305883938,0,0,0,0
17633,116.577305883938,0,0,0,0
17634,79.4873058839382,0,0,0,0
17635,64.7573058839382,0,0,0,0
17636,59.3573058839382,0,0,0,0
17637,48.3973058839382,0,0,0,0
17638,55.7273058839382,0,0,0,0
17639,44.0073058839382,0,0,0,0
17640,162.317305883938,0,0,0,0
17641,231.207305883938,0,0,0,0
17642,151.327305883938,0,0,0,0
17643,194.337305883938,0,0,0,0
17644,187.427305883938,0,0,0,0
17645,177.827305883938,0,0,0,0
17646,162.057305883938,0,0,0,0
17647,164.237305883938,0,0,0,0
17648,165.057305883938,0,0,0,0
17649,165.197305883938,0,0,0,0
17650,172.907305883938,0,0,0,0
17651,194.847305883938,0,0,0,0
17652,190.177305883938,0,0,0,0
17653,201.277305883938,0,0,0,0
17654,217.847305883938,0,0,0,0
17655,203.117305883938,0,0,0,0
17656,194.167305883938,0,0,0,0
17657,189.437305883938,0,0,0,0
17658,152.967305883938,0,0,0,0
17659,160.557305883938,0,0,0,0
17660,161.577305883938,0,0,0,0
17661,164.887305883938,0,0,0,0
17662,153.417305883938,0,0,0,0
17663,187.827305883938,0,0,0,0
17664,300.387305883938,0,0,0,0
17665,309.137305883938,0,0,0,0
17666,340.567305883938,0,0,0,0
17667,346.377305883938,0,0,0,0
17668,304.977305883938,0,0,0,0
17669,345.747305883938,0,0,0,0
17670,358.237305883938,0,0,0,0
17671,406.487305883938,0,0,0,0
17672,403.547305883938,0,0,0,0
17673,428.487305883938,0,0,0,0
17674,438.767305883938,0,0,0,0
17675,519.017305883938,0,0,0,0
17676,495.067305883938,0,0,0,0
17677,472.747305883938,0,0,0,0
17678,508.177305883938,0,0,0,0
17679,529.267305883938,0,0,0,0
17680,865.647305883938,0,0,0,0
17681,661.367305883938,0,0,0,0
17682,495.147305883938,0,0,0,0
17683,502.567305883938,0,0,0,0
17684,541.647305883938,0,0,0,0
17685,537.427305883938,0,0,0,0
17686,573.927305883938,0,0,0,0
17687,574.497305883938,0,0,0,0
17688,573.277305883938,0,0,0,0
17689,481.637305883938,0,0,0,0
17690,540.147305883938,0,0,0,0
17691,410.877305883938,0,0,0,0
17692,427.527305883938,0,0,0,0
17693,385.737305883938,0,0,0,0
17694,281.867305883938,0,0,0,0
17695,390.857305883938,0,0,0,0
17696,414.987305883938,0,0,0,0
17697,387.037305883938,0,0,0,0
17698,422.287305883938,0,0,0,0
17699,394.117305883938,0,0,0,0
17700,425.717305883938,0,0,0,0
17701,450.067305883938,0,0,0,0
17702,404.057305883938,0,0,0,0
17703,405.187305883938,0,0,0,0
17704,439.027305883938,0,0,0,0
17705,423.787305883938,0,0,0,0
17706,392.867305883938,0,0,0,0
17707,401.897305883938,0,0,0,0
17708,390.347305883938,0,0,0,0
17709,361.837305883938,0,0,0,0
17710,373.387305883938,0,0,0,0
17711,380.157305883938,0,0,0,0
17712,373.357305883938,0,0,0,0
17713,367.557305883938,0,0,0,0
17714,354.977305883938,0,0,0,0
17715,351.327305883938,0,0,0,0
17716,348.637305883938,0,0,0,0
17717,335.437305883938,0,0,0,0
17718,342.237305883938,0,0,0,0
17719,373.957305883938,0,0,0,0
17720,357.667305883938,0,0,0,0
17721,368.747305883938,0,0,0,0
17722,330.057305883938,0,0,0,0
17723,355.917305883938,0,0,0,0
17724,329.637305883938,0,0,0,0
17725,330.147305883938,0,0,0,0
17726,333.997305883938,0,0,0,0
17727,322.817305883938,0,0,0,0
17728,343.967305883938,0,0,0,0
17729,331.057305883938,0,0,0,0
17730,349.177305883938,0,0,0,0
17731,358.127305883938,0,0,0,0
17732,334.227305883938,0,0,0,0
17733,326.917305883938,0,0,0,0
17734,346.517305883938,0,0,0,0
17735,346.347305883938,0,0,0,0
17736,363.877305883938,0,0,0,0
17737,343.797305883938,0,0,0,0
17738,343.797305883938,0,0,0,0
17739,345.237305883938,0,0,0,0
17740,358.517305883938,0,0,0,0
17741,341.927305883938,0,0,0,0
17742,333.827305883938,0,0,0,0
17743,357.897305883938,0,0,0,0
17744,366.477305883938,0,0,0,0
17745,350.537305883938,0,0,0,0
17746,351.637305883938,0,0,0,0
17747,349.907305883938,0,0,0,0
17748,339.807305883938,0,0,0,0
17749,344.617305883938,0,0,0,0
17750,337.597305883938,0,0,0,0
17751,352.207305883938,0,0,0,0
17752,342.667305883938,0,0,0,0
17753,345.577305883938,0,0,0,0
17754,357.497305883938,0,0,0,0
17755,348.217305883938,0,0,0,0
17756,345.667305883938,0,0,0,0
17757,362.737305883938,0,0,0,0
17758,369.617305883938,0,0,0,0
17759,353.337305883938,0,0,0,0
17760,363.277305883938,0,0,0,0
17761,330.057305883938,0,0,0,0
17762,355.407305883938,0,0,0,0
17763,354.697305883938,0,0,0,0
17764,355.377305883938,0,0,0,0
17765,342.917305883938,0,0,0,0
17766,343.287305883938,0,0,0,0
17767,342.577305883938,0,0,0,0
17768,330.937305883938,0,0,0,0
17769,305.627305883938,0,0,0,0
17770,337.567305883938,0,0,0,0
17771,311.257305883938,0,0,0,0
17772,335.527305883938,0,0,0,0
17773,358.657305883938,0,0,0,0
17774,327.937305883938,0,0,0,0
17775,332.327305883938,0,0,0,0
17776,311.687305883938,0,0,0,0
17777,324.167305883938,0,0,0,0
17778,315.847305883938,0,0,0,0
17779,320.977305883938,0,0,0,0
17780,318.847305883938,0,0,0,0
17781,316.357305883938,0,0,0,0
17782,331.617305883938,0,0,0,0
17783,303.047305883938,0,0,0,0
17784,282.147305883938,0,0,0,0
17785,274.817305883938,0,0,0,0
17786,303.697305883938,0,0,0,0
17787,267.597305883938,0,0,0,0
17788,267.057305883938,0,0,0,0
17789,275.157305883938,0,0,0,0
17790,262.247305883938,0,0,0,0
17791,267.677305883938,0,0,0,0
17792,263.717305883938,0,0,0,0
17793,242.567305883938,0,0,0,0
17794,230.467305883938,0,0,0,0
17795,248.567305883938,0,0,0,0
17796,244.887305883938,0,0,0,0
17797,256.577305883938,0,0,0,0
17798,244.547305883938,0,0,0,0
17799,235.287305883938,0,0,0,0
17800,242.507305883938,0,0,0,0
17801,217.477305883938,0,0,0,0
17802,209.007305883938,0,0,0,0
17803,193.287305883938,0,0,0,0
17804,201.187305883938,0,0,0,0
17805,190.317305883938,0,0,0,0
17806,193.147305883938,0,0,0,0
17807,206.087305883938,0,0,0,0
17808,199.207305883938,0,0,0,0
17809,197.197305883938,0,0,0,0
17810,202.437305883938,0,0,0,0
17811,215.747305883938,0,0,0,0
17812,136.517305883938,0,0,0,0
17813,173.267305883938,0,0,0,0
17814,308.737305883938,0,0,0,0
17815,161.147305883938,0,0,0,0
17816,157.837305883938,0,0,0,0
17817,158.797305883938,0,0,0,0
17818,166.817305883938,0,0,0,0
17819,132.467305883938,0,0,0,0
17820,156.337305883938,0,0,0,0
17821,151.067305883938,0,0,0,0
17822,125.897305883938,0,0,0,0
17823,138.247305883938,0,0,0,0
17824,137.647305883938,0,0,0,0
17825,137.647305883938,0,0,0,0
17826,165.767305883938,0,0,0,0
17827,150.927305883938,0,0,0,0
17828,160.667305883938,0,0,0,0
17829,125.647305883938,0,0,0,0
17830,159.937305883938,0,0,0,0
17831,138.047305883938,0,0,0,0
17832,158.237305883938,0,0,0,0
17833,153.057305883938,0,0,0,0
17834,161.917305883938,0,0,0,0
17835,135.917305883938,0,0,0,0
17836,146.677305883938,0,0,0,0
17837,146.347305883938,0,0,0,0
17838,144.867305883938,0,0,0,0
17839,152.087305883938,0,0,0,0
17840,159.337305883938,0,0,0,0
17841,162.397305883938,0,0,0,0
17842,185.647305883938,0,0,0,0
17843,181.877305883938,0,0,0,0
17844,187.487305883938,0,0,0,0
17845,187.057305883938,0,0,0,0
17846,165.967305883938,0,0,0,0
17847,171.087305883938,0,0,0,0
17848,219.517305883938,0,0,0,0
17849,248.877305883938,0,0,0,0
17850,259.837305883938,0,0,0,0
17851,257.627305883938,0,0,0,0
17852,272.017305883938,0,0,0,0
17853,324.737305883938,0,0,0,0
17854,335.667305883938,0,0,0,0
17855,328.647305883938,0,0,0,0
17856,343.007305883938,0,0,0,0
17857,350.877305883938,0,0,0,0
17858,354.467305883938,0,0,0,0
17859,328.927305883938,0,0,0,0
17860,305.827305883938,0,0,0,0
17861,286.767305883938,0,0,0,0
17862,312.707305883938,0,0,0,0
17863,345.977305883938,0,0,0,0
17864,347.707305883938,0,0,0,0
17865,335.157305883938,0,0,0,0
17866,330.287305883938,0,0,0,0
17867,333.117305883938,0,0,0,0
17868,412.807305883938,0,0,0,0
17869,410.647305883938,0,0,0,0
17870,501.657305883938,0,0,0,0
17871,858.847305883938,0,0,0,0
17872,681.837305883938,0,0,0,0
17873,745.467305883938,0,0,0,0
17874,704.097305883938,0,0,0,0
17875,654.917305883938,0,0,0,0
17876,647.857305883938,0,0,0,0
17877,642.027305883938,0,0,0,0
17878,646.527305883938,0,0,0,0
17879,575.517305883938,0,0,0,0
17880,489.997305883938,0,0,0,0
17881,422.627305883938,0,0,0,0
17882,420.107305883938,0,0,0,0
17883,423.907305883938,0,0,0,0
17884,388.257305883938,0,0,0,0
17885,334.957305883938,0,0,0,0
17886,293.957305883938,0,0,0,0
17887,267.087305883938,0,0,0,0
17888,212.947305883938,0,0,0,0
17889,177.687305883938,0,0,0,0
17890,155.597305883938,0,0,0,0
17891,163.077305883938,0,0,0,0
17892,170.667305883938,0,0,0,0
17893,164.857305883938,0,0,0,0
17894,173.157305883938,0,0,0,0
17895,150.027305883938,0,0,0,0
17896,145.437305883938,0,0,0,0
17897,133.937305883938,0,0,0,0
17898,50.4573058839382,0,0,0,0
17899,46.4673058839382,0,0,0,0
17900,76.0573058839382,0,0,0,0
17901,64.3973058839382,0,0,0,0
17902,89.1673058839382,0,0,0,0
17903,129.687305883938,0,0,0,0
17904,140.137305883938,0,0,0,0
17905,129.267305883938,0,0,0,0
17906,128.337305883938,0,0,0,0
17907,124.117305883938,0,0,0,0
17908,117.997305883938,0,0,0,0
17909,129.917305883938,0,0,0,0
17910,148.037305883938,0,0,0,0
17911,136.287305883938,0,0,0,0
17912,138.387305883938,0,0,0,0
17913,131.447305883938,0,0,0,0
17914,112.927305883938,0,0,0,0
17915,100.327305883938,0,0,0,0
17916,123.177305883938,0,0,0,0
17917,179.757305883938,0,0,0,0
17918,381.117305883938,0,0,0,0
17919,407.787305883938,0,0,0,0
17920,368.797305883938,0,0,0,0
17921,385.077305883938,0,0,0,0
17922,382.897305883938,0,0,0,0
17923,348.357305883938,0,0,0,0
17924,314.067305883938,0,0,0,0
17925,269.887305883938,0,0,0,0
17926,215.807305883938,0,0,0,0
17927,194.457305883938,0,0,0,0
17928,165.287305883938,0,0,0,0
17929,183.917305883938,0,0,0,0
17930,200.737305883938,0,0,0,0
17931,178.597305883938,0,0,0,0
17932,267.287305883938,0,0,0,0
17933,431.237305883938,0,0,0,0
17934,412.857305883938,0,0,0,0
17935,351.267305883938,0,0,0,0
17936,347.417305883938,0,0,0,0
17937,363.877305883938,0,0,0,0
17938,403.827305883938,0,0,0,0
17939,494.437305883938,0,0,0,0
17940,560.817305883938,0,0,0,0
17941,584.407305883938,0,0,0,0
17942,586.927305883938,0,0,0,0
17943,767.137305883938,0,0,0,0
17944,729.757305883938,0,0,0,0
17945,786.957305883938,0,0,0,0
17946,826.627305883938,0,0,0,0
17947,729.327305883938,0,0,0,0
17948,699.057305883938,0,0,0,0
17949,678.017305883938,0,0,0,0
17950,545.067305883938,0,0,0,0
17951,590.517305883938,0,0,0,0
17952,567.757305883938,0,0,0,0
17953,528.757305883938,0,0,0,0
17954,708.407305883938,0,0,0,0
17955,721.737305883938,0,0,0,0
17956,741.677305883938,0,0,0,0
17957,705.827305883938,0,0,0,0
17958,765.657305883938,0,0,0,0
17959,699.767305883938,0,0,0,0
17960,747.337305883938,0,0,0,0
17961,746.347305883938,0,0,0,0
17962,847.777305883938,0,0,0,0
17963,812.267305883938,0,0,0,0
17964,813.887305883938,0,0,0,0
17965,767.357305883938,0,0,0,0
17966,767.077305883938,0,0,0,0
17967,803.127305883938,0,0,0,0
17968,689.997305883938,0,0,0,0
17969,574.577305883938,0,0,0,0
17970,518.877305883938,0,0,0,0
17971,386.497305883938,0,0,0,0
17972,336.967305883938,0,0,0,0
17973,335.297305883938,0,0,0,0
17974,307.687305883938,0,0,0,0
17975,276.627305883938,0,0,0,0
17976,235.627305883938,0,0,0,0
17977,179.987305883938,0,0,0,0
17978,169.817305883938,0,0,0,0
17979,120.797305883938,0,0,0,0
17980,126.007305883938,0,0,0,0
17981,84.4173058839382,0,0,0,0
17982,75.6373058839382,0,0,0,0
17983,84.9773058839382,0,0,0,0
17984,101.067305883938,0,0,0,0
17985,85.6573058839382,0,0,0,0
17986,103.947305883938,0,0,0,0
17987,104.457305883938,0,0,0,0
17988,108.057305883938,0,0,0,0
17989,112.357305883938,0,0,0,0
17990,157.617305883938,0,0,0,0
17991,157.617305883938,0,0,0,0
17992,153.247305883938,0,0,0,0
17993,142.777305883938,0,0,0,0
17994,145.037305883938,0,0,0,0
17995,170.067305883938,0,0,0,0
17996,136.457305883938,0,0,0,0
17997,181.737305883938,0,0,0,0
17998,157.277305883938,0,0,0,0
17999,182.357305883938,0,0,0,0
18000,236.337305883938,0,0,0,0
18001,215.547305883938,0,0,0,0
18002,237.777305883938,0,0,0,0
18003,232.337305883938,0,0,0,0
18004,221.437305883938,0,0,0,0
18005,192.077305883938,0,0,0,0
18006,228.577305883938,0,0,0,0
18007,187.207305883938,0,0,0,0
18008,181.707305883938,0,0,0,0
18009,188.877305883938,0,0,0,0
18010,190.257305883938,0,0,0,0
18011,177.947305883938,0,0,0,0
18012,174.487305883938,0,0,0,0
18013,197.397305883938,0,0,0,0
18014,183.497305883938,0,0,0,0
18015,220.137305883938,0,0,0,0
18016,226.197305883938,0,0,0,0
18017,237.777305883938,0,0,0,0
18018,232.647305883938,0,0,0,0
18019,233.587305883938,0,0,0,0
18020,239.817305883938,0,0,0,0
18021,230.497305883938,0,0,0,0
18022,238.317305883938,0,0,0,0
18023,256.807305883938,0,0,0,0
18024,269.267305883938,0,0,0,0
18025,250.407305883938,0,0,0,0
18026,266.467305883938,0,0,0,0
18027,268.987305883938,0,0,0,0
18028,288.407305883938,0,0,0,0
18029,292.877305883938,0,0,0,0
18030,279.427305883938,0,0,0,0
18031,268.217305883938,0,0,0,0
18032,267.457305883938,0,0,0,0
18033,249.587305883938,0,0,0,0
18034,244.547305883938,0,0,0,0
18035,220.307305883938,0,0,0,0
18036,224.527305883938,0,0,0,0
18037,223.307305883938,0,0,0,0
18038,271.167305883938,0,0,0,0
18039,289.117305883938,0,0,0,0
18040,273.257305883938,0,0,0,0
18041,240.917305883938,0,0,0,0
18042,259.837305883938,0,0,0,0
18043,256.237305883938,0,0,0,0
18044,268.647305883938,0,0,0,0
18045,247.967305883938,0,0,0,0
18046,273.537305883938,0,0,0,0
18047,289.147305883938,0,0,0,0
18048,252.817305883938,0,0,0,0
18049,254.707305883938,0,0,0,0
18050,263.287305883938,0,0,0,0
18051,255.167305883938,0,0,0,0
18052,253.807305883938,0,0,0,0
18053,249.557305883938,0,0,0,0
18054,234.577305883938,0,0,0,0
18055,239.307305883938,0,0,0,0
18056,235.767305883938,0,0,0,0
18057,240.267305883938,0,0,0,0
18058,239.877305883938,0,0,0,0
18059,234.607305883938,0,0,0,0
18060,229.227305883938,0,0,0,0
18061,242.707305883938,0,0,0,0
18062,247.067305883938,0,0,0,0
18063,263.037305883938,0,0,0,0
18064,259.977305883938,0,0,0,0
18065,250.177305883938,0,0,0,0
18066,268.647305883938,0,0,0,0
18067,229.937305883938,0,0,0,0
18068,281.297305883938,0,0,0,0
18069,303.137305883938,0,0,0,0
18070,287.357305883938,0,0,0,0
18071,301.857305883938,0,0,0,0
18072,318.787305883938,0,0,0,0
18073,314.317305883938,0,0,0,0
18074,310.357305883938,0,0,0,0
18075,350.447305883938,0,0,0,0
18076,336.997305883938,0,0,0,0
18077,324.967305883938,0,0,0,0
18078,295.567305883938,0,0,0,0
18079,307.157305883938,0,0,0,0
18080,327.827305883938,0,0,0,0
18081,326.407305883938,0,0,0,0
18082,313.237305883938,0,0,0,0
18083,305.057305883938,0,0,0,0
18084,308.737305883938,0,0,0,0
18085,338.017305883938,0,0,0,0
18086,315.647305883938,0,0,0,0
18087,315.647305883938,0,0,0,0
18088,316.927305883938,0,0,0,0
18089,298.797305883938,0,0,0,0
18090,322.417305883938,0,0,0,0
18091,343.367305883938,0,0,0,0
18092,313.157305883938,0,0,0,0
18093,328.027305883938,0,0,0,0
18094,325.647305883938,0,0,0,0
18095,301.717305883938,0,0,0,0
18096,322.137305883938,0,0,0,0
18097,298.577305883938,0,0,0,0
18098,321.847305883938,0,0,0,0
18099,311.347305883938,0,0,0,0
18100,312.397305883938,0,0,0,0
18101,305.937305883938,0,0,0,0
18102,312.957305883938,0,0,0,0
18103,300.387305883938,0,0,0,0
18104,311.827305883938,0,0,0,0
18105,315.787305883938,0,0,0,0
18106,333.517305883938,0,0,0,0
18107,333.597305883938,0,0,0,0
18108,295.457305883938,0,0,0,0
18109,321.877305883938,0,0,0,0
18110,323.607305883938,0,0,0,0
18111,305.827305883938,0,0,0,0
18112,327.877305883938,0,0,0,0
18113,282.547305883938,0,0,0,0
18114,271.957305883938,0,0,0,0
18115,271.957305883938,0,0,0,0
18116,257.207305883938,0,0,0,0
18117,250.407305883938,0,0,0,0
18118,232.967305883938,0,0,0,0
18119,222.887305883938,0,0,0,0
18120,248.227305883938,0,0,0,0
18121,238.877305883938,0,0,0,0
18122,213.767305883938,0,0,0,0
18123,246.867305883938,0,0,0,0
18124,246.867305883938,0,0,0,0
18125,219.367305883938,0,0,0,0
18126,240.357305883938,0,0,0,0
18127,219.657305883938,0,0,0,0
18128,243.297305883938,0,0,0,0
18129,238.147305883938,0,0,0,0
18130,239.277305883938,0,0,0,0
18131,237.157305883938,0,0,0,0
18132,233.697305883938,0,0,0,0
18133,249.617305883938,0,0,0,0
18134,236.957305883938,0,0,0,0
18135,233.837305883938,0,0,0,0
18136,236.477305883938,0,0,0,0
18137,235.007305883938,0,0,0,0
18138,233.327305883938,0,0,0,0
18139,237.747305883938,0,0,0,0
18140,229.907305883938,0,0,0,0
18141,221.947305883938,0,0,0,0
18142,217.617305883938,0,0,0,0
18143,214.077305883938,0,0,0,0
18144,196.947305883938,0,0,0,0
18145,210.617305883938,0,0,0,0
18146,213.907305883938,0,0,0,0
18147,202.017305883938,0,0,0,0
18148,186.837305883938,0,0,0,0
18149,193.577305883938,0,0,0,0
18150,193.607305883938,0,0,0,0
18151,184.177305883938,0,0,0,0
18152,184.427305883938,0,0,0,0
18153,178.987305883938,0,0,0,0
18154,161.637305883938,0,0,0,0
18155,180.827305883938,0,0,0,0
18156,176.837305883938,0,0,0,0
18157,169.957305883938,0,0,0,0
18158,168.087305883938,0,0,0,0
18159,176.587305883938,0,0,0,0
18160,164.637305883938,0,0,0,0
18161,167.037305883938,0,0,0,0
18162,154.467305883938,0,0,0,0
18163,116.467305883938,0,0,0,0
18164,182.107305883938,0,0,0,0
18165,157.107305883938,0,0,0,0
18166,131.647305883938,0,0,0,0
18167,183.547305883938,0,0,0,0
18168,133.687305883938,0,0,0,0
18169,132.777305883938,0,0,0,0
18170,135.067305883938,0,0,0,0
18171,141.187305883938,0,0,0,0
18172,155.577305883938,0,0,0,0
18173,160.217305883938,0,0,0,0
18174,169.227305883938,0,0,0,0
18175,177.487305883938,0,0,0,0
18176,139.437305883938,0,0,0,0
18177,142.127305883938,0,0,0,0
18178,156.937305883938,0,0,0,0
18179,156.107305883938,0,0,0,0
18180,152.767305883938,0,0,0,0
18181,155.937305883938,0,0,0,0
18182,161.747305883938,0,0,0,0
18183,159.987305883938,0,0,0,0
18184,156.107305883938,0,0,0,0
18185,152.627305883938,0,0,0,0
18186,168.457305883938,0,0,0,0
18187,163.077305883938,0,0,0,0
18188,159.507305883938,0,0,0,0
18189,161.827305883938,0,0,0,0
18190,161.067305883938,0,0,0,0
18191,161.037305883938,0,0,0,0
18192,140.477305883938,0,0,0,0
18193,153.107305883938,0,0,0,0
18194,154.297305883938,0,0,0,0
18195,184.117305883938,0,0,0,0
18196,139.747305883938,0,0,0,0
18197,151.467305883938,0,0,0,0
18198,155.967305883938,0,0,0,0
18199,156.027305883938,0,0,0,0
18200,154.667305883938,0,0,0,0
18201,164.407305883938,0,0,0,0
18202,144.387305883938,0,0,0,0
18203,155.117305883938,0,0,0,0
18204,153.677305883938,0,0,0,0
18205,179.987305883938,0,0,0,0
18206,161.097305883938,0,0,0,0
18207,172.907305883938,0,0,0,0
18208,157.127305883938,0,0,0,0
18209,163.477305883938,0,0,0,0
18210,157.107305883938,0,0,0,0
18211,145.547305883938,0,0,0,0
18212,177.857305883938,0,0,0,0
18213,161.407305883938,0,0,0,0
18214,153.677305883938,0,0,0,0
18215,158.717305883938,0,0,0,0
18216,167.777305883938,0,0,0,0
18217,178.567305883938,0,0,0,0
18218,182.447305883938,0,0,0,0
18219,183.437305883938,0,0,0,0
18220,170.837305883938,0,0,0,0
18221,141.867305883938,0,0,0,0
18222,148.977305883938,0,0,0,0
18223,138.947305883938,0,0,0,0
18224,143.567305883938,0,0,0,0
18225,142.317305883938,0,0,0,0
18226,165.057305883938,0,0,0,0
18227,150.167305883938,0,0,0,0
18228,174.097305883938,0,0,0,0
18229,175.987305883938,0,0,0,0
18230,189.097305883938,0,0,0,0
18231,169.107305883938,0,0,0,0
18232,153.027305883938,0,0,0,0
18233,190.037305883938,0,0,0,0
18234,209.487305883938,0,0,0,0
18235,209.377305883938,0,0,0,0
18236,197.537305883938,0,0,0,0
18237,219.197305883938,0,0,0,0
18238,188.507305883938,0,0,0,0
18239,190.117305883938,0,0,0,0
18240,181.397305883938,0,0,0,0
18241,181.397305883938,0,0,0,0
18242,184.177305883938,0,0,0,0
18243,188.617305883938,0,0,0,0
18244,199.437305883938,0,0,0,0
18245,168.797305883938,0,0,0,0
18246,172.197305883938,0,0,0,0
18247,170.387305883938,0,0,0,0
18248,162.797305883938,0,0,0,0
18249,159.397305883938,0,0,0,0
18250,155.007305883938,0,0,0,0
18251,176.247305883938,0,0,0,0
18252,160.387305883938,0,0,0,0
18253,160.617305883938,0,0,0,0
18254,162.487305883938,0,0,0,0
18255,163.047305883938,0,0,0,0
18256,163.647305883938,0,0,0,0
18257,151.977305883938,0,0,0,0
18258,157.047305883938,0,0,0,0
18259,135.157305883938,0,0,0,0
18260,147.277305883938,0,0,0,0
18261,177.807305883938,0,0,0,0
18262,120.317305883938,0,0,0,0
18263,139.067305883938,0,0,0,0
18264,141.387305883938,0,0,0,0
18265,137.567305883938,0,0,0,0
18266,142.547305883938,0,0,0,0
18267,141.727305883938,0,0,0,0
18268,134.057305883938,0,0,0,0
18269,131.167305883938,0,0,0,0
18270,131.507305883938,0,0,0,0
18271,128.277305883938,0,0,0,0
18272,131.367305883938,0,0,0,0
18273,125.187305883938,0,0,0,0
18274,104.407305883938,0,0,0,0
18275,122.357305883938,0,0,0,0
18276,80.0273058839382,0,0,0,0
18277,80.0273058839382,0,0,0,0
18278,20.9573058839382,0,0,0,0
18279,91.1773058839382,0,0,0,0
18280,115.027305883938,0,0,0,0
18281,60.4273058839382,0,0,0,0
18282,68.6973058839382,0,0,0,0
18283,56.4373058839382,0,0,0,0
18284,116.697305883938,0,0,0,0
18285,121.957305883938,0,0,0,0
18286,125.757305883938,0,0,0,0
18287,246.357305883938,0,0,0,0
18288,331.537305883938,0,0,0,0
18289,371.237305883938,0,0,0,0
18290,348.747305883938,0,0,0,0
18291,516.587305883938,0,0,0,0
18292,475.867305883938,0,0,0,0
18293,443.357305883938,0,0,0,0
18294,451.567305883938,0,0,0,0
18295,347.027305883938,0,0,0,0
18296,276.887305883938,0,0,0,0
18297,306.357305883938,0,0,0,0
18298,278.387305883938,0,0,0,0
18299,186.947305883938,0,0,0,0
18300,212.657305883938,0,0,0,0
18301,293.307305883938,0,0,0,0
18302,417.727305883938,0,0,0,0
18303,376.417305883938,0,0,0,0
18304,409.947305883938,0,0,0,0
18305,471.387305883938,0,0,0,0
18306,433.307305883938,0,0,0,0
18307,446.977305883938,0,0,0,0
18308,960.367305883938,0,0,0,0
18309,1003.77730588394,0,0,0,0
18310,1028.29730588394,0,0,0,0
18311,1063.55730588394,0,0,0,0
18312,1157.90730588394,0,0,0,0
18313,1028.23730588394,0,0,0,0
18314,1007.85730588394,0,0,0,0
18315,889.407305883938,0,0,0,0
18316,882.377305883938,0,0,0,0
18317,956.887305883938,0,0,0,0
18318,1069.55730588394,0,0,0,0
18319,837.497305883938,0,0,0,0
18320,884.957305883938,0,0,0,0
18321,1012.77730588394,0,0,0,0
18322,1115.11730588394,0,0,0,0
18323,1280.51730588394,0,0,0,0
18324,1356.40730588394,0,0,0,0
18325,1417.65730588394,0,0,0,0
18326,1373.16730588394,0,0,0,0
18327,1185.05730588394,0,0,0,0
18328,971.947305883938,0,0,0,0
18329,1017.33730588394,0,0,0,0
18330,997.487305883938,0,0,0,0
18331,928.477305883938,0,0,0,0
18332,1010.11730588394,0,0,0,0
18333,819.437305883938,0,0,0,0
18334,729.127305883938,0,0,0,0
18335,604.937305883938,0,0,0,0
18336,547.647305883938,0,0,0,0
18337,428.947305883938,0,0,0,0
18338,369.257305883938,0,0,0,0
18339,248.477305883938,0,0,0,0
18340,199.157305883938,0,0,0,0
18341,196.607305883938,0,0,0,0
18342,220.867305883938,0,0,0,0
18343,209.427305883938,0,0,0,0
18344,172.417305883938,0,0,0,0
18345,128.137305883938,0,0,0,0
18346,88.0973058839382,0,0,0,0
18347,84.2973058839383,0,0,0,0
18348,75.6873058839383,0,0,0,0
18349,68.6173058839382,0,0,0,0
18350,94.4373058839383,0,0,0,0
18351,89.6773058839382,0,0,0,0
18352,81.5773058839382,0,0,0,0
18353,111.117305883938,0,0,0,0
18354,92.7973058839383,0,0,0,0
18355,66.3173058839382,0,0,0,0
18356,58.6173058839382,0,0,0,0
18357,84.2473058839382,0,0,0,0
18358,44.4873058839382,0,0,0,0
18359,73.5073058839382,0,0,0,0
18360,91.0073058839382,0,0,0,0
18361,94.3573058839382,0,0,0,0
18362,216.117305883938,0,0,0,0
18363,246.077305883938,0,0,0,0
18364,247.007305883938,0,0,0,0
18365,234.607305883938,0,0,0,0
18366,249.387305883938,0,0,0,0
18367,230.727305883938,0,0,0,0
18368,225.037305883938,0,0,0,0
18369,220.927305883938,0,0,0,0
18370,125.667305883938,0,0,0,0
18371,123.127305883938,0,0,0,0
18372,111.597305883938,0,0,0,0
18373,187.857305883938,0,0,0,0
18374,203.287305883938,0,0,0,0
18375,219.937305883938,0,0,0,0
18376,214.897305883938,0,0,0,0
18377,220.867305883938,0,0,0,0
18378,225.767305883938,0,0,0,0
18379,230.697305883938,0,0,0,0
18380,158.177305883938,0,0,0,0
18381,194.767305883938,0,0,0,0
18382,219.257305883938,0,0,0,0
18383,209.487305883938,0,0,0,0
18384,220.277305883938,0,0,0,0
18385,238.707305883938,0,0,0,0
18386,278.467305883938,0,0,0,0
18387,272.917305883938,0,0,0,0
18388,289.567305883938,0,0,0,0
18389,272.097305883938,0,0,0,0
18390,239.217305883938,0,0,0,0
18391,198.077305883938,0,0,0,0
18392,219.487305883938,0,0,0,0
18393,222.937305883938,0,0,0,0
18394,188.477305883938,0,0,0,0
18395,199.237305883938,0,0,0,0
18396,183.607305883938,0,0,0,0
18397,189.467305883938,0,0,0,0
18398,206.907305883938,0,0,0,0
18399,166.957305883938,0,0,0,0
18400,182.557305883938,0,0,0,0
18401,166.337305883938,0,0,0,0
18402,225.067305883938,0,0,0,0
18403,312.107305883938,0,0,0,0
18404,313.357305883938,0,0,0,0
18405,291.867305883938,0,0,0,0
18406,295.087305883938,0,0,0,0
18407,316.077305883938,0,0,0,0
18408,282.037305883938,0,0,0,0
18409,265.327305883938,0,0,0,0
18410,280.397305883938,0,0,0,0
18411,287.617305883938,0,0,0,0
18412,269.467305883938,0,0,0,0
18413,251.847305883938,0,0,0,0
18414,260.237305883938,0,0,0,0
18415,261.757305883938,0,0,0,0
18416,258.167305883938,0,0,0,0
18417,262.217305883938,0,0,0,0
18418,243.357305883938,0,0,0,0
18419,226.027305883938,0,0,0,0
18420,240.917305883938,0,0,0,0
18421,205.127305883938,0,0,0,0
18422,207.247305883938,0,0,0,0
18423,209.007305883938,0,0,0,0
18424,211.047305883938,0,0,0,0
18425,234.577305883938,0,0,0,0
18426,301.177305883938,0,0,0,0
18427,328.817305883938,0,0,0,0
18428,333.577305883938,0,0,0,0
18429,360.527305883938,0,0,0,0
18430,380.777305883938,0,0,0,0
18431,330.797305883938,0,0,0,0
18432,317.917305883938,0,0,0,0
18433,315.057305883938,0,0,0,0
18434,338.617305883938,0,0,0,0
18435,338.217305883938,0,0,0,0
18436,323.887305883938,0,0,0,0
18437,317.037305883938,0,0,0,0
18438,328.477305883938,0,0,0,0
18439,331.337305883938,0,0,0,0
18440,342.497305883938,0,0,0,0
18441,321.227305883938,0,0,0,0
18442,348.097305883938,0,0,0,0
18443,336.717305883938,0,0,0,0
18444,358.747305883938,0,0,0,0
18445,349.207305883938,0,0,0,0
18446,345.667305883938,0,0,0,0
18447,334.767305883938,0,0,0,0
18448,349.007305883938,0,0,0,0
18449,357.417305883938,0,0,0,0
18450,372.337305883938,0,0,0,0
18451,353.737305883938,0,0,0,0
18452,368.487305883938,0,0,0,0
18453,359.707305883938,0,0,0,0
18454,349.007305883938,0,0,0,0
18455,349.517305883938,0,0,0,0
18456,354.447305883938,0,0,0,0
18457,375.967305883938,0,0,0,0
18458,343.177305883938,0,0,0,0
18459,389.357305883938,0,0,0,0
18460,365.967305883938,0,0,0,0
18461,356.987305883938,0,0,0,0
18462,355.487305883938,0,0,0,0
18463,354.527305883938,0,0,0,0
18464,358.157305883938,0,0,0,0
18465,349.857305883938,0,0,0,0
18466,375.367305883938,0,0,0,0
18467,374.177305883938,0,0,0,0
18468,367.727305883938,0,0,0,0
18469,349.547305883938,0,0,0,0
18470,357.417305883938,0,0,0,0
18471,350.877305883938,0,0,0,0
18472,399.187305883938,0,0,0,0
18473,337.847305883938,0,0,0,0
18474,359.167305883938,0,0,0,0
18475,360.137305883938,0,0,0,0
18476,356.647305883938,0,0,0,0
18477,349.657305883938,0,0,0,0
18478,343.197305883938,0,0,0,0
18479,326.187305883938,0,0,0,0
18480,343.537305883938,0,0,0,0
18481,333.747305883938,0,0,0,0
18482,328.137305883938,0,0,0,0
18483,260.547305883938,0,0,0,0
18484,263.237305883938,0,0,0,0
18485,259.917305883938,0,0,0,0
18486,260.317305883938,0,0,0,0
18487,254.797305883938,0,0,0,0
18488,248.567305883938,0,0,0,0
18489,274.107305883938,0,0,0,0
18490,253.297305883938,0,0,0,0
18491,213.427305883938,0,0,0,0
18492,212.097305883938,0,0,0,0
18493,185.557305883938,0,0,0,0
18494,212.627305883938,0,0,0,0
18495,218.717305883938,0,0,0,0
18496,210.567305883938,0,0,0,0
18497,208.947305883938,0,0,0,0
18498,196.807305883938,0,0,0,0
18499,176.107305883938,0,0,0,0
18500,169.707305883938,0,0,0,0
18501,168.487305883938,0,0,0,0
18502,192.387305883938,0,0,0,0
18503,216.507305883938,0,0,0,0
18504,177.067305883938,0,0,0,0
18505,174.717305883938,0,0,0,0
18506,162.737305883938,0,0,0,0
18507,140.117305883938,0,0,0,0
18508,122.217305883938,0,0,0,0
18509,96.1373058839382,0,0,0,0
18510,129.667305883938,0,0,0,0
18511,132.067305883938,0,0,0,0
18512,138.527305883938,0,0,0,0
18513,133.567305883938,0,0,0,0
18514,177.637305883938,0,0,0,0
18515,152.227305883938,0,0,0,0
18516,154.807305883938,0,0,0,0
18517,143.987305883938,0,0,0,0
18518,146.627305883938,0,0,0,0
18519,159.567305883938,0,0,0,0
18520,172.107305883938,0,0,0,0
18521,134.707305883938,0,0,0,0
18522,157.467305883938,0,0,0,0
18523,160.667305883938,0,0,0,0
18524,189.217305883938,0,0,0,0
18525,203.547305883938,0,0,0,0
18526,229.477305883938,0,0,0,0
18527,190.747305883938,0,0,0,0
18528,177.717305883938,0,0,0,0
18529,172.027305883938,0,0,0,0
18530,189.157305883938,0,0,0,0
18531,181.197305883938,0,0,0,0
18532,151.747305883938,0,0,0,0
18533,98.1473058839382,0,0,0,0
18534,94.8873058839382,0,0,0,0
18535,135.947305883938,0,0,0,0
18536,153.197305883938,0,0,0,0
18537,152.067305883938,0,0,0,0
18538,152.857305883938,0,0,0,0
18539,151.807305883938,0,0,0,0
18540,158.007305883938,0,0,0,0
18541,171.347305883938,0,0,0,0
18542,156.877305883938,0,0,0,0
18543,155.177305883938,0,0,0,0
18544,148.637305883938,0,0,0,0
18545,148.747305883938,0,0,0,0
18546,144.137305883938,0,0,0,0
18547,155.797305883938,0,0,0,0
18548,135.187305883938,0,0,0,0
18549,142.657305883938,0,0,0,0
18550,170.917305883938,0,0,0,0
18551,175.427305883938,0,0,0,0
18552,175.277305883938,0,0,0,0
18553,180.917305883938,0,0,0,0
18554,171.597305883938,0,0,0,0
18555,159.507305883938,0,0,0,0
18556,154.667305883938,0,0,0,0
18557,163.817305883938,0,0,0,0
18558,135.577305883938,0,0,0,0
18559,152.827305883938,0,0,0,0
18560,152.717305883938,0,0,0,0
18561,143.937305883938,0,0,0,0
18562,144.587305883938,0,0,0,0
18563,152.997305883938,0,0,0,0
18564,131.367305883938,0,0,0,0
18565,169.227305883938,0,0,0,0
18566,136.917305883938,0,0,0,0
18567,156.597305883938,0,0,0,0
18568,136.577305883938,0,0,0,0
18569,145.777305883938,0,0,0,0
18570,150.367305883938,0,0,0,0
18571,144.017305883938,0,0,0,0
18572,151.557305883938,0,0,0,0
18573,155.797305883938,0,0,0,0
18574,154.807305883938,0,0,0,0
18575,157.807305883938,0,0,0,0
18576,157.927305883938,0,0,0,0
18577,166.197305883938,0,0,0,0
18578,152.397305883938,0,0,0,0
18579,163.727305883938,0,0,0,0
18580,197.197305883938,0,0,0,0
18581,161.437305883938,0,0,0,0
18582,154.667305883938,0,0,0,0
18583,168.857305883938,0,0,0,0
18584,152.427305883938,0,0,0,0
18585,147.477305883938,0,0,0,0
18586,172.417305883938,0,0,0,0
18587,131.587305883938,0,0,0,0
18588,159.937305883938,0,0,0,0
18589,155.207305883938,0,0,0,0
18590,164.097305883938,0,0,0,0
18591,160.697305883938,0,0,0,0
18592,158.687305883938,0,0,0,0
18593,129.747305883938,0,0,0,0
18594,168.717305883938,0,0,0,0
18595,157.327305883938,0,0,0,0
18596,157.047305883938,0,0,0,0
18597,166.217305883938,0,0,0,0
18598,149.767305883938,0,0,0,0
18599,151.577305883938,0,0,0,0
18600,166.027305883938,0,0,0,0
18601,172.877305883938,0,0,0,0
18602,151.577305883938,0,0,0,0
18603,155.377305883938,0,0,0,0
18604,139.487305883938,0,0,0,0
18605,169.897305883938,0,0,0,0
18606,146.427305883938,0,0,0,0
18607,139.407305883938,0,0,0,0
18608,163.357305883938,0,0,0,0
18609,143.457305883938,0,0,0,0
18610,160.277305883938,0,0,0,0
18611,119.637305883938,0,0,0,0
18612,104.287305883938,0,0,0,0
18613,120.147305883938,0,0,0,0
18614,130.347305883938,0,0,0,0
18615,130.597305883938,0,0,0,0
18616,141.667305883938,0,0,0,0
18617,136.087305883938,0,0,0,0
18618,148.127305883938,0,0,0,0
18619,110.887305883938,0,0,0,0
18620,107.267305883938,0,0,0,0
18621,99.9873058839382,0,0,0,0
18622,87.8673058839382,0,0,0,0
18623,100.127305883938,0,0,0,0
18624,103.127305883938,0,0,0,0
18625,119.667305883938,0,0,0,0
18626,136.577305883938,0,0,0,0
18627,133.737305883938,0,0,0,0
18628,135.017305883938,0,0,0,0
18629,140.087305883938,0,0,0,0
18630,135.607305883938,0,0,0,0
18631,130.517305883938,0,0,0,0
18632,118.167305883938,0,0,0,0
18633,116.727305883938,0,0,0,0
18634,115.817305883938,0,0,0,0
18635,118.337305883938,0,0,0,0
18636,126.547305883938,0,0,0,0
18637,123.127305883938,0,0,0,0
18638,101.347305883938,0,0,0,0
18639,91.8073058839382,0,0,0,0
18640,89.3073058839382,0,0,0,0
18641,90.6473058839382,0,0,0,0
18642,134.337305883938,0,0,0,0
18643,109.897305883938,0,0,0,0
18644,105.767305883938,0,0,0,0
18645,123.487305883938,0,0,0,0
18646,110.807305883938,0,0,0,0
18647,87.7573058839382,0,0,0,0
18648,127.427305883938,0,0,0,0
18649,116.187305883938,0,0,0,0
18650,115.587305883938,0,0,0,0
18651,95.0073058839382,0,0,0,0
18652,73.9973058839382,0,0,0,0
18653,57.5373058839382,0,0,0,0
18654,65.2473058839382,0,0,0,0
18655,48.0873058839382,0,0,0,0
18656,47.3173058839382,0,0,0,0
18657,68.0173058839382,0,0,0,0
18658,47.1773058839382,0,0,0,0
18659,73.6773058839382,0,0,0,0
18660,86.8773058839382,0,0,0,0
18661,89.1973058839382,0,0,0,0
18662,91.2373058839382,0,0,0,0
18663,97.1573058839382,0,0,0,0
18664,91.4673058839382,0,0,0,0
18665,86.8173058839382,0,0,0,0
18666,91.5773058839382,0,0,0,0
18667,86.5373058839382,0,0,0,0
18668,73.6273058839382,0,0,0,0
18669,15.9673058839382,0,0,0,0
18670,18.9173058839382,0,0,0,0
18671,17.3873058839382,0,0,0,0
18672,17.4773058839382,0,0,0,0
18673,46.2373058839382,0,0,0,0
18674,93.4773058839382,0,0,0,0
18675,67.9073058839382,0,0,0,0
18676,66.5473058839382,0,0,0,0
18677,90.3573058839382,0,0,0,0
18678,85.0973058839382,0,0,0,0
18679,18.4073058839382,0,0,0,0
18680,18.4073058839382,0,0,0,0
18681,12.1173058839382,0,0,0,0
18682,5.29730588393824,0,0,0,0
18683,21.2973058839382,0,0,0,0
18684,21.2973058839382,0,0,0,0
18685,25.8873058839382,0,0,0,0
18686,25.8873058839382,0,0,0,0
18687,54.7673058839382,0,0,0,0
18688,29.8473058839382,0,0,0,0
18689,33.3273058839382,0,0,0,0
18690,55.6973058839382,0,0,0,0
18691,43.1873058839382,0,0,0,0
18692,43.1873058839382,0,0,0,0
18693,43.1873058839382,0,0,0,0
18694,43.1873058839382,0,0,0,0
18695,43.1873058839382,0,0,0,0
18696,17.1873058839382,0,0,0,0
18697,87.4673058839382,0,0,0,0
18698,74.4473058839382,0,0,0,0
18699,134.337305883938,0,0,0,0
18700,119.017305883938,0,0,0,0
18701,140.767305883938,0,0,0,0
18702,154.387305883938,0,0,0,0
18703,146.797305883938,0,0,0,0
18704,121.597305883938,0,0,0,0
18705,127.427305883938,0,0,0,0
18706,127.877305883938,0,0,0,0
18707,115.507305883938,0,0,0,0
18708,108.227305883938,0,0,0,0
18709,74.7273058839382,0,0,0,0
18710,100.667305883938,0,0,0,0
18711,106.667305883938,0,0,0,0
18712,97.7473058839382,0,0,0,0
18713,80.6773058839382,0,0,0,0
18714,100.267305883938,0,0,0,0
18715,84.3273058839382,0,0,0,0
18716,114.547305883938,0,0,0,0
18717,114.997305883938,0,0,0,0
18718,128.247305883938,0,0,0,0
18719,115.167305883938,0,0,0,0
18720,131.927305883938,0,0,0,0
18721,161.917305883938,0,0,0,0
18722,162.707305883938,0,0,0,0
18723,164.777305883938,0,0,0,0
18724,166.507305883938,0,0,0,0
18725,169.617305883938,0,0,0,0
18726,160.787305883938,0,0,0,0
18727,153.027305883938,0,0,0,0
18728,167.267305883938,0,0,0,0
18729,157.837305883938,0,0,0,0
18730,197.147305883938,0,0,0,0
18731,149.257305883938,0,0,0,0
18732,168.227305883938,0,0,0,0
18733,164.977305883938,0,0,0,0
18734,157.807305883938,0,0,0,0
18735,168.967305883938,0,0,0,0
18736,153.617305883938,0,0,0,0
18737,166.867305883938,0,0,0,0
18738,169.707305883938,0,0,0,0
18739,159.677305883938,0,0,0,0
18740,168.687305883938,0,0,0,0
18741,114.037305883938,0,0,0,0
18742,234.467305883938,0,0,0,0
18743,194.087305883938,0,0,0,0
18744,191.397305883938,0,0,0,0
18745,192.637305883938,0,0,0,0
18746,214.107305883938,0,0,0,0
18747,201.697305883938,0,0,0,0
18748,226.227305883938,0,0,0,0
18749,222.037305883938,0,0,0,0
18750,228.797305883938,0,0,0,0
18751,231.127305883938,0,0,0,0
18752,228.207305883938,0,0,0,0
18753,213.817305883938,0,0,0,0
18754,220.557305883938,0,0,0,0
18755,252.447305883938,0,0,0,0
18756,231.067305883938,0,0,0,0
18757,237.127305883938,0,0,0,0
18758,236.167305883938,0,0,0,0
18759,252.697305883938,0,0,0,0
18760,254.397305883938,0,0,0,0
18761,255.557305883938,0,0,0,0
18762,272.237305883938,0,0,0,0
18763,307.517305883938,0,0,0,0
18764,299.507305883938,0,0,0,0
18765,286.457305883938,0,0,0,0
18766,305.027305883938,0,0,0,0
18767,299.427305883938,0,0,0,0
18768,307.067305883938,0,0,0,0
18769,314.717305883938,0,0,0,0
18770,279.887305883938,0,0,0,0
18771,284.807305883938,0,0,0,0
18772,290.187305883938,0,0,0,0
18773,241.517305883938,0,0,0,0
18774,291.297305883938,0,0,0,0
18775,323.917305883938,0,0,0,0
18776,296.417305883938,0,0,0,0
18777,293.477305883938,0,0,0,0
18778,327.117305883938,0,0,0,0
18779,303.247305883938,0,0,0,0
18780,266.777305883938,0,0,0,0
18781,280.737305883938,0,0,0,0
18782,344.617305883938,0,0,0,0
18783,287.137305883938,0,0,0,0
18784,301.487305883938,0,0,0,0
18785,330.427305883938,0,0,0,0
18786,360.817305883938,0,0,0,0
18787,348.807305883938,0,0,0,0
18788,357.357305883938,0,0,0,0
18789,371.237305883938,0,0,0,0
18790,369.737305883938,0,0,0,0
18791,385.417305883938,0,0,0,0
18792,386.437305883938,0,0,0,0
18793,374.637305883938,0,0,0,0
18794,351.727305883938,0,0,0,0
18795,369.617305883938,0,0,0,0
18796,366.737305883938,0,0,0,0
18797,406.117305883938,0,0,0,0
18798,366.477305883938,0,0,0,0
18799,361.807305883938,0,0,0,0
18800,384.377305883938,0,0,0,0
18801,406.097305883938,0,0,0,0
18802,374.997305883938,0,0,0,0
18803,369.277305883938,0,0,0,0
18804,366.337305883938,0,0,0,0
18805,369.197305883938,0,0,0,0
18806,377.297305883938,0,0,0,0
18807,344.387305883938,0,0,0,0
18808,357.897305883938,0,0,0,0
18809,389.157305883938,0,0,0,0
18810,381.597305883938,0,0,0,0
18811,375.227305883938,0,0,0,0
18812,332.467305883938,0,0,0,0
18813,350.537305883938,0,0,0,0
18814,363.647305883938,0,0,0,0
18815,395.527305883938,0,0,0,0
18816,390.007305883938,0,0,0,0
18817,384.627305883938,0,0,0,0
18818,379.847305883938,0,0,0,0
18819,378.177305883938,0,0,0,0
18820,318.617305883938,0,0,0,0
18821,371.967305883938,0,0,0,0
18822,398.527305883938,0,0,0,0
18823,399.357305883938,0,0,0,0
18824,399.187305883938,0,0,0,0
18825,384.457305883938,0,0,0,0
18826,375.677305883938,0,0,0,0
18827,345.157305883938,0,0,0,0
18828,375.337305883938,0,0,0,0
18829,370.047305883938,0,0,0,0
18830,368.967305883938,0,0,0,0
18831,370.607305883938,0,0,0,0
18832,375.797305883938,0,0,0,0
18833,322.497305883938,0,0,0,0
18834,430.477305883938,0,0,0,0
18835,379.817305883938,0,0,0,0
18836,388.617305883938,0,0,0,0
18837,395.387305883938,0,0,0,0
18838,356.627305883938,0,0,0,0
18839,345.947305883938,0,0,0,0
18840,341.557305883938,0,0,0,0
18841,321.057305883938,0,0,0,0
18842,321.477305883938,0,0,0,0
18843,327.257305883938,0,0,0,0
18844,300.107305883938,0,0,0,0
18845,310.267305883938,0,0,0,0
18846,290.677305883938,0,0,0,0
18847,307.347305883938,0,0,0,0
18848,304.947305883938,0,0,0,0
18849,259.067305883938,0,0,0,0
18850,287.247305883938,0,0,0,0
18851,271.787305883938,0,0,0,0
18852,284.277305883938,0,0,0,0
18853,268.017305883938,0,0,0,0
18854,310.297305883938,0,0,0,0
18855,297.247305883938,0,0,0,0
18856,258.337305883938,0,0,0,0
18857,234.577305883938,0,0,0,0
18858,235.337305883938,0,0,0,0
18859,222.567305883938,0,0,0,0
18860,326.667305883938,0,0,0,0
18861,206.857305883938,0,0,0,0
18862,201.387305883938,0,0,0,0
18863,190.917305883938,0,0,0,0
18864,195.107305883938,0,0,0,0
18865,217.757305883938,0,0,0,0
18866,239.417305883938,0,0,0,0
18867,213.337305883938,0,0,0,0
18868,201.357305883938,0,0,0,0
18869,193.437305883938,0,0,0,0
18870,203.397305883938,0,0,0,0
18871,210.427305883938,0,0,0,0
18872,197.487305883938,0,0,0,0
18873,199.517305883938,0,0,0,0
18874,202.947305883938,0,0,0,0
18875,216.117305883938,0,0,0,0
18876,207.307305883938,0,0,0,0
18877,206.967305883938,0,0,0,0
18878,186.327305883938,0,0,0,0
18879,189.247305883938,0,0,0,0
18880,188.227305883938,0,0,0,0
18881,177.007305883938,0,0,0,0
18882,157.247305883938,0,0,0,0
18883,155.767305883938,0,0,0,0
18884,170.187305883938,0,0,0,0
18885,170.067305883938,0,0,0,0
18886,194.137305883938,0,0,0,0
18887,183.437305883938,0,0,0,0
18888,191.847305883938,0,0,0,0
18889,178.817305883938,0,0,0,0
18890,194.397305883938,0,0,0,0
18891,205.697305883938,0,0,0,0
18892,205.667305883938,0,0,0,0
18893,192.297305883938,0,0,0,0
18894,189.607305883938,0,0,0,0
18895,189.637305883938,0,0,0,0
18896,191.987305883938,0,0,0,0
18897,179.787305883938,0,0,0,0
18898,154.437305883938,0,0,0,0
18899,147.307305883938,0,0,0,0
18900,152.177305883938,0,0,0,0
18901,149.147305883938,0,0,0,0
18902,146.937305883938,0,0,0,0
18903,132.267305883938,0,0,0,0
18904,145.267305883938,0,0,0,0
18905,143.457305883938,0,0,0,0
18906,119.777305883938,0,0,0,0
18907,113.097305883938,0,0,0,0
18908,102.507305883938,0,0,0,0
18909,99.4473058839382,0,0,0,0
18910,87.4673058839382,0,0,0,0
18911,106.927305883938,0,0,0,0
18912,99.7373058839382,0,0,0,0
18913,90.8673058839382,0,0,0,0
18914,81.3873058839382,0,0,0,0
18915,84.5873058839382,0,0,0,0
18916,91.0373058839382,0,0,0,0
18917,80.7273058839382,0,0,0,0
18918,95.4873058839382,0,0,0,0
18919,99.3673058839382,0,0,0,0
18920,99.0573058839382,0,0,0,0
18921,98.0073058839382,0,0,0,0
18922,96.8973058839382,0,0,0,0
18923,99.9273058839382,0,0,0,0
18924,99.9273058839382,0,0,0,0
18925,107.607305883938,0,0,0,0
18926,110.687305883938,0,0,0,0
18927,106.757305883938,0,0,0,0
18928,85.8873058839382,0,0,0,0
18929,99.4773058839382,0,0,0,0
18930,149.967305883938,0,0,0,0
18931,152.457305883938,0,0,0,0
18932,148.037305883938,0,0,0,0
18933,157.047305883938,0,0,0,0
18934,162.907305883938,0,0,0,0
18935,156.057305883938,0,0,0,0
18936,139.547305883938,0,0,0,0
18937,137.767305883938,0,0,0,0
18938,140.257305883938,0,0,0,0
18939,138.267305883938,0,0,0,0
18940,147.727305883938,0,0,0,0
18941,156.597305883938,0,0,0,0
18942,144.697305883938,0,0,0,0
18943,138.557305883938,0,0,0,0
18944,139.487305883938,0,0,0,0
18945,125.727305883938,0,0,0,0
18946,130.007305883938,0,0,0,0
18947,125.667305883938,0,0,0,0
18948,116.157305883938,0,0,0,0
18949,116.267305883938,0,0,0,0
18950,113.357305883938,0,0,0,0
18951,127.427305883938,0,0,0,0
18952,129.497305883938,0,0,0,0
18953,114.457305883938,0,0,0,0
18954,96.4773058839382,0,0,0,0
18955,101.117305883938,0,0,0,0
18956,115.757305883938,0,0,0,0
18957,92.4273058839382,0,0,0,0
18958,104.797305883938,0,0,0,0
18959,114.517305883938,0,0,0,0
18960,109.167305883938,0,0,0,0
18961,99.8173058839382,0,0,0,0
18962,100.727305883938,0,0,0,0
18963,79.9973058839382,0,0,0,0
18964,83.5373058839382,0,0,0,0
18965,71.2473058839382,0,0,0,0
18966,110.327305883938,0,0,0,0
18967,85.6273058839382,0,0,0,0
18968,100.777305883938,0,0,0,0
18969,106.867305883938,0,0,0,0
18970,92.5073058839382,0,0,0,0
18971,100.127305883938,0,0,0,0
18972,98.5173058839382,0,0,0,0
18973,98.0873058839382,0,0,0,0
18974,105.227305883938,0,0,0,0
18975,105.797305883938,0,0,0,0
18976,104.457305883938,0,0,0,0
18977,93.1073058839382,0,0,0,0
18978,100.497305883938,0,0,0,0
18979,93.3073058839382,0,0,0,0
18980,95.8273058839382,0,0,0,0
18981,64.9873058839382,0,0,0,0
18982,62.2373058839382,0,0,0,0
18983,13.1973058839382,0,0,0,0
18984,10.1973058839382,0,0,0,0
18985,10.1973058839382,0,0,0,0
18986,15.2673058839382,0,0,0,0
18987,23.8473058839382,0,0,0,0
18988,29.8473058839382,0,0,0,0
18989,28.7973058839382,0,0,0,0
18990,24.0373058839382,0,0,0,0
18991,48.6473058839382,0,0,0,0
18992,38.6273058839382,0,0,0,0
18993,31.3173058839382,0,0,0,0
18994,21.9173058839382,0,0,0,0
18995,82.4873058839382,0,0,0,0
18996,294.867305883938,0,0,0,0
18997,280.647305883938,0,0,0,0
18998,191.767305883938,0,0,0,0
18999,209.857305883938,0,0,0,0
19000,236.927305883938,0,0,0,0
19001,218.977305883938,0,0,0,0
19002,258.167305883938,0,0,0,0
19003,244.937305883938,0,0,0,0
19004,203.937305883938,0,0,0,0
19005,201.217305883938,0,0,0,0
19006,194.457305883938,0,0,0,0
19007,188.417305883938,0,0,0,0
19008,166.617305883938,0,0,0,0
19009,149.207305883938,0,0,0,0
19010,139.607305883938,0,0,0,0
19011,145.497305883938,0,0,0,0
19012,142.007305883938,0,0,0,0
19013,129.837305883938,0,0,0,0
19014,144.077305883938,0,0,0,0
19015,145.687305883938,0,0,0,0
19016,125.817305883938,0,0,0,0
19017,103.947305883938,0,0,0,0
19018,103.757305883938,0,0,0,0
19019,101.937305883938,0,0,0,0
19020,103.757305883938,0,0,0,0
19021,115.787305883938,0,0,0,0
19022,104.147305883938,0,0,0,0
19023,107.347305883938,0,0,0,0
19024,107.177305883938,0,0,0,0
19025,97.8073058839382,0,0,0,0
19026,104.997305883938,0,0,0,0
19027,107.947305883938,0,0,0,0
19028,110.067305883938,0,0,0,0
19029,105.967305883938,0,0,0,0
19030,113.017305883938,0,0,0,0
19031,107.147305883938,0,0,0,0
19032,102.507305883938,0,0,0,0
19033,70.9673058839382,0,0,0,0
19034,107.297305883938,0,0,0,0
19035,97.5773058839382,0,0,0,0
19036,106.077305883938,0,0,0,0
19037,103.607305883938,0,0,0,0
19038,107.947305883938,0,0,0,0
19039,105.457305883938,0,0,0,0
19040,101.517305883938,0,0,0,0
19041,98.6273058839382,0,0,0,0
19042,104.347305883938,0,0,0,0
19043,90.8173058839382,0,0,0,0
19044,52.1073058839382,0,0,0,0
19045,59.7473058839382,0,0,0,0
19046,67.5073058839382,0,0,0,0
19047,79.7373058839382,0,0,0,0
19048,82.1173058839382,0,0,0,0
19049,99.8473058839382,0,0,0,0
19050,87.5273058839382,0,0,0,0
19051,156.057305883938,0,0,0,0
19052,131.587305883938,0,0,0,0
19053,159.227305883938,0,0,0,0
19054,170.067305883938,0,0,0,0
19055,144.647305883938,0,0,0,0
19056,171.087305883938,0,0,0,0
19057,169.957305883938,0,0,0,0
19058,158.457305883938,0,0,0,0
19059,163.477305883938,0,0,0,0
19060,164.207305883938,0,0,0,0
19061,166.387305883938,0,0,0,0
19062,165.627305883938,0,0,0,0
19063,153.877305883938,0,0,0,0
19064,146.737305883938,0,0,0,0
19065,145.747305883938,0,0,0,0
19066,148.717305883938,0,0,0,0
19067,159.987305883938,0,0,0,0
19068,148.407305883938,0,0,0,0
19069,90.3073058839382,0,0,0,0
19070,137.107305883938,0,0,0,0
19071,150.707305883938,0,0,0,0
19072,143.397305883938,0,0,0,0
19073,127.027305883938,0,0,0,0
19074,121.447305883938,0,0,0,0
19075,108.487305883938,0,0,0,0
19076,100.747305883938,0,0,0,0
19077,101.287305883938,0,0,0,0
19078,101.117305883938,0,0,0,0
19079,97.2973058839383,0,0,0,0
19080,80.3973058839382,0,0,0,0
19081,86.7373058839382,0,0,0,0
19082,85.6273058839382,0,0,0,0
19083,93.4173058839382,0,0,0,0
19084,104.237305883938,0,0,0,0
19085,101.317305883938,0,0,0,0
19086,100.917305883938,0,0,0,0
19087,99.6473058839382,0,0,0,0
19088,97.6073058839382,0,0,0,0
19089,95.3473058839382,0,0,0,0
19090,100.157305883938,0,0,0,0
19091,100.017305883938,0,0,0,0
19092,97.4373058839383,0,0,0,0
19093,100.557305883938,0,0,0,0
19094,102.787305883938,0,0,0,0
19095,102.507305883938,0,0,0,0
19096,103.757305883938,0,0,0,0
19097,111.907305883938,0,0,0,0
19098,141.127305883938,0,0,0,0
19099,133.597305883938,0,0,0,0
19100,149.707305883938,0,0,0,0
19101,145.497305883938,0,0,0,0
19102,165.907305883938,0,0,0,0
19103,151.467305883938,0,0,0,0
19104,157.387305883938,0,0,0,0
19105,180.067305883938,0,0,0,0
19106,191.847305883938,0,0,0,0
19107,191.057305883938,0,0,0,0
19108,222.037305883938,0,0,0,0
19109,202.017305883938,0,0,0,0
19110,217.247305883938,0,0,0,0
19111,234.717305883938,0,0,0,0
19112,221.717305883938,0,0,0,0
19113,238.827305883938,0,0,0,0
19114,186.637305883938,0,0,0,0
19115,233.247305883938,0,0,0,0
19116,211.637305883938,0,0,0,0
19117,211.587305883938,0,0,0,0
19118,215.147305883938,0,0,0,0
19119,224.977305883938,0,0,0,0
19120,177.127305883938,0,0,0,0
19121,244.457305883938,0,0,0,0
19122,201.507305883938,0,0,0,0
19123,199.097305883938,0,0,0,0
19124,206.937305883938,0,0,0,0
19125,205.747305883938,0,0,0,0
19126,264.197305883938,0,0,0,0
19127,279.767305883938,0,0,0,0
19128,252.727305883938,0,0,0,0
19129,274.587305883938,0,0,0,0
19130,261.027305883938,0,0,0,0
19131,256.607305883938,0,0,0,0
19132,232.367305883938,0,0,0,0
19133,280.937305883938,0,0,0,0
19134,230.807305883938,0,0,0,0
19135,253.497305883938,0,0,0,0
19136,244.287305883938,0,0,0,0
19137,281.867305883938,0,0,0,0
19138,241.427305883938,0,0,0,0
19139,278.187305883938,0,0,0,0
19140,261.587305883938,0,0,0,0
19141,259.157305883938,0,0,0,0
19142,271.247305883938,0,0,0,0
19143,249.277305883938,0,0,0,0
19144,264.507305883938,0,0,0,0
19145,258.787305883938,0,0,0,0
19146,276.317305883938,0,0,0,0
19147,267.307305883938,0,0,0,0
19148,268.817305883938,0,0,0,0
19149,253.437305883938,0,0,0,0
19150,254.367305883938,0,0,0,0
19151,266.517305883938,0,0,0,0
19152,270.597305883938,0,0,0,0
19153,255.987305883938,0,0,0,0
19154,278.697305883938,0,0,0,0
19155,294.607305883938,0,0,0,0
19156,274.367305883938,0,0,0,0
19157,308.627305883938,0,0,0,0
19158,342.127305883938,0,0,0,0
19159,323.777305883938,0,0,0,0
19160,355.607305883938,0,0,0,0
19161,334.617305883938,0,0,0,0
19162,343.227305883938,0,0,0,0
19163,342.517305883938,0,0,0,0
19164,340.197305883938,0,0,0,0
19165,347.617305883938,0,0,0,0
19166,363.757305883938,0,0,0,0
19167,343.347305883938,0,0,0,0
19168,366.337305883938,0,0,0,0
19169,343.347305883938,0,0,0,0
19170,320.517305883938,0,0,0,0
19171,291.067305883938,0,0,0,0
19172,379.697305883938,0,0,0,0
19173,314.257305883938,0,0,0,0
19174,327.967305883938,0,0,0,0
19175,343.997305883938,0,0,0,0
19176,346.937305883938,0,0,0,0
19177,355.037305883938,0,0,0,0
19178,346.427305883938,0,0,0,0
19179,345.807305883938,0,0,0,0
19180,336.947305883938,0,0,0,0
19181,321.257305883938,0,0,0,0
19182,319.467305883938,0,0,0,0
19183,335.467305883938,0,0,0,0
19184,332.187305883938,0,0,0,0
19185,368.427305883938,0,0,0,0
19186,377.807305883938,0,0,0,0
19187,376.187305883938,0,0,0,0
19188,344.187305883938,0,0,0,0
19189,374.037305883938,0,0,0,0
19190,386.727305883938,0,0,0,0
19191,383.637305883938,0,0,0,0
19192,379.077305883938,0,0,0,0
19193,385.137305883938,0,0,0,0
19194,367.387305883938,0,0,0,0
19195,384.487305883938,0,0,0,0
19196,361.717305883938,0,0,0,0
19197,377.887305883938,0,0,0,0
19198,377.577305883938,0,0,0,0
19199,378.907305883938,0,0,0,0
19200,367.297305883938,0,0,0,0
19201,358.207305883938,0,0,0,0
19202,356.057305883938,0,0,0,0
19203,342.177305883938,0,0,0,0
19204,336.437305883938,0,0,0,0
19205,343.147305883938,0,0,0,0
19206,315.307305883938,0,0,0,0
19207,313.357305883938,0,0,0,0
19208,333.657305883938,0,0,0,0
19209,327.317305883938,0,0,0,0
19210,324.227305883938,0,0,0,0
19211,327.707305883938,0,0,0,0
19212,320.037305883938,0,0,0,0
19213,307.547305883938,0,0,0,0
19214,286.087305883938,0,0,0,0
19215,290.077305883938,0,0,0,0
19216,284.557305883938,0,0,0,0
19217,298.037305883938,0,0,0,0
19218,286.027305883938,0,0,0,0
19219,291.777305883938,0,0,0,0
19220,279.627305883938,0,0,0,0
19221,284.897305883938,0,0,0,0
19222,256.527305883938,0,0,0,0
19223,255.697305883938,0,0,0,0
19224,257.887305883938,0,0,0,0
19225,246.697305883938,0,0,0,0
19226,227.267305883938,0,0,0,0
19227,202.637305883938,0,0,0,0
19228,153.167305883938,0,0,0,0
19229,159.627305883938,0,0,0,0
19230,151.157305883938,0,0,0,0
19231,156.367305883938,0,0,0,0
19232,195.017305883938,0,0,0,0
19233,205.897305883938,0,0,0,0
19234,185.927305883938,0,0,0,0
19235,158.147305883938,0,0,0,0
19236,153.247305883938,0,0,0,0
19237,137.927305883938,0,0,0,0
19238,149.317305883938,0,0,0,0
19239,131.707305883938,0,0,0,0
19240,131.587305883938,0,0,0,0
19241,164.607305883938,0,0,0,0
19242,194.797305883938,0,0,0,0
19243,163.357305883938,0,0,0,0
19244,188.477305883938,0,0,0,0
19245,175.027305883938,0,0,0,0
19246,189.127305883938,0,0,0,0
19247,185.647305883938,0,0,0,0
19248,188.137305883938,0,0,0,0
19249,186.187305883938,0,0,0,0
19250,187.427305883938,0,0,0,0
19251,185.477305883938,0,0,0,0
19252,193.627305883938,0,0,0,0
19253,173.387305883938,0,0,0,0
19254,188.197305883938,0,0,0,0
19255,173.497305883938,0,0,0,0
19256,167.017305883938,0,0,0,0
19257,201.417305883938,0,0,0,0
19258,206.547305883938,0,0,0,0
19259,201.417305883938,0,0,0,0
19260,216.847305883938,0,0,0,0
19261,210.567305883938,0,0,0,0
19262,202.667305883938,0,0,0,0
19263,208.727305883938,0,0,0,0
19264,192.667305883938,0,0,0,0
19265,180.607305883938,0,0,0,0
19266,195.127305883938,0,0,0,0
19267,129.207305883938,0,0,0,0
19268,95.4573058839382,0,0,0,0
19269,86.4773058839382,0,0,0,0
19270,79.0373058839382,0,0,0,0
19271,140.737305883938,0,0,0,0
19272,133.177305883938,0,0,0,0
19273,141.297305883938,0,0,0,0
19274,125.837305883938,0,0,0,0
19275,164.037305883938,0,0,0,0
19276,128.987305883938,0,0,0,0
19277,151.977305883938,0,0,0,0
19278,139.577305883938,0,0,0,0
19279,122.047305883938,0,0,0,0
19280,116.917305883938,0,0,0,0
19281,114.657305883938,0,0,0,0
19282,128.527305883938,0,0,0,0
19283,131.167305883938,0,0,0,0
19284,134.167305883938,0,0,0,0
19285,123.377305883938,0,0,0,0
19286,151.187305883938,0,0,0,0
19287,219.687305883938,0,0,0,0
19288,220.617305883938,0,0,0,0
19289,190.427305883938,0,0,0,0
19290,203.627305883938,0,0,0,0
19291,201.477305883938,0,0,0,0
19292,212.717305883938,0,0,0,0
19293,208.017305883938,0,0,0,0
19294,181.797305883938,0,0,0,0
19295,186.887305883938,0,0,0,0
19296,191.137305883938,0,0,0,0
19297,176.667305883938,0,0,0,0
19298,216.397305883938,0,0,0,0
19299,199.777305883938,0,0,0,0
19300,200.997305883938,0,0,0,0
19301,168.717305883938,0,0,0,0
19302,184.227305883938,0,0,0,0
19303,126.377305883938,0,0,0,0
19304,132.667305883938,0,0,0,0
19305,131.077305883938,0,0,0,0
19306,150.247305883938,0,0,0,0
19307,142.067305883938,0,0,0,0
19308,161.407305883938,0,0,0,0
19309,155.767305883938,0,0,0,0
19310,151.807305883938,0,0,0,0
19311,143.567305883938,0,0,0,0
19312,144.787305883938,0,0,0,0
19313,139.747305883938,0,0,0,0
19314,141.787305883938,0,0,0,0
19315,164.037305883938,0,0,0,0
19316,135.437305883938,0,0,0,0
19317,125.047305883938,0,0,0,0
19318,133.287305883938,0,0,0,0
19319,128.277305883938,0,0,0,0
19320,122.637305883938,0,0,0,0
19321,127.087305883938,0,0,0,0
19322,134.647305883938,0,0,0,0
19323,132.017305883938,0,0,0,0
19324,134.647305883938,0,0,0,0
19325,152.067305883938,0,0,0,0
19326,134.537305883938,0,0,0,0
19327,147.957305883938,0,0,0,0
19328,142.777305883938,0,0,0,0
19329,142.437305883938,0,0,0,0
19330,140.337305883938,0,0,0,0
19331,146.487305883938,0,0,0,0
19332,149.147305883938,0,0,0,0
19333,142.887305883938,0,0,0,0
19334,130.457305883938,0,0,0,0
19335,134.477305883938,0,0,0,0
19336,143.647305883938,0,0,0,0
19337,140.707305883938,0,0,0,0
19338,135.897305883938,0,0,0,0
19339,124.597305883938,0,0,0,0
19340,127.767305883938,0,0,0,0
19341,31.0073058839382,0,0,0,0
19342,5.37730588393824,0,0,0,0
19343,14.6173058839382,0,0,0,0
19344,52.3873058839382,0,0,0,0
19345,29.3673058839382,0,0,0,0
19346,43.5273058839382,0,0,0,0
19347,21.3273058839382,0,0,0,0
19348,17.1873058839382,0,0,0,0
19349,35.7973058839382,0,0,0,0
19350,104.287305883938,0,0,0,0
19351,84.8673058839382,0,0,0,0
19352,88.9173058839382,0,0,0,0
19353,150.507305883938,0,0,0,0
19354,213.197305883938,0,0,0,0
19355,91.0373058839382,0,0,0,0
19356,142.007305883938,0,0,0,0
19357,111.197305883938,0,0,0,0
19358,158.177305883938,0,0,0,0
19359,275.237305883938,0,0,0,0
19360,307.177305883938,0,0,0,0
19361,360.697305883938,0,0,0,0
19362,315.737305883938,0,0,0,0
19363,308.427305883938,0,0,0,0
19364,290.847305883938,0,0,0,0
19365,273.227305883938,0,0,0,0
19366,225.717305883938,0,0,0,0
19367,179.357305883938,0,0,0,0
19368,166.927305883938,0,0,0,0
19369,116.327305883938,0,0,0,0
19370,94.7473058839382,0,0,0,0
19371,146.567305883938,0,0,0,0
19372,299.027305883938,0,0,0,0
19373,329.267305883938,0,0,0,0
19374,364.267305883938,0,0,0,0
19375,392.927305883938,0,0,0,0
19376,416.487305883938,0,0,0,0
19377,387.377305883938,0,0,0,0
19378,390.997305883938,0,0,0,0
19379,415.887305883938,0,0,0,0
19380,407.937305883938,0,0,0,0
19381,465.867305883938,0,0,0,0
19382,507.837305883938,0,0,0,0
19383,508.377305883938,0,0,0,0
19384,509.137305883938,0,0,0,0
19385,485.947305883938,0,0,0,0
19386,511.347305883938,0,0,0,0
19387,447.377305883938,0,0,0,0
19388,356.117305883938,0,0,0,0
19389,384.427305883938,0,0,0,0
19390,316.467305883938,0,0,0,0
19391,243.247305883938,0,0,0,0
19392,178.967305883938,0,0,0,0
19393,177.967305883938,0,0,0,0
19394,173.217305883938,0,0,0,0
19395,127.367305883938,0,0,0,0
19396,133.797305883938,0,0,0,0
19397,141.417305883938,0,0,0,0
19398,139.627305883938,0,0,0,0
19399,139.797305883938,0,0,0,0
19400,310.607305883938,0,0,0,0
19401,306.987305883938,0,0,0,0
19402,310.577305883938,0,0,0,0
19403,290.137305883938,0,0,0,0
19404,311.717305883938,0,0,0,0
19405,262.187305883938,0,0,0,0
19406,199.717305883938,0,0,0,0
19407,220.367305883938,0,0,0,0
19408,329.717305883938,0,0,0,0
19409,316.357305883938,0,0,0,0
19410,303.277305883938,0,0,0,0
19411,243.497305883938,0,0,0,0
19412,217.167305883938,0,0,0,0
19413,246.077305883938,0,0,0,0
19414,220.987305883938,0,0,0,0
19415,208.077305883938,0,0,0,0
19416,183.157305883938,0,0,0,0
19417,125.187305883938,0,0,0,0
19418,144.307305883938,0,0,0,0
19419,130.147305883938,0,0,0,0
19420,135.747305883938,0,0,0,0
19421,121.397305883938,0,0,0,0
19422,114.517305883938,0,0,0,0
19423,112.187305883938,0,0,0,0
19424,112.787305883938,0,0,0,0
19425,126.827305883938,0,0,0,0
19426,121.167305883938,0,0,0,0
19427,71.9573058839382,0,0,0,0
19428,79.8273058839382,0,0,0,0
19429,83.5073058839382,0,0,0,0
19430,83.7873058839382,0,0,0,0
19431,101.207305883938,0,0,0,0
19432,46.3573058839382,0,0,0,0
19433,38.5373058839382,0,0,0,0
19434,37.9773058839382,0,0,0,0
19435,47.4073058839382,0,0,0,0
19436,49.2173058839382,0,0,0,0
19437,50.0073058839382,0,0,0,0
19438,52.9573058839382,0,0,0,0
19439,55.1073058839382,0,0,0,0
19440,51.8473058839382,0,0,0,0
19441,47.2073058839382,0,0,0,0
19442,46.9773058839382,0,0,0,0
19443,41.6273058839382,0,0,0,0
19444,40.3573058839382,0,0,0,0
19445,42.6173058839382,0,0,0,0
19446,43.2673058839382,0,0,0,0
19447,47.4273058839382,0,0,0,0
19448,67.2573058839382,0,0,0,0
19449,54.2573058839382,0,0,0,0
19450,43.8873058839382,0,0,0,0
19451,46.4373058839382,0,0,0,0
19452,61.6773058839382,0,0,0,0
19453,53.2673058839382,0,0,0,0
19454,51.1673058839382,0,0,0,0
19455,48.6473058839382,0,0,0,0
19456,46.1273058839382,0,0,0,0
19457,79.5973058839382,0,0,0,0
19458,88.8573058839382,0,0,0,0
19459,87.9273058839382,0,0,0,0
19460,91.8073058839382,0,0,0,0
19461,88.1773058839382,0,0,0,0
19462,72.2673058839382,0,0,0,0
19463,67.8473058839382,0,0,0,0
19464,96.2173058839382,0,0,0,0
19465,92.3973058839382,0,0,0,0
19466,106.387305883938,0,0,0,0
19467,141.297305883938,0,0,0,0
19468,121.737305883938,0,0,0,0
19469,117.517305883938,0,0,0,0
19470,177.097305883938,0,0,0,0
19471,237.467305883938,0,0,0,0
19472,352.517305883938,0,0,0,0
19473,361.917305883938,0,0,0,0
19474,344.357305883938,0,0,0,0
19475,381.227305883938,0,0,0,0
19476,380.467305883938,0,0,0,0
19477,745.727305883938,0,0,0,0
19478,789.477305883938,0,0,0,0
19479,814.367305883938,0,0,0,0
19480,815.897305883938,0,0,0,0
19481,833.787305883938,0,0,0,0
19482,782.847305883938,0,0,0,0
19483,677.477305883938,0,0,0,0
19484,542.187305883938,0,0,0,0
19485,487.247305883938,0,0,0,0
19486,387.067305883938,0,0,0,0
19487,362.147305883938,0,0,0,0
19488,277.277305883938,0,0,0,0
19489,223.987305883938,0,0,0,0
19490,195.527305883938,0,0,0,0
19491,324.707305883938,0,0,0,0
19492,340.677305883938,0,0,0,0
19493,355.827305883938,0,0,0,0
19494,328.027305883938,0,0,0,0
19495,360.557305883938,0,0,0,0
19496,360.617305883938,0,0,0,0
19497,363.707305883938,0,0,0,0
19498,363.247305883938,0,0,0,0
19499,361.017305883938,0,0,0,0
19500,364.297305883938,0,0,0,0
19501,348.947305883938,0,0,0,0
19502,316.297305883938,0,0,0,0
19503,302.117305883938,0,0,0,0
19504,335.467305883938,0,0,0,0
19505,333.967305883938,0,0,0,0
19506,341.157305883938,0,0,0,0
19507,331.617305883938,0,0,0,0
19508,321.117305883938,0,0,0,0
19509,304.237305883938,0,0,0,0
19510,302.337305883938,0,0,0,0
19511,299.677305883938,0,0,0,0
19512,307.777305883938,0,0,0,0
19513,303.357305883938,0,0,0,0
19514,319.467305883938,0,0,0,0
19515,320.827305883938,0,0,0,0
19516,328.647305883938,0,0,0,0
19517,312.727305883938,0,0,0,0
19518,324.457305883938,0,0,0,0
19519,340.997305883938,0,0,0,0
19520,338.727305883938,0,0,0,0
19521,349.997305883938,0,0,0,0
19522,352.657305883938,0,0,0,0
19523,351.467305883938,0,0,0,0
19524,350.847305883938,0,0,0,0
19525,344.757305883938,0,0,0,0
19526,347.707305883938,0,0,0,0
19527,354.527305883938,0,0,0,0
19528,327.147305883938,0,0,0,0
19529,270.147305883938,0,0,0,0
19530,291.807305883938,0,0,0,0
19531,312.057305883938,0,0,0,0
19532,250.147305883938,0,0,0,0
19533,256.207305883938,0,0,0,0
19534,308.147305883938,0,0,0,0
19535,292.567305883938,0,0,0,0
19536,298.577305883938,0,0,0,0
19537,312.707305883938,0,0,0,0
19538,349.237305883938,0,0,0,0
19539,350.647305883938,0,0,0,0
19540,297.637305883938,0,0,0,0
19541,303.017305883938,0,0,0,0
19542,292.737305883938,0,0,0,0
19543,323.207305883938,0,0,0,0
19544,320.437305883938,0,0,0,0
19545,315.537305883938,0,0,0,0
19546,313.267305883938,0,0,0,0
19547,335.497305883938,0,0,0,0
19548,340.057305883938,0,0,0,0
19549,358.887305883938,0,0,0,0
19550,364.207305883938,0,0,0,0
19551,348.747305883938,0,0,0,0
19552,347.307305883938,0,0,0,0
19553,337.307305883938,0,0,0,0
19554,387.087305883938,0,0,0,0
19555,385.477305883938,0,0,0,0
19556,370.897305883938,0,0,0,0
19557,376.477305883938,0,0,0,0
19558,374.207305883938,0,0,0,0
19559,371.627305883938,0,0,0,0
19560,323.717305883938,0,0,0,0
19561,393.297305883938,0,0,0,0
19562,390.237305883938,0,0,0,0
19563,359.367305883938,0,0,0,0
19564,375.317305883938,0,0,0,0
19565,388.767305883938,0,0,0,0
19566,380.867305883938,0,0,0,0
19567,385.137305883938,0,0,0,0
19568,427.897305883938,0,0,0,0
19569,400.177305883938,0,0,0,0
19570,394.657305883938,0,0,0,0
19571,351.187305883938,0,0,0,0
19572,336.777305883938,0,0,0,0
19573,337.987305883938,0,0,0,0
19574,332.897305883938,0,0,0,0
19575,344.527305883938,0,0,0,0
19576,332.357305883938,0,0,0,0
19577,295.937305883938,0,0,0,0
19578,246.157305883938,0,0,0,0
19579,227.357305883938,0,0,0,0
19580,217.677305883938,0,0,0,0
19581,244.347305883938,0,0,0,0
19582,229.397305883938,0,0,0,0
19583,238.997305883938,0,0,0,0
19584,233.587305883938,0,0,0,0
19585,220.307305883938,0,0,0,0
19586,209.797305883938,0,0,0,0
19587,198.697305883938,0,0,0,0
19588,191.167305883938,0,0,0,0
19589,175.677305883938,0,0,0,0
19590,184.627305883938,0,0,0,0
19591,154.327305883938,0,0,0,0
19592,138.697305883938,0,0,0,0
19593,140.027305883938,0,0,0,0
19594,130.687305883938,0,0,0,0
19595,159.307305883938,0,0,0,0
19596,175.337305883938,0,0,0,0
19597,183.977305883938,0,0,0,0
19598,172.447305883938,0,0,0,0
19599,171.937305883938,0,0,0,0
19600,183.497305883938,0,0,0,0
19601,181.797305883938,0,0,0,0
19602,175.197305883938,0,0,0,0
19603,171.887305883938,0,0,0,0
19604,182.757305883938,0,0,0,0
19605,160.017305883938,0,0,0,0
19606,146.537305883938,0,0,0,0
19607,138.187305883938,0,0,0,0
19608,141.837305883938,0,0,0,0
19609,125.137305883938,0,0,0,0
19610,145.947305883938,0,0,0,0
19611,128.247305883938,0,0,0,0
19612,149.967305883938,0,0,0,0
19613,164.297305883938,0,0,0,0
19614,171.517305883938,0,0,0,0
19615,179.617305883938,0,0,0,0
19616,165.877305883938,0,0,0,0
19617,135.497305883938,0,0,0,0
19618,146.657305883938,0,0,0,0
19619,131.587305883938,0,0,0,0
19620,124.087305883938,0,0,0,0
19621,127.567305883938,0,0,0,0
19622,158.147305883938,0,0,0,0
19623,132.237305883938,0,0,0,0
19624,128.557305883938,0,0,0,0
19625,139.577305883938,0,0,0,0
19626,124.877305883938,0,0,0,0
19627,134.227305883938,0,0,0,0
19628,130.797305883938,0,0,0,0
19629,132.157305883938,0,0,0,0
19630,128.047305883938,0,0,0,0
19631,115.557305883938,0,0,0,0
19632,114.567305883938,0,0,0,0
19633,122.867305883938,0,0,0,0
19634,107.827305883938,0,0,0,0
19635,122.467305883938,0,0,0,0
19636,115.707305883938,0,0,0,0
19637,120.967305883938,0,0,0,0
19638,111.657305883938,0,0,0,0
19639,107.807305883938,0,0,0,0
19640,100.897305883938,0,0,0,0
19641,106.587305883938,0,0,0,0
19642,114.177305883938,0,0,0,0
19643,107.067305883938,0,0,0,0
19644,101.427305883938,0,0,0,0
19645,101.597305883938,0,0,0,0
19646,142.067305883938,0,0,0,0
19647,137.567305883938,0,0,0,0
19648,140.057305883938,0,0,0,0
19649,134.167305883938,0,0,0,0
19650,105.937305883938,0,0,0,0
19651,109.477305883938,0,0,0,0
19652,105.817305883938,0,0,0,0
19653,116.917305883938,0,0,0,0
19654,122.127305883938,0,0,0,0
19655,103.387305883938,0,0,0,0
19656,114.037305883938,0,0,0,0
19657,125.137305883938,0,0,0,0
19658,180.547305883938,0,0,0,0
19659,192.697305883938,0,0,0,0
19660,193.317305883938,0,0,0,0
19661,188.367305883938,0,0,0,0
19662,196.577305883938,0,0,0,0
19663,159.737305883938,0,0,0,0
19664,187.147305883938,0,0,0,0
19665,187.057305883938,0,0,0,0
19666,157.977305883938,0,0,0,0
19667,148.837305883938,0,0,0,0
19668,143.087305883938,0,0,0,0
19669,128.897305883938,0,0,0,0
19670,85.2673058839382,0,0,0,0
19671,125.697305883938,0,0,0,0
19672,92.4873058839382,0,0,0,0
19673,89.1373058839382,0,0,0,0
19674,97.9773058839382,0,0,0,0
19675,106.327305883938,0,0,0,0
19676,100.727305883938,0,0,0,0
19677,84.3273058839382,0,0,0,0
19678,126.437305883938,0,0,0,0
19679,125.617305883938,0,0,0,0
19680,122.727305883938,0,0,0,0
19681,124.337305883938,0,0,0,0
19682,137.597305883938,0,0,0,0
19683,136.207305883938,0,0,0,0
19684,129.037305883938,0,0,0,0
19685,118.077305883938,0,0,0,0
19686,122.127305883938,0,0,0,0
19687,127.537305883938,0,0,0,0
19688,127.457305883938,0,0,0,0
19689,135.697305883938,0,0,0,0
19690,127.257305883938,0,0,0,0
19691,137.927305883938,0,0,0,0
19692,131.817305883938,0,0,0,0
19693,114.207305883938,0,0,0,0
19694,112.507305883938,0,0,0,0
19695,123.177305883938,0,0,0,0
19696,120.917305883938,0,0,0,0
19697,112.647305883938,0,0,0,0
19698,78.9773058839382,0,0,0,0
19699,67.3073058839382,0,0,0,0
19700,102.647305883938,0,0,0,0
19701,106.217305883938,0,0,0,0
19702,106.527305883938,0,0,0,0
19703,96.4173058839382,0,0,0,0
19704,117.797305883938,0,0,0,0
19705,115.537305883938,0,0,0,0
19706,50.8573058839382,0,0,0,0
19707,119.127305883938,0,0,0,0
19708,227.047305883938,0,0,0,0
19709,227.897305883938,0,0,0,0
19710,238.487305883938,0,0,0,0
19711,229.197305883938,0,0,0,0
19712,232.507305883938,0,0,0,0
19713,224.917305883938,0,0,0,0
19714,293.897305883938,0,0,0,0
19715,386.267305883938,0,0,0,0
19716,291.017305883938,0,0,0,0
19717,392.047305883938,0,0,0,0
19718,410.907305883938,0,0,0,0
19719,425.237305883938,0,0,0,0
19720,400.257305883938,0,0,0,0
19721,280.707305883938,0,0,0,0
19722,282.287305883938,0,0,0,0
19723,267.477305883938,0,0,0,0
19724,174.997305883938,0,0,0,0
19725,221.357305883938,0,0,0,0
19726,344.507305883938,0,0,0,0
19727,336.797305883938,0,0,0,0
19728,312.817305883938,0,0,0,0
19729,345.777305883938,0,0,0,0
19730,344.337305883938,0,0,0,0
19731,346.287305883938,0,0,0,0
19732,283.087305883938,0,0,0,0
19733,255.307305883938,0,0,0,0
19734,202.607305883938,0,0,0,0
19735,208.667305883938,0,0,0,0
19736,157.897305883938,0,0,0,0
19737,172.647305883938,0,0,0,0
19738,154.727305883938,0,0,0,0
19739,145.777305883938,0,0,0,0
19740,139.717305883938,0,0,0,0
19741,141.047305883938,0,0,0,0
19742,128.957305883938,0,0,0,0
19743,125.587305883938,0,0,0,0
19744,112.817305883938,0,0,0,0
19745,108.487305883938,0,0,0,0
19746,101.577305883938,0,0,0,0
19747,98.7973058839383,0,0,0,0
19748,92.1673058839382,0,0,0,0
19749,87.8973058839382,0,0,0,0
19750,97.8073058839382,0,0,0,0
19751,121.597305883938,0,0,0,0
19752,112.247305883938,0,0,0,0
19753,99.9573058839382,0,0,0,0
19754,115.877305883938,0,0,0,0
19755,118.057305883938,0,0,0,0
19756,111.197305883938,0,0,0,0
19757,95.6873058839383,0,0,0,0
19758,100.127305883938,0,0,0,0
19759,110.607305883938,0,0,0,0
19760,107.437305883938,0,0,0,0
19761,114.377305883938,0,0,0,0
19762,112.867305883938,0,0,0,0
19763,113.297305883938,0,0,0,0
19764,123.517305883938,0,0,0,0
19765,121.027305883938,0,0,0,0
19766,122.667305883938,0,0,0,0
19767,113.977305883938,0,0,0,0
19768,116.777305883938,0,0,0,0
19769,112.527305883938,0,0,0,0
19770,50.3173058839382,0,0,0,0
19771,60.2073058839382,0,0,0,0
19772,818.697305883938,0,0,0,0
19773,1249.93730588394,0,0,0,0
19774,1244.77730588394,0,0,0,0
19775,1256.33730588394,0,0,0,0
19776,1233.16730588394,0,0,0,0
19777,1258.76730588394,0,0,0,0
19778,1305.06730588394,0,0,0,0
19779,471.137305883938,0,0,0,0
19780,869.217305883938,0,0,0,0
19781,1340.85730588394,0,0,0,0
19782,1393.27730588394,0,0,0,0
19783,1380.98730588394,0,0,0,0
19784,1377.33730588394,0,0,0,0
19785,1398.99730588394,0,0,0,0
19786,1398.02730588394,0,0,0,0
19787,1102.11730588394,0,0,0,0
19788,881.537305883938,0,0,0,0
19789,791.427305883938,0,0,0,0
19790,624.587305883938,0,0,0,0
19791,565.407305883938,0,0,0,0
19792,426.987305883938,0,0,0,0
19793,339.857305883938,0,0,0,0
19794,305.967305883938,0,0,0,0
19795,237.697305883938,0,0,0,0
19796,152.907305883938,0,0,0,0
19797,145.837305883938,0,0,0,0
19798,124.477305883938,0,0,0,0
19799,112.847305883938,0,0,0,0
19800,104.967305883938,0,0,0,0
19801,105.027305883938,0,0,0,0
19802,98.1773058839382,0,0,0,0
19803,84.3573058839382,0,0,0,0
19804,85.8273058839382,0,0,0,0
19805,67.3373058839382,0,0,0,0
19806,17.3273058839382,0,0,0,0
19807,30.0973058839382,0,0,0,0
19808,16.0273058839382,0,0,0,0
19809,16.0273058839382,0,0,0,0
19810,16.0273058839382,0,0,0,0
19811,16.0273058839382,0,0,0,0
19812,20.3573058839382,0,0,0,0
19813,21.0373058839382,0,0,0,0
19814,43.8673058839382,0,0,0,0
19815,56.1573058839382,0,0,0,0
19816,101.117305883938,0,0,0,0
19817,99.0773058839382,0,0,0,0
19818,110.267305883938,0,0,0,0
19819,91.6073058839382,0,0,0,0
19820,96.8173058839382,0,0,0,0
19821,293.647305883938,0,0,0,0
19822,311.907305883938,0,0,0,0
19823,329.067305883938,0,0,0,0
19824,339.267305883938,0,0,0,0
19825,322.727305883938,0,0,0,0
19826,282.147305883938,0,0,0,0
19827,231.577305883938,0,0,0,0
19828,221.127305883938,0,0,0,0
19829,224.607305883938,0,0,0,0
19830,179.157305883938,0,0,0,0
19831,146.707305883938,0,0,0,0
19832,125.327305883938,0,0,0,0
19833,109.217305883938,0,0,0,0
19834,91.5773058839382,0,0,0,0
19835,94.0673058839382,0,0,0,0
19836,107.887305883938,0,0,0,0
19837,97.7273058839382,0,0,0,0
19838,124.197305883938,0,0,0,0
19839,128.897305883938,0,0,0,0
19840,143.287305883938,0,0,0,0
19841,154.097305883938,0,0,0,0
19842,177.487305883938,0,0,0,0
19843,163.387305883938,0,0,0,0
19844,163.217305883938,0,0,0,0
19845,208.977305883938,0,0,0,0
19846,182.337305883938,0,0,0,0
19847,187.207305883938,0,0,0,0
19848,204.987305883938,0,0,0,0
19849,235.797305883938,0,0,0,0
19850,285.657305883938,0,0,0,0
19851,285.657305883938,0,0,0,0
19852,285.657305883938,0,0,0,0
19853,285.717305883938,0,0,0,0
19854,288.667305883938,0,0,0,0
19855,278.467305883938,0,0,0,0
19856,264.537305883938,0,0,0,0
19857,254.147305883938,0,0,0,0
19858,249.927305883938,0,0,0,0
19859,258.557305883938,0,0,0,0
19860,258.047305883938,0,0,0,0
19861,242.677305883938,0,0,0,0
19862,240.267305883938,0,0,0,0
19863,236.557305883938,0,0,0,0
19864,228.317305883938,0,0,0,0
19865,230.867305883938,0,0,0,0
19866,244.917305883938,0,0,0,0
19867,240.497305883938,0,0,0,0
19868,225.747305883938,0,0,0,0
19869,264.397305883938,0,0,0,0
19870,272.127305883938,0,0,0,0
19871,312.557305883938,0,0,0,0
19872,292.967305883938,0,0,0,0
19873,313.437305883938,0,0,0,0
19874,307.347305883938,0,0,0,0
19875,308.227305883938,0,0,0,0
19876,314.117305883938,0,0,0,0
19877,305.847305883938,0,0,0,0
19878,302.677305883938,0,0,0,0
19879,284.247305883938,0,0,0,0
19880,355.997305883938,0,0,0,0
19881,372.167305883938,0,0,0,0
19882,362.367305883938,0,0,0,0
19883,361.687305883938,0,0,0,0
19884,383.217305883938,0,0,0,0
19885,377.517305883938,0,0,0,0
19886,357.557305883938,0,0,0,0
19887,354.357305883938,0,0,0,0
19888,335.527305883938,0,0,0,0
19889,347.217305883938,0,0,0,0
19890,371.097305883938,0,0,0,0
19891,391.027305883938,0,0,0,0
19892,374.297305883938,0,0,0,0
19893,368.517305883938,0,0,0,0
19894,396.977305883938,0,0,0,0
19895,377.007305883938,0,0,0,0
19896,343.857305883938,0,0,0,0
19897,372.567305883938,0,0,0,0
19898,369.957305883938,0,0,0,0
19899,353.227305883938,0,0,0,0
19900,368.627305883938,0,0,0,0
19901,381.147305883938,0,0,0,0
19902,384.257305883938,0,0,0,0
19903,366.307305883938,0,0,0,0
19904,362.537305883938,0,0,0,0
19905,394.797305883938,0,0,0,0
19906,386.637305883938,0,0,0,0
19907,386.757305883938,0,0,0,0
19908,363.077305883938,0,0,0,0
19909,366.847305883938,0,0,0,0
19910,365.597305883938,0,0,0,0
19911,354.417305883938,0,0,0,0
19912,375.027305883938,0,0,0,0
19913,364.187305883938,0,0,0,0
19914,362.287305883938,0,0,0,0
19915,367.127305883938,0,0,0,0
19916,366.137305883938,0,0,0,0
19917,360.787305883938,0,0,0,0
19918,368.427305883938,0,0,0,0
19919,367.637305883938,0,0,0,0
19920,376.527305883938,0,0,0,0
19921,372.957305883938,0,0,0,0
19922,354.357305883938,0,0,0,0
19923,371.547305883938,0,0,0,0
19924,352.687305883938,0,0,0,0
19925,381.537305883938,0,0,0,0
19926,391.937305883938,0,0,0,0
19927,406.237305883938,0,0,0,0
19928,407.787305883938,0,0,0,0
19929,387.037305883938,0,0,0,0
19930,392.757305883938,0,0,0,0
19931,406.517305883938,0,0,0,0
19932,356.817305883938,0,0,0,0
19933,365.717305883938,0,0,0,0
19934,339.717305883938,0,0,0,0
19935,333.917305883938,0,0,0,0
19936,334.397305883938,0,0,0,0
19937,325.757305883938,0,0,0,0
19938,329.667305883938,0,0,0,0
19939,299.107305883938,0,0,0,0
19940,327.737305883938,0,0,0,0
19941,307.777305883938,0,0,0,0
19942,304.237305883938,0,0,0,0
19943,303.187305883938,0,0,0,0
19944,295.827305883938,0,0,0,0
19945,286.287305883938,0,0,0,0
19946,283.227305883938,0,0,0,0
19947,273.687305883938,0,0,0,0
19948,260.547305883938,0,0,0,0
19949,250.237305883938,0,0,0,0
19950,231.467305883938,0,0,0,0
19951,227.077305883938,0,0,0,0
19952,269.687305883938,0,0,0,0
19953,267.457305883938,0,0,0,0
19954,276.347305883938,0,0,0,0
19955,252.837305883938,0,0,0,0
19956,255.897305883938,0,0,0,0
19957,228.097305883938,0,0,0,0
19958,203.227305883938,0,0,0,0
19959,232.167305883938,0,0,0,0
19960,196.237305883938,0,0,0,0
19961,209.597305883938,0,0,0,0
19962,257.627305883938,0,0,0,0
19963,261.367305883938,0,0,0,0
19964,237.527305883938,0,0,0,0
19965,243.947305883938,0,0,0,0
19966,222.117305883938,0,0,0,0
19967,196.237305883938,0,0,0,0
19968,183.607305883938,0,0,0,0
19969,194.647305883938,0,0,0,0
19970,225.887305883938,0,0,0,0
19971,231.347305883938,0,0,0,0
19972,227.527305883938,0,0,0,0
19973,223.027305883938,0,0,0,0
19974,215.547305883938,0,0,0,0
19975,229.227305883938,0,0,0,0
19976,215.037305883938,0,0,0,0
19977,231.347305883938,0,0,0,0
19978,205.667305883938,0,0,0,0
19979,227.977305883938,0,0,0,0
19980,209.097305883938,0,0,0,0
19981,230.837305883938,0,0,0,0
19982,207.507305883938,0,0,0,0
19983,221.807305883938,0,0,0,0
19984,231.637305883938,0,0,0,0
19985,225.287305883938,0,0,0,0
19986,204.707305883938,0,0,0,0
19987,210.907305883938,0,0,0,0
19988,186.297305883938,0,0,0,0
19989,195.217305883938,0,0,0,0
19990,201.187305883938,0,0,0,0
19991,181.797305883938,0,0,0,0
19992,164.857305883938,0,0,0,0
19993,167.377305883938,0,0,0,0
19994,136.517305883938,0,0,0,0
19995,107.437305883938,0,0,0,0
19996,118.507305883938,0,0,0,0
19997,122.277305883938,0,0,0,0
19998,113.097305883938,0,0,0,0
19999,111.367305883938,0,0,0,0
20000,98.4873058839382,0,0,0,0
20001,98.5173058839382,0,0,0,0
20002,103.977305883938,0,0,0,0
20003,106.497305883938,0,0,0,0
20004,99.9273058839382,0,0,0,0
20005,102.737305883938,0,0,0,0
20006,116.157305883938,0,0,0,0
20007,126.067305883938,0,0,0,0
20008,113.327305883938,0,0,0,0
20009,118.167305883938,0,0,0,0
20010,109.477305883938,0,0,0,0
20011,125.497305883938,0,0,0,0
20012,136.767305883938,0,0,0,0
20013,194.847305883938,0,0,0,0
20014,132.577305883938,0,0,0,0
20015,125.757305883938,0,0,0,0
20016,127.677305883938,0,0,0,0
20017,121.397305883938,0,0,0,0
20018,169.167305883938,0,0,0,0
20019,176.077305883938,0,0,0,0
20020,151.127305883938,0,0,0,0
20021,109.957305883938,0,0,0,0
20022,154.947305883938,0,0,0,0
20023,140.847305883938,0,0,0,0
20024,124.817305883938,0,0,0,0
20025,113.297305883938,0,0,0,0
20026,118.757305883938,0,0,0,0
20027,110.157305883938,0,0,0,0
20028,156.137305883938,0,0,0,0
20029,156.057305883938,0,0,0,0
20030,136.967305883938,0,0,0,0
20031,141.077305883938,0,0,0,0
20032,132.977305883938,0,0,0,0
20033,151.607305883938,0,0,0,0
20034,127.087305883938,0,0,0,0
20035,130.907305883938,0,0,0,0
20036,135.727305883938,0,0,0,0
20037,149.397305883938,0,0,0,0
20038,126.657305883938,0,0,0,0
20039,117.207305883938,0,0,0,0
20040,122.017305883938,0,0,0,0
20041,89.7373058839382,0,0,0,0
20042,115.137305883938,0,0,0,0
20043,121.847305883938,0,0,0,0
20044,120.627305883938,0,0,0,0
20045,107.917305883938,0,0,0,0
20046,106.107305883938,0,0,0,0
20047,97.5773058839382,0,0,0,0
20048,116.097305883938,0,0,0,0
20049,103.357305883938,0,0,0,0
20050,102.397305883938,0,0,0,0
20051,105.507305883938,0,0,0,0
20052,105.227305883938,0,0,0,0
20053,97.1873058839383,0,0,0,0
20054,108.197305883938,0,0,0,0
20055,118.757305883938,0,0,0,0
20056,112.277305883938,0,0,0,0
20057,108.797305883938,0,0,0,0
20058,102.027305883938,0,0,0,0
20059,105.337305883938,0,0,0,0
20060,109.277305883938,0,0,0,0
20061,115.387305883938,0,0,0,0
20062,93.5273058839382,0,0,0,0
20063,103.607305883938,0,0,0,0
20064,96.3873058839382,0,0,0,0
20065,91.0973058839382,0,0,0,0
20066,66.9173058839382,0,0,0,0
20067,86.1173058839382,0,0,0,0
20068,91.8073058839382,0,0,0,0
20069,97.4673058839382,0,0,0,0
20070,90.3073058839382,0,0,0,0
20071,93.1073058839382,0,0,0,0
20072,96.8773058839382,0,0,0,0
20073,92.5673058839382,0,0,0,0
20074,96.6473058839382,0,0,0,0
20075,102.427305883938,0,0,0,0
20076,82.2373058839382,0,0,0,0
20077,95.6573058839382,0,0,0,0
20078,91.5473058839383,0,0,0,0
20079,96.2473058839382,0,0,0,0
20080,99.1673058839382,0,0,0,0
20081,101.547305883938,0,0,0,0
20082,117.037305883938,0,0,0,0
20083,112.647305883938,0,0,0,0
20084,113.037305883938,0,0,0,0
20085,71.8173058839382,0,0,0,0
20086,12.0373058839382,0,0,0,0
20087,44.3473058839382,0,0,0,0
20088,31.6573058839382,0,0,0,0
20089,41.8573058839382,0,0,0,0
20090,51.5373058839382,0,0,0,0
20091,55.5873058839382,0,0,0,0
20092,92.7673058839382,0,0,0,0
20093,96.8173058839382,0,0,0,0
20094,76.1173058839382,0,0,0,0
20095,91.7173058839382,0,0,0,0
20096,116.097305883938,0,0,0,0
20097,92.8273058839382,0,0,0,0
20098,121.227305883938,0,0,0,0
20099,89.7973058839383,0,0,0,0
20100,87.5573058839382,0,0,0,0
20101,92.3173058839382,0,0,0,0
20102,95.7073058839382,0,0,0,0
20103,87.4973058839382,0,0,0,0
20104,83.1673058839382,0,0,0,0
20105,93.6773058839382,0,0,0,0
20106,82.4273058839382,0,0,0,0
20107,97.4973058839382,0,0,0,0
20108,98.1773058839382,0,0,0,0
20109,95.1473058839382,0,0,0,0
20110,103.757305883938,0,0,0,0
20111,90.3573058839382,0,0,0,0
20112,99.9073058839382,0,0,0,0
20113,100.157305883938,0,0,0,0
20114,86.3973058839382,0,0,0,0
20115,45.1673058839382,0,0,0,0
20116,80.8173058839382,0,0,0,0
20117,28.7673058839382,0,0,0,0
20118,38.0573058839382,0,0,0,0
20119,30.7573058839382,0,0,0,0
20120,102.907305883938,0,0,0,0
20121,63.2073058839382,0,0,0,0
20122,55.6973058839382,0,0,0,0
20123,66.2573058839382,0,0,0,0
20124,65.2673058839382,0,0,0,0
20125,57.8473058839382,0,0,0,0
20126,71.5573058839382,0,0,0,0
20127,108.627305883938,0,0,0,0
20128,105.257305883938,0,0,0,0
20129,105.287305883938,0,0,0,0
20130,111.257305883938,0,0,0,0
20131,84.8373058839382,0,0,0,0
20132,109.617305883938,0,0,0,0
20133,81.7473058839382,0,0,0,0
20134,82.8573058839382,0,0,0,0
20135,92.7373058839382,0,0,0,0
20136,97.4973058839382,0,0,0,0
20137,81.8973058839382,0,0,0,0
20138,80.0273058839382,0,0,0,0
20139,105.737305883938,0,0,0,0
20140,58.6973058839382,0,0,0,0
20141,91.8573058839382,0,0,0,0
20142,71.0473058839383,0,0,0,0
20143,62.4073058839382,0,0,0,0
20144,97.0173058839382,0,0,0,0
20145,86.3973058839382,0,0,0,0
20146,90.8673058839382,0,0,0,0
20147,94.9473058839382,0,0,0,0
20148,57.2873058839382,0,0,0,0
20149,56.7773058839382,0,0,0,0
20150,55.6473058839382,0,0,0,0
20151,52.6173058839382,0,0,0,0
20152,53.2673058839382,0,0,0,0
20153,55.4173058839382,0,0,0,0
20154,92.5073058839382,0,0,0,0
20155,63.7673058839382,0,0,0,0
20156,63.8573058839382,0,0,0,0
20157,81.5273058839382,0,0,0,0
20158,81.7473058839382,0,0,0,0
20159,82.2073058839382,0,0,0,0
20160,110.547305883938,0,0,0,0
20161,86.7873058839382,0,0,0,0
20162,87.4173058839382,0,0,0,0
20163,118.077305883938,0,0,0,0
20164,92.7073058839382,0,0,0,0
20165,90.5573058839382,0,0,0,0
20166,91.8373058839382,0,0,0,0
20167,71.9273058839382,0,0,0,0
20168,88.5173058839382,0,0,0,0
20169,88.8073058839382,0,0,0,0
20170,17.3273058839382,0,0,0,0
20171,17.5573058839382,0,0,0,0
20172,5.40730588393824,0,0,0,0
20173,14.3573058839382,0,0,0,0
20174,19.1973058839382,0,0,0,0
20175,40.2673058839382,0,0,0,0
20176,45.9573058839382,0,0,0,0
20177,42.4173058839382,0,0,0,0
20178,56.4373058839382,0,0,0,0
20179,69.2373058839382,0,0,0,0
20180,96.7073058839382,0,0,0,0
20181,82.9373058839383,0,0,0,0
20182,102.197305883938,0,0,0,0
20183,68.0773058839382,0,0,0,0
20184,90.9573058839382,0,0,0,0
20185,89.5073058839382,0,0,0,0
20186,80.3973058839382,0,0,0,0
20187,86.7073058839382,0,0,0,0
20188,90.9573058839382,0,0,0,0
20189,93.5873058839382,0,0,0,0
20190,92.3673058839382,0,0,0,0
20191,87.3573058839382,0,0,0,0
20192,96.4173058839382,0,0,0,0
20193,76.6873058839383,0,0,0,0
20194,89.9373058839383,0,0,0,0
20195,91.8373058839382,0,0,0,0
20196,90.4173058839382,0,0,0,0
20197,115.307305883938,0,0,0,0
20198,102.767305883938,0,0,0,0
20199,100.267305883938,0,0,0,0
20200,106.727305883938,0,0,0,0
20201,100.217305883938,0,0,0,0
20202,109.187305883938,0,0,0,0
20203,132.357305883938,0,0,0,0
20204,126.157305883938,0,0,0,0
20205,124.647305883938,0,0,0,0
20206,125.697305883938,0,0,0,0
20207,123.947305883938,0,0,0,0
20208,131.787305883938,0,0,0,0
20209,121.427305883938,0,0,0,0
20210,126.347305883938,0,0,0,0
20211,125.187305883938,0,0,0,0
20212,140.907305883938,0,0,0,0
20213,168.857305883938,0,0,0,0
20214,124.197305883938,0,0,0,0
20215,145.917305883938,0,0,0,0
20216,156.617305883938,0,0,0,0
20217,110.977305883938,0,0,0,0
20218,94.1873058839383,0,0,0,0
20219,233.527305883938,0,0,0,0
20220,397.967305883938,0,0,0,0
20221,506.247305883938,0,0,0,0
20222,546.887305883938,0,0,0,0
20223,524.227305883938,0,0,0,0
20224,516.157305883938,0,0,0,0
20225,306.387305883938,0,0,0,0
20226,1087.53730588394,0,0,0,0
20227,769.937305883938,0,0,0,0
20228,653.577305883938,0,0,0,0
20229,534.257305883938,0,0,0,0
20230,498.747305883938,0,0,0,0
20231,543.657305883938,0,0,0,0
20232,574.437305883938,0,0,0,0
20233,272.467305883938,0,0,0,0
20234,385.057305883938,0,0,0,0
20235,397.147305883938,0,0,0,0
20236,417.727305883938,0,0,0,0
20237,391.627305883938,0,0,0,0
20238,392.137305883938,0,0,0,0
20239,361.837305883938,0,0,0,0
20240,336.407305883938,0,0,0,0
20241,338.297305883938,0,0,0,0
20242,353.937305883938,0,0,0,0
20243,314.377305883938,0,0,0,0
20244,312.057305883938,0,0,0,0
20245,311.207305883938,0,0,0,0
20246,330.347305883938,0,0,0,0
20247,330.547305883938,0,0,0,0
20248,308.027305883938,0,0,0,0
20249,326.777305883938,0,0,0,0
20250,329.067305883938,0,0,0,0
20251,315.477305883938,0,0,0,0
20252,320.997305883938,0,0,0,0
20253,348.267305883938,0,0,0,0
20254,321.677305883938,0,0,0,0
20255,318.567305883938,0,0,0,0
20256,305.877305883938,0,0,0,0
20257,283.477305883938,0,0,0,0
20258,254.027305883938,0,0,0,0
20259,280.087305883938,0,0,0,0
20260,268.727305883938,0,0,0,0
20261,272.917305883938,0,0,0,0
20262,326.377305883938,0,0,0,0
20263,308.827305883938,0,0,0,0
20264,376.957305883938,0,0,0,0
20265,366.397305883938,0,0,0,0
20266,352.767305883938,0,0,0,0
20267,347.817305883938,0,0,0,0
20268,361.267305883938,0,0,0,0
20269,364.377305883938,0,0,0,0
20270,363.987305883938,0,0,0,0
20271,362.117305883938,0,0,0,0
20272,379.167305883938,0,0,0,0
20273,379.677305883938,0,0,0,0
20274,401.057305883938,0,0,0,0
20275,378.707305883938,0,0,0,0
20276,380.207305883938,0,0,0,0
20277,380.127305883938,0,0,0,0
20278,436.137305883938,0,0,0,0
20279,370.267305883938,0,0,0,0
20280,404.137305883938,0,0,0,0
20281,392.077305883938,0,0,0,0
20282,426.477305883938,0,0,0,0
20283,411.837305883938,0,0,0,0
20284,426.307305883938,0,0,0,0
20285,398.557305883938,0,0,0,0
20286,430.217305883938,0,0,0,0
20287,430.587305883938,0,0,0,0
20288,405.187305883938,0,0,0,0
20289,403.487305883938,0,0,0,0
20290,395.187305883938,0,0,0,0
20291,407.987305883938,0,0,0,0
20292,397.397305883938,0,0,0,0
20293,382.277305883938,0,0,0,0
20294,361.347305883938,0,0,0,0
20295,328.167305883938,0,0,0,0
20296,328.417305883938,0,0,0,0
20297,357.307305883938,0,0,0,0
20298,350.247305883938,0,0,0,0
20299,333.517305883938,0,0,0,0
20300,334.397305883938,0,0,0,0
20301,345.637305883938,0,0,0,0
20302,330.207305883938,0,0,0,0
20303,329.047305883938,0,0,0,0
20304,348.387305883938,0,0,0,0
20305,344.587305883938,0,0,0,0
20306,347.847305883938,0,0,0,0
20307,316.497305883938,0,0,0,0
20308,319.277305883938,0,0,0,0
20309,321.647305883938,0,0,0,0
20310,308.877305883938,0,0,0,0
20311,274.897305883938,0,0,0,0
20312,247.377305883938,0,0,0,0
20313,243.017305883938,0,0,0,0
20314,243.017305883938,0,0,0,0
20315,258.417305883938,0,0,0,0
20316,248.907305883938,0,0,0,0
20317,254.827305883938,0,0,0,0
20318,269.437305883938,0,0,0,0
20319,249.387305883938,0,0,0,0
20320,261.057305883938,0,0,0,0
20321,232.367305883938,0,0,0,0
20322,225.997305883938,0,0,0,0
20323,240.467305883938,0,0,0,0
20324,236.507305883938,0,0,0,0
20325,226.167305883938,0,0,0,0
20326,236.217305883938,0,0,0,0
20327,220.727305883938,0,0,0,0
20328,228.997305883938,0,0,0,0
20329,235.767305883938,0,0,0,0
20330,214.107305883938,0,0,0,0
20331,235.227305883938,0,0,0,0
20332,237.637305883938,0,0,0,0
20333,212.797305883938,0,0,0,0
20334,227.327305883938,0,0,0,0
20335,226.877305883938,0,0,0,0
20336,212.097305883938,0,0,0,0
20337,201.817305883938,0,0,0,0
20338,200.057305883938,0,0,0,0
20339,198.667305883938,0,0,0,0
20340,201.927305883938,0,0,0,0
20341,200.847305883938,0,0,0,0
20342,206.567305883938,0,0,0,0
20343,192.727305883938,0,0,0,0
20344,201.757305883938,0,0,0,0
20345,201.357305883938,0,0,0,0
20346,202.577305883938,0,0,0,0
20347,211.447305883938,0,0,0,0
20348,188.507305883938,0,0,0,0
20349,181.707305883938,0,0,0,0
20350,187.117305883938,0,0,0,0
20351,182.587305883938,0,0,0,0
20352,181.197305883938,0,0,0,0
20353,189.947305883938,0,0,0,0
20354,208.777305883938,0,0,0,0
20355,228.577305883938,0,0,0,0
20356,239.277305883938,0,0,0,0
20357,238.707305883938,0,0,0,0
20358,230.587305883938,0,0,0,0
20359,212.657305883938,0,0,0,0
20360,218.437305883938,0,0,0,0
20361,218.067305883938,0,0,0,0
20362,225.717305883938,0,0,0,0
20363,214.247305883938,0,0,0,0
20364,190.287305883938,0,0,0,0
20365,199.467305883938,0,0,0,0
20366,199.347305883938,0,0,0,0
20367,203.087305883938,0,0,0,0
20368,197.457305883938,0,0,0,0
20369,196.467305883938,0,0,0,0
20370,199.637305883938,0,0,0,0
20371,216.877305883938,0,0,0,0
20372,221.837305883938,0,0,0,0
20373,229.307305883938,0,0,0,0
20374,218.177305883938,0,0,0,0
20375,195.247305883938,0,0,0,0
20376,200.517305883938,0,0,0,0
20377,193.487305883938,0,0,0,0
20378,199.067305883938,0,0,0,0
20379,198.137305883938,0,0,0,0
20380,161.207305883938,0,0,0,0
20381,177.857305883938,0,0,0,0
20382,168.967305883938,0,0,0,0
20383,167.067305883938,0,0,0,0
20384,160.417305883938,0,0,0,0
20385,164.347305883938,0,0,0,0
20386,154.867305883938,0,0,0,0
20387,141.247305883938,0,0,0,0
20388,162.027305883938,0,0,0,0
20389,150.217305883938,0,0,0,0
20390,151.807305883938,0,0,0,0
20391,155.287305883938,0,0,0,0
20392,148.267305883938,0,0,0,0
20393,134.877305883938,0,0,0,0
20394,140.707305883938,0,0,0,0
20395,136.917305883938,0,0,0,0
20396,143.057305883938,0,0,0,0
20397,145.377305883938,0,0,0,0
20398,135.917305883938,0,0,0,0
20399,144.817305883938,0,0,0,0
20400,138.267305883938,0,0,0,0
20401,120.097305883938,0,0,0,0
20402,78.5773058839382,0,0,0,0
20403,118.197305883938,0,0,0,0
20404,121.137305883938,0,0,0,0
20405,119.587305883938,0,0,0,0
20406,117.547305883938,0,0,0,0
20407,128.387305883938,0,0,0,0
20408,123.997305883938,0,0,0,0
20409,117.937305883938,0,0,0,0
20410,122.617305883938,0,0,0,0
20411,120.287305883938,0,0,0,0
20412,124.847305883938,0,0,0,0
20413,125.137305883938,0,0,0,0
20414,121.107305883938,0,0,0,0
20415,111.857305883938,0,0,0,0
20416,118.847305883938,0,0,0,0
20417,116.067305883938,0,0,0,0
20418,114.797305883938,0,0,0,0
20419,121.617305883938,0,0,0,0
20420,119.157305883938,0,0,0,0
20421,119.637305883938,0,0,0,0
20422,122.247305883938,0,0,0,0
20423,109.277305883938,0,0,0,0
20424,103.357305883938,0,0,0,0
20425,92.5673058839382,0,0,0,0
20426,101.767305883938,0,0,0,0
20427,103.127305883938,0,0,0,0
20428,95.6573058839382,0,0,0,0
20429,87.6173058839382,0,0,0,0
20430,96.9873058839382,0,0,0,0
20431,114.487305883938,0,0,0,0
20432,104.097305883938,0,0,0,0
20433,114.177305883938,0,0,0,0
20434,114.827305883938,0,0,0,0
20435,127.487305883938,0,0,0,0
20436,126.007305883938,0,0,0,0
20437,131.757305883938,0,0,0,0
20438,122.977305883938,0,0,0,0
20439,120.937305883938,0,0,0,0
20440,126.887305883938,0,0,0,0
20441,113.867305883938,0,0,0,0
20442,89.5073058839382,0,0,0,0
20443,78.7173058839382,0,0,0,0
20444,86.9073058839382,0,0,0,0
20445,86.7373058839382,0,0,0,0
20446,65.8073058839382,0,0,0,0
20447,63.9073058839382,0,0,0,0
20448,59.9473058839382,0,0,0,0
20449,181.317305883938,0,0,0,0
20450,285.007305883938,0,0,0,0
20451,160.157305883938,0,0,0,0
20452,973.727305883938,0,0,0,0
20453,371.947305883938,0,0,0,0
20454,323.037305883938,0,0,0,0
20455,902.907305883938,0,0,0,0
20456,862.727305883938,0,0,0,0
20457,1149.54730588394,0,0,0,0
20458,1274.76730588394,0,0,0,0
20459,1308.60730588394,0,0,0,0
20460,1310.75730588394,0,0,0,0
20461,1305.68730588394,0,0,0,0
20462,1387.21730588394,0,0,0,0
20463,1353.00730588394,0,0,0,0
20464,1381.23730588394,0,0,0,0
20465,1345.67730588394,0,0,0,0
20466,1371.52730588394,0,0,0,0
20467,1190.60730588394,0,0,0,0
20468,948.727305883938,0,0,0,0
20469,805.137305883938,0,0,0,0
20470,682.177305883938,0,0,0,0
20471,577.837305883938,0,0,0,0
20472,457.407305883938,0,0,0,0
20473,411.187305883938,0,0,0,0
20474,305.537305883938,0,0,0,0
20475,292.857305883938,0,0,0,0
20476,225.347305883938,0,0,0,0
20477,206.967305883938,0,0,0,0
20478,176.787305883938,0,0,0,0
20479,170.097305883938,0,0,0,0
20480,168.827305883938,0,0,0,0
20481,196.547305883938,0,0,0,0
20482,221.527305883938,0,0,0,0
20483,210.137305883938,0,0,0,0
20484,290.277305883938,0,0,0,0
20485,330.517305883938,0,0,0,0
20486,276.257305883938,0,0,0,0
20487,329.097305883938,0,0,0,0
20488,647.067305883938,0,0,0,0
20489,810.967305883938,0,0,0,0
20490,808.817305883938,0,0,0,0
20491,820.367305883938,0,0,0,0
20492,686.737305883938,0,0,0,0
20493,599.267305883938,0,0,0,0
20494,406.097305883938,0,0,0,0
20495,390.857305883938,0,0,0,0
20496,300.077305883938,0,0,0,0
20497,250.547305883938,0,0,0,0
20498,216.087305883938,0,0,0,0
20499,167.577305883938,0,0,0,0
20500,104.827305883938,0,0,0,0
20501,94.9473058839382,0,0,0,0
20502,85.5173058839382,0,0,0,0
20503,76.7973058839383,0,0,0,0
20504,69.6873058839383,0,0,0,0
20505,64.0773058839382,0,0,0,0
20506,63.8573058839382,0,0,0,0
20507,66.2073058839382,0,0,0,0
20508,60.4573058839382,0,0,0,0
20509,64.8473058839382,0,0,0,0
20510,61.1373058839382,0,0,0,0
20511,64.2773058839382,0,0,0,0
20512,155.407305883938,0,0,0,0
20513,273.427305883938,0,0,0,0
20514,289.367305883938,0,0,0,0
20515,280.227305883938,0,0,0,0
20516,502.117305883938,0,0,0,0
20517,588.367305883938,0,0,0,0
20518,580.267305883938,0,0,0,0
20519,661.627305883938,0,0,0,0
20520,888.327305883938,0,0,0,0
20521,866.807305883938,0,0,0,0
20522,803.517305883938,0,0,0,0
20523,788.397305883938,0,0,0,0
20524,810.567305883938,0,0,0,0
20525,794.057305883938,0,0,0,0
20526,810.627305883938,0,0,0,0
20527,669.127305883938,0,0,0,0
20528,576.307305883938,0,0,0,0
20529,605.557305883938,0,0,0,0
20530,584.147305883938,0,0,0,0
20531,612.297305883938,0,0,0,0
20532,593.637305883938,0,0,0,0
20533,648.457305883938,0,0,0,0
20534,658.627305883938,0,0,0,0
20535,646.897305883938,0,0,0,0
20536,670.997305883938,0,0,0,0
20537,578.767305883938,0,0,0,0
20538,529.247305883938,0,0,0,0
20539,583.357305883938,0,0,0,0
20540,542.637305883938,0,0,0,0
20541,581.997305883938,0,0,0,0
20542,589.217305883938,0,0,0,0
20543,589.217305883938,0,0,0,0
20544,585.337305883938,0,0,0,0
20545,549.487305883938,0,0,0,0
20546,544.307305883938,0,0,0,0
20547,583.437305883938,0,0,0,0
20548,960.257305883938,0,0,0,0
20549,1050.41730588394,0,0,0,0
20550,1054.00730588394,0,0,0,0
20551,1067.85730588394,0,0,0,0
20552,1047.92730588394,0,0,0,0
20553,1038.80730588394,0,0,0,0
20554,1058.39730588394,0,0,0,0
20555,880.937305883938,0,0,0,0
20556,488.017305883938,0,0,0,0
20557,1073.71730588394,0,0,0,0
20558,1032.09730588394,0,0,0,0
20559,1007.31730588394,0,0,0,0
20560,820.967305883938,0,0,0,0
20561,719.927305883938,0,0,0,0
20562,783.107305883938,0,0,0,0
20563,726.017305883938,0,0,0,0
20564,767.157305883938,0,0,0,0
20565,574.917305883938,0,0,0,0
20566,607.647305883938,0,0,0,0
20567,504.187305883938,0,0,0,0
20568,519.307305883938,0,0,0,0
20569,513.557305883938,0,0,0,0
20570,570.807305883938,0,0,0,0
20571,583.157305883938,0,0,0,0
20572,411.047305883938,0,0,0,0
20573,305.287305883938,0,0,0,0
20574,247.827305883938,0,0,0,0
20575,230.587305883938,0,0,0,0
20576,153.307305883938,0,0,0,0
20577,95.9373058839383,0,0,0,0
20578,56.4073058839382,0,0,0,0
20579,67.6173058839382,0,0,0,0
20580,68.2173058839382,0,0,0,0
20581,233.187305883938,0,0,0,0
20582,264.367305883938,0,0,0,0
20583,301.517305883938,0,0,0,0
20584,301.857305883938,0,0,0,0
20585,277.907305883938,0,0,0,0
20586,260.657305883938,0,0,0,0
20587,240.807305883938,0,0,0,0
20588,225.087305883938,0,0,0,0
20589,228.577305883938,0,0,0,0
20590,257.317305883938,0,0,0,0
20591,253.837305883938,0,0,0,0
20592,266.437305883938,0,0,0,0
20593,328.677305883938,0,0,0,0
20594,307.977305883938,0,0,0,0
20595,313.267305883938,0,0,0,0
20596,303.447305883938,0,0,0,0
20597,324.057305883938,0,0,0,0
20598,207.957305883938,0,0,0,0
20599,273.257305883938,0,0,0,0
20600,272.747305883938,0,0,0,0
20601,269.547305883938,0,0,0,0
20602,276.177305883938,0,0,0,0
20603,275.667305883938,0,0,0,0
20604,278.667305883938,0,0,0,0
20605,299.427305883938,0,0,0,0
20606,292.657305883938,0,0,0,0
20607,295.717305883938,0,0,0,0
20608,292.967305883938,0,0,0,0
20609,275.887305883938,0,0,0,0
20610,288.637305883938,0,0,0,0
20611,278.217305883938,0,0,0,0
20612,281.387305883938,0,0,0,0
20613,304.177305883938,0,0,0,0
20614,286.877305883938,0,0,0,0
20615,294.837305883938,0,0,0,0
20616,293.027305883938,0,0,0,0
20617,276.377305883938,0,0,0,0
20618,278.747305883938,0,0,0,0
20619,285.097305883938,0,0,0,0
20620,314.407305883938,0,0,0,0
20621,264.427305883938,0,0,0,0
20622,308.487305883938,0,0,0,0
20623,302.987305883938,0,0,0,0
20624,323.067305883938,0,0,0,0
20625,329.127305883938,0,0,0,0
20626,346.737305883938,0,0,0,0
20627,348.557305883938,0,0,0,0
20628,362.087305883938,0,0,0,0
20629,323.157305883938,0,0,0,0
20630,383.747305883938,0,0,0,0
20631,364.037305883938,0,0,0,0
20632,332.557305883938,0,0,0,0
20633,318.737305883938,0,0,0,0
20634,323.327305883938,0,0,0,0
20635,310.837305883938,0,0,0,0
20636,327.457305883938,0,0,0,0
20637,320.717305883938,0,0,0,0
20638,325.787305883938,0,0,0,0
20639,321.537305883938,0,0,0,0
20640,321.817305883938,0,0,0,0
20641,315.257305883938,0,0,0,0
20642,327.087305883938,0,0,0,0
20643,333.347305883938,0,0,0,0
20644,328.077305883938,0,0,0,0
20645,321.907305883938,0,0,0,0
20646,332.697305883938,0,0,0,0
20647,314.657305883938,0,0,0,0
20648,323.327305883938,0,0,0,0
20649,352.577305883938,0,0,0,0
20650,356.057305883938,0,0,0,0
20651,345.717305883938,0,0,0,0
20652,352.037305883938,0,0,0,0
20653,384.257305883938,0,0,0,0
20654,364.437305883938,0,0,0,0
20655,370.637305883938,0,0,0,0
20656,372.337305883938,0,0,0,0
20657,370.417305883938,0,0,0,0
20658,355.777305883938,0,0,0,0
20659,367.097305883938,0,0,0,0
20660,344.957305883938,0,0,0,0
20661,377.747305883938,0,0,0,0
20662,354.557305883938,0,0,0,0
20663,357.837305883938,0,0,0,0
20664,353.107305883938,0,0,0,0
20665,370.047305883938,0,0,0,0
20666,346.827305883938,0,0,0,0
20667,355.147305883938,0,0,0,0
20668,346.907305883938,0,0,0,0
20669,340.287305883938,0,0,0,0
20670,321.337305883938,0,0,0,0
20671,334.277305883938,0,0,0,0
20672,355.827305883938,0,0,0,0
20673,324.317305883938,0,0,0,0
20674,340.087305883938,0,0,0,0
20675,348.607305883938,0,0,0,0
20676,329.667305883938,0,0,0,0
20677,331.477305883938,0,0,0,0
20678,329.327305883938,0,0,0,0
20679,316.727305883938,0,0,0,0
20680,302.767305883938,0,0,0,0
20681,301.577305883938,0,0,0,0
20682,298.237305883938,0,0,0,0
20683,290.357305883938,0,0,0,0
20684,311.857305883938,0,0,0,0
20685,302.137305883938,0,0,0,0
20686,301.657305883938,0,0,0,0
20687,305.797305883938,0,0,0,0
20688,304.747305883938,0,0,0,0
20689,290.277305883938,0,0,0,0
20690,274.447305883938,0,0,0,0
20691,251.767305883938,0,0,0,0
20692,242.057305883938,0,0,0,0
20693,242.197305883938,0,0,0,0
20694,249.387305883938,0,0,0,0
20695,223.107305883938,0,0,0,0
20696,230.957305883938,0,0,0,0
20697,242.367305883938,0,0,0,0
20698,247.287305883938,0,0,0,0
20699,223.567305883938,0,0,0,0
20700,260.457305883938,0,0,0,0
20701,229.197305883938,0,0,0,0
20702,249.757305883938,0,0,0,0
20703,224.747305883938,0,0,0,0
20704,197.257305883938,0,0,0,0
20705,199.067305883938,0,0,0,0
20706,211.757305883938,0,0,0,0
20707,205.157305883938,0,0,0,0
20708,209.547305883938,0,0,0,0
20709,199.887305883938,0,0,0,0
20710,202.157305883938,0,0,0,0
20711,169.167305883938,0,0,0,0
20712,191.537305883938,0,0,0,0
20713,197.487305883938,0,0,0,0
20714,181.507305883938,0,0,0,0
20715,175.337305883938,0,0,0,0
20716,185.477305883938,0,0,0,0
20717,162.677305883938,0,0,0,0
20718,169.957305883938,0,0,0,0
20719,160.187305883938,0,0,0,0
20720,160.077305883938,0,0,0,0
20721,154.047305883938,0,0,0,0
20722,155.937305883938,0,0,0,0
20723,154.077305883938,0,0,0,0
20724,144.247305883938,0,0,0,0
20725,137.987305883938,0,0,0,0
20726,123.517305883938,0,0,0,0
20727,128.587305883938,0,0,0,0
20728,136.627305883938,0,0,0,0
20729,189.557305883938,0,0,0,0
20730,186.887305883938,0,0,0,0
20731,169.167305883938,0,0,0,0
20732,188.537305883938,0,0,0,0
20733,172.787305883938,0,0,0,0
20734,172.137305883938,0,0,0,0
20735,185.217305883938,0,0,0,0
20736,163.137305883938,0,0,0,0
20737,162.737305883938,0,0,0,0
20738,164.687305883938,0,0,0,0
20739,148.017305883938,0,0,0,0
20740,157.927305883938,0,0,0,0
20741,153.337305883938,0,0,0,0
20742,159.647305883938,0,0,0,0
20743,150.817305883938,0,0,0,0
20744,146.567305883938,0,0,0,0
20745,150.537305883938,0,0,0,0
20746,130.397305883938,0,0,0,0
20747,127.657305883938,0,0,0,0
20748,128.507305883938,0,0,0,0
20749,143.257305883938,0,0,0,0
20750,133.687305883938,0,0,0,0
20751,146.087305883938,0,0,0,0
20752,135.217305883938,0,0,0,0
20753,141.467305883938,0,0,0,0
20754,142.297305883938,0,0,0,0
20755,145.947305883938,0,0,0,0
20756,94.8673058839382,0,0,0,0
20757,97.6373058839382,0,0,0,0
20758,152.937305883938,0,0,0,0
20759,152.347305883938,0,0,0,0
20760,148.267305883938,0,0,0,0
20761,145.717305883938,0,0,0,0
20762,156.337305883938,0,0,0,0
20763,145.887305883938,0,0,0,0
20764,151.947305883938,0,0,0,0
20765,141.297305883938,0,0,0,0
20766,141.617305883938,0,0,0,0
20767,149.207305883938,0,0,0,0
20768,149.657305883938,0,0,0,0
20769,150.987305883938,0,0,0,0
20770,176.017305883938,0,0,0,0
20771,134.307305883938,0,0,0,0
20772,121.337305883938,0,0,0,0
20773,111.707305883938,0,0,0,0
20774,149.427305883938,0,0,0,0
20775,141.957305883938,0,0,0,0
20776,144.527305883938,0,0,0,0
20777,150.027305883938,0,0,0,0
20778,139.407305883938,0,0,0,0
20779,145.207305883938,0,0,0,0
20780,142.467305883938,0,0,0,0
20781,151.437305883938,0,0,0,0
20782,146.907305883938,0,0,0,0
20783,150.307305883938,0,0,0,0
20784,144.477305883938,0,0,0,0
20785,143.117305883938,0,0,0,0
20786,149.227305883938,0,0,0,0
20787,157.357305883938,0,0,0,0
20788,151.947305883938,0,0,0,0
20789,147.107305883938,0,0,0,0
20790,143.847305883938,0,0,0,0
20791,160.787305883938,0,0,0,0
20792,140.307305883938,0,0,0,0
20793,145.347305883938,0,0,0,0
20794,146.007305883938,0,0,0,0
20795,147.727305883938,0,0,0,0
20796,144.387305883938,0,0,0,0
20797,151.327305883938,0,0,0,0
20798,150.957305883938,0,0,0,0
20799,145.577305883938,0,0,0,0
20800,141.157305883938,0,0,0,0
20801,125.957305883938,0,0,0,0
20802,111.937305883938,0,0,0,0
20803,103.667305883938,0,0,0,0
20804,104.947305883938,0,0,0,0
20805,122.297305883938,0,0,0,0
20806,137.507305883938,0,0,0,0
20807,122.897305883938,0,0,0,0
20808,139.547305883938,0,0,0,0
20809,121.907305883938,0,0,0,0
20810,121.307305883938,0,0,0,0
20811,116.267305883938,0,0,0,0
20812,125.927305883938,0,0,0,0
20813,127.567305883938,0,0,0,0
20814,125.787305883938,0,0,0,0
20815,112.617305883938,0,0,0,0
20816,121.537305883938,0,0,0,0
20817,100.187305883938,0,0,0,0
20818,106.637305883938,0,0,0,0
20819,125.077305883938,0,0,0,0
20820,135.897305883938,0,0,0,0
20821,138.127305883938,0,0,0,0
20822,129.377305883938,0,0,0,0
20823,158.207305883938,0,0,0,0
20824,141.387305883938,0,0,0,0
20825,133.207305883938,0,0,0,0
20826,130.007305883938,0,0,0,0
20827,116.067305883938,0,0,0,0
20828,124.257305883938,0,0,0,0
20829,114.117305883938,0,0,0,0
20830,117.907305883938,0,0,0,0
20831,128.897305883938,0,0,0,0
20832,128.137305883938,0,0,0,0
20833,118.707305883938,0,0,0,0
20834,120.147305883938,0,0,0,0
20835,116.127305883938,0,0,0,0
20836,123.517305883938,0,0,0,0
20837,124.767305883938,0,0,0,0
20838,134.987305883938,0,0,0,0
20839,129.377305883938,0,0,0,0
20840,125.247305883938,0,0,0,0
20841,118.137305883938,0,0,0,0
20842,136.177305883938,0,0,0,0
20843,138.947305883938,0,0,0,0
20844,135.727305883938,0,0,0,0
20845,134.877305883938,0,0,0,0
20846,131.027305883938,0,0,0,0
20847,131.027305883938,0,0,0,0
20848,131.757305883938,0,0,0,0
20849,128.277305883938,0,0,0,0
20850,128.167305883938,0,0,0,0
20851,136.377305883938,0,0,0,0
20852,143.907305883938,0,0,0,0
20853,143.167305883938,0,0,0,0
20854,133.967305883938,0,0,0,0
20855,141.837305883938,0,0,0,0
20856,149.457305883938,0,0,0,0
20857,140.167305883938,0,0,0,0
20858,137.707305883938,0,0,0,0
20859,111.537305883938,0,0,0,0
20860,122.157305883938,0,0,0,0
20861,63.7973058839382,0,0,0,0
20862,103.467305883938,0,0,0,0
20863,129.637305883938,0,0,0,0
20864,122.787305883938,0,0,0,0
20865,112.217305883938,0,0,0,0
20866,116.527305883938,0,0,0,0
20867,126.917305883938,0,0,0,0
20868,114.007305883938,0,0,0,0
20869,124.287305883938,0,0,0,0
20870,139.827305883938,0,0,0,0
20871,132.237305883938,0,0,0,0
20872,74.9873058839382,0,0,0,0
20873,78.2973058839383,0,0,0,0
20874,123.207305883938,0,0,0,0
20875,106.587305883938,0,0,0,0
20876,80.5573058839382,0,0,0,0
20877,131.137305883938,0,0,0,0
20878,129.017305883938,0,0,0,0
20879,117.287305883938,0,0,0,0
20880,116.867305883938,0,0,0,0
20881,114.797305883938,0,0,0,0
20882,100.637305883938,0,0,0,0
20883,121.937305883938,0,0,0,0
20884,118.107305883938,0,0,0,0
20885,124.767305883938,0,0,0,0
20886,113.437305883938,0,0,0,0
20887,117.887305883938,0,0,0,0
20888,107.997305883938,0,0,0,0
20889,121.937305883938,0,0,0,0
20890,111.877305883938,0,0,0,0
20891,112.447305883938,0,0,0,0
20892,121.767305883938,0,0,0,0
20893,114.227305883938,0,0,0,0
20894,118.647305883938,0,0,0,0
20895,118.417305883938,0,0,0,0
20896,105.847305883938,0,0,0,0
20897,114.087305883938,0,0,0,0
20898,112.277305883938,0,0,0,0
20899,124.817305883938,0,0,0,0
20900,116.897305883938,0,0,0,0
20901,113.037305883938,0,0,0,0
20902,127.027305883938,0,0,0,0
20903,158.207305883938,0,0,0,0
20904,144.617305883938,0,0,0,0
20905,163.787305883938,0,0,0,0
20906,162.427305883938,0,0,0,0
20907,144.957305883938,0,0,0,0
20908,163.477305883938,0,0,0,0
20909,175.677305883938,0,0,0,0
20910,193.407305883938,0,0,0,0
20911,191.197305883938,0,0,0,0
20912,192.977305883938,0,0,0,0
20913,196.857305883938,0,0,0,0
20914,211.277305883938,0,0,0,0
20915,214.247305883938,0,0,0,0
20916,208.947305883938,0,0,0,0
20917,207.677305883938,0,0,0,0
20918,222.887305883938,0,0,0,0
20919,213.707305883938,0,0,0,0
20920,224.697305883938,0,0,0,0
20921,229.987305883938,0,0,0,0
20922,228.887305883938,0,0,0,0
20923,226.197305883938,0,0,0,0
20924,218.097305883938,0,0,0,0
20925,223.367305883938,0,0,0,0
20926,223.107305883938,0,0,0,0
20927,234.267305883938,0,0,0,0
20928,228.457305883938,0,0,0,0
20929,211.357305883938,0,0,0,0
20930,211.447305883938,0,0,0,0
20931,203.227305883938,0,0,0,0
20932,206.907305883938,0,0,0,0
20933,202.837305883938,0,0,0,0
20934,207.227305883938,0,0,0,0
20935,214.727305883938,0,0,0,0
20936,213.457305883938,0,0,0,0
20937,219.877305883938,0,0,0,0
20938,187.457305883938,0,0,0,0
20939,222.317305883938,0,0,0,0
20940,217.647305883938,0,0,0,0
20941,234.637305883938,0,0,0,0
20942,298.917305883938,0,0,0,0
20943,263.097305883938,0,0,0,0
20944,251.287305883938,0,0,0,0
20945,264.277305883938,0,0,0,0
20946,252.277305883938,0,0,0,0
20947,253.837305883938,0,0,0,0
20948,257.737305883938,0,0,0,0
20949,254.487305883938,0,0,0,0
20950,266.657305883938,0,0,0,0
20951,269.917305883938,0,0,0,0
20952,280.987305883938,0,0,0,0
20953,308.877305883938,0,0,0,0
20954,328.647305883938,0,0,0,0
20955,290.167305883938,0,0,0,0
20956,278.727305883938,0,0,0,0
20957,259.127305883938,0,0,0,0
20958,261.027305883938,0,0,0,0
20959,261.027305883938,0,0,0,0
20960,255.617305883938,0,0,0,0
20961,257.287305883938,0,0,0,0
20962,259.267305883938,0,0,0,0
20963,255.187305883938,0,0,0,0
20964,273.877305883938,0,0,0,0
20965,264.737305883938,0,0,0,0
20966,280.597305883938,0,0,0,0
20967,283.537305883938,0,0,0,0
20968,235.227305883938,0,0,0,0
20969,296.417305883938,0,0,0,0
20970,293.137305883938,0,0,0,0
20971,286.627305883938,0,0,0,0
20972,284.447305883938,0,0,0,0
20973,294.187305883938,0,0,0,0
20974,298.517305883938,0,0,0,0
20975,299.427305883938,0,0,0,0
20976,296.757305883938,0,0,0,0
20977,289.997305883938,0,0,0,0
20978,291.837305883938,0,0,0,0
20979,292.257305883938,0,0,0,0
20980,295.657305883938,0,0,0,0
20981,293.787305883938,0,0,0,0
20982,297.727305883938,0,0,0,0
20983,277.877305883938,0,0,0,0
20984,292.057305883938,0,0,0,0
20985,314.317305883938,0,0,0,0
20986,344.787305883938,0,0,0,0
20987,336.887305883938,0,0,0,0
20988,337.027305883938,0,0,0,0
20989,338.417305883938,0,0,0,0
20990,330.037305883938,0,0,0,0
20991,331.617305883938,0,0,0,0
20992,341.327305883938,0,0,0,0
20993,337.737305883938,0,0,0,0
20994,342.297305883938,0,0,0,0
20995,329.917305883938,0,0,0,0
20996,352.597305883938,0,0,0,0
20997,323.097305883938,0,0,0,0
20998,359.707305883938,0,0,0,0
20999,374.977305883938,0,0,0,0
21000,376.837305883938,0,0,0,0
21001,372.617305883938,0,0,0,0
21002,377.377305883938,0,0,0,0
21003,378.337305883938,0,0,0,0
21004,395.757305883938,0,0,0,0
21005,378.767305883938,0,0,0,0
21006,368.827305883938,0,0,0,0
21007,386.867305883938,0,0,0,0
21008,370.097305883938,0,0,0,0
21009,373.867305883938,0,0,0,0
21010,385.027305883938,0,0,0,0
21011,372.257305883938,0,0,0,0
21012,365.397305883938,0,0,0,0
21013,385.307305883938,0,0,0,0
21014,364.607305883938,0,0,0,0
21015,372.877305883938,0,0,0,0
21016,392.867305883938,0,0,0,0
21017,373.417305883938,0,0,0,0
21018,372.677305883938,0,0,0,0
21019,370.667305883938,0,0,0,0
21020,369.087305883938,0,0,0,0
21021,372.197305883938,0,0,0,0
21022,362.537305883938,0,0,0,0
21023,371.207305883938,0,0,0,0
21024,364.097305883938,0,0,0,0
21025,374.377305883938,0,0,0,0
21026,369.537305883938,0,0,0,0
21027,359.907305883938,0,0,0,0
21028,323.947305883938,0,0,0,0
21029,328.137305883938,0,0,0,0
21030,321.537305883938,0,0,0,0
21031,324.657305883938,0,0,0,0
21032,324.087305883938,0,0,0,0
21033,342.177305883938,0,0,0,0
21034,345.327305883938,0,0,0,0
21035,336.547305883938,0,0,0,0
21036,330.177305883938,0,0,0,0
21037,348.727305883938,0,0,0,0
21038,342.517305883938,0,0,0,0
21039,330.317305883938,0,0,0,0
21040,330.857305883938,0,0,0,0
21041,334.847305883938,0,0,0,0
21042,322.667305883938,0,0,0,0
21043,332.467305883938,0,0,0,0
21044,293.757305883938,0,0,0,0
21045,344.017305883938,0,0,0,0
21046,267.677305883938,0,0,0,0
21047,270.147305883938,0,0,0,0
21048,273.767305883938,0,0,0,0
21049,251.457305883938,0,0,0,0
21050,249.867305883938,0,0,0,0
21051,258.077305883938,0,0,0,0
21052,246.587305883938,0,0,0,0
21053,241.547305883938,0,0,0,0
21054,244.147305883938,0,0,0,0
21055,236.897305883938,0,0,0,0
21056,224.467305883938,0,0,0,0
21057,237.467305883938,0,0,0,0
21058,226.477305883938,0,0,0,0
21059,227.357305883938,0,0,0,0
21060,261.507305883938,0,0,0,0
21061,249.837305883938,0,0,0,0
21062,242.107305883938,0,0,0,0
21063,249.927305883938,0,0,0,0
21064,252.277305883938,0,0,0,0
21065,254.087305883938,0,0,0,0
21066,246.357305883938,0,0,0,0
21067,246.357305883938,0,0,0,0
21068,251.397305883938,0,0,0,0
21069,234.267305883938,0,0,0,0
21070,234.377305883938,0,0,0,0
21071,222.397305883938,0,0,0,0
21072,226.537305883938,0,0,0,0
21073,220.047305883938,0,0,0,0
21074,212.747305883938,0,0,0,0
21075,218.917305883938,0,0,0,0
21076,198.667305883938,0,0,0,0
21077,203.037305883938,0,0,0,0
21078,199.157305883938,0,0,0,0
21079,159.167305883938,0,0,0,0
21080,191.907305883938,0,0,0,0
21081,209.287305883938,0,0,0,0
21082,203.597305883938,0,0,0,0
21083,201.357305883938,0,0,0,0
21084,190.407305883938,0,0,0,0
21085,196.127305883938,0,0,0,0
21086,198.987305883938,0,0,0,0
21087,188.587305883938,0,0,0,0
21088,195.467305883938,0,0,0,0
21089,186.837305883938,0,0,0,0
21090,192.927305883938,0,0,0,0
21091,194.477305883938,0,0,0,0
21092,187.627305883938,0,0,0,0
21093,189.897305883938,0,0,0,0
21094,185.787305883938,0,0,0,0
21095,185.167305883938,0,0,0,0
21096,172.877305883938,0,0,0,0
21097,177.947305883938,0,0,0,0
21098,178.937305883938,0,0,0,0
21099,186.157305883938,0,0,0,0
21100,175.817305883938,0,0,0,0
21101,175.447305883938,0,0,0,0
21102,116.237305883938,0,0,0,0
21103,116.237305883938,0,0,0,0
21104,144.497305883938,0,0,0,0
21105,158.717305883938,0,0,0,0
21106,159.117305883938,0,0,0,0
21107,162.677305883938,0,0,0,0
21108,159.597305883938,0,0,0,0
21109,131.197305883938,0,0,0,0
21110,134.567305883938,0,0,0,0
21111,140.307305883938,0,0,0,0
21112,141.557305883938,0,0,0,0
21113,130.367305883938,0,0,0,0
21114,142.127305883938,0,0,0,0
21115,130.057305883938,0,0,0,0
21116,126.947305883938,0,0,0,0
21117,124.907305883938,0,0,0,0
21118,146.847305883938,0,0,0,0
21119,133.937305883938,0,0,0,0
21120,131.787305883938,0,0,0,0
21121,143.317305883938,0,0,0,0
21122,135.837305883938,0,0,0,0
21123,129.097305883938,0,0,0,0
21124,130.147305883938,0,0,0,0
21125,135.947305883938,0,0,0,0
21126,133.257305883938,0,0,0,0
21127,134.507305883938,0,0,0,0
21128,135.527305883938,0,0,0,0
21129,137.027305883938,0,0,0,0
21130,136.207305883938,0,0,0,0
21131,130.687305883938,0,0,0,0
21132,136.177305883938,0,0,0,0
21133,134.227305883938,0,0,0,0
21134,135.807305883938,0,0,0,0
21135,140.427305883938,0,0,0,0
21136,133.627305883938,0,0,0,0
21137,136.797305883938,0,0,0,0
21138,136.967305883938,0,0,0,0
21139,135.917305883938,0,0,0,0
21140,137.737305883938,0,0,0,0
21141,140.567305883938,0,0,0,0
21142,138.267305883938,0,0,0,0
21143,142.517305883938,0,0,0,0
21144,160.667305883938,0,0,0,0
21145,131.077305883938,0,0,0,0
21146,136.767305883938,0,0,0,0
21147,137.617305883938,0,0,0,0
21148,142.237305883938,0,0,0,0
21149,135.267305883938,0,0,0,0
21150,140.477305883938,0,0,0,0
21151,127.147305883938,0,0,0,0
21152,135.327305883938,0,0,0,0
21153,136.407305883938,0,0,0,0
21154,153.057305883938,0,0,0,0
21155,151.977305883938,0,0,0,0
21156,145.007305883938,0,0,0,0
21157,141.467305883938,0,0,0,0
21158,142.857305883938,0,0,0,0
21159,141.957305883938,0,0,0,0
21160,152.567305883938,0,0,0,0
21161,135.387305883938,0,0,0,0
21162,129.977305883938,0,0,0,0
21163,139.717305883938,0,0,0,0
21164,134.537305883938,0,0,0,0
21165,126.577305883938,0,0,0,0
21166,118.167305883938,0,0,0,0
21167,123.437305883938,0,0,0,0
21168,123.147305883938,0,0,0,0
21169,130.737305883938,0,0,0,0
21170,124.847305883938,0,0,0,0
21171,80.8473058839382,0,0,0,0
21172,115.927305883938,0,0,0,0
21173,111.827305883938,0,0,0,0
21174,120.607305883938,0,0,0,0
21175,104.577305883938,0,0,0,0
21176,124.457305883938,0,0,0,0
21177,125.277305883938,0,0,0,0
21178,125.837305883938,0,0,0,0
21179,119.047305883938,0,0,0,0
21180,128.987305883938,0,0,0,0
21181,120.717305883938,0,0,0,0
21182,124.287305883938,0,0,0,0
21183,123.037305883938,0,0,0,0
21184,121.197305883938,0,0,0,0
21185,123.997305883938,0,0,0,0
21186,116.187305883938,0,0,0,0
21187,95.9673058839382,0,0,0,0
21188,95.9673058839382,0,0,0,0
21189,49.0173058839382,0,0,0,0
21190,60.8773058839382,0,0,0,0
21191,99.8773058839382,0,0,0,0
21192,95.3173058839382,0,0,0,0
21193,112.527305883938,0,0,0,0
21194,91.9173058839382,0,0,0,0
21195,103.587305883938,0,0,0,0
21196,96.1373058839382,0,0,0,0
21197,94.0673058839382,0,0,0,0
21198,100.587305883938,0,0,0,0
21199,93.0773058839382,0,0,0,0
21200,101.997305883938,0,0,0,0
21201,104.377305883938,0,0,0,0
21202,104.117305883938,0,0,0,0
21203,95.1973058839382,0,0,0,0
21204,83.1673058839382,0,0,0,0
21205,87.8073058839382,0,0,0,0
21206,98.2273058839382,0,0,0,0
21207,97.7773058839382,0,0,0,0
21208,113.547305883938,0,0,0,0
21209,93.6473058839382,0,0,0,0
21210,63.9673058839382,0,0,0,0
21211,60.0573058839382,0,0,0,0
21212,63.2373058839382,0,0,0,0
21213,63.3773058839382,0,0,0,0
21214,58.7273058839382,0,0,0,0
21215,57.9373058839382,0,0,0,0
21216,52.5573058839382,0,0,0,0
21217,59.4373058839382,0,0,0,0
21218,54.6573058839382,0,0,0,0
21219,60.9073058839382,0,0,0,0
21220,78.3573058839382,0,0,0,0
21221,77.3873058839382,0,0,0,0
21222,81.5273058839382,0,0,0,0
21223,85.7773058839382,0,0,0,0
21224,85.7973058839383,0,0,0,0
21225,78.7773058839382,0,0,0,0
21226,102.647305883938,0,0,0,0
21227,74.3573058839382,0,0,0,0
21228,99.8173058839382,0,0,0,0
21229,77.3873058839382,0,0,0,0
21230,69.4073058839382,0,0,0,0
21231,88.9773058839382,0,0,0,0
21232,90.8373058839382,0,0,0,0
21233,86.1373058839382,0,0,0,0
21234,88.5173058839382,0,0,0,0
21235,86.2273058839382,0,0,0,0
21236,101.287305883938,0,0,0,0
21237,65.1273058839382,0,0,0,0
21238,67.4773058839382,0,0,0,0
21239,34.4673058839382,0,0,0,0
21240,39.0173058839382,0,0,0,0
21241,46.4073058839382,0,0,0,0
21242,68.5873058839382,0,0,0,0
21243,28.7973058839382,0,0,0,0
21244,39.1673058839382,0,0,0,0
21245,83.9873058839382,0,0,0,0
21246,70.2573058839382,0,0,0,0
21247,79.3973058839382,0,0,0,0
21248,84.7273058839382,0,0,0,0
21249,85.9473058839382,0,0,0,0
21250,75.2373058839382,0,0,0,0
21251,68.5273058839382,0,0,0,0
21252,78.1873058839383,0,0,0,0
21253,84.5573058839382,0,0,0,0
21254,70.9073058839382,0,0,0,0
21255,81.5273058839382,0,0,0,0
21256,97.2973058839383,0,0,0,0
21257,91.0373058839382,0,0,0,0
21258,93.7873058839382,0,0,0,0
21259,85.2373058839382,0,0,0,0
21260,70.8773058839382,0,0,0,0
21261,83.1373058839382,0,0,0,0
21262,79.3173058839382,0,0,0,0
21263,86.6773058839382,0,0,0,0
21264,88.2973058839383,0,0,0,0
21265,93.7273058839382,0,0,0,0
21266,88.7173058839382,0,0,0,0
21267,91.0373058839382,0,0,0,0
21268,91.7173058839382,0,0,0,0
21269,96.6773058839382,0,0,0,0
21270,96.9273058839382,0,0,0,0
21271,83.5673058839382,0,0,0,0
21272,91.1573058839382,0,0,0,0
21273,83.2773058839382,0,0,0,0
21274,95.1473058839382,0,0,0,0
21275,112.247305883938,0,0,0,0
21276,112.787305883938,0,0,0,0
21277,135.067305883938,0,0,0,0
21278,116.127305883938,0,0,0,0
21279,110.777305883938,0,0,0,0
21280,143.817305883938,0,0,0,0
21281,152.717305883938,0,0,0,0
21282,152.767305883938,0,0,0,0
21283,175.087305883938,0,0,0,0
21284,183.017305883938,0,0,0,0
21285,192.777305883938,0,0,0,0
21286,206.487305883938,0,0,0,0
21287,191.507305883938,0,0,0,0
21288,191.227305883938,0,0,0,0
21289,198.387305883938,0,0,0,0
21290,200.657305883938,0,0,0,0
21291,202.777305883938,0,0,0,0
21292,198.327305883938,0,0,0,0
21293,201.217305883938,0,0,0,0
21294,205.437305883938,0,0,0,0
21295,207.367305883938,0,0,0,0
21296,197.057305883938,0,0,0,0
21297,190.317305883938,0,0,0,0
21298,202.407305883938,0,0,0,0
21299,193.007305883938,0,0,0,0
21300,195.047305883938,0,0,0,0
21301,194.257305883938,0,0,0,0
21302,195.757305883938,0,0,0,0
21303,206.287305883938,0,0,0,0
21304,215.207305883938,0,0,0,0
21305,211.387305883938,0,0,0,0
21306,204.027305883938,0,0,0,0
21307,214.417305883938,0,0,0,0
21308,227.727305883938,0,0,0,0
21309,225.377305883938,0,0,0,0
21310,220.587305883938,0,0,0,0
21311,242.477305883938,0,0,0,0
21312,222.287305883938,0,0,0,0
21313,231.747305883938,0,0,0,0
21314,233.047305883938,0,0,0,0
21315,231.547305883938,0,0,0,0
21316,235.117305883938,0,0,0,0
21317,231.997305883938,0,0,0,0
21318,228.007305883938,0,0,0,0
21319,259.497305883938,0,0,0,0
21320,295.007305883938,0,0,0,0
21321,237.887305883938,0,0,0,0
21322,241.087305883938,0,0,0,0
21323,268.697305883938,0,0,0,0
21324,272.637305883938,0,0,0,0
21325,279.517305883938,0,0,0,0
21326,273.487305883938,0,0,0,0
21327,247.747305883938,0,0,0,0
21328,281.387305883938,0,0,0,0
21329,275.467305883938,0,0,0,0
21330,273.397305883938,0,0,0,0
21331,267.967305883938,0,0,0,0
21332,279.967305883938,0,0,0,0
21333,268.157305883938,0,0,0,0
21334,278.897305883938,0,0,0,0
21335,281.727305883938,0,0,0,0
21336,268.137305883938,0,0,0,0
21337,281.387305883938,0,0,0,0
21338,287.837305883938,0,0,0,0
21339,252.727305883938,0,0,0,0
21340,272.837305883938,0,0,0,0
21341,262.777305883938,0,0,0,0
21342,260.827305883938,0,0,0,0
21343,252.187305883938,0,0,0,0
21344,257.377305883938,0,0,0,0
21345,258.137305883938,0,0,0,0
21346,270.507305883938,0,0,0,0
21347,285.947305883938,0,0,0,0
21348,288.807305883938,0,0,0,0
21349,268.187305883938,0,0,0,0
21350,292.207305883938,0,0,0,0
21351,275.237305883938,0,0,0,0
21352,284.637305883938,0,0,0,0
21353,310.127305883938,0,0,0,0
21354,325.867305883938,0,0,0,0
21355,331.417305883938,0,0,0,0
21356,330.487305883938,0,0,0,0
21357,324.737305883938,0,0,0,0
21358,360.817305883938,0,0,0,0
21359,335.327305883938,0,0,0,0
21360,341.447305883938,0,0,0,0
21361,323.547305883938,0,0,0,0
21362,329.267305883938,0,0,0,0
21363,320.377305883938,0,0,0,0
21364,331.367305883938,0,0,0,0
21365,326.127305883938,0,0,0,0
21366,297.097305883938,0,0,0,0
21367,347.537305883938,0,0,0,0
21368,337.707305883938,0,0,0,0
21369,313.637305883938,0,0,0,0
21370,332.917305883938,0,0,0,0
21371,336.177305883938,0,0,0,0
21372,328.337305883938,0,0,0,0
21373,331.057305883938,0,0,0,0
21374,330.117305883938,0,0,0,0
21375,332.047305883938,0,0,0,0
21376,332.437305883938,0,0,0,0
21377,332.217305883938,0,0,0,0
21378,327.427305883938,0,0,0,0
21379,340.677305883938,0,0,0,0
21380,336.287305883938,0,0,0,0
21381,334.507305883938,0,0,0,0
21382,314.917305883938,0,0,0,0
21383,314.287305883938,0,0,0,0
21384,318.087305883938,0,0,0,0
21385,302.167305883938,0,0,0,0
21386,313.217305883938,0,0,0,0
21387,327.567305883938,0,0,0,0
21388,287.557305883938,0,0,0,0
21389,282.457305883938,0,0,0,0
21390,293.787305883938,0,0,0,0
21391,292.517305883938,0,0,0,0
21392,282.657305883938,0,0,0,0
21393,274.477305883938,0,0,0,0
21394,278.637305883938,0,0,0,0
21395,277.787305883938,0,0,0,0
21396,273.347305883938,0,0,0,0
21397,262.867305883938,0,0,0,0
21398,269.807305883938,0,0,0,0
21399,264.707305883938,0,0,0,0
21400,258.927305883938,0,0,0,0
21401,234.667305883938,0,0,0,0
21402,255.477305883938,0,0,0,0
21403,257.057305883938,0,0,0,0
21404,241.687305883938,0,0,0,0
21405,249.157305883938,0,0,0,0
21406,257.767305883938,0,0,0,0
21407,232.627305883938,0,0,0,0
21408,244.287305883938,0,0,0,0
21409,237.357305883938,0,0,0,0
21410,244.517305883938,0,0,0,0
21411,249.307305883938,0,0,0,0
21412,237.667305883938,0,0,0,0
21413,237.207305883938,0,0,0,0
21414,226.057305883938,0,0,0,0
21415,227.387305883938,0,0,0,0
21416,242.567305883938,0,0,0,0
21417,242.367305883938,0,0,0,0
21418,230.617305883938,0,0,0,0
21419,219.567305883938,0,0,0,0
21420,213.567305883938,0,0,0,0
21421,202.667305883938,0,0,0,0
21422,209.287305883938,0,0,0,0
21423,218.687305883938,0,0,0,0
21424,219.597305883938,0,0,0,0
21425,217.617305883938,0,0,0,0
21426,205.127305883938,0,0,0,0
21427,211.017305883938,0,0,0,0
21428,193.887305883938,0,0,0,0
21429,176.697305883938,0,0,0,0
21430,190.487305883938,0,0,0,0
21431,192.387305883938,0,0,0,0
21432,183.067305883938,0,0,0,0
21433,193.147305883938,0,0,0,0
21434,180.297305883938,0,0,0,0
21435,169.557305883938,0,0,0,0
21436,166.387305883938,0,0,0,0
21437,164.747305883938,0,0,0,0
21438,155.747305883938,0,0,0,0
21439,155.917305883938,0,0,0,0
21440,161.547305883938,0,0,0,0
21441,160.697305883938,0,0,0,0
21442,157.217305883938,0,0,0,0
21443,157.277305883938,0,0,0,0
21444,153.227305883938,0,0,0,0
21445,155.377305883938,0,0,0,0
21446,147.167305883938,0,0,0,0
21447,141.497305883938,0,0,0,0
21448,153.817305883938,0,0,0,0
21449,138.807305883938,0,0,0,0
21450,153.927305883938,0,0,0,0
21451,136.087305883938,0,0,0,0
21452,134.677305883938,0,0,0,0
21453,132.637305883938,0,0,0,0
21454,127.657305883938,0,0,0,0
21455,140.137305883938,0,0,0,0
21456,133.857305883938,0,0,0,0
21457,135.127305883938,0,0,0,0
21458,135.917305883938,0,0,0,0
21459,140.137305883938,0,0,0,0
21460,136.087305883938,0,0,0,0
21461,132.667305883938,0,0,0,0
21462,132.527305883938,0,0,0,0
21463,131.677305883938,0,0,0,0
21464,127.087305883938,0,0,0,0
21465,131.957305883938,0,0,0,0
21466,132.917305883938,0,0,0,0
21467,118.197305883938,0,0,0,0
21468,124.967305883938,0,0,0,0
21469,117.717305883938,0,0,0,0
21470,120.747305883938,0,0,0,0
21471,127.457305883938,0,0,0,0
21472,118.167305883938,0,0,0,0
21473,117.967305883938,0,0,0,0
21474,141.447305883938,0,0,0,0
21475,162.737305883938,0,0,0,0
21476,153.927305883938,0,0,0,0
21477,153.027305883938,0,0,0,0
21478,157.977305883938,0,0,0,0
21479,145.007305883938,0,0,0,0
21480,143.117305883938,0,0,0,0
21481,146.117305883938,0,0,0,0
21482,152.567305883938,0,0,0,0
21483,151.297305883938,0,0,0,0
21484,164.667305883938,0,0,0,0
21485,158.037305883938,0,0,0,0
21486,152.967305883938,0,0,0,0
21487,155.917305883938,0,0,0,0
21488,170.067305883938,0,0,0,0
21489,154.267305883938,0,0,0,0
21490,147.357305883938,0,0,0,0
21491,99.5873058839382,0,0,0,0
21492,133.147305883938,0,0,0,0
21493,132.297305883938,0,0,0,0
21494,98.3173058839382,0,0,0,0
21495,107.517305883938,0,0,0,0
21496,119.927305883938,0,0,0,0
21497,112.847305883938,0,0,0,0
21498,111.177305883938,0,0,0,0
21499,97.7473058839382,0,0,0,0
21500,108.877305883938,0,0,0,0
21501,110.947305883938,0,0,0,0
21502,99.2273058839382,0,0,0,0
21503,89.0873058839382,0,0,0,0
21504,76.7073058839382,0,0,0,0
21505,73.6773058839382,0,0,0,0
21506,76.2573058839382,0,0,0,0
21507,68.0473058839383,0,0,0,0
21508,83.8173058839382,0,0,0,0
21509,72.2673058839382,0,0,0,0
21510,73.3373058839382,0,0,0,0
21511,70.1673058839382,0,0,0,0
21512,88.6073058839382,0,0,0,0
21513,88.1473058839382,0,0,0,0
21514,96.6473058839382,0,0,0,0
21515,91.1773058839382,0,0,0,0
21516,98.4873058839382,0,0,0,0
21517,109.557305883938,0,0,0,0
21518,101.967305883938,0,0,0,0
21519,96.7073058839382,0,0,0,0
21520,97.5773058839382,0,0,0,0
21521,96.4173058839382,0,0,0,0
21522,111.117305883938,0,0,0,0
21523,95.3673058839382,0,0,0,0
21524,95.3673058839382,0,0,0,0
21525,106.277305883938,0,0,0,0
21526,95.3173058839382,0,0,0,0
21527,62.6073058839382,0,0,0,0
21528,101.747305883938,0,0,0,0
21529,102.257305883938,0,0,0,0
21530,92.8473058839382,0,0,0,0
21531,93.2173058839382,0,0,0,0
21532,96.1073058839382,0,0,0,0
21533,96.4173058839382,0,0,0,0
21534,94.4973058839382,0,0,0,0
21535,105.397305883938,0,0,0,0
21536,103.927305883938,0,0,0,0
21537,118.137305883938,0,0,0,0
21538,98.9373058839383,0,0,0,0
21539,88.2073058839382,0,0,0,0
21540,98.9673058839382,0,0,0,0
21541,101.237305883938,0,0,0,0
21542,95.5673058839382,0,0,0,0
21543,98.1473058839382,0,0,0,0
21544,90.6473058839382,0,0,0,0
21545,101.597305883938,0,0,0,0
21546,100.047305883938,0,0,0,0
21547,100.077305883938,0,0,0,0
21548,86.3073058839382,0,0,0,0
21549,107.917305883938,0,0,0,0
21550,102.907305883938,0,0,0,0
21551,96.0273058839382,0,0,0,0
21552,89.0273058839382,0,0,0,0
21553,87.8373058839382,0,0,0,0
21554,85.7973058839383,0,0,0,0
21555,88.3773058839382,0,0,0,0
21556,86.1173058839382,0,0,0,0
21557,93.9873058839382,0,0,0,0
21558,87.7573058839382,0,0,0,0
21559,77.2473058839382,0,0,0,0
21560,72.6573058839382,0,0,0,0
21561,87.6173058839382,0,0,0,0
21562,86.9373058839383,0,0,0,0
21563,88.0373058839382,0,0,0,0
21564,74.0173058839382,0,0,0,0
21565,90.1573058839382,0,0,0,0
21566,89.0873058839382,0,0,0,0
21567,91.5173058839382,0,0,0,0
21568,90.1573058839382,0,0,0,0
21569,92.6773058839382,0,0,0,0
21570,91.9173058839382,0,0,0,0
21571,94.2073058839382,0,0,0,0
21572,100.557305883938,0,0,0,0
21573,91.8873058839382,0,0,0,0
21574,94.8673058839382,0,0,0,0
21575,97.9473058839382,0,0,0,0
21576,99.3673058839382,0,0,0,0
21577,82.2573058839382,0,0,0,0
21578,85.5773058839382,0,0,0,0
21579,83.2273058839382,0,0,0,0
21580,89.6773058839382,0,0,0,0
21581,89.9073058839382,0,0,0,0
21582,94.0373058839382,0,0,0,0
21583,93.4173058839382,0,0,0,0
21584,88.9773058839382,0,0,0,0
21585,90.3273058839382,0,0,0,0
21586,90.8373058839382,0,0,0,0
21587,80.2273058839382,0,0,0,0
21588,71.4173058839382,0,0,0,0
21589,76.4873058839382,0,0,0,0
21590,96.1073058839382,0,0,0,0
21591,99.3673058839382,0,0,0,0
21592,88.0673058839382,0,0,0,0
21593,90.5273058839382,0,0,0,0
21594,56.0373058839382,0,0,0,0
21595,74.9273058839382,0,0,0,0
21596,36.6973058839382,0,0,0,0
21597,56.8873058839382,0,0,0,0
21598,56.1273058839382,0,0,0,0
21599,60.0873058839382,0,0,0,0
21600,73.8473058839382,0,0,0,0
21601,43.2973058839382,0,0,0,0
21602,62.9173058839382,0,0,0,0
21603,54.3973058839382,0,0,0,0
21604,28.9673058839382,0,0,0,0
21605,20.8173058839382,0,0,0,0
21606,24.0373058839382,0,0,0,0
21607,16.9673058839382,0,0,0,0
21608,17.0173058839382,0,0,0,0
21609,20.4473058839382,0,0,0,0
21610,29.1973058839382,0,0,0,0
21611,19.2273058839382,0,0,0,0
21612,27.6073058839382,0,0,0,0
21613,25.7673058839382,0,0,0,0
21614,17.9573058839382,0,0,0,0
21615,36.1373058839382,0,0,0,0
21616,17.3573058839382,0,0,0,0
21617,15.8273058839382,0,0,0,0
21618,19.2573058839382,0,0,0,0
21619,50.2673058839382,0,0,0,0
21620,54.7373058839382,0,0,0,0
21621,86.2573058839382,0,0,0,0
21622,86.1973058839382,0,0,0,0
21623,85.0673058839382,0,0,0,0
21624,86.2773058839382,0,0,0,0
21625,79.2073058839382,0,0,0,0
21626,87.8373058839382,0,0,0,0
21627,76.9073058839382,0,0,0,0
21628,71.3273058839382,0,0,0,0
21629,62.6373058839382,0,0,0,0
21630,66.5773058839382,0,0,0,0
21631,62.8673058839382,0,0,0,0
21632,69.6273058839382,0,0,0,0
21633,90.2473058839382,0,0,0,0
21634,70.6273058839382,0,0,0,0
21635,91.9973058839382,0,0,0,0
21636,93.7273058839382,0,0,0,0
21637,83.3673058839382,0,0,0,0
21638,82.2073058839382,0,0,0,0
21639,89.1973058839382,0,0,0,0
21640,90.8673058839382,0,0,0,0
21641,127.287305883938,0,0,0,0
21642,136.377305883938,0,0,0,0
21643,143.087305883938,0,0,0,0
21644,122.017305883938,0,0,0,0
21645,121.987305883938,0,0,0,0
21646,116.527305883938,0,0,0,0
21647,117.887305883938,0,0,0,0
21648,137.677305883938,0,0,0,0
21649,156.597305883938,0,0,0,0
21650,101.407305883938,0,0,0,0
21651,116.067305883938,0,0,0,0
21652,128.447305883938,0,0,0,0
21653,166.727305883938,0,0,0,0
21654,146.827305883938,0,0,0,0
21655,137.057305883938,0,0,0,0
21656,153.307305883938,0,0,0,0
21657,173.527305883938,0,0,0,0
21658,174.437305883938,0,0,0,0
21659,175.787305883938,0,0,0,0
21660,172.337305883938,0,0,0,0
21661,176.527305883938,0,0,0,0
21662,126.517305883938,0,0,0,0
21663,147.277305883938,0,0,0,0
21664,196.607305883938,0,0,0,0
21665,196.747305883938,0,0,0,0
21666,294.067305883938,0,0,0,0
21667,213.767305883938,0,0,0,0
21668,215.007305883938,0,0,0,0
21669,215.637305883938,0,0,0,0
21670,219.707305883938,0,0,0,0
21671,251.907305883938,0,0,0,0
21672,211.077305883938,0,0,0,0
21673,175.277305883938,0,0,0,0
21674,180.127305883938,0,0,0,0
21675,170.577305883938,0,0,0,0
21676,155.407305883938,0,0,0,0
21677,169.587305883938,0,0,0,0
21678,199.297305883938,0,0,0,0
21679,193.887305883938,0,0,0,0
21680,178.167305883938,0,0,0,0
21681,200.087305883938,0,0,0,0
21682,203.737305883938,0,0,0,0
21683,188.167305883938,0,0,0,0
21684,201.527305883938,0,0,0,0
21685,208.437305883938,0,0,0,0
21686,239.167305883938,0,0,0,0
21687,241.397305883938,0,0,0,0
21688,239.707305883938,0,0,0,0
21689,242.567305883938,0,0,0,0
21690,248.537305883938,0,0,0,0
21691,242.167305883938,0,0,0,0
21692,241.767305883938,0,0,0,0
21693,245.167305883938,0,0,0,0
21694,242.507305883938,0,0,0,0
21695,245.137305883938,0,0,0,0
21696,239.587305883938,0,0,0,0
21697,249.587305883938,0,0,0,0
21698,247.147305883938,0,0,0,0
21699,240.637305883938,0,0,0,0
21700,242.957305883938,0,0,0,0
21701,233.587305883938,0,0,0,0
21702,242.647305883938,0,0,0,0
21703,263.347305883938,0,0,0,0
21704,233.417305883938,0,0,0,0
21705,288.637305883938,0,0,0,0
21706,281.777305883938,0,0,0,0
21707,267.567305883938,0,0,0,0
21708,271.137305883938,0,0,0,0
21709,277.137305883938,0,0,0,0
21710,255.277305883938,0,0,0,0
21711,278.837305883938,0,0,0,0
21712,281.727305883938,0,0,0,0
21713,280.057305883938,0,0,0,0
21714,271.987305883938,0,0,0,0
21715,296.057305883938,0,0,0,0
21716,287.187305883938,0,0,0,0
21717,253.687305883938,0,0,0,0
21718,253.717305883938,0,0,0,0
21719,275.407305883938,0,0,0,0
21720,266.377305883938,0,0,0,0
21721,284.807305883938,0,0,0,0
21722,272.157305883938,0,0,0,0
21723,277.787305883938,0,0,0,0
21724,289.457305883938,0,0,0,0
21725,288.437305883938,0,0,0,0
21726,297.297305883938,0,0,0,0
21727,313.267305883938,0,0,0,0
21728,336.747305883938,0,0,0,0
21729,311.997305883938,0,0,0,0
21730,311.287305883938,0,0,0,0
21731,310.237305883938,0,0,0,0
21732,325.817305883938,0,0,0,0
21733,323.887305883938,0,0,0,0
21734,301.887305883938,0,0,0,0
21735,302.457305883938,0,0,0,0
21736,307.467305883938,0,0,0,0
21737,291.637305883938,0,0,0,0
21738,334.617305883938,0,0,0,0
21739,313.777305883938,0,0,0,0
21740,312.787305883938,0,0,0,0
21741,307.837305883938,0,0,0,0
21742,310.407305883938,0,0,0,0
21743,321.847305883938,0,0,0,0
21744,321.167305883938,0,0,0,0
21745,343.737305883938,0,0,0,0
21746,297.837305883938,0,0,0,0
21747,304.267305883938,0,0,0,0
21748,311.257305883938,0,0,0,0
21749,337.287305883938,0,0,0,0
21750,321.647305883938,0,0,0,0
21751,308.347305883938,0,0,0,0
21752,310.547305883938,0,0,0,0
21753,297.977305883938,0,0,0,0
21754,296.077305883938,0,0,0,0
21755,307.347305883938,0,0,0,0
21756,303.787305883938,0,0,0,0
21757,326.917305883938,0,0,0,0
21758,296.647305883938,0,0,0,0
21759,303.817305883938,0,0,0,0
21760,310.717305883938,0,0,0,0
21761,305.167305883938,0,0,0,0
21762,291.377305883938,0,0,0,0
21763,298.207305883938,0,0,0,0
21764,296.247305883938,0,0,0,0
21765,296.987305883938,0,0,0,0
21766,326.667305883938,0,0,0,0
21767,294.357305883938,0,0,0,0
21768,292.657305883938,0,0,0,0
21769,267.567305883938,0,0,0,0
21770,286.337305883938,0,0,0,0
21771,286.317305883938,0,0,0,0
21772,271.507305883938,0,0,0,0
21773,261.417305883938,0,0,0,0
21774,317.147305883938,0,0,0,0
21775,320.517305883938,0,0,0,0
21776,249.387305883938,0,0,0,0
21777,248.197305883938,0,0,0,0
21778,256.527305883938,0,0,0,0
21779,254.517305883938,0,0,0,0
21780,249.077305883938,0,0,0,0
21781,251.427305883938,0,0,0,0
21782,255.247305883938,0,0,0,0
21783,239.927305883938,0,0,0,0
21784,239.197305883938,0,0,0,0
21785,244.287305883938,0,0,0,0
21786,244.747305883938,0,0,0,0
21787,237.717305883938,0,0,0,0
21788,242.447305883938,0,0,0,0
21789,214.727305883938,0,0,0,0
21790,251.767305883938,0,0,0,0
21791,221.157305883938,0,0,0,0
21792,196.147305883938,0,0,0,0
21793,182.817305883938,0,0,0,0
21794,221.297305883938,0,0,0,0
21795,188.107305883938,0,0,0,0
21796,210.397305883938,0,0,0,0
21797,154.637305883938,0,0,0,0
21798,176.897305883938,0,0,0,0
21799,168.827305883938,0,0,0,0
21800,172.707305883938,0,0,0,0
21801,184.827305883938,0,0,0,0
21802,178.967305883938,0,0,0,0
21803,180.007305883938,0,0,0,0
21804,181.627305883938,0,0,0,0
21805,183.437305883938,0,0,0,0
21806,166.817305883938,0,0,0,0
21807,149.147305883938,0,0,0,0
21808,148.947305883938,0,0,0,0
21809,149.457305883938,0,0,0,0
21810,148.297305883938,0,0,0,0
21811,142.237305883938,0,0,0,0
21812,141.467305883938,0,0,0,0
21813,143.627305883938,0,0,0,0
21814,138.157305883938,0,0,0,0
21815,133.257305883938,0,0,0,0
21816,128.847305883938,0,0,0,0
21817,130.317305883938,0,0,0,0
21818,124.987305883938,0,0,0,0
21819,121.567305883938,0,0,0,0
21820,119.807305883938,0,0,0,0
21821,129.747305883938,0,0,0,0
21822,115.507305883938,0,0,0,0
21823,119.017305883938,0,0,0,0
21824,155.687305883938,0,0,0,0
21825,155.037305883938,0,0,0,0
21826,160.807305883938,0,0,0,0
21827,164.127305883938,0,0,0,0
21828,165.997305883938,0,0,0,0
21829,166.447305883938,0,0,0,0
21830,161.687305883938,0,0,0,0
21831,149.857305883938,0,0,0,0
21832,164.547305883938,0,0,0,0
21833,155.917305883938,0,0,0,0
21834,173.017305883938,0,0,0,0
21835,160.867305883938,0,0,0,0
21836,172.737305883938,0,0,0,0
21837,147.727305883938,0,0,0,0
21838,134.397305883938,0,0,0,0
21839,149.287305883938,0,0,0,0
21840,170.777305883938,0,0,0,0
21841,131.817305883938,0,0,0,0
21842,167.157305883938,0,0,0,0
21843,145.977305883938,0,0,0,0
21844,141.467305883938,0,0,0,0
21845,142.147305883938,0,0,0,0
21846,146.597305883938,0,0,0,0
21847,149.657305883938,0,0,0,0
21848,141.247305883938,0,0,0,0
21849,152.827305883938,0,0,0,0
21850,152.147305883938,0,0,0,0
21851,160.667305883938,0,0,0,0
21852,155.687305883938,0,0,0,0
21853,143.907305883938,0,0,0,0
21854,141.277305883938,0,0,0,0
21855,134.927305883938,0,0,0,0
21856,147.587305883938,0,0,0,0
21857,150.277305883938,0,0,0,0
21858,150.927305883938,0,0,0,0
21859,138.897305883938,0,0,0,0
21860,145.467305883938,0,0,0,0
21861,144.727305883938,0,0,0,0
21862,139.947305883938,0,0,0,0
21863,135.297305883938,0,0,0,0
21864,137.367305883938,0,0,0,0
21865,143.317305883938,0,0,0,0
21866,132.377305883938,0,0,0,0
21867,131.417305883938,0,0,0,0
21868,136.937305883938,0,0,0,0
21869,112.527305883938,0,0,0,0
21870,126.347305883938,0,0,0,0
21871,123.967305883938,0,0,0,0
21872,126.777305883938,0,0,0,0
21873,106.357305883938,0,0,0,0
21874,101.427305883938,0,0,0,0
21875,102.477305883938,0,0,0,0
21876,95.3673058839382,0,0,0,0
21877,88.9173058839382,0,0,0,0
21878,94.0673058839382,0,0,0,0
21879,114.287305883938,0,0,0,0
21880,107.687305883938,0,0,0,0
21881,99.1973058839382,0,0,0,0
21882,93.5873058839382,0,0,0,0
21883,84.9773058839382,0,0,0,0
21884,90.9873058839382,0,0,0,0
21885,94.2373058839382,0,0,0,0
21886,91.5173058839382,0,0,0,0
21887,94.3273058839382,0,0,0,0
21888,89.0573058839382,0,0,0,0
21889,93.6973058839382,0,0,0,0
21890,81.2973058839383,0,0,0,0
21891,94.7173058839382,0,0,0,0
21892,93.4473058839382,0,0,0,0
21893,97.2973058839383,0,0,0,0
21894,91.2973058839383,0,0,0,0
21895,76.4273058839382,0,0,0,0
21896,75.8873058839382,0,0,0,0
21897,90.7573058839382,0,0,0,0
21898,93.9873058839382,0,0,0,0
21899,97.6973058839382,0,0,0,0
21900,86.5373058839382,0,0,0,0
21901,69.7973058839383,0,0,0,0
21902,76.8773058839382,0,0,0,0
21903,72.9773058839382,0,0,0,0
21904,91.9973058839382,0,0,0,0
21905,89.5673058839382,0,0,0,0
21906,91.6073058839382,0,0,0,0
21907,93.7573058839382,0,0,0,0
21908,97.2973058839383,0,0,0,0
21909,84.7573058839382,0,0,0,0
21910,85.2073058839382,0,0,0,0
21911,87.1273058839382,0,0,0,0
21912,90.2773058839382,0,0,0,0
21913,89.5373058839382,0,0,0,0
21914,90.5273058839382,0,0,0,0
21915,84.6373058839382,0,0,0,0
21916,76.6573058839382,0,0,0,0
21917,78.8073058839382,0,0,0,0
21918,74.2773058839382,0,0,0,0
21919,86.3673058839382,0,0,0,0
21920,87.6173058839382,0,0,0,0
21921,89.2273058839382,0,0,0,0
21922,86.0873058839382,0,0,0,0
21923,85.7973058839383,0,0,0,0
21924,76.9973058839382,0,0,0,0
21925,89.6273058839382,0,0,0,0
21926,83.3973058839382,0,0,0,0
21927,91.4673058839382,0,0,0,0
21928,65.3273058839382,0,0,0,0
21929,58.3873058839382,0,0,0,0
21930,76.4273058839382,0,0,0,0
21931,65.6073058839382,0,0,0,0
21932,49.4173058839382,0,0,0,0
21933,35.6773058839382,0,0,0,0
21934,31.2073058839382,0,0,0,0
21935,16.3373058839382,0,0,0,0
21936,29.8473058839382,0,0,0,0
21937,39.6473058839382,0,0,0,0
21938,46.1273058839382,0,0,0,0
21939,37.3473058839382,0,0,0,0
21940,30.0173058839382,0,0,0,0
21941,24.9473058839382,0,0,0,0
21942,9.03730588393824,0,0,0,0
21943,27.4073058839382,0,0,0,0
21944,39.8673058839382,0,0,0,0
21945,16.0873058839382,0,0,0,0
21946,57.6273058839382,0,0,0,0
21947,22.1473058839382,0,0,0,0
21948,18.5173058839382,0,0,0,0
21949,16.1173058839382,0,0,0,0
21950,28.2873058839382,0,0,0,0
21951,21.5173058839382,0,0,0,0
21952,8.66730588393824,0,0,0,0
21953,20.1373058839382,0,0,0,0
21954,22.9673058839382,0,0,0,0
21955,9.31730588393824,0,0,0,0
21956,9.00730588393824,0,0,0,0
21957,9.88730588393824,0,0,0,0
21958,24.6973058839382,0,0,0,0
21959,16.0573058839382,0,0,0,0
21960,22.0573058839382,0,0,0,0
21961,26.0773058839382,0,0,0,0
21962,40.0673058839382,0,0,0,0
21963,16.9873058839382,0,0,0,0
21964,32.3373058839382,0,0,0,0
21965,30.5573058839382,0,0,0,0
21966,24.6073058839382,0,0,0,0
21967,28.0073058839382,0,0,0,0
21968,85.7773058839382,0,0,0,0
21969,86.5973058839382,0,0,0,0
21970,63.9073058839382,0,0,0,0
21971,65.9473058839382,0,0,0,0
21972,35.1673058839382,0,0,0,0
21973,30.1573058839382,0,0,0,0
21974,20.0473058839382,0,0,0,0
21975,28.9173058839382,0,0,0,0
21976,12.5173058839382,0,0,0,0
21977,34.0073058839382,0,0,0,0
21978,42.7273058839382,0,0,0,0
21979,9.25730588393824,0,0,0,0
21980,47.8573058839382,0,0,0,0
21981,39.0473058839382,0,0,0,0
21982,44.1773058839382,0,0,0,0
21983,63.8273058839382,0,0,0,0
21984,59.8873058839382,0,0,0,0
21985,73.6573058839382,0,0,0,0
21986,68.2173058839382,0,0,0,0
21987,52.2173058839382,0,0,0,0
21988,88.2373058839382,0,0,0,0
21989,93.6473058839382,0,0,0,0
21990,76.4573058839382,0,0,0,0
21991,64.8773058839382,0,0,0,0
21992,81.2973058839383,0,0,0,0
21993,69.1473058839382,0,0,0,0
21994,78.7173058839382,0,0,0,0
21995,89.9673058839382,0,0,0,0
21996,97.9173058839382,0,0,0,0
21997,95.3473058839382,0,0,0,0
21998,86.6173058839382,0,0,0,0
21999,89.7673058839382,0,0,0,0
22000,81.4673058839382,0,0,0,0
22001,80.9273058839382,0,0,0,0
22002,73.3973058839382,0,0,0,0
22003,78.0173058839382,0,0,0,0
22004,87.9773058839382,0,0,0,0
22005,89.8173058839382,0,0,0,0
22006,79.9073058839382,0,0,0,0
22007,78.7173058839382,0,0,0,0
22008,70.6473058839382,0,0,0,0
22009,93.1873058839383,0,0,0,0
22010,92.3973058839382,0,0,0,0
22011,99.4773058839382,0,0,0,0
22012,74.3073058839382,0,0,0,0
22013,70.3973058839382,0,0,0,0
22014,80.0573058839382,0,0,0,0
22015,83.5073058839382,0,0,0,0
22016,86.9373058839383,0,0,0,0
22017,82.2373058839382,0,0,0,0
22018,74.8373058839382,0,0,0,0
22019,22.2573058839382,0,0,0,0
22020,22.1173058839382,0,0,0,0
22021,58.2473058839382,0,0,0,0
22022,62.6373058839382,0,0,0,0
22023,50.4073058839382,0,0,0,0
22024,60.0073058839382,0,0,0,0
22025,64.6773058839382,0,0,0,0
22026,93.0173058839382,0,0,0,0
22027,123.777305883938,0,0,0,0
22028,154.097305883938,0,0,0,0
22029,166.217305883938,0,0,0,0
22030,159.627305883938,0,0,0,0
22031,146.967305883938,0,0,0,0
22032,167.437305883938,0,0,0,0
22033,165.027305883938,0,0,0,0
22034,153.367305883938,0,0,0,0
22035,169.247305883938,0,0,0,0
22036,204.897305883938,0,0,0,0
22037,202.547305883938,0,0,0,0
22038,197.337305883938,0,0,0,0
22039,183.327305883938,0,0,0,0
22040,173.867305883938,0,0,0,0
22041,196.637305883938,0,0,0,0
22042,212.407305883938,0,0,0,0
22043,198.897305883938,0,0,0,0
22044,190.857305883938,0,0,0,0
22045,200.007305883938,0,0,0,0
22046,191.087305883938,0,0,0,0
22047,179.987305883938,0,0,0,0
22048,184.367305883938,0,0,0,0
22049,204.727305883938,0,0,0,0
22050,222.347305883938,0,0,0,0
22051,229.087305883938,0,0,0,0
22052,215.637305883938,0,0,0,0
22053,206.997305883938,0,0,0,0
22054,208.727305883938,0,0,0,0
22055,195.867305883938,0,0,0,0
22056,208.557305883938,0,0,0,0
22057,227.607305883938,0,0,0,0
22058,236.137305883938,0,0,0,0
22059,230.107305883938,0,0,0,0
22060,235.087305883938,0,0,0,0
22061,281.527305883938,0,0,0,0
22062,273.797305883938,0,0,0,0
22063,311.567305883938,0,0,0,0
22064,389.617305883938,0,0,0,0
22065,416.427305883938,0,0,0,0
22066,410.087305883938,0,0,0,0
22067,274.927305883938,0,0,0,0
22068,394.147305883938,0,0,0,0
22069,414.867305883938,0,0,0,0
22070,432.177305883938,0,0,0,0
22071,407.677305883938,0,0,0,0
22072,383.017305883938,0,0,0,0
22073,391.967305883938,0,0,0,0
22074,344.817305883938,0,0,0,0
22075,302.137305883938,0,0,0,0
22076,304.267305883938,0,0,0,0
22077,270.567305883938,0,0,0,0
22078,304.717305883938,0,0,0,0
22079,292.087305883938,0,0,0,0
22080,310.127305883938,0,0,0,0
22081,290.897305883938,0,0,0,0
22082,266.547305883938,0,0,0,0
22083,287.307305883938,0,0,0,0
22084,274.137305883938,0,0,0,0
22085,264.337305883938,0,0,0,0
22086,263.747305883938,0,0,0,0
22087,264.507305883938,0,0,0,0
22088,259.357305883938,0,0,0,0
22089,279.747305883938,0,0,0,0
22090,285.377305883938,0,0,0,0
22091,270.657305883938,0,0,0,0
22092,266.777305883938,0,0,0,0
22093,280.767305883938,0,0,0,0
22094,276.737305883938,0,0,0,0
22095,280.167305883938,0,0,0,0
22096,304.717305883938,0,0,0,0
22097,296.647305883938,0,0,0,0
22098,299.337305883938,0,0,0,0
22099,291.917305883938,0,0,0,0
22100,288.377305883938,0,0,0,0
22101,297.607305883938,0,0,0,0
22102,292.147305883938,0,0,0,0
22103,305.057305883938,0,0,0,0
22104,302.907305883938,0,0,0,0
22105,328.537305883938,0,0,0,0
22106,303.557305883938,0,0,0,0
22107,310.267305883938,0,0,0,0
22108,318.507305883938,0,0,0,0
22109,309.897305883938,0,0,0,0
22110,324.027305883938,0,0,0,0
22111,307.887305883938,0,0,0,0
22112,319.187305883938,0,0,0,0
22113,312.197305883938,0,0,0,0
22114,316.467305883938,0,0,0,0
22115,318.027305883938,0,0,0,0
22116,313.017305883938,0,0,0,0
22117,316.157305883938,0,0,0,0
22118,314.257305883938,0,0,0,0
22119,303.867305883938,0,0,0,0
22120,310.207305883938,0,0,0,0
22121,314.407305883938,0,0,0,0
22122,314.007305883938,0,0,0,0
22123,313.557305883938,0,0,0,0
22124,310.127305883938,0,0,0,0
22125,304.947305883938,0,0,0,0
22126,319.417305883938,0,0,0,0
22127,322.587305883938,0,0,0,0
22128,319.297305883938,0,0,0,0
22129,295.427305883938,0,0,0,0
22130,331.477305883938,0,0,0,0
22131,320.007305883938,0,0,0,0
22132,306.867305883938,0,0,0,0
22133,296.907305883938,0,0,0,0
22134,297.947305883938,0,0,0,0
22135,276.317305883938,0,0,0,0
22136,284.017305883938,0,0,0,0
22137,280.197305883938,0,0,0,0
22138,275.527305883938,0,0,0,0
22139,258.137305883938,0,0,0,0
22140,264.257305883938,0,0,0,0
22141,247.627305883938,0,0,0,0
22142,241.767305883938,0,0,0,0
22143,234.377305883938,0,0,0,0
22144,259.327305883938,0,0,0,0
22145,245.107305883938,0,0,0,0
22146,230.897305883938,0,0,0,0
22147,235.937305883938,0,0,0,0
22148,227.837305883938,0,0,0,0
22149,200.517305883938,0,0,0,0
22150,247.377305883938,0,0,0,0
22151,231.857305883938,0,0,0,0
22152,220.727305883938,0,0,0,0
22153,225.797305883938,0,0,0,0
22154,229.647305883938,0,0,0,0
22155,210.767305883938,0,0,0,0
22156,212.347305883938,0,0,0,0
22157,215.407305883938,0,0,0,0
22158,214.587305883938,0,0,0,0
22159,212.657305883938,0,0,0,0
22160,212.237305883938,0,0,0,0
22161,201.557305883938,0,0,0,0
22162,208.187305883938,0,0,0,0
22163,202.497305883938,0,0,0,0
22164,208.047305883938,0,0,0,0
22165,203.007305883938,0,0,0,0
22166,213.537305883938,0,0,0,0
22167,232.767305883938,0,0,0,0
22168,225.767305883938,0,0,0,0
22169,224.187305883938,0,0,0,0
22170,209.427305883938,0,0,0,0
22171,204.387305883938,0,0,0,0
22172,186.807305883938,0,0,0,0
22173,180.717305883938,0,0,0,0
22174,168.517305883938,0,0,0,0
22175,173.127305883938,0,0,0,0
22176,160.077305883938,0,0,0,0
22177,165.797305883938,0,0,0,0
22178,172.987305883938,0,0,0,0
22179,123.267305883938,0,0,0,0
22180,140.877305883938,0,0,0,0
22181,162.627305883938,0,0,0,0
22182,157.497305883938,0,0,0,0
22183,158.797305883938,0,0,0,0
22184,154.017305883938,0,0,0,0
22185,156.647305883938,0,0,0,0
22186,164.687305883938,0,0,0,0
22187,160.897305883938,0,0,0,0
22188,178.027305883938,0,0,0,0
22189,148.267305883938,0,0,0,0
22190,141.447305883938,0,0,0,0
22191,137.707305883938,0,0,0,0
22192,153.417305883938,0,0,0,0
22193,127.147305883938,0,0,0,0
22194,129.517305883938,0,0,0,0
22195,123.297305883938,0,0,0,0
22196,129.297305883938,0,0,0,0
22197,117.177305883938,0,0,0,0
22198,113.917305883938,0,0,0,0
22199,121.617305883938,0,0,0,0
22200,124.537305883938,0,0,0,0
22201,128.587305883938,0,0,0,0
22202,128.587305883938,0,0,0,0
22203,132.577305883938,0,0,0,0
22204,121.307305883938,0,0,0,0
22205,128.757305883938,0,0,0,0
22206,131.617305883938,0,0,0,0
22207,129.947305883938,0,0,0,0
22208,128.077305883938,0,0,0,0
22209,121.507305883938,0,0,0,0
22210,123.687305883938,0,0,0,0
22211,126.637305883938,0,0,0,0
22212,122.017305883938,0,0,0,0
22213,124.567305883938,0,0,0,0
22214,113.717305883938,0,0,0,0
22215,103.777305883938,0,0,0,0
22216,121.677305883938,0,0,0,0
22217,123.857305883938,0,0,0,0
22218,111.367305883938,0,0,0,0
22219,125.107305883938,0,0,0,0
22220,123.207305883938,0,0,0,0
22221,113.407305883938,0,0,0,0
22222,147.247305883938,0,0,0,0
22223,134.567305883938,0,0,0,0
22224,162.147305883938,0,0,0,0
22225,156.877305883938,0,0,0,0
22226,108.287305883938,0,0,0,0
22227,153.247305883938,0,0,0,0
22228,165.397305883938,0,0,0,0
22229,165.087305883938,0,0,0,0
22230,154.157305883938,0,0,0,0
22231,164.887305883938,0,0,0,0
22232,152.067305883938,0,0,0,0
22233,153.337305883938,0,0,0,0
22234,151.917305883938,0,0,0,0
22235,158.717305883938,0,0,0,0
22236,164.857305883938,0,0,0,0
22237,152.687305883938,0,0,0,0
22238,157.327305883938,0,0,0,0
22239,147.077305883938,0,0,0,0
22240,164.517305883938,0,0,0,0
22241,154.637305883938,0,0,0,0
22242,159.087305883938,0,0,0,0
22243,164.837305883938,0,0,0,0
22244,156.567305883938,0,0,0,0
22245,160.557305883938,0,0,0,0
22246,157.927305883938,0,0,0,0
22247,148.527305883938,0,0,0,0
22248,158.007305883938,0,0,0,0
22249,155.147305883938,0,0,0,0
22250,149.487305883938,0,0,0,0
22251,149.227305883938,0,0,0,0
22252,163.137305883938,0,0,0,0
22253,175.767305883938,0,0,0,0
22254,145.977305883938,0,0,0,0
22255,150.507305883938,0,0,0,0
22256,148.237305883938,0,0,0,0
22257,143.907305883938,0,0,0,0
22258,159.627305883938,0,0,0,0
22259,143.567305883938,0,0,0,0
22260,147.817305883938,0,0,0,0
22261,193.287305883938,0,0,0,0
22262,198.757305883938,0,0,0,0
22263,329.867305883938,0,0,0,0
22264,401.367305883938,0,0,0,0
22265,371.747305883938,0,0,0,0
22266,382.137305883938,0,0,0,0
22267,382.197305883938,0,0,0,0
22268,359.797305883938,0,0,0,0
22269,382.507305883938,0,0,0,0
22270,388.617305883938,0,0,0,0
22271,354.927305883938,0,0,0,0
22272,357.497305883938,0,0,0,0
22273,334.137305883938,0,0,0,0
22274,290.387305883938,0,0,0,0
22275,249.187305883938,0,0,0,0
22276,290.587305883938,0,0,0,0
22277,247.687305883938,0,0,0,0
22278,256.697305883938,0,0,0,0
22279,372.117305883938,0,0,0,0
22280,357.277305883938,0,0,0,0
22281,374.517305883938,0,0,0,0
22282,403.117305883938,0,0,0,0
22283,405.017305883938,0,0,0,0
22284,365.767305883938,0,0,0,0
22285,410.537305883938,0,0,0,0
22286,360.847305883938,0,0,0,0
22287,326.747305883938,0,0,0,0
22288,314.407305883938,0,0,0,0
22289,289.797305883938,0,0,0,0
22290,237.697305883938,0,0,0,0
22291,204.847305883938,0,0,0,0
22292,210.447305883938,0,0,0,0
22293,216.677305883938,0,0,0,0
22294,182.987305883938,0,0,0,0
22295,171.517305883938,0,0,0,0
22296,136.687305883938,0,0,0,0
22297,149.737305883938,0,0,0,0
22298,146.827305883938,0,0,0,0
22299,158.947305883938,0,0,0,0
22300,155.237305883938,0,0,0,0
22301,158.007305883938,0,0,0,0
22302,137.257305883938,0,0,0,0
22303,135.497305883938,0,0,0,0
22304,128.787305883938,0,0,0,0
22305,132.017305883938,0,0,0,0
22306,125.787305883938,0,0,0,0
22307,132.747305883938,0,0,0,0
22308,122.667305883938,0,0,0,0
22309,119.417305883938,0,0,0,0
22310,101.917305883938,0,0,0,0
22311,113.017305883938,0,0,0,0
22312,106.277305883938,0,0,0,0
22313,107.467305883938,0,0,0,0
22314,109.987305883938,0,0,0,0
22315,114.907305883938,0,0,0,0
22316,126.377305883938,0,0,0,0
22317,107.547305883938,0,0,0,0
22318,103.607305883938,0,0,0,0
22319,114.567305883938,0,0,0,0
22320,121.597305883938,0,0,0,0
22321,121.337305883938,0,0,0,0
22322,120.267305883938,0,0,0,0
22323,121.167305883938,0,0,0,0
22324,112.137305883938,0,0,0,0
22325,106.527305883938,0,0,0,0
22326,82.7473058839382,0,0,0,0
22327,68.0173058839382,0,0,0,0
22328,62.8073058839382,0,0,0,0
22329,85.4873058839382,0,0,0,0
22330,86.7873058839382,0,0,0,0
22331,110.857305883938,0,0,0,0
22332,102.537305883938,0,0,0,0
22333,108.057305883938,0,0,0,0
22334,62.1273058839382,0,0,0,0
22335,94.5473058839383,0,0,0,0
22336,77.9873058839382,0,0,0,0
22337,77.3073058839382,0,0,0,0
22338,97.0173058839382,0,0,0,0
22339,100.897305883938,0,0,0,0
22340,105.627305883938,0,0,0,0
22341,75.6373058839382,0,0,0,0
22342,69.5473058839383,0,0,0,0
22343,83.4473058839382,0,0,0,0
22344,80.4173058839382,0,0,0,0
22345,81.2673058839382,0,0,0,0
22346,101.687305883938,0,0,0,0
22347,89.2273058839382,0,0,0,0
22348,103.157305883938,0,0,0,0
22349,116.387305883938,0,0,0,0
22350,99.9273058839382,0,0,0,0
22351,161.317305883938,0,0,0,0
22352,89.0273058839382,0,0,0,0
22353,77.5073058839382,0,0,0,0
22354,386.697305883938,0,0,0,0
22355,502.147305883938,0,0,0,0
22356,722.307305883938,0,0,0,0
22357,800.007305883938,0,0,0,0
22358,1005.86730588394,0,0,0,0
22359,1061.05730588394,0,0,0,0
22360,1212.92730588394,0,0,0,0
22361,1298.80730588394,0,0,0,0
22362,1047.46730588394,0,0,0,0
22363,496.957305883938,0,0,0,0
22364,714.467305883938,0,0,0,0
22365,1059.47730588394,0,0,0,0
22366,1044.55730588394,0,0,0,0
22367,1106.90730588394,0,0,0,0
22368,1323.07730588394,0,0,0,0
22369,1278.81730588394,0,0,0,0
22370,1271.82730588394,0,0,0,0
22371,1230.30730588394,0,0,0,0
22372,1043.87730588394,0,0,0,0
22373,904.557305883938,0,0,0,0
22374,755.407305883938,0,0,0,0
22375,648.537305883938,0,0,0,0
22376,551.247305883938,0,0,0,0
22377,508.717305883938,0,0,0,0
22378,383.017305883938,0,0,0,0
22379,359.367305883938,0,0,0,0
22380,320.467305883938,0,0,0,0
22381,268.187305883938,0,0,0,0
22382,232.597305883938,0,0,0,0
22383,218.067305883938,0,0,0,0
22384,152.147305883938,0,0,0,0
22385,135.157305883938,0,0,0,0
22386,135.557305883938,0,0,0,0
22387,168.347305883938,0,0,0,0
22388,150.027305883938,0,0,0,0
22389,128.047305883938,0,0,0,0
22390,136.997305883938,0,0,0,0
22391,125.307305883938,0,0,0,0
22392,141.157305883938,0,0,0,0
22393,153.277305883938,0,0,0,0
22394,161.207305883938,0,0,0,0
22395,170.777305883938,0,0,0,0
22396,171.427305883938,0,0,0,0
22397,161.207305883938,0,0,0,0
22398,182.557305883938,0,0,0,0
22399,137.257305883938,0,0,0,0
22400,142.127305883938,0,0,0,0
22401,154.297305883938,0,0,0,0
22402,175.907305883938,0,0,0,0
22403,211.727305883938,0,0,0,0
22404,199.917305883938,0,0,0,0
22405,202.127305883938,0,0,0,0
22406,210.647305883938,0,0,0,0
22407,213.817305883938,0,0,0,0
22408,203.227305883938,0,0,0,0
22409,220.307305883938,0,0,0,0
22410,200.997305883938,0,0,0,0
22411,229.397305883938,0,0,0,0
22412,215.777305883938,0,0,0,0
22413,210.567305883938,0,0,0,0
22414,191.227305883938,0,0,0,0
22415,197.167305883938,0,0,0,0
22416,208.297305883938,0,0,0,0
22417,236.187305883938,0,0,0,0
22418,199.977305883938,0,0,0,0
22419,198.387305883938,0,0,0,0
22420,257.937305883938,0,0,0,0
22421,261.307305883938,0,0,0,0
22422,262.637305883938,0,0,0,0
22423,277.787305883938,0,0,0,0
22424,255.987305883938,0,0,0,0
22425,252.417305883938,0,0,0,0
22426,258.987305883938,0,0,0,0
22427,284.977305883938,0,0,0,0
22428,305.057305883938,0,0,0,0
22429,303.787305883938,0,0,0,0
22430,268.107305883938,0,0,0,0
22431,311.087305883938,0,0,0,0
22432,266.627305883938,0,0,0,0
22433,303.417305883938,0,0,0,0
22434,353.367305883938,0,0,0,0
22435,522.447305883938,0,0,0,0
22436,536.267305883938,0,0,0,0
22437,482.777305883938,0,0,0,0
22438,493.587305883938,0,0,0,0
22439,411.107305883938,0,0,0,0
22440,328.027305883938,0,0,0,0
22441,263.067305883938,0,0,0,0
22442,219.707305883938,0,0,0,0
22443,216.087305883938,0,0,0,0
22444,231.207305883938,0,0,0,0
22445,292.827305883938,0,0,0,0
22446,258.897305883938,0,0,0,0
22447,259.577305883938,0,0,0,0
22448,274.387305883938,0,0,0,0
22449,270.227305883938,0,0,0,0
22450,263.437305883938,0,0,0,0
22451,267.457305883938,0,0,0,0
22452,241.997305883938,0,0,0,0
22453,299.787305883938,0,0,0,0
22454,270.597305883938,0,0,0,0
22455,246.107305883938,0,0,0,0
22456,267.287305883938,0,0,0,0
22457,266.547305883938,0,0,0,0
22458,262.927305883938,0,0,0,0
22459,254.937305883938,0,0,0,0
22460,258.107305883938,0,0,0,0
22461,284.757305883938,0,0,0,0
22462,283.367305883938,0,0,0,0
22463,306.077305883938,0,0,0,0
22464,291.237305883938,0,0,0,0
22465,307.007305883938,0,0,0,0
22466,290.447305883938,0,0,0,0
22467,295.687305883938,0,0,0,0
22468,314.597305883938,0,0,0,0
22469,307.917305883938,0,0,0,0
22470,293.337305883938,0,0,0,0
22471,291.717305883938,0,0,0,0
22472,290.587305883938,0,0,0,0
22473,277.247305883938,0,0,0,0
22474,285.577305883938,0,0,0,0
22475,276.767305883938,0,0,0,0
22476,319.107305883938,0,0,0,0
22477,313.637305883938,0,0,0,0
22478,316.497305883938,0,0,0,0
22479,318.167305883938,0,0,0,0
22480,307.037305883938,0,0,0,0
22481,297.017305883938,0,0,0,0
22482,297.727305883938,0,0,0,0
22483,295.717305883938,0,0,0,0
22484,296.137305883938,0,0,0,0
22485,304.297305883938,0,0,0,0
22486,301.207305883938,0,0,0,0
22487,295.567305883938,0,0,0,0
22488,293.107305883938,0,0,0,0
22489,290.957305883938,0,0,0,0
22490,298.997305883938,0,0,0,0
22491,285.637305883938,0,0,0,0
22492,305.397305883938,0,0,0,0
22493,295.967305883938,0,0,0,0
22494,274.307305883938,0,0,0,0
22495,437.607305883938,0,0,0,0
22496,436.787305883938,0,0,0,0
22497,424.247305883938,0,0,0,0
22498,432.087305883938,0,0,0,0
22499,423.617305883938,0,0,0,0
22500,293.817305883938,0,0,0,0
22501,297.497305883938,0,0,0,0
22502,300.327305883938,0,0,0,0
22503,289.197305883938,0,0,0,0
22504,300.047305883938,0,0,0,0
22505,285.517305883938,0,0,0,0
22506,279.517305883938,0,0,0,0
22507,288.347305883938,0,0,0,0
22508,284.187305883938,0,0,0,0
22509,280.197305883938,0,0,0,0
22510,294.557305883938,0,0,0,0
22511,273.367305883938,0,0,0,0
22512,286.197305883938,0,0,0,0
22513,291.547305883938,0,0,0,0
22514,276.857305883938,0,0,0,0
22515,281.607305883938,0,0,0,0
22516,279.347305883938,0,0,0,0
22517,282.917305883938,0,0,0,0
22518,286.817305883938,0,0,0,0
22519,283.027305883938,0,0,0,0
22520,279.577305883938,0,0,0,0
22521,281.837305883938,0,0,0,0
22522,288.497305883938,0,0,0,0
22523,273.227305883938,0,0,0,0
22524,265.447305883938,0,0,0,0
22525,264.397305883938,0,0,0,0
22526,234.437305883938,0,0,0,0
22527,270.537305883938,0,0,0,0
22528,270.427305883938,0,0,0,0
22529,267.677305883938,0,0,0,0
22530,278.187305883938,0,0,0,0
22531,275.187305883938,0,0,0,0
22532,259.577305883938,0,0,0,0
22533,257.317305883938,0,0,0,0
22534,248.057305883938,0,0,0,0
22535,243.187305883938,0,0,0,0
22536,237.037305883938,0,0,0,0
22537,206.997305883938,0,0,0,0
22538,205.727305883938,0,0,0,0
22539,221.977305883938,0,0,0,0
22540,211.417305883938,0,0,0,0
22541,199.807305883938,0,0,0,0
22542,218.267305883938,0,0,0,0
22543,216.197305883938,0,0,0,0
22544,201.787305883938,0,0,0,0
22545,211.957305883938,0,0,0,0
22546,196.517305883938,0,0,0,0
22547,207.137305883938,0,0,0,0
22548,190.237305883938,0,0,0,0
22549,191.057305883938,0,0,0,0
22550,213.817305883938,0,0,0,0
22551,198.107305883938,0,0,0,0
22552,214.757305883938,0,0,0,0
22553,200.427305883938,0,0,0,0
22554,196.747305883938,0,0,0,0
22555,187.547305883938,0,0,0,0
22556,186.067305883938,0,0,0,0
22557,190.687305883938,0,0,0,0
22558,183.187305883938,0,0,0,0
22559,175.137305883938,0,0,0,0
22560,181.197305883938,0,0,0,0
22561,174.887305883938,0,0,0,0
22562,171.457305883938,0,0,0,0
22563,172.847305883938,0,0,0,0
22564,173.897305883938,0,0,0,0
22565,188.987305883938,0,0,0,0
22566,187.687305883938,0,0,0,0
22567,193.287305883938,0,0,0,0
22568,159.817305883938,0,0,0,0
22569,127.457305883938,0,0,0,0
22570,119.467305883938,0,0,0,0
22571,124.967305883938,0,0,0,0
22572,112.817305883938,0,0,0,0
22573,140.507305883938,0,0,0,0
22574,155.177305883938,0,0,0,0
22575,150.927305883938,0,0,0,0
22576,138.777305883938,0,0,0,0
22577,153.307305883938,0,0,0,0
22578,145.517305883938,0,0,0,0
22579,135.897305883938,0,0,0,0
22580,136.747305883938,0,0,0,0
22581,135.157305883938,0,0,0,0
22582,140.027305883938,0,0,0,0
22583,161.607305883938,0,0,0,0
22584,152.737305883938,0,0,0,0
22585,167.297305883938,0,0,0,0
22586,153.107305883938,0,0,0,0
22587,154.927305883938,0,0,0,0
22588,154.927305883938,0,0,0,0
22589,152.397305883938,0,0,0,0
22590,153.057305883938,0,0,0,0
22591,152.597305883938,0,0,0,0
22592,161.237305883938,0,0,0,0
22593,162.337305883938,0,0,0,0
22594,153.817305883938,0,0,0,0
22595,160.587305883938,0,0,0,0
22596,153.707305883938,0,0,0,0
22597,149.347305883938,0,0,0,0
22598,173.697305883938,0,0,0,0
22599,167.977305883938,0,0,0,0
22600,166.107305883938,0,0,0,0
22601,162.367305883938,0,0,0,0
22602,156.447305883938,0,0,0,0
22603,153.567305883938,0,0,0,0
22604,164.637305883938,0,0,0,0
22605,160.557305883938,0,0,0,0
22606,156.507305883938,0,0,0,0
22607,151.697305883938,0,0,0,0
22608,161.607305883938,0,0,0,0
22609,156.647305883938,0,0,0,0
22610,156.617305883938,0,0,0,0
22611,150.447305883938,0,0,0,0
22612,138.837305883938,0,0,0,0
22613,130.177305883938,0,0,0,0
22614,116.527305883938,0,0,0,0
22615,120.067305883938,0,0,0,0
22616,113.527305883938,0,0,0,0
22617,109.307305883938,0,0,0,0
22618,112.897305883938,0,0,0,0
22619,136.857305883938,0,0,0,0
22620,131.987305883938,0,0,0,0
22621,138.837305883938,0,0,0,0
22622,113.917305883938,0,0,0,0
22623,111.087305883938,0,0,0,0
22624,106.467305883938,0,0,0,0
22625,104.317305883938,0,0,0,0
22626,123.407305883938,0,0,0,0
22627,119.467305883938,0,0,0,0
22628,114.007305883938,0,0,0,0
22629,126.947305883938,0,0,0,0
22630,77.7573058839382,0,0,0,0
22631,107.237305883938,0,0,0,0
22632,131.417305883938,0,0,0,0
22633,151.727305883938,0,0,0,0
22634,148.377305883938,0,0,0,0
22635,147.307305883938,0,0,0,0
22636,138.757305883938,0,0,0,0
22637,139.097305883938,0,0,0,0
22638,144.817305883938,0,0,0,0
22639,137.617305883938,0,0,0,0
22640,142.887305883938,0,0,0,0
22641,135.407305883938,0,0,0,0
22642,138.927305883938,0,0,0,0
22643,139.547305883938,0,0,0,0
22644,142.097305883938,0,0,0,0
22645,141.077305883938,0,0,0,0
22646,132.887305883938,0,0,0,0
22647,133.937305883938,0,0,0,0
22648,146.287305883938,0,0,0,0
22649,149.877305883938,0,0,0,0
22650,149.877305883938,0,0,0,0
22651,154.757305883938,0,0,0,0
22652,134.617305883938,0,0,0,0
22653,131.167305883938,0,0,0,0
22654,140.117305883938,0,0,0,0
22655,135.327305883938,0,0,0,0
22656,143.087305883938,0,0,0,0
22657,136.887305883938,0,0,0,0
22658,137.087305883938,0,0,0,0
22659,122.897305883938,0,0,0,0
22660,121.767305883938,0,0,0,0
22661,123.377305883938,0,0,0,0
22662,127.847305883938,0,0,0,0
22663,120.577305883938,0,0,0,0
22664,119.247305883938,0,0,0,0
22665,93.9873058839382,0,0,0,0
22666,103.947305883938,0,0,0,0
22667,103.977305883938,0,0,0,0
22668,111.597305883938,0,0,0,0
22669,104.857305883938,0,0,0,0
22670,106.527305883938,0,0,0,0
22671,118.277305883938,0,0,0,0
22672,114.517305883938,0,0,0,0
22673,103.497305883938,0,0,0,0
22674,106.447305883938,0,0,0,0
22675,113.697305883938,0,0,0,0
22676,110.437305883938,0,0,0,0
22677,107.207305883938,0,0,0,0
22678,105.597305883938,0,0,0,0
22679,103.187305883938,0,0,0,0
22680,93.5873058839382,0,0,0,0
22681,95.9073058839382,0,0,0,0
22682,95.8773058839382,0,0,0,0
22683,69.4573058839382,0,0,0,0
22684,94.8873058839382,0,0,0,0
22685,100.127305883938,0,0,0,0
22686,120.437305883938,0,0,0,0
22687,81.4073058839382,0,0,0,0
22688,87.7873058839382,0,0,0,0
22689,93.8173058839382,0,0,0,0
22690,93.1073058839382,0,0,0,0
22691,100.327305883938,0,0,0,0
22692,88.4073058839382,0,0,0,0
22693,77.1673058839382,0,0,0,0
22694,78.7473058839382,0,0,0,0
22695,96.0773058839382,0,0,0,0
22696,96.0773058839382,0,0,0,0
22697,92.9673058839382,0,0,0,0
22698,98.8273058839382,0,0,0,0
22699,124.087305883938,0,0,0,0
22700,110.747305883938,0,0,0,0
22701,97.8073058839382,0,0,0,0
22702,101.967305883938,0,0,0,0
22703,98.9073058839382,0,0,0,0
22704,79.3173058839382,0,0,0,0
22705,101.967305883938,0,0,0,0
22706,108.627305883938,0,0,0,0
22707,91.5173058839382,0,0,0,0
22708,82.9173058839382,0,0,0,0
22709,64.1073058839382,0,0,0,0
22710,78.4373058839383,0,0,0,0
22711,94.1573058839382,0,0,0,0
22712,93.8473058839382,0,0,0,0
22713,86.5073058839382,0,0,0,0
22714,71.3073058839382,0,0,0,0
22715,58.8473058839382,0,0,0,0
22716,80.8173058839382,0,0,0,0
22717,85.4373058839383,0,0,0,0
22718,78.0173058839382,0,0,0,0
22719,92.2573058839382,0,0,0,0
22720,81.5573058839382,0,0,0,0
22721,21.3773058839382,0,0,0,0
22722,37.6873058839382,0,0,0,0
22723,48.9873058839382,0,0,0,0
22724,60.6573058839382,0,0,0,0
22725,60.9373058839382,0,0,0,0
22726,67.6773058839382,0,0,0,0
22727,80.6173058839382,0,0,0,0
22728,76.7373058839382,0,0,0,0
22729,65.3273058839382,0,0,0,0
22730,62.4073058839382,0,0,0,0
22731,73.3373058839382,0,0,0,0
22732,63.9973058839382,0,0,0,0
22733,31.9673058839382,0,0,0,0
22734,37.7773058839382,0,0,0,0
22735,21.7773058839382,0,0,0,0
22736,8.38730588393824,0,0,0,0
22737,24.6673058839382,0,0,0,0
22738,53.4373058839382,0,0,0,0
22739,35.4573058839382,0,0,0,0
22740,33.9773058839382,0,0,0,0
22741,51.4773058839382,0,0,0,0
22742,63.1473058839382,0,0,0,0
22743,69.9673058839382,0,0,0,0
22744,55.9873058839382,0,0,0,0
22745,64.2773058839382,0,0,0,0
22746,66.8573058839382,0,0,0,0
22747,74.3573058839382,0,0,0,0
22748,73.9673058839382,0,0,0,0
22749,53.0673058839382,0,0,0,0
22750,57.6773058839382,0,0,0,0
22751,42.3873058839382,0,0,0,0
22752,71.9773058839382,0,0,0,0
22753,65.7573058839382,0,0,0,0
22754,99.6773058839382,0,0,0,0
22755,120.347305883938,0,0,0,0
22756,116.897305883938,0,0,0,0
22757,106.587305883938,0,0,0,0
22758,113.867305883938,0,0,0,0
22759,151.667305883938,0,0,0,0
22760,137.477305883938,0,0,0,0
22761,127.507305883938,0,0,0,0
22762,117.797305883938,0,0,0,0
22763,124.027305883938,0,0,0,0
22764,128.477305883938,0,0,0,0
22765,122.587305883938,0,0,0,0
22766,128.647305883938,0,0,0,0
22767,135.127305883938,0,0,0,0
22768,138.387305883938,0,0,0,0
22769,136.747305883938,0,0,0,0
22770,155.937305883938,0,0,0,0
22771,171.257305883938,0,0,0,0
22772,174.177305883938,0,0,0,0
22773,207.227305883938,0,0,0,0
22774,219.767305883938,0,0,0,0
22775,231.807305883938,0,0,0,0
22776,240.387305883938,0,0,0,0
22777,261.137305883938,0,0,0,0
22778,262.897305883938,0,0,0,0
22779,248.117305883938,0,0,0,0
22780,254.347305883938,0,0,0,0
22781,254.287305883938,0,0,0,0
22782,252.357305883938,0,0,0,0
22783,281.557305883938,0,0,0,0
22784,285.547305883938,0,0,0,0
22785,279.287305883938,0,0,0,0
22786,282.547305883938,0,0,0,0
22787,268.867305883938,0,0,0,0
22788,270.597305883938,0,0,0,0
22789,275.467305883938,0,0,0,0
22790,293.077305883938,0,0,0,0
22791,280.107305883938,0,0,0,0
22792,265.727305883938,0,0,0,0
22793,263.377305883938,0,0,0,0
22794,256.097305883938,0,0,0,0
22795,254.517305883938,0,0,0,0
22796,252.017305883938,0,0,0,0
22797,257.967305883938,0,0,0,0
22798,263.237305883938,0,0,0,0
22799,260.717305883938,0,0,0,0
22800,277.247305883938,0,0,0,0
22801,286.397305883938,0,0,0,0
22802,281.557305883938,0,0,0,0
22803,282.267305883938,0,0,0,0
22804,284.867305883938,0,0,0,0
22805,267.427305883938,0,0,0,0
22806,260.287305883938,0,0,0,0
22807,258.877305883938,0,0,0,0
22808,261.877305883938,0,0,0,0
22809,272.297305883938,0,0,0,0
22810,270.847305883938,0,0,0,0
22811,282.037305883938,0,0,0,0
22812,285.267305883938,0,0,0,0
22813,314.937305883938,0,0,0,0
22814,303.017305883938,0,0,0,0
22815,301.797305883938,0,0,0,0
22816,301.857305883938,0,0,0,0
22817,305.087305883938,0,0,0,0
22818,312.987305883938,0,0,0,0
22819,294.497305883938,0,0,0,0
22820,314.547305883938,0,0,0,0
22821,359.707305883938,0,0,0,0
22822,366.107305883938,0,0,0,0
22823,375.907305883938,0,0,0,0
22824,369.447305883938,0,0,0,0
22825,371.827305883938,0,0,0,0
22826,364.237305883938,0,0,0,0
22827,366.877305883938,0,0,0,0
22828,360.447305883938,0,0,0,0
22829,351.757305883938,0,0,0,0
22830,361.837305883938,0,0,0,0
22831,351.757305883938,0,0,0,0
22832,359.797305883938,0,0,0,0
22833,364.437305883938,0,0,0,0
22834,368.967305883938,0,0,0,0
22835,367.217305883938,0,0,0,0
22836,358.517305883938,0,0,0,0
22837,364.127305883938,0,0,0,0
22838,366.567305883938,0,0,0,0
22839,368.037305883938,0,0,0,0
22840,365.967305883938,0,0,0,0
22841,347.077305883938,0,0,0,0
22842,353.057305883938,0,0,0,0
22843,373.357305883938,0,0,0,0
22844,367.407305883938,0,0,0,0
22845,367.327305883938,0,0,0,0
22846,354.497305883938,0,0,0,0
22847,366.537305883938,0,0,0,0
22848,370.017305883938,0,0,0,0
22849,353.937305883938,0,0,0,0
22850,355.577305883938,0,0,0,0
22851,361.347305883938,0,0,0,0
22852,369.227305883938,0,0,0,0
22853,356.307305883938,0,0,0,0
22854,357.667305883938,0,0,0,0
22855,364.467305883938,0,0,0,0
22856,373.667305883938,0,0,0,0
22857,361.297305883938,0,0,0,0
22858,366.737305883938,0,0,0,0
22859,360.647305883938,0,0,0,0
22860,357.417305883938,0,0,0,0
22861,357.727305883938,0,0,0,0
22862,360.077305883938,0,0,0,0
22863,371.037305883938,0,0,0,0
22864,352.207305883938,0,0,0,0
22865,354.447305883938,0,0,0,0
22866,341.497305883938,0,0,0,0
22867,324.737305883938,0,0,0,0
22868,337.567305883938,0,0,0,0
22869,327.007305883938,0,0,0,0
22870,297.587305883938,0,0,0,0
22871,294.727305883938,0,0,0,0
22872,289.877305883938,0,0,0,0
22873,281.607305883938,0,0,0,0
22874,273.027305883938,0,0,0,0
22875,280.847305883938,0,0,0,0
22876,281.017305883938,0,0,0,0
22877,277.737305883938,0,0,0,0
22878,280.167305883938,0,0,0,0
22879,282.607305883938,0,0,0,0
22880,276.487305883938,0,0,0,0
22881,263.007305883938,0,0,0,0
22882,260.087305883938,0,0,0,0
22883,248.677305883938,0,0,0,0
22884,252.497305883938,0,0,0,0
22885,267.597305883938,0,0,0,0
22886,261.787305883938,0,0,0,0
22887,235.227305883938,0,0,0,0
22888,226.847305883938,0,0,0,0
22889,230.357305883938,0,0,0,0
22890,222.657305883938,0,0,0,0
22891,229.427305883938,0,0,0,0
22892,230.447305883938,0,0,0,0
22893,231.467305883938,0,0,0,0
22894,207.057305883938,0,0,0,0
22895,191.767305883938,0,0,0,0
22896,147.787305883938,0,0,0,0
22897,154.837305883938,0,0,0,0
22898,194.457305883938,0,0,0,0
22899,201.867305883938,0,0,0,0
22900,198.357305883938,0,0,0,0
22901,161.637305883938,0,0,0,0
22902,167.717305883938,0,0,0,0
22903,166.897305883938,0,0,0,0
22904,165.317305883938,0,0,0,0
22905,158.997305883938,0,0,0,0
22906,170.467305883938,0,0,0,0
22907,157.837305883938,0,0,0,0
22908,165.487305883938,0,0,0,0
22909,174.147305883938,0,0,0,0
22910,157.927305883938,0,0,0,0
22911,154.867305883938,0,0,0,0
22912,141.617305883938,0,0,0,0
22913,147.957305883938,0,0,0,0
22914,155.147305883938,0,0,0,0
22915,144.307305883938,0,0,0,0
22916,139.887305883938,0,0,0,0
22917,131.957305883938,0,0,0,0
22918,134.307305883938,0,0,0,0
22919,132.017305883938,0,0,0,0
22920,120.037305883938,0,0,0,0
22921,120.287305883938,0,0,0,0
22922,135.297305883938,0,0,0,0
22923,114.937305883938,0,0,0,0
22924,120.917305883938,0,0,0,0
22925,120.717305883938,0,0,0,0
22926,123.297305883938,0,0,0,0
22927,131.507305883938,0,0,0,0
22928,118.987305883938,0,0,0,0
22929,144.387305883938,0,0,0,0
22930,132.187305883938,0,0,0,0
22931,128.417305883938,0,0,0,0
22932,125.837305883938,0,0,0,0
22933,131.587305883938,0,0,0,0
22934,131.107305883938,0,0,0,0
22935,132.947305883938,0,0,0,0
22936,129.637305883938,0,0,0,0
22937,142.637305883938,0,0,0,0
22938,141.217305883938,0,0,0,0
22939,152.257305883938,0,0,0,0
22940,149.087305883938,0,0,0,0
22941,143.507305883938,0,0,0,0
22942,147.167305883938,0,0,0,0
22943,145.207305883938,0,0,0,0
22944,134.907305883938,0,0,0,0
22945,146.937305883938,0,0,0,0
22946,144.417305883938,0,0,0,0
22947,139.547305883938,0,0,0,0
22948,141.277305883938,0,0,0,0
22949,159.227305883938,0,0,0,0
22950,158.947305883938,0,0,0,0
22951,160.787305883938,0,0,0,0
22952,158.147305883938,0,0,0,0
22953,156.057305883938,0,0,0,0
22954,154.467305883938,0,0,0,0
22955,169.137305883938,0,0,0,0
22956,158.347305883938,0,0,0,0
22957,143.707305883938,0,0,0,0
22958,150.137305883938,0,0,0,0
22959,155.067305883938,0,0,0,0
22960,149.397305883938,0,0,0,0
22961,146.937305883938,0,0,0,0
22962,152.227305883938,0,0,0,0
22963,149.997305883938,0,0,0,0
22964,151.577305883938,0,0,0,0
22965,174.437305883938,0,0,0,0
22966,174.177305883938,0,0,0,0
22967,152.597305883938,0,0,0,0
22968,153.737305883938,0,0,0,0
22969,156.507305883938,0,0,0,0
22970,142.207305883938,0,0,0,0
22971,126.237305883938,0,0,0,0
22972,128.337305883938,0,0,0,0
22973,140.737305883938,0,0,0,0
22974,114.937305883938,0,0,0,0
22975,121.597305883938,0,0,0,0
22976,133.397305883938,0,0,0,0
22977,112.867305883938,0,0,0,0
22978,111.027305883938,0,0,0,0
22979,81.7273058839382,0,0,0,0
22980,42.5373058839382,0,0,0,0
22981,56.1273058839382,0,0,0,0
22982,31.6573058839382,0,0,0,0
22983,63.3973058839382,0,0,0,0
22984,94.8373058839382,0,0,0,0
22985,38.5373058839382,0,0,0,0
22986,89.6273058839382,0,0,0,0
22987,62.7773058839382,0,0,0,0
22988,66.0973058839382,0,0,0,0
22989,115.417305883938,0,0,0,0
22990,136.317305883938,0,0,0,0
22991,93.7573058839382,0,0,0,0
22992,117.487305883938,0,0,0,0
22993,114.037305883938,0,0,0,0
22994,116.187305883938,0,0,0,0
22995,119.527305883938,0,0,0,0
22996,119.217305883938,0,0,0,0
22997,120.687305883938,0,0,0,0
22998,86.6173058839382,0,0,0,0
22999,70.2573058839382,0,0,0,0
23000,67.3973058839382,0,0,0,0
23001,80.9873058839382,0,0,0,0
23002,46.6973058839382,0,0,0,0
23003,45.7873058839382,0,0,0,0
23004,60.0873058839382,0,0,0,0
23005,66.2373058839382,0,0,0,0
23006,67.3973058839382,0,0,0,0
23007,68.7573058839382,0,0,0,0
23008,67.4273058839382,0,0,0,0
23009,63.5973058839382,0,0,0,0
23010,74.0173058839382,0,0,0,0
23011,72.1773058839382,0,0,0,0
23012,58.2473058839382,0,0,0,0
23013,73.1973058839382,0,0,0,0
23014,60.2573058839382,0,0,0,0
23015,75.9773058839382,0,0,0,0
23016,81.4673058839382,0,0,0,0
23017,77.0473058839383,0,0,0,0
23018,105.597305883938,0,0,0,0
23019,90.7573058839382,0,0,0,0
23020,91.8573058839382,0,0,0,0
23021,162.427305883938,0,0,0,0
23022,118.507305883938,0,0,0,0
23023,95.3973058839382,0,0,0,0
23024,100.157305883938,0,0,0,0
23025,114.517305883938,0,0,0,0
23026,100.217305883938,0,0,0,0
23027,128.307305883938,0,0,0,0
23028,126.917305883938,0,0,0,0
23029,132.667305883938,0,0,0,0
23030,119.977305883938,0,0,0,0
23031,100.327305883938,0,0,0,0
23032,85.4073058839382,0,0,0,0
23033,141.077305883938,0,0,0,0
23034,114.627305883938,0,0,0,0
23035,125.617305883938,0,0,0,0
23036,102.227305883938,0,0,0,0
23037,103.607305883938,0,0,0,0
23038,108.227305883938,0,0,0,0
23039,129.577305883938,0,0,0,0
23040,111.707305883938,0,0,0,0
23041,101.257305883938,0,0,0,0
23042,118.197305883938,0,0,0,0
23043,120.487305883938,0,0,0,0
23044,127.197305883938,0,0,0,0
23045,100.917305883938,0,0,0,0
23046,130.427305883938,0,0,0,0
23047,92.4873058839382,0,0,0,0
23048,126.547305883938,0,0,0,0
23049,117.997305883938,0,0,0,0
23050,111.027305883938,0,0,0,0
23051,111.147305883938,0,0,0,0
23052,99.2273058839382,0,0,0,0
23053,108.737305883938,0,0,0,0
23054,104.997305883938,0,0,0,0
23055,105.087305883938,0,0,0,0
23056,120.457305883938,0,0,0,0
23057,118.537305883938,0,0,0,0
23058,97.9173058839382,0,0,0,0
23059,82.7673058839382,0,0,0,0
23060,98.7373058839382,0,0,0,0
23061,97.2373058839382,0,0,0,0
23062,100.587305883938,0,0,0,0
23063,101.797305883938,0,0,0,0
23064,93.9573058839382,0,0,0,0
23065,103.357305883938,0,0,0,0
23066,99.1073058839382,0,0,0,0
23067,111.857305883938,0,0,0,0
23068,89.2273058839382,0,0,0,0
23069,110.977305883938,0,0,0,0
23070,97.3873058839382,0,0,0,0
23071,108.677305883938,0,0,0,0
23072,97.1573058839382,0,0,0,0
23073,96.0273058839382,0,0,0,0
23074,100.587305883938,0,0,0,0
23075,109.277305883938,0,0,0,0
23076,100.297305883938,0,0,0,0
23077,102.307305883938,0,0,0,0
23078,130.907305883938,0,0,0,0
23079,92.5373058839382,0,0,0,0
23080,134.907305883938,0,0,0,0
23081,141.867305883938,0,0,0,0
23082,122.587305883938,0,0,0,0
23083,129.717305883938,0,0,0,0
23084,128.987305883938,0,0,0,0
23085,129.547305883938,0,0,0,0
23086,139.237305883938,0,0,0,0
23087,110.977305883938,0,0,0,0
23088,123.547305883938,0,0,0,0
23089,142.977305883938,0,0,0,0
23090,109.447305883938,0,0,0,0
23091,103.897305883938,0,0,0,0
23092,94.4073058839382,0,0,0,0
23093,101.687305883938,0,0,0,0
23094,86.5673058839382,0,0,0,0
23095,105.257305883938,0,0,0,0
23096,104.287305883938,0,0,0,0
23097,110.177305883938,0,0,0,0
23098,129.947305883938,0,0,0,0
23099,166.987305883938,0,0,0,0
23100,149.007305883938,0,0,0,0
23101,145.067305883938,0,0,0,0
23102,159.627305883938,0,0,0,0
23103,116.747305883938,0,0,0,0
23104,141.077305883938,0,0,0,0
23105,126.097305883938,0,0,0,0
23106,122.667305883938,0,0,0,0
23107,136.117305883938,0,0,0,0
23108,114.657305883938,0,0,0,0
23109,151.387305883938,0,0,0,0
23110,158.687305883938,0,0,0,0
23111,150.987305883938,0,0,0,0
23112,137.597305883938,0,0,0,0
23113,146.627305883938,0,0,0,0
23114,133.317305883938,0,0,0,0
23115,129.017305883938,0,0,0,0
23116,138.047305883938,0,0,0,0
23117,136.857305883938,0,0,0,0
23118,164.777305883938,0,0,0,0
23119,139.037305883938,0,0,0,0
23120,192.047305883938,0,0,0,0
23121,173.267305883938,0,0,0,0
23122,183.837305883938,0,0,0,0
23123,208.667305883938,0,0,0,0
23124,201.477305883938,0,0,0,0
23125,249.357305883938,0,0,0,0
23126,259.977305883938,0,0,0,0
23127,321.137305883938,0,0,0,0
23128,276.547305883938,0,0,0,0
23129,300.587305883938,0,0,0,0
23130,291.237305883938,0,0,0,0
23131,311.717305883938,0,0,0,0
23132,307.517305883938,0,0,0,0
23133,305.707305883938,0,0,0,0
23134,293.367305883938,0,0,0,0
23135,291.777305883938,0,0,0,0
23136,278.217305883938,0,0,0,0
23137,302.907305883938,0,0,0,0
23138,316.557305883938,0,0,0,0
23139,329.047305883938,0,0,0,0
23140,335.017305883938,0,0,0,0
23141,332.267305883938,0,0,0,0
23142,324.487305883938,0,0,0,0
23143,324.487305883938,0,0,0,0
23144,328.817305883938,0,0,0,0
23145,315.707305883938,0,0,0,0
23146,306.677305883938,0,0,0,0
23147,306.647305883938,0,0,0,0
23148,316.217305883938,0,0,0,0
23149,309.507305883938,0,0,0,0
23150,286.167305883938,0,0,0,0
23151,289.707305883938,0,0,0,0
23152,293.027305883938,0,0,0,0
23153,304.607305883938,0,0,0,0
23154,351.897305883938,0,0,0,0
23155,333.207305883938,0,0,0,0
23156,306.387305883938,0,0,0,0
23157,295.257305883938,0,0,0,0
23158,274.847305883938,0,0,0,0
23159,294.067305883938,0,0,0,0
23160,292.827305883938,0,0,0,0
23161,255.077305883938,0,0,0,0
23162,263.117305883938,0,0,0,0
23163,264.397305883938,0,0,0,0
23164,245.907305883938,0,0,0,0
23165,261.167305883938,0,0,0,0
23166,244.287305883938,0,0,0,0
23167,256.977305883938,0,0,0,0
23168,281.157305883938,0,0,0,0
23169,318.647305883938,0,0,0,0
23170,319.047305883938,0,0,0,0
23171,295.907305883938,0,0,0,0
23172,294.917305883938,0,0,0,0
23173,299.477305883938,0,0,0,0
23174,292.177305883938,0,0,0,0
23175,299.907305883938,0,0,0,0
23176,304.097305883938,0,0,0,0
23177,309.447305883938,0,0,0,0
23178,300.467305883938,0,0,0,0
23179,306.307305883938,0,0,0,0
23180,326.267305883938,0,0,0,0
23181,312.367305883938,0,0,0,0
23182,304.007305883938,0,0,0,0
23183,284.837305883938,0,0,0,0
23184,273.627305883938,0,0,0,0
23185,314.237305883938,0,0,0,0
23186,280.027305883938,0,0,0,0
23187,304.007305883938,0,0,0,0
23188,335.867305883938,0,0,0,0
23189,315.617305883938,0,0,0,0
23190,324.827305883938,0,0,0,0
23191,341.327305883938,0,0,0,0
23192,332.727305883938,0,0,0,0
23193,310.547305883938,0,0,0,0
23194,318.087305883938,0,0,0,0
23195,315.907305883938,0,0,0,0
23196,316.127305883938,0,0,0,0
23197,330.377305883938,0,0,0,0
23198,317.657305883938,0,0,0,0
23199,330.377305883938,0,0,0,0
23200,324.367305883938,0,0,0,0
23201,314.377305883938,0,0,0,0
23202,307.667305883938,0,0,0,0
23203,330.377305883938,0,0,0,0
23204,293.197305883938,0,0,0,0
23205,313.437305883938,0,0,0,0
23206,308.427305883938,0,0,0,0
23207,299.307305883938,0,0,0,0
23208,301.007305883938,0,0,0,0
23209,299.737305883938,0,0,0,0
23210,302.227305883938,0,0,0,0
23211,305.627305883938,0,0,0,0
23212,313.067305883938,0,0,0,0
23213,354.617305883938,0,0,0,0
23214,310.237305883938,0,0,0,0
23215,303.617305883938,0,0,0,0
23216,309.277305883938,0,0,0,0
23217,314.967305883938,0,0,0,0
23218,307.327305883938,0,0,0,0
23219,309.247305883938,0,0,0,0
23220,277.077305883938,0,0,0,0
23221,273.567305883938,0,0,0,0
23222,274.537305883938,0,0,0,0
23223,264.107305883938,0,0,0,0
23224,263.487305883938,0,0,0,0
23225,244.407305883938,0,0,0,0
23226,248.677305883938,0,0,0,0
23227,251.197305883938,0,0,0,0
23228,253.437305883938,0,0,0,0
23229,251.397305883938,0,0,0,0
23230,251.287305883938,0,0,0,0
23231,229.937305883938,0,0,0,0
23232,226.337305883938,0,0,0,0
23233,217.617305883938,0,0,0,0
23234,250.207305883938,0,0,0,0
23235,254.627305883938,0,0,0,0
23236,259.157305883938,0,0,0,0
23237,272.297305883938,0,0,0,0
23238,270.967305883938,0,0,0,0
23239,248.707305883938,0,0,0,0
23240,238.007305883938,0,0,0,0
23241,235.427305883938,0,0,0,0
23242,226.907305883938,0,0,0,0
23243,243.157305883938,0,0,0,0
23244,231.997305883938,0,0,0,0
23245,225.067305883938,0,0,0,0
23246,208.637305883938,0,0,0,0
23247,208.267305883938,0,0,0,0
23248,217.357305883938,0,0,0,0
23249,233.647305883938,0,0,0,0
23250,204.787305883938,0,0,0,0
23251,189.897305883938,0,0,0,0
23252,209.827305883938,0,0,0,0
23253,180.547305883938,0,0,0,0
23254,149.797305883938,0,0,0,0
23255,169.847305883938,0,0,0,0
23256,160.927305883938,0,0,0,0
23257,161.807305883938,0,0,0,0
23258,180.777305883938,0,0,0,0
23259,177.467305883938,0,0,0,0
23260,172.757305883938,0,0,0,0
23261,178.817305883938,0,0,0,0
23262,180.037305883938,0,0,0,0
23263,185.987305883938,0,0,0,0
23264,179.587305883938,0,0,0,0
23265,173.757305883938,0,0,0,0
23266,170.527305883938,0,0,0,0
23267,195.217305883938,0,0,0,0
23268,183.807305883938,0,0,0,0
23269,168.117305883938,0,0,0,0
23270,181.487305883938,0,0,0,0
23271,166.367305883938,0,0,0,0
23272,201.847305883938,0,0,0,0
23273,197.847305883938,0,0,0,0
23274,180.177305883938,0,0,0,0
23275,179.557305883938,0,0,0,0
23276,171.917305883938,0,0,0,0
23277,161.917305883938,0,0,0,0
23278,163.987305883938,0,0,0,0
23279,164.887305883938,0,0,0,0
23280,173.637305883938,0,0,0,0
23281,157.417305883938,0,0,0,0
23282,163.167305883938,0,0,0,0
23283,164.577305883938,0,0,0,0
23284,154.387305883938,0,0,0,0
23285,163.217305883938,0,0,0,0
23286,159.397305883938,0,0,0,0
23287,151.157305883938,0,0,0,0
23288,159.937305883938,0,0,0,0
23289,151.267305883938,0,0,0,0
23290,152.067305883938,0,0,0,0
23291,159.137305883938,0,0,0,0
23292,161.037305883938,0,0,0,0
23293,174.517305883938,0,0,0,0
23294,162.677305883938,0,0,0,0
23295,155.597305883938,0,0,0,0
23296,169.447305883938,0,0,0,0
23297,155.317305883938,0,0,0,0
23298,158.517305883938,0,0,0,0
23299,163.507305883938,0,0,0,0
23300,165.997305883938,0,0,0,0
23301,169.277305883938,0,0,0,0
23302,162.147305883938,0,0,0,0
23303,150.727305883938,0,0,0,0
23304,143.337305883938,0,0,0,0
23305,157.387305883938,0,0,0,0
23306,149.707305883938,0,0,0,0
23307,159.847305883938,0,0,0,0
23308,140.457305883938,0,0,0,0
23309,143.907305883938,0,0,0,0
23310,141.417305883938,0,0,0,0
23311,144.327305883938,0,0,0,0
23312,140.737305883938,0,0,0,0
23313,132.377305883938,0,0,0,0
23314,143.737305883938,0,0,0,0
23315,145.267305883938,0,0,0,0
23316,178.767305883938,0,0,0,0
23317,152.317305883938,0,0,0,0
23318,133.737305883938,0,0,0,0
23319,140.537305883938,0,0,0,0
23320,128.727305883938,0,0,0,0
23321,133.937305883938,0,0,0,0
23322,125.277305883938,0,0,0,0
23323,119.977305883938,0,0,0,0
23324,110.517305883938,0,0,0,0
23325,119.607305883938,0,0,0,0
23326,112.077305883938,0,0,0,0
23327,111.227305883938,0,0,0,0
23328,123.267305883938,0,0,0,0
23329,122.077305883938,0,0,0,0
23330,110.747305883938,0,0,0,0
23331,109.187305883938,0,0,0,0
23332,94.8073058839382,0,0,0,0
23333,92.1473058839382,0,0,0,0
23334,88.1473058839382,0,0,0,0
23335,93.4473058839382,0,0,0,0
23336,90.0473058839383,0,0,0,0
23337,88.6573058839382,0,0,0,0
23338,90.4973058839382,0,0,0,0
23339,94.8073058839382,0,0,0,0
23340,99.8773058839382,0,0,0,0
23341,98.9973058839382,0,0,0,0
23342,95.0073058839382,0,0,0,0
23343,95.6873058839383,0,0,0,0
23344,95.6873058839383,0,0,0,0
23345,96.3673058839382,0,0,0,0
23346,97.1273058839382,0,0,0,0
23347,100.217305883938,0,0,0,0
23348,99.5873058839382,0,0,0,0
23349,98.0073058839382,0,0,0,0
23350,93.3573058839382,0,0,0,0
23351,106.157305883938,0,0,0,0
23352,94.9773058839382,0,0,0,0
23353,89.1173058839382,0,0,0,0
23354,98.4573058839382,0,0,0,0
23355,88.9773058839382,0,0,0,0
23356,89.9373058839383,0,0,0,0
23357,90.5573058839382,0,0,0,0
23358,93.7273058839382,0,0,0,0
23359,91.5173058839382,0,0,0,0
23360,88.4373058839383,0,0,0,0
23361,93.5873058839382,0,0,0,0
23362,90.0473058839383,0,0,0,0
23363,89.1373058839382,0,0,0,0
23364,94.5273058839382,0,0,0,0
23365,101.487305883938,0,0,0,0
23366,94.1273058839382,0,0,0,0
23367,93.0173058839382,0,0,0,0
23368,107.807305883938,0,0,0,0
23369,99.3373058839382,0,0,0,0
23370,93.8173058839382,0,0,0,0
23371,95.8773058839382,0,0,0,0
23372,98.4873058839382,0,0,0,0
23373,97.4073058839382,0,0,0,0
23374,89.0873058839382,0,0,0,0
23375,93.5073058839382,0,0,0,0
23376,86.5373058839382,0,0,0,0
23377,90.6673058839382,0,0,0,0
23378,94.7173058839382,0,0,0,0
23379,90.6473058839382,0,0,0,0
23380,86.6173058839382,0,0,0,0
23381,78.0373058839382,0,0,0,0
23382,83.5873058839382,0,0,0,0
23383,76.9673058839382,0,0,0,0
23384,81.3873058839382,0,0,0,0
23385,81.8973058839382,0,0,0,0
23386,91.5173058839382,0,0,0,0
23387,92.1173058839382,0,0,0,0
23388,89.5673058839382,0,0,0,0
23389,80.9873058839382,0,0,0,0
23390,80.5373058839382,0,0,0,0
23391,79.5673058839382,0,0,0,0
23392,85.1773058839382,0,0,0,0
23393,85.7773058839382,0,0,0,0
23394,83.1073058839382,0,0,0,0
23395,82.4073058839382,0,0,0,0
23396,78.8873058839382,0,0,0,0
23397,82.6573058839382,0,0,0,0
23398,85.2073058839382,0,0,0,0
23399,82.5973058839382,0,0,0,0
23400,90.4173058839382,0,0,0,0
23401,80.1073058839382,0,0,0,0
23402,74.2173058839382,0,0,0,0
23403,89.3373058839382,0,0,0,0
23404,97.6073058839382,0,0,0,0
23405,92.7973058839383,0,0,0,0
23406,88.1773058839382,0,0,0,0
23407,97.9173058839382,0,0,0,0
23408,98.1173058839382,0,0,0,0
23409,95.5973058839382,0,0,0,0
23410,98.2273058839382,0,0,0,0
23411,97.5773058839382,0,0,0,0
23412,92.2873058839382,0,0,0,0
23413,97.0473058839383,0,0,0,0
23414,94.9473058839382,0,0,0,0
23415,110.127305883938,0,0,0,0
23416,110.267305883938,0,0,0,0
23417,118.757305883938,0,0,0,0
23418,99.9573058839382,0,0,0,0
23419,102.257305883938,0,0,0,0
23420,92.5073058839382,0,0,0,0
23421,84.3573058839382,0,0,0,0
23422,76.7373058839382,0,0,0,0
23423,73.0873058839382,0,0,0,0
23424,79.4573058839382,0,0,0,0
23425,73.8273058839382,0,0,0,0
23426,105.767305883938,0,0,0,0
23427,69.0073058839382,0,0,0,0
23428,73.1173058839382,0,0,0,0
23429,76.0073058839382,0,0,0,0
23430,79.0873058839382,0,0,0,0
23431,80.1073058839382,0,0,0,0
23432,85.0973058839382,0,0,0,0
23433,89.9373058839383,0,0,0,0
23434,63.6273058839382,0,0,0,0
23435,69.4073058839382,0,0,0,0
23436,80.6173058839382,0,0,0,0
23437,73.9673058839382,0,0,0,0
23438,81.4673058839382,0,0,0,0
23439,67.3073058839382,0,0,0,0
23440,70.7373058839382,0,0,0,0
23441,55.4773058839382,0,0,0,0
23442,67.3973058839382,0,0,0,0
23443,76.3673058839382,0,0,0,0
23444,49.0973058839382,0,0,0,0
23445,55.7273058839382,0,0,0,0
23446,52.8673058839382,0,0,0,0
23447,34.7473058839382,0,0,0,0
23448,47.0873058839382,0,0,0,0
23449,53.8073058839382,0,0,0,0
23450,57.4873058839382,0,0,0,0
23451,75.4673058839382,0,0,0,0
23452,71.2173058839382,0,0,0,0
23453,87.7273058839382,0,0,0,0
23454,106.927305883938,0,0,0,0
23455,71.5873058839382,0,0,0,0
23456,74.9873058839382,0,0,0,0
23457,75.8873058839382,0,0,0,0
23458,84.2473058839382,0,0,0,0
23459,87.8673058839382,0,0,0,0
23460,85.3173058839382,0,0,0,0
23461,88.7773058839382,0,0,0,0
23462,71.4973058839382,0,0,0,0
23463,89.9373058839383,0,0,0,0
23464,43.8073058839382,0,0,0,0
23465,50.6873058839382,0,0,0,0
23466,62.6673058839382,0,0,0,0
23467,35.1673058839382,0,0,0,0
23468,55.7573058839382,0,0,0,0
23469,60.9373058839382,0,0,0,0
23470,31.9373058839382,0,0,0,0
23471,16.7973058839382,0,0,0,0
23472,33.4473058839382,0,0,0,0
23473,38.2273058839382,0,0,0,0
23474,21.9473058839382,0,0,0,0
23475,26.1373058839382,0,0,0,0
23476,42.8473058839382,0,0,0,0
23477,47.6273058839382,0,0,0,0
23478,42.3073058839382,0,0,0,0
23479,78.8373058839382,0,0,0,0
23480,64.1373058839382,0,0,0,0
23481,77.8973058839382,0,0,0,0
23482,77.3873058839382,0,0,0,0
23483,75.7173058839382,0,0,0,0
23484,101.067305883938,0,0,0,0
23485,96.3673058839382,0,0,0,0
23486,106.807305883938,0,0,0,0
23487,103.947305883938,0,0,0,0
23488,110.097305883938,0,0,0,0
23489,92.3673058839382,0,0,0,0
23490,89.7973058839383,0,0,0,0
23491,108.997305883938,0,0,0,0
23492,92.6573058839382,0,0,0,0
23493,105.647305883938,0,0,0,0
23494,99.4473058839382,0,0,0,0
23495,107.037305883938,0,0,0,0
23496,111.657305883938,0,0,0,0
23497,131.077305883938,0,0,0,0
23498,150.137305883938,0,0,0,0
23499,146.567305883938,0,0,0,0
23500,150.417305883938,0,0,0,0
23501,148.667305883938,0,0,0,0
23502,171.427305883938,0,0,0,0
23503,196.947305883938,0,0,0,0
23504,194.707305883938,0,0,0,0
23505,213.477305883938,0,0,0,0
23506,208.187305883938,0,0,0,0
23507,198.447305883938,0,0,0,0
23508,199.437305883938,0,0,0,0
23509,189.247305883938,0,0,0,0
23510,206.827305883938,0,0,0,0
23511,208.247305883938,0,0,0,0
23512,211.867305883938,0,0,0,0
23513,231.827305883938,0,0,0,0
23514,212.827305883938,0,0,0,0
23515,185.107305883938,0,0,0,0
23516,198.187305883938,0,0,0,0
23517,203.117305883938,0,0,0,0
23518,215.607305883938,0,0,0,0
23519,206.407305883938,0,0,0,0
23520,209.967305883938,0,0,0,0
23521,218.037305883938,0,0,0,0
23522,225.887305883938,0,0,0,0
23523,218.037305883938,0,0,0,0
23524,223.027305883938,0,0,0,0
23525,192.217305883938,0,0,0,0
23526,233.727305883938,0,0,0,0
23527,229.167305883938,0,0,0,0
23528,223.197305883938,0,0,0,0
23529,224.667305883938,0,0,0,0
23530,217.647305883938,0,0,0,0
23531,201.817305883938,0,0,0,0
23532,212.827305883938,0,0,0,0
23533,204.447305883938,0,0,0,0
23534,203.057305883938,0,0,0,0
23535,194.797305883938,0,0,0,0
23536,199.037305883938,0,0,0,0
23537,171.347305883938,0,0,0,0
23538,219.997305883938,0,0,0,0
23539,206.007305883938,0,0,0,0
23540,226.587305883938,0,0,0,0
23541,210.677305883938,0,0,0,0
23542,200.457305883938,0,0,0,0
23543,214.867305883938,0,0,0,0
23544,211.387305883938,0,0,0,0
23545,217.247305883938,0,0,0,0
23546,215.717305883938,0,0,0,0
23547,244.687305883938,0,0,0,0
23548,263.547305883938,0,0,0,0
23549,263.487305883938,0,0,0,0
23550,257.227305883938,0,0,0,0
23551,276.937305883938,0,0,0,0
23552,275.697305883938,0,0,0,0
23553,260.377305883938,0,0,0,0
23554,250.717305883938,0,0,0,0
23555,242.447305883938,0,0,0,0
23556,250.487305883938,0,0,0,0
23557,245.597305883938,0,0,0,0
23558,205.577305883938,0,0,0,0
23559,165.597305883938,0,0,0,0
23560,178.677305883938,0,0,0,0
23561,197.397305883938,0,0,0,0
23562,179.277305883938,0,0,0,0
23563,181.537305883938,0,0,0,0
23564,179.897305883938,0,0,0,0
23565,178.817305883938,0,0,0,0
23566,176.927305883938,0,0,0,0
23567,203.517305883938,0,0,0,0
23568,196.377305883938,0,0,0,0
23569,198.277305883938,0,0,0,0
23570,202.437305883938,0,0,0,0
23571,210.397305883938,0,0,0,0
23572,195.297305883938,0,0,0,0
23573,203.057305883938,0,0,0,0
23574,208.527305883938,0,0,0,0
23575,193.457305883938,0,0,0,0
23576,194.567305883938,0,0,0,0
23577,193.237305883938,0,0,0,0
23578,209.937305883938,0,0,0,0
23579,201.387305883938,0,0,0,0
23580,207.027305883938,0,0,0,0
23581,192.247305883938,0,0,0,0
23582,200.537305883938,0,0,0,0
23583,205.217305883938,0,0,0,0
23584,193.797305883938,0,0,0,0
23585,217.277305883938,0,0,0,0
23586,186.747305883938,0,0,0,0
23587,184.227305883938,0,0,0,0
23588,178.137305883938,0,0,0,0
23589,207.337305883938,0,0,0,0
23590,183.747305883938,0,0,0,0
23591,186.717305883938,0,0,0,0
23592,216.487305883938,0,0,0,0
23593,175.597305883938,0,0,0,0
23594,220.847305883938,0,0,0,0
23595,215.997305883938,0,0,0,0
23596,179.137305883938,0,0,0,0
23597,175.427305883938,0,0,0,0
23598,166.587305883938,0,0,0,0
23599,162.397305883938,0,0,0,0
23600,152.687305883938,0,0,0,0
23601,160.897305883938,0,0,0,0
23602,152.177305883938,0,0,0,0
23603,166.727305883938,0,0,0,0
23604,154.217305883938,0,0,0,0
23605,151.947305883938,0,0,0,0
23606,146.657305883938,0,0,0,0
23607,149.397305883938,0,0,0,0
23608,157.297305883938,0,0,0,0
23609,154.467305883938,0,0,0,0
23610,156.597305883938,0,0,0,0
23611,147.587305883938,0,0,0,0
23612,177.997305883938,0,0,0,0
23613,163.787305883938,0,0,0,0
23614,185.957305883938,0,0,0,0
23615,184.877305883938,0,0,0,0
23616,202.637305883938,0,0,0,0
23617,181.567305883938,0,0,0,0
23618,188.167305883938,0,0,0,0
23619,195.277305883938,0,0,0,0
23620,186.747305883938,0,0,0,0
23621,204.927305883938,0,0,0,0
23622,184.937305883938,0,0,0,0
23623,181.117305883938,0,0,0,0
23624,177.097305883938,0,0,0,0
23625,177.297305883938,0,0,0,0
23626,165.347305883938,0,0,0,0
23627,163.867305883938,0,0,0,0
23628,159.397305883938,0,0,0,0
23629,178.167305883938,0,0,0,0
23630,161.127305883938,0,0,0,0
23631,169.417305883938,0,0,0,0
23632,166.447305883938,0,0,0,0
23633,147.677305883938,0,0,0,0
23634,162.287305883938,0,0,0,0
23635,154.557305883938,0,0,0,0
23636,146.827305883938,0,0,0,0
23637,160.617305883938,0,0,0,0
23638,143.937305883938,0,0,0,0
23639,153.817305883938,0,0,0,0
23640,146.567305883938,0,0,0,0
23641,156.877305883938,0,0,0,0
23642,145.437305883938,0,0,0,0
23643,137.257305883938,0,0,0,0
23644,119.977305883938,0,0,0,0
23645,98.5473058839383,0,0,0,0
23646,120.457305883938,0,0,0,0
23647,124.337305883938,0,0,0,0
23648,121.337305883938,0,0,0,0
23649,120.997305883938,0,0,0,0
23650,130.197305883938,0,0,0,0
23651,133.547305883938,0,0,0,0
23652,118.507305883938,0,0,0,0
23653,115.137305883938,0,0,0,0
23654,125.557305883938,0,0,0,0
23655,134.167305883938,0,0,0,0
23656,110.807305883938,0,0,0,0
23657,128.417305883938,0,0,0,0
23658,112.957305883938,0,0,0,0
23659,116.607305883938,0,0,0,0
23660,100.527305883938,0,0,0,0
23661,88.6373058839382,0,0,0,0
23662,108.767305883938,0,0,0,0
23663,102.257305883938,0,0,0,0
23664,120.937305883938,0,0,0,0
23665,92.3373058839382,0,0,0,0
23666,105.707305883938,0,0,0,0
23667,98.3473058839382,0,0,0,0
23668,96.9573058839382,0,0,0,0
23669,85.2073058839382,0,0,0,0
23670,84.6973058839382,0,0,0,0
23671,103.497305883938,0,0,0,0
23672,141.897305883938,0,0,0,0
23673,69.6073058839382,0,0,0,0
23674,72.7173058839382,0,0,0,0
23675,120.997305883938,0,0,0,0
23676,119.527305883938,0,0,0,0
23677,128.247305883938,0,0,0,0
23678,78.7473058839382,0,0,0,0
23679,69.4373058839383,0,0,0,0
23680,131.217305883938,0,0,0,0
23681,80.2273058839382,0,0,0,0
23682,71.8673058839382,0,0,0,0
23683,123.207305883938,0,0,0,0
23684,132.837305883938,0,0,0,0
23685,135.467305883938,0,0,0,0
23686,140.987305883938,0,0,0,0
23687,143.427305883938,0,0,0,0
23688,137.367305883938,0,0,0,0
23689,141.327305883938,0,0,0,0
23690,140.737305883938,0,0,0,0
23691,122.787305883938,0,0,0,0
23692,139.067305883938,0,0,0,0
23693,129.807305883938,0,0,0,0
23694,139.967305883938,0,0,0,0
23695,134.107305883938,0,0,0,0
23696,124.707305883938,0,0,0,0
23697,120.797305883938,0,0,0,0
23698,122.447305883938,0,0,0,0
23699,103.107305883938,0,0,0,0
23700,102.337305883938,0,0,0,0
23701,126.297305883938,0,0,0,0
23702,113.697305883938,0,0,0,0
23703,124.797305883938,0,0,0,0
23704,111.937305883938,0,0,0,0
23705,103.417305883938,0,0,0,0
23706,110.407305883938,0,0,0,0
23707,107.517305883938,0,0,0,0
23708,110.947305883938,0,0,0,0
23709,105.227305883938,0,0,0,0
23710,110.037305883938,0,0,0,0
23711,104.237305883938,0,0,0,0
23712,98.0573058839382,0,0,0,0
23713,69.6873058839383,0,0,0,0
23714,90.7273058839382,0,0,0,0
23715,91.9473058839382,0,0,0,0
23716,63.7173058839382,0,0,0,0
23717,59.5773058839382,0,0,0,0
23718,79.2873058839382,0,0,0,0
23719,81.6073058839382,0,0,0,0
23720,24.8673058839382,0,0,0,0
23721,11.6373058839382,0,0,0,0
23722,23.3573058839382,0,0,0,0
23723,51.9373058839382,0,0,0,0
23724,24.9173058839382,0,0,0,0
23725,46.0173058839382,0,0,0,0
23726,56.6873058839382,0,0,0,0
23727,64.6173058839382,0,0,0,0
23728,23.4173058839382,0,0,0,0
23729,9.31730588393824,0,0,0,0
23730,38.7073058839382,0,0,0,0
23731,53.6573058839382,0,0,0,0
23732,63.2573058839382,0,0,0,0
23733,52.4973058839382,0,0,0,0
23734,18.2973058839382,0,0,0,0
23735,26.8473058839382,0,0,0,0
23736,49.6373058839382,0,0,0,0
23737,41.3473058839382,0,0,0,0
23738,42.4473058839382,0,0,0,0
23739,63.7173058839382,0,0,0,0
23740,75.9773058839382,0,0,0,0
23741,79.8573058839382,0,0,0,0
23742,85.1473058839382,0,0,0,0
23743,62.1273058839382,0,0,0,0
23744,101.487305883938,0,0,0,0
23745,77.5573058839382,0,0,0,0
23746,87.6173058839382,0,0,0,0
23747,65.0173058839382,0,0,0,0
23748,78.4073058839382,0,0,0,0
23749,83.3373058839382,0,0,0,0
23750,90.4973058839382,0,0,0,0
23751,89.5373058839382,0,0,0,0
23752,90.1373058839382,0,0,0,0
23753,90.0173058839382,0,0,0,0
23754,121.027305883938,0,0,0,0
23755,102.477305883938,0,0,0,0
23756,70.4773058839382,0,0,0,0
23757,79.8573058839382,0,0,0,0
23758,71.5873058839382,0,0,0,0
23759,79.0373058839382,0,0,0,0
23760,123.997305883938,0,0,0,0
23761,88.2673058839382,0,0,0,0
23762,83.9273058839382,0,0,0,0
23763,52.8073058839382,0,0,0,0
23764,96.9273058839382,0,0,0,0
23765,102.847305883938,0,0,0,0
23766,59.4373058839382,0,0,0,0
23767,66.0973058839382,0,0,0,0
23768,123.437305883938,0,0,0,0
23769,63.3173058839382,0,0,0,0
23770,105.597305883938,0,0,0,0
23771,102.907305883938,0,0,0,0
23772,105.477305883938,0,0,0,0
23773,58.3573058839382,0,0,0,0
23774,60.0573058839382,0,0,0,0
23775,127.167305883938,0,0,0,0
23776,61.0273058839382,0,0,0,0
23777,104.377305883938,0,0,0,0
23778,49.9473058839382,0,0,0,0
23779,13.3673058839382,0,0,0,0
23780,18.0673058839382,0,0,0,0
23781,72.1473058839382,0,0,0,0
23782,13.9073058839382,0,0,0,0
23783,53.6373058839382,0,0,0,0
23784,34.6573058839382,0,0,0,0
23785,36.8673058839382,0,0,0,0
23786,32.3073058839382,0,0,0,0
23787,37.6073058839382,0,0,0,0
23788,58.6473058839382,0,0,0,0
23789,45.8473058839382,0,0,0,0
23790,30.8373058839382,0,0,0,0
23791,54.2873058839382,0,0,0,0
23792,60.3173058839382,0,0,0,0
23793,53.7473058839382,0,0,0,0
23794,64.1973058839382,0,0,0,0
23795,65.0173058839382,0,0,0,0
23796,65.9473058839382,0,0,0,0
23797,78.5473058839383,0,0,0,0
23798,81.8073058839382,0,0,0,0
23799,84.4973058839382,0,0,0,0
23800,83.9873058839382,0,0,0,0
23801,58.7873058839382,0,0,0,0
23802,77.9273058839382,0,0,0,0
23803,96.4773058839382,0,0,0,0
23804,92.5373058839382,0,0,0,0
23805,98.7173058839382,0,0,0,0
23806,82.6573058839382,0,0,0,0
23807,86.7073058839382,0,0,0,0
23808,58.0773058839382,0,0,0,0
23809,95.8573058839382,0,0,0,0
23810,76.3473058839382,0,0,0,0
23811,102.057305883938,0,0,0,0
23812,97.2973058839383,0,0,0,0
23813,91.7773058839382,0,0,0,0
23814,95.3673058839382,0,0,0,0
23815,97.6073058839382,0,0,0,0
23816,59.4673058839382,0,0,0,0
23817,96.1673058839382,0,0,0,0
23818,91.1273058839382,0,0,0,0
23819,86.3973058839382,0,0,0,0
23820,95.7373058839382,0,0,0,0
23821,87.8073058839382,0,0,0,0
23822,76.3673058839382,0,0,0,0
23823,90.8673058839382,0,0,0,0
23824,94.3273058839382,0,0,0,0
23825,84.4173058839382,0,0,0,0
23826,96.2773058839382,0,0,0,0
23827,84.7273058839382,0,0,0,0
23828,92.7673058839382,0,0,0,0
23829,60.2573058839382,0,0,0,0
23830,95.1173058839382,0,0,0,0
23831,80.5373058839382,0,0,0,0
23832,93.5573058839382,0,0,0,0
23833,92.1973058839382,0,0,0,0
23834,82.0673058839382,0,0,0,0
23835,84.1573058839382,0,0,0,0
23836,85.0373058839382,0,0,0,0
23837,83.3973058839382,0,0,0,0
23838,87.5873058839382,0,0,0,0
23839,100.217305883938,0,0,0,0
23840,65.6373058839382,0,0,0,0
23841,82.8573058839382,0,0,0,0
23842,76.4873058839382,0,0,0,0
23843,65.5273058839382,0,0,0,0
23844,91.1773058839382,0,0,0,0
23845,81.8673058839382,0,0,0,0
23846,89.6473058839382,0,0,0,0
23847,101.577305883938,0,0,0,0
23848,115.927305883938,0,0,0,0
23849,110.947305883938,0,0,0,0
23850,101.997305883938,0,0,0,0
23851,113.327305883938,0,0,0,0
23852,125.527305883938,0,0,0,0
23853,133.717305883938,0,0,0,0
23854,137.227305883938,0,0,0,0
23855,165.597305883938,0,0,0,0
23856,170.777305883938,0,0,0,0
23857,213.767305883938,0,0,0,0
23858,185.077305883938,0,0,0,0
23859,189.467305883938,0,0,0,0
23860,199.327305883938,0,0,0,0
23861,189.637305883938,0,0,0,0
23862,196.037305883938,0,0,0,0
23863,187.347305883938,0,0,0,0
23864,208.527305883938,0,0,0,0
23865,197.967305883938,0,0,0,0
23866,216.287305883938,0,0,0,0
23867,203.687305883938,0,0,0,0
23868,178.057305883938,0,0,0,0
23869,217.987305883938,0,0,0,0
23870,206.567305883938,0,0,0,0
23871,203.877305883938,0,0,0,0
23872,220.307305883938,0,0,0,0
23873,201.477305883938,0,0,0,0
23874,209.937305883938,0,0,0,0
23875,245.367305883938,0,0,0,0
23876,156.567305883938,0,0,0,0
23877,196.917305883938,0,0,0,0
23878,202.577305883938,0,0,0,0
23879,209.267305883938,0,0,0,0
23880,218.407305883938,0,0,0,0
23881,182.587305883938,0,0,0,0
23882,219.227305883938,0,0,0,0
23883,219.317305883938,0,0,0,0
23884,208.667305883938,0,0,0,0
23885,197.317305883938,0,0,0,0
23886,196.977305883938,0,0,0,0
23887,201.447305883938,0,0,0,0
23888,193.237305883938,0,0,0,0
23889,213.167305883938,0,0,0,0
23890,199.517305883938,0,0,0,0
23891,187.907305883938,0,0,0,0
23892,193.967305883938,0,0,0,0
23893,176.497305883938,0,0,0,0
23894,179.387305883938,0,0,0,0
23895,173.157305883938,0,0,0,0
23896,187.687305883938,0,0,0,0
23897,191.427305883938,0,0,0,0
23898,181.367305883938,0,0,0,0
23899,183.747305883938,0,0,0,0
23900,193.147305883938,0,0,0,0
23901,165.827305883938,0,0,0,0
23902,166.957305883938,0,0,0,0
23903,174.237305883938,0,0,0,0
23904,163.047305883938,0,0,0,0
23905,180.207305883938,0,0,0,0
23906,171.207305883938,0,0,0,0
23907,196.807305883938,0,0,0,0
23908,183.837305883938,0,0,0,0
23909,171.427305883938,0,0,0,0
23910,172.137305883938,0,0,0,0
23911,178.167305883938,0,0,0,0
23912,163.217305883938,0,0,0,0
23913,166.307305883938,0,0,0,0
23914,183.067305883938,0,0,0,0
23915,161.237305883938,0,0,0,0
23916,169.817305883938,0,0,0,0
23917,163.047305883938,0,0,0,0
23918,167.097305883938,0,0,0,0
23919,163.167305883938,0,0,0,0
23920,172.927305883938,0,0,0,0
23921,166.897305883938,0,0,0,0
23922,146.177305883938,0,0,0,0
23923,145.807305883938,0,0,0,0
23924,155.917305883938,0,0,0,0
23925,165.367305883938,0,0,0,0
23926,182.697305883938,0,0,0,0
23927,170.577305883938,0,0,0,0
23928,171.597305883938,0,0,0,0
23929,162.317305883938,0,0,0,0
23930,169.277305883938,0,0,0,0
23931,157.787305883938,0,0,0,0
23932,166.587305883938,0,0,0,0
23933,174.207305883938,0,0,0,0
23934,179.647305883938,0,0,0,0
23935,168.887305883938,0,0,0,0
23936,176.297305883938,0,0,0,0
23937,165.537305883938,0,0,0,0
23938,164.467305883938,0,0,0,0
23939,166.047305883938,0,0,0,0
23940,170.187305883938,0,0,0,0
23941,144.867305883938,0,0,0,0
23942,172.167305883938,0,0,0,0
23943,140.307305883938,0,0,0,0
23944,155.237305883938,0,0,0,0
23945,164.467305883938,0,0,0,0
23946,151.637305883938,0,0,0,0
23947,151.637305883938,0,0,0,0
23948,161.347305883938,0,0,0,0
23949,160.667305883938,0,0,0,0
23950,152.767305883938,0,0,0,0
23951,174.777305883938,0,0,0,0
23952,158.267305883938,0,0,0,0
23953,157.247305883938,0,0,0,0
23954,153.707305883938,0,0,0,0
23955,158.207305883938,0,0,0,0
23956,164.467305883938,0,0,0,0
23957,150.137305883938,0,0,0,0
23958,153.707305883938,0,0,0,0
23959,156.427305883938,0,0,0,0
23960,156.087305883938,0,0,0,0
23961,156.817305883938,0,0,0,0
23962,154.267305883938,0,0,0,0
23963,145.717305883938,0,0,0,0
23964,154.667305883938,0,0,0,0
23965,147.787305883938,0,0,0,0
23966,154.757305883938,0,0,0,0
23967,183.607305883938,0,0,0,0
23968,171.827305883938,0,0,0,0
23969,152.177305883938,0,0,0,0
23970,155.827305883938,0,0,0,0
23971,134.417305883938,0,0,0,0
23972,155.257305883938,0,0,0,0
23973,149.057305883938,0,0,0,0
23974,162.827305883938,0,0,0,0
23975,163.187305883938,0,0,0,0
23976,136.207305883938,0,0,0,0
23977,172.957305883938,0,0,0,0
23978,155.627305883938,0,0,0,0
23979,152.657305883938,0,0,0,0
23980,135.067305883938,0,0,0,0
23981,157.447305883938,0,0,0,0
23982,158.827305883938,0,0,0,0
23983,142.517305883938,0,0,0,0
23984,154.557305883938,0,0,0,0
23985,142.347305883938,0,0,0,0
23986,156.427305883938,0,0,0,0
23987,164.377305883938,0,0,0,0
23988,167.237305883938,0,0,0,0
23989,160.017305883938,0,0,0,0
23990,175.957305883938,0,0,0,0
23991,161.827305883938,0,0,0,0
23992,163.897305883938,0,0,0,0
23993,143.027305883938,0,0,0,0
23994,174.827305883938,0,0,0,0
23995,181.317305883938,0,0,0,0
23996,156.087305883938,0,0,0,0
23997,167.527305883938,0,0,0,0
23998,180.807305883938,0,0,0,0
23999,147.727305883938,0,0,0,0
24000,137.277305883938,0,0,0,0
24001,139.917305883938,0,0,0,0
24002,141.047305883938,0,0,0,0
24003,145.857305883938,0,0,0,0
24004,172.447305883938,0,0,0,0
24005,154.437305883938,0,0,0,0
24006,140.507305883938,0,0,0,0
24007,146.367305883938,0,0,0,0
24008,170.527305883938,0,0,0,0
24009,154.587305883938,0,0,0,0
24010,163.757305883938,0,0,0,0
24011,142.127305883938,0,0,0,0
24012,145.177305883938,0,0,0,0
24013,157.867305883938,0,0,0,0
24014,144.587305883938,0,0,0,0
24015,164.687305883938,0,0,0,0
24016,164.097305883938,0,0,0,0
24017,163.187305883938,0,0,0,0
24018,151.127305883938,0,0,0,0
24019,163.217305883938,0,0,0,0
24020,165.567305883938,0,0,0,0
24021,185.027305883938,0,0,0,0
24022,183.747305883938,0,0,0,0
24023,166.077305883938,0,0,0,0
24024,162.827305883938,0,0,0,0
24025,160.667305883938,0,0,0,0
24026,175.537305883938,0,0,0,0
24027,168.717305883938,0,0,0,0
24028,162.367305883938,0,0,0,0
24029,144.697305883938,0,0,0,0
24030,160.697305883938,0,0,0,0
24031,165.997305883938,0,0,0,0
24032,149.517305883938,0,0,0,0
24033,159.087305883938,0,0,0,0
24034,176.867305883938,0,0,0,0
24035,138.497305883938,0,0,0,0
24036,117.087305883938,0,0,0,0
24037,134.817305883938,0,0,0,0
24038,129.017305883938,0,0,0,0
24039,136.657305883938,0,0,0,0
24040,122.697305883938,0,0,0,0
24041,129.097305883938,0,0,0,0
24042,105.967305883938,0,0,0,0
24043,133.827305883938,0,0,0,0
24044,138.437305883938,0,0,0,0
24045,135.977305883938,0,0,0,0
24046,123.547305883938,0,0,0,0
24047,126.467305883938,0,0,0,0
24048,145.157305883938,0,0,0,0
24049,117.887305883938,0,0,0,0
24050,137.477305883938,0,0,0,0
24051,126.177305883938,0,0,0,0
24052,129.437305883938,0,0,0,0
24053,130.117305883938,0,0,0,0
24054,130.907305883938,0,0,0,0
24055,144.137305883938,0,0,0,0
24056,121.197305883938,0,0,0,0
24057,122.357305883938,0,0,0,0
24058,124.477305883938,0,0,0,0
24059,125.247305883938,0,0,0,0
24060,117.037305883938,0,0,0,0
24061,93.0173058839382,0,0,0,0
24062,118.587305883938,0,0,0,0
24063,109.077305883938,0,0,0,0
24064,113.697305883938,0,0,0,0
24065,107.607305883938,0,0,0,0
24066,101.827305883938,0,0,0,0
24067,103.897305883938,0,0,0,0
24068,104.997305883938,0,0,0,0
24069,118.277305883938,0,0,0,0
24070,117.797305883938,0,0,0,0
24071,102.137305883938,0,0,0,0
24072,105.337305883938,0,0,0,0
24073,110.747305883938,0,0,0,0
24074,104.407305883938,0,0,0,0
24075,110.037305883938,0,0,0,0
24076,119.927305883938,0,0,0,0
24077,105.117305883938,0,0,0,0
24078,123.127305883938,0,0,0,0
24079,92.4573058839382,0,0,0,0
24080,74.3573058839382,0,0,0,0
24081,105.307305883938,0,0,0,0
24082,109.617305883938,0,0,0,0
24083,123.207305883938,0,0,0,0
24084,104.207305883938,0,0,0,0
24085,98.0873058839382,0,0,0,0
24086,96.3673058839382,0,0,0,0
24087,94.4073058839382,0,0,0,0
24088,91.8573058839382,0,0,0,0
24089,99.6473058839382,0,0,0,0
24090,112.187305883938,0,0,0,0
24091,124.877305883938,0,0,0,0
24092,120.457305883938,0,0,0,0
24093,97.4673058839382,0,0,0,0
24094,105.937305883938,0,0,0,0
24095,102.277305883938,0,0,0,0
24096,80.3973058839382,0,0,0,0
24097,99.8473058839382,0,0,0,0
24098,103.947305883938,0,0,0,0
24099,98.0073058839382,0,0,0,0
24100,112.217305883938,0,0,0,0
24101,70.8773058839382,0,0,0,0
24102,66.1773058839382,0,0,0,0
24103,94.8673058839382,0,0,0,0
24104,87.2773058839382,0,0,0,0
24105,87.0173058839382,0,0,0,0
24106,87.4673058839382,0,0,0,0
24107,83.9873058839382,0,0,0,0
24108,76.1173058839382,0,0,0,0
24109,76.0273058839382,0,0,0,0
24110,79.5173058839382,0,0,0,0
24111,60.4573058839382,0,0,0,0
24112,61.5373058839382,0,0,0,0
24113,64.8473058839382,0,0,0,0
24114,66.2073058839382,0,0,0,0
24115,65.5273058839382,0,0,0,0
24116,66.8273058839382,0,0,0,0
24117,77.4773058839382,0,0,0,0
24118,82.2573058839382,0,0,0,0
24119,53.0973058839382,0,0,0,0
24120,42.3873058839382,0,0,0,0
24121,55.6673058839382,0,0,0,0
24122,52.8973058839382,0,0,0,0
24123,26.6773058839382,0,0,0,0
24124,33.5573058839382,0,0,0,0
24125,34.3473058839382,0,0,0,0
24126,30.4973058839382,0,0,0,0
24127,6.34730588393824,0,0,0,0
24128,14.5873058839382,0,0,0,0
24129,24.8373058839382,0,0,0,0
24130,24.8873058839382,0,0,0,0
24131,27.8073058839382,0,0,0,0
24132,103.297305883938,0,0,0,0
24133,53.7773058839382,0,0,0,0
24134,33.6173058839382,0,0,0,0
24135,33.7573058839382,0,0,0,0
24136,17.1573058839382,0,0,0,0
24137,14.3873058839382,0,0,0,0
24138,34.6873058839382,0,0,0,0
24139,35.3373058839382,0,0,0,0
24140,65.3273058839382,0,0,0,0
24141,66.5173058839382,0,0,0,0
24142,64.5873058839382,0,0,0,0
24143,62.3273058839382,0,0,0,0
24144,71.5873058839382,0,0,0,0
24145,89.2573058839382,0,0,0,0
24146,101.007305883938,0,0,0,0
24147,97.4373058839383,0,0,0,0
24148,80.0773058839382,0,0,0,0
24149,69.0073058839382,0,0,0,0
24150,81.2973058839383,0,0,0,0
24151,83.9873058839382,0,0,0,0
24152,80.3673058839382,0,0,0,0
24153,70.1173058839382,0,0,0,0
24154,63.0073058839382,0,0,0,0
24155,57.0873058839382,0,0,0,0
24156,92.4573058839382,0,0,0,0
24157,87.6973058839382,0,0,0,0
24158,95.0573058839382,0,0,0,0
24159,70.1973058839382,0,0,0,0
24160,78.8073058839382,0,0,0,0
24161,76.5973058839382,0,0,0,0
24162,80.4173058839382,0,0,0,0
24163,91.2073058839382,0,0,0,0
24164,79.8273058839382,0,0,0,0
24165,78.3773058839382,0,0,0,0
24166,88.2673058839382,0,0,0,0
24167,70.6773058839382,0,0,0,0
24168,69.8873058839382,0,0,0,0
24169,47.0373058839382,0,0,0,0
24170,66.2073058839382,0,0,0,0
24171,62.1273058839382,0,0,0,0
24172,36.6473058839382,0,0,0,0
24173,71.4173058839382,0,0,0,0
24174,30.8673058839382,0,0,0,0
24175,37.1773058839382,0,0,0,0
24176,26.8473058839382,0,0,0,0
24177,19.1173058839382,0,0,0,0
24178,14.6173058839382,0,0,0,0
24179,18.8573058839382,0,0,0,0
24180,15.8573058839382,0,0,0,0
24181,38.9973058839382,0,0,0,0
24182,56.5473058839382,0,0,0,0
24183,90.9573058839382,0,0,0,0
24184,499.227305883938,0,0,0,0
24185,491.407305883938,0,0,0,0
24186,481.467305883938,0,0,0,0
24187,487.137305883938,0,0,0,0
24188,485.607305883938,0,0,0,0
24189,420.057305883938,0,0,0,0
24190,393.657305883938,0,0,0,0
24191,332.807305883938,0,0,0,0
24192,282.147305883938,0,0,0,0
24193,194.627305883938,0,0,0,0
24194,123.517305883938,0,0,0,0
24195,125.787305883938,0,0,0,0
24196,217.527305883938,0,0,0,0
24197,163.277305883938,0,0,0,0
24198,133.057305883938,0,0,0,0
24199,101.627305883938,0,0,0,0
24200,157.867305883938,0,0,0,0
24201,138.807305883938,0,0,0,0
24202,135.727305883938,0,0,0,0
24203,146.597305883938,0,0,0,0
24204,148.357305883938,0,0,0,0
24205,134.757305883938,0,0,0,0
24206,105.817305883938,0,0,0,0
24207,139.147305883938,0,0,0,0
24208,99.5673058839382,0,0,0,0
24209,129.607305883938,0,0,0,0
24210,123.007305883938,0,0,0,0
24211,136.177305883938,0,0,0,0
24212,130.457305883938,0,0,0,0
24213,129.037305883938,0,0,0,0
24214,138.047305883938,0,0,0,0
24215,141.637305883938,0,0,0,0
24216,129.777305883938,0,0,0,0
24217,139.917305883938,0,0,0,0
24218,117.237305883938,0,0,0,0
24219,131.677305883938,0,0,0,0
24220,144.327305883938,0,0,0,0
24221,138.637305883938,0,0,0,0
24222,139.687305883938,0,0,0,0
24223,136.577305883938,0,0,0,0
24224,130.907305883938,0,0,0,0
24225,132.097305883938,0,0,0,0
24226,127.317305883938,0,0,0,0
24227,137.957305883938,0,0,0,0
24228,151.697305883938,0,0,0,0
24229,147.387305883938,0,0,0,0
24230,156.877305883938,0,0,0,0
24231,156.257305883938,0,0,0,0
24232,161.177305883938,0,0,0,0
24233,172.417305883938,0,0,0,0
24234,169.057305883938,0,0,0,0
24235,157.927305883938,0,0,0,0
24236,162.627305883938,0,0,0,0
24237,180.267305883938,0,0,0,0
24238,170.187305883938,0,0,0,0
24239,170.047305883938,0,0,0,0
24240,168.057305883938,0,0,0,0
24241,168.997305883938,0,0,0,0
24242,165.367305883938,0,0,0,0
24243,167.497305883938,0,0,0,0
24244,180.637305883938,0,0,0,0
24245,176.667305883938,0,0,0,0
24246,187.087305883938,0,0,0,0
24247,175.107305883938,0,0,0,0
24248,170.697305883938,0,0,0,0
24249,163.337305883938,0,0,0,0
24250,175.337305883938,0,0,0,0
24251,186.607305883938,0,0,0,0
24252,168.287305883938,0,0,0,0
24253,139.067305883938,0,0,0,0
24254,181.567305883938,0,0,0,0
24255,161.007305883938,0,0,0,0
24256,183.607305883938,0,0,0,0
24257,160.357305883938,0,0,0,0
24258,186.697305883938,0,0,0,0
24259,198.327305883938,0,0,0,0
24260,208.807305883938,0,0,0,0
24261,209.627305883938,0,0,0,0
24262,197.937305883938,0,0,0,0
24263,215.717305883938,0,0,0,0
24264,209.937305883938,0,0,0,0
24265,215.037305883938,0,0,0,0
24266,218.887305883938,0,0,0,0
24267,214.837305883938,0,0,0,0
24268,229.397305883938,0,0,0,0
24269,219.397305883938,0,0,0,0
24270,211.927305883938,0,0,0,0
24271,205.577305883938,0,0,0,0
24272,217.447305883938,0,0,0,0
24273,210.087305883938,0,0,0,0
24274,219.827305883938,0,0,0,0
24275,215.657305883938,0,0,0,0
24276,237.407305883938,0,0,0,0
24277,239.447305883938,0,0,0,0
24278,239.897305883938,0,0,0,0
24279,244.237305883938,0,0,0,0
24280,216.657305883938,0,0,0,0
24281,224.407305883938,0,0,0,0
24282,238.657305883938,0,0,0,0
24283,236.527305883938,0,0,0,0
24284,221.127305883938,0,0,0,0
24285,217.757305883938,0,0,0,0
24286,224.127305883938,0,0,0,0
24287,210.277305883938,0,0,0,0
24288,219.057305883938,0,0,0,0
24289,246.157305883938,0,0,0,0
24290,239.847305883938,0,0,0,0
24291,222.177305883938,0,0,0,0
24292,235.767305883938,0,0,0,0
24293,232.537305883938,0,0,0,0
24294,221.357305883938,0,0,0,0
24295,241.007305883938,0,0,0,0
24296,250.547305883938,0,0,0,0
24297,240.127305883938,0,0,0,0
24298,257.797305883938,0,0,0,0
24299,268.477305883938,0,0,0,0
24300,249.277305883938,0,0,0,0
24301,253.347305883938,0,0,0,0
24302,232.627305883938,0,0,0,0
24303,252.927305883938,0,0,0,0
24304,237.637305883938,0,0,0,0
24305,238.227305883938,0,0,0,0
24306,245.787305883938,0,0,0,0
24307,245.617305883938,0,0,0,0
24308,248.197305883938,0,0,0,0
24309,261.107305883938,0,0,0,0
24310,264.367305883938,0,0,0,0
24311,263.967305883938,0,0,0,0
24312,252.787305883938,0,0,0,0
24313,256.157305883938,0,0,0,0
24314,263.517305883938,0,0,0,0
24315,264.397305883938,0,0,0,0
24316,263.317305883938,0,0,0,0
24317,264.677305883938,0,0,0,0
24318,255.167305883938,0,0,0,0
24319,252.137305883938,0,0,0,0
24320,258.337305883938,0,0,0,0
24321,257.397305883938,0,0,0,0
24322,259.947305883938,0,0,0,0
24323,256.327305883938,0,0,0,0
24324,265.187305883938,0,0,0,0
24325,260.087305883938,0,0,0,0
24326,254.597305883938,0,0,0,0
24327,262.017305883938,0,0,0,0
24328,263.067305883938,0,0,0,0
24329,262.587305883938,0,0,0,0
24330,252.957305883938,0,0,0,0
24331,261.847305883938,0,0,0,0
24332,272.407305883938,0,0,0,0
24333,255.047305883938,0,0,0,0
24334,243.157305883938,0,0,0,0
24335,262.557305883938,0,0,0,0
24336,260.487305883938,0,0,0,0
24337,256.467305883938,0,0,0,0
24338,258.847305883938,0,0,0,0
24339,245.647305883938,0,0,0,0
24340,259.527305883938,0,0,0,0
24341,249.587305883938,0,0,0,0
24342,240.187305883938,0,0,0,0
24343,251.287305883938,0,0,0,0
24344,255.867305883938,0,0,0,0
24345,269.327305883938,0,0,0,0
24346,267.567305883938,0,0,0,0
24347,271.647305883938,0,0,0,0
24348,275.977305883938,0,0,0,0
24349,272.747305883938,0,0,0,0
24350,269.997305883938,0,0,0,0
24351,261.847305883938,0,0,0,0
24352,255.167305883938,0,0,0,0
24353,248.457305883938,0,0,0,0
24354,253.327305883938,0,0,0,0
24355,276.687305883938,0,0,0,0
24356,243.807305883938,0,0,0,0
24357,259.097305883938,0,0,0,0
24358,238.457305883938,0,0,0,0
24359,216.707305883938,0,0,0,0
24360,239.277305883938,0,0,0,0
24361,228.577305883938,0,0,0,0
24362,218.717305883938,0,0,0,0
24363,226.397305883938,0,0,0,0
24364,229.447305883938,0,0,0,0
24365,220.047305883938,0,0,0,0
24366,231.437305883938,0,0,0,0
24367,240.237305883938,0,0,0,0
24368,224.387305883938,0,0,0,0
24369,232.257305883938,0,0,0,0
24370,206.717305883938,0,0,0,0
24371,217.477305883938,0,0,0,0
24372,204.587305883938,0,0,0,0
24373,208.587305883938,0,0,0,0
24374,203.567305883938,0,0,0,0
24375,211.637305883938,0,0,0,0
24376,188.987305883938,0,0,0,0
24377,192.437305883938,0,0,0,0
24378,182.897305883938,0,0,0,0
24379,193.007305883938,0,0,0,0
24380,192.017305883938,0,0,0,0
24381,181.337305883938,0,0,0,0
24382,186.267305883938,0,0,0,0
24383,199.837305883938,0,0,0,0
24384,186.437305883938,0,0,0,0
24385,188.617305883938,0,0,0,0
24386,169.337305883938,0,0,0,0
24387,143.507305883938,0,0,0,0
24388,174.857305883938,0,0,0,0
24389,175.107305883938,0,0,0,0
24390,169.197305883938,0,0,0,0
24391,182.357305883938,0,0,0,0
24392,180.947305883938,0,0,0,0
24393,167.837305883938,0,0,0,0
24394,178.257305883938,0,0,0,0
24395,160.247305883938,0,0,0,0
24396,177.807305883938,0,0,0,0
24397,173.927305883938,0,0,0,0
24398,150.277305883938,0,0,0,0
24399,139.517305883938,0,0,0,0
24400,153.447305883938,0,0,0,0
24401,167.187305883938,0,0,0,0
24402,165.597305883938,0,0,0,0
24403,160.387305883938,0,0,0,0
24404,155.237305883938,0,0,0,0
24405,139.657305883938,0,0,0,0
24406,139.657305883938,0,0,0,0
24407,138.927305883938,0,0,0,0
24408,118.137305883938,0,0,0,0
24409,112.587305883938,0,0,0,0
24410,158.287305883938,0,0,0,0
24411,127.487305883938,0,0,0,0
24412,142.827305883938,0,0,0,0
24413,139.317305883938,0,0,0,0
24414,123.797305883938,0,0,0,0
24415,120.267305883938,0,0,0,0
24416,116.097305883938,0,0,0,0
24417,135.387305883938,0,0,0,0
24418,128.677305883938,0,0,0,0
24419,127.487305883938,0,0,0,0
24420,115.047305883938,0,0,0,0
24421,107.177305883938,0,0,0,0
24422,116.977305883938,0,0,0,0
24423,124.427305883938,0,0,0,0
24424,138.637305883938,0,0,0,0
24425,133.657305883938,0,0,0,0
24426,143.367305883938,0,0,0,0
24427,144.987305883938,0,0,0,0
24428,133.797305883938,0,0,0,0
24429,117.177305883938,0,0,0,0
24430,123.517305883938,0,0,0,0
24431,127.227305883938,0,0,0,0
24432,126.637305883938,0,0,0,0
24433,135.577305883938,0,0,0,0
24434,134.707305883938,0,0,0,0
24435,121.027305883938,0,0,0,0
24436,129.577305883938,0,0,0,0
24437,126.177305883938,0,0,0,0
24438,128.617305883938,0,0,0,0
24439,123.267305883938,0,0,0,0
24440,128.507305883938,0,0,0,0
24441,138.587305883938,0,0,0,0
24442,119.977305883938,0,0,0,0
24443,121.647305883938,0,0,0,0
24444,134.367305883938,0,0,0,0
24445,132.667305883938,0,0,0,0
24446,120.007305883938,0,0,0,0
24447,118.057305883938,0,0,0,0
24448,119.017305883938,0,0,0,0
24449,144.247305883938,0,0,0,0
24450,147.277305883938,0,0,0,0
24451,136.917305883938,0,0,0,0
24452,120.097305883938,0,0,0,0
24453,101.037305883938,0,0,0,0
24454,115.507305883938,0,0,0,0
24455,115.387305883938,0,0,0,0
24456,50.1773058839382,0,0,0,0
24457,72.5173058839382,0,0,0,0
24458,82.5773058839382,0,0,0,0
24459,84.5573058839382,0,0,0,0
24460,78.4673058839382,0,0,0,0
24461,100.157305883938,0,0,0,0
24462,219.367305883938,0,0,0,0
24463,225.797305883938,0,0,0,0
24464,267.087305883938,0,0,0,0
24465,282.627305883938,0,0,0,0
24466,263.377305883938,0,0,0,0
24467,267.907305883938,0,0,0,0
24468,235.657305883938,0,0,0,0
24469,249.107305883938,0,0,0,0
24470,263.517305883938,0,0,0,0
24471,241.937305883938,0,0,0,0
24472,214.557305883938,0,0,0,0
