$10/1/1995-12/31/2016 SHA outflow (historical),,,,,
,,,,,
JDAY,QOUT,QOUT,QOUT,QOUT,QOUT
16710,3.3,0.0,0.0,0.0,0.0
16711,159.2,0.0,0.0,0.0,0.0
16712,135.0,0.0,0.0,0.0,0.0
16713,124.3,0.0,0.0,0.0,0.0
16714,103.6,0.0,0.0,0.0,0.0
16715,119.4,0.0,0.0,0.0,0.0
16716,122.0,0.0,0.0,0.0,0.0
16717,127.3,0.0,0.0,0.0,0.0
16718,131.9,0.0,0.0,0.0,0.0
16719,124.5,0.0,0.0,0.0,0.0
16720,130.0,0.0,0.0,0.0,0.0
16721,115.0,0.0,0.0,0.0,0.0
16722,105.2,0.0,0.0,0.0,0.0
16723,111.7,0.0,0.0,0.0,0.0
16724,115.5,0.0,0.0,0.0,0.0
16725,112.0,0.0,0.0,0.0,0.0
16726,121.1,0.0,0.0,0.0,0.0
16727,123.7,0.0,0.0,0.0,0.0
16728,112.0,0.0,0.0,0.0,0.0
16729,97.0,0.0,0.0,0.0,0.0
16730,113.4,0.0,0.0,0.0,0.0
16731,128.9,0.0,0.0,0.0,0.0
16732,115.3,0.0,0.0,0.0,0.0
16733,149.1,0.0,0.0,0.0,0.0
16734,150.6,0.0,0.0,0.0,0.0
16735,149.5,0.0,0.0,0.0,0.0
16736,140.0,0.0,0.0,0.0,0.0
16737,143.4,0.0,0.0,0.0,0.0
16738,145.9,0.0,0.0,0.0,0.0
16739,155.2,0.0,0.0,0.0,0.0
16740,148.7,0.0,0.0,0.0,0.0
16741,137.3,0.0,0.0,0.0,0.0
16742,113.9,0.0,0.0,0.0,0.0
16743,150.1,0.0,0.0,0.0,0.0
16744,115.8,0.0,0.0,0.0,0.0
16745,119.3,0.0,0.0,0.0,0.0
16746,153.4,0.0,0.0,0.0,0.0
16747,157.5,0.0,0.0,0.0,0.0
16748,129.7,0.0,0.0,0.0,0.0
16749,129.7,0.0,0.0,0.0,0.0
16750,154.0,0.0,0.0,0.0,0.0
16751,153.6,0.0,0.0,0.0,0.0
16752,135.8,0.0,0.0,0.0,0.0
16753,144.5,0.0,0.0,0.0,0.0
16754,123.9,0.0,0.0,0.0,0.0
16755,129.5,0.0,0.0,0.0,0.0
16756,131.5,0.0,0.0,0.0,0.0
16757,151.9,0.0,0.0,0.0,0.0
16758,145.5,0.0,0.0,0.0,0.0
16759,149.4,0.0,0.0,0.0,0.0
16760,136.6,0.0,0.0,0.0,0.0
16761,139.4,0.0,0.0,0.0,0.0
16762,143.3,0.0,0.0,0.0,0.0
16763,133.0,0.0,0.0,0.0,0.0
16764,152.2,0.0,0.0,0.0,0.0
16765,138.0,0.0,0.0,0.0,0.0
16766,135.0,0.0,0.0,0.0,0.0
16767,133.3,0.0,0.0,0.0,0.0
16768,132.2,0.0,0.0,0.0,0.0
16769,137.6,0.0,0.0,0.0,0.0
16770,137.9,0.0,0.0,0.0,0.0
16771,137.8,0.0,0.0,0.0,0.0
16772,143.4,0.0,0.0,0.0,0.0
16773,130.6,0.0,0.0,0.0,0.0
16774,118.7,0.0,0.0,0.0,0.0
16775,129.4,0.0,0.0,0.0,0.0
16776,144.5,0.0,0.0,0.0,0.0
16777,143.3,0.0,0.0,0.0,0.0
16778,158.4,0.0,0.0,0.0,0.0
16779,150.1,0.0,0.0,0.0,0.0
16780,142.1,0.0,0.0,0.0,0.0
16781,144.3,0.0,0.0,0.0,0.0
16782,76.7,0.0,0.0,0.0,0.0
16783,72.5,0.0,0.0,0.0,0.0
16784,102.3,0.0,0.0,0.0,0.0
16785,95.1,0.0,0.0,0.0,0.0
16786,89.0,0.0,0.0,0.0,0.0
16787,138.9,0.0,0.0,0.0,0.0
16788,136.5,0.0,0.0,0.0,0.0
16789,134.2,0.0,0.0,0.0,0.0
16790,129.1,0.0,0.0,0.0,0.0
16791,140.9,0.0,0.0,0.0,0.0
16792,139.6,0.0,0.0,0.0,0.0
16793,136.8,0.0,0.0,0.0,0.0
16794,134.5,0.0,0.0,0.0,0.0
16795,138.6,0.0,0.0,0.0,0.0
16796,142.6,0.0,0.0,0.0,0.0
16797,139.1,0.0,0.0,0.0,0.0
16798,133.7,0.0,0.0,0.0,0.0
16799,136.1,0.0,0.0,0.0,0.0
16800,119.4,0.0,0.0,0.0,0.0
16801,119.2,0.0,0.0,0.0,0.0
16802,139.2,0.0,0.0,0.0,0.0
16803,142.3,0.0,0.0,0.0,0.0
16804,139.3,0.0,0.0,0.0,0.0
16805,136.7,0.0,0.0,0.0,0.0
16806,126.9,0.0,0.0,0.0,0.0
16807,127.6,0.0,0.0,0.0,0.0
16808,125.4,0.0,0.0,0.0,0.0
16809,119.1,0.0,0.0,0.0,0.0
16810,120.0,0.0,0.0,0.0,0.0
16811,104.0,0.0,0.0,0.0,0.0
16812,107.8,0.0,0.0,0.0,0.0
16813,117.7,0.0,0.0,0.0,0.0
16814,126.4,0.0,0.0,0.0,0.0
16815,118.6,0.0,0.0,0.0,0.0
16816,124.0,0.0,0.0,0.0,0.0
16817,103.3,0.0,0.0,0.0,0.0
16818,76.9,0.0,0.0,0.0,0.0
16819,94.1,0.0,0.0,0.0,0.0
16820,92.1,0.0,0.0,0.0,0.0
16821,96.2,0.0,0.0,0.0,0.0
16822,78.4,0.0,0.0,0.0,0.0
16823,84.2,0.0,0.0,0.0,0.0
16824,99.4,0.0,0.0,0.0,0.0
16825,109.4,0.0,0.0,0.0,0.0
16826,105.8,0.0,0.0,0.0,0.0
16827,113.5,0.0,0.0,0.0,0.0
16828,278.2,0.0,0.0,0.0,0.0
16829,314.2,0.0,0.0,0.0,0.0
16830,352.6,0.0,0.0,0.0,0.0
16831,298.3,0.0,0.0,0.0,0.0
16832,248.8,0.0,0.0,0.0,0.0
16833,187.4,0.0,0.0,0.0,0.0
16834,153.6,0.0,0.0,0.0,0.0
16835,164.5,0.0,0.0,0.0,0.0
16836,114.6,0.0,0.0,0.0,0.0
16837,90.3,0.0,0.0,0.0,0.0
16838,205.4,0.0,0.0,0.0,0.0
16839,238.2,0.0,0.0,0.0,0.0
16840,259.1,0.0,0.0,0.0,0.0
16841,213.3,0.0,0.0,0.0,0.0
16842,446.4,0.0,0.0,0.0,0.0
16843,487.5,0.0,0.0,0.0,0.0
16844,541.5,0.0,0.0,0.0,0.0
16845,783.5,0.0,0.0,0.0,0.0
16846,859.6,0.0,0.0,0.0,0.0
16847,838.4,0.0,0.0,0.0,0.0
16848,678.8,0.0,0.0,0.0,0.0
16849,690.8,0.0,0.0,0.0,0.0
16850,770.7,0.0,0.0,0.0,0.0
16851,882.4,0.0,0.0,0.0,0.0
16852,854.7,0.0,0.0,0.0,0.0
16853,935.0,0.0,0.0,0.0,0.0
16854,395.7,0.0,0.0,0.0,0.0
16855,1405.6,0.0,0.0,0.0,0.0
16856,1475.6,0.0,0.0,0.0,0.0
16857,1424.3,0.0,0.0,0.0,0.0
16858,1476.3,0.0,0.0,0.0,0.0
16859,1299.3,0.0,0.0,0.0,0.0
16860,1187.1,0.0,0.0,0.0,0.0
16861,928.2,0.0,0.0,0.0,0.0
16862,989.0,0.0,0.0,0.0,0.0
16863,963.9,0.0,0.0,0.0,0.0
16864,849.1,0.0,0.0,0.0,0.0
16865,880.3,0.0,0.0,0.0,0.0
16866,720.9,0.0,0.0,0.0,0.0
16867,576.2,0.0,0.0,0.0,0.0
16868,608.1,0.0,0.0,0.0,0.0
16869,580.0,0.0,0.0,0.0,0.0
16870,581.9,0.0,0.0,0.0,0.0
16871,491.6,0.0,0.0,0.0,0.0
16872,419.0,0.0,0.0,0.0,0.0
16873,388.1,0.0,0.0,0.0,0.0
16874,445.3,0.0,0.0,0.0,0.0
16875,450.1,0.0,0.0,0.0,0.0
16876,393.4,0.0,0.0,0.0,0.0
16877,3.3,0.0,0.0,0.0,0.0
16878,244.4,0.0,0.0,0.0,0.0
16879,273.9,0.0,0.0,0.0,0.0
16880,268.0,0.0,0.0,0.0,0.0
16881,215.9,0.0,0.0,0.0,0.0
16882,191.6,0.0,0.0,0.0,0.0
16883,184.1,0.0,0.0,0.0,0.0
16884,144.8,0.0,0.0,0.0,0.0
16885,145.9,0.0,0.0,0.0,0.0
16886,140.8,0.0,0.0,0.0,0.0
16887,136.6,0.0,0.0,0.0,0.0
16888,153.2,0.0,0.0,0.0,0.0
16889,125.8,0.0,0.0,0.0,0.0
16890,134.2,0.0,0.0,0.0,0.0
16891,122.5,0.0,0.0,0.0,0.0
16892,124.9,0.0,0.0,0.0,0.0
16893,132.2,0.0,0.0,0.0,0.0
16894,116.0,0.0,0.0,0.0,0.0
16895,116.4,0.0,0.0,0.0,0.0
16896,124.0,0.0,0.0,0.0,0.0
16897,123.2,0.0,0.0,0.0,0.0
16898,120.8,0.0,0.0,0.0,0.0
16899,118.8,0.0,0.0,0.0,0.0
16900,130.4,0.0,0.0,0.0,0.0
16901,114.2,0.0,0.0,0.0,0.0
16902,115.4,0.0,0.0,0.0,0.0
16903,128.1,0.0,0.0,0.0,0.0
16904,129.3,0.0,0.0,0.0,0.0
16905,138.9,0.0,0.0,0.0,0.0
16906,125.3,0.0,0.0,0.0,0.0
16907,120.5,0.0,0.0,0.0,0.0
16908,126.1,0.0,0.0,0.0,0.0
16909,122.4,0.0,0.0,0.0,0.0
16910,111.3,0.0,0.0,0.0,0.0
16911,109.8,0.0,0.0,0.0,0.0
16912,92.6,0.0,0.0,0.0,0.0
16913,95.3,0.0,0.0,0.0,0.0
16914,102.1,0.0,0.0,0.0,0.0
16915,102.4,0.0,0.0,0.0,0.0
16916,102.0,0.0,0.0,0.0,0.0
16917,117.5,0.0,0.0,0.0,0.0
16918,131.6,0.0,0.0,0.0,0.0
16919,157.5,0.0,0.0,0.0,0.0
16920,170.1,0.0,0.0,0.0,0.0
16921,166.5,0.0,0.0,0.0,0.0
16922,166.8,0.0,0.0,0.0,0.0
16923,197.3,0.0,0.0,0.0,0.0
16924,201.3,0.0,0.0,0.0,0.0
16925,173.9,0.0,0.0,0.0,0.0
16926,163.9,0.0,0.0,0.0,0.0
16927,153.8,0.0,0.0,0.0,0.0
16928,157.2,0.0,0.0,0.0,0.0
16929,158.9,0.0,0.0,0.0,0.0
16930,157.9,0.0,0.0,0.0,0.0
16931,182.6,0.0,0.0,0.0,0.0
16932,209.4,0.0,0.0,0.0,0.0
16933,224.5,0.0,0.0,0.0,0.0
16934,227.9,0.0,0.0,0.0,0.0
16935,236.0,0.0,0.0,0.0,0.0
16936,259.4,0.0,0.0,0.0,0.0
16937,260.8,0.0,0.0,0.0,0.0
16938,226.1,0.0,0.0,0.0,0.0
16939,184.1,0.0,0.0,0.0,0.0
16940,164.6,0.0,0.0,0.0,0.0
16941,401.4,0.0,0.0,0.0,0.0
16942,400.9,0.0,0.0,0.0,0.0
16943,422.5,0.0,0.0,0.0,0.0
16944,481.8,0.0,0.0,0.0,0.0
16945,426.5,0.0,0.0,0.0,0.0
16946,389.8,0.0,0.0,0.0,0.0
16947,410.3,0.0,0.0,0.0,0.0
16948,332.7,0.0,0.0,0.0,0.0
16949,281.3,0.0,0.0,0.0,0.0
16950,331.6,0.0,0.0,0.0,0.0
16951,380.0,0.0,0.0,0.0,0.0
16952,372.4,0.0,0.0,0.0,0.0
16953,372.4,0.0,0.0,0.0,0.0
16954,371.0,0.0,0.0,0.0,0.0
16955,349.2,0.0,0.0,0.0,0.0
16956,406.4,0.0,0.0,0.0,0.0
16957,371.7,0.0,0.0,0.0,0.0
16958,406.0,0.0,0.0,0.0,0.0
16959,408.4,0.0,0.0,0.0,0.0
16960,398.0,0.0,0.0,0.0,0.0
16961,352.2,0.0,0.0,0.0,0.0
16962,391.3,0.0,0.0,0.0,0.0
16963,360.3,0.0,0.0,0.0,0.0
16964,345.2,0.0,0.0,0.0,0.0
16965,340.7,0.0,0.0,0.0,0.0
16966,342.1,0.0,0.0,0.0,0.0
16967,363.0,0.0,0.0,0.0,0.0
16968,322.9,0.0,0.0,0.0,0.0
16969,330.3,0.0,0.0,0.0,0.0
16970,301.6,0.0,0.0,0.0,0.0
16971,332.1,0.0,0.0,0.0,0.0
16972,275.8,0.0,0.0,0.0,0.0
16973,310.0,0.0,0.0,0.0,0.0
16974,270.2,0.0,0.0,0.0,0.0
16975,303.4,0.0,0.0,0.0,0.0
16976,295.0,0.0,0.0,0.0,0.0
16977,291.4,0.0,0.0,0.0,0.0
16978,240.2,0.0,0.0,0.0,0.0
16979,259.4,0.0,0.0,0.0,0.0
16980,274.0,0.0,0.0,0.0,0.0
16981,273.6,0.0,0.0,0.0,0.0
16982,275.5,0.0,0.0,0.0,0.0
16983,297.7,0.0,0.0,0.0,0.0
16984,332.3,0.0,0.0,0.0,0.0
16985,340.3,0.0,0.0,0.0,0.0
16986,330.9,0.0,0.0,0.0,0.0
16987,318.2,0.0,0.0,0.0,0.0
16988,317.4,0.0,0.0,0.0,0.0
16989,329.5,0.0,0.0,0.0,0.0
16990,329.7,0.0,0.0,0.0,0.0
16991,326.0,0.0,0.0,0.0,0.0
16992,338.8,0.0,0.0,0.0,0.0
16993,329.9,0.0,0.0,0.0,0.0
16994,341.3,0.0,0.0,0.0,0.0
16995,345.5,0.0,0.0,0.0,0.0
16996,337.4,0.0,0.0,0.0,0.0
16997,297.8,0.0,0.0,0.0,0.0
16998,298.8,0.0,0.0,0.0,0.0
16999,290.9,0.0,0.0,0.0,0.0
17000,297.2,0.0,0.0,0.0,0.0
17001,275.8,0.0,0.0,0.0,0.0
17002,311.1,0.0,0.0,0.0,0.0
17003,306.4,0.0,0.0,0.0,0.0
17004,308.8,0.0,0.0,0.0,0.0
17005,307.3,0.0,0.0,0.0,0.0
17006,331.9,0.0,0.0,0.0,0.0
17007,328.6,0.0,0.0,0.0,0.0
17008,312.6,0.0,0.0,0.0,0.0
17009,312.8,0.0,0.0,0.0,0.0
17010,327.2,0.0,0.0,0.0,0.0
17011,337.0,0.0,0.0,0.0,0.0
17012,337.3,0.0,0.0,0.0,0.0
17013,335.0,0.0,0.0,0.0,0.0
17014,342.3,0.0,0.0,0.0,0.0
17015,328.6,0.0,0.0,0.0,0.0
17016,314.9,0.0,0.0,0.0,0.0
17017,285.1,0.0,0.0,0.0,0.0
17018,289.0,0.0,0.0,0.0,0.0
17019,315.4,0.0,0.0,0.0,0.0
17020,369.2,0.0,0.0,0.0,0.0
17021,360.4,0.0,0.0,0.0,0.0
17022,388.3,0.0,0.0,0.0,0.0
17023,344.0,0.0,0.0,0.0,0.0
17024,379.9,0.0,0.0,0.0,0.0
17025,346.7,0.0,0.0,0.0,0.0
17026,358.3,0.0,0.0,0.0,0.0
17027,341.0,0.0,0.0,0.0,0.0
17028,333.5,0.0,0.0,0.0,0.0
17029,329.2,0.0,0.0,0.0,0.0
17030,321.5,0.0,0.0,0.0,0.0
17031,267.7,0.0,0.0,0.0,0.0
17032,306.3,0.0,0.0,0.0,0.0
17033,344.4,0.0,0.0,0.0,0.0
17034,357.1,0.0,0.0,0.0,0.0
17035,383.1,0.0,0.0,0.0,0.0
17036,330.4,0.0,0.0,0.0,0.0
17037,313.9,0.0,0.0,0.0,0.0
17038,326.8,0.0,0.0,0.0,0.0
17039,329.9,0.0,0.0,0.0,0.0
17040,327.7,0.0,0.0,0.0,0.0
17041,318.7,0.0,0.0,0.0,0.0
17042,286.5,0.0,0.0,0.0,0.0
17043,249.2,0.0,0.0,0.0,0.0
17044,248.7,0.0,0.0,0.0,0.0
17045,280.6,0.0,0.0,0.0,0.0
17046,271.0,0.0,0.0,0.0,0.0
17047,249.3,0.0,0.0,0.0,0.0
17048,234.4,0.0,0.0,0.0,0.0
17049,224.6,0.0,0.0,0.0,0.0
17050,187.2,0.0,0.0,0.0,0.0
17051,228.6,0.0,0.0,0.0,0.0
17052,221.2,0.0,0.0,0.0,0.0
17053,221.7,0.0,0.0,0.0,0.0
17054,220.9,0.0,0.0,0.0,0.0
17055,206.1,0.0,0.0,0.0,0.0
17056,192.5,0.0,0.0,0.0,0.0
17057,214.9,0.0,0.0,0.0,0.0
17058,229.6,0.0,0.0,0.0,0.0
17059,215.0,0.0,0.0,0.0,0.0
17060,204.9,0.0,0.0,0.0,0.0
17061,205.9,0.0,0.0,0.0,0.0
17062,200.7,0.0,0.0,0.0,0.0
17063,199.8,0.0,0.0,0.0,0.0
17064,199.9,0.0,0.0,0.0,0.0
17065,201.0,0.0,0.0,0.0,0.0
17066,209.0,0.0,0.0,0.0,0.0
17067,207.8,0.0,0.0,0.0,0.0
17068,207.3,0.0,0.0,0.0,0.0
17069,193.4,0.0,0.0,0.0,0.0
17070,193.1,0.0,0.0,0.0,0.0
17071,185.3,0.0,0.0,0.0,0.0
17072,153.6,0.0,0.0,0.0,0.0
17073,151.6,0.0,0.0,0.0,0.0
17074,151.8,0.0,0.0,0.0,0.0
17075,157.8,0.0,0.0,0.0,0.0
17076,137.4,0.0,0.0,0.0,0.0
17077,145.2,0.0,0.0,0.0,0.0
17078,139.9,0.0,0.0,0.0,0.0
17079,119.5,0.0,0.0,0.0,0.0
17080,141.1,0.0,0.0,0.0,0.0
17081,123.2,0.0,0.0,0.0,0.0
17082,133.2,0.0,0.0,0.0,0.0
17083,134.3,0.0,0.0,0.0,0.0
17084,115.0,0.0,0.0,0.0,0.0
17085,109.5,0.0,0.0,0.0,0.0
17086,111.3,0.0,0.0,0.0,0.0
17087,107.9,0.0,0.0,0.0,0.0
17088,107.8,0.0,0.0,0.0,0.0
17089,108.4,0.0,0.0,0.0,0.0
17090,108.8,0.0,0.0,0.0,0.0
17091,109.0,0.0,0.0,0.0,0.0
17092,109.2,0.0,0.0,0.0,0.0
17093,129.5,0.0,0.0,0.0,0.0
17094,133.9,0.0,0.0,0.0,0.0
17095,121.6,0.0,0.0,0.0,0.0
17096,126.1,0.0,0.0,0.0,0.0
17097,123.3,0.0,0.0,0.0,0.0
17098,127.5,0.0,0.0,0.0,0.0
17099,124.8,0.0,0.0,0.0,0.0
17100,126.1,0.0,0.0,0.0,0.0
17101,133.8,0.0,0.0,0.0,0.0
17102,135.4,0.0,0.0,0.0,0.0
17103,135.3,0.0,0.0,0.0,0.0
17104,147.4,0.0,0.0,0.0,0.0
17105,130.3,0.0,0.0,0.0,0.0
17106,111.3,0.0,0.0,0.0,0.0
17107,153.7,0.0,0.0,0.0,0.0
17108,137.1,0.0,0.0,0.0,0.0
17109,161.7,0.0,0.0,0.0,0.0
17110,146.8,0.0,0.0,0.0,0.0
17111,143.4,0.0,0.0,0.0,0.0
17112,142.1,0.0,0.0,0.0,0.0
17113,126.3,0.0,0.0,0.0,0.0
17114,126.3,0.0,0.0,0.0,0.0
17115,134.1,0.0,0.0,0.0,0.0
17116,100.5,0.0,0.0,0.0,0.0
17117,156.1,0.0,0.0,0.0,0.0
17118,162.5,0.0,0.0,0.0,0.0
17119,150.6,0.0,0.0,0.0,0.0
17120,148.3,0.0,0.0,0.0,0.0
17121,147.9,0.0,0.0,0.0,0.0
17122,127.5,0.0,0.0,0.0,0.0
17123,131.8,0.0,0.0,0.0,0.0
17124,144.4,0.0,0.0,0.0,0.0
17125,124.9,0.0,0.0,0.0,0.0
17126,82.3,0.0,0.0,0.0,0.0
17127,136.3,0.0,0.0,0.0,0.0
17128,135.0,0.0,0.0,0.0,0.0
17129,142.5,0.0,0.0,0.0,0.0
17130,144.5,0.0,0.0,0.0,0.0
17131,135.9,0.0,0.0,0.0,0.0
17132,144.5,0.0,0.0,0.0,0.0
17133,148.6,0.0,0.0,0.0,0.0
17134,137.6,0.0,0.0,0.0,0.0
17135,131.1,0.0,0.0,0.0,0.0
17136,128.9,0.0,0.0,0.0,0.0
17137,135.0,0.0,0.0,0.0,0.0
17138,131.2,0.0,0.0,0.0,0.0
17139,137.9,0.0,0.0,0.0,0.0
17140,137.0,0.0,0.0,0.0,0.0
17141,129.5,0.0,0.0,0.0,0.0
17142,127.1,0.0,0.0,0.0,0.0
17143,214.9,0.0,0.0,0.0,0.0
17144,263.4,0.0,0.0,0.0,0.0
17145,321.4,0.0,0.0,0.0,0.0
17146,631.0,0.0,0.0,0.0,0.0
17147,839.5,0.0,0.0,0.0,0.0
17148,899.0,0.0,0.0,0.0,0.0
17149,764.9,0.0,0.0,0.0,0.0
17150,846.1,0.0,0.0,0.0,0.0
17151,689.3,0.0,0.0,0.0,0.0
17152,586.0,0.0,0.0,0.0,0.0
17153,533.6,0.0,0.0,0.0,0.0
17154,464.0,0.0,0.0,0.0,0.0
17155,468.7,0.0,0.0,0.0,0.0
17156,465.0,0.0,0.0,0.0,0.0
17157,465.6,0.0,0.0,0.0,0.0
17158,447.7,0.0,0.0,0.0,0.0
17159,422.7,0.0,0.0,0.0,0.0
17160,353.4,0.0,0.0,0.0,0.0
17161,310.7,0.0,0.0,0.0,0.0
17162,278.9,0.0,0.0,0.0,0.0
17163,501.4,0.0,0.0,0.0,0.0
17164,687.5,0.0,0.0,0.0,0.0
17165,1034.8,0.0,0.0,0.0,0.0
17166,1153.1,0.0,0.0,0.0,0.0
17167,597.1,0.0,0.0,0.0,0.0
17168,234.0,0.0,0.0,0.0,0.0
17169,1222.6,0.0,0.0,0.0,0.0
17170,1837.6,0.0,0.0,0.0,0.0
17171,2101.4,0.0,0.0,0.0,0.0
17172,1777.2,0.0,0.0,0.0,0.0
17173,1247.7,0.0,0.0,0.0,0.0
17174,1312.8,0.0,0.0,0.0,0.0
17175,1381.5,0.0,0.0,0.0,0.0
17176,1360.5,0.0,0.0,0.0,0.0
17177,1436.3,0.0,0.0,0.0,0.0
17178,1414.8,0.0,0.0,0.0,0.0
17179,1496.7,0.0,0.0,0.0,0.0
17180,1468.1,0.0,0.0,0.0,0.0
17181,1452.5,0.0,0.0,0.0,0.0
17182,1363.3,0.0,0.0,0.0,0.0
17183,1177.7,0.0,0.0,0.0,0.0
17184,915.6,0.0,0.0,0.0,0.0
17185,896.4,0.0,0.0,0.0,0.0
17186,851.9,0.0,0.0,0.0,0.0
17187,655.1,0.0,0.0,0.0,0.0
17188,807.6,0.0,0.0,0.0,0.0
17189,937.0,0.0,0.0,0.0,0.0
17190,883.5,0.0,0.0,0.0,0.0
17191,977.8,0.0,0.0,0.0,0.0
17192,687.3,0.0,0.0,0.0,0.0
17193,500.6,0.0,0.0,0.0,0.0
17194,514.3,0.0,0.0,0.0,0.0
17195,706.2,0.0,0.0,0.0,0.0
17196,892.3,0.0,0.0,0.0,0.0
17197,972.3,0.0,0.0,0.0,0.0
17198,936.5,0.0,0.0,0.0,0.0
17199,835.0,0.0,0.0,0.0,0.0
17200,646.8,0.0,0.0,0.0,0.0
17201,561.5,0.0,0.0,0.0,0.0
17202,600.3,0.0,0.0,0.0,0.0
17203,698.6,0.0,0.0,0.0,0.0
17204,646.5,0.0,0.0,0.0,0.0
17205,674.3,0.0,0.0,0.0,0.0
17206,554.1,0.0,0.0,0.0,0.0
17207,477.8,0.0,0.0,0.0,0.0
17208,449.4,0.0,0.0,0.0,0.0
17209,376.2,0.0,0.0,0.0,0.0
17210,287.5,0.0,0.0,0.0,0.0
17211,251.1,0.0,0.0,0.0,0.0
17212,175.9,0.0,0.0,0.0,0.0
17213,150.3,0.0,0.0,0.0,0.0
17214,133.8,0.0,0.0,0.0,0.0
17215,106.0,0.0,0.0,0.0,0.0
17216,114.4,0.0,0.0,0.0,0.0
17217,98.2,0.0,0.0,0.0,0.0
17218,96.1,0.0,0.0,0.0,0.0
17219,102.9,0.0,0.0,0.0,0.0
17220,114.3,0.0,0.0,0.0,0.0
17221,108.3,0.0,0.0,0.0,0.0
17222,129.1,0.0,0.0,0.0,0.0
17223,94.3,0.0,0.0,0.0,0.0
17224,89.4,0.0,0.0,0.0,0.0
17225,111.3,0.0,0.0,0.0,0.0
17226,101.5,0.0,0.0,0.0,0.0
17227,108.3,0.0,0.0,0.0,0.0
17228,106.7,0.0,0.0,0.0,0.0
17229,107.4,0.0,0.0,0.0,0.0
17230,96.8,0.0,0.0,0.0,0.0
17231,118.9,0.0,0.0,0.0,0.0
17232,120.6,0.0,0.0,0.0,0.0
17233,121.5,0.0,0.0,0.0,0.0
17234,117.5,0.0,0.0,0.0,0.0
17235,120.3,0.0,0.0,0.0,0.0
17236,124.7,0.0,0.0,0.0,0.0
17237,114.8,0.0,0.0,0.0,0.0
17238,119.0,0.0,0.0,0.0,0.0
17239,114.2,0.0,0.0,0.0,0.0
17240,141.1,0.0,0.0,0.0,0.0
17241,138.9,0.0,0.0,0.0,0.0
17242,140.6,0.0,0.0,0.0,0.0
17243,107.7,0.0,0.0,0.0,0.0
17244,122.9,0.0,0.0,0.0,0.0
17245,130.3,0.0,0.0,0.0,0.0
17246,127.0,0.0,0.0,0.0,0.0
17247,135.7,0.0,0.0,0.0,0.0
17248,136.5,0.0,0.0,0.0,0.0
17249,144.7,0.0,0.0,0.0,0.0
17250,144.5,0.0,0.0,0.0,0.0
17251,142.1,0.0,0.0,0.0,0.0
17252,150.2,0.0,0.0,0.0,0.0
17253,149.0,0.0,0.0,0.0,0.0
17254,146.9,0.0,0.0,0.0,0.0
17255,140.9,0.0,0.0,0.0,0.0
17256,131.7,0.0,0.0,0.0,0.0
17257,145.2,0.0,0.0,0.0,0.0
17258,139.7,0.0,0.0,0.0,0.0
17259,138.5,0.0,0.0,0.0,0.0
17260,127.7,0.0,0.0,0.0,0.0
17261,131.2,0.0,0.0,0.0,0.0
17262,131.9,0.0,0.0,0.0,0.0
17263,137.5,0.0,0.0,0.0,0.0
17264,121.7,0.0,0.0,0.0,0.0
17265,136.8,0.0,0.0,0.0,0.0
17266,152.7,0.0,0.0,0.0,0.0
17267,151.7,0.0,0.0,0.0,0.0
17268,130.7,0.0,0.0,0.0,0.0
17269,134.3,0.0,0.0,0.0,0.0
17270,152.1,0.0,0.0,0.0,0.0
17271,167.8,0.0,0.0,0.0,0.0
17272,173.3,0.0,0.0,0.0,0.0
17273,173.4,0.0,0.0,0.0,0.0
17274,158.1,0.0,0.0,0.0,0.0
17275,146.4,0.0,0.0,0.0,0.0
17276,140.7,0.0,0.0,0.0,0.0
17277,142.2,0.0,0.0,0.0,0.0
17278,131.0,0.0,0.0,0.0,0.0
17279,141.0,0.0,0.0,0.0,0.0
17280,153.4,0.0,0.0,0.0,0.0
17281,153.3,0.0,0.0,0.0,0.0
17282,159.8,0.0,0.0,0.0,0.0
17283,186.5,0.0,0.0,0.0,0.0
17284,174.3,0.0,0.0,0.0,0.0
17285,182.9,0.0,0.0,0.0,0.0
17286,204.3,0.0,0.0,0.0,0.0
17287,175.1,0.0,0.0,0.0,0.0
17288,168.5,0.0,0.0,0.0,0.0
17289,164.0,0.0,0.0,0.0,0.0
17290,169.1,0.0,0.0,0.0,0.0
17291,163.0,0.0,0.0,0.0,0.0
17292,164.7,0.0,0.0,0.0,0.0
17293,184.3,0.0,0.0,0.0,0.0
17294,207.4,0.0,0.0,0.0,0.0
17295,188.1,0.0,0.0,0.0,0.0
17296,189.9,0.0,0.0,0.0,0.0
17297,213.2,0.0,0.0,0.0,0.0
17298,230.0,0.0,0.0,0.0,0.0
17299,230.6,0.0,0.0,0.0,0.0
17300,219.2,0.0,0.0,0.0,0.0
17301,215.4,0.0,0.0,0.0,0.0
17302,220.9,0.0,0.0,0.0,0.0
17303,214.1,0.0,0.0,0.0,0.0
17304,205.5,0.0,0.0,0.0,0.0
17305,210.5,0.0,0.0,0.0,0.0
17306,208.5,0.0,0.0,0.0,0.0
17307,215.0,0.0,0.0,0.0,0.0
17308,222.4,0.0,0.0,0.0,0.0
17309,222.5,0.0,0.0,0.0,0.0
17310,212.7,0.0,0.0,0.0,0.0
17311,232.4,0.0,0.0,0.0,0.0
17312,247.1,0.0,0.0,0.0,0.0
17313,238.4,0.0,0.0,0.0,0.0
17314,230.8,0.0,0.0,0.0,0.0
17315,218.1,0.0,0.0,0.0,0.0
17316,187.7,0.0,0.0,0.0,0.0
17317,206.4,0.0,0.0,0.0,0.0
17318,207.0,0.0,0.0,0.0,0.0
17319,219.9,0.0,0.0,0.0,0.0
17320,220.9,0.0,0.0,0.0,0.0
17321,225.9,0.0,0.0,0.0,0.0
17322,172.4,0.0,0.0,0.0,0.0
17323,209.9,0.0,0.0,0.0,0.0
17324,226.2,0.0,0.0,0.0,0.0
17325,229.3,0.0,0.0,0.0,0.0
17326,243.0,0.0,0.0,0.0,0.0
17327,242.0,0.0,0.0,0.0,0.0
17328,254.3,0.0,0.0,0.0,0.0
17329,273.5,0.0,0.0,0.0,0.0
17330,301.0,0.0,0.0,0.0,0.0
17331,330.9,0.0,0.0,0.0,0.0
17332,353.1,0.0,0.0,0.0,0.0
17333,367.8,0.0,0.0,0.0,0.0
17334,344.5,0.0,0.0,0.0,0.0
17335,354.6,0.0,0.0,0.0,0.0
17336,352.2,0.0,0.0,0.0,0.0
17337,350.4,0.0,0.0,0.0,0.0
17338,326.7,0.0,0.0,0.0,0.0
17339,335.7,0.0,0.0,0.0,0.0
17340,341.4,0.0,0.0,0.0,0.0
17341,344.5,0.0,0.0,0.0,0.0
17342,324.8,0.0,0.0,0.0,0.0
17343,334.5,0.0,0.0,0.0,0.0
17344,326.4,0.0,0.0,0.0,0.0
17345,357.4,0.0,0.0,0.0,0.0
17346,362.9,0.0,0.0,0.0,0.0
17347,320.4,0.0,0.0,0.0,0.0
17348,349.9,0.0,0.0,0.0,0.0
17349,361.2,0.0,0.0,0.0,0.0
17350,352.7,0.0,0.0,0.0,0.0
17351,340.8,0.0,0.0,0.0,0.0
17352,357.6,0.0,0.0,0.0,0.0
17353,353.1,0.0,0.0,0.0,0.0
17354,343.1,0.0,0.0,0.0,0.0
17355,323.2,0.0,0.0,0.0,0.0
17356,338.8,0.0,0.0,0.0,0.0
17357,357.1,0.0,0.0,0.0,0.0
17358,358.5,0.0,0.0,0.0,0.0
17359,354.2,0.0,0.0,0.0,0.0
17360,354.3,0.0,0.0,0.0,0.0
17361,357.0,0.0,0.0,0.0,0.0
17362,363.9,0.0,0.0,0.0,0.0
17363,359.4,0.0,0.0,0.0,0.0
17364,359.5,0.0,0.0,0.0,0.0
17365,345.7,0.0,0.0,0.0,0.0
17366,352.0,0.0,0.0,0.0,0.0
17367,351.8,0.0,0.0,0.0,0.0
17368,354.8,0.0,0.0,0.0,0.0
17369,355.5,0.0,0.0,0.0,0.0
17370,361.5,0.0,0.0,0.0,0.0
17371,357.0,0.0,0.0,0.0,0.0
17372,358.7,0.0,0.0,0.0,0.0
17373,353.4,0.0,0.0,0.0,0.0
17374,356.8,0.0,0.0,0.0,0.0
17375,316.1,0.0,0.0,0.0,0.0
17376,335.6,0.0,0.0,0.0,0.0
17377,317.6,0.0,0.0,0.0,0.0
17378,323.8,0.0,0.0,0.0,0.0
17379,345.4,0.0,0.0,0.0,0.0
17380,357.5,0.0,0.0,0.0,0.0
17381,343.6,0.0,0.0,0.0,0.0
17382,380.0,0.0,0.0,0.0,0.0
17383,370.3,0.0,0.0,0.0,0.0
17384,342.0,0.0,0.0,0.0,0.0
17385,323.3,0.0,0.0,0.0,0.0
17386,339.2,0.0,0.0,0.0,0.0
17387,344.9,0.0,0.0,0.0,0.0
17388,324.8,0.0,0.0,0.0,0.0
17389,332.6,0.0,0.0,0.0,0.0
17390,341.7,0.0,0.0,0.0,0.0
17391,332.0,0.0,0.0,0.0,0.0
17392,315.8,0.0,0.0,0.0,0.0
17393,316.3,0.0,0.0,0.0,0.0
17394,299.6,0.0,0.0,0.0,0.0
17395,295.7,0.0,0.0,0.0,0.0
17396,274.0,0.0,0.0,0.0,0.0
17397,261.1,0.0,0.0,0.0,0.0
17398,264.1,0.0,0.0,0.0,0.0
17399,267.4,0.0,0.0,0.0,0.0
17400,260.5,0.0,0.0,0.0,0.0
17401,247.3,0.0,0.0,0.0,0.0
17402,241.8,0.0,0.0,0.0,0.0
17403,229.1,0.0,0.0,0.0,0.0
17404,235.4,0.0,0.0,0.0,0.0
17405,217.2,0.0,0.0,0.0,0.0
17406,226.9,0.0,0.0,0.0,0.0
17407,215.1,0.0,0.0,0.0,0.0
17408,206.7,0.0,0.0,0.0,0.0
17409,217.3,0.0,0.0,0.0,0.0
17410,234.3,0.0,0.0,0.0,0.0
17411,272.7,0.0,0.0,0.0,0.0
17412,262.0,0.0,0.0,0.0,0.0
17413,283.8,0.0,0.0,0.0,0.0
17414,292.7,0.0,0.0,0.0,0.0
17415,307.8,0.0,0.0,0.0,0.0
17416,323.7,0.0,0.0,0.0,0.0
17417,285.3,0.0,0.0,0.0,0.0
17418,235.1,0.0,0.0,0.0,0.0
17419,242.9,0.0,0.0,0.0,0.0
17420,259.2,0.0,0.0,0.0,0.0
17421,277.4,0.0,0.0,0.0,0.0
17422,196.1,0.0,0.0,0.0,0.0
17423,219.1,0.0,0.0,0.0,0.0
17424,230.1,0.0,0.0,0.0,0.0
17425,220.9,0.0,0.0,0.0,0.0
17426,240.0,0.0,0.0,0.0,0.0
17427,215.4,0.0,0.0,0.0,0.0
17428,216.4,0.0,0.0,0.0,0.0
17429,200.7,0.0,0.0,0.0,0.0
17430,201.0,0.0,0.0,0.0,0.0
17431,201.3,0.0,0.0,0.0,0.0
17432,200.9,0.0,0.0,0.0,0.0
17433,194.1,0.0,0.0,0.0,0.0
17434,206.7,0.0,0.0,0.0,0.0
17435,202.7,0.0,0.0,0.0,0.0
17436,198.1,0.0,0.0,0.0,0.0
17437,196.5,0.0,0.0,0.0,0.0
17438,209.2,0.0,0.0,0.0,0.0
17439,211.7,0.0,0.0,0.0,0.0
17440,188.4,0.0,0.0,0.0,0.0
17441,176.2,0.0,0.0,0.0,0.0
17442,161.9,0.0,0.0,0.0,0.0
17443,162.1,0.0,0.0,0.0,0.0
17444,140.6,0.0,0.0,0.0,0.0
17445,149.0,0.0,0.0,0.0,0.0
17446,151.6,0.0,0.0,0.0,0.0
17447,140.9,0.0,0.0,0.0,0.0
17448,155.2,0.0,0.0,0.0,0.0
17449,110.1,0.0,0.0,0.0,0.0
17450,121.8,0.0,0.0,0.0,0.0
17451,134.1,0.0,0.0,0.0,0.0
17452,122.3,0.0,0.0,0.0,0.0
17453,126.1,0.0,0.0,0.0,0.0
17454,123.2,0.0,0.0,0.0,0.0
17455,124.0,0.0,0.0,0.0,0.0
17456,101.6,0.0,0.0,0.0,0.0
17457,106.4,0.0,0.0,0.0,0.0
17458,101.6,0.0,0.0,0.0,0.0
17459,84.0,0.0,0.0,0.0,0.0
17460,80.5,0.0,0.0,0.0,0.0
17461,83.1,0.0,0.0,0.0,0.0
17462,112.4,0.0,0.0,0.0,0.0
17463,91.8,0.0,0.0,0.0,0.0
17464,97.8,0.0,0.0,0.0,0.0
17465,94.1,0.0,0.0,0.0,0.0
17466,116.9,0.0,0.0,0.0,0.0
17467,113.7,0.0,0.0,0.0,0.0
17468,126.3,0.0,0.0,0.0,0.0
17469,121.1,0.0,0.0,0.0,0.0
17470,107.6,0.0,0.0,0.0,0.0
17471,92.5,0.0,0.0,0.0,0.0
17472,82.9,0.0,0.0,0.0,0.0
17473,82.6,0.0,0.0,0.0,0.0
17474,82.9,0.0,0.0,0.0,0.0
17475,85.2,0.0,0.0,0.0,0.0
17476,94.5,0.0,0.0,0.0,0.0
17477,101.6,0.0,0.0,0.0,0.0
17478,101.6,0.0,0.0,0.0,0.0
17479,107.7,0.0,0.0,0.0,0.0
17480,118.2,0.0,0.0,0.0,0.0
17481,109.5,0.0,0.0,0.0,0.0
17482,106.8,0.0,0.0,0.0,0.0
17483,99.4,0.0,0.0,0.0,0.0
17484,126.3,0.0,0.0,0.0,0.0
17485,124.2,0.0,0.0,0.0,0.0
17486,122.0,0.0,0.0,0.0,0.0
17487,125.9,0.0,0.0,0.0,0.0
17488,136.6,0.0,0.0,0.0,0.0
17489,138.3,0.0,0.0,0.0,0.0
17490,126.8,0.0,0.0,0.0,0.0
17491,75.4,0.0,0.0,0.0,0.0
17492,96.0,0.0,0.0,0.0,0.0
17493,105.1,0.0,0.0,0.0,0.0
17494,135.5,0.0,0.0,0.0,0.0
17495,113.8,0.0,0.0,0.0,0.0
17496,109.4,0.0,0.0,0.0,0.0
17497,100.3,0.0,0.0,0.0,0.0
17498,67.4,0.0,0.0,0.0,0.0
17499,101.2,0.0,0.0,0.0,0.0
17500,120.9,0.0,0.0,0.0,0.0
17501,111.5,0.0,0.0,0.0,0.0
17502,95.2,0.0,0.0,0.0,0.0
17503,101.6,0.0,0.0,0.0,0.0
17504,108.5,0.0,0.0,0.0,0.0
17505,104.0,0.0,0.0,0.0,0.0
17506,105.6,0.0,0.0,0.0,0.0
17507,104.1,0.0,0.0,0.0,0.0
17508,94.4,0.0,0.0,0.0,0.0
17509,104.7,0.0,0.0,0.0,0.0
17510,99.2,0.0,0.0,0.0,0.0
17511,112.0,0.0,0.0,0.0,0.0
17512,116.6,0.0,0.0,0.0,0.0
17513,97.6,0.0,0.0,0.0,0.0
17514,109.0,0.0,0.0,0.0,0.0
17515,110.2,0.0,0.0,0.0,0.0
17516,119.9,0.0,0.0,0.0,0.0
17517,105.1,0.0,0.0,0.0,0.0
17518,111.9,0.0,0.0,0.0,0.0
17519,112.8,0.0,0.0,0.0,0.0
17520,112.8,0.0,0.0,0.0,0.0
17521,120.9,0.0,0.0,0.0,0.0
17522,93.2,0.0,0.0,0.0,0.0
17523,114.3,0.0,0.0,0.0,0.0
17524,101.2,0.0,0.0,0.0,0.0
17525,123.7,0.0,0.0,0.0,0.0
17526,117.6,0.0,0.0,0.0,0.0
17527,101.4,0.0,0.0,0.0,0.0
17528,120.1,0.0,0.0,0.0,0.0
17529,107.9,0.0,0.0,0.0,0.0
17530,117.8,0.0,0.0,0.0,0.0
17531,116.3,0.0,0.0,0.0,0.0
17532,113.1,0.0,0.0,0.0,0.0
17533,117.9,0.0,0.0,0.0,0.0
17534,122.6,0.0,0.0,0.0,0.0
17535,95.1,0.0,0.0,0.0,0.0
17536,99.7,0.0,0.0,0.0,0.0
17537,101.1,0.0,0.0,0.0,0.0
17538,86.8,0.0,0.0,0.0,0.0
17539,90.3,0.0,0.0,0.0,0.0
17540,88.6,0.0,0.0,0.0,0.0
17541,103.4,0.0,0.0,0.0,0.0
17542,112.5,0.0,0.0,0.0,0.0
17543,90.6,0.0,0.0,0.0,0.0
17544,67.9,0.0,0.0,0.0,0.0
17545,79.9,0.0,0.0,0.0,0.0
17546,93.8,0.0,0.0,0.0,0.0
17547,69.1,0.0,0.0,0.0,0.0
17548,329.0,0.0,0.0,0.0,0.0
17549,413.5,0.0,0.0,0.0,0.0
17550,411.0,0.0,0.0,0.0,0.0
17551,469.0,0.0,0.0,0.0,0.0
17552,468.3,0.0,0.0,0.0,0.0
17553,817.1,0.0,0.0,0.0,0.0
17554,933.8,0.0,0.0,0.0,0.0
17555,978.8,0.0,0.0,0.0,0.0
17556,969.0,0.0,0.0,0.0,0.0
17557,826.4,0.0,0.0,0.0,0.0
17558,816.3,0.0,0.0,0.0,0.0
17559,811.2,0.0,0.0,0.0,0.0
17560,872.5,0.0,0.0,0.0,0.0
17561,745.9,0.0,0.0,0.0,0.0
17562,973.8,0.0,0.0,0.0,0.0
17563,1001.5,0.0,0.0,0.0,0.0
17564,574.5,0.0,0.0,0.0,0.0
17565,228.8,0.0,0.0,0.0,0.0
17566,467.1,0.0,0.0,0.0,0.0
17567,1285.8,0.0,0.0,0.0,0.0
17568,471.8,0.0,0.0,0.0,0.0
17569,423.9,0.0,0.0,0.0,0.0
17570,630.9,0.0,0.0,0.0,0.0
17571,1031.5,0.0,0.0,0.0,0.0
17572,1500.3,0.0,0.0,0.0,0.0
17573,1314.6,0.0,0.0,0.0,0.0
17574,1227.6,0.0,0.0,0.0,0.0
17575,1217.1,0.0,0.0,0.0,0.0
17576,1329.6,0.0,0.0,0.0,0.0
17577,1069.0,0.0,0.0,0.0,0.0
17578,1237.0,0.0,0.0,0.0,0.0
17579,1406.9,0.0,0.0,0.0,0.0
17580,1426.9,0.0,0.0,0.0,0.0
17581,1358.6,0.0,0.0,0.0,0.0
17582,510.3,0.0,0.0,0.0,0.0
17583,917.9,0.0,0.0,0.0,0.0
17584,370.6,0.0,0.0,0.0,0.0
17585,1230.9,0.0,0.0,0.0,0.0
17586,671.2,0.0,0.0,0.0,0.0
17587,1184.6,0.0,0.0,0.0,0.0
17588,1327.0,0.0,0.0,0.0,0.0
17589,1298.5,0.0,0.0,0.0,0.0
17590,1052.6,0.0,0.0,0.0,0.0
17591,1202.6,0.0,0.0,0.0,0.0
17592,1231.4,0.0,0.0,0.0,0.0
17593,1094.3,0.0,0.0,0.0,0.0
17594,954.4,0.0,0.0,0.0,0.0
17595,919.2,0.0,0.0,0.0,0.0
17596,778.1,0.0,0.0,0.0,0.0
17597,688.3,0.0,0.0,0.0,0.0
17598,591.9,0.0,0.0,0.0,0.0
17599,499.5,0.0,0.0,0.0,0.0
17600,376.7,0.0,0.0,0.0,0.0
17601,424.4,0.0,0.0,0.0,0.0
17602,353.7,0.0,0.0,0.0,0.0
17603,287.6,0.0,0.0,0.0,0.0
17604,237.0,0.0,0.0,0.0,0.0
17605,148.6,0.0,0.0,0.0,0.0
17606,144.5,0.0,0.0,0.0,0.0
17607,92.4,0.0,0.0,0.0,0.0
17608,95.1,0.0,0.0,0.0,0.0
17609,81.8,0.0,0.0,0.0,0.0
17610,202.4,0.0,0.0,0.0,0.0
17611,563.4,0.0,0.0,0.0,0.0
17612,805.1,0.0,0.0,0.0,0.0
17613,541.9,0.0,0.0,0.0,0.0
17614,345.5,0.0,0.0,0.0,0.0
17615,963.4,0.0,0.0,0.0,0.0
17616,996.4,0.0,0.0,0.0,0.0
17617,1129.0,0.0,0.0,0.0,0.0
17618,1129.5,0.0,0.0,0.0,0.0
17619,901.1,0.0,0.0,0.0,0.0
17620,865.0,0.0,0.0,0.0,0.0
17621,662.1,0.0,0.0,0.0,0.0
17622,773.9,0.0,0.0,0.0,0.0
17623,749.8,0.0,0.0,0.0,0.0
17624,623.8,0.0,0.0,0.0,0.0
17625,602.3,0.0,0.0,0.0,0.0
17626,401.1,0.0,0.0,0.0,0.0
17627,401.1,0.0,0.0,0.0,0.0
17628,316.9,0.0,0.0,0.0,0.0
17629,302.1,0.0,0.0,0.0,0.0
17630,210.4,0.0,0.0,0.0,0.0
17631,193.2,0.0,0.0,0.0,0.0
17632,182.5,0.0,0.0,0.0,0.0
17633,116.6,0.0,0.0,0.0,0.0
17634,79.5,0.0,0.0,0.0,0.0
17635,64.8,0.0,0.0,0.0,0.0
17636,59.4,0.0,0.0,0.0,0.0
17637,48.4,0.0,0.0,0.0,0.0
17638,55.7,0.0,0.0,0.0,0.0
17639,44.0,0.0,0.0,0.0,0.0
17640,162.3,0.0,0.0,0.0,0.0
17641,231.2,0.0,0.0,0.0,0.0
17642,151.3,0.0,0.0,0.0,0.0
17643,194.3,0.0,0.0,0.0,0.0
17644,187.4,0.0,0.0,0.0,0.0
17645,177.8,0.0,0.0,0.0,0.0
17646,162.1,0.0,0.0,0.0,0.0
17647,164.2,0.0,0.0,0.0,0.0
17648,165.1,0.0,0.0,0.0,0.0
17649,165.2,0.0,0.0,0.0,0.0
17650,172.9,0.0,0.0,0.0,0.0
17651,194.8,0.0,0.0,0.0,0.0
17652,190.2,0.0,0.0,0.0,0.0
17653,201.3,0.0,0.0,0.0,0.0
17654,217.8,0.0,0.0,0.0,0.0
17655,203.1,0.0,0.0,0.0,0.0
17656,194.2,0.0,0.0,0.0,0.0
17657,189.4,0.0,0.0,0.0,0.0
17658,153.0,0.0,0.0,0.0,0.0
17659,160.6,0.0,0.0,0.0,0.0
17660,161.6,0.0,0.0,0.0,0.0
17661,164.9,0.0,0.0,0.0,0.0
17662,153.4,0.0,0.0,0.0,0.0
17663,187.8,0.0,0.0,0.0,0.0
17664,300.4,0.0,0.0,0.0,0.0
17665,309.1,0.0,0.0,0.0,0.0
17666,340.6,0.0,0.0,0.0,0.0
17667,346.4,0.0,0.0,0.0,0.0
17668,305.0,0.0,0.0,0.0,0.0
17669,345.7,0.0,0.0,0.0,0.0
17670,358.2,0.0,0.0,0.0,0.0
17671,406.5,0.0,0.0,0.0,0.0
17672,403.5,0.0,0.0,0.0,0.0
17673,428.5,0.0,0.0,0.0,0.0
17674,438.8,0.0,0.0,0.0,0.0
17675,519.0,0.0,0.0,0.0,0.0
17676,495.1,0.0,0.0,0.0,0.0
17677,472.7,0.0,0.0,0.0,0.0
17678,508.2,0.0,0.0,0.0,0.0
17679,529.3,0.0,0.0,0.0,0.0
17680,865.6,0.0,0.0,0.0,0.0
17681,661.4,0.0,0.0,0.0,0.0
17682,495.1,0.0,0.0,0.0,0.0
17683,502.6,0.0,0.0,0.0,0.0
17684,541.6,0.0,0.0,0.0,0.0
17685,537.4,0.0,0.0,0.0,0.0
17686,573.9,0.0,0.0,0.0,0.0
17687,574.5,0.0,0.0,0.0,0.0
17688,573.3,0.0,0.0,0.0,0.0
17689,481.6,0.0,0.0,0.0,0.0
17690,540.1,0.0,0.0,0.0,0.0
17691,410.9,0.0,0.0,0.0,0.0
17692,427.5,0.0,0.0,0.0,0.0
17693,385.7,0.0,0.0,0.0,0.0
17694,281.9,0.0,0.0,0.0,0.0
17695,390.9,0.0,0.0,0.0,0.0
17696,415.0,0.0,0.0,0.0,0.0
17697,387.0,0.0,0.0,0.0,0.0
17698,422.3,0.0,0.0,0.0,0.0
17699,394.1,0.0,0.0,0.0,0.0
17700,425.7,0.0,0.0,0.0,0.0
17701,450.1,0.0,0.0,0.0,0.0
17702,404.1,0.0,0.0,0.0,0.0
17703,405.2,0.0,0.0,0.0,0.0
17704,439.0,0.0,0.0,0.0,0.0
17705,423.8,0.0,0.0,0.0,0.0
17706,392.9,0.0,0.0,0.0,0.0
17707,401.9,0.0,0.0,0.0,0.0
17708,390.3,0.0,0.0,0.0,0.0
17709,361.8,0.0,0.0,0.0,0.0
17710,373.4,0.0,0.0,0.0,0.0
17711,380.2,0.0,0.0,0.0,0.0
17712,373.4,0.0,0.0,0.0,0.0
17713,367.6,0.0,0.0,0.0,0.0
17714,355.0,0.0,0.0,0.0,0.0
17715,351.3,0.0,0.0,0.0,0.0
17716,348.6,0.0,0.0,0.0,0.0
17717,335.4,0.0,0.0,0.0,0.0
17718,342.2,0.0,0.0,0.0,0.0
17719,374.0,0.0,0.0,0.0,0.0
17720,357.7,0.0,0.0,0.0,0.0
17721,368.7,0.0,0.0,0.0,0.0
17722,330.1,0.0,0.0,0.0,0.0
17723,355.9,0.0,0.0,0.0,0.0
17724,329.6,0.0,0.0,0.0,0.0
17725,330.1,0.0,0.0,0.0,0.0
17726,334.0,0.0,0.0,0.0,0.0
17727,322.8,0.0,0.0,0.0,0.0
17728,344.0,0.0,0.0,0.0,0.0
17729,331.1,0.0,0.0,0.0,0.0
17730,349.2,0.0,0.0,0.0,0.0
17731,358.1,0.0,0.0,0.0,0.0
17732,334.2,0.0,0.0,0.0,0.0
17733,326.9,0.0,0.0,0.0,0.0
17734,346.5,0.0,0.0,0.0,0.0
17735,346.3,0.0,0.0,0.0,0.0
17736,363.9,0.0,0.0,0.0,0.0
17737,343.8,0.0,0.0,0.0,0.0
17738,343.8,0.0,0.0,0.0,0.0
17739,345.2,0.0,0.0,0.0,0.0
17740,358.5,0.0,0.0,0.0,0.0
17741,341.9,0.0,0.0,0.0,0.0
17742,333.8,0.0,0.0,0.0,0.0
17743,357.9,0.0,0.0,0.0,0.0
17744,366.5,0.0,0.0,0.0,0.0
17745,350.5,0.0,0.0,0.0,0.0
17746,351.6,0.0,0.0,0.0,0.0
17747,349.9,0.0,0.0,0.0,0.0
17748,339.8,0.0,0.0,0.0,0.0
17749,344.6,0.0,0.0,0.0,0.0
17750,337.6,0.0,0.0,0.0,0.0
17751,352.2,0.0,0.0,0.0,0.0
17752,342.7,0.0,0.0,0.0,0.0
17753,345.6,0.0,0.0,0.0,0.0
17754,357.5,0.0,0.0,0.0,0.0
17755,348.2,0.0,0.0,0.0,0.0
17756,345.7,0.0,0.0,0.0,0.0
17757,362.7,0.0,0.0,0.0,0.0
17758,369.6,0.0,0.0,0.0,0.0
17759,353.3,0.0,0.0,0.0,0.0
17760,363.3,0.0,0.0,0.0,0.0
17761,330.1,0.0,0.0,0.0,0.0
17762,355.4,0.0,0.0,0.0,0.0
17763,354.7,0.0,0.0,0.0,0.0
17764,355.4,0.0,0.0,0.0,0.0
17765,342.9,0.0,0.0,0.0,0.0
17766,343.3,0.0,0.0,0.0,0.0
17767,342.6,0.0,0.0,0.0,0.0
17768,330.9,0.0,0.0,0.0,0.0
17769,305.6,0.0,0.0,0.0,0.0
17770,337.6,0.0,0.0,0.0,0.0
17771,311.3,0.0,0.0,0.0,0.0
17772,335.5,0.0,0.0,0.0,0.0
17773,358.7,0.0,0.0,0.0,0.0
17774,327.9,0.0,0.0,0.0,0.0
17775,332.3,0.0,0.0,0.0,0.0
17776,311.7,0.0,0.0,0.0,0.0
17777,324.2,0.0,0.0,0.0,0.0
17778,315.8,0.0,0.0,0.0,0.0
17779,321.0,0.0,0.0,0.0,0.0
17780,318.8,0.0,0.0,0.0,0.0
17781,316.4,0.0,0.0,0.0,0.0
17782,331.6,0.0,0.0,0.0,0.0
17783,303.0,0.0,0.0,0.0,0.0
17784,282.1,0.0,0.0,0.0,0.0
17785,274.8,0.0,0.0,0.0,0.0
17786,303.7,0.0,0.0,0.0,0.0
17787,267.6,0.0,0.0,0.0,0.0
17788,267.1,0.0,0.0,0.0,0.0
17789,275.2,0.0,0.0,0.0,0.0
17790,262.2,0.0,0.0,0.0,0.0
17791,267.7,0.0,0.0,0.0,0.0
17792,263.7,0.0,0.0,0.0,0.0
17793,242.6,0.0,0.0,0.0,0.0
17794,230.5,0.0,0.0,0.0,0.0
17795,248.6,0.0,0.0,0.0,0.0
17796,244.9,0.0,0.0,0.0,0.0
17797,256.6,0.0,0.0,0.0,0.0
17798,244.5,0.0,0.0,0.0,0.0
17799,235.3,0.0,0.0,0.0,0.0
17800,242.5,0.0,0.0,0.0,0.0
17801,217.5,0.0,0.0,0.0,0.0
17802,209.0,0.0,0.0,0.0,0.0
17803,193.3,0.0,0.0,0.0,0.0
17804,201.2,0.0,0.0,0.0,0.0
17805,190.3,0.0,0.0,0.0,0.0
17806,193.1,0.0,0.0,0.0,0.0
17807,206.1,0.0,0.0,0.0,0.0
17808,199.2,0.0,0.0,0.0,0.0
17809,197.2,0.0,0.0,0.0,0.0
17810,202.4,0.0,0.0,0.0,0.0
17811,215.7,0.0,0.0,0.0,0.0
17812,136.5,0.0,0.0,0.0,0.0
17813,173.3,0.0,0.0,0.0,0.0
17814,308.7,0.0,0.0,0.0,0.0
17815,161.1,0.0,0.0,0.0,0.0
17816,157.8,0.0,0.0,0.0,0.0
17817,158.8,0.0,0.0,0.0,0.0
17818,166.8,0.0,0.0,0.0,0.0
17819,132.5,0.0,0.0,0.0,0.0
17820,156.3,0.0,0.0,0.0,0.0
17821,151.1,0.0,0.0,0.0,0.0
17822,125.9,0.0,0.0,0.0,0.0
17823,138.2,0.0,0.0,0.0,0.0
17824,137.6,0.0,0.0,0.0,0.0
17825,137.6,0.0,0.0,0.0,0.0
17826,165.8,0.0,0.0,0.0,0.0
17827,150.9,0.0,0.0,0.0,0.0
17828,160.7,0.0,0.0,0.0,0.0
17829,125.6,0.0,0.0,0.0,0.0
17830,159.9,0.0,0.0,0.0,0.0
17831,138.0,0.0,0.0,0.0,0.0
17832,158.2,0.0,0.0,0.0,0.0
17833,153.1,0.0,0.0,0.0,0.0
17834,161.9,0.0,0.0,0.0,0.0
17835,135.9,0.0,0.0,0.0,0.0
17836,146.7,0.0,0.0,0.0,0.0
17837,146.3,0.0,0.0,0.0,0.0
17838,144.9,0.0,0.0,0.0,0.0
17839,152.1,0.0,0.0,0.0,0.0
17840,159.3,0.0,0.0,0.0,0.0
17841,162.4,0.0,0.0,0.0,0.0
17842,185.6,0.0,0.0,0.0,0.0
17843,181.9,0.0,0.0,0.0,0.0
17844,187.5,0.0,0.0,0.0,0.0
17845,187.1,0.0,0.0,0.0,0.0
17846,166.0,0.0,0.0,0.0,0.0
17847,171.1,0.0,0.0,0.0,0.0
17848,219.5,0.0,0.0,0.0,0.0
17849,248.9,0.0,0.0,0.0,0.0
17850,259.8,0.0,0.0,0.0,0.0
17851,257.6,0.0,0.0,0.0,0.0
17852,272.0,0.0,0.0,0.0,0.0
17853,324.7,0.0,0.0,0.0,0.0
17854,335.7,0.0,0.0,0.0,0.0
17855,328.6,0.0,0.0,0.0,0.0
17856,343.0,0.0,0.0,0.0,0.0
17857,350.9,0.0,0.0,0.0,0.0
17858,354.5,0.0,0.0,0.0,0.0
17859,328.9,0.0,0.0,0.0,0.0
17860,305.8,0.0,0.0,0.0,0.0
17861,286.8,0.0,0.0,0.0,0.0
17862,312.7,0.0,0.0,0.0,0.0
17863,346.0,0.0,0.0,0.0,0.0
17864,347.7,0.0,0.0,0.0,0.0
17865,335.2,0.0,0.0,0.0,0.0
17866,330.3,0.0,0.0,0.0,0.0
17867,333.1,0.0,0.0,0.0,0.0
17868,412.8,0.0,0.0,0.0,0.0
17869,410.6,0.0,0.0,0.0,0.0
17870,501.7,0.0,0.0,0.0,0.0
17871,858.8,0.0,0.0,0.0,0.0
17872,681.8,0.0,0.0,0.0,0.0
17873,745.5,0.0,0.0,0.0,0.0
17874,704.1,0.0,0.0,0.0,0.0
17875,654.9,0.0,0.0,0.0,0.0
17876,647.9,0.0,0.0,0.0,0.0
17877,642.0,0.0,0.0,0.0,0.0
17878,646.5,0.0,0.0,0.0,0.0
17879,575.5,0.0,0.0,0.0,0.0
17880,490.0,0.0,0.0,0.0,0.0
17881,422.6,0.0,0.0,0.0,0.0
17882,420.1,0.0,0.0,0.0,0.0
17883,423.9,0.0,0.0,0.0,0.0
17884,388.3,0.0,0.0,0.0,0.0
17885,335.0,0.0,0.0,0.0,0.0
17886,294.0,0.0,0.0,0.0,0.0
17887,267.1,0.0,0.0,0.0,0.0
17888,212.9,0.0,0.0,0.0,0.0
17889,177.7,0.0,0.0,0.0,0.0
17890,155.6,0.0,0.0,0.0,0.0
17891,163.1,0.0,0.0,0.0,0.0
17892,170.7,0.0,0.0,0.0,0.0
17893,164.9,0.0,0.0,0.0,0.0
17894,173.2,0.0,0.0,0.0,0.0
17895,150.0,0.0,0.0,0.0,0.0
17896,145.4,0.0,0.0,0.0,0.0
17897,133.9,0.0,0.0,0.0,0.0
17898,50.5,0.0,0.0,0.0,0.0
17899,46.5,0.0,0.0,0.0,0.0
17900,76.1,0.0,0.0,0.0,0.0
17901,64.4,0.0,0.0,0.0,0.0
17902,89.2,0.0,0.0,0.0,0.0
17903,129.7,0.0,0.0,0.0,0.0
17904,140.1,0.0,0.0,0.0,0.0
17905,129.3,0.0,0.0,0.0,0.0
17906,128.3,0.0,0.0,0.0,0.0
17907,124.1,0.0,0.0,0.0,0.0
17908,118.0,0.0,0.0,0.0,0.0
17909,129.9,0.0,0.0,0.0,0.0
17910,148.0,0.0,0.0,0.0,0.0
17911,136.3,0.0,0.0,0.0,0.0
17912,138.4,0.0,0.0,0.0,0.0
17913,131.4,0.0,0.0,0.0,0.0
17914,112.9,0.0,0.0,0.0,0.0
17915,100.3,0.0,0.0,0.0,0.0
17916,123.2,0.0,0.0,0.0,0.0
17917,179.8,0.0,0.0,0.0,0.0
17918,381.1,0.0,0.0,0.0,0.0
17919,407.8,0.0,0.0,0.0,0.0
17920,368.8,0.0,0.0,0.0,0.0
17921,385.1,0.0,0.0,0.0,0.0
17922,382.9,0.0,0.0,0.0,0.0
17923,348.4,0.0,0.0,0.0,0.0
17924,314.1,0.0,0.0,0.0,0.0
17925,269.9,0.0,0.0,0.0,0.0
17926,215.8,0.0,0.0,0.0,0.0
17927,194.5,0.0,0.0,0.0,0.0
17928,165.3,0.0,0.0,0.0,0.0
17929,183.9,0.0,0.0,0.0,0.0
17930,200.7,0.0,0.0,0.0,0.0
17931,178.6,0.0,0.0,0.0,0.0
17932,267.3,0.0,0.0,0.0,0.0
17933,431.2,0.0,0.0,0.0,0.0
17934,412.9,0.0,0.0,0.0,0.0
17935,351.3,0.0,0.0,0.0,0.0
17936,347.4,0.0,0.0,0.0,0.0
17937,363.9,0.0,0.0,0.0,0.0
17938,403.8,0.0,0.0,0.0,0.0
17939,494.4,0.0,0.0,0.0,0.0
17940,560.8,0.0,0.0,0.0,0.0
17941,584.4,0.0,0.0,0.0,0.0
17942,586.9,0.0,0.0,0.0,0.0
17943,767.1,0.0,0.0,0.0,0.0
17944,729.8,0.0,0.0,0.0,0.0
17945,787.0,0.0,0.0,0.0,0.0
17946,826.6,0.0,0.0,0.0,0.0
17947,729.3,0.0,0.0,0.0,0.0
17948,699.1,0.0,0.0,0.0,0.0
17949,678.0,0.0,0.0,0.0,0.0
17950,545.1,0.0,0.0,0.0,0.0
17951,590.5,0.0,0.0,0.0,0.0
17952,567.8,0.0,0.0,0.0,0.0
17953,528.8,0.0,0.0,0.0,0.0
17954,708.4,0.0,0.0,0.0,0.0
17955,721.7,0.0,0.0,0.0,0.0
17956,741.7,0.0,0.0,0.0,0.0
17957,705.8,0.0,0.0,0.0,0.0
17958,765.7,0.0,0.0,0.0,0.0
17959,699.8,0.0,0.0,0.0,0.0
17960,747.3,0.0,0.0,0.0,0.0
17961,746.3,0.0,0.0,0.0,0.0
17962,847.8,0.0,0.0,0.0,0.0
17963,812.3,0.0,0.0,0.0,0.0
17964,813.9,0.0,0.0,0.0,0.0
17965,767.4,0.0,0.0,0.0,0.0
17966,767.1,0.0,0.0,0.0,0.0
17967,803.1,0.0,0.0,0.0,0.0
17968,690.0,0.0,0.0,0.0,0.0
17969,574.6,0.0,0.0,0.0,0.0
17970,518.9,0.0,0.0,0.0,0.0
17971,386.5,0.0,0.0,0.0,0.0
17972,337.0,0.0,0.0,0.0,0.0
17973,335.3,0.0,0.0,0.0,0.0
17974,307.7,0.0,0.0,0.0,0.0
17975,276.6,0.0,0.0,0.0,0.0
17976,235.6,0.0,0.0,0.0,0.0
17977,180.0,0.0,0.0,0.0,0.0
17978,169.8,0.0,0.0,0.0,0.0
17979,120.8,0.0,0.0,0.0,0.0
17980,126.0,0.0,0.0,0.0,0.0
17981,84.4,0.0,0.0,0.0,0.0
17982,75.6,0.0,0.0,0.0,0.0
17983,85.0,0.0,0.0,0.0,0.0
17984,101.1,0.0,0.0,0.0,0.0
17985,85.7,0.0,0.0,0.0,0.0
17986,103.9,0.0,0.0,0.0,0.0
17987,104.5,0.0,0.0,0.0,0.0
17988,108.1,0.0,0.0,0.0,0.0
17989,112.4,0.0,0.0,0.0,0.0
17990,157.6,0.0,0.0,0.0,0.0
17991,157.6,0.0,0.0,0.0,0.0
17992,153.2,0.0,0.0,0.0,0.0
17993,142.8,0.0,0.0,0.0,0.0
17994,145.0,0.0,0.0,0.0,0.0
17995,170.1,0.0,0.0,0.0,0.0
17996,136.5,0.0,0.0,0.0,0.0
17997,181.7,0.0,0.0,0.0,0.0
17998,157.3,0.0,0.0,0.0,0.0
17999,182.4,0.0,0.0,0.0,0.0
18000,236.3,0.0,0.0,0.0,0.0
18001,215.5,0.0,0.0,0.0,0.0
18002,237.8,0.0,0.0,0.0,0.0
18003,232.3,0.0,0.0,0.0,0.0
18004,221.4,0.0,0.0,0.0,0.0
18005,192.1,0.0,0.0,0.0,0.0
18006,228.6,0.0,0.0,0.0,0.0
18007,187.2,0.0,0.0,0.0,0.0
18008,181.7,0.0,0.0,0.0,0.0
18009,188.9,0.0,0.0,0.0,0.0
18010,190.3,0.0,0.0,0.0,0.0
18011,177.9,0.0,0.0,0.0,0.0
18012,174.5,0.0,0.0,0.0,0.0
18013,197.4,0.0,0.0,0.0,0.0
18014,183.5,0.0,0.0,0.0,0.0
18015,220.1,0.0,0.0,0.0,0.0
18016,226.2,0.0,0.0,0.0,0.0
18017,237.8,0.0,0.0,0.0,0.0
18018,232.6,0.0,0.0,0.0,0.0
18019,233.6,0.0,0.0,0.0,0.0
18020,239.8,0.0,0.0,0.0,0.0
18021,230.5,0.0,0.0,0.0,0.0
18022,238.3,0.0,0.0,0.0,0.0
18023,256.8,0.0,0.0,0.0,0.0
18024,269.3,0.0,0.0,0.0,0.0
18025,250.4,0.0,0.0,0.0,0.0
18026,266.5,0.0,0.0,0.0,0.0
18027,269.0,0.0,0.0,0.0,0.0
18028,288.4,0.0,0.0,0.0,0.0
18029,292.9,0.0,0.0,0.0,0.0
18030,279.4,0.0,0.0,0.0,0.0
18031,268.2,0.0,0.0,0.0,0.0
18032,267.5,0.0,0.0,0.0,0.0
18033,249.6,0.0,0.0,0.0,0.0
18034,244.5,0.0,0.0,0.0,0.0
18035,220.3,0.0,0.0,0.0,0.0
18036,224.5,0.0,0.0,0.0,0.0
18037,223.3,0.0,0.0,0.0,0.0
18038,271.2,0.0,0.0,0.0,0.0
18039,289.1,0.0,0.0,0.0,0.0
18040,273.3,0.0,0.0,0.0,0.0
18041,240.9,0.0,0.0,0.0,0.0
18042,259.8,0.0,0.0,0.0,0.0
18043,256.2,0.0,0.0,0.0,0.0
18044,268.6,0.0,0.0,0.0,0.0
18045,248.0,0.0,0.0,0.0,0.0
18046,273.5,0.0,0.0,0.0,0.0
18047,289.1,0.0,0.0,0.0,0.0
18048,252.8,0.0,0.0,0.0,0.0
18049,254.7,0.0,0.0,0.0,0.0
18050,263.3,0.0,0.0,0.0,0.0
18051,255.2,0.0,0.0,0.0,0.0
18052,253.8,0.0,0.0,0.0,0.0
18053,249.6,0.0,0.0,0.0,0.0
18054,234.6,0.0,0.0,0.0,0.0
18055,239.3,0.0,0.0,0.0,0.0
18056,235.8,0.0,0.0,0.0,0.0
18057,240.3,0.0,0.0,0.0,0.0
18058,239.9,0.0,0.0,0.0,0.0
18059,234.6,0.0,0.0,0.0,0.0
18060,229.2,0.0,0.0,0.0,0.0
18061,242.7,0.0,0.0,0.0,0.0
18062,247.1,0.0,0.0,0.0,0.0
18063,263.0,0.0,0.0,0.0,0.0
18064,260.0,0.0,0.0,0.0,0.0
18065,250.2,0.0,0.0,0.0,0.0
18066,268.6,0.0,0.0,0.0,0.0
18067,229.9,0.0,0.0,0.0,0.0
18068,281.3,0.0,0.0,0.0,0.0
18069,303.1,0.0,0.0,0.0,0.0
18070,287.4,0.0,0.0,0.0,0.0
18071,301.9,0.0,0.0,0.0,0.0
18072,318.8,0.0,0.0,0.0,0.0
18073,314.3,0.0,0.0,0.0,0.0
18074,310.4,0.0,0.0,0.0,0.0
18075,350.4,0.0,0.0,0.0,0.0
18076,337.0,0.0,0.0,0.0,0.0
18077,325.0,0.0,0.0,0.0,0.0
18078,295.6,0.0,0.0,0.0,0.0
18079,307.2,0.0,0.0,0.0,0.0
18080,327.8,0.0,0.0,0.0,0.0
18081,326.4,0.0,0.0,0.0,0.0
18082,313.2,0.0,0.0,0.0,0.0
18083,305.1,0.0,0.0,0.0,0.0
18084,308.7,0.0,0.0,0.0,0.0
18085,338.0,0.0,0.0,0.0,0.0
18086,315.6,0.0,0.0,0.0,0.0
18087,315.6,0.0,0.0,0.0,0.0
18088,316.9,0.0,0.0,0.0,0.0
18089,298.8,0.0,0.0,0.0,0.0
18090,322.4,0.0,0.0,0.0,0.0
18091,343.4,0.0,0.0,0.0,0.0
18092,313.2,0.0,0.0,0.0,0.0
18093,328.0,0.0,0.0,0.0,0.0
18094,325.6,0.0,0.0,0.0,0.0
18095,301.7,0.0,0.0,0.0,0.0
18096,322.1,0.0,0.0,0.0,0.0
18097,298.6,0.0,0.0,0.0,0.0
18098,321.8,0.0,0.0,0.0,0.0
18099,311.3,0.0,0.0,0.0,0.0
18100,312.4,0.0,0.0,0.0,0.0
18101,305.9,0.0,0.0,0.0,0.0
18102,313.0,0.0,0.0,0.0,0.0
18103,300.4,0.0,0.0,0.0,0.0
18104,311.8,0.0,0.0,0.0,0.0
18105,315.8,0.0,0.0,0.0,0.0
18106,333.5,0.0,0.0,0.0,0.0
18107,333.6,0.0,0.0,0.0,0.0
18108,295.5,0.0,0.0,0.0,0.0
18109,321.9,0.0,0.0,0.0,0.0
18110,323.6,0.0,0.0,0.0,0.0
18111,305.8,0.0,0.0,0.0,0.0
18112,327.9,0.0,0.0,0.0,0.0
18113,282.5,0.0,0.0,0.0,0.0
18114,272.0,0.0,0.0,0.0,0.0
18115,272.0,0.0,0.0,0.0,0.0
18116,257.2,0.0,0.0,0.0,0.0
18117,250.4,0.0,0.0,0.0,0.0
18118,233.0,0.0,0.0,0.0,0.0
18119,222.9,0.0,0.0,0.0,0.0
18120,248.2,0.0,0.0,0.0,0.0
18121,238.9,0.0,0.0,0.0,0.0
18122,213.8,0.0,0.0,0.0,0.0
18123,246.9,0.0,0.0,0.0,0.0
18124,246.9,0.0,0.0,0.0,0.0
18125,219.4,0.0,0.0,0.0,0.0
18126,240.4,0.0,0.0,0.0,0.0
18127,219.7,0.0,0.0,0.0,0.0
18128,243.3,0.0,0.0,0.0,0.0
18129,238.1,0.0,0.0,0.0,0.0
18130,239.3,0.0,0.0,0.0,0.0
18131,237.2,0.0,0.0,0.0,0.0
18132,233.7,0.0,0.0,0.0,0.0
18133,249.6,0.0,0.0,0.0,0.0
18134,237.0,0.0,0.0,0.0,0.0
18135,233.8,0.0,0.0,0.0,0.0
18136,236.5,0.0,0.0,0.0,0.0
18137,235.0,0.0,0.0,0.0,0.0
18138,233.3,0.0,0.0,0.0,0.0
18139,237.7,0.0,0.0,0.0,0.0
18140,229.9,0.0,0.0,0.0,0.0
18141,221.9,0.0,0.0,0.0,0.0
18142,217.6,0.0,0.0,0.0,0.0
18143,214.1,0.0,0.0,0.0,0.0
18144,196.9,0.0,0.0,0.0,0.0
18145,210.6,0.0,0.0,0.0,0.0
18146,213.9,0.0,0.0,0.0,0.0
18147,202.0,0.0,0.0,0.0,0.0
18148,186.8,0.0,0.0,0.0,0.0
18149,193.6,0.0,0.0,0.0,0.0
18150,193.6,0.0,0.0,0.0,0.0
18151,184.2,0.0,0.0,0.0,0.0
18152,184.4,0.0,0.0,0.0,0.0
18153,179.0,0.0,0.0,0.0,0.0
18154,161.6,0.0,0.0,0.0,0.0
18155,180.8,0.0,0.0,0.0,0.0
18156,176.8,0.0,0.0,0.0,0.0
18157,170.0,0.0,0.0,0.0,0.0
18158,168.1,0.0,0.0,0.0,0.0
18159,176.6,0.0,0.0,0.0,0.0
18160,164.6,0.0,0.0,0.0,0.0
18161,167.0,0.0,0.0,0.0,0.0
18162,154.5,0.0,0.0,0.0,0.0
18163,116.5,0.0,0.0,0.0,0.0
18164,182.1,0.0,0.0,0.0,0.0
18165,157.1,0.0,0.0,0.0,0.0
18166,131.6,0.0,0.0,0.0,0.0
18167,183.5,0.0,0.0,0.0,0.0
18168,133.7,0.0,0.0,0.0,0.0
18169,132.8,0.0,0.0,0.0,0.0
18170,135.1,0.0,0.0,0.0,0.0
18171,141.2,0.0,0.0,0.0,0.0
18172,155.6,0.0,0.0,0.0,0.0
18173,160.2,0.0,0.0,0.0,0.0
18174,169.2,0.0,0.0,0.0,0.0
18175,177.5,0.0,0.0,0.0,0.0
18176,139.4,0.0,0.0,0.0,0.0
18177,142.1,0.0,0.0,0.0,0.0
18178,156.9,0.0,0.0,0.0,0.0
18179,156.1,0.0,0.0,0.0,0.0
18180,152.8,0.0,0.0,0.0,0.0
18181,155.9,0.0,0.0,0.0,0.0
18182,161.7,0.0,0.0,0.0,0.0
18183,160.0,0.0,0.0,0.0,0.0
18184,156.1,0.0,0.0,0.0,0.0
18185,152.6,0.0,0.0,0.0,0.0
18186,168.5,0.0,0.0,0.0,0.0
18187,163.1,0.0,0.0,0.0,0.0
18188,159.5,0.0,0.0,0.0,0.0
18189,161.8,0.0,0.0,0.0,0.0
18190,161.1,0.0,0.0,0.0,0.0
18191,161.0,0.0,0.0,0.0,0.0
18192,140.5,0.0,0.0,0.0,0.0
18193,153.1,0.0,0.0,0.0,0.0
18194,154.3,0.0,0.0,0.0,0.0
18195,184.1,0.0,0.0,0.0,0.0
18196,139.7,0.0,0.0,0.0,0.0
18197,151.5,0.0,0.0,0.0,0.0
18198,156.0,0.0,0.0,0.0,0.0
18199,156.0,0.0,0.0,0.0,0.0
18200,154.7,0.0,0.0,0.0,0.0
18201,164.4,0.0,0.0,0.0,0.0
18202,144.4,0.0,0.0,0.0,0.0
18203,155.1,0.0,0.0,0.0,0.0
18204,153.7,0.0,0.0,0.0,0.0
18205,180.0,0.0,0.0,0.0,0.0
18206,161.1,0.0,0.0,0.0,0.0
18207,172.9,0.0,0.0,0.0,0.0
18208,157.1,0.0,0.0,0.0,0.0
18209,163.5,0.0,0.0,0.0,0.0
18210,157.1,0.0,0.0,0.0,0.0
18211,145.5,0.0,0.0,0.0,0.0
18212,177.9,0.0,0.0,0.0,0.0
18213,161.4,0.0,0.0,0.0,0.0
18214,153.7,0.0,0.0,0.0,0.0
18215,158.7,0.0,0.0,0.0,0.0
18216,167.8,0.0,0.0,0.0,0.0
18217,178.6,0.0,0.0,0.0,0.0
18218,182.4,0.0,0.0,0.0,0.0
18219,183.4,0.0,0.0,0.0,0.0
18220,170.8,0.0,0.0,0.0,0.0
18221,141.9,0.0,0.0,0.0,0.0
18222,149.0,0.0,0.0,0.0,0.0
18223,138.9,0.0,0.0,0.0,0.0
18224,143.6,0.0,0.0,0.0,0.0
18225,142.3,0.0,0.0,0.0,0.0
18226,165.1,0.0,0.0,0.0,0.0
18227,150.2,0.0,0.0,0.0,0.0
18228,174.1,0.0,0.0,0.0,0.0
18229,176.0,0.0,0.0,0.0,0.0
18230,189.1,0.0,0.0,0.0,0.0
18231,169.1,0.0,0.0,0.0,0.0
18232,153.0,0.0,0.0,0.0,0.0
18233,190.0,0.0,0.0,0.0,0.0
18234,209.5,0.0,0.0,0.0,0.0
18235,209.4,0.0,0.0,0.0,0.0
18236,197.5,0.0,0.0,0.0,0.0
18237,219.2,0.0,0.0,0.0,0.0
18238,188.5,0.0,0.0,0.0,0.0
18239,190.1,0.0,0.0,0.0,0.0
18240,181.4,0.0,0.0,0.0,0.0
18241,181.4,0.0,0.0,0.0,0.0
18242,184.2,0.0,0.0,0.0,0.0
18243,188.6,0.0,0.0,0.0,0.0
18244,199.4,0.0,0.0,0.0,0.0
18245,168.8,0.0,0.0,0.0,0.0
18246,172.2,0.0,0.0,0.0,0.0
18247,170.4,0.0,0.0,0.0,0.0
18248,162.8,0.0,0.0,0.0,0.0
18249,159.4,0.0,0.0,0.0,0.0
18250,155.0,0.0,0.0,0.0,0.0
18251,176.2,0.0,0.0,0.0,0.0
18252,160.4,0.0,0.0,0.0,0.0
18253,160.6,0.0,0.0,0.0,0.0
18254,162.5,0.0,0.0,0.0,0.0
18255,163.0,0.0,0.0,0.0,0.0
18256,163.6,0.0,0.0,0.0,0.0
18257,152.0,0.0,0.0,0.0,0.0
18258,157.0,0.0,0.0,0.0,0.0
18259,135.2,0.0,0.0,0.0,0.0
18260,147.3,0.0,0.0,0.0,0.0
18261,177.8,0.0,0.0,0.0,0.0
18262,120.3,0.0,0.0,0.0,0.0
18263,139.1,0.0,0.0,0.0,0.0
18264,141.4,0.0,0.0,0.0,0.0
18265,137.6,0.0,0.0,0.0,0.0
18266,142.5,0.0,0.0,0.0,0.0
18267,141.7,0.0,0.0,0.0,0.0
18268,134.1,0.0,0.0,0.0,0.0
18269,131.2,0.0,0.0,0.0,0.0
18270,131.5,0.0,0.0,0.0,0.0
18271,128.3,0.0,0.0,0.0,0.0
18272,131.4,0.0,0.0,0.0,0.0
18273,125.2,0.0,0.0,0.0,0.0
18274,104.4,0.0,0.0,0.0,0.0
18275,122.4,0.0,0.0,0.0,0.0
18276,80.0,0.0,0.0,0.0,0.0
18277,80.0,0.0,0.0,0.0,0.0
18278,21.0,0.0,0.0,0.0,0.0
18279,91.2,0.0,0.0,0.0,0.0
18280,115.0,0.0,0.0,0.0,0.0
18281,60.4,0.0,0.0,0.0,0.0
18282,68.7,0.0,0.0,0.0,0.0
18283,56.4,0.0,0.0,0.0,0.0
18284,116.7,0.0,0.0,0.0,0.0
18285,122.0,0.0,0.0,0.0,0.0
18286,125.8,0.0,0.0,0.0,0.0
18287,246.4,0.0,0.0,0.0,0.0
18288,331.5,0.0,0.0,0.0,0.0
18289,371.2,0.0,0.0,0.0,0.0
18290,348.7,0.0,0.0,0.0,0.0
18291,516.6,0.0,0.0,0.0,0.0
18292,475.9,0.0,0.0,0.0,0.0
18293,443.4,0.0,0.0,0.0,0.0
18294,451.6,0.0,0.0,0.0,0.0
18295,347.0,0.0,0.0,0.0,0.0
18296,276.9,0.0,0.0,0.0,0.0
18297,306.4,0.0,0.0,0.0,0.0
18298,278.4,0.0,0.0,0.0,0.0
18299,186.9,0.0,0.0,0.0,0.0
18300,212.7,0.0,0.0,0.0,0.0
18301,293.3,0.0,0.0,0.0,0.0
18302,417.7,0.0,0.0,0.0,0.0
18303,376.4,0.0,0.0,0.0,0.0
18304,409.9,0.0,0.0,0.0,0.0
18305,471.4,0.0,0.0,0.0,0.0
18306,433.3,0.0,0.0,0.0,0.0
18307,447.0,0.0,0.0,0.0,0.0
18308,960.4,0.0,0.0,0.0,0.0
18309,1003.8,0.0,0.0,0.0,0.0
18310,1028.3,0.0,0.0,0.0,0.0
18311,1063.6,0.0,0.0,0.0,0.0
18312,1157.9,0.0,0.0,0.0,0.0
18313,1028.2,0.0,0.0,0.0,0.0
18314,1007.9,0.0,0.0,0.0,0.0
18315,889.4,0.0,0.0,0.0,0.0
18316,882.4,0.0,0.0,0.0,0.0
18317,956.9,0.0,0.0,0.0,0.0
18318,1069.6,0.0,0.0,0.0,0.0
18319,837.5,0.0,0.0,0.0,0.0
18320,885.0,0.0,0.0,0.0,0.0
18321,1012.8,0.0,0.0,0.0,0.0
18322,1115.1,0.0,0.0,0.0,0.0
18323,1280.5,0.0,0.0,0.0,0.0
18324,1356.4,0.0,0.0,0.0,0.0
18325,1417.7,0.0,0.0,0.0,0.0
18326,1373.2,0.0,0.0,0.0,0.0
18327,1185.1,0.0,0.0,0.0,0.0
18328,971.9,0.0,0.0,0.0,0.0
18329,1017.3,0.0,0.0,0.0,0.0
18330,997.5,0.0,0.0,0.0,0.0
18331,928.5,0.0,0.0,0.0,0.0
18332,1010.1,0.0,0.0,0.0,0.0
18333,819.4,0.0,0.0,0.0,0.0
18334,729.1,0.0,0.0,0.0,0.0
18335,604.9,0.0,0.0,0.0,0.0
18336,547.6,0.0,0.0,0.0,0.0
18337,428.9,0.0,0.0,0.0,0.0
18338,369.3,0.0,0.0,0.0,0.0
18339,248.5,0.0,0.0,0.0,0.0
18340,199.2,0.0,0.0,0.0,0.0
18341,196.6,0.0,0.0,0.0,0.0
18342,220.9,0.0,0.0,0.0,0.0
18343,209.4,0.0,0.0,0.0,0.0
18344,172.4,0.0,0.0,0.0,0.0
18345,128.1,0.0,0.0,0.0,0.0
18346,88.1,0.0,0.0,0.0,0.0
18347,84.3,0.0,0.0,0.0,0.0
18348,75.7,0.0,0.0,0.0,0.0
18349,68.6,0.0,0.0,0.0,0.0
18350,94.4,0.0,0.0,0.0,0.0
18351,89.7,0.0,0.0,0.0,0.0
18352,81.6,0.0,0.0,0.0,0.0
18353,111.1,0.0,0.0,0.0,0.0
18354,92.8,0.0,0.0,0.0,0.0
18355,66.3,0.0,0.0,0.0,0.0
18356,58.6,0.0,0.0,0.0,0.0
18357,84.2,0.0,0.0,0.0,0.0
18358,44.5,0.0,0.0,0.0,0.0
18359,73.5,0.0,0.0,0.0,0.0
18360,91.0,0.0,0.0,0.0,0.0
18361,94.4,0.0,0.0,0.0,0.0
18362,216.1,0.0,0.0,0.0,0.0
18363,246.1,0.0,0.0,0.0,0.0
18364,247.0,0.0,0.0,0.0,0.0
18365,234.6,0.0,0.0,0.0,0.0
18366,249.4,0.0,0.0,0.0,0.0
18367,230.7,0.0,0.0,0.0,0.0
18368,225.0,0.0,0.0,0.0,0.0
18369,220.9,0.0,0.0,0.0,0.0
18370,125.7,0.0,0.0,0.0,0.0
18371,123.1,0.0,0.0,0.0,0.0
18372,111.6,0.0,0.0,0.0,0.0
18373,187.9,0.0,0.0,0.0,0.0
18374,203.3,0.0,0.0,0.0,0.0
18375,219.9,0.0,0.0,0.0,0.0
18376,214.9,0.0,0.0,0.0,0.0
18377,220.9,0.0,0.0,0.0,0.0
18378,225.8,0.0,0.0,0.0,0.0
18379,230.7,0.0,0.0,0.0,0.0
18380,158.2,0.0,0.0,0.0,0.0
18381,194.8,0.0,0.0,0.0,0.0
18382,219.3,0.0,0.0,0.0,0.0
18383,209.5,0.0,0.0,0.0,0.0
18384,220.3,0.0,0.0,0.0,0.0
18385,238.7,0.0,0.0,0.0,0.0
18386,278.5,0.0,0.0,0.0,0.0
18387,272.9,0.0,0.0,0.0,0.0
18388,289.6,0.0,0.0,0.0,0.0
18389,272.1,0.0,0.0,0.0,0.0
18390,239.2,0.0,0.0,0.0,0.0
18391,198.1,0.0,0.0,0.0,0.0
18392,219.5,0.0,0.0,0.0,0.0
18393,222.9,0.0,0.0,0.0,0.0
18394,188.5,0.0,0.0,0.0,0.0
18395,199.2,0.0,0.0,0.0,0.0
18396,183.6,0.0,0.0,0.0,0.0
18397,189.5,0.0,0.0,0.0,0.0
18398,206.9,0.0,0.0,0.0,0.0
18399,167.0,0.0,0.0,0.0,0.0
18400,182.6,0.0,0.0,0.0,0.0
18401,166.3,0.0,0.0,0.0,0.0
18402,225.1,0.0,0.0,0.0,0.0
18403,312.1,0.0,0.0,0.0,0.0
18404,313.4,0.0,0.0,0.0,0.0
18405,291.9,0.0,0.0,0.0,0.0
18406,295.1,0.0,0.0,0.0,0.0
18407,316.1,0.0,0.0,0.0,0.0
18408,282.0,0.0,0.0,0.0,0.0
18409,265.3,0.0,0.0,0.0,0.0
18410,280.4,0.0,0.0,0.0,0.0
18411,287.6,0.0,0.0,0.0,0.0
18412,269.5,0.0,0.0,0.0,0.0
18413,251.8,0.0,0.0,0.0,0.0
18414,260.2,0.0,0.0,0.0,0.0
18415,261.8,0.0,0.0,0.0,0.0
18416,258.2,0.0,0.0,0.0,0.0
18417,262.2,0.0,0.0,0.0,0.0
18418,243.4,0.0,0.0,0.0,0.0
18419,226.0,0.0,0.0,0.0,0.0
18420,240.9,0.0,0.0,0.0,0.0
18421,205.1,0.0,0.0,0.0,0.0
18422,207.2,0.0,0.0,0.0,0.0
18423,209.0,0.0,0.0,0.0,0.0
18424,211.0,0.0,0.0,0.0,0.0
18425,234.6,0.0,0.0,0.0,0.0
18426,301.2,0.0,0.0,0.0,0.0
18427,328.8,0.0,0.0,0.0,0.0
18428,333.6,0.0,0.0,0.0,0.0
18429,360.5,0.0,0.0,0.0,0.0
18430,380.8,0.0,0.0,0.0,0.0
18431,330.8,0.0,0.0,0.0,0.0
18432,317.9,0.0,0.0,0.0,0.0
18433,315.1,0.0,0.0,0.0,0.0
18434,338.6,0.0,0.0,0.0,0.0
18435,338.2,0.0,0.0,0.0,0.0
18436,323.9,0.0,0.0,0.0,0.0
18437,317.0,0.0,0.0,0.0,0.0
18438,328.5,0.0,0.0,0.0,0.0
18439,331.3,0.0,0.0,0.0,0.0
18440,342.5,0.0,0.0,0.0,0.0
18441,321.2,0.0,0.0,0.0,0.0
18442,348.1,0.0,0.0,0.0,0.0
18443,336.7,0.0,0.0,0.0,0.0
18444,358.7,0.0,0.0,0.0,0.0
18445,349.2,0.0,0.0,0.0,0.0
18446,345.7,0.0,0.0,0.0,0.0
18447,334.8,0.0,0.0,0.0,0.0
18448,349.0,0.0,0.0,0.0,0.0
18449,357.4,0.0,0.0,0.0,0.0
18450,372.3,0.0,0.0,0.0,0.0
18451,353.7,0.0,0.0,0.0,0.0
18452,368.5,0.0,0.0,0.0,0.0
18453,359.7,0.0,0.0,0.0,0.0
18454,349.0,0.0,0.0,0.0,0.0
18455,349.5,0.0,0.0,0.0,0.0
18456,354.4,0.0,0.0,0.0,0.0
18457,376.0,0.0,0.0,0.0,0.0
18458,343.2,0.0,0.0,0.0,0.0
18459,389.4,0.0,0.0,0.0,0.0
18460,366.0,0.0,0.0,0.0,0.0
18461,357.0,0.0,0.0,0.0,0.0
18462,355.5,0.0,0.0,0.0,0.0
18463,354.5,0.0,0.0,0.0,0.0
18464,358.2,0.0,0.0,0.0,0.0
18465,349.9,0.0,0.0,0.0,0.0
18466,375.4,0.0,0.0,0.0,0.0
18467,374.2,0.0,0.0,0.0,0.0
18468,367.7,0.0,0.0,0.0,0.0
18469,349.5,0.0,0.0,0.0,0.0
18470,357.4,0.0,0.0,0.0,0.0
18471,350.9,0.0,0.0,0.0,0.0
18472,399.2,0.0,0.0,0.0,0.0
18473,337.8,0.0,0.0,0.0,0.0
18474,359.2,0.0,0.0,0.0,0.0
18475,360.1,0.0,0.0,0.0,0.0
18476,356.6,0.0,0.0,0.0,0.0
18477,349.7,0.0,0.0,0.0,0.0
18478,343.2,0.0,0.0,0.0,0.0
18479,326.2,0.0,0.0,0.0,0.0
18480,343.5,0.0,0.0,0.0,0.0
18481,333.7,0.0,0.0,0.0,0.0
18482,328.1,0.0,0.0,0.0,0.0
18483,260.5,0.0,0.0,0.0,0.0
18484,263.2,0.0,0.0,0.0,0.0
18485,259.9,0.0,0.0,0.0,0.0
18486,260.3,0.0,0.0,0.0,0.0
18487,254.8,0.0,0.0,0.0,0.0
18488,248.6,0.0,0.0,0.0,0.0
18489,274.1,0.0,0.0,0.0,0.0
18490,253.3,0.0,0.0,0.0,0.0
18491,213.4,0.0,0.0,0.0,0.0
18492,212.1,0.0,0.0,0.0,0.0
18493,185.6,0.0,0.0,0.0,0.0
18494,212.6,0.0,0.0,0.0,0.0
18495,218.7,0.0,0.0,0.0,0.0
18496,210.6,0.0,0.0,0.0,0.0
18497,208.9,0.0,0.0,0.0,0.0
18498,196.8,0.0,0.0,0.0,0.0
18499,176.1,0.0,0.0,0.0,0.0
18500,169.7,0.0,0.0,0.0,0.0
18501,168.5,0.0,0.0,0.0,0.0
18502,192.4,0.0,0.0,0.0,0.0
18503,216.5,0.0,0.0,0.0,0.0
18504,177.1,0.0,0.0,0.0,0.0
18505,174.7,0.0,0.0,0.0,0.0
18506,162.7,0.0,0.0,0.0,0.0
18507,140.1,0.0,0.0,0.0,0.0
18508,122.2,0.0,0.0,0.0,0.0
18509,96.1,0.0,0.0,0.0,0.0
18510,129.7,0.0,0.0,0.0,0.0
18511,132.1,0.0,0.0,0.0,0.0
18512,138.5,0.0,0.0,0.0,0.0
18513,133.6,0.0,0.0,0.0,0.0
18514,177.6,0.0,0.0,0.0,0.0
18515,152.2,0.0,0.0,0.0,0.0
18516,154.8,0.0,0.0,0.0,0.0
18517,144.0,0.0,0.0,0.0,0.0
18518,146.6,0.0,0.0,0.0,0.0
18519,159.6,0.0,0.0,0.0,0.0
18520,172.1,0.0,0.0,0.0,0.0
18521,134.7,0.0,0.0,0.0,0.0
18522,157.5,0.0,0.0,0.0,0.0
18523,160.7,0.0,0.0,0.0,0.0
18524,189.2,0.0,0.0,0.0,0.0
18525,203.5,0.0,0.0,0.0,0.0
18526,229.5,0.0,0.0,0.0,0.0
18527,190.7,0.0,0.0,0.0,0.0
18528,177.7,0.0,0.0,0.0,0.0
18529,172.0,0.0,0.0,0.0,0.0
18530,189.2,0.0,0.0,0.0,0.0
18531,181.2,0.0,0.0,0.0,0.0
18532,151.7,0.0,0.0,0.0,0.0
18533,98.1,0.0,0.0,0.0,0.0
18534,94.9,0.0,0.0,0.0,0.0
18535,135.9,0.0,0.0,0.0,0.0
18536,153.2,0.0,0.0,0.0,0.0
18537,152.1,0.0,0.0,0.0,0.0
18538,152.9,0.0,0.0,0.0,0.0
18539,151.8,0.0,0.0,0.0,0.0
18540,158.0,0.0,0.0,0.0,0.0
18541,171.3,0.0,0.0,0.0,0.0
18542,156.9,0.0,0.0,0.0,0.0
18543,155.2,0.0,0.0,0.0,0.0
18544,148.6,0.0,0.0,0.0,0.0
18545,148.7,0.0,0.0,0.0,0.0
18546,144.1,0.0,0.0,0.0,0.0
18547,155.8,0.0,0.0,0.0,0.0
18548,135.2,0.0,0.0,0.0,0.0
18549,142.7,0.0,0.0,0.0,0.0
18550,170.9,0.0,0.0,0.0,0.0
18551,175.4,0.0,0.0,0.0,0.0
18552,175.3,0.0,0.0,0.0,0.0
18553,180.9,0.0,0.0,0.0,0.0
18554,171.6,0.0,0.0,0.0,0.0
18555,159.5,0.0,0.0,0.0,0.0
18556,154.7,0.0,0.0,0.0,0.0
18557,163.8,0.0,0.0,0.0,0.0
18558,135.6,0.0,0.0,0.0,0.0
18559,152.8,0.0,0.0,0.0,0.0
18560,152.7,0.0,0.0,0.0,0.0
18561,143.9,0.0,0.0,0.0,0.0
18562,144.6,0.0,0.0,0.0,0.0
18563,153.0,0.0,0.0,0.0,0.0
18564,131.4,0.0,0.0,0.0,0.0
18565,169.2,0.0,0.0,0.0,0.0
18566,136.9,0.0,0.0,0.0,0.0
18567,156.6,0.0,0.0,0.0,0.0
18568,136.6,0.0,0.0,0.0,0.0
18569,145.8,0.0,0.0,0.0,0.0
18570,150.4,0.0,0.0,0.0,0.0
18571,144.0,0.0,0.0,0.0,0.0
18572,151.6,0.0,0.0,0.0,0.0
18573,155.8,0.0,0.0,0.0,0.0
18574,154.8,0.0,0.0,0.0,0.0
18575,157.8,0.0,0.0,0.0,0.0
18576,157.9,0.0,0.0,0.0,0.0
18577,166.2,0.0,0.0,0.0,0.0
18578,152.4,0.0,0.0,0.0,0.0
18579,163.7,0.0,0.0,0.0,0.0
18580,197.2,0.0,0.0,0.0,0.0
18581,161.4,0.0,0.0,0.0,0.0
18582,154.7,0.0,0.0,0.0,0.0
18583,168.9,0.0,0.0,0.0,0.0
18584,152.4,0.0,0.0,0.0,0.0
18585,147.5,0.0,0.0,0.0,0.0
18586,172.4,0.0,0.0,0.0,0.0
18587,131.6,0.0,0.0,0.0,0.0
18588,159.9,0.0,0.0,0.0,0.0
18589,155.2,0.0,0.0,0.0,0.0
18590,164.1,0.0,0.0,0.0,0.0
18591,160.7,0.0,0.0,0.0,0.0
18592,158.7,0.0,0.0,0.0,0.0
18593,129.7,0.0,0.0,0.0,0.0
18594,168.7,0.0,0.0,0.0,0.0
18595,157.3,0.0,0.0,0.0,0.0
18596,157.0,0.0,0.0,0.0,0.0
18597,166.2,0.0,0.0,0.0,0.0
18598,149.8,0.0,0.0,0.0,0.0
18599,151.6,0.0,0.0,0.0,0.0
18600,166.0,0.0,0.0,0.0,0.0
18601,172.9,0.0,0.0,0.0,0.0
18602,151.6,0.0,0.0,0.0,0.0
18603,155.4,0.0,0.0,0.0,0.0
18604,139.5,0.0,0.0,0.0,0.0
18605,169.9,0.0,0.0,0.0,0.0
18606,146.4,0.0,0.0,0.0,0.0
18607,139.4,0.0,0.0,0.0,0.0
18608,163.4,0.0,0.0,0.0,0.0
18609,143.5,0.0,0.0,0.0,0.0
18610,160.3,0.0,0.0,0.0,0.0
18611,119.6,0.0,0.0,0.0,0.0
18612,104.3,0.0,0.0,0.0,0.0
18613,120.1,0.0,0.0,0.0,0.0
18614,130.3,0.0,0.0,0.0,0.0
18615,130.6,0.0,0.0,0.0,0.0
18616,141.7,0.0,0.0,0.0,0.0
18617,136.1,0.0,0.0,0.0,0.0
18618,148.1,0.0,0.0,0.0,0.0
18619,110.9,0.0,0.0,0.0,0.0
18620,107.3,0.0,0.0,0.0,0.0
18621,100.0,0.0,0.0,0.0,0.0
18622,87.9,0.0,0.0,0.0,0.0
18623,100.1,0.0,0.0,0.0,0.0
18624,103.1,0.0,0.0,0.0,0.0
18625,119.7,0.0,0.0,0.0,0.0
18626,136.6,0.0,0.0,0.0,0.0
18627,133.7,0.0,0.0,0.0,0.0
18628,135.0,0.0,0.0,0.0,0.0
18629,140.1,0.0,0.0,0.0,0.0
18630,135.6,0.0,0.0,0.0,0.0
18631,130.5,0.0,0.0,0.0,0.0
18632,118.2,0.0,0.0,0.0,0.0
18633,116.7,0.0,0.0,0.0,0.0
18634,115.8,0.0,0.0,0.0,0.0
18635,118.3,0.0,0.0,0.0,0.0
18636,126.5,0.0,0.0,0.0,0.0
18637,123.1,0.0,0.0,0.0,0.0
18638,101.3,0.0,0.0,0.0,0.0
18639,91.8,0.0,0.0,0.0,0.0
18640,89.3,0.0,0.0,0.0,0.0
18641,90.6,0.0,0.0,0.0,0.0
18642,134.3,0.0,0.0,0.0,0.0
18643,109.9,0.0,0.0,0.0,0.0
18644,105.8,0.0,0.0,0.0,0.0
18645,123.5,0.0,0.0,0.0,0.0
18646,110.8,0.0,0.0,0.0,0.0
18647,87.8,0.0,0.0,0.0,0.0
18648,127.4,0.0,0.0,0.0,0.0
18649,116.2,0.0,0.0,0.0,0.0
18650,115.6,0.0,0.0,0.0,0.0
18651,95.0,0.0,0.0,0.0,0.0
18652,74.0,0.0,0.0,0.0,0.0
18653,57.5,0.0,0.0,0.0,0.0
18654,65.2,0.0,0.0,0.0,0.0
18655,48.1,0.0,0.0,0.0,0.0
18656,47.3,0.0,0.0,0.0,0.0
18657,68.0,0.0,0.0,0.0,0.0
18658,47.2,0.0,0.0,0.0,0.0
18659,73.7,0.0,0.0,0.0,0.0
18660,86.9,0.0,0.0,0.0,0.0
18661,89.2,0.0,0.0,0.0,0.0
18662,91.2,0.0,0.0,0.0,0.0
18663,97.2,0.0,0.0,0.0,0.0
18664,91.5,0.0,0.0,0.0,0.0
18665,86.8,0.0,0.0,0.0,0.0
18666,91.6,0.0,0.0,0.0,0.0
18667,86.5,0.0,0.0,0.0,0.0
18668,73.6,0.0,0.0,0.0,0.0
18669,16.0,0.0,0.0,0.0,0.0
18670,18.9,0.0,0.0,0.0,0.0
18671,17.4,0.0,0.0,0.0,0.0
18672,17.5,0.0,0.0,0.0,0.0
18673,46.2,0.0,0.0,0.0,0.0
18674,93.5,0.0,0.0,0.0,0.0
18675,67.9,0.0,0.0,0.0,0.0
18676,66.5,0.0,0.0,0.0,0.0
18677,90.4,0.0,0.0,0.0,0.0
18678,85.1,0.0,0.0,0.0,0.0
18679,18.4,0.0,0.0,0.0,0.0
18680,18.4,0.0,0.0,0.0,0.0
18681,12.1,0.0,0.0,0.0,0.0
18682,5.3,0.0,0.0,0.0,0.0
18683,21.3,0.0,0.0,0.0,0.0
18684,21.3,0.0,0.0,0.0,0.0
18685,25.9,0.0,0.0,0.0,0.0
18686,25.9,0.0,0.0,0.0,0.0
18687,54.8,0.0,0.0,0.0,0.0
18688,29.8,0.0,0.0,0.0,0.0
18689,33.3,0.0,0.0,0.0,0.0
18690,55.7,0.0,0.0,0.0,0.0
18691,43.2,0.0,0.0,0.0,0.0
18692,43.2,0.0,0.0,0.0,0.0
18693,43.2,0.0,0.0,0.0,0.0
18694,43.2,0.0,0.0,0.0,0.0
18695,43.2,0.0,0.0,0.0,0.0
18696,17.2,0.0,0.0,0.0,0.0
18697,87.5,0.0,0.0,0.0,0.0
18698,74.4,0.0,0.0,0.0,0.0
18699,134.3,0.0,0.0,0.0,0.0
18700,119.0,0.0,0.0,0.0,0.0
18701,140.8,0.0,0.0,0.0,0.0
18702,154.4,0.0,0.0,0.0,0.0
18703,146.8,0.0,0.0,0.0,0.0
18704,121.6,0.0,0.0,0.0,0.0
18705,127.4,0.0,0.0,0.0,0.0
18706,127.9,0.0,0.0,0.0,0.0
18707,115.5,0.0,0.0,0.0,0.0
18708,108.2,0.0,0.0,0.0,0.0
18709,74.7,0.0,0.0,0.0,0.0
18710,100.7,0.0,0.0,0.0,0.0
18711,106.7,0.0,0.0,0.0,0.0
18712,97.7,0.0,0.0,0.0,0.0
18713,80.7,0.0,0.0,0.0,0.0
18714,100.3,0.0,0.0,0.0,0.0
18715,84.3,0.0,0.0,0.0,0.0
18716,114.5,0.0,0.0,0.0,0.0
18717,115.0,0.0,0.0,0.0,0.0
18718,128.2,0.0,0.0,0.0,0.0
18719,115.2,0.0,0.0,0.0,0.0
18720,131.9,0.0,0.0,0.0,0.0
18721,161.9,0.0,0.0,0.0,0.0
18722,162.7,0.0,0.0,0.0,0.0
18723,164.8,0.0,0.0,0.0,0.0
18724,166.5,0.0,0.0,0.0,0.0
18725,169.6,0.0,0.0,0.0,0.0
18726,160.8,0.0,0.0,0.0,0.0
18727,153.0,0.0,0.0,0.0,0.0
18728,167.3,0.0,0.0,0.0,0.0
18729,157.8,0.0,0.0,0.0,0.0
18730,197.1,0.0,0.0,0.0,0.0
18731,149.3,0.0,0.0,0.0,0.0
18732,168.2,0.0,0.0,0.0,0.0
18733,165.0,0.0,0.0,0.0,0.0
18734,157.8,0.0,0.0,0.0,0.0
18735,169.0,0.0,0.0,0.0,0.0
18736,153.6,0.0,0.0,0.0,0.0
18737,166.9,0.0,0.0,0.0,0.0
18738,169.7,0.0,0.0,0.0,0.0
18739,159.7,0.0,0.0,0.0,0.0
18740,168.7,0.0,0.0,0.0,0.0
18741,114.0,0.0,0.0,0.0,0.0
18742,234.5,0.0,0.0,0.0,0.0
18743,194.1,0.0,0.0,0.0,0.0
18744,191.4,0.0,0.0,0.0,0.0
18745,192.6,0.0,0.0,0.0,0.0
18746,214.1,0.0,0.0,0.0,0.0
18747,201.7,0.0,0.0,0.0,0.0
18748,226.2,0.0,0.0,0.0,0.0
18749,222.0,0.0,0.0,0.0,0.0
18750,228.8,0.0,0.0,0.0,0.0
18751,231.1,0.0,0.0,0.0,0.0
18752,228.2,0.0,0.0,0.0,0.0
18753,213.8,0.0,0.0,0.0,0.0
18754,220.6,0.0,0.0,0.0,0.0
18755,252.4,0.0,0.0,0.0,0.0
18756,231.1,0.0,0.0,0.0,0.0
18757,237.1,0.0,0.0,0.0,0.0
18758,236.2,0.0,0.0,0.0,0.0
18759,252.7,0.0,0.0,0.0,0.0
18760,254.4,0.0,0.0,0.0,0.0
18761,255.6,0.0,0.0,0.0,0.0
18762,272.2,0.0,0.0,0.0,0.0
18763,307.5,0.0,0.0,0.0,0.0
18764,299.5,0.0,0.0,0.0,0.0
18765,286.5,0.0,0.0,0.0,0.0
18766,305.0,0.0,0.0,0.0,0.0
18767,299.4,0.0,0.0,0.0,0.0
18768,307.1,0.0,0.0,0.0,0.0
18769,314.7,0.0,0.0,0.0,0.0
18770,279.9,0.0,0.0,0.0,0.0
18771,284.8,0.0,0.0,0.0,0.0
18772,290.2,0.0,0.0,0.0,0.0
18773,241.5,0.0,0.0,0.0,0.0
18774,291.3,0.0,0.0,0.0,0.0
18775,323.9,0.0,0.0,0.0,0.0
18776,296.4,0.0,0.0,0.0,0.0
18777,293.5,0.0,0.0,0.0,0.0
18778,327.1,0.0,0.0,0.0,0.0
18779,303.2,0.0,0.0,0.0,0.0
18780,266.8,0.0,0.0,0.0,0.0
18781,280.7,0.0,0.0,0.0,0.0
18782,344.6,0.0,0.0,0.0,0.0
18783,287.1,0.0,0.0,0.0,0.0
18784,301.5,0.0,0.0,0.0,0.0
18785,330.4,0.0,0.0,0.0,0.0
18786,360.8,0.0,0.0,0.0,0.0
18787,348.8,0.0,0.0,0.0,0.0
18788,357.4,0.0,0.0,0.0,0.0
18789,371.2,0.0,0.0,0.0,0.0
18790,369.7,0.0,0.0,0.0,0.0
18791,385.4,0.0,0.0,0.0,0.0
18792,386.4,0.0,0.0,0.0,0.0
18793,374.6,0.0,0.0,0.0,0.0
18794,351.7,0.0,0.0,0.0,0.0
18795,369.6,0.0,0.0,0.0,0.0
18796,366.7,0.0,0.0,0.0,0.0
18797,406.1,0.0,0.0,0.0,0.0
18798,366.5,0.0,0.0,0.0,0.0
18799,361.8,0.0,0.0,0.0,0.0
18800,384.4,0.0,0.0,0.0,0.0
18801,406.1,0.0,0.0,0.0,0.0
18802,375.0,0.0,0.0,0.0,0.0
18803,369.3,0.0,0.0,0.0,0.0
18804,366.3,0.0,0.0,0.0,0.0
18805,369.2,0.0,0.0,0.0,0.0
18806,377.3,0.0,0.0,0.0,0.0
18807,344.4,0.0,0.0,0.0,0.0
18808,357.9,0.0,0.0,0.0,0.0
18809,389.2,0.0,0.0,0.0,0.0
18810,381.6,0.0,0.0,0.0,0.0
18811,375.2,0.0,0.0,0.0,0.0
18812,332.5,0.0,0.0,0.0,0.0
18813,350.5,0.0,0.0,0.0,0.0
18814,363.6,0.0,0.0,0.0,0.0
18815,395.5,0.0,0.0,0.0,0.0
18816,390.0,0.0,0.0,0.0,0.0
18817,384.6,0.0,0.0,0.0,0.0
18818,379.8,0.0,0.0,0.0,0.0
18819,378.2,0.0,0.0,0.0,0.0
18820,318.6,0.0,0.0,0.0,0.0
18821,372.0,0.0,0.0,0.0,0.0
18822,398.5,0.0,0.0,0.0,0.0
18823,399.4,0.0,0.0,0.0,0.0
18824,399.2,0.0,0.0,0.0,0.0
18825,384.5,0.0,0.0,0.0,0.0
18826,375.7,0.0,0.0,0.0,0.0
18827,345.2,0.0,0.0,0.0,0.0
18828,375.3,0.0,0.0,0.0,0.0
18829,370.0,0.0,0.0,0.0,0.0
18830,369.0,0.0,0.0,0.0,0.0
18831,370.6,0.0,0.0,0.0,0.0
18832,375.8,0.0,0.0,0.0,0.0
18833,322.5,0.0,0.0,0.0,0.0
18834,430.5,0.0,0.0,0.0,0.0
18835,379.8,0.0,0.0,0.0,0.0
18836,388.6,0.0,0.0,0.0,0.0
18837,395.4,0.0,0.0,0.0,0.0
18838,356.6,0.0,0.0,0.0,0.0
18839,345.9,0.0,0.0,0.0,0.0
18840,341.6,0.0,0.0,0.0,0.0
18841,321.1,0.0,0.0,0.0,0.0
18842,321.5,0.0,0.0,0.0,0.0
18843,327.3,0.0,0.0,0.0,0.0
18844,300.1,0.0,0.0,0.0,0.0
18845,310.3,0.0,0.0,0.0,0.0
18846,290.7,0.0,0.0,0.0,0.0
18847,307.3,0.0,0.0,0.0,0.0
18848,304.9,0.0,0.0,0.0,0.0
18849,259.1,0.0,0.0,0.0,0.0
18850,287.2,0.0,0.0,0.0,0.0
18851,271.8,0.0,0.0,0.0,0.0
18852,284.3,0.0,0.0,0.0,0.0
18853,268.0,0.0,0.0,0.0,0.0
18854,310.3,0.0,0.0,0.0,0.0
18855,297.2,0.0,0.0,0.0,0.0
18856,258.3,0.0,0.0,0.0,0.0
18857,234.6,0.0,0.0,0.0,0.0
18858,235.3,0.0,0.0,0.0,0.0
18859,222.6,0.0,0.0,0.0,0.0
18860,326.7,0.0,0.0,0.0,0.0
18861,206.9,0.0,0.0,0.0,0.0
18862,201.4,0.0,0.0,0.0,0.0
18863,190.9,0.0,0.0,0.0,0.0
18864,195.1,0.0,0.0,0.0,0.0
18865,217.8,0.0,0.0,0.0,0.0
18866,239.4,0.0,0.0,0.0,0.0
18867,213.3,0.0,0.0,0.0,0.0
18868,201.4,0.0,0.0,0.0,0.0
18869,193.4,0.0,0.0,0.0,0.0
18870,203.4,0.0,0.0,0.0,0.0
18871,210.4,0.0,0.0,0.0,0.0
18872,197.5,0.0,0.0,0.0,0.0
18873,199.5,0.0,0.0,0.0,0.0
18874,202.9,0.0,0.0,0.0,0.0
18875,216.1,0.0,0.0,0.0,0.0
18876,207.3,0.0,0.0,0.0,0.0
18877,207.0,0.0,0.0,0.0,0.0
18878,186.3,0.0,0.0,0.0,0.0
18879,189.2,0.0,0.0,0.0,0.0
18880,188.2,0.0,0.0,0.0,0.0
18881,177.0,0.0,0.0,0.0,0.0
18882,157.2,0.0,0.0,0.0,0.0
18883,155.8,0.0,0.0,0.0,0.0
18884,170.2,0.0,0.0,0.0,0.0
18885,170.1,0.0,0.0,0.0,0.0
18886,194.1,0.0,0.0,0.0,0.0
18887,183.4,0.0,0.0,0.0,0.0
18888,191.8,0.0,0.0,0.0,0.0
18889,178.8,0.0,0.0,0.0,0.0
18890,194.4,0.0,0.0,0.0,0.0
18891,205.7,0.0,0.0,0.0,0.0
18892,205.7,0.0,0.0,0.0,0.0
18893,192.3,0.0,0.0,0.0,0.0
18894,189.6,0.0,0.0,0.0,0.0
18895,189.6,0.0,0.0,0.0,0.0
18896,192.0,0.0,0.0,0.0,0.0
18897,179.8,0.0,0.0,0.0,0.0
18898,154.4,0.0,0.0,0.0,0.0
18899,147.3,0.0,0.0,0.0,0.0
18900,152.2,0.0,0.0,0.0,0.0
18901,149.1,0.0,0.0,0.0,0.0
18902,146.9,0.0,0.0,0.0,0.0
18903,132.3,0.0,0.0,0.0,0.0
18904,145.3,0.0,0.0,0.0,0.0
18905,143.5,0.0,0.0,0.0,0.0
18906,119.8,0.0,0.0,0.0,0.0
18907,113.1,0.0,0.0,0.0,0.0
18908,102.5,0.0,0.0,0.0,0.0
18909,99.4,0.0,0.0,0.0,0.0
18910,87.5,0.0,0.0,0.0,0.0
18911,106.9,0.0,0.0,0.0,0.0
18912,99.7,0.0,0.0,0.0,0.0
18913,90.9,0.0,0.0,0.0,0.0
18914,81.4,0.0,0.0,0.0,0.0
18915,84.6,0.0,0.0,0.0,0.0
18916,91.0,0.0,0.0,0.0,0.0
18917,80.7,0.0,0.0,0.0,0.0
18918,95.5,0.0,0.0,0.0,0.0
18919,99.4,0.0,0.0,0.0,0.0
18920,99.1,0.0,0.0,0.0,0.0
18921,98.0,0.0,0.0,0.0,0.0
18922,96.9,0.0,0.0,0.0,0.0
18923,99.9,0.0,0.0,0.0,0.0
18924,99.9,0.0,0.0,0.0,0.0
18925,107.6,0.0,0.0,0.0,0.0
18926,110.7,0.0,0.0,0.0,0.0
18927,106.8,0.0,0.0,0.0,0.0
18928,85.9,0.0,0.0,0.0,0.0
18929,99.5,0.0,0.0,0.0,0.0
18930,150.0,0.0,0.0,0.0,0.0
18931,152.5,0.0,0.0,0.0,0.0
18932,148.0,0.0,0.0,0.0,0.0
18933,157.0,0.0,0.0,0.0,0.0
18934,162.9,0.0,0.0,0.0,0.0
18935,156.1,0.0,0.0,0.0,0.0
18936,139.5,0.0,0.0,0.0,0.0
18937,137.8,0.0,0.0,0.0,0.0
18938,140.3,0.0,0.0,0.0,0.0
18939,138.3,0.0,0.0,0.0,0.0
18940,147.7,0.0,0.0,0.0,0.0
18941,156.6,0.0,0.0,0.0,0.0
18942,144.7,0.0,0.0,0.0,0.0
18943,138.6,0.0,0.0,0.0,0.0
18944,139.5,0.0,0.0,0.0,0.0
18945,125.7,0.0,0.0,0.0,0.0
18946,130.0,0.0,0.0,0.0,0.0
18947,125.7,0.0,0.0,0.0,0.0
18948,116.2,0.0,0.0,0.0,0.0
18949,116.3,0.0,0.0,0.0,0.0
18950,113.4,0.0,0.0,0.0,0.0
18951,127.4,0.0,0.0,0.0,0.0
18952,129.5,0.0,0.0,0.0,0.0
18953,114.5,0.0,0.0,0.0,0.0
18954,96.5,0.0,0.0,0.0,0.0
18955,101.1,0.0,0.0,0.0,0.0
18956,115.8,0.0,0.0,0.0,0.0
18957,92.4,0.0,0.0,0.0,0.0
18958,104.8,0.0,0.0,0.0,0.0
18959,114.5,0.0,0.0,0.0,0.0
18960,109.2,0.0,0.0,0.0,0.0
18961,99.8,0.0,0.0,0.0,0.0
18962,100.7,0.0,0.0,0.0,0.0
18963,80.0,0.0,0.0,0.0,0.0
18964,83.5,0.0,0.0,0.0,0.0
18965,71.2,0.0,0.0,0.0,0.0
18966,110.3,0.0,0.0,0.0,0.0
18967,85.6,0.0,0.0,0.0,0.0
18968,100.8,0.0,0.0,0.0,0.0
18969,106.9,0.0,0.0,0.0,0.0
18970,92.5,0.0,0.0,0.0,0.0
18971,100.1,0.0,0.0,0.0,0.0
18972,98.5,0.0,0.0,0.0,0.0
18973,98.1,0.0,0.0,0.0,0.0
18974,105.2,0.0,0.0,0.0,0.0
18975,105.8,0.0,0.0,0.0,0.0
18976,104.5,0.0,0.0,0.0,0.0
18977,93.1,0.0,0.0,0.0,0.0
18978,100.5,0.0,0.0,0.0,0.0
18979,93.3,0.0,0.0,0.0,0.0
18980,95.8,0.0,0.0,0.0,0.0
18981,65.0,0.0,0.0,0.0,0.0
18982,62.2,0.0,0.0,0.0,0.0
18983,13.2,0.0,0.0,0.0,0.0
18984,10.2,0.0,0.0,0.0,0.0
18985,10.2,0.0,0.0,0.0,0.0
18986,15.3,0.0,0.0,0.0,0.0
18987,23.8,0.0,0.0,0.0,0.0
18988,29.8,0.0,0.0,0.0,0.0
18989,28.8,0.0,0.0,0.0,0.0
18990,24.0,0.0,0.0,0.0,0.0
18991,48.6,0.0,0.0,0.0,0.0
18992,38.6,0.0,0.0,0.0,0.0
18993,31.3,0.0,0.0,0.0,0.0
18994,21.9,0.0,0.0,0.0,0.0
18995,82.5,0.0,0.0,0.0,0.0
18996,294.9,0.0,0.0,0.0,0.0
18997,280.6,0.0,0.0,0.0,0.0
18998,191.8,0.0,0.0,0.0,0.0
18999,209.9,0.0,0.0,0.0,0.0
19000,236.9,0.0,0.0,0.0,0.0
19001,219.0,0.0,0.0,0.0,0.0
19002,258.2,0.0,0.0,0.0,0.0
19003,244.9,0.0,0.0,0.0,0.0
19004,203.9,0.0,0.0,0.0,0.0
19005,201.2,0.0,0.0,0.0,0.0
19006,194.5,0.0,0.0,0.0,0.0
19007,188.4,0.0,0.0,0.0,0.0
19008,166.6,0.0,0.0,0.0,0.0
19009,149.2,0.0,0.0,0.0,0.0
19010,139.6,0.0,0.0,0.0,0.0
19011,145.5,0.0,0.0,0.0,0.0
19012,142.0,0.0,0.0,0.0,0.0
19013,129.8,0.0,0.0,0.0,0.0
19014,144.1,0.0,0.0,0.0,0.0
19015,145.7,0.0,0.0,0.0,0.0
19016,125.8,0.0,0.0,0.0,0.0
19017,103.9,0.0,0.0,0.0,0.0
19018,103.8,0.0,0.0,0.0,0.0
19019,101.9,0.0,0.0,0.0,0.0
19020,103.8,0.0,0.0,0.0,0.0
19021,115.8,0.0,0.0,0.0,0.0
19022,104.1,0.0,0.0,0.0,0.0
19023,107.3,0.0,0.0,0.0,0.0
19024,107.2,0.0,0.0,0.0,0.0
19025,97.8,0.0,0.0,0.0,0.0
19026,105.0,0.0,0.0,0.0,0.0
19027,107.9,0.0,0.0,0.0,0.0
19028,110.1,0.0,0.0,0.0,0.0
19029,106.0,0.0,0.0,0.0,0.0
19030,113.0,0.0,0.0,0.0,0.0
19031,107.1,0.0,0.0,0.0,0.0
19032,102.5,0.0,0.0,0.0,0.0
19033,71.0,0.0,0.0,0.0,0.0
19034,107.3,0.0,0.0,0.0,0.0
19035,97.6,0.0,0.0,0.0,0.0
19036,106.1,0.0,0.0,0.0,0.0
19037,103.6,0.0,0.0,0.0,0.0
19038,107.9,0.0,0.0,0.0,0.0
19039,105.5,0.0,0.0,0.0,0.0
19040,101.5,0.0,0.0,0.0,0.0
19041,98.6,0.0,0.0,0.0,0.0
19042,104.3,0.0,0.0,0.0,0.0
19043,90.8,0.0,0.0,0.0,0.0
19044,52.1,0.0,0.0,0.0,0.0
19045,59.7,0.0,0.0,0.0,0.0
19046,67.5,0.0,0.0,0.0,0.0
19047,79.7,0.0,0.0,0.0,0.0
19048,82.1,0.0,0.0,0.0,0.0
19049,99.8,0.0,0.0,0.0,0.0
19050,87.5,0.0,0.0,0.0,0.0
19051,156.1,0.0,0.0,0.0,0.0
19052,131.6,0.0,0.0,0.0,0.0
19053,159.2,0.0,0.0,0.0,0.0
19054,170.1,0.0,0.0,0.0,0.0
19055,144.6,0.0,0.0,0.0,0.0
19056,171.1,0.0,0.0,0.0,0.0
19057,170.0,0.0,0.0,0.0,0.0
19058,158.5,0.0,0.0,0.0,0.0
19059,163.5,0.0,0.0,0.0,0.0
19060,164.2,0.0,0.0,0.0,0.0
19061,166.4,0.0,0.0,0.0,0.0
19062,165.6,0.0,0.0,0.0,0.0
19063,153.9,0.0,0.0,0.0,0.0
19064,146.7,0.0,0.0,0.0,0.0
19065,145.7,0.0,0.0,0.0,0.0
19066,148.7,0.0,0.0,0.0,0.0
19067,160.0,0.0,0.0,0.0,0.0
19068,148.4,0.0,0.0,0.0,0.0
19069,90.3,0.0,0.0,0.0,0.0
19070,137.1,0.0,0.0,0.0,0.0
19071,150.7,0.0,0.0,0.0,0.0
19072,143.4,0.0,0.0,0.0,0.0
19073,127.0,0.0,0.0,0.0,0.0
19074,121.4,0.0,0.0,0.0,0.0
19075,108.5,0.0,0.0,0.0,0.0
19076,100.7,0.0,0.0,0.0,0.0
19077,101.3,0.0,0.0,0.0,0.0
19078,101.1,0.0,0.0,0.0,0.0
19079,97.3,0.0,0.0,0.0,0.0
19080,80.4,0.0,0.0,0.0,0.0
19081,86.7,0.0,0.0,0.0,0.0
19082,85.6,0.0,0.0,0.0,0.0
19083,93.4,0.0,0.0,0.0,0.0
19084,104.2,0.0,0.0,0.0,0.0
19085,101.3,0.0,0.0,0.0,0.0
19086,100.9,0.0,0.0,0.0,0.0
19087,99.6,0.0,0.0,0.0,0.0
19088,97.6,0.0,0.0,0.0,0.0
19089,95.3,0.0,0.0,0.0,0.0
19090,100.2,0.0,0.0,0.0,0.0
19091,100.0,0.0,0.0,0.0,0.0
19092,97.4,0.0,0.0,0.0,0.0
19093,100.6,0.0,0.0,0.0,0.0
19094,102.8,0.0,0.0,0.0,0.0
19095,102.5,0.0,0.0,0.0,0.0
19096,103.8,0.0,0.0,0.0,0.0
19097,111.9,0.0,0.0,0.0,0.0
19098,141.1,0.0,0.0,0.0,0.0
19099,133.6,0.0,0.0,0.0,0.0
19100,149.7,0.0,0.0,0.0,0.0
19101,145.5,0.0,0.0,0.0,0.0
19102,165.9,0.0,0.0,0.0,0.0
19103,151.5,0.0,0.0,0.0,0.0
19104,157.4,0.0,0.0,0.0,0.0
19105,180.1,0.0,0.0,0.0,0.0
19106,191.8,0.0,0.0,0.0,0.0
19107,191.1,0.0,0.0,0.0,0.0
19108,222.0,0.0,0.0,0.0,0.0
19109,202.0,0.0,0.0,0.0,0.0
19110,217.2,0.0,0.0,0.0,0.0
19111,234.7,0.0,0.0,0.0,0.0
19112,221.7,0.0,0.0,0.0,0.0
19113,238.8,0.0,0.0,0.0,0.0
19114,186.6,0.0,0.0,0.0,0.0
19115,233.2,0.0,0.0,0.0,0.0
19116,211.6,0.0,0.0,0.0,0.0
19117,211.6,0.0,0.0,0.0,0.0
19118,215.1,0.0,0.0,0.0,0.0
19119,225.0,0.0,0.0,0.0,0.0
19120,177.1,0.0,0.0,0.0,0.0
19121,244.5,0.0,0.0,0.0,0.0
19122,201.5,0.0,0.0,0.0,0.0
19123,199.1,0.0,0.0,0.0,0.0
19124,206.9,0.0,0.0,0.0,0.0
19125,205.7,0.0,0.0,0.0,0.0
19126,264.2,0.0,0.0,0.0,0.0
19127,279.8,0.0,0.0,0.0,0.0
19128,252.7,0.0,0.0,0.0,0.0
19129,274.6,0.0,0.0,0.0,0.0
19130,261.0,0.0,0.0,0.0,0.0
19131,256.6,0.0,0.0,0.0,0.0
19132,232.4,0.0,0.0,0.0,0.0
19133,280.9,0.0,0.0,0.0,0.0
19134,230.8,0.0,0.0,0.0,0.0
19135,253.5,0.0,0.0,0.0,0.0
19136,244.3,0.0,0.0,0.0,0.0
19137,281.9,0.0,0.0,0.0,0.0
19138,241.4,0.0,0.0,0.0,0.0
19139,278.2,0.0,0.0,0.0,0.0
19140,261.6,0.0,0.0,0.0,0.0
19141,259.2,0.0,0.0,0.0,0.0
19142,271.2,0.0,0.0,0.0,0.0
19143,249.3,0.0,0.0,0.0,0.0
19144,264.5,0.0,0.0,0.0,0.0
19145,258.8,0.0,0.0,0.0,0.0
19146,276.3,0.0,0.0,0.0,0.0
19147,267.3,0.0,0.0,0.0,0.0
19148,268.8,0.0,0.0,0.0,0.0
19149,253.4,0.0,0.0,0.0,0.0
19150,254.4,0.0,0.0,0.0,0.0
19151,266.5,0.0,0.0,0.0,0.0
19152,270.6,0.0,0.0,0.0,0.0
19153,256.0,0.0,0.0,0.0,0.0
19154,278.7,0.0,0.0,0.0,0.0
19155,294.6,0.0,0.0,0.0,0.0
19156,274.4,0.0,0.0,0.0,0.0
19157,308.6,0.0,0.0,0.0,0.0
19158,342.1,0.0,0.0,0.0,0.0
19159,323.8,0.0,0.0,0.0,0.0
19160,355.6,0.0,0.0,0.0,0.0
19161,334.6,0.0,0.0,0.0,0.0
19162,343.2,0.0,0.0,0.0,0.0
19163,342.5,0.0,0.0,0.0,0.0
19164,340.2,0.0,0.0,0.0,0.0
19165,347.6,0.0,0.0,0.0,0.0
19166,363.8,0.0,0.0,0.0,0.0
19167,343.3,0.0,0.0,0.0,0.0
19168,366.3,0.0,0.0,0.0,0.0
19169,343.3,0.0,0.0,0.0,0.0
19170,320.5,0.0,0.0,0.0,0.0
19171,291.1,0.0,0.0,0.0,0.0
19172,379.7,0.0,0.0,0.0,0.0
19173,314.3,0.0,0.0,0.0,0.0
19174,328.0,0.0,0.0,0.0,0.0
19175,344.0,0.0,0.0,0.0,0.0
19176,346.9,0.0,0.0,0.0,0.0
19177,355.0,0.0,0.0,0.0,0.0
19178,346.4,0.0,0.0,0.0,0.0
19179,345.8,0.0,0.0,0.0,0.0
19180,336.9,0.0,0.0,0.0,0.0
19181,321.3,0.0,0.0,0.0,0.0
19182,319.5,0.0,0.0,0.0,0.0
19183,335.5,0.0,0.0,0.0,0.0
19184,332.2,0.0,0.0,0.0,0.0
19185,368.4,0.0,0.0,0.0,0.0
19186,377.8,0.0,0.0,0.0,0.0
19187,376.2,0.0,0.0,0.0,0.0
19188,344.2,0.0,0.0,0.0,0.0
19189,374.0,0.0,0.0,0.0,0.0
19190,386.7,0.0,0.0,0.0,0.0
19191,383.6,0.0,0.0,0.0,0.0
19192,379.1,0.0,0.0,0.0,0.0
19193,385.1,0.0,0.0,0.0,0.0
19194,367.4,0.0,0.0,0.0,0.0
19195,384.5,0.0,0.0,0.0,0.0
19196,361.7,0.0,0.0,0.0,0.0
19197,377.9,0.0,0.0,0.0,0.0
19198,377.6,0.0,0.0,0.0,0.0
19199,378.9,0.0,0.0,0.0,0.0
19200,367.3,0.0,0.0,0.0,0.0
19201,358.2,0.0,0.0,0.0,0.0
19202,356.1,0.0,0.0,0.0,0.0
19203,342.2,0.0,0.0,0.0,0.0
19204,336.4,0.0,0.0,0.0,0.0
19205,343.1,0.0,0.0,0.0,0.0
19206,315.3,0.0,0.0,0.0,0.0
19207,313.4,0.0,0.0,0.0,0.0
19208,333.7,0.0,0.0,0.0,0.0
19209,327.3,0.0,0.0,0.0,0.0
19210,324.2,0.0,0.0,0.0,0.0
19211,327.7,0.0,0.0,0.0,0.0
19212,320.0,0.0,0.0,0.0,0.0
19213,307.5,0.0,0.0,0.0,0.0
19214,286.1,0.0,0.0,0.0,0.0
19215,290.1,0.0,0.0,0.0,0.0
19216,284.6,0.0,0.0,0.0,0.0
19217,298.0,0.0,0.0,0.0,0.0
19218,286.0,0.0,0.0,0.0,0.0
19219,291.8,0.0,0.0,0.0,0.0
19220,279.6,0.0,0.0,0.0,0.0
19221,284.9,0.0,0.0,0.0,0.0
19222,256.5,0.0,0.0,0.0,0.0
19223,255.7,0.0,0.0,0.0,0.0
19224,257.9,0.0,0.0,0.0,0.0
19225,246.7,0.0,0.0,0.0,0.0
19226,227.3,0.0,0.0,0.0,0.0
19227,202.6,0.0,0.0,0.0,0.0
19228,153.2,0.0,0.0,0.0,0.0
19229,159.6,0.0,0.0,0.0,0.0
19230,151.2,0.0,0.0,0.0,0.0
19231,156.4,0.0,0.0,0.0,0.0
19232,195.0,0.0,0.0,0.0,0.0
19233,205.9,0.0,0.0,0.0,0.0
19234,185.9,0.0,0.0,0.0,0.0
19235,158.1,0.0,0.0,0.0,0.0
19236,153.2,0.0,0.0,0.0,0.0
19237,137.9,0.0,0.0,0.0,0.0
19238,149.3,0.0,0.0,0.0,0.0
19239,131.7,0.0,0.0,0.0,0.0
19240,131.6,0.0,0.0,0.0,0.0
19241,164.6,0.0,0.0,0.0,0.0
19242,194.8,0.0,0.0,0.0,0.0
19243,163.4,0.0,0.0,0.0,0.0
19244,188.5,0.0,0.0,0.0,0.0
19245,175.0,0.0,0.0,0.0,0.0
19246,189.1,0.0,0.0,0.0,0.0
19247,185.6,0.0,0.0,0.0,0.0
19248,188.1,0.0,0.0,0.0,0.0
19249,186.2,0.0,0.0,0.0,0.0
19250,187.4,0.0,0.0,0.0,0.0
19251,185.5,0.0,0.0,0.0,0.0
19252,193.6,0.0,0.0,0.0,0.0
19253,173.4,0.0,0.0,0.0,0.0
19254,188.2,0.0,0.0,0.0,0.0
19255,173.5,0.0,0.0,0.0,0.0
19256,167.0,0.0,0.0,0.0,0.0
19257,201.4,0.0,0.0,0.0,0.0
19258,206.5,0.0,0.0,0.0,0.0
19259,201.4,0.0,0.0,0.0,0.0
19260,216.8,0.0,0.0,0.0,0.0
19261,210.6,0.0,0.0,0.0,0.0
19262,202.7,0.0,0.0,0.0,0.0
19263,208.7,0.0,0.0,0.0,0.0
19264,192.7,0.0,0.0,0.0,0.0
19265,180.6,0.0,0.0,0.0,0.0
19266,195.1,0.0,0.0,0.0,0.0
19267,129.2,0.0,0.0,0.0,0.0
19268,95.5,0.0,0.0,0.0,0.0
19269,86.5,0.0,0.0,0.0,0.0
19270,79.0,0.0,0.0,0.0,0.0
19271,140.7,0.0,0.0,0.0,0.0
19272,133.2,0.0,0.0,0.0,0.0
19273,141.3,0.0,0.0,0.0,0.0
19274,125.8,0.0,0.0,0.0,0.0
19275,164.0,0.0,0.0,0.0,0.0
19276,129.0,0.0,0.0,0.0,0.0
19277,152.0,0.0,0.0,0.0,0.0
19278,139.6,0.0,0.0,0.0,0.0
19279,122.0,0.0,0.0,0.0,0.0
19280,116.9,0.0,0.0,0.0,0.0
19281,114.7,0.0,0.0,0.0,0.0
19282,128.5,0.0,0.0,0.0,0.0
19283,131.2,0.0,0.0,0.0,0.0
19284,134.2,0.0,0.0,0.0,0.0
19285,123.4,0.0,0.0,0.0,0.0
19286,151.2,0.0,0.0,0.0,0.0
19287,219.7,0.0,0.0,0.0,0.0
19288,220.6,0.0,0.0,0.0,0.0
19289,190.4,0.0,0.0,0.0,0.0
19290,203.6,0.0,0.0,0.0,0.0
19291,201.5,0.0,0.0,0.0,0.0
19292,212.7,0.0,0.0,0.0,0.0
19293,208.0,0.0,0.0,0.0,0.0
19294,181.8,0.0,0.0,0.0,0.0
19295,186.9,0.0,0.0,0.0,0.0
19296,191.1,0.0,0.0,0.0,0.0
19297,176.7,0.0,0.0,0.0,0.0
19298,216.4,0.0,0.0,0.0,0.0
19299,199.8,0.0,0.0,0.0,0.0
19300,201.0,0.0,0.0,0.0,0.0
19301,168.7,0.0,0.0,0.0,0.0
19302,184.2,0.0,0.0,0.0,0.0
19303,126.4,0.0,0.0,0.0,0.0
19304,132.7,0.0,0.0,0.0,0.0
19305,131.1,0.0,0.0,0.0,0.0
19306,150.2,0.0,0.0,0.0,0.0
19307,142.1,0.0,0.0,0.0,0.0
19308,161.4,0.0,0.0,0.0,0.0
19309,155.8,0.0,0.0,0.0,0.0
19310,151.8,0.0,0.0,0.0,0.0
19311,143.6,0.0,0.0,0.0,0.0
19312,144.8,0.0,0.0,0.0,0.0
19313,139.7,0.0,0.0,0.0,0.0
19314,141.8,0.0,0.0,0.0,0.0
19315,164.0,0.0,0.0,0.0,0.0
19316,135.4,0.0,0.0,0.0,0.0
19317,125.0,0.0,0.0,0.0,0.0
19318,133.3,0.0,0.0,0.0,0.0
19319,128.3,0.0,0.0,0.0,0.0
19320,122.6,0.0,0.0,0.0,0.0
19321,127.1,0.0,0.0,0.0,0.0
19322,134.6,0.0,0.0,0.0,0.0
19323,132.0,0.0,0.0,0.0,0.0
19324,134.6,0.0,0.0,0.0,0.0
19325,152.1,0.0,0.0,0.0,0.0
19326,134.5,0.0,0.0,0.0,0.0
19327,148.0,0.0,0.0,0.0,0.0
19328,142.8,0.0,0.0,0.0,0.0
19329,142.4,0.0,0.0,0.0,0.0
19330,140.3,0.0,0.0,0.0,0.0
19331,146.5,0.0,0.0,0.0,0.0
19332,149.1,0.0,0.0,0.0,0.0
19333,142.9,0.0,0.0,0.0,0.0
19334,130.5,0.0,0.0,0.0,0.0
19335,134.5,0.0,0.0,0.0,0.0
19336,143.6,0.0,0.0,0.0,0.0
19337,140.7,0.0,0.0,0.0,0.0
19338,135.9,0.0,0.0,0.0,0.0
19339,124.6,0.0,0.0,0.0,0.0
19340,127.8,0.0,0.0,0.0,0.0
19341,31.0,0.0,0.0,0.0,0.0
19342,5.4,0.0,0.0,0.0,0.0
19343,14.6,0.0,0.0,0.0,0.0
19344,52.4,0.0,0.0,0.0,0.0
19345,29.4,0.0,0.0,0.0,0.0
19346,43.5,0.0,0.0,0.0,0.0
19347,21.3,0.0,0.0,0.0,0.0
19348,17.2,0.0,0.0,0.0,0.0
19349,35.8,0.0,0.0,0.0,0.0
19350,104.3,0.0,0.0,0.0,0.0
19351,84.9,0.0,0.0,0.0,0.0
19352,88.9,0.0,0.0,0.0,0.0
19353,150.5,0.0,0.0,0.0,0.0
19354,213.2,0.0,0.0,0.0,0.0
19355,91.0,0.0,0.0,0.0,0.0
19356,142.0,0.0,0.0,0.0,0.0
19357,111.2,0.0,0.0,0.0,0.0
19358,158.2,0.0,0.0,0.0,0.0
19359,275.2,0.0,0.0,0.0,0.0
19360,307.2,0.0,0.0,0.0,0.0
19361,360.7,0.0,0.0,0.0,0.0
19362,315.7,0.0,0.0,0.0,0.0
19363,308.4,0.0,0.0,0.0,0.0
19364,290.8,0.0,0.0,0.0,0.0
19365,273.2,0.0,0.0,0.0,0.0
19366,225.7,0.0,0.0,0.0,0.0
19367,179.4,0.0,0.0,0.0,0.0
19368,166.9,0.0,0.0,0.0,0.0
19369,116.3,0.0,0.0,0.0,0.0
19370,94.7,0.0,0.0,0.0,0.0
19371,146.6,0.0,0.0,0.0,0.0
19372,299.0,0.0,0.0,0.0,0.0
19373,329.3,0.0,0.0,0.0,0.0
19374,364.3,0.0,0.0,0.0,0.0
19375,392.9,0.0,0.0,0.0,0.0
19376,416.5,0.0,0.0,0.0,0.0
19377,387.4,0.0,0.0,0.0,0.0
19378,391.0,0.0,0.0,0.0,0.0
19379,415.9,0.0,0.0,0.0,0.0
19380,407.9,0.0,0.0,0.0,0.0
19381,465.9,0.0,0.0,0.0,0.0
19382,507.8,0.0,0.0,0.0,0.0
19383,508.4,0.0,0.0,0.0,0.0
19384,509.1,0.0,0.0,0.0,0.0
19385,485.9,0.0,0.0,0.0,0.0
19386,511.3,0.0,0.0,0.0,0.0
19387,447.4,0.0,0.0,0.0,0.0
19388,356.1,0.0,0.0,0.0,0.0
19389,384.4,0.0,0.0,0.0,0.0
19390,316.5,0.0,0.0,0.0,0.0
19391,243.2,0.0,0.0,0.0,0.0
19392,179.0,0.0,0.0,0.0,0.0
19393,178.0,0.0,0.0,0.0,0.0
19394,173.2,0.0,0.0,0.0,0.0
19395,127.4,0.0,0.0,0.0,0.0
19396,133.8,0.0,0.0,0.0,0.0
19397,141.4,0.0,0.0,0.0,0.0
19398,139.6,0.0,0.0,0.0,0.0
19399,139.8,0.0,0.0,0.0,0.0
19400,310.6,0.0,0.0,0.0,0.0
19401,307.0,0.0,0.0,0.0,0.0
19402,310.6,0.0,0.0,0.0,0.0
19403,290.1,0.0,0.0,0.0,0.0
19404,311.7,0.0,0.0,0.0,0.0
19405,262.2,0.0,0.0,0.0,0.0
19406,199.7,0.0,0.0,0.0,0.0
19407,220.4,0.0,0.0,0.0,0.0
19408,329.7,0.0,0.0,0.0,0.0
19409,316.4,0.0,0.0,0.0,0.0
19410,303.3,0.0,0.0,0.0,0.0
19411,243.5,0.0,0.0,0.0,0.0
19412,217.2,0.0,0.0,0.0,0.0
19413,246.1,0.0,0.0,0.0,0.0
19414,221.0,0.0,0.0,0.0,0.0
19415,208.1,0.0,0.0,0.0,0.0
19416,183.2,0.0,0.0,0.0,0.0
19417,125.2,0.0,0.0,0.0,0.0
19418,144.3,0.0,0.0,0.0,0.0
19419,130.1,0.0,0.0,0.0,0.0
19420,135.7,0.0,0.0,0.0,0.0
19421,121.4,0.0,0.0,0.0,0.0
19422,114.5,0.0,0.0,0.0,0.0
19423,112.2,0.0,0.0,0.0,0.0
19424,112.8,0.0,0.0,0.0,0.0
19425,126.8,0.0,0.0,0.0,0.0
19426,121.2,0.0,0.0,0.0,0.0
19427,72.0,0.0,0.0,0.0,0.0
19428,79.8,0.0,0.0,0.0,0.0
19429,83.5,0.0,0.0,0.0,0.0
19430,83.8,0.0,0.0,0.0,0.0
19431,101.2,0.0,0.0,0.0,0.0
19432,46.4,0.0,0.0,0.0,0.0
19433,38.5,0.0,0.0,0.0,0.0
19434,38.0,0.0,0.0,0.0,0.0
19435,47.4,0.0,0.0,0.0,0.0
19436,49.2,0.0,0.0,0.0,0.0
19437,50.0,0.0,0.0,0.0,0.0
19438,53.0,0.0,0.0,0.0,0.0
19439,55.1,0.0,0.0,0.0,0.0
19440,51.8,0.0,0.0,0.0,0.0
19441,47.2,0.0,0.0,0.0,0.0
19442,47.0,0.0,0.0,0.0,0.0
19443,41.6,0.0,0.0,0.0,0.0
19444,40.4,0.0,0.0,0.0,0.0
19445,42.6,0.0,0.0,0.0,0.0
19446,43.3,0.0,0.0,0.0,0.0
19447,47.4,0.0,0.0,0.0,0.0
19448,67.3,0.0,0.0,0.0,0.0
19449,54.3,0.0,0.0,0.0,0.0
19450,43.9,0.0,0.0,0.0,0.0
19451,46.4,0.0,0.0,0.0,0.0
19452,61.7,0.0,0.0,0.0,0.0
19453,53.3,0.0,0.0,0.0,0.0
19454,51.2,0.0,0.0,0.0,0.0
19455,48.6,0.0,0.0,0.0,0.0
19456,46.1,0.0,0.0,0.0,0.0
19457,79.6,0.0,0.0,0.0,0.0
19458,88.9,0.0,0.0,0.0,0.0
19459,87.9,0.0,0.0,0.0,0.0
19460,91.8,0.0,0.0,0.0,0.0
19461,88.2,0.0,0.0,0.0,0.0
19462,72.3,0.0,0.0,0.0,0.0
19463,67.8,0.0,0.0,0.0,0.0
19464,96.2,0.0,0.0,0.0,0.0
19465,92.4,0.0,0.0,0.0,0.0
19466,106.4,0.0,0.0,0.0,0.0
19467,141.3,0.0,0.0,0.0,0.0
19468,121.7,0.0,0.0,0.0,0.0
19469,117.5,0.0,0.0,0.0,0.0
19470,177.1,0.0,0.0,0.0,0.0
19471,237.5,0.0,0.0,0.0,0.0
19472,352.5,0.0,0.0,0.0,0.0
19473,361.9,0.0,0.0,0.0,0.0
19474,344.4,0.0,0.0,0.0,0.0
19475,381.2,0.0,0.0,0.0,0.0
19476,380.5,0.0,0.0,0.0,0.0
19477,745.7,0.0,0.0,0.0,0.0
19478,789.5,0.0,0.0,0.0,0.0
19479,814.4,0.0,0.0,0.0,0.0
19480,815.9,0.0,0.0,0.0,0.0
19481,833.8,0.0,0.0,0.0,0.0
19482,782.8,0.0,0.0,0.0,0.0
19483,677.5,0.0,0.0,0.0,0.0
19484,542.2,0.0,0.0,0.0,0.0
19485,487.2,0.0,0.0,0.0,0.0
19486,387.1,0.0,0.0,0.0,0.0
19487,362.1,0.0,0.0,0.0,0.0
19488,277.3,0.0,0.0,0.0,0.0
19489,224.0,0.0,0.0,0.0,0.0
19490,195.5,0.0,0.0,0.0,0.0
19491,324.7,0.0,0.0,0.0,0.0
19492,340.7,0.0,0.0,0.0,0.0
19493,355.8,0.0,0.0,0.0,0.0
19494,328.0,0.0,0.0,0.0,0.0
19495,360.6,0.0,0.0,0.0,0.0
19496,360.6,0.0,0.0,0.0,0.0
19497,363.7,0.0,0.0,0.0,0.0
19498,363.2,0.0,0.0,0.0,0.0
19499,361.0,0.0,0.0,0.0,0.0
19500,364.3,0.0,0.0,0.0,0.0
19501,348.9,0.0,0.0,0.0,0.0
19502,316.3,0.0,0.0,0.0,0.0
19503,302.1,0.0,0.0,0.0,0.0
19504,335.5,0.0,0.0,0.0,0.0
19505,334.0,0.0,0.0,0.0,0.0
19506,341.2,0.0,0.0,0.0,0.0
19507,331.6,0.0,0.0,0.0,0.0
19508,321.1,0.0,0.0,0.0,0.0
19509,304.2,0.0,0.0,0.0,0.0
19510,302.3,0.0,0.0,0.0,0.0
19511,299.7,0.0,0.0,0.0,0.0
19512,307.8,0.0,0.0,0.0,0.0
19513,303.4,0.0,0.0,0.0,0.0
19514,319.5,0.0,0.0,0.0,0.0
19515,320.8,0.0,0.0,0.0,0.0
19516,328.6,0.0,0.0,0.0,0.0
19517,312.7,0.0,0.0,0.0,0.0
19518,324.5,0.0,0.0,0.0,0.0
19519,341.0,0.0,0.0,0.0,0.0
19520,338.7,0.0,0.0,0.0,0.0
19521,350.0,0.0,0.0,0.0,0.0
19522,352.7,0.0,0.0,0.0,0.0
19523,351.5,0.0,0.0,0.0,0.0
19524,350.8,0.0,0.0,0.0,0.0
19525,344.8,0.0,0.0,0.0,0.0
19526,347.7,0.0,0.0,0.0,0.0
19527,354.5,0.0,0.0,0.0,0.0
19528,327.1,0.0,0.0,0.0,0.0
19529,270.1,0.0,0.0,0.0,0.0
19530,291.8,0.0,0.0,0.0,0.0
19531,312.1,0.0,0.0,0.0,0.0
19532,250.1,0.0,0.0,0.0,0.0
19533,256.2,0.0,0.0,0.0,0.0
19534,308.1,0.0,0.0,0.0,0.0
19535,292.6,0.0,0.0,0.0,0.0
19536,298.6,0.0,0.0,0.0,0.0
19537,312.7,0.0,0.0,0.0,0.0
19538,349.2,0.0,0.0,0.0,0.0
19539,350.6,0.0,0.0,0.0,0.0
19540,297.6,0.0,0.0,0.0,0.0
19541,303.0,0.0,0.0,0.0,0.0
19542,292.7,0.0,0.0,0.0,0.0
19543,323.2,0.0,0.0,0.0,0.0
19544,320.4,0.0,0.0,0.0,0.0
19545,315.5,0.0,0.0,0.0,0.0
19546,313.3,0.0,0.0,0.0,0.0
19547,335.5,0.0,0.0,0.0,0.0
19548,340.1,0.0,0.0,0.0,0.0
19549,358.9,0.0,0.0,0.0,0.0
19550,364.2,0.0,0.0,0.0,0.0
19551,348.7,0.0,0.0,0.0,0.0
19552,347.3,0.0,0.0,0.0,0.0
19553,337.3,0.0,0.0,0.0,0.0
19554,387.1,0.0,0.0,0.0,0.0
19555,385.5,0.0,0.0,0.0,0.0
19556,370.9,0.0,0.0,0.0,0.0
19557,376.5,0.0,0.0,0.0,0.0
19558,374.2,0.0,0.0,0.0,0.0
19559,371.6,0.0,0.0,0.0,0.0
19560,323.7,0.0,0.0,0.0,0.0
19561,393.3,0.0,0.0,0.0,0.0
19562,390.2,0.0,0.0,0.0,0.0
19563,359.4,0.0,0.0,0.0,0.0
19564,375.3,0.0,0.0,0.0,0.0
19565,388.8,0.0,0.0,0.0,0.0
19566,380.9,0.0,0.0,0.0,0.0
19567,385.1,0.0,0.0,0.0,0.0
19568,427.9,0.0,0.0,0.0,0.0
19569,400.2,0.0,0.0,0.0,0.0
19570,394.7,0.0,0.0,0.0,0.0
19571,351.2,0.0,0.0,0.0,0.0
19572,336.8,0.0,0.0,0.0,0.0
19573,338.0,0.0,0.0,0.0,0.0
19574,332.9,0.0,0.0,0.0,0.0
19575,344.5,0.0,0.0,0.0,0.0
19576,332.4,0.0,0.0,0.0,0.0
19577,295.9,0.0,0.0,0.0,0.0
19578,246.2,0.0,0.0,0.0,0.0
19579,227.4,0.0,0.0,0.0,0.0
19580,217.7,0.0,0.0,0.0,0.0
19581,244.3,0.0,0.0,0.0,0.0
19582,229.4,0.0,0.0,0.0,0.0
19583,239.0,0.0,0.0,0.0,0.0
19584,233.6,0.0,0.0,0.0,0.0
19585,220.3,0.0,0.0,0.0,0.0
19586,209.8,0.0,0.0,0.0,0.0
19587,198.7,0.0,0.0,0.0,0.0
19588,191.2,0.0,0.0,0.0,0.0
19589,175.7,0.0,0.0,0.0,0.0
19590,184.6,0.0,0.0,0.0,0.0
19591,154.3,0.0,0.0,0.0,0.0
19592,138.7,0.0,0.0,0.0,0.0
19593,140.0,0.0,0.0,0.0,0.0
19594,130.7,0.0,0.0,0.0,0.0
19595,159.3,0.0,0.0,0.0,0.0
19596,175.3,0.0,0.0,0.0,0.0
19597,184.0,0.0,0.0,0.0,0.0
19598,172.4,0.0,0.0,0.0,0.0
19599,171.9,0.0,0.0,0.0,0.0
19600,183.5,0.0,0.0,0.0,0.0
19601,181.8,0.0,0.0,0.0,0.0
19602,175.2,0.0,0.0,0.0,0.0
19603,171.9,0.0,0.0,0.0,0.0
19604,182.8,0.0,0.0,0.0,0.0
19605,160.0,0.0,0.0,0.0,0.0
19606,146.5,0.0,0.0,0.0,0.0
19607,138.2,0.0,0.0,0.0,0.0
19608,141.8,0.0,0.0,0.0,0.0
19609,125.1,0.0,0.0,0.0,0.0
19610,145.9,0.0,0.0,0.0,0.0
19611,128.2,0.0,0.0,0.0,0.0
19612,150.0,0.0,0.0,0.0,0.0
19613,164.3,0.0,0.0,0.0,0.0
19614,171.5,0.0,0.0,0.0,0.0
19615,179.6,0.0,0.0,0.0,0.0
19616,165.9,0.0,0.0,0.0,0.0
19617,135.5,0.0,0.0,0.0,0.0
19618,146.7,0.0,0.0,0.0,0.0
19619,131.6,0.0,0.0,0.0,0.0
19620,124.1,0.0,0.0,0.0,0.0
19621,127.6,0.0,0.0,0.0,0.0
19622,158.1,0.0,0.0,0.0,0.0
19623,132.2,0.0,0.0,0.0,0.0
19624,128.6,0.0,0.0,0.0,0.0
19625,139.6,0.0,0.0,0.0,0.0
19626,124.9,0.0,0.0,0.0,0.0
19627,134.2,0.0,0.0,0.0,0.0
19628,130.8,0.0,0.0,0.0,0.0
19629,132.2,0.0,0.0,0.0,0.0
19630,128.0,0.0,0.0,0.0,0.0
19631,115.6,0.0,0.0,0.0,0.0
19632,114.6,0.0,0.0,0.0,0.0
19633,122.9,0.0,0.0,0.0,0.0
19634,107.8,0.0,0.0,0.0,0.0
19635,122.5,0.0,0.0,0.0,0.0
19636,115.7,0.0,0.0,0.0,0.0
19637,121.0,0.0,0.0,0.0,0.0
19638,111.7,0.0,0.0,0.0,0.0
19639,107.8,0.0,0.0,0.0,0.0
19640,100.9,0.0,0.0,0.0,0.0
19641,106.6,0.0,0.0,0.0,0.0
19642,114.2,0.0,0.0,0.0,0.0
19643,107.1,0.0,0.0,0.0,0.0
19644,101.4,0.0,0.0,0.0,0.0
19645,101.6,0.0,0.0,0.0,0.0
19646,142.1,0.0,0.0,0.0,0.0
19647,137.6,0.0,0.0,0.0,0.0
19648,140.1,0.0,0.0,0.0,0.0
19649,134.2,0.0,0.0,0.0,0.0
19650,105.9,0.0,0.0,0.0,0.0
19651,109.5,0.0,0.0,0.0,0.0
19652,105.8,0.0,0.0,0.0,0.0
19653,116.9,0.0,0.0,0.0,0.0
19654,122.1,0.0,0.0,0.0,0.0
19655,103.4,0.0,0.0,0.0,0.0
19656,114.0,0.0,0.0,0.0,0.0
19657,125.1,0.0,0.0,0.0,0.0
19658,180.5,0.0,0.0,0.0,0.0
19659,192.7,0.0,0.0,0.0,0.0
19660,193.3,0.0,0.0,0.0,0.0
19661,188.4,0.0,0.0,0.0,0.0
19662,196.6,0.0,0.0,0.0,0.0
19663,159.7,0.0,0.0,0.0,0.0
19664,187.1,0.0,0.0,0.0,0.0
19665,187.1,0.0,0.0,0.0,0.0
19666,158.0,0.0,0.0,0.0,0.0
19667,148.8,0.0,0.0,0.0,0.0
19668,143.1,0.0,0.0,0.0,0.0
19669,128.9,0.0,0.0,0.0,0.0
19670,85.3,0.0,0.0,0.0,0.0
19671,125.7,0.0,0.0,0.0,0.0
19672,92.5,0.0,0.0,0.0,0.0
19673,89.1,0.0,0.0,0.0,0.0
19674,98.0,0.0,0.0,0.0,0.0
19675,106.3,0.0,0.0,0.0,0.0
19676,100.7,0.0,0.0,0.0,0.0
19677,84.3,0.0,0.0,0.0,0.0
19678,126.4,0.0,0.0,0.0,0.0
19679,125.6,0.0,0.0,0.0,0.0
19680,122.7,0.0,0.0,0.0,0.0
19681,124.3,0.0,0.0,0.0,0.0
19682,137.6,0.0,0.0,0.0,0.0
19683,136.2,0.0,0.0,0.0,0.0
19684,129.0,0.0,0.0,0.0,0.0
19685,118.1,0.0,0.0,0.0,0.0
19686,122.1,0.0,0.0,0.0,0.0
19687,127.5,0.0,0.0,0.0,0.0
19688,127.5,0.0,0.0,0.0,0.0
19689,135.7,0.0,0.0,0.0,0.0
19690,127.3,0.0,0.0,0.0,0.0
19691,137.9,0.0,0.0,0.0,0.0
19692,131.8,0.0,0.0,0.0,0.0
19693,114.2,0.0,0.0,0.0,0.0
19694,112.5,0.0,0.0,0.0,0.0
19695,123.2,0.0,0.0,0.0,0.0
19696,120.9,0.0,0.0,0.0,0.0
19697,112.6,0.0,0.0,0.0,0.0
19698,79.0,0.0,0.0,0.0,0.0
19699,67.3,0.0,0.0,0.0,0.0
19700,102.6,0.0,0.0,0.0,0.0
19701,106.2,0.0,0.0,0.0,0.0
19702,106.5,0.0,0.0,0.0,0.0
19703,96.4,0.0,0.0,0.0,0.0
19704,117.8,0.0,0.0,0.0,0.0
19705,115.5,0.0,0.0,0.0,0.0
19706,50.9,0.0,0.0,0.0,0.0
19707,119.1,0.0,0.0,0.0,0.0
19708,227.0,0.0,0.0,0.0,0.0
19709,227.9,0.0,0.0,0.0,0.0
19710,238.5,0.0,0.0,0.0,0.0
19711,229.2,0.0,0.0,0.0,0.0
19712,232.5,0.0,0.0,0.0,0.0
19713,224.9,0.0,0.0,0.0,0.0
19714,293.9,0.0,0.0,0.0,0.0
19715,386.3,0.0,0.0,0.0,0.0
19716,291.0,0.0,0.0,0.0,0.0
19717,392.0,0.0,0.0,0.0,0.0
19718,410.9,0.0,0.0,0.0,0.0
19719,425.2,0.0,0.0,0.0,0.0
19720,400.3,0.0,0.0,0.0,0.0
19721,280.7,0.0,0.0,0.0,0.0
19722,282.3,0.0,0.0,0.0,0.0
19723,267.5,0.0,0.0,0.0,0.0
19724,175.0,0.0,0.0,0.0,0.0
19725,221.4,0.0,0.0,0.0,0.0
19726,344.5,0.0,0.0,0.0,0.0
19727,336.8,0.0,0.0,0.0,0.0
19728,312.8,0.0,0.0,0.0,0.0
19729,345.8,0.0,0.0,0.0,0.0
19730,344.3,0.0,0.0,0.0,0.0
19731,346.3,0.0,0.0,0.0,0.0
19732,283.1,0.0,0.0,0.0,0.0
19733,255.3,0.0,0.0,0.0,0.0
19734,202.6,0.0,0.0,0.0,0.0
19735,208.7,0.0,0.0,0.0,0.0
19736,157.9,0.0,0.0,0.0,0.0
19737,172.6,0.0,0.0,0.0,0.0
19738,154.7,0.0,0.0,0.0,0.0
19739,145.8,0.0,0.0,0.0,0.0
19740,139.7,0.0,0.0,0.0,0.0
19741,141.0,0.0,0.0,0.0,0.0
19742,129.0,0.0,0.0,0.0,0.0
19743,125.6,0.0,0.0,0.0,0.0
19744,112.8,0.0,0.0,0.0,0.0
19745,108.5,0.0,0.0,0.0,0.0
19746,101.6,0.0,0.0,0.0,0.0
19747,98.8,0.0,0.0,0.0,0.0
19748,92.2,0.0,0.0,0.0,0.0
19749,87.9,0.0,0.0,0.0,0.0
19750,97.8,0.0,0.0,0.0,0.0
19751,121.6,0.0,0.0,0.0,0.0
19752,112.2,0.0,0.0,0.0,0.0
19753,100.0,0.0,0.0,0.0,0.0
19754,115.9,0.0,0.0,0.0,0.0
19755,118.1,0.0,0.0,0.0,0.0
19756,111.2,0.0,0.0,0.0,0.0
19757,95.7,0.0,0.0,0.0,0.0
19758,100.1,0.0,0.0,0.0,0.0
19759,110.6,0.0,0.0,0.0,0.0
19760,107.4,0.0,0.0,0.0,0.0
19761,114.4,0.0,0.0,0.0,0.0
19762,112.9,0.0,0.0,0.0,0.0
19763,113.3,0.0,0.0,0.0,0.0
19764,123.5,0.0,0.0,0.0,0.0
19765,121.0,0.0,0.0,0.0,0.0
19766,122.7,0.0,0.0,0.0,0.0
19767,114.0,0.0,0.0,0.0,0.0
19768,116.8,0.0,0.0,0.0,0.0
19769,112.5,0.0,0.0,0.0,0.0
19770,50.3,0.0,0.0,0.0,0.0
19771,60.2,0.0,0.0,0.0,0.0
19772,818.7,0.0,0.0,0.0,0.0
19773,1249.9,0.0,0.0,0.0,0.0
19774,1244.8,0.0,0.0,0.0,0.0
19775,1256.3,0.0,0.0,0.0,0.0
19776,1233.2,0.0,0.0,0.0,0.0
19777,1258.8,0.0,0.0,0.0,0.0
19778,1305.1,0.0,0.0,0.0,0.0
19779,471.1,0.0,0.0,0.0,0.0
19780,869.2,0.0,0.0,0.0,0.0
19781,1340.9,0.0,0.0,0.0,0.0
19782,1393.3,0.0,0.0,0.0,0.0
19783,1381.0,0.0,0.0,0.0,0.0
19784,1377.3,0.0,0.0,0.0,0.0
19785,1399.0,0.0,0.0,0.0,0.0
19786,1398.0,0.0,0.0,0.0,0.0
19787,1102.1,0.0,0.0,0.0,0.0
19788,881.5,0.0,0.0,0.0,0.0
19789,791.4,0.0,0.0,0.0,0.0
19790,624.6,0.0,0.0,0.0,0.0
19791,565.4,0.0,0.0,0.0,0.0
19792,427.0,0.0,0.0,0.0,0.0
19793,339.9,0.0,0.0,0.0,0.0
19794,306.0,0.0,0.0,0.0,0.0
19795,237.7,0.0,0.0,0.0,0.0
19796,152.9,0.0,0.0,0.0,0.0
19797,145.8,0.0,0.0,0.0,0.0
19798,124.5,0.0,0.0,0.0,0.0
19799,112.8,0.0,0.0,0.0,0.0
19800,105.0,0.0,0.0,0.0,0.0
19801,105.0,0.0,0.0,0.0,0.0
19802,98.2,0.0,0.0,0.0,0.0
19803,84.4,0.0,0.0,0.0,0.0
19804,85.8,0.0,0.0,0.0,0.0
19805,67.3,0.0,0.0,0.0,0.0
19806,17.3,0.0,0.0,0.0,0.0
19807,30.1,0.0,0.0,0.0,0.0
19808,16.0,0.0,0.0,0.0,0.0
19809,16.0,0.0,0.0,0.0,0.0
19810,16.0,0.0,0.0,0.0,0.0
19811,16.0,0.0,0.0,0.0,0.0
19812,20.4,0.0,0.0,0.0,0.0
19813,21.0,0.0,0.0,0.0,0.0
19814,43.9,0.0,0.0,0.0,0.0
19815,56.2,0.0,0.0,0.0,0.0
19816,101.1,0.0,0.0,0.0,0.0
19817,99.1,0.0,0.0,0.0,0.0
19818,110.3,0.0,0.0,0.0,0.0
19819,91.6,0.0,0.0,0.0,0.0
19820,96.8,0.0,0.0,0.0,0.0
19821,293.6,0.0,0.0,0.0,0.0
19822,311.9,0.0,0.0,0.0,0.0
19823,329.1,0.0,0.0,0.0,0.0
19824,339.3,0.0,0.0,0.0,0.0
19825,322.7,0.0,0.0,0.0,0.0
19826,282.1,0.0,0.0,0.0,0.0
19827,231.6,0.0,0.0,0.0,0.0
19828,221.1,0.0,0.0,0.0,0.0
19829,224.6,0.0,0.0,0.0,0.0
19830,179.2,0.0,0.0,0.0,0.0
19831,146.7,0.0,0.0,0.0,0.0
19832,125.3,0.0,0.0,0.0,0.0
19833,109.2,0.0,0.0,0.0,0.0
19834,91.6,0.0,0.0,0.0,0.0
19835,94.1,0.0,0.0,0.0,0.0
19836,107.9,0.0,0.0,0.0,0.0
19837,97.7,0.0,0.0,0.0,0.0
19838,124.2,0.0,0.0,0.0,0.0
19839,128.9,0.0,0.0,0.0,0.0
19840,143.3,0.0,0.0,0.0,0.0
19841,154.1,0.0,0.0,0.0,0.0
19842,177.5,0.0,0.0,0.0,0.0
19843,163.4,0.0,0.0,0.0,0.0
19844,163.2,0.0,0.0,0.0,0.0
19845,209.0,0.0,0.0,0.0,0.0
19846,182.3,0.0,0.0,0.0,0.0
19847,187.2,0.0,0.0,0.0,0.0
19848,205.0,0.0,0.0,0.0,0.0
19849,235.8,0.0,0.0,0.0,0.0
19850,285.7,0.0,0.0,0.0,0.0
19851,285.7,0.0,0.0,0.0,0.0
19852,285.7,0.0,0.0,0.0,0.0
19853,285.7,0.0,0.0,0.0,0.0
19854,288.7,0.0,0.0,0.0,0.0
19855,278.5,0.0,0.0,0.0,0.0
19856,264.5,0.0,0.0,0.0,0.0
19857,254.1,0.0,0.0,0.0,0.0
19858,249.9,0.0,0.0,0.0,0.0
19859,258.6,0.0,0.0,0.0,0.0
19860,258.0,0.0,0.0,0.0,0.0
19861,242.7,0.0,0.0,0.0,0.0
19862,240.3,0.0,0.0,0.0,0.0
19863,236.6,0.0,0.0,0.0,0.0
19864,228.3,0.0,0.0,0.0,0.0
19865,230.9,0.0,0.0,0.0,0.0
19866,244.9,0.0,0.0,0.0,0.0
19867,240.5,0.0,0.0,0.0,0.0
19868,225.7,0.0,0.0,0.0,0.0
19869,264.4,0.0,0.0,0.0,0.0
19870,272.1,0.0,0.0,0.0,0.0
19871,312.6,0.0,0.0,0.0,0.0
19872,293.0,0.0,0.0,0.0,0.0
19873,313.4,0.0,0.0,0.0,0.0
19874,307.3,0.0,0.0,0.0,0.0
19875,308.2,0.0,0.0,0.0,0.0
19876,314.1,0.0,0.0,0.0,0.0
19877,305.8,0.0,0.0,0.0,0.0
19878,302.7,0.0,0.0,0.0,0.0
19879,284.2,0.0,0.0,0.0,0.0
19880,356.0,0.0,0.0,0.0,0.0
19881,372.2,0.0,0.0,0.0,0.0
19882,362.4,0.0,0.0,0.0,0.0
19883,361.7,0.0,0.0,0.0,0.0
19884,383.2,0.0,0.0,0.0,0.0
19885,377.5,0.0,0.0,0.0,0.0
19886,357.6,0.0,0.0,0.0,0.0
19887,354.4,0.0,0.0,0.0,0.0
19888,335.5,0.0,0.0,0.0,0.0
19889,347.2,0.0,0.0,0.0,0.0
19890,371.1,0.0,0.0,0.0,0.0
19891,391.0,0.0,0.0,0.0,0.0
19892,374.3,0.0,0.0,0.0,0.0
19893,368.5,0.0,0.0,0.0,0.0
19894,397.0,0.0,0.0,0.0,0.0
19895,377.0,0.0,0.0,0.0,0.0
19896,343.9,0.0,0.0,0.0,0.0
19897,372.6,0.0,0.0,0.0,0.0
19898,370.0,0.0,0.0,0.0,0.0
19899,353.2,0.0,0.0,0.0,0.0
19900,368.6,0.0,0.0,0.0,0.0
19901,381.1,0.0,0.0,0.0,0.0
19902,384.3,0.0,0.0,0.0,0.0
19903,366.3,0.0,0.0,0.0,0.0
19904,362.5,0.0,0.0,0.0,0.0
19905,394.8,0.0,0.0,0.0,0.0
19906,386.6,0.0,0.0,0.0,0.0
19907,386.8,0.0,0.0,0.0,0.0
19908,363.1,0.0,0.0,0.0,0.0
19909,366.8,0.0,0.0,0.0,0.0
19910,365.6,0.0,0.0,0.0,0.0
19911,354.4,0.0,0.0,0.0,0.0
19912,375.0,0.0,0.0,0.0,0.0
19913,364.2,0.0,0.0,0.0,0.0
19914,362.3,0.0,0.0,0.0,0.0
19915,367.1,0.0,0.0,0.0,0.0
19916,366.1,0.0,0.0,0.0,0.0
19917,360.8,0.0,0.0,0.0,0.0
19918,368.4,0.0,0.0,0.0,0.0
19919,367.6,0.0,0.0,0.0,0.0
19920,376.5,0.0,0.0,0.0,0.0
19921,373.0,0.0,0.0,0.0,0.0
19922,354.4,0.0,0.0,0.0,0.0
19923,371.5,0.0,0.0,0.0,0.0
19924,352.7,0.0,0.0,0.0,0.0
19925,381.5,0.0,0.0,0.0,0.0
19926,391.9,0.0,0.0,0.0,0.0
19927,406.2,0.0,0.0,0.0,0.0
19928,407.8,0.0,0.0,0.0,0.0
19929,387.0,0.0,0.0,0.0,0.0
19930,392.8,0.0,0.0,0.0,0.0
19931,406.5,0.0,0.0,0.0,0.0
19932,356.8,0.0,0.0,0.0,0.0
19933,365.7,0.0,0.0,0.0,0.0
19934,339.7,0.0,0.0,0.0,0.0
19935,333.9,0.0,0.0,0.0,0.0
19936,334.4,0.0,0.0,0.0,0.0
19937,325.8,0.0,0.0,0.0,0.0
19938,329.7,0.0,0.0,0.0,0.0
19939,299.1,0.0,0.0,0.0,0.0
19940,327.7,0.0,0.0,0.0,0.0
19941,307.8,0.0,0.0,0.0,0.0
19942,304.2,0.0,0.0,0.0,0.0
19943,303.2,0.0,0.0,0.0,0.0
19944,295.8,0.0,0.0,0.0,0.0
19945,286.3,0.0,0.0,0.0,0.0
19946,283.2,0.0,0.0,0.0,0.0
19947,273.7,0.0,0.0,0.0,0.0
19948,260.5,0.0,0.0,0.0,0.0
19949,250.2,0.0,0.0,0.0,0.0
19950,231.5,0.0,0.0,0.0,0.0
19951,227.1,0.0,0.0,0.0,0.0
19952,269.7,0.0,0.0,0.0,0.0
19953,267.5,0.0,0.0,0.0,0.0
19954,276.3,0.0,0.0,0.0,0.0
19955,252.8,0.0,0.0,0.0,0.0
19956,255.9,0.0,0.0,0.0,0.0
19957,228.1,0.0,0.0,0.0,0.0
19958,203.2,0.0,0.0,0.0,0.0
19959,232.2,0.0,0.0,0.0,0.0
19960,196.2,0.0,0.0,0.0,0.0
19961,209.6,0.0,0.0,0.0,0.0
19962,257.6,0.0,0.0,0.0,0.0
19963,261.4,0.0,0.0,0.0,0.0
19964,237.5,0.0,0.0,0.0,0.0
19965,243.9,0.0,0.0,0.0,0.0
19966,222.1,0.0,0.0,0.0,0.0
19967,196.2,0.0,0.0,0.0,0.0
19968,183.6,0.0,0.0,0.0,0.0
19969,194.6,0.0,0.0,0.0,0.0
19970,225.9,0.0,0.0,0.0,0.0
19971,231.3,0.0,0.0,0.0,0.0
19972,227.5,0.0,0.0,0.0,0.0
19973,223.0,0.0,0.0,0.0,0.0
19974,215.5,0.0,0.0,0.0,0.0
19975,229.2,0.0,0.0,0.0,0.0
19976,215.0,0.0,0.0,0.0,0.0
19977,231.3,0.0,0.0,0.0,0.0
19978,205.7,0.0,0.0,0.0,0.0
19979,228.0,0.0,0.0,0.0,0.0
19980,209.1,0.0,0.0,0.0,0.0
19981,230.8,0.0,0.0,0.0,0.0
19982,207.5,0.0,0.0,0.0,0.0
19983,221.8,0.0,0.0,0.0,0.0
19984,231.6,0.0,0.0,0.0,0.0
19985,225.3,0.0,0.0,0.0,0.0
19986,204.7,0.0,0.0,0.0,0.0
19987,210.9,0.0,0.0,0.0,0.0
19988,186.3,0.0,0.0,0.0,0.0
19989,195.2,0.0,0.0,0.0,0.0
19990,201.2,0.0,0.0,0.0,0.0
19991,181.8,0.0,0.0,0.0,0.0
19992,164.9,0.0,0.0,0.0,0.0
19993,167.4,0.0,0.0,0.0,0.0
19994,136.5,0.0,0.0,0.0,0.0
19995,107.4,0.0,0.0,0.0,0.0
19996,118.5,0.0,0.0,0.0,0.0
19997,122.3,0.0,0.0,0.0,0.0
19998,113.1,0.0,0.0,0.0,0.0
19999,111.4,0.0,0.0,0.0,0.0
20000,98.5,0.0,0.0,0.0,0.0
20001,98.5,0.0,0.0,0.0,0.0
20002,104.0,0.0,0.0,0.0,0.0
20003,106.5,0.0,0.0,0.0,0.0
20004,99.9,0.0,0.0,0.0,0.0
20005,102.7,0.0,0.0,0.0,0.0
20006,116.2,0.0,0.0,0.0,0.0
20007,126.1,0.0,0.0,0.0,0.0
20008,113.3,0.0,0.0,0.0,0.0
20009,118.2,0.0,0.0,0.0,0.0
20010,109.5,0.0,0.0,0.0,0.0
20011,125.5,0.0,0.0,0.0,0.0
20012,136.8,0.0,0.0,0.0,0.0
20013,194.8,0.0,0.0,0.0,0.0
20014,132.6,0.0,0.0,0.0,0.0
20015,125.8,0.0,0.0,0.0,0.0
20016,127.7,0.0,0.0,0.0,0.0
20017,121.4,0.0,0.0,0.0,0.0
20018,169.2,0.0,0.0,0.0,0.0
20019,176.1,0.0,0.0,0.0,0.0
20020,151.1,0.0,0.0,0.0,0.0
20021,110.0,0.0,0.0,0.0,0.0
20022,154.9,0.0,0.0,0.0,0.0
20023,140.8,0.0,0.0,0.0,0.0
20024,124.8,0.0,0.0,0.0,0.0
20025,113.3,0.0,0.0,0.0,0.0
20026,118.8,0.0,0.0,0.0,0.0
20027,110.2,0.0,0.0,0.0,0.0
20028,156.1,0.0,0.0,0.0,0.0
20029,156.1,0.0,0.0,0.0,0.0
20030,137.0,0.0,0.0,0.0,0.0
20031,141.1,0.0,0.0,0.0,0.0
20032,133.0,0.0,0.0,0.0,0.0
20033,151.6,0.0,0.0,0.0,0.0
20034,127.1,0.0,0.0,0.0,0.0
20035,130.9,0.0,0.0,0.0,0.0
20036,135.7,0.0,0.0,0.0,0.0
20037,149.4,0.0,0.0,0.0,0.0
20038,126.7,0.0,0.0,0.0,0.0
20039,117.2,0.0,0.0,0.0,0.0
20040,122.0,0.0,0.0,0.0,0.0
20041,89.7,0.0,0.0,0.0,0.0
20042,115.1,0.0,0.0,0.0,0.0
20043,121.8,0.0,0.0,0.0,0.0
20044,120.6,0.0,0.0,0.0,0.0
20045,107.9,0.0,0.0,0.0,0.0
20046,106.1,0.0,0.0,0.0,0.0
20047,97.6,0.0,0.0,0.0,0.0
20048,116.1,0.0,0.0,0.0,0.0
20049,103.4,0.0,0.0,0.0,0.0
20050,102.4,0.0,0.0,0.0,0.0
20051,105.5,0.0,0.0,0.0,0.0
20052,105.2,0.0,0.0,0.0,0.0
20053,97.2,0.0,0.0,0.0,0.0
20054,108.2,0.0,0.0,0.0,0.0
20055,118.8,0.0,0.0,0.0,0.0
20056,112.3,0.0,0.0,0.0,0.0
20057,108.8,0.0,0.0,0.0,0.0
20058,102.0,0.0,0.0,0.0,0.0
20059,105.3,0.0,0.0,0.0,0.0
20060,109.3,0.0,0.0,0.0,0.0
20061,115.4,0.0,0.0,0.0,0.0
20062,93.5,0.0,0.0,0.0,0.0
20063,103.6,0.0,0.0,0.0,0.0
20064,96.4,0.0,0.0,0.0,0.0
20065,91.1,0.0,0.0,0.0,0.0
20066,66.9,0.0,0.0,0.0,0.0
20067,86.1,0.0,0.0,0.0,0.0
20068,91.8,0.0,0.0,0.0,0.0
20069,97.5,0.0,0.0,0.0,0.0
20070,90.3,0.0,0.0,0.0,0.0
20071,93.1,0.0,0.0,0.0,0.0
20072,96.9,0.0,0.0,0.0,0.0
20073,92.6,0.0,0.0,0.0,0.0
20074,96.6,0.0,0.0,0.0,0.0
20075,102.4,0.0,0.0,0.0,0.0
20076,82.2,0.0,0.0,0.0,0.0
20077,95.7,0.0,0.0,0.0,0.0
20078,91.5,0.0,0.0,0.0,0.0
20079,96.2,0.0,0.0,0.0,0.0
20080,99.2,0.0,0.0,0.0,0.0
20081,101.5,0.0,0.0,0.0,0.0
20082,117.0,0.0,0.0,0.0,0.0
20083,112.6,0.0,0.0,0.0,0.0
20084,113.0,0.0,0.0,0.0,0.0
20085,71.8,0.0,0.0,0.0,0.0
20086,12.0,0.0,0.0,0.0,0.0
20087,44.3,0.0,0.0,0.0,0.0
20088,31.7,0.0,0.0,0.0,0.0
20089,41.9,0.0,0.0,0.0,0.0
20090,51.5,0.0,0.0,0.0,0.0
20091,55.6,0.0,0.0,0.0,0.0
20092,92.8,0.0,0.0,0.0,0.0
20093,96.8,0.0,0.0,0.0,0.0
20094,76.1,0.0,0.0,0.0,0.0
20095,91.7,0.0,0.0,0.0,0.0
20096,116.1,0.0,0.0,0.0,0.0
20097,92.8,0.0,0.0,0.0,0.0
20098,121.2,0.0,0.0,0.0,0.0
20099,89.8,0.0,0.0,0.0,0.0
20100,87.6,0.0,0.0,0.0,0.0
20101,92.3,0.0,0.0,0.0,0.0
20102,95.7,0.0,0.0,0.0,0.0
20103,87.5,0.0,0.0,0.0,0.0
20104,83.2,0.0,0.0,0.0,0.0
20105,93.7,0.0,0.0,0.0,0.0
20106,82.4,0.0,0.0,0.0,0.0
20107,97.5,0.0,0.0,0.0,0.0
20108,98.2,0.0,0.0,0.0,0.0
20109,95.1,0.0,0.0,0.0,0.0
20110,103.8,0.0,0.0,0.0,0.0
20111,90.4,0.0,0.0,0.0,0.0
20112,99.9,0.0,0.0,0.0,0.0
20113,100.2,0.0,0.0,0.0,0.0
20114,86.4,0.0,0.0,0.0,0.0
20115,45.2,0.0,0.0,0.0,0.0
20116,80.8,0.0,0.0,0.0,0.0
20117,28.8,0.0,0.0,0.0,0.0
20118,38.1,0.0,0.0,0.0,0.0
20119,30.8,0.0,0.0,0.0,0.0
20120,102.9,0.0,0.0,0.0,0.0
20121,63.2,0.0,0.0,0.0,0.0
20122,55.7,0.0,0.0,0.0,0.0
20123,66.3,0.0,0.0,0.0,0.0
20124,65.3,0.0,0.0,0.0,0.0
20125,57.8,0.0,0.0,0.0,0.0
20126,71.6,0.0,0.0,0.0,0.0
20127,108.6,0.0,0.0,0.0,0.0
20128,105.3,0.0,0.0,0.0,0.0
20129,105.3,0.0,0.0,0.0,0.0
20130,111.3,0.0,0.0,0.0,0.0
20131,84.8,0.0,0.0,0.0,0.0
20132,109.6,0.0,0.0,0.0,0.0
20133,81.7,0.0,0.0,0.0,0.0
20134,82.9,0.0,0.0,0.0,0.0
20135,92.7,0.0,0.0,0.0,0.0
20136,97.5,0.0,0.0,0.0,0.0
20137,81.9,0.0,0.0,0.0,0.0
20138,80.0,0.0,0.0,0.0,0.0
20139,105.7,0.0,0.0,0.0,0.0
20140,58.7,0.0,0.0,0.0,0.0
20141,91.9,0.0,0.0,0.0,0.0
20142,71.0,0.0,0.0,0.0,0.0
20143,62.4,0.0,0.0,0.0,0.0
20144,97.0,0.0,0.0,0.0,0.0
20145,86.4,0.0,0.0,0.0,0.0
20146,90.9,0.0,0.0,0.0,0.0
20147,94.9,0.0,0.0,0.0,0.0
20148,57.3,0.0,0.0,0.0,0.0
20149,56.8,0.0,0.0,0.0,0.0
20150,55.6,0.0,0.0,0.0,0.0
20151,52.6,0.0,0.0,0.0,0.0
20152,53.3,0.0,0.0,0.0,0.0
20153,55.4,0.0,0.0,0.0,0.0
20154,92.5,0.0,0.0,0.0,0.0
20155,63.8,0.0,0.0,0.0,0.0
20156,63.9,0.0,0.0,0.0,0.0
20157,81.5,0.0,0.0,0.0,0.0
20158,81.7,0.0,0.0,0.0,0.0
20159,82.2,0.0,0.0,0.0,0.0
20160,110.5,0.0,0.0,0.0,0.0
20161,86.8,0.0,0.0,0.0,0.0
20162,87.4,0.0,0.0,0.0,0.0
20163,118.1,0.0,0.0,0.0,0.0
20164,92.7,0.0,0.0,0.0,0.0
20165,90.6,0.0,0.0,0.0,0.0
20166,91.8,0.0,0.0,0.0,0.0
20167,71.9,0.0,0.0,0.0,0.0
20168,88.5,0.0,0.0,0.0,0.0
20169,88.8,0.0,0.0,0.0,0.0
20170,17.3,0.0,0.0,0.0,0.0
20171,17.6,0.0,0.0,0.0,0.0
20172,5.4,0.0,0.0,0.0,0.0
20173,14.4,0.0,0.0,0.0,0.0
20174,19.2,0.0,0.0,0.0,0.0
20175,40.3,0.0,0.0,0.0,0.0
20176,46.0,0.0,0.0,0.0,0.0
20177,42.4,0.0,0.0,0.0,0.0
20178,56.4,0.0,0.0,0.0,0.0
20179,69.2,0.0,0.0,0.0,0.0
20180,96.7,0.0,0.0,0.0,0.0
20181,82.9,0.0,0.0,0.0,0.0
20182,102.2,0.0,0.0,0.0,0.0
20183,68.1,0.0,0.0,0.0,0.0
20184,91.0,0.0,0.0,0.0,0.0
20185,89.5,0.0,0.0,0.0,0.0
20186,80.4,0.0,0.0,0.0,0.0
20187,86.7,0.0,0.0,0.0,0.0
20188,91.0,0.0,0.0,0.0,0.0
20189,93.6,0.0,0.0,0.0,0.0
20190,92.4,0.0,0.0,0.0,0.0
20191,87.4,0.0,0.0,0.0,0.0
20192,96.4,0.0,0.0,0.0,0.0
20193,76.7,0.0,0.0,0.0,0.0
20194,89.9,0.0,0.0,0.0,0.0
20195,91.8,0.0,0.0,0.0,0.0
20196,90.4,0.0,0.0,0.0,0.0
20197,115.3,0.0,0.0,0.0,0.0
20198,102.8,0.0,0.0,0.0,0.0
20199,100.3,0.0,0.0,0.0,0.0
20200,106.7,0.0,0.0,0.0,0.0
20201,100.2,0.0,0.0,0.0,0.0
20202,109.2,0.0,0.0,0.0,0.0
20203,132.4,0.0,0.0,0.0,0.0
20204,126.2,0.0,0.0,0.0,0.0
20205,124.6,0.0,0.0,0.0,0.0
20206,125.7,0.0,0.0,0.0,0.0
20207,123.9,0.0,0.0,0.0,0.0
20208,131.8,0.0,0.0,0.0,0.0
20209,121.4,0.0,0.0,0.0,0.0
20210,126.3,0.0,0.0,0.0,0.0
20211,125.2,0.0,0.0,0.0,0.0
20212,140.9,0.0,0.0,0.0,0.0
20213,168.9,0.0,0.0,0.0,0.0
20214,124.2,0.0,0.0,0.0,0.0
20215,145.9,0.0,0.0,0.0,0.0
20216,156.6,0.0,0.0,0.0,0.0
20217,111.0,0.0,0.0,0.0,0.0
20218,94.2,0.0,0.0,0.0,0.0
20219,233.5,0.0,0.0,0.0,0.0
20220,398.0,0.0,0.0,0.0,0.0
20221,506.2,0.0,0.0,0.0,0.0
20222,546.9,0.0,0.0,0.0,0.0
20223,524.2,0.0,0.0,0.0,0.0
20224,516.2,0.0,0.0,0.0,0.0
20225,306.4,0.0,0.0,0.0,0.0
20226,1087.5,0.0,0.0,0.0,0.0
20227,769.9,0.0,0.0,0.0,0.0
20228,653.6,0.0,0.0,0.0,0.0
20229,534.3,0.0,0.0,0.0,0.0
20230,498.7,0.0,0.0,0.0,0.0
20231,543.7,0.0,0.0,0.0,0.0
20232,574.4,0.0,0.0,0.0,0.0
20233,272.5,0.0,0.0,0.0,0.0
20234,385.1,0.0,0.0,0.0,0.0
20235,397.1,0.0,0.0,0.0,0.0
20236,417.7,0.0,0.0,0.0,0.0
20237,391.6,0.0,0.0,0.0,0.0
20238,392.1,0.0,0.0,0.0,0.0
20239,361.8,0.0,0.0,0.0,0.0
20240,336.4,0.0,0.0,0.0,0.0
20241,338.3,0.0,0.0,0.0,0.0
20242,353.9,0.0,0.0,0.0,0.0
20243,314.4,0.0,0.0,0.0,0.0
20244,312.1,0.0,0.0,0.0,0.0
20245,311.2,0.0,0.0,0.0,0.0
20246,330.3,0.0,0.0,0.0,0.0
20247,330.5,0.0,0.0,0.0,0.0
20248,308.0,0.0,0.0,0.0,0.0
20249,326.8,0.0,0.0,0.0,0.0
20250,329.1,0.0,0.0,0.0,0.0
20251,315.5,0.0,0.0,0.0,0.0
20252,321.0,0.0,0.0,0.0,0.0
20253,348.3,0.0,0.0,0.0,0.0
20254,321.7,0.0,0.0,0.0,0.0
20255,318.6,0.0,0.0,0.0,0.0
20256,305.9,0.0,0.0,0.0,0.0
20257,283.5,0.0,0.0,0.0,0.0
20258,254.0,0.0,0.0,0.0,0.0
20259,280.1,0.0,0.0,0.0,0.0
20260,268.7,0.0,0.0,0.0,0.0
20261,272.9,0.0,0.0,0.0,0.0
20262,326.4,0.0,0.0,0.0,0.0
20263,308.8,0.0,0.0,0.0,0.0
20264,377.0,0.0,0.0,0.0,0.0
20265,366.4,0.0,0.0,0.0,0.0
20266,352.8,0.0,0.0,0.0,0.0
20267,347.8,0.0,0.0,0.0,0.0
20268,361.3,0.0,0.0,0.0,0.0
20269,364.4,0.0,0.0,0.0,0.0
20270,364.0,0.0,0.0,0.0,0.0
20271,362.1,0.0,0.0,0.0,0.0
20272,379.2,0.0,0.0,0.0,0.0
20273,379.7,0.0,0.0,0.0,0.0
20274,401.1,0.0,0.0,0.0,0.0
20275,378.7,0.0,0.0,0.0,0.0
20276,380.2,0.0,0.0,0.0,0.0
20277,380.1,0.0,0.0,0.0,0.0
20278,436.1,0.0,0.0,0.0,0.0
20279,370.3,0.0,0.0,0.0,0.0
20280,404.1,0.0,0.0,0.0,0.0
20281,392.1,0.0,0.0,0.0,0.0
20282,426.5,0.0,0.0,0.0,0.0
20283,411.8,0.0,0.0,0.0,0.0
20284,426.3,0.0,0.0,0.0,0.0
20285,398.6,0.0,0.0,0.0,0.0
20286,430.2,0.0,0.0,0.0,0.0
20287,430.6,0.0,0.0,0.0,0.0
20288,405.2,0.0,0.0,0.0,0.0
20289,403.5,0.0,0.0,0.0,0.0
20290,395.2,0.0,0.0,0.0,0.0
20291,408.0,0.0,0.0,0.0,0.0
20292,397.4,0.0,0.0,0.0,0.0
20293,382.3,0.0,0.0,0.0,0.0
20294,361.3,0.0,0.0,0.0,0.0
20295,328.2,0.0,0.0,0.0,0.0
20296,328.4,0.0,0.0,0.0,0.0
20297,357.3,0.0,0.0,0.0,0.0
20298,350.2,0.0,0.0,0.0,0.0
20299,333.5,0.0,0.0,0.0,0.0
20300,334.4,0.0,0.0,0.0,0.0
20301,345.6,0.0,0.0,0.0,0.0
20302,330.2,0.0,0.0,0.0,0.0
20303,329.0,0.0,0.0,0.0,0.0
20304,348.4,0.0,0.0,0.0,0.0
20305,344.6,0.0,0.0,0.0,0.0
20306,347.8,0.0,0.0,0.0,0.0
20307,316.5,0.0,0.0,0.0,0.0
20308,319.3,0.0,0.0,0.0,0.0
20309,321.6,0.0,0.0,0.0,0.0
20310,308.9,0.0,0.0,0.0,0.0
20311,274.9,0.0,0.0,0.0,0.0
20312,247.4,0.0,0.0,0.0,0.0
20313,243.0,0.0,0.0,0.0,0.0
20314,243.0,0.0,0.0,0.0,0.0
20315,258.4,0.0,0.0,0.0,0.0
20316,248.9,0.0,0.0,0.0,0.0
20317,254.8,0.0,0.0,0.0,0.0
20318,269.4,0.0,0.0,0.0,0.0
20319,249.4,0.0,0.0,0.0,0.0
20320,261.1,0.0,0.0,0.0,0.0
20321,232.4,0.0,0.0,0.0,0.0
20322,226.0,0.0,0.0,0.0,0.0
20323,240.5,0.0,0.0,0.0,0.0
20324,236.5,0.0,0.0,0.0,0.0
20325,226.2,0.0,0.0,0.0,0.0
20326,236.2,0.0,0.0,0.0,0.0
20327,220.7,0.0,0.0,0.0,0.0
20328,229.0,0.0,0.0,0.0,0.0
20329,235.8,0.0,0.0,0.0,0.0
20330,214.1,0.0,0.0,0.0,0.0
20331,235.2,0.0,0.0,0.0,0.0
20332,237.6,0.0,0.0,0.0,0.0
20333,212.8,0.0,0.0,0.0,0.0
20334,227.3,0.0,0.0,0.0,0.0
20335,226.9,0.0,0.0,0.0,0.0
20336,212.1,0.0,0.0,0.0,0.0
20337,201.8,0.0,0.0,0.0,0.0
20338,200.1,0.0,0.0,0.0,0.0
20339,198.7,0.0,0.0,0.0,0.0
20340,201.9,0.0,0.0,0.0,0.0
20341,200.8,0.0,0.0,0.0,0.0
20342,206.6,0.0,0.0,0.0,0.0
20343,192.7,0.0,0.0,0.0,0.0
20344,201.8,0.0,0.0,0.0,0.0
20345,201.4,0.0,0.0,0.0,0.0
20346,202.6,0.0,0.0,0.0,0.0
20347,211.4,0.0,0.0,0.0,0.0
20348,188.5,0.0,0.0,0.0,0.0
20349,181.7,0.0,0.0,0.0,0.0
20350,187.1,0.0,0.0,0.0,0.0
20351,182.6,0.0,0.0,0.0,0.0
20352,181.2,0.0,0.0,0.0,0.0
20353,189.9,0.0,0.0,0.0,0.0
20354,208.8,0.0,0.0,0.0,0.0
20355,228.6,0.0,0.0,0.0,0.0
20356,239.3,0.0,0.0,0.0,0.0
20357,238.7,0.0,0.0,0.0,0.0
20358,230.6,0.0,0.0,0.0,0.0
20359,212.7,0.0,0.0,0.0,0.0
20360,218.4,0.0,0.0,0.0,0.0
20361,218.1,0.0,0.0,0.0,0.0
20362,225.7,0.0,0.0,0.0,0.0
20363,214.2,0.0,0.0,0.0,0.0
20364,190.3,0.0,0.0,0.0,0.0
20365,199.5,0.0,0.0,0.0,0.0
20366,199.3,0.0,0.0,0.0,0.0
20367,203.1,0.0,0.0,0.0,0.0
20368,197.5,0.0,0.0,0.0,0.0
20369,196.5,0.0,0.0,0.0,0.0
20370,199.6,0.0,0.0,0.0,0.0
20371,216.9,0.0,0.0,0.0,0.0
20372,221.8,0.0,0.0,0.0,0.0
20373,229.3,0.0,0.0,0.0,0.0
20374,218.2,0.0,0.0,0.0,0.0
20375,195.2,0.0,0.0,0.0,0.0
20376,200.5,0.0,0.0,0.0,0.0
20377,193.5,0.0,0.0,0.0,0.0
20378,199.1,0.0,0.0,0.0,0.0
20379,198.1,0.0,0.0,0.0,0.0
20380,161.2,0.0,0.0,0.0,0.0
20381,177.9,0.0,0.0,0.0,0.0
20382,169.0,0.0,0.0,0.0,0.0
20383,167.1,0.0,0.0,0.0,0.0
20384,160.4,0.0,0.0,0.0,0.0
20385,164.3,0.0,0.0,0.0,0.0
20386,154.9,0.0,0.0,0.0,0.0
20387,141.2,0.0,0.0,0.0,0.0
20388,162.0,0.0,0.0,0.0,0.0
20389,150.2,0.0,0.0,0.0,0.0
20390,151.8,0.0,0.0,0.0,0.0
20391,155.3,0.0,0.0,0.0,0.0
20392,148.3,0.0,0.0,0.0,0.0
20393,134.9,0.0,0.0,0.0,0.0
20394,140.7,0.0,0.0,0.0,0.0
20395,136.9,0.0,0.0,0.0,0.0
20396,143.1,0.0,0.0,0.0,0.0
20397,145.4,0.0,0.0,0.0,0.0
20398,135.9,0.0,0.0,0.0,0.0
20399,144.8,0.0,0.0,0.0,0.0
20400,138.3,0.0,0.0,0.0,0.0
20401,120.1,0.0,0.0,0.0,0.0
20402,78.6,0.0,0.0,0.0,0.0
20403,118.2,0.0,0.0,0.0,0.0
20404,121.1,0.0,0.0,0.0,0.0
20405,119.6,0.0,0.0,0.0,0.0
20406,117.5,0.0,0.0,0.0,0.0
20407,128.4,0.0,0.0,0.0,0.0
20408,124.0,0.0,0.0,0.0,0.0
20409,117.9,0.0,0.0,0.0,0.0
20410,122.6,0.0,0.0,0.0,0.0
20411,120.3,0.0,0.0,0.0,0.0
20412,124.8,0.0,0.0,0.0,0.0
20413,125.1,0.0,0.0,0.0,0.0
20414,121.1,0.0,0.0,0.0,0.0
20415,111.9,0.0,0.0,0.0,0.0
20416,118.8,0.0,0.0,0.0,0.0
20417,116.1,0.0,0.0,0.0,0.0
20418,114.8,0.0,0.0,0.0,0.0
20419,121.6,0.0,0.0,0.0,0.0
20420,119.2,0.0,0.0,0.0,0.0
20421,119.6,0.0,0.0,0.0,0.0
20422,122.2,0.0,0.0,0.0,0.0
20423,109.3,0.0,0.0,0.0,0.0
20424,103.4,0.0,0.0,0.0,0.0
20425,92.6,0.0,0.0,0.0,0.0
20426,101.8,0.0,0.0,0.0,0.0
20427,103.1,0.0,0.0,0.0,0.0
20428,95.7,0.0,0.0,0.0,0.0
20429,87.6,0.0,0.0,0.0,0.0
20430,97.0,0.0,0.0,0.0,0.0
20431,114.5,0.0,0.0,0.0,0.0
20432,104.1,0.0,0.0,0.0,0.0
20433,114.2,0.0,0.0,0.0,0.0
20434,114.8,0.0,0.0,0.0,0.0
20435,127.5,0.0,0.0,0.0,0.0
20436,126.0,0.0,0.0,0.0,0.0
20437,131.8,0.0,0.0,0.0,0.0
20438,123.0,0.0,0.0,0.0,0.0
20439,120.9,0.0,0.0,0.0,0.0
20440,126.9,0.0,0.0,0.0,0.0
20441,113.9,0.0,0.0,0.0,0.0
20442,89.5,0.0,0.0,0.0,0.0
20443,78.7,0.0,0.0,0.0,0.0
20444,86.9,0.0,0.0,0.0,0.0
20445,86.7,0.0,0.0,0.0,0.0
20446,65.8,0.0,0.0,0.0,0.0
20447,63.9,0.0,0.0,0.0,0.0
20448,59.9,0.0,0.0,0.0,0.0
20449,181.3,0.0,0.0,0.0,0.0
20450,285.0,0.0,0.0,0.0,0.0
20451,160.2,0.0,0.0,0.0,0.0
20452,973.7,0.0,0.0,0.0,0.0
20453,371.9,0.0,0.0,0.0,0.0
20454,323.0,0.0,0.0,0.0,0.0
20455,902.9,0.0,0.0,0.0,0.0
20456,862.7,0.0,0.0,0.0,0.0
20457,1149.5,0.0,0.0,0.0,0.0
20458,1274.8,0.0,0.0,0.0,0.0
20459,1308.6,0.0,0.0,0.0,0.0
20460,1310.8,0.0,0.0,0.0,0.0
20461,1305.7,0.0,0.0,0.0,0.0
20462,1387.2,0.0,0.0,0.0,0.0
20463,1353.0,0.0,0.0,0.0,0.0
20464,1381.2,0.0,0.0,0.0,0.0
20465,1345.7,0.0,0.0,0.0,0.0
20466,1371.5,0.0,0.0,0.0,0.0
20467,1190.6,0.0,0.0,0.0,0.0
20468,948.7,0.0,0.0,0.0,0.0
20469,805.1,0.0,0.0,0.0,0.0
20470,682.2,0.0,0.0,0.0,0.0
20471,577.8,0.0,0.0,0.0,0.0
20472,457.4,0.0,0.0,0.0,0.0
20473,411.2,0.0,0.0,0.0,0.0
20474,305.5,0.0,0.0,0.0,0.0
20475,292.9,0.0,0.0,0.0,0.0
20476,225.3,0.0,0.0,0.0,0.0
20477,207.0,0.0,0.0,0.0,0.0
20478,176.8,0.0,0.0,0.0,0.0
20479,170.1,0.0,0.0,0.0,0.0
20480,168.8,0.0,0.0,0.0,0.0
20481,196.5,0.0,0.0,0.0,0.0
20482,221.5,0.0,0.0,0.0,0.0
20483,210.1,0.0,0.0,0.0,0.0
20484,290.3,0.0,0.0,0.0,0.0
20485,330.5,0.0,0.0,0.0,0.0
20486,276.3,0.0,0.0,0.0,0.0
20487,329.1,0.0,0.0,0.0,0.0
20488,647.1,0.0,0.0,0.0,0.0
20489,811.0,0.0,0.0,0.0,0.0
20490,808.8,0.0,0.0,0.0,0.0
20491,820.4,0.0,0.0,0.0,0.0
20492,686.7,0.0,0.0,0.0,0.0
20493,599.3,0.0,0.0,0.0,0.0
20494,406.1,0.0,0.0,0.0,0.0
20495,390.9,0.0,0.0,0.0,0.0
20496,300.1,0.0,0.0,0.0,0.0
20497,250.5,0.0,0.0,0.0,0.0
20498,216.1,0.0,0.0,0.0,0.0
20499,167.6,0.0,0.0,0.0,0.0
20500,104.8,0.0,0.0,0.0,0.0
20501,94.9,0.0,0.0,0.0,0.0
20502,85.5,0.0,0.0,0.0,0.0
20503,76.8,0.0,0.0,0.0,0.0
20504,69.7,0.0,0.0,0.0,0.0
20505,64.1,0.0,0.0,0.0,0.0
20506,63.9,0.0,0.0,0.0,0.0
20507,66.2,0.0,0.0,0.0,0.0
20508,60.5,0.0,0.0,0.0,0.0
20509,64.8,0.0,0.0,0.0,0.0
20510,61.1,0.0,0.0,0.0,0.0
20511,64.3,0.0,0.0,0.0,0.0
20512,155.4,0.0,0.0,0.0,0.0
20513,273.4,0.0,0.0,0.0,0.0
20514,289.4,0.0,0.0,0.0,0.0
20515,280.2,0.0,0.0,0.0,0.0
20516,502.1,0.0,0.0,0.0,0.0
20517,588.4,0.0,0.0,0.0,0.0
20518,580.3,0.0,0.0,0.0,0.0
20519,661.6,0.0,0.0,0.0,0.0
20520,888.3,0.0,0.0,0.0,0.0
20521,866.8,0.0,0.0,0.0,0.0
20522,803.5,0.0,0.0,0.0,0.0
20523,788.4,0.0,0.0,0.0,0.0
20524,810.6,0.0,0.0,0.0,0.0
20525,794.1,0.0,0.0,0.0,0.0
20526,810.6,0.0,0.0,0.0,0.0
20527,669.1,0.0,0.0,0.0,0.0
20528,576.3,0.0,0.0,0.0,0.0
20529,605.6,0.0,0.0,0.0,0.0
20530,584.1,0.0,0.0,0.0,0.0
20531,612.3,0.0,0.0,0.0,0.0
20532,593.6,0.0,0.0,0.0,0.0
20533,648.5,0.0,0.0,0.0,0.0
20534,658.6,0.0,0.0,0.0,0.0
20535,646.9,0.0,0.0,0.0,0.0
20536,671.0,0.0,0.0,0.0,0.0
20537,578.8,0.0,0.0,0.0,0.0
20538,529.2,0.0,0.0,0.0,0.0
20539,583.4,0.0,0.0,0.0,0.0
20540,542.6,0.0,0.0,0.0,0.0
20541,582.0,0.0,0.0,0.0,0.0
20542,589.2,0.0,0.0,0.0,0.0
20543,589.2,0.0,0.0,0.0,0.0
20544,585.3,0.0,0.0,0.0,0.0
20545,549.5,0.0,0.0,0.0,0.0
20546,544.3,0.0,0.0,0.0,0.0
20547,583.4,0.0,0.0,0.0,0.0
20548,960.3,0.0,0.0,0.0,0.0
20549,1050.4,0.0,0.0,0.0,0.0
20550,1054.0,0.0,0.0,0.0,0.0
20551,1067.9,0.0,0.0,0.0,0.0
20552,1047.9,0.0,0.0,0.0,0.0
20553,1038.8,0.0,0.0,0.0,0.0
20554,1058.4,0.0,0.0,0.0,0.0
20555,880.9,0.0,0.0,0.0,0.0
20556,488.0,0.0,0.0,0.0,0.0
20557,1073.7,0.0,0.0,0.0,0.0
20558,1032.1,0.0,0.0,0.0,0.0
20559,1007.3,0.0,0.0,0.0,0.0
20560,821.0,0.0,0.0,0.0,0.0
20561,719.9,0.0,0.0,0.0,0.0
20562,783.1,0.0,0.0,0.0,0.0
20563,726.0,0.0,0.0,0.0,0.0
20564,767.2,0.0,0.0,0.0,0.0
20565,574.9,0.0,0.0,0.0,0.0
20566,607.6,0.0,0.0,0.0,0.0
20567,504.2,0.0,0.0,0.0,0.0
20568,519.3,0.0,0.0,0.0,0.0
20569,513.6,0.0,0.0,0.0,0.0
20570,570.8,0.0,0.0,0.0,0.0
20571,583.2,0.0,0.0,0.0,0.0
20572,411.0,0.0,0.0,0.0,0.0
20573,305.3,0.0,0.0,0.0,0.0
20574,247.8,0.0,0.0,0.0,0.0
20575,230.6,0.0,0.0,0.0,0.0
20576,153.3,0.0,0.0,0.0,0.0
20577,95.9,0.0,0.0,0.0,0.0
20578,56.4,0.0,0.0,0.0,0.0
20579,67.6,0.0,0.0,0.0,0.0
20580,68.2,0.0,0.0,0.0,0.0
20581,233.2,0.0,0.0,0.0,0.0
20582,264.4,0.0,0.0,0.0,0.0
20583,301.5,0.0,0.0,0.0,0.0
20584,301.9,0.0,0.0,0.0,0.0
20585,277.9,0.0,0.0,0.0,0.0
20586,260.7,0.0,0.0,0.0,0.0
20587,240.8,0.0,0.0,0.0,0.0
20588,225.1,0.0,0.0,0.0,0.0
20589,228.6,0.0,0.0,0.0,0.0
20590,257.3,0.0,0.0,0.0,0.0
20591,253.8,0.0,0.0,0.0,0.0
20592,266.4,0.0,0.0,0.0,0.0
20593,328.7,0.0,0.0,0.0,0.0
20594,308.0,0.0,0.0,0.0,0.0
20595,313.3,0.0,0.0,0.0,0.0
20596,303.4,0.0,0.0,0.0,0.0
20597,324.1,0.0,0.0,0.0,0.0
20598,208.0,0.0,0.0,0.0,0.0
20599,273.3,0.0,0.0,0.0,0.0
20600,272.7,0.0,0.0,0.0,0.0
20601,269.5,0.0,0.0,0.0,0.0
20602,276.2,0.0,0.0,0.0,0.0
20603,275.7,0.0,0.0,0.0,0.0
20604,278.7,0.0,0.0,0.0,0.0
20605,299.4,0.0,0.0,0.0,0.0
20606,292.7,0.0,0.0,0.0,0.0
20607,295.7,0.0,0.0,0.0,0.0
20608,293.0,0.0,0.0,0.0,0.0
20609,275.9,0.0,0.0,0.0,0.0
20610,288.6,0.0,0.0,0.0,0.0
20611,278.2,0.0,0.0,0.0,0.0
20612,281.4,0.0,0.0,0.0,0.0
20613,304.2,0.0,0.0,0.0,0.0
20614,286.9,0.0,0.0,0.0,0.0
20615,294.8,0.0,0.0,0.0,0.0
20616,293.0,0.0,0.0,0.0,0.0
20617,276.4,0.0,0.0,0.0,0.0
20618,278.7,0.0,0.0,0.0,0.0
20619,285.1,0.0,0.0,0.0,0.0
20620,314.4,0.0,0.0,0.0,0.0
20621,264.4,0.0,0.0,0.0,0.0
20622,308.5,0.0,0.0,0.0,0.0
20623,303.0,0.0,0.0,0.0,0.0
20624,323.1,0.0,0.0,0.0,0.0
20625,329.1,0.0,0.0,0.0,0.0
20626,346.7,0.0,0.0,0.0,0.0
20627,348.6,0.0,0.0,0.0,0.0
20628,362.1,0.0,0.0,0.0,0.0
20629,323.2,0.0,0.0,0.0,0.0
20630,383.7,0.0,0.0,0.0,0.0
20631,364.0,0.0,0.0,0.0,0.0
20632,332.6,0.0,0.0,0.0,0.0
20633,318.7,0.0,0.0,0.0,0.0
20634,323.3,0.0,0.0,0.0,0.0
20635,310.8,0.0,0.0,0.0,0.0
20636,327.5,0.0,0.0,0.0,0.0
20637,320.7,0.0,0.0,0.0,0.0
20638,325.8,0.0,0.0,0.0,0.0
20639,321.5,0.0,0.0,0.0,0.0
20640,321.8,0.0,0.0,0.0,0.0
20641,315.3,0.0,0.0,0.0,0.0
20642,327.1,0.0,0.0,0.0,0.0
20643,333.3,0.0,0.0,0.0,0.0
20644,328.1,0.0,0.0,0.0,0.0
20645,321.9,0.0,0.0,0.0,0.0
20646,332.7,0.0,0.0,0.0,0.0
20647,314.7,0.0,0.0,0.0,0.0
20648,323.3,0.0,0.0,0.0,0.0
20649,352.6,0.0,0.0,0.0,0.0
20650,356.1,0.0,0.0,0.0,0.0
20651,345.7,0.0,0.0,0.0,0.0
20652,352.0,0.0,0.0,0.0,0.0
20653,384.3,0.0,0.0,0.0,0.0
20654,364.4,0.0,0.0,0.0,0.0
20655,370.6,0.0,0.0,0.0,0.0
20656,372.3,0.0,0.0,0.0,0.0
20657,370.4,0.0,0.0,0.0,0.0
20658,355.8,0.0,0.0,0.0,0.0
20659,367.1,0.0,0.0,0.0,0.0
20660,345.0,0.0,0.0,0.0,0.0
20661,377.7,0.0,0.0,0.0,0.0
20662,354.6,0.0,0.0,0.0,0.0
20663,357.8,0.0,0.0,0.0,0.0
20664,353.1,0.0,0.0,0.0,0.0
20665,370.0,0.0,0.0,0.0,0.0
20666,346.8,0.0,0.0,0.0,0.0
20667,355.1,0.0,0.0,0.0,0.0
20668,346.9,0.0,0.0,0.0,0.0
20669,340.3,0.0,0.0,0.0,0.0
20670,321.3,0.0,0.0,0.0,0.0
20671,334.3,0.0,0.0,0.0,0.0
20672,355.8,0.0,0.0,0.0,0.0
20673,324.3,0.0,0.0,0.0,0.0
20674,340.1,0.0,0.0,0.0,0.0
20675,348.6,0.0,0.0,0.0,0.0
20676,329.7,0.0,0.0,0.0,0.0
20677,331.5,0.0,0.0,0.0,0.0
20678,329.3,0.0,0.0,0.0,0.0
20679,316.7,0.0,0.0,0.0,0.0
20680,302.8,0.0,0.0,0.0,0.0
20681,301.6,0.0,0.0,0.0,0.0
20682,298.2,0.0,0.0,0.0,0.0
20683,290.4,0.0,0.0,0.0,0.0
20684,311.9,0.0,0.0,0.0,0.0
20685,302.1,0.0,0.0,0.0,0.0
20686,301.7,0.0,0.0,0.0,0.0
20687,305.8,0.0,0.0,0.0,0.0
20688,304.7,0.0,0.0,0.0,0.0
20689,290.3,0.0,0.0,0.0,0.0
20690,274.4,0.0,0.0,0.0,0.0
20691,251.8,0.0,0.0,0.0,0.0
20692,242.1,0.0,0.0,0.0,0.0
20693,242.2,0.0,0.0,0.0,0.0
20694,249.4,0.0,0.0,0.0,0.0
20695,223.1,0.0,0.0,0.0,0.0
20696,231.0,0.0,0.0,0.0,0.0
20697,242.4,0.0,0.0,0.0,0.0
20698,247.3,0.0,0.0,0.0,0.0
20699,223.6,0.0,0.0,0.0,0.0
20700,260.5,0.0,0.0,0.0,0.0
20701,229.2,0.0,0.0,0.0,0.0
20702,249.8,0.0,0.0,0.0,0.0
20703,224.7,0.0,0.0,0.0,0.0
20704,197.3,0.0,0.0,0.0,0.0
20705,199.1,0.0,0.0,0.0,0.0
20706,211.8,0.0,0.0,0.0,0.0
20707,205.2,0.0,0.0,0.0,0.0
20708,209.5,0.0,0.0,0.0,0.0
20709,199.9,0.0,0.0,0.0,0.0
20710,202.2,0.0,0.0,0.0,0.0
20711,169.2,0.0,0.0,0.0,0.0
20712,191.5,0.0,0.0,0.0,0.0
20713,197.5,0.0,0.0,0.0,0.0
20714,181.5,0.0,0.0,0.0,0.0
20715,175.3,0.0,0.0,0.0,0.0
20716,185.5,0.0,0.0,0.0,0.0
20717,162.7,0.0,0.0,0.0,0.0
20718,170.0,0.0,0.0,0.0,0.0
20719,160.2,0.0,0.0,0.0,0.0
20720,160.1,0.0,0.0,0.0,0.0
20721,154.0,0.0,0.0,0.0,0.0
20722,155.9,0.0,0.0,0.0,0.0
20723,154.1,0.0,0.0,0.0,0.0
20724,144.2,0.0,0.0,0.0,0.0
20725,138.0,0.0,0.0,0.0,0.0
20726,123.5,0.0,0.0,0.0,0.0
20727,128.6,0.0,0.0,0.0,0.0
20728,136.6,0.0,0.0,0.0,0.0
20729,189.6,0.0,0.0,0.0,0.0
20730,186.9,0.0,0.0,0.0,0.0
20731,169.2,0.0,0.0,0.0,0.0
20732,188.5,0.0,0.0,0.0,0.0
20733,172.8,0.0,0.0,0.0,0.0
20734,172.1,0.0,0.0,0.0,0.0
20735,185.2,0.0,0.0,0.0,0.0
20736,163.1,0.0,0.0,0.0,0.0
20737,162.7,0.0,0.0,0.0,0.0
20738,164.7,0.0,0.0,0.0,0.0
20739,148.0,0.0,0.0,0.0,0.0
20740,157.9,0.0,0.0,0.0,0.0
20741,153.3,0.0,0.0,0.0,0.0
20742,159.6,0.0,0.0,0.0,0.0
20743,150.8,0.0,0.0,0.0,0.0
20744,146.6,0.0,0.0,0.0,0.0
20745,150.5,0.0,0.0,0.0,0.0
20746,130.4,0.0,0.0,0.0,0.0
20747,127.7,0.0,0.0,0.0,0.0
20748,128.5,0.0,0.0,0.0,0.0
20749,143.3,0.0,0.0,0.0,0.0
20750,133.7,0.0,0.0,0.0,0.0
20751,146.1,0.0,0.0,0.0,0.0
20752,135.2,0.0,0.0,0.0,0.0
20753,141.5,0.0,0.0,0.0,0.0
20754,142.3,0.0,0.0,0.0,0.0
20755,145.9,0.0,0.0,0.0,0.0
20756,94.9,0.0,0.0,0.0,0.0
20757,97.6,0.0,0.0,0.0,0.0
20758,152.9,0.0,0.0,0.0,0.0
20759,152.3,0.0,0.0,0.0,0.0
20760,148.3,0.0,0.0,0.0,0.0
20761,145.7,0.0,0.0,0.0,0.0
20762,156.3,0.0,0.0,0.0,0.0
20763,145.9,0.0,0.0,0.0,0.0
20764,151.9,0.0,0.0,0.0,0.0
20765,141.3,0.0,0.0,0.0,0.0
20766,141.6,0.0,0.0,0.0,0.0
20767,149.2,0.0,0.0,0.0,0.0
20768,149.7,0.0,0.0,0.0,0.0
20769,151.0,0.0,0.0,0.0,0.0
20770,176.0,0.0,0.0,0.0,0.0
20771,134.3,0.0,0.0,0.0,0.0
20772,121.3,0.0,0.0,0.0,0.0
20773,111.7,0.0,0.0,0.0,0.0
20774,149.4,0.0,0.0,0.0,0.0
20775,142.0,0.0,0.0,0.0,0.0
20776,144.5,0.0,0.0,0.0,0.0
20777,150.0,0.0,0.0,0.0,0.0
20778,139.4,0.0,0.0,0.0,0.0
20779,145.2,0.0,0.0,0.0,0.0
20780,142.5,0.0,0.0,0.0,0.0
20781,151.4,0.0,0.0,0.0,0.0
20782,146.9,0.0,0.0,0.0,0.0
20783,150.3,0.0,0.0,0.0,0.0
20784,144.5,0.0,0.0,0.0,0.0
20785,143.1,0.0,0.0,0.0,0.0
20786,149.2,0.0,0.0,0.0,0.0
20787,157.4,0.0,0.0,0.0,0.0
20788,151.9,0.0,0.0,0.0,0.0
20789,147.1,0.0,0.0,0.0,0.0
20790,143.8,0.0,0.0,0.0,0.0
20791,160.8,0.0,0.0,0.0,0.0
20792,140.3,0.0,0.0,0.0,0.0
20793,145.3,0.0,0.0,0.0,0.0
20794,146.0,0.0,0.0,0.0,0.0
20795,147.7,0.0,0.0,0.0,0.0
20796,144.4,0.0,0.0,0.0,0.0
20797,151.3,0.0,0.0,0.0,0.0
20798,151.0,0.0,0.0,0.0,0.0
20799,145.6,0.0,0.0,0.0,0.0
20800,141.2,0.0,0.0,0.0,0.0
20801,126.0,0.0,0.0,0.0,0.0
20802,111.9,0.0,0.0,0.0,0.0
20803,103.7,0.0,0.0,0.0,0.0
20804,104.9,0.0,0.0,0.0,0.0
20805,122.3,0.0,0.0,0.0,0.0
20806,137.5,0.0,0.0,0.0,0.0
20807,122.9,0.0,0.0,0.0,0.0
20808,139.5,0.0,0.0,0.0,0.0
20809,121.9,0.0,0.0,0.0,0.0
20810,121.3,0.0,0.0,0.0,0.0
20811,116.3,0.0,0.0,0.0,0.0
20812,125.9,0.0,0.0,0.0,0.0
20813,127.6,0.0,0.0,0.0,0.0
20814,125.8,0.0,0.0,0.0,0.0
20815,112.6,0.0,0.0,0.0,0.0
20816,121.5,0.0,0.0,0.0,0.0
20817,100.2,0.0,0.0,0.0,0.0
20818,106.6,0.0,0.0,0.0,0.0
20819,125.1,0.0,0.0,0.0,0.0
20820,135.9,0.0,0.0,0.0,0.0
20821,138.1,0.0,0.0,0.0,0.0
20822,129.4,0.0,0.0,0.0,0.0
20823,158.2,0.0,0.0,0.0,0.0
20824,141.4,0.0,0.0,0.0,0.0
20825,133.2,0.0,0.0,0.0,0.0
20826,130.0,0.0,0.0,0.0,0.0
20827,116.1,0.0,0.0,0.0,0.0
20828,124.3,0.0,0.0,0.0,0.0
20829,114.1,0.0,0.0,0.0,0.0
20830,117.9,0.0,0.0,0.0,0.0
20831,128.9,0.0,0.0,0.0,0.0
20832,128.1,0.0,0.0,0.0,0.0
20833,118.7,0.0,0.0,0.0,0.0
20834,120.1,0.0,0.0,0.0,0.0
20835,116.1,0.0,0.0,0.0,0.0
20836,123.5,0.0,0.0,0.0,0.0
20837,124.8,0.0,0.0,0.0,0.0
20838,135.0,0.0,0.0,0.0,0.0
20839,129.4,0.0,0.0,0.0,0.0
20840,125.2,0.0,0.0,0.0,0.0
20841,118.1,0.0,0.0,0.0,0.0
20842,136.2,0.0,0.0,0.0,0.0
20843,138.9,0.0,0.0,0.0,0.0
20844,135.7,0.0,0.0,0.0,0.0
20845,134.9,0.0,0.0,0.0,0.0
20846,131.0,0.0,0.0,0.0,0.0
20847,131.0,0.0,0.0,0.0,0.0
20848,131.8,0.0,0.0,0.0,0.0
20849,128.3,0.0,0.0,0.0,0.0
20850,128.2,0.0,0.0,0.0,0.0
20851,136.4,0.0,0.0,0.0,0.0
20852,143.9,0.0,0.0,0.0,0.0
20853,143.2,0.0,0.0,0.0,0.0
20854,134.0,0.0,0.0,0.0,0.0
20855,141.8,0.0,0.0,0.0,0.0
20856,149.5,0.0,0.0,0.0,0.0
20857,140.2,0.0,0.0,0.0,0.0
20858,137.7,0.0,0.0,0.0,0.0
20859,111.5,0.0,0.0,0.0,0.0
20860,122.2,0.0,0.0,0.0,0.0
20861,63.8,0.0,0.0,0.0,0.0
20862,103.5,0.0,0.0,0.0,0.0
20863,129.6,0.0,0.0,0.0,0.0
20864,122.8,0.0,0.0,0.0,0.0
20865,112.2,0.0,0.0,0.0,0.0
20866,116.5,0.0,0.0,0.0,0.0
20867,126.9,0.0,0.0,0.0,0.0
20868,114.0,0.0,0.0,0.0,0.0
20869,124.3,0.0,0.0,0.0,0.0
20870,139.8,0.0,0.0,0.0,0.0
20871,132.2,0.0,0.0,0.0,0.0
20872,75.0,0.0,0.0,0.0,0.0
20873,78.3,0.0,0.0,0.0,0.0
20874,123.2,0.0,0.0,0.0,0.0
20875,106.6,0.0,0.0,0.0,0.0
20876,80.6,0.0,0.0,0.0,0.0
20877,131.1,0.0,0.0,0.0,0.0
20878,129.0,0.0,0.0,0.0,0.0
20879,117.3,0.0,0.0,0.0,0.0
20880,116.9,0.0,0.0,0.0,0.0
20881,114.8,0.0,0.0,0.0,0.0
20882,100.6,0.0,0.0,0.0,0.0
20883,121.9,0.0,0.0,0.0,0.0
20884,118.1,0.0,0.0,0.0,0.0
20885,124.8,0.0,0.0,0.0,0.0
20886,113.4,0.0,0.0,0.0,0.0
20887,117.9,0.0,0.0,0.0,0.0
20888,108.0,0.0,0.0,0.0,0.0
20889,121.9,0.0,0.0,0.0,0.0
20890,111.9,0.0,0.0,0.0,0.0
20891,112.4,0.0,0.0,0.0,0.0
20892,121.8,0.0,0.0,0.0,0.0
20893,114.2,0.0,0.0,0.0,0.0
20894,118.6,0.0,0.0,0.0,0.0
20895,118.4,0.0,0.0,0.0,0.0
20896,105.8,0.0,0.0,0.0,0.0
20897,114.1,0.0,0.0,0.0,0.0
20898,112.3,0.0,0.0,0.0,0.0
20899,124.8,0.0,0.0,0.0,0.0
20900,116.9,0.0,0.0,0.0,0.0
20901,113.0,0.0,0.0,0.0,0.0
20902,127.0,0.0,0.0,0.0,0.0
20903,158.2,0.0,0.0,0.0,0.0
20904,144.6,0.0,0.0,0.0,0.0
20905,163.8,0.0,0.0,0.0,0.0
20906,162.4,0.0,0.0,0.0,0.0
20907,145.0,0.0,0.0,0.0,0.0
20908,163.5,0.0,0.0,0.0,0.0
20909,175.7,0.0,0.0,0.0,0.0
20910,193.4,0.0,0.0,0.0,0.0
20911,191.2,0.0,0.0,0.0,0.0
20912,193.0,0.0,0.0,0.0,0.0
20913,196.9,0.0,0.0,0.0,0.0
20914,211.3,0.0,0.0,0.0,0.0
20915,214.2,0.0,0.0,0.0,0.0
20916,208.9,0.0,0.0,0.0,0.0
20917,207.7,0.0,0.0,0.0,0.0
20918,222.9,0.0,0.0,0.0,0.0
20919,213.7,0.0,0.0,0.0,0.0
20920,224.7,0.0,0.0,0.0,0.0
20921,230.0,0.0,0.0,0.0,0.0
20922,228.9,0.0,0.0,0.0,0.0
20923,226.2,0.0,0.0,0.0,0.0
20924,218.1,0.0,0.0,0.0,0.0
20925,223.4,0.0,0.0,0.0,0.0
20926,223.1,0.0,0.0,0.0,0.0
20927,234.3,0.0,0.0,0.0,0.0
20928,228.5,0.0,0.0,0.0,0.0
20929,211.4,0.0,0.0,0.0,0.0
20930,211.4,0.0,0.0,0.0,0.0
20931,203.2,0.0,0.0,0.0,0.0
20932,206.9,0.0,0.0,0.0,0.0
20933,202.8,0.0,0.0,0.0,0.0
20934,207.2,0.0,0.0,0.0,0.0
20935,214.7,0.0,0.0,0.0,0.0
20936,213.5,0.0,0.0,0.0,0.0
20937,219.9,0.0,0.0,0.0,0.0
20938,187.5,0.0,0.0,0.0,0.0
20939,222.3,0.0,0.0,0.0,0.0
20940,217.6,0.0,0.0,0.0,0.0
20941,234.6,0.0,0.0,0.0,0.0
20942,298.9,0.0,0.0,0.0,0.0
20943,263.1,0.0,0.0,0.0,0.0
20944,251.3,0.0,0.0,0.0,0.0
20945,264.3,0.0,0.0,0.0,0.0
20946,252.3,0.0,0.0,0.0,0.0
20947,253.8,0.0,0.0,0.0,0.0
20948,257.7,0.0,0.0,0.0,0.0
20949,254.5,0.0,0.0,0.0,0.0
20950,266.7,0.0,0.0,0.0,0.0
20951,269.9,0.0,0.0,0.0,0.0
20952,281.0,0.0,0.0,0.0,0.0
20953,308.9,0.0,0.0,0.0,0.0
20954,328.6,0.0,0.0,0.0,0.0
20955,290.2,0.0,0.0,0.0,0.0
20956,278.7,0.0,0.0,0.0,0.0
20957,259.1,0.0,0.0,0.0,0.0
20958,261.0,0.0,0.0,0.0,0.0
20959,261.0,0.0,0.0,0.0,0.0
20960,255.6,0.0,0.0,0.0,0.0
20961,257.3,0.0,0.0,0.0,0.0
20962,259.3,0.0,0.0,0.0,0.0
20963,255.2,0.0,0.0,0.0,0.0
20964,273.9,0.0,0.0,0.0,0.0
20965,264.7,0.0,0.0,0.0,0.0
20966,280.6,0.0,0.0,0.0,0.0
20967,283.5,0.0,0.0,0.0,0.0
20968,235.2,0.0,0.0,0.0,0.0
20969,296.4,0.0,0.0,0.0,0.0
20970,293.1,0.0,0.0,0.0,0.0
20971,286.6,0.0,0.0,0.0,0.0
20972,284.4,0.0,0.0,0.0,0.0
20973,294.2,0.0,0.0,0.0,0.0
20974,298.5,0.0,0.0,0.0,0.0
20975,299.4,0.0,0.0,0.0,0.0
20976,296.8,0.0,0.0,0.0,0.0
20977,290.0,0.0,0.0,0.0,0.0
20978,291.8,0.0,0.0,0.0,0.0
20979,292.3,0.0,0.0,0.0,0.0
20980,295.7,0.0,0.0,0.0,0.0
20981,293.8,0.0,0.0,0.0,0.0
20982,297.7,0.0,0.0,0.0,0.0
20983,277.9,0.0,0.0,0.0,0.0
20984,292.1,0.0,0.0,0.0,0.0
20985,314.3,0.0,0.0,0.0,0.0
20986,344.8,0.0,0.0,0.0,0.0
20987,336.9,0.0,0.0,0.0,0.0
20988,337.0,0.0,0.0,0.0,0.0
20989,338.4,0.0,0.0,0.0,0.0
20990,330.0,0.0,0.0,0.0,0.0
20991,331.6,0.0,0.0,0.0,0.0
20992,341.3,0.0,0.0,0.0,0.0
20993,337.7,0.0,0.0,0.0,0.0
20994,342.3,0.0,0.0,0.0,0.0
20995,329.9,0.0,0.0,0.0,0.0
20996,352.6,0.0,0.0,0.0,0.0
20997,323.1,0.0,0.0,0.0,0.0
20998,359.7,0.0,0.0,0.0,0.0
20999,375.0,0.0,0.0,0.0,0.0
21000,376.8,0.0,0.0,0.0,0.0
21001,372.6,0.0,0.0,0.0,0.0
21002,377.4,0.0,0.0,0.0,0.0
21003,378.3,0.0,0.0,0.0,0.0
21004,395.8,0.0,0.0,0.0,0.0
21005,378.8,0.0,0.0,0.0,0.0
21006,368.8,0.0,0.0,0.0,0.0
21007,386.9,0.0,0.0,0.0,0.0
21008,370.1,0.0,0.0,0.0,0.0
21009,373.9,0.0,0.0,0.0,0.0
21010,385.0,0.0,0.0,0.0,0.0
21011,372.3,0.0,0.0,0.0,0.0
21012,365.4,0.0,0.0,0.0,0.0
21013,385.3,0.0,0.0,0.0,0.0
21014,364.6,0.0,0.0,0.0,0.0
21015,372.9,0.0,0.0,0.0,0.0
21016,392.9,0.0,0.0,0.0,0.0
21017,373.4,0.0,0.0,0.0,0.0
21018,372.7,0.0,0.0,0.0,0.0
21019,370.7,0.0,0.0,0.0,0.0
21020,369.1,0.0,0.0,0.0,0.0
21021,372.2,0.0,0.0,0.0,0.0
21022,362.5,0.0,0.0,0.0,0.0
21023,371.2,0.0,0.0,0.0,0.0
21024,364.1,0.0,0.0,0.0,0.0
21025,374.4,0.0,0.0,0.0,0.0
21026,369.5,0.0,0.0,0.0,0.0
21027,359.9,0.0,0.0,0.0,0.0
21028,323.9,0.0,0.0,0.0,0.0
21029,328.1,0.0,0.0,0.0,0.0
21030,321.5,0.0,0.0,0.0,0.0
21031,324.7,0.0,0.0,0.0,0.0
21032,324.1,0.0,0.0,0.0,0.0
21033,342.2,0.0,0.0,0.0,0.0
21034,345.3,0.0,0.0,0.0,0.0
21035,336.5,0.0,0.0,0.0,0.0
21036,330.2,0.0,0.0,0.0,0.0
21037,348.7,0.0,0.0,0.0,0.0
21038,342.5,0.0,0.0,0.0,0.0
21039,330.3,0.0,0.0,0.0,0.0
21040,330.9,0.0,0.0,0.0,0.0
21041,334.8,0.0,0.0,0.0,0.0
21042,322.7,0.0,0.0,0.0,0.0
21043,332.5,0.0,0.0,0.0,0.0
21044,293.8,0.0,0.0,0.0,0.0
21045,344.0,0.0,0.0,0.0,0.0
21046,267.7,0.0,0.0,0.0,0.0
21047,270.1,0.0,0.0,0.0,0.0
21048,273.8,0.0,0.0,0.0,0.0
21049,251.5,0.0,0.0,0.0,0.0
21050,249.9,0.0,0.0,0.0,0.0
21051,258.1,0.0,0.0,0.0,0.0
21052,246.6,0.0,0.0,0.0,0.0
21053,241.5,0.0,0.0,0.0,0.0
21054,244.1,0.0,0.0,0.0,0.0
21055,236.9,0.0,0.0,0.0,0.0
21056,224.5,0.0,0.0,0.0,0.0
21057,237.5,0.0,0.0,0.0,0.0
21058,226.5,0.0,0.0,0.0,0.0
21059,227.4,0.0,0.0,0.0,0.0
21060,261.5,0.0,0.0,0.0,0.0
21061,249.8,0.0,0.0,0.0,0.0
21062,242.1,0.0,0.0,0.0,0.0
21063,249.9,0.0,0.0,0.0,0.0
21064,252.3,0.0,0.0,0.0,0.0
21065,254.1,0.0,0.0,0.0,0.0
21066,246.4,0.0,0.0,0.0,0.0
21067,246.4,0.0,0.0,0.0,0.0
21068,251.4,0.0,0.0,0.0,0.0
21069,234.3,0.0,0.0,0.0,0.0
21070,234.4,0.0,0.0,0.0,0.0
21071,222.4,0.0,0.0,0.0,0.0
21072,226.5,0.0,0.0,0.0,0.0
21073,220.0,0.0,0.0,0.0,0.0
21074,212.7,0.0,0.0,0.0,0.0
21075,218.9,0.0,0.0,0.0,0.0
21076,198.7,0.0,0.0,0.0,0.0
21077,203.0,0.0,0.0,0.0,0.0
21078,199.2,0.0,0.0,0.0,0.0
21079,159.2,0.0,0.0,0.0,0.0
21080,191.9,0.0,0.0,0.0,0.0
21081,209.3,0.0,0.0,0.0,0.0
21082,203.6,0.0,0.0,0.0,0.0
21083,201.4,0.0,0.0,0.0,0.0
21084,190.4,0.0,0.0,0.0,0.0
21085,196.1,0.0,0.0,0.0,0.0
21086,199.0,0.0,0.0,0.0,0.0
21087,188.6,0.0,0.0,0.0,0.0
21088,195.5,0.0,0.0,0.0,0.0
21089,186.8,0.0,0.0,0.0,0.0
21090,192.9,0.0,0.0,0.0,0.0
21091,194.5,0.0,0.0,0.0,0.0
21092,187.6,0.0,0.0,0.0,0.0
21093,189.9,0.0,0.0,0.0,0.0
21094,185.8,0.0,0.0,0.0,0.0
21095,185.2,0.0,0.0,0.0,0.0
21096,172.9,0.0,0.0,0.0,0.0
21097,177.9,0.0,0.0,0.0,0.0
21098,178.9,0.0,0.0,0.0,0.0
21099,186.2,0.0,0.0,0.0,0.0
21100,175.8,0.0,0.0,0.0,0.0
21101,175.4,0.0,0.0,0.0,0.0
21102,116.2,0.0,0.0,0.0,0.0
21103,116.2,0.0,0.0,0.0,0.0
21104,144.5,0.0,0.0,0.0,0.0
21105,158.7,0.0,0.0,0.0,0.0
21106,159.1,0.0,0.0,0.0,0.0
21107,162.7,0.0,0.0,0.0,0.0
21108,159.6,0.0,0.0,0.0,0.0
21109,131.2,0.0,0.0,0.0,0.0
21110,134.6,0.0,0.0,0.0,0.0
21111,140.3,0.0,0.0,0.0,0.0
21112,141.6,0.0,0.0,0.0,0.0
21113,130.4,0.0,0.0,0.0,0.0
21114,142.1,0.0,0.0,0.0,0.0
21115,130.1,0.0,0.0,0.0,0.0
21116,126.9,0.0,0.0,0.0,0.0
21117,124.9,0.0,0.0,0.0,0.0
21118,146.8,0.0,0.0,0.0,0.0
21119,133.9,0.0,0.0,0.0,0.0
21120,131.8,0.0,0.0,0.0,0.0
21121,143.3,0.0,0.0,0.0,0.0
21122,135.8,0.0,0.0,0.0,0.0
21123,129.1,0.0,0.0,0.0,0.0
21124,130.1,0.0,0.0,0.0,0.0
21125,135.9,0.0,0.0,0.0,0.0
21126,133.3,0.0,0.0,0.0,0.0
21127,134.5,0.0,0.0,0.0,0.0
21128,135.5,0.0,0.0,0.0,0.0
21129,137.0,0.0,0.0,0.0,0.0
21130,136.2,0.0,0.0,0.0,0.0
21131,130.7,0.0,0.0,0.0,0.0
21132,136.2,0.0,0.0,0.0,0.0
21133,134.2,0.0,0.0,0.0,0.0
21134,135.8,0.0,0.0,0.0,0.0
21135,140.4,0.0,0.0,0.0,0.0
21136,133.6,0.0,0.0,0.0,0.0
21137,136.8,0.0,0.0,0.0,0.0
21138,137.0,0.0,0.0,0.0,0.0
21139,135.9,0.0,0.0,0.0,0.0
21140,137.7,0.0,0.0,0.0,0.0
21141,140.6,0.0,0.0,0.0,0.0
21142,138.3,0.0,0.0,0.0,0.0
21143,142.5,0.0,0.0,0.0,0.0
21144,160.7,0.0,0.0,0.0,0.0
21145,131.1,0.0,0.0,0.0,0.0
21146,136.8,0.0,0.0,0.0,0.0
21147,137.6,0.0,0.0,0.0,0.0
21148,142.2,0.0,0.0,0.0,0.0
21149,135.3,0.0,0.0,0.0,0.0
21150,140.5,0.0,0.0,0.0,0.0
21151,127.1,0.0,0.0,0.0,0.0
21152,135.3,0.0,0.0,0.0,0.0
21153,136.4,0.0,0.0,0.0,0.0
21154,153.1,0.0,0.0,0.0,0.0
21155,152.0,0.0,0.0,0.0,0.0
21156,145.0,0.0,0.0,0.0,0.0
21157,141.5,0.0,0.0,0.0,0.0
21158,142.9,0.0,0.0,0.0,0.0
21159,142.0,0.0,0.0,0.0,0.0
21160,152.6,0.0,0.0,0.0,0.0
21161,135.4,0.0,0.0,0.0,0.0
21162,130.0,0.0,0.0,0.0,0.0
21163,139.7,0.0,0.0,0.0,0.0
21164,134.5,0.0,0.0,0.0,0.0
21165,126.6,0.0,0.0,0.0,0.0
21166,118.2,0.0,0.0,0.0,0.0
21167,123.4,0.0,0.0,0.0,0.0
21168,123.1,0.0,0.0,0.0,0.0
21169,130.7,0.0,0.0,0.0,0.0
21170,124.8,0.0,0.0,0.0,0.0
21171,80.8,0.0,0.0,0.0,0.0
21172,115.9,0.0,0.0,0.0,0.0
21173,111.8,0.0,0.0,0.0,0.0
21174,120.6,0.0,0.0,0.0,0.0
21175,104.6,0.0,0.0,0.0,0.0
21176,124.5,0.0,0.0,0.0,0.0
21177,125.3,0.0,0.0,0.0,0.0
21178,125.8,0.0,0.0,0.0,0.0
21179,119.0,0.0,0.0,0.0,0.0
21180,129.0,0.0,0.0,0.0,0.0
21181,120.7,0.0,0.0,0.0,0.0
21182,124.3,0.0,0.0,0.0,0.0
21183,123.0,0.0,0.0,0.0,0.0
21184,121.2,0.0,0.0,0.0,0.0
21185,124.0,0.0,0.0,0.0,0.0
21186,116.2,0.0,0.0,0.0,0.0
21187,96.0,0.0,0.0,0.0,0.0
21188,96.0,0.0,0.0,0.0,0.0
21189,49.0,0.0,0.0,0.0,0.0
21190,60.9,0.0,0.0,0.0,0.0
21191,99.9,0.0,0.0,0.0,0.0
21192,95.3,0.0,0.0,0.0,0.0
21193,112.5,0.0,0.0,0.0,0.0
21194,91.9,0.0,0.0,0.0,0.0
21195,103.6,0.0,0.0,0.0,0.0
21196,96.1,0.0,0.0,0.0,0.0
21197,94.1,0.0,0.0,0.0,0.0
21198,100.6,0.0,0.0,0.0,0.0
21199,93.1,0.0,0.0,0.0,0.0
21200,102.0,0.0,0.0,0.0,0.0
21201,104.4,0.0,0.0,0.0,0.0
21202,104.1,0.0,0.0,0.0,0.0
21203,95.2,0.0,0.0,0.0,0.0
21204,83.2,0.0,0.0,0.0,0.0
21205,87.8,0.0,0.0,0.0,0.0
21206,98.2,0.0,0.0,0.0,0.0
21207,97.8,0.0,0.0,0.0,0.0
21208,113.5,0.0,0.0,0.0,0.0
21209,93.6,0.0,0.0,0.0,0.0
21210,64.0,0.0,0.0,0.0,0.0
21211,60.1,0.0,0.0,0.0,0.0
21212,63.2,0.0,0.0,0.0,0.0
21213,63.4,0.0,0.0,0.0,0.0
21214,58.7,0.0,0.0,0.0,0.0
21215,57.9,0.0,0.0,0.0,0.0
21216,52.6,0.0,0.0,0.0,0.0
21217,59.4,0.0,0.0,0.0,0.0
21218,54.7,0.0,0.0,0.0,0.0
21219,60.9,0.0,0.0,0.0,0.0
21220,78.4,0.0,0.0,0.0,0.0
21221,77.4,0.0,0.0,0.0,0.0
21222,81.5,0.0,0.0,0.0,0.0
21223,85.8,0.0,0.0,0.0,0.0
21224,85.8,0.0,0.0,0.0,0.0
21225,78.8,0.0,0.0,0.0,0.0
21226,102.6,0.0,0.0,0.0,0.0
21227,74.4,0.0,0.0,0.0,0.0
21228,99.8,0.0,0.0,0.0,0.0
21229,77.4,0.0,0.0,0.0,0.0
21230,69.4,0.0,0.0,0.0,0.0
21231,89.0,0.0,0.0,0.0,0.0
21232,90.8,0.0,0.0,0.0,0.0
21233,86.1,0.0,0.0,0.0,0.0
21234,88.5,0.0,0.0,0.0,0.0
21235,86.2,0.0,0.0,0.0,0.0
21236,101.3,0.0,0.0,0.0,0.0
21237,65.1,0.0,0.0,0.0,0.0
21238,67.5,0.0,0.0,0.0,0.0
21239,34.5,0.0,0.0,0.0,0.0
21240,39.0,0.0,0.0,0.0,0.0
21241,46.4,0.0,0.0,0.0,0.0
21242,68.6,0.0,0.0,0.0,0.0
21243,28.8,0.0,0.0,0.0,0.0
21244,39.2,0.0,0.0,0.0,0.0
21245,84.0,0.0,0.0,0.0,0.0
21246,70.3,0.0,0.0,0.0,0.0
21247,79.4,0.0,0.0,0.0,0.0
21248,84.7,0.0,0.0,0.0,0.0
21249,85.9,0.0,0.0,0.0,0.0
21250,75.2,0.0,0.0,0.0,0.0
21251,68.5,0.0,0.0,0.0,0.0
21252,78.2,0.0,0.0,0.0,0.0
21253,84.6,0.0,0.0,0.0,0.0
21254,70.9,0.0,0.0,0.0,0.0
21255,81.5,0.0,0.0,0.0,0.0
21256,97.3,0.0,0.0,0.0,0.0
21257,91.0,0.0,0.0,0.0,0.0
21258,93.8,0.0,0.0,0.0,0.0
21259,85.2,0.0,0.0,0.0,0.0
21260,70.9,0.0,0.0,0.0,0.0
21261,83.1,0.0,0.0,0.0,0.0
21262,79.3,0.0,0.0,0.0,0.0
21263,86.7,0.0,0.0,0.0,0.0
21264,88.3,0.0,0.0,0.0,0.0
21265,93.7,0.0,0.0,0.0,0.0
21266,88.7,0.0,0.0,0.0,0.0
21267,91.0,0.0,0.0,0.0,0.0
21268,91.7,0.0,0.0,0.0,0.0
21269,96.7,0.0,0.0,0.0,0.0
21270,96.9,0.0,0.0,0.0,0.0
21271,83.6,0.0,0.0,0.0,0.0
21272,91.2,0.0,0.0,0.0,0.0
21273,83.3,0.0,0.0,0.0,0.0
21274,95.1,0.0,0.0,0.0,0.0
21275,112.2,0.0,0.0,0.0,0.0
21276,112.8,0.0,0.0,0.0,0.0
21277,135.1,0.0,0.0,0.0,0.0
21278,116.1,0.0,0.0,0.0,0.0
21279,110.8,0.0,0.0,0.0,0.0
21280,143.8,0.0,0.0,0.0,0.0
21281,152.7,0.0,0.0,0.0,0.0
21282,152.8,0.0,0.0,0.0,0.0
21283,175.1,0.0,0.0,0.0,0.0
21284,183.0,0.0,0.0,0.0,0.0
21285,192.8,0.0,0.0,0.0,0.0
21286,206.5,0.0,0.0,0.0,0.0
21287,191.5,0.0,0.0,0.0,0.0
21288,191.2,0.0,0.0,0.0,0.0
21289,198.4,0.0,0.0,0.0,0.0
21290,200.7,0.0,0.0,0.0,0.0
21291,202.8,0.0,0.0,0.0,0.0
21292,198.3,0.0,0.0,0.0,0.0
21293,201.2,0.0,0.0,0.0,0.0
21294,205.4,0.0,0.0,0.0,0.0
21295,207.4,0.0,0.0,0.0,0.0
21296,197.1,0.0,0.0,0.0,0.0
21297,190.3,0.0,0.0,0.0,0.0
21298,202.4,0.0,0.0,0.0,0.0
21299,193.0,0.0,0.0,0.0,0.0
21300,195.0,0.0,0.0,0.0,0.0
21301,194.3,0.0,0.0,0.0,0.0
21302,195.8,0.0,0.0,0.0,0.0
21303,206.3,0.0,0.0,0.0,0.0
21304,215.2,0.0,0.0,0.0,0.0
21305,211.4,0.0,0.0,0.0,0.0
21306,204.0,0.0,0.0,0.0,0.0
21307,214.4,0.0,0.0,0.0,0.0
21308,227.7,0.0,0.0,0.0,0.0
21309,225.4,0.0,0.0,0.0,0.0
21310,220.6,0.0,0.0,0.0,0.0
21311,242.5,0.0,0.0,0.0,0.0
21312,222.3,0.0,0.0,0.0,0.0
21313,231.7,0.0,0.0,0.0,0.0
21314,233.0,0.0,0.0,0.0,0.0
21315,231.5,0.0,0.0,0.0,0.0
21316,235.1,0.0,0.0,0.0,0.0
21317,232.0,0.0,0.0,0.0,0.0
21318,228.0,0.0,0.0,0.0,0.0
21319,259.5,0.0,0.0,0.0,0.0
21320,295.0,0.0,0.0,0.0,0.0
21321,237.9,0.0,0.0,0.0,0.0
21322,241.1,0.0,0.0,0.0,0.0
21323,268.7,0.0,0.0,0.0,0.0
21324,272.6,0.0,0.0,0.0,0.0
21325,279.5,0.0,0.0,0.0,0.0
21326,273.5,0.0,0.0,0.0,0.0
21327,247.7,0.0,0.0,0.0,0.0
21328,281.4,0.0,0.0,0.0,0.0
21329,275.5,0.0,0.0,0.0,0.0
21330,273.4,0.0,0.0,0.0,0.0
21331,268.0,0.0,0.0,0.0,0.0
21332,280.0,0.0,0.0,0.0,0.0
21333,268.2,0.0,0.0,0.0,0.0
21334,278.9,0.0,0.0,0.0,0.0
21335,281.7,0.0,0.0,0.0,0.0
21336,268.1,0.0,0.0,0.0,0.0
21337,281.4,0.0,0.0,0.0,0.0
21338,287.8,0.0,0.0,0.0,0.0
21339,252.7,0.0,0.0,0.0,0.0
21340,272.8,0.0,0.0,0.0,0.0
21341,262.8,0.0,0.0,0.0,0.0
21342,260.8,0.0,0.0,0.0,0.0
21343,252.2,0.0,0.0,0.0,0.0
21344,257.4,0.0,0.0,0.0,0.0
21345,258.1,0.0,0.0,0.0,0.0
21346,270.5,0.0,0.0,0.0,0.0
21347,285.9,0.0,0.0,0.0,0.0
21348,288.8,0.0,0.0,0.0,0.0
21349,268.2,0.0,0.0,0.0,0.0
21350,292.2,0.0,0.0,0.0,0.0
21351,275.2,0.0,0.0,0.0,0.0
21352,284.6,0.0,0.0,0.0,0.0
21353,310.1,0.0,0.0,0.0,0.0
21354,325.9,0.0,0.0,0.0,0.0
21355,331.4,0.0,0.0,0.0,0.0
21356,330.5,0.0,0.0,0.0,0.0
21357,324.7,0.0,0.0,0.0,0.0
21358,360.8,0.0,0.0,0.0,0.0
21359,335.3,0.0,0.0,0.0,0.0
21360,341.4,0.0,0.0,0.0,0.0
21361,323.5,0.0,0.0,0.0,0.0
21362,329.3,0.0,0.0,0.0,0.0
21363,320.4,0.0,0.0,0.0,0.0
21364,331.4,0.0,0.0,0.0,0.0
21365,326.1,0.0,0.0,0.0,0.0
21366,297.1,0.0,0.0,0.0,0.0
21367,347.5,0.0,0.0,0.0,0.0
21368,337.7,0.0,0.0,0.0,0.0
21369,313.6,0.0,0.0,0.0,0.0
21370,332.9,0.0,0.0,0.0,0.0
21371,336.2,0.0,0.0,0.0,0.0
21372,328.3,0.0,0.0,0.0,0.0
21373,331.1,0.0,0.0,0.0,0.0
21374,330.1,0.0,0.0,0.0,0.0
21375,332.0,0.0,0.0,0.0,0.0
21376,332.4,0.0,0.0,0.0,0.0
21377,332.2,0.0,0.0,0.0,0.0
21378,327.4,0.0,0.0,0.0,0.0
21379,340.7,0.0,0.0,0.0,0.0
21380,336.3,0.0,0.0,0.0,0.0
21381,334.5,0.0,0.0,0.0,0.0
21382,314.9,0.0,0.0,0.0,0.0
21383,314.3,0.0,0.0,0.0,0.0
21384,318.1,0.0,0.0,0.0,0.0
21385,302.2,0.0,0.0,0.0,0.0
21386,313.2,0.0,0.0,0.0,0.0
21387,327.6,0.0,0.0,0.0,0.0
21388,287.6,0.0,0.0,0.0,0.0
21389,282.5,0.0,0.0,0.0,0.0
21390,293.8,0.0,0.0,0.0,0.0
21391,292.5,0.0,0.0,0.0,0.0
21392,282.7,0.0,0.0,0.0,0.0
21393,274.5,0.0,0.0,0.0,0.0
21394,278.6,0.0,0.0,0.0,0.0
21395,277.8,0.0,0.0,0.0,0.0
21396,273.3,0.0,0.0,0.0,0.0
21397,262.9,0.0,0.0,0.0,0.0
21398,269.8,0.0,0.0,0.0,0.0
21399,264.7,0.0,0.0,0.0,0.0
21400,258.9,0.0,0.0,0.0,0.0
21401,234.7,0.0,0.0,0.0,0.0
21402,255.5,0.0,0.0,0.0,0.0
21403,257.1,0.0,0.0,0.0,0.0
21404,241.7,0.0,0.0,0.0,0.0
21405,249.2,0.0,0.0,0.0,0.0
21406,257.8,0.0,0.0,0.0,0.0
21407,232.6,0.0,0.0,0.0,0.0
21408,244.3,0.0,0.0,0.0,0.0
21409,237.4,0.0,0.0,0.0,0.0
21410,244.5,0.0,0.0,0.0,0.0
21411,249.3,0.0,0.0,0.0,0.0
21412,237.7,0.0,0.0,0.0,0.0
21413,237.2,0.0,0.0,0.0,0.0
21414,226.1,0.0,0.0,0.0,0.0
21415,227.4,0.0,0.0,0.0,0.0
21416,242.6,0.0,0.0,0.0,0.0
21417,242.4,0.0,0.0,0.0,0.0
21418,230.6,0.0,0.0,0.0,0.0
21419,219.6,0.0,0.0,0.0,0.0
21420,213.6,0.0,0.0,0.0,0.0
21421,202.7,0.0,0.0,0.0,0.0
21422,209.3,0.0,0.0,0.0,0.0
21423,218.7,0.0,0.0,0.0,0.0
21424,219.6,0.0,0.0,0.0,0.0
21425,217.6,0.0,0.0,0.0,0.0
21426,205.1,0.0,0.0,0.0,0.0
21427,211.0,0.0,0.0,0.0,0.0
21428,193.9,0.0,0.0,0.0,0.0
21429,176.7,0.0,0.0,0.0,0.0
21430,190.5,0.0,0.0,0.0,0.0
21431,192.4,0.0,0.0,0.0,0.0
21432,183.1,0.0,0.0,0.0,0.0
21433,193.1,0.0,0.0,0.0,0.0
21434,180.3,0.0,0.0,0.0,0.0
21435,169.6,0.0,0.0,0.0,0.0
21436,166.4,0.0,0.0,0.0,0.0
21437,164.7,0.0,0.0,0.0,0.0
21438,155.7,0.0,0.0,0.0,0.0
21439,155.9,0.0,0.0,0.0,0.0
21440,161.5,0.0,0.0,0.0,0.0
21441,160.7,0.0,0.0,0.0,0.0
21442,157.2,0.0,0.0,0.0,0.0
21443,157.3,0.0,0.0,0.0,0.0
21444,153.2,0.0,0.0,0.0,0.0
21445,155.4,0.0,0.0,0.0,0.0
21446,147.2,0.0,0.0,0.0,0.0
21447,141.5,0.0,0.0,0.0,0.0
21448,153.8,0.0,0.0,0.0,0.0
21449,138.8,0.0,0.0,0.0,0.0
21450,153.9,0.0,0.0,0.0,0.0
21451,136.1,0.0,0.0,0.0,0.0
21452,134.7,0.0,0.0,0.0,0.0
21453,132.6,0.0,0.0,0.0,0.0
21454,127.7,0.0,0.0,0.0,0.0
21455,140.1,0.0,0.0,0.0,0.0
21456,133.9,0.0,0.0,0.0,0.0
21457,135.1,0.0,0.0,0.0,0.0
21458,135.9,0.0,0.0,0.0,0.0
21459,140.1,0.0,0.0,0.0,0.0
21460,136.1,0.0,0.0,0.0,0.0
21461,132.7,0.0,0.0,0.0,0.0
21462,132.5,0.0,0.0,0.0,0.0
21463,131.7,0.0,0.0,0.0,0.0
21464,127.1,0.0,0.0,0.0,0.0
21465,132.0,0.0,0.0,0.0,0.0
21466,132.9,0.0,0.0,0.0,0.0
21467,118.2,0.0,0.0,0.0,0.0
21468,125.0,0.0,0.0,0.0,0.0
21469,117.7,0.0,0.0,0.0,0.0
21470,120.7,0.0,0.0,0.0,0.0
21471,127.5,0.0,0.0,0.0,0.0
21472,118.2,0.0,0.0,0.0,0.0
21473,118.0,0.0,0.0,0.0,0.0
21474,141.4,0.0,0.0,0.0,0.0
21475,162.7,0.0,0.0,0.0,0.0
21476,153.9,0.0,0.0,0.0,0.0
21477,153.0,0.0,0.0,0.0,0.0
21478,158.0,0.0,0.0,0.0,0.0
21479,145.0,0.0,0.0,0.0,0.0
21480,143.1,0.0,0.0,0.0,0.0
21481,146.1,0.0,0.0,0.0,0.0
21482,152.6,0.0,0.0,0.0,0.0
21483,151.3,0.0,0.0,0.0,0.0
21484,164.7,0.0,0.0,0.0,0.0
21485,158.0,0.0,0.0,0.0,0.0
21486,153.0,0.0,0.0,0.0,0.0
21487,155.9,0.0,0.0,0.0,0.0
21488,170.1,0.0,0.0,0.0,0.0
21489,154.3,0.0,0.0,0.0,0.0
21490,147.4,0.0,0.0,0.0,0.0
21491,99.6,0.0,0.0,0.0,0.0
21492,133.1,0.0,0.0,0.0,0.0
21493,132.3,0.0,0.0,0.0,0.0
21494,98.3,0.0,0.0,0.0,0.0
21495,107.5,0.0,0.0,0.0,0.0
21496,119.9,0.0,0.0,0.0,0.0
21497,112.8,0.0,0.0,0.0,0.0
21498,111.2,0.0,0.0,0.0,0.0
21499,97.7,0.0,0.0,0.0,0.0
21500,108.9,0.0,0.0,0.0,0.0
21501,110.9,0.0,0.0,0.0,0.0
21502,99.2,0.0,0.0,0.0,0.0
21503,89.1,0.0,0.0,0.0,0.0
21504,76.7,0.0,0.0,0.0,0.0
21505,73.7,0.0,0.0,0.0,0.0
21506,76.3,0.0,0.0,0.0,0.0
21507,68.0,0.0,0.0,0.0,0.0
21508,83.8,0.0,0.0,0.0,0.0
21509,72.3,0.0,0.0,0.0,0.0
21510,73.3,0.0,0.0,0.0,0.0
21511,70.2,0.0,0.0,0.0,0.0
21512,88.6,0.0,0.0,0.0,0.0
21513,88.1,0.0,0.0,0.0,0.0
21514,96.6,0.0,0.0,0.0,0.0
21515,91.2,0.0,0.0,0.0,0.0
21516,98.5,0.0,0.0,0.0,0.0
21517,109.6,0.0,0.0,0.0,0.0
21518,102.0,0.0,0.0,0.0,0.0
21519,96.7,0.0,0.0,0.0,0.0
21520,97.6,0.0,0.0,0.0,0.0
21521,96.4,0.0,0.0,0.0,0.0
21522,111.1,0.0,0.0,0.0,0.0
21523,95.4,0.0,0.0,0.0,0.0
21524,95.4,0.0,0.0,0.0,0.0
21525,106.3,0.0,0.0,0.0,0.0
21526,95.3,0.0,0.0,0.0,0.0
21527,62.6,0.0,0.0,0.0,0.0
21528,101.7,0.0,0.0,0.0,0.0
21529,102.3,0.0,0.0,0.0,0.0
21530,92.8,0.0,0.0,0.0,0.0
21531,93.2,0.0,0.0,0.0,0.0
21532,96.1,0.0,0.0,0.0,0.0
21533,96.4,0.0,0.0,0.0,0.0
21534,94.5,0.0,0.0,0.0,0.0
21535,105.4,0.0,0.0,0.0,0.0
21536,103.9,0.0,0.0,0.0,0.0
21537,118.1,0.0,0.0,0.0,0.0
21538,98.9,0.0,0.0,0.0,0.0
21539,88.2,0.0,0.0,0.0,0.0
21540,99.0,0.0,0.0,0.0,0.0
21541,101.2,0.0,0.0,0.0,0.0
21542,95.6,0.0,0.0,0.0,0.0
21543,98.1,0.0,0.0,0.0,0.0
21544,90.6,0.0,0.0,0.0,0.0
21545,101.6,0.0,0.0,0.0,0.0
21546,100.0,0.0,0.0,0.0,0.0
21547,100.1,0.0,0.0,0.0,0.0
21548,86.3,0.0,0.0,0.0,0.0
21549,107.9,0.0,0.0,0.0,0.0
21550,102.9,0.0,0.0,0.0,0.0
21551,96.0,0.0,0.0,0.0,0.0
21552,89.0,0.0,0.0,0.0,0.0
21553,87.8,0.0,0.0,0.0,0.0
21554,85.8,0.0,0.0,0.0,0.0
21555,88.4,0.0,0.0,0.0,0.0
21556,86.1,0.0,0.0,0.0,0.0
21557,94.0,0.0,0.0,0.0,0.0
21558,87.8,0.0,0.0,0.0,0.0
21559,77.2,0.0,0.0,0.0,0.0
21560,72.7,0.0,0.0,0.0,0.0
21561,87.6,0.0,0.0,0.0,0.0
21562,86.9,0.0,0.0,0.0,0.0
21563,88.0,0.0,0.0,0.0,0.0
21564,74.0,0.0,0.0,0.0,0.0
21565,90.2,0.0,0.0,0.0,0.0
21566,89.1,0.0,0.0,0.0,0.0
21567,91.5,0.0,0.0,0.0,0.0
21568,90.2,0.0,0.0,0.0,0.0
21569,92.7,0.0,0.0,0.0,0.0
21570,91.9,0.0,0.0,0.0,0.0
21571,94.2,0.0,0.0,0.0,0.0
21572,100.6,0.0,0.0,0.0,0.0
21573,91.9,0.0,0.0,0.0,0.0
21574,94.9,0.0,0.0,0.0,0.0
21575,97.9,0.0,0.0,0.0,0.0
21576,99.4,0.0,0.0,0.0,0.0
21577,82.3,0.0,0.0,0.0,0.0
21578,85.6,0.0,0.0,0.0,0.0
21579,83.2,0.0,0.0,0.0,0.0
21580,89.7,0.0,0.0,0.0,0.0
21581,89.9,0.0,0.0,0.0,0.0
21582,94.0,0.0,0.0,0.0,0.0
21583,93.4,0.0,0.0,0.0,0.0
21584,89.0,0.0,0.0,0.0,0.0
21585,90.3,0.0,0.0,0.0,0.0
21586,90.8,0.0,0.0,0.0,0.0
21587,80.2,0.0,0.0,0.0,0.0
21588,71.4,0.0,0.0,0.0,0.0
21589,76.5,0.0,0.0,0.0,0.0
21590,96.1,0.0,0.0,0.0,0.0
21591,99.4,0.0,0.0,0.0,0.0
21592,88.1,0.0,0.0,0.0,0.0
21593,90.5,0.0,0.0,0.0,0.0
21594,56.0,0.0,0.0,0.0,0.0
21595,74.9,0.0,0.0,0.0,0.0
21596,36.7,0.0,0.0,0.0,0.0
21597,56.9,0.0,0.0,0.0,0.0
21598,56.1,0.0,0.0,0.0,0.0
21599,60.1,0.0,0.0,0.0,0.0
21600,73.8,0.0,0.0,0.0,0.0
21601,43.3,0.0,0.0,0.0,0.0
21602,62.9,0.0,0.0,0.0,0.0
21603,54.4,0.0,0.0,0.0,0.0
21604,29.0,0.0,0.0,0.0,0.0
21605,20.8,0.0,0.0,0.0,0.0
21606,24.0,0.0,0.0,0.0,0.0
21607,17.0,0.0,0.0,0.0,0.0
21608,17.0,0.0,0.0,0.0,0.0
21609,20.4,0.0,0.0,0.0,0.0
21610,29.2,0.0,0.0,0.0,0.0
21611,19.2,0.0,0.0,0.0,0.0
21612,27.6,0.0,0.0,0.0,0.0
21613,25.8,0.0,0.0,0.0,0.0
21614,18.0,0.0,0.0,0.0,0.0
21615,36.1,0.0,0.0,0.0,0.0
21616,17.4,0.0,0.0,0.0,0.0
21617,15.8,0.0,0.0,0.0,0.0
21618,19.3,0.0,0.0,0.0,0.0
21619,50.3,0.0,0.0,0.0,0.0
21620,54.7,0.0,0.0,0.0,0.0
21621,86.3,0.0,0.0,0.0,0.0
21622,86.2,0.0,0.0,0.0,0.0
21623,85.1,0.0,0.0,0.0,0.0
21624,86.3,0.0,0.0,0.0,0.0
21625,79.2,0.0,0.0,0.0,0.0
21626,87.8,0.0,0.0,0.0,0.0
21627,76.9,0.0,0.0,0.0,0.0
21628,71.3,0.0,0.0,0.0,0.0
21629,62.6,0.0,0.0,0.0,0.0
21630,66.6,0.0,0.0,0.0,0.0
21631,62.9,0.0,0.0,0.0,0.0
21632,69.6,0.0,0.0,0.0,0.0
21633,90.2,0.0,0.0,0.0,0.0
21634,70.6,0.0,0.0,0.0,0.0
21635,92.0,0.0,0.0,0.0,0.0
21636,93.7,0.0,0.0,0.0,0.0
21637,83.4,0.0,0.0,0.0,0.0
21638,82.2,0.0,0.0,0.0,0.0
21639,89.2,0.0,0.0,0.0,0.0
21640,90.9,0.0,0.0,0.0,0.0
21641,127.3,0.0,0.0,0.0,0.0
21642,136.4,0.0,0.0,0.0,0.0
21643,143.1,0.0,0.0,0.0,0.0
21644,122.0,0.0,0.0,0.0,0.0
21645,122.0,0.0,0.0,0.0,0.0
21646,116.5,0.0,0.0,0.0,0.0
21647,117.9,0.0,0.0,0.0,0.0
21648,137.7,0.0,0.0,0.0,0.0
21649,156.6,0.0,0.0,0.0,0.0
21650,101.4,0.0,0.0,0.0,0.0
21651,116.1,0.0,0.0,0.0,0.0
21652,128.4,0.0,0.0,0.0,0.0
21653,166.7,0.0,0.0,0.0,0.0
21654,146.8,0.0,0.0,0.0,0.0
21655,137.1,0.0,0.0,0.0,0.0
21656,153.3,0.0,0.0,0.0,0.0
21657,173.5,0.0,0.0,0.0,0.0
21658,174.4,0.0,0.0,0.0,0.0
21659,175.8,0.0,0.0,0.0,0.0
21660,172.3,0.0,0.0,0.0,0.0
21661,176.5,0.0,0.0,0.0,0.0
21662,126.5,0.0,0.0,0.0,0.0
21663,147.3,0.0,0.0,0.0,0.0
21664,196.6,0.0,0.0,0.0,0.0
21665,196.7,0.0,0.0,0.0,0.0
21666,294.1,0.0,0.0,0.0,0.0
21667,213.8,0.0,0.0,0.0,0.0
21668,215.0,0.0,0.0,0.0,0.0
21669,215.6,0.0,0.0,0.0,0.0
21670,219.7,0.0,0.0,0.0,0.0
21671,251.9,0.0,0.0,0.0,0.0
21672,211.1,0.0,0.0,0.0,0.0
21673,175.3,0.0,0.0,0.0,0.0
21674,180.1,0.0,0.0,0.0,0.0
21675,170.6,0.0,0.0,0.0,0.0
21676,155.4,0.0,0.0,0.0,0.0
21677,169.6,0.0,0.0,0.0,0.0
21678,199.3,0.0,0.0,0.0,0.0
21679,193.9,0.0,0.0,0.0,0.0
21680,178.2,0.0,0.0,0.0,0.0
21681,200.1,0.0,0.0,0.0,0.0
21682,203.7,0.0,0.0,0.0,0.0
21683,188.2,0.0,0.0,0.0,0.0
21684,201.5,0.0,0.0,0.0,0.0
21685,208.4,0.0,0.0,0.0,0.0
21686,239.2,0.0,0.0,0.0,0.0
21687,241.4,0.0,0.0,0.0,0.0
21688,239.7,0.0,0.0,0.0,0.0
21689,242.6,0.0,0.0,0.0,0.0
21690,248.5,0.0,0.0,0.0,0.0
21691,242.2,0.0,0.0,0.0,0.0
21692,241.8,0.0,0.0,0.0,0.0
21693,245.2,0.0,0.0,0.0,0.0
21694,242.5,0.0,0.0,0.0,0.0
21695,245.1,0.0,0.0,0.0,0.0
21696,239.6,0.0,0.0,0.0,0.0
21697,249.6,0.0,0.0,0.0,0.0
21698,247.1,0.0,0.0,0.0,0.0
21699,240.6,0.0,0.0,0.0,0.0
21700,243.0,0.0,0.0,0.0,0.0
21701,233.6,0.0,0.0,0.0,0.0
21702,242.6,0.0,0.0,0.0,0.0
21703,263.3,0.0,0.0,0.0,0.0
21704,233.4,0.0,0.0,0.0,0.0
21705,288.6,0.0,0.0,0.0,0.0
21706,281.8,0.0,0.0,0.0,0.0
21707,267.6,0.0,0.0,0.0,0.0
21708,271.1,0.0,0.0,0.0,0.0
21709,277.1,0.0,0.0,0.0,0.0
21710,255.3,0.0,0.0,0.0,0.0
21711,278.8,0.0,0.0,0.0,0.0
21712,281.7,0.0,0.0,0.0,0.0
21713,280.1,0.0,0.0,0.0,0.0
21714,272.0,0.0,0.0,0.0,0.0
21715,296.1,0.0,0.0,0.0,0.0
21716,287.2,0.0,0.0,0.0,0.0
21717,253.7,0.0,0.0,0.0,0.0
21718,253.7,0.0,0.0,0.0,0.0
21719,275.4,0.0,0.0,0.0,0.0
21720,266.4,0.0,0.0,0.0,0.0
21721,284.8,0.0,0.0,0.0,0.0
21722,272.2,0.0,0.0,0.0,0.0
21723,277.8,0.0,0.0,0.0,0.0
21724,289.5,0.0,0.0,0.0,0.0
21725,288.4,0.0,0.0,0.0,0.0
21726,297.3,0.0,0.0,0.0,0.0
21727,313.3,0.0,0.0,0.0,0.0
21728,336.7,0.0,0.0,0.0,0.0
21729,312.0,0.0,0.0,0.0,0.0
21730,311.3,0.0,0.0,0.0,0.0
21731,310.2,0.0,0.0,0.0,0.0
21732,325.8,0.0,0.0,0.0,0.0
21733,323.9,0.0,0.0,0.0,0.0
21734,301.9,0.0,0.0,0.0,0.0
21735,302.5,0.0,0.0,0.0,0.0
21736,307.5,0.0,0.0,0.0,0.0
21737,291.6,0.0,0.0,0.0,0.0
21738,334.6,0.0,0.0,0.0,0.0
21739,313.8,0.0,0.0,0.0,0.0
21740,312.8,0.0,0.0,0.0,0.0
21741,307.8,0.0,0.0,0.0,0.0
21742,310.4,0.0,0.0,0.0,0.0
21743,321.8,0.0,0.0,0.0,0.0
21744,321.2,0.0,0.0,0.0,0.0
21745,343.7,0.0,0.0,0.0,0.0
21746,297.8,0.0,0.0,0.0,0.0
21747,304.3,0.0,0.0,0.0,0.0
21748,311.3,0.0,0.0,0.0,0.0
21749,337.3,0.0,0.0,0.0,0.0
21750,321.6,0.0,0.0,0.0,0.0
21751,308.3,0.0,0.0,0.0,0.0
21752,310.5,0.0,0.0,0.0,0.0
21753,298.0,0.0,0.0,0.0,0.0
21754,296.1,0.0,0.0,0.0,0.0
21755,307.3,0.0,0.0,0.0,0.0
21756,303.8,0.0,0.0,0.0,0.0
21757,326.9,0.0,0.0,0.0,0.0
21758,296.6,0.0,0.0,0.0,0.0
21759,303.8,0.0,0.0,0.0,0.0
21760,310.7,0.0,0.0,0.0,0.0
21761,305.2,0.0,0.0,0.0,0.0
21762,291.4,0.0,0.0,0.0,0.0
21763,298.2,0.0,0.0,0.0,0.0
21764,296.2,0.0,0.0,0.0,0.0
21765,297.0,0.0,0.0,0.0,0.0
21766,326.7,0.0,0.0,0.0,0.0
21767,294.4,0.0,0.0,0.0,0.0
21768,292.7,0.0,0.0,0.0,0.0
21769,267.6,0.0,0.0,0.0,0.0
21770,286.3,0.0,0.0,0.0,0.0
21771,286.3,0.0,0.0,0.0,0.0
21772,271.5,0.0,0.0,0.0,0.0
21773,261.4,0.0,0.0,0.0,0.0
21774,317.1,0.0,0.0,0.0,0.0
21775,320.5,0.0,0.0,0.0,0.0
21776,249.4,0.0,0.0,0.0,0.0
21777,248.2,0.0,0.0,0.0,0.0
21778,256.5,0.0,0.0,0.0,0.0
21779,254.5,0.0,0.0,0.0,0.0
21780,249.1,0.0,0.0,0.0,0.0
21781,251.4,0.0,0.0,0.0,0.0
21782,255.2,0.0,0.0,0.0,0.0
21783,239.9,0.0,0.0,0.0,0.0
21784,239.2,0.0,0.0,0.0,0.0
21785,244.3,0.0,0.0,0.0,0.0
21786,244.7,0.0,0.0,0.0,0.0
21787,237.7,0.0,0.0,0.0,0.0
21788,242.4,0.0,0.0,0.0,0.0
21789,214.7,0.0,0.0,0.0,0.0
21790,251.8,0.0,0.0,0.0,0.0
21791,221.2,0.0,0.0,0.0,0.0
21792,196.1,0.0,0.0,0.0,0.0
21793,182.8,0.0,0.0,0.0,0.0
21794,221.3,0.0,0.0,0.0,0.0
21795,188.1,0.0,0.0,0.0,0.0
21796,210.4,0.0,0.0,0.0,0.0
21797,154.6,0.0,0.0,0.0,0.0
21798,176.9,0.0,0.0,0.0,0.0
21799,168.8,0.0,0.0,0.0,0.0
21800,172.7,0.0,0.0,0.0,0.0
21801,184.8,0.0,0.0,0.0,0.0
21802,179.0,0.0,0.0,0.0,0.0
21803,180.0,0.0,0.0,0.0,0.0
21804,181.6,0.0,0.0,0.0,0.0
21805,183.4,0.0,0.0,0.0,0.0
21806,166.8,0.0,0.0,0.0,0.0
21807,149.1,0.0,0.0,0.0,0.0
21808,148.9,0.0,0.0,0.0,0.0
21809,149.5,0.0,0.0,0.0,0.0
21810,148.3,0.0,0.0,0.0,0.0
21811,142.2,0.0,0.0,0.0,0.0
21812,141.5,0.0,0.0,0.0,0.0
21813,143.6,0.0,0.0,0.0,0.0
21814,138.2,0.0,0.0,0.0,0.0
21815,133.3,0.0,0.0,0.0,0.0
21816,128.8,0.0,0.0,0.0,0.0
21817,130.3,0.0,0.0,0.0,0.0
21818,125.0,0.0,0.0,0.0,0.0
21819,121.6,0.0,0.0,0.0,0.0
21820,119.8,0.0,0.0,0.0,0.0
21821,129.7,0.0,0.0,0.0,0.0
21822,115.5,0.0,0.0,0.0,0.0
21823,119.0,0.0,0.0,0.0,0.0
21824,155.7,0.0,0.0,0.0,0.0
21825,155.0,0.0,0.0,0.0,0.0
21826,160.8,0.0,0.0,0.0,0.0
21827,164.1,0.0,0.0,0.0,0.0
21828,166.0,0.0,0.0,0.0,0.0
21829,166.4,0.0,0.0,0.0,0.0
21830,161.7,0.0,0.0,0.0,0.0
21831,149.9,0.0,0.0,0.0,0.0
21832,164.5,0.0,0.0,0.0,0.0
21833,155.9,0.0,0.0,0.0,0.0
21834,173.0,0.0,0.0,0.0,0.0
21835,160.9,0.0,0.0,0.0,0.0
21836,172.7,0.0,0.0,0.0,0.0
21837,147.7,0.0,0.0,0.0,0.0
21838,134.4,0.0,0.0,0.0,0.0
21839,149.3,0.0,0.0,0.0,0.0
21840,170.8,0.0,0.0,0.0,0.0
21841,131.8,0.0,0.0,0.0,0.0
21842,167.2,0.0,0.0,0.0,0.0
21843,146.0,0.0,0.0,0.0,0.0
21844,141.5,0.0,0.0,0.0,0.0
21845,142.1,0.0,0.0,0.0,0.0
21846,146.6,0.0,0.0,0.0,0.0
21847,149.7,0.0,0.0,0.0,0.0
21848,141.2,0.0,0.0,0.0,0.0
21849,152.8,0.0,0.0,0.0,0.0
21850,152.1,0.0,0.0,0.0,0.0
21851,160.7,0.0,0.0,0.0,0.0
21852,155.7,0.0,0.0,0.0,0.0
21853,143.9,0.0,0.0,0.0,0.0
21854,141.3,0.0,0.0,0.0,0.0
21855,134.9,0.0,0.0,0.0,0.0
21856,147.6,0.0,0.0,0.0,0.0
21857,150.3,0.0,0.0,0.0,0.0
21858,150.9,0.0,0.0,0.0,0.0
21859,138.9,0.0,0.0,0.0,0.0
21860,145.5,0.0,0.0,0.0,0.0
21861,144.7,0.0,0.0,0.0,0.0
21862,139.9,0.0,0.0,0.0,0.0
21863,135.3,0.0,0.0,0.0,0.0
21864,137.4,0.0,0.0,0.0,0.0
21865,143.3,0.0,0.0,0.0,0.0
21866,132.4,0.0,0.0,0.0,0.0
21867,131.4,0.0,0.0,0.0,0.0
21868,136.9,0.0,0.0,0.0,0.0
21869,112.5,0.0,0.0,0.0,0.0
21870,126.3,0.0,0.0,0.0,0.0
21871,124.0,0.0,0.0,0.0,0.0
21872,126.8,0.0,0.0,0.0,0.0
21873,106.4,0.0,0.0,0.0,0.0
21874,101.4,0.0,0.0,0.0,0.0
21875,102.5,0.0,0.0,0.0,0.0
21876,95.4,0.0,0.0,0.0,0.0
21877,88.9,0.0,0.0,0.0,0.0
21878,94.1,0.0,0.0,0.0,0.0
21879,114.3,0.0,0.0,0.0,0.0
21880,107.7,0.0,0.0,0.0,0.0
21881,99.2,0.0,0.0,0.0,0.0
21882,93.6,0.0,0.0,0.0,0.0
21883,85.0,0.0,0.0,0.0,0.0
21884,91.0,0.0,0.0,0.0,0.0
21885,94.2,0.0,0.0,0.0,0.0
21886,91.5,0.0,0.0,0.0,0.0
21887,94.3,0.0,0.0,0.0,0.0
21888,89.1,0.0,0.0,0.0,0.0
21889,93.7,0.0,0.0,0.0,0.0
21890,81.3,0.0,0.0,0.0,0.0
21891,94.7,0.0,0.0,0.0,0.0
21892,93.4,0.0,0.0,0.0,0.0
21893,97.3,0.0,0.0,0.0,0.0
21894,91.3,0.0,0.0,0.0,0.0
21895,76.4,0.0,0.0,0.0,0.0
21896,75.9,0.0,0.0,0.0,0.0
21897,90.8,0.0,0.0,0.0,0.0
21898,94.0,0.0,0.0,0.0,0.0
21899,97.7,0.0,0.0,0.0,0.0
21900,86.5,0.0,0.0,0.0,0.0
21901,69.8,0.0,0.0,0.0,0.0
21902,76.9,0.0,0.0,0.0,0.0
21903,73.0,0.0,0.0,0.0,0.0
21904,92.0,0.0,0.0,0.0,0.0
21905,89.6,0.0,0.0,0.0,0.0
21906,91.6,0.0,0.0,0.0,0.0
21907,93.8,0.0,0.0,0.0,0.0
21908,97.3,0.0,0.0,0.0,0.0
21909,84.8,0.0,0.0,0.0,0.0
21910,85.2,0.0,0.0,0.0,0.0
21911,87.1,0.0,0.0,0.0,0.0
21912,90.3,0.0,0.0,0.0,0.0
21913,89.5,0.0,0.0,0.0,0.0
21914,90.5,0.0,0.0,0.0,0.0
21915,84.6,0.0,0.0,0.0,0.0
21916,76.7,0.0,0.0,0.0,0.0
21917,78.8,0.0,0.0,0.0,0.0
21918,74.3,0.0,0.0,0.0,0.0
21919,86.4,0.0,0.0,0.0,0.0
21920,87.6,0.0,0.0,0.0,0.0
21921,89.2,0.0,0.0,0.0,0.0
21922,86.1,0.0,0.0,0.0,0.0
21923,85.8,0.0,0.0,0.0,0.0
21924,77.0,0.0,0.0,0.0,0.0
21925,89.6,0.0,0.0,0.0,0.0
21926,83.4,0.0,0.0,0.0,0.0
21927,91.5,0.0,0.0,0.0,0.0
21928,65.3,0.0,0.0,0.0,0.0
21929,58.4,0.0,0.0,0.0,0.0
21930,76.4,0.0,0.0,0.0,0.0
21931,65.6,0.0,0.0,0.0,0.0
21932,49.4,0.0,0.0,0.0,0.0
21933,35.7,0.0,0.0,0.0,0.0
21934,31.2,0.0,0.0,0.0,0.0
21935,16.3,0.0,0.0,0.0,0.0
21936,29.8,0.0,0.0,0.0,0.0
21937,39.6,0.0,0.0,0.0,0.0
21938,46.1,0.0,0.0,0.0,0.0
21939,37.3,0.0,0.0,0.0,0.0
21940,30.0,0.0,0.0,0.0,0.0
21941,24.9,0.0,0.0,0.0,0.0
21942,9.0,0.0,0.0,0.0,0.0
21943,27.4,0.0,0.0,0.0,0.0
21944,39.9,0.0,0.0,0.0,0.0
21945,16.1,0.0,0.0,0.0,0.0
21946,57.6,0.0,0.0,0.0,0.0
21947,22.1,0.0,0.0,0.0,0.0
21948,18.5,0.0,0.0,0.0,0.0
21949,16.1,0.0,0.0,0.0,0.0
21950,28.3,0.0,0.0,0.0,0.0
21951,21.5,0.0,0.0,0.0,0.0
21952,8.7,0.0,0.0,0.0,0.0
21953,20.1,0.0,0.0,0.0,0.0
21954,23.0,0.0,0.0,0.0,0.0
21955,9.3,0.0,0.0,0.0,0.0
21956,9.0,0.0,0.0,0.0,0.0
21957,9.9,0.0,0.0,0.0,0.0
21958,24.7,0.0,0.0,0.0,0.0
21959,16.1,0.0,0.0,0.0,0.0
21960,22.1,0.0,0.0,0.0,0.0
21961,26.1,0.0,0.0,0.0,0.0
21962,40.1,0.0,0.0,0.0,0.0
21963,17.0,0.0,0.0,0.0,0.0
21964,32.3,0.0,0.0,0.0,0.0
21965,30.6,0.0,0.0,0.0,0.0
21966,24.6,0.0,0.0,0.0,0.0
21967,28.0,0.0,0.0,0.0,0.0
21968,85.8,0.0,0.0,0.0,0.0
21969,86.6,0.0,0.0,0.0,0.0
21970,63.9,0.0,0.0,0.0,0.0
21971,65.9,0.0,0.0,0.0,0.0
21972,35.2,0.0,0.0,0.0,0.0
21973,30.2,0.0,0.0,0.0,0.0
21974,20.0,0.0,0.0,0.0,0.0
21975,28.9,0.0,0.0,0.0,0.0
21976,12.5,0.0,0.0,0.0,0.0
21977,34.0,0.0,0.0,0.0,0.0
21978,42.7,0.0,0.0,0.0,0.0
21979,9.3,0.0,0.0,0.0,0.0
21980,47.9,0.0,0.0,0.0,0.0
21981,39.0,0.0,0.0,0.0,0.0
21982,44.2,0.0,0.0,0.0,0.0
21983,63.8,0.0,0.0,0.0,0.0
21984,59.9,0.0,0.0,0.0,0.0
21985,73.7,0.0,0.0,0.0,0.0
21986,68.2,0.0,0.0,0.0,0.0
21987,52.2,0.0,0.0,0.0,0.0
21988,88.2,0.0,0.0,0.0,0.0
21989,93.6,0.0,0.0,0.0,0.0
21990,76.5,0.0,0.0,0.0,0.0
21991,64.9,0.0,0.0,0.0,0.0
21992,81.3,0.0,0.0,0.0,0.0
21993,69.1,0.0,0.0,0.0,0.0
21994,78.7,0.0,0.0,0.0,0.0
21995,90.0,0.0,0.0,0.0,0.0
21996,97.9,0.0,0.0,0.0,0.0
21997,95.3,0.0,0.0,0.0,0.0
21998,86.6,0.0,0.0,0.0,0.0
21999,89.8,0.0,0.0,0.0,0.0
22000,81.5,0.0,0.0,0.0,0.0
22001,80.9,0.0,0.0,0.0,0.0
22002,73.4,0.0,0.0,0.0,0.0
22003,78.0,0.0,0.0,0.0,0.0
22004,88.0,0.0,0.0,0.0,0.0
22005,89.8,0.0,0.0,0.0,0.0
22006,79.9,0.0,0.0,0.0,0.0
22007,78.7,0.0,0.0,0.0,0.0
22008,70.6,0.0,0.0,0.0,0.0
22009,93.2,0.0,0.0,0.0,0.0
22010,92.4,0.0,0.0,0.0,0.0
22011,99.5,0.0,0.0,0.0,0.0
22012,74.3,0.0,0.0,0.0,0.0
22013,70.4,0.0,0.0,0.0,0.0
22014,80.1,0.0,0.0,0.0,0.0
22015,83.5,0.0,0.0,0.0,0.0
22016,86.9,0.0,0.0,0.0,0.0
22017,82.2,0.0,0.0,0.0,0.0
22018,74.8,0.0,0.0,0.0,0.0
22019,22.3,0.0,0.0,0.0,0.0
22020,22.1,0.0,0.0,0.0,0.0
22021,58.2,0.0,0.0,0.0,0.0
22022,62.6,0.0,0.0,0.0,0.0
22023,50.4,0.0,0.0,0.0,0.0
22024,60.0,0.0,0.0,0.0,0.0
22025,64.7,0.0,0.0,0.0,0.0
22026,93.0,0.0,0.0,0.0,0.0
22027,123.8,0.0,0.0,0.0,0.0
22028,154.1,0.0,0.0,0.0,0.0
22029,166.2,0.0,0.0,0.0,0.0
22030,159.6,0.0,0.0,0.0,0.0
22031,147.0,0.0,0.0,0.0,0.0
22032,167.4,0.0,0.0,0.0,0.0
22033,165.0,0.0,0.0,0.0,0.0
22034,153.4,0.0,0.0,0.0,0.0
22035,169.2,0.0,0.0,0.0,0.0
22036,204.9,0.0,0.0,0.0,0.0
22037,202.5,0.0,0.0,0.0,0.0
22038,197.3,0.0,0.0,0.0,0.0
22039,183.3,0.0,0.0,0.0,0.0
22040,173.9,0.0,0.0,0.0,0.0
22041,196.6,0.0,0.0,0.0,0.0
22042,212.4,0.0,0.0,0.0,0.0
22043,198.9,0.0,0.0,0.0,0.0
22044,190.9,0.0,0.0,0.0,0.0
22045,200.0,0.0,0.0,0.0,0.0
22046,191.1,0.0,0.0,0.0,0.0
22047,180.0,0.0,0.0,0.0,0.0
22048,184.4,0.0,0.0,0.0,0.0
22049,204.7,0.0,0.0,0.0,0.0
22050,222.3,0.0,0.0,0.0,0.0
22051,229.1,0.0,0.0,0.0,0.0
22052,215.6,0.0,0.0,0.0,0.0
22053,207.0,0.0,0.0,0.0,0.0
22054,208.7,0.0,0.0,0.0,0.0
22055,195.9,0.0,0.0,0.0,0.0
22056,208.6,0.0,0.0,0.0,0.0
22057,227.6,0.0,0.0,0.0,0.0
22058,236.1,0.0,0.0,0.0,0.0
22059,230.1,0.0,0.0,0.0,0.0
22060,235.1,0.0,0.0,0.0,0.0
22061,281.5,0.0,0.0,0.0,0.0
22062,273.8,0.0,0.0,0.0,0.0
22063,311.6,0.0,0.0,0.0,0.0
22064,389.6,0.0,0.0,0.0,0.0
22065,416.4,0.0,0.0,0.0,0.0
22066,410.1,0.0,0.0,0.0,0.0
22067,274.9,0.0,0.0,0.0,0.0
22068,394.1,0.0,0.0,0.0,0.0
22069,414.9,0.0,0.0,0.0,0.0
22070,432.2,0.0,0.0,0.0,0.0
22071,407.7,0.0,0.0,0.0,0.0
22072,383.0,0.0,0.0,0.0,0.0
22073,392.0,0.0,0.0,0.0,0.0
22074,344.8,0.0,0.0,0.0,0.0
22075,302.1,0.0,0.0,0.0,0.0
22076,304.3,0.0,0.0,0.0,0.0
22077,270.6,0.0,0.0,0.0,0.0
22078,304.7,0.0,0.0,0.0,0.0
22079,292.1,0.0,0.0,0.0,0.0
22080,310.1,0.0,0.0,0.0,0.0
22081,290.9,0.0,0.0,0.0,0.0
22082,266.5,0.0,0.0,0.0,0.0
22083,287.3,0.0,0.0,0.0,0.0
22084,274.1,0.0,0.0,0.0,0.0
22085,264.3,0.0,0.0,0.0,0.0
22086,263.7,0.0,0.0,0.0,0.0
22087,264.5,0.0,0.0,0.0,0.0
22088,259.4,0.0,0.0,0.0,0.0
22089,279.7,0.0,0.0,0.0,0.0
22090,285.4,0.0,0.0,0.0,0.0
22091,270.7,0.0,0.0,0.0,0.0
22092,266.8,0.0,0.0,0.0,0.0
22093,280.8,0.0,0.0,0.0,0.0
22094,276.7,0.0,0.0,0.0,0.0
22095,280.2,0.0,0.0,0.0,0.0
22096,304.7,0.0,0.0,0.0,0.0
22097,296.6,0.0,0.0,0.0,0.0
22098,299.3,0.0,0.0,0.0,0.0
22099,291.9,0.0,0.0,0.0,0.0
22100,288.4,0.0,0.0,0.0,0.0
22101,297.6,0.0,0.0,0.0,0.0
22102,292.1,0.0,0.0,0.0,0.0
22103,305.1,0.0,0.0,0.0,0.0
22104,302.9,0.0,0.0,0.0,0.0
22105,328.5,0.0,0.0,0.0,0.0
22106,303.6,0.0,0.0,0.0,0.0
22107,310.3,0.0,0.0,0.0,0.0
22108,318.5,0.0,0.0,0.0,0.0
22109,309.9,0.0,0.0,0.0,0.0
22110,324.0,0.0,0.0,0.0,0.0
22111,307.9,0.0,0.0,0.0,0.0
22112,319.2,0.0,0.0,0.0,0.0
22113,312.2,0.0,0.0,0.0,0.0
22114,316.5,0.0,0.0,0.0,0.0
22115,318.0,0.0,0.0,0.0,0.0
22116,313.0,0.0,0.0,0.0,0.0
22117,316.2,0.0,0.0,0.0,0.0
22118,314.3,0.0,0.0,0.0,0.0
22119,303.9,0.0,0.0,0.0,0.0
22120,310.2,0.0,0.0,0.0,0.0
22121,314.4,0.0,0.0,0.0,0.0
22122,314.0,0.0,0.0,0.0,0.0
22123,313.6,0.0,0.0,0.0,0.0
22124,310.1,0.0,0.0,0.0,0.0
22125,304.9,0.0,0.0,0.0,0.0
22126,319.4,0.0,0.0,0.0,0.0
22127,322.6,0.0,0.0,0.0,0.0
22128,319.3,0.0,0.0,0.0,0.0
22129,295.4,0.0,0.0,0.0,0.0
22130,331.5,0.0,0.0,0.0,0.0
22131,320.0,0.0,0.0,0.0,0.0
22132,306.9,0.0,0.0,0.0,0.0
22133,296.9,0.0,0.0,0.0,0.0
22134,297.9,0.0,0.0,0.0,0.0
22135,276.3,0.0,0.0,0.0,0.0
22136,284.0,0.0,0.0,0.0,0.0
22137,280.2,0.0,0.0,0.0,0.0
22138,275.5,0.0,0.0,0.0,0.0
22139,258.1,0.0,0.0,0.0,0.0
22140,264.3,0.0,0.0,0.0,0.0
22141,247.6,0.0,0.0,0.0,0.0
22142,241.8,0.0,0.0,0.0,0.0
22143,234.4,0.0,0.0,0.0,0.0
22144,259.3,0.0,0.0,0.0,0.0
22145,245.1,0.0,0.0,0.0,0.0
22146,230.9,0.0,0.0,0.0,0.0
22147,235.9,0.0,0.0,0.0,0.0
22148,227.8,0.0,0.0,0.0,0.0
22149,200.5,0.0,0.0,0.0,0.0
22150,247.4,0.0,0.0,0.0,0.0
22151,231.9,0.0,0.0,0.0,0.0
22152,220.7,0.0,0.0,0.0,0.0
22153,225.8,0.0,0.0,0.0,0.0
22154,229.6,0.0,0.0,0.0,0.0
22155,210.8,0.0,0.0,0.0,0.0
22156,212.3,0.0,0.0,0.0,0.0
22157,215.4,0.0,0.0,0.0,0.0
22158,214.6,0.0,0.0,0.0,0.0
22159,212.7,0.0,0.0,0.0,0.0
22160,212.2,0.0,0.0,0.0,0.0
22161,201.6,0.0,0.0,0.0,0.0
22162,208.2,0.0,0.0,0.0,0.0
22163,202.5,0.0,0.0,0.0,0.0
22164,208.0,0.0,0.0,0.0,0.0
22165,203.0,0.0,0.0,0.0,0.0
22166,213.5,0.0,0.0,0.0,0.0
22167,232.8,0.0,0.0,0.0,0.0
22168,225.8,0.0,0.0,0.0,0.0
22169,224.2,0.0,0.0,0.0,0.0
22170,209.4,0.0,0.0,0.0,0.0
22171,204.4,0.0,0.0,0.0,0.0
22172,186.8,0.0,0.0,0.0,0.0
22173,180.7,0.0,0.0,0.0,0.0
22174,168.5,0.0,0.0,0.0,0.0
22175,173.1,0.0,0.0,0.0,0.0
22176,160.1,0.0,0.0,0.0,0.0
22177,165.8,0.0,0.0,0.0,0.0
22178,173.0,0.0,0.0,0.0,0.0
22179,123.3,0.0,0.0,0.0,0.0
22180,140.9,0.0,0.0,0.0,0.0
22181,162.6,0.0,0.0,0.0,0.0
22182,157.5,0.0,0.0,0.0,0.0
22183,158.8,0.0,0.0,0.0,0.0
22184,154.0,0.0,0.0,0.0,0.0
22185,156.6,0.0,0.0,0.0,0.0
22186,164.7,0.0,0.0,0.0,0.0
22187,160.9,0.0,0.0,0.0,0.0
22188,178.0,0.0,0.0,0.0,0.0
22189,148.3,0.0,0.0,0.0,0.0
22190,141.4,0.0,0.0,0.0,0.0
22191,137.7,0.0,0.0,0.0,0.0
22192,153.4,0.0,0.0,0.0,0.0
22193,127.1,0.0,0.0,0.0,0.0
22194,129.5,0.0,0.0,0.0,0.0
22195,123.3,0.0,0.0,0.0,0.0
22196,129.3,0.0,0.0,0.0,0.0
22197,117.2,0.0,0.0,0.0,0.0
22198,113.9,0.0,0.0,0.0,0.0
22199,121.6,0.0,0.0,0.0,0.0
22200,124.5,0.0,0.0,0.0,0.0
22201,128.6,0.0,0.0,0.0,0.0
22202,128.6,0.0,0.0,0.0,0.0
22203,132.6,0.0,0.0,0.0,0.0
22204,121.3,0.0,0.0,0.0,0.0
22205,128.8,0.0,0.0,0.0,0.0
22206,131.6,0.0,0.0,0.0,0.0
22207,129.9,0.0,0.0,0.0,0.0
22208,128.1,0.0,0.0,0.0,0.0
22209,121.5,0.0,0.0,0.0,0.0
22210,123.7,0.0,0.0,0.0,0.0
22211,126.6,0.0,0.0,0.0,0.0
22212,122.0,0.0,0.0,0.0,0.0
22213,124.6,0.0,0.0,0.0,0.0
22214,113.7,0.0,0.0,0.0,0.0
22215,103.8,0.0,0.0,0.0,0.0
22216,121.7,0.0,0.0,0.0,0.0
22217,123.9,0.0,0.0,0.0,0.0
22218,111.4,0.0,0.0,0.0,0.0
22219,125.1,0.0,0.0,0.0,0.0
22220,123.2,0.0,0.0,0.0,0.0
22221,113.4,0.0,0.0,0.0,0.0
22222,147.2,0.0,0.0,0.0,0.0
22223,134.6,0.0,0.0,0.0,0.0
22224,162.1,0.0,0.0,0.0,0.0
22225,156.9,0.0,0.0,0.0,0.0
22226,108.3,0.0,0.0,0.0,0.0
22227,153.2,0.0,0.0,0.0,0.0
22228,165.4,0.0,0.0,0.0,0.0
22229,165.1,0.0,0.0,0.0,0.0
22230,154.2,0.0,0.0,0.0,0.0
22231,164.9,0.0,0.0,0.0,0.0
22232,152.1,0.0,0.0,0.0,0.0
22233,153.3,0.0,0.0,0.0,0.0
22234,151.9,0.0,0.0,0.0,0.0
22235,158.7,0.0,0.0,0.0,0.0
22236,164.9,0.0,0.0,0.0,0.0
22237,152.7,0.0,0.0,0.0,0.0
22238,157.3,0.0,0.0,0.0,0.0
22239,147.1,0.0,0.0,0.0,0.0
22240,164.5,0.0,0.0,0.0,0.0
22241,154.6,0.0,0.0,0.0,0.0
22242,159.1,0.0,0.0,0.0,0.0
22243,164.8,0.0,0.0,0.0,0.0
22244,156.6,0.0,0.0,0.0,0.0
22245,160.6,0.0,0.0,0.0,0.0
22246,157.9,0.0,0.0,0.0,0.0
22247,148.5,0.0,0.0,0.0,0.0
22248,158.0,0.0,0.0,0.0,0.0
22249,155.1,0.0,0.0,0.0,0.0
22250,149.5,0.0,0.0,0.0,0.0
22251,149.2,0.0,0.0,0.0,0.0
22252,163.1,0.0,0.0,0.0,0.0
22253,175.8,0.0,0.0,0.0,0.0
22254,146.0,0.0,0.0,0.0,0.0
22255,150.5,0.0,0.0,0.0,0.0
22256,148.2,0.0,0.0,0.0,0.0
22257,143.9,0.0,0.0,0.0,0.0
22258,159.6,0.0,0.0,0.0,0.0
22259,143.6,0.0,0.0,0.0,0.0
22260,147.8,0.0,0.0,0.0,0.0
22261,193.3,0.0,0.0,0.0,0.0
22262,198.8,0.0,0.0,0.0,0.0
22263,329.9,0.0,0.0,0.0,0.0
22264,401.4,0.0,0.0,0.0,0.0
22265,371.7,0.0,0.0,0.0,0.0
22266,382.1,0.0,0.0,0.0,0.0
22267,382.2,0.0,0.0,0.0,0.0
22268,359.8,0.0,0.0,0.0,0.0
22269,382.5,0.0,0.0,0.0,0.0
22270,388.6,0.0,0.0,0.0,0.0
22271,354.9,0.0,0.0,0.0,0.0
22272,357.5,0.0,0.0,0.0,0.0
22273,334.1,0.0,0.0,0.0,0.0
22274,290.4,0.0,0.0,0.0,0.0
22275,249.2,0.0,0.0,0.0,0.0
22276,290.6,0.0,0.0,0.0,0.0
22277,247.7,0.0,0.0,0.0,0.0
22278,256.7,0.0,0.0,0.0,0.0
22279,372.1,0.0,0.0,0.0,0.0
22280,357.3,0.0,0.0,0.0,0.0
22281,374.5,0.0,0.0,0.0,0.0
22282,403.1,0.0,0.0,0.0,0.0
22283,405.0,0.0,0.0,0.0,0.0
22284,365.8,0.0,0.0,0.0,0.0
22285,410.5,0.0,0.0,0.0,0.0
22286,360.8,0.0,0.0,0.0,0.0
22287,326.7,0.0,0.0,0.0,0.0
22288,314.4,0.0,0.0,0.0,0.0
22289,289.8,0.0,0.0,0.0,0.0
22290,237.7,0.0,0.0,0.0,0.0
22291,204.8,0.0,0.0,0.0,0.0
22292,210.4,0.0,0.0,0.0,0.0
22293,216.7,0.0,0.0,0.0,0.0
22294,183.0,0.0,0.0,0.0,0.0
22295,171.5,0.0,0.0,0.0,0.0
22296,136.7,0.0,0.0,0.0,0.0
22297,149.7,0.0,0.0,0.0,0.0
22298,146.8,0.0,0.0,0.0,0.0
22299,158.9,0.0,0.0,0.0,0.0
22300,155.2,0.0,0.0,0.0,0.0
22301,158.0,0.0,0.0,0.0,0.0
22302,137.3,0.0,0.0,0.0,0.0
22303,135.5,0.0,0.0,0.0,0.0
22304,128.8,0.0,0.0,0.0,0.0
22305,132.0,0.0,0.0,0.0,0.0
22306,125.8,0.0,0.0,0.0,0.0
22307,132.7,0.0,0.0,0.0,0.0
22308,122.7,0.0,0.0,0.0,0.0
22309,119.4,0.0,0.0,0.0,0.0
22310,101.9,0.0,0.0,0.0,0.0
22311,113.0,0.0,0.0,0.0,0.0
22312,106.3,0.0,0.0,0.0,0.0
22313,107.5,0.0,0.0,0.0,0.0
22314,110.0,0.0,0.0,0.0,0.0
22315,114.9,0.0,0.0,0.0,0.0
22316,126.4,0.0,0.0,0.0,0.0
22317,107.5,0.0,0.0,0.0,0.0
22318,103.6,0.0,0.0,0.0,0.0
22319,114.6,0.0,0.0,0.0,0.0
22320,121.6,0.0,0.0,0.0,0.0
22321,121.3,0.0,0.0,0.0,0.0
22322,120.3,0.0,0.0,0.0,0.0
22323,121.2,0.0,0.0,0.0,0.0
22324,112.1,0.0,0.0,0.0,0.0
22325,106.5,0.0,0.0,0.0,0.0
22326,82.7,0.0,0.0,0.0,0.0
22327,68.0,0.0,0.0,0.0,0.0
22328,62.8,0.0,0.0,0.0,0.0
22329,85.5,0.0,0.0,0.0,0.0
22330,86.8,0.0,0.0,0.0,0.0
22331,110.9,0.0,0.0,0.0,0.0
22332,102.5,0.0,0.0,0.0,0.0
22333,108.1,0.0,0.0,0.0,0.0
22334,62.1,0.0,0.0,0.0,0.0
22335,94.5,0.0,0.0,0.0,0.0
22336,78.0,0.0,0.0,0.0,0.0
22337,77.3,0.0,0.0,0.0,0.0
22338,97.0,0.0,0.0,0.0,0.0
22339,100.9,0.0,0.0,0.0,0.0
22340,105.6,0.0,0.0,0.0,0.0
22341,75.6,0.0,0.0,0.0,0.0
22342,69.5,0.0,0.0,0.0,0.0
22343,83.4,0.0,0.0,0.0,0.0
22344,80.4,0.0,0.0,0.0,0.0
22345,81.3,0.0,0.0,0.0,0.0
22346,101.7,0.0,0.0,0.0,0.0
22347,89.2,0.0,0.0,0.0,0.0
22348,103.2,0.0,0.0,0.0,0.0
22349,116.4,0.0,0.0,0.0,0.0
22350,99.9,0.0,0.0,0.0,0.0
22351,161.3,0.0,0.0,0.0,0.0
22352,89.0,0.0,0.0,0.0,0.0
22353,77.5,0.0,0.0,0.0,0.0
22354,386.7,0.0,0.0,0.0,0.0
22355,502.1,0.0,0.0,0.0,0.0
22356,722.3,0.0,0.0,0.0,0.0
22357,800.0,0.0,0.0,0.0,0.0
22358,1005.9,0.0,0.0,0.0,0.0
22359,1061.1,0.0,0.0,0.0,0.0
22360,1212.9,0.0,0.0,0.0,0.0
22361,1298.8,0.0,0.0,0.0,0.0
22362,1047.5,0.0,0.0,0.0,0.0
22363,497.0,0.0,0.0,0.0,0.0
22364,714.5,0.0,0.0,0.0,0.0
22365,1059.5,0.0,0.0,0.0,0.0
22366,1044.6,0.0,0.0,0.0,0.0
22367,1106.9,0.0,0.0,0.0,0.0
22368,1323.1,0.0,0.0,0.0,0.0
22369,1278.8,0.0,0.0,0.0,0.0
22370,1271.8,0.0,0.0,0.0,0.0
22371,1230.3,0.0,0.0,0.0,0.0
22372,1043.9,0.0,0.0,0.0,0.0
22373,904.6,0.0,0.0,0.0,0.0
22374,755.4,0.0,0.0,0.0,0.0
22375,648.5,0.0,0.0,0.0,0.0
22376,551.2,0.0,0.0,0.0,0.0
22377,508.7,0.0,0.0,0.0,0.0
22378,383.0,0.0,0.0,0.0,0.0
22379,359.4,0.0,0.0,0.0,0.0
22380,320.5,0.0,0.0,0.0,0.0
22381,268.2,0.0,0.0,0.0,0.0
22382,232.6,0.0,0.0,0.0,0.0
22383,218.1,0.0,0.0,0.0,0.0
22384,152.1,0.0,0.0,0.0,0.0
22385,135.2,0.0,0.0,0.0,0.0
22386,135.6,0.0,0.0,0.0,0.0
22387,168.3,0.0,0.0,0.0,0.0
22388,150.0,0.0,0.0,0.0,0.0
22389,128.0,0.0,0.0,0.0,0.0
22390,137.0,0.0,0.0,0.0,0.0
22391,125.3,0.0,0.0,0.0,0.0
22392,141.2,0.0,0.0,0.0,0.0
22393,153.3,0.0,0.0,0.0,0.0
22394,161.2,0.0,0.0,0.0,0.0
22395,170.8,0.0,0.0,0.0,0.0
22396,171.4,0.0,0.0,0.0,0.0
22397,161.2,0.0,0.0,0.0,0.0
22398,182.6,0.0,0.0,0.0,0.0
22399,137.3,0.0,0.0,0.0,0.0
22400,142.1,0.0,0.0,0.0,0.0
22401,154.3,0.0,0.0,0.0,0.0
22402,175.9,0.0,0.0,0.0,0.0
22403,211.7,0.0,0.0,0.0,0.0
22404,199.9,0.0,0.0,0.0,0.0
22405,202.1,0.0,0.0,0.0,0.0
22406,210.6,0.0,0.0,0.0,0.0
22407,213.8,0.0,0.0,0.0,0.0
22408,203.2,0.0,0.0,0.0,0.0
22409,220.3,0.0,0.0,0.0,0.0
22410,201.0,0.0,0.0,0.0,0.0
22411,229.4,0.0,0.0,0.0,0.0
22412,215.8,0.0,0.0,0.0,0.0
22413,210.6,0.0,0.0,0.0,0.0
22414,191.2,0.0,0.0,0.0,0.0
22415,197.2,0.0,0.0,0.0,0.0
22416,208.3,0.0,0.0,0.0,0.0
22417,236.2,0.0,0.0,0.0,0.0
22418,200.0,0.0,0.0,0.0,0.0
22419,198.4,0.0,0.0,0.0,0.0
22420,257.9,0.0,0.0,0.0,0.0
22421,261.3,0.0,0.0,0.0,0.0
22422,262.6,0.0,0.0,0.0,0.0
22423,277.8,0.0,0.0,0.0,0.0
22424,256.0,0.0,0.0,0.0,0.0
22425,252.4,0.0,0.0,0.0,0.0
22426,259.0,0.0,0.0,0.0,0.0
22427,285.0,0.0,0.0,0.0,0.0
22428,305.1,0.0,0.0,0.0,0.0
22429,303.8,0.0,0.0,0.0,0.0
22430,268.1,0.0,0.0,0.0,0.0
22431,311.1,0.0,0.0,0.0,0.0
22432,266.6,0.0,0.0,0.0,0.0
22433,303.4,0.0,0.0,0.0,0.0
22434,353.4,0.0,0.0,0.0,0.0
22435,522.4,0.0,0.0,0.0,0.0
22436,536.3,0.0,0.0,0.0,0.0
22437,482.8,0.0,0.0,0.0,0.0
22438,493.6,0.0,0.0,0.0,0.0
22439,411.1,0.0,0.0,0.0,0.0
22440,328.0,0.0,0.0,0.0,0.0
22441,263.1,0.0,0.0,0.0,0.0
22442,219.7,0.0,0.0,0.0,0.0
22443,216.1,0.0,0.0,0.0,0.0
22444,231.2,0.0,0.0,0.0,0.0
22445,292.8,0.0,0.0,0.0,0.0
22446,258.9,0.0,0.0,0.0,0.0
22447,259.6,0.0,0.0,0.0,0.0
22448,274.4,0.0,0.0,0.0,0.0
22449,270.2,0.0,0.0,0.0,0.0
22450,263.4,0.0,0.0,0.0,0.0
22451,267.5,0.0,0.0,0.0,0.0
22452,242.0,0.0,0.0,0.0,0.0
22453,299.8,0.0,0.0,0.0,0.0
22454,270.6,0.0,0.0,0.0,0.0
22455,246.1,0.0,0.0,0.0,0.0
22456,267.3,0.0,0.0,0.0,0.0
22457,266.5,0.0,0.0,0.0,0.0
22458,262.9,0.0,0.0,0.0,0.0
22459,254.9,0.0,0.0,0.0,0.0
22460,258.1,0.0,0.0,0.0,0.0
22461,284.8,0.0,0.0,0.0,0.0
22462,283.4,0.0,0.0,0.0,0.0
22463,306.1,0.0,0.0,0.0,0.0
22464,291.2,0.0,0.0,0.0,0.0
22465,307.0,0.0,0.0,0.0,0.0
22466,290.4,0.0,0.0,0.0,0.0
22467,295.7,0.0,0.0,0.0,0.0
22468,314.6,0.0,0.0,0.0,0.0
22469,307.9,0.0,0.0,0.0,0.0
22470,293.3,0.0,0.0,0.0,0.0
22471,291.7,0.0,0.0,0.0,0.0
22472,290.6,0.0,0.0,0.0,0.0
22473,277.2,0.0,0.0,0.0,0.0
22474,285.6,0.0,0.0,0.0,0.0
22475,276.8,0.0,0.0,0.0,0.0
22476,319.1,0.0,0.0,0.0,0.0
22477,313.6,0.0,0.0,0.0,0.0
22478,316.5,0.0,0.0,0.0,0.0
22479,318.2,0.0,0.0,0.0,0.0
22480,307.0,0.0,0.0,0.0,0.0
22481,297.0,0.0,0.0,0.0,0.0
22482,297.7,0.0,0.0,0.0,0.0
22483,295.7,0.0,0.0,0.0,0.0
22484,296.1,0.0,0.0,0.0,0.0
22485,304.3,0.0,0.0,0.0,0.0
22486,301.2,0.0,0.0,0.0,0.0
22487,295.6,0.0,0.0,0.0,0.0
22488,293.1,0.0,0.0,0.0,0.0
22489,291.0,0.0,0.0,0.0,0.0
22490,299.0,0.0,0.0,0.0,0.0
22491,285.6,0.0,0.0,0.0,0.0
22492,305.4,0.0,0.0,0.0,0.0
22493,296.0,0.0,0.0,0.0,0.0
22494,274.3,0.0,0.0,0.0,0.0
22495,437.6,0.0,0.0,0.0,0.0
22496,436.8,0.0,0.0,0.0,0.0
22497,424.2,0.0,0.0,0.0,0.0
22498,432.1,0.0,0.0,0.0,0.0
22499,423.6,0.0,0.0,0.0,0.0
22500,293.8,0.0,0.0,0.0,0.0
22501,297.5,0.0,0.0,0.0,0.0
22502,300.3,0.0,0.0,0.0,0.0
22503,289.2,0.0,0.0,0.0,0.0
22504,300.0,0.0,0.0,0.0,0.0
22505,285.5,0.0,0.0,0.0,0.0
22506,279.5,0.0,0.0,0.0,0.0
22507,288.3,0.0,0.0,0.0,0.0
22508,284.2,0.0,0.0,0.0,0.0
22509,280.2,0.0,0.0,0.0,0.0
22510,294.6,0.0,0.0,0.0,0.0
22511,273.4,0.0,0.0,0.0,0.0
22512,286.2,0.0,0.0,0.0,0.0
22513,291.5,0.0,0.0,0.0,0.0
22514,276.9,0.0,0.0,0.0,0.0
22515,281.6,0.0,0.0,0.0,0.0
22516,279.3,0.0,0.0,0.0,0.0
22517,282.9,0.0,0.0,0.0,0.0
22518,286.8,0.0,0.0,0.0,0.0
22519,283.0,0.0,0.0,0.0,0.0
22520,279.6,0.0,0.0,0.0,0.0
22521,281.8,0.0,0.0,0.0,0.0
22522,288.5,0.0,0.0,0.0,0.0
22523,273.2,0.0,0.0,0.0,0.0
22524,265.4,0.0,0.0,0.0,0.0
22525,264.4,0.0,0.0,0.0,0.0
22526,234.4,0.0,0.0,0.0,0.0
22527,270.5,0.0,0.0,0.0,0.0
22528,270.4,0.0,0.0,0.0,0.0
22529,267.7,0.0,0.0,0.0,0.0
22530,278.2,0.0,0.0,0.0,0.0
22531,275.2,0.0,0.0,0.0,0.0
22532,259.6,0.0,0.0,0.0,0.0
22533,257.3,0.0,0.0,0.0,0.0
22534,248.1,0.0,0.0,0.0,0.0
22535,243.2,0.0,0.0,0.0,0.0
22536,237.0,0.0,0.0,0.0,0.0
22537,207.0,0.0,0.0,0.0,0.0
22538,205.7,0.0,0.0,0.0,0.0
22539,222.0,0.0,0.0,0.0,0.0
22540,211.4,0.0,0.0,0.0,0.0
22541,199.8,0.0,0.0,0.0,0.0
22542,218.3,0.0,0.0,0.0,0.0
22543,216.2,0.0,0.0,0.0,0.0
22544,201.8,0.0,0.0,0.0,0.0
22545,212.0,0.0,0.0,0.0,0.0
22546,196.5,0.0,0.0,0.0,0.0
22547,207.1,0.0,0.0,0.0,0.0
22548,190.2,0.0,0.0,0.0,0.0
22549,191.1,0.0,0.0,0.0,0.0
22550,213.8,0.0,0.0,0.0,0.0
22551,198.1,0.0,0.0,0.0,0.0
22552,214.8,0.0,0.0,0.0,0.0
22553,200.4,0.0,0.0,0.0,0.0
22554,196.7,0.0,0.0,0.0,0.0
22555,187.5,0.0,0.0,0.0,0.0
22556,186.1,0.0,0.0,0.0,0.0
22557,190.7,0.0,0.0,0.0,0.0
22558,183.2,0.0,0.0,0.0,0.0
22559,175.1,0.0,0.0,0.0,0.0
22560,181.2,0.0,0.0,0.0,0.0
22561,174.9,0.0,0.0,0.0,0.0
22562,171.5,0.0,0.0,0.0,0.0
22563,172.8,0.0,0.0,0.0,0.0
22564,173.9,0.0,0.0,0.0,0.0
22565,189.0,0.0,0.0,0.0,0.0
22566,187.7,0.0,0.0,0.0,0.0
22567,193.3,0.0,0.0,0.0,0.0
22568,159.8,0.0,0.0,0.0,0.0
22569,127.5,0.0,0.0,0.0,0.0
22570,119.5,0.0,0.0,0.0,0.0
22571,125.0,0.0,0.0,0.0,0.0
22572,112.8,0.0,0.0,0.0,0.0
22573,140.5,0.0,0.0,0.0,0.0
22574,155.2,0.0,0.0,0.0,0.0
22575,150.9,0.0,0.0,0.0,0.0
22576,138.8,0.0,0.0,0.0,0.0
22577,153.3,0.0,0.0,0.0,0.0
22578,145.5,0.0,0.0,0.0,0.0
22579,135.9,0.0,0.0,0.0,0.0
22580,136.7,0.0,0.0,0.0,0.0
22581,135.2,0.0,0.0,0.0,0.0
22582,140.0,0.0,0.0,0.0,0.0
22583,161.6,0.0,0.0,0.0,0.0
22584,152.7,0.0,0.0,0.0,0.0
22585,167.3,0.0,0.0,0.0,0.0
22586,153.1,0.0,0.0,0.0,0.0
22587,154.9,0.0,0.0,0.0,0.0
22588,154.9,0.0,0.0,0.0,0.0
22589,152.4,0.0,0.0,0.0,0.0
22590,153.1,0.0,0.0,0.0,0.0
22591,152.6,0.0,0.0,0.0,0.0
22592,161.2,0.0,0.0,0.0,0.0
22593,162.3,0.0,0.0,0.0,0.0
22594,153.8,0.0,0.0,0.0,0.0
22595,160.6,0.0,0.0,0.0,0.0
22596,153.7,0.0,0.0,0.0,0.0
22597,149.3,0.0,0.0,0.0,0.0
22598,173.7,0.0,0.0,0.0,0.0
22599,168.0,0.0,0.0,0.0,0.0
22600,166.1,0.0,0.0,0.0,0.0
22601,162.4,0.0,0.0,0.0,0.0
22602,156.4,0.0,0.0,0.0,0.0
22603,153.6,0.0,0.0,0.0,0.0
22604,164.6,0.0,0.0,0.0,0.0
22605,160.6,0.0,0.0,0.0,0.0
22606,156.5,0.0,0.0,0.0,0.0
22607,151.7,0.0,0.0,0.0,0.0
22608,161.6,0.0,0.0,0.0,0.0
22609,156.6,0.0,0.0,0.0,0.0
22610,156.6,0.0,0.0,0.0,0.0
22611,150.4,0.0,0.0,0.0,0.0
22612,138.8,0.0,0.0,0.0,0.0
22613,130.2,0.0,0.0,0.0,0.0
22614,116.5,0.0,0.0,0.0,0.0
22615,120.1,0.0,0.0,0.0,0.0
22616,113.5,0.0,0.0,0.0,0.0
22617,109.3,0.0,0.0,0.0,0.0
22618,112.9,0.0,0.0,0.0,0.0
22619,136.9,0.0,0.0,0.0,0.0
22620,132.0,0.0,0.0,0.0,0.0
22621,138.8,0.0,0.0,0.0,0.0
22622,113.9,0.0,0.0,0.0,0.0
22623,111.1,0.0,0.0,0.0,0.0
22624,106.5,0.0,0.0,0.0,0.0
22625,104.3,0.0,0.0,0.0,0.0
22626,123.4,0.0,0.0,0.0,0.0
22627,119.5,0.0,0.0,0.0,0.0
22628,114.0,0.0,0.0,0.0,0.0
22629,126.9,0.0,0.0,0.0,0.0
22630,77.8,0.0,0.0,0.0,0.0
22631,107.2,0.0,0.0,0.0,0.0
22632,131.4,0.0,0.0,0.0,0.0
22633,151.7,0.0,0.0,0.0,0.0
22634,148.4,0.0,0.0,0.0,0.0
22635,147.3,0.0,0.0,0.0,0.0
22636,138.8,0.0,0.0,0.0,0.0
22637,139.1,0.0,0.0,0.0,0.0
22638,144.8,0.0,0.0,0.0,0.0
22639,137.6,0.0,0.0,0.0,0.0
22640,142.9,0.0,0.0,0.0,0.0
22641,135.4,0.0,0.0,0.0,0.0
22642,138.9,0.0,0.0,0.0,0.0
22643,139.5,0.0,0.0,0.0,0.0
22644,142.1,0.0,0.0,0.0,0.0
22645,141.1,0.0,0.0,0.0,0.0
22646,132.9,0.0,0.0,0.0,0.0
22647,133.9,0.0,0.0,0.0,0.0
22648,146.3,0.0,0.0,0.0,0.0
22649,149.9,0.0,0.0,0.0,0.0
22650,149.9,0.0,0.0,0.0,0.0
22651,154.8,0.0,0.0,0.0,0.0
22652,134.6,0.0,0.0,0.0,0.0
22653,131.2,0.0,0.0,0.0,0.0
22654,140.1,0.0,0.0,0.0,0.0
22655,135.3,0.0,0.0,0.0,0.0
22656,143.1,0.0,0.0,0.0,0.0
22657,136.9,0.0,0.0,0.0,0.0
22658,137.1,0.0,0.0,0.0,0.0
22659,122.9,0.0,0.0,0.0,0.0
22660,121.8,0.0,0.0,0.0,0.0
22661,123.4,0.0,0.0,0.0,0.0
22662,127.8,0.0,0.0,0.0,0.0
22663,120.6,0.0,0.0,0.0,0.0
22664,119.2,0.0,0.0,0.0,0.0
22665,94.0,0.0,0.0,0.0,0.0
22666,103.9,0.0,0.0,0.0,0.0
22667,104.0,0.0,0.0,0.0,0.0
22668,111.6,0.0,0.0,0.0,0.0
22669,104.9,0.0,0.0,0.0,0.0
22670,106.5,0.0,0.0,0.0,0.0
22671,118.3,0.0,0.0,0.0,0.0
22672,114.5,0.0,0.0,0.0,0.0
22673,103.5,0.0,0.0,0.0,0.0
22674,106.4,0.0,0.0,0.0,0.0
22675,113.7,0.0,0.0,0.0,0.0
22676,110.4,0.0,0.0,0.0,0.0
22677,107.2,0.0,0.0,0.0,0.0
22678,105.6,0.0,0.0,0.0,0.0
22679,103.2,0.0,0.0,0.0,0.0
22680,93.6,0.0,0.0,0.0,0.0
22681,95.9,0.0,0.0,0.0,0.0
22682,95.9,0.0,0.0,0.0,0.0
22683,69.5,0.0,0.0,0.0,0.0
22684,94.9,0.0,0.0,0.0,0.0
22685,100.1,0.0,0.0,0.0,0.0
22686,120.4,0.0,0.0,0.0,0.0
22687,81.4,0.0,0.0,0.0,0.0
22688,87.8,0.0,0.0,0.0,0.0
22689,93.8,0.0,0.0,0.0,0.0
22690,93.1,0.0,0.0,0.0,0.0
22691,100.3,0.0,0.0,0.0,0.0
22692,88.4,0.0,0.0,0.0,0.0
22693,77.2,0.0,0.0,0.0,0.0
22694,78.7,0.0,0.0,0.0,0.0
22695,96.1,0.0,0.0,0.0,0.0
22696,96.1,0.0,0.0,0.0,0.0
22697,93.0,0.0,0.0,0.0,0.0
22698,98.8,0.0,0.0,0.0,0.0
22699,124.1,0.0,0.0,0.0,0.0
22700,110.7,0.0,0.0,0.0,0.0
22701,97.8,0.0,0.0,0.0,0.0
22702,102.0,0.0,0.0,0.0,0.0
22703,98.9,0.0,0.0,0.0,0.0
22704,79.3,0.0,0.0,0.0,0.0
22705,102.0,0.0,0.0,0.0,0.0
22706,108.6,0.0,0.0,0.0,0.0
22707,91.5,0.0,0.0,0.0,0.0
22708,82.9,0.0,0.0,0.0,0.0
22709,64.1,0.0,0.0,0.0,0.0
22710,78.4,0.0,0.0,0.0,0.0
22711,94.2,0.0,0.0,0.0,0.0
22712,93.8,0.0,0.0,0.0,0.0
22713,86.5,0.0,0.0,0.0,0.0
22714,71.3,0.0,0.0,0.0,0.0
22715,58.8,0.0,0.0,0.0,0.0
22716,80.8,0.0,0.0,0.0,0.0
22717,85.4,0.0,0.0,0.0,0.0
22718,78.0,0.0,0.0,0.0,0.0
22719,92.3,0.0,0.0,0.0,0.0
22720,81.6,0.0,0.0,0.0,0.0
22721,21.4,0.0,0.0,0.0,0.0
22722,37.7,0.0,0.0,0.0,0.0
22723,49.0,0.0,0.0,0.0,0.0
22724,60.7,0.0,0.0,0.0,0.0
22725,60.9,0.0,0.0,0.0,0.0
22726,67.7,0.0,0.0,0.0,0.0
22727,80.6,0.0,0.0,0.0,0.0
22728,76.7,0.0,0.0,0.0,0.0
22729,65.3,0.0,0.0,0.0,0.0
22730,62.4,0.0,0.0,0.0,0.0
22731,73.3,0.0,0.0,0.0,0.0
22732,64.0,0.0,0.0,0.0,0.0
22733,32.0,0.0,0.0,0.0,0.0
22734,37.8,0.0,0.0,0.0,0.0
22735,21.8,0.0,0.0,0.0,0.0
22736,8.4,0.0,0.0,0.0,0.0
22737,24.7,0.0,0.0,0.0,0.0
22738,53.4,0.0,0.0,0.0,0.0
22739,35.5,0.0,0.0,0.0,0.0
22740,34.0,0.0,0.0,0.0,0.0
22741,51.5,0.0,0.0,0.0,0.0
22742,63.1,0.0,0.0,0.0,0.0
22743,70.0,0.0,0.0,0.0,0.0
22744,56.0,0.0,0.0,0.0,0.0
22745,64.3,0.0,0.0,0.0,0.0
22746,66.9,0.0,0.0,0.0,0.0
22747,74.4,0.0,0.0,0.0,0.0
22748,74.0,0.0,0.0,0.0,0.0
22749,53.1,0.0,0.0,0.0,0.0
22750,57.7,0.0,0.0,0.0,0.0
22751,42.4,0.0,0.0,0.0,0.0
22752,72.0,0.0,0.0,0.0,0.0
22753,65.8,0.0,0.0,0.0,0.0
22754,99.7,0.0,0.0,0.0,0.0
22755,120.3,0.0,0.0,0.0,0.0
22756,116.9,0.0,0.0,0.0,0.0
22757,106.6,0.0,0.0,0.0,0.0
22758,113.9,0.0,0.0,0.0,0.0
22759,151.7,0.0,0.0,0.0,0.0
22760,137.5,0.0,0.0,0.0,0.0
22761,127.5,0.0,0.0,0.0,0.0
22762,117.8,0.0,0.0,0.0,0.0
22763,124.0,0.0,0.0,0.0,0.0
22764,128.5,0.0,0.0,0.0,0.0
22765,122.6,0.0,0.0,0.0,0.0
22766,128.6,0.0,0.0,0.0,0.0
22767,135.1,0.0,0.0,0.0,0.0
22768,138.4,0.0,0.0,0.0,0.0
22769,136.7,0.0,0.0,0.0,0.0
22770,155.9,0.0,0.0,0.0,0.0
22771,171.3,0.0,0.0,0.0,0.0
22772,174.2,0.0,0.0,0.0,0.0
22773,207.2,0.0,0.0,0.0,0.0
22774,219.8,0.0,0.0,0.0,0.0
22775,231.8,0.0,0.0,0.0,0.0
22776,240.4,0.0,0.0,0.0,0.0
22777,261.1,0.0,0.0,0.0,0.0
22778,262.9,0.0,0.0,0.0,0.0
22779,248.1,0.0,0.0,0.0,0.0
22780,254.3,0.0,0.0,0.0,0.0
22781,254.3,0.0,0.0,0.0,0.0
22782,252.4,0.0,0.0,0.0,0.0
22783,281.6,0.0,0.0,0.0,0.0
22784,285.5,0.0,0.0,0.0,0.0
22785,279.3,0.0,0.0,0.0,0.0
22786,282.5,0.0,0.0,0.0,0.0
22787,268.9,0.0,0.0,0.0,0.0
22788,270.6,0.0,0.0,0.0,0.0
22789,275.5,0.0,0.0,0.0,0.0
22790,293.1,0.0,0.0,0.0,0.0
22791,280.1,0.0,0.0,0.0,0.0
22792,265.7,0.0,0.0,0.0,0.0
22793,263.4,0.0,0.0,0.0,0.0
22794,256.1,0.0,0.0,0.0,0.0
22795,254.5,0.0,0.0,0.0,0.0
22796,252.0,0.0,0.0,0.0,0.0
22797,258.0,0.0,0.0,0.0,0.0
22798,263.2,0.0,0.0,0.0,0.0
22799,260.7,0.0,0.0,0.0,0.0
22800,277.2,0.0,0.0,0.0,0.0
22801,286.4,0.0,0.0,0.0,0.0
22802,281.6,0.0,0.0,0.0,0.0
22803,282.3,0.0,0.0,0.0,0.0
22804,284.9,0.0,0.0,0.0,0.0
22805,267.4,0.0,0.0,0.0,0.0
22806,260.3,0.0,0.0,0.0,0.0
22807,258.9,0.0,0.0,0.0,0.0
22808,261.9,0.0,0.0,0.0,0.0
22809,272.3,0.0,0.0,0.0,0.0
22810,270.8,0.0,0.0,0.0,0.0
22811,282.0,0.0,0.0,0.0,0.0
22812,285.3,0.0,0.0,0.0,0.0
22813,314.9,0.0,0.0,0.0,0.0
22814,303.0,0.0,0.0,0.0,0.0
22815,301.8,0.0,0.0,0.0,0.0
22816,301.9,0.0,0.0,0.0,0.0
22817,305.1,0.0,0.0,0.0,0.0
22818,313.0,0.0,0.0,0.0,0.0
22819,294.5,0.0,0.0,0.0,0.0
22820,314.5,0.0,0.0,0.0,0.0
22821,359.7,0.0,0.0,0.0,0.0
22822,366.1,0.0,0.0,0.0,0.0
22823,375.9,0.0,0.0,0.0,0.0
22824,369.4,0.0,0.0,0.0,0.0
22825,371.8,0.0,0.0,0.0,0.0
22826,364.2,0.0,0.0,0.0,0.0
22827,366.9,0.0,0.0,0.0,0.0
22828,360.4,0.0,0.0,0.0,0.0
22829,351.8,0.0,0.0,0.0,0.0
22830,361.8,0.0,0.0,0.0,0.0
22831,351.8,0.0,0.0,0.0,0.0
22832,359.8,0.0,0.0,0.0,0.0
22833,364.4,0.0,0.0,0.0,0.0
22834,369.0,0.0,0.0,0.0,0.0
22835,367.2,0.0,0.0,0.0,0.0
22836,358.5,0.0,0.0,0.0,0.0
22837,364.1,0.0,0.0,0.0,0.0
22838,366.6,0.0,0.0,0.0,0.0
22839,368.0,0.0,0.0,0.0,0.0
22840,366.0,0.0,0.0,0.0,0.0
22841,347.1,0.0,0.0,0.0,0.0
22842,353.1,0.0,0.0,0.0,0.0
22843,373.4,0.0,0.0,0.0,0.0
22844,367.4,0.0,0.0,0.0,0.0
22845,367.3,0.0,0.0,0.0,0.0
22846,354.5,0.0,0.0,0.0,0.0
22847,366.5,0.0,0.0,0.0,0.0
22848,370.0,0.0,0.0,0.0,0.0
22849,353.9,0.0,0.0,0.0,0.0
22850,355.6,0.0,0.0,0.0,0.0
22851,361.3,0.0,0.0,0.0,0.0
22852,369.2,0.0,0.0,0.0,0.0
22853,356.3,0.0,0.0,0.0,0.0
22854,357.7,0.0,0.0,0.0,0.0
22855,364.5,0.0,0.0,0.0,0.0
22856,373.7,0.0,0.0,0.0,0.0
22857,361.3,0.0,0.0,0.0,0.0
22858,366.7,0.0,0.0,0.0,0.0
22859,360.6,0.0,0.0,0.0,0.0
22860,357.4,0.0,0.0,0.0,0.0
22861,357.7,0.0,0.0,0.0,0.0
22862,360.1,0.0,0.0,0.0,0.0
22863,371.0,0.0,0.0,0.0,0.0
22864,352.2,0.0,0.0,0.0,0.0
22865,354.4,0.0,0.0,0.0,0.0
22866,341.5,0.0,0.0,0.0,0.0
22867,324.7,0.0,0.0,0.0,0.0
22868,337.6,0.0,0.0,0.0,0.0
22869,327.0,0.0,0.0,0.0,0.0
22870,297.6,0.0,0.0,0.0,0.0
22871,294.7,0.0,0.0,0.0,0.0
22872,289.9,0.0,0.0,0.0,0.0
22873,281.6,0.0,0.0,0.0,0.0
22874,273.0,0.0,0.0,0.0,0.0
22875,280.8,0.0,0.0,0.0,0.0
22876,281.0,0.0,0.0,0.0,0.0
22877,277.7,0.0,0.0,0.0,0.0
22878,280.2,0.0,0.0,0.0,0.0
22879,282.6,0.0,0.0,0.0,0.0
22880,276.5,0.0,0.0,0.0,0.0
22881,263.0,0.0,0.0,0.0,0.0
22882,260.1,0.0,0.0,0.0,0.0
22883,248.7,0.0,0.0,0.0,0.0
22884,252.5,0.0,0.0,0.0,0.0
22885,267.6,0.0,0.0,0.0,0.0
22886,261.8,0.0,0.0,0.0,0.0
22887,235.2,0.0,0.0,0.0,0.0
22888,226.8,0.0,0.0,0.0,0.0
22889,230.4,0.0,0.0,0.0,0.0
22890,222.7,0.0,0.0,0.0,0.0
22891,229.4,0.0,0.0,0.0,0.0
22892,230.4,0.0,0.0,0.0,0.0
22893,231.5,0.0,0.0,0.0,0.0
22894,207.1,0.0,0.0,0.0,0.0
22895,191.8,0.0,0.0,0.0,0.0
22896,147.8,0.0,0.0,0.0,0.0
22897,154.8,0.0,0.0,0.0,0.0
22898,194.5,0.0,0.0,0.0,0.0
22899,201.9,0.0,0.0,0.0,0.0
22900,198.4,0.0,0.0,0.0,0.0
22901,161.6,0.0,0.0,0.0,0.0
22902,167.7,0.0,0.0,0.0,0.0
22903,166.9,0.0,0.0,0.0,0.0
22904,165.3,0.0,0.0,0.0,0.0
22905,159.0,0.0,0.0,0.0,0.0
22906,170.5,0.0,0.0,0.0,0.0
22907,157.8,0.0,0.0,0.0,0.0
22908,165.5,0.0,0.0,0.0,0.0
22909,174.1,0.0,0.0,0.0,0.0
22910,157.9,0.0,0.0,0.0,0.0
22911,154.9,0.0,0.0,0.0,0.0
22912,141.6,0.0,0.0,0.0,0.0
22913,148.0,0.0,0.0,0.0,0.0
22914,155.1,0.0,0.0,0.0,0.0
22915,144.3,0.0,0.0,0.0,0.0
22916,139.9,0.0,0.0,0.0,0.0
22917,132.0,0.0,0.0,0.0,0.0
22918,134.3,0.0,0.0,0.0,0.0
22919,132.0,0.0,0.0,0.0,0.0
22920,120.0,0.0,0.0,0.0,0.0
22921,120.3,0.0,0.0,0.0,0.0
22922,135.3,0.0,0.0,0.0,0.0
22923,114.9,0.0,0.0,0.0,0.0
22924,120.9,0.0,0.0,0.0,0.0
22925,120.7,0.0,0.0,0.0,0.0
22926,123.3,0.0,0.0,0.0,0.0
22927,131.5,0.0,0.0,0.0,0.0
22928,119.0,0.0,0.0,0.0,0.0
22929,144.4,0.0,0.0,0.0,0.0
22930,132.2,0.0,0.0,0.0,0.0
22931,128.4,0.0,0.0,0.0,0.0
22932,125.8,0.0,0.0,0.0,0.0
22933,131.6,0.0,0.0,0.0,0.0
22934,131.1,0.0,0.0,0.0,0.0
22935,132.9,0.0,0.0,0.0,0.0
22936,129.6,0.0,0.0,0.0,0.0
22937,142.6,0.0,0.0,0.0,0.0
22938,141.2,0.0,0.0,0.0,0.0
22939,152.3,0.0,0.0,0.0,0.0
22940,149.1,0.0,0.0,0.0,0.0
22941,143.5,0.0,0.0,0.0,0.0
22942,147.2,0.0,0.0,0.0,0.0
22943,145.2,0.0,0.0,0.0,0.0
22944,134.9,0.0,0.0,0.0,0.0
22945,146.9,0.0,0.0,0.0,0.0
22946,144.4,0.0,0.0,0.0,0.0
22947,139.5,0.0,0.0,0.0,0.0
22948,141.3,0.0,0.0,0.0,0.0
22949,159.2,0.0,0.0,0.0,0.0
22950,158.9,0.0,0.0,0.0,0.0
22951,160.8,0.0,0.0,0.0,0.0
22952,158.1,0.0,0.0,0.0,0.0
22953,156.1,0.0,0.0,0.0,0.0
22954,154.5,0.0,0.0,0.0,0.0
22955,169.1,0.0,0.0,0.0,0.0
22956,158.3,0.0,0.0,0.0,0.0
22957,143.7,0.0,0.0,0.0,0.0
22958,150.1,0.0,0.0,0.0,0.0
22959,155.1,0.0,0.0,0.0,0.0
22960,149.4,0.0,0.0,0.0,0.0
22961,146.9,0.0,0.0,0.0,0.0
22962,152.2,0.0,0.0,0.0,0.0
22963,150.0,0.0,0.0,0.0,0.0
22964,151.6,0.0,0.0,0.0,0.0
22965,174.4,0.0,0.0,0.0,0.0
22966,174.2,0.0,0.0,0.0,0.0
22967,152.6,0.0,0.0,0.0,0.0
22968,153.7,0.0,0.0,0.0,0.0
22969,156.5,0.0,0.0,0.0,0.0
22970,142.2,0.0,0.0,0.0,0.0
22971,126.2,0.0,0.0,0.0,0.0
22972,128.3,0.0,0.0,0.0,0.0
22973,140.7,0.0,0.0,0.0,0.0
22974,114.9,0.0,0.0,0.0,0.0
22975,121.6,0.0,0.0,0.0,0.0
22976,133.4,0.0,0.0,0.0,0.0
22977,112.9,0.0,0.0,0.0,0.0
22978,111.0,0.0,0.0,0.0,0.0
22979,81.7,0.0,0.0,0.0,0.0
22980,42.5,0.0,0.0,0.0,0.0
22981,56.1,0.0,0.0,0.0,0.0
22982,31.7,0.0,0.0,0.0,0.0
22983,63.4,0.0,0.0,0.0,0.0
22984,94.8,0.0,0.0,0.0,0.0
22985,38.5,0.0,0.0,0.0,0.0
22986,89.6,0.0,0.0,0.0,0.0
22987,62.8,0.0,0.0,0.0,0.0
22988,66.1,0.0,0.0,0.0,0.0
22989,115.4,0.0,0.0,0.0,0.0
22990,136.3,0.0,0.0,0.0,0.0
22991,93.8,0.0,0.0,0.0,0.0
22992,117.5,0.0,0.0,0.0,0.0
22993,114.0,0.0,0.0,0.0,0.0
22994,116.2,0.0,0.0,0.0,0.0
22995,119.5,0.0,0.0,0.0,0.0
22996,119.2,0.0,0.0,0.0,0.0
22997,120.7,0.0,0.0,0.0,0.0
22998,86.6,0.0,0.0,0.0,0.0
22999,70.3,0.0,0.0,0.0,0.0
23000,67.4,0.0,0.0,0.0,0.0
23001,81.0,0.0,0.0,0.0,0.0
23002,46.7,0.0,0.0,0.0,0.0
23003,45.8,0.0,0.0,0.0,0.0
23004,60.1,0.0,0.0,0.0,0.0
23005,66.2,0.0,0.0,0.0,0.0
23006,67.4,0.0,0.0,0.0,0.0
23007,68.8,0.0,0.0,0.0,0.0
23008,67.4,0.0,0.0,0.0,0.0
23009,63.6,0.0,0.0,0.0,0.0
23010,74.0,0.0,0.0,0.0,0.0
23011,72.2,0.0,0.0,0.0,0.0
23012,58.2,0.0,0.0,0.0,0.0
23013,73.2,0.0,0.0,0.0,0.0
23014,60.3,0.0,0.0,0.0,0.0
23015,76.0,0.0,0.0,0.0,0.0
23016,81.5,0.0,0.0,0.0,0.0
23017,77.0,0.0,0.0,0.0,0.0
23018,105.6,0.0,0.0,0.0,0.0
23019,90.8,0.0,0.0,0.0,0.0
23020,91.9,0.0,0.0,0.0,0.0
23021,162.4,0.0,0.0,0.0,0.0
23022,118.5,0.0,0.0,0.0,0.0
23023,95.4,0.0,0.0,0.0,0.0
23024,100.2,0.0,0.0,0.0,0.0
23025,114.5,0.0,0.0,0.0,0.0
23026,100.2,0.0,0.0,0.0,0.0
23027,128.3,0.0,0.0,0.0,0.0
23028,126.9,0.0,0.0,0.0,0.0
23029,132.7,0.0,0.0,0.0,0.0
23030,120.0,0.0,0.0,0.0,0.0
23031,100.3,0.0,0.0,0.0,0.0
23032,85.4,0.0,0.0,0.0,0.0
23033,141.1,0.0,0.0,0.0,0.0
23034,114.6,0.0,0.0,0.0,0.0
23035,125.6,0.0,0.0,0.0,0.0
23036,102.2,0.0,0.0,0.0,0.0
23037,103.6,0.0,0.0,0.0,0.0
23038,108.2,0.0,0.0,0.0,0.0
23039,129.6,0.0,0.0,0.0,0.0
23040,111.7,0.0,0.0,0.0,0.0
23041,101.3,0.0,0.0,0.0,0.0
23042,118.2,0.0,0.0,0.0,0.0
23043,120.5,0.0,0.0,0.0,0.0
23044,127.2,0.0,0.0,0.0,0.0
23045,100.9,0.0,0.0,0.0,0.0
23046,130.4,0.0,0.0,0.0,0.0
23047,92.5,0.0,0.0,0.0,0.0
23048,126.5,0.0,0.0,0.0,0.0
23049,118.0,0.0,0.0,0.0,0.0
23050,111.0,0.0,0.0,0.0,0.0
23051,111.1,0.0,0.0,0.0,0.0
23052,99.2,0.0,0.0,0.0,0.0
23053,108.7,0.0,0.0,0.0,0.0
23054,105.0,0.0,0.0,0.0,0.0
23055,105.1,0.0,0.0,0.0,0.0
23056,120.5,0.0,0.0,0.0,0.0
23057,118.5,0.0,0.0,0.0,0.0
23058,97.9,0.0,0.0,0.0,0.0
23059,82.8,0.0,0.0,0.0,0.0
23060,98.7,0.0,0.0,0.0,0.0
23061,97.2,0.0,0.0,0.0,0.0
23062,100.6,0.0,0.0,0.0,0.0
23063,101.8,0.0,0.0,0.0,0.0
23064,94.0,0.0,0.0,0.0,0.0
23065,103.4,0.0,0.0,0.0,0.0
23066,99.1,0.0,0.0,0.0,0.0
23067,111.9,0.0,0.0,0.0,0.0
23068,89.2,0.0,0.0,0.0,0.0
23069,111.0,0.0,0.0,0.0,0.0
23070,97.4,0.0,0.0,0.0,0.0
23071,108.7,0.0,0.0,0.0,0.0
23072,97.2,0.0,0.0,0.0,0.0
23073,96.0,0.0,0.0,0.0,0.0
23074,100.6,0.0,0.0,0.0,0.0
23075,109.3,0.0,0.0,0.0,0.0
23076,100.3,0.0,0.0,0.0,0.0
23077,102.3,0.0,0.0,0.0,0.0
23078,130.9,0.0,0.0,0.0,0.0
23079,92.5,0.0,0.0,0.0,0.0
23080,134.9,0.0,0.0,0.0,0.0
23081,141.9,0.0,0.0,0.0,0.0
23082,122.6,0.0,0.0,0.0,0.0
23083,129.7,0.0,0.0,0.0,0.0
23084,129.0,0.0,0.0,0.0,0.0
23085,129.5,0.0,0.0,0.0,0.0
23086,139.2,0.0,0.0,0.0,0.0
23087,111.0,0.0,0.0,0.0,0.0
23088,123.5,0.0,0.0,0.0,0.0
23089,143.0,0.0,0.0,0.0,0.0
23090,109.4,0.0,0.0,0.0,0.0
23091,103.9,0.0,0.0,0.0,0.0
23092,94.4,0.0,0.0,0.0,0.0
23093,101.7,0.0,0.0,0.0,0.0
23094,86.6,0.0,0.0,0.0,0.0
23095,105.3,0.0,0.0,0.0,0.0
23096,104.3,0.0,0.0,0.0,0.0
23097,110.2,0.0,0.0,0.0,0.0
23098,129.9,0.0,0.0,0.0,0.0
23099,167.0,0.0,0.0,0.0,0.0
23100,149.0,0.0,0.0,0.0,0.0
23101,145.1,0.0,0.0,0.0,0.0
23102,159.6,0.0,0.0,0.0,0.0
23103,116.7,0.0,0.0,0.0,0.0
23104,141.1,0.0,0.0,0.0,0.0
23105,126.1,0.0,0.0,0.0,0.0
23106,122.7,0.0,0.0,0.0,0.0
23107,136.1,0.0,0.0,0.0,0.0
23108,114.7,0.0,0.0,0.0,0.0
23109,151.4,0.0,0.0,0.0,0.0
23110,158.7,0.0,0.0,0.0,0.0
23111,151.0,0.0,0.0,0.0,0.0
23112,137.6,0.0,0.0,0.0,0.0
23113,146.6,0.0,0.0,0.0,0.0
23114,133.3,0.0,0.0,0.0,0.0
23115,129.0,0.0,0.0,0.0,0.0
23116,138.0,0.0,0.0,0.0,0.0
23117,136.9,0.0,0.0,0.0,0.0
23118,164.8,0.0,0.0,0.0,0.0
23119,139.0,0.0,0.0,0.0,0.0
23120,192.0,0.0,0.0,0.0,0.0
23121,173.3,0.0,0.0,0.0,0.0
23122,183.8,0.0,0.0,0.0,0.0
23123,208.7,0.0,0.0,0.0,0.0
23124,201.5,0.0,0.0,0.0,0.0
23125,249.4,0.0,0.0,0.0,0.0
23126,260.0,0.0,0.0,0.0,0.0
23127,321.1,0.0,0.0,0.0,0.0
23128,276.5,0.0,0.0,0.0,0.0
23129,300.6,0.0,0.0,0.0,0.0
23130,291.2,0.0,0.0,0.0,0.0
23131,311.7,0.0,0.0,0.0,0.0
23132,307.5,0.0,0.0,0.0,0.0
23133,305.7,0.0,0.0,0.0,0.0
23134,293.4,0.0,0.0,0.0,0.0
23135,291.8,0.0,0.0,0.0,0.0
23136,278.2,0.0,0.0,0.0,0.0
23137,302.9,0.0,0.0,0.0,0.0
23138,316.6,0.0,0.0,0.0,0.0
23139,329.0,0.0,0.0,0.0,0.0
23140,335.0,0.0,0.0,0.0,0.0
23141,332.3,0.0,0.0,0.0,0.0
23142,324.5,0.0,0.0,0.0,0.0
23143,324.5,0.0,0.0,0.0,0.0
23144,328.8,0.0,0.0,0.0,0.0
23145,315.7,0.0,0.0,0.0,0.0
23146,306.7,0.0,0.0,0.0,0.0
23147,306.6,0.0,0.0,0.0,0.0
23148,316.2,0.0,0.0,0.0,0.0
23149,309.5,0.0,0.0,0.0,0.0
23150,286.2,0.0,0.0,0.0,0.0
23151,289.7,0.0,0.0,0.0,0.0
23152,293.0,0.0,0.0,0.0,0.0
23153,304.6,0.0,0.0,0.0,0.0
23154,351.9,0.0,0.0,0.0,0.0
23155,333.2,0.0,0.0,0.0,0.0
23156,306.4,0.0,0.0,0.0,0.0
23157,295.3,0.0,0.0,0.0,0.0
23158,274.8,0.0,0.0,0.0,0.0
23159,294.1,0.0,0.0,0.0,0.0
23160,292.8,0.0,0.0,0.0,0.0
23161,255.1,0.0,0.0,0.0,0.0
23162,263.1,0.0,0.0,0.0,0.0
23163,264.4,0.0,0.0,0.0,0.0
23164,245.9,0.0,0.0,0.0,0.0
23165,261.2,0.0,0.0,0.0,0.0
23166,244.3,0.0,0.0,0.0,0.0
23167,257.0,0.0,0.0,0.0,0.0
23168,281.2,0.0,0.0,0.0,0.0
23169,318.6,0.0,0.0,0.0,0.0
23170,319.0,0.0,0.0,0.0,0.0
23171,295.9,0.0,0.0,0.0,0.0
23172,294.9,0.0,0.0,0.0,0.0
23173,299.5,0.0,0.0,0.0,0.0
23174,292.2,0.0,0.0,0.0,0.0
23175,299.9,0.0,0.0,0.0,0.0
23176,304.1,0.0,0.0,0.0,0.0
23177,309.4,0.0,0.0,0.0,0.0
23178,300.5,0.0,0.0,0.0,0.0
23179,306.3,0.0,0.0,0.0,0.0
23180,326.3,0.0,0.0,0.0,0.0
23181,312.4,0.0,0.0,0.0,0.0
23182,304.0,0.0,0.0,0.0,0.0
23183,284.8,0.0,0.0,0.0,0.0
23184,273.6,0.0,0.0,0.0,0.0
23185,314.2,0.0,0.0,0.0,0.0
23186,280.0,0.0,0.0,0.0,0.0
23187,304.0,0.0,0.0,0.0,0.0
23188,335.9,0.0,0.0,0.0,0.0
23189,315.6,0.0,0.0,0.0,0.0
23190,324.8,0.0,0.0,0.0,0.0
23191,341.3,0.0,0.0,0.0,0.0
23192,332.7,0.0,0.0,0.0,0.0
23193,310.5,0.0,0.0,0.0,0.0
23194,318.1,0.0,0.0,0.0,0.0
23195,315.9,0.0,0.0,0.0,0.0
23196,316.1,0.0,0.0,0.0,0.0
23197,330.4,0.0,0.0,0.0,0.0
23198,317.7,0.0,0.0,0.0,0.0
23199,330.4,0.0,0.0,0.0,0.0
23200,324.4,0.0,0.0,0.0,0.0
23201,314.4,0.0,0.0,0.0,0.0
23202,307.7,0.0,0.0,0.0,0.0
23203,330.4,0.0,0.0,0.0,0.0
23204,293.2,0.0,0.0,0.0,0.0
23205,313.4,0.0,0.0,0.0,0.0
23206,308.4,0.0,0.0,0.0,0.0
23207,299.3,0.0,0.0,0.0,0.0
23208,301.0,0.0,0.0,0.0,0.0
23209,299.7,0.0,0.0,0.0,0.0
23210,302.2,0.0,0.0,0.0,0.0
23211,305.6,0.0,0.0,0.0,0.0
23212,313.1,0.0,0.0,0.0,0.0
23213,354.6,0.0,0.0,0.0,0.0
23214,310.2,0.0,0.0,0.0,0.0
23215,303.6,0.0,0.0,0.0,0.0
23216,309.3,0.0,0.0,0.0,0.0
23217,315.0,0.0,0.0,0.0,0.0
23218,307.3,0.0,0.0,0.0,0.0
23219,309.2,0.0,0.0,0.0,0.0
23220,277.1,0.0,0.0,0.0,0.0
23221,273.6,0.0,0.0,0.0,0.0
23222,274.5,0.0,0.0,0.0,0.0
23223,264.1,0.0,0.0,0.0,0.0
23224,263.5,0.0,0.0,0.0,0.0
23225,244.4,0.0,0.0,0.0,0.0
23226,248.7,0.0,0.0,0.0,0.0
23227,251.2,0.0,0.0,0.0,0.0
23228,253.4,0.0,0.0,0.0,0.0
23229,251.4,0.0,0.0,0.0,0.0
23230,251.3,0.0,0.0,0.0,0.0
23231,229.9,0.0,0.0,0.0,0.0
23232,226.3,0.0,0.0,0.0,0.0
23233,217.6,0.0,0.0,0.0,0.0
23234,250.2,0.0,0.0,0.0,0.0
23235,254.6,0.0,0.0,0.0,0.0
23236,259.2,0.0,0.0,0.0,0.0
23237,272.3,0.0,0.0,0.0,0.0
23238,271.0,0.0,0.0,0.0,0.0
23239,248.7,0.0,0.0,0.0,0.0
23240,238.0,0.0,0.0,0.0,0.0
23241,235.4,0.0,0.0,0.0,0.0
23242,226.9,0.0,0.0,0.0,0.0
23243,243.2,0.0,0.0,0.0,0.0
23244,232.0,0.0,0.0,0.0,0.0
23245,225.1,0.0,0.0,0.0,0.0
23246,208.6,0.0,0.0,0.0,0.0
23247,208.3,0.0,0.0,0.0,0.0
23248,217.4,0.0,0.0,0.0,0.0
23249,233.6,0.0,0.0,0.0,0.0
23250,204.8,0.0,0.0,0.0,0.0
23251,189.9,0.0,0.0,0.0,0.0
23252,209.8,0.0,0.0,0.0,0.0
23253,180.5,0.0,0.0,0.0,0.0
23254,149.8,0.0,0.0,0.0,0.0
23255,169.8,0.0,0.0,0.0,0.0
23256,160.9,0.0,0.0,0.0,0.0
23257,161.8,0.0,0.0,0.0,0.0
23258,180.8,0.0,0.0,0.0,0.0
23259,177.5,0.0,0.0,0.0,0.0
23260,172.8,0.0,0.0,0.0,0.0
23261,178.8,0.0,0.0,0.0,0.0
23262,180.0,0.0,0.0,0.0,0.0
23263,186.0,0.0,0.0,0.0,0.0
23264,179.6,0.0,0.0,0.0,0.0
23265,173.8,0.0,0.0,0.0,0.0
23266,170.5,0.0,0.0,0.0,0.0
23267,195.2,0.0,0.0,0.0,0.0
23268,183.8,0.0,0.0,0.0,0.0
23269,168.1,0.0,0.0,0.0,0.0
23270,181.5,0.0,0.0,0.0,0.0
23271,166.4,0.0,0.0,0.0,0.0
23272,201.8,0.0,0.0,0.0,0.0
23273,197.8,0.0,0.0,0.0,0.0
23274,180.2,0.0,0.0,0.0,0.0
23275,179.6,0.0,0.0,0.0,0.0
23276,171.9,0.0,0.0,0.0,0.0
23277,161.9,0.0,0.0,0.0,0.0
23278,164.0,0.0,0.0,0.0,0.0
23279,164.9,0.0,0.0,0.0,0.0
23280,173.6,0.0,0.0,0.0,0.0
23281,157.4,0.0,0.0,0.0,0.0
23282,163.2,0.0,0.0,0.0,0.0
23283,164.6,0.0,0.0,0.0,0.0
23284,154.4,0.0,0.0,0.0,0.0
23285,163.2,0.0,0.0,0.0,0.0
23286,159.4,0.0,0.0,0.0,0.0
23287,151.2,0.0,0.0,0.0,0.0
23288,159.9,0.0,0.0,0.0,0.0
23289,151.3,0.0,0.0,0.0,0.0
23290,152.1,0.0,0.0,0.0,0.0
23291,159.1,0.0,0.0,0.0,0.0
23292,161.0,0.0,0.0,0.0,0.0
23293,174.5,0.0,0.0,0.0,0.0
23294,162.7,0.0,0.0,0.0,0.0
23295,155.6,0.0,0.0,0.0,0.0
23296,169.4,0.0,0.0,0.0,0.0
23297,155.3,0.0,0.0,0.0,0.0
23298,158.5,0.0,0.0,0.0,0.0
23299,163.5,0.0,0.0,0.0,0.0
23300,166.0,0.0,0.0,0.0,0.0
23301,169.3,0.0,0.0,0.0,0.0
23302,162.1,0.0,0.0,0.0,0.0
23303,150.7,0.0,0.0,0.0,0.0
23304,143.3,0.0,0.0,0.0,0.0
23305,157.4,0.0,0.0,0.0,0.0
23306,149.7,0.0,0.0,0.0,0.0
23307,159.8,0.0,0.0,0.0,0.0
23308,140.5,0.0,0.0,0.0,0.0
23309,143.9,0.0,0.0,0.0,0.0
23310,141.4,0.0,0.0,0.0,0.0
23311,144.3,0.0,0.0,0.0,0.0
23312,140.7,0.0,0.0,0.0,0.0
23313,132.4,0.0,0.0,0.0,0.0
23314,143.7,0.0,0.0,0.0,0.0
23315,145.3,0.0,0.0,0.0,0.0
23316,178.8,0.0,0.0,0.0,0.0
23317,152.3,0.0,0.0,0.0,0.0
23318,133.7,0.0,0.0,0.0,0.0
23319,140.5,0.0,0.0,0.0,0.0
23320,128.7,0.0,0.0,0.0,0.0
23321,133.9,0.0,0.0,0.0,0.0
23322,125.3,0.0,0.0,0.0,0.0
23323,120.0,0.0,0.0,0.0,0.0
23324,110.5,0.0,0.0,0.0,0.0
23325,119.6,0.0,0.0,0.0,0.0
23326,112.1,0.0,0.0,0.0,0.0
23327,111.2,0.0,0.0,0.0,0.0
23328,123.3,0.0,0.0,0.0,0.0
23329,122.1,0.0,0.0,0.0,0.0
23330,110.7,0.0,0.0,0.0,0.0
23331,109.2,0.0,0.0,0.0,0.0
23332,94.8,0.0,0.0,0.0,0.0
23333,92.1,0.0,0.0,0.0,0.0
23334,88.1,0.0,0.0,0.0,0.0
23335,93.4,0.0,0.0,0.0,0.0
23336,90.0,0.0,0.0,0.0,0.0
23337,88.7,0.0,0.0,0.0,0.0
23338,90.5,0.0,0.0,0.0,0.0
23339,94.8,0.0,0.0,0.0,0.0
23340,99.9,0.0,0.0,0.0,0.0
23341,99.0,0.0,0.0,0.0,0.0
23342,95.0,0.0,0.0,0.0,0.0
23343,95.7,0.0,0.0,0.0,0.0
23344,95.7,0.0,0.0,0.0,0.0
23345,96.4,0.0,0.0,0.0,0.0
23346,97.1,0.0,0.0,0.0,0.0
23347,100.2,0.0,0.0,0.0,0.0
23348,99.6,0.0,0.0,0.0,0.0
23349,98.0,0.0,0.0,0.0,0.0
23350,93.4,0.0,0.0,0.0,0.0
23351,106.2,0.0,0.0,0.0,0.0
23352,95.0,0.0,0.0,0.0,0.0
23353,89.1,0.0,0.0,0.0,0.0
23354,98.5,0.0,0.0,0.0,0.0
23355,89.0,0.0,0.0,0.0,0.0
23356,89.9,0.0,0.0,0.0,0.0
23357,90.6,0.0,0.0,0.0,0.0
23358,93.7,0.0,0.0,0.0,0.0
23359,91.5,0.0,0.0,0.0,0.0
23360,88.4,0.0,0.0,0.0,0.0
23361,93.6,0.0,0.0,0.0,0.0
23362,90.0,0.0,0.0,0.0,0.0
23363,89.1,0.0,0.0,0.0,0.0
23364,94.5,0.0,0.0,0.0,0.0
23365,101.5,0.0,0.0,0.0,0.0
23366,94.1,0.0,0.0,0.0,0.0
23367,93.0,0.0,0.0,0.0,0.0
23368,107.8,0.0,0.0,0.0,0.0
23369,99.3,0.0,0.0,0.0,0.0
23370,93.8,0.0,0.0,0.0,0.0
23371,95.9,0.0,0.0,0.0,0.0
23372,98.5,0.0,0.0,0.0,0.0
23373,97.4,0.0,0.0,0.0,0.0
23374,89.1,0.0,0.0,0.0,0.0
23375,93.5,0.0,0.0,0.0,0.0
23376,86.5,0.0,0.0,0.0,0.0
23377,90.7,0.0,0.0,0.0,0.0
23378,94.7,0.0,0.0,0.0,0.0
23379,90.6,0.0,0.0,0.0,0.0
23380,86.6,0.0,0.0,0.0,0.0
23381,78.0,0.0,0.0,0.0,0.0
23382,83.6,0.0,0.0,0.0,0.0
23383,77.0,0.0,0.0,0.0,0.0
23384,81.4,0.0,0.0,0.0,0.0
23385,81.9,0.0,0.0,0.0,0.0
23386,91.5,0.0,0.0,0.0,0.0
23387,92.1,0.0,0.0,0.0,0.0
23388,89.6,0.0,0.0,0.0,0.0
23389,81.0,0.0,0.0,0.0,0.0
23390,80.5,0.0,0.0,0.0,0.0
23391,79.6,0.0,0.0,0.0,0.0
23392,85.2,0.0,0.0,0.0,0.0
23393,85.8,0.0,0.0,0.0,0.0
23394,83.1,0.0,0.0,0.0,0.0
23395,82.4,0.0,0.0,0.0,0.0
23396,78.9,0.0,0.0,0.0,0.0
23397,82.7,0.0,0.0,0.0,0.0
23398,85.2,0.0,0.0,0.0,0.0
23399,82.6,0.0,0.0,0.0,0.0
23400,90.4,0.0,0.0,0.0,0.0
23401,80.1,0.0,0.0,0.0,0.0
23402,74.2,0.0,0.0,0.0,0.0
23403,89.3,0.0,0.0,0.0,0.0
23404,97.6,0.0,0.0,0.0,0.0
23405,92.8,0.0,0.0,0.0,0.0
23406,88.2,0.0,0.0,0.0,0.0
23407,97.9,0.0,0.0,0.0,0.0
23408,98.1,0.0,0.0,0.0,0.0
23409,95.6,0.0,0.0,0.0,0.0
23410,98.2,0.0,0.0,0.0,0.0
23411,97.6,0.0,0.0,0.0,0.0
23412,92.3,0.0,0.0,0.0,0.0
23413,97.0,0.0,0.0,0.0,0.0
23414,94.9,0.0,0.0,0.0,0.0
23415,110.1,0.0,0.0,0.0,0.0
23416,110.3,0.0,0.0,0.0,0.0
23417,118.8,0.0,0.0,0.0,0.0
23418,100.0,0.0,0.0,0.0,0.0
23419,102.3,0.0,0.0,0.0,0.0
23420,92.5,0.0,0.0,0.0,0.0
23421,84.4,0.0,0.0,0.0,0.0
23422,76.7,0.0,0.0,0.0,0.0
23423,73.1,0.0,0.0,0.0,0.0
23424,79.5,0.0,0.0,0.0,0.0
23425,73.8,0.0,0.0,0.0,0.0
23426,105.8,0.0,0.0,0.0,0.0
23427,69.0,0.0,0.0,0.0,0.0
23428,73.1,0.0,0.0,0.0,0.0
23429,76.0,0.0,0.0,0.0,0.0
23430,79.1,0.0,0.0,0.0,0.0
23431,80.1,0.0,0.0,0.0,0.0
23432,85.1,0.0,0.0,0.0,0.0
23433,89.9,0.0,0.0,0.0,0.0
23434,63.6,0.0,0.0,0.0,0.0
23435,69.4,0.0,0.0,0.0,0.0
23436,80.6,0.0,0.0,0.0,0.0
23437,74.0,0.0,0.0,0.0,0.0
23438,81.5,0.0,0.0,0.0,0.0
23439,67.3,0.0,0.0,0.0,0.0
23440,70.7,0.0,0.0,0.0,0.0
23441,55.5,0.0,0.0,0.0,0.0
23442,67.4,0.0,0.0,0.0,0.0
23443,76.4,0.0,0.0,0.0,0.0
23444,49.1,0.0,0.0,0.0,0.0
23445,55.7,0.0,0.0,0.0,0.0
23446,52.9,0.0,0.0,0.0,0.0
23447,34.7,0.0,0.0,0.0,0.0
23448,47.1,0.0,0.0,0.0,0.0
23449,53.8,0.0,0.0,0.0,0.0
23450,57.5,0.0,0.0,0.0,0.0
23451,75.5,0.0,0.0,0.0,0.0
23452,71.2,0.0,0.0,0.0,0.0
23453,87.7,0.0,0.0,0.0,0.0
23454,106.9,0.0,0.0,0.0,0.0
23455,71.6,0.0,0.0,0.0,0.0
23456,75.0,0.0,0.0,0.0,0.0
23457,75.9,0.0,0.0,0.0,0.0
23458,84.2,0.0,0.0,0.0,0.0
23459,87.9,0.0,0.0,0.0,0.0
23460,85.3,0.0,0.0,0.0,0.0
23461,88.8,0.0,0.0,0.0,0.0
23462,71.5,0.0,0.0,0.0,0.0
23463,89.9,0.0,0.0,0.0,0.0
23464,43.8,0.0,0.0,0.0,0.0
23465,50.7,0.0,0.0,0.0,0.0
23466,62.7,0.0,0.0,0.0,0.0
23467,35.2,0.0,0.0,0.0,0.0
23468,55.8,0.0,0.0,0.0,0.0
23469,60.9,0.0,0.0,0.0,0.0
23470,31.9,0.0,0.0,0.0,0.0
23471,16.8,0.0,0.0,0.0,0.0
23472,33.4,0.0,0.0,0.0,0.0
23473,38.2,0.0,0.0,0.0,0.0
23474,21.9,0.0,0.0,0.0,0.0
23475,26.1,0.0,0.0,0.0,0.0
23476,42.8,0.0,0.0,0.0,0.0
23477,47.6,0.0,0.0,0.0,0.0
23478,42.3,0.0,0.0,0.0,0.0
23479,78.8,0.0,0.0,0.0,0.0
23480,64.1,0.0,0.0,0.0,0.0
23481,77.9,0.0,0.0,0.0,0.0
23482,77.4,0.0,0.0,0.0,0.0
23483,75.7,0.0,0.0,0.0,0.0
23484,101.1,0.0,0.0,0.0,0.0
23485,96.4,0.0,0.0,0.0,0.0
23486,106.8,0.0,0.0,0.0,0.0
23487,103.9,0.0,0.0,0.0,0.0
23488,110.1,0.0,0.0,0.0,0.0
23489,92.4,0.0,0.0,0.0,0.0
23490,89.8,0.0,0.0,0.0,0.0
23491,109.0,0.0,0.0,0.0,0.0
23492,92.7,0.0,0.0,0.0,0.0
23493,105.6,0.0,0.0,0.0,0.0
23494,99.4,0.0,0.0,0.0,0.0
23495,107.0,0.0,0.0,0.0,0.0
23496,111.7,0.0,0.0,0.0,0.0
23497,131.1,0.0,0.0,0.0,0.0
23498,150.1,0.0,0.0,0.0,0.0
23499,146.6,0.0,0.0,0.0,0.0
23500,150.4,0.0,0.0,0.0,0.0
23501,148.7,0.0,0.0,0.0,0.0
23502,171.4,0.0,0.0,0.0,0.0
23503,196.9,0.0,0.0,0.0,0.0
23504,194.7,0.0,0.0,0.0,0.0
23505,213.5,0.0,0.0,0.0,0.0
23506,208.2,0.0,0.0,0.0,0.0
23507,198.4,0.0,0.0,0.0,0.0
23508,199.4,0.0,0.0,0.0,0.0
23509,189.2,0.0,0.0,0.0,0.0
23510,206.8,0.0,0.0,0.0,0.0
23511,208.2,0.0,0.0,0.0,0.0
23512,211.9,0.0,0.0,0.0,0.0
23513,231.8,0.0,0.0,0.0,0.0
23514,212.8,0.0,0.0,0.0,0.0
23515,185.1,0.0,0.0,0.0,0.0
23516,198.2,0.0,0.0,0.0,0.0
23517,203.1,0.0,0.0,0.0,0.0
23518,215.6,0.0,0.0,0.0,0.0
23519,206.4,0.0,0.0,0.0,0.0
23520,210.0,0.0,0.0,0.0,0.0
23521,218.0,0.0,0.0,0.0,0.0
23522,225.9,0.0,0.0,0.0,0.0
23523,218.0,0.0,0.0,0.0,0.0
23524,223.0,0.0,0.0,0.0,0.0
23525,192.2,0.0,0.0,0.0,0.0
23526,233.7,0.0,0.0,0.0,0.0
23527,229.2,0.0,0.0,0.0,0.0
23528,223.2,0.0,0.0,0.0,0.0
23529,224.7,0.0,0.0,0.0,0.0
23530,217.6,0.0,0.0,0.0,0.0
23531,201.8,0.0,0.0,0.0,0.0
23532,212.8,0.0,0.0,0.0,0.0
23533,204.4,0.0,0.0,0.0,0.0
23534,203.1,0.0,0.0,0.0,0.0
23535,194.8,0.0,0.0,0.0,0.0
23536,199.0,0.0,0.0,0.0,0.0
23537,171.3,0.0,0.0,0.0,0.0
23538,220.0,0.0,0.0,0.0,0.0
23539,206.0,0.0,0.0,0.0,0.0
23540,226.6,0.0,0.0,0.0,0.0
23541,210.7,0.0,0.0,0.0,0.0
23542,200.5,0.0,0.0,0.0,0.0
23543,214.9,0.0,0.0,0.0,0.0
23544,211.4,0.0,0.0,0.0,0.0
23545,217.2,0.0,0.0,0.0,0.0
23546,215.7,0.0,0.0,0.0,0.0
23547,244.7,0.0,0.0,0.0,0.0
23548,263.5,0.0,0.0,0.0,0.0
23549,263.5,0.0,0.0,0.0,0.0
23550,257.2,0.0,0.0,0.0,0.0
23551,276.9,0.0,0.0,0.0,0.0
23552,275.7,0.0,0.0,0.0,0.0
23553,260.4,0.0,0.0,0.0,0.0
23554,250.7,0.0,0.0,0.0,0.0
23555,242.4,0.0,0.0,0.0,0.0
23556,250.5,0.0,0.0,0.0,0.0
23557,245.6,0.0,0.0,0.0,0.0
23558,205.6,0.0,0.0,0.0,0.0
23559,165.6,0.0,0.0,0.0,0.0
23560,178.7,0.0,0.0,0.0,0.0
23561,197.4,0.0,0.0,0.0,0.0
23562,179.3,0.0,0.0,0.0,0.0
23563,181.5,0.0,0.0,0.0,0.0
23564,179.9,0.0,0.0,0.0,0.0
23565,178.8,0.0,0.0,0.0,0.0
23566,176.9,0.0,0.0,0.0,0.0
23567,203.5,0.0,0.0,0.0,0.0
23568,196.4,0.0,0.0,0.0,0.0
23569,198.3,0.0,0.0,0.0,0.0
23570,202.4,0.0,0.0,0.0,0.0
23571,210.4,0.0,0.0,0.0,0.0
23572,195.3,0.0,0.0,0.0,0.0
23573,203.1,0.0,0.0,0.0,0.0
23574,208.5,0.0,0.0,0.0,0.0
23575,193.5,0.0,0.0,0.0,0.0
23576,194.6,0.0,0.0,0.0,0.0
23577,193.2,0.0,0.0,0.0,0.0
23578,209.9,0.0,0.0,0.0,0.0
23579,201.4,0.0,0.0,0.0,0.0
23580,207.0,0.0,0.0,0.0,0.0
23581,192.2,0.0,0.0,0.0,0.0
23582,200.5,0.0,0.0,0.0,0.0
23583,205.2,0.0,0.0,0.0,0.0
23584,193.8,0.0,0.0,0.0,0.0
23585,217.3,0.0,0.0,0.0,0.0
23586,186.7,0.0,0.0,0.0,0.0
23587,184.2,0.0,0.0,0.0,0.0
23588,178.1,0.0,0.0,0.0,0.0
23589,207.3,0.0,0.0,0.0,0.0
23590,183.7,0.0,0.0,0.0,0.0
23591,186.7,0.0,0.0,0.0,0.0
23592,216.5,0.0,0.0,0.0,0.0
23593,175.6,0.0,0.0,0.0,0.0
23594,220.8,0.0,0.0,0.0,0.0
23595,216.0,0.0,0.0,0.0,0.0
23596,179.1,0.0,0.0,0.0,0.0
23597,175.4,0.0,0.0,0.0,0.0
23598,166.6,0.0,0.0,0.0,0.0
23599,162.4,0.0,0.0,0.0,0.0
23600,152.7,0.0,0.0,0.0,0.0
23601,160.9,0.0,0.0,0.0,0.0
23602,152.2,0.0,0.0,0.0,0.0
23603,166.7,0.0,0.0,0.0,0.0
23604,154.2,0.0,0.0,0.0,0.0
23605,151.9,0.0,0.0,0.0,0.0
23606,146.7,0.0,0.0,0.0,0.0
23607,149.4,0.0,0.0,0.0,0.0
23608,157.3,0.0,0.0,0.0,0.0
23609,154.5,0.0,0.0,0.0,0.0
23610,156.6,0.0,0.0,0.0,0.0
23611,147.6,0.0,0.0,0.0,0.0
23612,178.0,0.0,0.0,0.0,0.0
23613,163.8,0.0,0.0,0.0,0.0
23614,186.0,0.0,0.0,0.0,0.0
23615,184.9,0.0,0.0,0.0,0.0
23616,202.6,0.0,0.0,0.0,0.0
23617,181.6,0.0,0.0,0.0,0.0
23618,188.2,0.0,0.0,0.0,0.0
23619,195.3,0.0,0.0,0.0,0.0
23620,186.7,0.0,0.0,0.0,0.0
23621,204.9,0.0,0.0,0.0,0.0
23622,184.9,0.0,0.0,0.0,0.0
23623,181.1,0.0,0.0,0.0,0.0
23624,177.1,0.0,0.0,0.0,0.0
23625,177.3,0.0,0.0,0.0,0.0
23626,165.3,0.0,0.0,0.0,0.0
23627,163.9,0.0,0.0,0.0,0.0
23628,159.4,0.0,0.0,0.0,0.0
23629,178.2,0.0,0.0,0.0,0.0
23630,161.1,0.0,0.0,0.0,0.0
23631,169.4,0.0,0.0,0.0,0.0
23632,166.4,0.0,0.0,0.0,0.0
23633,147.7,0.0,0.0,0.0,0.0
23634,162.3,0.0,0.0,0.0,0.0
23635,154.6,0.0,0.0,0.0,0.0
23636,146.8,0.0,0.0,0.0,0.0
23637,160.6,0.0,0.0,0.0,0.0
23638,143.9,0.0,0.0,0.0,0.0
23639,153.8,0.0,0.0,0.0,0.0
23640,146.6,0.0,0.0,0.0,0.0
23641,156.9,0.0,0.0,0.0,0.0
23642,145.4,0.0,0.0,0.0,0.0
23643,137.3,0.0,0.0,0.0,0.0
23644,120.0,0.0,0.0,0.0,0.0
23645,98.5,0.0,0.0,0.0,0.0
23646,120.5,0.0,0.0,0.0,0.0
23647,124.3,0.0,0.0,0.0,0.0
23648,121.3,0.0,0.0,0.0,0.0
23649,121.0,0.0,0.0,0.0,0.0
23650,130.2,0.0,0.0,0.0,0.0
23651,133.5,0.0,0.0,0.0,0.0
23652,118.5,0.0,0.0,0.0,0.0
23653,115.1,0.0,0.0,0.0,0.0
23654,125.6,0.0,0.0,0.0,0.0
23655,134.2,0.0,0.0,0.0,0.0
23656,110.8,0.0,0.0,0.0,0.0
23657,128.4,0.0,0.0,0.0,0.0
23658,113.0,0.0,0.0,0.0,0.0
23659,116.6,0.0,0.0,0.0,0.0
23660,100.5,0.0,0.0,0.0,0.0
23661,88.6,0.0,0.0,0.0,0.0
23662,108.8,0.0,0.0,0.0,0.0
23663,102.3,0.0,0.0,0.0,0.0
23664,120.9,0.0,0.0,0.0,0.0
23665,92.3,0.0,0.0,0.0,0.0
23666,105.7,0.0,0.0,0.0,0.0
23667,98.3,0.0,0.0,0.0,0.0
23668,97.0,0.0,0.0,0.0,0.0
23669,85.2,0.0,0.0,0.0,0.0
23670,84.7,0.0,0.0,0.0,0.0
23671,103.5,0.0,0.0,0.0,0.0
23672,141.9,0.0,0.0,0.0,0.0
23673,69.6,0.0,0.0,0.0,0.0
23674,72.7,0.0,0.0,0.0,0.0
23675,121.0,0.0,0.0,0.0,0.0
23676,119.5,0.0,0.0,0.0,0.0
23677,128.2,0.0,0.0,0.0,0.0
23678,78.7,0.0,0.0,0.0,0.0
23679,69.4,0.0,0.0,0.0,0.0
23680,131.2,0.0,0.0,0.0,0.0
23681,80.2,0.0,0.0,0.0,0.0
23682,71.9,0.0,0.0,0.0,0.0
23683,123.2,0.0,0.0,0.0,0.0
23684,132.8,0.0,0.0,0.0,0.0
23685,135.5,0.0,0.0,0.0,0.0
23686,141.0,0.0,0.0,0.0,0.0
23687,143.4,0.0,0.0,0.0,0.0
23688,137.4,0.0,0.0,0.0,0.0
23689,141.3,0.0,0.0,0.0,0.0
23690,140.7,0.0,0.0,0.0,0.0
23691,122.8,0.0,0.0,0.0,0.0
23692,139.1,0.0,0.0,0.0,0.0
23693,129.8,0.0,0.0,0.0,0.0
23694,140.0,0.0,0.0,0.0,0.0
23695,134.1,0.0,0.0,0.0,0.0
23696,124.7,0.0,0.0,0.0,0.0
23697,120.8,0.0,0.0,0.0,0.0
23698,122.4,0.0,0.0,0.0,0.0
23699,103.1,0.0,0.0,0.0,0.0
23700,102.3,0.0,0.0,0.0,0.0
23701,126.3,0.0,0.0,0.0,0.0
23702,113.7,0.0,0.0,0.0,0.0
23703,124.8,0.0,0.0,0.0,0.0
23704,111.9,0.0,0.0,0.0,0.0
23705,103.4,0.0,0.0,0.0,0.0
23706,110.4,0.0,0.0,0.0,0.0
23707,107.5,0.0,0.0,0.0,0.0
23708,110.9,0.0,0.0,0.0,0.0
23709,105.2,0.0,0.0,0.0,0.0
23710,110.0,0.0,0.0,0.0,0.0
23711,104.2,0.0,0.0,0.0,0.0
23712,98.1,0.0,0.0,0.0,0.0
23713,69.7,0.0,0.0,0.0,0.0
23714,90.7,0.0,0.0,0.0,0.0
23715,91.9,0.0,0.0,0.0,0.0
23716,63.7,0.0,0.0,0.0,0.0
23717,59.6,0.0,0.0,0.0,0.0
23718,79.3,0.0,0.0,0.0,0.0
23719,81.6,0.0,0.0,0.0,0.0
23720,24.9,0.0,0.0,0.0,0.0
23721,11.6,0.0,0.0,0.0,0.0
23722,23.4,0.0,0.0,0.0,0.0
23723,51.9,0.0,0.0,0.0,0.0
23724,24.9,0.0,0.0,0.0,0.0
23725,46.0,0.0,0.0,0.0,0.0
23726,56.7,0.0,0.0,0.0,0.0
23727,64.6,0.0,0.0,0.0,0.0
23728,23.4,0.0,0.0,0.0,0.0
23729,9.3,0.0,0.0,0.0,0.0
23730,38.7,0.0,0.0,0.0,0.0
23731,53.7,0.0,0.0,0.0,0.0
23732,63.3,0.0,0.0,0.0,0.0
23733,52.5,0.0,0.0,0.0,0.0
23734,18.3,0.0,0.0,0.0,0.0
23735,26.8,0.0,0.0,0.0,0.0
23736,49.6,0.0,0.0,0.0,0.0
23737,41.3,0.0,0.0,0.0,0.0
23738,42.4,0.0,0.0,0.0,0.0
23739,63.7,0.0,0.0,0.0,0.0
23740,76.0,0.0,0.0,0.0,0.0
23741,79.9,0.0,0.0,0.0,0.0
23742,85.1,0.0,0.0,0.0,0.0
23743,62.1,0.0,0.0,0.0,0.0
23744,101.5,0.0,0.0,0.0,0.0
23745,77.6,0.0,0.0,0.0,0.0
23746,87.6,0.0,0.0,0.0,0.0
23747,65.0,0.0,0.0,0.0,0.0
23748,78.4,0.0,0.0,0.0,0.0
23749,83.3,0.0,0.0,0.0,0.0
23750,90.5,0.0,0.0,0.0,0.0
23751,89.5,0.0,0.0,0.0,0.0
23752,90.1,0.0,0.0,0.0,0.0
23753,90.0,0.0,0.0,0.0,0.0
23754,121.0,0.0,0.0,0.0,0.0
23755,102.5,0.0,0.0,0.0,0.0
23756,70.5,0.0,0.0,0.0,0.0
23757,79.9,0.0,0.0,0.0,0.0
23758,71.6,0.0,0.0,0.0,0.0
23759,79.0,0.0,0.0,0.0,0.0
23760,124.0,0.0,0.0,0.0,0.0
23761,88.3,0.0,0.0,0.0,0.0
23762,83.9,0.0,0.0,0.0,0.0
23763,52.8,0.0,0.0,0.0,0.0
23764,96.9,0.0,0.0,0.0,0.0
23765,102.8,0.0,0.0,0.0,0.0
23766,59.4,0.0,0.0,0.0,0.0
23767,66.1,0.0,0.0,0.0,0.0
23768,123.4,0.0,0.0,0.0,0.0
23769,63.3,0.0,0.0,0.0,0.0
23770,105.6,0.0,0.0,0.0,0.0
23771,102.9,0.0,0.0,0.0,0.0
23772,105.5,0.0,0.0,0.0,0.0
23773,58.4,0.0,0.0,0.0,0.0
23774,60.1,0.0,0.0,0.0,0.0
23775,127.2,0.0,0.0,0.0,0.0
23776,61.0,0.0,0.0,0.0,0.0
23777,104.4,0.0,0.0,0.0,0.0
23778,49.9,0.0,0.0,0.0,0.0
23779,13.4,0.0,0.0,0.0,0.0
23780,18.1,0.0,0.0,0.0,0.0
23781,72.1,0.0,0.0,0.0,0.0
23782,13.9,0.0,0.0,0.0,0.0
23783,53.6,0.0,0.0,0.0,0.0
23784,34.7,0.0,0.0,0.0,0.0
23785,36.9,0.0,0.0,0.0,0.0
23786,32.3,0.0,0.0,0.0,0.0
23787,37.6,0.0,0.0,0.0,0.0
23788,58.6,0.0,0.0,0.0,0.0
23789,45.8,0.0,0.0,0.0,0.0
23790,30.8,0.0,0.0,0.0,0.0
23791,54.3,0.0,0.0,0.0,0.0
23792,60.3,0.0,0.0,0.0,0.0
23793,53.7,0.0,0.0,0.0,0.0
23794,64.2,0.0,0.0,0.0,0.0
23795,65.0,0.0,0.0,0.0,0.0
23796,65.9,0.0,0.0,0.0,0.0
23797,78.5,0.0,0.0,0.0,0.0
23798,81.8,0.0,0.0,0.0,0.0
23799,84.5,0.0,0.0,0.0,0.0
23800,84.0,0.0,0.0,0.0,0.0
23801,58.8,0.0,0.0,0.0,0.0
23802,77.9,0.0,0.0,0.0,0.0
23803,96.5,0.0,0.0,0.0,0.0
23804,92.5,0.0,0.0,0.0,0.0
23805,98.7,0.0,0.0,0.0,0.0
23806,82.7,0.0,0.0,0.0,0.0
23807,86.7,0.0,0.0,0.0,0.0
23808,58.1,0.0,0.0,0.0,0.0
23809,95.9,0.0,0.0,0.0,0.0
23810,76.3,0.0,0.0,0.0,0.0
23811,102.1,0.0,0.0,0.0,0.0
23812,97.3,0.0,0.0,0.0,0.0
23813,91.8,0.0,0.0,0.0,0.0
23814,95.4,0.0,0.0,0.0,0.0
23815,97.6,0.0,0.0,0.0,0.0
23816,59.5,0.0,0.0,0.0,0.0
23817,96.2,0.0,0.0,0.0,0.0
23818,91.1,0.0,0.0,0.0,0.0
23819,86.4,0.0,0.0,0.0,0.0
23820,95.7,0.0,0.0,0.0,0.0
23821,87.8,0.0,0.0,0.0,0.0
23822,76.4,0.0,0.0,0.0,0.0
23823,90.9,0.0,0.0,0.0,0.0
23824,94.3,0.0,0.0,0.0,0.0
23825,84.4,0.0,0.0,0.0,0.0
23826,96.3,0.0,0.0,0.0,0.0
23827,84.7,0.0,0.0,0.0,0.0
23828,92.8,0.0,0.0,0.0,0.0
23829,60.3,0.0,0.0,0.0,0.0
23830,95.1,0.0,0.0,0.0,0.0
23831,80.5,0.0,0.0,0.0,0.0
23832,93.6,0.0,0.0,0.0,0.0
23833,92.2,0.0,0.0,0.0,0.0
23834,82.1,0.0,0.0,0.0,0.0
23835,84.2,0.0,0.0,0.0,0.0
23836,85.0,0.0,0.0,0.0,0.0
23837,83.4,0.0,0.0,0.0,0.0
23838,87.6,0.0,0.0,0.0,0.0
23839,100.2,0.0,0.0,0.0,0.0
23840,65.6,0.0,0.0,0.0,0.0
23841,82.9,0.0,0.0,0.0,0.0
23842,76.5,0.0,0.0,0.0,0.0
23843,65.5,0.0,0.0,0.0,0.0
23844,91.2,0.0,0.0,0.0,0.0
23845,81.9,0.0,0.0,0.0,0.0
23846,89.6,0.0,0.0,0.0,0.0
23847,101.6,0.0,0.0,0.0,0.0
23848,115.9,0.0,0.0,0.0,0.0
23849,110.9,0.0,0.0,0.0,0.0
23850,102.0,0.0,0.0,0.0,0.0
23851,113.3,0.0,0.0,0.0,0.0
23852,125.5,0.0,0.0,0.0,0.0
23853,133.7,0.0,0.0,0.0,0.0
23854,137.2,0.0,0.0,0.0,0.0
23855,165.6,0.0,0.0,0.0,0.0
23856,170.8,0.0,0.0,0.0,0.0
23857,213.8,0.0,0.0,0.0,0.0
23858,185.1,0.0,0.0,0.0,0.0
23859,189.5,0.0,0.0,0.0,0.0
23860,199.3,0.0,0.0,0.0,0.0
23861,189.6,0.0,0.0,0.0,0.0
23862,196.0,0.0,0.0,0.0,0.0
23863,187.3,0.0,0.0,0.0,0.0
23864,208.5,0.0,0.0,0.0,0.0
23865,198.0,0.0,0.0,0.0,0.0
23866,216.3,0.0,0.0,0.0,0.0
23867,203.7,0.0,0.0,0.0,0.0
23868,178.1,0.0,0.0,0.0,0.0
23869,218.0,0.0,0.0,0.0,0.0
23870,206.6,0.0,0.0,0.0,0.0
23871,203.9,0.0,0.0,0.0,0.0
23872,220.3,0.0,0.0,0.0,0.0
23873,201.5,0.0,0.0,0.0,0.0
23874,209.9,0.0,0.0,0.0,0.0
23875,245.4,0.0,0.0,0.0,0.0
23876,156.6,0.0,0.0,0.0,0.0
23877,196.9,0.0,0.0,0.0,0.0
23878,202.6,0.0,0.0,0.0,0.0
23879,209.3,0.0,0.0,0.0,0.0
23880,218.4,0.0,0.0,0.0,0.0
23881,182.6,0.0,0.0,0.0,0.0
23882,219.2,0.0,0.0,0.0,0.0
23883,219.3,0.0,0.0,0.0,0.0
23884,208.7,0.0,0.0,0.0,0.0
23885,197.3,0.0,0.0,0.0,0.0
23886,197.0,0.0,0.0,0.0,0.0
23887,201.4,0.0,0.0,0.0,0.0
23888,193.2,0.0,0.0,0.0,0.0
23889,213.2,0.0,0.0,0.0,0.0
23890,199.5,0.0,0.0,0.0,0.0
23891,187.9,0.0,0.0,0.0,0.0
23892,194.0,0.0,0.0,0.0,0.0
23893,176.5,0.0,0.0,0.0,0.0
23894,179.4,0.0,0.0,0.0,0.0
23895,173.2,0.0,0.0,0.0,0.0
23896,187.7,0.0,0.0,0.0,0.0
23897,191.4,0.0,0.0,0.0,0.0
23898,181.4,0.0,0.0,0.0,0.0
23899,183.7,0.0,0.0,0.0,0.0
23900,193.1,0.0,0.0,0.0,0.0
23901,165.8,0.0,0.0,0.0,0.0
23902,167.0,0.0,0.0,0.0,0.0
23903,174.2,0.0,0.0,0.0,0.0
23904,163.0,0.0,0.0,0.0,0.0
23905,180.2,0.0,0.0,0.0,0.0
23906,171.2,0.0,0.0,0.0,0.0
23907,196.8,0.0,0.0,0.0,0.0
23908,183.8,0.0,0.0,0.0,0.0
23909,171.4,0.0,0.0,0.0,0.0
23910,172.1,0.0,0.0,0.0,0.0
23911,178.2,0.0,0.0,0.0,0.0
23912,163.2,0.0,0.0,0.0,0.0
23913,166.3,0.0,0.0,0.0,0.0
23914,183.1,0.0,0.0,0.0,0.0
23915,161.2,0.0,0.0,0.0,0.0
23916,169.8,0.0,0.0,0.0,0.0
23917,163.0,0.0,0.0,0.0,0.0
23918,167.1,0.0,0.0,0.0,0.0
23919,163.2,0.0,0.0,0.0,0.0
23920,172.9,0.0,0.0,0.0,0.0
23921,166.9,0.0,0.0,0.0,0.0
23922,146.2,0.0,0.0,0.0,0.0
23923,145.8,0.0,0.0,0.0,0.0
23924,155.9,0.0,0.0,0.0,0.0
23925,165.4,0.0,0.0,0.0,0.0
23926,182.7,0.0,0.0,0.0,0.0
23927,170.6,0.0,0.0,0.0,0.0
23928,171.6,0.0,0.0,0.0,0.0
23929,162.3,0.0,0.0,0.0,0.0
23930,169.3,0.0,0.0,0.0,0.0
23931,157.8,0.0,0.0,0.0,0.0
23932,166.6,0.0,0.0,0.0,0.0
23933,174.2,0.0,0.0,0.0,0.0
23934,179.6,0.0,0.0,0.0,0.0
23935,168.9,0.0,0.0,0.0,0.0
23936,176.3,0.0,0.0,0.0,0.0
23937,165.5,0.0,0.0,0.0,0.0
23938,164.5,0.0,0.0,0.0,0.0
23939,166.0,0.0,0.0,0.0,0.0
23940,170.2,0.0,0.0,0.0,0.0
23941,144.9,0.0,0.0,0.0,0.0
23942,172.2,0.0,0.0,0.0,0.0
23943,140.3,0.0,0.0,0.0,0.0
23944,155.2,0.0,0.0,0.0,0.0
23945,164.5,0.0,0.0,0.0,0.0
23946,151.6,0.0,0.0,0.0,0.0
23947,151.6,0.0,0.0,0.0,0.0
23948,161.3,0.0,0.0,0.0,0.0
23949,160.7,0.0,0.0,0.0,0.0
23950,152.8,0.0,0.0,0.0,0.0
23951,174.8,0.0,0.0,0.0,0.0
23952,158.3,0.0,0.0,0.0,0.0
23953,157.2,0.0,0.0,0.0,0.0
23954,153.7,0.0,0.0,0.0,0.0
23955,158.2,0.0,0.0,0.0,0.0
23956,164.5,0.0,0.0,0.0,0.0
23957,150.1,0.0,0.0,0.0,0.0
23958,153.7,0.0,0.0,0.0,0.0
23959,156.4,0.0,0.0,0.0,0.0
23960,156.1,0.0,0.0,0.0,0.0
23961,156.8,0.0,0.0,0.0,0.0
23962,154.3,0.0,0.0,0.0,0.0
23963,145.7,0.0,0.0,0.0,0.0
23964,154.7,0.0,0.0,0.0,0.0
23965,147.8,0.0,0.0,0.0,0.0
23966,154.8,0.0,0.0,0.0,0.0
23967,183.6,0.0,0.0,0.0,0.0
23968,171.8,0.0,0.0,0.0,0.0
23969,152.2,0.0,0.0,0.0,0.0
23970,155.8,0.0,0.0,0.0,0.0
23971,134.4,0.0,0.0,0.0,0.0
23972,155.3,0.0,0.0,0.0,0.0
23973,149.1,0.0,0.0,0.0,0.0
23974,162.8,0.0,0.0,0.0,0.0
23975,163.2,0.0,0.0,0.0,0.0
23976,136.2,0.0,0.0,0.0,0.0
23977,173.0,0.0,0.0,0.0,0.0
23978,155.6,0.0,0.0,0.0,0.0
23979,152.7,0.0,0.0,0.0,0.0
23980,135.1,0.0,0.0,0.0,0.0
23981,157.4,0.0,0.0,0.0,0.0
23982,158.8,0.0,0.0,0.0,0.0
23983,142.5,0.0,0.0,0.0,0.0
23984,154.6,0.0,0.0,0.0,0.0
23985,142.3,0.0,0.0,0.0,0.0
23986,156.4,0.0,0.0,0.0,0.0
23987,164.4,0.0,0.0,0.0,0.0
23988,167.2,0.0,0.0,0.0,0.0
23989,160.0,0.0,0.0,0.0,0.0
23990,176.0,0.0,0.0,0.0,0.0
23991,161.8,0.0,0.0,0.0,0.0
23992,163.9,0.0,0.0,0.0,0.0
23993,143.0,0.0,0.0,0.0,0.0
23994,174.8,0.0,0.0,0.0,0.0
23995,181.3,0.0,0.0,0.0,0.0
23996,156.1,0.0,0.0,0.0,0.0
23997,167.5,0.0,0.0,0.0,0.0
23998,180.8,0.0,0.0,0.0,0.0
23999,147.7,0.0,0.0,0.0,0.0
24000,137.3,0.0,0.0,0.0,0.0
24001,139.9,0.0,0.0,0.0,0.0
24002,141.0,0.0,0.0,0.0,0.0
24003,145.9,0.0,0.0,0.0,0.0
24004,172.4,0.0,0.0,0.0,0.0
24005,154.4,0.0,0.0,0.0,0.0
24006,140.5,0.0,0.0,0.0,0.0
24007,146.4,0.0,0.0,0.0,0.0
24008,170.5,0.0,0.0,0.0,0.0
24009,154.6,0.0,0.0,0.0,0.0
24010,163.8,0.0,0.0,0.0,0.0
24011,142.1,0.0,0.0,0.0,0.0
24012,145.2,0.0,0.0,0.0,0.0
24013,157.9,0.0,0.0,0.0,0.0
24014,144.6,0.0,0.0,0.0,0.0
24015,164.7,0.0,0.0,0.0,0.0
24016,164.1,0.0,0.0,0.0,0.0
24017,163.2,0.0,0.0,0.0,0.0
24018,151.1,0.0,0.0,0.0,0.0
24019,163.2,0.0,0.0,0.0,0.0
24020,165.6,0.0,0.0,0.0,0.0
24021,185.0,0.0,0.0,0.0,0.0
24022,183.7,0.0,0.0,0.0,0.0
24023,166.1,0.0,0.0,0.0,0.0
24024,162.8,0.0,0.0,0.0,0.0
24025,160.7,0.0,0.0,0.0,0.0
24026,175.5,0.0,0.0,0.0,0.0
24027,168.7,0.0,0.0,0.0,0.0
24028,162.4,0.0,0.0,0.0,0.0
24029,144.7,0.0,0.0,0.0,0.0
24030,160.7,0.0,0.0,0.0,0.0
24031,166.0,0.0,0.0,0.0,0.0
24032,149.5,0.0,0.0,0.0,0.0
24033,159.1,0.0,0.0,0.0,0.0
24034,176.9,0.0,0.0,0.0,0.0
24035,138.5,0.0,0.0,0.0,0.0
24036,117.1,0.0,0.0,0.0,0.0
24037,134.8,0.0,0.0,0.0,0.0
24038,129.0,0.0,0.0,0.0,0.0
24039,136.7,0.0,0.0,0.0,0.0
24040,122.7,0.0,0.0,0.0,0.0
24041,129.1,0.0,0.0,0.0,0.0
24042,106.0,0.0,0.0,0.0,0.0
24043,133.8,0.0,0.0,0.0,0.0
24044,138.4,0.0,0.0,0.0,0.0
24045,136.0,0.0,0.0,0.0,0.0
24046,123.5,0.0,0.0,0.0,0.0
24047,126.5,0.0,0.0,0.0,0.0
24048,145.2,0.0,0.0,0.0,0.0
24049,117.9,0.0,0.0,0.0,0.0
24050,137.5,0.0,0.0,0.0,0.0
24051,126.2,0.0,0.0,0.0,0.0
24052,129.4,0.0,0.0,0.0,0.0
24053,130.1,0.0,0.0,0.0,0.0
24054,130.9,0.0,0.0,0.0,0.0
24055,144.1,0.0,0.0,0.0,0.0
24056,121.2,0.0,0.0,0.0,0.0
24057,122.4,0.0,0.0,0.0,0.0
24058,124.5,0.0,0.0,0.0,0.0
24059,125.2,0.0,0.0,0.0,0.0
24060,117.0,0.0,0.0,0.0,0.0
24061,93.0,0.0,0.0,0.0,0.0
24062,118.6,0.0,0.0,0.0,0.0
24063,109.1,0.0,0.0,0.0,0.0
24064,113.7,0.0,0.0,0.0,0.0
24065,107.6,0.0,0.0,0.0,0.0
24066,101.8,0.0,0.0,0.0,0.0
24067,103.9,0.0,0.0,0.0,0.0
24068,105.0,0.0,0.0,0.0,0.0
24069,118.3,0.0,0.0,0.0,0.0
24070,117.8,0.0,0.0,0.0,0.0
24071,102.1,0.0,0.0,0.0,0.0
24072,105.3,0.0,0.0,0.0,0.0
24073,110.7,0.0,0.0,0.0,0.0
24074,104.4,0.0,0.0,0.0,0.0
24075,110.0,0.0,0.0,0.0,0.0
24076,119.9,0.0,0.0,0.0,0.0
24077,105.1,0.0,0.0,0.0,0.0
24078,123.1,0.0,0.0,0.0,0.0
24079,92.5,0.0,0.0,0.0,0.0
24080,74.4,0.0,0.0,0.0,0.0
24081,105.3,0.0,0.0,0.0,0.0
24082,109.6,0.0,0.0,0.0,0.0
24083,123.2,0.0,0.0,0.0,0.0
24084,104.2,0.0,0.0,0.0,0.0
24085,98.1,0.0,0.0,0.0,0.0
24086,96.4,0.0,0.0,0.0,0.0
24087,94.4,0.0,0.0,0.0,0.0
24088,91.9,0.0,0.0,0.0,0.0
24089,99.6,0.0,0.0,0.0,0.0
24090,112.2,0.0,0.0,0.0,0.0
24091,124.9,0.0,0.0,0.0,0.0
24092,120.5,0.0,0.0,0.0,0.0
24093,97.5,0.0,0.0,0.0,0.0
24094,105.9,0.0,0.0,0.0,0.0
24095,102.3,0.0,0.0,0.0,0.0
24096,80.4,0.0,0.0,0.0,0.0
24097,99.8,0.0,0.0,0.0,0.0
24098,103.9,0.0,0.0,0.0,0.0
24099,98.0,0.0,0.0,0.0,0.0
24100,112.2,0.0,0.0,0.0,0.0
24101,70.9,0.0,0.0,0.0,0.0
24102,66.2,0.0,0.0,0.0,0.0
24103,94.9,0.0,0.0,0.0,0.0
24104,87.3,0.0,0.0,0.0,0.0
24105,87.0,0.0,0.0,0.0,0.0
24106,87.5,0.0,0.0,0.0,0.0
24107,84.0,0.0,0.0,0.0,0.0
24108,76.1,0.0,0.0,0.0,0.0
24109,76.0,0.0,0.0,0.0,0.0
24110,79.5,0.0,0.0,0.0,0.0
24111,60.5,0.0,0.0,0.0,0.0
24112,61.5,0.0,0.0,0.0,0.0
24113,64.8,0.0,0.0,0.0,0.0
24114,66.2,0.0,0.0,0.0,0.0
24115,65.5,0.0,0.0,0.0,0.0
24116,66.8,0.0,0.0,0.0,0.0
24117,77.5,0.0,0.0,0.0,0.0
24118,82.3,0.0,0.0,0.0,0.0
24119,53.1,0.0,0.0,0.0,0.0
24120,42.4,0.0,0.0,0.0,0.0
24121,55.7,0.0,0.0,0.0,0.0
24122,52.9,0.0,0.0,0.0,0.0
24123,26.7,0.0,0.0,0.0,0.0
24124,33.6,0.0,0.0,0.0,0.0
24125,34.3,0.0,0.0,0.0,0.0
24126,30.5,0.0,0.0,0.0,0.0
24127,6.3,0.0,0.0,0.0,0.0
24128,14.6,0.0,0.0,0.0,0.0
24129,24.8,0.0,0.0,0.0,0.0
24130,24.9,0.0,0.0,0.0,0.0
24131,27.8,0.0,0.0,0.0,0.0
24132,103.3,0.0,0.0,0.0,0.0
24133,53.8,0.0,0.0,0.0,0.0
24134,33.6,0.0,0.0,0.0,0.0
24135,33.8,0.0,0.0,0.0,0.0
24136,17.2,0.0,0.0,0.0,0.0
24137,14.4,0.0,0.0,0.0,0.0
24138,34.7,0.0,0.0,0.0,0.0
24139,35.3,0.0,0.0,0.0,0.0
24140,65.3,0.0,0.0,0.0,0.0
24141,66.5,0.0,0.0,0.0,0.0
24142,64.6,0.0,0.0,0.0,0.0
24143,62.3,0.0,0.0,0.0,0.0
24144,71.6,0.0,0.0,0.0,0.0
24145,89.3,0.0,0.0,0.0,0.0
24146,101.0,0.0,0.0,0.0,0.0
24147,97.4,0.0,0.0,0.0,0.0
24148,80.1,0.0,0.0,0.0,0.0
24149,69.0,0.0,0.0,0.0,0.0
24150,81.3,0.0,0.0,0.0,0.0
24151,84.0,0.0,0.0,0.0,0.0
24152,80.4,0.0,0.0,0.0,0.0
24153,70.1,0.0,0.0,0.0,0.0
24154,63.0,0.0,0.0,0.0,0.0
24155,57.1,0.0,0.0,0.0,0.0
24156,92.5,0.0,0.0,0.0,0.0
24157,87.7,0.0,0.0,0.0,0.0
24158,95.1,0.0,0.0,0.0,0.0
24159,70.2,0.0,0.0,0.0,0.0
24160,78.8,0.0,0.0,0.0,0.0
24161,76.6,0.0,0.0,0.0,0.0
24162,80.4,0.0,0.0,0.0,0.0
24163,91.2,0.0,0.0,0.0,0.0
24164,79.8,0.0,0.0,0.0,0.0
24165,78.4,0.0,0.0,0.0,0.0
24166,88.3,0.0,0.0,0.0,0.0
24167,70.7,0.0,0.0,0.0,0.0
24168,69.9,0.0,0.0,0.0,0.0
24169,47.0,0.0,0.0,0.0,0.0
24170,66.2,0.0,0.0,0.0,0.0
24171,62.1,0.0,0.0,0.0,0.0
24172,36.6,0.0,0.0,0.0,0.0
24173,71.4,0.0,0.0,0.0,0.0
24174,30.9,0.0,0.0,0.0,0.0
24175,37.2,0.0,0.0,0.0,0.0
24176,26.8,0.0,0.0,0.0,0.0
24177,19.1,0.0,0.0,0.0,0.0
24178,14.6,0.0,0.0,0.0,0.0
24179,18.9,0.0,0.0,0.0,0.0
24180,15.9,0.0,0.0,0.0,0.0
24181,39.0,0.0,0.0,0.0,0.0
24182,56.5,0.0,0.0,0.0,0.0
24183,91.0,0.0,0.0,0.0,0.0
24184,499.2,0.0,0.0,0.0,0.0
24185,491.4,0.0,0.0,0.0,0.0
24186,481.5,0.0,0.0,0.0,0.0
24187,487.1,0.0,0.0,0.0,0.0
24188,485.6,0.0,0.0,0.0,0.0
24189,420.1,0.0,0.0,0.0,0.0
24190,393.7,0.0,0.0,0.0,0.0
24191,332.8,0.0,0.0,0.0,0.0
24192,282.1,0.0,0.0,0.0,0.0
24193,194.6,0.0,0.0,0.0,0.0
24194,123.5,0.0,0.0,0.0,0.0
24195,125.8,0.0,0.0,0.0,0.0
24196,217.5,0.0,0.0,0.0,0.0
24197,163.3,0.0,0.0,0.0,0.0
24198,133.1,0.0,0.0,0.0,0.0
24199,101.6,0.0,0.0,0.0,0.0
24200,157.9,0.0,0.0,0.0,0.0
24201,138.8,0.0,0.0,0.0,0.0
24202,135.7,0.0,0.0,0.0,0.0
24203,146.6,0.0,0.0,0.0,0.0
24204,148.4,0.0,0.0,0.0,0.0
24205,134.8,0.0,0.0,0.0,0.0
24206,105.8,0.0,0.0,0.0,0.0
24207,139.1,0.0,0.0,0.0,0.0
24208,99.6,0.0,0.0,0.0,0.0
24209,129.6,0.0,0.0,0.0,0.0
24210,123.0,0.0,0.0,0.0,0.0
24211,136.2,0.0,0.0,0.0,0.0
24212,130.5,0.0,0.0,0.0,0.0
24213,129.0,0.0,0.0,0.0,0.0
24214,138.0,0.0,0.0,0.0,0.0
24215,141.6,0.0,0.0,0.0,0.0
24216,129.8,0.0,0.0,0.0,0.0
24217,139.9,0.0,0.0,0.0,0.0
24218,117.2,0.0,0.0,0.0,0.0
24219,131.7,0.0,0.0,0.0,0.0
24220,144.3,0.0,0.0,0.0,0.0
24221,138.6,0.0,0.0,0.0,0.0
24222,139.7,0.0,0.0,0.0,0.0
24223,136.6,0.0,0.0,0.0,0.0
24224,130.9,0.0,0.0,0.0,0.0
24225,132.1,0.0,0.0,0.0,0.0
24226,127.3,0.0,0.0,0.0,0.0
24227,138.0,0.0,0.0,0.0,0.0
24228,151.7,0.0,0.0,0.0,0.0
24229,147.4,0.0,0.0,0.0,0.0
24230,156.9,0.0,0.0,0.0,0.0
24231,156.3,0.0,0.0,0.0,0.0
24232,161.2,0.0,0.0,0.0,0.0
24233,172.4,0.0,0.0,0.0,0.0
24234,169.1,0.0,0.0,0.0,0.0
24235,157.9,0.0,0.0,0.0,0.0
24236,162.6,0.0,0.0,0.0,0.0
24237,180.3,0.0,0.0,0.0,0.0
24238,170.2,0.0,0.0,0.0,0.0
24239,170.0,0.0,0.0,0.0,0.0
24240,168.1,0.0,0.0,0.0,0.0
24241,169.0,0.0,0.0,0.0,0.0
24242,165.4,0.0,0.0,0.0,0.0
24243,167.5,0.0,0.0,0.0,0.0
24244,180.6,0.0,0.0,0.0,0.0
24245,176.7,0.0,0.0,0.0,0.0
24246,187.1,0.0,0.0,0.0,0.0
24247,175.1,0.0,0.0,0.0,0.0
24248,170.7,0.0,0.0,0.0,0.0
24249,163.3,0.0,0.0,0.0,0.0
24250,175.3,0.0,0.0,0.0,0.0
24251,186.6,0.0,0.0,0.0,0.0
24252,168.3,0.0,0.0,0.0,0.0
24253,139.1,0.0,0.0,0.0,0.0
24254,181.6,0.0,0.0,0.0,0.0
24255,161.0,0.0,0.0,0.0,0.0
24256,183.6,0.0,0.0,0.0,0.0
24257,160.4,0.0,0.0,0.0,0.0
24258,186.7,0.0,0.0,0.0,0.0
24259,198.3,0.0,0.0,0.0,0.0
24260,208.8,0.0,0.0,0.0,0.0
24261,209.6,0.0,0.0,0.0,0.0
24262,197.9,0.0,0.0,0.0,0.0
24263,215.7,0.0,0.0,0.0,0.0
24264,209.9,0.0,0.0,0.0,0.0
24265,215.0,0.0,0.0,0.0,0.0
24266,218.9,0.0,0.0,0.0,0.0
24267,214.8,0.0,0.0,0.0,0.0
24268,229.4,0.0,0.0,0.0,0.0
24269,219.4,0.0,0.0,0.0,0.0
24270,211.9,0.0,0.0,0.0,0.0
24271,205.6,0.0,0.0,0.0,0.0
24272,217.4,0.0,0.0,0.0,0.0
24273,210.1,0.0,0.0,0.0,0.0
24274,219.8,0.0,0.0,0.0,0.0
24275,215.7,0.0,0.0,0.0,0.0
24276,237.4,0.0,0.0,0.0,0.0
24277,239.4,0.0,0.0,0.0,0.0
24278,239.9,0.0,0.0,0.0,0.0
24279,244.2,0.0,0.0,0.0,0.0
24280,216.7,0.0,0.0,0.0,0.0
24281,224.4,0.0,0.0,0.0,0.0
24282,238.7,0.0,0.0,0.0,0.0
24283,236.5,0.0,0.0,0.0,0.0
24284,221.1,0.0,0.0,0.0,0.0
24285,217.8,0.0,0.0,0.0,0.0
24286,224.1,0.0,0.0,0.0,0.0
24287,210.3,0.0,0.0,0.0,0.0
24288,219.1,0.0,0.0,0.0,0.0
24289,246.2,0.0,0.0,0.0,0.0
24290,239.8,0.0,0.0,0.0,0.0
24291,222.2,0.0,0.0,0.0,0.0
24292,235.8,0.0,0.0,0.0,0.0
24293,232.5,0.0,0.0,0.0,0.0
24294,221.4,0.0,0.0,0.0,0.0
24295,241.0,0.0,0.0,0.0,0.0
24296,250.5,0.0,0.0,0.0,0.0
24297,240.1,0.0,0.0,0.0,0.0
24298,257.8,0.0,0.0,0.0,0.0
24299,268.5,0.0,0.0,0.0,0.0
24300,249.3,0.0,0.0,0.0,0.0
24301,253.3,0.0,0.0,0.0,0.0
24302,232.6,0.0,0.0,0.0,0.0
24303,252.9,0.0,0.0,0.0,0.0
24304,237.6,0.0,0.0,0.0,0.0
24305,238.2,0.0,0.0,0.0,0.0
24306,245.8,0.0,0.0,0.0,0.0
24307,245.6,0.0,0.0,0.0,0.0
24308,248.2,0.0,0.0,0.0,0.0
24309,261.1,0.0,0.0,0.0,0.0
24310,264.4,0.0,0.0,0.0,0.0
24311,264.0,0.0,0.0,0.0,0.0
24312,252.8,0.0,0.0,0.0,0.0
24313,256.2,0.0,0.0,0.0,0.0
24314,263.5,0.0,0.0,0.0,0.0
24315,264.4,0.0,0.0,0.0,0.0
24316,263.3,0.0,0.0,0.0,0.0
24317,264.7,0.0,0.0,0.0,0.0
24318,255.2,0.0,0.0,0.0,0.0
24319,252.1,0.0,0.0,0.0,0.0
24320,258.3,0.0,0.0,0.0,0.0
24321,257.4,0.0,0.0,0.0,0.0
24322,259.9,0.0,0.0,0.0,0.0
24323,256.3,0.0,0.0,0.0,0.0
24324,265.2,0.0,0.0,0.0,0.0
24325,260.1,0.0,0.0,0.0,0.0
24326,254.6,0.0,0.0,0.0,0.0
24327,262.0,0.0,0.0,0.0,0.0
24328,263.1,0.0,0.0,0.0,0.0
24329,262.6,0.0,0.0,0.0,0.0
24330,253.0,0.0,0.0,0.0,0.0
24331,261.8,0.0,0.0,0.0,0.0
24332,272.4,0.0,0.0,0.0,0.0
24333,255.0,0.0,0.0,0.0,0.0
24334,243.2,0.0,0.0,0.0,0.0
24335,262.6,0.0,0.0,0.0,0.0
24336,260.5,0.0,0.0,0.0,0.0
24337,256.5,0.0,0.0,0.0,0.0
24338,258.8,0.0,0.0,0.0,0.0
24339,245.6,0.0,0.0,0.0,0.0
24340,259.5,0.0,0.0,0.0,0.0
24341,249.6,0.0,0.0,0.0,0.0
24342,240.2,0.0,0.0,0.0,0.0
24343,251.3,0.0,0.0,0.0,0.0
24344,255.9,0.0,0.0,0.0,0.0
24345,269.3,0.0,0.0,0.0,0.0
24346,267.6,0.0,0.0,0.0,0.0
24347,271.6,0.0,0.0,0.0,0.0
24348,276.0,0.0,0.0,0.0,0.0
24349,272.7,0.0,0.0,0.0,0.0
24350,270.0,0.0,0.0,0.0,0.0
24351,261.8,0.0,0.0,0.0,0.0
24352,255.2,0.0,0.0,0.0,0.0
24353,248.5,0.0,0.0,0.0,0.0
24354,253.3,0.0,0.0,0.0,0.0
24355,276.7,0.0,0.0,0.0,0.0
24356,243.8,0.0,0.0,0.0,0.0
24357,259.1,0.0,0.0,0.0,0.0
24358,238.5,0.0,0.0,0.0,0.0
24359,216.7,0.0,0.0,0.0,0.0
24360,239.3,0.0,0.0,0.0,0.0
24361,228.6,0.0,0.0,0.0,0.0
24362,218.7,0.0,0.0,0.0,0.0
24363,226.4,0.0,0.0,0.0,0.0
24364,229.4,0.0,0.0,0.0,0.0
24365,220.0,0.0,0.0,0.0,0.0
24366,231.4,0.0,0.0,0.0,0.0
24367,240.2,0.0,0.0,0.0,0.0
24368,224.4,0.0,0.0,0.0,0.0
24369,232.3,0.0,0.0,0.0,0.0
24370,206.7,0.0,0.0,0.0,0.0
24371,217.5,0.0,0.0,0.0,0.0
24372,204.6,0.0,0.0,0.0,0.0
24373,208.6,0.0,0.0,0.0,0.0
24374,203.6,0.0,0.0,0.0,0.0
24375,211.6,0.0,0.0,0.0,0.0
24376,189.0,0.0,0.0,0.0,0.0
24377,192.4,0.0,0.0,0.0,0.0
24378,182.9,0.0,0.0,0.0,0.0
24379,193.0,0.0,0.0,0.0,0.0
24380,192.0,0.0,0.0,0.0,0.0
24381,181.3,0.0,0.0,0.0,0.0
24382,186.3,0.0,0.0,0.0,0.0
24383,199.8,0.0,0.0,0.0,0.0
24384,186.4,0.0,0.0,0.0,0.0
24385,188.6,0.0,0.0,0.0,0.0
24386,169.3,0.0,0.0,0.0,0.0
24387,143.5,0.0,0.0,0.0,0.0
24388,174.9,0.0,0.0,0.0,0.0
24389,175.1,0.0,0.0,0.0,0.0
24390,169.2,0.0,0.0,0.0,0.0
24391,182.4,0.0,0.0,0.0,0.0
24392,180.9,0.0,0.0,0.0,0.0
24393,167.8,0.0,0.0,0.0,0.0
24394,178.3,0.0,0.0,0.0,0.0
24395,160.2,0.0,0.0,0.0,0.0
24396,177.8,0.0,0.0,0.0,0.0
24397,173.9,0.0,0.0,0.0,0.0
24398,150.3,0.0,0.0,0.0,0.0
24399,139.5,0.0,0.0,0.0,0.0
24400,153.4,0.0,0.0,0.0,0.0
24401,167.2,0.0,0.0,0.0,0.0
24402,165.6,0.0,0.0,0.0,0.0
24403,160.4,0.0,0.0,0.0,0.0
24404,155.2,0.0,0.0,0.0,0.0
24405,139.7,0.0,0.0,0.0,0.0
24406,139.7,0.0,0.0,0.0,0.0
24407,138.9,0.0,0.0,0.0,0.0
24408,118.1,0.0,0.0,0.0,0.0
24409,112.6,0.0,0.0,0.0,0.0
24410,158.3,0.0,0.0,0.0,0.0
24411,127.5,0.0,0.0,0.0,0.0
24412,142.8,0.0,0.0,0.0,0.0
24413,139.3,0.0,0.0,0.0,0.0
24414,123.8,0.0,0.0,0.0,0.0
24415,120.3,0.0,0.0,0.0,0.0
24416,116.1,0.0,0.0,0.0,0.0
24417,135.4,0.0,0.0,0.0,0.0
24418,128.7,0.0,0.0,0.0,0.0
24419,127.5,0.0,0.0,0.0,0.0
24420,115.0,0.0,0.0,0.0,0.0
24421,107.2,0.0,0.0,0.0,0.0
24422,117.0,0.0,0.0,0.0,0.0
24423,124.4,0.0,0.0,0.0,0.0
24424,138.6,0.0,0.0,0.0,0.0
24425,133.7,0.0,0.0,0.0,0.0
24426,143.4,0.0,0.0,0.0,0.0
24427,145.0,0.0,0.0,0.0,0.0
24428,133.8,0.0,0.0,0.0,0.0
24429,117.2,0.0,0.0,0.0,0.0
24430,123.5,0.0,0.0,0.0,0.0
24431,127.2,0.0,0.0,0.0,0.0
24432,126.6,0.0,0.0,0.0,0.0
24433,135.6,0.0,0.0,0.0,0.0
24434,134.7,0.0,0.0,0.0,0.0
24435,121.0,0.0,0.0,0.0,0.0
24436,129.6,0.0,0.0,0.0,0.0
24437,126.2,0.0,0.0,0.0,0.0
24438,128.6,0.0,0.0,0.0,0.0
24439,123.3,0.0,0.0,0.0,0.0
24440,128.5,0.0,0.0,0.0,0.0
24441,138.6,0.0,0.0,0.0,0.0
24442,120.0,0.0,0.0,0.0,0.0
24443,121.6,0.0,0.0,0.0,0.0
24444,134.4,0.0,0.0,0.0,0.0
24445,132.7,0.0,0.0,0.0,0.0
24446,120.0,0.0,0.0,0.0,0.0
24447,118.1,0.0,0.0,0.0,0.0
24448,119.0,0.0,0.0,0.0,0.0
24449,144.2,0.0,0.0,0.0,0.0
24450,147.3,0.0,0.0,0.0,0.0
24451,136.9,0.0,0.0,0.0,0.0
24452,120.1,0.0,0.0,0.0,0.0
24453,101.0,0.0,0.0,0.0,0.0
24454,115.5,0.0,0.0,0.0,0.0
24455,115.4,0.0,0.0,0.0,0.0
24456,50.2,0.0,0.0,0.0,0.0
24457,72.5,0.0,0.0,0.0,0.0
24458,82.6,0.0,0.0,0.0,0.0
24459,84.6,0.0,0.0,0.0,0.0
24460,78.5,0.0,0.0,0.0,0.0
24461,100.2,0.0,0.0,0.0,0.0
24462,219.4,0.0,0.0,0.0,0.0
24463,225.8,0.0,0.0,0.0,0.0
24464,267.1,0.0,0.0,0.0,0.0
24465,282.6,0.0,0.0,0.0,0.0
24466,263.4,0.0,0.0,0.0,0.0
24467,267.9,0.0,0.0,0.0,0.0
24468,235.7,0.0,0.0,0.0,0.0
24469,249.1,0.0,0.0,0.0,0.0
24470,263.5,0.0,0.0,0.0,0.0
24471,241.9,0.0,0.0,0.0,0.0
24472,214.6,0.0,0.0,0.0,0.0
